line_no,frame_index,trace_layer,event,request_id,source_node,target_node,tb_size,subchannel_start,subchannel_num,slot,harq_id,sinr,tbler,reason,raw_event,timestamp,area_id,upload_type,plan_index,pkt_id,matched
456,2,PHY,PSSCH_DECODE_OK,8,13,4,400,,,,0,-nan,0,,[NRSL_PHY_EVENT] event=PSSCH_DECODE_OK request_ids=8 txRnti=13 sender_l2_id=13 receiver_l2_id=4 harq_id=0 tb_size=400 tbler=0 sinr=-nan sinrMin=1e+11 reason=,000064,13_2,member_to_leader,100,100,1
458,2,PHY,PSSCH_DECODE_OK,1,14,17,400,,,,0,-nan,0,,[NRSL_PHY_EVENT] event=PSSCH_DECODE_OK request_ids=1 txRnti=14 sender_l2_id=14 receiver_l2_id=17 harq_id=0 tb_size=400 tbler=0 sinr=-nan sinrMin=1e+11 reason=,000064,12_9,member_to_leader,93,93,1
641,2,PHY,PSSCH_DECODE_OK,18,21,1,400,,,,1,-nan,0,,[NRSL_PHY_EVENT] event=PSSCH_DECODE_OK request_ids=18 txRnti=21 sender_l2_id=21 receiver_l2_id=1 harq_id=1 tb_size=400 tbler=0 sinr=-nan sinrMin=1e+11 reason=,000064,11_8,leader_to_rsu,110,110,1
643,2,PHY,PSSCH_DECODE_OK,24,14,1,400,,,,1,-nan,0,,[NRSL_PHY_EVENT] event=PSSCH_DECODE_OK request_ids=24 txRnti=14 sender_l2_id=14 receiver_l2_id=1 harq_id=1 tb_size=400 tbler=0 sinr=-nan sinrMin=1e+11 reason=,000064,14_1,leader_to_rsu,116,116,1
646,2,PHY,PSSCH_DECODE_OK,23,13,1,400,,,,1,-nan,0,,[NRSL_PHY_EVENT] event=PSSCH_DECODE_OK request_ids=23 txRnti=13 sender_l2_id=13 receiver_l2_id=1 harq_id=1 tb_size=400 tbler=0 sinr=-nan sinrMin=1e+11 reason=,000064,13_0,leader_to_rsu,115,115,1
648,2,PHY,PSSCH_DECODE_OK,20,9,1,400,,,,1,-nan,0,,[NRSL_PHY_EVENT] event=PSSCH_DECODE_OK request_ids=20 txRnti=9 sender_l2_id=9 receiver_l2_id=1 harq_id=1 tb_size=400 tbler=0 sinr=-nan sinrMin=1e+11 reason=,000064,12_3,leader_to_rsu,112,112,1
650,2,PHY,PSSCH_DECODE_OK,17,3,1,400,,,,1,-nan,0,,[NRSL_PHY_EVENT] event=PSSCH_DECODE_OK request_ids=17 txRnti=3 sender_l2_id=3 receiver_l2_id=1 harq_id=1 tb_size=400 tbler=0 sinr=-nan sinrMin=1e+11 reason=,000064,11_7,leader_to_rsu,109,109,1
810,2,PHY,PSSCH_DECODE_OK,25,2,1,400,,,,2,-nan,0,,[NRSL_PHY_EVENT] event=PSSCH_DECODE_OK request_ids=25 txRnti=2 sender_l2_id=2 receiver_l2_id=1 harq_id=2 tb_size=400 tbler=0 sinr=-nan sinrMin=1e+11 reason=,000064,14_10,leader_to_rsu,117,117,1
972,2,PHY,PSSCH_DECODE_OK,23,13,1,400,,,,3,-nan,0,,[NRSL_PHY_EVENT] event=PSSCH_DECODE_OK request_ids=23 txRnti=13 sender_l2_id=13 receiver_l2_id=1 harq_id=3 tb_size=400 tbler=0 sinr=-nan sinrMin=1e+11 reason=,000064,13_0,leader_to_rsu,115,115,1
974,2,PHY,PSSCH_DECODE_OK,17,3,1,400,,,,3,-nan,0,,[NRSL_PHY_EVENT] event=PSSCH_DECODE_OK request_ids=17 txRnti=3 sender_l2_id=3 receiver_l2_id=1 harq_id=3 tb_size=400 tbler=0 sinr=-nan sinrMin=1e+11 reason=,000064,11_7,leader_to_rsu,109,109,1
976,2,PHY,PSSCH_DECODE_OK,25,2,1,400,,,,3,-nan,0,,[NRSL_PHY_EVENT] event=PSSCH_DECODE_OK request_ids=25 txRnti=2 sender_l2_id=2 receiver_l2_id=1 harq_id=3 tb_size=400 tbler=0 sinr=-nan sinrMin=1e+11 reason=,000064,14_10,leader_to_rsu,117,117,1
1137,2,PHY,PSSCH_DECODE_OK,18,21,1,400,,,,4,-nan,0,,[NRSL_PHY_EVENT] event=PSSCH_DECODE_OK request_ids=18 txRnti=21 sender_l2_id=21 receiver_l2_id=1 harq_id=4 tb_size=400 tbler=0 sinr=-nan sinrMin=1e+11 reason=,000064,11_8,leader_to_rsu,110,110,1
1139,2,PHY,PSSCH_DECODE_OK,26,19,1,400,,,,4,-nan,0,,[NRSL_PHY_EVENT] event=PSSCH_DECODE_OK request_ids=26 txRnti=19 sender_l2_id=19 receiver_l2_id=1 harq_id=4 tb_size=400 tbler=0 sinr=-nan sinrMin=1e+11 reason=,000064,11_5,leader_to_rsu,118,118,1
1141,2,PHY,PSSCH_DECODE_OK,20,9,1,400,,,,4,-nan,0,,[NRSL_PHY_EVENT] event=PSSCH_DECODE_OK request_ids=20 txRnti=9 sender_l2_id=9 receiver_l2_id=1 harq_id=4 tb_size=400 tbler=0 sinr=-nan sinrMin=1e+11 reason=,000064,12_3,leader_to_rsu,112,112,1
1299,2,PHY,PSSCH_DECODE_OK,23,13,1,400,,,,5,-nan,0,,[NRSL_PHY_EVENT] event=PSSCH_DECODE_OK request_ids=23 txRnti=13 sender_l2_id=13 receiver_l2_id=1 harq_id=5 tb_size=400 tbler=0 sinr=-nan sinrMin=1e+11 reason=,000064,13_0,leader_to_rsu,115,115,1
1301,2,PHY,PSSCH_DECODE_OK,20,9,1,400,,,,5,-nan,0,,[NRSL_PHY_EVENT] event=PSSCH_DECODE_OK request_ids=20 txRnti=9 sender_l2_id=9 receiver_l2_id=1 harq_id=5 tb_size=400 tbler=0 sinr=-nan sinrMin=1e+11 reason=,000064,12_3,leader_to_rsu,112,112,1
1303,2,PHY,PSSCH_DECODE_OK,17,3,1,400,,,,5,-nan,0,,[NRSL_PHY_EVENT] event=PSSCH_DECODE_OK request_ids=17 txRnti=3 sender_l2_id=3 receiver_l2_id=1 harq_id=5 tb_size=400 tbler=0 sinr=-nan sinrMin=1e+11 reason=,000064,11_7,leader_to_rsu,109,109,1
1305,2,PHY,PSSCH_DECODE_OK,25,2,1,400,,,,5,-nan,0,,[NRSL_PHY_EVENT] event=PSSCH_DECODE_OK request_ids=25 txRnti=2 sender_l2_id=2 receiver_l2_id=1 harq_id=5 tb_size=400 tbler=0 sinr=-nan sinrMin=1e+11 reason=,000064,14_10,leader_to_rsu,117,117,1
1457,2,PHY,PSSCH_DECODE_OK,22,17,1,83,,,,5,-nan,0.0001,,[NRSL_PHY_EVENT] event=PSSCH_DECODE_OK request_ids=22 txRnti=17 sender_l2_id=17 receiver_l2_id=1 harq_id=5 tb_size=83 tbler=0.0001 sinr=-nan sinrMin=1e+11 reason=,000064,12_9,leader_to_rsu,114,114,1
1459,2,PHY,PSSCH_DECODE_OK,21,4,1,83,,,,5,-nan,0.0001,,[NRSL_PHY_EVENT] event=PSSCH_DECODE_OK request_ids=21 txRnti=4 sender_l2_id=4 receiver_l2_id=1 harq_id=5 tb_size=83 tbler=0.0001 sinr=-nan sinrMin=1e+11 reason=,000064,12_7,leader_to_rsu,113,113,1
1461,2,PHY,PSSCH_DECODE_OK,18,21,1,400,,,,6,-nan,0,,[NRSL_PHY_EVENT] event=PSSCH_DECODE_OK request_ids=18 txRnti=21 sender_l2_id=21 receiver_l2_id=1 harq_id=6 tb_size=400 tbler=0 sinr=-nan sinrMin=1e+11 reason=,000064,11_8,leader_to_rsu,110,110,1
1463,2,PHY,PSSCH_DECODE_OK,26,19,1,400,,,,6,-nan,0,,[NRSL_PHY_EVENT] event=PSSCH_DECODE_OK request_ids=26 txRnti=19 sender_l2_id=19 receiver_l2_id=1 harq_id=6 tb_size=400 tbler=0 sinr=-nan sinrMin=1e+11 reason=,000064,11_5,leader_to_rsu,118,118,1
1465,2,PHY,PSSCH_DECODE_OK,20,9,1,400,,,,6,-nan,0,,[NRSL_PHY_EVENT] event=PSSCH_DECODE_OK request_ids=20 txRnti=9 sender_l2_id=9 receiver_l2_id=1 harq_id=6 tb_size=400 tbler=0 sinr=-nan sinrMin=1e+11 reason=,000064,12_3,leader_to_rsu,112,112,1
1467,2,PHY,PSSCH_DECODE_OK,2,5,16,400,,,,6,-nan,0,,[NRSL_PHY_EVENT] event=PSSCH_DECODE_OK request_ids=2 txRnti=5 sender_l2_id=5 receiver_l2_id=16 harq_id=6 tb_size=400 tbler=0 sinr=-nan sinrMin=1e+11 reason=,000064,11_8,member_to_leader,94,94,1
1606,2,PHY,PSSCH_DECODE_OK,23,13,1,400,,,,7,-nan,0,,[NRSL_PHY_EVENT] event=PSSCH_DECODE_OK request_ids=23 txRnti=13 sender_l2_id=13 receiver_l2_id=1 harq_id=7 tb_size=400 tbler=0 sinr=-nan sinrMin=1e+11 reason=,000064,13_0,leader_to_rsu,115,115,1
1608,2,PHY,PSSCH_DECODE_OK,20,9,1,400,,,,7,-nan,0,,[NRSL_PHY_EVENT] event=PSSCH_DECODE_OK request_ids=20 txRnti=9 sender_l2_id=9 receiver_l2_id=1 harq_id=7 tb_size=400 tbler=0 sinr=-nan sinrMin=1e+11 reason=,000064,12_3,leader_to_rsu,112,112,1
1610,2,PHY,PSSCH_DECODE_OK,17,3,1,400,,,,7,-nan,0,,[NRSL_PHY_EVENT] event=PSSCH_DECODE_OK request_ids=17 txRnti=3 sender_l2_id=3 receiver_l2_id=1 harq_id=7 tb_size=400 tbler=0 sinr=-nan sinrMin=1e+11 reason=,000064,11_7,leader_to_rsu,109,109,1
1612,2,PHY,PSSCH_DECODE_OK,25,2,1,400,,,,7,-nan,0,,[NRSL_PHY_EVENT] event=PSSCH_DECODE_OK request_ids=25 txRnti=2 sender_l2_id=2 receiver_l2_id=1 harq_id=7 tb_size=400 tbler=0 sinr=-nan sinrMin=1e+11 reason=,000064,14_10,leader_to_rsu,117,117,1
1614,2,PHY,PSSCH_DECODE_OK,2,5,16,400,,,,7,-nan,0,,[NRSL_PHY_EVENT] event=PSSCH_DECODE_OK request_ids=2 txRnti=5 sender_l2_id=5 receiver_l2_id=16 harq_id=7 tb_size=400 tbler=0 sinr=-nan sinrMin=1e+11 reason=,000064,11_8,member_to_leader,94,94,1
1753,2,PHY,PSSCH_DECODE_OK,26,19,1,400,,,,8,-nan,0,,[NRSL_PHY_EVENT] event=PSSCH_DECODE_OK request_ids=26 txRnti=19 sender_l2_id=19 receiver_l2_id=1 harq_id=8 tb_size=400 tbler=0 sinr=-nan sinrMin=1e+11 reason=,000064,11_5,leader_to_rsu,118,118,1
1755,2,PHY,PSSCH_DECODE_OK,20,9,1,83,,,,8,-nan,0.0001,,[NRSL_PHY_EVENT] event=PSSCH_DECODE_OK request_ids=20 txRnti=9 sender_l2_id=9 receiver_l2_id=1 harq_id=8 tb_size=83 tbler=0.0001 sinr=-nan sinrMin=1e+11 reason=,000064,12_3,leader_to_rsu,112,112,1
1758,2,PHY,PSSCH_DECODE_OK,8,13,4,387,,,,8,-nan,0,,[NRSL_PHY_EVENT] event=PSSCH_DECODE_OK request_ids=8 txRnti=13 sender_l2_id=13 receiver_l2_id=4 harq_id=8 tb_size=387 tbler=0 sinr=-nan sinrMin=1e+11 reason=,000064,13_2,member_to_leader,100,100,1
1760,2,PHY,PSSCH_DECODE_OK,2,5,16,400,,,,8,-nan,0,,[NRSL_PHY_EVENT] event=PSSCH_DECODE_OK request_ids=2 txRnti=5 sender_l2_id=5 receiver_l2_id=16 harq_id=8 tb_size=400 tbler=0 sinr=-nan sinrMin=1e+11 reason=,000064,11_8,member_to_leader,94,94,1
1762,2,PHY,PSSCH_DECODE_OK,9,2,20,3,,,,8,-nan,0,,[NRSL_PHY_EVENT] event=PSSCH_DECODE_OK request_ids=9 txRnti=2 sender_l2_id=2 receiver_l2_id=20 harq_id=8 tb_size=3 tbler=0 sinr=-nan sinrMin=1e+11 reason=,000064,15_3,member_to_leader,101,101,1
1885,2,PHY,PSSCH_DECODE_OK,23,13,1,400,,,,9,-nan,0,,[NRSL_PHY_EVENT] event=PSSCH_DECODE_OK request_ids=23 txRnti=13 sender_l2_id=13 receiver_l2_id=1 harq_id=9 tb_size=400 tbler=0 sinr=-nan sinrMin=1e+11 reason=,000064,13_0,leader_to_rsu,115,115,1
1887,2,PHY,PSSCH_DECODE_OK,17,3,1,400,,,,9,-nan,0,,[NRSL_PHY_EVENT] event=PSSCH_DECODE_OK request_ids=17 txRnti=3 sender_l2_id=3 receiver_l2_id=1 harq_id=9 tb_size=400 tbler=0 sinr=-nan sinrMin=1e+11 reason=,000064,11_7,leader_to_rsu,109,109,1
1889,2,PHY,PSSCH_DECODE_OK,25,2,1,400,,,,9,-nan,0,,[NRSL_PHY_EVENT] event=PSSCH_DECODE_OK request_ids=25 txRnti=2 sender_l2_id=2 receiver_l2_id=1 harq_id=9 tb_size=400 tbler=0 sinr=-nan sinrMin=1e+11 reason=,000064,14_10,leader_to_rsu,117,117,1
1891,2,PHY,PSSCH_DECODE_OK,3,21,12,400,,,,9,-nan,0,,[NRSL_PHY_EVENT] event=PSSCH_DECODE_OK request_ids=3 txRnti=21 sender_l2_id=21 receiver_l2_id=12 harq_id=9 tb_size=400 tbler=0 sinr=-nan sinrMin=1e+11 reason=,000064,15_2,member_to_leader,95,95,1
1893,2,PHY,PSSCH_DECODE_OK,2,5,16,400,,,,9,-nan,0,,[NRSL_PHY_EVENT] event=PSSCH_DECODE_OK request_ids=2 txRnti=5 sender_l2_id=5 receiver_l2_id=16 harq_id=9 tb_size=400 tbler=0 sinr=-nan sinrMin=1e+11 reason=,000064,11_8,member_to_leader,94,94,1
2011,2,PHY,PSSCH_DECODE_OK,26,19,1,400,,,,10,-nan,0,,[NRSL_PHY_EVENT] event=PSSCH_DECODE_OK request_ids=26 txRnti=19 sender_l2_id=19 receiver_l2_id=1 harq_id=10 tb_size=400 tbler=0 sinr=-nan sinrMin=1e+11 reason=,000064,11_5,leader_to_rsu,118,118,1
2013,2,PHY,PSSCH_DECODE_OK,24,14,1,400,,,,10,-nan,0,,[NRSL_PHY_EVENT] event=PSSCH_DECODE_OK request_ids=24 txRnti=14 sender_l2_id=14 receiver_l2_id=1 harq_id=10 tb_size=400 tbler=0 sinr=-nan sinrMin=1e+11 reason=,000064,14_1,leader_to_rsu,116,116,1
2015,2,PHY,PSSCH_DECODE_OK,25,2,1,83,,,,10,-nan,0.0001,,[NRSL_PHY_EVENT] event=PSSCH_DECODE_OK request_ids=25 txRnti=2 sender_l2_id=2 receiver_l2_id=1 harq_id=10 tb_size=83 tbler=0.0001 sinr=-nan sinrMin=1e+11 reason=,000064,14_10,leader_to_rsu,117,117,1
2017,2,PHY,PSSCH_DECODE_OK,2,5,16,400,,,,10,-nan,0,,[NRSL_PHY_EVENT] event=PSSCH_DECODE_OK request_ids=2 txRnti=5 sender_l2_id=5 receiver_l2_id=16 harq_id=10 tb_size=400 tbler=0 sinr=-nan sinrMin=1e+11 reason=,000064,11_8,member_to_leader,94,94,1
2109,2,PHY,PSSCH_DECODE_OK,17,3,1,83,,,,11,-nan,0.0001,,[NRSL_PHY_EVENT] event=PSSCH_DECODE_OK request_ids=17 txRnti=3 sender_l2_id=3 receiver_l2_id=1 harq_id=11 tb_size=83 tbler=0.0001 sinr=-nan sinrMin=1e+11 reason=,000064,11_7,leader_to_rsu,109,109,1
2111,2,PHY,PSSCH_DECODE_OK,3,21,12,400,,,,11,-nan,0,,[NRSL_PHY_EVENT] event=PSSCH_DECODE_OK request_ids=3 txRnti=21 sender_l2_id=21 receiver_l2_id=12 harq_id=11 tb_size=400 tbler=0 sinr=-nan sinrMin=1e+11 reason=,000064,15_2,member_to_leader,95,95,1
2113,2,PHY,PSSCH_DECODE_OK,2,5,16,400,,,,11,-nan,0,,[NRSL_PHY_EVENT] event=PSSCH_DECODE_OK request_ids=2 txRnti=5 sender_l2_id=5 receiver_l2_id=16 harq_id=11 tb_size=400 tbler=0 sinr=-nan sinrMin=1e+11 reason=,000064,11_8,member_to_leader,94,94,1
2198,2,PHY,PSSCH_DECODE_OK,26,19,1,83,,,,12,-nan,0.0001,,[NRSL_PHY_EVENT] event=PSSCH_DECODE_OK request_ids=26 txRnti=19 sender_l2_id=19 receiver_l2_id=1 harq_id=12 tb_size=83 tbler=0.0001 sinr=-nan sinrMin=1e+11 reason=,000064,11_5,leader_to_rsu,118,118,1
2200,2,PHY,PSSCH_DECODE_OK,24,14,1,83,,,,12,-nan,0.0001,,[NRSL_PHY_EVENT] event=PSSCH_DECODE_OK request_ids=24 txRnti=14 sender_l2_id=14 receiver_l2_id=1 harq_id=12 tb_size=83 tbler=0.0001 sinr=-nan sinrMin=1e+11 reason=,000064,14_1,leader_to_rsu,116,116,1
2202,2,PHY,PSSCH_DECODE_OK,2,5,16,400,,,,12,-nan,0,,[NRSL_PHY_EVENT] event=PSSCH_DECODE_OK request_ids=2 txRnti=5 sender_l2_id=5 receiver_l2_id=16 harq_id=12 tb_size=400 tbler=0 sinr=-nan sinrMin=1e+11 reason=,000064,11_8,member_to_leader,94,94,1
2273,2,PHY,PSSCH_DECODE_OK,3,21,12,400,,,,13,-nan,0,,[NRSL_PHY_EVENT] event=PSSCH_DECODE_OK request_ids=3 txRnti=21 sender_l2_id=21 receiver_l2_id=12 harq_id=13 tb_size=400 tbler=0 sinr=-nan sinrMin=1e+11 reason=,000064,15_2,member_to_leader,95,95,1
2275,2,PHY,PSSCH_DECODE_OK,2,5,16,400,,,,13,-nan,0,,[NRSL_PHY_EVENT] event=PSSCH_DECODE_OK request_ids=2 txRnti=5 sender_l2_id=5 receiver_l2_id=16 harq_id=13 tb_size=400 tbler=0 sinr=-nan sinrMin=1e+11 reason=,000064,11_8,member_to_leader,94,94,1
2277,2,PHY,PSSCH_DECODE_OK,1,14,17,400,,,,13,-nan,0,,[NRSL_PHY_EVENT] event=PSSCH_DECODE_OK request_ids=1 txRnti=14 sender_l2_id=14 receiver_l2_id=17 harq_id=13 tb_size=400 tbler=0 sinr=-nan sinrMin=1e+11 reason=,000064,12_9,member_to_leader,93,93,1
2348,2,PHY,PSSCH_DECODE_OK,3,21,12,400,,,,14,-nan,0,,[NRSL_PHY_EVENT] event=PSSCH_DECODE_OK request_ids=3 txRnti=21 sender_l2_id=21 receiver_l2_id=12 harq_id=14 tb_size=400 tbler=0 sinr=-nan sinrMin=1e+11 reason=,000064,15_2,member_to_leader,95,95,1
2350,2,PHY,PSSCH_DECODE_OK,2,5,16,400,,,,14,-nan,0,,[NRSL_PHY_EVENT] event=PSSCH_DECODE_OK request_ids=2 txRnti=5 sender_l2_id=5 receiver_l2_id=16 harq_id=14 tb_size=400 tbler=0 sinr=-nan sinrMin=1e+11 reason=,000064,11_8,member_to_leader,94,94,1
2352,2,PHY,PSSCH_DECODE_OK,1,14,17,400,,,,14,-nan,0,,[NRSL_PHY_EVENT] event=PSSCH_DECODE_OK request_ids=1 txRnti=14 sender_l2_id=14 receiver_l2_id=17 harq_id=14 tb_size=400 tbler=0 sinr=-nan sinrMin=1e+11 reason=,000064,12_9,member_to_leader,93,93,1
2423,2,PHY,PSSCH_DECODE_OK,3,21,12,400,,,,15,-nan,0,,[NRSL_PHY_EVENT] event=PSSCH_DECODE_OK request_ids=3 txRnti=21 sender_l2_id=21 receiver_l2_id=12 harq_id=15 tb_size=400 tbler=0 sinr=-nan sinrMin=1e+11 reason=,000064,15_2,member_to_leader,95,95,1
2425,2,PHY,PSSCH_DECODE_OK,2,5,16,400,,,,15,-nan,0,,[NRSL_PHY_EVENT] event=PSSCH_DECODE_OK request_ids=2 txRnti=5 sender_l2_id=5 receiver_l2_id=16 harq_id=15 tb_size=400 tbler=0 sinr=-nan sinrMin=1e+11 reason=,000064,11_8,member_to_leader,94,94,1
2427,2,PHY,PSSCH_DECODE_OK,1,14,17,400,,,,15,-nan,0,,[NRSL_PHY_EVENT] event=PSSCH_DECODE_OK request_ids=1 txRnti=14 sender_l2_id=14 receiver_l2_id=17 harq_id=15 tb_size=400 tbler=0 sinr=-nan sinrMin=1e+11 reason=,000064,12_9,member_to_leader,93,93,1
2498,2,PHY,PSSCH_DECODE_OK,3,21,12,400,,,,0,-nan,0,,[NRSL_PHY_EVENT] event=PSSCH_DECODE_OK request_ids=3 txRnti=21 sender_l2_id=21 receiver_l2_id=12 harq_id=0 tb_size=400 tbler=0 sinr=-nan sinrMin=1e+11 reason=,000064,15_2,member_to_leader,95,95,1
2500,2,PHY,PSSCH_DECODE_OK,2,5,16,400,,,,0,-nan,0,,[NRSL_PHY_EVENT] event=PSSCH_DECODE_OK request_ids=2 txRnti=5 sender_l2_id=5 receiver_l2_id=16 harq_id=0 tb_size=400 tbler=0 sinr=-nan sinrMin=1e+11 reason=,000064,11_8,member_to_leader,94,94,1
2502,2,PHY,PSSCH_DECODE_OK,1,14,17,400,,,,0,-nan,0,,[NRSL_PHY_EVENT] event=PSSCH_DECODE_OK request_ids=1 txRnti=14 sender_l2_id=14 receiver_l2_id=17 harq_id=0 tb_size=400 tbler=0 sinr=-nan sinrMin=1e+11 reason=,000064,12_9,member_to_leader,93,93,1
2573,2,PHY,PSSCH_DECODE_OK,3,21,12,400,,,,1,-nan,0,,[NRSL_PHY_EVENT] event=PSSCH_DECODE_OK request_ids=3 txRnti=21 sender_l2_id=21 receiver_l2_id=12 harq_id=1 tb_size=400 tbler=0 sinr=-nan sinrMin=1e+11 reason=,000064,15_2,member_to_leader,95,95,1
2575,2,PHY,PSSCH_DECODE_OK,2,5,16,400,,,,1,-nan,0,,[NRSL_PHY_EVENT] event=PSSCH_DECODE_OK request_ids=2 txRnti=5 sender_l2_id=5 receiver_l2_id=16 harq_id=1 tb_size=400 tbler=0 sinr=-nan sinrMin=1e+11 reason=,000064,11_8,member_to_leader,94,94,1
2577,2,PHY,PSSCH_DECODE_OK,1,14,17,400,,,,1,-nan,0,,[NRSL_PHY_EVENT] event=PSSCH_DECODE_OK request_ids=1 txRnti=14 sender_l2_id=14 receiver_l2_id=17 harq_id=1 tb_size=400 tbler=0 sinr=-nan sinrMin=1e+11 reason=,000064,12_9,member_to_leader,93,93,1
2648,2,PHY,PSSCH_DECODE_OK,3,21,12,400,,,,2,-nan,0,,[NRSL_PHY_EVENT] event=PSSCH_DECODE_OK request_ids=3 txRnti=21 sender_l2_id=21 receiver_l2_id=12 harq_id=2 tb_size=400 tbler=0 sinr=-nan sinrMin=1e+11 reason=,000064,15_2,member_to_leader,95,95,1
2650,2,PHY,PSSCH_DECODE_OK,2,5,16,400,,,,2,-nan,0,,[NRSL_PHY_EVENT] event=PSSCH_DECODE_OK request_ids=2 txRnti=5 sender_l2_id=5 receiver_l2_id=16 harq_id=2 tb_size=400 tbler=0 sinr=-nan sinrMin=1e+11 reason=,000064,11_8,member_to_leader,94,94,1
2652,2,PHY,PSSCH_DECODE_OK,1,14,17,400,,,,2,-nan,0,,[NRSL_PHY_EVENT] event=PSSCH_DECODE_OK request_ids=1 txRnti=14 sender_l2_id=14 receiver_l2_id=17 harq_id=2 tb_size=400 tbler=0 sinr=-nan sinrMin=1e+11 reason=,000064,12_9,member_to_leader,93,93,1
2764,0,PHY,PSSCH_DECODE_OK,3,21,12,400,,,,3,-nan,0,,[NRSL_PHY_EVENT] event=PSSCH_DECODE_OK request_ids=3 txRnti=21 sender_l2_id=21 receiver_l2_id=12 harq_id=3 tb_size=400 tbler=0 sinr=-nan sinrMin=1e+11 reason=,000060,11_8,member_to_leader,3,3,1
2766,0,PHY,PSSCH_DECODE_OK,2,5,16,400,,,,3,-nan,0,,[NRSL_PHY_EVENT] event=PSSCH_DECODE_OK request_ids=2 txRnti=5 sender_l2_id=5 receiver_l2_id=16 harq_id=3 tb_size=400 tbler=0 sinr=-nan sinrMin=1e+11 reason=,000060,16_8,member_to_leader,2,2,1
2768,0,PHY,PSSCH_DECODE_OK,1,14,17,400,,,,3,-nan,0,,[NRSL_PHY_EVENT] event=PSSCH_DECODE_OK request_ids=1 txRnti=14 sender_l2_id=14 receiver_l2_id=17 harq_id=3 tb_size=400 tbler=0 sinr=-nan sinrMin=1e+11 reason=,000060,12_9,member_to_leader,1,1,1
2875,0,PHY,PSSCH_DECODE_OK,3,21,12,400,,,,4,-nan,0,,[NRSL_PHY_EVENT] event=PSSCH_DECODE_OK request_ids=3 txRnti=21 sender_l2_id=21 receiver_l2_id=12 harq_id=4 tb_size=400 tbler=0 sinr=-nan sinrMin=1e+11 reason=,000060,11_8,member_to_leader,3,3,1
2877,0,PHY,PSSCH_DECODE_OK,2,5,16,400,,,,4,-nan,0,,[NRSL_PHY_EVENT] event=PSSCH_DECODE_OK request_ids=2 txRnti=5 sender_l2_id=5 receiver_l2_id=16 harq_id=4 tb_size=400 tbler=0 sinr=-nan sinrMin=1e+11 reason=,000060,16_8,member_to_leader,2,2,1
2879,0,PHY,PSSCH_DECODE_OK,1,14,17,400,,,,4,-nan,0,,[NRSL_PHY_EVENT] event=PSSCH_DECODE_OK request_ids=1 txRnti=14 sender_l2_id=14 receiver_l2_id=17 harq_id=4 tb_size=400 tbler=0 sinr=-nan sinrMin=1e+11 reason=,000060,12_9,member_to_leader,1,1,1
3033,0,PHY,PSSCH_DECODE_OK,32,16,1,400,,,,6,-nan,0,,[NRSL_PHY_EVENT] event=PSSCH_DECODE_OK request_ids=32 txRnti=16 sender_l2_id=16 receiver_l2_id=1 harq_id=6 tb_size=400 tbler=0 sinr=-nan sinrMin=1e+11 reason=,000060,15_6,leader_to_rsu,32,32,1
3035,0,PHY,PSSCH_DECODE_OK,31,20,1,400,,,,8,-nan,0,,[NRSL_PHY_EVENT] event=PSSCH_DECODE_OK request_ids=31 txRnti=20 sender_l2_id=20 receiver_l2_id=1 harq_id=8 tb_size=400 tbler=0 sinr=-nan sinrMin=1e+11 reason=,000060,15_3,leader_to_rsu,31,31,1
3037,0,PHY,PSSCH_DECODE_OK,25,2,1,400,,,,11,-nan,0,,[NRSL_PHY_EVENT] event=PSSCH_DECODE_OK request_ids=25 txRnti=2 sender_l2_id=2 receiver_l2_id=1 harq_id=11 tb_size=400 tbler=0 sinr=-nan sinrMin=1e+11 reason=,000060,14_1,leader_to_rsu,25,25,1
3039,0,PHY,PSSCH_DECODE_OK,26,19,1,400,,,,13,-nan,0,,[NRSL_PHY_EVENT] event=PSSCH_DECODE_OK request_ids=26 txRnti=19 sender_l2_id=19 receiver_l2_id=1 harq_id=13 tb_size=400 tbler=0 sinr=-nan sinrMin=1e+11 reason=,000060,14_10,leader_to_rsu,26,26,1
3041,0,PHY,PSSCH_DECODE_OK,3,21,12,400,,,,5,-nan,0,,[NRSL_PHY_EVENT] event=PSSCH_DECODE_OK request_ids=3 txRnti=21 sender_l2_id=21 receiver_l2_id=12 harq_id=5 tb_size=400 tbler=0 sinr=-nan sinrMin=1e+11 reason=,000060,11_8,member_to_leader,3,3,1
3043,0,PHY,PSSCH_DECODE_OK,1,14,17,400,,,,5,-nan,0,,[NRSL_PHY_EVENT] event=PSSCH_DECODE_OK request_ids=1 txRnti=14 sender_l2_id=14 receiver_l2_id=17 harq_id=5 tb_size=400 tbler=0 sinr=-nan sinrMin=1e+11 reason=,000060,12_9,member_to_leader,1,1,1
3198,0,PHY,PSSCH_DECODE_OK,32,16,1,400,,,,7,-nan,0,,[NRSL_PHY_EVENT] event=PSSCH_DECODE_OK request_ids=32 txRnti=16 sender_l2_id=16 receiver_l2_id=1 harq_id=7 tb_size=400 tbler=0 sinr=-nan sinrMin=1e+11 reason=,000060,15_6,leader_to_rsu,32,32,1
3200,0,PHY,PSSCH_DECODE_OK,28,4,1,400,,,,7,-nan,0,,[NRSL_PHY_EVENT] event=PSSCH_DECODE_OK request_ids=28 txRnti=4 sender_l2_id=4 receiver_l2_id=1 harq_id=7 tb_size=400 tbler=0 sinr=-nan sinrMin=1e+11 reason=,000060,13_2,leader_to_rsu,28,28,1
3202,0,PHY,PSSCH_DECODE_OK,31,20,1,400,,,,9,-nan,0,,[NRSL_PHY_EVENT] event=PSSCH_DECODE_OK request_ids=31 txRnti=20 sender_l2_id=20 receiver_l2_id=1 harq_id=9 tb_size=400 tbler=0 sinr=-nan sinrMin=1e+11 reason=,000060,15_3,leader_to_rsu,31,31,1
3204,0,PHY,PSSCH_DECODE_OK,30,2,1,400,,,,12,-nan,0,,[NRSL_PHY_EVENT] event=PSSCH_DECODE_OK request_ids=30 txRnti=2 sender_l2_id=2 receiver_l2_id=1 harq_id=12 tb_size=400 tbler=0 sinr=-nan sinrMin=1e+11 reason=,000060,14_3,leader_to_rsu,30,30,1
3206,0,PHY,PSSCH_DECODE_OK,33,5,1,400,,,,6,-nan,0,,[NRSL_PHY_EVENT] event=PSSCH_DECODE_OK request_ids=33 txRnti=5 sender_l2_id=5 receiver_l2_id=1 harq_id=6 tb_size=400 tbler=0 sinr=-nan sinrMin=1e+11 reason=,000060,16_4,leader_to_rsu,33,33,1
3208,0,PHY,PSSCH_DECODE_OK,3,21,12,3,,,,6,-nan,0,,[NRSL_PHY_EVENT] event=PSSCH_DECODE_OK request_ids=3 txRnti=21 sender_l2_id=21 receiver_l2_id=12 harq_id=6 tb_size=3 tbler=0 sinr=-nan sinrMin=1e+11 reason=,000060,11_8,member_to_leader,3,3,1
3210,0,PHY,PSSCH_DECODE_OK,1,14,17,400,,,,6,-nan,0,,[NRSL_PHY_EVENT] event=PSSCH_DECODE_OK request_ids=1 txRnti=14 sender_l2_id=14 receiver_l2_id=17 harq_id=6 tb_size=400 tbler=0 sinr=-nan sinrMin=1e+11 reason=,000060,12_9,member_to_leader,1,1,1
3355,0,PHY,PSSCH_DECODE_OK,32,16,1,400,,,,8,-nan,0,,[NRSL_PHY_EVENT] event=PSSCH_DECODE_OK request_ids=32 txRnti=16 sender_l2_id=16 receiver_l2_id=1 harq_id=8 tb_size=400 tbler=0 sinr=-nan sinrMin=1e+11 reason=,000060,15_6,leader_to_rsu,32,32,1
3357,0,PHY,PSSCH_DECODE_OK,28,4,1,400,,,,8,-nan,0,,[NRSL_PHY_EVENT] event=PSSCH_DECODE_OK request_ids=28 txRnti=4 sender_l2_id=4 receiver_l2_id=1 harq_id=8 tb_size=400 tbler=0 sinr=-nan sinrMin=1e+11 reason=,000060,13_2,leader_to_rsu,28,28,1
3359,0,PHY,PSSCH_DECODE_OK,31,20,1,400,,,,10,-nan,0,,[NRSL_PHY_EVENT] event=PSSCH_DECODE_OK request_ids=31 txRnti=20 sender_l2_id=20 receiver_l2_id=1 harq_id=10 tb_size=400 tbler=0 sinr=-nan sinrMin=1e+11 reason=,000060,15_3,leader_to_rsu,31,31,1
3361,0,PHY,PSSCH_DECODE_OK,30,2,1,400,,,,13,-nan,0,,[NRSL_PHY_EVENT] event=PSSCH_DECODE_OK request_ids=30 txRnti=2 sender_l2_id=2 receiver_l2_id=1 harq_id=13 tb_size=400 tbler=0 sinr=-nan sinrMin=1e+11 reason=,000060,14_3,leader_to_rsu,30,30,1
3363,0,PHY,PSSCH_DECODE_OK,29,19,1,400,,,,15,-nan,0,,[NRSL_PHY_EVENT] event=PSSCH_DECODE_OK request_ids=29 txRnti=19 sender_l2_id=19 receiver_l2_id=1 harq_id=15 tb_size=400 tbler=0 sinr=-nan sinrMin=1e+11 reason=,000060,14_11,leader_to_rsu,29,29,1
3365,0,PHY,PSSCH_DECODE_OK,33,5,1,400,,,,7,-nan,0,,[NRSL_PHY_EVENT] event=PSSCH_DECODE_OK request_ids=33 txRnti=5 sender_l2_id=5 receiver_l2_id=1 harq_id=7 tb_size=400 tbler=0 sinr=-nan sinrMin=1e+11 reason=,000060,16_4,leader_to_rsu,33,33,1
3367,0,PHY,PSSCH_DECODE_OK,1,14,17,400,,,,7,-nan,0,,[NRSL_PHY_EVENT] event=PSSCH_DECODE_OK request_ids=1 txRnti=14 sender_l2_id=14 receiver_l2_id=17 harq_id=7 tb_size=400 tbler=0 sinr=-nan sinrMin=1e+11 reason=,000060,12_9,member_to_leader,1,1,1
3516,0,PHY,PSSCH_DECODE_OK,32,16,1,400,,,,9,-nan,0,,[NRSL_PHY_EVENT] event=PSSCH_DECODE_OK request_ids=32 txRnti=16 sender_l2_id=16 receiver_l2_id=1 harq_id=9 tb_size=400 tbler=0 sinr=-nan sinrMin=1e+11 reason=,000060,15_6,leader_to_rsu,32,32,1
3518,0,PHY,PSSCH_DECODE_OK,31,20,1,400,,,,11,-nan,0,,[NRSL_PHY_EVENT] event=PSSCH_DECODE_OK request_ids=31 txRnti=20 sender_l2_id=20 receiver_l2_id=1 harq_id=11 tb_size=400 tbler=0 sinr=-nan sinrMin=1e+11 reason=,000060,15_3,leader_to_rsu,31,31,1
3520,0,PHY,PSSCH_DECODE_OK,30,2,1,400,,,,14,-nan,0,,[NRSL_PHY_EVENT] event=PSSCH_DECODE_OK request_ids=30 txRnti=2 sender_l2_id=2 receiver_l2_id=1 harq_id=14 tb_size=400 tbler=0 sinr=-nan sinrMin=1e+11 reason=,000060,14_3,leader_to_rsu,30,30,1
3522,0,PHY,PSSCH_DECODE_OK,29,19,1,400,,,,0,-nan,0,,[NRSL_PHY_EVENT] event=PSSCH_DECODE_OK request_ids=29 txRnti=19 sender_l2_id=19 receiver_l2_id=1 harq_id=0 tb_size=400 tbler=0 sinr=-nan sinrMin=1e+11 reason=,000060,14_11,leader_to_rsu,29,29,1
3524,0,PHY,PSSCH_DECODE_OK,1,14,17,400,,,,8,-nan,0,,[NRSL_PHY_EVENT] event=PSSCH_DECODE_OK request_ids=1 txRnti=14 sender_l2_id=14 receiver_l2_id=17 harq_id=8 tb_size=400 tbler=0 sinr=-nan sinrMin=1e+11 reason=,000060,12_9,member_to_leader,1,1,1
3679,0,PHY,PSSCH_DECODE_OK,28,4,1,400,,,,10,-nan,0,,[NRSL_PHY_EVENT] event=PSSCH_DECODE_OK request_ids=28 txRnti=4 sender_l2_id=4 receiver_l2_id=1 harq_id=10 tb_size=400 tbler=0 sinr=-nan sinrMin=1e+11 reason=,000060,13_2,leader_to_rsu,28,28,1
3681,0,PHY,PSSCH_DECODE_OK,31,20,1,400,,,,12,-nan,0,,[NRSL_PHY_EVENT] event=PSSCH_DECODE_OK request_ids=31 txRnti=20 sender_l2_id=20 receiver_l2_id=1 harq_id=12 tb_size=400 tbler=0 sinr=-nan sinrMin=1e+11 reason=,000060,15_3,leader_to_rsu,31,31,1
3683,0,PHY,PSSCH_DECODE_OK,30,2,1,400,,,,15,-nan,0,,[NRSL_PHY_EVENT] event=PSSCH_DECODE_OK request_ids=30 txRnti=2 sender_l2_id=2 receiver_l2_id=1 harq_id=15 tb_size=400 tbler=0 sinr=-nan sinrMin=1e+11 reason=,000060,14_3,leader_to_rsu,30,30,1
3685,0,PHY,PSSCH_DECODE_OK,29,19,1,400,,,,1,-nan,0,,[NRSL_PHY_EVENT] event=PSSCH_DECODE_OK request_ids=29 txRnti=19 sender_l2_id=19 receiver_l2_id=1 harq_id=1 tb_size=400 tbler=0 sinr=-nan sinrMin=1e+11 reason=,000060,14_11,leader_to_rsu,29,29,1
3687,0,PHY,PSSCH_DECODE_OK,33,5,1,400,,,,9,-nan,0,,[NRSL_PHY_EVENT] event=PSSCH_DECODE_OK request_ids=33 txRnti=5 sender_l2_id=5 receiver_l2_id=1 harq_id=9 tb_size=400 tbler=0 sinr=-nan sinrMin=1e+11 reason=,000060,16_4,leader_to_rsu,33,33,1
3689,0,PHY,PSSCH_DECODE_OK,1,14,17,400,,,,9,-nan,0,,[NRSL_PHY_EVENT] event=PSSCH_DECODE_OK request_ids=1 txRnti=14 sender_l2_id=14 receiver_l2_id=17 harq_id=9 tb_size=400 tbler=0 sinr=-nan sinrMin=1e+11 reason=,000060,12_9,member_to_leader,1,1,1
3837,0,PHY,PSSCH_DECODE_OK,32,16,1,400,,,,11,-nan,0,,[NRSL_PHY_EVENT] event=PSSCH_DECODE_OK request_ids=32 txRnti=16 sender_l2_id=16 receiver_l2_id=1 harq_id=11 tb_size=400 tbler=0 sinr=-nan sinrMin=1e+11 reason=,000060,15_6,leader_to_rsu,32,32,1
3839,0,PHY,PSSCH_DECODE_OK,31,20,1,83,,,,13,-nan,0.0001,,[NRSL_PHY_EVENT] event=PSSCH_DECODE_OK request_ids=31 txRnti=20 sender_l2_id=20 receiver_l2_id=1 harq_id=13 tb_size=83 tbler=0.0001 sinr=-nan sinrMin=1e+11 reason=,000060,15_3,leader_to_rsu,31,31,1
3841,0,PHY,PSSCH_DECODE_OK,30,2,1,95,,,,0,-nan,0,,[NRSL_PHY_EVENT] event=PSSCH_DECODE_OK request_ids=30 txRnti=2 sender_l2_id=2 receiver_l2_id=1 harq_id=0 tb_size=95 tbler=0 sinr=-nan sinrMin=1e+11 reason=,000060,14_3,leader_to_rsu,30,30,1
3843,0,PHY,PSSCH_DECODE_OK,29,19,1,95,,,,2,-nan,0,,[NRSL_PHY_EVENT] event=PSSCH_DECODE_OK request_ids=29 txRnti=19 sender_l2_id=19 receiver_l2_id=1 harq_id=2 tb_size=95 tbler=0 sinr=-nan sinrMin=1e+11 reason=,000060,14_11,leader_to_rsu,29,29,1
3955,0,PHY,PSSCH_DECODE_OK,32,16,1,83,,,,12,-nan,0.0001,,[NRSL_PHY_EVENT] event=PSSCH_DECODE_OK request_ids=32 txRnti=16 sender_l2_id=16 receiver_l2_id=1 harq_id=12 tb_size=83 tbler=0.0001 sinr=-nan sinrMin=1e+11 reason=,000060,15_6,leader_to_rsu,32,32,1
3957,0,PHY,PSSCH_DECODE_OK,33,5,1,400,,,,11,-nan,0,,[NRSL_PHY_EVENT] event=PSSCH_DECODE_OK request_ids=33 txRnti=5 sender_l2_id=5 receiver_l2_id=1 harq_id=11 tb_size=400 tbler=0 sinr=-nan sinrMin=1e+11 reason=,000060,16_4,leader_to_rsu,33,33,1
3960,0,PHY,PSSCH_DECODE_OK,8,13,4,10,,,,11,-nan,0,,[NRSL_PHY_EVENT] event=PSSCH_DECODE_OK request_ids=8 txRnti=13 sender_l2_id=13 receiver_l2_id=4 harq_id=11 tb_size=10 tbler=0 sinr=-nan sinrMin=1e+11 reason=,000060,13_2,member_to_leader,8,8,1
3962,0,PHY,PSSCH_DECODE_OK,1,14,17,400,,,,11,-nan,0,,[NRSL_PHY_EVENT] event=PSSCH_DECODE_OK request_ids=1 txRnti=14 sender_l2_id=14 receiver_l2_id=17 harq_id=11 tb_size=400 tbler=0 sinr=-nan sinrMin=1e+11 reason=,000060,12_9,member_to_leader,1,1,1
4026,0,PHY,PSSCH_DECODE_OK,2,5,16,400,,,,12,-nan,0,,[NRSL_PHY_EVENT] event=PSSCH_DECODE_OK request_ids=2 txRnti=5 sender_l2_id=5 receiver_l2_id=16 harq_id=12 tb_size=400 tbler=0 sinr=-nan sinrMin=1e+11 reason=,000060,16_8,member_to_leader,2,2,1
4028,0,PHY,PSSCH_DECODE_OK,1,14,17,400,,,,12,-nan,0,,[NRSL_PHY_EVENT] event=PSSCH_DECODE_OK request_ids=1 txRnti=14 sender_l2_id=14 receiver_l2_id=17 harq_id=12 tb_size=400 tbler=0 sinr=-nan sinrMin=1e+11 reason=,000060,12_9,member_to_leader,1,1,1
4111,0,PHY,PSSCH_DECODE_OK,33,5,1,400,,,,13,-nan,0,,[NRSL_PHY_EVENT] event=PSSCH_DECODE_OK request_ids=33 txRnti=5 sender_l2_id=5 receiver_l2_id=1 harq_id=13 tb_size=400 tbler=0 sinr=-nan sinrMin=1e+11 reason=,000060,16_4,leader_to_rsu,33,33,1
4113,0,PHY,PSSCH_DECODE_OK,1,14,17,400,,,,13,-nan,0,,[NRSL_PHY_EVENT] event=PSSCH_DECODE_OK request_ids=1 txRnti=14 sender_l2_id=14 receiver_l2_id=17 harq_id=13 tb_size=400 tbler=0 sinr=-nan sinrMin=1e+11 reason=,000060,12_9,member_to_leader,1,1,1
4186,0,PHY,PSSCH_DECODE_OK,2,5,16,19,,,,14,-nan,0,,[NRSL_PHY_EVENT] event=PSSCH_DECODE_OK request_ids=2 txRnti=5 sender_l2_id=5 receiver_l2_id=16 harq_id=14 tb_size=19 tbler=0 sinr=-nan sinrMin=1e+11 reason=,000060,16_8,member_to_leader,2,2,1
4188,0,PHY,PSSCH_DECODE_OK,1,14,17,400,,,,14,-nan,0,,[NRSL_PHY_EVENT] event=PSSCH_DECODE_OK request_ids=1 txRnti=14 sender_l2_id=14 receiver_l2_id=17 harq_id=14 tb_size=400 tbler=0 sinr=-nan sinrMin=1e+11 reason=,000060,12_9,member_to_leader,1,1,1
4247,0,PHY,PSSCH_DECODE_OK,18,21,1,12,,,,7,-nan,0.0005,,[NRSL_PHY_EVENT] event=PSSCH_DECODE_OK request_ids=18 txRnti=21 sender_l2_id=21 receiver_l2_id=1 harq_id=7 tb_size=12 tbler=0.0005 sinr=-nan sinrMin=1e+11 reason=,000060,11_7,leader_to_rsu,18,18,1
4249,0,PHY,PSSCH_DECODE_OK,33,5,1,83,,,,15,-nan,0.0001,,[NRSL_PHY_EVENT] event=PSSCH_DECODE_OK request_ids=33 txRnti=5 sender_l2_id=5 receiver_l2_id=1 harq_id=15 tb_size=83 tbler=0.0001 sinr=-nan sinrMin=1e+11 reason=,000060,16_4,leader_to_rsu,33,33,1
4251,0,PHY,PSSCH_DECODE_OK,1,14,17,400,,,,15,-nan,0,,[NRSL_PHY_EVENT] event=PSSCH_DECODE_OK request_ids=1 txRnti=14 sender_l2_id=14 receiver_l2_id=17 harq_id=15 tb_size=400 tbler=0 sinr=-nan sinrMin=1e+11 reason=,000060,12_9,member_to_leader,1,1,1
4280,0,PHY,PSSCH_DECODE_OK,24,14,1,12,,,,0,-nan,0.0005,,[NRSL_PHY_EVENT] event=PSSCH_DECODE_OK request_ids=24 txRnti=14 sender_l2_id=14 receiver_l2_id=1 harq_id=0 tb_size=12 tbler=0.0005 sinr=-nan sinrMin=1e+11 reason=,000060,13_9,leader_to_rsu,24,24,1
4307,0,PHY,PSSCH_DECODE_OK,1,14,17,400,,,,1,-nan,0,,[NRSL_PHY_EVENT] event=PSSCH_DECODE_OK request_ids=1 txRnti=14 sender_l2_id=14 receiver_l2_id=17 harq_id=1 tb_size=400 tbler=0 sinr=-nan sinrMin=1e+11 reason=,000060,12_9,member_to_leader,1,1,1
4334,0,PHY,PSSCH_DECODE_OK,1,14,17,400,,,,2,-nan,0,,[NRSL_PHY_EVENT] event=PSSCH_DECODE_OK request_ids=1 txRnti=14 sender_l2_id=14 receiver_l2_id=17 harq_id=2 tb_size=400 tbler=0 sinr=-nan sinrMin=1e+11 reason=,000060,12_9,member_to_leader,1,1,1
4361,0,PHY,PSSCH_DECODE_OK,1,14,17,400,,,,3,-nan,0,,[NRSL_PHY_EVENT] event=PSSCH_DECODE_OK request_ids=1 txRnti=14 sender_l2_id=14 receiver_l2_id=17 harq_id=3 tb_size=400 tbler=0 sinr=-nan sinrMin=1e+11 reason=,000060,12_9,member_to_leader,1,1,1
4388,0,PHY,PSSCH_DECODE_OK,1,14,17,400,,,,4,-nan,0,,[NRSL_PHY_EVENT] event=PSSCH_DECODE_OK request_ids=1 txRnti=14 sender_l2_id=14 receiver_l2_id=17 harq_id=4 tb_size=400 tbler=0 sinr=-nan sinrMin=1e+11 reason=,000060,12_9,member_to_leader,1,1,1
4415,0,PHY,PSSCH_DECODE_OK,1,14,17,400,,,,5,-nan,0,,[NRSL_PHY_EVENT] event=PSSCH_DECODE_OK request_ids=1 txRnti=14 sender_l2_id=14 receiver_l2_id=17 harq_id=5 tb_size=400 tbler=0 sinr=-nan sinrMin=1e+11 reason=,000060,12_9,member_to_leader,1,1,1
4442,0,PHY,PSSCH_DECODE_OK,1,14,17,400,,,,6,-nan,0,,[NRSL_PHY_EVENT] event=PSSCH_DECODE_OK request_ids=1 txRnti=14 sender_l2_id=14 receiver_l2_id=17 harq_id=6 tb_size=400 tbler=0 sinr=-nan sinrMin=1e+11 reason=,000060,12_9,member_to_leader,1,1,1
4506,0,PHY,PSSCH_DECODE_OK,1,14,17,400,,,,7,-nan,0,,[NRSL_PHY_EVENT] event=PSSCH_DECODE_OK request_ids=1 txRnti=14 sender_l2_id=14 receiver_l2_id=17 harq_id=7 tb_size=400 tbler=0 sinr=-nan sinrMin=1e+11 reason=,000060,12_9,member_to_leader,1,1,1
4577,0,PHY,PSSCH_DECODE_OK,1,14,17,67,,,,8,-nan,0.0001,,[NRSL_PHY_EVENT] event=PSSCH_DECODE_OK request_ids=1 txRnti=14 sender_l2_id=14 receiver_l2_id=17 harq_id=8 tb_size=67 tbler=0.0001 sinr=-nan sinrMin=1e+11 reason=,000060,12_9,member_to_leader,1,1,1
4712,0,PHY,PSSCH_DECODE_OK,28,4,1,400,,,,12,-nan,0,,[NRSL_PHY_EVENT] event=PSSCH_DECODE_OK request_ids=28 txRnti=4 sender_l2_id=4 receiver_l2_id=1 harq_id=12 tb_size=400 tbler=0 sinr=-nan sinrMin=1e+11 reason=,000060,13_2,leader_to_rsu,28,28,1
4714,0,PHY,PSSCH_DECODE_OK,31,20,1,400,,,,15,-nan,0,,[NRSL_PHY_EVENT] event=PSSCH_DECODE_OK request_ids=31 txRnti=20 sender_l2_id=20 receiver_l2_id=1 harq_id=15 tb_size=400 tbler=0 sinr=-nan sinrMin=1e+11 reason=,000060,15_3,leader_to_rsu,31,31,1
4716,0,PHY,PSSCH_DECODE_OK,30,2,1,400,,,,2,-nan,0,,[NRSL_PHY_EVENT] event=PSSCH_DECODE_OK request_ids=30 txRnti=2 sender_l2_id=2 receiver_l2_id=1 harq_id=2 tb_size=400 tbler=0 sinr=-nan sinrMin=1e+11 reason=,000060,14_3,leader_to_rsu,30,30,1
4718,0,PHY,PSSCH_DECODE_OK,32,16,1,400,,,,13,-nan,0,,[NRSL_PHY_EVENT] event=PSSCH_DECODE_OK request_ids=32 txRnti=16 sender_l2_id=16 receiver_l2_id=1 harq_id=13 tb_size=400 tbler=0 sinr=-nan sinrMin=1e+11 reason=,000060,15_6,leader_to_rsu,32,32,1
4720,0,PHY,PSSCH_DECODE_OK,27,3,1,400,,,,3,-nan,0,,[NRSL_PHY_EVENT] event=PSSCH_DECODE_OK request_ids=27 txRnti=3 sender_l2_id=3 receiver_l2_id=1 harq_id=3 tb_size=400 tbler=0 sinr=-nan sinrMin=1e+11 reason=,000060,11_5,leader_to_rsu,27,27,1
4722,0,PHY,PSSCH_DECODE_OK,33,5,1,400,,,,0,-nan,0,,[NRSL_PHY_EVENT] event=PSSCH_DECODE_OK request_ids=33 txRnti=5 sender_l2_id=5 receiver_l2_id=1 harq_id=0 tb_size=400 tbler=0 sinr=-nan sinrMin=1e+11 reason=,000060,16_4,leader_to_rsu,33,33,1
4724,0,PHY,PSSCH_DECODE_OK,3,21,12,34,,,,8,-nan,0,,[NRSL_PHY_EVENT] event=PSSCH_DECODE_OK request_ids=3 txRnti=21 sender_l2_id=21 receiver_l2_id=12 harq_id=8 tb_size=34 tbler=0 sinr=-nan sinrMin=1e+11 reason=,000060,11_8,member_to_leader,3,3,1
4879,0,PHY,PSSCH_DECODE_OK,35,4,1,400,,,,13,-nan,0,,[NRSL_PHY_EVENT] event=PSSCH_DECODE_OK request_ids=35 txRnti=4 sender_l2_id=4 receiver_l2_id=1 harq_id=13 tb_size=400 tbler=0 sinr=-nan sinrMin=1e+11 reason=,000060,13_3,leader_to_rsu,35,35,1
4881,0,PHY,PSSCH_DECODE_OK,38,20,1,400,,,,0,-nan,0,,[NRSL_PHY_EVENT] event=PSSCH_DECODE_OK request_ids=38 txRnti=20 sender_l2_id=20 receiver_l2_id=1 harq_id=0 tb_size=400 tbler=0 sinr=-nan sinrMin=1e+11 reason=,000060,15_4,leader_to_rsu,38,38,1
4883,0,PHY,PSSCH_DECODE_OK,37,2,1,400,,,,3,-nan,0,,[NRSL_PHY_EVENT] event=PSSCH_DECODE_OK request_ids=37 txRnti=2 sender_l2_id=2 receiver_l2_id=1 harq_id=3 tb_size=400 tbler=0 sinr=-nan sinrMin=1e+11 reason=,000060,15_2,leader_to_rsu,37,37,1
4885,0,PHY,PSSCH_DECODE_OK,39,16,1,400,,,,14,-nan,0,,[NRSL_PHY_EVENT] event=PSSCH_DECODE_OK request_ids=39 txRnti=16 sender_l2_id=16 receiver_l2_id=1 harq_id=14 tb_size=400 tbler=0 sinr=-nan sinrMin=1e+11 reason=,000060,15_8,leader_to_rsu,39,39,1
4887,0,PHY,PSSCH_DECODE_OK,34,3,1,400,,,,4,-nan,0,,[NRSL_PHY_EVENT] event=PSSCH_DECODE_OK request_ids=34 txRnti=3 sender_l2_id=3 receiver_l2_id=1 harq_id=4 tb_size=400 tbler=0 sinr=-nan sinrMin=1e+11 reason=,000060,12_4,leader_to_rsu,34,34,1
4889,0,PHY,PSSCH_DECODE_OK,36,19,1,400,,,,5,-nan,0,,[NRSL_PHY_EVENT] event=PSSCH_DECODE_OK request_ids=36 txRnti=19 sender_l2_id=19 receiver_l2_id=1 harq_id=5 tb_size=400 tbler=0 sinr=-nan sinrMin=1e+11 reason=,000060,14_9,leader_to_rsu,36,36,1
4891,0,PHY,PSSCH_DECODE_OK,40,5,1,400,,,,1,-nan,0,,[NRSL_PHY_EVENT] event=PSSCH_DECODE_OK request_ids=40 txRnti=5 sender_l2_id=5 receiver_l2_id=1 harq_id=1 tb_size=400 tbler=0 sinr=-nan sinrMin=1e+11 reason=,000060,16_7,leader_to_rsu,40,40,1
5026,0,PHY,PSSCH_DECODE_OK,35,4,1,400,,,,14,-nan,0,,[NRSL_PHY_EVENT] event=PSSCH_DECODE_OK request_ids=35 txRnti=4 sender_l2_id=4 receiver_l2_id=1 harq_id=14 tb_size=400 tbler=0 sinr=-nan sinrMin=1e+11 reason=,000060,13_3,leader_to_rsu,35,35,1
5028,0,PHY,PSSCH_DECODE_OK,38,20,1,400,,,,1,-nan,0,,[NRSL_PHY_EVENT] event=PSSCH_DECODE_OK request_ids=38 txRnti=20 sender_l2_id=20 receiver_l2_id=1 harq_id=1 tb_size=400 tbler=0 sinr=-nan sinrMin=1e+11 reason=,000060,15_4,leader_to_rsu,38,38,1
5030,0,PHY,PSSCH_DECODE_OK,37,2,1,400,,,,4,-nan,0,,[NRSL_PHY_EVENT] event=PSSCH_DECODE_OK request_ids=37 txRnti=2 sender_l2_id=2 receiver_l2_id=1 harq_id=4 tb_size=400 tbler=0 sinr=-nan sinrMin=1e+11 reason=,000060,15_2,leader_to_rsu,37,37,1
5032,0,PHY,PSSCH_DECODE_OK,39,16,1,400,,,,15,-nan,0,,[NRSL_PHY_EVENT] event=PSSCH_DECODE_OK request_ids=39 txRnti=16 sender_l2_id=16 receiver_l2_id=1 harq_id=15 tb_size=400 tbler=0 sinr=-nan sinrMin=1e+11 reason=,000060,15_8,leader_to_rsu,39,39,1
5034,0,PHY,PSSCH_DECODE_OK,34,3,1,400,,,,5,-nan,0,,[NRSL_PHY_EVENT] event=PSSCH_DECODE_OK request_ids=34 txRnti=3 sender_l2_id=3 receiver_l2_id=1 harq_id=5 tb_size=400 tbler=0 sinr=-nan sinrMin=1e+11 reason=,000060,12_4,leader_to_rsu,34,34,1
5036,0,PHY,PSSCH_DECODE_OK,36,19,1,400,,,,6,-nan,0,,[NRSL_PHY_EVENT] event=PSSCH_DECODE_OK request_ids=36 txRnti=19 sender_l2_id=19 receiver_l2_id=1 harq_id=6 tb_size=400 tbler=0 sinr=-nan sinrMin=1e+11 reason=,000060,14_9,leader_to_rsu,36,36,1
5038,0,PHY,PSSCH_DECODE_OK,40,5,1,400,,,,2,-nan,0,,[NRSL_PHY_EVENT] event=PSSCH_DECODE_OK request_ids=40 txRnti=5 sender_l2_id=5 receiver_l2_id=1 harq_id=2 tb_size=400 tbler=0 sinr=-nan sinrMin=1e+11 reason=,000060,16_7,leader_to_rsu,40,40,1
5173,0,PHY,PSSCH_DECODE_OK,35,4,1,400,,,,15,-nan,0,,[NRSL_PHY_EVENT] event=PSSCH_DECODE_OK request_ids=35 txRnti=4 sender_l2_id=4 receiver_l2_id=1 harq_id=15 tb_size=400 tbler=0 sinr=-nan sinrMin=1e+11 reason=,000060,13_3,leader_to_rsu,35,35,1
5175,0,PHY,PSSCH_DECODE_OK,38,20,1,400,,,,2,-nan,0,,[NRSL_PHY_EVENT] event=PSSCH_DECODE_OK request_ids=38 txRnti=20 sender_l2_id=20 receiver_l2_id=1 harq_id=2 tb_size=400 tbler=0 sinr=-nan sinrMin=1e+11 reason=,000060,15_4,leader_to_rsu,38,38,1
5177,0,PHY,PSSCH_DECODE_OK,37,2,1,400,,,,5,-nan,0,,[NRSL_PHY_EVENT] event=PSSCH_DECODE_OK request_ids=37 txRnti=2 sender_l2_id=2 receiver_l2_id=1 harq_id=5 tb_size=400 tbler=0 sinr=-nan sinrMin=1e+11 reason=,000060,15_2,leader_to_rsu,37,37,1
5179,0,PHY,PSSCH_DECODE_OK,39,16,1,400,,,,0,-nan,0,,[NRSL_PHY_EVENT] event=PSSCH_DECODE_OK request_ids=39 txRnti=16 sender_l2_id=16 receiver_l2_id=1 harq_id=0 tb_size=400 tbler=0 sinr=-nan sinrMin=1e+11 reason=,000060,15_8,leader_to_rsu,39,39,1
5181,0,PHY,PSSCH_DECODE_OK,34,3,1,400,,,,6,-nan,0,,[NRSL_PHY_EVENT] event=PSSCH_DECODE_OK request_ids=34 txRnti=3 sender_l2_id=3 receiver_l2_id=1 harq_id=6 tb_size=400 tbler=0 sinr=-nan sinrMin=1e+11 reason=,000060,12_4,leader_to_rsu,34,34,1
5183,0,PHY,PSSCH_DECODE_OK,36,19,1,400,,,,7,-nan,0,,[NRSL_PHY_EVENT] event=PSSCH_DECODE_OK request_ids=36 txRnti=19 sender_l2_id=19 receiver_l2_id=1 harq_id=7 tb_size=400 tbler=0 sinr=-nan sinrMin=1e+11 reason=,000060,14_9,leader_to_rsu,36,36,1
5185,0,PHY,PSSCH_DECODE_OK,40,5,1,400,,,,3,-nan,0,,[NRSL_PHY_EVENT] event=PSSCH_DECODE_OK request_ids=40 txRnti=5 sender_l2_id=5 receiver_l2_id=1 harq_id=3 tb_size=400 tbler=0 sinr=-nan sinrMin=1e+11 reason=,000060,16_7,leader_to_rsu,40,40,1
5320,0,PHY,PSSCH_DECODE_OK,35,4,1,400,,,,0,-nan,0,,[NRSL_PHY_EVENT] event=PSSCH_DECODE_OK request_ids=35 txRnti=4 sender_l2_id=4 receiver_l2_id=1 harq_id=0 tb_size=400 tbler=0 sinr=-nan sinrMin=1e+11 reason=,000060,13_3,leader_to_rsu,35,35,1
5322,0,PHY,PSSCH_DECODE_OK,38,20,1,400,,,,3,-nan,0,,[NRSL_PHY_EVENT] event=PSSCH_DECODE_OK request_ids=38 txRnti=20 sender_l2_id=20 receiver_l2_id=1 harq_id=3 tb_size=400 tbler=0 sinr=-nan sinrMin=1e+11 reason=,000060,15_4,leader_to_rsu,38,38,1
5324,0,PHY,PSSCH_DECODE_OK,37,2,1,400,,,,6,-nan,0,,[NRSL_PHY_EVENT] event=PSSCH_DECODE_OK request_ids=37 txRnti=2 sender_l2_id=2 receiver_l2_id=1 harq_id=6 tb_size=400 tbler=0 sinr=-nan sinrMin=1e+11 reason=,000060,15_2,leader_to_rsu,37,37,1
5326,0,PHY,PSSCH_DECODE_OK,39,16,1,400,,,,1,-nan,0,,[NRSL_PHY_EVENT] event=PSSCH_DECODE_OK request_ids=39 txRnti=16 sender_l2_id=16 receiver_l2_id=1 harq_id=1 tb_size=400 tbler=0 sinr=-nan sinrMin=1e+11 reason=,000060,15_8,leader_to_rsu,39,39,1
5328,0,PHY,PSSCH_DECODE_OK,34,3,1,400,,,,7,-nan,0,,[NRSL_PHY_EVENT] event=PSSCH_DECODE_OK request_ids=34 txRnti=3 sender_l2_id=3 receiver_l2_id=1 harq_id=7 tb_size=400 tbler=0 sinr=-nan sinrMin=1e+11 reason=,000060,12_4,leader_to_rsu,34,34,1
5330,0,PHY,PSSCH_DECODE_OK,36,19,1,400,,,,8,-nan,0,,[NRSL_PHY_EVENT] event=PSSCH_DECODE_OK request_ids=36 txRnti=19 sender_l2_id=19 receiver_l2_id=1 harq_id=8 tb_size=400 tbler=0 sinr=-nan sinrMin=1e+11 reason=,000060,14_9,leader_to_rsu,36,36,1
5332,0,PHY,PSSCH_DECODE_OK,40,5,1,400,,,,4,-nan,0,,[NRSL_PHY_EVENT] event=PSSCH_DECODE_OK request_ids=40 txRnti=5 sender_l2_id=5 receiver_l2_id=1 harq_id=4 tb_size=400 tbler=0 sinr=-nan sinrMin=1e+11 reason=,000060,16_7,leader_to_rsu,40,40,1
5439,0,PHY,PSSCH_DECODE_OK,35,4,1,95,,,,1,-nan,0,,[NRSL_PHY_EVENT] event=PSSCH_DECODE_OK request_ids=35 txRnti=4 sender_l2_id=4 receiver_l2_id=1 harq_id=1 tb_size=95 tbler=0 sinr=-nan sinrMin=1e+11 reason=,000060,13_3,leader_to_rsu,35,35,1
5441,0,PHY,PSSCH_DECODE_OK,38,20,1,95,,,,4,-nan,0,,[NRSL_PHY_EVENT] event=PSSCH_DECODE_OK request_ids=38 txRnti=20 sender_l2_id=20 receiver_l2_id=1 harq_id=4 tb_size=95 tbler=0 sinr=-nan sinrMin=1e+11 reason=,000060,15_4,leader_to_rsu,38,38,1
5443,0,PHY,PSSCH_DECODE_OK,37,2,1,95,,,,7,-nan,0,,[NRSL_PHY_EVENT] event=PSSCH_DECODE_OK request_ids=37 txRnti=2 sender_l2_id=2 receiver_l2_id=1 harq_id=7 tb_size=95 tbler=0 sinr=-nan sinrMin=1e+11 reason=,000060,15_2,leader_to_rsu,37,37,1
5445,0,PHY,PSSCH_DECODE_OK,39,16,1,95,,,,2,-nan,0,,[NRSL_PHY_EVENT] event=PSSCH_DECODE_OK request_ids=39 txRnti=16 sender_l2_id=16 receiver_l2_id=1 harq_id=2 tb_size=95 tbler=0 sinr=-nan sinrMin=1e+11 reason=,000060,15_8,leader_to_rsu,39,39,1
5447,0,PHY,PSSCH_DECODE_OK,34,3,1,95,,,,8,-nan,0,,[NRSL_PHY_EVENT] event=PSSCH_DECODE_OK request_ids=34 txRnti=3 sender_l2_id=3 receiver_l2_id=1 harq_id=8 tb_size=95 tbler=0 sinr=-nan sinrMin=1e+11 reason=,000060,12_4,leader_to_rsu,34,34,1
5449,0,PHY,PSSCH_DECODE_OK,36,19,1,95,,,,9,-nan,0,,[NRSL_PHY_EVENT] event=PSSCH_DECODE_OK request_ids=36 txRnti=19 sender_l2_id=19 receiver_l2_id=1 harq_id=9 tb_size=95 tbler=0 sinr=-nan sinrMin=1e+11 reason=,000060,14_9,leader_to_rsu,36,36,1
5451,0,PHY,PSSCH_DECODE_OK,40,5,1,95,,,,5,-nan,0,,[NRSL_PHY_EVENT] event=PSSCH_DECODE_OK request_ids=40 txRnti=5 sender_l2_id=5 receiver_l2_id=1 harq_id=5 tb_size=95 tbler=0 sinr=-nan sinrMin=1e+11 reason=,000060,16_7,leader_to_rsu,40,40,1
5484,0,PHY,PSSCH_DECODE_OK,2,5,16,52,,,,6,-nan,0.0001,,[NRSL_PHY_EVENT] event=PSSCH_DECODE_OK request_ids=2 txRnti=5 sender_l2_id=5 receiver_l2_id=16 harq_id=6 tb_size=52 tbler=0.0001 sinr=-nan sinrMin=1e+11 reason=,000060,16_8,member_to_leader,2,2,1
5538,0,PHY,PSSCH_DECODE_OK,1,14,17,68,,,,9,-nan,0.0001,,[NRSL_PHY_EVENT] event=PSSCH_DECODE_OK request_ids=1 txRnti=14 sender_l2_id=14 receiver_l2_id=17 harq_id=9 tb_size=68 tbler=0.0001 sinr=-nan sinrMin=1e+11 reason=,000060,12_9,member_to_leader,1,1,1
5625,0,PHY,PSSCH_DECODE_OK,39,16,1,400,,,,3,-nan,0,,[NRSL_PHY_EVENT] event=PSSCH_DECODE_OK request_ids=39 txRnti=16 sender_l2_id=16 receiver_l2_id=1 harq_id=3 tb_size=400 tbler=0 sinr=-nan sinrMin=1e+11 reason=,000060,15_8,leader_to_rsu,39,39,1
5627,0,PHY,PSSCH_DECODE_OK,34,3,1,400,,,,9,-nan,0,,[NRSL_PHY_EVENT] event=PSSCH_DECODE_OK request_ids=34 txRnti=3 sender_l2_id=3 receiver_l2_id=1 harq_id=9 tb_size=400 tbler=0 sinr=-nan sinrMin=1e+11 reason=,000060,12_4,leader_to_rsu,34,34,1
5629,0,PHY,PSSCH_DECODE_OK,40,5,1,400,,,,7,-nan,0,,[NRSL_PHY_EVENT] event=PSSCH_DECODE_OK request_ids=40 txRnti=5 sender_l2_id=5 receiver_l2_id=1 harq_id=7 tb_size=400 tbler=0 sinr=-nan sinrMin=1e+11 reason=,000060,16_7,leader_to_rsu,40,40,1
5710,0,PHY,PSSCH_DECODE_OK,42,16,1,400,,,,4,-nan,0,,[NRSL_PHY_EVENT] event=PSSCH_DECODE_OK request_ids=42 txRnti=16 sender_l2_id=16 receiver_l2_id=1 harq_id=4 tb_size=400 tbler=0 sinr=-nan sinrMin=1e+11 reason=,000060,16_5,leader_to_rsu,42,42,1
5712,0,PHY,PSSCH_DECODE_OK,41,3,1,400,,,,10,-nan,0,,[NRSL_PHY_EVENT] event=PSSCH_DECODE_OK request_ids=41 txRnti=3 sender_l2_id=3 receiver_l2_id=1 harq_id=10 tb_size=400 tbler=0 sinr=-nan sinrMin=1e+11 reason=,000060,12_5,leader_to_rsu,41,41,1
5714,0,PHY,PSSCH_DECODE_OK,43,5,1,400,,,,8,-nan,0,,[NRSL_PHY_EVENT] event=PSSCH_DECODE_OK request_ids=43 txRnti=5 sender_l2_id=5 receiver_l2_id=1 harq_id=8 tb_size=400 tbler=0 sinr=-nan sinrMin=1e+11 reason=,000060,17_5,leader_to_rsu,43,43,1
5785,0,PHY,PSSCH_DECODE_OK,42,16,1,400,,,,5,-nan,0,,[NRSL_PHY_EVENT] event=PSSCH_DECODE_OK request_ids=42 txRnti=16 sender_l2_id=16 receiver_l2_id=1 harq_id=5 tb_size=400 tbler=0 sinr=-nan sinrMin=1e+11 reason=,000060,16_5,leader_to_rsu,42,42,1
5787,0,PHY,PSSCH_DECODE_OK,41,3,1,400,,,,11,-nan,0,,[NRSL_PHY_EVENT] event=PSSCH_DECODE_OK request_ids=41 txRnti=3 sender_l2_id=3 receiver_l2_id=1 harq_id=11 tb_size=400 tbler=0 sinr=-nan sinrMin=1e+11 reason=,000060,12_5,leader_to_rsu,41,41,1
5789,0,PHY,PSSCH_DECODE_OK,43,5,1,400,,,,9,-nan,0,,[NRSL_PHY_EVENT] event=PSSCH_DECODE_OK request_ids=43 txRnti=5 sender_l2_id=5 receiver_l2_id=1 harq_id=9 tb_size=400 tbler=0 sinr=-nan sinrMin=1e+11 reason=,000060,17_5,leader_to_rsu,43,43,1
5860,0,PHY,PSSCH_DECODE_OK,42,16,1,400,,,,6,-nan,0,,[NRSL_PHY_EVENT] event=PSSCH_DECODE_OK request_ids=42 txRnti=16 sender_l2_id=16 receiver_l2_id=1 harq_id=6 tb_size=400 tbler=0 sinr=-nan sinrMin=1e+11 reason=,000060,16_5,leader_to_rsu,42,42,1
5862,0,PHY,PSSCH_DECODE_OK,41,3,1,400,,,,12,-nan,0,,[NRSL_PHY_EVENT] event=PSSCH_DECODE_OK request_ids=41 txRnti=3 sender_l2_id=3 receiver_l2_id=1 harq_id=12 tb_size=400 tbler=0 sinr=-nan sinrMin=1e+11 reason=,000060,12_5,leader_to_rsu,41,41,1
5864,0,PHY,PSSCH_DECODE_OK,43,5,1,400,,,,10,-nan,0,,[NRSL_PHY_EVENT] event=PSSCH_DECODE_OK request_ids=43 txRnti=5 sender_l2_id=5 receiver_l2_id=1 harq_id=10 tb_size=400 tbler=0 sinr=-nan sinrMin=1e+11 reason=,000060,17_5,leader_to_rsu,43,43,1
5951,0,PHY,PSSCH_DECODE_OK,42,16,1,400,,,,7,-nan,0,,[NRSL_PHY_EVENT] event=PSSCH_DECODE_OK request_ids=42 txRnti=16 sender_l2_id=16 receiver_l2_id=1 harq_id=7 tb_size=400 tbler=0 sinr=-nan sinrMin=1e+11 reason=,000060,16_5,leader_to_rsu,42,42,1
5953,0,PHY,PSSCH_DECODE_OK,41,3,1,400,,,,13,-nan,0,,[NRSL_PHY_EVENT] event=PSSCH_DECODE_OK request_ids=41 txRnti=3 sender_l2_id=3 receiver_l2_id=1 harq_id=13 tb_size=400 tbler=0 sinr=-nan sinrMin=1e+11 reason=,000060,12_5,leader_to_rsu,41,41,1
5955,0,PHY,PSSCH_DECODE_OK,43,5,1,400,,,,11,-nan,0,,[NRSL_PHY_EVENT] event=PSSCH_DECODE_OK request_ids=43 txRnti=5 sender_l2_id=5 receiver_l2_id=1 harq_id=11 tb_size=400 tbler=0 sinr=-nan sinrMin=1e+11 reason=,000060,17_5,leader_to_rsu,43,43,1
6058,0,PHY,PSSCH_DECODE_OK,38,20,1,12,,,,5,-nan,0.0005,,[NRSL_PHY_EVENT] event=PSSCH_DECODE_OK request_ids=38 txRnti=20 sender_l2_id=20 receiver_l2_id=1 harq_id=5 tb_size=12 tbler=0.0005 sinr=-nan sinrMin=1e+11 reason=,000060,15_4,leader_to_rsu,38,38,1
6060,0,PHY,PSSCH_DECODE_OK,37,2,1,12,,,,8,-nan,0.0005,,[NRSL_PHY_EVENT] event=PSSCH_DECODE_OK request_ids=37 txRnti=2 sender_l2_id=2 receiver_l2_id=1 harq_id=8 tb_size=12 tbler=0.0005 sinr=-nan sinrMin=1e+11 reason=,000060,15_2,leader_to_rsu,37,37,1
6062,0,PHY,PSSCH_DECODE_OK,42,16,1,95,,,,8,-nan,0,,[NRSL_PHY_EVENT] event=PSSCH_DECODE_OK request_ids=42 txRnti=16 sender_l2_id=16 receiver_l2_id=1 harq_id=8 tb_size=95 tbler=0 sinr=-nan sinrMin=1e+11 reason=,000060,16_5,leader_to_rsu,42,42,1
6064,0,PHY,PSSCH_DECODE_OK,41,3,1,95,,,,14,-nan,0,,[NRSL_PHY_EVENT] event=PSSCH_DECODE_OK request_ids=41 txRnti=3 sender_l2_id=3 receiver_l2_id=1 harq_id=14 tb_size=95 tbler=0 sinr=-nan sinrMin=1e+11 reason=,000060,12_5,leader_to_rsu,41,41,1
6066,0,PHY,PSSCH_DECODE_OK,43,5,1,95,,,,12,-nan,0,,[NRSL_PHY_EVENT] event=PSSCH_DECODE_OK request_ids=43 txRnti=5 sender_l2_id=5 receiver_l2_id=1 harq_id=12 tb_size=95 tbler=0 sinr=-nan sinrMin=1e+11 reason=,000060,17_5,leader_to_rsu,43,43,1
6162,0,PHY,PSSCH_DECODE_OK,42,16,1,400,,,,9,-nan,0,,[NRSL_PHY_EVENT] event=PSSCH_DECODE_OK request_ids=42 txRnti=16 sender_l2_id=16 receiver_l2_id=1 harq_id=9 tb_size=400 tbler=0 sinr=-nan sinrMin=1e+11 reason=,000060,16_5,leader_to_rsu,42,42,1
6164,0,PHY,PSSCH_DECODE_OK,43,5,1,400,,,,13,-nan,0,,[NRSL_PHY_EVENT] event=PSSCH_DECODE_OK request_ids=43 txRnti=5 sender_l2_id=5 receiver_l2_id=1 harq_id=13 tb_size=400 tbler=0 sinr=-nan sinrMin=1e+11 reason=,000060,17_5,leader_to_rsu,43,43,1
6224,0,PHY,PSSCH_DECODE_OK,44,16,1,400,,,,10,-nan,0,,[NRSL_PHY_EVENT] event=PSSCH_DECODE_OK request_ids=44 txRnti=16 sender_l2_id=16 receiver_l2_id=1 harq_id=10 tb_size=400 tbler=0 sinr=-nan sinrMin=1e+11 reason=,000060,16_8,leader_to_rsu,44,44,1
6226,0,PHY,PSSCH_DECODE_OK,45,5,1,400,,,,14,-nan,0,,[NRSL_PHY_EVENT] event=PSSCH_DECODE_OK request_ids=45 txRnti=5 sender_l2_id=5 receiver_l2_id=1 harq_id=14 tb_size=400 tbler=0 sinr=-nan sinrMin=1e+11 reason=,000060,17_7,leader_to_rsu,45,45,1
6276,0,PHY,PSSCH_DECODE_OK,44,16,1,400,,,,11,-nan,0,,[NRSL_PHY_EVENT] event=PSSCH_DECODE_OK request_ids=44 txRnti=16 sender_l2_id=16 receiver_l2_id=1 harq_id=11 tb_size=400 tbler=0 sinr=-nan sinrMin=1e+11 reason=,000060,16_8,leader_to_rsu,44,44,1
6278,0,PHY,PSSCH_DECODE_OK,45,5,1,400,,,,15,-nan,0,,[NRSL_PHY_EVENT] event=PSSCH_DECODE_OK request_ids=45 txRnti=5 sender_l2_id=5 receiver_l2_id=1 harq_id=15 tb_size=400 tbler=0 sinr=-nan sinrMin=1e+11 reason=,000060,17_7,leader_to_rsu,45,45,1
6328,0,PHY,PSSCH_DECODE_OK,44,16,1,400,,,,12,-nan,0,,[NRSL_PHY_EVENT] event=PSSCH_DECODE_OK request_ids=44 txRnti=16 sender_l2_id=16 receiver_l2_id=1 harq_id=12 tb_size=400 tbler=0 sinr=-nan sinrMin=1e+11 reason=,000060,16_8,leader_to_rsu,44,44,1
6330,0,PHY,PSSCH_DECODE_OK,45,5,1,400,,,,0,-nan,0,,[NRSL_PHY_EVENT] event=PSSCH_DECODE_OK request_ids=45 txRnti=5 sender_l2_id=5 receiver_l2_id=1 harq_id=0 tb_size=400 tbler=0 sinr=-nan sinrMin=1e+11 reason=,000060,17_7,leader_to_rsu,45,45,1
6384,0,PHY,PSSCH_DECODE_OK,44,16,1,400,,,,13,-nan,0,,[NRSL_PHY_EVENT] event=PSSCH_DECODE_OK request_ids=44 txRnti=16 sender_l2_id=16 receiver_l2_id=1 harq_id=13 tb_size=400 tbler=0 sinr=-nan sinrMin=1e+11 reason=,000060,16_8,leader_to_rsu,44,44,1
6386,0,PHY,PSSCH_DECODE_OK,45,5,1,400,,,,1,-nan,0,,[NRSL_PHY_EVENT] event=PSSCH_DECODE_OK request_ids=45 txRnti=5 sender_l2_id=5 receiver_l2_id=1 harq_id=1 tb_size=400 tbler=0 sinr=-nan sinrMin=1e+11 reason=,000060,17_7,leader_to_rsu,45,45,1
6444,0,PHY,PSSCH_DECODE_OK,44,16,1,95,,,,14,-nan,0,,[NRSL_PHY_EVENT] event=PSSCH_DECODE_OK request_ids=44 txRnti=16 sender_l2_id=16 receiver_l2_id=1 harq_id=14 tb_size=95 tbler=0 sinr=-nan sinrMin=1e+11 reason=,000060,16_8,leader_to_rsu,44,44,1
6446,0,PHY,PSSCH_DECODE_OK,45,5,1,95,,,,2,-nan,0,,[NRSL_PHY_EVENT] event=PSSCH_DECODE_OK request_ids=45 txRnti=5 sender_l2_id=5 receiver_l2_id=1 harq_id=2 tb_size=95 tbler=0 sinr=-nan sinrMin=1e+11 reason=,000060,17_7,leader_to_rsu,45,45,1
6497,0,PHY,PSSCH_DECODE_OK,45,5,1,400,,,,3,-nan,0,,[NRSL_PHY_EVENT] event=PSSCH_DECODE_OK request_ids=45 txRnti=5 sender_l2_id=5 receiver_l2_id=1 harq_id=3 tb_size=400 tbler=0 sinr=-nan sinrMin=1e+11 reason=,000060,17_7,leader_to_rsu,45,45,1
6529,0,PHY,PSSCH_DECODE_OK,46,5,1,400,,,,4,-nan,0,,[NRSL_PHY_EVENT] event=PSSCH_DECODE_OK request_ids=46 txRnti=5 sender_l2_id=5 receiver_l2_id=1 harq_id=4 tb_size=400 tbler=0 sinr=-nan sinrMin=1e+11 reason=,000060,18_7,leader_to_rsu,46,46,1
6556,0,PHY,PSSCH_DECODE_OK,46,5,1,400,,,,5,-nan,0,,[NRSL_PHY_EVENT] event=PSSCH_DECODE_OK request_ids=46 txRnti=5 sender_l2_id=5 receiver_l2_id=1 harq_id=5 tb_size=400 tbler=0 sinr=-nan sinrMin=1e+11 reason=,000060,18_7,leader_to_rsu,46,46,1
6583,0,PHY,PSSCH_DECODE_OK,46,5,1,400,,,,6,-nan,0,,[NRSL_PHY_EVENT] event=PSSCH_DECODE_OK request_ids=46 txRnti=5 sender_l2_id=5 receiver_l2_id=1 harq_id=6 tb_size=400 tbler=0 sinr=-nan sinrMin=1e+11 reason=,000060,18_7,leader_to_rsu,46,46,1
6614,0,PHY,PSSCH_DECODE_OK,46,5,1,400,,,,7,-nan,0,,[NRSL_PHY_EVENT] event=PSSCH_DECODE_OK request_ids=46 txRnti=5 sender_l2_id=5 receiver_l2_id=1 harq_id=7 tb_size=400 tbler=0 sinr=-nan sinrMin=1e+11 reason=,000060,18_7,leader_to_rsu,46,46,1
6655,0,PHY,PSSCH_DECODE_OK,46,5,1,95,,,,8,-nan,0,,[NRSL_PHY_EVENT] event=PSSCH_DECODE_OK request_ids=46 txRnti=5 sender_l2_id=5 receiver_l2_id=1 harq_id=8 tb_size=95 tbler=0 sinr=-nan sinrMin=1e+11 reason=,000060,18_7,leader_to_rsu,46,46,1
6695,0,PHY,PSSCH_DECODE_OK,46,5,1,12,,,,9,-nan,0.0005,,[NRSL_PHY_EVENT] event=PSSCH_DECODE_OK request_ids=46 txRnti=5 sender_l2_id=5 receiver_l2_id=1 harq_id=9 tb_size=12 tbler=0.0005 sinr=-nan sinrMin=1e+11 reason=,000060,18_7,leader_to_rsu,46,46,1
6933,1,PHY,PSSCH_DECODE_OK,55,13,4,400,,,,13,-nan,0,,[NRSL_PHY_EVENT] event=PSSCH_DECODE_OK request_ids=55 txRnti=13 sender_l2_id=13 receiver_l2_id=4 harq_id=13 tb_size=400 tbler=0 sinr=-nan sinrMin=1e+11 reason=,000062,13_2,member_to_leader,55,55,1
6935,1,PHY,PSSCH_DECODE_OK,47,14,17,400,,,,10,-nan,0,,[NRSL_PHY_EVENT] event=PSSCH_DECODE_OK request_ids=47 txRnti=14 sender_l2_id=14 receiver_l2_id=17 harq_id=10 tb_size=400 tbler=0 sinr=-nan sinrMin=1e+11 reason=,000062,12_9,member_to_leader,47,47,1
7086,1,PHY,PSSCH_DECODE_OK,55,13,4,400,,,,14,-nan,0,,[NRSL_PHY_EVENT] event=PSSCH_DECODE_OK request_ids=55 txRnti=13 sender_l2_id=13 receiver_l2_id=4 harq_id=14 tb_size=400 tbler=0 sinr=-nan sinrMin=1e+11 reason=,000062,13_2,member_to_leader,55,55,1
7088,1,PHY,PSSCH_DECODE_OK,47,14,17,400,,,,11,-nan,0,,[NRSL_PHY_EVENT] event=PSSCH_DECODE_OK request_ids=47 txRnti=14 sender_l2_id=14 receiver_l2_id=17 harq_id=11 tb_size=400 tbler=0 sinr=-nan sinrMin=1e+11 reason=,000062,12_9,member_to_leader,47,47,1
7237,1,PHY,PSSCH_DECODE_OK,55,13,4,400,,,,15,-nan,0,,[NRSL_PHY_EVENT] event=PSSCH_DECODE_OK request_ids=55 txRnti=13 sender_l2_id=13 receiver_l2_id=4 harq_id=15 tb_size=400 tbler=0 sinr=-nan sinrMin=1e+11 reason=,000062,13_2,member_to_leader,55,55,1
7239,1,PHY,PSSCH_DECODE_OK,47,14,17,400,,,,12,-nan,0,,[NRSL_PHY_EVENT] event=PSSCH_DECODE_OK request_ids=47 txRnti=14 sender_l2_id=14 receiver_l2_id=17 harq_id=12 tb_size=400 tbler=0 sinr=-nan sinrMin=1e+11 reason=,000062,12_9,member_to_leader,47,47,1
7390,1,PHY,PSSCH_DECODE_OK,55,13,4,400,,,,0,-nan,0,,[NRSL_PHY_EVENT] event=PSSCH_DECODE_OK request_ids=55 txRnti=13 sender_l2_id=13 receiver_l2_id=4 harq_id=0 tb_size=400 tbler=0 sinr=-nan sinrMin=1e+11 reason=,000062,13_2,member_to_leader,55,55,1
7392,1,PHY,PSSCH_DECODE_OK,47,14,17,400,,,,13,-nan,0,,[NRSL_PHY_EVENT] event=PSSCH_DECODE_OK request_ids=47 txRnti=14 sender_l2_id=14 receiver_l2_id=17 harq_id=13 tb_size=400 tbler=0 sinr=-nan sinrMin=1e+11 reason=,000062,12_9,member_to_leader,47,47,1
7541,1,PHY,PSSCH_DECODE_OK,55,13,4,400,,,,1,-nan,0,,[NRSL_PHY_EVENT] event=PSSCH_DECODE_OK request_ids=55 txRnti=13 sender_l2_id=13 receiver_l2_id=4 harq_id=1 tb_size=400 tbler=0 sinr=-nan sinrMin=1e+11 reason=,000062,13_2,member_to_leader,55,55,1
7543,1,PHY,PSSCH_DECODE_OK,47,14,17,400,,,,14,-nan,0,,[NRSL_PHY_EVENT] event=PSSCH_DECODE_OK request_ids=47 txRnti=14 sender_l2_id=14 receiver_l2_id=17 harq_id=14 tb_size=400 tbler=0 sinr=-nan sinrMin=1e+11 reason=,000062,12_9,member_to_leader,47,47,1
7684,1,PHY,PSSCH_DECODE_OK,55,13,4,3,,,,2,-nan,0,,[NRSL_PHY_EVENT] event=PSSCH_DECODE_OK request_ids=55 txRnti=13 sender_l2_id=13 receiver_l2_id=4 harq_id=2 tb_size=3 tbler=0 sinr=-nan sinrMin=1e+11 reason=,000062,13_2,member_to_leader,55,55,1
7686,1,PHY,PSSCH_DECODE_OK,47,14,17,400,,,,15,-nan,0,,[NRSL_PHY_EVENT] event=PSSCH_DECODE_OK request_ids=47 txRnti=14 sender_l2_id=14 receiver_l2_id=17 harq_id=15 tb_size=400 tbler=0 sinr=-nan sinrMin=1e+11 reason=,000062,12_9,member_to_leader,47,47,1
7812,1,PHY,PSSCH_DECODE_OK,47,14,17,400,,,,0,-nan,0,,[NRSL_PHY_EVENT] event=PSSCH_DECODE_OK request_ids=47 txRnti=14 sender_l2_id=14 receiver_l2_id=17 harq_id=0 tb_size=400 tbler=0 sinr=-nan sinrMin=1e+11 reason=,000062,12_9,member_to_leader,47,47,1
7921,1,PHY,PSSCH_DECODE_OK,47,14,17,400,,,,1,-nan,0,,[NRSL_PHY_EVENT] event=PSSCH_DECODE_OK request_ids=47 txRnti=14 sender_l2_id=14 receiver_l2_id=17 harq_id=1 tb_size=400 tbler=0 sinr=-nan sinrMin=1e+11 reason=,000062,12_9,member_to_leader,47,47,1
8004,1,PHY,PSSCH_DECODE_OK,49,20,2,400,,,,14,-nan,0,,[NRSL_PHY_EVENT] event=PSSCH_DECODE_OK request_ids=49 txRnti=20 sender_l2_id=20 receiver_l2_id=2 harq_id=14 tb_size=400 tbler=0 sinr=-nan sinrMin=1e+11 reason=,000062,15_3,member_to_leader,49,49,1
8006,1,PHY,PSSCH_DECODE_OK,50,16,5,3,,,,8,-nan,0,,[NRSL_PHY_EVENT] event=PSSCH_DECODE_OK request_ids=50 txRnti=16 sender_l2_id=16 receiver_l2_id=5 harq_id=8 tb_size=3 tbler=0 sinr=-nan sinrMin=1e+11 reason=,000062,16_8,member_to_leader,50,50,1
8008,1,PHY,PSSCH_DECODE_OK,48,21,12,400,,,,1,-nan,0,,[NRSL_PHY_EVENT] event=PSSCH_DECODE_OK request_ids=48 txRnti=21 sender_l2_id=21 receiver_l2_id=12 harq_id=1 tb_size=400 tbler=0 sinr=-nan sinrMin=1e+11 reason=,000062,11_8,member_to_leader,48,48,1
8010,1,PHY,PSSCH_DECODE_OK,47,14,17,400,,,,2,-nan,0,,[NRSL_PHY_EVENT] event=PSSCH_DECODE_OK request_ids=47 txRnti=14 sender_l2_id=14 receiver_l2_id=17 harq_id=2 tb_size=400 tbler=0 sinr=-nan sinrMin=1e+11 reason=,000062,12_9,member_to_leader,47,47,1
8082,1,PHY,PSSCH_DECODE_OK,49,20,2,400,,,,15,-nan,0,,[NRSL_PHY_EVENT] event=PSSCH_DECODE_OK request_ids=49 txRnti=20 sender_l2_id=20 receiver_l2_id=2 harq_id=15 tb_size=400 tbler=0 sinr=-nan sinrMin=1e+11 reason=,000062,15_3,member_to_leader,49,49,1
8084,1,PHY,PSSCH_DECODE_OK,48,21,12,400,,,,2,-nan,0,,[NRSL_PHY_EVENT] event=PSSCH_DECODE_OK request_ids=48 txRnti=21 sender_l2_id=21 receiver_l2_id=12 harq_id=2 tb_size=400 tbler=0 sinr=-nan sinrMin=1e+11 reason=,000062,11_8,member_to_leader,48,48,1
8086,1,PHY,PSSCH_DECODE_OK,47,14,17,400,,,,3,-nan,0,,[NRSL_PHY_EVENT] event=PSSCH_DECODE_OK request_ids=47 txRnti=14 sender_l2_id=14 receiver_l2_id=17 harq_id=3 tb_size=400 tbler=0 sinr=-nan sinrMin=1e+11 reason=,000062,12_9,member_to_leader,47,47,1
8153,1,PHY,PSSCH_DECODE_OK,49,20,2,195,,,,0,-nan,0,,[NRSL_PHY_EVENT] event=PSSCH_DECODE_OK request_ids=49 txRnti=20 sender_l2_id=20 receiver_l2_id=2 harq_id=0 tb_size=195 tbler=0 sinr=-nan sinrMin=1e+11 reason=,000062,15_3,member_to_leader,49,49,1
8155,1,PHY,PSSCH_DECODE_OK,48,21,12,400,,,,3,-nan,0,,[NRSL_PHY_EVENT] event=PSSCH_DECODE_OK request_ids=48 txRnti=21 sender_l2_id=21 receiver_l2_id=12 harq_id=3 tb_size=400 tbler=0 sinr=-nan sinrMin=1e+11 reason=,000062,11_8,member_to_leader,48,48,1
8157,1,PHY,PSSCH_DECODE_OK,47,14,17,400,,,,4,-nan,0,,[NRSL_PHY_EVENT] event=PSSCH_DECODE_OK request_ids=47 txRnti=14 sender_l2_id=14 receiver_l2_id=17 harq_id=4 tb_size=400 tbler=0 sinr=-nan sinrMin=1e+11 reason=,000062,12_9,member_to_leader,47,47,1
8208,1,PHY,PSSCH_DECODE_OK,48,21,12,400,,,,4,-nan,0,,[NRSL_PHY_EVENT] event=PSSCH_DECODE_OK request_ids=48 txRnti=21 sender_l2_id=21 receiver_l2_id=12 harq_id=4 tb_size=400 tbler=0 sinr=-nan sinrMin=1e+11 reason=,000062,11_8,member_to_leader,48,48,1
8210,1,PHY,PSSCH_DECODE_OK,47,14,17,400,,,,5,-nan,0,,[NRSL_PHY_EVENT] event=PSSCH_DECODE_OK request_ids=47 txRnti=14 sender_l2_id=14 receiver_l2_id=17 harq_id=5 tb_size=400 tbler=0 sinr=-nan sinrMin=1e+11 reason=,000062,12_9,member_to_leader,47,47,1
8260,1,PHY,PSSCH_DECODE_OK,48,21,12,400,,,,5,-nan,0,,[NRSL_PHY_EVENT] event=PSSCH_DECODE_OK request_ids=48 txRnti=21 sender_l2_id=21 receiver_l2_id=12 harq_id=5 tb_size=400 tbler=0 sinr=-nan sinrMin=1e+11 reason=,000062,11_8,member_to_leader,48,48,1
8262,1,PHY,PSSCH_DECODE_OK,47,14,17,400,,,,6,-nan,0,,[NRSL_PHY_EVENT] event=PSSCH_DECODE_OK request_ids=47 txRnti=14 sender_l2_id=14 receiver_l2_id=17 harq_id=6 tb_size=400 tbler=0 sinr=-nan sinrMin=1e+11 reason=,000062,12_9,member_to_leader,47,47,1
8312,1,PHY,PSSCH_DECODE_OK,48,21,12,400,,,,6,-nan,0,,[NRSL_PHY_EVENT] event=PSSCH_DECODE_OK request_ids=48 txRnti=21 sender_l2_id=21 receiver_l2_id=12 harq_id=6 tb_size=400 tbler=0 sinr=-nan sinrMin=1e+11 reason=,000062,11_8,member_to_leader,48,48,1
8314,1,PHY,PSSCH_DECODE_OK,47,14,17,400,,,,7,-nan,0,,[NRSL_PHY_EVENT] event=PSSCH_DECODE_OK request_ids=47 txRnti=14 sender_l2_id=14 receiver_l2_id=17 harq_id=7 tb_size=400 tbler=0 sinr=-nan sinrMin=1e+11 reason=,000062,12_9,member_to_leader,47,47,1
8364,1,PHY,PSSCH_DECODE_OK,48,21,12,400,,,,7,-nan,0,,[NRSL_PHY_EVENT] event=PSSCH_DECODE_OK request_ids=48 txRnti=21 sender_l2_id=21 receiver_l2_id=12 harq_id=7 tb_size=400 tbler=0 sinr=-nan sinrMin=1e+11 reason=,000062,11_8,member_to_leader,48,48,1
8366,1,PHY,PSSCH_DECODE_OK,47,14,17,400,,,,8,-nan,0,,[NRSL_PHY_EVENT] event=PSSCH_DECODE_OK request_ids=47 txRnti=14 sender_l2_id=14 receiver_l2_id=17 harq_id=8 tb_size=400 tbler=0 sinr=-nan sinrMin=1e+11 reason=,000062,12_9,member_to_leader,47,47,1
8416,1,PHY,PSSCH_DECODE_OK,48,21,12,400,,,,8,-nan,0,,[NRSL_PHY_EVENT] event=PSSCH_DECODE_OK request_ids=48 txRnti=21 sender_l2_id=21 receiver_l2_id=12 harq_id=8 tb_size=400 tbler=0 sinr=-nan sinrMin=1e+11 reason=,000062,11_8,member_to_leader,48,48,1
8418,1,PHY,PSSCH_DECODE_OK,47,14,17,400,,,,9,-nan,0,,[NRSL_PHY_EVENT] event=PSSCH_DECODE_OK request_ids=47 txRnti=14 sender_l2_id=14 receiver_l2_id=17 harq_id=9 tb_size=400 tbler=0 sinr=-nan sinrMin=1e+11 reason=,000062,12_9,member_to_leader,47,47,1
8464,1,PHY,PSSCH_DECODE_OK,48,21,12,3,,,,9,-nan,0,,[NRSL_PHY_EVENT] event=PSSCH_DECODE_OK request_ids=48 txRnti=21 sender_l2_id=21 receiver_l2_id=12 harq_id=9 tb_size=3 tbler=0 sinr=-nan sinrMin=1e+11 reason=,000062,11_8,member_to_leader,48,48,1
8466,1,PHY,PSSCH_DECODE_OK,47,14,17,400,,,,10,-nan,0,,[NRSL_PHY_EVENT] event=PSSCH_DECODE_OK request_ids=47 txRnti=14 sender_l2_id=14 receiver_l2_id=17 harq_id=10 tb_size=400 tbler=0 sinr=-nan sinrMin=1e+11 reason=,000062,12_9,member_to_leader,47,47,1
8494,1,PHY,PSSCH_DECODE_OK,47,14,17,400,,,,11,-nan,0,,[NRSL_PHY_EVENT] event=PSSCH_DECODE_OK request_ids=47 txRnti=14 sender_l2_id=14 receiver_l2_id=17 harq_id=11 tb_size=400 tbler=0 sinr=-nan sinrMin=1e+11 reason=,000062,12_9,member_to_leader,47,47,1
8558,1,PHY,PSSCH_DECODE_OK,47,14,17,400,,,,12,-nan,0,,[NRSL_PHY_EVENT] event=PSSCH_DECODE_OK request_ids=47 txRnti=14 sender_l2_id=14 receiver_l2_id=17 harq_id=12 tb_size=400 tbler=0 sinr=-nan sinrMin=1e+11 reason=,000062,12_9,member_to_leader,47,47,1
8611,1,PHY,PSSCH_DECODE_OK,47,14,17,400,,,,13,-nan,0,,[NRSL_PHY_EVENT] event=PSSCH_DECODE_OK request_ids=47 txRnti=14 sender_l2_id=14 receiver_l2_id=17 harq_id=13 tb_size=400 tbler=0 sinr=-nan sinrMin=1e+11 reason=,000062,12_9,member_to_leader,47,47,1
8727,1,PHY,PSSCH_DECODE_OK,49,20,2,400,,,,1,-nan,0,,[NRSL_PHY_EVENT] event=PSSCH_DECODE_OK request_ids=49 txRnti=20 sender_l2_id=20 receiver_l2_id=2 harq_id=1 tb_size=400 tbler=0 sinr=-nan sinrMin=1e+11 reason=,000062,15_3,member_to_leader,49,49,1
8729,1,PHY,PSSCH_DECODE_OK,57,21,3,400,,,,10,-nan,0,,[NRSL_PHY_EVENT] event=PSSCH_DECODE_OK request_ids=57 txRnti=21 sender_l2_id=21 receiver_l2_id=3 harq_id=10 tb_size=400 tbler=0 sinr=-nan sinrMin=1e+11 reason=,000062,11_5,member_to_leader,57,57,1
8731,1,PHY,PSSCH_DECODE_OK,47,14,17,400,,,,14,-nan,0,,[NRSL_PHY_EVENT] event=PSSCH_DECODE_OK request_ids=47 txRnti=14 sender_l2_id=14 receiver_l2_id=17 harq_id=14 tb_size=400 tbler=0 sinr=-nan sinrMin=1e+11 reason=,000062,12_9,member_to_leader,47,47,1
8836,1,PHY,PSSCH_DECODE_OK,58,20,2,400,,,,2,-nan,0,,[NRSL_PHY_EVENT] event=PSSCH_DECODE_OK request_ids=58 txRnti=20 sender_l2_id=20 receiver_l2_id=2 harq_id=2 tb_size=400 tbler=0 sinr=-nan sinrMin=1e+11 reason=,000062,15_2,member_to_leader,58,58,1
8838,1,PHY,PSSCH_DECODE_OK,57,21,3,400,,,,11,-nan,0,,[NRSL_PHY_EVENT] event=PSSCH_DECODE_OK request_ids=57 txRnti=21 sender_l2_id=21 receiver_l2_id=3 harq_id=11 tb_size=400 tbler=0 sinr=-nan sinrMin=1e+11 reason=,000062,11_5,member_to_leader,57,57,1
8840,1,PHY,PSSCH_DECODE_OK,56,14,9,400,,,,15,-nan,0,,[NRSL_PHY_EVENT] event=PSSCH_DECODE_OK request_ids=56 txRnti=14 sender_l2_id=14 receiver_l2_id=9 harq_id=15 tb_size=400 tbler=0 sinr=-nan sinrMin=1e+11 reason=,000062,12_10,member_to_leader,56,56,1
8842,1,PHY,PSSCH_DECODE_OK,59,19,16,400,,,,3,-nan,0,,[NRSL_PHY_EVENT] event=PSSCH_DECODE_OK request_ids=59 txRnti=19 sender_l2_id=19 receiver_l2_id=16 harq_id=3 tb_size=400 tbler=0 sinr=-nan sinrMin=1e+11 reason=,000062,15_8,member_to_leader,59,59,1
8844,1,PHY,PSSCH_DECODE_OK,60,5,16,400,,,,3,-nan,0,,[NRSL_PHY_EVENT] event=PSSCH_DECODE_OK request_ids=60 txRnti=5 sender_l2_id=5 receiver_l2_id=16 harq_id=3 tb_size=400 tbler=0 sinr=-nan sinrMin=1e+11 reason=,000062,17_5,member_to_leader,60,60,1
8951,1,PHY,PSSCH_DECODE_OK,58,20,2,400,,,,3,-nan,0,,[NRSL_PHY_EVENT] event=PSSCH_DECODE_OK request_ids=58 txRnti=20 sender_l2_id=20 receiver_l2_id=2 harq_id=3 tb_size=400 tbler=0 sinr=-nan sinrMin=1e+11 reason=,000062,15_2,member_to_leader,58,58,1
8953,1,PHY,PSSCH_DECODE_OK,57,21,3,400,,,,12,-nan,0,,[NRSL_PHY_EVENT] event=PSSCH_DECODE_OK request_ids=57 txRnti=21 sender_l2_id=21 receiver_l2_id=3 harq_id=12 tb_size=400 tbler=0 sinr=-nan sinrMin=1e+11 reason=,000062,11_5,member_to_leader,57,57,1
8955,1,PHY,PSSCH_DECODE_OK,56,14,9,400,,,,0,-nan,0,,[NRSL_PHY_EVENT] event=PSSCH_DECODE_OK request_ids=56 txRnti=14 sender_l2_id=14 receiver_l2_id=9 harq_id=0 tb_size=400 tbler=0 sinr=-nan sinrMin=1e+11 reason=,000062,12_10,member_to_leader,56,56,1
8957,1,PHY,PSSCH_DECODE_OK,59,19,16,400,,,,4,-nan,0,,[NRSL_PHY_EVENT] event=PSSCH_DECODE_OK request_ids=59 txRnti=19 sender_l2_id=19 receiver_l2_id=16 harq_id=4 tb_size=400 tbler=0 sinr=-nan sinrMin=1e+11 reason=,000062,15_8,member_to_leader,59,59,1
8959,1,PHY,PSSCH_DECODE_OK,60,5,16,400,,,,4,-nan,0,,[NRSL_PHY_EVENT] event=PSSCH_DECODE_OK request_ids=60 txRnti=5 sender_l2_id=5 receiver_l2_id=16 harq_id=4 tb_size=400 tbler=0 sinr=-nan sinrMin=1e+11 reason=,000062,17_5,member_to_leader,60,60,1
9066,1,PHY,PSSCH_DECODE_OK,58,20,2,400,,,,4,-nan,0,,[NRSL_PHY_EVENT] event=PSSCH_DECODE_OK request_ids=58 txRnti=20 sender_l2_id=20 receiver_l2_id=2 harq_id=4 tb_size=400 tbler=0 sinr=-nan sinrMin=1e+11 reason=,000062,15_2,member_to_leader,58,58,1
9068,1,PHY,PSSCH_DECODE_OK,57,21,3,400,,,,13,-nan,0,,[NRSL_PHY_EVENT] event=PSSCH_DECODE_OK request_ids=57 txRnti=21 sender_l2_id=21 receiver_l2_id=3 harq_id=13 tb_size=400 tbler=0 sinr=-nan sinrMin=1e+11 reason=,000062,11_5,member_to_leader,57,57,1
9070,1,PHY,PSSCH_DECODE_OK,59,19,16,400,,,,5,-nan,0,,[NRSL_PHY_EVENT] event=PSSCH_DECODE_OK request_ids=59 txRnti=19 sender_l2_id=19 receiver_l2_id=16 harq_id=5 tb_size=400 tbler=0 sinr=-nan sinrMin=1e+11 reason=,000062,15_8,member_to_leader,59,59,1
9072,1,PHY,PSSCH_DECODE_OK,60,5,16,400,,,,5,-nan,0,,[NRSL_PHY_EVENT] event=PSSCH_DECODE_OK request_ids=60 txRnti=5 sender_l2_id=5 receiver_l2_id=16 harq_id=5 tb_size=400 tbler=0 sinr=-nan sinrMin=1e+11 reason=,000062,17_5,member_to_leader,60,60,1
9074,1,PHY,PSSCH_DECODE_OK,47,14,17,400,,,,1,-nan,0,,[NRSL_PHY_EVENT] event=PSSCH_DECODE_OK request_ids=47 txRnti=14 sender_l2_id=14 receiver_l2_id=17 harq_id=1 tb_size=400 tbler=0 sinr=-nan sinrMin=1e+11 reason=,000062,12_9,member_to_leader,47,47,1
9193,1,PHY,PSSCH_DECODE_OK,58,20,2,400,,,,5,-nan,0,,[NRSL_PHY_EVENT] event=PSSCH_DECODE_OK request_ids=58 txRnti=20 sender_l2_id=20 receiver_l2_id=2 harq_id=5 tb_size=400 tbler=0 sinr=-nan sinrMin=1e+11 reason=,000062,15_2,member_to_leader,58,58,1
9195,1,PHY,PSSCH_DECODE_OK,57,21,3,400,,,,14,-nan,0,,[NRSL_PHY_EVENT] event=PSSCH_DECODE_OK request_ids=57 txRnti=21 sender_l2_id=21 receiver_l2_id=3 harq_id=14 tb_size=400 tbler=0 sinr=-nan sinrMin=1e+11 reason=,000062,11_5,member_to_leader,57,57,1
9197,1,PHY,PSSCH_DECODE_OK,56,14,9,400,,,,2,-nan,0,,[NRSL_PHY_EVENT] event=PSSCH_DECODE_OK request_ids=56 txRnti=14 sender_l2_id=14 receiver_l2_id=9 harq_id=2 tb_size=400 tbler=0 sinr=-nan sinrMin=1e+11 reason=,000062,12_10,member_to_leader,56,56,1
9199,1,PHY,PSSCH_DECODE_OK,59,19,16,400,,,,6,-nan,0,,[NRSL_PHY_EVENT] event=PSSCH_DECODE_OK request_ids=59 txRnti=19 sender_l2_id=19 receiver_l2_id=16 harq_id=6 tb_size=400 tbler=0 sinr=-nan sinrMin=1e+11 reason=,000062,15_8,member_to_leader,59,59,1
9201,1,PHY,PSSCH_DECODE_OK,60,5,16,35,,,,6,-nan,0,,[NRSL_PHY_EVENT] event=PSSCH_DECODE_OK request_ids=60 txRnti=5 sender_l2_id=5 receiver_l2_id=16 harq_id=6 tb_size=35 tbler=0 sinr=-nan sinrMin=1e+11 reason=,000062,17_5,member_to_leader,60,60,1
9316,1,PHY,PSSCH_DECODE_OK,58,20,2,400,,,,6,-nan,0,,[NRSL_PHY_EVENT] event=PSSCH_DECODE_OK request_ids=58 txRnti=20 sender_l2_id=20 receiver_l2_id=2 harq_id=6 tb_size=400 tbler=0 sinr=-nan sinrMin=1e+11 reason=,000062,15_2,member_to_leader,58,58,1
9319,1,PHY,PSSCH_DECODE_OK,55,13,4,12,,,,3,-nan,0.0005,,[NRSL_PHY_EVENT] event=PSSCH_DECODE_OK request_ids=55 txRnti=13 sender_l2_id=13 receiver_l2_id=4 harq_id=3 tb_size=12 tbler=0.0005 sinr=-nan sinrMin=1e+11 reason=,000062,13_2,member_to_leader,55,55,1
9321,1,PHY,PSSCH_DECODE_OK,59,19,16,83,,,,7,-nan,0.0001,,[NRSL_PHY_EVENT] event=PSSCH_DECODE_OK request_ids=59 txRnti=19 sender_l2_id=19 receiver_l2_id=16 harq_id=7 tb_size=83 tbler=0.0001 sinr=-nan sinrMin=1e+11 reason=,000062,15_8,member_to_leader,59,59,1
9323,1,PHY,PSSCH_DECODE_OK,47,14,17,400,,,,3,-nan,0,,[NRSL_PHY_EVENT] event=PSSCH_DECODE_OK request_ids=47 txRnti=14 sender_l2_id=14 receiver_l2_id=17 harq_id=3 tb_size=400 tbler=0 sinr=-nan sinrMin=1e+11 reason=,000062,12_9,member_to_leader,47,47,1
9415,1,PHY,PSSCH_DECODE_OK,58,20,2,400,,,,7,-nan,0,,[NRSL_PHY_EVENT] event=PSSCH_DECODE_OK request_ids=58 txRnti=20 sender_l2_id=20 receiver_l2_id=2 harq_id=7 tb_size=400 tbler=0 sinr=-nan sinrMin=1e+11 reason=,000062,15_2,member_to_leader,58,58,1
9417,1,PHY,PSSCH_DECODE_OK,57,21,3,400,,,,0,-nan,0,,[NRSL_PHY_EVENT] event=PSSCH_DECODE_OK request_ids=57 txRnti=21 sender_l2_id=21 receiver_l2_id=3 harq_id=0 tb_size=400 tbler=0 sinr=-nan sinrMin=1e+11 reason=,000062,11_5,member_to_leader,57,57,1
9419,1,PHY,PSSCH_DECODE_OK,56,14,9,400,,,,4,-nan,0,,[NRSL_PHY_EVENT] event=PSSCH_DECODE_OK request_ids=56 txRnti=14 sender_l2_id=14 receiver_l2_id=9 harq_id=4 tb_size=400 tbler=0 sinr=-nan sinrMin=1e+11 reason=,000062,12_10,member_to_leader,56,56,1
9496,1,PHY,PSSCH_DECODE_OK,57,21,3,355,,,,1,-nan,0,,[NRSL_PHY_EVENT] event=PSSCH_DECODE_OK request_ids=57 txRnti=21 sender_l2_id=21 receiver_l2_id=3 harq_id=1 tb_size=355 tbler=0 sinr=-nan sinrMin=1e+11 reason=,000062,11_5,member_to_leader,57,57,1
9498,1,PHY,PSSCH_DECODE_OK,47,14,17,400,,,,5,-nan,0,,[NRSL_PHY_EVENT] event=PSSCH_DECODE_OK request_ids=47 txRnti=14 sender_l2_id=14 receiver_l2_id=17 harq_id=5 tb_size=400 tbler=0 sinr=-nan sinrMin=1e+11 reason=,000062,12_9,member_to_leader,47,47,1
9526,1,PHY,PSSCH_DECODE_OK,56,14,9,400,,,,6,-nan,0,,[NRSL_PHY_EVENT] event=PSSCH_DECODE_OK request_ids=56 txRnti=14 sender_l2_id=14 receiver_l2_id=9 harq_id=6 tb_size=400 tbler=0 sinr=-nan sinrMin=1e+11 reason=,000062,12_10,member_to_leader,56,56,1
9553,1,PHY,PSSCH_DECODE_OK,47,14,17,400,,,,7,-nan,0,,[NRSL_PHY_EVENT] event=PSSCH_DECODE_OK request_ids=47 txRnti=14 sender_l2_id=14 receiver_l2_id=17 harq_id=7 tb_size=400 tbler=0 sinr=-nan sinrMin=1e+11 reason=,000062,12_9,member_to_leader,47,47,1
9580,1,PHY,PSSCH_DECODE_OK,56,14,9,400,,,,8,-nan,0,,[NRSL_PHY_EVENT] event=PSSCH_DECODE_OK request_ids=56 txRnti=14 sender_l2_id=14 receiver_l2_id=9 harq_id=8 tb_size=400 tbler=0 sinr=-nan sinrMin=1e+11 reason=,000062,12_10,member_to_leader,56,56,1
9607,1,PHY,PSSCH_DECODE_OK,47,14,17,400,,,,9,-nan,0,,[NRSL_PHY_EVENT] event=PSSCH_DECODE_OK request_ids=47 txRnti=14 sender_l2_id=14 receiver_l2_id=17 harq_id=9 tb_size=400 tbler=0 sinr=-nan sinrMin=1e+11 reason=,000062,12_9,member_to_leader,47,47,1
9634,1,PHY,PSSCH_DECODE_OK,56,14,9,400,,,,10,-nan,0,,[NRSL_PHY_EVENT] event=PSSCH_DECODE_OK request_ids=56 txRnti=14 sender_l2_id=14 receiver_l2_id=9 harq_id=10 tb_size=400 tbler=0 sinr=-nan sinrMin=1e+11 reason=,000062,12_10,member_to_leader,56,56,1
9661,1,PHY,PSSCH_DECODE_OK,47,14,17,400,,,,11,-nan,0,,[NRSL_PHY_EVENT] event=PSSCH_DECODE_OK request_ids=47 txRnti=14 sender_l2_id=14 receiver_l2_id=17 harq_id=11 tb_size=400 tbler=0 sinr=-nan sinrMin=1e+11 reason=,000062,12_9,member_to_leader,47,47,1
9688,1,PHY,PSSCH_DECODE_OK,56,14,9,400,,,,12,-nan,0,,[NRSL_PHY_EVENT] event=PSSCH_DECODE_OK request_ids=56 txRnti=14 sender_l2_id=14 receiver_l2_id=9 harq_id=12 tb_size=400 tbler=0 sinr=-nan sinrMin=1e+11 reason=,000062,12_10,member_to_leader,56,56,1
9721,1,PHY,PSSCH_DECODE_OK,47,14,17,400,,,,13,-nan,0,,[NRSL_PHY_EVENT] event=PSSCH_DECODE_OK request_ids=47 txRnti=14 sender_l2_id=14 receiver_l2_id=17 harq_id=13 tb_size=400 tbler=0 sinr=-nan sinrMin=1e+11 reason=,000062,12_9,member_to_leader,47,47,1
9766,1,PHY,PSSCH_DECODE_OK,56,14,9,400,,,,14,-nan,0,,[NRSL_PHY_EVENT] event=PSSCH_DECODE_OK request_ids=56 txRnti=14 sender_l2_id=14 receiver_l2_id=9 harq_id=14 tb_size=400 tbler=0 sinr=-nan sinrMin=1e+11 reason=,000062,12_10,member_to_leader,56,56,1
9768,1,PHY,PSSCH_DECODE_OK,48,21,12,34,,,,2,-nan,0,,[NRSL_PHY_EVENT] event=PSSCH_DECODE_OK request_ids=48 txRnti=21 sender_l2_id=21 receiver_l2_id=12 harq_id=2 tb_size=34 tbler=0 sinr=-nan sinrMin=1e+11 reason=,000062,11_8,member_to_leader,48,48,1
9796,1,PHY,PSSCH_DECODE_OK,47,14,17,400,,,,15,-nan,0,,[NRSL_PHY_EVENT] event=PSSCH_DECODE_OK request_ids=47 txRnti=14 sender_l2_id=14 receiver_l2_id=17 harq_id=15 tb_size=400 tbler=0 sinr=-nan sinrMin=1e+11 reason=,000062,12_9,member_to_leader,47,47,1
9840,1,PHY,PSSCH_DECODE_OK,56,14,9,400,,,,0,-nan,0,,[NRSL_PHY_EVENT] event=PSSCH_DECODE_OK request_ids=56 txRnti=14 sender_l2_id=14 receiver_l2_id=9 harq_id=0 tb_size=400 tbler=0 sinr=-nan sinrMin=1e+11 reason=,000062,12_10,member_to_leader,56,56,1
9870,1,PHY,PSSCH_DECODE_OK,47,14,17,400,,,,1,-nan,0,,[NRSL_PHY_EVENT] event=PSSCH_DECODE_OK request_ids=47 txRnti=14 sender_l2_id=14 receiver_l2_id=17 harq_id=1 tb_size=400 tbler=0 sinr=-nan sinrMin=1e+11 reason=,000062,12_9,member_to_leader,47,47,1
9897,1,PHY,PSSCH_DECODE_OK,56,14,9,400,,,,2,-nan,0,,[NRSL_PHY_EVENT] event=PSSCH_DECODE_OK request_ids=56 txRnti=14 sender_l2_id=14 receiver_l2_id=9 harq_id=2 tb_size=400 tbler=0 sinr=-nan sinrMin=1e+11 reason=,000062,12_10,member_to_leader,56,56,1
9924,1,PHY,PSSCH_DECODE_OK,47,14,17,400,,,,3,-nan,0,,[NRSL_PHY_EVENT] event=PSSCH_DECODE_OK request_ids=47 txRnti=14 sender_l2_id=14 receiver_l2_id=17 harq_id=3 tb_size=400 tbler=0 sinr=-nan sinrMin=1e+11 reason=,000062,12_9,member_to_leader,47,47,1
9951,1,PHY,PSSCH_DECODE_OK,62,14,19,400,,,,4,-nan,0,,[NRSL_PHY_EVENT] event=PSSCH_DECODE_OK request_ids=62 txRnti=14 sender_l2_id=14 receiver_l2_id=19 harq_id=4 tb_size=400 tbler=0 sinr=-nan sinrMin=1e+11 reason=,000062,14_11,member_to_leader,62,62,1
9982,1,PHY,PSSCH_DECODE_OK,56,14,9,400,,,,5,-nan,0,,[NRSL_PHY_EVENT] event=PSSCH_DECODE_OK request_ids=56 txRnti=14 sender_l2_id=14 receiver_l2_id=9 harq_id=5 tb_size=400 tbler=0 sinr=-nan sinrMin=1e+11 reason=,000062,12_10,member_to_leader,56,56,1
10031,1,PHY,PSSCH_DECODE_OK,60,5,16,10,,,,7,-nan,0,,[NRSL_PHY_EVENT] event=PSSCH_DECODE_OK request_ids=60 txRnti=5 sender_l2_id=5 receiver_l2_id=16 harq_id=7 tb_size=10 tbler=0 sinr=-nan sinrMin=1e+11 reason=,000062,17_5,member_to_leader,60,60,1
10033,1,PHY,PSSCH_DECODE_OK,47,14,17,400,,,,6,-nan,0,,[NRSL_PHY_EVENT] event=PSSCH_DECODE_OK request_ids=47 txRnti=14 sender_l2_id=14 receiver_l2_id=17 harq_id=6 tb_size=400 tbler=0 sinr=-nan sinrMin=1e+11 reason=,000062,12_9,member_to_leader,47,47,1
10079,1,PHY,PSSCH_DECODE_OK,59,19,16,12,,,,9,-nan,0.0005,,[NRSL_PHY_EVENT] event=PSSCH_DECODE_OK request_ids=59 txRnti=19 sender_l2_id=19 receiver_l2_id=16 harq_id=9 tb_size=12 tbler=0.0005 sinr=-nan sinrMin=1e+11 reason=,000062,15_8,member_to_leader,59,59,1
10116,1,PHY,PSSCH_DECODE_OK,56,14,9,400,,,,8,-nan,0,,[NRSL_PHY_EVENT] event=PSSCH_DECODE_OK request_ids=56 txRnti=14 sender_l2_id=14 receiver_l2_id=9 harq_id=8 tb_size=400 tbler=0 sinr=-nan sinrMin=1e+11 reason=,000062,12_10,member_to_leader,56,56,1
10174,1,PHY,PSSCH_DECODE_OK,58,20,2,16,,,,9,-nan,0,,[NRSL_PHY_EVENT] event=PSSCH_DECODE_OK request_ids=58 txRnti=20 sender_l2_id=20 receiver_l2_id=2 harq_id=9 tb_size=16 tbler=0 sinr=-nan sinrMin=1e+11 reason=,000062,15_2,member_to_leader,58,58,1
10176,1,PHY,PSSCH_DECODE_OK,57,21,3,16,,,,3,-nan,0,,[NRSL_PHY_EVENT] event=PSSCH_DECODE_OK request_ids=57 txRnti=21 sender_l2_id=21 receiver_l2_id=3 harq_id=3 tb_size=16 tbler=0 sinr=-nan sinrMin=1e+11 reason=,000062,11_5,member_to_leader,57,57,1
10178,1,PHY,PSSCH_DECODE_OK,47,14,17,400,,,,9,-nan,0,,[NRSL_PHY_EVENT] event=PSSCH_DECODE_OK request_ids=47 txRnti=14 sender_l2_id=14 receiver_l2_id=17 harq_id=9 tb_size=400 tbler=0 sinr=-nan sinrMin=1e+11 reason=,000062,12_9,member_to_leader,47,47,1
10212,1,PHY,PSSCH_DECODE_OK,62,14,19,67,,,,10,-nan,0.0001,,[NRSL_PHY_EVENT] event=PSSCH_DECODE_OK request_ids=62 txRnti=14 sender_l2_id=14 receiver_l2_id=19 harq_id=10 tb_size=67 tbler=0.0001 sinr=-nan sinrMin=1e+11 reason=,000062,14_11,member_to_leader,62,62,1
10236,1,PHY,PSSCH_DECODE_OK,56,14,9,400,,,,11,-nan,0,,[NRSL_PHY_EVENT] event=PSSCH_DECODE_OK request_ids=56 txRnti=14 sender_l2_id=14 receiver_l2_id=9 harq_id=11 tb_size=400 tbler=0 sinr=-nan sinrMin=1e+11 reason=,000062,12_10,member_to_leader,56,56,1
10263,1,PHY,PSSCH_DECODE_OK,47,14,17,67,,,,12,-nan,0.0001,,[NRSL_PHY_EVENT] event=PSSCH_DECODE_OK request_ids=47 txRnti=14 sender_l2_id=14 receiver_l2_id=17 harq_id=12 tb_size=67 tbler=0.0001 sinr=-nan sinrMin=1e+11 reason=,000062,12_9,member_to_leader,47,47,1
10290,1,PHY,PSSCH_DECODE_OK,56,14,9,400,,,,13,-nan,0,,[NRSL_PHY_EVENT] event=PSSCH_DECODE_OK request_ids=56 txRnti=14 sender_l2_id=14 receiver_l2_id=9 harq_id=13 tb_size=400 tbler=0 sinr=-nan sinrMin=1e+11 reason=,000062,12_10,member_to_leader,56,56,1
10317,1,PHY,PSSCH_DECODE_OK,56,14,9,400,,,,14,-nan,0,,[NRSL_PHY_EVENT] event=PSSCH_DECODE_OK request_ids=56 txRnti=14 sender_l2_id=14 receiver_l2_id=9 harq_id=14 tb_size=400 tbler=0 sinr=-nan sinrMin=1e+11 reason=,000062,12_10,member_to_leader,56,56,1
10344,1,PHY,PSSCH_DECODE_OK,56,14,9,400,,,,15,-nan,0,,[NRSL_PHY_EVENT] event=PSSCH_DECODE_OK request_ids=56 txRnti=14 sender_l2_id=14 receiver_l2_id=9 harq_id=15 tb_size=400 tbler=0 sinr=-nan sinrMin=1e+11 reason=,000062,12_10,member_to_leader,56,56,1
10371,1,PHY,PSSCH_DECODE_OK,56,14,9,400,,,,0,-nan,0,,[NRSL_PHY_EVENT] event=PSSCH_DECODE_OK request_ids=56 txRnti=14 sender_l2_id=14 receiver_l2_id=9 harq_id=0 tb_size=400 tbler=0 sinr=-nan sinrMin=1e+11 reason=,000062,12_10,member_to_leader,56,56,1
10398,1,PHY,PSSCH_DECODE_OK,56,14,9,400,,,,1,-nan,0,,[NRSL_PHY_EVENT] event=PSSCH_DECODE_OK request_ids=56 txRnti=14 sender_l2_id=14 receiver_l2_id=9 harq_id=1 tb_size=400 tbler=0 sinr=-nan sinrMin=1e+11 reason=,000062,12_10,member_to_leader,56,56,1
10425,1,PHY,PSSCH_DECODE_OK,56,14,9,400,,,,2,-nan,0,,[NRSL_PHY_EVENT] event=PSSCH_DECODE_OK request_ids=56 txRnti=14 sender_l2_id=14 receiver_l2_id=9 harq_id=2 tb_size=400 tbler=0 sinr=-nan sinrMin=1e+11 reason=,000062,12_10,member_to_leader,56,56,1
10452,1,PHY,PSSCH_DECODE_OK,56,14,9,400,,,,3,-nan,0,,[NRSL_PHY_EVENT] event=PSSCH_DECODE_OK request_ids=56 txRnti=14 sender_l2_id=14 receiver_l2_id=9 harq_id=3 tb_size=400 tbler=0 sinr=-nan sinrMin=1e+11 reason=,000062,12_10,member_to_leader,56,56,1
10532,1,PHY,PSSCH_DECODE_OK,56,14,9,400,,,,4,-nan,0,,[NRSL_PHY_EVENT] event=PSSCH_DECODE_OK request_ids=56 txRnti=14 sender_l2_id=14 receiver_l2_id=9 harq_id=4 tb_size=400 tbler=0 sinr=-nan sinrMin=1e+11 reason=,000062,12_10,member_to_leader,56,56,1
10606,1,PHY,PSSCH_DECODE_OK,56,14,9,400,,,,5,-nan,0,,[NRSL_PHY_EVENT] event=PSSCH_DECODE_OK request_ids=56 txRnti=14 sender_l2_id=14 receiver_l2_id=9 harq_id=5 tb_size=400 tbler=0 sinr=-nan sinrMin=1e+11 reason=,000062,12_10,member_to_leader,56,56,1
10759,1,PHY,PSSCH_DECODE_OK,68,17,1,400,,,,7,-nan,0,,[NRSL_PHY_EVENT] event=PSSCH_DECODE_OK request_ids=68 txRnti=17 sender_l2_id=17 receiver_l2_id=1 harq_id=7 tb_size=400 tbler=0 sinr=-nan sinrMin=1e+11 reason=,000062,12_9,leader_to_rsu,68,68,1
10762,1,PHY,PSSCH_DECODE_OK,69,13,1,400,,,,4,-nan,0,,[NRSL_PHY_EVENT] event=PSSCH_DECODE_OK request_ids=69 txRnti=13 sender_l2_id=13 receiver_l2_id=1 harq_id=4 tb_size=400 tbler=0 sinr=-nan sinrMin=1e+11 reason=,000062,13_0,leader_to_rsu,69,69,1
10764,1,PHY,PSSCH_DECODE_OK,71,2,1,400,,,,2,-nan,0,,[NRSL_PHY_EVENT] event=PSSCH_DECODE_OK request_ids=71 txRnti=2 sender_l2_id=2 receiver_l2_id=1 harq_id=2 tb_size=400 tbler=0 sinr=-nan sinrMin=1e+11 reason=,000062,14_1,leader_to_rsu,71,71,1
10766,1,PHY,PSSCH_DECODE_OK,72,19,1,400,,,,10,-nan,0,,[NRSL_PHY_EVENT] event=PSSCH_DECODE_OK request_ids=72 txRnti=19 sender_l2_id=19 receiver_l2_id=1 harq_id=10 tb_size=400 tbler=0 sinr=-nan sinrMin=1e+11 reason=,000062,14_10,leader_to_rsu,72,72,1
10768,1,PHY,PSSCH_DECODE_OK,64,21,1,400,,,,4,-nan,0,,[NRSL_PHY_EVENT] event=PSSCH_DECODE_OK request_ids=64 txRnti=21 sender_l2_id=21 receiver_l2_id=1 harq_id=4 tb_size=400 tbler=0 sinr=-nan sinrMin=1e+11 reason=,000062,11_7,leader_to_rsu,64,64,1
10925,1,PHY,PSSCH_DECODE_OK,65,12,1,400,,,,8,-nan,0,,[NRSL_PHY_EVENT] event=PSSCH_DECODE_OK request_ids=65 txRnti=12 sender_l2_id=12 receiver_l2_id=1 harq_id=8 tb_size=400 tbler=0 sinr=-nan sinrMin=1e+11 reason=,000062,11_8,leader_to_rsu,65,65,1
10927,1,PHY,PSSCH_DECODE_OK,66,9,1,400,,,,12,-nan,0,,[NRSL_PHY_EVENT] event=PSSCH_DECODE_OK request_ids=66 txRnti=9 sender_l2_id=9 receiver_l2_id=1 harq_id=12 tb_size=400 tbler=0 sinr=-nan sinrMin=1e+11 reason=,000062,12_10,leader_to_rsu,66,66,1
10929,1,PHY,PSSCH_DECODE_OK,68,17,1,400,,,,8,-nan,0,,[NRSL_PHY_EVENT] event=PSSCH_DECODE_OK request_ids=68 txRnti=17 sender_l2_id=17 receiver_l2_id=1 harq_id=8 tb_size=400 tbler=0 sinr=-nan sinrMin=1e+11 reason=,000062,12_9,leader_to_rsu,68,68,1
10931,1,PHY,PSSCH_DECODE_OK,67,4,1,400,,,,4,-nan,0,,[NRSL_PHY_EVENT] event=PSSCH_DECODE_OK request_ids=67 txRnti=4 sender_l2_id=4 receiver_l2_id=1 harq_id=4 tb_size=400 tbler=0 sinr=-nan sinrMin=1e+11 reason=,000062,12_3,leader_to_rsu,67,67,1
10934,1,PHY,PSSCH_DECODE_OK,69,13,1,400,,,,5,-nan,0,,[NRSL_PHY_EVENT] event=PSSCH_DECODE_OK request_ids=69 txRnti=13 sender_l2_id=13 receiver_l2_id=1 harq_id=5 tb_size=400 tbler=0 sinr=-nan sinrMin=1e+11 reason=,000062,13_0,leader_to_rsu,69,69,1
10936,1,PHY,PSSCH_DECODE_OK,63,3,1,400,,,,8,-nan,0,,[NRSL_PHY_EVENT] event=PSSCH_DECODE_OK request_ids=63 txRnti=3 sender_l2_id=3 receiver_l2_id=1 harq_id=8 tb_size=400 tbler=0 sinr=-nan sinrMin=1e+11 reason=,000062,11_4,leader_to_rsu,63,63,1
10938,1,PHY,PSSCH_DECODE_OK,71,2,1,400,,,,3,-nan,0,,[NRSL_PHY_EVENT] event=PSSCH_DECODE_OK request_ids=71 txRnti=2 sender_l2_id=2 receiver_l2_id=1 harq_id=3 tb_size=400 tbler=0 sinr=-nan sinrMin=1e+11 reason=,000062,14_1,leader_to_rsu,71,71,1
10940,1,PHY,PSSCH_DECODE_OK,72,19,1,400,,,,11,-nan,0,,[NRSL_PHY_EVENT] event=PSSCH_DECODE_OK request_ids=72 txRnti=19 sender_l2_id=19 receiver_l2_id=1 harq_id=11 tb_size=400 tbler=0 sinr=-nan sinrMin=1e+11 reason=,000062,14_10,leader_to_rsu,72,72,1
10942,1,PHY,PSSCH_DECODE_OK,64,21,1,400,,,,5,-nan,0,,[NRSL_PHY_EVENT] event=PSSCH_DECODE_OK request_ids=64 txRnti=21 sender_l2_id=21 receiver_l2_id=1 harq_id=5 tb_size=400 tbler=0 sinr=-nan sinrMin=1e+11 reason=,000062,11_7,leader_to_rsu,64,64,1
10944,1,PHY,PSSCH_DECODE_OK,70,14,1,400,,,,7,-nan,0,,[NRSL_PHY_EVENT] event=PSSCH_DECODE_OK request_ids=70 txRnti=14 sender_l2_id=14 receiver_l2_id=1 harq_id=7 tb_size=400 tbler=0 sinr=-nan sinrMin=1e+11 reason=,000062,13_9,leader_to_rsu,70,70,1
11106,1,PHY,PSSCH_DECODE_OK,65,12,1,400,,,,9,-nan,0,,[NRSL_PHY_EVENT] event=PSSCH_DECODE_OK request_ids=65 txRnti=12 sender_l2_id=12 receiver_l2_id=1 harq_id=9 tb_size=400 tbler=0 sinr=-nan sinrMin=1e+11 reason=,000062,11_8,leader_to_rsu,65,65,1
11108,1,PHY,PSSCH_DECODE_OK,66,9,1,400,,,,13,-nan,0,,[NRSL_PHY_EVENT] event=PSSCH_DECODE_OK request_ids=66 txRnti=9 sender_l2_id=9 receiver_l2_id=1 harq_id=13 tb_size=400 tbler=0 sinr=-nan sinrMin=1e+11 reason=,000062,12_10,leader_to_rsu,66,66,1
11110,1,PHY,PSSCH_DECODE_OK,68,17,1,400,,,,9,-nan,0,,[NRSL_PHY_EVENT] event=PSSCH_DECODE_OK request_ids=68 txRnti=17 sender_l2_id=17 receiver_l2_id=1 harq_id=9 tb_size=400 tbler=0 sinr=-nan sinrMin=1e+11 reason=,000062,12_9,leader_to_rsu,68,68,1
11112,1,PHY,PSSCH_DECODE_OK,67,4,1,400,,,,5,-nan,0,,[NRSL_PHY_EVENT] event=PSSCH_DECODE_OK request_ids=67 txRnti=4 sender_l2_id=4 receiver_l2_id=1 harq_id=5 tb_size=400 tbler=0 sinr=-nan sinrMin=1e+11 reason=,000062,12_3,leader_to_rsu,67,67,1
11115,1,PHY,PSSCH_DECODE_OK,69,13,1,400,,,,6,-nan,0,,[NRSL_PHY_EVENT] event=PSSCH_DECODE_OK request_ids=69 txRnti=13 sender_l2_id=13 receiver_l2_id=1 harq_id=6 tb_size=400 tbler=0 sinr=-nan sinrMin=1e+11 reason=,000062,13_0,leader_to_rsu,69,69,1
11117,1,PHY,PSSCH_DECODE_OK,71,2,1,400,,,,4,-nan,0,,[NRSL_PHY_EVENT] event=PSSCH_DECODE_OK request_ids=71 txRnti=2 sender_l2_id=2 receiver_l2_id=1 harq_id=4 tb_size=400 tbler=0 sinr=-nan sinrMin=1e+11 reason=,000062,14_1,leader_to_rsu,71,71,1
11119,1,PHY,PSSCH_DECODE_OK,72,19,1,400,,,,12,-nan,0,,[NRSL_PHY_EVENT] event=PSSCH_DECODE_OK request_ids=72 txRnti=19 sender_l2_id=19 receiver_l2_id=1 harq_id=12 tb_size=400 tbler=0 sinr=-nan sinrMin=1e+11 reason=,000062,14_10,leader_to_rsu,72,72,1
11121,1,PHY,PSSCH_DECODE_OK,64,21,1,400,,,,6,-nan,0,,[NRSL_PHY_EVENT] event=PSSCH_DECODE_OK request_ids=64 txRnti=21 sender_l2_id=21 receiver_l2_id=1 harq_id=6 tb_size=400 tbler=0 sinr=-nan sinrMin=1e+11 reason=,000062,11_7,leader_to_rsu,64,64,1
11281,1,PHY,PSSCH_DECODE_OK,65,12,1,400,,,,10,-nan,0,,[NRSL_PHY_EVENT] event=PSSCH_DECODE_OK request_ids=65 txRnti=12 sender_l2_id=12 receiver_l2_id=1 harq_id=10 tb_size=400 tbler=0 sinr=-nan sinrMin=1e+11 reason=,000062,11_8,leader_to_rsu,65,65,1
11283,1,PHY,PSSCH_DECODE_OK,66,9,1,400,,,,14,-nan,0,,[NRSL_PHY_EVENT] event=PSSCH_DECODE_OK request_ids=66 txRnti=9 sender_l2_id=9 receiver_l2_id=1 harq_id=14 tb_size=400 tbler=0 sinr=-nan sinrMin=1e+11 reason=,000062,12_10,leader_to_rsu,66,66,1
11285,1,PHY,PSSCH_DECODE_OK,68,17,1,400,,,,10,-nan,0,,[NRSL_PHY_EVENT] event=PSSCH_DECODE_OK request_ids=68 txRnti=17 sender_l2_id=17 receiver_l2_id=1 harq_id=10 tb_size=400 tbler=0 sinr=-nan sinrMin=1e+11 reason=,000062,12_9,leader_to_rsu,68,68,1
11287,1,PHY,PSSCH_DECODE_OK,67,4,1,400,,,,6,-nan,0,,[NRSL_PHY_EVENT] event=PSSCH_DECODE_OK request_ids=67 txRnti=4 sender_l2_id=4 receiver_l2_id=1 harq_id=6 tb_size=400 tbler=0 sinr=-nan sinrMin=1e+11 reason=,000062,12_3,leader_to_rsu,67,67,1
11290,1,PHY,PSSCH_DECODE_OK,69,13,1,400,,,,7,-nan,0,,[NRSL_PHY_EVENT] event=PSSCH_DECODE_OK request_ids=69 txRnti=13 sender_l2_id=13 receiver_l2_id=1 harq_id=7 tb_size=400 tbler=0 sinr=-nan sinrMin=1e+11 reason=,000062,13_0,leader_to_rsu,69,69,1
11292,1,PHY,PSSCH_DECODE_OK,63,3,1,400,,,,10,-nan,0,,[NRSL_PHY_EVENT] event=PSSCH_DECODE_OK request_ids=63 txRnti=3 sender_l2_id=3 receiver_l2_id=1 harq_id=10 tb_size=400 tbler=0 sinr=-nan sinrMin=1e+11 reason=,000062,11_4,leader_to_rsu,63,63,1
11294,1,PHY,PSSCH_DECODE_OK,71,2,1,400,,,,5,-nan,0,,[NRSL_PHY_EVENT] event=PSSCH_DECODE_OK request_ids=71 txRnti=2 sender_l2_id=2 receiver_l2_id=1 harq_id=5 tb_size=400 tbler=0 sinr=-nan sinrMin=1e+11 reason=,000062,14_1,leader_to_rsu,71,71,1
11296,1,PHY,PSSCH_DECODE_OK,72,19,1,400,,,,13,-nan,0,,[NRSL_PHY_EVENT] event=PSSCH_DECODE_OK request_ids=72 txRnti=19 sender_l2_id=19 receiver_l2_id=1 harq_id=13 tb_size=400 tbler=0 sinr=-nan sinrMin=1e+11 reason=,000062,14_10,leader_to_rsu,72,72,1
11298,1,PHY,PSSCH_DECODE_OK,64,21,1,400,,,,7,-nan,0,,[NRSL_PHY_EVENT] event=PSSCH_DECODE_OK request_ids=64 txRnti=21 sender_l2_id=21 receiver_l2_id=1 harq_id=7 tb_size=400 tbler=0 sinr=-nan sinrMin=1e+11 reason=,000062,11_7,leader_to_rsu,64,64,1
11300,1,PHY,PSSCH_DECODE_OK,70,14,1,400,,,,9,-nan,0,,[NRSL_PHY_EVENT] event=PSSCH_DECODE_OK request_ids=70 txRnti=14 sender_l2_id=14 receiver_l2_id=1 harq_id=9 tb_size=400 tbler=0 sinr=-nan sinrMin=1e+11 reason=,000062,13_9,leader_to_rsu,70,70,1
11462,1,PHY,PSSCH_DECODE_OK,65,12,1,400,,,,11,-nan,0,,[NRSL_PHY_EVENT] event=PSSCH_DECODE_OK request_ids=65 txRnti=12 sender_l2_id=12 receiver_l2_id=1 harq_id=11 tb_size=400 tbler=0 sinr=-nan sinrMin=1e+11 reason=,000062,11_8,leader_to_rsu,65,65,1
11464,1,PHY,PSSCH_DECODE_OK,66,9,1,400,,,,15,-nan,0,,[NRSL_PHY_EVENT] event=PSSCH_DECODE_OK request_ids=66 txRnti=9 sender_l2_id=9 receiver_l2_id=1 harq_id=15 tb_size=400 tbler=0 sinr=-nan sinrMin=1e+11 reason=,000062,12_10,leader_to_rsu,66,66,1
11466,1,PHY,PSSCH_DECODE_OK,68,17,1,400,,,,11,-nan,0,,[NRSL_PHY_EVENT] event=PSSCH_DECODE_OK request_ids=68 txRnti=17 sender_l2_id=17 receiver_l2_id=1 harq_id=11 tb_size=400 tbler=0 sinr=-nan sinrMin=1e+11 reason=,000062,12_9,leader_to_rsu,68,68,1
11468,1,PHY,PSSCH_DECODE_OK,67,4,1,400,,,,7,-nan,0,,[NRSL_PHY_EVENT] event=PSSCH_DECODE_OK request_ids=67 txRnti=4 sender_l2_id=4 receiver_l2_id=1 harq_id=7 tb_size=400 tbler=0 sinr=-nan sinrMin=1e+11 reason=,000062,12_3,leader_to_rsu,67,67,1
11471,1,PHY,PSSCH_DECODE_OK,69,13,1,400,,,,8,-nan,0,,[NRSL_PHY_EVENT] event=PSSCH_DECODE_OK request_ids=69 txRnti=13 sender_l2_id=13 receiver_l2_id=1 harq_id=8 tb_size=400 tbler=0 sinr=-nan sinrMin=1e+11 reason=,000062,13_0,leader_to_rsu,69,69,1
11473,1,PHY,PSSCH_DECODE_OK,71,2,1,400,,,,6,-nan,0,,[NRSL_PHY_EVENT] event=PSSCH_DECODE_OK request_ids=71 txRnti=2 sender_l2_id=2 receiver_l2_id=1 harq_id=6 tb_size=400 tbler=0 sinr=-nan sinrMin=1e+11 reason=,000062,14_1,leader_to_rsu,71,71,1
11475,1,PHY,PSSCH_DECODE_OK,72,19,1,400,,,,14,-nan,0,,[NRSL_PHY_EVENT] event=PSSCH_DECODE_OK request_ids=72 txRnti=19 sender_l2_id=19 receiver_l2_id=1 harq_id=14 tb_size=400 tbler=0 sinr=-nan sinrMin=1e+11 reason=,000062,14_10,leader_to_rsu,72,72,1
11477,1,PHY,PSSCH_DECODE_OK,64,21,1,400,,,,8,-nan,0,,[NRSL_PHY_EVENT] event=PSSCH_DECODE_OK request_ids=64 txRnti=21 sender_l2_id=21 receiver_l2_id=1 harq_id=8 tb_size=400 tbler=0 sinr=-nan sinrMin=1e+11 reason=,000062,11_7,leader_to_rsu,64,64,1
11601,1,PHY,PSSCH_DECODE_OK,65,12,1,83,,,,12,-nan,0.0001,,[NRSL_PHY_EVENT] event=PSSCH_DECODE_OK request_ids=65 txRnti=12 sender_l2_id=12 receiver_l2_id=1 harq_id=12 tb_size=83 tbler=0.0001 sinr=-nan sinrMin=1e+11 reason=,000062,11_8,leader_to_rsu,65,65,1
11603,1,PHY,PSSCH_DECODE_OK,66,9,1,83,,,,0,-nan,0.0001,,[NRSL_PHY_EVENT] event=PSSCH_DECODE_OK request_ids=66 txRnti=9 sender_l2_id=9 receiver_l2_id=1 harq_id=0 tb_size=83 tbler=0.0001 sinr=-nan sinrMin=1e+11 reason=,000062,12_10,leader_to_rsu,66,66,1
11605,1,PHY,PSSCH_DECODE_OK,68,17,1,83,,,,12,-nan,0.0001,,[NRSL_PHY_EVENT] event=PSSCH_DECODE_OK request_ids=68 txRnti=17 sender_l2_id=17 receiver_l2_id=1 harq_id=12 tb_size=83 tbler=0.0001 sinr=-nan sinrMin=1e+11 reason=,000062,12_9,leader_to_rsu,68,68,1
11607,1,PHY,PSSCH_DECODE_OK,67,4,1,83,,,,8,-nan,0.0001,,[NRSL_PHY_EVENT] event=PSSCH_DECODE_OK request_ids=67 txRnti=4 sender_l2_id=4 receiver_l2_id=1 harq_id=8 tb_size=83 tbler=0.0001 sinr=-nan sinrMin=1e+11 reason=,000062,12_3,leader_to_rsu,67,67,1
11610,1,PHY,PSSCH_DECODE_OK,69,13,1,83,,,,9,-nan,0.0001,,[NRSL_PHY_EVENT] event=PSSCH_DECODE_OK request_ids=69 txRnti=13 sender_l2_id=13 receiver_l2_id=1 harq_id=9 tb_size=83 tbler=0.0001 sinr=-nan sinrMin=1e+11 reason=,000062,13_0,leader_to_rsu,69,69,1
11612,1,PHY,PSSCH_DECODE_OK,63,3,1,83,,,,12,-nan,0.0001,,[NRSL_PHY_EVENT] event=PSSCH_DECODE_OK request_ids=63 txRnti=3 sender_l2_id=3 receiver_l2_id=1 harq_id=12 tb_size=83 tbler=0.0001 sinr=-nan sinrMin=1e+11 reason=,000062,11_4,leader_to_rsu,63,63,1
11614,1,PHY,PSSCH_DECODE_OK,71,2,1,83,,,,7,-nan,0.0001,,[NRSL_PHY_EVENT] event=PSSCH_DECODE_OK request_ids=71 txRnti=2 sender_l2_id=2 receiver_l2_id=1 harq_id=7 tb_size=83 tbler=0.0001 sinr=-nan sinrMin=1e+11 reason=,000062,14_1,leader_to_rsu,71,71,1
11616,1,PHY,PSSCH_DECODE_OK,72,19,1,83,,,,15,-nan,0.0001,,[NRSL_PHY_EVENT] event=PSSCH_DECODE_OK request_ids=72 txRnti=19 sender_l2_id=19 receiver_l2_id=1 harq_id=15 tb_size=83 tbler=0.0001 sinr=-nan sinrMin=1e+11 reason=,000062,14_10,leader_to_rsu,72,72,1
11618,1,PHY,PSSCH_DECODE_OK,64,21,1,83,,,,9,-nan,0.0001,,[NRSL_PHY_EVENT] event=PSSCH_DECODE_OK request_ids=64 txRnti=21 sender_l2_id=21 receiver_l2_id=1 harq_id=9 tb_size=83 tbler=0.0001 sinr=-nan sinrMin=1e+11 reason=,000062,11_7,leader_to_rsu,64,64,1
11620,1,PHY,PSSCH_DECODE_OK,70,14,1,400,,,,11,-nan,0,,[NRSL_PHY_EVENT] event=PSSCH_DECODE_OK request_ids=70 txRnti=14 sender_l2_id=14 receiver_l2_id=1 harq_id=11 tb_size=400 tbler=0 sinr=-nan sinrMin=1e+11 reason=,000062,13_9,leader_to_rsu,70,70,1
11661,1,PHY,PSSCH_DECODE_OK,56,14,9,400,,,,12,-nan,0,,[NRSL_PHY_EVENT] event=PSSCH_DECODE_OK request_ids=56 txRnti=14 sender_l2_id=14 receiver_l2_id=9 harq_id=12 tb_size=400 tbler=0 sinr=-nan sinrMin=1e+11 reason=,000062,12_10,member_to_leader,56,56,1
11688,1,PHY,PSSCH_DECODE_OK,70,14,1,400,,,,13,-nan,0,,[NRSL_PHY_EVENT] event=PSSCH_DECODE_OK request_ids=70 txRnti=14 sender_l2_id=14 receiver_l2_id=1 harq_id=13 tb_size=400 tbler=0 sinr=-nan sinrMin=1e+11 reason=,000062,13_9,leader_to_rsu,70,70,1
11720,1,PHY,PSSCH_DECODE_OK,56,14,9,400,,,,14,-nan,0,,[NRSL_PHY_EVENT] event=PSSCH_DECODE_OK request_ids=56 txRnti=14 sender_l2_id=14 receiver_l2_id=9 harq_id=14 tb_size=400 tbler=0 sinr=-nan sinrMin=1e+11 reason=,000062,12_10,member_to_leader,56,56,1
11744,1,PHY,PSSCH_DECODE_OK,70,14,1,400,,,,15,-nan,0,,[NRSL_PHY_EVENT] event=PSSCH_DECODE_OK request_ids=70 txRnti=14 sender_l2_id=14 receiver_l2_id=1 harq_id=15 tb_size=400 tbler=0 sinr=-nan sinrMin=1e+11 reason=,000062,13_9,leader_to_rsu,70,70,1
11771,1,PHY,PSSCH_DECODE_OK,62,14,19,6,,,,0,-nan,0.0001,,[NRSL_PHY_EVENT] event=PSSCH_DECODE_OK request_ids=62 txRnti=14 sender_l2_id=14 receiver_l2_id=19 harq_id=0 tb_size=6 tbler=0.0001 sinr=-nan sinrMin=1e+11 reason=,000062,14_11,member_to_leader,62,62,1
11795,1,PHY,PSSCH_DECODE_OK,56,14,9,400,,,,1,-nan,0,,[NRSL_PHY_EVENT] event=PSSCH_DECODE_OK request_ids=56 txRnti=14 sender_l2_id=14 receiver_l2_id=9 harq_id=1 tb_size=400 tbler=0 sinr=-nan sinrMin=1e+11 reason=,000062,12_10,member_to_leader,56,56,1
11819,1,PHY,PSSCH_DECODE_OK,70,14,1,83,,,,2,-nan,0.0001,,[NRSL_PHY_EVENT] event=PSSCH_DECODE_OK request_ids=70 txRnti=14 sender_l2_id=14 receiver_l2_id=1 harq_id=2 tb_size=83 tbler=0.0001 sinr=-nan sinrMin=1e+11 reason=,000062,13_9,leader_to_rsu,70,70,1
11846,1,PHY,PSSCH_DECODE_OK,47,14,17,68,,,,3,-nan,0.0001,,[NRSL_PHY_EVENT] event=PSSCH_DECODE_OK request_ids=47 txRnti=14 sender_l2_id=14 receiver_l2_id=17 harq_id=3 tb_size=68 tbler=0.0001 sinr=-nan sinrMin=1e+11 reason=,000062,12_9,member_to_leader,47,47,1
11869,1,PHY,PSSCH_DECODE_OK,56,14,9,400,,,,4,-nan,0,,[NRSL_PHY_EVENT] event=PSSCH_DECODE_OK request_ids=56 txRnti=14 sender_l2_id=14 receiver_l2_id=9 harq_id=4 tb_size=400 tbler=0 sinr=-nan sinrMin=1e+11 reason=,000062,12_10,member_to_leader,56,56,1
11892,1,PHY,PSSCH_DECODE_OK,56,14,9,195,,,,5,-nan,0,,[NRSL_PHY_EVENT] event=PSSCH_DECODE_OK request_ids=56 txRnti=14 sender_l2_id=14 receiver_l2_id=9 harq_id=5 tb_size=195 tbler=0 sinr=-nan sinrMin=1e+11 reason=,000062,12_10,member_to_leader,56,56,1
12104,1,PHY,PSSCH_DECODE_OK,67,4,1,400,,,,9,-nan,0,,[NRSL_PHY_EVENT] event=PSSCH_DECODE_OK request_ids=67 txRnti=4 sender_l2_id=4 receiver_l2_id=1 harq_id=9 tb_size=400 tbler=0 sinr=-nan sinrMin=1e+11 reason=,000062,12_3,leader_to_rsu,67,67,1
12106,1,PHY,PSSCH_DECODE_OK,63,3,1,400,,,,13,-nan,0,,[NRSL_PHY_EVENT] event=PSSCH_DECODE_OK request_ids=63 txRnti=3 sender_l2_id=3 receiver_l2_id=1 harq_id=13 tb_size=400 tbler=0 sinr=-nan sinrMin=1e+11 reason=,000062,11_4,leader_to_rsu,63,63,1
12108,1,PHY,PSSCH_DECODE_OK,71,2,1,400,,,,8,-nan,0,,[NRSL_PHY_EVENT] event=PSSCH_DECODE_OK request_ids=71 txRnti=2 sender_l2_id=2 receiver_l2_id=1 harq_id=8 tb_size=400 tbler=0 sinr=-nan sinrMin=1e+11 reason=,000062,14_1,leader_to_rsu,71,71,1
12110,1,PHY,PSSCH_DECODE_OK,72,19,1,400,,,,0,-nan,0,,[NRSL_PHY_EVENT] event=PSSCH_DECODE_OK request_ids=72 txRnti=19 sender_l2_id=19 receiver_l2_id=1 harq_id=0 tb_size=400 tbler=0 sinr=-nan sinrMin=1e+11 reason=,000062,14_10,leader_to_rsu,72,72,1
12252,1,PHY,PSSCH_DECODE_OK,79,5,1,400,,,,9,-nan,0,,[NRSL_PHY_EVENT] event=PSSCH_DECODE_OK request_ids=79 txRnti=5 sender_l2_id=5 receiver_l2_id=1 harq_id=9 tb_size=400 tbler=0 sinr=-nan sinrMin=1e+11 reason=,000062,16_7,leader_to_rsu,79,79,1
12254,1,PHY,PSSCH_DECODE_OK,76,20,1,400,,,,11,-nan,0,,[NRSL_PHY_EVENT] event=PSSCH_DECODE_OK request_ids=76 txRnti=20 sender_l2_id=20 receiver_l2_id=1 harq_id=11 tb_size=400 tbler=0 sinr=-nan sinrMin=1e+11 reason=,000062,14_3,leader_to_rsu,76,76,1
12256,1,PHY,PSSCH_DECODE_OK,74,4,1,400,,,,10,-nan,0,,[NRSL_PHY_EVENT] event=PSSCH_DECODE_OK request_ids=74 txRnti=4 sender_l2_id=4 receiver_l2_id=1 harq_id=10 tb_size=400 tbler=0 sinr=-nan sinrMin=1e+11 reason=,000062,13_2,leader_to_rsu,74,74,1
12258,1,PHY,PSSCH_DECODE_OK,78,16,1,400,,,,11,-nan,0,,[NRSL_PHY_EVENT] event=PSSCH_DECODE_OK request_ids=78 txRnti=16 sender_l2_id=16 receiver_l2_id=1 harq_id=11 tb_size=400 tbler=0 sinr=-nan sinrMin=1e+11 reason=,000062,15_6,leader_to_rsu,78,78,1
12260,1,PHY,PSSCH_DECODE_OK,73,3,1,400,,,,14,-nan,0,,[NRSL_PHY_EVENT] event=PSSCH_DECODE_OK request_ids=73 txRnti=3 sender_l2_id=3 receiver_l2_id=1 harq_id=14 tb_size=400 tbler=0 sinr=-nan sinrMin=1e+11 reason=,000062,11_5,leader_to_rsu,73,73,1
12262,1,PHY,PSSCH_DECODE_OK,77,2,1,400,,,,9,-nan,0,,[NRSL_PHY_EVENT] event=PSSCH_DECODE_OK request_ids=77 txRnti=2 sender_l2_id=2 receiver_l2_id=1 harq_id=9 tb_size=400 tbler=0 sinr=-nan sinrMin=1e+11 reason=,000062,15_2,leader_to_rsu,77,77,1
12264,1,PHY,PSSCH_DECODE_OK,75,19,1,400,,,,1,-nan,0,,[NRSL_PHY_EVENT] event=PSSCH_DECODE_OK request_ids=75 txRnti=19 sender_l2_id=19 receiver_l2_id=1 harq_id=1 tb_size=400 tbler=0 sinr=-nan sinrMin=1e+11 reason=,000062,14_11,leader_to_rsu,75,75,1
12399,1,PHY,PSSCH_DECODE_OK,79,5,1,400,,,,10,-nan,0,,[NRSL_PHY_EVENT] event=PSSCH_DECODE_OK request_ids=79 txRnti=5 sender_l2_id=5 receiver_l2_id=1 harq_id=10 tb_size=400 tbler=0 sinr=-nan sinrMin=1e+11 reason=,000062,16_7,leader_to_rsu,79,79,1
12401,1,PHY,PSSCH_DECODE_OK,76,20,1,400,,,,12,-nan,0,,[NRSL_PHY_EVENT] event=PSSCH_DECODE_OK request_ids=76 txRnti=20 sender_l2_id=20 receiver_l2_id=1 harq_id=12 tb_size=400 tbler=0 sinr=-nan sinrMin=1e+11 reason=,000062,14_3,leader_to_rsu,76,76,1
12403,1,PHY,PSSCH_DECODE_OK,74,4,1,400,,,,11,-nan,0,,[NRSL_PHY_EVENT] event=PSSCH_DECODE_OK request_ids=74 txRnti=4 sender_l2_id=4 receiver_l2_id=1 harq_id=11 tb_size=400 tbler=0 sinr=-nan sinrMin=1e+11 reason=,000062,13_2,leader_to_rsu,74,74,1
12405,1,PHY,PSSCH_DECODE_OK,78,16,1,400,,,,12,-nan,0,,[NRSL_PHY_EVENT] event=PSSCH_DECODE_OK request_ids=78 txRnti=16 sender_l2_id=16 receiver_l2_id=1 harq_id=12 tb_size=400 tbler=0 sinr=-nan sinrMin=1e+11 reason=,000062,15_6,leader_to_rsu,78,78,1
12407,1,PHY,PSSCH_DECODE_OK,73,3,1,400,,,,15,-nan,0,,[NRSL_PHY_EVENT] event=PSSCH_DECODE_OK request_ids=73 txRnti=3 sender_l2_id=3 receiver_l2_id=1 harq_id=15 tb_size=400 tbler=0 sinr=-nan sinrMin=1e+11 reason=,000062,11_5,leader_to_rsu,73,73,1
12409,1,PHY,PSSCH_DECODE_OK,77,2,1,400,,,,10,-nan,0,,[NRSL_PHY_EVENT] event=PSSCH_DECODE_OK request_ids=77 txRnti=2 sender_l2_id=2 receiver_l2_id=1 harq_id=10 tb_size=400 tbler=0 sinr=-nan sinrMin=1e+11 reason=,000062,15_2,leader_to_rsu,77,77,1
12411,1,PHY,PSSCH_DECODE_OK,75,19,1,400,,,,2,-nan,0,,[NRSL_PHY_EVENT] event=PSSCH_DECODE_OK request_ids=75 txRnti=19 sender_l2_id=19 receiver_l2_id=1 harq_id=2 tb_size=400 tbler=0 sinr=-nan sinrMin=1e+11 reason=,000062,14_11,leader_to_rsu,75,75,1
12546,1,PHY,PSSCH_DECODE_OK,79,5,1,400,,,,11,-nan,0,,[NRSL_PHY_EVENT] event=PSSCH_DECODE_OK request_ids=79 txRnti=5 sender_l2_id=5 receiver_l2_id=1 harq_id=11 tb_size=400 tbler=0 sinr=-nan sinrMin=1e+11 reason=,000062,16_7,leader_to_rsu,79,79,1
12548,1,PHY,PSSCH_DECODE_OK,76,20,1,400,,,,13,-nan,0,,[NRSL_PHY_EVENT] event=PSSCH_DECODE_OK request_ids=76 txRnti=20 sender_l2_id=20 receiver_l2_id=1 harq_id=13 tb_size=400 tbler=0 sinr=-nan sinrMin=1e+11 reason=,000062,14_3,leader_to_rsu,76,76,1
12550,1,PHY,PSSCH_DECODE_OK,74,4,1,400,,,,12,-nan,0,,[NRSL_PHY_EVENT] event=PSSCH_DECODE_OK request_ids=74 txRnti=4 sender_l2_id=4 receiver_l2_id=1 harq_id=12 tb_size=400 tbler=0 sinr=-nan sinrMin=1e+11 reason=,000062,13_2,leader_to_rsu,74,74,1
12552,1,PHY,PSSCH_DECODE_OK,78,16,1,400,,,,13,-nan,0,,[NRSL_PHY_EVENT] event=PSSCH_DECODE_OK request_ids=78 txRnti=16 sender_l2_id=16 receiver_l2_id=1 harq_id=13 tb_size=400 tbler=0 sinr=-nan sinrMin=1e+11 reason=,000062,15_6,leader_to_rsu,78,78,1
12554,1,PHY,PSSCH_DECODE_OK,73,3,1,400,,,,0,-nan,0,,[NRSL_PHY_EVENT] event=PSSCH_DECODE_OK request_ids=73 txRnti=3 sender_l2_id=3 receiver_l2_id=1 harq_id=0 tb_size=400 tbler=0 sinr=-nan sinrMin=1e+11 reason=,000062,11_5,leader_to_rsu,73,73,1
12556,1,PHY,PSSCH_DECODE_OK,77,2,1,400,,,,11,-nan,0,,[NRSL_PHY_EVENT] event=PSSCH_DECODE_OK request_ids=77 txRnti=2 sender_l2_id=2 receiver_l2_id=1 harq_id=11 tb_size=400 tbler=0 sinr=-nan sinrMin=1e+11 reason=,000062,15_2,leader_to_rsu,77,77,1
12558,1,PHY,PSSCH_DECODE_OK,75,19,1,400,,,,3,-nan,0,,[NRSL_PHY_EVENT] event=PSSCH_DECODE_OK request_ids=75 txRnti=19 sender_l2_id=19 receiver_l2_id=1 harq_id=3 tb_size=400 tbler=0 sinr=-nan sinrMin=1e+11 reason=,000062,14_11,leader_to_rsu,75,75,1
12723,1,PHY,PSSCH_DECODE_OK,79,5,1,400,,,,12,-nan,0,,[NRSL_PHY_EVENT] event=PSSCH_DECODE_OK request_ids=79 txRnti=5 sender_l2_id=5 receiver_l2_id=1 harq_id=12 tb_size=400 tbler=0 sinr=-nan sinrMin=1e+11 reason=,000062,16_7,leader_to_rsu,79,79,1
12725,1,PHY,PSSCH_DECODE_OK,76,20,1,400,,,,14,-nan,0,,[NRSL_PHY_EVENT] event=PSSCH_DECODE_OK request_ids=76 txRnti=20 sender_l2_id=20 receiver_l2_id=1 harq_id=14 tb_size=400 tbler=0 sinr=-nan sinrMin=1e+11 reason=,000062,14_3,leader_to_rsu,76,76,1
12727,1,PHY,PSSCH_DECODE_OK,74,4,1,400,,,,13,-nan,0,,[NRSL_PHY_EVENT] event=PSSCH_DECODE_OK request_ids=74 txRnti=4 sender_l2_id=4 receiver_l2_id=1 harq_id=13 tb_size=400 tbler=0 sinr=-nan sinrMin=1e+11 reason=,000062,13_2,leader_to_rsu,74,74,1
12729,1,PHY,PSSCH_DECODE_OK,78,16,1,400,,,,14,-nan,0,,[NRSL_PHY_EVENT] event=PSSCH_DECODE_OK request_ids=78 txRnti=16 sender_l2_id=16 receiver_l2_id=1 harq_id=14 tb_size=400 tbler=0 sinr=-nan sinrMin=1e+11 reason=,000062,15_6,leader_to_rsu,78,78,1
12731,1,PHY,PSSCH_DECODE_OK,73,3,1,400,,,,1,-nan,0,,[NRSL_PHY_EVENT] event=PSSCH_DECODE_OK request_ids=73 txRnti=3 sender_l2_id=3 receiver_l2_id=1 harq_id=1 tb_size=400 tbler=0 sinr=-nan sinrMin=1e+11 reason=,000062,11_5,leader_to_rsu,73,73,1
12733,1,PHY,PSSCH_DECODE_OK,77,2,1,400,,,,12,-nan,0,,[NRSL_PHY_EVENT] event=PSSCH_DECODE_OK request_ids=77 txRnti=2 sender_l2_id=2 receiver_l2_id=1 harq_id=12 tb_size=400 tbler=0 sinr=-nan sinrMin=1e+11 reason=,000062,15_2,leader_to_rsu,77,77,1
12735,1,PHY,PSSCH_DECODE_OK,75,19,1,400,,,,4,-nan,0,,[NRSL_PHY_EVENT] event=PSSCH_DECODE_OK request_ids=75 txRnti=19 sender_l2_id=19 receiver_l2_id=1 harq_id=4 tb_size=400 tbler=0 sinr=-nan sinrMin=1e+11 reason=,000062,14_11,leader_to_rsu,75,75,1
12852,1,PHY,PSSCH_DECODE_OK,79,5,1,83,,,,13,-nan,0.0001,,[NRSL_PHY_EVENT] event=PSSCH_DECODE_OK request_ids=79 txRnti=5 sender_l2_id=5 receiver_l2_id=1 harq_id=13 tb_size=83 tbler=0.0001 sinr=-nan sinrMin=1e+11 reason=,000062,16_7,leader_to_rsu,79,79,1
12854,1,PHY,PSSCH_DECODE_OK,76,20,1,83,,,,15,-nan,0.0001,,[NRSL_PHY_EVENT] event=PSSCH_DECODE_OK request_ids=76 txRnti=20 sender_l2_id=20 receiver_l2_id=1 harq_id=15 tb_size=83 tbler=0.0001 sinr=-nan sinrMin=1e+11 reason=,000062,14_3,leader_to_rsu,76,76,1
12856,1,PHY,PSSCH_DECODE_OK,74,4,1,95,,,,14,-nan,0,,[NRSL_PHY_EVENT] event=PSSCH_DECODE_OK request_ids=74 txRnti=4 sender_l2_id=4 receiver_l2_id=1 harq_id=14 tb_size=95 tbler=0 sinr=-nan sinrMin=1e+11 reason=,000062,13_2,leader_to_rsu,74,74,1
12858,1,PHY,PSSCH_DECODE_OK,78,16,1,83,,,,15,-nan,0.0001,,[NRSL_PHY_EVENT] event=PSSCH_DECODE_OK request_ids=78 txRnti=16 sender_l2_id=16 receiver_l2_id=1 harq_id=15 tb_size=83 tbler=0.0001 sinr=-nan sinrMin=1e+11 reason=,000062,15_6,leader_to_rsu,78,78,1
12860,1,PHY,PSSCH_DECODE_OK,73,3,1,95,,,,2,-nan,0,,[NRSL_PHY_EVENT] event=PSSCH_DECODE_OK request_ids=73 txRnti=3 sender_l2_id=3 receiver_l2_id=1 harq_id=2 tb_size=95 tbler=0 sinr=-nan sinrMin=1e+11 reason=,000062,11_5,leader_to_rsu,73,73,1
12862,1,PHY,PSSCH_DECODE_OK,77,2,1,95,,,,13,-nan,0,,[NRSL_PHY_EVENT] event=PSSCH_DECODE_OK request_ids=77 txRnti=2 sender_l2_id=2 receiver_l2_id=1 harq_id=13 tb_size=95 tbler=0 sinr=-nan sinrMin=1e+11 reason=,000062,15_2,leader_to_rsu,77,77,1
12864,1,PHY,PSSCH_DECODE_OK,75,19,1,95,,,,5,-nan,0,,[NRSL_PHY_EVENT] event=PSSCH_DECODE_OK request_ids=75 txRnti=19 sender_l2_id=19 receiver_l2_id=1 harq_id=5 tb_size=95 tbler=0 sinr=-nan sinrMin=1e+11 reason=,000062,14_11,leader_to_rsu,75,75,1
12899,1,PHY,PSSCH_DECODE_OK,70,14,1,12,,,,6,-nan,0.0005,,[NRSL_PHY_EVENT] event=PSSCH_DECODE_OK request_ids=70 txRnti=14 sender_l2_id=14 receiver_l2_id=1 harq_id=6 tb_size=12 tbler=0.0005 sinr=-nan sinrMin=1e+11 reason=,000062,13_9,leader_to_rsu,70,70,1
12931,1,PHY,PSSCH_DECODE_OK,56,14,9,62,,,,7,-nan,0.0001,,[NRSL_PHY_EVENT] event=PSSCH_DECODE_OK request_ids=56 txRnti=14 sender_l2_id=14 receiver_l2_id=9 harq_id=7 tb_size=62 tbler=0.0001 sinr=-nan sinrMin=1e+11 reason=,000062,12_10,member_to_leader,56,56,1
13143,1,PHY,PSSCH_DECODE_OK,79,5,1,400,,,,14,-nan,0,,[NRSL_PHY_EVENT] event=PSSCH_DECODE_OK request_ids=79 txRnti=5 sender_l2_id=5 receiver_l2_id=1 harq_id=14 tb_size=400 tbler=0 sinr=-nan sinrMin=1e+11 reason=,000062,16_7,leader_to_rsu,79,79,1
13145,1,PHY,PSSCH_DECODE_OK,76,20,1,400,,,,0,-nan,0,,[NRSL_PHY_EVENT] event=PSSCH_DECODE_OK request_ids=76 txRnti=20 sender_l2_id=20 receiver_l2_id=1 harq_id=0 tb_size=400 tbler=0 sinr=-nan sinrMin=1e+11 reason=,000062,14_3,leader_to_rsu,76,76,1
13147,1,PHY,PSSCH_DECODE_OK,74,4,1,400,,,,15,-nan,0,,[NRSL_PHY_EVENT] event=PSSCH_DECODE_OK request_ids=74 txRnti=4 sender_l2_id=4 receiver_l2_id=1 harq_id=15 tb_size=400 tbler=0 sinr=-nan sinrMin=1e+11 reason=,000062,13_2,leader_to_rsu,74,74,1
13149,1,PHY,PSSCH_DECODE_OK,78,16,1,400,,,,0,-nan,0,,[NRSL_PHY_EVENT] event=PSSCH_DECODE_OK request_ids=78 txRnti=16 sender_l2_id=16 receiver_l2_id=1 harq_id=0 tb_size=400 tbler=0 sinr=-nan sinrMin=1e+11 reason=,000062,15_6,leader_to_rsu,78,78,1
13151,1,PHY,PSSCH_DECODE_OK,73,3,1,400,,,,3,-nan,0,,[NRSL_PHY_EVENT] event=PSSCH_DECODE_OK request_ids=73 txRnti=3 sender_l2_id=3 receiver_l2_id=1 harq_id=3 tb_size=400 tbler=0 sinr=-nan sinrMin=1e+11 reason=,000062,11_5,leader_to_rsu,73,73,1
13153,1,PHY,PSSCH_DECODE_OK,77,2,1,400,,,,14,-nan,0,,[NRSL_PHY_EVENT] event=PSSCH_DECODE_OK request_ids=77 txRnti=2 sender_l2_id=2 receiver_l2_id=1 harq_id=14 tb_size=400 tbler=0 sinr=-nan sinrMin=1e+11 reason=,000062,15_2,leader_to_rsu,77,77,1
13155,1,PHY,PSSCH_DECODE_OK,75,19,1,400,,,,6,-nan,0,,[NRSL_PHY_EVENT] event=PSSCH_DECODE_OK request_ids=75 txRnti=19 sender_l2_id=19 receiver_l2_id=1 harq_id=6 tb_size=400 tbler=0 sinr=-nan sinrMin=1e+11 reason=,000062,14_11,leader_to_rsu,75,75,1
13295,1,PHY,PSSCH_DECODE_OK,86,5,1,400,,,,15,-nan,0,,[NRSL_PHY_EVENT] event=PSSCH_DECODE_OK request_ids=86 txRnti=5 sender_l2_id=5 receiver_l2_id=1 harq_id=15 tb_size=400 tbler=0 sinr=-nan sinrMin=1e+11 reason=,000062,16_8,leader_to_rsu,86,86,1
13297,1,PHY,PSSCH_DECODE_OK,84,20,1,400,,,,1,-nan,0,,[NRSL_PHY_EVENT] event=PSSCH_DECODE_OK request_ids=84 txRnti=20 sender_l2_id=20 receiver_l2_id=1 harq_id=1 tb_size=400 tbler=0 sinr=-nan sinrMin=1e+11 reason=,000062,15_4,leader_to_rsu,84,84,1
13299,1,PHY,PSSCH_DECODE_OK,81,4,1,400,,,,0,-nan,0,,[NRSL_PHY_EVENT] event=PSSCH_DECODE_OK request_ids=81 txRnti=4 sender_l2_id=4 receiver_l2_id=1 harq_id=0 tb_size=400 tbler=0 sinr=-nan sinrMin=1e+11 reason=,000062,13_3,leader_to_rsu,81,81,1
13301,1,PHY,PSSCH_DECODE_OK,85,16,1,400,,,,1,-nan,0,,[NRSL_PHY_EVENT] event=PSSCH_DECODE_OK request_ids=85 txRnti=16 sender_l2_id=16 receiver_l2_id=1 harq_id=1 tb_size=400 tbler=0 sinr=-nan sinrMin=1e+11 reason=,000062,15_8,leader_to_rsu,85,85,1
13303,1,PHY,PSSCH_DECODE_OK,80,3,1,400,,,,4,-nan,0,,[NRSL_PHY_EVENT] event=PSSCH_DECODE_OK request_ids=80 txRnti=3 sender_l2_id=3 receiver_l2_id=1 harq_id=4 tb_size=400 tbler=0 sinr=-nan sinrMin=1e+11 reason=,000062,12_4,leader_to_rsu,80,80,1
13305,1,PHY,PSSCH_DECODE_OK,83,2,1,400,,,,15,-nan,0,,[NRSL_PHY_EVENT] event=PSSCH_DECODE_OK request_ids=83 txRnti=2 sender_l2_id=2 receiver_l2_id=1 harq_id=15 tb_size=400 tbler=0 sinr=-nan sinrMin=1e+11 reason=,000062,15_3,leader_to_rsu,83,83,1
13307,1,PHY,PSSCH_DECODE_OK,82,19,1,400,,,,7,-nan,0,,[NRSL_PHY_EVENT] event=PSSCH_DECODE_OK request_ids=82 txRnti=19 sender_l2_id=19 receiver_l2_id=1 harq_id=7 tb_size=400 tbler=0 sinr=-nan sinrMin=1e+11 reason=,000062,14_9,leader_to_rsu,82,82,1
13442,1,PHY,PSSCH_DECODE_OK,86,5,1,400,,,,0,-nan,0,,[NRSL_PHY_EVENT] event=PSSCH_DECODE_OK request_ids=86 txRnti=5 sender_l2_id=5 receiver_l2_id=1 harq_id=0 tb_size=400 tbler=0 sinr=-nan sinrMin=1e+11 reason=,000062,16_8,leader_to_rsu,86,86,1
13444,1,PHY,PSSCH_DECODE_OK,84,20,1,400,,,,2,-nan,0,,[NRSL_PHY_EVENT] event=PSSCH_DECODE_OK request_ids=84 txRnti=20 sender_l2_id=20 receiver_l2_id=1 harq_id=2 tb_size=400 tbler=0 sinr=-nan sinrMin=1e+11 reason=,000062,15_4,leader_to_rsu,84,84,1
13446,1,PHY,PSSCH_DECODE_OK,81,4,1,400,,,,1,-nan,0,,[NRSL_PHY_EVENT] event=PSSCH_DECODE_OK request_ids=81 txRnti=4 sender_l2_id=4 receiver_l2_id=1 harq_id=1 tb_size=400 tbler=0 sinr=-nan sinrMin=1e+11 reason=,000062,13_3,leader_to_rsu,81,81,1
13448,1,PHY,PSSCH_DECODE_OK,85,16,1,400,,,,2,-nan,0,,[NRSL_PHY_EVENT] event=PSSCH_DECODE_OK request_ids=85 txRnti=16 sender_l2_id=16 receiver_l2_id=1 harq_id=2 tb_size=400 tbler=0 sinr=-nan sinrMin=1e+11 reason=,000062,15_8,leader_to_rsu,85,85,1
13450,1,PHY,PSSCH_DECODE_OK,80,3,1,400,,,,5,-nan,0,,[NRSL_PHY_EVENT] event=PSSCH_DECODE_OK request_ids=80 txRnti=3 sender_l2_id=3 receiver_l2_id=1 harq_id=5 tb_size=400 tbler=0 sinr=-nan sinrMin=1e+11 reason=,000062,12_4,leader_to_rsu,80,80,1
13452,1,PHY,PSSCH_DECODE_OK,83,2,1,400,,,,0,-nan,0,,[NRSL_PHY_EVENT] event=PSSCH_DECODE_OK request_ids=83 txRnti=2 sender_l2_id=2 receiver_l2_id=1 harq_id=0 tb_size=400 tbler=0 sinr=-nan sinrMin=1e+11 reason=,000062,15_3,leader_to_rsu,83,83,1
13454,1,PHY,PSSCH_DECODE_OK,82,19,1,400,,,,8,-nan,0,,[NRSL_PHY_EVENT] event=PSSCH_DECODE_OK request_ids=82 txRnti=19 sender_l2_id=19 receiver_l2_id=1 harq_id=8 tb_size=400 tbler=0 sinr=-nan sinrMin=1e+11 reason=,000062,14_9,leader_to_rsu,82,82,1
13589,1,PHY,PSSCH_DECODE_OK,86,5,1,400,,,,1,-nan,0,,[NRSL_PHY_EVENT] event=PSSCH_DECODE_OK request_ids=86 txRnti=5 sender_l2_id=5 receiver_l2_id=1 harq_id=1 tb_size=400 tbler=0 sinr=-nan sinrMin=1e+11 reason=,000062,16_8,leader_to_rsu,86,86,1
13591,1,PHY,PSSCH_DECODE_OK,84,20,1,400,,,,3,-nan,0,,[NRSL_PHY_EVENT] event=PSSCH_DECODE_OK request_ids=84 txRnti=20 sender_l2_id=20 receiver_l2_id=1 harq_id=3 tb_size=400 tbler=0 sinr=-nan sinrMin=1e+11 reason=,000062,15_4,leader_to_rsu,84,84,1
13593,1,PHY,PSSCH_DECODE_OK,81,4,1,400,,,,2,-nan,0,,[NRSL_PHY_EVENT] event=PSSCH_DECODE_OK request_ids=81 txRnti=4 sender_l2_id=4 receiver_l2_id=1 harq_id=2 tb_size=400 tbler=0 sinr=-nan sinrMin=1e+11 reason=,000062,13_3,leader_to_rsu,81,81,1
13595,1,PHY,PSSCH_DECODE_OK,85,16,1,400,,,,3,-nan,0,,[NRSL_PHY_EVENT] event=PSSCH_DECODE_OK request_ids=85 txRnti=16 sender_l2_id=16 receiver_l2_id=1 harq_id=3 tb_size=400 tbler=0 sinr=-nan sinrMin=1e+11 reason=,000062,15_8,leader_to_rsu,85,85,1
13597,1,PHY,PSSCH_DECODE_OK,80,3,1,400,,,,6,-nan,0,,[NRSL_PHY_EVENT] event=PSSCH_DECODE_OK request_ids=80 txRnti=3 sender_l2_id=3 receiver_l2_id=1 harq_id=6 tb_size=400 tbler=0 sinr=-nan sinrMin=1e+11 reason=,000062,12_4,leader_to_rsu,80,80,1
13599,1,PHY,PSSCH_DECODE_OK,83,2,1,400,,,,1,-nan,0,,[NRSL_PHY_EVENT] event=PSSCH_DECODE_OK request_ids=83 txRnti=2 sender_l2_id=2 receiver_l2_id=1 harq_id=1 tb_size=400 tbler=0 sinr=-nan sinrMin=1e+11 reason=,000062,15_3,leader_to_rsu,83,83,1
13601,1,PHY,PSSCH_DECODE_OK,82,19,1,400,,,,9,-nan,0,,[NRSL_PHY_EVENT] event=PSSCH_DECODE_OK request_ids=82 txRnti=19 sender_l2_id=19 receiver_l2_id=1 harq_id=9 tb_size=400 tbler=0 sinr=-nan sinrMin=1e+11 reason=,000062,14_9,leader_to_rsu,82,82,1
13736,1,PHY,PSSCH_DECODE_OK,86,5,1,400,,,,2,-nan,0,,[NRSL_PHY_EVENT] event=PSSCH_DECODE_OK request_ids=86 txRnti=5 sender_l2_id=5 receiver_l2_id=1 harq_id=2 tb_size=400 tbler=0 sinr=-nan sinrMin=1e+11 reason=,000062,16_8,leader_to_rsu,86,86,1
13738,1,PHY,PSSCH_DECODE_OK,84,20,1,400,,,,4,-nan,0,,[NRSL_PHY_EVENT] event=PSSCH_DECODE_OK request_ids=84 txRnti=20 sender_l2_id=20 receiver_l2_id=1 harq_id=4 tb_size=400 tbler=0 sinr=-nan sinrMin=1e+11 reason=,000062,15_4,leader_to_rsu,84,84,1
13740,1,PHY,PSSCH_DECODE_OK,81,4,1,400,,,,3,-nan,0,,[NRSL_PHY_EVENT] event=PSSCH_DECODE_OK request_ids=81 txRnti=4 sender_l2_id=4 receiver_l2_id=1 harq_id=3 tb_size=400 tbler=0 sinr=-nan sinrMin=1e+11 reason=,000062,13_3,leader_to_rsu,81,81,1
13742,1,PHY,PSSCH_DECODE_OK,85,16,1,400,,,,4,-nan,0,,[NRSL_PHY_EVENT] event=PSSCH_DECODE_OK request_ids=85 txRnti=16 sender_l2_id=16 receiver_l2_id=1 harq_id=4 tb_size=400 tbler=0 sinr=-nan sinrMin=1e+11 reason=,000062,15_8,leader_to_rsu,85,85,1
13744,1,PHY,PSSCH_DECODE_OK,80,3,1,400,,,,7,-nan,0,,[NRSL_PHY_EVENT] event=PSSCH_DECODE_OK request_ids=80 txRnti=3 sender_l2_id=3 receiver_l2_id=1 harq_id=7 tb_size=400 tbler=0 sinr=-nan sinrMin=1e+11 reason=,000062,12_4,leader_to_rsu,80,80,1
13746,1,PHY,PSSCH_DECODE_OK,83,2,1,400,,,,2,-nan,0,,[NRSL_PHY_EVENT] event=PSSCH_DECODE_OK request_ids=83 txRnti=2 sender_l2_id=2 receiver_l2_id=1 harq_id=2 tb_size=400 tbler=0 sinr=-nan sinrMin=1e+11 reason=,000062,15_3,leader_to_rsu,83,83,1
13748,1,PHY,PSSCH_DECODE_OK,82,19,1,400,,,,10,-nan,0,,[NRSL_PHY_EVENT] event=PSSCH_DECODE_OK request_ids=82 txRnti=19 sender_l2_id=19 receiver_l2_id=1 harq_id=10 tb_size=400 tbler=0 sinr=-nan sinrMin=1e+11 reason=,000062,14_9,leader_to_rsu,82,82,1
13855,1,PHY,PSSCH_DECODE_OK,86,5,1,95,,,,3,-nan,0,,[NRSL_PHY_EVENT] event=PSSCH_DECODE_OK request_ids=86 txRnti=5 sender_l2_id=5 receiver_l2_id=1 harq_id=3 tb_size=95 tbler=0 sinr=-nan sinrMin=1e+11 reason=,000062,16_8,leader_to_rsu,86,86,1
13857,1,PHY,PSSCH_DECODE_OK,84,20,1,95,,,,5,-nan,0,,[NRSL_PHY_EVENT] event=PSSCH_DECODE_OK request_ids=84 txRnti=20 sender_l2_id=20 receiver_l2_id=1 harq_id=5 tb_size=95 tbler=0 sinr=-nan sinrMin=1e+11 reason=,000062,15_4,leader_to_rsu,84,84,1
13859,1,PHY,PSSCH_DECODE_OK,81,4,1,95,,,,4,-nan,0,,[NRSL_PHY_EVENT] event=PSSCH_DECODE_OK request_ids=81 txRnti=4 sender_l2_id=4 receiver_l2_id=1 harq_id=4 tb_size=95 tbler=0 sinr=-nan sinrMin=1e+11 reason=,000062,13_3,leader_to_rsu,81,81,1
13861,1,PHY,PSSCH_DECODE_OK,85,16,1,95,,,,5,-nan,0,,[NRSL_PHY_EVENT] event=PSSCH_DECODE_OK request_ids=85 txRnti=16 sender_l2_id=16 receiver_l2_id=1 harq_id=5 tb_size=95 tbler=0 sinr=-nan sinrMin=1e+11 reason=,000062,15_8,leader_to_rsu,85,85,1
13863,1,PHY,PSSCH_DECODE_OK,80,3,1,95,,,,8,-nan,0,,[NRSL_PHY_EVENT] event=PSSCH_DECODE_OK request_ids=80 txRnti=3 sender_l2_id=3 receiver_l2_id=1 harq_id=8 tb_size=95 tbler=0 sinr=-nan sinrMin=1e+11 reason=,000062,12_4,leader_to_rsu,80,80,1
13865,1,PHY,PSSCH_DECODE_OK,83,2,1,95,,,,3,-nan,0,,[NRSL_PHY_EVENT] event=PSSCH_DECODE_OK request_ids=83 txRnti=2 sender_l2_id=2 receiver_l2_id=1 harq_id=3 tb_size=95 tbler=0 sinr=-nan sinrMin=1e+11 reason=,000062,15_3,leader_to_rsu,83,83,1
13867,1,PHY,PSSCH_DECODE_OK,82,19,1,95,,,,11,-nan,0,,[NRSL_PHY_EVENT] event=PSSCH_DECODE_OK request_ids=82 txRnti=19 sender_l2_id=19 receiver_l2_id=1 harq_id=11 tb_size=95 tbler=0 sinr=-nan sinrMin=1e+11 reason=,000062,14_9,leader_to_rsu,82,82,1
14013,1,PHY,PSSCH_DECODE_OK,86,5,1,400,,,,4,-nan,0,,[NRSL_PHY_EVENT] event=PSSCH_DECODE_OK request_ids=86 txRnti=5 sender_l2_id=5 receiver_l2_id=1 harq_id=4 tb_size=400 tbler=0 sinr=-nan sinrMin=1e+11 reason=,000062,16_8,leader_to_rsu,86,86,1
14015,1,PHY,PSSCH_DECODE_OK,85,16,1,400,,,,6,-nan,0,,[NRSL_PHY_EVENT] event=PSSCH_DECODE_OK request_ids=85 txRnti=16 sender_l2_id=16 receiver_l2_id=1 harq_id=6 tb_size=400 tbler=0 sinr=-nan sinrMin=1e+11 reason=,000062,15_8,leader_to_rsu,85,85,1
14017,1,PHY,PSSCH_DECODE_OK,80,3,1,400,,,,9,-nan,0,,[NRSL_PHY_EVENT] event=PSSCH_DECODE_OK request_ids=80 txRnti=3 sender_l2_id=3 receiver_l2_id=1 harq_id=9 tb_size=400 tbler=0 sinr=-nan sinrMin=1e+11 reason=,000062,12_4,leader_to_rsu,80,80,1
14019,1,PHY,PSSCH_DECODE_OK,82,19,1,400,,,,12,-nan,0,,[NRSL_PHY_EVENT] event=PSSCH_DECODE_OK request_ids=82 txRnti=19 sender_l2_id=19 receiver_l2_id=1 harq_id=12 tb_size=400 tbler=0 sinr=-nan sinrMin=1e+11 reason=,000062,14_9,leader_to_rsu,82,82,1
14109,1,PHY,PSSCH_DECODE_OK,90,5,1,400,,,,5,-nan,0,,[NRSL_PHY_EVENT] event=PSSCH_DECODE_OK request_ids=90 txRnti=5 sender_l2_id=5 receiver_l2_id=1 harq_id=5 tb_size=400 tbler=0 sinr=-nan sinrMin=1e+11 reason=,000062,17_7,leader_to_rsu,90,90,1
14111,1,PHY,PSSCH_DECODE_OK,89,16,1,400,,,,7,-nan,0,,[NRSL_PHY_EVENT] event=PSSCH_DECODE_OK request_ids=89 txRnti=16 sender_l2_id=16 receiver_l2_id=1 harq_id=7 tb_size=400 tbler=0 sinr=-nan sinrMin=1e+11 reason=,000062,16_5,leader_to_rsu,89,89,1
14113,1,PHY,PSSCH_DECODE_OK,87,3,1,400,,,,10,-nan,0,,[NRSL_PHY_EVENT] event=PSSCH_DECODE_OK request_ids=87 txRnti=3 sender_l2_id=3 receiver_l2_id=1 harq_id=10 tb_size=400 tbler=0 sinr=-nan sinrMin=1e+11 reason=,000062,12_5,leader_to_rsu,87,87,1
14115,1,PHY,PSSCH_DECODE_OK,88,19,1,400,,,,13,-nan,0,,[NRSL_PHY_EVENT] event=PSSCH_DECODE_OK request_ids=88 txRnti=19 sender_l2_id=19 receiver_l2_id=1 harq_id=13 tb_size=400 tbler=0 sinr=-nan sinrMin=1e+11 reason=,000062,15_9,leader_to_rsu,88,88,1
14205,1,PHY,PSSCH_DECODE_OK,90,5,1,400,,,,6,-nan,0,,[NRSL_PHY_EVENT] event=PSSCH_DECODE_OK request_ids=90 txRnti=5 sender_l2_id=5 receiver_l2_id=1 harq_id=6 tb_size=400 tbler=0 sinr=-nan sinrMin=1e+11 reason=,000062,17_7,leader_to_rsu,90,90,1
14207,1,PHY,PSSCH_DECODE_OK,89,16,1,400,,,,8,-nan,0,,[NRSL_PHY_EVENT] event=PSSCH_DECODE_OK request_ids=89 txRnti=16 sender_l2_id=16 receiver_l2_id=1 harq_id=8 tb_size=400 tbler=0 sinr=-nan sinrMin=1e+11 reason=,000062,16_5,leader_to_rsu,89,89,1
14209,1,PHY,PSSCH_DECODE_OK,87,3,1,400,,,,11,-nan,0,,[NRSL_PHY_EVENT] event=PSSCH_DECODE_OK request_ids=87 txRnti=3 sender_l2_id=3 receiver_l2_id=1 harq_id=11 tb_size=400 tbler=0 sinr=-nan sinrMin=1e+11 reason=,000062,12_5,leader_to_rsu,87,87,1
14211,1,PHY,PSSCH_DECODE_OK,88,19,1,400,,,,14,-nan,0,,[NRSL_PHY_EVENT] event=PSSCH_DECODE_OK request_ids=88 txRnti=19 sender_l2_id=19 receiver_l2_id=1 harq_id=14 tb_size=400 tbler=0 sinr=-nan sinrMin=1e+11 reason=,000062,15_9,leader_to_rsu,88,88,1
14301,1,PHY,PSSCH_DECODE_OK,90,5,1,400,,,,7,-nan,0,,[NRSL_PHY_EVENT] event=PSSCH_DECODE_OK request_ids=90 txRnti=5 sender_l2_id=5 receiver_l2_id=1 harq_id=7 tb_size=400 tbler=0 sinr=-nan sinrMin=1e+11 reason=,000062,17_7,leader_to_rsu,90,90,1
14303,1,PHY,PSSCH_DECODE_OK,89,16,1,400,,,,9,-nan,0,,[NRSL_PHY_EVENT] event=PSSCH_DECODE_OK request_ids=89 txRnti=16 sender_l2_id=16 receiver_l2_id=1 harq_id=9 tb_size=400 tbler=0 sinr=-nan sinrMin=1e+11 reason=,000062,16_5,leader_to_rsu,89,89,1
14305,1,PHY,PSSCH_DECODE_OK,87,3,1,400,,,,12,-nan,0,,[NRSL_PHY_EVENT] event=PSSCH_DECODE_OK request_ids=87 txRnti=3 sender_l2_id=3 receiver_l2_id=1 harq_id=12 tb_size=400 tbler=0 sinr=-nan sinrMin=1e+11 reason=,000062,12_5,leader_to_rsu,87,87,1
14307,1,PHY,PSSCH_DECODE_OK,88,19,1,400,,,,15,-nan,0,,[NRSL_PHY_EVENT] event=PSSCH_DECODE_OK request_ids=88 txRnti=19 sender_l2_id=19 receiver_l2_id=1 harq_id=15 tb_size=400 tbler=0 sinr=-nan sinrMin=1e+11 reason=,000062,15_9,leader_to_rsu,88,88,1
14409,1,PHY,PSSCH_DECODE_OK,90,5,1,400,,,,8,-nan,0,,[NRSL_PHY_EVENT] event=PSSCH_DECODE_OK request_ids=90 txRnti=5 sender_l2_id=5 receiver_l2_id=1 harq_id=8 tb_size=400 tbler=0 sinr=-nan sinrMin=1e+11 reason=,000062,17_7,leader_to_rsu,90,90,1
14411,1,PHY,PSSCH_DECODE_OK,89,16,1,400,,,,10,-nan,0,,[NRSL_PHY_EVENT] event=PSSCH_DECODE_OK request_ids=89 txRnti=16 sender_l2_id=16 receiver_l2_id=1 harq_id=10 tb_size=400 tbler=0 sinr=-nan sinrMin=1e+11 reason=,000062,16_5,leader_to_rsu,89,89,1
14413,1,PHY,PSSCH_DECODE_OK,87,3,1,400,,,,13,-nan,0,,[NRSL_PHY_EVENT] event=PSSCH_DECODE_OK request_ids=87 txRnti=3 sender_l2_id=3 receiver_l2_id=1 harq_id=13 tb_size=400 tbler=0 sinr=-nan sinrMin=1e+11 reason=,000062,12_5,leader_to_rsu,87,87,1
14415,1,PHY,PSSCH_DECODE_OK,88,19,1,400,,,,0,-nan,0,,[NRSL_PHY_EVENT] event=PSSCH_DECODE_OK request_ids=88 txRnti=19 sender_l2_id=19 receiver_l2_id=1 harq_id=0 tb_size=400 tbler=0 sinr=-nan sinrMin=1e+11 reason=,000062,15_9,leader_to_rsu,88,88,1
14519,1,PHY,PSSCH_DECODE_OK,84,20,1,12,,,,6,-nan,0.0005,,[NRSL_PHY_EVENT] event=PSSCH_DECODE_OK request_ids=84 txRnti=20 sender_l2_id=20 receiver_l2_id=1 harq_id=6 tb_size=12 tbler=0.0005 sinr=-nan sinrMin=1e+11 reason=,000062,15_4,leader_to_rsu,84,84,1
14521,1,PHY,PSSCH_DECODE_OK,90,5,1,95,,,,9,-nan,0,,[NRSL_PHY_EVENT] event=PSSCH_DECODE_OK request_ids=90 txRnti=5 sender_l2_id=5 receiver_l2_id=1 harq_id=9 tb_size=95 tbler=0 sinr=-nan sinrMin=1e+11 reason=,000062,17_7,leader_to_rsu,90,90,1
14523,1,PHY,PSSCH_DECODE_OK,89,16,1,95,,,,11,-nan,0,,[NRSL_PHY_EVENT] event=PSSCH_DECODE_OK request_ids=89 txRnti=16 sender_l2_id=16 receiver_l2_id=1 harq_id=11 tb_size=95 tbler=0 sinr=-nan sinrMin=1e+11 reason=,000062,16_5,leader_to_rsu,89,89,1
14525,1,PHY,PSSCH_DECODE_OK,87,3,1,95,,,,14,-nan,0,,[NRSL_PHY_EVENT] event=PSSCH_DECODE_OK request_ids=87 txRnti=3 sender_l2_id=3 receiver_l2_id=1 harq_id=14 tb_size=95 tbler=0 sinr=-nan sinrMin=1e+11 reason=,000062,12_5,leader_to_rsu,87,87,1
14527,1,PHY,PSSCH_DECODE_OK,88,19,1,95,,,,1,-nan,0,,[NRSL_PHY_EVENT] event=PSSCH_DECODE_OK request_ids=88 txRnti=19 sender_l2_id=19 receiver_l2_id=1 harq_id=1 tb_size=95 tbler=0 sinr=-nan sinrMin=1e+11 reason=,000062,15_9,leader_to_rsu,88,88,1
14613,1,PHY,PSSCH_DECODE_OK,89,16,1,400,,,,12,-nan,0,,[NRSL_PHY_EVENT] event=PSSCH_DECODE_OK request_ids=89 txRnti=16 sender_l2_id=16 receiver_l2_id=1 harq_id=12 tb_size=400 tbler=0 sinr=-nan sinrMin=1e+11 reason=,000062,16_5,leader_to_rsu,89,89,1
14615,1,PHY,PSSCH_DECODE_OK,90,5,1,400,,,,10,-nan,0,,[NRSL_PHY_EVENT] event=PSSCH_DECODE_OK request_ids=90 txRnti=5 sender_l2_id=5 receiver_l2_id=1 harq_id=10 tb_size=400 tbler=0 sinr=-nan sinrMin=1e+11 reason=,000062,17_7,leader_to_rsu,90,90,1
14665,1,PHY,PSSCH_DECODE_OK,91,16,1,400,,,,13,-nan,0,,[NRSL_PHY_EVENT] event=PSSCH_DECODE_OK request_ids=91 txRnti=16 sender_l2_id=16 receiver_l2_id=1 harq_id=13 tb_size=400 tbler=0 sinr=-nan sinrMin=1e+11 reason=,000062,17_5,leader_to_rsu,91,91,1
14667,1,PHY,PSSCH_DECODE_OK,92,5,1,400,,,,11,-nan,0,,[NRSL_PHY_EVENT] event=PSSCH_DECODE_OK request_ids=92 txRnti=5 sender_l2_id=5 receiver_l2_id=1 harq_id=11 tb_size=400 tbler=0 sinr=-nan sinrMin=1e+11 reason=,000062,18_7,leader_to_rsu,92,92,1
14717,1,PHY,PSSCH_DECODE_OK,91,16,1,400,,,,14,-nan,0,,[NRSL_PHY_EVENT] event=PSSCH_DECODE_OK request_ids=91 txRnti=16 sender_l2_id=16 receiver_l2_id=1 harq_id=14 tb_size=400 tbler=0 sinr=-nan sinrMin=1e+11 reason=,000062,17_5,leader_to_rsu,91,91,1
14719,1,PHY,PSSCH_DECODE_OK,92,5,1,400,,,,12,-nan,0,,[NRSL_PHY_EVENT] event=PSSCH_DECODE_OK request_ids=92 txRnti=5 sender_l2_id=5 receiver_l2_id=1 harq_id=12 tb_size=400 tbler=0 sinr=-nan sinrMin=1e+11 reason=,000062,18_7,leader_to_rsu,92,92,1
14769,1,PHY,PSSCH_DECODE_OK,91,16,1,400,,,,15,-nan,0,,[NRSL_PHY_EVENT] event=PSSCH_DECODE_OK request_ids=91 txRnti=16 sender_l2_id=16 receiver_l2_id=1 harq_id=15 tb_size=400 tbler=0 sinr=-nan sinrMin=1e+11 reason=,000062,17_5,leader_to_rsu,91,91,1
14771,1,PHY,PSSCH_DECODE_OK,92,5,1,400,,,,13,-nan,0,,[NRSL_PHY_EVENT] event=PSSCH_DECODE_OK request_ids=92 txRnti=5 sender_l2_id=5 receiver_l2_id=1 harq_id=13 tb_size=400 tbler=0 sinr=-nan sinrMin=1e+11 reason=,000062,18_7,leader_to_rsu,92,92,1
14829,1,PHY,PSSCH_DECODE_OK,91,16,1,400,,,,0,-nan,0,,[NRSL_PHY_EVENT] event=PSSCH_DECODE_OK request_ids=91 txRnti=16 sender_l2_id=16 receiver_l2_id=1 harq_id=0 tb_size=400 tbler=0 sinr=-nan sinrMin=1e+11 reason=,000062,17_5,leader_to_rsu,91,91,1
14831,1,PHY,PSSCH_DECODE_OK,92,5,1,400,,,,14,-nan,0,,[NRSL_PHY_EVENT] event=PSSCH_DECODE_OK request_ids=92 txRnti=5 sender_l2_id=5 receiver_l2_id=1 harq_id=14 tb_size=400 tbler=0 sinr=-nan sinrMin=1e+11 reason=,000062,18_7,leader_to_rsu,92,92,1
14903,1,PHY,PSSCH_DECODE_OK,91,16,1,95,,,,1,-nan,0,,[NRSL_PHY_EVENT] event=PSSCH_DECODE_OK request_ids=91 txRnti=16 sender_l2_id=16 receiver_l2_id=1 harq_id=1 tb_size=95 tbler=0 sinr=-nan sinrMin=1e+11 reason=,000062,17_5,leader_to_rsu,91,91,1
14905,1,PHY,PSSCH_DECODE_OK,92,5,1,95,,,,15,-nan,0,,[NRSL_PHY_EVENT] event=PSSCH_DECODE_OK request_ids=92 txRnti=5 sender_l2_id=5 receiver_l2_id=1 harq_id=15 tb_size=95 tbler=0 sinr=-nan sinrMin=1e+11 reason=,000062,18_7,leader_to_rsu,92,92,1
14968,1,PHY,PSSCH_DECODE_OK,91,16,1,12,,,,2,-nan,0.0005,,[NRSL_PHY_EVENT] event=PSSCH_DECODE_OK request_ids=91 txRnti=16 sender_l2_id=16 receiver_l2_id=1 harq_id=2 tb_size=12 tbler=0.0005 sinr=-nan sinrMin=1e+11 reason=,000062,17_5,leader_to_rsu,91,91,1
14970,1,PHY,PSSCH_DECODE_OK,92,5,1,12,,,,0,-nan,0.0005,,[NRSL_PHY_EVENT] event=PSSCH_DECODE_OK request_ids=92 txRnti=5 sender_l2_id=5 receiver_l2_id=1 harq_id=0 tb_size=12 tbler=0.0005 sinr=-nan sinrMin=1e+11 reason=,000062,18_7,leader_to_rsu,92,92,1
15204,2,PHY,PSSCH_DECODE_OK,100,13,4,400,,,,11,-nan,0,,[NRSL_PHY_EVENT] event=PSSCH_DECODE_OK request_ids=100 txRnti=13 sender_l2_id=13 receiver_l2_id=4 harq_id=11 tb_size=400 tbler=0 sinr=-nan sinrMin=1e+11 reason=,000064,13_2,member_to_leader,100,100,1
15206,2,PHY,PSSCH_DECODE_OK,94,21,12,400,,,,11,-nan,0,,[NRSL_PHY_EVENT] event=PSSCH_DECODE_OK request_ids=94 txRnti=21 sender_l2_id=21 receiver_l2_id=12 harq_id=11 tb_size=400 tbler=0 sinr=-nan sinrMin=1e+11 reason=,000064,11_8,member_to_leader,94,94,1
15208,2,PHY,PSSCH_DECODE_OK,93,14,17,400,,,,8,-nan,0,,[NRSL_PHY_EVENT] event=PSSCH_DECODE_OK request_ids=93 txRnti=14 sender_l2_id=14 receiver_l2_id=17 harq_id=8 tb_size=400 tbler=0 sinr=-nan sinrMin=1e+11 reason=,000064,12_9,member_to_leader,93,93,1
15360,2,PHY,PSSCH_DECODE_OK,100,13,4,400,,,,12,-nan,0,,[NRSL_PHY_EVENT] event=PSSCH_DECODE_OK request_ids=100 txRnti=13 sender_l2_id=13 receiver_l2_id=4 harq_id=12 tb_size=400 tbler=0 sinr=-nan sinrMin=1e+11 reason=,000064,13_2,member_to_leader,100,100,1
15362,2,PHY,PSSCH_DECODE_OK,94,21,12,400,,,,12,-nan,0,,[NRSL_PHY_EVENT] event=PSSCH_DECODE_OK request_ids=94 txRnti=21 sender_l2_id=21 receiver_l2_id=12 harq_id=12 tb_size=400 tbler=0 sinr=-nan sinrMin=1e+11 reason=,000064,11_8,member_to_leader,94,94,1
15364,2,PHY,PSSCH_DECODE_OK,93,14,17,400,,,,9,-nan,0,,[NRSL_PHY_EVENT] event=PSSCH_DECODE_OK request_ids=93 txRnti=14 sender_l2_id=14 receiver_l2_id=17 harq_id=9 tb_size=400 tbler=0 sinr=-nan sinrMin=1e+11 reason=,000064,12_9,member_to_leader,93,93,1
15518,2,PHY,PSSCH_DECODE_OK,100,13,4,400,,,,13,-nan,0,,[NRSL_PHY_EVENT] event=PSSCH_DECODE_OK request_ids=100 txRnti=13 sender_l2_id=13 receiver_l2_id=4 harq_id=13 tb_size=400 tbler=0 sinr=-nan sinrMin=1e+11 reason=,000064,13_2,member_to_leader,100,100,1
15520,2,PHY,PSSCH_DECODE_OK,94,21,12,400,,,,13,-nan,0,,[NRSL_PHY_EVENT] event=PSSCH_DECODE_OK request_ids=94 txRnti=21 sender_l2_id=21 receiver_l2_id=12 harq_id=13 tb_size=400 tbler=0 sinr=-nan sinrMin=1e+11 reason=,000064,11_8,member_to_leader,94,94,1
15522,2,PHY,PSSCH_DECODE_OK,93,14,17,400,,,,10,-nan,0,,[NRSL_PHY_EVENT] event=PSSCH_DECODE_OK request_ids=93 txRnti=14 sender_l2_id=14 receiver_l2_id=17 harq_id=10 tb_size=400 tbler=0 sinr=-nan sinrMin=1e+11 reason=,000064,12_9,member_to_leader,93,93,1
15672,2,PHY,PSSCH_DECODE_OK,100,13,4,400,,,,14,-nan,0,,[NRSL_PHY_EVENT] event=PSSCH_DECODE_OK request_ids=100 txRnti=13 sender_l2_id=13 receiver_l2_id=4 harq_id=14 tb_size=400 tbler=0 sinr=-nan sinrMin=1e+11 reason=,000064,13_2,member_to_leader,100,100,1
15674,2,PHY,PSSCH_DECODE_OK,94,21,12,400,,,,14,-nan,0,,[NRSL_PHY_EVENT] event=PSSCH_DECODE_OK request_ids=94 txRnti=21 sender_l2_id=21 receiver_l2_id=12 harq_id=14 tb_size=400 tbler=0 sinr=-nan sinrMin=1e+11 reason=,000064,11_8,member_to_leader,94,94,1
15676,2,PHY,PSSCH_DECODE_OK,93,14,17,400,,,,11,-nan,0,,[NRSL_PHY_EVENT] event=PSSCH_DECODE_OK request_ids=93 txRnti=14 sender_l2_id=14 receiver_l2_id=17 harq_id=11 tb_size=400 tbler=0 sinr=-nan sinrMin=1e+11 reason=,000064,12_9,member_to_leader,93,93,1
15826,2,PHY,PSSCH_DECODE_OK,100,13,4,400,,,,15,-nan,0,,[NRSL_PHY_EVENT] event=PSSCH_DECODE_OK request_ids=100 txRnti=13 sender_l2_id=13 receiver_l2_id=4 harq_id=15 tb_size=400 tbler=0 sinr=-nan sinrMin=1e+11 reason=,000064,13_2,member_to_leader,100,100,1
15828,2,PHY,PSSCH_DECODE_OK,94,21,12,400,,,,15,-nan,0,,[NRSL_PHY_EVENT] event=PSSCH_DECODE_OK request_ids=94 txRnti=21 sender_l2_id=21 receiver_l2_id=12 harq_id=15 tb_size=400 tbler=0 sinr=-nan sinrMin=1e+11 reason=,000064,11_8,member_to_leader,94,94,1
15830,2,PHY,PSSCH_DECODE_OK,93,14,17,400,,,,12,-nan,0,,[NRSL_PHY_EVENT] event=PSSCH_DECODE_OK request_ids=93 txRnti=14 sender_l2_id=14 receiver_l2_id=17 harq_id=12 tb_size=400 tbler=0 sinr=-nan sinrMin=1e+11 reason=,000064,12_9,member_to_leader,93,93,1
15963,2,PHY,PSSCH_DECODE_OK,95,20,2,400,,,,12,-nan,0,,[NRSL_PHY_EVENT] event=PSSCH_DECODE_OK request_ids=95 txRnti=20 sender_l2_id=20 receiver_l2_id=2 harq_id=12 tb_size=400 tbler=0 sinr=-nan sinrMin=1e+11 reason=,000064,15_2,member_to_leader,95,95,1
15966,2,PHY,PSSCH_DECODE_OK,100,13,4,131,,,,0,-nan,0.0001,,[NRSL_PHY_EVENT] event=PSSCH_DECODE_OK request_ids=100 txRnti=13 sender_l2_id=13 receiver_l2_id=4 harq_id=0 tb_size=131 tbler=0.0001 sinr=-nan sinrMin=1e+11 reason=,000064,13_2,member_to_leader,100,100,1
15968,2,PHY,PSSCH_DECODE_OK,94,21,12,400,,,,0,-nan,0,,[NRSL_PHY_EVENT] event=PSSCH_DECODE_OK request_ids=94 txRnti=21 sender_l2_id=21 receiver_l2_id=12 harq_id=0 tb_size=400 tbler=0 sinr=-nan sinrMin=1e+11 reason=,000064,11_8,member_to_leader,94,94,1
15970,2,PHY,PSSCH_DECODE_OK,93,14,17,400,,,,13,-nan,0,,[NRSL_PHY_EVENT] event=PSSCH_DECODE_OK request_ids=93 txRnti=14 sender_l2_id=14 receiver_l2_id=17 harq_id=13 tb_size=400 tbler=0 sinr=-nan sinrMin=1e+11 reason=,000064,12_9,member_to_leader,93,93,1
16086,2,PHY,PSSCH_DECODE_OK,95,20,2,400,,,,13,-nan,0,,[NRSL_PHY_EVENT] event=PSSCH_DECODE_OK request_ids=95 txRnti=20 sender_l2_id=20 receiver_l2_id=2 harq_id=13 tb_size=400 tbler=0 sinr=-nan sinrMin=1e+11 reason=,000064,15_2,member_to_leader,95,95,1
16088,2,PHY,PSSCH_DECODE_OK,94,21,12,400,,,,1,-nan,0,,[NRSL_PHY_EVENT] event=PSSCH_DECODE_OK request_ids=94 txRnti=21 sender_l2_id=21 receiver_l2_id=12 harq_id=1 tb_size=400 tbler=0 sinr=-nan sinrMin=1e+11 reason=,000064,11_8,member_to_leader,94,94,1
16090,2,PHY,PSSCH_DECODE_OK,93,14,17,400,,,,14,-nan,0,,[NRSL_PHY_EVENT] event=PSSCH_DECODE_OK request_ids=93 txRnti=14 sender_l2_id=14 receiver_l2_id=17 harq_id=14 tb_size=400 tbler=0 sinr=-nan sinrMin=1e+11 reason=,000064,12_9,member_to_leader,93,93,1
16183,2,PHY,PSSCH_DECODE_OK,95,20,2,275,,,,14,-nan,0,,[NRSL_PHY_EVENT] event=PSSCH_DECODE_OK request_ids=95 txRnti=20 sender_l2_id=20 receiver_l2_id=2 harq_id=14 tb_size=275 tbler=0 sinr=-nan sinrMin=1e+11 reason=,000064,15_2,member_to_leader,95,95,1
16185,2,PHY,PSSCH_DECODE_OK,94,21,12,400,,,,2,-nan,0,,[NRSL_PHY_EVENT] event=PSSCH_DECODE_OK request_ids=94 txRnti=21 sender_l2_id=21 receiver_l2_id=12 harq_id=2 tb_size=400 tbler=0 sinr=-nan sinrMin=1e+11 reason=,000064,11_8,member_to_leader,94,94,1
16187,2,PHY,PSSCH_DECODE_OK,93,14,17,400,,,,15,-nan,0,,[NRSL_PHY_EVENT] event=PSSCH_DECODE_OK request_ids=93 txRnti=14 sender_l2_id=14 receiver_l2_id=17 harq_id=15 tb_size=400 tbler=0 sinr=-nan sinrMin=1e+11 reason=,000064,12_9,member_to_leader,93,93,1
16238,2,PHY,PSSCH_DECODE_OK,94,21,12,400,,,,3,-nan,0,,[NRSL_PHY_EVENT] event=PSSCH_DECODE_OK request_ids=94 txRnti=21 sender_l2_id=21 receiver_l2_id=12 harq_id=3 tb_size=400 tbler=0 sinr=-nan sinrMin=1e+11 reason=,000064,11_8,member_to_leader,94,94,1
16240,2,PHY,PSSCH_DECODE_OK,93,14,17,400,,,,0,-nan,0,,[NRSL_PHY_EVENT] event=PSSCH_DECODE_OK request_ids=93 txRnti=14 sender_l2_id=14 receiver_l2_id=17 harq_id=0 tb_size=400 tbler=0 sinr=-nan sinrMin=1e+11 reason=,000064,12_9,member_to_leader,93,93,1
16290,2,PHY,PSSCH_DECODE_OK,94,21,12,400,,,,4,-nan,0,,[NRSL_PHY_EVENT] event=PSSCH_DECODE_OK request_ids=94 txRnti=21 sender_l2_id=21 receiver_l2_id=12 harq_id=4 tb_size=400 tbler=0 sinr=-nan sinrMin=1e+11 reason=,000064,11_8,member_to_leader,94,94,1
16292,2,PHY,PSSCH_DECODE_OK,93,14,17,400,,,,1,-nan,0,,[NRSL_PHY_EVENT] event=PSSCH_DECODE_OK request_ids=93 txRnti=14 sender_l2_id=14 receiver_l2_id=17 harq_id=1 tb_size=400 tbler=0 sinr=-nan sinrMin=1e+11 reason=,000064,12_9,member_to_leader,93,93,1
16342,2,PHY,PSSCH_DECODE_OK,94,21,12,400,,,,5,-nan,0,,[NRSL_PHY_EVENT] event=PSSCH_DECODE_OK request_ids=94 txRnti=21 sender_l2_id=21 receiver_l2_id=12 harq_id=5 tb_size=400 tbler=0 sinr=-nan sinrMin=1e+11 reason=,000064,11_8,member_to_leader,94,94,1
16344,2,PHY,PSSCH_DECODE_OK,93,14,17,400,,,,2,-nan,0,,[NRSL_PHY_EVENT] event=PSSCH_DECODE_OK request_ids=93 txRnti=14 sender_l2_id=14 receiver_l2_id=17 harq_id=2 tb_size=400 tbler=0 sinr=-nan sinrMin=1e+11 reason=,000064,12_9,member_to_leader,93,93,1
16394,2,PHY,PSSCH_DECODE_OK,94,21,12,400,,,,6,-nan,0,,[NRSL_PHY_EVENT] event=PSSCH_DECODE_OK request_ids=94 txRnti=21 sender_l2_id=21 receiver_l2_id=12 harq_id=6 tb_size=400 tbler=0 sinr=-nan sinrMin=1e+11 reason=,000064,11_8,member_to_leader,94,94,1
16396,2,PHY,PSSCH_DECODE_OK,93,14,17,400,,,,3,-nan,0,,[NRSL_PHY_EVENT] event=PSSCH_DECODE_OK request_ids=93 txRnti=14 sender_l2_id=14 receiver_l2_id=17 harq_id=3 tb_size=400 tbler=0 sinr=-nan sinrMin=1e+11 reason=,000064,12_9,member_to_leader,93,93,1
16446,2,PHY,PSSCH_DECODE_OK,94,21,12,400,,,,7,-nan,0,,[NRSL_PHY_EVENT] event=PSSCH_DECODE_OK request_ids=94 txRnti=21 sender_l2_id=21 receiver_l2_id=12 harq_id=7 tb_size=400 tbler=0 sinr=-nan sinrMin=1e+11 reason=,000064,11_8,member_to_leader,94,94,1
16448,2,PHY,PSSCH_DECODE_OK,93,14,17,400,,,,4,-nan,0,,[NRSL_PHY_EVENT] event=PSSCH_DECODE_OK request_ids=93 txRnti=14 sender_l2_id=14 receiver_l2_id=17 harq_id=4 tb_size=400 tbler=0 sinr=-nan sinrMin=1e+11 reason=,000064,12_9,member_to_leader,93,93,1
16498,2,PHY,PSSCH_DECODE_OK,94,21,12,400,,,,8,-nan,0,,[NRSL_PHY_EVENT] event=PSSCH_DECODE_OK request_ids=94 txRnti=21 sender_l2_id=21 receiver_l2_id=12 harq_id=8 tb_size=400 tbler=0 sinr=-nan sinrMin=1e+11 reason=,000064,11_8,member_to_leader,94,94,1
16500,2,PHY,PSSCH_DECODE_OK,93,14,17,400,,,,5,-nan,0,,[NRSL_PHY_EVENT] event=PSSCH_DECODE_OK request_ids=93 txRnti=14 sender_l2_id=14 receiver_l2_id=17 harq_id=5 tb_size=400 tbler=0 sinr=-nan sinrMin=1e+11 reason=,000064,12_9,member_to_leader,93,93,1
16550,2,PHY,PSSCH_DECODE_OK,94,21,12,400,,,,9,-nan,0,,[NRSL_PHY_EVENT] event=PSSCH_DECODE_OK request_ids=94 txRnti=21 sender_l2_id=21 receiver_l2_id=12 harq_id=9 tb_size=400 tbler=0 sinr=-nan sinrMin=1e+11 reason=,000064,11_8,member_to_leader,94,94,1
16552,2,PHY,PSSCH_DECODE_OK,93,14,17,400,,,,6,-nan,0,,[NRSL_PHY_EVENT] event=PSSCH_DECODE_OK request_ids=93 txRnti=14 sender_l2_id=14 receiver_l2_id=17 harq_id=6 tb_size=400 tbler=0 sinr=-nan sinrMin=1e+11 reason=,000064,12_9,member_to_leader,93,93,1
16602,2,PHY,PSSCH_DECODE_OK,94,21,12,400,,,,10,-nan,0,,[NRSL_PHY_EVENT] event=PSSCH_DECODE_OK request_ids=94 txRnti=21 sender_l2_id=21 receiver_l2_id=12 harq_id=10 tb_size=400 tbler=0 sinr=-nan sinrMin=1e+11 reason=,000064,11_8,member_to_leader,94,94,1
16604,2,PHY,PSSCH_DECODE_OK,93,14,17,400,,,,7,-nan,0,,[NRSL_PHY_EVENT] event=PSSCH_DECODE_OK request_ids=93 txRnti=14 sender_l2_id=14 receiver_l2_id=17 harq_id=7 tb_size=400 tbler=0 sinr=-nan sinrMin=1e+11 reason=,000064,12_9,member_to_leader,93,93,1
16650,2,PHY,PSSCH_DECODE_OK,94,21,12,3,,,,11,-nan,0,,[NRSL_PHY_EVENT] event=PSSCH_DECODE_OK request_ids=94 txRnti=21 sender_l2_id=21 receiver_l2_id=12 harq_id=11 tb_size=3 tbler=0 sinr=-nan sinrMin=1e+11 reason=,000064,11_8,member_to_leader,94,94,1
16652,2,PHY,PSSCH_DECODE_OK,93,14,17,400,,,,8,-nan,0,,[NRSL_PHY_EVENT] event=PSSCH_DECODE_OK request_ids=93 txRnti=14 sender_l2_id=14 receiver_l2_id=17 harq_id=8 tb_size=400 tbler=0 sinr=-nan sinrMin=1e+11 reason=,000064,12_9,member_to_leader,93,93,1
16680,2,PHY,PSSCH_DECODE_OK,93,14,17,400,,,,9,-nan,0,,[NRSL_PHY_EVENT] event=PSSCH_DECODE_OK request_ids=93 txRnti=14 sender_l2_id=14 receiver_l2_id=17 harq_id=9 tb_size=400 tbler=0 sinr=-nan sinrMin=1e+11 reason=,000064,12_9,member_to_leader,93,93,1
16744,2,PHY,PSSCH_DECODE_OK,93,14,17,400,,,,10,-nan,0,,[NRSL_PHY_EVENT] event=PSSCH_DECODE_OK request_ids=93 txRnti=14 sender_l2_id=14 receiver_l2_id=17 harq_id=10 tb_size=400 tbler=0 sinr=-nan sinrMin=1e+11 reason=,000064,12_9,member_to_leader,93,93,1
16797,2,PHY,PSSCH_DECODE_OK,93,14,17,400,,,,11,-nan,0,,[NRSL_PHY_EVENT] event=PSSCH_DECODE_OK request_ids=93 txRnti=14 sender_l2_id=14 receiver_l2_id=17 harq_id=11 tb_size=400 tbler=0 sinr=-nan sinrMin=1e+11 reason=,000064,12_9,member_to_leader,93,93,1
16917,2,PHY,PSSCH_DECODE_OK,95,20,2,400,,,,15,-nan,0,,[NRSL_PHY_EVENT] event=PSSCH_DECODE_OK request_ids=95 txRnti=20 sender_l2_id=20 receiver_l2_id=2 harq_id=15 tb_size=400 tbler=0 sinr=-nan sinrMin=1e+11 reason=,000064,15_2,member_to_leader,95,95,1
16919,2,PHY,PSSCH_DECODE_OK,106,14,19,400,,,,12,-nan,0,,[NRSL_PHY_EVENT] event=PSSCH_DECODE_OK request_ids=106 txRnti=14 sender_l2_id=14 receiver_l2_id=19 harq_id=12 tb_size=400 tbler=0 sinr=-nan sinrMin=1e+11 reason=,000064,14_11,member_to_leader,106,106,1
17033,2,PHY,PSSCH_DECODE_OK,104,20,2,400,,,,0,-nan,0,,[NRSL_PHY_EVENT] event=PSSCH_DECODE_OK request_ids=104 txRnti=20 sender_l2_id=20 receiver_l2_id=2 harq_id=0 tb_size=400 tbler=0 sinr=-nan sinrMin=1e+11 reason=,000064,14_3,member_to_leader,104,104,1
17035,2,PHY,PSSCH_DECODE_OK,93,14,17,400,,,,13,-nan,0,,[NRSL_PHY_EVENT] event=PSSCH_DECODE_OK request_ids=93 txRnti=14 sender_l2_id=14 receiver_l2_id=17 harq_id=13 tb_size=400 tbler=0 sinr=-nan sinrMin=1e+11 reason=,000064,12_9,member_to_leader,93,93,1
17135,2,PHY,PSSCH_DECODE_OK,104,20,2,400,,,,1,-nan,0,,[NRSL_PHY_EVENT] event=PSSCH_DECODE_OK request_ids=104 txRnti=20 sender_l2_id=20 receiver_l2_id=2 harq_id=1 tb_size=400 tbler=0 sinr=-nan sinrMin=1e+11 reason=,000064,14_3,member_to_leader,104,104,1
17137,2,PHY,PSSCH_DECODE_OK,105,16,5,211,,,,13,-nan,0,,[NRSL_PHY_EVENT] event=PSSCH_DECODE_OK request_ids=105 txRnti=16 sender_l2_id=16 receiver_l2_id=5 harq_id=13 tb_size=211 tbler=0 sinr=-nan sinrMin=1e+11 reason=,000064,17_5,member_to_leader,105,105,1
17139,2,PHY,PSSCH_DECODE_OK,93,14,17,400,,,,14,-nan,0,,[NRSL_PHY_EVENT] event=PSSCH_DECODE_OK request_ids=93 txRnti=14 sender_l2_id=14 receiver_l2_id=17 harq_id=14 tb_size=400 tbler=0 sinr=-nan sinrMin=1e+11 reason=,000064,12_9,member_to_leader,93,93,1
17234,2,PHY,PSSCH_DECODE_OK,104,20,2,400,,,,2,-nan,0,,[NRSL_PHY_EVENT] event=PSSCH_DECODE_OK request_ids=104 txRnti=20 sender_l2_id=20 receiver_l2_id=2 harq_id=2 tb_size=400 tbler=0 sinr=-nan sinrMin=1e+11 reason=,000064,14_3,member_to_leader,104,104,1
17236,2,PHY,PSSCH_DECODE_OK,106,14,19,400,,,,15,-nan,0,,[NRSL_PHY_EVENT] event=PSSCH_DECODE_OK request_ids=106 txRnti=14 sender_l2_id=14 receiver_l2_id=19 harq_id=15 tb_size=400 tbler=0 sinr=-nan sinrMin=1e+11 reason=,000064,14_11,member_to_leader,106,106,1
17335,2,PHY,PSSCH_DECODE_OK,93,14,17,400,,,,0,-nan,0,,[NRSL_PHY_EVENT] event=PSSCH_DECODE_OK request_ids=93 txRnti=14 sender_l2_id=14 receiver_l2_id=17 harq_id=0 tb_size=400 tbler=0 sinr=-nan sinrMin=1e+11 reason=,000064,12_9,member_to_leader,93,93,1
17420,2,PHY,PSSCH_DECODE_OK,102,21,3,400,,,,1,-nan,0,,[NRSL_PHY_EVENT] event=PSSCH_DECODE_OK request_ids=102 txRnti=21 sender_l2_id=21 receiver_l2_id=3 harq_id=1 tb_size=400 tbler=0 sinr=-nan sinrMin=1e+11 reason=,000064,11_5,member_to_leader,102,102,1
17423,2,PHY,PSSCH_DECODE_OK,100,13,4,12,,,,1,-nan,0.0005,,[NRSL_PHY_EVENT] event=PSSCH_DECODE_OK request_ids=100 txRnti=13 sender_l2_id=13 receiver_l2_id=4 harq_id=1 tb_size=12 tbler=0.0005 sinr=-nan sinrMin=1e+11 reason=,000064,13_2,member_to_leader,100,100,1
17425,2,PHY,PSSCH_DECODE_OK,99,19,16,12,,,,9,-nan,0.0005,,[NRSL_PHY_EVENT] event=PSSCH_DECODE_OK request_ids=99 txRnti=19 sender_l2_id=19 receiver_l2_id=16 harq_id=9 tb_size=12 tbler=0.0005 sinr=-nan sinrMin=1e+11 reason=,000064,15_8,member_to_leader,99,99,1
17497,2,PHY,PSSCH_DECODE_OK,93,14,17,400,,,,2,-nan,0,,[NRSL_PHY_EVENT] event=PSSCH_DECODE_OK request_ids=93 txRnti=14 sender_l2_id=14 receiver_l2_id=17 harq_id=2 tb_size=400 tbler=0 sinr=-nan sinrMin=1e+11 reason=,000064,12_9,member_to_leader,93,93,1
17542,2,PHY,PSSCH_DECODE_OK,102,21,3,355,,,,3,-nan,0,,[NRSL_PHY_EVENT] event=PSSCH_DECODE_OK request_ids=102 txRnti=21 sender_l2_id=21 receiver_l2_id=3 harq_id=3 tb_size=355 tbler=0 sinr=-nan sinrMin=1e+11 reason=,000064,11_5,member_to_leader,102,102,1
17544,2,PHY,PSSCH_DECODE_OK,93,14,17,400,,,,3,-nan,0,,[NRSL_PHY_EVENT] event=PSSCH_DECODE_OK request_ids=93 txRnti=14 sender_l2_id=14 receiver_l2_id=17 harq_id=3 tb_size=400 tbler=0 sinr=-nan sinrMin=1e+11 reason=,000064,12_9,member_to_leader,93,93,1
17572,2,PHY,PSSCH_DECODE_OK,93,14,17,400,,,,4,-nan,0,,[NRSL_PHY_EVENT] event=PSSCH_DECODE_OK request_ids=93 txRnti=14 sender_l2_id=14 receiver_l2_id=17 harq_id=4 tb_size=400 tbler=0 sinr=-nan sinrMin=1e+11 reason=,000064,12_9,member_to_leader,93,93,1
17599,2,PHY,PSSCH_DECODE_OK,93,14,17,400,,,,5,-nan,0,,[NRSL_PHY_EVENT] event=PSSCH_DECODE_OK request_ids=93 txRnti=14 sender_l2_id=14 receiver_l2_id=17 harq_id=5 tb_size=400 tbler=0 sinr=-nan sinrMin=1e+11 reason=,000064,12_9,member_to_leader,93,93,1
17626,2,PHY,PSSCH_DECODE_OK,93,14,17,400,,,,6,-nan,0,,[NRSL_PHY_EVENT] event=PSSCH_DECODE_OK request_ids=93 txRnti=14 sender_l2_id=14 receiver_l2_id=17 harq_id=6 tb_size=400 tbler=0 sinr=-nan sinrMin=1e+11 reason=,000064,12_9,member_to_leader,93,93,1
17653,2,PHY,PSSCH_DECODE_OK,93,14,17,400,,,,7,-nan,0,,[NRSL_PHY_EVENT] event=PSSCH_DECODE_OK request_ids=93 txRnti=14 sender_l2_id=14 receiver_l2_id=17 harq_id=7 tb_size=400 tbler=0 sinr=-nan sinrMin=1e+11 reason=,000064,12_9,member_to_leader,93,93,1
17680,2,PHY,PSSCH_DECODE_OK,93,14,17,400,,,,8,-nan,0,,[NRSL_PHY_EVENT] event=PSSCH_DECODE_OK request_ids=93 txRnti=14 sender_l2_id=14 receiver_l2_id=17 harq_id=8 tb_size=400 tbler=0 sinr=-nan sinrMin=1e+11 reason=,000064,12_9,member_to_leader,93,93,1
17707,2,PHY,PSSCH_DECODE_OK,93,14,17,400,,,,9,-nan,0,,[NRSL_PHY_EVENT] event=PSSCH_DECODE_OK request_ids=93 txRnti=14 sender_l2_id=14 receiver_l2_id=17 harq_id=9 tb_size=400 tbler=0 sinr=-nan sinrMin=1e+11 reason=,000064,12_9,member_to_leader,93,93,1
17734,2,PHY,PSSCH_DECODE_OK,93,14,17,400,,,,10,-nan,0,,[NRSL_PHY_EVENT] event=PSSCH_DECODE_OK request_ids=93 txRnti=14 sender_l2_id=14 receiver_l2_id=17 harq_id=10 tb_size=400 tbler=0 sinr=-nan sinrMin=1e+11 reason=,000064,12_9,member_to_leader,93,93,1
17763,2,PHY,PSSCH_DECODE_OK,93,14,17,400,,,,11,-nan,0,,[NRSL_PHY_EVENT] event=PSSCH_DECODE_OK request_ids=93 txRnti=14 sender_l2_id=14 receiver_l2_id=17 harq_id=11 tb_size=400 tbler=0 sinr=-nan sinrMin=1e+11 reason=,000064,12_9,member_to_leader,93,93,1
17804,2,PHY,PSSCH_DECODE_OK,94,21,12,34,,,,4,-nan,0,,[NRSL_PHY_EVENT] event=PSSCH_DECODE_OK request_ids=94 txRnti=21 sender_l2_id=21 receiver_l2_id=12 harq_id=4 tb_size=34 tbler=0 sinr=-nan sinrMin=1e+11 reason=,000064,11_8,member_to_leader,94,94,1
17806,2,PHY,PSSCH_DECODE_OK,93,14,17,67,,,,12,-nan,0.0001,,[NRSL_PHY_EVENT] event=PSSCH_DECODE_OK request_ids=93 txRnti=14 sender_l2_id=14 receiver_l2_id=17 harq_id=12 tb_size=67 tbler=0.0001 sinr=-nan sinrMin=1e+11 reason=,000064,12_9,member_to_leader,93,93,1
18070,2,PHY,PSSCH_DECODE_OK,114,17,1,400,,,,14,-nan,0,,[NRSL_PHY_EVENT] event=PSSCH_DECODE_OK request_ids=114 txRnti=17 sender_l2_id=17 receiver_l2_id=1 harq_id=14 tb_size=400 tbler=0 sinr=-nan sinrMin=1e+11 reason=,000064,12_9,leader_to_rsu,114,114,1
18072,2,PHY,PSSCH_DECODE_OK,110,12,1,400,,,,14,-nan,0,,[NRSL_PHY_EVENT] event=PSSCH_DECODE_OK request_ids=110 txRnti=12 sender_l2_id=12 receiver_l2_id=1 harq_id=14 tb_size=400 tbler=0 sinr=-nan sinrMin=1e+11 reason=,000064,11_8,leader_to_rsu,110,110,1
18074,2,PHY,PSSCH_DECODE_OK,116,2,1,400,,,,11,-nan,0,,[NRSL_PHY_EVENT] event=PSSCH_DECODE_OK request_ids=116 txRnti=2 sender_l2_id=2 receiver_l2_id=1 harq_id=11 tb_size=400 tbler=0 sinr=-nan sinrMin=1e+11 reason=,000064,14_1,leader_to_rsu,116,116,1
18077,2,PHY,PSSCH_DECODE_OK,115,13,1,400,,,,2,-nan,0,,[NRSL_PHY_EVENT] event=PSSCH_DECODE_OK request_ids=115 txRnti=13 sender_l2_id=13 receiver_l2_id=1 harq_id=2 tb_size=400 tbler=0 sinr=-nan sinrMin=1e+11 reason=,000064,13_0,leader_to_rsu,115,115,1
18079,2,PHY,PSSCH_DECODE_OK,108,3,1,400,,,,13,-nan,0,,[NRSL_PHY_EVENT] event=PSSCH_DECODE_OK request_ids=108 txRnti=3 sender_l2_id=3 receiver_l2_id=1 harq_id=13 tb_size=400 tbler=0 sinr=-nan sinrMin=1e+11 reason=,000064,11_4,leader_to_rsu,108,108,1
18081,2,PHY,PSSCH_DECODE_OK,109,21,1,400,,,,5,-nan,0,,[NRSL_PHY_EVENT] event=PSSCH_DECODE_OK request_ids=109 txRnti=21 sender_l2_id=21 receiver_l2_id=1 harq_id=5 tb_size=400 tbler=0 sinr=-nan sinrMin=1e+11 reason=,000064,11_7,leader_to_rsu,109,109,1
18083,2,PHY,PSSCH_DECODE_OK,113,14,1,400,,,,13,-nan,0,,[NRSL_PHY_EVENT] event=PSSCH_DECODE_OK request_ids=113 txRnti=14 sender_l2_id=14 receiver_l2_id=1 harq_id=13 tb_size=400 tbler=0 sinr=-nan sinrMin=1e+11 reason=,000064,12_7,leader_to_rsu,113,113,1
18246,2,PHY,PSSCH_DECODE_OK,114,17,1,400,,,,15,-nan,0,,[NRSL_PHY_EVENT] event=PSSCH_DECODE_OK request_ids=114 txRnti=17 sender_l2_id=17 receiver_l2_id=1 harq_id=15 tb_size=400 tbler=0 sinr=-nan sinrMin=1e+11 reason=,000064,12_9,leader_to_rsu,114,114,1
18248,2,PHY,PSSCH_DECODE_OK,110,12,1,400,,,,15,-nan,0,,[NRSL_PHY_EVENT] event=PSSCH_DECODE_OK request_ids=110 txRnti=12 sender_l2_id=12 receiver_l2_id=1 harq_id=15 tb_size=400 tbler=0 sinr=-nan sinrMin=1e+11 reason=,000064,11_8,leader_to_rsu,110,110,1
18250,2,PHY,PSSCH_DECODE_OK,116,2,1,400,,,,12,-nan,0,,[NRSL_PHY_EVENT] event=PSSCH_DECODE_OK request_ids=116 txRnti=2 sender_l2_id=2 receiver_l2_id=1 harq_id=12 tb_size=400 tbler=0 sinr=-nan sinrMin=1e+11 reason=,000064,14_1,leader_to_rsu,116,116,1
18253,2,PHY,PSSCH_DECODE_OK,115,13,1,400,,,,3,-nan,0,,[NRSL_PHY_EVENT] event=PSSCH_DECODE_OK request_ids=115 txRnti=13 sender_l2_id=13 receiver_l2_id=1 harq_id=3 tb_size=400 tbler=0 sinr=-nan sinrMin=1e+11 reason=,000064,13_0,leader_to_rsu,115,115,1
18255,2,PHY,PSSCH_DECODE_OK,108,3,1,400,,,,14,-nan,0,,[NRSL_PHY_EVENT] event=PSSCH_DECODE_OK request_ids=108 txRnti=3 sender_l2_id=3 receiver_l2_id=1 harq_id=14 tb_size=400 tbler=0 sinr=-nan sinrMin=1e+11 reason=,000064,11_4,leader_to_rsu,108,108,1
18257,2,PHY,PSSCH_DECODE_OK,109,21,1,400,,,,6,-nan,0,,[NRSL_PHY_EVENT] event=PSSCH_DECODE_OK request_ids=109 txRnti=21 sender_l2_id=21 receiver_l2_id=1 harq_id=6 tb_size=400 tbler=0 sinr=-nan sinrMin=1e+11 reason=,000064,11_7,leader_to_rsu,109,109,1
18259,2,PHY,PSSCH_DECODE_OK,113,14,1,400,,,,14,-nan,0,,[NRSL_PHY_EVENT] event=PSSCH_DECODE_OK request_ids=113 txRnti=14 sender_l2_id=14 receiver_l2_id=1 harq_id=14 tb_size=400 tbler=0 sinr=-nan sinrMin=1e+11 reason=,000064,12_7,leader_to_rsu,113,113,1
18261,2,PHY,PSSCH_DECODE_OK,107,5,16,4,,,,11,-nan,0,,[NRSL_PHY_EVENT] event=PSSCH_DECODE_OK request_ids=107 txRnti=5 sender_l2_id=5 receiver_l2_id=16 harq_id=11 tb_size=4 tbler=0 sinr=-nan sinrMin=1e+11 reason=,000064,18_7,member_to_leader,107,107,1
18421,2,PHY,PSSCH_DECODE_OK,110,12,1,400,,,,0,-nan,0,,[NRSL_PHY_EVENT] event=PSSCH_DECODE_OK request_ids=110 txRnti=12 sender_l2_id=12 receiver_l2_id=1 harq_id=0 tb_size=400 tbler=0 sinr=-nan sinrMin=1e+11 reason=,000064,11_8,leader_to_rsu,110,110,1
18423,2,PHY,PSSCH_DECODE_OK,111,9,1,400,,,,4,-nan,0,,[NRSL_PHY_EVENT] event=PSSCH_DECODE_OK request_ids=111 txRnti=9 sender_l2_id=9 receiver_l2_id=1 harq_id=4 tb_size=400 tbler=0 sinr=-nan sinrMin=1e+11 reason=,000064,12_11,leader_to_rsu,111,111,1
18425,2,PHY,PSSCH_DECODE_OK,114,17,1,400,,,,0,-nan,0,,[NRSL_PHY_EVENT] event=PSSCH_DECODE_OK request_ids=114 txRnti=17 sender_l2_id=17 receiver_l2_id=1 harq_id=0 tb_size=400 tbler=0 sinr=-nan sinrMin=1e+11 reason=,000064,12_9,leader_to_rsu,114,114,1
18427,2,PHY,PSSCH_DECODE_OK,112,4,1,400,,,,8,-nan,0,,[NRSL_PHY_EVENT] event=PSSCH_DECODE_OK request_ids=112 txRnti=4 sender_l2_id=4 receiver_l2_id=1 harq_id=8 tb_size=400 tbler=0 sinr=-nan sinrMin=1e+11 reason=,000064,12_3,leader_to_rsu,112,112,1
18429,2,PHY,PSSCH_DECODE_OK,116,2,1,400,,,,13,-nan,0,,[NRSL_PHY_EVENT] event=PSSCH_DECODE_OK request_ids=116 txRnti=2 sender_l2_id=2 receiver_l2_id=1 harq_id=13 tb_size=400 tbler=0 sinr=-nan sinrMin=1e+11 reason=,000064,14_1,leader_to_rsu,116,116,1
18432,2,PHY,PSSCH_DECODE_OK,115,13,1,400,,,,4,-nan,0,,[NRSL_PHY_EVENT] event=PSSCH_DECODE_OK request_ids=115 txRnti=13 sender_l2_id=13 receiver_l2_id=1 harq_id=4 tb_size=400 tbler=0 sinr=-nan sinrMin=1e+11 reason=,000064,13_0,leader_to_rsu,115,115,1
18434,2,PHY,PSSCH_DECODE_OK,117,19,1,400,,,,12,-nan,0,,[NRSL_PHY_EVENT] event=PSSCH_DECODE_OK request_ids=117 txRnti=19 sender_l2_id=19 receiver_l2_id=1 harq_id=12 tb_size=400 tbler=0 sinr=-nan sinrMin=1e+11 reason=,000064,14_10,leader_to_rsu,117,117,1
18436,2,PHY,PSSCH_DECODE_OK,108,3,1,400,,,,15,-nan,0,,[NRSL_PHY_EVENT] event=PSSCH_DECODE_OK request_ids=108 txRnti=3 sender_l2_id=3 receiver_l2_id=1 harq_id=15 tb_size=400 tbler=0 sinr=-nan sinrMin=1e+11 reason=,000064,11_4,leader_to_rsu,108,108,1
18438,2,PHY,PSSCH_DECODE_OK,109,21,1,400,,,,7,-nan,0,,[NRSL_PHY_EVENT] event=PSSCH_DECODE_OK request_ids=109 txRnti=21 sender_l2_id=21 receiver_l2_id=1 harq_id=7 tb_size=400 tbler=0 sinr=-nan sinrMin=1e+11 reason=,000064,11_7,leader_to_rsu,109,109,1
18440,2,PHY,PSSCH_DECODE_OK,113,14,1,400,,,,15,-nan,0,,[NRSL_PHY_EVENT] event=PSSCH_DECODE_OK request_ids=113 txRnti=14 sender_l2_id=14 receiver_l2_id=1 harq_id=15 tb_size=400 tbler=0 sinr=-nan sinrMin=1e+11 reason=,000064,12_7,leader_to_rsu,113,113,1
18618,2,PHY,PSSCH_DECODE_OK,110,12,1,400,,,,1,-nan,0,,[NRSL_PHY_EVENT] event=PSSCH_DECODE_OK request_ids=110 txRnti=12 sender_l2_id=12 receiver_l2_id=1 harq_id=1 tb_size=400 tbler=0 sinr=-nan sinrMin=1e+11 reason=,000064,11_8,leader_to_rsu,110,110,1
18620,2,PHY,PSSCH_DECODE_OK,111,9,1,400,,,,5,-nan,0,,[NRSL_PHY_EVENT] event=PSSCH_DECODE_OK request_ids=111 txRnti=9 sender_l2_id=9 receiver_l2_id=1 harq_id=5 tb_size=400 tbler=0 sinr=-nan sinrMin=1e+11 reason=,000064,12_11,leader_to_rsu,111,111,1
18622,2,PHY,PSSCH_DECODE_OK,114,17,1,400,,,,1,-nan,0,,[NRSL_PHY_EVENT] event=PSSCH_DECODE_OK request_ids=114 txRnti=17 sender_l2_id=17 receiver_l2_id=1 harq_id=1 tb_size=400 tbler=0 sinr=-nan sinrMin=1e+11 reason=,000064,12_9,leader_to_rsu,114,114,1
18624,2,PHY,PSSCH_DECODE_OK,112,4,1,400,,,,9,-nan,0,,[NRSL_PHY_EVENT] event=PSSCH_DECODE_OK request_ids=112 txRnti=4 sender_l2_id=4 receiver_l2_id=1 harq_id=9 tb_size=400 tbler=0 sinr=-nan sinrMin=1e+11 reason=,000064,12_3,leader_to_rsu,112,112,1
18626,2,PHY,PSSCH_DECODE_OK,116,2,1,400,,,,14,-nan,0,,[NRSL_PHY_EVENT] event=PSSCH_DECODE_OK request_ids=116 txRnti=2 sender_l2_id=2 receiver_l2_id=1 harq_id=14 tb_size=400 tbler=0 sinr=-nan sinrMin=1e+11 reason=,000064,14_1,leader_to_rsu,116,116,1
18629,2,PHY,PSSCH_DECODE_OK,115,13,1,400,,,,5,-nan,0,,[NRSL_PHY_EVENT] event=PSSCH_DECODE_OK request_ids=115 txRnti=13 sender_l2_id=13 receiver_l2_id=1 harq_id=5 tb_size=400 tbler=0 sinr=-nan sinrMin=1e+11 reason=,000064,13_0,leader_to_rsu,115,115,1
18631,2,PHY,PSSCH_DECODE_OK,117,19,1,400,,,,13,-nan,0,,[NRSL_PHY_EVENT] event=PSSCH_DECODE_OK request_ids=117 txRnti=19 sender_l2_id=19 receiver_l2_id=1 harq_id=13 tb_size=400 tbler=0 sinr=-nan sinrMin=1e+11 reason=,000064,14_10,leader_to_rsu,117,117,1
18633,2,PHY,PSSCH_DECODE_OK,108,3,1,400,,,,0,-nan,0,,[NRSL_PHY_EVENT] event=PSSCH_DECODE_OK request_ids=108 txRnti=3 sender_l2_id=3 receiver_l2_id=1 harq_id=0 tb_size=400 tbler=0 sinr=-nan sinrMin=1e+11 reason=,000064,11_4,leader_to_rsu,108,108,1
18635,2,PHY,PSSCH_DECODE_OK,109,21,1,400,,,,8,-nan,0,,[NRSL_PHY_EVENT] event=PSSCH_DECODE_OK request_ids=109 txRnti=21 sender_l2_id=21 receiver_l2_id=1 harq_id=8 tb_size=400 tbler=0 sinr=-nan sinrMin=1e+11 reason=,000064,11_7,leader_to_rsu,109,109,1
18637,2,PHY,PSSCH_DECODE_OK,113,14,1,400,,,,0,-nan,0,,[NRSL_PHY_EVENT] event=PSSCH_DECODE_OK request_ids=113 txRnti=14 sender_l2_id=14 receiver_l2_id=1 harq_id=0 tb_size=400 tbler=0 sinr=-nan sinrMin=1e+11 reason=,000064,12_7,leader_to_rsu,113,113,1
18799,2,PHY,PSSCH_DECODE_OK,114,17,1,400,,,,2,-nan,0,,[NRSL_PHY_EVENT] event=PSSCH_DECODE_OK request_ids=114 txRnti=17 sender_l2_id=17 receiver_l2_id=1 harq_id=2 tb_size=400 tbler=0 sinr=-nan sinrMin=1e+11 reason=,000064,12_9,leader_to_rsu,114,114,1
18801,2,PHY,PSSCH_DECODE_OK,110,12,1,400,,,,2,-nan,0,,[NRSL_PHY_EVENT] event=PSSCH_DECODE_OK request_ids=110 txRnti=12 sender_l2_id=12 receiver_l2_id=1 harq_id=2 tb_size=400 tbler=0 sinr=-nan sinrMin=1e+11 reason=,000064,11_8,leader_to_rsu,110,110,1
18803,2,PHY,PSSCH_DECODE_OK,111,9,1,400,,,,6,-nan,0,,[NRSL_PHY_EVENT] event=PSSCH_DECODE_OK request_ids=111 txRnti=9 sender_l2_id=9 receiver_l2_id=1 harq_id=6 tb_size=400 tbler=0 sinr=-nan sinrMin=1e+11 reason=,000064,12_11,leader_to_rsu,111,111,1
18805,2,PHY,PSSCH_DECODE_OK,116,2,1,400,,,,15,-nan,0,,[NRSL_PHY_EVENT] event=PSSCH_DECODE_OK request_ids=116 txRnti=2 sender_l2_id=2 receiver_l2_id=1 harq_id=15 tb_size=400 tbler=0 sinr=-nan sinrMin=1e+11 reason=,000064,14_1,leader_to_rsu,116,116,1
18808,2,PHY,PSSCH_DECODE_OK,115,13,1,400,,,,6,-nan,0,,[NRSL_PHY_EVENT] event=PSSCH_DECODE_OK request_ids=115 txRnti=13 sender_l2_id=13 receiver_l2_id=1 harq_id=6 tb_size=400 tbler=0 sinr=-nan sinrMin=1e+11 reason=,000064,13_0,leader_to_rsu,115,115,1
18810,2,PHY,PSSCH_DECODE_OK,117,19,1,400,,,,14,-nan,0,,[NRSL_PHY_EVENT] event=PSSCH_DECODE_OK request_ids=117 txRnti=19 sender_l2_id=19 receiver_l2_id=1 harq_id=14 tb_size=400 tbler=0 sinr=-nan sinrMin=1e+11 reason=,000064,14_10,leader_to_rsu,117,117,1
18812,2,PHY,PSSCH_DECODE_OK,108,3,1,400,,,,1,-nan,0,,[NRSL_PHY_EVENT] event=PSSCH_DECODE_OK request_ids=108 txRnti=3 sender_l2_id=3 receiver_l2_id=1 harq_id=1 tb_size=400 tbler=0 sinr=-nan sinrMin=1e+11 reason=,000064,11_4,leader_to_rsu,108,108,1
18814,2,PHY,PSSCH_DECODE_OK,109,21,1,400,,,,9,-nan,0,,[NRSL_PHY_EVENT] event=PSSCH_DECODE_OK request_ids=109 txRnti=21 sender_l2_id=21 receiver_l2_id=1 harq_id=9 tb_size=400 tbler=0 sinr=-nan sinrMin=1e+11 reason=,000064,11_7,leader_to_rsu,109,109,1
18934,2,PHY,PSSCH_DECODE_OK,110,12,1,83,,,,3,-nan,0.0001,,[NRSL_PHY_EVENT] event=PSSCH_DECODE_OK request_ids=110 txRnti=12 sender_l2_id=12 receiver_l2_id=1 harq_id=3 tb_size=83 tbler=0.0001 sinr=-nan sinrMin=1e+11 reason=,000064,11_8,leader_to_rsu,110,110,1
18936,2,PHY,PSSCH_DECODE_OK,111,9,1,83,,,,7,-nan,0.0001,,[NRSL_PHY_EVENT] event=PSSCH_DECODE_OK request_ids=111 txRnti=9 sender_l2_id=9 receiver_l2_id=1 harq_id=7 tb_size=83 tbler=0.0001 sinr=-nan sinrMin=1e+11 reason=,000064,12_11,leader_to_rsu,111,111,1
18938,2,PHY,PSSCH_DECODE_OK,114,17,1,83,,,,3,-nan,0.0001,,[NRSL_PHY_EVENT] event=PSSCH_DECODE_OK request_ids=114 txRnti=17 sender_l2_id=17 receiver_l2_id=1 harq_id=3 tb_size=83 tbler=0.0001 sinr=-nan sinrMin=1e+11 reason=,000064,12_9,leader_to_rsu,114,114,1
18940,2,PHY,PSSCH_DECODE_OK,112,4,1,83,,,,11,-nan,0.0001,,[NRSL_PHY_EVENT] event=PSSCH_DECODE_OK request_ids=112 txRnti=4 sender_l2_id=4 receiver_l2_id=1 harq_id=11 tb_size=83 tbler=0.0001 sinr=-nan sinrMin=1e+11 reason=,000064,12_3,leader_to_rsu,112,112,1
18942,2,PHY,PSSCH_DECODE_OK,116,2,1,83,,,,0,-nan,0.0001,,[NRSL_PHY_EVENT] event=PSSCH_DECODE_OK request_ids=116 txRnti=2 sender_l2_id=2 receiver_l2_id=1 harq_id=0 tb_size=83 tbler=0.0001 sinr=-nan sinrMin=1e+11 reason=,000064,14_1,leader_to_rsu,116,116,1
18945,2,PHY,PSSCH_DECODE_OK,115,13,1,83,,,,7,-nan,0.0001,,[NRSL_PHY_EVENT] event=PSSCH_DECODE_OK request_ids=115 txRnti=13 sender_l2_id=13 receiver_l2_id=1 harq_id=7 tb_size=83 tbler=0.0001 sinr=-nan sinrMin=1e+11 reason=,000064,13_0,leader_to_rsu,115,115,1
18947,2,PHY,PSSCH_DECODE_OK,117,19,1,83,,,,15,-nan,0.0001,,[NRSL_PHY_EVENT] event=PSSCH_DECODE_OK request_ids=117 txRnti=19 sender_l2_id=19 receiver_l2_id=1 harq_id=15 tb_size=83 tbler=0.0001 sinr=-nan sinrMin=1e+11 reason=,000064,14_10,leader_to_rsu,117,117,1
18949,2,PHY,PSSCH_DECODE_OK,109,21,1,83,,,,10,-nan,0.0001,,[NRSL_PHY_EVENT] event=PSSCH_DECODE_OK request_ids=109 txRnti=21 sender_l2_id=21 receiver_l2_id=1 harq_id=10 tb_size=83 tbler=0.0001 sinr=-nan sinrMin=1e+11 reason=,000064,11_7,leader_to_rsu,109,109,1
18951,2,PHY,PSSCH_DECODE_OK,113,14,1,400,,,,2,-nan,0,,[NRSL_PHY_EVENT] event=PSSCH_DECODE_OK request_ids=113 txRnti=14 sender_l2_id=14 receiver_l2_id=1 harq_id=2 tb_size=400 tbler=0 sinr=-nan sinrMin=1e+11 reason=,000064,12_7,leader_to_rsu,113,113,1
19006,2,PHY,PSSCH_DECODE_OK,108,3,1,83,,,,3,-nan,0.0001,,[NRSL_PHY_EVENT] event=PSSCH_DECODE_OK request_ids=108 txRnti=3 sender_l2_id=3 receiver_l2_id=1 harq_id=3 tb_size=83 tbler=0.0001 sinr=-nan sinrMin=1e+11 reason=,000064,11_4,leader_to_rsu,108,108,1
19008,2,PHY,PSSCH_DECODE_OK,113,14,1,83,,,,3,-nan,0.0001,,[NRSL_PHY_EVENT] event=PSSCH_DECODE_OK request_ids=113 txRnti=14 sender_l2_id=14 receiver_l2_id=1 harq_id=3 tb_size=83 tbler=0.0001 sinr=-nan sinrMin=1e+11 reason=,000064,12_7,leader_to_rsu,113,113,1
19032,2,PHY,PSSCH_DECODE_OK,102,21,3,16,,,,11,-nan,0,,[NRSL_PHY_EVENT] event=PSSCH_DECODE_OK request_ids=102 txRnti=21 sender_l2_id=21 receiver_l2_id=3 harq_id=11 tb_size=16 tbler=0 sinr=-nan sinrMin=1e+11 reason=,000064,11_5,member_to_leader,102,102,1
19066,2,PHY,PSSCH_DECODE_OK,93,14,17,68,,,,4,-nan,0.0001,,[NRSL_PHY_EVENT] event=PSSCH_DECODE_OK request_ids=93 txRnti=14 sender_l2_id=14 receiver_l2_id=17 harq_id=4 tb_size=68 tbler=0.0001 sinr=-nan sinrMin=1e+11 reason=,000064,12_9,member_to_leader,93,93,1
19275,2,PHY,PSSCH_DECODE_OK,124,5,1,400,,,,12,-nan,0,,[NRSL_PHY_EVENT] event=PSSCH_DECODE_OK request_ids=124 txRnti=5 sender_l2_id=5 receiver_l2_id=1 harq_id=12 tb_size=400 tbler=0 sinr=-nan sinrMin=1e+11 reason=,000064,16_7,leader_to_rsu,124,124,1
19277,2,PHY,PSSCH_DECODE_OK,112,4,1,400,,,,12,-nan,0,,[NRSL_PHY_EVENT] event=PSSCH_DECODE_OK request_ids=112 txRnti=4 sender_l2_id=4 receiver_l2_id=1 harq_id=12 tb_size=400 tbler=0 sinr=-nan sinrMin=1e+11 reason=,000064,12_3,leader_to_rsu,112,112,1
19279,2,PHY,PSSCH_DECODE_OK,116,2,1,400,,,,1,-nan,0,,[NRSL_PHY_EVENT] event=PSSCH_DECODE_OK request_ids=116 txRnti=2 sender_l2_id=2 receiver_l2_id=1 harq_id=1 tb_size=400 tbler=0 sinr=-nan sinrMin=1e+11 reason=,000064,14_1,leader_to_rsu,116,116,1
19281,2,PHY,PSSCH_DECODE_OK,117,19,1,400,,,,0,-nan,0,,[NRSL_PHY_EVENT] event=PSSCH_DECODE_OK request_ids=117 txRnti=19 sender_l2_id=19 receiver_l2_id=1 harq_id=0 tb_size=400 tbler=0 sinr=-nan sinrMin=1e+11 reason=,000064,14_10,leader_to_rsu,117,117,1
19283,2,PHY,PSSCH_DECODE_OK,108,3,1,400,,,,4,-nan,0,,[NRSL_PHY_EVENT] event=PSSCH_DECODE_OK request_ids=108 txRnti=3 sender_l2_id=3 receiver_l2_id=1 harq_id=4 tb_size=400 tbler=0 sinr=-nan sinrMin=1e+11 reason=,000064,11_4,leader_to_rsu,108,108,1
19424,2,PHY,PSSCH_DECODE_OK,124,5,1,400,,,,13,-nan,0,,[NRSL_PHY_EVENT] event=PSSCH_DECODE_OK request_ids=124 txRnti=5 sender_l2_id=5 receiver_l2_id=1 harq_id=13 tb_size=400 tbler=0 sinr=-nan sinrMin=1e+11 reason=,000064,16_7,leader_to_rsu,124,124,1
19426,2,PHY,PSSCH_DECODE_OK,119,4,1,400,,,,13,-nan,0,,[NRSL_PHY_EVENT] event=PSSCH_DECODE_OK request_ids=119 txRnti=4 sender_l2_id=4 receiver_l2_id=1 harq_id=13 tb_size=400 tbler=0 sinr=-nan sinrMin=1e+11 reason=,000064,13_2,leader_to_rsu,119,119,1
19428,2,PHY,PSSCH_DECODE_OK,121,2,1,400,,,,2,-nan,0,,[NRSL_PHY_EVENT] event=PSSCH_DECODE_OK request_ids=121 txRnti=2 sender_l2_id=2 receiver_l2_id=1 harq_id=2 tb_size=400 tbler=0 sinr=-nan sinrMin=1e+11 reason=,000064,14_3,leader_to_rsu,121,121,1
19430,2,PHY,PSSCH_DECODE_OK,120,19,1,400,,,,1,-nan,0,,[NRSL_PHY_EVENT] event=PSSCH_DECODE_OK request_ids=120 txRnti=19 sender_l2_id=19 receiver_l2_id=1 harq_id=1 tb_size=400 tbler=0 sinr=-nan sinrMin=1e+11 reason=,000064,14_11,leader_to_rsu,120,120,1
19432,2,PHY,PSSCH_DECODE_OK,118,3,1,400,,,,5,-nan,0,,[NRSL_PHY_EVENT] event=PSSCH_DECODE_OK request_ids=118 txRnti=3 sender_l2_id=3 receiver_l2_id=1 harq_id=5 tb_size=400 tbler=0 sinr=-nan sinrMin=1e+11 reason=,000064,11_5,leader_to_rsu,118,118,1
19565,2,PHY,PSSCH_DECODE_OK,124,5,1,400,,,,14,-nan,0,,[NRSL_PHY_EVENT] event=PSSCH_DECODE_OK request_ids=124 txRnti=5 sender_l2_id=5 receiver_l2_id=1 harq_id=14 tb_size=400 tbler=0 sinr=-nan sinrMin=1e+11 reason=,000064,16_7,leader_to_rsu,124,124,1
19567,2,PHY,PSSCH_DECODE_OK,119,4,1,400,,,,14,-nan,0,,[NRSL_PHY_EVENT] event=PSSCH_DECODE_OK request_ids=119 txRnti=4 sender_l2_id=4 receiver_l2_id=1 harq_id=14 tb_size=400 tbler=0 sinr=-nan sinrMin=1e+11 reason=,000064,13_2,leader_to_rsu,119,119,1
19569,2,PHY,PSSCH_DECODE_OK,121,2,1,400,,,,3,-nan,0,,[NRSL_PHY_EVENT] event=PSSCH_DECODE_OK request_ids=121 txRnti=2 sender_l2_id=2 receiver_l2_id=1 harq_id=3 tb_size=400 tbler=0 sinr=-nan sinrMin=1e+11 reason=,000064,14_3,leader_to_rsu,121,121,1
19571,2,PHY,PSSCH_DECODE_OK,120,19,1,400,,,,2,-nan,0,,[NRSL_PHY_EVENT] event=PSSCH_DECODE_OK request_ids=120 txRnti=19 sender_l2_id=19 receiver_l2_id=1 harq_id=2 tb_size=400 tbler=0 sinr=-nan sinrMin=1e+11 reason=,000064,14_11,leader_to_rsu,120,120,1
19573,2,PHY,PSSCH_DECODE_OK,123,16,1,400,,,,1,-nan,0,,[NRSL_PHY_EVENT] event=PSSCH_DECODE_OK request_ids=123 txRnti=16 sender_l2_id=16 receiver_l2_id=1 harq_id=1 tb_size=400 tbler=0 sinr=-nan sinrMin=1e+11 reason=,000064,15_6,leader_to_rsu,123,123,1
19575,2,PHY,PSSCH_DECODE_OK,118,3,1,400,,,,6,-nan,0,,[NRSL_PHY_EVENT] event=PSSCH_DECODE_OK request_ids=118 txRnti=3 sender_l2_id=3 receiver_l2_id=1 harq_id=6 tb_size=400 tbler=0 sinr=-nan sinrMin=1e+11 reason=,000064,11_5,leader_to_rsu,118,118,1
19724,2,PHY,PSSCH_DECODE_OK,124,5,1,400,,,,15,-nan,0,,[NRSL_PHY_EVENT] event=PSSCH_DECODE_OK request_ids=124 txRnti=5 sender_l2_id=5 receiver_l2_id=1 harq_id=15 tb_size=400 tbler=0 sinr=-nan sinrMin=1e+11 reason=,000064,16_7,leader_to_rsu,124,124,1
19726,2,PHY,PSSCH_DECODE_OK,122,20,1,400,,,,8,-nan,0,,[NRSL_PHY_EVENT] event=PSSCH_DECODE_OK request_ids=122 txRnti=20 sender_l2_id=20 receiver_l2_id=1 harq_id=8 tb_size=400 tbler=0 sinr=-nan sinrMin=1e+11 reason=,000064,15_3,leader_to_rsu,122,122,1
19728,2,PHY,PSSCH_DECODE_OK,119,4,1,400,,,,15,-nan,0,,[NRSL_PHY_EVENT] event=PSSCH_DECODE_OK request_ids=119 txRnti=4 sender_l2_id=4 receiver_l2_id=1 harq_id=15 tb_size=400 tbler=0 sinr=-nan sinrMin=1e+11 reason=,000064,13_2,leader_to_rsu,119,119,1
19730,2,PHY,PSSCH_DECODE_OK,121,2,1,400,,,,4,-nan,0,,[NRSL_PHY_EVENT] event=PSSCH_DECODE_OK request_ids=121 txRnti=2 sender_l2_id=2 receiver_l2_id=1 harq_id=4 tb_size=400 tbler=0 sinr=-nan sinrMin=1e+11 reason=,000064,14_3,leader_to_rsu,121,121,1
19732,2,PHY,PSSCH_DECODE_OK,120,19,1,400,,,,3,-nan,0,,[NRSL_PHY_EVENT] event=PSSCH_DECODE_OK request_ids=120 txRnti=19 sender_l2_id=19 receiver_l2_id=1 harq_id=3 tb_size=400 tbler=0 sinr=-nan sinrMin=1e+11 reason=,000064,14_11,leader_to_rsu,120,120,1
19734,2,PHY,PSSCH_DECODE_OK,123,16,1,400,,,,2,-nan,0,,[NRSL_PHY_EVENT] event=PSSCH_DECODE_OK request_ids=123 txRnti=16 sender_l2_id=16 receiver_l2_id=1 harq_id=2 tb_size=400 tbler=0 sinr=-nan sinrMin=1e+11 reason=,000064,15_6,leader_to_rsu,123,123,1
19736,2,PHY,PSSCH_DECODE_OK,118,3,1,400,,,,7,-nan,0,,[NRSL_PHY_EVENT] event=PSSCH_DECODE_OK request_ids=118 txRnti=3 sender_l2_id=3 receiver_l2_id=1 harq_id=7 tb_size=400 tbler=0 sinr=-nan sinrMin=1e+11 reason=,000064,11_5,leader_to_rsu,118,118,1
19907,2,PHY,PSSCH_DECODE_OK,124,5,1,400,,,,0,-nan,0,,[NRSL_PHY_EVENT] event=PSSCH_DECODE_OK request_ids=124 txRnti=5 sender_l2_id=5 receiver_l2_id=1 harq_id=0 tb_size=400 tbler=0 sinr=-nan sinrMin=1e+11 reason=,000064,16_7,leader_to_rsu,124,124,1
19909,2,PHY,PSSCH_DECODE_OK,122,20,1,400,,,,9,-nan,0,,[NRSL_PHY_EVENT] event=PSSCH_DECODE_OK request_ids=122 txRnti=20 sender_l2_id=20 receiver_l2_id=1 harq_id=9 tb_size=400 tbler=0 sinr=-nan sinrMin=1e+11 reason=,000064,15_3,leader_to_rsu,122,122,1
19911,2,PHY,PSSCH_DECODE_OK,119,4,1,400,,,,0,-nan,0,,[NRSL_PHY_EVENT] event=PSSCH_DECODE_OK request_ids=119 txRnti=4 sender_l2_id=4 receiver_l2_id=1 harq_id=0 tb_size=400 tbler=0 sinr=-nan sinrMin=1e+11 reason=,000064,13_2,leader_to_rsu,119,119,1
19913,2,PHY,PSSCH_DECODE_OK,121,2,1,400,,,,5,-nan,0,,[NRSL_PHY_EVENT] event=PSSCH_DECODE_OK request_ids=121 txRnti=2 sender_l2_id=2 receiver_l2_id=1 harq_id=5 tb_size=400 tbler=0 sinr=-nan sinrMin=1e+11 reason=,000064,14_3,leader_to_rsu,121,121,1
19915,2,PHY,PSSCH_DECODE_OK,120,19,1,400,,,,4,-nan,0,,[NRSL_PHY_EVENT] event=PSSCH_DECODE_OK request_ids=120 txRnti=19 sender_l2_id=19 receiver_l2_id=1 harq_id=4 tb_size=400 tbler=0 sinr=-nan sinrMin=1e+11 reason=,000064,14_11,leader_to_rsu,120,120,1
19917,2,PHY,PSSCH_DECODE_OK,123,16,1,400,,,,3,-nan,0,,[NRSL_PHY_EVENT] event=PSSCH_DECODE_OK request_ids=123 txRnti=16 sender_l2_id=16 receiver_l2_id=1 harq_id=3 tb_size=400 tbler=0 sinr=-nan sinrMin=1e+11 reason=,000064,15_6,leader_to_rsu,123,123,1
19919,2,PHY,PSSCH_DECODE_OK,118,3,1,400,,,,8,-nan,0,,[NRSL_PHY_EVENT] event=PSSCH_DECODE_OK request_ids=118 txRnti=3 sender_l2_id=3 receiver_l2_id=1 harq_id=8 tb_size=400 tbler=0 sinr=-nan sinrMin=1e+11 reason=,000064,11_5,leader_to_rsu,118,118,1
20033,2,PHY,PSSCH_DECODE_OK,115,13,1,12,,,,8,-nan,0.0005,,[NRSL_PHY_EVENT] event=PSSCH_DECODE_OK request_ids=115 txRnti=13 sender_l2_id=13 receiver_l2_id=1 harq_id=8 tb_size=12 tbler=0.0005 sinr=-nan sinrMin=1e+11 reason=,000064,13_0,leader_to_rsu,115,115,1
20035,2,PHY,PSSCH_DECODE_OK,124,5,1,83,,,,1,-nan,0.0001,,[NRSL_PHY_EVENT] event=PSSCH_DECODE_OK request_ids=124 txRnti=5 sender_l2_id=5 receiver_l2_id=1 harq_id=1 tb_size=83 tbler=0.0001 sinr=-nan sinrMin=1e+11 reason=,000064,16_7,leader_to_rsu,124,124,1
20037,2,PHY,PSSCH_DECODE_OK,122,20,1,83,,,,10,-nan,0.0001,,[NRSL_PHY_EVENT] event=PSSCH_DECODE_OK request_ids=122 txRnti=20 sender_l2_id=20 receiver_l2_id=1 harq_id=10 tb_size=83 tbler=0.0001 sinr=-nan sinrMin=1e+11 reason=,000064,15_3,leader_to_rsu,122,122,1
20039,2,PHY,PSSCH_DECODE_OK,119,4,1,95,,,,1,-nan,0,,[NRSL_PHY_EVENT] event=PSSCH_DECODE_OK request_ids=119 txRnti=4 sender_l2_id=4 receiver_l2_id=1 harq_id=1 tb_size=95 tbler=0 sinr=-nan sinrMin=1e+11 reason=,000064,13_2,leader_to_rsu,119,119,1
20041,2,PHY,PSSCH_DECODE_OK,121,2,1,95,,,,6,-nan,0,,[NRSL_PHY_EVENT] event=PSSCH_DECODE_OK request_ids=121 txRnti=2 sender_l2_id=2 receiver_l2_id=1 harq_id=6 tb_size=95 tbler=0 sinr=-nan sinrMin=1e+11 reason=,000064,14_3,leader_to_rsu,121,121,1
20043,2,PHY,PSSCH_DECODE_OK,120,19,1,95,,,,5,-nan,0,,[NRSL_PHY_EVENT] event=PSSCH_DECODE_OK request_ids=120 txRnti=19 sender_l2_id=19 receiver_l2_id=1 harq_id=5 tb_size=95 tbler=0 sinr=-nan sinrMin=1e+11 reason=,000064,14_11,leader_to_rsu,120,120,1
20045,2,PHY,PSSCH_DECODE_OK,123,16,1,83,,,,4,-nan,0.0001,,[NRSL_PHY_EVENT] event=PSSCH_DECODE_OK request_ids=123 txRnti=16 sender_l2_id=16 receiver_l2_id=1 harq_id=4 tb_size=83 tbler=0.0001 sinr=-nan sinrMin=1e+11 reason=,000064,15_6,leader_to_rsu,123,123,1
20047,2,PHY,PSSCH_DECODE_OK,118,3,1,95,,,,9,-nan,0,,[NRSL_PHY_EVENT] event=PSSCH_DECODE_OK request_ids=118 txRnti=3 sender_l2_id=3 receiver_l2_id=1 harq_id=9 tb_size=95 tbler=0 sinr=-nan sinrMin=1e+11 reason=,000064,11_5,leader_to_rsu,118,118,1
20252,2,PHY,PSSCH_DECODE_OK,124,5,1,400,,,,2,-nan,0,,[NRSL_PHY_EVENT] event=PSSCH_DECODE_OK request_ids=124 txRnti=5 sender_l2_id=5 receiver_l2_id=1 harq_id=2 tb_size=400 tbler=0 sinr=-nan sinrMin=1e+11 reason=,000064,16_7,leader_to_rsu,124,124,1
20254,2,PHY,PSSCH_DECODE_OK,122,20,1,400,,,,11,-nan,0,,[NRSL_PHY_EVENT] event=PSSCH_DECODE_OK request_ids=122 txRnti=20 sender_l2_id=20 receiver_l2_id=1 harq_id=11 tb_size=400 tbler=0 sinr=-nan sinrMin=1e+11 reason=,000064,15_3,leader_to_rsu,122,122,1
20256,2,PHY,PSSCH_DECODE_OK,119,4,1,400,,,,2,-nan,0,,[NRSL_PHY_EVENT] event=PSSCH_DECODE_OK request_ids=119 txRnti=4 sender_l2_id=4 receiver_l2_id=1 harq_id=2 tb_size=400 tbler=0 sinr=-nan sinrMin=1e+11 reason=,000064,13_2,leader_to_rsu,119,119,1
20258,2,PHY,PSSCH_DECODE_OK,121,2,1,400,,,,7,-nan,0,,[NRSL_PHY_EVENT] event=PSSCH_DECODE_OK request_ids=121 txRnti=2 sender_l2_id=2 receiver_l2_id=1 harq_id=7 tb_size=400 tbler=0 sinr=-nan sinrMin=1e+11 reason=,000064,14_3,leader_to_rsu,121,121,1
20260,2,PHY,PSSCH_DECODE_OK,120,19,1,400,,,,6,-nan,0,,[NRSL_PHY_EVENT] event=PSSCH_DECODE_OK request_ids=120 txRnti=19 sender_l2_id=19 receiver_l2_id=1 harq_id=6 tb_size=400 tbler=0 sinr=-nan sinrMin=1e+11 reason=,000064,14_11,leader_to_rsu,120,120,1
20262,2,PHY,PSSCH_DECODE_OK,123,16,1,400,,,,5,-nan,0,,[NRSL_PHY_EVENT] event=PSSCH_DECODE_OK request_ids=123 txRnti=16 sender_l2_id=16 receiver_l2_id=1 harq_id=5 tb_size=400 tbler=0 sinr=-nan sinrMin=1e+11 reason=,000064,15_6,leader_to_rsu,123,123,1
20264,2,PHY,PSSCH_DECODE_OK,118,3,1,400,,,,10,-nan,0,,[NRSL_PHY_EVENT] event=PSSCH_DECODE_OK request_ids=118 txRnti=3 sender_l2_id=3 receiver_l2_id=1 harq_id=10 tb_size=400 tbler=0 sinr=-nan sinrMin=1e+11 reason=,000064,11_5,leader_to_rsu,118,118,1
20423,2,PHY,PSSCH_DECODE_OK,131,5,1,400,,,,3,-nan,0,,[NRSL_PHY_EVENT] event=PSSCH_DECODE_OK request_ids=131 txRnti=5 sender_l2_id=5 receiver_l2_id=1 harq_id=3 tb_size=400 tbler=0 sinr=-nan sinrMin=1e+11 reason=,000064,16_8,leader_to_rsu,131,131,1
20425,2,PHY,PSSCH_DECODE_OK,129,20,1,400,,,,12,-nan,0,,[NRSL_PHY_EVENT] event=PSSCH_DECODE_OK request_ids=129 txRnti=20 sender_l2_id=20 receiver_l2_id=1 harq_id=12 tb_size=400 tbler=0 sinr=-nan sinrMin=1e+11 reason=,000064,15_4,leader_to_rsu,129,129,1
20427,2,PHY,PSSCH_DECODE_OK,126,4,1,400,,,,3,-nan,0,,[NRSL_PHY_EVENT] event=PSSCH_DECODE_OK request_ids=126 txRnti=4 sender_l2_id=4 receiver_l2_id=1 harq_id=3 tb_size=400 tbler=0 sinr=-nan sinrMin=1e+11 reason=,000064,13_3,leader_to_rsu,126,126,1
20429,2,PHY,PSSCH_DECODE_OK,128,2,1,400,,,,8,-nan,0,,[NRSL_PHY_EVENT] event=PSSCH_DECODE_OK request_ids=128 txRnti=2 sender_l2_id=2 receiver_l2_id=1 harq_id=8 tb_size=400 tbler=0 sinr=-nan sinrMin=1e+11 reason=,000064,15_2,leader_to_rsu,128,128,1
20431,2,PHY,PSSCH_DECODE_OK,127,19,1,400,,,,7,-nan,0,,[NRSL_PHY_EVENT] event=PSSCH_DECODE_OK request_ids=127 txRnti=19 sender_l2_id=19 receiver_l2_id=1 harq_id=7 tb_size=400 tbler=0 sinr=-nan sinrMin=1e+11 reason=,000064,14_9,leader_to_rsu,127,127,1
20433,2,PHY,PSSCH_DECODE_OK,130,16,1,400,,,,6,-nan,0,,[NRSL_PHY_EVENT] event=PSSCH_DECODE_OK request_ids=130 txRnti=16 sender_l2_id=16 receiver_l2_id=1 harq_id=6 tb_size=400 tbler=0 sinr=-nan sinrMin=1e+11 reason=,000064,15_8,leader_to_rsu,130,130,1
20435,2,PHY,PSSCH_DECODE_OK,125,3,1,400,,,,11,-nan,0,,[NRSL_PHY_EVENT] event=PSSCH_DECODE_OK request_ids=125 txRnti=3 sender_l2_id=3 receiver_l2_id=1 harq_id=11 tb_size=400 tbler=0 sinr=-nan sinrMin=1e+11 reason=,000064,12_4,leader_to_rsu,125,125,1
20610,2,PHY,PSSCH_DECODE_OK,131,5,1,400,,,,4,-nan,0,,[NRSL_PHY_EVENT] event=PSSCH_DECODE_OK request_ids=131 txRnti=5 sender_l2_id=5 receiver_l2_id=1 harq_id=4 tb_size=400 tbler=0 sinr=-nan sinrMin=1e+11 reason=,000064,16_8,leader_to_rsu,131,131,1
20612,2,PHY,PSSCH_DECODE_OK,129,20,1,400,,,,13,-nan,0,,[NRSL_PHY_EVENT] event=PSSCH_DECODE_OK request_ids=129 txRnti=20 sender_l2_id=20 receiver_l2_id=1 harq_id=13 tb_size=400 tbler=0 sinr=-nan sinrMin=1e+11 reason=,000064,15_4,leader_to_rsu,129,129,1
20614,2,PHY,PSSCH_DECODE_OK,126,4,1,400,,,,4,-nan,0,,[NRSL_PHY_EVENT] event=PSSCH_DECODE_OK request_ids=126 txRnti=4 sender_l2_id=4 receiver_l2_id=1 harq_id=4 tb_size=400 tbler=0 sinr=-nan sinrMin=1e+11 reason=,000064,13_3,leader_to_rsu,126,126,1
20616,2,PHY,PSSCH_DECODE_OK,128,2,1,400,,,,9,-nan,0,,[NRSL_PHY_EVENT] event=PSSCH_DECODE_OK request_ids=128 txRnti=2 sender_l2_id=2 receiver_l2_id=1 harq_id=9 tb_size=400 tbler=0 sinr=-nan sinrMin=1e+11 reason=,000064,15_2,leader_to_rsu,128,128,1
20618,2,PHY,PSSCH_DECODE_OK,127,19,1,400,,,,8,-nan,0,,[NRSL_PHY_EVENT] event=PSSCH_DECODE_OK request_ids=127 txRnti=19 sender_l2_id=19 receiver_l2_id=1 harq_id=8 tb_size=400 tbler=0 sinr=-nan sinrMin=1e+11 reason=,000064,14_9,leader_to_rsu,127,127,1
20620,2,PHY,PSSCH_DECODE_OK,130,16,1,400,,,,7,-nan,0,,[NRSL_PHY_EVENT] event=PSSCH_DECODE_OK request_ids=130 txRnti=16 sender_l2_id=16 receiver_l2_id=1 harq_id=7 tb_size=400 tbler=0 sinr=-nan sinrMin=1e+11 reason=,000064,15_8,leader_to_rsu,130,130,1
20622,2,PHY,PSSCH_DECODE_OK,125,3,1,400,,,,12,-nan,0,,[NRSL_PHY_EVENT] event=PSSCH_DECODE_OK request_ids=125 txRnti=3 sender_l2_id=3 receiver_l2_id=1 harq_id=12 tb_size=400 tbler=0 sinr=-nan sinrMin=1e+11 reason=,000064,12_4,leader_to_rsu,125,125,1
20757,2,PHY,PSSCH_DECODE_OK,131,5,1,400,,,,5,-nan,0,,[NRSL_PHY_EVENT] event=PSSCH_DECODE_OK request_ids=131 txRnti=5 sender_l2_id=5 receiver_l2_id=1 harq_id=5 tb_size=400 tbler=0 sinr=-nan sinrMin=1e+11 reason=,000064,16_8,leader_to_rsu,131,131,1
20759,2,PHY,PSSCH_DECODE_OK,129,20,1,400,,,,14,-nan,0,,[NRSL_PHY_EVENT] event=PSSCH_DECODE_OK request_ids=129 txRnti=20 sender_l2_id=20 receiver_l2_id=1 harq_id=14 tb_size=400 tbler=0 sinr=-nan sinrMin=1e+11 reason=,000064,15_4,leader_to_rsu,129,129,1
20761,2,PHY,PSSCH_DECODE_OK,126,4,1,400,,,,5,-nan,0,,[NRSL_PHY_EVENT] event=PSSCH_DECODE_OK request_ids=126 txRnti=4 sender_l2_id=4 receiver_l2_id=1 harq_id=5 tb_size=400 tbler=0 sinr=-nan sinrMin=1e+11 reason=,000064,13_3,leader_to_rsu,126,126,1
20763,2,PHY,PSSCH_DECODE_OK,128,2,1,400,,,,10,-nan,0,,[NRSL_PHY_EVENT] event=PSSCH_DECODE_OK request_ids=128 txRnti=2 sender_l2_id=2 receiver_l2_id=1 harq_id=10 tb_size=400 tbler=0 sinr=-nan sinrMin=1e+11 reason=,000064,15_2,leader_to_rsu,128,128,1
20765,2,PHY,PSSCH_DECODE_OK,127,19,1,400,,,,9,-nan,0,,[NRSL_PHY_EVENT] event=PSSCH_DECODE_OK request_ids=127 txRnti=19 sender_l2_id=19 receiver_l2_id=1 harq_id=9 tb_size=400 tbler=0 sinr=-nan sinrMin=1e+11 reason=,000064,14_9,leader_to_rsu,127,127,1
20767,2,PHY,PSSCH_DECODE_OK,130,16,1,400,,,,8,-nan,0,,[NRSL_PHY_EVENT] event=PSSCH_DECODE_OK request_ids=130 txRnti=16 sender_l2_id=16 receiver_l2_id=1 harq_id=8 tb_size=400 tbler=0 sinr=-nan sinrMin=1e+11 reason=,000064,15_8,leader_to_rsu,130,130,1
20769,2,PHY,PSSCH_DECODE_OK,125,3,1,400,,,,13,-nan,0,,[NRSL_PHY_EVENT] event=PSSCH_DECODE_OK request_ids=125 txRnti=3 sender_l2_id=3 receiver_l2_id=1 harq_id=13 tb_size=400 tbler=0 sinr=-nan sinrMin=1e+11 reason=,000064,12_4,leader_to_rsu,125,125,1
20904,2,PHY,PSSCH_DECODE_OK,131,5,1,400,,,,6,-nan,0,,[NRSL_PHY_EVENT] event=PSSCH_DECODE_OK request_ids=131 txRnti=5 sender_l2_id=5 receiver_l2_id=1 harq_id=6 tb_size=400 tbler=0 sinr=-nan sinrMin=1e+11 reason=,000064,16_8,leader_to_rsu,131,131,1
20906,2,PHY,PSSCH_DECODE_OK,129,20,1,400,,,,15,-nan,0,,[NRSL_PHY_EVENT] event=PSSCH_DECODE_OK request_ids=129 txRnti=20 sender_l2_id=20 receiver_l2_id=1 harq_id=15 tb_size=400 tbler=0 sinr=-nan sinrMin=1e+11 reason=,000064,15_4,leader_to_rsu,129,129,1
20908,2,PHY,PSSCH_DECODE_OK,126,4,1,400,,,,6,-nan,0,,[NRSL_PHY_EVENT] event=PSSCH_DECODE_OK request_ids=126 txRnti=4 sender_l2_id=4 receiver_l2_id=1 harq_id=6 tb_size=400 tbler=0 sinr=-nan sinrMin=1e+11 reason=,000064,13_3,leader_to_rsu,126,126,1
20910,2,PHY,PSSCH_DECODE_OK,128,2,1,400,,,,11,-nan,0,,[NRSL_PHY_EVENT] event=PSSCH_DECODE_OK request_ids=128 txRnti=2 sender_l2_id=2 receiver_l2_id=1 harq_id=11 tb_size=400 tbler=0 sinr=-nan sinrMin=1e+11 reason=,000064,15_2,leader_to_rsu,128,128,1
20912,2,PHY,PSSCH_DECODE_OK,127,19,1,400,,,,10,-nan,0,,[NRSL_PHY_EVENT] event=PSSCH_DECODE_OK request_ids=127 txRnti=19 sender_l2_id=19 receiver_l2_id=1 harq_id=10 tb_size=400 tbler=0 sinr=-nan sinrMin=1e+11 reason=,000064,14_9,leader_to_rsu,127,127,1
20914,2,PHY,PSSCH_DECODE_OK,130,16,1,400,,,,9,-nan,0,,[NRSL_PHY_EVENT] event=PSSCH_DECODE_OK request_ids=130 txRnti=16 sender_l2_id=16 receiver_l2_id=1 harq_id=9 tb_size=400 tbler=0 sinr=-nan sinrMin=1e+11 reason=,000064,15_8,leader_to_rsu,130,130,1
20916,2,PHY,PSSCH_DECODE_OK,125,3,1,400,,,,14,-nan,0,,[NRSL_PHY_EVENT] event=PSSCH_DECODE_OK request_ids=125 txRnti=3 sender_l2_id=3 receiver_l2_id=1 harq_id=14 tb_size=400 tbler=0 sinr=-nan sinrMin=1e+11 reason=,000064,12_4,leader_to_rsu,125,125,1
21023,2,PHY,PSSCH_DECODE_OK,131,5,1,95,,,,7,-nan,0,,[NRSL_PHY_EVENT] event=PSSCH_DECODE_OK request_ids=131 txRnti=5 sender_l2_id=5 receiver_l2_id=1 harq_id=7 tb_size=95 tbler=0 sinr=-nan sinrMin=1e+11 reason=,000064,16_8,leader_to_rsu,131,131,1
21025,2,PHY,PSSCH_DECODE_OK,129,20,1,95,,,,0,-nan,0,,[NRSL_PHY_EVENT] event=PSSCH_DECODE_OK request_ids=129 txRnti=20 sender_l2_id=20 receiver_l2_id=1 harq_id=0 tb_size=95 tbler=0 sinr=-nan sinrMin=1e+11 reason=,000064,15_4,leader_to_rsu,129,129,1
21027,2,PHY,PSSCH_DECODE_OK,126,4,1,95,,,,7,-nan,0,,[NRSL_PHY_EVENT] event=PSSCH_DECODE_OK request_ids=126 txRnti=4 sender_l2_id=4 receiver_l2_id=1 harq_id=7 tb_size=95 tbler=0 sinr=-nan sinrMin=1e+11 reason=,000064,13_3,leader_to_rsu,126,126,1
21029,2,PHY,PSSCH_DECODE_OK,128,2,1,95,,,,12,-nan,0,,[NRSL_PHY_EVENT] event=PSSCH_DECODE_OK request_ids=128 txRnti=2 sender_l2_id=2 receiver_l2_id=1 harq_id=12 tb_size=95 tbler=0 sinr=-nan sinrMin=1e+11 reason=,000064,15_2,leader_to_rsu,128,128,1
21031,2,PHY,PSSCH_DECODE_OK,127,19,1,95,,,,11,-nan,0,,[NRSL_PHY_EVENT] event=PSSCH_DECODE_OK request_ids=127 txRnti=19 sender_l2_id=19 receiver_l2_id=1 harq_id=11 tb_size=95 tbler=0 sinr=-nan sinrMin=1e+11 reason=,000064,14_9,leader_to_rsu,127,127,1
21033,2,PHY,PSSCH_DECODE_OK,130,16,1,95,,,,10,-nan,0,,[NRSL_PHY_EVENT] event=PSSCH_DECODE_OK request_ids=130 txRnti=16 sender_l2_id=16 receiver_l2_id=1 harq_id=10 tb_size=95 tbler=0 sinr=-nan sinrMin=1e+11 reason=,000064,15_8,leader_to_rsu,130,130,1
21035,2,PHY,PSSCH_DECODE_OK,125,3,1,95,,,,15,-nan,0,,[NRSL_PHY_EVENT] event=PSSCH_DECODE_OK request_ids=125 txRnti=3 sender_l2_id=3 receiver_l2_id=1 harq_id=15 tb_size=95 tbler=0 sinr=-nan sinrMin=1e+11 reason=,000064,12_4,leader_to_rsu,125,125,1
21173,2,PHY,PSSCH_DECODE_OK,131,5,1,400,,,,8,-nan,0,,[NRSL_PHY_EVENT] event=PSSCH_DECODE_OK request_ids=131 txRnti=5 sender_l2_id=5 receiver_l2_id=1 harq_id=8 tb_size=400 tbler=0 sinr=-nan sinrMin=1e+11 reason=,000064,16_8,leader_to_rsu,131,131,1
21175,2,PHY,PSSCH_DECODE_OK,127,19,1,400,,,,12,-nan,0,,[NRSL_PHY_EVENT] event=PSSCH_DECODE_OK request_ids=127 txRnti=19 sender_l2_id=19 receiver_l2_id=1 harq_id=12 tb_size=400 tbler=0 sinr=-nan sinrMin=1e+11 reason=,000064,14_9,leader_to_rsu,127,127,1
21177,2,PHY,PSSCH_DECODE_OK,130,16,1,400,,,,11,-nan,0,,[NRSL_PHY_EVENT] event=PSSCH_DECODE_OK request_ids=130 txRnti=16 sender_l2_id=16 receiver_l2_id=1 harq_id=11 tb_size=400 tbler=0 sinr=-nan sinrMin=1e+11 reason=,000064,15_8,leader_to_rsu,130,130,1
21179,2,PHY,PSSCH_DECODE_OK,125,3,1,400,,,,0,-nan,0,,[NRSL_PHY_EVENT] event=PSSCH_DECODE_OK request_ids=125 txRnti=3 sender_l2_id=3 receiver_l2_id=1 harq_id=0 tb_size=400 tbler=0 sinr=-nan sinrMin=1e+11 reason=,000064,12_4,leader_to_rsu,125,125,1
21282,2,PHY,PSSCH_DECODE_OK,135,5,1,400,,,,9,-nan,0,,[NRSL_PHY_EVENT] event=PSSCH_DECODE_OK request_ids=135 txRnti=5 sender_l2_id=5 receiver_l2_id=1 harq_id=9 tb_size=400 tbler=0 sinr=-nan sinrMin=1e+11 reason=,000064,17_5,leader_to_rsu,135,135,1
21284,2,PHY,PSSCH_DECODE_OK,133,19,1,400,,,,13,-nan,0,,[NRSL_PHY_EVENT] event=PSSCH_DECODE_OK request_ids=133 txRnti=19 sender_l2_id=19 receiver_l2_id=1 harq_id=13 tb_size=400 tbler=0 sinr=-nan sinrMin=1e+11 reason=,000064,15_9,leader_to_rsu,133,133,1
21286,2,PHY,PSSCH_DECODE_OK,134,16,1,400,,,,12,-nan,0,,[NRSL_PHY_EVENT] event=PSSCH_DECODE_OK request_ids=134 txRnti=16 sender_l2_id=16 receiver_l2_id=1 harq_id=12 tb_size=400 tbler=0 sinr=-nan sinrMin=1e+11 reason=,000064,16_5,leader_to_rsu,134,134,1
21288,2,PHY,PSSCH_DECODE_OK,132,3,1,400,,,,1,-nan,0,,[NRSL_PHY_EVENT] event=PSSCH_DECODE_OK request_ids=132 txRnti=3 sender_l2_id=3 receiver_l2_id=1 harq_id=1 tb_size=400 tbler=0 sinr=-nan sinrMin=1e+11 reason=,000064,12_5,leader_to_rsu,132,132,1
21378,2,PHY,PSSCH_DECODE_OK,135,5,1,400,,,,10,-nan,0,,[NRSL_PHY_EVENT] event=PSSCH_DECODE_OK request_ids=135 txRnti=5 sender_l2_id=5 receiver_l2_id=1 harq_id=10 tb_size=400 tbler=0 sinr=-nan sinrMin=1e+11 reason=,000064,17_5,leader_to_rsu,135,135,1
21380,2,PHY,PSSCH_DECODE_OK,133,19,1,400,,,,14,-nan,0,,[NRSL_PHY_EVENT] event=PSSCH_DECODE_OK request_ids=133 txRnti=19 sender_l2_id=19 receiver_l2_id=1 harq_id=14 tb_size=400 tbler=0 sinr=-nan sinrMin=1e+11 reason=,000064,15_9,leader_to_rsu,133,133,1
21382,2,PHY,PSSCH_DECODE_OK,134,16,1,400,,,,13,-nan,0,,[NRSL_PHY_EVENT] event=PSSCH_DECODE_OK request_ids=134 txRnti=16 sender_l2_id=16 receiver_l2_id=1 harq_id=13 tb_size=400 tbler=0 sinr=-nan sinrMin=1e+11 reason=,000064,16_5,leader_to_rsu,134,134,1
21384,2,PHY,PSSCH_DECODE_OK,132,3,1,400,,,,2,-nan,0,,[NRSL_PHY_EVENT] event=PSSCH_DECODE_OK request_ids=132 txRnti=3 sender_l2_id=3 receiver_l2_id=1 harq_id=2 tb_size=400 tbler=0 sinr=-nan sinrMin=1e+11 reason=,000064,12_5,leader_to_rsu,132,132,1
21474,2,PHY,PSSCH_DECODE_OK,135,5,1,400,,,,11,-nan,0,,[NRSL_PHY_EVENT] event=PSSCH_DECODE_OK request_ids=135 txRnti=5 sender_l2_id=5 receiver_l2_id=1 harq_id=11 tb_size=400 tbler=0 sinr=-nan sinrMin=1e+11 reason=,000064,17_5,leader_to_rsu,135,135,1
21476,2,PHY,PSSCH_DECODE_OK,133,19,1,400,,,,15,-nan,0,,[NRSL_PHY_EVENT] event=PSSCH_DECODE_OK request_ids=133 txRnti=19 sender_l2_id=19 receiver_l2_id=1 harq_id=15 tb_size=400 tbler=0 sinr=-nan sinrMin=1e+11 reason=,000064,15_9,leader_to_rsu,133,133,1
21478,2,PHY,PSSCH_DECODE_OK,134,16,1,400,,,,14,-nan,0,,[NRSL_PHY_EVENT] event=PSSCH_DECODE_OK request_ids=134 txRnti=16 sender_l2_id=16 receiver_l2_id=1 harq_id=14 tb_size=400 tbler=0 sinr=-nan sinrMin=1e+11 reason=,000064,16_5,leader_to_rsu,134,134,1
21480,2,PHY,PSSCH_DECODE_OK,132,3,1,400,,,,3,-nan,0,,[NRSL_PHY_EVENT] event=PSSCH_DECODE_OK request_ids=132 txRnti=3 sender_l2_id=3 receiver_l2_id=1 harq_id=3 tb_size=400 tbler=0 sinr=-nan sinrMin=1e+11 reason=,000064,12_5,leader_to_rsu,132,132,1
21582,2,PHY,PSSCH_DECODE_OK,135,5,1,400,,,,12,-nan,0,,[NRSL_PHY_EVENT] event=PSSCH_DECODE_OK request_ids=135 txRnti=5 sender_l2_id=5 receiver_l2_id=1 harq_id=12 tb_size=400 tbler=0 sinr=-nan sinrMin=1e+11 reason=,000064,17_5,leader_to_rsu,135,135,1
21584,2,PHY,PSSCH_DECODE_OK,133,19,1,400,,,,0,-nan,0,,[NRSL_PHY_EVENT] event=PSSCH_DECODE_OK request_ids=133 txRnti=19 sender_l2_id=19 receiver_l2_id=1 harq_id=0 tb_size=400 tbler=0 sinr=-nan sinrMin=1e+11 reason=,000064,15_9,leader_to_rsu,133,133,1
21586,2,PHY,PSSCH_DECODE_OK,134,16,1,400,,,,15,-nan,0,,[NRSL_PHY_EVENT] event=PSSCH_DECODE_OK request_ids=134 txRnti=16 sender_l2_id=16 receiver_l2_id=1 harq_id=15 tb_size=400 tbler=0 sinr=-nan sinrMin=1e+11 reason=,000064,16_5,leader_to_rsu,134,134,1
21588,2,PHY,PSSCH_DECODE_OK,132,3,1,400,,,,4,-nan,0,,[NRSL_PHY_EVENT] event=PSSCH_DECODE_OK request_ids=132 txRnti=3 sender_l2_id=3 receiver_l2_id=1 harq_id=4 tb_size=400 tbler=0 sinr=-nan sinrMin=1e+11 reason=,000064,12_5,leader_to_rsu,132,132,1
21692,2,PHY,PSSCH_DECODE_OK,129,20,1,12,,,,1,-nan,0.0005,,[NRSL_PHY_EVENT] event=PSSCH_DECODE_OK request_ids=129 txRnti=20 sender_l2_id=20 receiver_l2_id=1 harq_id=1 tb_size=12 tbler=0.0005 sinr=-nan sinrMin=1e+11 reason=,000064,15_4,leader_to_rsu,129,129,1
21694,2,PHY,PSSCH_DECODE_OK,135,5,1,95,,,,13,-nan,0,,[NRSL_PHY_EVENT] event=PSSCH_DECODE_OK request_ids=135 txRnti=5 sender_l2_id=5 receiver_l2_id=1 harq_id=13 tb_size=95 tbler=0 sinr=-nan sinrMin=1e+11 reason=,000064,17_5,leader_to_rsu,135,135,1
21696,2,PHY,PSSCH_DECODE_OK,133,19,1,95,,,,1,-nan,0,,[NRSL_PHY_EVENT] event=PSSCH_DECODE_OK request_ids=133 txRnti=19 sender_l2_id=19 receiver_l2_id=1 harq_id=1 tb_size=95 tbler=0 sinr=-nan sinrMin=1e+11 reason=,000064,15_9,leader_to_rsu,133,133,1
21698,2,PHY,PSSCH_DECODE_OK,134,16,1,95,,,,0,-nan,0,,[NRSL_PHY_EVENT] event=PSSCH_DECODE_OK request_ids=134 txRnti=16 sender_l2_id=16 receiver_l2_id=1 harq_id=0 tb_size=95 tbler=0 sinr=-nan sinrMin=1e+11 reason=,000064,16_5,leader_to_rsu,134,134,1
21700,2,PHY,PSSCH_DECODE_OK,132,3,1,95,,,,5,-nan,0,,[NRSL_PHY_EVENT] event=PSSCH_DECODE_OK request_ids=132 txRnti=3 sender_l2_id=3 receiver_l2_id=1 harq_id=5 tb_size=95 tbler=0 sinr=-nan sinrMin=1e+11 reason=,000064,12_5,leader_to_rsu,132,132,1
21782,2,PHY,PSSCH_DECODE_OK,135,5,1,400,,,,14,-nan,0,,[NRSL_PHY_EVENT] event=PSSCH_DECODE_OK request_ids=135 txRnti=5 sender_l2_id=5 receiver_l2_id=1 harq_id=14 tb_size=400 tbler=0 sinr=-nan sinrMin=1e+11 reason=,000064,17_5,leader_to_rsu,135,135,1
21784,2,PHY,PSSCH_DECODE_OK,134,16,1,400,,,,1,-nan,0,,[NRSL_PHY_EVENT] event=PSSCH_DECODE_OK request_ids=134 txRnti=16 sender_l2_id=16 receiver_l2_id=1 harq_id=1 tb_size=400 tbler=0 sinr=-nan sinrMin=1e+11 reason=,000064,16_5,leader_to_rsu,134,134,1
21843,2,PHY,PSSCH_DECODE_OK,136,5,1,400,,,,15,-nan,0,,[NRSL_PHY_EVENT] event=PSSCH_DECODE_OK request_ids=136 txRnti=5 sender_l2_id=5 receiver_l2_id=1 harq_id=15 tb_size=400 tbler=0 sinr=-nan sinrMin=1e+11 reason=,000064,17_7,leader_to_rsu,136,136,1
21845,2,PHY,PSSCH_DECODE_OK,137,16,1,400,,,,2,-nan,0,,[NRSL_PHY_EVENT] event=PSSCH_DECODE_OK request_ids=137 txRnti=16 sender_l2_id=16 receiver_l2_id=1 harq_id=2 tb_size=400 tbler=0 sinr=-nan sinrMin=1e+11 reason=,000064,18_7,leader_to_rsu,137,137,1
21895,2,PHY,PSSCH_DECODE_OK,136,5,1,400,,,,0,-nan,0,,[NRSL_PHY_EVENT] event=PSSCH_DECODE_OK request_ids=136 txRnti=5 sender_l2_id=5 receiver_l2_id=1 harq_id=0 tb_size=400 tbler=0 sinr=-nan sinrMin=1e+11 reason=,000064,17_7,leader_to_rsu,136,136,1
21897,2,PHY,PSSCH_DECODE_OK,137,16,1,400,,,,3,-nan,0,,[NRSL_PHY_EVENT] event=PSSCH_DECODE_OK request_ids=137 txRnti=16 sender_l2_id=16 receiver_l2_id=1 harq_id=3 tb_size=400 tbler=0 sinr=-nan sinrMin=1e+11 reason=,000064,18_7,leader_to_rsu,137,137,1
21947,2,PHY,PSSCH_DECODE_OK,136,5,1,400,,,,1,-nan,0,,[NRSL_PHY_EVENT] event=PSSCH_DECODE_OK request_ids=136 txRnti=5 sender_l2_id=5 receiver_l2_id=1 harq_id=1 tb_size=400 tbler=0 sinr=-nan sinrMin=1e+11 reason=,000064,17_7,leader_to_rsu,136,136,1
21949,2,PHY,PSSCH_DECODE_OK,137,16,1,400,,,,4,-nan,0,,[NRSL_PHY_EVENT] event=PSSCH_DECODE_OK request_ids=137 txRnti=16 sender_l2_id=16 receiver_l2_id=1 harq_id=4 tb_size=400 tbler=0 sinr=-nan sinrMin=1e+11 reason=,000064,18_7,leader_to_rsu,137,137,1
22007,2,PHY,PSSCH_DECODE_OK,136,5,1,400,,,,2,-nan,0,,[NRSL_PHY_EVENT] event=PSSCH_DECODE_OK request_ids=136 txRnti=5 sender_l2_id=5 receiver_l2_id=1 harq_id=2 tb_size=400 tbler=0 sinr=-nan sinrMin=1e+11 reason=,000064,17_7,leader_to_rsu,136,136,1
22009,2,PHY,PSSCH_DECODE_OK,137,16,1,400,,,,5,-nan,0,,[NRSL_PHY_EVENT] event=PSSCH_DECODE_OK request_ids=137 txRnti=16 sender_l2_id=16 receiver_l2_id=1 harq_id=5 tb_size=400 tbler=0 sinr=-nan sinrMin=1e+11 reason=,000064,18_7,leader_to_rsu,137,137,1
22081,2,PHY,PSSCH_DECODE_OK,136,5,1,95,,,,3,-nan,0,,[NRSL_PHY_EVENT] event=PSSCH_DECODE_OK request_ids=136 txRnti=5 sender_l2_id=5 receiver_l2_id=1 harq_id=3 tb_size=95 tbler=0 sinr=-nan sinrMin=1e+11 reason=,000064,17_7,leader_to_rsu,136,136,1
22083,2,PHY,PSSCH_DECODE_OK,137,16,1,95,,,,6,-nan,0,,[NRSL_PHY_EVENT] event=PSSCH_DECODE_OK request_ids=137 txRnti=16 sender_l2_id=16 receiver_l2_id=1 harq_id=6 tb_size=95 tbler=0 sinr=-nan sinrMin=1e+11 reason=,000064,18_7,leader_to_rsu,137,137,1
22142,2,PHY,PSSCH_DECODE_OK,136,5,1,12,,,,4,-nan,0.0005,,[NRSL_PHY_EVENT] event=PSSCH_DECODE_OK request_ids=136 txRnti=5 sender_l2_id=5 receiver_l2_id=1 harq_id=4 tb_size=12 tbler=0.0005 sinr=-nan sinrMin=1e+11 reason=,000064,17_7,leader_to_rsu,136,136,1
22144,2,PHY,PSSCH_DECODE_OK,137,16,1,12,,,,7,-nan,0.0005,,[NRSL_PHY_EVENT] event=PSSCH_DECODE_OK request_ids=137 txRnti=16 sender_l2_id=16 receiver_l2_id=1 harq_id=7 tb_size=12 tbler=0.0005 sinr=-nan sinrMin=1e+11 reason=,000064,18_7,leader_to_rsu,137,137,1
