scenario_id,timestamp,receiver_id,receiver_policy,coperception_yaml,resource_allocation,upload_mode,grid_selection_mode,grid_score_mode,coverage_fallback,coverage_fallback_replacements,routing_hint_replacements,routing_hints_csv,clustering,cluster_count,selective_frame_deadline_ms,cluster_member_ids,source_cav_ids,uploaded_source_ids,selected_grid_counts_json,point_counts_json,communication_bytes,frame_comm_time_ms,num_channels,bandwidth_mhz,communication_deadline_ms,sgcp_frame_mbps_budget,sgcp_frame_budget_bytes,sgcp_frame_budget_original_bytes,sgcp_frame_budget_admitted_bytes,upload_density_cap_rho,upload_density_cap_seed,max_senders_per_receiver,channel_estimator,ns3_tb_size_bytes,ns3_slot_duration_ms,ns3_subchannel_prbs,ns3_symbols_per_slot,ns3_mcs,pcs_rounds_requested,pcs_rounds_accepted,pcs_round_comm_time_ms_json,pcs_round_comm_bytes_json,channel_allocation,missing_channel_sources,pred_boxes,gt_boxes,skipped
2026_07_29_02_32_08,000060,1,all-cluster-heads,docs\doc_workspace\SGCP\artifacts\early_from_late_checkpoint_20260719\enable_coperception_early_from_attentive.yaml,dynamic_cv,grid,utility,utility,none,0,0,,potential_verified_cov_coalition_game,7,,1;2;8;11,1;2;11,2;11,"{""2"": 16, ""11"": 16}","{""1"": 13948, ""2"": 2142, ""11"": 3626}",92288,32.266963292547274,10,40.0,60.0,20.0,250000,475008,249712,4.0,sgcp-density-cap,1,ns3,899,0.5,10,12,28,,,[],[],2>1:8;11>1:0,,24,48,
2026_07_29_02_32_08,000060,10,all-cluster-heads,docs\doc_workspace\SGCP\artifacts\early_from_late_checkpoint_20260719\enable_coperception_early_from_attentive.yaml,dynamic_cv,grid,utility,utility,none,0,0,,potential_verified_cov_coalition_game,7,,9;10,10;9,9,"{""9"": 16}","{""9"": 2471, ""10"": 14073}",39536,21.988876529477196,10,40.0,60.0,20.0,250000,475008,249712,4.0,sgcp-density-cap,1,ns3,899,0.5,10,12,28,,,[],[],9>10:1,,18,40,
2026_07_29_02_32_08,000060,12,all-cluster-heads,docs\doc_workspace\SGCP\artifacts\early_from_late_checkpoint_20260719\enable_coperception_early_from_attentive.yaml,dynamic_cv,grid,utility,utility,none,0,0,,potential_verified_cov_coalition_game,7,,4;7;12,12;7,7,"{""7"": 16}","{""7"": 3459, ""12"": 13881}",55344,30.78086763070078,10,40.0,60.0,20.0,250000,475008,249712,4.0,sgcp-density-cap,1,ns3,899,0.5,10,12,28,,,[],[],7>12:2,,20,47,
2026_07_29_02_32_08,000060,13,all-cluster-heads,docs\doc_workspace\SGCP\artifacts\early_from_late_checkpoint_20260719\enable_coperception_early_from_attentive.yaml,dynamic_cv,grid,utility,utility,none,0,0,,potential_verified_cov_coalition_game,7,,13;14;19,13;14,14,"{""14"": 10}","{""13"": 13569, ""14"": 3909}",62544,34.7853170189099,10,40.0,60.0,20.0,250000,475008,249712,4.0,sgcp-density-cap,1,ns3,899,0.5,10,12,28,,,[],[],14>13:3,,4,18,
2026_07_29_02_32_08,000060,15,all-cluster-heads,docs\doc_workspace\SGCP\artifacts\early_from_late_checkpoint_20260719\enable_coperception_early_from_attentive.yaml,dynamic_cv,grid,utility,utility,none,0,0,,potential_verified_cov_coalition_game,7,,6;15,15,,{},"{""15"": 13458}",0,0.0,10,40.0,60.0,20.0,250000,475008,249712,4.0,sgcp-density-cap,1,ns3,899,0.5,10,12,28,,,[],[],,,17,21,
2026_07_29_02_32_08,000060,16,all-cluster-heads,docs\doc_workspace\SGCP\artifacts\early_from_late_checkpoint_20260719\enable_coperception_early_from_attentive.yaml,dynamic_cv,grid,utility,utility,none,0,0,,potential_verified_cov_coalition_game,7,,5;16;20,16,,{},"{""16"": 13819}",0,0.0,10,40.0,60.0,20.0,250000,475008,249712,4.0,sgcp-density-cap,1,ns3,899,0.5,10,12,28,,,[],[],,,18,32,
2026_07_29_02_32_08,000060,17,all-cluster-heads,docs\doc_workspace\SGCP\artifacts\early_from_late_checkpoint_20260719\enable_coperception_early_from_attentive.yaml,dynamic_cv,grid,utility,utility,none,0,0,,potential_verified_cov_coalition_game,7,,3;17;18,17,,{},"{""17"": 14142}",0,0.0,10,40.0,60.0,20.0,250000,475008,249712,4.0,sgcp-density-cap,1,ns3,899,0.5,10,12,28,,,[],[],,,11,18,
2026_07_29_02_32_08,000062,1,all-cluster-heads,docs\doc_workspace\SGCP\artifacts\early_from_late_checkpoint_20260719\enable_coperception_early_from_attentive.yaml,dynamic_cv,grid,utility,utility,none,0,0,,potential_verified_cov_coalition_game,7,,1;2;8;11,1;2;11,2;11,"{""2"": 16, ""11"": 16}","{""1"": 13948, ""2"": 2136, ""11"": 3694}",93280,32.872080088987765,10,40.0,60.0,20.0,250000,476608,249920,4.0,sgcp-density-cap,1,ns3,899,0.5,10,12,28,,,[],[],2>1:8;11>1:0,,24,48,
2026_07_29_02_32_08,000062,10,all-cluster-heads,docs\doc_workspace\SGCP\artifacts\early_from_late_checkpoint_20260719\enable_coperception_early_from_attentive.yaml,dynamic_cv,grid,utility,utility,none,0,0,,potential_verified_cov_coalition_game,7,,9;10,10;9,9,"{""9"": 16}","{""9"": 2466, ""10"": 14074}",39456,21.944382647385982,10,40.0,60.0,20.0,250000,476608,249920,4.0,sgcp-density-cap,1,ns3,899,0.5,10,12,28,,,[],[],9>10:1,,18,38,
2026_07_29_02_32_08,000062,12,all-cluster-heads,docs\doc_workspace\SGCP\artifacts\early_from_late_checkpoint_20260719\enable_coperception_early_from_attentive.yaml,dynamic_cv,grid,utility,utility,none,0,0,,potential_verified_cov_coalition_game,7,,4;7;12,12;7,7,"{""7"": 16}","{""7"": 3465, ""12"": 13882}",55440,30.834260289210235,10,40.0,60.0,20.0,250000,476608,249920,4.0,sgcp-density-cap,1,ns3,899,0.5,10,12,28,,,[],[],7>12:2,,22,48,
2026_07_29_02_32_08,000062,13,all-cluster-heads,docs\doc_workspace\SGCP\artifacts\early_from_late_checkpoint_20260719\enable_coperception_early_from_attentive.yaml,dynamic_cv,grid,utility,utility,none,0,0,,potential_verified_cov_coalition_game,7,,13;14;19,13;14;19,14;19,"{""14"": 10, ""19"": 1}","{""13"": 13569, ""14"": 3808, ""19"": 51}",61744,33.88654060066741,10,40.0,60.0,20.0,250000,476608,249920,4.0,sgcp-density-cap,1,ns3,899,0.5,10,12,28,,,[],[],14>13:3;19>13:9,,4,25,
2026_07_29_02_32_08,000062,15,all-cluster-heads,docs\doc_workspace\SGCP\artifacts\early_from_late_checkpoint_20260719\enable_coperception_early_from_attentive.yaml,dynamic_cv,grid,utility,utility,none,0,0,,potential_verified_cov_coalition_game,7,,6;15,15,,{},"{""15"": 13488}",0,0.0,10,40.0,60.0,20.0,250000,476608,249920,4.0,sgcp-density-cap,1,ns3,899,0.5,10,12,28,,,[],[],,,16,21,
2026_07_29_02_32_08,000062,16,all-cluster-heads,docs\doc_workspace\SGCP\artifacts\early_from_late_checkpoint_20260719\enable_coperception_early_from_attentive.yaml,dynamic_cv,grid,utility,utility,none,0,0,,potential_verified_cov_coalition_game,7,,5;16;20,16,,{},"{""16"": 13788}",0,0.0,10,40.0,60.0,20.0,250000,476608,249920,4.0,sgcp-density-cap,1,ns3,899,0.5,10,12,28,,,[],[],,,17,32,
2026_07_29_02_32_08,000062,17,all-cluster-heads,docs\doc_workspace\SGCP\artifacts\early_from_late_checkpoint_20260719\enable_coperception_early_from_attentive.yaml,dynamic_cv,grid,utility,utility,none,0,0,,potential_verified_cov_coalition_game,7,,3;17;18,17,,{},"{""17"": 14128}",0,0.0,10,40.0,60.0,20.0,250000,476608,249920,4.0,sgcp-density-cap,1,ns3,899,0.5,10,12,28,,,[],[],,,9,19,
2026_07_29_02_32_08,000064,1,all-cluster-heads,docs\doc_workspace\SGCP\artifacts\early_from_late_checkpoint_20260719\enable_coperception_early_from_attentive.yaml,dynamic_cv,grid,utility,utility,none,0,0,,potential_verified_cov_coalition_game,7,,1;2;8;11,1;2;11,2;11,"{""2"": 16, ""11"": 16}","{""1"": 13948, ""2"": 2134, ""11"": 3652}",92576,32.49833147942158,10,40.0,60.0,20.0,250000,478208,249552,4.0,sgcp-density-cap,1,ns3,899,0.5,10,12,28,,,[],[],2>1:8;11>1:0,,25,48,
2026_07_29_02_32_08,000064,10,all-cluster-heads,docs\doc_workspace\SGCP\artifacts\early_from_late_checkpoint_20260719\enable_coperception_early_from_attentive.yaml,dynamic_cv,grid,utility,utility,none,0,0,,potential_verified_cov_coalition_game,7,,9;10,10;9,9,"{""9"": 16}","{""9"": 2470, ""10"": 14075}",39520,21.979977753058954,10,40.0,60.0,20.0,250000,478208,249552,4.0,sgcp-density-cap,1,ns3,899,0.5,10,12,28,,,[],[],9>10:1,,16,40,
2026_07_29_02_32_08,000064,12,all-cluster-heads,docs\doc_workspace\SGCP\artifacts\early_from_late_checkpoint_20260719\enable_coperception_early_from_attentive.yaml,dynamic_cv,grid,utility,utility,none,0,0,,potential_verified_cov_coalition_game,7,,4;7;12,12;7,7,"{""7"": 16}","{""7"": 3469, ""12"": 13868}",55504,30.869855394883203,10,40.0,60.0,20.0,250000,478208,249552,4.0,sgcp-density-cap,1,ns3,899,0.5,10,12,28,,,[],[],7>12:2,,23,49,
2026_07_29_02_32_08,000064,13,all-cluster-heads,docs\doc_workspace\SGCP\artifacts\early_from_late_checkpoint_20260719\enable_coperception_early_from_attentive.yaml,dynamic_cv,grid,utility,utility,none,0,0,,potential_verified_cov_coalition_game,7,,13;14;19,13;14,14,"{""14"": 10}","{""13"": 13570, ""14"": 3872}",61952,34.456062291434925,10,40.0,60.0,20.0,250000,478208,249552,4.0,sgcp-density-cap,1,ns3,899,0.5,10,12,28,,,[],[],14>13:3,,3,18,
2026_07_29_02_32_08,000064,15,all-cluster-heads,docs\doc_workspace\SGCP\artifacts\early_from_late_checkpoint_20260719\enable_coperception_early_from_attentive.yaml,dynamic_cv,grid,utility,utility,none,0,0,,potential_verified_cov_coalition_game,7,,6;15,15,,{},"{""15"": 13466}",0,0.0,10,40.0,60.0,20.0,250000,478208,249552,4.0,sgcp-density-cap,1,ns3,899,0.5,10,12,28,,,[],[],,,17,21,
2026_07_29_02_32_08,000064,16,all-cluster-heads,docs\doc_workspace\SGCP\artifacts\early_from_late_checkpoint_20260719\enable_coperception_early_from_attentive.yaml,dynamic_cv,grid,utility,utility,none,0,0,,potential_verified_cov_coalition_game,7,,5;16;20,16,,{},"{""16"": 13804}",0,0.0,10,40.0,60.0,20.0,250000,478208,249552,4.0,sgcp-density-cap,1,ns3,899,0.5,10,12,28,,,[],[],,,15,34,
2026_07_29_02_32_08,000064,17,all-cluster-heads,docs\doc_workspace\SGCP\artifacts\early_from_late_checkpoint_20260719\enable_coperception_early_from_attentive.yaml,dynamic_cv,grid,utility,utility,none,0,0,,potential_verified_cov_coalition_game,7,,3;17;18,17,,{},"{""17"": 14138}",0,0.0,10,40.0,60.0,20.0,250000,478208,249552,4.0,sgcp-density-cap,1,ns3,899,0.5,10,12,28,,,[],[],,,7,18,
2026_07_29_02_32_08,000066,1,all-cluster-heads,docs\doc_workspace\SGCP\artifacts\early_from_late_checkpoint_20260719\enable_coperception_early_from_attentive.yaml,dynamic_cv,grid,utility,utility,none,0,0,,potential_verified_cov_coalition_game,6,,1;2;8;11,1;2;11,2;11,"{""2"": 16, ""11"": 16}","{""1"": 13953, ""2"": 2121, ""11"": 3629}",92000,32.293659621802,10,40.0,60.0,20.0,250000,482896,249712,4.0,sgcp-density-cap,1,ns3,899,0.5,10,12,28,,,[],[],2>1:7;11>1:0,,25,48,
2026_07_29_02_32_08,000066,12,all-cluster-heads,docs\doc_workspace\SGCP\artifacts\early_from_late_checkpoint_20260719\enable_coperception_early_from_attentive.yaml,dynamic_cv,grid,utility,utility,none,0,0,,potential_verified_cov_coalition_game,6,,4;7;12,12;4;7,4;7,"{""4"": 16, ""7"": 16}","{""4"": 2030, ""7"": 3469, ""12"": 13863}",87984,30.869855394883203,10,40.0,60.0,20.0,250000,482896,249712,4.0,sgcp-density-cap,1,ns3,899,0.5,10,12,28,,,[],[],4>12:8;7>12:1,,24,52,
2026_07_29_02_32_08,000066,15,all-cluster-heads,docs\doc_workspace\SGCP\artifacts\early_from_late_checkpoint_20260719\enable_coperception_early_from_attentive.yaml,dynamic_cv,grid,utility,utility,none,0,0,,potential_verified_cov_coalition_game,6,,6;15,15;6,6,"{""6"": 16}","{""6"": 3875, ""15"": 13477}",62000,34.48275862068965,10,40.0,60.0,20.0,250000,482896,249712,4.0,sgcp-density-cap,1,ns3,899,0.5,10,12,28,,,[],[],6>15:2,,19,20,
2026_07_29_02_32_08,000066,16,all-cluster-heads,docs\doc_workspace\SGCP\artifacts\early_from_late_checkpoint_20260719\enable_coperception_early_from_attentive.yaml,dynamic_cv,grid,utility,utility,none,0,0,,potential_verified_cov_coalition_game,6,,5;16;20,16;20,20,"{""20"": 3}","{""16"": 13800, ""20"": 483}",7728,4.298109010011124,10,40.0,60.0,20.0,250000,482896,249712,4.0,sgcp-density-cap,1,ns3,899,0.5,10,12,28,,,[],[],20>16:3,,21,33,
2026_07_29_02_32_08,000066,17,all-cluster-heads,docs\doc_workspace\SGCP\artifacts\early_from_late_checkpoint_20260719\enable_coperception_early_from_attentive.yaml,dynamic_cv,grid,utility,utility,none,0,0,,potential_verified_cov_coalition_game,6,,3;14;17;18,17,,{},"{""17"": 14142}",0,0.0,10,40.0,60.0,20.0,250000,482896,249712,4.0,sgcp-density-cap,1,ns3,899,0.5,10,12,28,,,[],[],,,9,18,
2026_07_29_02_32_08,000066,19,all-cluster-heads,docs\doc_workspace\SGCP\artifacts\early_from_late_checkpoint_20260719\enable_coperception_early_from_attentive.yaml,dynamic_cv,grid,utility,utility,none,0,0,,potential_verified_cov_coalition_game,6,,9;10;13;19,19,,{},"{""19"": 13700}",0,0.0,10,40.0,60.0,20.0,250000,482896,249712,4.0,sgcp-density-cap,1,ns3,899,0.5,10,12,28,,,[],[],,,2,23,
2026_07_29_02_32_08,000068,1,all-cluster-heads,docs\doc_workspace\SGCP\artifacts\early_from_late_checkpoint_20260719\enable_coperception_early_from_attentive.yaml,dynamic_cv,grid,utility,utility,none,0,0,,potential_verified_cov_coalition_game,6,,1;4;12,1;4;12,4;12,"{""4"": 16, ""12"": 14}","{""1"": 13961, ""4"": 2741, ""12"": 3940}",106896,35.06117908787542,10,40.0,60.0,20.0,250000,537728,249984,4.0,sgcp-density-cap,1,ns3,899,0.5,10,12,28,,,[],[],4>1:9;12>1:0,,30,56,
2026_07_29_02_32_08,000068,11,all-cluster-heads,docs\doc_workspace\SGCP\artifacts\early_from_late_checkpoint_20260719\enable_coperception_early_from_attentive.yaml,dynamic_cv,grid,utility,utility,none,0,0,,potential_verified_cov_coalition_game,6,,2;8;11;19,11;2;19,2;19,"{""2"": 16, ""19"": 16}","{""2"": 2839, ""11"": 13865, ""19"": 3656}",103920,32.53392658509455,10,40.0,60.0,20.0,250000,537728,249984,4.0,sgcp-density-cap,1,ns3,899,0.5,10,12,28,,,[],[],2>11:7;19>11:1,,25,50,
2026_07_29_02_32_08,000068,13,all-cluster-heads,docs\doc_workspace\SGCP\artifacts\early_from_late_checkpoint_20260719\enable_coperception_early_from_attentive.yaml,dynamic_cv,grid,utility,utility,none,0,0,,potential_verified_cov_coalition_game,6,,9;10;13;14,13;14,14,"{""14"": 6}","{""13"": 13572, ""14"": 2400}",38400,21.35706340378198,10,40.0,60.0,20.0,250000,537728,249984,4.0,sgcp-density-cap,1,ns3,899,0.5,10,12,28,,,[],[],14>13:2,,4,18,
2026_07_29_02_32_08,000068,15,all-cluster-heads,docs\doc_workspace\SGCP\artifacts\early_from_late_checkpoint_20260719\enable_coperception_early_from_attentive.yaml,dynamic_cv,grid,utility,utility,none,0,0,,potential_verified_cov_coalition_game,6,,6;15,15,,{},"{""15"": 13482}",0,0.0,10,40.0,60.0,20.0,250000,537728,249984,4.0,sgcp-density-cap,1,ns3,899,0.5,10,12,28,,,[],[],,,19,20,
2026_07_29_02_32_08,000068,16,all-cluster-heads,docs\doc_workspace\SGCP\artifacts\early_from_late_checkpoint_20260719\enable_coperception_early_from_attentive.yaml,dynamic_cv,grid,utility,utility,none,0,0,,potential_verified_cov_coalition_game,6,,5;7;16;20,16,,{},"{""16"": 13828}",0,0.0,10,40.0,60.0,20.0,250000,537728,249984,4.0,sgcp-density-cap,1,ns3,899,0.5,10,12,28,,,[],[],,,17,33,
2026_07_29_02_32_08,000068,17,all-cluster-heads,docs\doc_workspace\SGCP\artifacts\early_from_late_checkpoint_20260719\enable_coperception_early_from_attentive.yaml,dynamic_cv,grid,utility,utility,none,0,0,,potential_verified_cov_coalition_game,6,,3;17;18,17;18,18,"{""18"": 1}","{""17"": 14134, ""18"": 48}",768,0.4271412680756396,10,40.0,60.0,20.0,250000,537728,249984,4.0,sgcp-density-cap,1,ns3,899,0.5,10,12,28,,,[],[],18>17:8,,7,18,
2026_07_29_02_32_08,000070,11,all-cluster-heads,docs\doc_workspace\SGCP\artifacts\early_from_late_checkpoint_20260719\enable_coperception_early_from_attentive.yaml,dynamic_cv,grid,utility,utility,none,0,0,,potential_verified_cov_coalition_game,6,,1;2;11;19,11;2;19,2;19,"{""2"": 16, ""19"": 16}","{""2"": 2847, ""11"": 13862, ""19"": 3663}",104160,32.59621802002224,10,40.0,60.0,20.0,250000,514848,249504,4.0,sgcp-density-cap,1,ns3,899,0.5,10,12,28,,,[],[],2>11:7;19>11:0,,25,50,
2026_07_29_02_32_08,000070,12,all-cluster-heads,docs\doc_workspace\SGCP\artifacts\early_from_late_checkpoint_20260719\enable_coperception_early_from_attentive.yaml,dynamic_cv,grid,utility,utility,none,0,0,,potential_verified_cov_coalition_game,6,,4;7;8;12,12;7;8,7;8,"{""7"": 16, ""8"": 16}","{""7"": 3508, ""8"": 2517, ""12"": 13891}",96400,31.21690767519466,10,40.0,60.0,20.0,250000,514848,249504,4.0,sgcp-density-cap,1,ns3,899,0.5,10,12,28,,,[],[],7>12:1;8>12:8,,30,59,
2026_07_29_02_32_08,000070,13,all-cluster-heads,docs\doc_workspace\SGCP\artifacts\early_from_late_checkpoint_20260719\enable_coperception_early_from_attentive.yaml,dynamic_cv,grid,utility,utility,none,0,0,,potential_verified_cov_coalition_game,6,,9;10;13;14,13;14,14,"{""14"": 8}","{""13"": 13574, ""14"": 3059}",48944,27.22135706340378,10,40.0,60.0,20.0,250000,514848,249504,4.0,sgcp-density-cap,1,ns3,899,0.5,10,12,28,,,[],[],14>13:2,,4,18,
2026_07_29_02_32_08,000070,15,all-cluster-heads,docs\doc_workspace\SGCP\artifacts\early_from_late_checkpoint_20260719\enable_coperception_early_from_attentive.yaml,dynamic_cv,grid,utility,utility,none,0,0,,potential_verified_cov_coalition_game,6,,6;15,15,,{},"{""15"": 13489}",0,0.0,10,40.0,60.0,20.0,250000,514848,249504,4.0,sgcp-density-cap,1,ns3,899,0.5,10,12,28,,,[],[],,,18,20,
2026_07_29_02_32_08,000070,16,all-cluster-heads,docs\doc_workspace\SGCP\artifacts\early_from_late_checkpoint_20260719\enable_coperception_early_from_attentive.yaml,dynamic_cv,grid,utility,utility,none,0,0,,potential_verified_cov_coalition_game,6,,5;16;20,16,,{},"{""16"": 13833}",0,0.0,10,40.0,60.0,20.0,250000,514848,249504,4.0,sgcp-density-cap,1,ns3,899,0.5,10,12,28,,,[],[],,,16,34,
2026_07_29_02_32_08,000070,17,all-cluster-heads,docs\doc_workspace\SGCP\artifacts\early_from_late_checkpoint_20260719\enable_coperception_early_from_attentive.yaml,dynamic_cv,grid,utility,utility,none,0,0,,potential_verified_cov_coalition_game,6,,3;17;18,17,,{},"{""17"": 14129}",0,0.0,10,40.0,60.0,20.0,250000,514848,249504,4.0,sgcp-density-cap,1,ns3,899,0.5,10,12,28,,,[],[],,,9,17,
2026_07_29_02_32_08,000072,11,all-cluster-heads,docs\doc_workspace\SGCP\artifacts\early_from_late_checkpoint_20260719\enable_coperception_early_from_attentive.yaml,dynamic_cv,grid,utility,utility,none,0,0,,potential_verified_cov_coalition_game,6,,1;2;11;19,11;2;19,2;19,"{""2"": 16, ""19"": 16}","{""2"": 2851, ""11"": 13861, ""19"": 3631}",103712,32.311457174638484,10,40.0,60.0,20.0,250000,513264,249216,4.0,sgcp-density-cap,1,ns3,899,0.5,10,12,28,,,[],[],2>11:7;19>11:0,,24,51,
2026_07_29_02_32_08,000072,12,all-cluster-heads,docs\doc_workspace\SGCP\artifacts\early_from_late_checkpoint_20260719\enable_coperception_early_from_attentive.yaml,dynamic_cv,grid,utility,utility,none,0,0,,potential_verified_cov_coalition_game,6,,4;7;8;12,12;7;8,7;8,"{""7"": 16, ""8"": 16}","{""7"": 3516, ""8"": 2453, ""12"": 13906}",95504,31.288097886540598,10,40.0,60.0,20.0,250000,513264,249216,4.0,sgcp-density-cap,1,ns3,899,0.5,10,12,28,,,[],[],7>12:1;8>12:8,,31,58,
2026_07_29_02_32_08,000072,13,all-cluster-heads,docs\doc_workspace\SGCP\artifacts\early_from_late_checkpoint_20260719\enable_coperception_early_from_attentive.yaml,dynamic_cv,grid,utility,utility,none,0,0,,potential_verified_cov_coalition_game,6,,9;10;13;14,13;14,14,"{""14"": 8}","{""13"": 13566, ""14"": 3125}",50000,27.808676307007786,10,40.0,60.0,20.0,250000,513264,249216,4.0,sgcp-density-cap,1,ns3,899,0.5,10,12,28,,,[],[],14>13:2,,6,18,
2026_07_29_02_32_08,000072,15,all-cluster-heads,docs\doc_workspace\SGCP\artifacts\early_from_late_checkpoint_20260719\enable_coperception_early_from_attentive.yaml,dynamic_cv,grid,utility,utility,none,0,0,,potential_verified_cov_coalition_game,6,,6;15,15,,{},"{""15"": 13501}",0,0.0,10,40.0,60.0,20.0,250000,513264,249216,4.0,sgcp-density-cap,1,ns3,899,0.5,10,12,28,,,[],[],,,19,20,
2026_07_29_02_32_08,000072,16,all-cluster-heads,docs\doc_workspace\SGCP\artifacts\early_from_late_checkpoint_20260719\enable_coperception_early_from_attentive.yaml,dynamic_cv,grid,utility,utility,none,0,0,,potential_verified_cov_coalition_game,6,,5;16;20,16,,{},"{""16"": 13827}",0,0.0,10,40.0,60.0,20.0,250000,513264,249216,4.0,sgcp-density-cap,1,ns3,899,0.5,10,12,28,,,[],[],,,17,33,
2026_07_29_02_32_08,000072,17,all-cluster-heads,docs\doc_workspace\SGCP\artifacts\early_from_late_checkpoint_20260719\enable_coperception_early_from_attentive.yaml,dynamic_cv,grid,utility,utility,none,0,0,,potential_verified_cov_coalition_game,6,,3;17;18,17,,{},"{""17"": 14140}",0,0.0,10,40.0,60.0,20.0,250000,513264,249216,4.0,sgcp-density-cap,1,ns3,899,0.5,10,12,28,,,[],[],,,9,17,
2026_07_29_02_32_08,000074,4,all-cluster-heads,docs\doc_workspace\SGCP\artifacts\early_from_late_checkpoint_20260719\enable_coperception_early_from_attentive.yaml,dynamic_cv,grid,utility,utility,none,0,0,,potential_verified_cov_coalition_game,6,,4;8;12,4;8;12,8;12,"{""8"": 16, ""12"": 16}","{""4"": 13788, ""8"": 2053, ""12"": 2516}",73104,22.38932146829811,10,40.0,60.0,20.0,250000,510816,249472,4.0,sgcp-density-cap,1,ns3,899,0.5,10,12,28,,,[],[],8>4:9;12>4:0,,28,49,
2026_07_29_02_32_08,000074,11,all-cluster-heads,docs\doc_workspace\SGCP\artifacts\early_from_late_checkpoint_20260719\enable_coperception_early_from_attentive.yaml,dynamic_cv,grid,utility,utility,none,0,0,,potential_verified_cov_coalition_game,6,,1;2;11;19,11;2;19,2;19,"{""2"": 16, ""19"": 16}","{""2"": 2852, ""11"": 13860, ""19"": 3634}",103776,32.33815350389321,10,40.0,60.0,20.0,250000,510816,249472,4.0,sgcp-density-cap,1,ns3,899,0.5,10,12,28,,,[],[],2>11:7;19>11:1,,27,51,
2026_07_29_02_32_08,000074,13,all-cluster-heads,docs\doc_workspace\SGCP\artifacts\early_from_late_checkpoint_20260719\enable_coperception_early_from_attentive.yaml,dynamic_cv,grid,utility,utility,none,0,0,,potential_verified_cov_coalition_game,6,,9;10;13;14,13;14,14,"{""14"": 12}","{""13"": 13577, ""14"": 4537}",72592,40.373748609566185,10,40.0,60.0,20.0,250000,510816,249472,4.0,sgcp-density-cap,1,ns3,899,0.5,10,12,28,,,[],[],14>13:2,,3,18,
2026_07_29_02_32_08,000074,15,all-cluster-heads,docs\doc_workspace\SGCP\artifacts\early_from_late_checkpoint_20260719\enable_coperception_early_from_attentive.yaml,dynamic_cv,grid,utility,utility,none,0,0,,potential_verified_cov_coalition_game,6,,6;15,15,,{},"{""15"": 13494}",0,0.0,10,40.0,60.0,20.0,250000,510816,249472,4.0,sgcp-density-cap,1,ns3,899,0.5,10,12,28,,,[],[],,,16,21,
2026_07_29_02_32_08,000074,16,all-cluster-heads,docs\doc_workspace\SGCP\artifacts\early_from_late_checkpoint_20260719\enable_coperception_early_from_attentive.yaml,dynamic_cv,grid,utility,utility,none,0,0,,potential_verified_cov_coalition_game,6,,5;7;16;20,16,,{},"{""16"": 13876}",0,0.0,10,40.0,60.0,20.0,250000,510816,249472,4.0,sgcp-density-cap,1,ns3,899,0.5,10,12,28,,,[],[],,,18,33,
2026_07_29_02_32_08,000074,17,all-cluster-heads,docs\doc_workspace\SGCP\artifacts\early_from_late_checkpoint_20260719\enable_coperception_early_from_attentive.yaml,dynamic_cv,grid,utility,utility,none,0,0,,potential_verified_cov_coalition_game,6,,3;17;18,17,,{},"{""17"": 14148}",0,0.0,10,40.0,60.0,20.0,250000,510816,249472,4.0,sgcp-density-cap,1,ns3,899,0.5,10,12,28,,,[],[],,,11,18,
2026_07_29_02_32_08,000076,4,all-cluster-heads,docs\doc_workspace\SGCP\artifacts\early_from_late_checkpoint_20260719\enable_coperception_early_from_attentive.yaml,dynamic_cv,grid,utility,utility,none,0,0,,potential_verified_cov_coalition_game,6,,4;8;12,4;8;12,8;12,"{""8"": 16, ""12"": 16}","{""4"": 13778, ""8"": 2088, ""12"": 2530}",73888,22.513904338153502,10,40.0,60.0,20.0,250000,509728,249296,4.0,sgcp-density-cap,1,ns3,899,0.5,10,12,28,,,[],[],8>4:9;12>4:0,,27,50,
2026_07_29_02_32_08,000076,11,all-cluster-heads,docs\doc_workspace\SGCP\artifacts\early_from_late_checkpoint_20260719\enable_coperception_early_from_attentive.yaml,dynamic_cv,grid,utility,utility,none,0,0,,potential_verified_cov_coalition_game,6,,1;2;11;19,11;2;19,2;19,"{""2"": 16, ""19"": 16}","{""2"": 2836, ""11"": 13862, ""19"": 3633}",103504,32.32925472747497,10,40.0,60.0,20.0,250000,509728,249296,4.0,sgcp-density-cap,1,ns3,899,0.5,10,12,28,,,[],[],2>11:7;19>11:1,,25,51,
2026_07_29_02_32_08,000076,13,all-cluster-heads,docs\doc_workspace\SGCP\artifacts\early_from_late_checkpoint_20260719\enable_coperception_early_from_attentive.yaml,dynamic_cv,grid,utility,utility,none,0,0,,potential_verified_cov_coalition_game,6,,9;10;13;14,13;14,14,"{""14"": 12}","{""13"": 13582, ""14"": 4494}",71904,39.99110122358176,10,40.0,60.0,20.0,250000,509728,249296,4.0,sgcp-density-cap,1,ns3,899,0.5,10,12,28,,,[],[],14>13:2,,6,18,
2026_07_29_02_32_08,000076,15,all-cluster-heads,docs\doc_workspace\SGCP\artifacts\early_from_late_checkpoint_20260719\enable_coperception_early_from_attentive.yaml,dynamic_cv,grid,utility,utility,none,0,0,,potential_verified_cov_coalition_game,6,,6;15,15,,{},"{""15"": 13485}",0,0.0,10,40.0,60.0,20.0,250000,509728,249296,4.0,sgcp-density-cap,1,ns3,899,0.5,10,12,28,,,[],[],,,15,21,
2026_07_29_02_32_08,000076,16,all-cluster-heads,docs\doc_workspace\SGCP\artifacts\early_from_late_checkpoint_20260719\enable_coperception_early_from_attentive.yaml,dynamic_cv,grid,utility,utility,none,0,0,,potential_verified_cov_coalition_game,6,,5;7;16;20,16,,{},"{""16"": 13891}",0,0.0,10,40.0,60.0,20.0,250000,509728,249296,4.0,sgcp-density-cap,1,ns3,899,0.5,10,12,28,,,[],[],,,21,32,
2026_07_29_02_32_08,000076,17,all-cluster-heads,docs\doc_workspace\SGCP\artifacts\early_from_late_checkpoint_20260719\enable_coperception_early_from_attentive.yaml,dynamic_cv,grid,utility,utility,none,0,0,,potential_verified_cov_coalition_game,6,,3;17;18,17,,{},"{""17"": 14123}",0,0.0,10,40.0,60.0,20.0,250000,509728,249296,4.0,sgcp-density-cap,1,ns3,899,0.5,10,12,28,,,[],[],,,11,19,
2026_07_29_02_32_08,000078,4,all-cluster-heads,docs\doc_workspace\SGCP\artifacts\early_from_late_checkpoint_20260719\enable_coperception_early_from_attentive.yaml,dynamic_cv,grid,utility,utility,none,0,0,,potential_verified_cov_coalition_game,6,,4;8;12,4;8;12,8;12,"{""8"": 16, ""12"": 16}","{""4"": 13750, ""8"": 2043, ""12"": 2519}",72992,22.416017797552836,10,40.0,60.0,20.0,250000,509360,249456,4.0,sgcp-density-cap,1,ns3,899,0.5,10,12,28,,,[],[],8>4:9;12>4:0,,27,50,
2026_07_29_02_32_08,000078,11,all-cluster-heads,docs\doc_workspace\SGCP\artifacts\early_from_late_checkpoint_20260719\enable_coperception_early_from_attentive.yaml,dynamic_cv,grid,utility,utility,none,0,0,,potential_verified_cov_coalition_game,6,,1;2;11;19,11;2;19,2;19,"{""2"": 16, ""19"": 16}","{""2"": 2822, ""11"": 13862, ""19"": 3647}",103504,32.45383759733036,10,40.0,60.0,20.0,250000,509360,249456,4.0,sgcp-density-cap,1,ns3,899,0.5,10,12,28,,,[],[],2>11:7;19>11:1,,26,51,
2026_07_29_02_32_08,000078,13,all-cluster-heads,docs\doc_workspace\SGCP\artifacts\early_from_late_checkpoint_20260719\enable_coperception_early_from_attentive.yaml,dynamic_cv,grid,utility,utility,none,0,0,,potential_verified_cov_coalition_game,6,,9;10;13;14,13;14,14,"{""14"": 12}","{""13"": 13583, ""14"": 4560}",72960,40.57842046718576,10,40.0,60.0,20.0,250000,509360,249456,4.0,sgcp-density-cap,1,ns3,899,0.5,10,12,28,,,[],[],14>13:2,,5,18,
2026_07_29_02_32_08,000078,15,all-cluster-heads,docs\doc_workspace\SGCP\artifacts\early_from_late_checkpoint_20260719\enable_coperception_early_from_attentive.yaml,dynamic_cv,grid,utility,utility,none,0,0,,potential_verified_cov_coalition_game,6,,6;15,15,,{},"{""15"": 13505}",0,0.0,10,40.0,60.0,20.0,250000,509360,249456,4.0,sgcp-density-cap,1,ns3,899,0.5,10,12,28,,,[],[],,,16,21,
2026_07_29_02_32_08,000078,16,all-cluster-heads,docs\doc_workspace\SGCP\artifacts\early_from_late_checkpoint_20260719\enable_coperception_early_from_attentive.yaml,dynamic_cv,grid,utility,utility,none,0,0,,potential_verified_cov_coalition_game,6,,5;7;16;20,16,,{},"{""16"": 13902}",0,0.0,10,40.0,60.0,20.0,250000,509360,249456,4.0,sgcp-density-cap,1,ns3,899,0.5,10,12,28,,,[],[],,,20,31,
2026_07_29_02_32_08,000078,17,all-cluster-heads,docs\doc_workspace\SGCP\artifacts\early_from_late_checkpoint_20260719\enable_coperception_early_from_attentive.yaml,dynamic_cv,grid,utility,utility,none,0,0,,potential_verified_cov_coalition_game,6,,3;17;18,17,,{},"{""17"": 14122}",0,0.0,10,40.0,60.0,20.0,250000,509360,249456,4.0,sgcp-density-cap,1,ns3,899,0.5,10,12,28,,,[],[],,,10,19,
2026_07_29_02_32_08,000080,11,all-cluster-heads,docs\doc_workspace\SGCP\artifacts\early_from_late_checkpoint_20260719\enable_coperception_early_from_attentive.yaml,dynamic_cv,grid,utility,utility,none,0,0,,potential_verified_cov_coalition_game,6,,1;2;11;19,11;2;19,2;19,"{""2"": 16, ""19"": 16}","{""2"": 2816, ""11"": 13866, ""19"": 3650}",103456,32.48053392658509,10,40.0,60.0,20.0,250000,523952,249696,4.0,sgcp-density-cap,1,ns3,899,0.5,10,12,28,,,[],[],2>11:7;19>11:0,,25,50,
2026_07_29_02_32_08,000080,12,all-cluster-heads,docs\doc_workspace\SGCP\artifacts\early_from_late_checkpoint_20260719\enable_coperception_early_from_attentive.yaml,dynamic_cv,grid,utility,utility,none,0,0,,potential_verified_cov_coalition_game,6,,4;7;8;12,12;7;8,7;8,"{""7"": 16, ""8"": 16}","{""7"": 3539, ""8"": 2533, ""12"": 13953}",97152,31.492769744160174,10,40.0,60.0,20.0,250000,523952,249696,4.0,sgcp-density-cap,1,ns3,899,0.5,10,12,28,,,[],[],7>12:1;8>12:9,,34,57,
2026_07_29_02_32_08,000080,13,all-cluster-heads,docs\doc_workspace\SGCP\artifacts\early_from_late_checkpoint_20260719\enable_coperception_early_from_attentive.yaml,dynamic_cv,grid,utility,utility,none,0,0,,potential_verified_cov_coalition_game,6,,9;10;13;14,13;14,14,"{""14"": 8}","{""13"": 13628, ""14"": 3068}",49088,27.301446051167964,10,40.0,60.0,20.0,250000,523952,249696,4.0,sgcp-density-cap,1,ns3,899,0.5,10,12,28,,,[],[],14>13:2,,4,18,
2026_07_29_02_32_08,000080,15,all-cluster-heads,docs\doc_workspace\SGCP\artifacts\early_from_late_checkpoint_20260719\enable_coperception_early_from_attentive.yaml,dynamic_cv,grid,utility,utility,none,0,0,,potential_verified_cov_coalition_game,6,,6;15,15,,{},"{""15"": 13527}",0,0.0,10,40.0,60.0,20.0,250000,523952,249696,4.0,sgcp-density-cap,1,ns3,899,0.5,10,12,28,,,[],[],,,14,21,
2026_07_29_02_32_08,000080,16,all-cluster-heads,docs\doc_workspace\SGCP\artifacts\early_from_late_checkpoint_20260719\enable_coperception_early_from_attentive.yaml,dynamic_cv,grid,utility,utility,none,0,0,,potential_verified_cov_coalition_game,6,,5;16;20,16,,{},"{""16"": 13918}",0,0.0,10,40.0,60.0,20.0,250000,523952,249696,4.0,sgcp-density-cap,1,ns3,899,0.5,10,12,28,,,[],[],,,15,32,
2026_07_29_02_32_08,000080,17,all-cluster-heads,docs\doc_workspace\SGCP\artifacts\early_from_late_checkpoint_20260719\enable_coperception_early_from_attentive.yaml,dynamic_cv,grid,utility,utility,none,0,0,,potential_verified_cov_coalition_game,6,,3;17;18,17,,{},"{""17"": 14129}",0,0.0,10,40.0,60.0,20.0,250000,523952,249696,4.0,sgcp-density-cap,1,ns3,899,0.5,10,12,28,,,[],[],,,10,20,
2026_07_29_02_32_08,000082,1,all-cluster-heads,docs\doc_workspace\SGCP\artifacts\early_from_late_checkpoint_20260719\enable_coperception_early_from_attentive.yaml,dynamic_cv,grid,utility,utility,none,0,0,,potential_verified_cov_coalition_game,7,,1;2;8;11,1;2;11,2;11,"{""2"": 16, ""11"": 16}","{""1"": 13971, ""2"": 3317, ""11"": 2002}",85104,29.51724137931034,10,40.0,60.0,20.0,250000,483856,249744,4.0,sgcp-density-cap,1,ns3,899,0.5,10,12,28,,,[],[],2>1:0;11>1:9,,28,50,
2026_07_29_02_32_08,000082,10,all-cluster-heads,docs\doc_workspace\SGCP\artifacts\early_from_late_checkpoint_20260719\enable_coperception_early_from_attentive.yaml,dynamic_cv,grid,utility,utility,none,0,0,,potential_verified_cov_coalition_game,7,,9;10,10;9,9,"{""9"": 16}","{""9"": 2471, ""10"": 13992}",39536,21.988876529477196,10,40.0,60.0,20.0,250000,483856,249744,4.0,sgcp-density-cap,1,ns3,899,0.5,10,12,28,,,[],[],9>10:1,,19,38,
2026_07_29_02_32_08,000082,12,all-cluster-heads,docs\doc_workspace\SGCP\artifacts\early_from_late_checkpoint_20260719\enable_coperception_early_from_attentive.yaml,dynamic_cv,grid,utility,utility,none,0,0,,potential_verified_cov_coalition_game,7,,4;7;12,12;7,7,"{""7"": 16}","{""7"": 3507, ""12"": 13970}",56112,31.208008898776416,10,40.0,60.0,20.0,250000,483856,249744,4.0,sgcp-density-cap,1,ns3,899,0.5,10,12,28,,,[],[],7>12:2,,20,44,
2026_07_29_02_32_08,000082,13,all-cluster-heads,docs\doc_workspace\SGCP\artifacts\early_from_late_checkpoint_20260719\enable_coperception_early_from_attentive.yaml,dynamic_cv,grid,utility,utility,none,0,0,,potential_verified_cov_coalition_game,7,,13;14;19,13;14;19,14;19,"{""14"": 11, ""19"": 1}","{""13"": 13604, ""14"": 4253, ""19"": 59}",68992,37.84649610678532,10,40.0,60.0,20.0,250000,483856,249744,4.0,sgcp-density-cap,1,ns3,899,0.5,10,12,28,,,[],[],14>13:3;19>13:8,,6,27,
2026_07_29_02_32_08,000082,15,all-cluster-heads,docs\doc_workspace\SGCP\artifacts\early_from_late_checkpoint_20260719\enable_coperception_early_from_attentive.yaml,dynamic_cv,grid,utility,utility,none,0,0,,potential_verified_cov_coalition_game,7,,6;15,15,,{},"{""15"": 13530}",0,0.0,10,40.0,60.0,20.0,250000,483856,249744,4.0,sgcp-density-cap,1,ns3,899,0.5,10,12,28,,,[],[],,,17,22,
2026_07_29_02_32_08,000082,17,all-cluster-heads,docs\doc_workspace\SGCP\artifacts\early_from_late_checkpoint_20260719\enable_coperception_early_from_attentive.yaml,dynamic_cv,grid,utility,utility,none,0,0,,potential_verified_cov_coalition_game,7,,3;16;17;18,17,,{},"{""17"": 14138}",0,0.0,10,40.0,60.0,20.0,250000,483856,249744,4.0,sgcp-density-cap,1,ns3,899,0.5,10,12,28,,,[],[],,,10,19,
2026_07_29_02_32_08,000082,20,all-cluster-heads,docs\doc_workspace\SGCP\artifacts\early_from_late_checkpoint_20260719\enable_coperception_early_from_attentive.yaml,dynamic_cv,grid,utility,utility,none,0,0,,potential_verified_cov_coalition_game,7,,5;20,20,,{},"{""20"": 13917}",0,0.0,10,40.0,60.0,20.0,250000,483856,249744,4.0,sgcp-density-cap,1,ns3,899,0.5,10,12,28,,,[],[],,,21,32,
2026_07_29_02_32_08,000084,1,all-cluster-heads,docs\doc_workspace\SGCP\artifacts\early_from_late_checkpoint_20260719\enable_coperception_early_from_attentive.yaml,dynamic_cv,grid,utility,utility,none,0,0,,potential_verified_cov_coalition_game,7,,1;2;8;11,1;2;11,2;11,"{""2"": 16, ""11"": 16}","{""1"": 13971, ""2"": 3284, ""11"": 2006}",84640,29.22358175750834,10,40.0,60.0,20.0,250000,482464,249408,4.0,sgcp-density-cap,1,ns3,899,0.5,10,12,28,,,[],[],2>1:0;11>1:9,,27,48,
2026_07_29_02_32_08,000084,10,all-cluster-heads,docs\doc_workspace\SGCP\artifacts\early_from_late_checkpoint_20260719\enable_coperception_early_from_attentive.yaml,dynamic_cv,grid,utility,utility,none,0,0,,potential_verified_cov_coalition_game,7,,9;10,10;9,9,"{""9"": 16}","{""9"": 2462, ""10"": 13992}",39392,21.908787541713014,10,40.0,60.0,20.0,250000,482464,249408,4.0,sgcp-density-cap,1,ns3,899,0.5,10,12,28,,,[],[],9>10:1,,21,37,
2026_07_29_02_32_08,000084,12,all-cluster-heads,docs\doc_workspace\SGCP\artifacts\early_from_late_checkpoint_20260719\enable_coperception_early_from_attentive.yaml,dynamic_cv,grid,utility,utility,none,0,0,,potential_verified_cov_coalition_game,7,,4;7;12,12;7,7,"{""7"": 16}","{""7"": 3507, ""12"": 14013}",56112,31.208008898776416,10,40.0,60.0,20.0,250000,482464,249408,4.0,sgcp-density-cap,1,ns3,899,0.5,10,12,28,,,[],[],7>12:2,,17,41,
2026_07_29_02_32_08,000084,13,all-cluster-heads,docs\doc_workspace\SGCP\artifacts\early_from_late_checkpoint_20260719\enable_coperception_early_from_attentive.yaml,dynamic_cv,grid,utility,utility,none,0,0,,potential_verified_cov_coalition_game,7,,13;14;19,13;14,14,"{""14"": 11}","{""13"": 13586, ""14"": 4329}",69264,38.52280311457175,10,40.0,60.0,20.0,250000,482464,249408,4.0,sgcp-density-cap,1,ns3,899,0.5,10,12,28,,,[],[],14>13:3,,5,17,
2026_07_29_02_32_08,000084,15,all-cluster-heads,docs\doc_workspace\SGCP\artifacts\early_from_late_checkpoint_20260719\enable_coperception_early_from_attentive.yaml,dynamic_cv,grid,utility,utility,none,0,0,,potential_verified_cov_coalition_game,7,,6;15,15,,{},"{""15"": 13532}",0,0.0,10,40.0,60.0,20.0,250000,482464,249408,4.0,sgcp-density-cap,1,ns3,899,0.5,10,12,28,,,[],[],,,16,22,
2026_07_29_02_32_08,000084,17,all-cluster-heads,docs\doc_workspace\SGCP\artifacts\early_from_late_checkpoint_20260719\enable_coperception_early_from_attentive.yaml,dynamic_cv,grid,utility,utility,none,0,0,,potential_verified_cov_coalition_game,7,,3;16;17;18,17,,{},"{""17"": 14146}",0,0.0,10,40.0,60.0,20.0,250000,482464,249408,4.0,sgcp-density-cap,1,ns3,899,0.5,10,12,28,,,[],[],,,12,19,
2026_07_29_02_32_08,000084,20,all-cluster-heads,docs\doc_workspace\SGCP\artifacts\early_from_late_checkpoint_20260719\enable_coperception_early_from_attentive.yaml,dynamic_cv,grid,utility,utility,none,0,0,,potential_verified_cov_coalition_game,7,,5;20,20,,{},"{""20"": 13917}",0,0.0,10,40.0,60.0,20.0,250000,482464,249408,4.0,sgcp-density-cap,1,ns3,899,0.5,10,12,28,,,[],[],,,21,32,
2026_07_29_02_32_08,000086,1,all-cluster-heads,docs\doc_workspace\SGCP\artifacts\early_from_late_checkpoint_20260719\enable_coperception_early_from_attentive.yaml,dynamic_cv,grid,utility,utility,none,0,0,,potential_verified_cov_coalition_game,7,,1;2;8;11,1;2;11,2;11,"{""2"": 16, ""11"": 16}","{""1"": 13972, ""2"": 2253, ""11"": 3173}",86816,28.235817575083423,10,40.0,60.0,20.0,250000,481696,249232,4.0,sgcp-density-cap,1,ns3,899,0.5,10,12,28,,,[],[],2>1:8;11>1:0,,27,49,
2026_07_29_02_32_08,000086,10,all-cluster-heads,docs\doc_workspace\SGCP\artifacts\early_from_late_checkpoint_20260719\enable_coperception_early_from_attentive.yaml,dynamic_cv,grid,utility,utility,none,0,0,,potential_verified_cov_coalition_game,7,,9;10,10;9,9,"{""9"": 16}","{""9"": 2476, ""10"": 14000}",39616,22.03337041156841,10,40.0,60.0,20.0,250000,481696,249232,4.0,sgcp-density-cap,1,ns3,899,0.5,10,12,28,,,[],[],9>10:1,,21,39,
2026_07_29_02_32_08,000086,12,all-cluster-heads,docs\doc_workspace\SGCP\artifacts\early_from_late_checkpoint_20260719\enable_coperception_early_from_attentive.yaml,dynamic_cv,grid,utility,utility,none,0,0,,potential_verified_cov_coalition_game,7,,4;7;12,12;7,7,"{""7"": 16}","{""7"": 3467, ""12"": 14037}",55472,30.85205784204672,10,40.0,60.0,20.0,250000,481696,249232,4.0,sgcp-density-cap,1,ns3,899,0.5,10,12,28,,,[],[],7>12:2,,16,43,
2026_07_29_02_32_08,000086,13,all-cluster-heads,docs\doc_workspace\SGCP\artifacts\early_from_late_checkpoint_20260719\enable_coperception_early_from_attentive.yaml,dynamic_cv,grid,utility,utility,none,0,0,,potential_verified_cov_coalition_game,7,,13;14;19,13;14,14,"{""14"": 11}","{""13"": 13599, ""14"": 4208}",67328,37.446051167964406,10,40.0,60.0,20.0,250000,481696,249232,4.0,sgcp-density-cap,1,ns3,899,0.5,10,12,28,,,[],[],14>13:3,,3,15,
2026_07_29_02_32_08,000086,15,all-cluster-heads,docs\doc_workspace\SGCP\artifacts\early_from_late_checkpoint_20260719\enable_coperception_early_from_attentive.yaml,dynamic_cv,grid,utility,utility,none,0,0,,potential_verified_cov_coalition_game,7,,6;15,15,,{},"{""15"": 13534}",0,0.0,10,40.0,60.0,20.0,250000,481696,249232,4.0,sgcp-density-cap,1,ns3,899,0.5,10,12,28,,,[],[],,,15,23,
2026_07_29_02_32_08,000086,17,all-cluster-heads,docs\doc_workspace\SGCP\artifacts\early_from_late_checkpoint_20260719\enable_coperception_early_from_attentive.yaml,dynamic_cv,grid,utility,utility,none,0,0,,potential_verified_cov_coalition_game,7,,3;16;17;18,17,,{},"{""17"": 14140}",0,0.0,10,40.0,60.0,20.0,250000,481696,249232,4.0,sgcp-density-cap,1,ns3,899,0.5,10,12,28,,,[],[],,,10,19,
2026_07_29_02_32_08,000086,20,all-cluster-heads,docs\doc_workspace\SGCP\artifacts\early_from_late_checkpoint_20260719\enable_coperception_early_from_attentive.yaml,dynamic_cv,grid,utility,utility,none,0,0,,potential_verified_cov_coalition_game,7,,5;20,20,,{},"{""20"": 13917}",0,0.0,10,40.0,60.0,20.0,250000,481696,249232,4.0,sgcp-density-cap,1,ns3,899,0.5,10,12,28,,,[],[],,,23,32,
2026_07_29_02_32_08,000088,1,all-cluster-heads,docs\doc_workspace\SGCP\artifacts\early_from_late_checkpoint_20260719\enable_coperception_early_from_attentive.yaml,dynamic_cv,grid,utility,utility,none,0,0,,potential_verified_cov_coalition_game,7,,1;2;8;11,1;2;11,2;11,"{""2"": 16, ""11"": 16}","{""1"": 13967, ""2"": 2231, ""11"": 3164}",86320,28.155728587319242,10,40.0,60.0,20.0,250000,480944,249984,4.0,sgcp-density-cap,1,ns3,899,0.5,10,12,28,,,[],[],2>1:8;11>1:0,,26,49,
2026_07_29_02_32_08,000088,10,all-cluster-heads,docs\doc_workspace\SGCP\artifacts\early_from_late_checkpoint_20260719\enable_coperception_early_from_attentive.yaml,dynamic_cv,grid,utility,utility,none,0,0,,potential_verified_cov_coalition_game,7,,9;10,10;9,9,"{""9"": 16}","{""9"": 2480, ""10"": 13995}",39680,22.068965517241377,10,40.0,60.0,20.0,250000,480944,249984,4.0,sgcp-density-cap,1,ns3,899,0.5,10,12,28,,,[],[],9>10:1,,22,39,
2026_07_29_02_32_08,000088,12,all-cluster-heads,docs\doc_workspace\SGCP\artifacts\early_from_late_checkpoint_20260719\enable_coperception_early_from_attentive.yaml,dynamic_cv,grid,utility,utility,none,0,0,,potential_verified_cov_coalition_game,7,,4;7;12,12;7,7,"{""7"": 16}","{""7"": 3452, ""12"": 14084}",55232,30.718576195773082,10,40.0,60.0,20.0,250000,480944,249984,4.0,sgcp-density-cap,1,ns3,899,0.5,10,12,28,,,[],[],7>12:2,,18,44,
2026_07_29_02_32_08,000088,13,all-cluster-heads,docs\doc_workspace\SGCP\artifacts\early_from_late_checkpoint_20260719\enable_coperception_early_from_attentive.yaml,dynamic_cv,grid,utility,utility,none,0,0,,potential_verified_cov_coalition_game,7,,13;14;19,13;14;19,14;19,"{""14"": 11, ""19"": 1}","{""13"": 13598, ""14"": 4237, ""19"": 60}",68752,37.70411568409344,10,40.0,60.0,20.0,250000,480944,249984,4.0,sgcp-density-cap,1,ns3,899,0.5,10,12,28,,,[],[],14>13:3;19>13:9,,3,27,
2026_07_29_02_32_08,000088,15,all-cluster-heads,docs\doc_workspace\SGCP\artifacts\early_from_late_checkpoint_20260719\enable_coperception_early_from_attentive.yaml,dynamic_cv,grid,utility,utility,none,0,0,,potential_verified_cov_coalition_game,7,,6;15,15,,{},"{""15"": 13521}",0,0.0,10,40.0,60.0,20.0,250000,480944,249984,4.0,sgcp-density-cap,1,ns3,899,0.5,10,12,28,,,[],[],,,15,23,
2026_07_29_02_32_08,000088,17,all-cluster-heads,docs\doc_workspace\SGCP\artifacts\early_from_late_checkpoint_20260719\enable_coperception_early_from_attentive.yaml,dynamic_cv,grid,utility,utility,none,0,0,,potential_verified_cov_coalition_game,7,,3;16;17;18,17,,{},"{""17"": 14155}",0,0.0,10,40.0,60.0,20.0,250000,480944,249984,4.0,sgcp-density-cap,1,ns3,899,0.5,10,12,28,,,[],[],,,10,20,
2026_07_29_02_32_08,000088,20,all-cluster-heads,docs\doc_workspace\SGCP\artifacts\early_from_late_checkpoint_20260719\enable_coperception_early_from_attentive.yaml,dynamic_cv,grid,utility,utility,none,0,0,,potential_verified_cov_coalition_game,7,,5;20,20,,{},"{""20"": 13915}",0,0.0,10,40.0,60.0,20.0,250000,480944,249984,4.0,sgcp-density-cap,1,ns3,899,0.5,10,12,28,,,[],[],,,23,32,
2026_07_29_02_32_08,000090,1,all-cluster-heads,docs\doc_workspace\SGCP\artifacts\early_from_late_checkpoint_20260719\enable_coperception_early_from_attentive.yaml,dynamic_cv,grid,utility,utility,none,0,0,,potential_verified_cov_coalition_game,7,,1;2;8;11,1;2;11,2;11,"{""2"": 16, ""11"": 16}","{""1"": 13964, ""2"": 2233, ""11"": 3165}",86368,28.164627363737484,10,40.0,60.0,20.0,250000,477984,249840,4.0,sgcp-density-cap,1,ns3,899,0.5,10,12,28,,,[],[],2>1:8;11>1:0,,25,49,
2026_07_29_02_32_08,000090,10,all-cluster-heads,docs\doc_workspace\SGCP\artifacts\early_from_late_checkpoint_20260719\enable_coperception_early_from_attentive.yaml,dynamic_cv,grid,utility,utility,none,0,0,,potential_verified_cov_coalition_game,7,,9;10,10;9,9,"{""9"": 16}","{""9"": 2491, ""10"": 13989}",39856,22.166852057842046,10,40.0,60.0,20.0,250000,477984,249840,4.0,sgcp-density-cap,1,ns3,899,0.5,10,12,28,,,[],[],9>10:1,,23,39,
2026_07_29_02_32_08,000090,12,all-cluster-heads,docs\doc_workspace\SGCP\artifacts\early_from_late_checkpoint_20260719\enable_coperception_early_from_attentive.yaml,dynamic_cv,grid,utility,utility,none,0,0,,potential_verified_cov_coalition_game,7,,4;7;12,12;7,7,"{""7"": 16}","{""7"": 3478, ""12"": 14081}",55648,30.949944382647384,10,40.0,60.0,20.0,250000,477984,249840,4.0,sgcp-density-cap,1,ns3,899,0.5,10,12,28,,,[],[],7>12:2,,16,42,
2026_07_29_02_32_08,000090,13,all-cluster-heads,docs\doc_workspace\SGCP\artifacts\early_from_late_checkpoint_20260719\enable_coperception_early_from_attentive.yaml,dynamic_cv,grid,utility,utility,none,0,0,,potential_verified_cov_coalition_game,7,,13;14;19,13;14;19,14;19,"{""14"": 11, ""19"": 1}","{""13"": 13587, ""14"": 4146, ""19"": 102}",67968,36.89432703003337,10,40.0,60.0,20.0,250000,477984,249840,4.0,sgcp-density-cap,1,ns3,899,0.5,10,12,28,,,[],[],14>13:3;19>13:9,,3,27,
2026_07_29_02_32_08,000090,15,all-cluster-heads,docs\doc_workspace\SGCP\artifacts\early_from_late_checkpoint_20260719\enable_coperception_early_from_attentive.yaml,dynamic_cv,grid,utility,utility,none,0,0,,potential_verified_cov_coalition_game,7,,6;15,15,,{},"{""15"": 13534}",0,0.0,10,40.0,60.0,20.0,250000,477984,249840,4.0,sgcp-density-cap,1,ns3,899,0.5,10,12,28,,,[],[],,,16,22,
2026_07_29_02_32_08,000090,17,all-cluster-heads,docs\doc_workspace\SGCP\artifacts\early_from_late_checkpoint_20260719\enable_coperception_early_from_attentive.yaml,dynamic_cv,grid,utility,utility,none,0,0,,potential_verified_cov_coalition_game,7,,3;16;17;18,17,,{},"{""17"": 14164}",0,0.0,10,40.0,60.0,20.0,250000,477984,249840,4.0,sgcp-density-cap,1,ns3,899,0.5,10,12,28,,,[],[],,,11,21,
2026_07_29_02_32_08,000090,20,all-cluster-heads,docs\doc_workspace\SGCP\artifacts\early_from_late_checkpoint_20260719\enable_coperception_early_from_attentive.yaml,dynamic_cv,grid,utility,utility,none,0,0,,potential_verified_cov_coalition_game,7,,5;20,20,,{},"{""20"": 13914}",0,0.0,10,40.0,60.0,20.0,250000,477984,249840,4.0,sgcp-density-cap,1,ns3,899,0.5,10,12,28,,,[],[],,,20,32,
2026_07_29_02_32_08,000092,1,all-cluster-heads,docs\doc_workspace\SGCP\artifacts\early_from_late_checkpoint_20260719\enable_coperception_early_from_attentive.yaml,dynamic_cv,grid,utility,utility,none,0,0,,potential_verified_cov_coalition_game,7,,1;2;8;11,1;2;11,2;11,"{""2"": 16, ""11"": 16}","{""1"": 13964, ""2"": 2207, ""11"": 3155}",85792,28.07563959955506,10,40.0,60.0,20.0,250000,478336,250000,4.0,sgcp-density-cap,1,ns3,899,0.5,10,12,28,,,[],[],2>1:9;11>1:0,,24,48,
2026_07_29_02_32_08,000092,10,all-cluster-heads,docs\doc_workspace\SGCP\artifacts\early_from_late_checkpoint_20260719\enable_coperception_early_from_attentive.yaml,dynamic_cv,grid,utility,utility,none,0,0,,potential_verified_cov_coalition_game,7,,9;10,10;9,9,"{""9"": 16}","{""9"": 2494, ""10"": 13986}",39904,22.193548387096776,10,40.0,60.0,20.0,250000,478336,250000,4.0,sgcp-density-cap,1,ns3,899,0.5,10,12,28,,,[],[],9>10:1,,21,39,
2026_07_29_02_32_08,000092,12,all-cluster-heads,docs\doc_workspace\SGCP\artifacts\early_from_late_checkpoint_20260719\enable_coperception_early_from_attentive.yaml,dynamic_cv,grid,utility,utility,none,0,0,,potential_verified_cov_coalition_game,7,,4;7;12,12;7,7,"{""7"": 16}","{""7"": 3475, ""12"": 14115}",55600,30.92324805339266,10,40.0,60.0,20.0,250000,478336,250000,4.0,sgcp-density-cap,1,ns3,899,0.5,10,12,28,,,[],[],7>12:2,,15,44,
2026_07_29_02_32_08,000092,13,all-cluster-heads,docs\doc_workspace\SGCP\artifacts\early_from_late_checkpoint_20260719\enable_coperception_early_from_attentive.yaml,dynamic_cv,grid,utility,utility,none,0,0,,potential_verified_cov_coalition_game,7,,13;14;19,13;14;19,14;19,"{""14"": 12, ""19"": 1}","{""13"": 13577, ""14"": 4237, ""19"": 57}",68704,37.70411568409344,10,40.0,60.0,20.0,250000,478336,250000,4.0,sgcp-density-cap,1,ns3,899,0.5,10,12,28,,,[],[],14>13:3;19>13:8,,4,27,
2026_07_29_02_32_08,000092,15,all-cluster-heads,docs\doc_workspace\SGCP\artifacts\early_from_late_checkpoint_20260719\enable_coperception_early_from_attentive.yaml,dynamic_cv,grid,utility,utility,none,0,0,,potential_verified_cov_coalition_game,7,,6;15,15,,{},"{""15"": 13570}",0,0.0,10,40.0,60.0,20.0,250000,478336,250000,4.0,sgcp-density-cap,1,ns3,899,0.5,10,12,28,,,[],[],,,17,22,
2026_07_29_02_32_08,000092,17,all-cluster-heads,docs\doc_workspace\SGCP\artifacts\early_from_late_checkpoint_20260719\enable_coperception_early_from_attentive.yaml,dynamic_cv,grid,utility,utility,none,0,0,,potential_verified_cov_coalition_game,7,,3;16;17;18,17,,{},"{""17"": 14182}",0,0.0,10,40.0,60.0,20.0,250000,478336,250000,4.0,sgcp-density-cap,1,ns3,899,0.5,10,12,28,,,[],[],,,13,20,
2026_07_29_02_32_08,000092,20,all-cluster-heads,docs\doc_workspace\SGCP\artifacts\early_from_late_checkpoint_20260719\enable_coperception_early_from_attentive.yaml,dynamic_cv,grid,utility,utility,none,0,0,,potential_verified_cov_coalition_game,7,,5;20,20,,{},"{""20"": 13912}",0,0.0,10,40.0,60.0,20.0,250000,478336,250000,4.0,sgcp-density-cap,1,ns3,899,0.5,10,12,28,,,[],[],,,23,33,
2026_07_29_02_32_08,000094,1,all-cluster-heads,docs\doc_workspace\SGCP\artifacts\early_from_late_checkpoint_20260719\enable_coperception_early_from_attentive.yaml,dynamic_cv,grid,utility,utility,none,0,0,,potential_verified_cov_coalition_game,7,,1;2;8;11,1;2;11,2;11,"{""2"": 16, ""11"": 16}","{""1"": 13962, ""2"": 2241, ""11"": 3117}",85728,27.737486095661843,10,40.0,60.0,20.0,250000,481392,249984,4.0,sgcp-density-cap,1,ns3,899,0.5,10,12,28,,,[],[],2>1:9;11>1:0,,24,48,
2026_07_29_02_32_08,000094,10,all-cluster-heads,docs\doc_workspace\SGCP\artifacts\early_from_late_checkpoint_20260719\enable_coperception_early_from_attentive.yaml,dynamic_cv,grid,utility,utility,none,0,0,,potential_verified_cov_coalition_game,7,,9;10,10;9,9,"{""9"": 16}","{""9"": 2494, ""10"": 13987}",39904,22.193548387096776,10,40.0,60.0,20.0,250000,481392,249984,4.0,sgcp-density-cap,1,ns3,899,0.5,10,12,28,,,[],[],9>10:1,,22,40,
2026_07_29_02_32_08,000094,12,all-cluster-heads,docs\doc_workspace\SGCP\artifacts\early_from_late_checkpoint_20260719\enable_coperception_early_from_attentive.yaml,dynamic_cv,grid,utility,utility,none,0,0,,potential_verified_cov_coalition_game,7,,4;7;12,12;7,7,"{""7"": 16}","{""7"": 3520, ""12"": 14132}",56320,31.32369299221357,10,40.0,60.0,20.0,250000,481392,249984,4.0,sgcp-density-cap,1,ns3,899,0.5,10,12,28,,,[],[],7>12:2,,16,42,
2026_07_29_02_32_08,000094,13,all-cluster-heads,docs\doc_workspace\SGCP\artifacts\early_from_late_checkpoint_20260719\enable_coperception_early_from_attentive.yaml,dynamic_cv,grid,utility,utility,none,0,0,,potential_verified_cov_coalition_game,7,,13;14;19,13;14;19,14;19,"{""14"": 12, ""19"": 1}","{""13"": 13577, ""14"": 4144, ""19"": 108}",68032,36.87652947719688,10,40.0,60.0,20.0,250000,481392,249984,4.0,sgcp-density-cap,1,ns3,899,0.5,10,12,28,,,[],[],14>13:3;19>13:8,,3,26,
2026_07_29_02_32_08,000094,15,all-cluster-heads,docs\doc_workspace\SGCP\artifacts\early_from_late_checkpoint_20260719\enable_coperception_early_from_attentive.yaml,dynamic_cv,grid,utility,utility,none,0,0,,potential_verified_cov_coalition_game,7,,6;15,15,,{},"{""15"": 13568}",0,0.0,10,40.0,60.0,20.0,250000,481392,249984,4.0,sgcp-density-cap,1,ns3,899,0.5,10,12,28,,,[],[],,,17,24,
2026_07_29_02_32_08,000094,17,all-cluster-heads,docs\doc_workspace\SGCP\artifacts\early_from_late_checkpoint_20260719\enable_coperception_early_from_attentive.yaml,dynamic_cv,grid,utility,utility,none,0,0,,potential_verified_cov_coalition_game,7,,3;16;17;18,17,,{},"{""17"": 14181}",0,0.0,10,40.0,60.0,20.0,250000,481392,249984,4.0,sgcp-density-cap,1,ns3,899,0.5,10,12,28,,,[],[],,,12,20,
2026_07_29_02_32_08,000094,20,all-cluster-heads,docs\doc_workspace\SGCP\artifacts\early_from_late_checkpoint_20260719\enable_coperception_early_from_attentive.yaml,dynamic_cv,grid,utility,utility,none,0,0,,potential_verified_cov_coalition_game,7,,5;20,20,,{},"{""20"": 13905}",0,0.0,10,40.0,60.0,20.0,250000,481392,249984,4.0,sgcp-density-cap,1,ns3,899,0.5,10,12,28,,,[],[],,,22,33,
2026_07_29_02_32_08,000096,1,all-cluster-heads,docs\doc_workspace\SGCP\artifacts\early_from_late_checkpoint_20260719\enable_coperception_early_from_attentive.yaml,dynamic_cv,grid,utility,utility,none,0,0,,potential_verified_cov_coalition_game,7,,1;2;8;11,1;2;11,2;11,"{""2"": 16, ""11"": 16}","{""1"": 13962, ""2"": 2240, ""11"": 3115}",85680,27.71968854282536,10,40.0,60.0,20.0,250000,481072,250000,4.0,sgcp-density-cap,1,ns3,899,0.5,10,12,28,,,[],[],2>1:9;11>1:0,,25,48,
2026_07_29_02_32_08,000096,10,all-cluster-heads,docs\doc_workspace\SGCP\artifacts\early_from_late_checkpoint_20260719\enable_coperception_early_from_attentive.yaml,dynamic_cv,grid,utility,utility,none,0,0,,potential_verified_cov_coalition_game,7,,9;10,10;9,9,"{""9"": 16}","{""9"": 2493, ""10"": 13986}",39888,22.184649610678534,10,40.0,60.0,20.0,250000,481072,250000,4.0,sgcp-density-cap,1,ns3,899,0.5,10,12,28,,,[],[],9>10:1,,23,40,
2026_07_29_02_32_08,000096,12,all-cluster-heads,docs\doc_workspace\SGCP\artifacts\early_from_late_checkpoint_20260719\enable_coperception_early_from_attentive.yaml,dynamic_cv,grid,utility,utility,none,0,0,,potential_verified_cov_coalition_game,7,,4;7;12,12;7,7,"{""7"": 16}","{""7"": 3494, ""12"": 14132}",55904,31.092324805339263,10,40.0,60.0,20.0,250000,481072,250000,4.0,sgcp-density-cap,1,ns3,899,0.5,10,12,28,,,[],[],7>12:2,,16,42,
2026_07_29_02_32_08,000096,13,all-cluster-heads,docs\doc_workspace\SGCP\artifacts\early_from_late_checkpoint_20260719\enable_coperception_early_from_attentive.yaml,dynamic_cv,grid,utility,utility,none,0,0,,potential_verified_cov_coalition_game,7,,13;14;19,13;14,14,"{""14"": 13}","{""13"": 13525, ""14"": 4283}",68528,38.11345939933259,10,40.0,60.0,20.0,250000,481072,250000,4.0,sgcp-density-cap,1,ns3,899,0.5,10,12,28,,,[],[],14>13:3,,2,14,
2026_07_29_02_32_08,000096,15,all-cluster-heads,docs\doc_workspace\SGCP\artifacts\early_from_late_checkpoint_20260719\enable_coperception_early_from_attentive.yaml,dynamic_cv,grid,utility,utility,none,0,0,,potential_verified_cov_coalition_game,7,,6;15,15,,{},"{""15"": 13554}",0,0.0,10,40.0,60.0,20.0,250000,481072,250000,4.0,sgcp-density-cap,1,ns3,899,0.5,10,12,28,,,[],[],,,16,24,
2026_07_29_02_32_08,000096,17,all-cluster-heads,docs\doc_workspace\SGCP\artifacts\early_from_late_checkpoint_20260719\enable_coperception_early_from_attentive.yaml,dynamic_cv,grid,utility,utility,none,0,0,,potential_verified_cov_coalition_game,7,,3;16;17;18,17,,{},"{""17"": 14183}",0,0.0,10,40.0,60.0,20.0,250000,481072,250000,4.0,sgcp-density-cap,1,ns3,899,0.5,10,12,28,,,[],[],,,13,21,
2026_07_29_02_32_08,000096,20,all-cluster-heads,docs\doc_workspace\SGCP\artifacts\early_from_late_checkpoint_20260719\enable_coperception_early_from_attentive.yaml,dynamic_cv,grid,utility,utility,none,0,0,,potential_verified_cov_coalition_game,7,,5;20,20,,{},"{""20"": 13901}",0,0.0,10,40.0,60.0,20.0,250000,481072,250000,4.0,sgcp-density-cap,1,ns3,899,0.5,10,12,28,,,[],[],,,21,33,
2026_07_29_02_32_08,000098,1,all-cluster-heads,docs\doc_workspace\SGCP\artifacts\early_from_late_checkpoint_20260719\enable_coperception_early_from_attentive.yaml,dynamic_cv,grid,utility,utility,none,0,0,,potential_verified_cov_coalition_game,7,,1;2;8;11,1;2;11,2;11,"{""2"": 16, ""11"": 16}","{""1"": 13964, ""2"": 2239, ""11"": 3117}",85696,27.737486095661843,10,40.0,60.0,20.0,250000,482880,249792,4.0,sgcp-density-cap,1,ns3,899,0.5,10,12,28,,,[],[],2>1:9;11>1:0,,25,48,
2026_07_29_02_32_08,000098,10,all-cluster-heads,docs\doc_workspace\SGCP\artifacts\early_from_late_checkpoint_20260719\enable_coperception_early_from_attentive.yaml,dynamic_cv,grid,utility,utility,none,0,0,,potential_verified_cov_coalition_game,7,,9;10,10;9,9,"{""9"": 16}","{""9"": 2491, ""10"": 13986}",39856,22.166852057842046,10,40.0,60.0,20.0,250000,482880,249792,4.0,sgcp-density-cap,1,ns3,899,0.5,10,12,28,,,[],[],9>10:1,,23,40,
2026_07_29_02_32_08,000098,12,all-cluster-heads,docs\doc_workspace\SGCP\artifacts\early_from_late_checkpoint_20260719\enable_coperception_early_from_attentive.yaml,dynamic_cv,grid,utility,utility,none,0,0,,potential_verified_cov_coalition_game,7,,4;7;12,12;7,7,"{""7"": 16}","{""7"": 3511, ""12"": 14159}",56176,31.243604004449388,10,40.0,60.0,20.0,250000,482880,249792,4.0,sgcp-density-cap,1,ns3,899,0.5,10,12,28,,,[],[],7>12:2,,14,41,
2026_07_29_02_32_08,000098,13,all-cluster-heads,docs\doc_workspace\SGCP\artifacts\early_from_late_checkpoint_20260719\enable_coperception_early_from_attentive.yaml,dynamic_cv,grid,utility,utility,none,0,0,,potential_verified_cov_coalition_game,7,,13;14;19,13;14;19,14;19,"{""14"": 12, ""19"": 1}","{""13"": 13562, ""14"": 4152, ""19"": 102}",68064,36.947719688542826,10,40.0,60.0,20.0,250000,482880,249792,4.0,sgcp-density-cap,1,ns3,899,0.5,10,12,28,,,[],[],14>13:3;19>13:8,,3,26,
2026_07_29_02_32_08,000098,15,all-cluster-heads,docs\doc_workspace\SGCP\artifacts\early_from_late_checkpoint_20260719\enable_coperception_early_from_attentive.yaml,dynamic_cv,grid,utility,utility,none,0,0,,potential_verified_cov_coalition_game,7,,6;15,15,,{},"{""15"": 13584}",0,0.0,10,40.0,60.0,20.0,250000,482880,249792,4.0,sgcp-density-cap,1,ns3,899,0.5,10,12,28,,,[],[],,,16,23,
2026_07_29_02_32_08,000098,17,all-cluster-heads,docs\doc_workspace\SGCP\artifacts\early_from_late_checkpoint_20260719\enable_coperception_early_from_attentive.yaml,dynamic_cv,grid,utility,utility,none,0,0,,potential_verified_cov_coalition_game,7,,3;16;17;18,17,,{},"{""17"": 14193}",0,0.0,10,40.0,60.0,20.0,250000,482880,249792,4.0,sgcp-density-cap,1,ns3,899,0.5,10,12,28,,,[],[],,,13,22,
2026_07_29_02_32_08,000098,20,all-cluster-heads,docs\doc_workspace\SGCP\artifacts\early_from_late_checkpoint_20260719\enable_coperception_early_from_attentive.yaml,dynamic_cv,grid,utility,utility,none,0,0,,potential_verified_cov_coalition_game,7,,5;20,20,,{},"{""20"": 13901}",0,0.0,10,40.0,60.0,20.0,250000,482880,249792,4.0,sgcp-density-cap,1,ns3,899,0.5,10,12,28,,,[],[],,,23,32,
2026_07_29_02_32_08,000100,1,all-cluster-heads,docs\doc_workspace\SGCP\artifacts\early_from_late_checkpoint_20260719\enable_coperception_early_from_attentive.yaml,dynamic_cv,grid,utility,utility,none,0,0,,potential_verified_cov_coalition_game,7,,1;2;8;11,1;2;11,2;11,"{""2"": 16, ""11"": 16}","{""1"": 13960, ""2"": 2226, ""11"": 3123}",85584,27.7908787541713,10,40.0,60.0,20.0,250000,484304,249808,4.0,sgcp-density-cap,1,ns3,899,0.5,10,12,28,,,[],[],2>1:9;11>1:0,,24,48,
2026_07_29_02_32_08,000100,10,all-cluster-heads,docs\doc_workspace\SGCP\artifacts\early_from_late_checkpoint_20260719\enable_coperception_early_from_attentive.yaml,dynamic_cv,grid,utility,utility,none,0,0,,potential_verified_cov_coalition_game,7,,9;10,10;9,9,"{""9"": 16}","{""9"": 2489, ""10"": 13984}",39824,22.149054505005562,10,40.0,60.0,20.0,250000,484304,249808,4.0,sgcp-density-cap,1,ns3,899,0.5,10,12,28,,,[],[],9>10:1,,22,38,
2026_07_29_02_32_08,000100,12,all-cluster-heads,docs\doc_workspace\SGCP\artifacts\early_from_late_checkpoint_20260719\enable_coperception_early_from_attentive.yaml,dynamic_cv,grid,utility,utility,none,0,0,,potential_verified_cov_coalition_game,7,,4;7;12,12;7,7,"{""7"": 16}","{""7"": 3555, ""12"": 14139}",56880,31.63515016685206,10,40.0,60.0,20.0,250000,484304,249808,4.0,sgcp-density-cap,1,ns3,899,0.5,10,12,28,,,[],[],7>12:2,,16,39,
2026_07_29_02_32_08,000100,13,all-cluster-heads,docs\doc_workspace\SGCP\artifacts\early_from_late_checkpoint_20260719\enable_coperception_early_from_attentive.yaml,dynamic_cv,grid,utility,utility,none,0,0,,potential_verified_cov_coalition_game,7,,13;14;19,13;14,14,"{""14"": 12}","{""13"": 13544, ""14"": 4220}",67520,37.55283648498332,10,40.0,60.0,20.0,250000,484304,249808,4.0,sgcp-density-cap,1,ns3,899,0.5,10,12,28,,,[],[],14>13:3,,4,16,
2026_07_29_02_32_08,000100,15,all-cluster-heads,docs\doc_workspace\SGCP\artifacts\early_from_late_checkpoint_20260719\enable_coperception_early_from_attentive.yaml,dynamic_cv,grid,utility,utility,none,0,0,,potential_verified_cov_coalition_game,7,,6;15,15,,{},"{""15"": 13585}",0,0.0,10,40.0,60.0,20.0,250000,484304,249808,4.0,sgcp-density-cap,1,ns3,899,0.5,10,12,28,,,[],[],,,15,25,
2026_07_29_02_32_08,000100,17,all-cluster-heads,docs\doc_workspace\SGCP\artifacts\early_from_late_checkpoint_20260719\enable_coperception_early_from_attentive.yaml,dynamic_cv,grid,utility,utility,none,0,0,,potential_verified_cov_coalition_game,7,,3;16;17;18,17,,{},"{""17"": 14181}",0,0.0,10,40.0,60.0,20.0,250000,484304,249808,4.0,sgcp-density-cap,1,ns3,899,0.5,10,12,28,,,[],[],,,12,20,
2026_07_29_02_32_08,000100,20,all-cluster-heads,docs\doc_workspace\SGCP\artifacts\early_from_late_checkpoint_20260719\enable_coperception_early_from_attentive.yaml,dynamic_cv,grid,utility,utility,none,0,0,,potential_verified_cov_coalition_game,7,,5;20,20,,{},"{""20"": 13900}",0,0.0,10,40.0,60.0,20.0,250000,484304,249808,4.0,sgcp-density-cap,1,ns3,899,0.5,10,12,28,,,[],[],,,23,33,
2026_07_29_02_32_08,000102,1,all-cluster-heads,docs\doc_workspace\SGCP\artifacts\early_from_late_checkpoint_20260719\enable_coperception_early_from_attentive.yaml,dynamic_cv,grid,utility,utility,none,0,0,,potential_verified_cov_coalition_game,7,,1;2;8;11,1;2;11,2;11,"{""2"": 16, ""11"": 16}","{""1"": 13962, ""2"": 2190, ""11"": 3126}",85056,27.817575083426032,10,40.0,60.0,20.0,250000,483008,249856,4.0,sgcp-density-cap,1,ns3,899,0.5,10,12,28,,,[],[],2>1:9;11>1:0,,25,48,
2026_07_29_02_32_08,000102,10,all-cluster-heads,docs\doc_workspace\SGCP\artifacts\early_from_late_checkpoint_20260719\enable_coperception_early_from_attentive.yaml,dynamic_cv,grid,utility,utility,none,0,0,,potential_verified_cov_coalition_game,7,,9;10,10;9,9,"{""9"": 16}","{""9"": 2488, ""10"": 13984}",39808,22.14015572858732,10,40.0,60.0,20.0,250000,483008,249856,4.0,sgcp-density-cap,1,ns3,899,0.5,10,12,28,,,[],[],9>10:1,,22,38,
2026_07_29_02_32_08,000102,12,all-cluster-heads,docs\doc_workspace\SGCP\artifacts\early_from_late_checkpoint_20260719\enable_coperception_early_from_attentive.yaml,dynamic_cv,grid,utility,utility,none,0,0,,potential_verified_cov_coalition_game,7,,4;7;12,12;7,7,"{""7"": 16}","{""7"": 3550, ""12"": 14169}",56800,31.590656284760847,10,40.0,60.0,20.0,250000,483008,249856,4.0,sgcp-density-cap,1,ns3,899,0.5,10,12,28,,,[],[],7>12:2,,13,37,
2026_07_29_02_32_08,000102,13,all-cluster-heads,docs\doc_workspace\SGCP\artifacts\early_from_late_checkpoint_20260719\enable_coperception_early_from_attentive.yaml,dynamic_cv,grid,utility,utility,none,0,0,,potential_verified_cov_coalition_game,7,,13;14;19,13;14,14,"{""14"": 12}","{""13"": 13542, ""14"": 4262}",68192,37.9265850945495,10,40.0,60.0,20.0,250000,483008,249856,4.0,sgcp-density-cap,1,ns3,899,0.5,10,12,28,,,[],[],14>13:3,,3,15,
2026_07_29_02_32_08,000102,15,all-cluster-heads,docs\doc_workspace\SGCP\artifacts\early_from_late_checkpoint_20260719\enable_coperception_early_from_attentive.yaml,dynamic_cv,grid,utility,utility,none,0,0,,potential_verified_cov_coalition_game,7,,6;15,15,,{},"{""15"": 13594}",0,0.0,10,40.0,60.0,20.0,250000,483008,249856,4.0,sgcp-density-cap,1,ns3,899,0.5,10,12,28,,,[],[],,,16,25,
2026_07_29_02_32_08,000102,17,all-cluster-heads,docs\doc_workspace\SGCP\artifacts\early_from_late_checkpoint_20260719\enable_coperception_early_from_attentive.yaml,dynamic_cv,grid,utility,utility,none,0,0,,potential_verified_cov_coalition_game,7,,3;16;17;18,17,,{},"{""17"": 14188}",0,0.0,10,40.0,60.0,20.0,250000,483008,249856,4.0,sgcp-density-cap,1,ns3,899,0.5,10,12,28,,,[],[],,,12,21,
2026_07_29_02_32_08,000102,20,all-cluster-heads,docs\doc_workspace\SGCP\artifacts\early_from_late_checkpoint_20260719\enable_coperception_early_from_attentive.yaml,dynamic_cv,grid,utility,utility,none,0,0,,potential_verified_cov_coalition_game,7,,5;20,20,,{},"{""20"": 13900}",0,0.0,10,40.0,60.0,20.0,250000,483008,249856,4.0,sgcp-density-cap,1,ns3,899,0.5,10,12,28,,,[],[],,,22,33,
2026_07_29_02_32_08,000104,1,all-cluster-heads,docs\doc_workspace\SGCP\artifacts\early_from_late_checkpoint_20260719\enable_coperception_early_from_attentive.yaml,dynamic_cv,grid,utility,utility,none,0,0,,potential_verified_cov_coalition_game,7,,1;2;8;11,1;2;11,2;11,"{""2"": 16, ""11"": 16}","{""1"": 13965, ""2"": 2143, ""11"": 3126}",84304,27.817575083426032,10,40.0,60.0,20.0,250000,493360,249936,4.0,sgcp-density-cap,1,ns3,899,0.5,10,12,28,,,[],[],2>1:9;11>1:0,,24,48,
2026_07_29_02_32_08,000104,10,all-cluster-heads,docs\doc_workspace\SGCP\artifacts\early_from_late_checkpoint_20260719\enable_coperception_early_from_attentive.yaml,dynamic_cv,grid,utility,utility,none,0,0,,potential_verified_cov_coalition_game,7,,9;10,10;9,9,"{""9"": 16}","{""9"": 2485, ""10"": 13985}",39760,22.113459399332594,10,40.0,60.0,20.0,250000,493360,249936,4.0,sgcp-density-cap,1,ns3,899,0.5,10,12,28,,,[],[],9>10:1,,22,38,
2026_07_29_02_32_08,000104,12,all-cluster-heads,docs\doc_workspace\SGCP\artifacts\early_from_late_checkpoint_20260719\enable_coperception_early_from_attentive.yaml,dynamic_cv,grid,utility,utility,none,0,0,,potential_verified_cov_coalition_game,7,,4;7;12,12;7,7,"{""7"": 16}","{""7"": 3570, ""12"": 14167}",57120,31.768631813125698,10,40.0,60.0,20.0,250000,493360,249936,4.0,sgcp-density-cap,1,ns3,899,0.5,10,12,28,,,[],[],7>12:2,,15,37,
2026_07_29_02_32_08,000104,13,all-cluster-heads,docs\doc_workspace\SGCP\artifacts\early_from_late_checkpoint_20260719\enable_coperception_early_from_attentive.yaml,dynamic_cv,grid,utility,utility,none,0,0,,potential_verified_cov_coalition_game,7,,13;14;19,13;14,14,"{""14"": 12}","{""13"": 13509, ""14"": 4250}",68000,37.81979977753059,10,40.0,60.0,20.0,250000,493360,249936,4.0,sgcp-density-cap,1,ns3,899,0.5,10,12,28,,,[],[],14>13:3,,3,15,
2026_07_29_02_32_08,000104,15,all-cluster-heads,docs\doc_workspace\SGCP\artifacts\early_from_late_checkpoint_20260719\enable_coperception_early_from_attentive.yaml,dynamic_cv,grid,utility,utility,none,0,0,,potential_verified_cov_coalition_game,7,,6;15,15,,{},"{""15"": 13579}",0,0.0,10,40.0,60.0,20.0,250000,493360,249936,4.0,sgcp-density-cap,1,ns3,899,0.5,10,12,28,,,[],[],,,16,25,
2026_07_29_02_32_08,000104,17,all-cluster-heads,docs\doc_workspace\SGCP\artifacts\early_from_late_checkpoint_20260719\enable_coperception_early_from_attentive.yaml,dynamic_cv,grid,utility,utility,none,0,0,,potential_verified_cov_coalition_game,7,,3;16;17;18,17,,{},"{""17"": 14180}",0,0.0,10,40.0,60.0,20.0,250000,493360,249936,4.0,sgcp-density-cap,1,ns3,899,0.5,10,12,28,,,[],[],,,13,21,
2026_07_29_02_32_08,000104,20,all-cluster-heads,docs\doc_workspace\SGCP\artifacts\early_from_late_checkpoint_20260719\enable_coperception_early_from_attentive.yaml,dynamic_cv,grid,utility,utility,none,0,0,,potential_verified_cov_coalition_game,7,,5;20,20;5,5,"{""5"": 1}","{""5"": 47, ""20"": 13895}",752,0.41824249165739713,10,40.0,60.0,20.0,250000,493360,249936,4.0,sgcp-density-cap,1,ns3,899,0.5,10,12,28,,,[],[],5>20:6,,22,36,
2026_07_29_02_32_08,000106,11,all-cluster-heads,docs\doc_workspace\SGCP\artifacts\early_from_late_checkpoint_20260719\enable_coperception_early_from_attentive.yaml,dynamic_cv,grid,utility,utility,none,0,0,,potential_verified_cov_coalition_game,6,,1;2;11;19,11;2;19,2;19,"{""2"": 16, ""19"": 16}","{""2"": 2739, ""11"": 13864, ""19"": 3641}",102080,32.40044493882091,10,40.0,60.0,20.0,250000,529600,249552,4.0,sgcp-density-cap,1,ns3,899,0.5,10,12,28,,,[],[],2>11:8;19>11:0,,29,49,
2026_07_29_02_32_08,000106,12,all-cluster-heads,docs\doc_workspace\SGCP\artifacts\early_from_late_checkpoint_20260719\enable_coperception_early_from_attentive.yaml,dynamic_cv,grid,utility,utility,none,0,0,,potential_verified_cov_coalition_game,6,,4;7;8;12,12;7;8,7;8,"{""7"": 16, ""8"": 16}","{""7"": 3618, ""8"": 2046, ""12"": 14191}",90624,32.19577308120133,10,40.0,60.0,20.0,250000,529600,249552,4.0,sgcp-density-cap,1,ns3,899,0.5,10,12,28,,,[],[],7>12:1;8>12:9,,20,53,
2026_07_29_02_32_08,000106,13,all-cluster-heads,docs\doc_workspace\SGCP\artifacts\early_from_late_checkpoint_20260719\enable_coperception_early_from_attentive.yaml,dynamic_cv,grid,utility,utility,none,0,0,,potential_verified_cov_coalition_game,6,,9;10;13;14,13;14,14,"{""14"": 9}","{""13"": 13477, ""14"": 3553}",56848,31.617352614015577,10,40.0,60.0,20.0,250000,529600,249552,4.0,sgcp-density-cap,1,ns3,899,0.5,10,12,28,,,[],[],14>13:2,,4,14,
2026_07_29_02_32_08,000106,15,all-cluster-heads,docs\doc_workspace\SGCP\artifacts\early_from_late_checkpoint_20260719\enable_coperception_early_from_attentive.yaml,dynamic_cv,grid,utility,utility,none,0,0,,potential_verified_cov_coalition_game,6,,6;15,15,,{},"{""15"": 13589}",0,0.0,10,40.0,60.0,20.0,250000,529600,249552,4.0,sgcp-density-cap,1,ns3,899,0.5,10,12,28,,,[],[],,,16,25,
2026_07_29_02_32_08,000106,17,all-cluster-heads,docs\doc_workspace\SGCP\artifacts\early_from_late_checkpoint_20260719\enable_coperception_early_from_attentive.yaml,dynamic_cv,grid,utility,utility,none,0,0,,potential_verified_cov_coalition_game,6,,3;16;17;18,17,,{},"{""17"": 14174}",0,0.0,10,40.0,60.0,20.0,250000,529600,249552,4.0,sgcp-density-cap,1,ns3,899,0.5,10,12,28,,,[],[],,,13,21,
2026_07_29_02_32_08,000106,20,all-cluster-heads,docs\doc_workspace\SGCP\artifacts\early_from_late_checkpoint_20260719\enable_coperception_early_from_attentive.yaml,dynamic_cv,grid,utility,utility,none,0,0,,potential_verified_cov_coalition_game,6,,5;20,20,,{},"{""20"": 13893}",0,0.0,10,40.0,60.0,20.0,250000,529600,249552,4.0,sgcp-density-cap,1,ns3,899,0.5,10,12,28,,,[],[],,,22,32,
2026_07_29_02_32_08,000108,11,all-cluster-heads,docs\doc_workspace\SGCP\artifacts\early_from_late_checkpoint_20260719\enable_coperception_early_from_attentive.yaml,dynamic_cv,grid,utility,utility,none,0,0,,potential_verified_cov_coalition_game,6,,1;2;11;19,11;2;19,2;19,"{""2"": 16, ""19"": 16}","{""2"": 2728, ""11"": 13866, ""19"": 3640}",101888,32.39154616240267,10,40.0,60.0,20.0,250000,531456,249280,4.0,sgcp-density-cap,1,ns3,899,0.5,10,12,28,,,[],[],2>11:8;19>11:0,,28,49,
2026_07_29_02_32_08,000108,12,all-cluster-heads,docs\doc_workspace\SGCP\artifacts\early_from_late_checkpoint_20260719\enable_coperception_early_from_attentive.yaml,dynamic_cv,grid,utility,utility,none,0,0,,potential_verified_cov_coalition_game,6,,4;7;8;12,12;7;8,7;8,"{""7"": 16, ""8"": 16}","{""7"": 3679, ""8"": 2067, ""12"": 14221}",91936,32.73859844271413,10,40.0,60.0,20.0,250000,531456,249280,4.0,sgcp-density-cap,1,ns3,899,0.5,10,12,28,,,[],[],7>12:1;8>12:9,,20,54,
2026_07_29_02_32_08,000108,13,all-cluster-heads,docs\doc_workspace\SGCP\artifacts\early_from_late_checkpoint_20260719\enable_coperception_early_from_attentive.yaml,dynamic_cv,grid,utility,utility,none,0,0,,potential_verified_cov_coalition_game,6,,9;10;13;14,13;14,14,"{""14"": 9}","{""13"": 13485, ""14"": 3466}",55456,30.843159065628477,10,40.0,60.0,20.0,250000,531456,249280,4.0,sgcp-density-cap,1,ns3,899,0.5,10,12,28,,,[],[],14>13:2,,0,14,
2026_07_29_02_32_08,000108,15,all-cluster-heads,docs\doc_workspace\SGCP\artifacts\early_from_late_checkpoint_20260719\enable_coperception_early_from_attentive.yaml,dynamic_cv,grid,utility,utility,none,0,0,,potential_verified_cov_coalition_game,6,,6;15,15,,{},"{""15"": 13579}",0,0.0,10,40.0,60.0,20.0,250000,531456,249280,4.0,sgcp-density-cap,1,ns3,899,0.5,10,12,28,,,[],[],,,17,24,
2026_07_29_02_32_08,000108,17,all-cluster-heads,docs\doc_workspace\SGCP\artifacts\early_from_late_checkpoint_20260719\enable_coperception_early_from_attentive.yaml,dynamic_cv,grid,utility,utility,none,0,0,,potential_verified_cov_coalition_game,6,,3;16;17;18,17,,{},"{""17"": 14203}",0,0.0,10,40.0,60.0,20.0,250000,531456,249280,4.0,sgcp-density-cap,1,ns3,899,0.5,10,12,28,,,[],[],,,12,21,
2026_07_29_02_32_08,000108,20,all-cluster-heads,docs\doc_workspace\SGCP\artifacts\early_from_late_checkpoint_20260719\enable_coperception_early_from_attentive.yaml,dynamic_cv,grid,utility,utility,none,0,0,,potential_verified_cov_coalition_game,6,,5;20,20,,{},"{""20"": 13890}",0,0.0,10,40.0,60.0,20.0,250000,531456,249280,4.0,sgcp-density-cap,1,ns3,899,0.5,10,12,28,,,[],[],,,20,31,
2026_07_29_02_32_08,000110,1,all-cluster-heads,docs\doc_workspace\SGCP\artifacts\early_from_late_checkpoint_20260719\enable_coperception_early_from_attentive.yaml,dynamic_cv,grid,utility,utility,none,0,0,,potential_verified_cov_coalition_game,7,,1;2;8;11,1;2;11,2;11,"{""2"": 16, ""11"": 16}","{""1"": 13963, ""2"": 2092, ""11"": 3139}",83696,27.93325917686318,10,40.0,60.0,20.0,250000,498992,249712,4.0,sgcp-density-cap,1,ns3,899,0.5,10,12,28,,,[],[],2>1:9;11>1:0,,24,48,
2026_07_29_02_32_08,000110,10,all-cluster-heads,docs\doc_workspace\SGCP\artifacts\early_from_late_checkpoint_20260719\enable_coperception_early_from_attentive.yaml,dynamic_cv,grid,utility,utility,none,0,0,,potential_verified_cov_coalition_game,7,,9;10,10;9,9,"{""9"": 16}","{""9"": 2480, ""10"": 13981}",39680,22.068965517241377,10,40.0,60.0,20.0,250000,498992,249712,4.0,sgcp-density-cap,1,ns3,899,0.5,10,12,28,,,[],[],9>10:1,,20,38,
2026_07_29_02_32_08,000110,12,all-cluster-heads,docs\doc_workspace\SGCP\artifacts\early_from_late_checkpoint_20260719\enable_coperception_early_from_attentive.yaml,dynamic_cv,grid,utility,utility,none,0,0,,potential_verified_cov_coalition_game,7,,4;7;12,12;7,7,"{""7"": 16}","{""7"": 3746, ""12"": 14224}",59936,33.33481646273637,10,40.0,60.0,20.0,250000,498992,249712,4.0,sgcp-density-cap,1,ns3,899,0.5,10,12,28,,,[],[],7>12:2,,14,38,
2026_07_29_02_32_08,000110,13,all-cluster-heads,docs\doc_workspace\SGCP\artifacts\early_from_late_checkpoint_20260719\enable_coperception_early_from_attentive.yaml,dynamic_cv,grid,utility,utility,none,0,0,,potential_verified_cov_coalition_game,7,,13;14;19,13;14,14,"{""14"": 12}","{""13"": 13465, ""14"": 4150}",66400,36.92992213570634,10,40.0,60.0,20.0,250000,498992,249712,4.0,sgcp-density-cap,1,ns3,899,0.5,10,12,28,,,[],[],14>13:3,,2,14,
2026_07_29_02_32_08,000110,15,all-cluster-heads,docs\doc_workspace\SGCP\artifacts\early_from_late_checkpoint_20260719\enable_coperception_early_from_attentive.yaml,dynamic_cv,grid,utility,utility,none,0,0,,potential_verified_cov_coalition_game,7,,6;15,15,,{},"{""15"": 13612}",0,0.0,10,40.0,60.0,20.0,250000,498992,249712,4.0,sgcp-density-cap,1,ns3,899,0.5,10,12,28,,,[],[],,,16,24,
2026_07_29_02_32_08,000110,17,all-cluster-heads,docs\doc_workspace\SGCP\artifacts\early_from_late_checkpoint_20260719\enable_coperception_early_from_attentive.yaml,dynamic_cv,grid,utility,utility,none,0,0,,potential_verified_cov_coalition_game,7,,3;16;17;18,17,,{},"{""17"": 14197}",0,0.0,10,40.0,60.0,20.0,250000,498992,249712,4.0,sgcp-density-cap,1,ns3,899,0.5,10,12,28,,,[],[],,,10,20,
2026_07_29_02_32_08,000110,20,all-cluster-heads,docs\doc_workspace\SGCP\artifacts\early_from_late_checkpoint_20260719\enable_coperception_early_from_attentive.yaml,dynamic_cv,grid,utility,utility,none,0,0,,potential_verified_cov_coalition_game,7,,5;20,20,,{},"{""20"": 13887}",0,0.0,10,40.0,60.0,20.0,250000,498992,249712,4.0,sgcp-density-cap,1,ns3,899,0.5,10,12,28,,,[],[],,,20,30,
2026_07_29_02_32_08,000112,1,all-cluster-heads,docs\doc_workspace\SGCP\artifacts\early_from_late_checkpoint_20260719\enable_coperception_early_from_attentive.yaml,dynamic_cv,grid,utility,utility,none,0,0,,potential_verified_cov_coalition_game,7,,1;2;8;11,1;2;11,2;11,"{""2"": 16, ""11"": 16}","{""1"": 13966, ""2"": 2087, ""11"": 3143}",83680,27.968854282536153,10,40.0,60.0,20.0,250000,495360,249648,4.0,sgcp-density-cap,1,ns3,899,0.5,10,12,28,,,[],[],2>1:9;11>1:0,,24,48,
2026_07_29_02_32_08,000112,10,all-cluster-heads,docs\doc_workspace\SGCP\artifacts\early_from_late_checkpoint_20260719\enable_coperception_early_from_attentive.yaml,dynamic_cv,grid,utility,utility,none,0,0,,potential_verified_cov_coalition_game,7,,9;10,10;9,9,"{""9"": 16}","{""9"": 2480, ""10"": 13981}",39680,22.068965517241377,10,40.0,60.0,20.0,250000,495360,249648,4.0,sgcp-density-cap,1,ns3,899,0.5,10,12,28,,,[],[],9>10:1,,21,38,
2026_07_29_02_32_08,000112,12,all-cluster-heads,docs\doc_workspace\SGCP\artifacts\early_from_late_checkpoint_20260719\enable_coperception_early_from_attentive.yaml,dynamic_cv,grid,utility,utility,none,0,0,,potential_verified_cov_coalition_game,7,,4;7;12,12;7,7,"{""7"": 16}","{""7"": 3753, ""12"": 14224}",60048,33.39710789766407,10,40.0,60.0,20.0,250000,495360,249648,4.0,sgcp-density-cap,1,ns3,899,0.5,10,12,28,,,[],[],7>12:2,,11,38,
2026_07_29_02_32_08,000112,13,all-cluster-heads,docs\doc_workspace\SGCP\artifacts\early_from_late_checkpoint_20260719\enable_coperception_early_from_attentive.yaml,dynamic_cv,grid,utility,utility,none,0,0,,potential_verified_cov_coalition_game,7,,13;14;19,13;14,14,"{""14"": 12}","{""13"": 13451, ""14"": 4140}",66240,36.840934371523915,10,40.0,60.0,20.0,250000,495360,249648,4.0,sgcp-density-cap,1,ns3,899,0.5,10,12,28,,,[],[],14>13:3,,0,14,
2026_07_29_02_32_08,000112,15,all-cluster-heads,docs\doc_workspace\SGCP\artifacts\early_from_late_checkpoint_20260719\enable_coperception_early_from_attentive.yaml,dynamic_cv,grid,utility,utility,none,0,0,,potential_verified_cov_coalition_game,7,,6;15,15,,{},"{""15"": 13611}",0,0.0,10,40.0,60.0,20.0,250000,495360,249648,4.0,sgcp-density-cap,1,ns3,899,0.5,10,12,28,,,[],[],,,18,24,
2026_07_29_02_32_08,000112,17,all-cluster-heads,docs\doc_workspace\SGCP\artifacts\early_from_late_checkpoint_20260719\enable_coperception_early_from_attentive.yaml,dynamic_cv,grid,utility,utility,none,0,0,,potential_verified_cov_coalition_game,7,,3;16;17;18,17,,{},"{""17"": 14206}",0,0.0,10,40.0,60.0,20.0,250000,495360,249648,4.0,sgcp-density-cap,1,ns3,899,0.5,10,12,28,,,[],[],,,9,21,
2026_07_29_02_32_08,000112,20,all-cluster-heads,docs\doc_workspace\SGCP\artifacts\early_from_late_checkpoint_20260719\enable_coperception_early_from_attentive.yaml,dynamic_cv,grid,utility,utility,none,0,0,,potential_verified_cov_coalition_game,7,,5;20,20,,{},"{""20"": 13886}",0,0.0,10,40.0,60.0,20.0,250000,495360,249648,4.0,sgcp-density-cap,1,ns3,899,0.5,10,12,28,,,[],[],,,20,30,
2026_07_29_02_32_08,000114,1,all-cluster-heads,docs\doc_workspace\SGCP\artifacts\early_from_late_checkpoint_20260719\enable_coperception_early_from_attentive.yaml,dynamic_cv,grid,utility,utility,none,0,0,,potential_verified_cov_coalition_game,7,,1;2;8;11,1;2;11,2;11,"{""2"": 16, ""11"": 16}","{""1"": 13967, ""2"": 2091, ""11"": 3146}",83792,27.99555061179088,10,40.0,60.0,20.0,250000,495792,249712,4.0,sgcp-density-cap,1,ns3,899,0.5,10,12,28,,,[],[],2>1:9;11>1:0,,24,48,
2026_07_29_02_32_08,000114,10,all-cluster-heads,docs\doc_workspace\SGCP\artifacts\early_from_late_checkpoint_20260719\enable_coperception_early_from_attentive.yaml,dynamic_cv,grid,utility,utility,none,0,0,,potential_verified_cov_coalition_game,7,,9;10,10;9,9,"{""9"": 16}","{""9"": 2476, ""10"": 13979}",39616,22.03337041156841,10,40.0,60.0,20.0,250000,495792,249712,4.0,sgcp-density-cap,1,ns3,899,0.5,10,12,28,,,[],[],9>10:1,,23,38,
2026_07_29_02_32_08,000114,12,all-cluster-heads,docs\doc_workspace\SGCP\artifacts\early_from_late_checkpoint_20260719\enable_coperception_early_from_attentive.yaml,dynamic_cv,grid,utility,utility,none,0,0,,potential_verified_cov_coalition_game,7,,4;7;12,12;7,7,"{""7"": 16}","{""7"": 3787, ""12"": 14210}",60592,33.69966629588431,10,40.0,60.0,20.0,250000,495792,249712,4.0,sgcp-density-cap,1,ns3,899,0.5,10,12,28,,,[],[],7>12:2,,14,39,
2026_07_29_02_32_08,000114,13,all-cluster-heads,docs\doc_workspace\SGCP\artifacts\early_from_late_checkpoint_20260719\enable_coperception_early_from_attentive.yaml,dynamic_cv,grid,utility,utility,none,0,0,,potential_verified_cov_coalition_game,7,,13;14;19,13;14,14,"{""14"": 13}","{""13"": 13423, ""14"": 4107}",65712,36.547274749721915,10,40.0,60.0,20.0,250000,495792,249712,4.0,sgcp-density-cap,1,ns3,899,0.5,10,12,28,,,[],[],14>13:3,,0,14,
2026_07_29_02_32_08,000114,15,all-cluster-heads,docs\doc_workspace\SGCP\artifacts\early_from_late_checkpoint_20260719\enable_coperception_early_from_attentive.yaml,dynamic_cv,grid,utility,utility,none,0,0,,potential_verified_cov_coalition_game,7,,6;15,15,,{},"{""15"": 13613}",0,0.0,10,40.0,60.0,20.0,250000,495792,249712,4.0,sgcp-density-cap,1,ns3,899,0.5,10,12,28,,,[],[],,,18,25,
2026_07_29_02_32_08,000114,17,all-cluster-heads,docs\doc_workspace\SGCP\artifacts\early_from_late_checkpoint_20260719\enable_coperception_early_from_attentive.yaml,dynamic_cv,grid,utility,utility,none,0,0,,potential_verified_cov_coalition_game,7,,3;16;17;18,17,,{},"{""17"": 14215}",0,0.0,10,40.0,60.0,20.0,250000,495792,249712,4.0,sgcp-density-cap,1,ns3,899,0.5,10,12,28,,,[],[],,,12,21,
2026_07_29_02_32_08,000114,20,all-cluster-heads,docs\doc_workspace\SGCP\artifacts\early_from_late_checkpoint_20260719\enable_coperception_early_from_attentive.yaml,dynamic_cv,grid,utility,utility,none,0,0,,potential_verified_cov_coalition_game,7,,5;20,20,,{},"{""20"": 13882}",0,0.0,10,40.0,60.0,20.0,250000,495792,249712,4.0,sgcp-density-cap,1,ns3,899,0.5,10,12,28,,,[],[],,,21,30,
2026_07_29_02_32_08,000116,1,all-cluster-heads,docs\doc_workspace\SGCP\artifacts\early_from_late_checkpoint_20260719\enable_coperception_early_from_attentive.yaml,dynamic_cv,grid,utility,utility,none,0,0,,potential_verified_cov_coalition_game,7,,1;2;8;11,1;11,11,"{""11"": 16}","{""1"": 13967, ""11"": 3246}",51936,28.885428253615128,10,40.0,60.0,20.0,250000,492032,249968,4.0,sgcp-density-cap,1,ns3,899,0.5,10,12,28,,,[],[],11>1:0,,23,47,
2026_07_29_02_32_08,000116,10,all-cluster-heads,docs\doc_workspace\SGCP\artifacts\early_from_late_checkpoint_20260719\enable_coperception_early_from_attentive.yaml,dynamic_cv,grid,utility,utility,none,0,0,,potential_verified_cov_coalition_game,7,,9;10,10;9,9,"{""9"": 16}","{""9"": 2469, ""10"": 13979}",39504,21.97107897664071,10,40.0,60.0,20.0,250000,492032,249968,4.0,sgcp-density-cap,1,ns3,899,0.5,10,12,28,,,[],[],9>10:1,,22,37,
2026_07_29_02_32_08,000116,12,all-cluster-heads,docs\doc_workspace\SGCP\artifacts\early_from_late_checkpoint_20260719\enable_coperception_early_from_attentive.yaml,dynamic_cv,grid,utility,utility,none,0,0,,potential_verified_cov_coalition_game,7,,4;7;12,12;4;7,4;7,"{""4"": 16, ""7"": 16}","{""4"": 2117, ""7"": 3697, ""12"": 14231}",93024,32.89877641824249,10,40.0,60.0,20.0,250000,492032,249968,4.0,sgcp-density-cap,1,ns3,899,0.5,10,12,28,,,[],[],4>12:9;7>12:2,,16,48,
2026_07_29_02_32_08,000116,13,all-cluster-heads,docs\doc_workspace\SGCP\artifacts\early_from_late_checkpoint_20260719\enable_coperception_early_from_attentive.yaml,dynamic_cv,grid,utility,utility,none,0,0,,potential_verified_cov_coalition_game,7,,13;14;19,13;14,14,"{""14"": 13}","{""13"": 13407, ""14"": 4028}",64448,35.844271412680754,10,40.0,60.0,20.0,250000,492032,249968,4.0,sgcp-density-cap,1,ns3,899,0.5,10,12,28,,,[],[],14>13:3,,2,13,
2026_07_29_02_32_08,000116,15,all-cluster-heads,docs\doc_workspace\SGCP\artifacts\early_from_late_checkpoint_20260719\enable_coperception_early_from_attentive.yaml,dynamic_cv,grid,utility,utility,none,0,0,,potential_verified_cov_coalition_game,7,,6;15,15,,{},"{""15"": 13632}",0,0.0,10,40.0,60.0,20.0,250000,492032,249968,4.0,sgcp-density-cap,1,ns3,899,0.5,10,12,28,,,[],[],,,18,27,
2026_07_29_02_32_08,000116,17,all-cluster-heads,docs\doc_workspace\SGCP\artifacts\early_from_late_checkpoint_20260719\enable_coperception_early_from_attentive.yaml,dynamic_cv,grid,utility,utility,none,0,0,,potential_verified_cov_coalition_game,7,,3;16;17;18,17;16,16,"{""16"": 1}","{""16"": 66, ""17"": 14228}",1056,0.5873192436040044,10,40.0,60.0,20.0,250000,492032,249968,4.0,sgcp-density-cap,1,ns3,899,0.5,10,12,28,,,[],[],16>17:7,,10,23,
2026_07_29_02_32_08,000116,20,all-cluster-heads,docs\doc_workspace\SGCP\artifacts\early_from_late_checkpoint_20260719\enable_coperception_early_from_attentive.yaml,dynamic_cv,grid,utility,utility,none,0,0,,potential_verified_cov_coalition_game,7,,5;20,20,,{},"{""20"": 13882}",0,0.0,10,40.0,60.0,20.0,250000,492032,249968,4.0,sgcp-density-cap,1,ns3,899,0.5,10,12,28,,,[],[],,,19,31,
2026_07_29_02_32_08,000118,1,all-cluster-heads,docs\doc_workspace\SGCP\artifacts\early_from_late_checkpoint_20260719\enable_coperception_early_from_attentive.yaml,dynamic_cv,grid,utility,utility,none,0,0,,potential_verified_cov_coalition_game,7,,1;2;8;11,1;11,11,"{""11"": 16}","{""1"": 13967, ""11"": 3248}",51968,28.903225806451612,10,40.0,60.0,20.0,250000,493312,249936,4.0,sgcp-density-cap,1,ns3,899,0.5,10,12,28,,,[],[],11>1:0,,24,46,
2026_07_29_02_32_08,000118,10,all-cluster-heads,docs\doc_workspace\SGCP\artifacts\early_from_late_checkpoint_20260719\enable_coperception_early_from_attentive.yaml,dynamic_cv,grid,utility,utility,none,0,0,,potential_verified_cov_coalition_game,7,,9;10,10;9,9,"{""9"": 16}","{""9"": 2467, ""10"": 13979}",39472,21.953281423804224,10,40.0,60.0,20.0,250000,493312,249936,4.0,sgcp-density-cap,1,ns3,899,0.5,10,12,28,,,[],[],9>10:1,,24,37,
2026_07_29_02_32_08,000118,12,all-cluster-heads,docs\doc_workspace\SGCP\artifacts\early_from_late_checkpoint_20260719\enable_coperception_early_from_attentive.yaml,dynamic_cv,grid,utility,utility,none,0,0,,potential_verified_cov_coalition_game,7,,4;7;12,12;4;7,4;7,"{""4"": 16, ""7"": 16}","{""4"": 2143, ""7"": 3737, ""12"": 14223}",94080,33.25472747497219,10,40.0,60.0,20.0,250000,493312,249936,4.0,sgcp-density-cap,1,ns3,899,0.5,10,12,28,,,[],[],4>12:9;7>12:2,,16,50,
2026_07_29_02_32_08,000118,13,all-cluster-heads,docs\doc_workspace\SGCP\artifacts\early_from_late_checkpoint_20260719\enable_coperception_early_from_attentive.yaml,dynamic_cv,grid,utility,utility,none,0,0,,potential_verified_cov_coalition_game,7,,13;14;19,13;14,14,"{""14"": 13}","{""13"": 13365, ""14"": 3963}",63408,35.265850945494996,10,40.0,60.0,20.0,250000,493312,249936,4.0,sgcp-density-cap,1,ns3,899,0.5,10,12,28,,,[],[],14>13:3,,1,14,
2026_07_29_02_32_08,000118,15,all-cluster-heads,docs\doc_workspace\SGCP\artifacts\early_from_late_checkpoint_20260719\enable_coperception_early_from_attentive.yaml,dynamic_cv,grid,utility,utility,none,0,0,,potential_verified_cov_coalition_game,7,,6;15,15,,{},"{""15"": 13659}",0,0.0,10,40.0,60.0,20.0,250000,493312,249936,4.0,sgcp-density-cap,1,ns3,899,0.5,10,12,28,,,[],[],,,19,26,
2026_07_29_02_32_08,000118,17,all-cluster-heads,docs\doc_workspace\SGCP\artifacts\early_from_late_checkpoint_20260719\enable_coperception_early_from_attentive.yaml,dynamic_cv,grid,utility,utility,none,0,0,,potential_verified_cov_coalition_game,7,,3;16;17;18,17,,{},"{""17"": 14236}",0,0.0,10,40.0,60.0,20.0,250000,493312,249936,4.0,sgcp-density-cap,1,ns3,899,0.5,10,12,28,,,[],[],,,10,21,
2026_07_29_02_32_08,000118,20,all-cluster-heads,docs\doc_workspace\SGCP\artifacts\early_from_late_checkpoint_20260719\enable_coperception_early_from_attentive.yaml,dynamic_cv,grid,utility,utility,none,0,0,,potential_verified_cov_coalition_game,7,,5;20,20;5,5,"{""5"": 1}","{""5"": 63, ""20"": 13879}",1008,0.5606229143492769,10,40.0,60.0,20.0,250000,493312,249936,4.0,sgcp-density-cap,1,ns3,899,0.5,10,12,28,,,[],[],5>20:6,,20,33,
2026_07_29_02_32_08,000120,1,all-cluster-heads,docs\doc_workspace\SGCP\artifacts\early_from_late_checkpoint_20260719\enable_coperception_early_from_attentive.yaml,dynamic_cv,grid,utility,utility,none,0,0,,potential_verified_cov_coalition_game,7,,1;2;8;11,1;2;11,2;11,"{""2"": 16, ""11"": 16}","{""1"": 13970, ""2"": 2109, ""11"": 3136}",83920,27.906562847608456,10,40.0,60.0,20.0,250000,495584,249712,4.0,sgcp-density-cap,1,ns3,899,0.5,10,12,28,,,[],[],2>1:9;11>1:0,,23,48,
2026_07_29_02_32_08,000120,10,all-cluster-heads,docs\doc_workspace\SGCP\artifacts\early_from_late_checkpoint_20260719\enable_coperception_early_from_attentive.yaml,dynamic_cv,grid,utility,utility,none,0,0,,potential_verified_cov_coalition_game,7,,9;10,10;9,9,"{""9"": 16}","{""9"": 2467, ""10"": 13976}",39472,21.953281423804224,10,40.0,60.0,20.0,250000,495584,249712,4.0,sgcp-density-cap,1,ns3,899,0.5,10,12,28,,,[],[],9>10:1,,22,37,
2026_07_29_02_32_08,000120,12,all-cluster-heads,docs\doc_workspace\SGCP\artifacts\early_from_late_checkpoint_20260719\enable_coperception_early_from_attentive.yaml,dynamic_cv,grid,utility,utility,none,0,0,,potential_verified_cov_coalition_game,7,,4;7;12,12;7,7,"{""7"": 16}","{""7"": 3834, ""12"": 14223}",61344,34.117908787541715,10,40.0,60.0,20.0,250000,495584,249712,4.0,sgcp-density-cap,1,ns3,899,0.5,10,12,28,,,[],[],7>12:2,,14,41,
2026_07_29_02_32_08,000120,13,all-cluster-heads,docs\doc_workspace\SGCP\artifacts\early_from_late_checkpoint_20260719\enable_coperception_early_from_attentive.yaml,dynamic_cv,grid,utility,utility,none,0,0,,potential_verified_cov_coalition_game,7,,13;14;19,13;14,14,"{""14"": 14}","{""13"": 13367, ""14"": 4061}",64976,36.13793103448276,10,40.0,60.0,20.0,250000,495584,249712,4.0,sgcp-density-cap,1,ns3,899,0.5,10,12,28,,,[],[],14>13:3,,1,12,
2026_07_29_02_32_08,000120,15,all-cluster-heads,docs\doc_workspace\SGCP\artifacts\early_from_late_checkpoint_20260719\enable_coperception_early_from_attentive.yaml,dynamic_cv,grid,utility,utility,none,0,0,,potential_verified_cov_coalition_game,7,,6;15,15,,{},"{""15"": 13667}",0,0.0,10,40.0,60.0,20.0,250000,495584,249712,4.0,sgcp-density-cap,1,ns3,899,0.5,10,12,28,,,[],[],,,18,26,
2026_07_29_02_32_08,000120,17,all-cluster-heads,docs\doc_workspace\SGCP\artifacts\early_from_late_checkpoint_20260719\enable_coperception_early_from_attentive.yaml,dynamic_cv,grid,utility,utility,none,0,0,,potential_verified_cov_coalition_game,7,,3;16;17;18,17,,{},"{""17"": 14265}",0,0.0,10,40.0,60.0,20.0,250000,495584,249712,4.0,sgcp-density-cap,1,ns3,899,0.5,10,12,28,,,[],[],,,9,21,
2026_07_29_02_32_08,000120,20,all-cluster-heads,docs\doc_workspace\SGCP\artifacts\early_from_late_checkpoint_20260719\enable_coperception_early_from_attentive.yaml,dynamic_cv,grid,utility,utility,none,0,0,,potential_verified_cov_coalition_game,7,,5;20,20,,{},"{""20"": 13881}",0,0.0,10,40.0,60.0,20.0,250000,495584,249712,4.0,sgcp-density-cap,1,ns3,899,0.5,10,12,28,,,[],[],,,21,30,
2026_07_29_02_32_08,000122,1,all-cluster-heads,docs\doc_workspace\SGCP\artifacts\early_from_late_checkpoint_20260719\enable_coperception_early_from_attentive.yaml,dynamic_cv,grid,utility,utility,none,0,0,,potential_verified_cov_coalition_game,7,,1;2;8;11,1;11,11,"{""11"": 16}","{""1"": 13965, ""11"": 3249}",51984,28.912124582869854,10,40.0,60.0,20.0,250000,498848,249408,4.0,sgcp-density-cap,1,ns3,899,0.5,10,12,28,,,[],[],11>1:0,,22,45,
2026_07_29_02_32_08,000122,10,all-cluster-heads,docs\doc_workspace\SGCP\artifacts\early_from_late_checkpoint_20260719\enable_coperception_early_from_attentive.yaml,dynamic_cv,grid,utility,utility,none,0,0,,potential_verified_cov_coalition_game,7,,9;10,10;9,9,"{""9"": 16}","{""9"": 2468, ""10"": 13976}",39488,21.96218020022247,10,40.0,60.0,20.0,250000,498848,249408,4.0,sgcp-density-cap,1,ns3,899,0.5,10,12,28,,,[],[],9>10:1,,24,38,
2026_07_29_02_32_08,000122,12,all-cluster-heads,docs\doc_workspace\SGCP\artifacts\early_from_late_checkpoint_20260719\enable_coperception_early_from_attentive.yaml,dynamic_cv,grid,utility,utility,none,0,0,,potential_verified_cov_coalition_game,7,,4;7;12,12;4;7,4;7,"{""4"": 16, ""7"": 16}","{""4"": 2172, ""7"": 3747, ""12"": 14209}",94704,33.34371523915462,10,40.0,60.0,20.0,250000,498848,249408,4.0,sgcp-density-cap,1,ns3,899,0.5,10,12,28,,,[],[],4>12:9;7>12:2,,16,50,
2026_07_29_02_32_08,000122,13,all-cluster-heads,docs\doc_workspace\SGCP\artifacts\early_from_late_checkpoint_20260719\enable_coperception_early_from_attentive.yaml,dynamic_cv,grid,utility,utility,none,0,0,,potential_verified_cov_coalition_game,7,,13;14;19,13;14,14,"{""14"": 13}","{""13"": 13373, ""14"": 3952}",63232,35.16796440489433,10,40.0,60.0,20.0,250000,498848,249408,4.0,sgcp-density-cap,1,ns3,899,0.5,10,12,28,,,[],[],14>13:3,,0,13,
2026_07_29_02_32_08,000122,15,all-cluster-heads,docs\doc_workspace\SGCP\artifacts\early_from_late_checkpoint_20260719\enable_coperception_early_from_attentive.yaml,dynamic_cv,grid,utility,utility,none,0,0,,potential_verified_cov_coalition_game,7,,6;15,15,,{},"{""15"": 13668}",0,0.0,10,40.0,60.0,20.0,250000,498848,249408,4.0,sgcp-density-cap,1,ns3,899,0.5,10,12,28,,,[],[],,,18,27,
2026_07_29_02_32_08,000122,17,all-cluster-heads,docs\doc_workspace\SGCP\artifacts\early_from_late_checkpoint_20260719\enable_coperception_early_from_attentive.yaml,dynamic_cv,grid,utility,utility,none,0,0,,potential_verified_cov_coalition_game,7,,3;16;17;18,17,,{},"{""17"": 14263}",0,0.0,10,40.0,60.0,20.0,250000,498848,249408,4.0,sgcp-density-cap,1,ns3,899,0.5,10,12,28,,,[],[],,,8,21,
2026_07_29_02_32_08,000122,20,all-cluster-heads,docs\doc_workspace\SGCP\artifacts\early_from_late_checkpoint_20260719\enable_coperception_early_from_attentive.yaml,dynamic_cv,grid,utility,utility,none,0,0,,potential_verified_cov_coalition_game,7,,5;20,20,,{},"{""20"": 13882}",0,0.0,10,40.0,60.0,20.0,250000,498848,249408,4.0,sgcp-density-cap,1,ns3,899,0.5,10,12,28,,,[],[],,,21,30,
2026_07_29_02_32_08,000124,1,all-cluster-heads,docs\doc_workspace\SGCP\artifacts\early_from_late_checkpoint_20260719\enable_coperception_early_from_attentive.yaml,dynamic_cv,grid,utility,utility,none,0,0,,potential_verified_cov_coalition_game,7,,1;2;8;11,1;11,11,"{""11"": 16}","{""1"": 13963, ""11"": 3250}",52000,28.921023359288096,10,40.0,60.0,20.0,250000,500192,249952,4.0,sgcp-density-cap,1,ns3,899,0.5,10,12,28,,,[],[],11>1:0,,22,44,
2026_07_29_02_32_08,000124,10,all-cluster-heads,docs\doc_workspace\SGCP\artifacts\early_from_late_checkpoint_20260719\enable_coperception_early_from_attentive.yaml,dynamic_cv,grid,utility,utility,none,0,0,,potential_verified_cov_coalition_game,7,,9;10,10;9,9,"{""9"": 16}","{""9"": 2472, ""10"": 13972}",39552,21.997775305895438,10,40.0,60.0,20.0,250000,500192,249952,4.0,sgcp-density-cap,1,ns3,899,0.5,10,12,28,,,[],[],9>10:1,,22,37,
2026_07_29_02_32_08,000124,12,all-cluster-heads,docs\doc_workspace\SGCP\artifacts\early_from_late_checkpoint_20260719\enable_coperception_early_from_attentive.yaml,dynamic_cv,grid,utility,utility,none,0,0,,potential_verified_cov_coalition_game,7,,4;7;12,12;4;7,4;7,"{""4"": 16, ""7"": 16}","{""4"": 2226, ""7"": 3725, ""12"": 14179}",95216,33.14794215795328,10,40.0,60.0,20.0,250000,500192,249952,4.0,sgcp-density-cap,1,ns3,899,0.5,10,12,28,,,[],[],4>12:9;7>12:2,,15,50,
2026_07_29_02_32_08,000124,13,all-cluster-heads,docs\doc_workspace\SGCP\artifacts\early_from_late_checkpoint_20260719\enable_coperception_early_from_attentive.yaml,dynamic_cv,grid,utility,utility,none,0,0,,potential_verified_cov_coalition_game,7,,13;14;19,13;14;19,14;19,"{""14"": 12, ""19"": 1}","{""13"": 13342, ""14"": 3806, ""19"": 143}",63184,33.868743047830925,10,40.0,60.0,20.0,250000,500192,249952,4.0,sgcp-density-cap,1,ns3,899,0.5,10,12,28,,,[],[],14>13:3;19>13:7,,0,24,
2026_07_29_02_32_08,000124,15,all-cluster-heads,docs\doc_workspace\SGCP\artifacts\early_from_late_checkpoint_20260719\enable_coperception_early_from_attentive.yaml,dynamic_cv,grid,utility,utility,none,0,0,,potential_verified_cov_coalition_game,7,,6;15,15,,{},"{""15"": 13675}",0,0.0,10,40.0,60.0,20.0,250000,500192,249952,4.0,sgcp-density-cap,1,ns3,899,0.5,10,12,28,,,[],[],,,19,28,
2026_07_29_02_32_08,000124,17,all-cluster-heads,docs\doc_workspace\SGCP\artifacts\early_from_late_checkpoint_20260719\enable_coperception_early_from_attentive.yaml,dynamic_cv,grid,utility,utility,none,0,0,,potential_verified_cov_coalition_game,7,,3;16;17;18,17,,{},"{""17"": 14254}",0,0.0,10,40.0,60.0,20.0,250000,500192,249952,4.0,sgcp-density-cap,1,ns3,899,0.5,10,12,28,,,[],[],,,9,22,
2026_07_29_02_32_08,000124,20,all-cluster-heads,docs\doc_workspace\SGCP\artifacts\early_from_late_checkpoint_20260719\enable_coperception_early_from_attentive.yaml,dynamic_cv,grid,utility,utility,none,0,0,,potential_verified_cov_coalition_game,7,,5;20,20,,{},"{""20"": 13887}",0,0.0,10,40.0,60.0,20.0,250000,500192,249952,4.0,sgcp-density-cap,1,ns3,899,0.5,10,12,28,,,[],[],,,20,31,
2026_07_29_02_32_08,000126,1,all-cluster-heads,docs\doc_workspace\SGCP\artifacts\early_from_late_checkpoint_20260719\enable_coperception_early_from_attentive.yaml,dynamic_cv,grid,utility,utility,none,0,0,,potential_verified_cov_coalition_game,7,,1;2;8;11,1;11,11,"{""11"": 16}","{""1"": 13963, ""11"": 3250}",52000,28.921023359288096,10,40.0,60.0,20.0,250000,502128,249904,4.0,sgcp-density-cap,1,ns3,899,0.5,10,12,28,,,[],[],11>1:0,,23,44,
2026_07_29_02_32_08,000126,10,all-cluster-heads,docs\doc_workspace\SGCP\artifacts\early_from_late_checkpoint_20260719\enable_coperception_early_from_attentive.yaml,dynamic_cv,grid,utility,utility,none,0,0,,potential_verified_cov_coalition_game,7,,9;10,10;9,9,"{""9"": 16}","{""9"": 2472, ""10"": 13972}",39552,21.997775305895438,10,40.0,60.0,20.0,250000,502128,249904,4.0,sgcp-density-cap,1,ns3,899,0.5,10,12,28,,,[],[],9>10:1,,23,37,
2026_07_29_02_32_08,000126,12,all-cluster-heads,docs\doc_workspace\SGCP\artifacts\early_from_late_checkpoint_20260719\enable_coperception_early_from_attentive.yaml,dynamic_cv,grid,utility,utility,none,0,0,,potential_verified_cov_coalition_game,7,,4;7;12,12;4;7,4;7,"{""4"": 16, ""7"": 16}","{""4"": 2379, ""7"": 3607, ""12"": 14162}",95776,32.09788654060067,10,40.0,60.0,20.0,250000,502128,249904,4.0,sgcp-density-cap,1,ns3,899,0.5,10,12,28,,,[],[],4>12:9;7>12:2,,16,50,
2026_07_29_02_32_08,000126,13,all-cluster-heads,docs\doc_workspace\SGCP\artifacts\early_from_late_checkpoint_20260719\enable_coperception_early_from_attentive.yaml,dynamic_cv,grid,utility,utility,none,0,0,,potential_verified_cov_coalition_game,7,,13;14;19,13;14;19,14;19,"{""14"": 12, ""19"": 1}","{""13"": 13344, ""14"": 3792, ""19"": 119}",62576,33.74416017797552,10,40.0,60.0,20.0,250000,502128,249904,4.0,sgcp-density-cap,1,ns3,899,0.5,10,12,28,,,[],[],14>13:3;19>13:7,,0,24,
2026_07_29_02_32_08,000126,15,all-cluster-heads,docs\doc_workspace\SGCP\artifacts\early_from_late_checkpoint_20260719\enable_coperception_early_from_attentive.yaml,dynamic_cv,grid,utility,utility,none,0,0,,potential_verified_cov_coalition_game,7,,6;15,15,,{},"{""15"": 13678}",0,0.0,10,40.0,60.0,20.0,250000,502128,249904,4.0,sgcp-density-cap,1,ns3,899,0.5,10,12,28,,,[],[],,,21,29,
2026_07_29_02_32_08,000126,17,all-cluster-heads,docs\doc_workspace\SGCP\artifacts\early_from_late_checkpoint_20260719\enable_coperception_early_from_attentive.yaml,dynamic_cv,grid,utility,utility,none,0,0,,potential_verified_cov_coalition_game,7,,3;16;17;18,17,,{},"{""17"": 14251}",0,0.0,10,40.0,60.0,20.0,250000,502128,249904,4.0,sgcp-density-cap,1,ns3,899,0.5,10,12,28,,,[],[],,,10,22,
2026_07_29_02_32_08,000126,20,all-cluster-heads,docs\doc_workspace\SGCP\artifacts\early_from_late_checkpoint_20260719\enable_coperception_early_from_attentive.yaml,dynamic_cv,grid,utility,utility,none,0,0,,potential_verified_cov_coalition_game,7,,5;20,20,,{},"{""20"": 13888}",0,0.0,10,40.0,60.0,20.0,250000,502128,249904,4.0,sgcp-density-cap,1,ns3,899,0.5,10,12,28,,,[],[],,,20,32,
2026_07_29_02_32_08,000128,1,all-cluster-heads,docs\doc_workspace\SGCP\artifacts\early_from_late_checkpoint_20260719\enable_coperception_early_from_attentive.yaml,dynamic_cv,grid,utility,utility,none,0,0,,potential_verified_cov_coalition_game,7,,1;2;8;11,1;11,11,"{""11"": 16}","{""1"": 13966, ""11"": 3250}",52000,28.921023359288096,10,40.0,60.0,20.0,250000,504336,250000,4.0,sgcp-density-cap,1,ns3,899,0.5,10,12,28,,,[],[],11>1:0,,23,45,
2026_07_29_02_32_08,000128,10,all-cluster-heads,docs\doc_workspace\SGCP\artifacts\early_from_late_checkpoint_20260719\enable_coperception_early_from_attentive.yaml,dynamic_cv,grid,utility,utility,none,0,0,,potential_verified_cov_coalition_game,7,,9;10,10;9,9,"{""9"": 16}","{""9"": 2476, ""10"": 13970}",39616,22.03337041156841,10,40.0,60.0,20.0,250000,504336,250000,4.0,sgcp-density-cap,1,ns3,899,0.5,10,12,28,,,[],[],9>10:1,,24,37,
2026_07_29_02_32_08,000128,12,all-cluster-heads,docs\doc_workspace\SGCP\artifacts\early_from_late_checkpoint_20260719\enable_coperception_early_from_attentive.yaml,dynamic_cv,grid,utility,utility,none,0,0,,potential_verified_cov_coalition_game,7,,4;7;12,12;4;7,4;7,"{""4"": 16, ""7"": 16}","{""4"": 2372, ""7"": 3628, ""12"": 14176}",96000,32.28476084538376,10,40.0,60.0,20.0,250000,504336,250000,4.0,sgcp-density-cap,1,ns3,899,0.5,10,12,28,,,[],[],4>12:9;7>12:2,,15,49,
2026_07_29_02_32_08,000128,13,all-cluster-heads,docs\doc_workspace\SGCP\artifacts\early_from_late_checkpoint_20260719\enable_coperception_early_from_attentive.yaml,dynamic_cv,grid,utility,utility,none,0,0,,potential_verified_cov_coalition_game,7,,13;14;19,13;14,14,"{""14"": 13}","{""13"": 13359, ""14"": 3899}",62384,34.69632925472747,10,40.0,60.0,20.0,250000,504336,250000,4.0,sgcp-density-cap,1,ns3,899,0.5,10,12,28,,,[],[],14>13:3,,1,12,
2026_07_29_02_32_08,000128,15,all-cluster-heads,docs\doc_workspace\SGCP\artifacts\early_from_late_checkpoint_20260719\enable_coperception_early_from_attentive.yaml,dynamic_cv,grid,utility,utility,none,0,0,,potential_verified_cov_coalition_game,7,,6;15,15,,{},"{""15"": 13694}",0,0.0,10,40.0,60.0,20.0,250000,504336,250000,4.0,sgcp-density-cap,1,ns3,899,0.5,10,12,28,,,[],[],,,19,28,
2026_07_29_02_32_08,000128,17,all-cluster-heads,docs\doc_workspace\SGCP\artifacts\early_from_late_checkpoint_20260719\enable_coperception_early_from_attentive.yaml,dynamic_cv,grid,utility,utility,none,0,0,,potential_verified_cov_coalition_game,7,,3;16;17;18,17,,{},"{""17"": 14246}",0,0.0,10,40.0,60.0,20.0,250000,504336,250000,4.0,sgcp-density-cap,1,ns3,899,0.5,10,12,28,,,[],[],,,11,22,
2026_07_29_02_32_08,000128,20,all-cluster-heads,docs\doc_workspace\SGCP\artifacts\early_from_late_checkpoint_20260719\enable_coperception_early_from_attentive.yaml,dynamic_cv,grid,utility,utility,none,0,0,,potential_verified_cov_coalition_game,7,,5;20,20,,{},"{""20"": 13891}",0,0.0,10,40.0,60.0,20.0,250000,504336,250000,4.0,sgcp-density-cap,1,ns3,899,0.5,10,12,28,,,[],[],,,20,32,
2026_07_29_02_32_08,000130,1,all-cluster-heads,docs\doc_workspace\SGCP\artifacts\early_from_late_checkpoint_20260719\enable_coperception_early_from_attentive.yaml,dynamic_cv,grid,utility,utility,none,0,0,,potential_verified_cov_coalition_game,7,,1;2;8;11,1;11,11,"{""11"": 16}","{""1"": 13963, ""11"": 3250}",52000,28.921023359288096,10,40.0,60.0,20.0,250000,504080,249760,4.0,sgcp-density-cap,1,ns3,899,0.5,10,12,28,,,[],[],11>1:0,,23,44,
2026_07_29_02_32_08,000130,10,all-cluster-heads,docs\doc_workspace\SGCP\artifacts\early_from_late_checkpoint_20260719\enable_coperception_early_from_attentive.yaml,dynamic_cv,grid,utility,utility,none,0,0,,potential_verified_cov_coalition_game,7,,9;10,10;9,9,"{""9"": 16}","{""9"": 2481, ""10"": 13970}",39696,22.077864293659623,10,40.0,60.0,20.0,250000,504080,249760,4.0,sgcp-density-cap,1,ns3,899,0.5,10,12,28,,,[],[],9>10:1,,22,37,
2026_07_29_02_32_08,000130,12,all-cluster-heads,docs\doc_workspace\SGCP\artifacts\early_from_late_checkpoint_20260719\enable_coperception_early_from_attentive.yaml,dynamic_cv,grid,utility,utility,none,0,0,,potential_verified_cov_coalition_game,7,,4;7;12,12;4;7,4;7,"{""4"": 16, ""7"": 15}","{""4"": 2633, ""7"": 3408, ""12"": 14172}",96656,30.327030033370413,10,40.0,60.0,20.0,250000,504080,249760,4.0,sgcp-density-cap,1,ns3,899,0.5,10,12,28,,,[],[],4>12:9;7>12:2,,13,48,
2026_07_29_02_32_08,000130,13,all-cluster-heads,docs\doc_workspace\SGCP\artifacts\early_from_late_checkpoint_20260719\enable_coperception_early_from_attentive.yaml,dynamic_cv,grid,utility,utility,none,0,0,,potential_verified_cov_coalition_game,7,,13;14;19,13;14;19,14;19,"{""14"": 12, ""19"": 1}","{""13"": 13355, ""14"": 3736, ""19"": 102}",61408,33.24582869855395,10,40.0,60.0,20.0,250000,504080,249760,4.0,sgcp-density-cap,1,ns3,899,0.5,10,12,28,,,[],[],14>13:3;19>13:7,,0,24,
2026_07_29_02_32_08,000130,15,all-cluster-heads,docs\doc_workspace\SGCP\artifacts\early_from_late_checkpoint_20260719\enable_coperception_early_from_attentive.yaml,dynamic_cv,grid,utility,utility,none,0,0,,potential_verified_cov_coalition_game,7,,6;15,15,,{},"{""15"": 13715}",0,0.0,10,40.0,60.0,20.0,250000,504080,249760,4.0,sgcp-density-cap,1,ns3,899,0.5,10,12,28,,,[],[],,,18,26,
2026_07_29_02_32_08,000130,17,all-cluster-heads,docs\doc_workspace\SGCP\artifacts\early_from_late_checkpoint_20260719\enable_coperception_early_from_attentive.yaml,dynamic_cv,grid,utility,utility,none,0,0,,potential_verified_cov_coalition_game,7,,3;16;17;18,17,,{},"{""17"": 14246}",0,0.0,10,40.0,60.0,20.0,250000,504080,249760,4.0,sgcp-density-cap,1,ns3,899,0.5,10,12,28,,,[],[],,,10,21,
2026_07_29_02_32_08,000130,20,all-cluster-heads,docs\doc_workspace\SGCP\artifacts\early_from_late_checkpoint_20260719\enable_coperception_early_from_attentive.yaml,dynamic_cv,grid,utility,utility,none,0,0,,potential_verified_cov_coalition_game,7,,5;20,20,,{},"{""20"": 13896}",0,0.0,10,40.0,60.0,20.0,250000,504080,249760,4.0,sgcp-density-cap,1,ns3,899,0.5,10,12,28,,,[],[],,,20,31,
2026_07_29_02_32_08,000132,4,all-cluster-heads,docs\doc_workspace\SGCP\artifacts\early_from_late_checkpoint_20260719\enable_coperception_early_from_attentive.yaml,dynamic_cv,grid,utility,utility,none,0,0,,potential_verified_cov_coalition_game,6,,4;7;8;12,4;7;12,7;12,"{""7"": 16, ""12"": 16}","{""4"": 13769, ""7"": 2687, ""12"": 3780}",103472,33.63737486095662,10,40.0,60.0,20.0,250000,534512,250000,4.0,sgcp-density-cap,1,ns3,899,0.5,10,12,28,,,[],[],7>4:8;12>4:0,,22,47,
2026_07_29_02_32_08,000132,11,all-cluster-heads,docs\doc_workspace\SGCP\artifacts\early_from_late_checkpoint_20260719\enable_coperception_early_from_attentive.yaml,dynamic_cv,grid,utility,utility,none,0,0,,potential_verified_cov_coalition_game,6,,1;2;11;19,11;2;19,2;19,"{""2"": 16, ""19"": 16}","{""2"": 2702, ""11"": 13871, ""19"": 3652}",101664,32.49833147942158,10,40.0,60.0,20.0,250000,534512,250000,4.0,sgcp-density-cap,1,ns3,899,0.5,10,12,28,,,[],[],2>11:9;19>11:1,,23,50,
2026_07_29_02_32_08,000132,13,all-cluster-heads,docs\doc_workspace\SGCP\artifacts\early_from_late_checkpoint_20260719\enable_coperception_early_from_attentive.yaml,dynamic_cv,grid,utility,utility,none,0,0,,potential_verified_cov_coalition_game,6,,9;10;13;14,13;10,10,"{""10"": 8}","{""10"": 2804, ""13"": 13368}",44864,24.952169076751947,10,40.0,60.0,20.0,250000,534512,250000,4.0,sgcp-density-cap,1,ns3,899,0.5,10,12,28,,,[],[],10>13:2,,9,34,
2026_07_29_02_32_08,000132,15,all-cluster-heads,docs\doc_workspace\SGCP\artifacts\early_from_late_checkpoint_20260719\enable_coperception_early_from_attentive.yaml,dynamic_cv,grid,utility,utility,none,0,0,,potential_verified_cov_coalition_game,6,,6;15,15,,{},"{""15"": 13706}",0,0.0,10,40.0,60.0,20.0,250000,534512,250000,4.0,sgcp-density-cap,1,ns3,899,0.5,10,12,28,,,[],[],,,19,26,
2026_07_29_02_32_08,000132,17,all-cluster-heads,docs\doc_workspace\SGCP\artifacts\early_from_late_checkpoint_20260719\enable_coperception_early_from_attentive.yaml,dynamic_cv,grid,utility,utility,none,0,0,,potential_verified_cov_coalition_game,6,,3;16;17;18,17,,{},"{""17"": 14246}",0,0.0,10,40.0,60.0,20.0,250000,534512,250000,4.0,sgcp-density-cap,1,ns3,899,0.5,10,12,28,,,[],[],,,10,21,
2026_07_29_02_32_08,000132,20,all-cluster-heads,docs\doc_workspace\SGCP\artifacts\early_from_late_checkpoint_20260719\enable_coperception_early_from_attentive.yaml,dynamic_cv,grid,utility,utility,none,0,0,,potential_verified_cov_coalition_game,6,,5;20,20,,{},"{""20"": 13905}",0,0.0,10,40.0,60.0,20.0,250000,534512,250000,4.0,sgcp-density-cap,1,ns3,899,0.5,10,12,28,,,[],[],,,22,31,
2026_07_29_02_32_08,000134,4,all-cluster-heads,docs\doc_workspace\SGCP\artifacts\early_from_late_checkpoint_20260719\enable_coperception_early_from_attentive.yaml,dynamic_cv,grid,utility,utility,none,0,0,,potential_verified_cov_coalition_game,6,,4;7;8;12,4;7;12,7;12,"{""7"": 16, ""12"": 16}","{""4"": 13769, ""7"": 2682, ""12"": 3881}",105008,34.53615127919911,10,40.0,60.0,20.0,250000,534016,249888,4.0,sgcp-density-cap,1,ns3,899,0.5,10,12,28,,,[],[],7>4:7;12>4:0,,22,47,
2026_07_29_02_32_08,000134,11,all-cluster-heads,docs\doc_workspace\SGCP\artifacts\early_from_late_checkpoint_20260719\enable_coperception_early_from_attentive.yaml,dynamic_cv,grid,utility,utility,none,0,0,,potential_verified_cov_coalition_game,6,,1;2;11;19,11;2;19,2;19,"{""2"": 16, ""19"": 16}","{""2"": 2696, ""11"": 13868, ""19"": 3654}",101600,32.516129032258064,10,40.0,60.0,20.0,250000,534016,249888,4.0,sgcp-density-cap,1,ns3,899,0.5,10,12,28,,,[],[],2>11:8;19>11:1,,25,50,
2026_07_29_02_32_08,000134,13,all-cluster-heads,docs\doc_workspace\SGCP\artifacts\early_from_late_checkpoint_20260719\enable_coperception_early_from_attentive.yaml,dynamic_cv,grid,utility,utility,none,0,0,,potential_verified_cov_coalition_game,6,,9;10;13;14,13;10;14,10;14,"{""10"": 7, ""14"": 1}","{""10"": 2599, ""13"": 13362, ""14"": 72}",42736,23.127919911012235,10,40.0,60.0,20.0,250000,534016,249888,4.0,sgcp-density-cap,1,ns3,899,0.5,10,12,28,,,[],[],10>13:2;14>13:6,,8,33,
2026_07_29_02_32_08,000134,15,all-cluster-heads,docs\doc_workspace\SGCP\artifacts\early_from_late_checkpoint_20260719\enable_coperception_early_from_attentive.yaml,dynamic_cv,grid,utility,utility,none,0,0,,potential_verified_cov_coalition_game,6,,6;15,15,,{},"{""15"": 13725}",0,0.0,10,40.0,60.0,20.0,250000,534016,249888,4.0,sgcp-density-cap,1,ns3,899,0.5,10,12,28,,,[],[],,,17,27,
2026_07_29_02_32_08,000134,17,all-cluster-heads,docs\doc_workspace\SGCP\artifacts\early_from_late_checkpoint_20260719\enable_coperception_early_from_attentive.yaml,dynamic_cv,grid,utility,utility,none,0,0,,potential_verified_cov_coalition_game,6,,3;16;17;18,17,,{},"{""17"": 14252}",0,0.0,10,40.0,60.0,20.0,250000,534016,249888,4.0,sgcp-density-cap,1,ns3,899,0.5,10,12,28,,,[],[],,,11,20,
2026_07_29_02_32_08,000134,20,all-cluster-heads,docs\doc_workspace\SGCP\artifacts\early_from_late_checkpoint_20260719\enable_coperception_early_from_attentive.yaml,dynamic_cv,grid,utility,utility,none,0,0,,potential_verified_cov_coalition_game,6,,5;20,20;5,5,"{""5"": 1}","{""5"": 34, ""20"": 13917}",544,0.3025583982202447,10,40.0,60.0,20.0,250000,534016,249888,4.0,sgcp-density-cap,1,ns3,899,0.5,10,12,28,,,[],[],5>20:5,,21,33,
2026_07_29_02_32_08,000136,4,all-cluster-heads,docs\doc_workspace\SGCP\artifacts\early_from_late_checkpoint_20260719\enable_coperception_early_from_attentive.yaml,dynamic_cv,grid,utility,utility,none,0,0,,potential_verified_cov_coalition_game,6,,4;7;8;12,4;7;12,7;12,"{""7"": 16, ""12"": 16}","{""4"": 13765, ""7"": 2659, ""12"": 3981}",106240,35.42602892102336,10,40.0,60.0,20.0,250000,546592,249696,4.0,sgcp-density-cap,1,ns3,899,0.5,10,12,28,,,[],[],7>4:9;12>4:0,,22,46,
2026_07_29_02_32_08,000136,11,all-cluster-heads,docs\doc_workspace\SGCP\artifacts\early_from_late_checkpoint_20260719\enable_coperception_early_from_attentive.yaml,dynamic_cv,grid,utility,utility,none,0,0,,potential_verified_cov_coalition_game,6,,1;2;11;19,11;2;19,2;19,"{""2"": 16, ""19"": 16}","{""2"": 2691, ""11"": 13869, ""19"": 3654}",101520,32.516129032258064,10,40.0,60.0,20.0,250000,546592,249696,4.0,sgcp-density-cap,1,ns3,899,0.5,10,12,28,,,[],[],2>11:8;19>11:1,,23,50,
2026_07_29_02_32_08,000136,13,all-cluster-heads,docs\doc_workspace\SGCP\artifacts\early_from_late_checkpoint_20260719\enable_coperception_early_from_attentive.yaml,dynamic_cv,grid,utility,utility,none,0,0,,potential_verified_cov_coalition_game,6,,9;10;13;14,13;10,10,"{""10"": 7}","{""10"": 2621, ""13"": 13374}",41936,23.323692992213573,10,40.0,60.0,20.0,250000,546592,249696,4.0,sgcp-density-cap,1,ns3,899,0.5,10,12,28,,,[],[],10>13:2,,8,32,
2026_07_29_02_32_08,000136,15,all-cluster-heads,docs\doc_workspace\SGCP\artifacts\early_from_late_checkpoint_20260719\enable_coperception_early_from_attentive.yaml,dynamic_cv,grid,utility,utility,none,0,0,,potential_verified_cov_coalition_game,6,,6;15,15,,{},"{""15"": 13717}",0,0.0,10,40.0,60.0,20.0,250000,546592,249696,4.0,sgcp-density-cap,1,ns3,899,0.5,10,12,28,,,[],[],,,21,28,
2026_07_29_02_32_08,000136,17,all-cluster-heads,docs\doc_workspace\SGCP\artifacts\early_from_late_checkpoint_20260719\enable_coperception_early_from_attentive.yaml,dynamic_cv,grid,utility,utility,none,0,0,,potential_verified_cov_coalition_game,6,,3;16;17;18,17,,{},"{""17"": 14256}",0,0.0,10,40.0,60.0,20.0,250000,546592,249696,4.0,sgcp-density-cap,1,ns3,899,0.5,10,12,28,,,[],[],,,10,20,
2026_07_29_02_32_08,000136,20,all-cluster-heads,docs\doc_workspace\SGCP\artifacts\early_from_late_checkpoint_20260719\enable_coperception_early_from_attentive.yaml,dynamic_cv,grid,utility,utility,none,0,0,,potential_verified_cov_coalition_game,6,,5;20,20,,{},"{""20"": 13920}",0,0.0,10,40.0,60.0,20.0,250000,546592,249696,4.0,sgcp-density-cap,1,ns3,899,0.5,10,12,28,,,[],[],,,21,32,
2026_07_29_02_32_08,000138,4,all-cluster-heads,docs\doc_workspace\SGCP\artifacts\early_from_late_checkpoint_20260719\enable_coperception_early_from_attentive.yaml,dynamic_cv,grid,utility,utility,none,0,0,,potential_verified_cov_coalition_game,6,,4;7;8;12,4;7;12,7;12,"{""7"": 16, ""12"": 16}","{""4"": 13763, ""7"": 2644, ""12"": 4078}",107552,36.28921023359288,10,40.0,60.0,20.0,250000,535504,249824,4.0,sgcp-density-cap,1,ns3,899,0.5,10,12,28,,,[],[],7>4:8;12>4:0,,22,47,
2026_07_29_02_32_08,000138,11,all-cluster-heads,docs\doc_workspace\SGCP\artifacts\early_from_late_checkpoint_20260719\enable_coperception_early_from_attentive.yaml,dynamic_cv,grid,utility,utility,none,0,0,,potential_verified_cov_coalition_game,6,,1;2;11;19,11;2;19,2;19,"{""2"": 16, ""19"": 16}","{""2"": 2680, ""11"": 13868, ""19"": 3654}",101344,32.516129032258064,10,40.0,60.0,20.0,250000,535504,249824,4.0,sgcp-density-cap,1,ns3,899,0.5,10,12,28,,,[],[],2>11:7;19>11:1,,23,50,
2026_07_29_02_32_08,000138,13,all-cluster-heads,docs\doc_workspace\SGCP\artifacts\early_from_late_checkpoint_20260719\enable_coperception_early_from_attentive.yaml,dynamic_cv,grid,utility,utility,none,0,0,,potential_verified_cov_coalition_game,6,,9;10;13;14,13;10,10,"{""10"": 7}","{""10"": 2518, ""13"": 13373}",40288,22.407119021134594,10,40.0,60.0,20.0,250000,535504,249824,4.0,sgcp-density-cap,1,ns3,899,0.5,10,12,28,,,[],[],10>13:2,,9,32,
2026_07_29_02_32_08,000138,15,all-cluster-heads,docs\doc_workspace\SGCP\artifacts\early_from_late_checkpoint_20260719\enable_coperception_early_from_attentive.yaml,dynamic_cv,grid,utility,utility,none,0,0,,potential_verified_cov_coalition_game,6,,6;15,15,,{},"{""15"": 13742}",0,0.0,10,40.0,60.0,20.0,250000,535504,249824,4.0,sgcp-density-cap,1,ns3,899,0.5,10,12,28,,,[],[],,,22,28,
2026_07_29_02_32_08,000138,17,all-cluster-heads,docs\doc_workspace\SGCP\artifacts\early_from_late_checkpoint_20260719\enable_coperception_early_from_attentive.yaml,dynamic_cv,grid,utility,utility,none,0,0,,potential_verified_cov_coalition_game,6,,3;16;17;18,17,,{},"{""17"": 14254}",0,0.0,10,40.0,60.0,20.0,250000,535504,249824,4.0,sgcp-density-cap,1,ns3,899,0.5,10,12,28,,,[],[],,,11,20,
2026_07_29_02_32_08,000138,20,all-cluster-heads,docs\doc_workspace\SGCP\artifacts\early_from_late_checkpoint_20260719\enable_coperception_early_from_attentive.yaml,dynamic_cv,grid,utility,utility,none,0,0,,potential_verified_cov_coalition_game,6,,5;20,20;5,5,"{""5"": 1}","{""5"": 40, ""20"": 13925}",640,0.3559510567296997,10,40.0,60.0,20.0,250000,535504,249824,4.0,sgcp-density-cap,1,ns3,899,0.5,10,12,28,,,[],[],5>20:5,,22,34,
2026_07_29_02_32_08,000140,4,all-cluster-heads,docs\doc_workspace\SGCP\artifacts\early_from_late_checkpoint_20260719\enable_coperception_early_from_attentive.yaml,dynamic_cv,grid,utility,utility,none,0,0,,potential_verified_cov_coalition_game,6,,4;7;8;12,4;7;12,7;12,"{""7"": 16, ""12"": 16}","{""4"": 13760, ""7"": 2624, ""12"": 4131}",108080,36.76084538375973,10,40.0,60.0,20.0,250000,536896,249696,4.0,sgcp-density-cap,1,ns3,899,0.5,10,12,28,,,[],[],7>4:8;12>4:0,,23,47,
2026_07_29_02_32_08,000140,11,all-cluster-heads,docs\doc_workspace\SGCP\artifacts\early_from_late_checkpoint_20260719\enable_coperception_early_from_attentive.yaml,dynamic_cv,grid,utility,utility,none,0,0,,potential_verified_cov_coalition_game,6,,1;2;11;19,11;2;19,2;19,"{""2"": 16, ""19"": 16}","{""2"": 2663, ""11"": 13871, ""19"": 3654}",101072,32.516129032258064,10,40.0,60.0,20.0,250000,536896,249696,4.0,sgcp-density-cap,1,ns3,899,0.5,10,12,28,,,[],[],2>11:7;19>11:1,,24,49,
2026_07_29_02_32_08,000140,13,all-cluster-heads,docs\doc_workspace\SGCP\artifacts\early_from_late_checkpoint_20260719\enable_coperception_early_from_attentive.yaml,dynamic_cv,grid,utility,utility,none,0,0,,potential_verified_cov_coalition_game,6,,9;10;13;14,13;10,10,"{""10"": 7}","{""10"": 2534, ""13"": 13344}",40544,22.549499443826473,10,40.0,60.0,20.0,250000,536896,249696,4.0,sgcp-density-cap,1,ns3,899,0.5,10,12,28,,,[],[],10>13:2,,9,32,
2026_07_29_02_32_08,000140,15,all-cluster-heads,docs\doc_workspace\SGCP\artifacts\early_from_late_checkpoint_20260719\enable_coperception_early_from_attentive.yaml,dynamic_cv,grid,utility,utility,none,0,0,,potential_verified_cov_coalition_game,6,,6;15,15,,{},"{""15"": 13738}",0,0.0,10,40.0,60.0,20.0,250000,536896,249696,4.0,sgcp-density-cap,1,ns3,899,0.5,10,12,28,,,[],[],,,20,28,
2026_07_29_02_32_08,000140,17,all-cluster-heads,docs\doc_workspace\SGCP\artifacts\early_from_late_checkpoint_20260719\enable_coperception_early_from_attentive.yaml,dynamic_cv,grid,utility,utility,none,0,0,,potential_verified_cov_coalition_game,6,,3;16;17;18,17,,{},"{""17"": 14258}",0,0.0,10,40.0,60.0,20.0,250000,536896,249696,4.0,sgcp-density-cap,1,ns3,899,0.5,10,12,28,,,[],[],,,12,20,
2026_07_29_02_32_08,000140,20,all-cluster-heads,docs\doc_workspace\SGCP\artifacts\early_from_late_checkpoint_20260719\enable_coperception_early_from_attentive.yaml,dynamic_cv,grid,utility,utility,none,0,0,,potential_verified_cov_coalition_game,6,,5;20,20,,{},"{""20"": 13922}",0,0.0,10,40.0,60.0,20.0,250000,536896,249696,4.0,sgcp-density-cap,1,ns3,899,0.5,10,12,28,,,[],[],,,22,31,
