COMMAND: C:\Users\sakakibara\miniconda3\envs\opencda\python.exe -m opencda.tools.offline_inference --dataset-root D:\Data\Carla --scenario-id 2026_07_29_02_32_08 --ego-cav-id 1 --max-frames 41 --fusion-method early --coperception-yaml docs\doc_workspace\SGCP\artifacts\early_from_late_checkpoint_20260719\enable_coperception_early_from_attentive.yaml --bandwidth-mhz 40 --num-channels 10 --channel-estimator ns3 --ns3-tb-size-bytes 899 --ns3-slot-duration-ms 0.5 --ns3-subchannel-prbs 10 --ns3-symbols-per-slot 12 --ns3-mcs 28 --communication-deadline-ms 60 --gt-scope sample --cav-count 20 --sgcp-constrained --clustering singleton --sgcp-receiver-policy all-cavs --sgcp-upload-mode head_only --sgcp-trace-output docs\doc_workspace\SGCP\artifacts\dense_cav_sweep_20260731\N20\no_collaboration_trace.csv --eval-stats-output docs\doc_workspace\SGCP\artifacts\dense_cav_sweep_20260731\N20\no_collaboration_eval_stats.csv

Format = auto
Extension = pcd
Format = auto
Extension = pcd
Format = auto
Extension = pcd
Format = auto
Extension = pcd
Format = auto
Extension = pcd
Format = auto
Extension = pcd
Format = auto
Extension = pcd
Format = auto
Extension = pcd
Format = auto
Extension = pcd
Format = auto
Extension = pcd
Format = auto
Extension = pcd
Format = auto
Extension = pcd
Format = auto
Extension = pcd
Format = auto
Extension = pcd
Format = auto
Extension = pcd
Format = auto
Extension = pcd
Format = auto
Extension = pcd
Format = auto
Extension = pcd
Format = auto
Extension = pcd
Format = auto
Extension = pcd
Format = auto
Extension = pcd
Format = auto
Extension = pcd
Format = auto
Extension = pcd
Format = auto
Extension = pcd
Format = auto
Extension = pcd
Format = auto
Extension = pcd
Format = auto
Extension = pcd
Format = auto
Extension = pcd
Format = auto
Extension = pcd
Format = auto
Extension = pcd
Format = auto
Extension = pcd
Format = auto
Extension = pcd
Format = auto
Extension = pcd
Format = auto
Extension = pcd
Format = auto
Extension = pcd
Format = auto
Extension = pcd
Format = auto
Extension = pcd
Format = auto
Extension = pcd
Format = auto
Extension = pcd
Format = auto
Extension = pcd
resuming by loading epoch 10000
frame=1/41 receiver_sample=1/20 scenario=2026_07_29_02_32_08 timestamp=000060 cavs=[1]
sgcp_constrained receiver=1 policy=all-cavs sources=[1] clusters=20 ra=potential_game comm_bytes=0 selected_grids={}
fusion_method=early pred_boxes=21 gt_boxes=41
pred_scores_shape=(21,)
frame=1/41 receiver_sample=2/20 scenario=2026_07_29_02_32_08 timestamp=000060 cavs=[2]
sgcp_constrained receiver=2 policy=all-cavs sources=[2] clusters=20 ra=potential_game comm_bytes=0 selected_grids={}
fusion_method=early pred_boxes=22 gt_boxes=38
pred_scores_shape=(22,)
frame=1/41 receiver_sample=3/20 scenario=2026_07_29_02_32_08 timestamp=000060 cavs=[3]
sgcp_constrained receiver=3 policy=all-cavs sources=[3] clusters=20 ra=potential_game comm_bytes=0 selected_grids={}
fusion_method=early pred_boxes=18 gt_boxes=27
pred_scores_shape=(18,)
frame=1/41 receiver_sample=4/20 scenario=2026_07_29_02_32_08 timestamp=000060 cavs=[4]
sgcp_constrained receiver=4 policy=all-cavs sources=[4] clusters=20 ra=potential_game comm_bytes=0 selected_grids={}
fusion_method=early pred_boxes=20 gt_boxes=34
pred_scores_shape=(20,)
frame=1/41 receiver_sample=5/20 scenario=2026_07_29_02_32_08 timestamp=000060 cavs=[5]
sgcp_constrained receiver=5 policy=all-cavs sources=[5] clusters=20 ra=potential_game comm_bytes=0 selected_grids={}
fusion_method=early pred_boxes=19 gt_boxes=39
pred_scores_shape=(19,)
frame=1/41 receiver_sample=6/20 scenario=2026_07_29_02_32_08 timestamp=000060 cavs=[6]
sgcp_constrained receiver=6 policy=all-cavs sources=[6] clusters=20 ra=potential_game comm_bytes=0 selected_grids={}
fusion_method=early pred_boxes=12 gt_boxes=13
pred_scores_shape=(12,)
frame=1/41 receiver_sample=7/20 scenario=2026_07_29_02_32_08 timestamp=000060 cavs=[7]
sgcp_constrained receiver=7 policy=all-cavs sources=[7] clusters=20 ra=potential_game comm_bytes=0 selected_grids={}
fusion_method=early pred_boxes=24 gt_boxes=36
pred_scores_shape=(24,)
frame=1/41 receiver_sample=8/20 scenario=2026_07_29_02_32_08 timestamp=000060 cavs=[8]
sgcp_constrained receiver=8 policy=all-cavs sources=[8] clusters=20 ra=potential_game comm_bytes=0 selected_grids={}
fusion_method=early pred_boxes=21 gt_boxes=42
pred_scores_shape=(21,)
frame=1/41 receiver_sample=9/20 scenario=2026_07_29_02_32_08 timestamp=000060 cavs=[9]
sgcp_constrained receiver=9 policy=all-cavs sources=[9] clusters=20 ra=potential_game comm_bytes=0 selected_grids={}
fusion_method=early pred_boxes=19 gt_boxes=35
pred_scores_shape=(19,)
frame=1/41 receiver_sample=10/20 scenario=2026_07_29_02_32_08 timestamp=000060 cavs=[10]
sgcp_constrained receiver=10 policy=all-cavs sources=[10] clusters=20 ra=potential_game comm_bytes=0 selected_grids={}
fusion_method=early pred_boxes=22 gt_boxes=42
pred_scores_shape=(22,)
frame=1/41 receiver_sample=11/20 scenario=2026_07_29_02_32_08 timestamp=000060 cavs=[11]
sgcp_constrained receiver=11 policy=all-cavs sources=[11] clusters=20 ra=potential_game comm_bytes=0 selected_grids={}
fusion_method=early pred_boxes=21 gt_boxes=42
pred_scores_shape=(21,)
frame=1/41 receiver_sample=12/20 scenario=2026_07_29_02_32_08 timestamp=000060 cavs=[12]
sgcp_constrained receiver=12 policy=all-cavs sources=[12] clusters=20 ra=potential_game comm_bytes=0 selected_grids={}
fusion_method=early pred_boxes=21 gt_boxes=40
pred_scores_shape=(21,)
frame=1/41 receiver_sample=13/20 scenario=2026_07_29_02_32_08 timestamp=000060 cavs=[13]
sgcp_constrained receiver=13 policy=all-cavs sources=[13] clusters=20 ra=potential_game comm_bytes=0 selected_grids={}
fusion_method=early pred_boxes=12 gt_boxes=25
pred_scores_shape=(12,)
frame=1/41 receiver_sample=14/20 scenario=2026_07_29_02_32_08 timestamp=000060 cavs=[14]
sgcp_constrained receiver=14 policy=all-cavs sources=[14] clusters=20 ra=potential_game comm_bytes=0 selected_grids={}
fusion_method=early pred_boxes=3 gt_boxes=5
pred_scores_shape=(3,)
frame=1/41 receiver_sample=15/20 scenario=2026_07_29_02_32_08 timestamp=000060 cavs=[15]
sgcp_constrained receiver=15 policy=all-cavs sources=[15] clusters=20 ra=potential_game comm_bytes=0 selected_grids={}
fusion_method=early pred_boxes=17 gt_boxes=21
pred_scores_shape=(17,)
frame=1/41 receiver_sample=16/20 scenario=2026_07_29_02_32_08 timestamp=000060 cavs=[16]
sgcp_constrained receiver=16 policy=all-cavs sources=[16] clusters=20 ra=potential_game comm_bytes=0 selected_grids={}
fusion_method=early pred_boxes=26 gt_boxes=36
pred_scores_shape=(26,)
frame=1/41 receiver_sample=17/20 scenario=2026_07_29_02_32_08 timestamp=000060 cavs=[17]
sgcp_constrained receiver=17 policy=all-cavs sources=[17] clusters=20 ra=potential_game comm_bytes=0 selected_grids={}
fusion_method=early pred_boxes=17 gt_boxes=28
pred_scores_shape=(17,)
frame=1/41 receiver_sample=18/20 scenario=2026_07_29_02_32_08 timestamp=000060 cavs=[18]
sgcp_constrained receiver=18 policy=all-cavs sources=[18] clusters=20 ra=potential_game comm_bytes=0 selected_grids={}
fusion_method=early pred_boxes=16 gt_boxes=17
pred_scores_shape=(16,)
frame=1/41 receiver_sample=19/20 scenario=2026_07_29_02_32_08 timestamp=000060 cavs=[19]
sgcp_constrained receiver=19 policy=all-cavs sources=[19] clusters=20 ra=potential_game comm_bytes=0 selected_grids={}
fusion_method=early pred_boxes=13 gt_boxes=25
pred_scores_shape=(13,)
frame=1/41 receiver_sample=20/20 scenario=2026_07_29_02_32_08 timestamp=000060 cavs=[20]
sgcp_constrained receiver=20 policy=all-cavs sources=[20] clusters=20 ra=potential_game comm_bytes=0 selected_grids={}
fusion_method=early pred_boxes=22 gt_boxes=35
pred_scores_shape=(22,)
frame=2/41 receiver_sample=1/20 scenario=2026_07_29_02_32_08 timestamp=000062 cavs=[1]
sgcp_constrained receiver=1 policy=all-cavs sources=[1] clusters=20 ra=potential_game comm_bytes=0 selected_grids={}
fusion_method=early pred_boxes=21 gt_boxes=42
pred_scores_shape=(21,)
frame=2/41 receiver_sample=2/20 scenario=2026_07_29_02_32_08 timestamp=000062 cavs=[2]
sgcp_constrained receiver=2 policy=all-cavs sources=[2] clusters=20 ra=potential_game comm_bytes=0 selected_grids={}
fusion_method=early pred_boxes=21 gt_boxes=38
pred_scores_shape=(21,)
frame=2/41 receiver_sample=3/20 scenario=2026_07_29_02_32_08 timestamp=000062 cavs=[3]
sgcp_constrained receiver=3 policy=all-cavs sources=[3] clusters=20 ra=potential_game comm_bytes=0 selected_grids={}
fusion_method=early pred_boxes=20 gt_boxes=27
pred_scores_shape=(20,)
frame=2/41 receiver_sample=4/20 scenario=2026_07_29_02_32_08 timestamp=000062 cavs=[4]
sgcp_constrained receiver=4 policy=all-cavs sources=[4] clusters=20 ra=potential_game comm_bytes=0 selected_grids={}
fusion_method=early pred_boxes=18 gt_boxes=34
pred_scores_shape=(18,)
frame=2/41 receiver_sample=5/20 scenario=2026_07_29_02_32_08 timestamp=000062 cavs=[5]
sgcp_constrained receiver=5 policy=all-cavs sources=[5] clusters=20 ra=potential_game comm_bytes=0 selected_grids={}
fusion_method=early pred_boxes=18 gt_boxes=38
pred_scores_shape=(18,)
frame=2/41 receiver_sample=6/20 scenario=2026_07_29_02_32_08 timestamp=000062 cavs=[6]
sgcp_constrained receiver=6 policy=all-cavs sources=[6] clusters=20 ra=potential_game comm_bytes=0 selected_grids={}
fusion_method=early pred_boxes=12 gt_boxes=13
pred_scores_shape=(12,)
frame=2/41 receiver_sample=7/20 scenario=2026_07_29_02_32_08 timestamp=000062 cavs=[7]
sgcp_constrained receiver=7 policy=all-cavs sources=[7] clusters=20 ra=potential_game comm_bytes=0 selected_grids={}
fusion_method=early pred_boxes=24 gt_boxes=38
pred_scores_shape=(24,)
frame=2/41 receiver_sample=8/20 scenario=2026_07_29_02_32_08 timestamp=000062 cavs=[8]
sgcp_constrained receiver=8 policy=all-cavs sources=[8] clusters=20 ra=potential_game comm_bytes=0 selected_grids={}
fusion_method=early pred_boxes=22 gt_boxes=43
pred_scores_shape=(22,)
frame=2/41 receiver_sample=9/20 scenario=2026_07_29_02_32_08 timestamp=000062 cavs=[9]
sgcp_constrained receiver=9 policy=all-cavs sources=[9] clusters=20 ra=potential_game comm_bytes=0 selected_grids={}
fusion_method=early pred_boxes=17 gt_boxes=35
pred_scores_shape=(17,)
frame=2/41 receiver_sample=10/20 scenario=2026_07_29_02_32_08 timestamp=000062 cavs=[10]Format = auto
Extension = pcd
Format = auto
Extension = pcd
Format = auto
Extension = pcd
Format = auto
Extension = pcd
Format = auto
Extension = pcd
Format = auto
Extension = pcd
Format = auto
Extension = pcd
Format = auto
Extension = pcd
Format = auto
Extension = pcd
Format = auto
Extension = pcd
Format = auto
Extension = pcd
Format = auto
Extension = pcd
Format = auto
Extension = pcd
Format = auto
Extension = pcd
Format = auto
Extension = pcd
Format = auto
Extension = pcd
Format = auto
Extension = pcd
Format = auto
Extension = pcd
Format = auto
Extension = pcd
Format = auto
Extension = pcd

sgcp_constrained receiver=10 policy=all-cavs sources=[10] clusters=20 ra=potential_game comm_bytes=0 selected_grids={}
fusion_method=early pred_boxes=22 gt_boxes=40
pred_scores_shape=(22,)
frame=2/41 receiver_sample=11/20 scenario=2026_07_29_02_32_08 timestamp=000062 cavs=[11]
sgcp_constrained receiver=11 policy=all-cavs sources=[11] clusters=20 ra=potential_game comm_bytes=0 selected_grids={}
fusion_method=early pred_boxes=18 gt_boxes=43
pred_scores_shape=(18,)
frame=2/41 receiver_sample=12/20 scenario=2026_07_29_02_32_08 timestamp=000062 cavs=[12]
sgcp_constrained receiver=12 policy=all-cavs sources=[12] clusters=20 ra=potential_game comm_bytes=0 selected_grids={}
fusion_method=early pred_boxes=15 gt_boxes=38
pred_scores_shape=(15,)
frame=2/41 receiver_sample=13/20 scenario=2026_07_29_02_32_08 timestamp=000062 cavs=[13]
sgcp_constrained receiver=13 policy=all-cavs sources=[13] clusters=20 ra=potential_game comm_bytes=0 selected_grids={}
fusion_method=early pred_boxes=12 gt_boxes=25
pred_scores_shape=(12,)
frame=2/41 receiver_sample=14/20 scenario=2026_07_29_02_32_08 timestamp=000062 cavs=[14]
sgcp_constrained receiver=14 policy=all-cavs sources=[14] clusters=20 ra=potential_game comm_bytes=0 selected_grids={}
fusion_method=early pred_boxes=3 gt_boxes=6
pred_scores_shape=(3,)
frame=2/41 receiver_sample=15/20 scenario=2026_07_29_02_32_08 timestamp=000062 cavs=[15]
sgcp_constrained receiver=15 policy=all-cavs sources=[15] clusters=20 ra=potential_game comm_bytes=0 selected_grids={}
fusion_method=early pred_boxes=16 gt_boxes=21
pred_scores_shape=(16,)
frame=2/41 receiver_sample=16/20 scenario=2026_07_29_02_32_08 timestamp=000062 cavs=[16]
sgcp_constrained receiver=16 policy=all-cavs sources=[16] clusters=20 ra=potential_game comm_bytes=0 selected_grids={}
fusion_method=early pred_boxes=23 gt_boxes=37
pred_scores_shape=(23,)
frame=2/41 receiver_sample=17/20 scenario=2026_07_29_02_32_08 timestamp=000062 cavs=[17]
sgcp_constrained receiver=17 policy=all-cavs sources=[17] clusters=20 ra=potential_game comm_bytes=0 selected_grids={}
fusion_method=early pred_boxes=21 gt_boxes=28
pred_scores_shape=(21,)
frame=2/41 receiver_sample=18/20 scenario=2026_07_29_02_32_08 timestamp=000062 cavs=[18]
sgcp_constrained receiver=18 policy=all-cavs sources=[18] clusters=20 ra=potential_game comm_bytes=0 selected_grids={}
fusion_method=early pred_boxes=16 gt_boxes=17
pred_scores_shape=(16,)
frame=2/41 receiver_sample=19/20 scenario=2026_07_29_02_32_08 timestamp=000062 cavs=[19]
sgcp_constrained receiver=19 policy=all-cavs sources=[19] clusters=20 ra=potential_game comm_bytes=0 selected_grids={}
fusion_method=early pred_boxes=11 gt_boxes=26
pred_scores_shape=(11,)
frame=2/41 receiver_sample=20/20 scenario=2026_07_29_02_32_08 timestamp=000062 cavs=[20]
sgcp_constrained receiver=20 policy=all-cavs sources=[20] clusters=20 ra=potential_game comm_bytes=0 selected_grids={}
fusion_method=early pred_boxes=24 gt_boxes=34
pred_scores_shape=(24,)
frame=3/41 receiver_sample=1/20 scenario=2026_07_29_02_32_08 timestamp=000064 cavs=[1]
sgcp_constrained receiver=1 policy=all-cavs sources=[1] clusters=20 ra=potential_game comm_bytes=0 selected_grids={}
fusion_method=early pred_boxes=22 gt_boxes=40
pred_scores_shape=(22,)
frame=3/41 receiver_sample=2/20 scenario=2026_07_29_02_32_08 timestamp=000064 cavs=[2]
sgcp_constrained receiver=2 policy=all-cavs sources=[2] clusters=20 ra=potential_game comm_bytes=0 selected_grids={}
fusion_method=early pred_boxes=21 gt_boxes=38
pred_scores_shape=(21,)
frame=3/41 receiver_sample=3/20 scenario=2026_07_29_02_32_08 timestamp=000064 cavs=[3]
sgcp_constrained receiver=3 policy=all-cavs sources=[3] clusters=20 ra=potential_game comm_bytes=0 selected_grids={}
fusion_method=early pred_boxes=18 gt_boxes=27
pred_scores_shape=(18,)
frame=3/41 receiver_sample=4/20 scenario=2026_07_29_02_32_08 timestamp=000064 cavs=[4]
sgcp_constrained receiver=4 policy=all-cavs sources=[4] clusters=20 ra=potential_game comm_bytes=0 selected_grids={}
fusion_method=early pred_boxes=19 gt_boxes=36
pred_scores_shape=(19,)
frame=3/41 receiver_sample=5/20 scenario=2026_07_29_02_32_08 timestamp=000064 cavs=[5]
sgcp_constrained receiver=5 policy=all-cavs sources=[5] clusters=20 ra=potential_game comm_bytes=0 selected_grids={}
fusion_method=early pred_boxes=18 gt_boxes=38
pred_scores_shape=(18,)
frame=3/41 receiver_sample=6/20 scenario=2026_07_29_02_32_08 timestamp=000064 cavs=[6]
sgcp_constrained receiver=6 policy=all-cavs sources=[6] clusters=20 ra=potential_game comm_bytes=0 selected_grids={}
fusion_method=early pred_boxes=12 gt_boxes=13
pred_scores_shape=(12,)
frame=3/41 receiver_sample=7/20 scenario=2026_07_29_02_32_08 timestamp=000064 cavs=[7]
sgcp_constrained receiver=7 policy=all-cavs sources=[7] clusters=20 ra=potential_game comm_bytes=0 selected_grids={}
fusion_method=early pred_boxes=24 gt_boxes=36
pred_scores_shape=(24,)
frame=3/41 receiver_sample=8/20 scenario=2026_07_29_02_32_08 timestamp=000064 cavs=[8]
sgcp_constrained receiver=8 policy=all-cavs sources=[8] clusters=20 ra=potential_game comm_bytes=0 selected_grids={}
fusion_method=early pred_boxes=23 gt_boxes=43
pred_scores_shape=(23,)
frame=3/41 receiver_sample=9/20 scenario=2026_07_29_02_32_08 timestamp=000064 cavs=[9]
sgcp_constrained receiver=9 policy=all-cavs sources=[9] clusters=20 ra=potential_game comm_bytes=0 selected_grids={}
fusion_method=early pred_boxes=19 gt_boxes=35
pred_scores_shape=(19,)
frame=3/41 receiver_sample=10/20 scenario=2026_07_29_02_32_08 timestamp=000064 cavs=[10]
sgcp_constrained receiver=10 policy=all-cavs sources=[10] clusters=20 ra=potential_game comm_bytes=0 selected_grids={}
fusion_method=early pred_boxes=22 gt_boxes=42
pred_scores_shape=(22,)
frame=3/41 receiver_sample=11/20 scenario=2026_07_29_02_32_08 timestamp=000064 cavs=[11]
sgcp_constrained receiver=11 policy=all-cavs sources=[11] clusters=20 ra=potential_game comm_bytes=0 selected_grids={}
fusion_method=early pred_boxes=20 gt_boxes=43
pred_scores_shape=(20,)
frame=3/41 receiver_sample=12/20 scenario=2026_07_29_02_32_08 timestamp=000064 cavs=[12]
sgcp_constrained receiver=12 policy=all-cavs sources=[12] clusters=20 ra=potential_game comm_bytes=0 selected_grids={}
fusion_method=early pred_boxes=17 gt_boxes=37
pred_scores_shape=(17,)
frame=3/41 receiver_sample=13/20 scenario=2026_07_29_02_32_08 timestamp=000064 cavs=[13]
sgcp_constrained receiver=13 policy=all-cavs sources=[13] clusters=20 ra=potential_game comm_bytes=0 selected_grids={}
fusion_method=early pred_boxes=12 gt_boxes=25
pred_scores_shape=(12,)
frame=3/41 receiver_sample=14/20 scenario=2026_07_29_02_32_08 timestamp=000064 cavs=[14]
sgcp_constrained receiver=14 policy=all-cavs sources=[14] clusters=20 ra=potential_game comm_bytes=0 selected_grids={}
fusion_method=early pred_boxes=3 gt_boxes=6
pred_scores_shape=(3,)
frame=3/41 receiver_sample=15/20 scenario=2026_07_29_02_32_08 timestamp=000064 cavs=[15]
sgcp_constrained receiver=15 policy=all-cavs sources=[15] clusters=20 ra=potential_game comm_bytes=0 selected_grids={}
fusion_method=early pred_boxes=16 gt_boxes=21
pred_scores_shape=(16,)
frame=3/41 receiver_sample=16/20 scenario=2026_07_29_02_32_08 timestamp=000064 cavs=[16]
sgcp_constrained receiver=16 policy=all-cavs sources=[16] clusters=20 ra=potential_game comm_bytes=0 selected_grids={}
fusion_method=early pred_boxes=24 gt_boxes=38
pred_scores_shape=(24,)
frame=3/41 receiver_sample=17/20 scenario=2026_07_29_02_32_08 timestamp=000064 cavs=[17]
sgcp_constrained receiver=17 policy=all-cavs sources=[17] clusters=20 ra=potential_game comm_bytes=0 selected_grids={}
fusion_method=early pred_boxes=17 gt_boxes=28
pred_scores_shape=(17,)
frame=3/41 receiver_sample=18/20 scenario=2026_07_29_02_32_08 timestamp=000064 cavs=[18]
sgcp_constrained receiver=18 policy=all-cavs sources=[18] clusters=20 ra=potential_game comm_bytes=0 selected_grids={}
fusion_method=early pred_boxes=16 gt_boxes=17
pred_scores_shape=(16,)
frame=3/41 receiver_sample=19/20 scenario=2026_07_29_02_32_08 timestamp=000064 cavs=[19]
sgcp_constrained receiver=19 policy=all-cavs sources=[19] clusters=20 ra=potential_game comm_bytes=0 selected_grids={}Format = auto
Extension = pcd
Format = auto
Extension = pcd
Format = auto
Extension = pcd
Format = auto
Extension = pcd
Format = auto
Extension = pcd
Format = auto
Extension = pcd
Format = auto
Extension = pcd
Format = auto
Extension = pcd
Format = auto
Extension = pcd
Format = auto
Extension = pcd
Format = auto
Extension = pcd
Format = auto
Extension = pcd
Format = auto
Extension = pcd
Format = auto
Extension = pcd
Format = auto
Extension = pcd
Format = auto
Extension = pcd
Format = auto
Extension = pcd
Format = auto
Extension = pcd
Format = auto
Extension = pcd
Format = auto
Extension = pcd
Format = auto
Extension = pcd
Format = auto
Extension = pcd
Format = auto
Extension = pcd
Format = auto
Extension = pcd
Format = auto
Extension = pcd
Format = auto
Extension = pcd
Format = auto
Extension = pcd
Format = auto
Extension = pcd
Format = auto
Extension = pcd
Format = auto
Extension = pcd
Format = auto
Extension = pcd
Format = auto
Extension = pcd
Format = auto
Extension = pcd
Format = auto
Extension = pcd
Format = auto
Extension = pcd
Format = auto
Extension = pcd
Format = auto
Extension = pcd
Format = auto
Extension = pcd
Format = auto
Extension = pcd
Format = auto
Extension = pcd

fusion_method=early pred_boxes=11 gt_boxes=27
pred_scores_shape=(11,)
frame=3/41 receiver_sample=20/20 scenario=2026_07_29_02_32_08 timestamp=000064 cavs=[20]
sgcp_constrained receiver=20 policy=all-cavs sources=[20] clusters=20 ra=potential_game comm_bytes=0 selected_grids={}
fusion_method=early pred_boxes=24 gt_boxes=34
pred_scores_shape=(24,)
frame=4/41 receiver_sample=1/20 scenario=2026_07_29_02_32_08 timestamp=000066 cavs=[1]
sgcp_constrained receiver=1 policy=all-cavs sources=[1] clusters=20 ra=potential_game comm_bytes=0 selected_grids={}
fusion_method=early pred_boxes=21 gt_boxes=40
pred_scores_shape=(21,)
frame=4/41 receiver_sample=2/20 scenario=2026_07_29_02_32_08 timestamp=000066 cavs=[2]
sgcp_constrained receiver=2 policy=all-cavs sources=[2] clusters=20 ra=potential_game comm_bytes=0 selected_grids={}
fusion_method=early pred_boxes=21 gt_boxes=38
pred_scores_shape=(21,)
frame=4/41 receiver_sample=3/20 scenario=2026_07_29_02_32_08 timestamp=000066 cavs=[3]
sgcp_constrained receiver=3 policy=all-cavs sources=[3] clusters=20 ra=potential_game comm_bytes=0 selected_grids={}
fusion_method=early pred_boxes=19 gt_boxes=27
pred_scores_shape=(19,)
frame=4/41 receiver_sample=4/20 scenario=2026_07_29_02_32_08 timestamp=000066 cavs=[4]
sgcp_constrained receiver=4 policy=all-cavs sources=[4] clusters=20 ra=potential_game comm_bytes=0 selected_grids={}
fusion_method=early pred_boxes=20 gt_boxes=36
pred_scores_shape=(20,)
frame=4/41 receiver_sample=5/20 scenario=2026_07_29_02_32_08 timestamp=000066 cavs=[5]
sgcp_constrained receiver=5 policy=all-cavs sources=[5] clusters=20 ra=potential_game comm_bytes=0 selected_grids={}
fusion_method=early pred_boxes=16 gt_boxes=39
pred_scores_shape=(16,)
frame=4/41 receiver_sample=6/20 scenario=2026_07_29_02_32_08 timestamp=000066 cavs=[6]
sgcp_constrained receiver=6 policy=all-cavs sources=[6] clusters=20 ra=potential_game comm_bytes=0 selected_grids={}
fusion_method=early pred_boxes=12 gt_boxes=14
pred_scores_shape=(12,)
frame=4/41 receiver_sample=7/20 scenario=2026_07_29_02_32_08 timestamp=000066 cavs=[7]
sgcp_constrained receiver=7 policy=all-cavs sources=[7] clusters=20 ra=potential_game comm_bytes=0 selected_grids={}
fusion_method=early pred_boxes=25 gt_boxes=36
pred_scores_shape=(25,)
frame=4/41 receiver_sample=8/20 scenario=2026_07_29_02_32_08 timestamp=000066 cavs=[8]
sgcp_constrained receiver=8 policy=all-cavs sources=[8] clusters=20 ra=potential_game comm_bytes=0 selected_grids={}
fusion_method=early pred_boxes=23 gt_boxes=42
pred_scores_shape=(23,)
frame=4/41 receiver_sample=9/20 scenario=2026_07_29_02_32_08 timestamp=000066 cavs=[9]
sgcp_constrained receiver=9 policy=all-cavs sources=[9] clusters=20 ra=potential_game comm_bytes=0 selected_grids={}
fusion_method=early pred_boxes=19 gt_boxes=35
pred_scores_shape=(19,)
frame=4/41 receiver_sample=10/20 scenario=2026_07_29_02_32_08 timestamp=000066 cavs=[10]
sgcp_constrained receiver=10 policy=all-cavs sources=[10] clusters=20 ra=potential_game comm_bytes=0 selected_grids={}
fusion_method=early pred_boxes=23 gt_boxes=41
pred_scores_shape=(23,)
frame=4/41 receiver_sample=11/20 scenario=2026_07_29_02_32_08 timestamp=000066 cavs=[11]
sgcp_constrained receiver=11 policy=all-cavs sources=[11] clusters=20 ra=potential_game comm_bytes=0 selected_grids={}
fusion_method=early pred_boxes=20 gt_boxes=44
pred_scores_shape=(20,)
frame=4/41 receiver_sample=12/20 scenario=2026_07_29_02_32_08 timestamp=000066 cavs=[12]
sgcp_constrained receiver=12 policy=all-cavs sources=[12] clusters=20 ra=potential_game comm_bytes=0 selected_grids={}
fusion_method=early pred_boxes=13 gt_boxes=36
pred_scores_shape=(13,)
frame=4/41 receiver_sample=13/20 scenario=2026_07_29_02_32_08 timestamp=000066 cavs=[13]
sgcp_constrained receiver=13 policy=all-cavs sources=[13] clusters=20 ra=potential_game comm_bytes=0 selected_grids={}
fusion_method=early pred_boxes=12 gt_boxes=25
pred_scores_shape=(12,)
frame=4/41 receiver_sample=14/20 scenario=2026_07_29_02_32_08 timestamp=000066 cavs=[14]
sgcp_constrained receiver=14 policy=all-cavs sources=[14] clusters=20 ra=potential_game comm_bytes=0 selected_grids={}
fusion_method=early pred_boxes=3 gt_boxes=6
pred_scores_shape=(3,)
frame=4/41 receiver_sample=15/20 scenario=2026_07_29_02_32_08 timestamp=000066 cavs=[15]
sgcp_constrained receiver=15 policy=all-cavs sources=[15] clusters=20 ra=potential_game comm_bytes=0 selected_grids={}
fusion_method=early pred_boxes=16 gt_boxes=20
pred_scores_shape=(16,)
frame=4/41 receiver_sample=16/20 scenario=2026_07_29_02_32_08 timestamp=000066 cavs=[16]
sgcp_constrained receiver=16 policy=all-cavs sources=[16] clusters=20 ra=potential_game comm_bytes=0 selected_grids={}
fusion_method=early pred_boxes=23 gt_boxes=37
pred_scores_shape=(23,)
frame=4/41 receiver_sample=17/20 scenario=2026_07_29_02_32_08 timestamp=000066 cavs=[17]
sgcp_constrained receiver=17 policy=all-cavs sources=[17] clusters=20 ra=potential_game comm_bytes=0 selected_grids={}
fusion_method=early pred_boxes=19 gt_boxes=27
pred_scores_shape=(19,)
frame=4/41 receiver_sample=18/20 scenario=2026_07_29_02_32_08 timestamp=000066 cavs=[18]
sgcp_constrained receiver=18 policy=all-cavs sources=[18] clusters=20 ra=potential_game comm_bytes=0 selected_grids={}
fusion_method=early pred_boxes=16 gt_boxes=17
pred_scores_shape=(16,)
frame=4/41 receiver_sample=19/20 scenario=2026_07_29_02_32_08 timestamp=000066 cavs=[19]
sgcp_constrained receiver=19 policy=all-cavs sources=[19] clusters=20 ra=potential_game comm_bytes=0 selected_grids={}
fusion_method=early pred_boxes=8 gt_boxes=27
pred_scores_shape=(8,)
frame=4/41 receiver_sample=20/20 scenario=2026_07_29_02_32_08 timestamp=000066 cavs=[20]
sgcp_constrained receiver=20 policy=all-cavs sources=[20] clusters=20 ra=potential_game comm_bytes=0 selected_grids={}
fusion_method=early pred_boxes=24 gt_boxes=34
pred_scores_shape=(24,)
frame=5/41 receiver_sample=1/20 scenario=2026_07_29_02_32_08 timestamp=000068 cavs=[1]
sgcp_constrained receiver=1 policy=all-cavs sources=[1] clusters=20 ra=potential_game comm_bytes=0 selected_grids={}
fusion_method=early pred_boxes=20 gt_boxes=40
pred_scores_shape=(20,)
frame=5/41 receiver_sample=2/20 scenario=2026_07_29_02_32_08 timestamp=000068 cavs=[2]
sgcp_constrained receiver=2 policy=all-cavs sources=[2] clusters=20 ra=potential_game comm_bytes=0 selected_grids={}
fusion_method=early pred_boxes=21 gt_boxes=37
pred_scores_shape=(21,)
frame=5/41 receiver_sample=3/20 scenario=2026_07_29_02_32_08 timestamp=000068 cavs=[3]
sgcp_constrained receiver=3 policy=all-cavs sources=[3] clusters=20 ra=potential_game comm_bytes=0 selected_grids={}
fusion_method=early pred_boxes=18 gt_boxes=26
pred_scores_shape=(18,)
frame=5/41 receiver_sample=4/20 scenario=2026_07_29_02_32_08 timestamp=000068 cavs=[4]
sgcp_constrained receiver=4 policy=all-cavs sources=[4] clusters=20 ra=potential_game comm_bytes=0 selected_grids={}
fusion_method=early pred_boxes=17 gt_boxes=36
pred_scores_shape=(17,)
frame=5/41 receiver_sample=5/20 scenario=2026_07_29_02_32_08 timestamp=000068 cavs=[5]
sgcp_constrained receiver=5 policy=all-cavs sources=[5] clusters=20 ra=potential_game comm_bytes=0 selected_grids={}
fusion_method=early pred_boxes=18 gt_boxes=39
pred_scores_shape=(18,)
frame=5/41 receiver_sample=6/20 scenario=2026_07_29_02_32_08 timestamp=000068 cavs=[6]
sgcp_constrained receiver=6 policy=all-cavs sources=[6] clusters=20 ra=potential_game comm_bytes=0 selected_grids={}
fusion_method=early pred_boxes=13 gt_boxes=15
pred_scores_shape=(13,)
frame=5/41 receiver_sample=7/20 scenario=2026_07_29_02_32_08 timestamp=000068 cavs=[7]
sgcp_constrained receiver=7 policy=all-cavs sources=[7] clusters=20 ra=potential_game comm_bytes=0 selected_grids={}
fusion_method=early pred_boxes=21 gt_boxes=36
pred_scores_shape=(21,)
frame=5/41 receiver_sample=8/20 scenario=2026_07_29_02_32_08 timestamp=000068 cavs=[8]
sgcp_constrained receiver=8 policy=all-cavs sources=[8] clusters=20 ra=potential_game comm_bytes=0 selected_grids={}
fusion_method=early pred_boxes=21 gt_boxes=41
pred_scores_shape=(21,)
frame=5/41 receiver_sample=9/20 scenario=2026_07_29_02_32_08 timestamp=000068 cavs=[9]Format = auto
Extension = pcd
Format = auto
Extension = pcd
Format = auto
Extension = pcd
Format = auto
Extension = pcd
Format = auto
Extension = pcd
Format = auto
Extension = pcd
Format = auto
Extension = pcd
Format = auto
Extension = pcd
Format = auto
Extension = pcd
Format = auto
Extension = pcd
Format = auto
Extension = pcd
Format = auto
Extension = pcd
Format = auto
Extension = pcd
Format = auto
Extension = pcd
Format = auto
Extension = pcd
Format = auto
Extension = pcd
Format = auto
Extension = pcd
Format = auto
Extension = pcd
Format = auto
Extension = pcd
Format = auto
Extension = pcd

sgcp_constrained receiver=9 policy=all-cavs sources=[9] clusters=20 ra=potential_game comm_bytes=0 selected_grids={}
fusion_method=early pred_boxes=18 gt_boxes=35
pred_scores_shape=(18,)
frame=5/41 receiver_sample=10/20 scenario=2026_07_29_02_32_08 timestamp=000068 cavs=[10]
sgcp_constrained receiver=10 policy=all-cavs sources=[10] clusters=20 ra=potential_game comm_bytes=0 selected_grids={}
fusion_method=early pred_boxes=20 gt_boxes=40
pred_scores_shape=(20,)
frame=5/41 receiver_sample=11/20 scenario=2026_07_29_02_32_08 timestamp=000068 cavs=[11]
sgcp_constrained receiver=11 policy=all-cavs sources=[11] clusters=20 ra=potential_game comm_bytes=0 selected_grids={}
fusion_method=early pred_boxes=20 gt_boxes=44
pred_scores_shape=(20,)
frame=5/41 receiver_sample=12/20 scenario=2026_07_29_02_32_08 timestamp=000068 cavs=[12]
sgcp_constrained receiver=12 policy=all-cavs sources=[12] clusters=20 ra=potential_game comm_bytes=0 selected_grids={}
fusion_method=early pred_boxes=14 gt_boxes=34
pred_scores_shape=(14,)
frame=5/41 receiver_sample=13/20 scenario=2026_07_29_02_32_08 timestamp=000068 cavs=[13]
sgcp_constrained receiver=13 policy=all-cavs sources=[13] clusters=20 ra=potential_game comm_bytes=0 selected_grids={}
fusion_method=early pred_boxes=12 gt_boxes=26
pred_scores_shape=(12,)
frame=5/41 receiver_sample=14/20 scenario=2026_07_29_02_32_08 timestamp=000068 cavs=[14]
sgcp_constrained receiver=14 policy=all-cavs sources=[14] clusters=20 ra=potential_game comm_bytes=0 selected_grids={}
fusion_method=early pred_boxes=3 gt_boxes=6
pred_scores_shape=(3,)
frame=5/41 receiver_sample=15/20 scenario=2026_07_29_02_32_08 timestamp=000068 cavs=[15]
sgcp_constrained receiver=15 policy=all-cavs sources=[15] clusters=20 ra=potential_game comm_bytes=0 selected_grids={}
fusion_method=early pred_boxes=16 gt_boxes=20
pred_scores_shape=(16,)
frame=5/41 receiver_sample=16/20 scenario=2026_07_29_02_32_08 timestamp=000068 cavs=[16]
sgcp_constrained receiver=16 policy=all-cavs sources=[16] clusters=20 ra=potential_game comm_bytes=0 selected_grids={}
fusion_method=early pred_boxes=22 gt_boxes=38
pred_scores_shape=(22,)
frame=5/41 receiver_sample=17/20 scenario=2026_07_29_02_32_08 timestamp=000068 cavs=[17]
sgcp_constrained receiver=17 policy=all-cavs sources=[17] clusters=20 ra=potential_game comm_bytes=0 selected_grids={}
fusion_method=early pred_boxes=16 gt_boxes=27
pred_scores_shape=(16,)
frame=5/41 receiver_sample=18/20 scenario=2026_07_29_02_32_08 timestamp=000068 cavs=[18]
sgcp_constrained receiver=18 policy=all-cavs sources=[18] clusters=20 ra=potential_game comm_bytes=0 selected_grids={}
fusion_method=early pred_boxes=17 gt_boxes=17
pred_scores_shape=(17,)
frame=5/41 receiver_sample=19/20 scenario=2026_07_29_02_32_08 timestamp=000068 cavs=[19]
sgcp_constrained receiver=19 policy=all-cavs sources=[19] clusters=20 ra=potential_game comm_bytes=0 selected_grids={}
fusion_method=early pred_boxes=12 gt_boxes=26
pred_scores_shape=(12,)
frame=5/41 receiver_sample=20/20 scenario=2026_07_29_02_32_08 timestamp=000068 cavs=[20]
sgcp_constrained receiver=20 policy=all-cavs sources=[20] clusters=20 ra=potential_game comm_bytes=0 selected_grids={}
fusion_method=early pred_boxes=25 gt_boxes=35
pred_scores_shape=(25,)
frame=6/41 receiver_sample=1/20 scenario=2026_07_29_02_32_08 timestamp=000070 cavs=[1]
sgcp_constrained receiver=1 policy=all-cavs sources=[1] clusters=20 ra=potential_game comm_bytes=0 selected_grids={}
fusion_method=early pred_boxes=21 gt_boxes=41
pred_scores_shape=(21,)
frame=6/41 receiver_sample=2/20 scenario=2026_07_29_02_32_08 timestamp=000070 cavs=[2]
sgcp_constrained receiver=2 policy=all-cavs sources=[2] clusters=20 ra=potential_game comm_bytes=0 selected_grids={}
fusion_method=early pred_boxes=22 gt_boxes=37
pred_scores_shape=(22,)
frame=6/41 receiver_sample=3/20 scenario=2026_07_29_02_32_08 timestamp=000070 cavs=[3]
sgcp_constrained receiver=3 policy=all-cavs sources=[3] clusters=20 ra=potential_game comm_bytes=0 selected_grids={}
fusion_method=early pred_boxes=18 gt_boxes=26
pred_scores_shape=(18,)
frame=6/41 receiver_sample=4/20 scenario=2026_07_29_02_32_08 timestamp=000070 cavs=[4]
sgcp_constrained receiver=4 policy=all-cavs sources=[4] clusters=20 ra=potential_game comm_bytes=0 selected_grids={}
fusion_method=early pred_boxes=21 gt_boxes=37
pred_scores_shape=(21,)
frame=6/41 receiver_sample=5/20 scenario=2026_07_29_02_32_08 timestamp=000070 cavs=[5]
sgcp_constrained receiver=5 policy=all-cavs sources=[5] clusters=20 ra=potential_game comm_bytes=0 selected_grids={}
fusion_method=early pred_boxes=18 gt_boxes=38
pred_scores_shape=(18,)
frame=6/41 receiver_sample=6/20 scenario=2026_07_29_02_32_08 timestamp=000070 cavs=[6]
sgcp_constrained receiver=6 policy=all-cavs sources=[6] clusters=20 ra=potential_game comm_bytes=0 selected_grids={}
fusion_method=early pred_boxes=12 gt_boxes=15
pred_scores_shape=(12,)
frame=6/41 receiver_sample=7/20 scenario=2026_07_29_02_32_08 timestamp=000070 cavs=[7]
sgcp_constrained receiver=7 policy=all-cavs sources=[7] clusters=20 ra=potential_game comm_bytes=0 selected_grids={}
fusion_method=early pred_boxes=21 gt_boxes=37
pred_scores_shape=(21,)
frame=6/41 receiver_sample=8/20 scenario=2026_07_29_02_32_08 timestamp=000070 cavs=[8]
sgcp_constrained receiver=8 policy=all-cavs sources=[8] clusters=20 ra=potential_game comm_bytes=0 selected_grids={}
fusion_method=early pred_boxes=22 gt_boxes=41
pred_scores_shape=(22,)
frame=6/41 receiver_sample=9/20 scenario=2026_07_29_02_32_08 timestamp=000070 cavs=[9]
sgcp_constrained receiver=9 policy=all-cavs sources=[9] clusters=20 ra=potential_game comm_bytes=0 selected_grids={}
fusion_method=early pred_boxes=19 gt_boxes=36
pred_scores_shape=(19,)
frame=6/41 receiver_sample=10/20 scenario=2026_07_29_02_32_08 timestamp=000070 cavs=[10]
sgcp_constrained receiver=10 policy=all-cavs sources=[10] clusters=20 ra=potential_game comm_bytes=0 selected_grids={}
fusion_method=early pred_boxes=22 gt_boxes=39
pred_scores_shape=(22,)
frame=6/41 receiver_sample=11/20 scenario=2026_07_29_02_32_08 timestamp=000070 cavs=[11]
sgcp_constrained receiver=11 policy=all-cavs sources=[11] clusters=20 ra=potential_game comm_bytes=0 selected_grids={}
fusion_method=early pred_boxes=18 gt_boxes=45
pred_scores_shape=(18,)
frame=6/41 receiver_sample=12/20 scenario=2026_07_29_02_32_08 timestamp=000070 cavs=[12]
sgcp_constrained receiver=12 policy=all-cavs sources=[12] clusters=20 ra=potential_game comm_bytes=0 selected_grids={}
fusion_method=early pred_boxes=12 gt_boxes=36
pred_scores_shape=(12,)
frame=6/41 receiver_sample=13/20 scenario=2026_07_29_02_32_08 timestamp=000070 cavs=[13]
sgcp_constrained receiver=13 policy=all-cavs sources=[13] clusters=20 ra=potential_game comm_bytes=0 selected_grids={}
fusion_method=early pred_boxes=12 gt_boxes=26
pred_scores_shape=(12,)
frame=6/41 receiver_sample=14/20 scenario=2026_07_29_02_32_08 timestamp=000070 cavs=[14]
sgcp_constrained receiver=14 policy=all-cavs sources=[14] clusters=20 ra=potential_game comm_bytes=0 selected_grids={}
fusion_method=early pred_boxes=3 gt_boxes=6
pred_scores_shape=(3,)
frame=6/41 receiver_sample=15/20 scenario=2026_07_29_02_32_08 timestamp=000070 cavs=[15]
sgcp_constrained receiver=15 policy=all-cavs sources=[15] clusters=20 ra=potential_game comm_bytes=0 selected_grids={}
fusion_method=early pred_boxes=17 gt_boxes=20
pred_scores_shape=(17,)
frame=6/41 receiver_sample=16/20 scenario=2026_07_29_02_32_08 timestamp=000070 cavs=[16]
sgcp_constrained receiver=16 policy=all-cavs sources=[16] clusters=20 ra=potential_game comm_bytes=0 selected_grids={}
fusion_method=early pred_boxes=26 gt_boxes=39
pred_scores_shape=(26,)
frame=6/41 receiver_sample=17/20 scenario=2026_07_29_02_32_08 timestamp=000070 cavs=[17]
sgcp_constrained receiver=17 policy=all-cavs sources=[17] clusters=20 ra=potential_game comm_bytes=0 selected_grids={}
fusion_method=early pred_boxes=19 gt_boxes=26
pred_scores_shape=(19,)
frame=6/41 receiver_sample=18/20 scenario=2026_07_29_02_32_08 timestamp=000070 cavs=[18]
sgcp_constrained receiver=18 policy=all-cavs sources=[18] clusters=20 ra=potential_game comm_bytes=0 selected_grids={}Format = auto
Extension = pcd
Format = auto
Extension = pcd
Format = auto
Extension = pcd
Format = auto
Extension = pcd
Format = auto
Extension = pcd
Format = auto
Extension = pcd
Format = auto
Extension = pcd
Format = auto
Extension = pcd
Format = auto
Extension = pcd
Format = auto
Extension = pcd
Format = auto
Extension = pcd
Format = auto
Extension = pcd
Format = auto
Extension = pcd
Format = auto
Extension = pcd
Format = auto
Extension = pcd
Format = auto
Extension = pcd
Format = auto
Extension = pcd
Format = auto
Extension = pcd
Format = auto
Extension = pcd
Format = auto
Extension = pcd
Format = auto
Extension = pcd
Format = auto
Extension = pcd
Format = auto
Extension = pcd
Format = auto
Extension = pcd
Format = auto
Extension = pcd
Format = auto
Extension = pcd
Format = auto
Extension = pcd
Format = auto
Extension = pcd
Format = auto
Extension = pcd
Format = auto
Extension = pcd
Format = auto
Extension = pcd
Format = auto
Extension = pcd
Format = auto
Extension = pcd
Format = auto
Extension = pcd
Format = auto
Extension = pcd
Format = auto
Extension = pcd
Format = auto
Extension = pcd
Format = auto
Extension = pcd
Format = auto
Extension = pcd
Format = auto
Extension = pcd

fusion_method=early pred_boxes=16 gt_boxes=17
pred_scores_shape=(16,)
frame=6/41 receiver_sample=19/20 scenario=2026_07_29_02_32_08 timestamp=000070 cavs=[19]
sgcp_constrained receiver=19 policy=all-cavs sources=[19] clusters=20 ra=potential_game comm_bytes=0 selected_grids={}
fusion_method=early pred_boxes=12 gt_boxes=25
pred_scores_shape=(12,)
frame=6/41 receiver_sample=20/20 scenario=2026_07_29_02_32_08 timestamp=000070 cavs=[20]
sgcp_constrained receiver=20 policy=all-cavs sources=[20] clusters=20 ra=potential_game comm_bytes=0 selected_grids={}
fusion_method=early pred_boxes=25 gt_boxes=35
pred_scores_shape=(25,)
frame=7/41 receiver_sample=1/20 scenario=2026_07_29_02_32_08 timestamp=000072 cavs=[1]
sgcp_constrained receiver=1 policy=all-cavs sources=[1] clusters=20 ra=potential_game comm_bytes=0 selected_grids={}
fusion_method=early pred_boxes=23 gt_boxes=43
pred_scores_shape=(23,)
frame=7/41 receiver_sample=2/20 scenario=2026_07_29_02_32_08 timestamp=000072 cavs=[2]
sgcp_constrained receiver=2 policy=all-cavs sources=[2] clusters=20 ra=potential_game comm_bytes=0 selected_grids={}
fusion_method=early pred_boxes=21 gt_boxes=38
pred_scores_shape=(21,)
frame=7/41 receiver_sample=3/20 scenario=2026_07_29_02_32_08 timestamp=000072 cavs=[3]
sgcp_constrained receiver=3 policy=all-cavs sources=[3] clusters=20 ra=potential_game comm_bytes=0 selected_grids={}
fusion_method=early pred_boxes=19 gt_boxes=26
pred_scores_shape=(19,)
frame=7/41 receiver_sample=4/20 scenario=2026_07_29_02_32_08 timestamp=000072 cavs=[4]
sgcp_constrained receiver=4 policy=all-cavs sources=[4] clusters=20 ra=potential_game comm_bytes=0 selected_grids={}
fusion_method=early pred_boxes=17 gt_boxes=37
pred_scores_shape=(17,)
frame=7/41 receiver_sample=5/20 scenario=2026_07_29_02_32_08 timestamp=000072 cavs=[5]
sgcp_constrained receiver=5 policy=all-cavs sources=[5] clusters=20 ra=potential_game comm_bytes=0 selected_grids={}
fusion_method=early pred_boxes=21 gt_boxes=38
pred_scores_shape=(21,)
frame=7/41 receiver_sample=6/20 scenario=2026_07_29_02_32_08 timestamp=000072 cavs=[6]
sgcp_constrained receiver=6 policy=all-cavs sources=[6] clusters=20 ra=potential_game comm_bytes=0 selected_grids={}
fusion_method=early pred_boxes=12 gt_boxes=15
pred_scores_shape=(12,)
frame=7/41 receiver_sample=7/20 scenario=2026_07_29_02_32_08 timestamp=000072 cavs=[7]
sgcp_constrained receiver=7 policy=all-cavs sources=[7] clusters=20 ra=potential_game comm_bytes=0 selected_grids={}
fusion_method=early pred_boxes=22 gt_boxes=36
pred_scores_shape=(22,)
frame=7/41 receiver_sample=8/20 scenario=2026_07_29_02_32_08 timestamp=000072 cavs=[8]
sgcp_constrained receiver=8 policy=all-cavs sources=[8] clusters=20 ra=potential_game comm_bytes=0 selected_grids={}
fusion_method=early pred_boxes=22 gt_boxes=41
pred_scores_shape=(22,)
frame=7/41 receiver_sample=9/20 scenario=2026_07_29_02_32_08 timestamp=000072 cavs=[9]
sgcp_constrained receiver=9 policy=all-cavs sources=[9] clusters=20 ra=potential_game comm_bytes=0 selected_grids={}
fusion_method=early pred_boxes=19 gt_boxes=36
pred_scores_shape=(19,)
frame=7/41 receiver_sample=10/20 scenario=2026_07_29_02_32_08 timestamp=000072 cavs=[10]
sgcp_constrained receiver=10 policy=all-cavs sources=[10] clusters=20 ra=potential_game comm_bytes=0 selected_grids={}
fusion_method=early pred_boxes=22 gt_boxes=40
pred_scores_shape=(22,)
frame=7/41 receiver_sample=11/20 scenario=2026_07_29_02_32_08 timestamp=000072 cavs=[11]
sgcp_constrained receiver=11 policy=all-cavs sources=[11] clusters=20 ra=potential_game comm_bytes=0 selected_grids={}
fusion_method=early pred_boxes=20 gt_boxes=45
pred_scores_shape=(20,)
frame=7/41 receiver_sample=12/20 scenario=2026_07_29_02_32_08 timestamp=000072 cavs=[12]
sgcp_constrained receiver=12 policy=all-cavs sources=[12] clusters=20 ra=potential_game comm_bytes=0 selected_grids={}
fusion_method=early pred_boxes=14 gt_boxes=34
pred_scores_shape=(14,)
frame=7/41 receiver_sample=13/20 scenario=2026_07_29_02_32_08 timestamp=000072 cavs=[13]
sgcp_constrained receiver=13 policy=all-cavs sources=[13] clusters=20 ra=potential_game comm_bytes=0 selected_grids={}
fusion_method=early pred_boxes=11 gt_boxes=26
pred_scores_shape=(11,)
frame=7/41 receiver_sample=14/20 scenario=2026_07_29_02_32_08 timestamp=000072 cavs=[14]
sgcp_constrained receiver=14 policy=all-cavs sources=[14] clusters=20 ra=potential_game comm_bytes=0 selected_grids={}
fusion_method=early pred_boxes=3 gt_boxes=6
pred_scores_shape=(3,)
frame=7/41 receiver_sample=15/20 scenario=2026_07_29_02_32_08 timestamp=000072 cavs=[15]
sgcp_constrained receiver=15 policy=all-cavs sources=[15] clusters=20 ra=potential_game comm_bytes=0 selected_grids={}
fusion_method=early pred_boxes=16 gt_boxes=20
pred_scores_shape=(16,)
frame=7/41 receiver_sample=16/20 scenario=2026_07_29_02_32_08 timestamp=000072 cavs=[16]
sgcp_constrained receiver=16 policy=all-cavs sources=[16] clusters=20 ra=potential_game comm_bytes=0 selected_grids={}
fusion_method=early pred_boxes=24 gt_boxes=37
pred_scores_shape=(24,)
frame=7/41 receiver_sample=17/20 scenario=2026_07_29_02_32_08 timestamp=000072 cavs=[17]
sgcp_constrained receiver=17 policy=all-cavs sources=[17] clusters=20 ra=potential_game comm_bytes=0 selected_grids={}
fusion_method=early pred_boxes=19 gt_boxes=26
pred_scores_shape=(19,)
frame=7/41 receiver_sample=18/20 scenario=2026_07_29_02_32_08 timestamp=000072 cavs=[18]
sgcp_constrained receiver=18 policy=all-cavs sources=[18] clusters=20 ra=potential_game comm_bytes=0 selected_grids={}
fusion_method=early pred_boxes=15 gt_boxes=17
pred_scores_shape=(15,)
frame=7/41 receiver_sample=19/20 scenario=2026_07_29_02_32_08 timestamp=000072 cavs=[19]
sgcp_constrained receiver=19 policy=all-cavs sources=[19] clusters=20 ra=potential_game comm_bytes=0 selected_grids={}
fusion_method=early pred_boxes=14 gt_boxes=26
pred_scores_shape=(14,)
frame=7/41 receiver_sample=20/20 scenario=2026_07_29_02_32_08 timestamp=000072 cavs=[20]
sgcp_constrained receiver=20 policy=all-cavs sources=[20] clusters=20 ra=potential_game comm_bytes=0 selected_grids={}
fusion_method=early pred_boxes=24 gt_boxes=35
pred_scores_shape=(24,)
frame=8/41 receiver_sample=1/20 scenario=2026_07_29_02_32_08 timestamp=000074 cavs=[1]
sgcp_constrained receiver=1 policy=all-cavs sources=[1] clusters=20 ra=potential_game comm_bytes=0 selected_grids={}
fusion_method=early pred_boxes=25 gt_boxes=44
pred_scores_shape=(25,)
frame=8/41 receiver_sample=2/20 scenario=2026_07_29_02_32_08 timestamp=000074 cavs=[2]
sgcp_constrained receiver=2 policy=all-cavs sources=[2] clusters=20 ra=potential_game comm_bytes=0 selected_grids={}
fusion_method=early pred_boxes=21 gt_boxes=38
pred_scores_shape=(21,)
frame=8/41 receiver_sample=3/20 scenario=2026_07_29_02_32_08 timestamp=000074 cavs=[3]
sgcp_constrained receiver=3 policy=all-cavs sources=[3] clusters=20 ra=potential_game comm_bytes=0 selected_grids={}
fusion_method=early pred_boxes=20 gt_boxes=26
pred_scores_shape=(20,)
frame=8/41 receiver_sample=4/20 scenario=2026_07_29_02_32_08 timestamp=000074 cavs=[4]
sgcp_constrained receiver=4 policy=all-cavs sources=[4] clusters=20 ra=potential_game comm_bytes=0 selected_grids={}
fusion_method=early pred_boxes=19 gt_boxes=37
pred_scores_shape=(19,)
frame=8/41 receiver_sample=5/20 scenario=2026_07_29_02_32_08 timestamp=000074 cavs=[5]
sgcp_constrained receiver=5 policy=all-cavs sources=[5] clusters=20 ra=potential_game comm_bytes=0 selected_grids={}
fusion_method=early pred_boxes=19 gt_boxes=35
pred_scores_shape=(19,)
frame=8/41 receiver_sample=6/20 scenario=2026_07_29_02_32_08 timestamp=000074 cavs=[6]
sgcp_constrained receiver=6 policy=all-cavs sources=[6] clusters=20 ra=potential_game comm_bytes=0 selected_grids={}
fusion_method=early pred_boxes=13 gt_boxes=15
pred_scores_shape=(13,)
frame=8/41 receiver_sample=7/20 scenario=2026_07_29_02_32_08 timestamp=000074 cavs=[7]
sgcp_constrained receiver=7 policy=all-cavs sources=[7] clusters=20 ra=potential_game comm_bytes=0 selected_grids={}
fusion_method=early pred_boxes=22 gt_boxes=37
pred_scores_shape=(22,)
frame=8/41 receiver_sample=8/20 scenario=2026_07_29_02_32_08 timestamp=000074 cavs=[8]Format = auto
Extension = pcd
Format = auto
Extension = pcd
Format = auto
Extension = pcd
Format = auto
Extension = pcd
Format = auto
Extension = pcd
Format = auto
Extension = pcd
Format = auto
Extension = pcd
Format = auto
Extension = pcd
Format = auto
Extension = pcd
Format = auto
Extension = pcd
Format = auto
Extension = pcd
Format = auto
Extension = pcd
Format = auto
Extension = pcd
Format = auto
Extension = pcd
Format = auto
Extension = pcd
Format = auto
Extension = pcd
Format = auto
Extension = pcd
Format = auto
Extension = pcd
Format = auto
Extension = pcd
Format = auto
Extension = pcd

sgcp_constrained receiver=8 policy=all-cavs sources=[8] clusters=20 ra=potential_game comm_bytes=0 selected_grids={}
fusion_method=early pred_boxes=24 gt_boxes=41
pred_scores_shape=(24,)
frame=8/41 receiver_sample=9/20 scenario=2026_07_29_02_32_08 timestamp=000074 cavs=[9]
sgcp_constrained receiver=9 policy=all-cavs sources=[9] clusters=20 ra=potential_game comm_bytes=0 selected_grids={}
fusion_method=early pred_boxes=20 gt_boxes=36
pred_scores_shape=(20,)
frame=8/41 receiver_sample=10/20 scenario=2026_07_29_02_32_08 timestamp=000074 cavs=[10]
sgcp_constrained receiver=10 policy=all-cavs sources=[10] clusters=20 ra=potential_game comm_bytes=0 selected_grids={}
fusion_method=early pred_boxes=21 gt_boxes=37
pred_scores_shape=(21,)
frame=8/41 receiver_sample=11/20 scenario=2026_07_29_02_32_08 timestamp=000074 cavs=[11]
sgcp_constrained receiver=11 policy=all-cavs sources=[11] clusters=20 ra=potential_game comm_bytes=0 selected_grids={}
fusion_method=early pred_boxes=21 gt_boxes=44
pred_scores_shape=(21,)
frame=8/41 receiver_sample=12/20 scenario=2026_07_29_02_32_08 timestamp=000074 cavs=[12]
sgcp_constrained receiver=12 policy=all-cavs sources=[12] clusters=20 ra=potential_game comm_bytes=0 selected_grids={}
fusion_method=early pred_boxes=13 gt_boxes=30
pred_scores_shape=(13,)
frame=8/41 receiver_sample=13/20 scenario=2026_07_29_02_32_08 timestamp=000074 cavs=[13]
sgcp_constrained receiver=13 policy=all-cavs sources=[13] clusters=20 ra=potential_game comm_bytes=0 selected_grids={}
fusion_method=early pred_boxes=12 gt_boxes=26
pred_scores_shape=(12,)
frame=8/41 receiver_sample=14/20 scenario=2026_07_29_02_32_08 timestamp=000074 cavs=[14]
sgcp_constrained receiver=14 policy=all-cavs sources=[14] clusters=20 ra=potential_game comm_bytes=0 selected_grids={}
fusion_method=early pred_boxes=3 gt_boxes=7
pred_scores_shape=(3,)
frame=8/41 receiver_sample=15/20 scenario=2026_07_29_02_32_08 timestamp=000074 cavs=[15]
sgcp_constrained receiver=15 policy=all-cavs sources=[15] clusters=20 ra=potential_game comm_bytes=0 selected_grids={}
fusion_method=early pred_boxes=16 gt_boxes=21
pred_scores_shape=(16,)
frame=8/41 receiver_sample=16/20 scenario=2026_07_29_02_32_08 timestamp=000074 cavs=[16]
sgcp_constrained receiver=16 policy=all-cavs sources=[16] clusters=20 ra=potential_game comm_bytes=0 selected_grids={}
fusion_method=early pred_boxes=23 gt_boxes=37
pred_scores_shape=(23,)
frame=8/41 receiver_sample=17/20 scenario=2026_07_29_02_32_08 timestamp=000074 cavs=[17]
sgcp_constrained receiver=17 policy=all-cavs sources=[17] clusters=20 ra=potential_game comm_bytes=0 selected_grids={}
fusion_method=early pred_boxes=21 gt_boxes=27
pred_scores_shape=(21,)
frame=8/41 receiver_sample=18/20 scenario=2026_07_29_02_32_08 timestamp=000074 cavs=[18]
sgcp_constrained receiver=18 policy=all-cavs sources=[18] clusters=20 ra=potential_game comm_bytes=0 selected_grids={}
fusion_method=early pred_boxes=14 gt_boxes=16
pred_scores_shape=(14,)
frame=8/41 receiver_sample=19/20 scenario=2026_07_29_02_32_08 timestamp=000074 cavs=[19]
sgcp_constrained receiver=19 policy=all-cavs sources=[19] clusters=20 ra=potential_game comm_bytes=0 selected_grids={}
fusion_method=early pred_boxes=12 gt_boxes=27
pred_scores_shape=(12,)
frame=8/41 receiver_sample=20/20 scenario=2026_07_29_02_32_08 timestamp=000074 cavs=[20]
sgcp_constrained receiver=20 policy=all-cavs sources=[20] clusters=20 ra=potential_game comm_bytes=0 selected_grids={}
fusion_method=early pred_boxes=25 gt_boxes=35
pred_scores_shape=(25,)
frame=9/41 receiver_sample=1/20 scenario=2026_07_29_02_32_08 timestamp=000076 cavs=[1]
sgcp_constrained receiver=1 policy=all-cavs sources=[1] clusters=20 ra=potential_game comm_bytes=0 selected_grids={}
fusion_method=early pred_boxes=24 gt_boxes=42
pred_scores_shape=(24,)
frame=9/41 receiver_sample=2/20 scenario=2026_07_29_02_32_08 timestamp=000076 cavs=[2]
sgcp_constrained receiver=2 policy=all-cavs sources=[2] clusters=20 ra=potential_game comm_bytes=0 selected_grids={}
fusion_method=early pred_boxes=22 gt_boxes=38
pred_scores_shape=(22,)
frame=9/41 receiver_sample=3/20 scenario=2026_07_29_02_32_08 timestamp=000076 cavs=[3]
sgcp_constrained receiver=3 policy=all-cavs sources=[3] clusters=20 ra=potential_game comm_bytes=0 selected_grids={}
fusion_method=early pred_boxes=19 gt_boxes=26
pred_scores_shape=(19,)
frame=9/41 receiver_sample=4/20 scenario=2026_07_29_02_32_08 timestamp=000076 cavs=[4]
sgcp_constrained receiver=4 policy=all-cavs sources=[4] clusters=20 ra=potential_game comm_bytes=0 selected_grids={}
fusion_method=early pred_boxes=19 gt_boxes=39
pred_scores_shape=(19,)
frame=9/41 receiver_sample=5/20 scenario=2026_07_29_02_32_08 timestamp=000076 cavs=[5]
sgcp_constrained receiver=5 policy=all-cavs sources=[5] clusters=20 ra=potential_game comm_bytes=0 selected_grids={}
fusion_method=early pred_boxes=21 gt_boxes=38
pred_scores_shape=(21,)
frame=9/41 receiver_sample=6/20 scenario=2026_07_29_02_32_08 timestamp=000076 cavs=[6]
sgcp_constrained receiver=6 policy=all-cavs sources=[6] clusters=20 ra=potential_game comm_bytes=0 selected_grids={}
fusion_method=early pred_boxes=13 gt_boxes=15
pred_scores_shape=(13,)
frame=9/41 receiver_sample=7/20 scenario=2026_07_29_02_32_08 timestamp=000076 cavs=[7]
sgcp_constrained receiver=7 policy=all-cavs sources=[7] clusters=20 ra=potential_game comm_bytes=0 selected_grids={}
fusion_method=early pred_boxes=24 gt_boxes=38
pred_scores_shape=(24,)
frame=9/41 receiver_sample=8/20 scenario=2026_07_29_02_32_08 timestamp=000076 cavs=[8]
sgcp_constrained receiver=8 policy=all-cavs sources=[8] clusters=20 ra=potential_game comm_bytes=0 selected_grids={}
fusion_method=early pred_boxes=26 gt_boxes=40
pred_scores_shape=(26,)
frame=9/41 receiver_sample=9/20 scenario=2026_07_29_02_32_08 timestamp=000076 cavs=[9]
sgcp_constrained receiver=9 policy=all-cavs sources=[9] clusters=20 ra=potential_game comm_bytes=0 selected_grids={}
fusion_method=early pred_boxes=19 gt_boxes=37
pred_scores_shape=(19,)
frame=9/41 receiver_sample=10/20 scenario=2026_07_29_02_32_08 timestamp=000076 cavs=[10]
sgcp_constrained receiver=10 policy=all-cavs sources=[10] clusters=20 ra=potential_game comm_bytes=0 selected_grids={}
fusion_method=early pred_boxes=19 gt_boxes=37
pred_scores_shape=(19,)
frame=9/41 receiver_sample=11/20 scenario=2026_07_29_02_32_08 timestamp=000076 cavs=[11]
sgcp_constrained receiver=11 policy=all-cavs sources=[11] clusters=20 ra=potential_game comm_bytes=0 selected_grids={}
fusion_method=early pred_boxes=21 gt_boxes=44
pred_scores_shape=(21,)
frame=9/41 receiver_sample=12/20 scenario=2026_07_29_02_32_08 timestamp=000076 cavs=[12]
sgcp_constrained receiver=12 policy=all-cavs sources=[12] clusters=20 ra=potential_game comm_bytes=0 selected_grids={}
fusion_method=early pred_boxes=11 gt_boxes=30
pred_scores_shape=(11,)
frame=9/41 receiver_sample=13/20 scenario=2026_07_29_02_32_08 timestamp=000076 cavs=[13]
sgcp_constrained receiver=13 policy=all-cavs sources=[13] clusters=20 ra=potential_game comm_bytes=0 selected_grids={}
fusion_method=early pred_boxes=11 gt_boxes=26
pred_scores_shape=(11,)
frame=9/41 receiver_sample=14/20 scenario=2026_07_29_02_32_08 timestamp=000076 cavs=[14]
sgcp_constrained receiver=14 policy=all-cavs sources=[14] clusters=20 ra=potential_game comm_bytes=0 selected_grids={}
fusion_method=early pred_boxes=3 gt_boxes=7
pred_scores_shape=(3,)
frame=9/41 receiver_sample=15/20 scenario=2026_07_29_02_32_08 timestamp=000076 cavs=[15]
sgcp_constrained receiver=15 policy=all-cavs sources=[15] clusters=20 ra=potential_game comm_bytes=0 selected_grids={}
fusion_method=early pred_boxes=16 gt_boxes=21
pred_scores_shape=(16,)
frame=9/41 receiver_sample=16/20 scenario=2026_07_29_02_32_08 timestamp=000076 cavs=[16]
sgcp_constrained receiver=16 policy=all-cavs sources=[16] clusters=20 ra=potential_game comm_bytes=0 selected_grids={}
fusion_method=early pred_boxes=26 gt_boxes=36
pred_scores_shape=(26,)
frame=9/41 receiver_sample=17/20 scenario=2026_07_29_02_32_08 timestamp=000076 cavs=[17]
sgcp_constrained receiver=17 policy=all-cavs sources=[17] clusters=20 ra=potential_game comm_bytes=0 selected_grids={}Format = auto
Extension = pcd
Format = auto
Extension = pcd
Format = auto
Extension = pcd
Format = auto
Extension = pcd
Format = auto
Extension = pcd
Format = auto
Extension = pcd
Format = auto
Extension = pcd
Format = auto
Extension = pcd
Format = auto
Extension = pcd
Format = auto
Extension = pcd
Format = auto
Extension = pcd
Format = auto
Extension = pcd
Format = auto
Extension = pcd
Format = auto
Extension = pcd
Format = auto
Extension = pcd
Format = auto
Extension = pcd
Format = auto
Extension = pcd
Format = auto
Extension = pcd
Format = auto
Extension = pcd
Format = auto
Extension = pcd
Format = auto
Extension = pcd
Format = auto
Extension = pcd
Format = auto
Extension = pcd
Format = auto
Extension = pcd
Format = auto
Extension = pcd
Format = auto
Extension = pcd
Format = auto
Extension = pcd
Format = auto
Extension = pcd
Format = auto
Extension = pcd
Format = auto
Extension = pcd
Format = auto
Extension = pcd
Format = auto
Extension = pcd
Format = auto
Extension = pcd
Format = auto
Extension = pcd
Format = auto
Extension = pcd
Format = auto
Extension = pcd
Format = auto
Extension = pcd
Format = auto
Extension = pcd
Format = auto
Extension = pcd
Format = auto
Extension = pcd

fusion_method=early pred_boxes=19 gt_boxes=28
pred_scores_shape=(19,)
frame=9/41 receiver_sample=18/20 scenario=2026_07_29_02_32_08 timestamp=000076 cavs=[18]
sgcp_constrained receiver=18 policy=all-cavs sources=[18] clusters=20 ra=potential_game comm_bytes=0 selected_grids={}
fusion_method=early pred_boxes=15 gt_boxes=16
pred_scores_shape=(15,)
frame=9/41 receiver_sample=19/20 scenario=2026_07_29_02_32_08 timestamp=000076 cavs=[19]
sgcp_constrained receiver=19 policy=all-cavs sources=[19] clusters=20 ra=potential_game comm_bytes=0 selected_grids={}
fusion_method=early pred_boxes=14 gt_boxes=27
pred_scores_shape=(14,)
frame=9/41 receiver_sample=20/20 scenario=2026_07_29_02_32_08 timestamp=000076 cavs=[20]
sgcp_constrained receiver=20 policy=all-cavs sources=[20] clusters=20 ra=potential_game comm_bytes=0 selected_grids={}
fusion_method=early pred_boxes=25 gt_boxes=35
pred_scores_shape=(25,)
frame=10/41 receiver_sample=1/20 scenario=2026_07_29_02_32_08 timestamp=000078 cavs=[1]
sgcp_constrained receiver=1 policy=all-cavs sources=[1] clusters=20 ra=potential_game comm_bytes=0 selected_grids={}
fusion_method=early pred_boxes=23 gt_boxes=43
pred_scores_shape=(23,)
frame=10/41 receiver_sample=2/20 scenario=2026_07_29_02_32_08 timestamp=000078 cavs=[2]
sgcp_constrained receiver=2 policy=all-cavs sources=[2] clusters=20 ra=potential_game comm_bytes=0 selected_grids={}
fusion_method=early pred_boxes=21 gt_boxes=37
pred_scores_shape=(21,)
frame=10/41 receiver_sample=3/20 scenario=2026_07_29_02_32_08 timestamp=000078 cavs=[3]
sgcp_constrained receiver=3 policy=all-cavs sources=[3] clusters=20 ra=potential_game comm_bytes=0 selected_grids={}
fusion_method=early pred_boxes=18 gt_boxes=25
pred_scores_shape=(18,)
frame=10/41 receiver_sample=4/20 scenario=2026_07_29_02_32_08 timestamp=000078 cavs=[4]
sgcp_constrained receiver=4 policy=all-cavs sources=[4] clusters=20 ra=potential_game comm_bytes=0 selected_grids={}
fusion_method=early pred_boxes=20 gt_boxes=37
pred_scores_shape=(20,)
frame=10/41 receiver_sample=5/20 scenario=2026_07_29_02_32_08 timestamp=000078 cavs=[5]
sgcp_constrained receiver=5 policy=all-cavs sources=[5] clusters=20 ra=potential_game comm_bytes=0 selected_grids={}
fusion_method=early pred_boxes=22 gt_boxes=37
pred_scores_shape=(22,)
frame=10/41 receiver_sample=6/20 scenario=2026_07_29_02_32_08 timestamp=000078 cavs=[6]
sgcp_constrained receiver=6 policy=all-cavs sources=[6] clusters=20 ra=potential_game comm_bytes=0 selected_grids={}
fusion_method=early pred_boxes=13 gt_boxes=15
pred_scores_shape=(13,)
frame=10/41 receiver_sample=7/20 scenario=2026_07_29_02_32_08 timestamp=000078 cavs=[7]
sgcp_constrained receiver=7 policy=all-cavs sources=[7] clusters=20 ra=potential_game comm_bytes=0 selected_grids={}
fusion_method=early pred_boxes=23 gt_boxes=39
pred_scores_shape=(23,)
frame=10/41 receiver_sample=8/20 scenario=2026_07_29_02_32_08 timestamp=000078 cavs=[8]
sgcp_constrained receiver=8 policy=all-cavs sources=[8] clusters=20 ra=potential_game comm_bytes=0 selected_grids={}
fusion_method=early pred_boxes=25 gt_boxes=39
pred_scores_shape=(25,)
frame=10/41 receiver_sample=9/20 scenario=2026_07_29_02_32_08 timestamp=000078 cavs=[9]
sgcp_constrained receiver=9 policy=all-cavs sources=[9] clusters=20 ra=potential_game comm_bytes=0 selected_grids={}
fusion_method=early pred_boxes=20 gt_boxes=37
pred_scores_shape=(20,)
frame=10/41 receiver_sample=10/20 scenario=2026_07_29_02_32_08 timestamp=000078 cavs=[10]
sgcp_constrained receiver=10 policy=all-cavs sources=[10] clusters=20 ra=potential_game comm_bytes=0 selected_grids={}
fusion_method=early pred_boxes=22 gt_boxes=39
pred_scores_shape=(22,)
frame=10/41 receiver_sample=11/20 scenario=2026_07_29_02_32_08 timestamp=000078 cavs=[11]
sgcp_constrained receiver=11 policy=all-cavs sources=[11] clusters=20 ra=potential_game comm_bytes=0 selected_grids={}
fusion_method=early pred_boxes=19 gt_boxes=44
pred_scores_shape=(19,)
frame=10/41 receiver_sample=12/20 scenario=2026_07_29_02_32_08 timestamp=000078 cavs=[12]
sgcp_constrained receiver=12 policy=all-cavs sources=[12] clusters=20 ra=potential_game comm_bytes=0 selected_grids={}
fusion_method=early pred_boxes=12 gt_boxes=33
pred_scores_shape=(12,)
frame=10/41 receiver_sample=13/20 scenario=2026_07_29_02_32_08 timestamp=000078 cavs=[13]
sgcp_constrained receiver=13 policy=all-cavs sources=[13] clusters=20 ra=potential_game comm_bytes=0 selected_grids={}
fusion_method=early pred_boxes=13 gt_boxes=26
pred_scores_shape=(13,)
frame=10/41 receiver_sample=14/20 scenario=2026_07_29_02_32_08 timestamp=000078 cavs=[14]
sgcp_constrained receiver=14 policy=all-cavs sources=[14] clusters=20 ra=potential_game comm_bytes=0 selected_grids={}
fusion_method=early pred_boxes=5 gt_boxes=7
pred_scores_shape=(5,)
frame=10/41 receiver_sample=15/20 scenario=2026_07_29_02_32_08 timestamp=000078 cavs=[15]
sgcp_constrained receiver=15 policy=all-cavs sources=[15] clusters=20 ra=potential_game comm_bytes=0 selected_grids={}
fusion_method=early pred_boxes=17 gt_boxes=21
pred_scores_shape=(17,)
frame=10/41 receiver_sample=16/20 scenario=2026_07_29_02_32_08 timestamp=000078 cavs=[16]
sgcp_constrained receiver=16 policy=all-cavs sources=[16] clusters=20 ra=potential_game comm_bytes=0 selected_grids={}
fusion_method=early pred_boxes=24 gt_boxes=34
pred_scores_shape=(24,)
frame=10/41 receiver_sample=17/20 scenario=2026_07_29_02_32_08 timestamp=000078 cavs=[17]
sgcp_constrained receiver=17 policy=all-cavs sources=[17] clusters=20 ra=potential_game comm_bytes=0 selected_grids={}
fusion_method=early pred_boxes=22 gt_boxes=28
pred_scores_shape=(22,)
frame=10/41 receiver_sample=18/20 scenario=2026_07_29_02_32_08 timestamp=000078 cavs=[18]
sgcp_constrained receiver=18 policy=all-cavs sources=[18] clusters=20 ra=potential_game comm_bytes=0 selected_grids={}
fusion_method=early pred_boxes=15 gt_boxes=17
pred_scores_shape=(15,)
frame=10/41 receiver_sample=19/20 scenario=2026_07_29_02_32_08 timestamp=000078 cavs=[19]
sgcp_constrained receiver=19 policy=all-cavs sources=[19] clusters=20 ra=potential_game comm_bytes=0 selected_grids={}
fusion_method=early pred_boxes=14 gt_boxes=27
pred_scores_shape=(14,)
frame=10/41 receiver_sample=20/20 scenario=2026_07_29_02_32_08 timestamp=000078 cavs=[20]
sgcp_constrained receiver=20 policy=all-cavs sources=[20] clusters=20 ra=potential_game comm_bytes=0 selected_grids={}
fusion_method=early pred_boxes=24 gt_boxes=34
pred_scores_shape=(24,)
frame=11/41 receiver_sample=1/20 scenario=2026_07_29_02_32_08 timestamp=000080 cavs=[1]
sgcp_constrained receiver=1 policy=all-cavs sources=[1] clusters=20 ra=potential_game comm_bytes=0 selected_grids={}
fusion_method=early pred_boxes=23 gt_boxes=42
pred_scores_shape=(23,)
frame=11/41 receiver_sample=2/20 scenario=2026_07_29_02_32_08 timestamp=000080 cavs=[2]
sgcp_constrained receiver=2 policy=all-cavs sources=[2] clusters=20 ra=potential_game comm_bytes=0 selected_grids={}
fusion_method=early pred_boxes=22 gt_boxes=38
pred_scores_shape=(22,)
frame=11/41 receiver_sample=3/20 scenario=2026_07_29_02_32_08 timestamp=000080 cavs=[3]
sgcp_constrained receiver=3 policy=all-cavs sources=[3] clusters=20 ra=potential_game comm_bytes=0 selected_grids={}
fusion_method=early pred_boxes=21 gt_boxes=25
pred_scores_shape=(21,)
frame=11/41 receiver_sample=4/20 scenario=2026_07_29_02_32_08 timestamp=000080 cavs=[4]
sgcp_constrained receiver=4 policy=all-cavs sources=[4] clusters=20 ra=potential_game comm_bytes=0 selected_grids={}
fusion_method=early pred_boxes=18 gt_boxes=35
pred_scores_shape=(18,)
frame=11/41 receiver_sample=5/20 scenario=2026_07_29_02_32_08 timestamp=000080 cavs=[5]
sgcp_constrained receiver=5 policy=all-cavs sources=[5] clusters=20 ra=potential_game comm_bytes=0 selected_grids={}
fusion_method=early pred_boxes=20 gt_boxes=39
pred_scores_shape=(20,)
frame=11/41 receiver_sample=6/20 scenario=2026_07_29_02_32_08 timestamp=000080 cavs=[6]
sgcp_constrained receiver=6 policy=all-cavs sources=[6] clusters=20 ra=potential_game comm_bytes=0 selected_grids={}
fusion_method=early pred_boxes=13 gt_boxes=16
pred_scores_shape=(13,)Format = auto
Extension = pcd
Format = auto
Extension = pcd
Format = auto
Extension = pcd
Format = auto
Extension = pcd
Format = auto
Extension = pcd
Format = auto
Extension = pcd
Format = auto
Extension = pcd
Format = auto
Extension = pcd
Format = auto
Extension = pcd
Format = auto
Extension = pcd
Format = auto
Extension = pcd
Format = auto
Extension = pcd
Format = auto
Extension = pcd
Format = auto
Extension = pcd
Format = auto
Extension = pcd
Format = auto
Extension = pcd
Format = auto
Extension = pcd
Format = auto
Extension = pcd
Format = auto
Extension = pcd
Format = auto
Extension = pcd

frame=11/41 receiver_sample=7/20 scenario=2026_07_29_02_32_08 timestamp=000080 cavs=[7]
sgcp_constrained receiver=7 policy=all-cavs sources=[7] clusters=20 ra=potential_game comm_bytes=0 selected_grids={}
fusion_method=early pred_boxes=24 gt_boxes=40
pred_scores_shape=(24,)
frame=11/41 receiver_sample=8/20 scenario=2026_07_29_02_32_08 timestamp=000080 cavs=[8]
sgcp_constrained receiver=8 policy=all-cavs sources=[8] clusters=20 ra=potential_game comm_bytes=0 selected_grids={}
fusion_method=early pred_boxes=23 gt_boxes=37
pred_scores_shape=(23,)
frame=11/41 receiver_sample=9/20 scenario=2026_07_29_02_32_08 timestamp=000080 cavs=[9]
sgcp_constrained receiver=9 policy=all-cavs sources=[9] clusters=20 ra=potential_game comm_bytes=0 selected_grids={}
fusion_method=early pred_boxes=20 gt_boxes=37
pred_scores_shape=(20,)
frame=11/41 receiver_sample=10/20 scenario=2026_07_29_02_32_08 timestamp=000080 cavs=[10]
sgcp_constrained receiver=10 policy=all-cavs sources=[10] clusters=20 ra=potential_game comm_bytes=0 selected_grids={}
fusion_method=early pred_boxes=22 gt_boxes=38
pred_scores_shape=(22,)
frame=11/41 receiver_sample=11/20 scenario=2026_07_29_02_32_08 timestamp=000080 cavs=[11]
sgcp_constrained receiver=11 policy=all-cavs sources=[11] clusters=20 ra=potential_game comm_bytes=0 selected_grids={}
fusion_method=early pred_boxes=21 gt_boxes=43
pred_scores_shape=(21,)
frame=11/41 receiver_sample=12/20 scenario=2026_07_29_02_32_08 timestamp=000080 cavs=[12]
sgcp_constrained receiver=12 policy=all-cavs sources=[12] clusters=20 ra=potential_game comm_bytes=0 selected_grids={}
fusion_method=early pred_boxes=12 gt_boxes=31
pred_scores_shape=(12,)
frame=11/41 receiver_sample=13/20 scenario=2026_07_29_02_32_08 timestamp=000080 cavs=[13]
sgcp_constrained receiver=13 policy=all-cavs sources=[13] clusters=20 ra=potential_game comm_bytes=0 selected_grids={}
fusion_method=early pred_boxes=13 gt_boxes=26
pred_scores_shape=(13,)
frame=11/41 receiver_sample=14/20 scenario=2026_07_29_02_32_08 timestamp=000080 cavs=[14]
sgcp_constrained receiver=14 policy=all-cavs sources=[14] clusters=20 ra=potential_game comm_bytes=0 selected_grids={}
fusion_method=early pred_boxes=3 gt_boxes=7
pred_scores_shape=(3,)
frame=11/41 receiver_sample=15/20 scenario=2026_07_29_02_32_08 timestamp=000080 cavs=[15]
sgcp_constrained receiver=15 policy=all-cavs sources=[15] clusters=20 ra=potential_game comm_bytes=0 selected_grids={}
fusion_method=early pred_boxes=15 gt_boxes=21
pred_scores_shape=(15,)
frame=11/41 receiver_sample=16/20 scenario=2026_07_29_02_32_08 timestamp=000080 cavs=[16]
sgcp_constrained receiver=16 policy=all-cavs sources=[16] clusters=20 ra=potential_game comm_bytes=0 selected_grids={}
fusion_method=early pred_boxes=25 gt_boxes=35
pred_scores_shape=(25,)
frame=11/41 receiver_sample=17/20 scenario=2026_07_29_02_32_08 timestamp=000080 cavs=[17]
sgcp_constrained receiver=17 policy=all-cavs sources=[17] clusters=20 ra=potential_game comm_bytes=0 selected_grids={}
fusion_method=early pred_boxes=21 gt_boxes=28
pred_scores_shape=(21,)
frame=11/41 receiver_sample=18/20 scenario=2026_07_29_02_32_08 timestamp=000080 cavs=[18]
sgcp_constrained receiver=18 policy=all-cavs sources=[18] clusters=20 ra=potential_game comm_bytes=0 selected_grids={}
fusion_method=early pred_boxes=15 gt_boxes=16
pred_scores_shape=(15,)
frame=11/41 receiver_sample=19/20 scenario=2026_07_29_02_32_08 timestamp=000080 cavs=[19]
sgcp_constrained receiver=19 policy=all-cavs sources=[19] clusters=20 ra=potential_game comm_bytes=0 selected_grids={}
fusion_method=early pred_boxes=14 gt_boxes=27
pred_scores_shape=(14,)
frame=11/41 receiver_sample=20/20 scenario=2026_07_29_02_32_08 timestamp=000080 cavs=[20]
sgcp_constrained receiver=20 policy=all-cavs sources=[20] clusters=20 ra=potential_game comm_bytes=0 selected_grids={}
fusion_method=early pred_boxes=25 gt_boxes=34
pred_scores_shape=(25,)
frame=12/41 receiver_sample=1/20 scenario=2026_07_29_02_32_08 timestamp=000082 cavs=[1]
sgcp_constrained receiver=1 policy=all-cavs sources=[1] clusters=20 ra=potential_game comm_bytes=0 selected_grids={}
fusion_method=early pred_boxes=24 gt_boxes=42
pred_scores_shape=(24,)
frame=12/41 receiver_sample=2/20 scenario=2026_07_29_02_32_08 timestamp=000082 cavs=[2]
sgcp_constrained receiver=2 policy=all-cavs sources=[2] clusters=20 ra=potential_game comm_bytes=0 selected_grids={}
fusion_method=early pred_boxes=19 gt_boxes=39
pred_scores_shape=(19,)
frame=12/41 receiver_sample=3/20 scenario=2026_07_29_02_32_08 timestamp=000082 cavs=[3]
sgcp_constrained receiver=3 policy=all-cavs sources=[3] clusters=20 ra=potential_game comm_bytes=0 selected_grids={}
fusion_method=early pred_boxes=17 gt_boxes=26
pred_scores_shape=(17,)
frame=12/41 receiver_sample=4/20 scenario=2026_07_29_02_32_08 timestamp=000082 cavs=[4]
sgcp_constrained receiver=4 policy=all-cavs sources=[4] clusters=20 ra=potential_game comm_bytes=0 selected_grids={}
fusion_method=early pred_boxes=21 gt_boxes=36
pred_scores_shape=(21,)
frame=12/41 receiver_sample=5/20 scenario=2026_07_29_02_32_08 timestamp=000082 cavs=[5]
sgcp_constrained receiver=5 policy=all-cavs sources=[5] clusters=20 ra=potential_game comm_bytes=0 selected_grids={}
fusion_method=early pred_boxes=20 gt_boxes=38
pred_scores_shape=(20,)
frame=12/41 receiver_sample=6/20 scenario=2026_07_29_02_32_08 timestamp=000082 cavs=[6]
sgcp_constrained receiver=6 policy=all-cavs sources=[6] clusters=20 ra=potential_game comm_bytes=0 selected_grids={}
fusion_method=early pred_boxes=13 gt_boxes=15
pred_scores_shape=(13,)
frame=12/41 receiver_sample=7/20 scenario=2026_07_29_02_32_08 timestamp=000082 cavs=[7]
sgcp_constrained receiver=7 policy=all-cavs sources=[7] clusters=20 ra=potential_game comm_bytes=0 selected_grids={}
fusion_method=early pred_boxes=25 gt_boxes=38
pred_scores_shape=(25,)
frame=12/41 receiver_sample=8/20 scenario=2026_07_29_02_32_08 timestamp=000082 cavs=[8]
sgcp_constrained receiver=8 policy=all-cavs sources=[8] clusters=20 ra=potential_game comm_bytes=0 selected_grids={}
fusion_method=early pred_boxes=22 gt_boxes=37
pred_scores_shape=(22,)
frame=12/41 receiver_sample=9/20 scenario=2026_07_29_02_32_08 timestamp=000082 cavs=[9]
sgcp_constrained receiver=9 policy=all-cavs sources=[9] clusters=20 ra=potential_game comm_bytes=0 selected_grids={}
fusion_method=early pred_boxes=21 gt_boxes=37
pred_scores_shape=(21,)
frame=12/41 receiver_sample=10/20 scenario=2026_07_29_02_32_08 timestamp=000082 cavs=[10]
sgcp_constrained receiver=10 policy=all-cavs sources=[10] clusters=20 ra=potential_game comm_bytes=0 selected_grids={}
fusion_method=early pred_boxes=23 gt_boxes=40
pred_scores_shape=(23,)
frame=12/41 receiver_sample=11/20 scenario=2026_07_29_02_32_08 timestamp=000082 cavs=[11]
sgcp_constrained receiver=11 policy=all-cavs sources=[11] clusters=20 ra=potential_game comm_bytes=0 selected_grids={}
fusion_method=early pred_boxes=20 gt_boxes=43
pred_scores_shape=(20,)
frame=12/41 receiver_sample=12/20 scenario=2026_07_29_02_32_08 timestamp=000082 cavs=[12]
sgcp_constrained receiver=12 policy=all-cavs sources=[12] clusters=20 ra=potential_game comm_bytes=0 selected_grids={}
fusion_method=early pred_boxes=15 gt_boxes=33
pred_scores_shape=(15,)
frame=12/41 receiver_sample=13/20 scenario=2026_07_29_02_32_08 timestamp=000082 cavs=[13]
sgcp_constrained receiver=13 policy=all-cavs sources=[13] clusters=20 ra=potential_game comm_bytes=0 selected_grids={}
fusion_method=early pred_boxes=12 gt_boxes=26
pred_scores_shape=(12,)
frame=12/41 receiver_sample=14/20 scenario=2026_07_29_02_32_08 timestamp=000082 cavs=[14]
sgcp_constrained receiver=14 policy=all-cavs sources=[14] clusters=20 ra=potential_game comm_bytes=0 selected_grids={}
fusion_method=early pred_boxes=4 gt_boxes=7
pred_scores_shape=(4,)
frame=12/41 receiver_sample=15/20 scenario=2026_07_29_02_32_08 timestamp=000082 cavs=[15]
sgcp_constrained receiver=15 policy=all-cavs sources=[15] clusters=20 ra=potential_game comm_bytes=0 selected_grids={}
fusion_method=early pred_boxes=17 gt_boxes=22
pred_scores_shape=(17,)
frame=12/41 receiver_sample=16/20 scenario=2026_07_29_02_32_08 timestamp=000082 cavs=[16]Format = auto
Extension = pcd
Format = auto
Extension = pcd
Format = auto
Extension = pcd
Format = auto
Extension = pcd
Format = auto
Extension = pcd
Format = auto
Extension = pcd
Format = auto
Extension = pcd
Format = auto
Extension = pcd
Format = auto
Extension = pcd
Format = auto
Extension = pcd
Format = auto
Extension = pcd
Format = auto
Extension = pcd
Format = auto
Extension = pcd
Format = auto
Extension = pcd
Format = auto
Extension = pcd
Format = auto
Extension = pcd
Format = auto
Extension = pcd
Format = auto
Extension = pcd
Format = auto
Extension = pcd
Format = auto
Extension = pcd
Format = auto
Extension = pcd
Format = auto
Extension = pcd
Format = auto
Extension = pcd
Format = auto
Extension = pcd
Format = auto
Extension = pcd
Format = auto
Extension = pcd
Format = auto
Extension = pcd
Format = auto
Extension = pcd
Format = auto
Extension = pcd
Format = auto
Extension = pcd
Format = auto
Extension = pcd
Format = auto
Extension = pcd
Format = auto
Extension = pcd
Format = auto
Extension = pcd
Format = auto
Extension = pcd
Format = auto
Extension = pcd
Format = auto
Extension = pcd
Format = auto
Extension = pcd
Format = auto
Extension = pcd
Format = auto
Extension = pcd

sgcp_constrained receiver=16 policy=all-cavs sources=[16] clusters=20 ra=potential_game comm_bytes=0 selected_grids={}
fusion_method=early pred_boxes=27 gt_boxes=36
pred_scores_shape=(27,)
frame=12/41 receiver_sample=17/20 scenario=2026_07_29_02_32_08 timestamp=000082 cavs=[17]
sgcp_constrained receiver=17 policy=all-cavs sources=[17] clusters=20 ra=potential_game comm_bytes=0 selected_grids={}
fusion_method=early pred_boxes=20 gt_boxes=27
pred_scores_shape=(20,)
frame=12/41 receiver_sample=18/20 scenario=2026_07_29_02_32_08 timestamp=000082 cavs=[18]
sgcp_constrained receiver=18 policy=all-cavs sources=[18] clusters=20 ra=potential_game comm_bytes=0 selected_grids={}
fusion_method=early pred_boxes=15 gt_boxes=16
pred_scores_shape=(15,)
frame=12/41 receiver_sample=19/20 scenario=2026_07_29_02_32_08 timestamp=000082 cavs=[19]
sgcp_constrained receiver=19 policy=all-cavs sources=[19] clusters=20 ra=potential_game comm_bytes=0 selected_grids={}
fusion_method=early pred_boxes=13 gt_boxes=28
pred_scores_shape=(13,)
frame=12/41 receiver_sample=20/20 scenario=2026_07_29_02_32_08 timestamp=000082 cavs=[20]
sgcp_constrained receiver=20 policy=all-cavs sources=[20] clusters=20 ra=potential_game comm_bytes=0 selected_grids={}
fusion_method=early pred_boxes=25 gt_boxes=35
pred_scores_shape=(25,)
frame=13/41 receiver_sample=1/20 scenario=2026_07_29_02_32_08 timestamp=000084 cavs=[1]
sgcp_constrained receiver=1 policy=all-cavs sources=[1] clusters=20 ra=potential_game comm_bytes=0 selected_grids={}
fusion_method=early pred_boxes=27 gt_boxes=42
pred_scores_shape=(27,)
frame=13/41 receiver_sample=2/20 scenario=2026_07_29_02_32_08 timestamp=000084 cavs=[2]
sgcp_constrained receiver=2 policy=all-cavs sources=[2] clusters=20 ra=potential_game comm_bytes=0 selected_grids={}
fusion_method=early pred_boxes=21 gt_boxes=38
pred_scores_shape=(21,)
frame=13/41 receiver_sample=3/20 scenario=2026_07_29_02_32_08 timestamp=000084 cavs=[3]
sgcp_constrained receiver=3 policy=all-cavs sources=[3] clusters=20 ra=potential_game comm_bytes=0 selected_grids={}
fusion_method=early pred_boxes=18 gt_boxes=26
pred_scores_shape=(18,)
frame=13/41 receiver_sample=4/20 scenario=2026_07_29_02_32_08 timestamp=000084 cavs=[4]
sgcp_constrained receiver=4 policy=all-cavs sources=[4] clusters=20 ra=potential_game comm_bytes=0 selected_grids={}
fusion_method=early pred_boxes=19 gt_boxes=37
pred_scores_shape=(19,)
frame=13/41 receiver_sample=5/20 scenario=2026_07_29_02_32_08 timestamp=000084 cavs=[5]
sgcp_constrained receiver=5 policy=all-cavs sources=[5] clusters=20 ra=potential_game comm_bytes=0 selected_grids={}
fusion_method=early pred_boxes=20 gt_boxes=39
pred_scores_shape=(20,)
frame=13/41 receiver_sample=6/20 scenario=2026_07_29_02_32_08 timestamp=000084 cavs=[6]
sgcp_constrained receiver=6 policy=all-cavs sources=[6] clusters=20 ra=potential_game comm_bytes=0 selected_grids={}
fusion_method=early pred_boxes=13 gt_boxes=15
pred_scores_shape=(13,)
frame=13/41 receiver_sample=7/20 scenario=2026_07_29_02_32_08 timestamp=000084 cavs=[7]
sgcp_constrained receiver=7 policy=all-cavs sources=[7] clusters=20 ra=potential_game comm_bytes=0 selected_grids={}
fusion_method=early pred_boxes=23 gt_boxes=38
pred_scores_shape=(23,)
frame=13/41 receiver_sample=8/20 scenario=2026_07_29_02_32_08 timestamp=000084 cavs=[8]
sgcp_constrained receiver=8 policy=all-cavs sources=[8] clusters=20 ra=potential_game comm_bytes=0 selected_grids={}
fusion_method=early pred_boxes=23 gt_boxes=37
pred_scores_shape=(23,)
frame=13/41 receiver_sample=9/20 scenario=2026_07_29_02_32_08 timestamp=000084 cavs=[9]
sgcp_constrained receiver=9 policy=all-cavs sources=[9] clusters=20 ra=potential_game comm_bytes=0 selected_grids={}
fusion_method=early pred_boxes=19 gt_boxes=37
pred_scores_shape=(19,)
frame=13/41 receiver_sample=10/20 scenario=2026_07_29_02_32_08 timestamp=000084 cavs=[10]
sgcp_constrained receiver=10 policy=all-cavs sources=[10] clusters=20 ra=potential_game comm_bytes=0 selected_grids={}
fusion_method=early pred_boxes=24 gt_boxes=39
pred_scores_shape=(24,)
frame=13/41 receiver_sample=11/20 scenario=2026_07_29_02_32_08 timestamp=000084 cavs=[11]
sgcp_constrained receiver=11 policy=all-cavs sources=[11] clusters=20 ra=potential_game comm_bytes=0 selected_grids={}
fusion_method=early pred_boxes=20 gt_boxes=43
pred_scores_shape=(20,)
frame=13/41 receiver_sample=12/20 scenario=2026_07_29_02_32_08 timestamp=000084 cavs=[12]
sgcp_constrained receiver=12 policy=all-cavs sources=[12] clusters=20 ra=potential_game comm_bytes=0 selected_grids={}
fusion_method=early pred_boxes=14 gt_boxes=32
pred_scores_shape=(14,)
frame=13/41 receiver_sample=13/20 scenario=2026_07_29_02_32_08 timestamp=000084 cavs=[13]
sgcp_constrained receiver=13 policy=all-cavs sources=[13] clusters=20 ra=potential_game comm_bytes=0 selected_grids={}
fusion_method=early pred_boxes=12 gt_boxes=25
pred_scores_shape=(12,)
frame=13/41 receiver_sample=14/20 scenario=2026_07_29_02_32_08 timestamp=000084 cavs=[14]
sgcp_constrained receiver=14 policy=all-cavs sources=[14] clusters=20 ra=potential_game comm_bytes=0 selected_grids={}
fusion_method=early pred_boxes=4 gt_boxes=7
pred_scores_shape=(4,)
frame=13/41 receiver_sample=15/20 scenario=2026_07_29_02_32_08 timestamp=000084 cavs=[15]
sgcp_constrained receiver=15 policy=all-cavs sources=[15] clusters=20 ra=potential_game comm_bytes=0 selected_grids={}
fusion_method=early pred_boxes=16 gt_boxes=22
pred_scores_shape=(16,)
frame=13/41 receiver_sample=16/20 scenario=2026_07_29_02_32_08 timestamp=000084 cavs=[16]
sgcp_constrained receiver=16 policy=all-cavs sources=[16] clusters=20 ra=potential_game comm_bytes=0 selected_grids={}
fusion_method=early pred_boxes=25 gt_boxes=36
pred_scores_shape=(25,)
frame=13/41 receiver_sample=17/20 scenario=2026_07_29_02_32_08 timestamp=000084 cavs=[17]
sgcp_constrained receiver=17 policy=all-cavs sources=[17] clusters=20 ra=potential_game comm_bytes=0 selected_grids={}
fusion_method=early pred_boxes=18 gt_boxes=26
pred_scores_shape=(18,)
frame=13/41 receiver_sample=18/20 scenario=2026_07_29_02_32_08 timestamp=000084 cavs=[18]
sgcp_constrained receiver=18 policy=all-cavs sources=[18] clusters=20 ra=potential_game comm_bytes=0 selected_grids={}
fusion_method=early pred_boxes=14 gt_boxes=16
pred_scores_shape=(14,)
frame=13/41 receiver_sample=19/20 scenario=2026_07_29_02_32_08 timestamp=000084 cavs=[19]
sgcp_constrained receiver=19 policy=all-cavs sources=[19] clusters=20 ra=potential_game comm_bytes=0 selected_grids={}
fusion_method=early pred_boxes=16 gt_boxes=29
pred_scores_shape=(16,)
frame=13/41 receiver_sample=20/20 scenario=2026_07_29_02_32_08 timestamp=000084 cavs=[20]
sgcp_constrained receiver=20 policy=all-cavs sources=[20] clusters=20 ra=potential_game comm_bytes=0 selected_grids={}
fusion_method=early pred_boxes=24 gt_boxes=35
pred_scores_shape=(24,)
frame=14/41 receiver_sample=1/20 scenario=2026_07_29_02_32_08 timestamp=000086 cavs=[1]
sgcp_constrained receiver=1 policy=all-cavs sources=[1] clusters=20 ra=potential_game comm_bytes=0 selected_grids={}
fusion_method=early pred_boxes=26 gt_boxes=41
pred_scores_shape=(26,)
frame=14/41 receiver_sample=2/20 scenario=2026_07_29_02_32_08 timestamp=000086 cavs=[2]
sgcp_constrained receiver=2 policy=all-cavs sources=[2] clusters=20 ra=potential_game comm_bytes=0 selected_grids={}
fusion_method=early pred_boxes=19 gt_boxes=39
pred_scores_shape=(19,)
frame=14/41 receiver_sample=3/20 scenario=2026_07_29_02_32_08 timestamp=000086 cavs=[3]
sgcp_constrained receiver=3 policy=all-cavs sources=[3] clusters=20 ra=potential_game comm_bytes=0 selected_grids={}
fusion_method=early pred_boxes=18 gt_boxes=26
pred_scores_shape=(18,)
frame=14/41 receiver_sample=4/20 scenario=2026_07_29_02_32_08 timestamp=000086 cavs=[4]
sgcp_constrained receiver=4 policy=all-cavs sources=[4] clusters=20 ra=potential_game comm_bytes=0 selected_grids={}
fusion_method=early pred_boxes=20 gt_boxes=38
pred_scores_shape=(20,)
frame=14/41 receiver_sample=5/20 scenario=2026_07_29_02_32_08 timestamp=000086 cavs=[5]
sgcp_constrained receiver=5 policy=all-cavs sources=[5] clusters=20 ra=potential_game comm_bytes=0 selected_grids={}Format = auto
Extension = pcd
Format = auto
Extension = pcd
Format = auto
Extension = pcd
Format = auto
Extension = pcd
Format = auto
Extension = pcd
Format = auto
Extension = pcd
Format = auto
Extension = pcd
Format = auto
Extension = pcd
Format = auto
Extension = pcd
Format = auto
Extension = pcd
Format = auto
Extension = pcd
Format = auto
Extension = pcd
Format = auto
Extension = pcd
Format = auto
Extension = pcd
Format = auto
Extension = pcd
Format = auto
Extension = pcd
Format = auto
Extension = pcd
Format = auto
Extension = pcd
Format = auto
Extension = pcd
Format = auto
Extension = pcd

fusion_method=early pred_boxes=22 gt_boxes=39
pred_scores_shape=(22,)
frame=14/41 receiver_sample=6/20 scenario=2026_07_29_02_32_08 timestamp=000086 cavs=[6]
sgcp_constrained receiver=6 policy=all-cavs sources=[6] clusters=20 ra=potential_game comm_bytes=0 selected_grids={}
fusion_method=early pred_boxes=14 gt_boxes=15
pred_scores_shape=(14,)
frame=14/41 receiver_sample=7/20 scenario=2026_07_29_02_32_08 timestamp=000086 cavs=[7]
sgcp_constrained receiver=7 policy=all-cavs sources=[7] clusters=20 ra=potential_game comm_bytes=0 selected_grids={}
fusion_method=early pred_boxes=22 gt_boxes=37
pred_scores_shape=(22,)
frame=14/41 receiver_sample=8/20 scenario=2026_07_29_02_32_08 timestamp=000086 cavs=[8]
sgcp_constrained receiver=8 policy=all-cavs sources=[8] clusters=20 ra=potential_game comm_bytes=0 selected_grids={}
fusion_method=early pred_boxes=23 gt_boxes=37
pred_scores_shape=(23,)
frame=14/41 receiver_sample=9/20 scenario=2026_07_29_02_32_08 timestamp=000086 cavs=[9]
sgcp_constrained receiver=9 policy=all-cavs sources=[9] clusters=20 ra=potential_game comm_bytes=0 selected_grids={}
fusion_method=early pred_boxes=19 gt_boxes=37
pred_scores_shape=(19,)
frame=14/41 receiver_sample=10/20 scenario=2026_07_29_02_32_08 timestamp=000086 cavs=[10]
sgcp_constrained receiver=10 policy=all-cavs sources=[10] clusters=20 ra=potential_game comm_bytes=0 selected_grids={}
fusion_method=early pred_boxes=25 gt_boxes=41
pred_scores_shape=(25,)
frame=14/41 receiver_sample=11/20 scenario=2026_07_29_02_32_08 timestamp=000086 cavs=[11]
sgcp_constrained receiver=11 policy=all-cavs sources=[11] clusters=20 ra=potential_game comm_bytes=0 selected_grids={}
fusion_method=early pred_boxes=21 gt_boxes=42
pred_scores_shape=(21,)
frame=14/41 receiver_sample=12/20 scenario=2026_07_29_02_32_08 timestamp=000086 cavs=[12]
sgcp_constrained receiver=12 policy=all-cavs sources=[12] clusters=20 ra=potential_game comm_bytes=0 selected_grids={}
fusion_method=early pred_boxes=12 gt_boxes=31
pred_scores_shape=(12,)
frame=14/41 receiver_sample=13/20 scenario=2026_07_29_02_32_08 timestamp=000086 cavs=[13]
sgcp_constrained receiver=13 policy=all-cavs sources=[13] clusters=20 ra=potential_game comm_bytes=0 selected_grids={}
fusion_method=early pred_boxes=13 gt_boxes=23
pred_scores_shape=(13,)
frame=14/41 receiver_sample=14/20 scenario=2026_07_29_02_32_08 timestamp=000086 cavs=[14]
sgcp_constrained receiver=14 policy=all-cavs sources=[14] clusters=20 ra=potential_game comm_bytes=0 selected_grids={}
fusion_method=early pred_boxes=5 gt_boxes=7
pred_scores_shape=(5,)
frame=14/41 receiver_sample=15/20 scenario=2026_07_29_02_32_08 timestamp=000086 cavs=[15]
sgcp_constrained receiver=15 policy=all-cavs sources=[15] clusters=20 ra=potential_game comm_bytes=0 selected_grids={}
fusion_method=early pred_boxes=16 gt_boxes=23
pred_scores_shape=(16,)
frame=14/41 receiver_sample=16/20 scenario=2026_07_29_02_32_08 timestamp=000086 cavs=[16]
sgcp_constrained receiver=16 policy=all-cavs sources=[16] clusters=20 ra=potential_game comm_bytes=0 selected_grids={}
fusion_method=early pred_boxes=23 gt_boxes=36
pred_scores_shape=(23,)
frame=14/41 receiver_sample=17/20 scenario=2026_07_29_02_32_08 timestamp=000086 cavs=[17]
sgcp_constrained receiver=17 policy=all-cavs sources=[17] clusters=20 ra=potential_game comm_bytes=0 selected_grids={}
fusion_method=early pred_boxes=20 gt_boxes=26
pred_scores_shape=(20,)
frame=14/41 receiver_sample=18/20 scenario=2026_07_29_02_32_08 timestamp=000086 cavs=[18]
sgcp_constrained receiver=18 policy=all-cavs sources=[18] clusters=20 ra=potential_game comm_bytes=0 selected_grids={}
fusion_method=early pred_boxes=14 gt_boxes=16
pred_scores_shape=(14,)
frame=14/41 receiver_sample=19/20 scenario=2026_07_29_02_32_08 timestamp=000086 cavs=[19]
sgcp_constrained receiver=19 policy=all-cavs sources=[19] clusters=20 ra=potential_game comm_bytes=0 selected_grids={}
fusion_method=early pred_boxes=14 gt_boxes=29
pred_scores_shape=(14,)
frame=14/41 receiver_sample=20/20 scenario=2026_07_29_02_32_08 timestamp=000086 cavs=[20]
sgcp_constrained receiver=20 policy=all-cavs sources=[20] clusters=20 ra=potential_game comm_bytes=0 selected_grids={}
fusion_method=early pred_boxes=25 gt_boxes=36
pred_scores_shape=(25,)
frame=15/41 receiver_sample=1/20 scenario=2026_07_29_02_32_08 timestamp=000088 cavs=[1]
sgcp_constrained receiver=1 policy=all-cavs sources=[1] clusters=20 ra=potential_game comm_bytes=0 selected_grids={}
fusion_method=early pred_boxes=24 gt_boxes=41
pred_scores_shape=(24,)
frame=15/41 receiver_sample=2/20 scenario=2026_07_29_02_32_08 timestamp=000088 cavs=[2]
sgcp_constrained receiver=2 policy=all-cavs sources=[2] clusters=20 ra=potential_game comm_bytes=0 selected_grids={}
fusion_method=early pred_boxes=19 gt_boxes=39
pred_scores_shape=(19,)
frame=15/41 receiver_sample=3/20 scenario=2026_07_29_02_32_08 timestamp=000088 cavs=[3]
sgcp_constrained receiver=3 policy=all-cavs sources=[3] clusters=20 ra=potential_game comm_bytes=0 selected_grids={}
fusion_method=early pred_boxes=17 gt_boxes=26
pred_scores_shape=(17,)
frame=15/41 receiver_sample=4/20 scenario=2026_07_29_02_32_08 timestamp=000088 cavs=[4]
sgcp_constrained receiver=4 policy=all-cavs sources=[4] clusters=20 ra=potential_game comm_bytes=0 selected_grids={}
fusion_method=early pred_boxes=19 gt_boxes=38
pred_scores_shape=(19,)
frame=15/41 receiver_sample=5/20 scenario=2026_07_29_02_32_08 timestamp=000088 cavs=[5]
sgcp_constrained receiver=5 policy=all-cavs sources=[5] clusters=20 ra=potential_game comm_bytes=0 selected_grids={}
fusion_method=early pred_boxes=17 gt_boxes=39
pred_scores_shape=(17,)
frame=15/41 receiver_sample=6/20 scenario=2026_07_29_02_32_08 timestamp=000088 cavs=[6]
sgcp_constrained receiver=6 policy=all-cavs sources=[6] clusters=20 ra=potential_game comm_bytes=0 selected_grids={}
fusion_method=early pred_boxes=13 gt_boxes=15
pred_scores_shape=(13,)
frame=15/41 receiver_sample=7/20 scenario=2026_07_29_02_32_08 timestamp=000088 cavs=[7]
sgcp_constrained receiver=7 policy=all-cavs sources=[7] clusters=20 ra=potential_game comm_bytes=0 selected_grids={}
fusion_method=early pred_boxes=24 gt_boxes=37
pred_scores_shape=(24,)
frame=15/41 receiver_sample=8/20 scenario=2026_07_29_02_32_08 timestamp=000088 cavs=[8]
sgcp_constrained receiver=8 policy=all-cavs sources=[8] clusters=20 ra=potential_game comm_bytes=0 selected_grids={}
fusion_method=early pred_boxes=25 gt_boxes=37
pred_scores_shape=(25,)
frame=15/41 receiver_sample=9/20 scenario=2026_07_29_02_32_08 timestamp=000088 cavs=[9]
sgcp_constrained receiver=9 policy=all-cavs sources=[9] clusters=20 ra=potential_game comm_bytes=0 selected_grids={}
fusion_method=early pred_boxes=20 gt_boxes=37
pred_scores_shape=(20,)
frame=15/41 receiver_sample=10/20 scenario=2026_07_29_02_32_08 timestamp=000088 cavs=[10]
sgcp_constrained receiver=10 policy=all-cavs sources=[10] clusters=20 ra=potential_game comm_bytes=0 selected_grids={}
fusion_method=early pred_boxes=23 gt_boxes=40
pred_scores_shape=(23,)
frame=15/41 receiver_sample=11/20 scenario=2026_07_29_02_32_08 timestamp=000088 cavs=[11]
sgcp_constrained receiver=11 policy=all-cavs sources=[11] clusters=20 ra=potential_game comm_bytes=0 selected_grids={}
fusion_method=early pred_boxes=21 gt_boxes=42
pred_scores_shape=(21,)
frame=15/41 receiver_sample=12/20 scenario=2026_07_29_02_32_08 timestamp=000088 cavs=[12]
sgcp_constrained receiver=12 policy=all-cavs sources=[12] clusters=20 ra=potential_game comm_bytes=0 selected_grids={}
fusion_method=early pred_boxes=13 gt_boxes=30
pred_scores_shape=(13,)
frame=15/41 receiver_sample=13/20 scenario=2026_07_29_02_32_08 timestamp=000088 cavs=[13]
sgcp_constrained receiver=13 policy=all-cavs sources=[13] clusters=20 ra=potential_game comm_bytes=0 selected_grids={}
fusion_method=early pred_boxes=12 gt_boxes=24
pred_scores_shape=(12,)
frame=15/41 receiver_sample=14/20 scenario=2026_07_29_02_32_08 timestamp=000088 cavs=[14]
sgcp_constrained receiver=14 policy=all-cavs sources=[14] clusters=20 ra=potential_game comm_bytes=0 selected_grids={}
fusion_method=early pred_boxes=4 gt_boxes=7Format = auto
Extension = pcd
Format = auto
Extension = pcd
Format = auto
Extension = pcd
Format = auto
Extension = pcd
Format = auto
Extension = pcd
Format = auto
Extension = pcd
Format = auto
Extension = pcd
Format = auto
Extension = pcd
Format = auto
Extension = pcd
Format = auto
Extension = pcd
Format = auto
Extension = pcd
Format = auto
Extension = pcd
Format = auto
Extension = pcd
Format = auto
Extension = pcd
Format = auto
Extension = pcd
Format = auto
Extension = pcd
Format = auto
Extension = pcd
Format = auto
Extension = pcd
Format = auto
Extension = pcd
Format = auto
Extension = pcd
Format = auto
Extension = pcd
Format = auto
Extension = pcd
Format = auto
Extension = pcd
Format = auto
Extension = pcd
Format = auto
Extension = pcd
Format = auto
Extension = pcd
Format = auto
Extension = pcd
Format = auto
Extension = pcd
Format = auto
Extension = pcd
Format = auto
Extension = pcd
Format = auto
Extension = pcd
Format = auto
Extension = pcd
Format = auto
Extension = pcd
Format = auto
Extension = pcd
Format = auto
Extension = pcd
Format = auto
Extension = pcd
Format = auto
Extension = pcd
Format = auto
Extension = pcd
Format = auto
Extension = pcd
Format = auto
Extension = pcd

pred_scores_shape=(4,)
frame=15/41 receiver_sample=15/20 scenario=2026_07_29_02_32_08 timestamp=000088 cavs=[15]
sgcp_constrained receiver=15 policy=all-cavs sources=[15] clusters=20 ra=potential_game comm_bytes=0 selected_grids={}
fusion_method=early pred_boxes=15 gt_boxes=23
pred_scores_shape=(15,)
frame=15/41 receiver_sample=16/20 scenario=2026_07_29_02_32_08 timestamp=000088 cavs=[16]
sgcp_constrained receiver=16 policy=all-cavs sources=[16] clusters=20 ra=potential_game comm_bytes=0 selected_grids={}
fusion_method=early pred_boxes=25 gt_boxes=36
pred_scores_shape=(25,)
frame=15/41 receiver_sample=17/20 scenario=2026_07_29_02_32_08 timestamp=000088 cavs=[17]
sgcp_constrained receiver=17 policy=all-cavs sources=[17] clusters=20 ra=potential_game comm_bytes=0 selected_grids={}
fusion_method=early pred_boxes=20 gt_boxes=27
pred_scores_shape=(20,)
frame=15/41 receiver_sample=18/20 scenario=2026_07_29_02_32_08 timestamp=000088 cavs=[18]
sgcp_constrained receiver=18 policy=all-cavs sources=[18] clusters=20 ra=potential_game comm_bytes=0 selected_grids={}
fusion_method=early pred_boxes=15 gt_boxes=15
pred_scores_shape=(15,)
frame=15/41 receiver_sample=19/20 scenario=2026_07_29_02_32_08 timestamp=000088 cavs=[19]
sgcp_constrained receiver=19 policy=all-cavs sources=[19] clusters=20 ra=potential_game comm_bytes=0 selected_grids={}
fusion_method=early pred_boxes=16 gt_boxes=29
pred_scores_shape=(16,)
frame=15/41 receiver_sample=20/20 scenario=2026_07_29_02_32_08 timestamp=000088 cavs=[20]
sgcp_constrained receiver=20 policy=all-cavs sources=[20] clusters=20 ra=potential_game comm_bytes=0 selected_grids={}
fusion_method=early pred_boxes=25 gt_boxes=37
pred_scores_shape=(25,)
frame=16/41 receiver_sample=1/20 scenario=2026_07_29_02_32_08 timestamp=000090 cavs=[1]
sgcp_constrained receiver=1 policy=all-cavs sources=[1] clusters=20 ra=potential_game comm_bytes=0 selected_grids={}
fusion_method=early pred_boxes=23 gt_boxes=40
pred_scores_shape=(23,)
frame=16/41 receiver_sample=2/20 scenario=2026_07_29_02_32_08 timestamp=000090 cavs=[2]
sgcp_constrained receiver=2 policy=all-cavs sources=[2] clusters=20 ra=potential_game comm_bytes=0 selected_grids={}
fusion_method=early pred_boxes=19 gt_boxes=39
pred_scores_shape=(19,)
frame=16/41 receiver_sample=3/20 scenario=2026_07_29_02_32_08 timestamp=000090 cavs=[3]
sgcp_constrained receiver=3 policy=all-cavs sources=[3] clusters=20 ra=potential_game comm_bytes=0 selected_grids={}
fusion_method=early pred_boxes=18 gt_boxes=24
pred_scores_shape=(18,)
frame=16/41 receiver_sample=4/20 scenario=2026_07_29_02_32_08 timestamp=000090 cavs=[4]
sgcp_constrained receiver=4 policy=all-cavs sources=[4] clusters=20 ra=potential_game comm_bytes=0 selected_grids={}
fusion_method=early pred_boxes=20 gt_boxes=38
pred_scores_shape=(20,)
frame=16/41 receiver_sample=5/20 scenario=2026_07_29_02_32_08 timestamp=000090 cavs=[5]
sgcp_constrained receiver=5 policy=all-cavs sources=[5] clusters=20 ra=potential_game comm_bytes=0 selected_grids={}
fusion_method=early pred_boxes=20 gt_boxes=39
pred_scores_shape=(20,)
frame=16/41 receiver_sample=6/20 scenario=2026_07_29_02_32_08 timestamp=000090 cavs=[6]
sgcp_constrained receiver=6 policy=all-cavs sources=[6] clusters=20 ra=potential_game comm_bytes=0 selected_grids={}
fusion_method=early pred_boxes=14 gt_boxes=15
pred_scores_shape=(14,)
frame=16/41 receiver_sample=7/20 scenario=2026_07_29_02_32_08 timestamp=000090 cavs=[7]
sgcp_constrained receiver=7 policy=all-cavs sources=[7] clusters=20 ra=potential_game comm_bytes=0 selected_grids={}
fusion_method=early pred_boxes=23 gt_boxes=34
pred_scores_shape=(23,)
frame=16/41 receiver_sample=8/20 scenario=2026_07_29_02_32_08 timestamp=000090 cavs=[8]
sgcp_constrained receiver=8 policy=all-cavs sources=[8] clusters=20 ra=potential_game comm_bytes=0 selected_grids={}
fusion_method=early pred_boxes=24 gt_boxes=38
pred_scores_shape=(24,)
frame=16/41 receiver_sample=9/20 scenario=2026_07_29_02_32_08 timestamp=000090 cavs=[9]
sgcp_constrained receiver=9 policy=all-cavs sources=[9] clusters=20 ra=potential_game comm_bytes=0 selected_grids={}
fusion_method=early pred_boxes=19 gt_boxes=37
pred_scores_shape=(19,)
frame=16/41 receiver_sample=10/20 scenario=2026_07_29_02_32_08 timestamp=000090 cavs=[10]
sgcp_constrained receiver=10 policy=all-cavs sources=[10] clusters=20 ra=potential_game comm_bytes=0 selected_grids={}
fusion_method=early pred_boxes=23 gt_boxes=40
pred_scores_shape=(23,)
frame=16/41 receiver_sample=11/20 scenario=2026_07_29_02_32_08 timestamp=000090 cavs=[11]
sgcp_constrained receiver=11 policy=all-cavs sources=[11] clusters=20 ra=potential_game comm_bytes=0 selected_grids={}
fusion_method=early pred_boxes=22 gt_boxes=43
pred_scores_shape=(22,)
frame=16/41 receiver_sample=12/20 scenario=2026_07_29_02_32_08 timestamp=000090 cavs=[12]
sgcp_constrained receiver=12 policy=all-cavs sources=[12] clusters=20 ra=potential_game comm_bytes=0 selected_grids={}
fusion_method=early pred_boxes=13 gt_boxes=30
pred_scores_shape=(13,)
frame=16/41 receiver_sample=13/20 scenario=2026_07_29_02_32_08 timestamp=000090 cavs=[13]
sgcp_constrained receiver=13 policy=all-cavs sources=[13] clusters=20 ra=potential_game comm_bytes=0 selected_grids={}
fusion_method=early pred_boxes=12 gt_boxes=23
pred_scores_shape=(12,)
frame=16/41 receiver_sample=14/20 scenario=2026_07_29_02_32_08 timestamp=000090 cavs=[14]
sgcp_constrained receiver=14 policy=all-cavs sources=[14] clusters=20 ra=potential_game comm_bytes=0 selected_grids={}
fusion_method=early pred_boxes=3 gt_boxes=8
pred_scores_shape=(3,)
frame=16/41 receiver_sample=15/20 scenario=2026_07_29_02_32_08 timestamp=000090 cavs=[15]
sgcp_constrained receiver=15 policy=all-cavs sources=[15] clusters=20 ra=potential_game comm_bytes=0 selected_grids={}
fusion_method=early pred_boxes=15 gt_boxes=22
pred_scores_shape=(15,)
frame=16/41 receiver_sample=16/20 scenario=2026_07_29_02_32_08 timestamp=000090 cavs=[16]
sgcp_constrained receiver=16 policy=all-cavs sources=[16] clusters=20 ra=potential_game comm_bytes=0 selected_grids={}
fusion_method=early pred_boxes=26 gt_boxes=36
pred_scores_shape=(26,)
frame=16/41 receiver_sample=17/20 scenario=2026_07_29_02_32_08 timestamp=000090 cavs=[17]
sgcp_constrained receiver=17 policy=all-cavs sources=[17] clusters=20 ra=potential_game comm_bytes=0 selected_grids={}
fusion_method=early pred_boxes=20 gt_boxes=27
pred_scores_shape=(20,)
frame=16/41 receiver_sample=18/20 scenario=2026_07_29_02_32_08 timestamp=000090 cavs=[18]
sgcp_constrained receiver=18 policy=all-cavs sources=[18] clusters=20 ra=potential_game comm_bytes=0 selected_grids={}
fusion_method=early pred_boxes=14 gt_boxes=15
pred_scores_shape=(14,)
frame=16/41 receiver_sample=19/20 scenario=2026_07_29_02_32_08 timestamp=000090 cavs=[19]
sgcp_constrained receiver=19 policy=all-cavs sources=[19] clusters=20 ra=potential_game comm_bytes=0 selected_grids={}
fusion_method=early pred_boxes=15 gt_boxes=29
pred_scores_shape=(15,)
frame=16/41 receiver_sample=20/20 scenario=2026_07_29_02_32_08 timestamp=000090 cavs=[20]
sgcp_constrained receiver=20 policy=all-cavs sources=[20] clusters=20 ra=potential_game comm_bytes=0 selected_grids={}
fusion_method=early pred_boxes=25 gt_boxes=37
pred_scores_shape=(25,)
frame=17/41 receiver_sample=1/20 scenario=2026_07_29_02_32_08 timestamp=000092 cavs=[1]
sgcp_constrained receiver=1 policy=all-cavs sources=[1] clusters=20 ra=potential_game comm_bytes=0 selected_grids={}
fusion_method=early pred_boxes=20 gt_boxes=40
pred_scores_shape=(20,)
frame=17/41 receiver_sample=2/20 scenario=2026_07_29_02_32_08 timestamp=000092 cavs=[2]
sgcp_constrained receiver=2 policy=all-cavs sources=[2] clusters=20 ra=potential_game comm_bytes=0 selected_grids={}
fusion_method=early pred_boxes=19 gt_boxes=38
pred_scores_shape=(19,)
frame=17/41 receiver_sample=3/20 scenario=2026_07_29_02_32_08 timestamp=000092 cavs=[3]
sgcp_constrained receiver=3 policy=all-cavs sources=[3] clusters=20 ra=potential_game comm_bytes=0 selected_grids={}
fusion_method=early pred_boxes=16 gt_boxes=24
pred_scores_shape=(16,)
frame=17/41 receiver_sample=4/20 scenario=2026_07_29_02_32_08 timestamp=000092 cavs=[4]Format = auto
Extension = pcd
Format = auto
Extension = pcd
Format = auto
Extension = pcd
Format = auto
Extension = pcd
Format = auto
Extension = pcd
Format = auto
Extension = pcd
Format = auto
Extension = pcd
Format = auto
Extension = pcd
Format = auto
Extension = pcd
Format = auto
Extension = pcd
Format = auto
Extension = pcd
Format = auto
Extension = pcd
Format = auto
Extension = pcd
Format = auto
Extension = pcd
Format = auto
Extension = pcd
Format = auto
Extension = pcd
Format = auto
Extension = pcd
Format = auto
Extension = pcd
Format = auto
Extension = pcd
Format = auto
Extension = pcd

sgcp_constrained receiver=4 policy=all-cavs sources=[4] clusters=20 ra=potential_game comm_bytes=0 selected_grids={}
fusion_method=early pred_boxes=19 gt_boxes=38
pred_scores_shape=(19,)
frame=17/41 receiver_sample=5/20 scenario=2026_07_29_02_32_08 timestamp=000092 cavs=[5]
sgcp_constrained receiver=5 policy=all-cavs sources=[5] clusters=20 ra=potential_game comm_bytes=0 selected_grids={}
fusion_method=early pred_boxes=19 gt_boxes=40
pred_scores_shape=(19,)
frame=17/41 receiver_sample=6/20 scenario=2026_07_29_02_32_08 timestamp=000092 cavs=[6]
sgcp_constrained receiver=6 policy=all-cavs sources=[6] clusters=20 ra=potential_game comm_bytes=0 selected_grids={}
fusion_method=early pred_boxes=14 gt_boxes=15
pred_scores_shape=(14,)
frame=17/41 receiver_sample=7/20 scenario=2026_07_29_02_32_08 timestamp=000092 cavs=[7]
sgcp_constrained receiver=7 policy=all-cavs sources=[7] clusters=20 ra=potential_game comm_bytes=0 selected_grids={}
fusion_method=early pred_boxes=23 gt_boxes=36
pred_scores_shape=(23,)
frame=17/41 receiver_sample=8/20 scenario=2026_07_29_02_32_08 timestamp=000092 cavs=[8]
sgcp_constrained receiver=8 policy=all-cavs sources=[8] clusters=20 ra=potential_game comm_bytes=0 selected_grids={}
fusion_method=early pred_boxes=23 gt_boxes=37
pred_scores_shape=(23,)
frame=17/41 receiver_sample=9/20 scenario=2026_07_29_02_32_08 timestamp=000092 cavs=[9]
sgcp_constrained receiver=9 policy=all-cavs sources=[9] clusters=20 ra=potential_game comm_bytes=0 selected_grids={}
fusion_method=early pred_boxes=20 gt_boxes=37
pred_scores_shape=(20,)
frame=17/41 receiver_sample=10/20 scenario=2026_07_29_02_32_08 timestamp=000092 cavs=[10]
sgcp_constrained receiver=10 policy=all-cavs sources=[10] clusters=20 ra=potential_game comm_bytes=0 selected_grids={}
fusion_method=early pred_boxes=24 gt_boxes=39
pred_scores_shape=(24,)
frame=17/41 receiver_sample=11/20 scenario=2026_07_29_02_32_08 timestamp=000092 cavs=[11]
sgcp_constrained receiver=11 policy=all-cavs sources=[11] clusters=20 ra=potential_game comm_bytes=0 selected_grids={}
fusion_method=early pred_boxes=19 gt_boxes=43
pred_scores_shape=(19,)
frame=17/41 receiver_sample=12/20 scenario=2026_07_29_02_32_08 timestamp=000092 cavs=[12]
sgcp_constrained receiver=12 policy=all-cavs sources=[12] clusters=20 ra=potential_game comm_bytes=0 selected_grids={}
fusion_method=early pred_boxes=14 gt_boxes=28
pred_scores_shape=(14,)
frame=17/41 receiver_sample=13/20 scenario=2026_07_29_02_32_08 timestamp=000092 cavs=[13]
sgcp_constrained receiver=13 policy=all-cavs sources=[13] clusters=20 ra=potential_game comm_bytes=0 selected_grids={}
fusion_method=early pred_boxes=11 gt_boxes=23
pred_scores_shape=(11,)
frame=17/41 receiver_sample=14/20 scenario=2026_07_29_02_32_08 timestamp=000092 cavs=[14]
sgcp_constrained receiver=14 policy=all-cavs sources=[14] clusters=20 ra=potential_game comm_bytes=0 selected_grids={}
fusion_method=early pred_boxes=4 gt_boxes=8
pred_scores_shape=(4,)
frame=17/41 receiver_sample=15/20 scenario=2026_07_29_02_32_08 timestamp=000092 cavs=[15]
sgcp_constrained receiver=15 policy=all-cavs sources=[15] clusters=20 ra=potential_game comm_bytes=0 selected_grids={}
fusion_method=early pred_boxes=14 gt_boxes=22
pred_scores_shape=(14,)
frame=17/41 receiver_sample=16/20 scenario=2026_07_29_02_32_08 timestamp=000092 cavs=[16]
sgcp_constrained receiver=16 policy=all-cavs sources=[16] clusters=20 ra=potential_game comm_bytes=0 selected_grids={}
fusion_method=early pred_boxes=24 gt_boxes=35
pred_scores_shape=(24,)
frame=17/41 receiver_sample=17/20 scenario=2026_07_29_02_32_08 timestamp=000092 cavs=[17]
sgcp_constrained receiver=17 policy=all-cavs sources=[17] clusters=20 ra=potential_game comm_bytes=0 selected_grids={}
fusion_method=early pred_boxes=20 gt_boxes=26
pred_scores_shape=(20,)
frame=17/41 receiver_sample=18/20 scenario=2026_07_29_02_32_08 timestamp=000092 cavs=[18]
sgcp_constrained receiver=18 policy=all-cavs sources=[18] clusters=20 ra=potential_game comm_bytes=0 selected_grids={}
fusion_method=early pred_boxes=14 gt_boxes=15
pred_scores_shape=(14,)
frame=17/41 receiver_sample=19/20 scenario=2026_07_29_02_32_08 timestamp=000092 cavs=[19]
sgcp_constrained receiver=19 policy=all-cavs sources=[19] clusters=20 ra=potential_game comm_bytes=0 selected_grids={}
fusion_method=early pred_boxes=15 gt_boxes=30
pred_scores_shape=(15,)
frame=17/41 receiver_sample=20/20 scenario=2026_07_29_02_32_08 timestamp=000092 cavs=[20]
sgcp_constrained receiver=20 policy=all-cavs sources=[20] clusters=20 ra=potential_game comm_bytes=0 selected_grids={}
fusion_method=early pred_boxes=25 gt_boxes=38
pred_scores_shape=(25,)
frame=18/41 receiver_sample=1/20 scenario=2026_07_29_02_32_08 timestamp=000094 cavs=[1]
sgcp_constrained receiver=1 policy=all-cavs sources=[1] clusters=20 ra=potential_game comm_bytes=0 selected_grids={}
fusion_method=early pred_boxes=20 gt_boxes=40
pred_scores_shape=(20,)
frame=18/41 receiver_sample=2/20 scenario=2026_07_29_02_32_08 timestamp=000094 cavs=[2]
sgcp_constrained receiver=2 policy=all-cavs sources=[2] clusters=20 ra=potential_game comm_bytes=0 selected_grids={}
fusion_method=early pred_boxes=19 gt_boxes=38
pred_scores_shape=(19,)
frame=18/41 receiver_sample=3/20 scenario=2026_07_29_02_32_08 timestamp=000094 cavs=[3]
sgcp_constrained receiver=3 policy=all-cavs sources=[3] clusters=20 ra=potential_game comm_bytes=0 selected_grids={}
fusion_method=early pred_boxes=18 gt_boxes=25
pred_scores_shape=(18,)
frame=18/41 receiver_sample=4/20 scenario=2026_07_29_02_32_08 timestamp=000094 cavs=[4]
sgcp_constrained receiver=4 policy=all-cavs sources=[4] clusters=20 ra=potential_game comm_bytes=0 selected_grids={}
fusion_method=early pred_boxes=19 gt_boxes=38
pred_scores_shape=(19,)
frame=18/41 receiver_sample=5/20 scenario=2026_07_29_02_32_08 timestamp=000094 cavs=[5]
sgcp_constrained receiver=5 policy=all-cavs sources=[5] clusters=20 ra=potential_game comm_bytes=0 selected_grids={}
fusion_method=early pred_boxes=24 gt_boxes=38
pred_scores_shape=(24,)
frame=18/41 receiver_sample=6/20 scenario=2026_07_29_02_32_08 timestamp=000094 cavs=[6]
sgcp_constrained receiver=6 policy=all-cavs sources=[6] clusters=20 ra=potential_game comm_bytes=0 selected_grids={}
fusion_method=early pred_boxes=14 gt_boxes=15
pred_scores_shape=(14,)
frame=18/41 receiver_sample=7/20 scenario=2026_07_29_02_32_08 timestamp=000094 cavs=[7]
sgcp_constrained receiver=7 policy=all-cavs sources=[7] clusters=20 ra=potential_game comm_bytes=0 selected_grids={}
fusion_method=early pred_boxes=24 gt_boxes=33
pred_scores_shape=(24,)
frame=18/41 receiver_sample=8/20 scenario=2026_07_29_02_32_08 timestamp=000094 cavs=[8]
sgcp_constrained receiver=8 policy=all-cavs sources=[8] clusters=20 ra=potential_game comm_bytes=0 selected_grids={}
fusion_method=early pred_boxes=24 gt_boxes=37
pred_scores_shape=(24,)
frame=18/41 receiver_sample=9/20 scenario=2026_07_29_02_32_08 timestamp=000094 cavs=[9]
sgcp_constrained receiver=9 policy=all-cavs sources=[9] clusters=20 ra=potential_game comm_bytes=0 selected_grids={}
fusion_method=early pred_boxes=20 gt_boxes=37
pred_scores_shape=(20,)
frame=18/41 receiver_sample=10/20 scenario=2026_07_29_02_32_08 timestamp=000094 cavs=[10]
sgcp_constrained receiver=10 policy=all-cavs sources=[10] clusters=20 ra=potential_game comm_bytes=0 selected_grids={}
fusion_method=early pred_boxes=23 gt_boxes=40
pred_scores_shape=(23,)
frame=18/41 receiver_sample=11/20 scenario=2026_07_29_02_32_08 timestamp=000094 cavs=[11]
sgcp_constrained receiver=11 policy=all-cavs sources=[11] clusters=20 ra=potential_game comm_bytes=0 selected_grids={}
fusion_method=early pred_boxes=20 gt_boxes=43
pred_scores_shape=(20,)
frame=18/41 receiver_sample=12/20 scenario=2026_07_29_02_32_08 timestamp=000094 cavs=[12]
sgcp_constrained receiver=12 policy=all-cavs sources=[12] clusters=20 ra=potential_game comm_bytes=0 selected_grids={}
fusion_method=early pred_boxes=13 gt_boxes=27
pred_scores_shape=(13,)
frame=18/41 receiver_sample=13/20 scenario=2026_07_29_02_32_08 timestamp=000094 cavs=[13]
sgcp_constrained receiver=13 policy=all-cavs sources=[13] clusters=20 ra=potential_game comm_bytes=0 selected_grids={}Format = auto
Extension = pcd
Format = auto
Extension = pcd
Format = auto
Extension = pcd
Format = auto
Extension = pcd
Format = auto
Extension = pcd
Format = auto
Extension = pcd
Format = auto
Extension = pcd
Format = auto
Extension = pcd
Format = auto
Extension = pcd
Format = auto
Extension = pcd
Format = auto
Extension = pcd
Format = auto
Extension = pcd
Format = auto
Extension = pcd
Format = auto
Extension = pcd
Format = auto
Extension = pcd
Format = auto
Extension = pcd
Format = auto
Extension = pcd
Format = auto
Extension = pcd
Format = auto
Extension = pcd
Format = auto
Extension = pcd
Format = auto
Extension = pcd
Format = auto
Extension = pcd
Format = auto
Extension = pcd
Format = auto
Extension = pcd
Format = auto
Extension = pcd
Format = auto
Extension = pcd
Format = auto
Extension = pcd
Format = auto
Extension = pcd
Format = auto
Extension = pcd
Format = auto
Extension = pcd
Format = auto
Extension = pcd
Format = auto
Extension = pcd
Format = auto
Extension = pcd
Format = auto
Extension = pcd
Format = auto
Extension = pcd
Format = auto
Extension = pcd
Format = auto
Extension = pcd
Format = auto
Extension = pcd
Format = auto
Extension = pcd
Format = auto
Extension = pcd

fusion_method=early pred_boxes=14 gt_boxes=23
pred_scores_shape=(14,)
frame=18/41 receiver_sample=14/20 scenario=2026_07_29_02_32_08 timestamp=000094 cavs=[14]
sgcp_constrained receiver=14 policy=all-cavs sources=[14] clusters=20 ra=potential_game comm_bytes=0 selected_grids={}
fusion_method=early pred_boxes=5 gt_boxes=8
pred_scores_shape=(5,)
frame=18/41 receiver_sample=15/20 scenario=2026_07_29_02_32_08 timestamp=000094 cavs=[15]
sgcp_constrained receiver=15 policy=all-cavs sources=[15] clusters=20 ra=potential_game comm_bytes=0 selected_grids={}
fusion_method=early pred_boxes=16 gt_boxes=24
pred_scores_shape=(16,)
frame=18/41 receiver_sample=16/20 scenario=2026_07_29_02_32_08 timestamp=000094 cavs=[16]
sgcp_constrained receiver=16 policy=all-cavs sources=[16] clusters=20 ra=potential_game comm_bytes=0 selected_grids={}
fusion_method=early pred_boxes=24 gt_boxes=36
pred_scores_shape=(24,)
frame=18/41 receiver_sample=17/20 scenario=2026_07_29_02_32_08 timestamp=000094 cavs=[17]
sgcp_constrained receiver=17 policy=all-cavs sources=[17] clusters=20 ra=potential_game comm_bytes=0 selected_grids={}
fusion_method=early pred_boxes=19 gt_boxes=26
pred_scores_shape=(19,)
frame=18/41 receiver_sample=18/20 scenario=2026_07_29_02_32_08 timestamp=000094 cavs=[18]
sgcp_constrained receiver=18 policy=all-cavs sources=[18] clusters=20 ra=potential_game comm_bytes=0 selected_grids={}
fusion_method=early pred_boxes=15 gt_boxes=16
pred_scores_shape=(15,)
frame=18/41 receiver_sample=19/20 scenario=2026_07_29_02_32_08 timestamp=000094 cavs=[19]
sgcp_constrained receiver=19 policy=all-cavs sources=[19] clusters=20 ra=potential_game comm_bytes=0 selected_grids={}
fusion_method=early pred_boxes=16 gt_boxes=29
pred_scores_shape=(16,)
frame=18/41 receiver_sample=20/20 scenario=2026_07_29_02_32_08 timestamp=000094 cavs=[20]
sgcp_constrained receiver=20 policy=all-cavs sources=[20] clusters=20 ra=potential_game comm_bytes=0 selected_grids={}
fusion_method=early pred_boxes=25 gt_boxes=38
pred_scores_shape=(25,)
frame=19/41 receiver_sample=1/20 scenario=2026_07_29_02_32_08 timestamp=000096 cavs=[1]
sgcp_constrained receiver=1 policy=all-cavs sources=[1] clusters=20 ra=potential_game comm_bytes=0 selected_grids={}
fusion_method=early pred_boxes=23 gt_boxes=42
pred_scores_shape=(23,)
frame=19/41 receiver_sample=2/20 scenario=2026_07_29_02_32_08 timestamp=000096 cavs=[2]
sgcp_constrained receiver=2 policy=all-cavs sources=[2] clusters=20 ra=potential_game comm_bytes=0 selected_grids={}
fusion_method=early pred_boxes=18 gt_boxes=39
pred_scores_shape=(18,)
frame=19/41 receiver_sample=3/20 scenario=2026_07_29_02_32_08 timestamp=000096 cavs=[3]
sgcp_constrained receiver=3 policy=all-cavs sources=[3] clusters=20 ra=potential_game comm_bytes=0 selected_grids={}
fusion_method=early pred_boxes=17 gt_boxes=23
pred_scores_shape=(17,)
frame=19/41 receiver_sample=4/20 scenario=2026_07_29_02_32_08 timestamp=000096 cavs=[4]
sgcp_constrained receiver=4 policy=all-cavs sources=[4] clusters=20 ra=potential_game comm_bytes=0 selected_grids={}
fusion_method=early pred_boxes=22 gt_boxes=37
pred_scores_shape=(22,)
frame=19/41 receiver_sample=5/20 scenario=2026_07_29_02_32_08 timestamp=000096 cavs=[5]
sgcp_constrained receiver=5 policy=all-cavs sources=[5] clusters=20 ra=potential_game comm_bytes=0 selected_grids={}
fusion_method=early pred_boxes=18 gt_boxes=38
pred_scores_shape=(18,)
frame=19/41 receiver_sample=6/20 scenario=2026_07_29_02_32_08 timestamp=000096 cavs=[6]
sgcp_constrained receiver=6 policy=all-cavs sources=[6] clusters=20 ra=potential_game comm_bytes=0 selected_grids={}
fusion_method=early pred_boxes=14 gt_boxes=15
pred_scores_shape=(14,)
frame=19/41 receiver_sample=7/20 scenario=2026_07_29_02_32_08 timestamp=000096 cavs=[7]
sgcp_constrained receiver=7 policy=all-cavs sources=[7] clusters=20 ra=potential_game comm_bytes=0 selected_grids={}
fusion_method=early pred_boxes=22 gt_boxes=34
pred_scores_shape=(22,)
frame=19/41 receiver_sample=8/20 scenario=2026_07_29_02_32_08 timestamp=000096 cavs=[8]
sgcp_constrained receiver=8 policy=all-cavs sources=[8] clusters=20 ra=potential_game comm_bytes=0 selected_grids={}
fusion_method=early pred_boxes=23 gt_boxes=37
pred_scores_shape=(23,)
frame=19/41 receiver_sample=9/20 scenario=2026_07_29_02_32_08 timestamp=000096 cavs=[9]
sgcp_constrained receiver=9 policy=all-cavs sources=[9] clusters=20 ra=potential_game comm_bytes=0 selected_grids={}
fusion_method=early pred_boxes=20 gt_boxes=39
pred_scores_shape=(20,)
frame=19/41 receiver_sample=10/20 scenario=2026_07_29_02_32_08 timestamp=000096 cavs=[10]
sgcp_constrained receiver=10 policy=all-cavs sources=[10] clusters=20 ra=potential_game comm_bytes=0 selected_grids={}
fusion_method=early pred_boxes=24 gt_boxes=40
pred_scores_shape=(24,)
frame=19/41 receiver_sample=11/20 scenario=2026_07_29_02_32_08 timestamp=000096 cavs=[11]
sgcp_constrained receiver=11 policy=all-cavs sources=[11] clusters=20 ra=potential_game comm_bytes=0 selected_grids={}
fusion_method=early pred_boxes=21 gt_boxes=42
pred_scores_shape=(21,)
frame=19/41 receiver_sample=12/20 scenario=2026_07_29_02_32_08 timestamp=000096 cavs=[12]
sgcp_constrained receiver=12 policy=all-cavs sources=[12] clusters=20 ra=potential_game comm_bytes=0 selected_grids={}
fusion_method=early pred_boxes=14 gt_boxes=28
pred_scores_shape=(14,)
frame=19/41 receiver_sample=13/20 scenario=2026_07_29_02_32_08 timestamp=000096 cavs=[13]
sgcp_constrained receiver=13 policy=all-cavs sources=[13] clusters=20 ra=potential_game comm_bytes=0 selected_grids={}
fusion_method=early pred_boxes=11 gt_boxes=23
pred_scores_shape=(11,)
frame=19/41 receiver_sample=14/20 scenario=2026_07_29_02_32_08 timestamp=000096 cavs=[14]
sgcp_constrained receiver=14 policy=all-cavs sources=[14] clusters=20 ra=potential_game comm_bytes=0 selected_grids={}
fusion_method=early pred_boxes=4 gt_boxes=8
pred_scores_shape=(4,)
frame=19/41 receiver_sample=15/20 scenario=2026_07_29_02_32_08 timestamp=000096 cavs=[15]
sgcp_constrained receiver=15 policy=all-cavs sources=[15] clusters=20 ra=potential_game comm_bytes=0 selected_grids={}
fusion_method=early pred_boxes=16 gt_boxes=24
pred_scores_shape=(16,)
frame=19/41 receiver_sample=16/20 scenario=2026_07_29_02_32_08 timestamp=000096 cavs=[16]
sgcp_constrained receiver=16 policy=all-cavs sources=[16] clusters=20 ra=potential_game comm_bytes=0 selected_grids={}
fusion_method=early pred_boxes=23 gt_boxes=37
pred_scores_shape=(23,)
frame=19/41 receiver_sample=17/20 scenario=2026_07_29_02_32_08 timestamp=000096 cavs=[17]
sgcp_constrained receiver=17 policy=all-cavs sources=[17] clusters=20 ra=potential_game comm_bytes=0 selected_grids={}
fusion_method=early pred_boxes=20 gt_boxes=27
pred_scores_shape=(20,)
frame=19/41 receiver_sample=18/20 scenario=2026_07_29_02_32_08 timestamp=000096 cavs=[18]
sgcp_constrained receiver=18 policy=all-cavs sources=[18] clusters=20 ra=potential_game comm_bytes=0 selected_grids={}
fusion_method=early pred_boxes=14 gt_boxes=16
pred_scores_shape=(14,)
frame=19/41 receiver_sample=19/20 scenario=2026_07_29_02_32_08 timestamp=000096 cavs=[19]
sgcp_constrained receiver=19 policy=all-cavs sources=[19] clusters=20 ra=potential_game comm_bytes=0 selected_grids={}
fusion_method=early pred_boxes=13 gt_boxes=29
pred_scores_shape=(13,)
frame=19/41 receiver_sample=20/20 scenario=2026_07_29_02_32_08 timestamp=000096 cavs=[20]
sgcp_constrained receiver=20 policy=all-cavs sources=[20] clusters=20 ra=potential_game comm_bytes=0 selected_grids={}
fusion_method=early pred_boxes=23 gt_boxes=38
pred_scores_shape=(23,)
frame=20/41 receiver_sample=1/20 scenario=2026_07_29_02_32_08 timestamp=000098 cavs=[1]
sgcp_constrained receiver=1 policy=all-cavs sources=[1] clusters=20 ra=potential_game comm_bytes=0 selected_grids={}
fusion_method=early pred_boxes=22 gt_boxes=41
pred_scores_shape=(22,)
frame=20/41 receiver_sample=2/20 scenario=2026_07_29_02_32_08 timestamp=000098 cavs=[2]
sgcp_constrained receiver=2 policy=all-cavs sources=[2] clusters=20 ra=potential_game comm_bytes=0 selected_grids={}
fusion_method=early pred_boxes=18 gt_boxes=38Format = auto
Extension = pcd
Format = auto
Extension = pcd
Format = auto
Extension = pcd
Format = auto
Extension = pcd
Format = auto
Extension = pcd
Format = auto
Extension = pcd
Format = auto
Extension = pcd
Format = auto
Extension = pcd
Format = auto
Extension = pcd
Format = auto
Extension = pcd
Format = auto
Extension = pcd
Format = auto
Extension = pcd
Format = auto
Extension = pcd
Format = auto
Extension = pcd
Format = auto
Extension = pcd
Format = auto
Extension = pcd
Format = auto
Extension = pcd
Format = auto
Extension = pcd
Format = auto
Extension = pcd
Format = auto
Extension = pcd

pred_scores_shape=(18,)
frame=20/41 receiver_sample=3/20 scenario=2026_07_29_02_32_08 timestamp=000098 cavs=[3]
sgcp_constrained receiver=3 policy=all-cavs sources=[3] clusters=20 ra=potential_game comm_bytes=0 selected_grids={}
fusion_method=early pred_boxes=17 gt_boxes=23
pred_scores_shape=(17,)
frame=20/41 receiver_sample=4/20 scenario=2026_07_29_02_32_08 timestamp=000098 cavs=[4]
sgcp_constrained receiver=4 policy=all-cavs sources=[4] clusters=20 ra=potential_game comm_bytes=0 selected_grids={}
fusion_method=early pred_boxes=19 gt_boxes=37
pred_scores_shape=(19,)
frame=20/41 receiver_sample=5/20 scenario=2026_07_29_02_32_08 timestamp=000098 cavs=[5]
sgcp_constrained receiver=5 policy=all-cavs sources=[5] clusters=20 ra=potential_game comm_bytes=0 selected_grids={}
fusion_method=early pred_boxes=22 gt_boxes=38
pred_scores_shape=(22,)
frame=20/41 receiver_sample=6/20 scenario=2026_07_29_02_32_08 timestamp=000098 cavs=[6]
sgcp_constrained receiver=6 policy=all-cavs sources=[6] clusters=20 ra=potential_game comm_bytes=0 selected_grids={}
fusion_method=early pred_boxes=14 gt_boxes=17
pred_scores_shape=(14,)
frame=20/41 receiver_sample=7/20 scenario=2026_07_29_02_32_08 timestamp=000098 cavs=[7]
sgcp_constrained receiver=7 policy=all-cavs sources=[7] clusters=20 ra=potential_game comm_bytes=0 selected_grids={}
fusion_method=early pred_boxes=25 gt_boxes=33
pred_scores_shape=(25,)
frame=20/41 receiver_sample=8/20 scenario=2026_07_29_02_32_08 timestamp=000098 cavs=[8]
sgcp_constrained receiver=8 policy=all-cavs sources=[8] clusters=20 ra=potential_game comm_bytes=0 selected_grids={}
fusion_method=early pred_boxes=23 gt_boxes=37
pred_scores_shape=(23,)
frame=20/41 receiver_sample=9/20 scenario=2026_07_29_02_32_08 timestamp=000098 cavs=[9]
sgcp_constrained receiver=9 policy=all-cavs sources=[9] clusters=20 ra=potential_game comm_bytes=0 selected_grids={}
fusion_method=early pred_boxes=19 gt_boxes=39
pred_scores_shape=(19,)
frame=20/41 receiver_sample=10/20 scenario=2026_07_29_02_32_08 timestamp=000098 cavs=[10]
sgcp_constrained receiver=10 policy=all-cavs sources=[10] clusters=20 ra=potential_game comm_bytes=0 selected_grids={}
fusion_method=early pred_boxes=22 gt_boxes=40
pred_scores_shape=(22,)
frame=20/41 receiver_sample=11/20 scenario=2026_07_29_02_32_08 timestamp=000098 cavs=[11]
sgcp_constrained receiver=11 policy=all-cavs sources=[11] clusters=20 ra=potential_game comm_bytes=0 selected_grids={}
fusion_method=early pred_boxes=19 gt_boxes=43
pred_scores_shape=(19,)
frame=20/41 receiver_sample=12/20 scenario=2026_07_29_02_32_08 timestamp=000098 cavs=[12]
sgcp_constrained receiver=12 policy=all-cavs sources=[12] clusters=20 ra=potential_game comm_bytes=0 selected_grids={}
fusion_method=early pred_boxes=14 gt_boxes=27
pred_scores_shape=(14,)
frame=20/41 receiver_sample=13/20 scenario=2026_07_29_02_32_08 timestamp=000098 cavs=[13]
sgcp_constrained receiver=13 policy=all-cavs sources=[13] clusters=20 ra=potential_game comm_bytes=0 selected_grids={}
fusion_method=early pred_boxes=8 gt_boxes=23
pred_scores_shape=(8,)
frame=20/41 receiver_sample=14/20 scenario=2026_07_29_02_32_08 timestamp=000098 cavs=[14]
sgcp_constrained receiver=14 policy=all-cavs sources=[14] clusters=20 ra=potential_game comm_bytes=0 selected_grids={}
fusion_method=early pred_boxes=4 gt_boxes=9
pred_scores_shape=(4,)
frame=20/41 receiver_sample=15/20 scenario=2026_07_29_02_32_08 timestamp=000098 cavs=[15]
sgcp_constrained receiver=15 policy=all-cavs sources=[15] clusters=20 ra=potential_game comm_bytes=0 selected_grids={}
fusion_method=early pred_boxes=15 gt_boxes=23
pred_scores_shape=(15,)
frame=20/41 receiver_sample=16/20 scenario=2026_07_29_02_32_08 timestamp=000098 cavs=[16]
sgcp_constrained receiver=16 policy=all-cavs sources=[16] clusters=20 ra=potential_game comm_bytes=0 selected_grids={}
fusion_method=early pred_boxes=23 gt_boxes=34
pred_scores_shape=(23,)
frame=20/41 receiver_sample=17/20 scenario=2026_07_29_02_32_08 timestamp=000098 cavs=[17]
sgcp_constrained receiver=17 policy=all-cavs sources=[17] clusters=20 ra=potential_game comm_bytes=0 selected_grids={}
fusion_method=early pred_boxes=21 gt_boxes=28
pred_scores_shape=(21,)
frame=20/41 receiver_sample=18/20 scenario=2026_07_29_02_32_08 timestamp=000098 cavs=[18]
sgcp_constrained receiver=18 policy=all-cavs sources=[18] clusters=20 ra=potential_game comm_bytes=0 selected_grids={}
fusion_method=early pred_boxes=13 gt_boxes=16
pred_scores_shape=(13,)
frame=20/41 receiver_sample=19/20 scenario=2026_07_29_02_32_08 timestamp=000098 cavs=[19]
sgcp_constrained receiver=19 policy=all-cavs sources=[19] clusters=20 ra=potential_game comm_bytes=0 selected_grids={}
fusion_method=early pred_boxes=14 gt_boxes=29
pred_scores_shape=(14,)
frame=20/41 receiver_sample=20/20 scenario=2026_07_29_02_32_08 timestamp=000098 cavs=[20]
sgcp_constrained receiver=20 policy=all-cavs sources=[20] clusters=20 ra=potential_game comm_bytes=0 selected_grids={}
fusion_method=early pred_boxes=25 gt_boxes=38
pred_scores_shape=(25,)
frame=21/41 receiver_sample=1/20 scenario=2026_07_29_02_32_08 timestamp=000100 cavs=[1]
sgcp_constrained receiver=1 policy=all-cavs sources=[1] clusters=20 ra=potential_game comm_bytes=0 selected_grids={}
fusion_method=early pred_boxes=21 gt_boxes=39
pred_scores_shape=(21,)
frame=21/41 receiver_sample=2/20 scenario=2026_07_29_02_32_08 timestamp=000100 cavs=[2]
sgcp_constrained receiver=2 policy=all-cavs sources=[2] clusters=20 ra=potential_game comm_bytes=0 selected_grids={}
fusion_method=early pred_boxes=18 gt_boxes=39
pred_scores_shape=(18,)
frame=21/41 receiver_sample=3/20 scenario=2026_07_29_02_32_08 timestamp=000100 cavs=[3]
sgcp_constrained receiver=3 policy=all-cavs sources=[3] clusters=20 ra=potential_game comm_bytes=0 selected_grids={}
fusion_method=early pred_boxes=17 gt_boxes=23
pred_scores_shape=(17,)
frame=21/41 receiver_sample=4/20 scenario=2026_07_29_02_32_08 timestamp=000100 cavs=[4]
sgcp_constrained receiver=4 policy=all-cavs sources=[4] clusters=20 ra=potential_game comm_bytes=0 selected_grids={}
fusion_method=early pred_boxes=20 gt_boxes=37
pred_scores_shape=(20,)
frame=21/41 receiver_sample=5/20 scenario=2026_07_29_02_32_08 timestamp=000100 cavs=[5]
sgcp_constrained receiver=5 policy=all-cavs sources=[5] clusters=20 ra=potential_game comm_bytes=0 selected_grids={}
fusion_method=early pred_boxes=22 gt_boxes=39
pred_scores_shape=(22,)
frame=21/41 receiver_sample=6/20 scenario=2026_07_29_02_32_08 timestamp=000100 cavs=[6]
sgcp_constrained receiver=6 policy=all-cavs sources=[6] clusters=20 ra=potential_game comm_bytes=0 selected_grids={}
fusion_method=early pred_boxes=14 gt_boxes=17
pred_scores_shape=(14,)
frame=21/41 receiver_sample=7/20 scenario=2026_07_29_02_32_08 timestamp=000100 cavs=[7]
sgcp_constrained receiver=7 policy=all-cavs sources=[7] clusters=20 ra=potential_game comm_bytes=0 selected_grids={}
fusion_method=early pred_boxes=25 gt_boxes=34
pred_scores_shape=(25,)
frame=21/41 receiver_sample=8/20 scenario=2026_07_29_02_32_08 timestamp=000100 cavs=[8]
sgcp_constrained receiver=8 policy=all-cavs sources=[8] clusters=20 ra=potential_game comm_bytes=0 selected_grids={}
fusion_method=early pred_boxes=25 gt_boxes=38
pred_scores_shape=(25,)
frame=21/41 receiver_sample=9/20 scenario=2026_07_29_02_32_08 timestamp=000100 cavs=[9]
sgcp_constrained receiver=9 policy=all-cavs sources=[9] clusters=20 ra=potential_game comm_bytes=0 selected_grids={}
fusion_method=early pred_boxes=17 gt_boxes=37
pred_scores_shape=(17,)
frame=21/41 receiver_sample=10/20 scenario=2026_07_29_02_32_08 timestamp=000100 cavs=[10]
sgcp_constrained receiver=10 policy=all-cavs sources=[10] clusters=20 ra=potential_game comm_bytes=0 selected_grids={}
fusion_method=early pred_boxes=23 gt_boxes=39
pred_scores_shape=(23,)
frame=21/41 receiver_sample=11/20 scenario=2026_07_29_02_32_08 timestamp=000100 cavs=[11]
sgcp_constrained receiver=11 policy=all-cavs sources=[11] clusters=20 ra=potential_game comm_bytes=0 selected_grids={}
fusion_method=early pred_boxes=19 gt_boxes=44
pred_scores_shape=(19,)
frame=21/41 receiver_sample=12/20 scenario=2026_07_29_02_32_08 timestamp=000100 cavs=[12]Format = auto
Extension = pcd
Format = auto
Extension = pcd
Format = auto
Extension = pcd
Format = auto
Extension = pcd
Format = auto
Extension = pcd
Format = auto
Extension = pcd
Format = auto
Extension = pcd
Format = auto
Extension = pcd
Format = auto
Extension = pcd
Format = auto
Extension = pcd
Format = auto
Extension = pcd
Format = auto
Extension = pcd
Format = auto
Extension = pcd
Format = auto
Extension = pcd
Format = auto
Extension = pcd
Format = auto
Extension = pcd
Format = auto
Extension = pcd
Format = auto
Extension = pcd
Format = auto
Extension = pcd
Format = auto
Extension = pcd
Format = auto
Extension = pcd
Format = auto
Extension = pcd
Format = auto
Extension = pcd
Format = auto
Extension = pcd
Format = auto
Extension = pcd
Format = auto
Extension = pcd
Format = auto
Extension = pcd
Format = auto
Extension = pcd
Format = auto
Extension = pcd
Format = auto
Extension = pcd
Format = auto
Extension = pcd
Format = auto
Extension = pcd
Format = auto
Extension = pcd
Format = auto
Extension = pcd
Format = auto
Extension = pcd
Format = auto
Extension = pcd
Format = auto
Extension = pcd
Format = auto
Extension = pcd
Format = auto
Extension = pcd
Format = auto
Extension = pcd

sgcp_constrained receiver=12 policy=all-cavs sources=[12] clusters=20 ra=potential_game comm_bytes=0 selected_grids={}
fusion_method=early pred_boxes=15 gt_boxes=25
pred_scores_shape=(15,)
frame=21/41 receiver_sample=13/20 scenario=2026_07_29_02_32_08 timestamp=000100 cavs=[13]
sgcp_constrained receiver=13 policy=all-cavs sources=[13] clusters=20 ra=potential_game comm_bytes=0 selected_grids={}
fusion_method=early pred_boxes=12 gt_boxes=25
pred_scores_shape=(12,)
frame=21/41 receiver_sample=14/20 scenario=2026_07_29_02_32_08 timestamp=000100 cavs=[14]
sgcp_constrained receiver=14 policy=all-cavs sources=[14] clusters=20 ra=potential_game comm_bytes=0 selected_grids={}
fusion_method=early pred_boxes=4 gt_boxes=8
pred_scores_shape=(4,)
frame=21/41 receiver_sample=15/20 scenario=2026_07_29_02_32_08 timestamp=000100 cavs=[15]
sgcp_constrained receiver=15 policy=all-cavs sources=[15] clusters=20 ra=potential_game comm_bytes=0 selected_grids={}
fusion_method=early pred_boxes=15 gt_boxes=25
pred_scores_shape=(15,)
frame=21/41 receiver_sample=16/20 scenario=2026_07_29_02_32_08 timestamp=000100 cavs=[16]
sgcp_constrained receiver=16 policy=all-cavs sources=[16] clusters=20 ra=potential_game comm_bytes=0 selected_grids={}
fusion_method=early pred_boxes=25 gt_boxes=33
pred_scores_shape=(25,)
frame=21/41 receiver_sample=17/20 scenario=2026_07_29_02_32_08 timestamp=000100 cavs=[17]
sgcp_constrained receiver=17 policy=all-cavs sources=[17] clusters=20 ra=potential_game comm_bytes=0 selected_grids={}
fusion_method=early pred_boxes=20 gt_boxes=26
pred_scores_shape=(20,)
frame=21/41 receiver_sample=18/20 scenario=2026_07_29_02_32_08 timestamp=000100 cavs=[18]
sgcp_constrained receiver=18 policy=all-cavs sources=[18] clusters=20 ra=potential_game comm_bytes=0 selected_grids={}
fusion_method=early pred_boxes=12 gt_boxes=15
pred_scores_shape=(12,)
frame=21/41 receiver_sample=19/20 scenario=2026_07_29_02_32_08 timestamp=000100 cavs=[19]
sgcp_constrained receiver=19 policy=all-cavs sources=[19] clusters=20 ra=potential_game comm_bytes=0 selected_grids={}
fusion_method=early pred_boxes=14 gt_boxes=29
pred_scores_shape=(14,)
frame=21/41 receiver_sample=20/20 scenario=2026_07_29_02_32_08 timestamp=000100 cavs=[20]
sgcp_constrained receiver=20 policy=all-cavs sources=[20] clusters=20 ra=potential_game comm_bytes=0 selected_grids={}
fusion_method=early pred_boxes=23 gt_boxes=38
pred_scores_shape=(23,)
frame=22/41 receiver_sample=1/20 scenario=2026_07_29_02_32_08 timestamp=000102 cavs=[1]
sgcp_constrained receiver=1 policy=all-cavs sources=[1] clusters=20 ra=potential_game comm_bytes=0 selected_grids={}
fusion_method=early pred_boxes=23 gt_boxes=40
pred_scores_shape=(23,)
frame=22/41 receiver_sample=2/20 scenario=2026_07_29_02_32_08 timestamp=000102 cavs=[2]
sgcp_constrained receiver=2 policy=all-cavs sources=[2] clusters=20 ra=potential_game comm_bytes=0 selected_grids={}
fusion_method=early pred_boxes=18 gt_boxes=39
pred_scores_shape=(18,)
frame=22/41 receiver_sample=3/20 scenario=2026_07_29_02_32_08 timestamp=000102 cavs=[3]
sgcp_constrained receiver=3 policy=all-cavs sources=[3] clusters=20 ra=potential_game comm_bytes=0 selected_grids={}
fusion_method=early pred_boxes=15 gt_boxes=23
pred_scores_shape=(15,)
frame=22/41 receiver_sample=4/20 scenario=2026_07_29_02_32_08 timestamp=000102 cavs=[4]
sgcp_constrained receiver=4 policy=all-cavs sources=[4] clusters=20 ra=potential_game comm_bytes=0 selected_grids={}
fusion_method=early pred_boxes=19 gt_boxes=36
pred_scores_shape=(19,)
frame=22/41 receiver_sample=5/20 scenario=2026_07_29_02_32_08 timestamp=000102 cavs=[5]
sgcp_constrained receiver=5 policy=all-cavs sources=[5] clusters=20 ra=potential_game comm_bytes=0 selected_grids={}
fusion_method=early pred_boxes=21 gt_boxes=39
pred_scores_shape=(21,)
frame=22/41 receiver_sample=6/20 scenario=2026_07_29_02_32_08 timestamp=000102 cavs=[6]
sgcp_constrained receiver=6 policy=all-cavs sources=[6] clusters=20 ra=potential_game comm_bytes=0 selected_grids={}
fusion_method=early pred_boxes=14 gt_boxes=17
pred_scores_shape=(14,)
frame=22/41 receiver_sample=7/20 scenario=2026_07_29_02_32_08 timestamp=000102 cavs=[7]
sgcp_constrained receiver=7 policy=all-cavs sources=[7] clusters=20 ra=potential_game comm_bytes=0 selected_grids={}
fusion_method=early pred_boxes=23 gt_boxes=33
pred_scores_shape=(23,)
frame=22/41 receiver_sample=8/20 scenario=2026_07_29_02_32_08 timestamp=000102 cavs=[8]
sgcp_constrained receiver=8 policy=all-cavs sources=[8] clusters=20 ra=potential_game comm_bytes=0 selected_grids={}
fusion_method=early pred_boxes=24 gt_boxes=38
pred_scores_shape=(24,)
frame=22/41 receiver_sample=9/20 scenario=2026_07_29_02_32_08 timestamp=000102 cavs=[9]
sgcp_constrained receiver=9 policy=all-cavs sources=[9] clusters=20 ra=potential_game comm_bytes=0 selected_grids={}
fusion_method=early pred_boxes=19 gt_boxes=37
pred_scores_shape=(19,)
frame=22/41 receiver_sample=10/20 scenario=2026_07_29_02_32_08 timestamp=000102 cavs=[10]
sgcp_constrained receiver=10 policy=all-cavs sources=[10] clusters=20 ra=potential_game comm_bytes=0 selected_grids={}
fusion_method=early pred_boxes=22 gt_boxes=39
pred_scores_shape=(22,)
frame=22/41 receiver_sample=11/20 scenario=2026_07_29_02_32_08 timestamp=000102 cavs=[11]
sgcp_constrained receiver=11 policy=all-cavs sources=[11] clusters=20 ra=potential_game comm_bytes=0 selected_grids={}
fusion_method=early pred_boxes=20 gt_boxes=43
pred_scores_shape=(20,)
frame=22/41 receiver_sample=12/20 scenario=2026_07_29_02_32_08 timestamp=000102 cavs=[12]
sgcp_constrained receiver=12 policy=all-cavs sources=[12] clusters=20 ra=potential_game comm_bytes=0 selected_grids={}
fusion_method=early pred_boxes=15 gt_boxes=26
pred_scores_shape=(15,)
frame=22/41 receiver_sample=13/20 scenario=2026_07_29_02_32_08 timestamp=000102 cavs=[13]
sgcp_constrained receiver=13 policy=all-cavs sources=[13] clusters=20 ra=potential_game comm_bytes=0 selected_grids={}
fusion_method=early pred_boxes=11 gt_boxes=24
pred_scores_shape=(11,)
frame=22/41 receiver_sample=14/20 scenario=2026_07_29_02_32_08 timestamp=000102 cavs=[14]
sgcp_constrained receiver=14 policy=all-cavs sources=[14] clusters=20 ra=potential_game comm_bytes=0 selected_grids={}
fusion_method=early pred_boxes=5 gt_boxes=8
pred_scores_shape=(5,)
frame=22/41 receiver_sample=15/20 scenario=2026_07_29_02_32_08 timestamp=000102 cavs=[15]
sgcp_constrained receiver=15 policy=all-cavs sources=[15] clusters=20 ra=potential_game comm_bytes=0 selected_grids={}
fusion_method=early pred_boxes=15 gt_boxes=25
pred_scores_shape=(15,)
frame=22/41 receiver_sample=16/20 scenario=2026_07_29_02_32_08 timestamp=000102 cavs=[16]
sgcp_constrained receiver=16 policy=all-cavs sources=[16] clusters=20 ra=potential_game comm_bytes=0 selected_grids={}
fusion_method=early pred_boxes=21 gt_boxes=34
pred_scores_shape=(21,)
frame=22/41 receiver_sample=17/20 scenario=2026_07_29_02_32_08 timestamp=000102 cavs=[17]
sgcp_constrained receiver=17 policy=all-cavs sources=[17] clusters=20 ra=potential_game comm_bytes=0 selected_grids={}
fusion_method=early pred_boxes=19 gt_boxes=27
pred_scores_shape=(19,)
frame=22/41 receiver_sample=18/20 scenario=2026_07_29_02_32_08 timestamp=000102 cavs=[18]
sgcp_constrained receiver=18 policy=all-cavs sources=[18] clusters=20 ra=potential_game comm_bytes=0 selected_grids={}
fusion_method=early pred_boxes=11 gt_boxes=14
pred_scores_shape=(11,)
frame=22/41 receiver_sample=19/20 scenario=2026_07_29_02_32_08 timestamp=000102 cavs=[19]
sgcp_constrained receiver=19 policy=all-cavs sources=[19] clusters=20 ra=potential_game comm_bytes=0 selected_grids={}
fusion_method=early pred_boxes=15 gt_boxes=30
pred_scores_shape=(15,)
frame=22/41 receiver_sample=20/20 scenario=2026_07_29_02_32_08 timestamp=000102 cavs=[20]
sgcp_constrained receiver=20 policy=all-cavs sources=[20] clusters=20 ra=potential_game comm_bytes=0 selected_grids={}
fusion_method=early pred_boxes=24 gt_boxes=38
pred_scores_shape=(24,)
frame=23/41 receiver_sample=1/20 scenario=2026_07_29_02_32_08 timestamp=000104 cavs=[1]
sgcp_constrained receiver=1 policy=all-cavs sources=[1] clusters=20 ra=potential_game comm_bytes=0 selected_grids={}Format = auto
Extension = pcd
Format = auto
Extension = pcd
Format = auto
Extension = pcd
Format = auto
Extension = pcd
Format = auto
Extension = pcd
Format = auto
Extension = pcd
Format = auto
Extension = pcd
Format = auto
Extension = pcd
Format = auto
Extension = pcd
Format = auto
Extension = pcd
Format = auto
Extension = pcd
Format = auto
Extension = pcd
Format = auto
Extension = pcd
Format = auto
Extension = pcd
Format = auto
Extension = pcd
Format = auto
Extension = pcd
Format = auto
Extension = pcd
Format = auto
Extension = pcd
Format = auto
Extension = pcd
Format = auto
Extension = pcd

fusion_method=early pred_boxes=22 gt_boxes=41
pred_scores_shape=(22,)
frame=23/41 receiver_sample=2/20 scenario=2026_07_29_02_32_08 timestamp=000104 cavs=[2]
sgcp_constrained receiver=2 policy=all-cavs sources=[2] clusters=20 ra=potential_game comm_bytes=0 selected_grids={}
fusion_method=early pred_boxes=20 gt_boxes=39
pred_scores_shape=(20,)
frame=23/41 receiver_sample=3/20 scenario=2026_07_29_02_32_08 timestamp=000104 cavs=[3]
sgcp_constrained receiver=3 policy=all-cavs sources=[3] clusters=20 ra=potential_game comm_bytes=0 selected_grids={}
fusion_method=early pred_boxes=16 gt_boxes=22
pred_scores_shape=(16,)
frame=23/41 receiver_sample=4/20 scenario=2026_07_29_02_32_08 timestamp=000104 cavs=[4]
sgcp_constrained receiver=4 policy=all-cavs sources=[4] clusters=20 ra=potential_game comm_bytes=0 selected_grids={}
fusion_method=early pred_boxes=19 gt_boxes=36
pred_scores_shape=(19,)
frame=23/41 receiver_sample=5/20 scenario=2026_07_29_02_32_08 timestamp=000104 cavs=[5]
sgcp_constrained receiver=5 policy=all-cavs sources=[5] clusters=20 ra=potential_game comm_bytes=0 selected_grids={}
fusion_method=early pred_boxes=21 gt_boxes=39
pred_scores_shape=(21,)
frame=23/41 receiver_sample=6/20 scenario=2026_07_29_02_32_08 timestamp=000104 cavs=[6]
sgcp_constrained receiver=6 policy=all-cavs sources=[6] clusters=20 ra=potential_game comm_bytes=0 selected_grids={}
fusion_method=early pred_boxes=15 gt_boxes=17
pred_scores_shape=(15,)
frame=23/41 receiver_sample=7/20 scenario=2026_07_29_02_32_08 timestamp=000104 cavs=[7]
sgcp_constrained receiver=7 policy=all-cavs sources=[7] clusters=20 ra=potential_game comm_bytes=0 selected_grids={}
fusion_method=early pred_boxes=21 gt_boxes=34
pred_scores_shape=(21,)
frame=23/41 receiver_sample=8/20 scenario=2026_07_29_02_32_08 timestamp=000104 cavs=[8]
sgcp_constrained receiver=8 policy=all-cavs sources=[8] clusters=20 ra=potential_game comm_bytes=0 selected_grids={}
fusion_method=early pred_boxes=25 gt_boxes=38
pred_scores_shape=(25,)
frame=23/41 receiver_sample=9/20 scenario=2026_07_29_02_32_08 timestamp=000104 cavs=[9]
sgcp_constrained receiver=9 policy=all-cavs sources=[9] clusters=20 ra=potential_game comm_bytes=0 selected_grids={}
fusion_method=early pred_boxes=18 gt_boxes=37
pred_scores_shape=(18,)
frame=23/41 receiver_sample=10/20 scenario=2026_07_29_02_32_08 timestamp=000104 cavs=[10]
sgcp_constrained receiver=10 policy=all-cavs sources=[10] clusters=20 ra=potential_game comm_bytes=0 selected_grids={}
fusion_method=early pred_boxes=23 gt_boxes=39
pred_scores_shape=(23,)
frame=23/41 receiver_sample=11/20 scenario=2026_07_29_02_32_08 timestamp=000104 cavs=[11]
sgcp_constrained receiver=11 policy=all-cavs sources=[11] clusters=20 ra=potential_game comm_bytes=0 selected_grids={}
fusion_method=early pred_boxes=18 gt_boxes=43
pred_scores_shape=(18,)
frame=23/41 receiver_sample=12/20 scenario=2026_07_29_02_32_08 timestamp=000104 cavs=[12]
sgcp_constrained receiver=12 policy=all-cavs sources=[12] clusters=20 ra=potential_game comm_bytes=0 selected_grids={}
fusion_method=early pred_boxes=15 gt_boxes=24
pred_scores_shape=(15,)
frame=23/41 receiver_sample=13/20 scenario=2026_07_29_02_32_08 timestamp=000104 cavs=[13]
sgcp_constrained receiver=13 policy=all-cavs sources=[13] clusters=20 ra=potential_game comm_bytes=0 selected_grids={}
fusion_method=early pred_boxes=10 gt_boxes=24
pred_scores_shape=(10,)
frame=23/41 receiver_sample=14/20 scenario=2026_07_29_02_32_08 timestamp=000104 cavs=[14]
sgcp_constrained receiver=14 policy=all-cavs sources=[14] clusters=20 ra=potential_game comm_bytes=0 selected_grids={}
fusion_method=early pred_boxes=4 gt_boxes=8
pred_scores_shape=(4,)
frame=23/41 receiver_sample=15/20 scenario=2026_07_29_02_32_08 timestamp=000104 cavs=[15]
sgcp_constrained receiver=15 policy=all-cavs sources=[15] clusters=20 ra=potential_game comm_bytes=0 selected_grids={}
fusion_method=early pred_boxes=15 gt_boxes=25
pred_scores_shape=(15,)
frame=23/41 receiver_sample=16/20 scenario=2026_07_29_02_32_08 timestamp=000104 cavs=[16]
sgcp_constrained receiver=16 policy=all-cavs sources=[16] clusters=20 ra=potential_game comm_bytes=0 selected_grids={}
fusion_method=early pred_boxes=20 gt_boxes=33
pred_scores_shape=(20,)
frame=23/41 receiver_sample=17/20 scenario=2026_07_29_02_32_08 timestamp=000104 cavs=[17]
sgcp_constrained receiver=17 policy=all-cavs sources=[17] clusters=20 ra=potential_game comm_bytes=0 selected_grids={}
fusion_method=early pred_boxes=21 gt_boxes=27
pred_scores_shape=(21,)
frame=23/41 receiver_sample=18/20 scenario=2026_07_29_02_32_08 timestamp=000104 cavs=[18]
sgcp_constrained receiver=18 policy=all-cavs sources=[18] clusters=20 ra=potential_game comm_bytes=0 selected_grids={}
fusion_method=early pred_boxes=12 gt_boxes=14
pred_scores_shape=(12,)
frame=23/41 receiver_sample=19/20 scenario=2026_07_29_02_32_08 timestamp=000104 cavs=[19]
sgcp_constrained receiver=19 policy=all-cavs sources=[19] clusters=20 ra=potential_game comm_bytes=0 selected_grids={}
fusion_method=early pred_boxes=18 gt_boxes=29
pred_scores_shape=(18,)
frame=23/41 receiver_sample=20/20 scenario=2026_07_29_02_32_08 timestamp=000104 cavs=[20]
sgcp_constrained receiver=20 policy=all-cavs sources=[20] clusters=20 ra=potential_game comm_bytes=0 selected_grids={}
fusion_method=early pred_boxes=22 gt_boxes=38
pred_scores_shape=(22,)
frame=24/41 receiver_sample=1/20 scenario=2026_07_29_02_32_08 timestamp=000106 cavs=[1]
sgcp_constrained receiver=1 policy=all-cavs sources=[1] clusters=20 ra=potential_game comm_bytes=0 selected_grids={}
fusion_method=early pred_boxes=22 gt_boxes=39
pred_scores_shape=(22,)
frame=24/41 receiver_sample=2/20 scenario=2026_07_29_02_32_08 timestamp=000106 cavs=[2]
sgcp_constrained receiver=2 policy=all-cavs sources=[2] clusters=20 ra=potential_game comm_bytes=0 selected_grids={}
fusion_method=early pred_boxes=20 gt_boxes=39
pred_scores_shape=(20,)
frame=24/41 receiver_sample=3/20 scenario=2026_07_29_02_32_08 timestamp=000106 cavs=[3]
sgcp_constrained receiver=3 policy=all-cavs sources=[3] clusters=20 ra=potential_game comm_bytes=0 selected_grids={}
fusion_method=early pred_boxes=17 gt_boxes=22
pred_scores_shape=(17,)
frame=24/41 receiver_sample=4/20 scenario=2026_07_29_02_32_08 timestamp=000106 cavs=[4]
sgcp_constrained receiver=4 policy=all-cavs sources=[4] clusters=20 ra=potential_game comm_bytes=0 selected_grids={}
fusion_method=early pred_boxes=19 gt_boxes=36
pred_scores_shape=(19,)
frame=24/41 receiver_sample=5/20 scenario=2026_07_29_02_32_08 timestamp=000106 cavs=[5]
sgcp_constrained receiver=5 policy=all-cavs sources=[5] clusters=20 ra=potential_game comm_bytes=0 selected_grids={}
fusion_method=early pred_boxes=19 gt_boxes=38
pred_scores_shape=(19,)
frame=24/41 receiver_sample=6/20 scenario=2026_07_29_02_32_08 timestamp=000106 cavs=[6]
sgcp_constrained receiver=6 policy=all-cavs sources=[6] clusters=20 ra=potential_game comm_bytes=0 selected_grids={}
fusion_method=early pred_boxes=15 gt_boxes=17
pred_scores_shape=(15,)
frame=24/41 receiver_sample=7/20 scenario=2026_07_29_02_32_08 timestamp=000106 cavs=[7]
sgcp_constrained receiver=7 policy=all-cavs sources=[7] clusters=20 ra=potential_game comm_bytes=0 selected_grids={}
fusion_method=early pred_boxes=24 gt_boxes=34
pred_scores_shape=(24,)
frame=24/41 receiver_sample=8/20 scenario=2026_07_29_02_32_08 timestamp=000106 cavs=[8]
sgcp_constrained receiver=8 policy=all-cavs sources=[8] clusters=20 ra=potential_game comm_bytes=0 selected_grids={}
fusion_method=early pred_boxes=24 gt_boxes=39
pred_scores_shape=(24,)
frame=24/41 receiver_sample=9/20 scenario=2026_07_29_02_32_08 timestamp=000106 cavs=[9]
sgcp_constrained receiver=9 policy=all-cavs sources=[9] clusters=20 ra=potential_game comm_bytes=0 selected_grids={}
fusion_method=early pred_boxes=19 gt_boxes=37
pred_scores_shape=(19,)
frame=24/41 receiver_sample=10/20 scenario=2026_07_29_02_32_08 timestamp=000106 cavs=[10]
sgcp_constrained receiver=10 policy=all-cavs sources=[10] clusters=20 ra=potential_game comm_bytes=0 selected_grids={}
fusion_method=early pred_boxes=22 gt_boxes=38
pred_scores_shape=(22,)Format = auto
Extension = pcd
Format = auto
Extension = pcd
Format = auto
Extension = pcd
Format = auto
Extension = pcd
Format = auto
Extension = pcd
Format = auto
Extension = pcd
Format = auto
Extension = pcd
Format = auto
Extension = pcd
Format = auto
Extension = pcd
Format = auto
Extension = pcd
Format = auto
Extension = pcd
Format = auto
Extension = pcd
Format = auto
Extension = pcd
Format = auto
Extension = pcd
Format = auto
Extension = pcd
Format = auto
Extension = pcd
Format = auto
Extension = pcd
Format = auto
Extension = pcd
Format = auto
Extension = pcd
Format = auto
Extension = pcd

frame=24/41 receiver_sample=11/20 scenario=2026_07_29_02_32_08 timestamp=000106 cavs=[11]
sgcp_constrained receiver=11 policy=all-cavs sources=[11] clusters=20 ra=potential_game comm_bytes=0 selected_grids={}
fusion_method=early pred_boxes=18 gt_boxes=42
pred_scores_shape=(18,)
frame=24/41 receiver_sample=12/20 scenario=2026_07_29_02_32_08 timestamp=000106 cavs=[12]
sgcp_constrained receiver=12 policy=all-cavs sources=[12] clusters=20 ra=potential_game comm_bytes=0 selected_grids={}
fusion_method=early pred_boxes=14 gt_boxes=23
pred_scores_shape=(14,)
frame=24/41 receiver_sample=13/20 scenario=2026_07_29_02_32_08 timestamp=000106 cavs=[13]
sgcp_constrained receiver=13 policy=all-cavs sources=[13] clusters=20 ra=potential_game comm_bytes=0 selected_grids={}
fusion_method=early pred_boxes=11 gt_boxes=23
pred_scores_shape=(11,)
frame=24/41 receiver_sample=14/20 scenario=2026_07_29_02_32_08 timestamp=000106 cavs=[14]
sgcp_constrained receiver=14 policy=all-cavs sources=[14] clusters=20 ra=potential_game comm_bytes=0 selected_grids={}
fusion_method=early pred_boxes=4 gt_boxes=8
pred_scores_shape=(4,)
frame=24/41 receiver_sample=15/20 scenario=2026_07_29_02_32_08 timestamp=000106 cavs=[15]
sgcp_constrained receiver=15 policy=all-cavs sources=[15] clusters=20 ra=potential_game comm_bytes=0 selected_grids={}
fusion_method=early pred_boxes=15 gt_boxes=25
pred_scores_shape=(15,)
frame=24/41 receiver_sample=16/20 scenario=2026_07_29_02_32_08 timestamp=000106 cavs=[16]
sgcp_constrained receiver=16 policy=all-cavs sources=[16] clusters=20 ra=potential_game comm_bytes=0 selected_grids={}
fusion_method=early pred_boxes=21 gt_boxes=33
pred_scores_shape=(21,)
frame=24/41 receiver_sample=17/20 scenario=2026_07_29_02_32_08 timestamp=000106 cavs=[17]
sgcp_constrained receiver=17 policy=all-cavs sources=[17] clusters=20 ra=potential_game comm_bytes=0 selected_grids={}
fusion_method=early pred_boxes=19 gt_boxes=27
pred_scores_shape=(19,)
frame=24/41 receiver_sample=18/20 scenario=2026_07_29_02_32_08 timestamp=000106 cavs=[18]
sgcp_constrained receiver=18 policy=all-cavs sources=[18] clusters=20 ra=potential_game comm_bytes=0 selected_grids={}
fusion_method=early pred_boxes=12 gt_boxes=14
pred_scores_shape=(12,)
frame=24/41 receiver_sample=19/20 scenario=2026_07_29_02_32_08 timestamp=000106 cavs=[19]
sgcp_constrained receiver=19 policy=all-cavs sources=[19] clusters=20 ra=potential_game comm_bytes=0 selected_grids={}
fusion_method=early pred_boxes=18 gt_boxes=30
pred_scores_shape=(18,)
frame=24/41 receiver_sample=20/20 scenario=2026_07_29_02_32_08 timestamp=000106 cavs=[20]
sgcp_constrained receiver=20 policy=all-cavs sources=[20] clusters=20 ra=potential_game comm_bytes=0 selected_grids={}
fusion_method=early pred_boxes=23 gt_boxes=38
pred_scores_shape=(23,)
frame=25/41 receiver_sample=1/20 scenario=2026_07_29_02_32_08 timestamp=000108 cavs=[1]
sgcp_constrained receiver=1 policy=all-cavs sources=[1] clusters=20 ra=potential_game comm_bytes=0 selected_grids={}
fusion_method=early pred_boxes=21 gt_boxes=41
pred_scores_shape=(21,)
frame=25/41 receiver_sample=2/20 scenario=2026_07_29_02_32_08 timestamp=000108 cavs=[2]
sgcp_constrained receiver=2 policy=all-cavs sources=[2] clusters=20 ra=potential_game comm_bytes=0 selected_grids={}
fusion_method=early pred_boxes=21 gt_boxes=39
pred_scores_shape=(21,)
frame=25/41 receiver_sample=3/20 scenario=2026_07_29_02_32_08 timestamp=000108 cavs=[3]
sgcp_constrained receiver=3 policy=all-cavs sources=[3] clusters=20 ra=potential_game comm_bytes=0 selected_grids={}
fusion_method=early pred_boxes=17 gt_boxes=21
pred_scores_shape=(17,)
frame=25/41 receiver_sample=4/20 scenario=2026_07_29_02_32_08 timestamp=000108 cavs=[4]
sgcp_constrained receiver=4 policy=all-cavs sources=[4] clusters=20 ra=potential_game comm_bytes=0 selected_grids={}
fusion_method=early pred_boxes=19 gt_boxes=36
pred_scores_shape=(19,)
frame=25/41 receiver_sample=5/20 scenario=2026_07_29_02_32_08 timestamp=000108 cavs=[5]
sgcp_constrained receiver=5 policy=all-cavs sources=[5] clusters=20 ra=potential_game comm_bytes=0 selected_grids={}
fusion_method=early pred_boxes=22 gt_boxes=40
pred_scores_shape=(22,)
frame=25/41 receiver_sample=6/20 scenario=2026_07_29_02_32_08 timestamp=000108 cavs=[6]
sgcp_constrained receiver=6 policy=all-cavs sources=[6] clusters=20 ra=potential_game comm_bytes=0 selected_grids={}
fusion_method=early pred_boxes=14 gt_boxes=18
pred_scores_shape=(14,)
frame=25/41 receiver_sample=7/20 scenario=2026_07_29_02_32_08 timestamp=000108 cavs=[7]
sgcp_constrained receiver=7 policy=all-cavs sources=[7] clusters=20 ra=potential_game comm_bytes=0 selected_grids={}
fusion_method=early pred_boxes=22 gt_boxes=34
pred_scores_shape=(22,)
frame=25/41 receiver_sample=8/20 scenario=2026_07_29_02_32_08 timestamp=000108 cavs=[8]
sgcp_constrained receiver=8 policy=all-cavs sources=[8] clusters=20 ra=potential_game comm_bytes=0 selected_grids={}
fusion_method=early pred_boxes=24 gt_boxes=39
pred_scores_shape=(24,)
frame=25/41 receiver_sample=9/20 scenario=2026_07_29_02_32_08 timestamp=000108 cavs=[9]
sgcp_constrained receiver=9 policy=all-cavs sources=[9] clusters=20 ra=potential_game comm_bytes=0 selected_grids={}
fusion_method=early pred_boxes=18 gt_boxes=37
pred_scores_shape=(18,)
frame=25/41 receiver_sample=10/20 scenario=2026_07_29_02_32_08 timestamp=000108 cavs=[10]
sgcp_constrained receiver=10 policy=all-cavs sources=[10] clusters=20 ra=potential_game comm_bytes=0 selected_grids={}
fusion_method=early pred_boxes=23 gt_boxes=38
pred_scores_shape=(23,)
frame=25/41 receiver_sample=11/20 scenario=2026_07_29_02_32_08 timestamp=000108 cavs=[11]
sgcp_constrained receiver=11 policy=all-cavs sources=[11] clusters=20 ra=potential_game comm_bytes=0 selected_grids={}
fusion_method=early pred_boxes=18 gt_boxes=42
pred_scores_shape=(18,)
frame=25/41 receiver_sample=12/20 scenario=2026_07_29_02_32_08 timestamp=000108 cavs=[12]
sgcp_constrained receiver=12 policy=all-cavs sources=[12] clusters=20 ra=potential_game comm_bytes=0 selected_grids={}
fusion_method=early pred_boxes=15 gt_boxes=23
pred_scores_shape=(15,)
frame=25/41 receiver_sample=13/20 scenario=2026_07_29_02_32_08 timestamp=000108 cavs=[13]
sgcp_constrained receiver=13 policy=all-cavs sources=[13] clusters=20 ra=potential_game comm_bytes=0 selected_grids={}
fusion_method=early pred_boxes=10 gt_boxes=23
pred_scores_shape=(10,)
frame=25/41 receiver_sample=14/20 scenario=2026_07_29_02_32_08 timestamp=000108 cavs=[14]
sgcp_constrained receiver=14 policy=all-cavs sources=[14] clusters=20 ra=potential_game comm_bytes=0 selected_grids={}
fusion_method=early pred_boxes=5 gt_boxes=8
pred_scores_shape=(5,)
frame=25/41 receiver_sample=15/20 scenario=2026_07_29_02_32_08 timestamp=000108 cavs=[15]
sgcp_constrained receiver=15 policy=all-cavs sources=[15] clusters=20 ra=potential_game comm_bytes=0 selected_grids={}
fusion_method=early pred_boxes=15 gt_boxes=24
pred_scores_shape=(15,)
frame=25/41 receiver_sample=16/20 scenario=2026_07_29_02_32_08 timestamp=000108 cavs=[16]
sgcp_constrained receiver=16 policy=all-cavs sources=[16] clusters=20 ra=potential_game comm_bytes=0 selected_grids={}
fusion_method=early pred_boxes=23 gt_boxes=33
pred_scores_shape=(23,)
frame=25/41 receiver_sample=17/20 scenario=2026_07_29_02_32_08 timestamp=000108 cavs=[17]
sgcp_constrained receiver=17 policy=all-cavs sources=[17] clusters=20 ra=potential_game comm_bytes=0 selected_grids={}
fusion_method=early pred_boxes=19 gt_boxes=27
pred_scores_shape=(19,)
frame=25/41 receiver_sample=18/20 scenario=2026_07_29_02_32_08 timestamp=000108 cavs=[18]
sgcp_constrained receiver=18 policy=all-cavs sources=[18] clusters=20 ra=potential_game comm_bytes=0 selected_grids={}
fusion_method=early pred_boxes=12 gt_boxes=14
pred_scores_shape=(12,)
frame=25/41 receiver_sample=19/20 scenario=2026_07_29_02_32_08 timestamp=000108 cavs=[19]
sgcp_constrained receiver=19 policy=all-cavs sources=[19] clusters=20 ra=potential_game comm_bytes=0 selected_grids={}
fusion_method=early pred_boxes=18 gt_boxes=30
pred_scores_shape=(18,)
frame=25/41 receiver_sample=20/20 scenario=2026_07_29_02_32_08 timestamp=000108 cavs=[20]Format = auto
Extension = pcd
Format = auto
Extension = pcd
Format = auto
Extension = pcd
Format = auto
Extension = pcd
Format = auto
Extension = pcd
Format = auto
Extension = pcd
Format = auto
Extension = pcd
Format = auto
Extension = pcd
Format = auto
Extension = pcd
Format = auto
Extension = pcd
Format = auto
Extension = pcd
Format = auto
Extension = pcd
Format = auto
Extension = pcd
Format = auto
Extension = pcd
Format = auto
Extension = pcd
Format = auto
Extension = pcd
Format = auto
Extension = pcd
Format = auto
Extension = pcd
Format = auto
Extension = pcd
Format = auto
Extension = pcd
Format = auto
Extension = pcd
Format = auto
Extension = pcd
Format = auto
Extension = pcd
Format = auto
Extension = pcd
Format = auto
Extension = pcd
Format = auto
Extension = pcd
Format = auto
Extension = pcd
Format = auto
Extension = pcd
Format = auto
Extension = pcd
Format = auto
Extension = pcd
Format = auto
Extension = pcd
Format = auto
Extension = pcd
Format = auto
Extension = pcd
Format = auto
Extension = pcd
Format = auto
Extension = pcd
Format = auto
Extension = pcd
Format = auto
Extension = pcd
Format = auto
Extension = pcd
Format = auto
Extension = pcd
Format = auto
Extension = pcd

sgcp_constrained receiver=20 policy=all-cavs sources=[20] clusters=20 ra=potential_game comm_bytes=0 selected_grids={}
fusion_method=early pred_boxes=22 gt_boxes=38
pred_scores_shape=(22,)
frame=26/41 receiver_sample=1/20 scenario=2026_07_29_02_32_08 timestamp=000110 cavs=[1]
sgcp_constrained receiver=1 policy=all-cavs sources=[1] clusters=20 ra=potential_game comm_bytes=0 selected_grids={}
fusion_method=early pred_boxes=20 gt_boxes=41
pred_scores_shape=(20,)
frame=26/41 receiver_sample=2/20 scenario=2026_07_29_02_32_08 timestamp=000110 cavs=[2]
sgcp_constrained receiver=2 policy=all-cavs sources=[2] clusters=20 ra=potential_game comm_bytes=0 selected_grids={}
fusion_method=early pred_boxes=21 gt_boxes=38
pred_scores_shape=(21,)
frame=26/41 receiver_sample=3/20 scenario=2026_07_29_02_32_08 timestamp=000110 cavs=[3]
sgcp_constrained receiver=3 policy=all-cavs sources=[3] clusters=20 ra=potential_game comm_bytes=0 selected_grids={}
fusion_method=early pred_boxes=16 gt_boxes=21
pred_scores_shape=(16,)
frame=26/41 receiver_sample=4/20 scenario=2026_07_29_02_32_08 timestamp=000110 cavs=[4]
sgcp_constrained receiver=4 policy=all-cavs sources=[4] clusters=20 ra=potential_game comm_bytes=0 selected_grids={}
fusion_method=early pred_boxes=18 gt_boxes=36
pred_scores_shape=(18,)
frame=26/41 receiver_sample=5/20 scenario=2026_07_29_02_32_08 timestamp=000110 cavs=[5]
sgcp_constrained receiver=5 policy=all-cavs sources=[5] clusters=20 ra=potential_game comm_bytes=0 selected_grids={}
fusion_method=early pred_boxes=21 gt_boxes=39
pred_scores_shape=(21,)
frame=26/41 receiver_sample=6/20 scenario=2026_07_29_02_32_08 timestamp=000110 cavs=[6]
sgcp_constrained receiver=6 policy=all-cavs sources=[6] clusters=20 ra=potential_game comm_bytes=0 selected_grids={}
fusion_method=early pred_boxes=15 gt_boxes=17
pred_scores_shape=(15,)
frame=26/41 receiver_sample=7/20 scenario=2026_07_29_02_32_08 timestamp=000110 cavs=[7]
sgcp_constrained receiver=7 policy=all-cavs sources=[7] clusters=20 ra=potential_game comm_bytes=0 selected_grids={}
fusion_method=early pred_boxes=22 gt_boxes=35
pred_scores_shape=(22,)
frame=26/41 receiver_sample=8/20 scenario=2026_07_29_02_32_08 timestamp=000110 cavs=[8]
sgcp_constrained receiver=8 policy=all-cavs sources=[8] clusters=20 ra=potential_game comm_bytes=0 selected_grids={}
fusion_method=early pred_boxes=23 gt_boxes=40
pred_scores_shape=(23,)
frame=26/41 receiver_sample=9/20 scenario=2026_07_29_02_32_08 timestamp=000110 cavs=[9]
sgcp_constrained receiver=9 policy=all-cavs sources=[9] clusters=20 ra=potential_game comm_bytes=0 selected_grids={}
fusion_method=early pred_boxes=18 gt_boxes=37
pred_scores_shape=(18,)
frame=26/41 receiver_sample=10/20 scenario=2026_07_29_02_32_08 timestamp=000110 cavs=[10]
sgcp_constrained receiver=10 policy=all-cavs sources=[10] clusters=20 ra=potential_game comm_bytes=0 selected_grids={}
fusion_method=early pred_boxes=23 gt_boxes=38
pred_scores_shape=(23,)
frame=26/41 receiver_sample=11/20 scenario=2026_07_29_02_32_08 timestamp=000110 cavs=[11]
sgcp_constrained receiver=11 policy=all-cavs sources=[11] clusters=20 ra=potential_game comm_bytes=0 selected_grids={}
fusion_method=early pred_boxes=18 gt_boxes=41
pred_scores_shape=(18,)
frame=26/41 receiver_sample=12/20 scenario=2026_07_29_02_32_08 timestamp=000110 cavs=[12]
sgcp_constrained receiver=12 policy=all-cavs sources=[12] clusters=20 ra=potential_game comm_bytes=0 selected_grids={}
fusion_method=early pred_boxes=15 gt_boxes=23
pred_scores_shape=(15,)
frame=26/41 receiver_sample=13/20 scenario=2026_07_29_02_32_08 timestamp=000110 cavs=[13]
sgcp_constrained receiver=13 policy=all-cavs sources=[13] clusters=20 ra=potential_game comm_bytes=0 selected_grids={}
fusion_method=early pred_boxes=11 gt_boxes=23
pred_scores_shape=(11,)
frame=26/41 receiver_sample=14/20 scenario=2026_07_29_02_32_08 timestamp=000110 cavs=[14]
sgcp_constrained receiver=14 policy=all-cavs sources=[14] clusters=20 ra=potential_game comm_bytes=0 selected_grids={}
fusion_method=early pred_boxes=4 gt_boxes=8
pred_scores_shape=(4,)
frame=26/41 receiver_sample=15/20 scenario=2026_07_29_02_32_08 timestamp=000110 cavs=[15]
sgcp_constrained receiver=15 policy=all-cavs sources=[15] clusters=20 ra=potential_game comm_bytes=0 selected_grids={}
fusion_method=early pred_boxes=17 gt_boxes=24
pred_scores_shape=(17,)
frame=26/41 receiver_sample=16/20 scenario=2026_07_29_02_32_08 timestamp=000110 cavs=[16]
sgcp_constrained receiver=16 policy=all-cavs sources=[16] clusters=20 ra=potential_game comm_bytes=0 selected_grids={}
fusion_method=early pred_boxes=26 gt_boxes=33
pred_scores_shape=(26,)
frame=26/41 receiver_sample=17/20 scenario=2026_07_29_02_32_08 timestamp=000110 cavs=[17]
sgcp_constrained receiver=17 policy=all-cavs sources=[17] clusters=20 ra=potential_game comm_bytes=0 selected_grids={}
fusion_method=early pred_boxes=20 gt_boxes=27
pred_scores_shape=(20,)
frame=26/41 receiver_sample=18/20 scenario=2026_07_29_02_32_08 timestamp=000110 cavs=[18]
sgcp_constrained receiver=18 policy=all-cavs sources=[18] clusters=20 ra=potential_game comm_bytes=0 selected_grids={}
fusion_method=early pred_boxes=12 gt_boxes=14
pred_scores_shape=(12,)
frame=26/41 receiver_sample=19/20 scenario=2026_07_29_02_32_08 timestamp=000110 cavs=[19]
sgcp_constrained receiver=19 policy=all-cavs sources=[19] clusters=20 ra=potential_game comm_bytes=0 selected_grids={}
fusion_method=early pred_boxes=18 gt_boxes=30
pred_scores_shape=(18,)
frame=26/41 receiver_sample=20/20 scenario=2026_07_29_02_32_08 timestamp=000110 cavs=[20]
sgcp_constrained receiver=20 policy=all-cavs sources=[20] clusters=20 ra=potential_game comm_bytes=0 selected_grids={}
fusion_method=early pred_boxes=21 gt_boxes=38
pred_scores_shape=(21,)
frame=27/41 receiver_sample=1/20 scenario=2026_07_29_02_32_08 timestamp=000112 cavs=[1]
sgcp_constrained receiver=1 policy=all-cavs sources=[1] clusters=20 ra=potential_game comm_bytes=0 selected_grids={}
fusion_method=early pred_boxes=21 gt_boxes=42
pred_scores_shape=(21,)
frame=27/41 receiver_sample=2/20 scenario=2026_07_29_02_32_08 timestamp=000112 cavs=[2]
sgcp_constrained receiver=2 policy=all-cavs sources=[2] clusters=20 ra=potential_game comm_bytes=0 selected_grids={}
fusion_method=early pred_boxes=20 gt_boxes=37
pred_scores_shape=(20,)
frame=27/41 receiver_sample=3/20 scenario=2026_07_29_02_32_08 timestamp=000112 cavs=[3]
sgcp_constrained receiver=3 policy=all-cavs sources=[3] clusters=20 ra=potential_game comm_bytes=0 selected_grids={}
fusion_method=early pred_boxes=14 gt_boxes=21
pred_scores_shape=(14,)
frame=27/41 receiver_sample=4/20 scenario=2026_07_29_02_32_08 timestamp=000112 cavs=[4]
sgcp_constrained receiver=4 policy=all-cavs sources=[4] clusters=20 ra=potential_game comm_bytes=0 selected_grids={}
fusion_method=early pred_boxes=19 gt_boxes=36
pred_scores_shape=(19,)
frame=27/41 receiver_sample=5/20 scenario=2026_07_29_02_32_08 timestamp=000112 cavs=[5]
sgcp_constrained receiver=5 policy=all-cavs sources=[5] clusters=20 ra=potential_game comm_bytes=0 selected_grids={}
fusion_method=early pred_boxes=21 gt_boxes=40
pred_scores_shape=(21,)
frame=27/41 receiver_sample=6/20 scenario=2026_07_29_02_32_08 timestamp=000112 cavs=[6]
sgcp_constrained receiver=6 policy=all-cavs sources=[6] clusters=20 ra=potential_game comm_bytes=0 selected_grids={}
fusion_method=early pred_boxes=15 gt_boxes=17
pred_scores_shape=(15,)
frame=27/41 receiver_sample=7/20 scenario=2026_07_29_02_32_08 timestamp=000112 cavs=[7]
sgcp_constrained receiver=7 policy=all-cavs sources=[7] clusters=20 ra=potential_game comm_bytes=0 selected_grids={}
fusion_method=early pred_boxes=20 gt_boxes=34
pred_scores_shape=(20,)
frame=27/41 receiver_sample=8/20 scenario=2026_07_29_02_32_08 timestamp=000112 cavs=[8]
sgcp_constrained receiver=8 policy=all-cavs sources=[8] clusters=20 ra=potential_game comm_bytes=0 selected_grids={}
fusion_method=early pred_boxes=24 gt_boxes=40
pred_scores_shape=(24,)
frame=27/41 receiver_sample=9/20 scenario=2026_07_29_02_32_08 timestamp=000112 cavs=[9]
sgcp_constrained receiver=9 policy=all-cavs sources=[9] clusters=20 ra=potential_game comm_bytes=0 selected_grids={}Format = auto
Extension = pcd
Format = auto
Extension = pcd
Format = auto
Extension = pcd
Format = auto
Extension = pcd
Format = auto
Extension = pcd
Format = auto
Extension = pcd
Format = auto
Extension = pcd
Format = auto
Extension = pcd
Format = auto
Extension = pcd
Format = auto
Extension = pcd
Format = auto
Extension = pcd
Format = auto
Extension = pcd
Format = auto
Extension = pcd
Format = auto
Extension = pcd
Format = auto
Extension = pcd
Format = auto
Extension = pcd
Format = auto
Extension = pcd
Format = auto
Extension = pcd
Format = auto
Extension = pcd
Format = auto
Extension = pcd

fusion_method=early pred_boxes=18 gt_boxes=37
pred_scores_shape=(18,)
frame=27/41 receiver_sample=10/20 scenario=2026_07_29_02_32_08 timestamp=000112 cavs=[10]
sgcp_constrained receiver=10 policy=all-cavs sources=[10] clusters=20 ra=potential_game comm_bytes=0 selected_grids={}
fusion_method=early pred_boxes=22 gt_boxes=38
pred_scores_shape=(22,)
frame=27/41 receiver_sample=11/20 scenario=2026_07_29_02_32_08 timestamp=000112 cavs=[11]
sgcp_constrained receiver=11 policy=all-cavs sources=[11] clusters=20 ra=potential_game comm_bytes=0 selected_grids={}
fusion_method=early pred_boxes=18 gt_boxes=42
pred_scores_shape=(18,)
frame=27/41 receiver_sample=12/20 scenario=2026_07_29_02_32_08 timestamp=000112 cavs=[12]
sgcp_constrained receiver=12 policy=all-cavs sources=[12] clusters=20 ra=potential_game comm_bytes=0 selected_grids={}
fusion_method=early pred_boxes=15 gt_boxes=23
pred_scores_shape=(15,)
frame=27/41 receiver_sample=13/20 scenario=2026_07_29_02_32_08 timestamp=000112 cavs=[13]
sgcp_constrained receiver=13 policy=all-cavs sources=[13] clusters=20 ra=potential_game comm_bytes=0 selected_grids={}
fusion_method=early pred_boxes=12 gt_boxes=23
pred_scores_shape=(12,)
frame=27/41 receiver_sample=14/20 scenario=2026_07_29_02_32_08 timestamp=000112 cavs=[14]
sgcp_constrained receiver=14 policy=all-cavs sources=[14] clusters=20 ra=potential_game comm_bytes=0 selected_grids={}
fusion_method=early pred_boxes=4 gt_boxes=8
pred_scores_shape=(4,)
frame=27/41 receiver_sample=15/20 scenario=2026_07_29_02_32_08 timestamp=000112 cavs=[15]
sgcp_constrained receiver=15 policy=all-cavs sources=[15] clusters=20 ra=potential_game comm_bytes=0 selected_grids={}
fusion_method=early pred_boxes=16 gt_boxes=24
pred_scores_shape=(16,)
frame=27/41 receiver_sample=16/20 scenario=2026_07_29_02_32_08 timestamp=000112 cavs=[16]
sgcp_constrained receiver=16 policy=all-cavs sources=[16] clusters=20 ra=potential_game comm_bytes=0 selected_grids={}
fusion_method=early pred_boxes=24 gt_boxes=32
pred_scores_shape=(24,)
frame=27/41 receiver_sample=17/20 scenario=2026_07_29_02_32_08 timestamp=000112 cavs=[17]
sgcp_constrained receiver=17 policy=all-cavs sources=[17] clusters=20 ra=potential_game comm_bytes=0 selected_grids={}
fusion_method=early pred_boxes=20 gt_boxes=28
pred_scores_shape=(20,)
frame=27/41 receiver_sample=18/20 scenario=2026_07_29_02_32_08 timestamp=000112 cavs=[18]
sgcp_constrained receiver=18 policy=all-cavs sources=[18] clusters=20 ra=potential_game comm_bytes=0 selected_grids={}
fusion_method=early pred_boxes=11 gt_boxes=14
pred_scores_shape=(11,)
frame=27/41 receiver_sample=19/20 scenario=2026_07_29_02_32_08 timestamp=000112 cavs=[19]
sgcp_constrained receiver=19 policy=all-cavs sources=[19] clusters=20 ra=potential_game comm_bytes=0 selected_grids={}
fusion_method=early pred_boxes=19 gt_boxes=30
pred_scores_shape=(19,)
frame=27/41 receiver_sample=20/20 scenario=2026_07_29_02_32_08 timestamp=000112 cavs=[20]
sgcp_constrained receiver=20 policy=all-cavs sources=[20] clusters=20 ra=potential_game comm_bytes=0 selected_grids={}
fusion_method=early pred_boxes=22 gt_boxes=38
pred_scores_shape=(22,)
frame=28/41 receiver_sample=1/20 scenario=2026_07_29_02_32_08 timestamp=000114 cavs=[1]
sgcp_constrained receiver=1 policy=all-cavs sources=[1] clusters=20 ra=potential_game comm_bytes=0 selected_grids={}
fusion_method=early pred_boxes=24 gt_boxes=42
pred_scores_shape=(24,)
frame=28/41 receiver_sample=2/20 scenario=2026_07_29_02_32_08 timestamp=000114 cavs=[2]
sgcp_constrained receiver=2 policy=all-cavs sources=[2] clusters=20 ra=potential_game comm_bytes=0 selected_grids={}
fusion_method=early pred_boxes=19 gt_boxes=38
pred_scores_shape=(19,)
frame=28/41 receiver_sample=3/20 scenario=2026_07_29_02_32_08 timestamp=000114 cavs=[3]
sgcp_constrained receiver=3 policy=all-cavs sources=[3] clusters=20 ra=potential_game comm_bytes=0 selected_grids={}
fusion_method=early pred_boxes=14 gt_boxes=20
pred_scores_shape=(14,)
frame=28/41 receiver_sample=4/20 scenario=2026_07_29_02_32_08 timestamp=000114 cavs=[4]
sgcp_constrained receiver=4 policy=all-cavs sources=[4] clusters=20 ra=potential_game comm_bytes=0 selected_grids={}
fusion_method=early pred_boxes=18 gt_boxes=35
pred_scores_shape=(18,)
frame=28/41 receiver_sample=5/20 scenario=2026_07_29_02_32_08 timestamp=000114 cavs=[5]
sgcp_constrained receiver=5 policy=all-cavs sources=[5] clusters=20 ra=potential_game comm_bytes=0 selected_grids={}
fusion_method=early pred_boxes=18 gt_boxes=40
pred_scores_shape=(18,)
frame=28/41 receiver_sample=6/20 scenario=2026_07_29_02_32_08 timestamp=000114 cavs=[6]
sgcp_constrained receiver=6 policy=all-cavs sources=[6] clusters=20 ra=potential_game comm_bytes=0 selected_grids={}
fusion_method=early pred_boxes=15 gt_boxes=17
pred_scores_shape=(15,)
frame=28/41 receiver_sample=7/20 scenario=2026_07_29_02_32_08 timestamp=000114 cavs=[7]
sgcp_constrained receiver=7 policy=all-cavs sources=[7] clusters=20 ra=potential_game comm_bytes=0 selected_grids={}
fusion_method=early pred_boxes=18 gt_boxes=34
pred_scores_shape=(18,)
frame=28/41 receiver_sample=8/20 scenario=2026_07_29_02_32_08 timestamp=000114 cavs=[8]
sgcp_constrained receiver=8 policy=all-cavs sources=[8] clusters=20 ra=potential_game comm_bytes=0 selected_grids={}
fusion_method=early pred_boxes=25 gt_boxes=40
pred_scores_shape=(25,)
frame=28/41 receiver_sample=9/20 scenario=2026_07_29_02_32_08 timestamp=000114 cavs=[9]
sgcp_constrained receiver=9 policy=all-cavs sources=[9] clusters=20 ra=potential_game comm_bytes=0 selected_grids={}
fusion_method=early pred_boxes=18 gt_boxes=37
pred_scores_shape=(18,)
frame=28/41 receiver_sample=10/20 scenario=2026_07_29_02_32_08 timestamp=000114 cavs=[10]
sgcp_constrained receiver=10 policy=all-cavs sources=[10] clusters=20 ra=potential_game comm_bytes=0 selected_grids={}
fusion_method=early pred_boxes=23 gt_boxes=38
pred_scores_shape=(23,)
frame=28/41 receiver_sample=11/20 scenario=2026_07_29_02_32_08 timestamp=000114 cavs=[11]
sgcp_constrained receiver=11 policy=all-cavs sources=[11] clusters=20 ra=potential_game comm_bytes=0 selected_grids={}
fusion_method=early pred_boxes=18 gt_boxes=42
pred_scores_shape=(18,)
frame=28/41 receiver_sample=12/20 scenario=2026_07_29_02_32_08 timestamp=000114 cavs=[12]
sgcp_constrained receiver=12 policy=all-cavs sources=[12] clusters=20 ra=potential_game comm_bytes=0 selected_grids={}
fusion_method=early pred_boxes=14 gt_boxes=23
pred_scores_shape=(14,)
frame=28/41 receiver_sample=13/20 scenario=2026_07_29_02_32_08 timestamp=000114 cavs=[13]
sgcp_constrained receiver=13 policy=all-cavs sources=[13] clusters=20 ra=potential_game comm_bytes=0 selected_grids={}
fusion_method=early pred_boxes=12 gt_boxes=23
pred_scores_shape=(12,)
frame=28/41 receiver_sample=14/20 scenario=2026_07_29_02_32_08 timestamp=000114 cavs=[14]
sgcp_constrained receiver=14 policy=all-cavs sources=[14] clusters=20 ra=potential_game comm_bytes=0 selected_grids={}
fusion_method=early pred_boxes=4 gt_boxes=8
pred_scores_shape=(4,)
frame=28/41 receiver_sample=15/20 scenario=2026_07_29_02_32_08 timestamp=000114 cavs=[15]
sgcp_constrained receiver=15 policy=all-cavs sources=[15] clusters=20 ra=potential_game comm_bytes=0 selected_grids={}
fusion_method=early pred_boxes=16 gt_boxes=25
pred_scores_shape=(16,)
frame=28/41 receiver_sample=16/20 scenario=2026_07_29_02_32_08 timestamp=000114 cavs=[16]
sgcp_constrained receiver=16 policy=all-cavs sources=[16] clusters=20 ra=potential_game comm_bytes=0 selected_grids={}
fusion_method=early pred_boxes=24 gt_boxes=31
pred_scores_shape=(24,)
frame=28/41 receiver_sample=17/20 scenario=2026_07_29_02_32_08 timestamp=000114 cavs=[17]
sgcp_constrained receiver=17 policy=all-cavs sources=[17] clusters=20 ra=potential_game comm_bytes=0 selected_grids={}
fusion_method=early pred_boxes=20 gt_boxes=28
pred_scores_shape=(20,)
frame=28/41 receiver_sample=18/20 scenario=2026_07_29_02_32_08 timestamp=000114 cavs=[18]
sgcp_constrained receiver=18 policy=all-cavs sources=[18] clusters=20 ra=potential_game comm_bytes=0 selected_grids={}
fusion_method=early pred_boxes=13 gt_boxes=14Format = auto
Extension = pcd
Format = auto
Extension = pcd
Format = auto
Extension = pcd
Format = auto
Extension = pcd
Format = auto
Extension = pcd
Format = auto
Extension = pcd
Format = auto
Extension = pcd
Format = auto
Extension = pcd
Format = auto
Extension = pcd
Format = auto
Extension = pcd
Format = auto
Extension = pcd
Format = auto
Extension = pcd
Format = auto
Extension = pcd
Format = auto
Extension = pcd
Format = auto
Extension = pcd
Format = auto
Extension = pcd
Format = auto
Extension = pcd
Format = auto
Extension = pcd
Format = auto
Extension = pcd
Format = auto
Extension = pcd
Format = auto
Extension = pcd
Format = auto
Extension = pcd
Format = auto
Extension = pcd
Format = auto
Extension = pcd
Format = auto
Extension = pcd
Format = auto
Extension = pcd
Format = auto
Extension = pcd
Format = auto
Extension = pcd
Format = auto
Extension = pcd
Format = auto
Extension = pcd
Format = auto
Extension = pcd
Format = auto
Extension = pcd
Format = auto
Extension = pcd
Format = auto
Extension = pcd
Format = auto
Extension = pcd
Format = auto
Extension = pcd
Format = auto
Extension = pcd
Format = auto
Extension = pcd
Format = auto
Extension = pcd
Format = auto
Extension = pcd

pred_scores_shape=(13,)
frame=28/41 receiver_sample=19/20 scenario=2026_07_29_02_32_08 timestamp=000114 cavs=[19]
sgcp_constrained receiver=19 policy=all-cavs sources=[19] clusters=20 ra=potential_game comm_bytes=0 selected_grids={}
fusion_method=early pred_boxes=19 gt_boxes=29
pred_scores_shape=(19,)
frame=28/41 receiver_sample=20/20 scenario=2026_07_29_02_32_08 timestamp=000114 cavs=[20]
sgcp_constrained receiver=20 policy=all-cavs sources=[20] clusters=20 ra=potential_game comm_bytes=0 selected_grids={}
fusion_method=early pred_boxes=22 gt_boxes=38
pred_scores_shape=(22,)
frame=29/41 receiver_sample=1/20 scenario=2026_07_29_02_32_08 timestamp=000116 cavs=[1]
sgcp_constrained receiver=1 policy=all-cavs sources=[1] clusters=20 ra=potential_game comm_bytes=0 selected_grids={}
fusion_method=early pred_boxes=23 gt_boxes=42
pred_scores_shape=(23,)
frame=29/41 receiver_sample=2/20 scenario=2026_07_29_02_32_08 timestamp=000116 cavs=[2]
sgcp_constrained receiver=2 policy=all-cavs sources=[2] clusters=20 ra=potential_game comm_bytes=0 selected_grids={}
fusion_method=early pred_boxes=18 gt_boxes=38
pred_scores_shape=(18,)
frame=29/41 receiver_sample=3/20 scenario=2026_07_29_02_32_08 timestamp=000116 cavs=[3]
sgcp_constrained receiver=3 policy=all-cavs sources=[3] clusters=20 ra=potential_game comm_bytes=0 selected_grids={}
fusion_method=early pred_boxes=14 gt_boxes=18
pred_scores_shape=(14,)
frame=29/41 receiver_sample=4/20 scenario=2026_07_29_02_32_08 timestamp=000116 cavs=[4]
sgcp_constrained receiver=4 policy=all-cavs sources=[4] clusters=20 ra=potential_game comm_bytes=0 selected_grids={}
fusion_method=early pred_boxes=19 gt_boxes=36
pred_scores_shape=(19,)
frame=29/41 receiver_sample=5/20 scenario=2026_07_29_02_32_08 timestamp=000116 cavs=[5]
sgcp_constrained receiver=5 policy=all-cavs sources=[5] clusters=20 ra=potential_game comm_bytes=0 selected_grids={}
fusion_method=early pred_boxes=21 gt_boxes=37
pred_scores_shape=(21,)
frame=29/41 receiver_sample=6/20 scenario=2026_07_29_02_32_08 timestamp=000116 cavs=[6]
sgcp_constrained receiver=6 policy=all-cavs sources=[6] clusters=20 ra=potential_game comm_bytes=0 selected_grids={}
fusion_method=early pred_boxes=15 gt_boxes=17
pred_scores_shape=(15,)
frame=29/41 receiver_sample=7/20 scenario=2026_07_29_02_32_08 timestamp=000116 cavs=[7]
sgcp_constrained receiver=7 policy=all-cavs sources=[7] clusters=20 ra=potential_game comm_bytes=0 selected_grids={}
fusion_method=early pred_boxes=18 gt_boxes=34
pred_scores_shape=(18,)
frame=29/41 receiver_sample=8/20 scenario=2026_07_29_02_32_08 timestamp=000116 cavs=[8]
sgcp_constrained receiver=8 policy=all-cavs sources=[8] clusters=20 ra=potential_game comm_bytes=0 selected_grids={}
fusion_method=early pred_boxes=23 gt_boxes=40
pred_scores_shape=(23,)
frame=29/41 receiver_sample=9/20 scenario=2026_07_29_02_32_08 timestamp=000116 cavs=[9]
sgcp_constrained receiver=9 policy=all-cavs sources=[9] clusters=20 ra=potential_game comm_bytes=0 selected_grids={}
fusion_method=early pred_boxes=17 gt_boxes=36
pred_scores_shape=(17,)
frame=29/41 receiver_sample=10/20 scenario=2026_07_29_02_32_08 timestamp=000116 cavs=[10]
sgcp_constrained receiver=10 policy=all-cavs sources=[10] clusters=20 ra=potential_game comm_bytes=0 selected_grids={}
fusion_method=early pred_boxes=22 gt_boxes=39
pred_scores_shape=(22,)
frame=29/41 receiver_sample=11/20 scenario=2026_07_29_02_32_08 timestamp=000116 cavs=[11]
sgcp_constrained receiver=11 policy=all-cavs sources=[11] clusters=20 ra=potential_game comm_bytes=0 selected_grids={}
fusion_method=early pred_boxes=18 gt_boxes=42
pred_scores_shape=(18,)
frame=29/41 receiver_sample=12/20 scenario=2026_07_29_02_32_08 timestamp=000116 cavs=[12]
sgcp_constrained receiver=12 policy=all-cavs sources=[12] clusters=20 ra=potential_game comm_bytes=0 selected_grids={}
fusion_method=early pred_boxes=13 gt_boxes=24
pred_scores_shape=(13,)
frame=29/41 receiver_sample=13/20 scenario=2026_07_29_02_32_08 timestamp=000116 cavs=[13]
sgcp_constrained receiver=13 policy=all-cavs sources=[13] clusters=20 ra=potential_game comm_bytes=0 selected_grids={}
fusion_method=early pred_boxes=12 gt_boxes=22
pred_scores_shape=(12,)
frame=29/41 receiver_sample=14/20 scenario=2026_07_29_02_32_08 timestamp=000116 cavs=[14]
sgcp_constrained receiver=14 policy=all-cavs sources=[14] clusters=20 ra=potential_game comm_bytes=0 selected_grids={}
fusion_method=early pred_boxes=4 gt_boxes=8
pred_scores_shape=(4,)
frame=29/41 receiver_sample=15/20 scenario=2026_07_29_02_32_08 timestamp=000116 cavs=[15]
sgcp_constrained receiver=15 policy=all-cavs sources=[15] clusters=20 ra=potential_game comm_bytes=0 selected_grids={}
fusion_method=early pred_boxes=17 gt_boxes=27
pred_scores_shape=(17,)
frame=29/41 receiver_sample=16/20 scenario=2026_07_29_02_32_08 timestamp=000116 cavs=[16]
sgcp_constrained receiver=16 policy=all-cavs sources=[16] clusters=20 ra=potential_game comm_bytes=0 selected_grids={}
fusion_method=early pred_boxes=20 gt_boxes=28
pred_scores_shape=(20,)
frame=29/41 receiver_sample=17/20 scenario=2026_07_29_02_32_08 timestamp=000116 cavs=[17]
sgcp_constrained receiver=17 policy=all-cavs sources=[17] clusters=20 ra=potential_game comm_bytes=0 selected_grids={}
fusion_method=early pred_boxes=19 gt_boxes=27
pred_scores_shape=(19,)
frame=29/41 receiver_sample=18/20 scenario=2026_07_29_02_32_08 timestamp=000116 cavs=[18]
sgcp_constrained receiver=18 policy=all-cavs sources=[18] clusters=20 ra=potential_game comm_bytes=0 selected_grids={}
fusion_method=early pred_boxes=13 gt_boxes=13
pred_scores_shape=(13,)
frame=29/41 receiver_sample=19/20 scenario=2026_07_29_02_32_08 timestamp=000116 cavs=[19]
sgcp_constrained receiver=19 policy=all-cavs sources=[19] clusters=20 ra=potential_game comm_bytes=0 selected_grids={}
fusion_method=early pred_boxes=19 gt_boxes=29
pred_scores_shape=(19,)
frame=29/41 receiver_sample=20/20 scenario=2026_07_29_02_32_08 timestamp=000116 cavs=[20]
sgcp_constrained receiver=20 policy=all-cavs sources=[20] clusters=20 ra=potential_game comm_bytes=0 selected_grids={}
fusion_method=early pred_boxes=21 gt_boxes=38
pred_scores_shape=(21,)
frame=30/41 receiver_sample=1/20 scenario=2026_07_29_02_32_08 timestamp=000118 cavs=[1]
sgcp_constrained receiver=1 policy=all-cavs sources=[1] clusters=20 ra=potential_game comm_bytes=0 selected_grids={}
fusion_method=early pred_boxes=24 gt_boxes=41
pred_scores_shape=(24,)
frame=30/41 receiver_sample=2/20 scenario=2026_07_29_02_32_08 timestamp=000118 cavs=[2]
sgcp_constrained receiver=2 policy=all-cavs sources=[2] clusters=20 ra=potential_game comm_bytes=0 selected_grids={}
fusion_method=early pred_boxes=19 gt_boxes=38
pred_scores_shape=(19,)
frame=30/41 receiver_sample=3/20 scenario=2026_07_29_02_32_08 timestamp=000118 cavs=[3]
sgcp_constrained receiver=3 policy=all-cavs sources=[3] clusters=20 ra=potential_game comm_bytes=0 selected_grids={}
fusion_method=early pred_boxes=15 gt_boxes=18
pred_scores_shape=(15,)
frame=30/41 receiver_sample=4/20 scenario=2026_07_29_02_32_08 timestamp=000118 cavs=[4]
sgcp_constrained receiver=4 policy=all-cavs sources=[4] clusters=20 ra=potential_game comm_bytes=0 selected_grids={}
fusion_method=early pred_boxes=18 gt_boxes=36
pred_scores_shape=(18,)
frame=30/41 receiver_sample=5/20 scenario=2026_07_29_02_32_08 timestamp=000118 cavs=[5]
sgcp_constrained receiver=5 policy=all-cavs sources=[5] clusters=20 ra=potential_game comm_bytes=0 selected_grids={}
fusion_method=early pred_boxes=21 gt_boxes=37
pred_scores_shape=(21,)
frame=30/41 receiver_sample=6/20 scenario=2026_07_29_02_32_08 timestamp=000118 cavs=[6]
sgcp_constrained receiver=6 policy=all-cavs sources=[6] clusters=20 ra=potential_game comm_bytes=0 selected_grids={}
fusion_method=early pred_boxes=15 gt_boxes=17
pred_scores_shape=(15,)
frame=30/41 receiver_sample=7/20 scenario=2026_07_29_02_32_08 timestamp=000118 cavs=[7]
sgcp_constrained receiver=7 policy=all-cavs sources=[7] clusters=20 ra=potential_game comm_bytes=0 selected_grids={}
fusion_method=early pred_boxes=20 gt_boxes=35
pred_scores_shape=(20,)
frame=30/41 receiver_sample=8/20 scenario=2026_07_29_02_32_08 timestamp=000118 cavs=[8]Format = auto
Extension = pcd
Format = auto
Extension = pcd
Format = auto
Extension = pcd
Format = auto
Extension = pcd
Format = auto
Extension = pcd
Format = auto
Extension = pcd
Format = auto
Extension = pcd
Format = auto
Extension = pcd
Format = auto
Extension = pcd
Format = auto
Extension = pcd
Format = auto
Extension = pcd
Format = auto
Extension = pcd
Format = auto
Extension = pcd
Format = auto
Extension = pcd
Format = auto
Extension = pcd
Format = auto
Extension = pcd
Format = auto
Extension = pcd
Format = auto
Extension = pcd
Format = auto
Extension = pcd
Format = auto
Extension = pcd

sgcp_constrained receiver=8 policy=all-cavs sources=[8] clusters=20 ra=potential_game comm_bytes=0 selected_grids={}
fusion_method=early pred_boxes=25 gt_boxes=38
pred_scores_shape=(25,)
frame=30/41 receiver_sample=9/20 scenario=2026_07_29_02_32_08 timestamp=000118 cavs=[9]
sgcp_constrained receiver=9 policy=all-cavs sources=[9] clusters=20 ra=potential_game comm_bytes=0 selected_grids={}
fusion_method=early pred_boxes=17 gt_boxes=35
pred_scores_shape=(17,)
frame=30/41 receiver_sample=10/20 scenario=2026_07_29_02_32_08 timestamp=000118 cavs=[10]
sgcp_constrained receiver=10 policy=all-cavs sources=[10] clusters=20 ra=potential_game comm_bytes=0 selected_grids={}
fusion_method=early pred_boxes=22 gt_boxes=39
pred_scores_shape=(22,)
frame=30/41 receiver_sample=11/20 scenario=2026_07_29_02_32_08 timestamp=000118 cavs=[11]
sgcp_constrained receiver=11 policy=all-cavs sources=[11] clusters=20 ra=potential_game comm_bytes=0 selected_grids={}
fusion_method=early pred_boxes=18 gt_boxes=42
pred_scores_shape=(18,)
frame=30/41 receiver_sample=12/20 scenario=2026_07_29_02_32_08 timestamp=000118 cavs=[12]
sgcp_constrained receiver=12 policy=all-cavs sources=[12] clusters=20 ra=potential_game comm_bytes=0 selected_grids={}
fusion_method=early pred_boxes=11 gt_boxes=22
pred_scores_shape=(11,)
frame=30/41 receiver_sample=13/20 scenario=2026_07_29_02_32_08 timestamp=000118 cavs=[13]
sgcp_constrained receiver=13 policy=all-cavs sources=[13] clusters=20 ra=potential_game comm_bytes=0 selected_grids={}
fusion_method=early pred_boxes=12 gt_boxes=23
pred_scores_shape=(12,)
frame=30/41 receiver_sample=14/20 scenario=2026_07_29_02_32_08 timestamp=000118 cavs=[14]
sgcp_constrained receiver=14 policy=all-cavs sources=[14] clusters=20 ra=potential_game comm_bytes=0 selected_grids={}
fusion_method=early pred_boxes=6 gt_boxes=8
pred_scores_shape=(6,)
frame=30/41 receiver_sample=15/20 scenario=2026_07_29_02_32_08 timestamp=000118 cavs=[15]
sgcp_constrained receiver=15 policy=all-cavs sources=[15] clusters=20 ra=potential_game comm_bytes=0 selected_grids={}
fusion_method=early pred_boxes=17 gt_boxes=26
pred_scores_shape=(17,)
frame=30/41 receiver_sample=16/20 scenario=2026_07_29_02_32_08 timestamp=000118 cavs=[16]
sgcp_constrained receiver=16 policy=all-cavs sources=[16] clusters=20 ra=potential_game comm_bytes=0 selected_grids={}
fusion_method=early pred_boxes=19 gt_boxes=28
pred_scores_shape=(19,)
frame=30/41 receiver_sample=17/20 scenario=2026_07_29_02_32_08 timestamp=000118 cavs=[17]
sgcp_constrained receiver=17 policy=all-cavs sources=[17] clusters=20 ra=potential_game comm_bytes=0 selected_grids={}
fusion_method=early pred_boxes=20 gt_boxes=28
pred_scores_shape=(20,)
frame=30/41 receiver_sample=18/20 scenario=2026_07_29_02_32_08 timestamp=000118 cavs=[18]
sgcp_constrained receiver=18 policy=all-cavs sources=[18] clusters=20 ra=potential_game comm_bytes=0 selected_grids={}
fusion_method=early pred_boxes=12 gt_boxes=13
pred_scores_shape=(12,)
frame=30/41 receiver_sample=19/20 scenario=2026_07_29_02_32_08 timestamp=000118 cavs=[19]
sgcp_constrained receiver=19 policy=all-cavs sources=[19] clusters=20 ra=potential_game comm_bytes=0 selected_grids={}
fusion_method=early pred_boxes=20 gt_boxes=29
pred_scores_shape=(20,)
frame=30/41 receiver_sample=20/20 scenario=2026_07_29_02_32_08 timestamp=000118 cavs=[20]
sgcp_constrained receiver=20 policy=all-cavs sources=[20] clusters=20 ra=potential_game comm_bytes=0 selected_grids={}
fusion_method=early pred_boxes=20 gt_boxes=36
pred_scores_shape=(20,)
frame=31/41 receiver_sample=1/20 scenario=2026_07_29_02_32_08 timestamp=000120 cavs=[1]
sgcp_constrained receiver=1 policy=all-cavs sources=[1] clusters=20 ra=potential_game comm_bytes=0 selected_grids={}
fusion_method=early pred_boxes=22 gt_boxes=41
pred_scores_shape=(22,)
frame=31/41 receiver_sample=2/20 scenario=2026_07_29_02_32_08 timestamp=000120 cavs=[2]
sgcp_constrained receiver=2 policy=all-cavs sources=[2] clusters=20 ra=potential_game comm_bytes=0 selected_grids={}
fusion_method=early pred_boxes=19 gt_boxes=38
pred_scores_shape=(19,)
frame=31/41 receiver_sample=3/20 scenario=2026_07_29_02_32_08 timestamp=000120 cavs=[3]
sgcp_constrained receiver=3 policy=all-cavs sources=[3] clusters=20 ra=potential_game comm_bytes=0 selected_grids={}
fusion_method=early pred_boxes=14 gt_boxes=18
pred_scores_shape=(14,)
frame=31/41 receiver_sample=4/20 scenario=2026_07_29_02_32_08 timestamp=000120 cavs=[4]
sgcp_constrained receiver=4 policy=all-cavs sources=[4] clusters=20 ra=potential_game comm_bytes=0 selected_grids={}
fusion_method=early pred_boxes=19 gt_boxes=35
pred_scores_shape=(19,)
frame=31/41 receiver_sample=5/20 scenario=2026_07_29_02_32_08 timestamp=000120 cavs=[5]
sgcp_constrained receiver=5 policy=all-cavs sources=[5] clusters=20 ra=potential_game comm_bytes=0 selected_grids={}
fusion_method=early pred_boxes=21 gt_boxes=36
pred_scores_shape=(21,)
frame=31/41 receiver_sample=6/20 scenario=2026_07_29_02_32_08 timestamp=000120 cavs=[6]
sgcp_constrained receiver=6 policy=all-cavs sources=[6] clusters=20 ra=potential_game comm_bytes=0 selected_grids={}
fusion_method=early pred_boxes=14 gt_boxes=17
pred_scores_shape=(14,)
frame=31/41 receiver_sample=7/20 scenario=2026_07_29_02_32_08 timestamp=000120 cavs=[7]
sgcp_constrained receiver=7 policy=all-cavs sources=[7] clusters=20 ra=potential_game comm_bytes=0 selected_grids={}
fusion_method=early pred_boxes=25 gt_boxes=35
pred_scores_shape=(25,)
frame=31/41 receiver_sample=8/20 scenario=2026_07_29_02_32_08 timestamp=000120 cavs=[8]
sgcp_constrained receiver=8 policy=all-cavs sources=[8] clusters=20 ra=potential_game comm_bytes=0 selected_grids={}
fusion_method=early pred_boxes=24 gt_boxes=39
pred_scores_shape=(24,)
frame=31/41 receiver_sample=9/20 scenario=2026_07_29_02_32_08 timestamp=000120 cavs=[9]
sgcp_constrained receiver=9 policy=all-cavs sources=[9] clusters=20 ra=potential_game comm_bytes=0 selected_grids={}
fusion_method=early pred_boxes=17 gt_boxes=35
pred_scores_shape=(17,)
frame=31/41 receiver_sample=10/20 scenario=2026_07_29_02_32_08 timestamp=000120 cavs=[10]
sgcp_constrained receiver=10 policy=all-cavs sources=[10] clusters=20 ra=potential_game comm_bytes=0 selected_grids={}
fusion_method=early pred_boxes=23 gt_boxes=39
pred_scores_shape=(23,)
frame=31/41 receiver_sample=11/20 scenario=2026_07_29_02_32_08 timestamp=000120 cavs=[11]
sgcp_constrained receiver=11 policy=all-cavs sources=[11] clusters=20 ra=potential_game comm_bytes=0 selected_grids={}
fusion_method=early pred_boxes=18 gt_boxes=42
pred_scores_shape=(18,)
frame=31/41 receiver_sample=12/20 scenario=2026_07_29_02_32_08 timestamp=000120 cavs=[12]
sgcp_constrained receiver=12 policy=all-cavs sources=[12] clusters=20 ra=potential_game comm_bytes=0 selected_grids={}
fusion_method=early pred_boxes=12 gt_boxes=22
pred_scores_shape=(12,)
frame=31/41 receiver_sample=13/20 scenario=2026_07_29_02_32_08 timestamp=000120 cavs=[13]
sgcp_constrained receiver=13 policy=all-cavs sources=[13] clusters=20 ra=potential_game comm_bytes=0 selected_grids={}
fusion_method=early pred_boxes=9 gt_boxes=21
pred_scores_shape=(9,)
frame=31/41 receiver_sample=14/20 scenario=2026_07_29_02_32_08 timestamp=000120 cavs=[14]
sgcp_constrained receiver=14 policy=all-cavs sources=[14] clusters=20 ra=potential_game comm_bytes=0 selected_grids={}
fusion_method=early pred_boxes=6 gt_boxes=8
pred_scores_shape=(6,)
frame=31/41 receiver_sample=15/20 scenario=2026_07_29_02_32_08 timestamp=000120 cavs=[15]
sgcp_constrained receiver=15 policy=all-cavs sources=[15] clusters=20 ra=potential_game comm_bytes=0 selected_grids={}
fusion_method=early pred_boxes=19 gt_boxes=26
pred_scores_shape=(19,)
frame=31/41 receiver_sample=16/20 scenario=2026_07_29_02_32_08 timestamp=000120 cavs=[16]
sgcp_constrained receiver=16 policy=all-cavs sources=[16] clusters=20 ra=potential_game comm_bytes=0 selected_grids={}
fusion_method=early pred_boxes=21 gt_boxes=28
pred_scores_shape=(21,)
frame=31/41 receiver_sample=17/20 scenario=2026_07_29_02_32_08 timestamp=000120 cavs=[17]
sgcp_constrained receiver=17 policy=all-cavs sources=[17] clusters=20 ra=potential_game comm_bytes=0 selected_grids={}Format = auto
Extension = pcd
Format = auto
Extension = pcd
Format = auto
Extension = pcd
Format = auto
Extension = pcd
Format = auto
Extension = pcd
Format = auto
Extension = pcd
Format = auto
Extension = pcd
Format = auto
Extension = pcd
Format = auto
Extension = pcd
Format = auto
Extension = pcd
Format = auto
Extension = pcd
Format = auto
Extension = pcd
Format = auto
Extension = pcd
Format = auto
Extension = pcd
Format = auto
Extension = pcd
Format = auto
Extension = pcd
Format = auto
Extension = pcd
Format = auto
Extension = pcd
Format = auto
Extension = pcd
Format = auto
Extension = pcd
Format = auto
Extension = pcd
Format = auto
Extension = pcd
Format = auto
Extension = pcd
Format = auto
Extension = pcd
Format = auto
Extension = pcd
Format = auto
Extension = pcd
Format = auto
Extension = pcd
Format = auto
Extension = pcd
Format = auto
Extension = pcd
Format = auto
Extension = pcd
Format = auto
Extension = pcd
Format = auto
Extension = pcd
Format = auto
Extension = pcd
Format = auto
Extension = pcd
Format = auto
Extension = pcd
Format = auto
Extension = pcd
Format = auto
Extension = pcd
Format = auto
Extension = pcd
Format = auto
Extension = pcd
Format = auto
Extension = pcd

fusion_method=early pred_boxes=18 gt_boxes=27
pred_scores_shape=(18,)
frame=31/41 receiver_sample=18/20 scenario=2026_07_29_02_32_08 timestamp=000120 cavs=[18]
sgcp_constrained receiver=18 policy=all-cavs sources=[18] clusters=20 ra=potential_game comm_bytes=0 selected_grids={}
fusion_method=early pred_boxes=12 gt_boxes=13
pred_scores_shape=(12,)
frame=31/41 receiver_sample=19/20 scenario=2026_07_29_02_32_08 timestamp=000120 cavs=[19]
sgcp_constrained receiver=19 policy=all-cavs sources=[19] clusters=20 ra=potential_game comm_bytes=0 selected_grids={}
fusion_method=early pred_boxes=18 gt_boxes=29
pred_scores_shape=(18,)
frame=31/41 receiver_sample=20/20 scenario=2026_07_29_02_32_08 timestamp=000120 cavs=[20]
sgcp_constrained receiver=20 policy=all-cavs sources=[20] clusters=20 ra=potential_game comm_bytes=0 selected_grids={}
fusion_method=early pred_boxes=22 gt_boxes=35
pred_scores_shape=(22,)
frame=32/41 receiver_sample=1/20 scenario=2026_07_29_02_32_08 timestamp=000122 cavs=[1]
sgcp_constrained receiver=1 policy=all-cavs sources=[1] clusters=20 ra=potential_game comm_bytes=0 selected_grids={}
fusion_method=early pred_boxes=22 gt_boxes=40
pred_scores_shape=(22,)
frame=32/41 receiver_sample=2/20 scenario=2026_07_29_02_32_08 timestamp=000122 cavs=[2]
sgcp_constrained receiver=2 policy=all-cavs sources=[2] clusters=20 ra=potential_game comm_bytes=0 selected_grids={}
fusion_method=early pred_boxes=20 gt_boxes=38
pred_scores_shape=(20,)
frame=32/41 receiver_sample=3/20 scenario=2026_07_29_02_32_08 timestamp=000122 cavs=[3]
sgcp_constrained receiver=3 policy=all-cavs sources=[3] clusters=20 ra=potential_game comm_bytes=0 selected_grids={}
fusion_method=early pred_boxes=15 gt_boxes=18
pred_scores_shape=(15,)
frame=32/41 receiver_sample=4/20 scenario=2026_07_29_02_32_08 timestamp=000122 cavs=[4]
sgcp_constrained receiver=4 policy=all-cavs sources=[4] clusters=20 ra=potential_game comm_bytes=0 selected_grids={}
fusion_method=early pred_boxes=19 gt_boxes=36
pred_scores_shape=(19,)
frame=32/41 receiver_sample=5/20 scenario=2026_07_29_02_32_08 timestamp=000122 cavs=[5]
sgcp_constrained receiver=5 policy=all-cavs sources=[5] clusters=20 ra=potential_game comm_bytes=0 selected_grids={}
fusion_method=early pred_boxes=20 gt_boxes=36
pred_scores_shape=(20,)
frame=32/41 receiver_sample=6/20 scenario=2026_07_29_02_32_08 timestamp=000122 cavs=[6]
sgcp_constrained receiver=6 policy=all-cavs sources=[6] clusters=20 ra=potential_game comm_bytes=0 selected_grids={}
fusion_method=early pred_boxes=14 gt_boxes=17
pred_scores_shape=(14,)
frame=32/41 receiver_sample=7/20 scenario=2026_07_29_02_32_08 timestamp=000122 cavs=[7]
sgcp_constrained receiver=7 policy=all-cavs sources=[7] clusters=20 ra=potential_game comm_bytes=0 selected_grids={}
fusion_method=early pred_boxes=21 gt_boxes=35
pred_scores_shape=(21,)
frame=32/41 receiver_sample=8/20 scenario=2026_07_29_02_32_08 timestamp=000122 cavs=[8]
sgcp_constrained receiver=8 policy=all-cavs sources=[8] clusters=20 ra=potential_game comm_bytes=0 selected_grids={}
fusion_method=early pred_boxes=25 gt_boxes=39
pred_scores_shape=(25,)
frame=32/41 receiver_sample=9/20 scenario=2026_07_29_02_32_08 timestamp=000122 cavs=[9]
sgcp_constrained receiver=9 policy=all-cavs sources=[9] clusters=20 ra=potential_game comm_bytes=0 selected_grids={}
fusion_method=early pred_boxes=17 gt_boxes=35
pred_scores_shape=(17,)
frame=32/41 receiver_sample=10/20 scenario=2026_07_29_02_32_08 timestamp=000122 cavs=[10]
sgcp_constrained receiver=10 policy=all-cavs sources=[10] clusters=20 ra=potential_game comm_bytes=0 selected_grids={}
fusion_method=early pred_boxes=23 gt_boxes=40
pred_scores_shape=(23,)
frame=32/41 receiver_sample=11/20 scenario=2026_07_29_02_32_08 timestamp=000122 cavs=[11]
sgcp_constrained receiver=11 policy=all-cavs sources=[11] clusters=20 ra=potential_game comm_bytes=0 selected_grids={}
fusion_method=early pred_boxes=18 gt_boxes=43
pred_scores_shape=(18,)
frame=32/41 receiver_sample=12/20 scenario=2026_07_29_02_32_08 timestamp=000122 cavs=[12]
sgcp_constrained receiver=12 policy=all-cavs sources=[12] clusters=20 ra=potential_game comm_bytes=0 selected_grids={}
fusion_method=early pred_boxes=15 gt_boxes=21
pred_scores_shape=(15,)
frame=32/41 receiver_sample=13/20 scenario=2026_07_29_02_32_08 timestamp=000122 cavs=[13]
sgcp_constrained receiver=13 policy=all-cavs sources=[13] clusters=20 ra=potential_game comm_bytes=0 selected_grids={}
fusion_method=early pred_boxes=10 gt_boxes=23
pred_scores_shape=(10,)
frame=32/41 receiver_sample=14/20 scenario=2026_07_29_02_32_08 timestamp=000122 cavs=[14]
sgcp_constrained receiver=14 policy=all-cavs sources=[14] clusters=20 ra=potential_game comm_bytes=0 selected_grids={}
fusion_method=early pred_boxes=5 gt_boxes=8
pred_scores_shape=(5,)
frame=32/41 receiver_sample=15/20 scenario=2026_07_29_02_32_08 timestamp=000122 cavs=[15]
sgcp_constrained receiver=15 policy=all-cavs sources=[15] clusters=20 ra=potential_game comm_bytes=0 selected_grids={}
fusion_method=early pred_boxes=17 gt_boxes=27
pred_scores_shape=(17,)
frame=32/41 receiver_sample=16/20 scenario=2026_07_29_02_32_08 timestamp=000122 cavs=[16]
sgcp_constrained receiver=16 policy=all-cavs sources=[16] clusters=20 ra=potential_game comm_bytes=0 selected_grids={}
fusion_method=early pred_boxes=19 gt_boxes=26
pred_scores_shape=(19,)
frame=32/41 receiver_sample=17/20 scenario=2026_07_29_02_32_08 timestamp=000122 cavs=[17]
sgcp_constrained receiver=17 policy=all-cavs sources=[17] clusters=20 ra=potential_game comm_bytes=0 selected_grids={}
fusion_method=early pred_boxes=17 gt_boxes=27
pred_scores_shape=(17,)
frame=32/41 receiver_sample=18/20 scenario=2026_07_29_02_32_08 timestamp=000122 cavs=[18]
sgcp_constrained receiver=18 policy=all-cavs sources=[18] clusters=20 ra=potential_game comm_bytes=0 selected_grids={}
fusion_method=early pred_boxes=12 gt_boxes=13
pred_scores_shape=(12,)
frame=32/41 receiver_sample=19/20 scenario=2026_07_29_02_32_08 timestamp=000122 cavs=[19]
sgcp_constrained receiver=19 policy=all-cavs sources=[19] clusters=20 ra=potential_game comm_bytes=0 selected_grids={}
fusion_method=early pred_boxes=19 gt_boxes=29
pred_scores_shape=(19,)
frame=32/41 receiver_sample=20/20 scenario=2026_07_29_02_32_08 timestamp=000122 cavs=[20]
sgcp_constrained receiver=20 policy=all-cavs sources=[20] clusters=20 ra=potential_game comm_bytes=0 selected_grids={}
fusion_method=early pred_boxes=21 gt_boxes=35
pred_scores_shape=(21,)
frame=33/41 receiver_sample=1/20 scenario=2026_07_29_02_32_08 timestamp=000124 cavs=[1]
sgcp_constrained receiver=1 policy=all-cavs sources=[1] clusters=20 ra=potential_game comm_bytes=0 selected_grids={}
fusion_method=early pred_boxes=21 gt_boxes=40
pred_scores_shape=(21,)
frame=33/41 receiver_sample=2/20 scenario=2026_07_29_02_32_08 timestamp=000124 cavs=[2]
sgcp_constrained receiver=2 policy=all-cavs sources=[2] clusters=20 ra=potential_game comm_bytes=0 selected_grids={}
fusion_method=early pred_boxes=20 gt_boxes=38
pred_scores_shape=(20,)
frame=33/41 receiver_sample=3/20 scenario=2026_07_29_02_32_08 timestamp=000124 cavs=[3]
sgcp_constrained receiver=3 policy=all-cavs sources=[3] clusters=20 ra=potential_game comm_bytes=0 selected_grids={}
fusion_method=early pred_boxes=14 gt_boxes=19
pred_scores_shape=(14,)
frame=33/41 receiver_sample=4/20 scenario=2026_07_29_02_32_08 timestamp=000124 cavs=[4]
sgcp_constrained receiver=4 policy=all-cavs sources=[4] clusters=20 ra=potential_game comm_bytes=0 selected_grids={}
fusion_method=early pred_boxes=17 gt_boxes=35
pred_scores_shape=(17,)
frame=33/41 receiver_sample=5/20 scenario=2026_07_29_02_32_08 timestamp=000124 cavs=[5]
sgcp_constrained receiver=5 policy=all-cavs sources=[5] clusters=20 ra=potential_game comm_bytes=0 selected_grids={}
fusion_method=early pred_boxes=24 gt_boxes=36
pred_scores_shape=(24,)
frame=33/41 receiver_sample=6/20 scenario=2026_07_29_02_32_08 timestamp=000124 cavs=[6]
sgcp_constrained receiver=6 policy=all-cavs sources=[6] clusters=20 ra=potential_game comm_bytes=0 selected_grids={}
fusion_method=early pred_boxes=14 gt_boxes=17
Format = auto
Extension = pcd
Format = auto
Extension = pcd
Format = auto
Extension = pcd
Format = auto
Extension = pcd
Format = auto
Extension = pcd
Format = auto
Extension = pcd
Format = auto
Extension = pcd
Format = auto
Extension = pcd
Format = auto
Extension = pcd
Format = auto
Extension = pcd
Format = auto
Extension = pcd
Format = auto
Extension = pcd
Format = auto
Extension = pcd
Format = auto
Extension = pcd
Format = auto
Extension = pcd
Format = auto
Extension = pcd
Format = auto
Extension = pcd
Format = auto
Extension = pcd
Format = auto
Extension = pcd
Format = auto
Extension = pcd
pred_scores_shape=(14,)
frame=33/41 receiver_sample=7/20 scenario=2026_07_29_02_32_08 timestamp=000124 cavs=[7]
sgcp_constrained receiver=7 policy=all-cavs sources=[7] clusters=20 ra=potential_game comm_bytes=0 selected_grids={}
fusion_method=early pred_boxes=17 gt_boxes=35
pred_scores_shape=(17,)
frame=33/41 receiver_sample=8/20 scenario=2026_07_29_02_32_08 timestamp=000124 cavs=[8]
sgcp_constrained receiver=8 policy=all-cavs sources=[8] clusters=20 ra=potential_game comm_bytes=0 selected_grids={}
fusion_method=early pred_boxes=26 gt_boxes=37
pred_scores_shape=(26,)
frame=33/41 receiver_sample=9/20 scenario=2026_07_29_02_32_08 timestamp=000124 cavs=[9]
sgcp_constrained receiver=9 policy=all-cavs sources=[9] clusters=20 ra=potential_game comm_bytes=0 selected_grids={}
fusion_method=early pred_boxes=17 gt_boxes=35
pred_scores_shape=(17,)
frame=33/41 receiver_sample=10/20 scenario=2026_07_29_02_32_08 timestamp=000124 cavs=[10]
sgcp_constrained receiver=10 policy=all-cavs sources=[10] clusters=20 ra=potential_game comm_bytes=0 selected_grids={}
fusion_method=early pred_boxes=20 gt_boxes=39
pred_scores_shape=(20,)
frame=33/41 receiver_sample=11/20 scenario=2026_07_29_02_32_08 timestamp=000124 cavs=[11]
sgcp_constrained receiver=11 policy=all-cavs sources=[11] clusters=20 ra=potential_game comm_bytes=0 selected_grids={}
fusion_method=early pred_boxes=18 gt_boxes=42
pred_scores_shape=(18,)
frame=33/41 receiver_sample=12/20 scenario=2026_07_29_02_32_08 timestamp=000124 cavs=[12]
sgcp_constrained receiver=12 policy=all-cavs sources=[12] clusters=20 ra=potential_game comm_bytes=0 selected_grids={}
fusion_method=early pred_boxes=12 gt_boxes=21
pred_scores_shape=(12,)
frame=33/41 receiver_sample=13/20 scenario=2026_07_29_02_32_08 timestamp=000124 cavs=[13]
sgcp_constrained receiver=13 policy=all-cavs sources=[13] clusters=20 ra=potential_game comm_bytes=0 selected_grids={}
fusion_method=early pred_boxes=11 gt_boxes=22
pred_scores_shape=(11,)
frame=33/41 receiver_sample=14/20 scenario=2026_07_29_02_32_08 timestamp=000124 cavs=[14]
sgcp_constrained receiver=14 policy=all-cavs sources=[14] clusters=20 ra=potential_game comm_bytes=0 selected_grids={}
fusion_method=early pred_boxes=6 gt_boxes=8
pred_scores_shape=(6,)
frame=33/41 receiver_sample=15/20 scenario=2026_07_29_02_32_08 timestamp=000124 cavs=[15]
sgcp_constrained receiver=15 policy=all-cavs sources=[15] clusters=20 ra=potential_game comm_bytes=0 selected_grids={}
fusion_method=early pred_boxes=17 gt_boxes=28
pred_scores_shape=(17,)
frame=33/41 receiver_sample=16/20 scenario=2026_07_29_02_32_08 timestamp=000124 cavs=[16]
sgcp_constrained receiver=16 policy=all-cavs sources=[16] clusters=20 ra=potential_game comm_bytes=0 selected_grids={}
fusion_method=early pred_boxes=16 gt_boxes=27
pred_scores_shape=(16,)
frame=33/41 receiver_sample=17/20 scenario=2026_07_29_02_32_08 timestamp=000124 cavs=[17]
sgcp_constrained receiver=17 policy=all-cavs sources=[17] clusters=20 ra=potential_game comm_bytes=0 selected_grids={}
fusion_method=early pred_boxes=19 gt_boxes=28
pred_scores_shape=(19,)
frame=33/41 receiver_sample=18/20 scenario=2026_07_29_02_32_08 timestamp=000124 cavs=[18]
sgcp_constrained receiver=18 policy=all-cavs sources=[18] clusters=20 ra=potential_game comm_bytes=0 selected_grids={}
fusion_method=early pred_boxes=10 gt_boxes=12
pred_scores_shape=(10,)
frame=33/41 receiver_sample=19/20 scenario=2026_07_29_02_32_08 timestamp=000124 cavs=[19]
sgcp_constrained receiver=19 policy=all-cavs sources=[19] clusters=20 ra=potential_game comm_bytes=0 selected_grids={}
fusion_method=early pred_boxes=20 gt_boxes=29
pred_scores_shape=(20,)
frame=33/41 receiver_sample=20/20 scenario=2026_07_29_02_32_08 timestamp=000124 cavs=[20]
sgcp_constrained receiver=20 policy=all-cavs sources=[20] clusters=20 ra=potential_game comm_bytes=0 selected_grids={}
fusion_method=early pred_boxes=21 gt_boxes=36
pred_scores_shape=(21,)
frame=34/41 receiver_sample=1/20 scenario=2026_07_29_02_32_08 timestamp=000126 cavs=[1]
sgcp_constrained receiver=1 policy=all-cavs sources=[1] clusters=20 ra=potential_game comm_bytes=0 selected_grids={}
fusion_method=early pred_boxes=21 gt_boxes=40
pred_scores_shape=(21,)
frame=34/41 receiver_sample=2/20 scenario=2026_07_29_02_32_08 timestamp=000126 cavs=[2]
sgcp_constrained receiver=2 policy=all-cavs sources=[2] clusters=20 ra=potential_game comm_bytes=0 selected_grids={}
fusion_method=early pred_boxes=19 gt_boxes=38
pred_scores_shape=(19,)
frame=34/41 receiver_sample=3/20 scenario=2026_07_29_02_32_08 timestamp=000126 cavs=[3]
sgcp_constrained receiver=3 policy=all-cavs sources=[3] clusters=20 ra=potential_game comm_bytes=0 selected_grids={}
fusion_method=early pred_boxes=14 gt_boxes=19
pred_scores_shape=(14,)
frame=34/41 receiver_sample=4/20 scenario=2026_07_29_02_32_08 timestamp=000126 cavs=[4]
sgcp_constrained receiver=4 policy=all-cavs sources=[4] clusters=20 ra=potential_game comm_bytes=0 selected_grids={}
fusion_method=early pred_boxes=18 gt_boxes=34
pred_scores_shape=(18,)
frame=34/41 receiver_sample=5/20 scenario=2026_07_29_02_32_08 timestamp=000126 cavs=[5]
sgcp_constrained receiver=5 policy=all-cavs sources=[5] clusters=20 ra=potential_game comm_bytes=0 selected_grids={}
fusion_method=early pred_boxes=23 gt_boxes=35
pred_scores_shape=(23,)
frame=34/41 receiver_sample=6/20 scenario=2026_07_29_02_32_08 timestamp=000126 cavs=[6]
sgcp_constrained receiver=6 policy=all-cavs sources=[6] clusters=20 ra=potential_game comm_bytes=0 selected_grids={}
fusion_method=early pred_boxes=13 gt_boxes=17
pred_scores_shape=(13,)
frame=34/41 receiver_sample=7/20 scenario=2026_07_29_02_32_08 timestamp=000126 cavs=[7]
sgcp_constrained receiver=7 policy=all-cavs sources=[7] clusters=20 ra=potential_game comm_bytes=0 selected_grids={}
fusion_method=early pred_boxes=21 gt_boxes=36
pred_scores_shape=(21,)
frame=34/41 receiver_sample=8/20 scenario=2026_07_29_02_32_08 timestamp=000126 cavs=[8]
sgcp_constrained receiver=8 policy=all-cavs sources=[8] clusters=20 ra=potential_game comm_bytes=0 selected_grids={}
fusion_method=early pred_boxes=25 gt_boxes=36
pred_scores_shape=(25,)
frame=34/41 receiver_sample=9/20 scenario=2026_07_29_02_32_08 timestamp=000126 cavs=[9]
sgcp_constrained receiver=9 policy=all-cavs sources=[9] clusters=20 ra=potential_game comm_bytes=0 selected_grids={}
fusion_method=early pred_boxes=17 gt_boxes=35
pred_scores_shape=(17,)
frame=34/41 receiver_sample=10/20 scenario=2026_07_29_02_32_08 timestamp=000126 cavs=[10]
sgcp_constrained receiver=10 policy=all-cavs sources=[10] clusters=20 ra=potential_game comm_bytes=0 selected_grids={}
fusion_method=early pred_boxes=22 gt_boxes=39
pred_scores_shape=(22,)
frame=34/41 receiver_sample=11/20 scenario=2026_07_29_02_32_08 timestamp=000126 cavs=[11]
sgcp_constrained receiver=11 policy=all-cavs sources=[11] clusters=20 ra=potential_game comm_bytes=0 selected_grids={}
fusion_method=early pred_boxes=18 gt_boxes=42
pred_scores_shape=(18,)
frame=34/41 receiver_sample=12/20 scenario=2026_07_29_02_32_08 timestamp=000126 cavs=[12]
sgcp_constrained receiver=12 policy=all-cavs sources=[12] clusters=20 ra=potential_game comm_bytes=0 selected_grids={}
fusion_method=early pred_boxes=12 gt_boxes=20
pred_scores_shape=(12,)
frame=34/41 receiver_sample=13/20 scenario=2026_07_29_02_32_08 timestamp=000126 cavs=[13]
sgcp_constrained receiver=13 policy=all-cavs sources=[13] clusters=20 ra=potential_game comm_bytes=0 selected_grids={}
fusion_method=early pred_boxes=10 gt_boxes=21
pred_scores_shape=(10,)
frame=34/41 receiver_sample=14/20 scenario=2026_07_29_02_32_08 timestamp=000126 cavs=[14]
sgcp_constrained receiver=14 policy=all-cavs sources=[14] clusters=20 ra=potential_game comm_bytes=0 selected_grids={}
fusion_method=early pred_boxes=5 gt_boxes=8
pred_scores_shape=(5,)
frame=34/41 receiver_sample=15/20 scenario=2026_07_29_02_32_08 timestamp=000126 cavs=[15]
sgcp_constrained receiver=15 policy=all-cavs sources=[15] clusters=20 ra=potential_game comm_bytes=0 selected_grids={}
fusion_method=early pred_boxes=19 gt_boxes=29
pred_scores_shape=(19,)
frame=34/41 receiver_sample=16/20 scenario=2026_07_29_02_32_08 timestamp=000126 cavs=[16]Format = auto
Extension = pcd
Format = auto
Extension = pcd
Format = auto
Extension = pcd
Format = auto
Extension = pcd
Format = auto
Extension = pcd
Format = auto
Extension = pcd
Format = auto
Extension = pcd
Format = auto
Extension = pcd
Format = auto
Extension = pcd
Format = auto
Extension = pcd
Format = auto
Extension = pcd
Format = auto
Extension = pcd
Format = auto
Extension = pcd
Format = auto
Extension = pcd
Format = auto
Extension = pcd
Format = auto
Extension = pcd
Format = auto
Extension = pcd
Format = auto
Extension = pcd
Format = auto
Extension = pcd
Format = auto
Extension = pcd
Format = auto
Extension = pcd
Format = auto
Extension = pcd
Format = auto
Extension = pcd
Format = auto
Extension = pcd
Format = auto
Extension = pcd
Format = auto
Extension = pcd
Format = auto
Extension = pcd
Format = auto
Extension = pcd
Format = auto
Extension = pcd
Format = auto
Extension = pcd
Format = auto
Extension = pcd
Format = auto
Extension = pcd
Format = auto
Extension = pcd
Format = auto
Extension = pcd
Format = auto
Extension = pcd
Format = auto
Extension = pcd
Format = auto
Extension = pcd
Format = auto
Extension = pcd
Format = auto
Extension = pcd
Format = auto
Extension = pcd

sgcp_constrained receiver=16 policy=all-cavs sources=[16] clusters=20 ra=potential_game comm_bytes=0 selected_grids={}
fusion_method=early pred_boxes=20 gt_boxes=27
pred_scores_shape=(20,)
frame=34/41 receiver_sample=17/20 scenario=2026_07_29_02_32_08 timestamp=000126 cavs=[17]
sgcp_constrained receiver=17 policy=all-cavs sources=[17] clusters=20 ra=potential_game comm_bytes=0 selected_grids={}
fusion_method=early pred_boxes=17 gt_boxes=28
pred_scores_shape=(17,)
frame=34/41 receiver_sample=18/20 scenario=2026_07_29_02_32_08 timestamp=000126 cavs=[18]
sgcp_constrained receiver=18 policy=all-cavs sources=[18] clusters=20 ra=potential_game comm_bytes=0 selected_grids={}
fusion_method=early pred_boxes=10 gt_boxes=12
pred_scores_shape=(10,)
frame=34/41 receiver_sample=19/20 scenario=2026_07_29_02_32_08 timestamp=000126 cavs=[19]
sgcp_constrained receiver=19 policy=all-cavs sources=[19] clusters=20 ra=potential_game comm_bytes=0 selected_grids={}
fusion_method=early pred_boxes=20 gt_boxes=29
pred_scores_shape=(20,)
frame=34/41 receiver_sample=20/20 scenario=2026_07_29_02_32_08 timestamp=000126 cavs=[20]
sgcp_constrained receiver=20 policy=all-cavs sources=[20] clusters=20 ra=potential_game comm_bytes=0 selected_grids={}
fusion_method=early pred_boxes=21 gt_boxes=37
pred_scores_shape=(21,)
frame=35/41 receiver_sample=1/20 scenario=2026_07_29_02_32_08 timestamp=000128 cavs=[1]
sgcp_constrained receiver=1 policy=all-cavs sources=[1] clusters=20 ra=potential_game comm_bytes=0 selected_grids={}
fusion_method=early pred_boxes=21 gt_boxes=41
pred_scores_shape=(21,)
frame=35/41 receiver_sample=2/20 scenario=2026_07_29_02_32_08 timestamp=000128 cavs=[2]
sgcp_constrained receiver=2 policy=all-cavs sources=[2] clusters=20 ra=potential_game comm_bytes=0 selected_grids={}
fusion_method=early pred_boxes=19 gt_boxes=38
pred_scores_shape=(19,)
frame=35/41 receiver_sample=3/20 scenario=2026_07_29_02_32_08 timestamp=000128 cavs=[3]
sgcp_constrained receiver=3 policy=all-cavs sources=[3] clusters=20 ra=potential_game comm_bytes=0 selected_grids={}
fusion_method=early pred_boxes=14 gt_boxes=19
pred_scores_shape=(14,)
frame=35/41 receiver_sample=4/20 scenario=2026_07_29_02_32_08 timestamp=000128 cavs=[4]
sgcp_constrained receiver=4 policy=all-cavs sources=[4] clusters=20 ra=potential_game comm_bytes=0 selected_grids={}
fusion_method=early pred_boxes=17 gt_boxes=34
pred_scores_shape=(17,)
frame=35/41 receiver_sample=5/20 scenario=2026_07_29_02_32_08 timestamp=000128 cavs=[5]
sgcp_constrained receiver=5 policy=all-cavs sources=[5] clusters=20 ra=potential_game comm_bytes=0 selected_grids={}
fusion_method=early pred_boxes=23 gt_boxes=35
pred_scores_shape=(23,)
frame=35/41 receiver_sample=6/20 scenario=2026_07_29_02_32_08 timestamp=000128 cavs=[6]
sgcp_constrained receiver=6 policy=all-cavs sources=[6] clusters=20 ra=potential_game comm_bytes=0 selected_grids={}
fusion_method=early pred_boxes=15 gt_boxes=16
pred_scores_shape=(15,)
frame=35/41 receiver_sample=7/20 scenario=2026_07_29_02_32_08 timestamp=000128 cavs=[7]
sgcp_constrained receiver=7 policy=all-cavs sources=[7] clusters=20 ra=potential_game comm_bytes=0 selected_grids={}
fusion_method=early pred_boxes=20 gt_boxes=35
pred_scores_shape=(20,)
frame=35/41 receiver_sample=8/20 scenario=2026_07_29_02_32_08 timestamp=000128 cavs=[8]
sgcp_constrained receiver=8 policy=all-cavs sources=[8] clusters=20 ra=potential_game comm_bytes=0 selected_grids={}
fusion_method=early pred_boxes=25 gt_boxes=37
pred_scores_shape=(25,)
frame=35/41 receiver_sample=9/20 scenario=2026_07_29_02_32_08 timestamp=000128 cavs=[9]
sgcp_constrained receiver=9 policy=all-cavs sources=[9] clusters=20 ra=potential_game comm_bytes=0 selected_grids={}
fusion_method=early pred_boxes=16 gt_boxes=34
pred_scores_shape=(16,)
frame=35/41 receiver_sample=10/20 scenario=2026_07_29_02_32_08 timestamp=000128 cavs=[10]
sgcp_constrained receiver=10 policy=all-cavs sources=[10] clusters=20 ra=potential_game comm_bytes=0 selected_grids={}
fusion_method=early pred_boxes=20 gt_boxes=39
pred_scores_shape=(20,)
frame=35/41 receiver_sample=11/20 scenario=2026_07_29_02_32_08 timestamp=000128 cavs=[11]
sgcp_constrained receiver=11 policy=all-cavs sources=[11] clusters=20 ra=potential_game comm_bytes=0 selected_grids={}
fusion_method=early pred_boxes=17 gt_boxes=42
pred_scores_shape=(17,)
frame=35/41 receiver_sample=12/20 scenario=2026_07_29_02_32_08 timestamp=000128 cavs=[12]
sgcp_constrained receiver=12 policy=all-cavs sources=[12] clusters=20 ra=potential_game comm_bytes=0 selected_grids={}
fusion_method=early pred_boxes=13 gt_boxes=19
pred_scores_shape=(13,)
frame=35/41 receiver_sample=13/20 scenario=2026_07_29_02_32_08 timestamp=000128 cavs=[13]
sgcp_constrained receiver=13 policy=all-cavs sources=[13] clusters=20 ra=potential_game comm_bytes=0 selected_grids={}
fusion_method=early pred_boxes=10 gt_boxes=21
pred_scores_shape=(10,)
frame=35/41 receiver_sample=14/20 scenario=2026_07_29_02_32_08 timestamp=000128 cavs=[14]
sgcp_constrained receiver=14 policy=all-cavs sources=[14] clusters=20 ra=potential_game comm_bytes=0 selected_grids={}
fusion_method=early pred_boxes=5 gt_boxes=8
pred_scores_shape=(5,)
frame=35/41 receiver_sample=15/20 scenario=2026_07_29_02_32_08 timestamp=000128 cavs=[15]
sgcp_constrained receiver=15 policy=all-cavs sources=[15] clusters=20 ra=potential_game comm_bytes=0 selected_grids={}
fusion_method=early pred_boxes=18 gt_boxes=28
pred_scores_shape=(18,)
frame=35/41 receiver_sample=16/20 scenario=2026_07_29_02_32_08 timestamp=000128 cavs=[16]
sgcp_constrained receiver=16 policy=all-cavs sources=[16] clusters=20 ra=potential_game comm_bytes=0 selected_grids={}
fusion_method=early pred_boxes=16 gt_boxes=26
pred_scores_shape=(16,)
frame=35/41 receiver_sample=17/20 scenario=2026_07_29_02_32_08 timestamp=000128 cavs=[17]
sgcp_constrained receiver=17 policy=all-cavs sources=[17] clusters=20 ra=potential_game comm_bytes=0 selected_grids={}
fusion_method=early pred_boxes=18 gt_boxes=28
pred_scores_shape=(18,)
frame=35/41 receiver_sample=18/20 scenario=2026_07_29_02_32_08 timestamp=000128 cavs=[18]
sgcp_constrained receiver=18 policy=all-cavs sources=[18] clusters=20 ra=potential_game comm_bytes=0 selected_grids={}
fusion_method=early pred_boxes=10 gt_boxes=12
pred_scores_shape=(10,)
frame=35/41 receiver_sample=19/20 scenario=2026_07_29_02_32_08 timestamp=000128 cavs=[19]
sgcp_constrained receiver=19 policy=all-cavs sources=[19] clusters=20 ra=potential_game comm_bytes=0 selected_grids={}
fusion_method=early pred_boxes=17 gt_boxes=29
pred_scores_shape=(17,)
frame=35/41 receiver_sample=20/20 scenario=2026_07_29_02_32_08 timestamp=000128 cavs=[20]
sgcp_constrained receiver=20 policy=all-cavs sources=[20] clusters=20 ra=potential_game comm_bytes=0 selected_grids={}
fusion_method=early pred_boxes=21 gt_boxes=37
pred_scores_shape=(21,)
frame=36/41 receiver_sample=1/20 scenario=2026_07_29_02_32_08 timestamp=000130 cavs=[1]
sgcp_constrained receiver=1 policy=all-cavs sources=[1] clusters=20 ra=potential_game comm_bytes=0 selected_grids={}
fusion_method=early pred_boxes=22 gt_boxes=41
pred_scores_shape=(22,)
frame=36/41 receiver_sample=2/20 scenario=2026_07_29_02_32_08 timestamp=000130 cavs=[2]
sgcp_constrained receiver=2 policy=all-cavs sources=[2] clusters=20 ra=potential_game comm_bytes=0 selected_grids={}
fusion_method=early pred_boxes=19 gt_boxes=39
pred_scores_shape=(19,)
frame=36/41 receiver_sample=3/20 scenario=2026_07_29_02_32_08 timestamp=000130 cavs=[3]
sgcp_constrained receiver=3 policy=all-cavs sources=[3] clusters=20 ra=potential_game comm_bytes=0 selected_grids={}
fusion_method=early pred_boxes=15 gt_boxes=19
pred_scores_shape=(15,)
frame=36/41 receiver_sample=4/20 scenario=2026_07_29_02_32_08 timestamp=000130 cavs=[4]
sgcp_constrained receiver=4 policy=all-cavs sources=[4] clusters=20 ra=potential_game comm_bytes=0 selected_grids={}
fusion_method=early pred_boxes=16 gt_boxes=34
pred_scores_shape=(16,)
frame=36/41 receiver_sample=5/20 scenario=2026_07_29_02_32_08 timestamp=000130 cavs=[5]
sgcp_constrained receiver=5 policy=all-cavs sources=[5] clusters=20 ra=potential_game comm_bytes=0 selected_grids={}Format = auto
Extension = pcd
Format = auto
Extension = pcd
Format = auto
Extension = pcd
Format = auto
Extension = pcd
Format = auto
Extension = pcd
Format = auto
Extension = pcd
Format = auto
Extension = pcd
Format = auto
Extension = pcd
Format = auto
Extension = pcd
Format = auto
Extension = pcd
Format = auto
Extension = pcd
Format = auto
Extension = pcd
Format = auto
Extension = pcd
Format = auto
Extension = pcd
Format = auto
Extension = pcd
Format = auto
Extension = pcd
Format = auto
Extension = pcd
Format = auto
Extension = pcd
Format = auto
Extension = pcd
Format = auto
Extension = pcd

fusion_method=early pred_boxes=20 gt_boxes=34
pred_scores_shape=(20,)
frame=36/41 receiver_sample=6/20 scenario=2026_07_29_02_32_08 timestamp=000130 cavs=[6]
sgcp_constrained receiver=6 policy=all-cavs sources=[6] clusters=20 ra=potential_game comm_bytes=0 selected_grids={}
fusion_method=early pred_boxes=12 gt_boxes=16
pred_scores_shape=(12,)
frame=36/41 receiver_sample=7/20 scenario=2026_07_29_02_32_08 timestamp=000130 cavs=[7]
sgcp_constrained receiver=7 policy=all-cavs sources=[7] clusters=20 ra=potential_game comm_bytes=0 selected_grids={}
fusion_method=early pred_boxes=21 gt_boxes=35
pred_scores_shape=(21,)
frame=36/41 receiver_sample=8/20 scenario=2026_07_29_02_32_08 timestamp=000130 cavs=[8]
sgcp_constrained receiver=8 policy=all-cavs sources=[8] clusters=20 ra=potential_game comm_bytes=0 selected_grids={}
fusion_method=early pred_boxes=25 gt_boxes=37
pred_scores_shape=(25,)
frame=36/41 receiver_sample=9/20 scenario=2026_07_29_02_32_08 timestamp=000130 cavs=[9]
sgcp_constrained receiver=9 policy=all-cavs sources=[9] clusters=20 ra=potential_game comm_bytes=0 selected_grids={}
fusion_method=early pred_boxes=18 gt_boxes=36
pred_scores_shape=(18,)
frame=36/41 receiver_sample=10/20 scenario=2026_07_29_02_32_08 timestamp=000130 cavs=[10]
sgcp_constrained receiver=10 policy=all-cavs sources=[10] clusters=20 ra=potential_game comm_bytes=0 selected_grids={}
fusion_method=early pred_boxes=19 gt_boxes=39
pred_scores_shape=(19,)
frame=36/41 receiver_sample=11/20 scenario=2026_07_29_02_32_08 timestamp=000130 cavs=[11]
sgcp_constrained receiver=11 policy=all-cavs sources=[11] clusters=20 ra=potential_game comm_bytes=0 selected_grids={}
fusion_method=early pred_boxes=17 gt_boxes=41
pred_scores_shape=(17,)
frame=36/41 receiver_sample=12/20 scenario=2026_07_29_02_32_08 timestamp=000130 cavs=[12]
sgcp_constrained receiver=12 policy=all-cavs sources=[12] clusters=20 ra=potential_game comm_bytes=0 selected_grids={}
fusion_method=early pred_boxes=12 gt_boxes=19
pred_scores_shape=(12,)
frame=36/41 receiver_sample=13/20 scenario=2026_07_29_02_32_08 timestamp=000130 cavs=[13]
sgcp_constrained receiver=13 policy=all-cavs sources=[13] clusters=20 ra=potential_game comm_bytes=0 selected_grids={}
fusion_method=early pred_boxes=10 gt_boxes=22
pred_scores_shape=(10,)
frame=36/41 receiver_sample=14/20 scenario=2026_07_29_02_32_08 timestamp=000130 cavs=[14]
sgcp_constrained receiver=14 policy=all-cavs sources=[14] clusters=20 ra=potential_game comm_bytes=0 selected_grids={}
fusion_method=early pred_boxes=5 gt_boxes=8
pred_scores_shape=(5,)
frame=36/41 receiver_sample=15/20 scenario=2026_07_29_02_32_08 timestamp=000130 cavs=[15]
sgcp_constrained receiver=15 policy=all-cavs sources=[15] clusters=20 ra=potential_game comm_bytes=0 selected_grids={}
fusion_method=early pred_boxes=15 gt_boxes=26
pred_scores_shape=(15,)
frame=36/41 receiver_sample=16/20 scenario=2026_07_29_02_32_08 timestamp=000130 cavs=[16]
sgcp_constrained receiver=16 policy=all-cavs sources=[16] clusters=20 ra=potential_game comm_bytes=0 selected_grids={}
fusion_method=early pred_boxes=15 gt_boxes=26
pred_scores_shape=(15,)
frame=36/41 receiver_sample=17/20 scenario=2026_07_29_02_32_08 timestamp=000130 cavs=[17]
sgcp_constrained receiver=17 policy=all-cavs sources=[17] clusters=20 ra=potential_game comm_bytes=0 selected_grids={}
fusion_method=early pred_boxes=18 gt_boxes=27
pred_scores_shape=(18,)
frame=36/41 receiver_sample=18/20 scenario=2026_07_29_02_32_08 timestamp=000130 cavs=[18]
sgcp_constrained receiver=18 policy=all-cavs sources=[18] clusters=20 ra=potential_game comm_bytes=0 selected_grids={}
fusion_method=early pred_boxes=11 gt_boxes=12
pred_scores_shape=(11,)
frame=36/41 receiver_sample=19/20 scenario=2026_07_29_02_32_08 timestamp=000130 cavs=[19]
sgcp_constrained receiver=19 policy=all-cavs sources=[19] clusters=20 ra=potential_game comm_bytes=0 selected_grids={}
fusion_method=early pred_boxes=18 gt_boxes=29
pred_scores_shape=(18,)
frame=36/41 receiver_sample=20/20 scenario=2026_07_29_02_32_08 timestamp=000130 cavs=[20]
sgcp_constrained receiver=20 policy=all-cavs sources=[20] clusters=20 ra=potential_game comm_bytes=0 selected_grids={}
fusion_method=early pred_boxes=21 gt_boxes=36
pred_scores_shape=(21,)
frame=37/41 receiver_sample=1/20 scenario=2026_07_29_02_32_08 timestamp=000132 cavs=[1]
sgcp_constrained receiver=1 policy=all-cavs sources=[1] clusters=20 ra=potential_game comm_bytes=0 selected_grids={}
fusion_method=early pred_boxes=22 gt_boxes=41
pred_scores_shape=(22,)
frame=37/41 receiver_sample=2/20 scenario=2026_07_29_02_32_08 timestamp=000132 cavs=[2]
sgcp_constrained receiver=2 policy=all-cavs sources=[2] clusters=20 ra=potential_game comm_bytes=0 selected_grids={}
fusion_method=early pred_boxes=19 gt_boxes=39
pred_scores_shape=(19,)
frame=37/41 receiver_sample=3/20 scenario=2026_07_29_02_32_08 timestamp=000132 cavs=[3]
sgcp_constrained receiver=3 policy=all-cavs sources=[3] clusters=20 ra=potential_game comm_bytes=0 selected_grids={}
fusion_method=early pred_boxes=15 gt_boxes=17
pred_scores_shape=(15,)
frame=37/41 receiver_sample=4/20 scenario=2026_07_29_02_32_08 timestamp=000132 cavs=[4]
sgcp_constrained receiver=4 policy=all-cavs sources=[4] clusters=20 ra=potential_game comm_bytes=0 selected_grids={}
fusion_method=early pred_boxes=18 gt_boxes=34
pred_scores_shape=(18,)
frame=37/41 receiver_sample=5/20 scenario=2026_07_29_02_32_08 timestamp=000132 cavs=[5]
sgcp_constrained receiver=5 policy=all-cavs sources=[5] clusters=20 ra=potential_game comm_bytes=0 selected_grids={}
fusion_method=early pred_boxes=28 gt_boxes=34
pred_scores_shape=(28,)
frame=37/41 receiver_sample=6/20 scenario=2026_07_29_02_32_08 timestamp=000132 cavs=[6]
sgcp_constrained receiver=6 policy=all-cavs sources=[6] clusters=20 ra=potential_game comm_bytes=0 selected_grids={}
fusion_method=early pred_boxes=12 gt_boxes=17
pred_scores_shape=(12,)
frame=37/41 receiver_sample=7/20 scenario=2026_07_29_02_32_08 timestamp=000132 cavs=[7]
sgcp_constrained receiver=7 policy=all-cavs sources=[7] clusters=20 ra=potential_game comm_bytes=0 selected_grids={}
fusion_method=early pred_boxes=20 gt_boxes=34
pred_scores_shape=(20,)
frame=37/41 receiver_sample=8/20 scenario=2026_07_29_02_32_08 timestamp=000132 cavs=[8]
sgcp_constrained receiver=8 policy=all-cavs sources=[8] clusters=20 ra=potential_game comm_bytes=0 selected_grids={}
fusion_method=early pred_boxes=23 gt_boxes=37
pred_scores_shape=(23,)
frame=37/41 receiver_sample=9/20 scenario=2026_07_29_02_32_08 timestamp=000132 cavs=[9]
sgcp_constrained receiver=9 policy=all-cavs sources=[9] clusters=20 ra=potential_game comm_bytes=0 selected_grids={}
fusion_method=early pred_boxes=18 gt_boxes=35
pred_scores_shape=(18,)
frame=37/41 receiver_sample=10/20 scenario=2026_07_29_02_32_08 timestamp=000132 cavs=[10]
sgcp_constrained receiver=10 policy=all-cavs sources=[10] clusters=20 ra=potential_game comm_bytes=0 selected_grids={}
fusion_method=early pred_boxes=20 gt_boxes=39
pred_scores_shape=(20,)
frame=37/41 receiver_sample=11/20 scenario=2026_07_29_02_32_08 timestamp=000132 cavs=[11]
sgcp_constrained receiver=11 policy=all-cavs sources=[11] clusters=20 ra=potential_game comm_bytes=0 selected_grids={}
fusion_method=early pred_boxes=17 gt_boxes=41
pred_scores_shape=(17,)
frame=37/41 receiver_sample=12/20 scenario=2026_07_29_02_32_08 timestamp=000132 cavs=[12]
sgcp_constrained receiver=12 policy=all-cavs sources=[12] clusters=20 ra=potential_game comm_bytes=0 selected_grids={}
fusion_method=early pred_boxes=13 gt_boxes=18
pred_scores_shape=(13,)
frame=37/41 receiver_sample=13/20 scenario=2026_07_29_02_32_08 timestamp=000132 cavs=[13]
sgcp_constrained receiver=13 policy=all-cavs sources=[13] clusters=20 ra=potential_game comm_bytes=0 selected_grids={}
fusion_method=early pred_boxes=9 gt_boxes=21
pred_scores_shape=(9,)
frame=37/41 receiver_sample=14/20 scenario=2026_07_29_02_32_08 timestamp=000132 cavs=[14]
sgcp_constrained receiver=14 policy=all-cavs sources=[14] clusters=20 ra=potential_game comm_bytes=0 selected_grids={}
fusion_method=early pred_boxes=6 gt_boxes=8Format = auto
Extension = pcd
Format = auto
Extension = pcd
Format = auto
Extension = pcd
Format = auto
Extension = pcd
Format = auto
Extension = pcd
Format = auto
Extension = pcd
Format = auto
Extension = pcd
Format = auto
Extension = pcd
Format = auto
Extension = pcd
Format = auto
Extension = pcd
Format = auto
Extension = pcd
Format = auto
Extension = pcd
Format = auto
Extension = pcd
Format = auto
Extension = pcd
Format = auto
Extension = pcd
Format = auto
Extension = pcd
Format = auto
Extension = pcd
Format = auto
Extension = pcd
Format = auto
Extension = pcd
Format = auto
Extension = pcd
Format = auto
Extension = pcd
Format = auto
Extension = pcd
Format = auto
Extension = pcd
Format = auto
Extension = pcd
Format = auto
Extension = pcd
Format = auto
Extension = pcd
Format = auto
Extension = pcd
Format = auto
Extension = pcd
Format = auto
Extension = pcd
Format = auto
Extension = pcd
Format = auto
Extension = pcd
Format = auto
Extension = pcd
Format = auto
Extension = pcd
Format = auto
Extension = pcd
Format = auto
Extension = pcd
Format = auto
Extension = pcd
Format = auto
Extension = pcd
Format = auto
Extension = pcd
Format = auto
Extension = pcd
Format = auto
Extension = pcd

pred_scores_shape=(6,)
frame=37/41 receiver_sample=15/20 scenario=2026_07_29_02_32_08 timestamp=000132 cavs=[15]
sgcp_constrained receiver=15 policy=all-cavs sources=[15] clusters=20 ra=potential_game comm_bytes=0 selected_grids={}
fusion_method=early pred_boxes=16 gt_boxes=26
pred_scores_shape=(16,)
frame=37/41 receiver_sample=16/20 scenario=2026_07_29_02_32_08 timestamp=000132 cavs=[16]
sgcp_constrained receiver=16 policy=all-cavs sources=[16] clusters=20 ra=potential_game comm_bytes=0 selected_grids={}
fusion_method=early pred_boxes=19 gt_boxes=26
pred_scores_shape=(19,)
frame=37/41 receiver_sample=17/20 scenario=2026_07_29_02_32_08 timestamp=000132 cavs=[17]
sgcp_constrained receiver=17 policy=all-cavs sources=[17] clusters=20 ra=potential_game comm_bytes=0 selected_grids={}
fusion_method=early pred_boxes=18 gt_boxes=27
pred_scores_shape=(18,)
frame=37/41 receiver_sample=18/20 scenario=2026_07_29_02_32_08 timestamp=000132 cavs=[18]
sgcp_constrained receiver=18 policy=all-cavs sources=[18] clusters=20 ra=potential_game comm_bytes=0 selected_grids={}
fusion_method=early pred_boxes=9 gt_boxes=12
pred_scores_shape=(9,)
frame=37/41 receiver_sample=19/20 scenario=2026_07_29_02_32_08 timestamp=000132 cavs=[19]
sgcp_constrained receiver=19 policy=all-cavs sources=[19] clusters=20 ra=potential_game comm_bytes=0 selected_grids={}
fusion_method=early pred_boxes=18 gt_boxes=29
pred_scores_shape=(18,)
frame=37/41 receiver_sample=20/20 scenario=2026_07_29_02_32_08 timestamp=000132 cavs=[20]
sgcp_constrained receiver=20 policy=all-cavs sources=[20] clusters=20 ra=potential_game comm_bytes=0 selected_grids={}
fusion_method=early pred_boxes=21 gt_boxes=36
pred_scores_shape=(21,)
frame=38/41 receiver_sample=1/20 scenario=2026_07_29_02_32_08 timestamp=000134 cavs=[1]
sgcp_constrained receiver=1 policy=all-cavs sources=[1] clusters=20 ra=potential_game comm_bytes=0 selected_grids={}
fusion_method=early pred_boxes=22 gt_boxes=40
pred_scores_shape=(22,)
frame=38/41 receiver_sample=2/20 scenario=2026_07_29_02_32_08 timestamp=000134 cavs=[2]
sgcp_constrained receiver=2 policy=all-cavs sources=[2] clusters=20 ra=potential_game comm_bytes=0 selected_grids={}
fusion_method=early pred_boxes=19 gt_boxes=39
pred_scores_shape=(19,)
frame=38/41 receiver_sample=3/20 scenario=2026_07_29_02_32_08 timestamp=000134 cavs=[3]
sgcp_constrained receiver=3 policy=all-cavs sources=[3] clusters=20 ra=potential_game comm_bytes=0 selected_grids={}
fusion_method=early pred_boxes=13 gt_boxes=16
pred_scores_shape=(13,)
frame=38/41 receiver_sample=4/20 scenario=2026_07_29_02_32_08 timestamp=000134 cavs=[4]
sgcp_constrained receiver=4 policy=all-cavs sources=[4] clusters=20 ra=potential_game comm_bytes=0 selected_grids={}
fusion_method=early pred_boxes=19 gt_boxes=34
pred_scores_shape=(19,)
frame=38/41 receiver_sample=5/20 scenario=2026_07_29_02_32_08 timestamp=000134 cavs=[5]
sgcp_constrained receiver=5 policy=all-cavs sources=[5] clusters=20 ra=potential_game comm_bytes=0 selected_grids={}
fusion_method=early pred_boxes=20 gt_boxes=35
pred_scores_shape=(20,)
frame=38/41 receiver_sample=6/20 scenario=2026_07_29_02_32_08 timestamp=000134 cavs=[6]
sgcp_constrained receiver=6 policy=all-cavs sources=[6] clusters=20 ra=potential_game comm_bytes=0 selected_grids={}
fusion_method=early pred_boxes=12 gt_boxes=17
pred_scores_shape=(12,)
frame=38/41 receiver_sample=7/20 scenario=2026_07_29_02_32_08 timestamp=000134 cavs=[7]
sgcp_constrained receiver=7 policy=all-cavs sources=[7] clusters=20 ra=potential_game comm_bytes=0 selected_grids={}
fusion_method=early pred_boxes=20 gt_boxes=34
pred_scores_shape=(20,)
frame=38/41 receiver_sample=8/20 scenario=2026_07_29_02_32_08 timestamp=000134 cavs=[8]
sgcp_constrained receiver=8 policy=all-cavs sources=[8] clusters=20 ra=potential_game comm_bytes=0 selected_grids={}
fusion_method=early pred_boxes=23 gt_boxes=37
pred_scores_shape=(23,)
frame=38/41 receiver_sample=9/20 scenario=2026_07_29_02_32_08 timestamp=000134 cavs=[9]
sgcp_constrained receiver=9 policy=all-cavs sources=[9] clusters=20 ra=potential_game comm_bytes=0 selected_grids={}
fusion_method=early pred_boxes=16 gt_boxes=36
pred_scores_shape=(16,)
frame=38/41 receiver_sample=10/20 scenario=2026_07_29_02_32_08 timestamp=000134 cavs=[10]
sgcp_constrained receiver=10 policy=all-cavs sources=[10] clusters=20 ra=potential_game comm_bytes=0 selected_grids={}
fusion_method=early pred_boxes=20 gt_boxes=38
pred_scores_shape=(20,)
frame=38/41 receiver_sample=11/20 scenario=2026_07_29_02_32_08 timestamp=000134 cavs=[11]
sgcp_constrained receiver=11 policy=all-cavs sources=[11] clusters=20 ra=potential_game comm_bytes=0 selected_grids={}
fusion_method=early pred_boxes=17 gt_boxes=41
pred_scores_shape=(17,)
frame=38/41 receiver_sample=12/20 scenario=2026_07_29_02_32_08 timestamp=000134 cavs=[12]
sgcp_constrained receiver=12 policy=all-cavs sources=[12] clusters=20 ra=potential_game comm_bytes=0 selected_grids={}
fusion_method=early pred_boxes=13 gt_boxes=18
pred_scores_shape=(13,)
frame=38/41 receiver_sample=13/20 scenario=2026_07_29_02_32_08 timestamp=000134 cavs=[13]
sgcp_constrained receiver=13 policy=all-cavs sources=[13] clusters=20 ra=potential_game comm_bytes=0 selected_grids={}
fusion_method=early pred_boxes=10 gt_boxes=21
pred_scores_shape=(10,)
frame=38/41 receiver_sample=14/20 scenario=2026_07_29_02_32_08 timestamp=000134 cavs=[14]
sgcp_constrained receiver=14 policy=all-cavs sources=[14] clusters=20 ra=potential_game comm_bytes=0 selected_grids={}
fusion_method=early pred_boxes=6 gt_boxes=8
pred_scores_shape=(6,)
frame=38/41 receiver_sample=15/20 scenario=2026_07_29_02_32_08 timestamp=000134 cavs=[15]
sgcp_constrained receiver=15 policy=all-cavs sources=[15] clusters=20 ra=potential_game comm_bytes=0 selected_grids={}
fusion_method=early pred_boxes=17 gt_boxes=27
pred_scores_shape=(17,)
frame=38/41 receiver_sample=16/20 scenario=2026_07_29_02_32_08 timestamp=000134 cavs=[16]
sgcp_constrained receiver=16 policy=all-cavs sources=[16] clusters=20 ra=potential_game comm_bytes=0 selected_grids={}
fusion_method=early pred_boxes=18 gt_boxes=26
pred_scores_shape=(18,)
frame=38/41 receiver_sample=17/20 scenario=2026_07_29_02_32_08 timestamp=000134 cavs=[17]
sgcp_constrained receiver=17 policy=all-cavs sources=[17] clusters=20 ra=potential_game comm_bytes=0 selected_grids={}
fusion_method=early pred_boxes=18 gt_boxes=26
pred_scores_shape=(18,)
frame=38/41 receiver_sample=18/20 scenario=2026_07_29_02_32_08 timestamp=000134 cavs=[18]
sgcp_constrained receiver=18 policy=all-cavs sources=[18] clusters=20 ra=potential_game comm_bytes=0 selected_grids={}
fusion_method=early pred_boxes=10 gt_boxes=12
pred_scores_shape=(10,)
frame=38/41 receiver_sample=19/20 scenario=2026_07_29_02_32_08 timestamp=000134 cavs=[19]
sgcp_constrained receiver=19 policy=all-cavs sources=[19] clusters=20 ra=potential_game comm_bytes=0 selected_grids={}
fusion_method=early pred_boxes=17 gt_boxes=28
pred_scores_shape=(17,)
frame=38/41 receiver_sample=20/20 scenario=2026_07_29_02_32_08 timestamp=000134 cavs=[20]
sgcp_constrained receiver=20 policy=all-cavs sources=[20] clusters=20 ra=potential_game comm_bytes=0 selected_grids={}
fusion_method=early pred_boxes=21 gt_boxes=36
pred_scores_shape=(21,)
frame=39/41 receiver_sample=1/20 scenario=2026_07_29_02_32_08 timestamp=000136 cavs=[1]
sgcp_constrained receiver=1 policy=all-cavs sources=[1] clusters=20 ra=potential_game comm_bytes=0 selected_grids={}
fusion_method=early pred_boxes=23 gt_boxes=39
pred_scores_shape=(23,)
frame=39/41 receiver_sample=2/20 scenario=2026_07_29_02_32_08 timestamp=000136 cavs=[2]
sgcp_constrained receiver=2 policy=all-cavs sources=[2] clusters=20 ra=potential_game comm_bytes=0 selected_grids={}
fusion_method=early pred_boxes=19 gt_boxes=40
pred_scores_shape=(19,)
frame=39/41 receiver_sample=3/20 scenario=2026_07_29_02_32_08 timestamp=000136 cavs=[3]
sgcp_constrained receiver=3 policy=all-cavs sources=[3] clusters=20 ra=potential_game comm_bytes=0 selected_grids={}
fusion_method=early pred_boxes=13 gt_boxes=16
pred_scores_shape=(13,)
frame=39/41 receiver_sample=4/20 scenario=2026_07_29_02_32_08 timestamp=000136 cavs=[4]Format = auto
Extension = pcd
Format = auto
Extension = pcd
Format = auto
Extension = pcd
Format = auto
Extension = pcd
Format = auto
Extension = pcd
Format = auto
Extension = pcd
Format = auto
Extension = pcd
Format = auto
Extension = pcd
Format = auto
Extension = pcd
Format = auto
Extension = pcd
Format = auto
Extension = pcd
Format = auto
Extension = pcd
Format = auto
Extension = pcd
Format = auto
Extension = pcd
Format = auto
Extension = pcd
Format = auto
Extension = pcd
Format = auto
Extension = pcd
Format = auto
Extension = pcd
Format = auto
Extension = pcd
Format = auto
Extension = pcd

sgcp_constrained receiver=4 policy=all-cavs sources=[4] clusters=20 ra=potential_game comm_bytes=0 selected_grids={}
fusion_method=early pred_boxes=18 gt_boxes=34
pred_scores_shape=(18,)
frame=39/41 receiver_sample=5/20 scenario=2026_07_29_02_32_08 timestamp=000136 cavs=[5]
sgcp_constrained receiver=5 policy=all-cavs sources=[5] clusters=20 ra=potential_game comm_bytes=0 selected_grids={}
fusion_method=early pred_boxes=25 gt_boxes=36
pred_scores_shape=(25,)
frame=39/41 receiver_sample=6/20 scenario=2026_07_29_02_32_08 timestamp=000136 cavs=[6]
sgcp_constrained receiver=6 policy=all-cavs sources=[6] clusters=20 ra=potential_game comm_bytes=0 selected_grids={}
fusion_method=early pred_boxes=13 gt_boxes=17
pred_scores_shape=(13,)
frame=39/41 receiver_sample=7/20 scenario=2026_07_29_02_32_08 timestamp=000136 cavs=[7]
sgcp_constrained receiver=7 policy=all-cavs sources=[7] clusters=20 ra=potential_game comm_bytes=0 selected_grids={}
fusion_method=early pred_boxes=20 gt_boxes=33
pred_scores_shape=(20,)
frame=39/41 receiver_sample=8/20 scenario=2026_07_29_02_32_08 timestamp=000136 cavs=[8]
sgcp_constrained receiver=8 policy=all-cavs sources=[8] clusters=20 ra=potential_game comm_bytes=0 selected_grids={}
fusion_method=early pred_boxes=25 gt_boxes=37
pred_scores_shape=(25,)
frame=39/41 receiver_sample=9/20 scenario=2026_07_29_02_32_08 timestamp=000136 cavs=[9]
sgcp_constrained receiver=9 policy=all-cavs sources=[9] clusters=20 ra=potential_game comm_bytes=0 selected_grids={}
fusion_method=early pred_boxes=17 gt_boxes=36
pred_scores_shape=(17,)
frame=39/41 receiver_sample=10/20 scenario=2026_07_29_02_32_08 timestamp=000136 cavs=[10]
sgcp_constrained receiver=10 policy=all-cavs sources=[10] clusters=20 ra=potential_game comm_bytes=0 selected_grids={}
fusion_method=early pred_boxes=20 gt_boxes=37
pred_scores_shape=(20,)
frame=39/41 receiver_sample=11/20 scenario=2026_07_29_02_32_08 timestamp=000136 cavs=[11]
sgcp_constrained receiver=11 policy=all-cavs sources=[11] clusters=20 ra=potential_game comm_bytes=0 selected_grids={}
fusion_method=early pred_boxes=17 gt_boxes=41
pred_scores_shape=(17,)
frame=39/41 receiver_sample=12/20 scenario=2026_07_29_02_32_08 timestamp=000136 cavs=[12]
sgcp_constrained receiver=12 policy=all-cavs sources=[12] clusters=20 ra=potential_game comm_bytes=0 selected_grids={}
fusion_method=early pred_boxes=14 gt_boxes=18
pred_scores_shape=(14,)
frame=39/41 receiver_sample=13/20 scenario=2026_07_29_02_32_08 timestamp=000136 cavs=[13]
sgcp_constrained receiver=13 policy=all-cavs sources=[13] clusters=20 ra=potential_game comm_bytes=0 selected_grids={}
fusion_method=early pred_boxes=9 gt_boxes=22
pred_scores_shape=(9,)
frame=39/41 receiver_sample=14/20 scenario=2026_07_29_02_32_08 timestamp=000136 cavs=[14]
sgcp_constrained receiver=14 policy=all-cavs sources=[14] clusters=20 ra=potential_game comm_bytes=0 selected_grids={}
fusion_method=early pred_boxes=5 gt_boxes=8
pred_scores_shape=(5,)
frame=39/41 receiver_sample=15/20 scenario=2026_07_29_02_32_08 timestamp=000136 cavs=[15]
sgcp_constrained receiver=15 policy=all-cavs sources=[15] clusters=20 ra=potential_game comm_bytes=0 selected_grids={}
fusion_method=early pred_boxes=17 gt_boxes=28
pred_scores_shape=(17,)
frame=39/41 receiver_sample=16/20 scenario=2026_07_29_02_32_08 timestamp=000136 cavs=[16]
sgcp_constrained receiver=16 policy=all-cavs sources=[16] clusters=20 ra=potential_game comm_bytes=0 selected_grids={}
fusion_method=early pred_boxes=17 gt_boxes=26
pred_scores_shape=(17,)
frame=39/41 receiver_sample=17/20 scenario=2026_07_29_02_32_08 timestamp=000136 cavs=[17]
sgcp_constrained receiver=17 policy=all-cavs sources=[17] clusters=20 ra=potential_game comm_bytes=0 selected_grids={}
fusion_method=early pred_boxes=17 gt_boxes=26
pred_scores_shape=(17,)
frame=39/41 receiver_sample=18/20 scenario=2026_07_29_02_32_08 timestamp=000136 cavs=[18]
sgcp_constrained receiver=18 policy=all-cavs sources=[18] clusters=20 ra=potential_game comm_bytes=0 selected_grids={}
fusion_method=early pred_boxes=9 gt_boxes=12
pred_scores_shape=(9,)
frame=39/41 receiver_sample=19/20 scenario=2026_07_29_02_32_08 timestamp=000136 cavs=[19]
sgcp_constrained receiver=19 policy=all-cavs sources=[19] clusters=20 ra=potential_game comm_bytes=0 selected_grids={}
fusion_method=early pred_boxes=16 gt_boxes=28
pred_scores_shape=(16,)
frame=39/41 receiver_sample=20/20 scenario=2026_07_29_02_32_08 timestamp=000136 cavs=[20]
sgcp_constrained receiver=20 policy=all-cavs sources=[20] clusters=20 ra=potential_game comm_bytes=0 selected_grids={}
fusion_method=early pred_boxes=22 gt_boxes=37
pred_scores_shape=(22,)
frame=40/41 receiver_sample=1/20 scenario=2026_07_29_02_32_08 timestamp=000138 cavs=[1]
sgcp_constrained receiver=1 policy=all-cavs sources=[1] clusters=20 ra=potential_game comm_bytes=0 selected_grids={}
fusion_method=early pred_boxes=22 gt_boxes=40
pred_scores_shape=(22,)
frame=40/41 receiver_sample=2/20 scenario=2026_07_29_02_32_08 timestamp=000138 cavs=[2]
sgcp_constrained receiver=2 policy=all-cavs sources=[2] clusters=20 ra=potential_game comm_bytes=0 selected_grids={}
fusion_method=early pred_boxes=19 gt_boxes=40
pred_scores_shape=(19,)
frame=40/41 receiver_sample=3/20 scenario=2026_07_29_02_32_08 timestamp=000138 cavs=[3]
sgcp_constrained receiver=3 policy=all-cavs sources=[3] clusters=20 ra=potential_game comm_bytes=0 selected_grids={}
fusion_method=early pred_boxes=13 gt_boxes=16
pred_scores_shape=(13,)
frame=40/41 receiver_sample=4/20 scenario=2026_07_29_02_32_08 timestamp=000138 cavs=[4]
sgcp_constrained receiver=4 policy=all-cavs sources=[4] clusters=20 ra=potential_game comm_bytes=0 selected_grids={}
fusion_method=early pred_boxes=17 gt_boxes=35
pred_scores_shape=(17,)
frame=40/41 receiver_sample=5/20 scenario=2026_07_29_02_32_08 timestamp=000138 cavs=[5]
sgcp_constrained receiver=5 policy=all-cavs sources=[5] clusters=20 ra=potential_game comm_bytes=0 selected_grids={}
fusion_method=early pred_boxes=27 gt_boxes=37
pred_scores_shape=(27,)
frame=40/41 receiver_sample=6/20 scenario=2026_07_29_02_32_08 timestamp=000138 cavs=[6]
sgcp_constrained receiver=6 policy=all-cavs sources=[6] clusters=20 ra=potential_game comm_bytes=0 selected_grids={}
fusion_method=early pred_boxes=13 gt_boxes=17
pred_scores_shape=(13,)
frame=40/41 receiver_sample=7/20 scenario=2026_07_29_02_32_08 timestamp=000138 cavs=[7]
sgcp_constrained receiver=7 policy=all-cavs sources=[7] clusters=20 ra=potential_game comm_bytes=0 selected_grids={}
fusion_method=early pred_boxes=19 gt_boxes=34
pred_scores_shape=(19,)
frame=40/41 receiver_sample=8/20 scenario=2026_07_29_02_32_08 timestamp=000138 cavs=[8]
sgcp_constrained receiver=8 policy=all-cavs sources=[8] clusters=20 ra=potential_game comm_bytes=0 selected_grids={}
fusion_method=early pred_boxes=24 gt_boxes=37
pred_scores_shape=(24,)
frame=40/41 receiver_sample=9/20 scenario=2026_07_29_02_32_08 timestamp=000138 cavs=[9]
sgcp_constrained receiver=9 policy=all-cavs sources=[9] clusters=20 ra=potential_game comm_bytes=0 selected_grids={}
fusion_method=early pred_boxes=17 gt_boxes=36
pred_scores_shape=(17,)
frame=40/41 receiver_sample=10/20 scenario=2026_07_29_02_32_08 timestamp=000138 cavs=[10]
sgcp_constrained receiver=10 policy=all-cavs sources=[10] clusters=20 ra=potential_game comm_bytes=0 selected_grids={}
fusion_method=early pred_boxes=20 gt_boxes=37
pred_scores_shape=(20,)
frame=40/41 receiver_sample=11/20 scenario=2026_07_29_02_32_08 timestamp=000138 cavs=[11]
sgcp_constrained receiver=11 policy=all-cavs sources=[11] clusters=20 ra=potential_game comm_bytes=0 selected_grids={}
fusion_method=early pred_boxes=17 gt_boxes=41
pred_scores_shape=(17,)
frame=40/41 receiver_sample=12/20 scenario=2026_07_29_02_32_08 timestamp=000138 cavs=[12]
sgcp_constrained receiver=12 policy=all-cavs sources=[12] clusters=20 ra=potential_game comm_bytes=0 selected_grids={}
fusion_method=early pred_boxes=12 gt_boxes=17
pred_scores_shape=(12,)
frame=40/41 receiver_sample=13/20 scenario=2026_07_29_02_32_08 timestamp=000138 cavs=[13]
sgcp_constrained receiver=13 policy=all-cavs sources=[13] clusters=20 ra=potential_game comm_bytes=0 selected_grids={}Format = auto
Extension = pcd
Format = auto
Extension = pcd
Format = auto
Extension = pcd
Format = auto
Extension = pcd
Format = auto
Extension = pcd
Format = auto
Extension = pcd
Format = auto
Extension = pcd
Format = auto
Extension = pcd
Format = auto
Extension = pcd
Format = auto
Extension = pcd
Format = auto
Extension = pcd
Format = auto
Extension = pcd
Format = auto
Extension = pcd
Format = auto
Extension = pcd
Format = auto
Extension = pcd
Format = auto
Extension = pcd
Format = auto
Extension = pcd
Format = auto
Extension = pcd
Format = auto
Extension = pcd
Format = auto
Extension = pcd
C:\Users\sakakibara\miniconda3\envs\opencda\lib\site-packages\torch\nn\functional.py:1806: UserWarning: nn.functional.sigmoid is deprecated. Use torch.sigmoid instead.
  warnings.warn("nn.functional.sigmoid is deprecated. Use torch.sigmoid instead.")

fusion_method=early pred_boxes=11 gt_boxes=22
pred_scores_shape=(11,)
frame=40/41 receiver_sample=14/20 scenario=2026_07_29_02_32_08 timestamp=000138 cavs=[14]
sgcp_constrained receiver=14 policy=all-cavs sources=[14] clusters=20 ra=potential_game comm_bytes=0 selected_grids={}
fusion_method=early pred_boxes=6 gt_boxes=8
pred_scores_shape=(6,)
frame=40/41 receiver_sample=15/20 scenario=2026_07_29_02_32_08 timestamp=000138 cavs=[15]
sgcp_constrained receiver=15 policy=all-cavs sources=[15] clusters=20 ra=potential_game comm_bytes=0 selected_grids={}
fusion_method=early pred_boxes=19 gt_boxes=28
pred_scores_shape=(19,)
frame=40/41 receiver_sample=16/20 scenario=2026_07_29_02_32_08 timestamp=000138 cavs=[16]
sgcp_constrained receiver=16 policy=all-cavs sources=[16] clusters=20 ra=potential_game comm_bytes=0 selected_grids={}
fusion_method=early pred_boxes=16 gt_boxes=25
pred_scores_shape=(16,)
frame=40/41 receiver_sample=17/20 scenario=2026_07_29_02_32_08 timestamp=000138 cavs=[17]
sgcp_constrained receiver=17 policy=all-cavs sources=[17] clusters=20 ra=potential_game comm_bytes=0 selected_grids={}
fusion_method=early pred_boxes=18 gt_boxes=26
pred_scores_shape=(18,)
frame=40/41 receiver_sample=18/20 scenario=2026_07_29_02_32_08 timestamp=000138 cavs=[18]
sgcp_constrained receiver=18 policy=all-cavs sources=[18] clusters=20 ra=potential_game comm_bytes=0 selected_grids={}
fusion_method=early pred_boxes=7 gt_boxes=12
pred_scores_shape=(7,)
frame=40/41 receiver_sample=19/20 scenario=2026_07_29_02_32_08 timestamp=000138 cavs=[19]
sgcp_constrained receiver=19 policy=all-cavs sources=[19] clusters=20 ra=potential_game comm_bytes=0 selected_grids={}
fusion_method=early pred_boxes=17 gt_boxes=28
pred_scores_shape=(17,)
frame=40/41 receiver_sample=20/20 scenario=2026_07_29_02_32_08 timestamp=000138 cavs=[20]
sgcp_constrained receiver=20 policy=all-cavs sources=[20] clusters=20 ra=potential_game comm_bytes=0 selected_grids={}
fusion_method=early pred_boxes=21 gt_boxes=36
pred_scores_shape=(21,)
frame=41/41 receiver_sample=1/20 scenario=2026_07_29_02_32_08 timestamp=000140 cavs=[1]
sgcp_constrained receiver=1 policy=all-cavs sources=[1] clusters=20 ra=potential_game comm_bytes=0 selected_grids={}
fusion_method=early pred_boxes=22 gt_boxes=40
pred_scores_shape=(22,)
frame=41/41 receiver_sample=2/20 scenario=2026_07_29_02_32_08 timestamp=000140 cavs=[2]
sgcp_constrained receiver=2 policy=all-cavs sources=[2] clusters=20 ra=potential_game comm_bytes=0 selected_grids={}
fusion_method=early pred_boxes=19 gt_boxes=39
pred_scores_shape=(19,)
frame=41/41 receiver_sample=3/20 scenario=2026_07_29_02_32_08 timestamp=000140 cavs=[3]
sgcp_constrained receiver=3 policy=all-cavs sources=[3] clusters=20 ra=potential_game comm_bytes=0 selected_grids={}
fusion_method=early pred_boxes=14 gt_boxes=16
pred_scores_shape=(14,)
frame=41/41 receiver_sample=4/20 scenario=2026_07_29_02_32_08 timestamp=000140 cavs=[4]
sgcp_constrained receiver=4 policy=all-cavs sources=[4] clusters=20 ra=potential_game comm_bytes=0 selected_grids={}
fusion_method=early pred_boxes=17 gt_boxes=35
pred_scores_shape=(17,)
frame=41/41 receiver_sample=5/20 scenario=2026_07_29_02_32_08 timestamp=000140 cavs=[5]
sgcp_constrained receiver=5 policy=all-cavs sources=[5] clusters=20 ra=potential_game comm_bytes=0 selected_grids={}
fusion_method=early pred_boxes=23 gt_boxes=37
pred_scores_shape=(23,)
frame=41/41 receiver_sample=6/20 scenario=2026_07_29_02_32_08 timestamp=000140 cavs=[6]
sgcp_constrained receiver=6 policy=all-cavs sources=[6] clusters=20 ra=potential_game comm_bytes=0 selected_grids={}
fusion_method=early pred_boxes=13 gt_boxes=16
pred_scores_shape=(13,)
frame=41/41 receiver_sample=7/20 scenario=2026_07_29_02_32_08 timestamp=000140 cavs=[7]
sgcp_constrained receiver=7 policy=all-cavs sources=[7] clusters=20 ra=potential_game comm_bytes=0 selected_grids={}
fusion_method=early pred_boxes=20 gt_boxes=34
pred_scores_shape=(20,)
frame=41/41 receiver_sample=8/20 scenario=2026_07_29_02_32_08 timestamp=000140 cavs=[8]
sgcp_constrained receiver=8 policy=all-cavs sources=[8] clusters=20 ra=potential_game comm_bytes=0 selected_grids={}
fusion_method=early pred_boxes=24 gt_boxes=36
pred_scores_shape=(24,)
frame=41/41 receiver_sample=9/20 scenario=2026_07_29_02_32_08 timestamp=000140 cavs=[9]
sgcp_constrained receiver=9 policy=all-cavs sources=[9] clusters=20 ra=potential_game comm_bytes=0 selected_grids={}
fusion_method=early pred_boxes=18 gt_boxes=35
pred_scores_shape=(18,)
frame=41/41 receiver_sample=10/20 scenario=2026_07_29_02_32_08 timestamp=000140 cavs=[10]
sgcp_constrained receiver=10 policy=all-cavs sources=[10] clusters=20 ra=potential_game comm_bytes=0 selected_grids={}
fusion_method=early pred_boxes=20 gt_boxes=37
pred_scores_shape=(20,)
frame=41/41 receiver_sample=11/20 scenario=2026_07_29_02_32_08 timestamp=000140 cavs=[11]
sgcp_constrained receiver=11 policy=all-cavs sources=[11] clusters=20 ra=potential_game comm_bytes=0 selected_grids={}
fusion_method=early pred_boxes=16 gt_boxes=39
pred_scores_shape=(16,)
frame=41/41 receiver_sample=12/20 scenario=2026_07_29_02_32_08 timestamp=000140 cavs=[12]
sgcp_constrained receiver=12 policy=all-cavs sources=[12] clusters=20 ra=potential_game comm_bytes=0 selected_grids={}
fusion_method=early pred_boxes=12 gt_boxes=17
pred_scores_shape=(12,)
frame=41/41 receiver_sample=13/20 scenario=2026_07_29_02_32_08 timestamp=000140 cavs=[13]
sgcp_constrained receiver=13 policy=all-cavs sources=[13] clusters=20 ra=potential_game comm_bytes=0 selected_grids={}
fusion_method=early pred_boxes=12 gt_boxes=22
pred_scores_shape=(12,)
frame=41/41 receiver_sample=14/20 scenario=2026_07_29_02_32_08 timestamp=000140 cavs=[14]
sgcp_constrained receiver=14 policy=all-cavs sources=[14] clusters=20 ra=potential_game comm_bytes=0 selected_grids={}
fusion_method=early pred_boxes=6 gt_boxes=8
pred_scores_shape=(6,)
frame=41/41 receiver_sample=15/20 scenario=2026_07_29_02_32_08 timestamp=000140 cavs=[15]
sgcp_constrained receiver=15 policy=all-cavs sources=[15] clusters=20 ra=potential_game comm_bytes=0 selected_grids={}
fusion_method=early pred_boxes=17 gt_boxes=28
pred_scores_shape=(17,)
frame=41/41 receiver_sample=16/20 scenario=2026_07_29_02_32_08 timestamp=000140 cavs=[16]
sgcp_constrained receiver=16 policy=all-cavs sources=[16] clusters=20 ra=potential_game comm_bytes=0 selected_grids={}
fusion_method=early pred_boxes=14 gt_boxes=26
pred_scores_shape=(14,)
frame=41/41 receiver_sample=17/20 scenario=2026_07_29_02_32_08 timestamp=000140 cavs=[17]
sgcp_constrained receiver=17 policy=all-cavs sources=[17] clusters=20 ra=potential_game comm_bytes=0 selected_grids={}
fusion_method=early pred_boxes=15 gt_boxes=26
pred_scores_shape=(15,)
frame=41/41 receiver_sample=18/20 scenario=2026_07_29_02_32_08 timestamp=000140 cavs=[18]
sgcp_constrained receiver=18 policy=all-cavs sources=[18] clusters=20 ra=potential_game comm_bytes=0 selected_grids={}
fusion_method=early pred_boxes=9 gt_boxes=12
pred_scores_shape=(9,)
frame=41/41 receiver_sample=19/20 scenario=2026_07_29_02_32_08 timestamp=000140 cavs=[19]
sgcp_constrained receiver=19 policy=all-cavs sources=[19] clusters=20 ra=potential_game comm_bytes=0 selected_grids={}
fusion_method=early pred_boxes=15 gt_boxes=28
pred_scores_shape=(15,)
frame=41/41 receiver_sample=20/20 scenario=2026_07_29_02_32_08 timestamp=000140 cavs=[20]
sgcp_constrained receiver=20 policy=all-cavs sources=[20] clusters=20 ra=potential_game comm_bytes=0 selected_grids={}
fusion_method=early pred_boxes=19 gt_boxes=35
pred_scores_shape=(19,)
cp counter: 820
Evaluate final average precision results:
  - Fusion method: early
  - The Average Precision at IOU 0.3 is 0.55, The Average Precision at IOU 0.5 is 0.50, The Average Precision at IOU 0.7 is 0.34
sgcp_summary frames=820 avg_comm_bytes=0.00 total_comm_bytes=0 avg_source_cavs=1.00 avg_selected_grids=0.00
