scenario_id,timestamp,receiver_id,receiver_policy,coperception_yaml,resource_allocation,upload_mode,grid_selection_mode,grid_score_mode,coverage_fallback,coverage_fallback_replacements,routing_hint_replacements,routing_hints_csv,clustering,cluster_count,selective_frame_deadline_ms,cluster_member_ids,source_cav_ids,uploaded_source_ids,selected_grid_counts_json,point_counts_json,communication_bytes,frame_comm_time_ms,num_channels,bandwidth_mhz,communication_deadline_ms,sgcp_frame_mbps_budget,sgcp_frame_budget_bytes,sgcp_frame_budget_original_bytes,sgcp_frame_budget_admitted_bytes,upload_density_cap_rho,upload_density_cap_seed,max_senders_per_receiver,channel_estimator,ns3_tb_size_bytes,ns3_slot_duration_ms,ns3_subchannel_prbs,ns3_symbols_per_slot,ns3_mcs,pcs_rounds_requested,pcs_rounds_accepted,pcs_round_comm_time_ms_json,pcs_round_comm_bytes_json,channel_allocation,missing_channel_sources,pred_boxes,gt_boxes,skipped
2026_07_29_02_32_08,000060,1,all-cluster-heads,docs\doc_workspace\SGCP\artifacts\early_from_late_checkpoint_20260719\enable_coperception_early_from_attentive.yaml,dynamic_cv,grid,utility,utility,none,0,0,,potential_verified_cov_coalition_game,7,,1;2;8;11,1;11,11,"{""11"": 33}","{""1"": 13948, ""11"": 2495}",39920,22.202447163515018,10,40.0,60.0,10.0,125000,330112,124992,2.0,sgcp-density-cap,1,ns3,899,0.5,10,12,28,,,[],[],11>1:0,,25,47,
2026_07_29_02_32_08,000060,10,all-cluster-heads,docs\doc_workspace\SGCP\artifacts\early_from_late_checkpoint_20260719\enable_coperception_early_from_attentive.yaml,dynamic_cv,grid,utility,utility,none,0,0,,potential_verified_cov_coalition_game,7,,9;10,10;9,9,"{""9"": 33}","{""9"": 1309, ""10"": 14073}",20944,11.648498331479422,10,40.0,60.0,10.0,125000,330112,124992,2.0,sgcp-density-cap,1,ns3,899,0.5,10,12,28,,,[],[],9>10:1,,18,40,
2026_07_29_02_32_08,000060,12,all-cluster-heads,docs\doc_workspace\SGCP\artifacts\early_from_late_checkpoint_20260719\enable_coperception_early_from_attentive.yaml,dynamic_cv,grid,utility,utility,none,0,0,,potential_verified_cov_coalition_game,7,,4;7;12,12;7,7,"{""7"": 33}","{""7"": 2861, ""12"": 13881}",45776,25.45939933259177,10,40.0,60.0,10.0,125000,330112,124992,2.0,sgcp-density-cap,1,ns3,899,0.5,10,12,28,,,[],[],7>12:2,,25,47,
2026_07_29_02_32_08,000060,13,all-cluster-heads,docs\doc_workspace\SGCP\artifacts\early_from_late_checkpoint_20260719\enable_coperception_early_from_attentive.yaml,dynamic_cv,grid,utility,utility,none,0,0,,potential_verified_cov_coalition_game,7,,13;14;19,13;14;19,14;19,"{""14"": 6, ""19"": 1}","{""13"": 13569, ""14"": 1131, ""19"": 16}",18352,10.064516129032258,10,40.0,60.0,10.0,125000,330112,124992,2.0,sgcp-density-cap,1,ns3,899,0.5,10,12,28,,,[],[],14>13:3;19>13:7,,4,25,
2026_07_29_02_32_08,000060,15,all-cluster-heads,docs\doc_workspace\SGCP\artifacts\early_from_late_checkpoint_20260719\enable_coperception_early_from_attentive.yaml,dynamic_cv,grid,utility,utility,none,0,0,,potential_verified_cov_coalition_game,7,,6;15,15,,{},"{""15"": 13458}",0,0.0,10,40.0,60.0,10.0,125000,330112,124992,2.0,sgcp-density-cap,1,ns3,899,0.5,10,12,28,,,[],[],,,17,21,
2026_07_29_02_32_08,000060,16,all-cluster-heads,docs\doc_workspace\SGCP\artifacts\early_from_late_checkpoint_20260719\enable_coperception_early_from_attentive.yaml,dynamic_cv,grid,utility,utility,none,0,0,,potential_verified_cov_coalition_game,7,,5;16;20,16,,{},"{""16"": 13819}",0,0.0,10,40.0,60.0,10.0,125000,330112,124992,2.0,sgcp-density-cap,1,ns3,899,0.5,10,12,28,,,[],[],,,18,32,
2026_07_29_02_32_08,000060,17,all-cluster-heads,docs\doc_workspace\SGCP\artifacts\early_from_late_checkpoint_20260719\enable_coperception_early_from_attentive.yaml,dynamic_cv,grid,utility,utility,none,0,0,,potential_verified_cov_coalition_game,7,,3;17;18,17,,{},"{""17"": 14142}",0,0.0,10,40.0,60.0,10.0,125000,330112,124992,2.0,sgcp-density-cap,1,ns3,899,0.5,10,12,28,,,[],[],,,11,18,
2026_07_29_02_32_08,000062,1,all-cluster-heads,docs\doc_workspace\SGCP\artifacts\early_from_late_checkpoint_20260719\enable_coperception_early_from_attentive.yaml,dynamic_cv,grid,utility,utility,none,0,0,,potential_verified_cov_coalition_game,7,,1;2;8;11,1;2,2,"{""2"": 33}","{""1"": 13948, ""2"": 2494}",39904,22.193548387096776,10,40.0,60.0,10.0,125000,330048,124992,2.0,sgcp-density-cap,1,ns3,899,0.5,10,12,28,,,[],[],2>1:0,,28,45,
2026_07_29_02_32_08,000062,10,all-cluster-heads,docs\doc_workspace\SGCP\artifacts\early_from_late_checkpoint_20260719\enable_coperception_early_from_attentive.yaml,dynamic_cv,grid,utility,utility,none,0,0,,potential_verified_cov_coalition_game,7,,9;10,10;9,9,"{""9"": 33}","{""9"": 1297, ""10"": 14074}",20752,11.54171301446051,10,40.0,60.0,10.0,125000,330048,124992,2.0,sgcp-density-cap,1,ns3,899,0.5,10,12,28,,,[],[],9>10:1,,23,38,
2026_07_29_02_32_08,000062,12,all-cluster-heads,docs\doc_workspace\SGCP\artifacts\early_from_late_checkpoint_20260719\enable_coperception_early_from_attentive.yaml,dynamic_cv,grid,utility,utility,none,0,0,,potential_verified_cov_coalition_game,7,,4;7;12,12;7,7,"{""7"": 33}","{""7"": 2881, ""12"": 13882}",46096,25.63737486095662,10,40.0,60.0,10.0,125000,330048,124992,2.0,sgcp-density-cap,1,ns3,899,0.5,10,12,28,,,[],[],7>12:2,,29,48,
2026_07_29_02_32_08,000062,13,all-cluster-heads,docs\doc_workspace\SGCP\artifacts\early_from_late_checkpoint_20260719\enable_coperception_early_from_attentive.yaml,dynamic_cv,grid,utility,utility,none,0,0,,potential_verified_cov_coalition_game,7,,13;14;19,13;14;19,14;19,"{""14"": 6, ""19"": 1}","{""13"": 13569, ""14"": 1129, ""19"": 11}",18240,10.046718576195772,10,40.0,60.0,10.0,125000,330048,124992,2.0,sgcp-density-cap,1,ns3,899,0.5,10,12,28,,,[],[],14>13:3;19>13:8,,4,25,
2026_07_29_02_32_08,000062,15,all-cluster-heads,docs\doc_workspace\SGCP\artifacts\early_from_late_checkpoint_20260719\enable_coperception_early_from_attentive.yaml,dynamic_cv,grid,utility,utility,none,0,0,,potential_verified_cov_coalition_game,7,,6;15,15,,{},"{""15"": 13488}",0,0.0,10,40.0,60.0,10.0,125000,330048,124992,2.0,sgcp-density-cap,1,ns3,899,0.5,10,12,28,,,[],[],,,16,21,
2026_07_29_02_32_08,000062,16,all-cluster-heads,docs\doc_workspace\SGCP\artifacts\early_from_late_checkpoint_20260719\enable_coperception_early_from_attentive.yaml,dynamic_cv,grid,utility,utility,none,0,0,,potential_verified_cov_coalition_game,7,,5;16;20,16,,{},"{""16"": 13788}",0,0.0,10,40.0,60.0,10.0,125000,330048,124992,2.0,sgcp-density-cap,1,ns3,899,0.5,10,12,28,,,[],[],,,17,32,
2026_07_29_02_32_08,000062,17,all-cluster-heads,docs\doc_workspace\SGCP\artifacts\early_from_late_checkpoint_20260719\enable_coperception_early_from_attentive.yaml,dynamic_cv,grid,utility,utility,none,0,0,,potential_verified_cov_coalition_game,7,,3;17;18,17,,{},"{""17"": 14128}",0,0.0,10,40.0,60.0,10.0,125000,330048,124992,2.0,sgcp-density-cap,1,ns3,899,0.5,10,12,28,,,[],[],,,9,19,
2026_07_29_02_32_08,000064,1,all-cluster-heads,docs\doc_workspace\SGCP\artifacts\early_from_late_checkpoint_20260719\enable_coperception_early_from_attentive.yaml,dynamic_cv,grid,utility,utility,none,0,0,,potential_verified_cov_coalition_game,7,,1;2;8;11,1;2,2,"{""2"": 33}","{""1"": 13948, ""2"": 2455}",39280,21.846496106785317,10,40.0,60.0,10.0,125000,330672,124992,2.0,sgcp-density-cap,1,ns3,899,0.5,10,12,28,,,[],[],2>1:0,,27,44,
2026_07_29_02_32_08,000064,10,all-cluster-heads,docs\doc_workspace\SGCP\artifacts\early_from_late_checkpoint_20260719\enable_coperception_early_from_attentive.yaml,dynamic_cv,grid,utility,utility,none,0,0,,potential_verified_cov_coalition_game,7,,9;10,10;9,9,"{""9"": 33}","{""9"": 1278, ""10"": 14075}",20448,11.372636262513906,10,40.0,60.0,10.0,125000,330672,124992,2.0,sgcp-density-cap,1,ns3,899,0.5,10,12,28,,,[],[],9>10:1,,22,40,
2026_07_29_02_32_08,000064,12,all-cluster-heads,docs\doc_workspace\SGCP\artifacts\early_from_late_checkpoint_20260719\enable_coperception_early_from_attentive.yaml,dynamic_cv,grid,utility,utility,none,0,0,,potential_verified_cov_coalition_game,7,,4;7;12,12;7,7,"{""7"": 33}","{""7"": 2897, ""12"": 13868}",46352,25.779755283648498,10,40.0,60.0,10.0,125000,330672,124992,2.0,sgcp-density-cap,1,ns3,899,0.5,10,12,28,,,[],[],7>12:2,,24,49,
2026_07_29_02_32_08,000064,13,all-cluster-heads,docs\doc_workspace\SGCP\artifacts\early_from_late_checkpoint_20260719\enable_coperception_early_from_attentive.yaml,dynamic_cv,grid,utility,utility,none,0,0,,potential_verified_cov_coalition_game,7,,13;14;19,13;14;19,14;19,"{""14"": 6, ""19"": 1}","{""13"": 13570, ""14"": 1158, ""19"": 24}",18912,10.304783092324806,10,40.0,60.0,10.0,125000,330672,124992,2.0,sgcp-density-cap,1,ns3,899,0.5,10,12,28,,,[],[],14>13:3;19>13:7,,3,26,
2026_07_29_02_32_08,000064,15,all-cluster-heads,docs\doc_workspace\SGCP\artifacts\early_from_late_checkpoint_20260719\enable_coperception_early_from_attentive.yaml,dynamic_cv,grid,utility,utility,none,0,0,,potential_verified_cov_coalition_game,7,,6;15,15,,{},"{""15"": 13466}",0,0.0,10,40.0,60.0,10.0,125000,330672,124992,2.0,sgcp-density-cap,1,ns3,899,0.5,10,12,28,,,[],[],,,17,21,
2026_07_29_02_32_08,000064,16,all-cluster-heads,docs\doc_workspace\SGCP\artifacts\early_from_late_checkpoint_20260719\enable_coperception_early_from_attentive.yaml,dynamic_cv,grid,utility,utility,none,0,0,,potential_verified_cov_coalition_game,7,,5;16;20,16,,{},"{""16"": 13804}",0,0.0,10,40.0,60.0,10.0,125000,330672,124992,2.0,sgcp-density-cap,1,ns3,899,0.5,10,12,28,,,[],[],,,15,34,
2026_07_29_02_32_08,000064,17,all-cluster-heads,docs\doc_workspace\SGCP\artifacts\early_from_late_checkpoint_20260719\enable_coperception_early_from_attentive.yaml,dynamic_cv,grid,utility,utility,none,0,0,,potential_verified_cov_coalition_game,7,,3;17;18,17,,{},"{""17"": 14138}",0,0.0,10,40.0,60.0,10.0,125000,330672,124992,2.0,sgcp-density-cap,1,ns3,899,0.5,10,12,28,,,[],[],,,7,18,
2026_07_29_02_32_08,000066,1,all-cluster-heads,docs\doc_workspace\SGCP\artifacts\early_from_late_checkpoint_20260719\enable_coperception_early_from_attentive.yaml,dynamic_cv,grid,utility,utility,none,0,0,,potential_verified_cov_coalition_game,6,,1;2;8;11,1;2,2,"{""2"": 33}","{""1"": 13953, ""2"": 2474}",39584,22.01557285873192,10,40.0,60.0,10.0,125000,326896,124992,2.0,sgcp-density-cap,1,ns3,899,0.5,10,12,28,,,[],[],2>1:0,,25,44,
2026_07_29_02_32_08,000066,12,all-cluster-heads,docs\doc_workspace\SGCP\artifacts\early_from_late_checkpoint_20260719\enable_coperception_early_from_attentive.yaml,dynamic_cv,grid,utility,utility,none,0,0,,potential_verified_cov_coalition_game,6,,4;7;12,12;4;7,4;7,"{""4"": 33, ""7"": 28}","{""4"": 1315, ""7"": 2586, ""12"": 13863}",62416,23.012235817575082,10,40.0,60.0,10.0,125000,326896,124992,2.0,sgcp-density-cap,1,ns3,899,0.5,10,12,28,,,[],[],4>12:9;7>12:1,,30,52,
2026_07_29_02_32_08,000066,15,all-cluster-heads,docs\doc_workspace\SGCP\artifacts\early_from_late_checkpoint_20260719\enable_coperception_early_from_attentive.yaml,dynamic_cv,grid,utility,utility,none,0,0,,potential_verified_cov_coalition_game,6,,6;15,15;6,6,"{""6"": 9}","{""6"": 1437, ""15"": 13477}",22992,12.78754171301446,10,40.0,60.0,10.0,125000,326896,124992,2.0,sgcp-density-cap,1,ns3,899,0.5,10,12,28,,,[],[],6>15:2,,18,20,
2026_07_29_02_32_08,000066,16,all-cluster-heads,docs\doc_workspace\SGCP\artifacts\early_from_late_checkpoint_20260719\enable_coperception_early_from_attentive.yaml,dynamic_cv,grid,utility,utility,none,0,0,,potential_verified_cov_coalition_game,6,,5;16;20,16,,{},"{""16"": 13800}",0,0.0,10,40.0,60.0,10.0,125000,326896,124992,2.0,sgcp-density-cap,1,ns3,899,0.5,10,12,28,,,[],[],,,19,33,
2026_07_29_02_32_08,000066,17,all-cluster-heads,docs\doc_workspace\SGCP\artifacts\early_from_late_checkpoint_20260719\enable_coperception_early_from_attentive.yaml,dynamic_cv,grid,utility,utility,none,0,0,,potential_verified_cov_coalition_game,6,,3;14;17;18,17,,{},"{""17"": 14142}",0,0.0,10,40.0,60.0,10.0,125000,326896,124992,2.0,sgcp-density-cap,1,ns3,899,0.5,10,12,28,,,[],[],,,9,18,
2026_07_29_02_32_08,000066,19,all-cluster-heads,docs\doc_workspace\SGCP\artifacts\early_from_late_checkpoint_20260719\enable_coperception_early_from_attentive.yaml,dynamic_cv,grid,utility,utility,none,0,0,,potential_verified_cov_coalition_game,6,,9;10;13;19,19,,{},"{""19"": 13700}",0,0.0,10,40.0,60.0,10.0,125000,326896,124992,2.0,sgcp-density-cap,1,ns3,899,0.5,10,12,28,,,[],[],,,2,23,
2026_07_29_02_32_08,000068,1,all-cluster-heads,docs\doc_workspace\SGCP\artifacts\early_from_late_checkpoint_20260719\enable_coperception_early_from_attentive.yaml,dynamic_cv,grid,utility,utility,none,0,0,,potential_verified_cov_coalition_game,6,,1;4;12,1;4;12,4;12,"{""4"": 30, ""12"": 29}","{""1"": 13961, ""4"": 1755, ""12"": 3451}",83296,30.70967741935484,10,40.0,60.0,10.0,125000,378304,124992,2.0,sgcp-density-cap,1,ns3,899,0.5,10,12,28,,,[],[],4>1:9;12>1:0,,29,56,
2026_07_29_02_32_08,000068,11,all-cluster-heads,docs\doc_workspace\SGCP\artifacts\early_from_late_checkpoint_20260719\enable_coperception_early_from_attentive.yaml,dynamic_cv,grid,utility,utility,none,0,0,,potential_verified_cov_coalition_game,6,,2;8;11;19,11;2;19,2;19,"{""2"": 2, ""19"": 31}","{""2"": 8, ""11"": 13865, ""19"": 2598}",41696,23.119021134593993,10,40.0,60.0,10.0,125000,378304,124992,2.0,sgcp-density-cap,1,ns3,899,0.5,10,12,28,,,[],[],2>11:7;19>11:1,,21,50,
2026_07_29_02_32_08,000068,13,all-cluster-heads,docs\doc_workspace\SGCP\artifacts\early_from_late_checkpoint_20260719\enable_coperception_early_from_attentive.yaml,dynamic_cv,grid,utility,utility,none,0,0,,potential_verified_cov_coalition_game,6,,9;10;13;14,13,,{},"{""13"": 13572}",0,0.0,10,40.0,60.0,10.0,125000,378304,124992,2.0,sgcp-density-cap,1,ns3,899,0.5,10,12,28,,,[],[],,,4,18,
2026_07_29_02_32_08,000068,15,all-cluster-heads,docs\doc_workspace\SGCP\artifacts\early_from_late_checkpoint_20260719\enable_coperception_early_from_attentive.yaml,dynamic_cv,grid,utility,utility,none,0,0,,potential_verified_cov_coalition_game,6,,6;15,15,,{},"{""15"": 13482}",0,0.0,10,40.0,60.0,10.0,125000,378304,124992,2.0,sgcp-density-cap,1,ns3,899,0.5,10,12,28,,,[],[],,,19,20,
2026_07_29_02_32_08,000068,16,all-cluster-heads,docs\doc_workspace\SGCP\artifacts\early_from_late_checkpoint_20260719\enable_coperception_early_from_attentive.yaml,dynamic_cv,grid,utility,utility,none,0,0,,potential_verified_cov_coalition_game,6,,5;7;16;20,16,,{},"{""16"": 13828}",0,0.0,10,40.0,60.0,10.0,125000,378304,124992,2.0,sgcp-density-cap,1,ns3,899,0.5,10,12,28,,,[],[],,,17,33,
2026_07_29_02_32_08,000068,17,all-cluster-heads,docs\doc_workspace\SGCP\artifacts\early_from_late_checkpoint_20260719\enable_coperception_early_from_attentive.yaml,dynamic_cv,grid,utility,utility,none,0,0,,potential_verified_cov_coalition_game,6,,3;17;18,17,,{},"{""17"": 14134}",0,0.0,10,40.0,60.0,10.0,125000,378304,124992,2.0,sgcp-density-cap,1,ns3,899,0.5,10,12,28,,,[],[],,,7,18,
2026_07_29_02_32_08,000070,11,all-cluster-heads,docs\doc_workspace\SGCP\artifacts\early_from_late_checkpoint_20260719\enable_coperception_early_from_attentive.yaml,dynamic_cv,grid,utility,utility,none,0,0,,potential_verified_cov_coalition_game,6,,1;2;11;19,11;2;19,2;19,"{""2"": 32, ""19"": 32}","{""2"": 1546, ""11"": 13862, ""19"": 2628}",66784,23.38598442714127,10,40.0,60.0,10.0,125000,347424,124992,2.0,sgcp-density-cap,1,ns3,899,0.5,10,12,28,,,[],[],2>11:7;19>11:0,,26,50,
2026_07_29_02_32_08,000070,12,all-cluster-heads,docs\doc_workspace\SGCP\artifacts\early_from_late_checkpoint_20260719\enable_coperception_early_from_attentive.yaml,dynamic_cv,grid,utility,utility,none,0,0,,potential_verified_cov_coalition_game,6,,4;7;8;12,12;7;8,7;8,"{""7"": 33, ""8"": 8}","{""7"": 2867, ""8"": 771, ""12"": 13891}",58208,25.51279199110122,10,40.0,60.0,10.0,125000,347424,124992,2.0,sgcp-density-cap,1,ns3,899,0.5,10,12,28,,,[],[],7>12:1;8>12:9,,29,59,
2026_07_29_02_32_08,000070,13,all-cluster-heads,docs\doc_workspace\SGCP\artifacts\early_from_late_checkpoint_20260719\enable_coperception_early_from_attentive.yaml,dynamic_cv,grid,utility,utility,none,0,0,,potential_verified_cov_coalition_game,6,,9;10;13;14,13,,{},"{""13"": 13574}",0,0.0,10,40.0,60.0,10.0,125000,347424,124992,2.0,sgcp-density-cap,1,ns3,899,0.5,10,12,28,,,[],[],,,4,18,
2026_07_29_02_32_08,000070,15,all-cluster-heads,docs\doc_workspace\SGCP\artifacts\early_from_late_checkpoint_20260719\enable_coperception_early_from_attentive.yaml,dynamic_cv,grid,utility,utility,none,0,0,,potential_verified_cov_coalition_game,6,,6;15,15,,{},"{""15"": 13489}",0,0.0,10,40.0,60.0,10.0,125000,347424,124992,2.0,sgcp-density-cap,1,ns3,899,0.5,10,12,28,,,[],[],,,18,20,
2026_07_29_02_32_08,000070,16,all-cluster-heads,docs\doc_workspace\SGCP\artifacts\early_from_late_checkpoint_20260719\enable_coperception_early_from_attentive.yaml,dynamic_cv,grid,utility,utility,none,0,0,,potential_verified_cov_coalition_game,6,,5;16;20,16,,{},"{""16"": 13833}",0,0.0,10,40.0,60.0,10.0,125000,347424,124992,2.0,sgcp-density-cap,1,ns3,899,0.5,10,12,28,,,[],[],,,16,34,
2026_07_29_02_32_08,000070,17,all-cluster-heads,docs\doc_workspace\SGCP\artifacts\early_from_late_checkpoint_20260719\enable_coperception_early_from_attentive.yaml,dynamic_cv,grid,utility,utility,none,0,0,,potential_verified_cov_coalition_game,6,,3;17;18,17,,{},"{""17"": 14129}",0,0.0,10,40.0,60.0,10.0,125000,347424,124992,2.0,sgcp-density-cap,1,ns3,899,0.5,10,12,28,,,[],[],,,9,17,
2026_07_29_02_32_08,000072,11,all-cluster-heads,docs\doc_workspace\SGCP\artifacts\early_from_late_checkpoint_20260719\enable_coperception_early_from_attentive.yaml,dynamic_cv,grid,utility,utility,none,0,0,,potential_verified_cov_coalition_game,6,,1;2;11;19,11;2;19,2;19,"{""2"": 31, ""19"": 32}","{""2"": 1542, ""11"": 13861, ""19"": 2645}",66992,23.53726362625139,10,40.0,60.0,10.0,125000,349728,124992,2.0,sgcp-density-cap,1,ns3,899,0.5,10,12,28,,,[],[],2>11:7;19>11:0,,27,51,
2026_07_29_02_32_08,000072,12,all-cluster-heads,docs\doc_workspace\SGCP\artifacts\early_from_late_checkpoint_20260719\enable_coperception_early_from_attentive.yaml,dynamic_cv,grid,utility,utility,none,0,0,,potential_verified_cov_coalition_game,6,,4;7;8;12,12;7;8,7;8,"{""7"": 33, ""8"": 7}","{""7"": 2916, ""8"": 709, ""12"": 13906}",58000,25.948832035595103,10,40.0,60.0,10.0,125000,349728,124992,2.0,sgcp-density-cap,1,ns3,899,0.5,10,12,28,,,[],[],7>12:1;8>12:8,,30,58,
2026_07_29_02_32_08,000072,13,all-cluster-heads,docs\doc_workspace\SGCP\artifacts\early_from_late_checkpoint_20260719\enable_coperception_early_from_attentive.yaml,dynamic_cv,grid,utility,utility,none,0,0,,potential_verified_cov_coalition_game,6,,9;10;13;14,13,,{},"{""13"": 13566}",0,0.0,10,40.0,60.0,10.0,125000,349728,124992,2.0,sgcp-density-cap,1,ns3,899,0.5,10,12,28,,,[],[],,,6,18,
2026_07_29_02_32_08,000072,15,all-cluster-heads,docs\doc_workspace\SGCP\artifacts\early_from_late_checkpoint_20260719\enable_coperception_early_from_attentive.yaml,dynamic_cv,grid,utility,utility,none,0,0,,potential_verified_cov_coalition_game,6,,6;15,15,,{},"{""15"": 13501}",0,0.0,10,40.0,60.0,10.0,125000,349728,124992,2.0,sgcp-density-cap,1,ns3,899,0.5,10,12,28,,,[],[],,,19,20,
2026_07_29_02_32_08,000072,16,all-cluster-heads,docs\doc_workspace\SGCP\artifacts\early_from_late_checkpoint_20260719\enable_coperception_early_from_attentive.yaml,dynamic_cv,grid,utility,utility,none,0,0,,potential_verified_cov_coalition_game,6,,5;16;20,16,,{},"{""16"": 13827}",0,0.0,10,40.0,60.0,10.0,125000,349728,124992,2.0,sgcp-density-cap,1,ns3,899,0.5,10,12,28,,,[],[],,,17,33,
2026_07_29_02_32_08,000072,17,all-cluster-heads,docs\doc_workspace\SGCP\artifacts\early_from_late_checkpoint_20260719\enable_coperception_early_from_attentive.yaml,dynamic_cv,grid,utility,utility,none,0,0,,potential_verified_cov_coalition_game,6,,3;17;18,17,,{},"{""17"": 14140}",0,0.0,10,40.0,60.0,10.0,125000,349728,124992,2.0,sgcp-density-cap,1,ns3,899,0.5,10,12,28,,,[],[],,,9,17,
2026_07_29_02_32_08,000074,4,all-cluster-heads,docs\doc_workspace\SGCP\artifacts\early_from_late_checkpoint_20260719\enable_coperception_early_from_attentive.yaml,dynamic_cv,grid,utility,utility,none,0,0,,potential_verified_cov_coalition_game,6,,4;8;12,4;8;12,8;12,"{""8"": 25, ""12"": 31}","{""4"": 13788, ""8"": 1092, ""12"": 1814}",46496,16.14238042269188,10,40.0,60.0,10.0,125000,347424,124992,2.0,sgcp-density-cap,1,ns3,899,0.5,10,12,28,,,[],[],8>4:9;12>4:0,,27,49,
2026_07_29_02_32_08,000074,11,all-cluster-heads,docs\doc_workspace\SGCP\artifacts\early_from_late_checkpoint_20260719\enable_coperception_early_from_attentive.yaml,dynamic_cv,grid,utility,utility,none,0,0,,potential_verified_cov_coalition_game,6,,1;2;11;19,11;2;19,2;19,"{""2"": 31, ""19"": 32}","{""2"": 1553, ""11"": 13860, ""19"": 2652}",67280,23.59955506117909,10,40.0,60.0,10.0,125000,347424,124992,2.0,sgcp-density-cap,1,ns3,899,0.5,10,12,28,,,[],[],2>11:7;19>11:1,,30,51,
2026_07_29_02_32_08,000074,13,all-cluster-heads,docs\doc_workspace\SGCP\artifacts\early_from_late_checkpoint_20260719\enable_coperception_early_from_attentive.yaml,dynamic_cv,grid,utility,utility,none,0,0,,potential_verified_cov_coalition_game,6,,9;10;13;14,13;10;14,10;14,"{""10"": 2, ""14"": 4}","{""10"": 22, ""13"": 13577, ""14"": 679}",11216,6.042269187986652,10,40.0,60.0,10.0,125000,347424,124992,2.0,sgcp-density-cap,1,ns3,899,0.5,10,12,28,,,[],[],10>13:6;14>13:2,,3,32,
2026_07_29_02_32_08,000074,15,all-cluster-heads,docs\doc_workspace\SGCP\artifacts\early_from_late_checkpoint_20260719\enable_coperception_early_from_attentive.yaml,dynamic_cv,grid,utility,utility,none,0,0,,potential_verified_cov_coalition_game,6,,6;15,15,,{},"{""15"": 13494}",0,0.0,10,40.0,60.0,10.0,125000,347424,124992,2.0,sgcp-density-cap,1,ns3,899,0.5,10,12,28,,,[],[],,,16,21,
2026_07_29_02_32_08,000074,16,all-cluster-heads,docs\doc_workspace\SGCP\artifacts\early_from_late_checkpoint_20260719\enable_coperception_early_from_attentive.yaml,dynamic_cv,grid,utility,utility,none,0,0,,potential_verified_cov_coalition_game,6,,5;7;16;20,16,,{},"{""16"": 13876}",0,0.0,10,40.0,60.0,10.0,125000,347424,124992,2.0,sgcp-density-cap,1,ns3,899,0.5,10,12,28,,,[],[],,,18,33,
2026_07_29_02_32_08,000074,17,all-cluster-heads,docs\doc_workspace\SGCP\artifacts\early_from_late_checkpoint_20260719\enable_coperception_early_from_attentive.yaml,dynamic_cv,grid,utility,utility,none,0,0,,potential_verified_cov_coalition_game,6,,3;17;18,17,,{},"{""17"": 14148}",0,0.0,10,40.0,60.0,10.0,125000,347424,124992,2.0,sgcp-density-cap,1,ns3,899,0.5,10,12,28,,,[],[],,,11,18,
2026_07_29_02_32_08,000076,4,all-cluster-heads,docs\doc_workspace\SGCP\artifacts\early_from_late_checkpoint_20260719\enable_coperception_early_from_attentive.yaml,dynamic_cv,grid,utility,utility,none,0,0,,potential_verified_cov_coalition_game,6,,4;8;12,4;8;12,8;12,"{""8"": 27, ""12"": 31}","{""4"": 13778, ""8"": 1152, ""12"": 1850}",48032,16.462736373748612,10,40.0,60.0,10.0,125000,348912,124992,2.0,sgcp-density-cap,1,ns3,899,0.5,10,12,28,,,[],[],8>4:9;12>4:0,,33,50,
2026_07_29_02_32_08,000076,11,all-cluster-heads,docs\doc_workspace\SGCP\artifacts\early_from_late_checkpoint_20260719\enable_coperception_early_from_attentive.yaml,dynamic_cv,grid,utility,utility,none,0,0,,potential_verified_cov_coalition_game,6,,1;2;11;19,11;2;19,2;19,"{""2"": 31, ""19"": 32}","{""2"": 1542, ""11"": 13862, ""19"": 2645}",66992,23.53726362625139,10,40.0,60.0,10.0,125000,348912,124992,2.0,sgcp-density-cap,1,ns3,899,0.5,10,12,28,,,[],[],2>11:7;19>11:1,,28,51,
2026_07_29_02_32_08,000076,13,all-cluster-heads,docs\doc_workspace\SGCP\artifacts\early_from_late_checkpoint_20260719\enable_coperception_early_from_attentive.yaml,dynamic_cv,grid,utility,utility,none,0,0,,potential_verified_cov_coalition_game,6,,9;10;13;14,13;10;14,10;14,"{""10"": 3, ""14"": 3}","{""10"": 23, ""13"": 13582, ""14"": 600}",9968,5.339265850945495,10,40.0,60.0,10.0,125000,348912,124992,2.0,sgcp-density-cap,1,ns3,899,0.5,10,12,28,,,[],[],10>13:6;14>13:2,,7,32,
2026_07_29_02_32_08,000076,15,all-cluster-heads,docs\doc_workspace\SGCP\artifacts\early_from_late_checkpoint_20260719\enable_coperception_early_from_attentive.yaml,dynamic_cv,grid,utility,utility,none,0,0,,potential_verified_cov_coalition_game,6,,6;15,15,,{},"{""15"": 13485}",0,0.0,10,40.0,60.0,10.0,125000,348912,124992,2.0,sgcp-density-cap,1,ns3,899,0.5,10,12,28,,,[],[],,,15,21,
2026_07_29_02_32_08,000076,16,all-cluster-heads,docs\doc_workspace\SGCP\artifacts\early_from_late_checkpoint_20260719\enable_coperception_early_from_attentive.yaml,dynamic_cv,grid,utility,utility,none,0,0,,potential_verified_cov_coalition_game,6,,5;7;16;20,16,,{},"{""16"": 13891}",0,0.0,10,40.0,60.0,10.0,125000,348912,124992,2.0,sgcp-density-cap,1,ns3,899,0.5,10,12,28,,,[],[],,,21,32,
2026_07_29_02_32_08,000076,17,all-cluster-heads,docs\doc_workspace\SGCP\artifacts\early_from_late_checkpoint_20260719\enable_coperception_early_from_attentive.yaml,dynamic_cv,grid,utility,utility,none,0,0,,potential_verified_cov_coalition_game,6,,3;17;18,17,,{},"{""17"": 14123}",0,0.0,10,40.0,60.0,10.0,125000,348912,124992,2.0,sgcp-density-cap,1,ns3,899,0.5,10,12,28,,,[],[],,,11,19,
2026_07_29_02_32_08,000078,4,all-cluster-heads,docs\doc_workspace\SGCP\artifacts\early_from_late_checkpoint_20260719\enable_coperception_early_from_attentive.yaml,dynamic_cv,grid,utility,utility,none,0,0,,potential_verified_cov_coalition_game,6,,4;8;12,4;8;12,8;12,"{""8"": 24, ""12"": 32}","{""4"": 13750, ""8"": 1001, ""12"": 1956}",47312,17.406006674082313,10,40.0,60.0,10.0,125000,350304,124992,2.0,sgcp-density-cap,1,ns3,899,0.5,10,12,28,,,[],[],8>4:9;12>4:0,,29,50,
2026_07_29_02_32_08,000078,11,all-cluster-heads,docs\doc_workspace\SGCP\artifacts\early_from_late_checkpoint_20260719\enable_coperception_early_from_attentive.yaml,dynamic_cv,grid,utility,utility,none,0,0,,potential_verified_cov_coalition_game,6,,1;2;11;19,11;2;19,2;19,"{""2"": 33, ""19"": 32}","{""2"": 1552, ""11"": 13862, ""19"": 2635}",66992,23.448275862068964,10,40.0,60.0,10.0,125000,350304,124992,2.0,sgcp-density-cap,1,ns3,899,0.5,10,12,28,,,[],[],2>11:7;19>11:1,,29,51,
2026_07_29_02_32_08,000078,13,all-cluster-heads,docs\doc_workspace\SGCP\artifacts\early_from_late_checkpoint_20260719\enable_coperception_early_from_attentive.yaml,dynamic_cv,grid,utility,utility,none,0,0,,potential_verified_cov_coalition_game,6,,9;10;13;14,13;10;14,10;14,"{""10"": 2, ""14"": 4}","{""10"": 4, ""13"": 13583, ""14"": 664}",10688,5.908787541713014,10,40.0,60.0,10.0,125000,350304,124992,2.0,sgcp-density-cap,1,ns3,899,0.5,10,12,28,,,[],[],10>13:6;14>13:2,,5,33,
2026_07_29_02_32_08,000078,15,all-cluster-heads,docs\doc_workspace\SGCP\artifacts\early_from_late_checkpoint_20260719\enable_coperception_early_from_attentive.yaml,dynamic_cv,grid,utility,utility,none,0,0,,potential_verified_cov_coalition_game,6,,6;15,15,,{},"{""15"": 13505}",0,0.0,10,40.0,60.0,10.0,125000,350304,124992,2.0,sgcp-density-cap,1,ns3,899,0.5,10,12,28,,,[],[],,,16,21,
2026_07_29_02_32_08,000078,16,all-cluster-heads,docs\doc_workspace\SGCP\artifacts\early_from_late_checkpoint_20260719\enable_coperception_early_from_attentive.yaml,dynamic_cv,grid,utility,utility,none,0,0,,potential_verified_cov_coalition_game,6,,5;7;16;20,16,,{},"{""16"": 13902}",0,0.0,10,40.0,60.0,10.0,125000,350304,124992,2.0,sgcp-density-cap,1,ns3,899,0.5,10,12,28,,,[],[],,,20,31,
2026_07_29_02_32_08,000078,17,all-cluster-heads,docs\doc_workspace\SGCP\artifacts\early_from_late_checkpoint_20260719\enable_coperception_early_from_attentive.yaml,dynamic_cv,grid,utility,utility,none,0,0,,potential_verified_cov_coalition_game,6,,3;17;18,17,,{},"{""17"": 14122}",0,0.0,10,40.0,60.0,10.0,125000,350304,124992,2.0,sgcp-density-cap,1,ns3,899,0.5,10,12,28,,,[],[],,,10,19,
2026_07_29_02_32_08,000080,11,all-cluster-heads,docs\doc_workspace\SGCP\artifacts\early_from_late_checkpoint_20260719\enable_coperception_early_from_attentive.yaml,dynamic_cv,grid,utility,utility,none,0,0,,potential_verified_cov_coalition_game,6,,1;2;11;19,11;2;19,2;19,"{""2"": 33, ""19"": 32}","{""2"": 1577, ""11"": 13866, ""19"": 2626}",67248,23.368186874304783,10,40.0,60.0,10.0,125000,359472,124992,2.0,sgcp-density-cap,1,ns3,899,0.5,10,12,28,,,[],[],2>11:7;19>11:0,,25,50,
2026_07_29_02_32_08,000080,12,all-cluster-heads,docs\doc_workspace\SGCP\artifacts\early_from_late_checkpoint_20260719\enable_coperception_early_from_attentive.yaml,dynamic_cv,grid,utility,utility,none,0,0,,potential_verified_cov_coalition_game,6,,4;7;8;12,12;7;8,7;8,"{""7"": 33, ""8"": 4}","{""7"": 3033, ""8"": 576, ""12"": 13953}",57744,26.989988876529477,10,40.0,60.0,10.0,125000,359472,124992,2.0,sgcp-density-cap,1,ns3,899,0.5,10,12,28,,,[],[],7>12:1;8>12:9,,30,57,
2026_07_29_02_32_08,000080,13,all-cluster-heads,docs\doc_workspace\SGCP\artifacts\early_from_late_checkpoint_20260719\enable_coperception_early_from_attentive.yaml,dynamic_cv,grid,utility,utility,none,0,0,,potential_verified_cov_coalition_game,6,,9;10;13;14,13,,{},"{""13"": 13628}",0,0.0,10,40.0,60.0,10.0,125000,359472,124992,2.0,sgcp-density-cap,1,ns3,899,0.5,10,12,28,,,[],[],,,4,18,
2026_07_29_02_32_08,000080,15,all-cluster-heads,docs\doc_workspace\SGCP\artifacts\early_from_late_checkpoint_20260719\enable_coperception_early_from_attentive.yaml,dynamic_cv,grid,utility,utility,none,0,0,,potential_verified_cov_coalition_game,6,,6;15,15,,{},"{""15"": 13527}",0,0.0,10,40.0,60.0,10.0,125000,359472,124992,2.0,sgcp-density-cap,1,ns3,899,0.5,10,12,28,,,[],[],,,14,21,
2026_07_29_02_32_08,000080,16,all-cluster-heads,docs\doc_workspace\SGCP\artifacts\early_from_late_checkpoint_20260719\enable_coperception_early_from_attentive.yaml,dynamic_cv,grid,utility,utility,none,0,0,,potential_verified_cov_coalition_game,6,,5;16;20,16,,{},"{""16"": 13918}",0,0.0,10,40.0,60.0,10.0,125000,359472,124992,2.0,sgcp-density-cap,1,ns3,899,0.5,10,12,28,,,[],[],,,15,32,
2026_07_29_02_32_08,000080,17,all-cluster-heads,docs\doc_workspace\SGCP\artifacts\early_from_late_checkpoint_20260719\enable_coperception_early_from_attentive.yaml,dynamic_cv,grid,utility,utility,none,0,0,,potential_verified_cov_coalition_game,6,,3;17;18,17,,{},"{""17"": 14129}",0,0.0,10,40.0,60.0,10.0,125000,359472,124992,2.0,sgcp-density-cap,1,ns3,899,0.5,10,12,28,,,[],[],,,10,20,
2026_07_29_02_32_08,000082,1,all-cluster-heads,docs\doc_workspace\SGCP\artifacts\early_from_late_checkpoint_20260719\enable_coperception_early_from_attentive.yaml,dynamic_cv,grid,utility,utility,none,0,0,,potential_verified_cov_coalition_game,7,,1;2;8;11,1;2,2,"{""2"": 33}","{""1"": 13971, ""2"": 2291}",36656,20.38709677419355,10,40.0,60.0,10.0,125000,356560,124992,2.0,sgcp-density-cap,1,ns3,899,0.5,10,12,28,,,[],[],2>1:0,,29,46,
2026_07_29_02_32_08,000082,10,all-cluster-heads,docs\doc_workspace\SGCP\artifacts\early_from_late_checkpoint_20260719\enable_coperception_early_from_attentive.yaml,dynamic_cv,grid,utility,utility,none,0,0,,potential_verified_cov_coalition_game,7,,9;10,10;9,9,"{""9"": 33}","{""9"": 1160, ""10"": 13992}",18560,10.32258064516129,10,40.0,60.0,10.0,125000,356560,124992,2.0,sgcp-density-cap,1,ns3,899,0.5,10,12,28,,,[],[],9>10:1,,22,38,
2026_07_29_02_32_08,000082,12,all-cluster-heads,docs\doc_workspace\SGCP\artifacts\early_from_late_checkpoint_20260719\enable_coperception_early_from_attentive.yaml,dynamic_cv,grid,utility,utility,none,0,0,,potential_verified_cov_coalition_game,7,,4;7;12,12;4;7,4;7,"{""4"": 33, ""7"": 27}","{""4"": 1478, ""7"": 2595, ""12"": 13970}",65168,23.092324805339263,10,40.0,60.0,10.0,125000,356560,124992,2.0,sgcp-density-cap,1,ns3,899,0.5,10,12,28,,,[],[],4>12:9;7>12:2,,30,50,
2026_07_29_02_32_08,000082,13,all-cluster-heads,docs\doc_workspace\SGCP\artifacts\early_from_late_checkpoint_20260719\enable_coperception_early_from_attentive.yaml,dynamic_cv,grid,utility,utility,none,0,0,,potential_verified_cov_coalition_game,7,,13;14;19,13;14,14,"{""14"": 2}","{""13"": 13604, ""14"": 286}",4576,2.5450500556173528,10,40.0,60.0,10.0,125000,356560,124992,2.0,sgcp-density-cap,1,ns3,899,0.5,10,12,28,,,[],[],14>13:3,,5,18,
2026_07_29_02_32_08,000082,15,all-cluster-heads,docs\doc_workspace\SGCP\artifacts\early_from_late_checkpoint_20260719\enable_coperception_early_from_attentive.yaml,dynamic_cv,grid,utility,utility,none,0,0,,potential_verified_cov_coalition_game,7,,6;15,15,,{},"{""15"": 13530}",0,0.0,10,40.0,60.0,10.0,125000,356560,124992,2.0,sgcp-density-cap,1,ns3,899,0.5,10,12,28,,,[],[],,,17,22,
2026_07_29_02_32_08,000082,17,all-cluster-heads,docs\doc_workspace\SGCP\artifacts\early_from_late_checkpoint_20260719\enable_coperception_early_from_attentive.yaml,dynamic_cv,grid,utility,utility,none,0,0,,potential_verified_cov_coalition_game,7,,3;16;17;18,17;16,16,"{""16"": 1}","{""16"": 2, ""17"": 14138}",32,0.017797552836484983,10,40.0,60.0,10.0,125000,356560,124992,2.0,sgcp-density-cap,1,ns3,899,0.5,10,12,28,,,[],[],16>17:7,,10,33,
2026_07_29_02_32_08,000082,20,all-cluster-heads,docs\doc_workspace\SGCP\artifacts\early_from_late_checkpoint_20260719\enable_coperception_early_from_attentive.yaml,dynamic_cv,grid,utility,utility,none,0,0,,potential_verified_cov_coalition_game,7,,5;20,20,,{},"{""20"": 13917}",0,0.0,10,40.0,60.0,10.0,125000,356560,124992,2.0,sgcp-density-cap,1,ns3,899,0.5,10,12,28,,,[],[],,,21,32,
2026_07_29_02_32_08,000084,1,all-cluster-heads,docs\doc_workspace\SGCP\artifacts\early_from_late_checkpoint_20260719\enable_coperception_early_from_attentive.yaml,dynamic_cv,grid,utility,utility,none,0,0,,potential_verified_cov_coalition_game,7,,1;2;8;11,1;2,2,"{""2"": 33}","{""1"": 13971, ""2"": 2272}",36352,20.21802002224694,10,40.0,60.0,10.0,125000,356432,124992,2.0,sgcp-density-cap,1,ns3,899,0.5,10,12,28,,,[],[],2>1:0,,29,44,
2026_07_29_02_32_08,000084,10,all-cluster-heads,docs\doc_workspace\SGCP\artifacts\early_from_late_checkpoint_20260719\enable_coperception_early_from_attentive.yaml,dynamic_cv,grid,utility,utility,none,0,0,,potential_verified_cov_coalition_game,7,,9;10,10;9,9,"{""9"": 33}","{""9"": 1158, ""10"": 13992}",18528,10.304783092324806,10,40.0,60.0,10.0,125000,356432,124992,2.0,sgcp-density-cap,1,ns3,899,0.5,10,12,28,,,[],[],9>10:1,,23,37,
2026_07_29_02_32_08,000084,12,all-cluster-heads,docs\doc_workspace\SGCP\artifacts\early_from_late_checkpoint_20260719\enable_coperception_early_from_attentive.yaml,dynamic_cv,grid,utility,utility,none,0,0,,potential_verified_cov_coalition_game,7,,4;7;12,12;4;7,4;7,"{""4"": 33, ""7"": 27}","{""4"": 1494, ""7"": 2586, ""12"": 14013}",65280,23.012235817575082,10,40.0,60.0,10.0,125000,356432,124992,2.0,sgcp-density-cap,1,ns3,899,0.5,10,12,28,,,[],[],4>12:9;7>12:2,,29,49,
2026_07_29_02_32_08,000084,13,all-cluster-heads,docs\doc_workspace\SGCP\artifacts\early_from_late_checkpoint_20260719\enable_coperception_early_from_attentive.yaml,dynamic_cv,grid,utility,utility,none,0,0,,potential_verified_cov_coalition_game,7,,13;14;19,13;14,14,"{""14"": 2}","{""13"": 13586, ""14"": 300}",4800,2.6696329254727473,10,40.0,60.0,10.0,125000,356432,124992,2.0,sgcp-density-cap,1,ns3,899,0.5,10,12,28,,,[],[],14>13:3,,5,17,
2026_07_29_02_32_08,000084,15,all-cluster-heads,docs\doc_workspace\SGCP\artifacts\early_from_late_checkpoint_20260719\enable_coperception_early_from_attentive.yaml,dynamic_cv,grid,utility,utility,none,0,0,,potential_verified_cov_coalition_game,7,,6;15,15,,{},"{""15"": 13532}",0,0.0,10,40.0,60.0,10.0,125000,356432,124992,2.0,sgcp-density-cap,1,ns3,899,0.5,10,12,28,,,[],[],,,16,22,
2026_07_29_02_32_08,000084,17,all-cluster-heads,docs\doc_workspace\SGCP\artifacts\early_from_late_checkpoint_20260719\enable_coperception_early_from_attentive.yaml,dynamic_cv,grid,utility,utility,none,0,0,,potential_verified_cov_coalition_game,7,,3;16;17;18,17;16,16,"{""16"": 1}","{""16"": 2, ""17"": 14146}",32,0.017797552836484983,10,40.0,60.0,10.0,125000,356432,124992,2.0,sgcp-density-cap,1,ns3,899,0.5,10,12,28,,,[],[],16>17:7,,12,32,
2026_07_29_02_32_08,000084,20,all-cluster-heads,docs\doc_workspace\SGCP\artifacts\early_from_late_checkpoint_20260719\enable_coperception_early_from_attentive.yaml,dynamic_cv,grid,utility,utility,none,0,0,,potential_verified_cov_coalition_game,7,,5;20,20,,{},"{""20"": 13917}",0,0.0,10,40.0,60.0,10.0,125000,356432,124992,2.0,sgcp-density-cap,1,ns3,899,0.5,10,12,28,,,[],[],,,21,32,
2026_07_29_02_32_08,000086,1,all-cluster-heads,docs\doc_workspace\SGCP\artifacts\early_from_late_checkpoint_20260719\enable_coperception_early_from_attentive.yaml,dynamic_cv,grid,utility,utility,none,0,0,,potential_verified_cov_coalition_game,7,,1;2;8;11,1;2,2,"{""2"": 33}","{""1"": 13972, ""2"": 2276}",36416,20.25361512791991,10,40.0,60.0,10.0,125000,355824,124976,2.0,sgcp-density-cap,1,ns3,899,0.5,10,12,28,,,[],[],2>1:0,,30,45,
2026_07_29_02_32_08,000086,10,all-cluster-heads,docs\doc_workspace\SGCP\artifacts\early_from_late_checkpoint_20260719\enable_coperception_early_from_attentive.yaml,dynamic_cv,grid,utility,utility,none,0,0,,potential_verified_cov_coalition_game,7,,9;10,10;9,9,"{""9"": 33}","{""9"": 1153, ""10"": 14000}",18448,10.260289210233593,10,40.0,60.0,10.0,125000,355824,124976,2.0,sgcp-density-cap,1,ns3,899,0.5,10,12,28,,,[],[],9>10:1,,22,39,
2026_07_29_02_32_08,000086,12,all-cluster-heads,docs\doc_workspace\SGCP\artifacts\early_from_late_checkpoint_20260719\enable_coperception_early_from_attentive.yaml,dynamic_cv,grid,utility,utility,none,0,0,,potential_verified_cov_coalition_game,7,,4;7;12,12;4;7,4;7,"{""4"": 33, ""7"": 27}","{""4"": 1481, ""7"": 2563, ""12"": 14037}",64704,22.807563959955505,10,40.0,60.0,10.0,125000,355824,124976,2.0,sgcp-density-cap,1,ns3,899,0.5,10,12,28,,,[],[],4>12:9;7>12:2,,28,50,
2026_07_29_02_32_08,000086,13,all-cluster-heads,docs\doc_workspace\SGCP\artifacts\early_from_late_checkpoint_20260719\enable_coperception_early_from_attentive.yaml,dynamic_cv,grid,utility,utility,none,0,0,,potential_verified_cov_coalition_game,7,,13;14;19,13;14,14,"{""14"": 2}","{""13"": 13599, ""14"": 331}",5296,2.9454949944382647,10,40.0,60.0,10.0,125000,355824,124976,2.0,sgcp-density-cap,1,ns3,899,0.5,10,12,28,,,[],[],14>13:3,,3,15,
2026_07_29_02_32_08,000086,15,all-cluster-heads,docs\doc_workspace\SGCP\artifacts\early_from_late_checkpoint_20260719\enable_coperception_early_from_attentive.yaml,dynamic_cv,grid,utility,utility,none,0,0,,potential_verified_cov_coalition_game,7,,6;15,15,,{},"{""15"": 13534}",0,0.0,10,40.0,60.0,10.0,125000,355824,124976,2.0,sgcp-density-cap,1,ns3,899,0.5,10,12,28,,,[],[],,,15,23,
2026_07_29_02_32_08,000086,17,all-cluster-heads,docs\doc_workspace\SGCP\artifacts\early_from_late_checkpoint_20260719\enable_coperception_early_from_attentive.yaml,dynamic_cv,grid,utility,utility,none,0,0,,potential_verified_cov_coalition_game,7,,3;16;17;18,17;16,16,"{""16"": 2}","{""16"": 7, ""17"": 14140}",112,0.062291434927697446,10,40.0,60.0,10.0,125000,355824,124976,2.0,sgcp-density-cap,1,ns3,899,0.5,10,12,28,,,[],[],16>17:7,,10,31,
2026_07_29_02_32_08,000086,20,all-cluster-heads,docs\doc_workspace\SGCP\artifacts\early_from_late_checkpoint_20260719\enable_coperception_early_from_attentive.yaml,dynamic_cv,grid,utility,utility,none,0,0,,potential_verified_cov_coalition_game,7,,5;20,20,,{},"{""20"": 13917}",0,0.0,10,40.0,60.0,10.0,125000,355824,124976,2.0,sgcp-density-cap,1,ns3,899,0.5,10,12,28,,,[],[],,,23,32,
2026_07_29_02_32_08,000088,1,all-cluster-heads,docs\doc_workspace\SGCP\artifacts\early_from_late_checkpoint_20260719\enable_coperception_early_from_attentive.yaml,dynamic_cv,grid,utility,utility,none,0,0,,potential_verified_cov_coalition_game,7,,1;2;8;11,1;2,2,"{""2"": 33}","{""1"": 13967, ""2"": 2293}",36688,20.404894327030036,10,40.0,60.0,10.0,125000,355760,124992,2.0,sgcp-density-cap,1,ns3,899,0.5,10,12,28,,,[],[],2>1:0,,27,45,
2026_07_29_02_32_08,000088,10,all-cluster-heads,docs\doc_workspace\SGCP\artifacts\early_from_late_checkpoint_20260719\enable_coperception_early_from_attentive.yaml,dynamic_cv,grid,utility,utility,none,0,0,,potential_verified_cov_coalition_game,7,,9;10,10;9,9,"{""9"": 33}","{""9"": 1168, ""10"": 13995}",18688,10.39377085650723,10,40.0,60.0,10.0,125000,355760,124992,2.0,sgcp-density-cap,1,ns3,899,0.5,10,12,28,,,[],[],9>10:1,,23,39,
2026_07_29_02_32_08,000088,12,all-cluster-heads,docs\doc_workspace\SGCP\artifacts\early_from_late_checkpoint_20260719\enable_coperception_early_from_attentive.yaml,dynamic_cv,grid,utility,utility,none,0,0,,potential_verified_cov_coalition_game,7,,4;7;12,12;4;7,4;7,"{""4"": 33, ""7"": 28}","{""4"": 1412, ""7"": 2625, ""12"": 14084}",64592,23.35928809788654,10,40.0,60.0,10.0,125000,355760,124992,2.0,sgcp-density-cap,1,ns3,899,0.5,10,12,28,,,[],[],4>12:9;7>12:2,,28,50,
2026_07_29_02_32_08,000088,13,all-cluster-heads,docs\doc_workspace\SGCP\artifacts\early_from_late_checkpoint_20260719\enable_coperception_early_from_attentive.yaml,dynamic_cv,grid,utility,utility,none,0,0,,potential_verified_cov_coalition_game,7,,13;14;19,13;14;19,14;19,"{""14"": 2, ""19"": 1}","{""13"": 13598, ""14"": 287, ""19"": 22}",4944,2.553948832035595,10,40.0,60.0,10.0,125000,355760,124992,2.0,sgcp-density-cap,1,ns3,899,0.5,10,12,28,,,[],[],14>13:3;19>13:8,,3,27,
2026_07_29_02_32_08,000088,15,all-cluster-heads,docs\doc_workspace\SGCP\artifacts\early_from_late_checkpoint_20260719\enable_coperception_early_from_attentive.yaml,dynamic_cv,grid,utility,utility,none,0,0,,potential_verified_cov_coalition_game,7,,6;15,15,,{},"{""15"": 13521}",0,0.0,10,40.0,60.0,10.0,125000,355760,124992,2.0,sgcp-density-cap,1,ns3,899,0.5,10,12,28,,,[],[],,,15,23,
2026_07_29_02_32_08,000088,17,all-cluster-heads,docs\doc_workspace\SGCP\artifacts\early_from_late_checkpoint_20260719\enable_coperception_early_from_attentive.yaml,dynamic_cv,grid,utility,utility,none,0,0,,potential_verified_cov_coalition_game,7,,3;16;17;18,17;16,16,"{""16"": 2}","{""16"": 5, ""17"": 14155}",80,0.04449388209121246,10,40.0,60.0,10.0,125000,355760,124992,2.0,sgcp-density-cap,1,ns3,899,0.5,10,12,28,,,[],[],16>17:7,,10,30,
2026_07_29_02_32_08,000088,20,all-cluster-heads,docs\doc_workspace\SGCP\artifacts\early_from_late_checkpoint_20260719\enable_coperception_early_from_attentive.yaml,dynamic_cv,grid,utility,utility,none,0,0,,potential_verified_cov_coalition_game,7,,5;20,20,,{},"{""20"": 13915}",0,0.0,10,40.0,60.0,10.0,125000,355760,124992,2.0,sgcp-density-cap,1,ns3,899,0.5,10,12,28,,,[],[],,,23,32,
2026_07_29_02_32_08,000090,1,all-cluster-heads,docs\doc_workspace\SGCP\artifacts\early_from_late_checkpoint_20260719\enable_coperception_early_from_attentive.yaml,dynamic_cv,grid,utility,utility,none,0,0,,potential_verified_cov_coalition_game,7,,1;2;8;11,1;2,2,"{""2"": 33}","{""1"": 13964, ""2"": 2283}",36528,20.31590656284761,10,40.0,60.0,10.0,125000,354656,124992,2.0,sgcp-density-cap,1,ns3,899,0.5,10,12,28,,,[],[],2>1:0,,28,45,
2026_07_29_02_32_08,000090,10,all-cluster-heads,docs\doc_workspace\SGCP\artifacts\early_from_late_checkpoint_20260719\enable_coperception_early_from_attentive.yaml,dynamic_cv,grid,utility,utility,none,0,0,,potential_verified_cov_coalition_game,7,,9;10,10;9,9,"{""9"": 33}","{""9"": 1190, ""10"": 13989}",19040,10.589543937708566,10,40.0,60.0,10.0,125000,354656,124992,2.0,sgcp-density-cap,1,ns3,899,0.5,10,12,28,,,[],[],9>10:1,,24,39,
2026_07_29_02_32_08,000090,12,all-cluster-heads,docs\doc_workspace\SGCP\artifacts\early_from_late_checkpoint_20260719\enable_coperception_early_from_attentive.yaml,dynamic_cv,grid,utility,utility,none,0,0,,potential_verified_cov_coalition_game,7,,4;7;12,12;4;7,4;7,"{""4"": 33, ""7"": 28}","{""4"": 1434, ""7"": 2609, ""12"": 14081}",64688,23.21690767519466,10,40.0,60.0,10.0,125000,354656,124992,2.0,sgcp-density-cap,1,ns3,899,0.5,10,12,28,,,[],[],4>12:9;7>12:2,,24,50,
2026_07_29_02_32_08,000090,13,all-cluster-heads,docs\doc_workspace\SGCP\artifacts\early_from_late_checkpoint_20260719\enable_coperception_early_from_attentive.yaml,dynamic_cv,grid,utility,utility,none,0,0,,potential_verified_cov_coalition_game,7,,13;14;19,13;14,14,"{""14"": 2}","{""13"": 13587, ""14"": 292}",4672,2.5984427141268074,10,40.0,60.0,10.0,125000,354656,124992,2.0,sgcp-density-cap,1,ns3,899,0.5,10,12,28,,,[],[],14>13:3,,3,15,
2026_07_29_02_32_08,000090,15,all-cluster-heads,docs\doc_workspace\SGCP\artifacts\early_from_late_checkpoint_20260719\enable_coperception_early_from_attentive.yaml,dynamic_cv,grid,utility,utility,none,0,0,,potential_verified_cov_coalition_game,7,,6;15,15,,{},"{""15"": 13534}",0,0.0,10,40.0,60.0,10.0,125000,354656,124992,2.0,sgcp-density-cap,1,ns3,899,0.5,10,12,28,,,[],[],,,16,22,
2026_07_29_02_32_08,000090,17,all-cluster-heads,docs\doc_workspace\SGCP\artifacts\early_from_late_checkpoint_20260719\enable_coperception_early_from_attentive.yaml,dynamic_cv,grid,utility,utility,none,0,0,,potential_verified_cov_coalition_game,7,,3;16;17;18,17;16,16,"{""16"": 2}","{""16"": 4, ""17"": 14164}",64,0.035595105672969966,10,40.0,60.0,10.0,125000,354656,124992,2.0,sgcp-density-cap,1,ns3,899,0.5,10,12,28,,,[],[],16>17:7,,11,31,
2026_07_29_02_32_08,000090,20,all-cluster-heads,docs\doc_workspace\SGCP\artifacts\early_from_late_checkpoint_20260719\enable_coperception_early_from_attentive.yaml,dynamic_cv,grid,utility,utility,none,0,0,,potential_verified_cov_coalition_game,7,,5;20,20,,{},"{""20"": 13914}",0,0.0,10,40.0,60.0,10.0,125000,354656,124992,2.0,sgcp-density-cap,1,ns3,899,0.5,10,12,28,,,[],[],,,20,32,
2026_07_29_02_32_08,000092,1,all-cluster-heads,docs\doc_workspace\SGCP\artifacts\early_from_late_checkpoint_20260719\enable_coperception_early_from_attentive.yaml,dynamic_cv,grid,utility,utility,none,0,0,,potential_verified_cov_coalition_game,7,,1;2;8;11,1;11,11,"{""11"": 33}","{""1"": 13964, ""11"": 2268}",36288,20.18242491657397,10,40.0,60.0,10.0,125000,352864,124976,2.0,sgcp-density-cap,1,ns3,899,0.5,10,12,28,,,[],[],11>1:0,,25,47,
2026_07_29_02_32_08,000092,10,all-cluster-heads,docs\doc_workspace\SGCP\artifacts\early_from_late_checkpoint_20260719\enable_coperception_early_from_attentive.yaml,dynamic_cv,grid,utility,utility,none,0,0,,potential_verified_cov_coalition_game,7,,9;10,10;9,9,"{""9"": 33}","{""9"": 1188, ""10"": 13986}",19008,10.57174638487208,10,40.0,60.0,10.0,125000,352864,124976,2.0,sgcp-density-cap,1,ns3,899,0.5,10,12,28,,,[],[],9>10:1,,21,39,
2026_07_29_02_32_08,000092,12,all-cluster-heads,docs\doc_workspace\SGCP\artifacts\early_from_late_checkpoint_20260719\enable_coperception_early_from_attentive.yaml,dynamic_cv,grid,utility,utility,none,0,0,,potential_verified_cov_coalition_game,7,,4;7;12,12;4;7,4;7,"{""4"": 33, ""7"": 28}","{""4"": 1438, ""7"": 2608, ""12"": 14115}",64736,23.208008898776416,10,40.0,60.0,10.0,125000,352864,124976,2.0,sgcp-density-cap,1,ns3,899,0.5,10,12,28,,,[],[],4>12:9;7>12:2,,23,50,
2026_07_29_02_32_08,000092,13,all-cluster-heads,docs\doc_workspace\SGCP\artifacts\early_from_late_checkpoint_20260719\enable_coperception_early_from_attentive.yaml,dynamic_cv,grid,utility,utility,none,0,0,,potential_verified_cov_coalition_game,7,,13;14;19,13;14,14,"{""14"": 2}","{""13"": 13577, ""14"": 304}",4864,2.7052280311457175,10,40.0,60.0,10.0,125000,352864,124976,2.0,sgcp-density-cap,1,ns3,899,0.5,10,12,28,,,[],[],14>13:3,,4,14,
2026_07_29_02_32_08,000092,15,all-cluster-heads,docs\doc_workspace\SGCP\artifacts\early_from_late_checkpoint_20260719\enable_coperception_early_from_attentive.yaml,dynamic_cv,grid,utility,utility,none,0,0,,potential_verified_cov_coalition_game,7,,6;15,15,,{},"{""15"": 13570}",0,0.0,10,40.0,60.0,10.0,125000,352864,124976,2.0,sgcp-density-cap,1,ns3,899,0.5,10,12,28,,,[],[],,,17,22,
2026_07_29_02_32_08,000092,17,all-cluster-heads,docs\doc_workspace\SGCP\artifacts\early_from_late_checkpoint_20260719\enable_coperception_early_from_attentive.yaml,dynamic_cv,grid,utility,utility,none,0,0,,potential_verified_cov_coalition_game,7,,3;16;17;18,17;16,16,"{""16"": 1}","{""16"": 5, ""17"": 14182}",80,0.04449388209121246,10,40.0,60.0,10.0,125000,352864,124976,2.0,sgcp-density-cap,1,ns3,899,0.5,10,12,28,,,[],[],16>17:7,,13,30,
2026_07_29_02_32_08,000092,20,all-cluster-heads,docs\doc_workspace\SGCP\artifacts\early_from_late_checkpoint_20260719\enable_coperception_early_from_attentive.yaml,dynamic_cv,grid,utility,utility,none,0,0,,potential_verified_cov_coalition_game,7,,5;20,20,,{},"{""20"": 13912}",0,0.0,10,40.0,60.0,10.0,125000,352864,124976,2.0,sgcp-density-cap,1,ns3,899,0.5,10,12,28,,,[],[],,,23,33,
2026_07_29_02_32_08,000094,1,all-cluster-heads,docs\doc_workspace\SGCP\artifacts\early_from_late_checkpoint_20260719\enable_coperception_early_from_attentive.yaml,dynamic_cv,grid,utility,utility,none,0,0,,potential_verified_cov_coalition_game,7,,1;2;8;11,1;11,11,"{""11"": 33}","{""1"": 13962, ""11"": 2271}",36336,20.209121245828698,10,40.0,60.0,10.0,125000,354608,124992,2.0,sgcp-density-cap,1,ns3,899,0.5,10,12,28,,,[],[],11>1:0,,29,47,
2026_07_29_02_32_08,000094,10,all-cluster-heads,docs\doc_workspace\SGCP\artifacts\early_from_late_checkpoint_20260719\enable_coperception_early_from_attentive.yaml,dynamic_cv,grid,utility,utility,none,0,0,,potential_verified_cov_coalition_game,7,,9;10,10;9,9,"{""9"": 33}","{""9"": 1189, ""10"": 13987}",19024,10.580645161290322,10,40.0,60.0,10.0,125000,354608,124992,2.0,sgcp-density-cap,1,ns3,899,0.5,10,12,28,,,[],[],9>10:1,,23,40,
2026_07_29_02_32_08,000094,12,all-cluster-heads,docs\doc_workspace\SGCP\artifacts\early_from_late_checkpoint_20260719\enable_coperception_early_from_attentive.yaml,dynamic_cv,grid,utility,utility,none,0,0,,potential_verified_cov_coalition_game,7,,4;7;12,12;4;7,4;7,"{""4"": 33, ""7"": 28}","{""4"": 1426, ""7"": 2601, ""12"": 14132}",64432,23.14571746384872,10,40.0,60.0,10.0,125000,354608,124992,2.0,sgcp-density-cap,1,ns3,899,0.5,10,12,28,,,[],[],4>12:9;7>12:2,,26,49,
2026_07_29_02_32_08,000094,13,all-cluster-heads,docs\doc_workspace\SGCP\artifacts\early_from_late_checkpoint_20260719\enable_coperception_early_from_attentive.yaml,dynamic_cv,grid,utility,utility,none,0,0,,potential_verified_cov_coalition_game,7,,13;14;19,13;14,14,"{""14"": 2}","{""13"": 13577, ""14"": 325}",5200,2.8921023359288096,10,40.0,60.0,10.0,125000,354608,124992,2.0,sgcp-density-cap,1,ns3,899,0.5,10,12,28,,,[],[],14>13:3,,3,14,
2026_07_29_02_32_08,000094,15,all-cluster-heads,docs\doc_workspace\SGCP\artifacts\early_from_late_checkpoint_20260719\enable_coperception_early_from_attentive.yaml,dynamic_cv,grid,utility,utility,none,0,0,,potential_verified_cov_coalition_game,7,,6;15,15,,{},"{""15"": 13568}",0,0.0,10,40.0,60.0,10.0,125000,354608,124992,2.0,sgcp-density-cap,1,ns3,899,0.5,10,12,28,,,[],[],,,17,24,
2026_07_29_02_32_08,000094,17,all-cluster-heads,docs\doc_workspace\SGCP\artifacts\early_from_late_checkpoint_20260719\enable_coperception_early_from_attentive.yaml,dynamic_cv,grid,utility,utility,none,0,0,,potential_verified_cov_coalition_game,7,,3;16;17;18,17,,{},"{""17"": 14181}",0,0.0,10,40.0,60.0,10.0,125000,354608,124992,2.0,sgcp-density-cap,1,ns3,899,0.5,10,12,28,,,[],[],,,12,20,
2026_07_29_02_32_08,000094,20,all-cluster-heads,docs\doc_workspace\SGCP\artifacts\early_from_late_checkpoint_20260719\enable_coperception_early_from_attentive.yaml,dynamic_cv,grid,utility,utility,none,0,0,,potential_verified_cov_coalition_game,7,,5;20,20,,{},"{""20"": 13905}",0,0.0,10,40.0,60.0,10.0,125000,354608,124992,2.0,sgcp-density-cap,1,ns3,899,0.5,10,12,28,,,[],[],,,22,33,
2026_07_29_02_32_08,000096,1,all-cluster-heads,docs\doc_workspace\SGCP\artifacts\early_from_late_checkpoint_20260719\enable_coperception_early_from_attentive.yaml,dynamic_cv,grid,utility,utility,none,0,0,,potential_verified_cov_coalition_game,7,,1;2;8;11,1;11,11,"{""11"": 33}","{""1"": 13962, ""11"": 2274}",36384,20.235817575083423,10,40.0,60.0,10.0,125000,355760,124992,2.0,sgcp-density-cap,1,ns3,899,0.5,10,12,28,,,[],[],11>1:0,,27,47,
2026_07_29_02_32_08,000096,10,all-cluster-heads,docs\doc_workspace\SGCP\artifacts\early_from_late_checkpoint_20260719\enable_coperception_early_from_attentive.yaml,dynamic_cv,grid,utility,utility,none,0,0,,potential_verified_cov_coalition_game,7,,9;10,10;9,9,"{""9"": 33}","{""9"": 1186, ""10"": 13986}",18976,10.553948832035596,10,40.0,60.0,10.0,125000,355760,124992,2.0,sgcp-density-cap,1,ns3,899,0.5,10,12,28,,,[],[],9>10:1,,23,40,
2026_07_29_02_32_08,000096,12,all-cluster-heads,docs\doc_workspace\SGCP\artifacts\early_from_late_checkpoint_20260719\enable_coperception_early_from_attentive.yaml,dynamic_cv,grid,utility,utility,none,0,0,,potential_verified_cov_coalition_game,7,,4;7;12,12;4;7,4;7,"{""4"": 33, ""7"": 28}","{""4"": 1435, ""7"": 2604, ""12"": 14132}",64624,23.17241379310345,10,40.0,60.0,10.0,125000,355760,124992,2.0,sgcp-density-cap,1,ns3,899,0.5,10,12,28,,,[],[],4>12:9;7>12:2,,23,49,
2026_07_29_02_32_08,000096,13,all-cluster-heads,docs\doc_workspace\SGCP\artifacts\early_from_late_checkpoint_20260719\enable_coperception_early_from_attentive.yaml,dynamic_cv,grid,utility,utility,none,0,0,,potential_verified_cov_coalition_game,7,,13;14;19,13;14;19,14;19,"{""14"": 2, ""19"": 1}","{""13"": 13525, ""14"": 298, ""19"": 15}",5008,2.6518353726362625,10,40.0,60.0,10.0,125000,355760,124992,2.0,sgcp-density-cap,1,ns3,899,0.5,10,12,28,,,[],[],14>13:3;19>13:8,,2,26,
2026_07_29_02_32_08,000096,15,all-cluster-heads,docs\doc_workspace\SGCP\artifacts\early_from_late_checkpoint_20260719\enable_coperception_early_from_attentive.yaml,dynamic_cv,grid,utility,utility,none,0,0,,potential_verified_cov_coalition_game,7,,6;15,15,,{},"{""15"": 13554}",0,0.0,10,40.0,60.0,10.0,125000,355760,124992,2.0,sgcp-density-cap,1,ns3,899,0.5,10,12,28,,,[],[],,,16,24,
2026_07_29_02_32_08,000096,17,all-cluster-heads,docs\doc_workspace\SGCP\artifacts\early_from_late_checkpoint_20260719\enable_coperception_early_from_attentive.yaml,dynamic_cv,grid,utility,utility,none,0,0,,potential_verified_cov_coalition_game,7,,3;16;17;18,17,,{},"{""17"": 14183}",0,0.0,10,40.0,60.0,10.0,125000,355760,124992,2.0,sgcp-density-cap,1,ns3,899,0.5,10,12,28,,,[],[],,,13,21,
2026_07_29_02_32_08,000096,20,all-cluster-heads,docs\doc_workspace\SGCP\artifacts\early_from_late_checkpoint_20260719\enable_coperception_early_from_attentive.yaml,dynamic_cv,grid,utility,utility,none,0,0,,potential_verified_cov_coalition_game,7,,5;20,20,,{},"{""20"": 13901}",0,0.0,10,40.0,60.0,10.0,125000,355760,124992,2.0,sgcp-density-cap,1,ns3,899,0.5,10,12,28,,,[],[],,,21,33,
2026_07_29_02_32_08,000098,1,all-cluster-heads,docs\doc_workspace\SGCP\artifacts\early_from_late_checkpoint_20260719\enable_coperception_early_from_attentive.yaml,dynamic_cv,grid,utility,utility,none,0,0,,potential_verified_cov_coalition_game,7,,1;2;8;11,1;11,11,"{""11"": 33}","{""1"": 13964, ""11"": 2281}",36496,20.29810901001112,10,40.0,60.0,10.0,125000,356880,124992,2.0,sgcp-density-cap,1,ns3,899,0.5,10,12,28,,,[],[],11>1:0,,25,47,
2026_07_29_02_32_08,000098,10,all-cluster-heads,docs\doc_workspace\SGCP\artifacts\early_from_late_checkpoint_20260719\enable_coperception_early_from_attentive.yaml,dynamic_cv,grid,utility,utility,none,0,0,,potential_verified_cov_coalition_game,7,,9;10,10;9,9,"{""9"": 33}","{""9"": 1185, ""10"": 13986}",18960,10.545050055617352,10,40.0,60.0,10.0,125000,356880,124992,2.0,sgcp-density-cap,1,ns3,899,0.5,10,12,28,,,[],[],9>10:1,,24,40,
2026_07_29_02_32_08,000098,12,all-cluster-heads,docs\doc_workspace\SGCP\artifacts\early_from_late_checkpoint_20260719\enable_coperception_early_from_attentive.yaml,dynamic_cv,grid,utility,utility,none,0,0,,potential_verified_cov_coalition_game,7,,4;7;12,12;4;7,4;7,"{""4"": 33, ""7"": 28}","{""4"": 1453, ""7"": 2612, ""12"": 14159}",65040,23.24360400444939,10,40.0,60.0,10.0,125000,356880,124992,2.0,sgcp-density-cap,1,ns3,899,0.5,10,12,28,,,[],[],4>12:9;7>12:2,,22,49,
2026_07_29_02_32_08,000098,13,all-cluster-heads,docs\doc_workspace\SGCP\artifacts\early_from_late_checkpoint_20260719\enable_coperception_early_from_attentive.yaml,dynamic_cv,grid,utility,utility,none,0,0,,potential_verified_cov_coalition_game,7,,13;14;19,13;14,14,"{""14"": 2}","{""13"": 13562, ""14"": 277}",4432,2.46496106785317,10,40.0,60.0,10.0,125000,356880,124992,2.0,sgcp-density-cap,1,ns3,899,0.5,10,12,28,,,[],[],14>13:3,,3,14,
2026_07_29_02_32_08,000098,15,all-cluster-heads,docs\doc_workspace\SGCP\artifacts\early_from_late_checkpoint_20260719\enable_coperception_early_from_attentive.yaml,dynamic_cv,grid,utility,utility,none,0,0,,potential_verified_cov_coalition_game,7,,6;15,15,,{},"{""15"": 13584}",0,0.0,10,40.0,60.0,10.0,125000,356880,124992,2.0,sgcp-density-cap,1,ns3,899,0.5,10,12,28,,,[],[],,,16,23,
2026_07_29_02_32_08,000098,17,all-cluster-heads,docs\doc_workspace\SGCP\artifacts\early_from_late_checkpoint_20260719\enable_coperception_early_from_attentive.yaml,dynamic_cv,grid,utility,utility,none,0,0,,potential_verified_cov_coalition_game,7,,3;16;17;18,17;16,16,"{""16"": 1}","{""16"": 4, ""17"": 14193}",64,0.035595105672969966,10,40.0,60.0,10.0,125000,356880,124992,2.0,sgcp-density-cap,1,ns3,899,0.5,10,12,28,,,[],[],16>17:7,,13,31,
2026_07_29_02_32_08,000098,20,all-cluster-heads,docs\doc_workspace\SGCP\artifacts\early_from_late_checkpoint_20260719\enable_coperception_early_from_attentive.yaml,dynamic_cv,grid,utility,utility,none,0,0,,potential_verified_cov_coalition_game,7,,5;20,20,,{},"{""20"": 13901}",0,0.0,10,40.0,60.0,10.0,125000,356880,124992,2.0,sgcp-density-cap,1,ns3,899,0.5,10,12,28,,,[],[],,,23,32,
2026_07_29_02_32_08,000100,1,all-cluster-heads,docs\doc_workspace\SGCP\artifacts\early_from_late_checkpoint_20260719\enable_coperception_early_from_attentive.yaml,dynamic_cv,grid,utility,utility,none,0,0,,potential_verified_cov_coalition_game,7,,1;2;8;11,1;11,11,"{""11"": 33}","{""1"": 13960, ""11"": 2285}",36560,20.333704115684093,10,40.0,60.0,10.0,125000,354640,124992,2.0,sgcp-density-cap,1,ns3,899,0.5,10,12,28,,,[],[],11>1:0,,26,46,
2026_07_29_02_32_08,000100,10,all-cluster-heads,docs\doc_workspace\SGCP\artifacts\early_from_late_checkpoint_20260719\enable_coperception_early_from_attentive.yaml,dynamic_cv,grid,utility,utility,none,0,0,,potential_verified_cov_coalition_game,7,,9;10,10;9,9,"{""9"": 33}","{""9"": 1187, ""10"": 13984}",18992,10.562847608453838,10,40.0,60.0,10.0,125000,354640,124992,2.0,sgcp-density-cap,1,ns3,899,0.5,10,12,28,,,[],[],9>10:1,,23,38,
2026_07_29_02_32_08,000100,12,all-cluster-heads,docs\doc_workspace\SGCP\artifacts\early_from_late_checkpoint_20260719\enable_coperception_early_from_attentive.yaml,dynamic_cv,grid,utility,utility,none,0,0,,potential_verified_cov_coalition_game,7,,4;7;12,12;4;7,4;7,"{""4"": 33, ""7"": 28}","{""4"": 1448, ""7"": 2629, ""12"": 14139}",65232,23.394883203559512,10,40.0,60.0,10.0,125000,354640,124992,2.0,sgcp-density-cap,1,ns3,899,0.5,10,12,28,,,[],[],4>12:9;7>12:2,,23,49,
2026_07_29_02_32_08,000100,13,all-cluster-heads,docs\doc_workspace\SGCP\artifacts\early_from_late_checkpoint_20260719\enable_coperception_early_from_attentive.yaml,dynamic_cv,grid,utility,utility,none,0,0,,potential_verified_cov_coalition_game,7,,13;14;19,13;14,14,"{""14"": 2}","{""13"": 13544, ""14"": 262}",4192,2.331479421579533,10,40.0,60.0,10.0,125000,354640,124992,2.0,sgcp-density-cap,1,ns3,899,0.5,10,12,28,,,[],[],14>13:3,,4,16,
2026_07_29_02_32_08,000100,15,all-cluster-heads,docs\doc_workspace\SGCP\artifacts\early_from_late_checkpoint_20260719\enable_coperception_early_from_attentive.yaml,dynamic_cv,grid,utility,utility,none,0,0,,potential_verified_cov_coalition_game,7,,6;15,15,,{},"{""15"": 13585}",0,0.0,10,40.0,60.0,10.0,125000,354640,124992,2.0,sgcp-density-cap,1,ns3,899,0.5,10,12,28,,,[],[],,,15,25,
2026_07_29_02_32_08,000100,17,all-cluster-heads,docs\doc_workspace\SGCP\artifacts\early_from_late_checkpoint_20260719\enable_coperception_early_from_attentive.yaml,dynamic_cv,grid,utility,utility,none,0,0,,potential_verified_cov_coalition_game,7,,3;16;17;18,17;16,16,"{""16"": 1}","{""16"": 1, ""17"": 14181}",16,0.008898776418242492,10,40.0,60.0,10.0,125000,354640,124992,2.0,sgcp-density-cap,1,ns3,899,0.5,10,12,28,,,[],[],16>17:7,,12,27,
2026_07_29_02_32_08,000100,20,all-cluster-heads,docs\doc_workspace\SGCP\artifacts\early_from_late_checkpoint_20260719\enable_coperception_early_from_attentive.yaml,dynamic_cv,grid,utility,utility,none,0,0,,potential_verified_cov_coalition_game,7,,5;20,20,,{},"{""20"": 13900}",0,0.0,10,40.0,60.0,10.0,125000,354640,124992,2.0,sgcp-density-cap,1,ns3,899,0.5,10,12,28,,,[],[],,,23,33,
2026_07_29_02_32_08,000102,1,all-cluster-heads,docs\doc_workspace\SGCP\artifacts\early_from_late_checkpoint_20260719\enable_coperception_early_from_attentive.yaml,dynamic_cv,grid,utility,utility,none,0,0,,potential_verified_cov_coalition_game,7,,1;2;8;11,1;11,11,"{""11"": 33}","{""1"": 13962, ""11"": 2274}",36384,20.235817575083423,10,40.0,60.0,10.0,125000,352912,124992,2.0,sgcp-density-cap,1,ns3,899,0.5,10,12,28,,,[],[],11>1:0,,27,46,
2026_07_29_02_32_08,000102,10,all-cluster-heads,docs\doc_workspace\SGCP\artifacts\early_from_late_checkpoint_20260719\enable_coperception_early_from_attentive.yaml,dynamic_cv,grid,utility,utility,none,0,0,,potential_verified_cov_coalition_game,7,,9;10,10;9,9,"{""9"": 33}","{""9"": 1188, ""10"": 13984}",19008,10.57174638487208,10,40.0,60.0,10.0,125000,352912,124992,2.0,sgcp-density-cap,1,ns3,899,0.5,10,12,28,,,[],[],9>10:1,,23,38,
2026_07_29_02_32_08,000102,12,all-cluster-heads,docs\doc_workspace\SGCP\artifacts\early_from_late_checkpoint_20260719\enable_coperception_early_from_attentive.yaml,dynamic_cv,grid,utility,utility,none,0,0,,potential_verified_cov_coalition_game,7,,4;7;12,12;4;7,4;7,"{""4"": 33, ""7"": 28}","{""4"": 1463, ""7"": 2636, ""12"": 14169}",65584,23.45717463848721,10,40.0,60.0,10.0,125000,352912,124992,2.0,sgcp-density-cap,1,ns3,899,0.5,10,12,28,,,[],[],4>12:9;7>12:2,,23,48,
2026_07_29_02_32_08,000102,13,all-cluster-heads,docs\doc_workspace\SGCP\artifacts\early_from_late_checkpoint_20260719\enable_coperception_early_from_attentive.yaml,dynamic_cv,grid,utility,utility,none,0,0,,potential_verified_cov_coalition_game,7,,13;14;19,13;14,14,"{""14"": 2}","{""13"": 13542, ""14"": 251}",4016,2.233592880978865,10,40.0,60.0,10.0,125000,352912,124992,2.0,sgcp-density-cap,1,ns3,899,0.5,10,12,28,,,[],[],14>13:3,,3,15,
2026_07_29_02_32_08,000102,15,all-cluster-heads,docs\doc_workspace\SGCP\artifacts\early_from_late_checkpoint_20260719\enable_coperception_early_from_attentive.yaml,dynamic_cv,grid,utility,utility,none,0,0,,potential_verified_cov_coalition_game,7,,6;15,15,,{},"{""15"": 13594}",0,0.0,10,40.0,60.0,10.0,125000,352912,124992,2.0,sgcp-density-cap,1,ns3,899,0.5,10,12,28,,,[],[],,,16,25,
2026_07_29_02_32_08,000102,17,all-cluster-heads,docs\doc_workspace\SGCP\artifacts\early_from_late_checkpoint_20260719\enable_coperception_early_from_attentive.yaml,dynamic_cv,grid,utility,utility,none,0,0,,potential_verified_cov_coalition_game,7,,3;16;17;18,17,,{},"{""17"": 14188}",0,0.0,10,40.0,60.0,10.0,125000,352912,124992,2.0,sgcp-density-cap,1,ns3,899,0.5,10,12,28,,,[],[],,,12,21,
2026_07_29_02_32_08,000102,20,all-cluster-heads,docs\doc_workspace\SGCP\artifacts\early_from_late_checkpoint_20260719\enable_coperception_early_from_attentive.yaml,dynamic_cv,grid,utility,utility,none,0,0,,potential_verified_cov_coalition_game,7,,5;20,20,,{},"{""20"": 13900}",0,0.0,10,40.0,60.0,10.0,125000,352912,124992,2.0,sgcp-density-cap,1,ns3,899,0.5,10,12,28,,,[],[],,,22,33,
2026_07_29_02_32_08,000104,1,all-cluster-heads,docs\doc_workspace\SGCP\artifacts\early_from_late_checkpoint_20260719\enable_coperception_early_from_attentive.yaml,dynamic_cv,grid,utility,utility,none,0,0,,potential_verified_cov_coalition_game,7,,1;2;8;11,1;11,11,"{""11"": 33}","{""1"": 13965, ""11"": 2271}",36336,20.209121245828698,10,40.0,60.0,10.0,125000,352016,124992,2.0,sgcp-density-cap,1,ns3,899,0.5,10,12,28,,,[],[],11>1:0,,26,47,
2026_07_29_02_32_08,000104,10,all-cluster-heads,docs\doc_workspace\SGCP\artifacts\early_from_late_checkpoint_20260719\enable_coperception_early_from_attentive.yaml,dynamic_cv,grid,utility,utility,none,0,0,,potential_verified_cov_coalition_game,7,,9;10,10;9,9,"{""9"": 33}","{""9"": 1188, ""10"": 13985}",19008,10.57174638487208,10,40.0,60.0,10.0,125000,352016,124992,2.0,sgcp-density-cap,1,ns3,899,0.5,10,12,28,,,[],[],9>10:1,,23,38,
2026_07_29_02_32_08,000104,12,all-cluster-heads,docs\doc_workspace\SGCP\artifacts\early_from_late_checkpoint_20260719\enable_coperception_early_from_attentive.yaml,dynamic_cv,grid,utility,utility,none,0,0,,potential_verified_cov_coalition_game,7,,4;7;12,12;4;7,4;7,"{""4"": 32, ""7"": 28}","{""4"": 1462, ""7"": 2650, ""12"": 14167}",65792,23.5817575083426,10,40.0,60.0,10.0,125000,352016,124992,2.0,sgcp-density-cap,1,ns3,899,0.5,10,12,28,,,[],[],4>12:9;7>12:2,,22,48,
2026_07_29_02_32_08,000104,13,all-cluster-heads,docs\doc_workspace\SGCP\artifacts\early_from_late_checkpoint_20260719\enable_coperception_early_from_attentive.yaml,dynamic_cv,grid,utility,utility,none,0,0,,potential_verified_cov_coalition_game,7,,13;14;19,13;14;19,14;19,"{""14"": 2, ""19"": 1}","{""13"": 13509, ""14"": 231, ""19"": 9}",3840,2.0556173526140156,10,40.0,60.0,10.0,125000,352016,124992,2.0,sgcp-density-cap,1,ns3,899,0.5,10,12,28,,,[],[],14>13:3;19>13:8,,3,26,
2026_07_29_02_32_08,000104,15,all-cluster-heads,docs\doc_workspace\SGCP\artifacts\early_from_late_checkpoint_20260719\enable_coperception_early_from_attentive.yaml,dynamic_cv,grid,utility,utility,none,0,0,,potential_verified_cov_coalition_game,7,,6;15,15,,{},"{""15"": 13579}",0,0.0,10,40.0,60.0,10.0,125000,352016,124992,2.0,sgcp-density-cap,1,ns3,899,0.5,10,12,28,,,[],[],,,16,25,
2026_07_29_02_32_08,000104,17,all-cluster-heads,docs\doc_workspace\SGCP\artifacts\early_from_late_checkpoint_20260719\enable_coperception_early_from_attentive.yaml,dynamic_cv,grid,utility,utility,none,0,0,,potential_verified_cov_coalition_game,7,,3;16;17;18,17;16,16,"{""16"": 1}","{""16"": 1, ""17"": 14180}",16,0.008898776418242492,10,40.0,60.0,10.0,125000,352016,124992,2.0,sgcp-density-cap,1,ns3,899,0.5,10,12,28,,,[],[],16>17:7,,13,28,
2026_07_29_02_32_08,000104,20,all-cluster-heads,docs\doc_workspace\SGCP\artifacts\early_from_late_checkpoint_20260719\enable_coperception_early_from_attentive.yaml,dynamic_cv,grid,utility,utility,none,0,0,,potential_verified_cov_coalition_game,7,,5;20,20,,{},"{""20"": 13895}",0,0.0,10,40.0,60.0,10.0,125000,352016,124992,2.0,sgcp-density-cap,1,ns3,899,0.5,10,12,28,,,[],[],,,22,33,
2026_07_29_02_32_08,000106,11,all-cluster-heads,docs\doc_workspace\SGCP\artifacts\early_from_late_checkpoint_20260719\enable_coperception_early_from_attentive.yaml,dynamic_cv,grid,utility,utility,none,0,0,,potential_verified_cov_coalition_game,6,,1;2;11;19,11;2;19,2;19,"{""2"": 33, ""19"": 32}","{""2"": 1574, ""11"": 13864, ""19"": 2620}",67104,23.31479421579533,10,40.0,60.0,10.0,125000,372272,124992,2.0,sgcp-density-cap,1,ns3,899,0.5,10,12,28,,,[],[],2>11:8;19>11:0,,31,49,
2026_07_29_02_32_08,000106,12,all-cluster-heads,docs\doc_workspace\SGCP\artifacts\early_from_late_checkpoint_20260719\enable_coperception_early_from_attentive.yaml,dynamic_cv,grid,utility,utility,none,0,0,,potential_verified_cov_coalition_game,6,,4;7;8;12,12;7;8,7;8,"{""7"": 33, ""8"": 4}","{""7"": 3070, ""8"": 548, ""12"": 14191}",57888,27.319243604004452,10,40.0,60.0,10.0,125000,372272,124992,2.0,sgcp-density-cap,1,ns3,899,0.5,10,12,28,,,[],[],7>12:1;8>12:9,,22,53,
2026_07_29_02_32_08,000106,13,all-cluster-heads,docs\doc_workspace\SGCP\artifacts\early_from_late_checkpoint_20260719\enable_coperception_early_from_attentive.yaml,dynamic_cv,grid,utility,utility,none,0,0,,potential_verified_cov_coalition_game,6,,9;10;13;14,13,,{},"{""13"": 13477}",0,0.0,10,40.0,60.0,10.0,125000,372272,124992,2.0,sgcp-density-cap,1,ns3,899,0.5,10,12,28,,,[],[],,,4,14,
2026_07_29_02_32_08,000106,15,all-cluster-heads,docs\doc_workspace\SGCP\artifacts\early_from_late_checkpoint_20260719\enable_coperception_early_from_attentive.yaml,dynamic_cv,grid,utility,utility,none,0,0,,potential_verified_cov_coalition_game,6,,6;15,15,,{},"{""15"": 13589}",0,0.0,10,40.0,60.0,10.0,125000,372272,124992,2.0,sgcp-density-cap,1,ns3,899,0.5,10,12,28,,,[],[],,,16,25,
2026_07_29_02_32_08,000106,17,all-cluster-heads,docs\doc_workspace\SGCP\artifacts\early_from_late_checkpoint_20260719\enable_coperception_early_from_attentive.yaml,dynamic_cv,grid,utility,utility,none,0,0,,potential_verified_cov_coalition_game,6,,3;16;17;18,17,,{},"{""17"": 14174}",0,0.0,10,40.0,60.0,10.0,125000,372272,124992,2.0,sgcp-density-cap,1,ns3,899,0.5,10,12,28,,,[],[],,,13,21,
2026_07_29_02_32_08,000106,20,all-cluster-heads,docs\doc_workspace\SGCP\artifacts\early_from_late_checkpoint_20260719\enable_coperception_early_from_attentive.yaml,dynamic_cv,grid,utility,utility,none,0,0,,potential_verified_cov_coalition_game,6,,5;20,20,,{},"{""20"": 13893}",0,0.0,10,40.0,60.0,10.0,125000,372272,124992,2.0,sgcp-density-cap,1,ns3,899,0.5,10,12,28,,,[],[],,,22,32,
2026_07_29_02_32_08,000108,11,all-cluster-heads,docs\doc_workspace\SGCP\artifacts\early_from_late_checkpoint_20260719\enable_coperception_early_from_attentive.yaml,dynamic_cv,grid,utility,utility,none,0,0,,potential_verified_cov_coalition_game,6,,1;2;11;19,11;2;19,2;19,"{""2"": 33, ""19"": 32}","{""2"": 1568, ""11"": 13866, ""19"": 2619}",66992,23.305895439377085,10,40.0,60.0,10.0,125000,372928,124992,2.0,sgcp-density-cap,1,ns3,899,0.5,10,12,28,,,[],[],2>11:8;19>11:0,,32,49,
2026_07_29_02_32_08,000108,12,all-cluster-heads,docs\doc_workspace\SGCP\artifacts\early_from_late_checkpoint_20260719\enable_coperception_early_from_attentive.yaml,dynamic_cv,grid,utility,utility,none,0,0,,potential_verified_cov_coalition_game,6,,4;7;8;12,12;7;8,7;8,"{""7"": 33, ""8"": 4}","{""7"": 3109, ""8"": 516, ""12"": 14221}",58000,27.666295884315907,10,40.0,60.0,10.0,125000,372928,124992,2.0,sgcp-density-cap,1,ns3,899,0.5,10,12,28,,,[],[],7>12:1;8>12:9,,22,54,
2026_07_29_02_32_08,000108,13,all-cluster-heads,docs\doc_workspace\SGCP\artifacts\early_from_late_checkpoint_20260719\enable_coperception_early_from_attentive.yaml,dynamic_cv,grid,utility,utility,none,0,0,,potential_verified_cov_coalition_game,6,,9;10;13;14,13,,{},"{""13"": 13485}",0,0.0,10,40.0,60.0,10.0,125000,372928,124992,2.0,sgcp-density-cap,1,ns3,899,0.5,10,12,28,,,[],[],,,0,14,
2026_07_29_02_32_08,000108,15,all-cluster-heads,docs\doc_workspace\SGCP\artifacts\early_from_late_checkpoint_20260719\enable_coperception_early_from_attentive.yaml,dynamic_cv,grid,utility,utility,none,0,0,,potential_verified_cov_coalition_game,6,,6;15,15,,{},"{""15"": 13579}",0,0.0,10,40.0,60.0,10.0,125000,372928,124992,2.0,sgcp-density-cap,1,ns3,899,0.5,10,12,28,,,[],[],,,17,24,
2026_07_29_02_32_08,000108,17,all-cluster-heads,docs\doc_workspace\SGCP\artifacts\early_from_late_checkpoint_20260719\enable_coperception_early_from_attentive.yaml,dynamic_cv,grid,utility,utility,none,0,0,,potential_verified_cov_coalition_game,6,,3;16;17;18,17,,{},"{""17"": 14203}",0,0.0,10,40.0,60.0,10.0,125000,372928,124992,2.0,sgcp-density-cap,1,ns3,899,0.5,10,12,28,,,[],[],,,12,21,
2026_07_29_02_32_08,000108,20,all-cluster-heads,docs\doc_workspace\SGCP\artifacts\early_from_late_checkpoint_20260719\enable_coperception_early_from_attentive.yaml,dynamic_cv,grid,utility,utility,none,0,0,,potential_verified_cov_coalition_game,6,,5;20,20,,{},"{""20"": 13890}",0,0.0,10,40.0,60.0,10.0,125000,372928,124992,2.0,sgcp-density-cap,1,ns3,899,0.5,10,12,28,,,[],[],,,20,31,
2026_07_29_02_32_08,000110,1,all-cluster-heads,docs\doc_workspace\SGCP\artifacts\early_from_late_checkpoint_20260719\enable_coperception_early_from_attentive.yaml,dynamic_cv,grid,utility,utility,none,0,0,,potential_verified_cov_coalition_game,7,,1;2;8;11,1;11,11,"{""11"": 33}","{""1"": 13963, ""11"": 2264}",36224,20.146829810901,10,40.0,60.0,10.0,125000,352352,124992,2.0,sgcp-density-cap,1,ns3,899,0.5,10,12,28,,,[],[],11>1:0,,27,47,
2026_07_29_02_32_08,000110,10,all-cluster-heads,docs\doc_workspace\SGCP\artifacts\early_from_late_checkpoint_20260719\enable_coperception_early_from_attentive.yaml,dynamic_cv,grid,utility,utility,none,0,0,,potential_verified_cov_coalition_game,7,,9;10,10;9,9,"{""9"": 33}","{""9"": 1188, ""10"": 13981}",19008,10.57174638487208,10,40.0,60.0,10.0,125000,352352,124992,2.0,sgcp-density-cap,1,ns3,899,0.5,10,12,28,,,[],[],9>10:1,,23,38,
2026_07_29_02_32_08,000110,12,all-cluster-heads,docs\doc_workspace\SGCP\artifacts\early_from_late_checkpoint_20260719\enable_coperception_early_from_attentive.yaml,dynamic_cv,grid,utility,utility,none,0,0,,potential_verified_cov_coalition_game,7,,4;7;12,12;4;7,4;7,"{""4"": 31, ""7"": 28}","{""4"": 1444, ""7"": 2676, ""12"": 14224}",65920,23.81312569521691,10,40.0,60.0,10.0,125000,352352,124992,2.0,sgcp-density-cap,1,ns3,899,0.5,10,12,28,,,[],[],4>12:9;7>12:2,,22,49,
2026_07_29_02_32_08,000110,13,all-cluster-heads,docs\doc_workspace\SGCP\artifacts\early_from_late_checkpoint_20260719\enable_coperception_early_from_attentive.yaml,dynamic_cv,grid,utility,utility,none,0,0,,potential_verified_cov_coalition_game,7,,13;14;19,13;14;19,14;19,"{""14"": 2, ""19"": 2}","{""13"": 13465, ""14"": 233, ""19"": 7}",3840,2.0734149054505004,10,40.0,60.0,10.0,125000,352352,124992,2.0,sgcp-density-cap,1,ns3,899,0.5,10,12,28,,,[],[],14>13:3;19>13:8,,2,26,
2026_07_29_02_32_08,000110,15,all-cluster-heads,docs\doc_workspace\SGCP\artifacts\early_from_late_checkpoint_20260719\enable_coperception_early_from_attentive.yaml,dynamic_cv,grid,utility,utility,none,0,0,,potential_verified_cov_coalition_game,7,,6;15,15,,{},"{""15"": 13612}",0,0.0,10,40.0,60.0,10.0,125000,352352,124992,2.0,sgcp-density-cap,1,ns3,899,0.5,10,12,28,,,[],[],,,16,24,
2026_07_29_02_32_08,000110,17,all-cluster-heads,docs\doc_workspace\SGCP\artifacts\early_from_late_checkpoint_20260719\enable_coperception_early_from_attentive.yaml,dynamic_cv,grid,utility,utility,none,0,0,,potential_verified_cov_coalition_game,7,,3;16;17;18,17,,{},"{""17"": 14197}",0,0.0,10,40.0,60.0,10.0,125000,352352,124992,2.0,sgcp-density-cap,1,ns3,899,0.5,10,12,28,,,[],[],,,10,20,
2026_07_29_02_32_08,000110,20,all-cluster-heads,docs\doc_workspace\SGCP\artifacts\early_from_late_checkpoint_20260719\enable_coperception_early_from_attentive.yaml,dynamic_cv,grid,utility,utility,none,0,0,,potential_verified_cov_coalition_game,7,,5;20,20,,{},"{""20"": 13887}",0,0.0,10,40.0,60.0,10.0,125000,352352,124992,2.0,sgcp-density-cap,1,ns3,899,0.5,10,12,28,,,[],[],,,20,30,
2026_07_29_02_32_08,000112,1,all-cluster-heads,docs\doc_workspace\SGCP\artifacts\early_from_late_checkpoint_20260719\enable_coperception_early_from_attentive.yaml,dynamic_cv,grid,utility,utility,none,0,0,,potential_verified_cov_coalition_game,7,,1;2;8;11,1;11,11,"{""11"": 33}","{""1"": 13966, ""11"": 2261}",36176,20.120133481646274,10,40.0,60.0,10.0,125000,352544,124992,2.0,sgcp-density-cap,1,ns3,899,0.5,10,12,28,,,[],[],11>1:0,,25,47,
2026_07_29_02_32_08,000112,10,all-cluster-heads,docs\doc_workspace\SGCP\artifacts\early_from_late_checkpoint_20260719\enable_coperception_early_from_attentive.yaml,dynamic_cv,grid,utility,utility,none,0,0,,potential_verified_cov_coalition_game,7,,9;10,10;9,9,"{""9"": 33}","{""9"": 1189, ""10"": 13981}",19024,10.580645161290322,10,40.0,60.0,10.0,125000,352544,124992,2.0,sgcp-density-cap,1,ns3,899,0.5,10,12,28,,,[],[],9>10:1,,23,38,
2026_07_29_02_32_08,000112,12,all-cluster-heads,docs\doc_workspace\SGCP\artifacts\early_from_late_checkpoint_20260719\enable_coperception_early_from_attentive.yaml,dynamic_cv,grid,utility,utility,none,0,0,,potential_verified_cov_coalition_game,7,,4;7;12,12;4;7,4;7,"{""4"": 32, ""7"": 28}","{""4"": 1477, ""7"": 2650, ""12"": 14224}",66032,23.5817575083426,10,40.0,60.0,10.0,125000,352544,124992,2.0,sgcp-density-cap,1,ns3,899,0.5,10,12,28,,,[],[],4>12:9;7>12:2,,21,49,
2026_07_29_02_32_08,000112,13,all-cluster-heads,docs\doc_workspace\SGCP\artifacts\early_from_late_checkpoint_20260719\enable_coperception_early_from_attentive.yaml,dynamic_cv,grid,utility,utility,none,0,0,,potential_verified_cov_coalition_game,7,,13;14;19,13;14;19,14;19,"{""14"": 2, ""19"": 1}","{""13"": 13451, ""14"": 232, ""19"": 3}",3760,2.064516129032258,10,40.0,60.0,10.0,125000,352544,124992,2.0,sgcp-density-cap,1,ns3,899,0.5,10,12,28,,,[],[],14>13:3;19>13:8,,0,26,
2026_07_29_02_32_08,000112,15,all-cluster-heads,docs\doc_workspace\SGCP\artifacts\early_from_late_checkpoint_20260719\enable_coperception_early_from_attentive.yaml,dynamic_cv,grid,utility,utility,none,0,0,,potential_verified_cov_coalition_game,7,,6;15,15,,{},"{""15"": 13611}",0,0.0,10,40.0,60.0,10.0,125000,352544,124992,2.0,sgcp-density-cap,1,ns3,899,0.5,10,12,28,,,[],[],,,18,24,
2026_07_29_02_32_08,000112,17,all-cluster-heads,docs\doc_workspace\SGCP\artifacts\early_from_late_checkpoint_20260719\enable_coperception_early_from_attentive.yaml,dynamic_cv,grid,utility,utility,none,0,0,,potential_verified_cov_coalition_game,7,,3;16;17;18,17,,{},"{""17"": 14206}",0,0.0,10,40.0,60.0,10.0,125000,352544,124992,2.0,sgcp-density-cap,1,ns3,899,0.5,10,12,28,,,[],[],,,9,21,
2026_07_29_02_32_08,000112,20,all-cluster-heads,docs\doc_workspace\SGCP\artifacts\early_from_late_checkpoint_20260719\enable_coperception_early_from_attentive.yaml,dynamic_cv,grid,utility,utility,none,0,0,,potential_verified_cov_coalition_game,7,,5;20,20,,{},"{""20"": 13886}",0,0.0,10,40.0,60.0,10.0,125000,352544,124992,2.0,sgcp-density-cap,1,ns3,899,0.5,10,12,28,,,[],[],,,20,30,
2026_07_29_02_32_08,000114,1,all-cluster-heads,docs\doc_workspace\SGCP\artifacts\early_from_late_checkpoint_20260719\enable_coperception_early_from_attentive.yaml,dynamic_cv,grid,utility,utility,none,0,0,,potential_verified_cov_coalition_game,7,,1;2;8;11,1;11,11,"{""11"": 33}","{""1"": 13967, ""11"": 2254}",36064,20.057842046718577,10,40.0,60.0,10.0,125000,352064,124992,2.0,sgcp-density-cap,1,ns3,899,0.5,10,12,28,,,[],[],11>1:0,,28,47,
2026_07_29_02_32_08,000114,10,all-cluster-heads,docs\doc_workspace\SGCP\artifacts\early_from_late_checkpoint_20260719\enable_coperception_early_from_attentive.yaml,dynamic_cv,grid,utility,utility,none,0,0,,potential_verified_cov_coalition_game,7,,9;10,10;9,9,"{""9"": 33}","{""9"": 1188, ""10"": 13979}",19008,10.57174638487208,10,40.0,60.0,10.0,125000,352064,124992,2.0,sgcp-density-cap,1,ns3,899,0.5,10,12,28,,,[],[],9>10:1,,26,38,
2026_07_29_02_32_08,000114,12,all-cluster-heads,docs\doc_workspace\SGCP\artifacts\early_from_late_checkpoint_20260719\enable_coperception_early_from_attentive.yaml,dynamic_cv,grid,utility,utility,none,0,0,,potential_verified_cov_coalition_game,7,,4;7;12,12;4;7,4;7,"{""4"": 32, ""7"": 28}","{""4"": 1504, ""7"": 2612, ""12"": 14210}",65856,23.24360400444939,10,40.0,60.0,10.0,125000,352064,124992,2.0,sgcp-density-cap,1,ns3,899,0.5,10,12,28,,,[],[],4>12:9;7>12:2,,20,48,
2026_07_29_02_32_08,000114,13,all-cluster-heads,docs\doc_workspace\SGCP\artifacts\early_from_late_checkpoint_20260719\enable_coperception_early_from_attentive.yaml,dynamic_cv,grid,utility,utility,none,0,0,,potential_verified_cov_coalition_game,7,,13;14;19,13;14;19,14;19,"{""14"": 2, ""19"": 1}","{""13"": 13423, ""14"": 252, ""19"": 2}",4064,2.2424916573971077,10,40.0,60.0,10.0,125000,352064,124992,2.0,sgcp-density-cap,1,ns3,899,0.5,10,12,28,,,[],[],14>13:3;19>13:8,,0,25,
2026_07_29_02_32_08,000114,15,all-cluster-heads,docs\doc_workspace\SGCP\artifacts\early_from_late_checkpoint_20260719\enable_coperception_early_from_attentive.yaml,dynamic_cv,grid,utility,utility,none,0,0,,potential_verified_cov_coalition_game,7,,6;15,15,,{},"{""15"": 13613}",0,0.0,10,40.0,60.0,10.0,125000,352064,124992,2.0,sgcp-density-cap,1,ns3,899,0.5,10,12,28,,,[],[],,,18,25,
2026_07_29_02_32_08,000114,17,all-cluster-heads,docs\doc_workspace\SGCP\artifacts\early_from_late_checkpoint_20260719\enable_coperception_early_from_attentive.yaml,dynamic_cv,grid,utility,utility,none,0,0,,potential_verified_cov_coalition_game,7,,3;16;17;18,17,,{},"{""17"": 14215}",0,0.0,10,40.0,60.0,10.0,125000,352064,124992,2.0,sgcp-density-cap,1,ns3,899,0.5,10,12,28,,,[],[],,,12,21,
2026_07_29_02_32_08,000114,20,all-cluster-heads,docs\doc_workspace\SGCP\artifacts\early_from_late_checkpoint_20260719\enable_coperception_early_from_attentive.yaml,dynamic_cv,grid,utility,utility,none,0,0,,potential_verified_cov_coalition_game,7,,5;20,20,,{},"{""20"": 13882}",0,0.0,10,40.0,60.0,10.0,125000,352064,124992,2.0,sgcp-density-cap,1,ns3,899,0.5,10,12,28,,,[],[],,,21,30,
2026_07_29_02_32_08,000116,1,all-cluster-heads,docs\doc_workspace\SGCP\artifacts\early_from_late_checkpoint_20260719\enable_coperception_early_from_attentive.yaml,dynamic_cv,grid,utility,utility,none,0,0,,potential_verified_cov_coalition_game,7,,1;2;8;11,1;11,11,"{""11"": 33}","{""1"": 13967, ""11"": 2258}",36128,20.093437152391544,10,40.0,60.0,10.0,125000,352656,124992,2.0,sgcp-density-cap,1,ns3,899,0.5,10,12,28,,,[],[],11>1:0,,25,47,
2026_07_29_02_32_08,000116,10,all-cluster-heads,docs\doc_workspace\SGCP\artifacts\early_from_late_checkpoint_20260719\enable_coperception_early_from_attentive.yaml,dynamic_cv,grid,utility,utility,none,0,0,,potential_verified_cov_coalition_game,7,,9;10,10;9,9,"{""9"": 33}","{""9"": 1187, ""10"": 13979}",18992,10.562847608453838,10,40.0,60.0,10.0,125000,352656,124992,2.0,sgcp-density-cap,1,ns3,899,0.5,10,12,28,,,[],[],9>10:1,,25,37,
2026_07_29_02_32_08,000116,12,all-cluster-heads,docs\doc_workspace\SGCP\artifacts\early_from_late_checkpoint_20260719\enable_coperception_early_from_attentive.yaml,dynamic_cv,grid,utility,utility,none,0,0,,potential_verified_cov_coalition_game,7,,4;7;12,12;4;7,4;7,"{""4"": 33, ""7"": 28}","{""4"": 1527, ""7"": 2632, ""12"": 14231}",66544,23.42157953281424,10,40.0,60.0,10.0,125000,352656,124992,2.0,sgcp-density-cap,1,ns3,899,0.5,10,12,28,,,[],[],4>12:9;7>12:2,,22,48,
2026_07_29_02_32_08,000116,13,all-cluster-heads,docs\doc_workspace\SGCP\artifacts\early_from_late_checkpoint_20260719\enable_coperception_early_from_attentive.yaml,dynamic_cv,grid,utility,utility,none,0,0,,potential_verified_cov_coalition_game,7,,13;14;19,13;14;19,14;19,"{""14"": 1, ""19"": 1}","{""13"": 13407, ""14"": 200, ""19"": 8}",3328,1.7797552836484984,10,40.0,60.0,10.0,125000,352656,124992,2.0,sgcp-density-cap,1,ns3,899,0.5,10,12,28,,,[],[],14>13:3;19>13:7,,2,25,
2026_07_29_02_32_08,000116,15,all-cluster-heads,docs\doc_workspace\SGCP\artifacts\early_from_late_checkpoint_20260719\enable_coperception_early_from_attentive.yaml,dynamic_cv,grid,utility,utility,none,0,0,,potential_verified_cov_coalition_game,7,,6;15,15,,{},"{""15"": 13632}",0,0.0,10,40.0,60.0,10.0,125000,352656,124992,2.0,sgcp-density-cap,1,ns3,899,0.5,10,12,28,,,[],[],,,18,27,
2026_07_29_02_32_08,000116,17,all-cluster-heads,docs\doc_workspace\SGCP\artifacts\early_from_late_checkpoint_20260719\enable_coperception_early_from_attentive.yaml,dynamic_cv,grid,utility,utility,none,0,0,,potential_verified_cov_coalition_game,7,,3;16;17;18,17,,{},"{""17"": 14228}",0,0.0,10,40.0,60.0,10.0,125000,352656,124992,2.0,sgcp-density-cap,1,ns3,899,0.5,10,12,28,,,[],[],,,10,21,
2026_07_29_02_32_08,000116,20,all-cluster-heads,docs\doc_workspace\SGCP\artifacts\early_from_late_checkpoint_20260719\enable_coperception_early_from_attentive.yaml,dynamic_cv,grid,utility,utility,none,0,0,,potential_verified_cov_coalition_game,7,,5;20,20,,{},"{""20"": 13882}",0,0.0,10,40.0,60.0,10.0,125000,352656,124992,2.0,sgcp-density-cap,1,ns3,899,0.5,10,12,28,,,[],[],,,19,31,
2026_07_29_02_32_08,000118,1,all-cluster-heads,docs\doc_workspace\SGCP\artifacts\early_from_late_checkpoint_20260719\enable_coperception_early_from_attentive.yaml,dynamic_cv,grid,utility,utility,none,0,0,,potential_verified_cov_coalition_game,7,,1;2;8;11,1;11,11,"{""11"": 33}","{""1"": 13967, ""11"": 2254}",36064,20.057842046718577,10,40.0,60.0,10.0,125000,353648,124992,2.0,sgcp-density-cap,1,ns3,899,0.5,10,12,28,,,[],[],11>1:0,,25,46,
2026_07_29_02_32_08,000118,10,all-cluster-heads,docs\doc_workspace\SGCP\artifacts\early_from_late_checkpoint_20260719\enable_coperception_early_from_attentive.yaml,dynamic_cv,grid,utility,utility,none,0,0,,potential_verified_cov_coalition_game,7,,9;10,10;9,9,"{""9"": 33}","{""9"": 1183, ""10"": 13979}",18928,10.527252502780868,10,40.0,60.0,10.0,125000,353648,124992,2.0,sgcp-density-cap,1,ns3,899,0.5,10,12,28,,,[],[],9>10:1,,25,37,
2026_07_29_02_32_08,000118,12,all-cluster-heads,docs\doc_workspace\SGCP\artifacts\early_from_late_checkpoint_20260719\enable_coperception_early_from_attentive.yaml,dynamic_cv,grid,utility,utility,none,0,0,,potential_verified_cov_coalition_game,7,,4;7;12,12;4;7,4;7,"{""4"": 29, ""7"": 28}","{""4"": 1492, ""7"": 2653, ""12"": 14223}",66320,23.60845383759733,10,40.0,60.0,10.0,125000,353648,124992,2.0,sgcp-density-cap,1,ns3,899,0.5,10,12,28,,,[],[],4>12:9;7>12:2,,23,50,
2026_07_29_02_32_08,000118,13,all-cluster-heads,docs\doc_workspace\SGCP\artifacts\early_from_late_checkpoint_20260719\enable_coperception_early_from_attentive.yaml,dynamic_cv,grid,utility,utility,none,0,0,,potential_verified_cov_coalition_game,7,,13;14;19,13;14;19,14;19,"{""14"": 1, ""19"": 2}","{""13"": 13365, ""14"": 200, ""19"": 30}",3680,1.7797552836484984,10,40.0,60.0,10.0,125000,353648,124992,2.0,sgcp-density-cap,1,ns3,899,0.5,10,12,28,,,[],[],14>13:3;19>13:8,,1,25,
2026_07_29_02_32_08,000118,15,all-cluster-heads,docs\doc_workspace\SGCP\artifacts\early_from_late_checkpoint_20260719\enable_coperception_early_from_attentive.yaml,dynamic_cv,grid,utility,utility,none,0,0,,potential_verified_cov_coalition_game,7,,6;15,15,,{},"{""15"": 13659}",0,0.0,10,40.0,60.0,10.0,125000,353648,124992,2.0,sgcp-density-cap,1,ns3,899,0.5,10,12,28,,,[],[],,,19,26,
2026_07_29_02_32_08,000118,17,all-cluster-heads,docs\doc_workspace\SGCP\artifacts\early_from_late_checkpoint_20260719\enable_coperception_early_from_attentive.yaml,dynamic_cv,grid,utility,utility,none,0,0,,potential_verified_cov_coalition_game,7,,3;16;17;18,17,,{},"{""17"": 14236}",0,0.0,10,40.0,60.0,10.0,125000,353648,124992,2.0,sgcp-density-cap,1,ns3,899,0.5,10,12,28,,,[],[],,,10,21,
2026_07_29_02_32_08,000118,20,all-cluster-heads,docs\doc_workspace\SGCP\artifacts\early_from_late_checkpoint_20260719\enable_coperception_early_from_attentive.yaml,dynamic_cv,grid,utility,utility,none,0,0,,potential_verified_cov_coalition_game,7,,5;20,20,,{},"{""20"": 13879}",0,0.0,10,40.0,60.0,10.0,125000,353648,124992,2.0,sgcp-density-cap,1,ns3,899,0.5,10,12,28,,,[],[],,,20,30,
2026_07_29_02_32_08,000120,1,all-cluster-heads,docs\doc_workspace\SGCP\artifacts\early_from_late_checkpoint_20260719\enable_coperception_early_from_attentive.yaml,dynamic_cv,grid,utility,utility,none,0,0,,potential_verified_cov_coalition_game,7,,1;2;8;11,1;11,11,"{""11"": 33}","{""1"": 13970, ""11"": 2252}",36032,20.040044493882093,10,40.0,60.0,10.0,125000,352784,124992,2.0,sgcp-density-cap,1,ns3,899,0.5,10,12,28,,,[],[],11>1:0,,26,46,
2026_07_29_02_32_08,000120,10,all-cluster-heads,docs\doc_workspace\SGCP\artifacts\early_from_late_checkpoint_20260719\enable_coperception_early_from_attentive.yaml,dynamic_cv,grid,utility,utility,none,0,0,,potential_verified_cov_coalition_game,7,,9;10,10;9,9,"{""9"": 33}","{""9"": 1184, ""10"": 13976}",18944,10.53615127919911,10,40.0,60.0,10.0,125000,352784,124992,2.0,sgcp-density-cap,1,ns3,899,0.5,10,12,28,,,[],[],9>10:1,,24,37,
2026_07_29_02_32_08,000120,12,all-cluster-heads,docs\doc_workspace\SGCP\artifacts\early_from_late_checkpoint_20260719\enable_coperception_early_from_attentive.yaml,dynamic_cv,grid,utility,utility,none,0,0,,potential_verified_cov_coalition_game,7,,4;7;12,12;4;7,4;7,"{""4"": 30, ""7"": 28}","{""4"": 1521, ""7"": 2612, ""12"": 14223}",66128,23.24360400444939,10,40.0,60.0,10.0,125000,352784,124992,2.0,sgcp-density-cap,1,ns3,899,0.5,10,12,28,,,[],[],4>12:9;7>12:2,,25,50,
2026_07_29_02_32_08,000120,13,all-cluster-heads,docs\doc_workspace\SGCP\artifacts\early_from_late_checkpoint_20260719\enable_coperception_early_from_attentive.yaml,dynamic_cv,grid,utility,utility,none,0,0,,potential_verified_cov_coalition_game,7,,13;14;19,13;14,14,"{""14"": 2}","{""13"": 13367, ""14"": 243}",3888,2.1624026696329253,10,40.0,60.0,10.0,125000,352784,124992,2.0,sgcp-density-cap,1,ns3,899,0.5,10,12,28,,,[],[],14>13:3,,1,12,
2026_07_29_02_32_08,000120,15,all-cluster-heads,docs\doc_workspace\SGCP\artifacts\early_from_late_checkpoint_20260719\enable_coperception_early_from_attentive.yaml,dynamic_cv,grid,utility,utility,none,0,0,,potential_verified_cov_coalition_game,7,,6;15,15,,{},"{""15"": 13667}",0,0.0,10,40.0,60.0,10.0,125000,352784,124992,2.0,sgcp-density-cap,1,ns3,899,0.5,10,12,28,,,[],[],,,18,26,
2026_07_29_02_32_08,000120,17,all-cluster-heads,docs\doc_workspace\SGCP\artifacts\early_from_late_checkpoint_20260719\enable_coperception_early_from_attentive.yaml,dynamic_cv,grid,utility,utility,none,0,0,,potential_verified_cov_coalition_game,7,,3;16;17;18,17,,{},"{""17"": 14265}",0,0.0,10,40.0,60.0,10.0,125000,352784,124992,2.0,sgcp-density-cap,1,ns3,899,0.5,10,12,28,,,[],[],,,9,21,
2026_07_29_02_32_08,000120,20,all-cluster-heads,docs\doc_workspace\SGCP\artifacts\early_from_late_checkpoint_20260719\enable_coperception_early_from_attentive.yaml,dynamic_cv,grid,utility,utility,none,0,0,,potential_verified_cov_coalition_game,7,,5;20,20,,{},"{""20"": 13881}",0,0.0,10,40.0,60.0,10.0,125000,352784,124992,2.0,sgcp-density-cap,1,ns3,899,0.5,10,12,28,,,[],[],,,21,30,
2026_07_29_02_32_08,000122,1,all-cluster-heads,docs\doc_workspace\SGCP\artifacts\early_from_late_checkpoint_20260719\enable_coperception_early_from_attentive.yaml,dynamic_cv,grid,utility,utility,none,0,0,,potential_verified_cov_coalition_game,7,,1;2;8;11,1;11,11,"{""11"": 33}","{""1"": 13965, ""11"": 2253}",36048,20.048943270300335,10,40.0,60.0,10.0,125000,353760,124992,2.0,sgcp-density-cap,1,ns3,899,0.5,10,12,28,,,[],[],11>1:0,,25,45,
2026_07_29_02_32_08,000122,10,all-cluster-heads,docs\doc_workspace\SGCP\artifacts\early_from_late_checkpoint_20260719\enable_coperception_early_from_attentive.yaml,dynamic_cv,grid,utility,utility,none,0,0,,potential_verified_cov_coalition_game,7,,9;10,10;9,9,"{""9"": 33}","{""9"": 1183, ""10"": 13976}",18928,10.527252502780868,10,40.0,60.0,10.0,125000,353760,124992,2.0,sgcp-density-cap,1,ns3,899,0.5,10,12,28,,,[],[],9>10:1,,25,38,
2026_07_29_02_32_08,000122,12,all-cluster-heads,docs\doc_workspace\SGCP\artifacts\early_from_late_checkpoint_20260719\enable_coperception_early_from_attentive.yaml,dynamic_cv,grid,utility,utility,none,0,0,,potential_verified_cov_coalition_game,7,,4;7;12,12;4;7,4;7,"{""4"": 31, ""7"": 28}","{""4"": 1525, ""7"": 2657, ""12"": 14209}",66912,23.6440489432703,10,40.0,60.0,10.0,125000,353760,124992,2.0,sgcp-density-cap,1,ns3,899,0.5,10,12,28,,,[],[],4>12:9;7>12:2,,25,50,
2026_07_29_02_32_08,000122,13,all-cluster-heads,docs\doc_workspace\SGCP\artifacts\early_from_late_checkpoint_20260719\enable_coperception_early_from_attentive.yaml,dynamic_cv,grid,utility,utility,none,0,0,,potential_verified_cov_coalition_game,7,,13;14;19,13;14;19,14;19,"{""14"": 1, ""19"": 1}","{""13"": 13373, ""14"": 190, ""19"": 4}",3104,1.6907675194660734,10,40.0,60.0,10.0,125000,353760,124992,2.0,sgcp-density-cap,1,ns3,899,0.5,10,12,28,,,[],[],14>13:3;19>13:7,,0,25,
2026_07_29_02_32_08,000122,15,all-cluster-heads,docs\doc_workspace\SGCP\artifacts\early_from_late_checkpoint_20260719\enable_coperception_early_from_attentive.yaml,dynamic_cv,grid,utility,utility,none,0,0,,potential_verified_cov_coalition_game,7,,6;15,15,,{},"{""15"": 13668}",0,0.0,10,40.0,60.0,10.0,125000,353760,124992,2.0,sgcp-density-cap,1,ns3,899,0.5,10,12,28,,,[],[],,,18,27,
2026_07_29_02_32_08,000122,17,all-cluster-heads,docs\doc_workspace\SGCP\artifacts\early_from_late_checkpoint_20260719\enable_coperception_early_from_attentive.yaml,dynamic_cv,grid,utility,utility,none,0,0,,potential_verified_cov_coalition_game,7,,3;16;17;18,17,,{},"{""17"": 14263}",0,0.0,10,40.0,60.0,10.0,125000,353760,124992,2.0,sgcp-density-cap,1,ns3,899,0.5,10,12,28,,,[],[],,,8,21,
2026_07_29_02_32_08,000122,20,all-cluster-heads,docs\doc_workspace\SGCP\artifacts\early_from_late_checkpoint_20260719\enable_coperception_early_from_attentive.yaml,dynamic_cv,grid,utility,utility,none,0,0,,potential_verified_cov_coalition_game,7,,5;20,20,,{},"{""20"": 13882}",0,0.0,10,40.0,60.0,10.0,125000,353760,124992,2.0,sgcp-density-cap,1,ns3,899,0.5,10,12,28,,,[],[],,,21,30,
2026_07_29_02_32_08,000124,1,all-cluster-heads,docs\doc_workspace\SGCP\artifacts\early_from_late_checkpoint_20260719\enable_coperception_early_from_attentive.yaml,dynamic_cv,grid,utility,utility,none,0,0,,potential_verified_cov_coalition_game,7,,1;2;8;11,1;11,11,"{""11"": 33}","{""1"": 13963, ""11"": 2258}",36128,20.093437152391544,10,40.0,60.0,10.0,125000,354624,124992,2.0,sgcp-density-cap,1,ns3,899,0.5,10,12,28,,,[],[],11>1:0,,24,44,
2026_07_29_02_32_08,000124,10,all-cluster-heads,docs\doc_workspace\SGCP\artifacts\early_from_late_checkpoint_20260719\enable_coperception_early_from_attentive.yaml,dynamic_cv,grid,utility,utility,none,0,0,,potential_verified_cov_coalition_game,7,,9;10,10;9,9,"{""9"": 33}","{""9"": 1186, ""10"": 13972}",18976,10.553948832035596,10,40.0,60.0,10.0,125000,354624,124992,2.0,sgcp-density-cap,1,ns3,899,0.5,10,12,28,,,[],[],9>10:1,,24,37,
2026_07_29_02_32_08,000124,12,all-cluster-heads,docs\doc_workspace\SGCP\artifacts\early_from_late_checkpoint_20260719\enable_coperception_early_from_attentive.yaml,dynamic_cv,grid,utility,utility,none,0,0,,potential_verified_cov_coalition_game,7,,4;7;12,12;4;7,4;7,"{""4"": 33, ""7"": 28}","{""4"": 1542, ""7"": 2668, ""12"": 14179}",67360,23.741935483870968,10,40.0,60.0,10.0,125000,354624,124992,2.0,sgcp-density-cap,1,ns3,899,0.5,10,12,28,,,[],[],4>12:9;7>12:2,,22,50,
2026_07_29_02_32_08,000124,13,all-cluster-heads,docs\doc_workspace\SGCP\artifacts\early_from_late_checkpoint_20260719\enable_coperception_early_from_attentive.yaml,dynamic_cv,grid,utility,utility,none,0,0,,potential_verified_cov_coalition_game,7,,13;14;19,13;14,14,"{""14"": 1}","{""13"": 13342, ""14"": 158}",2528,1.4060066740823136,10,40.0,60.0,10.0,125000,354624,124992,2.0,sgcp-density-cap,1,ns3,899,0.5,10,12,28,,,[],[],14>13:3,,0,12,
2026_07_29_02_32_08,000124,15,all-cluster-heads,docs\doc_workspace\SGCP\artifacts\early_from_late_checkpoint_20260719\enable_coperception_early_from_attentive.yaml,dynamic_cv,grid,utility,utility,none,0,0,,potential_verified_cov_coalition_game,7,,6;15,15,,{},"{""15"": 13675}",0,0.0,10,40.0,60.0,10.0,125000,354624,124992,2.0,sgcp-density-cap,1,ns3,899,0.5,10,12,28,,,[],[],,,19,28,
2026_07_29_02_32_08,000124,17,all-cluster-heads,docs\doc_workspace\SGCP\artifacts\early_from_late_checkpoint_20260719\enable_coperception_early_from_attentive.yaml,dynamic_cv,grid,utility,utility,none,0,0,,potential_verified_cov_coalition_game,7,,3;16;17;18,17,,{},"{""17"": 14254}",0,0.0,10,40.0,60.0,10.0,125000,354624,124992,2.0,sgcp-density-cap,1,ns3,899,0.5,10,12,28,,,[],[],,,9,22,
2026_07_29_02_32_08,000124,20,all-cluster-heads,docs\doc_workspace\SGCP\artifacts\early_from_late_checkpoint_20260719\enable_coperception_early_from_attentive.yaml,dynamic_cv,grid,utility,utility,none,0,0,,potential_verified_cov_coalition_game,7,,5;20,20,,{},"{""20"": 13887}",0,0.0,10,40.0,60.0,10.0,125000,354624,124992,2.0,sgcp-density-cap,1,ns3,899,0.5,10,12,28,,,[],[],,,20,31,
2026_07_29_02_32_08,000126,1,all-cluster-heads,docs\doc_workspace\SGCP\artifacts\early_from_late_checkpoint_20260719\enable_coperception_early_from_attentive.yaml,dynamic_cv,grid,utility,utility,none,0,0,,potential_verified_cov_coalition_game,7,,1;2;8;11,1;11,11,"{""11"": 33}","{""1"": 13963, ""11"": 2262}",36192,20.129032258064516,10,40.0,60.0,10.0,125000,356080,124992,2.0,sgcp-density-cap,1,ns3,899,0.5,10,12,28,,,[],[],11>1:0,,22,44,
2026_07_29_02_32_08,000126,10,all-cluster-heads,docs\doc_workspace\SGCP\artifacts\early_from_late_checkpoint_20260719\enable_coperception_early_from_attentive.yaml,dynamic_cv,grid,utility,utility,none,0,0,,potential_verified_cov_coalition_game,7,,9;10,10;9,9,"{""9"": 33}","{""9"": 1185, ""10"": 13972}",18960,10.545050055617352,10,40.0,60.0,10.0,125000,356080,124992,2.0,sgcp-density-cap,1,ns3,899,0.5,10,12,28,,,[],[],9>10:1,,23,37,
2026_07_29_02_32_08,000126,12,all-cluster-heads,docs\doc_workspace\SGCP\artifacts\early_from_late_checkpoint_20260719\enable_coperception_early_from_attentive.yaml,dynamic_cv,grid,utility,utility,none,0,0,,potential_verified_cov_coalition_game,7,,4;7;12,12;4;7,4;7,"{""4"": 29, ""7"": 28}","{""4"": 1518, ""7"": 2709, ""12"": 14162}",67632,24.10678531701891,10,40.0,60.0,10.0,125000,356080,124992,2.0,sgcp-density-cap,1,ns3,899,0.5,10,12,28,,,[],[],4>12:9;7>12:2,,22,50,
2026_07_29_02_32_08,000126,13,all-cluster-heads,docs\doc_workspace\SGCP\artifacts\early_from_late_checkpoint_20260719\enable_coperception_early_from_attentive.yaml,dynamic_cv,grid,utility,utility,none,0,0,,potential_verified_cov_coalition_game,7,,13;14;19,13;14;19,14;19,"{""14"": 1, ""19"": 2}","{""13"": 13344, ""14"": 127, ""19"": 11}",2208,1.1301446051167965,10,40.0,60.0,10.0,125000,356080,124992,2.0,sgcp-density-cap,1,ns3,899,0.5,10,12,28,,,[],[],14>13:3;19>13:7,,0,24,
2026_07_29_02_32_08,000126,15,all-cluster-heads,docs\doc_workspace\SGCP\artifacts\early_from_late_checkpoint_20260719\enable_coperception_early_from_attentive.yaml,dynamic_cv,grid,utility,utility,none,0,0,,potential_verified_cov_coalition_game,7,,6;15,15,,{},"{""15"": 13678}",0,0.0,10,40.0,60.0,10.0,125000,356080,124992,2.0,sgcp-density-cap,1,ns3,899,0.5,10,12,28,,,[],[],,,21,29,
2026_07_29_02_32_08,000126,17,all-cluster-heads,docs\doc_workspace\SGCP\artifacts\early_from_late_checkpoint_20260719\enable_coperception_early_from_attentive.yaml,dynamic_cv,grid,utility,utility,none,0,0,,potential_verified_cov_coalition_game,7,,3;16;17;18,17,,{},"{""17"": 14251}",0,0.0,10,40.0,60.0,10.0,125000,356080,124992,2.0,sgcp-density-cap,1,ns3,899,0.5,10,12,28,,,[],[],,,10,22,
2026_07_29_02_32_08,000126,20,all-cluster-heads,docs\doc_workspace\SGCP\artifacts\early_from_late_checkpoint_20260719\enable_coperception_early_from_attentive.yaml,dynamic_cv,grid,utility,utility,none,0,0,,potential_verified_cov_coalition_game,7,,5;20,20,,{},"{""20"": 13888}",0,0.0,10,40.0,60.0,10.0,125000,356080,124992,2.0,sgcp-density-cap,1,ns3,899,0.5,10,12,28,,,[],[],,,20,32,
2026_07_29_02_32_08,000128,1,all-cluster-heads,docs\doc_workspace\SGCP\artifacts\early_from_late_checkpoint_20260719\enable_coperception_early_from_attentive.yaml,dynamic_cv,grid,utility,utility,none,0,0,,potential_verified_cov_coalition_game,7,,1;2;8;11,1;11,11,"{""11"": 33}","{""1"": 13966, ""11"": 2262}",36192,20.129032258064516,10,40.0,60.0,10.0,125000,350832,124992,2.0,sgcp-density-cap,1,ns3,899,0.5,10,12,28,,,[],[],11>1:0,,23,45,
2026_07_29_02_32_08,000128,10,all-cluster-heads,docs\doc_workspace\SGCP\artifacts\early_from_late_checkpoint_20260719\enable_coperception_early_from_attentive.yaml,dynamic_cv,grid,utility,utility,none,0,0,,potential_verified_cov_coalition_game,7,,9;10,10;9,9,"{""9"": 33}","{""9"": 1186, ""10"": 13970}",18976,10.553948832035596,10,40.0,60.0,10.0,125000,350832,124992,2.0,sgcp-density-cap,1,ns3,899,0.5,10,12,28,,,[],[],9>10:1,,25,37,
2026_07_29_02_32_08,000128,12,all-cluster-heads,docs\doc_workspace\SGCP\artifacts\early_from_late_checkpoint_20260719\enable_coperception_early_from_attentive.yaml,dynamic_cv,grid,utility,utility,none,0,0,,potential_verified_cov_coalition_game,7,,4;7;12,12;4;7,4;7,"{""4"": 30, ""7"": 27}","{""4"": 1571, ""7"": 2721, ""12"": 14176}",68672,24.21357063403782,10,40.0,60.0,10.0,125000,350832,124992,2.0,sgcp-density-cap,1,ns3,899,0.5,10,12,28,,,[],[],4>12:9;7>12:2,,23,49,
2026_07_29_02_32_08,000128,13,all-cluster-heads,docs\doc_workspace\SGCP\artifacts\early_from_late_checkpoint_20260719\enable_coperception_early_from_attentive.yaml,dynamic_cv,grid,utility,utility,none,0,0,,potential_verified_cov_coalition_game,7,,13;14;19,13;14;19,14;19,"{""14"": 1, ""19"": 2}","{""13"": 13359, ""14"": 60, ""19"": 12}",1152,0.5339265850945495,10,40.0,60.0,10.0,125000,350832,124992,2.0,sgcp-density-cap,1,ns3,899,0.5,10,12,28,,,[],[],14>13:3;19>13:7,,1,24,
2026_07_29_02_32_08,000128,15,all-cluster-heads,docs\doc_workspace\SGCP\artifacts\early_from_late_checkpoint_20260719\enable_coperception_early_from_attentive.yaml,dynamic_cv,grid,utility,utility,none,0,0,,potential_verified_cov_coalition_game,7,,6;15,15,,{},"{""15"": 13694}",0,0.0,10,40.0,60.0,10.0,125000,350832,124992,2.0,sgcp-density-cap,1,ns3,899,0.5,10,12,28,,,[],[],,,19,28,
2026_07_29_02_32_08,000128,17,all-cluster-heads,docs\doc_workspace\SGCP\artifacts\early_from_late_checkpoint_20260719\enable_coperception_early_from_attentive.yaml,dynamic_cv,grid,utility,utility,none,0,0,,potential_verified_cov_coalition_game,7,,3;16;17;18,17,,{},"{""17"": 14246}",0,0.0,10,40.0,60.0,10.0,125000,350832,124992,2.0,sgcp-density-cap,1,ns3,899,0.5,10,12,28,,,[],[],,,11,22,
2026_07_29_02_32_08,000128,20,all-cluster-heads,docs\doc_workspace\SGCP\artifacts\early_from_late_checkpoint_20260719\enable_coperception_early_from_attentive.yaml,dynamic_cv,grid,utility,utility,none,0,0,,potential_verified_cov_coalition_game,7,,5;20,20,,{},"{""20"": 13891}",0,0.0,10,40.0,60.0,10.0,125000,350832,124992,2.0,sgcp-density-cap,1,ns3,899,0.5,10,12,28,,,[],[],,,20,32,
2026_07_29_02_32_08,000130,1,all-cluster-heads,docs\doc_workspace\SGCP\artifacts\early_from_late_checkpoint_20260719\enable_coperception_early_from_attentive.yaml,dynamic_cv,grid,utility,utility,none,0,0,,potential_verified_cov_coalition_game,7,,1;2;8;11,1;11,11,"{""11"": 33}","{""1"": 13963, ""11"": 2264}",36224,20.146829810901,10,40.0,60.0,10.0,125000,350384,124992,2.0,sgcp-density-cap,1,ns3,899,0.5,10,12,28,,,[],[],11>1:0,,25,44,
2026_07_29_02_32_08,000130,10,all-cluster-heads,docs\doc_workspace\SGCP\artifacts\early_from_late_checkpoint_20260719\enable_coperception_early_from_attentive.yaml,dynamic_cv,grid,utility,utility,none,0,0,,potential_verified_cov_coalition_game,7,,9;10,10;9,9,"{""9"": 33}","{""9"": 1188, ""10"": 13970}",19008,10.57174638487208,10,40.0,60.0,10.0,125000,350384,124992,2.0,sgcp-density-cap,1,ns3,899,0.5,10,12,28,,,[],[],9>10:1,,23,37,
2026_07_29_02_32_08,000130,12,all-cluster-heads,docs\doc_workspace\SGCP\artifacts\early_from_late_checkpoint_20260719\enable_coperception_early_from_attentive.yaml,dynamic_cv,grid,utility,utility,none,0,0,,potential_verified_cov_coalition_game,7,,4;7;12,12;4;7,4;7,"{""4"": 30, ""7"": 27}","{""4"": 1590, ""7"": 2727, ""12"": 14172}",69072,24.266963292547274,10,40.0,60.0,10.0,125000,350384,124992,2.0,sgcp-density-cap,1,ns3,899,0.5,10,12,28,,,[],[],4>12:9;7>12:2,,19,48,
2026_07_29_02_32_08,000130,13,all-cluster-heads,docs\doc_workspace\SGCP\artifacts\early_from_late_checkpoint_20260719\enable_coperception_early_from_attentive.yaml,dynamic_cv,grid,utility,utility,none,0,0,,potential_verified_cov_coalition_game,7,,13;14;19,13;14;19,14;19,"{""14"": 1, ""19"": 1}","{""13"": 13355, ""14"": 41, ""19"": 2}",688,0.36484983314794217,10,40.0,60.0,10.0,125000,350384,124992,2.0,sgcp-density-cap,1,ns3,899,0.5,10,12,28,,,[],[],14>13:3;19>13:7,,0,24,
2026_07_29_02_32_08,000130,15,all-cluster-heads,docs\doc_workspace\SGCP\artifacts\early_from_late_checkpoint_20260719\enable_coperception_early_from_attentive.yaml,dynamic_cv,grid,utility,utility,none,0,0,,potential_verified_cov_coalition_game,7,,6;15,15,,{},"{""15"": 13715}",0,0.0,10,40.0,60.0,10.0,125000,350384,124992,2.0,sgcp-density-cap,1,ns3,899,0.5,10,12,28,,,[],[],,,18,26,
2026_07_29_02_32_08,000130,17,all-cluster-heads,docs\doc_workspace\SGCP\artifacts\early_from_late_checkpoint_20260719\enable_coperception_early_from_attentive.yaml,dynamic_cv,grid,utility,utility,none,0,0,,potential_verified_cov_coalition_game,7,,3;16;17;18,17,,{},"{""17"": 14246}",0,0.0,10,40.0,60.0,10.0,125000,350384,124992,2.0,sgcp-density-cap,1,ns3,899,0.5,10,12,28,,,[],[],,,10,21,
2026_07_29_02_32_08,000130,20,all-cluster-heads,docs\doc_workspace\SGCP\artifacts\early_from_late_checkpoint_20260719\enable_coperception_early_from_attentive.yaml,dynamic_cv,grid,utility,utility,none,0,0,,potential_verified_cov_coalition_game,7,,5;20,20,,{},"{""20"": 13896}",0,0.0,10,40.0,60.0,10.0,125000,350384,124992,2.0,sgcp-density-cap,1,ns3,899,0.5,10,12,28,,,[],[],,,20,31,
2026_07_29_02_32_08,000132,4,all-cluster-heads,docs\doc_workspace\SGCP\artifacts\early_from_late_checkpoint_20260719\enable_coperception_early_from_attentive.yaml,dynamic_cv,grid,utility,utility,none,0,0,,potential_verified_cov_coalition_game,6,,4;7;8;12,4;7;12,7;12,"{""7"": 30, ""12"": 30}","{""4"": 13769, ""7"": 1734, ""12"": 2763}",71952,24.587319243604004,10,40.0,60.0,10.0,125000,372544,124992,2.0,sgcp-density-cap,1,ns3,899,0.5,10,12,28,,,[],[],7>4:8;12>4:0,,23,47,
2026_07_29_02_32_08,000132,11,all-cluster-heads,docs\doc_workspace\SGCP\artifacts\early_from_late_checkpoint_20260719\enable_coperception_early_from_attentive.yaml,dynamic_cv,grid,utility,utility,none,0,0,,potential_verified_cov_coalition_game,6,,1;2;11;19,11;2;19,2;19,"{""2"": 6, ""19"": 32}","{""2"": 687, ""11"": 13871, ""19"": 2627}",53024,23.377085650723025,10,40.0,60.0,10.0,125000,372544,124992,2.0,sgcp-density-cap,1,ns3,899,0.5,10,12,28,,,[],[],2>11:7;19>11:1,,24,50,
2026_07_29_02_32_08,000132,13,all-cluster-heads,docs\doc_workspace\SGCP\artifacts\early_from_late_checkpoint_20260719\enable_coperception_early_from_attentive.yaml,dynamic_cv,grid,utility,utility,none,0,0,,potential_verified_cov_coalition_game,6,,9;10;13;14,13;10,10,"{""10"": 1}","{""10"": 1, ""13"": 13368}",16,0.008898776418242492,10,40.0,60.0,10.0,125000,372544,124992,2.0,sgcp-density-cap,1,ns3,899,0.5,10,12,28,,,[],[],10>13:6,,0,34,
2026_07_29_02_32_08,000132,15,all-cluster-heads,docs\doc_workspace\SGCP\artifacts\early_from_late_checkpoint_20260719\enable_coperception_early_from_attentive.yaml,dynamic_cv,grid,utility,utility,none,0,0,,potential_verified_cov_coalition_game,6,,6;15,15,,{},"{""15"": 13706}",0,0.0,10,40.0,60.0,10.0,125000,372544,124992,2.0,sgcp-density-cap,1,ns3,899,0.5,10,12,28,,,[],[],,,19,26,
2026_07_29_02_32_08,000132,17,all-cluster-heads,docs\doc_workspace\SGCP\artifacts\early_from_late_checkpoint_20260719\enable_coperception_early_from_attentive.yaml,dynamic_cv,grid,utility,utility,none,0,0,,potential_verified_cov_coalition_game,6,,3;16;17;18,17,,{},"{""17"": 14246}",0,0.0,10,40.0,60.0,10.0,125000,372544,124992,2.0,sgcp-density-cap,1,ns3,899,0.5,10,12,28,,,[],[],,,10,21,
2026_07_29_02_32_08,000132,20,all-cluster-heads,docs\doc_workspace\SGCP\artifacts\early_from_late_checkpoint_20260719\enable_coperception_early_from_attentive.yaml,dynamic_cv,grid,utility,utility,none,0,0,,potential_verified_cov_coalition_game,6,,5;20,20,,{},"{""20"": 13905}",0,0.0,10,40.0,60.0,10.0,125000,372544,124992,2.0,sgcp-density-cap,1,ns3,899,0.5,10,12,28,,,[],[],,,22,31,
2026_07_29_02_32_08,000134,4,all-cluster-heads,docs\doc_workspace\SGCP\artifacts\early_from_late_checkpoint_20260719\enable_coperception_early_from_attentive.yaml,dynamic_cv,grid,utility,utility,none,0,0,,potential_verified_cov_coalition_game,6,,4;7;8;12,4;7;12,7;12,"{""7"": 28, ""12"": 30}","{""4"": 13769, ""7"": 1745, ""12"": 2829}",73184,25.17463848720801,10,40.0,60.0,10.0,125000,375136,124992,2.0,sgcp-density-cap,1,ns3,899,0.5,10,12,28,,,[],[],7>4:8;12>4:0,,26,47,
2026_07_29_02_32_08,000134,11,all-cluster-heads,docs\doc_workspace\SGCP\artifacts\early_from_late_checkpoint_20260719\enable_coperception_early_from_attentive.yaml,dynamic_cv,grid,utility,utility,none,0,0,,potential_verified_cov_coalition_game,6,,1;2;11;19,11;2;19,2;19,"{""2"": 6, ""19"": 32}","{""2"": 606, ""11"": 13868, ""19"": 2632}",51808,23.42157953281424,10,40.0,60.0,10.0,125000,375136,124992,2.0,sgcp-density-cap,1,ns3,899,0.5,10,12,28,,,[],[],2>11:7;19>11:1,,27,50,
2026_07_29_02_32_08,000134,13,all-cluster-heads,docs\doc_workspace\SGCP\artifacts\early_from_late_checkpoint_20260719\enable_coperception_early_from_attentive.yaml,dynamic_cv,grid,utility,utility,none,0,0,,potential_verified_cov_coalition_game,6,,9;10;13;14,13,,{},"{""13"": 13362}",0,0.0,10,40.0,60.0,10.0,125000,375136,124992,2.0,sgcp-density-cap,1,ns3,899,0.5,10,12,28,,,[],[],,,0,11,
2026_07_29_02_32_08,000134,15,all-cluster-heads,docs\doc_workspace\SGCP\artifacts\early_from_late_checkpoint_20260719\enable_coperception_early_from_attentive.yaml,dynamic_cv,grid,utility,utility,none,0,0,,potential_verified_cov_coalition_game,6,,6;15,15,,{},"{""15"": 13725}",0,0.0,10,40.0,60.0,10.0,125000,375136,124992,2.0,sgcp-density-cap,1,ns3,899,0.5,10,12,28,,,[],[],,,17,27,
2026_07_29_02_32_08,000134,17,all-cluster-heads,docs\doc_workspace\SGCP\artifacts\early_from_late_checkpoint_20260719\enable_coperception_early_from_attentive.yaml,dynamic_cv,grid,utility,utility,none,0,0,,potential_verified_cov_coalition_game,6,,3;16;17;18,17,,{},"{""17"": 14252}",0,0.0,10,40.0,60.0,10.0,125000,375136,124992,2.0,sgcp-density-cap,1,ns3,899,0.5,10,12,28,,,[],[],,,11,20,
2026_07_29_02_32_08,000134,20,all-cluster-heads,docs\doc_workspace\SGCP\artifacts\early_from_late_checkpoint_20260719\enable_coperception_early_from_attentive.yaml,dynamic_cv,grid,utility,utility,none,0,0,,potential_verified_cov_coalition_game,6,,5;20,20,,{},"{""20"": 13917}",0,0.0,10,40.0,60.0,10.0,125000,375136,124992,2.0,sgcp-density-cap,1,ns3,899,0.5,10,12,28,,,[],[],,,21,31,
2026_07_29_02_32_08,000136,4,all-cluster-heads,docs\doc_workspace\SGCP\artifacts\early_from_late_checkpoint_20260719\enable_coperception_early_from_attentive.yaml,dynamic_cv,grid,utility,utility,none,0,0,,potential_verified_cov_coalition_game,6,,4;7;8;12,4;7;12,7;12,"{""7"": 28, ""12"": 29}","{""4"": 13765, ""7"": 1797, ""12"": 2875}",74752,25.583982202447164,10,40.0,60.0,10.0,125000,373712,124992,2.0,sgcp-density-cap,1,ns3,899,0.5,10,12,28,,,[],[],7>4:8;12>4:0,,26,46,
2026_07_29_02_32_08,000136,11,all-cluster-heads,docs\doc_workspace\SGCP\artifacts\early_from_late_checkpoint_20260719\enable_coperception_early_from_attentive.yaml,dynamic_cv,grid,utility,utility,none,0,0,,potential_verified_cov_coalition_game,6,,1;2;11;19,11;2;19,2;19,"{""2"": 5, ""19"": 32}","{""2"": 507, ""11"": 13869, ""19"": 2633}",50240,23.43047830923248,10,40.0,60.0,10.0,125000,373712,124992,2.0,sgcp-density-cap,1,ns3,899,0.5,10,12,28,,,[],[],2>11:7;19>11:1,,25,50,
2026_07_29_02_32_08,000136,13,all-cluster-heads,docs\doc_workspace\SGCP\artifacts\early_from_late_checkpoint_20260719\enable_coperception_early_from_attentive.yaml,dynamic_cv,grid,utility,utility,none,0,0,,potential_verified_cov_coalition_game,6,,9;10;13;14,13,,{},"{""13"": 13374}",0,0.0,10,40.0,60.0,10.0,125000,373712,124992,2.0,sgcp-density-cap,1,ns3,899,0.5,10,12,28,,,[],[],,,0,12,
2026_07_29_02_32_08,000136,15,all-cluster-heads,docs\doc_workspace\SGCP\artifacts\early_from_late_checkpoint_20260719\enable_coperception_early_from_attentive.yaml,dynamic_cv,grid,utility,utility,none,0,0,,potential_verified_cov_coalition_game,6,,6;15,15,,{},"{""15"": 13717}",0,0.0,10,40.0,60.0,10.0,125000,373712,124992,2.0,sgcp-density-cap,1,ns3,899,0.5,10,12,28,,,[],[],,,21,28,
2026_07_29_02_32_08,000136,17,all-cluster-heads,docs\doc_workspace\SGCP\artifacts\early_from_late_checkpoint_20260719\enable_coperception_early_from_attentive.yaml,dynamic_cv,grid,utility,utility,none,0,0,,potential_verified_cov_coalition_game,6,,3;16;17;18,17,,{},"{""17"": 14256}",0,0.0,10,40.0,60.0,10.0,125000,373712,124992,2.0,sgcp-density-cap,1,ns3,899,0.5,10,12,28,,,[],[],,,10,20,
2026_07_29_02_32_08,000136,20,all-cluster-heads,docs\doc_workspace\SGCP\artifacts\early_from_late_checkpoint_20260719\enable_coperception_early_from_attentive.yaml,dynamic_cv,grid,utility,utility,none,0,0,,potential_verified_cov_coalition_game,6,,5;20,20,,{},"{""20"": 13920}",0,0.0,10,40.0,60.0,10.0,125000,373712,124992,2.0,sgcp-density-cap,1,ns3,899,0.5,10,12,28,,,[],[],,,21,32,
2026_07_29_02_32_08,000138,4,all-cluster-heads,docs\doc_workspace\SGCP\artifacts\early_from_late_checkpoint_20260719\enable_coperception_early_from_attentive.yaml,dynamic_cv,grid,utility,utility,none,0,0,,potential_verified_cov_coalition_game,6,,4;7;8;12,4;7;12,7;12,"{""7"": 29, ""12"": 29}","{""4"": 13763, ""7"": 1839, ""12"": 2950}",76624,26.251390433815352,10,40.0,60.0,10.0,125000,377088,124992,2.0,sgcp-density-cap,1,ns3,899,0.5,10,12,28,,,[],[],7>4:8;12>4:0,,25,47,
2026_07_29_02_32_08,000138,11,all-cluster-heads,docs\doc_workspace\SGCP\artifacts\early_from_late_checkpoint_20260719\enable_coperception_early_from_attentive.yaml,dynamic_cv,grid,utility,utility,none,0,0,,potential_verified_cov_coalition_game,6,,1;2;11;19,11;2;19,2;19,"{""2"": 4, ""19"": 32}","{""2"": 384, ""11"": 13868, ""19"": 2639}",48368,23.483870967741936,10,40.0,60.0,10.0,125000,377088,124992,2.0,sgcp-density-cap,1,ns3,899,0.5,10,12,28,,,[],[],2>11:7;19>11:1,,24,50,
2026_07_29_02_32_08,000138,13,all-cluster-heads,docs\doc_workspace\SGCP\artifacts\early_from_late_checkpoint_20260719\enable_coperception_early_from_attentive.yaml,dynamic_cv,grid,utility,utility,none,0,0,,potential_verified_cov_coalition_game,6,,9;10;13;14,13,,{},"{""13"": 13373}",0,0.0,10,40.0,60.0,10.0,125000,377088,124992,2.0,sgcp-density-cap,1,ns3,899,0.5,10,12,28,,,[],[],,,0,12,
2026_07_29_02_32_08,000138,15,all-cluster-heads,docs\doc_workspace\SGCP\artifacts\early_from_late_checkpoint_20260719\enable_coperception_early_from_attentive.yaml,dynamic_cv,grid,utility,utility,none,0,0,,potential_verified_cov_coalition_game,6,,6;15,15,,{},"{""15"": 13742}",0,0.0,10,40.0,60.0,10.0,125000,377088,124992,2.0,sgcp-density-cap,1,ns3,899,0.5,10,12,28,,,[],[],,,22,28,
2026_07_29_02_32_08,000138,17,all-cluster-heads,docs\doc_workspace\SGCP\artifacts\early_from_late_checkpoint_20260719\enable_coperception_early_from_attentive.yaml,dynamic_cv,grid,utility,utility,none,0,0,,potential_verified_cov_coalition_game,6,,3;16;17;18,17,,{},"{""17"": 14254}",0,0.0,10,40.0,60.0,10.0,125000,377088,124992,2.0,sgcp-density-cap,1,ns3,899,0.5,10,12,28,,,[],[],,,11,20,
2026_07_29_02_32_08,000138,20,all-cluster-heads,docs\doc_workspace\SGCP\artifacts\early_from_late_checkpoint_20260719\enable_coperception_early_from_attentive.yaml,dynamic_cv,grid,utility,utility,none,0,0,,potential_verified_cov_coalition_game,6,,5;20,20,,{},"{""20"": 13925}",0,0.0,10,40.0,60.0,10.0,125000,377088,124992,2.0,sgcp-density-cap,1,ns3,899,0.5,10,12,28,,,[],[],,,22,31,
2026_07_29_02_32_08,000140,4,all-cluster-heads,docs\doc_workspace\SGCP\artifacts\early_from_late_checkpoint_20260719\enable_coperception_early_from_attentive.yaml,dynamic_cv,grid,utility,utility,none,0,0,,potential_verified_cov_coalition_game,6,,4;7;8;12,4;7;12,7;12,"{""7"": 30, ""12"": 29}","{""4"": 13760, ""7"": 1857, ""12"": 3025}",78112,26.918798665183537,10,40.0,60.0,10.0,125000,380288,124992,2.0,sgcp-density-cap,1,ns3,899,0.5,10,12,28,,,[],[],7>4:7;12>4:0,,24,47,
2026_07_29_02_32_08,000140,11,all-cluster-heads,docs\doc_workspace\SGCP\artifacts\early_from_late_checkpoint_20260719\enable_coperception_early_from_attentive.yaml,dynamic_cv,grid,utility,utility,none,0,0,,potential_verified_cov_coalition_game,6,,1;2;11;19,11;2;19,2;19,"{""2"": 3, ""19"": 32}","{""2"": 291, ""11"": 13871, ""19"": 2639}",46880,23.483870967741936,10,40.0,60.0,10.0,125000,380288,124992,2.0,sgcp-density-cap,1,ns3,899,0.5,10,12,28,,,[],[],2>11:8;19>11:1,,22,49,
2026_07_29_02_32_08,000140,13,all-cluster-heads,docs\doc_workspace\SGCP\artifacts\early_from_late_checkpoint_20260719\enable_coperception_early_from_attentive.yaml,dynamic_cv,grid,utility,utility,none,0,0,,potential_verified_cov_coalition_game,6,,9;10;13;14,13,,{},"{""13"": 13344}",0,0.0,10,40.0,60.0,10.0,125000,380288,124992,2.0,sgcp-density-cap,1,ns3,899,0.5,10,12,28,,,[],[],,,0,12,
2026_07_29_02_32_08,000140,15,all-cluster-heads,docs\doc_workspace\SGCP\artifacts\early_from_late_checkpoint_20260719\enable_coperception_early_from_attentive.yaml,dynamic_cv,grid,utility,utility,none,0,0,,potential_verified_cov_coalition_game,6,,6;15,15,,{},"{""15"": 13738}",0,0.0,10,40.0,60.0,10.0,125000,380288,124992,2.0,sgcp-density-cap,1,ns3,899,0.5,10,12,28,,,[],[],,,20,28,
2026_07_29_02_32_08,000140,17,all-cluster-heads,docs\doc_workspace\SGCP\artifacts\early_from_late_checkpoint_20260719\enable_coperception_early_from_attentive.yaml,dynamic_cv,grid,utility,utility,none,0,0,,potential_verified_cov_coalition_game,6,,3;16;17;18,17,,{},"{""17"": 14258}",0,0.0,10,40.0,60.0,10.0,125000,380288,124992,2.0,sgcp-density-cap,1,ns3,899,0.5,10,12,28,,,[],[],,,12,20,
2026_07_29_02_32_08,000140,20,all-cluster-heads,docs\doc_workspace\SGCP\artifacts\early_from_late_checkpoint_20260719\enable_coperception_early_from_attentive.yaml,dynamic_cv,grid,utility,utility,none,0,0,,potential_verified_cov_coalition_game,6,,5;20,20,,{},"{""20"": 13922}",0,0.0,10,40.0,60.0,10.0,125000,380288,124992,2.0,sgcp-density-cap,1,ns3,899,0.5,10,12,28,,,[],[],,,22,31,
