COMMAND: C:\Users\sakakibara\miniconda3\envs\opencda\python.exe -m opencda.tools.offline_inference --dataset-root D:\Data\Carla --scenario-id 2026_07_31_02_24_35 --ego-cav-id 1 --max-frames 31 --fusion-method early --coperception-yaml docs\doc_workspace\SGCP\artifacts\multi_backbone_20260731\enable_coperception_second_att2early.yaml --bandwidth-mhz 40 --num-channels 10 --channel-estimator ns3 --ns3-tb-size-bytes 899 --ns3-slot-duration-ms 0.5 --ns3-subchannel-prbs 10 --ns3-symbols-per-slot 12 --ns3-mcs 28 --communication-deadline-ms 60 --selective-sharing-baseline pacp_lidar --clustering singleton --sgcp-receiver-policy all-cavs --sgcp-upload-mode grid --selective-member-budget 3 --selective-grid-budget 117 --selective-frame-deadline-ms 60 --edgecooper-global-comm-range-m 35 --max-senders-per-receiver 2 --rho-th 2 --sgcp-trace-output docs\doc_workspace\SGCP\artifacts\multi_backbone_20260731\town06_second_att2early_table1_full\pacp_lidar_trace.csv --eval-stats-output docs\doc_workspace\SGCP\artifacts\multi_backbone_20260731\town06_second_att2early_table1_full\pacp_lidar_eval_stats.csv

Format = auto
Extension = pcd
Format = auto
Extension = pcd
Format = auto
Extension = pcd
Format = auto
Extension = pcd
Format = auto
Extension = pcd
Format = auto
Extension = pcd
Format = auto
Extension = pcd
Format = auto
Extension = pcd
Format = auto
Extension = pcd
Format = auto
Extension = pcd
Format = auto
Extension = pcd
Format = auto
Extension = pcd
Format = auto
Extension = pcd
Format = auto
Extension = pcd
Format = auto
Extension = pcd
Format = auto
Extension = pcd
Format = auto
Extension = pcd
Format = auto
Extension = pcd
Format = auto
Extension = pcd
Format = auto
Extension = pcd
Format = auto
Extension = pcd
Format = auto
Extension = pcd
Format = auto
Extension = pcd
Format = auto
Extension = pcd
Format = auto
Extension = pcd
Format = auto
Extension = pcd
Format = auto
Extension = pcd
Format = auto
Extension = pcd
Format = auto
Extension = pcd
Format = auto
Extension = pcd
resuming by loading epoch 10000
frame=1/31 receiver_sample=1/10 scenario=2026_07_31_02_24_35 timestamp=000060 cavs=[1]
sgcp_constrained receiver=1 policy=all-cavs sources=[1] clusters=10 ra=selective_pacp_lidar comm_bytes=0 selected_grids={}
fusion_method=early pred_boxes=12 gt_boxes=15
pred_scores_shape=(12,)
frame=1/31 receiver_sample=2/10 scenario=2026_07_31_02_24_35 timestamp=000060 cavs=[2]
sgcp_constrained receiver=2 policy=all-cavs sources=[2] clusters=10 ra=selective_pacp_lidar comm_bytes=0 selected_grids={}
fusion_method=early pred_boxes=8 gt_boxes=13
pred_scores_shape=(8,)
frame=1/31 receiver_sample=3/10 scenario=2026_07_31_02_24_35 timestamp=000060 cavs=[3]
sgcp_constrained receiver=3 policy=all-cavs sources=[3] clusters=10 ra=selective_pacp_lidar comm_bytes=0 selected_grids={}
fusion_method=early pred_boxes=12 gt_boxes=15
pred_scores_shape=(12,)
frame=1/31 receiver_sample=4/10 scenario=2026_07_31_02_24_35 timestamp=000060 cavs=[4]
sgcp_constrained receiver=4 policy=all-cavs sources=[4] clusters=10 ra=selective_pacp_lidar comm_bytes=0 selected_grids={}
fusion_method=early pred_boxes=15 gt_boxes=20
pred_scores_shape=(15,)
frame=1/31 receiver_sample=5/10 scenario=2026_07_31_02_24_35 timestamp=000060 cavs=[5, 10]
sgcp_constrained receiver=5 policy=all-cavs sources=[5, 10] clusters=10 ra=selective_pacp_lidar comm_bytes=184976 selected_grids={10: 13}
fusion_method=early pred_boxes=17 gt_boxes=20
pred_scores_shape=(17,)
frame=1/31 receiver_sample=6/10 scenario=2026_07_31_02_24_35 timestamp=000060 cavs=[6, 3]
sgcp_constrained receiver=6 policy=all-cavs sources=[6, 3] clusters=10 ra=selective_pacp_lidar comm_bytes=178256 selected_grids={3: 13}
fusion_method=early pred_boxes=21 gt_boxes=22
pred_scores_shape=(21,)
frame=1/31 receiver_sample=7/10 scenario=2026_07_31_02_24_35 timestamp=000060 cavs=[7, 4, 9]
sgcp_constrained receiver=7 policy=all-cavs sources=[7, 4, 9] clusters=10 ra=selective_pacp_lidar comm_bytes=345072 selected_grids={4: 12, 9: 13}
fusion_method=early pred_boxes=21 gt_boxes=29
pred_scores_shape=(21,)
frame=1/31 receiver_sample=8/10 scenario=2026_07_31_02_24_35 timestamp=000060 cavs=[8, 1, 2]
sgcp_constrained receiver=8 policy=all-cavs sources=[8, 1, 2] clusters=10 ra=selective_pacp_lidar comm_bytes=370496 selected_grids={1: 12, 2: 13}
fusion_method=early pred_boxes=8 gt_boxes=15
pred_scores_shape=(8,)
frame=1/31 receiver_sample=9/10 scenario=2026_07_31_02_24_35 timestamp=000060 cavs=[9]
sgcp_constrained receiver=9 policy=all-cavs sources=[9] clusters=10 ra=selective_pacp_lidar comm_bytes=0 selected_grids={}
fusion_method=early pred_boxes=15 gt_boxes=19
pred_scores_shape=(15,)
frame=1/31 receiver_sample=10/10 scenario=2026_07_31_02_24_35 timestamp=000060 cavs=[10]
sgcp_constrained receiver=10 policy=all-cavs sources=[10] clusters=10 ra=selective_pacp_lidar comm_bytes=0 selected_grids={}
fusion_method=early pred_boxes=14 gt_boxes=16
pred_scores_shape=(14,)
frame=2/31 receiver_sample=1/10 scenario=2026_07_31_02_24_35 timestamp=000062 cavs=[1]
sgcp_constrained receiver=1 policy=all-cavs sources=[1] clusters=10 ra=selective_pacp_lidar comm_bytes=0 selected_grids={}
fusion_method=early pred_boxes=12 gt_boxes=15
pred_scores_shape=(12,)
frame=2/31 receiver_sample=2/10 scenario=2026_07_31_02_24_35 timestamp=000062 cavs=[2]
sgcp_constrained receiver=2 policy=all-cavs sources=[2] clusters=10 ra=selective_pacp_lidar comm_bytes=0 selected_grids={}
fusion_method=early pred_boxes=10 gt_boxes=13
pred_scores_shape=(10,)
frame=2/31 receiver_sample=3/10 scenario=2026_07_31_02_24_35 timestamp=000062 cavs=[3, 6, 10]
sgcp_constrained receiver=3 policy=all-cavs sources=[3, 6, 10] clusters=10 ra=selective_pacp_lidar comm_bytes=356752 selected_grids={6: 11, 10: 12}
fusion_method=early pred_boxes=15 gt_boxes=22
pred_scores_shape=(15,)
frame=2/31 receiver_sample=4/10 scenario=2026_07_31_02_24_35 timestamp=000062 cavs=[4]
sgcp_constrained receiver=4 policy=all-cavs sources=[4] clusters=10 ra=selective_pacp_lidar comm_bytes=0 selected_grids={}
fusion_method=early pred_boxes=17 gt_boxes=20
pred_scores_shape=(17,)
frame=2/31 receiver_sample=5/10 scenario=2026_07_31_02_24_35 timestamp=000062 cavs=[5]
sgcp_constrained receiver=5 policy=all-cavs sources=[5] clusters=10 ra=selective_pacp_lidar comm_bytes=0 selected_grids={}
fusion_method=early pred_boxes=16 gt_boxes=20
pred_scores_shape=(16,)
frame=2/31 receiver_sample=6/10 scenario=2026_07_31_02_24_35 timestamp=000062 cavs=[6]
sgcp_constrained receiver=6 policy=all-cavs sources=[6] clusters=10 ra=selective_pacp_lidar comm_bytes=0 selected_grids={}
fusion_method=early pred_boxes=22 gt_boxes=22
pred_scores_shape=(22,)
frame=2/31 receiver_sample=7/10 scenario=2026_07_31_02_24_35 timestamp=000062 cavs=[7, 5, 9]
sgcp_constrained receiver=7 policy=all-cavs sources=[7, 5, 9] clusters=10 ra=selective_pacp_lidar comm_bytes=351088 selected_grids={5: 12, 9: 12}
fusion_method=early pred_boxes=19 gt_boxes=30
pred_scores_shape=(19,)
frame=2/31 receiver_sample=8/10 scenario=2026_07_31_02_24_35 timestamp=000062 cavs=[8, 1, 2]
sgcp_constrained receiver=8 policy=all-cavs sources=[8, 1, 2] clusters=10 ra=selective_pacp_lidar comm_bytes=370960 selected_grids={1: 12, 2: 15}
fusion_method=early pred_boxes=9 gt_boxes=15
pred_scores_shape=(9,)
frame=2/31 receiver_sample=9/10 scenario=2026_07_31_02_24_35 timestamp=000062 cavs=[9]
sgcp_constrained receiver=9 policy=all-cavs sources=[9] clusters=10 ra=selective_pacp_lidar comm_bytes=0 selected_grids={}
fusion_method=early pred_boxes=14 gt_boxes=20
pred_scores_shape=(14,)
frame=2/31 receiver_sample=10/10 scenario=2026_07_31_02_24_35 timestamp=000062 cavs=[10]
sgcp_constrained receiver=10 policy=all-cavs sources=[10] clusters=10 ra=selective_pacp_lidar comm_bytes=0 selected_grids={}
fusion_method=early pred_boxes=12 gt_boxes=17
pred_scores_shape=(12,)
frame=3/31 receiver_sample=1/10 scenario=2026_07_31_02_24_35 timestamp=000064 cavs=[1]
sgcp_constrained receiver=1 policy=all-cavs sources=[1] clusters=10 ra=selective_pacp_lidar comm_bytes=0 selected_grids={}
fusion_method=early pred_boxes=10 gt_boxes=15
pred_scores_shape=(10,)
frame=3/31 receiver_sample=2/10 scenario=2026_07_31_02_24_35 timestamp=000064 cavs=[2]
sgcp_constrained receiver=2 policy=all-cavs sources=[2] clusters=10 ra=selective_pacp_lidar comm_bytes=0 selected_grids={}
fusion_method=early pred_boxes=10 gt_boxes=13
pred_scores_shape=(10,)
frame=3/31 receiver_sample=3/10 scenario=2026_07_31_02_24_35 timestamp=000064 cavs=[3]
sgcp_constrained receiver=3 policy=all-cavs sources=[3] clusters=10 ra=selective_pacp_lidar comm_bytes=0 selected_grids={}
fusion_method=early pred_boxes=12 gt_boxes=15
pred_scores_shape=(12,)
frame=3/31 receiver_sample=4/10 scenario=2026_07_31_02_24_35 timestamp=000064 cavs=[4]
sgcp_constrained receiver=4 policy=all-cavs sources=[4] clusters=10 ra=selective_pacp_lidar comm_bytes=0 selected_grids={}
fusion_method=early pred_boxes=15 gt_boxes=20
pred_scores_shape=(15,)
frame=3/31 receiver_sample=5/10 scenario=2026_07_31_02_24_35 timestamp=000064 cavs=[5, 4, 10]
sgcp_constrained receiver=5 policy=all-cavs sources=[5, 4, 10] clusters=10 ra=selective_pacp_lidar comm_bytes=358144 selected_grids={4: 13, 10: 14}
fusion_method=early pred_boxes=20 gt_boxes=21
pred_scores_shape=(20,)
frame=3/31 receiver_sample=6/10 scenario=2026_07_31_02_24_35 timestamp=000064 cavs=[6, 3]
sgcp_constrained receiver=6 policy=all-cavs sources=[6, 3] clusters=10 ra=selective_pacp_lidar comm_bytes=179424 selected_grids={3: 14}
fusion_method=early pred_boxes=20 gt_boxes=22
pred_scores_shape=(20,)
frame=3/31 receiver_sample=7/10 scenario=2026_07_31_02_24_35 timestamp=000064 cavs=[7]
sgcp_constrained receiver=7 policy=all-cavs sources=[7] clusters=10 ra=selective_pacp_lidar comm_bytes=0 selected_grids={}
fusion_method=early pred_boxes=21 gt_boxes=23
pred_scores_shape=(21,)
frame=3/31 receiver_sample=8/10 scenario=2026_07_31_02_24_35 timestamp=000064 cavs=[8, 1]
sgcp_constrained receiver=8 policy=all-cavs sources=[8, 1] clusters=10 ra=selective_pacp_lidar comm_bytes=188160 selected_grids={1: 15}
fusion_method=early pred_boxes=10 gt_boxes=15Format = auto
Extension = pcd
Format = auto
Extension = pcd
Format = auto
Extension = pcd
Format = auto
Extension = pcd
Format = auto
Extension = pcd
Format = auto
Extension = pcd
Format = auto
Extension = pcd
Format = auto
Extension = pcd
Format = auto
Extension = pcd
Format = auto
Extension = pcd
Format = auto
Extension = pcd
Format = auto
Extension = pcd
Format = auto
Extension = pcd
Format = auto
Extension = pcd
Format = auto
Extension = pcd
Format = auto
Extension = pcd
Format = auto
Extension = pcd
Format = auto
Extension = pcd
Format = auto
Extension = pcd
Format = auto
Extension = pcd
Format = auto
Extension = pcd
Format = auto
Extension = pcd
Format = auto
Extension = pcd
Format = auto
Extension = pcd
Format = auto
Extension = pcd
Format = auto
Extension = pcd
Format = auto
Extension = pcd
Format = auto
Extension = pcd
Format = auto
Extension = pcd
Format = auto
Extension = pcd

pred_scores_shape=(10,)
frame=3/31 receiver_sample=9/10 scenario=2026_07_31_02_24_35 timestamp=000064 cavs=[9, 2, 7]
sgcp_constrained receiver=9 policy=all-cavs sources=[9, 2, 7] clusters=10 ra=selective_pacp_lidar comm_bytes=353072 selected_grids={2: 15, 7: 14}
fusion_method=early pred_boxes=15 gt_boxes=28
pred_scores_shape=(15,)
frame=3/31 receiver_sample=10/10 scenario=2026_07_31_02_24_35 timestamp=000064 cavs=[10]
sgcp_constrained receiver=10 policy=all-cavs sources=[10] clusters=10 ra=selective_pacp_lidar comm_bytes=0 selected_grids={}
fusion_method=early pred_boxes=12 gt_boxes=17
pred_scores_shape=(12,)
frame=4/31 receiver_sample=1/10 scenario=2026_07_31_02_24_35 timestamp=000066 cavs=[1]
sgcp_constrained receiver=1 policy=all-cavs sources=[1] clusters=10 ra=selective_pacp_lidar comm_bytes=0 selected_grids={}
fusion_method=early pred_boxes=12 gt_boxes=15
pred_scores_shape=(12,)
frame=4/31 receiver_sample=2/10 scenario=2026_07_31_02_24_35 timestamp=000066 cavs=[2]
sgcp_constrained receiver=2 policy=all-cavs sources=[2] clusters=10 ra=selective_pacp_lidar comm_bytes=0 selected_grids={}
fusion_method=early pred_boxes=7 gt_boxes=13
pred_scores_shape=(7,)
frame=4/31 receiver_sample=3/10 scenario=2026_07_31_02_24_35 timestamp=000066 cavs=[3, 6, 10]
sgcp_constrained receiver=3 policy=all-cavs sources=[3, 6, 10] clusters=10 ra=selective_pacp_lidar comm_bytes=405936 selected_grids={6: 39, 10: 39}
fusion_method=early pred_boxes=19 gt_boxes=22
pred_scores_shape=(19,)
frame=4/31 receiver_sample=4/10 scenario=2026_07_31_02_24_35 timestamp=000066 cavs=[4]
sgcp_constrained receiver=4 policy=all-cavs sources=[4] clusters=10 ra=selective_pacp_lidar comm_bytes=0 selected_grids={}
fusion_method=early pred_boxes=16 gt_boxes=20
pred_scores_shape=(16,)
frame=4/31 receiver_sample=5/10 scenario=2026_07_31_02_24_35 timestamp=000066 cavs=[5]
sgcp_constrained receiver=5 policy=all-cavs sources=[5] clusters=10 ra=selective_pacp_lidar comm_bytes=0 selected_grids={}
fusion_method=early pred_boxes=17 gt_boxes=21
pred_scores_shape=(17,)
frame=4/31 receiver_sample=6/10 scenario=2026_07_31_02_24_35 timestamp=000066 cavs=[6]
sgcp_constrained receiver=6 policy=all-cavs sources=[6] clusters=10 ra=selective_pacp_lidar comm_bytes=0 selected_grids={}
fusion_method=early pred_boxes=19 gt_boxes=22
pred_scores_shape=(19,)
frame=4/31 receiver_sample=7/10 scenario=2026_07_31_02_24_35 timestamp=000066 cavs=[7, 5]
sgcp_constrained receiver=7 policy=all-cavs sources=[7, 5] clusters=10 ra=selective_pacp_lidar comm_bytes=199472 selected_grids={5: 39}
fusion_method=early pred_boxes=23 gt_boxes=26
pred_scores_shape=(23,)
frame=4/31 receiver_sample=8/10 scenario=2026_07_31_02_24_35 timestamp=000066 cavs=[8, 1]
sgcp_constrained receiver=8 policy=all-cavs sources=[8, 1] clusters=10 ra=selective_pacp_lidar comm_bytes=206736 selected_grids={1: 58}
fusion_method=early pred_boxes=12 gt_boxes=15
pred_scores_shape=(12,)
frame=4/31 receiver_sample=9/10 scenario=2026_07_31_02_24_35 timestamp=000066 cavs=[9, 2]
sgcp_constrained receiver=9 policy=all-cavs sources=[9, 2] clusters=10 ra=selective_pacp_lidar comm_bytes=202608 selected_grids={2: 39}
fusion_method=early pred_boxes=16 gt_boxes=22
pred_scores_shape=(16,)
frame=4/31 receiver_sample=10/10 scenario=2026_07_31_02_24_35 timestamp=000066 cavs=[10]
sgcp_constrained receiver=10 policy=all-cavs sources=[10] clusters=10 ra=selective_pacp_lidar comm_bytes=0 selected_grids={}
fusion_method=early pred_boxes=13 gt_boxes=17
pred_scores_shape=(13,)
frame=5/31 receiver_sample=1/10 scenario=2026_07_31_02_24_35 timestamp=000068 cavs=[1]
sgcp_constrained receiver=1 policy=all-cavs sources=[1] clusters=10 ra=selective_pacp_lidar comm_bytes=0 selected_grids={}
fusion_method=early pred_boxes=11 gt_boxes=15
pred_scores_shape=(11,)
frame=5/31 receiver_sample=2/10 scenario=2026_07_31_02_24_35 timestamp=000068 cavs=[2]
sgcp_constrained receiver=2 policy=all-cavs sources=[2] clusters=10 ra=selective_pacp_lidar comm_bytes=0 selected_grids={}
fusion_method=early pred_boxes=7 gt_boxes=12
pred_scores_shape=(7,)
frame=5/31 receiver_sample=3/10 scenario=2026_07_31_02_24_35 timestamp=000068 cavs=[3, 4, 10]
sgcp_constrained receiver=3 policy=all-cavs sources=[3, 4, 10] clusters=10 ra=selective_pacp_lidar comm_bytes=357984 selected_grids={4: 13, 10: 14}
fusion_method=early pred_boxes=14 gt_boxes=20
pred_scores_shape=(14,)
frame=5/31 receiver_sample=4/10 scenario=2026_07_31_02_24_35 timestamp=000068 cavs=[4]
sgcp_constrained receiver=4 policy=all-cavs sources=[4] clusters=10 ra=selective_pacp_lidar comm_bytes=0 selected_grids={}
fusion_method=early pred_boxes=15 gt_boxes=19
pred_scores_shape=(15,)
frame=5/31 receiver_sample=5/10 scenario=2026_07_31_02_24_35 timestamp=000068 cavs=[5]
sgcp_constrained receiver=5 policy=all-cavs sources=[5] clusters=10 ra=selective_pacp_lidar comm_bytes=0 selected_grids={}
fusion_method=early pred_boxes=18 gt_boxes=22
pred_scores_shape=(18,)
frame=5/31 receiver_sample=6/10 scenario=2026_07_31_02_24_35 timestamp=000068 cavs=[6, 5]
sgcp_constrained receiver=6 policy=all-cavs sources=[6, 5] clusters=10 ra=selective_pacp_lidar comm_bytes=179840 selected_grids={5: 14}
fusion_method=early pred_boxes=21 gt_boxes=22
pred_scores_shape=(21,)
frame=5/31 receiver_sample=7/10 scenario=2026_07_31_02_24_35 timestamp=000068 cavs=[7]
sgcp_constrained receiver=7 policy=all-cavs sources=[7] clusters=10 ra=selective_pacp_lidar comm_bytes=0 selected_grids={}
fusion_method=early pred_boxes=20 gt_boxes=24
pred_scores_shape=(20,)
frame=5/31 receiver_sample=8/10 scenario=2026_07_31_02_24_35 timestamp=000068 cavs=[8, 1]
sgcp_constrained receiver=8 policy=all-cavs sources=[8, 1] clusters=10 ra=selective_pacp_lidar comm_bytes=188208 selected_grids={1: 14}
fusion_method=early pred_boxes=7 gt_boxes=15
pred_scores_shape=(7,)
frame=5/31 receiver_sample=9/10 scenario=2026_07_31_02_24_35 timestamp=000068 cavs=[9, 2, 7]
sgcp_constrained receiver=9 policy=all-cavs sources=[9, 2, 7] clusters=10 ra=selective_pacp_lidar comm_bytes=352768 selected_grids={2: 15, 7: 14}
fusion_method=early pred_boxes=18 gt_boxes=28
pred_scores_shape=(18,)
frame=5/31 receiver_sample=10/10 scenario=2026_07_31_02_24_35 timestamp=000068 cavs=[10]
sgcp_constrained receiver=10 policy=all-cavs sources=[10] clusters=10 ra=selective_pacp_lidar comm_bytes=0 selected_grids={}
fusion_method=early pred_boxes=12 gt_boxes=17
pred_scores_shape=(12,)
frame=6/31 receiver_sample=1/10 scenario=2026_07_31_02_24_35 timestamp=000070 cavs=[1]
sgcp_constrained receiver=1 policy=all-cavs sources=[1] clusters=10 ra=selective_pacp_lidar comm_bytes=0 selected_grids={}
fusion_method=early pred_boxes=10 gt_boxes=15
pred_scores_shape=(10,)
frame=6/31 receiver_sample=2/10 scenario=2026_07_31_02_24_35 timestamp=000070 cavs=[2, 9]
sgcp_constrained receiver=2 policy=all-cavs sources=[2, 9] clusters=10 ra=selective_pacp_lidar comm_bytes=175328 selected_grids={9: 13}
fusion_method=early pred_boxes=14 gt_boxes=23
pred_scores_shape=(14,)
frame=6/31 receiver_sample=3/10 scenario=2026_07_31_02_24_35 timestamp=000070 cavs=[3, 6, 10]
sgcp_constrained receiver=3 policy=all-cavs sources=[3, 6, 10] clusters=10 ra=selective_pacp_lidar comm_bytes=366368 selected_grids={6: 13, 10: 13}
fusion_method=early pred_boxes=12 gt_boxes=22
pred_scores_shape=(12,)
frame=6/31 receiver_sample=4/10 scenario=2026_07_31_02_24_35 timestamp=000070 cavs=[4]
sgcp_constrained receiver=4 policy=all-cavs sources=[4] clusters=10 ra=selective_pacp_lidar comm_bytes=0 selected_grids={}
fusion_method=early pred_boxes=12 gt_boxes=19
pred_scores_shape=(12,)
frame=6/31 receiver_sample=5/10 scenario=2026_07_31_02_24_35 timestamp=000070 cavs=[5]
sgcp_constrained receiver=5 policy=all-cavs sources=[5] clusters=10 ra=selective_pacp_lidar comm_bytes=0 selected_grids={}
fusion_method=early pred_boxes=16 gt_boxes=22
pred_scores_shape=(16,)
frame=6/31 receiver_sample=6/10 scenario=2026_07_31_02_24_35 timestamp=000070 cavs=[6]
sgcp_constrained receiver=6 policy=all-cavs sources=[6] clusters=10 ra=selective_pacp_lidar comm_bytes=0 selected_grids={}
fusion_method=early pred_boxes=17 gt_boxes=21Format = auto
Extension = pcd
Format = auto
Extension = pcd
Format = auto
Extension = pcd
Format = auto
Extension = pcd
Format = auto
Extension = pcd
Format = auto
Extension = pcd
Format = auto
Extension = pcd
Format = auto
Extension = pcd
Format = auto
Extension = pcd
Format = auto
Extension = pcd
Format = auto
Extension = pcd
Format = auto
Extension = pcd
Format = auto
Extension = pcd
Format = auto
Extension = pcd
Format = auto
Extension = pcd
Format = auto
Extension = pcd
Format = auto
Extension = pcd
Format = auto
Extension = pcd
Format = auto
Extension = pcd
Format = auto
Extension = pcd
Format = auto
Extension = pcd
Format = auto
Extension = pcd
Format = auto
Extension = pcd
Format = auto
Extension = pcd
Format = auto
Extension = pcd
Format = auto
Extension = pcd
Format = auto
Extension = pcd
Format = auto
Extension = pcd
Format = auto
Extension = pcd
Format = auto
Extension = pcd

pred_scores_shape=(17,)
frame=6/31 receiver_sample=7/10 scenario=2026_07_31_02_24_35 timestamp=000070 cavs=[7, 4, 5]
sgcp_constrained receiver=7 policy=all-cavs sources=[7, 4, 5] clusters=10 ra=selective_pacp_lidar comm_bytes=350144 selected_grids={4: 13, 5: 13}
fusion_method=early pred_boxes=21 gt_boxes=27
pred_scores_shape=(21,)
frame=6/31 receiver_sample=8/10 scenario=2026_07_31_02_24_35 timestamp=000070 cavs=[8, 1]
sgcp_constrained receiver=8 policy=all-cavs sources=[8, 1] clusters=10 ra=selective_pacp_lidar comm_bytes=186960 selected_grids={1: 15}
fusion_method=early pred_boxes=8 gt_boxes=15
pred_scores_shape=(8,)
frame=6/31 receiver_sample=9/10 scenario=2026_07_31_02_24_35 timestamp=000070 cavs=[9]
sgcp_constrained receiver=9 policy=all-cavs sources=[9] clusters=10 ra=selective_pacp_lidar comm_bytes=0 selected_grids={}
fusion_method=early pred_boxes=16 gt_boxes=23
pred_scores_shape=(16,)
frame=6/31 receiver_sample=10/10 scenario=2026_07_31_02_24_35 timestamp=000070 cavs=[10]
sgcp_constrained receiver=10 policy=all-cavs sources=[10] clusters=10 ra=selective_pacp_lidar comm_bytes=0 selected_grids={}
fusion_method=early pred_boxes=11 gt_boxes=16
pred_scores_shape=(11,)
frame=7/31 receiver_sample=1/10 scenario=2026_07_31_02_24_35 timestamp=000072 cavs=[1]
sgcp_constrained receiver=1 policy=all-cavs sources=[1] clusters=10 ra=selective_pacp_lidar comm_bytes=0 selected_grids={}
fusion_method=early pred_boxes=12 gt_boxes=15
pred_scores_shape=(12,)
frame=7/31 receiver_sample=2/10 scenario=2026_07_31_02_24_35 timestamp=000072 cavs=[2, 9]
sgcp_constrained receiver=2 policy=all-cavs sources=[2, 9] clusters=10 ra=selective_pacp_lidar comm_bytes=194528 selected_grids={9: 39}
fusion_method=early pred_boxes=13 gt_boxes=23
pred_scores_shape=(13,)
frame=7/31 receiver_sample=3/10 scenario=2026_07_31_02_24_35 timestamp=000072 cavs=[3, 10]
sgcp_constrained receiver=3 policy=all-cavs sources=[3, 10] clusters=10 ra=selective_pacp_lidar comm_bytes=206304 selected_grids={10: 39}
fusion_method=early pred_boxes=14 gt_boxes=17
pred_scores_shape=(14,)
frame=7/31 receiver_sample=4/10 scenario=2026_07_31_02_24_35 timestamp=000072 cavs=[4, 7]
sgcp_constrained receiver=4 policy=all-cavs sources=[4, 7] clusters=10 ra=selective_pacp_lidar comm_bytes=188240 selected_grids={7: 39}
fusion_method=early pred_boxes=20 gt_boxes=27
pred_scores_shape=(20,)
frame=7/31 receiver_sample=5/10 scenario=2026_07_31_02_24_35 timestamp=000072 cavs=[5]
sgcp_constrained receiver=5 policy=all-cavs sources=[5] clusters=10 ra=selective_pacp_lidar comm_bytes=0 selected_grids={}
fusion_method=early pred_boxes=17 gt_boxes=22
pred_scores_shape=(17,)
frame=7/31 receiver_sample=6/10 scenario=2026_07_31_02_24_35 timestamp=000072 cavs=[6, 5]
sgcp_constrained receiver=6 policy=all-cavs sources=[6, 5] clusters=10 ra=selective_pacp_lidar comm_bytes=200016 selected_grids={5: 39}
fusion_method=early pred_boxes=20 gt_boxes=22
pred_scores_shape=(20,)
frame=7/31 receiver_sample=7/10 scenario=2026_07_31_02_24_35 timestamp=000072 cavs=[7]
sgcp_constrained receiver=7 policy=all-cavs sources=[7] clusters=10 ra=selective_pacp_lidar comm_bytes=0 selected_grids={}
fusion_method=early pred_boxes=19 gt_boxes=24
pred_scores_shape=(19,)
frame=7/31 receiver_sample=8/10 scenario=2026_07_31_02_24_35 timestamp=000072 cavs=[8, 1]
sgcp_constrained receiver=8 policy=all-cavs sources=[8, 1] clusters=10 ra=selective_pacp_lidar comm_bytes=206752 selected_grids={1: 56}
fusion_method=early pred_boxes=15 gt_boxes=15
pred_scores_shape=(15,)
frame=7/31 receiver_sample=9/10 scenario=2026_07_31_02_24_35 timestamp=000072 cavs=[9]
sgcp_constrained receiver=9 policy=all-cavs sources=[9] clusters=10 ra=selective_pacp_lidar comm_bytes=0 selected_grids={}
fusion_method=early pred_boxes=14 gt_boxes=23
pred_scores_shape=(14,)
frame=7/31 receiver_sample=10/10 scenario=2026_07_31_02_24_35 timestamp=000072 cavs=[10]
sgcp_constrained receiver=10 policy=all-cavs sources=[10] clusters=10 ra=selective_pacp_lidar comm_bytes=0 selected_grids={}
fusion_method=early pred_boxes=11 gt_boxes=15
pred_scores_shape=(11,)
frame=8/31 receiver_sample=1/10 scenario=2026_07_31_02_24_35 timestamp=000074 cavs=[1, 9]
sgcp_constrained receiver=1 policy=all-cavs sources=[1, 9] clusters=10 ra=selective_pacp_lidar comm_bytes=195088 selected_grids={9: 39}
fusion_method=early pred_boxes=16 gt_boxes=23
pred_scores_shape=(16,)
frame=8/31 receiver_sample=2/10 scenario=2026_07_31_02_24_35 timestamp=000074 cavs=[2]
sgcp_constrained receiver=2 policy=all-cavs sources=[2] clusters=10 ra=selective_pacp_lidar comm_bytes=0 selected_grids={}
fusion_method=early pred_boxes=8 gt_boxes=12
pred_scores_shape=(8,)
frame=8/31 receiver_sample=3/10 scenario=2026_07_31_02_24_35 timestamp=000074 cavs=[3, 10]
sgcp_constrained receiver=3 policy=all-cavs sources=[3, 10] clusters=10 ra=selective_pacp_lidar comm_bytes=205808 selected_grids={10: 39}
fusion_method=early pred_boxes=15 gt_boxes=17
pred_scores_shape=(15,)
frame=8/31 receiver_sample=4/10 scenario=2026_07_31_02_24_35 timestamp=000074 cavs=[4, 7]
sgcp_constrained receiver=4 policy=all-cavs sources=[4, 7] clusters=10 ra=selective_pacp_lidar comm_bytes=188192 selected_grids={7: 39}
fusion_method=early pred_boxes=18 gt_boxes=26
pred_scores_shape=(18,)
frame=8/31 receiver_sample=5/10 scenario=2026_07_31_02_24_35 timestamp=000074 cavs=[5]
sgcp_constrained receiver=5 policy=all-cavs sources=[5] clusters=10 ra=selective_pacp_lidar comm_bytes=0 selected_grids={}
fusion_method=early pred_boxes=17 gt_boxes=22
pred_scores_shape=(17,)
frame=8/31 receiver_sample=6/10 scenario=2026_07_31_02_24_35 timestamp=000074 cavs=[6, 5]
sgcp_constrained receiver=6 policy=all-cavs sources=[6, 5] clusters=10 ra=selective_pacp_lidar comm_bytes=200048 selected_grids={5: 39}
fusion_method=early pred_boxes=21 gt_boxes=22
pred_scores_shape=(21,)
frame=8/31 receiver_sample=7/10 scenario=2026_07_31_02_24_35 timestamp=000074 cavs=[7]
sgcp_constrained receiver=7 policy=all-cavs sources=[7] clusters=10 ra=selective_pacp_lidar comm_bytes=0 selected_grids={}
fusion_method=early pred_boxes=20 gt_boxes=24
pred_scores_shape=(20,)
frame=8/31 receiver_sample=8/10 scenario=2026_07_31_02_24_35 timestamp=000074 cavs=[8, 2]
sgcp_constrained receiver=8 policy=all-cavs sources=[8, 2] clusters=10 ra=selective_pacp_lidar comm_bytes=204016 selected_grids={2: 52}
fusion_method=early pred_boxes=11 gt_boxes=13
pred_scores_shape=(11,)
frame=8/31 receiver_sample=9/10 scenario=2026_07_31_02_24_35 timestamp=000074 cavs=[9]
sgcp_constrained receiver=9 policy=all-cavs sources=[9] clusters=10 ra=selective_pacp_lidar comm_bytes=0 selected_grids={}
fusion_method=early pred_boxes=15 gt_boxes=23
pred_scores_shape=(15,)
frame=8/31 receiver_sample=10/10 scenario=2026_07_31_02_24_35 timestamp=000074 cavs=[10]
sgcp_constrained receiver=10 policy=all-cavs sources=[10] clusters=10 ra=selective_pacp_lidar comm_bytes=0 selected_grids={}
fusion_method=early pred_boxes=12 gt_boxes=15
pred_scores_shape=(12,)
frame=9/31 receiver_sample=1/10 scenario=2026_07_31_02_24_35 timestamp=000076 cavs=[1, 9]
sgcp_constrained receiver=1 policy=all-cavs sources=[1, 9] clusters=10 ra=selective_pacp_lidar comm_bytes=195088 selected_grids={9: 39}
fusion_method=early pred_boxes=15 gt_boxes=23
pred_scores_shape=(15,)
frame=9/31 receiver_sample=2/10 scenario=2026_07_31_02_24_35 timestamp=000076 cavs=[2]
sgcp_constrained receiver=2 policy=all-cavs sources=[2] clusters=10 ra=selective_pacp_lidar comm_bytes=0 selected_grids={}
fusion_method=early pred_boxes=10 gt_boxes=14
pred_scores_shape=(10,)
frame=9/31 receiver_sample=3/10 scenario=2026_07_31_02_24_35 timestamp=000076 cavs=[3, 10]
sgcp_constrained receiver=3 policy=all-cavs sources=[3, 10] clusters=10 ra=selective_pacp_lidar comm_bytes=205856 selected_grids={10: 39}
fusion_method=early pred_boxes=15 gt_boxes=17
pred_scores_shape=(15,)
frame=9/31 receiver_sample=4/10 scenario=2026_07_31_02_24_35 timestamp=000076 cavs=[4, 7]
sgcp_constrained receiver=4 policy=all-cavs sources=[4, 7] clusters=10 ra=selective_pacp_lidar comm_bytes=188384 selected_grids={7: 39}
fusion_method=early pred_boxes=19 gt_boxes=27Format = auto
Extension = pcd
Format = auto
Extension = pcd
Format = auto
Extension = pcd
Format = auto
Extension = pcd
Format = auto
Extension = pcd
Format = auto
Extension = pcd
Format = auto
Extension = pcd
Format = auto
Extension = pcd
Format = auto
Extension = pcd
Format = auto
Extension = pcd
Format = auto
Extension = pcd
Format = auto
Extension = pcd
Format = auto
Extension = pcd
Format = auto
Extension = pcd
Format = auto
Extension = pcd
Format = auto
Extension = pcd
Format = auto
Extension = pcd
Format = auto
Extension = pcd
Format = auto
Extension = pcd
Format = auto
Extension = pcd
Format = auto
Extension = pcd
Format = auto
Extension = pcd
Format = auto
Extension = pcd
Format = auto
Extension = pcd
Format = auto
Extension = pcd
Format = auto
Extension = pcd
Format = auto
Extension = pcd
Format = auto
Extension = pcd
Format = auto
Extension = pcd
Format = auto
Extension = pcd

pred_scores_shape=(19,)
frame=9/31 receiver_sample=5/10 scenario=2026_07_31_02_24_35 timestamp=000076 cavs=[5]
sgcp_constrained receiver=5 policy=all-cavs sources=[5] clusters=10 ra=selective_pacp_lidar comm_bytes=0 selected_grids={}
fusion_method=early pred_boxes=17 gt_boxes=21
pred_scores_shape=(17,)
frame=9/31 receiver_sample=6/10 scenario=2026_07_31_02_24_35 timestamp=000076 cavs=[6, 5]
sgcp_constrained receiver=6 policy=all-cavs sources=[6, 5] clusters=10 ra=selective_pacp_lidar comm_bytes=198832 selected_grids={5: 39}
fusion_method=early pred_boxes=20 gt_boxes=22
pred_scores_shape=(20,)
frame=9/31 receiver_sample=7/10 scenario=2026_07_31_02_24_35 timestamp=000076 cavs=[7]
sgcp_constrained receiver=7 policy=all-cavs sources=[7] clusters=10 ra=selective_pacp_lidar comm_bytes=0 selected_grids={}
fusion_method=early pred_boxes=20 gt_boxes=25
pred_scores_shape=(20,)
frame=9/31 receiver_sample=8/10 scenario=2026_07_31_02_24_35 timestamp=000076 cavs=[8, 2]
sgcp_constrained receiver=8 policy=all-cavs sources=[8, 2] clusters=10 ra=selective_pacp_lidar comm_bytes=204096 selected_grids={2: 51}
fusion_method=early pred_boxes=10 gt_boxes=14
pred_scores_shape=(10,)
frame=9/31 receiver_sample=9/10 scenario=2026_07_31_02_24_35 timestamp=000076 cavs=[9]
sgcp_constrained receiver=9 policy=all-cavs sources=[9] clusters=10 ra=selective_pacp_lidar comm_bytes=0 selected_grids={}
fusion_method=early pred_boxes=17 gt_boxes=23
pred_scores_shape=(17,)
frame=9/31 receiver_sample=10/10 scenario=2026_07_31_02_24_35 timestamp=000076 cavs=[10]
sgcp_constrained receiver=10 policy=all-cavs sources=[10] clusters=10 ra=selective_pacp_lidar comm_bytes=0 selected_grids={}
fusion_method=early pred_boxes=11 gt_boxes=15
pred_scores_shape=(11,)
frame=10/31 receiver_sample=1/10 scenario=2026_07_31_02_24_35 timestamp=000078 cavs=[1, 9]
sgcp_constrained receiver=1 policy=all-cavs sources=[1, 9] clusters=10 ra=selective_pacp_lidar comm_bytes=194208 selected_grids={9: 39}
fusion_method=early pred_boxes=16 gt_boxes=23
pred_scores_shape=(16,)
frame=10/31 receiver_sample=2/10 scenario=2026_07_31_02_24_35 timestamp=000078 cavs=[2]
sgcp_constrained receiver=2 policy=all-cavs sources=[2] clusters=10 ra=selective_pacp_lidar comm_bytes=0 selected_grids={}
fusion_method=early pred_boxes=11 gt_boxes=14
pred_scores_shape=(11,)
frame=10/31 receiver_sample=3/10 scenario=2026_07_31_02_24_35 timestamp=000078 cavs=[3, 10]
sgcp_constrained receiver=3 policy=all-cavs sources=[3, 10] clusters=10 ra=selective_pacp_lidar comm_bytes=205296 selected_grids={10: 39}
fusion_method=early pred_boxes=15 gt_boxes=17
pred_scores_shape=(15,)
frame=10/31 receiver_sample=4/10 scenario=2026_07_31_02_24_35 timestamp=000078 cavs=[4, 7]
sgcp_constrained receiver=4 policy=all-cavs sources=[4, 7] clusters=10 ra=selective_pacp_lidar comm_bytes=186816 selected_grids={7: 39}
fusion_method=early pred_boxes=19 gt_boxes=27
pred_scores_shape=(19,)
frame=10/31 receiver_sample=5/10 scenario=2026_07_31_02_24_35 timestamp=000078 cavs=[5]
sgcp_constrained receiver=5 policy=all-cavs sources=[5] clusters=10 ra=selective_pacp_lidar comm_bytes=0 selected_grids={}
fusion_method=early pred_boxes=17 gt_boxes=22
pred_scores_shape=(17,)
frame=10/31 receiver_sample=6/10 scenario=2026_07_31_02_24_35 timestamp=000078 cavs=[6, 5]
sgcp_constrained receiver=6 policy=all-cavs sources=[6, 5] clusters=10 ra=selective_pacp_lidar comm_bytes=197936 selected_grids={5: 39}
fusion_method=early pred_boxes=19 gt_boxes=22
pred_scores_shape=(19,)
frame=10/31 receiver_sample=7/10 scenario=2026_07_31_02_24_35 timestamp=000078 cavs=[7]
sgcp_constrained receiver=7 policy=all-cavs sources=[7] clusters=10 ra=selective_pacp_lidar comm_bytes=0 selected_grids={}
fusion_method=early pred_boxes=19 gt_boxes=24
pred_scores_shape=(19,)
frame=10/31 receiver_sample=8/10 scenario=2026_07_31_02_24_35 timestamp=000078 cavs=[8, 2]
sgcp_constrained receiver=8 policy=all-cavs sources=[8, 2] clusters=10 ra=selective_pacp_lidar comm_bytes=204288 selected_grids={2: 49}
fusion_method=early pred_boxes=10 gt_boxes=14
pred_scores_shape=(10,)
frame=10/31 receiver_sample=9/10 scenario=2026_07_31_02_24_35 timestamp=000078 cavs=[9]
sgcp_constrained receiver=9 policy=all-cavs sources=[9] clusters=10 ra=selective_pacp_lidar comm_bytes=0 selected_grids={}
fusion_method=early pred_boxes=15 gt_boxes=23
pred_scores_shape=(15,)
frame=10/31 receiver_sample=10/10 scenario=2026_07_31_02_24_35 timestamp=000078 cavs=[10]
sgcp_constrained receiver=10 policy=all-cavs sources=[10] clusters=10 ra=selective_pacp_lidar comm_bytes=0 selected_grids={}
fusion_method=early pred_boxes=12 gt_boxes=17
pred_scores_shape=(12,)
frame=11/31 receiver_sample=1/10 scenario=2026_07_31_02_24_35 timestamp=000080 cavs=[1, 9]
sgcp_constrained receiver=1 policy=all-cavs sources=[1, 9] clusters=10 ra=selective_pacp_lidar comm_bytes=194944 selected_grids={9: 39}
fusion_method=early pred_boxes=17 gt_boxes=23
pred_scores_shape=(17,)
frame=11/31 receiver_sample=2/10 scenario=2026_07_31_02_24_35 timestamp=000080 cavs=[2]
sgcp_constrained receiver=2 policy=all-cavs sources=[2] clusters=10 ra=selective_pacp_lidar comm_bytes=0 selected_grids={}
fusion_method=early pred_boxes=9 gt_boxes=15
pred_scores_shape=(9,)
frame=11/31 receiver_sample=3/10 scenario=2026_07_31_02_24_35 timestamp=000080 cavs=[3, 10]
sgcp_constrained receiver=3 policy=all-cavs sources=[3, 10] clusters=10 ra=selective_pacp_lidar comm_bytes=208896 selected_grids={10: 59}
fusion_method=early pred_boxes=15 gt_boxes=18
pred_scores_shape=(15,)
frame=11/31 receiver_sample=4/10 scenario=2026_07_31_02_24_35 timestamp=000080 cavs=[4, 7]
sgcp_constrained receiver=4 policy=all-cavs sources=[4, 7] clusters=10 ra=selective_pacp_lidar comm_bytes=186304 selected_grids={7: 39}
fusion_method=early pred_boxes=23 gt_boxes=28
pred_scores_shape=(23,)
frame=11/31 receiver_sample=5/10 scenario=2026_07_31_02_24_35 timestamp=000080 cavs=[5]
sgcp_constrained receiver=5 policy=all-cavs sources=[5] clusters=10 ra=selective_pacp_lidar comm_bytes=0 selected_grids={}
fusion_method=early pred_boxes=16 gt_boxes=21
pred_scores_shape=(16,)
frame=11/31 receiver_sample=6/10 scenario=2026_07_31_02_24_35 timestamp=000080 cavs=[6, 5]
sgcp_constrained receiver=6 policy=all-cavs sources=[6, 5] clusters=10 ra=selective_pacp_lidar comm_bytes=198320 selected_grids={5: 39}
fusion_method=early pred_boxes=19 gt_boxes=22
pred_scores_shape=(19,)
frame=11/31 receiver_sample=7/10 scenario=2026_07_31_02_24_35 timestamp=000080 cavs=[7]
sgcp_constrained receiver=7 policy=all-cavs sources=[7] clusters=10 ra=selective_pacp_lidar comm_bytes=0 selected_grids={}
fusion_method=early pred_boxes=20 gt_boxes=25
pred_scores_shape=(20,)
frame=11/31 receiver_sample=8/10 scenario=2026_07_31_02_24_35 timestamp=000080 cavs=[8, 2]
sgcp_constrained receiver=8 policy=all-cavs sources=[8, 2] clusters=10 ra=selective_pacp_lidar comm_bytes=204224 selected_grids={2: 50}
fusion_method=early pred_boxes=11 gt_boxes=15
pred_scores_shape=(11,)
frame=11/31 receiver_sample=9/10 scenario=2026_07_31_02_24_35 timestamp=000080 cavs=[9]
sgcp_constrained receiver=9 policy=all-cavs sources=[9] clusters=10 ra=selective_pacp_lidar comm_bytes=0 selected_grids={}
fusion_method=early pred_boxes=14 gt_boxes=23
pred_scores_shape=(14,)
frame=11/31 receiver_sample=10/10 scenario=2026_07_31_02_24_35 timestamp=000080 cavs=[10]
sgcp_constrained receiver=10 policy=all-cavs sources=[10] clusters=10 ra=selective_pacp_lidar comm_bytes=0 selected_grids={}
fusion_method=early pred_boxes=14 gt_boxes=17
pred_scores_shape=(14,)
frame=12/31 receiver_sample=1/10 scenario=2026_07_31_02_24_35 timestamp=000082 cavs=[1, 9]
sgcp_constrained receiver=1 policy=all-cavs sources=[1, 9] clusters=10 ra=selective_pacp_lidar comm_bytes=195216 selected_grids={9: 39}
fusion_method=early pred_boxes=17 gt_boxes=23
pred_scores_shape=(17,)
frame=12/31 receiver_sample=2/10 scenario=2026_07_31_02_24_35 timestamp=000082 cavs=[2]
sgcp_constrained receiver=2 policy=all-cavs sources=[2] clusters=10 ra=selective_pacp_lidar comm_bytes=0 selected_grids={}
fusion_method=early pred_boxes=10 gt_boxes=14Format = auto
Extension = pcd
Format = auto
Extension = pcd
Format = auto
Extension = pcd
Format = auto
Extension = pcd
Format = auto
Extension = pcd
Format = auto
Extension = pcd
Format = auto
Extension = pcd
Format = auto
Extension = pcd
Format = auto
Extension = pcd
Format = auto
Extension = pcd
Format = auto
Extension = pcd
Format = auto
Extension = pcd
Format = auto
Extension = pcd
Format = auto
Extension = pcd
Format = auto
Extension = pcd
Format = auto
Extension = pcd
Format = auto
Extension = pcd
Format = auto
Extension = pcd
Format = auto
Extension = pcd
Format = auto
Extension = pcd

pred_scores_shape=(10,)
frame=12/31 receiver_sample=3/10 scenario=2026_07_31_02_24_35 timestamp=000082 cavs=[3, 10]
sgcp_constrained receiver=3 policy=all-cavs sources=[3, 10] clusters=10 ra=selective_pacp_lidar comm_bytes=208816 selected_grids={10: 58}
fusion_method=early pred_boxes=14 gt_boxes=18
pred_scores_shape=(14,)
frame=12/31 receiver_sample=4/10 scenario=2026_07_31_02_24_35 timestamp=000082 cavs=[4, 7]
sgcp_constrained receiver=4 policy=all-cavs sources=[4, 7] clusters=10 ra=selective_pacp_lidar comm_bytes=185408 selected_grids={7: 39}
fusion_method=early pred_boxes=25 gt_boxes=28
pred_scores_shape=(25,)
frame=12/31 receiver_sample=5/10 scenario=2026_07_31_02_24_35 timestamp=000082 cavs=[5]
sgcp_constrained receiver=5 policy=all-cavs sources=[5] clusters=10 ra=selective_pacp_lidar comm_bytes=0 selected_grids={}
fusion_method=early pred_boxes=16 gt_boxes=21
pred_scores_shape=(16,)
frame=12/31 receiver_sample=6/10 scenario=2026_07_31_02_24_35 timestamp=000082 cavs=[6, 5]
sgcp_constrained receiver=6 policy=all-cavs sources=[6, 5] clusters=10 ra=selective_pacp_lidar comm_bytes=197232 selected_grids={5: 39}
fusion_method=early pred_boxes=18 gt_boxes=22
pred_scores_shape=(18,)
frame=12/31 receiver_sample=7/10 scenario=2026_07_31_02_24_35 timestamp=000082 cavs=[7]
sgcp_constrained receiver=7 policy=all-cavs sources=[7] clusters=10 ra=selective_pacp_lidar comm_bytes=0 selected_grids={}
fusion_method=early pred_boxes=21 gt_boxes=24
pred_scores_shape=(21,)
frame=12/31 receiver_sample=8/10 scenario=2026_07_31_02_24_35 timestamp=000082 cavs=[8, 2]
sgcp_constrained receiver=8 policy=all-cavs sources=[8, 2] clusters=10 ra=selective_pacp_lidar comm_bytes=204112 selected_grids={2: 53}
fusion_method=early pred_boxes=10 gt_boxes=14
pred_scores_shape=(10,)
frame=12/31 receiver_sample=9/10 scenario=2026_07_31_02_24_35 timestamp=000082 cavs=[9]
sgcp_constrained receiver=9 policy=all-cavs sources=[9] clusters=10 ra=selective_pacp_lidar comm_bytes=0 selected_grids={}
fusion_method=early pred_boxes=13 gt_boxes=21
pred_scores_shape=(13,)
frame=12/31 receiver_sample=10/10 scenario=2026_07_31_02_24_35 timestamp=000082 cavs=[10]
sgcp_constrained receiver=10 policy=all-cavs sources=[10] clusters=10 ra=selective_pacp_lidar comm_bytes=0 selected_grids={}
fusion_method=early pred_boxes=13 gt_boxes=17
pred_scores_shape=(13,)
frame=13/31 receiver_sample=1/10 scenario=2026_07_31_02_24_35 timestamp=000084 cavs=[1, 9]
sgcp_constrained receiver=1 policy=all-cavs sources=[1, 9] clusters=10 ra=selective_pacp_lidar comm_bytes=195296 selected_grids={9: 39}
fusion_method=early pred_boxes=17 gt_boxes=23
pred_scores_shape=(17,)
frame=13/31 receiver_sample=2/10 scenario=2026_07_31_02_24_35 timestamp=000084 cavs=[2]
sgcp_constrained receiver=2 policy=all-cavs sources=[2] clusters=10 ra=selective_pacp_lidar comm_bytes=0 selected_grids={}
fusion_method=early pred_boxes=9 gt_boxes=13
pred_scores_shape=(9,)
frame=13/31 receiver_sample=3/10 scenario=2026_07_31_02_24_35 timestamp=000084 cavs=[3, 10]
sgcp_constrained receiver=3 policy=all-cavs sources=[3, 10] clusters=10 ra=selective_pacp_lidar comm_bytes=208288 selected_grids={10: 58}
fusion_method=early pred_boxes=14 gt_boxes=18
pred_scores_shape=(14,)
frame=13/31 receiver_sample=4/10 scenario=2026_07_31_02_24_35 timestamp=000084 cavs=[4, 7]
sgcp_constrained receiver=4 policy=all-cavs sources=[4, 7] clusters=10 ra=selective_pacp_lidar comm_bytes=186256 selected_grids={7: 39}
fusion_method=early pred_boxes=24 gt_boxes=28
pred_scores_shape=(24,)
frame=13/31 receiver_sample=5/10 scenario=2026_07_31_02_24_35 timestamp=000084 cavs=[5]
sgcp_constrained receiver=5 policy=all-cavs sources=[5] clusters=10 ra=selective_pacp_lidar comm_bytes=0 selected_grids={}
fusion_method=early pred_boxes=18 gt_boxes=22
pred_scores_shape=(18,)
frame=13/31 receiver_sample=6/10 scenario=2026_07_31_02_24_35 timestamp=000084 cavs=[6, 5]
sgcp_constrained receiver=6 policy=all-cavs sources=[6, 5] clusters=10 ra=selective_pacp_lidar comm_bytes=196608 selected_grids={5: 39}
fusion_method=early pred_boxes=20 gt_boxes=22
pred_scores_shape=(20,)
frame=13/31 receiver_sample=7/10 scenario=2026_07_31_02_24_35 timestamp=000084 cavs=[7]
sgcp_constrained receiver=7 policy=all-cavs sources=[7] clusters=10 ra=selective_pacp_lidar comm_bytes=0 selected_grids={}
fusion_method=early pred_boxes=20 gt_boxes=26
pred_scores_shape=(20,)
frame=13/31 receiver_sample=8/10 scenario=2026_07_31_02_24_35 timestamp=000084 cavs=[8, 2]
sgcp_constrained receiver=8 policy=all-cavs sources=[8, 2] clusters=10 ra=selective_pacp_lidar comm_bytes=204032 selected_grids={2: 53}
fusion_method=early pred_boxes=9 gt_boxes=14
pred_scores_shape=(9,)
frame=13/31 receiver_sample=9/10 scenario=2026_07_31_02_24_35 timestamp=000084 cavs=[9]
sgcp_constrained receiver=9 policy=all-cavs sources=[9] clusters=10 ra=selective_pacp_lidar comm_bytes=0 selected_grids={}
fusion_method=early pred_boxes=14 gt_boxes=21
pred_scores_shape=(14,)
frame=13/31 receiver_sample=10/10 scenario=2026_07_31_02_24_35 timestamp=000084 cavs=[10]
sgcp_constrained receiver=10 policy=all-cavs sources=[10] clusters=10 ra=selective_pacp_lidar comm_bytes=0 selected_grids={}
fusion_method=early pred_boxes=12 gt_boxes=16
pred_scores_shape=(12,)
frame=14/31 receiver_sample=1/10 scenario=2026_07_31_02_24_35 timestamp=000086 cavs=[1, 9]
sgcp_constrained receiver=1 policy=all-cavs sources=[1, 9] clusters=10 ra=selective_pacp_lidar comm_bytes=172400 selected_grids={9: 13}
fusion_method=early pred_boxes=14 gt_boxes=23
pred_scores_shape=(14,)
frame=14/31 receiver_sample=2/10 scenario=2026_07_31_02_24_35 timestamp=000086 cavs=[2]
sgcp_constrained receiver=2 policy=all-cavs sources=[2] clusters=10 ra=selective_pacp_lidar comm_bytes=0 selected_grids={}
fusion_method=early pred_boxes=10 gt_boxes=13
pred_scores_shape=(10,)
frame=14/31 receiver_sample=3/10 scenario=2026_07_31_02_24_35 timestamp=000086 cavs=[3, 6, 10]
sgcp_constrained receiver=3 policy=all-cavs sources=[3, 6, 10] clusters=10 ra=selective_pacp_lidar comm_bytes=373424 selected_grids={6: 13, 10: 14}
fusion_method=early pred_boxes=12 gt_boxes=21
pred_scores_shape=(12,)
frame=14/31 receiver_sample=4/10 scenario=2026_07_31_02_24_35 timestamp=000086 cavs=[4]
sgcp_constrained receiver=4 policy=all-cavs sources=[4] clusters=10 ra=selective_pacp_lidar comm_bytes=0 selected_grids={}
fusion_method=early pred_boxes=14 gt_boxes=21
pred_scores_shape=(14,)
frame=14/31 receiver_sample=5/10 scenario=2026_07_31_02_24_35 timestamp=000086 cavs=[5]
sgcp_constrained receiver=5 policy=all-cavs sources=[5] clusters=10 ra=selective_pacp_lidar comm_bytes=0 selected_grids={}
fusion_method=early pred_boxes=17 gt_boxes=22
pred_scores_shape=(17,)
frame=14/31 receiver_sample=6/10 scenario=2026_07_31_02_24_35 timestamp=000086 cavs=[6]
sgcp_constrained receiver=6 policy=all-cavs sources=[6] clusters=10 ra=selective_pacp_lidar comm_bytes=0 selected_grids={}
fusion_method=early pred_boxes=12 gt_boxes=20
pred_scores_shape=(12,)
frame=14/31 receiver_sample=7/10 scenario=2026_07_31_02_24_35 timestamp=000086 cavs=[7, 4, 5]
sgcp_constrained receiver=7 policy=all-cavs sources=[7, 4, 5] clusters=10 ra=selective_pacp_lidar comm_bytes=346880 selected_grids={4: 13, 5: 14}
fusion_method=early pred_boxes=21 gt_boxes=28
pred_scores_shape=(21,)
frame=14/31 receiver_sample=8/10 scenario=2026_07_31_02_24_35 timestamp=000086 cavs=[8, 2]
sgcp_constrained receiver=8 policy=all-cavs sources=[8, 2] clusters=10 ra=selective_pacp_lidar comm_bytes=186096 selected_grids={2: 14}
fusion_method=early pred_boxes=7 gt_boxes=13
pred_scores_shape=(7,)
frame=14/31 receiver_sample=9/10 scenario=2026_07_31_02_24_35 timestamp=000086 cavs=[9]
sgcp_constrained receiver=9 policy=all-cavs sources=[9] clusters=10 ra=selective_pacp_lidar comm_bytes=0 selected_grids={}
fusion_method=early pred_boxes=15 gt_boxes=21
pred_scores_shape=(15,)
frame=14/31 receiver_sample=10/10 scenario=2026_07_31_02_24_35 timestamp=000086 cavs=[10]
sgcp_constrained receiver=10 policy=all-cavs sources=[10] clusters=10 ra=selective_pacp_lidar comm_bytes=0 selected_grids={}
fusion_method=early pred_boxes=11 gt_boxes=16Format = auto
Extension = pcd
Format = auto
Extension = pcd
Format = auto
Extension = pcd
Format = auto
Extension = pcd
Format = auto
Extension = pcd
Format = auto
Extension = pcd
Format = auto
Extension = pcd
Format = auto
Extension = pcd
Format = auto
Extension = pcd
Format = auto
Extension = pcd
Format = auto
Extension = pcd
Format = auto
Extension = pcd
Format = auto
Extension = pcd
Format = auto
Extension = pcd
Format = auto
Extension = pcd
Format = auto
Extension = pcd
Format = auto
Extension = pcd
Format = auto
Extension = pcd
Format = auto
Extension = pcd
Format = auto
Extension = pcd
Format = auto
Extension = pcd
Format = auto
Extension = pcd
Format = auto
Extension = pcd
Format = auto
Extension = pcd
Format = auto
Extension = pcd
Format = auto
Extension = pcd
Format = auto
Extension = pcd
Format = auto
Extension = pcd
Format = auto
Extension = pcd
Format = auto
Extension = pcd

pred_scores_shape=(11,)
frame=15/31 receiver_sample=1/10 scenario=2026_07_31_02_24_35 timestamp=000088 cavs=[1, 9]
sgcp_constrained receiver=1 policy=all-cavs sources=[1, 9] clusters=10 ra=selective_pacp_lidar comm_bytes=175376 selected_grids={9: 15}
fusion_method=early pred_boxes=14 gt_boxes=23
pred_scores_shape=(14,)
frame=15/31 receiver_sample=2/10 scenario=2026_07_31_02_24_35 timestamp=000088 cavs=[2]
sgcp_constrained receiver=2 policy=all-cavs sources=[2] clusters=10 ra=selective_pacp_lidar comm_bytes=0 selected_grids={}
fusion_method=early pred_boxes=9 gt_boxes=13
pred_scores_shape=(9,)
frame=15/31 receiver_sample=3/10 scenario=2026_07_31_02_24_35 timestamp=000088 cavs=[3]
sgcp_constrained receiver=3 policy=all-cavs sources=[3] clusters=10 ra=selective_pacp_lidar comm_bytes=0 selected_grids={}
fusion_method=early pred_boxes=11 gt_boxes=14
pred_scores_shape=(11,)
frame=15/31 receiver_sample=4/10 scenario=2026_07_31_02_24_35 timestamp=000088 cavs=[4]
sgcp_constrained receiver=4 policy=all-cavs sources=[4] clusters=10 ra=selective_pacp_lidar comm_bytes=0 selected_grids={}
fusion_method=early pred_boxes=14 gt_boxes=20
pred_scores_shape=(14,)
frame=15/31 receiver_sample=5/10 scenario=2026_07_31_02_24_35 timestamp=000088 cavs=[5]
sgcp_constrained receiver=5 policy=all-cavs sources=[5] clusters=10 ra=selective_pacp_lidar comm_bytes=0 selected_grids={}
fusion_method=early pred_boxes=20 gt_boxes=22
pred_scores_shape=(20,)
frame=15/31 receiver_sample=6/10 scenario=2026_07_31_02_24_35 timestamp=000088 cavs=[6, 3, 10]
sgcp_constrained receiver=6 policy=all-cavs sources=[6, 3, 10] clusters=10 ra=selective_pacp_lidar comm_bytes=362496 selected_grids={3: 15, 10: 15}
fusion_method=early pred_boxes=15 gt_boxes=21
pred_scores_shape=(15,)
frame=15/31 receiver_sample=7/10 scenario=2026_07_31_02_24_35 timestamp=000088 cavs=[7, 4, 5]
sgcp_constrained receiver=7 policy=all-cavs sources=[7, 4, 5] clusters=10 ra=selective_pacp_lidar comm_bytes=351200 selected_grids={4: 14, 5: 15}
fusion_method=early pred_boxes=21 gt_boxes=28
pred_scores_shape=(21,)
frame=15/31 receiver_sample=8/10 scenario=2026_07_31_02_24_35 timestamp=000088 cavs=[8, 2]
sgcp_constrained receiver=8 policy=all-cavs sources=[8, 2] clusters=10 ra=selective_pacp_lidar comm_bytes=189728 selected_grids={2: 17}
fusion_method=early pred_boxes=7 gt_boxes=13
pred_scores_shape=(7,)
frame=15/31 receiver_sample=9/10 scenario=2026_07_31_02_24_35 timestamp=000088 cavs=[9]
sgcp_constrained receiver=9 policy=all-cavs sources=[9] clusters=10 ra=selective_pacp_lidar comm_bytes=0 selected_grids={}
fusion_method=early pred_boxes=17 gt_boxes=22
pred_scores_shape=(17,)
frame=15/31 receiver_sample=10/10 scenario=2026_07_31_02_24_35 timestamp=000088 cavs=[10]
sgcp_constrained receiver=10 policy=all-cavs sources=[10] clusters=10 ra=selective_pacp_lidar comm_bytes=0 selected_grids={}
fusion_method=early pred_boxes=13 gt_boxes=17
pred_scores_shape=(13,)
frame=16/31 receiver_sample=1/10 scenario=2026_07_31_02_24_35 timestamp=000090 cavs=[1, 9]
sgcp_constrained receiver=1 policy=all-cavs sources=[1, 9] clusters=10 ra=selective_pacp_lidar comm_bytes=175264 selected_grids={9: 15}
fusion_method=early pred_boxes=14 gt_boxes=24
pred_scores_shape=(14,)
frame=16/31 receiver_sample=2/10 scenario=2026_07_31_02_24_35 timestamp=000090 cavs=[2]
sgcp_constrained receiver=2 policy=all-cavs sources=[2] clusters=10 ra=selective_pacp_lidar comm_bytes=0 selected_grids={}
fusion_method=early pred_boxes=9 gt_boxes=14
pred_scores_shape=(9,)
frame=16/31 receiver_sample=3/10 scenario=2026_07_31_02_24_35 timestamp=000090 cavs=[3]
sgcp_constrained receiver=3 policy=all-cavs sources=[3] clusters=10 ra=selective_pacp_lidar comm_bytes=0 selected_grids={}
fusion_method=early pred_boxes=11 gt_boxes=14
pred_scores_shape=(11,)
frame=16/31 receiver_sample=4/10 scenario=2026_07_31_02_24_35 timestamp=000090 cavs=[4]
sgcp_constrained receiver=4 policy=all-cavs sources=[4] clusters=10 ra=selective_pacp_lidar comm_bytes=0 selected_grids={}
fusion_method=early pred_boxes=12 gt_boxes=19
pred_scores_shape=(12,)
frame=16/31 receiver_sample=5/10 scenario=2026_07_31_02_24_35 timestamp=000090 cavs=[5]
sgcp_constrained receiver=5 policy=all-cavs sources=[5] clusters=10 ra=selective_pacp_lidar comm_bytes=0 selected_grids={}
fusion_method=early pred_boxes=18 gt_boxes=22
pred_scores_shape=(18,)
frame=16/31 receiver_sample=6/10 scenario=2026_07_31_02_24_35 timestamp=000090 cavs=[6, 3, 10]
sgcp_constrained receiver=6 policy=all-cavs sources=[6, 3, 10] clusters=10 ra=selective_pacp_lidar comm_bytes=364768 selected_grids={3: 15, 10: 16}
fusion_method=early pred_boxes=15 gt_boxes=21
pred_scores_shape=(15,)
frame=16/31 receiver_sample=7/10 scenario=2026_07_31_02_24_35 timestamp=000090 cavs=[7, 4, 5]
sgcp_constrained receiver=7 policy=all-cavs sources=[7, 4, 5] clusters=10 ra=selective_pacp_lidar comm_bytes=351232 selected_grids={4: 14, 5: 15}
fusion_method=early pred_boxes=21 gt_boxes=28
pred_scores_shape=(21,)
frame=16/31 receiver_sample=8/10 scenario=2026_07_31_02_24_35 timestamp=000090 cavs=[8, 2]
sgcp_constrained receiver=8 policy=all-cavs sources=[8, 2] clusters=10 ra=selective_pacp_lidar comm_bytes=187536 selected_grids={2: 16}
fusion_method=early pred_boxes=5 gt_boxes=14
pred_scores_shape=(5,)
frame=16/31 receiver_sample=9/10 scenario=2026_07_31_02_24_35 timestamp=000090 cavs=[9]
sgcp_constrained receiver=9 policy=all-cavs sources=[9] clusters=10 ra=selective_pacp_lidar comm_bytes=0 selected_grids={}
fusion_method=early pred_boxes=13 gt_boxes=23
pred_scores_shape=(13,)
frame=16/31 receiver_sample=10/10 scenario=2026_07_31_02_24_35 timestamp=000090 cavs=[10]
sgcp_constrained receiver=10 policy=all-cavs sources=[10] clusters=10 ra=selective_pacp_lidar comm_bytes=0 selected_grids={}
fusion_method=early pred_boxes=14 gt_boxes=17
pred_scores_shape=(14,)
frame=17/31 receiver_sample=1/10 scenario=2026_07_31_02_24_35 timestamp=000092 cavs=[1]
sgcp_constrained receiver=1 policy=all-cavs sources=[1] clusters=10 ra=selective_pacp_lidar comm_bytes=0 selected_grids={}
fusion_method=early pred_boxes=11 gt_boxes=15
pred_scores_shape=(11,)
frame=17/31 receiver_sample=2/10 scenario=2026_07_31_02_24_35 timestamp=000092 cavs=[2]
sgcp_constrained receiver=2 policy=all-cavs sources=[2] clusters=10 ra=selective_pacp_lidar comm_bytes=0 selected_grids={}
fusion_method=early pred_boxes=8 gt_boxes=12
pred_scores_shape=(8,)
frame=17/31 receiver_sample=3/10 scenario=2026_07_31_02_24_35 timestamp=000092 cavs=[3]
sgcp_constrained receiver=3 policy=all-cavs sources=[3] clusters=10 ra=selective_pacp_lidar comm_bytes=0 selected_grids={}
fusion_method=early pred_boxes=10 gt_boxes=14
pred_scores_shape=(10,)
frame=17/31 receiver_sample=4/10 scenario=2026_07_31_02_24_35 timestamp=000092 cavs=[4, 7]
sgcp_constrained receiver=4 policy=all-cavs sources=[4, 7] clusters=10 ra=selective_pacp_lidar comm_bytes=165632 selected_grids={7: 14}
fusion_method=early pred_boxes=16 gt_boxes=28
pred_scores_shape=(16,)
frame=17/31 receiver_sample=5/10 scenario=2026_07_31_02_24_35 timestamp=000092 cavs=[5]
sgcp_constrained receiver=5 policy=all-cavs sources=[5] clusters=10 ra=selective_pacp_lidar comm_bytes=0 selected_grids={}
fusion_method=early pred_boxes=16 gt_boxes=22
pred_scores_shape=(16,)
frame=17/31 receiver_sample=6/10 scenario=2026_07_31_02_24_35 timestamp=000092 cavs=[6, 3, 10]
sgcp_constrained receiver=6 policy=all-cavs sources=[6, 3, 10] clusters=10 ra=selective_pacp_lidar comm_bytes=361152 selected_grids={3: 14, 10: 14}
fusion_method=early pred_boxes=15 gt_boxes=21
pred_scores_shape=(15,)
frame=17/31 receiver_sample=7/10 scenario=2026_07_31_02_24_35 timestamp=000092 cavs=[7]
sgcp_constrained receiver=7 policy=all-cavs sources=[7] clusters=10 ra=selective_pacp_lidar comm_bytes=0 selected_grids={}
fusion_method=early pred_boxes=21 gt_boxes=24
pred_scores_shape=(21,)
frame=17/31 receiver_sample=8/10 scenario=2026_07_31_02_24_35 timestamp=000092 cavs=[8, 2]
sgcp_constrained receiver=8 policy=all-cavs sources=[8, 2] clusters=10 ra=selective_pacp_lidar comm_bytes=185184 selected_grids={2: 13}
fusion_method=early pred_boxes=5 gt_boxes=13Format = auto
Extension = pcd
Format = auto
Extension = pcd
Format = auto
Extension = pcd
Format = auto
Extension = pcd
Format = auto
Extension = pcd
Format = auto
Extension = pcd
Format = auto
Extension = pcd
Format = auto
Extension = pcd
Format = auto
Extension = pcd
Format = auto
Extension = pcd
Format = auto
Extension = pcd
Format = auto
Extension = pcd
Format = auto
Extension = pcd
Format = auto
Extension = pcd
Format = auto
Extension = pcd
Format = auto
Extension = pcd
Format = auto
Extension = pcd
Format = auto
Extension = pcd
Format = auto
Extension = pcd
Format = auto
Extension = pcd
Format = auto
Extension = pcd
Format = auto
Extension = pcd
Format = auto
Extension = pcd
Format = auto
Extension = pcd
Format = auto
Extension = pcd
Format = auto
Extension = pcd
Format = auto
Extension = pcd
Format = auto
Extension = pcd
Format = auto
Extension = pcd
Format = auto
Extension = pcd

pred_scores_shape=(5,)
frame=17/31 receiver_sample=9/10 scenario=2026_07_31_02_24_35 timestamp=000092 cavs=[9, 1, 5]
sgcp_constrained receiver=9 policy=all-cavs sources=[9, 1, 5] clusters=10 ra=selective_pacp_lidar comm_bytes=366832 selected_grids={1: 15, 5: 15}
fusion_method=early pred_boxes=19 gt_boxes=30
pred_scores_shape=(19,)
frame=17/31 receiver_sample=10/10 scenario=2026_07_31_02_24_35 timestamp=000092 cavs=[10]
sgcp_constrained receiver=10 policy=all-cavs sources=[10] clusters=10 ra=selective_pacp_lidar comm_bytes=0 selected_grids={}
fusion_method=early pred_boxes=13 gt_boxes=18
pred_scores_shape=(13,)
frame=18/31 receiver_sample=1/10 scenario=2026_07_31_02_24_35 timestamp=000094 cavs=[1]
sgcp_constrained receiver=1 policy=all-cavs sources=[1] clusters=10 ra=selective_pacp_lidar comm_bytes=0 selected_grids={}
fusion_method=early pred_boxes=12 gt_boxes=15
pred_scores_shape=(12,)
frame=18/31 receiver_sample=2/10 scenario=2026_07_31_02_24_35 timestamp=000094 cavs=[2]
sgcp_constrained receiver=2 policy=all-cavs sources=[2] clusters=10 ra=selective_pacp_lidar comm_bytes=0 selected_grids={}
fusion_method=early pred_boxes=9 gt_boxes=13
pred_scores_shape=(9,)
frame=18/31 receiver_sample=3/10 scenario=2026_07_31_02_24_35 timestamp=000094 cavs=[3]
sgcp_constrained receiver=3 policy=all-cavs sources=[3] clusters=10 ra=selective_pacp_lidar comm_bytes=0 selected_grids={}
fusion_method=early pred_boxes=10 gt_boxes=14
pred_scores_shape=(10,)
frame=18/31 receiver_sample=4/10 scenario=2026_07_31_02_24_35 timestamp=000094 cavs=[4]
sgcp_constrained receiver=4 policy=all-cavs sources=[4] clusters=10 ra=selective_pacp_lidar comm_bytes=0 selected_grids={}
fusion_method=early pred_boxes=14 gt_boxes=22
pred_scores_shape=(14,)
frame=18/31 receiver_sample=5/10 scenario=2026_07_31_02_24_35 timestamp=000094 cavs=[5]
sgcp_constrained receiver=5 policy=all-cavs sources=[5] clusters=10 ra=selective_pacp_lidar comm_bytes=0 selected_grids={}
fusion_method=early pred_boxes=16 gt_boxes=22
pred_scores_shape=(16,)
frame=18/31 receiver_sample=6/10 scenario=2026_07_31_02_24_35 timestamp=000094 cavs=[6, 3, 10]
sgcp_constrained receiver=6 policy=all-cavs sources=[6, 3, 10] clusters=10 ra=selective_pacp_lidar comm_bytes=358096 selected_grids={3: 13, 10: 14}
fusion_method=early pred_boxes=17 gt_boxes=21
pred_scores_shape=(17,)
frame=18/31 receiver_sample=7/10 scenario=2026_07_31_02_24_35 timestamp=000094 cavs=[7, 4, 5]
sgcp_constrained receiver=7 policy=all-cavs sources=[7, 4, 5] clusters=10 ra=selective_pacp_lidar comm_bytes=348096 selected_grids={4: 13, 5: 15}
fusion_method=early pred_boxes=21 gt_boxes=28
pred_scores_shape=(21,)
frame=18/31 receiver_sample=8/10 scenario=2026_07_31_02_24_35 timestamp=000094 cavs=[8, 2]
sgcp_constrained receiver=8 policy=all-cavs sources=[8, 2] clusters=10 ra=selective_pacp_lidar comm_bytes=185040 selected_grids={2: 14}
fusion_method=early pred_boxes=6 gt_boxes=13
pred_scores_shape=(6,)
frame=18/31 receiver_sample=9/10 scenario=2026_07_31_02_24_35 timestamp=000094 cavs=[9, 1]
sgcp_constrained receiver=9 policy=all-cavs sources=[9, 1] clusters=10 ra=selective_pacp_lidar comm_bytes=187568 selected_grids={1: 13}
fusion_method=early pred_boxes=17 gt_boxes=24
pred_scores_shape=(17,)
frame=18/31 receiver_sample=10/10 scenario=2026_07_31_02_24_35 timestamp=000094 cavs=[10]
sgcp_constrained receiver=10 policy=all-cavs sources=[10] clusters=10 ra=selective_pacp_lidar comm_bytes=0 selected_grids={}
fusion_method=early pred_boxes=12 gt_boxes=17
pred_scores_shape=(12,)
frame=19/31 receiver_sample=1/10 scenario=2026_07_31_02_24_35 timestamp=000096 cavs=[1]
sgcp_constrained receiver=1 policy=all-cavs sources=[1] clusters=10 ra=selective_pacp_lidar comm_bytes=0 selected_grids={}
fusion_method=early pred_boxes=12 gt_boxes=15
pred_scores_shape=(12,)
frame=19/31 receiver_sample=2/10 scenario=2026_07_31_02_24_35 timestamp=000096 cavs=[2]
sgcp_constrained receiver=2 policy=all-cavs sources=[2] clusters=10 ra=selective_pacp_lidar comm_bytes=0 selected_grids={}
fusion_method=early pred_boxes=9 gt_boxes=13
pred_scores_shape=(9,)
frame=19/31 receiver_sample=3/10 scenario=2026_07_31_02_24_35 timestamp=000096 cavs=[3, 6, 10]
sgcp_constrained receiver=3 policy=all-cavs sources=[3, 6, 10] clusters=10 ra=selective_pacp_lidar comm_bytes=371728 selected_grids={6: 13, 10: 12}
fusion_method=early pred_boxes=11 gt_boxes=20
pred_scores_shape=(11,)
frame=19/31 receiver_sample=4/10 scenario=2026_07_31_02_24_35 timestamp=000096 cavs=[4]
sgcp_constrained receiver=4 policy=all-cavs sources=[4] clusters=10 ra=selective_pacp_lidar comm_bytes=0 selected_grids={}
fusion_method=early pred_boxes=13 gt_boxes=22
pred_scores_shape=(13,)
frame=19/31 receiver_sample=5/10 scenario=2026_07_31_02_24_35 timestamp=000096 cavs=[5]
sgcp_constrained receiver=5 policy=all-cavs sources=[5] clusters=10 ra=selective_pacp_lidar comm_bytes=0 selected_grids={}
fusion_method=early pred_boxes=18 gt_boxes=21
pred_scores_shape=(18,)
frame=19/31 receiver_sample=6/10 scenario=2026_07_31_02_24_35 timestamp=000096 cavs=[6]
sgcp_constrained receiver=6 policy=all-cavs sources=[6] clusters=10 ra=selective_pacp_lidar comm_bytes=0 selected_grids={}
fusion_method=early pred_boxes=16 gt_boxes=20
pred_scores_shape=(16,)
frame=19/31 receiver_sample=7/10 scenario=2026_07_31_02_24_35 timestamp=000096 cavs=[7, 4, 5]
sgcp_constrained receiver=7 policy=all-cavs sources=[7, 4, 5] clusters=10 ra=selective_pacp_lidar comm_bytes=338304 selected_grids={4: 11, 5: 12}
fusion_method=early pred_boxes=20 gt_boxes=28
pred_scores_shape=(20,)
frame=19/31 receiver_sample=8/10 scenario=2026_07_31_02_24_35 timestamp=000096 cavs=[8, 2]
sgcp_constrained receiver=8 policy=all-cavs sources=[8, 2] clusters=10 ra=selective_pacp_lidar comm_bytes=183296 selected_grids={2: 13}
fusion_method=early pred_boxes=7 gt_boxes=13
pred_scores_shape=(7,)
frame=19/31 receiver_sample=9/10 scenario=2026_07_31_02_24_35 timestamp=000096 cavs=[9, 1]
sgcp_constrained receiver=9 policy=all-cavs sources=[9, 1] clusters=10 ra=selective_pacp_lidar comm_bytes=185472 selected_grids={1: 12}
fusion_method=early pred_boxes=15 gt_boxes=25
pred_scores_shape=(15,)
frame=19/31 receiver_sample=10/10 scenario=2026_07_31_02_24_35 timestamp=000096 cavs=[10]
sgcp_constrained receiver=10 policy=all-cavs sources=[10] clusters=10 ra=selective_pacp_lidar comm_bytes=0 selected_grids={}
fusion_method=early pred_boxes=12 gt_boxes=17
pred_scores_shape=(12,)
frame=20/31 receiver_sample=1/10 scenario=2026_07_31_02_24_35 timestamp=000098 cavs=[1]
sgcp_constrained receiver=1 policy=all-cavs sources=[1] clusters=10 ra=selective_pacp_lidar comm_bytes=0 selected_grids={}
fusion_method=early pred_boxes=12 gt_boxes=15
pred_scores_shape=(12,)
frame=20/31 receiver_sample=2/10 scenario=2026_07_31_02_24_35 timestamp=000098 cavs=[2]
sgcp_constrained receiver=2 policy=all-cavs sources=[2] clusters=10 ra=selective_pacp_lidar comm_bytes=0 selected_grids={}
fusion_method=early pred_boxes=10 gt_boxes=13
pred_scores_shape=(10,)
frame=20/31 receiver_sample=3/10 scenario=2026_07_31_02_24_35 timestamp=000098 cavs=[3, 6, 10]
sgcp_constrained receiver=3 policy=all-cavs sources=[3, 6, 10] clusters=10 ra=selective_pacp_lidar comm_bytes=370992 selected_grids={6: 12, 10: 13}
fusion_method=early pred_boxes=11 gt_boxes=20
pred_scores_shape=(11,)
frame=20/31 receiver_sample=4/10 scenario=2026_07_31_02_24_35 timestamp=000098 cavs=[4]
sgcp_constrained receiver=4 policy=all-cavs sources=[4] clusters=10 ra=selective_pacp_lidar comm_bytes=0 selected_grids={}
fusion_method=early pred_boxes=15 gt_boxes=22
pred_scores_shape=(15,)
frame=20/31 receiver_sample=5/10 scenario=2026_07_31_02_24_35 timestamp=000098 cavs=[5]
sgcp_constrained receiver=5 policy=all-cavs sources=[5] clusters=10 ra=selective_pacp_lidar comm_bytes=0 selected_grids={}
fusion_method=early pred_boxes=17 gt_boxes=21
pred_scores_shape=(17,)
frame=20/31 receiver_sample=6/10 scenario=2026_07_31_02_24_35 timestamp=000098 cavs=[6]
sgcp_constrained receiver=6 policy=all-cavs sources=[6] clusters=10 ra=selective_pacp_lidar comm_bytes=0 selected_grids={}
fusion_method=early pred_boxes=14 gt_boxes=20Format = auto
Extension = pcd
Format = auto
Extension = pcd
Format = auto
Extension = pcd
Format = auto
Extension = pcd
Format = auto
Extension = pcd
Format = auto
Extension = pcd
Format = auto
Extension = pcd
Format = auto
Extension = pcd
Format = auto
Extension = pcd
Format = auto
Extension = pcd
Format = auto
Extension = pcd
Format = auto
Extension = pcd
Format = auto
Extension = pcd
Format = auto
Extension = pcd
Format = auto
Extension = pcd
Format = auto
Extension = pcd
Format = auto
Extension = pcd
Format = auto
Extension = pcd
Format = auto
Extension = pcd
Format = auto
Extension = pcd
Format = auto
Extension = pcd
Format = auto
Extension = pcd
Format = auto
Extension = pcd
Format = auto
Extension = pcd
Format = auto
Extension = pcd
Format = auto
Extension = pcd
Format = auto
Extension = pcd
Format = auto
Extension = pcd
Format = auto
Extension = pcd
Format = auto
Extension = pcd

pred_scores_shape=(14,)
frame=20/31 receiver_sample=7/10 scenario=2026_07_31_02_24_35 timestamp=000098 cavs=[7, 4, 5]
sgcp_constrained receiver=7 policy=all-cavs sources=[7, 4, 5] clusters=10 ra=selective_pacp_lidar comm_bytes=339136 selected_grids={4: 12, 5: 12}
fusion_method=early pred_boxes=21 gt_boxes=28
pred_scores_shape=(21,)
frame=20/31 receiver_sample=8/10 scenario=2026_07_31_02_24_35 timestamp=000098 cavs=[8, 2]
sgcp_constrained receiver=8 policy=all-cavs sources=[8, 2] clusters=10 ra=selective_pacp_lidar comm_bytes=183232 selected_grids={2: 14}
fusion_method=early pred_boxes=6 gt_boxes=13
pred_scores_shape=(6,)
frame=20/31 receiver_sample=9/10 scenario=2026_07_31_02_24_35 timestamp=000098 cavs=[9, 1]
sgcp_constrained receiver=9 policy=all-cavs sources=[9, 1] clusters=10 ra=selective_pacp_lidar comm_bytes=185440 selected_grids={1: 12}
fusion_method=early pred_boxes=16 gt_boxes=26
pred_scores_shape=(16,)
frame=20/31 receiver_sample=10/10 scenario=2026_07_31_02_24_35 timestamp=000098 cavs=[10]
sgcp_constrained receiver=10 policy=all-cavs sources=[10] clusters=10 ra=selective_pacp_lidar comm_bytes=0 selected_grids={}
fusion_method=early pred_boxes=13 gt_boxes=16
pred_scores_shape=(13,)
frame=21/31 receiver_sample=1/10 scenario=2026_07_31_02_24_35 timestamp=000100 cavs=[1]
sgcp_constrained receiver=1 policy=all-cavs sources=[1] clusters=10 ra=selective_pacp_lidar comm_bytes=0 selected_grids={}
fusion_method=early pred_boxes=13 gt_boxes=15
pred_scores_shape=(13,)
frame=21/31 receiver_sample=2/10 scenario=2026_07_31_02_24_35 timestamp=000100 cavs=[2]
sgcp_constrained receiver=2 policy=all-cavs sources=[2] clusters=10 ra=selective_pacp_lidar comm_bytes=0 selected_grids={}
fusion_method=early pred_boxes=8 gt_boxes=13
pred_scores_shape=(8,)
frame=21/31 receiver_sample=3/10 scenario=2026_07_31_02_24_35 timestamp=000100 cavs=[3, 10]
sgcp_constrained receiver=3 policy=all-cavs sources=[3, 10] clusters=10 ra=selective_pacp_lidar comm_bytes=208256 selected_grids={10: 59}
fusion_method=early pred_boxes=17 gt_boxes=17
pred_scores_shape=(17,)
frame=21/31 receiver_sample=4/10 scenario=2026_07_31_02_24_35 timestamp=000100 cavs=[4]
sgcp_constrained receiver=4 policy=all-cavs sources=[4] clusters=10 ra=selective_pacp_lidar comm_bytes=0 selected_grids={}
fusion_method=early pred_boxes=17 gt_boxes=19
pred_scores_shape=(17,)
frame=21/31 receiver_sample=5/10 scenario=2026_07_31_02_24_35 timestamp=000100 cavs=[5]
sgcp_constrained receiver=5 policy=all-cavs sources=[5] clusters=10 ra=selective_pacp_lidar comm_bytes=0 selected_grids={}
fusion_method=early pred_boxes=15 gt_boxes=21
pred_scores_shape=(15,)
frame=21/31 receiver_sample=6/10 scenario=2026_07_31_02_24_35 timestamp=000100 cavs=[6, 5]
sgcp_constrained receiver=6 policy=all-cavs sources=[6, 5] clusters=10 ra=selective_pacp_lidar comm_bytes=191680 selected_grids={5: 39}
fusion_method=early pred_boxes=19 gt_boxes=22
pred_scores_shape=(19,)
frame=21/31 receiver_sample=7/10 scenario=2026_07_31_02_24_35 timestamp=000100 cavs=[7, 4]
sgcp_constrained receiver=7 policy=all-cavs sources=[7, 4] clusters=10 ra=selective_pacp_lidar comm_bytes=192448 selected_grids={4: 39}
fusion_method=early pred_boxes=19 gt_boxes=26
pred_scores_shape=(19,)
frame=21/31 receiver_sample=8/10 scenario=2026_07_31_02_24_35 timestamp=000100 cavs=[8, 2]
sgcp_constrained receiver=8 policy=all-cavs sources=[8, 2] clusters=10 ra=selective_pacp_lidar comm_bytes=204032 selected_grids={2: 53}
fusion_method=early pred_boxes=11 gt_boxes=13
pred_scores_shape=(11,)
frame=21/31 receiver_sample=9/10 scenario=2026_07_31_02_24_35 timestamp=000100 cavs=[9, 1]
sgcp_constrained receiver=9 policy=all-cavs sources=[9, 1] clusters=10 ra=selective_pacp_lidar comm_bytes=204656 selected_grids={1: 39}
fusion_method=early pred_boxes=19 gt_boxes=26
pred_scores_shape=(19,)
frame=21/31 receiver_sample=10/10 scenario=2026_07_31_02_24_35 timestamp=000100 cavs=[10]
sgcp_constrained receiver=10 policy=all-cavs sources=[10] clusters=10 ra=selective_pacp_lidar comm_bytes=0 selected_grids={}
fusion_method=early pred_boxes=13 gt_boxes=17
pred_scores_shape=(13,)
frame=22/31 receiver_sample=1/10 scenario=2026_07_31_02_24_35 timestamp=000102 cavs=[1]
sgcp_constrained receiver=1 policy=all-cavs sources=[1] clusters=10 ra=selective_pacp_lidar comm_bytes=0 selected_grids={}
fusion_method=early pred_boxes=10 gt_boxes=13
pred_scores_shape=(10,)
frame=22/31 receiver_sample=2/10 scenario=2026_07_31_02_24_35 timestamp=000102 cavs=[2]
sgcp_constrained receiver=2 policy=all-cavs sources=[2] clusters=10 ra=selective_pacp_lidar comm_bytes=0 selected_grids={}
fusion_method=early pred_boxes=8 gt_boxes=12
pred_scores_shape=(8,)
frame=22/31 receiver_sample=3/10 scenario=2026_07_31_02_24_35 timestamp=000102 cavs=[3, 10]
sgcp_constrained receiver=3 policy=all-cavs sources=[3, 10] clusters=10 ra=selective_pacp_lidar comm_bytes=208400 selected_grids={10: 59}
fusion_method=early pred_boxes=15 gt_boxes=16
pred_scores_shape=(15,)
frame=22/31 receiver_sample=4/10 scenario=2026_07_31_02_24_35 timestamp=000102 cavs=[4, 9]
sgcp_constrained receiver=4 policy=all-cavs sources=[4, 9] clusters=10 ra=selective_pacp_lidar comm_bytes=194640 selected_grids={9: 39}
fusion_method=early pred_boxes=23 gt_boxes=28
pred_scores_shape=(23,)
frame=22/31 receiver_sample=5/10 scenario=2026_07_31_02_24_35 timestamp=000102 cavs=[5]
sgcp_constrained receiver=5 policy=all-cavs sources=[5] clusters=10 ra=selective_pacp_lidar comm_bytes=0 selected_grids={}
fusion_method=early pred_boxes=17 gt_boxes=20
pred_scores_shape=(17,)
frame=22/31 receiver_sample=6/10 scenario=2026_07_31_02_24_35 timestamp=000102 cavs=[6, 5]
sgcp_constrained receiver=6 policy=all-cavs sources=[6, 5] clusters=10 ra=selective_pacp_lidar comm_bytes=190448 selected_grids={5: 39}
fusion_method=early pred_boxes=19 gt_boxes=22
pred_scores_shape=(19,)
frame=22/31 receiver_sample=7/10 scenario=2026_07_31_02_24_35 timestamp=000102 cavs=[7, 1]
sgcp_constrained receiver=7 policy=all-cavs sources=[7, 1] clusters=10 ra=selective_pacp_lidar comm_bytes=204608 selected_grids={1: 39}
fusion_method=early pred_boxes=21 gt_boxes=25
pred_scores_shape=(21,)
frame=22/31 receiver_sample=8/10 scenario=2026_07_31_02_24_35 timestamp=000102 cavs=[8, 2]
sgcp_constrained receiver=8 policy=all-cavs sources=[8, 2] clusters=10 ra=selective_pacp_lidar comm_bytes=204032 selected_grids={2: 53}
fusion_method=early pred_boxes=10 gt_boxes=13
pred_scores_shape=(10,)
frame=22/31 receiver_sample=9/10 scenario=2026_07_31_02_24_35 timestamp=000102 cavs=[9]
sgcp_constrained receiver=9 policy=all-cavs sources=[9] clusters=10 ra=selective_pacp_lidar comm_bytes=0 selected_grids={}
fusion_method=early pred_boxes=12 gt_boxes=24
pred_scores_shape=(12,)
frame=22/31 receiver_sample=10/10 scenario=2026_07_31_02_24_35 timestamp=000102 cavs=[10]
sgcp_constrained receiver=10 policy=all-cavs sources=[10] clusters=10 ra=selective_pacp_lidar comm_bytes=0 selected_grids={}
fusion_method=early pred_boxes=12 gt_boxes=16
pred_scores_shape=(12,)
frame=23/31 receiver_sample=1/10 scenario=2026_07_31_02_24_35 timestamp=000104 cavs=[1, 7]
sgcp_constrained receiver=1 policy=all-cavs sources=[1, 7] clusters=10 ra=selective_pacp_lidar comm_bytes=196544 selected_grids={7: 59}
fusion_method=early pred_boxes=19 gt_boxes=23
pred_scores_shape=(19,)
frame=23/31 receiver_sample=2/10 scenario=2026_07_31_02_24_35 timestamp=000104 cavs=[2]
sgcp_constrained receiver=2 policy=all-cavs sources=[2] clusters=10 ra=selective_pacp_lidar comm_bytes=0 selected_grids={}
fusion_method=early pred_boxes=7 gt_boxes=12
pred_scores_shape=(7,)
frame=23/31 receiver_sample=3/10 scenario=2026_07_31_02_24_35 timestamp=000104 cavs=[3]
sgcp_constrained receiver=3 policy=all-cavs sources=[3] clusters=10 ra=selective_pacp_lidar comm_bytes=0 selected_grids={}
fusion_method=early pred_boxes=9 gt_boxes=10
pred_scores_shape=(9,)
frame=23/31 receiver_sample=4/10 scenario=2026_07_31_02_24_35 timestamp=000104 cavs=[4, 9]
sgcp_constrained receiver=4 policy=all-cavs sources=[4, 9] clusters=10 ra=selective_pacp_lidar comm_bytes=194208 selected_grids={9: 39}Format = auto
Extension = pcd
Format = auto
Extension = pcd
Format = auto
Extension = pcd
Format = auto
Extension = pcd
Format = auto
Extension = pcd
Format = auto
Extension = pcd
Format = auto
Extension = pcd
Format = auto
Extension = pcd
Format = auto
Extension = pcd
Format = auto
Extension = pcd
Format = auto
Extension = pcd
Format = auto
Extension = pcd
Format = auto
Extension = pcd
Format = auto
Extension = pcd
Format = auto
Extension = pcd
Format = auto
Extension = pcd
Format = auto
Extension = pcd
Format = auto
Extension = pcd
Format = auto
Extension = pcd
Format = auto
Extension = pcd
Format = auto
Extension = pcd
Format = auto
Extension = pcd
Format = auto
Extension = pcd
Format = auto
Extension = pcd
Format = auto
Extension = pcd
Format = auto
Extension = pcd
Format = auto
Extension = pcd
Format = auto
Extension = pcd
Format = auto
Extension = pcd
Format = auto
Extension = pcd

fusion_method=early pred_boxes=23 gt_boxes=27
pred_scores_shape=(23,)
frame=23/31 receiver_sample=5/10 scenario=2026_07_31_02_24_35 timestamp=000104 cavs=[5]
sgcp_constrained receiver=5 policy=all-cavs sources=[5] clusters=10 ra=selective_pacp_lidar comm_bytes=0 selected_grids={}
fusion_method=early pred_boxes=16 gt_boxes=20
pred_scores_shape=(16,)
frame=23/31 receiver_sample=6/10 scenario=2026_07_31_02_24_35 timestamp=000104 cavs=[6, 5, 10]
sgcp_constrained receiver=6 policy=all-cavs sources=[6, 5, 10] clusters=10 ra=selective_pacp_lidar comm_bytes=394368 selected_grids={5: 39, 10: 39}
fusion_method=early pred_boxes=19 gt_boxes=21
pred_scores_shape=(19,)
frame=23/31 receiver_sample=7/10 scenario=2026_07_31_02_24_35 timestamp=000104 cavs=[7]
sgcp_constrained receiver=7 policy=all-cavs sources=[7] clusters=10 ra=selective_pacp_lidar comm_bytes=0 selected_grids={}
fusion_method=early pred_boxes=17 gt_boxes=22
pred_scores_shape=(17,)
frame=23/31 receiver_sample=8/10 scenario=2026_07_31_02_24_35 timestamp=000104 cavs=[8, 2]
sgcp_constrained receiver=8 policy=all-cavs sources=[8, 2] clusters=10 ra=selective_pacp_lidar comm_bytes=204000 selected_grids={2: 52}
fusion_method=early pred_boxes=10 gt_boxes=13
pred_scores_shape=(10,)
frame=23/31 receiver_sample=9/10 scenario=2026_07_31_02_24_35 timestamp=000104 cavs=[9]
sgcp_constrained receiver=9 policy=all-cavs sources=[9] clusters=10 ra=selective_pacp_lidar comm_bytes=0 selected_grids={}
fusion_method=early pred_boxes=14 gt_boxes=23
pred_scores_shape=(14,)
frame=23/31 receiver_sample=10/10 scenario=2026_07_31_02_24_35 timestamp=000104 cavs=[10]
sgcp_constrained receiver=10 policy=all-cavs sources=[10] clusters=10 ra=selective_pacp_lidar comm_bytes=0 selected_grids={}
fusion_method=early pred_boxes=11 gt_boxes=18
pred_scores_shape=(11,)
frame=24/31 receiver_sample=1/10 scenario=2026_07_31_02_24_35 timestamp=000106 cavs=[1, 7]
sgcp_constrained receiver=1 policy=all-cavs sources=[1, 7] clusters=10 ra=selective_pacp_lidar comm_bytes=196160 selected_grids={7: 59}
fusion_method=early pred_boxes=19 gt_boxes=23
pred_scores_shape=(19,)
frame=24/31 receiver_sample=2/10 scenario=2026_07_31_02_24_35 timestamp=000106 cavs=[2]
sgcp_constrained receiver=2 policy=all-cavs sources=[2] clusters=10 ra=selective_pacp_lidar comm_bytes=0 selected_grids={}
fusion_method=early pred_boxes=9 gt_boxes=13
pred_scores_shape=(9,)
frame=24/31 receiver_sample=3/10 scenario=2026_07_31_02_24_35 timestamp=000106 cavs=[3]
sgcp_constrained receiver=3 policy=all-cavs sources=[3] clusters=10 ra=selective_pacp_lidar comm_bytes=0 selected_grids={}
fusion_method=early pred_boxes=9 gt_boxes=10
pred_scores_shape=(9,)
frame=24/31 receiver_sample=4/10 scenario=2026_07_31_02_24_35 timestamp=000106 cavs=[4, 9]
sgcp_constrained receiver=4 policy=all-cavs sources=[4, 9] clusters=10 ra=selective_pacp_lidar comm_bytes=192528 selected_grids={9: 39}
fusion_method=early pred_boxes=20 gt_boxes=26
pred_scores_shape=(20,)
frame=24/31 receiver_sample=5/10 scenario=2026_07_31_02_24_35 timestamp=000106 cavs=[5]
sgcp_constrained receiver=5 policy=all-cavs sources=[5] clusters=10 ra=selective_pacp_lidar comm_bytes=0 selected_grids={}
fusion_method=early pred_boxes=16 gt_boxes=20
pred_scores_shape=(16,)
frame=24/31 receiver_sample=6/10 scenario=2026_07_31_02_24_35 timestamp=000106 cavs=[6, 5, 10]
sgcp_constrained receiver=6 policy=all-cavs sources=[6, 5, 10] clusters=10 ra=selective_pacp_lidar comm_bytes=393888 selected_grids={5: 39, 10: 39}
fusion_method=early pred_boxes=18 gt_boxes=21
pred_scores_shape=(18,)
frame=24/31 receiver_sample=7/10 scenario=2026_07_31_02_24_35 timestamp=000106 cavs=[7]
sgcp_constrained receiver=7 policy=all-cavs sources=[7] clusters=10 ra=selective_pacp_lidar comm_bytes=0 selected_grids={}
fusion_method=early pred_boxes=16 gt_boxes=22
pred_scores_shape=(16,)
frame=24/31 receiver_sample=8/10 scenario=2026_07_31_02_24_35 timestamp=000106 cavs=[8, 2]
sgcp_constrained receiver=8 policy=all-cavs sources=[8, 2] clusters=10 ra=selective_pacp_lidar comm_bytes=204000 selected_grids={2: 52}
fusion_method=early pred_boxes=11 gt_boxes=13
pred_scores_shape=(11,)
frame=24/31 receiver_sample=9/10 scenario=2026_07_31_02_24_35 timestamp=000106 cavs=[9]
sgcp_constrained receiver=9 policy=all-cavs sources=[9] clusters=10 ra=selective_pacp_lidar comm_bytes=0 selected_grids={}
fusion_method=early pred_boxes=14 gt_boxes=22
pred_scores_shape=(14,)
frame=24/31 receiver_sample=10/10 scenario=2026_07_31_02_24_35 timestamp=000106 cavs=[10]
sgcp_constrained receiver=10 policy=all-cavs sources=[10] clusters=10 ra=selective_pacp_lidar comm_bytes=0 selected_grids={}
fusion_method=early pred_boxes=11 gt_boxes=18
pred_scores_shape=(11,)
frame=25/31 receiver_sample=1/10 scenario=2026_07_31_02_24_35 timestamp=000108 cavs=[1]
sgcp_constrained receiver=1 policy=all-cavs sources=[1] clusters=10 ra=selective_pacp_lidar comm_bytes=0 selected_grids={}
fusion_method=early pred_boxes=11 gt_boxes=14
pred_scores_shape=(11,)
frame=25/31 receiver_sample=2/10 scenario=2026_07_31_02_24_35 timestamp=000108 cavs=[2]
sgcp_constrained receiver=2 policy=all-cavs sources=[2] clusters=10 ra=selective_pacp_lidar comm_bytes=0 selected_grids={}
fusion_method=early pred_boxes=9 gt_boxes=13
pred_scores_shape=(9,)
frame=25/31 receiver_sample=3/10 scenario=2026_07_31_02_24_35 timestamp=000108 cavs=[3]
sgcp_constrained receiver=3 policy=all-cavs sources=[3] clusters=10 ra=selective_pacp_lidar comm_bytes=0 selected_grids={}
fusion_method=early pred_boxes=9 gt_boxes=11
pred_scores_shape=(9,)
frame=25/31 receiver_sample=4/10 scenario=2026_07_31_02_24_35 timestamp=000108 cavs=[4, 9]
sgcp_constrained receiver=4 policy=all-cavs sources=[4, 9] clusters=10 ra=selective_pacp_lidar comm_bytes=171168 selected_grids={9: 14}
fusion_method=early pred_boxes=18 gt_boxes=22
pred_scores_shape=(18,)
frame=25/31 receiver_sample=5/10 scenario=2026_07_31_02_24_35 timestamp=000108 cavs=[5]
sgcp_constrained receiver=5 policy=all-cavs sources=[5] clusters=10 ra=selective_pacp_lidar comm_bytes=0 selected_grids={}
fusion_method=early pred_boxes=14 gt_boxes=20
pred_scores_shape=(14,)
frame=25/31 receiver_sample=6/10 scenario=2026_07_31_02_24_35 timestamp=000108 cavs=[6, 3, 10]
sgcp_constrained receiver=6 policy=all-cavs sources=[6, 3, 10] clusters=10 ra=selective_pacp_lidar comm_bytes=359264 selected_grids={3: 13, 10: 15}
fusion_method=early pred_boxes=15 gt_boxes=19
pred_scores_shape=(15,)
frame=25/31 receiver_sample=7/10 scenario=2026_07_31_02_24_35 timestamp=000108 cavs=[7, 1, 5]
sgcp_constrained receiver=7 policy=all-cavs sources=[7, 1, 5] clusters=10 ra=selective_pacp_lidar comm_bytes=362768 selected_grids={1: 14, 5: 14}
fusion_method=early pred_boxes=21 gt_boxes=28
pred_scores_shape=(21,)
frame=25/31 receiver_sample=8/10 scenario=2026_07_31_02_24_35 timestamp=000108 cavs=[8, 2]
sgcp_constrained receiver=8 policy=all-cavs sources=[8, 2] clusters=10 ra=selective_pacp_lidar comm_bytes=185600 selected_grids={2: 14}
fusion_method=early pred_boxes=8 gt_boxes=13
pred_scores_shape=(8,)
frame=25/31 receiver_sample=9/10 scenario=2026_07_31_02_24_35 timestamp=000108 cavs=[9]
sgcp_constrained receiver=9 policy=all-cavs sources=[9] clusters=10 ra=selective_pacp_lidar comm_bytes=0 selected_grids={}
fusion_method=early pred_boxes=14 gt_boxes=23
pred_scores_shape=(14,)
frame=25/31 receiver_sample=10/10 scenario=2026_07_31_02_24_35 timestamp=000108 cavs=[10]
sgcp_constrained receiver=10 policy=all-cavs sources=[10] clusters=10 ra=selective_pacp_lidar comm_bytes=0 selected_grids={}
fusion_method=early pred_boxes=12 gt_boxes=18
pred_scores_shape=(12,)
frame=26/31 receiver_sample=1/10 scenario=2026_07_31_02_24_35 timestamp=000110 cavs=[1]
sgcp_constrained receiver=1 policy=all-cavs sources=[1] clusters=10 ra=selective_pacp_lidar comm_bytes=0 selected_grids={}
fusion_method=early pred_boxes=12 gt_boxes=14
pred_scores_shape=(12,)
frame=26/31 receiver_sample=2/10 scenario=2026_07_31_02_24_35 timestamp=000110 cavs=[2]
sgcp_constrained receiver=2 policy=all-cavs sources=[2] clusters=10 ra=selective_pacp_lidar comm_bytes=0 selected_grids={}Format = auto
Extension = pcd
Format = auto
Extension = pcd
Format = auto
Extension = pcd
Format = auto
Extension = pcd
Format = auto
Extension = pcd
Format = auto
Extension = pcd
Format = auto
Extension = pcd
Format = auto
Extension = pcd
Format = auto
Extension = pcd
Format = auto
Extension = pcd
Format = auto
Extension = pcd
Format = auto
Extension = pcd
Format = auto
Extension = pcd
Format = auto
Extension = pcd
Format = auto
Extension = pcd
Format = auto
Extension = pcd
Format = auto
Extension = pcd
Format = auto
Extension = pcd
Format = auto
Extension = pcd
Format = auto
Extension = pcd

fusion_method=early pred_boxes=9 gt_boxes=13
pred_scores_shape=(9,)
frame=26/31 receiver_sample=3/10 scenario=2026_07_31_02_24_35 timestamp=000110 cavs=[3]
sgcp_constrained receiver=3 policy=all-cavs sources=[3] clusters=10 ra=selective_pacp_lidar comm_bytes=0 selected_grids={}
fusion_method=early pred_boxes=9 gt_boxes=11
pred_scores_shape=(9,)
frame=26/31 receiver_sample=4/10 scenario=2026_07_31_02_24_35 timestamp=000110 cavs=[4, 9]
sgcp_constrained receiver=4 policy=all-cavs sources=[4, 9] clusters=10 ra=selective_pacp_lidar comm_bytes=170512 selected_grids={9: 14}
fusion_method=early pred_boxes=16 gt_boxes=22
pred_scores_shape=(16,)
frame=26/31 receiver_sample=5/10 scenario=2026_07_31_02_24_35 timestamp=000110 cavs=[5]
sgcp_constrained receiver=5 policy=all-cavs sources=[5] clusters=10 ra=selective_pacp_lidar comm_bytes=0 selected_grids={}
fusion_method=early pred_boxes=15 gt_boxes=19
pred_scores_shape=(15,)
frame=26/31 receiver_sample=6/10 scenario=2026_07_31_02_24_35 timestamp=000110 cavs=[6, 3, 10]
sgcp_constrained receiver=6 policy=all-cavs sources=[6, 3, 10] clusters=10 ra=selective_pacp_lidar comm_bytes=357488 selected_grids={3: 13, 10: 15}
fusion_method=early pred_boxes=15 gt_boxes=19
pred_scores_shape=(15,)
frame=26/31 receiver_sample=7/10 scenario=2026_07_31_02_24_35 timestamp=000110 cavs=[7, 1, 5]
sgcp_constrained receiver=7 policy=all-cavs sources=[7, 1, 5] clusters=10 ra=selective_pacp_lidar comm_bytes=363920 selected_grids={1: 14, 5: 15}
fusion_method=early pred_boxes=15 gt_boxes=27
pred_scores_shape=(15,)
frame=26/31 receiver_sample=8/10 scenario=2026_07_31_02_24_35 timestamp=000110 cavs=[8, 2]
sgcp_constrained receiver=8 policy=all-cavs sources=[8, 2] clusters=10 ra=selective_pacp_lidar comm_bytes=186880 selected_grids={2: 17}
fusion_method=early pred_boxes=7 gt_boxes=13
pred_scores_shape=(7,)
frame=26/31 receiver_sample=9/10 scenario=2026_07_31_02_24_35 timestamp=000110 cavs=[9]
sgcp_constrained receiver=9 policy=all-cavs sources=[9] clusters=10 ra=selective_pacp_lidar comm_bytes=0 selected_grids={}
fusion_method=early pred_boxes=15 gt_boxes=23
pred_scores_shape=(15,)
frame=26/31 receiver_sample=10/10 scenario=2026_07_31_02_24_35 timestamp=000110 cavs=[10]
sgcp_constrained receiver=10 policy=all-cavs sources=[10] clusters=10 ra=selective_pacp_lidar comm_bytes=0 selected_grids={}
fusion_method=early pred_boxes=14 gt_boxes=18
pred_scores_shape=(14,)
frame=27/31 receiver_sample=1/10 scenario=2026_07_31_02_24_35 timestamp=000112 cavs=[1, 7]
sgcp_constrained receiver=1 policy=all-cavs sources=[1, 7] clusters=10 ra=selective_pacp_lidar comm_bytes=196992 selected_grids={7: 59}
fusion_method=early pred_boxes=18 gt_boxes=19
pred_scores_shape=(18,)
frame=27/31 receiver_sample=2/10 scenario=2026_07_31_02_24_35 timestamp=000112 cavs=[2]
sgcp_constrained receiver=2 policy=all-cavs sources=[2] clusters=10 ra=selective_pacp_lidar comm_bytes=0 selected_grids={}
fusion_method=early pred_boxes=9 gt_boxes=12
pred_scores_shape=(9,)
frame=27/31 receiver_sample=3/10 scenario=2026_07_31_02_24_35 timestamp=000112 cavs=[3]
sgcp_constrained receiver=3 policy=all-cavs sources=[3] clusters=10 ra=selective_pacp_lidar comm_bytes=0 selected_grids={}
fusion_method=early pred_boxes=9 gt_boxes=11
pred_scores_shape=(9,)
frame=27/31 receiver_sample=4/10 scenario=2026_07_31_02_24_35 timestamp=000112 cavs=[4, 9]
sgcp_constrained receiver=4 policy=all-cavs sources=[4, 9] clusters=10 ra=selective_pacp_lidar comm_bytes=193232 selected_grids={9: 39}
fusion_method=early pred_boxes=17 gt_boxes=22
pred_scores_shape=(17,)
frame=27/31 receiver_sample=5/10 scenario=2026_07_31_02_24_35 timestamp=000112 cavs=[5]
sgcp_constrained receiver=5 policy=all-cavs sources=[5] clusters=10 ra=selective_pacp_lidar comm_bytes=0 selected_grids={}
fusion_method=early pred_boxes=13 gt_boxes=18
pred_scores_shape=(13,)
frame=27/31 receiver_sample=6/10 scenario=2026_07_31_02_24_35 timestamp=000112 cavs=[6, 5, 10]
sgcp_constrained receiver=6 policy=all-cavs sources=[6, 5, 10] clusters=10 ra=selective_pacp_lidar comm_bytes=394800 selected_grids={5: 39, 10: 39}
fusion_method=early pred_boxes=19 gt_boxes=21
pred_scores_shape=(19,)
frame=27/31 receiver_sample=7/10 scenario=2026_07_31_02_24_35 timestamp=000112 cavs=[7]
sgcp_constrained receiver=7 policy=all-cavs sources=[7] clusters=10 ra=selective_pacp_lidar comm_bytes=0 selected_grids={}
fusion_method=early pred_boxes=15 gt_boxes=18
pred_scores_shape=(15,)
frame=27/31 receiver_sample=8/10 scenario=2026_07_31_02_24_35 timestamp=000112 cavs=[8, 2]
sgcp_constrained receiver=8 policy=all-cavs sources=[8, 2] clusters=10 ra=selective_pacp_lidar comm_bytes=203872 selected_grids={2: 52}
fusion_method=early pred_boxes=11 gt_boxes=12
pred_scores_shape=(11,)
frame=27/31 receiver_sample=9/10 scenario=2026_07_31_02_24_35 timestamp=000112 cavs=[9]
sgcp_constrained receiver=9 policy=all-cavs sources=[9] clusters=10 ra=selective_pacp_lidar comm_bytes=0 selected_grids={}
fusion_method=early pred_boxes=16 gt_boxes=23
pred_scores_shape=(16,)
frame=27/31 receiver_sample=10/10 scenario=2026_07_31_02_24_35 timestamp=000112 cavs=[10]
sgcp_constrained receiver=10 policy=all-cavs sources=[10] clusters=10 ra=selective_pacp_lidar comm_bytes=0 selected_grids={}
fusion_method=early pred_boxes=12 gt_boxes=19
pred_scores_shape=(12,)
frame=28/31 receiver_sample=1/10 scenario=2026_07_31_02_24_35 timestamp=000114 cavs=[1, 2, 7]
sgcp_constrained receiver=1 policy=all-cavs sources=[1, 2, 7] clusters=10 ra=selective_pacp_lidar comm_bytes=401568 selected_grids={2: 52, 7: 59}
fusion_method=early pred_boxes=19 gt_boxes=20
pred_scores_shape=(19,)
frame=28/31 receiver_sample=2/10 scenario=2026_07_31_02_24_35 timestamp=000114 cavs=[2]
sgcp_constrained receiver=2 policy=all-cavs sources=[2] clusters=10 ra=selective_pacp_lidar comm_bytes=0 selected_grids={}
fusion_method=early pred_boxes=10 gt_boxes=12
pred_scores_shape=(10,)
frame=28/31 receiver_sample=3/10 scenario=2026_07_31_02_24_35 timestamp=000114 cavs=[3]
sgcp_constrained receiver=3 policy=all-cavs sources=[3] clusters=10 ra=selective_pacp_lidar comm_bytes=0 selected_grids={}
fusion_method=early pred_boxes=9 gt_boxes=11
pred_scores_shape=(9,)
frame=28/31 receiver_sample=4/10 scenario=2026_07_31_02_24_35 timestamp=000114 cavs=[4, 9]
sgcp_constrained receiver=4 policy=all-cavs sources=[4, 9] clusters=10 ra=selective_pacp_lidar comm_bytes=191792 selected_grids={9: 39}
fusion_method=early pred_boxes=17 gt_boxes=19
pred_scores_shape=(17,)
frame=28/31 receiver_sample=5/10 scenario=2026_07_31_02_24_35 timestamp=000114 cavs=[5, 10]
sgcp_constrained receiver=5 policy=all-cavs sources=[5, 10] clusters=10 ra=selective_pacp_lidar comm_bytes=202992 selected_grids={10: 39}
fusion_method=early pred_boxes=19 gt_boxes=23
pred_scores_shape=(19,)
frame=28/31 receiver_sample=6/10 scenario=2026_07_31_02_24_35 timestamp=000114 cavs=[6, 3]
sgcp_constrained receiver=6 policy=all-cavs sources=[6, 3] clusters=10 ra=selective_pacp_lidar comm_bytes=199984 selected_grids={3: 39}
fusion_method=early pred_boxes=12 gt_boxes=17
pred_scores_shape=(12,)
frame=28/31 receiver_sample=7/10 scenario=2026_07_31_02_24_35 timestamp=000114 cavs=[7]
sgcp_constrained receiver=7 policy=all-cavs sources=[7] clusters=10 ra=selective_pacp_lidar comm_bytes=0 selected_grids={}
fusion_method=early pred_boxes=15 gt_boxes=19
pred_scores_shape=(15,)
frame=28/31 receiver_sample=8/10 scenario=2026_07_31_02_24_35 timestamp=000114 cavs=[8]
sgcp_constrained receiver=8 policy=all-cavs sources=[8] clusters=10 ra=selective_pacp_lidar comm_bytes=0 selected_grids={}
fusion_method=early pred_boxes=5 gt_boxes=9
pred_scores_shape=(5,)
frame=28/31 receiver_sample=9/10 scenario=2026_07_31_02_24_35 timestamp=000114 cavs=[9]
sgcp_constrained receiver=9 policy=all-cavs sources=[9] clusters=10 ra=selective_pacp_lidar comm_bytes=0 selected_grids={}
fusion_method=early pred_boxes=15 gt_boxes=23
pred_scores_shape=(15,)
frame=28/31 receiver_sample=10/10 scenario=2026_07_31_02_24_35 timestamp=000114 cavs=[10]
sgcp_constrained receiver=10 policy=all-cavs sources=[10] clusters=10 ra=selective_pacp_lidar comm_bytes=0 selected_grids={}Format = auto
Extension = pcd
Format = auto
Extension = pcd
Format = auto
Extension = pcd
Format = auto
Extension = pcd
Format = auto
Extension = pcd
Format = auto
Extension = pcd
Format = auto
Extension = pcd
Format = auto
Extension = pcd
Format = auto
Extension = pcd
Format = auto
Extension = pcd
Format = auto
Extension = pcd
Format = auto
Extension = pcd
Format = auto
Extension = pcd
Format = auto
Extension = pcd
Format = auto
Extension = pcd
Format = auto
Extension = pcd
Format = auto
Extension = pcd
Format = auto
Extension = pcd
Format = auto
Extension = pcd
Format = auto
Extension = pcd
Format = auto
Extension = pcd
Format = auto
Extension = pcd
Format = auto
Extension = pcd
Format = auto
Extension = pcd
Format = auto
Extension = pcd
Format = auto
Extension = pcd
Format = auto
Extension = pcd
Format = auto
Extension = pcd
Format = auto
Extension = pcd
Format = auto
Extension = pcd

fusion_method=early pred_boxes=13 gt_boxes=19
pred_scores_shape=(13,)
frame=29/31 receiver_sample=1/10 scenario=2026_07_31_02_24_35 timestamp=000116 cavs=[1]
sgcp_constrained receiver=1 policy=all-cavs sources=[1] clusters=10 ra=selective_pacp_lidar comm_bytes=0 selected_grids={}
fusion_method=early pred_boxes=11 gt_boxes=13
pred_scores_shape=(11,)
frame=29/31 receiver_sample=2/10 scenario=2026_07_31_02_24_35 timestamp=000116 cavs=[2]
sgcp_constrained receiver=2 policy=all-cavs sources=[2] clusters=10 ra=selective_pacp_lidar comm_bytes=0 selected_grids={}
fusion_method=early pred_boxes=9 gt_boxes=12
pred_scores_shape=(9,)
frame=29/31 receiver_sample=3/10 scenario=2026_07_31_02_24_35 timestamp=000116 cavs=[3]
sgcp_constrained receiver=3 policy=all-cavs sources=[3] clusters=10 ra=selective_pacp_lidar comm_bytes=0 selected_grids={}
fusion_method=early pred_boxes=9 gt_boxes=11
pred_scores_shape=(9,)
frame=29/31 receiver_sample=4/10 scenario=2026_07_31_02_24_35 timestamp=000116 cavs=[4, 9]
sgcp_constrained receiver=4 policy=all-cavs sources=[4, 9] clusters=10 ra=selective_pacp_lidar comm_bytes=193232 selected_grids={9: 39}
fusion_method=early pred_boxes=16 gt_boxes=19
pred_scores_shape=(16,)
frame=29/31 receiver_sample=5/10 scenario=2026_07_31_02_24_35 timestamp=000116 cavs=[5, 10]
sgcp_constrained receiver=5 policy=all-cavs sources=[5, 10] clusters=10 ra=selective_pacp_lidar comm_bytes=202864 selected_grids={10: 39}
fusion_method=early pred_boxes=18 gt_boxes=23
pred_scores_shape=(18,)
frame=29/31 receiver_sample=6/10 scenario=2026_07_31_02_24_35 timestamp=000116 cavs=[6, 3]
sgcp_constrained receiver=6 policy=all-cavs sources=[6, 3] clusters=10 ra=selective_pacp_lidar comm_bytes=208560 selected_grids={3: 58}
fusion_method=early pred_boxes=14 gt_boxes=16
pred_scores_shape=(14,)
frame=29/31 receiver_sample=7/10 scenario=2026_07_31_02_24_35 timestamp=000116 cavs=[7, 1]
sgcp_constrained receiver=7 policy=all-cavs sources=[7, 1] clusters=10 ra=selective_pacp_lidar comm_bytes=204800 selected_grids={1: 39}
fusion_method=early pred_boxes=18 gt_boxes=21
pred_scores_shape=(18,)
frame=29/31 receiver_sample=8/10 scenario=2026_07_31_02_24_35 timestamp=000116 cavs=[8]
sgcp_constrained receiver=8 policy=all-cavs sources=[8] clusters=10 ra=selective_pacp_lidar comm_bytes=0 selected_grids={}
fusion_method=early pred_boxes=6 gt_boxes=9
pred_scores_shape=(6,)
frame=29/31 receiver_sample=9/10 scenario=2026_07_31_02_24_35 timestamp=000116 cavs=[9]
sgcp_constrained receiver=9 policy=all-cavs sources=[9] clusters=10 ra=selective_pacp_lidar comm_bytes=0 selected_grids={}
fusion_method=early pred_boxes=14 gt_boxes=23
pred_scores_shape=(14,)
frame=29/31 receiver_sample=10/10 scenario=2026_07_31_02_24_35 timestamp=000116 cavs=[10]
sgcp_constrained receiver=10 policy=all-cavs sources=[10] clusters=10 ra=selective_pacp_lidar comm_bytes=0 selected_grids={}
fusion_method=early pred_boxes=15 gt_boxes=18
pred_scores_shape=(15,)
frame=30/31 receiver_sample=1/10 scenario=2026_07_31_02_24_35 timestamp=000118 cavs=[1]
sgcp_constrained receiver=1 policy=all-cavs sources=[1] clusters=10 ra=selective_pacp_lidar comm_bytes=0 selected_grids={}
fusion_method=early pred_boxes=11 gt_boxes=13
pred_scores_shape=(11,)
frame=30/31 receiver_sample=2/10 scenario=2026_07_31_02_24_35 timestamp=000118 cavs=[2]
sgcp_constrained receiver=2 policy=all-cavs sources=[2] clusters=10 ra=selective_pacp_lidar comm_bytes=0 selected_grids={}
fusion_method=early pred_boxes=9 gt_boxes=11
pred_scores_shape=(9,)
frame=30/31 receiver_sample=3/10 scenario=2026_07_31_02_24_35 timestamp=000118 cavs=[3]
sgcp_constrained receiver=3 policy=all-cavs sources=[3] clusters=10 ra=selective_pacp_lidar comm_bytes=0 selected_grids={}
fusion_method=early pred_boxes=9 gt_boxes=11
pred_scores_shape=(9,)
frame=30/31 receiver_sample=4/10 scenario=2026_07_31_02_24_35 timestamp=000118 cavs=[4, 9]
sgcp_constrained receiver=4 policy=all-cavs sources=[4, 9] clusters=10 ra=selective_pacp_lidar comm_bytes=193568 selected_grids={9: 39}
fusion_method=early pred_boxes=13 gt_boxes=18
pred_scores_shape=(13,)
frame=30/31 receiver_sample=5/10 scenario=2026_07_31_02_24_35 timestamp=000118 cavs=[5, 10]
sgcp_constrained receiver=5 policy=all-cavs sources=[5, 10] clusters=10 ra=selective_pacp_lidar comm_bytes=199488 selected_grids={10: 39}
fusion_method=early pred_boxes=16 gt_boxes=23
pred_scores_shape=(16,)
frame=30/31 receiver_sample=6/10 scenario=2026_07_31_02_24_35 timestamp=000118 cavs=[6, 3]
sgcp_constrained receiver=6 policy=all-cavs sources=[6, 3] clusters=10 ra=selective_pacp_lidar comm_bytes=207920 selected_grids={3: 58}
fusion_method=early pred_boxes=11 gt_boxes=15
pred_scores_shape=(11,)
frame=30/31 receiver_sample=7/10 scenario=2026_07_31_02_24_35 timestamp=000118 cavs=[7, 1]
sgcp_constrained receiver=7 policy=all-cavs sources=[7, 1] clusters=10 ra=selective_pacp_lidar comm_bytes=204848 selected_grids={1: 39}
fusion_method=early pred_boxes=18 gt_boxes=21
pred_scores_shape=(18,)
frame=30/31 receiver_sample=8/10 scenario=2026_07_31_02_24_35 timestamp=000118 cavs=[8]
sgcp_constrained receiver=8 policy=all-cavs sources=[8] clusters=10 ra=selective_pacp_lidar comm_bytes=0 selected_grids={}
fusion_method=early pred_boxes=6 gt_boxes=9
pred_scores_shape=(6,)
frame=30/31 receiver_sample=9/10 scenario=2026_07_31_02_24_35 timestamp=000118 cavs=[9]
sgcp_constrained receiver=9 policy=all-cavs sources=[9] clusters=10 ra=selective_pacp_lidar comm_bytes=0 selected_grids={}
fusion_method=early pred_boxes=12 gt_boxes=22
pred_scores_shape=(12,)
frame=30/31 receiver_sample=10/10 scenario=2026_07_31_02_24_35 timestamp=000118 cavs=[10]
sgcp_constrained receiver=10 policy=all-cavs sources=[10] clusters=10 ra=selective_pacp_lidar comm_bytes=0 selected_grids={}
fusion_method=early pred_boxes=15 gt_boxes=18
pred_scores_shape=(15,)
frame=31/31 receiver_sample=1/10 scenario=2026_07_31_02_24_35 timestamp=000120 cavs=[1]
sgcp_constrained receiver=1 policy=all-cavs sources=[1] clusters=10 ra=selective_pacp_lidar comm_bytes=0 selected_grids={}
fusion_method=early pred_boxes=12 gt_boxes=13
pred_scores_shape=(12,)
frame=31/31 receiver_sample=2/10 scenario=2026_07_31_02_24_35 timestamp=000120 cavs=[2]
sgcp_constrained receiver=2 policy=all-cavs sources=[2] clusters=10 ra=selective_pacp_lidar comm_bytes=0 selected_grids={}
fusion_method=early pred_boxes=8 gt_boxes=12
pred_scores_shape=(8,)
frame=31/31 receiver_sample=3/10 scenario=2026_07_31_02_24_35 timestamp=000120 cavs=[3]
sgcp_constrained receiver=3 policy=all-cavs sources=[3] clusters=10 ra=selective_pacp_lidar comm_bytes=0 selected_grids={}
fusion_method=early pred_boxes=9 gt_boxes=11
pred_scores_shape=(9,)
frame=31/31 receiver_sample=4/10 scenario=2026_07_31_02_24_35 timestamp=000120 cavs=[4, 9]
sgcp_constrained receiver=4 policy=all-cavs sources=[4, 9] clusters=10 ra=selective_pacp_lidar comm_bytes=192528 selected_grids={9: 39}
fusion_method=early pred_boxes=13 gt_boxes=17
pred_scores_shape=(13,)
frame=31/31 receiver_sample=5/10 scenario=2026_07_31_02_24_35 timestamp=000120 cavs=[5, 10]
sgcp_constrained receiver=5 policy=all-cavs sources=[5, 10] clusters=10 ra=selective_pacp_lidar comm_bytes=200576 selected_grids={10: 39}
fusion_method=early pred_boxes=18 gt_boxes=23
pred_scores_shape=(18,)
frame=31/31 receiver_sample=6/10 scenario=2026_07_31_02_24_35 timestamp=000120 cavs=[6, 3]
sgcp_constrained receiver=6 policy=all-cavs sources=[6, 3] clusters=10 ra=selective_pacp_lidar comm_bytes=207232 selected_grids={3: 58}
fusion_method=early pred_boxes=14 gt_boxes=14
pred_scores_shape=(14,)
frame=31/31 receiver_sample=7/10 scenario=2026_07_31_02_24_35 timestamp=000120 cavs=[7, 1]
sgcp_constrained receiver=7 policy=all-cavs sources=[7, 1] clusters=10 ra=selective_pacp_lidar comm_bytes=204608 selected_grids={1: 39}
fusion_method=early pred_boxes=16 gt_boxes=21
pred_scores_shape=(16,)
frame=31/31 receiver_sample=8/10 scenario=2026_07_31_02_24_35 timestamp=000120 cavs=[8]
sgcp_constrained receiver=8 policy=all-cavs sources=[8] clusters=10 ra=selective_pacp_lidar comm_bytes=0 selected_grids={}
fusion_method=early pred_boxes=4 gt_boxes=9C:\Users\sakakibara\miniconda3\envs\opencda\lib\site-packages\torch\nn\functional.py:1806: UserWarning: nn.functional.sigmoid is deprecated. Use torch.sigmoid instead.
  warnings.warn("nn.functional.sigmoid is deprecated. Use torch.sigmoid instead.")

pred_scores_shape=(4,)
frame=31/31 receiver_sample=9/10 scenario=2026_07_31_02_24_35 timestamp=000120 cavs=[9]
sgcp_constrained receiver=9 policy=all-cavs sources=[9] clusters=10 ra=selective_pacp_lidar comm_bytes=0 selected_grids={}
fusion_method=early pred_boxes=13 gt_boxes=22
pred_scores_shape=(13,)
frame=31/31 receiver_sample=10/10 scenario=2026_07_31_02_24_35 timestamp=000120 cavs=[10]
sgcp_constrained receiver=10 policy=all-cavs sources=[10] clusters=10 ra=selective_pacp_lidar comm_bytes=0 selected_grids={}
fusion_method=early pred_boxes=15 gt_boxes=18
pred_scores_shape=(15,)
cp counter: 310
Evaluate final average precision results:
  - Fusion method: early
  - The Average Precision at IOU 0.3 is 0.71, The Average Precision at IOU 0.5 is 0.68, The Average Precision at IOU 0.7 is 0.55
sgcp_summary frames=310 avg_comm_bytes=101438.86 total_comm_bytes=31446048 avg_source_cavs=1.54 avg_selected_grids=15.39
