Format = auto
Extension = pcd
Format = auto
Extension = pcd
Format = auto
Extension = pcd
Format = auto
Extension = pcd
Format = auto
Extension = pcd
Format = auto
Extension = pcd
Format = auto
Extension = pcd
Format = auto
Extension = pcd
Format = auto
Extension = pcd
Format = auto
Extension = pcd
Format = auto
Extension = pcd
Format = auto
Extension = pcd
Format = auto
Extension = pcd
Format = auto
Extension = pcd
Format = auto
Extension = pcd
Format = auto
Extension = pcd
Format = auto
Extension = pcd
Format = auto
Extension = pcd
Format = auto
Extension = pcd
Format = auto
Extension = pcd
Format = auto
Extension = pcd
Format = auto
Extension = pcd
Format = auto
Extension = pcd
Format = auto
Extension = pcd
Format = auto
Extension = pcd
Format = auto
Extension = pcd
Format = auto
Extension = pcd
Format = auto
Extension = pcd
Format = auto
Extension = pcd
Format = auto
Extension = pcd
Format = auto
Extension = pcd
Format = auto
Extension = pcd
Format = auto
Extension = pcd
Format = auto
Extension = pcd
Format = auto
Extension = pcd
Format = auto
Extension = pcd
Format = auto
Extension = pcd
Format = auto
Extension = pcd
Format = auto
Extension = pcd
Format = auto
Extension = pcd
resuming by loading epoch 10000
frame=1/41 receiver_sample=1/20 scenario=2026_07_29_02_32_08 timestamp=000060 cavs=[1]
sgcp_constrained receiver=1 policy=all-cavs sources=[1] clusters=20 ra=selective_edgecooper_global_pmax comm_bytes=0 selected_grids={}
fusion_method=early pred_boxes=21 gt_boxes=41
pred_scores_shape=(21,)
frame=1/41 receiver_sample=2/20 scenario=2026_07_29_02_32_08 timestamp=000060 cavs=[2]
sgcp_constrained receiver=2 policy=all-cavs sources=[2] clusters=20 ra=selective_edgecooper_global_pmax comm_bytes=0 selected_grids={}
fusion_method=early pred_boxes=22 gt_boxes=38
pred_scores_shape=(22,)
frame=1/41 receiver_sample=3/20 scenario=2026_07_29_02_32_08 timestamp=000060 cavs=[3, 17, 18]
sgcp_constrained receiver=3 policy=all-cavs sources=[3, 17, 18] clusters=20 ra=selective_edgecooper_global_pmax comm_bytes=65504 selected_grids={17: 37, 18: 35}
fusion_method=early pred_boxes=21 gt_boxes=30
pred_scores_shape=(21,)
frame=1/41 receiver_sample=4/20 scenario=2026_07_29_02_32_08 timestamp=000060 cavs=[4, 1]
sgcp_constrained receiver=4 policy=all-cavs sources=[4, 1] clusters=20 ra=selective_edgecooper_global_pmax comm_bytes=42288 selected_grids={1: 29}
fusion_method=early pred_boxes=34 gt_boxes=45
pred_scores_shape=(34,)
frame=1/41 receiver_sample=5/20 scenario=2026_07_29_02_32_08 timestamp=000060 cavs=[5]
sgcp_constrained receiver=5 policy=all-cavs sources=[5] clusters=20 ra=selective_edgecooper_global_pmax comm_bytes=0 selected_grids={}
fusion_method=early pred_boxes=19 gt_boxes=39
pred_scores_shape=(19,)
frame=1/41 receiver_sample=6/20 scenario=2026_07_29_02_32_08 timestamp=000060 cavs=[6]
sgcp_constrained receiver=6 policy=all-cavs sources=[6] clusters=20 ra=selective_edgecooper_global_pmax comm_bytes=0 selected_grids={}
fusion_method=early pred_boxes=12 gt_boxes=13
pred_scores_shape=(12,)
frame=1/41 receiver_sample=7/20 scenario=2026_07_29_02_32_08 timestamp=000060 cavs=[7, 12, 20]
sgcp_constrained receiver=7 policy=all-cavs sources=[7, 12, 20] clusters=20 ra=selective_edgecooper_global_pmax comm_bytes=74736 selected_grids={12: 28, 20: 29}
fusion_method=early pred_boxes=31 gt_boxes=45
pred_scores_shape=(31,)
frame=1/41 receiver_sample=8/20 scenario=2026_07_29_02_32_08 timestamp=000060 cavs=[8]
sgcp_constrained receiver=8 policy=all-cavs sources=[8] clusters=20 ra=selective_edgecooper_global_pmax comm_bytes=0 selected_grids={}
fusion_method=early pred_boxes=21 gt_boxes=42
pred_scores_shape=(21,)
frame=1/41 receiver_sample=9/20 scenario=2026_07_29_02_32_08 timestamp=000060 cavs=[9]
sgcp_constrained receiver=9 policy=all-cavs sources=[9] clusters=20 ra=selective_edgecooper_global_pmax comm_bytes=0 selected_grids={}
fusion_method=early pred_boxes=19 gt_boxes=35
pred_scores_shape=(19,)
frame=1/41 receiver_sample=10/20 scenario=2026_07_29_02_32_08 timestamp=000060 cavs=[10, 8, 19]
sgcp_constrained receiver=10 policy=all-cavs sources=[10, 8, 19] clusters=20 ra=selective_edgecooper_global_pmax comm_bytes=49568 selected_grids={8: 29, 19: 29}
fusion_method=early pred_boxes=31 gt_boxes=50
pred_scores_shape=(31,)
frame=1/41 receiver_sample=11/20 scenario=2026_07_29_02_32_08 timestamp=000060 cavs=[11, 9]
sgcp_constrained receiver=11 policy=all-cavs sources=[11, 9] clusters=20 ra=selective_edgecooper_global_pmax comm_bytes=45840 selected_grids={9: 29}
fusion_method=early pred_boxes=32 gt_boxes=53
pred_scores_shape=(32,)
frame=1/41 receiver_sample=12/20 scenario=2026_07_29_02_32_08 timestamp=000060 cavs=[12]
sgcp_constrained receiver=12 policy=all-cavs sources=[12] clusters=20 ra=selective_edgecooper_global_pmax comm_bytes=0 selected_grids={}
fusion_method=early pred_boxes=21 gt_boxes=40
pred_scores_shape=(21,)
frame=1/41 receiver_sample=13/20 scenario=2026_07_29_02_32_08 timestamp=000060 cavs=[13, 5]
sgcp_constrained receiver=13 policy=all-cavs sources=[13, 5] clusters=20 ra=selective_edgecooper_global_pmax comm_bytes=33472 selected_grids={5: 29}
fusion_method=early pred_boxes=21 gt_boxes=37
pred_scores_shape=(21,)
frame=1/41 receiver_sample=14/20 scenario=2026_07_29_02_32_08 timestamp=000060 cavs=[14]
sgcp_constrained receiver=14 policy=all-cavs sources=[14] clusters=20 ra=selective_edgecooper_global_pmax comm_bytes=0 selected_grids={}
fusion_method=early pred_boxes=3 gt_boxes=5
pred_scores_shape=(3,)
frame=1/41 receiver_sample=15/20 scenario=2026_07_29_02_32_08 timestamp=000060 cavs=[15, 6]
sgcp_constrained receiver=15 policy=all-cavs sources=[15, 6] clusters=20 ra=selective_edgecooper_global_pmax comm_bytes=44400 selected_grids={6: 47}
fusion_method=early pred_boxes=17 gt_boxes=21
pred_scores_shape=(17,)
frame=1/41 receiver_sample=16/20 scenario=2026_07_29_02_32_08 timestamp=000060 cavs=[16]
sgcp_constrained receiver=16 policy=all-cavs sources=[16] clusters=20 ra=selective_edgecooper_global_pmax comm_bytes=0 selected_grids={}
fusion_method=early pred_boxes=26 gt_boxes=36
pred_scores_shape=(26,)
frame=1/41 receiver_sample=17/20 scenario=2026_07_29_02_32_08 timestamp=000060 cavs=[17]
sgcp_constrained receiver=17 policy=all-cavs sources=[17] clusters=20 ra=selective_edgecooper_global_pmax comm_bytes=0 selected_grids={}
fusion_method=early pred_boxes=17 gt_boxes=28
pred_scores_shape=(17,)
frame=1/41 receiver_sample=18/20 scenario=2026_07_29_02_32_08 timestamp=000060 cavs=[18]
sgcp_constrained receiver=18 policy=all-cavs sources=[18] clusters=20 ra=selective_edgecooper_global_pmax comm_bytes=0 selected_grids={}
fusion_method=early pred_boxes=16 gt_boxes=17
pred_scores_shape=(16,)
frame=1/41 receiver_sample=19/20 scenario=2026_07_29_02_32_08 timestamp=000060 cavs=[19]
sgcp_constrained receiver=19 policy=all-cavs sources=[19] clusters=20 ra=selective_edgecooper_global_pmax comm_bytes=0 selected_grids={}
fusion_method=early pred_boxes=13 gt_boxes=25
pred_scores_shape=(13,)
frame=1/41 receiver_sample=20/20 scenario=2026_07_29_02_32_08 timestamp=000060 cavs=[20]
sgcp_constrained receiver=20 policy=all-cavs sources=[20] clusters=20 ra=selective_edgecooper_global_pmax comm_bytes=0 selected_grids={}
fusion_method=early pred_boxes=22 gt_boxes=35
pred_scores_shape=(22,)
frame=2/41 receiver_sample=1/20 scenario=2026_07_29_02_32_08 timestamp=000062 cavs=[1, 2]
sgcp_constrained receiver=1 policy=all-cavs sources=[1, 2] clusters=20 ra=selective_edgecooper_global_pmax comm_bytes=36160 selected_grids={2: 29}
fusion_method=early pred_boxes=28 gt_boxes=45
pred_scores_shape=(28,)
frame=2/41 receiver_sample=2/20 scenario=2026_07_29_02_32_08 timestamp=000062 cavs=[2]
sgcp_constrained receiver=2 policy=all-cavs sources=[2] clusters=20 ra=selective_edgecooper_global_pmax comm_bytes=0 selected_grids={}
fusion_method=early pred_boxes=21 gt_boxes=38
pred_scores_shape=(21,)
frame=2/41 receiver_sample=3/20 scenario=2026_07_29_02_32_08 timestamp=000062 cavs=[3, 17, 18]
sgcp_constrained receiver=3 policy=all-cavs sources=[3, 17, 18] clusters=20 ra=selective_edgecooper_global_pmax comm_bytes=65616 selected_grids={17: 35, 18: 36}
fusion_method=early pred_boxes=23 gt_boxes=31
pred_scores_shape=(23,)
frame=2/41 receiver_sample=4/20 scenario=2026_07_29_02_32_08 timestamp=000062 cavs=[4]
sgcp_constrained receiver=4 policy=all-cavs sources=[4] clusters=20 ra=selective_edgecooper_global_pmax comm_bytes=0 selected_grids={}
fusion_method=early pred_boxes=18 gt_boxes=34
pred_scores_shape=(18,)
frame=2/41 receiver_sample=5/20 scenario=2026_07_29_02_32_08 timestamp=000062 cavs=[5]
sgcp_constrained receiver=5 policy=all-cavs sources=[5] clusters=20 ra=selective_edgecooper_global_pmax comm_bytes=0 selected_grids={}
fusion_method=early pred_boxes=18 gt_boxes=38
pred_scores_shape=(18,)
frame=2/41 receiver_sample=6/20 scenario=2026_07_29_02_32_08 timestamp=000062 cavs=[6]
sgcp_constrained receiver=6 policy=all-cavs sources=[6] clusters=20 ra=selective_edgecooper_global_pmax comm_bytes=0 selected_grids={}
fusion_method=early pred_boxes=12 gt_boxes=13
pred_scores_shape=(12,)
frame=2/41 receiver_sample=7/20 scenario=2026_07_29_02_32_08 timestamp=000062 cavs=[7, 4, 12]
sgcp_constrained receiver=7 policy=all-cavs sources=[7, 4, 12] clusters=20 ra=selective_edgecooper_global_pmax comm_bytes=62128 selected_grids={4: 22, 12: 22}Format = auto
Extension = pcd
Format = auto
Extension = pcd
Format = auto
Extension = pcd
Format = auto
Extension = pcd
Format = auto
Extension = pcd
Format = auto
Extension = pcd
Format = auto
Extension = pcd
Format = auto
Extension = pcd
Format = auto
Extension = pcd
Format = auto
Extension = pcd
Format = auto
Extension = pcd
Format = auto
Extension = pcd
Format = auto
Extension = pcd
Format = auto
Extension = pcd
Format = auto
Extension = pcd
Format = auto
Extension = pcd
Format = auto
Extension = pcd
Format = auto
Extension = pcd
Format = auto
Extension = pcd
Format = auto
Extension = pcd

fusion_method=early pred_boxes=31 gt_boxes=43
pred_scores_shape=(31,)
frame=2/41 receiver_sample=8/20 scenario=2026_07_29_02_32_08 timestamp=000062 cavs=[8]
sgcp_constrained receiver=8 policy=all-cavs sources=[8] clusters=20 ra=selective_edgecooper_global_pmax comm_bytes=0 selected_grids={}
fusion_method=early pred_boxes=22 gt_boxes=43
pred_scores_shape=(22,)
frame=2/41 receiver_sample=9/20 scenario=2026_07_29_02_32_08 timestamp=000062 cavs=[9]
sgcp_constrained receiver=9 policy=all-cavs sources=[9] clusters=20 ra=selective_edgecooper_global_pmax comm_bytes=0 selected_grids={}
fusion_method=early pred_boxes=17 gt_boxes=35
pred_scores_shape=(17,)
frame=2/41 receiver_sample=10/20 scenario=2026_07_29_02_32_08 timestamp=000062 cavs=[10, 8, 19]
sgcp_constrained receiver=10 policy=all-cavs sources=[10, 8, 19] clusters=20 ra=selective_edgecooper_global_pmax comm_bytes=48336 selected_grids={8: 29, 19: 28}
fusion_method=early pred_boxes=24 gt_boxes=50
pred_scores_shape=(24,)
frame=2/41 receiver_sample=11/20 scenario=2026_07_29_02_32_08 timestamp=000062 cavs=[11, 9]
sgcp_constrained receiver=11 policy=all-cavs sources=[11, 9] clusters=20 ra=selective_edgecooper_global_pmax comm_bytes=45856 selected_grids={9: 29}
fusion_method=early pred_boxes=32 gt_boxes=54
pred_scores_shape=(32,)
frame=2/41 receiver_sample=12/20 scenario=2026_07_29_02_32_08 timestamp=000062 cavs=[12]
sgcp_constrained receiver=12 policy=all-cavs sources=[12] clusters=20 ra=selective_edgecooper_global_pmax comm_bytes=0 selected_grids={}
fusion_method=early pred_boxes=15 gt_boxes=38
pred_scores_shape=(15,)
frame=2/41 receiver_sample=13/20 scenario=2026_07_29_02_32_08 timestamp=000062 cavs=[13, 5]
sgcp_constrained receiver=13 policy=all-cavs sources=[13, 5] clusters=20 ra=selective_edgecooper_global_pmax comm_bytes=33536 selected_grids={5: 29}
fusion_method=early pred_boxes=21 gt_boxes=37
pred_scores_shape=(21,)
frame=2/41 receiver_sample=14/20 scenario=2026_07_29_02_32_08 timestamp=000062 cavs=[14]
sgcp_constrained receiver=14 policy=all-cavs sources=[14] clusters=20 ra=selective_edgecooper_global_pmax comm_bytes=0 selected_grids={}
fusion_method=early pred_boxes=3 gt_boxes=6
pred_scores_shape=(3,)
frame=2/41 receiver_sample=15/20 scenario=2026_07_29_02_32_08 timestamp=000062 cavs=[15, 6]
sgcp_constrained receiver=15 policy=all-cavs sources=[15, 6] clusters=20 ra=selective_edgecooper_global_pmax comm_bytes=44592 selected_grids={6: 50}
fusion_method=early pred_boxes=16 gt_boxes=21
pred_scores_shape=(16,)
frame=2/41 receiver_sample=16/20 scenario=2026_07_29_02_32_08 timestamp=000062 cavs=[16]
sgcp_constrained receiver=16 policy=all-cavs sources=[16] clusters=20 ra=selective_edgecooper_global_pmax comm_bytes=0 selected_grids={}
fusion_method=early pred_boxes=23 gt_boxes=37
pred_scores_shape=(23,)
frame=2/41 receiver_sample=17/20 scenario=2026_07_29_02_32_08 timestamp=000062 cavs=[17]
sgcp_constrained receiver=17 policy=all-cavs sources=[17] clusters=20 ra=selective_edgecooper_global_pmax comm_bytes=0 selected_grids={}
fusion_method=early pred_boxes=21 gt_boxes=28
pred_scores_shape=(21,)
frame=2/41 receiver_sample=18/20 scenario=2026_07_29_02_32_08 timestamp=000062 cavs=[18]
sgcp_constrained receiver=18 policy=all-cavs sources=[18] clusters=20 ra=selective_edgecooper_global_pmax comm_bytes=0 selected_grids={}
fusion_method=early pred_boxes=16 gt_boxes=17
pred_scores_shape=(16,)
frame=2/41 receiver_sample=19/20 scenario=2026_07_29_02_32_08 timestamp=000062 cavs=[19]
sgcp_constrained receiver=19 policy=all-cavs sources=[19] clusters=20 ra=selective_edgecooper_global_pmax comm_bytes=0 selected_grids={}
fusion_method=early pred_boxes=11 gt_boxes=26
pred_scores_shape=(11,)
frame=2/41 receiver_sample=20/20 scenario=2026_07_29_02_32_08 timestamp=000062 cavs=[20]
sgcp_constrained receiver=20 policy=all-cavs sources=[20] clusters=20 ra=selective_edgecooper_global_pmax comm_bytes=0 selected_grids={}
fusion_method=early pred_boxes=24 gt_boxes=34
pred_scores_shape=(24,)
frame=3/41 receiver_sample=1/20 scenario=2026_07_29_02_32_08 timestamp=000064 cavs=[1, 2]
sgcp_constrained receiver=1 policy=all-cavs sources=[1, 2] clusters=20 ra=selective_edgecooper_global_pmax comm_bytes=35584 selected_grids={2: 29}
fusion_method=early pred_boxes=25 gt_boxes=44
pred_scores_shape=(25,)
frame=3/41 receiver_sample=2/20 scenario=2026_07_29_02_32_08 timestamp=000064 cavs=[2]
sgcp_constrained receiver=2 policy=all-cavs sources=[2] clusters=20 ra=selective_edgecooper_global_pmax comm_bytes=0 selected_grids={}
fusion_method=early pred_boxes=21 gt_boxes=38
pred_scores_shape=(21,)
frame=3/41 receiver_sample=3/20 scenario=2026_07_29_02_32_08 timestamp=000064 cavs=[3, 16, 18]
sgcp_constrained receiver=3 policy=all-cavs sources=[3, 16, 18] clusters=20 ra=selective_edgecooper_global_pmax comm_bytes=78416 selected_grids={16: 29, 18: 29}
fusion_method=early pred_boxes=32 gt_boxes=48
pred_scores_shape=(32,)
frame=3/41 receiver_sample=4/20 scenario=2026_07_29_02_32_08 timestamp=000064 cavs=[4]
sgcp_constrained receiver=4 policy=all-cavs sources=[4] clusters=20 ra=selective_edgecooper_global_pmax comm_bytes=0 selected_grids={}
fusion_method=early pred_boxes=19 gt_boxes=36
pred_scores_shape=(19,)
frame=3/41 receiver_sample=5/20 scenario=2026_07_29_02_32_08 timestamp=000064 cavs=[5]
sgcp_constrained receiver=5 policy=all-cavs sources=[5] clusters=20 ra=selective_edgecooper_global_pmax comm_bytes=0 selected_grids={}
fusion_method=early pred_boxes=18 gt_boxes=38
pred_scores_shape=(18,)
frame=3/41 receiver_sample=6/20 scenario=2026_07_29_02_32_08 timestamp=000064 cavs=[6]
sgcp_constrained receiver=6 policy=all-cavs sources=[6] clusters=20 ra=selective_edgecooper_global_pmax comm_bytes=0 selected_grids={}
fusion_method=early pred_boxes=12 gt_boxes=13
pred_scores_shape=(12,)
frame=3/41 receiver_sample=7/20 scenario=2026_07_29_02_32_08 timestamp=000064 cavs=[7, 4, 12]
sgcp_constrained receiver=7 policy=all-cavs sources=[7, 4, 12] clusters=20 ra=selective_edgecooper_global_pmax comm_bytes=61792 selected_grids={4: 21, 12: 22}
fusion_method=early pred_boxes=30 gt_boxes=43
pred_scores_shape=(30,)
frame=3/41 receiver_sample=8/20 scenario=2026_07_29_02_32_08 timestamp=000064 cavs=[8]
sgcp_constrained receiver=8 policy=all-cavs sources=[8] clusters=20 ra=selective_edgecooper_global_pmax comm_bytes=0 selected_grids={}
fusion_method=early pred_boxes=23 gt_boxes=43
pred_scores_shape=(23,)
frame=3/41 receiver_sample=9/20 scenario=2026_07_29_02_32_08 timestamp=000064 cavs=[9]
sgcp_constrained receiver=9 policy=all-cavs sources=[9] clusters=20 ra=selective_edgecooper_global_pmax comm_bytes=0 selected_grids={}
fusion_method=early pred_boxes=19 gt_boxes=35
pred_scores_shape=(19,)
frame=3/41 receiver_sample=10/20 scenario=2026_07_29_02_32_08 timestamp=000064 cavs=[10, 8, 19]
sgcp_constrained receiver=10 policy=all-cavs sources=[10, 8, 19] clusters=20 ra=selective_edgecooper_global_pmax comm_bytes=47920 selected_grids={8: 29, 19: 28}
fusion_method=early pred_boxes=28 gt_boxes=51
pred_scores_shape=(28,)
frame=3/41 receiver_sample=11/20 scenario=2026_07_29_02_32_08 timestamp=000064 cavs=[11, 9]
sgcp_constrained receiver=11 policy=all-cavs sources=[11, 9] clusters=20 ra=selective_edgecooper_global_pmax comm_bytes=45840 selected_grids={9: 29}
fusion_method=early pred_boxes=32 gt_boxes=54
pred_scores_shape=(32,)
frame=3/41 receiver_sample=12/20 scenario=2026_07_29_02_32_08 timestamp=000064 cavs=[12]
sgcp_constrained receiver=12 policy=all-cavs sources=[12] clusters=20 ra=selective_edgecooper_global_pmax comm_bytes=0 selected_grids={}
fusion_method=early pred_boxes=17 gt_boxes=37
pred_scores_shape=(17,)
frame=3/41 receiver_sample=13/20 scenario=2026_07_29_02_32_08 timestamp=000064 cavs=[13, 5]
sgcp_constrained receiver=13 policy=all-cavs sources=[13, 5] clusters=20 ra=selective_edgecooper_global_pmax comm_bytes=33616 selected_grids={5: 29}
fusion_method=early pred_boxes=21 gt_boxes=37
pred_scores_shape=(21,)
frame=3/41 receiver_sample=14/20 scenario=2026_07_29_02_32_08 timestamp=000064 cavs=[14]
sgcp_constrained receiver=14 policy=all-cavs sources=[14] clusters=20 ra=selective_edgecooper_global_pmax comm_bytes=0 selected_grids={}Format = auto
Extension = pcd
Format = auto
Extension = pcd
Format = auto
Extension = pcd
Format = auto
Extension = pcd
Format = auto
Extension = pcd
Format = auto
Extension = pcd
Format = auto
Extension = pcd
Format = auto
Extension = pcd
Format = auto
Extension = pcd
Format = auto
Extension = pcd
Format = auto
Extension = pcd
Format = auto
Extension = pcd
Format = auto
Extension = pcd
Format = auto
Extension = pcd
Format = auto
Extension = pcd
Format = auto
Extension = pcd
Format = auto
Extension = pcd
Format = auto
Extension = pcd
Format = auto
Extension = pcd
Format = auto
Extension = pcd
Format = auto
Extension = pcd
Format = auto
Extension = pcd
Format = auto
Extension = pcd
Format = auto
Extension = pcd
Format = auto
Extension = pcd
Format = auto
Extension = pcd
Format = auto
Extension = pcd
Format = auto
Extension = pcd
Format = auto
Extension = pcd
Format = auto
Extension = pcd
Format = auto
Extension = pcd
Format = auto
Extension = pcd
Format = auto
Extension = pcd
Format = auto
Extension = pcd
Format = auto
Extension = pcd
Format = auto
Extension = pcd
Format = auto
Extension = pcd
Format = auto
Extension = pcd
Format = auto
Extension = pcd
Format = auto
Extension = pcd

fusion_method=early pred_boxes=3 gt_boxes=6
pred_scores_shape=(3,)
frame=3/41 receiver_sample=15/20 scenario=2026_07_29_02_32_08 timestamp=000064 cavs=[15, 6]
sgcp_constrained receiver=15 policy=all-cavs sources=[15, 6] clusters=20 ra=selective_edgecooper_global_pmax comm_bytes=45072 selected_grids={6: 46}
fusion_method=early pred_boxes=16 gt_boxes=21
pred_scores_shape=(16,)
frame=3/41 receiver_sample=16/20 scenario=2026_07_29_02_32_08 timestamp=000064 cavs=[16]
sgcp_constrained receiver=16 policy=all-cavs sources=[16] clusters=20 ra=selective_edgecooper_global_pmax comm_bytes=0 selected_grids={}
fusion_method=early pred_boxes=24 gt_boxes=38
pred_scores_shape=(24,)
frame=3/41 receiver_sample=17/20 scenario=2026_07_29_02_32_08 timestamp=000064 cavs=[17]
sgcp_constrained receiver=17 policy=all-cavs sources=[17] clusters=20 ra=selective_edgecooper_global_pmax comm_bytes=0 selected_grids={}
fusion_method=early pred_boxes=17 gt_boxes=28
pred_scores_shape=(17,)
frame=3/41 receiver_sample=18/20 scenario=2026_07_29_02_32_08 timestamp=000064 cavs=[18]
sgcp_constrained receiver=18 policy=all-cavs sources=[18] clusters=20 ra=selective_edgecooper_global_pmax comm_bytes=0 selected_grids={}
fusion_method=early pred_boxes=16 gt_boxes=17
pred_scores_shape=(16,)
frame=3/41 receiver_sample=19/20 scenario=2026_07_29_02_32_08 timestamp=000064 cavs=[19]
sgcp_constrained receiver=19 policy=all-cavs sources=[19] clusters=20 ra=selective_edgecooper_global_pmax comm_bytes=0 selected_grids={}
fusion_method=early pred_boxes=11 gt_boxes=27
pred_scores_shape=(11,)
frame=3/41 receiver_sample=20/20 scenario=2026_07_29_02_32_08 timestamp=000064 cavs=[20]
sgcp_constrained receiver=20 policy=all-cavs sources=[20] clusters=20 ra=selective_edgecooper_global_pmax comm_bytes=0 selected_grids={}
fusion_method=early pred_boxes=24 gt_boxes=34
pred_scores_shape=(24,)
frame=4/41 receiver_sample=1/20 scenario=2026_07_29_02_32_08 timestamp=000066 cavs=[1, 2, 4]
sgcp_constrained receiver=1 policy=all-cavs sources=[1, 2, 4] clusters=20 ra=selective_edgecooper_global_pmax comm_bytes=93808 selected_grids={2: 29, 4: 29}
fusion_method=early pred_boxes=37 gt_boxes=55
pred_scores_shape=(37,)
frame=4/41 receiver_sample=2/20 scenario=2026_07_29_02_32_08 timestamp=000066 cavs=[2]
sgcp_constrained receiver=2 policy=all-cavs sources=[2] clusters=20 ra=selective_edgecooper_global_pmax comm_bytes=0 selected_grids={}
fusion_method=early pred_boxes=21 gt_boxes=38
pred_scores_shape=(21,)
frame=4/41 receiver_sample=3/20 scenario=2026_07_29_02_32_08 timestamp=000066 cavs=[3, 18]
sgcp_constrained receiver=3 policy=all-cavs sources=[3, 18] clusters=20 ra=selective_edgecooper_global_pmax comm_bytes=39664 selected_grids={18: 29}
fusion_method=early pred_boxes=22 gt_boxes=29
pred_scores_shape=(22,)
frame=4/41 receiver_sample=4/20 scenario=2026_07_29_02_32_08 timestamp=000066 cavs=[4]
sgcp_constrained receiver=4 policy=all-cavs sources=[4] clusters=20 ra=selective_edgecooper_global_pmax comm_bytes=0 selected_grids={}
fusion_method=early pred_boxes=20 gt_boxes=36
pred_scores_shape=(20,)
frame=4/41 receiver_sample=5/20 scenario=2026_07_29_02_32_08 timestamp=000066 cavs=[5]
sgcp_constrained receiver=5 policy=all-cavs sources=[5] clusters=20 ra=selective_edgecooper_global_pmax comm_bytes=0 selected_grids={}
fusion_method=early pred_boxes=16 gt_boxes=39
pred_scores_shape=(16,)
frame=4/41 receiver_sample=6/20 scenario=2026_07_29_02_32_08 timestamp=000066 cavs=[6]
sgcp_constrained receiver=6 policy=all-cavs sources=[6] clusters=20 ra=selective_edgecooper_global_pmax comm_bytes=0 selected_grids={}
fusion_method=early pred_boxes=12 gt_boxes=14
pred_scores_shape=(12,)
frame=4/41 receiver_sample=7/20 scenario=2026_07_29_02_32_08 timestamp=000066 cavs=[7, 12]
sgcp_constrained receiver=7 policy=all-cavs sources=[7, 12] clusters=20 ra=selective_edgecooper_global_pmax comm_bytes=50352 selected_grids={12: 29}
fusion_method=early pred_boxes=30 gt_boxes=41
pred_scores_shape=(30,)
frame=4/41 receiver_sample=8/20 scenario=2026_07_29_02_32_08 timestamp=000066 cavs=[8]
sgcp_constrained receiver=8 policy=all-cavs sources=[8] clusters=20 ra=selective_edgecooper_global_pmax comm_bytes=0 selected_grids={}
fusion_method=early pred_boxes=23 gt_boxes=42
pred_scores_shape=(23,)
frame=4/41 receiver_sample=9/20 scenario=2026_07_29_02_32_08 timestamp=000066 cavs=[9]
sgcp_constrained receiver=9 policy=all-cavs sources=[9] clusters=20 ra=selective_edgecooper_global_pmax comm_bytes=0 selected_grids={}
fusion_method=early pred_boxes=19 gt_boxes=35
pred_scores_shape=(19,)
frame=4/41 receiver_sample=10/20 scenario=2026_07_29_02_32_08 timestamp=000066 cavs=[10, 8, 19]
sgcp_constrained receiver=10 policy=all-cavs sources=[10, 8, 19] clusters=20 ra=selective_edgecooper_global_pmax comm_bytes=48208 selected_grids={8: 29, 19: 28}
fusion_method=early pred_boxes=32 gt_boxes=50
pred_scores_shape=(32,)
frame=4/41 receiver_sample=11/20 scenario=2026_07_29_02_32_08 timestamp=000066 cavs=[11, 9]
sgcp_constrained receiver=11 policy=all-cavs sources=[11, 9] clusters=20 ra=selective_edgecooper_global_pmax comm_bytes=45776 selected_grids={9: 29}
fusion_method=early pred_boxes=30 gt_boxes=55
pred_scores_shape=(30,)
frame=4/41 receiver_sample=12/20 scenario=2026_07_29_02_32_08 timestamp=000066 cavs=[12]
sgcp_constrained receiver=12 policy=all-cavs sources=[12] clusters=20 ra=selective_edgecooper_global_pmax comm_bytes=0 selected_grids={}
fusion_method=early pred_boxes=13 gt_boxes=36
pred_scores_shape=(13,)
frame=4/41 receiver_sample=13/20 scenario=2026_07_29_02_32_08 timestamp=000066 cavs=[13, 5]
sgcp_constrained receiver=13 policy=all-cavs sources=[13, 5] clusters=20 ra=selective_edgecooper_global_pmax comm_bytes=33664 selected_grids={5: 29}
fusion_method=early pred_boxes=24 gt_boxes=37
pred_scores_shape=(24,)
frame=4/41 receiver_sample=14/20 scenario=2026_07_29_02_32_08 timestamp=000066 cavs=[14]
sgcp_constrained receiver=14 policy=all-cavs sources=[14] clusters=20 ra=selective_edgecooper_global_pmax comm_bytes=0 selected_grids={}
fusion_method=early pred_boxes=3 gt_boxes=6
pred_scores_shape=(3,)
frame=4/41 receiver_sample=15/20 scenario=2026_07_29_02_32_08 timestamp=000066 cavs=[15, 6]
sgcp_constrained receiver=15 policy=all-cavs sources=[15, 6] clusters=20 ra=selective_edgecooper_global_pmax comm_bytes=46080 selected_grids={6: 48}
fusion_method=early pred_boxes=17 gt_boxes=20
pred_scores_shape=(17,)
frame=4/41 receiver_sample=16/20 scenario=2026_07_29_02_32_08 timestamp=000066 cavs=[16]
sgcp_constrained receiver=16 policy=all-cavs sources=[16] clusters=20 ra=selective_edgecooper_global_pmax comm_bytes=0 selected_grids={}
fusion_method=early pred_boxes=23 gt_boxes=37
pred_scores_shape=(23,)
frame=4/41 receiver_sample=17/20 scenario=2026_07_29_02_32_08 timestamp=000066 cavs=[17, 16]
sgcp_constrained receiver=17 policy=all-cavs sources=[17, 16] clusters=20 ra=selective_edgecooper_global_pmax comm_bytes=42816 selected_grids={16: 29}
fusion_method=early pred_boxes=29 gt_boxes=44
pred_scores_shape=(29,)
frame=4/41 receiver_sample=18/20 scenario=2026_07_29_02_32_08 timestamp=000066 cavs=[18]
sgcp_constrained receiver=18 policy=all-cavs sources=[18] clusters=20 ra=selective_edgecooper_global_pmax comm_bytes=0 selected_grids={}
fusion_method=early pred_boxes=16 gt_boxes=17
pred_scores_shape=(16,)
frame=4/41 receiver_sample=19/20 scenario=2026_07_29_02_32_08 timestamp=000066 cavs=[19]
sgcp_constrained receiver=19 policy=all-cavs sources=[19] clusters=20 ra=selective_edgecooper_global_pmax comm_bytes=0 selected_grids={}
fusion_method=early pred_boxes=8 gt_boxes=27
pred_scores_shape=(8,)
frame=4/41 receiver_sample=20/20 scenario=2026_07_29_02_32_08 timestamp=000066 cavs=[20]
sgcp_constrained receiver=20 policy=all-cavs sources=[20] clusters=20 ra=selective_edgecooper_global_pmax comm_bytes=0 selected_grids={}
fusion_method=early pred_boxes=24 gt_boxes=34
pred_scores_shape=(24,)
frame=5/41 receiver_sample=1/20 scenario=2026_07_29_02_32_08 timestamp=000068 cavs=[1, 2, 4]
sgcp_constrained receiver=1 policy=all-cavs sources=[1, 2, 4] clusters=20 ra=selective_edgecooper_global_pmax comm_bytes=93200 selected_grids={2: 29, 4: 29}Format = auto
Extension = pcd
Format = auto
Extension = pcd
Format = auto
Extension = pcd
Format = auto
Extension = pcd
Format = auto
Extension = pcd
Format = auto
Extension = pcd
Format = auto
Extension = pcd
Format = auto
Extension = pcd
Format = auto
Extension = pcd
Format = auto
Extension = pcd
Format = auto
Extension = pcd
Format = auto
Extension = pcd
Format = auto
Extension = pcd
Format = auto
Extension = pcd
Format = auto
Extension = pcd
Format = auto
Extension = pcd
Format = auto
Extension = pcd
Format = auto
Extension = pcd
Format = auto
Extension = pcd
Format = auto
Extension = pcd

fusion_method=early pred_boxes=35 gt_boxes=55
pred_scores_shape=(35,)
frame=5/41 receiver_sample=2/20 scenario=2026_07_29_02_32_08 timestamp=000068 cavs=[2]
sgcp_constrained receiver=2 policy=all-cavs sources=[2] clusters=20 ra=selective_edgecooper_global_pmax comm_bytes=0 selected_grids={}
fusion_method=early pred_boxes=21 gt_boxes=37
pred_scores_shape=(21,)
frame=5/41 receiver_sample=3/20 scenario=2026_07_29_02_32_08 timestamp=000068 cavs=[3, 18]
sgcp_constrained receiver=3 policy=all-cavs sources=[3, 18] clusters=20 ra=selective_edgecooper_global_pmax comm_bytes=39520 selected_grids={18: 29}
fusion_method=early pred_boxes=20 gt_boxes=28
pred_scores_shape=(20,)
frame=5/41 receiver_sample=4/20 scenario=2026_07_29_02_32_08 timestamp=000068 cavs=[4]
sgcp_constrained receiver=4 policy=all-cavs sources=[4] clusters=20 ra=selective_edgecooper_global_pmax comm_bytes=0 selected_grids={}
fusion_method=early pred_boxes=17 gt_boxes=36
pred_scores_shape=(17,)
frame=5/41 receiver_sample=5/20 scenario=2026_07_29_02_32_08 timestamp=000068 cavs=[5]
sgcp_constrained receiver=5 policy=all-cavs sources=[5] clusters=20 ra=selective_edgecooper_global_pmax comm_bytes=0 selected_grids={}
fusion_method=early pred_boxes=18 gt_boxes=39
pred_scores_shape=(18,)
frame=5/41 receiver_sample=6/20 scenario=2026_07_29_02_32_08 timestamp=000068 cavs=[6]
sgcp_constrained receiver=6 policy=all-cavs sources=[6] clusters=20 ra=selective_edgecooper_global_pmax comm_bytes=0 selected_grids={}
fusion_method=early pred_boxes=13 gt_boxes=15
pred_scores_shape=(13,)
frame=5/41 receiver_sample=7/20 scenario=2026_07_29_02_32_08 timestamp=000068 cavs=[7, 12]
sgcp_constrained receiver=7 policy=all-cavs sources=[7, 12] clusters=20 ra=selective_edgecooper_global_pmax comm_bytes=49936 selected_grids={12: 29}
fusion_method=early pred_boxes=27 gt_boxes=41
pred_scores_shape=(27,)
frame=5/41 receiver_sample=8/20 scenario=2026_07_29_02_32_08 timestamp=000068 cavs=[8]
sgcp_constrained receiver=8 policy=all-cavs sources=[8] clusters=20 ra=selective_edgecooper_global_pmax comm_bytes=0 selected_grids={}
fusion_method=early pred_boxes=21 gt_boxes=41
pred_scores_shape=(21,)
frame=5/41 receiver_sample=9/20 scenario=2026_07_29_02_32_08 timestamp=000068 cavs=[9]
sgcp_constrained receiver=9 policy=all-cavs sources=[9] clusters=20 ra=selective_edgecooper_global_pmax comm_bytes=0 selected_grids={}
fusion_method=early pred_boxes=18 gt_boxes=35
pred_scores_shape=(18,)
frame=5/41 receiver_sample=10/20 scenario=2026_07_29_02_32_08 timestamp=000068 cavs=[10, 8, 19]
sgcp_constrained receiver=10 policy=all-cavs sources=[10, 8, 19] clusters=20 ra=selective_edgecooper_global_pmax comm_bytes=48528 selected_grids={8: 29, 19: 28}
fusion_method=early pred_boxes=29 gt_boxes=49
pred_scores_shape=(29,)
frame=5/41 receiver_sample=11/20 scenario=2026_07_29_02_32_08 timestamp=000068 cavs=[11, 9]
sgcp_constrained receiver=11 policy=all-cavs sources=[11, 9] clusters=20 ra=selective_edgecooper_global_pmax comm_bytes=45744 selected_grids={9: 29}
fusion_method=early pred_boxes=30 gt_boxes=55
pred_scores_shape=(30,)
frame=5/41 receiver_sample=12/20 scenario=2026_07_29_02_32_08 timestamp=000068 cavs=[12]
sgcp_constrained receiver=12 policy=all-cavs sources=[12] clusters=20 ra=selective_edgecooper_global_pmax comm_bytes=0 selected_grids={}
fusion_method=early pred_boxes=14 gt_boxes=34
pred_scores_shape=(14,)
frame=5/41 receiver_sample=13/20 scenario=2026_07_29_02_32_08 timestamp=000068 cavs=[13, 5]
sgcp_constrained receiver=13 policy=all-cavs sources=[13, 5] clusters=20 ra=selective_edgecooper_global_pmax comm_bytes=33696 selected_grids={5: 29}
fusion_method=early pred_boxes=22 gt_boxes=38
pred_scores_shape=(22,)
frame=5/41 receiver_sample=14/20 scenario=2026_07_29_02_32_08 timestamp=000068 cavs=[14]
sgcp_constrained receiver=14 policy=all-cavs sources=[14] clusters=20 ra=selective_edgecooper_global_pmax comm_bytes=0 selected_grids={}
fusion_method=early pred_boxes=3 gt_boxes=6
pred_scores_shape=(3,)
frame=5/41 receiver_sample=15/20 scenario=2026_07_29_02_32_08 timestamp=000068 cavs=[15, 6]
sgcp_constrained receiver=15 policy=all-cavs sources=[15, 6] clusters=20 ra=selective_edgecooper_global_pmax comm_bytes=46528 selected_grids={6: 51}
fusion_method=early pred_boxes=16 gt_boxes=20
pred_scores_shape=(16,)
frame=5/41 receiver_sample=16/20 scenario=2026_07_29_02_32_08 timestamp=000068 cavs=[16]
sgcp_constrained receiver=16 policy=all-cavs sources=[16] clusters=20 ra=selective_edgecooper_global_pmax comm_bytes=0 selected_grids={}
fusion_method=early pred_boxes=22 gt_boxes=38
pred_scores_shape=(22,)
frame=5/41 receiver_sample=17/20 scenario=2026_07_29_02_32_08 timestamp=000068 cavs=[17, 16]
sgcp_constrained receiver=17 policy=all-cavs sources=[17, 16] clusters=20 ra=selective_edgecooper_global_pmax comm_bytes=42816 selected_grids={16: 29}
fusion_method=early pred_boxes=32 gt_boxes=44
pred_scores_shape=(32,)
frame=5/41 receiver_sample=18/20 scenario=2026_07_29_02_32_08 timestamp=000068 cavs=[18]
sgcp_constrained receiver=18 policy=all-cavs sources=[18] clusters=20 ra=selective_edgecooper_global_pmax comm_bytes=0 selected_grids={}
fusion_method=early pred_boxes=17 gt_boxes=17
pred_scores_shape=(17,)
frame=5/41 receiver_sample=19/20 scenario=2026_07_29_02_32_08 timestamp=000068 cavs=[19]
sgcp_constrained receiver=19 policy=all-cavs sources=[19] clusters=20 ra=selective_edgecooper_global_pmax comm_bytes=0 selected_grids={}
fusion_method=early pred_boxes=12 gt_boxes=26
pred_scores_shape=(12,)
frame=5/41 receiver_sample=20/20 scenario=2026_07_29_02_32_08 timestamp=000068 cavs=[20]
sgcp_constrained receiver=20 policy=all-cavs sources=[20] clusters=20 ra=selective_edgecooper_global_pmax comm_bytes=0 selected_grids={}
fusion_method=early pred_boxes=25 gt_boxes=35
pred_scores_shape=(25,)
frame=6/41 receiver_sample=1/20 scenario=2026_07_29_02_32_08 timestamp=000070 cavs=[1, 2, 4]
sgcp_constrained receiver=1 policy=all-cavs sources=[1, 2, 4] clusters=20 ra=selective_edgecooper_global_pmax comm_bytes=92720 selected_grids={2: 29, 4: 29}
fusion_method=early pred_boxes=35 gt_boxes=55
pred_scores_shape=(35,)
frame=6/41 receiver_sample=2/20 scenario=2026_07_29_02_32_08 timestamp=000070 cavs=[2]
sgcp_constrained receiver=2 policy=all-cavs sources=[2] clusters=20 ra=selective_edgecooper_global_pmax comm_bytes=0 selected_grids={}
fusion_method=early pred_boxes=22 gt_boxes=37
pred_scores_shape=(22,)
frame=6/41 receiver_sample=3/20 scenario=2026_07_29_02_32_08 timestamp=000070 cavs=[3, 17, 18]
sgcp_constrained receiver=3 policy=all-cavs sources=[3, 17, 18] clusters=20 ra=selective_edgecooper_global_pmax comm_bytes=60992 selected_grids={17: 26, 18: 25}
fusion_method=early pred_boxes=21 gt_boxes=30
pred_scores_shape=(21,)
frame=6/41 receiver_sample=4/20 scenario=2026_07_29_02_32_08 timestamp=000070 cavs=[4]
sgcp_constrained receiver=4 policy=all-cavs sources=[4] clusters=20 ra=selective_edgecooper_global_pmax comm_bytes=0 selected_grids={}
fusion_method=early pred_boxes=21 gt_boxes=37
pred_scores_shape=(21,)
frame=6/41 receiver_sample=5/20 scenario=2026_07_29_02_32_08 timestamp=000070 cavs=[5]
sgcp_constrained receiver=5 policy=all-cavs sources=[5] clusters=20 ra=selective_edgecooper_global_pmax comm_bytes=0 selected_grids={}
fusion_method=early pred_boxes=18 gt_boxes=38
pred_scores_shape=(18,)
frame=6/41 receiver_sample=6/20 scenario=2026_07_29_02_32_08 timestamp=000070 cavs=[6]
sgcp_constrained receiver=6 policy=all-cavs sources=[6] clusters=20 ra=selective_edgecooper_global_pmax comm_bytes=0 selected_grids={}
fusion_method=early pred_boxes=12 gt_boxes=15
pred_scores_shape=(12,)
frame=6/41 receiver_sample=7/20 scenario=2026_07_29_02_32_08 timestamp=000070 cavs=[7, 12]
sgcp_constrained receiver=7 policy=all-cavs sources=[7, 12] clusters=20 ra=selective_edgecooper_global_pmax comm_bytes=49104 selected_grids={12: 29}
fusion_method=early pred_boxes=26 gt_boxes=41
pred_scores_shape=(26,)
frame=6/41 receiver_sample=8/20 scenario=2026_07_29_02_32_08 timestamp=000070 cavs=[8]
sgcp_constrained receiver=8 policy=all-cavs sources=[8] clusters=20 ra=selective_edgecooper_global_pmax comm_bytes=0 selected_grids={}Format = auto
Extension = pcd
Format = auto
Extension = pcd
Format = auto
Extension = pcd
Format = auto
Extension = pcd
Format = auto
Extension = pcd
Format = auto
Extension = pcd
Format = auto
Extension = pcd
Format = auto
Extension = pcd
Format = auto
Extension = pcd
Format = auto
Extension = pcd
Format = auto
Extension = pcd
Format = auto
Extension = pcd
Format = auto
Extension = pcd
Format = auto
Extension = pcd
Format = auto
Extension = pcd
Format = auto
Extension = pcd
Format = auto
Extension = pcd
Format = auto
Extension = pcd
Format = auto
Extension = pcd
Format = auto
Extension = pcd

fusion_method=early pred_boxes=22 gt_boxes=41
pred_scores_shape=(22,)
frame=6/41 receiver_sample=9/20 scenario=2026_07_29_02_32_08 timestamp=000070 cavs=[9]
sgcp_constrained receiver=9 policy=all-cavs sources=[9] clusters=20 ra=selective_edgecooper_global_pmax comm_bytes=0 selected_grids={}
fusion_method=early pred_boxes=19 gt_boxes=36
pred_scores_shape=(19,)
frame=6/41 receiver_sample=10/20 scenario=2026_07_29_02_32_08 timestamp=000070 cavs=[10, 8, 19]
sgcp_constrained receiver=10 policy=all-cavs sources=[10, 8, 19] clusters=20 ra=selective_edgecooper_global_pmax comm_bytes=49472 selected_grids={8: 29, 19: 28}
fusion_method=early pred_boxes=31 gt_boxes=49
pred_scores_shape=(31,)
frame=6/41 receiver_sample=11/20 scenario=2026_07_29_02_32_08 timestamp=000070 cavs=[11, 9]
sgcp_constrained receiver=11 policy=all-cavs sources=[11, 9] clusters=20 ra=selective_edgecooper_global_pmax comm_bytes=45712 selected_grids={9: 29}
fusion_method=early pred_boxes=31 gt_boxes=56
pred_scores_shape=(31,)
frame=6/41 receiver_sample=12/20 scenario=2026_07_29_02_32_08 timestamp=000070 cavs=[12]
sgcp_constrained receiver=12 policy=all-cavs sources=[12] clusters=20 ra=selective_edgecooper_global_pmax comm_bytes=0 selected_grids={}
fusion_method=early pred_boxes=12 gt_boxes=36
pred_scores_shape=(12,)
frame=6/41 receiver_sample=13/20 scenario=2026_07_29_02_32_08 timestamp=000070 cavs=[13, 5]
sgcp_constrained receiver=13 policy=all-cavs sources=[13, 5] clusters=20 ra=selective_edgecooper_global_pmax comm_bytes=34864 selected_grids={5: 29}
fusion_method=early pred_boxes=22 gt_boxes=38
pred_scores_shape=(22,)
frame=6/41 receiver_sample=14/20 scenario=2026_07_29_02_32_08 timestamp=000070 cavs=[14]
sgcp_constrained receiver=14 policy=all-cavs sources=[14] clusters=20 ra=selective_edgecooper_global_pmax comm_bytes=0 selected_grids={}
fusion_method=early pred_boxes=3 gt_boxes=6
pred_scores_shape=(3,)
frame=6/41 receiver_sample=15/20 scenario=2026_07_29_02_32_08 timestamp=000070 cavs=[15, 6]
sgcp_constrained receiver=15 policy=all-cavs sources=[15, 6] clusters=20 ra=selective_edgecooper_global_pmax comm_bytes=46864 selected_grids={6: 50}
fusion_method=early pred_boxes=17 gt_boxes=20
pred_scores_shape=(17,)
frame=6/41 receiver_sample=16/20 scenario=2026_07_29_02_32_08 timestamp=000070 cavs=[16]
sgcp_constrained receiver=16 policy=all-cavs sources=[16] clusters=20 ra=selective_edgecooper_global_pmax comm_bytes=0 selected_grids={}
fusion_method=early pred_boxes=26 gt_boxes=39
pred_scores_shape=(26,)
frame=6/41 receiver_sample=17/20 scenario=2026_07_29_02_32_08 timestamp=000070 cavs=[17]
sgcp_constrained receiver=17 policy=all-cavs sources=[17] clusters=20 ra=selective_edgecooper_global_pmax comm_bytes=0 selected_grids={}
fusion_method=early pred_boxes=19 gt_boxes=26
pred_scores_shape=(19,)
frame=6/41 receiver_sample=18/20 scenario=2026_07_29_02_32_08 timestamp=000070 cavs=[18]
sgcp_constrained receiver=18 policy=all-cavs sources=[18] clusters=20 ra=selective_edgecooper_global_pmax comm_bytes=0 selected_grids={}
fusion_method=early pred_boxes=16 gt_boxes=17
pred_scores_shape=(16,)
frame=6/41 receiver_sample=19/20 scenario=2026_07_29_02_32_08 timestamp=000070 cavs=[19]
sgcp_constrained receiver=19 policy=all-cavs sources=[19] clusters=20 ra=selective_edgecooper_global_pmax comm_bytes=0 selected_grids={}
fusion_method=early pred_boxes=12 gt_boxes=25
pred_scores_shape=(12,)
frame=6/41 receiver_sample=20/20 scenario=2026_07_29_02_32_08 timestamp=000070 cavs=[20]
sgcp_constrained receiver=20 policy=all-cavs sources=[20] clusters=20 ra=selective_edgecooper_global_pmax comm_bytes=0 selected_grids={}
fusion_method=early pred_boxes=25 gt_boxes=35
pred_scores_shape=(25,)
frame=7/41 receiver_sample=1/20 scenario=2026_07_29_02_32_08 timestamp=000072 cavs=[1, 2, 4]
sgcp_constrained receiver=1 policy=all-cavs sources=[1, 2, 4] clusters=20 ra=selective_edgecooper_global_pmax comm_bytes=92048 selected_grids={2: 29, 4: 29}
fusion_method=early pred_boxes=38 gt_boxes=55
pred_scores_shape=(38,)
frame=7/41 receiver_sample=2/20 scenario=2026_07_29_02_32_08 timestamp=000072 cavs=[2]
sgcp_constrained receiver=2 policy=all-cavs sources=[2] clusters=20 ra=selective_edgecooper_global_pmax comm_bytes=0 selected_grids={}
fusion_method=early pred_boxes=21 gt_boxes=38
pred_scores_shape=(21,)
frame=7/41 receiver_sample=3/20 scenario=2026_07_29_02_32_08 timestamp=000072 cavs=[3, 17, 18]
sgcp_constrained receiver=3 policy=all-cavs sources=[3, 17, 18] clusters=20 ra=selective_edgecooper_global_pmax comm_bytes=62336 selected_grids={17: 27, 18: 25}
fusion_method=early pred_boxes=21 gt_boxes=30
pred_scores_shape=(21,)
frame=7/41 receiver_sample=4/20 scenario=2026_07_29_02_32_08 timestamp=000072 cavs=[4]
sgcp_constrained receiver=4 policy=all-cavs sources=[4] clusters=20 ra=selective_edgecooper_global_pmax comm_bytes=0 selected_grids={}
fusion_method=early pred_boxes=17 gt_boxes=37
pred_scores_shape=(17,)
frame=7/41 receiver_sample=5/20 scenario=2026_07_29_02_32_08 timestamp=000072 cavs=[5]
sgcp_constrained receiver=5 policy=all-cavs sources=[5] clusters=20 ra=selective_edgecooper_global_pmax comm_bytes=0 selected_grids={}
fusion_method=early pred_boxes=21 gt_boxes=38
pred_scores_shape=(21,)
frame=7/41 receiver_sample=6/20 scenario=2026_07_29_02_32_08 timestamp=000072 cavs=[6]
sgcp_constrained receiver=6 policy=all-cavs sources=[6] clusters=20 ra=selective_edgecooper_global_pmax comm_bytes=0 selected_grids={}
fusion_method=early pred_boxes=12 gt_boxes=15
pred_scores_shape=(12,)
frame=7/41 receiver_sample=7/20 scenario=2026_07_29_02_32_08 timestamp=000072 cavs=[7, 12]
sgcp_constrained receiver=7 policy=all-cavs sources=[7, 12] clusters=20 ra=selective_edgecooper_global_pmax comm_bytes=49424 selected_grids={12: 29}
fusion_method=early pred_boxes=27 gt_boxes=41
pred_scores_shape=(27,)
frame=7/41 receiver_sample=8/20 scenario=2026_07_29_02_32_08 timestamp=000072 cavs=[8]
sgcp_constrained receiver=8 policy=all-cavs sources=[8] clusters=20 ra=selective_edgecooper_global_pmax comm_bytes=0 selected_grids={}
fusion_method=early pred_boxes=22 gt_boxes=41
pred_scores_shape=(22,)
frame=7/41 receiver_sample=9/20 scenario=2026_07_29_02_32_08 timestamp=000072 cavs=[9]
sgcp_constrained receiver=9 policy=all-cavs sources=[9] clusters=20 ra=selective_edgecooper_global_pmax comm_bytes=0 selected_grids={}
fusion_method=early pred_boxes=19 gt_boxes=36
pred_scores_shape=(19,)
frame=7/41 receiver_sample=10/20 scenario=2026_07_29_02_32_08 timestamp=000072 cavs=[10, 8, 19]
sgcp_constrained receiver=10 policy=all-cavs sources=[10, 8, 19] clusters=20 ra=selective_edgecooper_global_pmax comm_bytes=49600 selected_grids={8: 29, 19: 28}
fusion_method=early pred_boxes=27 gt_boxes=49
pred_scores_shape=(27,)
frame=7/41 receiver_sample=11/20 scenario=2026_07_29_02_32_08 timestamp=000072 cavs=[11, 9]
sgcp_constrained receiver=11 policy=all-cavs sources=[11, 9] clusters=20 ra=selective_edgecooper_global_pmax comm_bytes=45664 selected_grids={9: 29}
fusion_method=early pred_boxes=30 gt_boxes=56
pred_scores_shape=(30,)
frame=7/41 receiver_sample=12/20 scenario=2026_07_29_02_32_08 timestamp=000072 cavs=[12]
sgcp_constrained receiver=12 policy=all-cavs sources=[12] clusters=20 ra=selective_edgecooper_global_pmax comm_bytes=0 selected_grids={}
fusion_method=early pred_boxes=14 gt_boxes=34
pred_scores_shape=(14,)
frame=7/41 receiver_sample=13/20 scenario=2026_07_29_02_32_08 timestamp=000072 cavs=[13, 5]
sgcp_constrained receiver=13 policy=all-cavs sources=[13, 5] clusters=20 ra=selective_edgecooper_global_pmax comm_bytes=33952 selected_grids={5: 29}
fusion_method=early pred_boxes=19 gt_boxes=38
pred_scores_shape=(19,)
frame=7/41 receiver_sample=14/20 scenario=2026_07_29_02_32_08 timestamp=000072 cavs=[14]
sgcp_constrained receiver=14 policy=all-cavs sources=[14] clusters=20 ra=selective_edgecooper_global_pmax comm_bytes=0 selected_grids={}
fusion_method=early pred_boxes=3 gt_boxes=6
pred_scores_shape=(3,)
frame=7/41 receiver_sample=15/20 scenario=2026_07_29_02_32_08 timestamp=000072 cavs=[15, 6]
sgcp_constrained receiver=15 policy=all-cavs sources=[15, 6] clusters=20 ra=selective_edgecooper_global_pmax comm_bytes=46768 selected_grids={6: 49}Format = auto
Extension = pcd
Format = auto
Extension = pcd
Format = auto
Extension = pcd
Format = auto
Extension = pcd
Format = auto
Extension = pcd
Format = auto
Extension = pcd
Format = auto
Extension = pcd
Format = auto
Extension = pcd
Format = auto
Extension = pcd
Format = auto
Extension = pcd
Format = auto
Extension = pcd
Format = auto
Extension = pcd
Format = auto
Extension = pcd
Format = auto
Extension = pcd
Format = auto
Extension = pcd
Format = auto
Extension = pcd
Format = auto
Extension = pcd
Format = auto
Extension = pcd
Format = auto
Extension = pcd
Format = auto
Extension = pcd
Format = auto
Extension = pcd
Format = auto
Extension = pcd
Format = auto
Extension = pcd
Format = auto
Extension = pcd
Format = auto
Extension = pcd
Format = auto
Extension = pcd
Format = auto
Extension = pcd
Format = auto
Extension = pcd
Format = auto
Extension = pcd
Format = auto
Extension = pcd
Format = auto
Extension = pcd
Format = auto
Extension = pcd
Format = auto
Extension = pcd
Format = auto
Extension = pcd
Format = auto
Extension = pcd
Format = auto
Extension = pcd
Format = auto
Extension = pcd
Format = auto
Extension = pcd
Format = auto
Extension = pcd
Format = auto
Extension = pcd

fusion_method=early pred_boxes=17 gt_boxes=20
pred_scores_shape=(17,)
frame=7/41 receiver_sample=16/20 scenario=2026_07_29_02_32_08 timestamp=000072 cavs=[16]
sgcp_constrained receiver=16 policy=all-cavs sources=[16] clusters=20 ra=selective_edgecooper_global_pmax comm_bytes=0 selected_grids={}
fusion_method=early pred_boxes=24 gt_boxes=37
pred_scores_shape=(24,)
frame=7/41 receiver_sample=17/20 scenario=2026_07_29_02_32_08 timestamp=000072 cavs=[17]
sgcp_constrained receiver=17 policy=all-cavs sources=[17] clusters=20 ra=selective_edgecooper_global_pmax comm_bytes=0 selected_grids={}
fusion_method=early pred_boxes=19 gt_boxes=26
pred_scores_shape=(19,)
frame=7/41 receiver_sample=18/20 scenario=2026_07_29_02_32_08 timestamp=000072 cavs=[18]
sgcp_constrained receiver=18 policy=all-cavs sources=[18] clusters=20 ra=selective_edgecooper_global_pmax comm_bytes=0 selected_grids={}
fusion_method=early pred_boxes=15 gt_boxes=17
pred_scores_shape=(15,)
frame=7/41 receiver_sample=19/20 scenario=2026_07_29_02_32_08 timestamp=000072 cavs=[19]
sgcp_constrained receiver=19 policy=all-cavs sources=[19] clusters=20 ra=selective_edgecooper_global_pmax comm_bytes=0 selected_grids={}
fusion_method=early pred_boxes=14 gt_boxes=26
pred_scores_shape=(14,)
frame=7/41 receiver_sample=20/20 scenario=2026_07_29_02_32_08 timestamp=000072 cavs=[20]
sgcp_constrained receiver=20 policy=all-cavs sources=[20] clusters=20 ra=selective_edgecooper_global_pmax comm_bytes=0 selected_grids={}
fusion_method=early pred_boxes=24 gt_boxes=35
pred_scores_shape=(24,)
frame=8/41 receiver_sample=1/20 scenario=2026_07_29_02_32_08 timestamp=000074 cavs=[1, 2, 4]
sgcp_constrained receiver=1 policy=all-cavs sources=[1, 2, 4] clusters=20 ra=selective_edgecooper_global_pmax comm_bytes=91056 selected_grids={2: 29, 4: 29}
fusion_method=early pred_boxes=36 gt_boxes=54
pred_scores_shape=(36,)
frame=8/41 receiver_sample=2/20 scenario=2026_07_29_02_32_08 timestamp=000074 cavs=[2]
sgcp_constrained receiver=2 policy=all-cavs sources=[2] clusters=20 ra=selective_edgecooper_global_pmax comm_bytes=0 selected_grids={}
fusion_method=early pred_boxes=21 gt_boxes=38
pred_scores_shape=(21,)
frame=8/41 receiver_sample=3/20 scenario=2026_07_29_02_32_08 timestamp=000074 cavs=[3, 17, 18]
sgcp_constrained receiver=3 policy=all-cavs sources=[3, 17, 18] clusters=20 ra=selective_edgecooper_global_pmax comm_bytes=62656 selected_grids={17: 27, 18: 25}
fusion_method=early pred_boxes=24 gt_boxes=30
pred_scores_shape=(24,)
frame=8/41 receiver_sample=4/20 scenario=2026_07_29_02_32_08 timestamp=000074 cavs=[4]
sgcp_constrained receiver=4 policy=all-cavs sources=[4] clusters=20 ra=selective_edgecooper_global_pmax comm_bytes=0 selected_grids={}
fusion_method=early pred_boxes=19 gt_boxes=37
pred_scores_shape=(19,)
frame=8/41 receiver_sample=5/20 scenario=2026_07_29_02_32_08 timestamp=000074 cavs=[5]
sgcp_constrained receiver=5 policy=all-cavs sources=[5] clusters=20 ra=selective_edgecooper_global_pmax comm_bytes=0 selected_grids={}
fusion_method=early pred_boxes=19 gt_boxes=35
pred_scores_shape=(19,)
frame=8/41 receiver_sample=6/20 scenario=2026_07_29_02_32_08 timestamp=000074 cavs=[6]
sgcp_constrained receiver=6 policy=all-cavs sources=[6] clusters=20 ra=selective_edgecooper_global_pmax comm_bytes=0 selected_grids={}
fusion_method=early pred_boxes=13 gt_boxes=15
pred_scores_shape=(13,)
frame=8/41 receiver_sample=7/20 scenario=2026_07_29_02_32_08 timestamp=000074 cavs=[7, 12]
sgcp_constrained receiver=7 policy=all-cavs sources=[7, 12] clusters=20 ra=selective_edgecooper_global_pmax comm_bytes=49616 selected_grids={12: 29}
fusion_method=early pred_boxes=25 gt_boxes=40
pred_scores_shape=(25,)
frame=8/41 receiver_sample=8/20 scenario=2026_07_29_02_32_08 timestamp=000074 cavs=[8]
sgcp_constrained receiver=8 policy=all-cavs sources=[8] clusters=20 ra=selective_edgecooper_global_pmax comm_bytes=0 selected_grids={}
fusion_method=early pred_boxes=24 gt_boxes=41
pred_scores_shape=(24,)
frame=8/41 receiver_sample=9/20 scenario=2026_07_29_02_32_08 timestamp=000074 cavs=[9]
sgcp_constrained receiver=9 policy=all-cavs sources=[9] clusters=20 ra=selective_edgecooper_global_pmax comm_bytes=0 selected_grids={}
fusion_method=early pred_boxes=20 gt_boxes=36
pred_scores_shape=(20,)
frame=8/41 receiver_sample=10/20 scenario=2026_07_29_02_32_08 timestamp=000074 cavs=[10, 8, 19]
sgcp_constrained receiver=10 policy=all-cavs sources=[10, 8, 19] clusters=20 ra=selective_edgecooper_global_pmax comm_bytes=49136 selected_grids={8: 29, 19: 27}
fusion_method=early pred_boxes=30 gt_boxes=49
pred_scores_shape=(30,)
frame=8/41 receiver_sample=11/20 scenario=2026_07_29_02_32_08 timestamp=000074 cavs=[11, 9]
sgcp_constrained receiver=11 policy=all-cavs sources=[11, 9] clusters=20 ra=selective_edgecooper_global_pmax comm_bytes=45632 selected_grids={9: 29}
fusion_method=early pred_boxes=33 gt_boxes=55
pred_scores_shape=(33,)
frame=8/41 receiver_sample=12/20 scenario=2026_07_29_02_32_08 timestamp=000074 cavs=[12]
sgcp_constrained receiver=12 policy=all-cavs sources=[12] clusters=20 ra=selective_edgecooper_global_pmax comm_bytes=0 selected_grids={}
fusion_method=early pred_boxes=13 gt_boxes=30
pred_scores_shape=(13,)
frame=8/41 receiver_sample=13/20 scenario=2026_07_29_02_32_08 timestamp=000074 cavs=[13, 5]
sgcp_constrained receiver=13 policy=all-cavs sources=[13, 5] clusters=20 ra=selective_edgecooper_global_pmax comm_bytes=34368 selected_grids={5: 29}
fusion_method=early pred_boxes=20 gt_boxes=36
pred_scores_shape=(20,)
frame=8/41 receiver_sample=14/20 scenario=2026_07_29_02_32_08 timestamp=000074 cavs=[14]
sgcp_constrained receiver=14 policy=all-cavs sources=[14] clusters=20 ra=selective_edgecooper_global_pmax comm_bytes=0 selected_grids={}
fusion_method=early pred_boxes=3 gt_boxes=7
pred_scores_shape=(3,)
frame=8/41 receiver_sample=15/20 scenario=2026_07_29_02_32_08 timestamp=000074 cavs=[15, 6]
sgcp_constrained receiver=15 policy=all-cavs sources=[15, 6] clusters=20 ra=selective_edgecooper_global_pmax comm_bytes=46960 selected_grids={6: 48}
fusion_method=early pred_boxes=16 gt_boxes=21
pred_scores_shape=(16,)
frame=8/41 receiver_sample=16/20 scenario=2026_07_29_02_32_08 timestamp=000074 cavs=[16]
sgcp_constrained receiver=16 policy=all-cavs sources=[16] clusters=20 ra=selective_edgecooper_global_pmax comm_bytes=0 selected_grids={}
fusion_method=early pred_boxes=23 gt_boxes=37
pred_scores_shape=(23,)
frame=8/41 receiver_sample=17/20 scenario=2026_07_29_02_32_08 timestamp=000074 cavs=[17]
sgcp_constrained receiver=17 policy=all-cavs sources=[17] clusters=20 ra=selective_edgecooper_global_pmax comm_bytes=0 selected_grids={}
fusion_method=early pred_boxes=21 gt_boxes=27
pred_scores_shape=(21,)
frame=8/41 receiver_sample=18/20 scenario=2026_07_29_02_32_08 timestamp=000074 cavs=[18]
sgcp_constrained receiver=18 policy=all-cavs sources=[18] clusters=20 ra=selective_edgecooper_global_pmax comm_bytes=0 selected_grids={}
fusion_method=early pred_boxes=14 gt_boxes=16
pred_scores_shape=(14,)
frame=8/41 receiver_sample=19/20 scenario=2026_07_29_02_32_08 timestamp=000074 cavs=[19]
sgcp_constrained receiver=19 policy=all-cavs sources=[19] clusters=20 ra=selective_edgecooper_global_pmax comm_bytes=0 selected_grids={}
fusion_method=early pred_boxes=12 gt_boxes=27
pred_scores_shape=(12,)
frame=8/41 receiver_sample=20/20 scenario=2026_07_29_02_32_08 timestamp=000074 cavs=[20]
sgcp_constrained receiver=20 policy=all-cavs sources=[20] clusters=20 ra=selective_edgecooper_global_pmax comm_bytes=0 selected_grids={}
fusion_method=early pred_boxes=25 gt_boxes=35
pred_scores_shape=(25,)
frame=9/41 receiver_sample=1/20 scenario=2026_07_29_02_32_08 timestamp=000076 cavs=[1, 2, 4]
sgcp_constrained receiver=1 policy=all-cavs sources=[1, 2, 4] clusters=20 ra=selective_edgecooper_global_pmax comm_bytes=90480 selected_grids={2: 29, 4: 29}
fusion_method=early pred_boxes=32 gt_boxes=54
pred_scores_shape=(32,)
frame=9/41 receiver_sample=2/20 scenario=2026_07_29_02_32_08 timestamp=000076 cavs=[2]
sgcp_constrained receiver=2 policy=all-cavs sources=[2] clusters=20 ra=selective_edgecooper_global_pmax comm_bytes=0 selected_grids={}Format = auto
Extension = pcd
Format = auto
Extension = pcd
Format = auto
Extension = pcd
Format = auto
Extension = pcd
Format = auto
Extension = pcd
Format = auto
Extension = pcd
Format = auto
Extension = pcd
Format = auto
Extension = pcd
Format = auto
Extension = pcd
Format = auto
Extension = pcd
Format = auto
Extension = pcd
Format = auto
Extension = pcd
Format = auto
Extension = pcd
Format = auto
Extension = pcd
Format = auto
Extension = pcd
Format = auto
Extension = pcd
Format = auto
Extension = pcd
Format = auto
Extension = pcd
Format = auto
Extension = pcd
Format = auto
Extension = pcd

fusion_method=early pred_boxes=22 gt_boxes=38
pred_scores_shape=(22,)
frame=9/41 receiver_sample=3/20 scenario=2026_07_29_02_32_08 timestamp=000076 cavs=[3, 18]
sgcp_constrained receiver=3 policy=all-cavs sources=[3, 18] clusters=20 ra=selective_edgecooper_global_pmax comm_bytes=39904 selected_grids={18: 29}
fusion_method=early pred_boxes=22 gt_boxes=28
pred_scores_shape=(22,)
frame=9/41 receiver_sample=4/20 scenario=2026_07_29_02_32_08 timestamp=000076 cavs=[4]
sgcp_constrained receiver=4 policy=all-cavs sources=[4] clusters=20 ra=selective_edgecooper_global_pmax comm_bytes=0 selected_grids={}
fusion_method=early pred_boxes=19 gt_boxes=39
pred_scores_shape=(19,)
frame=9/41 receiver_sample=5/20 scenario=2026_07_29_02_32_08 timestamp=000076 cavs=[5]
sgcp_constrained receiver=5 policy=all-cavs sources=[5] clusters=20 ra=selective_edgecooper_global_pmax comm_bytes=0 selected_grids={}
fusion_method=early pred_boxes=21 gt_boxes=38
pred_scores_shape=(21,)
frame=9/41 receiver_sample=6/20 scenario=2026_07_29_02_32_08 timestamp=000076 cavs=[6]
sgcp_constrained receiver=6 policy=all-cavs sources=[6] clusters=20 ra=selective_edgecooper_global_pmax comm_bytes=0 selected_grids={}
fusion_method=early pred_boxes=13 gt_boxes=15
pred_scores_shape=(13,)
frame=9/41 receiver_sample=7/20 scenario=2026_07_29_02_32_08 timestamp=000076 cavs=[7, 12]
sgcp_constrained receiver=7 policy=all-cavs sources=[7, 12] clusters=20 ra=selective_edgecooper_global_pmax comm_bytes=49424 selected_grids={12: 29}
fusion_method=early pred_boxes=28 gt_boxes=40
pred_scores_shape=(28,)
frame=9/41 receiver_sample=8/20 scenario=2026_07_29_02_32_08 timestamp=000076 cavs=[8]
sgcp_constrained receiver=8 policy=all-cavs sources=[8] clusters=20 ra=selective_edgecooper_global_pmax comm_bytes=0 selected_grids={}
fusion_method=early pred_boxes=26 gt_boxes=40
pred_scores_shape=(26,)
frame=9/41 receiver_sample=9/20 scenario=2026_07_29_02_32_08 timestamp=000076 cavs=[9]
sgcp_constrained receiver=9 policy=all-cavs sources=[9] clusters=20 ra=selective_edgecooper_global_pmax comm_bytes=0 selected_grids={}
fusion_method=early pred_boxes=19 gt_boxes=37
pred_scores_shape=(19,)
frame=9/41 receiver_sample=10/20 scenario=2026_07_29_02_32_08 timestamp=000076 cavs=[10, 8, 19]
sgcp_constrained receiver=10 policy=all-cavs sources=[10, 8, 19] clusters=20 ra=selective_edgecooper_global_pmax comm_bytes=49296 selected_grids={8: 29, 19: 27}
fusion_method=early pred_boxes=27 gt_boxes=49
pred_scores_shape=(27,)
frame=9/41 receiver_sample=11/20 scenario=2026_07_29_02_32_08 timestamp=000076 cavs=[11]
sgcp_constrained receiver=11 policy=all-cavs sources=[11] clusters=20 ra=selective_edgecooper_global_pmax comm_bytes=0 selected_grids={}
fusion_method=early pred_boxes=21 gt_boxes=44
pred_scores_shape=(21,)
frame=9/41 receiver_sample=12/20 scenario=2026_07_29_02_32_08 timestamp=000076 cavs=[12]
sgcp_constrained receiver=12 policy=all-cavs sources=[12] clusters=20 ra=selective_edgecooper_global_pmax comm_bytes=0 selected_grids={}
fusion_method=early pred_boxes=11 gt_boxes=30
pred_scores_shape=(11,)
frame=9/41 receiver_sample=13/20 scenario=2026_07_29_02_32_08 timestamp=000076 cavs=[13, 5]
sgcp_constrained receiver=13 policy=all-cavs sources=[13, 5] clusters=20 ra=selective_edgecooper_global_pmax comm_bytes=35648 selected_grids={5: 29}
fusion_method=early pred_boxes=22 gt_boxes=37
pred_scores_shape=(22,)
frame=9/41 receiver_sample=14/20 scenario=2026_07_29_02_32_08 timestamp=000076 cavs=[14]
sgcp_constrained receiver=14 policy=all-cavs sources=[14] clusters=20 ra=selective_edgecooper_global_pmax comm_bytes=0 selected_grids={}
fusion_method=early pred_boxes=3 gt_boxes=7
pred_scores_shape=(3,)
frame=9/41 receiver_sample=15/20 scenario=2026_07_29_02_32_08 timestamp=000076 cavs=[15, 6]
sgcp_constrained receiver=15 policy=all-cavs sources=[15, 6] clusters=20 ra=selective_edgecooper_global_pmax comm_bytes=47056 selected_grids={6: 48}
fusion_method=early pred_boxes=17 gt_boxes=22
pred_scores_shape=(17,)
frame=9/41 receiver_sample=16/20 scenario=2026_07_29_02_32_08 timestamp=000076 cavs=[16, 17]
sgcp_constrained receiver=16 policy=all-cavs sources=[16, 17] clusters=20 ra=selective_edgecooper_global_pmax comm_bytes=53216 selected_grids={17: 29}
fusion_method=early pred_boxes=31 gt_boxes=42
pred_scores_shape=(31,)
frame=9/41 receiver_sample=17/20 scenario=2026_07_29_02_32_08 timestamp=000076 cavs=[17]
sgcp_constrained receiver=17 policy=all-cavs sources=[17] clusters=20 ra=selective_edgecooper_global_pmax comm_bytes=0 selected_grids={}
fusion_method=early pred_boxes=19 gt_boxes=28
pred_scores_shape=(19,)
frame=9/41 receiver_sample=18/20 scenario=2026_07_29_02_32_08 timestamp=000076 cavs=[18]
sgcp_constrained receiver=18 policy=all-cavs sources=[18] clusters=20 ra=selective_edgecooper_global_pmax comm_bytes=0 selected_grids={}
fusion_method=early pred_boxes=15 gt_boxes=16
pred_scores_shape=(15,)
frame=9/41 receiver_sample=19/20 scenario=2026_07_29_02_32_08 timestamp=000076 cavs=[19]
sgcp_constrained receiver=19 policy=all-cavs sources=[19] clusters=20 ra=selective_edgecooper_global_pmax comm_bytes=0 selected_grids={}
fusion_method=early pred_boxes=14 gt_boxes=27
pred_scores_shape=(14,)
frame=9/41 receiver_sample=20/20 scenario=2026_07_29_02_32_08 timestamp=000076 cavs=[20, 9]
sgcp_constrained receiver=20 policy=all-cavs sources=[20, 9] clusters=20 ra=selective_edgecooper_global_pmax comm_bytes=45232 selected_grids={9: 29}
fusion_method=early pred_boxes=30 gt_boxes=44
pred_scores_shape=(30,)
frame=10/41 receiver_sample=1/20 scenario=2026_07_29_02_32_08 timestamp=000078 cavs=[1]
sgcp_constrained receiver=1 policy=all-cavs sources=[1] clusters=20 ra=selective_edgecooper_global_pmax comm_bytes=0 selected_grids={}
fusion_method=early pred_boxes=23 gt_boxes=43
pred_scores_shape=(23,)
frame=10/41 receiver_sample=2/20 scenario=2026_07_29_02_32_08 timestamp=000078 cavs=[2, 11]
sgcp_constrained receiver=2 policy=all-cavs sources=[2, 11] clusters=20 ra=selective_edgecooper_global_pmax comm_bytes=24448 selected_grids={11: 29}
fusion_method=early pred_boxes=24 gt_boxes=47
pred_scores_shape=(24,)
frame=10/41 receiver_sample=3/20 scenario=2026_07_29_02_32_08 timestamp=000078 cavs=[3, 18]
sgcp_constrained receiver=3 policy=all-cavs sources=[3, 18] clusters=20 ra=selective_edgecooper_global_pmax comm_bytes=40288 selected_grids={18: 29}
fusion_method=early pred_boxes=21 gt_boxes=27
pred_scores_shape=(21,)
frame=10/41 receiver_sample=4/20 scenario=2026_07_29_02_32_08 timestamp=000078 cavs=[4, 1]
sgcp_constrained receiver=4 policy=all-cavs sources=[4, 1] clusters=20 ra=selective_edgecooper_global_pmax comm_bytes=42800 selected_grids={1: 29}
fusion_method=early pred_boxes=32 gt_boxes=48
pred_scores_shape=(32,)
frame=10/41 receiver_sample=5/20 scenario=2026_07_29_02_32_08 timestamp=000078 cavs=[5]
sgcp_constrained receiver=5 policy=all-cavs sources=[5] clusters=20 ra=selective_edgecooper_global_pmax comm_bytes=0 selected_grids={}
fusion_method=early pred_boxes=22 gt_boxes=37
pred_scores_shape=(22,)
frame=10/41 receiver_sample=6/20 scenario=2026_07_29_02_32_08 timestamp=000078 cavs=[6]
sgcp_constrained receiver=6 policy=all-cavs sources=[6] clusters=20 ra=selective_edgecooper_global_pmax comm_bytes=0 selected_grids={}
fusion_method=early pred_boxes=13 gt_boxes=15
pred_scores_shape=(13,)
frame=10/41 receiver_sample=7/20 scenario=2026_07_29_02_32_08 timestamp=000078 cavs=[7, 12]
sgcp_constrained receiver=7 policy=all-cavs sources=[7, 12] clusters=20 ra=selective_edgecooper_global_pmax comm_bytes=48816 selected_grids={12: 29}
fusion_method=early pred_boxes=28 gt_boxes=41
pred_scores_shape=(28,)
frame=10/41 receiver_sample=8/20 scenario=2026_07_29_02_32_08 timestamp=000078 cavs=[8]
sgcp_constrained receiver=8 policy=all-cavs sources=[8] clusters=20 ra=selective_edgecooper_global_pmax comm_bytes=0 selected_grids={}
fusion_method=early pred_boxes=25 gt_boxes=39
pred_scores_shape=(25,)
frame=10/41 receiver_sample=9/20 scenario=2026_07_29_02_32_08 timestamp=000078 cavs=[9]
sgcp_constrained receiver=9 policy=all-cavs sources=[9] clusters=20 ra=selective_edgecooper_global_pmax comm_bytes=0 selected_grids={}Format = auto
Extension = pcd
Format = auto
Extension = pcd
Format = auto
Extension = pcd
Format = auto
Extension = pcd
Format = auto
Extension = pcd
Format = auto
Extension = pcd
Format = auto
Extension = pcd
Format = auto
Extension = pcd
Format = auto
Extension = pcd
Format = auto
Extension = pcd
Format = auto
Extension = pcd
Format = auto
Extension = pcd
Format = auto
Extension = pcd
Format = auto
Extension = pcd
Format = auto
Extension = pcd
Format = auto
Extension = pcd
Format = auto
Extension = pcd
Format = auto
Extension = pcd
Format = auto
Extension = pcd
Format = auto
Extension = pcd

fusion_method=early pred_boxes=20 gt_boxes=37
pred_scores_shape=(20,)
frame=10/41 receiver_sample=10/20 scenario=2026_07_29_02_32_08 timestamp=000078 cavs=[10, 8, 19]
sgcp_constrained receiver=10 policy=all-cavs sources=[10, 8, 19] clusters=20 ra=selective_edgecooper_global_pmax comm_bytes=49776 selected_grids={8: 29, 19: 27}
fusion_method=early pred_boxes=26 gt_boxes=49
pred_scores_shape=(26,)
frame=10/41 receiver_sample=11/20 scenario=2026_07_29_02_32_08 timestamp=000078 cavs=[11]
sgcp_constrained receiver=11 policy=all-cavs sources=[11] clusters=20 ra=selective_edgecooper_global_pmax comm_bytes=0 selected_grids={}
fusion_method=early pred_boxes=19 gt_boxes=44
pred_scores_shape=(19,)
frame=10/41 receiver_sample=12/20 scenario=2026_07_29_02_32_08 timestamp=000078 cavs=[12]
sgcp_constrained receiver=12 policy=all-cavs sources=[12] clusters=20 ra=selective_edgecooper_global_pmax comm_bytes=0 selected_grids={}
fusion_method=early pred_boxes=12 gt_boxes=33
pred_scores_shape=(12,)
frame=10/41 receiver_sample=13/20 scenario=2026_07_29_02_32_08 timestamp=000078 cavs=[13, 5]
sgcp_constrained receiver=13 policy=all-cavs sources=[13, 5] clusters=20 ra=selective_edgecooper_global_pmax comm_bytes=36368 selected_grids={5: 29}
fusion_method=early pred_boxes=25 gt_boxes=36
pred_scores_shape=(25,)
frame=10/41 receiver_sample=14/20 scenario=2026_07_29_02_32_08 timestamp=000078 cavs=[14]
sgcp_constrained receiver=14 policy=all-cavs sources=[14] clusters=20 ra=selective_edgecooper_global_pmax comm_bytes=0 selected_grids={}
fusion_method=early pred_boxes=5 gt_boxes=7
pred_scores_shape=(5,)
frame=10/41 receiver_sample=15/20 scenario=2026_07_29_02_32_08 timestamp=000078 cavs=[15, 6]
sgcp_constrained receiver=15 policy=all-cavs sources=[15, 6] clusters=20 ra=selective_edgecooper_global_pmax comm_bytes=46880 selected_grids={6: 51}
fusion_method=early pred_boxes=18 gt_boxes=22
pred_scores_shape=(18,)
frame=10/41 receiver_sample=16/20 scenario=2026_07_29_02_32_08 timestamp=000078 cavs=[16, 17]
sgcp_constrained receiver=16 policy=all-cavs sources=[16, 17] clusters=20 ra=selective_edgecooper_global_pmax comm_bytes=51728 selected_grids={17: 29}
fusion_method=early pred_boxes=29 gt_boxes=41
pred_scores_shape=(29,)
frame=10/41 receiver_sample=17/20 scenario=2026_07_29_02_32_08 timestamp=000078 cavs=[17]
sgcp_constrained receiver=17 policy=all-cavs sources=[17] clusters=20 ra=selective_edgecooper_global_pmax comm_bytes=0 selected_grids={}
fusion_method=early pred_boxes=22 gt_boxes=28
pred_scores_shape=(22,)
frame=10/41 receiver_sample=18/20 scenario=2026_07_29_02_32_08 timestamp=000078 cavs=[18]
sgcp_constrained receiver=18 policy=all-cavs sources=[18] clusters=20 ra=selective_edgecooper_global_pmax comm_bytes=0 selected_grids={}
fusion_method=early pred_boxes=15 gt_boxes=17
pred_scores_shape=(15,)
frame=10/41 receiver_sample=19/20 scenario=2026_07_29_02_32_08 timestamp=000078 cavs=[19]
sgcp_constrained receiver=19 policy=all-cavs sources=[19] clusters=20 ra=selective_edgecooper_global_pmax comm_bytes=0 selected_grids={}
fusion_method=early pred_boxes=14 gt_boxes=27
pred_scores_shape=(14,)
frame=10/41 receiver_sample=20/20 scenario=2026_07_29_02_32_08 timestamp=000078 cavs=[20, 9]
sgcp_constrained receiver=20 policy=all-cavs sources=[20, 9] clusters=20 ra=selective_edgecooper_global_pmax comm_bytes=45296 selected_grids={9: 29}
fusion_method=early pred_boxes=29 gt_boxes=43
pred_scores_shape=(29,)
frame=11/41 receiver_sample=1/20 scenario=2026_07_29_02_32_08 timestamp=000080 cavs=[1]
sgcp_constrained receiver=1 policy=all-cavs sources=[1] clusters=20 ra=selective_edgecooper_global_pmax comm_bytes=0 selected_grids={}
fusion_method=early pred_boxes=23 gt_boxes=42
pred_scores_shape=(23,)
frame=11/41 receiver_sample=2/20 scenario=2026_07_29_02_32_08 timestamp=000080 cavs=[2, 11]
sgcp_constrained receiver=2 policy=all-cavs sources=[2, 11] clusters=20 ra=selective_edgecooper_global_pmax comm_bytes=27040 selected_grids={11: 44}
fusion_method=early pred_boxes=24 gt_boxes=46
pred_scores_shape=(24,)
frame=11/41 receiver_sample=3/20 scenario=2026_07_29_02_32_08 timestamp=000080 cavs=[3, 18]
sgcp_constrained receiver=3 policy=all-cavs sources=[3, 18] clusters=20 ra=selective_edgecooper_global_pmax comm_bytes=42480 selected_grids={18: 29}
fusion_method=early pred_boxes=23 gt_boxes=27
pred_scores_shape=(23,)
frame=11/41 receiver_sample=4/20 scenario=2026_07_29_02_32_08 timestamp=000080 cavs=[4, 1]
sgcp_constrained receiver=4 policy=all-cavs sources=[4, 1] clusters=20 ra=selective_edgecooper_global_pmax comm_bytes=42944 selected_grids={1: 29}
fusion_method=early pred_boxes=33 gt_boxes=47
pred_scores_shape=(33,)
frame=11/41 receiver_sample=5/20 scenario=2026_07_29_02_32_08 timestamp=000080 cavs=[5]
sgcp_constrained receiver=5 policy=all-cavs sources=[5] clusters=20 ra=selective_edgecooper_global_pmax comm_bytes=0 selected_grids={}
fusion_method=early pred_boxes=20 gt_boxes=39
pred_scores_shape=(20,)
frame=11/41 receiver_sample=6/20 scenario=2026_07_29_02_32_08 timestamp=000080 cavs=[6]
sgcp_constrained receiver=6 policy=all-cavs sources=[6] clusters=20 ra=selective_edgecooper_global_pmax comm_bytes=0 selected_grids={}
fusion_method=early pred_boxes=13 gt_boxes=16
pred_scores_shape=(13,)
frame=11/41 receiver_sample=7/20 scenario=2026_07_29_02_32_08 timestamp=000080 cavs=[7, 12]
sgcp_constrained receiver=7 policy=all-cavs sources=[7, 12] clusters=20 ra=selective_edgecooper_global_pmax comm_bytes=48576 selected_grids={12: 29}
fusion_method=early pred_boxes=27 gt_boxes=41
pred_scores_shape=(27,)
frame=11/41 receiver_sample=8/20 scenario=2026_07_29_02_32_08 timestamp=000080 cavs=[8]
sgcp_constrained receiver=8 policy=all-cavs sources=[8] clusters=20 ra=selective_edgecooper_global_pmax comm_bytes=0 selected_grids={}
fusion_method=early pred_boxes=23 gt_boxes=37
pred_scores_shape=(23,)
frame=11/41 receiver_sample=9/20 scenario=2026_07_29_02_32_08 timestamp=000080 cavs=[9]
sgcp_constrained receiver=9 policy=all-cavs sources=[9] clusters=20 ra=selective_edgecooper_global_pmax comm_bytes=0 selected_grids={}
fusion_method=early pred_boxes=20 gt_boxes=37
pred_scores_shape=(20,)
frame=11/41 receiver_sample=10/20 scenario=2026_07_29_02_32_08 timestamp=000080 cavs=[10, 8, 19]
sgcp_constrained receiver=10 policy=all-cavs sources=[10, 8, 19] clusters=20 ra=selective_edgecooper_global_pmax comm_bytes=49040 selected_grids={8: 29, 19: 27}
fusion_method=early pred_boxes=32 gt_boxes=48
pred_scores_shape=(32,)
frame=11/41 receiver_sample=11/20 scenario=2026_07_29_02_32_08 timestamp=000080 cavs=[11]
sgcp_constrained receiver=11 policy=all-cavs sources=[11] clusters=20 ra=selective_edgecooper_global_pmax comm_bytes=0 selected_grids={}
fusion_method=early pred_boxes=21 gt_boxes=43
pred_scores_shape=(21,)
frame=11/41 receiver_sample=12/20 scenario=2026_07_29_02_32_08 timestamp=000080 cavs=[12]
sgcp_constrained receiver=12 policy=all-cavs sources=[12] clusters=20 ra=selective_edgecooper_global_pmax comm_bytes=0 selected_grids={}
fusion_method=early pred_boxes=12 gt_boxes=31
pred_scores_shape=(12,)
frame=11/41 receiver_sample=13/20 scenario=2026_07_29_02_32_08 timestamp=000080 cavs=[13, 5]
sgcp_constrained receiver=13 policy=all-cavs sources=[13, 5] clusters=20 ra=selective_edgecooper_global_pmax comm_bytes=36976 selected_grids={5: 29}
fusion_method=early pred_boxes=21 gt_boxes=37
pred_scores_shape=(21,)
frame=11/41 receiver_sample=14/20 scenario=2026_07_29_02_32_08 timestamp=000080 cavs=[14]
sgcp_constrained receiver=14 policy=all-cavs sources=[14] clusters=20 ra=selective_edgecooper_global_pmax comm_bytes=0 selected_grids={}
fusion_method=early pred_boxes=3 gt_boxes=7
pred_scores_shape=(3,)
frame=11/41 receiver_sample=15/20 scenario=2026_07_29_02_32_08 timestamp=000080 cavs=[15, 6]
sgcp_constrained receiver=15 policy=all-cavs sources=[15, 6] clusters=20 ra=selective_edgecooper_global_pmax comm_bytes=46912 selected_grids={6: 51}
fusion_method=early pred_boxes=18 gt_boxes=22
pred_scores_shape=(18,)
frame=11/41 receiver_sample=16/20 scenario=2026_07_29_02_32_08 timestamp=000080 cavs=[16, 17]
sgcp_constrained receiver=16 policy=all-cavs sources=[16, 17] clusters=20 ra=selective_edgecooper_global_pmax comm_bytes=50656 selected_grids={17: 29}Format = auto
Extension = pcd
Format = auto
Extension = pcd
Format = auto
Extension = pcd
Format = auto
Extension = pcd
Format = auto
Extension = pcd
Format = auto
Extension = pcd
Format = auto
Extension = pcd
Format = auto
Extension = pcd
Format = auto
Extension = pcd
Format = auto
Extension = pcd
Format = auto
Extension = pcd
Format = auto
Extension = pcd
Format = auto
Extension = pcd
Format = auto
Extension = pcd
Format = auto
Extension = pcd
Format = auto
Extension = pcd
Format = auto
Extension = pcd
Format = auto
Extension = pcd
Format = auto
Extension = pcd
Format = auto
Extension = pcd
Format = auto
Extension = pcd
Format = auto
Extension = pcd
Format = auto
Extension = pcd
Format = auto
Extension = pcd
Format = auto
Extension = pcd
Format = auto
Extension = pcd
Format = auto
Extension = pcd
Format = auto
Extension = pcd
Format = auto
Extension = pcd
Format = auto
Extension = pcd
Format = auto
Extension = pcd
Format = auto
Extension = pcd
Format = auto
Extension = pcd
Format = auto
Extension = pcd
Format = auto
Extension = pcd
Format = auto
Extension = pcd
Format = auto
Extension = pcd
Format = auto
Extension = pcd
Format = auto
Extension = pcd
Format = auto
Extension = pcd

fusion_method=early pred_boxes=29 gt_boxes=41
pred_scores_shape=(29,)
frame=11/41 receiver_sample=17/20 scenario=2026_07_29_02_32_08 timestamp=000080 cavs=[17]
sgcp_constrained receiver=17 policy=all-cavs sources=[17] clusters=20 ra=selective_edgecooper_global_pmax comm_bytes=0 selected_grids={}
fusion_method=early pred_boxes=21 gt_boxes=28
pred_scores_shape=(21,)
frame=11/41 receiver_sample=18/20 scenario=2026_07_29_02_32_08 timestamp=000080 cavs=[18]
sgcp_constrained receiver=18 policy=all-cavs sources=[18] clusters=20 ra=selective_edgecooper_global_pmax comm_bytes=0 selected_grids={}
fusion_method=early pred_boxes=15 gt_boxes=16
pred_scores_shape=(15,)
frame=11/41 receiver_sample=19/20 scenario=2026_07_29_02_32_08 timestamp=000080 cavs=[19]
sgcp_constrained receiver=19 policy=all-cavs sources=[19] clusters=20 ra=selective_edgecooper_global_pmax comm_bytes=0 selected_grids={}
fusion_method=early pred_boxes=14 gt_boxes=27
pred_scores_shape=(14,)
frame=11/41 receiver_sample=20/20 scenario=2026_07_29_02_32_08 timestamp=000080 cavs=[20, 9]
sgcp_constrained receiver=20 policy=all-cavs sources=[20, 9] clusters=20 ra=selective_edgecooper_global_pmax comm_bytes=45360 selected_grids={9: 29}
fusion_method=early pred_boxes=32 gt_boxes=42
pred_scores_shape=(32,)
frame=12/41 receiver_sample=1/20 scenario=2026_07_29_02_32_08 timestamp=000082 cavs=[1]
sgcp_constrained receiver=1 policy=all-cavs sources=[1] clusters=20 ra=selective_edgecooper_global_pmax comm_bytes=0 selected_grids={}
fusion_method=early pred_boxes=24 gt_boxes=42
pred_scores_shape=(24,)
frame=12/41 receiver_sample=2/20 scenario=2026_07_29_02_32_08 timestamp=000082 cavs=[2, 11]
sgcp_constrained receiver=2 policy=all-cavs sources=[2, 11] clusters=20 ra=selective_edgecooper_global_pmax comm_bytes=24560 selected_grids={11: 29}
fusion_method=early pred_boxes=21 gt_boxes=47
pred_scores_shape=(21,)
frame=12/41 receiver_sample=3/20 scenario=2026_07_29_02_32_08 timestamp=000082 cavs=[3, 18]
sgcp_constrained receiver=3 policy=all-cavs sources=[3, 18] clusters=20 ra=selective_edgecooper_global_pmax comm_bytes=40832 selected_grids={18: 29}
fusion_method=early pred_boxes=20 gt_boxes=28
pred_scores_shape=(20,)
frame=12/41 receiver_sample=4/20 scenario=2026_07_29_02_32_08 timestamp=000082 cavs=[4, 1]
sgcp_constrained receiver=4 policy=all-cavs sources=[4, 1] clusters=20 ra=selective_edgecooper_global_pmax comm_bytes=42816 selected_grids={1: 29}
fusion_method=early pred_boxes=32 gt_boxes=47
pred_scores_shape=(32,)
frame=12/41 receiver_sample=5/20 scenario=2026_07_29_02_32_08 timestamp=000082 cavs=[5]
sgcp_constrained receiver=5 policy=all-cavs sources=[5] clusters=20 ra=selective_edgecooper_global_pmax comm_bytes=0 selected_grids={}
fusion_method=early pred_boxes=20 gt_boxes=38
pred_scores_shape=(20,)
frame=12/41 receiver_sample=6/20 scenario=2026_07_29_02_32_08 timestamp=000082 cavs=[6]
sgcp_constrained receiver=6 policy=all-cavs sources=[6] clusters=20 ra=selective_edgecooper_global_pmax comm_bytes=0 selected_grids={}
fusion_method=early pred_boxes=13 gt_boxes=15
pred_scores_shape=(13,)
frame=12/41 receiver_sample=7/20 scenario=2026_07_29_02_32_08 timestamp=000082 cavs=[7]
sgcp_constrained receiver=7 policy=all-cavs sources=[7] clusters=20 ra=selective_edgecooper_global_pmax comm_bytes=0 selected_grids={}
fusion_method=early pred_boxes=25 gt_boxes=38
pred_scores_shape=(25,)
frame=12/41 receiver_sample=8/20 scenario=2026_07_29_02_32_08 timestamp=000082 cavs=[8]
sgcp_constrained receiver=8 policy=all-cavs sources=[8] clusters=20 ra=selective_edgecooper_global_pmax comm_bytes=0 selected_grids={}
fusion_method=early pred_boxes=22 gt_boxes=37
pred_scores_shape=(22,)
frame=12/41 receiver_sample=9/20 scenario=2026_07_29_02_32_08 timestamp=000082 cavs=[9]
sgcp_constrained receiver=9 policy=all-cavs sources=[9] clusters=20 ra=selective_edgecooper_global_pmax comm_bytes=0 selected_grids={}
fusion_method=early pred_boxes=21 gt_boxes=37
pred_scores_shape=(21,)
frame=12/41 receiver_sample=10/20 scenario=2026_07_29_02_32_08 timestamp=000082 cavs=[10, 8, 19]
sgcp_constrained receiver=10 policy=all-cavs sources=[10, 8, 19] clusters=20 ra=selective_edgecooper_global_pmax comm_bytes=49056 selected_grids={8: 29, 19: 27}
fusion_method=early pred_boxes=30 gt_boxes=49
pred_scores_shape=(30,)
frame=12/41 receiver_sample=11/20 scenario=2026_07_29_02_32_08 timestamp=000082 cavs=[11]
sgcp_constrained receiver=11 policy=all-cavs sources=[11] clusters=20 ra=selective_edgecooper_global_pmax comm_bytes=0 selected_grids={}
fusion_method=early pred_boxes=20 gt_boxes=43
pred_scores_shape=(20,)
frame=12/41 receiver_sample=12/20 scenario=2026_07_29_02_32_08 timestamp=000082 cavs=[12, 7]
sgcp_constrained receiver=12 policy=all-cavs sources=[12, 7] clusters=20 ra=selective_edgecooper_global_pmax comm_bytes=50192 selected_grids={7: 44}
fusion_method=early pred_boxes=28 gt_boxes=42
pred_scores_shape=(28,)
frame=12/41 receiver_sample=13/20 scenario=2026_07_29_02_32_08 timestamp=000082 cavs=[13, 5]
sgcp_constrained receiver=13 policy=all-cavs sources=[13, 5] clusters=20 ra=selective_edgecooper_global_pmax comm_bytes=37184 selected_grids={5: 29}
fusion_method=early pred_boxes=26 gt_boxes=36
pred_scores_shape=(26,)
frame=12/41 receiver_sample=14/20 scenario=2026_07_29_02_32_08 timestamp=000082 cavs=[14]
sgcp_constrained receiver=14 policy=all-cavs sources=[14] clusters=20 ra=selective_edgecooper_global_pmax comm_bytes=0 selected_grids={}
fusion_method=early pred_boxes=4 gt_boxes=7
pred_scores_shape=(4,)
frame=12/41 receiver_sample=15/20 scenario=2026_07_29_02_32_08 timestamp=000082 cavs=[15, 6]
sgcp_constrained receiver=15 policy=all-cavs sources=[15, 6] clusters=20 ra=selective_edgecooper_global_pmax comm_bytes=46864 selected_grids={6: 51}
fusion_method=early pred_boxes=19 gt_boxes=22
pred_scores_shape=(19,)
frame=12/41 receiver_sample=16/20 scenario=2026_07_29_02_32_08 timestamp=000082 cavs=[16, 17]
sgcp_constrained receiver=16 policy=all-cavs sources=[16, 17] clusters=20 ra=selective_edgecooper_global_pmax comm_bytes=49312 selected_grids={17: 29}
fusion_method=early pred_boxes=30 gt_boxes=42
pred_scores_shape=(30,)
frame=12/41 receiver_sample=17/20 scenario=2026_07_29_02_32_08 timestamp=000082 cavs=[17]
sgcp_constrained receiver=17 policy=all-cavs sources=[17] clusters=20 ra=selective_edgecooper_global_pmax comm_bytes=0 selected_grids={}
fusion_method=early pred_boxes=20 gt_boxes=27
pred_scores_shape=(20,)
frame=12/41 receiver_sample=18/20 scenario=2026_07_29_02_32_08 timestamp=000082 cavs=[18]
sgcp_constrained receiver=18 policy=all-cavs sources=[18] clusters=20 ra=selective_edgecooper_global_pmax comm_bytes=0 selected_grids={}
fusion_method=early pred_boxes=15 gt_boxes=16
pred_scores_shape=(15,)
frame=12/41 receiver_sample=19/20 scenario=2026_07_29_02_32_08 timestamp=000082 cavs=[19]
sgcp_constrained receiver=19 policy=all-cavs sources=[19] clusters=20 ra=selective_edgecooper_global_pmax comm_bytes=0 selected_grids={}
fusion_method=early pred_boxes=13 gt_boxes=28
pred_scores_shape=(13,)
frame=12/41 receiver_sample=20/20 scenario=2026_07_29_02_32_08 timestamp=000082 cavs=[20, 9]
sgcp_constrained receiver=20 policy=all-cavs sources=[20, 9] clusters=20 ra=selective_edgecooper_global_pmax comm_bytes=45376 selected_grids={9: 29}
fusion_method=early pred_boxes=33 gt_boxes=43
pred_scores_shape=(33,)
frame=13/41 receiver_sample=1/20 scenario=2026_07_29_02_32_08 timestamp=000084 cavs=[1]
sgcp_constrained receiver=1 policy=all-cavs sources=[1] clusters=20 ra=selective_edgecooper_global_pmax comm_bytes=0 selected_grids={}
fusion_method=early pred_boxes=27 gt_boxes=42
pred_scores_shape=(27,)
frame=13/41 receiver_sample=2/20 scenario=2026_07_29_02_32_08 timestamp=000084 cavs=[2, 11]
sgcp_constrained receiver=2 policy=all-cavs sources=[2, 11] clusters=20 ra=selective_edgecooper_global_pmax comm_bytes=25056 selected_grids={11: 29}
fusion_method=early pred_boxes=24 gt_boxes=47
pred_scores_shape=(24,)
frame=13/41 receiver_sample=3/20 scenario=2026_07_29_02_32_08 timestamp=000084 cavs=[3, 18]
sgcp_constrained receiver=3 policy=all-cavs sources=[3, 18] clusters=20 ra=selective_edgecooper_global_pmax comm_bytes=39136 selected_grids={18: 29}Format = auto
Extension = pcd
Format = auto
Extension = pcd
Format = auto
Extension = pcd
Format = auto
Extension = pcd
Format = auto
Extension = pcd
Format = auto
Extension = pcd
Format = auto
Extension = pcd
Format = auto
Extension = pcd
Format = auto
Extension = pcd
Format = auto
Extension = pcd
Format = auto
Extension = pcd
Format = auto
Extension = pcd
Format = auto
Extension = pcd
Format = auto
Extension = pcd
Format = auto
Extension = pcd
Format = auto
Extension = pcd
Format = auto
Extension = pcd
Format = auto
Extension = pcd
Format = auto
Extension = pcd
Format = auto
Extension = pcd

fusion_method=early pred_boxes=21 gt_boxes=28
pred_scores_shape=(21,)
frame=13/41 receiver_sample=4/20 scenario=2026_07_29_02_32_08 timestamp=000084 cavs=[4, 1]
sgcp_constrained receiver=4 policy=all-cavs sources=[4, 1] clusters=20 ra=selective_edgecooper_global_pmax comm_bytes=42880 selected_grids={1: 29}
fusion_method=early pred_boxes=33 gt_boxes=48
pred_scores_shape=(33,)
frame=13/41 receiver_sample=5/20 scenario=2026_07_29_02_32_08 timestamp=000084 cavs=[5]
sgcp_constrained receiver=5 policy=all-cavs sources=[5] clusters=20 ra=selective_edgecooper_global_pmax comm_bytes=0 selected_grids={}
fusion_method=early pred_boxes=20 gt_boxes=39
pred_scores_shape=(20,)
frame=13/41 receiver_sample=6/20 scenario=2026_07_29_02_32_08 timestamp=000084 cavs=[6]
sgcp_constrained receiver=6 policy=all-cavs sources=[6] clusters=20 ra=selective_edgecooper_global_pmax comm_bytes=0 selected_grids={}
fusion_method=early pred_boxes=13 gt_boxes=15
pred_scores_shape=(13,)
frame=13/41 receiver_sample=7/20 scenario=2026_07_29_02_32_08 timestamp=000084 cavs=[7]
sgcp_constrained receiver=7 policy=all-cavs sources=[7] clusters=20 ra=selective_edgecooper_global_pmax comm_bytes=0 selected_grids={}
fusion_method=early pred_boxes=23 gt_boxes=38
pred_scores_shape=(23,)
frame=13/41 receiver_sample=8/20 scenario=2026_07_29_02_32_08 timestamp=000084 cavs=[8]
sgcp_constrained receiver=8 policy=all-cavs sources=[8] clusters=20 ra=selective_edgecooper_global_pmax comm_bytes=0 selected_grids={}
fusion_method=early pred_boxes=23 gt_boxes=37
pred_scores_shape=(23,)
frame=13/41 receiver_sample=9/20 scenario=2026_07_29_02_32_08 timestamp=000084 cavs=[9]
sgcp_constrained receiver=9 policy=all-cavs sources=[9] clusters=20 ra=selective_edgecooper_global_pmax comm_bytes=0 selected_grids={}
fusion_method=early pred_boxes=19 gt_boxes=37
pred_scores_shape=(19,)
frame=13/41 receiver_sample=10/20 scenario=2026_07_29_02_32_08 timestamp=000084 cavs=[10, 8, 19]
sgcp_constrained receiver=10 policy=all-cavs sources=[10, 8, 19] clusters=20 ra=selective_edgecooper_global_pmax comm_bytes=49360 selected_grids={8: 29, 19: 26}
fusion_method=early pred_boxes=33 gt_boxes=48
pred_scores_shape=(33,)
frame=13/41 receiver_sample=11/20 scenario=2026_07_29_02_32_08 timestamp=000084 cavs=[11]
sgcp_constrained receiver=11 policy=all-cavs sources=[11] clusters=20 ra=selective_edgecooper_global_pmax comm_bytes=0 selected_grids={}
fusion_method=early pred_boxes=20 gt_boxes=43
pred_scores_shape=(20,)
frame=13/41 receiver_sample=12/20 scenario=2026_07_29_02_32_08 timestamp=000084 cavs=[12, 7]
sgcp_constrained receiver=12 policy=all-cavs sources=[12, 7] clusters=20 ra=selective_edgecooper_global_pmax comm_bytes=49808 selected_grids={7: 44}
fusion_method=early pred_boxes=27 gt_boxes=39
pred_scores_shape=(27,)
frame=13/41 receiver_sample=13/20 scenario=2026_07_29_02_32_08 timestamp=000084 cavs=[13, 5]
sgcp_constrained receiver=13 policy=all-cavs sources=[13, 5] clusters=20 ra=selective_edgecooper_global_pmax comm_bytes=37840 selected_grids={5: 29}
fusion_method=early pred_boxes=26 gt_boxes=37
pred_scores_shape=(26,)
frame=13/41 receiver_sample=14/20 scenario=2026_07_29_02_32_08 timestamp=000084 cavs=[14]
sgcp_constrained receiver=14 policy=all-cavs sources=[14] clusters=20 ra=selective_edgecooper_global_pmax comm_bytes=0 selected_grids={}
fusion_method=early pred_boxes=4 gt_boxes=7
pred_scores_shape=(4,)
frame=13/41 receiver_sample=15/20 scenario=2026_07_29_02_32_08 timestamp=000084 cavs=[15, 6]
sgcp_constrained receiver=15 policy=all-cavs sources=[15, 6] clusters=20 ra=selective_edgecooper_global_pmax comm_bytes=46592 selected_grids={6: 50}
fusion_method=early pred_boxes=17 gt_boxes=22
pred_scores_shape=(17,)
frame=13/41 receiver_sample=16/20 scenario=2026_07_29_02_32_08 timestamp=000084 cavs=[16, 9, 17]
sgcp_constrained receiver=16 policy=all-cavs sources=[16, 9, 17] clusters=20 ra=selective_edgecooper_global_pmax comm_bytes=101456 selected_grids={9: 29, 17: 29}
fusion_method=early pred_boxes=40 gt_boxes=52
pred_scores_shape=(40,)
frame=13/41 receiver_sample=17/20 scenario=2026_07_29_02_32_08 timestamp=000084 cavs=[17]
sgcp_constrained receiver=17 policy=all-cavs sources=[17] clusters=20 ra=selective_edgecooper_global_pmax comm_bytes=0 selected_grids={}
fusion_method=early pred_boxes=18 gt_boxes=26
pred_scores_shape=(18,)
frame=13/41 receiver_sample=18/20 scenario=2026_07_29_02_32_08 timestamp=000084 cavs=[18]
sgcp_constrained receiver=18 policy=all-cavs sources=[18] clusters=20 ra=selective_edgecooper_global_pmax comm_bytes=0 selected_grids={}
fusion_method=early pred_boxes=14 gt_boxes=16
pred_scores_shape=(14,)
frame=13/41 receiver_sample=19/20 scenario=2026_07_29_02_32_08 timestamp=000084 cavs=[19]
sgcp_constrained receiver=19 policy=all-cavs sources=[19] clusters=20 ra=selective_edgecooper_global_pmax comm_bytes=0 selected_grids={}
fusion_method=early pred_boxes=16 gt_boxes=29
pred_scores_shape=(16,)
frame=13/41 receiver_sample=20/20 scenario=2026_07_29_02_32_08 timestamp=000084 cavs=[20]
sgcp_constrained receiver=20 policy=all-cavs sources=[20] clusters=20 ra=selective_edgecooper_global_pmax comm_bytes=0 selected_grids={}
fusion_method=early pred_boxes=24 gt_boxes=35
pred_scores_shape=(24,)
frame=14/41 receiver_sample=1/20 scenario=2026_07_29_02_32_08 timestamp=000086 cavs=[1]
sgcp_constrained receiver=1 policy=all-cavs sources=[1] clusters=20 ra=selective_edgecooper_global_pmax comm_bytes=0 selected_grids={}
fusion_method=early pred_boxes=26 gt_boxes=41
pred_scores_shape=(26,)
frame=14/41 receiver_sample=2/20 scenario=2026_07_29_02_32_08 timestamp=000086 cavs=[2, 11]
sgcp_constrained receiver=2 policy=all-cavs sources=[2, 11] clusters=20 ra=selective_edgecooper_global_pmax comm_bytes=27392 selected_grids={11: 44}
fusion_method=early pred_boxes=25 gt_boxes=48
pred_scores_shape=(25,)
frame=14/41 receiver_sample=3/20 scenario=2026_07_29_02_32_08 timestamp=000086 cavs=[3, 18]
sgcp_constrained receiver=3 policy=all-cavs sources=[3, 18] clusters=20 ra=selective_edgecooper_global_pmax comm_bytes=38848 selected_grids={18: 29}
fusion_method=early pred_boxes=21 gt_boxes=28
pred_scores_shape=(21,)
frame=14/41 receiver_sample=4/20 scenario=2026_07_29_02_32_08 timestamp=000086 cavs=[4, 1]
sgcp_constrained receiver=4 policy=all-cavs sources=[4, 1] clusters=20 ra=selective_edgecooper_global_pmax comm_bytes=43040 selected_grids={1: 29}
fusion_method=early pred_boxes=34 gt_boxes=47
pred_scores_shape=(34,)
frame=14/41 receiver_sample=5/20 scenario=2026_07_29_02_32_08 timestamp=000086 cavs=[5]
sgcp_constrained receiver=5 policy=all-cavs sources=[5] clusters=20 ra=selective_edgecooper_global_pmax comm_bytes=0 selected_grids={}
fusion_method=early pred_boxes=22 gt_boxes=39
pred_scores_shape=(22,)
frame=14/41 receiver_sample=6/20 scenario=2026_07_29_02_32_08 timestamp=000086 cavs=[6]
sgcp_constrained receiver=6 policy=all-cavs sources=[6] clusters=20 ra=selective_edgecooper_global_pmax comm_bytes=0 selected_grids={}
fusion_method=early pred_boxes=14 gt_boxes=15
pred_scores_shape=(14,)
frame=14/41 receiver_sample=7/20 scenario=2026_07_29_02_32_08 timestamp=000086 cavs=[7, 5, 12]
sgcp_constrained receiver=7 policy=all-cavs sources=[7, 5, 12] clusters=20 ra=selective_edgecooper_global_pmax comm_bytes=77648 selected_grids={5: 29, 12: 28}
fusion_method=early pred_boxes=30 gt_boxes=44
pred_scores_shape=(30,)
frame=14/41 receiver_sample=8/20 scenario=2026_07_29_02_32_08 timestamp=000086 cavs=[8]
sgcp_constrained receiver=8 policy=all-cavs sources=[8] clusters=20 ra=selective_edgecooper_global_pmax comm_bytes=0 selected_grids={}
fusion_method=early pred_boxes=23 gt_boxes=37
pred_scores_shape=(23,)
frame=14/41 receiver_sample=9/20 scenario=2026_07_29_02_32_08 timestamp=000086 cavs=[9]
sgcp_constrained receiver=9 policy=all-cavs sources=[9] clusters=20 ra=selective_edgecooper_global_pmax comm_bytes=0 selected_grids={}
fusion_method=early pred_boxes=19 gt_boxes=37
pred_scores_shape=(19,)
frame=14/41 receiver_sample=10/20 scenario=2026_07_29_02_32_08 timestamp=000086 cavs=[10, 8]
sgcp_constrained receiver=10 policy=all-cavs sources=[10, 8] clusters=20 ra=selective_edgecooper_global_pmax comm_bytes=31888 selected_grids={8: 29}Format = auto
Extension = pcd
Format = auto
Extension = pcd
Format = auto
Extension = pcd
Format = auto
Extension = pcd
Format = auto
Extension = pcd
Format = auto
Extension = pcd
Format = auto
Extension = pcd
Format = auto
Extension = pcd
Format = auto
Extension = pcd
Format = auto
Extension = pcd
Format = auto
Extension = pcd
Format = auto
Extension = pcd
Format = auto
Extension = pcd
Format = auto
Extension = pcd
Format = auto
Extension = pcd
Format = auto
Extension = pcd
Format = auto
Extension = pcd
Format = auto
Extension = pcd
Format = auto
Extension = pcd
Format = auto
Extension = pcd

fusion_method=early pred_boxes=28 gt_boxes=48
pred_scores_shape=(28,)
frame=14/41 receiver_sample=11/20 scenario=2026_07_29_02_32_08 timestamp=000086 cavs=[11]
sgcp_constrained receiver=11 policy=all-cavs sources=[11] clusters=20 ra=selective_edgecooper_global_pmax comm_bytes=0 selected_grids={}
fusion_method=early pred_boxes=21 gt_boxes=42
pred_scores_shape=(21,)
frame=14/41 receiver_sample=12/20 scenario=2026_07_29_02_32_08 timestamp=000086 cavs=[12]
sgcp_constrained receiver=12 policy=all-cavs sources=[12] clusters=20 ra=selective_edgecooper_global_pmax comm_bytes=0 selected_grids={}
fusion_method=early pred_boxes=12 gt_boxes=31
pred_scores_shape=(12,)
frame=14/41 receiver_sample=13/20 scenario=2026_07_29_02_32_08 timestamp=000086 cavs=[13]
sgcp_constrained receiver=13 policy=all-cavs sources=[13] clusters=20 ra=selective_edgecooper_global_pmax comm_bytes=0 selected_grids={}
fusion_method=early pred_boxes=13 gt_boxes=23
pred_scores_shape=(13,)
frame=14/41 receiver_sample=14/20 scenario=2026_07_29_02_32_08 timestamp=000086 cavs=[14]
sgcp_constrained receiver=14 policy=all-cavs sources=[14] clusters=20 ra=selective_edgecooper_global_pmax comm_bytes=0 selected_grids={}
fusion_method=early pred_boxes=5 gt_boxes=7
pred_scores_shape=(5,)
frame=14/41 receiver_sample=15/20 scenario=2026_07_29_02_32_08 timestamp=000086 cavs=[15, 6]
sgcp_constrained receiver=15 policy=all-cavs sources=[15, 6] clusters=20 ra=selective_edgecooper_global_pmax comm_bytes=46464 selected_grids={6: 49}
fusion_method=early pred_boxes=17 gt_boxes=23
pred_scores_shape=(17,)
frame=14/41 receiver_sample=16/20 scenario=2026_07_29_02_32_08 timestamp=000086 cavs=[16, 9, 17]
sgcp_constrained receiver=16 policy=all-cavs sources=[16, 9, 17] clusters=20 ra=selective_edgecooper_global_pmax comm_bytes=100272 selected_grids={9: 29, 17: 29}
fusion_method=early pred_boxes=35 gt_boxes=52
pred_scores_shape=(35,)
frame=14/41 receiver_sample=17/20 scenario=2026_07_29_02_32_08 timestamp=000086 cavs=[17]
sgcp_constrained receiver=17 policy=all-cavs sources=[17] clusters=20 ra=selective_edgecooper_global_pmax comm_bytes=0 selected_grids={}
fusion_method=early pred_boxes=20 gt_boxes=26
pred_scores_shape=(20,)
frame=14/41 receiver_sample=18/20 scenario=2026_07_29_02_32_08 timestamp=000086 cavs=[18]
sgcp_constrained receiver=18 policy=all-cavs sources=[18] clusters=20 ra=selective_edgecooper_global_pmax comm_bytes=0 selected_grids={}
fusion_method=early pred_boxes=14 gt_boxes=16
pred_scores_shape=(14,)
frame=14/41 receiver_sample=19/20 scenario=2026_07_29_02_32_08 timestamp=000086 cavs=[19]
sgcp_constrained receiver=19 policy=all-cavs sources=[19] clusters=20 ra=selective_edgecooper_global_pmax comm_bytes=0 selected_grids={}
fusion_method=early pred_boxes=14 gt_boxes=29
pred_scores_shape=(14,)
frame=14/41 receiver_sample=20/20 scenario=2026_07_29_02_32_08 timestamp=000086 cavs=[20, 19]
sgcp_constrained receiver=20 policy=all-cavs sources=[20, 19] clusters=20 ra=selective_edgecooper_global_pmax comm_bytes=43824 selected_grids={19: 29}
fusion_method=early pred_boxes=30 gt_boxes=47
pred_scores_shape=(30,)
frame=15/41 receiver_sample=1/20 scenario=2026_07_29_02_32_08 timestamp=000088 cavs=[1]
sgcp_constrained receiver=1 policy=all-cavs sources=[1] clusters=20 ra=selective_edgecooper_global_pmax comm_bytes=0 selected_grids={}
fusion_method=early pred_boxes=24 gt_boxes=41
pred_scores_shape=(24,)
frame=15/41 receiver_sample=2/20 scenario=2026_07_29_02_32_08 timestamp=000088 cavs=[2, 11]
sgcp_constrained receiver=2 policy=all-cavs sources=[2, 11] clusters=20 ra=selective_edgecooper_global_pmax comm_bytes=27472 selected_grids={11: 43}
fusion_method=early pred_boxes=26 gt_boxes=48
pred_scores_shape=(26,)
frame=15/41 receiver_sample=3/20 scenario=2026_07_29_02_32_08 timestamp=000088 cavs=[3, 18]
sgcp_constrained receiver=3 policy=all-cavs sources=[3, 18] clusters=20 ra=selective_edgecooper_global_pmax comm_bytes=39488 selected_grids={18: 29}
fusion_method=early pred_boxes=20 gt_boxes=28
pred_scores_shape=(20,)
frame=15/41 receiver_sample=4/20 scenario=2026_07_29_02_32_08 timestamp=000088 cavs=[4, 1]
sgcp_constrained receiver=4 policy=all-cavs sources=[4, 1] clusters=20 ra=selective_edgecooper_global_pmax comm_bytes=43216 selected_grids={1: 29}
fusion_method=early pred_boxes=33 gt_boxes=47
pred_scores_shape=(33,)
frame=15/41 receiver_sample=5/20 scenario=2026_07_29_02_32_08 timestamp=000088 cavs=[5]
sgcp_constrained receiver=5 policy=all-cavs sources=[5] clusters=20 ra=selective_edgecooper_global_pmax comm_bytes=0 selected_grids={}
fusion_method=early pred_boxes=17 gt_boxes=39
pred_scores_shape=(17,)
frame=15/41 receiver_sample=6/20 scenario=2026_07_29_02_32_08 timestamp=000088 cavs=[6]
sgcp_constrained receiver=6 policy=all-cavs sources=[6] clusters=20 ra=selective_edgecooper_global_pmax comm_bytes=0 selected_grids={}
fusion_method=early pred_boxes=13 gt_boxes=15
pred_scores_shape=(13,)
frame=15/41 receiver_sample=7/20 scenario=2026_07_29_02_32_08 timestamp=000088 cavs=[7, 5, 12]
sgcp_constrained receiver=7 policy=all-cavs sources=[7, 5, 12] clusters=20 ra=selective_edgecooper_global_pmax comm_bytes=77328 selected_grids={5: 29, 12: 28}
fusion_method=early pred_boxes=31 gt_boxes=44
pred_scores_shape=(31,)
frame=15/41 receiver_sample=8/20 scenario=2026_07_29_02_32_08 timestamp=000088 cavs=[8]
sgcp_constrained receiver=8 policy=all-cavs sources=[8] clusters=20 ra=selective_edgecooper_global_pmax comm_bytes=0 selected_grids={}
fusion_method=early pred_boxes=25 gt_boxes=37
pred_scores_shape=(25,)
frame=15/41 receiver_sample=9/20 scenario=2026_07_29_02_32_08 timestamp=000088 cavs=[9]
sgcp_constrained receiver=9 policy=all-cavs sources=[9] clusters=20 ra=selective_edgecooper_global_pmax comm_bytes=0 selected_grids={}
fusion_method=early pred_boxes=20 gt_boxes=37
pred_scores_shape=(20,)
frame=15/41 receiver_sample=10/20 scenario=2026_07_29_02_32_08 timestamp=000088 cavs=[10, 8]
sgcp_constrained receiver=10 policy=all-cavs sources=[10, 8] clusters=20 ra=selective_edgecooper_global_pmax comm_bytes=31376 selected_grids={8: 29}
fusion_method=early pred_boxes=26 gt_boxes=47
pred_scores_shape=(26,)
frame=15/41 receiver_sample=11/20 scenario=2026_07_29_02_32_08 timestamp=000088 cavs=[11]
sgcp_constrained receiver=11 policy=all-cavs sources=[11] clusters=20 ra=selective_edgecooper_global_pmax comm_bytes=0 selected_grids={}
fusion_method=early pred_boxes=21 gt_boxes=42
pred_scores_shape=(21,)
frame=15/41 receiver_sample=12/20 scenario=2026_07_29_02_32_08 timestamp=000088 cavs=[12]
sgcp_constrained receiver=12 policy=all-cavs sources=[12] clusters=20 ra=selective_edgecooper_global_pmax comm_bytes=0 selected_grids={}
fusion_method=early pred_boxes=13 gt_boxes=30
pred_scores_shape=(13,)
frame=15/41 receiver_sample=13/20 scenario=2026_07_29_02_32_08 timestamp=000088 cavs=[13]
sgcp_constrained receiver=13 policy=all-cavs sources=[13] clusters=20 ra=selective_edgecooper_global_pmax comm_bytes=0 selected_grids={}
fusion_method=early pred_boxes=12 gt_boxes=24
pred_scores_shape=(12,)
frame=15/41 receiver_sample=14/20 scenario=2026_07_29_02_32_08 timestamp=000088 cavs=[14]
sgcp_constrained receiver=14 policy=all-cavs sources=[14] clusters=20 ra=selective_edgecooper_global_pmax comm_bytes=0 selected_grids={}
fusion_method=early pred_boxes=4 gt_boxes=7
pred_scores_shape=(4,)
frame=15/41 receiver_sample=15/20 scenario=2026_07_29_02_32_08 timestamp=000088 cavs=[15, 6]
sgcp_constrained receiver=15 policy=all-cavs sources=[15, 6] clusters=20 ra=selective_edgecooper_global_pmax comm_bytes=46768 selected_grids={6: 49}
fusion_method=early pred_boxes=16 gt_boxes=23
pred_scores_shape=(16,)
frame=15/41 receiver_sample=16/20 scenario=2026_07_29_02_32_08 timestamp=000088 cavs=[16, 9, 17]
sgcp_constrained receiver=16 policy=all-cavs sources=[16, 9, 17] clusters=20 ra=selective_edgecooper_global_pmax comm_bytes=99600 selected_grids={9: 29, 17: 29}
fusion_method=early pred_boxes=39 gt_boxes=52
pred_scores_shape=(39,)
frame=15/41 receiver_sample=17/20 scenario=2026_07_29_02_32_08 timestamp=000088 cavs=[17]
sgcp_constrained receiver=17 policy=all-cavs sources=[17] clusters=20 ra=selective_edgecooper_global_pmax comm_bytes=0 selected_grids={}Format = auto
Extension = pcd
Format = auto
Extension = pcd
Format = auto
Extension = pcd
Format = auto
Extension = pcd
Format = auto
Extension = pcd
Format = auto
Extension = pcd
Format = auto
Extension = pcd
Format = auto
Extension = pcd
Format = auto
Extension = pcd
Format = auto
Extension = pcd
Format = auto
Extension = pcd
Format = auto
Extension = pcd
Format = auto
Extension = pcd
Format = auto
Extension = pcd
Format = auto
Extension = pcd
Format = auto
Extension = pcd
Format = auto
Extension = pcd
Format = auto
Extension = pcd
Format = auto
Extension = pcd
Format = auto
Extension = pcd
Format = auto
Extension = pcd
Format = auto
Extension = pcd
Format = auto
Extension = pcd
Format = auto
Extension = pcd
Format = auto
Extension = pcd
Format = auto
Extension = pcd
Format = auto
Extension = pcd
Format = auto
Extension = pcd
Format = auto
Extension = pcd
Format = auto
Extension = pcd
Format = auto
Extension = pcd
Format = auto
Extension = pcd
Format = auto
Extension = pcd
Format = auto
Extension = pcd
Format = auto
Extension = pcd
Format = auto
Extension = pcd
Format = auto
Extension = pcd
Format = auto
Extension = pcd
Format = auto
Extension = pcd
Format = auto
Extension = pcd

fusion_method=early pred_boxes=20 gt_boxes=27
pred_scores_shape=(20,)
frame=15/41 receiver_sample=18/20 scenario=2026_07_29_02_32_08 timestamp=000088 cavs=[18]
sgcp_constrained receiver=18 policy=all-cavs sources=[18] clusters=20 ra=selective_edgecooper_global_pmax comm_bytes=0 selected_grids={}
fusion_method=early pred_boxes=15 gt_boxes=15
pred_scores_shape=(15,)
frame=15/41 receiver_sample=19/20 scenario=2026_07_29_02_32_08 timestamp=000088 cavs=[19]
sgcp_constrained receiver=19 policy=all-cavs sources=[19] clusters=20 ra=selective_edgecooper_global_pmax comm_bytes=0 selected_grids={}
fusion_method=early pred_boxes=16 gt_boxes=29
pred_scores_shape=(16,)
frame=15/41 receiver_sample=20/20 scenario=2026_07_29_02_32_08 timestamp=000088 cavs=[20, 19]
sgcp_constrained receiver=20 policy=all-cavs sources=[20, 19] clusters=20 ra=selective_edgecooper_global_pmax comm_bytes=43648 selected_grids={19: 29}
fusion_method=early pred_boxes=31 gt_boxes=47
pred_scores_shape=(31,)
frame=16/41 receiver_sample=1/20 scenario=2026_07_29_02_32_08 timestamp=000090 cavs=[1]
sgcp_constrained receiver=1 policy=all-cavs sources=[1] clusters=20 ra=selective_edgecooper_global_pmax comm_bytes=0 selected_grids={}
fusion_method=early pred_boxes=23 gt_boxes=40
pred_scores_shape=(23,)
frame=16/41 receiver_sample=2/20 scenario=2026_07_29_02_32_08 timestamp=000090 cavs=[2, 11]
sgcp_constrained receiver=2 policy=all-cavs sources=[2, 11] clusters=20 ra=selective_edgecooper_global_pmax comm_bytes=27376 selected_grids={11: 43}
fusion_method=early pred_boxes=27 gt_boxes=49
pred_scores_shape=(27,)
frame=16/41 receiver_sample=3/20 scenario=2026_07_29_02_32_08 timestamp=000090 cavs=[3, 18]
sgcp_constrained receiver=3 policy=all-cavs sources=[3, 18] clusters=20 ra=selective_edgecooper_global_pmax comm_bytes=40384 selected_grids={18: 29}
fusion_method=early pred_boxes=20 gt_boxes=26
pred_scores_shape=(20,)
frame=16/41 receiver_sample=4/20 scenario=2026_07_29_02_32_08 timestamp=000090 cavs=[4, 1]
sgcp_constrained receiver=4 policy=all-cavs sources=[4, 1] clusters=20 ra=selective_edgecooper_global_pmax comm_bytes=43248 selected_grids={1: 29}
fusion_method=early pred_boxes=33 gt_boxes=46
pred_scores_shape=(33,)
frame=16/41 receiver_sample=5/20 scenario=2026_07_29_02_32_08 timestamp=000090 cavs=[5]
sgcp_constrained receiver=5 policy=all-cavs sources=[5] clusters=20 ra=selective_edgecooper_global_pmax comm_bytes=0 selected_grids={}
fusion_method=early pred_boxes=20 gt_boxes=39
pred_scores_shape=(20,)
frame=16/41 receiver_sample=6/20 scenario=2026_07_29_02_32_08 timestamp=000090 cavs=[6]
sgcp_constrained receiver=6 policy=all-cavs sources=[6] clusters=20 ra=selective_edgecooper_global_pmax comm_bytes=0 selected_grids={}
fusion_method=early pred_boxes=14 gt_boxes=15
pred_scores_shape=(14,)
frame=16/41 receiver_sample=7/20 scenario=2026_07_29_02_32_08 timestamp=000090 cavs=[7, 5, 12]
sgcp_constrained receiver=7 policy=all-cavs sources=[7, 5, 12] clusters=20 ra=selective_edgecooper_global_pmax comm_bytes=78816 selected_grids={5: 29, 12: 28}
fusion_method=early pred_boxes=32 gt_boxes=42
pred_scores_shape=(32,)
frame=16/41 receiver_sample=8/20 scenario=2026_07_29_02_32_08 timestamp=000090 cavs=[8]
sgcp_constrained receiver=8 policy=all-cavs sources=[8] clusters=20 ra=selective_edgecooper_global_pmax comm_bytes=0 selected_grids={}
fusion_method=early pred_boxes=24 gt_boxes=38
pred_scores_shape=(24,)
frame=16/41 receiver_sample=9/20 scenario=2026_07_29_02_32_08 timestamp=000090 cavs=[9]
sgcp_constrained receiver=9 policy=all-cavs sources=[9] clusters=20 ra=selective_edgecooper_global_pmax comm_bytes=0 selected_grids={}
fusion_method=early pred_boxes=19 gt_boxes=37
pred_scores_shape=(19,)
frame=16/41 receiver_sample=10/20 scenario=2026_07_29_02_32_08 timestamp=000090 cavs=[10, 8]
sgcp_constrained receiver=10 policy=all-cavs sources=[10, 8] clusters=20 ra=selective_edgecooper_global_pmax comm_bytes=31696 selected_grids={8: 29}
fusion_method=early pred_boxes=29 gt_boxes=48
pred_scores_shape=(29,)
frame=16/41 receiver_sample=11/20 scenario=2026_07_29_02_32_08 timestamp=000090 cavs=[11]
sgcp_constrained receiver=11 policy=all-cavs sources=[11] clusters=20 ra=selective_edgecooper_global_pmax comm_bytes=0 selected_grids={}
fusion_method=early pred_boxes=22 gt_boxes=43
pred_scores_shape=(22,)
frame=16/41 receiver_sample=12/20 scenario=2026_07_29_02_32_08 timestamp=000090 cavs=[12]
sgcp_constrained receiver=12 policy=all-cavs sources=[12] clusters=20 ra=selective_edgecooper_global_pmax comm_bytes=0 selected_grids={}
fusion_method=early pred_boxes=13 gt_boxes=30
pred_scores_shape=(13,)
frame=16/41 receiver_sample=13/20 scenario=2026_07_29_02_32_08 timestamp=000090 cavs=[13]
sgcp_constrained receiver=13 policy=all-cavs sources=[13] clusters=20 ra=selective_edgecooper_global_pmax comm_bytes=0 selected_grids={}
fusion_method=early pred_boxes=12 gt_boxes=23
pred_scores_shape=(12,)
frame=16/41 receiver_sample=14/20 scenario=2026_07_29_02_32_08 timestamp=000090 cavs=[14]
sgcp_constrained receiver=14 policy=all-cavs sources=[14] clusters=20 ra=selective_edgecooper_global_pmax comm_bytes=0 selected_grids={}
fusion_method=early pred_boxes=3 gt_boxes=8
pred_scores_shape=(3,)
frame=16/41 receiver_sample=15/20 scenario=2026_07_29_02_32_08 timestamp=000090 cavs=[15, 6]
sgcp_constrained receiver=15 policy=all-cavs sources=[15, 6] clusters=20 ra=selective_edgecooper_global_pmax comm_bytes=45744 selected_grids={6: 52}
fusion_method=early pred_boxes=17 gt_boxes=23
pred_scores_shape=(17,)
frame=16/41 receiver_sample=16/20 scenario=2026_07_29_02_32_08 timestamp=000090 cavs=[16, 9, 17]
sgcp_constrained receiver=16 policy=all-cavs sources=[16, 9, 17] clusters=20 ra=selective_edgecooper_global_pmax comm_bytes=99824 selected_grids={9: 29, 17: 29}
fusion_method=early pred_boxes=41 gt_boxes=52
pred_scores_shape=(41,)
frame=16/41 receiver_sample=17/20 scenario=2026_07_29_02_32_08 timestamp=000090 cavs=[17]
sgcp_constrained receiver=17 policy=all-cavs sources=[17] clusters=20 ra=selective_edgecooper_global_pmax comm_bytes=0 selected_grids={}
fusion_method=early pred_boxes=20 gt_boxes=27
pred_scores_shape=(20,)
frame=16/41 receiver_sample=18/20 scenario=2026_07_29_02_32_08 timestamp=000090 cavs=[18]
sgcp_constrained receiver=18 policy=all-cavs sources=[18] clusters=20 ra=selective_edgecooper_global_pmax comm_bytes=0 selected_grids={}
fusion_method=early pred_boxes=14 gt_boxes=15
pred_scores_shape=(14,)
frame=16/41 receiver_sample=19/20 scenario=2026_07_29_02_32_08 timestamp=000090 cavs=[19]
sgcp_constrained receiver=19 policy=all-cavs sources=[19] clusters=20 ra=selective_edgecooper_global_pmax comm_bytes=0 selected_grids={}
fusion_method=early pred_boxes=15 gt_boxes=29
pred_scores_shape=(15,)
frame=16/41 receiver_sample=20/20 scenario=2026_07_29_02_32_08 timestamp=000090 cavs=[20, 19]
sgcp_constrained receiver=20 policy=all-cavs sources=[20, 19] clusters=20 ra=selective_edgecooper_global_pmax comm_bytes=43616 selected_grids={19: 29}
fusion_method=early pred_boxes=30 gt_boxes=47
pred_scores_shape=(30,)
frame=17/41 receiver_sample=1/20 scenario=2026_07_29_02_32_08 timestamp=000092 cavs=[1]
sgcp_constrained receiver=1 policy=all-cavs sources=[1] clusters=20 ra=selective_edgecooper_global_pmax comm_bytes=0 selected_grids={}
fusion_method=early pred_boxes=20 gt_boxes=40
pred_scores_shape=(20,)
frame=17/41 receiver_sample=2/20 scenario=2026_07_29_02_32_08 timestamp=000092 cavs=[2, 11]
sgcp_constrained receiver=2 policy=all-cavs sources=[2, 11] clusters=20 ra=selective_edgecooper_global_pmax comm_bytes=24912 selected_grids={11: 29}
fusion_method=early pred_boxes=25 gt_boxes=48
pred_scores_shape=(25,)
frame=17/41 receiver_sample=3/20 scenario=2026_07_29_02_32_08 timestamp=000092 cavs=[3, 18]
sgcp_constrained receiver=3 policy=all-cavs sources=[3, 18] clusters=20 ra=selective_edgecooper_global_pmax comm_bytes=40480 selected_grids={18: 29}
fusion_method=early pred_boxes=19 gt_boxes=26
pred_scores_shape=(19,)
frame=17/41 receiver_sample=4/20 scenario=2026_07_29_02_32_08 timestamp=000092 cavs=[4, 1]
sgcp_constrained receiver=4 policy=all-cavs sources=[4, 1] clusters=20 ra=selective_edgecooper_global_pmax comm_bytes=43232 selected_grids={1: 29}Format = auto
Extension = pcd
Format = auto
Extension = pcd
Format = auto
Extension = pcd
Format = auto
Extension = pcd
Format = auto
Extension = pcd
Format = auto
Extension = pcd
Format = auto
Extension = pcd
Format = auto
Extension = pcd
Format = auto
Extension = pcd
Format = auto
Extension = pcd
Format = auto
Extension = pcd
Format = auto
Extension = pcd
Format = auto
Extension = pcd
Format = auto
Extension = pcd
Format = auto
Extension = pcd
Format = auto
Extension = pcd
Format = auto
Extension = pcd
Format = auto
Extension = pcd
Format = auto
Extension = pcd
Format = auto
Extension = pcd

fusion_method=early pred_boxes=32 gt_boxes=46
pred_scores_shape=(32,)
frame=17/41 receiver_sample=5/20 scenario=2026_07_29_02_32_08 timestamp=000092 cavs=[5]
sgcp_constrained receiver=5 policy=all-cavs sources=[5] clusters=20 ra=selective_edgecooper_global_pmax comm_bytes=0 selected_grids={}
fusion_method=early pred_boxes=19 gt_boxes=40
pred_scores_shape=(19,)
frame=17/41 receiver_sample=6/20 scenario=2026_07_29_02_32_08 timestamp=000092 cavs=[6, 15]
sgcp_constrained receiver=6 policy=all-cavs sources=[6, 15] clusters=20 ra=selective_edgecooper_global_pmax comm_bytes=31824 selected_grids={15: 43}
fusion_method=early pred_boxes=18 gt_boxes=23
pred_scores_shape=(18,)
frame=17/41 receiver_sample=7/20 scenario=2026_07_29_02_32_08 timestamp=000092 cavs=[7, 5, 12]
sgcp_constrained receiver=7 policy=all-cavs sources=[7, 5, 12] clusters=20 ra=selective_edgecooper_global_pmax comm_bytes=78064 selected_grids={5: 29, 12: 28}
fusion_method=early pred_boxes=31 gt_boxes=43
pred_scores_shape=(31,)
frame=17/41 receiver_sample=8/20 scenario=2026_07_29_02_32_08 timestamp=000092 cavs=[8]
sgcp_constrained receiver=8 policy=all-cavs sources=[8] clusters=20 ra=selective_edgecooper_global_pmax comm_bytes=0 selected_grids={}
fusion_method=early pred_boxes=23 gt_boxes=37
pred_scores_shape=(23,)
frame=17/41 receiver_sample=9/20 scenario=2026_07_29_02_32_08 timestamp=000092 cavs=[9]
sgcp_constrained receiver=9 policy=all-cavs sources=[9] clusters=20 ra=selective_edgecooper_global_pmax comm_bytes=0 selected_grids={}
fusion_method=early pred_boxes=20 gt_boxes=37
pred_scores_shape=(20,)
frame=17/41 receiver_sample=10/20 scenario=2026_07_29_02_32_08 timestamp=000092 cavs=[10, 8]
sgcp_constrained receiver=10 policy=all-cavs sources=[10, 8] clusters=20 ra=selective_edgecooper_global_pmax comm_bytes=31344 selected_grids={8: 29}
fusion_method=early pred_boxes=31 gt_boxes=47
pred_scores_shape=(31,)
frame=17/41 receiver_sample=11/20 scenario=2026_07_29_02_32_08 timestamp=000092 cavs=[11]
sgcp_constrained receiver=11 policy=all-cavs sources=[11] clusters=20 ra=selective_edgecooper_global_pmax comm_bytes=0 selected_grids={}
fusion_method=early pred_boxes=19 gt_boxes=43
pred_scores_shape=(19,)
frame=17/41 receiver_sample=12/20 scenario=2026_07_29_02_32_08 timestamp=000092 cavs=[12]
sgcp_constrained receiver=12 policy=all-cavs sources=[12] clusters=20 ra=selective_edgecooper_global_pmax comm_bytes=0 selected_grids={}
fusion_method=early pred_boxes=14 gt_boxes=28
pred_scores_shape=(14,)
frame=17/41 receiver_sample=13/20 scenario=2026_07_29_02_32_08 timestamp=000092 cavs=[13, 9]
sgcp_constrained receiver=13 policy=all-cavs sources=[13, 9] clusters=20 ra=selective_edgecooper_global_pmax comm_bytes=24352 selected_grids={9: 29}
fusion_method=early pred_boxes=23 gt_boxes=40
pred_scores_shape=(23,)
frame=17/41 receiver_sample=14/20 scenario=2026_07_29_02_32_08 timestamp=000092 cavs=[14]
sgcp_constrained receiver=14 policy=all-cavs sources=[14] clusters=20 ra=selective_edgecooper_global_pmax comm_bytes=0 selected_grids={}
fusion_method=early pred_boxes=4 gt_boxes=8
pred_scores_shape=(4,)
frame=17/41 receiver_sample=15/20 scenario=2026_07_29_02_32_08 timestamp=000092 cavs=[15]
sgcp_constrained receiver=15 policy=all-cavs sources=[15] clusters=20 ra=selective_edgecooper_global_pmax comm_bytes=0 selected_grids={}
fusion_method=early pred_boxes=14 gt_boxes=22
pred_scores_shape=(14,)
frame=17/41 receiver_sample=16/20 scenario=2026_07_29_02_32_08 timestamp=000092 cavs=[16, 17]
sgcp_constrained receiver=16 policy=all-cavs sources=[16, 17] clusters=20 ra=selective_edgecooper_global_pmax comm_bytes=43744 selected_grids={17: 29}
fusion_method=early pred_boxes=29 gt_boxes=39
pred_scores_shape=(29,)
frame=17/41 receiver_sample=17/20 scenario=2026_07_29_02_32_08 timestamp=000092 cavs=[17]
sgcp_constrained receiver=17 policy=all-cavs sources=[17] clusters=20 ra=selective_edgecooper_global_pmax comm_bytes=0 selected_grids={}
fusion_method=early pred_boxes=20 gt_boxes=26
pred_scores_shape=(20,)
frame=17/41 receiver_sample=18/20 scenario=2026_07_29_02_32_08 timestamp=000092 cavs=[18]
sgcp_constrained receiver=18 policy=all-cavs sources=[18] clusters=20 ra=selective_edgecooper_global_pmax comm_bytes=0 selected_grids={}
fusion_method=early pred_boxes=14 gt_boxes=15
pred_scores_shape=(14,)
frame=17/41 receiver_sample=19/20 scenario=2026_07_29_02_32_08 timestamp=000092 cavs=[19]
sgcp_constrained receiver=19 policy=all-cavs sources=[19] clusters=20 ra=selective_edgecooper_global_pmax comm_bytes=0 selected_grids={}
fusion_method=early pred_boxes=15 gt_boxes=30
pred_scores_shape=(15,)
frame=17/41 receiver_sample=20/20 scenario=2026_07_29_02_32_08 timestamp=000092 cavs=[20, 19]
sgcp_constrained receiver=20 policy=all-cavs sources=[20, 19] clusters=20 ra=selective_edgecooper_global_pmax comm_bytes=43584 selected_grids={19: 29}
fusion_method=early pred_boxes=31 gt_boxes=48
pred_scores_shape=(31,)
frame=18/41 receiver_sample=1/20 scenario=2026_07_29_02_32_08 timestamp=000094 cavs=[1]
sgcp_constrained receiver=1 policy=all-cavs sources=[1] clusters=20 ra=selective_edgecooper_global_pmax comm_bytes=0 selected_grids={}
fusion_method=early pred_boxes=20 gt_boxes=40
pred_scores_shape=(20,)
frame=18/41 receiver_sample=2/20 scenario=2026_07_29_02_32_08 timestamp=000094 cavs=[2, 11]
sgcp_constrained receiver=2 policy=all-cavs sources=[2, 11] clusters=20 ra=selective_edgecooper_global_pmax comm_bytes=27280 selected_grids={11: 44}
fusion_method=early pred_boxes=28 gt_boxes=48
pred_scores_shape=(28,)
frame=18/41 receiver_sample=3/20 scenario=2026_07_29_02_32_08 timestamp=000094 cavs=[3, 18]
sgcp_constrained receiver=3 policy=all-cavs sources=[3, 18] clusters=20 ra=selective_edgecooper_global_pmax comm_bytes=39904 selected_grids={18: 29}
fusion_method=early pred_boxes=20 gt_boxes=27
pred_scores_shape=(20,)
frame=18/41 receiver_sample=4/20 scenario=2026_07_29_02_32_08 timestamp=000094 cavs=[4, 1]
sgcp_constrained receiver=4 policy=all-cavs sources=[4, 1] clusters=20 ra=selective_edgecooper_global_pmax comm_bytes=44240 selected_grids={1: 29}
fusion_method=early pred_boxes=31 gt_boxes=46
pred_scores_shape=(31,)
frame=18/41 receiver_sample=5/20 scenario=2026_07_29_02_32_08 timestamp=000094 cavs=[5]
sgcp_constrained receiver=5 policy=all-cavs sources=[5] clusters=20 ra=selective_edgecooper_global_pmax comm_bytes=0 selected_grids={}
fusion_method=early pred_boxes=24 gt_boxes=38
pred_scores_shape=(24,)
frame=18/41 receiver_sample=6/20 scenario=2026_07_29_02_32_08 timestamp=000094 cavs=[6, 15]
sgcp_constrained receiver=6 policy=all-cavs sources=[6, 15] clusters=20 ra=selective_edgecooper_global_pmax comm_bytes=31472 selected_grids={15: 45}
fusion_method=early pred_boxes=18 gt_boxes=25
pred_scores_shape=(18,)
frame=18/41 receiver_sample=7/20 scenario=2026_07_29_02_32_08 timestamp=000094 cavs=[7, 12]
sgcp_constrained receiver=7 policy=all-cavs sources=[7, 12] clusters=20 ra=selective_edgecooper_global_pmax comm_bytes=50224 selected_grids={12: 29}
fusion_method=early pred_boxes=27 gt_boxes=36
pred_scores_shape=(27,)
frame=18/41 receiver_sample=8/20 scenario=2026_07_29_02_32_08 timestamp=000094 cavs=[8]
sgcp_constrained receiver=8 policy=all-cavs sources=[8] clusters=20 ra=selective_edgecooper_global_pmax comm_bytes=0 selected_grids={}
fusion_method=early pred_boxes=24 gt_boxes=37
pred_scores_shape=(24,)
frame=18/41 receiver_sample=9/20 scenario=2026_07_29_02_32_08 timestamp=000094 cavs=[9, 5, 13]
sgcp_constrained receiver=9 policy=all-cavs sources=[9, 5, 13] clusters=20 ra=selective_edgecooper_global_pmax comm_bytes=62832 selected_grids={5: 26, 13: 29}
fusion_method=early pred_boxes=30 gt_boxes=45
pred_scores_shape=(30,)
frame=18/41 receiver_sample=10/20 scenario=2026_07_29_02_32_08 timestamp=000094 cavs=[10, 8]
sgcp_constrained receiver=10 policy=all-cavs sources=[10, 8] clusters=20 ra=selective_edgecooper_global_pmax comm_bytes=31696 selected_grids={8: 29}
fusion_method=early pred_boxes=31 gt_boxes=47
pred_scores_shape=(31,)
frame=18/41 receiver_sample=11/20 scenario=2026_07_29_02_32_08 timestamp=000094 cavs=[11]
sgcp_constrained receiver=11 policy=all-cavs sources=[11] clusters=20 ra=selective_edgecooper_global_pmax comm_bytes=0 selected_grids={}Format = auto
Extension = pcd
Format = auto
Extension = pcd
Format = auto
Extension = pcd
Format = auto
Extension = pcd
Format = auto
Extension = pcd
Format = auto
Extension = pcd
Format = auto
Extension = pcd
Format = auto
Extension = pcd
Format = auto
Extension = pcd
Format = auto
Extension = pcd
Format = auto
Extension = pcd
Format = auto
Extension = pcd
Format = auto
Extension = pcd
Format = auto
Extension = pcd
Format = auto
Extension = pcd
Format = auto
Extension = pcd
Format = auto
Extension = pcd
Format = auto
Extension = pcd
Format = auto
Extension = pcd
Format = auto
Extension = pcd

fusion_method=early pred_boxes=20 gt_boxes=43
pred_scores_shape=(20,)
frame=18/41 receiver_sample=12/20 scenario=2026_07_29_02_32_08 timestamp=000094 cavs=[12]
sgcp_constrained receiver=12 policy=all-cavs sources=[12] clusters=20 ra=selective_edgecooper_global_pmax comm_bytes=0 selected_grids={}
fusion_method=early pred_boxes=13 gt_boxes=27
pred_scores_shape=(13,)
frame=18/41 receiver_sample=13/20 scenario=2026_07_29_02_32_08 timestamp=000094 cavs=[13]
sgcp_constrained receiver=13 policy=all-cavs sources=[13] clusters=20 ra=selective_edgecooper_global_pmax comm_bytes=0 selected_grids={}
fusion_method=early pred_boxes=14 gt_boxes=23
pred_scores_shape=(14,)
frame=18/41 receiver_sample=14/20 scenario=2026_07_29_02_32_08 timestamp=000094 cavs=[14]
sgcp_constrained receiver=14 policy=all-cavs sources=[14] clusters=20 ra=selective_edgecooper_global_pmax comm_bytes=0 selected_grids={}
fusion_method=early pred_boxes=5 gt_boxes=8
pred_scores_shape=(5,)
frame=18/41 receiver_sample=15/20 scenario=2026_07_29_02_32_08 timestamp=000094 cavs=[15]
sgcp_constrained receiver=15 policy=all-cavs sources=[15] clusters=20 ra=selective_edgecooper_global_pmax comm_bytes=0 selected_grids={}
fusion_method=early pred_boxes=16 gt_boxes=24
pred_scores_shape=(16,)
frame=18/41 receiver_sample=16/20 scenario=2026_07_29_02_32_08 timestamp=000094 cavs=[16, 17]
sgcp_constrained receiver=16 policy=all-cavs sources=[16, 17] clusters=20 ra=selective_edgecooper_global_pmax comm_bytes=42128 selected_grids={17: 29}
fusion_method=early pred_boxes=31 gt_boxes=40
pred_scores_shape=(31,)
frame=18/41 receiver_sample=17/20 scenario=2026_07_29_02_32_08 timestamp=000094 cavs=[17]
sgcp_constrained receiver=17 policy=all-cavs sources=[17] clusters=20 ra=selective_edgecooper_global_pmax comm_bytes=0 selected_grids={}
fusion_method=early pred_boxes=19 gt_boxes=26
pred_scores_shape=(19,)
frame=18/41 receiver_sample=18/20 scenario=2026_07_29_02_32_08 timestamp=000094 cavs=[18]
sgcp_constrained receiver=18 policy=all-cavs sources=[18] clusters=20 ra=selective_edgecooper_global_pmax comm_bytes=0 selected_grids={}
fusion_method=early pred_boxes=15 gt_boxes=16
pred_scores_shape=(15,)
frame=18/41 receiver_sample=19/20 scenario=2026_07_29_02_32_08 timestamp=000094 cavs=[19]
sgcp_constrained receiver=19 policy=all-cavs sources=[19] clusters=20 ra=selective_edgecooper_global_pmax comm_bytes=0 selected_grids={}
fusion_method=early pred_boxes=16 gt_boxes=29
pred_scores_shape=(16,)
frame=18/41 receiver_sample=20/20 scenario=2026_07_29_02_32_08 timestamp=000094 cavs=[20, 19]
sgcp_constrained receiver=20 policy=all-cavs sources=[20, 19] clusters=20 ra=selective_edgecooper_global_pmax comm_bytes=43552 selected_grids={19: 29}
fusion_method=early pred_boxes=31 gt_boxes=48
pred_scores_shape=(31,)
frame=19/41 receiver_sample=1/20 scenario=2026_07_29_02_32_08 timestamp=000096 cavs=[1]
sgcp_constrained receiver=1 policy=all-cavs sources=[1] clusters=20 ra=selective_edgecooper_global_pmax comm_bytes=0 selected_grids={}
fusion_method=early pred_boxes=23 gt_boxes=42
pred_scores_shape=(23,)
frame=19/41 receiver_sample=2/20 scenario=2026_07_29_02_32_08 timestamp=000096 cavs=[2]
sgcp_constrained receiver=2 policy=all-cavs sources=[2] clusters=20 ra=selective_edgecooper_global_pmax comm_bytes=0 selected_grids={}
fusion_method=early pred_boxes=18 gt_boxes=39
pred_scores_shape=(18,)
frame=19/41 receiver_sample=3/20 scenario=2026_07_29_02_32_08 timestamp=000096 cavs=[3, 18]
sgcp_constrained receiver=3 policy=all-cavs sources=[3, 18] clusters=20 ra=selective_edgecooper_global_pmax comm_bytes=39664 selected_grids={18: 29}
fusion_method=early pred_boxes=20 gt_boxes=25
pred_scores_shape=(20,)
frame=19/41 receiver_sample=4/20 scenario=2026_07_29_02_32_08 timestamp=000096 cavs=[4, 1]
sgcp_constrained receiver=4 policy=all-cavs sources=[4, 1] clusters=20 ra=selective_edgecooper_global_pmax comm_bytes=44368 selected_grids={1: 29}
fusion_method=early pred_boxes=37 gt_boxes=47
pred_scores_shape=(37,)
frame=19/41 receiver_sample=5/20 scenario=2026_07_29_02_32_08 timestamp=000096 cavs=[5]
sgcp_constrained receiver=5 policy=all-cavs sources=[5] clusters=20 ra=selective_edgecooper_global_pmax comm_bytes=0 selected_grids={}
fusion_method=early pred_boxes=18 gt_boxes=38
pred_scores_shape=(18,)
frame=19/41 receiver_sample=6/20 scenario=2026_07_29_02_32_08 timestamp=000096 cavs=[6, 15]
sgcp_constrained receiver=6 policy=all-cavs sources=[6, 15] clusters=20 ra=selective_edgecooper_global_pmax comm_bytes=30432 selected_grids={15: 44}
fusion_method=early pred_boxes=17 gt_boxes=25
pred_scores_shape=(17,)
frame=19/41 receiver_sample=7/20 scenario=2026_07_29_02_32_08 timestamp=000096 cavs=[7, 5]
sgcp_constrained receiver=7 policy=all-cavs sources=[7, 5] clusters=20 ra=selective_edgecooper_global_pmax comm_bytes=31824 selected_grids={5: 29}
fusion_method=early pred_boxes=26 gt_boxes=40
pred_scores_shape=(26,)
frame=19/41 receiver_sample=8/20 scenario=2026_07_29_02_32_08 timestamp=000096 cavs=[8]
sgcp_constrained receiver=8 policy=all-cavs sources=[8] clusters=20 ra=selective_edgecooper_global_pmax comm_bytes=0 selected_grids={}
fusion_method=early pred_boxes=23 gt_boxes=37
pred_scores_shape=(23,)
frame=19/41 receiver_sample=9/20 scenario=2026_07_29_02_32_08 timestamp=000096 cavs=[9]
sgcp_constrained receiver=9 policy=all-cavs sources=[9] clusters=20 ra=selective_edgecooper_global_pmax comm_bytes=0 selected_grids={}
fusion_method=early pred_boxes=20 gt_boxes=39
pred_scores_shape=(20,)
frame=19/41 receiver_sample=10/20 scenario=2026_07_29_02_32_08 timestamp=000096 cavs=[10, 11]
sgcp_constrained receiver=10 policy=all-cavs sources=[10, 11] clusters=20 ra=selective_edgecooper_global_pmax comm_bytes=42496 selected_grids={11: 29}
fusion_method=early pred_boxes=33 gt_boxes=52
pred_scores_shape=(33,)
frame=19/41 receiver_sample=11/20 scenario=2026_07_29_02_32_08 timestamp=000096 cavs=[11]
sgcp_constrained receiver=11 policy=all-cavs sources=[11] clusters=20 ra=selective_edgecooper_global_pmax comm_bytes=0 selected_grids={}
fusion_method=early pred_boxes=21 gt_boxes=42
pred_scores_shape=(21,)
frame=19/41 receiver_sample=12/20 scenario=2026_07_29_02_32_08 timestamp=000096 cavs=[12, 8]
sgcp_constrained receiver=12 policy=all-cavs sources=[12, 8] clusters=20 ra=selective_edgecooper_global_pmax comm_bytes=35744 selected_grids={8: 29}
fusion_method=early pred_boxes=26 gt_boxes=38
pred_scores_shape=(26,)
frame=19/41 receiver_sample=13/20 scenario=2026_07_29_02_32_08 timestamp=000096 cavs=[13, 9]
sgcp_constrained receiver=13 policy=all-cavs sources=[13, 9] clusters=20 ra=selective_edgecooper_global_pmax comm_bytes=25120 selected_grids={9: 29}
fusion_method=early pred_boxes=18 gt_boxes=40
pred_scores_shape=(18,)
frame=19/41 receiver_sample=14/20 scenario=2026_07_29_02_32_08 timestamp=000096 cavs=[14]
sgcp_constrained receiver=14 policy=all-cavs sources=[14] clusters=20 ra=selective_edgecooper_global_pmax comm_bytes=0 selected_grids={}
fusion_method=early pred_boxes=4 gt_boxes=8
pred_scores_shape=(4,)
frame=19/41 receiver_sample=15/20 scenario=2026_07_29_02_32_08 timestamp=000096 cavs=[15]
sgcp_constrained receiver=15 policy=all-cavs sources=[15] clusters=20 ra=selective_edgecooper_global_pmax comm_bytes=0 selected_grids={}
fusion_method=early pred_boxes=16 gt_boxes=24
pred_scores_shape=(16,)
frame=19/41 receiver_sample=16/20 scenario=2026_07_29_02_32_08 timestamp=000096 cavs=[16, 17]
sgcp_constrained receiver=16 policy=all-cavs sources=[16, 17] clusters=20 ra=selective_edgecooper_global_pmax comm_bytes=40736 selected_grids={17: 29}
fusion_method=early pred_boxes=25 gt_boxes=40
pred_scores_shape=(25,)
frame=19/41 receiver_sample=17/20 scenario=2026_07_29_02_32_08 timestamp=000096 cavs=[17]
sgcp_constrained receiver=17 policy=all-cavs sources=[17] clusters=20 ra=selective_edgecooper_global_pmax comm_bytes=0 selected_grids={}
fusion_method=early pred_boxes=20 gt_boxes=27
pred_scores_shape=(20,)
frame=19/41 receiver_sample=18/20 scenario=2026_07_29_02_32_08 timestamp=000096 cavs=[18]
sgcp_constrained receiver=18 policy=all-cavs sources=[18] clusters=20 ra=selective_edgecooper_global_pmax comm_bytes=0 selected_grids={}Format = auto
Extension = pcd
Format = auto
Extension = pcd
Format = auto
Extension = pcd
Format = auto
Extension = pcd
Format = auto
Extension = pcd
Format = auto
Extension = pcd
Format = auto
Extension = pcd
Format = auto
Extension = pcd
Format = auto
Extension = pcd
Format = auto
Extension = pcd
Format = auto
Extension = pcd
Format = auto
Extension = pcd
Format = auto
Extension = pcd
Format = auto
Extension = pcd
Format = auto
Extension = pcd
Format = auto
Extension = pcd
Format = auto
Extension = pcd
Format = auto
Extension = pcd
Format = auto
Extension = pcd
Format = auto
Extension = pcd
Format = auto
Extension = pcd
Format = auto
Extension = pcd
Format = auto
Extension = pcd
Format = auto
Extension = pcd
Format = auto
Extension = pcd
Format = auto
Extension = pcd
Format = auto
Extension = pcd
Format = auto
Extension = pcd
Format = auto
Extension = pcd
Format = auto
Extension = pcd
Format = auto
Extension = pcd
Format = auto
Extension = pcd
Format = auto
Extension = pcd
Format = auto
Extension = pcd
Format = auto
Extension = pcd
Format = auto
Extension = pcd
Format = auto
Extension = pcd
Format = auto
Extension = pcd
Format = auto
Extension = pcd
Format = auto
Extension = pcd

fusion_method=early pred_boxes=14 gt_boxes=16
pred_scores_shape=(14,)
frame=19/41 receiver_sample=19/20 scenario=2026_07_29_02_32_08 timestamp=000096 cavs=[19]
sgcp_constrained receiver=19 policy=all-cavs sources=[19] clusters=20 ra=selective_edgecooper_global_pmax comm_bytes=0 selected_grids={}
fusion_method=early pred_boxes=13 gt_boxes=29
pred_scores_shape=(13,)
frame=19/41 receiver_sample=20/20 scenario=2026_07_29_02_32_08 timestamp=000096 cavs=[20, 19]
sgcp_constrained receiver=20 policy=all-cavs sources=[20, 19] clusters=20 ra=selective_edgecooper_global_pmax comm_bytes=43392 selected_grids={19: 29}
fusion_method=early pred_boxes=27 gt_boxes=48
pred_scores_shape=(27,)
frame=20/41 receiver_sample=1/20 scenario=2026_07_29_02_32_08 timestamp=000098 cavs=[1]
sgcp_constrained receiver=1 policy=all-cavs sources=[1] clusters=20 ra=selective_edgecooper_global_pmax comm_bytes=0 selected_grids={}
fusion_method=early pred_boxes=22 gt_boxes=41
pred_scores_shape=(22,)
frame=20/41 receiver_sample=2/20 scenario=2026_07_29_02_32_08 timestamp=000098 cavs=[2, 15]
sgcp_constrained receiver=2 policy=all-cavs sources=[2, 15] clusters=20 ra=selective_edgecooper_global_pmax comm_bytes=32816 selected_grids={15: 29}
fusion_method=early pred_boxes=24 gt_boxes=44
pred_scores_shape=(24,)
frame=20/41 receiver_sample=3/20 scenario=2026_07_29_02_32_08 timestamp=000098 cavs=[3, 18]
sgcp_constrained receiver=3 policy=all-cavs sources=[3, 18] clusters=20 ra=selective_edgecooper_global_pmax comm_bytes=39536 selected_grids={18: 29}
fusion_method=early pred_boxes=18 gt_boxes=25
pred_scores_shape=(18,)
frame=20/41 receiver_sample=4/20 scenario=2026_07_29_02_32_08 timestamp=000098 cavs=[4, 1]
sgcp_constrained receiver=4 policy=all-cavs sources=[4, 1] clusters=20 ra=selective_edgecooper_global_pmax comm_bytes=44624 selected_grids={1: 29}
fusion_method=early pred_boxes=33 gt_boxes=46
pred_scores_shape=(33,)
frame=20/41 receiver_sample=5/20 scenario=2026_07_29_02_32_08 timestamp=000098 cavs=[5]
sgcp_constrained receiver=5 policy=all-cavs sources=[5] clusters=20 ra=selective_edgecooper_global_pmax comm_bytes=0 selected_grids={}
fusion_method=early pred_boxes=22 gt_boxes=38
pred_scores_shape=(22,)
frame=20/41 receiver_sample=6/20 scenario=2026_07_29_02_32_08 timestamp=000098 cavs=[6]
sgcp_constrained receiver=6 policy=all-cavs sources=[6] clusters=20 ra=selective_edgecooper_global_pmax comm_bytes=0 selected_grids={}
fusion_method=early pred_boxes=14 gt_boxes=17
pred_scores_shape=(14,)
frame=20/41 receiver_sample=7/20 scenario=2026_07_29_02_32_08 timestamp=000098 cavs=[7, 5, 12]
sgcp_constrained receiver=7 policy=all-cavs sources=[7, 5, 12] clusters=20 ra=selective_edgecooper_global_pmax comm_bytes=80336 selected_grids={5: 29, 12: 28}
fusion_method=early pred_boxes=29 gt_boxes=42
pred_scores_shape=(29,)
frame=20/41 receiver_sample=8/20 scenario=2026_07_29_02_32_08 timestamp=000098 cavs=[8]
sgcp_constrained receiver=8 policy=all-cavs sources=[8] clusters=20 ra=selective_edgecooper_global_pmax comm_bytes=0 selected_grids={}
fusion_method=early pred_boxes=23 gt_boxes=37
pred_scores_shape=(23,)
frame=20/41 receiver_sample=9/20 scenario=2026_07_29_02_32_08 timestamp=000098 cavs=[9]
sgcp_constrained receiver=9 policy=all-cavs sources=[9] clusters=20 ra=selective_edgecooper_global_pmax comm_bytes=0 selected_grids={}
fusion_method=early pred_boxes=19 gt_boxes=39
pred_scores_shape=(19,)
frame=20/41 receiver_sample=10/20 scenario=2026_07_29_02_32_08 timestamp=000098 cavs=[10, 8]
sgcp_constrained receiver=10 policy=all-cavs sources=[10, 8] clusters=20 ra=selective_edgecooper_global_pmax comm_bytes=31776 selected_grids={8: 29}
fusion_method=early pred_boxes=28 gt_boxes=48
pred_scores_shape=(28,)
frame=20/41 receiver_sample=11/20 scenario=2026_07_29_02_32_08 timestamp=000098 cavs=[11]
sgcp_constrained receiver=11 policy=all-cavs sources=[11] clusters=20 ra=selective_edgecooper_global_pmax comm_bytes=0 selected_grids={}
fusion_method=early pred_boxes=19 gt_boxes=43
pred_scores_shape=(19,)
frame=20/41 receiver_sample=12/20 scenario=2026_07_29_02_32_08 timestamp=000098 cavs=[12]
sgcp_constrained receiver=12 policy=all-cavs sources=[12] clusters=20 ra=selective_edgecooper_global_pmax comm_bytes=0 selected_grids={}
fusion_method=early pred_boxes=14 gt_boxes=27
pred_scores_shape=(14,)
frame=20/41 receiver_sample=13/20 scenario=2026_07_29_02_32_08 timestamp=000098 cavs=[13, 9]
sgcp_constrained receiver=13 policy=all-cavs sources=[13, 9] clusters=20 ra=selective_edgecooper_global_pmax comm_bytes=25568 selected_grids={9: 29}
fusion_method=early pred_boxes=21 gt_boxes=39
pred_scores_shape=(21,)
frame=20/41 receiver_sample=14/20 scenario=2026_07_29_02_32_08 timestamp=000098 cavs=[14]
sgcp_constrained receiver=14 policy=all-cavs sources=[14] clusters=20 ra=selective_edgecooper_global_pmax comm_bytes=0 selected_grids={}
fusion_method=early pred_boxes=4 gt_boxes=9
pred_scores_shape=(4,)
frame=20/41 receiver_sample=15/20 scenario=2026_07_29_02_32_08 timestamp=000098 cavs=[15]
sgcp_constrained receiver=15 policy=all-cavs sources=[15] clusters=20 ra=selective_edgecooper_global_pmax comm_bytes=0 selected_grids={}
fusion_method=early pred_boxes=15 gt_boxes=23
pred_scores_shape=(15,)
frame=20/41 receiver_sample=16/20 scenario=2026_07_29_02_32_08 timestamp=000098 cavs=[16, 17]
sgcp_constrained receiver=16 policy=all-cavs sources=[16, 17] clusters=20 ra=selective_edgecooper_global_pmax comm_bytes=39888 selected_grids={17: 29}
fusion_method=early pred_boxes=26 gt_boxes=39
pred_scores_shape=(26,)
frame=20/41 receiver_sample=17/20 scenario=2026_07_29_02_32_08 timestamp=000098 cavs=[17]
sgcp_constrained receiver=17 policy=all-cavs sources=[17] clusters=20 ra=selective_edgecooper_global_pmax comm_bytes=0 selected_grids={}
fusion_method=early pred_boxes=21 gt_boxes=28
pred_scores_shape=(21,)
frame=20/41 receiver_sample=18/20 scenario=2026_07_29_02_32_08 timestamp=000098 cavs=[18]
sgcp_constrained receiver=18 policy=all-cavs sources=[18] clusters=20 ra=selective_edgecooper_global_pmax comm_bytes=0 selected_grids={}
fusion_method=early pred_boxes=13 gt_boxes=16
pred_scores_shape=(13,)
frame=20/41 receiver_sample=19/20 scenario=2026_07_29_02_32_08 timestamp=000098 cavs=[19]
sgcp_constrained receiver=19 policy=all-cavs sources=[19] clusters=20 ra=selective_edgecooper_global_pmax comm_bytes=0 selected_grids={}
fusion_method=early pred_boxes=14 gt_boxes=29
pred_scores_shape=(14,)
frame=20/41 receiver_sample=20/20 scenario=2026_07_29_02_32_08 timestamp=000098 cavs=[20, 19]
sgcp_constrained receiver=20 policy=all-cavs sources=[20, 19] clusters=20 ra=selective_edgecooper_global_pmax comm_bytes=43504 selected_grids={19: 29}
fusion_method=early pred_boxes=29 gt_boxes=47
pred_scores_shape=(29,)
frame=21/41 receiver_sample=1/20 scenario=2026_07_29_02_32_08 timestamp=000100 cavs=[1]
sgcp_constrained receiver=1 policy=all-cavs sources=[1] clusters=20 ra=selective_edgecooper_global_pmax comm_bytes=0 selected_grids={}
fusion_method=early pred_boxes=21 gt_boxes=39
pred_scores_shape=(21,)
frame=21/41 receiver_sample=2/20 scenario=2026_07_29_02_32_08 timestamp=000100 cavs=[2, 15]
sgcp_constrained receiver=2 policy=all-cavs sources=[2, 15] clusters=20 ra=selective_edgecooper_global_pmax comm_bytes=32176 selected_grids={15: 29}
fusion_method=early pred_boxes=24 gt_boxes=44
pred_scores_shape=(24,)
frame=21/41 receiver_sample=3/20 scenario=2026_07_29_02_32_08 timestamp=000100 cavs=[3, 16, 18]
sgcp_constrained receiver=3 policy=all-cavs sources=[3, 16, 18] clusters=20 ra=selective_edgecooper_global_pmax comm_bytes=83200 selected_grids={16: 29, 18: 29}
fusion_method=early pred_boxes=28 gt_boxes=38
pred_scores_shape=(28,)
frame=21/41 receiver_sample=4/20 scenario=2026_07_29_02_32_08 timestamp=000100 cavs=[4, 1]
sgcp_constrained receiver=4 policy=all-cavs sources=[4, 1] clusters=20 ra=selective_edgecooper_global_pmax comm_bytes=44864 selected_grids={1: 29}
fusion_method=early pred_boxes=35 gt_boxes=46
pred_scores_shape=(35,)
frame=21/41 receiver_sample=5/20 scenario=2026_07_29_02_32_08 timestamp=000100 cavs=[5]
sgcp_constrained receiver=5 policy=all-cavs sources=[5] clusters=20 ra=selective_edgecooper_global_pmax comm_bytes=0 selected_grids={}Format = auto
Extension = pcd
Format = auto
Extension = pcd
Format = auto
Extension = pcd
Format = auto
Extension = pcd
Format = auto
Extension = pcd
Format = auto
Extension = pcd
Format = auto
Extension = pcd
Format = auto
Extension = pcd
Format = auto
Extension = pcd
Format = auto
Extension = pcd
Format = auto
Extension = pcd
Format = auto
Extension = pcd
Format = auto
Extension = pcd
Format = auto
Extension = pcd
Format = auto
Extension = pcd
Format = auto
Extension = pcd
Format = auto
Extension = pcd
Format = auto
Extension = pcd
Format = auto
Extension = pcd
Format = auto
Extension = pcd

fusion_method=early pred_boxes=22 gt_boxes=39
pred_scores_shape=(22,)
frame=21/41 receiver_sample=6/20 scenario=2026_07_29_02_32_08 timestamp=000100 cavs=[6]
sgcp_constrained receiver=6 policy=all-cavs sources=[6] clusters=20 ra=selective_edgecooper_global_pmax comm_bytes=0 selected_grids={}
fusion_method=early pred_boxes=14 gt_boxes=17
pred_scores_shape=(14,)
frame=21/41 receiver_sample=7/20 scenario=2026_07_29_02_32_08 timestamp=000100 cavs=[7, 5, 12]
sgcp_constrained receiver=7 policy=all-cavs sources=[7, 5, 12] clusters=20 ra=selective_edgecooper_global_pmax comm_bytes=80176 selected_grids={5: 29, 12: 28}
fusion_method=early pred_boxes=31 gt_boxes=44
pred_scores_shape=(31,)
frame=21/41 receiver_sample=8/20 scenario=2026_07_29_02_32_08 timestamp=000100 cavs=[8]
sgcp_constrained receiver=8 policy=all-cavs sources=[8] clusters=20 ra=selective_edgecooper_global_pmax comm_bytes=0 selected_grids={}
fusion_method=early pred_boxes=25 gt_boxes=38
pred_scores_shape=(25,)
frame=21/41 receiver_sample=9/20 scenario=2026_07_29_02_32_08 timestamp=000100 cavs=[9]
sgcp_constrained receiver=9 policy=all-cavs sources=[9] clusters=20 ra=selective_edgecooper_global_pmax comm_bytes=0 selected_grids={}
fusion_method=early pred_boxes=17 gt_boxes=37
pred_scores_shape=(17,)
frame=21/41 receiver_sample=10/20 scenario=2026_07_29_02_32_08 timestamp=000100 cavs=[10, 8]
sgcp_constrained receiver=10 policy=all-cavs sources=[10, 8] clusters=20 ra=selective_edgecooper_global_pmax comm_bytes=31376 selected_grids={8: 29}
fusion_method=early pred_boxes=28 gt_boxes=48
pred_scores_shape=(28,)
frame=21/41 receiver_sample=11/20 scenario=2026_07_29_02_32_08 timestamp=000100 cavs=[11]
sgcp_constrained receiver=11 policy=all-cavs sources=[11] clusters=20 ra=selective_edgecooper_global_pmax comm_bytes=0 selected_grids={}
fusion_method=early pred_boxes=19 gt_boxes=44
pred_scores_shape=(19,)
frame=21/41 receiver_sample=12/20 scenario=2026_07_29_02_32_08 timestamp=000100 cavs=[12]
sgcp_constrained receiver=12 policy=all-cavs sources=[12] clusters=20 ra=selective_edgecooper_global_pmax comm_bytes=0 selected_grids={}
fusion_method=early pred_boxes=15 gt_boxes=25
pred_scores_shape=(15,)
frame=21/41 receiver_sample=13/20 scenario=2026_07_29_02_32_08 timestamp=000100 cavs=[13, 9]
sgcp_constrained receiver=13 policy=all-cavs sources=[13, 9] clusters=20 ra=selective_edgecooper_global_pmax comm_bytes=26688 selected_grids={9: 29}
fusion_method=early pred_boxes=21 gt_boxes=39
pred_scores_shape=(21,)
frame=21/41 receiver_sample=14/20 scenario=2026_07_29_02_32_08 timestamp=000100 cavs=[14]
sgcp_constrained receiver=14 policy=all-cavs sources=[14] clusters=20 ra=selective_edgecooper_global_pmax comm_bytes=0 selected_grids={}
fusion_method=early pred_boxes=4 gt_boxes=8
pred_scores_shape=(4,)
frame=21/41 receiver_sample=15/20 scenario=2026_07_29_02_32_08 timestamp=000100 cavs=[15]
sgcp_constrained receiver=15 policy=all-cavs sources=[15] clusters=20 ra=selective_edgecooper_global_pmax comm_bytes=0 selected_grids={}
fusion_method=early pred_boxes=15 gt_boxes=25
pred_scores_shape=(15,)
frame=21/41 receiver_sample=16/20 scenario=2026_07_29_02_32_08 timestamp=000100 cavs=[16]
sgcp_constrained receiver=16 policy=all-cavs sources=[16] clusters=20 ra=selective_edgecooper_global_pmax comm_bytes=0 selected_grids={}
fusion_method=early pred_boxes=25 gt_boxes=33
pred_scores_shape=(25,)
frame=21/41 receiver_sample=17/20 scenario=2026_07_29_02_32_08 timestamp=000100 cavs=[17]
sgcp_constrained receiver=17 policy=all-cavs sources=[17] clusters=20 ra=selective_edgecooper_global_pmax comm_bytes=0 selected_grids={}
fusion_method=early pred_boxes=20 gt_boxes=26
pred_scores_shape=(20,)
frame=21/41 receiver_sample=18/20 scenario=2026_07_29_02_32_08 timestamp=000100 cavs=[18]
sgcp_constrained receiver=18 policy=all-cavs sources=[18] clusters=20 ra=selective_edgecooper_global_pmax comm_bytes=0 selected_grids={}
fusion_method=early pred_boxes=12 gt_boxes=15
pred_scores_shape=(12,)
frame=21/41 receiver_sample=19/20 scenario=2026_07_29_02_32_08 timestamp=000100 cavs=[19]
sgcp_constrained receiver=19 policy=all-cavs sources=[19] clusters=20 ra=selective_edgecooper_global_pmax comm_bytes=0 selected_grids={}
fusion_method=early pred_boxes=14 gt_boxes=29
pred_scores_shape=(14,)
frame=21/41 receiver_sample=20/20 scenario=2026_07_29_02_32_08 timestamp=000100 cavs=[20, 17, 19]
sgcp_constrained receiver=20 policy=all-cavs sources=[20, 17, 19] clusters=20 ra=selective_edgecooper_global_pmax comm_bytes=96752 selected_grids={17: 29, 19: 29}
fusion_method=early pred_boxes=37 gt_boxes=55
pred_scores_shape=(37,)
frame=22/41 receiver_sample=1/20 scenario=2026_07_29_02_32_08 timestamp=000102 cavs=[1]
sgcp_constrained receiver=1 policy=all-cavs sources=[1] clusters=20 ra=selective_edgecooper_global_pmax comm_bytes=0 selected_grids={}
fusion_method=early pred_boxes=23 gt_boxes=40
pred_scores_shape=(23,)
frame=22/41 receiver_sample=2/20 scenario=2026_07_29_02_32_08 timestamp=000102 cavs=[2, 15]
sgcp_constrained receiver=2 policy=all-cavs sources=[2, 15] clusters=20 ra=selective_edgecooper_global_pmax comm_bytes=32000 selected_grids={15: 29}
fusion_method=early pred_boxes=25 gt_boxes=44
pred_scores_shape=(25,)
frame=22/41 receiver_sample=3/20 scenario=2026_07_29_02_32_08 timestamp=000102 cavs=[3, 16, 18]
sgcp_constrained receiver=3 policy=all-cavs sources=[3, 16, 18] clusters=20 ra=selective_edgecooper_global_pmax comm_bytes=82944 selected_grids={16: 29, 18: 29}
fusion_method=early pred_boxes=29 gt_boxes=39
pred_scores_shape=(29,)
frame=22/41 receiver_sample=4/20 scenario=2026_07_29_02_32_08 timestamp=000102 cavs=[4, 1]
sgcp_constrained receiver=4 policy=all-cavs sources=[4, 1] clusters=20 ra=selective_edgecooper_global_pmax comm_bytes=45168 selected_grids={1: 29}
fusion_method=early pred_boxes=30 gt_boxes=45
pred_scores_shape=(30,)
frame=22/41 receiver_sample=5/20 scenario=2026_07_29_02_32_08 timestamp=000102 cavs=[5]
sgcp_constrained receiver=5 policy=all-cavs sources=[5] clusters=20 ra=selective_edgecooper_global_pmax comm_bytes=0 selected_grids={}
fusion_method=early pred_boxes=21 gt_boxes=39
pred_scores_shape=(21,)
frame=22/41 receiver_sample=6/20 scenario=2026_07_29_02_32_08 timestamp=000102 cavs=[6]
sgcp_constrained receiver=6 policy=all-cavs sources=[6] clusters=20 ra=selective_edgecooper_global_pmax comm_bytes=0 selected_grids={}
fusion_method=early pred_boxes=14 gt_boxes=17
pred_scores_shape=(14,)
frame=22/41 receiver_sample=7/20 scenario=2026_07_29_02_32_08 timestamp=000102 cavs=[7, 5, 12]
sgcp_constrained receiver=7 policy=all-cavs sources=[7, 5, 12] clusters=20 ra=selective_edgecooper_global_pmax comm_bytes=80544 selected_grids={5: 29, 12: 28}
fusion_method=early pred_boxes=31 gt_boxes=44
pred_scores_shape=(31,)
frame=22/41 receiver_sample=8/20 scenario=2026_07_29_02_32_08 timestamp=000102 cavs=[8]
sgcp_constrained receiver=8 policy=all-cavs sources=[8] clusters=20 ra=selective_edgecooper_global_pmax comm_bytes=0 selected_grids={}
fusion_method=early pred_boxes=24 gt_boxes=38
pred_scores_shape=(24,)
frame=22/41 receiver_sample=9/20 scenario=2026_07_29_02_32_08 timestamp=000102 cavs=[9]
sgcp_constrained receiver=9 policy=all-cavs sources=[9] clusters=20 ra=selective_edgecooper_global_pmax comm_bytes=0 selected_grids={}
fusion_method=early pred_boxes=19 gt_boxes=37
pred_scores_shape=(19,)
frame=22/41 receiver_sample=10/20 scenario=2026_07_29_02_32_08 timestamp=000102 cavs=[10, 8]
sgcp_constrained receiver=10 policy=all-cavs sources=[10, 8] clusters=20 ra=selective_edgecooper_global_pmax comm_bytes=31536 selected_grids={8: 29}
fusion_method=early pred_boxes=27 gt_boxes=48
pred_scores_shape=(27,)
frame=22/41 receiver_sample=11/20 scenario=2026_07_29_02_32_08 timestamp=000102 cavs=[11]
sgcp_constrained receiver=11 policy=all-cavs sources=[11] clusters=20 ra=selective_edgecooper_global_pmax comm_bytes=0 selected_grids={}
fusion_method=early pred_boxes=20 gt_boxes=43
pred_scores_shape=(20,)
frame=22/41 receiver_sample=12/20 scenario=2026_07_29_02_32_08 timestamp=000102 cavs=[12]
sgcp_constrained receiver=12 policy=all-cavs sources=[12] clusters=20 ra=selective_edgecooper_global_pmax comm_bytes=0 selected_grids={}Format = auto
Extension = pcd
Format = auto
Extension = pcd
Format = auto
Extension = pcd
Format = auto
Extension = pcd
Format = auto
Extension = pcd
Format = auto
Extension = pcd
Format = auto
Extension = pcd
Format = auto
Extension = pcd
Format = auto
Extension = pcd
Format = auto
Extension = pcd
Format = auto
Extension = pcd
Format = auto
Extension = pcd
Format = auto
Extension = pcd
Format = auto
Extension = pcd
Format = auto
Extension = pcd
Format = auto
Extension = pcd
Format = auto
Extension = pcd
Format = auto
Extension = pcd
Format = auto
Extension = pcd
Format = auto
Extension = pcd

fusion_method=early pred_boxes=15 gt_boxes=26
pred_scores_shape=(15,)
frame=22/41 receiver_sample=13/20 scenario=2026_07_29_02_32_08 timestamp=000102 cavs=[13, 9]
sgcp_constrained receiver=13 policy=all-cavs sources=[13, 9] clusters=20 ra=selective_edgecooper_global_pmax comm_bytes=27248 selected_grids={9: 29}
fusion_method=early pred_boxes=20 gt_boxes=39
pred_scores_shape=(20,)
frame=22/41 receiver_sample=14/20 scenario=2026_07_29_02_32_08 timestamp=000102 cavs=[14]
sgcp_constrained receiver=14 policy=all-cavs sources=[14] clusters=20 ra=selective_edgecooper_global_pmax comm_bytes=0 selected_grids={}
fusion_method=early pred_boxes=5 gt_boxes=8
pred_scores_shape=(5,)
frame=22/41 receiver_sample=15/20 scenario=2026_07_29_02_32_08 timestamp=000102 cavs=[15]
sgcp_constrained receiver=15 policy=all-cavs sources=[15] clusters=20 ra=selective_edgecooper_global_pmax comm_bytes=0 selected_grids={}
fusion_method=early pred_boxes=15 gt_boxes=25
pred_scores_shape=(15,)
frame=22/41 receiver_sample=16/20 scenario=2026_07_29_02_32_08 timestamp=000102 cavs=[16]
sgcp_constrained receiver=16 policy=all-cavs sources=[16] clusters=20 ra=selective_edgecooper_global_pmax comm_bytes=0 selected_grids={}
fusion_method=early pred_boxes=21 gt_boxes=34
pred_scores_shape=(21,)
frame=22/41 receiver_sample=17/20 scenario=2026_07_29_02_32_08 timestamp=000102 cavs=[17]
sgcp_constrained receiver=17 policy=all-cavs sources=[17] clusters=20 ra=selective_edgecooper_global_pmax comm_bytes=0 selected_grids={}
fusion_method=early pred_boxes=19 gt_boxes=27
pred_scores_shape=(19,)
frame=22/41 receiver_sample=18/20 scenario=2026_07_29_02_32_08 timestamp=000102 cavs=[18]
sgcp_constrained receiver=18 policy=all-cavs sources=[18] clusters=20 ra=selective_edgecooper_global_pmax comm_bytes=0 selected_grids={}
fusion_method=early pred_boxes=11 gt_boxes=14
pred_scores_shape=(11,)
frame=22/41 receiver_sample=19/20 scenario=2026_07_29_02_32_08 timestamp=000102 cavs=[19]
sgcp_constrained receiver=19 policy=all-cavs sources=[19] clusters=20 ra=selective_edgecooper_global_pmax comm_bytes=0 selected_grids={}
fusion_method=early pred_boxes=15 gt_boxes=30
pred_scores_shape=(15,)
frame=22/41 receiver_sample=20/20 scenario=2026_07_29_02_32_08 timestamp=000102 cavs=[20, 17, 19]
sgcp_constrained receiver=20 policy=all-cavs sources=[20, 17, 19] clusters=20 ra=selective_edgecooper_global_pmax comm_bytes=96288 selected_grids={17: 29, 19: 29}
fusion_method=early pred_boxes=34 gt_boxes=54
pred_scores_shape=(34,)
frame=23/41 receiver_sample=1/20 scenario=2026_07_29_02_32_08 timestamp=000104 cavs=[1]
sgcp_constrained receiver=1 policy=all-cavs sources=[1] clusters=20 ra=selective_edgecooper_global_pmax comm_bytes=0 selected_grids={}
fusion_method=early pred_boxes=22 gt_boxes=41
pred_scores_shape=(22,)
frame=23/41 receiver_sample=2/20 scenario=2026_07_29_02_32_08 timestamp=000104 cavs=[2, 15]
sgcp_constrained receiver=2 policy=all-cavs sources=[2, 15] clusters=20 ra=selective_edgecooper_global_pmax comm_bytes=32112 selected_grids={15: 29}
fusion_method=early pred_boxes=27 gt_boxes=44
pred_scores_shape=(27,)
frame=23/41 receiver_sample=3/20 scenario=2026_07_29_02_32_08 timestamp=000104 cavs=[3, 16, 18]
sgcp_constrained receiver=3 policy=all-cavs sources=[3, 16, 18] clusters=20 ra=selective_edgecooper_global_pmax comm_bytes=82752 selected_grids={16: 29, 18: 29}
fusion_method=early pred_boxes=26 gt_boxes=39
pred_scores_shape=(26,)
frame=23/41 receiver_sample=4/20 scenario=2026_07_29_02_32_08 timestamp=000104 cavs=[4, 1]
sgcp_constrained receiver=4 policy=all-cavs sources=[4, 1] clusters=20 ra=selective_edgecooper_global_pmax comm_bytes=45904 selected_grids={1: 29}
fusion_method=early pred_boxes=32 gt_boxes=46
pred_scores_shape=(32,)
frame=23/41 receiver_sample=5/20 scenario=2026_07_29_02_32_08 timestamp=000104 cavs=[5]
sgcp_constrained receiver=5 policy=all-cavs sources=[5] clusters=20 ra=selective_edgecooper_global_pmax comm_bytes=0 selected_grids={}
fusion_method=early pred_boxes=21 gt_boxes=39
pred_scores_shape=(21,)
frame=23/41 receiver_sample=6/20 scenario=2026_07_29_02_32_08 timestamp=000104 cavs=[6]
sgcp_constrained receiver=6 policy=all-cavs sources=[6] clusters=20 ra=selective_edgecooper_global_pmax comm_bytes=0 selected_grids={}
fusion_method=early pred_boxes=15 gt_boxes=17
pred_scores_shape=(15,)
frame=23/41 receiver_sample=7/20 scenario=2026_07_29_02_32_08 timestamp=000104 cavs=[7, 5, 12]
sgcp_constrained receiver=7 policy=all-cavs sources=[7, 5, 12] clusters=20 ra=selective_edgecooper_global_pmax comm_bytes=80672 selected_grids={5: 29, 12: 28}
fusion_method=early pred_boxes=31 gt_boxes=45
pred_scores_shape=(31,)
frame=23/41 receiver_sample=8/20 scenario=2026_07_29_02_32_08 timestamp=000104 cavs=[8]
sgcp_constrained receiver=8 policy=all-cavs sources=[8] clusters=20 ra=selective_edgecooper_global_pmax comm_bytes=0 selected_grids={}
fusion_method=early pred_boxes=25 gt_boxes=38
pred_scores_shape=(25,)
frame=23/41 receiver_sample=9/20 scenario=2026_07_29_02_32_08 timestamp=000104 cavs=[9]
sgcp_constrained receiver=9 policy=all-cavs sources=[9] clusters=20 ra=selective_edgecooper_global_pmax comm_bytes=0 selected_grids={}
fusion_method=early pred_boxes=18 gt_boxes=37
pred_scores_shape=(18,)
frame=23/41 receiver_sample=10/20 scenario=2026_07_29_02_32_08 timestamp=000104 cavs=[10, 8]
sgcp_constrained receiver=10 policy=all-cavs sources=[10, 8] clusters=20 ra=selective_edgecooper_global_pmax comm_bytes=31232 selected_grids={8: 29}
fusion_method=early pred_boxes=27 gt_boxes=48
pred_scores_shape=(27,)
frame=23/41 receiver_sample=11/20 scenario=2026_07_29_02_32_08 timestamp=000104 cavs=[11]
sgcp_constrained receiver=11 policy=all-cavs sources=[11] clusters=20 ra=selective_edgecooper_global_pmax comm_bytes=0 selected_grids={}
fusion_method=early pred_boxes=18 gt_boxes=43
pred_scores_shape=(18,)
frame=23/41 receiver_sample=12/20 scenario=2026_07_29_02_32_08 timestamp=000104 cavs=[12]
sgcp_constrained receiver=12 policy=all-cavs sources=[12] clusters=20 ra=selective_edgecooper_global_pmax comm_bytes=0 selected_grids={}
fusion_method=early pred_boxes=15 gt_boxes=24
pred_scores_shape=(15,)
frame=23/41 receiver_sample=13/20 scenario=2026_07_29_02_32_08 timestamp=000104 cavs=[13, 9]
sgcp_constrained receiver=13 policy=all-cavs sources=[13, 9] clusters=20 ra=selective_edgecooper_global_pmax comm_bytes=27824 selected_grids={9: 29}
fusion_method=early pred_boxes=19 gt_boxes=38
pred_scores_shape=(19,)
frame=23/41 receiver_sample=14/20 scenario=2026_07_29_02_32_08 timestamp=000104 cavs=[14]
sgcp_constrained receiver=14 policy=all-cavs sources=[14] clusters=20 ra=selective_edgecooper_global_pmax comm_bytes=0 selected_grids={}
fusion_method=early pred_boxes=4 gt_boxes=8
pred_scores_shape=(4,)
frame=23/41 receiver_sample=15/20 scenario=2026_07_29_02_32_08 timestamp=000104 cavs=[15]
sgcp_constrained receiver=15 policy=all-cavs sources=[15] clusters=20 ra=selective_edgecooper_global_pmax comm_bytes=0 selected_grids={}
fusion_method=early pred_boxes=15 gt_boxes=25
pred_scores_shape=(15,)
frame=23/41 receiver_sample=16/20 scenario=2026_07_29_02_32_08 timestamp=000104 cavs=[16]
sgcp_constrained receiver=16 policy=all-cavs sources=[16] clusters=20 ra=selective_edgecooper_global_pmax comm_bytes=0 selected_grids={}
fusion_method=early pred_boxes=20 gt_boxes=33
pred_scores_shape=(20,)
frame=23/41 receiver_sample=17/20 scenario=2026_07_29_02_32_08 timestamp=000104 cavs=[17]
sgcp_constrained receiver=17 policy=all-cavs sources=[17] clusters=20 ra=selective_edgecooper_global_pmax comm_bytes=0 selected_grids={}
fusion_method=early pred_boxes=21 gt_boxes=27
pred_scores_shape=(21,)
frame=23/41 receiver_sample=18/20 scenario=2026_07_29_02_32_08 timestamp=000104 cavs=[18]
sgcp_constrained receiver=18 policy=all-cavs sources=[18] clusters=20 ra=selective_edgecooper_global_pmax comm_bytes=0 selected_grids={}
fusion_method=early pred_boxes=12 gt_boxes=14
pred_scores_shape=(12,)
frame=23/41 receiver_sample=19/20 scenario=2026_07_29_02_32_08 timestamp=000104 cavs=[19]
sgcp_constrained receiver=19 policy=all-cavs sources=[19] clusters=20 ra=selective_edgecooper_global_pmax comm_bytes=0 selected_grids={}Format = auto
Extension = pcd
Format = auto
Extension = pcd
Format = auto
Extension = pcd
Format = auto
Extension = pcd
Format = auto
Extension = pcd
Format = auto
Extension = pcd
Format = auto
Extension = pcd
Format = auto
Extension = pcd
Format = auto
Extension = pcd
Format = auto
Extension = pcd
Format = auto
Extension = pcd
Format = auto
Extension = pcd
Format = auto
Extension = pcd
Format = auto
Extension = pcd
Format = auto
Extension = pcd
Format = auto
Extension = pcd
Format = auto
Extension = pcd
Format = auto
Extension = pcd
Format = auto
Extension = pcd
Format = auto
Extension = pcd
Format = auto
Extension = pcd
Format = auto
Extension = pcd
Format = auto
Extension = pcd
Format = auto
Extension = pcd
Format = auto
Extension = pcd
Format = auto
Extension = pcd
Format = auto
Extension = pcd
Format = auto
Extension = pcd
Format = auto
Extension = pcd
Format = auto
Extension = pcd
Format = auto
Extension = pcd
Format = auto
Extension = pcd
Format = auto
Extension = pcd
Format = auto
Extension = pcd
Format = auto
Extension = pcd
Format = auto
Extension = pcd
Format = auto
Extension = pcd
Format = auto
Extension = pcd
Format = auto
Extension = pcd
Format = auto
Extension = pcd

fusion_method=early pred_boxes=18 gt_boxes=29
pred_scores_shape=(18,)
frame=23/41 receiver_sample=20/20 scenario=2026_07_29_02_32_08 timestamp=000104 cavs=[20, 17, 19]
sgcp_constrained receiver=20 policy=all-cavs sources=[20, 17, 19] clusters=20 ra=selective_edgecooper_global_pmax comm_bytes=95936 selected_grids={17: 29, 19: 29}
fusion_method=early pred_boxes=33 gt_boxes=54
pred_scores_shape=(33,)
frame=24/41 receiver_sample=1/20 scenario=2026_07_29_02_32_08 timestamp=000106 cavs=[1]
sgcp_constrained receiver=1 policy=all-cavs sources=[1] clusters=20 ra=selective_edgecooper_global_pmax comm_bytes=0 selected_grids={}
fusion_method=early pred_boxes=22 gt_boxes=39
pred_scores_shape=(22,)
frame=24/41 receiver_sample=2/20 scenario=2026_07_29_02_32_08 timestamp=000106 cavs=[2, 15]
sgcp_constrained receiver=2 policy=all-cavs sources=[2, 15] clusters=20 ra=selective_edgecooper_global_pmax comm_bytes=32416 selected_grids={15: 29}
fusion_method=early pred_boxes=26 gt_boxes=44
pred_scores_shape=(26,)
frame=24/41 receiver_sample=3/20 scenario=2026_07_29_02_32_08 timestamp=000106 cavs=[3, 16, 18]
sgcp_constrained receiver=3 policy=all-cavs sources=[3, 16, 18] clusters=20 ra=selective_edgecooper_global_pmax comm_bytes=81984 selected_grids={16: 29, 18: 29}
fusion_method=early pred_boxes=25 gt_boxes=38
pred_scores_shape=(25,)
frame=24/41 receiver_sample=4/20 scenario=2026_07_29_02_32_08 timestamp=000106 cavs=[4, 1]
sgcp_constrained receiver=4 policy=all-cavs sources=[4, 1] clusters=20 ra=selective_edgecooper_global_pmax comm_bytes=45392 selected_grids={1: 29}
fusion_method=early pred_boxes=30 gt_boxes=43
pred_scores_shape=(30,)
frame=24/41 receiver_sample=5/20 scenario=2026_07_29_02_32_08 timestamp=000106 cavs=[5]
sgcp_constrained receiver=5 policy=all-cavs sources=[5] clusters=20 ra=selective_edgecooper_global_pmax comm_bytes=0 selected_grids={}
fusion_method=early pred_boxes=19 gt_boxes=38
pred_scores_shape=(19,)
frame=24/41 receiver_sample=6/20 scenario=2026_07_29_02_32_08 timestamp=000106 cavs=[6]
sgcp_constrained receiver=6 policy=all-cavs sources=[6] clusters=20 ra=selective_edgecooper_global_pmax comm_bytes=0 selected_grids={}
fusion_method=early pred_boxes=15 gt_boxes=17
pred_scores_shape=(15,)
frame=24/41 receiver_sample=7/20 scenario=2026_07_29_02_32_08 timestamp=000106 cavs=[7, 5]
sgcp_constrained receiver=7 policy=all-cavs sources=[7, 5] clusters=20 ra=selective_edgecooper_global_pmax comm_bytes=30464 selected_grids={5: 29}
fusion_method=early pred_boxes=26 gt_boxes=43
pred_scores_shape=(26,)
frame=24/41 receiver_sample=8/20 scenario=2026_07_29_02_32_08 timestamp=000106 cavs=[8]
sgcp_constrained receiver=8 policy=all-cavs sources=[8] clusters=20 ra=selective_edgecooper_global_pmax comm_bytes=0 selected_grids={}
fusion_method=early pred_boxes=24 gt_boxes=39
pred_scores_shape=(24,)
frame=24/41 receiver_sample=9/20 scenario=2026_07_29_02_32_08 timestamp=000106 cavs=[9]
sgcp_constrained receiver=9 policy=all-cavs sources=[9] clusters=20 ra=selective_edgecooper_global_pmax comm_bytes=0 selected_grids={}
fusion_method=early pred_boxes=19 gt_boxes=37
pred_scores_shape=(19,)
frame=24/41 receiver_sample=10/20 scenario=2026_07_29_02_32_08 timestamp=000106 cavs=[10, 11]
sgcp_constrained receiver=10 policy=all-cavs sources=[10, 11] clusters=20 ra=selective_edgecooper_global_pmax comm_bytes=42048 selected_grids={11: 29}
fusion_method=early pred_boxes=30 gt_boxes=49
pred_scores_shape=(30,)
frame=24/41 receiver_sample=11/20 scenario=2026_07_29_02_32_08 timestamp=000106 cavs=[11]
sgcp_constrained receiver=11 policy=all-cavs sources=[11] clusters=20 ra=selective_edgecooper_global_pmax comm_bytes=0 selected_grids={}
fusion_method=early pred_boxes=18 gt_boxes=42
pred_scores_shape=(18,)
frame=24/41 receiver_sample=12/20 scenario=2026_07_29_02_32_08 timestamp=000106 cavs=[12, 8]
sgcp_constrained receiver=12 policy=all-cavs sources=[12, 8] clusters=20 ra=selective_edgecooper_global_pmax comm_bytes=35568 selected_grids={8: 29}
fusion_method=early pred_boxes=25 gt_boxes=36
pred_scores_shape=(25,)
frame=24/41 receiver_sample=13/20 scenario=2026_07_29_02_32_08 timestamp=000106 cavs=[13, 9]
sgcp_constrained receiver=13 policy=all-cavs sources=[13, 9] clusters=20 ra=selective_edgecooper_global_pmax comm_bytes=28256 selected_grids={9: 29}
fusion_method=early pred_boxes=17 gt_boxes=38
pred_scores_shape=(17,)
frame=24/41 receiver_sample=14/20 scenario=2026_07_29_02_32_08 timestamp=000106 cavs=[14]
sgcp_constrained receiver=14 policy=all-cavs sources=[14] clusters=20 ra=selective_edgecooper_global_pmax comm_bytes=0 selected_grids={}
fusion_method=early pred_boxes=4 gt_boxes=8
pred_scores_shape=(4,)
frame=24/41 receiver_sample=15/20 scenario=2026_07_29_02_32_08 timestamp=000106 cavs=[15]
sgcp_constrained receiver=15 policy=all-cavs sources=[15] clusters=20 ra=selective_edgecooper_global_pmax comm_bytes=0 selected_grids={}
fusion_method=early pred_boxes=15 gt_boxes=25
pred_scores_shape=(15,)
frame=24/41 receiver_sample=16/20 scenario=2026_07_29_02_32_08 timestamp=000106 cavs=[16]
sgcp_constrained receiver=16 policy=all-cavs sources=[16] clusters=20 ra=selective_edgecooper_global_pmax comm_bytes=0 selected_grids={}
fusion_method=early pred_boxes=21 gt_boxes=33
pred_scores_shape=(21,)
frame=24/41 receiver_sample=17/20 scenario=2026_07_29_02_32_08 timestamp=000106 cavs=[17]
sgcp_constrained receiver=17 policy=all-cavs sources=[17] clusters=20 ra=selective_edgecooper_global_pmax comm_bytes=0 selected_grids={}
fusion_method=early pred_boxes=19 gt_boxes=27
pred_scores_shape=(19,)
frame=24/41 receiver_sample=18/20 scenario=2026_07_29_02_32_08 timestamp=000106 cavs=[18]
sgcp_constrained receiver=18 policy=all-cavs sources=[18] clusters=20 ra=selective_edgecooper_global_pmax comm_bytes=0 selected_grids={}
fusion_method=early pred_boxes=12 gt_boxes=14
pred_scores_shape=(12,)
frame=24/41 receiver_sample=19/20 scenario=2026_07_29_02_32_08 timestamp=000106 cavs=[19]
sgcp_constrained receiver=19 policy=all-cavs sources=[19] clusters=20 ra=selective_edgecooper_global_pmax comm_bytes=0 selected_grids={}
fusion_method=early pred_boxes=18 gt_boxes=30
pred_scores_shape=(18,)
frame=24/41 receiver_sample=20/20 scenario=2026_07_29_02_32_08 timestamp=000106 cavs=[20, 17, 19]
sgcp_constrained receiver=20 policy=all-cavs sources=[20, 17, 19] clusters=20 ra=selective_edgecooper_global_pmax comm_bytes=95648 selected_grids={17: 29, 19: 29}
fusion_method=early pred_boxes=35 gt_boxes=53
pred_scores_shape=(35,)
frame=25/41 receiver_sample=1/20 scenario=2026_07_29_02_32_08 timestamp=000108 cavs=[1]
sgcp_constrained receiver=1 policy=all-cavs sources=[1] clusters=20 ra=selective_edgecooper_global_pmax comm_bytes=0 selected_grids={}
fusion_method=early pred_boxes=21 gt_boxes=41
pred_scores_shape=(21,)
frame=25/41 receiver_sample=2/20 scenario=2026_07_29_02_32_08 timestamp=000108 cavs=[2, 15]
sgcp_constrained receiver=2 policy=all-cavs sources=[2, 15] clusters=20 ra=selective_edgecooper_global_pmax comm_bytes=32816 selected_grids={15: 29}
fusion_method=early pred_boxes=26 gt_boxes=44
pred_scores_shape=(26,)
frame=25/41 receiver_sample=3/20 scenario=2026_07_29_02_32_08 timestamp=000108 cavs=[3, 16, 18]
sgcp_constrained receiver=3 policy=all-cavs sources=[3, 16, 18] clusters=20 ra=selective_edgecooper_global_pmax comm_bytes=83024 selected_grids={16: 29, 18: 29}
fusion_method=early pred_boxes=24 gt_boxes=39
pred_scores_shape=(24,)
frame=25/41 receiver_sample=4/20 scenario=2026_07_29_02_32_08 timestamp=000108 cavs=[4, 1]
sgcp_constrained receiver=4 policy=all-cavs sources=[4, 1] clusters=20 ra=selective_edgecooper_global_pmax comm_bytes=45392 selected_grids={1: 29}
fusion_method=early pred_boxes=30 gt_boxes=45
pred_scores_shape=(30,)
frame=25/41 receiver_sample=5/20 scenario=2026_07_29_02_32_08 timestamp=000108 cavs=[5]
sgcp_constrained receiver=5 policy=all-cavs sources=[5] clusters=20 ra=selective_edgecooper_global_pmax comm_bytes=0 selected_grids={}
fusion_method=early pred_boxes=22 gt_boxes=40
pred_scores_shape=(22,)
frame=25/41 receiver_sample=6/20 scenario=2026_07_29_02_32_08 timestamp=000108 cavs=[6]Format = auto
Extension = pcd
Format = auto
Extension = pcd
Format = auto
Extension = pcd
Format = auto
Extension = pcd
Format = auto
Extension = pcd
Format = auto
Extension = pcd
Format = auto
Extension = pcd
Format = auto
Extension = pcd
Format = auto
Extension = pcd
Format = auto
Extension = pcd
Format = auto
Extension = pcd
Format = auto
Extension = pcd
Format = auto
Extension = pcd
Format = auto
Extension = pcd
Format = auto
Extension = pcd
Format = auto
Extension = pcd
Format = auto
Extension = pcd
Format = auto
Extension = pcd
Format = auto
Extension = pcd
Format = auto
Extension = pcd

sgcp_constrained receiver=6 policy=all-cavs sources=[6] clusters=20 ra=selective_edgecooper_global_pmax comm_bytes=0 selected_grids={}
fusion_method=early pred_boxes=14 gt_boxes=18
pred_scores_shape=(14,)
frame=25/41 receiver_sample=7/20 scenario=2026_07_29_02_32_08 timestamp=000108 cavs=[7, 5, 12]
sgcp_constrained receiver=7 policy=all-cavs sources=[7, 5, 12] clusters=20 ra=selective_edgecooper_global_pmax comm_bytes=82688 selected_grids={5: 29, 12: 28}
fusion_method=early pred_boxes=28 gt_boxes=43
pred_scores_shape=(28,)
frame=25/41 receiver_sample=8/20 scenario=2026_07_29_02_32_08 timestamp=000108 cavs=[8]
sgcp_constrained receiver=8 policy=all-cavs sources=[8] clusters=20 ra=selective_edgecooper_global_pmax comm_bytes=0 selected_grids={}
fusion_method=early pred_boxes=24 gt_boxes=39
pred_scores_shape=(24,)
frame=25/41 receiver_sample=9/20 scenario=2026_07_29_02_32_08 timestamp=000108 cavs=[9]
sgcp_constrained receiver=9 policy=all-cavs sources=[9] clusters=20 ra=selective_edgecooper_global_pmax comm_bytes=0 selected_grids={}
fusion_method=early pred_boxes=18 gt_boxes=37
pred_scores_shape=(18,)
frame=25/41 receiver_sample=10/20 scenario=2026_07_29_02_32_08 timestamp=000108 cavs=[10, 8]
sgcp_constrained receiver=10 policy=all-cavs sources=[10, 8] clusters=20 ra=selective_edgecooper_global_pmax comm_bytes=31216 selected_grids={8: 29}
fusion_method=early pred_boxes=27 gt_boxes=47
pred_scores_shape=(27,)
frame=25/41 receiver_sample=11/20 scenario=2026_07_29_02_32_08 timestamp=000108 cavs=[11]
sgcp_constrained receiver=11 policy=all-cavs sources=[11] clusters=20 ra=selective_edgecooper_global_pmax comm_bytes=0 selected_grids={}
fusion_method=early pred_boxes=18 gt_boxes=42
pred_scores_shape=(18,)
frame=25/41 receiver_sample=12/20 scenario=2026_07_29_02_32_08 timestamp=000108 cavs=[12]
sgcp_constrained receiver=12 policy=all-cavs sources=[12] clusters=20 ra=selective_edgecooper_global_pmax comm_bytes=0 selected_grids={}
fusion_method=early pred_boxes=15 gt_boxes=23
pred_scores_shape=(15,)
frame=25/41 receiver_sample=13/20 scenario=2026_07_29_02_32_08 timestamp=000108 cavs=[13, 9]
sgcp_constrained receiver=13 policy=all-cavs sources=[13, 9] clusters=20 ra=selective_edgecooper_global_pmax comm_bytes=28480 selected_grids={9: 29}
fusion_method=early pred_boxes=18 gt_boxes=38
pred_scores_shape=(18,)
frame=25/41 receiver_sample=14/20 scenario=2026_07_29_02_32_08 timestamp=000108 cavs=[14]
sgcp_constrained receiver=14 policy=all-cavs sources=[14] clusters=20 ra=selective_edgecooper_global_pmax comm_bytes=0 selected_grids={}
fusion_method=early pred_boxes=5 gt_boxes=8
pred_scores_shape=(5,)
frame=25/41 receiver_sample=15/20 scenario=2026_07_29_02_32_08 timestamp=000108 cavs=[15]
sgcp_constrained receiver=15 policy=all-cavs sources=[15] clusters=20 ra=selective_edgecooper_global_pmax comm_bytes=0 selected_grids={}
fusion_method=early pred_boxes=15 gt_boxes=24
pred_scores_shape=(15,)
frame=25/41 receiver_sample=16/20 scenario=2026_07_29_02_32_08 timestamp=000108 cavs=[16]
sgcp_constrained receiver=16 policy=all-cavs sources=[16] clusters=20 ra=selective_edgecooper_global_pmax comm_bytes=0 selected_grids={}
fusion_method=early pred_boxes=23 gt_boxes=33
pred_scores_shape=(23,)
frame=25/41 receiver_sample=17/20 scenario=2026_07_29_02_32_08 timestamp=000108 cavs=[17]
sgcp_constrained receiver=17 policy=all-cavs sources=[17] clusters=20 ra=selective_edgecooper_global_pmax comm_bytes=0 selected_grids={}
fusion_method=early pred_boxes=19 gt_boxes=27
pred_scores_shape=(19,)
frame=25/41 receiver_sample=18/20 scenario=2026_07_29_02_32_08 timestamp=000108 cavs=[18]
sgcp_constrained receiver=18 policy=all-cavs sources=[18] clusters=20 ra=selective_edgecooper_global_pmax comm_bytes=0 selected_grids={}
fusion_method=early pred_boxes=12 gt_boxes=14
pred_scores_shape=(12,)
frame=25/41 receiver_sample=19/20 scenario=2026_07_29_02_32_08 timestamp=000108 cavs=[19]
sgcp_constrained receiver=19 policy=all-cavs sources=[19] clusters=20 ra=selective_edgecooper_global_pmax comm_bytes=0 selected_grids={}
fusion_method=early pred_boxes=18 gt_boxes=30
pred_scores_shape=(18,)
frame=25/41 receiver_sample=20/20 scenario=2026_07_29_02_32_08 timestamp=000108 cavs=[20, 17, 19]
sgcp_constrained receiver=20 policy=all-cavs sources=[20, 17, 19] clusters=20 ra=selective_edgecooper_global_pmax comm_bytes=95856 selected_grids={17: 29, 19: 29}
fusion_method=early pred_boxes=35 gt_boxes=53
pred_scores_shape=(35,)
frame=26/41 receiver_sample=1/20 scenario=2026_07_29_02_32_08 timestamp=000110 cavs=[1]
sgcp_constrained receiver=1 policy=all-cavs sources=[1] clusters=20 ra=selective_edgecooper_global_pmax comm_bytes=0 selected_grids={}
fusion_method=early pred_boxes=20 gt_boxes=41
pred_scores_shape=(20,)
frame=26/41 receiver_sample=2/20 scenario=2026_07_29_02_32_08 timestamp=000110 cavs=[2, 15]
sgcp_constrained receiver=2 policy=all-cavs sources=[2, 15] clusters=20 ra=selective_edgecooper_global_pmax comm_bytes=33008 selected_grids={15: 29}
fusion_method=early pred_boxes=27 gt_boxes=43
pred_scores_shape=(27,)
frame=26/41 receiver_sample=3/20 scenario=2026_07_29_02_32_08 timestamp=000110 cavs=[3, 16, 18]
sgcp_constrained receiver=3 policy=all-cavs sources=[3, 16, 18] clusters=20 ra=selective_edgecooper_global_pmax comm_bytes=83552 selected_grids={16: 29, 18: 29}
fusion_method=early pred_boxes=26 gt_boxes=38
pred_scores_shape=(26,)
frame=26/41 receiver_sample=4/20 scenario=2026_07_29_02_32_08 timestamp=000110 cavs=[4, 1]
sgcp_constrained receiver=4 policy=all-cavs sources=[4, 1] clusters=20 ra=selective_edgecooper_global_pmax comm_bytes=45936 selected_grids={1: 29}
fusion_method=early pred_boxes=32 gt_boxes=45
pred_scores_shape=(32,)
frame=26/41 receiver_sample=5/20 scenario=2026_07_29_02_32_08 timestamp=000110 cavs=[5]
sgcp_constrained receiver=5 policy=all-cavs sources=[5] clusters=20 ra=selective_edgecooper_global_pmax comm_bytes=0 selected_grids={}
fusion_method=early pred_boxes=21 gt_boxes=39
pred_scores_shape=(21,)
frame=26/41 receiver_sample=6/20 scenario=2026_07_29_02_32_08 timestamp=000110 cavs=[6]
sgcp_constrained receiver=6 policy=all-cavs sources=[6] clusters=20 ra=selective_edgecooper_global_pmax comm_bytes=0 selected_grids={}
fusion_method=early pred_boxes=15 gt_boxes=17
pred_scores_shape=(15,)
frame=26/41 receiver_sample=7/20 scenario=2026_07_29_02_32_08 timestamp=000110 cavs=[7, 5, 12]
sgcp_constrained receiver=7 policy=all-cavs sources=[7, 5, 12] clusters=20 ra=selective_edgecooper_global_pmax comm_bytes=82624 selected_grids={5: 29, 12: 28}
fusion_method=early pred_boxes=26 gt_boxes=44
pred_scores_shape=(26,)
frame=26/41 receiver_sample=8/20 scenario=2026_07_29_02_32_08 timestamp=000110 cavs=[8]
sgcp_constrained receiver=8 policy=all-cavs sources=[8] clusters=20 ra=selective_edgecooper_global_pmax comm_bytes=0 selected_grids={}
fusion_method=early pred_boxes=23 gt_boxes=40
pred_scores_shape=(23,)
frame=26/41 receiver_sample=9/20 scenario=2026_07_29_02_32_08 timestamp=000110 cavs=[9]
sgcp_constrained receiver=9 policy=all-cavs sources=[9] clusters=20 ra=selective_edgecooper_global_pmax comm_bytes=0 selected_grids={}
fusion_method=early pred_boxes=18 gt_boxes=37
pred_scores_shape=(18,)
frame=26/41 receiver_sample=10/20 scenario=2026_07_29_02_32_08 timestamp=000110 cavs=[10, 8]
sgcp_constrained receiver=10 policy=all-cavs sources=[10, 8] clusters=20 ra=selective_edgecooper_global_pmax comm_bytes=30896 selected_grids={8: 29}
fusion_method=early pred_boxes=28 gt_boxes=48
pred_scores_shape=(28,)
frame=26/41 receiver_sample=11/20 scenario=2026_07_29_02_32_08 timestamp=000110 cavs=[11]
sgcp_constrained receiver=11 policy=all-cavs sources=[11] clusters=20 ra=selective_edgecooper_global_pmax comm_bytes=0 selected_grids={}
fusion_method=early pred_boxes=18 gt_boxes=41
pred_scores_shape=(18,)
frame=26/41 receiver_sample=12/20 scenario=2026_07_29_02_32_08 timestamp=000110 cavs=[12]
sgcp_constrained receiver=12 policy=all-cavs sources=[12] clusters=20 ra=selective_edgecooper_global_pmax comm_bytes=0 selected_grids={}
fusion_method=early pred_boxes=15 gt_boxes=23
pred_scores_shape=(15,)
Format = auto
Extension = pcd
Format = auto
Extension = pcd
Format = auto
Extension = pcd
Format = auto
Extension = pcd
Format = auto
Extension = pcd
Format = auto
Extension = pcd
Format = auto
Extension = pcd
Format = auto
Extension = pcd
Format = auto
Extension = pcd
Format = auto
Extension = pcd
Format = auto
Extension = pcd
Format = auto
Extension = pcd
Format = auto
Extension = pcd
Format = auto
Extension = pcd
Format = auto
Extension = pcd
Format = auto
Extension = pcd
Format = auto
Extension = pcd
Format = auto
Extension = pcd
Format = auto
Extension = pcd
Format = auto
Extension = pcd
frame=26/41 receiver_sample=13/20 scenario=2026_07_29_02_32_08 timestamp=000110 cavs=[13, 9]
sgcp_constrained receiver=13 policy=all-cavs sources=[13, 9] clusters=20 ra=selective_edgecooper_global_pmax comm_bytes=29008 selected_grids={9: 29}
fusion_method=early pred_boxes=19 gt_boxes=38
pred_scores_shape=(19,)
frame=26/41 receiver_sample=14/20 scenario=2026_07_29_02_32_08 timestamp=000110 cavs=[14]
sgcp_constrained receiver=14 policy=all-cavs sources=[14] clusters=20 ra=selective_edgecooper_global_pmax comm_bytes=0 selected_grids={}
fusion_method=early pred_boxes=4 gt_boxes=8
pred_scores_shape=(4,)
frame=26/41 receiver_sample=15/20 scenario=2026_07_29_02_32_08 timestamp=000110 cavs=[15]
sgcp_constrained receiver=15 policy=all-cavs sources=[15] clusters=20 ra=selective_edgecooper_global_pmax comm_bytes=0 selected_grids={}
fusion_method=early pred_boxes=17 gt_boxes=24
pred_scores_shape=(17,)
frame=26/41 receiver_sample=16/20 scenario=2026_07_29_02_32_08 timestamp=000110 cavs=[16]
sgcp_constrained receiver=16 policy=all-cavs sources=[16] clusters=20 ra=selective_edgecooper_global_pmax comm_bytes=0 selected_grids={}
fusion_method=early pred_boxes=26 gt_boxes=33
pred_scores_shape=(26,)
frame=26/41 receiver_sample=17/20 scenario=2026_07_29_02_32_08 timestamp=000110 cavs=[17]
sgcp_constrained receiver=17 policy=all-cavs sources=[17] clusters=20 ra=selective_edgecooper_global_pmax comm_bytes=0 selected_grids={}
fusion_method=early pred_boxes=20 gt_boxes=27
pred_scores_shape=(20,)
frame=26/41 receiver_sample=18/20 scenario=2026_07_29_02_32_08 timestamp=000110 cavs=[18]
sgcp_constrained receiver=18 policy=all-cavs sources=[18] clusters=20 ra=selective_edgecooper_global_pmax comm_bytes=0 selected_grids={}
fusion_method=early pred_boxes=12 gt_boxes=14
pred_scores_shape=(12,)
frame=26/41 receiver_sample=19/20 scenario=2026_07_29_02_32_08 timestamp=000110 cavs=[19]
sgcp_constrained receiver=19 policy=all-cavs sources=[19] clusters=20 ra=selective_edgecooper_global_pmax comm_bytes=0 selected_grids={}
fusion_method=early pred_boxes=18 gt_boxes=30
pred_scores_shape=(18,)
frame=26/41 receiver_sample=20/20 scenario=2026_07_29_02_32_08 timestamp=000110 cavs=[20, 17, 19]
sgcp_constrained receiver=20 policy=all-cavs sources=[20, 17, 19] clusters=20 ra=selective_edgecooper_global_pmax comm_bytes=95200 selected_grids={17: 29, 19: 29}
fusion_method=early pred_boxes=33 gt_boxes=53
pred_scores_shape=(33,)
frame=27/41 receiver_sample=1/20 scenario=2026_07_29_02_32_08 timestamp=000112 cavs=[1]
sgcp_constrained receiver=1 policy=all-cavs sources=[1] clusters=20 ra=selective_edgecooper_global_pmax comm_bytes=0 selected_grids={}
fusion_method=early pred_boxes=21 gt_boxes=42
pred_scores_shape=(21,)
frame=27/41 receiver_sample=2/20 scenario=2026_07_29_02_32_08 timestamp=000112 cavs=[2, 15]
sgcp_constrained receiver=2 policy=all-cavs sources=[2, 15] clusters=20 ra=selective_edgecooper_global_pmax comm_bytes=33024 selected_grids={15: 29}
fusion_method=early pred_boxes=25 gt_boxes=43
pred_scores_shape=(25,)
frame=27/41 receiver_sample=3/20 scenario=2026_07_29_02_32_08 timestamp=000112 cavs=[3, 16, 18]
sgcp_constrained receiver=3 policy=all-cavs sources=[3, 16, 18] clusters=20 ra=selective_edgecooper_global_pmax comm_bytes=81776 selected_grids={16: 29, 18: 29}
fusion_method=early pred_boxes=25 gt_boxes=38
pred_scores_shape=(25,)
frame=27/41 receiver_sample=4/20 scenario=2026_07_29_02_32_08 timestamp=000112 cavs=[4, 1]
sgcp_constrained receiver=4 policy=all-cavs sources=[4, 1] clusters=20 ra=selective_edgecooper_global_pmax comm_bytes=45488 selected_grids={1: 29}
fusion_method=early pred_boxes=30 gt_boxes=46
pred_scores_shape=(30,)
frame=27/41 receiver_sample=5/20 scenario=2026_07_29_02_32_08 timestamp=000112 cavs=[5]
sgcp_constrained receiver=5 policy=all-cavs sources=[5] clusters=20 ra=selective_edgecooper_global_pmax comm_bytes=0 selected_grids={}
fusion_method=early pred_boxes=21 gt_boxes=40
pred_scores_shape=(21,)
frame=27/41 receiver_sample=6/20 scenario=2026_07_29_02_32_08 timestamp=000112 cavs=[6]
sgcp_constrained receiver=6 policy=all-cavs sources=[6] clusters=20 ra=selective_edgecooper_global_pmax comm_bytes=0 selected_grids={}
fusion_method=early pred_boxes=15 gt_boxes=17
pred_scores_shape=(15,)
frame=27/41 receiver_sample=7/20 scenario=2026_07_29_02_32_08 timestamp=000112 cavs=[7, 12]
sgcp_constrained receiver=7 policy=all-cavs sources=[7, 12] clusters=20 ra=selective_edgecooper_global_pmax comm_bytes=51584 selected_grids={12: 29}
fusion_method=early pred_boxes=22 gt_boxes=36
pred_scores_shape=(22,)
frame=27/41 receiver_sample=8/20 scenario=2026_07_29_02_32_08 timestamp=000112 cavs=[8]
sgcp_constrained receiver=8 policy=all-cavs sources=[8] clusters=20 ra=selective_edgecooper_global_pmax comm_bytes=0 selected_grids={}
fusion_method=early pred_boxes=24 gt_boxes=40
pred_scores_shape=(24,)
frame=27/41 receiver_sample=9/20 scenario=2026_07_29_02_32_08 timestamp=000112 cavs=[9]
sgcp_constrained receiver=9 policy=all-cavs sources=[9] clusters=20 ra=selective_edgecooper_global_pmax comm_bytes=0 selected_grids={}
fusion_method=early pred_boxes=18 gt_boxes=37
pred_scores_shape=(18,)
frame=27/41 receiver_sample=10/20 scenario=2026_07_29_02_32_08 timestamp=000112 cavs=[10, 5, 8]
sgcp_constrained receiver=10 policy=all-cavs sources=[10, 5, 8] clusters=20 ra=selective_edgecooper_global_pmax comm_bytes=72784 selected_grids={5: 29, 8: 29}
fusion_method=early pred_boxes=35 gt_boxes=55
pred_scores_shape=(35,)
frame=27/41 receiver_sample=11/20 scenario=2026_07_29_02_32_08 timestamp=000112 cavs=[11]
sgcp_constrained receiver=11 policy=all-cavs sources=[11] clusters=20 ra=selective_edgecooper_global_pmax comm_bytes=0 selected_grids={}
fusion_method=early pred_boxes=18 gt_boxes=42
pred_scores_shape=(18,)
frame=27/41 receiver_sample=12/20 scenario=2026_07_29_02_32_08 timestamp=000112 cavs=[12]
sgcp_constrained receiver=12 policy=all-cavs sources=[12] clusters=20 ra=selective_edgecooper_global_pmax comm_bytes=0 selected_grids={}
fusion_method=early pred_boxes=15 gt_boxes=23
pred_scores_shape=(15,)
frame=27/41 receiver_sample=13/20 scenario=2026_07_29_02_32_08 timestamp=000112 cavs=[13, 9]
sgcp_constrained receiver=13 policy=all-cavs sources=[13, 9] clusters=20 ra=selective_edgecooper_global_pmax comm_bytes=29520 selected_grids={9: 29}
fusion_method=early pred_boxes=22 gt_boxes=38
pred_scores_shape=(22,)
frame=27/41 receiver_sample=14/20 scenario=2026_07_29_02_32_08 timestamp=000112 cavs=[14]
sgcp_constrained receiver=14 policy=all-cavs sources=[14] clusters=20 ra=selective_edgecooper_global_pmax comm_bytes=0 selected_grids={}
fusion_method=early pred_boxes=4 gt_boxes=8
pred_scores_shape=(4,)
frame=27/41 receiver_sample=15/20 scenario=2026_07_29_02_32_08 timestamp=000112 cavs=[15]
sgcp_constrained receiver=15 policy=all-cavs sources=[15] clusters=20 ra=selective_edgecooper_global_pmax comm_bytes=0 selected_grids={}
fusion_method=early pred_boxes=16 gt_boxes=24
pred_scores_shape=(16,)
frame=27/41 receiver_sample=16/20 scenario=2026_07_29_02_32_08 timestamp=000112 cavs=[16]
sgcp_constrained receiver=16 policy=all-cavs sources=[16] clusters=20 ra=selective_edgecooper_global_pmax comm_bytes=0 selected_grids={}
fusion_method=early pred_boxes=24 gt_boxes=32
pred_scores_shape=(24,)
frame=27/41 receiver_sample=17/20 scenario=2026_07_29_02_32_08 timestamp=000112 cavs=[17]
sgcp_constrained receiver=17 policy=all-cavs sources=[17] clusters=20 ra=selective_edgecooper_global_pmax comm_bytes=0 selected_grids={}
fusion_method=early pred_boxes=20 gt_boxes=28
pred_scores_shape=(20,)
frame=27/41 receiver_sample=18/20 scenario=2026_07_29_02_32_08 timestamp=000112 cavs=[18]
sgcp_constrained receiver=18 policy=all-cavs sources=[18] clusters=20 ra=selective_edgecooper_global_pmax comm_bytes=0 selected_grids={}
fusion_method=early pred_boxes=11 gt_boxes=14
pred_scores_shape=(11,)
frame=27/41 receiver_sample=19/20 scenario=2026_07_29_02_32_08 timestamp=000112 cavs=[19]
sgcp_constrained receiver=19 policy=all-cavs sources=[19] clusters=20 ra=selective_edgecooper_global_pmax comm_bytes=0 selected_grids={}
fusion_method=early pred_boxes=19 gt_boxes=30Format = auto
Extension = pcd
Format = auto
Extension = pcd
Format = auto
Extension = pcd
Format = auto
Extension = pcd
Format = auto
Extension = pcd
Format = auto
Extension = pcd
Format = auto
Extension = pcd
Format = auto
Extension = pcd
Format = auto
Extension = pcd
Format = auto
Extension = pcd
Format = auto
Extension = pcd
Format = auto
Extension = pcd
Format = auto
Extension = pcd
Format = auto
Extension = pcd
Format = auto
Extension = pcd
Format = auto
Extension = pcd
Format = auto
Extension = pcd
Format = auto
Extension = pcd
Format = auto
Extension = pcd
Format = auto
Extension = pcd
Format = auto
Extension = pcd
Format = auto
Extension = pcd
Format = auto
Extension = pcd
Format = auto
Extension = pcd
Format = auto
Extension = pcd
Format = auto
Extension = pcd
Format = auto
Extension = pcd
Format = auto
Extension = pcd
Format = auto
Extension = pcd
Format = auto
Extension = pcd
Format = auto
Extension = pcd
Format = auto
Extension = pcd
Format = auto
Extension = pcd
Format = auto
Extension = pcd
Format = auto
Extension = pcd
Format = auto
Extension = pcd
Format = auto
Extension = pcd
Format = auto
Extension = pcd
Format = auto
Extension = pcd
Format = auto
Extension = pcd

pred_scores_shape=(19,)
frame=27/41 receiver_sample=20/20 scenario=2026_07_29_02_32_08 timestamp=000112 cavs=[20, 17, 19]
sgcp_constrained receiver=20 policy=all-cavs sources=[20, 17, 19] clusters=20 ra=selective_edgecooper_global_pmax comm_bytes=95232 selected_grids={17: 29, 19: 29}
fusion_method=early pred_boxes=34 gt_boxes=53
pred_scores_shape=(34,)
frame=28/41 receiver_sample=1/20 scenario=2026_07_29_02_32_08 timestamp=000114 cavs=[1]
sgcp_constrained receiver=1 policy=all-cavs sources=[1] clusters=20 ra=selective_edgecooper_global_pmax comm_bytes=0 selected_grids={}
fusion_method=early pred_boxes=24 gt_boxes=42
pred_scores_shape=(24,)
frame=28/41 receiver_sample=2/20 scenario=2026_07_29_02_32_08 timestamp=000114 cavs=[2, 11, 15]
sgcp_constrained receiver=2 policy=all-cavs sources=[2, 11, 15] clusters=20 ra=selective_edgecooper_global_pmax comm_bytes=54496 selected_grids={11: 28, 15: 27}
fusion_method=early pred_boxes=29 gt_boxes=52
pred_scores_shape=(29,)
frame=28/41 receiver_sample=3/20 scenario=2026_07_29_02_32_08 timestamp=000114 cavs=[3, 16, 18]
sgcp_constrained receiver=3 policy=all-cavs sources=[3, 16, 18] clusters=20 ra=selective_edgecooper_global_pmax comm_bytes=81280 selected_grids={16: 29, 18: 29}
fusion_method=early pred_boxes=25 gt_boxes=36
pred_scores_shape=(25,)
frame=28/41 receiver_sample=4/20 scenario=2026_07_29_02_32_08 timestamp=000114 cavs=[4, 1]
sgcp_constrained receiver=4 policy=all-cavs sources=[4, 1] clusters=20 ra=selective_edgecooper_global_pmax comm_bytes=45536 selected_grids={1: 29}
fusion_method=early pred_boxes=33 gt_boxes=45
pred_scores_shape=(33,)
frame=28/41 receiver_sample=5/20 scenario=2026_07_29_02_32_08 timestamp=000114 cavs=[5]
sgcp_constrained receiver=5 policy=all-cavs sources=[5] clusters=20 ra=selective_edgecooper_global_pmax comm_bytes=0 selected_grids={}
fusion_method=early pred_boxes=18 gt_boxes=40
pred_scores_shape=(18,)
frame=28/41 receiver_sample=6/20 scenario=2026_07_29_02_32_08 timestamp=000114 cavs=[6]
sgcp_constrained receiver=6 policy=all-cavs sources=[6] clusters=20 ra=selective_edgecooper_global_pmax comm_bytes=0 selected_grids={}
fusion_method=early pred_boxes=15 gt_boxes=17
pred_scores_shape=(15,)
frame=28/41 receiver_sample=7/20 scenario=2026_07_29_02_32_08 timestamp=000114 cavs=[7, 12]
sgcp_constrained receiver=7 policy=all-cavs sources=[7, 12] clusters=20 ra=selective_edgecooper_global_pmax comm_bytes=57360 selected_grids={12: 44}
fusion_method=early pred_boxes=24 gt_boxes=37
pred_scores_shape=(24,)
frame=28/41 receiver_sample=8/20 scenario=2026_07_29_02_32_08 timestamp=000114 cavs=[8]
sgcp_constrained receiver=8 policy=all-cavs sources=[8] clusters=20 ra=selective_edgecooper_global_pmax comm_bytes=0 selected_grids={}
fusion_method=early pred_boxes=25 gt_boxes=40
pred_scores_shape=(25,)
frame=28/41 receiver_sample=9/20 scenario=2026_07_29_02_32_08 timestamp=000114 cavs=[9]
sgcp_constrained receiver=9 policy=all-cavs sources=[9] clusters=20 ra=selective_edgecooper_global_pmax comm_bytes=0 selected_grids={}
fusion_method=early pred_boxes=18 gt_boxes=37
pred_scores_shape=(18,)
frame=28/41 receiver_sample=10/20 scenario=2026_07_29_02_32_08 timestamp=000114 cavs=[10, 8, 19]
sgcp_constrained receiver=10 policy=all-cavs sources=[10, 8, 19] clusters=20 ra=selective_edgecooper_global_pmax comm_bytes=49536 selected_grids={8: 29, 19: 28}
fusion_method=early pred_boxes=30 gt_boxes=48
pred_scores_shape=(30,)
frame=28/41 receiver_sample=11/20 scenario=2026_07_29_02_32_08 timestamp=000114 cavs=[11]
sgcp_constrained receiver=11 policy=all-cavs sources=[11] clusters=20 ra=selective_edgecooper_global_pmax comm_bytes=0 selected_grids={}
fusion_method=early pred_boxes=18 gt_boxes=42
pred_scores_shape=(18,)
frame=28/41 receiver_sample=12/20 scenario=2026_07_29_02_32_08 timestamp=000114 cavs=[12]
sgcp_constrained receiver=12 policy=all-cavs sources=[12] clusters=20 ra=selective_edgecooper_global_pmax comm_bytes=0 selected_grids={}
fusion_method=early pred_boxes=14 gt_boxes=23
pred_scores_shape=(14,)
frame=28/41 receiver_sample=13/20 scenario=2026_07_29_02_32_08 timestamp=000114 cavs=[13]
sgcp_constrained receiver=13 policy=all-cavs sources=[13] clusters=20 ra=selective_edgecooper_global_pmax comm_bytes=0 selected_grids={}
fusion_method=early pred_boxes=12 gt_boxes=23
pred_scores_shape=(12,)
frame=28/41 receiver_sample=14/20 scenario=2026_07_29_02_32_08 timestamp=000114 cavs=[14]
sgcp_constrained receiver=14 policy=all-cavs sources=[14] clusters=20 ra=selective_edgecooper_global_pmax comm_bytes=0 selected_grids={}
fusion_method=early pred_boxes=4 gt_boxes=8
pred_scores_shape=(4,)
frame=28/41 receiver_sample=15/20 scenario=2026_07_29_02_32_08 timestamp=000114 cavs=[15]
sgcp_constrained receiver=15 policy=all-cavs sources=[15] clusters=20 ra=selective_edgecooper_global_pmax comm_bytes=0 selected_grids={}
fusion_method=early pred_boxes=16 gt_boxes=25
pred_scores_shape=(16,)
frame=28/41 receiver_sample=16/20 scenario=2026_07_29_02_32_08 timestamp=000114 cavs=[16]
sgcp_constrained receiver=16 policy=all-cavs sources=[16] clusters=20 ra=selective_edgecooper_global_pmax comm_bytes=0 selected_grids={}
fusion_method=early pred_boxes=24 gt_boxes=31
pred_scores_shape=(24,)
frame=28/41 receiver_sample=17/20 scenario=2026_07_29_02_32_08 timestamp=000114 cavs=[17]
sgcp_constrained receiver=17 policy=all-cavs sources=[17] clusters=20 ra=selective_edgecooper_global_pmax comm_bytes=0 selected_grids={}
fusion_method=early pred_boxes=20 gt_boxes=28
pred_scores_shape=(20,)
frame=28/41 receiver_sample=18/20 scenario=2026_07_29_02_32_08 timestamp=000114 cavs=[18]
sgcp_constrained receiver=18 policy=all-cavs sources=[18] clusters=20 ra=selective_edgecooper_global_pmax comm_bytes=0 selected_grids={}
fusion_method=early pred_boxes=13 gt_boxes=14
pred_scores_shape=(13,)
frame=28/41 receiver_sample=19/20 scenario=2026_07_29_02_32_08 timestamp=000114 cavs=[19]
sgcp_constrained receiver=19 policy=all-cavs sources=[19] clusters=20 ra=selective_edgecooper_global_pmax comm_bytes=0 selected_grids={}
fusion_method=early pred_boxes=19 gt_boxes=29
pred_scores_shape=(19,)
frame=28/41 receiver_sample=20/20 scenario=2026_07_29_02_32_08 timestamp=000114 cavs=[20, 9, 17]
sgcp_constrained receiver=20 policy=all-cavs sources=[20, 9, 17] clusters=20 ra=selective_edgecooper_global_pmax comm_bytes=96672 selected_grids={9: 29, 17: 29}
fusion_method=early pred_boxes=39 gt_boxes=50
pred_scores_shape=(39,)
frame=29/41 receiver_sample=1/20 scenario=2026_07_29_02_32_08 timestamp=000116 cavs=[1]
sgcp_constrained receiver=1 policy=all-cavs sources=[1] clusters=20 ra=selective_edgecooper_global_pmax comm_bytes=0 selected_grids={}
fusion_method=early pred_boxes=23 gt_boxes=42
pred_scores_shape=(23,)
frame=29/41 receiver_sample=2/20 scenario=2026_07_29_02_32_08 timestamp=000116 cavs=[2, 11, 15]
sgcp_constrained receiver=2 policy=all-cavs sources=[2, 11, 15] clusters=20 ra=selective_edgecooper_global_pmax comm_bytes=54144 selected_grids={11: 27, 15: 27}
fusion_method=early pred_boxes=29 gt_boxes=52
pred_scores_shape=(29,)
frame=29/41 receiver_sample=3/20 scenario=2026_07_29_02_32_08 timestamp=000116 cavs=[3, 18]
sgcp_constrained receiver=3 policy=all-cavs sources=[3, 18] clusters=20 ra=selective_edgecooper_global_pmax comm_bytes=34384 selected_grids={18: 29}
fusion_method=early pred_boxes=17 gt_boxes=20
pred_scores_shape=(17,)
frame=29/41 receiver_sample=4/20 scenario=2026_07_29_02_32_08 timestamp=000116 cavs=[4, 1]
sgcp_constrained receiver=4 policy=all-cavs sources=[4, 1] clusters=20 ra=selective_edgecooper_global_pmax comm_bytes=45536 selected_grids={1: 29}
fusion_method=early pred_boxes=33 gt_boxes=46
pred_scores_shape=(33,)
frame=29/41 receiver_sample=5/20 scenario=2026_07_29_02_32_08 timestamp=000116 cavs=[5]
sgcp_constrained receiver=5 policy=all-cavs sources=[5] clusters=20 ra=selective_edgecooper_global_pmax comm_bytes=0 selected_grids={}
fusion_method=early pred_boxes=21 gt_boxes=37
pred_scores_shape=(21,)
frame=29/41 receiver_sample=6/20 scenario=2026_07_29_02_32_08 timestamp=000116 cavs=[6]
sgcp_constrained receiver=6 policy=all-cavs sources=[6] clusters=20 ra=selective_edgecooper_global_pmax comm_bytes=0 selected_grids={}Format = auto
Extension = pcd
Format = auto
Extension = pcd
Format = auto
Extension = pcd
Format = auto
Extension = pcd
Format = auto
Extension = pcd
Format = auto
Extension = pcd
Format = auto
Extension = pcd
Format = auto
Extension = pcd
Format = auto
Extension = pcd
Format = auto
Extension = pcd
Format = auto
Extension = pcd
Format = auto
Extension = pcd
Format = auto
Extension = pcd
Format = auto
Extension = pcd
Format = auto
Extension = pcd
Format = auto
Extension = pcd
Format = auto
Extension = pcd
Format = auto
Extension = pcd
Format = auto
Extension = pcd
Format = auto
Extension = pcd

fusion_method=early pred_boxes=15 gt_boxes=17
pred_scores_shape=(15,)
frame=29/41 receiver_sample=7/20 scenario=2026_07_29_02_32_08 timestamp=000116 cavs=[7]
sgcp_constrained receiver=7 policy=all-cavs sources=[7] clusters=20 ra=selective_edgecooper_global_pmax comm_bytes=0 selected_grids={}
fusion_method=early pred_boxes=18 gt_boxes=34
pred_scores_shape=(18,)
frame=29/41 receiver_sample=8/20 scenario=2026_07_29_02_32_08 timestamp=000116 cavs=[8]
sgcp_constrained receiver=8 policy=all-cavs sources=[8] clusters=20 ra=selective_edgecooper_global_pmax comm_bytes=0 selected_grids={}
fusion_method=early pred_boxes=23 gt_boxes=40
pred_scores_shape=(23,)
frame=29/41 receiver_sample=9/20 scenario=2026_07_29_02_32_08 timestamp=000116 cavs=[9]
sgcp_constrained receiver=9 policy=all-cavs sources=[9] clusters=20 ra=selective_edgecooper_global_pmax comm_bytes=0 selected_grids={}
fusion_method=early pred_boxes=17 gt_boxes=36
pred_scores_shape=(17,)
frame=29/41 receiver_sample=10/20 scenario=2026_07_29_02_32_08 timestamp=000116 cavs=[10, 5, 8]
sgcp_constrained receiver=10 policy=all-cavs sources=[10, 5, 8] clusters=20 ra=selective_edgecooper_global_pmax comm_bytes=73440 selected_grids={5: 29, 8: 29}
fusion_method=early pred_boxes=31 gt_boxes=56
pred_scores_shape=(31,)
frame=29/41 receiver_sample=11/20 scenario=2026_07_29_02_32_08 timestamp=000116 cavs=[11]
sgcp_constrained receiver=11 policy=all-cavs sources=[11] clusters=20 ra=selective_edgecooper_global_pmax comm_bytes=0 selected_grids={}
fusion_method=early pred_boxes=18 gt_boxes=42
pred_scores_shape=(18,)
frame=29/41 receiver_sample=12/20 scenario=2026_07_29_02_32_08 timestamp=000116 cavs=[12, 7]
sgcp_constrained receiver=12 policy=all-cavs sources=[12, 7] clusters=20 ra=selective_edgecooper_global_pmax comm_bytes=53200 selected_grids={7: 44}
fusion_method=early pred_boxes=20 gt_boxes=36
pred_scores_shape=(20,)
frame=29/41 receiver_sample=13/20 scenario=2026_07_29_02_32_08 timestamp=000116 cavs=[13, 9]
sgcp_constrained receiver=13 policy=all-cavs sources=[13, 9] clusters=20 ra=selective_edgecooper_global_pmax comm_bytes=30352 selected_grids={9: 29}
fusion_method=early pred_boxes=19 gt_boxes=37
pred_scores_shape=(19,)
frame=29/41 receiver_sample=14/20 scenario=2026_07_29_02_32_08 timestamp=000116 cavs=[14]
sgcp_constrained receiver=14 policy=all-cavs sources=[14] clusters=20 ra=selective_edgecooper_global_pmax comm_bytes=0 selected_grids={}
fusion_method=early pred_boxes=4 gt_boxes=8
pred_scores_shape=(4,)
frame=29/41 receiver_sample=15/20 scenario=2026_07_29_02_32_08 timestamp=000116 cavs=[15]
sgcp_constrained receiver=15 policy=all-cavs sources=[15] clusters=20 ra=selective_edgecooper_global_pmax comm_bytes=0 selected_grids={}
fusion_method=early pred_boxes=17 gt_boxes=27
pred_scores_shape=(17,)
frame=29/41 receiver_sample=16/20 scenario=2026_07_29_02_32_08 timestamp=000116 cavs=[16, 17]
sgcp_constrained receiver=16 policy=all-cavs sources=[16, 17] clusters=20 ra=selective_edgecooper_global_pmax comm_bytes=29248 selected_grids={17: 29}
fusion_method=early pred_boxes=23 gt_boxes=30
pred_scores_shape=(23,)
frame=29/41 receiver_sample=17/20 scenario=2026_07_29_02_32_08 timestamp=000116 cavs=[17]
sgcp_constrained receiver=17 policy=all-cavs sources=[17] clusters=20 ra=selective_edgecooper_global_pmax comm_bytes=0 selected_grids={}
fusion_method=early pred_boxes=19 gt_boxes=27
pred_scores_shape=(19,)
frame=29/41 receiver_sample=18/20 scenario=2026_07_29_02_32_08 timestamp=000116 cavs=[18]
sgcp_constrained receiver=18 policy=all-cavs sources=[18] clusters=20 ra=selective_edgecooper_global_pmax comm_bytes=0 selected_grids={}
fusion_method=early pred_boxes=13 gt_boxes=13
pred_scores_shape=(13,)
frame=29/41 receiver_sample=19/20 scenario=2026_07_29_02_32_08 timestamp=000116 cavs=[19]
sgcp_constrained receiver=19 policy=all-cavs sources=[19] clusters=20 ra=selective_edgecooper_global_pmax comm_bytes=0 selected_grids={}
fusion_method=early pred_boxes=19 gt_boxes=29
pred_scores_shape=(19,)
frame=29/41 receiver_sample=20/20 scenario=2026_07_29_02_32_08 timestamp=000116 cavs=[20, 19]
sgcp_constrained receiver=20 policy=all-cavs sources=[20, 19] clusters=20 ra=selective_edgecooper_global_pmax comm_bytes=43296 selected_grids={19: 29}
fusion_method=early pred_boxes=25 gt_boxes=45
pred_scores_shape=(25,)
frame=30/41 receiver_sample=1/20 scenario=2026_07_29_02_32_08 timestamp=000118 cavs=[1]
sgcp_constrained receiver=1 policy=all-cavs sources=[1] clusters=20 ra=selective_edgecooper_global_pmax comm_bytes=0 selected_grids={}
fusion_method=early pred_boxes=24 gt_boxes=41
pred_scores_shape=(24,)
frame=30/41 receiver_sample=2/20 scenario=2026_07_29_02_32_08 timestamp=000118 cavs=[2, 15]
sgcp_constrained receiver=2 policy=all-cavs sources=[2, 15] clusters=20 ra=selective_edgecooper_global_pmax comm_bytes=31488 selected_grids={15: 29}
fusion_method=early pred_boxes=22 gt_boxes=43
pred_scores_shape=(22,)
frame=30/41 receiver_sample=3/20 scenario=2026_07_29_02_32_08 timestamp=000118 cavs=[3, 17, 18]
sgcp_constrained receiver=3 policy=all-cavs sources=[3, 17, 18] clusters=20 ra=selective_edgecooper_global_pmax comm_bytes=73344 selected_grids={17: 28, 18: 28}
fusion_method=early pred_boxes=21 gt_boxes=31
pred_scores_shape=(21,)
frame=30/41 receiver_sample=4/20 scenario=2026_07_29_02_32_08 timestamp=000118 cavs=[4, 1]
sgcp_constrained receiver=4 policy=all-cavs sources=[4, 1] clusters=20 ra=selective_edgecooper_global_pmax comm_bytes=45568 selected_grids={1: 29}
fusion_method=early pred_boxes=33 gt_boxes=45
pred_scores_shape=(33,)
frame=30/41 receiver_sample=5/20 scenario=2026_07_29_02_32_08 timestamp=000118 cavs=[5]
sgcp_constrained receiver=5 policy=all-cavs sources=[5] clusters=20 ra=selective_edgecooper_global_pmax comm_bytes=0 selected_grids={}
fusion_method=early pred_boxes=21 gt_boxes=37
pred_scores_shape=(21,)
frame=30/41 receiver_sample=6/20 scenario=2026_07_29_02_32_08 timestamp=000118 cavs=[6]
sgcp_constrained receiver=6 policy=all-cavs sources=[6] clusters=20 ra=selective_edgecooper_global_pmax comm_bytes=0 selected_grids={}
fusion_method=early pred_boxes=15 gt_boxes=17
pred_scores_shape=(15,)
frame=30/41 receiver_sample=7/20 scenario=2026_07_29_02_32_08 timestamp=000118 cavs=[7]
sgcp_constrained receiver=7 policy=all-cavs sources=[7] clusters=20 ra=selective_edgecooper_global_pmax comm_bytes=0 selected_grids={}
fusion_method=early pred_boxes=20 gt_boxes=35
pred_scores_shape=(20,)
frame=30/41 receiver_sample=8/20 scenario=2026_07_29_02_32_08 timestamp=000118 cavs=[8]
sgcp_constrained receiver=8 policy=all-cavs sources=[8] clusters=20 ra=selective_edgecooper_global_pmax comm_bytes=0 selected_grids={}
fusion_method=early pred_boxes=25 gt_boxes=38
pred_scores_shape=(25,)
frame=30/41 receiver_sample=9/20 scenario=2026_07_29_02_32_08 timestamp=000118 cavs=[9]
sgcp_constrained receiver=9 policy=all-cavs sources=[9] clusters=20 ra=selective_edgecooper_global_pmax comm_bytes=0 selected_grids={}
fusion_method=early pred_boxes=17 gt_boxes=35
pred_scores_shape=(17,)
frame=30/41 receiver_sample=10/20 scenario=2026_07_29_02_32_08 timestamp=000118 cavs=[10, 5, 8]
sgcp_constrained receiver=10 policy=all-cavs sources=[10, 5, 8] clusters=20 ra=selective_edgecooper_global_pmax comm_bytes=74096 selected_grids={5: 29, 8: 29}
fusion_method=early pred_boxes=35 gt_boxes=55
pred_scores_shape=(35,)
frame=30/41 receiver_sample=11/20 scenario=2026_07_29_02_32_08 timestamp=000118 cavs=[11]
sgcp_constrained receiver=11 policy=all-cavs sources=[11] clusters=20 ra=selective_edgecooper_global_pmax comm_bytes=0 selected_grids={}
fusion_method=early pred_boxes=18 gt_boxes=42
pred_scores_shape=(18,)
frame=30/41 receiver_sample=12/20 scenario=2026_07_29_02_32_08 timestamp=000118 cavs=[12, 7]
sgcp_constrained receiver=12 policy=all-cavs sources=[12, 7] clusters=20 ra=selective_edgecooper_global_pmax comm_bytes=53744 selected_grids={7: 44}
fusion_method=early pred_boxes=21 gt_boxes=37
pred_scores_shape=(21,)
frame=30/41 receiver_sample=13/20 scenario=2026_07_29_02_32_08 timestamp=000118 cavs=[13, 9]
sgcp_constrained receiver=13 policy=all-cavs sources=[13, 9] clusters=20 ra=selective_edgecooper_global_pmax comm_bytes=30624 selected_grids={9: 29}Format = auto
Extension = pcd
Format = auto
Extension = pcd
Format = auto
Extension = pcd
Format = auto
Extension = pcd
Format = auto
Extension = pcd
Format = auto
Extension = pcd
Format = auto
Extension = pcd
Format = auto
Extension = pcd
Format = auto
Extension = pcd
Format = auto
Extension = pcd
Format = auto
Extension = pcd
Format = auto
Extension = pcd
Format = auto
Extension = pcd
Format = auto
Extension = pcd
Format = auto
Extension = pcd
Format = auto
Extension = pcd
Format = auto
Extension = pcd
Format = auto
Extension = pcd
Format = auto
Extension = pcd
Format = auto
Extension = pcd

fusion_method=early pred_boxes=22 gt_boxes=37
pred_scores_shape=(22,)
frame=30/41 receiver_sample=14/20 scenario=2026_07_29_02_32_08 timestamp=000118 cavs=[14]
sgcp_constrained receiver=14 policy=all-cavs sources=[14] clusters=20 ra=selective_edgecooper_global_pmax comm_bytes=0 selected_grids={}
fusion_method=early pred_boxes=6 gt_boxes=8
pred_scores_shape=(6,)
frame=30/41 receiver_sample=15/20 scenario=2026_07_29_02_32_08 timestamp=000118 cavs=[15]
sgcp_constrained receiver=15 policy=all-cavs sources=[15] clusters=20 ra=selective_edgecooper_global_pmax comm_bytes=0 selected_grids={}
fusion_method=early pred_boxes=17 gt_boxes=26
pred_scores_shape=(17,)
frame=30/41 receiver_sample=16/20 scenario=2026_07_29_02_32_08 timestamp=000118 cavs=[16]
sgcp_constrained receiver=16 policy=all-cavs sources=[16] clusters=20 ra=selective_edgecooper_global_pmax comm_bytes=0 selected_grids={}
fusion_method=early pred_boxes=19 gt_boxes=28
pred_scores_shape=(19,)
frame=30/41 receiver_sample=17/20 scenario=2026_07_29_02_32_08 timestamp=000118 cavs=[17]
sgcp_constrained receiver=17 policy=all-cavs sources=[17] clusters=20 ra=selective_edgecooper_global_pmax comm_bytes=0 selected_grids={}
fusion_method=early pred_boxes=20 gt_boxes=28
pred_scores_shape=(20,)
frame=30/41 receiver_sample=18/20 scenario=2026_07_29_02_32_08 timestamp=000118 cavs=[18]
sgcp_constrained receiver=18 policy=all-cavs sources=[18] clusters=20 ra=selective_edgecooper_global_pmax comm_bytes=0 selected_grids={}
fusion_method=early pred_boxes=12 gt_boxes=13
pred_scores_shape=(12,)
frame=30/41 receiver_sample=19/20 scenario=2026_07_29_02_32_08 timestamp=000118 cavs=[19]
sgcp_constrained receiver=19 policy=all-cavs sources=[19] clusters=20 ra=selective_edgecooper_global_pmax comm_bytes=0 selected_grids={}
fusion_method=early pred_boxes=20 gt_boxes=29
pred_scores_shape=(20,)
frame=30/41 receiver_sample=20/20 scenario=2026_07_29_02_32_08 timestamp=000118 cavs=[20, 16, 19]
sgcp_constrained receiver=20 policy=all-cavs sources=[20, 16, 19] clusters=20 ra=selective_edgecooper_global_pmax comm_bytes=83360 selected_grids={16: 29, 19: 29}
fusion_method=early pred_boxes=32 gt_boxes=49
pred_scores_shape=(32,)
frame=31/41 receiver_sample=1/20 scenario=2026_07_29_02_32_08 timestamp=000120 cavs=[1]
sgcp_constrained receiver=1 policy=all-cavs sources=[1] clusters=20 ra=selective_edgecooper_global_pmax comm_bytes=0 selected_grids={}
fusion_method=early pred_boxes=22 gt_boxes=41
pred_scores_shape=(22,)
frame=31/41 receiver_sample=2/20 scenario=2026_07_29_02_32_08 timestamp=000120 cavs=[2, 15]
sgcp_constrained receiver=2 policy=all-cavs sources=[2, 15] clusters=20 ra=selective_edgecooper_global_pmax comm_bytes=30848 selected_grids={15: 29}
fusion_method=early pred_boxes=23 gt_boxes=43
pred_scores_shape=(23,)
frame=31/41 receiver_sample=3/20 scenario=2026_07_29_02_32_08 timestamp=000120 cavs=[3, 17, 18]
sgcp_constrained receiver=3 policy=all-cavs sources=[3, 17, 18] clusters=20 ra=selective_edgecooper_global_pmax comm_bytes=74400 selected_grids={17: 29, 18: 29}
fusion_method=early pred_boxes=22 gt_boxes=31
pred_scores_shape=(22,)
frame=31/41 receiver_sample=4/20 scenario=2026_07_29_02_32_08 timestamp=000120 cavs=[4, 1]
sgcp_constrained receiver=4 policy=all-cavs sources=[4, 1] clusters=20 ra=selective_edgecooper_global_pmax comm_bytes=45552 selected_grids={1: 29}
fusion_method=early pred_boxes=32 gt_boxes=44
pred_scores_shape=(32,)
frame=31/41 receiver_sample=5/20 scenario=2026_07_29_02_32_08 timestamp=000120 cavs=[5]
sgcp_constrained receiver=5 policy=all-cavs sources=[5] clusters=20 ra=selective_edgecooper_global_pmax comm_bytes=0 selected_grids={}
fusion_method=early pred_boxes=21 gt_boxes=36
pred_scores_shape=(21,)
frame=31/41 receiver_sample=6/20 scenario=2026_07_29_02_32_08 timestamp=000120 cavs=[6]
sgcp_constrained receiver=6 policy=all-cavs sources=[6] clusters=20 ra=selective_edgecooper_global_pmax comm_bytes=0 selected_grids={}
fusion_method=early pred_boxes=14 gt_boxes=17
pred_scores_shape=(14,)
frame=31/41 receiver_sample=7/20 scenario=2026_07_29_02_32_08 timestamp=000120 cavs=[7]
sgcp_constrained receiver=7 policy=all-cavs sources=[7] clusters=20 ra=selective_edgecooper_global_pmax comm_bytes=0 selected_grids={}
fusion_method=early pred_boxes=25 gt_boxes=35
pred_scores_shape=(25,)
frame=31/41 receiver_sample=8/20 scenario=2026_07_29_02_32_08 timestamp=000120 cavs=[8]
sgcp_constrained receiver=8 policy=all-cavs sources=[8] clusters=20 ra=selective_edgecooper_global_pmax comm_bytes=0 selected_grids={}
fusion_method=early pred_boxes=24 gt_boxes=39
pred_scores_shape=(24,)
frame=31/41 receiver_sample=9/20 scenario=2026_07_29_02_32_08 timestamp=000120 cavs=[9]
sgcp_constrained receiver=9 policy=all-cavs sources=[9] clusters=20 ra=selective_edgecooper_global_pmax comm_bytes=0 selected_grids={}
fusion_method=early pred_boxes=17 gt_boxes=35
pred_scores_shape=(17,)
frame=31/41 receiver_sample=10/20 scenario=2026_07_29_02_32_08 timestamp=000120 cavs=[10, 5, 8]
sgcp_constrained receiver=10 policy=all-cavs sources=[10, 5, 8] clusters=20 ra=selective_edgecooper_global_pmax comm_bytes=74672 selected_grids={5: 29, 8: 29}
fusion_method=early pred_boxes=34 gt_boxes=56
pred_scores_shape=(34,)
frame=31/41 receiver_sample=11/20 scenario=2026_07_29_02_32_08 timestamp=000120 cavs=[11]
sgcp_constrained receiver=11 policy=all-cavs sources=[11] clusters=20 ra=selective_edgecooper_global_pmax comm_bytes=0 selected_grids={}
fusion_method=early pred_boxes=18 gt_boxes=42
pred_scores_shape=(18,)
frame=31/41 receiver_sample=12/20 scenario=2026_07_29_02_32_08 timestamp=000120 cavs=[12, 7]
sgcp_constrained receiver=12 policy=all-cavs sources=[12, 7] clusters=20 ra=selective_edgecooper_global_pmax comm_bytes=53424 selected_grids={7: 44}
fusion_method=early pred_boxes=23 gt_boxes=36
pred_scores_shape=(23,)
frame=31/41 receiver_sample=13/20 scenario=2026_07_29_02_32_08 timestamp=000120 cavs=[13, 9]
sgcp_constrained receiver=13 policy=all-cavs sources=[13, 9] clusters=20 ra=selective_edgecooper_global_pmax comm_bytes=31168 selected_grids={9: 29}
fusion_method=early pred_boxes=23 gt_boxes=37
pred_scores_shape=(23,)
frame=31/41 receiver_sample=14/20 scenario=2026_07_29_02_32_08 timestamp=000120 cavs=[14]
sgcp_constrained receiver=14 policy=all-cavs sources=[14] clusters=20 ra=selective_edgecooper_global_pmax comm_bytes=0 selected_grids={}
fusion_method=early pred_boxes=6 gt_boxes=8
pred_scores_shape=(6,)
frame=31/41 receiver_sample=15/20 scenario=2026_07_29_02_32_08 timestamp=000120 cavs=[15]
sgcp_constrained receiver=15 policy=all-cavs sources=[15] clusters=20 ra=selective_edgecooper_global_pmax comm_bytes=0 selected_grids={}
fusion_method=early pred_boxes=19 gt_boxes=26
pred_scores_shape=(19,)
frame=31/41 receiver_sample=16/20 scenario=2026_07_29_02_32_08 timestamp=000120 cavs=[16]
sgcp_constrained receiver=16 policy=all-cavs sources=[16] clusters=20 ra=selective_edgecooper_global_pmax comm_bytes=0 selected_grids={}
fusion_method=early pred_boxes=21 gt_boxes=28
pred_scores_shape=(21,)
frame=31/41 receiver_sample=17/20 scenario=2026_07_29_02_32_08 timestamp=000120 cavs=[17]
sgcp_constrained receiver=17 policy=all-cavs sources=[17] clusters=20 ra=selective_edgecooper_global_pmax comm_bytes=0 selected_grids={}
fusion_method=early pred_boxes=18 gt_boxes=27
pred_scores_shape=(18,)
frame=31/41 receiver_sample=18/20 scenario=2026_07_29_02_32_08 timestamp=000120 cavs=[18]
sgcp_constrained receiver=18 policy=all-cavs sources=[18] clusters=20 ra=selective_edgecooper_global_pmax comm_bytes=0 selected_grids={}
fusion_method=early pred_boxes=12 gt_boxes=13
pred_scores_shape=(12,)
frame=31/41 receiver_sample=19/20 scenario=2026_07_29_02_32_08 timestamp=000120 cavs=[19]
sgcp_constrained receiver=19 policy=all-cavs sources=[19] clusters=20 ra=selective_edgecooper_global_pmax comm_bytes=0 selected_grids={}
fusion_method=early pred_boxes=18 gt_boxes=29
pred_scores_shape=(18,)
frame=31/41 receiver_sample=20/20 scenario=2026_07_29_02_32_08 timestamp=000120 cavs=[20, 16, 19]
sgcp_constrained receiver=20 policy=all-cavs sources=[20, 16, 19] clusters=20 ra=selective_edgecooper_global_pmax comm_bytes=85984 selected_grids={16: 29, 19: 29}Format = auto
Extension = pcd
Format = auto
Extension = pcd
Format = auto
Extension = pcd
Format = auto
Extension = pcd
Format = auto
Extension = pcd
Format = auto
Extension = pcd
Format = auto
Extension = pcd
Format = auto
Extension = pcd
Format = auto
Extension = pcd
Format = auto
Extension = pcd
Format = auto
Extension = pcd
Format = auto
Extension = pcd
Format = auto
Extension = pcd
Format = auto
Extension = pcd
Format = auto
Extension = pcd
Format = auto
Extension = pcd
Format = auto
Extension = pcd
Format = auto
Extension = pcd
Format = auto
Extension = pcd
Format = auto
Extension = pcd
Format = auto
Extension = pcd
Format = auto
Extension = pcd
Format = auto
Extension = pcd
Format = auto
Extension = pcd
Format = auto
Extension = pcd
Format = auto
Extension = pcd
Format = auto
Extension = pcd
Format = auto
Extension = pcd
Format = auto
Extension = pcd
Format = auto
Extension = pcd
Format = auto
Extension = pcd
Format = auto
Extension = pcd
Format = auto
Extension = pcd
Format = auto
Extension = pcd
Format = auto
Extension = pcd
Format = auto
Extension = pcd
Format = auto
Extension = pcd
Format = auto
Extension = pcd
Format = auto
Extension = pcd
Format = auto
Extension = pcd

fusion_method=early pred_boxes=35 gt_boxes=50
pred_scores_shape=(35,)
frame=32/41 receiver_sample=1/20 scenario=2026_07_29_02_32_08 timestamp=000122 cavs=[1]
sgcp_constrained receiver=1 policy=all-cavs sources=[1] clusters=20 ra=selective_edgecooper_global_pmax comm_bytes=0 selected_grids={}
fusion_method=early pred_boxes=22 gt_boxes=40
pred_scores_shape=(22,)
frame=32/41 receiver_sample=2/20 scenario=2026_07_29_02_32_08 timestamp=000122 cavs=[2, 15]
sgcp_constrained receiver=2 policy=all-cavs sources=[2, 15] clusters=20 ra=selective_edgecooper_global_pmax comm_bytes=29760 selected_grids={15: 29}
fusion_method=early pred_boxes=24 gt_boxes=43
pred_scores_shape=(24,)
frame=32/41 receiver_sample=3/20 scenario=2026_07_29_02_32_08 timestamp=000122 cavs=[3, 16, 18]
sgcp_constrained receiver=3 policy=all-cavs sources=[3, 16, 18] clusters=20 ra=selective_edgecooper_global_pmax comm_bytes=83584 selected_grids={16: 29, 18: 29}
fusion_method=early pred_boxes=22 gt_boxes=32
pred_scores_shape=(22,)
frame=32/41 receiver_sample=4/20 scenario=2026_07_29_02_32_08 timestamp=000122 cavs=[4, 1]
sgcp_constrained receiver=4 policy=all-cavs sources=[4, 1] clusters=20 ra=selective_edgecooper_global_pmax comm_bytes=45648 selected_grids={1: 29}
fusion_method=early pred_boxes=32 gt_boxes=45
pred_scores_shape=(32,)
frame=32/41 receiver_sample=5/20 scenario=2026_07_29_02_32_08 timestamp=000122 cavs=[5]
sgcp_constrained receiver=5 policy=all-cavs sources=[5] clusters=20 ra=selective_edgecooper_global_pmax comm_bytes=0 selected_grids={}
fusion_method=early pred_boxes=20 gt_boxes=36
pred_scores_shape=(20,)
frame=32/41 receiver_sample=6/20 scenario=2026_07_29_02_32_08 timestamp=000122 cavs=[6]
sgcp_constrained receiver=6 policy=all-cavs sources=[6] clusters=20 ra=selective_edgecooper_global_pmax comm_bytes=0 selected_grids={}
fusion_method=early pred_boxes=14 gt_boxes=17
pred_scores_shape=(14,)
frame=32/41 receiver_sample=7/20 scenario=2026_07_29_02_32_08 timestamp=000122 cavs=[7]
sgcp_constrained receiver=7 policy=all-cavs sources=[7] clusters=20 ra=selective_edgecooper_global_pmax comm_bytes=0 selected_grids={}
fusion_method=early pred_boxes=21 gt_boxes=35
pred_scores_shape=(21,)
frame=32/41 receiver_sample=8/20 scenario=2026_07_29_02_32_08 timestamp=000122 cavs=[8]
sgcp_constrained receiver=8 policy=all-cavs sources=[8] clusters=20 ra=selective_edgecooper_global_pmax comm_bytes=0 selected_grids={}
fusion_method=early pred_boxes=25 gt_boxes=39
pred_scores_shape=(25,)
frame=32/41 receiver_sample=9/20 scenario=2026_07_29_02_32_08 timestamp=000122 cavs=[9]
sgcp_constrained receiver=9 policy=all-cavs sources=[9] clusters=20 ra=selective_edgecooper_global_pmax comm_bytes=0 selected_grids={}
fusion_method=early pred_boxes=17 gt_boxes=35
pred_scores_shape=(17,)
frame=32/41 receiver_sample=10/20 scenario=2026_07_29_02_32_08 timestamp=000122 cavs=[10, 5, 8]
sgcp_constrained receiver=10 policy=all-cavs sources=[10, 5, 8] clusters=20 ra=selective_edgecooper_global_pmax comm_bytes=74848 selected_grids={5: 29, 8: 29}
fusion_method=early pred_boxes=36 gt_boxes=56
pred_scores_shape=(36,)
frame=32/41 receiver_sample=11/20 scenario=2026_07_29_02_32_08 timestamp=000122 cavs=[11]
sgcp_constrained receiver=11 policy=all-cavs sources=[11] clusters=20 ra=selective_edgecooper_global_pmax comm_bytes=0 selected_grids={}
fusion_method=early pred_boxes=18 gt_boxes=43
pred_scores_shape=(18,)
frame=32/41 receiver_sample=12/20 scenario=2026_07_29_02_32_08 timestamp=000122 cavs=[12, 7]
sgcp_constrained receiver=12 policy=all-cavs sources=[12, 7] clusters=20 ra=selective_edgecooper_global_pmax comm_bytes=53840 selected_grids={7: 44}
fusion_method=early pred_boxes=19 gt_boxes=36
pred_scores_shape=(19,)
frame=32/41 receiver_sample=13/20 scenario=2026_07_29_02_32_08 timestamp=000122 cavs=[13, 9, 14]
sgcp_constrained receiver=13 policy=all-cavs sources=[13, 9, 14] clusters=20 ra=selective_edgecooper_global_pmax comm_bytes=92032 selected_grids={9: 29, 14: 29}
fusion_method=early pred_boxes=21 gt_boxes=38
pred_scores_shape=(21,)
frame=32/41 receiver_sample=14/20 scenario=2026_07_29_02_32_08 timestamp=000122 cavs=[14]
sgcp_constrained receiver=14 policy=all-cavs sources=[14] clusters=20 ra=selective_edgecooper_global_pmax comm_bytes=0 selected_grids={}
fusion_method=early pred_boxes=5 gt_boxes=8
pred_scores_shape=(5,)
frame=32/41 receiver_sample=15/20 scenario=2026_07_29_02_32_08 timestamp=000122 cavs=[15]
sgcp_constrained receiver=15 policy=all-cavs sources=[15] clusters=20 ra=selective_edgecooper_global_pmax comm_bytes=0 selected_grids={}
fusion_method=early pred_boxes=17 gt_boxes=27
pred_scores_shape=(17,)
frame=32/41 receiver_sample=16/20 scenario=2026_07_29_02_32_08 timestamp=000122 cavs=[16]
sgcp_constrained receiver=16 policy=all-cavs sources=[16] clusters=20 ra=selective_edgecooper_global_pmax comm_bytes=0 selected_grids={}
fusion_method=early pred_boxes=19 gt_boxes=26
pred_scores_shape=(19,)
frame=32/41 receiver_sample=17/20 scenario=2026_07_29_02_32_08 timestamp=000122 cavs=[17]
sgcp_constrained receiver=17 policy=all-cavs sources=[17] clusters=20 ra=selective_edgecooper_global_pmax comm_bytes=0 selected_grids={}
fusion_method=early pred_boxes=17 gt_boxes=27
pred_scores_shape=(17,)
frame=32/41 receiver_sample=18/20 scenario=2026_07_29_02_32_08 timestamp=000122 cavs=[18]
sgcp_constrained receiver=18 policy=all-cavs sources=[18] clusters=20 ra=selective_edgecooper_global_pmax comm_bytes=0 selected_grids={}
fusion_method=early pred_boxes=12 gt_boxes=13
pred_scores_shape=(12,)
frame=32/41 receiver_sample=19/20 scenario=2026_07_29_02_32_08 timestamp=000122 cavs=[19]
sgcp_constrained receiver=19 policy=all-cavs sources=[19] clusters=20 ra=selective_edgecooper_global_pmax comm_bytes=0 selected_grids={}
fusion_method=early pred_boxes=19 gt_boxes=29
pred_scores_shape=(19,)
frame=32/41 receiver_sample=20/20 scenario=2026_07_29_02_32_08 timestamp=000122 cavs=[20, 19]
sgcp_constrained receiver=20 policy=all-cavs sources=[20, 19] clusters=20 ra=selective_edgecooper_global_pmax comm_bytes=43168 selected_grids={19: 29}
fusion_method=early pred_boxes=26 gt_boxes=43
pred_scores_shape=(26,)
frame=33/41 receiver_sample=1/20 scenario=2026_07_29_02_32_08 timestamp=000124 cavs=[1]
sgcp_constrained receiver=1 policy=all-cavs sources=[1] clusters=20 ra=selective_edgecooper_global_pmax comm_bytes=0 selected_grids={}
fusion_method=early pred_boxes=21 gt_boxes=40
pred_scores_shape=(21,)
frame=33/41 receiver_sample=2/20 scenario=2026_07_29_02_32_08 timestamp=000124 cavs=[2, 15]
sgcp_constrained receiver=2 policy=all-cavs sources=[2, 15] clusters=20 ra=selective_edgecooper_global_pmax comm_bytes=29216 selected_grids={15: 29}
fusion_method=early pred_boxes=25 gt_boxes=43
pred_scores_shape=(25,)
frame=33/41 receiver_sample=3/20 scenario=2026_07_29_02_32_08 timestamp=000124 cavs=[3, 16, 18]
sgcp_constrained receiver=3 policy=all-cavs sources=[3, 16, 18] clusters=20 ra=selective_edgecooper_global_pmax comm_bytes=82128 selected_grids={16: 29, 18: 29}
fusion_method=early pred_boxes=22 gt_boxes=33
pred_scores_shape=(22,)
frame=33/41 receiver_sample=4/20 scenario=2026_07_29_02_32_08 timestamp=000124 cavs=[4, 1]
sgcp_constrained receiver=4 policy=all-cavs sources=[4, 1] clusters=20 ra=selective_edgecooper_global_pmax comm_bytes=45648 selected_grids={1: 29}
fusion_method=early pred_boxes=32 gt_boxes=44
pred_scores_shape=(32,)
frame=33/41 receiver_sample=5/20 scenario=2026_07_29_02_32_08 timestamp=000124 cavs=[5]
sgcp_constrained receiver=5 policy=all-cavs sources=[5] clusters=20 ra=selective_edgecooper_global_pmax comm_bytes=0 selected_grids={}
fusion_method=early pred_boxes=24 gt_boxes=36
pred_scores_shape=(24,)
frame=33/41 receiver_sample=6/20 scenario=2026_07_29_02_32_08 timestamp=000124 cavs=[6]
sgcp_constrained receiver=6 policy=all-cavs sources=[6] clusters=20 ra=selective_edgecooper_global_pmax comm_bytes=0 selected_grids={}
fusion_method=early pred_boxes=14 gt_boxes=17
pred_scores_shape=(14,)
frame=33/41 receiver_sample=7/20 scenario=2026_07_29_02_32_08 timestamp=000124 cavs=[7]
sgcp_constrained receiver=7 policy=all-cavs sources=[7] clusters=20 ra=selective_edgecooper_global_pmax comm_bytes=0 selected_grids={}Format = auto
Extension = pcd
Format = auto
Extension = pcd
Format = auto
Extension = pcd
Format = auto
Extension = pcd
Format = auto
Extension = pcd
Format = auto
Extension = pcd
Format = auto
Extension = pcd
Format = auto
Extension = pcd
Format = auto
Extension = pcd
Format = auto
Extension = pcd
Format = auto
Extension = pcd
Format = auto
Extension = pcd
Format = auto
Extension = pcd
Format = auto
Extension = pcd
Format = auto
Extension = pcd
Format = auto
Extension = pcd
Format = auto
Extension = pcd
Format = auto
Extension = pcd
Format = auto
Extension = pcd
Format = auto
Extension = pcd

fusion_method=early pred_boxes=17 gt_boxes=35
pred_scores_shape=(17,)
frame=33/41 receiver_sample=8/20 scenario=2026_07_29_02_32_08 timestamp=000124 cavs=[8]
sgcp_constrained receiver=8 policy=all-cavs sources=[8] clusters=20 ra=selective_edgecooper_global_pmax comm_bytes=0 selected_grids={}
fusion_method=early pred_boxes=26 gt_boxes=37
pred_scores_shape=(26,)
frame=33/41 receiver_sample=9/20 scenario=2026_07_29_02_32_08 timestamp=000124 cavs=[9]
sgcp_constrained receiver=9 policy=all-cavs sources=[9] clusters=20 ra=selective_edgecooper_global_pmax comm_bytes=0 selected_grids={}
fusion_method=early pred_boxes=17 gt_boxes=35
pred_scores_shape=(17,)
frame=33/41 receiver_sample=10/20 scenario=2026_07_29_02_32_08 timestamp=000124 cavs=[10, 5, 8]
sgcp_constrained receiver=10 policy=all-cavs sources=[10, 5, 8] clusters=20 ra=selective_edgecooper_global_pmax comm_bytes=74432 selected_grids={5: 29, 8: 29}
fusion_method=early pred_boxes=32 gt_boxes=55
pred_scores_shape=(32,)
frame=33/41 receiver_sample=11/20 scenario=2026_07_29_02_32_08 timestamp=000124 cavs=[11]
sgcp_constrained receiver=11 policy=all-cavs sources=[11] clusters=20 ra=selective_edgecooper_global_pmax comm_bytes=0 selected_grids={}
fusion_method=early pred_boxes=18 gt_boxes=42
pred_scores_shape=(18,)
frame=33/41 receiver_sample=12/20 scenario=2026_07_29_02_32_08 timestamp=000124 cavs=[12, 7]
sgcp_constrained receiver=12 policy=all-cavs sources=[12, 7] clusters=20 ra=selective_edgecooper_global_pmax comm_bytes=54096 selected_grids={7: 44}
fusion_method=early pred_boxes=21 gt_boxes=35
pred_scores_shape=(21,)
frame=33/41 receiver_sample=13/20 scenario=2026_07_29_02_32_08 timestamp=000124 cavs=[13, 9, 14]
sgcp_constrained receiver=13 policy=all-cavs sources=[13, 9, 14] clusters=20 ra=selective_edgecooper_global_pmax comm_bytes=92272 selected_grids={9: 29, 14: 29}
fusion_method=early pred_boxes=21 gt_boxes=38
pred_scores_shape=(21,)
frame=33/41 receiver_sample=14/20 scenario=2026_07_29_02_32_08 timestamp=000124 cavs=[14]
sgcp_constrained receiver=14 policy=all-cavs sources=[14] clusters=20 ra=selective_edgecooper_global_pmax comm_bytes=0 selected_grids={}
fusion_method=early pred_boxes=6 gt_boxes=8
pred_scores_shape=(6,)
frame=33/41 receiver_sample=15/20 scenario=2026_07_29_02_32_08 timestamp=000124 cavs=[15]
sgcp_constrained receiver=15 policy=all-cavs sources=[15] clusters=20 ra=selective_edgecooper_global_pmax comm_bytes=0 selected_grids={}
fusion_method=early pred_boxes=17 gt_boxes=28
pred_scores_shape=(17,)
frame=33/41 receiver_sample=16/20 scenario=2026_07_29_02_32_08 timestamp=000124 cavs=[16]
sgcp_constrained receiver=16 policy=all-cavs sources=[16] clusters=20 ra=selective_edgecooper_global_pmax comm_bytes=0 selected_grids={}
fusion_method=early pred_boxes=16 gt_boxes=27
pred_scores_shape=(16,)
frame=33/41 receiver_sample=17/20 scenario=2026_07_29_02_32_08 timestamp=000124 cavs=[17]
sgcp_constrained receiver=17 policy=all-cavs sources=[17] clusters=20 ra=selective_edgecooper_global_pmax comm_bytes=0 selected_grids={}
fusion_method=early pred_boxes=19 gt_boxes=28
pred_scores_shape=(19,)
frame=33/41 receiver_sample=18/20 scenario=2026_07_29_02_32_08 timestamp=000124 cavs=[18]
sgcp_constrained receiver=18 policy=all-cavs sources=[18] clusters=20 ra=selective_edgecooper_global_pmax comm_bytes=0 selected_grids={}
fusion_method=early pred_boxes=10 gt_boxes=12
pred_scores_shape=(10,)
frame=33/41 receiver_sample=19/20 scenario=2026_07_29_02_32_08 timestamp=000124 cavs=[19]
sgcp_constrained receiver=19 policy=all-cavs sources=[19] clusters=20 ra=selective_edgecooper_global_pmax comm_bytes=0 selected_grids={}
fusion_method=early pred_boxes=20 gt_boxes=29
pred_scores_shape=(20,)
frame=33/41 receiver_sample=20/20 scenario=2026_07_29_02_32_08 timestamp=000124 cavs=[20, 19]
sgcp_constrained receiver=20 policy=all-cavs sources=[20, 19] clusters=20 ra=selective_edgecooper_global_pmax comm_bytes=43168 selected_grids={19: 29}
fusion_method=early pred_boxes=25 gt_boxes=44
pred_scores_shape=(25,)
frame=34/41 receiver_sample=1/20 scenario=2026_07_29_02_32_08 timestamp=000126 cavs=[1]
sgcp_constrained receiver=1 policy=all-cavs sources=[1] clusters=20 ra=selective_edgecooper_global_pmax comm_bytes=0 selected_grids={}
fusion_method=early pred_boxes=21 gt_boxes=40
pred_scores_shape=(21,)
frame=34/41 receiver_sample=2/20 scenario=2026_07_29_02_32_08 timestamp=000126 cavs=[2]
sgcp_constrained receiver=2 policy=all-cavs sources=[2] clusters=20 ra=selective_edgecooper_global_pmax comm_bytes=0 selected_grids={}
fusion_method=early pred_boxes=19 gt_boxes=38
pred_scores_shape=(19,)
frame=34/41 receiver_sample=3/20 scenario=2026_07_29_02_32_08 timestamp=000126 cavs=[3, 16, 18]
sgcp_constrained receiver=3 policy=all-cavs sources=[3, 16, 18] clusters=20 ra=selective_edgecooper_global_pmax comm_bytes=81776 selected_grids={16: 28, 18: 29}
fusion_method=early pred_boxes=23 gt_boxes=33
pred_scores_shape=(23,)
frame=34/41 receiver_sample=4/20 scenario=2026_07_29_02_32_08 timestamp=000126 cavs=[4, 1]
sgcp_constrained receiver=4 policy=all-cavs sources=[4, 1] clusters=20 ra=selective_edgecooper_global_pmax comm_bytes=45712 selected_grids={1: 29}
fusion_method=early pred_boxes=32 gt_boxes=44
pred_scores_shape=(32,)
frame=34/41 receiver_sample=5/20 scenario=2026_07_29_02_32_08 timestamp=000126 cavs=[5]
sgcp_constrained receiver=5 policy=all-cavs sources=[5] clusters=20 ra=selective_edgecooper_global_pmax comm_bytes=0 selected_grids={}
fusion_method=early pred_boxes=23 gt_boxes=35
pred_scores_shape=(23,)
frame=34/41 receiver_sample=6/20 scenario=2026_07_29_02_32_08 timestamp=000126 cavs=[6, 15]
sgcp_constrained receiver=6 policy=all-cavs sources=[6, 15] clusters=20 ra=selective_edgecooper_global_pmax comm_bytes=33040 selected_grids={15: 43}
fusion_method=early pred_boxes=22 gt_boxes=32
pred_scores_shape=(22,)
frame=34/41 receiver_sample=7/20 scenario=2026_07_29_02_32_08 timestamp=000126 cavs=[7]
sgcp_constrained receiver=7 policy=all-cavs sources=[7] clusters=20 ra=selective_edgecooper_global_pmax comm_bytes=0 selected_grids={}
fusion_method=early pred_boxes=21 gt_boxes=36
pred_scores_shape=(21,)
frame=34/41 receiver_sample=8/20 scenario=2026_07_29_02_32_08 timestamp=000126 cavs=[8]
sgcp_constrained receiver=8 policy=all-cavs sources=[8] clusters=20 ra=selective_edgecooper_global_pmax comm_bytes=0 selected_grids={}
fusion_method=early pred_boxes=25 gt_boxes=36
pred_scores_shape=(25,)
frame=34/41 receiver_sample=9/20 scenario=2026_07_29_02_32_08 timestamp=000126 cavs=[9]
sgcp_constrained receiver=9 policy=all-cavs sources=[9] clusters=20 ra=selective_edgecooper_global_pmax comm_bytes=0 selected_grids={}
fusion_method=early pred_boxes=17 gt_boxes=35
pred_scores_shape=(17,)
frame=34/41 receiver_sample=10/20 scenario=2026_07_29_02_32_08 timestamp=000126 cavs=[10, 5, 8]
sgcp_constrained receiver=10 policy=all-cavs sources=[10, 5, 8] clusters=20 ra=selective_edgecooper_global_pmax comm_bytes=74512 selected_grids={5: 29, 8: 29}
fusion_method=early pred_boxes=33 gt_boxes=54
pred_scores_shape=(33,)
frame=34/41 receiver_sample=11/20 scenario=2026_07_29_02_32_08 timestamp=000126 cavs=[11]
sgcp_constrained receiver=11 policy=all-cavs sources=[11] clusters=20 ra=selective_edgecooper_global_pmax comm_bytes=0 selected_grids={}
fusion_method=early pred_boxes=18 gt_boxes=42
pred_scores_shape=(18,)
frame=34/41 receiver_sample=12/20 scenario=2026_07_29_02_32_08 timestamp=000126 cavs=[12, 7]
sgcp_constrained receiver=12 policy=all-cavs sources=[12, 7] clusters=20 ra=selective_edgecooper_global_pmax comm_bytes=54576 selected_grids={7: 44}
fusion_method=early pred_boxes=22 gt_boxes=34
pred_scores_shape=(22,)
frame=34/41 receiver_sample=13/20 scenario=2026_07_29_02_32_08 timestamp=000126 cavs=[13, 9, 14]
sgcp_constrained receiver=13 policy=all-cavs sources=[13, 9, 14] clusters=20 ra=selective_edgecooper_global_pmax comm_bytes=92352 selected_grids={9: 29, 14: 29}
fusion_method=early pred_boxes=22 gt_boxes=38
pred_scores_shape=(22,)
frame=34/41 receiver_sample=14/20 scenario=2026_07_29_02_32_08 timestamp=000126 cavs=[14]
sgcp_constrained receiver=14 policy=all-cavs sources=[14] clusters=20 ra=selective_edgecooper_global_pmax comm_bytes=0 selected_grids={}Format = auto
Extension = pcd
Format = auto
Extension = pcd
Format = auto
Extension = pcd
Format = auto
Extension = pcd
Format = auto
Extension = pcd
Format = auto
Extension = pcd
Format = auto
Extension = pcd
Format = auto
Extension = pcd
Format = auto
Extension = pcd
Format = auto
Extension = pcd
Format = auto
Extension = pcd
Format = auto
Extension = pcd
Format = auto
Extension = pcd
Format = auto
Extension = pcd
Format = auto
Extension = pcd
Format = auto
Extension = pcd
Format = auto
Extension = pcd
Format = auto
Extension = pcd
Format = auto
Extension = pcd
Format = auto
Extension = pcd
Format = auto
Extension = pcd
Format = auto
Extension = pcd
Format = auto
Extension = pcd
Format = auto
Extension = pcd
Format = auto
Extension = pcd
Format = auto
Extension = pcd
Format = auto
Extension = pcd
Format = auto
Extension = pcd
Format = auto
Extension = pcd
Format = auto
Extension = pcd
Format = auto
Extension = pcd
Format = auto
Extension = pcd
Format = auto
Extension = pcd
Format = auto
Extension = pcd
Format = auto
Extension = pcd
Format = auto
Extension = pcd
Format = auto
Extension = pcd
Format = auto
Extension = pcd
Format = auto
Extension = pcd
Format = auto
Extension = pcd

fusion_method=early pred_boxes=5 gt_boxes=8
pred_scores_shape=(5,)
frame=34/41 receiver_sample=15/20 scenario=2026_07_29_02_32_08 timestamp=000126 cavs=[15]
sgcp_constrained receiver=15 policy=all-cavs sources=[15] clusters=20 ra=selective_edgecooper_global_pmax comm_bytes=0 selected_grids={}
fusion_method=early pred_boxes=19 gt_boxes=29
pred_scores_shape=(19,)
frame=34/41 receiver_sample=16/20 scenario=2026_07_29_02_32_08 timestamp=000126 cavs=[16]
sgcp_constrained receiver=16 policy=all-cavs sources=[16] clusters=20 ra=selective_edgecooper_global_pmax comm_bytes=0 selected_grids={}
fusion_method=early pred_boxes=20 gt_boxes=27
pred_scores_shape=(20,)
frame=34/41 receiver_sample=17/20 scenario=2026_07_29_02_32_08 timestamp=000126 cavs=[17]
sgcp_constrained receiver=17 policy=all-cavs sources=[17] clusters=20 ra=selective_edgecooper_global_pmax comm_bytes=0 selected_grids={}
fusion_method=early pred_boxes=17 gt_boxes=28
pred_scores_shape=(17,)
frame=34/41 receiver_sample=18/20 scenario=2026_07_29_02_32_08 timestamp=000126 cavs=[18]
sgcp_constrained receiver=18 policy=all-cavs sources=[18] clusters=20 ra=selective_edgecooper_global_pmax comm_bytes=0 selected_grids={}
fusion_method=early pred_boxes=10 gt_boxes=12
pred_scores_shape=(10,)
frame=34/41 receiver_sample=19/20 scenario=2026_07_29_02_32_08 timestamp=000126 cavs=[19]
sgcp_constrained receiver=19 policy=all-cavs sources=[19] clusters=20 ra=selective_edgecooper_global_pmax comm_bytes=0 selected_grids={}
fusion_method=early pred_boxes=20 gt_boxes=29
pred_scores_shape=(20,)
frame=34/41 receiver_sample=20/20 scenario=2026_07_29_02_32_08 timestamp=000126 cavs=[20, 19]
sgcp_constrained receiver=20 policy=all-cavs sources=[20, 19] clusters=20 ra=selective_edgecooper_global_pmax comm_bytes=43136 selected_grids={19: 29}
fusion_method=early pred_boxes=25 gt_boxes=45
pred_scores_shape=(25,)
frame=35/41 receiver_sample=1/20 scenario=2026_07_29_02_32_08 timestamp=000128 cavs=[1]
sgcp_constrained receiver=1 policy=all-cavs sources=[1] clusters=20 ra=selective_edgecooper_global_pmax comm_bytes=0 selected_grids={}
fusion_method=early pred_boxes=21 gt_boxes=41
pred_scores_shape=(21,)
frame=35/41 receiver_sample=2/20 scenario=2026_07_29_02_32_08 timestamp=000128 cavs=[2]
sgcp_constrained receiver=2 policy=all-cavs sources=[2] clusters=20 ra=selective_edgecooper_global_pmax comm_bytes=0 selected_grids={}
fusion_method=early pred_boxes=19 gt_boxes=38
pred_scores_shape=(19,)
frame=35/41 receiver_sample=3/20 scenario=2026_07_29_02_32_08 timestamp=000128 cavs=[3, 16, 18]
sgcp_constrained receiver=3 policy=all-cavs sources=[3, 16, 18] clusters=20 ra=selective_edgecooper_global_pmax comm_bytes=80368 selected_grids={16: 28, 18: 29}
fusion_method=early pred_boxes=23 gt_boxes=32
pred_scores_shape=(23,)
frame=35/41 receiver_sample=4/20 scenario=2026_07_29_02_32_08 timestamp=000128 cavs=[4, 1]
sgcp_constrained receiver=4 policy=all-cavs sources=[4, 1] clusters=20 ra=selective_edgecooper_global_pmax comm_bytes=45808 selected_grids={1: 29}
fusion_method=early pred_boxes=32 gt_boxes=45
pred_scores_shape=(32,)
frame=35/41 receiver_sample=5/20 scenario=2026_07_29_02_32_08 timestamp=000128 cavs=[5]
sgcp_constrained receiver=5 policy=all-cavs sources=[5] clusters=20 ra=selective_edgecooper_global_pmax comm_bytes=0 selected_grids={}
fusion_method=early pred_boxes=23 gt_boxes=35
pred_scores_shape=(23,)
frame=35/41 receiver_sample=6/20 scenario=2026_07_29_02_32_08 timestamp=000128 cavs=[6]
sgcp_constrained receiver=6 policy=all-cavs sources=[6] clusters=20 ra=selective_edgecooper_global_pmax comm_bytes=0 selected_grids={}
fusion_method=early pred_boxes=15 gt_boxes=16
pred_scores_shape=(15,)
frame=35/41 receiver_sample=7/20 scenario=2026_07_29_02_32_08 timestamp=000128 cavs=[7, 12]
sgcp_constrained receiver=7 policy=all-cavs sources=[7, 12] clusters=20 ra=selective_edgecooper_global_pmax comm_bytes=58832 selected_grids={12: 44}
fusion_method=early pred_boxes=24 gt_boxes=38
pred_scores_shape=(24,)
frame=35/41 receiver_sample=8/20 scenario=2026_07_29_02_32_08 timestamp=000128 cavs=[8]
sgcp_constrained receiver=8 policy=all-cavs sources=[8] clusters=20 ra=selective_edgecooper_global_pmax comm_bytes=0 selected_grids={}
fusion_method=early pred_boxes=25 gt_boxes=37
pred_scores_shape=(25,)
frame=35/41 receiver_sample=9/20 scenario=2026_07_29_02_32_08 timestamp=000128 cavs=[9]
sgcp_constrained receiver=9 policy=all-cavs sources=[9] clusters=20 ra=selective_edgecooper_global_pmax comm_bytes=0 selected_grids={}
fusion_method=early pred_boxes=16 gt_boxes=34
pred_scores_shape=(16,)
frame=35/41 receiver_sample=10/20 scenario=2026_07_29_02_32_08 timestamp=000128 cavs=[10, 5, 8]
sgcp_constrained receiver=10 policy=all-cavs sources=[10, 5, 8] clusters=20 ra=selective_edgecooper_global_pmax comm_bytes=74112 selected_grids={5: 29, 8: 29}
fusion_method=early pred_boxes=32 gt_boxes=54
pred_scores_shape=(32,)
frame=35/41 receiver_sample=11/20 scenario=2026_07_29_02_32_08 timestamp=000128 cavs=[11, 15]
sgcp_constrained receiver=11 policy=all-cavs sources=[11, 15] clusters=20 ra=selective_edgecooper_global_pmax comm_bytes=38736 selected_grids={15: 29}
fusion_method=early pred_boxes=26 gt_boxes=49
pred_scores_shape=(26,)
frame=35/41 receiver_sample=12/20 scenario=2026_07_29_02_32_08 timestamp=000128 cavs=[12]
sgcp_constrained receiver=12 policy=all-cavs sources=[12] clusters=20 ra=selective_edgecooper_global_pmax comm_bytes=0 selected_grids={}
fusion_method=early pred_boxes=13 gt_boxes=19
pred_scores_shape=(13,)
frame=35/41 receiver_sample=13/20 scenario=2026_07_29_02_32_08 timestamp=000128 cavs=[13, 9, 14]
sgcp_constrained receiver=13 policy=all-cavs sources=[13, 9, 14] clusters=20 ra=selective_edgecooper_global_pmax comm_bytes=92624 selected_grids={9: 29, 14: 29}
fusion_method=early pred_boxes=21 gt_boxes=37
pred_scores_shape=(21,)
frame=35/41 receiver_sample=14/20 scenario=2026_07_29_02_32_08 timestamp=000128 cavs=[14]
sgcp_constrained receiver=14 policy=all-cavs sources=[14] clusters=20 ra=selective_edgecooper_global_pmax comm_bytes=0 selected_grids={}
fusion_method=early pred_boxes=5 gt_boxes=8
pred_scores_shape=(5,)
frame=35/41 receiver_sample=15/20 scenario=2026_07_29_02_32_08 timestamp=000128 cavs=[15]
sgcp_constrained receiver=15 policy=all-cavs sources=[15] clusters=20 ra=selective_edgecooper_global_pmax comm_bytes=0 selected_grids={}
fusion_method=early pred_boxes=18 gt_boxes=28
pred_scores_shape=(18,)
frame=35/41 receiver_sample=16/20 scenario=2026_07_29_02_32_08 timestamp=000128 cavs=[16]
sgcp_constrained receiver=16 policy=all-cavs sources=[16] clusters=20 ra=selective_edgecooper_global_pmax comm_bytes=0 selected_grids={}
fusion_method=early pred_boxes=16 gt_boxes=26
pred_scores_shape=(16,)
frame=35/41 receiver_sample=17/20 scenario=2026_07_29_02_32_08 timestamp=000128 cavs=[17]
sgcp_constrained receiver=17 policy=all-cavs sources=[17] clusters=20 ra=selective_edgecooper_global_pmax comm_bytes=0 selected_grids={}
fusion_method=early pred_boxes=18 gt_boxes=28
pred_scores_shape=(18,)
frame=35/41 receiver_sample=18/20 scenario=2026_07_29_02_32_08 timestamp=000128 cavs=[18]
sgcp_constrained receiver=18 policy=all-cavs sources=[18] clusters=20 ra=selective_edgecooper_global_pmax comm_bytes=0 selected_grids={}
fusion_method=early pred_boxes=10 gt_boxes=12
pred_scores_shape=(10,)
frame=35/41 receiver_sample=19/20 scenario=2026_07_29_02_32_08 timestamp=000128 cavs=[19]
sgcp_constrained receiver=19 policy=all-cavs sources=[19] clusters=20 ra=selective_edgecooper_global_pmax comm_bytes=0 selected_grids={}
fusion_method=early pred_boxes=17 gt_boxes=29
pred_scores_shape=(17,)
frame=35/41 receiver_sample=20/20 scenario=2026_07_29_02_32_08 timestamp=000128 cavs=[20, 19]
sgcp_constrained receiver=20 policy=all-cavs sources=[20, 19] clusters=20 ra=selective_edgecooper_global_pmax comm_bytes=43040 selected_grids={19: 29}
fusion_method=early pred_boxes=25 gt_boxes=45
pred_scores_shape=(25,)
frame=36/41 receiver_sample=1/20 scenario=2026_07_29_02_32_08 timestamp=000130 cavs=[1]
sgcp_constrained receiver=1 policy=all-cavs sources=[1] clusters=20 ra=selective_edgecooper_global_pmax comm_bytes=0 selected_grids={}Format = auto
Extension = pcd
Format = auto
Extension = pcd
Format = auto
Extension = pcd
Format = auto
Extension = pcd
Format = auto
Extension = pcd
Format = auto
Extension = pcd
Format = auto
Extension = pcd
Format = auto
Extension = pcd
Format = auto
Extension = pcd
Format = auto
Extension = pcd
Format = auto
Extension = pcd
Format = auto
Extension = pcd
Format = auto
Extension = pcd
Format = auto
Extension = pcd
Format = auto
Extension = pcd
Format = auto
Extension = pcd
Format = auto
Extension = pcd
Format = auto
Extension = pcd
Format = auto
Extension = pcd
Format = auto
Extension = pcd

fusion_method=early pred_boxes=22 gt_boxes=41
pred_scores_shape=(22,)
frame=36/41 receiver_sample=2/20 scenario=2026_07_29_02_32_08 timestamp=000130 cavs=[2]
sgcp_constrained receiver=2 policy=all-cavs sources=[2] clusters=20 ra=selective_edgecooper_global_pmax comm_bytes=0 selected_grids={}
fusion_method=early pred_boxes=19 gt_boxes=39
pred_scores_shape=(19,)
frame=36/41 receiver_sample=3/20 scenario=2026_07_29_02_32_08 timestamp=000130 cavs=[3, 16, 18]
sgcp_constrained receiver=3 policy=all-cavs sources=[3, 16, 18] clusters=20 ra=selective_edgecooper_global_pmax comm_bytes=79744 selected_grids={16: 28, 18: 29}
fusion_method=early pred_boxes=24 gt_boxes=32
pred_scores_shape=(24,)
frame=36/41 receiver_sample=4/20 scenario=2026_07_29_02_32_08 timestamp=000130 cavs=[4, 1]
sgcp_constrained receiver=4 policy=all-cavs sources=[4, 1] clusters=20 ra=selective_edgecooper_global_pmax comm_bytes=45808 selected_grids={1: 29}
fusion_method=early pred_boxes=30 gt_boxes=45
pred_scores_shape=(30,)
frame=36/41 receiver_sample=5/20 scenario=2026_07_29_02_32_08 timestamp=000130 cavs=[5, 17, 19]
sgcp_constrained receiver=5 policy=all-cavs sources=[5, 17, 19] clusters=20 ra=selective_edgecooper_global_pmax comm_bytes=94048 selected_grids={17: 29, 19: 29}
fusion_method=early pred_boxes=32 gt_boxes=50
pred_scores_shape=(32,)
frame=36/41 receiver_sample=6/20 scenario=2026_07_29_02_32_08 timestamp=000130 cavs=[6]
sgcp_constrained receiver=6 policy=all-cavs sources=[6] clusters=20 ra=selective_edgecooper_global_pmax comm_bytes=0 selected_grids={}
fusion_method=early pred_boxes=12 gt_boxes=16
pred_scores_shape=(12,)
frame=36/41 receiver_sample=7/20 scenario=2026_07_29_02_32_08 timestamp=000130 cavs=[7, 12]
sgcp_constrained receiver=7 policy=all-cavs sources=[7, 12] clusters=20 ra=selective_edgecooper_global_pmax comm_bytes=60432 selected_grids={12: 44}
fusion_method=early pred_boxes=26 gt_boxes=37
pred_scores_shape=(26,)
frame=36/41 receiver_sample=8/20 scenario=2026_07_29_02_32_08 timestamp=000130 cavs=[8]
sgcp_constrained receiver=8 policy=all-cavs sources=[8] clusters=20 ra=selective_edgecooper_global_pmax comm_bytes=0 selected_grids={}
fusion_method=early pred_boxes=25 gt_boxes=37
pred_scores_shape=(25,)
frame=36/41 receiver_sample=9/20 scenario=2026_07_29_02_32_08 timestamp=000130 cavs=[9]
sgcp_constrained receiver=9 policy=all-cavs sources=[9] clusters=20 ra=selective_edgecooper_global_pmax comm_bytes=0 selected_grids={}
fusion_method=early pred_boxes=18 gt_boxes=36
pred_scores_shape=(18,)
frame=36/41 receiver_sample=10/20 scenario=2026_07_29_02_32_08 timestamp=000130 cavs=[10, 8]
sgcp_constrained receiver=10 policy=all-cavs sources=[10, 8] clusters=20 ra=selective_edgecooper_global_pmax comm_bytes=30896 selected_grids={8: 29}
fusion_method=early pred_boxes=23 gt_boxes=48
pred_scores_shape=(23,)
frame=36/41 receiver_sample=11/20 scenario=2026_07_29_02_32_08 timestamp=000130 cavs=[11, 15]
sgcp_constrained receiver=11 policy=all-cavs sources=[11, 15] clusters=20 ra=selective_edgecooper_global_pmax comm_bytes=38096 selected_grids={15: 29}
fusion_method=early pred_boxes=25 gt_boxes=48
pred_scores_shape=(25,)
frame=36/41 receiver_sample=12/20 scenario=2026_07_29_02_32_08 timestamp=000130 cavs=[12]
sgcp_constrained receiver=12 policy=all-cavs sources=[12] clusters=20 ra=selective_edgecooper_global_pmax comm_bytes=0 selected_grids={}
fusion_method=early pred_boxes=12 gt_boxes=19
pred_scores_shape=(12,)
frame=36/41 receiver_sample=13/20 scenario=2026_07_29_02_32_08 timestamp=000130 cavs=[13, 9, 14]
sgcp_constrained receiver=13 policy=all-cavs sources=[13, 9, 14] clusters=20 ra=selective_edgecooper_global_pmax comm_bytes=92016 selected_grids={9: 29, 14: 29}
fusion_method=early pred_boxes=18 gt_boxes=38
pred_scores_shape=(18,)
frame=36/41 receiver_sample=14/20 scenario=2026_07_29_02_32_08 timestamp=000130 cavs=[14]
sgcp_constrained receiver=14 policy=all-cavs sources=[14] clusters=20 ra=selective_edgecooper_global_pmax comm_bytes=0 selected_grids={}
fusion_method=early pred_boxes=5 gt_boxes=8
pred_scores_shape=(5,)
frame=36/41 receiver_sample=15/20 scenario=2026_07_29_02_32_08 timestamp=000130 cavs=[15]
sgcp_constrained receiver=15 policy=all-cavs sources=[15] clusters=20 ra=selective_edgecooper_global_pmax comm_bytes=0 selected_grids={}
fusion_method=early pred_boxes=15 gt_boxes=26
pred_scores_shape=(15,)
frame=36/41 receiver_sample=16/20 scenario=2026_07_29_02_32_08 timestamp=000130 cavs=[16]
sgcp_constrained receiver=16 policy=all-cavs sources=[16] clusters=20 ra=selective_edgecooper_global_pmax comm_bytes=0 selected_grids={}
fusion_method=early pred_boxes=15 gt_boxes=26
pred_scores_shape=(15,)
frame=36/41 receiver_sample=17/20 scenario=2026_07_29_02_32_08 timestamp=000130 cavs=[17]
sgcp_constrained receiver=17 policy=all-cavs sources=[17] clusters=20 ra=selective_edgecooper_global_pmax comm_bytes=0 selected_grids={}
fusion_method=early pred_boxes=18 gt_boxes=27
pred_scores_shape=(18,)
frame=36/41 receiver_sample=18/20 scenario=2026_07_29_02_32_08 timestamp=000130 cavs=[18]
sgcp_constrained receiver=18 policy=all-cavs sources=[18] clusters=20 ra=selective_edgecooper_global_pmax comm_bytes=0 selected_grids={}
fusion_method=early pred_boxes=11 gt_boxes=12
pred_scores_shape=(11,)
frame=36/41 receiver_sample=19/20 scenario=2026_07_29_02_32_08 timestamp=000130 cavs=[19]
sgcp_constrained receiver=19 policy=all-cavs sources=[19] clusters=20 ra=selective_edgecooper_global_pmax comm_bytes=0 selected_grids={}
fusion_method=early pred_boxes=18 gt_boxes=29
pred_scores_shape=(18,)
frame=36/41 receiver_sample=20/20 scenario=2026_07_29_02_32_08 timestamp=000130 cavs=[20]
sgcp_constrained receiver=20 policy=all-cavs sources=[20] clusters=20 ra=selective_edgecooper_global_pmax comm_bytes=0 selected_grids={}
fusion_method=early pred_boxes=21 gt_boxes=36
pred_scores_shape=(21,)
frame=37/41 receiver_sample=1/20 scenario=2026_07_29_02_32_08 timestamp=000132 cavs=[1]
sgcp_constrained receiver=1 policy=all-cavs sources=[1] clusters=20 ra=selective_edgecooper_global_pmax comm_bytes=0 selected_grids={}
fusion_method=early pred_boxes=22 gt_boxes=41
pred_scores_shape=(22,)
frame=37/41 receiver_sample=2/20 scenario=2026_07_29_02_32_08 timestamp=000132 cavs=[2]
sgcp_constrained receiver=2 policy=all-cavs sources=[2] clusters=20 ra=selective_edgecooper_global_pmax comm_bytes=0 selected_grids={}
fusion_method=early pred_boxes=19 gt_boxes=39
pred_scores_shape=(19,)
frame=37/41 receiver_sample=3/20 scenario=2026_07_29_02_32_08 timestamp=000132 cavs=[3, 16, 18]
sgcp_constrained receiver=3 policy=all-cavs sources=[3, 16, 18] clusters=20 ra=selective_edgecooper_global_pmax comm_bytes=80816 selected_grids={16: 29, 18: 29}
fusion_method=early pred_boxes=21 gt_boxes=32
pred_scores_shape=(21,)
frame=37/41 receiver_sample=4/20 scenario=2026_07_29_02_32_08 timestamp=000132 cavs=[4, 1]
sgcp_constrained receiver=4 policy=all-cavs sources=[4, 1] clusters=20 ra=selective_edgecooper_global_pmax comm_bytes=45904 selected_grids={1: 29}
fusion_method=early pred_boxes=30 gt_boxes=45
pred_scores_shape=(30,)
frame=37/41 receiver_sample=5/20 scenario=2026_07_29_02_32_08 timestamp=000132 cavs=[5]
sgcp_constrained receiver=5 policy=all-cavs sources=[5] clusters=20 ra=selective_edgecooper_global_pmax comm_bytes=0 selected_grids={}
fusion_method=early pred_boxes=28 gt_boxes=34
pred_scores_shape=(28,)
frame=37/41 receiver_sample=6/20 scenario=2026_07_29_02_32_08 timestamp=000132 cavs=[6]
sgcp_constrained receiver=6 policy=all-cavs sources=[6] clusters=20 ra=selective_edgecooper_global_pmax comm_bytes=0 selected_grids={}
fusion_method=early pred_boxes=12 gt_boxes=17
pred_scores_shape=(12,)
frame=37/41 receiver_sample=7/20 scenario=2026_07_29_02_32_08 timestamp=000132 cavs=[7, 12]
sgcp_constrained receiver=7 policy=all-cavs sources=[7, 12] clusters=20 ra=selective_edgecooper_global_pmax comm_bytes=54720 selected_grids={12: 29}
fusion_method=early pred_boxes=24 gt_boxes=36
pred_scores_shape=(24,)
frame=37/41 receiver_sample=8/20 scenario=2026_07_29_02_32_08 timestamp=000132 cavs=[8]
sgcp_constrained receiver=8 policy=all-cavs sources=[8] clusters=20 ra=selective_edgecooper_global_pmax comm_bytes=0 selected_grids={}Format = auto
Extension = pcd
Format = auto
Extension = pcd
Format = auto
Extension = pcd
Format = auto
Extension = pcd
Format = auto
Extension = pcd
Format = auto
Extension = pcd
Format = auto
Extension = pcd
Format = auto
Extension = pcd
Format = auto
Extension = pcd
Format = auto
Extension = pcd
Format = auto
Extension = pcd
Format = auto
Extension = pcd
Format = auto
Extension = pcd
Format = auto
Extension = pcd
Format = auto
Extension = pcd
Format = auto
Extension = pcd
Format = auto
Extension = pcd
Format = auto
Extension = pcd
Format = auto
Extension = pcd
Format = auto
Extension = pcd

fusion_method=early pred_boxes=23 gt_boxes=37
pred_scores_shape=(23,)
frame=37/41 receiver_sample=9/20 scenario=2026_07_29_02_32_08 timestamp=000132 cavs=[9]
sgcp_constrained receiver=9 policy=all-cavs sources=[9] clusters=20 ra=selective_edgecooper_global_pmax comm_bytes=0 selected_grids={}
fusion_method=early pred_boxes=18 gt_boxes=35
pred_scores_shape=(18,)
frame=37/41 receiver_sample=10/20 scenario=2026_07_29_02_32_08 timestamp=000132 cavs=[10, 5, 8]
sgcp_constrained receiver=10 policy=all-cavs sources=[10, 5, 8] clusters=20 ra=selective_edgecooper_global_pmax comm_bytes=74256 selected_grids={5: 29, 8: 29}
fusion_method=early pred_boxes=30 gt_boxes=54
pred_scores_shape=(30,)
frame=37/41 receiver_sample=11/20 scenario=2026_07_29_02_32_08 timestamp=000132 cavs=[11, 15]
sgcp_constrained receiver=11 policy=all-cavs sources=[11, 15] clusters=20 ra=selective_edgecooper_global_pmax comm_bytes=37696 selected_grids={15: 29}
fusion_method=early pred_boxes=24 gt_boxes=48
pred_scores_shape=(24,)
frame=37/41 receiver_sample=12/20 scenario=2026_07_29_02_32_08 timestamp=000132 cavs=[12]
sgcp_constrained receiver=12 policy=all-cavs sources=[12] clusters=20 ra=selective_edgecooper_global_pmax comm_bytes=0 selected_grids={}
fusion_method=early pred_boxes=13 gt_boxes=18
pred_scores_shape=(13,)
frame=37/41 receiver_sample=13/20 scenario=2026_07_29_02_32_08 timestamp=000132 cavs=[13, 9, 14]
sgcp_constrained receiver=13 policy=all-cavs sources=[13, 9, 14] clusters=20 ra=selective_edgecooper_global_pmax comm_bytes=92832 selected_grids={9: 29, 14: 29}
fusion_method=early pred_boxes=21 gt_boxes=37
pred_scores_shape=(21,)
frame=37/41 receiver_sample=14/20 scenario=2026_07_29_02_32_08 timestamp=000132 cavs=[14]
sgcp_constrained receiver=14 policy=all-cavs sources=[14] clusters=20 ra=selective_edgecooper_global_pmax comm_bytes=0 selected_grids={}
fusion_method=early pred_boxes=6 gt_boxes=8
pred_scores_shape=(6,)
frame=37/41 receiver_sample=15/20 scenario=2026_07_29_02_32_08 timestamp=000132 cavs=[15]
sgcp_constrained receiver=15 policy=all-cavs sources=[15] clusters=20 ra=selective_edgecooper_global_pmax comm_bytes=0 selected_grids={}
fusion_method=early pred_boxes=16 gt_boxes=26
pred_scores_shape=(16,)
frame=37/41 receiver_sample=16/20 scenario=2026_07_29_02_32_08 timestamp=000132 cavs=[16]
sgcp_constrained receiver=16 policy=all-cavs sources=[16] clusters=20 ra=selective_edgecooper_global_pmax comm_bytes=0 selected_grids={}
fusion_method=early pred_boxes=19 gt_boxes=26
pred_scores_shape=(19,)
frame=37/41 receiver_sample=17/20 scenario=2026_07_29_02_32_08 timestamp=000132 cavs=[17]
sgcp_constrained receiver=17 policy=all-cavs sources=[17] clusters=20 ra=selective_edgecooper_global_pmax comm_bytes=0 selected_grids={}
fusion_method=early pred_boxes=18 gt_boxes=27
pred_scores_shape=(18,)
frame=37/41 receiver_sample=18/20 scenario=2026_07_29_02_32_08 timestamp=000132 cavs=[18]
sgcp_constrained receiver=18 policy=all-cavs sources=[18] clusters=20 ra=selective_edgecooper_global_pmax comm_bytes=0 selected_grids={}
fusion_method=early pred_boxes=9 gt_boxes=12
pred_scores_shape=(9,)
frame=37/41 receiver_sample=19/20 scenario=2026_07_29_02_32_08 timestamp=000132 cavs=[19]
sgcp_constrained receiver=19 policy=all-cavs sources=[19] clusters=20 ra=selective_edgecooper_global_pmax comm_bytes=0 selected_grids={}
fusion_method=early pred_boxes=18 gt_boxes=29
pred_scores_shape=(18,)
frame=37/41 receiver_sample=20/20 scenario=2026_07_29_02_32_08 timestamp=000132 cavs=[20, 19]
sgcp_constrained receiver=20 policy=all-cavs sources=[20, 19] clusters=20 ra=selective_edgecooper_global_pmax comm_bytes=43408 selected_grids={19: 29}
fusion_method=early pred_boxes=24 gt_boxes=44
pred_scores_shape=(24,)
frame=38/41 receiver_sample=1/20 scenario=2026_07_29_02_32_08 timestamp=000134 cavs=[1]
sgcp_constrained receiver=1 policy=all-cavs sources=[1] clusters=20 ra=selective_edgecooper_global_pmax comm_bytes=0 selected_grids={}
fusion_method=early pred_boxes=22 gt_boxes=40
pred_scores_shape=(22,)
frame=38/41 receiver_sample=2/20 scenario=2026_07_29_02_32_08 timestamp=000134 cavs=[2]
sgcp_constrained receiver=2 policy=all-cavs sources=[2] clusters=20 ra=selective_edgecooper_global_pmax comm_bytes=0 selected_grids={}
fusion_method=early pred_boxes=19 gt_boxes=39
pred_scores_shape=(19,)
frame=38/41 receiver_sample=3/20 scenario=2026_07_29_02_32_08 timestamp=000134 cavs=[3, 16, 18]
sgcp_constrained receiver=3 policy=all-cavs sources=[3, 16, 18] clusters=20 ra=selective_edgecooper_global_pmax comm_bytes=78928 selected_grids={16: 29, 18: 29}
fusion_method=early pred_boxes=20 gt_boxes=32
pred_scores_shape=(20,)
frame=38/41 receiver_sample=4/20 scenario=2026_07_29_02_32_08 timestamp=000134 cavs=[4, 1]
sgcp_constrained receiver=4 policy=all-cavs sources=[4, 1] clusters=20 ra=selective_edgecooper_global_pmax comm_bytes=45920 selected_grids={1: 29}
fusion_method=early pred_boxes=33 gt_boxes=44
pred_scores_shape=(33,)
frame=38/41 receiver_sample=5/20 scenario=2026_07_29_02_32_08 timestamp=000134 cavs=[5]
sgcp_constrained receiver=5 policy=all-cavs sources=[5] clusters=20 ra=selective_edgecooper_global_pmax comm_bytes=0 selected_grids={}
fusion_method=early pred_boxes=20 gt_boxes=35
pred_scores_shape=(20,)
frame=38/41 receiver_sample=6/20 scenario=2026_07_29_02_32_08 timestamp=000134 cavs=[6]
sgcp_constrained receiver=6 policy=all-cavs sources=[6] clusters=20 ra=selective_edgecooper_global_pmax comm_bytes=0 selected_grids={}
fusion_method=early pred_boxes=12 gt_boxes=17
pred_scores_shape=(12,)
frame=38/41 receiver_sample=7/20 scenario=2026_07_29_02_32_08 timestamp=000134 cavs=[7, 12]
sgcp_constrained receiver=7 policy=all-cavs sources=[7, 12] clusters=20 ra=selective_edgecooper_global_pmax comm_bytes=55664 selected_grids={12: 29}
fusion_method=early pred_boxes=24 gt_boxes=36
pred_scores_shape=(24,)
frame=38/41 receiver_sample=8/20 scenario=2026_07_29_02_32_08 timestamp=000134 cavs=[8]
sgcp_constrained receiver=8 policy=all-cavs sources=[8] clusters=20 ra=selective_edgecooper_global_pmax comm_bytes=0 selected_grids={}
fusion_method=early pred_boxes=23 gt_boxes=37
pred_scores_shape=(23,)
frame=38/41 receiver_sample=9/20 scenario=2026_07_29_02_32_08 timestamp=000134 cavs=[9]
sgcp_constrained receiver=9 policy=all-cavs sources=[9] clusters=20 ra=selective_edgecooper_global_pmax comm_bytes=0 selected_grids={}
fusion_method=early pred_boxes=16 gt_boxes=36
pred_scores_shape=(16,)
frame=38/41 receiver_sample=10/20 scenario=2026_07_29_02_32_08 timestamp=000134 cavs=[10, 5, 8]
sgcp_constrained receiver=10 policy=all-cavs sources=[10, 5, 8] clusters=20 ra=selective_edgecooper_global_pmax comm_bytes=75376 selected_grids={5: 29, 8: 29}
fusion_method=early pred_boxes=33 gt_boxes=55
pred_scores_shape=(33,)
frame=38/41 receiver_sample=11/20 scenario=2026_07_29_02_32_08 timestamp=000134 cavs=[11, 15]
sgcp_constrained receiver=11 policy=all-cavs sources=[11, 15] clusters=20 ra=selective_edgecooper_global_pmax comm_bytes=37632 selected_grids={15: 29}
fusion_method=early pred_boxes=25 gt_boxes=47
pred_scores_shape=(25,)
frame=38/41 receiver_sample=12/20 scenario=2026_07_29_02_32_08 timestamp=000134 cavs=[12]
sgcp_constrained receiver=12 policy=all-cavs sources=[12] clusters=20 ra=selective_edgecooper_global_pmax comm_bytes=0 selected_grids={}
fusion_method=early pred_boxes=13 gt_boxes=18
pred_scores_shape=(13,)
frame=38/41 receiver_sample=13/20 scenario=2026_07_29_02_32_08 timestamp=000134 cavs=[13, 9, 14]
sgcp_constrained receiver=13 policy=all-cavs sources=[13, 9, 14] clusters=20 ra=selective_edgecooper_global_pmax comm_bytes=93504 selected_grids={9: 29, 14: 29}
fusion_method=early pred_boxes=20 gt_boxes=38
pred_scores_shape=(20,)
frame=38/41 receiver_sample=14/20 scenario=2026_07_29_02_32_08 timestamp=000134 cavs=[14]
sgcp_constrained receiver=14 policy=all-cavs sources=[14] clusters=20 ra=selective_edgecooper_global_pmax comm_bytes=0 selected_grids={}
fusion_method=early pred_boxes=6 gt_boxes=8
pred_scores_shape=(6,)
frame=38/41 receiver_sample=15/20 scenario=2026_07_29_02_32_08 timestamp=000134 cavs=[15]
sgcp_constrained receiver=15 policy=all-cavs sources=[15] clusters=20 ra=selective_edgecooper_global_pmax comm_bytes=0 selected_grids={}Format = auto
Extension = pcd
Format = auto
Extension = pcd
Format = auto
Extension = pcd
Format = auto
Extension = pcd
Format = auto
Extension = pcd
Format = auto
Extension = pcd
Format = auto
Extension = pcd
Format = auto
Extension = pcd
Format = auto
Extension = pcd
Format = auto
Extension = pcd
Format = auto
Extension = pcd
Format = auto
Extension = pcd
Format = auto
Extension = pcd
Format = auto
Extension = pcd
Format = auto
Extension = pcd
Format = auto
Extension = pcd
Format = auto
Extension = pcd
Format = auto
Extension = pcd
Format = auto
Extension = pcd
Format = auto
Extension = pcd
Format = auto
Extension = pcd
Format = auto
Extension = pcd
Format = auto
Extension = pcd
Format = auto
Extension = pcd
Format = auto
Extension = pcd
Format = auto
Extension = pcd
Format = auto
Extension = pcd
Format = auto
Extension = pcd
Format = auto
Extension = pcd
Format = auto
Extension = pcd
Format = auto
Extension = pcd
Format = auto
Extension = pcd
Format = auto
Extension = pcd
Format = auto
Extension = pcd
Format = auto
Extension = pcd
Format = auto
Extension = pcd
Format = auto
Extension = pcd
Format = auto
Extension = pcd
Format = auto
Extension = pcd
Format = auto
Extension = pcd

fusion_method=early pred_boxes=17 gt_boxes=27
pred_scores_shape=(17,)
frame=38/41 receiver_sample=16/20 scenario=2026_07_29_02_32_08 timestamp=000134 cavs=[16]
sgcp_constrained receiver=16 policy=all-cavs sources=[16] clusters=20 ra=selective_edgecooper_global_pmax comm_bytes=0 selected_grids={}
fusion_method=early pred_boxes=18 gt_boxes=26
pred_scores_shape=(18,)
frame=38/41 receiver_sample=17/20 scenario=2026_07_29_02_32_08 timestamp=000134 cavs=[17]
sgcp_constrained receiver=17 policy=all-cavs sources=[17] clusters=20 ra=selective_edgecooper_global_pmax comm_bytes=0 selected_grids={}
fusion_method=early pred_boxes=18 gt_boxes=26
pred_scores_shape=(18,)
frame=38/41 receiver_sample=18/20 scenario=2026_07_29_02_32_08 timestamp=000134 cavs=[18]
sgcp_constrained receiver=18 policy=all-cavs sources=[18] clusters=20 ra=selective_edgecooper_global_pmax comm_bytes=0 selected_grids={}
fusion_method=early pred_boxes=10 gt_boxes=12
pred_scores_shape=(10,)
frame=38/41 receiver_sample=19/20 scenario=2026_07_29_02_32_08 timestamp=000134 cavs=[19]
sgcp_constrained receiver=19 policy=all-cavs sources=[19] clusters=20 ra=selective_edgecooper_global_pmax comm_bytes=0 selected_grids={}
fusion_method=early pred_boxes=17 gt_boxes=28
pred_scores_shape=(17,)
frame=38/41 receiver_sample=20/20 scenario=2026_07_29_02_32_08 timestamp=000134 cavs=[20, 19]
sgcp_constrained receiver=20 policy=all-cavs sources=[20, 19] clusters=20 ra=selective_edgecooper_global_pmax comm_bytes=43328 selected_grids={19: 29}
fusion_method=early pred_boxes=24 gt_boxes=44
pred_scores_shape=(24,)
frame=39/41 receiver_sample=1/20 scenario=2026_07_29_02_32_08 timestamp=000136 cavs=[1]
sgcp_constrained receiver=1 policy=all-cavs sources=[1] clusters=20 ra=selective_edgecooper_global_pmax comm_bytes=0 selected_grids={}
fusion_method=early pred_boxes=23 gt_boxes=39
pred_scores_shape=(23,)
frame=39/41 receiver_sample=2/20 scenario=2026_07_29_02_32_08 timestamp=000136 cavs=[2]
sgcp_constrained receiver=2 policy=all-cavs sources=[2] clusters=20 ra=selective_edgecooper_global_pmax comm_bytes=0 selected_grids={}
fusion_method=early pred_boxes=19 gt_boxes=40
pred_scores_shape=(19,)
frame=39/41 receiver_sample=3/20 scenario=2026_07_29_02_32_08 timestamp=000136 cavs=[3, 18]
sgcp_constrained receiver=3 policy=all-cavs sources=[3, 18] clusters=20 ra=selective_edgecooper_global_pmax comm_bytes=31936 selected_grids={18: 29}
fusion_method=early pred_boxes=15 gt_boxes=19
pred_scores_shape=(15,)
frame=39/41 receiver_sample=4/20 scenario=2026_07_29_02_32_08 timestamp=000136 cavs=[4, 1]
sgcp_constrained receiver=4 policy=all-cavs sources=[4, 1] clusters=20 ra=selective_edgecooper_global_pmax comm_bytes=46416 selected_grids={1: 29}
fusion_method=early pred_boxes=32 gt_boxes=43
pred_scores_shape=(32,)
frame=39/41 receiver_sample=5/20 scenario=2026_07_29_02_32_08 timestamp=000136 cavs=[5]
sgcp_constrained receiver=5 policy=all-cavs sources=[5] clusters=20 ra=selective_edgecooper_global_pmax comm_bytes=0 selected_grids={}
fusion_method=early pred_boxes=25 gt_boxes=36
pred_scores_shape=(25,)
frame=39/41 receiver_sample=6/20 scenario=2026_07_29_02_32_08 timestamp=000136 cavs=[6]
sgcp_constrained receiver=6 policy=all-cavs sources=[6] clusters=20 ra=selective_edgecooper_global_pmax comm_bytes=0 selected_grids={}
fusion_method=early pred_boxes=13 gt_boxes=17
pred_scores_shape=(13,)
frame=39/41 receiver_sample=7/20 scenario=2026_07_29_02_32_08 timestamp=000136 cavs=[7, 12]
sgcp_constrained receiver=7 policy=all-cavs sources=[7, 12] clusters=20 ra=selective_edgecooper_global_pmax comm_bytes=56160 selected_grids={12: 29}
fusion_method=early pred_boxes=24 gt_boxes=35
pred_scores_shape=(24,)
frame=39/41 receiver_sample=8/20 scenario=2026_07_29_02_32_08 timestamp=000136 cavs=[8]
sgcp_constrained receiver=8 policy=all-cavs sources=[8] clusters=20 ra=selective_edgecooper_global_pmax comm_bytes=0 selected_grids={}
fusion_method=early pred_boxes=25 gt_boxes=37
pred_scores_shape=(25,)
frame=39/41 receiver_sample=9/20 scenario=2026_07_29_02_32_08 timestamp=000136 cavs=[9]
sgcp_constrained receiver=9 policy=all-cavs sources=[9] clusters=20 ra=selective_edgecooper_global_pmax comm_bytes=0 selected_grids={}
fusion_method=early pred_boxes=17 gt_boxes=36
pred_scores_shape=(17,)
frame=39/41 receiver_sample=10/20 scenario=2026_07_29_02_32_08 timestamp=000136 cavs=[10, 5, 8]
sgcp_constrained receiver=10 policy=all-cavs sources=[10, 5, 8] clusters=20 ra=selective_edgecooper_global_pmax comm_bytes=76624 selected_grids={5: 29, 8: 29}
fusion_method=early pred_boxes=34 gt_boxes=55
pred_scores_shape=(34,)
frame=39/41 receiver_sample=11/20 scenario=2026_07_29_02_32_08 timestamp=000136 cavs=[11, 15]
sgcp_constrained receiver=11 policy=all-cavs sources=[11, 15] clusters=20 ra=selective_edgecooper_global_pmax comm_bytes=37168 selected_grids={15: 29}
fusion_method=early pred_boxes=24 gt_boxes=47
pred_scores_shape=(24,)
frame=39/41 receiver_sample=12/20 scenario=2026_07_29_02_32_08 timestamp=000136 cavs=[12]
sgcp_constrained receiver=12 policy=all-cavs sources=[12] clusters=20 ra=selective_edgecooper_global_pmax comm_bytes=0 selected_grids={}
fusion_method=early pred_boxes=14 gt_boxes=18
pred_scores_shape=(14,)
frame=39/41 receiver_sample=13/20 scenario=2026_07_29_02_32_08 timestamp=000136 cavs=[13, 9, 14]
sgcp_constrained receiver=13 policy=all-cavs sources=[13, 9, 14] clusters=20 ra=selective_edgecooper_global_pmax comm_bytes=93712 selected_grids={9: 29, 14: 29}
fusion_method=early pred_boxes=20 gt_boxes=38
pred_scores_shape=(20,)
frame=39/41 receiver_sample=14/20 scenario=2026_07_29_02_32_08 timestamp=000136 cavs=[14]
sgcp_constrained receiver=14 policy=all-cavs sources=[14] clusters=20 ra=selective_edgecooper_global_pmax comm_bytes=0 selected_grids={}
fusion_method=early pred_boxes=5 gt_boxes=8
pred_scores_shape=(5,)
frame=39/41 receiver_sample=15/20 scenario=2026_07_29_02_32_08 timestamp=000136 cavs=[15]
sgcp_constrained receiver=15 policy=all-cavs sources=[15] clusters=20 ra=selective_edgecooper_global_pmax comm_bytes=0 selected_grids={}
fusion_method=early pred_boxes=17 gt_boxes=28
pred_scores_shape=(17,)
frame=39/41 receiver_sample=16/20 scenario=2026_07_29_02_32_08 timestamp=000136 cavs=[16]
sgcp_constrained receiver=16 policy=all-cavs sources=[16] clusters=20 ra=selective_edgecooper_global_pmax comm_bytes=0 selected_grids={}
fusion_method=early pred_boxes=17 gt_boxes=26
pred_scores_shape=(17,)
frame=39/41 receiver_sample=17/20 scenario=2026_07_29_02_32_08 timestamp=000136 cavs=[17]
sgcp_constrained receiver=17 policy=all-cavs sources=[17] clusters=20 ra=selective_edgecooper_global_pmax comm_bytes=0 selected_grids={}
fusion_method=early pred_boxes=17 gt_boxes=26
pred_scores_shape=(17,)
frame=39/41 receiver_sample=18/20 scenario=2026_07_29_02_32_08 timestamp=000136 cavs=[18]
sgcp_constrained receiver=18 policy=all-cavs sources=[18] clusters=20 ra=selective_edgecooper_global_pmax comm_bytes=0 selected_grids={}
fusion_method=early pred_boxes=9 gt_boxes=12
pred_scores_shape=(9,)
frame=39/41 receiver_sample=19/20 scenario=2026_07_29_02_32_08 timestamp=000136 cavs=[19]
sgcp_constrained receiver=19 policy=all-cavs sources=[19] clusters=20 ra=selective_edgecooper_global_pmax comm_bytes=0 selected_grids={}
fusion_method=early pred_boxes=16 gt_boxes=28
pred_scores_shape=(16,)
frame=39/41 receiver_sample=20/20 scenario=2026_07_29_02_32_08 timestamp=000136 cavs=[20, 17, 19]
sgcp_constrained receiver=20 policy=all-cavs sources=[20, 17, 19] clusters=20 ra=selective_edgecooper_global_pmax comm_bytes=94416 selected_grids={17: 29, 19: 29}
fusion_method=early pred_boxes=30 gt_boxes=52
pred_scores_shape=(30,)
frame=40/41 receiver_sample=1/20 scenario=2026_07_29_02_32_08 timestamp=000138 cavs=[1]
sgcp_constrained receiver=1 policy=all-cavs sources=[1] clusters=20 ra=selective_edgecooper_global_pmax comm_bytes=0 selected_grids={}
fusion_method=early pred_boxes=22 gt_boxes=40
pred_scores_shape=(22,)
frame=40/41 receiver_sample=2/20 scenario=2026_07_29_02_32_08 timestamp=000138 cavs=[2]
sgcp_constrained receiver=2 policy=all-cavs sources=[2] clusters=20 ra=selective_edgecooper_global_pmax comm_bytes=0 selected_grids={}Format = auto
Extension = pcd
Format = auto
Extension = pcd
Format = auto
Extension = pcd
Format = auto
Extension = pcd
Format = auto
Extension = pcd
Format = auto
Extension = pcd
Format = auto
Extension = pcd
Format = auto
Extension = pcd
Format = auto
Extension = pcd
Format = auto
Extension = pcd
Format = auto
Extension = pcd
Format = auto
Extension = pcd
Format = auto
Extension = pcd
Format = auto
Extension = pcd
Format = auto
Extension = pcd
Format = auto
Extension = pcd
Format = auto
Extension = pcd
Format = auto
Extension = pcd
Format = auto
Extension = pcd
Format = auto
Extension = pcd

fusion_method=early pred_boxes=19 gt_boxes=40
pred_scores_shape=(19,)
frame=40/41 receiver_sample=3/20 scenario=2026_07_29_02_32_08 timestamp=000138 cavs=[3, 18]
sgcp_constrained receiver=3 policy=all-cavs sources=[3, 18] clusters=20 ra=selective_edgecooper_global_pmax comm_bytes=30608 selected_grids={18: 29}
fusion_method=early pred_boxes=16 gt_boxes=19
pred_scores_shape=(16,)
frame=40/41 receiver_sample=4/20 scenario=2026_07_29_02_32_08 timestamp=000138 cavs=[4, 1]
sgcp_constrained receiver=4 policy=all-cavs sources=[4, 1] clusters=20 ra=selective_edgecooper_global_pmax comm_bytes=46576 selected_grids={1: 29}
fusion_method=early pred_boxes=32 gt_boxes=45
pred_scores_shape=(32,)
frame=40/41 receiver_sample=5/20 scenario=2026_07_29_02_32_08 timestamp=000138 cavs=[5]
sgcp_constrained receiver=5 policy=all-cavs sources=[5] clusters=20 ra=selective_edgecooper_global_pmax comm_bytes=0 selected_grids={}
fusion_method=early pred_boxes=27 gt_boxes=37
pred_scores_shape=(27,)
frame=40/41 receiver_sample=6/20 scenario=2026_07_29_02_32_08 timestamp=000138 cavs=[6]
sgcp_constrained receiver=6 policy=all-cavs sources=[6] clusters=20 ra=selective_edgecooper_global_pmax comm_bytes=0 selected_grids={}
fusion_method=early pred_boxes=13 gt_boxes=17
pred_scores_shape=(13,)
frame=40/41 receiver_sample=7/20 scenario=2026_07_29_02_32_08 timestamp=000138 cavs=[7, 12]
sgcp_constrained receiver=7 policy=all-cavs sources=[7, 12] clusters=20 ra=selective_edgecooper_global_pmax comm_bytes=57376 selected_grids={12: 29}
fusion_method=early pred_boxes=22 gt_boxes=36
pred_scores_shape=(22,)
frame=40/41 receiver_sample=8/20 scenario=2026_07_29_02_32_08 timestamp=000138 cavs=[8]
sgcp_constrained receiver=8 policy=all-cavs sources=[8] clusters=20 ra=selective_edgecooper_global_pmax comm_bytes=0 selected_grids={}
fusion_method=early pred_boxes=24 gt_boxes=37
pred_scores_shape=(24,)
frame=40/41 receiver_sample=9/20 scenario=2026_07_29_02_32_08 timestamp=000138 cavs=[9]
sgcp_constrained receiver=9 policy=all-cavs sources=[9] clusters=20 ra=selective_edgecooper_global_pmax comm_bytes=0 selected_grids={}
fusion_method=early pred_boxes=17 gt_boxes=36
pred_scores_shape=(17,)
frame=40/41 receiver_sample=10/20 scenario=2026_07_29_02_32_08 timestamp=000138 cavs=[10, 5, 8]
sgcp_constrained receiver=10 policy=all-cavs sources=[10, 5, 8] clusters=20 ra=selective_edgecooper_global_pmax comm_bytes=78512 selected_grids={5: 29, 8: 29}
fusion_method=early pred_boxes=36 gt_boxes=55
pred_scores_shape=(36,)
frame=40/41 receiver_sample=11/20 scenario=2026_07_29_02_32_08 timestamp=000138 cavs=[11, 15]
sgcp_constrained receiver=11 policy=all-cavs sources=[11, 15] clusters=20 ra=selective_edgecooper_global_pmax comm_bytes=37104 selected_grids={15: 29}
fusion_method=early pred_boxes=25 gt_boxes=48
pred_scores_shape=(25,)
frame=40/41 receiver_sample=12/20 scenario=2026_07_29_02_32_08 timestamp=000138 cavs=[12]
sgcp_constrained receiver=12 policy=all-cavs sources=[12] clusters=20 ra=selective_edgecooper_global_pmax comm_bytes=0 selected_grids={}
fusion_method=early pred_boxes=12 gt_boxes=17
pred_scores_shape=(12,)
frame=40/41 receiver_sample=13/20 scenario=2026_07_29_02_32_08 timestamp=000138 cavs=[13, 9, 14]
sgcp_constrained receiver=13 policy=all-cavs sources=[13, 9, 14] clusters=20 ra=selective_edgecooper_global_pmax comm_bytes=93984 selected_grids={9: 29, 14: 29}
fusion_method=early pred_boxes=19 gt_boxes=38
pred_scores_shape=(19,)
frame=40/41 receiver_sample=14/20 scenario=2026_07_29_02_32_08 timestamp=000138 cavs=[14]
sgcp_constrained receiver=14 policy=all-cavs sources=[14] clusters=20 ra=selective_edgecooper_global_pmax comm_bytes=0 selected_grids={}
fusion_method=early pred_boxes=6 gt_boxes=8
pred_scores_shape=(6,)
frame=40/41 receiver_sample=15/20 scenario=2026_07_29_02_32_08 timestamp=000138 cavs=[15]
sgcp_constrained receiver=15 policy=all-cavs sources=[15] clusters=20 ra=selective_edgecooper_global_pmax comm_bytes=0 selected_grids={}
fusion_method=early pred_boxes=19 gt_boxes=28
pred_scores_shape=(19,)
frame=40/41 receiver_sample=16/20 scenario=2026_07_29_02_32_08 timestamp=000138 cavs=[16]
sgcp_constrained receiver=16 policy=all-cavs sources=[16] clusters=20 ra=selective_edgecooper_global_pmax comm_bytes=0 selected_grids={}
fusion_method=early pred_boxes=16 gt_boxes=25
pred_scores_shape=(16,)
frame=40/41 receiver_sample=17/20 scenario=2026_07_29_02_32_08 timestamp=000138 cavs=[17]
sgcp_constrained receiver=17 policy=all-cavs sources=[17] clusters=20 ra=selective_edgecooper_global_pmax comm_bytes=0 selected_grids={}
fusion_method=early pred_boxes=18 gt_boxes=26
pred_scores_shape=(18,)
frame=40/41 receiver_sample=18/20 scenario=2026_07_29_02_32_08 timestamp=000138 cavs=[18]
sgcp_constrained receiver=18 policy=all-cavs sources=[18] clusters=20 ra=selective_edgecooper_global_pmax comm_bytes=0 selected_grids={}
fusion_method=early pred_boxes=7 gt_boxes=12
pred_scores_shape=(7,)
frame=40/41 receiver_sample=19/20 scenario=2026_07_29_02_32_08 timestamp=000138 cavs=[19]
sgcp_constrained receiver=19 policy=all-cavs sources=[19] clusters=20 ra=selective_edgecooper_global_pmax comm_bytes=0 selected_grids={}
fusion_method=early pred_boxes=17 gt_boxes=28
pred_scores_shape=(17,)
frame=40/41 receiver_sample=20/20 scenario=2026_07_29_02_32_08 timestamp=000138 cavs=[20, 17, 19]
sgcp_constrained receiver=20 policy=all-cavs sources=[20, 17, 19] clusters=20 ra=selective_edgecooper_global_pmax comm_bytes=94592 selected_grids={17: 29, 19: 29}
fusion_method=early pred_boxes=32 gt_boxes=52
pred_scores_shape=(32,)
frame=41/41 receiver_sample=1/20 scenario=2026_07_29_02_32_08 timestamp=000140 cavs=[1]
sgcp_constrained receiver=1 policy=all-cavs sources=[1] clusters=20 ra=selective_edgecooper_global_pmax comm_bytes=0 selected_grids={}
fusion_method=early pred_boxes=22 gt_boxes=40
pred_scores_shape=(22,)
frame=41/41 receiver_sample=2/20 scenario=2026_07_29_02_32_08 timestamp=000140 cavs=[2]
sgcp_constrained receiver=2 policy=all-cavs sources=[2] clusters=20 ra=selective_edgecooper_global_pmax comm_bytes=0 selected_grids={}
fusion_method=early pred_boxes=19 gt_boxes=39
pred_scores_shape=(19,)
frame=41/41 receiver_sample=3/20 scenario=2026_07_29_02_32_08 timestamp=000140 cavs=[3, 18]
sgcp_constrained receiver=3 policy=all-cavs sources=[3, 18] clusters=20 ra=selective_edgecooper_global_pmax comm_bytes=29024 selected_grids={18: 29}
fusion_method=early pred_boxes=18 gt_boxes=19
pred_scores_shape=(18,)
frame=41/41 receiver_sample=4/20 scenario=2026_07_29_02_32_08 timestamp=000140 cavs=[4, 1, 12]
sgcp_constrained receiver=4 policy=all-cavs sources=[4, 1, 12] clusters=20 ra=selective_edgecooper_global_pmax comm_bytes=98176 selected_grids={1: 29, 12: 29}
fusion_method=early pred_boxes=30 gt_boxes=45
pred_scores_shape=(30,)
frame=41/41 receiver_sample=5/20 scenario=2026_07_29_02_32_08 timestamp=000140 cavs=[5]
sgcp_constrained receiver=5 policy=all-cavs sources=[5] clusters=20 ra=selective_edgecooper_global_pmax comm_bytes=0 selected_grids={}
fusion_method=early pred_boxes=23 gt_boxes=37
pred_scores_shape=(23,)
frame=41/41 receiver_sample=6/20 scenario=2026_07_29_02_32_08 timestamp=000140 cavs=[6]
sgcp_constrained receiver=6 policy=all-cavs sources=[6] clusters=20 ra=selective_edgecooper_global_pmax comm_bytes=0 selected_grids={}
fusion_method=early pred_boxes=13 gt_boxes=16
pred_scores_shape=(13,)
frame=41/41 receiver_sample=7/20 scenario=2026_07_29_02_32_08 timestamp=000140 cavs=[7]
sgcp_constrained receiver=7 policy=all-cavs sources=[7] clusters=20 ra=selective_edgecooper_global_pmax comm_bytes=0 selected_grids={}
fusion_method=early pred_boxes=20 gt_boxes=34
pred_scores_shape=(20,)
frame=41/41 receiver_sample=8/20 scenario=2026_07_29_02_32_08 timestamp=000140 cavs=[8]
sgcp_constrained receiver=8 policy=all-cavs sources=[8] clusters=20 ra=selective_edgecooper_global_pmax comm_bytes=0 selected_grids={}
fusion_method=early pred_boxes=24 gt_boxes=36
pred_scores_shape=(24,)
frame=41/41 receiver_sample=9/20 scenario=2026_07_29_02_32_08 timestamp=000140 cavs=[9]
sgcp_constrained receiver=9 policy=all-cavs sources=[9] clusters=20 ra=selective_edgecooper_global_pmax comm_bytes=0 selected_grids={}
fusion_method=early pred_boxes=18 gt_boxes=35
pred_scores_shape=(18,)
frame=41/41 receiver_sample=10/20 scenario=2026_07_29_02_32_08 timestamp=000140 cavs=[10, 5, 8]
sgcp_constrained receiver=10 policy=all-cavs sources=[10, 5, 8] clusters=20 ra=selective_edgecooper_global_pmax comm_bytes=80496 selected_grids={5: 29, 8: 29}
fusion_method=early pred_boxes=36 gt_boxes=54
pred_scores_shape=(36,)
frame=41/41 receiver_sample=11/20 scenario=2026_07_29_02_32_08 timestamp=000140 cavs=[11, 15]
sgcp_constrained receiver=11 policy=all-cavs sources=[11, 15] clusters=20 ra=selective_edgecooper_global_pmax comm_bytes=37008 selected_grids={15: 29}
fusion_method=early pred_boxes=25 gt_boxes=46
pred_scores_shape=(25,)
frame=41/41 receiver_sample=12/20 scenario=2026_07_29_02_32_08 timestamp=000140 cavs=[12]
sgcp_constrained receiver=12 policy=all-cavs sources=[12] clusters=20 ra=selective_edgecooper_global_pmax comm_bytes=0 selected_grids={}
fusion_method=early pred_boxes=12 gt_boxes=17
pred_scores_shape=(12,)
frame=41/41 receiver_sample=13/20 scenario=2026_07_29_02_32_08 timestamp=000140 cavs=[13, 9, 14]
sgcp_constrained receiver=13 policy=all-cavs sources=[13, 9, 14] clusters=20 ra=selective_edgecooper_global_pmax comm_bytes=94368 selected_grids={9: 29, 14: 29}
fusion_method=early pred_boxes=21 gt_boxes=37
pred_scores_shape=(21,)
frame=41/41 receiver_sample=14/20 scenario=2026_07_29_02_32_08 timestamp=000140 cavs=[14]
sgcp_constrained receiver=14 policy=all-cavs sources=[14] clusters=20 ra=selective_edgecooper_global_pmax comm_bytes=0 selected_grids={}
fusion_method=early pred_boxes=6 gt_boxes=8
pred_scores_shape=(6,)
frame=41/41 receiver_sample=15/20 scenario=2026_07_29_02_32_08 timestamp=000140 cavs=[15]
sgcp_constrained receiver=15 policy=all-cavs sources=[15] clusters=20 ra=selective_edgecooper_global_pmax comm_bytes=0 selected_grids={}
fusion_method=early pred_boxes=17 gt_boxes=28
pred_scores_shape=(17,)
frame=41/41 receiver_sample=16/20 scenario=2026_07_29_02_32_08 timestamp=000140 cavs=[16]
sgcp_constrained receiver=16 policy=all-cavs sources=[16] clusters=20 ra=selective_edgecooper_global_pmax comm_bytes=0 selected_grids={}
fusion_method=early pred_boxes=14 gt_boxes=26
pred_scores_shape=(14,)
frame=41/41 receiver_sample=17/20 scenario=2026_07_29_02_32_08 timestamp=000140 cavs=[17]
sgcp_constrained receiver=17 policy=all-cavs sources=[17] clusters=20 ra=selective_edgecooper_global_pmax comm_bytes=0 selected_grids={}
fusion_method=early pred_boxes=15 gt_boxes=26
pred_scores_shape=(15,)
frame=41/41 receiver_sample=18/20 scenario=2026_07_29_02_32_08 timestamp=000140 cavs=[18]
sgcp_constrained receiver=18 policy=all-cavs sources=[18] clusters=20 ra=selective_edgecooper_global_pmax comm_bytes=0 selected_grids={}
fusion_method=early pred_boxes=9 gt_boxes=12
pred_scores_shape=(9,)
frame=41/41 receiver_sample=19/20 scenario=2026_07_29_02_32_08 timestamp=000140 cavs=[19]
sgcp_constrained receiver=19 policy=all-cavs sources=[19] clusters=20 ra=selective_edgecooper_global_pmax comm_bytes=0 selected_grids={}
fusion_method=early pred_boxes=15 gt_boxes=28
pred_scores_shape=(15,)
frame=41/41 receiver_sample=20/20 scenario=2026_07_29_02_32_08 timestamp=000140 cavs=[20, 7, 19]
sgcp_constrained receiver=20 policy=all-cavs sources=[20, 7, 19] clusters=20 ra=selective_edgecooper_global_pmax comm_bytes=85888 selected_grids={7: 29, 19: 29}
fusion_method=early pred_boxes=26 gt_boxes=47
pred_scores_shape=(26,)
cp counter: 820
Evaluate final average precision results:
  - Fusion method: early
  - The Average Precision at IOU 0.3 is 0.58, The Average Precision at IOU 0.5 is 0.52, The Average Precision at IOU 0.7 is 0.36
sgcp_summary frames=820 avg_comm_bytes=19766.87 total_comm_bytes=16208832 avg_source_cavs=1.50 avg_selected_grids=15.11
C:\Users\sakakibara\miniconda3\envs\opencda\lib\site-packages\torch\nn\functional.py:1806: UserWarning: nn.functional.sigmoid is deprecated. Use torch.sigmoid instead.
  warnings.warn("nn.functional.sigmoid is deprecated. Use torch.sigmoid instead.")
