scenario_id,timestamp,receiver_id,receiver_policy,coperception_yaml,resource_allocation,upload_mode,grid_selection_mode,grid_score_mode,coverage_fallback,coverage_fallback_replacements,routing_hint_replacements,routing_hints_csv,clustering,cluster_count,selective_frame_deadline_ms,cluster_member_ids,source_cav_ids,uploaded_source_ids,selected_grid_counts_json,point_counts_json,communication_bytes,frame_comm_time_ms,num_channels,bandwidth_mhz,communication_deadline_ms,max_senders_per_receiver,channel_estimator,ns3_tb_size_bytes,ns3_slot_duration_ms,ns3_subchannel_prbs,ns3_symbols_per_slot,ns3_mcs,pcs_rounds_requested,pcs_rounds_accepted,pcs_round_comm_time_ms_json,pcs_round_comm_bytes_json,channel_allocation,missing_channel_sources,pred_boxes,gt_boxes,skipped
2026_07_15_01_26_56,000060,4,all-cluster-heads,docs/doc_workspace/SGCP/artifacts/early_from_late_checkpoint_20260719/enable_coperception_early_from_attentive.yaml,cov_potential_game,grid,utility,utility,none,0,0,,cov_coalition_game,6,,4;8;12,4;12,12,"{""12"": 57}","{""4"": 4886, ""12"": 2125}",34000,18.909899888765295,10,40.0,200.0,1,ns3,899,0.5,10,12,28,,,[],[],12>4:0,,21,34,
2026_07_15_01_26_56,000060,11,all-cluster-heads,docs/doc_workspace/SGCP/artifacts/early_from_late_checkpoint_20260719/enable_coperception_early_from_attentive.yaml,cov_potential_game,grid,utility,utility,none,0,0,,cov_coalition_game,6,,1;2;10;11,11;10;2,10;2,"{""2"": 55, ""10"": 53}","{""2"": 4863, ""10"": 4871, ""11"": 4909}",155744,43.34593993325918,10,40.0,200.0,1,ns3,899,0.5,10,12,28,,,[],[],2>11:6;10>11:1,,27,45,
2026_07_15_01_26_56,000060,13,all-cluster-heads,docs/doc_workspace/SGCP/artifacts/early_from_late_checkpoint_20260719/enable_coperception_early_from_attentive.yaml,cov_potential_game,grid,utility,utility,none,0,0,,cov_coalition_game,6,,9;13;14;19,13;14;9,14;9,"{""9"": 50, ""14"": 53}","{""9"": 4858, ""13"": 4793, ""14"": 5044}",158432,44.885428253615125,10,40.0,200.0,1,ns3,899,0.5,10,12,28,,,[],[],9>13:8;14>13:2,,8,26,
2026_07_15_01_26_56,000060,15,all-cluster-heads,docs/doc_workspace/SGCP/artifacts/early_from_late_checkpoint_20260719/enable_coperception_early_from_attentive.yaml,cov_potential_game,grid,utility,utility,none,0,0,,cov_coalition_game,6,,6;15,15;6,6,"{""6"": 56}","{""6"": 4485, ""15"": 4740}",71760,39.91101223581757,10,40.0,200.0,1,ns3,899,0.5,10,12,28,,,[],[],6>15:3,,13,17,
2026_07_15_01_26_56,000060,16,all-cluster-heads,docs/doc_workspace/SGCP/artifacts/early_from_late_checkpoint_20260719/enable_coperception_early_from_attentive.yaml,cov_potential_game,grid,utility,utility,none,0,0,,cov_coalition_game,6,,5;7;16;20,16;7;20,7;20,"{""7"": 52, ""20"": 54}","{""7"": 4678, ""16"": 4857, ""20"": 4909}",153392,43.68409343715239,10,40.0,200.0,1,ns3,899,0.5,10,12,28,,,[],[],7>16:4;20>16:7,,21,30,
2026_07_15_01_26_56,000060,17,all-cluster-heads,docs/doc_workspace/SGCP/artifacts/early_from_late_checkpoint_20260719/enable_coperception_early_from_attentive.yaml,cov_potential_game,grid,utility,utility,none,0,0,,cov_coalition_game,6,,3;17;18,17;3;18,3;18,"{""3"": 56, ""18"": 61}","{""3"": 3324, ""17"": 4967, ""18"": 5003}",133232,44.52057842046719,10,40.0,200.0,1,ns3,899,0.5,10,12,28,,,[],[],3>17:5;18>17:9,,10,17,
2026_07_15_01_26_56,000062,1,all-cluster-heads,docs/doc_workspace/SGCP/artifacts/early_from_late_checkpoint_20260719/enable_coperception_early_from_attentive.yaml,cov_potential_game,grid,utility,utility,none,0,0,,cov_coalition_game,6,,1;2;8;11,1;2;11,2;11,"{""2"": 49, ""11"": 56}","{""1"": 4921, ""2"": 4399, ""11"": 4909}",148928,43.68409343715239,10,40.0,200.0,1,ns3,899,0.5,10,12,28,,,[],[],2>1:0;11>1:7,,27,40,
2026_07_15_01_26_56,000062,12,all-cluster-heads,docs/doc_workspace/SGCP/artifacts/early_from_late_checkpoint_20260719/enable_coperception_early_from_attentive.yaml,cov_potential_game,grid,utility,utility,none,0,0,,cov_coalition_game,6,,4;12,12;4,4,"{""4"": 57}","{""4"": 3322, ""12"": 4894}",53152,29.56173526140156,10,40.0,200.0,1,ns3,899,0.5,10,12,28,,,[],[],4>12:1,,17,35,
2026_07_15_01_26_56,000062,15,all-cluster-heads,docs/doc_workspace/SGCP/artifacts/early_from_late_checkpoint_20260719/enable_coperception_early_from_attentive.yaml,cov_potential_game,grid,utility,utility,none,0,0,,cov_coalition_game,6,,6;15,15;6,6,"{""6"": 56}","{""6"": 4478, ""15"": 4745}",71648,39.84872080088988,10,40.0,200.0,1,ns3,899,0.5,10,12,28,,,[],[],6>15:2,,15,17,
2026_07_15_01_26_56,000062,16,all-cluster-heads,docs/doc_workspace/SGCP/artifacts/early_from_late_checkpoint_20260719/enable_coperception_early_from_attentive.yaml,cov_potential_game,grid,utility,utility,none,0,0,,cov_coalition_game,6,,5;7;16;20,16;7;20,7;20,"{""7"": 54, ""20"": 54}","{""7"": 4709, ""16"": 4866, ""20"": 4908}",153872,43.67519466073415,10,40.0,200.0,1,ns3,899,0.5,10,12,28,,,[],[],7>16:3;20>16:8,,23,30,
2026_07_15_01_26_56,000062,17,all-cluster-heads,docs/doc_workspace/SGCP/artifacts/early_from_late_checkpoint_20260719/enable_coperception_early_from_attentive.yaml,cov_potential_game,grid,utility,utility,none,0,0,,cov_coalition_game,6,,3;14;17;18,17;14;3,14;3,"{""3"": 61, ""14"": 54}","{""3"": 4976, ""14"": 5042, ""17"": 4985}",160288,44.86763070077864,10,40.0,200.0,1,ns3,899,0.5,10,12,28,,,[],[],3>17:6;14>17:4,,10,15,
2026_07_15_01_26_56,000062,19,all-cluster-heads,docs/doc_workspace/SGCP/artifacts/early_from_late_checkpoint_20260719/enable_coperception_early_from_attentive.yaml,cov_potential_game,grid,utility,utility,none,0,0,,cov_coalition_game,6,,9;10;13;19,19;10;13,10;13,"{""10"": 55, ""13"": 55}","{""10"": 4917, ""13"": 4793, ""19"": 4823}",155360,43.75528364849833,10,40.0,200.0,1,ns3,899,0.5,10,12,28,,,[],[],10>19:5;13>19:9,,14,35,
2026_07_15_01_26_56,000064,1,all-cluster-heads,docs/doc_workspace/SGCP/artifacts/early_from_late_checkpoint_20260719/enable_coperception_early_from_attentive.yaml,cov_potential_game,grid,utility,utility,none,0,0,,cov_coalition_game,6,,1;2;8;11,1;2;11,2;11,"{""2"": 51, ""11"": 57}","{""1"": 4921, ""2"": 4384, ""11"": 4912}",148736,43.71078976640712,10,40.0,200.0,1,ns3,899,0.5,10,12,28,,,[],[],2>1:0;11>1:7,,27,40,
2026_07_15_01_26_56,000064,12,all-cluster-heads,docs/doc_workspace/SGCP/artifacts/early_from_late_checkpoint_20260719/enable_coperception_early_from_attentive.yaml,cov_potential_game,grid,utility,utility,none,0,0,,cov_coalition_game,6,,4;12,12;4,4,"{""4"": 56}","{""4"": 3281, ""12"": 4896}",52496,29.196885428253616,10,40.0,200.0,1,ns3,899,0.5,10,12,28,,,[],[],4>12:1,,14,35,
2026_07_15_01_26_56,000064,15,all-cluster-heads,docs/doc_workspace/SGCP/artifacts/early_from_late_checkpoint_20260719/enable_coperception_early_from_attentive.yaml,cov_potential_game,grid,utility,utility,none,0,0,,cov_coalition_game,6,,6;15,15;6,6,"{""6"": 58}","{""6"": 4512, ""15"": 4750}",72192,40.15127919911012,10,40.0,200.0,1,ns3,899,0.5,10,12,28,,,[],[],6>15:2,,15,17,
2026_07_15_01_26_56,000064,16,all-cluster-heads,docs/doc_workspace/SGCP/artifacts/early_from_late_checkpoint_20260719/enable_coperception_early_from_attentive.yaml,cov_potential_game,grid,utility,utility,none,0,0,,cov_coalition_game,6,,5;7;16;20,16;7;20,7;20,"{""7"": 54, ""20"": 53}","{""7"": 4698, ""16"": 4850, ""20"": 4908}",153696,43.67519466073415,10,40.0,200.0,1,ns3,899,0.5,10,12,28,,,[],[],7>16:3;20>16:9,,19,31,
2026_07_15_01_26_56,000064,17,all-cluster-heads,docs/doc_workspace/SGCP/artifacts/early_from_late_checkpoint_20260719/enable_coperception_early_from_attentive.yaml,cov_potential_game,grid,utility,utility,none,0,0,,cov_coalition_game,6,,3;14;17;18,17;14;3,14;3,"{""3"": 61, ""14"": 55}","{""3"": 4976, ""14"": 5060, ""17"": 4966}",160576,45.027808676307004,10,40.0,200.0,1,ns3,899,0.5,10,12,28,,,[],[],3>17:6;14>17:4,,9,15,
2026_07_15_01_26_56,000064,19,all-cluster-heads,docs/doc_workspace/SGCP/artifacts/early_from_late_checkpoint_20260719/enable_coperception_early_from_attentive.yaml,cov_potential_game,grid,utility,utility,none,0,0,,cov_coalition_game,6,,9;10;13;19,19;10;13,10;13,"{""10"": 56, ""13"": 55}","{""10"": 4908, ""13"": 4794, ""19"": 4819}",155232,43.67519466073415,10,40.0,200.0,1,ns3,899,0.5,10,12,28,,,[],[],10>19:5;13>19:8,,11,34,
2026_07_15_01_26_56,000066,1,all-cluster-heads,docs/doc_workspace/SGCP/artifacts/early_from_late_checkpoint_20260719/enable_coperception_early_from_attentive.yaml,cov_potential_game,grid,utility,utility,none,0,0,,cov_coalition_game,6,,1;2;8;11,1;2;11,2;11,"{""2"": 52, ""11"": 58}","{""1"": 4922, ""2"": 4392, ""11"": 4913}",148880,43.71968854282536,10,40.0,200.0,1,ns3,899,0.5,10,12,28,,,[],[],2>1:0;11>1:8,,28,41,
2026_07_15_01_26_56,000066,12,all-cluster-heads,docs/doc_workspace/SGCP/artifacts/early_from_late_checkpoint_20260719/enable_coperception_early_from_attentive.yaml,cov_potential_game,grid,utility,utility,none,0,0,,cov_coalition_game,6,,4;7;12,12;7;4,7;4,"{""4"": 61, ""7"": 55}","{""4"": 4866, ""7"": 4864, ""12"": 4884}",155680,43.301446051167964,10,40.0,200.0,1,ns3,899,0.5,10,12,28,,,[],[],4>12:9;7>12:1,,27,42,
2026_07_15_01_26_56,000066,15,all-cluster-heads,docs/doc_workspace/SGCP/artifacts/early_from_late_checkpoint_20260719/enable_coperception_early_from_attentive.yaml,cov_potential_game,grid,utility,utility,none,0,0,,cov_coalition_game,6,,6;15,15;6,6,"{""6"": 57}","{""6"": 4507, ""15"": 4740}",72112,40.10678531701891,10,40.0,200.0,1,ns3,899,0.5,10,12,28,,,[],[],6>15:2,,14,17,
2026_07_15_01_26_56,000066,16,all-cluster-heads,docs/doc_workspace/SGCP/artifacts/early_from_late_checkpoint_20260719/enable_coperception_early_from_attentive.yaml,cov_potential_game,grid,utility,utility,none,0,0,,cov_coalition_game,6,,5;16;20,16;20,20,"{""20"": 48}","{""16"": 4854, ""20"": 3146}",50336,27.99555061179088,10,40.0,200.0,1,ns3,899,0.5,10,12,28,,,[],[],20>16:3,,16,25,
2026_07_15_01_26_56,000066,17,all-cluster-heads,docs/doc_workspace/SGCP/artifacts/early_from_late_checkpoint_20260719/enable_coperception_early_from_attentive.yaml,cov_potential_game,grid,utility,utility,none,0,0,,cov_coalition_game,6,,3;14;17;18,17;14;3,14;3,"{""3"": 64, ""14"": 57}","{""3"": 4982, ""14"": 5042, ""17"": 4984}",160384,44.86763070077864,10,40.0,200.0,1,ns3,899,0.5,10,12,28,,,[],[],3>17:6;14>17:4,,9,15,
2026_07_15_01_26_56,000066,19,all-cluster-heads,docs/doc_workspace/SGCP/artifacts/early_from_late_checkpoint_20260719/enable_coperception_early_from_attentive.yaml,cov_potential_game,grid,utility,utility,none,0,0,,cov_coalition_game,6,,9;10;13;19,19;10;13,10;13,"{""10"": 55, ""13"": 55}","{""10"": 4902, ""13"": 4794, ""19"": 4818}",155136,43.62180200222469,10,40.0,200.0,1,ns3,899,0.5,10,12,28,,,[],[],10>19:5;13>19:7,,10,35,
2026_07_15_01_26_56,000068,1,all-cluster-heads,docs/doc_workspace/SGCP/artifacts/early_from_late_checkpoint_20260719/enable_coperception_early_from_attentive.yaml,cov_potential_game,grid,utility,utility,none,0,0,,cov_coalition_game,6,,1;2;8;11,1;2;11,2;11,"{""2"": 53, ""11"": 58}","{""1"": 4924, ""2"": 4386, ""11"": 4911}",148752,43.701890989988875,10,40.0,200.0,1,ns3,899,0.5,10,12,28,,,[],[],2>1:0;11>1:8,,28,42,
2026_07_15_01_26_56,000068,4,all-cluster-heads,docs/doc_workspace/SGCP/artifacts/early_from_late_checkpoint_20260719/enable_coperception_early_from_attentive.yaml,cov_potential_game,grid,utility,utility,none,0,0,,cov_coalition_game,6,,4;9;12,4;9;12,9;12,"{""9"": 50, ""12"": 57}","{""4"": 4848, ""9"": 4856, ""12"": 4882}",155808,43.44382647385984,10,40.0,200.0,1,ns3,899,0.5,10,12,28,,,[],[],9>4:1;12>4:7,,21,43,
2026_07_15_01_26_56,000068,13,all-cluster-heads,docs/doc_workspace/SGCP/artifacts/early_from_late_checkpoint_20260719/enable_coperception_early_from_attentive.yaml,cov_potential_game,grid,utility,utility,none,0,0,,cov_coalition_game,6,,10;13;14;19,13;14;10,14;10,"{""10"": 58, ""14"": 58}","{""10"": 4934, ""13"": 4795, ""14"": 5028}",159392,44.743047830923246,10,40.0,200.0,1,ns3,899,0.5,10,12,28,,,[],[],10>13:6;14>13:2,,12,31,
2026_07_15_01_26_56,000068,15,all-cluster-heads,docs/doc_workspace/SGCP/artifacts/early_from_late_checkpoint_20260719/enable_coperception_early_from_attentive.yaml,cov_potential_game,grid,utility,utility,none,0,0,,cov_coalition_game,6,,6;15,15;6,6,"{""6"": 59}","{""6"": 4514, ""15"": 4743}",72224,40.169076751946605,10,40.0,200.0,1,ns3,899,0.5,10,12,28,,,[],[],6>15:3,,15,16,
2026_07_15_01_26_56,000068,16,all-cluster-heads,docs/doc_workspace/SGCP/artifacts/early_from_late_checkpoint_20260719/enable_coperception_early_from_attentive.yaml,cov_potential_game,grid,utility,utility,none,0,0,,cov_coalition_game,6,,5;7;16;20,16;7;20,7;20,"{""7"": 53, ""20"": 52}","{""7"": 4672, ""16"": 4887, ""20"": 4909}",153296,43.68409343715239,10,40.0,200.0,1,ns3,899,0.5,10,12,28,,,[],[],7>16:4;20>16:9,,23,29,
2026_07_15_01_26_56,000068,17,all-cluster-heads,docs/doc_workspace/SGCP/artifacts/early_from_late_checkpoint_20260719/enable_coperception_early_from_attentive.yaml,cov_potential_game,grid,utility,utility,none,0,0,,cov_coalition_game,6,,3;17;18,17;3,3,"{""3"": 59}","{""3"": 3233, ""17"": 4976}",51728,28.769744160177975,10,40.0,200.0,1,ns3,899,0.5,10,12,28,,,[],[],3>17:5,,7,15,
2026_07_15_01_26_56,000070,1,all-cluster-heads,docs/doc_workspace/SGCP/artifacts/early_from_late_checkpoint_20260719/enable_coperception_early_from_attentive.yaml,cov_potential_game,grid,utility,utility,none,0,0,,cov_coalition_game,6,,1;4;12,1;12;4,12;4,"{""4"": 58, ""12"": 56}","{""1"": 4925, ""4"": 4851, ""12"": 4883}",155744,43.452725250278085,10,40.0,200.0,1,ns3,899,0.5,10,12,28,,,[],[],4>1:9;12>1:0,,21,37,
2026_07_15_01_26_56,000070,11,all-cluster-heads,docs/doc_workspace/SGCP/artifacts/early_from_late_checkpoint_20260719/enable_coperception_early_from_attentive.yaml,cov_potential_game,grid,utility,utility,none,0,0,,cov_coalition_game,6,,2;8;9;11,11;9;2,9;2,"{""2"": 57, ""9"": 50}","{""2"": 4882, ""9"": 4846, ""11"": 4909}",155648,43.44382647385984,10,40.0,200.0,1,ns3,899,0.5,10,12,28,,,[],[],2>11:6;9>11:1,,30,45,
2026_07_15_01_26_56,000070,13,all-cluster-heads,docs/doc_workspace/SGCP/artifacts/early_from_late_checkpoint_20260719/enable_coperception_early_from_attentive.yaml,cov_potential_game,grid,utility,utility,none,0,0,,cov_coalition_game,6,,10;13;14;19,13;14;10,14;10,"{""10"": 56, ""14"": 56}","{""10"": 4949, ""13"": 4795, ""14"": 5031}",159680,44.76974416017798,10,40.0,200.0,1,ns3,899,0.5,10,12,28,,,[],[],10>13:7;14>13:2,,12,31,
2026_07_15_01_26_56,000070,15,all-cluster-heads,docs/doc_workspace/SGCP/artifacts/early_from_late_checkpoint_20260719/enable_coperception_early_from_attentive.yaml,cov_potential_game,grid,utility,utility,none,0,0,,cov_coalition_game,6,,6;15,15;6,6,"{""6"": 59}","{""6"": 4510, ""15"": 4740}",72160,40.13348164627364,10,40.0,200.0,1,ns3,899,0.5,10,12,28,,,[],[],6>15:3,,15,16,
2026_07_15_01_26_56,000070,16,all-cluster-heads,docs/doc_workspace/SGCP/artifacts/early_from_late_checkpoint_20260719/enable_coperception_early_from_attentive.yaml,cov_potential_game,grid,utility,utility,none,0,0,,cov_coalition_game,6,,5;7;16;20,16;7;20,7;20,"{""7"": 54, ""20"": 52}","{""7"": 4690, ""16"": 4856, ""20"": 4909}",153584,43.68409343715239,10,40.0,200.0,1,ns3,899,0.5,10,12,28,,,[],[],7>16:4;20>16:8,,21,29,
2026_07_15_01_26_56,000070,17,all-cluster-heads,docs/doc_workspace/SGCP/artifacts/early_from_late_checkpoint_20260719/enable_coperception_early_from_attentive.yaml,cov_potential_game,grid,utility,utility,none,0,0,,cov_coalition_game,6,,3;17;18,17;3,3,"{""3"": 57}","{""3"": 3200, ""17"": 4972}",51200,28.476084538375975,10,40.0,200.0,1,ns3,899,0.5,10,12,28,,,[],[],3>17:5,,7,15,
2026_07_15_01_26_56,000072,1,all-cluster-heads,docs/doc_workspace/SGCP/artifacts/early_from_late_checkpoint_20260719/enable_coperception_early_from_attentive.yaml,cov_potential_game,grid,utility,utility,none,0,0,,cov_coalition_game,6,,1;2;8;11,1;2;11,2;11,"{""2"": 53, ""11"": 57}","{""1"": 4928, ""2"": 4360, ""11"": 4908}",148288,43.67519466073415,10,40.0,200.0,1,ns3,899,0.5,10,12,28,,,[],[],2>1:0;11>1:8,,31,41,
2026_07_15_01_26_56,000072,4,all-cluster-heads,docs/doc_workspace/SGCP/artifacts/early_from_late_checkpoint_20260719/enable_coperception_early_from_attentive.yaml,cov_potential_game,grid,utility,utility,none,0,0,,cov_coalition_game,6,,4;9;12,4;9;12,9;12,"{""9"": 50, ""12"": 58}","{""4"": 4868, ""9"": 4855, ""12"": 4892}",155952,43.53281423804227,10,40.0,200.0,1,ns3,899,0.5,10,12,28,,,[],[],9>4:1;12>4:7,,23,42,
2026_07_15_01_26_56,000072,13,all-cluster-heads,docs/doc_workspace/SGCP/artifacts/early_from_late_checkpoint_20260719/enable_coperception_early_from_attentive.yaml,cov_potential_game,grid,utility,utility,none,0,0,,cov_coalition_game,6,,10;13;14;19,13;14;10,14;10,"{""10"": 57, ""14"": 61}","{""10"": 4930, ""13"": 4800, ""14"": 5044}",159584,44.885428253615125,10,40.0,200.0,1,ns3,899,0.5,10,12,28,,,[],[],10>13:6;14>13:2,,12,30,
2026_07_15_01_26_56,000072,15,all-cluster-heads,docs/doc_workspace/SGCP/artifacts/early_from_late_checkpoint_20260719/enable_coperception_early_from_attentive.yaml,cov_potential_game,grid,utility,utility,none,0,0,,cov_coalition_game,6,,6;15,15;6,6,"{""6"": 55}","{""6"": 4495, ""15"": 4748}",71920,40.0,10,40.0,200.0,1,ns3,899,0.5,10,12,28,,,[],[],6>15:3,,15,18,
2026_07_15_01_26_56,000072,16,all-cluster-heads,docs/doc_workspace/SGCP/artifacts/early_from_late_checkpoint_20260719/enable_coperception_early_from_attentive.yaml,cov_potential_game,grid,utility,utility,none,0,0,,cov_coalition_game,6,,5;7;16;20,16;7;20,7;20,"{""7"": 56, ""20"": 52}","{""7"": 4689, ""16"": 4868, ""20"": 4907}",153536,43.66629588431591,10,40.0,200.0,1,ns3,899,0.5,10,12,28,,,[],[],7>16:4;20>16:9,,21,28,
2026_07_15_01_26_56,000072,17,all-cluster-heads,docs/doc_workspace/SGCP/artifacts/early_from_late_checkpoint_20260719/enable_coperception_early_from_attentive.yaml,cov_potential_game,grid,utility,utility,none,0,0,,cov_coalition_game,6,,3;17;18,17;3,3,"{""3"": 59}","{""3"": 3176, ""17"": 4977}",50816,28.262513904338153,10,40.0,200.0,1,ns3,899,0.5,10,12,28,,,[],[],3>17:5,,9,15,
2026_07_15_01_26_56,000074,1,all-cluster-heads,docs/doc_workspace/SGCP/artifacts/early_from_late_checkpoint_20260719/enable_coperception_early_from_attentive.yaml,cov_potential_game,grid,utility,utility,none,0,0,,cov_coalition_game,6,,1;2;8;11,1;2;11,2;11,"{""2"": 50, ""11"": 57}","{""1"": 4931, ""2"": 4364, ""11"": 4906}",148320,43.657397107897665,10,40.0,200.0,1,ns3,899,0.5,10,12,28,,,[],[],2>1:0;11>1:8,,28,39,
2026_07_15_01_26_56,000074,12,all-cluster-heads,docs/doc_workspace/SGCP/artifacts/early_from_late_checkpoint_20260719/enable_coperception_early_from_attentive.yaml,cov_potential_game,grid,utility,utility,none,0,0,,cov_coalition_game,6,,4;7;12,12;7;4,7;4,"{""4"": 60, ""7"": 59}","{""4"": 4850, ""7"": 4880, ""12"": 4881}",155680,43.42602892102336,10,40.0,200.0,1,ns3,899,0.5,10,12,28,,,[],[],4>12:9;7>12:1,,21,43,
2026_07_15_01_26_56,000074,13,all-cluster-heads,docs/doc_workspace/SGCP/artifacts/early_from_late_checkpoint_20260719/enable_coperception_early_from_attentive.yaml,cov_potential_game,grid,utility,utility,none,0,0,,cov_coalition_game,6,,10;13;14;19,13;14;10,14;10,"{""10"": 58, ""14"": 61}","{""10"": 4948, ""13"": 4800, ""14"": 5017}",159440,44.645161290322584,10,40.0,200.0,1,ns3,899,0.5,10,12,28,,,[],[],10>13:6;14>13:2,,11,30,
2026_07_15_01_26_56,000074,15,all-cluster-heads,docs/doc_workspace/SGCP/artifacts/early_from_late_checkpoint_20260719/enable_coperception_early_from_attentive.yaml,cov_potential_game,grid,utility,utility,none,0,0,,cov_coalition_game,6,,6;15,15;6,6,"{""6"": 54}","{""6"": 4491, ""15"": 4753}",71856,39.96440489432703,10,40.0,200.0,1,ns3,899,0.5,10,12,28,,,[],[],6>15:3,,15,18,
2026_07_15_01_26_56,000074,17,all-cluster-heads,docs/doc_workspace/SGCP/artifacts/early_from_late_checkpoint_20260719/enable_coperception_early_from_attentive.yaml,cov_potential_game,grid,utility,utility,none,0,0,,cov_coalition_game,6,,3;17;18,17;3,3,"{""3"": 58}","{""3"": 3687, ""17"": 4954}",58992,32.80978865406007,10,40.0,200.0,1,ns3,899,0.5,10,12,28,,,[],[],3>17:4,,8,15,
2026_07_15_01_26_56,000074,20,all-cluster-heads,docs/doc_workspace/SGCP/artifacts/early_from_late_checkpoint_20260719/enable_coperception_early_from_attentive.yaml,cov_potential_game,grid,utility,utility,none,0,0,,cov_coalition_game,6,,5;9;16;20,20;9;16,9;16,"{""9"": 49, ""16"": 54}","{""9"": 4805, ""16"": 4872, ""20"": 4907}",154832,43.35483870967742,10,40.0,200.0,1,ns3,899,0.5,10,12,28,,,[],[],9>20:5;16>20:7,,24,32,
2026_07_15_01_26_56,000076,1,all-cluster-heads,docs/doc_workspace/SGCP/artifacts/early_from_late_checkpoint_20260719/enable_coperception_early_from_attentive.yaml,cov_potential_game,grid,utility,utility,none,0,0,,cov_coalition_game,6,,1;2;8;11,1;2;11,2;11,"{""2"": 50, ""11"": 57}","{""1"": 4934, ""2"": 4372, ""11"": 4905}",148432,43.64849833147942,10,40.0,200.0,1,ns3,899,0.5,10,12,28,,,[],[],2>1:0;11>1:8,,25,41,
2026_07_15_01_26_56,000076,4,all-cluster-heads,docs/doc_workspace/SGCP/artifacts/early_from_late_checkpoint_20260719/enable_coperception_early_from_attentive.yaml,cov_potential_game,grid,utility,utility,none,0,0,,cov_coalition_game,6,,4;9;12,4;9;12,9;12,"{""9"": 52, ""12"": 56}","{""4"": 4853, ""9"": 4858, ""12"": 4903}",156176,43.63070077864294,10,40.0,200.0,1,ns3,899,0.5,10,12,28,,,[],[],9>4:1;12>4:7,,20,42,
2026_07_15_01_26_56,000076,13,all-cluster-heads,docs/doc_workspace/SGCP/artifacts/early_from_late_checkpoint_20260719/enable_coperception_early_from_attentive.yaml,cov_potential_game,grid,utility,utility,none,0,0,,cov_coalition_game,6,,10;13;14;19,13;14;10,14;10,"{""10"": 59, ""14"": 60}","{""10"": 4943, ""13"": 4773, ""14"": 5021}",159424,44.68075639599555,10,40.0,200.0,1,ns3,899,0.5,10,12,28,,,[],[],10>13:6;14>13:2,,11,29,
2026_07_15_01_26_56,000076,15,all-cluster-heads,docs/doc_workspace/SGCP/artifacts/early_from_late_checkpoint_20260719/enable_coperception_early_from_attentive.yaml,cov_potential_game,grid,utility,utility,none,0,0,,cov_coalition_game,6,,6;15,15;6,6,"{""6"": 56}","{""6"": 4513, ""15"": 4754}",72208,40.16017797552836,10,40.0,200.0,1,ns3,899,0.5,10,12,28,,,[],[],6>15:3,,16,18,
2026_07_15_01_26_56,000076,16,all-cluster-heads,docs/doc_workspace/SGCP/artifacts/early_from_late_checkpoint_20260719/enable_coperception_early_from_attentive.yaml,cov_potential_game,grid,utility,utility,none,0,0,,cov_coalition_game,6,,5;7;16;20,16;7;20,7;20,"{""7"": 55, ""20"": 51}","{""7"": 4701, ""16"": 4885, ""20"": 4906}",153712,43.657397107897665,10,40.0,200.0,1,ns3,899,0.5,10,12,28,,,[],[],7>16:4;20>16:9,,20,28,
2026_07_15_01_26_56,000076,17,all-cluster-heads,docs/doc_workspace/SGCP/artifacts/early_from_late_checkpoint_20260719/enable_coperception_early_from_attentive.yaml,cov_potential_game,grid,utility,utility,none,0,0,,cov_coalition_game,6,,3;17;18,17;3,3,"{""3"": 62}","{""3"": 3786, ""17"": 5003}",60576,33.69076751946607,10,40.0,200.0,1,ns3,899,0.5,10,12,28,,,[],[],3>17:5,,11,16,
2026_07_15_01_26_56,000078,1,all-cluster-heads,docs/doc_workspace/SGCP/artifacts/early_from_late_checkpoint_20260719/enable_coperception_early_from_attentive.yaml,cov_potential_game,grid,utility,utility,none,0,0,,cov_coalition_game,6,,1;2;8;11,1;2;11,2;11,"{""2"": 49, ""11"": 57}","{""1"": 4934, ""2"": 4362, ""11"": 4907}",148304,43.66629588431591,10,40.0,200.0,1,ns3,899,0.5,10,12,28,,,[],[],2>1:0;11>1:8,,29,40,
2026_07_15_01_26_56,000078,4,all-cluster-heads,docs/doc_workspace/SGCP/artifacts/early_from_late_checkpoint_20260719/enable_coperception_early_from_attentive.yaml,cov_potential_game,grid,utility,utility,none,0,0,,cov_coalition_game,6,,4;9;12,4;9;12,9;12,"{""9"": 52, ""12"": 56}","{""4"": 4858, ""9"": 4856, ""12"": 4895}",156016,43.559510567296996,10,40.0,200.0,1,ns3,899,0.5,10,12,28,,,[],[],9>4:1;12>4:6,,18,44,
2026_07_15_01_26_56,000078,13,all-cluster-heads,docs/doc_workspace/SGCP/artifacts/early_from_late_checkpoint_20260719/enable_coperception_early_from_attentive.yaml,cov_potential_game,grid,utility,utility,none,0,0,,cov_coalition_game,6,,10;13;14;19,13;14;10,14;10,"{""10"": 55, ""14"": 63}","{""10"": 4935, ""13"": 4778, ""14"": 5015}",159200,44.6273637374861,10,40.0,200.0,1,ns3,899,0.5,10,12,28,,,[],[],10>13:7;14>13:2,,13,30,
2026_07_15_01_26_56,000078,15,all-cluster-heads,docs/doc_workspace/SGCP/artifacts/early_from_late_checkpoint_20260719/enable_coperception_early_from_attentive.yaml,cov_potential_game,grid,utility,utility,none,0,0,,cov_coalition_game,6,,6;15,15;6,6,"{""6"": 54}","{""6"": 4513, ""15"": 4753}",72208,40.16017797552836,10,40.0,200.0,1,ns3,899,0.5,10,12,28,,,[],[],6>15:3,,17,19,
2026_07_15_01_26_56,000078,16,all-cluster-heads,docs/doc_workspace/SGCP/artifacts/early_from_late_checkpoint_20260719/enable_coperception_early_from_attentive.yaml,cov_potential_game,grid,utility,utility,none,0,0,,cov_coalition_game,6,,5;7;16;20,16;7;20,7;20,"{""7"": 56, ""20"": 51}","{""7"": 4725, ""16"": 4880, ""20"": 4908}",154128,43.67519466073415,10,40.0,200.0,1,ns3,899,0.5,10,12,28,,,[],[],7>16:4;20>16:9,,20,27,
2026_07_15_01_26_56,000078,17,all-cluster-heads,docs/doc_workspace/SGCP/artifacts/early_from_late_checkpoint_20260719/enable_coperception_early_from_attentive.yaml,cov_potential_game,grid,utility,utility,none,0,0,,cov_coalition_game,6,,3;17;18,17;3,3,"{""3"": 61}","{""3"": 3830, ""17"": 4995}",61280,34.08231368186875,10,40.0,200.0,1,ns3,899,0.5,10,12,28,,,[],[],3>17:5,,7,16,
2026_07_15_01_26_56,000080,1,all-cluster-heads,docs/doc_workspace/SGCP/artifacts/early_from_late_checkpoint_20260719/enable_coperception_early_from_attentive.yaml,cov_potential_game,grid,utility,utility,none,0,0,,cov_coalition_game,6,,1;2;8;11,1;2;11,2;11,"{""2"": 49, ""11"": 57}","{""1"": 4933, ""2"": 4344, ""11"": 4908}",148032,43.67519466073415,10,40.0,200.0,1,ns3,899,0.5,10,12,28,,,[],[],2>1:0;11>1:8,,26,42,
2026_07_15_01_26_56,000080,4,all-cluster-heads,docs/doc_workspace/SGCP/artifacts/early_from_late_checkpoint_20260719/enable_coperception_early_from_attentive.yaml,cov_potential_game,grid,utility,utility,none,0,0,,cov_coalition_game,6,,4;9;12,4;9;12,9;12,"{""9"": 52, ""12"": 59}","{""4"": 4847, ""9"": 4857, ""12"": 4905}",156192,43.64849833147942,10,40.0,200.0,1,ns3,899,0.5,10,12,28,,,[],[],9>4:1;12>4:6,,19,46,
2026_07_15_01_26_56,000080,13,all-cluster-heads,docs/doc_workspace/SGCP/artifacts/early_from_late_checkpoint_20260719/enable_coperception_early_from_attentive.yaml,cov_potential_game,grid,utility,utility,none,0,0,,cov_coalition_game,6,,10;13;14;19,13;14;10,14;10,"{""10"": 58, ""14"": 63}","{""10"": 4924, ""13"": 4772, ""14"": 5030}",159264,44.76084538375973,10,40.0,200.0,1,ns3,899,0.5,10,12,28,,,[],[],10>13:7;14>13:2,,11,31,
2026_07_15_01_26_56,000080,15,all-cluster-heads,docs/doc_workspace/SGCP/artifacts/early_from_late_checkpoint_20260719/enable_coperception_early_from_attentive.yaml,cov_potential_game,grid,utility,utility,none,0,0,,cov_coalition_game,6,,6;15,15;6,6,"{""6"": 56}","{""6"": 4512, ""15"": 4751}",72192,40.15127919911012,10,40.0,200.0,1,ns3,899,0.5,10,12,28,,,[],[],6>15:3,,15,18,
2026_07_15_01_26_56,000080,16,all-cluster-heads,docs/doc_workspace/SGCP/artifacts/early_from_late_checkpoint_20260719/enable_coperception_early_from_attentive.yaml,cov_potential_game,grid,utility,utility,none,0,0,,cov_coalition_game,6,,5;7;16;20,16;7;20,7;20,"{""7"": 57, ""20"": 51}","{""7"": 4725, ""16"": 4897, ""20"": 4907}",154112,43.66629588431591,10,40.0,200.0,1,ns3,899,0.5,10,12,28,,,[],[],7>16:4;20>16:9,,23,28,
2026_07_15_01_26_56,000080,17,all-cluster-heads,docs/doc_workspace/SGCP/artifacts/early_from_late_checkpoint_20260719/enable_coperception_early_from_attentive.yaml,cov_potential_game,grid,utility,utility,none,0,0,,cov_coalition_game,6,,3;17;18,17;3,3,"{""3"": 62}","{""3"": 3909, ""17"": 4990}",62544,34.7853170189099,10,40.0,200.0,1,ns3,899,0.5,10,12,28,,,[],[],3>17:5,,7,17,
2026_07_15_01_26_56,000082,1,all-cluster-heads,docs/doc_workspace/SGCP/artifacts/early_from_late_checkpoint_20260719/enable_coperception_early_from_attentive.yaml,cov_potential_game,grid,utility,utility,none,0,0,,cov_coalition_game,6,,1;2;8;11,1;2;11,2;11,"{""2"": 51, ""11"": 57}","{""1"": 4932, ""2"": 4388, ""11"": 4909}",148752,43.68409343715239,10,40.0,200.0,1,ns3,899,0.5,10,12,28,,,[],[],2>1:0;11>1:8,,27,41,
2026_07_15_01_26_56,000082,12,all-cluster-heads,docs/doc_workspace/SGCP/artifacts/early_from_late_checkpoint_20260719/enable_coperception_early_from_attentive.yaml,cov_potential_game,grid,utility,utility,none,0,0,,cov_coalition_game,6,,4;7;12,12;7;4,7;4,"{""4"": 58, ""7"": 58}","{""4"": 4841, ""7"": 4888, ""12"": 4915}",155664,43.4972191323693,10,40.0,200.0,1,ns3,899,0.5,10,12,28,,,[],[],4>12:9;7>12:1,,24,42,
2026_07_15_01_26_56,000082,13,all-cluster-heads,docs/doc_workspace/SGCP/artifacts/early_from_late_checkpoint_20260719/enable_coperception_early_from_attentive.yaml,cov_potential_game,grid,utility,utility,none,0,0,,cov_coalition_game,6,,10;13;14;19,13;14;10,14;10,"{""10"": 59, ""14"": 61}","{""10"": 4925, ""13"": 4801, ""14"": 4993}",158688,44.43159065628476,10,40.0,200.0,1,ns3,899,0.5,10,12,28,,,[],[],10>13:7;14>13:2,,13,30,
2026_07_15_01_26_56,000082,15,all-cluster-heads,docs/doc_workspace/SGCP/artifacts/early_from_late_checkpoint_20260719/enable_coperception_early_from_attentive.yaml,cov_potential_game,grid,utility,utility,none,0,0,,cov_coalition_game,6,,6;15,15;6,6,"{""6"": 56}","{""6"": 4527, ""15"": 4758}",72432,40.28476084538376,10,40.0,200.0,1,ns3,899,0.5,10,12,28,,,[],[],6>15:3,,16,18,
2026_07_15_01_26_56,000082,17,all-cluster-heads,docs/doc_workspace/SGCP/artifacts/early_from_late_checkpoint_20260719/enable_coperception_early_from_attentive.yaml,cov_potential_game,grid,utility,utility,none,0,0,,cov_coalition_game,6,,3;16;17;18,17;16;3,16;3,"{""3"": 61, ""16"": 56}","{""3"": 4948, ""16"": 4869, ""17"": 4970}",157072,44.03114571746384,10,40.0,200.0,1,ns3,899,0.5,10,12,28,,,[],[],3>17:6;16>17:4,,13,26,
2026_07_15_01_26_56,000082,20,all-cluster-heads,docs/doc_workspace/SGCP/artifacts/early_from_late_checkpoint_20260719/enable_coperception_early_from_attentive.yaml,cov_potential_game,grid,utility,utility,none,0,0,,cov_coalition_game,6,,5;9;20,20;9,9,"{""9"": 50}","{""9"": 4807, ""20"": 4906}",76912,42.77641824249166,10,40.0,200.0,1,ns3,899,0.5,10,12,28,,,[],[],9>20:5,,21,27,
2026_07_15_01_26_56,000084,1,all-cluster-heads,docs/doc_workspace/SGCP/artifacts/early_from_late_checkpoint_20260719/enable_coperception_early_from_attentive.yaml,cov_potential_game,grid,utility,utility,none,0,0,,cov_coalition_game,6,,1;2;8;11,1;2;11,2;11,"{""2"": 52, ""11"": 57}","{""1"": 4932, ""2"": 4389, ""11"": 4909}",148768,43.68409343715239,10,40.0,200.0,1,ns3,899,0.5,10,12,28,,,[],[],2>1:0;11>1:8,,28,40,
2026_07_15_01_26_56,000084,12,all-cluster-heads,docs/doc_workspace/SGCP/artifacts/early_from_late_checkpoint_20260719/enable_coperception_early_from_attentive.yaml,cov_potential_game,grid,utility,utility,none,0,0,,cov_coalition_game,6,,4;7;12,12;7;4,7;4,"{""4"": 58, ""7"": 60}","{""4"": 4841, ""7"": 4892, ""12"": 4926}",155728,43.53281423804227,10,40.0,200.0,1,ns3,899,0.5,10,12,28,,,[],[],4>12:9;7>12:1,,22,41,
2026_07_15_01_26_56,000084,13,all-cluster-heads,docs/doc_workspace/SGCP/artifacts/early_from_late_checkpoint_20260719/enable_coperception_early_from_attentive.yaml,cov_potential_game,grid,utility,utility,none,0,0,,cov_coalition_game,6,,10;13;14;19,13;14;10,14;10,"{""10"": 55, ""14"": 58}","{""10"": 4914, ""13"": 4788, ""14"": 4993}",158512,44.43159065628476,10,40.0,200.0,1,ns3,899,0.5,10,12,28,,,[],[],10>13:7;14>13:2,,11,31,
2026_07_15_01_26_56,000084,15,all-cluster-heads,docs/doc_workspace/SGCP/artifacts/early_from_late_checkpoint_20260719/enable_coperception_early_from_attentive.yaml,cov_potential_game,grid,utility,utility,none,0,0,,cov_coalition_game,6,,6;15,15;6,6,"{""6"": 57}","{""6"": 4531, ""15"": 4766}",72496,40.320355951056726,10,40.0,200.0,1,ns3,899,0.5,10,12,28,,,[],[],6>15:3,,15,18,
2026_07_15_01_26_56,000084,17,all-cluster-heads,docs/doc_workspace/SGCP/artifacts/early_from_late_checkpoint_20260719/enable_coperception_early_from_attentive.yaml,cov_potential_game,grid,utility,utility,none,0,0,,cov_coalition_game,6,,3;16;17;18,17;16;3,16;3,"{""3"": 65, ""16"": 49}","{""3"": 4935, ""16"": 4873, ""17"": 4976}",156928,43.9154616240267,10,40.0,200.0,1,ns3,899,0.5,10,12,28,,,[],[],3>17:6;16>17:4,,15,26,
2026_07_15_01_26_56,000084,20,all-cluster-heads,docs/doc_workspace/SGCP/artifacts/early_from_late_checkpoint_20260719/enable_coperception_early_from_attentive.yaml,cov_potential_game,grid,utility,utility,none,0,0,,cov_coalition_game,6,,5;9;20,20;9,9,"{""9"": 50}","{""9"": 4806, ""20"": 4904}",76896,42.767519466073416,10,40.0,200.0,1,ns3,899,0.5,10,12,28,,,[],[],9>20:5,,21,27,
2026_07_15_01_26_56,000086,1,all-cluster-heads,docs/doc_workspace/SGCP/artifacts/early_from_late_checkpoint_20260719/enable_coperception_early_from_attentive.yaml,cov_potential_game,grid,utility,utility,none,0,0,,cov_coalition_game,6,,1;2;8;11,1;2;11,2;11,"{""2"": 54, ""11"": 56}","{""1"": 4932, ""2"": 4400, ""11"": 4910}",148960,43.69299221357063,10,40.0,200.0,1,ns3,899,0.5,10,12,28,,,[],[],2>1:0;11>1:8,,26,42,
2026_07_15_01_26_56,000086,12,all-cluster-heads,docs/doc_workspace/SGCP/artifacts/early_from_late_checkpoint_20260719/enable_coperception_early_from_attentive.yaml,cov_potential_game,grid,utility,utility,none,0,0,,cov_coalition_game,6,,4;7;12,12;7;4,7;4,"{""4"": 60, ""7"": 59}","{""4"": 4844, ""7"": 4897, ""12"": 4938}",155856,43.57730812013348,10,40.0,200.0,1,ns3,899,0.5,10,12,28,,,[],[],4>12:9;7>12:1,,27,43,
2026_07_15_01_26_56,000086,13,all-cluster-heads,docs/doc_workspace/SGCP/artifacts/early_from_late_checkpoint_20260719/enable_coperception_early_from_attentive.yaml,cov_potential_game,grid,utility,utility,none,0,0,,cov_coalition_game,6,,10;13;14;19,13;14;10,14;10,"{""10"": 53, ""14"": 59}","{""10"": 4926, ""13"": 4773, ""14"": 5014}",159040,44.61846496106785,10,40.0,200.0,1,ns3,899,0.5,10,12,28,,,[],[],10>13:7;14>13:2,,12,31,
2026_07_15_01_26_56,000086,15,all-cluster-heads,docs/doc_workspace/SGCP/artifacts/early_from_late_checkpoint_20260719/enable_coperception_early_from_attentive.yaml,cov_potential_game,grid,utility,utility,none,0,0,,cov_coalition_game,6,,6;15,15;6,6,"{""6"": 55}","{""6"": 4529, ""15"": 4762}",72464,40.30255839822024,10,40.0,200.0,1,ns3,899,0.5,10,12,28,,,[],[],6>15:3,,16,19,
2026_07_15_01_26_56,000086,17,all-cluster-heads,docs/doc_workspace/SGCP/artifacts/early_from_late_checkpoint_20260719/enable_coperception_early_from_attentive.yaml,cov_potential_game,grid,utility,utility,none,0,0,,cov_coalition_game,6,,3;16;17;18,17;16;3,16;3,"{""3"": 63, ""16"": 51}","{""3"": 4939, ""16"": 4874, ""17"": 4971}",157008,43.951056729699665,10,40.0,200.0,1,ns3,899,0.5,10,12,28,,,[],[],3>17:6;16>17:4,,14,25,
2026_07_15_01_26_56,000086,20,all-cluster-heads,docs/doc_workspace/SGCP/artifacts/early_from_late_checkpoint_20260719/enable_coperception_early_from_attentive.yaml,cov_potential_game,grid,utility,utility,none,0,0,,cov_coalition_game,6,,5;9;20,20;9,9,"{""9"": 49}","{""9"": 4806, ""20"": 4905}",76896,42.767519466073416,10,40.0,200.0,1,ns3,899,0.5,10,12,28,,,[],[],9>20:5,,20,27,
2026_07_15_01_26_56,000088,1,all-cluster-heads,docs/doc_workspace/SGCP/artifacts/early_from_late_checkpoint_20260719/enable_coperception_early_from_attentive.yaml,cov_potential_game,grid,utility,utility,none,0,0,,cov_coalition_game,6,,1;2;8;11,1;11;2,11;2,"{""2"": 57, ""11"": 54}","{""1"": 4930, ""2"": 4862, ""11"": 4583}",151120,43.265850945494996,10,40.0,200.0,1,ns3,899,0.5,10,12,28,,,[],[],2>1:7;11>1:0,,27,42,
2026_07_15_01_26_56,000088,12,all-cluster-heads,docs/doc_workspace/SGCP/artifacts/early_from_late_checkpoint_20260719/enable_coperception_early_from_attentive.yaml,cov_potential_game,grid,utility,utility,none,0,0,,cov_coalition_game,6,,4;7;12,12;7;4,7;4,"{""4"": 58, ""7"": 60}","{""4"": 4844, ""7"": 4897, ""12"": 4937}",155856,43.57730812013348,10,40.0,200.0,1,ns3,899,0.5,10,12,28,,,[],[],4>12:9;7>12:1,,26,43,
2026_07_15_01_26_56,000088,13,all-cluster-heads,docs/doc_workspace/SGCP/artifacts/early_from_late_checkpoint_20260719/enable_coperception_early_from_attentive.yaml,cov_potential_game,grid,utility,utility,none,0,0,,cov_coalition_game,6,,10;13;14;19,13;14;10,14;10,"{""10"": 54, ""14"": 59}","{""10"": 4929, ""13"": 4764, ""14"": 4997}",158816,44.46718576195773,10,40.0,200.0,1,ns3,899,0.5,10,12,28,,,[],[],10>13:8;14>13:2,,14,30,
2026_07_15_01_26_56,000088,15,all-cluster-heads,docs/doc_workspace/SGCP/artifacts/early_from_late_checkpoint_20260719/enable_coperception_early_from_attentive.yaml,cov_potential_game,grid,utility,utility,none,0,0,,cov_coalition_game,6,,6;15,15;6,6,"{""6"": 56}","{""6"": 4493, ""15"": 4772}",71888,39.982202447163516,10,40.0,200.0,1,ns3,899,0.5,10,12,28,,,[],[],6>15:3,,15,19,
2026_07_15_01_26_56,000088,17,all-cluster-heads,docs/doc_workspace/SGCP/artifacts/early_from_late_checkpoint_20260719/enable_coperception_early_from_attentive.yaml,cov_potential_game,grid,utility,utility,none,0,0,,cov_coalition_game,6,,3;16;17;18,17;16;3,16;3,"{""3"": 64, ""16"": 54}","{""3"": 4952, ""16"": 4894, ""17"": 4985}",157536,44.06674082313682,10,40.0,200.0,1,ns3,899,0.5,10,12,28,,,[],[],3>17:6;16>17:4,,16,25,
2026_07_15_01_26_56,000088,20,all-cluster-heads,docs/doc_workspace/SGCP/artifacts/early_from_late_checkpoint_20260719/enable_coperception_early_from_attentive.yaml,cov_potential_game,grid,utility,utility,none,0,0,,cov_coalition_game,6,,5;9;20,20;9,9,"{""9"": 49}","{""9"": 4808, ""20"": 4903}",76928,42.7853170189099,10,40.0,200.0,1,ns3,899,0.5,10,12,28,,,[],[],9>20:5,,21,28,
2026_07_15_01_26_56,000090,1,all-cluster-heads,docs/doc_workspace/SGCP/artifacts/early_from_late_checkpoint_20260719/enable_coperception_early_from_attentive.yaml,cov_potential_game,grid,utility,utility,none,0,0,,cov_coalition_game,6,,1;2;8;11,1;11;2,11;2,"{""2"": 57, ""11"": 54}","{""1"": 4930, ""2"": 4862, ""11"": 4583}",151120,43.265850945494996,10,40.0,200.0,1,ns3,899,0.5,10,12,28,,,[],[],2>1:7;11>1:0,,26,42,
2026_07_15_01_26_56,000090,12,all-cluster-heads,docs/doc_workspace/SGCP/artifacts/early_from_late_checkpoint_20260719/enable_coperception_early_from_attentive.yaml,cov_potential_game,grid,utility,utility,none,0,0,,cov_coalition_game,6,,4;7;12,12;7;4,7;4,"{""4"": 58, ""7"": 60}","{""4"": 4843, ""7"": 4905, ""12"": 4954}",155968,43.64849833147942,10,40.0,200.0,1,ns3,899,0.5,10,12,28,,,[],[],4>12:9;7>12:1,,22,42,
2026_07_15_01_26_56,000090,13,all-cluster-heads,docs/doc_workspace/SGCP/artifacts/early_from_late_checkpoint_20260719/enable_coperception_early_from_attentive.yaml,cov_potential_game,grid,utility,utility,none,0,0,,cov_coalition_game,6,,10;13;14;19,13;14;10,14;10,"{""10"": 56, ""14"": 60}","{""10"": 4929, ""13"": 4769, ""14"": 4958}",158192,44.12013348164627,10,40.0,200.0,1,ns3,899,0.5,10,12,28,,,[],[],10>13:8;14>13:2,,15,31,
2026_07_15_01_26_56,000090,15,all-cluster-heads,docs/doc_workspace/SGCP/artifacts/early_from_late_checkpoint_20260719/enable_coperception_early_from_attentive.yaml,cov_potential_game,grid,utility,utility,none,0,0,,cov_coalition_game,6,,6;15,15;6,6,"{""6"": 56}","{""6"": 4471, ""15"": 4768}",71536,39.786429365962185,10,40.0,200.0,1,ns3,899,0.5,10,12,28,,,[],[],6>15:3,,15,19,
2026_07_15_01_26_56,000090,17,all-cluster-heads,docs/doc_workspace/SGCP/artifacts/early_from_late_checkpoint_20260719/enable_coperception_early_from_attentive.yaml,cov_potential_game,grid,utility,utility,none,0,0,,cov_coalition_game,6,,3;16;17;18,17;16;3,16;3,"{""3"": 66, ""16"": 56}","{""3"": 4955, ""16"": 4893, ""17"": 5007}",157568,44.093437152391544,10,40.0,200.0,1,ns3,899,0.5,10,12,28,,,[],[],3>17:6;16>17:4,,16,25,
2026_07_15_01_26_56,000090,20,all-cluster-heads,docs/doc_workspace/SGCP/artifacts/early_from_late_checkpoint_20260719/enable_coperception_early_from_attentive.yaml,cov_potential_game,grid,utility,utility,none,0,0,,cov_coalition_game,6,,5;9;20,20;9,9,"{""9"": 49}","{""9"": 4807, ""20"": 4905}",76912,42.77641824249166,10,40.0,200.0,1,ns3,899,0.5,10,12,28,,,[],[],9>20:5,,22,28,
2026_07_15_01_26_56,000092,1,all-cluster-heads,docs/doc_workspace/SGCP/artifacts/early_from_late_checkpoint_20260719/enable_coperception_early_from_attentive.yaml,cov_potential_game,grid,utility,utility,none,0,0,,cov_coalition_game,6,,1;2;8;11,1;11;2,11;2,"{""2"": 58, ""11"": 53}","{""1"": 4928, ""2"": 4860, ""11"": 4581}",151056,43.24805339265851,10,40.0,200.0,1,ns3,899,0.5,10,12,28,,,[],[],2>1:7;11>1:0,,26,41,
2026_07_15_01_26_56,000092,12,all-cluster-heads,docs/doc_workspace/SGCP/artifacts/early_from_late_checkpoint_20260719/enable_coperception_early_from_attentive.yaml,cov_potential_game,grid,utility,utility,none,0,0,,cov_coalition_game,6,,4;7;12,12;7;4,7;4,"{""4"": 59, ""7"": 59}","{""4"": 4846, ""7"": 4901, ""12"": 4963}",155952,43.61290322580645,10,40.0,200.0,1,ns3,899,0.5,10,12,28,,,[],[],4>12:9;7>12:1,,25,42,
2026_07_15_01_26_56,000092,13,all-cluster-heads,docs/doc_workspace/SGCP/artifacts/early_from_late_checkpoint_20260719/enable_coperception_early_from_attentive.yaml,cov_potential_game,grid,utility,utility,none,0,0,,cov_coalition_game,6,,10;13;14;19,13;14;10,14;10,"{""10"": 56, ""14"": 60}","{""10"": 4929, ""13"": 4781, ""14"": 4960}",158224,44.137931034482754,10,40.0,200.0,1,ns3,899,0.5,10,12,28,,,[],[],10>13:8;14>13:2,,16,31,
2026_07_15_01_26_56,000092,15,all-cluster-heads,docs/doc_workspace/SGCP/artifacts/early_from_late_checkpoint_20260719/enable_coperception_early_from_attentive.yaml,cov_potential_game,grid,utility,utility,none,0,0,,cov_coalition_game,6,,6;15,15;6,6,"{""6"": 56}","{""6"": 4649, ""15"": 4770}",74384,41.370411568409345,10,40.0,200.0,1,ns3,899,0.5,10,12,28,,,[],[],6>15:3,,16,19,
2026_07_15_01_26_56,000092,17,all-cluster-heads,docs/doc_workspace/SGCP/artifacts/early_from_late_checkpoint_20260719/enable_coperception_early_from_attentive.yaml,cov_potential_game,grid,utility,utility,none,0,0,,cov_coalition_game,6,,3;16;17;18,17;16;3,16;3,"{""3"": 66, ""16"": 58}","{""3"": 4961, ""16"": 4903, ""17"": 5000}",157824,44.146829810901,10,40.0,200.0,1,ns3,899,0.5,10,12,28,,,[],[],3>17:6;16>17:4,,14,24,
2026_07_15_01_26_56,000092,20,all-cluster-heads,docs/doc_workspace/SGCP/artifacts/early_from_late_checkpoint_20260719/enable_coperception_early_from_attentive.yaml,cov_potential_game,grid,utility,utility,none,0,0,,cov_coalition_game,6,,5;9;20,20;9,9,"{""9"": 49}","{""9"": 4807, ""20"": 4905}",76912,42.77641824249166,10,40.0,200.0,1,ns3,899,0.5,10,12,28,,,[],[],9>20:5,,23,28,
2026_07_15_01_26_56,000094,1,all-cluster-heads,docs/doc_workspace/SGCP/artifacts/early_from_late_checkpoint_20260719/enable_coperception_early_from_attentive.yaml,cov_potential_game,grid,utility,utility,none,0,0,,cov_coalition_game,6,,1;2;8;11,1;11;2,11;2,"{""2"": 57, ""11"": 53}","{""1"": 4929, ""2"": 4864, ""11"": 4582}",151136,43.28364849833148,10,40.0,200.0,1,ns3,899,0.5,10,12,28,,,[],[],2>1:7;11>1:0,,27,39,
2026_07_15_01_26_56,000094,12,all-cluster-heads,docs/doc_workspace/SGCP/artifacts/early_from_late_checkpoint_20260719/enable_coperception_early_from_attentive.yaml,cov_potential_game,grid,utility,utility,none,0,0,,cov_coalition_game,6,,4;7;12,12;7;4,7;4,"{""4"": 59, ""7"": 58}","{""4"": 4848, ""7"": 4898, ""12"": 4976}",155936,43.58620689655172,10,40.0,200.0,1,ns3,899,0.5,10,12,28,,,[],[],4>12:9;7>12:1,,23,43,
2026_07_15_01_26_56,000094,13,all-cluster-heads,docs/doc_workspace/SGCP/artifacts/early_from_late_checkpoint_20260719/enable_coperception_early_from_attentive.yaml,cov_potential_game,grid,utility,utility,none,0,0,,cov_coalition_game,6,,10;13;14;19,13;14;10,14;10,"{""10"": 56, ""14"": 60}","{""10"": 4929, ""13"": 4805, ""14"": 4943}",157952,43.98665183537263,10,40.0,200.0,1,ns3,899,0.5,10,12,28,,,[],[],10>13:8;14>13:2,,17,31,
2026_07_15_01_26_56,000094,15,all-cluster-heads,docs/doc_workspace/SGCP/artifacts/early_from_late_checkpoint_20260719/enable_coperception_early_from_attentive.yaml,cov_potential_game,grid,utility,utility,none,0,0,,cov_coalition_game,6,,6;15,15;6,6,"{""6"": 58}","{""6"": 4652, ""15"": 4772}",74432,41.39710789766407,10,40.0,200.0,1,ns3,899,0.5,10,12,28,,,[],[],6>15:3,,17,20,
2026_07_15_01_26_56,000094,17,all-cluster-heads,docs/doc_workspace/SGCP/artifacts/early_from_late_checkpoint_20260719/enable_coperception_early_from_attentive.yaml,cov_potential_game,grid,utility,utility,none,0,0,,cov_coalition_game,6,,3;16;17;18,17;16;3,16;3,"{""3"": 68, ""16"": 54}","{""3"": 4964, ""16"": 4854, ""17"": 4995}",157088,44.17352614015573,10,40.0,200.0,1,ns3,899,0.5,10,12,28,,,[],[],3>17:6;16>17:4,,14,24,
2026_07_15_01_26_56,000094,20,all-cluster-heads,docs/doc_workspace/SGCP/artifacts/early_from_late_checkpoint_20260719/enable_coperception_early_from_attentive.yaml,cov_potential_game,grid,utility,utility,none,0,0,,cov_coalition_game,6,,5;9;20,20;9,9,"{""9"": 49}","{""9"": 4806, ""20"": 4905}",76896,42.767519466073416,10,40.0,200.0,1,ns3,899,0.5,10,12,28,,,[],[],9>20:5,,22,28,
2026_07_15_01_26_56,000096,1,all-cluster-heads,docs/doc_workspace/SGCP/artifacts/early_from_late_checkpoint_20260719/enable_coperception_early_from_attentive.yaml,cov_potential_game,grid,utility,utility,none,0,0,,cov_coalition_game,6,,1;2;8;11,1;11;2,11;2,"{""2"": 57, ""11"": 53}","{""1"": 4928, ""2"": 4866, ""11"": 4586}",151232,43.301446051167964,10,40.0,200.0,1,ns3,899,0.5,10,12,28,,,[],[],2>1:7;11>1:0,,27,39,
2026_07_15_01_26_56,000096,12,all-cluster-heads,docs/doc_workspace/SGCP/artifacts/early_from_late_checkpoint_20260719/enable_coperception_early_from_attentive.yaml,cov_potential_game,grid,utility,utility,none,0,0,,cov_coalition_game,6,,4;7;12,12;7;4,7;4,"{""4"": 59, ""7"": 59}","{""4"": 4848, ""7"": 4897, ""12"": 4975}",155920,43.57730812013348,10,40.0,200.0,1,ns3,899,0.5,10,12,28,,,[],[],4>12:9;7>12:1,,24,39,
2026_07_15_01_26_56,000096,13,all-cluster-heads,docs/doc_workspace/SGCP/artifacts/early_from_late_checkpoint_20260719/enable_coperception_early_from_attentive.yaml,cov_potential_game,grid,utility,utility,none,0,0,,cov_coalition_game,6,,10;13;14;19,13;14;10,14;10,"{""10"": 55, ""14"": 61}","{""10"": 4930, ""13"": 4751, ""14"": 4919}",157584,43.87096774193548,10,40.0,200.0,1,ns3,899,0.5,10,12,28,,,[],[],10>13:8;14>13:2,,16,30,
2026_07_15_01_26_56,000096,15,all-cluster-heads,docs/doc_workspace/SGCP/artifacts/early_from_late_checkpoint_20260719/enable_coperception_early_from_attentive.yaml,cov_potential_game,grid,utility,utility,none,0,0,,cov_coalition_game,6,,6;15,15;6,6,"{""6"": 58}","{""6"": 4640, ""15"": 4777}",74240,41.29032258064516,10,40.0,200.0,1,ns3,899,0.5,10,12,28,,,[],[],6>15:3,,19,19,
2026_07_15_01_26_56,000096,17,all-cluster-heads,docs/doc_workspace/SGCP/artifacts/early_from_late_checkpoint_20260719/enable_coperception_early_from_attentive.yaml,cov_potential_game,grid,utility,utility,none,0,0,,cov_coalition_game,6,,3;16;17;18,17;16;3,16;3,"{""3"": 66, ""16"": 55}","{""3"": 4970, ""16"": 4849, ""17"": 4995}",157104,44.22691879866519,10,40.0,200.0,1,ns3,899,0.5,10,12,28,,,[],[],3>17:6;16>17:4,,15,24,
2026_07_15_01_26_56,000096,20,all-cluster-heads,docs/doc_workspace/SGCP/artifacts/early_from_late_checkpoint_20260719/enable_coperception_early_from_attentive.yaml,cov_potential_game,grid,utility,utility,none,0,0,,cov_coalition_game,6,,5;9;20,20;9,9,"{""9"": 49}","{""9"": 4805, ""20"": 4902}",76880,42.75862068965517,10,40.0,200.0,1,ns3,899,0.5,10,12,28,,,[],[],9>20:5,,23,28,
2026_07_15_01_26_56,000098,1,all-cluster-heads,docs/doc_workspace/SGCP/artifacts/early_from_late_checkpoint_20260719/enable_coperception_early_from_attentive.yaml,cov_potential_game,grid,utility,utility,none,0,0,,cov_coalition_game,6,,1;2;8;11,1;11;2,11;2,"{""2"": 56, ""11"": 53}","{""1"": 4927, ""2"": 4855, ""11"": 4588}",151088,43.2035595105673,10,40.0,200.0,1,ns3,899,0.5,10,12,28,,,[],[],2>1:7;11>1:0,,28,38,
2026_07_15_01_26_56,000098,12,all-cluster-heads,docs/doc_workspace/SGCP/artifacts/early_from_late_checkpoint_20260719/enable_coperception_early_from_attentive.yaml,cov_potential_game,grid,utility,utility,none,0,0,,cov_coalition_game,6,,4;7;12,12;7;4,7;4,"{""4"": 59, ""7"": 59}","{""4"": 4850, ""7"": 4895, ""12"": 4968}",155920,43.559510567296996,10,40.0,200.0,1,ns3,899,0.5,10,12,28,,,[],[],4>12:9;7>12:1,,23,38,
2026_07_15_01_26_56,000098,13,all-cluster-heads,docs/doc_workspace/SGCP/artifacts/early_from_late_checkpoint_20260719/enable_coperception_early_from_attentive.yaml,cov_potential_game,grid,utility,utility,none,0,0,,cov_coalition_game,6,,10;13;14;19,13;14;10,14;10,"{""10"": 55, ""14"": 56}","{""10"": 4930, ""13"": 4779, ""14"": 4869}",156784,43.87096774193548,10,40.0,200.0,1,ns3,899,0.5,10,12,28,,,[],[],10>13:8;14>13:2,,15,29,
2026_07_15_01_26_56,000098,15,all-cluster-heads,docs/doc_workspace/SGCP/artifacts/early_from_late_checkpoint_20260719/enable_coperception_early_from_attentive.yaml,cov_potential_game,grid,utility,utility,none,0,0,,cov_coalition_game,6,,6;15,15;6,6,"{""6"": 59}","{""6"": 4643, ""15"": 4783}",74288,41.317018909899886,10,40.0,200.0,1,ns3,899,0.5,10,12,28,,,[],[],6>15:3,,16,19,
2026_07_15_01_26_56,000098,17,all-cluster-heads,docs/doc_workspace/SGCP/artifacts/early_from_late_checkpoint_20260719/enable_coperception_early_from_attentive.yaml,cov_potential_game,grid,utility,utility,none,0,0,,cov_coalition_game,6,,3;16;17;18,17;16;3,16;3,"{""3"": 67, ""16"": 58}","{""3"": 4974, ""16"": 4848, ""17"": 4986}",157152,44.26251390433816,10,40.0,200.0,1,ns3,899,0.5,10,12,28,,,[],[],3>17:6;16>17:4,,16,24,
2026_07_15_01_26_56,000098,20,all-cluster-heads,docs/doc_workspace/SGCP/artifacts/early_from_late_checkpoint_20260719/enable_coperception_early_from_attentive.yaml,cov_potential_game,grid,utility,utility,none,0,0,,cov_coalition_game,6,,5;9;20,20;9,9,"{""9"": 49}","{""9"": 4805, ""20"": 4903}",76880,42.75862068965517,10,40.0,200.0,1,ns3,899,0.5,10,12,28,,,[],[],9>20:5,,23,28,
2026_07_15_01_26_56,000100,1,all-cluster-heads,docs/doc_workspace/SGCP/artifacts/early_from_late_checkpoint_20260719/enable_coperception_early_from_attentive.yaml,cov_potential_game,grid,utility,utility,none,0,0,,cov_coalition_game,6,,1;2;8;11,1;11;2,11;2,"{""2"": 55, ""11"": 53}","{""1"": 4928, ""2"": 4859, ""11"": 4592}",151216,43.23915461624027,10,40.0,200.0,1,ns3,899,0.5,10,12,28,,,[],[],2>1:7;11>1:0,,27,38,
2026_07_15_01_26_56,000100,12,all-cluster-heads,docs/doc_workspace/SGCP/artifacts/early_from_late_checkpoint_20260719/enable_coperception_early_from_attentive.yaml,cov_potential_game,grid,utility,utility,none,0,0,,cov_coalition_game,6,,4;7;12,12;7;4,7;4,"{""4"": 59, ""7"": 59}","{""4"": 4850, ""7"": 4893, ""12"": 4970}",155888,43.54171301446051,10,40.0,200.0,1,ns3,899,0.5,10,12,28,,,[],[],4>12:9;7>12:1,,22,38,
2026_07_15_01_26_56,000100,13,all-cluster-heads,docs/doc_workspace/SGCP/artifacts/early_from_late_checkpoint_20260719/enable_coperception_early_from_attentive.yaml,cov_potential_game,grid,utility,utility,none,0,0,,cov_coalition_game,6,,10;13;14;19,13;14;10,14;10,"{""10"": 54, ""14"": 55}","{""10"": 4928, ""13"": 4758, ""14"": 4870}",156768,43.853170189098996,10,40.0,200.0,1,ns3,899,0.5,10,12,28,,,[],[],10>13:8;14>13:2,,15,29,
2026_07_15_01_26_56,000100,15,all-cluster-heads,docs/doc_workspace/SGCP/artifacts/early_from_late_checkpoint_20260719/enable_coperception_early_from_attentive.yaml,cov_potential_game,grid,utility,utility,none,0,0,,cov_coalition_game,6,,6;15,15;6,6,"{""6"": 57}","{""6"": 4645, ""15"": 4775}",74320,41.33481646273637,10,40.0,200.0,1,ns3,899,0.5,10,12,28,,,[],[],6>15:3,,18,20,
2026_07_15_01_26_56,000100,17,all-cluster-heads,docs/doc_workspace/SGCP/artifacts/early_from_late_checkpoint_20260719/enable_coperception_early_from_attentive.yaml,cov_potential_game,grid,utility,utility,none,0,0,,cov_coalition_game,6,,3;16;17;18,17;16;3,16;3,"{""3"": 66, ""16"": 55}","{""3"": 4983, ""16"": 4815, ""17"": 4995}",156768,44.34260289210234,10,40.0,200.0,1,ns3,899,0.5,10,12,28,,,[],[],3>17:6;16>17:4,,13,24,
2026_07_15_01_26_56,000100,20,all-cluster-heads,docs/doc_workspace/SGCP/artifacts/early_from_late_checkpoint_20260719/enable_coperception_early_from_attentive.yaml,cov_potential_game,grid,utility,utility,none,0,0,,cov_coalition_game,6,,5;9;20,20;9,9,"{""9"": 49}","{""9"": 4804, ""20"": 4903}",76864,42.749721913236925,10,40.0,200.0,1,ns3,899,0.5,10,12,28,,,[],[],9>20:5,,23,25,
2026_07_15_01_26_56,000102,1,all-cluster-heads,docs/doc_workspace/SGCP/artifacts/early_from_late_checkpoint_20260719/enable_coperception_early_from_attentive.yaml,cov_potential_game,grid,utility,utility,none,0,0,,cov_coalition_game,6,,1;2;8;11,1;11;2,11;2,"{""2"": 56, ""11"": 53}","{""1"": 4929, ""2"": 4850, ""11"": 4592}",151072,43.159065628476085,10,40.0,200.0,1,ns3,899,0.5,10,12,28,,,[],[],2>1:7;11>1:0,,25,38,
2026_07_15_01_26_56,000102,12,all-cluster-heads,docs/doc_workspace/SGCP/artifacts/early_from_late_checkpoint_20260719/enable_coperception_early_from_attentive.yaml,cov_potential_game,grid,utility,utility,none,0,0,,cov_coalition_game,6,,4;7;12,12;7;4,7;4,"{""4"": 59, ""7"": 59}","{""4"": 4850, ""7"": 4892, ""12"": 4965}",155872,43.53281423804227,10,40.0,200.0,1,ns3,899,0.5,10,12,28,,,[],[],4>12:9;7>12:1,,22,38,
2026_07_15_01_26_56,000102,13,all-cluster-heads,docs/doc_workspace/SGCP/artifacts/early_from_late_checkpoint_20260719/enable_coperception_early_from_attentive.yaml,cov_potential_game,grid,utility,utility,none,0,0,,cov_coalition_game,6,,10;13;14;19,13;14;10,14;10,"{""10"": 54, ""14"": 55}","{""10"": 4929, ""13"": 4787, ""14"": 4821}",156000,43.86206896551724,10,40.0,200.0,1,ns3,899,0.5,10,12,28,,,[],[],10>13:8;14>13:2,,14,29,
2026_07_15_01_26_56,000102,15,all-cluster-heads,docs/doc_workspace/SGCP/artifacts/early_from_late_checkpoint_20260719/enable_coperception_early_from_attentive.yaml,cov_potential_game,grid,utility,utility,none,0,0,,cov_coalition_game,6,,6;15,15;6,6,"{""6"": 62}","{""6"": 4649, ""15"": 4798}",74384,41.370411568409345,10,40.0,200.0,1,ns3,899,0.5,10,12,28,,,[],[],6>15:3,,20,22,
2026_07_15_01_26_56,000102,17,all-cluster-heads,docs/doc_workspace/SGCP/artifacts/early_from_late_checkpoint_20260719/enable_coperception_early_from_attentive.yaml,cov_potential_game,grid,utility,utility,none,0,0,,cov_coalition_game,6,,3;16;17;18,17;16;3,16;3,"{""3"": 68, ""16"": 59}","{""3"": 5003, ""16"": 4841, ""17"": 4990}",157504,44.52057842046719,10,40.0,200.0,1,ns3,899,0.5,10,12,28,,,[],[],3>17:6;16>17:4,,15,23,
2026_07_15_01_26_56,000102,20,all-cluster-heads,docs/doc_workspace/SGCP/artifacts/early_from_late_checkpoint_20260719/enable_coperception_early_from_attentive.yaml,cov_potential_game,grid,utility,utility,none,0,0,,cov_coalition_game,6,,5;9;20,20;9,9,"{""9"": 49}","{""9"": 4804, ""20"": 4902}",76864,42.749721913236925,10,40.0,200.0,1,ns3,899,0.5,10,12,28,,,[],[],9>20:5,,20,25,
2026_07_15_01_26_56,000104,1,all-cluster-heads,docs/doc_workspace/SGCP/artifacts/early_from_late_checkpoint_20260719/enable_coperception_early_from_attentive.yaml,cov_potential_game,grid,utility,utility,none,0,0,,cov_coalition_game,6,,1;2;8;11,1;11;2,11;2,"{""2"": 55, ""11"": 53}","{""1"": 4929, ""2"": 4849, ""11"": 4596}",151120,43.15016685205784,10,40.0,200.0,1,ns3,899,0.5,10,12,28,,,[],[],2>1:7;11>1:0,,24,38,
2026_07_15_01_26_56,000104,12,all-cluster-heads,docs/doc_workspace/SGCP/artifacts/early_from_late_checkpoint_20260719/enable_coperception_early_from_attentive.yaml,cov_potential_game,grid,utility,utility,none,0,0,,cov_coalition_game,6,,4;7;12,12;7;4,7;4,"{""4"": 59, ""7"": 59}","{""4"": 4850, ""7"": 4890, ""12"": 4988}",155840,43.51501668520579,10,40.0,200.0,1,ns3,899,0.5,10,12,28,,,[],[],4>12:9;7>12:1,,21,38,
2026_07_15_01_26_56,000104,13,all-cluster-heads,docs/doc_workspace/SGCP/artifacts/early_from_late_checkpoint_20260719/enable_coperception_early_from_attentive.yaml,cov_potential_game,grid,utility,utility,none,0,0,,cov_coalition_game,6,,10;13;14;19,13;14;10,14;10,"{""10"": 56, ""14"": 59}","{""10"": 4930, ""13"": 4747, ""14"": 4835}",156240,43.87096774193548,10,40.0,200.0,1,ns3,899,0.5,10,12,28,,,[],[],10>13:8;14>13:2,,14,29,
2026_07_15_01_26_56,000104,15,all-cluster-heads,docs/doc_workspace/SGCP/artifacts/early_from_late_checkpoint_20260719/enable_coperception_early_from_attentive.yaml,cov_potential_game,grid,utility,utility,none,0,0,,cov_coalition_game,6,,6;15,15;6,6,"{""6"": 62}","{""6"": 4667, ""15"": 4777}",74672,41.53058954393771,10,40.0,200.0,1,ns3,899,0.5,10,12,28,,,[],[],6>15:3,,19,23,
2026_07_15_01_26_56,000104,17,all-cluster-heads,docs/doc_workspace/SGCP/artifacts/early_from_late_checkpoint_20260719/enable_coperception_early_from_attentive.yaml,cov_potential_game,grid,utility,utility,none,0,0,,cov_coalition_game,6,,3;16;17;18,17;16;3,16;3,"{""3"": 68, ""16"": 57}","{""3"": 4979, ""16"": 4809, ""17"": 4979}",156608,44.30700778642937,10,40.0,200.0,1,ns3,899,0.5,10,12,28,,,[],[],3>17:6;16>17:4,,16,22,
2026_07_15_01_26_56,000104,20,all-cluster-heads,docs/doc_workspace/SGCP/artifacts/early_from_late_checkpoint_20260719/enable_coperception_early_from_attentive.yaml,cov_potential_game,grid,utility,utility,none,0,0,,cov_coalition_game,6,,5;9;20,20;9,9,"{""9"": 49}","{""9"": 4804, ""20"": 4900}",76864,42.749721913236925,10,40.0,200.0,1,ns3,899,0.5,10,12,28,,,[],[],9>20:5,,20,25,
2026_07_15_01_26_56,000106,1,all-cluster-heads,docs/doc_workspace/SGCP/artifacts/early_from_late_checkpoint_20260719/enable_coperception_early_from_attentive.yaml,cov_potential_game,grid,utility,utility,none,0,0,,cov_coalition_game,6,,1;2;8;11,1;11;2,11;2,"{""2"": 55, ""11"": 53}","{""1"": 4928, ""2"": 4856, ""11"": 4603}",151344,43.212458286985544,10,40.0,200.0,1,ns3,899,0.5,10,12,28,,,[],[],2>1:7;11>1:0,,27,38,
2026_07_15_01_26_56,000106,12,all-cluster-heads,docs/doc_workspace/SGCP/artifacts/early_from_late_checkpoint_20260719/enable_coperception_early_from_attentive.yaml,cov_potential_game,grid,utility,utility,none,0,0,,cov_coalition_game,6,,4;7;12,12;7;4,7;4,"{""4"": 59, ""7"": 57}","{""4"": 4852, ""7"": 4868, ""12"": 4987}",155520,43.31924360400445,10,40.0,200.0,1,ns3,899,0.5,10,12,28,,,[],[],4>12:9;7>12:1,,21,38,
2026_07_15_01_26_56,000106,13,all-cluster-heads,docs/doc_workspace/SGCP/artifacts/early_from_late_checkpoint_20260719/enable_coperception_early_from_attentive.yaml,cov_potential_game,grid,utility,utility,none,0,0,,cov_coalition_game,6,,10;13;14;19,13;14;10,14;10,"{""10"": 56, ""14"": 56}","{""10"": 4930, ""13"": 4753, ""14"": 4808}",155808,43.87096774193548,10,40.0,200.0,1,ns3,899,0.5,10,12,28,,,[],[],10>13:8;14>13:2,,16,29,
2026_07_15_01_26_56,000106,15,all-cluster-heads,docs/doc_workspace/SGCP/artifacts/early_from_late_checkpoint_20260719/enable_coperception_early_from_attentive.yaml,cov_potential_game,grid,utility,utility,none,0,0,,cov_coalition_game,6,,6;15,15;6,6,"{""6"": 63}","{""6"": 4674, ""15"": 4779}",74784,41.5928809788654,10,40.0,200.0,1,ns3,899,0.5,10,12,28,,,[],[],6>15:3,,17,23,
2026_07_15_01_26_56,000106,17,all-cluster-heads,docs/doc_workspace/SGCP/artifacts/early_from_late_checkpoint_20260719/enable_coperception_early_from_attentive.yaml,cov_potential_game,grid,utility,utility,none,0,0,,cov_coalition_game,6,,3;16;17;18,17;3;16,3;16,"{""3"": 63, ""16"": 61}","{""3"": 4771, ""16"": 4954, ""17"": 4994}",155600,44.0845383759733,10,40.0,200.0,1,ns3,899,0.5,10,12,28,,,[],[],3>17:4;16>17:6,,16,21,
2026_07_15_01_26_56,000106,20,all-cluster-heads,docs/doc_workspace/SGCP/artifacts/early_from_late_checkpoint_20260719/enable_coperception_early_from_attentive.yaml,cov_potential_game,grid,utility,utility,none,0,0,,cov_coalition_game,6,,5;9;20,20;9,9,"{""9"": 50}","{""9"": 4805, ""20"": 4900}",76880,42.75862068965517,10,40.0,200.0,1,ns3,899,0.5,10,12,28,,,[],[],9>20:5,,19,25,
2026_07_15_01_26_56,000108,1,all-cluster-heads,docs/doc_workspace/SGCP/artifacts/early_from_late_checkpoint_20260719/enable_coperception_early_from_attentive.yaml,cov_potential_game,grid,utility,utility,none,0,0,,cov_coalition_game,6,,1;2;8;11,1;11;2,11;2,"{""2"": 55, ""11"": 53}","{""1"": 4928, ""2"": 4859, ""11"": 4606}",151440,43.23915461624027,10,40.0,200.0,1,ns3,899,0.5,10,12,28,,,[],[],2>1:7;11>1:0,,24,39,
2026_07_15_01_26_56,000108,12,all-cluster-heads,docs/doc_workspace/SGCP/artifacts/early_from_late_checkpoint_20260719/enable_coperception_early_from_attentive.yaml,cov_potential_game,grid,utility,utility,none,0,0,,cov_coalition_game,6,,4;7;12,12;7;4,7;4,"{""4"": 59, ""7"": 57}","{""4"": 4850, ""7"": 4864, ""12"": 4997}",155424,43.28364849833148,10,40.0,200.0,1,ns3,899,0.5,10,12,28,,,[],[],4>12:9;7>12:1,,23,39,
2026_07_15_01_26_56,000108,13,all-cluster-heads,docs/doc_workspace/SGCP/artifacts/early_from_late_checkpoint_20260719/enable_coperception_early_from_attentive.yaml,cov_potential_game,grid,utility,utility,none,0,0,,cov_coalition_game,6,,10;13;14;19,13;14;10,14;10,"{""10"": 57, ""14"": 56}","{""10"": 4928, ""13"": 4757, ""14"": 4787}",155440,43.853170189098996,10,40.0,200.0,1,ns3,899,0.5,10,12,28,,,[],[],10>13:8;14>13:2,,14,29,
2026_07_15_01_26_56,000108,15,all-cluster-heads,docs/doc_workspace/SGCP/artifacts/early_from_late_checkpoint_20260719/enable_coperception_early_from_attentive.yaml,cov_potential_game,grid,utility,utility,none,0,0,,cov_coalition_game,6,,6;15,15;6,6,"{""6"": 63}","{""6"": 4667, ""15"": 4792}",74672,41.53058954393771,10,40.0,200.0,1,ns3,899,0.5,10,12,28,,,[],[],6>15:3,,19,24,
2026_07_15_01_26_56,000108,17,all-cluster-heads,docs/doc_workspace/SGCP/artifacts/early_from_late_checkpoint_20260719/enable_coperception_early_from_attentive.yaml,cov_potential_game,grid,utility,utility,none,0,0,,cov_coalition_game,6,,3;16;17;18,17;3;16,3;16,"{""3"": 63, ""16"": 65}","{""3"": 4787, ""16"": 4980, ""17"": 4998}",156272,44.31590656284761,10,40.0,200.0,1,ns3,899,0.5,10,12,28,,,[],[],3>17:4;16>17:6,,14,21,
2026_07_15_01_26_56,000108,20,all-cluster-heads,docs/doc_workspace/SGCP/artifacts/early_from_late_checkpoint_20260719/enable_coperception_early_from_attentive.yaml,cov_potential_game,grid,utility,utility,none,0,0,,cov_coalition_game,6,,5;9;20,20;9,9,"{""9"": 50}","{""9"": 4806, ""20"": 4899}",76896,42.767519466073416,10,40.0,200.0,1,ns3,899,0.5,10,12,28,,,[],[],9>20:5,,18,25,
2026_07_15_01_26_56,000110,1,all-cluster-heads,docs/doc_workspace/SGCP/artifacts/early_from_late_checkpoint_20260719/enable_coperception_early_from_attentive.yaml,cov_potential_game,grid,utility,utility,none,0,0,,cov_coalition_game,6,,1;2;8;11,1;11;2,11;2,"{""2"": 55, ""11"": 53}","{""1"": 4928, ""2"": 4860, ""11"": 4606}",151456,43.24805339265851,10,40.0,200.0,1,ns3,899,0.5,10,12,28,,,[],[],2>1:7;11>1:0,,25,40,
2026_07_15_01_26_56,000110,12,all-cluster-heads,docs/doc_workspace/SGCP/artifacts/early_from_late_checkpoint_20260719/enable_coperception_early_from_attentive.yaml,cov_potential_game,grid,utility,utility,none,0,0,,cov_coalition_game,6,,4;7;12,12;7;4,7;4,"{""4"": 59, ""7"": 57}","{""4"": 4850, ""7"": 4877, ""12"": 4997}",155632,43.39933259176863,10,40.0,200.0,1,ns3,899,0.5,10,12,28,,,[],[],4>12:9;7>12:1,,22,38,
2026_07_15_01_26_56,000110,13,all-cluster-heads,docs/doc_workspace/SGCP/artifacts/early_from_late_checkpoint_20260719/enable_coperception_early_from_attentive.yaml,cov_potential_game,grid,utility,utility,none,0,0,,cov_coalition_game,6,,10;13;14;19,13;14;10,14;10,"{""10"": 57, ""14"": 58}","{""10"": 4929, ""13"": 4738, ""14"": 4808}",155792,43.86206896551724,10,40.0,200.0,1,ns3,899,0.5,10,12,28,,,[],[],10>13:8;14>13:2,,16,29,
2026_07_15_01_26_56,000110,15,all-cluster-heads,docs/doc_workspace/SGCP/artifacts/early_from_late_checkpoint_20260719/enable_coperception_early_from_attentive.yaml,cov_potential_game,grid,utility,utility,none,0,0,,cov_coalition_game,6,,6;15,15;6,6,"{""6"": 61}","{""6"": 4666, ""15"": 4814}",74656,41.521690767519466,10,40.0,200.0,1,ns3,899,0.5,10,12,28,,,[],[],6>15:3,,19,24,
2026_07_15_01_26_56,000110,17,all-cluster-heads,docs/doc_workspace/SGCP/artifacts/early_from_late_checkpoint_20260719/enable_coperception_early_from_attentive.yaml,cov_potential_game,grid,utility,utility,none,0,0,,cov_coalition_game,6,,3;16;17;18,17;3;16,3;16,"{""3"": 62, ""16"": 62}","{""3"": 4823, ""16"": 4974, ""17"": 5003}",156752,44.26251390433816,10,40.0,200.0,1,ns3,899,0.5,10,12,28,,,[],[],3>17:4;16>17:6,,13,20,
2026_07_15_01_26_56,000110,20,all-cluster-heads,docs/doc_workspace/SGCP/artifacts/early_from_late_checkpoint_20260719/enable_coperception_early_from_attentive.yaml,cov_potential_game,grid,utility,utility,none,0,0,,cov_coalition_game,6,,5;9;20,20;9,9,"{""9"": 50}","{""9"": 4807, ""20"": 4898}",76912,42.77641824249166,10,40.0,200.0,1,ns3,899,0.5,10,12,28,,,[],[],9>20:5,,18,25,
2026_07_15_01_26_56,000112,1,all-cluster-heads,docs/doc_workspace/SGCP/artifacts/early_from_late_checkpoint_20260719/enable_coperception_early_from_attentive.yaml,cov_potential_game,grid,utility,utility,none,0,0,,cov_coalition_game,6,,1;2;8;11,1;11;2,11;2,"{""2"": 55, ""11"": 52}","{""1"": 4926, ""2"": 4859, ""11"": 4607}",151456,43.23915461624027,10,40.0,200.0,1,ns3,899,0.5,10,12,28,,,[],[],2>1:7;11>1:0,,23,40,
2026_07_15_01_26_56,000112,12,all-cluster-heads,docs/doc_workspace/SGCP/artifacts/early_from_late_checkpoint_20260719/enable_coperception_early_from_attentive.yaml,cov_potential_game,grid,utility,utility,none,0,0,,cov_coalition_game,6,,4;7;12,12;7;4,7;4,"{""4"": 59, ""7"": 58}","{""4"": 4850, ""7"": 4877, ""12"": 5013}",155632,43.39933259176863,10,40.0,200.0,1,ns3,899,0.5,10,12,28,,,[],[],4>12:9;7>12:1,,22,38,
2026_07_15_01_26_56,000112,13,all-cluster-heads,docs/doc_workspace/SGCP/artifacts/early_from_late_checkpoint_20260719/enable_coperception_early_from_attentive.yaml,cov_potential_game,grid,utility,utility,none,0,0,,cov_coalition_game,6,,10;13;14;19,13;14;10,14;10,"{""10"": 56, ""14"": 57}","{""10"": 4928, ""13"": 4707, ""14"": 4774}",155232,43.853170189098996,10,40.0,200.0,1,ns3,899,0.5,10,12,28,,,[],[],10>13:8;14>13:2,,14,29,
2026_07_15_01_26_56,000112,15,all-cluster-heads,docs/doc_workspace/SGCP/artifacts/early_from_late_checkpoint_20260719/enable_coperception_early_from_attentive.yaml,cov_potential_game,grid,utility,utility,none,0,0,,cov_coalition_game,6,,6;15,15;6,6,"{""6"": 61}","{""6"": 4646, ""15"": 4776}",74336,41.34371523915462,10,40.0,200.0,1,ns3,899,0.5,10,12,28,,,[],[],6>15:3,,17,23,
2026_07_15_01_26_56,000112,17,all-cluster-heads,docs/doc_workspace/SGCP/artifacts/early_from_late_checkpoint_20260719/enable_coperception_early_from_attentive.yaml,cov_potential_game,grid,utility,utility,none,0,0,,cov_coalition_game,6,,3;16;17;18,17;3;16,3;16,"{""3"": 61, ""16"": 60}","{""3"": 4828, ""16"": 4976, ""17"": 4995}",156864,44.28031145717464,10,40.0,200.0,1,ns3,899,0.5,10,12,28,,,[],[],3>17:4;16>17:6,,12,19,
2026_07_15_01_26_56,000112,20,all-cluster-heads,docs/doc_workspace/SGCP/artifacts/early_from_late_checkpoint_20260719/enable_coperception_early_from_attentive.yaml,cov_potential_game,grid,utility,utility,none,0,0,,cov_coalition_game,6,,5;9;20,20;9,9,"{""9"": 50}","{""9"": 4808, ""20"": 4898}",76928,42.7853170189099,10,40.0,200.0,1,ns3,899,0.5,10,12,28,,,[],[],9>20:5,,18,25,
2026_07_15_01_26_56,000114,1,all-cluster-heads,docs/doc_workspace/SGCP/artifacts/early_from_late_checkpoint_20260719/enable_coperception_early_from_attentive.yaml,cov_potential_game,grid,utility,utility,none,0,0,,cov_coalition_game,6,,1;2;8;11,1;11;2,11;2,"{""2"": 55, ""11"": 52}","{""1"": 4926, ""2"": 4858, ""11"": 4606}",151424,43.23025583982203,10,40.0,200.0,1,ns3,899,0.5,10,12,28,,,[],[],2>1:7;11>1:0,,22,40,
2026_07_15_01_26_56,000114,12,all-cluster-heads,docs/doc_workspace/SGCP/artifacts/early_from_late_checkpoint_20260719/enable_coperception_early_from_attentive.yaml,cov_potential_game,grid,utility,utility,none,0,0,,cov_coalition_game,6,,4;7;12,12;7;4,7;4,"{""4"": 59, ""7"": 58}","{""4"": 4851, ""7"": 4877, ""12"": 5019}",155648,43.39933259176863,10,40.0,200.0,1,ns3,899,0.5,10,12,28,,,[],[],4>12:9;7>12:1,,24,39,
2026_07_15_01_26_56,000114,13,all-cluster-heads,docs/doc_workspace/SGCP/artifacts/early_from_late_checkpoint_20260719/enable_coperception_early_from_attentive.yaml,cov_potential_game,grid,utility,utility,none,0,0,,cov_coalition_game,6,,10;13;14;19,13;14;10,14;10,"{""10"": 56, ""14"": 58}","{""10"": 4928, ""13"": 4726, ""14"": 4790}",155488,43.853170189098996,10,40.0,200.0,1,ns3,899,0.5,10,12,28,,,[],[],10>13:8;14>13:2,,14,29,
2026_07_15_01_26_56,000114,15,all-cluster-heads,docs/doc_workspace/SGCP/artifacts/early_from_late_checkpoint_20260719/enable_coperception_early_from_attentive.yaml,cov_potential_game,grid,utility,utility,none,0,0,,cov_coalition_game,6,,6;15,15;6,6,"{""6"": 60}","{""6"": 4631, ""15"": 4789}",74096,41.21023359288098,10,40.0,200.0,1,ns3,899,0.5,10,12,28,,,[],[],6>15:3,,17,23,
2026_07_15_01_26_56,000114,17,all-cluster-heads,docs/doc_workspace/SGCP/artifacts/early_from_late_checkpoint_20260719/enable_coperception_early_from_attentive.yaml,cov_potential_game,grid,utility,utility,none,0,0,,cov_coalition_game,6,,3;16;17;18,17;3;16,3;16,"{""3"": 62, ""16"": 62}","{""3"": 4838, ""16"": 4987, ""17"": 5006}",157200,44.37819799777531,10,40.0,200.0,1,ns3,899,0.5,10,12,28,,,[],[],3>17:4;16>17:6,,9,19,
2026_07_15_01_26_56,000114,20,all-cluster-heads,docs/doc_workspace/SGCP/artifacts/early_from_late_checkpoint_20260719/enable_coperception_early_from_attentive.yaml,cov_potential_game,grid,utility,utility,none,0,0,,cov_coalition_game,6,,5;9;20,20;9,9,"{""9"": 50}","{""9"": 4807, ""20"": 4899}",76912,42.77641824249166,10,40.0,200.0,1,ns3,899,0.5,10,12,28,,,[],[],9>20:5,,19,25,
2026_07_15_01_26_56,000116,1,all-cluster-heads,docs/doc_workspace/SGCP/artifacts/early_from_late_checkpoint_20260719/enable_coperception_early_from_attentive.yaml,cov_potential_game,grid,utility,utility,none,0,0,,cov_coalition_game,6,,1;2;8;11,1;11;2,11;2,"{""2"": 54, ""11"": 52}","{""1"": 4926, ""2"": 4858, ""11"": 4606}",151424,43.23025583982203,10,40.0,200.0,1,ns3,899,0.5,10,12,28,,,[],[],2>1:7;11>1:0,,23,40,
2026_07_15_01_26_56,000116,12,all-cluster-heads,docs/doc_workspace/SGCP/artifacts/early_from_late_checkpoint_20260719/enable_coperception_early_from_attentive.yaml,cov_potential_game,grid,utility,utility,none,0,0,,cov_coalition_game,6,,4;7;12,12;7;4,7;4,"{""4"": 60, ""7"": 58}","{""4"": 4849, ""7"": 4878, ""12"": 4999}",155632,43.408231368186875,10,40.0,200.0,1,ns3,899,0.5,10,12,28,,,[],[],4>12:9;7>12:1,,24,39,
2026_07_15_01_26_56,000116,13,all-cluster-heads,docs/doc_workspace/SGCP/artifacts/early_from_late_checkpoint_20260719/enable_coperception_early_from_attentive.yaml,cov_potential_game,grid,utility,utility,none,0,0,,cov_coalition_game,6,,10;13;14;19,13;14;10,14;10,"{""10"": 57, ""14"": 57}","{""10"": 4925, ""13"": 4746, ""14"": 4791}",155456,43.82647385984427,10,40.0,200.0,1,ns3,899,0.5,10,12,28,,,[],[],10>13:8;14>13:2,,13,29,
2026_07_15_01_26_56,000116,15,all-cluster-heads,docs/doc_workspace/SGCP/artifacts/early_from_late_checkpoint_20260719/enable_coperception_early_from_attentive.yaml,cov_potential_game,grid,utility,utility,none,0,0,,cov_coalition_game,6,,6;15,15;6,6,"{""6"": 60}","{""6"": 4650, ""15"": 4804}",74400,41.37931034482759,10,40.0,200.0,1,ns3,899,0.5,10,12,28,,,[],[],6>15:3,,19,23,
2026_07_15_01_26_56,000116,17,all-cluster-heads,docs/doc_workspace/SGCP/artifacts/early_from_late_checkpoint_20260719/enable_coperception_early_from_attentive.yaml,cov_potential_game,grid,utility,utility,none,0,0,,cov_coalition_game,6,,3;16;17;18,17;3;16,3;16,"{""3"": 62, ""16"": 62}","{""3"": 4862, ""16"": 4994, ""17"": 5014}",157696,44.440489432703004,10,40.0,200.0,1,ns3,899,0.5,10,12,28,,,[],[],3>17:4;16>17:6,,13,18,
2026_07_15_01_26_56,000116,20,all-cluster-heads,docs/doc_workspace/SGCP/artifacts/early_from_late_checkpoint_20260719/enable_coperception_early_from_attentive.yaml,cov_potential_game,grid,utility,utility,none,0,0,,cov_coalition_game,6,,5;9;20,20;9,9,"{""9"": 51}","{""9"": 4805, ""20"": 4899}",76880,42.75862068965517,10,40.0,200.0,1,ns3,899,0.5,10,12,28,,,[],[],9>20:5,,18,25,
2026_07_15_01_26_56,000118,1,all-cluster-heads,docs/doc_workspace/SGCP/artifacts/early_from_late_checkpoint_20260719/enable_coperception_early_from_attentive.yaml,cov_potential_game,grid,utility,utility,none,0,0,,cov_coalition_game,6,,1;2;8;11,1;11;2,11;2,"{""2"": 55, ""11"": 53}","{""1"": 4927, ""2"": 4868, ""11"": 4609}",151632,43.31924360400445,10,40.0,200.0,1,ns3,899,0.5,10,12,28,,,[],[],2>1:7;11>1:0,,23,40,
2026_07_15_01_26_56,000118,12,all-cluster-heads,docs/doc_workspace/SGCP/artifacts/early_from_late_checkpoint_20260719/enable_coperception_early_from_attentive.yaml,cov_potential_game,grid,utility,utility,none,0,0,,cov_coalition_game,6,,4;7;12,12;7;4,7;4,"{""4"": 60, ""7"": 58}","{""4"": 4849, ""7"": 4876, ""12"": 5018}",155600,43.39043381535039,10,40.0,200.0,1,ns3,899,0.5,10,12,28,,,[],[],4>12:9;7>12:1,,25,39,
2026_07_15_01_26_56,000118,13,all-cluster-heads,docs/doc_workspace/SGCP/artifacts/early_from_late_checkpoint_20260719/enable_coperception_early_from_attentive.yaml,cov_potential_game,grid,utility,utility,none,0,0,,cov_coalition_game,6,,10;13;14;19,13;14;10,14;10,"{""10"": 57, ""14"": 60}","{""10"": 4926, ""13"": 4711, ""14"": 4827}",156048,43.83537263626251,10,40.0,200.0,1,ns3,899,0.5,10,12,28,,,[],[],10>13:8;14>13:2,,14,30,
2026_07_15_01_26_56,000118,15,all-cluster-heads,docs/doc_workspace/SGCP/artifacts/early_from_late_checkpoint_20260719/enable_coperception_early_from_attentive.yaml,cov_potential_game,grid,utility,utility,none,0,0,,cov_coalition_game,6,,6;15,15;6,6,"{""6"": 61}","{""6"": 4647, ""15"": 4815}",74352,41.35261401557286,10,40.0,200.0,1,ns3,899,0.5,10,12,28,,,[],[],6>15:3,,17,22,
2026_07_15_01_26_56,000118,17,all-cluster-heads,docs/doc_workspace/SGCP/artifacts/early_from_late_checkpoint_20260719/enable_coperception_early_from_attentive.yaml,cov_potential_game,grid,utility,utility,none,0,0,,cov_coalition_game,6,,3;16;17;18,17;3;16,3;16,"{""3"": 61, ""16"": 62}","{""3"": 4865, ""16"": 4998, ""17"": 5023}",157808,44.47608453837597,10,40.0,200.0,1,ns3,899,0.5,10,12,28,,,[],[],3>17:4;16>17:6,,9,19,
2026_07_15_01_26_56,000118,20,all-cluster-heads,docs/doc_workspace/SGCP/artifacts/early_from_late_checkpoint_20260719/enable_coperception_early_from_attentive.yaml,cov_potential_game,grid,utility,utility,none,0,0,,cov_coalition_game,6,,5;9;20,20;9,9,"{""9"": 50}","{""9"": 4805, ""20"": 4899}",76880,42.75862068965517,10,40.0,200.0,1,ns3,899,0.5,10,12,28,,,[],[],9>20:5,,18,25,
2026_07_15_01_26_56,000120,1,all-cluster-heads,docs/doc_workspace/SGCP/artifacts/early_from_late_checkpoint_20260719/enable_coperception_early_from_attentive.yaml,cov_potential_game,grid,utility,utility,none,0,0,,cov_coalition_game,6,,1;2;8;11,1;11;2,11;2,"{""2"": 55, ""11"": 53}","{""1"": 4928, ""2"": 4867, ""11"": 4608}",151600,43.310344827586206,10,40.0,200.0,1,ns3,899,0.5,10,12,28,,,[],[],2>1:7;11>1:0,,21,40,
2026_07_15_01_26_56,000120,12,all-cluster-heads,docs/doc_workspace/SGCP/artifacts/early_from_late_checkpoint_20260719/enable_coperception_early_from_attentive.yaml,cov_potential_game,grid,utility,utility,none,0,0,,cov_coalition_game,6,,4;7;12,12;7;4,7;4,"{""4"": 59, ""7"": 58}","{""4"": 4848, ""7"": 4875, ""12"": 5020}",155568,43.38153503893215,10,40.0,200.0,1,ns3,899,0.5,10,12,28,,,[],[],4>12:9;7>12:1,,25,40,
2026_07_15_01_26_56,000120,13,all-cluster-heads,docs/doc_workspace/SGCP/artifacts/early_from_late_checkpoint_20260719/enable_coperception_early_from_attentive.yaml,cov_potential_game,grid,utility,utility,none,0,0,,cov_coalition_game,6,,10;13;14;19,13;14;10,14;10,"{""10"": 58, ""14"": 59}","{""10"": 4927, ""13"": 4704, ""14"": 4809}",155776,43.844271412680754,10,40.0,200.0,1,ns3,899,0.5,10,12,28,,,[],[],10>13:8;14>13:2,,12,30,
2026_07_15_01_26_56,000120,15,all-cluster-heads,docs/doc_workspace/SGCP/artifacts/early_from_late_checkpoint_20260719/enable_coperception_early_from_attentive.yaml,cov_potential_game,grid,utility,utility,none,0,0,,cov_coalition_game,6,,6;15,15;6,6,"{""6"": 60}","{""6"": 4637, ""15"": 4811}",74192,41.263626251390434,10,40.0,200.0,1,ns3,899,0.5,10,12,28,,,[],[],6>15:3,,17,22,
2026_07_15_01_26_56,000120,17,all-cluster-heads,docs/doc_workspace/SGCP/artifacts/early_from_late_checkpoint_20260719/enable_coperception_early_from_attentive.yaml,cov_potential_game,grid,utility,utility,none,0,0,,cov_coalition_game,6,,3;16;17;18,17;3;16,3;16,"{""3"": 58, ""16"": 60}","{""3"": 4892, ""16"": 4996, ""17"": 5031}",158208,44.45828698553949,10,40.0,200.0,1,ns3,899,0.5,10,12,28,,,[],[],3>17:4;16>17:6,,10,18,
2026_07_15_01_26_56,000120,20,all-cluster-heads,docs/doc_workspace/SGCP/artifacts/early_from_late_checkpoint_20260719/enable_coperception_early_from_attentive.yaml,cov_potential_game,grid,utility,utility,none,0,0,,cov_coalition_game,6,,5;9;20,20;9,9,"{""9"": 50}","{""9"": 4806, ""20"": 4901}",76896,42.767519466073416,10,40.0,200.0,1,ns3,899,0.5,10,12,28,,,[],[],9>20:5,,18,25,
2026_07_15_01_26_56,000122,1,all-cluster-heads,docs/doc_workspace/SGCP/artifacts/early_from_late_checkpoint_20260719/enable_coperception_early_from_attentive.yaml,cov_potential_game,grid,utility,utility,none,0,0,,cov_coalition_game,6,,1;2;8;11,1;11;2,11;2,"{""2"": 55, ""11"": 53}","{""1"": 4925, ""2"": 4867, ""11"": 4606}",151568,43.310344827586206,10,40.0,200.0,1,ns3,899,0.5,10,12,28,,,[],[],2>1:7;11>1:0,,22,40,
2026_07_15_01_26_56,000122,12,all-cluster-heads,docs/doc_workspace/SGCP/artifacts/early_from_late_checkpoint_20260719/enable_coperception_early_from_attentive.yaml,cov_potential_game,grid,utility,utility,none,0,0,,cov_coalition_game,6,,4;7;12,12;7;4,7;4,"{""4"": 59, ""7"": 58}","{""4"": 4847, ""7"": 4877, ""12"": 5019}",155584,43.39933259176863,10,40.0,200.0,1,ns3,899,0.5,10,12,28,,,[],[],4>12:9;7>12:1,,25,41,
2026_07_15_01_26_56,000122,13,all-cluster-heads,docs/doc_workspace/SGCP/artifacts/early_from_late_checkpoint_20260719/enable_coperception_early_from_attentive.yaml,cov_potential_game,grid,utility,utility,none,0,0,,cov_coalition_game,6,,10;13;14;19,13;14;10,14;10,"{""10"": 58, ""14"": 60}","{""10"": 4927, ""13"": 4698, ""14"": 4824}",156016,43.844271412680754,10,40.0,200.0,1,ns3,899,0.5,10,12,28,,,[],[],10>13:8;14>13:2,,14,29,
2026_07_15_01_26_56,000122,15,all-cluster-heads,docs/doc_workspace/SGCP/artifacts/early_from_late_checkpoint_20260719/enable_coperception_early_from_attentive.yaml,cov_potential_game,grid,utility,utility,none,0,0,,cov_coalition_game,6,,6;15,15;6,6,"{""6"": 60}","{""6"": 4648, ""15"": 4812}",74368,41.3615127919911,10,40.0,200.0,1,ns3,899,0.5,10,12,28,,,[],[],6>15:3,,20,22,
2026_07_15_01_26_56,000122,17,all-cluster-heads,docs/doc_workspace/SGCP/artifacts/early_from_late_checkpoint_20260719/enable_coperception_early_from_attentive.yaml,cov_potential_game,grid,utility,utility,none,0,0,,cov_coalition_game,6,,3;16;17;18,17;3;16,3;16,"{""3"": 62, ""16"": 58}","{""3"": 4909, ""16"": 4999, ""17"": 5030}",158528,44.48498331479422,10,40.0,200.0,1,ns3,899,0.5,10,12,28,,,[],[],3>17:4;16>17:6,,9,18,
2026_07_15_01_26_56,000122,20,all-cluster-heads,docs/doc_workspace/SGCP/artifacts/early_from_late_checkpoint_20260719/enable_coperception_early_from_attentive.yaml,cov_potential_game,grid,utility,utility,none,0,0,,cov_coalition_game,6,,5;9;20,20;9,9,"{""9"": 49}","{""9"": 4803, ""20"": 4897}",76848,42.74082313681868,10,40.0,200.0,1,ns3,899,0.5,10,12,28,,,[],[],9>20:5,,17,25,
2026_07_15_01_26_56,000124,1,all-cluster-heads,docs/doc_workspace/SGCP/artifacts/early_from_late_checkpoint_20260719/enable_coperception_early_from_attentive.yaml,cov_potential_game,grid,utility,utility,none,0,0,,cov_coalition_game,6,,1;2;8;11,1;11;2,11;2,"{""2"": 55, ""11"": 52}","{""1"": 4925, ""2"": 4868, ""11"": 4605}",151568,43.31924360400445,10,40.0,200.0,1,ns3,899,0.5,10,12,28,,,[],[],2>1:7;11>1:0,,22,40,
2026_07_15_01_26_56,000124,12,all-cluster-heads,docs/doc_workspace/SGCP/artifacts/early_from_late_checkpoint_20260719/enable_coperception_early_from_attentive.yaml,cov_potential_game,grid,utility,utility,none,0,0,,cov_coalition_game,6,,4;7;12,12;7;4,7;4,"{""4"": 60, ""7"": 57}","{""4"": 4850, ""7"": 4874, ""12"": 4985}",155584,43.37263626251391,10,40.0,200.0,1,ns3,899,0.5,10,12,28,,,[],[],4>12:9;7>12:1,,25,41,
2026_07_15_01_26_56,000124,13,all-cluster-heads,docs/doc_workspace/SGCP/artifacts/early_from_late_checkpoint_20260719/enable_coperception_early_from_attentive.yaml,cov_potential_game,grid,utility,utility,none,0,0,,cov_coalition_game,6,,10;13;14;19,13;14;10,14;10,"{""10"": 57, ""14"": 56}","{""10"": 4926, ""13"": 4711, ""14"": 4793}",155504,43.83537263626251,10,40.0,200.0,1,ns3,899,0.5,10,12,28,,,[],[],10>13:8;14>13:2,,14,29,
2026_07_15_01_26_56,000124,15,all-cluster-heads,docs/doc_workspace/SGCP/artifacts/early_from_late_checkpoint_20260719/enable_coperception_early_from_attentive.yaml,cov_potential_game,grid,utility,utility,none,0,0,,cov_coalition_game,6,,6;15,15;6,6,"{""6"": 59}","{""6"": 4659, ""15"": 4813}",74544,41.459399332591765,10,40.0,200.0,1,ns3,899,0.5,10,12,28,,,[],[],6>15:3,,21,22,
2026_07_15_01_26_56,000124,17,all-cluster-heads,docs/doc_workspace/SGCP/artifacts/early_from_late_checkpoint_20260719/enable_coperception_early_from_attentive.yaml,cov_potential_game,grid,utility,utility,none,0,0,,cov_coalition_game,6,,3;16;17;18,17;3;16,3;16,"{""3"": 61, ""16"": 58}","{""3"": 4923, ""16"": 5015, ""17"": 5029}",159008,44.6273637374861,10,40.0,200.0,1,ns3,899,0.5,10,12,28,,,[],[],3>17:4;16>17:6,,10,18,
2026_07_15_01_26_56,000124,20,all-cluster-heads,docs/doc_workspace/SGCP/artifacts/early_from_late_checkpoint_20260719/enable_coperception_early_from_attentive.yaml,cov_potential_game,grid,utility,utility,none,0,0,,cov_coalition_game,6,,5;9;20,20;9,9,"{""9"": 51}","{""9"": 4806, ""20"": 4897}",76896,42.767519466073416,10,40.0,200.0,1,ns3,899,0.5,10,12,28,,,[],[],9>20:5,,18,25,
2026_07_15_01_26_56,000126,1,all-cluster-heads,docs/doc_workspace/SGCP/artifacts/early_from_late_checkpoint_20260719/enable_coperception_early_from_attentive.yaml,cov_potential_game,grid,utility,utility,none,0,0,,cov_coalition_game,6,,1;2;8;11,1;11;2,11;2,"{""2"": 54, ""11"": 52}","{""1"": 4926, ""2"": 4870, ""11"": 4607}",151632,43.33704115684093,10,40.0,200.0,1,ns3,899,0.5,10,12,28,,,[],[],2>1:7;11>1:0,,23,40,
2026_07_15_01_26_56,000126,12,all-cluster-heads,docs/doc_workspace/SGCP/artifacts/early_from_late_checkpoint_20260719/enable_coperception_early_from_attentive.yaml,cov_potential_game,grid,utility,utility,none,0,0,,cov_coalition_game,6,,4;7;12,12;7;4,7;4,"{""4"": 60, ""7"": 56}","{""4"": 4849, ""7"": 4871, ""12"": 4992}",155520,43.34593993325918,10,40.0,200.0,1,ns3,899,0.5,10,12,28,,,[],[],4>12:9;7>12:1,,25,41,
2026_07_15_01_26_56,000126,13,all-cluster-heads,docs/doc_workspace/SGCP/artifacts/early_from_late_checkpoint_20260719/enable_coperception_early_from_attentive.yaml,cov_potential_game,grid,utility,utility,none,0,0,,cov_coalition_game,6,,10;13;14;19,13;14;10,14;10,"{""10"": 56, ""14"": 57}","{""10"": 4925, ""13"": 4690, ""14"": 4772}",155152,43.82647385984427,10,40.0,200.0,1,ns3,899,0.5,10,12,28,,,[],[],10>13:8;14>13:2,,13,29,
2026_07_15_01_26_56,000126,15,all-cluster-heads,docs/doc_workspace/SGCP/artifacts/early_from_late_checkpoint_20260719/enable_coperception_early_from_attentive.yaml,cov_potential_game,grid,utility,utility,none,0,0,,cov_coalition_game,6,,6;15,15;6,6,"{""6"": 61}","{""6"": 4734, ""15"": 4825}",75744,42.12680756395996,10,40.0,200.0,1,ns3,899,0.5,10,12,28,,,[],[],6>15:3,,20,23,
2026_07_15_01_26_56,000126,17,all-cluster-heads,docs/doc_workspace/SGCP/artifacts/early_from_late_checkpoint_20260719/enable_coperception_early_from_attentive.yaml,cov_potential_game,grid,utility,utility,none,0,0,,cov_coalition_game,6,,3;16;17;18,17;3;16,3;16,"{""3"": 62, ""16"": 60}","{""3"": 4935, ""16"": 5021, ""17"": 5026}",159296,44.68075639599555,10,40.0,200.0,1,ns3,899,0.5,10,12,28,,,[],[],3>17:4;16>17:6,,11,17,
2026_07_15_01_26_56,000126,20,all-cluster-heads,docs/doc_workspace/SGCP/artifacts/early_from_late_checkpoint_20260719/enable_coperception_early_from_attentive.yaml,cov_potential_game,grid,utility,utility,none,0,0,,cov_coalition_game,6,,5;9;20,20;9,9,"{""9"": 52}","{""9"": 4803, ""20"": 4899}",76848,42.74082313681868,10,40.0,200.0,1,ns3,899,0.5,10,12,28,,,[],[],9>20:5,,18,25,
2026_07_15_01_26_56,000128,1,all-cluster-heads,docs/doc_workspace/SGCP/artifacts/early_from_late_checkpoint_20260719/enable_coperception_early_from_attentive.yaml,cov_potential_game,grid,utility,utility,none,0,0,,cov_coalition_game,6,,1;2;8;11,1;11;2,11;2,"{""2"": 54, ""11"": 52}","{""1"": 4925, ""2"": 4861, ""11"": 4607}",151488,43.256952169076754,10,40.0,200.0,1,ns3,899,0.5,10,12,28,,,[],[],2>1:7;11>1:0,,23,39,
2026_07_15_01_26_56,000128,12,all-cluster-heads,docs/doc_workspace/SGCP/artifacts/early_from_late_checkpoint_20260719/enable_coperception_early_from_attentive.yaml,cov_potential_game,grid,utility,utility,none,0,0,,cov_coalition_game,6,,4;7;12,12;7;4,7;4,"{""4"": 60, ""7"": 56}","{""4"": 4851, ""7"": 4875, ""12"": 4996}",155616,43.38153503893215,10,40.0,200.0,1,ns3,899,0.5,10,12,28,,,[],[],4>12:9;7>12:1,,24,39,
2026_07_15_01_26_56,000128,13,all-cluster-heads,docs/doc_workspace/SGCP/artifacts/early_from_late_checkpoint_20260719/enable_coperception_early_from_attentive.yaml,cov_potential_game,grid,utility,utility,none,0,0,,cov_coalition_game,6,,10;13;14;19,13;14;10,14;10,"{""10"": 56, ""14"": 56}","{""10"": 4923, ""13"": 4698, ""14"": 4807}",155680,43.80867630700779,10,40.0,200.0,1,ns3,899,0.5,10,12,28,,,[],[],10>13:8;14>13:2,,13,29,
2026_07_15_01_26_56,000128,15,all-cluster-heads,docs/doc_workspace/SGCP/artifacts/early_from_late_checkpoint_20260719/enable_coperception_early_from_attentive.yaml,cov_potential_game,grid,utility,utility,none,0,0,,cov_coalition_game,6,,6;15,15;6,6,"{""6"": 60}","{""6"": 4734, ""15"": 4821}",75744,42.12680756395996,10,40.0,200.0,1,ns3,899,0.5,10,12,28,,,[],[],6>15:3,,20,23,
2026_07_15_01_26_56,000128,17,all-cluster-heads,docs/doc_workspace/SGCP/artifacts/early_from_late_checkpoint_20260719/enable_coperception_early_from_attentive.yaml,cov_potential_game,grid,utility,utility,none,0,0,,cov_coalition_game,6,,3;16;17;18,17;3;16,3;16,"{""3"": 61, ""16"": 54}","{""3"": 4957, ""16"": 5018, ""17"": 5026}",159600,44.654060066740826,10,40.0,200.0,1,ns3,899,0.5,10,12,28,,,[],[],3>17:4;16>17:6,,11,17,
2026_07_15_01_26_56,000128,20,all-cluster-heads,docs/doc_workspace/SGCP/artifacts/early_from_late_checkpoint_20260719/enable_coperception_early_from_attentive.yaml,cov_potential_game,grid,utility,utility,none,0,0,,cov_coalition_game,6,,5;9;20,20;9,9,"{""9"": 53}","{""9"": 4801, ""20"": 4900}",76816,42.7230255839822,10,40.0,200.0,1,ns3,899,0.5,10,12,28,,,[],[],9>20:5,,19,25,
2026_07_15_01_26_56,000130,1,all-cluster-heads,docs/doc_workspace/SGCP/artifacts/early_from_late_checkpoint_20260719/enable_coperception_early_from_attentive.yaml,cov_potential_game,grid,utility,utility,none,0,0,,cov_coalition_game,6,,1;2;8;11,1;11;2,11;2,"{""2"": 52, ""11"": 52}","{""1"": 4928, ""2"": 4853, ""11"": 4607}",151360,43.18576195773081,10,40.0,200.0,1,ns3,899,0.5,10,12,28,,,[],[],2>1:7;11>1:0,,21,39,
2026_07_15_01_26_56,000130,12,all-cluster-heads,docs/doc_workspace/SGCP/artifacts/early_from_late_checkpoint_20260719/enable_coperception_early_from_attentive.yaml,cov_potential_game,grid,utility,utility,none,0,0,,cov_coalition_game,6,,4;7;12,12;7;4,7;4,"{""4"": 59, ""7"": 56}","{""4"": 4849, ""7"": 4876, ""12"": 4999}",155600,43.39043381535039,10,40.0,200.0,1,ns3,899,0.5,10,12,28,,,[],[],4>12:9;7>12:1,,23,38,
2026_07_15_01_26_56,000130,13,all-cluster-heads,docs/doc_workspace/SGCP/artifacts/early_from_late_checkpoint_20260719/enable_coperception_early_from_attentive.yaml,cov_potential_game,grid,utility,utility,none,0,0,,cov_coalition_game,6,,10;13;14;19,13;14;10,14;10,"{""10"": 56, ""14"": 56}","{""10"": 4923, ""13"": 4679, ""14"": 4848}",156336,43.80867630700779,10,40.0,200.0,1,ns3,899,0.5,10,12,28,,,[],[],10>13:8;14>13:2,,13,29,
2026_07_15_01_26_56,000130,15,all-cluster-heads,docs/doc_workspace/SGCP/artifacts/early_from_late_checkpoint_20260719/enable_coperception_early_from_attentive.yaml,cov_potential_game,grid,utility,utility,none,0,0,,cov_coalition_game,6,,6;15,15;6,6,"{""6"": 62}","{""6"": 4731, ""15"": 4809}",75696,42.10011123470523,10,40.0,200.0,1,ns3,899,0.5,10,12,28,,,[],[],6>15:3,,21,22,
2026_07_15_01_26_56,000130,17,all-cluster-heads,docs/doc_workspace/SGCP/artifacts/early_from_late_checkpoint_20260719/enable_coperception_early_from_attentive.yaml,cov_potential_game,grid,utility,utility,none,0,0,,cov_coalition_game,6,,3;16;17;18,17;3;16,3;16,"{""3"": 62, ""16"": 59}","{""3"": 4942, ""16"": 5017, ""17"": 5023}",159344,44.645161290322584,10,40.0,200.0,1,ns3,899,0.5,10,12,28,,,[],[],3>17:4;16>17:6,,9,18,
2026_07_15_01_26_56,000130,20,all-cluster-heads,docs/doc_workspace/SGCP/artifacts/early_from_late_checkpoint_20260719/enable_coperception_early_from_attentive.yaml,cov_potential_game,grid,utility,utility,none,0,0,,cov_coalition_game,6,,5;9;20,20;9,9,"{""9"": 53}","{""9"": 4799, ""20"": 4900}",76784,42.705228031145715,10,40.0,200.0,1,ns3,899,0.5,10,12,28,,,[],[],9>20:5,,22,25,
2026_07_15_01_26_56,000132,4,all-cluster-heads,docs/doc_workspace/SGCP/artifacts/early_from_late_checkpoint_20260719/enable_coperception_early_from_attentive.yaml,cov_potential_game,grid,utility,utility,none,0,0,,cov_coalition_game,6,,4;7;8;12,4;12;7,12;7,"{""7"": 59, ""12"": 55}","{""4"": 4850, ""7"": 4911, ""12"": 4839}",156000,43.701890989988875,10,40.0,200.0,1,ns3,899,0.5,10,12,28,,,[],[],7>4:9;12>4:0,,23,38,
2026_07_15_01_26_56,000132,11,all-cluster-heads,docs/doc_workspace/SGCP/artifacts/early_from_late_checkpoint_20260719/enable_coperception_early_from_attentive.yaml,cov_potential_game,grid,utility,utility,none,0,0,,cov_coalition_game,6,,1;2;11;19,11;19;2,19;2,"{""2"": 53, ""19"": 58}","{""2"": 4855, ""11"": 4910, ""19"": 4812}",154672,43.2035595105673,10,40.0,200.0,1,ns3,899,0.5,10,12,28,,,[],[],2>11:7;19>11:1,,20,43,
2026_07_15_01_26_56,000132,13,all-cluster-heads,docs/doc_workspace/SGCP/artifacts/early_from_late_checkpoint_20260719/enable_coperception_early_from_attentive.yaml,cov_potential_game,grid,utility,utility,none,0,0,,cov_coalition_game,6,,9;10;13;14,13;14;10,14;10,"{""10"": 56, ""14"": 56}","{""10"": 4923, ""13"": 4705, ""14"": 4819}",155872,43.80867630700779,10,40.0,200.0,1,ns3,899,0.5,10,12,28,,,[],[],10>13:8;14>13:2,,14,29,
2026_07_15_01_26_56,000132,15,all-cluster-heads,docs/doc_workspace/SGCP/artifacts/early_from_late_checkpoint_20260719/enable_coperception_early_from_attentive.yaml,cov_potential_game,grid,utility,utility,none,0,0,,cov_coalition_game,6,,6;15,15;6,6,"{""6"": 60}","{""6"": 4728, ""15"": 4844}",75648,42.073414905450505,10,40.0,200.0,1,ns3,899,0.5,10,12,28,,,[],[],6>15:3,,19,22,
2026_07_15_01_26_56,000132,17,all-cluster-heads,docs/doc_workspace/SGCP/artifacts/early_from_late_checkpoint_20260719/enable_coperception_early_from_attentive.yaml,cov_potential_game,grid,utility,utility,none,0,0,,cov_coalition_game,6,,3;16;17;18,17;3;16,3;16,"{""3"": 62, ""16"": 60}","{""3"": 4963, ""16"": 5008, ""17"": 5022}",159536,44.5650723025584,10,40.0,200.0,1,ns3,899,0.5,10,12,28,,,[],[],3>17:4;16>17:6,,10,18,
2026_07_15_01_26_56,000132,20,all-cluster-heads,docs/doc_workspace/SGCP/artifacts/early_from_late_checkpoint_20260719/enable_coperception_early_from_attentive.yaml,cov_potential_game,grid,utility,utility,none,0,0,,cov_coalition_game,6,,5;20,20;5,5,"{""5"": 53}","{""5"": 1633, ""20"": 4901}",26128,14.53170189098999,10,40.0,200.0,1,ns3,899,0.5,10,12,28,,,[],[],5>20:5,,19,27,
2026_07_15_01_26_56,000134,4,all-cluster-heads,docs/doc_workspace/SGCP/artifacts/early_from_late_checkpoint_20260719/enable_coperception_early_from_attentive.yaml,cov_potential_game,grid,utility,utility,none,0,0,,cov_coalition_game,6,,4;7;8;12,4;12;7,12;7,"{""7"": 59, ""12"": 54}","{""4"": 4848, ""7"": 4911, ""12"": 4856}",156272,43.701890989988875,10,40.0,200.0,1,ns3,899,0.5,10,12,28,,,[],[],7>4:9;12>4:0,,22,38,
2026_07_15_01_26_56,000134,11,all-cluster-heads,docs/doc_workspace/SGCP/artifacts/early_from_late_checkpoint_20260719/enable_coperception_early_from_attentive.yaml,cov_potential_game,grid,utility,utility,none,0,0,,cov_coalition_game,6,,1;2;11;19,11;19;2,19;2,"{""2"": 53, ""19"": 57}","{""2"": 4855, ""11"": 4909, ""19"": 4813}",154688,43.2035595105673,10,40.0,200.0,1,ns3,899,0.5,10,12,28,,,[],[],2>11:7;19>11:1,,20,43,
2026_07_15_01_26_56,000134,13,all-cluster-heads,docs/doc_workspace/SGCP/artifacts/early_from_late_checkpoint_20260719/enable_coperception_early_from_attentive.yaml,cov_potential_game,grid,utility,utility,none,0,0,,cov_coalition_game,6,,9;10;13;14,13;14;10,14;10,"{""10"": 56, ""14"": 57}","{""10"": 4923, ""13"": 4701, ""14"": 4836}",156144,43.80867630700779,10,40.0,200.0,1,ns3,899,0.5,10,12,28,,,[],[],10>13:8;14>13:2,,15,28,
2026_07_15_01_26_56,000134,15,all-cluster-heads,docs/doc_workspace/SGCP/artifacts/early_from_late_checkpoint_20260719/enable_coperception_early_from_attentive.yaml,cov_potential_game,grid,utility,utility,none,0,0,,cov_coalition_game,6,,6;15,15;6,6,"{""6"": 58}","{""6"": 4721, ""15"": 4817}",75536,42.011123470522804,10,40.0,200.0,1,ns3,899,0.5,10,12,28,,,[],[],6>15:3,,18,25,
2026_07_15_01_26_56,000134,17,all-cluster-heads,docs/doc_workspace/SGCP/artifacts/early_from_late_checkpoint_20260719/enable_coperception_early_from_attentive.yaml,cov_potential_game,grid,utility,utility,none,0,0,,cov_coalition_game,6,,3;16;17;18,17;3;16,3;16,"{""3"": 61, ""16"": 57}","{""3"": 4954, ""16"": 5006, ""17"": 5034}",159360,44.547274749721915,10,40.0,200.0,1,ns3,899,0.5,10,12,28,,,[],[],3>17:4;16>17:6,,10,18,
2026_07_15_01_26_56,000134,20,all-cluster-heads,docs/doc_workspace/SGCP/artifacts/early_from_late_checkpoint_20260719/enable_coperception_early_from_attentive.yaml,cov_potential_game,grid,utility,utility,none,0,0,,cov_coalition_game,6,,5;20,20;5,5,"{""5"": 54}","{""5"": 1630, ""20"": 4905}",26080,14.505005561735262,10,40.0,200.0,1,ns3,899,0.5,10,12,28,,,[],[],5>20:5,,19,27,
2026_07_15_01_26_56,000136,2,all-cluster-heads,docs/doc_workspace/SGCP/artifacts/early_from_late_checkpoint_20260719/enable_coperception_early_from_attentive.yaml,cov_potential_game,grid,utility,utility,none,0,0,,cov_coalition_game,6,,2;6;15,2;6,6,"{""6"": 61}","{""2"": 4856, ""6"": 4740}",75840,42.18020022246941,10,40.0,200.0,1,ns3,899,0.5,10,12,28,,,[],[],6>2:0,,22,33,
2026_07_15_01_26_56,000136,11,all-cluster-heads,docs/doc_workspace/SGCP/artifacts/early_from_late_checkpoint_20260719/enable_coperception_early_from_attentive.yaml,cov_potential_game,grid,utility,utility,none,0,0,,cov_coalition_game,6,,1;8;11;19,11;19;1,19;1,"{""1"": 47, ""19"": 57}","{""1"": 4927, ""11"": 4911, ""19"": 4814}",155856,43.844271412680754,10,40.0,200.0,1,ns3,899,0.5,10,12,28,,,[],[],1>11:9;19>11:1,,23,36,
2026_07_15_01_26_56,000136,12,all-cluster-heads,docs/doc_workspace/SGCP/artifacts/early_from_late_checkpoint_20260719/enable_coperception_early_from_attentive.yaml,cov_potential_game,grid,utility,utility,none,0,0,,cov_coalition_game,6,,4;7;12,12;7;4,7;4,"{""4"": 58, ""7"": 58}","{""4"": 4848, ""7"": 4882, ""12"": 5003}",155680,43.44382647385984,10,40.0,200.0,1,ns3,899,0.5,10,12,28,,,[],[],4>12:8;7>12:2,,25,39,
2026_07_15_01_26_56,000136,13,all-cluster-heads,docs/doc_workspace/SGCP/artifacts/early_from_late_checkpoint_20260719/enable_coperception_early_from_attentive.yaml,cov_potential_game,grid,utility,utility,none,0,0,,cov_coalition_game,6,,9;10;13;14,13;14;10,14;10,"{""10"": 55, ""14"": 61}","{""10"": 4922, ""13"": 4710, ""14"": 4805}",155632,43.799777530589544,10,40.0,200.0,1,ns3,899,0.5,10,12,28,,,[],[],10>13:7;14>13:3,,13,28,
2026_07_15_01_26_56,000136,17,all-cluster-heads,docs/doc_workspace/SGCP/artifacts/early_from_late_checkpoint_20260719/enable_coperception_early_from_attentive.yaml,cov_potential_game,grid,utility,utility,none,0,0,,cov_coalition_game,6,,3;16;17;18,17;3;16,3;16,"{""3"": 61, ""16"": 58}","{""3"": 4982, ""16"": 5014, ""17"": 5030}",159936,44.61846496106785,10,40.0,200.0,1,ns3,899,0.5,10,12,28,,,[],[],3>17:4;16>17:6,,13,18,
2026_07_15_01_26_56,000136,20,all-cluster-heads,docs/doc_workspace/SGCP/artifacts/early_from_late_checkpoint_20260719/enable_coperception_early_from_attentive.yaml,cov_potential_game,grid,utility,utility,none,0,0,,cov_coalition_game,6,,5;20,20;5,5,"{""5"": 54}","{""5"": 1637, ""20"": 4909}",26192,14.567296996662959,10,40.0,200.0,1,ns3,899,0.5,10,12,28,,,[],[],5>20:5,,21,27,
2026_07_15_01_26_56,000138,2,all-cluster-heads,docs/doc_workspace/SGCP/artifacts/early_from_late_checkpoint_20260719/enable_coperception_early_from_attentive.yaml,cov_potential_game,grid,utility,utility,none,0,0,,cov_coalition_game,6,,2;6;15,2;6,6,"{""6"": 61}","{""2"": 4857, ""6"": 4715}",75440,41.95773081201335,10,40.0,200.0,1,ns3,899,0.5,10,12,28,,,[],[],6>2:0,,22,33,
2026_07_15_01_26_56,000138,11,all-cluster-heads,docs/doc_workspace/SGCP/artifacts/early_from_late_checkpoint_20260719/enable_coperception_early_from_attentive.yaml,cov_potential_game,grid,utility,utility,none,0,0,,cov_coalition_game,6,,1;8;11;19,11;19;1,19;1,"{""1"": 47, ""19"": 57}","{""1"": 4925, ""11"": 4909, ""19"": 4811}",155776,43.82647385984427,10,40.0,200.0,1,ns3,899,0.5,10,12,28,,,[],[],1>11:9;19>11:1,,22,37,
2026_07_15_01_26_56,000138,12,all-cluster-heads,docs/doc_workspace/SGCP/artifacts/early_from_late_checkpoint_20260719/enable_coperception_early_from_attentive.yaml,cov_potential_game,grid,utility,utility,none,0,0,,cov_coalition_game,6,,4;7;12,12;7;4,7;4,"{""4"": 58, ""7"": 58}","{""4"": 4852, ""7"": 4883, ""12"": 4989}",155760,43.452725250278085,10,40.0,200.0,1,ns3,899,0.5,10,12,28,,,[],[],4>12:8;7>12:2,,23,39,
2026_07_15_01_26_56,000138,13,all-cluster-heads,docs/doc_workspace/SGCP/artifacts/early_from_late_checkpoint_20260719/enable_coperception_early_from_attentive.yaml,cov_potential_game,grid,utility,utility,none,0,0,,cov_coalition_game,6,,9;10;13;14,13;14;10,14;10,"{""10"": 55, ""14"": 60}","{""10"": 4921, ""13"": 4698, ""14"": 4814}",155760,43.7908787541713,10,40.0,200.0,1,ns3,899,0.5,10,12,28,,,[],[],10>13:7;14>13:3,,13,28,
2026_07_15_01_26_56,000138,17,all-cluster-heads,docs/doc_workspace/SGCP/artifacts/early_from_late_checkpoint_20260719/enable_coperception_early_from_attentive.yaml,cov_potential_game,grid,utility,utility,none,0,0,,cov_coalition_game,6,,3;16;17;18,17;3;16,3;16,"{""3"": 62, ""16"": 57}","{""3"": 4974, ""16"": 5023, ""17"": 5027}",159952,44.698553948832036,10,40.0,200.0,1,ns3,899,0.5,10,12,28,,,[],[],3>17:4;16>17:6,,11,18,
2026_07_15_01_26_56,000138,20,all-cluster-heads,docs/doc_workspace/SGCP/artifacts/early_from_late_checkpoint_20260719/enable_coperception_early_from_attentive.yaml,cov_potential_game,grid,utility,utility,none,0,0,,cov_coalition_game,6,,5;20,20;5,5,"{""5"": 52}","{""5"": 1639, ""20"": 4910}",26224,14.585094549499445,10,40.0,200.0,1,ns3,899,0.5,10,12,28,,,[],[],5>20:5,,20,27,
2026_07_15_01_26_56,000140,4,all-cluster-heads,docs/doc_workspace/SGCP/artifacts/early_from_late_checkpoint_20260719/enable_coperception_early_from_attentive.yaml,cov_potential_game,grid,utility,utility,none,0,0,,cov_coalition_game,6,,4;7;8;12,4;12;7,12;7,"{""7"": 59, ""12"": 53}","{""4"": 4847, ""7"": 4910, ""12"": 4888}",156768,43.69299221357063,10,40.0,200.0,1,ns3,899,0.5,10,12,28,,,[],[],7>4:9;12>4:0,,23,39,
2026_07_15_01_26_56,000140,11,all-cluster-heads,docs/doc_workspace/SGCP/artifacts/early_from_late_checkpoint_20260719/enable_coperception_early_from_attentive.yaml,cov_potential_game,grid,utility,utility,none,0,0,,cov_coalition_game,6,,1;2;11;19,11;19;2,19;2,"{""2"": 54, ""19"": 57}","{""2"": 4856, ""11"": 4910, ""19"": 4811}",154672,43.212458286985544,10,40.0,200.0,1,ns3,899,0.5,10,12,28,,,[],[],2>11:7;19>11:1,,23,42,
2026_07_15_01_26_56,000140,13,all-cluster-heads,docs/doc_workspace/SGCP/artifacts/early_from_late_checkpoint_20260719/enable_coperception_early_from_attentive.yaml,cov_potential_game,grid,utility,utility,none,0,0,,cov_coalition_game,6,,9;10;13;14,13;14;10,14;10,"{""10"": 55, ""14"": 60}","{""10"": 4922, ""13"": 4683, ""14"": 4821}",155888,43.799777530589544,10,40.0,200.0,1,ns3,899,0.5,10,12,28,,,[],[],10>13:8;14>13:2,,13,27,
2026_07_15_01_26_56,000140,15,all-cluster-heads,docs/doc_workspace/SGCP/artifacts/early_from_late_checkpoint_20260719/enable_coperception_early_from_attentive.yaml,cov_potential_game,grid,utility,utility,none,0,0,,cov_coalition_game,6,,6;15,15;6,6,"{""6"": 61}","{""6"": 4703, ""15"": 4825}",75248,41.850945494994434,10,40.0,200.0,1,ns3,899,0.5,10,12,28,,,[],[],6>15:3,,17,24,
2026_07_15_01_26_56,000140,17,all-cluster-heads,docs/doc_workspace/SGCP/artifacts/early_from_late_checkpoint_20260719/enable_coperception_early_from_attentive.yaml,cov_potential_game,grid,utility,utility,none,0,0,,cov_coalition_game,6,,3;16;17;18,17;3;16,3;16,"{""3"": 61, ""16"": 58}","{""3"": 4980, ""16"": 5013, ""17"": 5029}",159888,44.60956618464961,10,40.0,200.0,1,ns3,899,0.5,10,12,28,,,[],[],3>17:4;16>17:6,,12,18,
2026_07_15_01_26_56,000140,20,all-cluster-heads,docs/doc_workspace/SGCP/artifacts/early_from_late_checkpoint_20260719/enable_coperception_early_from_attentive.yaml,cov_potential_game,grid,utility,utility,none,0,0,,cov_coalition_game,6,,5;20,20;5,5,"{""5"": 53}","{""5"": 1652, ""20"": 4909}",26432,14.700778642936596,10,40.0,200.0,1,ns3,899,0.5,10,12,28,,,[],[],5>20:5,,19,26,
