scenario_id,timestamp,receiver_id,receiver_policy,coperception_yaml,resource_allocation,upload_mode,grid_selection_mode,grid_score_mode,coverage_fallback,coverage_fallback_replacements,routing_hint_replacements,routing_hints_csv,clustering,cluster_count,selective_frame_deadline_ms,cluster_member_ids,source_cav_ids,uploaded_source_ids,selected_grid_counts_json,point_counts_json,communication_bytes,frame_comm_time_ms,num_channels,bandwidth_mhz,communication_deadline_ms,sgcp_frame_mbps_budget,sgcp_frame_budget_bytes,sgcp_frame_budget_original_bytes,sgcp_frame_budget_admitted_bytes,max_senders_per_receiver,channel_estimator,ns3_tb_size_bytes,ns3_slot_duration_ms,ns3_subchannel_prbs,ns3_symbols_per_slot,ns3_mcs,pcs_rounds_requested,pcs_rounds_accepted,pcs_round_comm_time_ms_json,pcs_round_comm_bytes_json,channel_allocation,missing_channel_sources,pred_boxes,gt_boxes,skipped
2026_07_15_01_26_56,000060,4,all-cluster-heads,C:\Workspace\OpenCDA\docs\doc_workspace\SGCP\artifacts\early_from_late_checkpoint_20260719\enable_coperception_early_from_attentive.yaml,selective_random,grid,,,,,,,cov_coalition_game,6,60.0,4;8;12,4;8;12,8;12,"{""8"": 53, ""12"": 57}","{""4"": 4886, ""8"": 4784, ""12"": 2125}",110544,6.148164627363737,10,40.0,100.0,,,,,2,ns3,899,0.5,10,12,28,,,[],[],,8;12,30,40,
2026_07_15_01_26_56,000060,11,all-cluster-heads,C:\Workspace\OpenCDA\docs\doc_workspace\SGCP\artifacts\early_from_late_checkpoint_20260719\enable_coperception_early_from_attentive.yaml,selective_random,grid,,,,,,,cov_coalition_game,6,60.0,1;2;10;11,11;1;10;2,1;10;2,"{""1"": 39, ""2"": 39, ""10"": 39}","{""1"": 4556, ""2"": 2155, ""10"": 2986, ""11"": 4909}",155152,8.629143492769744,10,40.0,100.0,,,,,2,ns3,899,0.5,10,12,28,,,[],[],,1;10;2,26,51,
2026_07_15_01_26_56,000060,13,all-cluster-heads,C:\Workspace\OpenCDA\docs\doc_workspace\SGCP\artifacts\early_from_late_checkpoint_20260719\enable_coperception_early_from_attentive.yaml,selective_random,grid,,,,,,,cov_coalition_game,6,60.0,9;13;14;19,13;9;14;19,9;14;19,"{""9"": 39, ""14"": 39, ""19"": 39}","{""9"": 3459, ""13"": 4793, ""14"": 2341, ""19"": 1107}",110512,6.146384872080089,10,40.0,100.0,,,,,2,ns3,899,0.5,10,12,28,,,[],[],,9;14;19,10,26,
2026_07_15_01_26_56,000060,15,all-cluster-heads,C:\Workspace\OpenCDA\docs\doc_workspace\SGCP\artifacts\early_from_late_checkpoint_20260719\enable_coperception_early_from_attentive.yaml,selective_random,grid,,,,,,,cov_coalition_game,6,60.0,6;15,15;6,6,"{""6"": 56}","{""6"": 4485, ""15"": 4740}",71760,3.9911012235817576,10,40.0,100.0,,,,,2,ns3,899,0.5,10,12,28,,,[],[],,6,13,17,
2026_07_15_01_26_56,000060,16,all-cluster-heads,C:\Workspace\OpenCDA\docs\doc_workspace\SGCP\artifacts\early_from_late_checkpoint_20260719\enable_coperception_early_from_attentive.yaml,selective_random,grid,,,,,,,cov_coalition_game,6,60.0,5;7;16;20,16;20;7;5,20;7;5,"{""5"": 39, ""7"": 39, ""20"": 39}","{""5"": 984, ""7"": 1361, ""16"": 4857, ""20"": 1816}",66576,3.702780867630701,10,40.0,100.0,,,,,2,ns3,899,0.5,10,12,28,,,[],[],,20;7;5,19,31,
2026_07_15_01_26_56,000060,17,all-cluster-heads,C:\Workspace\OpenCDA\docs\doc_workspace\SGCP\artifacts\early_from_late_checkpoint_20260719\enable_coperception_early_from_attentive.yaml,selective_random,grid,,,,,,,cov_coalition_game,6,60.0,3;17;18,17;18;3,18;3,"{""3"": 56, ""18"": 58}","{""3"": 3324, ""17"": 4967, ""18"": 4975}",132784,7.385094549499445,10,40.0,100.0,,,,,2,ns3,899,0.5,10,12,28,,,[],[],,18;3,9,17,
2026_07_15_01_26_56,000062,1,all-cluster-heads,C:\Workspace\OpenCDA\docs\doc_workspace\SGCP\artifacts\early_from_late_checkpoint_20260719\enable_coperception_early_from_attentive.yaml,selective_random,grid,,,,,,,cov_coalition_game,6,60.0,1;2;8;11,1;8;2;11,8;2;11,"{""2"": 39, ""8"": 39, ""11"": 39}","{""1"": 4921, ""2"": 3984, ""8"": 4027, ""11"": 2606}",169872,9.447830923248054,10,40.0,100.0,,,,,2,ns3,899,0.5,10,12,28,,,[],[],,8;2;11,24,46,
2026_07_15_01_26_56,000062,12,all-cluster-heads,C:\Workspace\OpenCDA\docs\doc_workspace\SGCP\artifacts\early_from_late_checkpoint_20260719\enable_coperception_early_from_attentive.yaml,selective_random,grid,,,,,,,cov_coalition_game,6,60.0,4;12,12;4,4,"{""4"": 57}","{""4"": 3322, ""12"": 4894}",53152,2.9561735261401556,10,40.0,100.0,,,,,2,ns3,899,0.5,10,12,28,,,[],[],,4,17,35,
2026_07_15_01_26_56,000062,15,all-cluster-heads,C:\Workspace\OpenCDA\docs\doc_workspace\SGCP\artifacts\early_from_late_checkpoint_20260719\enable_coperception_early_from_attentive.yaml,selective_random,grid,,,,,,,cov_coalition_game,6,60.0,6;15,15;6,6,"{""6"": 56}","{""6"": 4478, ""15"": 4745}",71648,3.984872080088988,10,40.0,100.0,,,,,2,ns3,899,0.5,10,12,28,,,[],[],,6,15,17,
2026_07_15_01_26_56,000062,16,all-cluster-heads,C:\Workspace\OpenCDA\docs\doc_workspace\SGCP\artifacts\early_from_late_checkpoint_20260719\enable_coperception_early_from_attentive.yaml,selective_random,grid,,,,,,,cov_coalition_game,6,60.0,5;7;16;20,16;5;7;20,5;7;20,"{""5"": 39, ""7"": 39, ""20"": 39}","{""5"": 4061, ""7"": 3484, ""16"": 4866, ""20"": 1959}",152064,8.457397107897663,10,40.0,100.0,,,,,2,ns3,899,0.5,10,12,28,,,[],[],,5;7;20,20,31,
2026_07_15_01_26_56,000062,17,all-cluster-heads,C:\Workspace\OpenCDA\docs\doc_workspace\SGCP\artifacts\early_from_late_checkpoint_20260719\enable_coperception_early_from_attentive.yaml,selective_random,grid,,,,,,,cov_coalition_game,6,60.0,3;14;17;18,17;18;14;3,18;14;3,"{""3"": 39, ""14"": 39, ""18"": 39}","{""3"": 1684, ""14"": 3728, ""17"": 4985, ""18"": 4636}",160768,8.941490545050055,10,40.0,100.0,,,,,2,ns3,899,0.5,10,12,28,,,[],[],,18;14;3,8,16,
2026_07_15_01_26_56,000062,19,all-cluster-heads,C:\Workspace\OpenCDA\docs\doc_workspace\SGCP\artifacts\early_from_late_checkpoint_20260719\enable_coperception_early_from_attentive.yaml,selective_random,grid,,,,,,,cov_coalition_game,6,60.0,9;10;13;19,19;9;10;13,9;10;13,"{""9"": 39, ""10"": 39, ""13"": 39}","{""9"": 3464, ""10"": 4571, ""13"": 3706, ""19"": 4823}",187856,10.448053392658508,10,40.0,100.0,,,,,2,ns3,899,0.5,10,12,28,,,[],[],,9;10;13,16,36,
2026_07_15_01_26_56,000064,1,all-cluster-heads,C:\Workspace\OpenCDA\docs\doc_workspace\SGCP\artifacts\early_from_late_checkpoint_20260719\enable_coperception_early_from_attentive.yaml,selective_random,grid,,,,,,,cov_coalition_game,6,60.0,1;2;8;11,1;8;11;2,8;11;2,"{""2"": 39, ""8"": 39, ""11"": 39}","{""1"": 4921, ""2"": 2314, ""8"": 4307, ""11"": 2687}",148928,8.282981090100112,10,40.0,100.0,,,,,2,ns3,899,0.5,10,12,28,,,[],[],,8;11;2,23,46,
2026_07_15_01_26_56,000064,12,all-cluster-heads,C:\Workspace\OpenCDA\docs\doc_workspace\SGCP\artifacts\early_from_late_checkpoint_20260719\enable_coperception_early_from_attentive.yaml,selective_random,grid,,,,,,,cov_coalition_game,6,60.0,4;12,12;4,4,"{""4"": 56}","{""4"": 3281, ""12"": 4896}",52496,2.919688542825362,10,40.0,100.0,,,,,2,ns3,899,0.5,10,12,28,,,[],[],,4,14,35,
2026_07_15_01_26_56,000064,15,all-cluster-heads,C:\Workspace\OpenCDA\docs\doc_workspace\SGCP\artifacts\early_from_late_checkpoint_20260719\enable_coperception_early_from_attentive.yaml,selective_random,grid,,,,,,,cov_coalition_game,6,60.0,6;15,15;6,6,"{""6"": 58}","{""6"": 4512, ""15"": 4750}",72192,4.015127919911012,10,40.0,100.0,,,,,2,ns3,899,0.5,10,12,28,,,[],[],,6,15,17,
2026_07_15_01_26_56,000064,16,all-cluster-heads,C:\Workspace\OpenCDA\docs\doc_workspace\SGCP\artifacts\early_from_late_checkpoint_20260719\enable_coperception_early_from_attentive.yaml,selective_random,grid,,,,,,,cov_coalition_game,6,60.0,5;7;16;20,16;5;7;20,5;7;20,"{""5"": 39, ""7"": 39, ""20"": 39}","{""5"": 4418, ""7"": 3997, ""16"": 4850, ""20"": 3051}",183456,10.203337041156841,10,40.0,100.0,,,,,2,ns3,899,0.5,10,12,28,,,[],[],,5;7;20,19,32,
2026_07_15_01_26_56,000064,17,all-cluster-heads,C:\Workspace\OpenCDA\docs\doc_workspace\SGCP\artifacts\early_from_late_checkpoint_20260719\enable_coperception_early_from_attentive.yaml,selective_random,grid,,,,,,,cov_coalition_game,6,60.0,3;14;17;18,17;18;14;3,18;14;3,"{""3"": 39, ""14"": 39, ""18"": 39}","{""3"": 2591, ""14"": 3397, ""17"": 4966, ""18"": 4550}",168608,9.377530589543937,10,40.0,100.0,,,,,2,ns3,899,0.5,10,12,28,,,[],[],,18;14;3,10,16,
2026_07_15_01_26_56,000064,19,all-cluster-heads,C:\Workspace\OpenCDA\docs\doc_workspace\SGCP\artifacts\early_from_late_checkpoint_20260719\enable_coperception_early_from_attentive.yaml,selective_random,grid,,,,,,,cov_coalition_game,6,60.0,9;10;13;19,19;9;13;10,9;13;10,"{""9"": 39, ""10"": 39, ""13"": 39}","{""9"": 3273, ""10"": 2222, ""13"": 3272, ""19"": 4819}",140272,7.801557285873192,10,40.0,100.0,,,,,2,ns3,899,0.5,10,12,28,,,[],[],,9;13;10,10,36,
2026_07_15_01_26_56,000066,1,all-cluster-heads,C:\Workspace\OpenCDA\docs\doc_workspace\SGCP\artifacts\early_from_late_checkpoint_20260719\enable_coperception_early_from_attentive.yaml,selective_random,grid,,,,,,,cov_coalition_game,6,60.0,1;2;8;11,1;11;2;8,11;2;8,"{""2"": 39, ""8"": 39, ""11"": 39}","{""1"": 4922, ""2"": 2207, ""8"": 617, ""11"": 3345}",98704,5.4896551724137925,10,40.0,100.0,,,,,2,ns3,899,0.5,10,12,28,,,[],[],,11;2;8,32,47,
2026_07_15_01_26_56,000066,12,all-cluster-heads,C:\Workspace\OpenCDA\docs\doc_workspace\SGCP\artifacts\early_from_late_checkpoint_20260719\enable_coperception_early_from_attentive.yaml,selective_random,grid,,,,,,,cov_coalition_game,6,60.0,4;7;12,12;7;4,7;4,"{""4"": 57, ""7"": 55}","{""4"": 3279, ""7"": 4864, ""12"": 4884}",130288,7.246273637374862,10,40.0,100.0,,,,,2,ns3,899,0.5,10,12,28,,,[],[],,7;4,27,42,
2026_07_15_01_26_56,000066,15,all-cluster-heads,C:\Workspace\OpenCDA\docs\doc_workspace\SGCP\artifacts\early_from_late_checkpoint_20260719\enable_coperception_early_from_attentive.yaml,selective_random,grid,,,,,,,cov_coalition_game,6,60.0,6;15,15;6,6,"{""6"": 57}","{""6"": 4507, ""15"": 4740}",72112,4.010678531701891,10,40.0,100.0,,,,,2,ns3,899,0.5,10,12,28,,,[],[],,6,14,17,
2026_07_15_01_26_56,000066,16,all-cluster-heads,C:\Workspace\OpenCDA\docs\doc_workspace\SGCP\artifacts\early_from_late_checkpoint_20260719\enable_coperception_early_from_attentive.yaml,selective_random,grid,,,,,,,cov_coalition_game,6,60.0,5;16;20,16;5;20,5;20,"{""5"": 49, ""20"": 48}","{""5"": 4532, ""16"": 4854, ""20"": 3146}",122848,6.832480533926585,10,40.0,100.0,,,,,2,ns3,899,0.5,10,12,28,,,[],[],,5;20,17,29,
2026_07_15_01_26_56,000066,17,all-cluster-heads,C:\Workspace\OpenCDA\docs\doc_workspace\SGCP\artifacts\early_from_late_checkpoint_20260719\enable_coperception_early_from_attentive.yaml,selective_random,grid,,,,,,,cov_coalition_game,6,60.0,3;14;17;18,17;18;14;3,18;14;3,"{""3"": 39, ""14"": 39, ""18"": 39}","{""3"": 2271, ""14"": 3377, ""17"": 4984, ""18"": 4667}",165040,9.17908787541713,10,40.0,100.0,,,,,2,ns3,899,0.5,10,12,28,,,[],[],,18;14;3,7,16,
2026_07_15_01_26_56,000066,19,all-cluster-heads,C:\Workspace\OpenCDA\docs\doc_workspace\SGCP\artifacts\early_from_late_checkpoint_20260719\enable_coperception_early_from_attentive.yaml,selective_random,grid,,,,,,,cov_coalition_game,6,60.0,9;10;13;19,19;10;13;9,10;13;9,"{""9"": 39, ""10"": 39, ""13"": 39}","{""9"": 1766, ""10"": 2726, ""13"": 2561, ""19"": 4818}",112848,6.276307007786429,10,40.0,100.0,,,,,2,ns3,899,0.5,10,12,28,,,[],[],,10;13;9,8,37,
2026_07_15_01_26_56,000068,1,all-cluster-heads,C:\Workspace\OpenCDA\docs\doc_workspace\SGCP\artifacts\early_from_late_checkpoint_20260719\enable_coperception_early_from_attentive.yaml,selective_random,grid,,,,,,,cov_coalition_game,6,60.0,1;2;8;11,1;8;11;2,8;11;2,"{""2"": 39, ""8"": 39, ""11"": 39}","{""1"": 4924, ""2"": 1633, ""8"": 4018, ""11"": 2719}",133920,7.448275862068965,10,40.0,100.0,,,,,2,ns3,899,0.5,10,12,28,,,[],[],,8;11;2,23,46,
2026_07_15_01_26_56,000068,4,all-cluster-heads,C:\Workspace\OpenCDA\docs\doc_workspace\SGCP\artifacts\early_from_late_checkpoint_20260719\enable_coperception_early_from_attentive.yaml,selective_random,grid,,,,,,,cov_coalition_game,6,60.0,4;9;12,4;9;12,9;12,"{""9"": 50, ""12"": 53}","{""4"": 4848, ""9"": 4856, ""12"": 2293}",114384,6.361735261401557,10,40.0,100.0,,,,,2,ns3,899,0.5,10,12,28,,,[],[],,9;12,21,43,
2026_07_15_01_26_56,000068,13,all-cluster-heads,C:\Workspace\OpenCDA\docs\doc_workspace\SGCP\artifacts\early_from_late_checkpoint_20260719\enable_coperception_early_from_attentive.yaml,selective_random,grid,,,,,,,cov_coalition_game,6,60.0,10;13;14;19,13;10;14;19,10;14;19,"{""10"": 39, ""14"": 39, ""19"": 39}","{""10"": 4266, ""13"": 4795, ""14"": 3449, ""19"": 829}",136704,7.603114571746385,10,40.0,100.0,,,,,2,ns3,899,0.5,10,12,28,,,[],[],,10;14;19,11,33,
2026_07_15_01_26_56,000068,15,all-cluster-heads,C:\Workspace\OpenCDA\docs\doc_workspace\SGCP\artifacts\early_from_late_checkpoint_20260719\enable_coperception_early_from_attentive.yaml,selective_random,grid,,,,,,,cov_coalition_game,6,60.0,6;15,15;6,6,"{""6"": 59}","{""6"": 4514, ""15"": 4743}",72224,4.016907675194661,10,40.0,100.0,,,,,2,ns3,899,0.5,10,12,28,,,[],[],,6,15,16,
2026_07_15_01_26_56,000068,16,all-cluster-heads,C:\Workspace\OpenCDA\docs\doc_workspace\SGCP\artifacts\early_from_late_checkpoint_20260719\enable_coperception_early_from_attentive.yaml,selective_random,grid,,,,,,,cov_coalition_game,6,60.0,5;7;16;20,16;7;20;5,7;20;5,"{""5"": 39, ""7"": 39, ""20"": 39}","{""5"": 817, ""7"": 4390, ""16"": 4887, ""20"": 2991}",131168,7.2952169076751945,10,40.0,100.0,,,,,2,ns3,899,0.5,10,12,28,,,[],[],,7;20;5,21,31,
2026_07_15_01_26_56,000068,17,all-cluster-heads,C:\Workspace\OpenCDA\docs\doc_workspace\SGCP\artifacts\early_from_late_checkpoint_20260719\enable_coperception_early_from_attentive.yaml,selective_random,grid,,,,,,,cov_coalition_game,6,60.0,3;17;18,17;18;3,18;3,"{""3"": 59, ""18"": 55}","{""3"": 3233, ""17"": 4976, ""18"": 4990}",131568,7.317463848720801,10,40.0,100.0,,,,,2,ns3,899,0.5,10,12,28,,,[],[],,18;3,6,16,
2026_07_15_01_26_56,000070,1,all-cluster-heads,C:\Workspace\OpenCDA\docs\doc_workspace\SGCP\artifacts\early_from_late_checkpoint_20260719\enable_coperception_early_from_attentive.yaml,selective_random,grid,,,,,,,cov_coalition_game,6,60.0,1;4;12,1;12;4,12;4,"{""4"": 56, ""12"": 56}","{""1"": 4925, ""4"": 4827, ""12"": 4883}",155360,8.640711902113459,10,40.0,100.0,,,,,2,ns3,899,0.5,10,12,28,,,[],[],,12;4,22,37,
2026_07_15_01_26_56,000070,11,all-cluster-heads,C:\Workspace\OpenCDA\docs\doc_workspace\SGCP\artifacts\early_from_late_checkpoint_20260719\enable_coperception_early_from_attentive.yaml,selective_random,grid,,,,,,,cov_coalition_game,6,60.0,2;8;9;11,11;2;9;8,2;9;8,"{""2"": 39, ""8"": 39, ""9"": 39}","{""2"": 1928, ""8"": 1223, ""9"": 1943, ""11"": 4909}",81504,4.533036707452726,10,40.0,100.0,,,,,2,ns3,899,0.5,10,12,28,,,[],[],,2;9;8,35,55,
2026_07_15_01_26_56,000070,13,all-cluster-heads,C:\Workspace\OpenCDA\docs\doc_workspace\SGCP\artifacts\early_from_late_checkpoint_20260719\enable_coperception_early_from_attentive.yaml,selective_random,grid,,,,,,,cov_coalition_game,6,60.0,10;13;14;19,13;10;14;19,10;14;19,"{""10"": 39, ""14"": 39, ""19"": 39}","{""10"": 3341, ""13"": 4795, ""14"": 3958, ""19"": 992}",132656,7.37797552836485,10,40.0,100.0,,,,,2,ns3,899,0.5,10,12,28,,,[],[],,10;14;19,9,33,
2026_07_15_01_26_56,000070,15,all-cluster-heads,C:\Workspace\OpenCDA\docs\doc_workspace\SGCP\artifacts\early_from_late_checkpoint_20260719\enable_coperception_early_from_attentive.yaml,selective_random,grid,,,,,,,cov_coalition_game,6,60.0,6;15,15;6,6,"{""6"": 59}","{""6"": 4510, ""15"": 4740}",72160,4.013348164627364,10,40.0,100.0,,,,,2,ns3,899,0.5,10,12,28,,,[],[],,6,15,16,
2026_07_15_01_26_56,000070,16,all-cluster-heads,C:\Workspace\OpenCDA\docs\doc_workspace\SGCP\artifacts\early_from_late_checkpoint_20260719\enable_coperception_early_from_attentive.yaml,selective_random,grid,,,,,,,cov_coalition_game,6,60.0,5;7;16;20,16;7;20;5,7;20;5,"{""5"": 39, ""7"": 39, ""20"": 39}","{""5"": 1180, ""7"": 4140, ""16"": 4856, ""20"": 2853}",130768,7.272969966629589,10,40.0,100.0,,,,,2,ns3,899,0.5,10,12,28,,,[],[],,7;20;5,22,30,
2026_07_15_01_26_56,000070,17,all-cluster-heads,C:\Workspace\OpenCDA\docs\doc_workspace\SGCP\artifacts\early_from_late_checkpoint_20260719\enable_coperception_early_from_attentive.yaml,selective_random,grid,,,,,,,cov_coalition_game,6,60.0,3;17;18,17;18;3,18;3,"{""3"": 57, ""18"": 53}","{""3"": 3200, ""17"": 4972, ""18"": 5023}",131568,7.317463848720801,10,40.0,100.0,,,,,2,ns3,899,0.5,10,12,28,,,[],[],,18;3,7,16,
2026_07_15_01_26_56,000072,1,all-cluster-heads,C:\Workspace\OpenCDA\docs\doc_workspace\SGCP\artifacts\early_from_late_checkpoint_20260719\enable_coperception_early_from_attentive.yaml,selective_random,grid,,,,,,,cov_coalition_game,6,60.0,1;2;8;11,1;8;2;11,8;2;11,"{""2"": 39, ""8"": 39, ""11"": 39}","{""1"": 4928, ""2"": 4093, ""8"": 4195, ""11"": 2592}",174080,9.681868743047831,10,40.0,100.0,,,,,2,ns3,899,0.5,10,12,28,,,[],[],,8;2;11,27,47,
2026_07_15_01_26_56,000072,4,all-cluster-heads,C:\Workspace\OpenCDA\docs\doc_workspace\SGCP\artifacts\early_from_late_checkpoint_20260719\enable_coperception_early_from_attentive.yaml,selective_random,grid,,,,,,,cov_coalition_game,6,60.0,4;9;12,4;9;12,9;12,"{""9"": 50, ""12"": 54}","{""4"": 4868, ""9"": 4855, ""12"": 2450}",116880,6.50055617352614,10,40.0,100.0,,,,,2,ns3,899,0.5,10,12,28,,,[],[],,9;12,22,42,
2026_07_15_01_26_56,000072,13,all-cluster-heads,C:\Workspace\OpenCDA\docs\doc_workspace\SGCP\artifacts\early_from_late_checkpoint_20260719\enable_coperception_early_from_attentive.yaml,selective_random,grid,,,,,,,cov_coalition_game,6,60.0,10;13;14;19,13;14;10;19,14;10;19,"{""10"": 39, ""14"": 39, ""19"": 39}","{""10"": 2964, ""13"": 4800, ""14"": 2687, ""19"": 891}",104672,5.821579532814239,10,40.0,100.0,,,,,2,ns3,899,0.5,10,12,28,,,[],[],,14;10;19,8,32,
2026_07_15_01_26_56,000072,15,all-cluster-heads,C:\Workspace\OpenCDA\docs\doc_workspace\SGCP\artifacts\early_from_late_checkpoint_20260719\enable_coperception_early_from_attentive.yaml,selective_random,grid,,,,,,,cov_coalition_game,6,60.0,6;15,15;6,6,"{""6"": 55}","{""6"": 4495, ""15"": 4748}",71920,4.0,10,40.0,100.0,,,,,2,ns3,899,0.5,10,12,28,,,[],[],,6,15,18,
2026_07_15_01_26_56,000072,16,all-cluster-heads,C:\Workspace\OpenCDA\docs\doc_workspace\SGCP\artifacts\early_from_late_checkpoint_20260719\enable_coperception_early_from_attentive.yaml,selective_random,grid,,,,,,,cov_coalition_game,6,60.0,5;7;16;20,16;5;7;20,5;7;20,"{""5"": 39, ""7"": 39, ""20"": 39}","{""5"": 4397, ""7"": 2987, ""16"": 4868, ""20"": 2218}",153632,8.544605116796442,10,40.0,100.0,,,,,2,ns3,899,0.5,10,12,28,,,[],[],,5;7;20,19,29,
2026_07_15_01_26_56,000072,17,all-cluster-heads,C:\Workspace\OpenCDA\docs\doc_workspace\SGCP\artifacts\early_from_late_checkpoint_20260719\enable_coperception_early_from_attentive.yaml,selective_random,grid,,,,,,,cov_coalition_game,6,60.0,3;17;18,17;18;3,18;3,"{""3"": 59, ""18"": 53}","{""3"": 3176, ""17"": 4977, ""18"": 4982}",130528,7.259621802002225,10,40.0,100.0,,,,,2,ns3,899,0.5,10,12,28,,,[],[],,18;3,9,16,
2026_07_15_01_26_56,000074,1,all-cluster-heads,C:\Workspace\OpenCDA\docs\doc_workspace\SGCP\artifacts\early_from_late_checkpoint_20260719\enable_coperception_early_from_attentive.yaml,selective_random,grid,,,,,,,cov_coalition_game,6,60.0,1;2;8;11,1;8;2;11,8;2;11,"{""2"": 39, ""8"": 39, ""11"": 39}","{""1"": 4931, ""2"": 3662, ""8"": 4161, ""11"": 4054}",190032,10.569076751946607,10,40.0,100.0,,,,,2,ns3,899,0.5,10,12,28,,,[],[],,8;2;11,29,46,
2026_07_15_01_26_56,000074,12,all-cluster-heads,C:\Workspace\OpenCDA\docs\doc_workspace\SGCP\artifacts\early_from_late_checkpoint_20260719\enable_coperception_early_from_attentive.yaml,selective_random,grid,,,,,,,cov_coalition_game,6,60.0,4;7;12,12;7;4,7;4,"{""4"": 56, ""7"": 59}","{""4"": 3284, ""7"": 4880, ""12"": 4881}",130624,7.264961067853171,10,40.0,100.0,,,,,2,ns3,899,0.5,10,12,28,,,[],[],,7;4,21,43,
2026_07_15_01_26_56,000074,13,all-cluster-heads,C:\Workspace\OpenCDA\docs\doc_workspace\SGCP\artifacts\early_from_late_checkpoint_20260719\enable_coperception_early_from_attentive.yaml,selective_random,grid,,,,,,,cov_coalition_game,6,60.0,10;13;14;19,13;10;14;19,10;14;19,"{""10"": 39, ""14"": 39, ""19"": 39}","{""10"": 3593, ""13"": 4800, ""14"": 4051, ""19"": 1122}",140256,7.800667408231368,10,40.0,100.0,,,,,2,ns3,899,0.5,10,12,28,,,[],[],,10;14;19,6,32,
2026_07_15_01_26_56,000074,15,all-cluster-heads,C:\Workspace\OpenCDA\docs\doc_workspace\SGCP\artifacts\early_from_late_checkpoint_20260719\enable_coperception_early_from_attentive.yaml,selective_random,grid,,,,,,,cov_coalition_game,6,60.0,6;15,15;6,6,"{""6"": 54}","{""6"": 4491, ""15"": 4753}",71856,3.996440489432703,10,40.0,100.0,,,,,2,ns3,899,0.5,10,12,28,,,[],[],,6,15,18,
2026_07_15_01_26_56,000074,17,all-cluster-heads,C:\Workspace\OpenCDA\docs\doc_workspace\SGCP\artifacts\early_from_late_checkpoint_20260719\enable_coperception_early_from_attentive.yaml,selective_random,grid,,,,,,,cov_coalition_game,6,60.0,3;17;18,17;18;3,18;3,"{""3"": 58, ""18"": 54}","{""3"": 3687, ""17"": 4954, ""18"": 4962}",138384,7.696551724137931,10,40.0,100.0,,,,,2,ns3,899,0.5,10,12,28,,,[],[],,18;3,8,16,
2026_07_15_01_26_56,000074,20,all-cluster-heads,C:\Workspace\OpenCDA\docs\doc_workspace\SGCP\artifacts\early_from_late_checkpoint_20260719\enable_coperception_early_from_attentive.yaml,selective_random,grid,,,,,,,cov_coalition_game,6,60.0,5;9;16;20,20;9;16;5,9;16;5,"{""5"": 39, ""9"": 39, ""16"": 39}","{""5"": 1349, ""9"": 4698, ""16"": 2051, ""20"": 4907}",129568,7.206229143492769,10,40.0,100.0,,,,,2,ns3,899,0.5,10,12,28,,,[],[],,9;16;5,22,34,
2026_07_15_01_26_56,000076,1,all-cluster-heads,C:\Workspace\OpenCDA\docs\doc_workspace\SGCP\artifacts\early_from_late_checkpoint_20260719\enable_coperception_early_from_attentive.yaml,selective_random,grid,,,,,,,cov_coalition_game,6,60.0,1;2;8;11,1;2;11;8,2;11;8,"{""2"": 39, ""8"": 39, ""11"": 39}","{""1"": 4934, ""2"": 3578, ""8"": 795, ""11"": 3413}",124576,6.928587319243603,10,40.0,100.0,,,,,2,ns3,899,0.5,10,12,28,,,[],[],,2;11;8,27,46,
2026_07_15_01_26_56,000076,4,all-cluster-heads,C:\Workspace\OpenCDA\docs\doc_workspace\SGCP\artifacts\early_from_late_checkpoint_20260719\enable_coperception_early_from_attentive.yaml,selective_random,grid,,,,,,,cov_coalition_game,6,60.0,4;9;12,4;9;12,9;12,"{""9"": 52, ""12"": 52}","{""4"": 4853, ""9"": 4858, ""12"": 2642}",120000,6.674082313681869,10,40.0,100.0,,,,,2,ns3,899,0.5,10,12,28,,,[],[],,9;12,19,42,
2026_07_15_01_26_56,000076,13,all-cluster-heads,C:\Workspace\OpenCDA\docs\doc_workspace\SGCP\artifacts\early_from_late_checkpoint_20260719\enable_coperception_early_from_attentive.yaml,selective_random,grid,,,,,,,cov_coalition_game,6,60.0,10;13;14;19,13;14;10;19,14;10;19,"{""10"": 39, ""14"": 39, ""19"": 39}","{""10"": 2962, ""13"": 4773, ""14"": 4144, ""19"": 1099}",131280,7.301446051167964,10,40.0,100.0,,,,,2,ns3,899,0.5,10,12,28,,,[],[],,14;10;19,11,31,
2026_07_15_01_26_56,000076,15,all-cluster-heads,C:\Workspace\OpenCDA\docs\doc_workspace\SGCP\artifacts\early_from_late_checkpoint_20260719\enable_coperception_early_from_attentive.yaml,selective_random,grid,,,,,,,cov_coalition_game,6,60.0,6;15,15;6,6,"{""6"": 56}","{""6"": 4513, ""15"": 4754}",72208,4.016017797552837,10,40.0,100.0,,,,,2,ns3,899,0.5,10,12,28,,,[],[],,6,16,18,
2026_07_15_01_26_56,000076,16,all-cluster-heads,C:\Workspace\OpenCDA\docs\doc_workspace\SGCP\artifacts\early_from_late_checkpoint_20260719\enable_coperception_early_from_attentive.yaml,selective_random,grid,,,,,,,cov_coalition_game,6,60.0,5;7;16;20,16;5;7;20,5;7;20,"{""5"": 39, ""7"": 39, ""20"": 39}","{""5"": 4092, ""7"": 3713, ""16"": 4885, ""20"": 3019}",173184,9.632035595105673,10,40.0,100.0,,,,,2,ns3,899,0.5,10,12,28,,,[],[],,5;7;20,19,30,
2026_07_15_01_26_56,000076,17,all-cluster-heads,C:\Workspace\OpenCDA\docs\doc_workspace\SGCP\artifacts\early_from_late_checkpoint_20260719\enable_coperception_early_from_attentive.yaml,selective_random,grid,,,,,,,cov_coalition_game,6,60.0,3;17;18,17;18;3,18;3,"{""3"": 59, ""18"": 55}","{""3"": 3650, ""17"": 5003, ""18"": 4970}",137920,7.6707452725250285,10,40.0,100.0,,,,,2,ns3,899,0.5,10,12,28,,,[],[],,18;3,11,17,
2026_07_15_01_26_56,000078,1,all-cluster-heads,C:\Workspace\OpenCDA\docs\doc_workspace\SGCP\artifacts\early_from_late_checkpoint_20260719\enable_coperception_early_from_attentive.yaml,selective_random,grid,,,,,,,cov_coalition_game,6,60.0,1;2;8;11,1;8;2;11,8;2;11,"{""2"": 39, ""8"": 39, ""11"": 39}","{""1"": 4934, ""2"": 4060, ""8"": 4115, ""11"": 3079}",180064,10.0146829810901,10,40.0,100.0,,,,,2,ns3,899,0.5,10,12,28,,,[],[],,8;2;11,29,45,
2026_07_15_01_26_56,000078,4,all-cluster-heads,C:\Workspace\OpenCDA\docs\doc_workspace\SGCP\artifacts\early_from_late_checkpoint_20260719\enable_coperception_early_from_attentive.yaml,selective_random,grid,,,,,,,cov_coalition_game,6,60.0,4;9;12,4;9;12,9;12,"{""9"": 52, ""12"": 52}","{""4"": 4858, ""9"": 4856, ""12"": 2720}",121216,6.741713014460512,10,40.0,100.0,,,,,2,ns3,899,0.5,10,12,28,,,[],[],,9;12,18,44,
2026_07_15_01_26_56,000078,13,all-cluster-heads,C:\Workspace\OpenCDA\docs\doc_workspace\SGCP\artifacts\early_from_late_checkpoint_20260719\enable_coperception_early_from_attentive.yaml,selective_random,grid,,,,,,,cov_coalition_game,6,60.0,10;13;14;19,13;14;10;19,14;10;19,"{""10"": 39, ""14"": 39, ""19"": 39}","{""10"": 3304, ""13"": 4778, ""14"": 3331, ""19"": 906}",120656,6.710567296996663,10,40.0,100.0,,,,,2,ns3,899,0.5,10,12,28,,,[],[],,14;10;19,11,31,
2026_07_15_01_26_56,000078,15,all-cluster-heads,C:\Workspace\OpenCDA\docs\doc_workspace\SGCP\artifacts\early_from_late_checkpoint_20260719\enable_coperception_early_from_attentive.yaml,selective_random,grid,,,,,,,cov_coalition_game,6,60.0,6;15,15;6,6,"{""6"": 54}","{""6"": 4513, ""15"": 4753}",72208,4.016017797552837,10,40.0,100.0,,,,,2,ns3,899,0.5,10,12,28,,,[],[],,6,17,19,
2026_07_15_01_26_56,000078,16,all-cluster-heads,C:\Workspace\OpenCDA\docs\doc_workspace\SGCP\artifacts\early_from_late_checkpoint_20260719\enable_coperception_early_from_attentive.yaml,selective_random,grid,,,,,,,cov_coalition_game,6,60.0,5;7;16;20,16;5;7;20,5;7;20,"{""5"": 39, ""7"": 39, ""20"": 39}","{""5"": 4419, ""7"": 3746, ""16"": 4880, ""20"": 3110}",180400,10.03337041156841,10,40.0,100.0,,,,,2,ns3,899,0.5,10,12,28,,,[],[],,5;7;20,20,30,
2026_07_15_01_26_56,000078,17,all-cluster-heads,C:\Workspace\OpenCDA\docs\doc_workspace\SGCP\artifacts\early_from_late_checkpoint_20260719\enable_coperception_early_from_attentive.yaml,selective_random,grid,,,,,,,cov_coalition_game,6,60.0,3;17;18,17;18;3,18;3,"{""3"": 59, ""18"": 55}","{""3"": 3624, ""17"": 4995, ""18"": 4993}",137872,7.668075639599555,10,40.0,100.0,,,,,2,ns3,899,0.5,10,12,28,,,[],[],,18;3,7,17,
2026_07_15_01_26_56,000080,1,all-cluster-heads,C:\Workspace\OpenCDA\docs\doc_workspace\SGCP\artifacts\early_from_late_checkpoint_20260719\enable_coperception_early_from_attentive.yaml,selective_random,grid,,,,,,,cov_coalition_game,6,60.0,1;2;8;11,1;8;11;2,8;11;2,"{""2"": 39, ""8"": 39, ""11"": 39}","{""1"": 4933, ""2"": 2436, ""8"": 4033, ""11"": 4153}",169952,9.452280311457175,10,40.0,100.0,,,,,2,ns3,899,0.5,10,12,28,,,[],[],,8;11;2,31,46,
2026_07_15_01_26_56,000080,4,all-cluster-heads,C:\Workspace\OpenCDA\docs\doc_workspace\SGCP\artifacts\early_from_late_checkpoint_20260719\enable_coperception_early_from_attentive.yaml,selective_random,grid,,,,,,,cov_coalition_game,6,60.0,4;9;12,4;9;12,9;12,"{""9"": 52, ""12"": 55}","{""4"": 4847, ""9"": 4857, ""12"": 2836}",123088,6.845828698553949,10,40.0,100.0,,,,,2,ns3,899,0.5,10,12,28,,,[],[],,9;12,19,46,
2026_07_15_01_26_56,000080,13,all-cluster-heads,C:\Workspace\OpenCDA\docs\doc_workspace\SGCP\artifacts\early_from_late_checkpoint_20260719\enable_coperception_early_from_attentive.yaml,selective_random,grid,,,,,,,cov_coalition_game,6,60.0,10;13;14;19,13;14;10;19,14;10;19,"{""10"": 39, ""14"": 39, ""19"": 39}","{""10"": 2948, ""13"": 4772, ""14"": 3287, ""19"": 1215}",119200,6.629588431590656,10,40.0,100.0,,,,,2,ns3,899,0.5,10,12,28,,,[],[],,14;10;19,12,32,
2026_07_15_01_26_56,000080,15,all-cluster-heads,C:\Workspace\OpenCDA\docs\doc_workspace\SGCP\artifacts\early_from_late_checkpoint_20260719\enable_coperception_early_from_attentive.yaml,selective_random,grid,,,,,,,cov_coalition_game,6,60.0,6;15,15;6,6,"{""6"": 56}","{""6"": 4512, ""15"": 4751}",72192,4.015127919911012,10,40.0,100.0,,,,,2,ns3,899,0.5,10,12,28,,,[],[],,6,15,18,
2026_07_15_01_26_56,000080,16,all-cluster-heads,C:\Workspace\OpenCDA\docs\doc_workspace\SGCP\artifacts\early_from_late_checkpoint_20260719\enable_coperception_early_from_attentive.yaml,selective_random,grid,,,,,,,cov_coalition_game,6,60.0,5;7;16;20,16;5;20;7,5;20;7,"{""5"": 39, ""7"": 39, ""20"": 39}","{""5"": 4025, ""7"": 2894, ""16"": 4897, ""20"": 2869}",156608,8.71012235817575,10,40.0,100.0,,,,,2,ns3,899,0.5,10,12,28,,,[],[],,5;20;7,21,30,
2026_07_15_01_26_56,000080,17,all-cluster-heads,C:\Workspace\OpenCDA\docs\doc_workspace\SGCP\artifacts\early_from_late_checkpoint_20260719\enable_coperception_early_from_attentive.yaml,selective_random,grid,,,,,,,cov_coalition_game,6,60.0,3;17;18,17;18;3,18;3,"{""3"": 59, ""18"": 55}","{""3"": 3872, ""17"": 4990, ""18"": 4961}",141328,7.860289210233592,10,40.0,100.0,,,,,2,ns3,899,0.5,10,12,28,,,[],[],,18;3,7,18,
2026_07_15_01_26_56,000082,1,all-cluster-heads,C:\Workspace\OpenCDA\docs\doc_workspace\SGCP\artifacts\early_from_late_checkpoint_20260719\enable_coperception_early_from_attentive.yaml,selective_random,grid,,,,,,,cov_coalition_game,6,60.0,1;2;8;11,1;11;2;8,11;2;8,"{""2"": 39, ""8"": 39, ""11"": 39}","{""1"": 4932, ""2"": 2061, ""8"": 762, ""11"": 4166}",111824,6.219354838709677,10,40.0,100.0,,,,,2,ns3,899,0.5,10,12,28,,,[],[],,11;2;8,32,46,
2026_07_15_01_26_56,000082,12,all-cluster-heads,C:\Workspace\OpenCDA\docs\doc_workspace\SGCP\artifacts\early_from_late_checkpoint_20260719\enable_coperception_early_from_attentive.yaml,selective_random,grid,,,,,,,cov_coalition_game,6,60.0,4;7;12,12;7;4,7;4,"{""4"": 55, ""7"": 58}","{""4"": 3377, ""7"": 4888, ""12"": 4915}",132240,7.354838709677419,10,40.0,100.0,,,,,2,ns3,899,0.5,10,12,28,,,[],[],,7;4,23,42,
2026_07_15_01_26_56,000082,13,all-cluster-heads,C:\Workspace\OpenCDA\docs\doc_workspace\SGCP\artifacts\early_from_late_checkpoint_20260719\enable_coperception_early_from_attentive.yaml,selective_random,grid,,,,,,,cov_coalition_game,6,60.0,10;13;14;19,13;14;10;19,14;10;19,"{""10"": 39, ""14"": 39, ""19"": 39}","{""10"": 2494, ""13"": 4801, ""14"": 3174, ""19"": 1088}",108096,6.012013348164627,10,40.0,100.0,,,,,2,ns3,899,0.5,10,12,28,,,[],[],,14;10;19,10,32,
2026_07_15_01_26_56,000082,15,all-cluster-heads,C:\Workspace\OpenCDA\docs\doc_workspace\SGCP\artifacts\early_from_late_checkpoint_20260719\enable_coperception_early_from_attentive.yaml,selective_random,grid,,,,,,,cov_coalition_game,6,60.0,6;15,15;6,6,"{""6"": 56}","{""6"": 4527, ""15"": 4758}",72432,4.028476084538376,10,40.0,100.0,,,,,2,ns3,899,0.5,10,12,28,,,[],[],,6,16,18,
2026_07_15_01_26_56,000082,17,all-cluster-heads,C:\Workspace\OpenCDA\docs\doc_workspace\SGCP\artifacts\early_from_late_checkpoint_20260719\enable_coperception_early_from_attentive.yaml,selective_random,grid,,,,,,,cov_coalition_game,6,60.0,3;16;17;18,17;3;16;18,3;16;18,"{""3"": 39, ""16"": 39, ""18"": 39}","{""3"": 3299, ""16"": 2449, ""17"": 4970, ""18"": 914}",106592,5.928364849833148,10,40.0,100.0,,,,,2,ns3,899,0.5,10,12,28,,,[],[],,3;16;18,11,27,
2026_07_15_01_26_56,000082,20,all-cluster-heads,C:\Workspace\OpenCDA\docs\doc_workspace\SGCP\artifacts\early_from_late_checkpoint_20260719\enable_coperception_early_from_attentive.yaml,selective_random,grid,,,,,,,cov_coalition_game,6,60.0,5;9;20,20;9;5,9;5,"{""5"": 46, ""9"": 50}","{""5"": 1439, ""9"": 4807, ""20"": 4906}",99936,5.558175750834261,10,40.0,100.0,,,,,2,ns3,899,0.5,10,12,28,,,[],[],,9;5,21,30,
2026_07_15_01_26_56,000084,1,all-cluster-heads,C:\Workspace\OpenCDA\docs\doc_workspace\SGCP\artifacts\early_from_late_checkpoint_20260719\enable_coperception_early_from_attentive.yaml,selective_random,grid,,,,,,,cov_coalition_game,6,60.0,1;2;8;11,1;8;2;11,8;2;11,"{""2"": 39, ""8"": 39, ""11"": 39}","{""1"": 4932, ""2"": 3663, ""8"": 4045, ""11"": 2819}",168432,9.367741935483872,10,40.0,100.0,,,,,2,ns3,899,0.5,10,12,28,,,[],[],,8;2;11,29,45,
2026_07_15_01_26_56,000084,12,all-cluster-heads,C:\Workspace\OpenCDA\docs\doc_workspace\SGCP\artifacts\early_from_late_checkpoint_20260719\enable_coperception_early_from_attentive.yaml,selective_random,grid,,,,,,,cov_coalition_game,6,60.0,4;7;12,12;7;4,7;4,"{""4"": 55, ""7"": 59}","{""4"": 3379, ""7"": 4853, ""12"": 4926}",131712,7.325472747497219,10,40.0,100.0,,,,,2,ns3,899,0.5,10,12,28,,,[],[],,7;4,23,41,
2026_07_15_01_26_56,000084,13,all-cluster-heads,C:\Workspace\OpenCDA\docs\doc_workspace\SGCP\artifacts\early_from_late_checkpoint_20260719\enable_coperception_early_from_attentive.yaml,selective_random,grid,,,,,,,cov_coalition_game,6,60.0,10;13;14;19,13;14;10;19,14;10;19,"{""10"": 39, ""14"": 39, ""19"": 39}","{""10"": 3283, ""13"": 4788, ""14"": 3191, ""19"": 994}",119488,6.6456062291434925,10,40.0,100.0,,,,,2,ns3,899,0.5,10,12,28,,,[],[],,14;10;19,8,33,
2026_07_15_01_26_56,000084,15,all-cluster-heads,C:\Workspace\OpenCDA\docs\doc_workspace\SGCP\artifacts\early_from_late_checkpoint_20260719\enable_coperception_early_from_attentive.yaml,selective_random,grid,,,,,,,cov_coalition_game,6,60.0,6;15,15;6,6,"{""6"": 57}","{""6"": 4531, ""15"": 4766}",72496,4.032035595105673,10,40.0,100.0,,,,,2,ns3,899,0.5,10,12,28,,,[],[],,6,15,18,
2026_07_15_01_26_56,000084,17,all-cluster-heads,C:\Workspace\OpenCDA\docs\doc_workspace\SGCP\artifacts\early_from_late_checkpoint_20260719\enable_coperception_early_from_attentive.yaml,selective_random,grid,,,,,,,cov_coalition_game,6,60.0,3;16;17;18,17;18;3;16,18;3;16,"{""3"": 39, ""16"": 39, ""18"": 39}","{""3"": 2789, ""16"": 3850, ""17"": 4976, ""18"": 4521}",178560,9.931034482758621,10,40.0,100.0,,,,,2,ns3,899,0.5,10,12,28,,,[],[],,18;3;16,9,27,
2026_07_15_01_26_56,000084,20,all-cluster-heads,C:\Workspace\OpenCDA\docs\doc_workspace\SGCP\artifacts\early_from_late_checkpoint_20260719\enable_coperception_early_from_attentive.yaml,selective_random,grid,,,,,,,cov_coalition_game,6,60.0,5;9;20,20;9;5,9;5,"{""5"": 46, ""9"": 50}","{""5"": 1455, ""9"": 4806, ""20"": 4904}",100176,5.571523915461624,10,40.0,100.0,,,,,2,ns3,899,0.5,10,12,28,,,[],[],,9;5,22,30,
2026_07_15_01_26_56,000086,1,all-cluster-heads,C:\Workspace\OpenCDA\docs\doc_workspace\SGCP\artifacts\early_from_late_checkpoint_20260719\enable_coperception_early_from_attentive.yaml,selective_random,grid,,,,,,,cov_coalition_game,6,60.0,1;2;8;11,1;8;2;11,8;2;11,"{""2"": 39, ""8"": 39, ""11"": 39}","{""1"": 4932, ""2"": 4021, ""8"": 4116, ""11"": 3467}",185664,10.326140155728588,10,40.0,100.0,,,,,2,ns3,899,0.5,10,12,28,,,[],[],,8;2;11,24,46,
2026_07_15_01_26_56,000086,12,all-cluster-heads,C:\Workspace\OpenCDA\docs\doc_workspace\SGCP\artifacts\early_from_late_checkpoint_20260719\enable_coperception_early_from_attentive.yaml,selective_random,grid,,,,,,,cov_coalition_game,6,60.0,4;7;12,12;7;4,7;4,"{""4"": 56, ""7"": 59}","{""4"": 3290, ""7"": 4897, ""12"": 4938}",130992,7.2854282536151285,10,40.0,100.0,,,,,2,ns3,899,0.5,10,12,28,,,[],[],,7;4,27,43,
2026_07_15_01_26_56,000086,13,all-cluster-heads,C:\Workspace\OpenCDA\docs\doc_workspace\SGCP\artifacts\early_from_late_checkpoint_20260719\enable_coperception_early_from_attentive.yaml,selective_random,grid,,,,,,,cov_coalition_game,6,60.0,10;13;14;19,13;10;14;19,10;14;19,"{""10"": 39, ""14"": 39, ""19"": 39}","{""10"": 3970, ""13"": 4773, ""14"": 2565, ""19"": 1144}",122864,6.83337041156841,10,40.0,100.0,,,,,2,ns3,899,0.5,10,12,28,,,[],[],,10;14;19,10,33,
2026_07_15_01_26_56,000086,15,all-cluster-heads,C:\Workspace\OpenCDA\docs\doc_workspace\SGCP\artifacts\early_from_late_checkpoint_20260719\enable_coperception_early_from_attentive.yaml,selective_random,grid,,,,,,,cov_coalition_game,6,60.0,6;15,15;6,6,"{""6"": 55}","{""6"": 4529, ""15"": 4762}",72464,4.030255839822025,10,40.0,100.0,,,,,2,ns3,899,0.5,10,12,28,,,[],[],,6,16,19,
2026_07_15_01_26_56,000086,17,all-cluster-heads,C:\Workspace\OpenCDA\docs\doc_workspace\SGCP\artifacts\early_from_late_checkpoint_20260719\enable_coperception_early_from_attentive.yaml,selective_random,grid,,,,,,,cov_coalition_game,6,60.0,3;16;17;18,17;18;16;3,18;16;3,"{""3"": 39, ""16"": 39, ""18"": 39}","{""3"": 1853, ""16"": 3782, ""17"": 4971, ""18"": 4526}",162576,9.042046718576197,10,40.0,100.0,,,,,2,ns3,899,0.5,10,12,28,,,[],[],,18;16;3,13,26,
2026_07_15_01_26_56,000086,20,all-cluster-heads,C:\Workspace\OpenCDA\docs\doc_workspace\SGCP\artifacts\early_from_late_checkpoint_20260719\enable_coperception_early_from_attentive.yaml,selective_random,grid,,,,,,,cov_coalition_game,6,60.0,5;9;20,20;9;5,9;5,"{""5"": 46, ""9"": 49}","{""5"": 1439, ""9"": 4806, ""20"": 4905}",99920,5.557285873192436,10,40.0,100.0,,,,,2,ns3,899,0.5,10,12,28,,,[],[],,9;5,20,30,
2026_07_15_01_26_56,000088,1,all-cluster-heads,C:\Workspace\OpenCDA\docs\doc_workspace\SGCP\artifacts\early_from_late_checkpoint_20260719\enable_coperception_early_from_attentive.yaml,selective_random,grid,,,,,,,cov_coalition_game,6,60.0,1;2;8;11,1;8;2;11,8;2;11,"{""2"": 39, ""8"": 39, ""11"": 39}","{""1"": 4930, ""2"": 3629, ""8"": 4286, ""11"": 1812}",155632,8.655839822024472,10,40.0,100.0,,,,,2,ns3,899,0.5,10,12,28,,,[],[],,8;2;11,26,46,
2026_07_15_01_26_56,000088,12,all-cluster-heads,C:\Workspace\OpenCDA\docs\doc_workspace\SGCP\artifacts\early_from_late_checkpoint_20260719\enable_coperception_early_from_attentive.yaml,selective_random,grid,,,,,,,cov_coalition_game,6,60.0,4;7;12,12;7;4,7;4,"{""4"": 54, ""7"": 59}","{""4"": 3286, ""7"": 4794, ""12"": 4937}",129280,7.190211345939933,10,40.0,100.0,,,,,2,ns3,899,0.5,10,12,28,,,[],[],,7;4,25,43,
2026_07_15_01_26_56,000088,13,all-cluster-heads,C:\Workspace\OpenCDA\docs\doc_workspace\SGCP\artifacts\early_from_late_checkpoint_20260719\enable_coperception_early_from_attentive.yaml,selective_random,grid,,,,,,,cov_coalition_game,6,60.0,10;13;14;19,13;14;10;19,14;10;19,"{""10"": 39, ""14"": 39, ""19"": 39}","{""10"": 3827, ""13"": 4764, ""14"": 3111, ""19"": 1090}",128448,7.143937708565073,10,40.0,100.0,,,,,2,ns3,899,0.5,10,12,28,,,[],[],,14;10;19,9,31,
2026_07_15_01_26_56,000088,15,all-cluster-heads,C:\Workspace\OpenCDA\docs\doc_workspace\SGCP\artifacts\early_from_late_checkpoint_20260719\enable_coperception_early_from_attentive.yaml,selective_random,grid,,,,,,,cov_coalition_game,6,60.0,6;15,15;6,6,"{""6"": 56}","{""6"": 4493, ""15"": 4772}",71888,3.9982202447163515,10,40.0,100.0,,,,,2,ns3,899,0.5,10,12,28,,,[],[],,6,15,19,
2026_07_15_01_26_56,000088,17,all-cluster-heads,C:\Workspace\OpenCDA\docs\doc_workspace\SGCP\artifacts\early_from_late_checkpoint_20260719\enable_coperception_early_from_attentive.yaml,selective_random,grid,,,,,,,cov_coalition_game,6,60.0,3;16;17;18,17;18;3;16,18;3;16,"{""3"": 39, ""16"": 39, ""18"": 39}","{""3"": 3745, ""16"": 3037, ""17"": 4985, ""18"": 4597}",182064,10.12591768631813,10,40.0,100.0,,,,,2,ns3,899,0.5,10,12,28,,,[],[],,18;3;16,13,26,
2026_07_15_01_26_56,000088,20,all-cluster-heads,C:\Workspace\OpenCDA\docs\doc_workspace\SGCP\artifacts\early_from_late_checkpoint_20260719\enable_coperception_early_from_attentive.yaml,selective_random,grid,,,,,,,cov_coalition_game,6,60.0,5;9;20,20;9;5,9;5,"{""5"": 48, ""9"": 49}","{""5"": 1470, ""9"": 4808, ""20"": 4903}",100448,5.586651835372637,10,40.0,100.0,,,,,2,ns3,899,0.5,10,12,28,,,[],[],,9;5,22,31,
2026_07_15_01_26_56,000090,1,all-cluster-heads,C:\Workspace\OpenCDA\docs\doc_workspace\SGCP\artifacts\early_from_late_checkpoint_20260719\enable_coperception_early_from_attentive.yaml,selective_random,grid,,,,,,,cov_coalition_game,6,60.0,1;2;8;11,1;8;11;2,8;11;2,"{""2"": 39, ""8"": 39, ""11"": 39}","{""1"": 4930, ""2"": 2484, ""8"": 4252, ""11"": 2673}",150544,8.37285873192436,10,40.0,100.0,,,,,2,ns3,899,0.5,10,12,28,,,[],[],,8;11;2,27,44,
2026_07_15_01_26_56,000090,12,all-cluster-heads,C:\Workspace\OpenCDA\docs\doc_workspace\SGCP\artifacts\early_from_late_checkpoint_20260719\enable_coperception_early_from_attentive.yaml,selective_random,grid,,,,,,,cov_coalition_game,6,60.0,4;7;12,12;7;4,7;4,"{""4"": 55, ""7"": 59}","{""4"": 3954, ""7"": 4835, ""12"": 4954}",140624,7.8211345939933254,10,40.0,100.0,,,,,2,ns3,899,0.5,10,12,28,,,[],[],,7;4,21,42,
2026_07_15_01_26_56,000090,13,all-cluster-heads,C:\Workspace\OpenCDA\docs\doc_workspace\SGCP\artifacts\early_from_late_checkpoint_20260719\enable_coperception_early_from_attentive.yaml,selective_random,grid,,,,,,,cov_coalition_game,6,60.0,10;13;14;19,13;10;14;19,10;14;19,"{""10"": 39, ""14"": 39, ""19"": 39}","{""10"": 4361, ""13"": 4769, ""14"": 2899, ""19"": 1082}",133472,7.4233592880978865,10,40.0,100.0,,,,,2,ns3,899,0.5,10,12,28,,,[],[],,10;14;19,14,32,
2026_07_15_01_26_56,000090,15,all-cluster-heads,C:\Workspace\OpenCDA\docs\doc_workspace\SGCP\artifacts\early_from_late_checkpoint_20260719\enable_coperception_early_from_attentive.yaml,selective_random,grid,,,,,,,cov_coalition_game,6,60.0,6;15,15;6,6,"{""6"": 56}","{""6"": 4471, ""15"": 4768}",71536,3.978642936596218,10,40.0,100.0,,,,,2,ns3,899,0.5,10,12,28,,,[],[],,6,15,19,
2026_07_15_01_26_56,000090,17,all-cluster-heads,C:\Workspace\OpenCDA\docs\doc_workspace\SGCP\artifacts\early_from_late_checkpoint_20260719\enable_coperception_early_from_attentive.yaml,selective_random,grid,,,,,,,cov_coalition_game,6,60.0,3;16;17;18,17;18;3;16,18;3;16,"{""3"": 39, ""16"": 39, ""18"": 39}","{""3"": 2894, ""16"": 3314, ""17"": 5007, ""18"": 4348}",168896,9.393548387096775,10,40.0,100.0,,,,,2,ns3,899,0.5,10,12,28,,,[],[],,18;3;16,12,26,
2026_07_15_01_26_56,000090,20,all-cluster-heads,C:\Workspace\OpenCDA\docs\doc_workspace\SGCP\artifacts\early_from_late_checkpoint_20260719\enable_coperception_early_from_attentive.yaml,selective_random,grid,,,,,,,cov_coalition_game,6,60.0,5;9;20,20;9;5,9;5,"{""5"": 47, ""9"": 49}","{""5"": 1458, ""9"": 4807, ""20"": 4905}",100240,5.575083426028921,10,40.0,100.0,,,,,2,ns3,899,0.5,10,12,28,,,[],[],,9;5,23,31,
2026_07_15_01_26_56,000092,1,all-cluster-heads,C:\Workspace\OpenCDA\docs\doc_workspace\SGCP\artifacts\early_from_late_checkpoint_20260719\enable_coperception_early_from_attentive.yaml,selective_random,grid,,,,,,,cov_coalition_game,6,60.0,1;2;8;11,1;8;11;2,8;11;2,"{""2"": 39, ""8"": 39, ""11"": 39}","{""1"": 4928, ""2"": 1709, ""8"": 4247, ""11"": 3979}",158960,8.840934371523916,10,40.0,100.0,,,,,2,ns3,899,0.5,10,12,28,,,[],[],,8;11;2,29,43,
2026_07_15_01_26_56,000092,12,all-cluster-heads,C:\Workspace\OpenCDA\docs\doc_workspace\SGCP\artifacts\early_from_late_checkpoint_20260719\enable_coperception_early_from_attentive.yaml,selective_random,grid,,,,,,,cov_coalition_game,6,60.0,4;7;12,12;7;4,7;4,"{""4"": 56, ""7"": 59}","{""4"": 3954, ""7"": 4901, ""12"": 4963}",141680,7.879866518353725,10,40.0,100.0,,,,,2,ns3,899,0.5,10,12,28,,,[],[],,7;4,24,42,
2026_07_15_01_26_56,000092,13,all-cluster-heads,C:\Workspace\OpenCDA\docs\doc_workspace\SGCP\artifacts\early_from_late_checkpoint_20260719\enable_coperception_early_from_attentive.yaml,selective_random,grid,,,,,,,cov_coalition_game,6,60.0,10;13;14;19,13;10;14;19,10;14;19,"{""10"": 39, ""14"": 39, ""19"": 39}","{""10"": 2723, ""13"": 4781, ""14"": 4296, ""19"": 1290}",132944,7.393993325917687,10,40.0,100.0,,,,,2,ns3,899,0.5,10,12,28,,,[],[],,10;14;19,8,32,
2026_07_15_01_26_56,000092,15,all-cluster-heads,C:\Workspace\OpenCDA\docs\doc_workspace\SGCP\artifacts\early_from_late_checkpoint_20260719\enable_coperception_early_from_attentive.yaml,selective_random,grid,,,,,,,cov_coalition_game,6,60.0,6;15,15;6,6,"{""6"": 56}","{""6"": 4649, ""15"": 4770}",74384,4.137041156840935,10,40.0,100.0,,,,,2,ns3,899,0.5,10,12,28,,,[],[],,6,16,19,
2026_07_15_01_26_56,000092,17,all-cluster-heads,C:\Workspace\OpenCDA\docs\doc_workspace\SGCP\artifacts\early_from_late_checkpoint_20260719\enable_coperception_early_from_attentive.yaml,selective_random,grid,,,,,,,cov_coalition_game,6,60.0,3;16;17;18,17;3;16;18,3;16;18,"{""3"": 39, ""16"": 39, ""18"": 39}","{""3"": 3480, ""16"": 2303, ""17"": 5000, ""18"": 929}",107392,5.972858731924361,10,40.0,100.0,,,,,2,ns3,899,0.5,10,12,28,,,[],[],,3;16;18,12,25,
2026_07_15_01_26_56,000092,20,all-cluster-heads,C:\Workspace\OpenCDA\docs\doc_workspace\SGCP\artifacts\early_from_late_checkpoint_20260719\enable_coperception_early_from_attentive.yaml,selective_random,grid,,,,,,,cov_coalition_game,6,60.0,5;9;20,20;9;5,9;5,"{""5"": 47, ""9"": 49}","{""5"": 1468, ""9"": 4807, ""20"": 4905}",100400,5.583982202447164,10,40.0,100.0,,,,,2,ns3,899,0.5,10,12,28,,,[],[],,9;5,24,31,
2026_07_15_01_26_56,000094,1,all-cluster-heads,C:\Workspace\OpenCDA\docs\doc_workspace\SGCP\artifacts\early_from_late_checkpoint_20260719\enable_coperception_early_from_attentive.yaml,selective_random,grid,,,,,,,cov_coalition_game,6,60.0,1;2;8;11,1;8;2;11,8;2;11,"{""2"": 39, ""8"": 39, ""11"": 39}","{""1"": 4929, ""2"": 3640, ""8"": 4194, ""11"": 2797}",170096,9.460289210233594,10,40.0,100.0,,,,,2,ns3,899,0.5,10,12,28,,,[],[],,8;2;11,29,42,
2026_07_15_01_26_56,000094,12,all-cluster-heads,C:\Workspace\OpenCDA\docs\doc_workspace\SGCP\artifacts\early_from_late_checkpoint_20260719\enable_coperception_early_from_attentive.yaml,selective_random,grid,,,,,,,cov_coalition_game,6,60.0,4;7;12,12;7;4,7;4,"{""4"": 56, ""7"": 58}","{""4"": 3954, ""7"": 4898, ""12"": 4976}",141632,7.877196885428253,10,40.0,100.0,,,,,2,ns3,899,0.5,10,12,28,,,[],[],,7;4,22,43,
2026_07_15_01_26_56,000094,13,all-cluster-heads,C:\Workspace\OpenCDA\docs\doc_workspace\SGCP\artifacts\early_from_late_checkpoint_20260719\enable_coperception_early_from_attentive.yaml,selective_random,grid,,,,,,,cov_coalition_game,6,60.0,10;13;14;19,13;10;14;19,10;14;19,"{""10"": 39, ""14"": 39, ""19"": 39}","{""10"": 4353, ""13"": 4805, ""14"": 3635, ""19"": 1199}",146992,8.175305895439378,10,40.0,100.0,,,,,2,ns3,899,0.5,10,12,28,,,[],[],,10;14;19,14,32,
2026_07_15_01_26_56,000094,15,all-cluster-heads,C:\Workspace\OpenCDA\docs\doc_workspace\SGCP\artifacts\early_from_late_checkpoint_20260719\enable_coperception_early_from_attentive.yaml,selective_random,grid,,,,,,,cov_coalition_game,6,60.0,6;15,15;6,6,"{""6"": 58}","{""6"": 4652, ""15"": 4772}",74432,4.139710789766407,10,40.0,100.0,,,,,2,ns3,899,0.5,10,12,28,,,[],[],,6,17,20,
2026_07_15_01_26_56,000094,17,all-cluster-heads,C:\Workspace\OpenCDA\docs\doc_workspace\SGCP\artifacts\early_from_late_checkpoint_20260719\enable_coperception_early_from_attentive.yaml,selective_random,grid,,,,,,,cov_coalition_game,6,60.0,3;16;17;18,17;18;3;16,18;3;16,"{""3"": 39, ""16"": 39, ""18"": 39}","{""3"": 3617, ""16"": 4089, ""17"": 4995, ""18"": 4507}",195408,10.868075639599555,10,40.0,100.0,,,,,2,ns3,899,0.5,10,12,28,,,[],[],,18;3;16,13,25,
2026_07_15_01_26_56,000094,20,all-cluster-heads,C:\Workspace\OpenCDA\docs\doc_workspace\SGCP\artifacts\early_from_late_checkpoint_20260719\enable_coperception_early_from_attentive.yaml,selective_random,grid,,,,,,,cov_coalition_game,6,60.0,5;9;20,20;9;5,9;5,"{""5"": 48, ""9"": 49}","{""5"": 1478, ""9"": 4806, ""20"": 4905}",100544,5.591991101223582,10,40.0,100.0,,,,,2,ns3,899,0.5,10,12,28,,,[],[],,9;5,21,31,
2026_07_15_01_26_56,000096,1,all-cluster-heads,C:\Workspace\OpenCDA\docs\doc_workspace\SGCP\artifacts\early_from_late_checkpoint_20260719\enable_coperception_early_from_attentive.yaml,selective_random,grid,,,,,,,cov_coalition_game,6,60.0,1;2;8;11,1;8;2;11,8;2;11,"{""2"": 39, ""8"": 39, ""11"": 39}","{""1"": 4928, ""2"": 3624, ""8"": 4314, ""11"": 4028}",191456,10.648275862068965,10,40.0,100.0,,,,,2,ns3,899,0.5,10,12,28,,,[],[],,8;2;11,27,42,
2026_07_15_01_26_56,000096,12,all-cluster-heads,C:\Workspace\OpenCDA\docs\doc_workspace\SGCP\artifacts\early_from_late_checkpoint_20260719\enable_coperception_early_from_attentive.yaml,selective_random,grid,,,,,,,cov_coalition_game,6,60.0,4;7;12,12;7;4,7;4,"{""4"": 56, ""7"": 59}","{""4"": 3953, ""7"": 4897, ""12"": 4975}",141600,7.875417130144604,10,40.0,100.0,,,,,2,ns3,899,0.5,10,12,28,,,[],[],,7;4,23,39,
2026_07_15_01_26_56,000096,13,all-cluster-heads,C:\Workspace\OpenCDA\docs\doc_workspace\SGCP\artifacts\early_from_late_checkpoint_20260719\enable_coperception_early_from_attentive.yaml,selective_random,grid,,,,,,,cov_coalition_game,6,60.0,10;13;14;19,13;10;14;19,10;14;19,"{""10"": 39, ""14"": 39, ""19"": 39}","{""10"": 4437, ""13"": 4751, ""14"": 2651, ""19"": 1084}",130752,7.272080088987765,10,40.0,100.0,,,,,2,ns3,899,0.5,10,12,28,,,[],[],,10;14;19,14,31,
2026_07_15_01_26_56,000096,15,all-cluster-heads,C:\Workspace\OpenCDA\docs\doc_workspace\SGCP\artifacts\early_from_late_checkpoint_20260719\enable_coperception_early_from_attentive.yaml,selective_random,grid,,,,,,,cov_coalition_game,6,60.0,6;15,15;6,6,"{""6"": 58}","{""6"": 4640, ""15"": 4777}",74240,4.129032258064516,10,40.0,100.0,,,,,2,ns3,899,0.5,10,12,28,,,[],[],,6,19,19,
2026_07_15_01_26_56,000096,17,all-cluster-heads,C:\Workspace\OpenCDA\docs\doc_workspace\SGCP\artifacts\early_from_late_checkpoint_20260719\enable_coperception_early_from_attentive.yaml,selective_random,grid,,,,,,,cov_coalition_game,6,60.0,3;16;17;18,17;18;3;16,18;3;16,"{""3"": 39, ""16"": 39, ""18"": 39}","{""3"": 3840, ""16"": 4281, ""17"": 4995, ""18"": 4247}",197888,11.006006674082313,10,40.0,100.0,,,,,2,ns3,899,0.5,10,12,28,,,[],[],,18;3;16,15,24,
2026_07_15_01_26_56,000096,20,all-cluster-heads,C:\Workspace\OpenCDA\docs\doc_workspace\SGCP\artifacts\early_from_late_checkpoint_20260719\enable_coperception_early_from_attentive.yaml,selective_random,grid,,,,,,,cov_coalition_game,6,60.0,5;9;20,20;9;5,9;5,"{""5"": 51, ""9"": 49}","{""5"": 1477, ""9"": 4805, ""20"": 4902}",100512,5.590211345939934,10,40.0,100.0,,,,,2,ns3,899,0.5,10,12,28,,,[],[],,9;5,22,31,
2026_07_15_01_26_56,000098,1,all-cluster-heads,C:\Workspace\OpenCDA\docs\doc_workspace\SGCP\artifacts\early_from_late_checkpoint_20260719\enable_coperception_early_from_attentive.yaml,selective_random,grid,,,,,,,cov_coalition_game,6,60.0,1;2;8;11,1;8;2;11,8;2;11,"{""2"": 39, ""8"": 39, ""11"": 39}","{""1"": 4927, ""2"": 4060, ""8"": 4125, ""11"": 2380}",169040,9.401557285873192,10,40.0,100.0,,,,,2,ns3,899,0.5,10,12,28,,,[],[],,8;2;11,29,42,
2026_07_15_01_26_56,000098,12,all-cluster-heads,C:\Workspace\OpenCDA\docs\doc_workspace\SGCP\artifacts\early_from_late_checkpoint_20260719\enable_coperception_early_from_attentive.yaml,selective_random,grid,,,,,,,cov_coalition_game,6,60.0,4;7;12,12;7;4,7;4,"{""4"": 56, ""7"": 59}","{""4"": 3953, ""7"": 4895, ""12"": 4968}",141568,7.873637374860956,10,40.0,100.0,,,,,2,ns3,899,0.5,10,12,28,,,[],[],,7;4,22,38,
2026_07_15_01_26_56,000098,13,all-cluster-heads,C:\Workspace\OpenCDA\docs\doc_workspace\SGCP\artifacts\early_from_late_checkpoint_20260719\enable_coperception_early_from_attentive.yaml,selective_random,grid,,,,,,,cov_coalition_game,6,60.0,10;13;14;19,13;10;14;19,10;14;19,"{""10"": 39, ""14"": 39, ""19"": 39}","{""10"": 3214, ""13"": 4779, ""14"": 2349, ""19"": 775}",101408,5.640044493882091,10,40.0,100.0,,,,,2,ns3,899,0.5,10,12,28,,,[],[],,10;14;19,12,30,
2026_07_15_01_26_56,000098,15,all-cluster-heads,C:\Workspace\OpenCDA\docs\doc_workspace\SGCP\artifacts\early_from_late_checkpoint_20260719\enable_coperception_early_from_attentive.yaml,selective_random,grid,,,,,,,cov_coalition_game,6,60.0,6;15,15;6,6,"{""6"": 59}","{""6"": 4643, ""15"": 4783}",74288,4.131701890989989,10,40.0,100.0,,,,,2,ns3,899,0.5,10,12,28,,,[],[],,6,16,19,
2026_07_15_01_26_56,000098,17,all-cluster-heads,C:\Workspace\OpenCDA\docs\doc_workspace\SGCP\artifacts\early_from_late_checkpoint_20260719\enable_coperception_early_from_attentive.yaml,selective_random,grid,,,,,,,cov_coalition_game,6,60.0,3;16;17;18,17;18;3;16,18;3;16,"{""3"": 39, ""16"": 39, ""18"": 39}","{""3"": 2694, ""16"": 3622, ""17"": 4986, ""18"": 4262}",169248,9.413125695216907,10,40.0,100.0,,,,,2,ns3,899,0.5,10,12,28,,,[],[],,18;3;16,13,24,
2026_07_15_01_26_56,000098,20,all-cluster-heads,C:\Workspace\OpenCDA\docs\doc_workspace\SGCP\artifacts\early_from_late_checkpoint_20260719\enable_coperception_early_from_attentive.yaml,selective_random,grid,,,,,,,cov_coalition_game,6,60.0,5;9;20,20;9;5,9;5,"{""5"": 48, ""9"": 49}","{""5"": 1489, ""9"": 4805, ""20"": 4903}",100704,5.6008898776418246,10,40.0,100.0,,,,,2,ns3,899,0.5,10,12,28,,,[],[],,9;5,24,32,
2026_07_15_01_26_56,000100,1,all-cluster-heads,C:\Workspace\OpenCDA\docs\doc_workspace\SGCP\artifacts\early_from_late_checkpoint_20260719\enable_coperception_early_from_attentive.yaml,selective_random,grid,,,,,,,cov_coalition_game,6,60.0,1;2;8;11,1;8;2;11,8;2;11,"{""2"": 39, ""8"": 39, ""11"": 39}","{""1"": 4928, ""2"": 3329, ""8"": 4277, ""11"": 4323}",190864,10.615350389321469,10,40.0,100.0,,,,,2,ns3,899,0.5,10,12,28,,,[],[],,8;2;11,26,42,
2026_07_15_01_26_56,000100,12,all-cluster-heads,C:\Workspace\OpenCDA\docs\doc_workspace\SGCP\artifacts\early_from_late_checkpoint_20260719\enable_coperception_early_from_attentive.yaml,selective_random,grid,,,,,,,cov_coalition_game,6,60.0,4;7;12,12;7;4,7;4,"{""4"": 56, ""7"": 59}","{""4"": 3948, ""7"": 4893, ""12"": 4970}",141456,7.867408231368186,10,40.0,100.0,,,,,2,ns3,899,0.5,10,12,28,,,[],[],,7;4,21,38,
2026_07_15_01_26_56,000100,13,all-cluster-heads,C:\Workspace\OpenCDA\docs\doc_workspace\SGCP\artifacts\early_from_late_checkpoint_20260719\enable_coperception_early_from_attentive.yaml,selective_random,grid,,,,,,,cov_coalition_game,6,60.0,10;13;14;19,13;14;10;19,14;10;19,"{""10"": 39, ""14"": 39, ""19"": 39}","{""10"": 2820, ""13"": 4758, ""14"": 2953, ""19"": 1115}",110208,6.1294771968854285,10,40.0,100.0,,,,,2,ns3,899,0.5,10,12,28,,,[],[],,14;10;19,10,30,
2026_07_15_01_26_56,000100,15,all-cluster-heads,C:\Workspace\OpenCDA\docs\doc_workspace\SGCP\artifacts\early_from_late_checkpoint_20260719\enable_coperception_early_from_attentive.yaml,selective_random,grid,,,,,,,cov_coalition_game,6,60.0,6;15,15;6,6,"{""6"": 57}","{""6"": 4645, ""15"": 4775}",74320,4.133481646273638,10,40.0,100.0,,,,,2,ns3,899,0.5,10,12,28,,,[],[],,6,18,20,
2026_07_15_01_26_56,000100,17,all-cluster-heads,C:\Workspace\OpenCDA\docs\doc_workspace\SGCP\artifacts\early_from_late_checkpoint_20260719\enable_coperception_early_from_attentive.yaml,selective_random,grid,,,,,,,cov_coalition_game,6,60.0,3;16;17;18,17;18;3;16,18;3;16,"{""3"": 39, ""16"": 39, ""18"": 39}","{""3"": 2932, ""16"": 4157, ""17"": 4995, ""18"": 4404}",183888,10.227363737486096,10,40.0,100.0,,,,,2,ns3,899,0.5,10,12,28,,,[],[],,18;3;16,12,24,
2026_07_15_01_26_56,000100,20,all-cluster-heads,C:\Workspace\OpenCDA\docs\doc_workspace\SGCP\artifacts\early_from_late_checkpoint_20260719\enable_coperception_early_from_attentive.yaml,selective_random,grid,,,,,,,cov_coalition_game,6,60.0,5;9;20,20;9;5,9;5,"{""5"": 48, ""9"": 49}","{""5"": 1461, ""9"": 4804, ""20"": 4903}",100240,5.575083426028921,10,40.0,100.0,,,,,2,ns3,899,0.5,10,12,28,,,[],[],,9;5,22,31,
2026_07_15_01_26_56,000102,1,all-cluster-heads,C:\Workspace\OpenCDA\docs\doc_workspace\SGCP\artifacts\early_from_late_checkpoint_20260719\enable_coperception_early_from_attentive.yaml,selective_random,grid,,,,,,,cov_coalition_game,6,60.0,1;2;8;11,1;11;2;8,11;2;8,"{""2"": 39, ""8"": 39, ""11"": 39}","{""1"": 4929, ""2"": 1353, ""8"": 717, ""11"": 2581}",74416,4.138820912124583,10,40.0,100.0,,,,,2,ns3,899,0.5,10,12,28,,,[],[],,11;2;8,28,43,
2026_07_15_01_26_56,000102,12,all-cluster-heads,C:\Workspace\OpenCDA\docs\doc_workspace\SGCP\artifacts\early_from_late_checkpoint_20260719\enable_coperception_early_from_attentive.yaml,selective_random,grid,,,,,,,cov_coalition_game,6,60.0,4;7;12,12;7;4,7;4,"{""4"": 56, ""7"": 59}","{""4"": 3943, ""7"": 4892, ""12"": 4965}",141360,7.86206896551724,10,40.0,100.0,,,,,2,ns3,899,0.5,10,12,28,,,[],[],,7;4,21,38,
2026_07_15_01_26_56,000102,13,all-cluster-heads,C:\Workspace\OpenCDA\docs\doc_workspace\SGCP\artifacts\early_from_late_checkpoint_20260719\enable_coperception_early_from_attentive.yaml,selective_random,grid,,,,,,,cov_coalition_game,6,60.0,10;13;14;19,13;10;14;19,10;14;19,"{""10"": 39, ""14"": 39, ""19"": 39}","{""10"": 4521, ""13"": 4787, ""14"": 2562, ""19"": 1123}",131296,7.302335928809788,10,40.0,100.0,,,,,2,ns3,899,0.5,10,12,28,,,[],[],,10;14;19,14,30,
2026_07_15_01_26_56,000102,15,all-cluster-heads,C:\Workspace\OpenCDA\docs\doc_workspace\SGCP\artifacts\early_from_late_checkpoint_20260719\enable_coperception_early_from_attentive.yaml,selective_random,grid,,,,,,,cov_coalition_game,6,60.0,6;15,15;6,6,"{""6"": 62}","{""6"": 4649, ""15"": 4798}",74384,4.137041156840935,10,40.0,100.0,,,,,2,ns3,899,0.5,10,12,28,,,[],[],,6,20,22,
2026_07_15_01_26_56,000102,17,all-cluster-heads,C:\Workspace\OpenCDA\docs\doc_workspace\SGCP\artifacts\early_from_late_checkpoint_20260719\enable_coperception_early_from_attentive.yaml,selective_random,grid,,,,,,,cov_coalition_game,6,60.0,3;16;17;18,17;18;3;16,18;3;16,"{""3"": 39, ""16"": 39, ""18"": 39}","{""3"": 3563, ""16"": 3642, ""17"": 4990, ""18"": 4443}",186368,10.365294771968854,10,40.0,100.0,,,,,2,ns3,899,0.5,10,12,28,,,[],[],,18;3;16,15,23,
2026_07_15_01_26_56,000102,20,all-cluster-heads,C:\Workspace\OpenCDA\docs\doc_workspace\SGCP\artifacts\early_from_late_checkpoint_20260719\enable_coperception_early_from_attentive.yaml,selective_random,grid,,,,,,,cov_coalition_game,6,60.0,5;9;20,20;9;5,9;5,"{""5"": 50, ""9"": 49}","{""5"": 1528, ""9"": 4804, ""20"": 4902}",101312,5.634705228031145,10,40.0,100.0,,,,,2,ns3,899,0.5,10,12,28,,,[],[],,9;5,22,33,
2026_07_15_01_26_56,000104,1,all-cluster-heads,C:\Workspace\OpenCDA\docs\doc_workspace\SGCP\artifacts\early_from_late_checkpoint_20260719\enable_coperception_early_from_attentive.yaml,selective_random,grid,,,,,,,cov_coalition_game,6,60.0,1;2;8;11,1;2;11;8,2;11;8,"{""2"": 39, ""8"": 39, ""11"": 39}","{""1"": 4929, ""2"": 3467, ""8"": 855, ""11"": 4226}",136768,7.606674082313682,10,40.0,100.0,,,,,2,ns3,899,0.5,10,12,28,,,[],[],,2;11;8,26,42,
2026_07_15_01_26_56,000104,12,all-cluster-heads,C:\Workspace\OpenCDA\docs\doc_workspace\SGCP\artifacts\early_from_late_checkpoint_20260719\enable_coperception_early_from_attentive.yaml,selective_random,grid,,,,,,,cov_coalition_game,6,60.0,4;7;12,12;7;4,7;4,"{""4"": 56, ""7"": 59}","{""4"": 3942, ""7"": 4890, ""12"": 4988}",141312,7.859399332591768,10,40.0,100.0,,,,,2,ns3,899,0.5,10,12,28,,,[],[],,7;4,20,38,
2026_07_15_01_26_56,000104,13,all-cluster-heads,C:\Workspace\OpenCDA\docs\doc_workspace\SGCP\artifacts\early_from_late_checkpoint_20260719\enable_coperception_early_from_attentive.yaml,selective_random,grid,,,,,,,cov_coalition_game,6,60.0,10;13;14;19,13;19;14;10,19;14;10,"{""10"": 39, ""14"": 39, ""19"": 39}","{""10"": 4180, ""13"": 4747, ""14"": 4149, ""19"": 4426}",204080,11.350389321468299,10,40.0,100.0,,,,,2,ns3,899,0.5,10,12,28,,,[],[],,19;14;10,12,30,
2026_07_15_01_26_56,000104,15,all-cluster-heads,C:\Workspace\OpenCDA\docs\doc_workspace\SGCP\artifacts\early_from_late_checkpoint_20260719\enable_coperception_early_from_attentive.yaml,selective_random,grid,,,,,,,cov_coalition_game,6,60.0,6;15,15;6,6,"{""6"": 62}","{""6"": 4667, ""15"": 4777}",74672,4.153058954393771,10,40.0,100.0,,,,,2,ns3,899,0.5,10,12,28,,,[],[],,6,19,23,
2026_07_15_01_26_56,000104,17,all-cluster-heads,C:\Workspace\OpenCDA\docs\doc_workspace\SGCP\artifacts\early_from_late_checkpoint_20260719\enable_coperception_early_from_attentive.yaml,selective_random,grid,,,,,,,cov_coalition_game,6,60.0,3;16;17;18,17;18;16;3,18;16;3,"{""3"": 39, ""16"": 39, ""18"": 39}","{""3"": 2994, ""16"": 3906, ""17"": 4979, ""18"": 4604}",184064,10.237152391546163,10,40.0,100.0,,,,,2,ns3,899,0.5,10,12,28,,,[],[],,18;16;3,15,22,
2026_07_15_01_26_56,000104,20,all-cluster-heads,C:\Workspace\OpenCDA\docs\doc_workspace\SGCP\artifacts\early_from_late_checkpoint_20260719\enable_coperception_early_from_attentive.yaml,selective_random,grid,,,,,,,cov_coalition_game,6,60.0,5;9;20,20;9;5,9;5,"{""5"": 48, ""9"": 49}","{""5"": 1512, ""9"": 4804, ""20"": 4900}",101056,5.6204671857619575,10,40.0,100.0,,,,,2,ns3,899,0.5,10,12,28,,,[],[],,9;5,26,32,
2026_07_15_01_26_56,000106,1,all-cluster-heads,C:\Workspace\OpenCDA\docs\doc_workspace\SGCP\artifacts\early_from_late_checkpoint_20260719\enable_coperception_early_from_attentive.yaml,selective_random,grid,,,,,,,cov_coalition_game,6,60.0,1;2;8;11,1;8;2;11,8;2;11,"{""2"": 39, ""8"": 39, ""11"": 39}","{""1"": 4928, ""2"": 4145, ""8"": 4183, ""11"": 2659}",175792,9.777085650723025,10,40.0,100.0,,,,,2,ns3,899,0.5,10,12,28,,,[],[],,8;2;11,28,42,
2026_07_15_01_26_56,000106,12,all-cluster-heads,C:\Workspace\OpenCDA\docs\doc_workspace\SGCP\artifacts\early_from_late_checkpoint_20260719\enable_coperception_early_from_attentive.yaml,selective_random,grid,,,,,,,cov_coalition_game,6,60.0,4;7;12,12;7;4,7;4,"{""4"": 54, ""7"": 57}","{""4"": 3869, ""7"": 4868, ""12"": 4987}",139792,7.774860956618465,10,40.0,100.0,,,,,2,ns3,899,0.5,10,12,28,,,[],[],,7;4,20,38,
2026_07_15_01_26_56,000106,13,all-cluster-heads,C:\Workspace\OpenCDA\docs\doc_workspace\SGCP\artifacts\early_from_late_checkpoint_20260719\enable_coperception_early_from_attentive.yaml,selective_random,grid,,,,,,,cov_coalition_game,6,60.0,10;13;14;19,13;19;10;14,19;10;14,"{""10"": 39, ""14"": 39, ""19"": 39}","{""10"": 3279, ""13"": 4753, ""14"": 1803, ""19"": 4296}",150048,8.34527252502781,10,40.0,100.0,,,,,2,ns3,899,0.5,10,12,28,,,[],[],,19;10;14,16,30,
2026_07_15_01_26_56,000106,15,all-cluster-heads,C:\Workspace\OpenCDA\docs\doc_workspace\SGCP\artifacts\early_from_late_checkpoint_20260719\enable_coperception_early_from_attentive.yaml,selective_random,grid,,,,,,,cov_coalition_game,6,60.0,6;15,15;6,6,"{""6"": 63}","{""6"": 4674, ""15"": 4779}",74784,4.159288097886541,10,40.0,100.0,,,,,2,ns3,899,0.5,10,12,28,,,[],[],,6,17,23,
2026_07_15_01_26_56,000106,17,all-cluster-heads,C:\Workspace\OpenCDA\docs\doc_workspace\SGCP\artifacts\early_from_late_checkpoint_20260719\enable_coperception_early_from_attentive.yaml,selective_random,grid,,,,,,,cov_coalition_game,6,60.0,3;16;17;18,17;18;3;16,18;3;16,"{""3"": 39, ""16"": 39, ""18"": 39}","{""3"": 3281, ""16"": 2639, ""17"": 4994, ""18"": 4504}",166784,9.276084538375972,10,40.0,100.0,,,,,2,ns3,899,0.5,10,12,28,,,[],[],,18;3;16,15,21,
2026_07_15_01_26_56,000106,20,all-cluster-heads,C:\Workspace\OpenCDA\docs\doc_workspace\SGCP\artifacts\early_from_late_checkpoint_20260719\enable_coperception_early_from_attentive.yaml,selective_random,grid,,,,,,,cov_coalition_game,6,60.0,5;9;20,20;9;5,9;5,"{""5"": 50, ""9"": 50}","{""5"": 1528, ""9"": 4805, ""20"": 4900}",101328,5.635595105672969,10,40.0,100.0,,,,,2,ns3,899,0.5,10,12,28,,,[],[],,9;5,21,29,
2026_07_15_01_26_56,000108,1,all-cluster-heads,C:\Workspace\OpenCDA\docs\doc_workspace\SGCP\artifacts\early_from_late_checkpoint_20260719\enable_coperception_early_from_attentive.yaml,selective_random,grid,,,,,,,cov_coalition_game,6,60.0,1;2;8;11,1;8;2;11,8;2;11,"{""2"": 39, ""8"": 39, ""11"": 39}","{""1"": 4928, ""2"": 3957, ""8"": 4168, ""11"": 3821}",191136,10.63047830923248,10,40.0,100.0,,,,,2,ns3,899,0.5,10,12,28,,,[],[],,8;2;11,27,44,
2026_07_15_01_26_56,000108,12,all-cluster-heads,C:\Workspace\OpenCDA\docs\doc_workspace\SGCP\artifacts\early_from_late_checkpoint_20260719\enable_coperception_early_from_attentive.yaml,selective_random,grid,,,,,,,cov_coalition_game,6,60.0,4;7;12,12;7;4,7;4,"{""4"": 54, ""7"": 57}","{""4"": 3861, ""7"": 4864, ""12"": 4997}",139600,7.764182424916574,10,40.0,100.0,,,,,2,ns3,899,0.5,10,12,28,,,[],[],,7;4,22,39,
2026_07_15_01_26_56,000108,13,all-cluster-heads,C:\Workspace\OpenCDA\docs\doc_workspace\SGCP\artifacts\early_from_late_checkpoint_20260719\enable_coperception_early_from_attentive.yaml,selective_random,grid,,,,,,,cov_coalition_game,6,60.0,10;13;14;19,13;19;10;14,19;10;14,"{""10"": 39, ""14"": 39, ""19"": 39}","{""10"": 3640, ""13"": 4757, ""14"": 2933, ""19"": 3859}",166912,9.283203559510566,10,40.0,100.0,,,,,2,ns3,899,0.5,10,12,28,,,[],[],,19;10;14,13,30,
2026_07_15_01_26_56,000108,15,all-cluster-heads,C:\Workspace\OpenCDA\docs\doc_workspace\SGCP\artifacts\early_from_late_checkpoint_20260719\enable_coperception_early_from_attentive.yaml,selective_random,grid,,,,,,,cov_coalition_game,6,60.0,6;15,15;6,6,"{""6"": 63}","{""6"": 4667, ""15"": 4792}",74672,4.153058954393771,10,40.0,100.0,,,,,2,ns3,899,0.5,10,12,28,,,[],[],,6,19,24,
2026_07_15_01_26_56,000108,17,all-cluster-heads,C:\Workspace\OpenCDA\docs\doc_workspace\SGCP\artifacts\early_from_late_checkpoint_20260719\enable_coperception_early_from_attentive.yaml,selective_random,grid,,,,,,,cov_coalition_game,6,60.0,3;16;17;18,17;18;3;16,18;3;16,"{""3"": 39, ""16"": 39, ""18"": 39}","{""3"": 3415, ""16"": 2542, ""17"": 4998, ""18"": 4211}",162688,9.048275862068966,10,40.0,100.0,,,,,2,ns3,899,0.5,10,12,28,,,[],[],,18;3;16,14,21,
2026_07_15_01_26_56,000108,20,all-cluster-heads,C:\Workspace\OpenCDA\docs\doc_workspace\SGCP\artifacts\early_from_late_checkpoint_20260719\enable_coperception_early_from_attentive.yaml,selective_random,grid,,,,,,,cov_coalition_game,6,60.0,5;9;20,20;9;5,9;5,"{""5"": 50, ""9"": 50}","{""5"": 1531, ""9"": 4806, ""20"": 4899}",101392,5.639154616240266,10,40.0,100.0,,,,,2,ns3,899,0.5,10,12,28,,,[],[],,9;5,22,30,
2026_07_15_01_26_56,000110,1,all-cluster-heads,C:\Workspace\OpenCDA\docs\doc_workspace\SGCP\artifacts\early_from_late_checkpoint_20260719\enable_coperception_early_from_attentive.yaml,selective_random,grid,,,,,,,cov_coalition_game,6,60.0,1;2;8;11,1;8;2;11,8;2;11,"{""2"": 39, ""8"": 39, ""11"": 39}","{""1"": 4928, ""2"": 3302, ""8"": 4186, ""11"": 3700}",179008,9.9559510567297,10,40.0,100.0,,,,,2,ns3,899,0.5,10,12,28,,,[],[],,8;2;11,27,45,
2026_07_15_01_26_56,000110,12,all-cluster-heads,C:\Workspace\OpenCDA\docs\doc_workspace\SGCP\artifacts\early_from_late_checkpoint_20260719\enable_coperception_early_from_attentive.yaml,selective_random,grid,,,,,,,cov_coalition_game,6,60.0,4;7;12,12;7;4,7;4,"{""4"": 55, ""7"": 57}","{""4"": 4610, ""7"": 4877, ""12"": 4997}",151792,8.442269187986652,10,40.0,100.0,,,,,2,ns3,899,0.5,10,12,28,,,[],[],,7;4,21,38,
2026_07_15_01_26_56,000110,13,all-cluster-heads,C:\Workspace\OpenCDA\docs\doc_workspace\SGCP\artifacts\early_from_late_checkpoint_20260719\enable_coperception_early_from_attentive.yaml,selective_random,grid,,,,,,,cov_coalition_game,6,60.0,10;13;14;19,13;14;10;19,14;10;19,"{""10"": 39, ""14"": 39, ""19"": 39}","{""10"": 3479, ""13"": 4738, ""14"": 3611, ""19"": 1248}",133408,7.4197997775305895,10,40.0,100.0,,,,,2,ns3,899,0.5,10,12,28,,,[],[],,14;10;19,12,30,
2026_07_15_01_26_56,000110,15,all-cluster-heads,C:\Workspace\OpenCDA\docs\doc_workspace\SGCP\artifacts\early_from_late_checkpoint_20260719\enable_coperception_early_from_attentive.yaml,selective_random,grid,,,,,,,cov_coalition_game,6,60.0,6;15,15;6,6,"{""6"": 61}","{""6"": 4666, ""15"": 4814}",74656,4.152169076751947,10,40.0,100.0,,,,,2,ns3,899,0.5,10,12,28,,,[],[],,6,19,24,
2026_07_15_01_26_56,000110,17,all-cluster-heads,C:\Workspace\OpenCDA\docs\doc_workspace\SGCP\artifacts\early_from_late_checkpoint_20260719\enable_coperception_early_from_attentive.yaml,selective_random,grid,,,,,,,cov_coalition_game,6,60.0,3;16;17;18,17;3;16;18,3;16;18,"{""3"": 39, ""16"": 39, ""18"": 39}","{""3"": 3322, ""16"": 2451, ""17"": 5003, ""18"": 1088}",109776,6.105450500556174,10,40.0,100.0,,,,,2,ns3,899,0.5,10,12,28,,,[],[],,3;16;18,12,20,
2026_07_15_01_26_56,000110,20,all-cluster-heads,C:\Workspace\OpenCDA\docs\doc_workspace\SGCP\artifacts\early_from_late_checkpoint_20260719\enable_coperception_early_from_attentive.yaml,selective_random,grid,,,,,,,cov_coalition_game,6,60.0,5;9;20,20;9;5,9;5,"{""5"": 49, ""9"": 50}","{""5"": 1534, ""9"": 4807, ""20"": 4898}",101456,5.642714126807563,10,40.0,100.0,,,,,2,ns3,899,0.5,10,12,28,,,[],[],,9;5,20,30,
2026_07_15_01_26_56,000112,1,all-cluster-heads,C:\Workspace\OpenCDA\docs\doc_workspace\SGCP\artifacts\early_from_late_checkpoint_20260719\enable_coperception_early_from_attentive.yaml,selective_random,grid,,,,,,,cov_coalition_game,6,60.0,1;2;8;11,1;8;11;2,8;11;2,"{""2"": 39, ""8"": 39, ""11"": 39}","{""1"": 4926, ""2"": 2420, ""8"": 4152, ""11"": 4223}",172720,9.60622914349277,10,40.0,100.0,,,,,2,ns3,899,0.5,10,12,28,,,[],[],,8;11;2,23,44,
2026_07_15_01_26_56,000112,12,all-cluster-heads,C:\Workspace\OpenCDA\docs\doc_workspace\SGCP\artifacts\early_from_late_checkpoint_20260719\enable_coperception_early_from_attentive.yaml,selective_random,grid,,,,,,,cov_coalition_game,6,60.0,4;7;12,12;7;4,7;4,"{""4"": 56, ""7"": 58}","{""4"": 4653, ""7"": 4877, ""12"": 5013}",152480,8.480533926585096,10,40.0,100.0,,,,,2,ns3,899,0.5,10,12,28,,,[],[],,7;4,21,38,
2026_07_15_01_26_56,000112,13,all-cluster-heads,C:\Workspace\OpenCDA\docs\doc_workspace\SGCP\artifacts\early_from_late_checkpoint_20260719\enable_coperception_early_from_attentive.yaml,selective_random,grid,,,,,,,cov_coalition_game,6,60.0,10;13;14;19,13;19;10;14,19;10;14,"{""10"": 39, ""14"": 39, ""19"": 39}","{""10"": 4513, ""13"": 4707, ""14"": 2288, ""19"": 3933}",171744,9.55194660734149,10,40.0,100.0,,,,,2,ns3,899,0.5,10,12,28,,,[],[],,19;10;14,13,30,
2026_07_15_01_26_56,000112,15,all-cluster-heads,C:\Workspace\OpenCDA\docs\doc_workspace\SGCP\artifacts\early_from_late_checkpoint_20260719\enable_coperception_early_from_attentive.yaml,selective_random,grid,,,,,,,cov_coalition_game,6,60.0,6;15,15;6,6,"{""6"": 61}","{""6"": 4646, ""15"": 4776}",74336,4.134371523915462,10,40.0,100.0,,,,,2,ns3,899,0.5,10,12,28,,,[],[],,6,17,23,
2026_07_15_01_26_56,000112,17,all-cluster-heads,C:\Workspace\OpenCDA\docs\doc_workspace\SGCP\artifacts\early_from_late_checkpoint_20260719\enable_coperception_early_from_attentive.yaml,selective_random,grid,,,,,,,cov_coalition_game,6,60.0,3;16;17;18,17;18;3;16,18;3;16,"{""3"": 39, ""16"": 39, ""18"": 39}","{""3"": 3696, ""16"": 3008, ""17"": 4995, ""18"": 4441}",178320,9.917686318131258,10,40.0,100.0,,,,,2,ns3,899,0.5,10,12,28,,,[],[],,18;3;16,10,19,
2026_07_15_01_26_56,000112,20,all-cluster-heads,C:\Workspace\OpenCDA\docs\doc_workspace\SGCP\artifacts\early_from_late_checkpoint_20260719\enable_coperception_early_from_attentive.yaml,selective_random,grid,,,,,,,cov_coalition_game,6,60.0,5;9;20,20;9;5,9;5,"{""5"": 52, ""9"": 50}","{""5"": 1524, ""9"": 4808, ""20"": 4898}",101312,5.634705228031145,10,40.0,100.0,,,,,2,ns3,899,0.5,10,12,28,,,[],[],,9;5,22,31,
2026_07_15_01_26_56,000114,1,all-cluster-heads,C:\Workspace\OpenCDA\docs\doc_workspace\SGCP\artifacts\early_from_late_checkpoint_20260719\enable_coperception_early_from_attentive.yaml,selective_random,grid,,,,,,,cov_coalition_game,6,60.0,1;2;8;11,1;8;2;11,8;2;11,"{""2"": 39, ""8"": 39, ""11"": 39}","{""1"": 4926, ""2"": 4266, ""8"": 4263, ""11"": 4104}",202128,11.24182424916574,10,40.0,100.0,,,,,2,ns3,899,0.5,10,12,28,,,[],[],,8;2;11,23,44,
2026_07_15_01_26_56,000114,12,all-cluster-heads,C:\Workspace\OpenCDA\docs\doc_workspace\SGCP\artifacts\early_from_late_checkpoint_20260719\enable_coperception_early_from_attentive.yaml,selective_random,grid,,,,,,,cov_coalition_game,6,60.0,4;7;12,12;7;4,7;4,"{""4"": 56, ""7"": 58}","{""4"": 4653, ""7"": 4877, ""12"": 5019}",152480,8.480533926585096,10,40.0,100.0,,,,,2,ns3,899,0.5,10,12,28,,,[],[],,7;4,23,39,
2026_07_15_01_26_56,000114,13,all-cluster-heads,C:\Workspace\OpenCDA\docs\doc_workspace\SGCP\artifacts\early_from_late_checkpoint_20260719\enable_coperception_early_from_attentive.yaml,selective_random,grid,,,,,,,cov_coalition_game,6,60.0,10;13;14;19,13;19;10;14,19;10;14,"{""10"": 39, ""14"": 39, ""19"": 39}","{""10"": 3717, ""13"": 4726, ""14"": 1967, ""19"": 4180}",157824,8.777753058954394,10,40.0,100.0,,,,,2,ns3,899,0.5,10,12,28,,,[],[],,19;10;14,11,30,
2026_07_15_01_26_56,000114,15,all-cluster-heads,C:\Workspace\OpenCDA\docs\doc_workspace\SGCP\artifacts\early_from_late_checkpoint_20260719\enable_coperception_early_from_attentive.yaml,selective_random,grid,,,,,,,cov_coalition_game,6,60.0,6;15,15;6,6,"{""6"": 60}","{""6"": 4631, ""15"": 4789}",74096,4.121023359288098,10,40.0,100.0,,,,,2,ns3,899,0.5,10,12,28,,,[],[],,6,17,23,
2026_07_15_01_26_56,000114,17,all-cluster-heads,C:\Workspace\OpenCDA\docs\doc_workspace\SGCP\artifacts\early_from_late_checkpoint_20260719\enable_coperception_early_from_attentive.yaml,selective_random,grid,,,,,,,cov_coalition_game,6,60.0,3;16;17;18,17;3;16;18,3;16;18,"{""3"": 39, ""16"": 39, ""18"": 39}","{""3"": 2807, ""16"": 1778, ""17"": 5006, ""18"": 906}",87856,4.886318131256952,10,40.0,100.0,,,,,2,ns3,899,0.5,10,12,28,,,[],[],,3;16;18,8,19,
2026_07_15_01_26_56,000114,20,all-cluster-heads,C:\Workspace\OpenCDA\docs\doc_workspace\SGCP\artifacts\early_from_late_checkpoint_20260719\enable_coperception_early_from_attentive.yaml,selective_random,grid,,,,,,,cov_coalition_game,6,60.0,5;9;20,20;9;5,9;5,"{""5"": 52, ""9"": 50}","{""5"": 1558, ""9"": 4807, ""20"": 4899}",101840,5.664071190211346,10,40.0,100.0,,,,,2,ns3,899,0.5,10,12,28,,,[],[],,9;5,20,30,
2026_07_15_01_26_56,000116,1,all-cluster-heads,C:\Workspace\OpenCDA\docs\doc_workspace\SGCP\artifacts\early_from_late_checkpoint_20260719\enable_coperception_early_from_attentive.yaml,selective_random,grid,,,,,,,cov_coalition_game,6,60.0,1;2;8;11,1;8;2;11,8;2;11,"{""2"": 39, ""8"": 39, ""11"": 39}","{""1"": 4926, ""2"": 3880, ""8"": 4252, ""11"": 3820}",191232,10.635817575083426,10,40.0,100.0,,,,,2,ns3,899,0.5,10,12,28,,,[],[],,8;2;11,25,44,
2026_07_15_01_26_56,000116,12,all-cluster-heads,C:\Workspace\OpenCDA\docs\doc_workspace\SGCP\artifacts\early_from_late_checkpoint_20260719\enable_coperception_early_from_attentive.yaml,selective_random,grid,,,,,,,cov_coalition_game,6,60.0,4;7;12,12;7;4,7;4,"{""4"": 57, ""7"": 58}","{""4"": 4651, ""7"": 4878, ""12"": 4999}",152464,8.479644048943271,10,40.0,100.0,,,,,2,ns3,899,0.5,10,12,28,,,[],[],,7;4,23,39,
2026_07_15_01_26_56,000116,13,all-cluster-heads,C:\Workspace\OpenCDA\docs\doc_workspace\SGCP\artifacts\early_from_late_checkpoint_20260719\enable_coperception_early_from_attentive.yaml,selective_random,grid,,,,,,,cov_coalition_game,6,60.0,10;13;14;19,13;19;10;14,19;10;14,"{""10"": 39, ""14"": 39, ""19"": 39}","{""10"": 4071, ""13"": 4746, ""14"": 3687, ""19"": 4074}",189312,10.529032258064516,10,40.0,100.0,,,,,2,ns3,899,0.5,10,12,28,,,[],[],,19;10;14,9,30,
2026_07_15_01_26_56,000116,15,all-cluster-heads,C:\Workspace\OpenCDA\docs\doc_workspace\SGCP\artifacts\early_from_late_checkpoint_20260719\enable_coperception_early_from_attentive.yaml,selective_random,grid,,,,,,,cov_coalition_game,6,60.0,6;15,15;6,6,"{""6"": 60}","{""6"": 4650, ""15"": 4804}",74400,4.137931034482759,10,40.0,100.0,,,,,2,ns3,899,0.5,10,12,28,,,[],[],,6,19,23,
2026_07_15_01_26_56,000116,17,all-cluster-heads,C:\Workspace\OpenCDA\docs\doc_workspace\SGCP\artifacts\early_from_late_checkpoint_20260719\enable_coperception_early_from_attentive.yaml,selective_random,grid,,,,,,,cov_coalition_game,6,60.0,3;16;17;18,17;3;16;18,3;16;18,"{""3"": 39, ""16"": 39, ""18"": 39}","{""3"": 2536, ""16"": 3376, ""17"": 5014, ""18"": 745}",106512,5.923915461624026,10,40.0,100.0,,,,,2,ns3,899,0.5,10,12,28,,,[],[],,3;16;18,10,18,
2026_07_15_01_26_56,000116,20,all-cluster-heads,C:\Workspace\OpenCDA\docs\doc_workspace\SGCP\artifacts\early_from_late_checkpoint_20260719\enable_coperception_early_from_attentive.yaml,selective_random,grid,,,,,,,cov_coalition_game,6,60.0,5;9;20,20;9;5,9;5,"{""5"": 54, ""9"": 51}","{""5"": 1593, ""9"": 4805, ""20"": 4899}",102368,5.693437152391547,10,40.0,100.0,,,,,2,ns3,899,0.5,10,12,28,,,[],[],,9;5,19,29,
2026_07_15_01_26_56,000118,1,all-cluster-heads,C:\Workspace\OpenCDA\docs\doc_workspace\SGCP\artifacts\early_from_late_checkpoint_20260719\enable_coperception_early_from_attentive.yaml,selective_random,grid,,,,,,,cov_coalition_game,6,60.0,1;2;8;11,1;8;2;11,8;2;11,"{""2"": 39, ""8"": 39, ""11"": 39}","{""1"": 4927, ""2"": 3622, ""8"": 4287, ""11"": 1058}",143472,7.979532814238042,10,40.0,100.0,,,,,2,ns3,899,0.5,10,12,28,,,[],[],,8;2;11,22,44,
2026_07_15_01_26_56,000118,12,all-cluster-heads,C:\Workspace\OpenCDA\docs\doc_workspace\SGCP\artifacts\early_from_late_checkpoint_20260719\enable_coperception_early_from_attentive.yaml,selective_random,grid,,,,,,,cov_coalition_game,6,60.0,4;7;12,12;7;4,7;4,"{""4"": 57, ""7"": 58}","{""4"": 4651, ""7"": 4876, ""12"": 5018}",152432,8.477864293659623,10,40.0,100.0,,,,,2,ns3,899,0.5,10,12,28,,,[],[],,7;4,24,39,
2026_07_15_01_26_56,000118,13,all-cluster-heads,C:\Workspace\OpenCDA\docs\doc_workspace\SGCP\artifacts\early_from_late_checkpoint_20260719\enable_coperception_early_from_attentive.yaml,selective_random,grid,,,,,,,cov_coalition_game,6,60.0,10;13;14;19,13;19;10;14,19;10;14,"{""10"": 39, ""14"": 39, ""19"": 39}","{""10"": 3258, ""13"": 4711, ""14"": 2935, ""19"": 4294}",167792,9.332146829810902,10,40.0,100.0,,,,,2,ns3,899,0.5,10,12,28,,,[],[],,19;10;14,11,31,
2026_07_15_01_26_56,000118,15,all-cluster-heads,C:\Workspace\OpenCDA\docs\doc_workspace\SGCP\artifacts\early_from_late_checkpoint_20260719\enable_coperception_early_from_attentive.yaml,selective_random,grid,,,,,,,cov_coalition_game,6,60.0,6;15,15;6,6,"{""6"": 61}","{""6"": 4647, ""15"": 4815}",74352,4.135261401557286,10,40.0,100.0,,,,,2,ns3,899,0.5,10,12,28,,,[],[],,6,17,22,
2026_07_15_01_26_56,000118,17,all-cluster-heads,C:\Workspace\OpenCDA\docs\doc_workspace\SGCP\artifacts\early_from_late_checkpoint_20260719\enable_coperception_early_from_attentive.yaml,selective_random,grid,,,,,,,cov_coalition_game,6,60.0,3;16;17;18,17;18;3;16,18;3;16,"{""3"": 39, ""16"": 39, ""18"": 39}","{""3"": 2570, ""16"": 2033, ""17"": 5023, ""18"": 4494}",145552,8.095216907675194,10,40.0,100.0,,,,,2,ns3,899,0.5,10,12,28,,,[],[],,18;3;16,8,19,
2026_07_15_01_26_56,000118,20,all-cluster-heads,C:\Workspace\OpenCDA\docs\doc_workspace\SGCP\artifacts\early_from_late_checkpoint_20260719\enable_coperception_early_from_attentive.yaml,selective_random,grid,,,,,,,cov_coalition_game,6,60.0,5;9;20,20;9;5,9;5,"{""5"": 53, ""9"": 50}","{""5"": 1579, ""9"": 4805, ""20"": 4899}",102144,5.680978865406007,10,40.0,100.0,,,,,2,ns3,899,0.5,10,12,28,,,[],[],,9;5,18,29,
2026_07_15_01_26_56,000120,1,all-cluster-heads,C:\Workspace\OpenCDA\docs\doc_workspace\SGCP\artifacts\early_from_late_checkpoint_20260719\enable_coperception_early_from_attentive.yaml,selective_random,grid,,,,,,,cov_coalition_game,6,60.0,1;2;8;11,1;8;2;11,8;2;11,"{""2"": 39, ""8"": 39, ""11"": 39}","{""1"": 4928, ""2"": 3938, ""8"": 4276, ""11"": 4243}",199312,11.085205784204673,10,40.0,100.0,,,,,2,ns3,899,0.5,10,12,28,,,[],[],,8;2;11,24,43,
2026_07_15_01_26_56,000120,12,all-cluster-heads,C:\Workspace\OpenCDA\docs\doc_workspace\SGCP\artifacts\early_from_late_checkpoint_20260719\enable_coperception_early_from_attentive.yaml,selective_random,grid,,,,,,,cov_coalition_game,6,60.0,4;7;12,12;7;4,7;4,"{""4"": 56, ""7"": 58}","{""4"": 4650, ""7"": 4875, ""12"": 5020}",152400,8.476084538375973,10,40.0,100.0,,,,,2,ns3,899,0.5,10,12,28,,,[],[],,7;4,24,40,
2026_07_15_01_26_56,000120,13,all-cluster-heads,C:\Workspace\OpenCDA\docs\doc_workspace\SGCP\artifacts\early_from_late_checkpoint_20260719\enable_coperception_early_from_attentive.yaml,selective_random,grid,,,,,,,cov_coalition_game,6,60.0,10;13;14;19,13;19;10;14,19;10;14,"{""10"": 39, ""14"": 39, ""19"": 39}","{""10"": 4443, ""13"": 4704, ""14"": 3952, ""19"": 3924}",197104,10.962402669632924,10,40.0,100.0,,,,,2,ns3,899,0.5,10,12,28,,,[],[],,19;10;14,13,31,
2026_07_15_01_26_56,000120,15,all-cluster-heads,C:\Workspace\OpenCDA\docs\doc_workspace\SGCP\artifacts\early_from_late_checkpoint_20260719\enable_coperception_early_from_attentive.yaml,selective_random,grid,,,,,,,cov_coalition_game,6,60.0,6;15,15;6,6,"{""6"": 60}","{""6"": 4637, ""15"": 4811}",74192,4.126362625139044,10,40.0,100.0,,,,,2,ns3,899,0.5,10,12,28,,,[],[],,6,17,22,
2026_07_15_01_26_56,000120,17,all-cluster-heads,C:\Workspace\OpenCDA\docs\doc_workspace\SGCP\artifacts\early_from_late_checkpoint_20260719\enable_coperception_early_from_attentive.yaml,selective_random,grid,,,,,,,cov_coalition_game,6,60.0,3;16;17;18,17;18;3;16,18;3;16,"{""3"": 39, ""16"": 39, ""18"": 39}","{""3"": 2691, ""16"": 3407, ""17"": 5031, ""18"": 4269}",165872,9.225361512791991,10,40.0,100.0,,,,,2,ns3,899,0.5,10,12,28,,,[],[],,18;3;16,9,18,
2026_07_15_01_26_56,000120,20,all-cluster-heads,C:\Workspace\OpenCDA\docs\doc_workspace\SGCP\artifacts\early_from_late_checkpoint_20260719\enable_coperception_early_from_attentive.yaml,selective_random,grid,,,,,,,cov_coalition_game,6,60.0,5;9;20,20;9;5,9;5,"{""5"": 54, ""9"": 50}","{""5"": 1599, ""9"": 4806, ""20"": 4901}",102480,5.699666295884316,10,40.0,100.0,,,,,2,ns3,899,0.5,10,12,28,,,[],[],,9;5,19,29,
2026_07_15_01_26_56,000122,1,all-cluster-heads,C:\Workspace\OpenCDA\docs\doc_workspace\SGCP\artifacts\early_from_late_checkpoint_20260719\enable_coperception_early_from_attentive.yaml,selective_random,grid,,,,,,,cov_coalition_game,6,60.0,1;2;8;11,1;8;2;11,8;2;11,"{""2"": 39, ""8"": 39, ""11"": 39}","{""1"": 4925, ""2"": 3695, ""8"": 4130, ""11"": 1947}",156352,8.695884315906563,10,40.0,100.0,,,,,2,ns3,899,0.5,10,12,28,,,[],[],,8;2;11,23,43,
2026_07_15_01_26_56,000122,12,all-cluster-heads,C:\Workspace\OpenCDA\docs\doc_workspace\SGCP\artifacts\early_from_late_checkpoint_20260719\enable_coperception_early_from_attentive.yaml,selective_random,grid,,,,,,,cov_coalition_game,6,60.0,4;7;12,12;7;4,7;4,"{""4"": 56, ""7"": 58}","{""4"": 4651, ""7"": 4877, ""12"": 5019}",152448,8.478754171301446,10,40.0,100.0,,,,,2,ns3,899,0.5,10,12,28,,,[],[],,7;4,24,41,
2026_07_15_01_26_56,000122,13,all-cluster-heads,C:\Workspace\OpenCDA\docs\doc_workspace\SGCP\artifacts\early_from_late_checkpoint_20260719\enable_coperception_early_from_attentive.yaml,selective_random,grid,,,,,,,cov_coalition_game,6,60.0,10;13;14;19,13;19;10;14,19;10;14,"{""10"": 39, ""14"": 39, ""19"": 39}","{""10"": 4318, ""13"": 4698, ""14"": 2736, ""19"": 4133}",178992,9.955061179087876,10,40.0,100.0,,,,,2,ns3,899,0.5,10,12,28,,,[],[],,19;10;14,12,30,
2026_07_15_01_26_56,000122,15,all-cluster-heads,C:\Workspace\OpenCDA\docs\doc_workspace\SGCP\artifacts\early_from_late_checkpoint_20260719\enable_coperception_early_from_attentive.yaml,selective_random,grid,,,,,,,cov_coalition_game,6,60.0,6;15,15;6,6,"{""6"": 60}","{""6"": 4648, ""15"": 4812}",74368,4.13615127919911,10,40.0,100.0,,,,,2,ns3,899,0.5,10,12,28,,,[],[],,6,20,22,
2026_07_15_01_26_56,000122,17,all-cluster-heads,C:\Workspace\OpenCDA\docs\doc_workspace\SGCP\artifacts\early_from_late_checkpoint_20260719\enable_coperception_early_from_attentive.yaml,selective_random,grid,,,,,,,cov_coalition_game,6,60.0,3;16;17;18,17;18;16;3,18;16;3,"{""3"": 39, ""16"": 39, ""18"": 39}","{""3"": 1836, ""16"": 2958, ""17"": 5030, ""18"": 4304}",145568,8.09610678531702,10,40.0,100.0,,,,,2,ns3,899,0.5,10,12,28,,,[],[],,18;16;3,8,18,
2026_07_15_01_26_56,000122,20,all-cluster-heads,C:\Workspace\OpenCDA\docs\doc_workspace\SGCP\artifacts\early_from_late_checkpoint_20260719\enable_coperception_early_from_attentive.yaml,selective_random,grid,,,,,,,cov_coalition_game,6,60.0,5;9;20,20;9;5,9;5,"{""5"": 50, ""9"": 49}","{""5"": 1625, ""9"": 4803, ""20"": 4897}",102848,5.720133481646274,10,40.0,100.0,,,,,2,ns3,899,0.5,10,12,28,,,[],[],,9;5,19,28,
2026_07_15_01_26_56,000124,1,all-cluster-heads,C:\Workspace\OpenCDA\docs\doc_workspace\SGCP\artifacts\early_from_late_checkpoint_20260719\enable_coperception_early_from_attentive.yaml,selective_random,grid,,,,,,,cov_coalition_game,6,60.0,1;2;8;11,1;8;11;2,8;11;2,"{""2"": 39, ""8"": 39, ""11"": 39}","{""1"": 4925, ""2"": 2494, ""8"": 4068, ""11"": 2998}",152960,8.507230255839822,10,40.0,100.0,,,,,2,ns3,899,0.5,10,12,28,,,[],[],,8;11;2,25,43,
2026_07_15_01_26_56,000124,12,all-cluster-heads,C:\Workspace\OpenCDA\docs\doc_workspace\SGCP\artifacts\early_from_late_checkpoint_20260719\enable_coperception_early_from_attentive.yaml,selective_random,grid,,,,,,,cov_coalition_game,6,60.0,4;7;12,12;7;4,7;4,"{""4"": 57, ""7"": 57}","{""4"": 4654, ""7"": 4874, ""12"": 4985}",152448,8.478754171301446,10,40.0,100.0,,,,,2,ns3,899,0.5,10,12,28,,,[],[],,7;4,24,41,
2026_07_15_01_26_56,000124,13,all-cluster-heads,C:\Workspace\OpenCDA\docs\doc_workspace\SGCP\artifacts\early_from_late_checkpoint_20260719\enable_coperception_early_from_attentive.yaml,selective_random,grid,,,,,,,cov_coalition_game,6,60.0,10;13;14;19,13;19;10;14,19;10;14,"{""10"": 39, ""14"": 39, ""19"": 39}","{""10"": 3404, ""13"": 4711, ""14"": 3639, ""19"": 4330}",181968,10.120578420467185,10,40.0,100.0,,,,,2,ns3,899,0.5,10,12,28,,,[],[],,19;10;14,12,30,
2026_07_15_01_26_56,000124,15,all-cluster-heads,C:\Workspace\OpenCDA\docs\doc_workspace\SGCP\artifacts\early_from_late_checkpoint_20260719\enable_coperception_early_from_attentive.yaml,selective_random,grid,,,,,,,cov_coalition_game,6,60.0,6;15,15;6,6,"{""6"": 59}","{""6"": 4659, ""15"": 4813}",74544,4.145939933259177,10,40.0,100.0,,,,,2,ns3,899,0.5,10,12,28,,,[],[],,6,21,22,
2026_07_15_01_26_56,000124,17,all-cluster-heads,C:\Workspace\OpenCDA\docs\doc_workspace\SGCP\artifacts\early_from_late_checkpoint_20260719\enable_coperception_early_from_attentive.yaml,selective_random,grid,,,,,,,cov_coalition_game,6,60.0,3;16;17;18,17;18;3;16,18;3;16,"{""3"": 39, ""16"": 39, ""18"": 39}","{""3"": 3026, ""16"": 3007, ""17"": 5029, ""18"": 4317}",165600,9.210233592880979,10,40.0,100.0,,,,,2,ns3,899,0.5,10,12,28,,,[],[],,18;3;16,9,18,
2026_07_15_01_26_56,000124,20,all-cluster-heads,C:\Workspace\OpenCDA\docs\doc_workspace\SGCP\artifacts\early_from_late_checkpoint_20260719\enable_coperception_early_from_attentive.yaml,selective_random,grid,,,,,,,cov_coalition_game,6,60.0,5;9;20,20;9;5,9;5,"{""5"": 49, ""9"": 51}","{""5"": 1592, ""9"": 4806, ""20"": 4897}",102368,5.693437152391547,10,40.0,100.0,,,,,2,ns3,899,0.5,10,12,28,,,[],[],,9;5,19,28,
2026_07_15_01_26_56,000126,1,all-cluster-heads,C:\Workspace\OpenCDA\docs\doc_workspace\SGCP\artifacts\early_from_late_checkpoint_20260719\enable_coperception_early_from_attentive.yaml,selective_random,grid,,,,,,,cov_coalition_game,6,60.0,1;2;8;11,1;11;2;8,11;2;8,"{""2"": 39, ""8"": 39, ""11"": 39}","{""1"": 4926, ""2"": 2094, ""8"": 838, ""11"": 3862}",108704,6.045828698553949,10,40.0,100.0,,,,,2,ns3,899,0.5,10,12,28,,,[],[],,11;2;8,23,43,
2026_07_15_01_26_56,000126,12,all-cluster-heads,C:\Workspace\OpenCDA\docs\doc_workspace\SGCP\artifacts\early_from_late_checkpoint_20260719\enable_coperception_early_from_attentive.yaml,selective_random,grid,,,,,,,cov_coalition_game,6,60.0,4;7;12,12;7;4,7;4,"{""4"": 56, ""7"": 56}","{""4"": 4642, ""7"": 4871, ""12"": 4992}",152208,8.465406006674083,10,40.0,100.0,,,,,2,ns3,899,0.5,10,12,28,,,[],[],,7;4,24,41,
2026_07_15_01_26_56,000126,13,all-cluster-heads,C:\Workspace\OpenCDA\docs\doc_workspace\SGCP\artifacts\early_from_late_checkpoint_20260719\enable_coperception_early_from_attentive.yaml,selective_random,grid,,,,,,,cov_coalition_game,6,60.0,10;13;14;19,13;19;10;14,19;10;14,"{""10"": 39, ""14"": 39, ""19"": 39}","{""10"": 3332, ""13"": 4690, ""14"": 3025, ""19"": 4437}",172704,9.605339265850946,10,40.0,100.0,,,,,2,ns3,899,0.5,10,12,28,,,[],[],,19;10;14,10,30,
2026_07_15_01_26_56,000126,15,all-cluster-heads,C:\Workspace\OpenCDA\docs\doc_workspace\SGCP\artifacts\early_from_late_checkpoint_20260719\enable_coperception_early_from_attentive.yaml,selective_random,grid,,,,,,,cov_coalition_game,6,60.0,6;15,15;6,6,"{""6"": 61}","{""6"": 4734, ""15"": 4825}",75744,4.212680756395995,10,40.0,100.0,,,,,2,ns3,899,0.5,10,12,28,,,[],[],,6,20,23,
2026_07_15_01_26_56,000126,17,all-cluster-heads,C:\Workspace\OpenCDA\docs\doc_workspace\SGCP\artifacts\early_from_late_checkpoint_20260719\enable_coperception_early_from_attentive.yaml,selective_random,grid,,,,,,,cov_coalition_game,6,60.0,3;16;17;18,17;18;3;16,18;3;16,"{""3"": 39, ""16"": 39, ""18"": 39}","{""3"": 2807, ""16"": 2287, ""17"": 5026, ""18"": 4317}",150576,8.374638487208008,10,40.0,100.0,,,,,2,ns3,899,0.5,10,12,28,,,[],[],,18;3;16,9,17,
2026_07_15_01_26_56,000126,20,all-cluster-heads,C:\Workspace\OpenCDA\docs\doc_workspace\SGCP\artifacts\early_from_late_checkpoint_20260719\enable_coperception_early_from_attentive.yaml,selective_random,grid,,,,,,,cov_coalition_game,6,60.0,5;9;20,20;9;5,9;5,"{""5"": 52, ""9"": 52}","{""5"": 1604, ""9"": 4803, ""20"": 4899}",102512,5.701446051167965,10,40.0,100.0,,,,,2,ns3,899,0.5,10,12,28,,,[],[],,9;5,20,28,
2026_07_15_01_26_56,000128,1,all-cluster-heads,C:\Workspace\OpenCDA\docs\doc_workspace\SGCP\artifacts\early_from_late_checkpoint_20260719\enable_coperception_early_from_attentive.yaml,selective_random,grid,,,,,,,cov_coalition_game,6,60.0,1;2;8;11,1;8;2;11,8;2;11,"{""2"": 39, ""8"": 39, ""11"": 39}","{""1"": 4925, ""2"": 4171, ""8"": 4143, ""11"": 1574}",158208,8.799110122358176,10,40.0,100.0,,,,,2,ns3,899,0.5,10,12,28,,,[],[],,8;2;11,23,42,
2026_07_15_01_26_56,000128,12,all-cluster-heads,C:\Workspace\OpenCDA\docs\doc_workspace\SGCP\artifacts\early_from_late_checkpoint_20260719\enable_coperception_early_from_attentive.yaml,selective_random,grid,,,,,,,cov_coalition_game,6,60.0,4;7;12,12;7;4,7;4,"{""4"": 57, ""7"": 56}","{""4"": 4729, ""7"": 4875, ""12"": 4996}",153664,8.54638487208009,10,40.0,100.0,,,,,2,ns3,899,0.5,10,12,28,,,[],[],,7;4,23,39,
2026_07_15_01_26_56,000128,13,all-cluster-heads,C:\Workspace\OpenCDA\docs\doc_workspace\SGCP\artifacts\early_from_late_checkpoint_20260719\enable_coperception_early_from_attentive.yaml,selective_random,grid,,,,,,,cov_coalition_game,6,60.0,10;13;14;19,13;10;14;19,10;14;19,"{""10"": 39, ""14"": 39, ""19"": 39}","{""10"": 4430, ""13"": 4698, ""14"": 3366, ""19"": 834}",138080,7.6796440489432705,10,40.0,100.0,,,,,2,ns3,899,0.5,10,12,28,,,[],[],,10;14;19,15,30,
2026_07_15_01_26_56,000128,15,all-cluster-heads,C:\Workspace\OpenCDA\docs\doc_workspace\SGCP\artifacts\early_from_late_checkpoint_20260719\enable_coperception_early_from_attentive.yaml,selective_random,grid,,,,,,,cov_coalition_game,6,60.0,6;15,15;6,6,"{""6"": 60}","{""6"": 4734, ""15"": 4821}",75744,4.212680756395995,10,40.0,100.0,,,,,2,ns3,899,0.5,10,12,28,,,[],[],,6,20,23,
2026_07_15_01_26_56,000128,17,all-cluster-heads,C:\Workspace\OpenCDA\docs\doc_workspace\SGCP\artifacts\early_from_late_checkpoint_20260719\enable_coperception_early_from_attentive.yaml,selective_random,grid,,,,,,,cov_coalition_game,6,60.0,3;16;17;18,17;3;16;18,3;16;18,"{""3"": 39, ""16"": 39, ""18"": 39}","{""3"": 2847, ""16"": 3007, ""17"": 5026, ""18"": 771}",106000,5.89543937708565,10,40.0,100.0,,,,,2,ns3,899,0.5,10,12,28,,,[],[],,3;16;18,10,17,
2026_07_15_01_26_56,000128,20,all-cluster-heads,C:\Workspace\OpenCDA\docs\doc_workspace\SGCP\artifacts\early_from_late_checkpoint_20260719\enable_coperception_early_from_attentive.yaml,selective_random,grid,,,,,,,cov_coalition_game,6,60.0,5;9;20,20;9;5,9;5,"{""5"": 52, ""9"": 53}","{""5"": 1631, ""9"": 4801, ""20"": 4900}",102912,5.723692992213571,10,40.0,100.0,,,,,2,ns3,899,0.5,10,12,28,,,[],[],,9;5,21,28,
2026_07_15_01_26_56,000130,1,all-cluster-heads,C:\Workspace\OpenCDA\docs\doc_workspace\SGCP\artifacts\early_from_late_checkpoint_20260719\enable_coperception_early_from_attentive.yaml,selective_random,grid,,,,,,,cov_coalition_game,6,60.0,1;2;8;11,1;8;2;11,8;2;11,"{""2"": 39, ""8"": 39, ""11"": 39}","{""1"": 4928, ""2"": 4031, ""8"": 4299, ""11"": 3511}",189456,10.537041156840935,10,40.0,100.0,,,,,2,ns3,899,0.5,10,12,28,,,[],[],,8;2;11,20,42,
2026_07_15_01_26_56,000130,12,all-cluster-heads,C:\Workspace\OpenCDA\docs\doc_workspace\SGCP\artifacts\early_from_late_checkpoint_20260719\enable_coperception_early_from_attentive.yaml,selective_random,grid,,,,,,,cov_coalition_game,6,60.0,4;7;12,12;7;4,7;4,"{""4"": 56, ""7"": 56}","{""4"": 4730, ""7"": 4876, ""12"": 4999}",153696,8.548164627363738,10,40.0,100.0,,,,,2,ns3,899,0.5,10,12,28,,,[],[],,7;4,22,38,
2026_07_15_01_26_56,000130,13,all-cluster-heads,C:\Workspace\OpenCDA\docs\doc_workspace\SGCP\artifacts\early_from_late_checkpoint_20260719\enable_coperception_early_from_attentive.yaml,selective_random,grid,,,,,,,cov_coalition_game,6,60.0,10;13;14;19,13;19;10;14,19;10;14,"{""10"": 39, ""14"": 39, ""19"": 39}","{""10"": 3416, ""13"": 4679, ""14"": 2096, ""19"": 4460}",159552,8.873859844271413,10,40.0,100.0,,,,,2,ns3,899,0.5,10,12,28,,,[],[],,19;10;14,7,30,
2026_07_15_01_26_56,000130,15,all-cluster-heads,C:\Workspace\OpenCDA\docs\doc_workspace\SGCP\artifacts\early_from_late_checkpoint_20260719\enable_coperception_early_from_attentive.yaml,selective_random,grid,,,,,,,cov_coalition_game,6,60.0,6;15,15;6,6,"{""6"": 62}","{""6"": 4731, ""15"": 4809}",75696,4.210011123470522,10,40.0,100.0,,,,,2,ns3,899,0.5,10,12,28,,,[],[],,6,21,22,
2026_07_15_01_26_56,000130,17,all-cluster-heads,C:\Workspace\OpenCDA\docs\doc_workspace\SGCP\artifacts\early_from_late_checkpoint_20260719\enable_coperception_early_from_attentive.yaml,selective_random,grid,,,,,,,cov_coalition_game,6,60.0,3;16;17;18,17;18;3;16,18;3;16,"{""3"": 39, ""16"": 39, ""18"": 39}","{""3"": 2981, ""16"": 2744, ""17"": 5023, ""18"": 4508}",163728,9.106117908787542,10,40.0,100.0,,,,,2,ns3,899,0.5,10,12,28,,,[],[],,18;3;16,8,18,
2026_07_15_01_26_56,000130,20,all-cluster-heads,C:\Workspace\OpenCDA\docs\doc_workspace\SGCP\artifacts\early_from_late_checkpoint_20260719\enable_coperception_early_from_attentive.yaml,selective_random,grid,,,,,,,cov_coalition_game,6,60.0,5;9;20,20;9;5,9;5,"{""5"": 51, ""9"": 53}","{""5"": 1608, ""9"": 4799, ""20"": 4900}",102512,5.701446051167965,10,40.0,100.0,,,,,2,ns3,899,0.5,10,12,28,,,[],[],,9;5,19,27,
2026_07_15_01_26_56,000132,4,all-cluster-heads,C:\Workspace\OpenCDA\docs\doc_workspace\SGCP\artifacts\early_from_late_checkpoint_20260719\enable_coperception_early_from_attentive.yaml,selective_random,grid,,,,,,,cov_coalition_game,6,60.0,4;7;8;12,4;12;7;8,12;7;8,"{""7"": 39, ""8"": 39, ""12"": 39}","{""4"": 4850, ""7"": 2280, ""8"": 1312, ""12"": 4156}",123968,6.894771968854283,10,40.0,100.0,,,,,2,ns3,899,0.5,10,12,28,,,[],[],,12;7;8,22,42,
2026_07_15_01_26_56,000132,11,all-cluster-heads,C:\Workspace\OpenCDA\docs\doc_workspace\SGCP\artifacts\early_from_late_checkpoint_20260719\enable_coperception_early_from_attentive.yaml,selective_random,grid,,,,,,,cov_coalition_game,6,60.0,1;2;11;19,11;1;2;19,1;2;19,"{""1"": 39, ""2"": 39, ""19"": 39}","{""1"": 3852, ""2"": 1787, ""11"": 4910, ""19"": 1176}",109040,6.064516129032258,10,40.0,100.0,,,,,2,ns3,899,0.5,10,12,28,,,[],[],,1;2;19,19,46,
2026_07_15_01_26_56,000132,13,all-cluster-heads,C:\Workspace\OpenCDA\docs\doc_workspace\SGCP\artifacts\early_from_late_checkpoint_20260719\enable_coperception_early_from_attentive.yaml,selective_random,grid,,,,,,,cov_coalition_game,6,60.0,9;10;13;14,13;9;14;10,9;14;10,"{""9"": 39, ""10"": 39, ""14"": 39}","{""9"": 3268, ""10"": 3266, ""13"": 4705, ""14"": 3061}",153520,8.53837597330367,10,40.0,100.0,,,,,2,ns3,899,0.5,10,12,28,,,[],[],,9;14;10,16,31,
2026_07_15_01_26_56,000132,15,all-cluster-heads,C:\Workspace\OpenCDA\docs\doc_workspace\SGCP\artifacts\early_from_late_checkpoint_20260719\enable_coperception_early_from_attentive.yaml,selective_random,grid,,,,,,,cov_coalition_game,6,60.0,6;15,15;6,6,"{""6"": 60}","{""6"": 4728, ""15"": 4844}",75648,4.2073414905450495,10,40.0,100.0,,,,,2,ns3,899,0.5,10,12,28,,,[],[],,6,19,22,
2026_07_15_01_26_56,000132,17,all-cluster-heads,C:\Workspace\OpenCDA\docs\doc_workspace\SGCP\artifacts\early_from_late_checkpoint_20260719\enable_coperception_early_from_attentive.yaml,selective_random,grid,,,,,,,cov_coalition_game,6,60.0,3;16;17;18,17;3;16;18,3;16;18,"{""3"": 39, ""16"": 39, ""18"": 39}","{""3"": 3940, ""16"": 1948, ""17"": 5022, ""18"": 1127}",112240,6.2424916573971085,10,40.0,100.0,,,,,2,ns3,899,0.5,10,12,28,,,[],[],,3;16;18,8,18,
2026_07_15_01_26_56,000132,20,all-cluster-heads,C:\Workspace\OpenCDA\docs\doc_workspace\SGCP\artifacts\early_from_late_checkpoint_20260719\enable_coperception_early_from_attentive.yaml,selective_random,grid,,,,,,,cov_coalition_game,6,60.0,5;20,20;5,5,"{""5"": 53}","{""5"": 1633, ""20"": 4901}",26128,1.453170189098999,10,40.0,100.0,,,,,2,ns3,899,0.5,10,12,28,,,[],[],,5,19,27,
2026_07_15_01_26_56,000134,4,all-cluster-heads,C:\Workspace\OpenCDA\docs\doc_workspace\SGCP\artifacts\early_from_late_checkpoint_20260719\enable_coperception_early_from_attentive.yaml,selective_random,grid,,,,,,,cov_coalition_game,6,60.0,4;7;8;12,4;8;12;7,8;12;7,"{""7"": 39, ""8"": 39, ""12"": 39}","{""4"": 4848, ""7"": 4389, ""8"": 4390, ""12"": 4189}",207488,11.539933259176863,10,40.0,100.0,,,,,2,ns3,899,0.5,10,12,28,,,[],[],,8;12;7,26,42,
2026_07_15_01_26_56,000134,11,all-cluster-heads,C:\Workspace\OpenCDA\docs\doc_workspace\SGCP\artifacts\early_from_late_checkpoint_20260719\enable_coperception_early_from_attentive.yaml,selective_random,grid,,,,,,,cov_coalition_game,6,60.0,1;2;11;19,11;1;2;19,1;2;19,"{""1"": 39, ""2"": 39, ""19"": 39}","{""1"": 4646, ""2"": 1902, ""11"": 4909, ""19"": 1169}",123472,6.867185761957731,10,40.0,100.0,,,,,2,ns3,899,0.5,10,12,28,,,[],[],,1;2;19,22,46,
2026_07_15_01_26_56,000134,13,all-cluster-heads,C:\Workspace\OpenCDA\docs\doc_workspace\SGCP\artifacts\early_from_late_checkpoint_20260719\enable_coperception_early_from_attentive.yaml,selective_random,grid,,,,,,,cov_coalition_game,6,60.0,9;10;13;14,13;9;10;14,9;10;14,"{""9"": 39, ""10"": 39, ""14"": 39}","{""9"": 4281, ""10"": 4522, ""13"": 4701, ""14"": 2771}",185184,10.29944382647386,10,40.0,100.0,,,,,2,ns3,899,0.5,10,12,28,,,[],[],,9;10;14,11,31,
2026_07_15_01_26_56,000134,15,all-cluster-heads,C:\Workspace\OpenCDA\docs\doc_workspace\SGCP\artifacts\early_from_late_checkpoint_20260719\enable_coperception_early_from_attentive.yaml,selective_random,grid,,,,,,,cov_coalition_game,6,60.0,6;15,15;6,6,"{""6"": 58}","{""6"": 4721, ""15"": 4817}",75536,4.20111234705228,10,40.0,100.0,,,,,2,ns3,899,0.5,10,12,28,,,[],[],,6,18,25,
2026_07_15_01_26_56,000134,17,all-cluster-heads,C:\Workspace\OpenCDA\docs\doc_workspace\SGCP\artifacts\early_from_late_checkpoint_20260719\enable_coperception_early_from_attentive.yaml,selective_random,grid,,,,,,,cov_coalition_game,6,60.0,3;16;17;18,17;18;3;16,18;3;16,"{""3"": 39, ""16"": 39, ""18"": 39}","{""3"": 2254, ""16"": 2367, ""17"": 5034, ""18"": 4126}",139952,7.783759733036707,10,40.0,100.0,,,,,2,ns3,899,0.5,10,12,28,,,[],[],,18;3;16,10,18,
2026_07_15_01_26_56,000134,20,all-cluster-heads,C:\Workspace\OpenCDA\docs\doc_workspace\SGCP\artifacts\early_from_late_checkpoint_20260719\enable_coperception_early_from_attentive.yaml,selective_random,grid,,,,,,,cov_coalition_game,6,60.0,5;20,20;5,5,"{""5"": 54}","{""5"": 1630, ""20"": 4905}",26080,1.450500556173526,10,40.0,100.0,,,,,2,ns3,899,0.5,10,12,28,,,[],[],,5,19,27,
2026_07_15_01_26_56,000136,2,all-cluster-heads,C:\Workspace\OpenCDA\docs\doc_workspace\SGCP\artifacts\early_from_late_checkpoint_20260719\enable_coperception_early_from_attentive.yaml,selective_random,grid,,,,,,,cov_coalition_game,6,60.0,2;6;15,2;15;6,15;6,"{""6"": 59, ""15"": 50}","{""2"": 4856, ""6"": 4697, ""15"": 4788}",151760,8.440489432703002,10,40.0,100.0,,,,,2,ns3,899,0.5,10,12,28,,,[],[],,15;6,25,38,
2026_07_15_01_26_56,000136,11,all-cluster-heads,C:\Workspace\OpenCDA\docs\doc_workspace\SGCP\artifacts\early_from_late_checkpoint_20260719\enable_coperception_early_from_attentive.yaml,selective_random,grid,,,,,,,cov_coalition_game,6,60.0,1;8;11;19,11;8;1;19,8;1;19,"{""1"": 39, ""8"": 39, ""19"": 39}","{""1"": 4624, ""8"": 4525, ""11"": 4911, ""19"": 1219}",165888,9.226251390433815,10,40.0,100.0,,,,,2,ns3,899,0.5,10,12,28,,,[],[],,8;1;19,20,41,
2026_07_15_01_26_56,000136,12,all-cluster-heads,C:\Workspace\OpenCDA\docs\doc_workspace\SGCP\artifacts\early_from_late_checkpoint_20260719\enable_coperception_early_from_attentive.yaml,selective_random,grid,,,,,,,cov_coalition_game,6,60.0,4;7;12,12;7;4,7;4,"{""4"": 55, ""7"": 58}","{""4"": 4745, ""7"": 4882, ""12"": 5003}",154032,8.566852057842047,10,40.0,100.0,,,,,2,ns3,899,0.5,10,12,28,,,[],[],,7;4,24,39,
2026_07_15_01_26_56,000136,13,all-cluster-heads,C:\Workspace\OpenCDA\docs\doc_workspace\SGCP\artifacts\early_from_late_checkpoint_20260719\enable_coperception_early_from_attentive.yaml,selective_random,grid,,,,,,,cov_coalition_game,6,60.0,9;10;13;14,13;9;10;14,9;10;14,"{""9"": 39, ""10"": 39, ""14"": 39}","{""9"": 3896, ""10"": 4532, ""13"": 4710, ""14"": 3207}",186160,10.353726362625139,10,40.0,100.0,,,,,2,ns3,899,0.5,10,12,28,,,[],[],,9;10;14,13,31,
2026_07_15_01_26_56,000136,17,all-cluster-heads,C:\Workspace\OpenCDA\docs\doc_workspace\SGCP\artifacts\early_from_late_checkpoint_20260719\enable_coperception_early_from_attentive.yaml,selective_random,grid,,,,,,,cov_coalition_game,6,60.0,3;16;17;18,17;18;3;16,18;3;16,"{""3"": 39, ""16"": 39, ""18"": 39}","{""3"": 2769, ""16"": 2833, ""17"": 5030, ""18"": 2026}",122048,6.787986651835372,10,40.0,100.0,,,,,2,ns3,899,0.5,10,12,28,,,[],[],,18;3;16,11,18,
2026_07_15_01_26_56,000136,20,all-cluster-heads,C:\Workspace\OpenCDA\docs\doc_workspace\SGCP\artifacts\early_from_late_checkpoint_20260719\enable_coperception_early_from_attentive.yaml,selective_random,grid,,,,,,,cov_coalition_game,6,60.0,5;20,20;5,5,"{""5"": 54}","{""5"": 1637, ""20"": 4909}",26192,1.456729699666296,10,40.0,100.0,,,,,2,ns3,899,0.5,10,12,28,,,[],[],,5,21,27,
2026_07_15_01_26_56,000138,2,all-cluster-heads,C:\Workspace\OpenCDA\docs\doc_workspace\SGCP\artifacts\early_from_late_checkpoint_20260719\enable_coperception_early_from_attentive.yaml,selective_random,grid,,,,,,,cov_coalition_game,6,60.0,2;6;15,2;15;6,15;6,"{""6"": 59, ""15"": 51}","{""2"": 4857, ""6"": 4679, ""15"": 4786}",151440,8.422691879866518,10,40.0,100.0,,,,,2,ns3,899,0.5,10,12,28,,,[],[],,15;6,25,38,
2026_07_15_01_26_56,000138,11,all-cluster-heads,C:\Workspace\OpenCDA\docs\doc_workspace\SGCP\artifacts\early_from_late_checkpoint_20260719\enable_coperception_early_from_attentive.yaml,selective_random,grid,,,,,,,cov_coalition_game,6,60.0,1;8;11;19,11;8;1;19,8;1;19,"{""1"": 39, ""8"": 39, ""19"": 39}","{""1"": 2428, ""8"": 4295, ""11"": 4909, ""19"": 1161}",126144,7.015795328142381,10,40.0,100.0,,,,,2,ns3,899,0.5,10,12,28,,,[],[],,8;1;19,24,42,
2026_07_15_01_26_56,000138,12,all-cluster-heads,C:\Workspace\OpenCDA\docs\doc_workspace\SGCP\artifacts\early_from_late_checkpoint_20260719\enable_coperception_early_from_attentive.yaml,selective_random,grid,,,,,,,cov_coalition_game,6,60.0,4;7;12,12;7;4,7;4,"{""4"": 54, ""7"": 58}","{""4"": 4750, ""7"": 4883, ""12"": 4989}",154128,8.572191323692993,10,40.0,100.0,,,,,2,ns3,899,0.5,10,12,28,,,[],[],,7;4,22,39,
2026_07_15_01_26_56,000138,13,all-cluster-heads,C:\Workspace\OpenCDA\docs\doc_workspace\SGCP\artifacts\early_from_late_checkpoint_20260719\enable_coperception_early_from_attentive.yaml,selective_random,grid,,,,,,,cov_coalition_game,6,60.0,9;10;13;14,13;9;14;10,9;14;10,"{""9"": 39, ""10"": 39, ""14"": 39}","{""9"": 4577, ""10"": 1762, ""13"": 4698, ""14"": 3706}",160720,8.938820912124582,10,40.0,100.0,,,,,2,ns3,899,0.5,10,12,28,,,[],[],,9;14;10,16,31,
2026_07_15_01_26_56,000138,17,all-cluster-heads,C:\Workspace\OpenCDA\docs\doc_workspace\SGCP\artifacts\early_from_late_checkpoint_20260719\enable_coperception_early_from_attentive.yaml,selective_random,grid,,,,,,,cov_coalition_game,6,60.0,3;16;17;18,17;18;3;16,18;3;16,"{""3"": 39, ""16"": 39, ""18"": 39}","{""3"": 3764, ""16"": 2657, ""17"": 5027, ""18"": 4254}",170800,9.49944382647386,10,40.0,100.0,,,,,2,ns3,899,0.5,10,12,28,,,[],[],,18;3;16,9,18,
2026_07_15_01_26_56,000138,20,all-cluster-heads,C:\Workspace\OpenCDA\docs\doc_workspace\SGCP\artifacts\early_from_late_checkpoint_20260719\enable_coperception_early_from_attentive.yaml,selective_random,grid,,,,,,,cov_coalition_game,6,60.0,5;20,20;5,5,"{""5"": 52}","{""5"": 1639, ""20"": 4910}",26224,1.4585094549499444,10,40.0,100.0,,,,,2,ns3,899,0.5,10,12,28,,,[],[],,5,20,27,
2026_07_15_01_26_56,000140,4,all-cluster-heads,C:\Workspace\OpenCDA\docs\doc_workspace\SGCP\artifacts\early_from_late_checkpoint_20260719\enable_coperception_early_from_attentive.yaml,selective_random,grid,,,,,,,cov_coalition_game,6,60.0,4;7;8;12,4;8;12;7,8;12;7,"{""7"": 39, ""8"": 39, ""12"": 39}","{""4"": 4847, ""7"": 3621, ""8"": 4415, ""12"": 4439}",199600,11.101223581757509,10,40.0,100.0,,,,,2,ns3,899,0.5,10,12,28,,,[],[],,8;12;7,25,43,
2026_07_15_01_26_56,000140,11,all-cluster-heads,C:\Workspace\OpenCDA\docs\doc_workspace\SGCP\artifacts\early_from_late_checkpoint_20260719\enable_coperception_early_from_attentive.yaml,selective_random,grid,,,,,,,cov_coalition_game,6,60.0,1;2;11;19,11;19;1;2,19;1;2,"{""1"": 39, ""2"": 39, ""19"": 39}","{""1"": 4622, ""2"": 2035, ""11"": 4910, ""19"": 4361}",176288,9.804671857619576,10,40.0,100.0,,,,,2,ns3,899,0.5,10,12,28,,,[],[],,19;1;2,22,46,
2026_07_15_01_26_56,000140,13,all-cluster-heads,C:\Workspace\OpenCDA\docs\doc_workspace\SGCP\artifacts\early_from_late_checkpoint_20260719\enable_coperception_early_from_attentive.yaml,selective_random,grid,,,,,,,cov_coalition_game,6,60.0,9;10;13;14,13;9;10;14,9;10;14,"{""9"": 39, ""10"": 39, ""14"": 39}","{""9"": 4456, ""10"": 2975, ""13"": 4683, ""14"": 1795}",147616,8.210011123470524,10,40.0,100.0,,,,,2,ns3,899,0.5,10,12,28,,,[],[],,9;10;14,14,30,
2026_07_15_01_26_56,000140,15,all-cluster-heads,C:\Workspace\OpenCDA\docs\doc_workspace\SGCP\artifacts\early_from_late_checkpoint_20260719\enable_coperception_early_from_attentive.yaml,selective_random,grid,,,,,,,cov_coalition_game,6,60.0,6;15,15;6,6,"{""6"": 61}","{""6"": 4703, ""15"": 4825}",75248,4.185094549499444,10,40.0,100.0,,,,,2,ns3,899,0.5,10,12,28,,,[],[],,6,17,24,
2026_07_15_01_26_56,000140,17,all-cluster-heads,C:\Workspace\OpenCDA\docs\doc_workspace\SGCP\artifacts\early_from_late_checkpoint_20260719\enable_coperception_early_from_attentive.yaml,selective_random,grid,,,,,,,cov_coalition_game,6,60.0,3;16;17;18,17;18;16;3,18;16;3,"{""3"": 39, ""16"": 39, ""18"": 39}","{""3"": 1552, ""16"": 2606, ""17"": 5029, ""18"": 4073}",131696,7.324582869855395,10,40.0,100.0,,,,,2,ns3,899,0.5,10,12,28,,,[],[],,18;16;3,10,18,
2026_07_15_01_26_56,000140,20,all-cluster-heads,C:\Workspace\OpenCDA\docs\doc_workspace\SGCP\artifacts\early_from_late_checkpoint_20260719\enable_coperception_early_from_attentive.yaml,selective_random,grid,,,,,,,cov_coalition_game,6,60.0,5;20,20;5,5,"{""5"": 53}","{""5"": 1652, ""20"": 4909}",26432,1.4700778642936596,10,40.0,100.0,,,,,2,ns3,899,0.5,10,12,28,,,[],[],,5,19,26,
