scenario_id,timestamp,receiver_id,receiver_policy,resource_allocation,upload_mode,grid_selection_mode,grid_score_mode,coverage_fallback,coverage_fallback_replacements,routing_hint_replacements,routing_hints_csv,clustering,cluster_count,selective_frame_deadline_ms,cluster_member_ids,source_cav_ids,uploaded_source_ids,selected_grid_counts_json,point_counts_json,communication_bytes,frame_comm_time_ms,num_channels,bandwidth_mhz,communication_deadline_ms,channel_estimator,ns3_tb_size_bytes,ns3_slot_duration_ms,ns3_subchannel_prbs,ns3_symbols_per_slot,ns3_mcs,pcs_rounds_requested,pcs_rounds_accepted,pcs_round_comm_time_ms_json,pcs_round_comm_bytes_json,channel_allocation,missing_channel_sources,pred_boxes,gt_boxes,skipped
2026_07_15_01_26_56,000060,1,all-cluster-heads,perception_aware_potential_game,grid,utility,utility,none,0,0,,coalition_game,11,,1;8,1;8,8,"{""8"": 37}","{""1"": 4918, ""8"": 4793}",76688,42.65183537263626,10,40.0,60.0,ns3,899,0.5,10,12,28,,,[],[],8>1:0,,7,33,
2026_07_15_01_26_56,000060,5,all-cluster-heads,perception_aware_potential_game,grid,utility,utility,none,0,0,,coalition_game,11,,5;7,5;7,7,"{""7"": 37}","{""5"": 4909, ""7"": 4806}",76896,42.767519466073416,10,40.0,60.0,ns3,899,0.5,10,12,28,,,[],[],7>5:1,,9,16,
2026_07_15_01_26_56,000060,10,all-cluster-heads,perception_aware_potential_game,grid,utility,utility,none,0,0,,coalition_game,11,,10;13,10;13,13,"{""13"": 37}","{""10"": 4953, ""13"": 4745}",75920,42.224694104560626,10,40.0,60.0,ns3,899,0.5,10,12,28,,,[],[],13>10:2,,6,34,
2026_07_15_01_26_56,000060,11,all-cluster-heads,perception_aware_potential_game,grid,utility,utility,none,0,0,,coalition_game,11,,2;11,11;2,2,"{""2"": 37}","{""2"": 4795, ""11"": 4909}",76720,42.66963292547275,10,40.0,60.0,ns3,899,0.5,10,12,28,,,[],[],2>11:3,,15,32,
2026_07_15_01_26_56,000060,12,all-cluster-heads,perception_aware_potential_game,grid,utility,utility,none,0,0,,coalition_game,11,,4;12,12;4,4,"{""4"": 37}","{""4"": 4808, ""12"": 4891}",76928,42.7853170189099,10,40.0,60.0,ns3,899,0.5,10,12,28,,,[],[],4>12:4,,14,34,
2026_07_15_01_26_56,000060,14,all-cluster-heads,perception_aware_potential_game,grid,utility,utility,none,0,0,,coalition_game,11,,14,14,,{},"{""14"": 5044}",0,0.0,10,40.0,60.0,ns3,899,0.5,10,12,28,,,[],[],,,0,0,
2026_07_15_01_26_56,000060,15,all-cluster-heads,perception_aware_potential_game,grid,utility,utility,none,0,0,,coalition_game,11,,6;15,15;6,6,"{""6"": 37}","{""6"": 4464, ""15"": 4740}",71424,39.724137931034484,10,40.0,60.0,ns3,899,0.5,10,12,28,,,[],[],6>15:5,,13,17,
2026_07_15_01_26_56,000060,16,all-cluster-heads,perception_aware_potential_game,grid,utility,utility,none,0,0,,coalition_game,11,,16;20,16;20,20,"{""20"": 37}","{""16"": 4857, ""20"": 4854}",77664,43.19466073414905,10,40.0,60.0,ns3,899,0.5,10,12,28,,,[],[],20>16:6,,7,26,
2026_07_15_01_26_56,000060,17,all-cluster-heads,perception_aware_potential_game,grid,utility,utility,none,0,0,,coalition_game,11,,3;17,17;3,3,"{""3"": 37}","{""3"": 4841, ""17"": 4967}",77456,43.07897664071191,10,40.0,60.0,ns3,899,0.5,10,12,28,,,[],[],3>17:7,,4,16,
2026_07_15_01_26_56,000060,18,all-cluster-heads,perception_aware_potential_game,grid,utility,utility,none,0,0,,coalition_game,11,,18,18,,{},"{""18"": 5003}",0,0.0,10,40.0,60.0,ns3,899,0.5,10,12,28,,,[],[],,,0,5,
2026_07_15_01_26_56,000060,19,all-cluster-heads,perception_aware_potential_game,grid,utility,utility,none,0,0,,coalition_game,11,,9;19,19;9,9,"{""9"": 37}","{""9"": 4839, ""19"": 4844}",77424,43.06117908787542,10,40.0,60.0,ns3,899,0.5,10,12,28,,,[],[],9>19:8,,5,15,
2026_07_15_01_26_56,000062,1,all-cluster-heads,perception_aware_potential_game,grid,utility,utility,none,0,0,,coalition_game,11,,1;11,1;11,11,"{""11"": 37}","{""1"": 4921, ""11"": 4837}",77392,43.04338153503893,10,40.0,60.0,ns3,899,0.5,10,12,28,,,[],[],11>1:0,,16,29,
2026_07_15_01_26_56,000062,2,all-cluster-heads,perception_aware_potential_game,grid,utility,utility,none,0,0,,coalition_game,11,,2;8,2;8,8,"{""8"": 37}","{""2"": 4862, ""8"": 4792}",76672,42.64293659621802,10,40.0,60.0,ns3,899,0.5,10,12,28,,,[],[],8>2:1,,13,40,
2026_07_15_01_26_56,000062,5,all-cluster-heads,perception_aware_potential_game,grid,utility,utility,none,0,0,,coalition_game,11,,5;7,5;7,7,"{""7"": 37}","{""5"": 4912, ""7"": 4804}",76864,42.749721913236925,10,40.0,60.0,ns3,899,0.5,10,12,28,,,[],[],7>5:2,,12,16,
2026_07_15_01_26_56,000062,10,all-cluster-heads,perception_aware_potential_game,grid,utility,utility,none,0,0,,coalition_game,11,,10;13,10;13,13,"{""13"": 37}","{""10"": 4955, ""13"": 4746}",75936,42.23359288097887,10,40.0,60.0,ns3,899,0.5,10,12,28,,,[],[],13>10:3,,6,33,
2026_07_15_01_26_56,000062,12,all-cluster-heads,perception_aware_potential_game,grid,utility,utility,none,0,0,,coalition_game,11,,4;12,12;4,4,"{""4"": 37}","{""4"": 4784, ""12"": 4894}",76544,42.57174638487208,10,40.0,60.0,ns3,899,0.5,10,12,28,,,[],[],4>12:4,,11,35,
2026_07_15_01_26_56,000062,14,all-cluster-heads,perception_aware_potential_game,grid,utility,utility,none,0,0,,coalition_game,11,,14,14,,{},"{""14"": 5042}",0,0.0,10,40.0,60.0,ns3,899,0.5,10,12,28,,,[],[],,,0,0,
2026_07_15_01_26_56,000062,15,all-cluster-heads,perception_aware_potential_game,grid,utility,utility,none,0,0,,coalition_game,11,,6;15,15;6,6,"{""6"": 37}","{""6"": 4467, ""15"": 4745}",71472,39.75083426028921,10,40.0,60.0,ns3,899,0.5,10,12,28,,,[],[],6>15:5,,12,17,
2026_07_15_01_26_56,000062,16,all-cluster-heads,perception_aware_potential_game,grid,utility,utility,none,0,0,,coalition_game,11,,16;20,16;20,20,"{""20"": 37}","{""16"": 4866, ""20"": 4853}",77648,43.18576195773081,10,40.0,60.0,ns3,899,0.5,10,12,28,,,[],[],20>16:6,,8,26,
2026_07_15_01_26_56,000062,17,all-cluster-heads,perception_aware_potential_game,grid,utility,utility,none,0,0,,coalition_game,11,,3;17,17;3,3,"{""3"": 37}","{""3"": 4832, ""17"": 4985}",77312,42.998887652947715,10,40.0,60.0,ns3,899,0.5,10,12,28,,,[],[],3>17:7,,3,15,
2026_07_15_01_26_56,000062,18,all-cluster-heads,perception_aware_potential_game,grid,utility,utility,none,0,0,,coalition_game,11,,18,18,,{},"{""18"": 5017}",0,0.0,10,40.0,60.0,ns3,899,0.5,10,12,28,,,[],[],,,0,5,
2026_07_15_01_26_56,000062,19,all-cluster-heads,perception_aware_potential_game,grid,utility,utility,none,0,0,,coalition_game,11,,9;19,19;9,9,"{""9"": 37}","{""9"": 4840, ""19"": 4823}",77440,43.070077864293665,10,40.0,60.0,ns3,899,0.5,10,12,28,,,[],[],9>19:8,,4,15,
2026_07_15_01_26_56,000064,1,all-cluster-heads,perception_aware_potential_game,grid,utility,utility,none,0,0,,coalition_game,11,,1;11,1;11,11,"{""11"": 37}","{""1"": 4921, ""11"": 4837}",77392,43.04338153503893,10,40.0,60.0,ns3,899,0.5,10,12,28,,,[],[],11>1:0,,16,28,
2026_07_15_01_26_56,000064,2,all-cluster-heads,perception_aware_potential_game,grid,utility,utility,none,0,0,,coalition_game,11,,2;8,2;8,8,"{""8"": 37}","{""2"": 4878, ""8"": 4793}",76688,42.65183537263626,10,40.0,60.0,ns3,899,0.5,10,12,28,,,[],[],8>2:1,,15,42,
2026_07_15_01_26_56,000064,5,all-cluster-heads,perception_aware_potential_game,grid,utility,utility,none,0,0,,coalition_game,11,,5;7,5;7,7,"{""7"": 37}","{""5"": 4913, ""7"": 4812}",76992,42.82091212458287,10,40.0,60.0,ns3,899,0.5,10,12,28,,,[],[],7>5:2,,11,17,
2026_07_15_01_26_56,000064,10,all-cluster-heads,perception_aware_potential_game,grid,utility,utility,none,0,0,,coalition_game,11,,10;13,10;13,13,"{""13"": 37}","{""10"": 4948, ""13"": 4745}",75920,42.224694104560626,10,40.0,60.0,ns3,899,0.5,10,12,28,,,[],[],13>10:3,,8,32,
2026_07_15_01_26_56,000064,12,all-cluster-heads,perception_aware_potential_game,grid,utility,utility,none,0,0,,coalition_game,11,,4;12,12;4,4,"{""4"": 37}","{""4"": 4798, ""12"": 4896}",76768,42.69632925472747,10,40.0,60.0,ns3,899,0.5,10,12,28,,,[],[],4>12:4,,7,35,
2026_07_15_01_26_56,000064,14,all-cluster-heads,perception_aware_potential_game,grid,utility,utility,none,0,0,,coalition_game,11,,14,14,,{},"{""14"": 5060}",0,0.0,10,40.0,60.0,ns3,899,0.5,10,12,28,,,[],[],,,0,0,
2026_07_15_01_26_56,000064,15,all-cluster-heads,perception_aware_potential_game,grid,utility,utility,none,0,0,,coalition_game,11,,6;15,15;6,6,"{""6"": 37}","{""6"": 4495, ""15"": 4750}",71920,40.0,10,40.0,60.0,ns3,899,0.5,10,12,28,,,[],[],6>15:5,,12,17,
2026_07_15_01_26_56,000064,16,all-cluster-heads,perception_aware_potential_game,grid,utility,utility,none,0,0,,coalition_game,11,,16;20,16;20,20,"{""20"": 37}","{""16"": 4850, ""20"": 4853}",77648,43.18576195773081,10,40.0,60.0,ns3,899,0.5,10,12,28,,,[],[],20>16:6,,9,26,
2026_07_15_01_26_56,000064,17,all-cluster-heads,perception_aware_potential_game,grid,utility,utility,none,0,0,,coalition_game,11,,3;17,17;3,3,"{""3"": 37}","{""3"": 4822, ""17"": 4966}",77152,42.909899888765295,10,40.0,60.0,ns3,899,0.5,10,12,28,,,[],[],3>17:7,,4,15,
2026_07_15_01_26_56,000064,18,all-cluster-heads,perception_aware_potential_game,grid,utility,utility,none,0,0,,coalition_game,11,,18,18,,{},"{""18"": 5016}",0,0.0,10,40.0,60.0,ns3,899,0.5,10,12,28,,,[],[],,,0,5,
2026_07_15_01_26_56,000064,19,all-cluster-heads,perception_aware_potential_game,grid,utility,utility,none,0,0,,coalition_game,11,,9;19,19;9,9,"{""9"": 37}","{""9"": 4838, ""19"": 4819}",77408,43.052280311457174,10,40.0,60.0,ns3,899,0.5,10,12,28,,,[],[],9>19:8,,4,15,
2026_07_15_01_26_56,000066,1,all-cluster-heads,perception_aware_potential_game,grid,utility,utility,none,0,0,,coalition_game,11,,1;11,1;11,11,"{""11"": 37}","{""1"": 4922, ""11"": 4836}",77376,43.03448275862069,10,40.0,60.0,ns3,899,0.5,10,12,28,,,[],[],11>1:0,,16,30,
2026_07_15_01_26_56,000066,2,all-cluster-heads,perception_aware_potential_game,grid,utility,utility,none,0,0,,coalition_game,11,,2;8,2;8,8,"{""8"": 37}","{""2"": 4878, ""8"": 4791}",76656,42.63403781979978,10,40.0,60.0,ns3,899,0.5,10,12,28,,,[],[],8>2:1,,15,42,
2026_07_15_01_26_56,000066,5,all-cluster-heads,perception_aware_potential_game,grid,utility,utility,none,0,0,,coalition_game,11,,5;7,5;7,7,"{""7"": 37}","{""5"": 4912, ""7"": 4800}",76800,42.71412680756396,10,40.0,60.0,ns3,899,0.5,10,12,28,,,[],[],7>5:2,,10,17,
2026_07_15_01_26_56,000066,10,all-cluster-heads,perception_aware_potential_game,grid,utility,utility,none,0,0,,coalition_game,11,,10;13,10;13,13,"{""13"": 37}","{""10"": 4946, ""13"": 4745}",75920,42.224694104560626,10,40.0,60.0,ns3,899,0.5,10,12,28,,,[],[],13>10:3,,6,33,
2026_07_15_01_26_56,000066,12,all-cluster-heads,perception_aware_potential_game,grid,utility,utility,none,0,0,,coalition_game,11,,4;12,12;4,4,"{""4"": 37}","{""4"": 4791, ""12"": 4884}",76656,42.63403781979978,10,40.0,60.0,ns3,899,0.5,10,12,28,,,[],[],4>12:4,,7,34,
2026_07_15_01_26_56,000066,14,all-cluster-heads,perception_aware_potential_game,grid,utility,utility,none,0,0,,coalition_game,11,,14,14,,{},"{""14"": 5042}",0,0.0,10,40.0,60.0,ns3,899,0.5,10,12,28,,,[],[],,,0,0,
2026_07_15_01_26_56,000066,15,all-cluster-heads,perception_aware_potential_game,grid,utility,utility,none,0,0,,coalition_game,11,,6;15,15;6,6,"{""6"": 37}","{""6"": 4493, ""15"": 4740}",71888,39.982202447163516,10,40.0,60.0,ns3,899,0.5,10,12,28,,,[],[],6>15:5,,12,17,
2026_07_15_01_26_56,000066,16,all-cluster-heads,perception_aware_potential_game,grid,utility,utility,none,0,0,,coalition_game,11,,16;20,16;20,20,"{""20"": 37}","{""16"": 4854, ""20"": 4854}",77664,43.19466073414905,10,40.0,60.0,ns3,899,0.5,10,12,28,,,[],[],20>16:6,,8,25,
2026_07_15_01_26_56,000066,17,all-cluster-heads,perception_aware_potential_game,grid,utility,utility,none,0,0,,coalition_game,11,,3;17,17;3,3,"{""3"": 37}","{""3"": 4826, ""17"": 4984}",77216,42.94549499443826,10,40.0,60.0,ns3,899,0.5,10,12,28,,,[],[],3>17:7,,3,15,
2026_07_15_01_26_56,000066,18,all-cluster-heads,perception_aware_potential_game,grid,utility,utility,none,0,0,,coalition_game,11,,18,18,,{},"{""18"": 5001}",0,0.0,10,40.0,60.0,ns3,899,0.5,10,12,28,,,[],[],,,0,5,
2026_07_15_01_26_56,000066,19,all-cluster-heads,perception_aware_potential_game,grid,utility,utility,none,0,0,,coalition_game,11,,9;19,19;9,9,"{""9"": 37}","{""9"": 4838, ""19"": 4818}",77408,43.052280311457174,10,40.0,60.0,ns3,899,0.5,10,12,28,,,[],[],9>19:8,,3,15,
2026_07_15_01_26_56,000068,1,all-cluster-heads,perception_aware_potential_game,grid,utility,utility,none,0,0,,coalition_game,10,,1;11,1;11,11,"{""11"": 37}","{""1"": 4924, ""11"": 4837}",77392,43.04338153503893,10,40.0,60.0,ns3,899,0.5,10,12,28,,,[],[],11>1:0,,15,30,
2026_07_15_01_26_56,000068,2,all-cluster-heads,perception_aware_potential_game,grid,utility,utility,none,0,0,,coalition_game,10,,2;8,2;8,8,"{""8"": 37}","{""2"": 4870, ""8"": 4791}",76656,42.63403781979978,10,40.0,60.0,ns3,899,0.5,10,12,28,,,[],[],8>2:1,,16,39,
2026_07_15_01_26_56,000068,3,all-cluster-heads,perception_aware_potential_game,grid,utility,utility,none,0,0,,coalition_game,10,,3;5,3;5,5,"{""5"": 37}","{""3"": 4987, ""5"": 4868}",77888,43.31924360400445,10,40.0,60.0,ns3,899,0.5,10,12,28,,,[],[],5>3:2,,4,12,
2026_07_15_01_26_56,000068,10,all-cluster-heads,perception_aware_potential_game,grid,utility,utility,none,0,0,,coalition_game,10,,10;19,10;19,19,"{""19"": 37}","{""10"": 4934, ""19"": 4759}",76144,42.34927697441602,10,40.0,60.0,ns3,899,0.5,10,12,28,,,[],[],19>10:3,,7,30,
2026_07_15_01_26_56,000068,12,all-cluster-heads,perception_aware_potential_game,grid,utility,utility,none,0,0,,coalition_game,10,,4;12,12;4,4,"{""4"": 37}","{""4"": 4772, ""12"": 4882}",76352,42.46496106785317,10,40.0,60.0,ns3,899,0.5,10,12,28,,,[],[],4>12:4,,7,35,
2026_07_15_01_26_56,000068,13,all-cluster-heads,perception_aware_potential_game,grid,utility,utility,none,0,0,,coalition_game,10,,9;13,13;9,9,"{""9"": 37}","{""9"": 4837, ""13"": 4795}",77392,43.04338153503893,10,40.0,60.0,ns3,899,0.5,10,12,28,,,[],[],9>13:5,,4,26,
2026_07_15_01_26_56,000068,14,all-cluster-heads,perception_aware_potential_game,grid,utility,utility,none,0,0,,coalition_game,10,,7;14,14;7,7,"{""7"": 37}","{""7"": 4808, ""14"": 5028}",76928,42.7853170189099,10,40.0,60.0,ns3,899,0.5,10,12,28,,,[],[],7>14:6,,10,15,
2026_07_15_01_26_56,000068,15,all-cluster-heads,perception_aware_potential_game,grid,utility,utility,none,0,0,,coalition_game,10,,6;15,15;6,6,"{""6"": 37}","{""6"": 4501, ""15"": 4743}",72016,40.05339265850945,10,40.0,60.0,ns3,899,0.5,10,12,28,,,[],[],6>15:7,,12,16,
2026_07_15_01_26_56,000068,16,all-cluster-heads,perception_aware_potential_game,grid,utility,utility,none,0,0,,coalition_game,10,,16;20,16;20,20,"{""20"": 37}","{""16"": 4887, ""20"": 4854}",77664,43.19466073414905,10,40.0,60.0,ns3,899,0.5,10,12,28,,,[],[],20>16:8,,9,25,
2026_07_15_01_26_56,000068,17,all-cluster-heads,perception_aware_potential_game,grid,utility,utility,none,0,0,,coalition_game,10,,17;18,17;18,18,"{""18"": 37}","{""17"": 4976, ""18"": 4933}",78928,43.897664071190206,10,40.0,60.0,ns3,899,0.5,10,12,28,,,[],[],18>17:9,,1,10,
2026_07_15_01_26_56,000070,1,all-cluster-heads,perception_aware_potential_game,grid,utility,utility,none,0,0,,coalition_game,10,,1;8,1;8,8,"{""8"": 37}","{""1"": 4925, ""8"": 4790}",76640,42.62513904338154,10,40.0,60.0,ns3,899,0.5,10,12,28,,,[],[],8>1:0,,9,32,
2026_07_15_01_26_56,000070,5,all-cluster-heads,perception_aware_potential_game,grid,utility,utility,none,0,0,,coalition_game,10,,5;7,5;7,7,"{""7"": 37}","{""5"": 4907, ""7"": 4809}",76944,42.79421579532814,10,40.0,60.0,ns3,899,0.5,10,12,28,,,[],[],7>5:1,,13,17,
2026_07_15_01_26_56,000070,10,all-cluster-heads,perception_aware_potential_game,grid,utility,utility,none,0,0,,coalition_game,10,,10;19,10;19,19,"{""19"": 37}","{""10"": 4949, ""19"": 4770}",76320,42.44716351501668,10,40.0,60.0,ns3,899,0.5,10,12,28,,,[],[],19>10:2,,6,31,
2026_07_15_01_26_56,000070,11,all-cluster-heads,perception_aware_potential_game,grid,utility,utility,none,0,0,,coalition_game,10,,2;11,11;2,2,"{""2"": 37}","{""2"": 4810, ""11"": 4909}",76960,42.803114571746384,10,40.0,60.0,ns3,899,0.5,10,12,28,,,[],[],2>11:3,,15,33,
2026_07_15_01_26_56,000070,12,all-cluster-heads,perception_aware_potential_game,grid,utility,utility,none,0,0,,coalition_game,10,,4;12,12;4,4,"{""4"": 37}","{""4"": 4776, ""12"": 4888}",76416,42.50055617352614,10,40.0,60.0,ns3,899,0.5,10,12,28,,,[],[],4>12:4,,7,35,
2026_07_15_01_26_56,000070,13,all-cluster-heads,perception_aware_potential_game,grid,utility,utility,none,0,0,,coalition_game,10,,9;13,13;9,9,"{""9"": 37}","{""9"": 4838, ""13"": 4795}",77408,43.052280311457174,10,40.0,60.0,ns3,899,0.5,10,12,28,,,[],[],9>13:5,,4,25,
2026_07_15_01_26_56,000070,14,all-cluster-heads,perception_aware_potential_game,grid,utility,utility,none,0,0,,coalition_game,10,,3;14,14;3,3,"{""3"": 37}","{""3"": 4813, ""14"": 5031}",77008,42.82981090100111,10,40.0,60.0,ns3,899,0.5,10,12,28,,,[],[],3>14:6,,1,6,
2026_07_15_01_26_56,000070,15,all-cluster-heads,perception_aware_potential_game,grid,utility,utility,none,0,0,,coalition_game,10,,6;15,15;6,6,"{""6"": 37}","{""6"": 4507, ""15"": 4740}",72112,40.10678531701891,10,40.0,60.0,ns3,899,0.5,10,12,28,,,[],[],6>15:7,,12,16,
2026_07_15_01_26_56,000070,16,all-cluster-heads,perception_aware_potential_game,grid,utility,utility,none,0,0,,coalition_game,10,,16;20,16;20,20,"{""20"": 37}","{""16"": 4856, ""20"": 4853}",77648,43.18576195773081,10,40.0,60.0,ns3,899,0.5,10,12,28,,,[],[],20>16:8,,8,25,
2026_07_15_01_26_56,000070,17,all-cluster-heads,perception_aware_potential_game,grid,utility,utility,none,0,0,,coalition_game,10,,17;18,17;18,18,"{""18"": 37}","{""17"": 4972, ""18"": 4961}",79376,44.146829810901,10,40.0,60.0,ns3,899,0.5,10,12,28,,,[],[],18>17:9,,1,10,
2026_07_15_01_26_56,000072,1,all-cluster-heads,perception_aware_potential_game,grid,utility,utility,none,0,0,,coalition_game,10,,1;11,1;11,11,"{""11"": 37}","{""1"": 4928, ""11"": 4834}",77344,43.016685205784206,10,40.0,60.0,ns3,899,0.5,10,12,28,,,[],[],11>1:0,,15,30,
2026_07_15_01_26_56,000072,2,all-cluster-heads,perception_aware_potential_game,grid,utility,utility,none,0,0,,coalition_game,10,,2;8,2;8,8,"{""8"": 37}","{""2"": 4864, ""8"": 4791}",76656,42.63403781979978,10,40.0,60.0,ns3,899,0.5,10,12,28,,,[],[],8>2:1,,14,42,
2026_07_15_01_26_56,000072,3,all-cluster-heads,perception_aware_potential_game,grid,utility,utility,none,0,0,,coalition_game,10,,3;5,3;5,5,"{""5"": 37}","{""3"": 4951, ""5"": 4867}",77872,43.310344827586206,10,40.0,60.0,ns3,899,0.5,10,12,28,,,[],[],5>3:2,,2,11,
2026_07_15_01_26_56,000072,10,all-cluster-heads,perception_aware_potential_game,grid,utility,utility,none,0,0,,coalition_game,10,,10;19,10;19,19,"{""19"": 37}","{""10"": 4930, ""19"": 4770}",76320,42.44716351501668,10,40.0,60.0,ns3,899,0.5,10,12,28,,,[],[],19>10:3,,6,29,
2026_07_15_01_26_56,000072,12,all-cluster-heads,perception_aware_potential_game,grid,utility,utility,none,0,0,,coalition_game,10,,4;12,12;4,4,"{""4"": 37}","{""4"": 4802, ""12"": 4892}",76832,42.73192436040044,10,40.0,60.0,ns3,899,0.5,10,12,28,,,[],[],4>12:4,,7,34,
2026_07_15_01_26_56,000072,13,all-cluster-heads,perception_aware_potential_game,grid,utility,utility,none,0,0,,coalition_game,10,,9;13,13;9,9,"{""9"": 37}","{""9"": 4840, ""13"": 4800}",77440,43.070077864293665,10,40.0,60.0,ns3,899,0.5,10,12,28,,,[],[],9>13:5,,4,24,
2026_07_15_01_26_56,000072,14,all-cluster-heads,perception_aware_potential_game,grid,utility,utility,none,0,0,,coalition_game,10,,7;14,14;7,7,"{""7"": 37}","{""7"": 4803, ""14"": 5044}",76848,42.74082313681868,10,40.0,60.0,ns3,899,0.5,10,12,28,,,[],[],7>14:6,,10,15,
2026_07_15_01_26_56,000072,15,all-cluster-heads,perception_aware_potential_game,grid,utility,utility,none,0,0,,coalition_game,10,,6;15,15;6,6,"{""6"": 37}","{""6"": 4501, ""15"": 4748}",72016,40.05339265850945,10,40.0,60.0,ns3,899,0.5,10,12,28,,,[],[],6>15:7,,12,18,
2026_07_15_01_26_56,000072,16,all-cluster-heads,perception_aware_potential_game,grid,utility,utility,none,0,0,,coalition_game,10,,16;20,16;20,20,"{""20"": 37}","{""16"": 4868, ""20"": 4851}",77616,43.16796440489433,10,40.0,60.0,ns3,899,0.5,10,12,28,,,[],[],20>16:8,,7,25,
2026_07_15_01_26_56,000072,17,all-cluster-heads,perception_aware_potential_game,grid,utility,utility,none,0,0,,coalition_game,10,,17;18,17;18,18,"{""18"": 37}","{""17"": 4977, ""18"": 4920}",78720,43.78197997775306,10,40.0,60.0,ns3,899,0.5,10,12,28,,,[],[],18>17:9,,0,10,
2026_07_15_01_26_56,000074,1,all-cluster-heads,perception_aware_potential_game,grid,utility,utility,none,0,0,,coalition_game,10,,1;11,1;11,11,"{""11"": 37}","{""1"": 4931, ""11"": 4835}",77360,43.02558398220245,10,40.0,60.0,ns3,899,0.5,10,12,28,,,[],[],11>1:0,,13,29,
2026_07_15_01_26_56,000074,2,all-cluster-heads,perception_aware_potential_game,grid,utility,utility,none,0,0,,coalition_game,10,,2;8,2;8,8,"{""8"": 37}","{""2"": 4872, ""8"": 4794}",76704,42.660734149054505,10,40.0,60.0,ns3,899,0.5,10,12,28,,,[],[],8>2:1,,17,42,
2026_07_15_01_26_56,000074,10,all-cluster-heads,perception_aware_potential_game,grid,utility,utility,none,0,0,,coalition_game,10,,10;13,10;13,13,"{""13"": 37}","{""10"": 4948, ""13"": 4746}",75936,42.23359288097887,10,40.0,60.0,ns3,899,0.5,10,12,28,,,[],[],13>10:2,,5,30,
2026_07_15_01_26_56,000074,12,all-cluster-heads,perception_aware_potential_game,grid,utility,utility,none,0,0,,coalition_game,10,,4;12,12;4,4,"{""4"": 37}","{""4"": 4776, ""12"": 4881}",76416,42.50055617352614,10,40.0,60.0,ns3,899,0.5,10,12,28,,,[],[],4>12:3,,8,35,
2026_07_15_01_26_56,000074,14,all-cluster-heads,perception_aware_potential_game,grid,utility,utility,none,0,0,,coalition_game,10,,5;14,14;5,5,"{""5"": 37}","{""5"": 4867, ""14"": 5017}",77872,43.310344827586206,10,40.0,60.0,ns3,899,0.5,10,12,28,,,[],[],5>14:4,,6,10,
2026_07_15_01_26_56,000074,15,all-cluster-heads,perception_aware_potential_game,grid,utility,utility,none,0,0,,coalition_game,10,,6;15,15;6,6,"{""6"": 37}","{""6"": 4503, ""15"": 4753}",72048,40.07119021134594,10,40.0,60.0,ns3,899,0.5,10,12,28,,,[],[],6>15:5,,12,18,
2026_07_15_01_26_56,000074,16,all-cluster-heads,perception_aware_potential_game,grid,utility,utility,none,0,0,,coalition_game,10,,16;20,16;20,20,"{""20"": 37}","{""16"": 4872, ""20"": 4849}",77584,43.15016685205784,10,40.0,60.0,ns3,899,0.5,10,12,28,,,[],[],20>16:6,,10,26,
2026_07_15_01_26_56,000074,17,all-cluster-heads,perception_aware_potential_game,grid,utility,utility,none,0,0,,coalition_game,10,,3;17,17;3,3,"{""3"": 37}","{""3"": 4836, ""17"": 4954}",77376,43.03448275862069,10,40.0,60.0,ns3,899,0.5,10,12,28,,,[],[],3>17:7,,2,15,
2026_07_15_01_26_56,000074,18,all-cluster-heads,perception_aware_potential_game,grid,utility,utility,none,0,0,,coalition_game,10,,7;18,18;7,7,"{""7"": 37}","{""7"": 4818, ""18"": 4980}",77088,42.87430478309232,10,40.0,60.0,ns3,899,0.5,10,12,28,,,[],[],7>18:8,,8,16,
2026_07_15_01_26_56,000074,19,all-cluster-heads,perception_aware_potential_game,grid,utility,utility,none,0,0,,coalition_game,10,,9;19,19;9,9,"{""9"": 37}","{""9"": 4840, ""19"": 4825}",77440,43.070077864293665,10,40.0,60.0,ns3,899,0.5,10,12,28,,,[],[],9>19:9,,4,15,
2026_07_15_01_26_56,000076,1,all-cluster-heads,perception_aware_potential_game,grid,utility,utility,none,0,0,,coalition_game,11,,1;11,1;11,11,"{""11"": 37}","{""1"": 4934, ""11"": 4835}",77360,43.02558398220245,10,40.0,60.0,ns3,899,0.5,10,12,28,,,[],[],11>1:0,,15,30,
2026_07_15_01_26_56,000076,2,all-cluster-heads,perception_aware_potential_game,grid,utility,utility,none,0,0,,coalition_game,11,,2;8,2;8,8,"{""8"": 37}","{""2"": 4873, ""8"": 4792}",76672,42.64293659621802,10,40.0,60.0,ns3,899,0.5,10,12,28,,,[],[],8>2:1,,15,41,
2026_07_15_01_26_56,000076,5,all-cluster-heads,perception_aware_potential_game,grid,utility,utility,none,0,0,,coalition_game,11,,5;7,5;7,7,"{""7"": 37}","{""5"": 4910, ""7"": 4815}",77040,42.847608453837594,10,40.0,60.0,ns3,899,0.5,10,12,28,,,[],[],7>5:2,,12,17,
2026_07_15_01_26_56,000076,10,all-cluster-heads,perception_aware_potential_game,grid,utility,utility,none,0,0,,coalition_game,11,,10;13,10;13,13,"{""13"": 37}","{""10"": 4943, ""13"": 4718}",75488,41.98442714126808,10,40.0,60.0,ns3,899,0.5,10,12,28,,,[],[],13>10:3,,7,29,
2026_07_15_01_26_56,000076,12,all-cluster-heads,perception_aware_potential_game,grid,utility,utility,none,0,0,,coalition_game,11,,4;12,12;4,4,"{""4"": 37}","{""4"": 4775, ""12"": 4903}",76400,42.4916573971079,10,40.0,60.0,ns3,899,0.5,10,12,28,,,[],[],4>12:4,,6,33,
2026_07_15_01_26_56,000076,14,all-cluster-heads,perception_aware_potential_game,grid,utility,utility,none,0,0,,coalition_game,11,,14,14,,{},"{""14"": 5022}",0,0.0,10,40.0,60.0,ns3,899,0.5,10,12,28,,,[],[],,,,,empty_pillars
2026_07_15_01_26_56,000076,15,all-cluster-heads,perception_aware_potential_game,grid,utility,utility,none,0,0,,coalition_game,11,,6;15,15;6,6,"{""6"": 37}","{""6"": 4526, ""15"": 4754}",72416,40.275862068965516,10,40.0,60.0,ns3,899,0.5,10,12,28,,,[],[],6>15:5,,13,18,
2026_07_15_01_26_56,000076,16,all-cluster-heads,perception_aware_potential_game,grid,utility,utility,none,0,0,,coalition_game,11,,16;20,16;20,20,"{""20"": 37}","{""16"": 4885, ""20"": 4851}",77616,43.16796440489433,10,40.0,60.0,ns3,899,0.5,10,12,28,,,[],[],20>16:6,,9,25,
2026_07_15_01_26_56,000076,17,all-cluster-heads,perception_aware_potential_game,grid,utility,utility,none,0,0,,coalition_game,11,,3;17,17;3,3,"{""3"": 37}","{""3"": 4799, ""17"": 5003}",76784,42.705228031145715,10,40.0,60.0,ns3,899,0.5,10,12,28,,,[],[],3>17:7,,3,16,
2026_07_15_01_26_56,000076,18,all-cluster-heads,perception_aware_potential_game,grid,utility,utility,none,0,0,,coalition_game,11,,18,18,,{},"{""18"": 4986}",0,0.0,10,40.0,60.0,ns3,899,0.5,10,12,28,,,[],[],,,0,5,
2026_07_15_01_26_56,000076,19,all-cluster-heads,perception_aware_potential_game,grid,utility,utility,none,0,0,,coalition_game,11,,9;19,19;9,9,"{""9"": 37}","{""9"": 4840, ""19"": 4821}",77440,43.070077864293665,10,40.0,60.0,ns3,899,0.5,10,12,28,,,[],[],9>19:8,,4,16,
2026_07_15_01_26_56,000078,1,all-cluster-heads,perception_aware_potential_game,grid,utility,utility,none,0,0,,coalition_game,10,,1;11,1;11,11,"{""11"": 37}","{""1"": 4934, ""11"": 4835}",77360,43.02558398220245,10,40.0,60.0,ns3,899,0.5,10,12,28,,,[],[],11>1:0,,15,30,
2026_07_15_01_26_56,000078,2,all-cluster-heads,perception_aware_potential_game,grid,utility,utility,none,0,0,,coalition_game,10,,2;8,2;8,8,"{""8"": 37}","{""2"": 4851, ""8"": 4794}",76704,42.660734149054505,10,40.0,60.0,ns3,899,0.5,10,12,28,,,[],[],8>2:1,,19,41,
2026_07_15_01_26_56,000078,5,all-cluster-heads,perception_aware_potential_game,grid,utility,utility,none,0,0,,coalition_game,10,,5;7,5;7,7,"{""7"": 37}","{""5"": 4911, ""7"": 4821}",77136,42.901001112347046,10,40.0,60.0,ns3,899,0.5,10,12,28,,,[],[],7>5:2,,13,17,
2026_07_15_01_26_56,000078,10,all-cluster-heads,perception_aware_potential_game,grid,utility,utility,none,0,0,,coalition_game,10,,10;19,10;19,19,"{""19"": 37}","{""10"": 4935, ""19"": 4767}",76272,42.42046718576196,10,40.0,60.0,ns3,899,0.5,10,12,28,,,[],[],19>10:3,,7,28,
2026_07_15_01_26_56,000078,12,all-cluster-heads,perception_aware_potential_game,grid,utility,utility,none,0,0,,coalition_game,10,,4;12,12;4,4,"{""4"": 37}","{""4"": 4793, ""12"": 4895}",76688,42.65183537263626,10,40.0,60.0,ns3,899,0.5,10,12,28,,,[],[],4>12:4,,8,35,
2026_07_15_01_26_56,000078,13,all-cluster-heads,perception_aware_potential_game,grid,utility,utility,none,0,0,,coalition_game,10,,9;13,13;9,9,"{""9"": 37}","{""9"": 4837, ""13"": 4778}",77392,43.04338153503893,10,40.0,60.0,ns3,899,0.5,10,12,28,,,[],[],9>13:5,,4,25,
2026_07_15_01_26_56,000078,14,all-cluster-heads,perception_aware_potential_game,grid,utility,utility,none,0,0,,coalition_game,10,,3;14,14;3,3,"{""3"": 37}","{""3"": 4805, ""14"": 5015}",76880,42.75862068965517,10,40.0,60.0,ns3,899,0.5,10,12,28,,,[],[],3>14:6,,1,6,
2026_07_15_01_26_56,000078,15,all-cluster-heads,perception_aware_potential_game,grid,utility,utility,none,0,0,,coalition_game,10,,6;15,15;6,6,"{""6"": 37}","{""6"": 4532, ""15"": 4753}",72512,40.32925472747497,10,40.0,60.0,ns3,899,0.5,10,12,28,,,[],[],6>15:7,,14,19,
2026_07_15_01_26_56,000078,16,all-cluster-heads,perception_aware_potential_game,grid,utility,utility,none,0,0,,coalition_game,10,,16;20,16;20,20,"{""20"": 37}","{""16"": 4880, ""20"": 4853}",77648,43.18576195773081,10,40.0,60.0,ns3,899,0.5,10,12,28,,,[],[],20>16:8,,8,26,
2026_07_15_01_26_56,000078,17,all-cluster-heads,perception_aware_potential_game,grid,utility,utility,none,0,0,,coalition_game,10,,17;18,17;18,18,"{""18"": 37}","{""17"": 4995, ""18"": 4924}",78784,43.81757508342603,10,40.0,60.0,ns3,899,0.5,10,12,28,,,[],[],18>17:9,,3,11,
2026_07_15_01_26_56,000080,1,all-cluster-heads,perception_aware_potential_game,grid,utility,utility,none,0,0,,coalition_game,10,,1;11,1;11,11,"{""11"": 37}","{""1"": 4933, ""11"": 4833}",77328,43.007786429365964,10,40.0,60.0,ns3,899,0.5,10,12,28,,,[],[],11>1:0,,16,32,
2026_07_15_01_26_56,000080,2,all-cluster-heads,perception_aware_potential_game,grid,utility,utility,none,0,0,,coalition_game,10,,2;8,2;8,8,"{""8"": 37}","{""2"": 4849, ""8"": 4794}",76704,42.660734149054505,10,40.0,60.0,ns3,899,0.5,10,12,28,,,[],[],8>2:1,,16,41,
2026_07_15_01_26_56,000080,10,all-cluster-heads,perception_aware_potential_game,grid,utility,utility,none,0,0,,coalition_game,10,,10;19,10;19,19,"{""19"": 37}","{""10"": 4924, ""19"": 4764}",76224,42.39377085650723,10,40.0,60.0,ns3,899,0.5,10,12,28,,,[],[],19>10:2,,7,29,
2026_07_15_01_26_56,000080,12,all-cluster-heads,perception_aware_potential_game,grid,utility,utility,none,0,0,,coalition_game,10,,4;12,12;4,4,"{""4"": 37}","{""4"": 4783, ""12"": 4905}",76528,42.562847608453836,10,40.0,60.0,ns3,899,0.5,10,12,28,,,[],[],4>12:3,,7,36,
2026_07_15_01_26_56,000080,13,all-cluster-heads,perception_aware_potential_game,grid,utility,utility,none,0,0,,coalition_game,10,,9;13,13;9,9,"{""9"": 37}","{""9"": 4838, ""13"": 4772}",77408,43.052280311457174,10,40.0,60.0,ns3,899,0.5,10,12,28,,,[],[],9>13:4,,3,25,
2026_07_15_01_26_56,000080,14,all-cluster-heads,perception_aware_potential_game,grid,utility,utility,none,0,0,,coalition_game,10,,5;14,14;5,5,"{""5"": 37}","{""5"": 4860, ""14"": 5031}",77760,43.24805339265851,10,40.0,60.0,ns3,899,0.5,10,12,28,,,[],[],5>14:5,,3,9,
2026_07_15_01_26_56,000080,15,all-cluster-heads,perception_aware_potential_game,grid,utility,utility,none,0,0,,coalition_game,10,,6;15,15;6,6,"{""6"": 37}","{""6"": 4534, ""15"": 4751}",72544,40.34705228031146,10,40.0,60.0,ns3,899,0.5,10,12,28,,,[],[],6>15:6,,13,18,
2026_07_15_01_26_56,000080,16,all-cluster-heads,perception_aware_potential_game,grid,utility,utility,none,0,0,,coalition_game,10,,16;20,16;20,20,"{""20"": 37}","{""16"": 4897, ""20"": 4853}",77648,43.18576195773081,10,40.0,60.0,ns3,899,0.5,10,12,28,,,[],[],20>16:7,,10,26,
2026_07_15_01_26_56,000080,17,all-cluster-heads,perception_aware_potential_game,grid,utility,utility,none,0,0,,coalition_game,10,,3;17,17;3,3,"{""3"": 37}","{""3"": 4798, ""17"": 4990}",76768,42.69632925472747,10,40.0,60.0,ns3,899,0.5,10,12,28,,,[],[],3>17:8,,4,17,
2026_07_15_01_26_56,000080,18,all-cluster-heads,perception_aware_potential_game,grid,utility,utility,none,0,0,,coalition_game,10,,7;18,18;7,7,"{""7"": 37}","{""7"": 4818, ""18"": 4986}",77088,42.87430478309232,10,40.0,60.0,ns3,899,0.5,10,12,28,,,[],[],7>18:9,,7,16,
2026_07_15_01_26_56,000082,1,all-cluster-heads,perception_aware_potential_game,grid,utility,utility,none,0,0,,coalition_game,10,,1;11,1;11,11,"{""11"": 37}","{""1"": 4932, ""11"": 4833}",77328,43.007786429365964,10,40.0,60.0,ns3,899,0.5,10,12,28,,,[],[],11>1:0,,16,32,
2026_07_15_01_26_56,000082,2,all-cluster-heads,perception_aware_potential_game,grid,utility,utility,none,0,0,,coalition_game,10,,2;8,2;8,8,"{""8"": 37}","{""2"": 4863, ""8"": 4797}",76752,42.68743047830923,10,40.0,60.0,ns3,899,0.5,10,12,28,,,[],[],8>2:1,,18,40,
2026_07_15_01_26_56,000082,10,all-cluster-heads,perception_aware_potential_game,grid,utility,utility,none,0,0,,coalition_game,10,,10;19,10;19,19,"{""19"": 37}","{""10"": 4925, ""19"": 4767}",76272,42.42046718576196,10,40.0,60.0,ns3,899,0.5,10,12,28,,,[],[],19>10:2,,6,29,
2026_07_15_01_26_56,000082,12,all-cluster-heads,perception_aware_potential_game,grid,utility,utility,none,0,0,,coalition_game,10,,4;12,12;4,4,"{""4"": 37}","{""4"": 4777, ""12"": 4915}",76432,42.509454949944384,10,40.0,60.0,ns3,899,0.5,10,12,28,,,[],[],4>12:3,,8,35,
2026_07_15_01_26_56,000082,13,all-cluster-heads,perception_aware_potential_game,grid,utility,utility,none,0,0,,coalition_game,10,,9;13,13;9,9,"{""9"": 37}","{""9"": 4838, ""13"": 4801}",77408,43.052280311457174,10,40.0,60.0,ns3,899,0.5,10,12,28,,,[],[],9>13:4,,4,25,
2026_07_15_01_26_56,000082,14,all-cluster-heads,perception_aware_potential_game,grid,utility,utility,none,0,0,,coalition_game,10,,7;14,14;7,7,"{""7"": 37}","{""7"": 4813, ""14"": 4993}",77008,42.82981090100111,10,40.0,60.0,ns3,899,0.5,10,12,28,,,[],[],7>14:5,,7,14,
2026_07_15_01_26_56,000082,15,all-cluster-heads,perception_aware_potential_game,grid,utility,utility,none,0,0,,coalition_game,10,,6;15,15;6,6,"{""6"": 37}","{""6"": 4552, ""15"": 4758}",72832,40.50723025583982,10,40.0,60.0,ns3,899,0.5,10,12,28,,,[],[],6>15:6,,14,18,
2026_07_15_01_26_56,000082,16,all-cluster-heads,perception_aware_potential_game,grid,utility,utility,none,0,0,,coalition_game,10,,16;17,16;17,17,"{""17"": 37}","{""16"": 4908, ""17"": 4841}",77456,43.07897664071191,10,40.0,60.0,ns3,899,0.5,10,12,28,,,[],[],17>16:7,,6,22,
2026_07_15_01_26_56,000082,18,all-cluster-heads,perception_aware_potential_game,grid,utility,utility,none,0,0,,coalition_game,10,,3;18,18;3,3,"{""3"": 37}","{""3"": 4790, ""18"": 4961}",76640,42.62513904338154,10,40.0,60.0,ns3,899,0.5,10,12,28,,,[],[],3>18:8,,3,11,
2026_07_15_01_26_56,000082,20,all-cluster-heads,perception_aware_potential_game,grid,utility,utility,none,0,0,,coalition_game,10,,5;20,20;5,5,"{""5"": 37}","{""5"": 4864, ""20"": 4906}",77824,43.28364849833148,10,40.0,60.0,ns3,899,0.5,10,12,28,,,[],[],5>20:9,,8,26,
2026_07_15_01_26_56,000084,1,all-cluster-heads,perception_aware_potential_game,grid,utility,utility,none,0,0,,coalition_game,10,,1;11,1;11,11,"{""11"": 37}","{""1"": 4932, ""11"": 4834}",77344,43.016685205784206,10,40.0,60.0,ns3,899,0.5,10,12,28,,,[],[],11>1:0,,14,31,
2026_07_15_01_26_56,000084,2,all-cluster-heads,perception_aware_potential_game,grid,utility,utility,none,0,0,,coalition_game,10,,2;8,2;8,8,"{""8"": 37}","{""2"": 4867, ""8"": 4796}",76736,42.67853170189099,10,40.0,60.0,ns3,899,0.5,10,12,28,,,[],[],8>2:1,,15,41,
2026_07_15_01_26_56,000084,10,all-cluster-heads,perception_aware_potential_game,grid,utility,utility,none,0,0,,coalition_game,10,,10;19,10;19,19,"{""19"": 37}","{""10"": 4914, ""19"": 4766}",76256,42.411568409343715,10,40.0,60.0,ns3,899,0.5,10,12,28,,,[],[],19>10:2,,10,30,
2026_07_15_01_26_56,000084,12,all-cluster-heads,perception_aware_potential_game,grid,utility,utility,none,0,0,,coalition_game,10,,4;12,12;4,4,"{""4"": 37}","{""4"": 4779, ""12"": 4926}",76464,42.52725250278087,10,40.0,60.0,ns3,899,0.5,10,12,28,,,[],[],4>12:3,,8,35,
2026_07_15_01_26_56,000084,13,all-cluster-heads,perception_aware_potential_game,grid,utility,utility,none,0,0,,coalition_game,10,,9;13,13;9,9,"{""9"": 37}","{""9"": 4837, ""13"": 4788}",77392,43.04338153503893,10,40.0,60.0,ns3,899,0.5,10,12,28,,,[],[],9>13:4,,4,25,
2026_07_15_01_26_56,000084,14,all-cluster-heads,perception_aware_potential_game,grid,utility,utility,none,0,0,,coalition_game,10,,7;14,14;7,7,"{""7"": 37}","{""7"": 4820, ""14"": 4994}",77120,42.892102335928804,10,40.0,60.0,ns3,899,0.5,10,12,28,,,[],[],7>14:5,,6,14,
2026_07_15_01_26_56,000084,15,all-cluster-heads,perception_aware_potential_game,grid,utility,utility,none,0,0,,coalition_game,10,,6;15,15;6,6,"{""6"": 37}","{""6"": 4561, ""15"": 4766}",72976,40.587319243604,10,40.0,60.0,ns3,899,0.5,10,12,28,,,[],[],6>15:6,,12,18,
2026_07_15_01_26_56,000084,16,all-cluster-heads,perception_aware_potential_game,grid,utility,utility,none,0,0,,coalition_game,10,,16;17,16;17,17,"{""17"": 37}","{""16"": 4906, ""17"": 4846}",77536,43.12347052280312,10,40.0,60.0,ns3,899,0.5,10,12,28,,,[],[],17>16:7,,6,22,
2026_07_15_01_26_56,000084,18,all-cluster-heads,perception_aware_potential_game,grid,utility,utility,none,0,0,,coalition_game,10,,3;18,18;3,3,"{""3"": 37}","{""3"": 4784, ""18"": 4972}",76544,42.57174638487208,10,40.0,60.0,ns3,899,0.5,10,12,28,,,[],[],3>18:8,,3,11,
2026_07_15_01_26_56,000084,20,all-cluster-heads,perception_aware_potential_game,grid,utility,utility,none,0,0,,coalition_game,10,,5;20,20;5,5,"{""5"": 37}","{""5"": 4880, ""20"": 4904}",78080,43.42602892102336,10,40.0,60.0,ns3,899,0.5,10,12,28,,,[],[],5>20:9,,7,26,
2026_07_15_01_26_56,000086,1,all-cluster-heads,perception_aware_potential_game,grid,utility,utility,none,0,0,,coalition_game,10,,1;11,1;11,11,"{""11"": 37}","{""1"": 4932, ""11"": 4834}",77344,43.016685205784206,10,40.0,60.0,ns3,899,0.5,10,12,28,,,[],[],11>1:0,,15,32,
2026_07_15_01_26_56,000086,2,all-cluster-heads,perception_aware_potential_game,grid,utility,utility,none,0,0,,coalition_game,10,,2;8,2;8,8,"{""8"": 37}","{""2"": 4863, ""8"": 4795}",76720,42.66963292547275,10,40.0,60.0,ns3,899,0.5,10,12,28,,,[],[],8>2:1,,15,41,
2026_07_15_01_26_56,000086,10,all-cluster-heads,perception_aware_potential_game,grid,utility,utility,none,0,0,,coalition_game,10,,10;19,10;19,19,"{""19"": 37}","{""10"": 4926, ""19"": 4762}",76192,42.37597330367075,10,40.0,60.0,ns3,899,0.5,10,12,28,,,[],[],19>10:2,,10,30,
2026_07_15_01_26_56,000086,12,all-cluster-heads,perception_aware_potential_game,grid,utility,utility,none,0,0,,coalition_game,10,,4;12,12;4,4,"{""4"": 37}","{""4"": 4780, ""12"": 4938}",76480,42.53615127919911,10,40.0,60.0,ns3,899,0.5,10,12,28,,,[],[],4>12:3,,8,34,
2026_07_15_01_26_56,000086,13,all-cluster-heads,perception_aware_potential_game,grid,utility,utility,none,0,0,,coalition_game,10,,9;13,13;9,9,"{""9"": 37}","{""9"": 4837, ""13"": 4773}",77392,43.04338153503893,10,40.0,60.0,ns3,899,0.5,10,12,28,,,[],[],9>13:4,,4,25,
2026_07_15_01_26_56,000086,14,all-cluster-heads,perception_aware_potential_game,grid,utility,utility,none,0,0,,coalition_game,10,,7;14,14;7,7,"{""7"": 37}","{""7"": 4827, ""14"": 5015}",77232,42.954393770856505,10,40.0,60.0,ns3,899,0.5,10,12,28,,,[],[],7>14:5,,7,16,
2026_07_15_01_26_56,000086,15,all-cluster-heads,perception_aware_potential_game,grid,utility,utility,none,0,0,,coalition_game,10,,6;15,15;6,6,"{""6"": 37}","{""6"": 4565, ""15"": 4762}",73040,40.62291434927697,10,40.0,60.0,ns3,899,0.5,10,12,28,,,[],[],6>15:6,,14,19,
2026_07_15_01_26_56,000086,16,all-cluster-heads,perception_aware_potential_game,grid,utility,utility,none,0,0,,coalition_game,10,,16;17,16;17,17,"{""17"": 37}","{""16"": 4917, ""17"": 4832}",77312,42.998887652947715,10,40.0,60.0,ns3,899,0.5,10,12,28,,,[],[],17>16:7,,6,21,
2026_07_15_01_26_56,000086,18,all-cluster-heads,perception_aware_potential_game,grid,utility,utility,none,0,0,,coalition_game,10,,3;18,18;3,3,"{""3"": 37}","{""3"": 4788, ""18"": 4982}",76608,42.607341490545046,10,40.0,60.0,ns3,899,0.5,10,12,28,,,[],[],3>18:8,,1,10,
2026_07_15_01_26_56,000086,20,all-cluster-heads,perception_aware_potential_game,grid,utility,utility,none,0,0,,coalition_game,10,,5;20,20;5,5,"{""5"": 37}","{""5"": 4871, ""20"": 4905}",77936,43.34593993325918,10,40.0,60.0,ns3,899,0.5,10,12,28,,,[],[],5>20:9,,7,26,
2026_07_15_01_26_56,000088,1,all-cluster-heads,perception_aware_potential_game,grid,utility,utility,none,0,0,,coalition_game,10,,1;11,1;11,11,"{""11"": 37}","{""1"": 4930, ""11"": 4834}",77344,43.016685205784206,10,40.0,60.0,ns3,899,0.5,10,12,28,,,[],[],11>1:0,,15,32,
2026_07_15_01_26_56,000088,2,all-cluster-heads,perception_aware_potential_game,grid,utility,utility,none,0,0,,coalition_game,10,,2;8,2;8,8,"{""8"": 37}","{""2"": 4862, ""8"": 4796}",76736,42.67853170189099,10,40.0,60.0,ns3,899,0.5,10,12,28,,,[],[],8>2:1,,14,41,
2026_07_15_01_26_56,000088,10,all-cluster-heads,perception_aware_potential_game,grid,utility,utility,none,0,0,,coalition_game,10,,10;19,10;19,19,"{""19"": 37}","{""10"": 4929, ""19"": 4759}",76144,42.34927697441602,10,40.0,60.0,ns3,899,0.5,10,12,28,,,[],[],19>10:2,,9,28,
2026_07_15_01_26_56,000088,12,all-cluster-heads,perception_aware_potential_game,grid,utility,utility,none,0,0,,coalition_game,10,,4;12,12;4,4,"{""4"": 37}","{""4"": 4777, ""12"": 4937}",76432,42.509454949944384,10,40.0,60.0,ns3,899,0.5,10,12,28,,,[],[],4>12:3,,9,34,
2026_07_15_01_26_56,000088,13,all-cluster-heads,perception_aware_potential_game,grid,utility,utility,none,0,0,,coalition_game,10,,9;13,13;9,9,"{""9"": 37}","{""9"": 4835, ""13"": 4764}",77360,43.02558398220245,10,40.0,60.0,ns3,899,0.5,10,12,28,,,[],[],9>13:4,,3,25,
2026_07_15_01_26_56,000088,14,all-cluster-heads,perception_aware_potential_game,grid,utility,utility,none,0,0,,coalition_game,10,,7;14,14;7,7,"{""7"": 37}","{""7"": 4824, ""14"": 4998}",77184,42.92769744160178,10,40.0,60.0,ns3,899,0.5,10,12,28,,,[],[],7>14:5,,8,16,
2026_07_15_01_26_56,000088,15,all-cluster-heads,perception_aware_potential_game,grid,utility,utility,none,0,0,,coalition_game,10,,6;15,15;6,6,"{""6"": 37}","{""6"": 4544, ""15"": 4772}",72704,40.43604004449388,10,40.0,60.0,ns3,899,0.5,10,12,28,,,[],[],6>15:6,,14,19,
2026_07_15_01_26_56,000088,16,all-cluster-heads,perception_aware_potential_game,grid,utility,utility,none,0,0,,coalition_game,10,,16;18,16;18,18,"{""18"": 37}","{""16"": 4929, ""18"": 4880}",78080,43.42602892102336,10,40.0,60.0,ns3,899,0.5,10,12,28,,,[],[],18>16:7,,5,22,
2026_07_15_01_26_56,000088,17,all-cluster-heads,perception_aware_potential_game,grid,utility,utility,none,0,0,,coalition_game,10,,3;17,17;3,3,"{""3"": 37}","{""3"": 4787, ""17"": 4985}",76592,42.598442714126804,10,40.0,60.0,ns3,899,0.5,10,12,28,,,[],[],3>17:8,,6,15,
2026_07_15_01_26_56,000088,20,all-cluster-heads,perception_aware_potential_game,grid,utility,utility,none,0,0,,coalition_game,10,,5;20,20;5,5,"{""5"": 37}","{""5"": 4889, ""20"": 4903}",78224,43.506117908787544,10,40.0,60.0,ns3,899,0.5,10,12,28,,,[],[],5>20:9,,12,27,
2026_07_15_01_26_56,000090,1,all-cluster-heads,perception_aware_potential_game,grid,utility,utility,none,0,0,,coalition_game,10,,1;11,1;11,11,"{""11"": 37}","{""1"": 4930, ""11"": 4834}",77344,43.016685205784206,10,40.0,60.0,ns3,899,0.5,10,12,28,,,[],[],11>1:0,,15,33,
2026_07_15_01_26_56,000090,2,all-cluster-heads,perception_aware_potential_game,grid,utility,utility,none,0,0,,coalition_game,10,,2;8,2;8,8,"{""8"": 37}","{""2"": 4862, ""8"": 4796}",76736,42.67853170189099,10,40.0,60.0,ns3,899,0.5,10,12,28,,,[],[],8>2:1,,16,39,
2026_07_15_01_26_56,000090,10,all-cluster-heads,perception_aware_potential_game,grid,utility,utility,none,0,0,,coalition_game,10,,10;19,10;19,19,"{""19"": 37}","{""10"": 4929, ""19"": 4760}",76160,42.35817575083426,10,40.0,60.0,ns3,899,0.5,10,12,28,,,[],[],19>10:2,,10,29,
2026_07_15_01_26_56,000090,12,all-cluster-heads,perception_aware_potential_game,grid,utility,utility,none,0,0,,coalition_game,10,,4;12,12;4,4,"{""4"": 37}","{""4"": 4774, ""12"": 4954}",76384,42.48275862068966,10,40.0,60.0,ns3,899,0.5,10,12,28,,,[],[],4>12:3,,8,35,
2026_07_15_01_26_56,000090,13,all-cluster-heads,perception_aware_potential_game,grid,utility,utility,none,0,0,,coalition_game,10,,9;13,13;9,9,"{""9"": 37}","{""9"": 4834, ""13"": 4769}",77344,43.016685205784206,10,40.0,60.0,ns3,899,0.5,10,12,28,,,[],[],9>13:4,,4,25,
2026_07_15_01_26_56,000090,14,all-cluster-heads,perception_aware_potential_game,grid,utility,utility,none,0,0,,coalition_game,10,,7;14,14;7,7,"{""7"": 37}","{""7"": 4825, ""14"": 4961}",77200,42.93659621802002,10,40.0,60.0,ns3,899,0.5,10,12,28,,,[],[],7>14:5,,9,15,
2026_07_15_01_26_56,000090,15,all-cluster-heads,perception_aware_potential_game,grid,utility,utility,none,0,0,,coalition_game,10,,6;15,15;6,6,"{""6"": 37}","{""6"": 4552, ""15"": 4768}",72832,40.50723025583982,10,40.0,60.0,ns3,899,0.5,10,12,28,,,[],[],6>15:6,,14,19,
2026_07_15_01_26_56,000090,16,all-cluster-heads,perception_aware_potential_game,grid,utility,utility,none,0,0,,coalition_game,10,,16;17,16;17,17,"{""17"": 37}","{""16"": 4936, ""17"": 4871}",77936,43.34593993325918,10,40.0,60.0,ns3,899,0.5,10,12,28,,,[],[],17>16:7,,9,22,
2026_07_15_01_26_56,000090,18,all-cluster-heads,perception_aware_potential_game,grid,utility,utility,none,0,0,,coalition_game,10,,3;18,18;3,3,"{""3"": 37}","{""3"": 4795, ""18"": 4954}",76720,42.66963292547275,10,40.0,60.0,ns3,899,0.5,10,12,28,,,[],[],3>18:8,,4,10,
2026_07_15_01_26_56,000090,20,all-cluster-heads,perception_aware_potential_game,grid,utility,utility,none,0,0,,coalition_game,10,,5;20,20;5,5,"{""5"": 37}","{""5"": 4871, ""20"": 4905}",77936,43.34593993325918,10,40.0,60.0,ns3,899,0.5,10,12,28,,,[],[],5>20:9,,10,27,
2026_07_15_01_26_56,000092,1,all-cluster-heads,perception_aware_potential_game,grid,utility,utility,none,0,0,,coalition_game,10,,1;11,1;11,11,"{""11"": 37}","{""1"": 4928, ""11"": 4836}",77376,43.03448275862069,10,40.0,60.0,ns3,899,0.5,10,12,28,,,[],[],11>1:0,,13,32,
2026_07_15_01_26_56,000092,2,all-cluster-heads,perception_aware_potential_game,grid,utility,utility,none,0,0,,coalition_game,10,,2;8,2;8,8,"{""8"": 37}","{""2"": 4860, ""8"": 4795}",76720,42.66963292547275,10,40.0,60.0,ns3,899,0.5,10,12,28,,,[],[],8>2:1,,16,39,
2026_07_15_01_26_56,000092,10,all-cluster-heads,perception_aware_potential_game,grid,utility,utility,none,0,0,,coalition_game,10,,10;19,10;19,19,"{""19"": 37}","{""10"": 4929, ""19"": 4761}",76176,42.367074527252505,10,40.0,60.0,ns3,899,0.5,10,12,28,,,[],[],19>10:2,,9,29,
2026_07_15_01_26_56,000092,12,all-cluster-heads,perception_aware_potential_game,grid,utility,utility,none,0,0,,coalition_game,10,,4;12,12;4,4,"{""4"": 37}","{""4"": 4774, ""12"": 4963}",76384,42.48275862068966,10,40.0,60.0,ns3,899,0.5,10,12,28,,,[],[],4>12:3,,7,35,
2026_07_15_01_26_56,000092,13,all-cluster-heads,perception_aware_potential_game,grid,utility,utility,none,0,0,,coalition_game,10,,9;13,13;9,9,"{""9"": 37}","{""9"": 4834, ""13"": 4781}",77344,43.016685205784206,10,40.0,60.0,ns3,899,0.5,10,12,28,,,[],[],9>13:4,,3,25,
2026_07_15_01_26_56,000092,14,all-cluster-heads,perception_aware_potential_game,grid,utility,utility,none,0,0,,coalition_game,10,,7;14,14;7,7,"{""7"": 37}","{""7"": 4826, ""14"": 4963}",77216,42.94549499443826,10,40.0,60.0,ns3,899,0.5,10,12,28,,,[],[],7>14:5,,9,14,
2026_07_15_01_26_56,000092,15,all-cluster-heads,perception_aware_potential_game,grid,utility,utility,none,0,0,,coalition_game,10,,6;15,15;6,6,"{""6"": 37}","{""6"": 4557, ""15"": 4770}",72912,40.55172413793103,10,40.0,60.0,ns3,899,0.5,10,12,28,,,[],[],6>15:6,,14,19,
2026_07_15_01_26_56,000092,16,all-cluster-heads,perception_aware_potential_game,grid,utility,utility,none,0,0,,coalition_game,10,,16;18,16;18,18,"{""18"": 37}","{""16"": 4936, ""18"": 4880}",78080,43.42602892102336,10,40.0,60.0,ns3,899,0.5,10,12,28,,,[],[],18>16:7,,2,22,
2026_07_15_01_26_56,000092,17,all-cluster-heads,perception_aware_potential_game,grid,utility,utility,none,0,0,,coalition_game,10,,3;17,17;3,3,"{""3"": 37}","{""3"": 4803, ""17"": 5000}",76848,42.74082313681868,10,40.0,60.0,ns3,899,0.5,10,12,28,,,[],[],3>17:8,,6,15,
2026_07_15_01_26_56,000092,20,all-cluster-heads,perception_aware_potential_game,grid,utility,utility,none,0,0,,coalition_game,10,,5;20,20;5,5,"{""5"": 37}","{""5"": 4888, ""20"": 4905}",78208,43.4972191323693,10,40.0,60.0,ns3,899,0.5,10,12,28,,,[],[],5>20:9,,11,27,
2026_07_15_01_26_56,000094,1,all-cluster-heads,perception_aware_potential_game,grid,utility,utility,none,0,0,,coalition_game,10,,1;11,1;11,11,"{""11"": 37}","{""1"": 4929, ""11"": 4835}",77360,43.02558398220245,10,40.0,60.0,ns3,899,0.5,10,12,28,,,[],[],11>1:0,,13,31,
2026_07_15_01_26_56,000094,2,all-cluster-heads,perception_aware_potential_game,grid,utility,utility,none,0,0,,coalition_game,10,,2;8,2;8,8,"{""8"": 37}","{""2"": 4864, ""8"": 4794}",76704,42.660734149054505,10,40.0,60.0,ns3,899,0.5,10,12,28,,,[],[],8>2:1,,16,38,
2026_07_15_01_26_56,000094,10,all-cluster-heads,perception_aware_potential_game,grid,utility,utility,none,0,0,,coalition_game,10,,10;19,10;19,19,"{""19"": 37}","{""10"": 4929, ""19"": 4762}",76192,42.37597330367075,10,40.0,60.0,ns3,899,0.5,10,12,28,,,[],[],19>10:2,,9,29,
2026_07_15_01_26_56,000094,12,all-cluster-heads,perception_aware_potential_game,grid,utility,utility,none,0,0,,coalition_game,10,,4;12,12;4,4,"{""4"": 37}","{""4"": 4775, ""12"": 4976}",76400,42.4916573971079,10,40.0,60.0,ns3,899,0.5,10,12,28,,,[],[],4>12:3,,10,36,
2026_07_15_01_26_56,000094,13,all-cluster-heads,perception_aware_potential_game,grid,utility,utility,none,0,0,,coalition_game,10,,9;13,13;9,9,"{""9"": 37}","{""9"": 4834, ""13"": 4805}",77344,43.016685205784206,10,40.0,60.0,ns3,899,0.5,10,12,28,,,[],[],9>13:4,,3,25,
2026_07_15_01_26_56,000094,14,all-cluster-heads,perception_aware_potential_game,grid,utility,utility,none,0,0,,coalition_game,10,,7;14,14;7,7,"{""7"": 37}","{""7"": 4820, ""14"": 4947}",77120,42.892102335928804,10,40.0,60.0,ns3,899,0.5,10,12,28,,,[],[],7>14:5,,8,14,
2026_07_15_01_26_56,000094,15,all-cluster-heads,perception_aware_potential_game,grid,utility,utility,none,0,0,,coalition_game,10,,6;15,15;6,6,"{""6"": 37}","{""6"": 4570, ""15"": 4772}",73120,40.667408231368185,10,40.0,60.0,ns3,899,0.5,10,12,28,,,[],[],6>15:6,,14,20,
2026_07_15_01_26_56,000094,16,all-cluster-heads,perception_aware_potential_game,grid,utility,utility,none,0,0,,coalition_game,10,,16;17,16;17,17,"{""17"": 37}","{""16"": 4936, ""17"": 4866}",77856,43.301446051167964,10,40.0,60.0,ns3,899,0.5,10,12,28,,,[],[],17>16:7,,8,21,
2026_07_15_01_26_56,000094,18,all-cluster-heads,perception_aware_potential_game,grid,utility,utility,none,0,0,,coalition_game,10,,3;18,18;3,3,"{""3"": 37}","{""3"": 4798, ""18"": 4954}",76768,42.69632925472747,10,40.0,60.0,ns3,899,0.5,10,12,28,,,[],[],3>18:8,,1,11,
2026_07_15_01_26_56,000094,20,all-cluster-heads,perception_aware_potential_game,grid,utility,utility,none,0,0,,coalition_game,10,,5;20,20;5,5,"{""5"": 37}","{""5"": 4894, ""20"": 4905}",78304,43.550611790878754,10,40.0,60.0,ns3,899,0.5,10,12,28,,,[],[],5>20:9,,11,27,
2026_07_15_01_26_56,000096,1,all-cluster-heads,perception_aware_potential_game,grid,utility,utility,none,0,0,,coalition_game,11,,1;11,1;11,11,"{""11"": 37}","{""1"": 4928, ""11"": 4838}",77408,43.052280311457174,10,40.0,60.0,ns3,899,0.5,10,12,28,,,[],[],11>1:0,,16,31,
2026_07_15_01_26_56,000096,2,all-cluster-heads,perception_aware_potential_game,grid,utility,utility,none,0,0,,coalition_game,11,,2;8,2;8,8,"{""8"": 37}","{""2"": 4866, ""8"": 4796}",76736,42.67853170189099,10,40.0,60.0,ns3,899,0.5,10,12,28,,,[],[],8>2:1,,18,38,
2026_07_15_01_26_56,000096,5,all-cluster-heads,perception_aware_potential_game,grid,utility,utility,none,0,0,,coalition_game,11,,5;7,5;7,7,"{""7"": 37}","{""5"": 4933, ""7"": 4821}",77136,42.901001112347046,10,40.0,60.0,ns3,899,0.5,10,12,28,,,[],[],7>5:2,,8,17,
2026_07_15_01_26_56,000096,10,all-cluster-heads,perception_aware_potential_game,grid,utility,utility,none,0,0,,coalition_game,11,,10;19,10;19,19,"{""19"": 37}","{""10"": 4930, ""19"": 4761}",76176,42.367074527252505,10,40.0,60.0,ns3,899,0.5,10,12,28,,,[],[],19>10:3,,10,28,
2026_07_15_01_26_56,000096,12,all-cluster-heads,perception_aware_potential_game,grid,utility,utility,none,0,0,,coalition_game,11,,4;12,12;4,4,"{""4"": 37}","{""4"": 4775, ""12"": 4975}",76400,42.4916573971079,10,40.0,60.0,ns3,899,0.5,10,12,28,,,[],[],4>12:4,,8,34,
2026_07_15_01_26_56,000096,13,all-cluster-heads,perception_aware_potential_game,grid,utility,utility,none,0,0,,coalition_game,11,,9;13,13;9,9,"{""9"": 37}","{""9"": 4833, ""13"": 4751}",77328,43.007786429365964,10,40.0,60.0,ns3,899,0.5,10,12,28,,,[],[],9>13:5,,2,25,
2026_07_15_01_26_56,000096,14,all-cluster-heads,perception_aware_potential_game,grid,utility,utility,none,0,0,,coalition_game,11,,14,14,,{},"{""14"": 4923}",0,0.0,10,40.0,60.0,ns3,899,0.5,10,12,28,,,[],[],,,,,empty_pillars
2026_07_15_01_26_56,000096,15,all-cluster-heads,perception_aware_potential_game,grid,utility,utility,none,0,0,,coalition_game,11,,6;15,15;6,6,"{""6"": 37}","{""6"": 4563, ""15"": 4777}",73008,40.605116796440484,10,40.0,60.0,ns3,899,0.5,10,12,28,,,[],[],6>15:6,,15,19,
2026_07_15_01_26_56,000096,16,all-cluster-heads,perception_aware_potential_game,grid,utility,utility,none,0,0,,coalition_game,11,,3;16,16;3,3,"{""3"": 37}","{""3"": 4811, ""16"": 4944}",76976,42.812013348164626,10,40.0,60.0,ns3,899,0.5,10,12,28,,,[],[],3>16:7,,5,24,
2026_07_15_01_26_56,000096,17,all-cluster-heads,perception_aware_potential_game,grid,utility,utility,none,0,0,,coalition_game,11,,17;20,17;20,20,"{""20"": 37}","{""17"": 4995, ""20"": 4840}",77440,43.070077864293665,10,40.0,60.0,ns3,899,0.5,10,12,28,,,[],[],20>17:8,,13,24,
2026_07_15_01_26_56,000096,18,all-cluster-heads,perception_aware_potential_game,grid,utility,utility,none,0,0,,coalition_game,11,,18,18,,{},"{""18"": 4942}",0,0.0,10,40.0,60.0,ns3,899,0.5,10,12,28,,,[],[],,,0,4,
2026_07_15_01_26_56,000098,1,all-cluster-heads,perception_aware_potential_game,grid,utility,utility,none,0,0,,coalition_game,11,,1;11,1;11,11,"{""11"": 37}","{""1"": 4927, ""11"": 4836}",77376,43.03448275862069,10,40.0,60.0,ns3,899,0.5,10,12,28,,,[],[],11>1:0,,17,30,
2026_07_15_01_26_56,000098,2,all-cluster-heads,perception_aware_potential_game,grid,utility,utility,none,0,0,,coalition_game,11,,2;8,2;8,8,"{""8"": 37}","{""2"": 4855, ""8"": 4796}",76736,42.67853170189099,10,40.0,60.0,ns3,899,0.5,10,12,28,,,[],[],8>2:1,,16,38,
2026_07_15_01_26_56,000098,7,all-cluster-heads,perception_aware_potential_game,grid,utility,utility,none,0,0,,coalition_game,11,,7,7,,{},"{""7"": 4921}",0,0.0,10,40.0,60.0,ns3,899,0.5,10,12,28,,,[],[],,,8,12,
2026_07_15_01_26_56,000098,10,all-cluster-heads,perception_aware_potential_game,grid,utility,utility,none,0,0,,coalition_game,11,,10;19,10;19,19,"{""19"": 37}","{""10"": 4930, ""19"": 4760}",76160,42.35817575083426,10,40.0,60.0,ns3,899,0.5,10,12,28,,,[],[],19>10:2,,9,27,
2026_07_15_01_26_56,000098,12,all-cluster-heads,perception_aware_potential_game,grid,utility,utility,none,0,0,,coalition_game,11,,4;12,12;4,4,"{""4"": 37}","{""4"": 4776, ""12"": 4968}",76416,42.50055617352614,10,40.0,60.0,ns3,899,0.5,10,12,28,,,[],[],4>12:3,,8,33,
2026_07_15_01_26_56,000098,13,all-cluster-heads,perception_aware_potential_game,grid,utility,utility,none,0,0,,coalition_game,11,,9;13,13;9,9,"{""9"": 37}","{""9"": 4832, ""13"": 4779}",77312,42.998887652947715,10,40.0,60.0,ns3,899,0.5,10,12,28,,,[],[],9>13:4,,3,25,
2026_07_15_01_26_56,000098,14,all-cluster-heads,perception_aware_potential_game,grid,utility,utility,none,0,0,,coalition_game,11,,14,14,,{},"{""14"": 4872}",0,0.0,10,40.0,60.0,ns3,899,0.5,10,12,28,,,[],[],,,,,empty_pillars
2026_07_15_01_26_56,000098,15,all-cluster-heads,perception_aware_potential_game,grid,utility,utility,none,0,0,,coalition_game,11,,6;15,15;6,6,"{""6"": 37}","{""6"": 4561, ""15"": 4783}",72976,40.587319243604,10,40.0,60.0,ns3,899,0.5,10,12,28,,,[],[],6>15:5,,13,19,
2026_07_15_01_26_56,000098,16,all-cluster-heads,perception_aware_potential_game,grid,utility,utility,none,0,0,,coalition_game,11,,16;17,16;17,17,"{""17"": 37}","{""16"": 4950, ""17"": 4837}",77392,43.04338153503893,10,40.0,60.0,ns3,899,0.5,10,12,28,,,[],[],17>16:6,,8,21,
2026_07_15_01_26_56,000098,18,all-cluster-heads,perception_aware_potential_game,grid,utility,utility,none,0,0,,coalition_game,11,,3;18,18;3,3,"{""3"": 37}","{""3"": 4806, ""18"": 4946}",76896,42.767519466073416,10,40.0,60.0,ns3,899,0.5,10,12,28,,,[],[],3>18:7,,2,9,
2026_07_15_01_26_56,000098,20,all-cluster-heads,perception_aware_potential_game,grid,utility,utility,none,0,0,,coalition_game,11,,5;20,20;5,5,"{""5"": 37}","{""5"": 4878, ""20"": 4903}",78048,43.408231368186875,10,40.0,60.0,ns3,899,0.5,10,12,28,,,[],[],5>20:8,,10,29,
2026_07_15_01_26_56,000100,1,all-cluster-heads,perception_aware_potential_game,grid,utility,utility,none,0,0,,coalition_game,11,,1;11,1;11,11,"{""11"": 37}","{""1"": 4928, ""11"": 4835}",77360,43.02558398220245,10,40.0,60.0,ns3,899,0.5,10,12,28,,,[],[],11>1:0,,16,30,
2026_07_15_01_26_56,000100,2,all-cluster-heads,perception_aware_potential_game,grid,utility,utility,none,0,0,,coalition_game,11,,2;8,2;8,8,"{""8"": 37}","{""2"": 4859, ""8"": 4793}",76688,42.65183537263626,10,40.0,60.0,ns3,899,0.5,10,12,28,,,[],[],8>2:1,,16,38,
2026_07_15_01_26_56,000100,7,all-cluster-heads,perception_aware_potential_game,grid,utility,utility,none,0,0,,coalition_game,11,,7,7,,{},"{""7"": 4921}",0,0.0,10,40.0,60.0,ns3,899,0.5,10,12,28,,,[],[],,,7,12,
2026_07_15_01_26_56,000100,10,all-cluster-heads,perception_aware_potential_game,grid,utility,utility,none,0,0,,coalition_game,11,,10;19,10;19,19,"{""19"": 37}","{""10"": 4928, ""19"": 4762}",76192,42.37597330367075,10,40.0,60.0,ns3,899,0.5,10,12,28,,,[],[],19>10:2,,10,27,
2026_07_15_01_26_56,000100,12,all-cluster-heads,perception_aware_potential_game,grid,utility,utility,none,0,0,,coalition_game,11,,4;12,12;4,4,"{""4"": 37}","{""4"": 4777, ""12"": 4970}",76432,42.509454949944384,10,40.0,60.0,ns3,899,0.5,10,12,28,,,[],[],4>12:3,,7,33,
2026_07_15_01_26_56,000100,13,all-cluster-heads,perception_aware_potential_game,grid,utility,utility,none,0,0,,coalition_game,11,,9;13,13;9,9,"{""9"": 37}","{""9"": 4831, ""13"": 4758}",77296,42.98998887652947,10,40.0,60.0,ns3,899,0.5,10,12,28,,,[],[],9>13:4,,4,23,
2026_07_15_01_26_56,000100,14,all-cluster-heads,perception_aware_potential_game,grid,utility,utility,none,0,0,,coalition_game,11,,14,14,,{},"{""14"": 4874}",0,0.0,10,40.0,60.0,ns3,899,0.5,10,12,28,,,[],[],,,,,empty_pillars
2026_07_15_01_26_56,000100,15,all-cluster-heads,perception_aware_potential_game,grid,utility,utility,none,0,0,,coalition_game,11,,6;15,15;6,6,"{""6"": 37}","{""6"": 4569, ""15"": 4775}",73104,40.65850945494994,10,40.0,60.0,ns3,899,0.5,10,12,28,,,[],[],6>15:5,,12,20,
2026_07_15_01_26_56,000100,16,all-cluster-heads,perception_aware_potential_game,grid,utility,utility,none,0,0,,coalition_game,11,,16;17,16;17,17,"{""17"": 37}","{""16"": 4946, ""17"": 4847}",77552,43.13236929922136,10,40.0,60.0,ns3,899,0.5,10,12,28,,,[],[],17>16:6,,9,20,
2026_07_15_01_26_56,000100,18,all-cluster-heads,perception_aware_potential_game,grid,utility,utility,none,0,0,,coalition_game,11,,3;18,18;3,3,"{""3"": 37}","{""3"": 4821, ""18"": 4944}",77136,42.901001112347046,10,40.0,60.0,ns3,899,0.5,10,12,28,,,[],[],3>18:7,,1,9,
2026_07_15_01_26_56,000100,20,all-cluster-heads,perception_aware_potential_game,grid,utility,utility,none,0,0,,coalition_game,11,,5;20,20;5,5,"{""5"": 37}","{""5"": 4860, ""20"": 4903}",77760,43.24805339265851,10,40.0,60.0,ns3,899,0.5,10,12,28,,,[],[],5>20:8,,9,28,
2026_07_15_01_26_56,000102,1,all-cluster-heads,perception_aware_potential_game,grid,utility,utility,none,0,0,,coalition_game,11,,1;11,1;11,11,"{""11"": 37}","{""1"": 4929, ""11"": 4835}",77360,43.02558398220245,10,40.0,60.0,ns3,899,0.5,10,12,28,,,[],[],11>1:0,,15,30,
2026_07_15_01_26_56,000102,2,all-cluster-heads,perception_aware_potential_game,grid,utility,utility,none,0,0,,coalition_game,11,,2;8,2;8,8,"{""8"": 37}","{""2"": 4850, ""8"": 4795}",76720,42.66963292547275,10,40.0,60.0,ns3,899,0.5,10,12,28,,,[],[],8>2:1,,16,39,
2026_07_15_01_26_56,000102,7,all-cluster-heads,perception_aware_potential_game,grid,utility,utility,none,0,0,,coalition_game,11,,7,7,,{},"{""7"": 4920}",0,0.0,10,40.0,60.0,ns3,899,0.5,10,12,28,,,[],[],,,8,12,
2026_07_15_01_26_56,000102,10,all-cluster-heads,perception_aware_potential_game,grid,utility,utility,none,0,0,,coalition_game,11,,10;19,10;19,19,"{""19"": 37}","{""10"": 4929, ""19"": 4763}",76208,42.38487208008899,10,40.0,60.0,ns3,899,0.5,10,12,28,,,[],[],19>10:2,,10,27,
2026_07_15_01_26_56,000102,12,all-cluster-heads,perception_aware_potential_game,grid,utility,utility,none,0,0,,coalition_game,11,,4;12,12;4,4,"{""4"": 37}","{""4"": 4777, ""12"": 4965}",76432,42.509454949944384,10,40.0,60.0,ns3,899,0.5,10,12,28,,,[],[],4>12:3,,6,33,
2026_07_15_01_26_56,000102,13,all-cluster-heads,perception_aware_potential_game,grid,utility,utility,none,0,0,,coalition_game,11,,9;13,13;9,9,"{""9"": 37}","{""9"": 4830, ""13"": 4787}",77280,42.98109010011123,10,40.0,60.0,ns3,899,0.5,10,12,28,,,[],[],9>13:4,,3,21,
2026_07_15_01_26_56,000102,14,all-cluster-heads,perception_aware_potential_game,grid,utility,utility,none,0,0,,coalition_game,11,,14,14,,{},"{""14"": 4826}",0,0.0,10,40.0,60.0,ns3,899,0.5,10,12,28,,,[],[],,,,,empty_pillars
2026_07_15_01_26_56,000102,15,all-cluster-heads,perception_aware_potential_game,grid,utility,utility,none,0,0,,coalition_game,11,,6;15,15;6,6,"{""6"": 37}","{""6"": 4559, ""15"": 4798}",72944,40.569521690767516,10,40.0,60.0,ns3,899,0.5,10,12,28,,,[],[],6>15:5,,14,22,
2026_07_15_01_26_56,000102,16,all-cluster-heads,perception_aware_potential_game,grid,utility,utility,none,0,0,,coalition_game,11,,16;17,16;17,17,"{""17"": 37}","{""16"": 4975, ""17"": 4840}",77440,43.070077864293665,10,40.0,60.0,ns3,899,0.5,10,12,28,,,[],[],17>16:6,,9,20,
2026_07_15_01_26_56,000102,18,all-cluster-heads,perception_aware_potential_game,grid,utility,utility,none,0,0,,coalition_game,11,,3;18,18;3,3,"{""3"": 37}","{""3"": 4840, ""18"": 4936}",77440,43.070077864293665,10,40.0,60.0,ns3,899,0.5,10,12,28,,,[],[],3>18:7,,3,8,
2026_07_15_01_26_56,000102,20,all-cluster-heads,perception_aware_potential_game,grid,utility,utility,none,0,0,,coalition_game,11,,5;20,20;5,5,"{""5"": 37}","{""5"": 4888, ""20"": 4902}",78208,43.4972191323693,10,40.0,60.0,ns3,899,0.5,10,12,28,,,[],[],5>20:8,,10,31,
2026_07_15_01_26_56,000104,1,all-cluster-heads,perception_aware_potential_game,grid,utility,utility,none,0,0,,coalition_game,11,,1;11,1;11,11,"{""11"": 37}","{""1"": 4929, ""11"": 4835}",77360,43.02558398220245,10,40.0,60.0,ns3,899,0.5,10,12,28,,,[],[],11>1:0,,15,30,
2026_07_15_01_26_56,000104,2,all-cluster-heads,perception_aware_potential_game,grid,utility,utility,none,0,0,,coalition_game,11,,2;8,2;8,8,"{""8"": 37}","{""2"": 4849, ""8"": 4790}",76640,42.62513904338154,10,40.0,60.0,ns3,899,0.5,10,12,28,,,[],[],8>2:1,,16,37,
2026_07_15_01_26_56,000104,7,all-cluster-heads,perception_aware_potential_game,grid,utility,utility,none,0,0,,coalition_game,11,,7,7,,{},"{""7"": 4920}",0,0.0,10,40.0,60.0,ns3,899,0.5,10,12,28,,,[],[],,,7,12,
2026_07_15_01_26_56,000104,10,all-cluster-heads,perception_aware_potential_game,grid,utility,utility,none,0,0,,coalition_game,11,,10;19,10;19,19,"{""19"": 37}","{""10"": 4930, ""19"": 4764}",76224,42.39377085650723,10,40.0,60.0,ns3,899,0.5,10,12,28,,,[],[],19>10:2,,10,27,
2026_07_15_01_26_56,000104,12,all-cluster-heads,perception_aware_potential_game,grid,utility,utility,none,0,0,,coalition_game,11,,4;12,12;4,4,"{""4"": 37}","{""4"": 4775, ""12"": 4988}",76400,42.4916573971079,10,40.0,60.0,ns3,899,0.5,10,12,28,,,[],[],4>12:3,,9,33,
2026_07_15_01_26_56,000104,13,all-cluster-heads,perception_aware_potential_game,grid,utility,utility,none,0,0,,coalition_game,11,,9;13,13;9,9,"{""9"": 37}","{""9"": 4830, ""13"": 4747}",77280,42.98109010011123,10,40.0,60.0,ns3,899,0.5,10,12,28,,,[],[],9>13:4,,3,22,
2026_07_15_01_26_56,000104,14,all-cluster-heads,perception_aware_potential_game,grid,utility,utility,none,0,0,,coalition_game,11,,14,14,,{},"{""14"": 4840}",0,0.0,10,40.0,60.0,ns3,899,0.5,10,12,28,,,[],[],,,,,empty_pillars
2026_07_15_01_26_56,000104,15,all-cluster-heads,perception_aware_potential_game,grid,utility,utility,none,0,0,,coalition_game,11,,6;15,15;6,6,"{""6"": 37}","{""6"": 4569, ""15"": 4777}",73104,40.65850945494994,10,40.0,60.0,ns3,899,0.5,10,12,28,,,[],[],6>15:5,,14,23,
2026_07_15_01_26_56,000104,16,all-cluster-heads,perception_aware_potential_game,grid,utility,utility,none,0,0,,coalition_game,11,,16;17,16;17,17,"{""17"": 37}","{""16"": 4958, ""17"": 4828}",77248,42.96329254727475,10,40.0,60.0,ns3,899,0.5,10,12,28,,,[],[],17>16:6,,7,19,
2026_07_15_01_26_56,000104,18,all-cluster-heads,perception_aware_potential_game,grid,utility,utility,none,0,0,,coalition_game,11,,3;18,18;3,3,"{""3"": 37}","{""3"": 4813, ""18"": 4929}",77008,42.82981090100111,10,40.0,60.0,ns3,899,0.5,10,12,28,,,[],[],3>18:7,,1,8,
2026_07_15_01_26_56,000104,20,all-cluster-heads,perception_aware_potential_game,grid,utility,utility,none,0,0,,coalition_game,11,,5;20,20;5,5,"{""5"": 37}","{""5"": 4877, ""20"": 4900}",78032,43.39933259176863,10,40.0,60.0,ns3,899,0.5,10,12,28,,,[],[],5>20:8,,7,30,
2026_07_15_01_26_56,000106,1,all-cluster-heads,perception_aware_potential_game,grid,utility,utility,none,0,0,,coalition_game,11,,1;11,1;11,11,"{""11"": 37}","{""1"": 4928, ""11"": 4835}",77360,43.02558398220245,10,40.0,60.0,ns3,899,0.5,10,12,28,,,[],[],11>1:0,,15,30,
2026_07_15_01_26_56,000106,2,all-cluster-heads,perception_aware_potential_game,grid,utility,utility,none,0,0,,coalition_game,11,,2;8,2;8,8,"{""8"": 37}","{""2"": 4856, ""8"": 4786}",76576,42.58954393770856,10,40.0,60.0,ns3,899,0.5,10,12,28,,,[],[],8>2:1,,13,37,
2026_07_15_01_26_56,000106,7,all-cluster-heads,perception_aware_potential_game,grid,utility,utility,none,0,0,,coalition_game,11,,7,7,,{},"{""7"": 4920}",0,0.0,10,40.0,60.0,ns3,899,0.5,10,12,28,,,[],[],,,7,12,
2026_07_15_01_26_56,000106,10,all-cluster-heads,perception_aware_potential_game,grid,utility,utility,none,0,0,,coalition_game,11,,10;19,10;19,19,"{""19"": 37}","{""10"": 4930, ""19"": 4762}",76192,42.37597330367075,10,40.0,60.0,ns3,899,0.5,10,12,28,,,[],[],19>10:2,,10,27,
2026_07_15_01_26_56,000106,12,all-cluster-heads,perception_aware_potential_game,grid,utility,utility,none,0,0,,coalition_game,11,,4;12,12;4,4,"{""4"": 37}","{""4"": 4777, ""12"": 4987}",76432,42.509454949944384,10,40.0,60.0,ns3,899,0.5,10,12,28,,,[],[],4>12:3,,7,33,
2026_07_15_01_26_56,000106,13,all-cluster-heads,perception_aware_potential_game,grid,utility,utility,none,0,0,,coalition_game,11,,9;13,13;9,9,"{""9"": 37}","{""9"": 4829, ""13"": 4753}",77264,42.97219132369299,10,40.0,60.0,ns3,899,0.5,10,12,28,,,[],[],9>13:4,,4,22,
2026_07_15_01_26_56,000106,14,all-cluster-heads,perception_aware_potential_game,grid,utility,utility,none,0,0,,coalition_game,11,,14,14,,{},"{""14"": 4815}",0,0.0,10,40.0,60.0,ns3,899,0.5,10,12,28,,,[],[],,,,,empty_pillars
2026_07_15_01_26_56,000106,15,all-cluster-heads,perception_aware_potential_game,grid,utility,utility,none,0,0,,coalition_game,11,,6;15,15;6,6,"{""6"": 37}","{""6"": 4571, ""15"": 4779}",73136,40.67630700778643,10,40.0,60.0,ns3,899,0.5,10,12,28,,,[],[],6>15:5,,12,23,
2026_07_15_01_26_56,000106,16,all-cluster-heads,perception_aware_potential_game,grid,utility,utility,none,0,0,,coalition_game,11,,16;17,16;17,17,"{""17"": 37}","{""16"": 4954, ""17"": 4855}",77680,43.2035595105673,10,40.0,60.0,ns3,899,0.5,10,12,28,,,[],[],17>16:6,,8,19,
2026_07_15_01_26_56,000106,18,all-cluster-heads,perception_aware_potential_game,grid,utility,utility,none,0,0,,coalition_game,11,,3;18,18;3,3,"{""3"": 37}","{""3"": 4828, ""18"": 4912}",77248,42.96329254727475,10,40.0,60.0,ns3,899,0.5,10,12,28,,,[],[],3>18:7,,1,7,
2026_07_15_01_26_56,000106,20,all-cluster-heads,perception_aware_potential_game,grid,utility,utility,none,0,0,,coalition_game,11,,5;20,20;5,5,"{""5"": 37}","{""5"": 4883, ""20"": 4900}",78128,43.452725250278085,10,40.0,60.0,ns3,899,0.5,10,12,28,,,[],[],5>20:8,,6,27,
2026_07_15_01_26_56,000108,1,all-cluster-heads,perception_aware_potential_game,grid,utility,utility,none,0,0,,coalition_game,11,,1;11,1;11,11,"{""11"": 37}","{""1"": 4928, ""11"": 4833}",77328,43.007786429365964,10,40.0,60.0,ns3,899,0.5,10,12,28,,,[],[],11>1:0,,16,31,
2026_07_15_01_26_56,000108,2,all-cluster-heads,perception_aware_potential_game,grid,utility,utility,none,0,0,,coalition_game,11,,2;8,2;8,8,"{""8"": 37}","{""2"": 4859, ""8"": 4786}",76576,42.58954393770856,10,40.0,60.0,ns3,899,0.5,10,12,28,,,[],[],8>2:1,,16,39,
2026_07_15_01_26_56,000108,7,all-cluster-heads,perception_aware_potential_game,grid,utility,utility,none,0,0,,coalition_game,11,,7,7,,{},"{""7"": 4919}",0,0.0,10,40.0,60.0,ns3,899,0.5,10,12,28,,,[],[],,,8,13,
2026_07_15_01_26_56,000108,10,all-cluster-heads,perception_aware_potential_game,grid,utility,utility,none,0,0,,coalition_game,11,,10;19,10;19,19,"{""19"": 37}","{""10"": 4928, ""19"": 4762}",76192,42.37597330367075,10,40.0,60.0,ns3,899,0.5,10,12,28,,,[],[],19>10:2,,10,27,
2026_07_15_01_26_56,000108,12,all-cluster-heads,perception_aware_potential_game,grid,utility,utility,none,0,0,,coalition_game,11,,4;12,12;4,4,"{""4"": 37}","{""4"": 4778, ""12"": 4997}",76448,42.518353726362626,10,40.0,60.0,ns3,899,0.5,10,12,28,,,[],[],4>12:3,,9,33,
2026_07_15_01_26_56,000108,13,all-cluster-heads,perception_aware_potential_game,grid,utility,utility,none,0,0,,coalition_game,11,,9;13,13;9,9,"{""9"": 37}","{""9"": 4829, ""13"": 4757}",77264,42.97219132369299,10,40.0,60.0,ns3,899,0.5,10,12,28,,,[],[],9>13:4,,3,22,
2026_07_15_01_26_56,000108,14,all-cluster-heads,perception_aware_potential_game,grid,utility,utility,none,0,0,,coalition_game,11,,14,14,,{},"{""14"": 4804}",0,0.0,10,40.0,60.0,ns3,899,0.5,10,12,28,,,[],[],,,,,empty_pillars
2026_07_15_01_26_56,000108,15,all-cluster-heads,perception_aware_potential_game,grid,utility,utility,none,0,0,,coalition_game,11,,6;15,15;6,6,"{""6"": 37}","{""6"": 4581, ""15"": 4792}",73296,40.765294771968854,10,40.0,60.0,ns3,899,0.5,10,12,28,,,[],[],6>15:5,,14,24,
2026_07_15_01_26_56,000108,16,all-cluster-heads,perception_aware_potential_game,grid,utility,utility,none,0,0,,coalition_game,11,,16;17,16;17,17,"{""17"": 37}","{""16"": 4980, ""17"": 4846}",77536,43.12347052280312,10,40.0,60.0,ns3,899,0.5,10,12,28,,,[],[],17>16:6,,9,19,
2026_07_15_01_26_56,000108,18,all-cluster-heads,perception_aware_potential_game,grid,utility,utility,none,0,0,,coalition_game,11,,3;18,18;3,3,"{""3"": 37}","{""3"": 4818, ""18"": 4916}",77088,42.87430478309232,10,40.0,60.0,ns3,899,0.5,10,12,28,,,[],[],3>18:7,,1,7,
2026_07_15_01_26_56,000108,20,all-cluster-heads,perception_aware_potential_game,grid,utility,utility,none,0,0,,coalition_game,11,,5;20,20;5,5,"{""5"": 37}","{""5"": 4867, ""20"": 4899}",77872,43.310344827586206,10,40.0,60.0,ns3,899,0.5,10,12,28,,,[],[],5>20:8,,8,28,
2026_07_15_01_26_56,000110,1,all-cluster-heads,perception_aware_potential_game,grid,utility,utility,none,0,0,,coalition_game,10,,1;11,1;11,11,"{""11"": 37}","{""1"": 4928, ""11"": 4832}",77312,42.998887652947715,10,40.0,60.0,ns3,899,0.5,10,12,28,,,[],[],11>1:0,,16,32,
2026_07_15_01_26_56,000110,2,all-cluster-heads,perception_aware_potential_game,grid,utility,utility,none,0,0,,coalition_game,10,,2;8,2;8,8,"{""8"": 37}","{""2"": 4860, ""8"": 4786}",76576,42.58954393770856,10,40.0,60.0,ns3,899,0.5,10,12,28,,,[],[],8>2:1,,16,39,
2026_07_15_01_26_56,000110,10,all-cluster-heads,perception_aware_potential_game,grid,utility,utility,none,0,0,,coalition_game,10,,10;19,10;19,19,"{""19"": 37}","{""10"": 4929, ""19"": 4762}",76192,42.37597330367075,10,40.0,60.0,ns3,899,0.5,10,12,28,,,[],[],19>10:2,,10,27,
2026_07_15_01_26_56,000110,12,all-cluster-heads,perception_aware_potential_game,grid,utility,utility,none,0,0,,coalition_game,10,,4;12,12;4,4,"{""4"": 37}","{""4"": 4777, ""12"": 4997}",76432,42.509454949944384,10,40.0,60.0,ns3,899,0.5,10,12,28,,,[],[],4>12:3,,9,33,
2026_07_15_01_26_56,000110,13,all-cluster-heads,perception_aware_potential_game,grid,utility,utility,none,0,0,,coalition_game,10,,9;13,13;9,9,"{""9"": 37}","{""9"": 4829, ""13"": 4738}",77264,42.97219132369299,10,40.0,60.0,ns3,899,0.5,10,12,28,,,[],[],9>13:4,,5,22,
2026_07_15_01_26_56,000110,14,all-cluster-heads,perception_aware_potential_game,grid,utility,utility,none,0,0,,coalition_game,10,,7;14,14;7,7,"{""7"": 37}","{""7"": 4813, ""14"": 4841}",77008,42.82981090100111,10,40.0,60.0,ns3,899,0.5,10,12,28,,,[],[],7>14:5,,10,12,
2026_07_15_01_26_56,000110,15,all-cluster-heads,perception_aware_potential_game,grid,utility,utility,none,0,0,,coalition_game,10,,6;15,15;6,6,"{""6"": 37}","{""6"": 4596, ""15"": 4814}",73536,40.89877641824249,10,40.0,60.0,ns3,899,0.5,10,12,28,,,[],[],6>15:6,,13,24,
2026_07_15_01_26_56,000110,16,all-cluster-heads,perception_aware_potential_game,grid,utility,utility,none,0,0,,coalition_game,10,,16;17,16;17,17,"{""17"": 37}","{""16"": 4974, ""17"": 4859}",77744,43.23915461624027,10,40.0,60.0,ns3,899,0.5,10,12,28,,,[],[],17>16:7,,7,18,
2026_07_15_01_26_56,000110,18,all-cluster-heads,perception_aware_potential_game,grid,utility,utility,none,0,0,,coalition_game,10,,3;18,18;3,3,"{""3"": 37}","{""3"": 4830, ""18"": 4900}",77280,42.98109010011123,10,40.0,60.0,ns3,899,0.5,10,12,28,,,[],[],3>18:8,,2,5,
2026_07_15_01_26_56,000110,20,all-cluster-heads,perception_aware_potential_game,grid,utility,utility,none,0,0,,coalition_game,10,,5;20,20;5,5,"{""5"": 37}","{""5"": 4858, ""20"": 4898}",77728,43.23025583982203,10,40.0,60.0,ns3,899,0.5,10,12,28,,,[],[],5>20:9,,8,28,
2026_07_15_01_26_56,000112,1,all-cluster-heads,perception_aware_potential_game,grid,utility,utility,none,0,0,,coalition_game,10,,1;11,1;11,11,"{""11"": 37}","{""1"": 4926, ""11"": 4833}",77328,43.007786429365964,10,40.0,60.0,ns3,899,0.5,10,12,28,,,[],[],11>1:0,,15,31,
2026_07_15_01_26_56,000112,2,all-cluster-heads,perception_aware_potential_game,grid,utility,utility,none,0,0,,coalition_game,10,,2;8,2;8,8,"{""8"": 37}","{""2"": 4859, ""8"": 4786}",76576,42.58954393770856,10,40.0,60.0,ns3,899,0.5,10,12,28,,,[],[],8>2:1,,15,38,
2026_07_15_01_26_56,000112,10,all-cluster-heads,perception_aware_potential_game,grid,utility,utility,none,0,0,,coalition_game,10,,10;19,10;19,19,"{""19"": 37}","{""10"": 4928, ""19"": 4762}",76192,42.37597330367075,10,40.0,60.0,ns3,899,0.5,10,12,28,,,[],[],19>10:2,,10,27,
2026_07_15_01_26_56,000112,12,all-cluster-heads,perception_aware_potential_game,grid,utility,utility,none,0,0,,coalition_game,10,,4;12,12;4,4,"{""4"": 37}","{""4"": 4775, ""12"": 5013}",76400,42.4916573971079,10,40.0,60.0,ns3,899,0.5,10,12,28,,,[],[],4>12:3,,9,33,
2026_07_15_01_26_56,000112,13,all-cluster-heads,perception_aware_potential_game,grid,utility,utility,none,0,0,,coalition_game,10,,9;13,13;9,9,"{""9"": 37}","{""9"": 4829, ""13"": 4707}",77264,42.97219132369299,10,40.0,60.0,ns3,899,0.5,10,12,28,,,[],[],9>13:4,,4,20,
2026_07_15_01_26_56,000112,14,all-cluster-heads,perception_aware_potential_game,grid,utility,utility,none,0,0,,coalition_game,10,,7;14,14;7,7,"{""7"": 37}","{""7"": 4808, ""14"": 4813}",76928,42.7853170189099,10,40.0,60.0,ns3,899,0.5,10,12,28,,,[],[],7>14:5,,9,13,
2026_07_15_01_26_56,000112,15,all-cluster-heads,perception_aware_potential_game,grid,utility,utility,none,0,0,,coalition_game,10,,6;15,15;6,6,"{""6"": 37}","{""6"": 4581, ""15"": 4776}",73296,40.765294771968854,10,40.0,60.0,ns3,899,0.5,10,12,28,,,[],[],6>15:6,,15,23,
2026_07_15_01_26_56,000112,16,all-cluster-heads,perception_aware_potential_game,grid,utility,utility,none,0,0,,coalition_game,10,,16;17,16;17,17,"{""17"": 37}","{""16"": 4976, ""17"": 4857}",77712,43.22135706340379,10,40.0,60.0,ns3,899,0.5,10,12,28,,,[],[],17>16:7,,6,17,
2026_07_15_01_26_56,000112,18,all-cluster-heads,perception_aware_potential_game,grid,utility,utility,none,0,0,,coalition_game,10,,3;18,18;3,3,"{""3"": 37}","{""3"": 4825, ""18"": 4899}",77200,42.93659621802002,10,40.0,60.0,ns3,899,0.5,10,12,28,,,[],[],3>18:8,,0,4,
2026_07_15_01_26_56,000112,20,all-cluster-heads,perception_aware_potential_game,grid,utility,utility,none,0,0,,coalition_game,10,,5;20,20;5,5,"{""5"": 37}","{""5"": 4847, ""20"": 4898}",77552,43.13236929922136,10,40.0,60.0,ns3,899,0.5,10,12,28,,,[],[],5>20:9,,9,29,
2026_07_15_01_26_56,000114,1,all-cluster-heads,perception_aware_potential_game,grid,utility,utility,none,0,0,,coalition_game,10,,1;11,1;11,11,"{""11"": 37}","{""1"": 4926, ""11"": 4833}",77328,43.007786429365964,10,40.0,60.0,ns3,899,0.5,10,12,28,,,[],[],11>1:0,,15,31,
2026_07_15_01_26_56,000114,2,all-cluster-heads,perception_aware_potential_game,grid,utility,utility,none,0,0,,coalition_game,10,,2;8,2;8,8,"{""8"": 37}","{""2"": 4858, ""8"": 4786}",76576,42.58954393770856,10,40.0,60.0,ns3,899,0.5,10,12,28,,,[],[],8>2:1,,16,38,
2026_07_15_01_26_56,000114,10,all-cluster-heads,perception_aware_potential_game,grid,utility,utility,none,0,0,,coalition_game,10,,10;19,10;19,19,"{""19"": 37}","{""10"": 4928, ""19"": 4760}",76160,42.35817575083426,10,40.0,60.0,ns3,899,0.5,10,12,28,,,[],[],19>10:2,,9,27,
2026_07_15_01_26_56,000114,12,all-cluster-heads,perception_aware_potential_game,grid,utility,utility,none,0,0,,coalition_game,10,,4;12,12;4,4,"{""4"": 37}","{""4"": 4777, ""12"": 5019}",76432,42.509454949944384,10,40.0,60.0,ns3,899,0.5,10,12,28,,,[],[],4>12:3,,8,33,
2026_07_15_01_26_56,000114,13,all-cluster-heads,perception_aware_potential_game,grid,utility,utility,none,0,0,,coalition_game,10,,9;13,13;9,9,"{""9"": 37}","{""9"": 4828, ""13"": 4726}",77248,42.96329254727475,10,40.0,60.0,ns3,899,0.5,10,12,28,,,[],[],9>13:4,,4,21,
2026_07_15_01_26_56,000114,14,all-cluster-heads,perception_aware_potential_game,grid,utility,utility,none,0,0,,coalition_game,10,,7;14,14;7,7,"{""7"": 37}","{""7"": 4808, ""14"": 4823}",76928,42.7853170189099,10,40.0,60.0,ns3,899,0.5,10,12,28,,,[],[],7>14:5,,8,14,
2026_07_15_01_26_56,000114,15,all-cluster-heads,perception_aware_potential_game,grid,utility,utility,none,0,0,,coalition_game,10,,6;15,15;6,6,"{""6"": 37}","{""6"": 4575, ""15"": 4789}",73200,40.7119021134594,10,40.0,60.0,ns3,899,0.5,10,12,28,,,[],[],6>15:6,,15,23,
2026_07_15_01_26_56,000114,16,all-cluster-heads,perception_aware_potential_game,grid,utility,utility,none,0,0,,coalition_game,10,,16;17,16;17,17,"{""17"": 37}","{""16"": 4987, ""17"": 4865}",77840,43.29254727474972,10,40.0,60.0,ns3,899,0.5,10,12,28,,,[],[],17>16:7,,7,17,
2026_07_15_01_26_56,000114,18,all-cluster-heads,perception_aware_potential_game,grid,utility,utility,none,0,0,,coalition_game,10,,3;18,18;3,3,"{""3"": 37}","{""3"": 4806, ""18"": 4917}",76896,42.767519466073416,10,40.0,60.0,ns3,899,0.5,10,12,28,,,[],[],3>18:8,,0,5,
2026_07_15_01_26_56,000114,20,all-cluster-heads,perception_aware_potential_game,grid,utility,utility,none,0,0,,coalition_game,10,,5;20,20;5,5,"{""5"": 37}","{""5"": 4837, ""20"": 4899}",77392,43.04338153503893,10,40.0,60.0,ns3,899,0.5,10,12,28,,,[],[],5>20:9,,6,29,
2026_07_15_01_26_56,000116,1,all-cluster-heads,perception_aware_potential_game,grid,utility,utility,none,0,0,,coalition_game,10,,1;11,1;11,11,"{""11"": 37}","{""1"": 4926, ""11"": 4834}",77344,43.016685205784206,10,40.0,60.0,ns3,899,0.5,10,12,28,,,[],[],11>1:0,,15,31,
2026_07_15_01_26_56,000116,2,all-cluster-heads,perception_aware_potential_game,grid,utility,utility,none,0,0,,coalition_game,10,,2;8,2;8,8,"{""8"": 37}","{""2"": 4858, ""8"": 4787}",76592,42.598442714126804,10,40.0,60.0,ns3,899,0.5,10,12,28,,,[],[],8>2:1,,14,38,
2026_07_15_01_26_56,000116,10,all-cluster-heads,perception_aware_potential_game,grid,utility,utility,none,0,0,,coalition_game,10,,10;19,10;19,19,"{""19"": 37}","{""10"": 4925, ""19"": 4758}",76128,42.34037819799778,10,40.0,60.0,ns3,899,0.5,10,12,28,,,[],[],19>10:2,,9,27,
2026_07_15_01_26_56,000116,12,all-cluster-heads,perception_aware_potential_game,grid,utility,utility,none,0,0,,coalition_game,10,,4;12,12;4,4,"{""4"": 37}","{""4"": 4777, ""12"": 4999}",76432,42.509454949944384,10,40.0,60.0,ns3,899,0.5,10,12,28,,,[],[],4>12:3,,8,33,
2026_07_15_01_26_56,000116,13,all-cluster-heads,perception_aware_potential_game,grid,utility,utility,none,0,0,,coalition_game,10,,9;13,13;9,9,"{""9"": 37}","{""9"": 4827, ""13"": 4746}",77232,42.954393770856505,10,40.0,60.0,ns3,899,0.5,10,12,28,,,[],[],9>13:4,,3,21,
2026_07_15_01_26_56,000116,14,all-cluster-heads,perception_aware_potential_game,grid,utility,utility,none,0,0,,coalition_game,10,,7;14,14;7,7,"{""7"": 37}","{""7"": 4804, ""14"": 4826}",76864,42.749721913236925,10,40.0,60.0,ns3,899,0.5,10,12,28,,,[],[],7>14:5,,7,14,
2026_07_15_01_26_56,000116,15,all-cluster-heads,perception_aware_potential_game,grid,utility,utility,none,0,0,,coalition_game,10,,6;15,15;6,6,"{""6"": 37}","{""6"": 4604, ""15"": 4804}",73664,40.969966629588434,10,40.0,60.0,ns3,899,0.5,10,12,28,,,[],[],6>15:6,,13,23,
2026_07_15_01_26_56,000116,16,all-cluster-heads,perception_aware_potential_game,grid,utility,utility,none,0,0,,coalition_game,10,,16;17,16;17,17,"{""17"": 37}","{""16"": 4994, ""17"": 4870}",77920,43.33704115684093,10,40.0,60.0,ns3,899,0.5,10,12,28,,,[],[],17>16:7,,8,16,
2026_07_15_01_26_56,000116,18,all-cluster-heads,perception_aware_potential_game,grid,utility,utility,none,0,0,,coalition_game,10,,3;18,18;3,3,"{""3"": 37}","{""3"": 4810, ""18"": 4888}",76960,42.803114571746384,10,40.0,60.0,ns3,899,0.5,10,12,28,,,[],[],3>18:8,,0,4,
2026_07_15_01_26_56,000116,20,all-cluster-heads,perception_aware_potential_game,grid,utility,utility,none,0,0,,coalition_game,10,,5;20,20;5,5,"{""5"": 37}","{""5"": 4853, ""20"": 4899}",77648,43.18576195773081,10,40.0,60.0,ns3,899,0.5,10,12,28,,,[],[],5>20:9,,6,28,
2026_07_15_01_26_56,000118,1,all-cluster-heads,perception_aware_potential_game,grid,utility,utility,none,0,0,,coalition_game,10,,1;11,1;11,11,"{""11"": 37}","{""1"": 4927, ""11"": 4835}",77360,43.02558398220245,10,40.0,60.0,ns3,899,0.5,10,12,28,,,[],[],11>1:0,,14,31,
2026_07_15_01_26_56,000118,2,all-cluster-heads,perception_aware_potential_game,grid,utility,utility,none,0,0,,coalition_game,10,,2;8,2;8,8,"{""8"": 37}","{""2"": 4868, ""8"": 4789}",76624,42.61624026696329,10,40.0,60.0,ns3,899,0.5,10,12,28,,,[],[],8>2:1,,15,38,
2026_07_15_01_26_56,000118,10,all-cluster-heads,perception_aware_potential_game,grid,utility,utility,none,0,0,,coalition_game,10,,10;19,10;19,19,"{""19"": 37}","{""10"": 4926, ""19"": 4758}",76128,42.34037819799778,10,40.0,60.0,ns3,899,0.5,10,12,28,,,[],[],19>10:2,,10,28,
2026_07_15_01_26_56,000118,12,all-cluster-heads,perception_aware_potential_game,grid,utility,utility,none,0,0,,coalition_game,10,,4;12,12;4,4,"{""4"": 37}","{""4"": 4776, ""12"": 5018}",76416,42.50055617352614,10,40.0,60.0,ns3,899,0.5,10,12,28,,,[],[],4>12:3,,9,32,
2026_07_15_01_26_56,000118,13,all-cluster-heads,perception_aware_potential_game,grid,utility,utility,none,0,0,,coalition_game,10,,9;13,13;9,9,"{""9"": 37}","{""9"": 4826, ""13"": 4711}",77216,42.94549499443826,10,40.0,60.0,ns3,899,0.5,10,12,28,,,[],[],9>13:4,,5,20,
2026_07_15_01_26_56,000118,14,all-cluster-heads,perception_aware_potential_game,grid,utility,utility,none,0,0,,coalition_game,10,,7;14,14;7,7,"{""7"": 37}","{""7"": 4800, ""14"": 4863}",76800,42.71412680756396,10,40.0,60.0,ns3,899,0.5,10,12,28,,,[],[],7>14:5,,7,14,
2026_07_15_01_26_56,000118,15,all-cluster-heads,perception_aware_potential_game,grid,utility,utility,none,0,0,,coalition_game,10,,6;15,15;6,6,"{""6"": 37}","{""6"": 4613, ""15"": 4815}",73808,41.05005561735261,10,40.0,60.0,ns3,899,0.5,10,12,28,,,[],[],6>15:6,,13,22,
2026_07_15_01_26_56,000118,16,all-cluster-heads,perception_aware_potential_game,grid,utility,utility,none,0,0,,coalition_game,10,,16;17,16;17,17,"{""17"": 37}","{""16"": 4998, ""17"": 4874}",77984,43.37263626251391,10,40.0,60.0,ns3,899,0.5,10,12,28,,,[],[],17>16:7,,7,17,
2026_07_15_01_26_56,000118,18,all-cluster-heads,perception_aware_potential_game,grid,utility,utility,none,0,0,,coalition_game,10,,3;18,18;3,3,"{""3"": 37}","{""3"": 4830, ""18"": 4898}",77280,42.98109010011123,10,40.0,60.0,ns3,899,0.5,10,12,28,,,[],[],3>18:8,,1,3,
2026_07_15_01_26_56,000118,20,all-cluster-heads,perception_aware_potential_game,grid,utility,utility,none,0,0,,coalition_game,10,,5;20,20;5,5,"{""5"": 37}","{""5"": 4834, ""20"": 4899}",77344,43.016685205784206,10,40.0,60.0,ns3,899,0.5,10,12,28,,,[],[],5>20:9,,7,28,
2026_07_15_01_26_56,000120,1,all-cluster-heads,perception_aware_potential_game,grid,utility,utility,none,0,0,,coalition_game,10,,1;11,1;11,11,"{""11"": 37}","{""1"": 4928, ""11"": 4835}",77360,43.02558398220245,10,40.0,60.0,ns3,899,0.5,10,12,28,,,[],[],11>1:0,,14,31,
2026_07_15_01_26_56,000120,2,all-cluster-heads,perception_aware_potential_game,grid,utility,utility,none,0,0,,coalition_game,10,,2;8,2;8,8,"{""8"": 37}","{""2"": 4867, ""8"": 4789}",76624,42.61624026696329,10,40.0,60.0,ns3,899,0.5,10,12,28,,,[],[],8>2:1,,13,37,
2026_07_15_01_26_56,000120,10,all-cluster-heads,perception_aware_potential_game,grid,utility,utility,none,0,0,,coalition_game,10,,10;19,10;19,19,"{""19"": 37}","{""10"": 4927, ""19"": 4761}",76176,42.367074527252505,10,40.0,60.0,ns3,899,0.5,10,12,28,,,[],[],19>10:2,,9,28,
2026_07_15_01_26_56,000120,12,all-cluster-heads,perception_aware_potential_game,grid,utility,utility,none,0,0,,coalition_game,10,,4;12,12;4,4,"{""4"": 37}","{""4"": 4776, ""12"": 5020}",76416,42.50055617352614,10,40.0,60.0,ns3,899,0.5,10,12,28,,,[],[],4>12:3,,8,33,
2026_07_15_01_26_56,000120,13,all-cluster-heads,perception_aware_potential_game,grid,utility,utility,none,0,0,,coalition_game,10,,9;13,13;9,9,"{""9"": 37}","{""9"": 4827, ""13"": 4704}",77232,42.954393770856505,10,40.0,60.0,ns3,899,0.5,10,12,28,,,[],[],9>13:4,,5,20,
2026_07_15_01_26_56,000120,14,all-cluster-heads,perception_aware_potential_game,grid,utility,utility,none,0,0,,coalition_game,10,,7;14,14;7,7,"{""7"": 37}","{""7"": 4799, ""14"": 4863}",76784,42.705228031145715,10,40.0,60.0,ns3,899,0.5,10,12,28,,,[],[],7>14:5,,8,14,
2026_07_15_01_26_56,000120,15,all-cluster-heads,perception_aware_potential_game,grid,utility,utility,none,0,0,,coalition_game,10,,6;15,15;6,6,"{""6"": 37}","{""6"": 4595, ""15"": 4811}",73520,40.88987764182425,10,40.0,60.0,ns3,899,0.5,10,12,28,,,[],[],6>15:6,,14,22,
2026_07_15_01_26_56,000120,16,all-cluster-heads,perception_aware_potential_game,grid,utility,utility,none,0,0,,coalition_game,10,,16;17,16;17,17,"{""17"": 37}","{""16"": 4996, ""17"": 4878}",78048,43.408231368186875,10,40.0,60.0,ns3,899,0.5,10,12,28,,,[],[],17>16:7,,6,16,
2026_07_15_01_26_56,000120,18,all-cluster-heads,perception_aware_potential_game,grid,utility,utility,none,0,0,,coalition_game,10,,3;18,18;3,3,"{""3"": 37}","{""3"": 4817, ""18"": 4887}",77072,42.86540600667408,10,40.0,60.0,ns3,899,0.5,10,12,28,,,[],[],3>18:8,,0,4,
2026_07_15_01_26_56,000120,20,all-cluster-heads,perception_aware_potential_game,grid,utility,utility,none,0,0,,coalition_game,10,,5;20,20;5,5,"{""5"": 37}","{""5"": 4839, ""20"": 4901}",77424,43.06117908787542,10,40.0,60.0,ns3,899,0.5,10,12,28,,,[],[],5>20:9,,6,28,
2026_07_15_01_26_56,000122,1,all-cluster-heads,perception_aware_potential_game,grid,utility,utility,none,0,0,,coalition_game,10,,1;11,1;11,11,"{""11"": 37}","{""1"": 4925, ""11"": 4835}",77360,43.02558398220245,10,40.0,60.0,ns3,899,0.5,10,12,28,,,[],[],11>1:0,,14,31,
2026_07_15_01_26_56,000122,2,all-cluster-heads,perception_aware_potential_game,grid,utility,utility,none,0,0,,coalition_game,10,,2;8,2;8,8,"{""8"": 37}","{""2"": 4867, ""8"": 4787}",76592,42.598442714126804,10,40.0,60.0,ns3,899,0.5,10,12,28,,,[],[],8>2:1,,15,37,
2026_07_15_01_26_56,000122,10,all-cluster-heads,perception_aware_potential_game,grid,utility,utility,none,0,0,,coalition_game,10,,10;19,10;19,19,"{""19"": 37}","{""10"": 4927, ""19"": 4754}",76064,42.304783092324804,10,40.0,60.0,ns3,899,0.5,10,12,28,,,[],[],19>10:2,,9,27,
2026_07_15_01_26_56,000122,12,all-cluster-heads,perception_aware_potential_game,grid,utility,utility,none,0,0,,coalition_game,10,,4;12,12;4,4,"{""4"": 37}","{""4"": 4774, ""12"": 5019}",76384,42.48275862068966,10,40.0,60.0,ns3,899,0.5,10,12,28,,,[],[],4>12:3,,9,34,
2026_07_15_01_26_56,000122,13,all-cluster-heads,perception_aware_potential_game,grid,utility,utility,none,0,0,,coalition_game,10,,9;13,13;9,9,"{""9"": 37}","{""9"": 4826, ""13"": 4698}",77216,42.94549499443826,10,40.0,60.0,ns3,899,0.5,10,12,28,,,[],[],9>13:4,,4,19,
2026_07_15_01_26_56,000122,14,all-cluster-heads,perception_aware_potential_game,grid,utility,utility,none,0,0,,coalition_game,10,,7;14,14;7,7,"{""7"": 37}","{""7"": 4799, ""14"": 4861}",76784,42.705228031145715,10,40.0,60.0,ns3,899,0.5,10,12,28,,,[],[],7>14:5,,9,14,
2026_07_15_01_26_56,000122,15,all-cluster-heads,perception_aware_potential_game,grid,utility,utility,none,0,0,,coalition_game,10,,6;15,15;6,6,"{""6"": 37}","{""6"": 4608, ""15"": 4812}",73728,41.0055617352614,10,40.0,60.0,ns3,899,0.5,10,12,28,,,[],[],6>15:6,,15,22,
2026_07_15_01_26_56,000122,16,all-cluster-heads,perception_aware_potential_game,grid,utility,utility,none,0,0,,coalition_game,10,,16;17,16;17,17,"{""17"": 37}","{""16"": 4999, ""17"": 4882}",78112,43.44382647385984,10,40.0,60.0,ns3,899,0.5,10,12,28,,,[],[],17>16:7,,7,16,
2026_07_15_01_26_56,000122,18,all-cluster-heads,perception_aware_potential_game,grid,utility,utility,none,0,0,,coalition_game,10,,3;18,18;3,3,"{""3"": 37}","{""3"": 4796, ""18"": 4895}",76736,42.67853170189099,10,40.0,60.0,ns3,899,0.5,10,12,28,,,[],[],3>18:8,,0,3,
2026_07_15_01_26_56,000122,20,all-cluster-heads,perception_aware_potential_game,grid,utility,utility,none,0,0,,coalition_game,10,,5;20,20;5,5,"{""5"": 37}","{""5"": 4838, ""20"": 4897}",77408,43.052280311457174,10,40.0,60.0,ns3,899,0.5,10,12,28,,,[],[],5>20:9,,6,27,
2026_07_15_01_26_56,000124,1,all-cluster-heads,perception_aware_potential_game,grid,utility,utility,none,0,0,,coalition_game,10,,1;11,1;11,11,"{""11"": 37}","{""1"": 4925, ""11"": 4836}",77376,43.03448275862069,10,40.0,60.0,ns3,899,0.5,10,12,28,,,[],[],11>1:0,,14,31,
2026_07_15_01_26_56,000124,2,all-cluster-heads,perception_aware_potential_game,grid,utility,utility,none,0,0,,coalition_game,10,,2;8,2;8,8,"{""8"": 37}","{""2"": 4868, ""8"": 4789}",76624,42.61624026696329,10,40.0,60.0,ns3,899,0.5,10,12,28,,,[],[],8>2:1,,15,37,
2026_07_15_01_26_56,000124,10,all-cluster-heads,perception_aware_potential_game,grid,utility,utility,none,0,0,,coalition_game,10,,10;19,10;19,19,"{""19"": 37}","{""10"": 4926, ""19"": 4755}",76080,42.313681868743046,10,40.0,60.0,ns3,899,0.5,10,12,28,,,[],[],19>10:2,,9,27,
2026_07_15_01_26_56,000124,12,all-cluster-heads,perception_aware_potential_game,grid,utility,utility,none,0,0,,coalition_game,10,,4;12,12;4,4,"{""4"": 37}","{""4"": 4776, ""12"": 4985}",76416,42.50055617352614,10,40.0,60.0,ns3,899,0.5,10,12,28,,,[],[],4>12:3,,9,34,
2026_07_15_01_26_56,000124,13,all-cluster-heads,perception_aware_potential_game,grid,utility,utility,none,0,0,,coalition_game,10,,9;13,13;9,9,"{""9"": 37}","{""9"": 4825, ""13"": 4711}",77200,42.93659621802002,10,40.0,60.0,ns3,899,0.5,10,12,28,,,[],[],9>13:4,,4,19,
2026_07_15_01_26_56,000124,14,all-cluster-heads,perception_aware_potential_game,grid,utility,utility,none,0,0,,coalition_game,10,,7;14,14;7,7,"{""7"": 37}","{""7"": 4798, ""14"": 4828}",76768,42.69632925472747,10,40.0,60.0,ns3,899,0.5,10,12,28,,,[],[],7>14:5,,8,14,
2026_07_15_01_26_56,000124,15,all-cluster-heads,perception_aware_potential_game,grid,utility,utility,none,0,0,,coalition_game,10,,6;15,15;6,6,"{""6"": 37}","{""6"": 4621, ""15"": 4813}",73936,41.121245828698555,10,40.0,60.0,ns3,899,0.5,10,12,28,,,[],[],6>15:6,,14,22,
2026_07_15_01_26_56,000124,16,all-cluster-heads,perception_aware_potential_game,grid,utility,utility,none,0,0,,coalition_game,10,,16;17,16;17,17,"{""17"": 37}","{""16"": 5015, ""17"": 4882}",78112,43.44382647385984,10,40.0,60.0,ns3,899,0.5,10,12,28,,,[],[],17>16:7,,7,16,
2026_07_15_01_26_56,000124,18,all-cluster-heads,perception_aware_potential_game,grid,utility,utility,none,0,0,,coalition_game,10,,3;18,18;3,3,"{""3"": 37}","{""3"": 4829, ""18"": 4891}",77264,42.97219132369299,10,40.0,60.0,ns3,899,0.5,10,12,28,,,[],[],3>18:8,,2,3,
2026_07_15_01_26_56,000124,20,all-cluster-heads,perception_aware_potential_game,grid,utility,utility,none,0,0,,coalition_game,10,,5;20,20;5,5,"{""5"": 37}","{""5"": 4813, ""20"": 4897}",77008,42.82981090100111,10,40.0,60.0,ns3,899,0.5,10,12,28,,,[],[],5>20:9,,6,28,
2026_07_15_01_26_56,000126,1,all-cluster-heads,perception_aware_potential_game,grid,utility,utility,none,0,0,,coalition_game,10,,1;11,1;11,11,"{""11"": 37}","{""1"": 4926, ""11"": 4837}",77392,43.04338153503893,10,40.0,60.0,ns3,899,0.5,10,12,28,,,[],[],11>1:0,,14,31,
2026_07_15_01_26_56,000126,2,all-cluster-heads,perception_aware_potential_game,grid,utility,utility,none,0,0,,coalition_game,10,,2;8,2;8,8,"{""8"": 37}","{""2"": 4870, ""8"": 4789}",76624,42.61624026696329,10,40.0,60.0,ns3,899,0.5,10,12,28,,,[],[],8>2:1,,15,36,
2026_07_15_01_26_56,000126,10,all-cluster-heads,perception_aware_potential_game,grid,utility,utility,none,0,0,,coalition_game,10,,10;19,10;19,19,"{""19"": 37}","{""10"": 4925, ""19"": 4756}",76096,42.32258064516129,10,40.0,60.0,ns3,899,0.5,10,12,28,,,[],[],19>10:2,,9,27,
2026_07_15_01_26_56,000126,12,all-cluster-heads,perception_aware_potential_game,grid,utility,utility,none,0,0,,coalition_game,10,,4;12,12;4,4,"{""4"": 37}","{""4"": 4774, ""12"": 4992}",76384,42.48275862068966,10,40.0,60.0,ns3,899,0.5,10,12,28,,,[],[],4>12:3,,9,34,
2026_07_15_01_26_56,000126,13,all-cluster-heads,perception_aware_potential_game,grid,utility,utility,none,0,0,,coalition_game,10,,9;13,13;9,9,"{""9"": 37}","{""9"": 4826, ""13"": 4690}",77216,42.94549499443826,10,40.0,60.0,ns3,899,0.5,10,12,28,,,[],[],9>13:4,,3,18,
2026_07_15_01_26_56,000126,14,all-cluster-heads,perception_aware_potential_game,grid,utility,utility,none,0,0,,coalition_game,10,,7;14,14;7,7,"{""7"": 37}","{""7"": 4799, ""14"": 4808}",76784,42.705228031145715,10,40.0,60.0,ns3,899,0.5,10,12,28,,,[],[],7>14:5,,8,14,
2026_07_15_01_26_56,000126,15,all-cluster-heads,perception_aware_potential_game,grid,utility,utility,none,0,0,,coalition_game,10,,6;15,15;6,6,"{""6"": 37}","{""6"": 4622, ""15"": 4825}",73952,41.1301446051168,10,40.0,60.0,ns3,899,0.5,10,12,28,,,[],[],6>15:6,,13,23,
2026_07_15_01_26_56,000126,16,all-cluster-heads,perception_aware_potential_game,grid,utility,utility,none,0,0,,coalition_game,10,,16;17,16;17,17,"{""17"": 37}","{""16"": 5021, ""17"": 4880}",78080,43.42602892102336,10,40.0,60.0,ns3,899,0.5,10,12,28,,,[],[],17>16:7,,7,16,
2026_07_15_01_26_56,000126,18,all-cluster-heads,perception_aware_potential_game,grid,utility,utility,none,0,0,,coalition_game,10,,3;18,18;3,3,"{""3"": 37}","{""3"": 4838, ""18"": 4875}",77408,43.052280311457174,10,40.0,60.0,ns3,899,0.5,10,12,28,,,[],[],3>18:8,,1,4,
2026_07_15_01_26_56,000126,20,all-cluster-heads,perception_aware_potential_game,grid,utility,utility,none,0,0,,coalition_game,10,,5;20,20;5,5,"{""5"": 37}","{""5"": 4819, ""20"": 4899}",77104,42.88320355951056,10,40.0,60.0,ns3,899,0.5,10,12,28,,,[],[],5>20:9,,7,28,
2026_07_15_01_26_56,000128,1,all-cluster-heads,perception_aware_potential_game,grid,utility,utility,none,0,0,,coalition_game,10,,1;11,1;11,11,"{""11"": 37}","{""1"": 4925, ""11"": 4837}",77392,43.04338153503893,10,40.0,60.0,ns3,899,0.5,10,12,28,,,[],[],11>1:0,,14,30,
2026_07_15_01_26_56,000128,2,all-cluster-heads,perception_aware_potential_game,grid,utility,utility,none,0,0,,coalition_game,10,,2;8,2;8,8,"{""8"": 37}","{""2"": 4861, ""8"": 4789}",76624,42.61624026696329,10,40.0,60.0,ns3,899,0.5,10,12,28,,,[],[],8>2:1,,16,37,
2026_07_15_01_26_56,000128,10,all-cluster-heads,perception_aware_potential_game,grid,utility,utility,none,0,0,,coalition_game,10,,10;19,10;19,19,"{""19"": 37}","{""10"": 4923, ""19"": 4759}",76144,42.34927697441602,10,40.0,60.0,ns3,899,0.5,10,12,28,,,[],[],19>10:2,,10,27,
2026_07_15_01_26_56,000128,12,all-cluster-heads,perception_aware_potential_game,grid,utility,utility,none,0,0,,coalition_game,10,,4;12,12;4,4,"{""4"": 37}","{""4"": 4775, ""12"": 4996}",76400,42.4916573971079,10,40.0,60.0,ns3,899,0.5,10,12,28,,,[],[],4>12:3,,10,33,
2026_07_15_01_26_56,000128,13,all-cluster-heads,perception_aware_potential_game,grid,utility,utility,none,0,0,,coalition_game,10,,9;13,13;9,9,"{""9"": 37}","{""9"": 4827, ""13"": 4698}",77232,42.954393770856505,10,40.0,60.0,ns3,899,0.5,10,12,28,,,[],[],9>13:4,,3,17,
2026_07_15_01_26_56,000128,14,all-cluster-heads,perception_aware_potential_game,grid,utility,utility,none,0,0,,coalition_game,10,,7;14,14;7,7,"{""7"": 37}","{""7"": 4804, ""14"": 4842}",76864,42.749721913236925,10,40.0,60.0,ns3,899,0.5,10,12,28,,,[],[],7>14:5,,7,13,
2026_07_15_01_26_56,000128,15,all-cluster-heads,perception_aware_potential_game,grid,utility,utility,none,0,0,,coalition_game,10,,6;15,15;6,6,"{""6"": 37}","{""6"": 4623, ""15"": 4821}",73968,41.13904338153504,10,40.0,60.0,ns3,899,0.5,10,12,28,,,[],[],6>15:6,,13,23,
2026_07_15_01_26_56,000128,16,all-cluster-heads,perception_aware_potential_game,grid,utility,utility,none,0,0,,coalition_game,10,,16;17,16;17,17,"{""17"": 37}","{""16"": 5018, ""17"": 4880}",78080,43.42602892102336,10,40.0,60.0,ns3,899,0.5,10,12,28,,,[],[],17>16:7,,8,16,
2026_07_15_01_26_56,000128,18,all-cluster-heads,perception_aware_potential_game,grid,utility,utility,none,0,0,,coalition_game,10,,3;18,18;3,3,"{""3"": 37}","{""3"": 4846, ""18"": 4870}",77536,43.12347052280312,10,40.0,60.0,ns3,899,0.5,10,12,28,,,[],[],3>18:8,,0,3,
2026_07_15_01_26_56,000128,20,all-cluster-heads,perception_aware_potential_game,grid,utility,utility,none,0,0,,coalition_game,10,,5;20,20;5,5,"{""5"": 37}","{""5"": 4804, ""20"": 4900}",76864,42.749721913236925,10,40.0,60.0,ns3,899,0.5,10,12,28,,,[],[],5>20:9,,6,28,
2026_07_15_01_26_56,000130,1,all-cluster-heads,perception_aware_potential_game,grid,utility,utility,none,0,0,,coalition_game,10,,1;11,1;11,11,"{""11"": 37}","{""1"": 4928, ""11"": 4839}",77424,43.06117908787542,10,40.0,60.0,ns3,899,0.5,10,12,28,,,[],[],11>1:0,,14,29,
2026_07_15_01_26_56,000130,2,all-cluster-heads,perception_aware_potential_game,grid,utility,utility,none,0,0,,coalition_game,10,,2;8,2;8,8,"{""8"": 37}","{""2"": 4853, ""8"": 4790}",76640,42.62513904338154,10,40.0,60.0,ns3,899,0.5,10,12,28,,,[],[],8>2:1,,16,37,
2026_07_15_01_26_56,000130,10,all-cluster-heads,perception_aware_potential_game,grid,utility,utility,none,0,0,,coalition_game,10,,10;19,10;19,19,"{""19"": 37}","{""10"": 4923, ""19"": 4757}",76112,42.33147942157953,10,40.0,60.0,ns3,899,0.5,10,12,28,,,[],[],19>10:2,,10,27,
2026_07_15_01_26_56,000130,12,all-cluster-heads,perception_aware_potential_game,grid,utility,utility,none,0,0,,coalition_game,10,,4;12,12;4,4,"{""4"": 37}","{""4"": 4775, ""12"": 4999}",76400,42.4916573971079,10,40.0,60.0,ns3,899,0.5,10,12,28,,,[],[],4>12:3,,8,33,
2026_07_15_01_26_56,000130,13,all-cluster-heads,perception_aware_potential_game,grid,utility,utility,none,0,0,,coalition_game,10,,9;13,13;9,9,"{""9"": 37}","{""9"": 4826, ""13"": 4679}",77216,42.94549499443826,10,40.0,60.0,ns3,899,0.5,10,12,28,,,[],[],9>13:4,,3,19,
2026_07_15_01_26_56,000130,14,all-cluster-heads,perception_aware_potential_game,grid,utility,utility,none,0,0,,coalition_game,10,,7;14,14;7,7,"{""7"": 37}","{""7"": 4802, ""14"": 4881}",76832,42.73192436040044,10,40.0,60.0,ns3,899,0.5,10,12,28,,,[],[],7>14:5,,7,12,
2026_07_15_01_26_56,000130,15,all-cluster-heads,perception_aware_potential_game,grid,utility,utility,none,0,0,,coalition_game,10,,6;15,15;6,6,"{""6"": 37}","{""6"": 4619, ""15"": 4809}",73904,41.10344827586207,10,40.0,60.0,ns3,899,0.5,10,12,28,,,[],[],6>15:6,,12,22,
2026_07_15_01_26_56,000130,16,all-cluster-heads,perception_aware_potential_game,grid,utility,utility,none,0,0,,coalition_game,10,,16;17,16;17,17,"{""17"": 37}","{""16"": 5017, ""17"": 4879}",78064,43.41713014460512,10,40.0,60.0,ns3,899,0.5,10,12,28,,,[],[],17>16:7,,8,17,
2026_07_15_01_26_56,000130,18,all-cluster-heads,perception_aware_potential_game,grid,utility,utility,none,0,0,,coalition_game,10,,3;18,18;3,3,"{""3"": 37}","{""3"": 4824, ""18"": 4877}",77184,42.92769744160178,10,40.0,60.0,ns3,899,0.5,10,12,28,,,[],[],3>18:8,,0,3,
2026_07_15_01_26_56,000130,20,all-cluster-heads,perception_aware_potential_game,grid,utility,utility,none,0,0,,coalition_game,10,,5;20,20;5,5,"{""5"": 37}","{""5"": 4788, ""20"": 4900}",76608,42.607341490545046,10,40.0,60.0,ns3,899,0.5,10,12,28,,,[],[],5>20:9,,7,27,
2026_07_15_01_26_56,000132,1,all-cluster-heads,perception_aware_potential_game,grid,utility,utility,none,0,0,,coalition_game,10,,1;11,1;11,11,"{""11"": 37}","{""1"": 4928, ""11"": 4838}",77408,43.052280311457174,10,40.0,60.0,ns3,899,0.5,10,12,28,,,[],[],11>1:0,,15,29,
2026_07_15_01_26_56,000132,2,all-cluster-heads,perception_aware_potential_game,grid,utility,utility,none,0,0,,coalition_game,10,,2;8,2;8,8,"{""8"": 37}","{""2"": 4855, ""8"": 4790}",76640,42.62513904338154,10,40.0,60.0,ns3,899,0.5,10,12,28,,,[],[],8>2:1,,16,38,
2026_07_15_01_26_56,000132,10,all-cluster-heads,perception_aware_potential_game,grid,utility,utility,none,0,0,,coalition_game,10,,9;10,10;9,9,"{""9"": 37}","{""9"": 4825, ""10"": 4923}",77200,42.93659621802002,10,40.0,60.0,ns3,899,0.5,10,12,28,,,[],[],9>10:2,,8,28,
2026_07_15_01_26_56,000132,12,all-cluster-heads,perception_aware_potential_game,grid,utility,utility,none,0,0,,coalition_game,10,,4;12,12;4,4,"{""4"": 37}","{""4"": 4775, ""12"": 4979}",76400,42.4916573971079,10,40.0,60.0,ns3,899,0.5,10,12,28,,,[],[],4>12:3,,8,33,
2026_07_15_01_26_56,000132,13,all-cluster-heads,perception_aware_potential_game,grid,utility,utility,none,0,0,,coalition_game,10,,13;19,13;19,19,"{""19"": 37}","{""13"": 4705, ""19"": 4763}",76208,42.38487208008899,10,40.0,60.0,ns3,899,0.5,10,12,28,,,[],[],19>13:4,,1,17,
2026_07_15_01_26_56,000132,14,all-cluster-heads,perception_aware_potential_game,grid,utility,utility,none,0,0,,coalition_game,10,,7;14,14;7,7,"{""7"": 37}","{""7"": 4804, ""14"": 4852}",76864,42.749721913236925,10,40.0,60.0,ns3,899,0.5,10,12,28,,,[],[],7>14:5,,6,12,
2026_07_15_01_26_56,000132,15,all-cluster-heads,perception_aware_potential_game,grid,utility,utility,none,0,0,,coalition_game,10,,6;15,15;6,6,"{""6"": 37}","{""6"": 4609, ""15"": 4844}",73744,41.014460511679644,10,40.0,60.0,ns3,899,0.5,10,12,28,,,[],[],6>15:6,,13,22,
2026_07_15_01_26_56,000132,16,all-cluster-heads,perception_aware_potential_game,grid,utility,utility,none,0,0,,coalition_game,10,,16;17,16;17,17,"{""17"": 37}","{""16"": 5008, ""17"": 4874}",77984,43.37263626251391,10,40.0,60.0,ns3,899,0.5,10,12,28,,,[],[],17>16:7,,8,17,
2026_07_15_01_26_56,000132,18,all-cluster-heads,perception_aware_potential_game,grid,utility,utility,none,0,0,,coalition_game,10,,3;18,18;3,3,"{""3"": 37}","{""3"": 4847, ""18"": 4859}",77552,43.13236929922136,10,40.0,60.0,ns3,899,0.5,10,12,28,,,[],[],3>18:8,,0,3,
2026_07_15_01_26_56,000132,20,all-cluster-heads,perception_aware_potential_game,grid,utility,utility,none,0,0,,coalition_game,10,,5;20,20;5,5,"{""5"": 37}","{""5"": 4797, ""20"": 4901}",76752,42.68743047830923,10,40.0,60.0,ns3,899,0.5,10,12,28,,,[],[],5>20:9,,9,27,
2026_07_15_01_26_56,000134,1,all-cluster-heads,perception_aware_potential_game,grid,utility,utility,none,0,0,,coalition_game,10,,1;11,1;11,11,"{""11"": 37}","{""1"": 4927, ""11"": 4839}",77424,43.06117908787542,10,40.0,60.0,ns3,899,0.5,10,12,28,,,[],[],11>1:0,,14,29,
2026_07_15_01_26_56,000134,2,all-cluster-heads,perception_aware_potential_game,grid,utility,utility,none,0,0,,coalition_game,10,,2;8,2;8,8,"{""8"": 37}","{""2"": 4855, ""8"": 4788}",76608,42.607341490545046,10,40.0,60.0,ns3,899,0.5,10,12,28,,,[],[],8>2:1,,18,38,
2026_07_15_01_26_56,000134,10,all-cluster-heads,perception_aware_potential_game,grid,utility,utility,none,0,0,,coalition_game,10,,9;10,10;9,9,"{""9"": 37}","{""9"": 4827, ""10"": 4923}",77232,42.954393770856505,10,40.0,60.0,ns3,899,0.5,10,12,28,,,[],[],9>10:2,,8,28,
2026_07_15_01_26_56,000134,12,all-cluster-heads,perception_aware_potential_game,grid,utility,utility,none,0,0,,coalition_game,10,,4;12,12;4,4,"{""4"": 37}","{""4"": 4777, ""12"": 4992}",76432,42.509454949944384,10,40.0,60.0,ns3,899,0.5,10,12,28,,,[],[],4>12:3,,8,33,
2026_07_15_01_26_56,000134,13,all-cluster-heads,perception_aware_potential_game,grid,utility,utility,none,0,0,,coalition_game,10,,13;19,13;19,19,"{""19"": 37}","{""13"": 4701, ""19"": 4766}",76256,42.411568409343715,10,40.0,60.0,ns3,899,0.5,10,12,28,,,[],[],19>13:4,,0,17,
2026_07_15_01_26_56,000134,14,all-cluster-heads,perception_aware_potential_game,grid,utility,utility,none,0,0,,coalition_game,10,,7;14,14;7,7,"{""7"": 37}","{""7"": 4804, ""14"": 4863}",76864,42.749721913236925,10,40.0,60.0,ns3,899,0.5,10,12,28,,,[],[],7>14:5,,7,13,
2026_07_15_01_26_56,000134,15,all-cluster-heads,perception_aware_potential_game,grid,utility,utility,none,0,0,,coalition_game,10,,6;15,15;6,6,"{""6"": 37}","{""6"": 4606, ""15"": 4817}",73696,40.98776418242492,10,40.0,60.0,ns3,899,0.5,10,12,28,,,[],[],6>15:6,,12,25,
2026_07_15_01_26_56,000134,16,all-cluster-heads,perception_aware_potential_game,grid,utility,utility,none,0,0,,coalition_game,10,,16;17,16;17,17,"{""17"": 37}","{""16"": 5006, ""17"": 4886}",78176,43.47942157953281,10,40.0,60.0,ns3,899,0.5,10,12,28,,,[],[],17>16:7,,8,17,
2026_07_15_01_26_56,000134,18,all-cluster-heads,perception_aware_potential_game,grid,utility,utility,none,0,0,,coalition_game,10,,3;18,18;3,3,"{""3"": 37}","{""3"": 4825, ""18"": 4848}",77200,42.93659621802002,10,40.0,60.0,ns3,899,0.5,10,12,28,,,[],[],3>18:8,,0,3,
2026_07_15_01_26_56,000134,20,all-cluster-heads,perception_aware_potential_game,grid,utility,utility,none,0,0,,coalition_game,10,,5;20,20;5,5,"{""5"": 37}","{""5"": 4780, ""20"": 4905}",76480,42.53615127919911,10,40.0,60.0,ns3,899,0.5,10,12,28,,,[],[],5>20:9,,9,27,
2026_07_15_01_26_56,000136,1,all-cluster-heads,perception_aware_potential_game,grid,utility,utility,none,0,0,,coalition_game,10,,1;11,1;11,11,"{""11"": 37}","{""1"": 4927, ""11"": 4840}",77440,43.070077864293665,10,40.0,60.0,ns3,899,0.5,10,12,28,,,[],[],11>1:0,,14,30,
2026_07_15_01_26_56,000136,6,all-cluster-heads,perception_aware_potential_game,grid,utility,utility,none,0,0,,coalition_game,10,,6;8,6;8,8,"{""8"": 37}","{""6"": 4740, ""8"": 4789}",76624,42.61624026696329,10,40.0,60.0,ns3,899,0.5,10,12,28,,,[],[],8>6:1,,13,36,
2026_07_15_01_26_56,000136,10,all-cluster-heads,perception_aware_potential_game,grid,utility,utility,none,0,0,,coalition_game,10,,9;10,10;9,9,"{""9"": 37}","{""9"": 4828, ""10"": 4922}",77248,42.96329254727475,10,40.0,60.0,ns3,899,0.5,10,12,28,,,[],[],9>10:2,,8,28,
2026_07_15_01_26_56,000136,12,all-cluster-heads,perception_aware_potential_game,grid,utility,utility,none,0,0,,coalition_game,10,,4;12,12;4,4,"{""4"": 37}","{""4"": 4778, ""12"": 5003}",76448,42.518353726362626,10,40.0,60.0,ns3,899,0.5,10,12,28,,,[],[],4>12:3,,6,33,
2026_07_15_01_26_56,000136,13,all-cluster-heads,perception_aware_potential_game,grid,utility,utility,none,0,0,,coalition_game,10,,13;19,13;19,19,"{""19"": 37}","{""13"": 4710, ""19"": 4767}",76272,42.42046718576196,10,40.0,60.0,ns3,899,0.5,10,12,28,,,[],[],19>13:4,,0,16,
2026_07_15_01_26_56,000136,14,all-cluster-heads,perception_aware_potential_game,grid,utility,utility,none,0,0,,coalition_game,10,,7;14,14;7,7,"{""7"": 37}","{""7"": 4806, ""14"": 4844}",76896,42.767519466073416,10,40.0,60.0,ns3,899,0.5,10,12,28,,,[],[],7>14:5,,8,14,
2026_07_15_01_26_56,000136,15,all-cluster-heads,perception_aware_potential_game,grid,utility,utility,none,0,0,,coalition_game,10,,2;15,15;2,2,"{""2"": 37}","{""2"": 4810, ""15"": 4814}",76960,42.803114571746384,10,40.0,60.0,ns3,899,0.5,10,12,28,,,[],[],2>15:6,,18,33,
2026_07_15_01_26_56,000136,16,all-cluster-heads,perception_aware_potential_game,grid,utility,utility,none,0,0,,coalition_game,10,,16;17,16;17,17,"{""17"": 37}","{""16"": 5014, ""17"": 4881}",78096,43.4349276974416,10,40.0,60.0,ns3,899,0.5,10,12,28,,,[],[],17>16:7,,7,17,
2026_07_15_01_26_56,000136,18,all-cluster-heads,perception_aware_potential_game,grid,utility,utility,none,0,0,,coalition_game,10,,3;18,18;3,3,"{""3"": 37}","{""3"": 4873, ""18"": 4850}",77968,43.363737486095665,10,40.0,60.0,ns3,899,0.5,10,12,28,,,[],[],3>18:8,,1,3,
2026_07_15_01_26_56,000136,20,all-cluster-heads,perception_aware_potential_game,grid,utility,utility,none,0,0,,coalition_game,10,,5;20,20;5,5,"{""5"": 37}","{""5"": 4791, ""20"": 4909}",76656,42.63403781979978,10,40.0,60.0,ns3,899,0.5,10,12,28,,,[],[],5>20:9,,7,27,
2026_07_15_01_26_56,000138,1,all-cluster-heads,perception_aware_potential_game,grid,utility,utility,none,0,0,,coalition_game,10,,1;11,1;11,11,"{""11"": 37}","{""1"": 4925, ""11"": 4841}",77456,43.07897664071191,10,40.0,60.0,ns3,899,0.5,10,12,28,,,[],[],11>1:0,,15,30,
2026_07_15_01_26_56,000138,6,all-cluster-heads,perception_aware_potential_game,grid,utility,utility,none,0,0,,coalition_game,10,,6;8,6;8,8,"{""8"": 37}","{""6"": 4715, ""8"": 4789}",76624,42.61624026696329,10,40.0,60.0,ns3,899,0.5,10,12,28,,,[],[],8>6:1,,12,37,
2026_07_15_01_26_56,000138,10,all-cluster-heads,perception_aware_potential_game,grid,utility,utility,none,0,0,,coalition_game,10,,9;10,10;9,9,"{""9"": 37}","{""9"": 4828, ""10"": 4921}",77248,42.96329254727475,10,40.0,60.0,ns3,899,0.5,10,12,28,,,[],[],9>10:2,,8,28,
2026_07_15_01_26_56,000138,12,all-cluster-heads,perception_aware_potential_game,grid,utility,utility,none,0,0,,coalition_game,10,,4;12,12;4,4,"{""4"": 37}","{""4"": 4782, ""12"": 4989}",76512,42.553948832035594,10,40.0,60.0,ns3,899,0.5,10,12,28,,,[],[],4>12:3,,8,33,
2026_07_15_01_26_56,000138,13,all-cluster-heads,perception_aware_potential_game,grid,utility,utility,none,0,0,,coalition_game,10,,13;19,13;19,19,"{""19"": 37}","{""13"": 4698, ""19"": 4766}",76256,42.411568409343715,10,40.0,60.0,ns3,899,0.5,10,12,28,,,[],[],19>13:4,,0,17,
2026_07_15_01_26_56,000138,14,all-cluster-heads,perception_aware_potential_game,grid,utility,utility,none,0,0,,coalition_game,10,,7;14,14;7,7,"{""7"": 37}","{""7"": 4811, ""14"": 4852}",76976,42.812013348164626,10,40.0,60.0,ns3,899,0.5,10,12,28,,,[],[],7>14:5,,7,14,
2026_07_15_01_26_56,000138,15,all-cluster-heads,perception_aware_potential_game,grid,utility,utility,none,0,0,,coalition_game,10,,2;15,15;2,2,"{""2"": 37}","{""2"": 4812, ""15"": 4815}",76992,42.82091212458287,10,40.0,60.0,ns3,899,0.5,10,12,28,,,[],[],2>15:6,,18,32,
2026_07_15_01_26_56,000138,16,all-cluster-heads,perception_aware_potential_game,grid,utility,utility,none,0,0,,coalition_game,10,,16;17,16;17,17,"{""17"": 37}","{""16"": 5023, ""17"": 4877}",78032,43.39933259176863,10,40.0,60.0,ns3,899,0.5,10,12,28,,,[],[],17>16:7,,7,17,
2026_07_15_01_26_56,000138,18,all-cluster-heads,perception_aware_potential_game,grid,utility,utility,none,0,0,,coalition_game,10,,3;18,18;3,3,"{""3"": 37}","{""3"": 4857, ""18"": 4852}",77712,43.22135706340379,10,40.0,60.0,ns3,899,0.5,10,12,28,,,[],[],3>18:8,,0,3,
2026_07_15_01_26_56,000138,20,all-cluster-heads,perception_aware_potential_game,grid,utility,utility,none,0,0,,coalition_game,10,,5;20,20;5,5,"{""5"": 37}","{""5"": 4797, ""20"": 4910}",76752,42.68743047830923,10,40.0,60.0,ns3,899,0.5,10,12,28,,,[],[],5>20:9,,9,27,
2026_07_15_01_26_56,000140,1,all-cluster-heads,perception_aware_potential_game,grid,utility,utility,none,0,0,,coalition_game,10,,1;11,1;11,11,"{""11"": 37}","{""1"": 4926, ""11"": 4842}",77472,43.08787541713015,10,40.0,60.0,ns3,899,0.5,10,12,28,,,[],[],11>1:0,,15,30,
2026_07_15_01_26_56,000140,2,all-cluster-heads,perception_aware_potential_game,grid,utility,utility,none,0,0,,coalition_game,10,,2;8,2;8,8,"{""8"": 37}","{""2"": 4856, ""8"": 4790}",76640,42.62513904338154,10,40.0,60.0,ns3,899,0.5,10,12,28,,,[],[],8>2:1,,18,38,
2026_07_15_01_26_56,000140,10,all-cluster-heads,perception_aware_potential_game,grid,utility,utility,none,0,0,,coalition_game,10,,9;10,10;9,9,"{""9"": 37}","{""9"": 4827, ""10"": 4922}",77232,42.954393770856505,10,40.0,60.0,ns3,899,0.5,10,12,28,,,[],[],9>10:2,,7,28,
2026_07_15_01_26_56,000140,12,all-cluster-heads,perception_aware_potential_game,grid,utility,utility,none,0,0,,coalition_game,10,,4;12,12;4,4,"{""4"": 37}","{""4"": 4784, ""12"": 4995}",76544,42.57174638487208,10,40.0,60.0,ns3,899,0.5,10,12,28,,,[],[],4>12:3,,7,33,
2026_07_15_01_26_56,000140,13,all-cluster-heads,perception_aware_potential_game,grid,utility,utility,none,0,0,,coalition_game,10,,13;19,13;19,19,"{""19"": 37}","{""13"": 4683, ""19"": 4766}",76256,42.411568409343715,10,40.0,60.0,ns3,899,0.5,10,12,28,,,[],[],19>13:4,,0,16,
2026_07_15_01_26_56,000140,14,all-cluster-heads,perception_aware_potential_game,grid,utility,utility,none,0,0,,coalition_game,10,,7;14,14;7,7,"{""7"": 37}","{""7"": 4810, ""14"": 4847}",76960,42.803114571746384,10,40.0,60.0,ns3,899,0.5,10,12,28,,,[],[],7>14:5,,7,13,
2026_07_15_01_26_56,000140,15,all-cluster-heads,perception_aware_potential_game,grid,utility,utility,none,0,0,,coalition_game,10,,6;15,15;6,6,"{""6"": 37}","{""6"": 4611, ""15"": 4825}",73776,41.03225806451613,10,40.0,60.0,ns3,899,0.5,10,12,28,,,[],[],6>15:6,,12,24,
2026_07_15_01_26_56,000140,16,all-cluster-heads,perception_aware_potential_game,grid,utility,utility,none,0,0,,coalition_game,10,,16;17,16;17,17,"{""17"": 37}","{""16"": 5013, ""17"": 4885}",78160,43.47052280311457,10,40.0,60.0,ns3,899,0.5,10,12,28,,,[],[],17>16:7,,7,17,
2026_07_15_01_26_56,000140,18,all-cluster-heads,perception_aware_potential_game,grid,utility,utility,none,0,0,,coalition_game,10,,3;18,18;3,3,"{""3"": 37}","{""3"": 4864, ""18"": 4865}",77824,43.28364849833148,10,40.0,60.0,ns3,899,0.5,10,12,28,,,[],[],3>18:8,,0,2,
2026_07_15_01_26_56,000140,20,all-cluster-heads,perception_aware_potential_game,grid,utility,utility,none,0,0,,coalition_game,10,,5;20,20;5,5,"{""5"": 37}","{""5"": 4814, ""20"": 4909}",77024,42.83870967741935,10,40.0,60.0,ns3,899,0.5,10,12,28,,,[],[],5>20:9,,9,26,
