Format = auto
Extension = pcd
Format = auto
Extension = pcd
Format = auto
Extension = pcd
Format = auto
Extension = pcd
Format = auto
Extension = pcd
Format = auto
Extension = pcd
Format = auto
Extension = pcd
Format = auto
Extension = pcd
Format = auto
Extension = pcd
Format = auto
Extension = pcd
Format = auto
Extension = pcd
Format = auto
Extension = pcd
Format = auto
Extension = pcd
Format = auto
Extension = pcd
Format = auto
Extension = pcd
Format = auto
Extension = pcd
Format = auto
Extension = pcd
Format = auto
Extension = pcd
Format = auto
Extension = pcd
Format = auto
Extension = pcd
Format = auto
Extension = pcd
Format = auto
Extension = pcd
Format = auto
Extension = pcd
Format = auto
Extension = pcd
Format = auto
Extension = pcd
Format = auto
Extension = pcd
Format = auto
Extension = pcd
Format = auto
Extension = pcd
Format = auto
Extension = pcd
Format = auto
Extension = pcd
Format = auto
Extension = pcd
Format = auto
Extension = pcd
Format = auto
Extension = pcd
Format = auto
Extension = pcd
Format = auto
Extension = pcd
Format = auto
Extension = pcd
Format = auto
Extension = pcd
Format = auto
Extension = pcd
Format = auto
Extension = pcd
Format = auto
Extension = pcd
resuming by loading epoch 10000
frame=1/41 receiver_sample=1/20 scenario=2026_07_29_02_32_08 timestamp=000060 cavs=[1, 2, 4, 8]
sgcp_constrained receiver=1 policy=all-cavs sources=[1, 2, 4, 8] clusters=20 ra=selective_pacp_lidar comm_bytes=81424 selected_grids={2: 15, 4: 15, 8: 13}
fusion_method=early pred_boxes=36 gt_boxes=72
pred_scores_shape=(36,)
frame=1/41 receiver_sample=2/20 scenario=2026_07_29_02_32_08 timestamp=000060 cavs=[2, 1, 10, 11]
sgcp_constrained receiver=2 policy=all-cavs sources=[2, 1, 10, 11] clusters=20 ra=selective_pacp_lidar comm_bytes=53200 selected_grids={1: 15, 10: 14, 11: 14}
fusion_method=early pred_boxes=33 gt_boxes=72
pred_scores_shape=(33,)
frame=1/41 receiver_sample=3/20 scenario=2026_07_29_02_32_08 timestamp=000060 cavs=[3, 16, 17, 18]
sgcp_constrained receiver=3 policy=all-cavs sources=[3, 16, 17, 18] clusters=20 ra=selective_pacp_lidar comm_bytes=79760 selected_grids={16: 14, 17: 15, 18: 15}
fusion_method=early pred_boxes=24 gt_boxes=65
pred_scores_shape=(24,)
frame=1/41 receiver_sample=4/20 scenario=2026_07_29_02_32_08 timestamp=000060 cavs=[4, 1, 7, 12]
sgcp_constrained receiver=4 policy=all-cavs sources=[4, 1, 7, 12] clusters=20 ra=selective_pacp_lidar comm_bytes=80448 selected_grids={1: 15, 7: 15, 12: 15}
fusion_method=early pred_boxes=34 gt_boxes=71
pred_scores_shape=(34,)
frame=1/41 receiver_sample=5/20 scenario=2026_07_29_02_32_08 timestamp=000060 cavs=[5, 9, 16, 20]
sgcp_constrained receiver=5 policy=all-cavs sources=[5, 9, 16, 20] clusters=20 ra=selective_pacp_lidar comm_bytes=67680 selected_grids={9: 15, 16: 15, 20: 14}
fusion_method=early pred_boxes=30 gt_boxes=48
pred_scores_shape=(30,)
frame=1/41 receiver_sample=6/20 scenario=2026_07_29_02_32_08 timestamp=000060 cavs=[6, 15]
sgcp_constrained receiver=6 policy=all-cavs sources=[6, 15] clusters=20 ra=selective_pacp_lidar comm_bytes=21456 selected_grids={15: 15}
fusion_method=early pred_boxes=13 gt_boxes=49
pred_scores_shape=(13,)
frame=1/41 receiver_sample=7/20 scenario=2026_07_29_02_32_08 timestamp=000060 cavs=[7, 8, 16, 20]
sgcp_constrained receiver=7 policy=all-cavs sources=[7, 8, 16, 20] clusters=20 ra=selective_pacp_lidar comm_bytes=56256 selected_grids={8: 15, 16: 14, 20: 14}
fusion_method=early pred_boxes=28 gt_boxes=51
pred_scores_shape=(28,)
frame=1/41 receiver_sample=8/20 scenario=2026_07_29_02_32_08 timestamp=000060 cavs=[8, 1, 7, 11]
sgcp_constrained receiver=8 policy=all-cavs sources=[8, 1, 7, 11] clusters=20 ra=selective_pacp_lidar comm_bytes=82592 selected_grids={1: 15, 7: 15, 11: 15}
fusion_method=early pred_boxes=32 gt_boxes=47
pred_scores_shape=(32,)
frame=1/41 receiver_sample=9/20 scenario=2026_07_29_02_32_08 timestamp=000060 cavs=[9, 10, 13, 19]
sgcp_constrained receiver=9 policy=all-cavs sources=[9, 10, 13, 19] clusters=20 ra=selective_pacp_lidar comm_bytes=37792 selected_grids={10: 14, 13: 14, 19: 15}
fusion_method=early pred_boxes=23 gt_boxes=54
pred_scores_shape=(23,)
frame=1/41 receiver_sample=10/20 scenario=2026_07_29_02_32_08 timestamp=000060 cavs=[10, 8, 9, 16]
sgcp_constrained receiver=10 policy=all-cavs sources=[10, 8, 9, 16] clusters=20 ra=selective_pacp_lidar comm_bytes=72544 selected_grids={8: 15, 9: 15, 16: 14}
fusion_method=early pred_boxes=28 gt_boxes=66
pred_scores_shape=(28,)
frame=1/41 receiver_sample=11/20 scenario=2026_07_29_02_32_08 timestamp=000060 cavs=[11, 1, 2, 9]
sgcp_constrained receiver=11 policy=all-cavs sources=[11, 1, 2, 9] clusters=20 ra=selective_pacp_lidar comm_bytes=68736 selected_grids={1: 15, 2: 15, 9: 15}
fusion_method=early pred_boxes=31 gt_boxes=69
pred_scores_shape=(31,)
frame=1/41 receiver_sample=12/20 scenario=2026_07_29_02_32_08 timestamp=000060 cavs=[12, 4, 7, 8]
sgcp_constrained receiver=12 policy=all-cavs sources=[12, 4, 7, 8] clusters=20 ra=selective_pacp_lidar comm_bytes=63856 selected_grids={4: 15, 7: 15, 8: 15}
fusion_method=early pred_boxes=30 gt_boxes=53
pred_scores_shape=(30,)
frame=1/41 receiver_sample=13/20 scenario=2026_07_29_02_32_08 timestamp=000060 cavs=[13, 9, 10, 19]
sgcp_constrained receiver=13 policy=all-cavs sources=[13, 9, 10, 19] clusters=20 ra=selective_pacp_lidar comm_bytes=37744 selected_grids={9: 15, 10: 15, 19: 15}
fusion_method=early pred_boxes=24 gt_boxes=55
pred_scores_shape=(24,)
frame=1/41 receiver_sample=14/20 scenario=2026_07_29_02_32_08 timestamp=000060 cavs=[14]
sgcp_constrained receiver=14 policy=all-cavs sources=[14] clusters=20 ra=selective_pacp_lidar comm_bytes=0 selected_grids={}
fusion_method=early pred_boxes=3 gt_boxes=7
pred_scores_shape=(3,)
frame=1/41 receiver_sample=15/20 scenario=2026_07_29_02_32_08 timestamp=000060 cavs=[15, 6]
sgcp_constrained receiver=15 policy=all-cavs sources=[15, 6] clusters=20 ra=selective_pacp_lidar comm_bytes=31904 selected_grids={6: 15}
fusion_method=early pred_boxes=17 gt_boxes=59
pred_scores_shape=(17,)
frame=1/41 receiver_sample=16/20 scenario=2026_07_29_02_32_08 timestamp=000060 cavs=[16, 5, 7, 20]
sgcp_constrained receiver=16 policy=all-cavs sources=[16, 5, 7, 20] clusters=20 ra=selective_pacp_lidar comm_bytes=42096 selected_grids={5: 15, 7: 15, 20: 15}
fusion_method=early pred_boxes=26 gt_boxes=64
pred_scores_shape=(26,)
frame=1/41 receiver_sample=17/20 scenario=2026_07_29_02_32_08 timestamp=000060 cavs=[17, 3, 18]
sgcp_constrained receiver=17 policy=all-cavs sources=[17, 3, 18] clusters=20 ra=selective_pacp_lidar comm_bytes=43744 selected_grids={3: 15, 18: 15}
fusion_method=early pred_boxes=19 gt_boxes=65
pred_scores_shape=(19,)
frame=1/41 receiver_sample=18/20 scenario=2026_07_29_02_32_08 timestamp=000060 cavs=[18, 3, 17]
sgcp_constrained receiver=18 policy=all-cavs sources=[18, 3, 17] clusters=20 ra=selective_pacp_lidar comm_bytes=64096 selected_grids={3: 15, 17: 15}
fusion_method=early pred_boxes=17 gt_boxes=49
pred_scores_shape=(17,)
frame=1/41 receiver_sample=19/20 scenario=2026_07_29_02_32_08 timestamp=000060 cavs=[19, 9, 10, 13]
sgcp_constrained receiver=19 policy=all-cavs sources=[19, 9, 10, 13] clusters=20 ra=selective_pacp_lidar comm_bytes=47952 selected_grids={9: 15, 10: 15, 13: 15}
fusion_method=early pred_boxes=23 gt_boxes=54
pred_scores_shape=(23,)
frame=1/41 receiver_sample=20/20 scenario=2026_07_29_02_32_08 timestamp=000060 cavs=[20, 5, 7, 16]
sgcp_constrained receiver=20 policy=all-cavs sources=[20, 5, 7, 16] clusters=20 ra=selective_pacp_lidar comm_bytes=45520 selected_grids={5: 15, 7: 15, 16: 15}
fusion_method=early pred_boxes=24 gt_boxes=62
pred_scores_shape=(24,)
frame=2/41 receiver_sample=1/20 scenario=2026_07_29_02_32_08 timestamp=000062 cavs=[1, 2, 4, 8]
sgcp_constrained receiver=1 policy=all-cavs sources=[1, 2, 4, 8] clusters=20 ra=selective_pacp_lidar comm_bytes=78960 selected_grids={2: 15, 4: 15, 8: 14}
fusion_method=early pred_boxes=35 gt_boxes=72
pred_scores_shape=(35,)
frame=2/41 receiver_sample=2/20 scenario=2026_07_29_02_32_08 timestamp=000062 cavs=[2, 1, 8, 11]
sgcp_constrained receiver=2 policy=all-cavs sources=[2, 1, 8, 11] clusters=20 ra=selective_pacp_lidar comm_bytes=39536 selected_grids={1: 16, 8: 16, 11: 16}
fusion_method=early pred_boxes=24 gt_boxes=72
pred_scores_shape=(24,)
frame=2/41 receiver_sample=3/20 scenario=2026_07_29_02_32_08 timestamp=000062 cavs=[3, 16, 17, 18]
sgcp_constrained receiver=3 policy=all-cavs sources=[3, 16, 17, 18] clusters=20 ra=selective_pacp_lidar comm_bytes=83680 selected_grids={16: 15, 17: 15, 18: 16}
fusion_method=early pred_boxes=25 gt_boxes=65
pred_scores_shape=(25,)
frame=2/41 receiver_sample=4/20 scenario=2026_07_29_02_32_08 timestamp=000062 cavs=[4, 1, 7, 12]
sgcp_constrained receiver=4 policy=all-cavs sources=[4, 1, 7, 12] clusters=20 ra=selective_pacp_lidar comm_bytes=80688 selected_grids={1: 15, 7: 16, 12: 16}
fusion_method=early pred_boxes=33 gt_boxes=71
pred_scores_shape=(33,)
frame=2/41 receiver_sample=5/20 scenario=2026_07_29_02_32_08 timestamp=000062 cavs=[5, 9, 16, 20]
sgcp_constrained receiver=5 policy=all-cavs sources=[5, 9, 16, 20] clusters=20 ra=selective_pacp_lidar comm_bytes=68464 selected_grids={9: 15, 16: 15, 20: 15}
fusion_method=early pred_boxes=30 gt_boxes=48
pred_scores_shape=(30,)
frame=2/41 receiver_sample=6/20 scenario=2026_07_29_02_32_08 timestamp=000062 cavs=[6, 15]Format = auto
Extension = pcd
Format = auto
Extension = pcd
Format = auto
Extension = pcd
Format = auto
Extension = pcd
Format = auto
Extension = pcd
Format = auto
Extension = pcd
Format = auto
Extension = pcd
Format = auto
Extension = pcd
Format = auto
Extension = pcd
Format = auto
Extension = pcd
Format = auto
Extension = pcd
Format = auto
Extension = pcd
Format = auto
Extension = pcd
Format = auto
Extension = pcd
Format = auto
Extension = pcd
Format = auto
Extension = pcd
Format = auto
Extension = pcd
Format = auto
Extension = pcd
Format = auto
Extension = pcd
Format = auto
Extension = pcd

sgcp_constrained receiver=6 policy=all-cavs sources=[6, 15] clusters=20 ra=selective_pacp_lidar comm_bytes=21552 selected_grids={15: 17}
fusion_method=early pred_boxes=13 gt_boxes=49
pred_scores_shape=(13,)
frame=2/41 receiver_sample=7/20 scenario=2026_07_29_02_32_08 timestamp=000062 cavs=[7, 8, 16, 20]
sgcp_constrained receiver=7 policy=all-cavs sources=[7, 8, 16, 20] clusters=20 ra=selective_pacp_lidar comm_bytes=56384 selected_grids={8: 16, 16: 14, 20: 15}
fusion_method=early pred_boxes=28 gt_boxes=51
pred_scores_shape=(28,)
frame=2/41 receiver_sample=8/20 scenario=2026_07_29_02_32_08 timestamp=000062 cavs=[8, 1, 2, 7]
sgcp_constrained receiver=8 policy=all-cavs sources=[8, 1, 2, 7] clusters=20 ra=selective_pacp_lidar comm_bytes=85552 selected_grids={1: 15, 2: 15, 7: 15}
fusion_method=early pred_boxes=32 gt_boxes=47
pred_scores_shape=(32,)
frame=2/41 receiver_sample=9/20 scenario=2026_07_29_02_32_08 timestamp=000062 cavs=[9, 10, 13, 19]
sgcp_constrained receiver=9 policy=all-cavs sources=[9, 10, 13, 19] clusters=20 ra=selective_pacp_lidar comm_bytes=40288 selected_grids={10: 15, 13: 15, 19: 16}
fusion_method=early pred_boxes=25 gt_boxes=54
pred_scores_shape=(25,)
frame=2/41 receiver_sample=10/20 scenario=2026_07_29_02_32_08 timestamp=000062 cavs=[10, 8, 9, 16]
sgcp_constrained receiver=10 policy=all-cavs sources=[10, 8, 9, 16] clusters=20 ra=selective_pacp_lidar comm_bytes=72000 selected_grids={8: 15, 9: 16, 16: 15}
fusion_method=early pred_boxes=28 gt_boxes=67
pred_scores_shape=(28,)
frame=2/41 receiver_sample=11/20 scenario=2026_07_29_02_32_08 timestamp=000062 cavs=[11, 1, 2, 9]
sgcp_constrained receiver=11 policy=all-cavs sources=[11, 1, 2, 9] clusters=20 ra=selective_pacp_lidar comm_bytes=69200 selected_grids={1: 16, 2: 16, 9: 15}
fusion_method=early pred_boxes=27 gt_boxes=69
pred_scores_shape=(27,)
frame=2/41 receiver_sample=12/20 scenario=2026_07_29_02_32_08 timestamp=000062 cavs=[12, 4, 7, 8]
sgcp_constrained receiver=12 policy=all-cavs sources=[12, 4, 7, 8] clusters=20 ra=selective_pacp_lidar comm_bytes=63680 selected_grids={4: 16, 7: 15, 8: 16}
fusion_method=early pred_boxes=27 gt_boxes=53
pred_scores_shape=(27,)
frame=2/41 receiver_sample=13/20 scenario=2026_07_29_02_32_08 timestamp=000062 cavs=[13, 9, 10, 19]
sgcp_constrained receiver=13 policy=all-cavs sources=[13, 9, 10, 19] clusters=20 ra=selective_pacp_lidar comm_bytes=37728 selected_grids={9: 15, 10: 15, 19: 16}
fusion_method=early pred_boxes=20 gt_boxes=55
pred_scores_shape=(20,)
frame=2/41 receiver_sample=14/20 scenario=2026_07_29_02_32_08 timestamp=000062 cavs=[14]
sgcp_constrained receiver=14 policy=all-cavs sources=[14] clusters=20 ra=selective_pacp_lidar comm_bytes=0 selected_grids={}
fusion_method=early pred_boxes=3 gt_boxes=7
pred_scores_shape=(3,)
frame=2/41 receiver_sample=15/20 scenario=2026_07_29_02_32_08 timestamp=000062 cavs=[15, 6]
sgcp_constrained receiver=15 policy=all-cavs sources=[15, 6] clusters=20 ra=selective_pacp_lidar comm_bytes=31920 selected_grids={6: 16}
fusion_method=early pred_boxes=16 gt_boxes=60
pred_scores_shape=(16,)
frame=2/41 receiver_sample=16/20 scenario=2026_07_29_02_32_08 timestamp=000062 cavs=[16, 5, 7, 20]
sgcp_constrained receiver=16 policy=all-cavs sources=[16, 5, 7, 20] clusters=20 ra=selective_pacp_lidar comm_bytes=44048 selected_grids={5: 16, 7: 16, 20: 15}
fusion_method=early pred_boxes=28 gt_boxes=66
pred_scores_shape=(28,)
frame=2/41 receiver_sample=17/20 scenario=2026_07_29_02_32_08 timestamp=000062 cavs=[17, 3, 18]
sgcp_constrained receiver=17 policy=all-cavs sources=[17, 3, 18] clusters=20 ra=selective_pacp_lidar comm_bytes=45312 selected_grids={3: 16, 18: 16}
fusion_method=early pred_boxes=22 gt_boxes=65
pred_scores_shape=(22,)
frame=2/41 receiver_sample=18/20 scenario=2026_07_29_02_32_08 timestamp=000062 cavs=[18, 3, 17]
sgcp_constrained receiver=18 policy=all-cavs sources=[18, 3, 17] clusters=20 ra=selective_pacp_lidar comm_bytes=64976 selected_grids={3: 16, 17: 16}
fusion_method=early pred_boxes=17 gt_boxes=49
pred_scores_shape=(17,)
frame=2/41 receiver_sample=19/20 scenario=2026_07_29_02_32_08 timestamp=000062 cavs=[19, 9, 10, 13]
sgcp_constrained receiver=19 policy=all-cavs sources=[19, 9, 10, 13] clusters=20 ra=selective_pacp_lidar comm_bytes=48000 selected_grids={9: 16, 10: 16, 13: 15}
fusion_method=early pred_boxes=22 gt_boxes=54
pred_scores_shape=(22,)
frame=2/41 receiver_sample=20/20 scenario=2026_07_29_02_32_08 timestamp=000062 cavs=[20, 5, 7, 16]
sgcp_constrained receiver=20 policy=all-cavs sources=[20, 5, 7, 16] clusters=20 ra=selective_pacp_lidar comm_bytes=46832 selected_grids={5: 16, 7: 16, 16: 16}
fusion_method=early pred_boxes=26 gt_boxes=62
pred_scores_shape=(26,)
frame=3/41 receiver_sample=1/20 scenario=2026_07_29_02_32_08 timestamp=000064 cavs=[1, 2, 4, 8]
sgcp_constrained receiver=1 policy=all-cavs sources=[1, 2, 4, 8] clusters=20 ra=selective_pacp_lidar comm_bytes=80672 selected_grids={2: 16, 4: 16, 8: 15}
fusion_method=early pred_boxes=33 gt_boxes=72
pred_scores_shape=(33,)
frame=3/41 receiver_sample=2/20 scenario=2026_07_29_02_32_08 timestamp=000064 cavs=[2, 1, 8, 11]
sgcp_constrained receiver=2 policy=all-cavs sources=[2, 1, 8, 11] clusters=20 ra=selective_pacp_lidar comm_bytes=39632 selected_grids={1: 16, 8: 16, 11: 17}
fusion_method=early pred_boxes=22 gt_boxes=72
pred_scores_shape=(22,)
frame=3/41 receiver_sample=3/20 scenario=2026_07_29_02_32_08 timestamp=000064 cavs=[3, 16, 17, 18]
sgcp_constrained receiver=3 policy=all-cavs sources=[3, 16, 17, 18] clusters=20 ra=selective_pacp_lidar comm_bytes=86800 selected_grids={16: 16, 17: 16, 18: 17}
fusion_method=early pred_boxes=29 gt_boxes=65
pred_scores_shape=(29,)
frame=3/41 receiver_sample=4/20 scenario=2026_07_29_02_32_08 timestamp=000064 cavs=[4, 1, 7, 12]
sgcp_constrained receiver=4 policy=all-cavs sources=[4, 1, 7, 12] clusters=20 ra=selective_pacp_lidar comm_bytes=87472 selected_grids={1: 16, 7: 17, 12: 17}
fusion_method=early pred_boxes=33 gt_boxes=71
pred_scores_shape=(33,)
frame=3/41 receiver_sample=5/20 scenario=2026_07_29_02_32_08 timestamp=000064 cavs=[5, 9, 16, 20]
sgcp_constrained receiver=5 policy=all-cavs sources=[5, 9, 16, 20] clusters=20 ra=selective_pacp_lidar comm_bytes=70432 selected_grids={9: 16, 16: 16, 20: 15}
fusion_method=early pred_boxes=30 gt_boxes=47
pred_scores_shape=(30,)
frame=3/41 receiver_sample=6/20 scenario=2026_07_29_02_32_08 timestamp=000064 cavs=[6, 15]
sgcp_constrained receiver=6 policy=all-cavs sources=[6, 15] clusters=20 ra=selective_pacp_lidar comm_bytes=21248 selected_grids={15: 17}
fusion_method=early pred_boxes=13 gt_boxes=49
pred_scores_shape=(13,)
frame=3/41 receiver_sample=7/20 scenario=2026_07_29_02_32_08 timestamp=000064 cavs=[7, 8, 16, 20]
sgcp_constrained receiver=7 policy=all-cavs sources=[7, 8, 16, 20] clusters=20 ra=selective_pacp_lidar comm_bytes=58784 selected_grids={8: 17, 16: 15, 20: 16}
fusion_method=early pred_boxes=32 gt_boxes=51
pred_scores_shape=(32,)
frame=3/41 receiver_sample=8/20 scenario=2026_07_29_02_32_08 timestamp=000064 cavs=[8, 1, 2, 7]
sgcp_constrained receiver=8 policy=all-cavs sources=[8, 1, 2, 7] clusters=20 ra=selective_pacp_lidar comm_bytes=87904 selected_grids={1: 16, 2: 16, 7: 16}
fusion_method=early pred_boxes=29 gt_boxes=47
pred_scores_shape=(29,)
frame=3/41 receiver_sample=9/20 scenario=2026_07_29_02_32_08 timestamp=000064 cavs=[9, 10, 13, 19]
sgcp_constrained receiver=9 policy=all-cavs sources=[9, 10, 13, 19] clusters=20 ra=selective_pacp_lidar comm_bytes=39232 selected_grids={10: 16, 13: 16, 19: 17}
fusion_method=early pred_boxes=25 gt_boxes=54
pred_scores_shape=(25,)
frame=3/41 receiver_sample=10/20 scenario=2026_07_29_02_32_08 timestamp=000064 cavs=[10, 8, 9, 19]
sgcp_constrained receiver=10 policy=all-cavs sources=[10, 8, 9, 19] clusters=20 ra=selective_pacp_lidar comm_bytes=46560 selected_grids={8: 16, 9: 17, 19: 16}
fusion_method=early pred_boxes=28 gt_boxes=67
pred_scores_shape=(28,)
frame=3/41 receiver_sample=11/20 scenario=2026_07_29_02_32_08 timestamp=000064 cavs=[11, 1, 2, 9]
sgcp_constrained receiver=11 policy=all-cavs sources=[11, 1, 2, 9] clusters=20 ra=selective_pacp_lidar comm_bytes=71072 selected_grids={1: 16, 2: 17, 9: 16}Format = auto
Extension = pcd
Format = auto
Extension = pcd
Format = auto
Extension = pcd
Format = auto
Extension = pcd
Format = auto
Extension = pcd
Format = auto
Extension = pcd
Format = auto
Extension = pcd
Format = auto
Extension = pcd
Format = auto
Extension = pcd
Format = auto
Extension = pcd
Format = auto
Extension = pcd
Format = auto
Extension = pcd
Format = auto
Extension = pcd
Format = auto
Extension = pcd
Format = auto
Extension = pcd
Format = auto
Extension = pcd
Format = auto
Extension = pcd
Format = auto
Extension = pcd
Format = auto
Extension = pcd
Format = auto
Extension = pcd

fusion_method=early pred_boxes=34 gt_boxes=69
pred_scores_shape=(34,)
frame=3/41 receiver_sample=12/20 scenario=2026_07_29_02_32_08 timestamp=000064 cavs=[12, 4, 7, 8]
sgcp_constrained receiver=12 policy=all-cavs sources=[12, 4, 7, 8] clusters=20 ra=selective_pacp_lidar comm_bytes=67200 selected_grids={4: 17, 7: 16, 8: 17}
fusion_method=early pred_boxes=26 gt_boxes=54
pred_scores_shape=(26,)
frame=3/41 receiver_sample=13/20 scenario=2026_07_29_02_32_08 timestamp=000064 cavs=[13, 9, 10, 19]
sgcp_constrained receiver=13 policy=all-cavs sources=[13, 9, 10, 19] clusters=20 ra=selective_pacp_lidar comm_bytes=37696 selected_grids={9: 16, 10: 16, 19: 17}
fusion_method=early pred_boxes=23 gt_boxes=55
pred_scores_shape=(23,)
frame=3/41 receiver_sample=14/20 scenario=2026_07_29_02_32_08 timestamp=000064 cavs=[14]
sgcp_constrained receiver=14 policy=all-cavs sources=[14] clusters=20 ra=selective_pacp_lidar comm_bytes=0 selected_grids={}
fusion_method=early pred_boxes=3 gt_boxes=7
pred_scores_shape=(3,)
frame=3/41 receiver_sample=15/20 scenario=2026_07_29_02_32_08 timestamp=000064 cavs=[15, 6]
sgcp_constrained receiver=15 policy=all-cavs sources=[15, 6] clusters=20 ra=selective_pacp_lidar comm_bytes=33264 selected_grids={6: 17}
fusion_method=early pred_boxes=16 gt_boxes=61
pred_scores_shape=(16,)
frame=3/41 receiver_sample=16/20 scenario=2026_07_29_02_32_08 timestamp=000064 cavs=[16, 5, 7, 20]
sgcp_constrained receiver=16 policy=all-cavs sources=[16, 5, 7, 20] clusters=20 ra=selective_pacp_lidar comm_bytes=44656 selected_grids={5: 17, 7: 16, 20: 16}
fusion_method=early pred_boxes=29 gt_boxes=68
pred_scores_shape=(29,)
frame=3/41 receiver_sample=17/20 scenario=2026_07_29_02_32_08 timestamp=000064 cavs=[17, 3, 18]
sgcp_constrained receiver=17 policy=all-cavs sources=[17, 3, 18] clusters=20 ra=selective_pacp_lidar comm_bytes=47120 selected_grids={3: 17, 18: 17}
fusion_method=early pred_boxes=18 gt_boxes=65
pred_scores_shape=(18,)
frame=3/41 receiver_sample=18/20 scenario=2026_07_29_02_32_08 timestamp=000064 cavs=[18, 3, 17]
sgcp_constrained receiver=18 policy=all-cavs sources=[18, 3, 17] clusters=20 ra=selective_pacp_lidar comm_bytes=65664 selected_grids={3: 17, 17: 16}
fusion_method=early pred_boxes=17 gt_boxes=47
pred_scores_shape=(17,)
frame=3/41 receiver_sample=19/20 scenario=2026_07_29_02_32_08 timestamp=000064 cavs=[19, 9, 10, 13]
sgcp_constrained receiver=19 policy=all-cavs sources=[19, 9, 10, 13] clusters=20 ra=selective_pacp_lidar comm_bytes=47200 selected_grids={9: 16, 10: 16, 13: 16}
fusion_method=early pred_boxes=22 gt_boxes=54
pred_scores_shape=(22,)
frame=3/41 receiver_sample=20/20 scenario=2026_07_29_02_32_08 timestamp=000064 cavs=[20, 5, 7, 16]
sgcp_constrained receiver=20 policy=all-cavs sources=[20, 5, 7, 16] clusters=20 ra=selective_pacp_lidar comm_bytes=46192 selected_grids={5: 17, 7: 16, 16: 17}
fusion_method=early pred_boxes=28 gt_boxes=62
pred_scores_shape=(28,)
frame=4/41 receiver_sample=1/20 scenario=2026_07_29_02_32_08 timestamp=000066 cavs=[1, 2, 4, 8]
sgcp_constrained receiver=1 policy=all-cavs sources=[1, 2, 4, 8] clusters=20 ra=selective_pacp_lidar comm_bytes=75984 selected_grids={2: 14, 4: 14, 8: 13}
fusion_method=early pred_boxes=35 gt_boxes=72
pred_scores_shape=(35,)
frame=4/41 receiver_sample=2/20 scenario=2026_07_29_02_32_08 timestamp=000066 cavs=[2, 1, 8, 11]
sgcp_constrained receiver=2 policy=all-cavs sources=[2, 1, 8, 11] clusters=20 ra=selective_pacp_lidar comm_bytes=41072 selected_grids={1: 15, 8: 15, 11: 15}
fusion_method=early pred_boxes=23 gt_boxes=72
pred_scores_shape=(23,)
frame=4/41 receiver_sample=3/20 scenario=2026_07_29_02_32_08 timestamp=000066 cavs=[3, 16, 17, 18]
sgcp_constrained receiver=3 policy=all-cavs sources=[3, 16, 17, 18] clusters=20 ra=selective_pacp_lidar comm_bytes=84352 selected_grids={16: 14, 17: 14, 18: 15}
fusion_method=early pred_boxes=26 gt_boxes=65
pred_scores_shape=(26,)
frame=4/41 receiver_sample=4/20 scenario=2026_07_29_02_32_08 timestamp=000066 cavs=[4, 1, 7, 12]
sgcp_constrained receiver=4 policy=all-cavs sources=[4, 1, 7, 12] clusters=20 ra=selective_pacp_lidar comm_bytes=81696 selected_grids={1: 14, 7: 15, 12: 15}
fusion_method=early pred_boxes=29 gt_boxes=71
pred_scores_shape=(29,)
frame=4/41 receiver_sample=5/20 scenario=2026_07_29_02_32_08 timestamp=000066 cavs=[5, 9, 16, 20]
sgcp_constrained receiver=5 policy=all-cavs sources=[5, 9, 16, 20] clusters=20 ra=selective_pacp_lidar comm_bytes=67296 selected_grids={9: 14, 16: 14, 20: 14}
fusion_method=early pred_boxes=28 gt_boxes=47
pred_scores_shape=(28,)
frame=4/41 receiver_sample=6/20 scenario=2026_07_29_02_32_08 timestamp=000066 cavs=[6, 15]
sgcp_constrained receiver=6 policy=all-cavs sources=[6, 15] clusters=20 ra=selective_pacp_lidar comm_bytes=19936 selected_grids={15: 15}
fusion_method=early pred_boxes=13 gt_boxes=50
pred_scores_shape=(13,)
frame=4/41 receiver_sample=7/20 scenario=2026_07_29_02_32_08 timestamp=000066 cavs=[7, 8, 16, 20]
sgcp_constrained receiver=7 policy=all-cavs sources=[7, 8, 16, 20] clusters=20 ra=selective_pacp_lidar comm_bytes=56624 selected_grids={8: 14, 16: 14, 20: 14}
fusion_method=early pred_boxes=32 gt_boxes=51
pred_scores_shape=(32,)
frame=4/41 receiver_sample=8/20 scenario=2026_07_29_02_32_08 timestamp=000066 cavs=[8, 1, 2, 7]
sgcp_constrained receiver=8 policy=all-cavs sources=[8, 1, 2, 7] clusters=20 ra=selective_pacp_lidar comm_bytes=82016 selected_grids={1: 14, 2: 14, 7: 14}
fusion_method=early pred_boxes=29 gt_boxes=47
pred_scores_shape=(29,)
frame=4/41 receiver_sample=9/20 scenario=2026_07_29_02_32_08 timestamp=000066 cavs=[9, 10, 13, 19]
sgcp_constrained receiver=9 policy=all-cavs sources=[9, 10, 13, 19] clusters=20 ra=selective_pacp_lidar comm_bytes=37888 selected_grids={10: 14, 13: 14, 19: 14}
fusion_method=early pred_boxes=25 gt_boxes=53
pred_scores_shape=(25,)
frame=4/41 receiver_sample=10/20 scenario=2026_07_29_02_32_08 timestamp=000066 cavs=[10, 8, 9, 19]
sgcp_constrained receiver=10 policy=all-cavs sources=[10, 8, 9, 19] clusters=20 ra=selective_pacp_lidar comm_bytes=44832 selected_grids={8: 14, 9: 15, 19: 15}
fusion_method=early pred_boxes=31 gt_boxes=67
pred_scores_shape=(31,)
frame=4/41 receiver_sample=11/20 scenario=2026_07_29_02_32_08 timestamp=000066 cavs=[11, 1, 2, 9]
sgcp_constrained receiver=11 policy=all-cavs sources=[11, 1, 2, 9] clusters=20 ra=selective_pacp_lidar comm_bytes=65744 selected_grids={1: 15, 2: 15, 9: 14}
fusion_method=early pred_boxes=27 gt_boxes=69
pred_scores_shape=(27,)
frame=4/41 receiver_sample=12/20 scenario=2026_07_29_02_32_08 timestamp=000066 cavs=[12, 4, 7, 8]
sgcp_constrained receiver=12 policy=all-cavs sources=[12, 4, 7, 8] clusters=20 ra=selective_pacp_lidar comm_bytes=61424 selected_grids={4: 15, 7: 15, 8: 15}
fusion_method=early pred_boxes=25 gt_boxes=54
pred_scores_shape=(25,)
frame=4/41 receiver_sample=13/20 scenario=2026_07_29_02_32_08 timestamp=000066 cavs=[13, 9, 10, 19]
sgcp_constrained receiver=13 policy=all-cavs sources=[13, 9, 10, 19] clusters=20 ra=selective_pacp_lidar comm_bytes=36064 selected_grids={9: 15, 10: 14, 19: 14}
fusion_method=early pred_boxes=20 gt_boxes=55
pred_scores_shape=(20,)
frame=4/41 receiver_sample=14/20 scenario=2026_07_29_02_32_08 timestamp=000066 cavs=[14]
sgcp_constrained receiver=14 policy=all-cavs sources=[14] clusters=20 ra=selective_pacp_lidar comm_bytes=0 selected_grids={}
fusion_method=early pred_boxes=3 gt_boxes=7
pred_scores_shape=(3,)
frame=4/41 receiver_sample=15/20 scenario=2026_07_29_02_32_08 timestamp=000066 cavs=[15, 6]
sgcp_constrained receiver=15 policy=all-cavs sources=[15, 6] clusters=20 ra=selective_pacp_lidar comm_bytes=32560 selected_grids={6: 15}
fusion_method=early pred_boxes=16 gt_boxes=61
pred_scores_shape=(16,)
frame=4/41 receiver_sample=16/20 scenario=2026_07_29_02_32_08 timestamp=000066 cavs=[16, 5, 17, 20]
sgcp_constrained receiver=16 policy=all-cavs sources=[16, 5, 17, 20] clusters=20 ra=selective_pacp_lidar comm_bytes=59520 selected_grids={5: 15, 17: 14, 20: 13}
fusion_method=early pred_boxes=30 gt_boxes=68
pred_scores_shape=(30,)
frame=4/41 receiver_sample=17/20 scenario=2026_07_29_02_32_08 timestamp=000066 cavs=[17, 3, 16, 18]Format = auto
Extension = pcd
Format = auto
Extension = pcd
Format = auto
Extension = pcd
Format = auto
Extension = pcd
Format = auto
Extension = pcd
Format = auto
Extension = pcd
Format = auto
Extension = pcd
Format = auto
Extension = pcd
Format = auto
Extension = pcd
Format = auto
Extension = pcd
Format = auto
Extension = pcd
Format = auto
Extension = pcd
Format = auto
Extension = pcd
Format = auto
Extension = pcd
Format = auto
Extension = pcd
Format = auto
Extension = pcd
Format = auto
Extension = pcd
Format = auto
Extension = pcd
Format = auto
Extension = pcd
Format = auto
Extension = pcd
Format = auto
Extension = pcd
Format = auto
Extension = pcd
Format = auto
Extension = pcd
Format = auto
Extension = pcd
Format = auto
Extension = pcd
Format = auto
Extension = pcd
Format = auto
Extension = pcd
Format = auto
Extension = pcd
Format = auto
Extension = pcd
Format = auto
Extension = pcd
Format = auto
Extension = pcd
Format = auto
Extension = pcd
Format = auto
Extension = pcd
Format = auto
Extension = pcd
Format = auto
Extension = pcd
Format = auto
Extension = pcd
Format = auto
Extension = pcd
Format = auto
Extension = pcd
Format = auto
Extension = pcd
Format = auto
Extension = pcd

sgcp_constrained receiver=17 policy=all-cavs sources=[17, 3, 16, 18] clusters=20 ra=selective_pacp_lidar comm_bytes=75968 selected_grids={3: 15, 16: 14, 18: 15}
fusion_method=early pred_boxes=25 gt_boxes=65
pred_scores_shape=(25,)
frame=4/41 receiver_sample=18/20 scenario=2026_07_29_02_32_08 timestamp=000066 cavs=[18, 3, 17]
sgcp_constrained receiver=18 policy=all-cavs sources=[18, 3, 17] clusters=20 ra=selective_pacp_lidar comm_bytes=63216 selected_grids={3: 15, 17: 14}
fusion_method=early pred_boxes=17 gt_boxes=47
pred_scores_shape=(17,)
frame=4/41 receiver_sample=19/20 scenario=2026_07_29_02_32_08 timestamp=000066 cavs=[19, 9, 10, 13]
sgcp_constrained receiver=19 policy=all-cavs sources=[19, 9, 10, 13] clusters=20 ra=selective_pacp_lidar comm_bytes=47184 selected_grids={9: 14, 10: 14, 13: 14}
fusion_method=early pred_boxes=19 gt_boxes=54
pred_scores_shape=(19,)
frame=4/41 receiver_sample=20/20 scenario=2026_07_29_02_32_08 timestamp=000066 cavs=[20, 5, 7, 16]
sgcp_constrained receiver=20 policy=all-cavs sources=[20, 5, 7, 16] clusters=20 ra=selective_pacp_lidar comm_bytes=45424 selected_grids={5: 15, 7: 15, 16: 15}
fusion_method=early pred_boxes=26 gt_boxes=62
pred_scores_shape=(26,)
frame=5/41 receiver_sample=1/20 scenario=2026_07_29_02_32_08 timestamp=000068 cavs=[1, 2, 4, 11]
sgcp_constrained receiver=1 policy=all-cavs sources=[1, 2, 4, 11] clusters=20 ra=selective_pacp_lidar comm_bytes=81328 selected_grids={2: 14, 4: 14, 11: 14}
fusion_method=early pred_boxes=32 gt_boxes=72
pred_scores_shape=(32,)
frame=5/41 receiver_sample=2/20 scenario=2026_07_29_02_32_08 timestamp=000068 cavs=[2, 1, 8, 11]
sgcp_constrained receiver=2 policy=all-cavs sources=[2, 1, 8, 11] clusters=20 ra=selective_pacp_lidar comm_bytes=40464 selected_grids={1: 14, 8: 14, 11: 14}
fusion_method=early pred_boxes=22 gt_boxes=72
pred_scores_shape=(22,)
frame=5/41 receiver_sample=3/20 scenario=2026_07_29_02_32_08 timestamp=000068 cavs=[3, 16, 17, 18]
sgcp_constrained receiver=3 policy=all-cavs sources=[3, 16, 17, 18] clusters=20 ra=selective_pacp_lidar comm_bytes=81152 selected_grids={16: 13, 17: 14, 18: 14}
fusion_method=early pred_boxes=25 gt_boxes=65
pred_scores_shape=(25,)
frame=5/41 receiver_sample=4/20 scenario=2026_07_29_02_32_08 timestamp=000068 cavs=[4, 1, 7, 12]
sgcp_constrained receiver=4 policy=all-cavs sources=[4, 1, 7, 12] clusters=20 ra=selective_pacp_lidar comm_bytes=78608 selected_grids={1: 13, 7: 14, 12: 14}
fusion_method=early pred_boxes=29 gt_boxes=70
pred_scores_shape=(29,)
frame=5/41 receiver_sample=5/20 scenario=2026_07_29_02_32_08 timestamp=000068 cavs=[5, 9, 16, 20]
sgcp_constrained receiver=5 policy=all-cavs sources=[5, 9, 16, 20] clusters=20 ra=selective_pacp_lidar comm_bytes=67376 selected_grids={9: 14, 16: 14, 20: 13}
fusion_method=early pred_boxes=29 gt_boxes=47
pred_scores_shape=(29,)
frame=5/41 receiver_sample=6/20 scenario=2026_07_29_02_32_08 timestamp=000068 cavs=[6, 15]
sgcp_constrained receiver=6 policy=all-cavs sources=[6, 15] clusters=20 ra=selective_pacp_lidar comm_bytes=18688 selected_grids={15: 14}
fusion_method=early pred_boxes=14 gt_boxes=50
pred_scores_shape=(14,)
frame=5/41 receiver_sample=7/20 scenario=2026_07_29_02_32_08 timestamp=000068 cavs=[7, 8, 16, 20]
sgcp_constrained receiver=7 policy=all-cavs sources=[7, 8, 16, 20] clusters=20 ra=selective_pacp_lidar comm_bytes=56624 selected_grids={8: 14, 16: 13, 20: 13}
fusion_method=early pred_boxes=28 gt_boxes=51
pred_scores_shape=(28,)
frame=5/41 receiver_sample=8/20 scenario=2026_07_29_02_32_08 timestamp=000068 cavs=[8, 1, 2, 7]
sgcp_constrained receiver=8 policy=all-cavs sources=[8, 1, 2, 7] clusters=20 ra=selective_pacp_lidar comm_bytes=81568 selected_grids={1: 14, 2: 14, 7: 13}
fusion_method=early pred_boxes=31 gt_boxes=47
pred_scores_shape=(31,)
frame=5/41 receiver_sample=9/20 scenario=2026_07_29_02_32_08 timestamp=000068 cavs=[9, 13, 16, 19]
sgcp_constrained receiver=9 policy=all-cavs sources=[9, 13, 16, 19] clusters=20 ra=selective_pacp_lidar comm_bytes=60736 selected_grids={13: 13, 16: 13, 19: 14}
fusion_method=early pred_boxes=22 gt_boxes=53
pred_scores_shape=(22,)
frame=5/41 receiver_sample=10/20 scenario=2026_07_29_02_32_08 timestamp=000068 cavs=[10, 8, 9, 19]
sgcp_constrained receiver=10 policy=all-cavs sources=[10, 8, 9, 19] clusters=20 ra=selective_pacp_lidar comm_bytes=42304 selected_grids={8: 14, 9: 14, 19: 14}
fusion_method=early pred_boxes=27 gt_boxes=67
pred_scores_shape=(27,)
frame=5/41 receiver_sample=11/20 scenario=2026_07_29_02_32_08 timestamp=000068 cavs=[11, 1, 2, 10]
sgcp_constrained receiver=11 policy=all-cavs sources=[11, 1, 2, 10] clusters=20 ra=selective_pacp_lidar comm_bytes=59312 selected_grids={1: 14, 2: 14, 10: 13}
fusion_method=early pred_boxes=29 gt_boxes=69
pred_scores_shape=(29,)
frame=5/41 receiver_sample=12/20 scenario=2026_07_29_02_32_08 timestamp=000068 cavs=[12, 4, 7, 8]
sgcp_constrained receiver=12 policy=all-cavs sources=[12, 4, 7, 8] clusters=20 ra=selective_pacp_lidar comm_bytes=59792 selected_grids={4: 14, 7: 14, 8: 14}
fusion_method=early pred_boxes=24 gt_boxes=54
pred_scores_shape=(24,)
frame=5/41 receiver_sample=13/20 scenario=2026_07_29_02_32_08 timestamp=000068 cavs=[13, 9, 10, 19]
sgcp_constrained receiver=13 policy=all-cavs sources=[13, 9, 10, 19] clusters=20 ra=selective_pacp_lidar comm_bytes=35696 selected_grids={9: 14, 10: 13, 19: 14}
fusion_method=early pred_boxes=22 gt_boxes=55
pred_scores_shape=(22,)
frame=5/41 receiver_sample=14/20 scenario=2026_07_29_02_32_08 timestamp=000068 cavs=[14]
sgcp_constrained receiver=14 policy=all-cavs sources=[14] clusters=20 ra=selective_pacp_lidar comm_bytes=0 selected_grids={}
fusion_method=early pred_boxes=3 gt_boxes=7
pred_scores_shape=(3,)
frame=5/41 receiver_sample=15/20 scenario=2026_07_29_02_32_08 timestamp=000068 cavs=[15, 6]
sgcp_constrained receiver=15 policy=all-cavs sources=[15, 6] clusters=20 ra=selective_pacp_lidar comm_bytes=31488 selected_grids={6: 14}
fusion_method=early pred_boxes=16 gt_boxes=62
pred_scores_shape=(16,)
frame=5/41 receiver_sample=16/20 scenario=2026_07_29_02_32_08 timestamp=000068 cavs=[16, 5, 17, 20]
sgcp_constrained receiver=16 policy=all-cavs sources=[16, 5, 17, 20] clusters=20 ra=selective_pacp_lidar comm_bytes=55792 selected_grids={5: 14, 17: 13, 20: 12}
fusion_method=early pred_boxes=32 gt_boxes=69
pred_scores_shape=(32,)
frame=5/41 receiver_sample=17/20 scenario=2026_07_29_02_32_08 timestamp=000068 cavs=[17, 3, 16, 18]
sgcp_constrained receiver=17 policy=all-cavs sources=[17, 3, 16, 18] clusters=20 ra=selective_pacp_lidar comm_bytes=74400 selected_grids={3: 14, 16: 14, 18: 14}
fusion_method=early pred_boxes=23 gt_boxes=65
pred_scores_shape=(23,)
frame=5/41 receiver_sample=18/20 scenario=2026_07_29_02_32_08 timestamp=000068 cavs=[18, 3, 17]
sgcp_constrained receiver=18 policy=all-cavs sources=[18, 3, 17] clusters=20 ra=selective_pacp_lidar comm_bytes=61152 selected_grids={3: 14, 17: 14}
fusion_method=early pred_boxes=17 gt_boxes=47
pred_scores_shape=(17,)
frame=5/41 receiver_sample=19/20 scenario=2026_07_29_02_32_08 timestamp=000068 cavs=[19, 9, 10, 13]
sgcp_constrained receiver=19 policy=all-cavs sources=[19, 9, 10, 13] clusters=20 ra=selective_pacp_lidar comm_bytes=47104 selected_grids={9: 14, 10: 14, 13: 14}
fusion_method=early pred_boxes=20 gt_boxes=54
pred_scores_shape=(20,)
frame=5/41 receiver_sample=20/20 scenario=2026_07_29_02_32_08 timestamp=000068 cavs=[20, 5, 7, 16]
sgcp_constrained receiver=20 policy=all-cavs sources=[20, 5, 7, 16] clusters=20 ra=selective_pacp_lidar comm_bytes=45216 selected_grids={5: 14, 7: 14, 16: 14}
fusion_method=early pred_boxes=28 gt_boxes=62
pred_scores_shape=(28,)
frame=6/41 receiver_sample=1/20 scenario=2026_07_29_02_32_08 timestamp=000070 cavs=[1, 2, 4, 11]
sgcp_constrained receiver=1 policy=all-cavs sources=[1, 2, 4, 11] clusters=20 ra=selective_pacp_lidar comm_bytes=79264 selected_grids={2: 13, 4: 13, 11: 13}
fusion_method=early pred_boxes=31 gt_boxes=72
pred_scores_shape=(31,)
frame=6/41 receiver_sample=2/20 scenario=2026_07_29_02_32_08 timestamp=000070 cavs=[2, 1, 8, 11]
sgcp_constrained receiver=2 policy=all-cavs sources=[2, 1, 8, 11] clusters=20 ra=selective_pacp_lidar comm_bytes=36784 selected_grids={1: 13, 8: 13, 11: 13}Format = auto
Extension = pcd
Format = auto
Extension = pcd
Format = auto
Extension = pcd
Format = auto
Extension = pcd
Format = auto
Extension = pcd
Format = auto
Extension = pcd
Format = auto
Extension = pcd
Format = auto
Extension = pcd
Format = auto
Extension = pcd
Format = auto
Extension = pcd
Format = auto
Extension = pcd
Format = auto
Extension = pcd
Format = auto
Extension = pcd
Format = auto
Extension = pcd
Format = auto
Extension = pcd
Format = auto
Extension = pcd
Format = auto
Extension = pcd
Format = auto
Extension = pcd
Format = auto
Extension = pcd
Format = auto
Extension = pcd

fusion_method=early pred_boxes=25 gt_boxes=72
pred_scores_shape=(25,)
frame=6/41 receiver_sample=3/20 scenario=2026_07_29_02_32_08 timestamp=000070 cavs=[3, 16, 17, 18]
sgcp_constrained receiver=3 policy=all-cavs sources=[3, 16, 17, 18] clusters=20 ra=selective_pacp_lidar comm_bytes=80176 selected_grids={16: 13, 17: 13, 18: 14}
fusion_method=early pred_boxes=22 gt_boxes=65
pred_scores_shape=(22,)
frame=6/41 receiver_sample=4/20 scenario=2026_07_29_02_32_08 timestamp=000070 cavs=[4, 1, 7, 12]
sgcp_constrained receiver=4 policy=all-cavs sources=[4, 1, 7, 12] clusters=20 ra=selective_pacp_lidar comm_bytes=77248 selected_grids={1: 13, 7: 13, 12: 14}
fusion_method=early pred_boxes=30 gt_boxes=71
pred_scores_shape=(30,)
frame=6/41 receiver_sample=5/20 scenario=2026_07_29_02_32_08 timestamp=000070 cavs=[5, 9, 16, 20]
sgcp_constrained receiver=5 policy=all-cavs sources=[5, 9, 16, 20] clusters=20 ra=selective_pacp_lidar comm_bytes=65520 selected_grids={9: 13, 16: 13, 20: 12}
fusion_method=early pred_boxes=27 gt_boxes=47
pred_scores_shape=(27,)
frame=6/41 receiver_sample=6/20 scenario=2026_07_29_02_32_08 timestamp=000070 cavs=[6, 15]
sgcp_constrained receiver=6 policy=all-cavs sources=[6, 15] clusters=20 ra=selective_pacp_lidar comm_bytes=18896 selected_grids={15: 15}
fusion_method=early pred_boxes=14 gt_boxes=50
pred_scores_shape=(14,)
frame=6/41 receiver_sample=7/20 scenario=2026_07_29_02_32_08 timestamp=000070 cavs=[7, 8, 16, 20]
sgcp_constrained receiver=7 policy=all-cavs sources=[7, 8, 16, 20] clusters=20 ra=selective_pacp_lidar comm_bytes=57712 selected_grids={8: 14, 16: 13, 20: 13}
fusion_method=early pred_boxes=28 gt_boxes=51
pred_scores_shape=(28,)
frame=6/41 receiver_sample=8/20 scenario=2026_07_29_02_32_08 timestamp=000070 cavs=[8, 1, 4, 7]
sgcp_constrained receiver=8 policy=all-cavs sources=[8, 1, 4, 7] clusters=20 ra=selective_pacp_lidar comm_bytes=83392 selected_grids={1: 13, 4: 13, 7: 13}
fusion_method=early pred_boxes=27 gt_boxes=47
pred_scores_shape=(27,)
frame=6/41 receiver_sample=9/20 scenario=2026_07_29_02_32_08 timestamp=000070 cavs=[9, 13, 16, 19]
sgcp_constrained receiver=9 policy=all-cavs sources=[9, 13, 16, 19] clusters=20 ra=selective_pacp_lidar comm_bytes=60592 selected_grids={13: 13, 16: 13, 19: 14}
fusion_method=early pred_boxes=24 gt_boxes=53
pred_scores_shape=(24,)
frame=6/41 receiver_sample=10/20 scenario=2026_07_29_02_32_08 timestamp=000070 cavs=[10, 8, 9, 19]
sgcp_constrained receiver=10 policy=all-cavs sources=[10, 8, 9, 19] clusters=20 ra=selective_pacp_lidar comm_bytes=41664 selected_grids={8: 13, 9: 13, 19: 13}
fusion_method=early pred_boxes=28 gt_boxes=66
pred_scores_shape=(28,)
frame=6/41 receiver_sample=11/20 scenario=2026_07_29_02_32_08 timestamp=000070 cavs=[11, 1, 2, 10]
sgcp_constrained receiver=11 policy=all-cavs sources=[11, 1, 2, 10] clusters=20 ra=selective_pacp_lidar comm_bytes=58960 selected_grids={1: 14, 2: 14, 10: 13}
fusion_method=early pred_boxes=28 gt_boxes=69
pred_scores_shape=(28,)
frame=6/41 receiver_sample=12/20 scenario=2026_07_29_02_32_08 timestamp=000070 cavs=[12, 4, 7, 8]
sgcp_constrained receiver=12 policy=all-cavs sources=[12, 4, 7, 8] clusters=20 ra=selective_pacp_lidar comm_bytes=61136 selected_grids={4: 14, 7: 13, 8: 14}
fusion_method=early pred_boxes=28 gt_boxes=54
pred_scores_shape=(28,)
frame=6/41 receiver_sample=13/20 scenario=2026_07_29_02_32_08 timestamp=000070 cavs=[13, 9, 10, 19]
sgcp_constrained receiver=13 policy=all-cavs sources=[13, 9, 10, 19] clusters=20 ra=selective_pacp_lidar comm_bytes=35056 selected_grids={9: 13, 10: 13, 19: 14}
fusion_method=early pred_boxes=24 gt_boxes=55
pred_scores_shape=(24,)
frame=6/41 receiver_sample=14/20 scenario=2026_07_29_02_32_08 timestamp=000070 cavs=[14]
sgcp_constrained receiver=14 policy=all-cavs sources=[14] clusters=20 ra=selective_pacp_lidar comm_bytes=0 selected_grids={}
fusion_method=early pred_boxes=3 gt_boxes=7
pred_scores_shape=(3,)
frame=6/41 receiver_sample=15/20 scenario=2026_07_29_02_32_08 timestamp=000070 cavs=[15, 6]
sgcp_constrained receiver=15 policy=all-cavs sources=[15, 6] clusters=20 ra=selective_pacp_lidar comm_bytes=30368 selected_grids={6: 13}
fusion_method=early pred_boxes=16 gt_boxes=62
pred_scores_shape=(16,)
frame=6/41 receiver_sample=16/20 scenario=2026_07_29_02_32_08 timestamp=000070 cavs=[16, 7, 17, 20]
sgcp_constrained receiver=16 policy=all-cavs sources=[16, 7, 17, 20] clusters=20 ra=selective_pacp_lidar comm_bytes=64832 selected_grids={7: 13, 17: 13, 20: 11}
fusion_method=early pred_boxes=32 gt_boxes=69
pred_scores_shape=(32,)
frame=6/41 receiver_sample=17/20 scenario=2026_07_29_02_32_08 timestamp=000070 cavs=[17, 3, 16, 18]
sgcp_constrained receiver=17 policy=all-cavs sources=[17, 3, 16, 18] clusters=20 ra=selective_pacp_lidar comm_bytes=73776 selected_grids={3: 14, 16: 13, 18: 14}
fusion_method=early pred_boxes=24 gt_boxes=65
pred_scores_shape=(24,)
frame=6/41 receiver_sample=18/20 scenario=2026_07_29_02_32_08 timestamp=000070 cavs=[18, 3, 17]
sgcp_constrained receiver=18 policy=all-cavs sources=[18, 3, 17] clusters=20 ra=selective_pacp_lidar comm_bytes=62048 selected_grids={3: 13, 17: 13}
fusion_method=early pred_boxes=18 gt_boxes=46
pred_scores_shape=(18,)
frame=6/41 receiver_sample=19/20 scenario=2026_07_29_02_32_08 timestamp=000070 cavs=[19, 9, 10, 13]
sgcp_constrained receiver=19 policy=all-cavs sources=[19, 9, 10, 13] clusters=20 ra=selective_pacp_lidar comm_bytes=46064 selected_grids={9: 13, 10: 13, 13: 13}
fusion_method=early pred_boxes=20 gt_boxes=54
pred_scores_shape=(20,)
frame=6/41 receiver_sample=20/20 scenario=2026_07_29_02_32_08 timestamp=000070 cavs=[20, 5, 7, 16]
sgcp_constrained receiver=20 policy=all-cavs sources=[20, 5, 7, 16] clusters=20 ra=selective_pacp_lidar comm_bytes=45312 selected_grids={5: 14, 7: 13, 16: 14}
fusion_method=early pred_boxes=25 gt_boxes=62
pred_scores_shape=(25,)
frame=7/41 receiver_sample=1/20 scenario=2026_07_29_02_32_08 timestamp=000072 cavs=[1, 2, 4, 11]
sgcp_constrained receiver=1 policy=all-cavs sources=[1, 2, 4, 11] clusters=20 ra=selective_pacp_lidar comm_bytes=78704 selected_grids={2: 13, 4: 13, 11: 13}
fusion_method=early pred_boxes=33 gt_boxes=71
pred_scores_shape=(33,)
frame=7/41 receiver_sample=2/20 scenario=2026_07_29_02_32_08 timestamp=000072 cavs=[2, 1, 8, 11]
sgcp_constrained receiver=2 policy=all-cavs sources=[2, 1, 8, 11] clusters=20 ra=selective_pacp_lidar comm_bytes=37296 selected_grids={1: 13, 8: 13, 11: 13}
fusion_method=early pred_boxes=25 gt_boxes=72
pred_scores_shape=(25,)
frame=7/41 receiver_sample=3/20 scenario=2026_07_29_02_32_08 timestamp=000072 cavs=[3, 16, 17, 18]
sgcp_constrained receiver=3 policy=all-cavs sources=[3, 16, 17, 18] clusters=20 ra=selective_pacp_lidar comm_bytes=79616 selected_grids={16: 13, 17: 12, 18: 14}
fusion_method=early pred_boxes=23 gt_boxes=65
pred_scores_shape=(23,)
frame=7/41 receiver_sample=4/20 scenario=2026_07_29_02_32_08 timestamp=000072 cavs=[4, 1, 7, 12]
sgcp_constrained receiver=4 policy=all-cavs sources=[4, 1, 7, 12] clusters=20 ra=selective_pacp_lidar comm_bytes=77152 selected_grids={1: 13, 7: 13, 12: 14}
fusion_method=early pred_boxes=29 gt_boxes=71
pred_scores_shape=(29,)
frame=7/41 receiver_sample=5/20 scenario=2026_07_29_02_32_08 timestamp=000072 cavs=[5, 9, 16, 20]
sgcp_constrained receiver=5 policy=all-cavs sources=[5, 9, 16, 20] clusters=20 ra=selective_pacp_lidar comm_bytes=65040 selected_grids={9: 13, 16: 13, 20: 12}
fusion_method=early pred_boxes=25 gt_boxes=47
pred_scores_shape=(25,)
frame=7/41 receiver_sample=6/20 scenario=2026_07_29_02_32_08 timestamp=000072 cavs=[6, 15]
sgcp_constrained receiver=6 policy=all-cavs sources=[6, 15] clusters=20 ra=selective_pacp_lidar comm_bytes=18016 selected_grids={15: 14}
fusion_method=early pred_boxes=14 gt_boxes=50
pred_scores_shape=(14,)
frame=7/41 receiver_sample=7/20 scenario=2026_07_29_02_32_08 timestamp=000072 cavs=[7, 8, 16, 20]
sgcp_constrained receiver=7 policy=all-cavs sources=[7, 8, 16, 20] clusters=20 ra=selective_pacp_lidar comm_bytes=57744 selected_grids={8: 14, 16: 13, 20: 13}
fusion_method=early pred_boxes=29 gt_boxes=51
pred_scores_shape=(29,)Format = auto
Extension = pcd
Format = auto
Extension = pcd
Format = auto
Extension = pcd
Format = auto
Extension = pcd
Format = auto
Extension = pcd
Format = auto
Extension = pcd
Format = auto
Extension = pcd
Format = auto
Extension = pcd
Format = auto
Extension = pcd
Format = auto
Extension = pcd
Format = auto
Extension = pcd
Format = auto
Extension = pcd
Format = auto
Extension = pcd
Format = auto
Extension = pcd
Format = auto
Extension = pcd
Format = auto
Extension = pcd
Format = auto
Extension = pcd
Format = auto
Extension = pcd
Format = auto
Extension = pcd
Format = auto
Extension = pcd

frame=7/41 receiver_sample=8/20 scenario=2026_07_29_02_32_08 timestamp=000072 cavs=[8, 1, 4, 7]
sgcp_constrained receiver=8 policy=all-cavs sources=[8, 1, 4, 7] clusters=20 ra=selective_pacp_lidar comm_bytes=84016 selected_grids={1: 13, 4: 13, 7: 13}
fusion_method=early pred_boxes=29 gt_boxes=48
pred_scores_shape=(29,)
frame=7/41 receiver_sample=9/20 scenario=2026_07_29_02_32_08 timestamp=000072 cavs=[9, 13, 16, 19]
sgcp_constrained receiver=9 policy=all-cavs sources=[9, 13, 16, 19] clusters=20 ra=selective_pacp_lidar comm_bytes=61344 selected_grids={13: 14, 16: 13, 19: 13}
fusion_method=early pred_boxes=25 gt_boxes=53
pred_scores_shape=(25,)
frame=7/41 receiver_sample=10/20 scenario=2026_07_29_02_32_08 timestamp=000072 cavs=[10, 8, 9, 19]
sgcp_constrained receiver=10 policy=all-cavs sources=[10, 8, 9, 19] clusters=20 ra=selective_pacp_lidar comm_bytes=41568 selected_grids={8: 13, 9: 13, 19: 13}
fusion_method=early pred_boxes=25 gt_boxes=68
pred_scores_shape=(25,)
frame=7/41 receiver_sample=11/20 scenario=2026_07_29_02_32_08 timestamp=000072 cavs=[11, 1, 2, 10]
sgcp_constrained receiver=11 policy=all-cavs sources=[11, 1, 2, 10] clusters=20 ra=selective_pacp_lidar comm_bytes=58864 selected_grids={1: 13, 2: 14, 10: 13}
fusion_method=early pred_boxes=29 gt_boxes=68
pred_scores_shape=(29,)
frame=7/41 receiver_sample=12/20 scenario=2026_07_29_02_32_08 timestamp=000072 cavs=[12, 4, 7, 8]
sgcp_constrained receiver=12 policy=all-cavs sources=[12, 4, 7, 8] clusters=20 ra=selective_pacp_lidar comm_bytes=60096 selected_grids={4: 14, 7: 13, 8: 14}
fusion_method=early pred_boxes=27 gt_boxes=55
pred_scores_shape=(27,)
frame=7/41 receiver_sample=13/20 scenario=2026_07_29_02_32_08 timestamp=000072 cavs=[13, 9, 10, 19]
sgcp_constrained receiver=13 policy=all-cavs sources=[13, 9, 10, 19] clusters=20 ra=selective_pacp_lidar comm_bytes=35072 selected_grids={9: 13, 10: 13, 19: 14}
fusion_method=early pred_boxes=21 gt_boxes=55
pred_scores_shape=(21,)
frame=7/41 receiver_sample=14/20 scenario=2026_07_29_02_32_08 timestamp=000072 cavs=[14]
sgcp_constrained receiver=14 policy=all-cavs sources=[14] clusters=20 ra=selective_pacp_lidar comm_bytes=0 selected_grids={}
fusion_method=early pred_boxes=3 gt_boxes=7
pred_scores_shape=(3,)
frame=7/41 receiver_sample=15/20 scenario=2026_07_29_02_32_08 timestamp=000072 cavs=[15, 6]
sgcp_constrained receiver=15 policy=all-cavs sources=[15, 6] clusters=20 ra=selective_pacp_lidar comm_bytes=30464 selected_grids={6: 13}
fusion_method=early pred_boxes=16 gt_boxes=62
pred_scores_shape=(16,)
frame=7/41 receiver_sample=16/20 scenario=2026_07_29_02_32_08 timestamp=000072 cavs=[16, 7, 17, 20]
sgcp_constrained receiver=16 policy=all-cavs sources=[16, 7, 17, 20] clusters=20 ra=selective_pacp_lidar comm_bytes=65952 selected_grids={7: 13, 17: 13, 20: 12}
fusion_method=early pred_boxes=32 gt_boxes=70
pred_scores_shape=(32,)
frame=7/41 receiver_sample=17/20 scenario=2026_07_29_02_32_08 timestamp=000072 cavs=[17, 3, 16, 18]
sgcp_constrained receiver=17 policy=all-cavs sources=[17, 3, 16, 18] clusters=20 ra=selective_pacp_lidar comm_bytes=76160 selected_grids={3: 14, 16: 13, 18: 14}
fusion_method=early pred_boxes=24 gt_boxes=65
pred_scores_shape=(24,)
frame=7/41 receiver_sample=18/20 scenario=2026_07_29_02_32_08 timestamp=000072 cavs=[18, 3, 17]
sgcp_constrained receiver=18 policy=all-cavs sources=[18, 3, 17] clusters=20 ra=selective_pacp_lidar comm_bytes=59488 selected_grids={3: 13, 17: 13}
fusion_method=early pred_boxes=17 gt_boxes=45
pred_scores_shape=(17,)
frame=7/41 receiver_sample=19/20 scenario=2026_07_29_02_32_08 timestamp=000072 cavs=[19, 9, 10, 13]
sgcp_constrained receiver=19 policy=all-cavs sources=[19, 9, 10, 13] clusters=20 ra=selective_pacp_lidar comm_bytes=45536 selected_grids={9: 13, 10: 13, 13: 13}
fusion_method=early pred_boxes=18 gt_boxes=54
pred_scores_shape=(18,)
frame=7/41 receiver_sample=20/20 scenario=2026_07_29_02_32_08 timestamp=000072 cavs=[20, 5, 7, 16]
sgcp_constrained receiver=20 policy=all-cavs sources=[20, 5, 7, 16] clusters=20 ra=selective_pacp_lidar comm_bytes=46672 selected_grids={5: 14, 7: 13, 16: 14}
fusion_method=early pred_boxes=26 gt_boxes=61
pred_scores_shape=(26,)
frame=8/41 receiver_sample=1/20 scenario=2026_07_29_02_32_08 timestamp=000074 cavs=[1, 2, 4, 11]
sgcp_constrained receiver=1 policy=all-cavs sources=[1, 2, 4, 11] clusters=20 ra=selective_pacp_lidar comm_bytes=77184 selected_grids={2: 13, 4: 13, 11: 13}
fusion_method=early pred_boxes=30 gt_boxes=70
pred_scores_shape=(30,)
frame=8/41 receiver_sample=2/20 scenario=2026_07_29_02_32_08 timestamp=000074 cavs=[2, 1, 8, 11]
sgcp_constrained receiver=2 policy=all-cavs sources=[2, 1, 8, 11] clusters=20 ra=selective_pacp_lidar comm_bytes=39584 selected_grids={1: 13, 8: 13, 11: 13}
fusion_method=early pred_boxes=24 gt_boxes=72
pred_scores_shape=(24,)
frame=8/41 receiver_sample=3/20 scenario=2026_07_29_02_32_08 timestamp=000074 cavs=[3, 16, 17, 18]
sgcp_constrained receiver=3 policy=all-cavs sources=[3, 16, 17, 18] clusters=20 ra=selective_pacp_lidar comm_bytes=74944 selected_grids={16: 12, 17: 13, 18: 13}
fusion_method=early pred_boxes=22 gt_boxes=65
pred_scores_shape=(22,)
frame=8/41 receiver_sample=4/20 scenario=2026_07_29_02_32_08 timestamp=000074 cavs=[4, 1, 7, 12]
sgcp_constrained receiver=4 policy=all-cavs sources=[4, 1, 7, 12] clusters=20 ra=selective_pacp_lidar comm_bytes=78112 selected_grids={1: 13, 7: 13, 12: 13}
fusion_method=early pred_boxes=28 gt_boxes=71
pred_scores_shape=(28,)
frame=8/41 receiver_sample=5/20 scenario=2026_07_29_02_32_08 timestamp=000074 cavs=[5, 9, 16, 20]
sgcp_constrained receiver=5 policy=all-cavs sources=[5, 9, 16, 20] clusters=20 ra=selective_pacp_lidar comm_bytes=63936 selected_grids={9: 13, 16: 13, 20: 10}
fusion_method=early pred_boxes=24 gt_boxes=47
pred_scores_shape=(24,)
frame=8/41 receiver_sample=6/20 scenario=2026_07_29_02_32_08 timestamp=000074 cavs=[6, 15]
sgcp_constrained receiver=6 policy=all-cavs sources=[6, 15] clusters=20 ra=selective_pacp_lidar comm_bytes=19056 selected_grids={15: 14}
fusion_method=early pred_boxes=15 gt_boxes=50
pred_scores_shape=(15,)
frame=8/41 receiver_sample=7/20 scenario=2026_07_29_02_32_08 timestamp=000074 cavs=[7, 8, 16, 20]
sgcp_constrained receiver=7 policy=all-cavs sources=[7, 8, 16, 20] clusters=20 ra=selective_pacp_lidar comm_bytes=56128 selected_grids={8: 13, 16: 12, 20: 13}
fusion_method=early pred_boxes=27 gt_boxes=50
pred_scores_shape=(27,)
frame=8/41 receiver_sample=8/20 scenario=2026_07_29_02_32_08 timestamp=000074 cavs=[8, 1, 4, 7]
sgcp_constrained receiver=8 policy=all-cavs sources=[8, 1, 4, 7] clusters=20 ra=selective_pacp_lidar comm_bytes=84288 selected_grids={1: 13, 4: 13, 7: 13}
fusion_method=early pred_boxes=30 gt_boxes=48
pred_scores_shape=(30,)
frame=8/41 receiver_sample=9/20 scenario=2026_07_29_02_32_08 timestamp=000074 cavs=[9, 13, 16, 19]
sgcp_constrained receiver=9 policy=all-cavs sources=[9, 13, 16, 19] clusters=20 ra=selective_pacp_lidar comm_bytes=58496 selected_grids={13: 13, 16: 12, 19: 12}
fusion_method=early pred_boxes=23 gt_boxes=53
pred_scores_shape=(23,)
frame=8/41 receiver_sample=10/20 scenario=2026_07_29_02_32_08 timestamp=000074 cavs=[10, 8, 9, 19]
sgcp_constrained receiver=10 policy=all-cavs sources=[10, 8, 9, 19] clusters=20 ra=selective_pacp_lidar comm_bytes=41520 selected_grids={8: 13, 9: 13, 19: 13}
fusion_method=early pred_boxes=27 gt_boxes=68
pred_scores_shape=(27,)
frame=8/41 receiver_sample=11/20 scenario=2026_07_29_02_32_08 timestamp=000074 cavs=[11, 1, 2, 9]
sgcp_constrained receiver=11 policy=all-cavs sources=[11, 1, 2, 9] clusters=20 ra=selective_pacp_lidar comm_bytes=64032 selected_grids={1: 13, 2: 13, 9: 13}
fusion_method=early pred_boxes=29 gt_boxes=68
pred_scores_shape=(29,)
frame=8/41 receiver_sample=12/20 scenario=2026_07_29_02_32_08 timestamp=000074 cavs=[12, 4, 7, 8]
sgcp_constrained receiver=12 policy=all-cavs sources=[12, 4, 7, 8] clusters=20 ra=selective_pacp_lidar comm_bytes=63824 selected_grids={4: 13, 7: 13, 8: 13}
fusion_method=early pred_boxes=27 gt_boxes=55
pred_scores_shape=(27,)
frame=8/41 receiver_sample=13/20 scenario=2026_07_29_02_32_08 timestamp=000074 cavs=[13, 9, 10, 19]Format = auto
Extension = pcd
Format = auto
Extension = pcd
Format = auto
Extension = pcd
Format = auto
Extension = pcd
Format = auto
Extension = pcd
Format = auto
Extension = pcd
Format = auto
Extension = pcd
Format = auto
Extension = pcd
Format = auto
Extension = pcd
Format = auto
Extension = pcd
Format = auto
Extension = pcd
Format = auto
Extension = pcd
Format = auto
Extension = pcd
Format = auto
Extension = pcd
Format = auto
Extension = pcd
Format = auto
Extension = pcd
Format = auto
Extension = pcd
Format = auto
Extension = pcd
Format = auto
Extension = pcd
Format = auto
Extension = pcd

sgcp_constrained receiver=13 policy=all-cavs sources=[13, 9, 10, 19] clusters=20 ra=selective_pacp_lidar comm_bytes=35168 selected_grids={9: 13, 10: 13, 19: 13}
fusion_method=early pred_boxes=20 gt_boxes=55
pred_scores_shape=(20,)
frame=8/41 receiver_sample=14/20 scenario=2026_07_29_02_32_08 timestamp=000074 cavs=[14]
sgcp_constrained receiver=14 policy=all-cavs sources=[14] clusters=20 ra=selective_pacp_lidar comm_bytes=0 selected_grids={}
fusion_method=early pred_boxes=3 gt_boxes=7
pred_scores_shape=(3,)
frame=8/41 receiver_sample=15/20 scenario=2026_07_29_02_32_08 timestamp=000074 cavs=[15, 6]
sgcp_constrained receiver=15 policy=all-cavs sources=[15, 6] clusters=20 ra=selective_pacp_lidar comm_bytes=32112 selected_grids={6: 13}
fusion_method=early pred_boxes=16 gt_boxes=62
pred_scores_shape=(16,)
frame=8/41 receiver_sample=16/20 scenario=2026_07_29_02_32_08 timestamp=000074 cavs=[16, 7, 17, 20]
sgcp_constrained receiver=16 policy=all-cavs sources=[16, 7, 17, 20] clusters=20 ra=selective_pacp_lidar comm_bytes=65744 selected_grids={7: 13, 17: 13, 20: 12}
fusion_method=early pred_boxes=26 gt_boxes=71
pred_scores_shape=(26,)
frame=8/41 receiver_sample=17/20 scenario=2026_07_29_02_32_08 timestamp=000074 cavs=[17, 3, 16, 18]
sgcp_constrained receiver=17 policy=all-cavs sources=[17, 3, 16, 18] clusters=20 ra=selective_pacp_lidar comm_bytes=72880 selected_grids={3: 13, 16: 13, 18: 13}
fusion_method=early pred_boxes=25 gt_boxes=65
pred_scores_shape=(25,)
frame=8/41 receiver_sample=18/20 scenario=2026_07_29_02_32_08 timestamp=000074 cavs=[18, 3, 17]
sgcp_constrained receiver=18 policy=all-cavs sources=[18, 3, 17] clusters=20 ra=selective_pacp_lidar comm_bytes=59792 selected_grids={3: 13, 17: 14}
fusion_method=early pred_boxes=16 gt_boxes=45
pred_scores_shape=(16,)
frame=8/41 receiver_sample=19/20 scenario=2026_07_29_02_32_08 timestamp=000074 cavs=[19, 9, 10, 13]
sgcp_constrained receiver=19 policy=all-cavs sources=[19, 9, 10, 13] clusters=20 ra=selective_pacp_lidar comm_bytes=45552 selected_grids={9: 13, 10: 13, 13: 13}
fusion_method=early pred_boxes=26 gt_boxes=53
pred_scores_shape=(26,)
frame=8/41 receiver_sample=20/20 scenario=2026_07_29_02_32_08 timestamp=000074 cavs=[20, 5, 7, 16]
sgcp_constrained receiver=20 policy=all-cavs sources=[20, 5, 7, 16] clusters=20 ra=selective_pacp_lidar comm_bytes=46448 selected_grids={5: 13, 7: 13, 16: 13}
fusion_method=early pred_boxes=25 gt_boxes=61
pred_scores_shape=(25,)
frame=9/41 receiver_sample=1/20 scenario=2026_07_29_02_32_08 timestamp=000076 cavs=[1, 2, 4, 11]
sgcp_constrained receiver=1 policy=all-cavs sources=[1, 2, 4, 11] clusters=20 ra=selective_pacp_lidar comm_bytes=76816 selected_grids={2: 13, 4: 13, 11: 13}
fusion_method=early pred_boxes=33 gt_boxes=70
pred_scores_shape=(33,)
frame=9/41 receiver_sample=2/20 scenario=2026_07_29_02_32_08 timestamp=000076 cavs=[2, 1, 8, 11]
sgcp_constrained receiver=2 policy=all-cavs sources=[2, 1, 8, 11] clusters=20 ra=selective_pacp_lidar comm_bytes=37056 selected_grids={1: 13, 8: 13, 11: 13}
fusion_method=early pred_boxes=23 gt_boxes=72
pred_scores_shape=(23,)
frame=9/41 receiver_sample=3/20 scenario=2026_07_29_02_32_08 timestamp=000076 cavs=[3, 16, 17, 18]
sgcp_constrained receiver=3 policy=all-cavs sources=[3, 16, 17, 18] clusters=20 ra=selective_pacp_lidar comm_bytes=77504 selected_grids={16: 12, 17: 13, 18: 13}
fusion_method=early pred_boxes=25 gt_boxes=64
pred_scores_shape=(25,)
frame=9/41 receiver_sample=4/20 scenario=2026_07_29_02_32_08 timestamp=000076 cavs=[4, 1, 7, 12]
sgcp_constrained receiver=4 policy=all-cavs sources=[4, 1, 7, 12] clusters=20 ra=selective_pacp_lidar comm_bytes=77392 selected_grids={1: 12, 7: 13, 12: 13}
fusion_method=early pred_boxes=34 gt_boxes=71
pred_scores_shape=(34,)
frame=9/41 receiver_sample=5/20 scenario=2026_07_29_02_32_08 timestamp=000076 cavs=[5, 13, 16, 20]
sgcp_constrained receiver=5 policy=all-cavs sources=[5, 13, 16, 20] clusters=20 ra=selective_pacp_lidar comm_bytes=70272 selected_grids={13: 13, 16: 13, 20: 12}
fusion_method=early pred_boxes=23 gt_boxes=47
pred_scores_shape=(23,)
frame=9/41 receiver_sample=6/20 scenario=2026_07_29_02_32_08 timestamp=000076 cavs=[6, 15]
sgcp_constrained receiver=6 policy=all-cavs sources=[6, 15] clusters=20 ra=selective_pacp_lidar comm_bytes=19344 selected_grids={15: 13}
fusion_method=early pred_boxes=15 gt_boxes=51
pred_scores_shape=(15,)
frame=9/41 receiver_sample=7/20 scenario=2026_07_29_02_32_08 timestamp=000076 cavs=[7, 8, 16, 20]
sgcp_constrained receiver=7 policy=all-cavs sources=[7, 8, 16, 20] clusters=20 ra=selective_pacp_lidar comm_bytes=56320 selected_grids={8: 13, 16: 12, 20: 12}
fusion_method=early pred_boxes=26 gt_boxes=49
pred_scores_shape=(26,)
frame=9/41 receiver_sample=8/20 scenario=2026_07_29_02_32_08 timestamp=000076 cavs=[8, 1, 4, 7]
sgcp_constrained receiver=8 policy=all-cavs sources=[8, 1, 4, 7] clusters=20 ra=selective_pacp_lidar comm_bytes=83872 selected_grids={1: 13, 4: 13, 7: 13}
fusion_method=early pred_boxes=32 gt_boxes=48
pred_scores_shape=(32,)
frame=9/41 receiver_sample=9/20 scenario=2026_07_29_02_32_08 timestamp=000076 cavs=[9, 13, 16, 19]
sgcp_constrained receiver=9 policy=all-cavs sources=[9, 13, 16, 19] clusters=20 ra=selective_pacp_lidar comm_bytes=58768 selected_grids={13: 13, 16: 12, 19: 12}
fusion_method=early pred_boxes=26 gt_boxes=53
pred_scores_shape=(26,)
frame=9/41 receiver_sample=10/20 scenario=2026_07_29_02_32_08 timestamp=000076 cavs=[10, 8, 9, 19]
sgcp_constrained receiver=10 policy=all-cavs sources=[10, 8, 9, 19] clusters=20 ra=selective_pacp_lidar comm_bytes=41984 selected_grids={8: 13, 9: 13, 19: 13}
fusion_method=early pred_boxes=28 gt_boxes=69
pred_scores_shape=(28,)
frame=9/41 receiver_sample=11/20 scenario=2026_07_29_02_32_08 timestamp=000076 cavs=[11, 1, 2, 9]
sgcp_constrained receiver=11 policy=all-cavs sources=[11, 1, 2, 9] clusters=20 ra=selective_pacp_lidar comm_bytes=63776 selected_grids={1: 13, 2: 13, 9: 13}
fusion_method=early pred_boxes=33 gt_boxes=68
pred_scores_shape=(33,)
frame=9/41 receiver_sample=12/20 scenario=2026_07_29_02_32_08 timestamp=000076 cavs=[12, 4, 7, 8]
sgcp_constrained receiver=12 policy=all-cavs sources=[12, 4, 7, 8] clusters=20 ra=selective_pacp_lidar comm_bytes=61920 selected_grids={4: 13, 7: 13, 8: 13}
fusion_method=early pred_boxes=24 gt_boxes=55
pred_scores_shape=(24,)
frame=9/41 receiver_sample=13/20 scenario=2026_07_29_02_32_08 timestamp=000076 cavs=[13, 9, 10, 19]
sgcp_constrained receiver=13 policy=all-cavs sources=[13, 9, 10, 19] clusters=20 ra=selective_pacp_lidar comm_bytes=35424 selected_grids={9: 13, 10: 13, 19: 13}
fusion_method=early pred_boxes=25 gt_boxes=55
pred_scores_shape=(25,)
frame=9/41 receiver_sample=14/20 scenario=2026_07_29_02_32_08 timestamp=000076 cavs=[14]
sgcp_constrained receiver=14 policy=all-cavs sources=[14] clusters=20 ra=selective_pacp_lidar comm_bytes=0 selected_grids={}
fusion_method=early pred_boxes=3 gt_boxes=7
pred_scores_shape=(3,)
frame=9/41 receiver_sample=15/20 scenario=2026_07_29_02_32_08 timestamp=000076 cavs=[15, 6]
sgcp_constrained receiver=15 policy=all-cavs sources=[15, 6] clusters=20 ra=selective_pacp_lidar comm_bytes=32000 selected_grids={6: 13}
fusion_method=early pred_boxes=17 gt_boxes=62
pred_scores_shape=(17,)
frame=9/41 receiver_sample=16/20 scenario=2026_07_29_02_32_08 timestamp=000076 cavs=[16, 7, 17, 20]
sgcp_constrained receiver=16 policy=all-cavs sources=[16, 7, 17, 20] clusters=20 ra=selective_pacp_lidar comm_bytes=63776 selected_grids={7: 13, 17: 13, 20: 11}
fusion_method=early pred_boxes=27 gt_boxes=70
pred_scores_shape=(27,)
frame=9/41 receiver_sample=17/20 scenario=2026_07_29_02_32_08 timestamp=000076 cavs=[17, 3, 16, 18]
sgcp_constrained receiver=17 policy=all-cavs sources=[17, 3, 16, 18] clusters=20 ra=selective_pacp_lidar comm_bytes=72320 selected_grids={3: 13, 16: 12, 18: 13}
fusion_method=early pred_boxes=24 gt_boxes=65
pred_scores_shape=(24,)
frame=9/41 receiver_sample=18/20 scenario=2026_07_29_02_32_08 timestamp=000076 cavs=[18, 3, 17]
sgcp_constrained receiver=18 policy=all-cavs sources=[18, 3, 17] clusters=20 ra=selective_pacp_lidar comm_bytes=60336 selected_grids={3: 13, 17: 13}Format = auto
Extension = pcd
Format = auto
Extension = pcd
Format = auto
Extension = pcd
Format = auto
Extension = pcd
Format = auto
Extension = pcd
Format = auto
Extension = pcd
Format = auto
Extension = pcd
Format = auto
Extension = pcd
Format = auto
Extension = pcd
Format = auto
Extension = pcd
Format = auto
Extension = pcd
Format = auto
Extension = pcd
Format = auto
Extension = pcd
Format = auto
Extension = pcd
Format = auto
Extension = pcd
Format = auto
Extension = pcd
Format = auto
Extension = pcd
Format = auto
Extension = pcd
Format = auto
Extension = pcd
Format = auto
Extension = pcd
Format = auto
Extension = pcd
Format = auto
Extension = pcd
Format = auto
Extension = pcd
Format = auto
Extension = pcd
Format = auto
Extension = pcd
Format = auto
Extension = pcd
Format = auto
Extension = pcd
Format = auto
Extension = pcd
Format = auto
Extension = pcd
Format = auto
Extension = pcd
Format = auto
Extension = pcd
Format = auto
Extension = pcd
Format = auto
Extension = pcd
Format = auto
Extension = pcd
Format = auto
Extension = pcd
Format = auto
Extension = pcd
Format = auto
Extension = pcd
Format = auto
Extension = pcd
Format = auto
Extension = pcd
Format = auto
Extension = pcd

fusion_method=early pred_boxes=16 gt_boxes=44
pred_scores_shape=(16,)
frame=9/41 receiver_sample=19/20 scenario=2026_07_29_02_32_08 timestamp=000076 cavs=[19, 9, 10, 13]
sgcp_constrained receiver=19 policy=all-cavs sources=[19, 9, 10, 13] clusters=20 ra=selective_pacp_lidar comm_bytes=43008 selected_grids={9: 13, 10: 13, 13: 12}
fusion_method=early pred_boxes=20 gt_boxes=53
pred_scores_shape=(20,)
frame=9/41 receiver_sample=20/20 scenario=2026_07_29_02_32_08 timestamp=000076 cavs=[20, 5, 7, 16]
sgcp_constrained receiver=20 policy=all-cavs sources=[20, 5, 7, 16] clusters=20 ra=selective_pacp_lidar comm_bytes=46912 selected_grids={5: 13, 7: 13, 16: 13}
fusion_method=early pred_boxes=27 gt_boxes=61
pred_scores_shape=(27,)
frame=10/41 receiver_sample=1/20 scenario=2026_07_29_02_32_08 timestamp=000078 cavs=[1, 2, 8, 11]
sgcp_constrained receiver=1 policy=all-cavs sources=[1, 2, 8, 11] clusters=20 ra=selective_pacp_lidar comm_bytes=53968 selected_grids={2: 13, 8: 14, 11: 13}
fusion_method=early pred_boxes=28 gt_boxes=70
pred_scores_shape=(28,)
frame=10/41 receiver_sample=2/20 scenario=2026_07_29_02_32_08 timestamp=000078 cavs=[2, 1, 8, 11]
sgcp_constrained receiver=2 policy=all-cavs sources=[2, 1, 8, 11] clusters=20 ra=selective_pacp_lidar comm_bytes=36928 selected_grids={1: 13, 8: 13, 11: 13}
fusion_method=early pred_boxes=24 gt_boxes=71
pred_scores_shape=(24,)
frame=10/41 receiver_sample=3/20 scenario=2026_07_29_02_32_08 timestamp=000078 cavs=[3, 16, 17, 18]
sgcp_constrained receiver=3 policy=all-cavs sources=[3, 16, 17, 18] clusters=20 ra=selective_pacp_lidar comm_bytes=78272 selected_grids={16: 13, 17: 13, 18: 14}
fusion_method=early pred_boxes=24 gt_boxes=64
pred_scores_shape=(24,)
frame=10/41 receiver_sample=4/20 scenario=2026_07_29_02_32_08 timestamp=000078 cavs=[4, 1, 7, 12]
sgcp_constrained receiver=4 policy=all-cavs sources=[4, 1, 7, 12] clusters=20 ra=selective_pacp_lidar comm_bytes=80992 selected_grids={1: 13, 7: 13, 12: 14}
fusion_method=early pred_boxes=32 gt_boxes=71
pred_scores_shape=(32,)
frame=10/41 receiver_sample=5/20 scenario=2026_07_29_02_32_08 timestamp=000078 cavs=[5, 13, 16, 20]
sgcp_constrained receiver=5 policy=all-cavs sources=[5, 13, 16, 20] clusters=20 ra=selective_pacp_lidar comm_bytes=70528 selected_grids={13: 13, 16: 13, 20: 12}
fusion_method=early pred_boxes=24 gt_boxes=47
pred_scores_shape=(24,)
frame=10/41 receiver_sample=6/20 scenario=2026_07_29_02_32_08 timestamp=000078 cavs=[6, 15]
sgcp_constrained receiver=6 policy=all-cavs sources=[6, 15] clusters=20 ra=selective_pacp_lidar comm_bytes=20656 selected_grids={15: 14}
fusion_method=early pred_boxes=15 gt_boxes=51
pred_scores_shape=(15,)
frame=10/41 receiver_sample=7/20 scenario=2026_07_29_02_32_08 timestamp=000078 cavs=[7, 8, 16, 20]
sgcp_constrained receiver=7 policy=all-cavs sources=[7, 8, 16, 20] clusters=20 ra=selective_pacp_lidar comm_bytes=61424 selected_grids={8: 13, 16: 13, 20: 13}
fusion_method=early pred_boxes=29 gt_boxes=49
pred_scores_shape=(29,)
frame=10/41 receiver_sample=8/20 scenario=2026_07_29_02_32_08 timestamp=000078 cavs=[8, 1, 4, 7]
sgcp_constrained receiver=8 policy=all-cavs sources=[8, 1, 4, 7] clusters=20 ra=selective_pacp_lidar comm_bytes=83152 selected_grids={1: 13, 4: 13, 7: 13}
fusion_method=early pred_boxes=31 gt_boxes=48
pred_scores_shape=(31,)
frame=10/41 receiver_sample=9/20 scenario=2026_07_29_02_32_08 timestamp=000078 cavs=[9, 13, 16, 19]
sgcp_constrained receiver=9 policy=all-cavs sources=[9, 13, 16, 19] clusters=20 ra=selective_pacp_lidar comm_bytes=62656 selected_grids={13: 14, 16: 13, 19: 13}
fusion_method=early pred_boxes=31 gt_boxes=53
pred_scores_shape=(31,)
frame=10/41 receiver_sample=10/20 scenario=2026_07_29_02_32_08 timestamp=000078 cavs=[10, 8, 9, 19]
sgcp_constrained receiver=10 policy=all-cavs sources=[10, 8, 9, 19] clusters=20 ra=selective_pacp_lidar comm_bytes=44208 selected_grids={8: 13, 9: 14, 19: 13}
fusion_method=early pred_boxes=26 gt_boxes=70
pred_scores_shape=(26,)
frame=10/41 receiver_sample=11/20 scenario=2026_07_29_02_32_08 timestamp=000078 cavs=[11, 1, 2, 9]
sgcp_constrained receiver=11 policy=all-cavs sources=[11, 1, 2, 9] clusters=20 ra=selective_pacp_lidar comm_bytes=64160 selected_grids={1: 13, 2: 14, 9: 13}
fusion_method=early pred_boxes=30 gt_boxes=69
pred_scores_shape=(30,)
frame=10/41 receiver_sample=12/20 scenario=2026_07_29_02_32_08 timestamp=000078 cavs=[12, 4, 7, 8]
sgcp_constrained receiver=12 policy=all-cavs sources=[12, 4, 7, 8] clusters=20 ra=selective_pacp_lidar comm_bytes=64752 selected_grids={4: 13, 7: 13, 8: 13}
fusion_method=early pred_boxes=29 gt_boxes=55
pred_scores_shape=(29,)
frame=10/41 receiver_sample=13/20 scenario=2026_07_29_02_32_08 timestamp=000078 cavs=[13, 9, 10, 19]
sgcp_constrained receiver=13 policy=all-cavs sources=[13, 9, 10, 19] clusters=20 ra=selective_pacp_lidar comm_bytes=36544 selected_grids={9: 13, 10: 13, 19: 14}
fusion_method=early pred_boxes=25 gt_boxes=55
pred_scores_shape=(25,)
frame=10/41 receiver_sample=14/20 scenario=2026_07_29_02_32_08 timestamp=000078 cavs=[14]
sgcp_constrained receiver=14 policy=all-cavs sources=[14] clusters=20 ra=selective_pacp_lidar comm_bytes=0 selected_grids={}
fusion_method=early pred_boxes=5 gt_boxes=8
pred_scores_shape=(5,)
frame=10/41 receiver_sample=15/20 scenario=2026_07_29_02_32_08 timestamp=000078 cavs=[15, 6]
sgcp_constrained receiver=15 policy=all-cavs sources=[15, 6] clusters=20 ra=selective_pacp_lidar comm_bytes=29760 selected_grids={6: 13}
fusion_method=early pred_boxes=18 gt_boxes=62
pred_scores_shape=(18,)
frame=10/41 receiver_sample=16/20 scenario=2026_07_29_02_32_08 timestamp=000078 cavs=[16, 7, 17, 20]
sgcp_constrained receiver=16 policy=all-cavs sources=[16, 7, 17, 20] clusters=20 ra=selective_pacp_lidar comm_bytes=65936 selected_grids={7: 13, 17: 13, 20: 11}
fusion_method=early pred_boxes=34 gt_boxes=69
pred_scores_shape=(34,)
frame=10/41 receiver_sample=17/20 scenario=2026_07_29_02_32_08 timestamp=000078 cavs=[17, 3, 16, 18]
sgcp_constrained receiver=17 policy=all-cavs sources=[17, 3, 16, 18] clusters=20 ra=selective_pacp_lidar comm_bytes=75040 selected_grids={3: 14, 16: 13, 18: 14}
fusion_method=early pred_boxes=26 gt_boxes=65
pred_scores_shape=(26,)
frame=10/41 receiver_sample=18/20 scenario=2026_07_29_02_32_08 timestamp=000078 cavs=[18, 3, 17]
sgcp_constrained receiver=18 policy=all-cavs sources=[18, 3, 17] clusters=20 ra=selective_pacp_lidar comm_bytes=58384 selected_grids={3: 13, 17: 13}
fusion_method=early pred_boxes=16 gt_boxes=44
pred_scores_shape=(16,)
frame=10/41 receiver_sample=19/20 scenario=2026_07_29_02_32_08 timestamp=000078 cavs=[19, 9, 10, 13]
sgcp_constrained receiver=19 policy=all-cavs sources=[19, 9, 10, 13] clusters=20 ra=selective_pacp_lidar comm_bytes=42768 selected_grids={9: 13, 10: 13, 13: 12}
fusion_method=early pred_boxes=24 gt_boxes=53
pred_scores_shape=(24,)
frame=10/41 receiver_sample=20/20 scenario=2026_07_29_02_32_08 timestamp=000078 cavs=[20, 5, 7, 16]
sgcp_constrained receiver=20 policy=all-cavs sources=[20, 5, 7, 16] clusters=20 ra=selective_pacp_lidar comm_bytes=48672 selected_grids={5: 14, 7: 14, 16: 13}
fusion_method=early pred_boxes=29 gt_boxes=61
pred_scores_shape=(29,)
frame=11/41 receiver_sample=1/20 scenario=2026_07_29_02_32_08 timestamp=000080 cavs=[1, 2, 8, 11]
sgcp_constrained receiver=1 policy=all-cavs sources=[1, 2, 8, 11] clusters=20 ra=selective_pacp_lidar comm_bytes=56112 selected_grids={2: 14, 8: 15, 11: 14}
fusion_method=early pred_boxes=31 gt_boxes=71
pred_scores_shape=(31,)
frame=11/41 receiver_sample=2/20 scenario=2026_07_29_02_32_08 timestamp=000080 cavs=[2, 1, 8, 11]
sgcp_constrained receiver=2 policy=all-cavs sources=[2, 1, 8, 11] clusters=20 ra=selective_pacp_lidar comm_bytes=40976 selected_grids={1: 14, 8: 14, 11: 15}
fusion_method=early pred_boxes=27 gt_boxes=71
pred_scores_shape=(27,)
frame=11/41 receiver_sample=3/20 scenario=2026_07_29_02_32_08 timestamp=000080 cavs=[3, 16, 17, 18]
sgcp_constrained receiver=3 policy=all-cavs sources=[3, 16, 17, 18] clusters=20 ra=selective_pacp_lidar comm_bytes=80176 selected_grids={16: 14, 17: 15, 18: 15}Format = auto
Extension = pcd
Format = auto
Extension = pcd
Format = auto
Extension = pcd
Format = auto
Extension = pcd
Format = auto
Extension = pcd
Format = auto
Extension = pcd
Format = auto
Extension = pcd
Format = auto
Extension = pcd
Format = auto
Extension = pcd
Format = auto
Extension = pcd
Format = auto
Extension = pcd
Format = auto
Extension = pcd
Format = auto
Extension = pcd
Format = auto
Extension = pcd
Format = auto
Extension = pcd
Format = auto
Extension = pcd
Format = auto
Extension = pcd
Format = auto
Extension = pcd
Format = auto
Extension = pcd
Format = auto
Extension = pcd

fusion_method=early pred_boxes=25 gt_boxes=64
pred_scores_shape=(25,)
frame=11/41 receiver_sample=4/20 scenario=2026_07_29_02_32_08 timestamp=000080 cavs=[4, 1, 7, 12]
sgcp_constrained receiver=4 policy=all-cavs sources=[4, 1, 7, 12] clusters=20 ra=selective_pacp_lidar comm_bytes=83840 selected_grids={1: 14, 7: 14, 12: 15}
fusion_method=early pred_boxes=30 gt_boxes=71
pred_scores_shape=(30,)
frame=11/41 receiver_sample=5/20 scenario=2026_07_29_02_32_08 timestamp=000080 cavs=[5, 13, 16, 20]
sgcp_constrained receiver=5 policy=all-cavs sources=[5, 13, 16, 20] clusters=20 ra=selective_pacp_lidar comm_bytes=71200 selected_grids={13: 14, 16: 14, 20: 12}
fusion_method=early pred_boxes=26 gt_boxes=47
pred_scores_shape=(26,)
frame=11/41 receiver_sample=6/20 scenario=2026_07_29_02_32_08 timestamp=000080 cavs=[6, 15]
sgcp_constrained receiver=6 policy=all-cavs sources=[6, 15] clusters=20 ra=selective_pacp_lidar comm_bytes=23312 selected_grids={15: 15}
fusion_method=early pred_boxes=15 gt_boxes=51
pred_scores_shape=(15,)
frame=11/41 receiver_sample=7/20 scenario=2026_07_29_02_32_08 timestamp=000080 cavs=[7, 8, 12, 20]
sgcp_constrained receiver=7 policy=all-cavs sources=[7, 8, 12, 20] clusters=20 ra=selective_pacp_lidar comm_bytes=75168 selected_grids={8: 15, 12: 14, 20: 14}
fusion_method=early pred_boxes=29 gt_boxes=49
pred_scores_shape=(29,)
frame=11/41 receiver_sample=8/20 scenario=2026_07_29_02_32_08 timestamp=000080 cavs=[8, 1, 4, 7]
sgcp_constrained receiver=8 policy=all-cavs sources=[8, 1, 4, 7] clusters=20 ra=selective_pacp_lidar comm_bytes=87008 selected_grids={1: 14, 4: 14, 7: 14}
fusion_method=early pred_boxes=30 gt_boxes=48
pred_scores_shape=(30,)
frame=11/41 receiver_sample=9/20 scenario=2026_07_29_02_32_08 timestamp=000080 cavs=[9, 13, 16, 19]
sgcp_constrained receiver=9 policy=all-cavs sources=[9, 13, 16, 19] clusters=20 ra=selective_pacp_lidar comm_bytes=65792 selected_grids={13: 15, 16: 14, 19: 14}
fusion_method=early pred_boxes=29 gt_boxes=53
pred_scores_shape=(29,)
frame=11/41 receiver_sample=10/20 scenario=2026_07_29_02_32_08 timestamp=000080 cavs=[10, 8, 9, 19]
sgcp_constrained receiver=10 policy=all-cavs sources=[10, 8, 9, 19] clusters=20 ra=selective_pacp_lidar comm_bytes=45424 selected_grids={8: 14, 9: 15, 19: 14}
fusion_method=early pred_boxes=30 gt_boxes=70
pred_scores_shape=(30,)
frame=11/41 receiver_sample=11/20 scenario=2026_07_29_02_32_08 timestamp=000080 cavs=[11, 1, 2, 9]
sgcp_constrained receiver=11 policy=all-cavs sources=[11, 1, 2, 9] clusters=20 ra=selective_pacp_lidar comm_bytes=65888 selected_grids={1: 14, 2: 15, 9: 14}
fusion_method=early pred_boxes=29 gt_boxes=68
pred_scores_shape=(29,)
frame=11/41 receiver_sample=12/20 scenario=2026_07_29_02_32_08 timestamp=000080 cavs=[12, 4, 7, 8]
sgcp_constrained receiver=12 policy=all-cavs sources=[12, 4, 7, 8] clusters=20 ra=selective_pacp_lidar comm_bytes=68832 selected_grids={4: 14, 7: 14, 8: 14}
fusion_method=early pred_boxes=31 gt_boxes=55
pred_scores_shape=(31,)
frame=11/41 receiver_sample=13/20 scenario=2026_07_29_02_32_08 timestamp=000080 cavs=[13, 9, 10, 19]
sgcp_constrained receiver=13 policy=all-cavs sources=[13, 9, 10, 19] clusters=20 ra=selective_pacp_lidar comm_bytes=36784 selected_grids={9: 14, 10: 14, 19: 15}
fusion_method=early pred_boxes=22 gt_boxes=55
pred_scores_shape=(22,)
frame=11/41 receiver_sample=14/20 scenario=2026_07_29_02_32_08 timestamp=000080 cavs=[14]
sgcp_constrained receiver=14 policy=all-cavs sources=[14] clusters=20 ra=selective_pacp_lidar comm_bytes=0 selected_grids={}
fusion_method=early pred_boxes=3 gt_boxes=8
pred_scores_shape=(3,)
frame=11/41 receiver_sample=15/20 scenario=2026_07_29_02_32_08 timestamp=000080 cavs=[15, 6]
sgcp_constrained receiver=15 policy=all-cavs sources=[15, 6] clusters=20 ra=selective_pacp_lidar comm_bytes=32064 selected_grids={6: 15}
fusion_method=early pred_boxes=17 gt_boxes=62
pred_scores_shape=(17,)
frame=11/41 receiver_sample=16/20 scenario=2026_07_29_02_32_08 timestamp=000080 cavs=[16, 3, 7, 20]
sgcp_constrained receiver=16 policy=all-cavs sources=[16, 3, 7, 20] clusters=20 ra=selective_pacp_lidar comm_bytes=67328 selected_grids={3: 14, 7: 14, 20: 11}
fusion_method=early pred_boxes=33 gt_boxes=69
pred_scores_shape=(33,)
frame=11/41 receiver_sample=17/20 scenario=2026_07_29_02_32_08 timestamp=000080 cavs=[17, 3, 16]
sgcp_constrained receiver=17 policy=all-cavs sources=[17, 3, 16] clusters=20 ra=selective_pacp_lidar comm_bytes=49680 selected_grids={3: 14, 16: 14}
fusion_method=early pred_boxes=24 gt_boxes=65
pred_scores_shape=(24,)
frame=11/41 receiver_sample=18/20 scenario=2026_07_29_02_32_08 timestamp=000080 cavs=[18, 3]
sgcp_constrained receiver=18 policy=all-cavs sources=[18, 3] clusters=20 ra=selective_pacp_lidar comm_bytes=32416 selected_grids={3: 15}
fusion_method=early pred_boxes=16 gt_boxes=43
pred_scores_shape=(16,)
frame=11/41 receiver_sample=19/20 scenario=2026_07_29_02_32_08 timestamp=000080 cavs=[19, 9, 10, 13]
sgcp_constrained receiver=19 policy=all-cavs sources=[19, 9, 10, 13] clusters=20 ra=selective_pacp_lidar comm_bytes=44656 selected_grids={9: 14, 10: 14, 13: 14}
fusion_method=early pred_boxes=22 gt_boxes=55
pred_scores_shape=(22,)
frame=11/41 receiver_sample=20/20 scenario=2026_07_29_02_32_08 timestamp=000080 cavs=[20, 5, 7, 16]
sgcp_constrained receiver=20 policy=all-cavs sources=[20, 5, 7, 16] clusters=20 ra=selective_pacp_lidar comm_bytes=52144 selected_grids={5: 15, 7: 15, 16: 14}
fusion_method=early pred_boxes=29 gt_boxes=60
pred_scores_shape=(29,)
frame=12/41 receiver_sample=1/20 scenario=2026_07_29_02_32_08 timestamp=000082 cavs=[1, 2, 8, 11]
sgcp_constrained receiver=1 policy=all-cavs sources=[1, 2, 8, 11] clusters=20 ra=selective_pacp_lidar comm_bytes=55456 selected_grids={2: 14, 8: 15, 11: 14}
fusion_method=early pred_boxes=30 gt_boxes=71
pred_scores_shape=(30,)
frame=12/41 receiver_sample=2/20 scenario=2026_07_29_02_32_08 timestamp=000082 cavs=[2, 1, 8, 11]
sgcp_constrained receiver=2 policy=all-cavs sources=[2, 1, 8, 11] clusters=20 ra=selective_pacp_lidar comm_bytes=37568 selected_grids={1: 14, 8: 15, 11: 14}
fusion_method=early pred_boxes=24 gt_boxes=71
pred_scores_shape=(24,)
frame=12/41 receiver_sample=3/20 scenario=2026_07_29_02_32_08 timestamp=000082 cavs=[3, 16, 17, 18]
sgcp_constrained receiver=3 policy=all-cavs sources=[3, 16, 17, 18] clusters=20 ra=selective_pacp_lidar comm_bytes=79104 selected_grids={16: 14, 17: 15, 18: 15}
fusion_method=early pred_boxes=25 gt_boxes=64
pred_scores_shape=(25,)
frame=12/41 receiver_sample=4/20 scenario=2026_07_29_02_32_08 timestamp=000082 cavs=[4, 1, 7, 12]
sgcp_constrained receiver=4 policy=all-cavs sources=[4, 1, 7, 12] clusters=20 ra=selective_pacp_lidar comm_bytes=83680 selected_grids={1: 14, 7: 14, 12: 15}
fusion_method=early pred_boxes=32 gt_boxes=71
pred_scores_shape=(32,)
frame=12/41 receiver_sample=5/20 scenario=2026_07_29_02_32_08 timestamp=000082 cavs=[5, 13, 16, 20]
sgcp_constrained receiver=5 policy=all-cavs sources=[5, 13, 16, 20] clusters=20 ra=selective_pacp_lidar comm_bytes=71888 selected_grids={13: 14, 16: 14, 20: 13}
fusion_method=early pred_boxes=27 gt_boxes=47
pred_scores_shape=(27,)
frame=12/41 receiver_sample=6/20 scenario=2026_07_29_02_32_08 timestamp=000082 cavs=[6, 15]
sgcp_constrained receiver=6 policy=all-cavs sources=[6, 15] clusters=20 ra=selective_pacp_lidar comm_bytes=23872 selected_grids={15: 15}
fusion_method=early pred_boxes=15 gt_boxes=51
pred_scores_shape=(15,)
frame=12/41 receiver_sample=7/20 scenario=2026_07_29_02_32_08 timestamp=000082 cavs=[7, 8, 12, 20]
sgcp_constrained receiver=7 policy=all-cavs sources=[7, 8, 12, 20] clusters=20 ra=selective_pacp_lidar comm_bytes=77168 selected_grids={8: 14, 12: 14, 20: 14}
fusion_method=early pred_boxes=32 gt_boxes=49
pred_scores_shape=(32,)
frame=12/41 receiver_sample=8/20 scenario=2026_07_29_02_32_08 timestamp=000082 cavs=[8, 1, 4, 7]
sgcp_constrained receiver=8 policy=all-cavs sources=[8, 1, 4, 7] clusters=20 ra=selective_pacp_lidar comm_bytes=86512 selected_grids={1: 14, 4: 14, 7: 14}
fusion_method=early pred_boxes=28 gt_boxes=48
pred_scores_shape=(28,)Format = auto
Extension = pcd
Format = auto
Extension = pcd
Format = auto
Extension = pcd
Format = auto
Extension = pcd
Format = auto
Extension = pcd
Format = auto
Extension = pcd
Format = auto
Extension = pcd
Format = auto
Extension = pcd
Format = auto
Extension = pcd
Format = auto
Extension = pcd
Format = auto
Extension = pcd
Format = auto
Extension = pcd
Format = auto
Extension = pcd
Format = auto
Extension = pcd
Format = auto
Extension = pcd
Format = auto
Extension = pcd
Format = auto
Extension = pcd
Format = auto
Extension = pcd
Format = auto
Extension = pcd
Format = auto
Extension = pcd

frame=12/41 receiver_sample=9/20 scenario=2026_07_29_02_32_08 timestamp=000082 cavs=[9, 10, 16, 19]
sgcp_constrained receiver=9 policy=all-cavs sources=[9, 10, 16, 19] clusters=20 ra=selective_pacp_lidar comm_bytes=69792 selected_grids={10: 15, 16: 14, 19: 15}
fusion_method=early pred_boxes=33 gt_boxes=53
pred_scores_shape=(33,)
frame=12/41 receiver_sample=10/20 scenario=2026_07_29_02_32_08 timestamp=000082 cavs=[10, 8, 9, 19]
sgcp_constrained receiver=10 policy=all-cavs sources=[10, 8, 9, 19] clusters=20 ra=selective_pacp_lidar comm_bytes=45232 selected_grids={8: 14, 9: 14, 19: 14}
fusion_method=early pred_boxes=29 gt_boxes=69
pred_scores_shape=(29,)
frame=12/41 receiver_sample=11/20 scenario=2026_07_29_02_32_08 timestamp=000082 cavs=[11, 1, 2, 9]
sgcp_constrained receiver=11 policy=all-cavs sources=[11, 1, 2, 9] clusters=20 ra=selective_pacp_lidar comm_bytes=66016 selected_grids={1: 14, 2: 15, 9: 14}
fusion_method=early pred_boxes=30 gt_boxes=69
pred_scores_shape=(30,)
frame=12/41 receiver_sample=12/20 scenario=2026_07_29_02_32_08 timestamp=000082 cavs=[12, 4, 7, 8]
sgcp_constrained receiver=12 policy=all-cavs sources=[12, 4, 7, 8] clusters=20 ra=selective_pacp_lidar comm_bytes=65296 selected_grids={4: 14, 7: 14, 8: 14}
fusion_method=early pred_boxes=31 gt_boxes=54
pred_scores_shape=(31,)
frame=12/41 receiver_sample=13/20 scenario=2026_07_29_02_32_08 timestamp=000082 cavs=[13, 9, 10, 19]
sgcp_constrained receiver=13 policy=all-cavs sources=[13, 9, 10, 19] clusters=20 ra=selective_pacp_lidar comm_bytes=36624 selected_grids={9: 14, 10: 14, 19: 14}
fusion_method=early pred_boxes=22 gt_boxes=56
pred_scores_shape=(22,)
frame=12/41 receiver_sample=14/20 scenario=2026_07_29_02_32_08 timestamp=000082 cavs=[14]
sgcp_constrained receiver=14 policy=all-cavs sources=[14] clusters=20 ra=selective_pacp_lidar comm_bytes=0 selected_grids={}
fusion_method=early pred_boxes=4 gt_boxes=8
pred_scores_shape=(4,)
frame=12/41 receiver_sample=15/20 scenario=2026_07_29_02_32_08 timestamp=000082 cavs=[15, 6]
sgcp_constrained receiver=15 policy=all-cavs sources=[15, 6] clusters=20 ra=selective_pacp_lidar comm_bytes=31936 selected_grids={6: 15}
fusion_method=early pred_boxes=19 gt_boxes=62
pred_scores_shape=(19,)
frame=12/41 receiver_sample=16/20 scenario=2026_07_29_02_32_08 timestamp=000082 cavs=[16, 3, 7, 20]
sgcp_constrained receiver=16 policy=all-cavs sources=[16, 3, 7, 20] clusters=20 ra=selective_pacp_lidar comm_bytes=68240 selected_grids={3: 14, 7: 14, 20: 13}
fusion_method=early pred_boxes=36 gt_boxes=70
pred_scores_shape=(36,)
frame=12/41 receiver_sample=17/20 scenario=2026_07_29_02_32_08 timestamp=000082 cavs=[17, 3, 16]
sgcp_constrained receiver=17 policy=all-cavs sources=[17, 3, 16] clusters=20 ra=selective_pacp_lidar comm_bytes=49952 selected_grids={3: 14, 16: 14}
fusion_method=early pred_boxes=25 gt_boxes=65
pred_scores_shape=(25,)
frame=12/41 receiver_sample=18/20 scenario=2026_07_29_02_32_08 timestamp=000082 cavs=[18, 3]
sgcp_constrained receiver=18 policy=all-cavs sources=[18, 3] clusters=20 ra=selective_pacp_lidar comm_bytes=33392 selected_grids={3: 15}
fusion_method=early pred_boxes=17 gt_boxes=43
pred_scores_shape=(17,)
frame=12/41 receiver_sample=19/20 scenario=2026_07_29_02_32_08 timestamp=000082 cavs=[19, 9, 10, 13]
sgcp_constrained receiver=19 policy=all-cavs sources=[19, 9, 10, 13] clusters=20 ra=selective_pacp_lidar comm_bytes=44784 selected_grids={9: 14, 10: 14, 13: 14}
fusion_method=early pred_boxes=20 gt_boxes=55
pred_scores_shape=(20,)
frame=12/41 receiver_sample=20/20 scenario=2026_07_29_02_32_08 timestamp=000082 cavs=[20, 5, 7, 16]
sgcp_constrained receiver=20 policy=all-cavs sources=[20, 5, 7, 16] clusters=20 ra=selective_pacp_lidar comm_bytes=52288 selected_grids={5: 15, 7: 15, 16: 14}
fusion_method=early pred_boxes=29 gt_boxes=60
pred_scores_shape=(29,)
frame=13/41 receiver_sample=1/20 scenario=2026_07_29_02_32_08 timestamp=000084 cavs=[1, 2, 4, 11]
sgcp_constrained receiver=1 policy=all-cavs sources=[1, 2, 4, 11] clusters=20 ra=selective_pacp_lidar comm_bytes=77008 selected_grids={2: 14, 4: 13, 11: 14}
fusion_method=early pred_boxes=31 gt_boxes=71
pred_scores_shape=(31,)
frame=13/41 receiver_sample=2/20 scenario=2026_07_29_02_32_08 timestamp=000084 cavs=[2, 1, 8, 11]
sgcp_constrained receiver=2 policy=all-cavs sources=[2, 1, 8, 11] clusters=20 ra=selective_pacp_lidar comm_bytes=37904 selected_grids={1: 13, 8: 14, 11: 14}
fusion_method=early pred_boxes=23 gt_boxes=71
pred_scores_shape=(23,)
frame=13/41 receiver_sample=3/20 scenario=2026_07_29_02_32_08 timestamp=000084 cavs=[3, 16, 17, 18]
sgcp_constrained receiver=3 policy=all-cavs sources=[3, 16, 17, 18] clusters=20 ra=selective_pacp_lidar comm_bytes=75152 selected_grids={16: 13, 17: 14, 18: 14}
fusion_method=early pred_boxes=26 gt_boxes=64
pred_scores_shape=(26,)
frame=13/41 receiver_sample=4/20 scenario=2026_07_29_02_32_08 timestamp=000084 cavs=[4, 1, 7, 12]
sgcp_constrained receiver=4 policy=all-cavs sources=[4, 1, 7, 12] clusters=20 ra=selective_pacp_lidar comm_bytes=79552 selected_grids={1: 13, 7: 14, 12: 14}
fusion_method=early pred_boxes=34 gt_boxes=71
pred_scores_shape=(34,)
frame=13/41 receiver_sample=5/20 scenario=2026_07_29_02_32_08 timestamp=000084 cavs=[5, 13, 16, 20]
sgcp_constrained receiver=5 policy=all-cavs sources=[5, 13, 16, 20] clusters=20 ra=selective_pacp_lidar comm_bytes=70080 selected_grids={13: 13, 16: 14, 20: 13}
fusion_method=early pred_boxes=26 gt_boxes=47
pred_scores_shape=(26,)
frame=13/41 receiver_sample=6/20 scenario=2026_07_29_02_32_08 timestamp=000084 cavs=[6, 15]
sgcp_constrained receiver=6 policy=all-cavs sources=[6, 15] clusters=20 ra=selective_pacp_lidar comm_bytes=23216 selected_grids={15: 14}
fusion_method=early pred_boxes=16 gt_boxes=51
pred_scores_shape=(16,)
frame=13/41 receiver_sample=7/20 scenario=2026_07_29_02_32_08 timestamp=000084 cavs=[7, 8, 12, 20]
sgcp_constrained receiver=7 policy=all-cavs sources=[7, 8, 12, 20] clusters=20 ra=selective_pacp_lidar comm_bytes=74112 selected_grids={8: 14, 12: 13, 20: 13}
fusion_method=early pred_boxes=30 gt_boxes=49
pred_scores_shape=(30,)
frame=13/41 receiver_sample=8/20 scenario=2026_07_29_02_32_08 timestamp=000084 cavs=[8, 1, 4, 7]
sgcp_constrained receiver=8 policy=all-cavs sources=[8, 1, 4, 7] clusters=20 ra=selective_pacp_lidar comm_bytes=82960 selected_grids={1: 13, 4: 13, 7: 13}
fusion_method=early pred_boxes=31 gt_boxes=48
pred_scores_shape=(31,)
frame=13/41 receiver_sample=9/20 scenario=2026_07_29_02_32_08 timestamp=000084 cavs=[9, 10, 16, 19]
sgcp_constrained receiver=9 policy=all-cavs sources=[9, 10, 16, 19] clusters=20 ra=selective_pacp_lidar comm_bytes=66144 selected_grids={10: 14, 16: 13, 19: 14}
fusion_method=early pred_boxes=34 gt_boxes=53
pred_scores_shape=(34,)
frame=13/41 receiver_sample=10/20 scenario=2026_07_29_02_32_08 timestamp=000084 cavs=[10, 8, 9, 19]
sgcp_constrained receiver=10 policy=all-cavs sources=[10, 8, 9, 19] clusters=20 ra=selective_pacp_lidar comm_bytes=44864 selected_grids={8: 14, 9: 14, 19: 14}
fusion_method=early pred_boxes=33 gt_boxes=69
pred_scores_shape=(33,)
frame=13/41 receiver_sample=11/20 scenario=2026_07_29_02_32_08 timestamp=000084 cavs=[11, 1, 2, 9]
sgcp_constrained receiver=11 policy=all-cavs sources=[11, 1, 2, 9] clusters=20 ra=selective_pacp_lidar comm_bytes=64464 selected_grids={1: 13, 2: 14, 9: 13}
fusion_method=early pred_boxes=30 gt_boxes=69
pred_scores_shape=(30,)
frame=13/41 receiver_sample=12/20 scenario=2026_07_29_02_32_08 timestamp=000084 cavs=[12, 4, 7, 8]
sgcp_constrained receiver=12 policy=all-cavs sources=[12, 4, 7, 8] clusters=20 ra=selective_pacp_lidar comm_bytes=67888 selected_grids={4: 14, 7: 13, 8: 14}
fusion_method=early pred_boxes=27 gt_boxes=53
pred_scores_shape=(27,)
frame=13/41 receiver_sample=13/20 scenario=2026_07_29_02_32_08 timestamp=000084 cavs=[13, 9, 10, 19]
sgcp_constrained receiver=13 policy=all-cavs sources=[13, 9, 10, 19] clusters=20 ra=selective_pacp_lidar comm_bytes=36160 selected_grids={9: 14, 10: 13, 19: 14}
fusion_method=early pred_boxes=29 gt_boxes=56
pred_scores_shape=(29,)
frame=13/41 receiver_sample=14/20 scenario=2026_07_29_02_32_08 timestamp=000084 cavs=[14]Format = auto
Extension = pcd
Format = auto
Extension = pcd
Format = auto
Extension = pcd
Format = auto
Extension = pcd
Format = auto
Extension = pcd
Format = auto
Extension = pcd
Format = auto
Extension = pcd
Format = auto
Extension = pcd
Format = auto
Extension = pcd
Format = auto
Extension = pcd
Format = auto
Extension = pcd
Format = auto
Extension = pcd
Format = auto
Extension = pcd
Format = auto
Extension = pcd
Format = auto
Extension = pcd
Format = auto
Extension = pcd
Format = auto
Extension = pcd
Format = auto
Extension = pcd
Format = auto
Extension = pcd
Format = auto
Extension = pcd

sgcp_constrained receiver=14 policy=all-cavs sources=[14] clusters=20 ra=selective_pacp_lidar comm_bytes=0 selected_grids={}
fusion_method=early pred_boxes=4 gt_boxes=8
pred_scores_shape=(4,)
frame=13/41 receiver_sample=15/20 scenario=2026_07_29_02_32_08 timestamp=000084 cavs=[15, 6]
sgcp_constrained receiver=15 policy=all-cavs sources=[15, 6] clusters=20 ra=selective_pacp_lidar comm_bytes=31392 selected_grids={6: 14}
fusion_method=early pred_boxes=16 gt_boxes=60
pred_scores_shape=(16,)
frame=13/41 receiver_sample=16/20 scenario=2026_07_29_02_32_08 timestamp=000084 cavs=[16, 3, 7, 20]
sgcp_constrained receiver=16 policy=all-cavs sources=[16, 3, 7, 20] clusters=20 ra=selective_pacp_lidar comm_bytes=66384 selected_grids={3: 13, 7: 14, 20: 12}
fusion_method=early pred_boxes=34 gt_boxes=71
pred_scores_shape=(34,)
frame=13/41 receiver_sample=17/20 scenario=2026_07_29_02_32_08 timestamp=000084 cavs=[17, 3, 16]
sgcp_constrained receiver=17 policy=all-cavs sources=[17, 3, 16] clusters=20 ra=selective_pacp_lidar comm_bytes=48944 selected_grids={3: 14, 16: 14}
fusion_method=early pred_boxes=23 gt_boxes=65
pred_scores_shape=(23,)
frame=13/41 receiver_sample=18/20 scenario=2026_07_29_02_32_08 timestamp=000084 cavs=[18, 3]
sgcp_constrained receiver=18 policy=all-cavs sources=[18, 3] clusters=20 ra=selective_pacp_lidar comm_bytes=33520 selected_grids={3: 14}
fusion_method=early pred_boxes=15 gt_boxes=42
pred_scores_shape=(15,)
frame=13/41 receiver_sample=19/20 scenario=2026_07_29_02_32_08 timestamp=000084 cavs=[19, 9, 10, 13]
sgcp_constrained receiver=19 policy=all-cavs sources=[19, 9, 10, 13] clusters=20 ra=selective_pacp_lidar comm_bytes=43824 selected_grids={9: 14, 10: 13, 13: 12}
fusion_method=early pred_boxes=23 gt_boxes=55
pred_scores_shape=(23,)
frame=13/41 receiver_sample=20/20 scenario=2026_07_29_02_32_08 timestamp=000084 cavs=[20, 5, 7, 16]
sgcp_constrained receiver=20 policy=all-cavs sources=[20, 5, 7, 16] clusters=20 ra=selective_pacp_lidar comm_bytes=55232 selected_grids={5: 14, 7: 14, 16: 14}
fusion_method=early pred_boxes=27 gt_boxes=60
pred_scores_shape=(27,)
frame=14/41 receiver_sample=1/20 scenario=2026_07_29_02_32_08 timestamp=000086 cavs=[1, 2, 4, 11]
sgcp_constrained receiver=1 policy=all-cavs sources=[1, 2, 4, 11] clusters=20 ra=selective_pacp_lidar comm_bytes=79072 selected_grids={2: 14, 4: 14, 11: 15}
fusion_method=early pred_boxes=35 gt_boxes=71
pred_scores_shape=(35,)
frame=14/41 receiver_sample=2/20 scenario=2026_07_29_02_32_08 timestamp=000086 cavs=[2, 1, 8, 11]
sgcp_constrained receiver=2 policy=all-cavs sources=[2, 1, 8, 11] clusters=20 ra=selective_pacp_lidar comm_bytes=39328 selected_grids={1: 14, 8: 15, 11: 15}
fusion_method=early pred_boxes=25 gt_boxes=71
pred_scores_shape=(25,)
frame=14/41 receiver_sample=3/20 scenario=2026_07_29_02_32_08 timestamp=000086 cavs=[3, 16, 17, 18]
sgcp_constrained receiver=3 policy=all-cavs sources=[3, 16, 17, 18] clusters=20 ra=selective_pacp_lidar comm_bytes=78944 selected_grids={16: 14, 17: 15, 18: 15}
fusion_method=early pred_boxes=24 gt_boxes=63
pred_scores_shape=(24,)
frame=14/41 receiver_sample=4/20 scenario=2026_07_29_02_32_08 timestamp=000086 cavs=[4, 1, 7, 12]
sgcp_constrained receiver=4 policy=all-cavs sources=[4, 1, 7, 12] clusters=20 ra=selective_pacp_lidar comm_bytes=82624 selected_grids={1: 14, 7: 14, 12: 15}
fusion_method=early pred_boxes=32 gt_boxes=70
pred_scores_shape=(32,)
frame=14/41 receiver_sample=5/20 scenario=2026_07_29_02_32_08 timestamp=000086 cavs=[5, 9, 16, 20]
sgcp_constrained receiver=5 policy=all-cavs sources=[5, 9, 16, 20] clusters=20 ra=selective_pacp_lidar comm_bytes=69248 selected_grids={9: 14, 16: 14, 20: 13}
fusion_method=early pred_boxes=31 gt_boxes=47
pred_scores_shape=(31,)
frame=14/41 receiver_sample=6/20 scenario=2026_07_29_02_32_08 timestamp=000086 cavs=[6, 15]
sgcp_constrained receiver=6 policy=all-cavs sources=[6, 15] clusters=20 ra=selective_pacp_lidar comm_bytes=23520 selected_grids={15: 15}
fusion_method=early pred_boxes=15 gt_boxes=52
pred_scores_shape=(15,)
frame=14/41 receiver_sample=7/20 scenario=2026_07_29_02_32_08 timestamp=000086 cavs=[7, 8, 12, 20]
sgcp_constrained receiver=7 policy=all-cavs sources=[7, 8, 12, 20] clusters=20 ra=selective_pacp_lidar comm_bytes=77872 selected_grids={8: 15, 12: 14, 20: 14}
fusion_method=early pred_boxes=25 gt_boxes=49
pred_scores_shape=(25,)
frame=14/41 receiver_sample=8/20 scenario=2026_07_29_02_32_08 timestamp=000086 cavs=[8, 1, 4, 7]
sgcp_constrained receiver=8 policy=all-cavs sources=[8, 1, 4, 7] clusters=20 ra=selective_pacp_lidar comm_bytes=86624 selected_grids={1: 14, 4: 14, 7: 14}
fusion_method=early pred_boxes=30 gt_boxes=47
pred_scores_shape=(30,)
frame=14/41 receiver_sample=9/20 scenario=2026_07_29_02_32_08 timestamp=000086 cavs=[9, 10, 13, 19]
sgcp_constrained receiver=9 policy=all-cavs sources=[9, 10, 13, 19] clusters=20 ra=selective_pacp_lidar comm_bytes=39344 selected_grids={10: 15, 13: 14, 19: 15}
fusion_method=early pred_boxes=30 gt_boxes=54
pred_scores_shape=(30,)
frame=14/41 receiver_sample=10/20 scenario=2026_07_29_02_32_08 timestamp=000086 cavs=[10, 8, 9, 19]
sgcp_constrained receiver=10 policy=all-cavs sources=[10, 8, 9, 19] clusters=20 ra=selective_pacp_lidar comm_bytes=45280 selected_grids={8: 14, 9: 15, 19: 15}
fusion_method=early pred_boxes=31 gt_boxes=68
pred_scores_shape=(31,)
frame=14/41 receiver_sample=11/20 scenario=2026_07_29_02_32_08 timestamp=000086 cavs=[11, 1, 2, 9]
sgcp_constrained receiver=11 policy=all-cavs sources=[11, 1, 2, 9] clusters=20 ra=selective_pacp_lidar comm_bytes=66672 selected_grids={1: 14, 2: 15, 9: 14}
fusion_method=early pred_boxes=30 gt_boxes=68
pred_scores_shape=(30,)
frame=14/41 receiver_sample=12/20 scenario=2026_07_29_02_32_08 timestamp=000086 cavs=[12, 4, 7, 8]
sgcp_constrained receiver=12 policy=all-cavs sources=[12, 4, 7, 8] clusters=20 ra=selective_pacp_lidar comm_bytes=68304 selected_grids={4: 15, 7: 14, 8: 15}
fusion_method=early pred_boxes=32 gt_boxes=53
pred_scores_shape=(32,)
frame=14/41 receiver_sample=13/20 scenario=2026_07_29_02_32_08 timestamp=000086 cavs=[13, 9, 10, 19]
sgcp_constrained receiver=13 policy=all-cavs sources=[13, 9, 10, 19] clusters=20 ra=selective_pacp_lidar comm_bytes=35520 selected_grids={9: 14, 10: 14, 19: 15}
fusion_method=early pred_boxes=18 gt_boxes=56
pred_scores_shape=(18,)
frame=14/41 receiver_sample=14/20 scenario=2026_07_29_02_32_08 timestamp=000086 cavs=[14]
sgcp_constrained receiver=14 policy=all-cavs sources=[14] clusters=20 ra=selective_pacp_lidar comm_bytes=0 selected_grids={}
fusion_method=early pred_boxes=5 gt_boxes=8
pred_scores_shape=(5,)
frame=14/41 receiver_sample=15/20 scenario=2026_07_29_02_32_08 timestamp=000086 cavs=[15, 6]
sgcp_constrained receiver=15 policy=all-cavs sources=[15, 6] clusters=20 ra=selective_pacp_lidar comm_bytes=32400 selected_grids={6: 15}
fusion_method=early pred_boxes=15 gt_boxes=61
pred_scores_shape=(15,)
frame=14/41 receiver_sample=16/20 scenario=2026_07_29_02_32_08 timestamp=000086 cavs=[16, 3, 7, 20]
sgcp_constrained receiver=16 policy=all-cavs sources=[16, 3, 7, 20] clusters=20 ra=selective_pacp_lidar comm_bytes=71296 selected_grids={3: 14, 7: 15, 20: 14}
fusion_method=early pred_boxes=31 gt_boxes=71
pred_scores_shape=(31,)
frame=14/41 receiver_sample=17/20 scenario=2026_07_29_02_32_08 timestamp=000086 cavs=[17, 3, 16]
sgcp_constrained receiver=17 policy=all-cavs sources=[17, 3, 16] clusters=20 ra=selective_pacp_lidar comm_bytes=49920 selected_grids={3: 15, 16: 14}
fusion_method=early pred_boxes=25 gt_boxes=65
pred_scores_shape=(25,)
frame=14/41 receiver_sample=18/20 scenario=2026_07_29_02_32_08 timestamp=000086 cavs=[18, 3]
sgcp_constrained receiver=18 policy=all-cavs sources=[18, 3] clusters=20 ra=selective_pacp_lidar comm_bytes=33696 selected_grids={3: 15}
fusion_method=early pred_boxes=16 gt_boxes=41
pred_scores_shape=(16,)
frame=14/41 receiver_sample=19/20 scenario=2026_07_29_02_32_08 timestamp=000086 cavs=[19, 9, 10, 13]
sgcp_constrained receiver=19 policy=all-cavs sources=[19, 9, 10, 13] clusters=20 ra=selective_pacp_lidar comm_bytes=45104 selected_grids={9: 14, 10: 14, 13: 14}Format = auto
Extension = pcd
Format = auto
Extension = pcd
Format = auto
Extension = pcd
Format = auto
Extension = pcd
Format = auto
Extension = pcd
Format = auto
Extension = pcd
Format = auto
Extension = pcd
Format = auto
Extension = pcd
Format = auto
Extension = pcd
Format = auto
Extension = pcd
Format = auto
Extension = pcd
Format = auto
Extension = pcd
Format = auto
Extension = pcd
Format = auto
Extension = pcd
Format = auto
Extension = pcd
Format = auto
Extension = pcd
Format = auto
Extension = pcd
Format = auto
Extension = pcd
Format = auto
Extension = pcd
Format = auto
Extension = pcd
Format = auto
Extension = pcd
Format = auto
Extension = pcd
Format = auto
Extension = pcd
Format = auto
Extension = pcd
Format = auto
Extension = pcd
Format = auto
Extension = pcd
Format = auto
Extension = pcd
Format = auto
Extension = pcd
Format = auto
Extension = pcd
Format = auto
Extension = pcd
Format = auto
Extension = pcd
Format = auto
Extension = pcd
Format = auto
Extension = pcd
Format = auto
Extension = pcd
Format = auto
Extension = pcd
Format = auto
Extension = pcd
Format = auto
Extension = pcd
Format = auto
Extension = pcd
Format = auto
Extension = pcd
Format = auto
Extension = pcd

fusion_method=early pred_boxes=21 gt_boxes=55
pred_scores_shape=(21,)
frame=14/41 receiver_sample=20/20 scenario=2026_07_29_02_32_08 timestamp=000086 cavs=[20, 5, 7, 16]
sgcp_constrained receiver=20 policy=all-cavs sources=[20, 5, 7, 16] clusters=20 ra=selective_pacp_lidar comm_bytes=54032 selected_grids={5: 15, 7: 14, 16: 15}
fusion_method=early pred_boxes=26 gt_boxes=60
pred_scores_shape=(26,)
frame=15/41 receiver_sample=1/20 scenario=2026_07_29_02_32_08 timestamp=000088 cavs=[1, 2, 4, 11]
sgcp_constrained receiver=1 policy=all-cavs sources=[1, 2, 4, 11] clusters=20 ra=selective_pacp_lidar comm_bytes=79600 selected_grids={2: 15, 4: 14, 11: 15}
fusion_method=early pred_boxes=34 gt_boxes=71
pred_scores_shape=(34,)
frame=15/41 receiver_sample=2/20 scenario=2026_07_29_02_32_08 timestamp=000088 cavs=[2, 1, 8, 11]
sgcp_constrained receiver=2 policy=all-cavs sources=[2, 1, 8, 11] clusters=20 ra=selective_pacp_lidar comm_bytes=39520 selected_grids={1: 15, 8: 15, 11: 15}
fusion_method=early pred_boxes=23 gt_boxes=71
pred_scores_shape=(23,)
frame=15/41 receiver_sample=3/20 scenario=2026_07_29_02_32_08 timestamp=000088 cavs=[3, 16, 17, 18]
sgcp_constrained receiver=3 policy=all-cavs sources=[3, 16, 17, 18] clusters=20 ra=selective_pacp_lidar comm_bytes=80288 selected_grids={16: 14, 17: 15, 18: 15}
fusion_method=early pred_boxes=25 gt_boxes=63
pred_scores_shape=(25,)
frame=15/41 receiver_sample=4/20 scenario=2026_07_29_02_32_08 timestamp=000088 cavs=[4, 1, 7, 12]
sgcp_constrained receiver=4 policy=all-cavs sources=[4, 1, 7, 12] clusters=20 ra=selective_pacp_lidar comm_bytes=83648 selected_grids={1: 14, 7: 15, 12: 15}
fusion_method=early pred_boxes=32 gt_boxes=70
pred_scores_shape=(32,)
frame=15/41 receiver_sample=5/20 scenario=2026_07_29_02_32_08 timestamp=000088 cavs=[5, 9, 16, 20]
sgcp_constrained receiver=5 policy=all-cavs sources=[5, 9, 16, 20] clusters=20 ra=selective_pacp_lidar comm_bytes=68896 selected_grids={9: 15, 16: 14, 20: 13}
fusion_method=early pred_boxes=28 gt_boxes=47
pred_scores_shape=(28,)
frame=15/41 receiver_sample=6/20 scenario=2026_07_29_02_32_08 timestamp=000088 cavs=[6, 15]
sgcp_constrained receiver=6 policy=all-cavs sources=[6, 15] clusters=20 ra=selective_pacp_lidar comm_bytes=24432 selected_grids={15: 16}
fusion_method=early pred_boxes=15 gt_boxes=51
pred_scores_shape=(15,)
frame=15/41 receiver_sample=7/20 scenario=2026_07_29_02_32_08 timestamp=000088 cavs=[7, 8, 12, 20]
sgcp_constrained receiver=7 policy=all-cavs sources=[7, 8, 12, 20] clusters=20 ra=selective_pacp_lidar comm_bytes=77824 selected_grids={8: 15, 12: 15, 20: 15}
fusion_method=early pred_boxes=29 gt_boxes=48
pred_scores_shape=(29,)
frame=15/41 receiver_sample=8/20 scenario=2026_07_29_02_32_08 timestamp=000088 cavs=[8, 1, 4, 7]
sgcp_constrained receiver=8 policy=all-cavs sources=[8, 1, 4, 7] clusters=20 ra=selective_pacp_lidar comm_bytes=86032 selected_grids={1: 14, 4: 14, 7: 14}
fusion_method=early pred_boxes=28 gt_boxes=47
pred_scores_shape=(28,)
frame=15/41 receiver_sample=9/20 scenario=2026_07_29_02_32_08 timestamp=000088 cavs=[9, 10, 13, 19]
sgcp_constrained receiver=9 policy=all-cavs sources=[9, 10, 13, 19] clusters=20 ra=selective_pacp_lidar comm_bytes=39200 selected_grids={10: 15, 13: 14, 19: 15}
fusion_method=early pred_boxes=28 gt_boxes=54
pred_scores_shape=(28,)
frame=15/41 receiver_sample=10/20 scenario=2026_07_29_02_32_08 timestamp=000088 cavs=[10, 8, 9, 19]
sgcp_constrained receiver=10 policy=all-cavs sources=[10, 8, 9, 19] clusters=20 ra=selective_pacp_lidar comm_bytes=45856 selected_grids={8: 15, 9: 15, 19: 15}
fusion_method=early pred_boxes=30 gt_boxes=67
pred_scores_shape=(30,)
frame=15/41 receiver_sample=11/20 scenario=2026_07_29_02_32_08 timestamp=000088 cavs=[11, 1, 2, 9]
sgcp_constrained receiver=11 policy=all-cavs sources=[11, 1, 2, 9] clusters=20 ra=selective_pacp_lidar comm_bytes=67344 selected_grids={1: 14, 2: 15, 9: 14}
fusion_method=early pred_boxes=29 gt_boxes=68
pred_scores_shape=(29,)
frame=15/41 receiver_sample=12/20 scenario=2026_07_29_02_32_08 timestamp=000088 cavs=[12, 4, 7, 8]
sgcp_constrained receiver=12 policy=all-cavs sources=[12, 4, 7, 8] clusters=20 ra=selective_pacp_lidar comm_bytes=67792 selected_grids={4: 15, 7: 14, 8: 15}
fusion_method=early pred_boxes=33 gt_boxes=53
pred_scores_shape=(33,)
frame=15/41 receiver_sample=13/20 scenario=2026_07_29_02_32_08 timestamp=000088 cavs=[13, 9, 10, 19]
sgcp_constrained receiver=13 policy=all-cavs sources=[13, 9, 10, 19] clusters=20 ra=selective_pacp_lidar comm_bytes=36400 selected_grids={9: 15, 10: 14, 19: 15}
fusion_method=early pred_boxes=22 gt_boxes=56
pred_scores_shape=(22,)
frame=15/41 receiver_sample=14/20 scenario=2026_07_29_02_32_08 timestamp=000088 cavs=[14]
sgcp_constrained receiver=14 policy=all-cavs sources=[14] clusters=20 ra=selective_pacp_lidar comm_bytes=0 selected_grids={}
fusion_method=early pred_boxes=4 gt_boxes=9
pred_scores_shape=(4,)
frame=15/41 receiver_sample=15/20 scenario=2026_07_29_02_32_08 timestamp=000088 cavs=[15, 6]
sgcp_constrained receiver=15 policy=all-cavs sources=[15, 6] clusters=20 ra=selective_pacp_lidar comm_bytes=32912 selected_grids={6: 15}
fusion_method=early pred_boxes=15 gt_boxes=61
pred_scores_shape=(15,)
frame=15/41 receiver_sample=16/20 scenario=2026_07_29_02_32_08 timestamp=000088 cavs=[16, 3, 5, 20]
sgcp_constrained receiver=16 policy=all-cavs sources=[16, 3, 5, 20] clusters=20 ra=selective_pacp_lidar comm_bytes=57536 selected_grids={3: 14, 5: 15, 20: 14}
fusion_method=early pred_boxes=34 gt_boxes=71
pred_scores_shape=(34,)
frame=15/41 receiver_sample=17/20 scenario=2026_07_29_02_32_08 timestamp=000088 cavs=[17, 3, 16]
sgcp_constrained receiver=17 policy=all-cavs sources=[17, 3, 16] clusters=20 ra=selective_pacp_lidar comm_bytes=50880 selected_grids={3: 15, 16: 15}
fusion_method=early pred_boxes=25 gt_boxes=65
pred_scores_shape=(25,)
frame=15/41 receiver_sample=18/20 scenario=2026_07_29_02_32_08 timestamp=000088 cavs=[18, 3]
sgcp_constrained receiver=18 policy=all-cavs sources=[18, 3] clusters=20 ra=selective_pacp_lidar comm_bytes=36816 selected_grids={3: 15}
fusion_method=early pred_boxes=15 gt_boxes=41
pred_scores_shape=(15,)
frame=15/41 receiver_sample=19/20 scenario=2026_07_29_02_32_08 timestamp=000088 cavs=[19, 9, 10, 13]
sgcp_constrained receiver=19 policy=all-cavs sources=[19, 9, 10, 13] clusters=20 ra=selective_pacp_lidar comm_bytes=49008 selected_grids={9: 15, 10: 14, 13: 15}
fusion_method=early pred_boxes=20 gt_boxes=55
pred_scores_shape=(20,)
frame=15/41 receiver_sample=20/20 scenario=2026_07_29_02_32_08 timestamp=000088 cavs=[20, 5, 7, 16]
sgcp_constrained receiver=20 policy=all-cavs sources=[20, 5, 7, 16] clusters=20 ra=selective_pacp_lidar comm_bytes=54816 selected_grids={5: 15, 7: 15, 16: 15}
fusion_method=early pred_boxes=26 gt_boxes=60
pred_scores_shape=(26,)
frame=16/41 receiver_sample=1/20 scenario=2026_07_29_02_32_08 timestamp=000090 cavs=[1, 2, 4, 11]
sgcp_constrained receiver=1 policy=all-cavs sources=[1, 2, 4, 11] clusters=20 ra=selective_pacp_lidar comm_bytes=79664 selected_grids={2: 15, 4: 14, 11: 15}
fusion_method=early pred_boxes=34 gt_boxes=72
pred_scores_shape=(34,)
frame=16/41 receiver_sample=2/20 scenario=2026_07_29_02_32_08 timestamp=000090 cavs=[2, 1, 8, 11]
sgcp_constrained receiver=2 policy=all-cavs sources=[2, 1, 8, 11] clusters=20 ra=selective_pacp_lidar comm_bytes=40192 selected_grids={1: 14, 8: 15, 11: 15}
fusion_method=early pred_boxes=27 gt_boxes=71
pred_scores_shape=(27,)
frame=16/41 receiver_sample=3/20 scenario=2026_07_29_02_32_08 timestamp=000090 cavs=[3, 16, 17, 18]
sgcp_constrained receiver=3 policy=all-cavs sources=[3, 16, 17, 18] clusters=20 ra=selective_pacp_lidar comm_bytes=81200 selected_grids={16: 14, 17: 15, 18: 15}
fusion_method=early pred_boxes=25 gt_boxes=63
pred_scores_shape=(25,)
frame=16/41 receiver_sample=4/20 scenario=2026_07_29_02_32_08 timestamp=000090 cavs=[4, 1, 7, 12]
sgcp_constrained receiver=4 policy=all-cavs sources=[4, 1, 7, 12] clusters=20 ra=selective_pacp_lidar comm_bytes=83632 selected_grids={1: 14, 7: 15, 12: 15}
fusion_method=early pred_boxes=33 gt_boxes=69Format = auto
Extension = pcd
Format = auto
Extension = pcd
Format = auto
Extension = pcd
Format = auto
Extension = pcd
Format = auto
Extension = pcd
Format = auto
Extension = pcd
Format = auto
Extension = pcd
Format = auto
Extension = pcd
Format = auto
Extension = pcd
Format = auto
Extension = pcd
Format = auto
Extension = pcd
Format = auto
Extension = pcd
Format = auto
Extension = pcd
Format = auto
Extension = pcd
Format = auto
Extension = pcd
Format = auto
Extension = pcd
Format = auto
Extension = pcd
Format = auto
Extension = pcd
Format = auto
Extension = pcd
Format = auto
Extension = pcd

pred_scores_shape=(33,)
frame=16/41 receiver_sample=5/20 scenario=2026_07_29_02_32_08 timestamp=000090 cavs=[5, 9, 16, 20]
sgcp_constrained receiver=5 policy=all-cavs sources=[5, 9, 16, 20] clusters=20 ra=selective_pacp_lidar comm_bytes=68640 selected_grids={9: 14, 16: 14, 20: 13}
fusion_method=early pred_boxes=32 gt_boxes=47
pred_scores_shape=(32,)
frame=16/41 receiver_sample=6/20 scenario=2026_07_29_02_32_08 timestamp=000090 cavs=[6, 15]
sgcp_constrained receiver=6 policy=all-cavs sources=[6, 15] clusters=20 ra=selective_pacp_lidar comm_bytes=24544 selected_grids={15: 16}
fusion_method=early pred_boxes=15 gt_boxes=52
pred_scores_shape=(15,)
frame=16/41 receiver_sample=7/20 scenario=2026_07_29_02_32_08 timestamp=000090 cavs=[7, 8, 12, 20]
sgcp_constrained receiver=7 policy=all-cavs sources=[7, 8, 12, 20] clusters=20 ra=selective_pacp_lidar comm_bytes=77664 selected_grids={8: 15, 12: 14, 20: 14}
fusion_method=early pred_boxes=26 gt_boxes=47
pred_scores_shape=(26,)
frame=16/41 receiver_sample=8/20 scenario=2026_07_29_02_32_08 timestamp=000090 cavs=[8, 1, 4, 7]
sgcp_constrained receiver=8 policy=all-cavs sources=[8, 1, 4, 7] clusters=20 ra=selective_pacp_lidar comm_bytes=86048 selected_grids={1: 14, 4: 14, 7: 14}
fusion_method=early pred_boxes=28 gt_boxes=47
pred_scores_shape=(28,)
frame=16/41 receiver_sample=9/20 scenario=2026_07_29_02_32_08 timestamp=000090 cavs=[9, 10, 13, 19]
sgcp_constrained receiver=9 policy=all-cavs sources=[9, 10, 13, 19] clusters=20 ra=selective_pacp_lidar comm_bytes=40848 selected_grids={10: 15, 13: 14, 19: 15}
fusion_method=early pred_boxes=24 gt_boxes=54
pred_scores_shape=(24,)
frame=16/41 receiver_sample=10/20 scenario=2026_07_29_02_32_08 timestamp=000090 cavs=[10, 8, 9, 19]
sgcp_constrained receiver=10 policy=all-cavs sources=[10, 8, 9, 19] clusters=20 ra=selective_pacp_lidar comm_bytes=45504 selected_grids={8: 14, 9: 15, 19: 15}
fusion_method=early pred_boxes=31 gt_boxes=68
pred_scores_shape=(31,)
frame=16/41 receiver_sample=11/20 scenario=2026_07_29_02_32_08 timestamp=000090 cavs=[11, 1, 2, 9]
sgcp_constrained receiver=11 policy=all-cavs sources=[11, 1, 2, 9] clusters=20 ra=selective_pacp_lidar comm_bytes=67152 selected_grids={1: 15, 2: 15, 9: 14}
fusion_method=early pred_boxes=32 gt_boxes=68
pred_scores_shape=(32,)
frame=16/41 receiver_sample=12/20 scenario=2026_07_29_02_32_08 timestamp=000090 cavs=[12, 4, 7, 8]
sgcp_constrained receiver=12 policy=all-cavs sources=[12, 4, 7, 8] clusters=20 ra=selective_pacp_lidar comm_bytes=68336 selected_grids={4: 15, 7: 14, 8: 15}
fusion_method=early pred_boxes=34 gt_boxes=53
pred_scores_shape=(34,)
frame=16/41 receiver_sample=13/20 scenario=2026_07_29_02_32_08 timestamp=000090 cavs=[13, 9, 10, 19]
sgcp_constrained receiver=13 policy=all-cavs sources=[13, 9, 10, 19] clusters=20 ra=selective_pacp_lidar comm_bytes=37168 selected_grids={9: 15, 10: 14, 19: 15}
fusion_method=early pred_boxes=20 gt_boxes=56
pred_scores_shape=(20,)
frame=16/41 receiver_sample=14/20 scenario=2026_07_29_02_32_08 timestamp=000090 cavs=[14]
sgcp_constrained receiver=14 policy=all-cavs sources=[14] clusters=20 ra=selective_pacp_lidar comm_bytes=0 selected_grids={}
fusion_method=early pred_boxes=3 gt_boxes=9
pred_scores_shape=(3,)
frame=16/41 receiver_sample=15/20 scenario=2026_07_29_02_32_08 timestamp=000090 cavs=[15, 6]
sgcp_constrained receiver=15 policy=all-cavs sources=[15, 6] clusters=20 ra=selective_pacp_lidar comm_bytes=31936 selected_grids={6: 15}
fusion_method=early pred_boxes=16 gt_boxes=61
pred_scores_shape=(16,)
frame=16/41 receiver_sample=16/20 scenario=2026_07_29_02_32_08 timestamp=000090 cavs=[16, 3, 5, 20]
sgcp_constrained receiver=16 policy=all-cavs sources=[16, 3, 5, 20] clusters=20 ra=selective_pacp_lidar comm_bytes=57360 selected_grids={3: 14, 5: 15, 20: 14}
fusion_method=early pred_boxes=33 gt_boxes=69
pred_scores_shape=(33,)
frame=16/41 receiver_sample=17/20 scenario=2026_07_29_02_32_08 timestamp=000090 cavs=[17, 3, 16]
sgcp_constrained receiver=17 policy=all-cavs sources=[17, 3, 16] clusters=20 ra=selective_pacp_lidar comm_bytes=48944 selected_grids={3: 15, 16: 15}
fusion_method=early pred_boxes=25 gt_boxes=65
pred_scores_shape=(25,)
frame=16/41 receiver_sample=18/20 scenario=2026_07_29_02_32_08 timestamp=000090 cavs=[18, 3]
sgcp_constrained receiver=18 policy=all-cavs sources=[18, 3] clusters=20 ra=selective_pacp_lidar comm_bytes=34320 selected_grids={3: 15}
fusion_method=early pred_boxes=14 gt_boxes=41
pred_scores_shape=(14,)
frame=16/41 receiver_sample=19/20 scenario=2026_07_29_02_32_08 timestamp=000090 cavs=[19, 9, 10, 13]
sgcp_constrained receiver=19 policy=all-cavs sources=[19, 9, 10, 13] clusters=20 ra=selective_pacp_lidar comm_bytes=48784 selected_grids={9: 14, 10: 14, 13: 14}
fusion_method=early pred_boxes=22 gt_boxes=55
pred_scores_shape=(22,)
frame=16/41 receiver_sample=20/20 scenario=2026_07_29_02_32_08 timestamp=000090 cavs=[20, 5, 7, 16]
sgcp_constrained receiver=20 policy=all-cavs sources=[20, 5, 7, 16] clusters=20 ra=selective_pacp_lidar comm_bytes=56864 selected_grids={5: 15, 7: 15, 16: 14}
fusion_method=early pred_boxes=27 gt_boxes=60
pred_scores_shape=(27,)
frame=17/41 receiver_sample=1/20 scenario=2026_07_29_02_32_08 timestamp=000092 cavs=[1, 2, 4, 11]
sgcp_constrained receiver=1 policy=all-cavs sources=[1, 2, 4, 11] clusters=20 ra=selective_pacp_lidar comm_bytes=80512 selected_grids={2: 15, 4: 14, 11: 15}
fusion_method=early pred_boxes=34 gt_boxes=72
pred_scores_shape=(34,)
frame=17/41 receiver_sample=2/20 scenario=2026_07_29_02_32_08 timestamp=000092 cavs=[2, 1, 8, 11]
sgcp_constrained receiver=2 policy=all-cavs sources=[2, 1, 8, 11] clusters=20 ra=selective_pacp_lidar comm_bytes=38896 selected_grids={1: 14, 8: 15, 11: 15}
fusion_method=early pred_boxes=25 gt_boxes=71
pred_scores_shape=(25,)
frame=17/41 receiver_sample=3/20 scenario=2026_07_29_02_32_08 timestamp=000092 cavs=[3, 16, 17, 18]
sgcp_constrained receiver=3 policy=all-cavs sources=[3, 16, 17, 18] clusters=20 ra=selective_pacp_lidar comm_bytes=82992 selected_grids={16: 14, 17: 15, 18: 15}
fusion_method=early pred_boxes=27 gt_boxes=63
pred_scores_shape=(27,)
frame=17/41 receiver_sample=4/20 scenario=2026_07_29_02_32_08 timestamp=000092 cavs=[4, 1, 7, 12]
sgcp_constrained receiver=4 policy=all-cavs sources=[4, 1, 7, 12] clusters=20 ra=selective_pacp_lidar comm_bytes=85504 selected_grids={1: 14, 7: 15, 12: 15}
fusion_method=early pred_boxes=31 gt_boxes=69
pred_scores_shape=(31,)
frame=17/41 receiver_sample=5/20 scenario=2026_07_29_02_32_08 timestamp=000092 cavs=[5, 9, 16, 20]
sgcp_constrained receiver=5 policy=all-cavs sources=[5, 9, 16, 20] clusters=20 ra=selective_pacp_lidar comm_bytes=69008 selected_grids={9: 14, 16: 14, 20: 13}
fusion_method=early pred_boxes=32 gt_boxes=47
pred_scores_shape=(32,)
frame=17/41 receiver_sample=6/20 scenario=2026_07_29_02_32_08 timestamp=000092 cavs=[6, 15]
sgcp_constrained receiver=6 policy=all-cavs sources=[6, 15] clusters=20 ra=selective_pacp_lidar comm_bytes=24656 selected_grids={15: 15}
fusion_method=early pred_boxes=15 gt_boxes=52
pred_scores_shape=(15,)
frame=17/41 receiver_sample=7/20 scenario=2026_07_29_02_32_08 timestamp=000092 cavs=[7, 8, 12, 20]
sgcp_constrained receiver=7 policy=all-cavs sources=[7, 8, 12, 20] clusters=20 ra=selective_pacp_lidar comm_bytes=77072 selected_grids={8: 15, 12: 14, 20: 14}
fusion_method=early pred_boxes=26 gt_boxes=47
pred_scores_shape=(26,)
frame=17/41 receiver_sample=8/20 scenario=2026_07_29_02_32_08 timestamp=000092 cavs=[8, 1, 4, 7]
sgcp_constrained receiver=8 policy=all-cavs sources=[8, 1, 4, 7] clusters=20 ra=selective_pacp_lidar comm_bytes=85856 selected_grids={1: 14, 4: 14, 7: 14}
fusion_method=early pred_boxes=28 gt_boxes=47
pred_scores_shape=(28,)
frame=17/41 receiver_sample=9/20 scenario=2026_07_29_02_32_08 timestamp=000092 cavs=[9, 10, 13, 19]
sgcp_constrained receiver=9 policy=all-cavs sources=[9, 10, 13, 19] clusters=20 ra=selective_pacp_lidar comm_bytes=38944 selected_grids={10: 15, 13: 14, 19: 15}
fusion_method=early pred_boxes=26 gt_boxes=54
pred_scores_shape=(26,)
frame=17/41 receiver_sample=10/20 scenario=2026_07_29_02_32_08 timestamp=000092 cavs=[10, 8, 9, 19]Format = auto
Extension = pcd
Format = auto
Extension = pcd
Format = auto
Extension = pcd
Format = auto
Extension = pcd
Format = auto
Extension = pcd
Format = auto
Extension = pcd
Format = auto
Extension = pcd
Format = auto
Extension = pcd
Format = auto
Extension = pcd
Format = auto
Extension = pcd
Format = auto
Extension = pcd
Format = auto
Extension = pcd
Format = auto
Extension = pcd
Format = auto
Extension = pcd
Format = auto
Extension = pcd
Format = auto
Extension = pcd
Format = auto
Extension = pcd
Format = auto
Extension = pcd
Format = auto
Extension = pcd
Format = auto
Extension = pcd

sgcp_constrained receiver=10 policy=all-cavs sources=[10, 8, 9, 19] clusters=20 ra=selective_pacp_lidar comm_bytes=45376 selected_grids={8: 14, 9: 15, 19: 15}
fusion_method=early pred_boxes=27 gt_boxes=68
pred_scores_shape=(27,)
frame=17/41 receiver_sample=11/20 scenario=2026_07_29_02_32_08 timestamp=000092 cavs=[11, 1, 2, 9]
sgcp_constrained receiver=11 policy=all-cavs sources=[11, 1, 2, 9] clusters=20 ra=selective_pacp_lidar comm_bytes=66816 selected_grids={1: 15, 2: 15, 9: 14}
fusion_method=early pred_boxes=29 gt_boxes=68
pred_scores_shape=(29,)
frame=17/41 receiver_sample=12/20 scenario=2026_07_29_02_32_08 timestamp=000092 cavs=[12, 4, 7, 8]
sgcp_constrained receiver=12 policy=all-cavs sources=[12, 4, 7, 8] clusters=20 ra=selective_pacp_lidar comm_bytes=67744 selected_grids={4: 15, 7: 14, 8: 15}
fusion_method=early pred_boxes=32 gt_boxes=53
pred_scores_shape=(32,)
frame=17/41 receiver_sample=13/20 scenario=2026_07_29_02_32_08 timestamp=000092 cavs=[13, 9, 10, 19]
sgcp_constrained receiver=13 policy=all-cavs sources=[13, 9, 10, 19] clusters=20 ra=selective_pacp_lidar comm_bytes=37312 selected_grids={9: 15, 10: 14, 19: 15}
fusion_method=early pred_boxes=19 gt_boxes=56
pred_scores_shape=(19,)
frame=17/41 receiver_sample=14/20 scenario=2026_07_29_02_32_08 timestamp=000092 cavs=[14]
sgcp_constrained receiver=14 policy=all-cavs sources=[14] clusters=20 ra=selective_pacp_lidar comm_bytes=0 selected_grids={}
fusion_method=early pred_boxes=4 gt_boxes=9
pred_scores_shape=(4,)
frame=17/41 receiver_sample=15/20 scenario=2026_07_29_02_32_08 timestamp=000092 cavs=[15, 6]
sgcp_constrained receiver=15 policy=all-cavs sources=[15, 6] clusters=20 ra=selective_pacp_lidar comm_bytes=31728 selected_grids={6: 15}
fusion_method=early pred_boxes=15 gt_boxes=61
pred_scores_shape=(15,)
frame=17/41 receiver_sample=16/20 scenario=2026_07_29_02_32_08 timestamp=000092 cavs=[16, 3, 5, 20]
sgcp_constrained receiver=16 policy=all-cavs sources=[16, 3, 5, 20] clusters=20 ra=selective_pacp_lidar comm_bytes=56800 selected_grids={3: 14, 5: 15, 20: 13}
fusion_method=early pred_boxes=36 gt_boxes=69
pred_scores_shape=(36,)
frame=17/41 receiver_sample=17/20 scenario=2026_07_29_02_32_08 timestamp=000092 cavs=[17, 3, 16]
sgcp_constrained receiver=17 policy=all-cavs sources=[17, 3, 16] clusters=20 ra=selective_pacp_lidar comm_bytes=49072 selected_grids={3: 15, 16: 14}
fusion_method=early pred_boxes=25 gt_boxes=65
pred_scores_shape=(25,)
frame=17/41 receiver_sample=18/20 scenario=2026_07_29_02_32_08 timestamp=000092 cavs=[18, 3]
sgcp_constrained receiver=18 policy=all-cavs sources=[18, 3] clusters=20 ra=selective_pacp_lidar comm_bytes=34384 selected_grids={3: 14}
fusion_method=early pred_boxes=14 gt_boxes=40
pred_scores_shape=(14,)
frame=17/41 receiver_sample=19/20 scenario=2026_07_29_02_32_08 timestamp=000092 cavs=[19, 9, 10, 13]
sgcp_constrained receiver=19 policy=all-cavs sources=[19, 9, 10, 13] clusters=20 ra=selective_pacp_lidar comm_bytes=48736 selected_grids={9: 14, 10: 14, 13: 14}
fusion_method=early pred_boxes=23 gt_boxes=56
pred_scores_shape=(23,)
frame=17/41 receiver_sample=20/20 scenario=2026_07_29_02_32_08 timestamp=000092 cavs=[20, 5, 7, 16]
sgcp_constrained receiver=20 policy=all-cavs sources=[20, 5, 7, 16] clusters=20 ra=selective_pacp_lidar comm_bytes=57392 selected_grids={5: 15, 7: 15, 16: 14}
fusion_method=early pred_boxes=26 gt_boxes=59
pred_scores_shape=(26,)
frame=18/41 receiver_sample=1/20 scenario=2026_07_29_02_32_08 timestamp=000094 cavs=[1, 2, 4, 11]
sgcp_constrained receiver=1 policy=all-cavs sources=[1, 2, 4, 11] clusters=20 ra=selective_pacp_lidar comm_bytes=78848 selected_grids={2: 14, 4: 14, 11: 14}
fusion_method=early pred_boxes=32 gt_boxes=72
pred_scores_shape=(32,)
frame=18/41 receiver_sample=2/20 scenario=2026_07_29_02_32_08 timestamp=000094 cavs=[2, 1, 8, 11]
sgcp_constrained receiver=2 policy=all-cavs sources=[2, 1, 8, 11] clusters=20 ra=selective_pacp_lidar comm_bytes=40400 selected_grids={1: 14, 8: 14, 11: 14}
fusion_method=early pred_boxes=25 gt_boxes=70
pred_scores_shape=(25,)
frame=18/41 receiver_sample=3/20 scenario=2026_07_29_02_32_08 timestamp=000094 cavs=[3, 16, 17, 18]
sgcp_constrained receiver=3 policy=all-cavs sources=[3, 16, 17, 18] clusters=20 ra=selective_pacp_lidar comm_bytes=80176 selected_grids={16: 14, 17: 14, 18: 14}
fusion_method=early pred_boxes=26 gt_boxes=61
pred_scores_shape=(26,)
frame=18/41 receiver_sample=4/20 scenario=2026_07_29_02_32_08 timestamp=000094 cavs=[4, 1, 7, 12]
sgcp_constrained receiver=4 policy=all-cavs sources=[4, 1, 7, 12] clusters=20 ra=selective_pacp_lidar comm_bytes=83104 selected_grids={1: 14, 7: 14, 12: 14}
fusion_method=early pred_boxes=29 gt_boxes=69
pred_scores_shape=(29,)
frame=18/41 receiver_sample=5/20 scenario=2026_07_29_02_32_08 timestamp=000094 cavs=[5, 9, 16, 20]
sgcp_constrained receiver=5 policy=all-cavs sources=[5, 9, 16, 20] clusters=20 ra=selective_pacp_lidar comm_bytes=68816 selected_grids={9: 14, 16: 14, 20: 12}
fusion_method=early pred_boxes=32 gt_boxes=48
pred_scores_shape=(32,)
frame=18/41 receiver_sample=6/20 scenario=2026_07_29_02_32_08 timestamp=000094 cavs=[6, 15]
sgcp_constrained receiver=6 policy=all-cavs sources=[6, 15] clusters=20 ra=selective_pacp_lidar comm_bytes=24512 selected_grids={15: 15}
fusion_method=early pred_boxes=15 gt_boxes=52
pred_scores_shape=(15,)
frame=18/41 receiver_sample=7/20 scenario=2026_07_29_02_32_08 timestamp=000094 cavs=[7, 8, 12, 20]
sgcp_constrained receiver=7 policy=all-cavs sources=[7, 8, 12, 20] clusters=20 ra=selective_pacp_lidar comm_bytes=77664 selected_grids={8: 15, 12: 14, 20: 14}
fusion_method=early pred_boxes=29 gt_boxes=47
pred_scores_shape=(29,)
frame=18/41 receiver_sample=8/20 scenario=2026_07_29_02_32_08 timestamp=000094 cavs=[8, 1, 4, 7]
sgcp_constrained receiver=8 policy=all-cavs sources=[8, 1, 4, 7] clusters=20 ra=selective_pacp_lidar comm_bytes=84720 selected_grids={1: 14, 4: 14, 7: 14}
fusion_method=early pred_boxes=27 gt_boxes=47
pred_scores_shape=(27,)
frame=18/41 receiver_sample=9/20 scenario=2026_07_29_02_32_08 timestamp=000094 cavs=[9, 10, 13, 19]
sgcp_constrained receiver=9 policy=all-cavs sources=[9, 10, 13, 19] clusters=20 ra=selective_pacp_lidar comm_bytes=39264 selected_grids={10: 15, 13: 14, 19: 15}
fusion_method=early pred_boxes=26 gt_boxes=54
pred_scores_shape=(26,)
frame=18/41 receiver_sample=10/20 scenario=2026_07_29_02_32_08 timestamp=000094 cavs=[10, 8, 9, 19]
sgcp_constrained receiver=10 policy=all-cavs sources=[10, 8, 9, 19] clusters=20 ra=selective_pacp_lidar comm_bytes=44928 selected_grids={8: 14, 9: 14, 19: 14}
fusion_method=early pred_boxes=28 gt_boxes=68
pred_scores_shape=(28,)
frame=18/41 receiver_sample=11/20 scenario=2026_07_29_02_32_08 timestamp=000094 cavs=[11, 1, 2, 9]
sgcp_constrained receiver=11 policy=all-cavs sources=[11, 1, 2, 9] clusters=20 ra=selective_pacp_lidar comm_bytes=66080 selected_grids={1: 14, 2: 15, 9: 14}
fusion_method=early pred_boxes=29 gt_boxes=68
pred_scores_shape=(29,)
frame=18/41 receiver_sample=12/20 scenario=2026_07_29_02_32_08 timestamp=000094 cavs=[12, 4, 7, 8]
sgcp_constrained receiver=12 policy=all-cavs sources=[12, 4, 7, 8] clusters=20 ra=selective_pacp_lidar comm_bytes=67008 selected_grids={4: 14, 7: 14, 8: 14}
fusion_method=early pred_boxes=31 gt_boxes=53
pred_scores_shape=(31,)
frame=18/41 receiver_sample=13/20 scenario=2026_07_29_02_32_08 timestamp=000094 cavs=[13, 9, 10, 19]
sgcp_constrained receiver=13 policy=all-cavs sources=[13, 9, 10, 19] clusters=20 ra=selective_pacp_lidar comm_bytes=36912 selected_grids={9: 14, 10: 14, 19: 14}
fusion_method=early pred_boxes=20 gt_boxes=56
pred_scores_shape=(20,)
frame=18/41 receiver_sample=14/20 scenario=2026_07_29_02_32_08 timestamp=000094 cavs=[14]
sgcp_constrained receiver=14 policy=all-cavs sources=[14] clusters=20 ra=selective_pacp_lidar comm_bytes=0 selected_grids={}
fusion_method=early pred_boxes=5 gt_boxes=9
pred_scores_shape=(5,)
frame=18/41 receiver_sample=15/20 scenario=2026_07_29_02_32_08 timestamp=000094 cavs=[15, 6]
sgcp_constrained receiver=15 policy=all-cavs sources=[15, 6] clusters=20 ra=selective_pacp_lidar comm_bytes=32688 selected_grids={6: 14}Format = auto
Extension = pcd
Format = auto
Extension = pcd
Format = auto
Extension = pcd
Format = auto
Extension = pcd
Format = auto
Extension = pcd
Format = auto
Extension = pcd
Format = auto
Extension = pcd
Format = auto
Extension = pcd
Format = auto
Extension = pcd
Format = auto
Extension = pcd
Format = auto
Extension = pcd
Format = auto
Extension = pcd
Format = auto
Extension = pcd
Format = auto
Extension = pcd
Format = auto
Extension = pcd
Format = auto
Extension = pcd
Format = auto
Extension = pcd
Format = auto
Extension = pcd
Format = auto
Extension = pcd
Format = auto
Extension = pcd

fusion_method=early pred_boxes=17 gt_boxes=61
pred_scores_shape=(17,)
frame=18/41 receiver_sample=16/20 scenario=2026_07_29_02_32_08 timestamp=000094 cavs=[16, 3, 17, 20]
sgcp_constrained receiver=16 policy=all-cavs sources=[16, 3, 17, 20] clusters=20 ra=selective_pacp_lidar comm_bytes=64288 selected_grids={3: 14, 17: 14, 20: 14}
fusion_method=early pred_boxes=36 gt_boxes=69
pred_scores_shape=(36,)
frame=18/41 receiver_sample=17/20 scenario=2026_07_29_02_32_08 timestamp=000094 cavs=[17, 3, 16]
sgcp_constrained receiver=17 policy=all-cavs sources=[17, 3, 16] clusters=20 ra=selective_pacp_lidar comm_bytes=47056 selected_grids={3: 14, 16: 14}
fusion_method=early pred_boxes=24 gt_boxes=66
pred_scores_shape=(24,)
frame=18/41 receiver_sample=18/20 scenario=2026_07_29_02_32_08 timestamp=000094 cavs=[18, 3]
sgcp_constrained receiver=18 policy=all-cavs sources=[18, 3] clusters=20 ra=selective_pacp_lidar comm_bytes=34624 selected_grids={3: 14}
fusion_method=early pred_boxes=14 gt_boxes=39
pred_scores_shape=(14,)
frame=18/41 receiver_sample=19/20 scenario=2026_07_29_02_32_08 timestamp=000094 cavs=[19, 9, 10, 13]
sgcp_constrained receiver=19 policy=all-cavs sources=[19, 9, 10, 13] clusters=20 ra=selective_pacp_lidar comm_bytes=49136 selected_grids={9: 14, 10: 14, 13: 14}
fusion_method=early pred_boxes=21 gt_boxes=56
pred_scores_shape=(21,)
frame=18/41 receiver_sample=20/20 scenario=2026_07_29_02_32_08 timestamp=000094 cavs=[20, 5, 7, 16]
sgcp_constrained receiver=20 policy=all-cavs sources=[20, 5, 7, 16] clusters=20 ra=selective_pacp_lidar comm_bytes=58576 selected_grids={5: 15, 7: 14, 16: 14}
fusion_method=early pred_boxes=30 gt_boxes=59
pred_scores_shape=(30,)
frame=19/41 receiver_sample=1/20 scenario=2026_07_29_02_32_08 timestamp=000096 cavs=[1, 2, 4, 11]
sgcp_constrained receiver=1 policy=all-cavs sources=[1, 2, 4, 11] clusters=20 ra=selective_pacp_lidar comm_bytes=80096 selected_grids={2: 14, 4: 14, 11: 15}
fusion_method=early pred_boxes=34 gt_boxes=72
pred_scores_shape=(34,)
frame=19/41 receiver_sample=2/20 scenario=2026_07_29_02_32_08 timestamp=000096 cavs=[2, 1, 8, 11]
sgcp_constrained receiver=2 policy=all-cavs sources=[2, 1, 8, 11] clusters=20 ra=selective_pacp_lidar comm_bytes=39728 selected_grids={1: 15, 8: 15, 11: 15}
fusion_method=early pred_boxes=25 gt_boxes=70
pred_scores_shape=(25,)
frame=19/41 receiver_sample=3/20 scenario=2026_07_29_02_32_08 timestamp=000096 cavs=[3, 16, 17, 18]
sgcp_constrained receiver=3 policy=all-cavs sources=[3, 16, 17, 18] clusters=20 ra=selective_pacp_lidar comm_bytes=81152 selected_grids={16: 14, 17: 15, 18: 15}
fusion_method=early pred_boxes=24 gt_boxes=61
pred_scores_shape=(24,)
frame=19/41 receiver_sample=4/20 scenario=2026_07_29_02_32_08 timestamp=000096 cavs=[4, 1, 7, 12]
sgcp_constrained receiver=4 policy=all-cavs sources=[4, 1, 7, 12] clusters=20 ra=selective_pacp_lidar comm_bytes=85136 selected_grids={1: 14, 7: 14, 12: 15}
fusion_method=early pred_boxes=30 gt_boxes=69
pred_scores_shape=(30,)
frame=19/41 receiver_sample=5/20 scenario=2026_07_29_02_32_08 timestamp=000096 cavs=[5, 9, 16, 20]
sgcp_constrained receiver=5 policy=all-cavs sources=[5, 9, 16, 20] clusters=20 ra=selective_pacp_lidar comm_bytes=68096 selected_grids={9: 14, 16: 14, 20: 13}
fusion_method=early pred_boxes=32 gt_boxes=48
pred_scores_shape=(32,)
frame=19/41 receiver_sample=6/20 scenario=2026_07_29_02_32_08 timestamp=000096 cavs=[6, 15]
sgcp_constrained receiver=6 policy=all-cavs sources=[6, 15] clusters=20 ra=selective_pacp_lidar comm_bytes=23392 selected_grids={15: 16}
fusion_method=early pred_boxes=16 gt_boxes=52
pred_scores_shape=(16,)
frame=19/41 receiver_sample=7/20 scenario=2026_07_29_02_32_08 timestamp=000096 cavs=[7, 4, 8, 20]
sgcp_constrained receiver=7 policy=all-cavs sources=[7, 4, 8, 20] clusters=20 ra=selective_pacp_lidar comm_bytes=73632 selected_grids={4: 14, 8: 15, 20: 15}
fusion_method=early pred_boxes=28 gt_boxes=47
pred_scores_shape=(28,)
frame=19/41 receiver_sample=8/20 scenario=2026_07_29_02_32_08 timestamp=000096 cavs=[8, 1, 4, 7]
sgcp_constrained receiver=8 policy=all-cavs sources=[8, 1, 4, 7] clusters=20 ra=selective_pacp_lidar comm_bytes=84928 selected_grids={1: 14, 4: 14, 7: 14}
fusion_method=early pred_boxes=27 gt_boxes=47
pred_scores_shape=(27,)
frame=19/41 receiver_sample=9/20 scenario=2026_07_29_02_32_08 timestamp=000096 cavs=[9, 10, 13, 19]
sgcp_constrained receiver=9 policy=all-cavs sources=[9, 10, 13, 19] clusters=20 ra=selective_pacp_lidar comm_bytes=38048 selected_grids={10: 15, 13: 14, 19: 15}
fusion_method=early pred_boxes=26 gt_boxes=54
pred_scores_shape=(26,)
frame=19/41 receiver_sample=10/20 scenario=2026_07_29_02_32_08 timestamp=000096 cavs=[10, 8, 9, 19]
sgcp_constrained receiver=10 policy=all-cavs sources=[10, 8, 9, 19] clusters=20 ra=selective_pacp_lidar comm_bytes=45088 selected_grids={8: 14, 9: 15, 19: 14}
fusion_method=early pred_boxes=29 gt_boxes=68
pred_scores_shape=(29,)
frame=19/41 receiver_sample=11/20 scenario=2026_07_29_02_32_08 timestamp=000096 cavs=[11, 1, 2, 9]
sgcp_constrained receiver=11 policy=all-cavs sources=[11, 1, 2, 9] clusters=20 ra=selective_pacp_lidar comm_bytes=64464 selected_grids={1: 14, 2: 14, 9: 14}
fusion_method=early pred_boxes=27 gt_boxes=68
pred_scores_shape=(27,)
frame=19/41 receiver_sample=12/20 scenario=2026_07_29_02_32_08 timestamp=000096 cavs=[12, 4, 7, 8]
sgcp_constrained receiver=12 policy=all-cavs sources=[12, 4, 7, 8] clusters=20 ra=selective_pacp_lidar comm_bytes=68256 selected_grids={4: 15, 7: 15, 8: 14}
fusion_method=early pred_boxes=30 gt_boxes=53
pred_scores_shape=(30,)
frame=19/41 receiver_sample=13/20 scenario=2026_07_29_02_32_08 timestamp=000096 cavs=[13, 9, 10, 19]
sgcp_constrained receiver=13 policy=all-cavs sources=[13, 9, 10, 19] clusters=20 ra=selective_pacp_lidar comm_bytes=38512 selected_grids={9: 14, 10: 14, 19: 15}
fusion_method=early pred_boxes=16 gt_boxes=54
pred_scores_shape=(16,)
frame=19/41 receiver_sample=14/20 scenario=2026_07_29_02_32_08 timestamp=000096 cavs=[14]
sgcp_constrained receiver=14 policy=all-cavs sources=[14] clusters=20 ra=selective_pacp_lidar comm_bytes=0 selected_grids={}
fusion_method=early pred_boxes=4 gt_boxes=9
pred_scores_shape=(4,)
frame=19/41 receiver_sample=15/20 scenario=2026_07_29_02_32_08 timestamp=000096 cavs=[15, 6]
sgcp_constrained receiver=15 policy=all-cavs sources=[15, 6] clusters=20 ra=selective_pacp_lidar comm_bytes=33440 selected_grids={6: 15}
fusion_method=early pred_boxes=18 gt_boxes=61
pred_scores_shape=(18,)
frame=19/41 receiver_sample=16/20 scenario=2026_07_29_02_32_08 timestamp=000096 cavs=[16, 3, 17, 20]
sgcp_constrained receiver=16 policy=all-cavs sources=[16, 3, 17, 20] clusters=20 ra=selective_pacp_lidar comm_bytes=62944 selected_grids={3: 14, 17: 15, 20: 14}
fusion_method=early pred_boxes=34 gt_boxes=69
pred_scores_shape=(34,)
frame=19/41 receiver_sample=17/20 scenario=2026_07_29_02_32_08 timestamp=000096 cavs=[17, 3, 16]
sgcp_constrained receiver=17 policy=all-cavs sources=[17, 3, 16] clusters=20 ra=selective_pacp_lidar comm_bytes=47776 selected_grids={3: 14, 16: 14}
fusion_method=early pred_boxes=22 gt_boxes=66
pred_scores_shape=(22,)
frame=19/41 receiver_sample=18/20 scenario=2026_07_29_02_32_08 timestamp=000096 cavs=[18, 3]
sgcp_constrained receiver=18 policy=all-cavs sources=[18, 3] clusters=20 ra=selective_pacp_lidar comm_bytes=34992 selected_grids={3: 15}
fusion_method=early pred_boxes=14 gt_boxes=39
pred_scores_shape=(14,)
frame=19/41 receiver_sample=19/20 scenario=2026_07_29_02_32_08 timestamp=000096 cavs=[19, 9, 10, 13]
sgcp_constrained receiver=19 policy=all-cavs sources=[19, 9, 10, 13] clusters=20 ra=selective_pacp_lidar comm_bytes=49744 selected_grids={9: 14, 10: 14, 13: 14}
fusion_method=early pred_boxes=22 gt_boxes=56
pred_scores_shape=(22,)
frame=19/41 receiver_sample=20/20 scenario=2026_07_29_02_32_08 timestamp=000096 cavs=[20, 5, 7, 16]
sgcp_constrained receiver=20 policy=all-cavs sources=[20, 5, 7, 16] clusters=20 ra=selective_pacp_lidar comm_bytes=59376 selected_grids={5: 15, 7: 14, 16: 14}
fusion_method=early pred_boxes=26 gt_boxes=59
pred_scores_shape=(26,)Format = auto
Extension = pcd
Format = auto
Extension = pcd
Format = auto
Extension = pcd
Format = auto
Extension = pcd
Format = auto
Extension = pcd
Format = auto
Extension = pcd
Format = auto
Extension = pcd
Format = auto
Extension = pcd
Format = auto
Extension = pcd
Format = auto
Extension = pcd
Format = auto
Extension = pcd
Format = auto
Extension = pcd
Format = auto
Extension = pcd
Format = auto
Extension = pcd
Format = auto
Extension = pcd
Format = auto
Extension = pcd
Format = auto
Extension = pcd
Format = auto
Extension = pcd
Format = auto
Extension = pcd
Format = auto
Extension = pcd
Format = auto
Extension = pcd
Format = auto
Extension = pcd
Format = auto
Extension = pcd
Format = auto
Extension = pcd
Format = auto
Extension = pcd
Format = auto
Extension = pcd
Format = auto
Extension = pcd
Format = auto
Extension = pcd
Format = auto
Extension = pcd
Format = auto
Extension = pcd
Format = auto
Extension = pcd
Format = auto
Extension = pcd
Format = auto
Extension = pcd
Format = auto
Extension = pcd
Format = auto
Extension = pcd
Format = auto
Extension = pcd
Format = auto
Extension = pcd
Format = auto
Extension = pcd
Format = auto
Extension = pcd
Format = auto
Extension = pcd

frame=20/41 receiver_sample=1/20 scenario=2026_07_29_02_32_08 timestamp=000098 cavs=[1, 2, 4, 11]
sgcp_constrained receiver=1 policy=all-cavs sources=[1, 2, 4, 11] clusters=20 ra=selective_pacp_lidar comm_bytes=72416 selected_grids={2: 13, 4: 12, 11: 13}
fusion_method=early pred_boxes=31 gt_boxes=72
pred_scores_shape=(31,)
frame=20/41 receiver_sample=2/20 scenario=2026_07_29_02_32_08 timestamp=000098 cavs=[2, 1, 11, 15]
sgcp_constrained receiver=2 policy=all-cavs sources=[2, 1, 11, 15] clusters=20 ra=selective_pacp_lidar comm_bytes=49536 selected_grids={1: 13, 11: 13, 15: 13}
fusion_method=early pred_boxes=25 gt_boxes=70
pred_scores_shape=(25,)
frame=20/41 receiver_sample=3/20 scenario=2026_07_29_02_32_08 timestamp=000098 cavs=[3, 16, 17, 18]
sgcp_constrained receiver=3 policy=all-cavs sources=[3, 16, 17, 18] clusters=20 ra=selective_pacp_lidar comm_bytes=75840 selected_grids={16: 12, 17: 13, 18: 13}
fusion_method=early pred_boxes=25 gt_boxes=61
pred_scores_shape=(25,)
frame=20/41 receiver_sample=4/20 scenario=2026_07_29_02_32_08 timestamp=000098 cavs=[4, 1, 7, 12]
sgcp_constrained receiver=4 policy=all-cavs sources=[4, 1, 7, 12] clusters=20 ra=selective_pacp_lidar comm_bytes=79760 selected_grids={1: 13, 7: 13, 12: 13}
fusion_method=early pred_boxes=33 gt_boxes=69
pred_scores_shape=(33,)
frame=20/41 receiver_sample=5/20 scenario=2026_07_29_02_32_08 timestamp=000098 cavs=[5, 9, 16, 20]
sgcp_constrained receiver=5 policy=all-cavs sources=[5, 9, 16, 20] clusters=20 ra=selective_pacp_lidar comm_bytes=64784 selected_grids={9: 13, 16: 13, 20: 11}
fusion_method=early pred_boxes=28 gt_boxes=48
pred_scores_shape=(28,)
frame=20/41 receiver_sample=6/20 scenario=2026_07_29_02_32_08 timestamp=000098 cavs=[6, 15]
sgcp_constrained receiver=6 policy=all-cavs sources=[6, 15] clusters=20 ra=selective_pacp_lidar comm_bytes=20192 selected_grids={15: 15}
fusion_method=early pred_boxes=15 gt_boxes=53
pred_scores_shape=(15,)
frame=20/41 receiver_sample=7/20 scenario=2026_07_29_02_32_08 timestamp=000098 cavs=[7, 4, 8, 20]
sgcp_constrained receiver=7 policy=all-cavs sources=[7, 4, 8, 20] clusters=20 ra=selective_pacp_lidar comm_bytes=69120 selected_grids={4: 12, 8: 13, 20: 12}
fusion_method=early pred_boxes=28 gt_boxes=46
pred_scores_shape=(28,)
frame=20/41 receiver_sample=8/20 scenario=2026_07_29_02_32_08 timestamp=000098 cavs=[8, 1, 4, 7]
sgcp_constrained receiver=8 policy=all-cavs sources=[8, 1, 4, 7] clusters=20 ra=selective_pacp_lidar comm_bytes=80368 selected_grids={1: 13, 4: 12, 7: 13}
fusion_method=early pred_boxes=28 gt_boxes=47
pred_scores_shape=(28,)
frame=20/41 receiver_sample=9/20 scenario=2026_07_29_02_32_08 timestamp=000098 cavs=[9, 10, 13, 19]
sgcp_constrained receiver=9 policy=all-cavs sources=[9, 10, 13, 19] clusters=20 ra=selective_pacp_lidar comm_bytes=40496 selected_grids={10: 13, 13: 13, 19: 13}
fusion_method=early pred_boxes=26 gt_boxes=54
pred_scores_shape=(26,)
frame=20/41 receiver_sample=10/20 scenario=2026_07_29_02_32_08 timestamp=000098 cavs=[10, 8, 9, 19]
sgcp_constrained receiver=10 policy=all-cavs sources=[10, 8, 9, 19] clusters=20 ra=selective_pacp_lidar comm_bytes=43440 selected_grids={8: 13, 9: 13, 19: 13}
fusion_method=early pred_boxes=26 gt_boxes=68
pred_scores_shape=(26,)
frame=20/41 receiver_sample=11/20 scenario=2026_07_29_02_32_08 timestamp=000098 cavs=[11, 1, 2, 9]
sgcp_constrained receiver=11 policy=all-cavs sources=[11, 1, 2, 9] clusters=20 ra=selective_pacp_lidar comm_bytes=63168 selected_grids={1: 13, 2: 13, 9: 13}
fusion_method=early pred_boxes=26 gt_boxes=68
pred_scores_shape=(26,)
frame=20/41 receiver_sample=12/20 scenario=2026_07_29_02_32_08 timestamp=000098 cavs=[12, 4, 7, 8]
sgcp_constrained receiver=12 policy=all-cavs sources=[12, 4, 7, 8] clusters=20 ra=selective_pacp_lidar comm_bytes=64768 selected_grids={4: 13, 7: 12, 8: 13}
fusion_method=early pred_boxes=29 gt_boxes=53
pred_scores_shape=(29,)
frame=20/41 receiver_sample=13/20 scenario=2026_07_29_02_32_08 timestamp=000098 cavs=[13, 9, 10, 19]
sgcp_constrained receiver=13 policy=all-cavs sources=[13, 9, 10, 19] clusters=20 ra=selective_pacp_lidar comm_bytes=40128 selected_grids={9: 13, 10: 13, 19: 13}
fusion_method=early pred_boxes=21 gt_boxes=53
pred_scores_shape=(21,)
frame=20/41 receiver_sample=14/20 scenario=2026_07_29_02_32_08 timestamp=000098 cavs=[14]
sgcp_constrained receiver=14 policy=all-cavs sources=[14] clusters=20 ra=selective_pacp_lidar comm_bytes=0 selected_grids={}
fusion_method=early pred_boxes=4 gt_boxes=9
pred_scores_shape=(4,)
frame=20/41 receiver_sample=15/20 scenario=2026_07_29_02_32_08 timestamp=000098 cavs=[15, 2, 6]
sgcp_constrained receiver=15 policy=all-cavs sources=[15, 2, 6] clusters=20 ra=selective_pacp_lidar comm_bytes=64800 selected_grids={2: 13, 6: 13}
fusion_method=early pred_boxes=23 gt_boxes=61
pred_scores_shape=(23,)
frame=20/41 receiver_sample=16/20 scenario=2026_07_29_02_32_08 timestamp=000098 cavs=[16, 3, 17, 20]
sgcp_constrained receiver=16 policy=all-cavs sources=[16, 3, 17, 20] clusters=20 ra=selective_pacp_lidar comm_bytes=63120 selected_grids={3: 13, 17: 13, 20: 13}
fusion_method=early pred_boxes=33 gt_boxes=69
pred_scores_shape=(33,)
frame=20/41 receiver_sample=17/20 scenario=2026_07_29_02_32_08 timestamp=000098 cavs=[17, 3, 16]
sgcp_constrained receiver=17 policy=all-cavs sources=[17, 3, 16] clusters=20 ra=selective_pacp_lidar comm_bytes=46368 selected_grids={3: 13, 16: 13}
fusion_method=early pred_boxes=25 gt_boxes=66
pred_scores_shape=(25,)
frame=20/41 receiver_sample=18/20 scenario=2026_07_29_02_32_08 timestamp=000098 cavs=[18, 3]
sgcp_constrained receiver=18 policy=all-cavs sources=[18, 3] clusters=20 ra=selective_pacp_lidar comm_bytes=32832 selected_grids={3: 14}
fusion_method=early pred_boxes=15 gt_boxes=37
pred_scores_shape=(15,)
frame=20/41 receiver_sample=19/20 scenario=2026_07_29_02_32_08 timestamp=000098 cavs=[19, 9, 10, 13]
sgcp_constrained receiver=19 policy=all-cavs sources=[19, 9, 10, 13] clusters=20 ra=selective_pacp_lidar comm_bytes=49536 selected_grids={9: 13, 10: 13, 13: 12}
fusion_method=early pred_boxes=21 gt_boxes=56
pred_scores_shape=(21,)
frame=20/41 receiver_sample=20/20 scenario=2026_07_29_02_32_08 timestamp=000098 cavs=[20, 5, 7, 16]
sgcp_constrained receiver=20 policy=all-cavs sources=[20, 5, 7, 16] clusters=20 ra=selective_pacp_lidar comm_bytes=58128 selected_grids={5: 13, 7: 13, 16: 13}
fusion_method=early pred_boxes=27 gt_boxes=59
pred_scores_shape=(27,)
frame=21/41 receiver_sample=1/20 scenario=2026_07_29_02_32_08 timestamp=000100 cavs=[1, 2, 4, 11]
sgcp_constrained receiver=1 policy=all-cavs sources=[1, 2, 4, 11] clusters=20 ra=selective_pacp_lidar comm_bytes=72144 selected_grids={2: 13, 4: 12, 11: 13}
fusion_method=early pred_boxes=28 gt_boxes=72
pred_scores_shape=(28,)
frame=21/41 receiver_sample=2/20 scenario=2026_07_29_02_32_08 timestamp=000100 cavs=[2, 1, 11, 15]
sgcp_constrained receiver=2 policy=all-cavs sources=[2, 1, 11, 15] clusters=20 ra=selective_pacp_lidar comm_bytes=48448 selected_grids={1: 13, 11: 13, 15: 12}
fusion_method=early pred_boxes=21 gt_boxes=70
pred_scores_shape=(21,)
frame=21/41 receiver_sample=3/20 scenario=2026_07_29_02_32_08 timestamp=000100 cavs=[3, 16, 17, 18]
sgcp_constrained receiver=3 policy=all-cavs sources=[3, 16, 17, 18] clusters=20 ra=selective_pacp_lidar comm_bytes=71552 selected_grids={16: 12, 17: 13, 18: 13}
fusion_method=early pred_boxes=24 gt_boxes=61
pred_scores_shape=(24,)
frame=21/41 receiver_sample=4/20 scenario=2026_07_29_02_32_08 timestamp=000100 cavs=[4, 1, 7, 12]
sgcp_constrained receiver=4 policy=all-cavs sources=[4, 1, 7, 12] clusters=20 ra=selective_pacp_lidar comm_bytes=74480 selected_grids={1: 12, 7: 12, 12: 13}
fusion_method=early pred_boxes=27 gt_boxes=68
pred_scores_shape=(27,)
frame=21/41 receiver_sample=5/20 scenario=2026_07_29_02_32_08 timestamp=000100 cavs=[5, 9, 16, 20]
sgcp_constrained receiver=5 policy=all-cavs sources=[5, 9, 16, 20] clusters=20 ra=selective_pacp_lidar comm_bytes=62384 selected_grids={9: 12, 16: 12, 20: 10}
fusion_method=early pred_boxes=26 gt_boxes=48
pred_scores_shape=(26,)
frame=21/41 receiver_sample=6/20 scenario=2026_07_29_02_32_08 timestamp=000100 cavs=[6, 15]Format = auto
Extension = pcd
Format = auto
Extension = pcd
Format = auto
Extension = pcd
Format = auto
Extension = pcd
Format = auto
Extension = pcd
Format = auto
Extension = pcd
Format = auto
Extension = pcd
Format = auto
Extension = pcd
Format = auto
Extension = pcd
Format = auto
Extension = pcd
Format = auto
Extension = pcd
Format = auto
Extension = pcd
Format = auto
Extension = pcd
Format = auto
Extension = pcd
Format = auto
Extension = pcd
Format = auto
Extension = pcd
Format = auto
Extension = pcd
Format = auto
Extension = pcd
Format = auto
Extension = pcd
Format = auto
Extension = pcd

sgcp_constrained receiver=6 policy=all-cavs sources=[6, 15] clusters=20 ra=selective_pacp_lidar comm_bytes=21392 selected_grids={15: 13}
fusion_method=early pred_boxes=16 gt_boxes=53
pred_scores_shape=(16,)
frame=21/41 receiver_sample=7/20 scenario=2026_07_29_02_32_08 timestamp=000100 cavs=[7, 4, 8, 20]
sgcp_constrained receiver=7 policy=all-cavs sources=[7, 4, 8, 20] clusters=20 ra=selective_pacp_lidar comm_bytes=67808 selected_grids={4: 12, 8: 13, 20: 12}
fusion_method=early pred_boxes=26 gt_boxes=47
pred_scores_shape=(26,)
frame=21/41 receiver_sample=8/20 scenario=2026_07_29_02_32_08 timestamp=000100 cavs=[8, 1, 10, 12]
sgcp_constrained receiver=8 policy=all-cavs sources=[8, 1, 10, 12] clusters=20 ra=selective_pacp_lidar comm_bytes=86192 selected_grids={1: 12, 10: 12, 12: 12}
fusion_method=early pred_boxes=26 gt_boxes=47
pred_scores_shape=(26,)
frame=21/41 receiver_sample=9/20 scenario=2026_07_29_02_32_08 timestamp=000100 cavs=[9, 10, 13, 19]
sgcp_constrained receiver=9 policy=all-cavs sources=[9, 10, 13, 19] clusters=20 ra=selective_pacp_lidar comm_bytes=43040 selected_grids={10: 13, 13: 12, 19: 13}
fusion_method=early pred_boxes=23 gt_boxes=54
pred_scores_shape=(23,)
frame=21/41 receiver_sample=10/20 scenario=2026_07_29_02_32_08 timestamp=000100 cavs=[10, 8, 9, 19]
sgcp_constrained receiver=10 policy=all-cavs sources=[10, 8, 9, 19] clusters=20 ra=selective_pacp_lidar comm_bytes=43568 selected_grids={8: 13, 9: 13, 19: 13}
fusion_method=early pred_boxes=29 gt_boxes=68
pred_scores_shape=(29,)
frame=21/41 receiver_sample=11/20 scenario=2026_07_29_02_32_08 timestamp=000100 cavs=[11, 1, 2, 9]
sgcp_constrained receiver=11 policy=all-cavs sources=[11, 1, 2, 9] clusters=20 ra=selective_pacp_lidar comm_bytes=60400 selected_grids={1: 13, 2: 13, 9: 12}
fusion_method=early pred_boxes=26 gt_boxes=68
pred_scores_shape=(26,)
frame=21/41 receiver_sample=12/20 scenario=2026_07_29_02_32_08 timestamp=000100 cavs=[12, 4, 7, 8]
sgcp_constrained receiver=12 policy=all-cavs sources=[12, 4, 7, 8] clusters=20 ra=selective_pacp_lidar comm_bytes=67040 selected_grids={4: 13, 7: 12, 8: 13}
fusion_method=early pred_boxes=28 gt_boxes=53
pred_scores_shape=(28,)
frame=21/41 receiver_sample=13/20 scenario=2026_07_29_02_32_08 timestamp=000100 cavs=[13, 9, 10, 19]
sgcp_constrained receiver=13 policy=all-cavs sources=[13, 9, 10, 19] clusters=20 ra=selective_pacp_lidar comm_bytes=40944 selected_grids={9: 13, 10: 12, 19: 13}
fusion_method=early pred_boxes=23 gt_boxes=52
pred_scores_shape=(23,)
frame=21/41 receiver_sample=14/20 scenario=2026_07_29_02_32_08 timestamp=000100 cavs=[14]
sgcp_constrained receiver=14 policy=all-cavs sources=[14] clusters=20 ra=selective_pacp_lidar comm_bytes=0 selected_grids={}
fusion_method=early pred_boxes=4 gt_boxes=9
pred_scores_shape=(4,)
frame=21/41 receiver_sample=15/20 scenario=2026_07_29_02_32_08 timestamp=000100 cavs=[15, 2, 6]
sgcp_constrained receiver=15 policy=all-cavs sources=[15, 2, 6] clusters=20 ra=selective_pacp_lidar comm_bytes=61728 selected_grids={2: 13, 6: 13}
fusion_method=early pred_boxes=23 gt_boxes=61
pred_scores_shape=(23,)
frame=21/41 receiver_sample=16/20 scenario=2026_07_29_02_32_08 timestamp=000100 cavs=[16, 3, 17, 20]
sgcp_constrained receiver=16 policy=all-cavs sources=[16, 3, 17, 20] clusters=20 ra=selective_pacp_lidar comm_bytes=60256 selected_grids={3: 12, 17: 13, 20: 12}
fusion_method=early pred_boxes=31 gt_boxes=69
pred_scores_shape=(31,)
frame=21/41 receiver_sample=17/20 scenario=2026_07_29_02_32_08 timestamp=000100 cavs=[17, 3, 16, 20]
sgcp_constrained receiver=17 policy=all-cavs sources=[17, 3, 16, 20] clusters=20 ra=selective_pacp_lidar comm_bytes=59088 selected_grids={3: 13, 16: 12, 20: 12}
fusion_method=early pred_boxes=25 gt_boxes=66
pred_scores_shape=(25,)
frame=21/41 receiver_sample=18/20 scenario=2026_07_29_02_32_08 timestamp=000100 cavs=[18, 3]
sgcp_constrained receiver=18 policy=all-cavs sources=[18, 3] clusters=20 ra=selective_pacp_lidar comm_bytes=32032 selected_grids={3: 13}
fusion_method=early pred_boxes=13 gt_boxes=37
pred_scores_shape=(13,)
frame=21/41 receiver_sample=19/20 scenario=2026_07_29_02_32_08 timestamp=000100 cavs=[19, 9, 10, 13]
sgcp_constrained receiver=19 policy=all-cavs sources=[19, 9, 10, 13] clusters=20 ra=selective_pacp_lidar comm_bytes=49344 selected_grids={9: 13, 10: 12, 13: 11}
fusion_method=early pred_boxes=22 gt_boxes=56
pred_scores_shape=(22,)
frame=21/41 receiver_sample=20/20 scenario=2026_07_29_02_32_08 timestamp=000100 cavs=[20, 5, 7, 16]
sgcp_constrained receiver=20 policy=all-cavs sources=[20, 5, 7, 16] clusters=20 ra=selective_pacp_lidar comm_bytes=56960 selected_grids={5: 13, 7: 12, 16: 12}
fusion_method=early pred_boxes=29 gt_boxes=59
pred_scores_shape=(29,)
frame=22/41 receiver_sample=1/20 scenario=2026_07_29_02_32_08 timestamp=000102 cavs=[1, 2, 4, 11]
sgcp_constrained receiver=1 policy=all-cavs sources=[1, 2, 4, 11] clusters=20 ra=selective_pacp_lidar comm_bytes=71664 selected_grids={2: 13, 4: 12, 11: 13}
fusion_method=early pred_boxes=30 gt_boxes=72
pred_scores_shape=(30,)
frame=22/41 receiver_sample=2/20 scenario=2026_07_29_02_32_08 timestamp=000102 cavs=[2, 1, 11, 15]
sgcp_constrained receiver=2 policy=all-cavs sources=[2, 1, 11, 15] clusters=20 ra=selective_pacp_lidar comm_bytes=47184 selected_grids={1: 13, 11: 13, 15: 12}
fusion_method=early pred_boxes=22 gt_boxes=70
pred_scores_shape=(22,)
frame=22/41 receiver_sample=3/20 scenario=2026_07_29_02_32_08 timestamp=000102 cavs=[3, 16, 17, 18]
sgcp_constrained receiver=3 policy=all-cavs sources=[3, 16, 17, 18] clusters=20 ra=selective_pacp_lidar comm_bytes=70544 selected_grids={16: 12, 17: 13, 18: 13}
fusion_method=early pred_boxes=25 gt_boxes=61
pred_scores_shape=(25,)
frame=22/41 receiver_sample=4/20 scenario=2026_07_29_02_32_08 timestamp=000102 cavs=[4, 1, 7, 12]
sgcp_constrained receiver=4 policy=all-cavs sources=[4, 1, 7, 12] clusters=20 ra=selective_pacp_lidar comm_bytes=77648 selected_grids={1: 12, 7: 12, 12: 13}
fusion_method=early pred_boxes=28 gt_boxes=66
pred_scores_shape=(28,)
frame=22/41 receiver_sample=5/20 scenario=2026_07_29_02_32_08 timestamp=000102 cavs=[5, 10, 16, 20]
sgcp_constrained receiver=5 policy=all-cavs sources=[5, 10, 16, 20] clusters=20 ra=selective_pacp_lidar comm_bytes=59680 selected_grids={10: 12, 16: 12, 20: 11}
fusion_method=early pred_boxes=28 gt_boxes=49
pred_scores_shape=(28,)
frame=22/41 receiver_sample=6/20 scenario=2026_07_29_02_32_08 timestamp=000102 cavs=[6, 15]
sgcp_constrained receiver=6 policy=all-cavs sources=[6, 15] clusters=20 ra=selective_pacp_lidar comm_bytes=20384 selected_grids={15: 13}
fusion_method=early pred_boxes=16 gt_boxes=52
pred_scores_shape=(16,)
frame=22/41 receiver_sample=7/20 scenario=2026_07_29_02_32_08 timestamp=000102 cavs=[7, 4, 8, 20]
sgcp_constrained receiver=7 policy=all-cavs sources=[7, 4, 8, 20] clusters=20 ra=selective_pacp_lidar comm_bytes=68128 selected_grids={4: 12, 8: 13, 20: 12}
fusion_method=early pred_boxes=27 gt_boxes=48
pred_scores_shape=(27,)
frame=22/41 receiver_sample=8/20 scenario=2026_07_29_02_32_08 timestamp=000102 cavs=[8, 1, 10, 12]
sgcp_constrained receiver=8 policy=all-cavs sources=[8, 1, 10, 12] clusters=20 ra=selective_pacp_lidar comm_bytes=86432 selected_grids={1: 12, 10: 12, 12: 12}
fusion_method=early pred_boxes=33 gt_boxes=47
pred_scores_shape=(33,)
frame=22/41 receiver_sample=9/20 scenario=2026_07_29_02_32_08 timestamp=000102 cavs=[9, 10, 13, 19]
sgcp_constrained receiver=9 policy=all-cavs sources=[9, 10, 13, 19] clusters=20 ra=selective_pacp_lidar comm_bytes=43728 selected_grids={10: 13, 13: 12, 19: 13}
fusion_method=early pred_boxes=23 gt_boxes=54
pred_scores_shape=(23,)
frame=22/41 receiver_sample=10/20 scenario=2026_07_29_02_32_08 timestamp=000102 cavs=[10, 8, 9, 19]
sgcp_constrained receiver=10 policy=all-cavs sources=[10, 8, 9, 19] clusters=20 ra=selective_pacp_lidar comm_bytes=43568 selected_grids={8: 13, 9: 13, 19: 13}
fusion_method=early pred_boxes=26 gt_boxes=68
pred_scores_shape=(26,)
frame=22/41 receiver_sample=11/20 scenario=2026_07_29_02_32_08 timestamp=000102 cavs=[11, 1, 2, 9]
sgcp_constrained receiver=11 policy=all-cavs sources=[11, 1, 2, 9] clusters=20 ra=selective_pacp_lidar comm_bytes=60368 selected_grids={1: 13, 2: 13, 9: 12}Format = auto
Extension = pcd
Format = auto
Extension = pcd
Format = auto
Extension = pcd
Format = auto
Extension = pcd
Format = auto
Extension = pcd
Format = auto
Extension = pcd
Format = auto
Extension = pcd
Format = auto
Extension = pcd
Format = auto
Extension = pcd
Format = auto
Extension = pcd
Format = auto
Extension = pcd
Format = auto
Extension = pcd
Format = auto
Extension = pcd
Format = auto
Extension = pcd
Format = auto
Extension = pcd
Format = auto
Extension = pcd
Format = auto
Extension = pcd
Format = auto
Extension = pcd
Format = auto
Extension = pcd
Format = auto
Extension = pcd

fusion_method=early pred_boxes=30 gt_boxes=68
pred_scores_shape=(30,)
frame=22/41 receiver_sample=12/20 scenario=2026_07_29_02_32_08 timestamp=000102 cavs=[12, 4, 7, 8]
sgcp_constrained receiver=12 policy=all-cavs sources=[12, 4, 7, 8] clusters=20 ra=selective_pacp_lidar comm_bytes=66176 selected_grids={4: 13, 7: 12, 8: 13}
fusion_method=early pred_boxes=25 gt_boxes=52
pred_scores_shape=(25,)
frame=22/41 receiver_sample=13/20 scenario=2026_07_29_02_32_08 timestamp=000102 cavs=[13, 9, 10, 19]
sgcp_constrained receiver=13 policy=all-cavs sources=[13, 9, 10, 19] clusters=20 ra=selective_pacp_lidar comm_bytes=41888 selected_grids={9: 13, 10: 12, 19: 13}
fusion_method=early pred_boxes=22 gt_boxes=52
pred_scores_shape=(22,)
frame=22/41 receiver_sample=14/20 scenario=2026_07_29_02_32_08 timestamp=000102 cavs=[14]
sgcp_constrained receiver=14 policy=all-cavs sources=[14] clusters=20 ra=selective_pacp_lidar comm_bytes=0 selected_grids={}
fusion_method=early pred_boxes=5 gt_boxes=9
pred_scores_shape=(5,)
frame=22/41 receiver_sample=15/20 scenario=2026_07_29_02_32_08 timestamp=000102 cavs=[15, 2, 6]
sgcp_constrained receiver=15 policy=all-cavs sources=[15, 2, 6] clusters=20 ra=selective_pacp_lidar comm_bytes=60912 selected_grids={2: 12, 6: 13}
fusion_method=early pred_boxes=23 gt_boxes=60
pred_scores_shape=(23,)
frame=22/41 receiver_sample=16/20 scenario=2026_07_29_02_32_08 timestamp=000102 cavs=[16, 3, 17, 20]
sgcp_constrained receiver=16 policy=all-cavs sources=[16, 3, 17, 20] clusters=20 ra=selective_pacp_lidar comm_bytes=60736 selected_grids={3: 12, 17: 13, 20: 12}
fusion_method=early pred_boxes=29 gt_boxes=69
pred_scores_shape=(29,)
frame=22/41 receiver_sample=17/20 scenario=2026_07_29_02_32_08 timestamp=000102 cavs=[17, 3, 16, 20]
sgcp_constrained receiver=17 policy=all-cavs sources=[17, 3, 16, 20] clusters=20 ra=selective_pacp_lidar comm_bytes=59056 selected_grids={3: 13, 16: 12, 20: 12}
fusion_method=early pred_boxes=27 gt_boxes=66
pred_scores_shape=(27,)
frame=22/41 receiver_sample=18/20 scenario=2026_07_29_02_32_08 timestamp=000102 cavs=[18, 3]
sgcp_constrained receiver=18 policy=all-cavs sources=[18, 3] clusters=20 ra=selective_pacp_lidar comm_bytes=32960 selected_grids={3: 13}
fusion_method=early pred_boxes=13 gt_boxes=36
pred_scores_shape=(13,)
frame=22/41 receiver_sample=19/20 scenario=2026_07_29_02_32_08 timestamp=000102 cavs=[19, 9, 10, 13]
sgcp_constrained receiver=19 policy=all-cavs sources=[19, 9, 10, 13] clusters=20 ra=selective_pacp_lidar comm_bytes=50160 selected_grids={9: 13, 10: 12, 13: 12}
fusion_method=early pred_boxes=24 gt_boxes=56
pred_scores_shape=(24,)
frame=22/41 receiver_sample=20/20 scenario=2026_07_29_02_32_08 timestamp=000102 cavs=[20, 5, 7, 16]
sgcp_constrained receiver=20 policy=all-cavs sources=[20, 5, 7, 16] clusters=20 ra=selective_pacp_lidar comm_bytes=57584 selected_grids={5: 13, 7: 12, 16: 12}
fusion_method=early pred_boxes=28 gt_boxes=58
pred_scores_shape=(28,)
frame=23/41 receiver_sample=1/20 scenario=2026_07_29_02_32_08 timestamp=000104 cavs=[1, 2, 4, 11]
sgcp_constrained receiver=1 policy=all-cavs sources=[1, 2, 4, 11] clusters=20 ra=selective_pacp_lidar comm_bytes=72064 selected_grids={2: 13, 4: 12, 11: 13}
fusion_method=early pred_boxes=32 gt_boxes=72
pred_scores_shape=(32,)
frame=23/41 receiver_sample=2/20 scenario=2026_07_29_02_32_08 timestamp=000104 cavs=[2, 1, 11, 15]
sgcp_constrained receiver=2 policy=all-cavs sources=[2, 1, 11, 15] clusters=20 ra=selective_pacp_lidar comm_bytes=47328 selected_grids={1: 13, 11: 13, 15: 12}
fusion_method=early pred_boxes=25 gt_boxes=70
pred_scores_shape=(25,)
frame=23/41 receiver_sample=3/20 scenario=2026_07_29_02_32_08 timestamp=000104 cavs=[3, 16, 17, 18]
sgcp_constrained receiver=3 policy=all-cavs sources=[3, 16, 17, 18] clusters=20 ra=selective_pacp_lidar comm_bytes=73008 selected_grids={16: 12, 17: 13, 18: 13}
fusion_method=early pred_boxes=24 gt_boxes=61
pred_scores_shape=(24,)
frame=23/41 receiver_sample=4/20 scenario=2026_07_29_02_32_08 timestamp=000104 cavs=[4, 1, 7, 12]
sgcp_constrained receiver=4 policy=all-cavs sources=[4, 1, 7, 12] clusters=20 ra=selective_pacp_lidar comm_bytes=76432 selected_grids={1: 12, 7: 12, 12: 13}
fusion_method=early pred_boxes=29 gt_boxes=66
pred_scores_shape=(29,)
frame=23/41 receiver_sample=5/20 scenario=2026_07_29_02_32_08 timestamp=000104 cavs=[5, 10, 16, 20]
sgcp_constrained receiver=5 policy=all-cavs sources=[5, 10, 16, 20] clusters=20 ra=selective_pacp_lidar comm_bytes=61312 selected_grids={10: 12, 16: 12, 20: 11}
fusion_method=early pred_boxes=28 gt_boxes=49
pred_scores_shape=(28,)
frame=23/41 receiver_sample=6/20 scenario=2026_07_29_02_32_08 timestamp=000104 cavs=[6, 15]
sgcp_constrained receiver=6 policy=all-cavs sources=[6, 15] clusters=20 ra=selective_pacp_lidar comm_bytes=21104 selected_grids={15: 14}
fusion_method=early pred_boxes=16 gt_boxes=52
pred_scores_shape=(16,)
frame=23/41 receiver_sample=7/20 scenario=2026_07_29_02_32_08 timestamp=000104 cavs=[7, 4, 5, 20]
sgcp_constrained receiver=7 policy=all-cavs sources=[7, 4, 5, 20] clusters=20 ra=selective_pacp_lidar comm_bytes=57376 selected_grids={4: 13, 5: 13, 20: 13}
fusion_method=early pred_boxes=27 gt_boxes=48
pred_scores_shape=(27,)
frame=23/41 receiver_sample=8/20 scenario=2026_07_29_02_32_08 timestamp=000104 cavs=[8, 1, 10, 12]
sgcp_constrained receiver=8 policy=all-cavs sources=[8, 1, 10, 12] clusters=20 ra=selective_pacp_lidar comm_bytes=90512 selected_grids={1: 13, 10: 12, 12: 13}
fusion_method=early pred_boxes=28 gt_boxes=47
pred_scores_shape=(28,)
frame=23/41 receiver_sample=9/20 scenario=2026_07_29_02_32_08 timestamp=000104 cavs=[9, 10, 13, 19]
sgcp_constrained receiver=9 policy=all-cavs sources=[9, 10, 13, 19] clusters=20 ra=selective_pacp_lidar comm_bytes=43904 selected_grids={10: 13, 13: 12, 19: 13}
fusion_method=early pred_boxes=25 gt_boxes=54
pred_scores_shape=(25,)
frame=23/41 receiver_sample=10/20 scenario=2026_07_29_02_32_08 timestamp=000104 cavs=[10, 8, 9, 19]
sgcp_constrained receiver=10 policy=all-cavs sources=[10, 8, 9, 19] clusters=20 ra=selective_pacp_lidar comm_bytes=43376 selected_grids={8: 13, 9: 13, 19: 13}
fusion_method=early pred_boxes=26 gt_boxes=68
pred_scores_shape=(26,)
frame=23/41 receiver_sample=11/20 scenario=2026_07_29_02_32_08 timestamp=000104 cavs=[11, 1, 2, 9]
sgcp_constrained receiver=11 policy=all-cavs sources=[11, 1, 2, 9] clusters=20 ra=selective_pacp_lidar comm_bytes=60544 selected_grids={1: 13, 2: 13, 9: 12}
fusion_method=early pred_boxes=29 gt_boxes=68
pred_scores_shape=(29,)
frame=23/41 receiver_sample=12/20 scenario=2026_07_29_02_32_08 timestamp=000104 cavs=[12, 4, 7, 8]
sgcp_constrained receiver=12 policy=all-cavs sources=[12, 4, 7, 8] clusters=20 ra=selective_pacp_lidar comm_bytes=67584 selected_grids={4: 12, 7: 12, 8: 13}
fusion_method=early pred_boxes=29 gt_boxes=52
pred_scores_shape=(29,)
frame=23/41 receiver_sample=13/20 scenario=2026_07_29_02_32_08 timestamp=000104 cavs=[13, 9, 10, 19]
sgcp_constrained receiver=13 policy=all-cavs sources=[13, 9, 10, 19] clusters=20 ra=selective_pacp_lidar comm_bytes=42160 selected_grids={9: 13, 10: 12, 19: 13}
fusion_method=early pred_boxes=21 gt_boxes=52
pred_scores_shape=(21,)
frame=23/41 receiver_sample=14/20 scenario=2026_07_29_02_32_08 timestamp=000104 cavs=[14]
sgcp_constrained receiver=14 policy=all-cavs sources=[14] clusters=20 ra=selective_pacp_lidar comm_bytes=0 selected_grids={}
fusion_method=early pred_boxes=4 gt_boxes=9
pred_scores_shape=(4,)
frame=23/41 receiver_sample=15/20 scenario=2026_07_29_02_32_08 timestamp=000104 cavs=[15, 2, 6]
sgcp_constrained receiver=15 policy=all-cavs sources=[15, 2, 6] clusters=20 ra=selective_pacp_lidar comm_bytes=67152 selected_grids={2: 13, 6: 13}
fusion_method=early pred_boxes=23 gt_boxes=60
pred_scores_shape=(23,)
frame=23/41 receiver_sample=16/20 scenario=2026_07_29_02_32_08 timestamp=000104 cavs=[16, 5, 17, 20]
sgcp_constrained receiver=16 policy=all-cavs sources=[16, 5, 17, 20] clusters=20 ra=selective_pacp_lidar comm_bytes=48816 selected_grids={5: 13, 17: 13, 20: 12}
fusion_method=early pred_boxes=31 gt_boxes=69
pred_scores_shape=(31,)Format = auto
Extension = pcd
Format = auto
Extension = pcd
Format = auto
Extension = pcd
Format = auto
Extension = pcd
Format = auto
Extension = pcd
Format = auto
Extension = pcd
Format = auto
Extension = pcd
Format = auto
Extension = pcd
Format = auto
Extension = pcd
Format = auto
Extension = pcd
Format = auto
Extension = pcd
Format = auto
Extension = pcd
Format = auto
Extension = pcd
Format = auto
Extension = pcd
Format = auto
Extension = pcd
Format = auto
Extension = pcd
Format = auto
Extension = pcd
Format = auto
Extension = pcd
Format = auto
Extension = pcd
Format = auto
Extension = pcd
Format = auto
Extension = pcd
Format = auto
Extension = pcd
Format = auto
Extension = pcd
Format = auto
Extension = pcd
Format = auto
Extension = pcd
Format = auto
Extension = pcd
Format = auto
Extension = pcd
Format = auto
Extension = pcd
Format = auto
Extension = pcd
Format = auto
Extension = pcd
Format = auto
Extension = pcd
Format = auto
Extension = pcd
Format = auto
Extension = pcd
Format = auto
Extension = pcd
Format = auto
Extension = pcd
Format = auto
Extension = pcd
Format = auto
Extension = pcd
Format = auto
Extension = pcd
Format = auto
Extension = pcd
Format = auto
Extension = pcd

frame=23/41 receiver_sample=17/20 scenario=2026_07_29_02_32_08 timestamp=000104 cavs=[17, 3, 16, 20]
sgcp_constrained receiver=17 policy=all-cavs sources=[17, 3, 16, 20] clusters=20 ra=selective_pacp_lidar comm_bytes=60496 selected_grids={3: 13, 16: 12, 20: 12}
fusion_method=early pred_boxes=26 gt_boxes=66
pred_scores_shape=(26,)
frame=23/41 receiver_sample=18/20 scenario=2026_07_29_02_32_08 timestamp=000104 cavs=[18, 3]
sgcp_constrained receiver=18 policy=all-cavs sources=[18, 3] clusters=20 ra=selective_pacp_lidar comm_bytes=32912 selected_grids={3: 13}
fusion_method=early pred_boxes=14 gt_boxes=36
pred_scores_shape=(14,)
frame=23/41 receiver_sample=19/20 scenario=2026_07_29_02_32_08 timestamp=000104 cavs=[19, 9, 10, 13]
sgcp_constrained receiver=19 policy=all-cavs sources=[19, 9, 10, 13] clusters=20 ra=selective_pacp_lidar comm_bytes=50880 selected_grids={9: 13, 10: 12, 13: 13}
fusion_method=early pred_boxes=24 gt_boxes=56
pred_scores_shape=(24,)
frame=23/41 receiver_sample=20/20 scenario=2026_07_29_02_32_08 timestamp=000104 cavs=[20, 5, 7, 16]
sgcp_constrained receiver=20 policy=all-cavs sources=[20, 5, 7, 16] clusters=20 ra=selective_pacp_lidar comm_bytes=61840 selected_grids={5: 13, 7: 13, 16: 13}
fusion_method=early pred_boxes=27 gt_boxes=58
pred_scores_shape=(27,)
frame=24/41 receiver_sample=1/20 scenario=2026_07_29_02_32_08 timestamp=000106 cavs=[1, 2, 4, 11]
sgcp_constrained receiver=1 policy=all-cavs sources=[1, 2, 4, 11] clusters=20 ra=selective_pacp_lidar comm_bytes=71984 selected_grids={2: 13, 4: 12, 11: 13}
fusion_method=early pred_boxes=33 gt_boxes=71
pred_scores_shape=(33,)
frame=24/41 receiver_sample=2/20 scenario=2026_07_29_02_32_08 timestamp=000106 cavs=[2, 1, 11, 15]
sgcp_constrained receiver=2 policy=all-cavs sources=[2, 1, 11, 15] clusters=20 ra=selective_pacp_lidar comm_bytes=47008 selected_grids={1: 13, 11: 13, 15: 12}
fusion_method=early pred_boxes=23 gt_boxes=70
pred_scores_shape=(23,)
frame=24/41 receiver_sample=3/20 scenario=2026_07_29_02_32_08 timestamp=000106 cavs=[3, 16, 17, 18]
sgcp_constrained receiver=3 policy=all-cavs sources=[3, 16, 17, 18] clusters=20 ra=selective_pacp_lidar comm_bytes=71888 selected_grids={16: 12, 17: 13, 18: 13}
fusion_method=early pred_boxes=23 gt_boxes=60
pred_scores_shape=(23,)
frame=24/41 receiver_sample=4/20 scenario=2026_07_29_02_32_08 timestamp=000106 cavs=[4, 1, 7, 12]
sgcp_constrained receiver=4 policy=all-cavs sources=[4, 1, 7, 12] clusters=20 ra=selective_pacp_lidar comm_bytes=80496 selected_grids={1: 13, 7: 13, 12: 13}
fusion_method=early pred_boxes=28 gt_boxes=66
pred_scores_shape=(28,)
frame=24/41 receiver_sample=5/20 scenario=2026_07_29_02_32_08 timestamp=000106 cavs=[5, 10, 16, 20]
sgcp_constrained receiver=5 policy=all-cavs sources=[5, 10, 16, 20] clusters=20 ra=selective_pacp_lidar comm_bytes=62160 selected_grids={10: 13, 16: 13, 20: 11}
fusion_method=early pred_boxes=25 gt_boxes=49
pred_scores_shape=(25,)
frame=24/41 receiver_sample=6/20 scenario=2026_07_29_02_32_08 timestamp=000106 cavs=[6, 15]
sgcp_constrained receiver=6 policy=all-cavs sources=[6, 15] clusters=20 ra=selective_pacp_lidar comm_bytes=22144 selected_grids={15: 13}
fusion_method=early pred_boxes=18 gt_boxes=52
pred_scores_shape=(18,)
frame=24/41 receiver_sample=7/20 scenario=2026_07_29_02_32_08 timestamp=000106 cavs=[7, 4, 5, 20]
sgcp_constrained receiver=7 policy=all-cavs sources=[7, 4, 5, 20] clusters=20 ra=selective_pacp_lidar comm_bytes=55744 selected_grids={4: 13, 5: 13, 20: 12}
fusion_method=early pred_boxes=28 gt_boxes=48
pred_scores_shape=(28,)
frame=24/41 receiver_sample=8/20 scenario=2026_07_29_02_32_08 timestamp=000106 cavs=[8, 1, 10, 12]
sgcp_constrained receiver=8 policy=all-cavs sources=[8, 1, 10, 12] clusters=20 ra=selective_pacp_lidar comm_bytes=88336 selected_grids={1: 13, 10: 12, 12: 13}
fusion_method=early pred_boxes=30 gt_boxes=47
pred_scores_shape=(30,)
frame=24/41 receiver_sample=9/20 scenario=2026_07_29_02_32_08 timestamp=000106 cavs=[9, 10, 13, 19]
sgcp_constrained receiver=9 policy=all-cavs sources=[9, 10, 13, 19] clusters=20 ra=selective_pacp_lidar comm_bytes=40880 selected_grids={10: 13, 13: 13, 19: 13}
fusion_method=early pred_boxes=25 gt_boxes=54
pred_scores_shape=(25,)
frame=24/41 receiver_sample=10/20 scenario=2026_07_29_02_32_08 timestamp=000106 cavs=[10, 8, 9, 19]
sgcp_constrained receiver=10 policy=all-cavs sources=[10, 8, 9, 19] clusters=20 ra=selective_pacp_lidar comm_bytes=43376 selected_grids={8: 13, 9: 13, 19: 13}
fusion_method=early pred_boxes=25 gt_boxes=67
pred_scores_shape=(25,)
frame=24/41 receiver_sample=11/20 scenario=2026_07_29_02_32_08 timestamp=000106 cavs=[11, 1, 2, 9]
sgcp_constrained receiver=11 policy=all-cavs sources=[11, 1, 2, 9] clusters=20 ra=selective_pacp_lidar comm_bytes=63616 selected_grids={1: 13, 2: 13, 9: 13}
fusion_method=early pred_boxes=30 gt_boxes=68
pred_scores_shape=(30,)
frame=24/41 receiver_sample=12/20 scenario=2026_07_29_02_32_08 timestamp=000106 cavs=[12, 4, 7, 8]
sgcp_constrained receiver=12 policy=all-cavs sources=[12, 4, 7, 8] clusters=20 ra=selective_pacp_lidar comm_bytes=68016 selected_grids={4: 13, 7: 13, 8: 13}
fusion_method=early pred_boxes=29 gt_boxes=52
pred_scores_shape=(29,)
frame=24/41 receiver_sample=13/20 scenario=2026_07_29_02_32_08 timestamp=000106 cavs=[13, 9, 10, 19]
sgcp_constrained receiver=13 policy=all-cavs sources=[13, 9, 10, 19] clusters=20 ra=selective_pacp_lidar comm_bytes=42512 selected_grids={9: 13, 10: 12, 19: 13}
fusion_method=early pred_boxes=21 gt_boxes=52
pred_scores_shape=(21,)
frame=24/41 receiver_sample=14/20 scenario=2026_07_29_02_32_08 timestamp=000106 cavs=[14]
sgcp_constrained receiver=14 policy=all-cavs sources=[14] clusters=20 ra=selective_pacp_lidar comm_bytes=0 selected_grids={}
fusion_method=early pred_boxes=4 gt_boxes=8
pred_scores_shape=(4,)
frame=24/41 receiver_sample=15/20 scenario=2026_07_29_02_32_08 timestamp=000106 cavs=[15, 2, 6]
sgcp_constrained receiver=15 policy=all-cavs sources=[15, 2, 6] clusters=20 ra=selective_pacp_lidar comm_bytes=66640 selected_grids={2: 13, 6: 13}
fusion_method=early pred_boxes=24 gt_boxes=61
pred_scores_shape=(24,)
frame=24/41 receiver_sample=16/20 scenario=2026_07_29_02_32_08 timestamp=000106 cavs=[16, 5, 17, 20]
sgcp_constrained receiver=16 policy=all-cavs sources=[16, 5, 17, 20] clusters=20 ra=selective_pacp_lidar comm_bytes=48832 selected_grids={5: 13, 17: 13, 20: 12}
fusion_method=early pred_boxes=29 gt_boxes=69
pred_scores_shape=(29,)
frame=24/41 receiver_sample=17/20 scenario=2026_07_29_02_32_08 timestamp=000106 cavs=[17, 3, 16, 20]
sgcp_constrained receiver=17 policy=all-cavs sources=[17, 3, 16, 20] clusters=20 ra=selective_pacp_lidar comm_bytes=60832 selected_grids={3: 13, 16: 13, 20: 12}
fusion_method=early pred_boxes=25 gt_boxes=65
pred_scores_shape=(25,)
frame=24/41 receiver_sample=18/20 scenario=2026_07_29_02_32_08 timestamp=000106 cavs=[18, 3]
sgcp_constrained receiver=18 policy=all-cavs sources=[18, 3] clusters=20 ra=selective_pacp_lidar comm_bytes=33952 selected_grids={3: 13}
fusion_method=early pred_boxes=14 gt_boxes=36
pred_scores_shape=(14,)
frame=24/41 receiver_sample=19/20 scenario=2026_07_29_02_32_08 timestamp=000106 cavs=[19, 9, 10, 13]
sgcp_constrained receiver=19 policy=all-cavs sources=[19, 9, 10, 13] clusters=20 ra=selective_pacp_lidar comm_bytes=51536 selected_grids={9: 13, 10: 13, 13: 13}
fusion_method=early pred_boxes=25 gt_boxes=56
pred_scores_shape=(25,)
frame=24/41 receiver_sample=20/20 scenario=2026_07_29_02_32_08 timestamp=000106 cavs=[20, 5, 7, 16]
sgcp_constrained receiver=20 policy=all-cavs sources=[20, 5, 7, 16] clusters=20 ra=selective_pacp_lidar comm_bytes=58848 selected_grids={5: 13, 7: 13, 16: 13}
fusion_method=early pred_boxes=27 gt_boxes=58
pred_scores_shape=(27,)
frame=25/41 receiver_sample=1/20 scenario=2026_07_29_02_32_08 timestamp=000108 cavs=[1, 2, 4, 11]
sgcp_constrained receiver=1 policy=all-cavs sources=[1, 2, 4, 11] clusters=20 ra=selective_pacp_lidar comm_bytes=71120 selected_grids={2: 13, 4: 12, 11: 13}
fusion_method=early pred_boxes=30 gt_boxes=71
pred_scores_shape=(30,)
frame=25/41 receiver_sample=2/20 scenario=2026_07_29_02_32_08 timestamp=000108 cavs=[2, 1, 11, 15]Format = auto
Extension = pcd
Format = auto
Extension = pcd
Format = auto
Extension = pcd
Format = auto
Extension = pcd
Format = auto
Extension = pcd
Format = auto
Extension = pcd
Format = auto
Extension = pcd
Format = auto
Extension = pcd
Format = auto
Extension = pcd
Format = auto
Extension = pcd
Format = auto
Extension = pcd
Format = auto
Extension = pcd
Format = auto
Extension = pcd
Format = auto
Extension = pcd
Format = auto
Extension = pcd
Format = auto
Extension = pcd
Format = auto
Extension = pcd
Format = auto
Extension = pcd
Format = auto
Extension = pcd
Format = auto
Extension = pcd

sgcp_constrained receiver=2 policy=all-cavs sources=[2, 1, 11, 15] clusters=20 ra=selective_pacp_lidar comm_bytes=49760 selected_grids={1: 13, 11: 13, 15: 13}
fusion_method=early pred_boxes=22 gt_boxes=70
pred_scores_shape=(22,)
frame=25/41 receiver_sample=3/20 scenario=2026_07_29_02_32_08 timestamp=000108 cavs=[3, 16, 17, 18]
sgcp_constrained receiver=3 policy=all-cavs sources=[3, 16, 17, 18] clusters=20 ra=selective_pacp_lidar comm_bytes=72560 selected_grids={16: 12, 17: 13, 18: 14}
fusion_method=early pred_boxes=22 gt_boxes=60
pred_scores_shape=(22,)
frame=25/41 receiver_sample=4/20 scenario=2026_07_29_02_32_08 timestamp=000108 cavs=[4, 1, 7, 12]
sgcp_constrained receiver=4 policy=all-cavs sources=[4, 1, 7, 12] clusters=20 ra=selective_pacp_lidar comm_bytes=79360 selected_grids={1: 12, 7: 13, 12: 13}
fusion_method=early pred_boxes=31 gt_boxes=66
pred_scores_shape=(31,)
frame=25/41 receiver_sample=5/20 scenario=2026_07_29_02_32_08 timestamp=000108 cavs=[5, 10, 16, 20]
sgcp_constrained receiver=5 policy=all-cavs sources=[5, 10, 16, 20] clusters=20 ra=selective_pacp_lidar comm_bytes=61616 selected_grids={10: 13, 16: 12, 20: 9}
fusion_method=early pred_boxes=30 gt_boxes=50
pred_scores_shape=(30,)
frame=25/41 receiver_sample=6/20 scenario=2026_07_29_02_32_08 timestamp=000108 cavs=[6, 15]
sgcp_constrained receiver=6 policy=all-cavs sources=[6, 15] clusters=20 ra=selective_pacp_lidar comm_bytes=22944 selected_grids={15: 13}
fusion_method=early pred_boxes=18 gt_boxes=52
pred_scores_shape=(18,)
frame=25/41 receiver_sample=7/20 scenario=2026_07_29_02_32_08 timestamp=000108 cavs=[7, 4, 5, 20]
sgcp_constrained receiver=7 policy=all-cavs sources=[7, 4, 5, 20] clusters=20 ra=selective_pacp_lidar comm_bytes=56784 selected_grids={4: 13, 5: 13, 20: 13}
fusion_method=early pred_boxes=25 gt_boxes=47
pred_scores_shape=(25,)
frame=25/41 receiver_sample=8/20 scenario=2026_07_29_02_32_08 timestamp=000108 cavs=[8, 1, 10, 12]
sgcp_constrained receiver=8 policy=all-cavs sources=[8, 1, 10, 12] clusters=20 ra=selective_pacp_lidar comm_bytes=91632 selected_grids={1: 13, 10: 12, 12: 13}
fusion_method=early pred_boxes=29 gt_boxes=47
pred_scores_shape=(29,)
frame=25/41 receiver_sample=9/20 scenario=2026_07_29_02_32_08 timestamp=000108 cavs=[9, 10, 13, 19]
sgcp_constrained receiver=9 policy=all-cavs sources=[9, 10, 13, 19] clusters=20 ra=selective_pacp_lidar comm_bytes=41200 selected_grids={10: 13, 13: 12, 19: 13}
fusion_method=early pred_boxes=24 gt_boxes=54
pred_scores_shape=(24,)
frame=25/41 receiver_sample=10/20 scenario=2026_07_29_02_32_08 timestamp=000108 cavs=[10, 8, 9, 19]
sgcp_constrained receiver=10 policy=all-cavs sources=[10, 8, 9, 19] clusters=20 ra=selective_pacp_lidar comm_bytes=43376 selected_grids={8: 13, 9: 13, 19: 13}
fusion_method=early pred_boxes=28 gt_boxes=67
pred_scores_shape=(28,)
frame=25/41 receiver_sample=11/20 scenario=2026_07_29_02_32_08 timestamp=000108 cavs=[11, 1, 2, 9]
sgcp_constrained receiver=11 policy=all-cavs sources=[11, 1, 2, 9] clusters=20 ra=selective_pacp_lidar comm_bytes=60512 selected_grids={1: 13, 2: 13, 9: 13}
fusion_method=early pred_boxes=26 gt_boxes=66
pred_scores_shape=(26,)
frame=25/41 receiver_sample=12/20 scenario=2026_07_29_02_32_08 timestamp=000108 cavs=[12, 4, 7, 8]
sgcp_constrained receiver=12 policy=all-cavs sources=[12, 4, 7, 8] clusters=20 ra=selective_pacp_lidar comm_bytes=67552 selected_grids={4: 13, 7: 13, 8: 13}
fusion_method=early pred_boxes=29 gt_boxes=52
pred_scores_shape=(29,)
frame=25/41 receiver_sample=13/20 scenario=2026_07_29_02_32_08 timestamp=000108 cavs=[13, 9, 10, 19]
sgcp_constrained receiver=13 policy=all-cavs sources=[13, 9, 10, 19] clusters=20 ra=selective_pacp_lidar comm_bytes=42432 selected_grids={9: 13, 10: 12, 19: 13}
fusion_method=early pred_boxes=25 gt_boxes=52
pred_scores_shape=(25,)
frame=25/41 receiver_sample=14/20 scenario=2026_07_29_02_32_08 timestamp=000108 cavs=[14]
sgcp_constrained receiver=14 policy=all-cavs sources=[14] clusters=20 ra=selective_pacp_lidar comm_bytes=0 selected_grids={}
fusion_method=early pred_boxes=5 gt_boxes=8
pred_scores_shape=(5,)
frame=25/41 receiver_sample=15/20 scenario=2026_07_29_02_32_08 timestamp=000108 cavs=[15, 2, 6]
sgcp_constrained receiver=15 policy=all-cavs sources=[15, 2, 6] clusters=20 ra=selective_pacp_lidar comm_bytes=65056 selected_grids={2: 13, 6: 13}
fusion_method=early pred_boxes=22 gt_boxes=61
pred_scores_shape=(22,)
frame=25/41 receiver_sample=16/20 scenario=2026_07_29_02_32_08 timestamp=000108 cavs=[16, 5, 17, 20]
sgcp_constrained receiver=16 policy=all-cavs sources=[16, 5, 17, 20] clusters=20 ra=selective_pacp_lidar comm_bytes=49824 selected_grids={5: 13, 17: 13, 20: 12}
fusion_method=early pred_boxes=29 gt_boxes=69
pred_scores_shape=(29,)
frame=25/41 receiver_sample=17/20 scenario=2026_07_29_02_32_08 timestamp=000108 cavs=[17, 3, 16, 20]
sgcp_constrained receiver=17 policy=all-cavs sources=[17, 3, 16, 20] clusters=20 ra=selective_pacp_lidar comm_bytes=59840 selected_grids={3: 13, 16: 13, 20: 12}
fusion_method=early pred_boxes=26 gt_boxes=65
pred_scores_shape=(26,)
frame=25/41 receiver_sample=18/20 scenario=2026_07_29_02_32_08 timestamp=000108 cavs=[18, 3]
sgcp_constrained receiver=18 policy=all-cavs sources=[18, 3] clusters=20 ra=selective_pacp_lidar comm_bytes=34496 selected_grids={3: 13}
fusion_method=early pred_boxes=13 gt_boxes=35
pred_scores_shape=(13,)
frame=25/41 receiver_sample=19/20 scenario=2026_07_29_02_32_08 timestamp=000108 cavs=[19, 9, 10, 13]
sgcp_constrained receiver=19 policy=all-cavs sources=[19, 9, 10, 13] clusters=20 ra=selective_pacp_lidar comm_bytes=51632 selected_grids={9: 13, 10: 13, 13: 13}
fusion_method=early pred_boxes=24 gt_boxes=56
pred_scores_shape=(24,)
frame=25/41 receiver_sample=20/20 scenario=2026_07_29_02_32_08 timestamp=000108 cavs=[20, 5, 7, 16]
sgcp_constrained receiver=20 policy=all-cavs sources=[20, 5, 7, 16] clusters=20 ra=selective_pacp_lidar comm_bytes=57104 selected_grids={5: 13, 7: 13, 16: 13}
fusion_method=early pred_boxes=26 gt_boxes=58
pred_scores_shape=(26,)
frame=26/41 receiver_sample=1/20 scenario=2026_07_29_02_32_08 timestamp=000110 cavs=[1, 2, 4, 11]
sgcp_constrained receiver=1 policy=all-cavs sources=[1, 2, 4, 11] clusters=20 ra=selective_pacp_lidar comm_bytes=72800 selected_grids={2: 13, 4: 13, 11: 13}
fusion_method=early pred_boxes=33 gt_boxes=70
pred_scores_shape=(33,)
frame=26/41 receiver_sample=2/20 scenario=2026_07_29_02_32_08 timestamp=000110 cavs=[2, 1, 11, 15]
sgcp_constrained receiver=2 policy=all-cavs sources=[2, 1, 11, 15] clusters=20 ra=selective_pacp_lidar comm_bytes=49616 selected_grids={1: 13, 11: 13, 15: 13}
fusion_method=early pred_boxes=23 gt_boxes=71
pred_scores_shape=(23,)
frame=26/41 receiver_sample=3/20 scenario=2026_07_29_02_32_08 timestamp=000110 cavs=[3, 16, 17, 18]
sgcp_constrained receiver=3 policy=all-cavs sources=[3, 16, 17, 18] clusters=20 ra=selective_pacp_lidar comm_bytes=73472 selected_grids={16: 12, 17: 13, 18: 13}
fusion_method=early pred_boxes=24 gt_boxes=60
pred_scores_shape=(24,)
frame=26/41 receiver_sample=4/20 scenario=2026_07_29_02_32_08 timestamp=000110 cavs=[4, 1, 7, 12]
sgcp_constrained receiver=4 policy=all-cavs sources=[4, 1, 7, 12] clusters=20 ra=selective_pacp_lidar comm_bytes=80560 selected_grids={1: 12, 7: 13, 12: 13}
fusion_method=early pred_boxes=25 gt_boxes=65
pred_scores_shape=(25,)
frame=26/41 receiver_sample=5/20 scenario=2026_07_29_02_32_08 timestamp=000110 cavs=[5, 7, 16, 20]
sgcp_constrained receiver=5 policy=all-cavs sources=[5, 7, 16, 20] clusters=20 ra=selective_pacp_lidar comm_bytes=59296 selected_grids={7: 12, 16: 12, 20: 12}
fusion_method=early pred_boxes=22 gt_boxes=50
pred_scores_shape=(22,)
frame=26/41 receiver_sample=6/20 scenario=2026_07_29_02_32_08 timestamp=000110 cavs=[6, 15]
sgcp_constrained receiver=6 policy=all-cavs sources=[6, 15] clusters=20 ra=selective_pacp_lidar comm_bytes=23008 selected_grids={15: 14}
fusion_method=early pred_boxes=18 gt_boxes=52
pred_scores_shape=(18,)
frame=26/41 receiver_sample=7/20 scenario=2026_07_29_02_32_08 timestamp=000110 cavs=[7, 4, 5, 20]
sgcp_constrained receiver=7 policy=all-cavs sources=[7, 4, 5, 20] clusters=20 ra=selective_pacp_lidar comm_bytes=55904 selected_grids={4: 13, 5: 13, 20: 12}Format = auto
Extension = pcd
Format = auto
Extension = pcd
Format = auto
Extension = pcd
Format = auto
Extension = pcd
Format = auto
Extension = pcd
Format = auto
Extension = pcd
Format = auto
Extension = pcd
Format = auto
Extension = pcd
Format = auto
Extension = pcd
Format = auto
Extension = pcd
Format = auto
Extension = pcd
Format = auto
Extension = pcd
Format = auto
Extension = pcd
Format = auto
Extension = pcd
Format = auto
Extension = pcd
Format = auto
Extension = pcd
Format = auto
Extension = pcd
Format = auto
Extension = pcd
Format = auto
Extension = pcd
Format = auto
Extension = pcd

fusion_method=early pred_boxes=25 gt_boxes=47
pred_scores_shape=(25,)
frame=26/41 receiver_sample=8/20 scenario=2026_07_29_02_32_08 timestamp=000110 cavs=[8, 1, 10, 12]
sgcp_constrained receiver=8 policy=all-cavs sources=[8, 1, 10, 12] clusters=20 ra=selective_pacp_lidar comm_bytes=91808 selected_grids={1: 13, 10: 13, 12: 13}
fusion_method=early pred_boxes=29 gt_boxes=47
pred_scores_shape=(29,)
frame=26/41 receiver_sample=9/20 scenario=2026_07_29_02_32_08 timestamp=000110 cavs=[9, 10, 13, 19]
sgcp_constrained receiver=9 policy=all-cavs sources=[9, 10, 13, 19] clusters=20 ra=selective_pacp_lidar comm_bytes=44608 selected_grids={10: 12, 13: 13, 19: 13}
fusion_method=early pred_boxes=23 gt_boxes=53
pred_scores_shape=(23,)
frame=26/41 receiver_sample=10/20 scenario=2026_07_29_02_32_08 timestamp=000110 cavs=[10, 8, 9, 19]
sgcp_constrained receiver=10 policy=all-cavs sources=[10, 8, 9, 19] clusters=20 ra=selective_pacp_lidar comm_bytes=43328 selected_grids={8: 13, 9: 13, 19: 13}
fusion_method=early pred_boxes=29 gt_boxes=67
pred_scores_shape=(29,)
frame=26/41 receiver_sample=11/20 scenario=2026_07_29_02_32_08 timestamp=000110 cavs=[11, 1, 2, 9]
sgcp_constrained receiver=11 policy=all-cavs sources=[11, 1, 2, 9] clusters=20 ra=selective_pacp_lidar comm_bytes=60048 selected_grids={1: 12, 2: 13, 9: 13}
fusion_method=early pred_boxes=28 gt_boxes=66
pred_scores_shape=(28,)
frame=26/41 receiver_sample=12/20 scenario=2026_07_29_02_32_08 timestamp=000110 cavs=[12, 4, 7, 8]
sgcp_constrained receiver=12 policy=all-cavs sources=[12, 4, 7, 8] clusters=20 ra=selective_pacp_lidar comm_bytes=64896 selected_grids={4: 12, 7: 13, 8: 12}
fusion_method=early pred_boxes=31 gt_boxes=53
pred_scores_shape=(31,)
frame=26/41 receiver_sample=13/20 scenario=2026_07_29_02_32_08 timestamp=000110 cavs=[13, 9, 10, 19]
sgcp_constrained receiver=13 policy=all-cavs sources=[13, 9, 10, 19] clusters=20 ra=selective_pacp_lidar comm_bytes=43584 selected_grids={9: 13, 10: 12, 19: 13}
fusion_method=early pred_boxes=22 gt_boxes=52
pred_scores_shape=(22,)
frame=26/41 receiver_sample=14/20 scenario=2026_07_29_02_32_08 timestamp=000110 cavs=[14]
sgcp_constrained receiver=14 policy=all-cavs sources=[14] clusters=20 ra=selective_pacp_lidar comm_bytes=0 selected_grids={}
fusion_method=early pred_boxes=4 gt_boxes=8
pred_scores_shape=(4,)
frame=26/41 receiver_sample=15/20 scenario=2026_07_29_02_32_08 timestamp=000110 cavs=[15, 2, 6]
sgcp_constrained receiver=15 policy=all-cavs sources=[15, 2, 6] clusters=20 ra=selective_pacp_lidar comm_bytes=62192 selected_grids={2: 13, 6: 13}
fusion_method=early pred_boxes=22 gt_boxes=61
pred_scores_shape=(22,)
frame=26/41 receiver_sample=16/20 scenario=2026_07_29_02_32_08 timestamp=000110 cavs=[16, 5, 17, 20]
sgcp_constrained receiver=16 policy=all-cavs sources=[16, 5, 17, 20] clusters=20 ra=selective_pacp_lidar comm_bytes=50048 selected_grids={5: 13, 17: 13, 20: 13}
fusion_method=early pred_boxes=30 gt_boxes=66
pred_scores_shape=(30,)
frame=26/41 receiver_sample=17/20 scenario=2026_07_29_02_32_08 timestamp=000110 cavs=[17, 3, 16, 20]
sgcp_constrained receiver=17 policy=all-cavs sources=[17, 3, 16, 20] clusters=20 ra=selective_pacp_lidar comm_bytes=59712 selected_grids={3: 13, 16: 12, 20: 12}
fusion_method=early pred_boxes=26 gt_boxes=65
pred_scores_shape=(26,)
frame=26/41 receiver_sample=18/20 scenario=2026_07_29_02_32_08 timestamp=000110 cavs=[18, 3]
sgcp_constrained receiver=18 policy=all-cavs sources=[18, 3] clusters=20 ra=selective_pacp_lidar comm_bytes=34912 selected_grids={3: 14}
fusion_method=early pred_boxes=14 gt_boxes=34
pred_scores_shape=(14,)
frame=26/41 receiver_sample=19/20 scenario=2026_07_29_02_32_08 timestamp=000110 cavs=[19, 9, 10, 13]
sgcp_constrained receiver=19 policy=all-cavs sources=[19, 9, 10, 13] clusters=20 ra=selective_pacp_lidar comm_bytes=52144 selected_grids={9: 13, 10: 12, 13: 13}
fusion_method=early pred_boxes=22 gt_boxes=56
pred_scores_shape=(22,)
frame=26/41 receiver_sample=20/20 scenario=2026_07_29_02_32_08 timestamp=000110 cavs=[20, 5, 7, 16]
sgcp_constrained receiver=20 policy=all-cavs sources=[20, 5, 7, 16] clusters=20 ra=selective_pacp_lidar comm_bytes=56864 selected_grids={5: 13, 7: 13, 16: 12}
fusion_method=early pred_boxes=26 gt_boxes=58
pred_scores_shape=(26,)
frame=27/41 receiver_sample=1/20 scenario=2026_07_29_02_32_08 timestamp=000112 cavs=[1, 2, 4, 11]
sgcp_constrained receiver=1 policy=all-cavs sources=[1, 2, 4, 11] clusters=20 ra=selective_pacp_lidar comm_bytes=72560 selected_grids={2: 13, 4: 13, 11: 13}
fusion_method=early pred_boxes=33 gt_boxes=70
pred_scores_shape=(33,)
frame=27/41 receiver_sample=2/20 scenario=2026_07_29_02_32_08 timestamp=000112 cavs=[2, 1, 11, 15]
sgcp_constrained receiver=2 policy=all-cavs sources=[2, 1, 11, 15] clusters=20 ra=selective_pacp_lidar comm_bytes=49392 selected_grids={1: 13, 11: 13, 15: 13}
fusion_method=early pred_boxes=23 gt_boxes=71
pred_scores_shape=(23,)
frame=27/41 receiver_sample=3/20 scenario=2026_07_29_02_32_08 timestamp=000112 cavs=[3, 16, 17, 18]
sgcp_constrained receiver=3 policy=all-cavs sources=[3, 16, 17, 18] clusters=20 ra=selective_pacp_lidar comm_bytes=71424 selected_grids={16: 12, 17: 13, 18: 13}
fusion_method=early pred_boxes=21 gt_boxes=60
pred_scores_shape=(21,)
frame=27/41 receiver_sample=4/20 scenario=2026_07_29_02_32_08 timestamp=000112 cavs=[4, 1, 7, 12]
sgcp_constrained receiver=4 policy=all-cavs sources=[4, 1, 7, 12] clusters=20 ra=selective_pacp_lidar comm_bytes=80064 selected_grids={1: 12, 7: 13, 12: 13}
fusion_method=early pred_boxes=26 gt_boxes=65
pred_scores_shape=(26,)
frame=27/41 receiver_sample=5/20 scenario=2026_07_29_02_32_08 timestamp=000112 cavs=[5, 7, 16, 20]
sgcp_constrained receiver=5 policy=all-cavs sources=[5, 7, 16, 20] clusters=20 ra=selective_pacp_lidar comm_bytes=61024 selected_grids={7: 13, 16: 12, 20: 11}
fusion_method=early pred_boxes=28 gt_boxes=51
pred_scores_shape=(28,)
frame=27/41 receiver_sample=6/20 scenario=2026_07_29_02_32_08 timestamp=000112 cavs=[6, 15]
sgcp_constrained receiver=6 policy=all-cavs sources=[6, 15] clusters=20 ra=selective_pacp_lidar comm_bytes=23328 selected_grids={15: 14}
fusion_method=early pred_boxes=18 gt_boxes=52
pred_scores_shape=(18,)
frame=27/41 receiver_sample=7/20 scenario=2026_07_29_02_32_08 timestamp=000112 cavs=[7, 4, 5, 20]
sgcp_constrained receiver=7 policy=all-cavs sources=[7, 4, 5, 20] clusters=20 ra=selective_pacp_lidar comm_bytes=56288 selected_grids={4: 13, 5: 13, 20: 13}
fusion_method=early pred_boxes=24 gt_boxes=47
pred_scores_shape=(24,)
frame=27/41 receiver_sample=8/20 scenario=2026_07_29_02_32_08 timestamp=000112 cavs=[8, 1, 10, 12]
sgcp_constrained receiver=8 policy=all-cavs sources=[8, 1, 10, 12] clusters=20 ra=selective_pacp_lidar comm_bytes=93088 selected_grids={1: 13, 10: 13, 12: 13}
fusion_method=early pred_boxes=30 gt_boxes=47
pred_scores_shape=(30,)
frame=27/41 receiver_sample=9/20 scenario=2026_07_29_02_32_08 timestamp=000112 cavs=[9, 10, 13, 19]
sgcp_constrained receiver=9 policy=all-cavs sources=[9, 10, 13, 19] clusters=20 ra=selective_pacp_lidar comm_bytes=44320 selected_grids={10: 12, 13: 13, 19: 13}
fusion_method=early pred_boxes=22 gt_boxes=53
pred_scores_shape=(22,)
frame=27/41 receiver_sample=10/20 scenario=2026_07_29_02_32_08 timestamp=000112 cavs=[10, 8, 9, 19]
sgcp_constrained receiver=10 policy=all-cavs sources=[10, 8, 9, 19] clusters=20 ra=selective_pacp_lidar comm_bytes=43408 selected_grids={8: 13, 9: 13, 19: 13}
fusion_method=early pred_boxes=28 gt_boxes=67
pred_scores_shape=(28,)
frame=27/41 receiver_sample=11/20 scenario=2026_07_29_02_32_08 timestamp=000112 cavs=[11, 1, 2, 9]
sgcp_constrained receiver=11 policy=all-cavs sources=[11, 1, 2, 9] clusters=20 ra=selective_pacp_lidar comm_bytes=60384 selected_grids={1: 12, 2: 13, 9: 13}
fusion_method=early pred_boxes=26 gt_boxes=66
pred_scores_shape=(26,)
frame=27/41 receiver_sample=12/20 scenario=2026_07_29_02_32_08 timestamp=000112 cavs=[12, 4, 7, 8]
sgcp_constrained receiver=12 policy=all-cavs sources=[12, 4, 7, 8] clusters=20 ra=selective_pacp_lidar comm_bytes=65152 selected_grids={4: 13, 7: 13, 8: 12}Format = auto
Extension = pcd
Format = auto
Extension = pcd
Format = auto
Extension = pcd
Format = auto
Extension = pcd
Format = auto
Extension = pcd
Format = auto
Extension = pcd
Format = auto
Extension = pcd
Format = auto
Extension = pcd
Format = auto
Extension = pcd
Format = auto
Extension = pcd
Format = auto
Extension = pcd
Format = auto
Extension = pcd
Format = auto
Extension = pcd
Format = auto
Extension = pcd
Format = auto
Extension = pcd
Format = auto
Extension = pcd
Format = auto
Extension = pcd
Format = auto
Extension = pcd
Format = auto
Extension = pcd
Format = auto
Extension = pcd

fusion_method=early pred_boxes=29 gt_boxes=54
pred_scores_shape=(29,)
frame=27/41 receiver_sample=13/20 scenario=2026_07_29_02_32_08 timestamp=000112 cavs=[13, 9, 10, 19]
sgcp_constrained receiver=13 policy=all-cavs sources=[13, 9, 10, 19] clusters=20 ra=selective_pacp_lidar comm_bytes=44576 selected_grids={9: 13, 10: 12, 19: 13}
fusion_method=early pred_boxes=24 gt_boxes=52
pred_scores_shape=(24,)
frame=27/41 receiver_sample=14/20 scenario=2026_07_29_02_32_08 timestamp=000112 cavs=[14]
sgcp_constrained receiver=14 policy=all-cavs sources=[14] clusters=20 ra=selective_pacp_lidar comm_bytes=0 selected_grids={}
fusion_method=early pred_boxes=4 gt_boxes=8
pred_scores_shape=(4,)
frame=27/41 receiver_sample=15/20 scenario=2026_07_29_02_32_08 timestamp=000112 cavs=[15, 2, 6]
sgcp_constrained receiver=15 policy=all-cavs sources=[15, 2, 6] clusters=20 ra=selective_pacp_lidar comm_bytes=61808 selected_grids={2: 13, 6: 13}
fusion_method=early pred_boxes=23 gt_boxes=61
pred_scores_shape=(23,)
frame=27/41 receiver_sample=16/20 scenario=2026_07_29_02_32_08 timestamp=000112 cavs=[16, 5, 17, 20]
sgcp_constrained receiver=16 policy=all-cavs sources=[16, 5, 17, 20] clusters=20 ra=selective_pacp_lidar comm_bytes=50896 selected_grids={5: 13, 17: 13, 20: 12}
fusion_method=early pred_boxes=33 gt_boxes=67
pred_scores_shape=(33,)
frame=27/41 receiver_sample=17/20 scenario=2026_07_29_02_32_08 timestamp=000112 cavs=[17, 3, 16, 20]
sgcp_constrained receiver=17 policy=all-cavs sources=[17, 3, 16, 20] clusters=20 ra=selective_pacp_lidar comm_bytes=61760 selected_grids={3: 13, 16: 13, 20: 12}
fusion_method=early pred_boxes=25 gt_boxes=65
pred_scores_shape=(25,)
frame=27/41 receiver_sample=18/20 scenario=2026_07_29_02_32_08 timestamp=000112 cavs=[18, 3]
sgcp_constrained receiver=18 policy=all-cavs sources=[18, 3] clusters=20 ra=selective_pacp_lidar comm_bytes=33488 selected_grids={3: 13}
fusion_method=early pred_boxes=12 gt_boxes=34
pred_scores_shape=(12,)
frame=27/41 receiver_sample=19/20 scenario=2026_07_29_02_32_08 timestamp=000112 cavs=[19, 9, 10, 13]
sgcp_constrained receiver=19 policy=all-cavs sources=[19, 9, 10, 13] clusters=20 ra=selective_pacp_lidar comm_bytes=49440 selected_grids={9: 13, 10: 12, 13: 13}
fusion_method=early pred_boxes=26 gt_boxes=55
pred_scores_shape=(26,)
frame=27/41 receiver_sample=20/20 scenario=2026_07_29_02_32_08 timestamp=000112 cavs=[20, 5, 7, 16]
sgcp_constrained receiver=20 policy=all-cavs sources=[20, 5, 7, 16] clusters=20 ra=selective_pacp_lidar comm_bytes=56400 selected_grids={5: 13, 7: 13, 16: 12}
fusion_method=early pred_boxes=26 gt_boxes=59
pred_scores_shape=(26,)
frame=28/41 receiver_sample=1/20 scenario=2026_07_29_02_32_08 timestamp=000114 cavs=[1, 2, 8, 11]
sgcp_constrained receiver=1 policy=all-cavs sources=[1, 2, 8, 11] clusters=20 ra=selective_pacp_lidar comm_bytes=52560 selected_grids={2: 13, 8: 13, 11: 13}
fusion_method=early pred_boxes=28 gt_boxes=69
pred_scores_shape=(28,)
frame=28/41 receiver_sample=2/20 scenario=2026_07_29_02_32_08 timestamp=000114 cavs=[2, 1, 11, 15]
sgcp_constrained receiver=2 policy=all-cavs sources=[2, 1, 11, 15] clusters=20 ra=selective_pacp_lidar comm_bytes=50752 selected_grids={1: 12, 11: 13, 15: 13}
fusion_method=early pred_boxes=22 gt_boxes=70
pred_scores_shape=(22,)
frame=28/41 receiver_sample=3/20 scenario=2026_07_29_02_32_08 timestamp=000114 cavs=[3, 16, 17, 18]
sgcp_constrained receiver=3 policy=all-cavs sources=[3, 16, 17, 18] clusters=20 ra=selective_pacp_lidar comm_bytes=67872 selected_grids={16: 12, 17: 13, 18: 13}
fusion_method=early pred_boxes=22 gt_boxes=60
pred_scores_shape=(22,)
frame=28/41 receiver_sample=4/20 scenario=2026_07_29_02_32_08 timestamp=000114 cavs=[4, 1, 7, 12]
sgcp_constrained receiver=4 policy=all-cavs sources=[4, 1, 7, 12] clusters=20 ra=selective_pacp_lidar comm_bytes=80064 selected_grids={1: 12, 7: 13, 12: 13}
fusion_method=early pred_boxes=25 gt_boxes=65
pred_scores_shape=(25,)
frame=28/41 receiver_sample=5/20 scenario=2026_07_29_02_32_08 timestamp=000114 cavs=[5, 7, 16, 20]
sgcp_constrained receiver=5 policy=all-cavs sources=[5, 7, 16, 20] clusters=20 ra=selective_pacp_lidar comm_bytes=60896 selected_grids={7: 13, 16: 12, 20: 12}
fusion_method=early pred_boxes=23 gt_boxes=52
pred_scores_shape=(23,)
frame=28/41 receiver_sample=6/20 scenario=2026_07_29_02_32_08 timestamp=000114 cavs=[6, 15]
sgcp_constrained receiver=6 policy=all-cavs sources=[6, 15] clusters=20 ra=selective_pacp_lidar comm_bytes=24304 selected_grids={15: 14}
fusion_method=early pred_boxes=17 gt_boxes=52
pred_scores_shape=(17,)
frame=28/41 receiver_sample=7/20 scenario=2026_07_29_02_32_08 timestamp=000114 cavs=[7, 4, 5, 20]
sgcp_constrained receiver=7 policy=all-cavs sources=[7, 4, 5, 20] clusters=20 ra=selective_pacp_lidar comm_bytes=56304 selected_grids={4: 13, 5: 13, 20: 12}
fusion_method=early pred_boxes=24 gt_boxes=47
pred_scores_shape=(24,)
frame=28/41 receiver_sample=8/20 scenario=2026_07_29_02_32_08 timestamp=000114 cavs=[8, 1, 10, 12]
sgcp_constrained receiver=8 policy=all-cavs sources=[8, 1, 10, 12] clusters=20 ra=selective_pacp_lidar comm_bytes=93248 selected_grids={1: 13, 10: 13, 12: 13}
fusion_method=early pred_boxes=28 gt_boxes=47
pred_scores_shape=(28,)
frame=28/41 receiver_sample=9/20 scenario=2026_07_29_02_32_08 timestamp=000114 cavs=[9, 10, 13, 19]
sgcp_constrained receiver=9 policy=all-cavs sources=[9, 10, 13, 19] clusters=20 ra=selective_pacp_lidar comm_bytes=44944 selected_grids={10: 13, 13: 12, 19: 13}
fusion_method=early pred_boxes=24 gt_boxes=53
pred_scores_shape=(24,)
frame=28/41 receiver_sample=10/20 scenario=2026_07_29_02_32_08 timestamp=000114 cavs=[10, 8, 9, 19]
sgcp_constrained receiver=10 policy=all-cavs sources=[10, 8, 9, 19] clusters=20 ra=selective_pacp_lidar comm_bytes=43200 selected_grids={8: 13, 9: 13, 19: 13}
fusion_method=early pred_boxes=28 gt_boxes=68
pred_scores_shape=(28,)
frame=28/41 receiver_sample=11/20 scenario=2026_07_29_02_32_08 timestamp=000114 cavs=[11, 1, 2, 9]
sgcp_constrained receiver=11 policy=all-cavs sources=[11, 1, 2, 9] clusters=20 ra=selective_pacp_lidar comm_bytes=59888 selected_grids={1: 13, 2: 13, 9: 12}
fusion_method=early pred_boxes=29 gt_boxes=66
pred_scores_shape=(29,)
frame=28/41 receiver_sample=12/20 scenario=2026_07_29_02_32_08 timestamp=000114 cavs=[12, 4, 7, 8]
sgcp_constrained receiver=12 policy=all-cavs sources=[12, 4, 7, 8] clusters=20 ra=selective_pacp_lidar comm_bytes=64896 selected_grids={4: 13, 7: 13, 8: 12}
fusion_method=early pred_boxes=33 gt_boxes=54
pred_scores_shape=(33,)
frame=28/41 receiver_sample=13/20 scenario=2026_07_29_02_32_08 timestamp=000114 cavs=[13, 9, 10, 19]
sgcp_constrained receiver=13 policy=all-cavs sources=[13, 9, 10, 19] clusters=20 ra=selective_pacp_lidar comm_bytes=44656 selected_grids={9: 13, 10: 12, 19: 13}
fusion_method=early pred_boxes=23 gt_boxes=53
pred_scores_shape=(23,)
frame=28/41 receiver_sample=14/20 scenario=2026_07_29_02_32_08 timestamp=000114 cavs=[14]
sgcp_constrained receiver=14 policy=all-cavs sources=[14] clusters=20 ra=selective_pacp_lidar comm_bytes=0 selected_grids={}
fusion_method=early pred_boxes=4 gt_boxes=8
pred_scores_shape=(4,)
frame=28/41 receiver_sample=15/20 scenario=2026_07_29_02_32_08 timestamp=000114 cavs=[15, 1, 2, 6]
sgcp_constrained receiver=15 policy=all-cavs sources=[15, 1, 2, 6] clusters=20 ra=selective_pacp_lidar comm_bytes=79248 selected_grids={1: 12, 2: 13, 6: 13}
fusion_method=early pred_boxes=28 gt_boxes=61
pred_scores_shape=(28,)
frame=28/41 receiver_sample=16/20 scenario=2026_07_29_02_32_08 timestamp=000114 cavs=[16, 5, 17, 20]
sgcp_constrained receiver=16 policy=all-cavs sources=[16, 5, 17, 20] clusters=20 ra=selective_pacp_lidar comm_bytes=50768 selected_grids={5: 13, 17: 13, 20: 13}
fusion_method=early pred_boxes=31 gt_boxes=67
pred_scores_shape=(31,)
frame=28/41 receiver_sample=17/20 scenario=2026_07_29_02_32_08 timestamp=000114 cavs=[17, 3, 16, 20]
sgcp_constrained receiver=17 policy=all-cavs sources=[17, 3, 16, 20] clusters=20 ra=selective_pacp_lidar comm_bytes=60448 selected_grids={3: 13, 16: 12, 20: 12}
fusion_method=early pred_boxes=25 gt_boxes=64Format = auto
Extension = pcd
Format = auto
Extension = pcd
Format = auto
Extension = pcd
Format = auto
Extension = pcd
Format = auto
Extension = pcd
Format = auto
Extension = pcd
Format = auto
Extension = pcd
Format = auto
Extension = pcd
Format = auto
Extension = pcd
Format = auto
Extension = pcd
Format = auto
Extension = pcd
Format = auto
Extension = pcd
Format = auto
Extension = pcd
Format = auto
Extension = pcd
Format = auto
Extension = pcd
Format = auto
Extension = pcd
Format = auto
Extension = pcd
Format = auto
Extension = pcd
Format = auto
Extension = pcd
Format = auto
Extension = pcd
Format = auto
Extension = pcd
Format = auto
Extension = pcd
Format = auto
Extension = pcd
Format = auto
Extension = pcd
Format = auto
Extension = pcd
Format = auto
Extension = pcd
Format = auto
Extension = pcd
Format = auto
Extension = pcd
Format = auto
Extension = pcd
Format = auto
Extension = pcd
Format = auto
Extension = pcd
Format = auto
Extension = pcd
Format = auto
Extension = pcd
Format = auto
Extension = pcd
Format = auto
Extension = pcd
Format = auto
Extension = pcd
Format = auto
Extension = pcd
Format = auto
Extension = pcd
Format = auto
Extension = pcd
Format = auto
Extension = pcd

pred_scores_shape=(25,)
frame=28/41 receiver_sample=18/20 scenario=2026_07_29_02_32_08 timestamp=000114 cavs=[18, 3]
sgcp_constrained receiver=18 policy=all-cavs sources=[18, 3] clusters=20 ra=selective_pacp_lidar comm_bytes=34640 selected_grids={3: 13}
fusion_method=early pred_boxes=14 gt_boxes=33
pred_scores_shape=(14,)
frame=28/41 receiver_sample=19/20 scenario=2026_07_29_02_32_08 timestamp=000114 cavs=[19, 9, 10, 13]
sgcp_constrained receiver=19 policy=all-cavs sources=[19, 9, 10, 13] clusters=20 ra=selective_pacp_lidar comm_bytes=50784 selected_grids={9: 13, 10: 13, 13: 13}
fusion_method=early pred_boxes=25 gt_boxes=55
pred_scores_shape=(25,)
frame=28/41 receiver_sample=20/20 scenario=2026_07_29_02_32_08 timestamp=000114 cavs=[20, 5, 9, 16]
sgcp_constrained receiver=20 policy=all-cavs sources=[20, 5, 9, 16] clusters=20 ra=selective_pacp_lidar comm_bytes=59312 selected_grids={5: 13, 9: 13, 16: 12}
fusion_method=early pred_boxes=29 gt_boxes=59
pred_scores_shape=(29,)
frame=29/41 receiver_sample=1/20 scenario=2026_07_29_02_32_08 timestamp=000116 cavs=[1, 2, 8, 11]
sgcp_constrained receiver=1 policy=all-cavs sources=[1, 2, 8, 11] clusters=20 ra=selective_pacp_lidar comm_bytes=52400 selected_grids={2: 13, 8: 13, 11: 13}
fusion_method=early pred_boxes=26 gt_boxes=69
pred_scores_shape=(26,)
frame=29/41 receiver_sample=2/20 scenario=2026_07_29_02_32_08 timestamp=000116 cavs=[2, 1, 11, 15]
sgcp_constrained receiver=2 policy=all-cavs sources=[2, 1, 11, 15] clusters=20 ra=selective_pacp_lidar comm_bytes=49264 selected_grids={1: 12, 11: 13, 15: 13}
fusion_method=early pred_boxes=19 gt_boxes=70
pred_scores_shape=(19,)
frame=29/41 receiver_sample=3/20 scenario=2026_07_29_02_32_08 timestamp=000116 cavs=[3, 16, 17, 18]
sgcp_constrained receiver=3 policy=all-cavs sources=[3, 16, 17, 18] clusters=20 ra=selective_pacp_lidar comm_bytes=69152 selected_grids={16: 13, 17: 13, 18: 13}
fusion_method=early pred_boxes=20 gt_boxes=59
pred_scores_shape=(20,)
frame=29/41 receiver_sample=4/20 scenario=2026_07_29_02_32_08 timestamp=000116 cavs=[4, 1, 7, 12]
sgcp_constrained receiver=4 policy=all-cavs sources=[4, 1, 7, 12] clusters=20 ra=selective_pacp_lidar comm_bytes=80016 selected_grids={1: 12, 7: 13, 12: 13}
fusion_method=early pred_boxes=26 gt_boxes=65
pred_scores_shape=(26,)
frame=29/41 receiver_sample=5/20 scenario=2026_07_29_02_32_08 timestamp=000116 cavs=[5, 7, 16, 20]
sgcp_constrained receiver=5 policy=all-cavs sources=[5, 7, 16, 20] clusters=20 ra=selective_pacp_lidar comm_bytes=64144 selected_grids={7: 13, 16: 12, 20: 12}
fusion_method=early pred_boxes=25 gt_boxes=52
pred_scores_shape=(25,)
frame=29/41 receiver_sample=6/20 scenario=2026_07_29_02_32_08 timestamp=000116 cavs=[6, 15]
sgcp_constrained receiver=6 policy=all-cavs sources=[6, 15] clusters=20 ra=selective_pacp_lidar comm_bytes=25376 selected_grids={15: 13}
fusion_method=early pred_boxes=17 gt_boxes=52
pred_scores_shape=(17,)
frame=29/41 receiver_sample=7/20 scenario=2026_07_29_02_32_08 timestamp=000116 cavs=[7, 4, 5, 20]
sgcp_constrained receiver=7 policy=all-cavs sources=[7, 4, 5, 20] clusters=20 ra=selective_pacp_lidar comm_bytes=56768 selected_grids={4: 13, 5: 13, 20: 12}
fusion_method=early pred_boxes=24 gt_boxes=47
pred_scores_shape=(24,)
frame=29/41 receiver_sample=8/20 scenario=2026_07_29_02_32_08 timestamp=000116 cavs=[8, 1, 10, 12]
sgcp_constrained receiver=8 policy=all-cavs sources=[8, 1, 10, 12] clusters=20 ra=selective_pacp_lidar comm_bytes=92464 selected_grids={1: 13, 10: 13, 12: 13}
fusion_method=early pred_boxes=30 gt_boxes=47
pred_scores_shape=(30,)
frame=29/41 receiver_sample=9/20 scenario=2026_07_29_02_32_08 timestamp=000116 cavs=[9, 10, 13, 19]
sgcp_constrained receiver=9 policy=all-cavs sources=[9, 10, 13, 19] clusters=20 ra=selective_pacp_lidar comm_bytes=41232 selected_grids={10: 13, 13: 13, 19: 13}
fusion_method=early pred_boxes=19 gt_boxes=54
pred_scores_shape=(19,)
frame=29/41 receiver_sample=10/20 scenario=2026_07_29_02_32_08 timestamp=000116 cavs=[10, 8, 9, 19]
sgcp_constrained receiver=10 policy=all-cavs sources=[10, 8, 9, 19] clusters=20 ra=selective_pacp_lidar comm_bytes=43440 selected_grids={8: 13, 9: 13, 19: 13}
fusion_method=early pred_boxes=27 gt_boxes=67
pred_scores_shape=(27,)
frame=29/41 receiver_sample=11/20 scenario=2026_07_29_02_32_08 timestamp=000116 cavs=[11, 1, 2, 9]
sgcp_constrained receiver=11 policy=all-cavs sources=[11, 1, 2, 9] clusters=20 ra=selective_pacp_lidar comm_bytes=63120 selected_grids={1: 13, 2: 13, 9: 13}
fusion_method=early pred_boxes=26 gt_boxes=66
pred_scores_shape=(26,)
frame=29/41 receiver_sample=12/20 scenario=2026_07_29_02_32_08 timestamp=000116 cavs=[12, 4, 7, 8]
sgcp_constrained receiver=12 policy=all-cavs sources=[12, 4, 7, 8] clusters=20 ra=selective_pacp_lidar comm_bytes=65472 selected_grids={4: 13, 7: 13, 8: 12}
fusion_method=early pred_boxes=31 gt_boxes=52
pred_scores_shape=(31,)
frame=29/41 receiver_sample=13/20 scenario=2026_07_29_02_32_08 timestamp=000116 cavs=[13, 9, 10, 19]
sgcp_constrained receiver=13 policy=all-cavs sources=[13, 9, 10, 19] clusters=20 ra=selective_pacp_lidar comm_bytes=45312 selected_grids={9: 13, 10: 12, 19: 13}
fusion_method=early pred_boxes=22 gt_boxes=53
pred_scores_shape=(22,)
frame=29/41 receiver_sample=14/20 scenario=2026_07_29_02_32_08 timestamp=000116 cavs=[14]
sgcp_constrained receiver=14 policy=all-cavs sources=[14] clusters=20 ra=selective_pacp_lidar comm_bytes=0 selected_grids={}
fusion_method=early pred_boxes=4 gt_boxes=8
pred_scores_shape=(4,)
frame=29/41 receiver_sample=15/20 scenario=2026_07_29_02_32_08 timestamp=000116 cavs=[15, 1, 2, 6]
sgcp_constrained receiver=15 policy=all-cavs sources=[15, 1, 2, 6] clusters=20 ra=selective_pacp_lidar comm_bytes=77584 selected_grids={1: 12, 2: 13, 6: 13}
fusion_method=early pred_boxes=26 gt_boxes=61
pred_scores_shape=(26,)
frame=29/41 receiver_sample=16/20 scenario=2026_07_29_02_32_08 timestamp=000116 cavs=[16, 5, 17, 20]
sgcp_constrained receiver=16 policy=all-cavs sources=[16, 5, 17, 20] clusters=20 ra=selective_pacp_lidar comm_bytes=50768 selected_grids={5: 13, 17: 13, 20: 13}
fusion_method=early pred_boxes=29 gt_boxes=67
pred_scores_shape=(29,)
frame=29/41 receiver_sample=17/20 scenario=2026_07_29_02_32_08 timestamp=000116 cavs=[17, 3, 5, 16]
sgcp_constrained receiver=17 policy=all-cavs sources=[17, 3, 5, 16] clusters=20 ra=selective_pacp_lidar comm_bytes=58704 selected_grids={3: 13, 5: 13, 16: 12}
fusion_method=early pred_boxes=21 gt_boxes=64
pred_scores_shape=(21,)
frame=29/41 receiver_sample=18/20 scenario=2026_07_29_02_32_08 timestamp=000116 cavs=[18, 3]
sgcp_constrained receiver=18 policy=all-cavs sources=[18, 3] clusters=20 ra=selective_pacp_lidar comm_bytes=34576 selected_grids={3: 13}
fusion_method=early pred_boxes=14 gt_boxes=33
pred_scores_shape=(14,)
frame=29/41 receiver_sample=19/20 scenario=2026_07_29_02_32_08 timestamp=000116 cavs=[19, 9, 10, 13]
sgcp_constrained receiver=19 policy=all-cavs sources=[19, 9, 10, 13] clusters=20 ra=selective_pacp_lidar comm_bytes=51392 selected_grids={9: 13, 10: 13, 13: 13}
fusion_method=early pred_boxes=25 gt_boxes=54
pred_scores_shape=(25,)
frame=29/41 receiver_sample=20/20 scenario=2026_07_29_02_32_08 timestamp=000116 cavs=[20, 5, 7, 16]
sgcp_constrained receiver=20 policy=all-cavs sources=[20, 5, 7, 16] clusters=20 ra=selective_pacp_lidar comm_bytes=57616 selected_grids={5: 13, 7: 13, 16: 12}
fusion_method=early pred_boxes=25 gt_boxes=59
pred_scores_shape=(25,)
frame=30/41 receiver_sample=1/20 scenario=2026_07_29_02_32_08 timestamp=000118 cavs=[1, 2, 8, 11]
sgcp_constrained receiver=1 policy=all-cavs sources=[1, 2, 8, 11] clusters=20 ra=selective_pacp_lidar comm_bytes=52064 selected_grids={2: 13, 8: 13, 11: 13}
fusion_method=early pred_boxes=26 gt_boxes=69
pred_scores_shape=(26,)
frame=30/41 receiver_sample=2/20 scenario=2026_07_29_02_32_08 timestamp=000118 cavs=[2, 1, 11, 15]
sgcp_constrained receiver=2 policy=all-cavs sources=[2, 1, 11, 15] clusters=20 ra=selective_pacp_lidar comm_bytes=47648 selected_grids={1: 13, 11: 13, 15: 13}
fusion_method=early pred_boxes=24 gt_boxes=70
pred_scores_shape=(24,)Format = auto
Extension = pcd
Format = auto
Extension = pcd
Format = auto
Extension = pcd
Format = auto
Extension = pcd
Format = auto
Extension = pcd
Format = auto
Extension = pcd
Format = auto
Extension = pcd
Format = auto
Extension = pcd
Format = auto
Extension = pcd
Format = auto
Extension = pcd
Format = auto
Extension = pcd
Format = auto
Extension = pcd
Format = auto
Extension = pcd
Format = auto
Extension = pcd
Format = auto
Extension = pcd
Format = auto
Extension = pcd
Format = auto
Extension = pcd
Format = auto
Extension = pcd
Format = auto
Extension = pcd
Format = auto
Extension = pcd

frame=30/41 receiver_sample=3/20 scenario=2026_07_29_02_32_08 timestamp=000118 cavs=[3, 16, 17, 18]
sgcp_constrained receiver=3 policy=all-cavs sources=[3, 16, 17, 18] clusters=20 ra=selective_pacp_lidar comm_bytes=68624 selected_grids={16: 13, 17: 13, 18: 13}
fusion_method=early pred_boxes=19 gt_boxes=59
pred_scores_shape=(19,)
frame=30/41 receiver_sample=4/20 scenario=2026_07_29_02_32_08 timestamp=000118 cavs=[4, 1, 7, 12]
sgcp_constrained receiver=4 policy=all-cavs sources=[4, 1, 7, 12] clusters=20 ra=selective_pacp_lidar comm_bytes=79824 selected_grids={1: 12, 7: 13, 12: 13}
fusion_method=early pred_boxes=23 gt_boxes=65
pred_scores_shape=(23,)
frame=30/41 receiver_sample=5/20 scenario=2026_07_29_02_32_08 timestamp=000118 cavs=[5, 7, 16, 20]
sgcp_constrained receiver=5 policy=all-cavs sources=[5, 7, 16, 20] clusters=20 ra=selective_pacp_lidar comm_bytes=65120 selected_grids={7: 13, 16: 12, 20: 12}
fusion_method=early pred_boxes=25 gt_boxes=53
pred_scores_shape=(25,)
frame=30/41 receiver_sample=6/20 scenario=2026_07_29_02_32_08 timestamp=000118 cavs=[6, 15]
sgcp_constrained receiver=6 policy=all-cavs sources=[6, 15] clusters=20 ra=selective_pacp_lidar comm_bytes=24032 selected_grids={15: 13}
fusion_method=early pred_boxes=17 gt_boxes=53
pred_scores_shape=(17,)
frame=30/41 receiver_sample=7/20 scenario=2026_07_29_02_32_08 timestamp=000118 cavs=[7, 4, 5, 20]
sgcp_constrained receiver=7 policy=all-cavs sources=[7, 4, 5, 20] clusters=20 ra=selective_pacp_lidar comm_bytes=57136 selected_grids={4: 13, 5: 13, 20: 12}
fusion_method=early pred_boxes=27 gt_boxes=46
pred_scores_shape=(27,)
frame=30/41 receiver_sample=8/20 scenario=2026_07_29_02_32_08 timestamp=000118 cavs=[8, 1, 10, 12]
sgcp_constrained receiver=8 policy=all-cavs sources=[8, 1, 10, 12] clusters=20 ra=selective_pacp_lidar comm_bytes=92224 selected_grids={1: 13, 10: 13, 12: 13}
fusion_method=early pred_boxes=30 gt_boxes=47
pred_scores_shape=(30,)
frame=30/41 receiver_sample=9/20 scenario=2026_07_29_02_32_08 timestamp=000118 cavs=[9, 10, 13, 19]
sgcp_constrained receiver=9 policy=all-cavs sources=[9, 10, 13, 19] clusters=20 ra=selective_pacp_lidar comm_bytes=40976 selected_grids={10: 13, 13: 13, 19: 13}
fusion_method=early pred_boxes=20 gt_boxes=54
pred_scores_shape=(20,)
frame=30/41 receiver_sample=10/20 scenario=2026_07_29_02_32_08 timestamp=000118 cavs=[10, 8, 9, 19]
sgcp_constrained receiver=10 policy=all-cavs sources=[10, 8, 9, 19] clusters=20 ra=selective_pacp_lidar comm_bytes=43424 selected_grids={8: 13, 9: 13, 19: 13}
fusion_method=early pred_boxes=27 gt_boxes=67
pred_scores_shape=(27,)
frame=30/41 receiver_sample=11/20 scenario=2026_07_29_02_32_08 timestamp=000118 cavs=[11, 1, 2, 9]
sgcp_constrained receiver=11 policy=all-cavs sources=[11, 1, 2, 9] clusters=20 ra=selective_pacp_lidar comm_bytes=63248 selected_grids={1: 13, 2: 13, 9: 13}
fusion_method=early pred_boxes=27 gt_boxes=66
pred_scores_shape=(27,)
frame=30/41 receiver_sample=12/20 scenario=2026_07_29_02_32_08 timestamp=000118 cavs=[12, 4, 7, 8]
sgcp_constrained receiver=12 policy=all-cavs sources=[12, 4, 7, 8] clusters=20 ra=selective_pacp_lidar comm_bytes=64128 selected_grids={4: 13, 7: 13, 8: 12}
fusion_method=early pred_boxes=26 gt_boxes=52
pred_scores_shape=(26,)
frame=30/41 receiver_sample=13/20 scenario=2026_07_29_02_32_08 timestamp=000118 cavs=[13, 9, 10, 19]
sgcp_constrained receiver=13 policy=all-cavs sources=[13, 9, 10, 19] clusters=20 ra=selective_pacp_lidar comm_bytes=43600 selected_grids={9: 13, 10: 12, 19: 12}
fusion_method=early pred_boxes=21 gt_boxes=53
pred_scores_shape=(21,)
frame=30/41 receiver_sample=14/20 scenario=2026_07_29_02_32_08 timestamp=000118 cavs=[14]
sgcp_constrained receiver=14 policy=all-cavs sources=[14] clusters=20 ra=selective_pacp_lidar comm_bytes=0 selected_grids={}
fusion_method=early pred_boxes=6 gt_boxes=8
pred_scores_shape=(6,)
frame=30/41 receiver_sample=15/20 scenario=2026_07_29_02_32_08 timestamp=000118 cavs=[15, 1, 2, 6]
sgcp_constrained receiver=15 policy=all-cavs sources=[15, 1, 2, 6] clusters=20 ra=selective_pacp_lidar comm_bytes=77984 selected_grids={1: 13, 2: 13, 6: 13}
fusion_method=early pred_boxes=30 gt_boxes=62
pred_scores_shape=(30,)
frame=30/41 receiver_sample=16/20 scenario=2026_07_29_02_32_08 timestamp=000118 cavs=[16, 3, 5, 17]
sgcp_constrained receiver=16 policy=all-cavs sources=[16, 3, 5, 17] clusters=20 ra=selective_pacp_lidar comm_bytes=57392 selected_grids={3: 13, 5: 13, 17: 13}
fusion_method=early pred_boxes=25 gt_boxes=67
pred_scores_shape=(25,)
frame=30/41 receiver_sample=17/20 scenario=2026_07_29_02_32_08 timestamp=000118 cavs=[17, 3, 5, 16]
sgcp_constrained receiver=17 policy=all-cavs sources=[17, 3, 5, 16] clusters=20 ra=selective_pacp_lidar comm_bytes=57104 selected_grids={3: 13, 5: 13, 16: 12}
fusion_method=early pred_boxes=22 gt_boxes=65
pred_scores_shape=(22,)
frame=30/41 receiver_sample=18/20 scenario=2026_07_29_02_32_08 timestamp=000118 cavs=[18, 3]
sgcp_constrained receiver=18 policy=all-cavs sources=[18, 3] clusters=20 ra=selective_pacp_lidar comm_bytes=32560 selected_grids={3: 13}
fusion_method=early pred_boxes=12 gt_boxes=32
pred_scores_shape=(12,)
frame=30/41 receiver_sample=19/20 scenario=2026_07_29_02_32_08 timestamp=000118 cavs=[19, 9, 10, 13]
sgcp_constrained receiver=19 policy=all-cavs sources=[19, 9, 10, 13] clusters=20 ra=selective_pacp_lidar comm_bytes=51456 selected_grids={9: 13, 10: 13, 13: 13}
fusion_method=early pred_boxes=26 gt_boxes=54
pred_scores_shape=(26,)
frame=30/41 receiver_sample=20/20 scenario=2026_07_29_02_32_08 timestamp=000118 cavs=[20, 5, 7, 16]
sgcp_constrained receiver=20 policy=all-cavs sources=[20, 5, 7, 16] clusters=20 ra=selective_pacp_lidar comm_bytes=60256 selected_grids={5: 13, 7: 13, 16: 13}
fusion_method=early pred_boxes=29 gt_boxes=60
pred_scores_shape=(29,)
frame=31/41 receiver_sample=1/20 scenario=2026_07_29_02_32_08 timestamp=000120 cavs=[1, 2, 8, 11]
sgcp_constrained receiver=1 policy=all-cavs sources=[1, 2, 8, 11] clusters=20 ra=selective_pacp_lidar comm_bytes=52320 selected_grids={2: 13, 8: 13, 11: 13}
fusion_method=early pred_boxes=27 gt_boxes=69
pred_scores_shape=(27,)
frame=31/41 receiver_sample=2/20 scenario=2026_07_29_02_32_08 timestamp=000120 cavs=[2, 1, 11, 15]
sgcp_constrained receiver=2 policy=all-cavs sources=[2, 1, 11, 15] clusters=20 ra=selective_pacp_lidar comm_bytes=46592 selected_grids={1: 12, 11: 13, 15: 12}
fusion_method=early pred_boxes=22 gt_boxes=70
pred_scores_shape=(22,)
frame=31/41 receiver_sample=3/20 scenario=2026_07_29_02_32_08 timestamp=000120 cavs=[3, 16, 17, 18]
sgcp_constrained receiver=3 policy=all-cavs sources=[3, 16, 17, 18] clusters=20 ra=selective_pacp_lidar comm_bytes=69344 selected_grids={16: 12, 17: 12, 18: 13}
fusion_method=early pred_boxes=18 gt_boxes=59
pred_scores_shape=(18,)
frame=31/41 receiver_sample=4/20 scenario=2026_07_29_02_32_08 timestamp=000120 cavs=[4, 1, 7, 12]
sgcp_constrained receiver=4 policy=all-cavs sources=[4, 1, 7, 12] clusters=20 ra=selective_pacp_lidar comm_bytes=78848 selected_grids={1: 12, 7: 13, 12: 13}
fusion_method=early pred_boxes=26 gt_boxes=65
pred_scores_shape=(26,)
frame=31/41 receiver_sample=5/20 scenario=2026_07_29_02_32_08 timestamp=000120 cavs=[5, 7, 16, 20]
sgcp_constrained receiver=5 policy=all-cavs sources=[5, 7, 16, 20] clusters=20 ra=selective_pacp_lidar comm_bytes=63984 selected_grids={7: 12, 16: 12, 20: 10}
fusion_method=early pred_boxes=26 gt_boxes=54
pred_scores_shape=(26,)
frame=31/41 receiver_sample=6/20 scenario=2026_07_29_02_32_08 timestamp=000120 cavs=[6, 15]
sgcp_constrained receiver=6 policy=all-cavs sources=[6, 15] clusters=20 ra=selective_pacp_lidar comm_bytes=25424 selected_grids={15: 13}
fusion_method=early pred_boxes=16 gt_boxes=54
pred_scores_shape=(16,)
frame=31/41 receiver_sample=7/20 scenario=2026_07_29_02_32_08 timestamp=000120 cavs=[7, 4, 5, 20]
sgcp_constrained receiver=7 policy=all-cavs sources=[7, 4, 5, 20] clusters=20 ra=selective_pacp_lidar comm_bytes=58768 selected_grids={4: 13, 5: 13, 20: 13}
fusion_method=early pred_boxes=25 gt_boxes=46
pred_scores_shape=(25,)
frame=31/41 receiver_sample=8/20 scenario=2026_07_29_02_32_08 timestamp=000120 cavs=[8, 1, 10, 12]Format = auto
Extension = pcd
Format = auto
Extension = pcd
Format = auto
Extension = pcd
Format = auto
Extension = pcd
Format = auto
Extension = pcd
Format = auto
Extension = pcd
Format = auto
Extension = pcd
Format = auto
Extension = pcd
Format = auto
Extension = pcd
Format = auto
Extension = pcd
Format = auto
Extension = pcd
Format = auto
Extension = pcd
Format = auto
Extension = pcd
Format = auto
Extension = pcd
Format = auto
Extension = pcd
Format = auto
Extension = pcd
Format = auto
Extension = pcd
Format = auto
Extension = pcd
Format = auto
Extension = pcd
Format = auto
Extension = pcd

sgcp_constrained receiver=8 policy=all-cavs sources=[8, 1, 10, 12] clusters=20 ra=selective_pacp_lidar comm_bytes=89504 selected_grids={1: 13, 10: 12, 12: 13}
fusion_method=early pred_boxes=29 gt_boxes=47
pred_scores_shape=(29,)
frame=31/41 receiver_sample=9/20 scenario=2026_07_29_02_32_08 timestamp=000120 cavs=[9, 10, 13, 19]
sgcp_constrained receiver=9 policy=all-cavs sources=[9, 10, 13, 19] clusters=20 ra=selective_pacp_lidar comm_bytes=41792 selected_grids={10: 13, 13: 12, 19: 13}
fusion_method=early pred_boxes=22 gt_boxes=53
pred_scores_shape=(22,)
frame=31/41 receiver_sample=10/20 scenario=2026_07_29_02_32_08 timestamp=000120 cavs=[10, 8, 9, 19]
sgcp_constrained receiver=10 policy=all-cavs sources=[10, 8, 9, 19] clusters=20 ra=selective_pacp_lidar comm_bytes=43408 selected_grids={8: 13, 9: 13, 19: 13}
fusion_method=early pred_boxes=26 gt_boxes=67
pred_scores_shape=(26,)
frame=31/41 receiver_sample=11/20 scenario=2026_07_29_02_32_08 timestamp=000120 cavs=[11, 1, 2, 9]
sgcp_constrained receiver=11 policy=all-cavs sources=[11, 1, 2, 9] clusters=20 ra=selective_pacp_lidar comm_bytes=59984 selected_grids={1: 13, 2: 13, 9: 12}
fusion_method=early pred_boxes=27 gt_boxes=66
pred_scores_shape=(27,)
frame=31/41 receiver_sample=12/20 scenario=2026_07_29_02_32_08 timestamp=000120 cavs=[12, 4, 7, 8]
sgcp_constrained receiver=12 policy=all-cavs sources=[12, 4, 7, 8] clusters=20 ra=selective_pacp_lidar comm_bytes=64000 selected_grids={4: 13, 7: 13, 8: 12}
fusion_method=early pred_boxes=25 gt_boxes=52
pred_scores_shape=(25,)
frame=31/41 receiver_sample=13/20 scenario=2026_07_29_02_32_08 timestamp=000120 cavs=[13, 9, 10, 19]
sgcp_constrained receiver=13 policy=all-cavs sources=[13, 9, 10, 19] clusters=20 ra=selective_pacp_lidar comm_bytes=45776 selected_grids={9: 13, 10: 12, 19: 13}
fusion_method=early pred_boxes=24 gt_boxes=53
pred_scores_shape=(24,)
frame=31/41 receiver_sample=14/20 scenario=2026_07_29_02_32_08 timestamp=000120 cavs=[14]
sgcp_constrained receiver=14 policy=all-cavs sources=[14] clusters=20 ra=selective_pacp_lidar comm_bytes=0 selected_grids={}
fusion_method=early pred_boxes=6 gt_boxes=8
pred_scores_shape=(6,)
frame=31/41 receiver_sample=15/20 scenario=2026_07_29_02_32_08 timestamp=000120 cavs=[15, 1, 2, 6]
sgcp_constrained receiver=15 policy=all-cavs sources=[15, 1, 2, 6] clusters=20 ra=selective_pacp_lidar comm_bytes=75360 selected_grids={1: 12, 2: 13, 6: 13}
fusion_method=early pred_boxes=29 gt_boxes=62
pred_scores_shape=(29,)
frame=31/41 receiver_sample=16/20 scenario=2026_07_29_02_32_08 timestamp=000120 cavs=[16, 3, 5, 17]
sgcp_constrained receiver=16 policy=all-cavs sources=[16, 3, 5, 17] clusters=20 ra=selective_pacp_lidar comm_bytes=57904 selected_grids={3: 13, 5: 13, 17: 13}
fusion_method=early pred_boxes=26 gt_boxes=66
pred_scores_shape=(26,)
frame=31/41 receiver_sample=17/20 scenario=2026_07_29_02_32_08 timestamp=000120 cavs=[17, 3, 5, 16]
sgcp_constrained receiver=17 policy=all-cavs sources=[17, 3, 5, 16] clusters=20 ra=selective_pacp_lidar comm_bytes=55488 selected_grids={3: 13, 5: 13, 16: 12}
fusion_method=early pred_boxes=22 gt_boxes=64
pred_scores_shape=(22,)
frame=31/41 receiver_sample=18/20 scenario=2026_07_29_02_32_08 timestamp=000120 cavs=[18, 3]
sgcp_constrained receiver=18 policy=all-cavs sources=[18, 3] clusters=20 ra=selective_pacp_lidar comm_bytes=32608 selected_grids={3: 13}
fusion_method=early pred_boxes=13 gt_boxes=31
pred_scores_shape=(13,)
frame=31/41 receiver_sample=19/20 scenario=2026_07_29_02_32_08 timestamp=000120 cavs=[19, 9, 10, 13]
sgcp_constrained receiver=19 policy=all-cavs sources=[19, 9, 10, 13] clusters=20 ra=selective_pacp_lidar comm_bytes=51328 selected_grids={9: 13, 10: 13, 13: 12}
fusion_method=early pred_boxes=25 gt_boxes=54
pred_scores_shape=(25,)
frame=31/41 receiver_sample=20/20 scenario=2026_07_29_02_32_08 timestamp=000120 cavs=[20, 5, 9, 16]
sgcp_constrained receiver=20 policy=all-cavs sources=[20, 5, 9, 16] clusters=20 ra=selective_pacp_lidar comm_bytes=66368 selected_grids={5: 13, 9: 13, 16: 13}
fusion_method=early pred_boxes=29 gt_boxes=60
pred_scores_shape=(29,)
frame=32/41 receiver_sample=1/20 scenario=2026_07_29_02_32_08 timestamp=000122 cavs=[1, 2, 8, 11]
sgcp_constrained receiver=1 policy=all-cavs sources=[1, 2, 8, 11] clusters=20 ra=selective_pacp_lidar comm_bytes=50272 selected_grids={2: 12, 8: 12, 11: 12}
fusion_method=early pred_boxes=25 gt_boxes=69
pred_scores_shape=(25,)
frame=32/41 receiver_sample=2/20 scenario=2026_07_29_02_32_08 timestamp=000122 cavs=[2, 1, 11, 15]
sgcp_constrained receiver=2 policy=all-cavs sources=[2, 1, 11, 15] clusters=20 ra=selective_pacp_lidar comm_bytes=44368 selected_grids={1: 12, 11: 12, 15: 11}
fusion_method=early pred_boxes=22 gt_boxes=69
pred_scores_shape=(22,)
frame=32/41 receiver_sample=3/20 scenario=2026_07_29_02_32_08 timestamp=000122 cavs=[3, 16, 17, 18]
sgcp_constrained receiver=3 policy=all-cavs sources=[3, 16, 17, 18] clusters=20 ra=selective_pacp_lidar comm_bytes=65808 selected_grids={16: 11, 17: 11, 18: 12}
fusion_method=early pred_boxes=18 gt_boxes=57
pred_scores_shape=(18,)
frame=32/41 receiver_sample=4/20 scenario=2026_07_29_02_32_08 timestamp=000122 cavs=[4, 1, 7, 12]
sgcp_constrained receiver=4 policy=all-cavs sources=[4, 1, 7, 12] clusters=20 ra=selective_pacp_lidar comm_bytes=74496 selected_grids={1: 11, 7: 12, 12: 12}
fusion_method=early pred_boxes=26 gt_boxes=65
pred_scores_shape=(26,)
frame=32/41 receiver_sample=5/20 scenario=2026_07_29_02_32_08 timestamp=000122 cavs=[5, 7, 16, 20]
sgcp_constrained receiver=5 policy=all-cavs sources=[5, 7, 16, 20] clusters=20 ra=selective_pacp_lidar comm_bytes=61024 selected_grids={7: 12, 16: 11, 20: 11}
fusion_method=early pred_boxes=22 gt_boxes=58
pred_scores_shape=(22,)
frame=32/41 receiver_sample=6/20 scenario=2026_07_29_02_32_08 timestamp=000122 cavs=[6, 15]
sgcp_constrained receiver=6 policy=all-cavs sources=[6, 15] clusters=20 ra=selective_pacp_lidar comm_bytes=24288 selected_grids={15: 13}
fusion_method=early pred_boxes=16 gt_boxes=54
pred_scores_shape=(16,)
frame=32/41 receiver_sample=7/20 scenario=2026_07_29_02_32_08 timestamp=000122 cavs=[7, 4, 5, 20]
sgcp_constrained receiver=7 policy=all-cavs sources=[7, 4, 5, 20] clusters=20 ra=selective_pacp_lidar comm_bytes=55200 selected_grids={4: 12, 5: 12, 20: 11}
fusion_method=early pred_boxes=24 gt_boxes=46
pred_scores_shape=(24,)
frame=32/41 receiver_sample=8/20 scenario=2026_07_29_02_32_08 timestamp=000122 cavs=[8, 1, 10, 12]
sgcp_constrained receiver=8 policy=all-cavs sources=[8, 1, 10, 12] clusters=20 ra=selective_pacp_lidar comm_bytes=83648 selected_grids={1: 12, 10: 12, 12: 12}
fusion_method=early pred_boxes=29 gt_boxes=47
pred_scores_shape=(29,)
frame=32/41 receiver_sample=9/20 scenario=2026_07_29_02_32_08 timestamp=000122 cavs=[9, 10, 13, 19]
sgcp_constrained receiver=9 policy=all-cavs sources=[9, 10, 13, 19] clusters=20 ra=selective_pacp_lidar comm_bytes=38736 selected_grids={10: 12, 13: 11, 19: 12}
fusion_method=early pred_boxes=22 gt_boxes=53
pred_scores_shape=(22,)
frame=32/41 receiver_sample=10/20 scenario=2026_07_29_02_32_08 timestamp=000122 cavs=[10, 8, 9, 19]
sgcp_constrained receiver=10 policy=all-cavs sources=[10, 8, 9, 19] clusters=20 ra=selective_pacp_lidar comm_bytes=42064 selected_grids={8: 12, 9: 12, 19: 12}
fusion_method=early pred_boxes=25 gt_boxes=67
pred_scores_shape=(25,)
frame=32/41 receiver_sample=11/20 scenario=2026_07_29_02_32_08 timestamp=000122 cavs=[11, 1, 2, 9]
sgcp_constrained receiver=11 policy=all-cavs sources=[11, 1, 2, 9] clusters=20 ra=selective_pacp_lidar comm_bytes=58800 selected_grids={1: 12, 2: 12, 9: 12}
fusion_method=early pred_boxes=29 gt_boxes=66
pred_scores_shape=(29,)
frame=32/41 receiver_sample=12/20 scenario=2026_07_29_02_32_08 timestamp=000122 cavs=[12, 4, 7, 8]
sgcp_constrained receiver=12 policy=all-cavs sources=[12, 4, 7, 8] clusters=20 ra=selective_pacp_lidar comm_bytes=62480 selected_grids={4: 12, 7: 12, 8: 12}
fusion_method=early pred_boxes=23 gt_boxes=52
pred_scores_shape=(23,)
frame=32/41 receiver_sample=13/20 scenario=2026_07_29_02_32_08 timestamp=000122 cavs=[13, 9, 14, 19]Format = auto
Extension = pcd
Format = auto
Extension = pcd
Format = auto
Extension = pcd
Format = auto
Extension = pcd
Format = auto
Extension = pcd
Format = auto
Extension = pcd
Format = auto
Extension = pcd
Format = auto
Extension = pcd
Format = auto
Extension = pcd
Format = auto
Extension = pcd
Format = auto
Extension = pcd
Format = auto
Extension = pcd
Format = auto
Extension = pcd
Format = auto
Extension = pcd
Format = auto
Extension = pcd
Format = auto
Extension = pcd
Format = auto
Extension = pcd
Format = auto
Extension = pcd
Format = auto
Extension = pcd
Format = auto
Extension = pcd

sgcp_constrained receiver=13 policy=all-cavs sources=[13, 9, 14, 19] clusters=20 ra=selective_pacp_lidar comm_bytes=66864 selected_grids={9: 12, 14: 12, 19: 12}
fusion_method=early pred_boxes=20 gt_boxes=54
pred_scores_shape=(20,)
frame=32/41 receiver_sample=14/20 scenario=2026_07_29_02_32_08 timestamp=000122 cavs=[14, 13]
sgcp_constrained receiver=14 policy=all-cavs sources=[14, 13] clusters=20 ra=selective_pacp_lidar comm_bytes=29184 selected_grids={13: 12}
fusion_method=early pred_boxes=7 gt_boxes=8
pred_scores_shape=(7,)
frame=32/41 receiver_sample=15/20 scenario=2026_07_29_02_32_08 timestamp=000122 cavs=[15, 1, 2, 6]
sgcp_constrained receiver=15 policy=all-cavs sources=[15, 1, 2, 6] clusters=20 ra=selective_pacp_lidar comm_bytes=74096 selected_grids={1: 12, 2: 12, 6: 12}
fusion_method=early pred_boxes=30 gt_boxes=62
pred_scores_shape=(30,)
frame=32/41 receiver_sample=16/20 scenario=2026_07_29_02_32_08 timestamp=000122 cavs=[16, 3, 5, 17]
sgcp_constrained receiver=16 policy=all-cavs sources=[16, 3, 5, 17] clusters=20 ra=selective_pacp_lidar comm_bytes=55552 selected_grids={3: 12, 5: 12, 17: 12}
fusion_method=early pred_boxes=26 gt_boxes=66
pred_scores_shape=(26,)
frame=32/41 receiver_sample=17/20 scenario=2026_07_29_02_32_08 timestamp=000122 cavs=[17, 3, 5, 16]
sgcp_constrained receiver=17 policy=all-cavs sources=[17, 3, 5, 16] clusters=20 ra=selective_pacp_lidar comm_bytes=53664 selected_grids={3: 12, 5: 12, 16: 11}
fusion_method=early pred_boxes=22 gt_boxes=64
pred_scores_shape=(22,)
frame=32/41 receiver_sample=18/20 scenario=2026_07_29_02_32_08 timestamp=000122 cavs=[18, 3]
sgcp_constrained receiver=18 policy=all-cavs sources=[18, 3] clusters=20 ra=selective_pacp_lidar comm_bytes=29328 selected_grids={3: 12}
fusion_method=early pred_boxes=11 gt_boxes=30
pred_scores_shape=(11,)
frame=32/41 receiver_sample=19/20 scenario=2026_07_29_02_32_08 timestamp=000122 cavs=[19, 9, 10, 13]
sgcp_constrained receiver=19 policy=all-cavs sources=[19, 9, 10, 13] clusters=20 ra=selective_pacp_lidar comm_bytes=50480 selected_grids={9: 12, 10: 12, 13: 11}
fusion_method=early pred_boxes=23 gt_boxes=54
pred_scores_shape=(23,)
frame=32/41 receiver_sample=20/20 scenario=2026_07_29_02_32_08 timestamp=000122 cavs=[20, 5, 7, 16]
sgcp_constrained receiver=20 policy=all-cavs sources=[20, 5, 7, 16] clusters=20 ra=selective_pacp_lidar comm_bytes=58448 selected_grids={5: 12, 7: 12, 16: 12}
fusion_method=early pred_boxes=26 gt_boxes=60
pred_scores_shape=(26,)
frame=33/41 receiver_sample=1/20 scenario=2026_07_29_02_32_08 timestamp=000124 cavs=[1, 2, 8, 11]
sgcp_constrained receiver=1 policy=all-cavs sources=[1, 2, 8, 11] clusters=20 ra=selective_pacp_lidar comm_bytes=50400 selected_grids={2: 12, 8: 12, 11: 12}
fusion_method=early pred_boxes=25 gt_boxes=69
pred_scores_shape=(25,)
frame=33/41 receiver_sample=2/20 scenario=2026_07_29_02_32_08 timestamp=000124 cavs=[2, 1, 11, 15]
sgcp_constrained receiver=2 policy=all-cavs sources=[2, 1, 11, 15] clusters=20 ra=selective_pacp_lidar comm_bytes=45024 selected_grids={1: 12, 11: 12, 15: 12}
fusion_method=early pred_boxes=23 gt_boxes=69
pred_scores_shape=(23,)
frame=33/41 receiver_sample=3/20 scenario=2026_07_29_02_32_08 timestamp=000124 cavs=[3, 16, 17, 18]
sgcp_constrained receiver=3 policy=all-cavs sources=[3, 16, 17, 18] clusters=20 ra=selective_pacp_lidar comm_bytes=67200 selected_grids={16: 11, 17: 12, 18: 12}
fusion_method=early pred_boxes=17 gt_boxes=56
pred_scores_shape=(17,)
frame=33/41 receiver_sample=4/20 scenario=2026_07_29_02_32_08 timestamp=000124 cavs=[4, 1, 7, 12]
sgcp_constrained receiver=4 policy=all-cavs sources=[4, 1, 7, 12] clusters=20 ra=selective_pacp_lidar comm_bytes=74432 selected_grids={1: 11, 7: 12, 12: 12}
fusion_method=early pred_boxes=24 gt_boxes=65
pred_scores_shape=(24,)
frame=33/41 receiver_sample=5/20 scenario=2026_07_29_02_32_08 timestamp=000124 cavs=[5, 7, 16, 20]
sgcp_constrained receiver=5 policy=all-cavs sources=[5, 7, 16, 20] clusters=20 ra=selective_pacp_lidar comm_bytes=65472 selected_grids={7: 12, 16: 12, 20: 12}
fusion_method=early pred_boxes=26 gt_boxes=58
pred_scores_shape=(26,)
frame=33/41 receiver_sample=6/20 scenario=2026_07_29_02_32_08 timestamp=000124 cavs=[6, 15]
sgcp_constrained receiver=6 policy=all-cavs sources=[6, 15] clusters=20 ra=selective_pacp_lidar comm_bytes=23984 selected_grids={15: 13}
fusion_method=early pred_boxes=16 gt_boxes=54
pred_scores_shape=(16,)
frame=33/41 receiver_sample=7/20 scenario=2026_07_29_02_32_08 timestamp=000124 cavs=[7, 4, 5, 20]
sgcp_constrained receiver=7 policy=all-cavs sources=[7, 4, 5, 20] clusters=20 ra=selective_pacp_lidar comm_bytes=54704 selected_grids={4: 12, 5: 12, 20: 10}
fusion_method=early pred_boxes=23 gt_boxes=45
pred_scores_shape=(23,)
frame=33/41 receiver_sample=8/20 scenario=2026_07_29_02_32_08 timestamp=000124 cavs=[8, 1, 4, 7]
sgcp_constrained receiver=8 policy=all-cavs sources=[8, 1, 4, 7] clusters=20 ra=selective_pacp_lidar comm_bytes=76128 selected_grids={1: 12, 4: 12, 7: 12}
fusion_method=early pred_boxes=29 gt_boxes=47
pred_scores_shape=(29,)
frame=33/41 receiver_sample=9/20 scenario=2026_07_29_02_32_08 timestamp=000124 cavs=[9, 10, 13, 19]
sgcp_constrained receiver=9 policy=all-cavs sources=[9, 10, 13, 19] clusters=20 ra=selective_pacp_lidar comm_bytes=42448 selected_grids={10: 12, 13: 11, 19: 12}
fusion_method=early pred_boxes=23 gt_boxes=53
pred_scores_shape=(23,)
frame=33/41 receiver_sample=10/20 scenario=2026_07_29_02_32_08 timestamp=000124 cavs=[10, 8, 9, 19]
sgcp_constrained receiver=10 policy=all-cavs sources=[10, 8, 9, 19] clusters=20 ra=selective_pacp_lidar comm_bytes=41984 selected_grids={8: 12, 9: 12, 19: 12}
fusion_method=early pred_boxes=23 gt_boxes=67
pred_scores_shape=(23,)
frame=33/41 receiver_sample=11/20 scenario=2026_07_29_02_32_08 timestamp=000124 cavs=[11, 1, 2, 9]
sgcp_constrained receiver=11 policy=all-cavs sources=[11, 1, 2, 9] clusters=20 ra=selective_pacp_lidar comm_bytes=58832 selected_grids={1: 12, 2: 12, 9: 12}
fusion_method=early pred_boxes=29 gt_boxes=66
pred_scores_shape=(29,)
frame=33/41 receiver_sample=12/20 scenario=2026_07_29_02_32_08 timestamp=000124 cavs=[12, 4, 7]
sgcp_constrained receiver=12 policy=all-cavs sources=[12, 4, 7] clusters=20 ra=selective_pacp_lidar comm_bytes=48192 selected_grids={4: 12, 7: 12}
fusion_method=early pred_boxes=18 gt_boxes=52
pred_scores_shape=(18,)
frame=33/41 receiver_sample=13/20 scenario=2026_07_29_02_32_08 timestamp=000124 cavs=[13, 9, 14, 19]
sgcp_constrained receiver=13 policy=all-cavs sources=[13, 9, 14, 19] clusters=20 ra=selective_pacp_lidar comm_bytes=66720 selected_grids={9: 12, 14: 12, 19: 12}
fusion_method=early pred_boxes=20 gt_boxes=54
pred_scores_shape=(20,)
frame=33/41 receiver_sample=14/20 scenario=2026_07_29_02_32_08 timestamp=000124 cavs=[14, 13]
sgcp_constrained receiver=14 policy=all-cavs sources=[14, 13] clusters=20 ra=selective_pacp_lidar comm_bytes=29024 selected_grids={13: 12}
fusion_method=early pred_boxes=7 gt_boxes=8
pred_scores_shape=(7,)
frame=33/41 receiver_sample=15/20 scenario=2026_07_29_02_32_08 timestamp=000124 cavs=[15, 1, 2, 6]
sgcp_constrained receiver=15 policy=all-cavs sources=[15, 1, 2, 6] clusters=20 ra=selective_pacp_lidar comm_bytes=75152 selected_grids={1: 12, 2: 12, 6: 12}
fusion_method=early pred_boxes=28 gt_boxes=62
pred_scores_shape=(28,)
frame=33/41 receiver_sample=16/20 scenario=2026_07_29_02_32_08 timestamp=000124 cavs=[16, 3, 5, 17]
sgcp_constrained receiver=16 policy=all-cavs sources=[16, 3, 5, 17] clusters=20 ra=selective_pacp_lidar comm_bytes=57024 selected_grids={3: 12, 5: 12, 17: 12}
fusion_method=early pred_boxes=27 gt_boxes=66
pred_scores_shape=(27,)
frame=33/41 receiver_sample=17/20 scenario=2026_07_29_02_32_08 timestamp=000124 cavs=[17, 3, 5, 16]
sgcp_constrained receiver=17 policy=all-cavs sources=[17, 3, 5, 16] clusters=20 ra=selective_pacp_lidar comm_bytes=53776 selected_grids={3: 12, 5: 12, 16: 11}
fusion_method=early pred_boxes=21 gt_boxes=64
pred_scores_shape=(21,)
frame=33/41 receiver_sample=18/20 scenario=2026_07_29_02_32_08 timestamp=000124 cavs=[18, 3]
sgcp_constrained receiver=18 policy=all-cavs sources=[18, 3] clusters=20 ra=selective_pacp_lidar comm_bytes=30000 selected_grids={3: 12}Format = auto
Extension = pcd
Format = auto
Extension = pcd
Format = auto
Extension = pcd
Format = auto
Extension = pcd
Format = auto
Extension = pcd
Format = auto
Extension = pcd
Format = auto
Extension = pcd
Format = auto
Extension = pcd
Format = auto
Extension = pcd
Format = auto
Extension = pcd
Format = auto
Extension = pcd
Format = auto
Extension = pcd
Format = auto
Extension = pcd
Format = auto
Extension = pcd
Format = auto
Extension = pcd
Format = auto
Extension = pcd
Format = auto
Extension = pcd
Format = auto
Extension = pcd
Format = auto
Extension = pcd
Format = auto
Extension = pcd
Format = auto
Extension = pcd
Format = auto
Extension = pcd
Format = auto
Extension = pcd
Format = auto
Extension = pcd
Format = auto
Extension = pcd
Format = auto
Extension = pcd
Format = auto
Extension = pcd
Format = auto
Extension = pcd
Format = auto
Extension = pcd
Format = auto
Extension = pcd
Format = auto
Extension = pcd
Format = auto
Extension = pcd
Format = auto
Extension = pcd
Format = auto
Extension = pcd
Format = auto
Extension = pcd
Format = auto
Extension = pcd
Format = auto
Extension = pcd
Format = auto
Extension = pcd
Format = auto
Extension = pcd
Format = auto
Extension = pcd

fusion_method=early pred_boxes=11 gt_boxes=30
pred_scores_shape=(11,)
frame=33/41 receiver_sample=19/20 scenario=2026_07_29_02_32_08 timestamp=000124 cavs=[19, 9, 10, 13]
sgcp_constrained receiver=19 policy=all-cavs sources=[19, 9, 10, 13] clusters=20 ra=selective_pacp_lidar comm_bytes=50880 selected_grids={9: 12, 10: 12, 13: 11}
fusion_method=early pred_boxes=24 gt_boxes=54
pred_scores_shape=(24,)
frame=33/41 receiver_sample=20/20 scenario=2026_07_29_02_32_08 timestamp=000124 cavs=[20, 5, 7, 9]
sgcp_constrained receiver=20 policy=all-cavs sources=[20, 5, 7, 9] clusters=20 ra=selective_pacp_lidar comm_bytes=67424 selected_grids={5: 12, 7: 12, 9: 12}
fusion_method=early pred_boxes=30 gt_boxes=60
pred_scores_shape=(30,)
frame=34/41 receiver_sample=1/20 scenario=2026_07_29_02_32_08 timestamp=000126 cavs=[1, 2, 8, 11]
sgcp_constrained receiver=1 policy=all-cavs sources=[1, 2, 8, 11] clusters=20 ra=selective_pacp_lidar comm_bytes=50512 selected_grids={2: 12, 8: 12, 11: 12}
fusion_method=early pred_boxes=25 gt_boxes=69
pred_scores_shape=(25,)
frame=34/41 receiver_sample=2/20 scenario=2026_07_29_02_32_08 timestamp=000126 cavs=[2, 1, 11, 15]
sgcp_constrained receiver=2 policy=all-cavs sources=[2, 1, 11, 15] clusters=20 ra=selective_pacp_lidar comm_bytes=44864 selected_grids={1: 11, 11: 12, 15: 12}
fusion_method=early pred_boxes=25 gt_boxes=69
pred_scores_shape=(25,)
frame=34/41 receiver_sample=3/20 scenario=2026_07_29_02_32_08 timestamp=000126 cavs=[3, 16, 17, 18]
sgcp_constrained receiver=3 policy=all-cavs sources=[3, 16, 17, 18] clusters=20 ra=selective_pacp_lidar comm_bytes=66352 selected_grids={16: 11, 17: 11, 18: 12}
fusion_method=early pred_boxes=17 gt_boxes=56
pred_scores_shape=(17,)
frame=34/41 receiver_sample=4/20 scenario=2026_07_29_02_32_08 timestamp=000126 cavs=[4, 1, 7, 12]
sgcp_constrained receiver=4 policy=all-cavs sources=[4, 1, 7, 12] clusters=20 ra=selective_pacp_lidar comm_bytes=75712 selected_grids={1: 11, 7: 12, 12: 12}
fusion_method=early pred_boxes=25 gt_boxes=65
pred_scores_shape=(25,)
frame=34/41 receiver_sample=5/20 scenario=2026_07_29_02_32_08 timestamp=000126 cavs=[5, 7, 16, 20]
sgcp_constrained receiver=5 policy=all-cavs sources=[5, 7, 16, 20] clusters=20 ra=selective_pacp_lidar comm_bytes=62352 selected_grids={7: 11, 16: 11, 20: 12}
fusion_method=early pred_boxes=27 gt_boxes=59
pred_scores_shape=(27,)
frame=34/41 receiver_sample=6/20 scenario=2026_07_29_02_32_08 timestamp=000126 cavs=[6, 15]
sgcp_constrained receiver=6 policy=all-cavs sources=[6, 15] clusters=20 ra=selective_pacp_lidar comm_bytes=24256 selected_grids={15: 12}
fusion_method=early pred_boxes=16 gt_boxes=55
pred_scores_shape=(16,)
frame=34/41 receiver_sample=7/20 scenario=2026_07_29_02_32_08 timestamp=000126 cavs=[7, 4, 12, 20]
sgcp_constrained receiver=7 policy=all-cavs sources=[7, 4, 12, 20] clusters=20 ra=selective_pacp_lidar comm_bytes=59808 selected_grids={4: 11, 12: 11, 20: 11}
fusion_method=early pred_boxes=28 gt_boxes=45
pred_scores_shape=(28,)
frame=34/41 receiver_sample=8/20 scenario=2026_07_29_02_32_08 timestamp=000126 cavs=[8, 1, 4, 7]
sgcp_constrained receiver=8 policy=all-cavs sources=[8, 1, 4, 7] clusters=20 ra=selective_pacp_lidar comm_bytes=75712 selected_grids={1: 12, 4: 12, 7: 12}
fusion_method=early pred_boxes=29 gt_boxes=46
pred_scores_shape=(29,)
frame=34/41 receiver_sample=9/20 scenario=2026_07_29_02_32_08 timestamp=000126 cavs=[9, 10, 13, 19]
sgcp_constrained receiver=9 policy=all-cavs sources=[9, 10, 13, 19] clusters=20 ra=selective_pacp_lidar comm_bytes=45168 selected_grids={10: 12, 13: 11, 19: 12}
fusion_method=early pred_boxes=22 gt_boxes=53
pred_scores_shape=(22,)
frame=34/41 receiver_sample=10/20 scenario=2026_07_29_02_32_08 timestamp=000126 cavs=[10, 8, 9, 19]
sgcp_constrained receiver=10 policy=all-cavs sources=[10, 8, 9, 19] clusters=20 ra=selective_pacp_lidar comm_bytes=41936 selected_grids={8: 12, 9: 12, 19: 12}
fusion_method=early pred_boxes=24 gt_boxes=67
pred_scores_shape=(24,)
frame=34/41 receiver_sample=11/20 scenario=2026_07_29_02_32_08 timestamp=000126 cavs=[11, 1, 2, 9]
sgcp_constrained receiver=11 policy=all-cavs sources=[11, 1, 2, 9] clusters=20 ra=selective_pacp_lidar comm_bytes=56384 selected_grids={1: 12, 2: 12, 9: 11}
fusion_method=early pred_boxes=28 gt_boxes=66
pred_scores_shape=(28,)
frame=34/41 receiver_sample=12/20 scenario=2026_07_29_02_32_08 timestamp=000126 cavs=[12, 4, 7]
sgcp_constrained receiver=12 policy=all-cavs sources=[12, 4, 7] clusters=20 ra=selective_pacp_lidar comm_bytes=47888 selected_grids={4: 12, 7: 12}
fusion_method=early pred_boxes=18 gt_boxes=52
pred_scores_shape=(18,)
frame=34/41 receiver_sample=13/20 scenario=2026_07_29_02_32_08 timestamp=000126 cavs=[13, 9, 14, 19]
sgcp_constrained receiver=13 policy=all-cavs sources=[13, 9, 14, 19] clusters=20 ra=selective_pacp_lidar comm_bytes=64192 selected_grids={9: 11, 14: 11, 19: 12}
fusion_method=early pred_boxes=18 gt_boxes=54
pred_scores_shape=(18,)
frame=34/41 receiver_sample=14/20 scenario=2026_07_29_02_32_08 timestamp=000126 cavs=[14, 13]
sgcp_constrained receiver=14 policy=all-cavs sources=[14, 13] clusters=20 ra=selective_pacp_lidar comm_bytes=28752 selected_grids={13: 12}
fusion_method=early pred_boxes=7 gt_boxes=8
pred_scores_shape=(7,)
frame=34/41 receiver_sample=15/20 scenario=2026_07_29_02_32_08 timestamp=000126 cavs=[15, 1, 2, 6]
sgcp_constrained receiver=15 policy=all-cavs sources=[15, 1, 2, 6] clusters=20 ra=selective_pacp_lidar comm_bytes=76400 selected_grids={1: 11, 2: 12, 6: 12}
fusion_method=early pred_boxes=29 gt_boxes=62
pred_scores_shape=(29,)
frame=34/41 receiver_sample=16/20 scenario=2026_07_29_02_32_08 timestamp=000126 cavs=[16, 3, 5, 17]
sgcp_constrained receiver=16 policy=all-cavs sources=[16, 3, 5, 17] clusters=20 ra=selective_pacp_lidar comm_bytes=55008 selected_grids={3: 12, 5: 12, 17: 11}
fusion_method=early pred_boxes=25 gt_boxes=66
pred_scores_shape=(25,)
frame=34/41 receiver_sample=17/20 scenario=2026_07_29_02_32_08 timestamp=000126 cavs=[17, 3, 5, 16]
sgcp_constrained receiver=17 policy=all-cavs sources=[17, 3, 5, 16] clusters=20 ra=selective_pacp_lidar comm_bytes=53952 selected_grids={3: 12, 5: 12, 16: 11}
fusion_method=early pred_boxes=22 gt_boxes=64
pred_scores_shape=(22,)
frame=34/41 receiver_sample=18/20 scenario=2026_07_29_02_32_08 timestamp=000126 cavs=[18, 3]
sgcp_constrained receiver=18 policy=all-cavs sources=[18, 3] clusters=20 ra=selective_pacp_lidar comm_bytes=28528 selected_grids={3: 12}
fusion_method=early pred_boxes=12 gt_boxes=29
pred_scores_shape=(12,)
frame=34/41 receiver_sample=19/20 scenario=2026_07_29_02_32_08 timestamp=000126 cavs=[19, 9, 10, 13]
sgcp_constrained receiver=19 policy=all-cavs sources=[19, 9, 10, 13] clusters=20 ra=selective_pacp_lidar comm_bytes=53024 selected_grids={9: 12, 10: 11, 13: 11}
fusion_method=early pred_boxes=21 gt_boxes=54
pred_scores_shape=(21,)
frame=34/41 receiver_sample=20/20 scenario=2026_07_29_02_32_08 timestamp=000126 cavs=[20, 5, 7, 9]
sgcp_constrained receiver=20 policy=all-cavs sources=[20, 5, 7, 9] clusters=20 ra=selective_pacp_lidar comm_bytes=68000 selected_grids={5: 12, 7: 12, 9: 12}
fusion_method=early pred_boxes=30 gt_boxes=59
pred_scores_shape=(30,)
frame=35/41 receiver_sample=1/20 scenario=2026_07_29_02_32_08 timestamp=000128 cavs=[1, 2, 8, 11]
sgcp_constrained receiver=1 policy=all-cavs sources=[1, 2, 8, 11] clusters=20 ra=selective_pacp_lidar comm_bytes=50496 selected_grids={2: 12, 8: 12, 11: 12}
fusion_method=early pred_boxes=26 gt_boxes=69
pred_scores_shape=(26,)
frame=35/41 receiver_sample=2/20 scenario=2026_07_29_02_32_08 timestamp=000128 cavs=[2, 1, 11, 15]
sgcp_constrained receiver=2 policy=all-cavs sources=[2, 1, 11, 15] clusters=20 ra=selective_pacp_lidar comm_bytes=44640 selected_grids={1: 11, 11: 12, 15: 12}
fusion_method=early pred_boxes=23 gt_boxes=69
pred_scores_shape=(23,)
frame=35/41 receiver_sample=3/20 scenario=2026_07_29_02_32_08 timestamp=000128 cavs=[3, 16, 17, 18]
sgcp_constrained receiver=3 policy=all-cavs sources=[3, 16, 17, 18] clusters=20 ra=selective_pacp_lidar comm_bytes=67344 selected_grids={16: 11, 17: 12, 18: 12}Format = auto
Extension = pcd
Format = auto
Extension = pcd
Format = auto
Extension = pcd
Format = auto
Extension = pcd
Format = auto
Extension = pcd
Format = auto
Extension = pcd
Format = auto
Extension = pcd
Format = auto
Extension = pcd
Format = auto
Extension = pcd
Format = auto
Extension = pcd
Format = auto
Extension = pcd
Format = auto
Extension = pcd
Format = auto
Extension = pcd
Format = auto
Extension = pcd
Format = auto
Extension = pcd
Format = auto
Extension = pcd
Format = auto
Extension = pcd
Format = auto
Extension = pcd
Format = auto
Extension = pcd
Format = auto
Extension = pcd

fusion_method=early pred_boxes=17 gt_boxes=56
pred_scores_shape=(17,)
frame=35/41 receiver_sample=4/20 scenario=2026_07_29_02_32_08 timestamp=000128 cavs=[4, 1, 7, 12]
sgcp_constrained receiver=4 policy=all-cavs sources=[4, 1, 7, 12] clusters=20 ra=selective_pacp_lidar comm_bytes=73488 selected_grids={1: 11, 7: 12, 12: 12}
fusion_method=early pred_boxes=24 gt_boxes=65
pred_scores_shape=(24,)
frame=35/41 receiver_sample=5/20 scenario=2026_07_29_02_32_08 timestamp=000128 cavs=[5, 7, 16, 20]
sgcp_constrained receiver=5 policy=all-cavs sources=[5, 7, 16, 20] clusters=20 ra=selective_pacp_lidar comm_bytes=67424 selected_grids={7: 11, 16: 12, 20: 12}
fusion_method=early pred_boxes=24 gt_boxes=63
pred_scores_shape=(24,)
frame=35/41 receiver_sample=6/20 scenario=2026_07_29_02_32_08 timestamp=000128 cavs=[6, 15]
sgcp_constrained receiver=6 policy=all-cavs sources=[6, 15] clusters=20 ra=selective_pacp_lidar comm_bytes=24064 selected_grids={15: 12}
fusion_method=early pred_boxes=16 gt_boxes=54
pred_scores_shape=(16,)
frame=35/41 receiver_sample=7/20 scenario=2026_07_29_02_32_08 timestamp=000128 cavs=[7, 4, 12, 20]
sgcp_constrained receiver=7 policy=all-cavs sources=[7, 4, 12, 20] clusters=20 ra=selective_pacp_lidar comm_bytes=61088 selected_grids={4: 12, 12: 12, 20: 11}
fusion_method=early pred_boxes=27 gt_boxes=45
pred_scores_shape=(27,)
frame=35/41 receiver_sample=8/20 scenario=2026_07_29_02_32_08 timestamp=000128 cavs=[8, 1, 4, 7]
sgcp_constrained receiver=8 policy=all-cavs sources=[8, 1, 4, 7] clusters=20 ra=selective_pacp_lidar comm_bytes=73056 selected_grids={1: 12, 4: 12, 7: 11}
fusion_method=early pred_boxes=29 gt_boxes=46
pred_scores_shape=(29,)
frame=35/41 receiver_sample=9/20 scenario=2026_07_29_02_32_08 timestamp=000128 cavs=[9, 10, 13, 19]
sgcp_constrained receiver=9 policy=all-cavs sources=[9, 10, 13, 19] clusters=20 ra=selective_pacp_lidar comm_bytes=42304 selected_grids={10: 12, 13: 11, 19: 12}
fusion_method=early pred_boxes=23 gt_boxes=53
pred_scores_shape=(23,)
frame=35/41 receiver_sample=10/20 scenario=2026_07_29_02_32_08 timestamp=000128 cavs=[10, 8, 9, 19]
sgcp_constrained receiver=10 policy=all-cavs sources=[10, 8, 9, 19] clusters=20 ra=selective_pacp_lidar comm_bytes=41904 selected_grids={8: 12, 9: 12, 19: 12}
fusion_method=early pred_boxes=25 gt_boxes=67
pred_scores_shape=(25,)
frame=35/41 receiver_sample=11/20 scenario=2026_07_29_02_32_08 timestamp=000128 cavs=[11, 1, 2, 9]
sgcp_constrained receiver=11 policy=all-cavs sources=[11, 1, 2, 9] clusters=20 ra=selective_pacp_lidar comm_bytes=56416 selected_grids={1: 12, 2: 12, 9: 11}
fusion_method=early pred_boxes=24 gt_boxes=65
pred_scores_shape=(24,)
frame=35/41 receiver_sample=12/20 scenario=2026_07_29_02_32_08 timestamp=000128 cavs=[12, 4, 7]
sgcp_constrained receiver=12 policy=all-cavs sources=[12, 4, 7] clusters=20 ra=selective_pacp_lidar comm_bytes=49808 selected_grids={4: 12, 7: 12}
fusion_method=early pred_boxes=20 gt_boxes=52
pred_scores_shape=(20,)
frame=35/41 receiver_sample=13/20 scenario=2026_07_29_02_32_08 timestamp=000128 cavs=[13, 9, 14, 19]
sgcp_constrained receiver=13 policy=all-cavs sources=[13, 9, 14, 19] clusters=20 ra=selective_pacp_lidar comm_bytes=64864 selected_grids={9: 12, 14: 11, 19: 12}
fusion_method=early pred_boxes=17 gt_boxes=54
pred_scores_shape=(17,)
frame=35/41 receiver_sample=14/20 scenario=2026_07_29_02_32_08 timestamp=000128 cavs=[14, 13]
sgcp_constrained receiver=14 policy=all-cavs sources=[14, 13] clusters=20 ra=selective_pacp_lidar comm_bytes=28208 selected_grids={13: 12}
fusion_method=early pred_boxes=7 gt_boxes=8
pred_scores_shape=(7,)
frame=35/41 receiver_sample=15/20 scenario=2026_07_29_02_32_08 timestamp=000128 cavs=[15, 1, 2, 6]
sgcp_constrained receiver=15 policy=all-cavs sources=[15, 1, 2, 6] clusters=20 ra=selective_pacp_lidar comm_bytes=76240 selected_grids={1: 11, 2: 12, 6: 12}
fusion_method=early pred_boxes=26 gt_boxes=61
pred_scores_shape=(26,)
frame=35/41 receiver_sample=16/20 scenario=2026_07_29_02_32_08 timestamp=000128 cavs=[16, 3, 5, 17]
sgcp_constrained receiver=16 policy=all-cavs sources=[16, 3, 5, 17] clusters=20 ra=selective_pacp_lidar comm_bytes=51264 selected_grids={3: 11, 5: 12, 17: 11}
fusion_method=early pred_boxes=25 gt_boxes=66
pred_scores_shape=(25,)
frame=35/41 receiver_sample=17/20 scenario=2026_07_29_02_32_08 timestamp=000128 cavs=[17, 3, 5, 16]
sgcp_constrained receiver=17 policy=all-cavs sources=[17, 3, 5, 16] clusters=20 ra=selective_pacp_lidar comm_bytes=56496 selected_grids={3: 12, 5: 12, 16: 12}
fusion_method=early pred_boxes=20 gt_boxes=64
pred_scores_shape=(20,)
frame=35/41 receiver_sample=18/20 scenario=2026_07_29_02_32_08 timestamp=000128 cavs=[18, 3]
sgcp_constrained receiver=18 policy=all-cavs sources=[18, 3] clusters=20 ra=selective_pacp_lidar comm_bytes=28640 selected_grids={3: 12}
fusion_method=early pred_boxes=12 gt_boxes=29
pred_scores_shape=(12,)
frame=35/41 receiver_sample=19/20 scenario=2026_07_29_02_32_08 timestamp=000128 cavs=[19, 9, 10, 13]
sgcp_constrained receiver=19 policy=all-cavs sources=[19, 9, 10, 13] clusters=20 ra=selective_pacp_lidar comm_bytes=54592 selected_grids={9: 12, 10: 12, 13: 11}
fusion_method=early pred_boxes=24 gt_boxes=54
pred_scores_shape=(24,)
frame=35/41 receiver_sample=20/20 scenario=2026_07_29_02_32_08 timestamp=000128 cavs=[20, 5, 7, 9]
sgcp_constrained receiver=20 policy=all-cavs sources=[20, 5, 7, 9] clusters=20 ra=selective_pacp_lidar comm_bytes=66464 selected_grids={5: 12, 7: 12, 9: 12}
fusion_method=early pred_boxes=31 gt_boxes=59
pred_scores_shape=(31,)
frame=36/41 receiver_sample=1/20 scenario=2026_07_29_02_32_08 timestamp=000130 cavs=[1, 2, 8, 11]
sgcp_constrained receiver=1 policy=all-cavs sources=[1, 2, 8, 11] clusters=20 ra=selective_pacp_lidar comm_bytes=51168 selected_grids={2: 12, 8: 12, 11: 12}
fusion_method=early pred_boxes=26 gt_boxes=68
pred_scores_shape=(26,)
frame=36/41 receiver_sample=2/20 scenario=2026_07_29_02_32_08 timestamp=000130 cavs=[2, 1, 11, 15]
sgcp_constrained receiver=2 policy=all-cavs sources=[2, 1, 11, 15] clusters=20 ra=selective_pacp_lidar comm_bytes=44400 selected_grids={1: 11, 11: 12, 15: 12}
fusion_method=early pred_boxes=23 gt_boxes=69
pred_scores_shape=(23,)
frame=36/41 receiver_sample=3/20 scenario=2026_07_29_02_32_08 timestamp=000130 cavs=[3, 16, 17, 18]
sgcp_constrained receiver=3 policy=all-cavs sources=[3, 16, 17, 18] clusters=20 ra=selective_pacp_lidar comm_bytes=62752 selected_grids={16: 11, 17: 11, 18: 12}
fusion_method=early pred_boxes=18 gt_boxes=56
pred_scores_shape=(18,)
frame=36/41 receiver_sample=4/20 scenario=2026_07_29_02_32_08 timestamp=000130 cavs=[4, 1, 7, 12]
sgcp_constrained receiver=4 policy=all-cavs sources=[4, 1, 7, 12] clusters=20 ra=selective_pacp_lidar comm_bytes=76224 selected_grids={1: 11, 7: 12, 12: 12}
fusion_method=early pred_boxes=23 gt_boxes=65
pred_scores_shape=(23,)
frame=36/41 receiver_sample=5/20 scenario=2026_07_29_02_32_08 timestamp=000130 cavs=[5, 7, 16, 20]
sgcp_constrained receiver=5 policy=all-cavs sources=[5, 7, 16, 20] clusters=20 ra=selective_pacp_lidar comm_bytes=66144 selected_grids={7: 11, 16: 12, 20: 11}
fusion_method=early pred_boxes=26 gt_boxes=65
pred_scores_shape=(26,)
frame=36/41 receiver_sample=6/20 scenario=2026_07_29_02_32_08 timestamp=000130 cavs=[6, 15]
sgcp_constrained receiver=6 policy=all-cavs sources=[6, 15] clusters=20 ra=selective_pacp_lidar comm_bytes=23536 selected_grids={15: 13}
fusion_method=early pred_boxes=15 gt_boxes=54
pred_scores_shape=(15,)
frame=36/41 receiver_sample=7/20 scenario=2026_07_29_02_32_08 timestamp=000130 cavs=[7, 4, 12, 20]
sgcp_constrained receiver=7 policy=all-cavs sources=[7, 4, 12, 20] clusters=20 ra=selective_pacp_lidar comm_bytes=61904 selected_grids={4: 12, 12: 12, 20: 11}
fusion_method=early pred_boxes=27 gt_boxes=45
pred_scores_shape=(27,)
frame=36/41 receiver_sample=8/20 scenario=2026_07_29_02_32_08 timestamp=000130 cavs=[8, 1, 4, 7]
sgcp_constrained receiver=8 policy=all-cavs sources=[8, 1, 4, 7] clusters=20 ra=selective_pacp_lidar comm_bytes=73680 selected_grids={1: 12, 4: 12, 7: 11}
fusion_method=early pred_boxes=26 gt_boxes=46Format = auto
Extension = pcd
Format = auto
Extension = pcd
Format = auto
Extension = pcd
Format = auto
Extension = pcd
Format = auto
Extension = pcd
Format = auto
Extension = pcd
Format = auto
Extension = pcd
Format = auto
Extension = pcd
Format = auto
Extension = pcd
Format = auto
Extension = pcd
Format = auto
Extension = pcd
Format = auto
Extension = pcd
Format = auto
Extension = pcd
Format = auto
Extension = pcd
Format = auto
Extension = pcd
Format = auto
Extension = pcd
Format = auto
Extension = pcd
Format = auto
Extension = pcd
Format = auto
Extension = pcd
Format = auto
Extension = pcd

pred_scores_shape=(26,)
frame=36/41 receiver_sample=9/20 scenario=2026_07_29_02_32_08 timestamp=000130 cavs=[9, 10, 13, 19]
sgcp_constrained receiver=9 policy=all-cavs sources=[9, 10, 13, 19] clusters=20 ra=selective_pacp_lidar comm_bytes=44880 selected_grids={10: 12, 13: 11, 19: 12}
fusion_method=early pred_boxes=24 gt_boxes=53
pred_scores_shape=(24,)
frame=36/41 receiver_sample=10/20 scenario=2026_07_29_02_32_08 timestamp=000130 cavs=[10, 8, 9, 19]
sgcp_constrained receiver=10 policy=all-cavs sources=[10, 8, 9, 19] clusters=20 ra=selective_pacp_lidar comm_bytes=42160 selected_grids={8: 12, 9: 12, 19: 12}
fusion_method=early pred_boxes=23 gt_boxes=67
pred_scores_shape=(23,)
frame=36/41 receiver_sample=11/20 scenario=2026_07_29_02_32_08 timestamp=000130 cavs=[11, 1, 2, 9]
sgcp_constrained receiver=11 policy=all-cavs sources=[11, 1, 2, 9] clusters=20 ra=selective_pacp_lidar comm_bytes=56544 selected_grids={1: 12, 2: 12, 9: 11}
fusion_method=early pred_boxes=27 gt_boxes=64
pred_scores_shape=(27,)
frame=36/41 receiver_sample=12/20 scenario=2026_07_29_02_32_08 timestamp=000130 cavs=[12, 4, 7]
sgcp_constrained receiver=12 policy=all-cavs sources=[12, 4, 7] clusters=20 ra=selective_pacp_lidar comm_bytes=52080 selected_grids={4: 12, 7: 12}
fusion_method=early pred_boxes=19 gt_boxes=52
pred_scores_shape=(19,)
frame=36/41 receiver_sample=13/20 scenario=2026_07_29_02_32_08 timestamp=000130 cavs=[13, 9, 14, 19]
sgcp_constrained receiver=13 policy=all-cavs sources=[13, 9, 14, 19] clusters=20 ra=selective_pacp_lidar comm_bytes=64400 selected_grids={9: 11, 14: 11, 19: 12}
fusion_method=early pred_boxes=17 gt_boxes=53
pred_scores_shape=(17,)
frame=36/41 receiver_sample=14/20 scenario=2026_07_29_02_32_08 timestamp=000130 cavs=[14, 13]
sgcp_constrained receiver=14 policy=all-cavs sources=[14, 13] clusters=20 ra=selective_pacp_lidar comm_bytes=28000 selected_grids={13: 12}
fusion_method=early pred_boxes=7 gt_boxes=8
pred_scores_shape=(7,)
frame=36/41 receiver_sample=15/20 scenario=2026_07_29_02_32_08 timestamp=000130 cavs=[15, 1, 2, 6]
sgcp_constrained receiver=15 policy=all-cavs sources=[15, 1, 2, 6] clusters=20 ra=selective_pacp_lidar comm_bytes=75648 selected_grids={1: 11, 2: 12, 6: 12}
fusion_method=early pred_boxes=28 gt_boxes=61
pred_scores_shape=(28,)
frame=36/41 receiver_sample=16/20 scenario=2026_07_29_02_32_08 timestamp=000130 cavs=[16, 3, 5, 17]
sgcp_constrained receiver=16 policy=all-cavs sources=[16, 3, 5, 17] clusters=20 ra=selective_pacp_lidar comm_bytes=51216 selected_grids={3: 11, 5: 12, 17: 11}
fusion_method=early pred_boxes=25 gt_boxes=65
pred_scores_shape=(25,)
frame=36/41 receiver_sample=17/20 scenario=2026_07_29_02_32_08 timestamp=000130 cavs=[17, 3, 5, 16]
sgcp_constrained receiver=17 policy=all-cavs sources=[17, 3, 5, 16] clusters=20 ra=selective_pacp_lidar comm_bytes=55280 selected_grids={3: 12, 5: 12, 16: 12}
fusion_method=early pred_boxes=22 gt_boxes=64
pred_scores_shape=(22,)
frame=36/41 receiver_sample=18/20 scenario=2026_07_29_02_32_08 timestamp=000130 cavs=[18, 3]
sgcp_constrained receiver=18 policy=all-cavs sources=[18, 3] clusters=20 ra=selective_pacp_lidar comm_bytes=29104 selected_grids={3: 12}
fusion_method=early pred_boxes=12 gt_boxes=29
pred_scores_shape=(12,)
frame=36/41 receiver_sample=19/20 scenario=2026_07_29_02_32_08 timestamp=000130 cavs=[19, 9, 10, 13]
sgcp_constrained receiver=19 policy=all-cavs sources=[19, 9, 10, 13] clusters=20 ra=selective_pacp_lidar comm_bytes=52656 selected_grids={9: 12, 10: 12, 13: 11}
fusion_method=early pred_boxes=23 gt_boxes=54
pred_scores_shape=(23,)
frame=36/41 receiver_sample=20/20 scenario=2026_07_29_02_32_08 timestamp=000130 cavs=[20, 5, 7, 9]
sgcp_constrained receiver=20 policy=all-cavs sources=[20, 5, 7, 9] clusters=20 ra=selective_pacp_lidar comm_bytes=67024 selected_grids={5: 12, 7: 12, 9: 12}
fusion_method=early pred_boxes=28 gt_boxes=59
pred_scores_shape=(28,)
frame=37/41 receiver_sample=1/20 scenario=2026_07_29_02_32_08 timestamp=000132 cavs=[1, 2, 8, 11]
sgcp_constrained receiver=1 policy=all-cavs sources=[1, 2, 8, 11] clusters=20 ra=selective_pacp_lidar comm_bytes=51280 selected_grids={2: 12, 8: 12, 11: 12}
fusion_method=early pred_boxes=26 gt_boxes=68
pred_scores_shape=(26,)
frame=37/41 receiver_sample=2/20 scenario=2026_07_29_02_32_08 timestamp=000132 cavs=[2, 1, 11, 15]
sgcp_constrained receiver=2 policy=all-cavs sources=[2, 1, 11, 15] clusters=20 ra=selective_pacp_lidar comm_bytes=44352 selected_grids={1: 11, 11: 12, 15: 12}
fusion_method=early pred_boxes=23 gt_boxes=69
pred_scores_shape=(23,)
frame=37/41 receiver_sample=3/20 scenario=2026_07_29_02_32_08 timestamp=000132 cavs=[3, 16, 17, 18]
sgcp_constrained receiver=3 policy=all-cavs sources=[3, 16, 17, 18] clusters=20 ra=selective_pacp_lidar comm_bytes=60288 selected_grids={16: 11, 17: 11, 18: 12}
fusion_method=early pred_boxes=17 gt_boxes=56
pred_scores_shape=(17,)
frame=37/41 receiver_sample=4/20 scenario=2026_07_29_02_32_08 timestamp=000132 cavs=[4, 1, 7, 12]
sgcp_constrained receiver=4 policy=all-cavs sources=[4, 1, 7, 12] clusters=20 ra=selective_pacp_lidar comm_bytes=78528 selected_grids={1: 11, 7: 12, 12: 12}
fusion_method=early pred_boxes=27 gt_boxes=65
pred_scores_shape=(27,)
frame=37/41 receiver_sample=5/20 scenario=2026_07_29_02_32_08 timestamp=000132 cavs=[5, 7, 16, 20]
sgcp_constrained receiver=5 policy=all-cavs sources=[5, 7, 16, 20] clusters=20 ra=selective_pacp_lidar comm_bytes=62560 selected_grids={7: 11, 16: 11, 20: 11}
fusion_method=early pred_boxes=29 gt_boxes=66
pred_scores_shape=(29,)
frame=37/41 receiver_sample=6/20 scenario=2026_07_29_02_32_08 timestamp=000132 cavs=[6, 15]
sgcp_constrained receiver=6 policy=all-cavs sources=[6, 15] clusters=20 ra=selective_pacp_lidar comm_bytes=24368 selected_grids={15: 12}
fusion_method=early pred_boxes=17 gt_boxes=54
pred_scores_shape=(17,)
frame=37/41 receiver_sample=7/20 scenario=2026_07_29_02_32_08 timestamp=000132 cavs=[7, 4, 12, 20]
sgcp_constrained receiver=7 policy=all-cavs sources=[7, 4, 12, 20] clusters=20 ra=selective_pacp_lidar comm_bytes=62064 selected_grids={4: 12, 12: 12, 20: 11}
fusion_method=early pred_boxes=26 gt_boxes=45
pred_scores_shape=(26,)
frame=37/41 receiver_sample=8/20 scenario=2026_07_29_02_32_08 timestamp=000132 cavs=[8, 1, 4, 7]
sgcp_constrained receiver=8 policy=all-cavs sources=[8, 1, 4, 7] clusters=20 ra=selective_pacp_lidar comm_bytes=72080 selected_grids={1: 11, 4: 11, 7: 11}
fusion_method=early pred_boxes=29 gt_boxes=47
pred_scores_shape=(29,)
frame=37/41 receiver_sample=9/20 scenario=2026_07_29_02_32_08 timestamp=000132 cavs=[9, 10, 19, 20]
sgcp_constrained receiver=9 policy=all-cavs sources=[9, 10, 19, 20] clusters=20 ra=selective_pacp_lidar comm_bytes=49392 selected_grids={10: 12, 19: 12, 20: 11}
fusion_method=early pred_boxes=27 gt_boxes=53
pred_scores_shape=(27,)
frame=37/41 receiver_sample=10/20 scenario=2026_07_29_02_32_08 timestamp=000132 cavs=[10, 8, 9, 19]
sgcp_constrained receiver=10 policy=all-cavs sources=[10, 8, 9, 19] clusters=20 ra=selective_pacp_lidar comm_bytes=42816 selected_grids={8: 12, 9: 12, 19: 12}
fusion_method=early pred_boxes=25 gt_boxes=66
pred_scores_shape=(25,)
frame=37/41 receiver_sample=11/20 scenario=2026_07_29_02_32_08 timestamp=000132 cavs=[11, 1, 2, 9]
sgcp_constrained receiver=11 policy=all-cavs sources=[11, 1, 2, 9] clusters=20 ra=selective_pacp_lidar comm_bytes=56720 selected_grids={1: 12, 2: 12, 9: 11}
fusion_method=early pred_boxes=27 gt_boxes=64
pred_scores_shape=(27,)
frame=37/41 receiver_sample=12/20 scenario=2026_07_29_02_32_08 timestamp=000132 cavs=[12, 4, 7]
sgcp_constrained receiver=12 policy=all-cavs sources=[12, 4, 7] clusters=20 ra=selective_pacp_lidar comm_bytes=50608 selected_grids={4: 12, 7: 12}
fusion_method=early pred_boxes=17 gt_boxes=52
pred_scores_shape=(17,)
frame=37/41 receiver_sample=13/20 scenario=2026_07_29_02_32_08 timestamp=000132 cavs=[13, 9, 14, 19]
sgcp_constrained receiver=13 policy=all-cavs sources=[13, 9, 14, 19] clusters=20 ra=selective_pacp_lidar comm_bytes=67360 selected_grids={9: 11, 14: 12, 19: 12}
fusion_method=early pred_boxes=17 gt_boxes=53
pred_scores_shape=(17,)Format = auto
Extension = pcd
Format = auto
Extension = pcd
Format = auto
Extension = pcd
Format = auto
Extension = pcd
Format = auto
Extension = pcd
Format = auto
Extension = pcd
Format = auto
Extension = pcd
Format = auto
Extension = pcd
Format = auto
Extension = pcd
Format = auto
Extension = pcd
Format = auto
Extension = pcd
Format = auto
Extension = pcd
Format = auto
Extension = pcd
Format = auto
Extension = pcd
Format = auto
Extension = pcd
Format = auto
Extension = pcd
Format = auto
Extension = pcd
Format = auto
Extension = pcd
Format = auto
Extension = pcd
Format = auto
Extension = pcd

frame=37/41 receiver_sample=14/20 scenario=2026_07_29_02_32_08 timestamp=000132 cavs=[14, 13]
sgcp_constrained receiver=14 policy=all-cavs sources=[14, 13] clusters=20 ra=selective_pacp_lidar comm_bytes=24512 selected_grids={13: 12}
fusion_method=early pred_boxes=7 gt_boxes=8
pred_scores_shape=(7,)
frame=37/41 receiver_sample=15/20 scenario=2026_07_29_02_32_08 timestamp=000132 cavs=[15, 1, 2, 6]
sgcp_constrained receiver=15 policy=all-cavs sources=[15, 1, 2, 6] clusters=20 ra=selective_pacp_lidar comm_bytes=76704 selected_grids={1: 11, 2: 12, 6: 12}
fusion_method=early pred_boxes=25 gt_boxes=61
pred_scores_shape=(25,)
frame=37/41 receiver_sample=16/20 scenario=2026_07_29_02_32_08 timestamp=000132 cavs=[16, 3, 5, 17]
sgcp_constrained receiver=16 policy=all-cavs sources=[16, 3, 5, 17] clusters=20 ra=selective_pacp_lidar comm_bytes=51024 selected_grids={3: 11, 5: 12, 17: 11}
fusion_method=early pred_boxes=23 gt_boxes=64
pred_scores_shape=(23,)
frame=37/41 receiver_sample=17/20 scenario=2026_07_29_02_32_08 timestamp=000132 cavs=[17, 3, 5, 16]
sgcp_constrained receiver=17 policy=all-cavs sources=[17, 3, 5, 16] clusters=20 ra=selective_pacp_lidar comm_bytes=55712 selected_grids={3: 12, 5: 12, 16: 12}
fusion_method=early pred_boxes=23 gt_boxes=64
pred_scores_shape=(23,)
frame=37/41 receiver_sample=18/20 scenario=2026_07_29_02_32_08 timestamp=000132 cavs=[18, 3]
sgcp_constrained receiver=18 policy=all-cavs sources=[18, 3] clusters=20 ra=selective_pacp_lidar comm_bytes=27776 selected_grids={3: 12}
fusion_method=early pred_boxes=12 gt_boxes=29
pred_scores_shape=(12,)
frame=37/41 receiver_sample=19/20 scenario=2026_07_29_02_32_08 timestamp=000132 cavs=[19, 9, 10, 13]
sgcp_constrained receiver=19 policy=all-cavs sources=[19, 9, 10, 13] clusters=20 ra=selective_pacp_lidar comm_bytes=51904 selected_grids={9: 12, 10: 11, 13: 11}
fusion_method=early pred_boxes=22 gt_boxes=54
pred_scores_shape=(22,)
frame=37/41 receiver_sample=20/20 scenario=2026_07_29_02_32_08 timestamp=000132 cavs=[20, 5, 7, 9]
sgcp_constrained receiver=20 policy=all-cavs sources=[20, 5, 7, 9] clusters=20 ra=selective_pacp_lidar comm_bytes=68752 selected_grids={5: 12, 7: 12, 9: 12}
fusion_method=early pred_boxes=28 gt_boxes=59
pred_scores_shape=(28,)
frame=38/41 receiver_sample=1/20 scenario=2026_07_29_02_32_08 timestamp=000134 cavs=[1, 2, 8, 11]
sgcp_constrained receiver=1 policy=all-cavs sources=[1, 2, 8, 11] clusters=20 ra=selective_pacp_lidar comm_bytes=51264 selected_grids={2: 12, 8: 12, 11: 12}
fusion_method=early pred_boxes=26 gt_boxes=68
pred_scores_shape=(26,)
frame=38/41 receiver_sample=2/20 scenario=2026_07_29_02_32_08 timestamp=000134 cavs=[2, 1, 11, 15]
sgcp_constrained receiver=2 policy=all-cavs sources=[2, 1, 11, 15] clusters=20 ra=selective_pacp_lidar comm_bytes=44048 selected_grids={1: 11, 11: 12, 15: 12}
fusion_method=early pred_boxes=25 gt_boxes=69
pred_scores_shape=(25,)
frame=38/41 receiver_sample=3/20 scenario=2026_07_29_02_32_08 timestamp=000134 cavs=[3, 16, 17, 18]
sgcp_constrained receiver=3 policy=all-cavs sources=[3, 16, 17, 18] clusters=20 ra=selective_pacp_lidar comm_bytes=58304 selected_grids={16: 11, 17: 11, 18: 12}
fusion_method=early pred_boxes=17 gt_boxes=56
pred_scores_shape=(17,)
frame=38/41 receiver_sample=4/20 scenario=2026_07_29_02_32_08 timestamp=000134 cavs=[4, 1, 7, 12]
sgcp_constrained receiver=4 policy=all-cavs sources=[4, 1, 7, 12] clusters=20 ra=selective_pacp_lidar comm_bytes=78032 selected_grids={1: 11, 7: 12, 12: 12}
fusion_method=early pred_boxes=26 gt_boxes=65
pred_scores_shape=(26,)
frame=38/41 receiver_sample=5/20 scenario=2026_07_29_02_32_08 timestamp=000134 cavs=[5, 7, 16, 20]
sgcp_constrained receiver=5 policy=all-cavs sources=[5, 7, 16, 20] clusters=20 ra=selective_pacp_lidar comm_bytes=60320 selected_grids={7: 11, 16: 11, 20: 11}
fusion_method=early pred_boxes=27 gt_boxes=68
pred_scores_shape=(27,)
frame=38/41 receiver_sample=6/20 scenario=2026_07_29_02_32_08 timestamp=000134 cavs=[6, 15]
sgcp_constrained receiver=6 policy=all-cavs sources=[6, 15] clusters=20 ra=selective_pacp_lidar comm_bytes=23904 selected_grids={15: 12}
fusion_method=early pred_boxes=17 gt_boxes=54
pred_scores_shape=(17,)
frame=38/41 receiver_sample=7/20 scenario=2026_07_29_02_32_08 timestamp=000134 cavs=[7, 4, 12, 20]
sgcp_constrained receiver=7 policy=all-cavs sources=[7, 4, 12, 20] clusters=20 ra=selective_pacp_lidar comm_bytes=65136 selected_grids={4: 12, 12: 12, 20: 11}
fusion_method=early pred_boxes=26 gt_boxes=45
pred_scores_shape=(26,)
frame=38/41 receiver_sample=8/20 scenario=2026_07_29_02_32_08 timestamp=000134 cavs=[8, 1, 4, 7]
sgcp_constrained receiver=8 policy=all-cavs sources=[8, 1, 4, 7] clusters=20 ra=selective_pacp_lidar comm_bytes=71792 selected_grids={1: 11, 4: 11, 7: 11}
fusion_method=early pred_boxes=28 gt_boxes=47
pred_scores_shape=(28,)
frame=38/41 receiver_sample=9/20 scenario=2026_07_29_02_32_08 timestamp=000134 cavs=[9, 10, 19, 20]
sgcp_constrained receiver=9 policy=all-cavs sources=[9, 10, 19, 20] clusters=20 ra=selective_pacp_lidar comm_bytes=50336 selected_grids={10: 12, 19: 12, 20: 11}
fusion_method=early pred_boxes=26 gt_boxes=52
pred_scores_shape=(26,)
frame=38/41 receiver_sample=10/20 scenario=2026_07_29_02_32_08 timestamp=000134 cavs=[10, 8, 9, 20]
sgcp_constrained receiver=10 policy=all-cavs sources=[10, 8, 9, 20] clusters=20 ra=selective_pacp_lidar comm_bytes=62352 selected_grids={8: 12, 9: 12, 20: 11}
fusion_method=early pred_boxes=27 gt_boxes=66
pred_scores_shape=(27,)
frame=38/41 receiver_sample=11/20 scenario=2026_07_29_02_32_08 timestamp=000134 cavs=[11, 1, 2, 9]
sgcp_constrained receiver=11 policy=all-cavs sources=[11, 1, 2, 9] clusters=20 ra=selective_pacp_lidar comm_bytes=56192 selected_grids={1: 11, 2: 12, 9: 11}
fusion_method=early pred_boxes=27 gt_boxes=63
pred_scores_shape=(27,)
frame=38/41 receiver_sample=12/20 scenario=2026_07_29_02_32_08 timestamp=000134 cavs=[12, 4, 7]
sgcp_constrained receiver=12 policy=all-cavs sources=[12, 4, 7] clusters=20 ra=selective_pacp_lidar comm_bytes=46800 selected_grids={4: 11, 7: 12}
fusion_method=early pred_boxes=18 gt_boxes=52
pred_scores_shape=(18,)
frame=38/41 receiver_sample=13/20 scenario=2026_07_29_02_32_08 timestamp=000134 cavs=[13, 9, 14, 19]
sgcp_constrained receiver=13 policy=all-cavs sources=[13, 9, 14, 19] clusters=20 ra=selective_pacp_lidar comm_bytes=68080 selected_grids={9: 11, 14: 12, 19: 12}
fusion_method=early pred_boxes=17 gt_boxes=53
pred_scores_shape=(17,)
frame=38/41 receiver_sample=14/20 scenario=2026_07_29_02_32_08 timestamp=000134 cavs=[14, 13]
sgcp_constrained receiver=14 policy=all-cavs sources=[14, 13] clusters=20 ra=selective_pacp_lidar comm_bytes=23664 selected_grids={13: 12}
fusion_method=early pred_boxes=7 gt_boxes=8
pred_scores_shape=(7,)
frame=38/41 receiver_sample=15/20 scenario=2026_07_29_02_32_08 timestamp=000134 cavs=[15, 1, 2, 6]
sgcp_constrained receiver=15 policy=all-cavs sources=[15, 1, 2, 6] clusters=20 ra=selective_pacp_lidar comm_bytes=71952 selected_grids={1: 11, 2: 11, 6: 11}
fusion_method=early pred_boxes=21 gt_boxes=61
pred_scores_shape=(21,)
frame=38/41 receiver_sample=16/20 scenario=2026_07_29_02_32_08 timestamp=000134 cavs=[16, 3, 5, 17]
sgcp_constrained receiver=16 policy=all-cavs sources=[16, 3, 5, 17] clusters=20 ra=selective_pacp_lidar comm_bytes=49664 selected_grids={3: 11, 5: 12, 17: 11}
fusion_method=early pred_boxes=23 gt_boxes=64
pred_scores_shape=(23,)
frame=38/41 receiver_sample=17/20 scenario=2026_07_29_02_32_08 timestamp=000134 cavs=[17, 3, 5, 16]
sgcp_constrained receiver=17 policy=all-cavs sources=[17, 3, 5, 16] clusters=20 ra=selective_pacp_lidar comm_bytes=52672 selected_grids={3: 12, 5: 12, 16: 12}
fusion_method=early pred_boxes=22 gt_boxes=64
pred_scores_shape=(22,)
frame=38/41 receiver_sample=18/20 scenario=2026_07_29_02_32_08 timestamp=000134 cavs=[18, 3]
sgcp_constrained receiver=18 policy=all-cavs sources=[18, 3] clusters=20 ra=selective_pacp_lidar comm_bytes=25504 selected_grids={3: 12}
fusion_method=early pred_boxes=12 gt_boxes=29
pred_scores_shape=(12,)
frame=38/41 receiver_sample=19/20 scenario=2026_07_29_02_32_08 timestamp=000134 cavs=[19, 9, 10, 13]Format = auto
Extension = pcd
Format = auto
Extension = pcd
Format = auto
Extension = pcd
Format = auto
Extension = pcd
Format = auto
Extension = pcd
Format = auto
Extension = pcd
Format = auto
Extension = pcd
Format = auto
Extension = pcd
Format = auto
Extension = pcd
Format = auto
Extension = pcd
Format = auto
Extension = pcd
Format = auto
Extension = pcd
Format = auto
Extension = pcd
Format = auto
Extension = pcd
Format = auto
Extension = pcd
Format = auto
Extension = pcd
Format = auto
Extension = pcd
Format = auto
Extension = pcd
Format = auto
Extension = pcd
Format = auto
Extension = pcd
Format = auto
Extension = pcd
Format = auto
Extension = pcd
Format = auto
Extension = pcd
Format = auto
Extension = pcd
Format = auto
Extension = pcd
Format = auto
Extension = pcd
Format = auto
Extension = pcd
Format = auto
Extension = pcd
Format = auto
Extension = pcd
Format = auto
Extension = pcd
Format = auto
Extension = pcd
Format = auto
Extension = pcd
Format = auto
Extension = pcd
Format = auto
Extension = pcd
Format = auto
Extension = pcd
Format = auto
Extension = pcd
Format = auto
Extension = pcd
Format = auto
Extension = pcd
Format = auto
Extension = pcd
Format = auto
Extension = pcd

sgcp_constrained receiver=19 policy=all-cavs sources=[19, 9, 10, 13] clusters=20 ra=selective_pacp_lidar comm_bytes=52400 selected_grids={9: 12, 10: 12, 13: 11}
fusion_method=early pred_boxes=23 gt_boxes=54
pred_scores_shape=(23,)
frame=38/41 receiver_sample=20/20 scenario=2026_07_29_02_32_08 timestamp=000134 cavs=[20, 5, 7, 9]
sgcp_constrained receiver=20 policy=all-cavs sources=[20, 5, 7, 9] clusters=20 ra=selective_pacp_lidar comm_bytes=66384 selected_grids={5: 12, 7: 12, 9: 11}
fusion_method=early pred_boxes=30 gt_boxes=59
pred_scores_shape=(30,)
frame=39/41 receiver_sample=1/20 scenario=2026_07_29_02_32_08 timestamp=000136 cavs=[1, 2, 8, 11]
sgcp_constrained receiver=1 policy=all-cavs sources=[1, 2, 8, 11] clusters=20 ra=selective_pacp_lidar comm_bytes=51184 selected_grids={2: 12, 8: 12, 11: 12}
fusion_method=early pred_boxes=27 gt_boxes=68
pred_scores_shape=(27,)
frame=39/41 receiver_sample=2/20 scenario=2026_07_29_02_32_08 timestamp=000136 cavs=[2, 1, 11, 15]
sgcp_constrained receiver=2 policy=all-cavs sources=[2, 1, 11, 15] clusters=20 ra=selective_pacp_lidar comm_bytes=43664 selected_grids={1: 11, 11: 12, 15: 12}
fusion_method=early pred_boxes=22 gt_boxes=69
pred_scores_shape=(22,)
frame=39/41 receiver_sample=3/20 scenario=2026_07_29_02_32_08 timestamp=000136 cavs=[3, 16, 17, 18]
sgcp_constrained receiver=3 policy=all-cavs sources=[3, 16, 17, 18] clusters=20 ra=selective_pacp_lidar comm_bytes=62608 selected_grids={16: 11, 17: 11, 18: 12}
fusion_method=early pred_boxes=16 gt_boxes=56
pred_scores_shape=(16,)
frame=39/41 receiver_sample=4/20 scenario=2026_07_29_02_32_08 timestamp=000136 cavs=[4, 1, 7, 12]
sgcp_constrained receiver=4 policy=all-cavs sources=[4, 1, 7, 12] clusters=20 ra=selective_pacp_lidar comm_bytes=79728 selected_grids={1: 11, 7: 12, 12: 12}
fusion_method=early pred_boxes=25 gt_boxes=65
pred_scores_shape=(25,)
frame=39/41 receiver_sample=5/20 scenario=2026_07_29_02_32_08 timestamp=000136 cavs=[5, 7, 16, 20]
sgcp_constrained receiver=5 policy=all-cavs sources=[5, 7, 16, 20] clusters=20 ra=selective_pacp_lidar comm_bytes=61456 selected_grids={7: 11, 16: 11, 20: 12}
fusion_method=early pred_boxes=29 gt_boxes=68
pred_scores_shape=(29,)
frame=39/41 receiver_sample=6/20 scenario=2026_07_29_02_32_08 timestamp=000136 cavs=[6, 15]
sgcp_constrained receiver=6 policy=all-cavs sources=[6, 15] clusters=20 ra=selective_pacp_lidar comm_bytes=23536 selected_grids={15: 13}
fusion_method=early pred_boxes=16 gt_boxes=54
pred_scores_shape=(16,)
frame=39/41 receiver_sample=7/20 scenario=2026_07_29_02_32_08 timestamp=000136 cavs=[7, 4, 12, 20]
sgcp_constrained receiver=7 policy=all-cavs sources=[7, 4, 12, 20] clusters=20 ra=selective_pacp_lidar comm_bytes=65488 selected_grids={4: 12, 12: 12, 20: 11}
fusion_method=early pred_boxes=27 gt_boxes=45
pred_scores_shape=(27,)
frame=39/41 receiver_sample=8/20 scenario=2026_07_29_02_32_08 timestamp=000136 cavs=[8, 1, 4, 7]
sgcp_constrained receiver=8 policy=all-cavs sources=[8, 1, 4, 7] clusters=20 ra=selective_pacp_lidar comm_bytes=72800 selected_grids={1: 12, 4: 12, 7: 11}
fusion_method=early pred_boxes=27 gt_boxes=47
pred_scores_shape=(27,)
frame=39/41 receiver_sample=9/20 scenario=2026_07_29_02_32_08 timestamp=000136 cavs=[9, 10, 19, 20]
sgcp_constrained receiver=9 policy=all-cavs sources=[9, 10, 19, 20] clusters=20 ra=selective_pacp_lidar comm_bytes=48384 selected_grids={10: 12, 19: 12, 20: 11}
fusion_method=early pred_boxes=27 gt_boxes=53
pred_scores_shape=(27,)
frame=39/41 receiver_sample=10/20 scenario=2026_07_29_02_32_08 timestamp=000136 cavs=[10, 8, 9, 19]
sgcp_constrained receiver=10 policy=all-cavs sources=[10, 8, 9, 19] clusters=20 ra=selective_pacp_lidar comm_bytes=42768 selected_grids={8: 12, 9: 12, 19: 12}
fusion_method=early pred_boxes=23 gt_boxes=65
pred_scores_shape=(23,)
frame=39/41 receiver_sample=11/20 scenario=2026_07_29_02_32_08 timestamp=000136 cavs=[11, 1, 2, 9]
sgcp_constrained receiver=11 policy=all-cavs sources=[11, 1, 2, 9] clusters=20 ra=selective_pacp_lidar comm_bytes=56240 selected_grids={1: 11, 2: 12, 9: 11}
fusion_method=early pred_boxes=26 gt_boxes=64
pred_scores_shape=(26,)
frame=39/41 receiver_sample=12/20 scenario=2026_07_29_02_32_08 timestamp=000136 cavs=[12, 4, 7]
sgcp_constrained receiver=12 policy=all-cavs sources=[12, 4, 7] clusters=20 ra=selective_pacp_lidar comm_bytes=49888 selected_grids={4: 12, 7: 12}
fusion_method=early pred_boxes=18 gt_boxes=51
pred_scores_shape=(18,)
frame=39/41 receiver_sample=13/20 scenario=2026_07_29_02_32_08 timestamp=000136 cavs=[13, 9, 14, 19]
sgcp_constrained receiver=13 policy=all-cavs sources=[13, 9, 14, 19] clusters=20 ra=selective_pacp_lidar comm_bytes=68304 selected_grids={9: 11, 14: 12, 19: 12}
fusion_method=early pred_boxes=18 gt_boxes=52
pred_scores_shape=(18,)
frame=39/41 receiver_sample=14/20 scenario=2026_07_29_02_32_08 timestamp=000136 cavs=[14, 13]
sgcp_constrained receiver=14 policy=all-cavs sources=[14, 13] clusters=20 ra=selective_pacp_lidar comm_bytes=23664 selected_grids={13: 12}
fusion_method=early pred_boxes=7 gt_boxes=8
pred_scores_shape=(7,)
frame=39/41 receiver_sample=15/20 scenario=2026_07_29_02_32_08 timestamp=000136 cavs=[15, 1, 2, 6]
sgcp_constrained receiver=15 policy=all-cavs sources=[15, 1, 2, 6] clusters=20 ra=selective_pacp_lidar comm_bytes=74048 selected_grids={1: 11, 2: 12, 6: 12}
fusion_method=early pred_boxes=26 gt_boxes=61
pred_scores_shape=(26,)
frame=39/41 receiver_sample=16/20 scenario=2026_07_29_02_32_08 timestamp=000136 cavs=[16, 3, 5, 17]
sgcp_constrained receiver=16 policy=all-cavs sources=[16, 3, 5, 17] clusters=20 ra=selective_pacp_lidar comm_bytes=50976 selected_grids={3: 11, 5: 12, 17: 11}
fusion_method=early pred_boxes=23 gt_boxes=64
pred_scores_shape=(23,)
frame=39/41 receiver_sample=17/20 scenario=2026_07_29_02_32_08 timestamp=000136 cavs=[17, 3, 5, 16]
sgcp_constrained receiver=17 policy=all-cavs sources=[17, 3, 5, 16] clusters=20 ra=selective_pacp_lidar comm_bytes=52496 selected_grids={3: 12, 5: 12, 16: 12}
fusion_method=early pred_boxes=22 gt_boxes=64
pred_scores_shape=(22,)
frame=39/41 receiver_sample=18/20 scenario=2026_07_29_02_32_08 timestamp=000136 cavs=[18, 3]
sgcp_constrained receiver=18 policy=all-cavs sources=[18, 3] clusters=20 ra=selective_pacp_lidar comm_bytes=28624 selected_grids={3: 12}
fusion_method=early pred_boxes=11 gt_boxes=29
pred_scores_shape=(11,)
frame=39/41 receiver_sample=19/20 scenario=2026_07_29_02_32_08 timestamp=000136 cavs=[19, 9, 10, 13]
sgcp_constrained receiver=19 policy=all-cavs sources=[19, 9, 10, 13] clusters=20 ra=selective_pacp_lidar comm_bytes=53456 selected_grids={9: 12, 10: 11, 13: 11}
fusion_method=early pred_boxes=23 gt_boxes=54
pred_scores_shape=(23,)
frame=39/41 receiver_sample=20/20 scenario=2026_07_29_02_32_08 timestamp=000136 cavs=[20, 5, 7, 9]
sgcp_constrained receiver=20 policy=all-cavs sources=[20, 5, 7, 9] clusters=20 ra=selective_pacp_lidar comm_bytes=69488 selected_grids={5: 12, 7: 12, 9: 12}
fusion_method=early pred_boxes=28 gt_boxes=58
pred_scores_shape=(28,)
frame=40/41 receiver_sample=1/20 scenario=2026_07_29_02_32_08 timestamp=000138 cavs=[1, 2, 8, 11]
sgcp_constrained receiver=1 policy=all-cavs sources=[1, 2, 8, 11] clusters=20 ra=selective_pacp_lidar comm_bytes=51328 selected_grids={2: 12, 8: 12, 11: 12}
fusion_method=early pred_boxes=27 gt_boxes=68
pred_scores_shape=(27,)
frame=40/41 receiver_sample=2/20 scenario=2026_07_29_02_32_08 timestamp=000138 cavs=[2, 1, 11, 15]
sgcp_constrained receiver=2 policy=all-cavs sources=[2, 1, 11, 15] clusters=20 ra=selective_pacp_lidar comm_bytes=42800 selected_grids={1: 11, 11: 12, 15: 12}
fusion_method=early pred_boxes=23 gt_boxes=69
pred_scores_shape=(23,)
frame=40/41 receiver_sample=3/20 scenario=2026_07_29_02_32_08 timestamp=000138 cavs=[3, 16, 17, 18]
sgcp_constrained receiver=3 policy=all-cavs sources=[3, 16, 17, 18] clusters=20 ra=selective_pacp_lidar comm_bytes=62256 selected_grids={16: 11, 17: 11, 18: 12}
fusion_method=early pred_boxes=19 gt_boxes=55
pred_scores_shape=(19,)
frame=40/41 receiver_sample=4/20 scenario=2026_07_29_02_32_08 timestamp=000138 cavs=[4, 1, 7, 12]Format = auto
Extension = pcd
Format = auto
Extension = pcd
Format = auto
Extension = pcd
Format = auto
Extension = pcd
Format = auto
Extension = pcd
Format = auto
Extension = pcd
Format = auto
Extension = pcd
Format = auto
Extension = pcd
Format = auto
Extension = pcd
Format = auto
Extension = pcd
Format = auto
Extension = pcd
Format = auto
Extension = pcd
Format = auto
Extension = pcd
Format = auto
Extension = pcd
Format = auto
Extension = pcd
Format = auto
Extension = pcd
Format = auto
Extension = pcd
Format = auto
Extension = pcd
Format = auto
Extension = pcd
Format = auto
Extension = pcd

sgcp_constrained receiver=4 policy=all-cavs sources=[4, 1, 7, 12] clusters=20 ra=selective_pacp_lidar comm_bytes=80256 selected_grids={1: 11, 7: 12, 12: 12}
fusion_method=early pred_boxes=24 gt_boxes=65
pred_scores_shape=(24,)
frame=40/41 receiver_sample=5/20 scenario=2026_07_29_02_32_08 timestamp=000138 cavs=[5, 7, 16, 20]
sgcp_constrained receiver=5 policy=all-cavs sources=[5, 7, 16, 20] clusters=20 ra=selective_pacp_lidar comm_bytes=61648 selected_grids={7: 11, 16: 11, 20: 11}
fusion_method=early pred_boxes=30 gt_boxes=68
pred_scores_shape=(30,)
frame=40/41 receiver_sample=6/20 scenario=2026_07_29_02_32_08 timestamp=000138 cavs=[6, 15]
sgcp_constrained receiver=6 policy=all-cavs sources=[6, 15] clusters=20 ra=selective_pacp_lidar comm_bytes=23680 selected_grids={15: 12}
fusion_method=early pred_boxes=16 gt_boxes=54
pred_scores_shape=(16,)
frame=40/41 receiver_sample=7/20 scenario=2026_07_29_02_32_08 timestamp=000138 cavs=[7, 4, 12, 20]
sgcp_constrained receiver=7 policy=all-cavs sources=[7, 4, 12, 20] clusters=20 ra=selective_pacp_lidar comm_bytes=65888 selected_grids={4: 12, 12: 12, 20: 11}
fusion_method=early pred_boxes=24 gt_boxes=45
pred_scores_shape=(24,)
frame=40/41 receiver_sample=8/20 scenario=2026_07_29_02_32_08 timestamp=000138 cavs=[8, 1, 4, 7]
sgcp_constrained receiver=8 policy=all-cavs sources=[8, 1, 4, 7] clusters=20 ra=selective_pacp_lidar comm_bytes=71088 selected_grids={1: 11, 4: 11, 7: 11}
fusion_method=early pred_boxes=28 gt_boxes=47
pred_scores_shape=(28,)
frame=40/41 receiver_sample=9/20 scenario=2026_07_29_02_32_08 timestamp=000138 cavs=[9, 10, 19, 20]
sgcp_constrained receiver=9 policy=all-cavs sources=[9, 10, 19, 20] clusters=20 ra=selective_pacp_lidar comm_bytes=50352 selected_grids={10: 12, 19: 12, 20: 11}
fusion_method=early pred_boxes=27 gt_boxes=53
pred_scores_shape=(27,)
frame=40/41 receiver_sample=10/20 scenario=2026_07_29_02_32_08 timestamp=000138 cavs=[10, 8, 9, 19]
sgcp_constrained receiver=10 policy=all-cavs sources=[10, 8, 9, 19] clusters=20 ra=selective_pacp_lidar comm_bytes=42784 selected_grids={8: 12, 9: 12, 19: 12}
fusion_method=early pred_boxes=24 gt_boxes=65
pred_scores_shape=(24,)
frame=40/41 receiver_sample=11/20 scenario=2026_07_29_02_32_08 timestamp=000138 cavs=[11, 1, 2, 9]
sgcp_constrained receiver=11 policy=all-cavs sources=[11, 1, 2, 9] clusters=20 ra=selective_pacp_lidar comm_bytes=56976 selected_grids={1: 11, 2: 12, 9: 11}
fusion_method=early pred_boxes=24 gt_boxes=64
pred_scores_shape=(24,)
frame=40/41 receiver_sample=12/20 scenario=2026_07_29_02_32_08 timestamp=000138 cavs=[12, 4, 7]
sgcp_constrained receiver=12 policy=all-cavs sources=[12, 4, 7] clusters=20 ra=selective_pacp_lidar comm_bytes=48544 selected_grids={4: 12, 7: 11}
fusion_method=early pred_boxes=18 gt_boxes=51
pred_scores_shape=(18,)
frame=40/41 receiver_sample=13/20 scenario=2026_07_29_02_32_08 timestamp=000138 cavs=[13, 9, 14, 19]
sgcp_constrained receiver=13 policy=all-cavs sources=[13, 9, 14, 19] clusters=20 ra=selective_pacp_lidar comm_bytes=69168 selected_grids={9: 11, 14: 12, 19: 12}
fusion_method=early pred_boxes=17 gt_boxes=52
pred_scores_shape=(17,)
frame=40/41 receiver_sample=14/20 scenario=2026_07_29_02_32_08 timestamp=000138 cavs=[14, 13]
sgcp_constrained receiver=14 policy=all-cavs sources=[14, 13] clusters=20 ra=selective_pacp_lidar comm_bytes=22688 selected_grids={13: 11}
fusion_method=early pred_boxes=7 gt_boxes=8
pred_scores_shape=(7,)
frame=40/41 receiver_sample=15/20 scenario=2026_07_29_02_32_08 timestamp=000138 cavs=[15, 1, 2, 6]
sgcp_constrained receiver=15 policy=all-cavs sources=[15, 1, 2, 6] clusters=20 ra=selective_pacp_lidar comm_bytes=73232 selected_grids={1: 11, 2: 12, 6: 12}
fusion_method=early pred_boxes=23 gt_boxes=61
pred_scores_shape=(23,)
frame=40/41 receiver_sample=16/20 scenario=2026_07_29_02_32_08 timestamp=000138 cavs=[16, 3, 5, 17]
sgcp_constrained receiver=16 policy=all-cavs sources=[16, 3, 5, 17] clusters=20 ra=selective_pacp_lidar comm_bytes=51312 selected_grids={3: 11, 5: 12, 17: 11}
fusion_method=early pred_boxes=22 gt_boxes=64
pred_scores_shape=(22,)
frame=40/41 receiver_sample=17/20 scenario=2026_07_29_02_32_08 timestamp=000138 cavs=[17, 3, 5, 16]
sgcp_constrained receiver=17 policy=all-cavs sources=[17, 3, 5, 16] clusters=20 ra=selective_pacp_lidar comm_bytes=52496 selected_grids={3: 12, 5: 12, 16: 12}
fusion_method=early pred_boxes=20 gt_boxes=64
pred_scores_shape=(20,)
frame=40/41 receiver_sample=18/20 scenario=2026_07_29_02_32_08 timestamp=000138 cavs=[18, 3]
sgcp_constrained receiver=18 policy=all-cavs sources=[18, 3] clusters=20 ra=selective_pacp_lidar comm_bytes=28928 selected_grids={3: 12}
fusion_method=early pred_boxes=11 gt_boxes=28
pred_scores_shape=(11,)
frame=40/41 receiver_sample=19/20 scenario=2026_07_29_02_32_08 timestamp=000138 cavs=[19, 9, 10, 13]
sgcp_constrained receiver=19 policy=all-cavs sources=[19, 9, 10, 13] clusters=20 ra=selective_pacp_lidar comm_bytes=53184 selected_grids={9: 12, 10: 11, 13: 11}
fusion_method=early pred_boxes=22 gt_boxes=54
pred_scores_shape=(22,)
frame=40/41 receiver_sample=20/20 scenario=2026_07_29_02_32_08 timestamp=000138 cavs=[20, 5, 7, 9]
sgcp_constrained receiver=20 policy=all-cavs sources=[20, 5, 7, 9] clusters=20 ra=selective_pacp_lidar comm_bytes=70192 selected_grids={5: 12, 7: 12, 9: 12}
fusion_method=early pred_boxes=32 gt_boxes=58
pred_scores_shape=(32,)
frame=41/41 receiver_sample=1/20 scenario=2026_07_29_02_32_08 timestamp=000140 cavs=[1, 2, 8, 11]
sgcp_constrained receiver=1 policy=all-cavs sources=[1, 2, 8, 11] clusters=20 ra=selective_pacp_lidar comm_bytes=50976 selected_grids={2: 12, 8: 13, 11: 12}
fusion_method=early pred_boxes=26 gt_boxes=67
pred_scores_shape=(26,)
frame=41/41 receiver_sample=2/20 scenario=2026_07_29_02_32_08 timestamp=000140 cavs=[2, 1, 11, 15]
sgcp_constrained receiver=2 policy=all-cavs sources=[2, 1, 11, 15] clusters=20 ra=selective_pacp_lidar comm_bytes=44160 selected_grids={1: 12, 11: 13, 15: 13}
fusion_method=early pred_boxes=22 gt_boxes=68
pred_scores_shape=(22,)
frame=41/41 receiver_sample=3/20 scenario=2026_07_29_02_32_08 timestamp=000140 cavs=[3, 16, 17, 18]
sgcp_constrained receiver=3 policy=all-cavs sources=[3, 16, 17, 18] clusters=20 ra=selective_pacp_lidar comm_bytes=64640 selected_grids={16: 12, 17: 12, 18: 13}
fusion_method=early pred_boxes=18 gt_boxes=55
pred_scores_shape=(18,)
frame=41/41 receiver_sample=4/20 scenario=2026_07_29_02_32_08 timestamp=000140 cavs=[4, 1, 7, 12]
sgcp_constrained receiver=4 policy=all-cavs sources=[4, 1, 7, 12] clusters=20 ra=selective_pacp_lidar comm_bytes=86400 selected_grids={1: 12, 7: 13, 12: 13}
fusion_method=early pred_boxes=26 gt_boxes=65
pred_scores_shape=(26,)
frame=41/41 receiver_sample=5/20 scenario=2026_07_29_02_32_08 timestamp=000140 cavs=[5, 7, 16, 20]
sgcp_constrained receiver=5 policy=all-cavs sources=[5, 7, 16, 20] clusters=20 ra=selective_pacp_lidar comm_bytes=65808 selected_grids={7: 12, 16: 12, 20: 12}
fusion_method=early pred_boxes=28 gt_boxes=69
pred_scores_shape=(28,)
frame=41/41 receiver_sample=6/20 scenario=2026_07_29_02_32_08 timestamp=000140 cavs=[6, 15]
sgcp_constrained receiver=6 policy=all-cavs sources=[6, 15] clusters=20 ra=selective_pacp_lidar comm_bytes=23088 selected_grids={15: 13}
fusion_method=early pred_boxes=16 gt_boxes=53
pred_scores_shape=(16,)
frame=41/41 receiver_sample=7/20 scenario=2026_07_29_02_32_08 timestamp=000140 cavs=[7, 4, 5, 20]
sgcp_constrained receiver=7 policy=all-cavs sources=[7, 4, 5, 20] clusters=20 ra=selective_pacp_lidar comm_bytes=59248 selected_grids={4: 12, 5: 12, 20: 12}
fusion_method=early pred_boxes=27 gt_boxes=45
pred_scores_shape=(27,)
frame=41/41 receiver_sample=8/20 scenario=2026_07_29_02_32_08 timestamp=000140 cavs=[8, 1, 4, 7]
sgcp_constrained receiver=8 policy=all-cavs sources=[8, 1, 4, 7] clusters=20 ra=selective_pacp_lidar comm_bytes=75008 selected_grids={1: 12, 4: 12, 7: 12}
fusion_method=early pred_boxes=28 gt_boxes=47
pred_scores_shape=(28,)
frame=41/41 receiver_sample=9/20 scenario=2026_07_29_02_32_08 timestamp=000140 cavs=[9, 10, 19, 20]
sgcp_constrained receiver=9 policy=all-cavs sources=[9, 10, 19, 20] clusters=20 ra=selective_pacp_lidar comm_bytes=51904 selected_grids={10: 13, 19: 13, 20: 12}
fusion_method=early pred_boxes=26 gt_boxes=53
pred_scores_shape=(26,)
frame=41/41 receiver_sample=10/20 scenario=2026_07_29_02_32_08 timestamp=000140 cavs=[10, 8, 9, 19]
sgcp_constrained receiver=10 policy=all-cavs sources=[10, 8, 9, 19] clusters=20 ra=selective_pacp_lidar comm_bytes=43184 selected_grids={8: 13, 9: 12, 19: 12}
fusion_method=early pred_boxes=25 gt_boxes=65
pred_scores_shape=(25,)
frame=41/41 receiver_sample=11/20 scenario=2026_07_29_02_32_08 timestamp=000140 cavs=[11, 1, 2, 9]
sgcp_constrained receiver=11 policy=all-cavs sources=[11, 1, 2, 9] clusters=20 ra=selective_pacp_lidar comm_bytes=59456 selected_grids={1: 12, 2: 11, 9: 12}
fusion_method=early pred_boxes=24 gt_boxes=64
pred_scores_shape=(24,)
frame=41/41 receiver_sample=12/20 scenario=2026_07_29_02_32_08 timestamp=000140 cavs=[12, 4]
sgcp_constrained receiver=12 policy=all-cavs sources=[12, 4] clusters=20 ra=selective_pacp_lidar comm_bytes=25264 selected_grids={4: 12}
fusion_method=early pred_boxes=15 gt_boxes=51
pred_scores_shape=(15,)
frame=41/41 receiver_sample=13/20 scenario=2026_07_29_02_32_08 timestamp=000140 cavs=[13, 9, 14, 19]
sgcp_constrained receiver=13 policy=all-cavs sources=[13, 9, 14, 19] clusters=20 ra=selective_pacp_lidar comm_bytes=70048 selected_grids={9: 12, 14: 12, 19: 12}
fusion_method=early pred_boxes=17 gt_boxes=52
pred_scores_shape=(17,)
frame=41/41 receiver_sample=14/20 scenario=2026_07_29_02_32_08 timestamp=000140 cavs=[14, 13]
sgcp_constrained receiver=14 policy=all-cavs sources=[14, 13] clusters=20 ra=selective_pacp_lidar comm_bytes=23056 selected_grids={13: 12}
fusion_method=early pred_boxes=7 gt_boxes=8
pred_scores_shape=(7,)
frame=41/41 receiver_sample=15/20 scenario=2026_07_29_02_32_08 timestamp=000140 cavs=[15, 1, 2, 6]
sgcp_constrained receiver=15 policy=all-cavs sources=[15, 1, 2, 6] clusters=20 ra=selective_pacp_lidar comm_bytes=73024 selected_grids={1: 12, 2: 12, 6: 12}
fusion_method=early pred_boxes=29 gt_boxes=60
pred_scores_shape=(29,)
frame=41/41 receiver_sample=16/20 scenario=2026_07_29_02_32_08 timestamp=000140 cavs=[16, 3, 5, 17]
sgcp_constrained receiver=16 policy=all-cavs sources=[16, 3, 5, 17] clusters=20 ra=selective_pacp_lidar comm_bytes=54080 selected_grids={3: 12, 5: 12, 17: 12}
fusion_method=early pred_boxes=22 gt_boxes=64
pred_scores_shape=(22,)
frame=41/41 receiver_sample=17/20 scenario=2026_07_29_02_32_08 timestamp=000140 cavs=[17, 3, 5, 16]
sgcp_constrained receiver=17 policy=all-cavs sources=[17, 3, 5, 16] clusters=20 ra=selective_pacp_lidar comm_bytes=53888 selected_grids={3: 13, 5: 12, 16: 13}
fusion_method=early pred_boxes=21 gt_boxes=64
pred_scores_shape=(21,)
frame=41/41 receiver_sample=18/20 scenario=2026_07_29_02_32_08 timestamp=000140 cavs=[18, 3]
sgcp_constrained receiver=18 policy=all-cavs sources=[18, 3] clusters=20 ra=selective_pacp_lidar comm_bytes=29264 selected_grids={3: 12}
fusion_method=early pred_boxes=11 gt_boxes=28
pred_scores_shape=(11,)
frame=41/41 receiver_sample=19/20 scenario=2026_07_29_02_32_08 timestamp=000140 cavs=[19, 9, 10, 13]
sgcp_constrained receiver=19 policy=all-cavs sources=[19, 9, 10, 13] clusters=20 ra=selective_pacp_lidar comm_bytes=54688 selected_grids={9: 12, 10: 12, 13: 12}
fusion_method=early pred_boxes=24 gt_boxes=54
pred_scores_shape=(24,)
frame=41/41 receiver_sample=20/20 scenario=2026_07_29_02_32_08 timestamp=000140 cavs=[20, 5, 7, 9]
sgcp_constrained receiver=20 policy=all-cavs sources=[20, 5, 7, 9] clusters=20 ra=selective_pacp_lidar comm_bytes=71616 selected_grids={5: 13, 7: 12, 9: 12}
fusion_method=early pred_boxes=30 gt_boxes=57
pred_scores_shape=(30,)
cp counter: 820
Evaluate final average precision results:
  - Fusion method: early
  - The Average Precision at IOU 0.3 is 0.40, The Average Precision at IOU 0.5 is 0.37, The Average Precision at IOU 0.7 is 0.26
sgcp_summary frames=820 avg_comm_bytes=53939.98 total_comm_bytes=44230784 avg_source_cavs=3.59 avg_selected_grids=33.99
C:\Users\sakakibara\miniconda3\envs\opencda\lib\site-packages\torch\nn\functional.py:1806: UserWarning: nn.functional.sigmoid is deprecated. Use torch.sigmoid instead.
  warnings.warn("nn.functional.sigmoid is deprecated. Use torch.sigmoid instead.")
