scenario_id,timestamp,receiver_id,receiver_policy,resource_allocation,upload_mode,grid_selection_mode,grid_score_mode,coverage_fallback,coverage_fallback_replacements,routing_hint_replacements,routing_hints_csv,clustering,cluster_count,selective_frame_deadline_ms,cluster_member_ids,source_cav_ids,uploaded_source_ids,selected_grid_counts_json,point_counts_json,communication_bytes,frame_comm_time_ms,num_channels,bandwidth_mhz,channel_estimator,ns3_tb_size_bytes,ns3_slot_duration_ms,ns3_subchannel_prbs,ns3_symbols_per_slot,ns3_mcs,pcs_rounds_requested,pcs_rounds_accepted,pcs_round_comm_time_ms_json,pcs_round_comm_bytes_json,channel_allocation,missing_channel_sources,pred_boxes,gt_boxes,skipped
2026_07_15_01_26_56,000060,1,all-cavs,selective_edgecooper_global,grid,,,,,,,singleton,20,60.0,1,1;11;2;4,11;2;4,"{""2"": 1, ""4"": 1, ""11"": 1}","{""1"": 4918, ""2"": 1448, ""4"": 1264, ""11"": 1586}",68768,3.824694104560623,10,40.0,ns3,899,0.5,10,12,28,,,[],[],,11;2;4,17,47,
2026_07_15_01_26_56,000060,2,all-cavs,selective_edgecooper_global,grid,,,,,,,singleton,20,60.0,2,2;8;11;1,8;11;1,"{""1"": 1, ""8"": 1, ""11"": 1}","{""1"": 1424, ""2"": 4863, ""8"": 3371, ""11"": 1586}",102096,5.678309232480534,10,40.0,ns3,899,0.5,10,12,28,,,[],[],,8;11;1,16,48,
2026_07_15_01_26_56,000060,3,all-cavs,selective_edgecooper_global,grid,,,,,,,singleton,20,60.0,3,3;18;16,18;16,"{""16"": 1, ""18"": 1}","{""3"": 4977, ""16"": 1293, ""18"": 3427}",75520,4.2002224694104555,10,40.0,ns3,899,0.5,10,12,28,,,[],[],,18;16,16,38,
2026_07_15_01_26_56,000060,4,all-cavs,selective_edgecooper_global,grid,,,,,,,singleton,20,60.0,4,4;7;1,7;1,"{""1"": 1, ""7"": 1}","{""1"": 1424, ""4"": 4886, ""7"": 1570}",47904,2.664293659621802,10,40.0,ns3,899,0.5,10,12,28,,,[],[],,7;1,17,37,
2026_07_15_01_26_56,000060,5,all-cavs,selective_edgecooper_global,grid,,,,,,,singleton,20,60.0,5,5;10,10,"{""10"": 1}","{""5"": 4909, ""10"": 1385}",22160,1.232480533926585,10,40.0,ns3,899,0.5,10,12,28,,,[],[],,10,13,33,
2026_07_15_01_26_56,000060,6,all-cavs,selective_edgecooper_global,grid,,,,,,,singleton,20,60.0,6,6;15,15,"{""15"": 1}","{""6"": 4556, ""15"": 3209}",51344,2.855617352614016,10,40.0,ns3,899,0.5,10,12,28,,,[],[],,15,9,17,
2026_07_15_01_26_56,000060,7,all-cavs,selective_edgecooper_global,grid,,,,,,,singleton,20,60.0,7,7;12,12,"{""12"": 1}","{""7"": 4908, ""12"": 2078}",33248,1.84916573971079,10,40.0,ns3,899,0.5,10,12,28,,,[],[],,12,14,29,
2026_07_15_01_26_56,000060,8,all-cavs,selective_edgecooper_global,grid,,,,,,,singleton,20,60.0,8,8;12;11;2,12;11;2,"{""2"": 1, ""11"": 1, ""12"": 1}","{""2"": 1448, ""8"": 4838, ""11"": 1586, ""12"": 2078}",81792,4.549054505005562,10,40.0,ns3,899,0.5,10,12,28,,,[],[],,12;11;2,20,42,
2026_07_15_01_26_56,000060,9,all-cavs,selective_edgecooper_global,grid,,,,,,,singleton,20,60.0,9,9,,{},"{""9"": 4858}",0,0.0,10,40.0,ns3,899,0.5,10,12,28,,,[],[],,,16,19,
2026_07_15_01_26_56,000060,10,all-cavs,selective_edgecooper_global,grid,,,,,,,singleton,20,60.0,10,10;8;5;9,8;5;9,"{""5"": 1, ""8"": 1, ""9"": 1}","{""5"": 3250, ""8"": 3371, ""9"": 1, ""10"": 4953}",105952,5.892769744160178,10,40.0,ns3,899,0.5,10,12,28,,,[],[],,8;5;9,18,44,
2026_07_15_01_26_56,000060,11,all-cavs,selective_edgecooper_global,grid,,,,,,,singleton,20,60.0,11,11;9;1;10,9;1;10,"{""1"": 1, ""9"": 1, ""10"": 1}","{""1"": 1424, ""9"": 1612, ""10"": 1385, ""11"": 4909}",70736,3.934149054505005,10,40.0,ns3,899,0.5,10,12,28,,,[],[],,9;1;10,19,53,
2026_07_15_01_26_56,000060,12,all-cavs,selective_edgecooper_global,grid,,,,,,,singleton,20,60.0,12,12;8;7,8;7,"{""7"": 1, ""8"": 1}","{""7"": 1570, ""8"": 3371, ""12"": 4891}",79056,4.396885428253616,10,40.0,ns3,899,0.5,10,12,28,,,[],[],,8;7,12,38,
2026_07_15_01_26_56,000060,13,all-cavs,selective_edgecooper_global,grid,,,,,,,singleton,20,60.0,13,13;9;10,9;10,"{""9"": 1, ""10"": 1}","{""9"": 1612, ""10"": 1385, ""13"": 4793}",47952,2.666963292547275,10,40.0,ns3,899,0.5,10,12,28,,,[],[],,9;10,11,40,
2026_07_15_01_26_56,000060,14,all-cavs,selective_edgecooper_global,grid,,,,,,,singleton,20,60.0,14,14,,{},"{""14"": 5044}",0,0.0,10,40.0,ns3,899,0.5,10,12,28,,,[],[],,,2,4,
2026_07_15_01_26_56,000060,15,all-cavs,selective_edgecooper_global,grid,,,,,,,singleton,20,60.0,15,15;6,6,"{""6"": 1}","{""6"": 1854, ""15"": 4740}",29664,1.649833147942158,10,40.0,ns3,899,0.5,10,12,28,,,[],[],,6,15,17,
2026_07_15_01_26_56,000060,16,all-cavs,selective_edgecooper_global,grid,,,,,,,singleton,20,60.0,16,16;19;3,19;3,"{""3"": 1, ""19"": 1}","{""3"": 1282, ""16"": 4857, ""19"": 3193}",71600,3.982202447163515,10,40.0,ns3,899,0.5,10,12,28,,,[],[],,19;3,15,33,
2026_07_15_01_26_56,000060,17,all-cavs,selective_edgecooper_global,grid,,,,,,,singleton,20,60.0,17,17;18,18,"{""18"": 1}","{""17"": 4967, ""18"": 3427}",54832,3.049610678531702,10,40.0,ns3,899,0.5,10,12,28,,,[],[],,18,16,18,
2026_07_15_01_26_56,000060,18,all-cavs,selective_edgecooper_global,grid,,,,,,,singleton,20,60.0,18,18;3;17,3;17,"{""3"": 1, ""17"": 1}","{""3"": 1282, ""17"": 1024, ""18"": 5003}",36896,2.0520578420467186,10,40.0,ns3,899,0.5,10,12,28,,,[],[],,3;17,14,25,
2026_07_15_01_26_56,000060,19,all-cavs,selective_edgecooper_global,grid,,,,,,,singleton,20,60.0,19,19;5;16,5;16,"{""5"": 1, ""16"": 1}","{""5"": 3250, ""16"": 1293, ""19"": 4844}",72688,4.042714126807564,10,40.0,ns3,899,0.5,10,12,28,,,[],[],,5;16,12,31,
2026_07_15_01_26_56,000060,20,all-cavs,selective_edgecooper_global,grid,,,,,,,singleton,20,60.0,20,20;7;5,7;5,"{""5"": 2, ""7"": 1}","{""5"": 92, ""7"": 1570, ""20"": 4909}",26592,1.478976640711902,10,40.0,ns3,899,0.5,10,12,28,,,[],[],,7;5,14,32,
2026_07_15_01_26_56,000062,1,all-cavs,selective_edgecooper_global,grid,,,,,,,singleton,20,60.0,1,1;11;2;4,11;2;4,"{""2"": 1, ""4"": 1, ""11"": 1}","{""1"": 4921, ""2"": 1473, ""4"": 1242, ""11"": 1586}",68816,3.8273637374860954,10,40.0,ns3,899,0.5,10,12,28,,,[],[],,11;2;4,14,48,
2026_07_15_01_26_56,000062,2,all-cavs,selective_edgecooper_global,grid,,,,,,,singleton,20,60.0,2,2;8;1,8;1,"{""1"": 1, ""8"": 1}","{""1"": 1453, ""2"": 4862, ""8"": 3371}",77184,4.292769744160178,10,40.0,ns3,899,0.5,10,12,28,,,[],[],,8;1,17,42,
2026_07_15_01_26_56,000062,3,all-cavs,selective_edgecooper_global,grid,,,,,,,singleton,20,60.0,3,3;18;16,18;16,"{""16"": 1, ""18"": 1}","{""3"": 4976, ""16"": 1279, ""18"": 3427}",75296,4.1877641824249165,10,40.0,ns3,899,0.5,10,12,28,,,[],[],,18;16,17,38,
2026_07_15_01_26_56,000062,4,all-cavs,selective_edgecooper_global,grid,,,,,,,singleton,20,60.0,4,4;7;1,7;1,"{""1"": 1, ""7"": 1}","{""1"": 1453, ""4"": 4848, ""7"": 1567}",48320,2.687430478309232,10,40.0,ns3,899,0.5,10,12,28,,,[],[],,7;1,17,37,
2026_07_15_01_26_56,000062,5,all-cavs,selective_edgecooper_global,grid,,,,,,,singleton,20,60.0,5,5;10,10,"{""10"": 1}","{""5"": 4912, ""10"": 1376}",22016,1.2244716351501668,10,40.0,ns3,899,0.5,10,12,28,,,[],[],,10,11,33,
2026_07_15_01_26_56,000062,6,all-cavs,selective_edgecooper_global,grid,,,,,,,singleton,20,60.0,6,6;15,15,"{""15"": 1}","{""6"": 4561, ""15"": 3200}",51200,2.8476084538375974,10,40.0,ns3,899,0.5,10,12,28,,,[],[],,15,9,17,
2026_07_15_01_26_56,000062,7,all-cavs,selective_edgecooper_global,grid,,,,,,,singleton,20,60.0,7,7;12;4,12;4,"{""4"": 1, ""12"": 1}","{""4"": 1242, ""7"": 4906, ""12"": 2057}",52784,2.935706340378198,10,40.0,ns3,899,0.5,10,12,28,,,[],[],,12;4,13,32,
2026_07_15_01_26_56,000062,8,all-cavs,selective_edgecooper_global,grid,,,,,,,singleton,20,60.0,8,8;12;11;2,12;11;2,"{""2"": 1, ""11"": 1, ""12"": 1}","{""2"": 1473, ""8"": 4838, ""11"": 1586, ""12"": 2057}",81856,4.552614015572859,10,40.0,ns3,899,0.5,10,12,28,,,[],[],,12;11;2,18,42,
2026_07_15_01_26_56,000062,9,all-cavs,selective_edgecooper_global,grid,,,,,,,singleton,20,60.0,9,9,,{},"{""9"": 4859}",0,0.0,10,40.0,ns3,899,0.5,10,12,28,,,[],[],,,16,19,
2026_07_15_01_26_56,000062,10,all-cavs,selective_edgecooper_global,grid,,,,,,,singleton,20,60.0,10,10;8;5;9,8;5;9,"{""5"": 1, ""8"": 1, ""9"": 1}","{""5"": 3250, ""8"": 3371, ""9"": 4, ""10"": 4955}",106000,5.89543937708565,10,40.0,ns3,899,0.5,10,12,28,,,[],[],,8;5;9,15,44,
2026_07_15_01_26_56,000062,11,all-cavs,selective_edgecooper_global,grid,,,,,,,singleton,20,60.0,11,11;9;1;10,9;1;10,"{""1"": 1, ""9"": 1, ""10"": 1}","{""1"": 1453, ""9"": 1612, ""10"": 1376, ""11"": 4909}",71056,3.951946607341491,10,40.0,ns3,899,0.5,10,12,28,,,[],[],,9;1;10,19,52,
2026_07_15_01_26_56,000062,12,all-cavs,selective_edgecooper_global,grid,,,,,,,singleton,20,60.0,12,12;8;7,8;7,"{""7"": 1, ""8"": 1}","{""7"": 1567, ""8"": 3371, ""12"": 4894}",79008,4.394215795328143,10,40.0,ns3,899,0.5,10,12,28,,,[],[],,8;7,12,39,
2026_07_15_01_26_56,000062,13,all-cavs,selective_edgecooper_global,grid,,,,,,,singleton,20,60.0,13,13;9;10,9;10,"{""9"": 1, ""10"": 1}","{""9"": 1612, ""10"": 1376, ""13"": 4793}",47808,2.6589543937708564,10,40.0,ns3,899,0.5,10,12,28,,,[],[],,9;10,12,40,
2026_07_15_01_26_56,000062,14,all-cavs,selective_edgecooper_global,grid,,,,,,,singleton,20,60.0,14,14,,{},"{""14"": 5042}",0,0.0,10,40.0,ns3,899,0.5,10,12,28,,,[],[],,,3,4,
2026_07_15_01_26_56,000062,15,all-cavs,selective_edgecooper_global,grid,,,,,,,singleton,20,60.0,15,15;6,6,"{""6"": 1}","{""6"": 1795, ""15"": 4745}",28720,1.5973303670745274,10,40.0,ns3,899,0.5,10,12,28,,,[],[],,6,13,17,
2026_07_15_01_26_56,000062,16,all-cavs,selective_edgecooper_global,grid,,,,,,,singleton,20,60.0,16,16;19;3,19;3,"{""3"": 1, ""19"": 1}","{""3"": 1273, ""16"": 4866, ""19"": 3180}",71248,3.9626251390433818,10,40.0,ns3,899,0.5,10,12,28,,,[],[],,19;3,14,33,
2026_07_15_01_26_56,000062,17,all-cavs,selective_edgecooper_global,grid,,,,,,,singleton,20,60.0,17,17;18,18,"{""18"": 1}","{""17"": 4985, ""18"": 3427}",54832,3.049610678531702,10,40.0,ns3,899,0.5,10,12,28,,,[],[],,18,16,17,
2026_07_15_01_26_56,000062,18,all-cavs,selective_edgecooper_global,grid,,,,,,,singleton,20,60.0,18,18;3;17,3;17,"{""3"": 1, ""17"": 1}","{""3"": 1273, ""17"": 1070, ""18"": 5017}",37488,2.084983314794216,10,40.0,ns3,899,0.5,10,12,28,,,[],[],,3;17,15,24,
2026_07_15_01_26_56,000062,19,all-cavs,selective_edgecooper_global,grid,,,,,,,singleton,20,60.0,19,19;5;16,5;16,"{""5"": 1, ""16"": 1}","{""5"": 3250, ""16"": 1279, ""19"": 4823}",72464,4.030255839822025,10,40.0,ns3,899,0.5,10,12,28,,,[],[],,5;16,11,31,
2026_07_15_01_26_56,000062,20,all-cavs,selective_edgecooper_global,grid,,,,,,,singleton,20,60.0,20,20;7;5,7;5,"{""5"": 3, ""7"": 1}","{""5"": 477, ""7"": 1567, ""20"": 4908}",32704,1.8189098998887654,10,40.0,ns3,899,0.5,10,12,28,,,[],[],,7;5,14,33,
2026_07_15_01_26_56,000064,1,all-cavs,selective_edgecooper_global,grid,,,,,,,singleton,20,60.0,1,1;11;2;4,11;2;4,"{""2"": 1, ""4"": 1, ""11"": 1}","{""1"": 4921, ""2"": 1498, ""4"": 1210, ""11"": 1586}",68704,3.821134593993326,10,40.0,ns3,899,0.5,10,12,28,,,[],[],,11;2;4,11,49,
2026_07_15_01_26_56,000064,2,all-cavs,selective_edgecooper_global,grid,,,,,,,singleton,20,60.0,2,2;8;1,8;1,"{""1"": 1, ""8"": 1}","{""1"": 1447, ""2"": 4878, ""8"": 3371}",77088,4.287430478309233,10,40.0,ns3,899,0.5,10,12,28,,,[],[],,8;1,16,42,
2026_07_15_01_26_56,000064,3,all-cavs,selective_edgecooper_global,grid,,,,,,,singleton,20,60.0,3,3;18;16,18;16,"{""16"": 1, ""18"": 1}","{""3"": 4976, ""16"": 1230, ""18"": 3427}",74512,4.144160177975529,10,40.0,ns3,899,0.5,10,12,28,,,[],[],,18;16,16,37,
2026_07_15_01_26_56,000064,4,all-cavs,selective_edgecooper_global,grid,,,,,,,singleton,20,60.0,4,4;7;1,7;1,"{""1"": 1, ""7"": 1}","{""1"": 1447, ""4"": 4872, ""7"": 1564}",48176,2.6794215795328142,10,40.0,ns3,899,0.5,10,12,28,,,[],[],,7;1,15,38,
2026_07_15_01_26_56,000064,5,all-cavs,selective_edgecooper_global,grid,,,,,,,singleton,20,60.0,5,5;19;16,19;16,"{""16"": 1, ""19"": 1}","{""5"": 4913, ""16"": 1230, ""19"": 3193}",70768,3.9359288097886536,10,40.0,ns3,899,0.5,10,12,28,,,[],[],,19;16,12,35,
2026_07_15_01_26_56,000064,6,all-cavs,selective_edgecooper_global,grid,,,,,,,singleton,20,60.0,6,6;15,15,"{""15"": 1}","{""6"": 4595, ""15"": 3187}",50992,2.8360400444938825,10,40.0,ns3,899,0.5,10,12,28,,,[],[],,15,10,17,
2026_07_15_01_26_56,000064,7,all-cavs,selective_edgecooper_global,grid,,,,,,,singleton,20,60.0,7,7;12;4,12;4,"{""4"": 1, ""12"": 1}","{""4"": 1210, ""7"": 4911, ""12"": 2032}",51872,2.8849833147942157,10,40.0,ns3,899,0.5,10,12,28,,,[],[],,12;4,11,33,
2026_07_15_01_26_56,000064,8,all-cavs,selective_edgecooper_global,grid,,,,,,,singleton,20,60.0,8,8;12;11;2,12;11;2,"{""2"": 1, ""11"": 1, ""12"": 1}","{""2"": 1498, ""8"": 4837, ""11"": 1586, ""12"": 2032}",81856,4.552614015572859,10,40.0,ns3,899,0.5,10,12,28,,,[],[],,12;11;2,18,43,
2026_07_15_01_26_56,000064,9,all-cavs,selective_edgecooper_global,grid,,,,,,,singleton,20,60.0,9,9;10,10,"{""10"": 1}","{""9"": 4856, ""10"": 1374}",21984,1.2226918798665183,10,40.0,ns3,899,0.5,10,12,28,,,[],[],,10,16,31,
2026_07_15_01_26_56,000064,10,all-cavs,selective_edgecooper_global,grid,,,,,,,singleton,20,60.0,10,10;8;5;9,8;5;9,"{""5"": 1, ""8"": 2, ""9"": 1}","{""5"": 3250, ""8"": 3398, ""9"": 1, ""10"": 4948}",106384,5.916796440489432,10,40.0,ns3,899,0.5,10,12,28,,,[],[],,8;5;9,18,46,
2026_07_15_01_26_56,000064,11,all-cavs,selective_edgecooper_global,grid,,,,,,,singleton,20,60.0,11,11;9;1;2,9;1;2,"{""1"": 1, ""2"": 1, ""9"": 1}","{""1"": 1447, ""2"": 714, ""9"": 1612, ""11"": 4912}",60368,3.357508342602892,10,40.0,ns3,899,0.5,10,12,28,,,[],[],,9;1;2,17,56,
2026_07_15_01_26_56,000064,12,all-cavs,selective_edgecooper_global,grid,,,,,,,singleton,20,60.0,12,12;8;7,8;7,"{""7"": 1, ""8"": 1}","{""7"": 1564, ""8"": 3371, ""12"": 4896}",78960,4.39154616240267,10,40.0,ns3,899,0.5,10,12,28,,,[],[],,8;7,10,40,
2026_07_15_01_26_56,000064,13,all-cavs,selective_edgecooper_global,grid,,,,,,,singleton,20,60.0,13,13;9;10,9;10,"{""9"": 1, ""10"": 1}","{""9"": 1612, ""10"": 1374, ""13"": 4794}",47776,2.657174638487208,10,40.0,ns3,899,0.5,10,12,28,,,[],[],,9;10,12,40,
2026_07_15_01_26_56,000064,14,all-cavs,selective_edgecooper_global,grid,,,,,,,singleton,20,60.0,14,14,,{},"{""14"": 5060}",0,0.0,10,40.0,ns3,899,0.5,10,12,28,,,[],[],,,3,4,
2026_07_15_01_26_56,000064,15,all-cavs,selective_edgecooper_global,grid,,,,,,,singleton,20,60.0,15,15;6,6,"{""6"": 1}","{""6"": 1753, ""15"": 4750}",28048,1.559955506117909,10,40.0,ns3,899,0.5,10,12,28,,,[],[],,6,14,17,
2026_07_15_01_26_56,000064,16,all-cavs,selective_edgecooper_global,grid,,,,,,,singleton,20,60.0,16,16;10;3,10;3,"{""3"": 1, ""10"": 1}","{""3"": 1258, ""10"": 1374, ""16"": 4850}",42112,2.342157953281424,10,40.0,ns3,899,0.5,10,12,28,,,[],[],,10;3,14,42,
2026_07_15_01_26_56,000064,17,all-cavs,selective_edgecooper_global,grid,,,,,,,singleton,20,60.0,17,17;18,18,"{""18"": 1}","{""17"": 4966, ""18"": 3427}",54832,3.049610678531702,10,40.0,ns3,899,0.5,10,12,28,,,[],[],,18,17,17,
2026_07_15_01_26_56,000064,18,all-cavs,selective_edgecooper_global,grid,,,,,,,singleton,20,60.0,18,18;3;17,3;17,"{""3"": 1, ""17"": 1}","{""3"": 1258, ""17"": 1076, ""18"": 5016}",37344,2.0769744160177974,10,40.0,ns3,899,0.5,10,12,28,,,[],[],,3;17,16,24,
2026_07_15_01_26_56,000064,19,all-cavs,selective_edgecooper_global,grid,,,,,,,singleton,20,60.0,19,19;5,5,"{""5"": 1}","{""5"": 3250, ""19"": 4819}",52000,2.8921023359288096,10,40.0,ns3,899,0.5,10,12,28,,,[],[],,5,11,17,
2026_07_15_01_26_56,000064,20,all-cavs,selective_edgecooper_global,grid,,,,,,,singleton,20,60.0,20,20;7,7,"{""7"": 1}","{""7"": 1564, ""20"": 4908}",25024,1.3917686318131257,10,40.0,ns3,899,0.5,10,12,28,,,[],[],,7,16,25,
2026_07_15_01_26_56,000066,1,all-cavs,selective_edgecooper_global,grid,,,,,,,singleton,20,60.0,1,1;11;2;4,11;2;4,"{""2"": 1, ""4"": 1, ""11"": 1}","{""1"": 4922, ""2"": 1547, ""4"": 1175, ""11"": 1586}",68928,3.8335928809788653,10,40.0,ns3,899,0.5,10,12,28,,,[],[],,11;2;4,17,51,
2026_07_15_01_26_56,000066,2,all-cavs,selective_edgecooper_global,grid,,,,,,,singleton,20,60.0,2,2;8;1,8;1,"{""1"": 1, ""8"": 1}","{""1"": 1418, ""2"": 4878, ""8"": 3371}",76624,4.26162402669633,10,40.0,ns3,899,0.5,10,12,28,,,[],[],,8;1,18,42,
2026_07_15_01_26_56,000066,3,all-cavs,selective_edgecooper_global,grid,,,,,,,singleton,20,60.0,3,3;18;16,18;16,"{""16"": 1, ""18"": 1}","{""3"": 4982, ""16"": 1185, ""18"": 3426}",73776,4.103225806451613,10,40.0,ns3,899,0.5,10,12,28,,,[],[],,18;16,17,37,
2026_07_15_01_26_56,000066,4,all-cavs,selective_edgecooper_global,grid,,,,,,,singleton,20,60.0,4,4;7;1,7;1,"{""1"": 1, ""7"": 1}","{""1"": 1418, ""4"": 4866, ""7"": 1560}",47648,2.650055617352614,10,40.0,ns3,899,0.5,10,12,28,,,[],[],,7;1,17,39,
2026_07_15_01_26_56,000066,5,all-cavs,selective_edgecooper_global,grid,,,,,,,singleton,20,60.0,5,5;19,19,"{""19"": 1}","{""5"": 4912, ""19"": 3193}",51088,2.841379310344828,10,40.0,ns3,899,0.5,10,12,28,,,[],[],,19,13,23,
2026_07_15_01_26_56,000066,6,all-cavs,selective_edgecooper_global,grid,,,,,,,singleton,20,60.0,6,6;15,15,"{""15"": 1}","{""6"": 4590, ""15"": 3181}",50896,2.8307007786429366,10,40.0,ns3,899,0.5,10,12,28,,,[],[],,15,11,17,
2026_07_15_01_26_56,000066,7,all-cavs,selective_edgecooper_global,grid,,,,,,,singleton,20,60.0,7,7;12;4,12;4,"{""4"": 1, ""12"": 1}","{""4"": 1175, ""7"": 4902, ""12"": 2022}",51152,2.844938820912125,10,40.0,ns3,899,0.5,10,12,28,,,[],[],,12;4,12,33,
2026_07_15_01_26_56,000066,8,all-cavs,selective_edgecooper_global,grid,,,,,,,singleton,20,60.0,8,8;12;11;2,12;11;2,"{""2"": 1, ""11"": 1, ""12"": 1}","{""2"": 1547, ""8"": 4838, ""11"": 1586, ""12"": 2022}",82480,4.5873192436040044,10,40.0,ns3,899,0.5,10,12,28,,,[],[],,12;11;2,18,43,
2026_07_15_01_26_56,000066,9,all-cavs,selective_edgecooper_global,grid,,,,,,,singleton,20,60.0,9,9;10,10,"{""10"": 1}","{""9"": 4856, ""10"": 1369}",21904,1.218242491657397,10,40.0,ns3,899,0.5,10,12,28,,,[],[],,10,15,32,
2026_07_15_01_26_56,000066,10,all-cavs,selective_edgecooper_global,grid,,,,,,,singleton,20,60.0,10,10;8;5;9,8;5;9,"{""5"": 1, ""8"": 2, ""9"": 2}","{""5"": 3250, ""8"": 3390, ""9"": 2, ""10"": 4946}",106272,5.910567296996663,10,40.0,ns3,899,0.5,10,12,28,,,[],[],,8;5;9,17,47,
2026_07_15_01_26_56,000066,11,all-cavs,selective_edgecooper_global,grid,,,,,,,singleton,20,60.0,11,11;9;1,9;1,"{""1"": 1, ""9"": 1}","{""1"": 1418, ""9"": 1612, ""11"": 4913}",48480,2.696329254727475,10,40.0,ns3,899,0.5,10,12,28,,,[],[],,9;1,17,44,
2026_07_15_01_26_56,000066,12,all-cavs,selective_edgecooper_global,grid,,,,,,,singleton,20,60.0,12,12;8;7,8;7,"{""7"": 1, ""8"": 1}","{""7"": 1560, ""8"": 3371, ""12"": 4884}",78896,4.387986651835373,10,40.0,ns3,899,0.5,10,12,28,,,[],[],,8;7,11,41,
2026_07_15_01_26_56,000066,13,all-cavs,selective_edgecooper_global,grid,,,,,,,singleton,20,60.0,13,13;9;10,9;10,"{""9"": 1, ""10"": 1}","{""9"": 1612, ""10"": 1369, ""13"": 4794}",47696,2.652725250278087,10,40.0,ns3,899,0.5,10,12,28,,,[],[],,9;10,13,40,
2026_07_15_01_26_56,000066,14,all-cavs,selective_edgecooper_global,grid,,,,,,,singleton,20,60.0,14,14,,{},"{""14"": 5042}",0,0.0,10,40.0,ns3,899,0.5,10,12,28,,,[],[],,,4,4,
2026_07_15_01_26_56,000066,15,all-cavs,selective_edgecooper_global,grid,,,,,,,singleton,20,60.0,15,15;6,6,"{""6"": 1}","{""6"": 1639, ""15"": 4740}",26224,1.4585094549499444,10,40.0,ns3,899,0.5,10,12,28,,,[],[],,6,13,17,
2026_07_15_01_26_56,000066,16,all-cavs,selective_edgecooper_global,grid,,,,,,,singleton,20,60.0,16,16;10;3,10;3,"{""3"": 1, ""10"": 1}","{""3"": 1264, ""10"": 1369, ""16"": 4854}",42128,2.3430478309232483,10,40.0,ns3,899,0.5,10,12,28,,,[],[],,10;3,19,42,
2026_07_15_01_26_56,000066,17,all-cavs,selective_edgecooper_global,grid,,,,,,,singleton,20,60.0,17,17;18;16,18;16,"{""16"": 1, ""18"": 1}","{""16"": 1185, ""17"": 4984, ""18"": 3426}",73776,4.103225806451613,10,40.0,ns3,899,0.5,10,12,28,,,[],[],,18;16,16,32,
2026_07_15_01_26_56,000066,18,all-cavs,selective_edgecooper_global,grid,,,,,,,singleton,20,60.0,18,18;3;17,3;17,"{""3"": 1, ""17"": 1}","{""3"": 1264, ""17"": 1097, ""18"": 5001}",37776,2.1010011123470522,10,40.0,ns3,899,0.5,10,12,28,,,[],[],,3;17,14,24,
2026_07_15_01_26_56,000066,19,all-cavs,selective_edgecooper_global,grid,,,,,,,singleton,20,60.0,19,19;5;20,5;20,"{""5"": 1, ""20"": 1}","{""5"": 3250, ""19"": 4818, ""20"": 959}",67344,3.7454949944382645,10,40.0,ns3,899,0.5,10,12,28,,,[],[],,5;20,13,31,
2026_07_15_01_26_56,000066,20,all-cavs,selective_edgecooper_global,grid,,,,,,,singleton,20,60.0,20,20;7;5,7;5,"{""5"": 1, ""7"": 1}","{""5"": 47, ""7"": 1560, ""20"": 4909}",25712,1.4300333704115684,10,40.0,ns3,899,0.5,10,12,28,,,[],[],,7;5,20,33,
2026_07_15_01_26_56,000068,1,all-cavs,selective_edgecooper_global,grid,,,,,,,singleton,20,60.0,1,1;8;11;4,8;11;4,"{""4"": 1, ""8"": 2, ""11"": 1}","{""1"": 4924, ""4"": 1143, ""8"": 3394, ""11"": 1586}",97968,5.448720800889878,10,40.0,ns3,899,0.5,10,12,28,,,[],[],,8;11;4,13,44,
2026_07_15_01_26_56,000068,2,all-cavs,selective_edgecooper_global,grid,,,,,,,singleton,20,60.0,2,2;8;1,8;1,"{""1"": 1, ""8"": 1}","{""1"": 1387, ""2"": 4870, ""8"": 3371}",76128,4.234037819799778,10,40.0,ns3,899,0.5,10,12,28,,,[],[],,8;1,18,41,
2026_07_15_01_26_56,000068,3,all-cavs,selective_edgecooper_global,grid,,,,,,,singleton,20,60.0,3,3;18;16;17,18;16;17,"{""16"": 1, ""17"": 1, ""18"": 1}","{""3"": 4987, ""16"": 1132, ""17"": 1106, ""18"": 3426}",90624,5.040266963292547,10,40.0,ns3,899,0.5,10,12,28,,,[],[],,18;16;17,12,36,
2026_07_15_01_26_56,000068,4,all-cavs,selective_edgecooper_global,grid,,,,,,,singleton,20,60.0,4,4;7;1,7;1,"{""1"": 1, ""7"": 1}","{""1"": 1387, ""4"": 4848, ""7"": 1560}",47152,2.6224694104560626,10,40.0,ns3,899,0.5,10,12,28,,,[],[],,7;1,18,39,
2026_07_15_01_26_56,000068,5,all-cavs,selective_edgecooper_global,grid,,,,,,,singleton,20,60.0,5,5;19,19,"{""19"": 1}","{""5"": 4912, ""19"": 3193}",51088,2.841379310344828,10,40.0,ns3,899,0.5,10,12,28,,,[],[],,19,12,23,
2026_07_15_01_26_56,000068,6,all-cavs,selective_edgecooper_global,grid,,,,,,,singleton,20,60.0,6,6;15,15,"{""15"": 1}","{""6"": 4599, ""15"": 3176}",50816,2.826251390433815,10,40.0,ns3,899,0.5,10,12,28,,,[],[],,15,9,16,
2026_07_15_01_26_56,000068,7,all-cavs,selective_edgecooper_global,grid,,,,,,,singleton,20,60.0,7,7;12;4,12;4,"{""4"": 1, ""12"": 1}","{""4"": 1143, ""7"": 4901, ""12"": 1950}",49488,2.7523915461624027,10,40.0,ns3,899,0.5,10,12,28,,,[],[],,12;4,14,33,
2026_07_15_01_26_56,000068,8,all-cavs,selective_edgecooper_global,grid,,,,,,,singleton,20,60.0,8,8;12;2;11,12;2;11,"{""2"": 1, ""11"": 1, ""12"": 1}","{""2"": 1614, ""8"": 4838, ""11"": 1586, ""12"": 1950}",82400,4.5828698553948835,10,40.0,ns3,899,0.5,10,12,28,,,[],[],,12;2;11,18,41,
2026_07_15_01_26_56,000068,9,all-cavs,selective_edgecooper_global,grid,,,,,,,singleton,20,60.0,9,9;10,10,"{""10"": 1}","{""9"": 4858, ""10"": 1352}",21632,1.203114571746385,10,40.0,ns3,899,0.5,10,12,28,,,[],[],,10,15,32,
2026_07_15_01_26_56,000068,10,all-cavs,selective_edgecooper_global,grid,,,,,,,singleton,20,60.0,10,10;5;2;9,5;2;9,"{""2"": 1, ""5"": 1, ""9"": 1}","{""2"": 1614, ""5"": 3250, ""9"": 1, ""10"": 4934}",77840,4.329254727474972,10,40.0,ns3,899,0.5,10,12,28,,,[],[],,5;2;9,17,50,
2026_07_15_01_26_56,000068,11,all-cavs,selective_edgecooper_global,grid,,,,,,,singleton,20,60.0,11,11;9;1,9;1,"{""1"": 1, ""9"": 1}","{""1"": 1387, ""9"": 1612, ""11"": 4911}",47984,2.6687430478309233,10,40.0,ns3,899,0.5,10,12,28,,,[],[],,9;1,18,44,
2026_07_15_01_26_56,000068,12,all-cavs,selective_edgecooper_global,grid,,,,,,,singleton,20,60.0,12,12;8;7,8;7,"{""7"": 1, ""8"": 1}","{""7"": 1560, ""8"": 3371, ""12"": 4882}",78896,4.387986651835373,10,40.0,ns3,899,0.5,10,12,28,,,[],[],,8;7,11,41,
2026_07_15_01_26_56,000068,13,all-cavs,selective_edgecooper_global,grid,,,,,,,singleton,20,60.0,13,13;9;10;19,9;10;19,"{""9"": 1, ""10"": 1, ""19"": 1}","{""9"": 1612, ""10"": 1352, ""13"": 4795, ""19"": 196}",50560,2.8120133481646272,10,40.0,ns3,899,0.5,10,12,28,,,[],[],,9;10;19,12,39,
2026_07_15_01_26_56,000068,14,all-cavs,selective_edgecooper_global,grid,,,,,,,singleton,20,60.0,14,14,,{},"{""14"": 5028}",0,0.0,10,40.0,ns3,899,0.5,10,12,28,,,[],[],,,3,4,
2026_07_15_01_26_56,000068,15,all-cavs,selective_edgecooper_global,grid,,,,,,,singleton,20,60.0,15,15;6,6,"{""6"": 1}","{""6"": 1548, ""15"": 4743}",24768,1.3775305895439376,10,40.0,ns3,899,0.5,10,12,28,,,[],[],,6,15,16,
2026_07_15_01_26_56,000068,16,all-cavs,selective_edgecooper_global,grid,,,,,,,singleton,20,60.0,16,16;10;3,10;3,"{""3"": 1, ""10"": 1}","{""3"": 1274, ""10"": 1352, ""16"": 4887}",42016,2.3368186874304784,10,40.0,ns3,899,0.5,10,12,28,,,[],[],,10;3,16,40,
2026_07_15_01_26_56,000068,17,all-cavs,selective_edgecooper_global,grid,,,,,,,singleton,20,60.0,17,17;18;16,18;16,"{""16"": 1, ""18"": 1}","{""16"": 1132, ""17"": 4976, ""18"": 3426}",72928,4.056062291434928,10,40.0,ns3,899,0.5,10,12,28,,,[],[],,18;16,16,31,
2026_07_15_01_26_56,000068,18,all-cavs,selective_edgecooper_global,grid,,,,,,,singleton,20,60.0,18,18;3;17,3;17,"{""3"": 1, ""17"": 1}","{""3"": 1274, ""17"": 1106, ""18"": 5012}",38080,2.117908787541713,10,40.0,ns3,899,0.5,10,12,28,,,[],[],,3;17,14,24,
2026_07_15_01_26_56,000068,19,all-cavs,selective_edgecooper_global,grid,,,,,,,singleton,20,60.0,19,19;5,5,"{""5"": 1}","{""5"": 3250, ""19"": 4818}",52000,2.8921023359288096,10,40.0,ns3,899,0.5,10,12,28,,,[],[],,5,11,16,
2026_07_15_01_26_56,000068,20,all-cavs,selective_edgecooper_global,grid,,,,,,,singleton,20,60.0,20,20;7;5,7;5,"{""5"": 2, ""7"": 1}","{""5"": 92, ""7"": 1560, ""20"": 4909}",26432,1.4700778642936596,10,40.0,ns3,899,0.5,10,12,28,,,[],[],,7;5,21,33,
2026_07_15_01_26_56,000070,1,all-cavs,selective_edgecooper_global,grid,,,,,,,singleton,20,60.0,1,1;8;11;4,8;11;4,"{""4"": 1, ""8"": 2, ""11"": 1}","{""1"": 4925, ""4"": 1101, ""8"": 3392, ""11"": 1586}",97264,5.409566184649611,10,40.0,ns3,899,0.5,10,12,28,,,[],[],,8;11;4,10,44,
2026_07_15_01_26_56,000070,2,all-cavs,selective_edgecooper_global,grid,,,,,,,singleton,20,60.0,2,2;8;1,8;1,"{""1"": 1, ""8"": 1}","{""1"": 1355, ""2"": 4882, ""8"": 3371}",75616,4.205561735261401,10,40.0,ns3,899,0.5,10,12,28,,,[],[],,8;1,17,42,
2026_07_15_01_26_56,000070,3,all-cavs,selective_edgecooper_global,grid,,,,,,,singleton,20,60.0,3,3;18;17;16,18;17;16,"{""16"": 1, ""17"": 1, ""18"": 1}","{""3"": 4953, ""16"": 1083, ""17"": 1137, ""18"": 3426}",90336,5.024249165739711,10,40.0,ns3,899,0.5,10,12,28,,,[],[],,18;17;16,18,37,
2026_07_15_01_26_56,000070,4,all-cavs,selective_edgecooper_global,grid,,,,,,,singleton,20,60.0,4,4;7;1,7;1,"{""1"": 1, ""7"": 1}","{""1"": 1355, ""4"": 4851, ""7"": 1547}",46432,2.582424916573971,10,40.0,ns3,899,0.5,10,12,28,,,[],[],,7;1,18,39,
2026_07_15_01_26_56,000070,5,all-cavs,selective_edgecooper_global,grid,,,,,,,singleton,20,60.0,5,5;19,19,"{""19"": 1}","{""5"": 4907, ""19"": 3192}",51072,2.8404894327030035,10,40.0,ns3,899,0.5,10,12,28,,,[],[],,19,13,23,
2026_07_15_01_26_56,000070,6,all-cavs,selective_edgecooper_global,grid,,,,,,,singleton,20,60.0,6,6;15,15,"{""15"": 1}","{""6"": 4608, ""15"": 3171}",50736,2.821802002224694,10,40.0,ns3,899,0.5,10,12,28,,,[],[],,15,11,16,
2026_07_15_01_26_56,000070,7,all-cavs,selective_edgecooper_global,grid,,,,,,,singleton,20,60.0,7,7;12;4,12;4,"{""4"": 1, ""12"": 1}","{""4"": 1101, ""7"": 4909, ""12"": 1889}",47840,2.660734149054505,10,40.0,ns3,899,0.5,10,12,28,,,[],[],,12;4,12,32,
2026_07_15_01_26_56,000070,8,all-cavs,selective_edgecooper_global,grid,,,,,,,singleton,20,60.0,8,8;12;2;11,12;2;11,"{""2"": 1, ""11"": 1, ""12"": 1}","{""2"": 1667, ""8"": 4840, ""11"": 1586, ""12"": 1889}",82272,4.5757508342602895,10,40.0,ns3,899,0.5,10,12,28,,,[],[],,12;2;11,21,42,
2026_07_15_01_26_56,000070,9,all-cavs,selective_edgecooper_global,grid,,,,,,,singleton,20,60.0,9,9,,{},"{""9"": 4857}",0,0.0,10,40.0,ns3,899,0.5,10,12,28,,,[],[],,,16,18,
2026_07_15_01_26_56,000070,10,all-cavs,selective_edgecooper_global,grid,,,,,,,singleton,20,60.0,10,10;5;2;9,5;2;9,"{""2"": 1, ""5"": 1, ""9"": 1}","{""2"": 1667, ""5"": 3249, ""9"": 3, ""10"": 4949}",78704,4.377308120133482,10,40.0,ns3,899,0.5,10,12,28,,,[],[],,5;2;9,16,51,
2026_07_15_01_26_56,000070,11,all-cavs,selective_edgecooper_global,grid,,,,,,,singleton,20,60.0,11,11;9;1;10,9;1;10,"{""1"": 1, ""9"": 1, ""10"": 1}","{""1"": 1355, ""9"": 1612, ""10"": 1335, ""11"": 4909}",68832,3.82825361512792,10,40.0,ns3,899,0.5,10,12,28,,,[],[],,9;1;10,19,51,
2026_07_15_01_26_56,000070,12,all-cavs,selective_edgecooper_global,grid,,,,,,,singleton,20,60.0,12,12;8;7;4,8;7;4,"{""4"": 1, ""7"": 1, ""8"": 1}","{""4"": 658, ""7"": 1547, ""8"": 3371, ""12"": 4888}",89216,4.9619577308120135,10,40.0,ns3,899,0.5,10,12,28,,,[],[],,8;7;4,12,43,
2026_07_15_01_26_56,000070,13,all-cavs,selective_edgecooper_global,grid,,,,,,,singleton,20,60.0,13,13;9;10,9;10,"{""9"": 1, ""10"": 1}","{""9"": 1612, ""10"": 1335, ""13"": 4795}",47152,2.6224694104560626,10,40.0,ns3,899,0.5,10,12,28,,,[],[],,9;10,12,38,
2026_07_15_01_26_56,000070,14,all-cavs,selective_edgecooper_global,grid,,,,,,,singleton,20,60.0,14,14,,{},"{""14"": 5031}",0,0.0,10,40.0,ns3,899,0.5,10,12,28,,,[],[],,,3,4,
2026_07_15_01_26_56,000070,15,all-cavs,selective_edgecooper_global,grid,,,,,,,singleton,20,60.0,15,15;6,6,"{""6"": 1}","{""6"": 1466, ""15"": 4740}",23456,1.3045606229143492,10,40.0,ns3,899,0.5,10,12,28,,,[],[],,6,15,16,
2026_07_15_01_26_56,000070,16,all-cavs,selective_edgecooper_global,grid,,,,,,,singleton,20,60.0,16,16;10;3,10;3,"{""3"": 1, ""10"": 1}","{""3"": 1266, ""10"": 1335, ""16"": 4856}",41616,2.314571746384872,10,40.0,ns3,899,0.5,10,12,28,,,[],[],,10;3,13,42,
2026_07_15_01_26_56,000070,17,all-cavs,selective_edgecooper_global,grid,,,,,,,singleton,20,60.0,17,17;18;16,18;16,"{""16"": 1, ""18"": 1}","{""16"": 1083, ""17"": 4972, ""18"": 3426}",72144,4.01245828698554,10,40.0,ns3,899,0.5,10,12,28,,,[],[],,18;16,16,32,
2026_07_15_01_26_56,000070,18,all-cavs,selective_edgecooper_global,grid,,,,,,,singleton,20,60.0,18,18;3;17,3;17,"{""3"": 1, ""17"": 1}","{""3"": 1266, ""17"": 1137, ""18"": 5042}",38448,2.138375973303671,10,40.0,ns3,899,0.5,10,12,28,,,[],[],,3;17,13,24,
2026_07_15_01_26_56,000070,19,all-cavs,selective_edgecooper_global,grid,,,,,,,singleton,20,60.0,19,19;5,5,"{""5"": 1}","{""5"": 3249, ""19"": 4824}",51984,2.8912124582869856,10,40.0,ns3,899,0.5,10,12,28,,,[],[],,5,11,17,
2026_07_15_01_26_56,000070,20,all-cavs,selective_edgecooper_global,grid,,,,,,,singleton,20,60.0,20,20;7;5,7;5,"{""5"": 2, ""7"": 1}","{""5"": 58, ""7"": 1547, ""20"": 4909}",25680,1.42825361512792,10,40.0,ns3,899,0.5,10,12,28,,,[],[],,7;5,21,32,
2026_07_15_01_26_56,000072,1,all-cavs,selective_edgecooper_global,grid,,,,,,,singleton,20,60.0,1,1;8;11;4,8;11;4,"{""4"": 1, ""8"": 1, ""11"": 1}","{""1"": 4928, ""4"": 1068, ""8"": 3371, ""11"": 1586}",96400,5.3615127919911005,10,40.0,ns3,899,0.5,10,12,28,,,[],[],,8;11;4,13,45,
2026_07_15_01_26_56,000072,2,all-cavs,selective_edgecooper_global,grid,,,,,,,singleton,20,60.0,2,2;8;1,8;1,"{""1"": 1, ""8"": 1}","{""1"": 1327, ""2"": 4864, ""8"": 3371}",75168,4.180645161290323,10,40.0,ns3,899,0.5,10,12,28,,,[],[],,8;1,19,43,
2026_07_15_01_26_56,000072,3,all-cavs,selective_edgecooper_global,grid,,,,,,,singleton,20,60.0,3,3;18;17;16,18;17;16,"{""16"": 1, ""17"": 1, ""18"": 1}","{""3"": 4951, ""16"": 1033, ""17"": 1169, ""18"": 3426}",90048,5.008231368186874,10,40.0,ns3,899,0.5,10,12,28,,,[],[],,18;17;16,17,36,
2026_07_15_01_26_56,000072,4,all-cavs,selective_edgecooper_global,grid,,,,,,,singleton,20,60.0,4,4;7;1,7;1,"{""1"": 1, ""7"": 1}","{""1"": 1327, ""4"": 4868, ""7"": 1520}",45552,2.5334816462736374,10,40.0,ns3,899,0.5,10,12,28,,,[],[],,7;1,14,38,
2026_07_15_01_26_56,000072,5,all-cavs,selective_edgecooper_global,grid,,,,,,,singleton,20,60.0,5,5;19,19,"{""19"": 1}","{""5"": 4908, ""19"": 3191}",51056,2.8395995550611794,10,40.0,ns3,899,0.5,10,12,28,,,[],[],,19,9,23,
2026_07_15_01_26_56,000072,6,all-cavs,selective_edgecooper_global,grid,,,,,,,singleton,20,60.0,6,6;15,15,"{""15"": 1}","{""6"": 4599, ""15"": 3168}",50688,2.819132369299221,10,40.0,ns3,899,0.5,10,12,28,,,[],[],,15,12,18,
2026_07_15_01_26_56,000072,7,all-cavs,selective_edgecooper_global,grid,,,,,,,singleton,20,60.0,7,7;12;4,12;4,"{""4"": 1, ""12"": 1}","{""4"": 1068, ""7"": 4909, ""12"": 1838}",46496,2.585984427141268,10,40.0,ns3,899,0.5,10,12,28,,,[],[],,12;4,13,33,
2026_07_15_01_26_56,000072,8,all-cavs,selective_edgecooper_global,grid,,,,,,,singleton,20,60.0,8,8;12;2;11,12;2;11,"{""2"": 1, ""11"": 1, ""12"": 1}","{""2"": 1706, ""8"": 4842, ""11"": 1586, ""12"": 1838}",82080,4.565072302558399,10,40.0,ns3,899,0.5,10,12,28,,,[],[],,12;2;11,19,43,
2026_07_15_01_26_56,000072,9,all-cavs,selective_edgecooper_global,grid,,,,,,,singleton,20,60.0,9,9,,{},"{""9"": 4857}",0,0.0,10,40.0,ns3,899,0.5,10,12,28,,,[],[],,,16,18,
2026_07_15_01_26_56,000072,10,all-cavs,selective_edgecooper_global,grid,,,,,,,singleton,20,60.0,10,10;5;2,5;2,"{""2"": 1, ""5"": 1}","{""2"": 1706, ""5"": 3248, ""10"": 4930}",79264,4.408453837597331,10,40.0,ns3,899,0.5,10,12,28,,,[],[],,5;2,18,51,
2026_07_15_01_26_56,000072,11,all-cavs,selective_edgecooper_global,grid,,,,,,,singleton,20,60.0,11,11;9;1;10,9;1;10,"{""1"": 1, ""9"": 1, ""10"": 1}","{""1"": 1327, ""9"": 1612, ""10"": 1308, ""11"": 4908}",67952,3.779310344827586,10,40.0,ns3,899,0.5,10,12,28,,,[],[],,9;1;10,18,51,
2026_07_15_01_26_56,000072,12,all-cavs,selective_edgecooper_global,grid,,,,,,,singleton,20,60.0,12,12;8;7,8;7,"{""7"": 1, ""8"": 1}","{""7"": 1520, ""8"": 3371, ""12"": 4892}",78256,4.352391546162402,10,40.0,ns3,899,0.5,10,12,28,,,[],[],,8;7,9,39,
2026_07_15_01_26_56,000072,13,all-cavs,selective_edgecooper_global,grid,,,,,,,singleton,20,60.0,13,13;9;10;19,9;10;19,"{""9"": 1, ""10"": 1, ""19"": 1}","{""9"": 1612, ""10"": 1308, ""13"": 4800, ""19"": 197}",49872,2.773748609566185,10,40.0,ns3,899,0.5,10,12,28,,,[],[],,9;10;19,11,38,
2026_07_15_01_26_56,000072,14,all-cavs,selective_edgecooper_global,grid,,,,,,,singleton,20,60.0,14,14,,{},"{""14"": 5044}",0,0.0,10,40.0,ns3,899,0.5,10,12,28,,,[],[],,,3,4,
2026_07_15_01_26_56,000072,15,all-cavs,selective_edgecooper_global,grid,,,,,,,singleton,20,60.0,15,15;6,6,"{""6"": 1}","{""6"": 1377, ""15"": 4748}",22032,1.225361512791991,10,40.0,ns3,899,0.5,10,12,28,,,[],[],,6,11,18,
2026_07_15_01_26_56,000072,16,all-cavs,selective_edgecooper_global,grid,,,,,,,singleton,20,60.0,16,16;10;3,10;3,"{""3"": 1, ""10"": 1}","{""3"": 1249, ""10"": 1308, ""16"": 4868}",40912,2.2754171301446053,10,40.0,ns3,899,0.5,10,12,28,,,[],[],,10;3,16,41,
2026_07_15_01_26_56,000072,17,all-cavs,selective_edgecooper_global,grid,,,,,,,singleton,20,60.0,17,17;18;16,18;16,"{""16"": 1, ""18"": 1}","{""16"": 1033, ""17"": 4977, ""18"": 3426}",71344,3.9679644048943272,10,40.0,ns3,899,0.5,10,12,28,,,[],[],,18;16,17,31,
2026_07_15_01_26_56,000072,18,all-cavs,selective_edgecooper_global,grid,,,,,,,singleton,20,60.0,18,18;3;17,3;17,"{""3"": 1, ""17"": 1}","{""3"": 1249, ""17"": 1169, ""18"": 5002}",38688,2.1517241379310343,10,40.0,ns3,899,0.5,10,12,28,,,[],[],,3;17,13,24,
2026_07_15_01_26_56,000072,19,all-cavs,selective_edgecooper_global,grid,,,,,,,singleton,20,60.0,19,19;5;20,5;20,"{""5"": 1, ""20"": 1}","{""5"": 3248, ""19"": 4826, ""20"": 959}",67312,3.743715239154616,10,40.0,ns3,899,0.5,10,12,28,,,[],[],,5;20,13,31,
2026_07_15_01_26_56,000072,20,all-cavs,selective_edgecooper_global,grid,,,,,,,singleton,20,60.0,20,20;7;5,7;5,"{""5"": 2, ""7"": 1}","{""5"": 85, ""7"": 1520, ""20"": 4907}",25680,1.42825361512792,10,40.0,ns3,899,0.5,10,12,28,,,[],[],,7;5,20,32,
2026_07_15_01_26_56,000074,1,all-cavs,selective_edgecooper_global,grid,,,,,,,singleton,20,60.0,1,1;8;11;4,8;11;4,"{""4"": 1, ""8"": 1, ""11"": 1}","{""1"": 4931, ""4"": 1015, ""8"": 3371, ""11"": 1586}",95552,5.314349276974416,10,40.0,ns3,899,0.5,10,12,28,,,[],[],,8;11;4,14,43,
2026_07_15_01_26_56,000074,2,all-cavs,selective_edgecooper_global,grid,,,,,,,singleton,20,60.0,2,2;8;1,8;1,"{""1"": 1, ""8"": 1}","{""1"": 1239, ""2"": 4872, ""8"": 3371}",73760,4.102335928809789,10,40.0,ns3,899,0.5,10,12,28,,,[],[],,8;1,16,43,
2026_07_15_01_26_56,000074,3,all-cavs,selective_edgecooper_global,grid,,,,,,,singleton,20,60.0,3,3;18;17;16,18;17;16,"{""16"": 1, ""17"": 1, ""18"": 1}","{""3"": 4963, ""16"": 1009, ""17"": 1197, ""18"": 3427}",90128,5.012680756395995,10,40.0,ns3,899,0.5,10,12,28,,,[],[],,18;17;16,16,35,
2026_07_15_01_26_56,000074,4,all-cavs,selective_edgecooper_global,grid,,,,,,,singleton,20,60.0,4,4;7;1,7;1,"{""1"": 1, ""7"": 1}","{""1"": 1239, ""4"": 4850, ""7"": 1519}",44128,2.454282536151279,10,40.0,ns3,899,0.5,10,12,28,,,[],[],,7;1,18,38,
2026_07_15_01_26_56,000074,5,all-cavs,selective_edgecooper_global,grid,,,,,,,singleton,20,60.0,5,5;19,19,"{""19"": 1}","{""5"": 4914, ""19"": 3191}",51056,2.8395995550611794,10,40.0,ns3,899,0.5,10,12,28,,,[],[],,19,11,24,
2026_07_15_01_26_56,000074,6,all-cavs,selective_edgecooper_global,grid,,,,,,,singleton,20,60.0,6,6;15,15,"{""15"": 1}","{""6"": 4599, ""15"": 3167}",50672,2.818242491657397,10,40.0,ns3,899,0.5,10,12,28,,,[],[],,15,11,18,
2026_07_15_01_26_56,000074,7,all-cavs,selective_edgecooper_global,grid,,,,,,,singleton,20,60.0,7,7;12;4,12;4,"{""4"": 1, ""12"": 1}","{""4"": 1015, ""7"": 4926, ""12"": 1754}",44304,2.464071190211346,10,40.0,ns3,899,0.5,10,12,28,,,[],[],,12;4,11,33,
2026_07_15_01_26_56,000074,8,all-cavs,selective_edgecooper_global,grid,,,,,,,singleton,20,60.0,8,8;12;2;11,12;2;11,"{""2"": 1, ""11"": 1, ""12"": 1}","{""2"": 1728, ""8"": 4842, ""11"": 1586, ""12"": 1754}",81088,4.509899888765294,10,40.0,ns3,899,0.5,10,12,28,,,[],[],,12;2;11,18,43,
2026_07_15_01_26_56,000074,9,all-cavs,selective_edgecooper_global,grid,,,,,,,singleton,20,60.0,9,9;10,10,"{""10"": 1}","{""9"": 4857, ""10"": 1284}",20544,1.142602892102336,10,40.0,ns3,899,0.5,10,12,28,,,[],[],,10,14,31,
2026_07_15_01_26_56,000074,10,all-cavs,selective_edgecooper_global,grid,,,,,,,singleton,20,60.0,10,10;5;2;9,5;2;9,"{""2"": 1, ""5"": 1, ""9"": 1}","{""2"": 1728, ""5"": 3241, ""9"": 1, ""10"": 4948}",79520,4.422691879866519,10,40.0,ns3,899,0.5,10,12,28,,,[],[],,5;2;9,18,53,
2026_07_15_01_26_56,000074,11,all-cavs,selective_edgecooper_global,grid,,,,,,,singleton,20,60.0,11,11;9;1,9;1,"{""1"": 1, ""9"": 1}","{""1"": 1239, ""9"": 1612, ""11"": 4906}",45616,2.5370411568409343,10,40.0,ns3,899,0.5,10,12,28,,,[],[],,9;1,16,42,
2026_07_15_01_26_56,000074,12,all-cavs,selective_edgecooper_global,grid,,,,,,,singleton,20,60.0,12,12;8;7;4,8;7;4,"{""4"": 1, ""7"": 1, ""8"": 1}","{""4"": 1015, ""7"": 1519, ""8"": 3371, ""12"": 4881}",94480,5.254727474972191,10,40.0,ns3,899,0.5,10,12,28,,,[],[],,8;7;4,11,44,
2026_07_15_01_26_56,000074,13,all-cavs,selective_edgecooper_global,grid,,,,,,,singleton,20,60.0,13,13;9;10,9;10,"{""9"": 1, ""10"": 1}","{""9"": 1612, ""10"": 1284, ""13"": 4800}",46336,2.5770856507230255,10,40.0,ns3,899,0.5,10,12,28,,,[],[],,9;10,12,38,
2026_07_15_01_26_56,000074,14,all-cavs,selective_edgecooper_global,grid,,,,,,,singleton,20,60.0,14,14,,{},"{""14"": 5017}",0,0.0,10,40.0,ns3,899,0.5,10,12,28,,,[],[],,,3,4,
2026_07_15_01_26_56,000074,15,all-cavs,selective_edgecooper_global,grid,,,,,,,singleton,20,60.0,15,15;6,6,"{""6"": 1}","{""6"": 1290, ""15"": 4753}",20640,1.1479421579532814,10,40.0,ns3,899,0.5,10,12,28,,,[],[],,6,12,18,
2026_07_15_01_26_56,000074,16,all-cavs,selective_edgecooper_global,grid,,,,,,,singleton,20,60.0,16,16;10;3,10;3,"{""3"": 1, ""10"": 1}","{""3"": 1171, ""10"": 1284, ""16"": 4872}",39280,2.1846496106785316,10,40.0,ns3,899,0.5,10,12,28,,,[],[],,10;3,13,40,
2026_07_15_01_26_56,000074,17,all-cavs,selective_edgecooper_global,grid,,,,,,,singleton,20,60.0,17,17;18;16,18;16,"{""16"": 1, ""18"": 1}","{""16"": 1009, ""17"": 4954, ""18"": 3427}",70976,3.94749721913237,10,40.0,ns3,899,0.5,10,12,28,,,[],[],,18;16,17,30,
2026_07_15_01_26_56,000074,18,all-cavs,selective_edgecooper_global,grid,,,,,,,singleton,20,60.0,18,18;17;3,17;3,"{""3"": 1, ""17"": 1}","{""3"": 1171, ""17"": 1197, ""18"": 4980}",37888,2.1072302558398217,10,40.0,ns3,899,0.5,10,12,28,,,[],[],,17;3,13,24,
2026_07_15_01_26_56,000074,19,all-cavs,selective_edgecooper_global,grid,,,,,,,singleton,20,60.0,19,19;5;20,5;20,"{""5"": 1, ""20"": 1}","{""5"": 3241, ""19"": 4825, ""20"": 959}",67200,3.7374860956618465,10,40.0,ns3,899,0.5,10,12,28,,,[],[],,5;20,11,30,
2026_07_15_01_26_56,000074,20,all-cavs,selective_edgecooper_global,grid,,,,,,,singleton,20,60.0,20,20;7;5,7;5,"{""5"": 2, ""7"": 1}","{""5"": 83, ""7"": 1519, ""20"": 4907}",25632,1.4255839822024472,10,40.0,ns3,899,0.5,10,12,28,,,[],[],,7;5,20,33,
2026_07_15_01_26_56,000076,1,all-cavs,selective_edgecooper_global,grid,,,,,,,singleton,20,60.0,1,1;8;11;4,8;11;4,"{""4"": 1, ""8"": 2, ""11"": 1}","{""1"": 4934, ""4"": 944, ""8"": 3393, ""11"": 1586}",94768,5.270745272525028,10,40.0,ns3,899,0.5,10,12,28,,,[],[],,8;11;4,12,43,
2026_07_15_01_26_56,000076,2,all-cavs,selective_edgecooper_global,grid,,,,,,,singleton,20,60.0,2,2;8;1,8;1,"{""1"": 1, ""8"": 1}","{""1"": 1186, ""2"": 4873, ""8"": 3371}",72912,4.055172413793104,10,40.0,ns3,899,0.5,10,12,28,,,[],[],,8;1,16,43,
2026_07_15_01_26_56,000076,3,all-cavs,selective_edgecooper_global,grid,,,,,,,singleton,20,60.0,3,3;18;17;16,18;17;16,"{""16"": 1, ""17"": 1, ""18"": 1}","{""3"": 4935, ""16"": 955, ""17"": 1238, ""18"": 3426}",89904,5.000222469410456,10,40.0,ns3,899,0.5,10,12,28,,,[],[],,18;17;16,17,33,
2026_07_15_01_26_56,000076,4,all-cavs,selective_edgecooper_global,grid,,,,,,,singleton,20,60.0,4,4;7;1,7;1,"{""1"": 1, ""7"": 1}","{""1"": 1186, ""4"": 4853, ""7"": 1507}",43088,2.396440489432703,10,40.0,ns3,899,0.5,10,12,28,,,[],[],,7;1,14,38,
2026_07_15_01_26_56,000076,5,all-cavs,selective_edgecooper_global,grid,,,,,,,singleton,20,60.0,5,5;19;13,19;13,"{""13"": 1, ""19"": 1}","{""5"": 4910, ""13"": 941, ""19"": 3191}",66112,3.6769744160177975,10,40.0,ns3,899,0.5,10,12,28,,,[],[],,19;13,14,33,
2026_07_15_01_26_56,000076,6,all-cavs,selective_edgecooper_global,grid,,,,,,,singleton,20,60.0,6,6;15,15,"{""15"": 1}","{""6"": 4624, ""15"": 3165}",50640,2.8164627363737487,10,40.0,ns3,899,0.5,10,12,28,,,[],[],,15,11,18,
2026_07_15_01_26_56,000076,7,all-cavs,selective_edgecooper_global,grid,,,,,,,singleton,20,60.0,7,7;12,12,"{""12"": 1}","{""7"": 4905, ""12"": 1687}",26992,1.5012235817575084,10,40.0,ns3,899,0.5,10,12,28,,,[],[],,12,14,28,
2026_07_15_01_26_56,000076,8,all-cavs,selective_edgecooper_global,grid,,,,,,,singleton,20,60.0,8,8;2;12;11,2;12;11,"{""2"": 1, ""11"": 1, ""12"": 1}","{""2"": 1752, ""8"": 4841, ""11"": 1586, ""12"": 1687}",80400,4.471635150166852,10,40.0,ns3,899,0.5,10,12,28,,,[],[],,2;12;11,18,43,
2026_07_15_01_26_56,000076,9,all-cavs,selective_edgecooper_global,grid,,,,,,,singleton,20,60.0,9,9;10,10,"{""10"": 1}","{""9"": 4859, ""10"": 1259}",20144,1.1203559510567296,10,40.0,ns3,899,0.5,10,12,28,,,[],[],,10,14,32,
2026_07_15_01_26_56,000076,10,all-cavs,selective_edgecooper_global,grid,,,,,,,singleton,20,60.0,10,10;5;2;9,5;2;9,"{""2"": 1, ""5"": 1, ""9"": 1}","{""2"": 1752, ""5"": 3237, ""9"": 4, ""10"": 4943}",79888,4.4431590656284765,10,40.0,ns3,899,0.5,10,12,28,,,[],[],,5;2;9,18,52,
2026_07_15_01_26_56,000076,11,all-cavs,selective_edgecooper_global,grid,,,,,,,singleton,20,60.0,11,11;9;1,9;1,"{""1"": 1, ""9"": 1}","{""1"": 1186, ""9"": 1612, ""11"": 4905}",44768,2.489877641824249,10,40.0,ns3,899,0.5,10,12,28,,,[],[],,9;1,18,44,
2026_07_15_01_26_56,000076,12,all-cavs,selective_edgecooper_global,grid,,,,,,,singleton,20,60.0,12,12;8;7,8;7,"{""7"": 1, ""8"": 1}","{""7"": 1507, ""8"": 3371, ""12"": 4903}",78048,4.340823136818687,10,40.0,ns3,899,0.5,10,12,28,,,[],[],,8;7,11,39,
2026_07_15_01_26_56,000076,13,all-cavs,selective_edgecooper_global,grid,,,,,,,singleton,20,60.0,13,13;9;10,9;10,"{""9"": 1, ""10"": 1}","{""9"": 1612, ""10"": 1259, ""13"": 4773}",45936,2.5548387096774197,10,40.0,ns3,899,0.5,10,12,28,,,[],[],,9;10,13,37,
2026_07_15_01_26_56,000076,14,all-cavs,selective_edgecooper_global,grid,,,,,,,singleton,20,60.0,14,14,,{},"{""14"": 5022}",0,0.0,10,40.0,ns3,899,0.5,10,12,28,,,[],[],,,3,4,
2026_07_15_01_26_56,000076,15,all-cavs,selective_edgecooper_global,grid,,,,,,,singleton,20,60.0,15,15;6,6,"{""6"": 1}","{""6"": 1342, ""15"": 4754}",21472,1.1942157953281423,10,40.0,ns3,899,0.5,10,12,28,,,[],[],,6,14,18,
2026_07_15_01_26_56,000076,16,all-cavs,selective_edgecooper_global,grid,,,,,,,singleton,20,60.0,16,16;10;17;20,10;17;20,"{""10"": 1, ""17"": 1, ""20"": 1}","{""10"": 1259, ""16"": 4885, ""17"": 1238, ""20"": 959}",55296,3.075417130144605,10,40.0,ns3,899,0.5,10,12,28,,,[],[],,10;17;20,16,40,
2026_07_15_01_26_56,000076,17,all-cavs,selective_edgecooper_global,grid,,,,,,,singleton,20,60.0,17,17;18;16,18;16,"{""16"": 1, ""18"": 1}","{""16"": 955, ""17"": 5003, ""18"": 3426}",70096,3.8985539488320353,10,40.0,ns3,899,0.5,10,12,28,,,[],[],,18;16,19,29,
2026_07_15_01_26_56,000076,18,all-cavs,selective_edgecooper_global,grid,,,,,,,singleton,20,60.0,18,18;17;3,17;3,"{""3"": 1, ""17"": 1}","{""3"": 1040, ""17"": 1238, ""18"": 4986}",36448,2.0271412680756393,10,40.0,ns3,899,0.5,10,12,28,,,[],[],,17;3,14,25,
2026_07_15_01_26_56,000076,19,all-cavs,selective_edgecooper_global,grid,,,,,,,singleton,20,60.0,19,19;5;20,5;20,"{""5"": 1, ""20"": 1}","{""5"": 3237, ""19"": 4821, ""20"": 959}",67136,3.7339265850945496,10,40.0,ns3,899,0.5,10,12,28,,,[],[],,5;20,12,30,
2026_07_15_01_26_56,000076,20,all-cavs,selective_edgecooper_global,grid,,,,,,,singleton,20,60.0,20,20;7;16;5,7;16;5,"{""5"": 1, ""7"": 1, ""16"": 1}","{""5"": 49, ""7"": 1507, ""16"": 616, ""20"": 4906}",34752,1.9328142380422693,10,40.0,ns3,899,0.5,10,12,28,,,[],[],,7;16;5,22,35,
2026_07_15_01_26_56,000078,1,all-cavs,selective_edgecooper_global,grid,,,,,,,singleton,20,60.0,1,1;8;11;4,8;11;4,"{""4"": 1, ""8"": 1, ""11"": 1}","{""1"": 4934, ""4"": 914, ""8"": 3371, ""11"": 1586}",93936,5.2244716351501665,10,40.0,ns3,899,0.5,10,12,28,,,[],[],,8;11;4,15,45,
2026_07_15_01_26_56,000078,2,all-cavs,selective_edgecooper_global,grid,,,,,,,singleton,20,60.0,2,2;8;1,8;1,"{""1"": 1, ""8"": 1}","{""1"": 1186, ""2"": 4851, ""8"": 3371}",72912,4.055172413793104,10,40.0,ns3,899,0.5,10,12,28,,,[],[],,8;1,15,41,
2026_07_15_01_26_56,000078,3,all-cavs,selective_edgecooper_global,grid,,,,,,,singleton,20,60.0,3,3;18;17,18;17,"{""17"": 1, ""18"": 1}","{""3"": 4932, ""17"": 1279, ""18"": 3421}",75200,4.182424916573971,10,40.0,ns3,899,0.5,10,12,28,,,[],[],,18;17,18,25,
2026_07_15_01_26_56,000078,4,all-cavs,selective_edgecooper_global,grid,,,,,,,singleton,20,60.0,4,4;7;1;12,7;1;12,"{""1"": 1, ""7"": 1, ""12"": 1}","{""1"": 1186, ""4"": 4858, ""7"": 1487, ""12"": 803}",55616,3.09321468298109,10,40.0,ns3,899,0.5,10,12,28,,,[],[],,7;1;12,15,40,
2026_07_15_01_26_56,000078,5,all-cavs,selective_edgecooper_global,grid,,,,,,,singleton,20,60.0,5,5;19;20;13,19;20;13,"{""13"": 1, ""19"": 1, ""20"": 1}","{""5"": 4911, ""13"": 936, ""19"": 3191, ""20"": 959}",81376,4.525917686318132,10,40.0,ns3,899,0.5,10,12,28,,,[],[],,19;20;13,8,40,
2026_07_15_01_26_56,000078,6,all-cavs,selective_edgecooper_global,grid,,,,,,,singleton,20,60.0,6,6;15,15,"{""15"": 1}","{""6"": 4635, ""15"": 3166}",50656,2.8173526140155727,10,40.0,ns3,899,0.5,10,12,28,,,[],[],,15,11,19,
2026_07_15_01_26_56,000078,7,all-cavs,selective_edgecooper_global,grid,,,,,,,singleton,20,60.0,7,7;12,12,"{""12"": 1}","{""7"": 4919, ""12"": 1621}",25936,1.4424916573971078,10,40.0,ns3,899,0.5,10,12,28,,,[],[],,12,10,26,
2026_07_15_01_26_56,000078,8,all-cavs,selective_edgecooper_global,grid,,,,,,,singleton,20,60.0,8,8;2;12;11,2;12;11,"{""2"": 1, ""11"": 1, ""12"": 1}","{""2"": 1762, ""8"": 4841, ""11"": 1586, ""12"": 1621}",79504,4.421802002224695,10,40.0,ns3,899,0.5,10,12,28,,,[],[],,2;12;11,17,43,
2026_07_15_01_26_56,000078,9,all-cavs,selective_edgecooper_global,grid,,,,,,,singleton,20,60.0,9,9;10,10,"{""10"": 1}","{""9"": 4857, ""10"": 1248}",19968,1.110567296996663,10,40.0,ns3,899,0.5,10,12,28,,,[],[],,10,15,32,
2026_07_15_01_26_56,000078,10,all-cavs,selective_edgecooper_global,grid,,,,,,,singleton,20,60.0,10,10;5;2;9,5;2;9,"{""2"": 1, ""5"": 1, ""9"": 1}","{""2"": 1762, ""5"": 3231, ""9"": 4, ""10"": 4935}",79952,4.4467185761957735,10,40.0,ns3,899,0.5,10,12,28,,,[],[],,5;2;9,17,53,
2026_07_15_01_26_56,000078,11,all-cavs,selective_edgecooper_global,grid,,,,,,,singleton,20,60.0,11,11;9;1,9;1,"{""1"": 1, ""9"": 1}","{""1"": 1186, ""9"": 1612, ""11"": 4907}",44768,2.489877641824249,10,40.0,ns3,899,0.5,10,12,28,,,[],[],,9;1,19,45,
2026_07_15_01_26_56,000078,12,all-cavs,selective_edgecooper_global,grid,,,,,,,singleton,20,60.0,12,12;8;7,8;7,"{""7"": 1, ""8"": 1}","{""7"": 1487, ""8"": 3371, ""12"": 4895}",77728,4.3230255839822025,10,40.0,ns3,899,0.5,10,12,28,,,[],[],,8;7,11,38,
2026_07_15_01_26_56,000078,13,all-cavs,selective_edgecooper_global,grid,,,,,,,singleton,20,60.0,13,13;9;10,9;10,"{""9"": 1, ""10"": 1}","{""9"": 1612, ""10"": 1248, ""13"": 4778}",45760,2.5450500556173528,10,40.0,ns3,899,0.5,10,12,28,,,[],[],,9;10,12,37,
2026_07_15_01_26_56,000078,14,all-cavs,selective_edgecooper_global,grid,,,,,,,singleton,20,60.0,14,14,,{},"{""14"": 5015}",0,0.0,10,40.0,ns3,899,0.5,10,12,28,,,[],[],,,4,3,
2026_07_15_01_26_56,000078,15,all-cavs,selective_edgecooper_global,grid,,,,,,,singleton,20,60.0,15,15;6,6,"{""6"": 1}","{""6"": 1432, ""15"": 4753}",22912,1.2743047830923249,10,40.0,ns3,899,0.5,10,12,28,,,[],[],,6,13,19,
2026_07_15_01_26_56,000078,16,all-cavs,selective_edgecooper_global,grid,,,,,,,singleton,20,60.0,16,16;17;10;20,17;10;20,"{""10"": 1, ""17"": 1, ""20"": 1}","{""10"": 1248, ""16"": 4880, ""17"": 1279, ""20"": 959}",55776,3.1021134593993325,10,40.0,ns3,899,0.5,10,12,28,,,[],[],,17;10;20,15,40,
2026_07_15_01_26_56,000078,17,all-cavs,selective_edgecooper_global,grid,,,,,,,singleton,20,60.0,17,17;18,18,"{""18"": 1}","{""17"": 4995, ""18"": 3421}",54736,3.0442714126807564,10,40.0,ns3,899,0.5,10,12,28,,,[],[],,18,17,18,
2026_07_15_01_26_56,000078,18,all-cavs,selective_edgecooper_global,grid,,,,,,,singleton,20,60.0,18,18;17;3,17;3,"{""3"": 1, ""17"": 1}","{""3"": 987, ""17"": 1279, ""18"": 5018}",36256,2.0164627363737484,10,40.0,ns3,899,0.5,10,12,28,,,[],[],,17;3,11,25,
2026_07_15_01_26_56,000078,19,all-cavs,selective_edgecooper_global,grid,,,,,,,singleton,20,60.0,19,19;5;20;13,5;20;13,"{""5"": 1, ""13"": 1, ""20"": 1}","{""5"": 3231, ""13"": 936, ""19"": 4823, ""20"": 959}",82016,4.561512791991102,10,40.0,ns3,899,0.5,10,12,28,,,[],[],,5;20;13,11,34,
2026_07_15_01_26_56,000078,20,all-cavs,selective_edgecooper_global,grid,,,,,,,singleton,20,60.0,20,20;7,7,"{""7"": 1}","{""7"": 1487, ""20"": 4908}",23792,1.3232480533926585,10,40.0,ns3,899,0.5,10,12,28,,,[],[],,7,21,23,
2026_07_15_01_26_56,000080,1,all-cavs,selective_edgecooper_global,grid,,,,,,,singleton,20,60.0,1,1;8;11;4,8;11;4,"{""4"": 1, ""8"": 1, ""11"": 1}","{""1"": 4933, ""4"": 909, ""8"": 3371, ""11"": 1586}",93856,5.2200222469410456,10,40.0,ns3,899,0.5,10,12,28,,,[],[],,8;11;4,14,46,
2026_07_15_01_26_56,000080,2,all-cavs,selective_edgecooper_global,grid,,,,,,,singleton,20,60.0,2,2;8;1;11,8;1;11,"{""1"": 1, ""8"": 1, ""11"": 1}","{""1"": 1186, ""2"": 4849, ""8"": 3371, ""11"": 901}",87328,4.856952169076752,10,40.0,ns3,899,0.5,10,12,28,,,[],[],,8;1;11,19,47,
2026_07_15_01_26_56,000080,3,all-cavs,selective_edgecooper_global,grid,,,,,,,singleton,20,60.0,3,3;18;17;16,18;17;16,"{""16"": 1, ""17"": 1, ""18"": 1}","{""3"": 4937, ""16"": 831, ""17"": 1361, ""18"": 2244}",70976,3.94749721913237,10,40.0,ns3,899,0.5,10,12,28,,,[],[],,18;17;16,17,34,
2026_07_15_01_26_56,000080,4,all-cavs,selective_edgecooper_global,grid,,,,,,,singleton,20,60.0,4,4;7;1;12,7;1;12,"{""1"": 1, ""7"": 1, ""12"": 1}","{""1"": 1186, ""4"": 4847, ""7"": 1487, ""12"": 895}",57088,3.175083426028921,10,40.0,ns3,899,0.5,10,12,28,,,[],[],,7;1;12,13,43,
2026_07_15_01_26_56,000080,5,all-cavs,selective_edgecooper_global,grid,,,,,,,singleton,20,60.0,5,5;19;20;13,19;20;13,"{""13"": 1, ""19"": 1, ""20"": 1}","{""5"": 4916, ""13"": 917, ""19"": 3191, ""20"": 959}",81072,4.50901001112347,10,40.0,ns3,899,0.5,10,12,28,,,[],[],,19;20;13,11,39,
2026_07_15_01_26_56,000080,6,all-cavs,selective_edgecooper_global,grid,,,,,,,singleton,20,60.0,6,6;15,15,"{""15"": 1}","{""6"": 4637, ""15"": 3167}",50672,2.818242491657397,10,40.0,ns3,899,0.5,10,12,28,,,[],[],,15,11,18,
2026_07_15_01_26_56,000080,7,all-cavs,selective_edgecooper_global,grid,,,,,,,singleton,20,60.0,7,7;12;4,12;4,"{""4"": 1, ""12"": 1}","{""4"": 909, ""7"": 4919, ""12"": 1530}",39024,2.1704115684093437,10,40.0,ns3,899,0.5,10,12,28,,,[],[],,12;4,13,32,
2026_07_15_01_26_56,000080,8,all-cavs,selective_edgecooper_global,grid,,,,,,,singleton,20,60.0,8,8;2;11;12,2;11;12,"{""2"": 1, ""11"": 1, ""12"": 1}","{""2"": 1773, ""8"": 4839, ""11"": 1586, ""12"": 1530}",78224,4.350611790878754,10,40.0,ns3,899,0.5,10,12,28,,,[],[],,2;11;12,19,43,
2026_07_15_01_26_56,000080,9,all-cavs,selective_edgecooper_global,grid,,,,,,,singleton,20,60.0,9,9;10;13;19,10;13;19,"{""10"": 1, ""13"": 1, ""19"": 1}","{""9"": 4858, ""10"": 1226, ""13"": 881, ""19"": 127}",35744,1.9879866518353728,10,40.0,ns3,899,0.5,10,12,28,,,[],[],,10;13;19,12,38,
2026_07_15_01_26_56,000080,10,all-cavs,selective_edgecooper_global,grid,,,,,,,singleton,20,60.0,10,10;5;2;9,5;2;9,"{""2"": 1, ""5"": 1, ""9"": 1}","{""2"": 1773, ""5"": 3225, ""9"": 2, ""10"": 4924}",80000,4.4493882091212456,10,40.0,ns3,899,0.5,10,12,28,,,[],[],,5;2;9,18,53,
2026_07_15_01_26_56,000080,11,all-cavs,selective_edgecooper_global,grid,,,,,,,singleton,20,60.0,11,11;9;1;2,9;1;2,"{""1"": 1, ""2"": 1, ""9"": 1}","{""1"": 1186, ""2"": 467, ""9"": 1612, ""11"": 4908}",52240,2.905450500556174,10,40.0,ns3,899,0.5,10,12,28,,,[],[],,9;1;2,18,57,
2026_07_15_01_26_56,000080,12,all-cavs,selective_edgecooper_global,grid,,,,,,,singleton,20,60.0,12,12;8;7;4,8;7;4,"{""4"": 1, ""7"": 1, ""8"": 1}","{""4"": 909, ""7"": 1487, ""8"": 3371, ""12"": 4905}",92272,5.131924360400445,10,40.0,ns3,899,0.5,10,12,28,,,[],[],,8;7;4,11,43,
2026_07_15_01_26_56,000080,13,all-cavs,selective_edgecooper_global,grid,,,,,,,singleton,20,60.0,13,13;9;10,9;10,"{""9"": 1, ""10"": 1}","{""9"": 1612, ""10"": 1226, ""13"": 4772}",45408,2.525472747497219,10,40.0,ns3,899,0.5,10,12,28,,,[],[],,9;10,11,38,
2026_07_15_01_26_56,000080,14,all-cavs,selective_edgecooper_global,grid,,,,,,,singleton,20,60.0,14,14,,{},"{""14"": 5031}",0,0.0,10,40.0,ns3,899,0.5,10,12,28,,,[],[],,,4,3,
2026_07_15_01_26_56,000080,15,all-cavs,selective_edgecooper_global,grid,,,,,,,singleton,20,60.0,15,15;6,6,"{""6"": 1}","{""6"": 1514, ""15"": 4751}",24224,1.3472747497219133,10,40.0,ns3,899,0.5,10,12,28,,,[],[],,6,12,18,
2026_07_15_01_26_56,000080,16,all-cavs,selective_edgecooper_global,grid,,,,,,,singleton,20,60.0,16,16;17;10;20,17;10;20,"{""10"": 1, ""17"": 1, ""20"": 1}","{""10"": 1226, ""16"": 4897, ""17"": 1361, ""20"": 959}",56736,3.1555061179087875,10,40.0,ns3,899,0.5,10,12,28,,,[],[],,17;10;20,16,41,
2026_07_15_01_26_56,000080,17,all-cavs,selective_edgecooper_global,grid,,,,,,,singleton,20,60.0,17,17;16,16,"{""16"": 1}","{""16"": 831, ""17"": 4990}",13296,0.739488320355951,10,40.0,ns3,899,0.5,10,12,28,,,[],[],,16,16,25,
2026_07_15_01_26_56,000080,18,all-cavs,selective_edgecooper_global,grid,,,,,,,singleton,20,60.0,18,18;3,3,"{""3"": 1}","{""3"": 905, ""18"": 4986}",14480,0.8053392658509455,10,40.0,ns3,899,0.5,10,12,28,,,[],[],,3,13,18,
2026_07_15_01_26_56,000080,19,all-cavs,selective_edgecooper_global,grid,,,,,,,singleton,20,60.0,19,19;5;20;13,5;20;13,"{""5"": 1, ""13"": 1, ""20"": 1}","{""5"": 3225, ""13"": 917, ""19"": 4821, ""20"": 959}",81616,4.539265850945496,10,40.0,ns3,899,0.5,10,12,28,,,[],[],,5;20;13,12,35,
2026_07_15_01_26_56,000080,20,all-cavs,selective_edgecooper_global,grid,,,,,,,singleton,20,60.0,20,20;7;5,7;5,"{""5"": 1, ""7"": 1}","{""5"": 47, ""7"": 1487, ""20"": 4907}",24544,1.3650723025583982,10,40.0,ns3,899,0.5,10,12,28,,,[],[],,7;5,22,32,
2026_07_15_01_26_56,000082,1,all-cavs,selective_edgecooper_global,grid,,,,,,,singleton,20,60.0,1,1;8;11;4,8;11;4,"{""4"": 1, ""8"": 2, ""11"": 1}","{""1"": 4932, ""4"": 908, ""8"": 3396, ""11"": 1586}",94240,5.241379310344828,10,40.0,ns3,899,0.5,10,12,28,,,[],[],,8;11;4,14,46,
2026_07_15_01_26_56,000082,2,all-cavs,selective_edgecooper_global,grid,,,,,,,singleton,20,60.0,2,2;8;1;11,8;1;11,"{""1"": 1, ""8"": 1, ""11"": 1}","{""1"": 1186, ""2"": 4863, ""8"": 3371, ""11"": 901}",87328,4.856952169076752,10,40.0,ns3,899,0.5,10,12,28,,,[],[],,8;1;11,17,47,
2026_07_15_01_26_56,000082,3,all-cavs,selective_edgecooper_global,grid,,,,,,,singleton,20,60.0,3,3;18;17,18;17,"{""17"": 1, ""18"": 1}","{""3"": 4948, ""17"": 1429, ""18"": 3405}",77344,4.301668520578421,10,40.0,ns3,899,0.5,10,12,28,,,[],[],,18;17,16,25,
2026_07_15_01_26_56,000082,4,all-cavs,selective_edgecooper_global,grid,,,,,,,singleton,20,60.0,4,4;7;1;12,7;1;12,"{""1"": 1, ""7"": 1, ""12"": 1}","{""1"": 1186, ""4"": 4841, ""7"": 1453, ""12"": 1022}",58576,3.257842046718576,10,40.0,ns3,899,0.5,10,12,28,,,[],[],,7;1;12,15,42,
2026_07_15_01_26_56,000082,5,all-cavs,selective_edgecooper_global,grid,,,,,,,singleton,20,60.0,5,5;19;20;13,19;20;13,"{""13"": 1, ""19"": 1, ""20"": 1}","{""5"": 4913, ""13"": 902, ""19"": 3191, ""20"": 959}",80832,4.495661846496106,10,40.0,ns3,899,0.5,10,12,28,,,[],[],,19;20;13,10,38,
2026_07_15_01_26_56,000082,6,all-cavs,selective_edgecooper_global,grid,,,,,,,singleton,20,60.0,6,6;15,15,"{""15"": 1}","{""6"": 4653, ""15"": 3166}",50656,2.8173526140155727,10,40.0,ns3,899,0.5,10,12,28,,,[],[],,15,11,18,
2026_07_15_01_26_56,000082,7,all-cavs,selective_edgecooper_global,grid,,,,,,,singleton,20,60.0,7,7;12;4,12;4,"{""4"": 1, ""12"": 1}","{""4"": 908, ""7"": 4912, ""12"": 1409}",37072,2.0618464961067855,10,40.0,ns3,899,0.5,10,12,28,,,[],[],,12;4,8,33,
2026_07_15_01_26_56,000082,8,all-cavs,selective_edgecooper_global,grid,,,,,,,singleton,20,60.0,8,8;2;11;12,2;11;12,"{""2"": 1, ""11"": 1, ""12"": 1}","{""2"": 1783, ""8"": 4838, ""11"": 1586, ""12"": 1409}",76448,4.251835372636263,10,40.0,ns3,899,0.5,10,12,28,,,[],[],,2;11;12,20,43,
2026_07_15_01_26_56,000082,9,all-cavs,selective_edgecooper_global,grid,,,,,,,singleton,20,60.0,9,9;10;13,10;13,"{""10"": 1, ""13"": 1}","{""9"": 4859, ""10"": 1205, ""13"": 902}",33712,1.874972191323693,10,40.0,ns3,899,0.5,10,12,28,,,[],[],,10;13,12,38,
2026_07_15_01_26_56,000082,10,all-cavs,selective_edgecooper_global,grid,,,,,,,singleton,20,60.0,10,10;5;2,5;2,"{""2"": 1, ""5"": 1}","{""2"": 1783, ""5"": 3222, ""10"": 4925}",80080,4.453837597330367,10,40.0,ns3,899,0.5,10,12,28,,,[],[],,5;2,16,50,
2026_07_15_01_26_56,000082,11,all-cavs,selective_edgecooper_global,grid,,,,,,,singleton,20,60.0,11,11;9;1,9;1,"{""1"": 1, ""9"": 1}","{""1"": 1186, ""9"": 1612, ""11"": 4909}",44768,2.489877641824249,10,40.0,ns3,899,0.5,10,12,28,,,[],[],,9;1,16,47,
2026_07_15_01_26_56,000082,12,all-cavs,selective_edgecooper_global,grid,,,,,,,singleton,20,60.0,12,12;8;7;4,8;7;4,"{""4"": 1, ""7"": 1, ""8"": 1}","{""4"": 908, ""7"": 1453, ""8"": 3371, ""12"": 4915}",91712,5.100778642936596,10,40.0,ns3,899,0.5,10,12,28,,,[],[],,8;7;4,10,43,
2026_07_15_01_26_56,000082,13,all-cavs,selective_edgecooper_global,grid,,,,,,,singleton,20,60.0,13,13;9;10;19,9;10;19,"{""9"": 1, ""10"": 1, ""19"": 1}","{""9"": 1612, ""10"": 1205, ""13"": 4801, ""19"": 197}",48224,2.6820912124582867,10,40.0,ns3,899,0.5,10,12,28,,,[],[],,9;10;19,12,38,
2026_07_15_01_26_56,000082,14,all-cavs,selective_edgecooper_global,grid,,,,,,,singleton,20,60.0,14,14,,{},"{""14"": 4993}",0,0.0,10,40.0,ns3,899,0.5,10,12,28,,,[],[],,,4,3,
2026_07_15_01_26_56,000082,15,all-cavs,selective_edgecooper_global,grid,,,,,,,singleton,20,60.0,15,15;6,6,"{""6"": 1}","{""6"": 1633, ""15"": 4758}",26128,1.453170189098999,10,40.0,ns3,899,0.5,10,12,28,,,[],[],,6,13,18,
2026_07_15_01_26_56,000082,16,all-cavs,selective_edgecooper_global,grid,,,,,,,singleton,20,60.0,16,16;17;10;20,17;10;20,"{""10"": 1, ""17"": 1, ""20"": 1}","{""10"": 1205, ""16"": 4908, ""17"": 1429, ""20"": 959}",57488,3.1973303670745272,10,40.0,ns3,899,0.5,10,12,28,,,[],[],,17;10;20,17,41,
2026_07_15_01_26_56,000082,17,all-cavs,selective_edgecooper_global,grid,,,,,,,singleton,20,60.0,17,17;3,3,"{""3"": 1}","{""3"": 902, ""17"": 4970}",14432,0.8026696329254728,10,40.0,ns3,899,0.5,10,12,28,,,[],[],,3,18,20,
2026_07_15_01_26_56,000082,18,all-cavs,selective_edgecooper_global,grid,,,,,,,singleton,20,60.0,18,18;3,3,"{""3"": 1}","{""3"": 902, ""18"": 4961}",14432,0.8026696329254728,10,40.0,ns3,899,0.5,10,12,28,,,[],[],,3,11,18,
2026_07_15_01_26_56,000082,19,all-cavs,selective_edgecooper_global,grid,,,,,,,singleton,20,60.0,19,19;5;20;13,5;20;13,"{""5"": 1, ""13"": 1, ""20"": 1}","{""5"": 3222, ""13"": 902, ""19"": 4822, ""20"": 959}",81328,4.523248053392659,10,40.0,ns3,899,0.5,10,12,28,,,[],[],,5;20;13,12,34,
2026_07_15_01_26_56,000082,20,all-cavs,selective_edgecooper_global,grid,,,,,,,singleton,20,60.0,20,20;7;5,7;5,"{""5"": 1, ""7"": 1}","{""5"": 47, ""7"": 1453, ""20"": 4906}",24000,1.3348164627363737,10,40.0,ns3,899,0.5,10,12,28,,,[],[],,7;5,22,32,
2026_07_15_01_26_56,000084,1,all-cavs,selective_edgecooper_global,grid,,,,,,,singleton,20,60.0,1,1;8;11;4,8;11;4,"{""4"": 1, ""8"": 1, ""11"": 1}","{""1"": 4932, ""4"": 914, ""8"": 3371, ""11"": 1586}",93936,5.2244716351501665,10,40.0,ns3,899,0.5,10,12,28,,,[],[],,8;11;4,14,46,
2026_07_15_01_26_56,000084,2,all-cavs,selective_edgecooper_global,grid,,,,,,,singleton,20,60.0,2,2;8;1,8;1,"{""1"": 1, ""8"": 1}","{""1"": 1186, ""2"": 4867, ""8"": 3371}",72912,4.055172413793104,10,40.0,ns3,899,0.5,10,12,28,,,[],[],,8;1,16,41,
2026_07_15_01_26_56,000084,3,all-cavs,selective_edgecooper_global,grid,,,,,,,singleton,20,60.0,3,3;18;17,18;17,"{""17"": 1, ""18"": 1}","{""3"": 4935, ""17"": 1489, ""18"": 3427}",78656,4.374638487208009,10,40.0,ns3,899,0.5,10,12,28,,,[],[],,18;17,16,23,
2026_07_15_01_26_56,000084,4,all-cavs,selective_edgecooper_global,grid,,,,,,,singleton,20,60.0,4,4;7;1;12,7;1;12,"{""1"": 1, ""7"": 1, ""12"": 1}","{""1"": 1186, ""4"": 4841, ""7"": 1441, ""12"": 1101}",59648,3.317463848720801,10,40.0,ns3,899,0.5,10,12,28,,,[],[],,7;1;12,16,40,
2026_07_15_01_26_56,000084,5,all-cavs,selective_edgecooper_global,grid,,,,,,,singleton,20,60.0,5,5;19;13;20,19;13;20,"{""13"": 1, ""19"": 1, ""20"": 1}","{""5"": 4932, ""13"": 965, ""19"": 3191, ""20"": 959}",81840,4.551724137931035,10,40.0,ns3,899,0.5,10,12,28,,,[],[],,19;13;20,5,38,
2026_07_15_01_26_56,000084,6,all-cavs,selective_edgecooper_global,grid,,,,,,,singleton,20,60.0,6,6;15,15,"{""15"": 1}","{""6"": 4670, ""15"": 3165}",50640,2.8164627363737487,10,40.0,ns3,899,0.5,10,12,28,,,[],[],,15,11,18,
2026_07_15_01_26_56,000084,7,all-cavs,selective_edgecooper_global,grid,,,,,,,singleton,20,60.0,7,7;5;12;4,5;12;4,"{""4"": 1, ""5"": 1, ""12"": 1}","{""4"": 914, ""5"": 3221, ""7"": 4915, ""12"": 1330}",87440,4.863181312569521,10,40.0,ns3,899,0.5,10,12,28,,,[],[],,5;12;4,15,36,
2026_07_15_01_26_56,000084,8,all-cavs,selective_edgecooper_global,grid,,,,,,,singleton,20,60.0,8,8;2;11;12,2;11;12,"{""2"": 1, ""11"": 1, ""12"": 1}","{""2"": 1790, ""8"": 4837, ""11"": 1586, ""12"": 1330}",75296,4.1877641824249165,10,40.0,ns3,899,0.5,10,12,28,,,[],[],,2;11;12,20,42,
2026_07_15_01_26_56,000084,9,all-cavs,selective_edgecooper_global,grid,,,,,,,singleton,20,60.0,9,9;10;13,10;13,"{""10"": 1, ""13"": 1}","{""9"": 4858, ""10"": 1194, ""13"": 965}",34544,1.921245828698554,10,40.0,ns3,899,0.5,10,12,28,,,[],[],,10;13,12,38,
2026_07_15_01_26_56,000084,10,all-cavs,selective_edgecooper_global,grid,,,,,,,singleton,20,60.0,10,10;5;2,5;2,"{""2"": 1, ""5"": 1}","{""2"": 1790, ""5"": 3221, ""10"": 4914}",80176,4.4591768631813125,10,40.0,ns3,899,0.5,10,12,28,,,[],[],,5;2,21,52,
2026_07_15_01_26_56,000084,11,all-cavs,selective_edgecooper_global,grid,,,,,,,singleton,20,60.0,11,11;9;1;2,9;1;2,"{""1"": 1, ""2"": 1, ""9"": 1}","{""1"": 1186, ""2"": 466, ""9"": 1615, ""11"": 4909}",52272,2.9072302558398224,10,40.0,ns3,899,0.5,10,12,28,,,[],[],,9;1;2,19,56,
2026_07_15_01_26_56,000084,12,all-cavs,selective_edgecooper_global,grid,,,,,,,singleton,20,60.0,12,12;8;7,8;7,"{""7"": 1, ""8"": 1}","{""7"": 1441, ""8"": 3371, ""12"": 4926}",76992,4.282091212458287,10,40.0,ns3,899,0.5,10,12,28,,,[],[],,8;7,13,36,
2026_07_15_01_26_56,000084,13,all-cavs,selective_edgecooper_global,grid,,,,,,,singleton,20,60.0,13,13;9;10;19,9;10;19,"{""9"": 1, ""10"": 1, ""19"": 1}","{""9"": 1615, ""10"": 1194, ""13"": 4788, ""19"": 197}",48096,2.674972191323693,10,40.0,ns3,899,0.5,10,12,28,,,[],[],,9;10;19,12,40,
2026_07_15_01_26_56,000084,14,all-cavs,selective_edgecooper_global,grid,,,,,,,singleton,20,60.0,14,14,,{},"{""14"": 4994}",0,0.0,10,40.0,ns3,899,0.5,10,12,28,,,[],[],,,4,3,
2026_07_15_01_26_56,000084,15,all-cavs,selective_edgecooper_global,grid,,,,,,,singleton,20,60.0,15,15;6,6,"{""6"": 1}","{""6"": 1632, ""15"": 4766}",26112,1.4522803114571747,10,40.0,ns3,899,0.5,10,12,28,,,[],[],,6,14,18,
2026_07_15_01_26_56,000084,16,all-cavs,selective_edgecooper_global,grid,,,,,,,singleton,20,60.0,16,16;17;3;20,17;3;20,"{""3"": 1, ""17"": 1, ""20"": 1}","{""3"": 987, ""16"": 4906, ""17"": 1489, ""20"": 959}",54960,3.056729699666296,10,40.0,ns3,899,0.5,10,12,28,,,[],[],,17;3;20,17,32,
2026_07_15_01_26_56,000084,17,all-cavs,selective_edgecooper_global,grid,,,,,,,singleton,20,60.0,17,17;3,3,"{""3"": 1}","{""3"": 987, ""17"": 4976}",15792,0.8783092324805339,10,40.0,ns3,899,0.5,10,12,28,,,[],[],,3,18,18,
2026_07_15_01_26_56,000084,18,all-cavs,selective_edgecooper_global,grid,,,,,,,singleton,20,60.0,18,18;3,3,"{""3"": 1}","{""3"": 987, ""18"": 4972}",15792,0.8783092324805339,10,40.0,ns3,899,0.5,10,12,28,,,[],[],,3,13,18,
2026_07_15_01_26_56,000084,19,all-cavs,selective_edgecooper_global,grid,,,,,,,singleton,20,60.0,19,19;10;13;20,10;13;20,"{""10"": 1, ""13"": 1, ""20"": 1}","{""10"": 1194, ""13"": 965, ""19"": 4822, ""20"": 959}",49888,2.774638487208009,10,40.0,ns3,899,0.5,10,12,28,,,[],[],,10;13;20,7,42,
2026_07_15_01_26_56,000084,20,all-cavs,selective_edgecooper_global,grid,,,,,,,singleton,20,60.0,20,20;7;5,7;5,"{""5"": 1, ""7"": 1}","{""5"": 47, ""7"": 1441, ""20"": 4904}",23808,1.3241379310344827,10,40.0,ns3,899,0.5,10,12,28,,,[],[],,7;5,20,33,
2026_07_15_01_26_56,000086,1,all-cavs,selective_edgecooper_global,grid,,,,,,,singleton,20,60.0,1,1;8;11;4,8;11;4,"{""4"": 1, ""8"": 1, ""11"": 1}","{""1"": 4932, ""4"": 914, ""8"": 3371, ""11"": 1586}",93936,5.2244716351501665,10,40.0,ns3,899,0.5,10,12,28,,,[],[],,8;11;4,15,46,
2026_07_15_01_26_56,000086,2,all-cavs,selective_edgecooper_global,grid,,,,,,,singleton,20,60.0,2,2;10;1,10;1,"{""1"": 1, ""10"": 1}","{""1"": 1186, ""2"": 4863, ""10"": 1190}",38016,2.1143492769744157,10,40.0,ns3,899,0.5,10,12,28,,,[],[],,10;1,16,46,
2026_07_15_01_26_56,000086,3,all-cavs,selective_edgecooper_global,grid,,,,,,,singleton,20,60.0,3,3;18;17,18;17,"{""17"": 1, ""18"": 1}","{""3"": 4939, ""17"": 1511, ""18"": 3427}",79008,4.394215795328143,10,40.0,ns3,899,0.5,10,12,28,,,[],[],,18;17,17,23,
2026_07_15_01_26_56,000086,4,all-cavs,selective_edgecooper_global,grid,,,,,,,singleton,20,60.0,4,4;7;1;12,7;1;12,"{""1"": 1, ""7"": 1, ""12"": 1}","{""1"": 1186, ""4"": 4844, ""7"": 1427, ""12"": 1178}",60656,3.3735261401557284,10,40.0,ns3,899,0.5,10,12,28,,,[],[],,7;1;12,15,42,
2026_07_15_01_26_56,000086,5,all-cavs,selective_edgecooper_global,grid,,,,,,,singleton,20,60.0,5,5;19;13;20,19;13;20,"{""13"": 1, ""19"": 1, ""20"": 1}","{""5"": 4915, ""13"": 1117, ""19"": 3191, ""20"": 959}",84272,4.686985539488321,10,40.0,ns3,899,0.5,10,12,28,,,[],[],,19;13;20,7,38,
2026_07_15_01_26_56,000086,6,all-cavs,selective_edgecooper_global,grid,,,,,,,singleton,20,60.0,6,6;15,15,"{""15"": 1}","{""6"": 4676, ""15"": 3164}",50624,2.815572858731924,10,40.0,ns3,899,0.5,10,12,28,,,[],[],,15,10,19,
2026_07_15_01_26_56,000086,7,all-cavs,selective_edgecooper_global,grid,,,,,,,singleton,20,60.0,7,7;8;5;12,8;5;12,"{""5"": 1, ""8"": 1, ""12"": 1}","{""5"": 3221, ""7"": 4928, ""8"": 3371, ""12"": 1258}",125600,6.985539488320356,10,40.0,ns3,899,0.5,10,12,28,,,[],[],,8;5;12,13,35,
2026_07_15_01_26_56,000086,8,all-cavs,selective_edgecooper_global,grid,,,,,,,singleton,20,60.0,8,8;2;11;4,2;11;4,"{""2"": 1, ""4"": 1, ""11"": 1}","{""2"": 1786, ""4"": 914, ""8"": 4837, ""11"": 1586}",68576,3.814015572858732,10,40.0,ns3,899,0.5,10,12,28,,,[],[],,2;11;4,17,42,
2026_07_15_01_26_56,000086,9,all-cavs,selective_edgecooper_global,grid,,,,,,,singleton,20,60.0,9,9;13,13,"{""13"": 1}","{""9"": 4858, ""13"": 1117}",17872,0.9939933259176864,10,40.0,ns3,899,0.5,10,12,28,,,[],[],,13,14,30,
2026_07_15_01_26_56,000086,10,all-cavs,selective_edgecooper_global,grid,,,,,,,singleton,20,60.0,10,10;5;2,5;2,"{""2"": 1, ""5"": 1}","{""2"": 1786, ""5"": 3221, ""10"": 4926}",80112,4.4556173526140155,10,40.0,ns3,899,0.5,10,12,28,,,[],[],,5;2,19,51,
2026_07_15_01_26_56,000086,11,all-cavs,selective_edgecooper_global,grid,,,,,,,singleton,20,60.0,11,11;9;1;2,9;1;2,"{""1"": 1, ""2"": 1, ""9"": 1}","{""1"": 1186, ""2"": 474, ""9"": 1616, ""11"": 4910}",52416,2.9152391546162404,10,40.0,ns3,899,0.5,10,12,28,,,[],[],,9;1;2,21,58,
2026_07_15_01_26_56,000086,12,all-cavs,selective_edgecooper_global,grid,,,,,,,singleton,20,60.0,12,12;8;7;4,8;7;4,"{""4"": 1, ""7"": 1, ""8"": 1}","{""4"": 914, ""7"": 1427, ""8"": 3371, ""12"": 4938}",91392,5.082981090100111,10,40.0,ns3,899,0.5,10,12,28,,,[],[],,8;7;4,11,41,
2026_07_15_01_26_56,000086,13,all-cavs,selective_edgecooper_global,grid,,,,,,,singleton,20,60.0,13,13;9;10,9;10,"{""9"": 2, ""10"": 1}","{""9"": 1618, ""10"": 1190, ""13"": 4773}",44928,2.4987764182424916,10,40.0,ns3,899,0.5,10,12,28,,,[],[],,9;10,11,38,
2026_07_15_01_26_56,000086,14,all-cavs,selective_edgecooper_global,grid,,,,,,,singleton,20,60.0,14,14,,{},"{""14"": 5015}",0,0.0,10,40.0,ns3,899,0.5,10,12,28,,,[],[],,,3,2,
2026_07_15_01_26_56,000086,15,all-cavs,selective_edgecooper_global,grid,,,,,,,singleton,20,60.0,15,15;6,6,"{""6"": 1}","{""6"": 1636, ""15"": 4762}",26176,1.4558398220244717,10,40.0,ns3,899,0.5,10,12,28,,,[],[],,6,12,19,
2026_07_15_01_26_56,000086,16,all-cavs,selective_edgecooper_global,grid,,,,,,,singleton,20,60.0,16,16;17;3;20,17;3;20,"{""3"": 1, ""17"": 1, ""20"": 1}","{""3"": 1025, ""16"": 4917, ""17"": 1511, ""20"": 959}",55920,3.1101223581757504,10,40.0,ns3,899,0.5,10,12,28,,,[],[],,17;3;20,18,32,
2026_07_15_01_26_56,000086,17,all-cavs,selective_edgecooper_global,grid,,,,,,,singleton,20,60.0,17,17;3,3,"{""3"": 1}","{""3"": 1025, ""17"": 4971}",16400,0.9121245828698554,10,40.0,ns3,899,0.5,10,12,28,,,[],[],,3,17,18,
2026_07_15_01_26_56,000086,18,all-cavs,selective_edgecooper_global,grid,,,,,,,singleton,20,60.0,18,18;3,3,"{""3"": 1}","{""3"": 1025, ""18"": 4982}",16400,0.9121245828698554,10,40.0,ns3,899,0.5,10,12,28,,,[],[],,3,14,17,
2026_07_15_01_26_56,000086,19,all-cavs,selective_edgecooper_global,grid,,,,,,,singleton,20,60.0,19,19;10;13;20,10;13;20,"{""10"": 1, ""13"": 1, ""20"": 1}","{""10"": 1190, ""13"": 1117, ""19"": 4822, ""20"": 959}",52256,2.906340378197998,10,40.0,ns3,899,0.5,10,12,28,,,[],[],,10;13;20,8,41,
2026_07_15_01_26_56,000086,20,all-cavs,selective_edgecooper_global,grid,,,,,,,singleton,20,60.0,20,20;7;5,7;5,"{""5"": 2, ""7"": 1}","{""5"": 88, ""7"": 1427, ""20"": 4905}",24240,1.3481646273637375,10,40.0,ns3,899,0.5,10,12,28,,,[],[],,7;5,21,34,
2026_07_15_01_26_56,000088,1,all-cavs,selective_edgecooper_global,grid,,,,,,,singleton,20,60.0,1,1;8;11;4,8;11;4,"{""4"": 1, ""8"": 1, ""11"": 1}","{""1"": 4930, ""4"": 914, ""8"": 3371, ""11"": 1586}",93936,5.2244716351501665,10,40.0,ns3,899,0.5,10,12,28,,,[],[],,8;11;4,14,46,
2026_07_15_01_26_56,000088,2,all-cavs,selective_edgecooper_global,grid,,,,,,,singleton,20,60.0,2,2;8;1,8;1,"{""1"": 1, ""8"": 1}","{""1"": 1186, ""2"": 4862, ""8"": 3371}",72912,4.055172413793104,10,40.0,ns3,899,0.5,10,12,28,,,[],[],,8;1,19,41,
2026_07_15_01_26_56,000088,3,all-cavs,selective_edgecooper_global,grid,,,,,,,singleton,20,60.0,3,3;18;17;16,18;17;16,"{""16"": 1, ""17"": 1, ""18"": 1}","{""3"": 4952, ""16"": 912, ""17"": 1532, ""18"": 3441}",94160,5.236929922135706,10,40.0,ns3,899,0.5,10,12,28,,,[],[],,18;17;16,15,33,
2026_07_15_01_26_56,000088,4,all-cavs,selective_edgecooper_global,grid,,,,,,,singleton,20,60.0,4,4;7;12;1,7;12;1,"{""1"": 1, ""7"": 1, ""12"": 1}","{""1"": 1186, ""4"": 4844, ""7"": 1428, ""12"": 1227}",61456,3.418020022246941,10,40.0,ns3,899,0.5,10,12,28,,,[],[],,7;12;1,16,42,
2026_07_15_01_26_56,000088,5,all-cavs,selective_edgecooper_global,grid,,,,,,,singleton,20,60.0,5,5;19;13;20,19;13;20,"{""13"": 1, ""19"": 1, ""20"": 1}","{""5"": 4933, ""13"": 1136, ""19"": 3191, ""20"": 959}",84576,4.7038932146829815,10,40.0,ns3,899,0.5,10,12,28,,,[],[],,19;13;20,5,39,
2026_07_15_01_26_56,000088,6,all-cavs,selective_edgecooper_global,grid,,,,,,,singleton,20,60.0,6,6;15,15,"{""15"": 1}","{""6"": 4643, ""15"": 3163}",50608,2.8146829810901,10,40.0,ns3,899,0.5,10,12,28,,,[],[],,15,11,19,
2026_07_15_01_26_56,000088,7,all-cavs,selective_edgecooper_global,grid,,,,,,,singleton,20,60.0,7,7;5;12,5;12,"{""5"": 1, ""12"": 1}","{""5"": 3213, ""7"": 4929, ""12"": 1227}",71040,3.951056729699667,10,40.0,ns3,899,0.5,10,12,28,,,[],[],,5;12,14,30,
2026_07_15_01_26_56,000088,8,all-cavs,selective_edgecooper_global,grid,,,,,,,singleton,20,60.0,8,8;2;11;12,2;11;12,"{""2"": 1, ""11"": 1, ""12"": 1}","{""2"": 1779, ""8"": 4838, ""11"": 1586, ""12"": 1227}",73472,4.086318131256952,10,40.0,ns3,899,0.5,10,12,28,,,[],[],,2;11;12,22,42,
2026_07_15_01_26_56,000088,9,all-cavs,selective_edgecooper_global,grid,,,,,,,singleton,20,60.0,9,9;10;13,10;13,"{""10"": 1, ""13"": 1}","{""9"": 4856, ""10"": 1185, ""13"": 1136}",37136,2.0654060066740825,10,40.0,ns3,899,0.5,10,12,28,,,[],[],,10;13,14,38,
2026_07_15_01_26_56,000088,10,all-cavs,selective_edgecooper_global,grid,,,,,,,singleton,20,60.0,10,10;5;2;9,5;2;9,"{""2"": 1, ""5"": 1, ""9"": 1}","{""2"": 1779, ""5"": 3213, ""9"": 1, ""10"": 4929}",79888,4.4431590656284765,10,40.0,ns3,899,0.5,10,12,28,,,[],[],,5;2;9,18,52,
2026_07_15_01_26_56,000088,11,all-cavs,selective_edgecooper_global,grid,,,,,,,singleton,20,60.0,11,11;9;1,9;1,"{""1"": 1, ""9"": 1}","{""1"": 1186, ""9"": 1616, ""11"": 4912}",44832,2.493437152391546,10,40.0,ns3,899,0.5,10,12,28,,,[],[],,9;1,18,48,
2026_07_15_01_26_56,000088,12,all-cavs,selective_edgecooper_global,grid,,,,,,,singleton,20,60.0,12,12;8;7,8;7,"{""7"": 1, ""8"": 1}","{""7"": 1428, ""8"": 3371, ""12"": 4937}",76784,4.270522803114572,10,40.0,ns3,899,0.5,10,12,28,,,[],[],,8;7,11,36,
2026_07_15_01_26_56,000088,13,all-cavs,selective_edgecooper_global,grid,,,,,,,singleton,20,60.0,13,13;9;10,9;10,"{""9"": 1, ""10"": 1}","{""9"": 1616, ""10"": 1185, ""13"": 4764}",44816,2.492547274749722,10,40.0,ns3,899,0.5,10,12,28,,,[],[],,9;10,11,38,
2026_07_15_01_26_56,000088,14,all-cavs,selective_edgecooper_global,grid,,,,,,,singleton,20,60.0,14,14,,{},"{""14"": 4998}",0,0.0,10,40.0,ns3,899,0.5,10,12,28,,,[],[],,,2,2,
2026_07_15_01_26_56,000088,15,all-cavs,selective_edgecooper_global,grid,,,,,,,singleton,20,60.0,15,15;6,6,"{""6"": 1}","{""6"": 1650, ""15"": 4772}",26400,1.4682981090100111,10,40.0,ns3,899,0.5,10,12,28,,,[],[],,6,12,19,
2026_07_15_01_26_56,000088,16,all-cavs,selective_edgecooper_global,grid,,,,,,,singleton,20,60.0,16,16;17;3;20,17;3;20,"{""3"": 1, ""17"": 1, ""20"": 1}","{""3"": 1042, ""16"": 4929, ""17"": 1532, ""20"": 959}",56528,3.143937708565072,10,40.0,ns3,899,0.5,10,12,28,,,[],[],,17;3;20,15,33,
2026_07_15_01_26_56,000088,17,all-cavs,selective_edgecooper_global,grid,,,,,,,singleton,20,60.0,17,17;3,3,"{""3"": 1}","{""3"": 1042, ""17"": 4985}",16672,0.9272525027808677,10,40.0,ns3,899,0.5,10,12,28,,,[],[],,3,16,18,
2026_07_15_01_26_56,000088,18,all-cavs,selective_edgecooper_global,grid,,,,,,,singleton,20,60.0,18,18;3,3,"{""3"": 1}","{""3"": 1042, ""18"": 4954}",16672,0.9272525027808677,10,40.0,ns3,899,0.5,10,12,28,,,[],[],,3,13,17,
2026_07_15_01_26_56,000088,19,all-cavs,selective_edgecooper_global,grid,,,,,,,singleton,20,60.0,19,19;10;13;20,10;13;20,"{""10"": 1, ""13"": 1, ""20"": 1}","{""10"": 1185, ""13"": 1136, ""19"": 4823, ""20"": 959}",52480,2.9187986651835374,10,40.0,ns3,899,0.5,10,12,28,,,[],[],,10;13;20,8,42,
2026_07_15_01_26_56,000088,20,all-cavs,selective_edgecooper_global,grid,,,,,,,singleton,20,60.0,20,20;7;5,7;5,"{""5"": 2, ""7"": 1}","{""5"": 99, ""7"": 1428, ""20"": 4903}",24432,1.3588431590656285,10,40.0,ns3,899,0.5,10,12,28,,,[],[],,7;5,21,34,
2026_07_15_01_26_56,000090,1,all-cavs,selective_edgecooper_global,grid,,,,,,,singleton,20,60.0,1,1;8;11,8;11,"{""8"": 2, ""11"": 1}","{""1"": 4930, ""8"": 3396, ""11"": 1586}",79712,4.43337041156841,10,40.0,ns3,899,0.5,10,12,28,,,[],[],,8;11,15,40,
2026_07_15_01_26_56,000090,2,all-cavs,selective_edgecooper_global,grid,,,,,,,singleton,20,60.0,2,2;8;1,8;1,"{""1"": 1, ""8"": 1}","{""1"": 1186, ""2"": 4862, ""8"": 3371}",72912,4.055172413793104,10,40.0,ns3,899,0.5,10,12,28,,,[],[],,8;1,17,40,
2026_07_15_01_26_56,000090,3,all-cavs,selective_edgecooper_global,grid,,,,,,,singleton,20,60.0,3,3;18;17;16,18;17;16,"{""16"": 1, ""17"": 1, ""18"": 1}","{""3"": 4955, ""16"": 967, ""17"": 1554, ""18"": 3440}",95376,5.304560622914349,10,40.0,ns3,899,0.5,10,12,28,,,[],[],,18;17;16,15,32,
2026_07_15_01_26_56,000090,4,all-cavs,selective_edgecooper_global,grid,,,,,,,singleton,20,60.0,4,4;7;12;1,7;12;1,"{""1"": 1, ""7"": 1, ""12"": 1}","{""1"": 1186, ""4"": 4843, ""7"": 1429, ""12"": 1334}",63184,3.51412680756396,10,40.0,ns3,899,0.5,10,12,28,,,[],[],,7;12;1,16,41,
2026_07_15_01_26_56,000090,5,all-cavs,selective_edgecooper_global,grid,,,,,,,singleton,20,60.0,5,5;19;13,19;13,"{""13"": 1, ""19"": 1}","{""5"": 4919, ""13"": 1163, ""19"": 3191}",69664,3.874527252502781,10,40.0,ns3,899,0.5,10,12,28,,,[],[],,19;13,4,31,
2026_07_15_01_26_56,000090,6,all-cavs,selective_edgecooper_global,grid,,,,,,,singleton,20,60.0,6,6;15,15,"{""15"": 1}","{""6"": 4653, ""15"": 2214}",35424,1.9701890989988875,10,40.0,ns3,899,0.5,10,12,28,,,[],[],,15,11,19,
2026_07_15_01_26_56,000090,7,all-cavs,selective_edgecooper_global,grid,,,,,,,singleton,20,60.0,7,7;5;12,5;12,"{""5"": 1, ""12"": 1}","{""5"": 3208, ""7"": 4928, ""12"": 1334}",72672,4.04182424916574,10,40.0,ns3,899,0.5,10,12,28,,,[],[],,5;12,10,29,
2026_07_15_01_26_56,000090,8,all-cavs,selective_edgecooper_global,grid,,,,,,,singleton,20,60.0,8,8;2;11;12,2;11;12,"{""2"": 1, ""11"": 1, ""12"": 1}","{""2"": 1779, ""8"": 4837, ""11"": 1586, ""12"": 1334}",75184,4.181535038932147,10,40.0,ns3,899,0.5,10,12,28,,,[],[],,2;11;12,20,41,
2026_07_15_01_26_56,000090,9,all-cavs,selective_edgecooper_global,grid,,,,,,,singleton,20,60.0,9,9;10;13,10;13,"{""10"": 1, ""13"": 1}","{""9"": 4855, ""10"": 1189, ""13"": 1163}",37632,2.092992213570634,10,40.0,ns3,899,0.5,10,12,28,,,[],[],,10;13,14,38,
2026_07_15_01_26_56,000090,10,all-cavs,selective_edgecooper_global,grid,,,,,,,singleton,20,60.0,10,10;5;2,5;2,"{""2"": 1, ""5"": 1}","{""2"": 1779, ""5"": 3208, ""10"": 4929}",79792,4.437819799777531,10,40.0,ns3,899,0.5,10,12,28,,,[],[],,5;2,19,50,
2026_07_15_01_26_56,000090,11,all-cavs,selective_edgecooper_global,grid,,,,,,,singleton,20,60.0,11,11;9;1,9;1,"{""1"": 1, ""9"": 1}","{""1"": 1186, ""9"": 1616, ""11"": 4910}",44832,2.493437152391546,10,40.0,ns3,899,0.5,10,12,28,,,[],[],,9;1,19,48,
2026_07_15_01_26_56,000090,12,all-cavs,selective_edgecooper_global,grid,,,,,,,singleton,20,60.0,12,12;8;7,8;7,"{""7"": 1, ""8"": 1}","{""7"": 1429, ""8"": 3371, ""12"": 4954}",76800,4.271412680756396,10,40.0,ns3,899,0.5,10,12,28,,,[],[],,8;7,12,36,
2026_07_15_01_26_56,000090,13,all-cavs,selective_edgecooper_global,grid,,,,,,,singleton,20,60.0,13,13;9;10,9;10,"{""9"": 2, ""10"": 1}","{""9"": 1619, ""10"": 1189, ""13"": 4769}",44928,2.4987764182424916,10,40.0,ns3,899,0.5,10,12,28,,,[],[],,9;10,12,39,
2026_07_15_01_26_56,000090,14,all-cavs,selective_edgecooper_global,grid,,,,,,,singleton,20,60.0,14,14,,{},"{""14"": 4961}",0,0.0,10,40.0,ns3,899,0.5,10,12,28,,,[],[],,,3,2,
2026_07_15_01_26_56,000090,15,all-cavs,selective_edgecooper_global,grid,,,,,,,singleton,20,60.0,15,15;6,6,"{""6"": 1}","{""6"": 1663, ""15"": 4768}",26608,1.4798665183537263,10,40.0,ns3,899,0.5,10,12,28,,,[],[],,6,12,19,
2026_07_15_01_26_56,000090,16,all-cavs,selective_edgecooper_global,grid,,,,,,,singleton,20,60.0,16,16;17;3;20,17;3;20,"{""3"": 1, ""17"": 1, ""20"": 1}","{""3"": 1070, ""16"": 4936, ""17"": 1554, ""20"": 959}",57328,3.1884315906562843,10,40.0,ns3,899,0.5,10,12,28,,,[],[],,17;3;20,15,32,
2026_07_15_01_26_56,000090,17,all-cavs,selective_edgecooper_global,grid,,,,,,,singleton,20,60.0,17,17;3;16,3;16,"{""3"": 1, ""16"": 1}","{""3"": 1070, ""16"": 967, ""17"": 5007}",32592,1.8126807563959957,10,40.0,ns3,899,0.5,10,12,28,,,[],[],,3;16,16,28,
2026_07_15_01_26_56,000090,18,all-cavs,selective_edgecooper_global,grid,,,,,,,singleton,20,60.0,18,18;3,3,"{""3"": 1}","{""3"": 1070, ""18"": 4954}",17120,0.9521690767519466,10,40.0,ns3,899,0.5,10,12,28,,,[],[],,3,13,16,
2026_07_15_01_26_56,000090,19,all-cavs,selective_edgecooper_global,grid,,,,,,,singleton,20,60.0,19,19;10;13;20,10;13;20,"{""10"": 1, ""13"": 1, ""20"": 1}","{""10"": 1189, ""13"": 1163, ""19"": 4824, ""20"": 959}",52976,2.946384872080089,10,40.0,ns3,899,0.5,10,12,28,,,[],[],,10;13;20,8,43,
2026_07_15_01_26_56,000090,20,all-cavs,selective_edgecooper_global,grid,,,,,,,singleton,20,60.0,20,20;7;16;5,7;16;5,"{""5"": 2, ""7"": 1, ""16"": 1}","{""5"": 358, ""7"": 1429, ""16"": 967, ""20"": 4905}",44064,2.450723025583982,10,40.0,ns3,899,0.5,10,12,28,,,[],[],,7;16;5,21,36,
2026_07_15_01_26_56,000092,1,all-cavs,selective_edgecooper_global,grid,,,,,,,singleton,20,60.0,1,1;8;11,8;11,"{""8"": 1, ""11"": 1}","{""1"": 4928, ""8"": 3371, ""11"": 1586}",79312,4.411123470522804,10,40.0,ns3,899,0.5,10,12,28,,,[],[],,8;11,13,39,
2026_07_15_01_26_56,000092,2,all-cavs,selective_edgecooper_global,grid,,,,,,,singleton,20,60.0,2,2;8;1,8;1,"{""1"": 1, ""8"": 1}","{""1"": 1186, ""2"": 4860, ""8"": 3371}",72912,4.055172413793104,10,40.0,ns3,899,0.5,10,12,28,,,[],[],,8;1,18,40,
2026_07_15_01_26_56,000092,3,all-cavs,selective_edgecooper_global,grid,,,,,,,singleton,20,60.0,3,3;18;17;16,18;17;16,"{""16"": 1, ""17"": 1, ""18"": 1}","{""3"": 4961, ""16"": 1014, ""17"": 1563, ""18"": 3427}",96064,5.342825361512792,10,40.0,ns3,899,0.5,10,12,28,,,[],[],,18;17;16,14,31,
2026_07_15_01_26_56,000092,4,all-cavs,selective_edgecooper_global,grid,,,,,,,singleton,20,60.0,4,4;12;7;1,12;7;1,"{""1"": 1, ""7"": 1, ""12"": 1}","{""1"": 1186, ""4"": 4846, ""7"": 1431, ""12"": 1460}",65232,3.628031145717464,10,40.0,ns3,899,0.5,10,12,28,,,[],[],,12;7;1,15,41,
2026_07_15_01_26_56,000092,5,all-cavs,selective_edgecooper_global,grid,,,,,,,singleton,20,60.0,5,5;19;13,19;13,"{""13"": 1, ""19"": 1}","{""5"": 4934, ""13"": 1181, ""19"": 3191}",69952,3.8905450500556173,10,40.0,ns3,899,0.5,10,12,28,,,[],[],,19;13,6,31,
2026_07_15_01_26_56,000092,6,all-cavs,selective_edgecooper_global,grid,,,,,,,singleton,20,60.0,6,6;15,15,"{""15"": 1}","{""6"": 4665, ""15"": 3174}",50784,2.8244716351501666,10,40.0,ns3,899,0.5,10,12,28,,,[],[],,15,11,19,
2026_07_15_01_26_56,000092,7,all-cavs,selective_edgecooper_global,grid,,,,,,,singleton,20,60.0,7,7;5;12,5;12,"{""5"": 1, ""12"": 1}","{""5"": 3204, ""7"": 4924, ""12"": 1460}",74624,4.150389321468298,10,40.0,ns3,899,0.5,10,12,28,,,[],[],,5;12,13,27,
2026_07_15_01_26_56,000092,8,all-cavs,selective_edgecooper_global,grid,,,,,,,singleton,20,60.0,8,8;2;11;12,2;11;12,"{""2"": 1, ""11"": 1, ""12"": 1}","{""2"": 1780, ""8"": 4838, ""11"": 1586, ""12"": 1460}",77216,4.294549499443827,10,40.0,ns3,899,0.5,10,12,28,,,[],[],,2;11;12,20,40,
2026_07_15_01_26_56,000092,9,all-cavs,selective_edgecooper_global,grid,,,,,,,singleton,20,60.0,9,9;10;13,10;13,"{""10"": 1, ""13"": 1}","{""9"": 4855, ""10"": 1196, ""13"": 1181}",38032,2.1152391546162406,10,40.0,ns3,899,0.5,10,12,28,,,[],[],,10;13,13,38,
2026_07_15_01_26_56,000092,10,all-cavs,selective_edgecooper_global,grid,,,,,,,singleton,20,60.0,10,10;5;2;9,5;2;9,"{""2"": 1, ""5"": 1, ""9"": 1}","{""2"": 1780, ""5"": 3204, ""9"": 1, ""10"": 4929}",79760,4.436040044493883,10,40.0,ns3,899,0.5,10,12,28,,,[],[],,5;2;9,18,52,
2026_07_15_01_26_56,000092,11,all-cavs,selective_edgecooper_global,grid,,,,,,,singleton,20,60.0,11,11;9;1;2,9;1;2,"{""1"": 1, ""2"": 1, ""9"": 1}","{""1"": 1186, ""2"": 478, ""9"": 1616, ""11"": 4908}",52480,2.9187986651835374,10,40.0,ns3,899,0.5,10,12,28,,,[],[],,9;1;2,17,56,
2026_07_15_01_26_56,000092,12,all-cavs,selective_edgecooper_global,grid,,,,,,,singleton,20,60.0,12,12;8;7,8;7,"{""7"": 1, ""8"": 1}","{""7"": 1431, ""8"": 3371, ""12"": 4963}",76832,4.273192436040045,10,40.0,ns3,899,0.5,10,12,28,,,[],[],,8;7,9,36,
2026_07_15_01_26_56,000092,13,all-cavs,selective_edgecooper_global,grid,,,,,,,singleton,20,60.0,13,13;9;10,9;10,"{""9"": 1, ""10"": 1}","{""9"": 1616, ""10"": 1196, ""13"": 4781}",44992,2.5023359288097886,10,40.0,ns3,899,0.5,10,12,28,,,[],[],,9;10,10,38,
2026_07_15_01_26_56,000092,14,all-cavs,selective_edgecooper_global,grid,,,,,,,singleton,20,60.0,14,14,,{},"{""14"": 4963}",0,0.0,10,40.0,ns3,899,0.5,10,12,28,,,[],[],,,5,2,
2026_07_15_01_26_56,000092,15,all-cavs,selective_edgecooper_global,grid,,,,,,,singleton,20,60.0,15,15;6,6,"{""6"": 1}","{""6"": 1699, ""15"": 4770}",27184,1.5119021134593993,10,40.0,ns3,899,0.5,10,12,28,,,[],[],,6,14,19,
2026_07_15_01_26_56,000092,16,all-cavs,selective_edgecooper_global,grid,,,,,,,singleton,20,60.0,16,16;17;3,17;3,"{""3"": 1, ""17"": 1}","{""3"": 1116, ""16"": 4936, ""17"": 1563}",42864,2.3839822024471635,10,40.0,ns3,899,0.5,10,12,28,,,[],[],,17;3,15,27,
2026_07_15_01_26_56,000092,17,all-cavs,selective_edgecooper_global,grid,,,,,,,singleton,20,60.0,17,17;3;16,3;16,"{""3"": 1, ""16"": 1}","{""3"": 1116, ""16"": 1014, ""17"": 5000}",34080,1.8954393770856508,10,40.0,ns3,899,0.5,10,12,28,,,[],[],,3;16,15,27,
2026_07_15_01_26_56,000092,18,all-cavs,selective_edgecooper_global,grid,,,,,,,singleton,20,60.0,18,18;3,3,"{""3"": 1}","{""3"": 1116, ""18"": 4954}",17856,0.9931034482758622,10,40.0,ns3,899,0.5,10,12,28,,,[],[],,3,12,16,
2026_07_15_01_26_56,000092,19,all-cavs,selective_edgecooper_global,grid,,,,,,,singleton,20,60.0,19,19;10;13,10;13,"{""10"": 1, ""13"": 1}","{""10"": 1196, ""13"": 1181, ""19"": 4823}",38032,2.1152391546162406,10,40.0,ns3,899,0.5,10,12,28,,,[],[],,10;13,6,36,
2026_07_15_01_26_56,000092,20,all-cavs,selective_edgecooper_global,grid,,,,,,,singleton,20,60.0,20,20;7;16;5,7;16;5,"{""5"": 2, ""7"": 1, ""16"": 1}","{""5"": 92, ""7"": 1431, ""16"": 1014, ""20"": 4905}",40592,2.25761957730812,10,40.0,ns3,899,0.5,10,12,28,,,[],[],,7;16;5,20,36,
2026_07_15_01_26_56,000094,1,all-cavs,selective_edgecooper_global,grid,,,,,,,singleton,20,60.0,1,1;8;11,8;11,"{""8"": 2, ""11"": 1}","{""1"": 4929, ""8"": 3382, ""11"": 1586}",79488,4.42091212458287,10,40.0,ns3,899,0.5,10,12,28,,,[],[],,8;11,15,38,
2026_07_15_01_26_56,000094,2,all-cavs,selective_edgecooper_global,grid,,,,,,,singleton,20,60.0,2,2;8;1,8;1,"{""1"": 1, ""8"": 1}","{""1"": 1186, ""2"": 4864, ""8"": 3371}",72912,4.055172413793104,10,40.0,ns3,899,0.5,10,12,28,,,[],[],,8;1,17,39,
2026_07_15_01_26_56,000094,3,all-cavs,selective_edgecooper_global,grid,,,,,,,singleton,20,60.0,3,3;18;17;16,18;17;16,"{""16"": 1, ""17"": 1, ""18"": 1}","{""3"": 4964, ""16"": 1108, ""17"": 1551, ""18"": 3441}",97600,5.42825361512792,10,40.0,ns3,899,0.5,10,12,28,,,[],[],,18;17;16,14,31,
2026_07_15_01_26_56,000094,4,all-cavs,selective_edgecooper_global,grid,,,,,,,singleton,20,60.0,4,4;12;7;1,12;7;1,"{""1"": 1, ""7"": 1, ""12"": 1}","{""1"": 1186, ""4"": 4848, ""7"": 1431, ""12"": 1520}",66192,3.6814238042269185,10,40.0,ns3,899,0.5,10,12,28,,,[],[],,12;7;1,15,42,
2026_07_15_01_26_56,000094,5,all-cavs,selective_edgecooper_global,grid,,,,,,,singleton,20,60.0,5,5;19;13,19;13,"{""13"": 1, ""19"": 1}","{""5"": 4943, ""13"": 1205, ""19"": 3191}",70336,3.911902113459399,10,40.0,ns3,899,0.5,10,12,28,,,[],[],,19;13,5,31,
2026_07_15_01_26_56,000094,6,all-cavs,selective_edgecooper_global,grid,,,,,,,singleton,20,60.0,6,6;15,15,"{""15"": 1}","{""6"": 4670, ""15"": 3210}",51360,2.85650723025584,10,40.0,ns3,899,0.5,10,12,28,,,[],[],,15,10,20,
2026_07_15_01_26_56,000094,7,all-cavs,selective_edgecooper_global,grid,,,,,,,singleton,20,60.0,7,7;5;12,5;12,"{""5"": 1, ""12"": 1}","{""5"": 3201, ""7"": 4922, ""12"": 1520}",75536,4.20111234705228,10,40.0,ns3,899,0.5,10,12,28,,,[],[],,5;12,13,28,
2026_07_15_01_26_56,000094,8,all-cavs,selective_edgecooper_global,grid,,,,,,,singleton,20,60.0,8,8;2;11;12,2;11;12,"{""2"": 1, ""11"": 1, ""12"": 1}","{""2"": 1776, ""8"": 4839, ""11"": 1586, ""12"": 1520}",78112,4.344382647385984,10,40.0,ns3,899,0.5,10,12,28,,,[],[],,2;11;12,20,39,
2026_07_15_01_26_56,000094,9,all-cavs,selective_edgecooper_global,grid,,,,,,,singleton,20,60.0,9,9;13;10,13;10,"{""10"": 1, ""13"": 1}","{""9"": 4854, ""10"": 1196, ""13"": 1205}",38416,2.1365962180200224,10,40.0,ns3,899,0.5,10,12,28,,,[],[],,13;10,13,38,
2026_07_15_01_26_56,000094,10,all-cavs,selective_edgecooper_global,grid,,,,,,,singleton,20,60.0,10,10;5;2;9,5;2;9,"{""2"": 1, ""5"": 1, ""9"": 1}","{""2"": 1776, ""5"": 3201, ""9"": 792, ""10"": 4929}",92304,5.133704115684093,10,40.0,ns3,899,0.5,10,12,28,,,[],[],,5;2;9,22,52,
2026_07_15_01_26_56,000094,11,all-cavs,selective_edgecooper_global,grid,,,,,,,singleton,20,60.0,11,11;9;1,9;1,"{""1"": 1, ""9"": 1}","{""1"": 1186, ""9"": 1616, ""11"": 4907}",44832,2.493437152391546,10,40.0,ns3,899,0.5,10,12,28,,,[],[],,9;1,18,46,
2026_07_15_01_26_56,000094,12,all-cavs,selective_edgecooper_global,grid,,,,,,,singleton,20,60.0,12,12;8;7,8;7,"{""7"": 1, ""8"": 1}","{""7"": 1431, ""8"": 3371, ""12"": 4976}",76832,4.273192436040045,10,40.0,ns3,899,0.5,10,12,28,,,[],[],,8;7,11,36,
2026_07_15_01_26_56,000094,13,all-cavs,selective_edgecooper_global,grid,,,,,,,singleton,20,60.0,13,13;9;10,9;10,"{""9"": 1, ""10"": 1}","{""9"": 1616, ""10"": 1196, ""13"": 4805}",44992,2.5023359288097886,10,40.0,ns3,899,0.5,10,12,28,,,[],[],,9;10,11,38,
2026_07_15_01_26_56,000094,14,all-cavs,selective_edgecooper_global,grid,,,,,,,singleton,20,60.0,14,14,,{},"{""14"": 4947}",0,0.0,10,40.0,ns3,899,0.5,10,12,28,,,[],[],,,2,2,
2026_07_15_01_26_56,000094,15,all-cavs,selective_edgecooper_global,grid,,,,,,,singleton,20,60.0,15,15;6,6,"{""6"": 1}","{""6"": 1741, ""15"": 4772}",27856,1.5492769744160177,10,40.0,ns3,899,0.5,10,12,28,,,[],[],,6,13,20,
2026_07_15_01_26_56,000094,16,all-cavs,selective_edgecooper_global,grid,,,,,,,singleton,20,60.0,16,16;17;3,17;3,"{""3"": 1, ""17"": 1}","{""3"": 1212, ""16"": 4936, ""17"": 1551}",44208,2.4587319243604004,10,40.0,ns3,899,0.5,10,12,28,,,[],[],,17;3,14,27,
2026_07_15_01_26_56,000094,17,all-cavs,selective_edgecooper_global,grid,,,,,,,singleton,20,60.0,17,17;3;16,3;16,"{""3"": 1, ""16"": 1}","{""3"": 1212, ""16"": 1108, ""17"": 4995}",37120,2.064516129032258,10,40.0,ns3,899,0.5,10,12,28,,,[],[],,3;16,16,27,
2026_07_15_01_26_56,000094,18,all-cavs,selective_edgecooper_global,grid,,,,,,,singleton,20,60.0,18,18;3,3,"{""3"": 1}","{""3"": 1212, ""18"": 4954}",19392,1.07853170189099,10,40.0,ns3,899,0.5,10,12,28,,,[],[],,3,12,17,
2026_07_15_01_26_56,000094,19,all-cavs,selective_edgecooper_global,grid,,,,,,,singleton,20,60.0,19,19;13;10,13;10,"{""10"": 1, ""13"": 1}","{""10"": 1196, ""13"": 1205, ""19"": 4823}",38416,2.1365962180200224,10,40.0,ns3,899,0.5,10,12,28,,,[],[],,13;10,8,36,
2026_07_15_01_26_56,000094,20,all-cavs,selective_edgecooper_global,grid,,,,,,,singleton,20,60.0,20,20;7,7,"{""7"": 1}","{""7"": 1431, ""20"": 4905}",22896,1.2734149054505006,10,40.0,ns3,899,0.5,10,12,28,,,[],[],,7,20,25,
2026_07_15_01_26_56,000096,1,all-cavs,selective_edgecooper_global,grid,,,,,,,singleton,20,60.0,1,1;8;11,8;11,"{""8"": 1, ""11"": 1}","{""1"": 4928, ""8"": 3371, ""11"": 1586}",79312,4.411123470522804,10,40.0,ns3,899,0.5,10,12,28,,,[],[],,8;11,15,38,
2026_07_15_01_26_56,000096,2,all-cavs,selective_edgecooper_global,grid,,,,,,,singleton,20,60.0,2,2;8;15;10,8;15;10,"{""8"": 1, ""10"": 1, ""15"": 1}","{""2"": 4866, ""8"": 3371, ""10"": 1196, ""15"": 3198}",124240,6.9098998887652945,10,40.0,ns3,899,0.5,10,12,28,,,[],[],,8;15;10,13,50,
2026_07_15_01_26_56,000096,3,all-cavs,selective_edgecooper_global,grid,,,,,,,singleton,20,60.0,3,3;18;17,18;17,"{""17"": 1, ""18"": 1}","{""3"": 4970, ""17"": 1542, ""18"": 3440}",79712,4.43337041156841,10,40.0,ns3,899,0.5,10,12,28,,,[],[],,18;17,14,24,
2026_07_15_01_26_56,000096,4,all-cavs,selective_edgecooper_global,grid,,,,,,,singleton,20,60.0,4,4;12;7;1,12;7;1,"{""1"": 1, ""7"": 1, ""12"": 1}","{""1"": 1186, ""4"": 4848, ""7"": 1431, ""12"": 1584}",67216,3.7383759733036706,10,40.0,ns3,899,0.5,10,12,28,,,[],[],,12;7;1,16,39,
2026_07_15_01_26_56,000096,5,all-cavs,selective_edgecooper_global,grid,,,,,,,singleton,20,60.0,5,5;19;13,19;13,"{""13"": 1, ""19"": 1}","{""5"": 4933, ""13"": 1225, ""19"": 3191}",70656,3.929699666295884,10,40.0,ns3,899,0.5,10,12,28,,,[],[],,19;13,6,31,
2026_07_15_01_26_56,000096,6,all-cavs,selective_edgecooper_global,grid,,,,,,,singleton,20,60.0,6,6;15,15,"{""15"": 1}","{""6"": 4667, ""15"": 3198}",51168,2.845828698553949,10,40.0,ns3,899,0.5,10,12,28,,,[],[],,15,12,19,
2026_07_15_01_26_56,000096,7,all-cavs,selective_edgecooper_global,grid,,,,,,,singleton,20,60.0,7,7;5;12,5;12,"{""5"": 1, ""12"": 1}","{""5"": 3198, ""7"": 4921, ""12"": 1584}",76512,4.25539488320356,10,40.0,ns3,899,0.5,10,12,28,,,[],[],,5;12,14,28,
2026_07_15_01_26_56,000096,8,all-cavs,selective_edgecooper_global,grid,,,,,,,singleton,20,60.0,8,8;11;12,11;12,"{""11"": 1, ""12"": 1}","{""8"": 4839, ""11"": 1586, ""12"": 1584}",50720,2.8209121245828697,10,40.0,ns3,899,0.5,10,12,28,,,[],[],,11;12,19,34,
2026_07_15_01_26_56,000096,9,all-cavs,selective_edgecooper_global,grid,,,,,,,singleton,20,60.0,9,9;11;13;19,11;13;19,"{""11"": 1, ""13"": 1, ""19"": 1}","{""9"": 4853, ""11"": 1586, ""13"": 1225, ""19"": 127}",47008,2.6144605116796438,10,40.0,ns3,899,0.5,10,12,28,,,[],[],,11;13;19,15,33,
2026_07_15_01_26_56,000096,10,all-cavs,selective_edgecooper_global,grid,,,,,,,singleton,20,60.0,10,10;5;2;9,5;2;9,"{""2"": 1, ""5"": 1, ""9"": 1}","{""2"": 1776, ""5"": 3198, ""9"": 1, ""10"": 4930}",79600,4.42714126807564,10,40.0,ns3,899,0.5,10,12,28,,,[],[],,5;2;9,17,52,
2026_07_15_01_26_56,000096,11,all-cavs,selective_edgecooper_global,grid,,,,,,,singleton,20,60.0,11,11;9,9,"{""9"": 1}","{""9"": 1616, ""11"": 4909}",25856,1.4380422691879866,10,40.0,ns3,899,0.5,10,12,28,,,[],[],,9,17,34,
2026_07_15_01_26_56,000096,12,all-cavs,selective_edgecooper_global,grid,,,,,,,singleton,20,60.0,12,12;8;7,8;7,"{""7"": 1, ""8"": 1}","{""7"": 1431, ""8"": 3371, ""12"": 4975}",76832,4.273192436040045,10,40.0,ns3,899,0.5,10,12,28,,,[],[],,8;7,11,36,
2026_07_15_01_26_56,000096,13,all-cavs,selective_edgecooper_global,grid,,,,,,,singleton,20,60.0,13,13;9;10,9;10,"{""9"": 1, ""10"": 1}","{""9"": 1616, ""10"": 1196, ""13"": 4751}",44992,2.5023359288097886,10,40.0,ns3,899,0.5,10,12,28,,,[],[],,9;10,8,37,
2026_07_15_01_26_56,000096,14,all-cavs,selective_edgecooper_global,grid,,,,,,,singleton,20,60.0,14,14,,{},"{""14"": 4923}",0,0.0,10,40.0,ns3,899,0.5,10,12,28,,,[],[],,,3,2,
2026_07_15_01_26_56,000096,15,all-cavs,selective_edgecooper_global,grid,,,,,,,singleton,20,60.0,15,15;2;6,2;6,"{""2"": 1, ""6"": 1}","{""2"": 1776, ""6"": 1769, ""15"": 4777}",56720,3.154616240266963,10,40.0,ns3,899,0.5,10,12,28,,,[],[],,2;6,16,33,
2026_07_15_01_26_56,000096,16,all-cavs,selective_edgecooper_global,grid,,,,,,,singleton,20,60.0,16,16;17;3,17;3,"{""3"": 1, ""17"": 1}","{""3"": 1269, ""16"": 4944, ""17"": 1542}",44976,2.5014460511679646,10,40.0,ns3,899,0.5,10,12,28,,,[],[],,17;3,17,27,
2026_07_15_01_26_56,000096,17,all-cavs,selective_edgecooper_global,grid,,,,,,,singleton,20,60.0,17,17;3,3,"{""3"": 1}","{""3"": 1269, ""17"": 4995}",20304,1.1292547274749722,10,40.0,ns3,899,0.5,10,12,28,,,[],[],,3,17,19,
2026_07_15_01_26_56,000096,18,all-cavs,selective_edgecooper_global,grid,,,,,,,singleton,20,60.0,18,18;3,3,"{""3"": 1}","{""3"": 1269, ""18"": 4942}",20304,1.1292547274749722,10,40.0,ns3,899,0.5,10,12,28,,,[],[],,3,12,16,
2026_07_15_01_26_56,000096,19,all-cavs,selective_edgecooper_global,grid,,,,,,,singleton,20,60.0,19,19;13;10,13;10,"{""10"": 1, ""13"": 1}","{""10"": 1196, ""13"": 1225, ""19"": 4823}",38736,2.1543937708565073,10,40.0,ns3,899,0.5,10,12,28,,,[],[],,13;10,9,36,
2026_07_15_01_26_56,000096,20,all-cavs,selective_edgecooper_global,grid,,,,,,,singleton,20,60.0,20,20;7;5,7;5,"{""5"": 1, ""7"": 1}","{""5"": 65, ""7"": 1431, ""20"": 4902}",23936,1.3312569521690767,10,40.0,ns3,899,0.5,10,12,28,,,[],[],,7;5,20,34,
2026_07_15_01_26_56,000098,1,all-cavs,selective_edgecooper_global,grid,,,,,,,singleton,20,60.0,1,1;8;11,8;11,"{""8"": 1, ""11"": 1}","{""1"": 4927, ""8"": 3371, ""11"": 1586}",79312,4.411123470522804,10,40.0,ns3,899,0.5,10,12,28,,,[],[],,8;11,16,38,
2026_07_15_01_26_56,000098,2,all-cavs,selective_edgecooper_global,grid,,,,,,,singleton,20,60.0,2,2;8;15;10,8;15;10,"{""8"": 1, ""10"": 1, ""15"": 1}","{""2"": 4855, ""8"": 3371, ""10"": 1196, ""15"": 3176}",123888,6.890322580645162,10,40.0,ns3,899,0.5,10,12,28,,,[],[],,8;15;10,13,49,
2026_07_15_01_26_56,000098,3,all-cavs,selective_edgecooper_global,grid,,,,,,,singleton,20,60.0,3,3;18;17;16,18;17;16,"{""16"": 1, ""17"": 1, ""18"": 1}","{""3"": 4974, ""16"": 1189, ""17"": 1525, ""18"": 3439}",98448,5.475417130144605,10,40.0,ns3,899,0.5,10,12,28,,,[],[],,18;17;16,14,30,
2026_07_15_01_26_56,000098,4,all-cavs,selective_edgecooper_global,grid,,,,,,,singleton,20,60.0,4,4;12;7,12;7,"{""7"": 1, ""12"": 1}","{""4"": 4850, ""7"": 1431, ""12"": 1658}",49424,2.7488320355951057,10,40.0,ns3,899,0.5,10,12,28,,,[],[],,12;7,11,36,
2026_07_15_01_26_56,000098,5,all-cavs,selective_edgecooper_global,grid,,,,,,,singleton,20,60.0,5,5;19,19,"{""19"": 1}","{""5"": 4929, ""19"": 3191}",51056,2.8395995550611794,10,40.0,ns3,899,0.5,10,12,28,,,[],[],,19,6,22,
2026_07_15_01_26_56,000098,6,all-cavs,selective_edgecooper_global,grid,,,,,,,singleton,20,60.0,6,6;15,15,"{""15"": 1}","{""6"": 4670, ""15"": 3176}",50816,2.826251390433815,10,40.0,ns3,899,0.5,10,12,28,,,[],[],,15,11,19,
2026_07_15_01_26_56,000098,7,all-cavs,selective_edgecooper_global,grid,,,,,,,singleton,20,60.0,7,7;5;12,5;12,"{""5"": 1, ""12"": 1}","{""5"": 3194, ""7"": 4921, ""12"": 1658}",77632,4.317686318131257,10,40.0,ns3,899,0.5,10,12,28,,,[],[],,5;12,13,30,
2026_07_15_01_26_56,000098,8,all-cavs,selective_edgecooper_global,grid,,,,,,,singleton,20,60.0,8,8;12;11,12;11,"{""11"": 1, ""12"": 1}","{""8"": 4838, ""11"": 1586, ""12"": 1658}",51904,2.886763070077864,10,40.0,ns3,899,0.5,10,12,28,,,[],[],,12;11,19,33,
2026_07_15_01_26_56,000098,9,all-cavs,selective_edgecooper_global,grid,,,,,,,singleton,20,60.0,9,9;11;13;19,11;13;19,"{""11"": 1, ""13"": 1, ""19"": 1}","{""9"": 4853, ""11"": 1586, ""13"": 1252, ""19"": 127}",47440,2.638487208008899,10,40.0,ns3,899,0.5,10,12,28,,,[],[],,11;13;19,15,33,
2026_07_15_01_26_56,000098,10,all-cavs,selective_edgecooper_global,grid,,,,,,,singleton,20,60.0,10,10;5;2,5;2,"{""2"": 1, ""5"": 1}","{""2"": 1775, ""5"": 3194, ""10"": 4930}",79504,4.421802002224695,10,40.0,ns3,899,0.5,10,12,28,,,[],[],,5;2,18,51,
2026_07_15_01_26_56,000098,11,all-cavs,selective_edgecooper_global,grid,,,,,,,singleton,20,60.0,11,11;9,9,"{""9"": 1}","{""9"": 1616, ""11"": 4908}",25856,1.4380422691879866,10,40.0,ns3,899,0.5,10,12,28,,,[],[],,9,18,34,
2026_07_15_01_26_56,000098,12,all-cavs,selective_edgecooper_global,grid,,,,,,,singleton,20,60.0,12,12;8;7,8;7,"{""7"": 1, ""8"": 1}","{""7"": 1431, ""8"": 3371, ""12"": 4968}",76832,4.273192436040045,10,40.0,ns3,899,0.5,10,12,28,,,[],[],,8;7,12,35,
2026_07_15_01_26_56,000098,13,all-cavs,selective_edgecooper_global,grid,,,,,,,singleton,20,60.0,13,13;9;10,9;10,"{""9"": 1, ""10"": 1}","{""9"": 1616, ""10"": 1196, ""13"": 4779}",44992,2.5023359288097886,10,40.0,ns3,899,0.5,10,12,28,,,[],[],,9;10,12,36,
2026_07_15_01_26_56,000098,14,all-cavs,selective_edgecooper_global,grid,,,,,,,singleton,20,60.0,14,14,,{},"{""14"": 4872}",0,0.0,10,40.0,ns3,899,0.5,10,12,28,,,[],[],,,3,2,
2026_07_15_01_26_56,000098,15,all-cavs,selective_edgecooper_global,grid,,,,,,,singleton,20,60.0,15,15;6;2,6;2,"{""2"": 1, ""6"": 1}","{""2"": 1775, ""6"": 1795, ""15"": 4783}",57120,3.1768631813125694,10,40.0,ns3,899,0.5,10,12,28,,,[],[],,6;2,15,33,
2026_07_15_01_26_56,000098,16,all-cavs,selective_edgecooper_global,grid,,,,,,,singleton,20,60.0,16,16;17;3,17;3,"{""3"": 1, ""17"": 1}","{""3"": 1290, ""16"": 4950, ""17"": 1525}",45040,2.5050055617352616,10,40.0,ns3,899,0.5,10,12,28,,,[],[],,17;3,15,27,
2026_07_15_01_26_56,000098,17,all-cavs,selective_edgecooper_global,grid,,,,,,,singleton,20,60.0,17,17;3,3,"{""3"": 1}","{""3"": 1290, ""17"": 4986}",20640,1.1479421579532814,10,40.0,ns3,899,0.5,10,12,28,,,[],[],,3,17,18,
2026_07_15_01_26_56,000098,18,all-cavs,selective_edgecooper_global,grid,,,,,,,singleton,20,60.0,18,18;3,3,"{""3"": 1}","{""3"": 1290, ""18"": 4946}",20640,1.1479421579532814,10,40.0,ns3,899,0.5,10,12,28,,,[],[],,3,11,15,
2026_07_15_01_26_56,000098,19,all-cavs,selective_edgecooper_global,grid,,,,,,,singleton,20,60.0,19,19;13;10;20,13;10;20,"{""10"": 1, ""13"": 1, ""20"": 1}","{""10"": 1196, ""13"": 1252, ""19"": 4824, ""20"": 959}",54512,3.031813125695217,10,40.0,ns3,899,0.5,10,12,28,,,[],[],,13;10;20,7,41,
2026_07_15_01_26_56,000098,20,all-cavs,selective_edgecooper_global,grid,,,,,,,singleton,20,60.0,20,20;7;5,7;5,"{""5"": 1, ""7"": 1}","{""5"": 53, ""7"": 1431, ""20"": 4903}",23744,1.3205784204671858,10,40.0,ns3,899,0.5,10,12,28,,,[],[],,7;5,21,33,
2026_07_15_01_26_56,000100,1,all-cavs,selective_edgecooper_global,grid,,,,,,,singleton,20,60.0,1,1;8;11,8;11,"{""8"": 1, ""11"": 1}","{""1"": 4928, ""8"": 3371, ""11"": 1586}",79312,4.411123470522804,10,40.0,ns3,899,0.5,10,12,28,,,[],[],,8;11,17,38,
2026_07_15_01_26_56,000100,2,all-cavs,selective_edgecooper_global,grid,,,,,,,singleton,20,60.0,2,2;8;15;10,8;15;10,"{""8"": 1, ""10"": 1, ""15"": 1}","{""2"": 4859, ""8"": 3371, ""10"": 1195, ""15"": 3185}",124016,6.8974416017797555,10,40.0,ns3,899,0.5,10,12,28,,,[],[],,8;15;10,15,49,
2026_07_15_01_26_56,000100,3,all-cavs,selective_edgecooper_global,grid,,,,,,,singleton,20,60.0,3,3;18;17,18;17,"{""17"": 1, ""18"": 1}","{""3"": 4983, ""17"": 1500, ""18"": 3438}",79008,4.394215795328143,10,40.0,ns3,899,0.5,10,12,28,,,[],[],,18;17,14,23,
2026_07_15_01_26_56,000100,4,all-cavs,selective_edgecooper_global,grid,,,,,,,singleton,20,60.0,4,4;12;7,12;7,"{""7"": 1, ""12"": 1}","{""4"": 4850, ""7"": 1431, ""12"": 1718}",50384,2.8022246941045608,10,40.0,ns3,899,0.5,10,12,28,,,[],[],,12;7,10,36,
2026_07_15_01_26_56,000100,5,all-cavs,selective_edgecooper_global,grid,,,,,,,singleton,20,60.0,5,5;19;9,19;9,"{""9"": 1, ""19"": 1}","{""5"": 4916, ""9"": 1616, ""19"": 3191}",76912,4.277641824249166,10,40.0,ns3,899,0.5,10,12,28,,,[],[],,19;9,14,25,
2026_07_15_01_26_56,000100,6,all-cavs,selective_edgecooper_global,grid,,,,,,,singleton,20,60.0,6,6;15,15,"{""15"": 1}","{""6"": 4673, ""15"": 3185}",50960,2.834260289210234,10,40.0,ns3,899,0.5,10,12,28,,,[],[],,15,10,20,
2026_07_15_01_26_56,000100,7,all-cavs,selective_edgecooper_global,grid,,,,,,,singleton,20,60.0,7,7;5;12,5;12,"{""5"": 1, ""12"": 1}","{""5"": 3190, ""7"": 4921, ""12"": 1718}",78528,4.367519466073414,10,40.0,ns3,899,0.5,10,12,28,,,[],[],,5;12,13,29,
2026_07_15_01_26_56,000100,8,all-cavs,selective_edgecooper_global,grid,,,,,,,singleton,20,60.0,8,8;12;11,12;11,"{""11"": 1, ""12"": 1}","{""8"": 4837, ""11"": 1586, ""12"": 1718}",52864,2.940155728587319,10,40.0,ns3,899,0.5,10,12,28,,,[],[],,12;11,19,32,
2026_07_15_01_26_56,000100,9,all-cavs,selective_edgecooper_global,grid,,,,,,,singleton,20,60.0,9,9;11;13,11;13,"{""11"": 1, ""13"": 1}","{""9"": 4851, ""11"": 1586, ""13"": 1259}",45520,2.531701890989989,10,40.0,ns3,899,0.5,10,12,28,,,[],[],,11;13,15,30,
2026_07_15_01_26_56,000100,10,all-cavs,selective_edgecooper_global,grid,,,,,,,singleton,20,60.0,10,10;5;2;13,5;2;13,"{""2"": 1, ""5"": 1, ""13"": 1}","{""2"": 1776, ""5"": 3190, ""10"": 4928, ""13"": 1259}",99600,5.539488320355951,10,40.0,ns3,899,0.5,10,12,28,,,[],[],,5;2;13,20,55,
2026_07_15_01_26_56,000100,11,all-cavs,selective_edgecooper_global,grid,,,,,,,singleton,20,60.0,11,11;9;2,9;2,"{""2"": 1, ""9"": 1}","{""2"": 480, ""9"": 1616, ""11"": 4909}",33536,1.8651835372636263,10,40.0,ns3,899,0.5,10,12,28,,,[],[],,9;2,16,49,
2026_07_15_01_26_56,000100,12,all-cavs,selective_edgecooper_global,grid,,,,,,,singleton,20,60.0,12,12;8;7,8;7,"{""7"": 1, ""8"": 1}","{""7"": 1431, ""8"": 3371, ""12"": 4970}",76832,4.273192436040045,10,40.0,ns3,899,0.5,10,12,28,,,[],[],,8;7,12,34,
2026_07_15_01_26_56,000100,13,all-cavs,selective_edgecooper_global,grid,,,,,,,singleton,20,60.0,13,13;9;10,9;10,"{""9"": 2, ""10"": 1}","{""9"": 1622, ""10"": 1195, ""13"": 4758}",45072,2.50678531701891,10,40.0,ns3,899,0.5,10,12,28,,,[],[],,9;10,11,37,
2026_07_15_01_26_56,000100,14,all-cavs,selective_edgecooper_global,grid,,,,,,,singleton,20,60.0,14,14,,{},"{""14"": 4874}",0,0.0,10,40.0,ns3,899,0.5,10,12,28,,,[],[],,,4,2,
2026_07_15_01_26_56,000100,15,all-cavs,selective_edgecooper_global,grid,,,,,,,singleton,20,60.0,15,15;6;2,6;2,"{""2"": 1, ""6"": 1}","{""2"": 1776, ""6"": 1819, ""15"": 4775}",57520,3.1991101223581757,10,40.0,ns3,899,0.5,10,12,28,,,[],[],,6;2,15,33,
2026_07_15_01_26_56,000100,16,all-cavs,selective_edgecooper_global,grid,,,,,,,singleton,20,60.0,16,16;17;3,17;3,"{""3"": 1, ""17"": 1}","{""3"": 1270, ""16"": 4946, ""17"": 1500}",44320,2.46496106785317,10,40.0,ns3,899,0.5,10,12,28,,,[],[],,17;3,17,27,
2026_07_15_01_26_56,000100,17,all-cavs,selective_edgecooper_global,grid,,,,,,,singleton,20,60.0,17,17;3,3,"{""3"": 1}","{""3"": 1270, ""17"": 4995}",20320,1.1301446051167965,10,40.0,ns3,899,0.5,10,12,28,,,[],[],,3,17,18,
2026_07_15_01_26_56,000100,18,all-cavs,selective_edgecooper_global,grid,,,,,,,singleton,20,60.0,18,18;3,3,"{""3"": 1}","{""3"": 1270, ""18"": 4944}",20320,1.1301446051167965,10,40.0,ns3,899,0.5,10,12,28,,,[],[],,3,11,15,
2026_07_15_01_26_56,000100,19,all-cavs,selective_edgecooper_global,grid,,,,,,,singleton,20,60.0,19,19;13,13,"{""13"": 1}","{""13"": 1259, ""19"": 4823}",20144,1.1203559510567296,10,40.0,ns3,899,0.5,10,12,28,,,[],[],,13,10,25,
2026_07_15_01_26_56,000100,20,all-cavs,selective_edgecooper_global,grid,,,,,,,singleton,20,60.0,20,20;7;5,7;5,"{""5"": 1, ""7"": 1}","{""5"": 46, ""7"": 1431, ""20"": 4903}",23632,1.314349276974416,10,40.0,ns3,899,0.5,10,12,28,,,[],[],,7;5,21,34,
2026_07_15_01_26_56,000102,1,all-cavs,selective_edgecooper_global,grid,,,,,,,singleton,20,60.0,1,1;8;11,8;11,"{""8"": 3, ""11"": 1}","{""1"": 4929, ""8"": 3406, ""11"": 1586}",79872,4.442269187986652,10,40.0,ns3,899,0.5,10,12,28,,,[],[],,8;11,16,39,
2026_07_15_01_26_56,000102,2,all-cavs,selective_edgecooper_global,grid,,,,,,,singleton,20,60.0,2,2;8;15;10,8;15;10,"{""8"": 1, ""10"": 1, ""15"": 1}","{""2"": 4850, ""8"": 3371, ""10"": 1195, ""15"": 3180}",123936,6.892992213570634,10,40.0,ns3,899,0.5,10,12,28,,,[],[],,8;15;10,14,49,
2026_07_15_01_26_56,000102,3,all-cavs,selective_edgecooper_global,grid,,,,,,,singleton,20,60.0,3,3;18;17,18;17,"{""17"": 1, ""18"": 1}","{""3"": 5003, ""17"": 1469, ""18"": 3435}",78464,4.363959955506117,10,40.0,ns3,899,0.5,10,12,28,,,[],[],,18;17,14,23,
2026_07_15_01_26_56,000102,4,all-cavs,selective_edgecooper_global,grid,,,,,,,singleton,20,60.0,4,4;12;7,12;7,"{""7"": 1, ""12"": 1}","{""4"": 4850, ""7"": 1431, ""12"": 1765}",51136,2.8440489432703004,10,40.0,ns3,899,0.5,10,12,28,,,[],[],,12;7,11,35,
2026_07_15_01_26_56,000102,5,all-cavs,selective_edgecooper_global,grid,,,,,,,singleton,20,60.0,5,5;19;9,19;9,"{""9"": 1, ""19"": 1}","{""5"": 4958, ""9"": 1616, ""19"": 3191}",76912,4.277641824249166,10,40.0,ns3,899,0.5,10,12,28,,,[],[],,19;9,12,28,
2026_07_15_01_26_56,000102,6,all-cavs,selective_edgecooper_global,grid,,,,,,,singleton,20,60.0,6,6;15,15,"{""15"": 1}","{""6"": 4681, ""15"": 3180}",50880,2.829810901001112,10,40.0,ns3,899,0.5,10,12,28,,,[],[],,15,13,22,
2026_07_15_01_26_56,000102,7,all-cavs,selective_edgecooper_global,grid,,,,,,,singleton,20,60.0,7,7;5;12,5;12,"{""5"": 1, ""12"": 1}","{""5"": 3185, ""7"": 4920, ""12"": 1765}",79200,4.404894327030034,10,40.0,ns3,899,0.5,10,12,28,,,[],[],,5;12,14,30,
2026_07_15_01_26_56,000102,8,all-cavs,selective_edgecooper_global,grid,,,,,,,singleton,20,60.0,8,8;12;11,12;11,"{""11"": 1, ""12"": 1}","{""8"": 4837, ""11"": 1586, ""12"": 1765}",53616,2.9819799777530593,10,40.0,ns3,899,0.5,10,12,28,,,[],[],,12;11,18,33,
2026_07_15_01_26_56,000102,9,all-cavs,selective_edgecooper_global,grid,,,,,,,singleton,20,60.0,9,9;11;13,11;13,"{""11"": 1, ""13"": 1}","{""9"": 4851, ""11"": 1586, ""13"": 1264}",45600,2.53615127919911,10,40.0,ns3,899,0.5,10,12,28,,,[],[],,11;13,15,29,
2026_07_15_01_26_56,000102,10,all-cavs,selective_edgecooper_global,grid,,,,,,,singleton,20,60.0,10,10;5;2;13,5;2;13,"{""2"": 1, ""5"": 1, ""13"": 1}","{""2"": 1774, ""5"": 3185, ""10"": 4929, ""13"": 1264}",99568,5.537708565072303,10,40.0,ns3,899,0.5,10,12,28,,,[],[],,5;2;13,22,56,
2026_07_15_01_26_56,000102,11,all-cavs,selective_edgecooper_global,grid,,,,,,,singleton,20,60.0,11,11;9;2,9;2,"{""2"": 1, ""9"": 1}","{""2"": 478, ""9"": 1616, ""11"": 4907}",33504,1.8634037819799778,10,40.0,ns3,899,0.5,10,12,28,,,[],[],,9;2,18,49,
2026_07_15_01_26_56,000102,12,all-cavs,selective_edgecooper_global,grid,,,,,,,singleton,20,60.0,12,12;8;7,8;7,"{""7"": 1, ""8"": 1}","{""7"": 1431, ""8"": 3371, ""12"": 4965}",76832,4.273192436040045,10,40.0,ns3,899,0.5,10,12,28,,,[],[],,8;7,9,34,
2026_07_15_01_26_56,000102,13,all-cavs,selective_edgecooper_global,grid,,,,,,,singleton,20,60.0,13,13;9;10,9;10,"{""9"": 1, ""10"": 1}","{""9"": 1616, ""10"": 1195, ""13"": 4787}",44976,2.5014460511679646,10,40.0,ns3,899,0.5,10,12,28,,,[],[],,9;10,13,37,
2026_07_15_01_26_56,000102,14,all-cavs,selective_edgecooper_global,grid,,,,,,,singleton,20,60.0,14,14,,{},"{""14"": 4826}",0,0.0,10,40.0,ns3,899,0.5,10,12,28,,,[],[],,,4,2,
2026_07_15_01_26_56,000102,15,all-cavs,selective_edgecooper_global,grid,,,,,,,singleton,20,60.0,15,15;6;2,6;2,"{""2"": 1, ""6"": 1}","{""2"": 1774, ""6"": 1834, ""15"": 4798}",57728,3.210678531701891,10,40.0,ns3,899,0.5,10,12,28,,,[],[],,6;2,15,34,
2026_07_15_01_26_56,000102,16,all-cavs,selective_edgecooper_global,grid,,,,,,,singleton,20,60.0,16,16;17;3,17;3,"{""3"": 1, ""17"": 1}","{""3"": 1249, ""16"": 4975, ""17"": 1469}",43488,2.4186874304783093,10,40.0,ns3,899,0.5,10,12,28,,,[],[],,17;3,16,26,
2026_07_15_01_26_56,000102,17,all-cavs,selective_edgecooper_global,grid,,,,,,,singleton,20,60.0,17,17;3,3,"{""3"": 1}","{""3"": 1249, ""17"": 4990}",19984,1.1114571746384871,10,40.0,ns3,899,0.5,10,12,28,,,[],[],,3,15,18,
2026_07_15_01_26_56,000102,18,all-cavs,selective_edgecooper_global,grid,,,,,,,singleton,20,60.0,18,18;3,3,"{""3"": 1}","{""3"": 1249, ""18"": 4936}",19984,1.1114571746384871,10,40.0,ns3,899,0.5,10,12,28,,,[],[],,3,9,14,
2026_07_15_01_26_56,000102,19,all-cavs,selective_edgecooper_global,grid,,,,,,,singleton,20,60.0,19,19;13,13,"{""13"": 1}","{""13"": 1264, ""19"": 4823}",20224,1.1248053392658508,10,40.0,ns3,899,0.5,10,12,28,,,[],[],,13,10,24,
2026_07_15_01_26_56,000102,20,all-cavs,selective_edgecooper_global,grid,,,,,,,singleton,20,60.0,20,20;7,7,"{""7"": 1}","{""7"": 1431, ""20"": 4902}",22896,1.2734149054505006,10,40.0,ns3,899,0.5,10,12,28,,,[],[],,7,21,23,
2026_07_15_01_26_56,000104,1,all-cavs,selective_edgecooper_global,grid,,,,,,,singleton,20,60.0,1,1;8;11,8;11,"{""8"": 1, ""11"": 1}","{""1"": 4929, ""8"": 3371, ""11"": 1586}",79312,4.411123470522804,10,40.0,ns3,899,0.5,10,12,28,,,[],[],,8;11,17,38,
2026_07_15_01_26_56,000104,2,all-cavs,selective_edgecooper_global,grid,,,,,,,singleton,20,60.0,2,2;8;15,8;15,"{""8"": 1, ""15"": 1}","{""2"": 4849, ""8"": 3371, ""15"": 3167}",104608,5.818020022246942,10,40.0,ns3,899,0.5,10,12,28,,,[],[],,8;15,16,40,
2026_07_15_01_26_56,000104,3,all-cavs,selective_edgecooper_global,grid,,,,,,,singleton,20,60.0,3,3;18;17,18;17,"{""17"": 1, ""18"": 1}","{""3"": 4979, ""17"": 1417, ""18"": 3434}",77616,4.316796440489433,10,40.0,ns3,899,0.5,10,12,28,,,[],[],,18;17,15,24,
2026_07_15_01_26_56,000104,4,all-cavs,selective_edgecooper_global,grid,,,,,,,singleton,20,60.0,4,4;12;7,12;7,"{""7"": 1, ""12"": 1}","{""4"": 4850, ""7"": 1431, ""12"": 1819}",52000,2.8921023359288096,10,40.0,ns3,899,0.5,10,12,28,,,[],[],,12;7,12,35,
2026_07_15_01_26_56,000104,5,all-cavs,selective_edgecooper_global,grid,,,,,,,singleton,20,60.0,5,5;19;9,19;9,"{""9"": 1, ""19"": 1}","{""5"": 4936, ""9"": 1616, ""19"": 3191}",76912,4.277641824249166,10,40.0,ns3,899,0.5,10,12,28,,,[],[],,19;9,10,27,
2026_07_15_01_26_56,000104,6,all-cavs,selective_edgecooper_global,grid,,,,,,,singleton,20,60.0,6,6;15,15,"{""15"": 1}","{""6"": 4701, ""15"": 3167}",50672,2.818242491657397,10,40.0,ns3,899,0.5,10,12,28,,,[],[],,15,11,23,
2026_07_15_01_26_56,000104,7,all-cavs,selective_edgecooper_global,grid,,,,,,,singleton,20,60.0,7,7;5;12;17,5;12;17,"{""5"": 1, ""12"": 1, ""17"": 1}","{""5"": 3179, ""7"": 4920, ""12"": 1819, ""17"": 1417}",102640,5.708565072302559,10,40.0,ns3,899,0.5,10,12,28,,,[],[],,5;12;17,14,31,
2026_07_15_01_26_56,000104,8,all-cavs,selective_edgecooper_global,grid,,,,,,,singleton,20,60.0,8,8;12;11,12;11,"{""11"": 1, ""12"": 1}","{""8"": 4837, ""11"": 1586, ""12"": 1819}",54480,3.0300333704115685,10,40.0,ns3,899,0.5,10,12,28,,,[],[],,12;11,17,32,
2026_07_15_01_26_56,000104,9,all-cavs,selective_edgecooper_global,grid,,,,,,,singleton,20,60.0,9,9;11;13,11;13,"{""11"": 1, ""13"": 1}","{""9"": 4851, ""11"": 1586, ""13"": 1279}",45840,2.549499443826474,10,40.0,ns3,899,0.5,10,12,28,,,[],[],,11;13,17,30,
2026_07_15_01_26_56,000104,10,all-cavs,selective_edgecooper_global,grid,,,,,,,singleton,20,60.0,10,10;5;2;13,5;2;13,"{""2"": 1, ""5"": 1, ""13"": 1}","{""2"": 1771, ""5"": 3179, ""10"": 4930, ""13"": 1279}",99664,5.543047830923248,10,40.0,ns3,899,0.5,10,12,28,,,[],[],,5;2;13,20,54,
2026_07_15_01_26_56,000104,11,all-cavs,selective_edgecooper_global,grid,,,,,,,singleton,20,60.0,11,11;9;2,9;2,"{""2"": 1, ""9"": 1}","{""2"": 479, ""9"": 1616, ""11"": 4907}",33520,1.864293659621802,10,40.0,ns3,899,0.5,10,12,28,,,[],[],,9;2,17,48,
2026_07_15_01_26_56,000104,12,all-cavs,selective_edgecooper_global,grid,,,,,,,singleton,20,60.0,12,12;8;7,8;7,"{""7"": 1, ""8"": 1}","{""7"": 1431, ""8"": 3371, ""12"": 4988}",76832,4.273192436040045,10,40.0,ns3,899,0.5,10,12,28,,,[],[],,8;7,11,34,
2026_07_15_01_26_56,000104,13,all-cavs,selective_edgecooper_global,grid,,,,,,,singleton,20,60.0,13,13;9,9,"{""9"": 2}","{""9"": 1624, ""13"": 4747}",25984,1.4451612903225806,10,40.0,ns3,899,0.5,10,12,28,,,[],[],,9,10,27,
2026_07_15_01_26_56,000104,14,all-cavs,selective_edgecooper_global,grid,,,,,,,singleton,20,60.0,14,14,,{},"{""14"": 4840}",0,0.0,10,40.0,ns3,899,0.5,10,12,28,,,[],[],,,4,1,
2026_07_15_01_26_56,000104,15,all-cavs,selective_edgecooper_global,grid,,,,,,,singleton,20,60.0,15,15;6;2,6;2,"{""2"": 1, ""6"": 1}","{""2"": 1771, ""6"": 1836, ""15"": 4777}",57712,3.2097886540600666,10,40.0,ns3,899,0.5,10,12,28,,,[],[],,6;2,17,34,
2026_07_15_01_26_56,000104,16,all-cavs,selective_edgecooper_global,grid,,,,,,,singleton,20,60.0,16,16;17;3,17;3,"{""3"": 1, ""17"": 1}","{""3"": 1215, ""16"": 4958, ""17"": 1417}",42112,2.342157953281424,10,40.0,ns3,899,0.5,10,12,28,,,[],[],,17;3,18,25,
2026_07_15_01_26_56,000104,17,all-cavs,selective_edgecooper_global,grid,,,,,,,singleton,20,60.0,17,17;7,7,"{""7"": 1}","{""7"": 1431, ""17"": 4979}",22896,1.2734149054505006,10,40.0,ns3,899,0.5,10,12,28,,,[],[],,7,16,17,
2026_07_15_01_26_56,000104,18,all-cavs,selective_edgecooper_global,grid,,,,,,,singleton,20,60.0,18,18,,{},"{""18"": 4929}",0,0.0,10,40.0,ns3,899,0.5,10,12,28,,,[],[],,,11,9,
2026_07_15_01_26_56,000104,19,all-cavs,selective_edgecooper_global,grid,,,,,,,singleton,20,60.0,19,19;13,13,"{""13"": 1}","{""13"": 1279, ""19"": 4823}",20464,1.1381535038932147,10,40.0,ns3,899,0.5,10,12,28,,,[],[],,13,10,25,
2026_07_15_01_26_56,000104,20,all-cavs,selective_edgecooper_global,grid,,,,,,,singleton,20,60.0,20,20;19;5,19;5,"{""5"": 2, ""19"": 1}","{""5"": 280, ""19"": 3191, ""20"": 4900}",55536,3.0887652947719686,10,40.0,ns3,899,0.5,10,12,28,,,[],[],,19;5,19,37,
2026_07_15_01_26_56,000106,1,all-cavs,selective_edgecooper_global,grid,,,,,,,singleton,20,60.0,1,1;8;11;4,8;11;4,"{""4"": 1, ""8"": 2, ""11"": 1}","{""1"": 4928, ""4"": 915, ""8"": 3396, ""11"": 1586}",94352,5.247608453837597,10,40.0,ns3,899,0.5,10,12,28,,,[],[],,8;11;4,16,45,
2026_07_15_01_26_56,000106,2,all-cavs,selective_edgecooper_global,grid,,,,,,,singleton,20,60.0,2,2;8;15;10,8;15;10,"{""8"": 1, ""10"": 1, ""15"": 1}","{""2"": 4856, ""8"": 3371, ""10"": 1198, ""15"": 3179}",123968,6.894771968854283,10,40.0,ns3,899,0.5,10,12,28,,,[],[],,8;15;10,14,49,
2026_07_15_01_26_56,000106,3,all-cavs,selective_edgecooper_global,grid,,,,,,,singleton,20,60.0,3,3;18;17,18;17,"{""17"": 1, ""18"": 1}","{""3"": 4995, ""17"": 1349, ""18"": 3432}",76496,4.254505005561736,10,40.0,ns3,899,0.5,10,12,28,,,[],[],,18;17,15,24,
2026_07_15_01_26_56,000106,4,all-cavs,selective_edgecooper_global,grid,,,,,,,singleton,20,60.0,4,4;12;7,12;7,"{""7"": 1, ""12"": 1}","{""4"": 4852, ""7"": 1431, ""12"": 1828}",52144,2.900111234705228,10,40.0,ns3,899,0.5,10,12,28,,,[],[],,12;7,11,35,
2026_07_15_01_26_56,000106,5,all-cavs,selective_edgecooper_global,grid,,,,,,,singleton,20,60.0,5,5;19;9,19;9,"{""9"": 1, ""19"": 1}","{""5"": 4951, ""9"": 1616, ""19"": 3191}",76912,4.277641824249166,10,40.0,ns3,899,0.5,10,12,28,,,[],[],,19;9,10,26,
2026_07_15_01_26_56,000106,6,all-cavs,selective_edgecooper_global,grid,,,,,,,singleton,20,60.0,6,6;15,15,"{""15"": 1}","{""6"": 4708, ""15"": 3179}",50864,2.828921023359288,10,40.0,ns3,899,0.5,10,12,28,,,[],[],,15,10,23,
2026_07_15_01_26_56,000106,7,all-cavs,selective_edgecooper_global,grid,,,,,,,singleton,20,60.0,7,7;5;12;17,5;12;17,"{""5"": 1, ""12"": 1, ""17"": 1}","{""5"": 3173, ""7"": 4920, ""12"": 1828, ""17"": 1349}",101600,5.650723025583982,10,40.0,ns3,899,0.5,10,12,28,,,[],[],,5;12;17,14,29,
2026_07_15_01_26_56,000106,8,all-cavs,selective_edgecooper_global,grid,,,,,,,singleton,20,60.0,8,8;12;11,12;11,"{""11"": 1, ""12"": 1}","{""8"": 4836, ""11"": 1586, ""12"": 1828}",54624,3.0380422691879865,10,40.0,ns3,899,0.5,10,12,28,,,[],[],,12;11,18,32,
2026_07_15_01_26_56,000106,9,all-cavs,selective_edgecooper_global,grid,,,,,,,singleton,20,60.0,9,9;11;13,11;13,"{""11"": 1, ""13"": 1}","{""9"": 4852, ""11"": 1586, ""13"": 1293}",46064,2.5619577308120136,10,40.0,ns3,899,0.5,10,12,28,,,[],[],,11;13,15,30,
2026_07_15_01_26_56,000106,10,all-cavs,selective_edgecooper_global,grid,,,,,,,singleton,20,60.0,10,10;5;2;13,5;2;13,"{""2"": 1, ""5"": 1, ""13"": 1}","{""2"": 1772, ""5"": 3173, ""10"": 4930, ""13"": 1293}",99808,5.551056729699667,10,40.0,ns3,899,0.5,10,12,28,,,[],[],,5;2;13,20,53,
2026_07_15_01_26_56,000106,11,all-cavs,selective_edgecooper_global,grid,,,,,,,singleton,20,60.0,11,11;9,9,"{""9"": 1}","{""9"": 1616, ""11"": 4908}",25856,1.4380422691879866,10,40.0,ns3,899,0.5,10,12,28,,,[],[],,9,17,32,
2026_07_15_01_26_56,000106,12,all-cavs,selective_edgecooper_global,grid,,,,,,,singleton,20,60.0,12,12;8;7,8;7,"{""7"": 1, ""8"": 1}","{""7"": 1431, ""8"": 3371, ""12"": 4987}",76832,4.273192436040045,10,40.0,ns3,899,0.5,10,12,28,,,[],[],,8;7,10,33,
2026_07_15_01_26_56,000106,13,all-cavs,selective_edgecooper_global,grid,,,,,,,singleton,20,60.0,13,13;9,9,"{""9"": 1}","{""9"": 1616, ""13"": 4753}",25856,1.4380422691879866,10,40.0,ns3,899,0.5,10,12,28,,,[],[],,9,11,27,
2026_07_15_01_26_56,000106,14,all-cavs,selective_edgecooper_global,grid,,,,,,,singleton,20,60.0,14,14,,{},"{""14"": 4815}",0,0.0,10,40.0,ns3,899,0.5,10,12,28,,,[],[],,,4,1,
2026_07_15_01_26_56,000106,15,all-cavs,selective_edgecooper_global,grid,,,,,,,singleton,20,60.0,15,15;6;2,6;2,"{""2"": 1, ""6"": 1}","{""2"": 1772, ""6"": 1803, ""15"": 4779}",57200,3.1813125695216904,10,40.0,ns3,899,0.5,10,12,28,,,[],[],,6;2,16,34,
2026_07_15_01_26_56,000106,16,all-cavs,selective_edgecooper_global,grid,,,,,,,singleton,20,60.0,16,16;17,17,"{""17"": 1}","{""16"": 4954, ""17"": 1349}",21584,1.200444938820912,10,40.0,ns3,899,0.5,10,12,28,,,[],[],,17,16,21,
2026_07_15_01_26_56,000106,17,all-cavs,selective_edgecooper_global,grid,,,,,,,singleton,20,60.0,17,17;7,7,"{""7"": 1}","{""7"": 1431, ""17"": 4994}",22896,1.2734149054505006,10,40.0,ns3,899,0.5,10,12,28,,,[],[],,7,16,16,
2026_07_15_01_26_56,000106,18,all-cavs,selective_edgecooper_global,grid,,,,,,,singleton,20,60.0,18,18,,{},"{""18"": 4912}",0,0.0,10,40.0,ns3,899,0.5,10,12,28,,,[],[],,,11,9,
2026_07_15_01_26_56,000106,19,all-cavs,selective_edgecooper_global,grid,,,,,,,singleton,20,60.0,19,19;13,13,"{""13"": 1}","{""13"": 1293, ""19"": 4823}",20688,1.150611790878754,10,40.0,ns3,899,0.5,10,12,28,,,[],[],,13,11,27,
2026_07_15_01_26_56,000106,20,all-cavs,selective_edgecooper_global,grid,,,,,,,singleton,20,60.0,20,20;19,19,"{""19"": 1}","{""19"": 3191, ""20"": 4900}",51056,2.8395995550611794,10,40.0,ns3,899,0.5,10,12,28,,,[],[],,19,20,27,
2026_07_15_01_26_56,000108,1,all-cavs,selective_edgecooper_global,grid,,,,,,,singleton,20,60.0,1,1;8;11,8;11,"{""8"": 3, ""11"": 1}","{""1"": 4928, ""8"": 3411, ""11"": 1586}",79952,4.4467185761957735,10,40.0,ns3,899,0.5,10,12,28,,,[],[],,8;11,17,40,
2026_07_15_01_26_56,000108,2,all-cavs,selective_edgecooper_global,grid,,,,,,,singleton,20,60.0,2,2;15;10,15;10,"{""10"": 1, ""15"": 1}","{""2"": 4859, ""10"": 1204, ""15"": 3170}",69984,3.892324805339266,10,40.0,ns3,899,0.5,10,12,28,,,[],[],,15;10,13,42,
2026_07_15_01_26_56,000108,3,all-cavs,selective_edgecooper_global,grid,,,,,,,singleton,20,60.0,3,3;18;17,18;17,"{""17"": 1, ""18"": 1}","{""3"": 4982, ""17"": 1267, ""18"": 3376}",74288,4.131701890989989,10,40.0,ns3,899,0.5,10,12,28,,,[],[],,18;17,14,23,
2026_07_15_01_26_56,000108,4,all-cavs,selective_edgecooper_global,grid,,,,,,,singleton,20,60.0,4,4;12;7,12;7,"{""7"": 1, ""12"": 1}","{""4"": 4850, ""7"": 1431, ""12"": 1791}",51552,2.867185761957731,10,40.0,ns3,899,0.5,10,12,28,,,[],[],,12;7,11,36,
2026_07_15_01_26_56,000108,5,all-cavs,selective_edgecooper_global,grid,,,,,,,singleton,20,60.0,5,5;19;9,19;9,"{""9"": 1, ""19"": 1}","{""5"": 4929, ""9"": 1616, ""19"": 3191}",76912,4.277641824249166,10,40.0,ns3,899,0.5,10,12,28,,,[],[],,19;9,11,27,
2026_07_15_01_26_56,000108,6,all-cavs,selective_edgecooper_global,grid,,,,,,,singleton,20,60.0,6,6;15,15,"{""15"": 1}","{""6"": 4713, ""15"": 3170}",50720,2.8209121245828697,10,40.0,ns3,899,0.5,10,12,28,,,[],[],,15,11,24,
2026_07_15_01_26_56,000108,7,all-cavs,selective_edgecooper_global,grid,,,,,,,singleton,20,60.0,7,7;8;12;17,8;12;17,"{""8"": 1, ""12"": 1, ""17"": 1}","{""7"": 4919, ""8"": 3371, ""12"": 1791, ""17"": 1267}",102864,5.721023359288098,10,40.0,ns3,899,0.5,10,12,28,,,[],[],,8;12;17,16,29,
2026_07_15_01_26_56,000108,8,all-cavs,selective_edgecooper_global,grid,,,,,,,singleton,20,60.0,8,8;11,11,"{""11"": 1}","{""8"": 4837, ""11"": 1586}",25376,1.411345939933259,10,40.0,ns3,899,0.5,10,12,28,,,[],[],,11,17,30,
2026_07_15_01_26_56,000108,9,all-cavs,selective_edgecooper_global,grid,,,,,,,singleton,20,60.0,9,9;5;13,5;13,"{""5"": 1, ""13"": 1}","{""5"": 3114, ""9"": 4853, ""13"": 1290}",70464,3.919021134593993,10,40.0,ns3,899,0.5,10,12,28,,,[],[],,5;13,13,32,
2026_07_15_01_26_56,000108,10,all-cavs,selective_edgecooper_global,grid,,,,,,,singleton,20,60.0,10,10;5;2;13,5;2;13,"{""2"": 1, ""5"": 1, ""13"": 1}","{""2"": 1774, ""5"": 3114, ""10"": 4928, ""13"": 1290}",98848,5.497664071190211,10,40.0,ns3,899,0.5,10,12,28,,,[],[],,5;2;13,20,54,
2026_07_15_01_26_56,000108,11,all-cavs,selective_edgecooper_global,grid,,,,,,,singleton,20,60.0,11,11;9;2,9;2,"{""2"": 1, ""9"": 1}","{""2"": 480, ""9"": 1616, ""11"": 4911}",33536,1.8651835372636263,10,40.0,ns3,899,0.5,10,12,28,,,[],[],,9;2,17,48,
2026_07_15_01_26_56,000108,12,all-cavs,selective_edgecooper_global,grid,,,,,,,singleton,20,60.0,12,12;8;7,8;7,"{""7"": 1, ""8"": 1}","{""7"": 1431, ""8"": 3371, ""12"": 4997}",76832,4.273192436040045,10,40.0,ns3,899,0.5,10,12,28,,,[],[],,8;7,9,35,
2026_07_15_01_26_56,000108,13,all-cavs,selective_edgecooper_global,grid,,,,,,,singleton,20,60.0,13,13;19;9;10,19;9;10,"{""9"": 1, ""10"": 1, ""19"": 1}","{""9"": 1616, ""10"": 1204, ""13"": 4757, ""19"": 3191}",96176,5.349054505005562,10,40.0,ns3,899,0.5,10,12,28,,,[],[],,19;9;10,10,38,
2026_07_15_01_26_56,000108,14,all-cavs,selective_edgecooper_global,grid,,,,,,,singleton,20,60.0,14,14,,{},"{""14"": 4804}",0,0.0,10,40.0,ns3,899,0.5,10,12,28,,,[],[],,,4,1,
2026_07_15_01_26_56,000108,15,all-cavs,selective_edgecooper_global,grid,,,,,,,singleton,20,60.0,15,15;2;6,2;6,"{""2"": 1, ""6"": 1}","{""2"": 1774, ""6"": 1753, ""15"": 4792}",56432,3.1385984427141267,10,40.0,ns3,899,0.5,10,12,28,,,[],[],,2;6,14,35,
2026_07_15_01_26_56,000108,16,all-cavs,selective_edgecooper_global,grid,,,,,,,singleton,20,60.0,16,16;17,17,"{""17"": 1}","{""16"": 4980, ""17"": 1267}",20272,1.1274749721913235,10,40.0,ns3,899,0.5,10,12,28,,,[],[],,17,13,21,
2026_07_15_01_26_56,000108,17,all-cavs,selective_edgecooper_global,grid,,,,,,,singleton,20,60.0,17,17;7,7,"{""7"": 1}","{""7"": 1431, ""17"": 4998}",22896,1.2734149054505006,10,40.0,ns3,899,0.5,10,12,28,,,[],[],,7,19,16,
2026_07_15_01_26_56,000108,18,all-cavs,selective_edgecooper_global,grid,,,,,,,singleton,20,60.0,18,18,,{},"{""18"": 4916}",0,0.0,10,40.0,ns3,899,0.5,10,12,28,,,[],[],,,10,9,
2026_07_15_01_26_56,000108,19,all-cavs,selective_edgecooper_global,grid,,,,,,,singleton,20,60.0,19,19;13,13,"{""13"": 1}","{""13"": 1290, ""19"": 4825}",20640,1.1479421579532814,10,40.0,ns3,899,0.5,10,12,28,,,[],[],,13,11,27,
2026_07_15_01_26_56,000108,20,all-cavs,selective_edgecooper_global,grid,,,,,,,singleton,20,60.0,20,20;19,19,"{""19"": 1}","{""19"": 3191, ""20"": 4899}",51056,2.8395995550611794,10,40.0,ns3,899,0.5,10,12,28,,,[],[],,19,18,27,
2026_07_15_01_26_56,000110,1,all-cavs,selective_edgecooper_global,grid,,,,,,,singleton,20,60.0,1,1;8;11,8;11,"{""8"": 2, ""11"": 1}","{""1"": 4928, ""8"": 3494, ""11"": 1586}",81280,4.520578420467186,10,40.0,ns3,899,0.5,10,12,28,,,[],[],,8;11,12,41,
2026_07_15_01_26_56,000110,2,all-cavs,selective_edgecooper_global,grid,,,,,,,singleton,20,60.0,2,2;15;10,15;10,"{""10"": 1, ""15"": 1}","{""2"": 4860, ""10"": 1209, ""15"": 3183}",70272,3.9083426028921022,10,40.0,ns3,899,0.5,10,12,28,,,[],[],,15;10,16,42,
2026_07_15_01_26_56,000110,3,all-cavs,selective_edgecooper_global,grid,,,,,,,singleton,20,60.0,3,3;18,18,"{""18"": 1}","{""3"": 4993, ""18"": 3234}",51744,2.8778642936596217,10,40.0,ns3,899,0.5,10,12,28,,,[],[],,18,13,13,
2026_07_15_01_26_56,000110,4,all-cavs,selective_edgecooper_global,grid,,,,,,,singleton,20,60.0,4,4;12;7;1,12;7;1,"{""1"": 1, ""7"": 1, ""12"": 1}","{""1"": 1186, ""4"": 4850, ""7"": 1431, ""12"": 1740}",69712,3.8771968854282535,10,40.0,ns3,899,0.5,10,12,28,,,[],[],,12;7;1,14,37,
2026_07_15_01_26_56,000110,5,all-cavs,selective_edgecooper_global,grid,,,,,,,singleton,20,60.0,5,5;9;17,9;17,"{""9"": 1, ""17"": 1}","{""5"": 4921, ""9"": 1616, ""17"": 1152}",44288,2.4631813125695214,10,40.0,ns3,899,0.5,10,12,28,,,[],[],,9;17,13,32,
2026_07_15_01_26_56,000110,6,all-cavs,selective_edgecooper_global,grid,,,,,,,singleton,20,60.0,6,6;15,15,"{""15"": 1}","{""6"": 4713, ""15"": 3183}",50928,2.8324805339265855,10,40.0,ns3,899,0.5,10,12,28,,,[],[],,15,12,24,
2026_07_15_01_26_56,000110,7,all-cavs,selective_edgecooper_global,grid,,,,,,,singleton,20,60.0,7,7;5;12,5;12,"{""5"": 1, ""12"": 1}","{""5"": 2362, ""7"": 4919, ""12"": 1740}",65632,3.65027808676307,10,40.0,ns3,899,0.5,10,12,28,,,[],[],,5;12,16,27,
2026_07_15_01_26_56,000110,8,all-cavs,selective_edgecooper_global,grid,,,,,,,singleton,20,60.0,8,8;12;11;1,12;11;1,"{""1"": 1, ""11"": 1, ""12"": 1}","{""1"": 1186, ""8"": 4834, ""11"": 1586, ""12"": 1740}",72192,4.015127919911012,10,40.0,ns3,899,0.5,10,12,28,,,[],[],,12;11;1,19,40,
2026_07_15_01_26_56,000110,9,all-cavs,selective_edgecooper_global,grid,,,,,,,singleton,20,60.0,9,9;13,13,"{""13"": 1}","{""9"": 4854, ""13"": 1270}",20320,1.1301446051167965,10,40.0,ns3,899,0.5,10,12,28,,,[],[],,13,14,29,
2026_07_15_01_26_56,000110,10,all-cavs,selective_edgecooper_global,grid,,,,,,,singleton,20,60.0,10,10;8;19;5,8;19;5,"{""5"": 1, ""8"": 1, ""19"": 1}","{""5"": 2362, ""8"": 3371, ""10"": 4929, ""19"": 3191}",142784,7.9412680756396,10,40.0,ns3,899,0.5,10,12,28,,,[],[],,8;19;5,19,44,
2026_07_15_01_26_56,000110,11,all-cavs,selective_edgecooper_global,grid,,,,,,,singleton,20,60.0,11,11;9;1,9;1,"{""1"": 1, ""9"": 1}","{""1"": 1186, ""9"": 1616, ""11"": 4911}",44832,2.493437152391546,10,40.0,ns3,899,0.5,10,12,28,,,[],[],,9;1,17,45,
2026_07_15_01_26_56,000110,12,all-cavs,selective_edgecooper_global,grid,,,,,,,singleton,20,60.0,12,12;8;7,8;7,"{""7"": 1, ""8"": 1}","{""7"": 1431, ""8"": 3371, ""12"": 4997}",76832,4.273192436040045,10,40.0,ns3,899,0.5,10,12,28,,,[],[],,8;7,11,35,
2026_07_15_01_26_56,000110,13,all-cavs,selective_edgecooper_global,grid,,,,,,,singleton,20,60.0,13,13;19;9;10,19;9;10,"{""9"": 2, ""10"": 1, ""19"": 1}","{""9"": 1621, ""10"": 1209, ""13"": 4738, ""19"": 3191}",96336,5.357953281423804,10,40.0,ns3,899,0.5,10,12,28,,,[],[],,19;9;10,11,38,
2026_07_15_01_26_56,000110,14,all-cavs,selective_edgecooper_global,grid,,,,,,,singleton,20,60.0,14,14,,{},"{""14"": 4841}",0,0.0,10,40.0,ns3,899,0.5,10,12,28,,,[],[],,,4,1,
2026_07_15_01_26_56,000110,15,all-cavs,selective_edgecooper_global,grid,,,,,,,singleton,20,60.0,15,15;2;6,2;6,"{""2"": 1, ""6"": 1}","{""2"": 1769, ""6"": 1709, ""15"": 4814}",55648,3.0949944382647385,10,40.0,ns3,899,0.5,10,12,28,,,[],[],,2;6,14,35,
2026_07_15_01_26_56,000110,16,all-cavs,selective_edgecooper_global,grid,,,,,,,singleton,20,60.0,16,16;17,17,"{""17"": 1}","{""16"": 4974, ""17"": 1152}",18432,1.025139043381535,10,40.0,ns3,899,0.5,10,12,28,,,[],[],,17,16,21,
2026_07_15_01_26_56,000110,17,all-cavs,selective_edgecooper_global,grid,,,,,,,singleton,20,60.0,17,17;7,7,"{""7"": 1}","{""7"": 1431, ""17"": 5003}",22896,1.2734149054505006,10,40.0,ns3,899,0.5,10,12,28,,,[],[],,7,18,15,
2026_07_15_01_26_56,000110,18,all-cavs,selective_edgecooper_global,grid,,,,,,,singleton,20,60.0,18,18,,{},"{""18"": 4900}",0,0.0,10,40.0,ns3,899,0.5,10,12,28,,,[],[],,,11,9,
2026_07_15_01_26_56,000110,19,all-cavs,selective_edgecooper_global,grid,,,,,,,singleton,20,60.0,19,19;13;10,13;10,"{""10"": 1, ""13"": 1}","{""10"": 1209, ""13"": 1270, ""19"": 4826}",39664,2.206006674082314,10,40.0,ns3,899,0.5,10,12,28,,,[],[],,13;10,9,36,
2026_07_15_01_26_56,000110,20,all-cavs,selective_edgecooper_global,grid,,,,,,,singleton,20,60.0,20,20;19;5,19;5,"{""5"": 2, ""19"": 1}","{""5"": 247, ""19"": 3191, ""20"": 4898}",55008,3.0593993325917688,10,40.0,ns3,899,0.5,10,12,28,,,[],[],,19;5,18,37,
2026_07_15_01_26_56,000112,1,all-cavs,selective_edgecooper_global,grid,,,,,,,singleton,20,60.0,1,1;8;11,8;11,"{""8"": 1, ""11"": 1}","{""1"": 4926, ""8"": 3371, ""11"": 1586}",79312,4.411123470522804,10,40.0,ns3,899,0.5,10,12,28,,,[],[],,8;11,13,39,
2026_07_15_01_26_56,000112,2,all-cavs,selective_edgecooper_global,grid,,,,,,,singleton,20,60.0,2,2;15;10,15;10,"{""10"": 1, ""15"": 1}","{""2"": 4859, ""10"": 1218, ""15"": 3183}",70416,3.91635150166852,10,40.0,ns3,899,0.5,10,12,28,,,[],[],,15;10,14,42,
2026_07_15_01_26_56,000112,3,all-cavs,selective_edgecooper_global,grid,,,,,,,singleton,20,60.0,3,3;18,18,"{""18"": 1}","{""3"": 4983, ""18"": 3395}",54320,3.021134593993326,10,40.0,ns3,899,0.5,10,12,28,,,[],[],,18,15,12,
2026_07_15_01_26_56,000112,4,all-cavs,selective_edgecooper_global,grid,,,,,,,singleton,20,60.0,4,4;12;7;1,12;7;1,"{""1"": 1, ""7"": 1, ""12"": 1}","{""1"": 1186, ""4"": 4850, ""7"": 1431, ""12"": 1669}",68576,3.814015572858732,10,40.0,ns3,899,0.5,10,12,28,,,[],[],,12;7;1,15,37,
2026_07_15_01_26_56,000112,5,all-cavs,selective_edgecooper_global,grid,,,,,,,singleton,20,60.0,5,5;9;17,9;17,"{""9"": 1, ""17"": 1}","{""5"": 4910, ""9"": 1616, ""17"": 1080}",43136,2.3991101223581754,10,40.0,ns3,899,0.5,10,12,28,,,[],[],,9;17,13,32,
2026_07_15_01_26_56,000112,6,all-cavs,selective_edgecooper_global,grid,,,,,,,singleton,20,60.0,6,6;15,15,"{""15"": 1}","{""6"": 4686, ""15"": 3183}",50928,2.8324805339265855,10,40.0,ns3,899,0.5,10,12,28,,,[],[],,15,12,24,
2026_07_15_01_26_56,000112,7,all-cavs,selective_edgecooper_global,grid,,,,,,,singleton,20,60.0,7,7;5;12,5;12,"{""5"": 1, ""12"": 1}","{""5"": 2867, ""7"": 4917, ""12"": 1669}",72576,4.036484983314794,10,40.0,ns3,899,0.5,10,12,28,,,[],[],,5;12,16,27,
2026_07_15_01_26_56,000112,8,all-cavs,selective_edgecooper_global,grid,,,,,,,singleton,20,60.0,8,8;12;11;1,12;11;1,"{""1"": 1, ""11"": 1, ""12"": 1}","{""1"": 1186, ""8"": 4834, ""11"": 1586, ""12"": 1669}",71056,3.951946607341491,10,40.0,ns3,899,0.5,10,12,28,,,[],[],,12;11;1,17,39,
2026_07_15_01_26_56,000112,9,all-cavs,selective_edgecooper_global,grid,,,,,,,singleton,20,60.0,9,9;13,13,"{""13"": 1}","{""9"": 4855, ""13"": 1257}",20112,1.118576195773081,10,40.0,ns3,899,0.5,10,12,28,,,[],[],,13,13,28,
2026_07_15_01_26_56,000112,10,all-cavs,selective_edgecooper_global,grid,,,,,,,singleton,20,60.0,10,10;8;19;5,8;19;5,"{""5"": 1, ""8"": 1, ""19"": 1}","{""5"": 2867, ""8"": 3371, ""10"": 4928, ""19"": 3191}",150864,8.390656284760844,10,40.0,ns3,899,0.5,10,12,28,,,[],[],,8;19;5,20,43,
2026_07_15_01_26_56,000112,11,all-cavs,selective_edgecooper_global,grid,,,,,,,singleton,20,60.0,11,11;9;1;2,9;1;2,"{""1"": 1, ""2"": 1, ""9"": 1}","{""1"": 1186, ""2"": 480, ""9"": 1616, ""11"": 4912}",52512,2.920578420467186,10,40.0,ns3,899,0.5,10,12,28,,,[],[],,9;1;2,17,53,
2026_07_15_01_26_56,000112,12,all-cavs,selective_edgecooper_global,grid,,,,,,,singleton,20,60.0,12,12;8;7,8;7,"{""7"": 1, ""8"": 1}","{""7"": 1431, ""8"": 3371, ""12"": 5013}",76832,4.273192436040045,10,40.0,ns3,899,0.5,10,12,28,,,[],[],,8;7,9,35,
2026_07_15_01_26_56,000112,13,all-cavs,selective_edgecooper_global,grid,,,,,,,singleton,20,60.0,13,13;19;9;10,19;9;10,"{""9"": 2, ""10"": 1, ""19"": 1}","{""9"": 1623, ""10"": 1218, ""13"": 4707, ""19"": 3191}",96512,5.3677419354838705,10,40.0,ns3,899,0.5,10,12,28,,,[],[],,19;9;10,11,38,
2026_07_15_01_26_56,000112,14,all-cavs,selective_edgecooper_global,grid,,,,,,,singleton,20,60.0,14,14,,{},"{""14"": 4813}",0,0.0,10,40.0,ns3,899,0.5,10,12,28,,,[],[],,,3,1,
2026_07_15_01_26_56,000112,15,all-cavs,selective_edgecooper_global,grid,,,,,,,singleton,20,60.0,15,15;2;6,2;6,"{""2"": 1, ""6"": 1}","{""2"": 1769, ""6"": 1615, ""15"": 4776}",54144,3.011345939933259,10,40.0,ns3,899,0.5,10,12,28,,,[],[],,2;6,14,35,
2026_07_15_01_26_56,000112,16,all-cavs,selective_edgecooper_global,grid,,,,,,,singleton,20,60.0,16,16,,{},"{""16"": 4976}",0,0.0,10,40.0,ns3,899,0.5,10,12,28,,,[],[],,,17,21,
2026_07_15_01_26_56,000112,17,all-cavs,selective_edgecooper_global,grid,,,,,,,singleton,20,60.0,17,17;7,7,"{""7"": 1}","{""7"": 1431, ""17"": 4995}",22896,1.2734149054505006,10,40.0,ns3,899,0.5,10,12,28,,,[],[],,7,17,16,
2026_07_15_01_26_56,000112,18,all-cavs,selective_edgecooper_global,grid,,,,,,,singleton,20,60.0,18,18,,{},"{""18"": 4899}",0,0.0,10,40.0,ns3,899,0.5,10,12,28,,,[],[],,,11,8,
2026_07_15_01_26_56,000112,19,all-cavs,selective_edgecooper_global,grid,,,,,,,singleton,20,60.0,19,19;13;10,13;10,"{""10"": 1, ""13"": 1}","{""10"": 1218, ""13"": 1257, ""19"": 4827}",39600,2.202447163515017,10,40.0,ns3,899,0.5,10,12,28,,,[],[],,13;10,11,36,
2026_07_15_01_26_56,000112,20,all-cavs,selective_edgecooper_global,grid,,,,,,,singleton,20,60.0,20,20;19;5,19;5,"{""5"": 2, ""19"": 1}","{""5"": 247, ""19"": 3191, ""20"": 4898}",55008,3.0593993325917688,10,40.0,ns3,899,0.5,10,12,28,,,[],[],,19;5,18,37,
2026_07_15_01_26_56,000114,1,all-cavs,selective_edgecooper_global,grid,,,,,,,singleton,20,60.0,1,1;8;15;11,8;15;11,"{""8"": 3, ""11"": 1, ""15"": 1}","{""1"": 4926, ""8"": 3519, ""11"": 1586, ""15"": 3183}",132608,7.375305895439377,10,40.0,ns3,899,0.5,10,12,28,,,[],[],,8;15;11,15,43,
2026_07_15_01_26_56,000114,2,all-cavs,selective_edgecooper_global,grid,,,,,,,singleton,20,60.0,2,2;15;10,15;10,"{""10"": 1, ""15"": 1}","{""2"": 4858, ""10"": 1222, ""15"": 3183}",70480,3.919911012235817,10,40.0,ns3,899,0.5,10,12,28,,,[],[],,15;10,16,42,
2026_07_15_01_26_56,000114,3,all-cavs,selective_edgecooper_global,grid,,,,,,,singleton,20,60.0,3,3;18,18,"{""18"": 1}","{""3"": 4978, ""18"": 3405}",54480,3.0300333704115685,10,40.0,ns3,899,0.5,10,12,28,,,[],[],,18,14,13,
2026_07_15_01_26_56,000114,4,all-cavs,selective_edgecooper_global,grid,,,,,,,singleton,20,60.0,4,4;12;7;1,12;7;1,"{""1"": 1, ""7"": 1, ""12"": 1}","{""1"": 1186, ""4"": 4851, ""7"": 1431, ""12"": 1551}",66688,3.7090100111234707,10,40.0,ns3,899,0.5,10,12,28,,,[],[],,12;7;1,15,38,
2026_07_15_01_26_56,000114,5,all-cavs,selective_edgecooper_global,grid,,,,,,,singleton,20,60.0,5,5;9,9,"{""9"": 1}","{""5"": 4909, ""9"": 1616}",25856,1.4380422691879866,10,40.0,ns3,899,0.5,10,12,28,,,[],[],,9,14,26,
2026_07_15_01_26_56,000114,6,all-cavs,selective_edgecooper_global,grid,,,,,,,singleton,20,60.0,6,6;15,15,"{""15"": 1}","{""6"": 4680, ""15"": 3183}",50928,2.8324805339265855,10,40.0,ns3,899,0.5,10,12,28,,,[],[],,15,11,24,
2026_07_15_01_26_56,000114,7,all-cavs,selective_edgecooper_global,grid,,,,,,,singleton,20,60.0,7,7;5;12,5;12,"{""5"": 1, ""12"": 1}","{""5"": 3159, ""7"": 4919, ""12"": 1551}",75360,4.1913236929922135,10,40.0,ns3,899,0.5,10,12,28,,,[],[],,5;12,14,30,
2026_07_15_01_26_56,000114,8,all-cavs,selective_edgecooper_global,grid,,,,,,,singleton,20,60.0,8,8;2;11,2;11,"{""2"": 1, ""11"": 1}","{""2"": 1767, ""8"": 4834, ""11"": 1586}",53648,2.983759733036708,10,40.0,ns3,899,0.5,10,12,28,,,[],[],,2;11,18,38,
2026_07_15_01_26_56,000114,9,all-cavs,selective_edgecooper_global,grid,,,,,,,singleton,20,60.0,9,9;13,13,"{""13"": 1}","{""9"": 4854, ""13"": 1241}",19856,1.1043381535038932,10,40.0,ns3,899,0.5,10,12,28,,,[],[],,13,13,28,
2026_07_15_01_26_56,000114,10,all-cavs,selective_edgecooper_global,grid,,,,,,,singleton,20,60.0,10,10;8;19;5,8;19;5,"{""5"": 1, ""8"": 1, ""19"": 1}","{""5"": 3159, ""8"": 3371, ""10"": 4928, ""19"": 3191}",155536,8.650500556173526,10,40.0,ns3,899,0.5,10,12,28,,,[],[],,8;19;5,20,43,
2026_07_15_01_26_56,000114,11,all-cavs,selective_edgecooper_global,grid,,,,,,,singleton,20,60.0,11,11;9;2,9;2,"{""2"": 1, ""9"": 1}","{""2"": 481, ""9"": 1616, ""11"": 4911}",33552,1.8660734149054505,10,40.0,ns3,899,0.5,10,12,28,,,[],[],,9;2,19,49,
2026_07_15_01_26_56,000114,12,all-cavs,selective_edgecooper_global,grid,,,,,,,singleton,20,60.0,12,12;8;7,8;7,"{""7"": 1, ""8"": 1}","{""7"": 1431, ""8"": 3371, ""12"": 5019}",76832,4.273192436040045,10,40.0,ns3,899,0.5,10,12,28,,,[],[],,8;7,10,36,
2026_07_15_01_26_56,000114,13,all-cavs,selective_edgecooper_global,grid,,,,,,,singleton,20,60.0,13,13;19;9;10,19;9;10,"{""9"": 1, ""10"": 1, ""19"": 1}","{""9"": 1616, ""10"": 1222, ""13"": 4726, ""19"": 3191}",96464,5.3650723025583975,10,40.0,ns3,899,0.5,10,12,28,,,[],[],,19;9;10,10,39,
2026_07_15_01_26_56,000114,14,all-cavs,selective_edgecooper_global,grid,,,,,,,singleton,20,60.0,14,14,,{},"{""14"": 4823}",0,0.0,10,40.0,ns3,899,0.5,10,12,28,,,[],[],,,3,2,
2026_07_15_01_26_56,000114,15,all-cavs,selective_edgecooper_global,grid,,,,,,,singleton,20,60.0,15,15;2;6,2;6,"{""2"": 1, ""6"": 1}","{""2"": 1767, ""6"": 1555, ""15"": 4789}",53152,2.9561735261401556,10,40.0,ns3,899,0.5,10,12,28,,,[],[],,2;6,15,35,
2026_07_15_01_26_56,000114,16,all-cavs,selective_edgecooper_global,grid,,,,,,,singleton,20,60.0,16,16,,{},"{""16"": 4987}",0,0.0,10,40.0,ns3,899,0.5,10,12,28,,,[],[],,,15,21,
2026_07_15_01_26_56,000114,17,all-cavs,selective_edgecooper_global,grid,,,,,,,singleton,20,60.0,17,17;7,7,"{""7"": 1}","{""7"": 1431, ""17"": 5006}",22896,1.2734149054505006,10,40.0,ns3,899,0.5,10,12,28,,,[],[],,7,15,17,
2026_07_15_01_26_56,000114,18,all-cavs,selective_edgecooper_global,grid,,,,,,,singleton,20,60.0,18,18,,{},"{""18"": 4917}",0,0.0,10,40.0,ns3,899,0.5,10,12,28,,,[],[],,,10,9,
2026_07_15_01_26_56,000114,19,all-cavs,selective_edgecooper_global,grid,,,,,,,singleton,20,60.0,19,19;13;10,13;10,"{""10"": 1, ""13"": 1}","{""10"": 1222, ""13"": 1241, ""19"": 4828}",39408,2.191768631813126,10,40.0,ns3,899,0.5,10,12,28,,,[],[],,13;10,9,36,
2026_07_15_01_26_56,000114,20,all-cavs,selective_edgecooper_global,grid,,,,,,,singleton,20,60.0,20,20;19,19,"{""19"": 1}","{""19"": 3191, ""20"": 4899}",51056,2.8395995550611794,10,40.0,ns3,899,0.5,10,12,28,,,[],[],,19,18,27,
2026_07_15_01_26_56,000116,1,all-cavs,selective_edgecooper_global,grid,,,,,,,singleton,20,60.0,1,1;8;15;11,8;15;11,"{""8"": 1, ""11"": 1, ""15"": 1}","{""1"": 4926, ""8"": 3371, ""11"": 1586, ""15"": 3180}",130192,7.240934371523916,10,40.0,ns3,899,0.5,10,12,28,,,[],[],,8;15;11,17,43,
2026_07_15_01_26_56,000116,2,all-cavs,selective_edgecooper_global,grid,,,,,,,singleton,20,60.0,2,2;15;10,15;10,"{""10"": 1, ""15"": 1}","{""2"": 4858, ""10"": 1228, ""15"": 3180}",70528,3.92258064516129,10,40.0,ns3,899,0.5,10,12,28,,,[],[],,15;10,15,43,
2026_07_15_01_26_56,000116,3,all-cavs,selective_edgecooper_global,grid,,,,,,,singleton,20,60.0,3,3;18;16,18;16,"{""16"": 1, ""18"": 1}","{""3"": 4990, ""16"": 898, ""18"": 3412}",68960,3.8353726362625142,10,40.0,ns3,899,0.5,10,12,28,,,[],[],,18;16,13,26,
2026_07_15_01_26_56,000116,4,all-cavs,selective_edgecooper_global,grid,,,,,,,singleton,20,60.0,4,4;7;12;1,7;12;1,"{""1"": 1, ""7"": 1, ""12"": 1}","{""1"": 1186, ""4"": 4849, ""7"": 1431, ""12"": 1431}",64768,3.6022246941045606,10,40.0,ns3,899,0.5,10,12,28,,,[],[],,7;12;1,14,38,
2026_07_15_01_26_56,000116,5,all-cavs,selective_edgecooper_global,grid,,,,,,,singleton,20,60.0,5,5;9,9,"{""9"": 1}","{""5"": 4920, ""9"": 1616}",25856,1.4380422691879866,10,40.0,ns3,899,0.5,10,12,28,,,[],[],,9,12,24,
2026_07_15_01_26_56,000116,6,all-cavs,selective_edgecooper_global,grid,,,,,,,singleton,20,60.0,6,6;15,15,"{""15"": 1}","{""6"": 4710, ""15"": 3180}",50880,2.829810901001112,10,40.0,ns3,899,0.5,10,12,28,,,[],[],,15,10,24,
2026_07_15_01_26_56,000116,7,all-cavs,selective_edgecooper_global,grid,,,,,,,singleton,20,60.0,7,7;5;12,5;12,"{""5"": 1, ""12"": 1}","{""5"": 3166, ""7"": 4918, ""12"": 1431}",73552,4.090767519466074,10,40.0,ns3,899,0.5,10,12,28,,,[],[],,5;12,15,29,
2026_07_15_01_26_56,000116,8,all-cavs,selective_edgecooper_global,grid,,,,,,,singleton,20,60.0,8,8;2;11,2;11,"{""2"": 1, ""11"": 1}","{""2"": 1763, ""8"": 4836, ""11"": 1586}",53584,2.980200222469411,10,40.0,ns3,899,0.5,10,12,28,,,[],[],,2;11,19,38,
2026_07_15_01_26_56,000116,9,all-cavs,selective_edgecooper_global,grid,,,,,,,singleton,20,60.0,9,9;13,13,"{""13"": 1}","{""9"": 4853, ""13"": 1226}",19616,1.0909899888765293,10,40.0,ns3,899,0.5,10,12,28,,,[],[],,13,12,29,
2026_07_15_01_26_56,000116,10,all-cavs,selective_edgecooper_global,grid,,,,,,,singleton,20,60.0,10,10;8;19;5,8;19;5,"{""5"": 1, ""8"": 1, ""19"": 1}","{""5"": 3166, ""8"": 3371, ""10"": 4925, ""19"": 3191}",155648,8.656729699666295,10,40.0,ns3,899,0.5,10,12,28,,,[],[],,8;19;5,19,42,
2026_07_15_01_26_56,000116,11,all-cavs,selective_edgecooper_global,grid,,,,,,,singleton,20,60.0,11,11;9,9,"{""9"": 1}","{""9"": 1616, ""11"": 4911}",25856,1.4380422691879866,10,40.0,ns3,899,0.5,10,12,28,,,[],[],,9,18,32,
2026_07_15_01_26_56,000116,12,all-cavs,selective_edgecooper_global,grid,,,,,,,singleton,20,60.0,12,12;8;7,8;7,"{""7"": 1, ""8"": 1}","{""7"": 1431, ""8"": 3371, ""12"": 4999}",76832,4.273192436040045,10,40.0,ns3,899,0.5,10,12,28,,,[],[],,8;7,8,33,
2026_07_15_01_26_56,000116,13,all-cavs,selective_edgecooper_global,grid,,,,,,,singleton,20,60.0,13,13;19;9;10,19;9;10,"{""9"": 1, ""10"": 1, ""19"": 1}","{""9"": 1616, ""10"": 1228, ""13"": 4746, ""19"": 3191}",96560,5.370411568409343,10,40.0,ns3,899,0.5,10,12,28,,,[],[],,19;9;10,10,39,
2026_07_15_01_26_56,000116,14,all-cavs,selective_edgecooper_global,grid,,,,,,,singleton,20,60.0,14,14,,{},"{""14"": 4826}",0,0.0,10,40.0,ns3,899,0.5,10,12,28,,,[],[],,,4,2,
2026_07_15_01_26_56,000116,15,all-cavs,selective_edgecooper_global,grid,,,,,,,singleton,20,60.0,15,15;2;6,2;6,"{""2"": 1, ""6"": 1}","{""2"": 1763, ""6"": 1534, ""15"": 4804}",52752,2.9339265850945497,10,40.0,ns3,899,0.5,10,12,28,,,[],[],,2;6,14,36,
2026_07_15_01_26_56,000116,16,all-cavs,selective_edgecooper_global,grid,,,,,,,singleton,20,60.0,16,16,,{},"{""16"": 4994}",0,0.0,10,40.0,ns3,899,0.5,10,12,28,,,[],[],,,15,20,
2026_07_15_01_26_56,000116,17,all-cavs,selective_edgecooper_global,grid,,,,,,,singleton,20,60.0,17,17;7,7,"{""7"": 1}","{""7"": 1431, ""17"": 5014}",22896,1.2734149054505006,10,40.0,ns3,899,0.5,10,12,28,,,[],[],,7,17,17,
2026_07_15_01_26_56,000116,18,all-cavs,selective_edgecooper_global,grid,,,,,,,singleton,20,60.0,18,18,,{},"{""18"": 4888}",0,0.0,10,40.0,ns3,899,0.5,10,12,28,,,[],[],,,10,8,
2026_07_15_01_26_56,000116,19,all-cavs,selective_edgecooper_global,grid,,,,,,,singleton,20,60.0,19,19;13;10,13;10,"{""10"": 1, ""13"": 1}","{""10"": 1228, ""13"": 1226, ""19"": 4829}",39264,2.183759733036707,10,40.0,ns3,899,0.5,10,12,28,,,[],[],,13;10,10,37,
2026_07_15_01_26_56,000116,20,all-cavs,selective_edgecooper_global,grid,,,,,,,singleton,20,60.0,20,20;19,19,"{""19"": 1}","{""19"": 3191, ""20"": 4899}",51056,2.8395995550611794,10,40.0,ns3,899,0.5,10,12,28,,,[],[],,19,18,27,
2026_07_15_01_26_56,000118,1,all-cavs,selective_edgecooper_global,grid,,,,,,,singleton,20,60.0,1,1;8;15;11,8;15;11,"{""8"": 1, ""11"": 1, ""15"": 1}","{""1"": 4927, ""8"": 3371, ""11"": 1586, ""15"": 3185}",130272,7.245383759733037,10,40.0,ns3,899,0.5,10,12,28,,,[],[],,8;15;11,19,43,
2026_07_15_01_26_56,000118,2,all-cavs,selective_edgecooper_global,grid,,,,,,,singleton,20,60.0,2,2;15;10,15;10,"{""10"": 1, ""15"": 1}","{""2"": 4868, ""10"": 1230, ""15"": 3185}",70640,3.9288097886540596,10,40.0,ns3,899,0.5,10,12,28,,,[],[],,15;10,15,44,
2026_07_15_01_26_56,000118,3,all-cavs,selective_edgecooper_global,grid,,,,,,,singleton,20,60.0,3,3;18,18,"{""18"": 1}","{""3"": 4987, ""18"": 3419}",54704,3.042491657397108,10,40.0,ns3,899,0.5,10,12,28,,,[],[],,18,14,11,
2026_07_15_01_26_56,000118,4,all-cavs,selective_edgecooper_global,grid,,,,,,,singleton,20,60.0,4,4;7;12;1,7;12;1,"{""1"": 1, ""7"": 1, ""12"": 1}","{""1"": 1186, ""4"": 4849, ""7"": 1431, ""12"": 1284}",62416,3.4714126807563956,10,40.0,ns3,899,0.5,10,12,28,,,[],[],,7;12;1,16,38,
2026_07_15_01_26_56,000118,5,all-cavs,selective_edgecooper_global,grid,,,,,,,singleton,20,60.0,5,5;9,9,"{""9"": 1}","{""5"": 4904, ""9"": 1616}",25856,1.4380422691879866,10,40.0,ns3,899,0.5,10,12,28,,,[],[],,9,16,22,
2026_07_15_01_26_56,000118,6,all-cavs,selective_edgecooper_global,grid,,,,,,,singleton,20,60.0,6,6;15,15,"{""15"": 1}","{""6"": 4718, ""15"": 3185}",50960,2.834260289210234,10,40.0,ns3,899,0.5,10,12,28,,,[],[],,15,11,23,
2026_07_15_01_26_56,000118,7,all-cavs,selective_edgecooper_global,grid,,,,,,,singleton,20,60.0,7,7;5;12,5;12,"{""5"": 1, ""12"": 1}","{""5"": 3164, ""7"": 4916, ""12"": 1284}",71168,3.9581757508342608,10,40.0,ns3,899,0.5,10,12,28,,,[],[],,5;12,14,29,
2026_07_15_01_26_56,000118,8,all-cavs,selective_edgecooper_global,grid,,,,,,,singleton,20,60.0,8,8;2;11,2;11,"{""2"": 1, ""11"": 1}","{""2"": 1759, ""8"": 4838, ""11"": 1586}",53520,2.976640711902114,10,40.0,ns3,899,0.5,10,12,28,,,[],[],,2;11,19,38,
2026_07_15_01_26_56,000118,9,all-cavs,selective_edgecooper_global,grid,,,,,,,singleton,20,60.0,9,9;13,13,"{""13"": 1}","{""9"": 4853, ""13"": 1192}",19072,1.060734149054505,10,40.0,ns3,899,0.5,10,12,28,,,[],[],,13,12,28,
2026_07_15_01_26_56,000118,10,all-cavs,selective_edgecooper_global,grid,,,,,,,singleton,20,60.0,10,10;8;19;5,8;19;5,"{""5"": 1, ""8"": 1, ""19"": 1}","{""5"": 3164, ""8"": 3371, ""10"": 4926, ""19"": 3191}",155616,8.654949944382647,10,40.0,ns3,899,0.5,10,12,28,,,[],[],,8;19;5,19,43,
2026_07_15_01_26_56,000118,11,all-cavs,selective_edgecooper_global,grid,,,,,,,singleton,20,60.0,11,11;9,9,"{""9"": 1}","{""9"": 1616, ""11"": 4914}",25856,1.4380422691879866,10,40.0,ns3,899,0.5,10,12,28,,,[],[],,9,17,31,
2026_07_15_01_26_56,000118,12,all-cavs,selective_edgecooper_global,grid,,,,,,,singleton,20,60.0,12,12;8;7,8;7,"{""7"": 1, ""8"": 1}","{""7"": 1431, ""8"": 3371, ""12"": 5018}",76832,4.273192436040045,10,40.0,ns3,899,0.5,10,12,28,,,[],[],,8;7,10,34,
2026_07_15_01_26_56,000118,13,all-cavs,selective_edgecooper_global,grid,,,,,,,singleton,20,60.0,13,13;19;9;10,19;9;10,"{""9"": 1, ""10"": 1, ""19"": 1}","{""9"": 1616, ""10"": 1230, ""13"": 4711, ""19"": 3191}",96592,5.3721913236929915,10,40.0,ns3,899,0.5,10,12,28,,,[],[],,19;9;10,12,38,
2026_07_15_01_26_56,000118,14,all-cavs,selective_edgecooper_global,grid,,,,,,,singleton,20,60.0,14,14,,{},"{""14"": 4863}",0,0.0,10,40.0,ns3,899,0.5,10,12,28,,,[],[],,,4,1,
2026_07_15_01_26_56,000118,15,all-cavs,selective_edgecooper_global,grid,,,,,,,singleton,20,60.0,15,15;2;6;1,2;6;1,"{""1"": 1, ""2"": 1, ""6"": 1}","{""1"": 1186, ""2"": 1759, ""6"": 1489, ""15"": 4815}",70944,3.9457174638487214,10,40.0,ns3,899,0.5,10,12,28,,,[],[],,2;6;1,15,41,
2026_07_15_01_26_56,000118,16,all-cavs,selective_edgecooper_global,grid,,,,,,,singleton,20,60.0,16,16,,{},"{""16"": 4998}",0,0.0,10,40.0,ns3,899,0.5,10,12,28,,,[],[],,,11,21,
2026_07_15_01_26_56,000118,17,all-cavs,selective_edgecooper_global,grid,,,,,,,singleton,20,60.0,17,17;7,7,"{""7"": 1}","{""7"": 1431, ""17"": 5023}",22896,1.2734149054505006,10,40.0,ns3,899,0.5,10,12,28,,,[],[],,7,15,17,
2026_07_15_01_26_56,000118,18,all-cavs,selective_edgecooper_global,grid,,,,,,,singleton,20,60.0,18,18,,{},"{""18"": 4898}",0,0.0,10,40.0,ns3,899,0.5,10,12,28,,,[],[],,,10,7,
2026_07_15_01_26_56,000118,19,all-cavs,selective_edgecooper_global,grid,,,,,,,singleton,20,60.0,19,19;10;13,10;13,"{""10"": 1, ""13"": 1}","{""10"": 1230, ""13"": 1192, ""19"": 4828}",38752,2.1552836484983313,10,40.0,ns3,899,0.5,10,12,28,,,[],[],,10;13,8,37,
2026_07_15_01_26_56,000118,20,all-cavs,selective_edgecooper_global,grid,,,,,,,singleton,20,60.0,20,20;19;5,19;5,"{""5"": 2, ""19"": 1}","{""5"": 103, ""19"": 3191, ""20"": 4899}",52704,2.931256952169077,10,40.0,ns3,899,0.5,10,12,28,,,[],[],,19;5,18,35,
2026_07_15_01_26_56,000120,1,all-cavs,selective_edgecooper_global,grid,,,,,,,singleton,20,60.0,1,1;8;15;11,8;15;11,"{""8"": 1, ""11"": 1, ""15"": 1}","{""1"": 4928, ""8"": 3371, ""11"": 1586, ""15"": 3184}",130256,7.244493882091213,10,40.0,ns3,899,0.5,10,12,28,,,[],[],,8;15;11,18,42,
2026_07_15_01_26_56,000120,2,all-cavs,selective_edgecooper_global,grid,,,,,,,singleton,20,60.0,2,2;15;10,15;10,"{""10"": 1, ""15"": 1}","{""2"": 4867, ""10"": 1230, ""15"": 3184}",70624,3.9279199110122356,10,40.0,ns3,899,0.5,10,12,28,,,[],[],,15;10,15,44,
2026_07_15_01_26_56,000120,3,all-cavs,selective_edgecooper_global,grid,,,,,,,singleton,20,60.0,3,3;18,18,"{""18"": 2}","{""3"": 4986, ""18"": 3627}",58032,3.2275862068965515,10,40.0,ns3,899,0.5,10,12,28,,,[],[],,18,13,12,
2026_07_15_01_26_56,000120,4,all-cavs,selective_edgecooper_global,grid,,,,,,,singleton,20,60.0,4,4;7;12;1,7;12;1,"{""1"": 1, ""7"": 1, ""12"": 1}","{""1"": 1186, ""4"": 4848, ""7"": 1431, ""12"": 1206}",61168,3.402002224694104,10,40.0,ns3,899,0.5,10,12,28,,,[],[],,7;12;1,16,38,
2026_07_15_01_26_56,000120,5,all-cavs,selective_edgecooper_global,grid,,,,,,,singleton,20,60.0,5,5;9,9,"{""9"": 1}","{""5"": 4901, ""9"": 1614}",25824,1.4362625139043381,10,40.0,ns3,899,0.5,10,12,28,,,[],[],,9,13,22,
2026_07_15_01_26_56,000120,6,all-cavs,selective_edgecooper_global,grid,,,,,,,singleton,20,60.0,6,6;15,15,"{""15"": 1}","{""6"": 4711, ""15"": 3184}",50944,2.8333704115684095,10,40.0,ns3,899,0.5,10,12,28,,,[],[],,15,10,23,
2026_07_15_01_26_56,000120,7,all-cavs,selective_edgecooper_global,grid,,,,,,,singleton,20,60.0,7,7;5;12,5;12,"{""5"": 1, ""12"": 1}","{""5"": 3164, ""7"": 4915, ""12"": 1206}",69920,3.888765294771969,10,40.0,ns3,899,0.5,10,12,28,,,[],[],,5;12,14,30,
2026_07_15_01_26_56,000120,8,all-cavs,selective_edgecooper_global,grid,,,,,,,singleton,20,60.0,8,8;2;11,2;11,"{""2"": 1, ""11"": 1}","{""2"": 1757, ""8"": 4837, ""11"": 1586}",53488,2.9748609566184654,10,40.0,ns3,899,0.5,10,12,28,,,[],[],,2;11,18,37,
2026_07_15_01_26_56,000120,9,all-cavs,selective_edgecooper_global,grid,,,,,,,singleton,20,60.0,9,9,,{},"{""9"": 4854}",0,0.0,10,40.0,ns3,899,0.5,10,12,28,,,[],[],,,13,17,
2026_07_15_01_26_56,000120,10,all-cavs,selective_edgecooper_global,grid,,,,,,,singleton,20,60.0,10,10;8;19;5,8;19;5,"{""5"": 1, ""8"": 1, ""19"": 1}","{""5"": 3164, ""8"": 3371, ""10"": 4927, ""19"": 3191}",155616,8.654949944382647,10,40.0,ns3,899,0.5,10,12,28,,,[],[],,8;19;5,19,43,
2026_07_15_01_26_56,000120,11,all-cavs,selective_edgecooper_global,grid,,,,,,,singleton,20,60.0,11,11;9;1,9;1,"{""1"": 1, ""9"": 1}","{""1"": 1186, ""9"": 1614, ""11"": 4913}",44800,2.4916573971078977,10,40.0,ns3,899,0.5,10,12,28,,,[],[],,9;1,18,43,
2026_07_15_01_26_56,000120,12,all-cavs,selective_edgecooper_global,grid,,,,,,,singleton,20,60.0,12,12;8;7,8;7,"{""7"": 1, ""8"": 1}","{""7"": 1431, ""8"": 3371, ""12"": 5020}",76832,4.273192436040045,10,40.0,ns3,899,0.5,10,12,28,,,[],[],,8;7,12,33,
2026_07_15_01_26_56,000120,13,all-cavs,selective_edgecooper_global,grid,,,,,,,singleton,20,60.0,13,13;19;9;10,19;9;10,"{""9"": 2, ""10"": 1, ""19"": 1}","{""9"": 1618, ""10"": 1230, ""13"": 4704, ""19"": 3191}",96624,5.37397107897664,10,40.0,ns3,899,0.5,10,12,28,,,[],[],,19;9;10,8,38,
2026_07_15_01_26_56,000120,14,all-cavs,selective_edgecooper_global,grid,,,,,,,singleton,20,60.0,14,14,,{},"{""14"": 4863}",0,0.0,10,40.0,ns3,899,0.5,10,12,28,,,[],[],,,3,1,
2026_07_15_01_26_56,000120,15,all-cavs,selective_edgecooper_global,grid,,,,,,,singleton,20,60.0,15,15;2;6;1,2;6;1,"{""1"": 1, ""2"": 1, ""6"": 1}","{""1"": 1186, ""2"": 1757, ""6"": 1431, ""15"": 4811}",69984,3.892324805339266,10,40.0,ns3,899,0.5,10,12,28,,,[],[],,2;6;1,13,41,
2026_07_15_01_26_56,000120,16,all-cavs,selective_edgecooper_global,grid,,,,,,,singleton,20,60.0,16,16;3,3,"{""3"": 1}","{""3"": 1151, ""16"": 4996}",18416,1.0242491657397108,10,40.0,ns3,899,0.5,10,12,28,,,[],[],,3,14,24,
2026_07_15_01_26_56,000120,17,all-cavs,selective_edgecooper_global,grid,,,,,,,singleton,20,60.0,17,17;7,7,"{""7"": 1}","{""7"": 1431, ""17"": 5031}",22896,1.2734149054505006,10,40.0,ns3,899,0.5,10,12,28,,,[],[],,7,16,16,
2026_07_15_01_26_56,000120,18,all-cavs,selective_edgecooper_global,grid,,,,,,,singleton,20,60.0,18,18,,{},"{""18"": 4887}",0,0.0,10,40.0,ns3,899,0.5,10,12,28,,,[],[],,,11,8,
2026_07_15_01_26_56,000120,19,all-cavs,selective_edgecooper_global,grid,,,,,,,singleton,20,60.0,19,19;10,10,"{""10"": 1}","{""10"": 1230, ""19"": 4830}",19680,1.0945494994438265,10,40.0,ns3,899,0.5,10,12,28,,,[],[],,10,13,31,
2026_07_15_01_26_56,000120,20,all-cavs,selective_edgecooper_global,grid,,,,,,,singleton,20,60.0,20,20;19;5,19;5,"{""5"": 2, ""19"": 1}","{""5"": 165, ""19"": 3191, ""20"": 4901}",53696,2.9864293659621803,10,40.0,ns3,899,0.5,10,12,28,,,[],[],,19;5,17,35,
2026_07_15_01_26_56,000122,1,all-cavs,selective_edgecooper_global,grid,,,,,,,singleton,20,60.0,1,1;8;15;11,8;15;11,"{""8"": 3, ""11"": 1, ""15"": 1}","{""1"": 4925, ""8"": 3554, ""11"": 1586, ""15"": 3185}",133200,7.4082313681868746,10,40.0,ns3,899,0.5,10,12,28,,,[],[],,8;15;11,17,42,
2026_07_15_01_26_56,000122,2,all-cavs,selective_edgecooper_global,grid,,,,,,,singleton,20,60.0,2,2;15;10,15;10,"{""10"": 1, ""15"": 1}","{""2"": 4867, ""10"": 1230, ""15"": 3185}",70640,3.9288097886540596,10,40.0,ns3,899,0.5,10,12,28,,,[],[],,15;10,15,44,
2026_07_15_01_26_56,000122,3,all-cavs,selective_edgecooper_global,grid,,,,,,,singleton,20,60.0,3,3;18,18,"{""18"": 1}","{""3"": 4990, ""18"": 3422}",54752,3.0451612903225804,10,40.0,ns3,899,0.5,10,12,28,,,[],[],,18,13,11,
2026_07_15_01_26_56,000122,4,all-cavs,selective_edgecooper_global,grid,,,,,,,singleton,20,60.0,4,4;7;12;1,7;12;1,"{""1"": 1, ""7"": 1, ""12"": 1}","{""1"": 1186, ""4"": 4847, ""7"": 1431, ""12"": 1227}",61504,3.420689655172414,10,40.0,ns3,899,0.5,10,12,28,,,[],[],,7;12;1,15,39,
2026_07_15_01_26_56,000122,5,all-cavs,selective_edgecooper_global,grid,,,,,,,singleton,20,60.0,5,5;9,9,"{""9"": 1}","{""5"": 4902, ""9"": 1612}",25792,1.4344827586206896,10,40.0,ns3,899,0.5,10,12,28,,,[],[],,9,14,19,
2026_07_15_01_26_56,000122,6,all-cavs,selective_edgecooper_global,grid,,,,,,,singleton,20,60.0,6,6;15,15,"{""15"": 1}","{""6"": 4722, ""15"": 3185}",50960,2.834260289210234,10,40.0,ns3,899,0.5,10,12,28,,,[],[],,15,11,23,
2026_07_15_01_26_56,000122,7,all-cavs,selective_edgecooper_global,grid,,,,,,,singleton,20,60.0,7,7;5;12,5;12,"{""5"": 1, ""12"": 1}","{""5"": 3164, ""7"": 4915, ""12"": 1227}",70256,3.9074527252502778,10,40.0,ns3,899,0.5,10,12,28,,,[],[],,5;12,14,31,
2026_07_15_01_26_56,000122,8,all-cavs,selective_edgecooper_global,grid,,,,,,,singleton,20,60.0,8,8;2;11,2;11,"{""2"": 1, ""11"": 1}","{""2"": 1759, ""8"": 4838, ""11"": 1586}",53520,2.976640711902114,10,40.0,ns3,899,0.5,10,12,28,,,[],[],,2;11,18,37,
2026_07_15_01_26_56,000122,9,all-cavs,selective_edgecooper_global,grid,,,,,,,singleton,20,60.0,9,9,,{},"{""9"": 4851}",0,0.0,10,40.0,ns3,899,0.5,10,12,28,,,[],[],,,14,16,
2026_07_15_01_26_56,000122,10,all-cavs,selective_edgecooper_global,grid,,,,,,,singleton,20,60.0,10,10;8;19;5,8;19;5,"{""5"": 1, ""8"": 1, ""19"": 1}","{""5"": 3164, ""8"": 3371, ""10"": 4927, ""19"": 3191}",155616,8.654949944382647,10,40.0,ns3,899,0.5,10,12,28,,,[],[],,8;19;5,20,39,
2026_07_15_01_26_56,000122,11,all-cavs,selective_edgecooper_global,grid,,,,,,,singleton,20,60.0,11,11;9,9,"{""9"": 1}","{""9"": 1612, ""11"": 4911}",25792,1.4344827586206896,10,40.0,ns3,899,0.5,10,12,28,,,[],[],,9,17,30,
2026_07_15_01_26_56,000122,12,all-cavs,selective_edgecooper_global,grid,,,,,,,singleton,20,60.0,12,12;8;7,8;7,"{""7"": 1, ""8"": 1}","{""7"": 1431, ""8"": 3371, ""12"": 5019}",76832,4.273192436040045,10,40.0,ns3,899,0.5,10,12,28,,,[],[],,8;7,9,33,
2026_07_15_01_26_56,000122,13,all-cavs,selective_edgecooper_global,grid,,,,,,,singleton,20,60.0,13,13;19;9;10,19;9;10,"{""9"": 2, ""10"": 1, ""19"": 1}","{""9"": 1617, ""10"": 1230, ""13"": 4698, ""19"": 3191}",96608,5.373081201334816,10,40.0,ns3,899,0.5,10,12,28,,,[],[],,19;9;10,8,38,
2026_07_15_01_26_56,000122,14,all-cavs,selective_edgecooper_global,grid,,,,,,,singleton,20,60.0,14,14,,{},"{""14"": 4861}",0,0.0,10,40.0,ns3,899,0.5,10,12,28,,,[],[],,,3,1,
2026_07_15_01_26_56,000122,15,all-cavs,selective_edgecooper_global,grid,,,,,,,singleton,20,60.0,15,15;2;6;1,2;6;1,"{""1"": 1, ""2"": 1, ""6"": 1}","{""1"": 1186, ""2"": 1759, ""6"": 1402, ""15"": 4812}",69552,3.868298109010011,10,40.0,ns3,899,0.5,10,12,28,,,[],[],,2;6;1,17,41,
2026_07_15_01_26_56,000122,16,all-cavs,selective_edgecooper_global,grid,,,,,,,singleton,20,60.0,16,16;3,3,"{""3"": 1}","{""3"": 1189, ""16"": 4999}",19024,1.0580645161290323,10,40.0,ns3,899,0.5,10,12,28,,,[],[],,3,13,24,
2026_07_15_01_26_56,000122,17,all-cavs,selective_edgecooper_global,grid,,,,,,,singleton,20,60.0,17,17;7,7,"{""7"": 1}","{""7"": 1431, ""17"": 5030}",22896,1.2734149054505006,10,40.0,ns3,899,0.5,10,12,28,,,[],[],,7,16,16,
2026_07_15_01_26_56,000122,18,all-cavs,selective_edgecooper_global,grid,,,,,,,singleton,20,60.0,18,18;3,3,"{""3"": 1}","{""3"": 1189, ""18"": 4895}",19024,1.0580645161290323,10,40.0,ns3,899,0.5,10,12,28,,,[],[],,3,10,11,
2026_07_15_01_26_56,000122,19,all-cavs,selective_edgecooper_global,grid,,,,,,,singleton,20,60.0,19,19;10,10,"{""10"": 1}","{""10"": 1230, ""19"": 4826}",19680,1.0945494994438265,10,40.0,ns3,899,0.5,10,12,28,,,[],[],,10,11,31,
2026_07_15_01_26_56,000122,20,all-cavs,selective_edgecooper_global,grid,,,,,,,singleton,20,60.0,20,20;19;5,19;5,"{""5"": 1, ""19"": 1}","{""5"": 131, ""19"": 3191, ""20"": 4897}",53152,2.9561735261401556,10,40.0,ns3,899,0.5,10,12,28,,,[],[],,19;5,18,33,
2026_07_15_01_26_56,000124,1,all-cavs,selective_edgecooper_global,grid,,,,,,,singleton,20,60.0,1,1;8;15,8;15,"{""8"": 2, ""15"": 1}","{""1"": 4925, ""8"": 3431, ""15"": 2712}",98288,5.466518353726363,10,40.0,ns3,899,0.5,10,12,28,,,[],[],,8;15,18,38,
2026_07_15_01_26_56,000124,2,all-cavs,selective_edgecooper_global,grid,,,,,,,singleton,20,60.0,2,2;8;15,8;15,"{""8"": 1, ""15"": 1}","{""2"": 4868, ""8"": 3371, ""15"": 2712}",97328,5.413125695216908,10,40.0,ns3,899,0.5,10,12,28,,,[],[],,8;15,15,41,
2026_07_15_01_26_56,000124,3,all-cavs,selective_edgecooper_global,grid,,,,,,,singleton,20,60.0,3,3;18;16,18;16,"{""16"": 1, ""18"": 1}","{""3"": 4995, ""16"": 1146, ""18"": 3419}",73040,4.0622914349276975,10,40.0,ns3,899,0.5,10,12,28,,,[],[],,18;16,12,27,
2026_07_15_01_26_56,000124,4,all-cavs,selective_edgecooper_global,grid,,,,,,,singleton,20,60.0,4,4;7;12;1,7;12;1,"{""1"": 1, ""7"": 1, ""12"": 1}","{""1"": 1186, ""4"": 4850, ""7"": 1431, ""12"": 1277}",62304,3.465183537263626,10,40.0,ns3,899,0.5,10,12,28,,,[],[],,7;12;1,16,39,
2026_07_15_01_26_56,000124,5,all-cavs,selective_edgecooper_global,grid,,,,,,,singleton,20,60.0,5,5;19,19,"{""19"": 1}","{""5"": 4870, ""19"": 3191}",51056,2.8395995550611794,10,40.0,ns3,899,0.5,10,12,28,,,[],[],,19,18,19,
2026_07_15_01_26_56,000124,6,all-cavs,selective_edgecooper_global,grid,,,,,,,singleton,20,60.0,6,6;15,15,"{""15"": 1}","{""6"": 4737, ""15"": 2712}",43392,2.413348164627364,10,40.0,ns3,899,0.5,10,12,28,,,[],[],,15,11,23,
2026_07_15_01_26_56,000124,7,all-cavs,selective_edgecooper_global,grid,,,,,,,singleton,20,60.0,7,7;5,5,"{""5"": 1}","{""5"": 3164, ""7"": 4910}",50624,2.815572858731924,10,40.0,ns3,899,0.5,10,12,28,,,[],[],,5,13,25,
2026_07_15_01_26_56,000124,8,all-cavs,selective_edgecooper_global,grid,,,,,,,singleton,20,60.0,8,8;2;11;10,2;11;10,"{""2"": 1, ""10"": 1, ""11"": 1}","{""2"": 1759, ""8"": 4840, ""10"": 1230, ""11"": 1586}",73200,4.0711902113459395,10,40.0,ns3,899,0.5,10,12,28,,,[],[],,2;11;10,20,39,
2026_07_15_01_26_56,000124,9,all-cavs,selective_edgecooper_global,grid,,,,,,,singleton,20,60.0,9,9;11,11,"{""11"": 1}","{""9"": 4854, ""11"": 1586}",25376,1.411345939933259,10,40.0,ns3,899,0.5,10,12,28,,,[],[],,11,16,27,
2026_07_15_01_26_56,000124,10,all-cavs,selective_edgecooper_global,grid,,,,,,,singleton,20,60.0,10,10;8;19;5,8;19;5,"{""5"": 1, ""8"": 1, ""19"": 1}","{""5"": 3164, ""8"": 3371, ""10"": 4926, ""19"": 3191}",155616,8.654949944382647,10,40.0,ns3,899,0.5,10,12,28,,,[],[],,8;19;5,20,39,
2026_07_15_01_26_56,000124,11,all-cavs,selective_edgecooper_global,grid,,,,,,,singleton,20,60.0,11,11;9;1,9;1,"{""1"": 1, ""9"": 1}","{""1"": 1186, ""9"": 1610, ""11"": 4910}",44736,2.4880978865406007,10,40.0,ns3,899,0.5,10,12,28,,,[],[],,9;1,18,43,
2026_07_15_01_26_56,000124,12,all-cavs,selective_edgecooper_global,grid,,,,,,,singleton,20,60.0,12,12,,{},"{""12"": 4985}",0,0.0,10,40.0,ns3,899,0.5,10,12,28,,,[],[],,,9,10,
2026_07_15_01_26_56,000124,13,all-cavs,selective_edgecooper_global,grid,,,,,,,singleton,20,60.0,13,13;19;9;10,19;9;10,"{""9"": 2, ""10"": 1, ""19"": 1}","{""9"": 1612, ""10"": 1230, ""13"": 4711, ""19"": 3191}",96528,5.3686318131256945,10,40.0,ns3,899,0.5,10,12,28,,,[],[],,19;9;10,10,38,
2026_07_15_01_26_56,000124,14,all-cavs,selective_edgecooper_global,grid,,,,,,,singleton,20,60.0,14,14,,{},"{""14"": 4828}",0,0.0,10,40.0,ns3,899,0.5,10,12,28,,,[],[],,,2,1,
2026_07_15_01_26_56,000124,15,all-cavs,selective_edgecooper_global,grid,,,,,,,singleton,20,60.0,15,15;2;6;1,2;6;1,"{""1"": 1, ""2"": 1, ""6"": 1}","{""1"": 1186, ""2"": 1759, ""6"": 1331, ""15"": 4813}",68416,3.8051167964404895,10,40.0,ns3,899,0.5,10,12,28,,,[],[],,2;6;1,18,41,
2026_07_15_01_26_56,000124,16,all-cavs,selective_edgecooper_global,grid,,,,,,,singleton,20,60.0,16,16;3,3,"{""3"": 1}","{""3"": 1210, ""16"": 5015}",19360,1.0767519466073414,10,40.0,ns3,899,0.5,10,12,28,,,[],[],,3,16,25,
2026_07_15_01_26_56,000124,17,all-cavs,selective_edgecooper_global,grid,,,,,,,singleton,20,60.0,17,17;7;3,7;3,"{""3"": 1, ""7"": 1}","{""3"": 1210, ""7"": 1431, ""17"": 5029}",42256,2.3501668520578423,10,40.0,ns3,899,0.5,10,12,28,,,[],[],,7;3,14,21,
2026_07_15_01_26_56,000124,18,all-cavs,selective_edgecooper_global,grid,,,,,,,singleton,20,60.0,18,18;3,3,"{""3"": 1}","{""3"": 1210, ""18"": 4891}",19360,1.0767519466073414,10,40.0,ns3,899,0.5,10,12,28,,,[],[],,3,9,12,
2026_07_15_01_26_56,000124,19,all-cavs,selective_edgecooper_global,grid,,,,,,,singleton,20,60.0,19,19;10;20,10;20,"{""10"": 1, ""20"": 1}","{""10"": 1230, ""19"": 4829, ""20"": 959}",35024,1.9479421579532814,10,40.0,ns3,899,0.5,10,12,28,,,[],[],,10;20,11,38,
2026_07_15_01_26_56,000124,20,all-cavs,selective_edgecooper_global,grid,,,,,,,singleton,20,60.0,20,20;7,7,"{""7"": 1}","{""7"": 1431, ""20"": 4897}",22896,1.2734149054505006,10,40.0,ns3,899,0.5,10,12,28,,,[],[],,7,18,24,
2026_07_15_01_26_56,000126,1,all-cavs,selective_edgecooper_global,grid,,,,,,,singleton,20,60.0,1,1;8;15;11,8;15;11,"{""8"": 2, ""11"": 1, ""15"": 1}","{""1"": 4926, ""8"": 3384, ""11"": 1586, ""15"": 3100}",129120,7.18131256952169,10,40.0,ns3,899,0.5,10,12,28,,,[],[],,8;15;11,18,42,
2026_07_15_01_26_56,000126,2,all-cavs,selective_edgecooper_global,grid,,,,,,,singleton,20,60.0,2,2;15;10,15;10,"{""10"": 1, ""15"": 1}","{""2"": 4870, ""10"": 1229, ""15"": 3100}",69264,3.8522803114571746,10,40.0,ns3,899,0.5,10,12,28,,,[],[],,15;10,15,44,
2026_07_15_01_26_56,000126,3,all-cavs,selective_edgecooper_global,grid,,,,,,,singleton,20,60.0,3,3;18;16,18;16,"{""16"": 1, ""18"": 1}","{""3"": 4998, ""16"": 1193, ""18"": 3417}",73760,4.102335928809789,10,40.0,ns3,899,0.5,10,12,28,,,[],[],,18;16,11,26,
2026_07_15_01_26_56,000126,4,all-cavs,selective_edgecooper_global,grid,,,,,,,singleton,20,60.0,4,4;12;7;1,12;7;1,"{""1"": 1, ""7"": 1, ""12"": 1}","{""1"": 1186, ""4"": 4849, ""7"": 1431, ""12"": 1476}",65488,3.642269187986652,10,40.0,ns3,899,0.5,10,12,28,,,[],[],,12;7;1,15,39,
2026_07_15_01_26_56,000126,5,all-cavs,selective_edgecooper_global,grid,,,,,,,singleton,20,60.0,5,5;19,19,"{""19"": 1}","{""5"": 4875, ""19"": 3191}",51056,2.8395995550611794,10,40.0,ns3,899,0.5,10,12,28,,,[],[],,19,14,20,
2026_07_15_01_26_56,000126,6,all-cavs,selective_edgecooper_global,grid,,,,,,,singleton,20,60.0,6,6;15,15,"{""15"": 1}","{""6"": 4741, ""15"": 3100}",49600,2.758620689655172,10,40.0,ns3,899,0.5,10,12,28,,,[],[],,15,12,24,
2026_07_15_01_26_56,000126,7,all-cavs,selective_edgecooper_global,grid,,,,,,,singleton,20,60.0,7,7;8;16,8;16,"{""8"": 1, ""16"": 1}","{""7"": 4912, ""8"": 3371, ""16"": 1193}",73024,4.061401557285873,10,40.0,ns3,899,0.5,10,12,28,,,[],[],,8;16,14,29,
2026_07_15_01_26_56,000126,8,all-cavs,selective_edgecooper_global,grid,,,,,,,singleton,20,60.0,8,8;2;11,2;11,"{""2"": 1, ""11"": 1}","{""2"": 1756, ""8"": 4840, ""11"": 1586}",53472,2.9739710789766405,10,40.0,ns3,899,0.5,10,12,28,,,[],[],,2;11,18,35,
2026_07_15_01_26_56,000126,9,all-cavs,selective_edgecooper_global,grid,,,,,,,singleton,20,60.0,9,9;5,5,"{""5"": 1}","{""5"": 3164, ""9"": 4854}",50624,2.815572858731924,10,40.0,ns3,899,0.5,10,12,28,,,[],[],,5,13,18,
2026_07_15_01_26_56,000126,10,all-cavs,selective_edgecooper_global,grid,,,,,,,singleton,20,60.0,10,10;8;19;5,8;19;5,"{""5"": 1, ""8"": 1, ""19"": 1}","{""5"": 3164, ""8"": 3371, ""10"": 4925, ""19"": 3191}",155616,8.654949944382647,10,40.0,ns3,899,0.5,10,12,28,,,[],[],,8;19;5,20,40,
2026_07_15_01_26_56,000126,11,all-cavs,selective_edgecooper_global,grid,,,,,,,singleton,20,60.0,11,11;9;2,9;2,"{""2"": 1, ""9"": 1}","{""2"": 480, ""9"": 1606, ""11"": 4912}",33376,1.8562847608453839,10,40.0,ns3,899,0.5,10,12,28,,,[],[],,9;2,16,47,
2026_07_15_01_26_56,000126,12,all-cavs,selective_edgecooper_global,grid,,,,,,,singleton,20,60.0,12,12,,{},"{""12"": 4992}",0,0.0,10,40.0,ns3,899,0.5,10,12,28,,,[],[],,,7,11,
2026_07_15_01_26_56,000126,13,all-cavs,selective_edgecooper_global,grid,,,,,,,singleton,20,60.0,13,13;19;10,19;10,"{""10"": 1, ""19"": 1}","{""10"": 1229, ""13"": 4690, ""19"": 3191}",70720,3.933259176863181,10,40.0,ns3,899,0.5,10,12,28,,,[],[],,19;10,10,38,
2026_07_15_01_26_56,000126,14,all-cavs,selective_edgecooper_global,grid,,,,,,,singleton,20,60.0,14,14,,{},"{""14"": 4808}",0,0.0,10,40.0,ns3,899,0.5,10,12,28,,,[],[],,,4,1,
2026_07_15_01_26_56,000126,15,all-cavs,selective_edgecooper_global,grid,,,,,,,singleton,20,60.0,15,15;2;6,2;6,"{""2"": 1, ""6"": 1}","{""2"": 1756, ""6"": 1270, ""15"": 4825}",48416,2.692769744160178,10,40.0,ns3,899,0.5,10,12,28,,,[],[],,2;6,15,36,
2026_07_15_01_26_56,000126,16,all-cavs,selective_edgecooper_global,grid,,,,,,,singleton,20,60.0,16,16;3,3,"{""3"": 1}","{""3"": 1260, ""16"": 5021}",20160,1.1212458286985538,10,40.0,ns3,899,0.5,10,12,28,,,[],[],,3,15,23,
2026_07_15_01_26_56,000126,17,all-cavs,selective_edgecooper_global,grid,,,,,,,singleton,20,60.0,17,17;7;3,7;3,"{""3"": 1, ""7"": 1}","{""3"": 1260, ""7"": 1431, ""17"": 5026}",43056,2.3946607341490544,10,40.0,ns3,899,0.5,10,12,28,,,[],[],,7;3,16,20,
2026_07_15_01_26_56,000126,18,all-cavs,selective_edgecooper_global,grid,,,,,,,singleton,20,60.0,18,18;3,3,"{""3"": 1}","{""3"": 1260, ""18"": 4875}",20160,1.1212458286985538,10,40.0,ns3,899,0.5,10,12,28,,,[],[],,3,8,13,
2026_07_15_01_26_56,000126,19,all-cavs,selective_edgecooper_global,grid,,,,,,,singleton,20,60.0,19,19;10,10,"{""10"": 1}","{""10"": 1229, ""19"": 4829}",19664,1.0936596218020023,10,40.0,ns3,899,0.5,10,12,28,,,[],[],,10,10,31,
2026_07_15_01_26_56,000126,20,all-cavs,selective_edgecooper_global,grid,,,,,,,singleton,20,60.0,20,20;9;7;5,9;7;5,"{""5"": 2, ""7"": 1, ""9"": 2}","{""5"": 226, ""7"": 1431, ""9"": 1607, ""20"": 4899}",52224,2.9045606229143495,10,40.0,ns3,899,0.5,10,12,28,,,[],[],,9;7;5,17,37,
2026_07_15_01_26_56,000128,1,all-cavs,selective_edgecooper_global,grid,,,,,,,singleton,20,60.0,1,1;8;15;11,8;15;11,"{""8"": 1, ""11"": 1, ""15"": 1}","{""1"": 4925, ""8"": 3371, ""11"": 1586, ""15"": 3260}",131472,7.312124582869855,10,40.0,ns3,899,0.5,10,12,28,,,[],[],,8;15;11,17,41,
2026_07_15_01_26_56,000128,2,all-cavs,selective_edgecooper_global,grid,,,,,,,singleton,20,60.0,2,2;15,15,"{""15"": 1}","{""2"": 4861, ""15"": 3260}",52160,2.901001112347052,10,40.0,ns3,899,0.5,10,12,28,,,[],[],,15,14,30,
2026_07_15_01_26_56,000128,3,all-cavs,selective_edgecooper_global,grid,,,,,,,singleton,20,60.0,3,3;18;16,18;16,"{""16"": 1, ""18"": 1}","{""3"": 5008, ""16"": 1198, ""18"": 3416}",73824,4.105895439377086,10,40.0,ns3,899,0.5,10,12,28,,,[],[],,18;16,12,26,
2026_07_15_01_26_56,000128,4,all-cavs,selective_edgecooper_global,grid,,,,,,,singleton,20,60.0,4,4;12;7;1,12;7;1,"{""1"": 1, ""7"": 1, ""12"": 1}","{""1"": 1186, ""4"": 4851, ""7"": 1431, ""12"": 1536}",66448,3.695661846496107,10,40.0,ns3,899,0.5,10,12,28,,,[],[],,12;7;1,16,37,
2026_07_15_01_26_56,000128,5,all-cavs,selective_edgecooper_global,grid,,,,,,,singleton,20,60.0,5,5;19,19,"{""19"": 1}","{""5"": 4864, ""19"": 3191}",51056,2.8395995550611794,10,40.0,ns3,899,0.5,10,12,28,,,[],[],,19,14,20,
2026_07_15_01_26_56,000128,6,all-cavs,selective_edgecooper_global,grid,,,,,,,singleton,20,60.0,6,6;15,15,"{""15"": 1}","{""6"": 4741, ""15"": 3260}",52160,2.901001112347052,10,40.0,ns3,899,0.5,10,12,28,,,[],[],,15,12,24,
2026_07_15_01_26_56,000128,7,all-cavs,selective_edgecooper_global,grid,,,,,,,singleton,20,60.0,7,7;8;16,8;16,"{""8"": 1, ""16"": 1}","{""7"": 4910, ""8"": 3371, ""16"": 1198}",73104,4.0658509454949945,10,40.0,ns3,899,0.5,10,12,28,,,[],[],,8;16,15,28,
2026_07_15_01_26_56,000128,8,all-cavs,selective_edgecooper_global,grid,,,,,,,singleton,20,60.0,8,8;2;10,2;10,"{""2"": 1, ""10"": 1}","{""2"": 1755, ""8"": 4840, ""10"": 1229}",47744,2.6553948832035594,10,40.0,ns3,899,0.5,10,12,28,,,[],[],,2;10,18,37,
2026_07_15_01_26_56,000128,9,all-cavs,selective_edgecooper_global,grid,,,,,,,singleton,20,60.0,9,9;5,5,"{""5"": 1}","{""5"": 3164, ""9"": 4853}",50624,2.815572858731924,10,40.0,ns3,899,0.5,10,12,28,,,[],[],,5,13,19,
2026_07_15_01_26_56,000128,10,all-cavs,selective_edgecooper_global,grid,,,,,,,singleton,20,60.0,10,10;8;19;5,8;19;5,"{""5"": 1, ""8"": 1, ""19"": 1}","{""5"": 3164, ""8"": 3371, ""10"": 4923, ""19"": 3191}",155616,8.654949944382647,10,40.0,ns3,899,0.5,10,12,28,,,[],[],,8;19;5,20,39,
2026_07_15_01_26_56,000128,11,all-cavs,selective_edgecooper_global,grid,,,,,,,singleton,20,60.0,11,11;9,9,"{""9"": 1}","{""9"": 1602, ""11"": 4912}",25632,1.4255839822024472,10,40.0,ns3,899,0.5,10,12,28,,,[],[],,9,17,30,
2026_07_15_01_26_56,000128,12,all-cavs,selective_edgecooper_global,grid,,,,,,,singleton,20,60.0,12,12,,{},"{""12"": 4996}",0,0.0,10,40.0,ns3,899,0.5,10,12,28,,,[],[],,,6,11,
2026_07_15_01_26_56,000128,13,all-cavs,selective_edgecooper_global,grid,,,,,,,singleton,20,60.0,13,13;19;10,19;10,"{""10"": 1, ""19"": 1}","{""10"": 1229, ""13"": 4698, ""19"": 3191}",70720,3.933259176863181,10,40.0,ns3,899,0.5,10,12,28,,,[],[],,19;10,7,38,
2026_07_15_01_26_56,000128,14,all-cavs,selective_edgecooper_global,grid,,,,,,,singleton,20,60.0,14,14,,{},"{""14"": 4842}",0,0.0,10,40.0,ns3,899,0.5,10,12,28,,,[],[],,,4,1,
2026_07_15_01_26_56,000128,15,all-cavs,selective_edgecooper_global,grid,,,,,,,singleton,20,60.0,15,15;2;11;6,2;11;6,"{""2"": 1, ""6"": 1, ""11"": 1}","{""2"": 1755, ""6"": 1247, ""11"": 1586, ""15"": 4821}",73408,4.0827586206896544,10,40.0,ns3,899,0.5,10,12,28,,,[],[],,2;11;6,17,46,
2026_07_15_01_26_56,000128,16,all-cavs,selective_edgecooper_global,grid,,,,,,,singleton,20,60.0,16,16;3,3,"{""3"": 1}","{""3"": 1290, ""16"": 5018}",20640,1.1479421579532814,10,40.0,ns3,899,0.5,10,12,28,,,[],[],,3,13,24,
2026_07_15_01_26_56,000128,17,all-cavs,selective_edgecooper_global,grid,,,,,,,singleton,20,60.0,17,17;7;3,7;3,"{""3"": 1, ""7"": 1}","{""3"": 1290, ""7"": 1431, ""17"": 5026}",43536,2.421357063403782,10,40.0,ns3,899,0.5,10,12,28,,,[],[],,7;3,15,20,
2026_07_15_01_26_56,000128,18,all-cavs,selective_edgecooper_global,grid,,,,,,,singleton,20,60.0,18,18;3,3,"{""3"": 1}","{""3"": 1290, ""18"": 4870}",20640,1.1479421579532814,10,40.0,ns3,899,0.5,10,12,28,,,[],[],,3,8,12,
2026_07_15_01_26_56,000128,19,all-cavs,selective_edgecooper_global,grid,,,,,,,singleton,20,60.0,19,19;10,10,"{""10"": 1}","{""10"": 1229, ""19"": 4830}",19664,1.0936596218020023,10,40.0,ns3,899,0.5,10,12,28,,,[],[],,10,10,31,
2026_07_15_01_26_56,000128,20,all-cavs,selective_edgecooper_global,grid,,,,,,,singleton,20,60.0,20,20;9;7;5,9;7;5,"{""5"": 1, ""7"": 1, ""9"": 2}","{""5"": 111, ""7"": 1431, ""9"": 1605, ""20"": 4900}",50352,2.8004449388209123,10,40.0,ns3,899,0.5,10,12,28,,,[],[],,9;7;5,15,35,
2026_07_15_01_26_56,000130,1,all-cavs,selective_edgecooper_global,grid,,,,,,,singleton,20,60.0,1,1;8;15;11,8;15;11,"{""8"": 1, ""11"": 1, ""15"": 1}","{""1"": 4928, ""8"": 3371, ""11"": 1586, ""15"": 3242}",131184,7.296106785317019,10,40.0,ns3,899,0.5,10,12,28,,,[],[],,8;15;11,18,40,
2026_07_15_01_26_56,000130,2,all-cavs,selective_edgecooper_global,grid,,,,,,,singleton,20,60.0,2,2;15,15,"{""15"": 1}","{""2"": 4853, ""15"": 3242}",51872,2.8849833147942157,10,40.0,ns3,899,0.5,10,12,28,,,[],[],,15,13,29,
2026_07_15_01_26_56,000130,3,all-cavs,selective_edgecooper_global,grid,,,,,,,singleton,20,60.0,3,3;18;16,18;16,"{""16"": 1, ""18"": 2}","{""3"": 4993, ""16"": 1176, ""18"": 3455}",74096,4.121023359288098,10,40.0,ns3,899,0.5,10,12,28,,,[],[],,18;16,11,26,
2026_07_15_01_26_56,000130,4,all-cavs,selective_edgecooper_global,grid,,,,,,,singleton,20,60.0,4,4;12;7;1,12;7;1,"{""1"": 1, ""7"": 1, ""12"": 1}","{""1"": 1186, ""4"": 4849, ""7"": 1431, ""12"": 1608}",67600,3.7597330367074524,10,40.0,ns3,899,0.5,10,12,28,,,[],[],,12;7;1,16,36,
2026_07_15_01_26_56,000130,5,all-cavs,selective_edgecooper_global,grid,,,,,,,singleton,20,60.0,5,5;19,19,"{""19"": 1}","{""5"": 4841, ""19"": 3191}",51056,2.8395995550611794,10,40.0,ns3,899,0.5,10,12,28,,,[],[],,19,19,20,
2026_07_15_01_26_56,000130,6,all-cavs,selective_edgecooper_global,grid,,,,,,,singleton,20,60.0,6,6;15,15,"{""15"": 1}","{""6"": 4745, ""15"": 3242}",51872,2.8849833147942157,10,40.0,ns3,899,0.5,10,12,28,,,[],[],,15,11,23,
2026_07_15_01_26_56,000130,7,all-cavs,selective_edgecooper_global,grid,,,,,,,singleton,20,60.0,7,7;8,8,"{""8"": 1}","{""7"": 4910, ""8"": 3371}",53936,2.999777530589544,10,40.0,ns3,899,0.5,10,12,28,,,[],[],,8,14,22,
2026_07_15_01_26_56,000130,8,all-cavs,selective_edgecooper_global,grid,,,,,,,singleton,20,60.0,8,8;2;10,2;10,"{""2"": 1, ""10"": 1}","{""2"": 1752, ""8"": 4840, ""10"": 1229}",47696,2.652725250278087,10,40.0,ns3,899,0.5,10,12,28,,,[],[],,2;10,17,37,
2026_07_15_01_26_56,000130,9,all-cavs,selective_edgecooper_global,grid,,,,,,,singleton,20,60.0,9,9;5,5,"{""5"": 1}","{""5"": 3164, ""9"": 4854}",50624,2.815572858731924,10,40.0,ns3,899,0.5,10,12,28,,,[],[],,5,13,20,
2026_07_15_01_26_56,000130,10,all-cavs,selective_edgecooper_global,grid,,,,,,,singleton,20,60.0,10,10;8;19;5,8;19;5,"{""5"": 1, ""8"": 1, ""19"": 1}","{""5"": 3164, ""8"": 3371, ""10"": 4923, ""19"": 3191}",155616,8.654949944382647,10,40.0,ns3,899,0.5,10,12,28,,,[],[],,8;19;5,20,39,
2026_07_15_01_26_56,000130,11,all-cavs,selective_edgecooper_global,grid,,,,,,,singleton,20,60.0,11,11;9;1,9;1,"{""1"": 1, ""9"": 1}","{""1"": 1186, ""9"": 1596, ""11"": 4912}",44512,2.4756395995550613,10,40.0,ns3,899,0.5,10,12,28,,,[],[],,9;1,18,42,
2026_07_15_01_26_56,000130,12,all-cavs,selective_edgecooper_global,grid,,,,,,,singleton,20,60.0,12,12,,{},"{""12"": 4999}",0,0.0,10,40.0,ns3,899,0.5,10,12,28,,,[],[],,,9,11,
2026_07_15_01_26_56,000130,13,all-cavs,selective_edgecooper_global,grid,,,,,,,singleton,20,60.0,13,13;19;10,19;10,"{""10"": 1, ""19"": 1}","{""10"": 1229, ""13"": 4679, ""19"": 3191}",70720,3.933259176863181,10,40.0,ns3,899,0.5,10,12,28,,,[],[],,19;10,8,38,
2026_07_15_01_26_56,000130,14,all-cavs,selective_edgecooper_global,grid,,,,,,,singleton,20,60.0,14,14,,{},"{""14"": 4881}",0,0.0,10,40.0,ns3,899,0.5,10,12,28,,,[],[],,,4,1,
2026_07_15_01_26_56,000130,15,all-cavs,selective_edgecooper_global,grid,,,,,,,singleton,20,60.0,15,15;2;11;6,2;11;6,"{""2"": 1, ""6"": 1, ""11"": 1}","{""2"": 1752, ""6"": 1208, ""11"": 1586, ""15"": 4809}",72736,4.045383759733037,10,40.0,ns3,899,0.5,10,12,28,,,[],[],,2;11;6,17,46,
2026_07_15_01_26_56,000130,16,all-cavs,selective_edgecooper_global,grid,,,,,,,singleton,20,60.0,16,16;3,3,"{""3"": 1}","{""3"": 1286, ""16"": 5017}",20576,1.1443826473859844,10,40.0,ns3,899,0.5,10,12,28,,,[],[],,3,13,24,
2026_07_15_01_26_56,000130,17,all-cavs,selective_edgecooper_global,grid,,,,,,,singleton,20,60.0,17,17;7;3,7;3,"{""3"": 1, ""7"": 1}","{""3"": 1286, ""7"": 1431, ""17"": 5023}",43472,2.4177975528364852,10,40.0,ns3,899,0.5,10,12,28,,,[],[],,7;3,17,20,
2026_07_15_01_26_56,000130,18,all-cavs,selective_edgecooper_global,grid,,,,,,,singleton,20,60.0,18,18;3,3,"{""3"": 1}","{""3"": 1286, ""18"": 4877}",20576,1.1443826473859844,10,40.0,ns3,899,0.5,10,12,28,,,[],[],,3,7,12,
2026_07_15_01_26_56,000130,19,all-cavs,selective_edgecooper_global,grid,,,,,,,singleton,20,60.0,19,19;10,10,"{""10"": 1}","{""10"": 1229, ""19"": 4829}",19664,1.0936596218020023,10,40.0,ns3,899,0.5,10,12,28,,,[],[],,10,10,31,
2026_07_15_01_26_56,000130,20,all-cavs,selective_edgecooper_global,grid,,,,,,,singleton,20,60.0,20,20;9;7;5,9;7;5,"{""5"": 1, ""7"": 1, ""9"": 1}","{""5"": 160, ""7"": 1431, ""9"": 1596, ""20"": 4900}",50992,2.8360400444938825,10,40.0,ns3,899,0.5,10,12,28,,,[],[],,9;7;5,16,35,
2026_07_15_01_26_56,000132,1,all-cavs,selective_edgecooper_global,grid,,,,,,,singleton,20,60.0,1,1;8;15;11,8;15;11,"{""8"": 1, ""11"": 1, ""15"": 1}","{""1"": 4928, ""8"": 3371, ""11"": 1586, ""15"": 3245}",131232,7.2987764182424915,10,40.0,ns3,899,0.5,10,12,28,,,[],[],,8;15;11,17,41,
2026_07_15_01_26_56,000132,2,all-cavs,selective_edgecooper_global,grid,,,,,,,singleton,20,60.0,2,2;15,15,"{""15"": 1}","{""2"": 4855, ""15"": 3245}",51920,2.8876529477196886,10,40.0,ns3,899,0.5,10,12,28,,,[],[],,15,17,29,
2026_07_15_01_26_56,000132,3,all-cavs,selective_edgecooper_global,grid,,,,,,,singleton,20,60.0,3,3;18,18,"{""18"": 1}","{""3"": 5009, ""18"": 3414}",54624,3.0380422691879865,10,40.0,ns3,899,0.5,10,12,28,,,[],[],,18,12,11,
2026_07_15_01_26_56,000132,4,all-cavs,selective_edgecooper_global,grid,,,,,,,singleton,20,60.0,4,4;12;7;1,12;7;1,"{""1"": 1, ""7"": 1, ""12"": 1}","{""1"": 1186, ""4"": 4850, ""7"": 1431, ""12"": 1688}",68880,3.8309232480533923,10,40.0,ns3,899,0.5,10,12,28,,,[],[],,12;7;1,14,36,
2026_07_15_01_26_56,000132,5,all-cavs,selective_edgecooper_global,grid,,,,,,,singleton,20,60.0,5,5;10,10,"{""10"": 1}","{""5"": 4861, ""10"": 1229}",19664,1.0936596218020023,10,40.0,ns3,899,0.5,10,12,28,,,[],[],,10,16,34,
2026_07_15_01_26_56,000132,6,all-cavs,selective_edgecooper_global,grid,,,,,,,singleton,20,60.0,6,6;15,15,"{""15"": 1}","{""6"": 4741, ""15"": 3245}",51920,2.8876529477196886,10,40.0,ns3,899,0.5,10,12,28,,,[],[],,15,11,22,
2026_07_15_01_26_56,000132,7,all-cavs,selective_edgecooper_global,grid,,,,,,,singleton,20,60.0,7,7;8,8,"{""8"": 1}","{""7"": 4911, ""8"": 3371}",53936,2.999777530589544,10,40.0,ns3,899,0.5,10,12,28,,,[],[],,8,14,22,
2026_07_15_01_26_56,000132,8,all-cavs,selective_edgecooper_global,grid,,,,,,,singleton,20,60.0,8,8;2;4,2;4,"{""2"": 1, ""4"": 1}","{""2"": 1747, ""4"": 915, ""8"": 4840}",42592,2.368854282536151,10,40.0,ns3,899,0.5,10,12,28,,,[],[],,2;4,13,38,
2026_07_15_01_26_56,000132,9,all-cavs,selective_edgecooper_global,grid,,,,,,,singleton,20,60.0,9,9;5;13,5;13,"{""5"": 1, ""13"": 1}","{""5"": 3164, ""9"": 4852, ""13"": 1189}",69648,3.8736373748609565,10,40.0,ns3,899,0.5,10,12,28,,,[],[],,5;13,14,27,
2026_07_15_01_26_56,000132,10,all-cavs,selective_edgecooper_global,grid,,,,,,,singleton,20,60.0,10,10;8;19;5,8;19;5,"{""5"": 1, ""8"": 1, ""19"": 1}","{""5"": 3164, ""8"": 3371, ""10"": 4923, ""19"": 3191}",155616,8.654949944382647,10,40.0,ns3,899,0.5,10,12,28,,,[],[],,8;19;5,20,38,
2026_07_15_01_26_56,000132,11,all-cavs,selective_edgecooper_global,grid,,,,,,,singleton,20,60.0,11,11;9;1,9;1,"{""1"": 1, ""9"": 1}","{""1"": 1186, ""9"": 1592, ""11"": 4910}",44448,2.472080088987764,10,40.0,ns3,899,0.5,10,12,28,,,[],[],,9;1,18,42,
2026_07_15_01_26_56,000132,12,all-cavs,selective_edgecooper_global,grid,,,,,,,singleton,20,60.0,12,12,,{},"{""12"": 4979}",0,0.0,10,40.0,ns3,899,0.5,10,12,28,,,[],[],,,7,10,
2026_07_15_01_26_56,000132,13,all-cavs,selective_edgecooper_global,grid,,,,,,,singleton,20,60.0,13,13;19;10,19;10,"{""10"": 1, ""19"": 1}","{""10"": 1229, ""13"": 4705, ""19"": 3191}",70720,3.933259176863181,10,40.0,ns3,899,0.5,10,12,28,,,[],[],,19;10,7,38,
2026_07_15_01_26_56,000132,14,all-cavs,selective_edgecooper_global,grid,,,,,,,singleton,20,60.0,14,14;13,13,"{""13"": 1}","{""13"": 1189, ""14"": 4852}",19024,1.0580645161290323,10,40.0,ns3,899,0.5,10,12,28,,,[],[],,13,5,2,
2026_07_15_01_26_56,000132,15,all-cavs,selective_edgecooper_global,grid,,,,,,,singleton,20,60.0,15,15;2;11;6,2;11;6,"{""2"": 1, ""6"": 1, ""11"": 1}","{""2"": 1747, ""6"": 1165, ""11"": 1586, ""15"": 4844}",71968,4.002669632925473,10,40.0,ns3,899,0.5,10,12,28,,,[],[],,2;11;6,16,45,
2026_07_15_01_26_56,000132,16,all-cavs,selective_edgecooper_global,grid,,,,,,,singleton,20,60.0,16,16;3,3,"{""3"": 1}","{""3"": 1305, ""16"": 5008}",20880,1.161290322580645,10,40.0,ns3,899,0.5,10,12,28,,,[],[],,3,12,23,
2026_07_15_01_26_56,000132,17,all-cavs,selective_edgecooper_global,grid,,,,,,,singleton,20,60.0,17,17;7;3,7;3,"{""3"": 1, ""7"": 1}","{""3"": 1305, ""7"": 1431, ""17"": 5022}",43776,2.4347052280311456,10,40.0,ns3,899,0.5,10,12,28,,,[],[],,7;3,16,19,
2026_07_15_01_26_56,000132,18,all-cavs,selective_edgecooper_global,grid,,,,,,,singleton,20,60.0,18,18;3,3,"{""3"": 1}","{""3"": 1305, ""18"": 4859}",20880,1.161290322580645,10,40.0,ns3,899,0.5,10,12,28,,,[],[],,3,8,11,
2026_07_15_01_26_56,000132,19,all-cavs,selective_edgecooper_global,grid,,,,,,,singleton,20,60.0,19,19;10;13,10;13,"{""10"": 1, ""13"": 1}","{""10"": 1229, ""13"": 1189, ""19"": 4829}",38688,2.1517241379310343,10,40.0,ns3,899,0.5,10,12,28,,,[],[],,10;13,9,37,
2026_07_15_01_26_56,000132,20,all-cavs,selective_edgecooper_global,grid,,,,,,,singleton,20,60.0,20,20;9;7,9;7,"{""7"": 1, ""9"": 2}","{""7"": 1431, ""9"": 1593, ""20"": 4901}",48384,2.6909899888765296,10,40.0,ns3,899,0.5,10,12,28,,,[],[],,9;7,15,31,
2026_07_15_01_26_56,000134,1,all-cavs,selective_edgecooper_global,grid,,,,,,,singleton,20,60.0,1,1;8;15;11,8;15;11,"{""8"": 1, ""11"": 1, ""15"": 1}","{""1"": 4927, ""8"": 3371, ""11"": 1586, ""15"": 3242}",131184,7.296106785317019,10,40.0,ns3,899,0.5,10,12,28,,,[],[],,8;15;11,18,41,
2026_07_15_01_26_56,000134,2,all-cavs,selective_edgecooper_global,grid,,,,,,,singleton,20,60.0,2,2;15,15,"{""15"": 1}","{""2"": 4855, ""15"": 3242}",51872,2.8849833147942157,10,40.0,ns3,899,0.5,10,12,28,,,[],[],,15,17,32,
2026_07_15_01_26_56,000134,3,all-cavs,selective_edgecooper_global,grid,,,,,,,singleton,20,60.0,3,3;18,18,"{""18"": 1}","{""3"": 4995, ""18"": 3412}",54592,3.036262513904338,10,40.0,ns3,899,0.5,10,12,28,,,[],[],,18,11,11,
2026_07_15_01_26_56,000134,4,all-cavs,selective_edgecooper_global,grid,,,,,,,singleton,20,60.0,4,4;12;7;1,12;7;1,"{""1"": 1, ""7"": 1, ""12"": 1}","{""1"": 1186, ""4"": 4848, ""7"": 1431, ""12"": 1767}",70144,3.9012235817575083,10,40.0,ns3,899,0.5,10,12,28,,,[],[],,12;7;1,14,36,
2026_07_15_01_26_56,000134,5,all-cavs,selective_edgecooper_global,grid,,,,,,,singleton,20,60.0,5,5;10,10,"{""10"": 1}","{""5"": 4855, ""10"": 1229}",19664,1.0936596218020023,10,40.0,ns3,899,0.5,10,12,28,,,[],[],,10,11,35,
2026_07_15_01_26_56,000134,6,all-cavs,selective_edgecooper_global,grid,,,,,,,singleton,20,60.0,6,6;15,15,"{""15"": 1}","{""6"": 4734, ""15"": 3242}",51872,2.8849833147942157,10,40.0,ns3,899,0.5,10,12,28,,,[],[],,15,10,25,
2026_07_15_01_26_56,000134,7,all-cavs,selective_edgecooper_global,grid,,,,,,,singleton,20,60.0,7,7;8,8,"{""8"": 1}","{""7"": 4911, ""8"": 3371}",53936,2.999777530589544,10,40.0,ns3,899,0.5,10,12,28,,,[],[],,8,14,23,
2026_07_15_01_26_56,000134,8,all-cavs,selective_edgecooper_global,grid,,,,,,,singleton,20,60.0,8,8;2,2,"{""2"": 1}","{""2"": 1747, ""8"": 4840}",27952,1.5546162402669632,10,40.0,ns3,899,0.5,10,12,28,,,[],[],,2,16,35,
2026_07_15_01_26_56,000134,9,all-cavs,selective_edgecooper_global,grid,,,,,,,singleton,20,60.0,9,9;5;13;19,5;13;19,"{""5"": 1, ""13"": 1, ""19"": 1}","{""5"": 3164, ""9"": 4854, ""13"": 1234, ""19"": 127}",72400,4.026696329254728,10,40.0,ns3,899,0.5,10,12,28,,,[],[],,5;13;19,14,30,
2026_07_15_01_26_56,000134,10,all-cavs,selective_edgecooper_global,grid,,,,,,,singleton,20,60.0,10,10;8;19;5,8;19;5,"{""5"": 1, ""8"": 1, ""19"": 1}","{""5"": 3164, ""8"": 3371, ""10"": 4923, ""19"": 3191}",155616,8.654949944382647,10,40.0,ns3,899,0.5,10,12,28,,,[],[],,8;19;5,20,39,
2026_07_15_01_26_56,000134,11,all-cavs,selective_edgecooper_global,grid,,,,,,,singleton,20,60.0,11,11;9;1;2,9;1;2,"{""1"": 1, ""2"": 1, ""9"": 1}","{""1"": 1186, ""2"": 480, ""9"": 1592, ""11"": 4909}",52128,2.8992213570634036,10,40.0,ns3,899,0.5,10,12,28,,,[],[],,9;1;2,17,52,
2026_07_15_01_26_56,000134,12,all-cavs,selective_edgecooper_global,grid,,,,,,,singleton,20,60.0,12,12,,{},"{""12"": 4992}",0,0.0,10,40.0,ns3,899,0.5,10,12,28,,,[],[],,,7,11,
2026_07_15_01_26_56,000134,13,all-cavs,selective_edgecooper_global,grid,,,,,,,singleton,20,60.0,13,13;19;10,19;10,"{""10"": 1, ""19"": 1}","{""10"": 1229, ""13"": 4701, ""19"": 3191}",70720,3.933259176863181,10,40.0,ns3,899,0.5,10,12,28,,,[],[],,19;10,8,38,
2026_07_15_01_26_56,000134,14,all-cavs,selective_edgecooper_global,grid,,,,,,,singleton,20,60.0,14,14;13,13,"{""13"": 1}","{""13"": 1234, ""14"": 4863}",19744,1.0981090100111235,10,40.0,ns3,899,0.5,10,12,28,,,[],[],,13,4,2,
2026_07_15_01_26_56,000134,15,all-cavs,selective_edgecooper_global,grid,,,,,,,singleton,20,60.0,15,15;2;11;6,2;11;6,"{""2"": 1, ""6"": 1, ""11"": 1}","{""2"": 1747, ""6"": 1161, ""11"": 1586, ""15"": 4817}",71904,3.999110122358176,10,40.0,ns3,899,0.5,10,12,28,,,[],[],,2;11;6,17,45,
2026_07_15_01_26_56,000134,16,all-cavs,selective_edgecooper_global,grid,,,,,,,singleton,20,60.0,16,16;3,3,"{""3"": 1}","{""3"": 1283, ""16"": 5006}",20528,1.1417130144605117,10,40.0,ns3,899,0.5,10,12,28,,,[],[],,3,13,23,
2026_07_15_01_26_56,000134,17,all-cavs,selective_edgecooper_global,grid,,,,,,,singleton,20,60.0,17,17;7;3,7;3,"{""3"": 1, ""7"": 1}","{""3"": 1283, ""7"": 1431, ""17"": 5034}",43424,2.4151279199110123,10,40.0,ns3,899,0.5,10,12,28,,,[],[],,7;3,16,19,
2026_07_15_01_26_56,000134,18,all-cavs,selective_edgecooper_global,grid,,,,,,,singleton,20,60.0,18,18;3,3,"{""3"": 1}","{""3"": 1283, ""18"": 4848}",20528,1.1417130144605117,10,40.0,ns3,899,0.5,10,12,28,,,[],[],,3,9,11,
2026_07_15_01_26_56,000134,19,all-cavs,selective_edgecooper_global,grid,,,,,,,singleton,20,60.0,19,19;13;10,13;10,"{""10"": 1, ""13"": 1}","{""10"": 1229, ""13"": 1234, ""19"": 4830}",39408,2.191768631813126,10,40.0,ns3,899,0.5,10,12,28,,,[],[],,13;10,8,37,
2026_07_15_01_26_56,000134,20,all-cavs,selective_edgecooper_global,grid,,,,,,,singleton,20,60.0,20,20;9;7;5,9;7;5,"{""5"": 2, ""7"": 1, ""9"": 1}","{""5"": 176, ""7"": 1431, ""9"": 1592, ""20"": 4905}",51184,2.8467185761957734,10,40.0,ns3,899,0.5,10,12,28,,,[],[],,9;7;5,16,36,
2026_07_15_01_26_56,000136,1,all-cavs,selective_edgecooper_global,grid,,,,,,,singleton,20,60.0,1,1;8;15;11,8;15;11,"{""8"": 2, ""11"": 1, ""15"": 1}","{""1"": 4927, ""8"": 3494, ""11"": 1586, ""15"": 3241}",133136,7.404671857619578,10,40.0,ns3,899,0.5,10,12,28,,,[],[],,8;15;11,15,41,
2026_07_15_01_26_56,000136,2,all-cavs,selective_edgecooper_global,grid,,,,,,,singleton,20,60.0,2,2;15;1,15;1,"{""1"": 1, ""15"": 1}","{""1"": 1186, ""2"": 4856, ""15"": 3241}",70832,3.9394883203559505,10,40.0,ns3,899,0.5,10,12,28,,,[],[],,15;1,16,37,
2026_07_15_01_26_56,000136,3,all-cavs,selective_edgecooper_global,grid,,,,,,,singleton,20,60.0,3,3;18,18,"{""18"": 1}","{""3"": 5020, ""18"": 2135}",34160,1.899888765294772,10,40.0,ns3,899,0.5,10,12,28,,,[],[],,18,11,12,
2026_07_15_01_26_56,000136,4,all-cavs,selective_edgecooper_global,grid,,,,,,,singleton,20,60.0,4,4;12;7;1,12;7;1,"{""1"": 1, ""7"": 1, ""12"": 1}","{""1"": 1186, ""4"": 4848, ""7"": 1431, ""12"": 1822}",71024,3.9501668520578423,10,40.0,ns3,899,0.5,10,12,28,,,[],[],,12;7;1,14,38,
2026_07_15_01_26_56,000136,5,all-cavs,selective_edgecooper_global,grid,,,,,,,singleton,20,60.0,5,5;10,10,"{""10"": 1}","{""5"": 4863, ""10"": 1229}",19664,1.0936596218020023,10,40.0,ns3,899,0.5,10,12,28,,,[],[],,10,9,35,
2026_07_15_01_26_56,000136,6,all-cavs,selective_edgecooper_global,grid,,,,,,,singleton,20,60.0,6,6;15,15,"{""15"": 1}","{""6"": 4740, ""15"": 3241}",51856,2.8840934371523916,10,40.0,ns3,899,0.5,10,12,28,,,[],[],,15,12,25,
2026_07_15_01_26_56,000136,7,all-cavs,selective_edgecooper_global,grid,,,,,,,singleton,20,60.0,7,7;8,8,"{""8"": 1}","{""7"": 4911, ""8"": 3371}",53936,2.999777530589544,10,40.0,ns3,899,0.5,10,12,28,,,[],[],,8,14,24,
2026_07_15_01_26_56,000136,8,all-cavs,selective_edgecooper_global,grid,,,,,,,singleton,20,60.0,8,8;2,2,"{""2"": 1}","{""2"": 1747, ""8"": 4842}",27952,1.5546162402669632,10,40.0,ns3,899,0.5,10,12,28,,,[],[],,2,15,35,
2026_07_15_01_26_56,000136,9,all-cavs,selective_edgecooper_global,grid,,,,,,,singleton,20,60.0,9,9;5;13,5;13,"{""5"": 1, ""13"": 1}","{""5"": 3163, ""9"": 4855, ""13"": 1261}",70784,3.936818687430478,10,40.0,ns3,899,0.5,10,12,28,,,[],[],,5;13,13,27,
2026_07_15_01_26_56,000136,10,all-cavs,selective_edgecooper_global,grid,,,,,,,singleton,20,60.0,10,10;8;19;5,8;19;5,"{""5"": 1, ""8"": 1, ""19"": 1}","{""5"": 3163, ""8"": 3371, ""10"": 4922, ""19"": 3191}",155600,8.654060066740822,10,40.0,ns3,899,0.5,10,12,28,,,[],[],,8;19;5,20,39,
2026_07_15_01_26_56,000136,11,all-cavs,selective_edgecooper_global,grid,,,,,,,singleton,20,60.0,11,11;9;1;2,9;1;2,"{""1"": 1, ""2"": 1, ""9"": 1}","{""1"": 1186, ""2"": 480, ""9"": 1592, ""11"": 4911}",52128,2.8992213570634036,10,40.0,ns3,899,0.5,10,12,28,,,[],[],,9;1;2,16,52,
2026_07_15_01_26_56,000136,12,all-cavs,selective_edgecooper_global,grid,,,,,,,singleton,20,60.0,12,12,,{},"{""12"": 5003}",0,0.0,10,40.0,ns3,899,0.5,10,12,28,,,[],[],,,8,10,
2026_07_15_01_26_56,000136,13,all-cavs,selective_edgecooper_global,grid,,,,,,,singleton,20,60.0,13,13;19;10,19;10,"{""10"": 1, ""19"": 1}","{""10"": 1229, ""13"": 4710, ""19"": 3191}",70720,3.933259176863181,10,40.0,ns3,899,0.5,10,12,28,,,[],[],,19;10,8,38,
2026_07_15_01_26_56,000136,14,all-cavs,selective_edgecooper_global,grid,,,,,,,singleton,20,60.0,14,14;13,13,"{""13"": 1}","{""13"": 1261, ""14"": 4844}",20176,1.122135706340378,10,40.0,ns3,899,0.5,10,12,28,,,[],[],,13,3,3,
2026_07_15_01_26_56,000136,15,all-cavs,selective_edgecooper_global,grid,,,,,,,singleton,20,60.0,15,15;2;11;6,2;11;6,"{""2"": 1, ""6"": 1, ""11"": 1}","{""2"": 1747, ""6"": 1144, ""11"": 1586, ""15"": 4814}",71632,3.9839822024471636,10,40.0,ns3,899,0.5,10,12,28,,,[],[],,2;11;6,15,45,
2026_07_15_01_26_56,000136,16,all-cavs,selective_edgecooper_global,grid,,,,,,,singleton,20,60.0,16,16;3,3,"{""3"": 1}","{""3"": 1275, ""16"": 5014}",20400,1.1345939933259177,10,40.0,ns3,899,0.5,10,12,28,,,[],[],,3,14,24,
2026_07_15_01_26_56,000136,17,all-cavs,selective_edgecooper_global,grid,,,,,,,singleton,20,60.0,17,17;7;3,7;3,"{""3"": 1, ""7"": 1}","{""3"": 1275, ""7"": 1431, ""17"": 5030}",43296,2.4080088987764183,10,40.0,ns3,899,0.5,10,12,28,,,[],[],,7;3,16,20,
2026_07_15_01_26_56,000136,18,all-cavs,selective_edgecooper_global,grid,,,,,,,singleton,20,60.0,18,18;3,3,"{""3"": 1}","{""3"": 1275, ""18"": 4850}",20400,1.1345939933259177,10,40.0,ns3,899,0.5,10,12,28,,,[],[],,3,8,12,
2026_07_15_01_26_56,000136,19,all-cavs,selective_edgecooper_global,grid,,,,,,,singleton,20,60.0,19,19;13;10,13;10,"{""10"": 1, ""13"": 1}","{""10"": 1229, ""13"": 1261, ""19"": 4831}",39840,2.2157953281423803,10,40.0,ns3,899,0.5,10,12,28,,,[],[],,13;10,9,37,
2026_07_15_01_26_56,000136,20,all-cavs,selective_edgecooper_global,grid,,,,,,,singleton,20,60.0,20,20;9;7;5,9;7;5,"{""5"": 1, ""7"": 1, ""9"": 1}","{""5"": 181, ""7"": 1431, ""9"": 1592, ""20"": 4909}",51264,2.8511679644048944,10,40.0,ns3,899,0.5,10,12,28,,,[],[],,9;7;5,17,38,
2026_07_15_01_26_56,000138,1,all-cavs,selective_edgecooper_global,grid,,,,,,,singleton,20,60.0,1,1;8;15;11,8;15;11,"{""8"": 1, ""11"": 1, ""15"": 1}","{""1"": 4925, ""8"": 3371, ""11"": 1586, ""15"": 3239}",131136,7.293437152391546,10,40.0,ns3,899,0.5,10,12,28,,,[],[],,8;15;11,18,41,
2026_07_15_01_26_56,000138,2,all-cavs,selective_edgecooper_global,grid,,,,,,,singleton,20,60.0,2,2;15,15,"{""15"": 1}","{""2"": 4857, ""15"": 3239}",51824,2.882313681868743,10,40.0,ns3,899,0.5,10,12,28,,,[],[],,15,15,31,
2026_07_15_01_26_56,000138,3,all-cavs,selective_edgecooper_global,grid,,,,,,,singleton,20,60.0,3,3;18,18,"{""18"": 1}","{""3"": 5007, ""18"": 3373}",53968,3.0015572858731927,10,40.0,ns3,899,0.5,10,12,28,,,[],[],,18,10,12,
2026_07_15_01_26_56,000138,4,all-cavs,selective_edgecooper_global,grid,,,,,,,singleton,20,60.0,4,4;12;7;1,12;7;1,"{""1"": 1, ""7"": 1, ""12"": 1}","{""1"": 1186, ""4"": 4852, ""7"": 1431, ""12"": 1896}",72208,4.016017797552837,10,40.0,ns3,899,0.5,10,12,28,,,[],[],,12;7;1,15,38,
2026_07_15_01_26_56,000138,5,all-cavs,selective_edgecooper_global,grid,,,,,,,singleton,20,60.0,5,5;10,10,"{""10"": 1}","{""5"": 4861, ""10"": 1229}",19664,1.0936596218020023,10,40.0,ns3,899,0.5,10,12,28,,,[],[],,10,15,33,
2026_07_15_01_26_56,000138,6,all-cavs,selective_edgecooper_global,grid,,,,,,,singleton,20,60.0,6,6;15,15,"{""15"": 1}","{""6"": 4715, ""15"": 3239}",51824,2.882313681868743,10,40.0,ns3,899,0.5,10,12,28,,,[],[],,15,13,26,
2026_07_15_01_26_56,000138,7,all-cavs,selective_edgecooper_global,grid,,,,,,,singleton,20,60.0,7,7;8,8,"{""8"": 1}","{""7"": 4910, ""8"": 3371}",53936,2.999777530589544,10,40.0,ns3,899,0.5,10,12,28,,,[],[],,8,14,24,
2026_07_15_01_26_56,000138,8,all-cavs,selective_edgecooper_global,grid,,,,,,,singleton,20,60.0,8,8;2,2,"{""2"": 1}","{""2"": 1747, ""8"": 4840}",27952,1.5546162402669632,10,40.0,ns3,899,0.5,10,12,28,,,[],[],,2,14,35,
2026_07_15_01_26_56,000138,9,all-cavs,selective_edgecooper_global,grid,,,,,,,singleton,20,60.0,9,9;5;13,5;13,"{""5"": 1, ""13"": 1}","{""5"": 3124, ""9"": 4853, ""13"": 1265}",70224,3.9056729699666293,10,40.0,ns3,899,0.5,10,12,28,,,[],[],,5;13,13,27,
2026_07_15_01_26_56,000138,10,all-cavs,selective_edgecooper_global,grid,,,,,,,singleton,20,60.0,10,10;8;19;5,8;19;5,"{""5"": 1, ""8"": 2, ""19"": 1}","{""5"": 3124, ""8"": 3393, ""10"": 4921, ""19"": 3191}",155328,8.638932146829811,10,40.0,ns3,899,0.5,10,12,28,,,[],[],,8;19;5,18,38,
2026_07_15_01_26_56,000138,11,all-cavs,selective_edgecooper_global,grid,,,,,,,singleton,20,60.0,11,11;9;1,9;1,"{""1"": 1, ""9"": 1}","{""1"": 1186, ""9"": 1592, ""11"": 4909}",44448,2.472080088987764,10,40.0,ns3,899,0.5,10,12,28,,,[],[],,9;1,17,41,
2026_07_15_01_26_56,000138,12,all-cavs,selective_edgecooper_global,grid,,,,,,,singleton,20,60.0,12,12,,{},"{""12"": 4989}",0,0.0,10,40.0,ns3,899,0.5,10,12,28,,,[],[],,,12,10,
2026_07_15_01_26_56,000138,13,all-cavs,selective_edgecooper_global,grid,,,,,,,singleton,20,60.0,13,13;19;9,19;9,"{""9"": 2, ""19"": 1}","{""9"": 1594, ""13"": 4698, ""19"": 3191}",76560,4.258064516129033,10,40.0,ns3,899,0.5,10,12,28,,,[],[],,19;9,12,28,
2026_07_15_01_26_56,000138,14,all-cavs,selective_edgecooper_global,grid,,,,,,,singleton,20,60.0,14,14;13,13,"{""13"": 1}","{""13"": 1265, ""14"": 4852}",20240,1.125695216907675,10,40.0,ns3,899,0.5,10,12,28,,,[],[],,13,3,3,
2026_07_15_01_26_56,000138,15,all-cavs,selective_edgecooper_global,grid,,,,,,,singleton,20,60.0,15,15;2;11;6,2;11;6,"{""2"": 1, ""6"": 1, ""11"": 1}","{""2"": 1747, ""6"": 1160, ""11"": 1586, ""15"": 4815}",71888,3.9982202447163515,10,40.0,ns3,899,0.5,10,12,28,,,[],[],,2;11;6,16,45,
2026_07_15_01_26_56,000138,16,all-cavs,selective_edgecooper_global,grid,,,,,,,singleton,20,60.0,16,16;3,3,"{""3"": 1}","{""3"": 1252, ""16"": 5023}",20032,1.1141268075639599,10,40.0,ns3,899,0.5,10,12,28,,,[],[],,3,15,24,
2026_07_15_01_26_56,000138,17,all-cavs,selective_edgecooper_global,grid,,,,,,,singleton,20,60.0,17,17;7;3;16,7;3;16,"{""3"": 1, ""7"": 1, ""16"": 1}","{""3"": 1252, ""7"": 1431, ""16"": 759, ""17"": 5027}",55072,3.0629588431590657,10,40.0,ns3,899,0.5,10,12,28,,,[],[],,7;3;16,16,25,
2026_07_15_01_26_56,000138,18,all-cavs,selective_edgecooper_global,grid,,,,,,,singleton,20,60.0,18,18;3,3,"{""3"": 1}","{""3"": 1252, ""18"": 4852}",20032,1.1141268075639599,10,40.0,ns3,899,0.5,10,12,28,,,[],[],,3,8,12,
2026_07_15_01_26_56,000138,19,all-cavs,selective_edgecooper_global,grid,,,,,,,singleton,20,60.0,19,19;13;10,13;10,"{""10"": 1, ""13"": 1}","{""10"": 1229, ""13"": 1265, ""19"": 4828}",39904,2.2193548387096773,10,40.0,ns3,899,0.5,10,12,28,,,[],[],,13;10,8,37,
2026_07_15_01_26_56,000138,20,all-cavs,selective_edgecooper_global,grid,,,,,,,singleton,20,60.0,20,20;7;10,7;10,"{""7"": 1, ""10"": 1}","{""7"": 1431, ""10"": 1229, ""20"": 4910}",42560,2.3670745272525027,10,40.0,ns3,899,0.5,10,12,28,,,[],[],,7;10,17,37,
2026_07_15_01_26_56,000140,1,all-cavs,selective_edgecooper_global,grid,,,,,,,singleton,20,60.0,1,1;8;15;11,8;15;11,"{""8"": 1, ""11"": 1, ""15"": 1}","{""1"": 4926, ""8"": 3371, ""11"": 1586, ""15"": 3234}",131056,7.288987764182425,10,40.0,ns3,899,0.5,10,12,28,,,[],[],,8;15;11,18,42,
2026_07_15_01_26_56,000140,2,all-cavs,selective_edgecooper_global,grid,,,,,,,singleton,20,60.0,2,2;15,15,"{""15"": 1}","{""2"": 4856, ""15"": 3234}",51744,2.8778642936596217,10,40.0,ns3,899,0.5,10,12,28,,,[],[],,15,14,30,
2026_07_15_01_26_56,000140,3,all-cavs,selective_edgecooper_global,grid,,,,,,,singleton,20,60.0,3,3;18,18,"{""18"": 1}","{""3"": 5016, ""18"": 3395}",54320,3.021134593993326,10,40.0,ns3,899,0.5,10,12,28,,,[],[],,18,9,11,
2026_07_15_01_26_56,000140,4,all-cavs,selective_edgecooper_global,grid,,,,,,,singleton,20,60.0,4,4;12;7;1,12;7;1,"{""1"": 1, ""7"": 1, ""12"": 1}","{""1"": 1186, ""4"": 4847, ""7"": 1430, ""12"": 1930}",72736,4.045383759733037,10,40.0,ns3,899,0.5,10,12,28,,,[],[],,12;7;1,15,38,
2026_07_15_01_26_56,000140,5,all-cavs,selective_edgecooper_global,grid,,,,,,,singleton,20,60.0,5,5;10,10,"{""10"": 1}","{""5"": 4881, ""10"": 1229}",19664,1.0936596218020023,10,40.0,ns3,899,0.5,10,12,28,,,[],[],,10,9,33,
2026_07_15_01_26_56,000140,6,all-cavs,selective_edgecooper_global,grid,,,,,,,singleton,20,60.0,6,6;15,15,"{""15"": 1}","{""6"": 4723, ""15"": 3234}",51744,2.8778642936596217,10,40.0,ns3,899,0.5,10,12,28,,,[],[],,15,12,24,
2026_07_15_01_26_56,000140,7,all-cavs,selective_edgecooper_global,grid,,,,,,,singleton,20,60.0,7,7;8,8,"{""8"": 1}","{""7"": 4910, ""8"": 3371}",53936,2.999777530589544,10,40.0,ns3,899,0.5,10,12,28,,,[],[],,8,14,23,
2026_07_15_01_26_56,000140,8,all-cavs,selective_edgecooper_global,grid,,,,,,,singleton,20,60.0,8,8;2;4,2;4,"{""2"": 1, ""4"": 1}","{""2"": 1747, ""4"": 924, ""8"": 4839}",42736,2.3768631813125696,10,40.0,ns3,899,0.5,10,12,28,,,[],[],,2;4,14,38,
2026_07_15_01_26_56,000140,9,all-cavs,selective_edgecooper_global,grid,,,,,,,singleton,20,60.0,9,9;5;13,5;13,"{""5"": 1, ""13"": 1}","{""5"": 3008, ""9"": 4852, ""13"": 1275}",68528,3.811345939933259,10,40.0,ns3,899,0.5,10,12,28,,,[],[],,5;13,13,26,
2026_07_15_01_26_56,000140,10,all-cavs,selective_edgecooper_global,grid,,,,,,,singleton,20,60.0,10,10;8;19;5,8;19;5,"{""5"": 1, ""8"": 2, ""19"": 1}","{""5"": 3008, ""8"": 3393, ""10"": 4922, ""19"": 3191}",153472,8.535706340378198,10,40.0,ns3,899,0.5,10,12,28,,,[],[],,8;19;5,19,38,
2026_07_15_01_26_56,000140,11,all-cavs,selective_edgecooper_global,grid,,,,,,,singleton,20,60.0,11,11;9;1,9;1,"{""1"": 1, ""9"": 1}","{""1"": 1186, ""9"": 1592, ""11"": 4910}",44448,2.472080088987764,10,40.0,ns3,899,0.5,10,12,28,,,[],[],,9;1,17,41,
2026_07_15_01_26_56,000140,12,all-cavs,selective_edgecooper_global,grid,,,,,,,singleton,20,60.0,12,12,,{},"{""12"": 4995}",0,0.0,10,40.0,ns3,899,0.5,10,12,28,,,[],[],,,7,10,
2026_07_15_01_26_56,000140,13,all-cavs,selective_edgecooper_global,grid,,,,,,,singleton,20,60.0,13,13;19;9,19;9,"{""9"": 1, ""19"": 1}","{""9"": 1592, ""13"": 4683, ""19"": 3191}",76528,4.256284760845384,10,40.0,ns3,899,0.5,10,12,28,,,[],[],,19;9,7,27,
2026_07_15_01_26_56,000140,14,all-cavs,selective_edgecooper_global,grid,,,,,,,singleton,20,60.0,14,14;13,13,"{""13"": 1}","{""13"": 1275, ""14"": 4847}",20400,1.1345939933259177,10,40.0,ns3,899,0.5,10,12,28,,,[],[],,13,2,3,
2026_07_15_01_26_56,000140,15,all-cavs,selective_edgecooper_global,grid,,,,,,,singleton,20,60.0,15,15;2;11;6,2;11;6,"{""2"": 1, ""6"": 1, ""11"": 1}","{""2"": 1747, ""6"": 1194, ""11"": 1586, ""15"": 4825}",72432,4.028476084538376,10,40.0,ns3,899,0.5,10,12,28,,,[],[],,2;11;6,16,44,
2026_07_15_01_26_56,000140,16,all-cavs,selective_edgecooper_global,grid,,,,,,,singleton,20,60.0,16,16;3,3,"{""3"": 1}","{""3"": 1241, ""16"": 5013}",19856,1.1043381535038932,10,40.0,ns3,899,0.5,10,12,28,,,[],[],,3,14,24,
2026_07_15_01_26_56,000140,17,all-cavs,selective_edgecooper_global,grid,,,,,,,singleton,20,60.0,17,17;7;3,7;3,"{""3"": 1, ""7"": 1}","{""3"": 1241, ""7"": 1430, ""17"": 5029}",42736,2.3768631813125696,10,40.0,ns3,899,0.5,10,12,28,,,[],[],,7;3,16,20,
2026_07_15_01_26_56,000140,18,all-cavs,selective_edgecooper_global,grid,,,,,,,singleton,20,60.0,18,18;3,3,"{""3"": 1}","{""3"": 1241, ""18"": 4865}",19856,1.1043381535038932,10,40.0,ns3,899,0.5,10,12,28,,,[],[],,3,9,11,
2026_07_15_01_26_56,000140,19,all-cavs,selective_edgecooper_global,grid,,,,,,,singleton,20,60.0,19,19;13;10,13;10,"{""10"": 1, ""13"": 1}","{""10"": 1229, ""13"": 1275, ""19"": 4828}",40064,2.2282536151279198,10,40.0,ns3,899,0.5,10,12,28,,,[],[],,13;10,8,36,
2026_07_15_01_26_56,000140,20,all-cavs,selective_edgecooper_global,grid,,,,,,,singleton,20,60.0,20,20;7;10,7;10,"{""7"": 1, ""10"": 1}","{""7"": 1430, ""10"": 1229, ""20"": 4909}",42544,2.3661846496106786,10,40.0,ns3,899,0.5,10,12,28,,,[],[],,7;10,16,36,
