Format = auto
Extension = pcd
Format = auto
Extension = pcd
Format = auto
Extension = pcd
Format = auto
Extension = pcd
Format = auto
Extension = pcd
Format = auto
Extension = pcd
Format = auto
Extension = pcd
Format = auto
Extension = pcd
Format = auto
Extension = pcd
Format = auto
Extension = pcd
Format = auto
Extension = pcd
Format = auto
Extension = pcd
Format = auto
Extension = pcd
Format = auto
Extension = pcd
Format = auto
Extension = pcd
Format = auto
Extension = pcd
Format = auto
Extension = pcd
Format = auto
Extension = pcd
Format = auto
Extension = pcd
Format = auto
Extension = pcd
Format = auto
Extension = pcd
Format = auto
Extension = pcd
Format = auto
Extension = pcd
Format = auto
Extension = pcd
Format = auto
Extension = pcd
Format = auto
Extension = pcd
Format = auto
Extension = pcd
Format = auto
Extension = pcd
Format = auto
Extension = pcd
Format = auto
Extension = pcd
Format = auto
Extension = pcd
Format = auto
Extension = pcd
Format = auto
Extension = pcd
Format = auto
Extension = pcd
Format = auto
Extension = pcd
Format = auto
Extension = pcd
Format = auto
Extension = pcd
Format = auto
Extension = pcd
Format = auto
Extension = pcd
Format = auto
Extension = pcd
resuming by loading epoch 10000
frame=1/41 receiver_sample=1/20 scenario=2026_07_15_01_26_56 timestamp=000060 cavs=[1]
sgcp_constrained receiver=1 policy=all-cavs sources=[1] clusters=20 ra=selective_edgecooper_global comm_bytes=0 selected_grids={}
fusion_method=early pred_boxes=15 gt_boxes=16
pred_scores_shape=(15,)
frame=1/41 receiver_sample=2/20 scenario=2026_07_15_01_26_56 timestamp=000060 cavs=[2, 8]
sgcp_constrained receiver=2 policy=all-cavs sources=[2, 8] clusters=20 ra=selective_edgecooper_global comm_bytes=76032 selected_grids={8: 39}
fusion_method=early pred_boxes=20 gt_boxes=38
pred_scores_shape=(20,)
frame=1/41 receiver_sample=3/20 scenario=2026_07_15_01_26_56 timestamp=000060 cavs=[3, 18]
sgcp_constrained receiver=3 policy=all-cavs sources=[3, 18] clusters=20 ra=selective_edgecooper_global comm_bytes=77168 selected_grids={18: 39}
fusion_method=early pred_boxes=21 gt_boxes=19
pred_scores_shape=(21,)
frame=1/41 receiver_sample=4/20 scenario=2026_07_15_01_26_56 timestamp=000060 cavs=[4, 1]
sgcp_constrained receiver=4 policy=all-cavs sources=[4, 1] clusters=20 ra=selective_edgecooper_global comm_bytes=78112 selected_grids={1: 39}
fusion_method=early pred_boxes=21 gt_boxes=29
pred_scores_shape=(21,)
frame=1/41 receiver_sample=5/20 scenario=2026_07_15_01_26_56 timestamp=000060 cavs=[5]
sgcp_constrained receiver=5 policy=all-cavs sources=[5] clusters=20 ra=selective_edgecooper_global comm_bytes=0 selected_grids={}
fusion_method=early pred_boxes=12 gt_boxes=15
pred_scores_shape=(12,)
frame=1/41 receiver_sample=6/20 scenario=2026_07_15_01_26_56 timestamp=000060 cavs=[6, 15]
sgcp_constrained receiver=6 policy=all-cavs sources=[6, 15] clusters=20 ra=selective_edgecooper_global comm_bytes=75376 selected_grids={15: 49}
fusion_method=early pred_boxes=13 gt_boxes=17
pred_scores_shape=(13,)
frame=1/41 receiver_sample=7/20 scenario=2026_07_15_01_26_56 timestamp=000060 cavs=[7, 12]
sgcp_constrained receiver=7 policy=all-cavs sources=[7, 12] clusters=20 ra=selective_edgecooper_global comm_bytes=75088 selected_grids={12: 39}
fusion_method=early pred_boxes=21 gt_boxes=29
pred_scores_shape=(21,)
frame=1/41 receiver_sample=8/20 scenario=2026_07_15_01_26_56 timestamp=000060 cavs=[8]
sgcp_constrained receiver=8 policy=all-cavs sources=[8] clusters=20 ra=selective_edgecooper_global comm_bytes=0 selected_grids={}
fusion_method=early pred_boxes=8 gt_boxes=23
pred_scores_shape=(8,)
frame=1/41 receiver_sample=9/20 scenario=2026_07_15_01_26_56 timestamp=000060 cavs=[9]
sgcp_constrained receiver=9 policy=all-cavs sources=[9] clusters=20 ra=selective_edgecooper_global comm_bytes=0 selected_grids={}
fusion_method=early pred_boxes=16 gt_boxes=19
pred_scores_shape=(16,)
frame=1/41 receiver_sample=10/20 scenario=2026_07_15_01_26_56 timestamp=000060 cavs=[10]
sgcp_constrained receiver=10 policy=all-cavs sources=[10] clusters=20 ra=selective_edgecooper_global comm_bytes=0 selected_grids={}
fusion_method=early pred_boxes=18 gt_boxes=30
pred_scores_shape=(18,)
frame=1/41 receiver_sample=11/20 scenario=2026_07_15_01_26_56 timestamp=000060 cavs=[11, 9]
sgcp_constrained receiver=11 policy=all-cavs sources=[11, 9] clusters=20 ra=selective_edgecooper_global comm_bytes=77168 selected_grids={9: 39}
fusion_method=early pred_boxes=29 gt_boxes=33
pred_scores_shape=(29,)
frame=1/41 receiver_sample=12/20 scenario=2026_07_15_01_26_56 timestamp=000060 cavs=[12]
sgcp_constrained receiver=12 policy=all-cavs sources=[12] clusters=20 ra=selective_edgecooper_global comm_bytes=0 selected_grids={}
fusion_method=early pred_boxes=12 gt_boxes=21
pred_scores_shape=(12,)
frame=1/41 receiver_sample=13/20 scenario=2026_07_15_01_26_56 timestamp=000060 cavs=[13, 10]
sgcp_constrained receiver=13 policy=all-cavs sources=[13, 10] clusters=20 ra=selective_edgecooper_global comm_bytes=77040 selected_grids={10: 39}
fusion_method=early pred_boxes=17 gt_boxes=35
pred_scores_shape=(17,)
frame=1/41 receiver_sample=14/20 scenario=2026_07_15_01_26_56 timestamp=000060 cavs=[14]
sgcp_constrained receiver=14 policy=all-cavs sources=[14] clusters=20 ra=selective_edgecooper_global comm_bytes=0 selected_grids={}
fusion_method=early pred_boxes=2 gt_boxes=4
pred_scores_shape=(2,)
frame=1/41 receiver_sample=15/20 scenario=2026_07_15_01_26_56 timestamp=000060 cavs=[15]
sgcp_constrained receiver=15 policy=all-cavs sources=[15] clusters=20 ra=selective_edgecooper_global comm_bytes=0 selected_grids={}
fusion_method=early pred_boxes=15 gt_boxes=9
pred_scores_shape=(15,)
frame=1/41 receiver_sample=16/20 scenario=2026_07_15_01_26_56 timestamp=000060 cavs=[16, 20]
sgcp_constrained receiver=16 policy=all-cavs sources=[16, 20] clusters=20 ra=selective_edgecooper_global comm_bytes=36224 selected_grids={20: 39}
fusion_method=early pred_boxes=17 gt_boxes=24
pred_scores_shape=(17,)
frame=1/41 receiver_sample=17/20 scenario=2026_07_15_01_26_56 timestamp=000060 cavs=[17]
sgcp_constrained receiver=17 policy=all-cavs sources=[17] clusters=20 ra=selective_edgecooper_global comm_bytes=0 selected_grids={}
fusion_method=early pred_boxes=16 gt_boxes=13
pred_scores_shape=(16,)
frame=1/41 receiver_sample=18/20 scenario=2026_07_15_01_26_56 timestamp=000060 cavs=[18]
sgcp_constrained receiver=18 policy=all-cavs sources=[18] clusters=20 ra=selective_edgecooper_global comm_bytes=0 selected_grids={}
fusion_method=early pred_boxes=16 gt_boxes=12
pred_scores_shape=(16,)
frame=1/41 receiver_sample=19/20 scenario=2026_07_15_01_26_56 timestamp=000060 cavs=[19, 5]
sgcp_constrained receiver=19 policy=all-cavs sources=[19, 5] clusters=20 ra=selective_edgecooper_global comm_bytes=77696 selected_grids={5: 39}
fusion_method=early pred_boxes=19 gt_boxes=17
pred_scores_shape=(19,)
frame=1/41 receiver_sample=20/20 scenario=2026_07_15_01_26_56 timestamp=000060 cavs=[20]
sgcp_constrained receiver=20 policy=all-cavs sources=[20] clusters=20 ra=selective_edgecooper_global comm_bytes=0 selected_grids={}
fusion_method=early pred_boxes=14 gt_boxes=18
pred_scores_shape=(14,)
frame=2/41 receiver_sample=1/20 scenario=2026_07_15_01_26_56 timestamp=000062 cavs=[1]
sgcp_constrained receiver=1 policy=all-cavs sources=[1] clusters=20 ra=selective_edgecooper_global comm_bytes=0 selected_grids={}
fusion_method=early pred_boxes=14 gt_boxes=16
pred_scores_shape=(14,)
frame=2/41 receiver_sample=2/20 scenario=2026_07_15_01_26_56 timestamp=000062 cavs=[2, 8]
sgcp_constrained receiver=2 policy=all-cavs sources=[2, 8] clusters=20 ra=selective_edgecooper_global comm_bytes=76000 selected_grids={8: 39}
fusion_method=early pred_boxes=23 gt_boxes=40
pred_scores_shape=(23,)
frame=2/41 receiver_sample=3/20 scenario=2026_07_15_01_26_56 timestamp=000062 cavs=[3, 18]
sgcp_constrained receiver=3 policy=all-cavs sources=[3, 18] clusters=20 ra=selective_edgecooper_global comm_bytes=77728 selected_grids={18: 39}
fusion_method=early pred_boxes=20 gt_boxes=19
pred_scores_shape=(20,)
frame=2/41 receiver_sample=4/20 scenario=2026_07_15_01_26_56 timestamp=000062 cavs=[4, 1]
sgcp_constrained receiver=4 policy=all-cavs sources=[4, 1] clusters=20 ra=selective_edgecooper_global comm_bytes=78112 selected_grids={1: 39}
fusion_method=early pred_boxes=23 gt_boxes=30
pred_scores_shape=(23,)
frame=2/41 receiver_sample=5/20 scenario=2026_07_15_01_26_56 timestamp=000062 cavs=[5]
sgcp_constrained receiver=5 policy=all-cavs sources=[5] clusters=20 ra=selective_edgecooper_global comm_bytes=0 selected_grids={}
fusion_method=early pred_boxes=12 gt_boxes=15
pred_scores_shape=(12,)
frame=2/41 receiver_sample=6/20 scenario=2026_07_15_01_26_56 timestamp=000062 cavs=[6, 15]
sgcp_constrained receiver=6 policy=all-cavs sources=[6, 15] clusters=20 ra=selective_edgecooper_global comm_bytes=75552 selected_grids={15: 49}
fusion_method=early pred_boxes=14 gt_boxes=17
pred_scores_shape=(14,)
frame=2/41 receiver_sample=7/20 scenario=2026_07_15_01_26_56 timestamp=000062 cavs=[7, 12]
sgcp_constrained receiver=7 policy=all-cavs sources=[7, 12] clusters=20 ra=selective_edgecooper_global comm_bytes=75008 selected_grids={12: 39}
fusion_method=early pred_boxes=19 gt_boxes=28
pred_scores_shape=(19,)
frame=2/41 receiver_sample=8/20 scenario=2026_07_15_01_26_56 timestamp=000062 cavs=[8]Format = auto
Extension = pcd
Format = auto
Extension = pcd
Format = auto
Extension = pcd
Format = auto
Extension = pcd
Format = auto
Extension = pcd
Format = auto
Extension = pcd
Format = auto
Extension = pcd
Format = auto
Extension = pcd
Format = auto
Extension = pcd
Format = auto
Extension = pcd
Format = auto
Extension = pcd
Format = auto
Extension = pcd
Format = auto
Extension = pcd
Format = auto
Extension = pcd
Format = auto
Extension = pcd
Format = auto
Extension = pcd
Format = auto
Extension = pcd
Format = auto
Extension = pcd
Format = auto
Extension = pcd
Format = auto
Extension = pcd

sgcp_constrained receiver=8 policy=all-cavs sources=[8] clusters=20 ra=selective_edgecooper_global comm_bytes=0 selected_grids={}
fusion_method=early pred_boxes=14 gt_boxes=24
pred_scores_shape=(14,)
frame=2/41 receiver_sample=9/20 scenario=2026_07_15_01_26_56 timestamp=000062 cavs=[9]
sgcp_constrained receiver=9 policy=all-cavs sources=[9] clusters=20 ra=selective_edgecooper_global comm_bytes=0 selected_grids={}
fusion_method=early pred_boxes=16 gt_boxes=19
pred_scores_shape=(16,)
frame=2/41 receiver_sample=10/20 scenario=2026_07_15_01_26_56 timestamp=000062 cavs=[10]
sgcp_constrained receiver=10 policy=all-cavs sources=[10] clusters=20 ra=selective_edgecooper_global comm_bytes=0 selected_grids={}
fusion_method=early pred_boxes=14 gt_boxes=29
pred_scores_shape=(14,)
frame=2/41 receiver_sample=11/20 scenario=2026_07_15_01_26_56 timestamp=000062 cavs=[11, 9]
sgcp_constrained receiver=11 policy=all-cavs sources=[11, 9] clusters=20 ra=selective_edgecooper_global comm_bytes=77184 selected_grids={9: 39}
fusion_method=early pred_boxes=30 gt_boxes=33
pred_scores_shape=(30,)
frame=2/41 receiver_sample=12/20 scenario=2026_07_15_01_26_56 timestamp=000062 cavs=[12]
sgcp_constrained receiver=12 policy=all-cavs sources=[12] clusters=20 ra=selective_edgecooper_global comm_bytes=0 selected_grids={}
fusion_method=early pred_boxes=11 gt_boxes=19
pred_scores_shape=(11,)
frame=2/41 receiver_sample=13/20 scenario=2026_07_15_01_26_56 timestamp=000062 cavs=[13, 10]
sgcp_constrained receiver=13 policy=all-cavs sources=[13, 10] clusters=20 ra=selective_edgecooper_global comm_bytes=77056 selected_grids={10: 39}
fusion_method=early pred_boxes=19 gt_boxes=35
pred_scores_shape=(19,)
frame=2/41 receiver_sample=14/20 scenario=2026_07_15_01_26_56 timestamp=000062 cavs=[14]
sgcp_constrained receiver=14 policy=all-cavs sources=[14] clusters=20 ra=selective_edgecooper_global comm_bytes=0 selected_grids={}
fusion_method=early pred_boxes=3 gt_boxes=4
pred_scores_shape=(3,)
frame=2/41 receiver_sample=15/20 scenario=2026_07_15_01_26_56 timestamp=000062 cavs=[15]
sgcp_constrained receiver=15 policy=all-cavs sources=[15] clusters=20 ra=selective_edgecooper_global comm_bytes=0 selected_grids={}
fusion_method=early pred_boxes=10 gt_boxes=9
pred_scores_shape=(10,)
frame=2/41 receiver_sample=16/20 scenario=2026_07_15_01_26_56 timestamp=000062 cavs=[16, 20]
sgcp_constrained receiver=16 policy=all-cavs sources=[16, 20] clusters=20 ra=selective_edgecooper_global comm_bytes=36160 selected_grids={20: 39}
fusion_method=early pred_boxes=15 gt_boxes=24
pred_scores_shape=(15,)
frame=2/41 receiver_sample=17/20 scenario=2026_07_15_01_26_56 timestamp=000062 cavs=[17]
sgcp_constrained receiver=17 policy=all-cavs sources=[17] clusters=20 ra=selective_edgecooper_global comm_bytes=0 selected_grids={}
fusion_method=early pred_boxes=16 gt_boxes=12
pred_scores_shape=(16,)
frame=2/41 receiver_sample=18/20 scenario=2026_07_15_01_26_56 timestamp=000062 cavs=[18]
sgcp_constrained receiver=18 policy=all-cavs sources=[18] clusters=20 ra=selective_edgecooper_global comm_bytes=0 selected_grids={}
fusion_method=early pred_boxes=16 gt_boxes=12
pred_scores_shape=(16,)
frame=2/41 receiver_sample=19/20 scenario=2026_07_15_01_26_56 timestamp=000062 cavs=[19, 5]
sgcp_constrained receiver=19 policy=all-cavs sources=[19, 5] clusters=20 ra=selective_edgecooper_global comm_bytes=77504 selected_grids={5: 39}
fusion_method=early pred_boxes=15 gt_boxes=16
pred_scores_shape=(15,)
frame=2/41 receiver_sample=20/20 scenario=2026_07_15_01_26_56 timestamp=000062 cavs=[20]
sgcp_constrained receiver=20 policy=all-cavs sources=[20] clusters=20 ra=selective_edgecooper_global comm_bytes=0 selected_grids={}
fusion_method=early pred_boxes=14 gt_boxes=19
pred_scores_shape=(14,)
frame=3/41 receiver_sample=1/20 scenario=2026_07_15_01_26_56 timestamp=000064 cavs=[1, 2]
sgcp_constrained receiver=1 policy=all-cavs sources=[1, 2] clusters=20 ra=selective_edgecooper_global comm_bytes=69392 selected_grids={2: 39}
fusion_method=early pred_boxes=24 gt_boxes=31
pred_scores_shape=(24,)
frame=3/41 receiver_sample=2/20 scenario=2026_07_15_01_26_56 timestamp=000064 cavs=[2]
sgcp_constrained receiver=2 policy=all-cavs sources=[2] clusters=20 ra=selective_edgecooper_global comm_bytes=0 selected_grids={}
fusion_method=early pred_boxes=16 gt_boxes=26
pred_scores_shape=(16,)
frame=3/41 receiver_sample=3/20 scenario=2026_07_15_01_26_56 timestamp=000064 cavs=[3, 18]
sgcp_constrained receiver=3 policy=all-cavs sources=[3, 18] clusters=20 ra=selective_edgecooper_global comm_bytes=77696 selected_grids={18: 39}
fusion_method=early pred_boxes=19 gt_boxes=19
pred_scores_shape=(19,)
frame=3/41 receiver_sample=4/20 scenario=2026_07_15_01_26_56 timestamp=000064 cavs=[4]
sgcp_constrained receiver=4 policy=all-cavs sources=[4] clusters=20 ra=selective_edgecooper_global comm_bytes=0 selected_grids={}
fusion_method=early pred_boxes=12 gt_boxes=26
pred_scores_shape=(12,)
frame=3/41 receiver_sample=5/20 scenario=2026_07_15_01_26_56 timestamp=000064 cavs=[5]
sgcp_constrained receiver=5 policy=all-cavs sources=[5] clusters=20 ra=selective_edgecooper_global comm_bytes=0 selected_grids={}
fusion_method=early pred_boxes=12 gt_boxes=15
pred_scores_shape=(12,)
frame=3/41 receiver_sample=6/20 scenario=2026_07_15_01_26_56 timestamp=000064 cavs=[6, 15]
sgcp_constrained receiver=6 policy=all-cavs sources=[6, 15] clusters=20 ra=selective_edgecooper_global comm_bytes=75504 selected_grids={15: 49}
fusion_method=early pred_boxes=15 gt_boxes=17
pred_scores_shape=(15,)
frame=3/41 receiver_sample=7/20 scenario=2026_07_15_01_26_56 timestamp=000064 cavs=[7, 12]
sgcp_constrained receiver=7 policy=all-cavs sources=[7, 12] clusters=20 ra=selective_edgecooper_global comm_bytes=75888 selected_grids={12: 55}
fusion_method=early pred_boxes=18 gt_boxes=27
pred_scores_shape=(18,)
frame=3/41 receiver_sample=8/20 scenario=2026_07_15_01_26_56 timestamp=000064 cavs=[8]
sgcp_constrained receiver=8 policy=all-cavs sources=[8] clusters=20 ra=selective_edgecooper_global comm_bytes=0 selected_grids={}
fusion_method=early pred_boxes=11 gt_boxes=24
pred_scores_shape=(11,)
frame=3/41 receiver_sample=9/20 scenario=2026_07_15_01_26_56 timestamp=000064 cavs=[9]
sgcp_constrained receiver=9 policy=all-cavs sources=[9] clusters=20 ra=selective_edgecooper_global comm_bytes=0 selected_grids={}
fusion_method=early pred_boxes=17 gt_boxes=19
pred_scores_shape=(17,)
frame=3/41 receiver_sample=10/20 scenario=2026_07_15_01_26_56 timestamp=000064 cavs=[10, 8]
sgcp_constrained receiver=10 policy=all-cavs sources=[10, 8] clusters=20 ra=selective_edgecooper_global comm_bytes=74576 selected_grids={8: 39}
fusion_method=early pred_boxes=16 gt_boxes=33
pred_scores_shape=(16,)
frame=3/41 receiver_sample=11/20 scenario=2026_07_15_01_26_56 timestamp=000064 cavs=[11, 9]
sgcp_constrained receiver=11 policy=all-cavs sources=[11, 9] clusters=20 ra=selective_edgecooper_global comm_bytes=77152 selected_grids={9: 39}
fusion_method=early pred_boxes=29 gt_boxes=33
pred_scores_shape=(29,)
frame=3/41 receiver_sample=12/20 scenario=2026_07_15_01_26_56 timestamp=000064 cavs=[12]
sgcp_constrained receiver=12 policy=all-cavs sources=[12] clusters=20 ra=selective_edgecooper_global comm_bytes=0 selected_grids={}
fusion_method=early pred_boxes=8 gt_boxes=18
pred_scores_shape=(8,)
frame=3/41 receiver_sample=13/20 scenario=2026_07_15_01_26_56 timestamp=000064 cavs=[13]
sgcp_constrained receiver=13 policy=all-cavs sources=[13] clusters=20 ra=selective_edgecooper_global comm_bytes=0 selected_grids={}
fusion_method=early pred_boxes=11 gt_boxes=15
pred_scores_shape=(11,)
frame=3/41 receiver_sample=14/20 scenario=2026_07_15_01_26_56 timestamp=000064 cavs=[14]
sgcp_constrained receiver=14 policy=all-cavs sources=[14] clusters=20 ra=selective_edgecooper_global comm_bytes=0 selected_grids={}
fusion_method=early pred_boxes=3 gt_boxes=4
pred_scores_shape=(3,)
frame=3/41 receiver_sample=15/20 scenario=2026_07_15_01_26_56 timestamp=000064 cavs=[15]
sgcp_constrained receiver=15 policy=all-cavs sources=[15] clusters=20 ra=selective_edgecooper_global comm_bytes=0 selected_grids={}Format = auto
Extension = pcd
Format = auto
Extension = pcd
Format = auto
Extension = pcd
Format = auto
Extension = pcd
Format = auto
Extension = pcd
Format = auto
Extension = pcd
Format = auto
Extension = pcd
Format = auto
Extension = pcd
Format = auto
Extension = pcd
Format = auto
Extension = pcd
Format = auto
Extension = pcd
Format = auto
Extension = pcd
Format = auto
Extension = pcd
Format = auto
Extension = pcd
Format = auto
Extension = pcd
Format = auto
Extension = pcd
Format = auto
Extension = pcd
Format = auto
Extension = pcd
Format = auto
Extension = pcd
Format = auto
Extension = pcd
Format = auto
Extension = pcd
Format = auto
Extension = pcd
Format = auto
Extension = pcd
Format = auto
Extension = pcd
Format = auto
Extension = pcd
Format = auto
Extension = pcd
Format = auto
Extension = pcd
Format = auto
Extension = pcd
Format = auto
Extension = pcd
Format = auto
Extension = pcd
Format = auto
Extension = pcd
Format = auto
Extension = pcd
Format = auto
Extension = pcd
Format = auto
Extension = pcd
Format = auto
Extension = pcd
Format = auto
Extension = pcd
Format = auto
Extension = pcd
Format = auto
Extension = pcd
Format = auto
Extension = pcd
Format = auto
Extension = pcd

fusion_method=early pred_boxes=13 gt_boxes=9
pred_scores_shape=(13,)
frame=3/41 receiver_sample=16/20 scenario=2026_07_15_01_26_56 timestamp=000064 cavs=[16, 20]
sgcp_constrained receiver=16 policy=all-cavs sources=[16, 20] clusters=20 ra=selective_edgecooper_global comm_bytes=36112 selected_grids={20: 39}
fusion_method=early pred_boxes=17 gt_boxes=24
pred_scores_shape=(17,)
frame=3/41 receiver_sample=17/20 scenario=2026_07_15_01_26_56 timestamp=000064 cavs=[17]
sgcp_constrained receiver=17 policy=all-cavs sources=[17] clusters=20 ra=selective_edgecooper_global comm_bytes=0 selected_grids={}
fusion_method=early pred_boxes=17 gt_boxes=12
pred_scores_shape=(17,)
frame=3/41 receiver_sample=18/20 scenario=2026_07_15_01_26_56 timestamp=000064 cavs=[18]
sgcp_constrained receiver=18 policy=all-cavs sources=[18] clusters=20 ra=selective_edgecooper_global comm_bytes=0 selected_grids={}
fusion_method=early pred_boxes=16 gt_boxes=12
pred_scores_shape=(16,)
frame=3/41 receiver_sample=19/20 scenario=2026_07_15_01_26_56 timestamp=000064 cavs=[19, 5]
sgcp_constrained receiver=19 policy=all-cavs sources=[19, 5] clusters=20 ra=selective_edgecooper_global comm_bytes=77552 selected_grids={5: 39}
fusion_method=early pred_boxes=15 gt_boxes=17
pred_scores_shape=(15,)
frame=3/41 receiver_sample=20/20 scenario=2026_07_15_01_26_56 timestamp=000064 cavs=[20]
sgcp_constrained receiver=20 policy=all-cavs sources=[20] clusters=20 ra=selective_edgecooper_global comm_bytes=0 selected_grids={}
fusion_method=early pred_boxes=15 gt_boxes=19
pred_scores_shape=(15,)
frame=4/41 receiver_sample=1/20 scenario=2026_07_15_01_26_56 timestamp=000066 cavs=[1, 2]
sgcp_constrained receiver=1 policy=all-cavs sources=[1, 2] clusters=20 ra=selective_edgecooper_global comm_bytes=69472 selected_grids={2: 39}
fusion_method=early pred_boxes=23 gt_boxes=31
pred_scores_shape=(23,)
frame=4/41 receiver_sample=2/20 scenario=2026_07_15_01_26_56 timestamp=000066 cavs=[2]
sgcp_constrained receiver=2 policy=all-cavs sources=[2] clusters=20 ra=selective_edgecooper_global comm_bytes=0 selected_grids={}
fusion_method=early pred_boxes=18 gt_boxes=24
pred_scores_shape=(18,)
frame=4/41 receiver_sample=3/20 scenario=2026_07_15_01_26_56 timestamp=000066 cavs=[3, 18]
sgcp_constrained receiver=3 policy=all-cavs sources=[3, 18] clusters=20 ra=selective_edgecooper_global comm_bytes=77520 selected_grids={18: 39}
fusion_method=early pred_boxes=19 gt_boxes=19
pred_scores_shape=(19,)
frame=4/41 receiver_sample=4/20 scenario=2026_07_15_01_26_56 timestamp=000066 cavs=[4]
sgcp_constrained receiver=4 policy=all-cavs sources=[4] clusters=20 ra=selective_edgecooper_global comm_bytes=0 selected_grids={}
fusion_method=early pred_boxes=13 gt_boxes=25
pred_scores_shape=(13,)
frame=4/41 receiver_sample=5/20 scenario=2026_07_15_01_26_56 timestamp=000066 cavs=[5]
sgcp_constrained receiver=5 policy=all-cavs sources=[5] clusters=20 ra=selective_edgecooper_global comm_bytes=0 selected_grids={}
fusion_method=early pred_boxes=13 gt_boxes=15
pred_scores_shape=(13,)
frame=4/41 receiver_sample=6/20 scenario=2026_07_15_01_26_56 timestamp=000066 cavs=[6, 15]
sgcp_constrained receiver=6 policy=all-cavs sources=[6, 15] clusters=20 ra=selective_edgecooper_global comm_bytes=75344 selected_grids={15: 49}
fusion_method=early pred_boxes=14 gt_boxes=17
pred_scores_shape=(14,)
frame=4/41 receiver_sample=7/20 scenario=2026_07_15_01_26_56 timestamp=000066 cavs=[7, 12]
sgcp_constrained receiver=7 policy=all-cavs sources=[7, 12] clusters=20 ra=selective_edgecooper_global comm_bytes=75824 selected_grids={12: 53}
fusion_method=early pred_boxes=18 gt_boxes=29
pred_scores_shape=(18,)
frame=4/41 receiver_sample=8/20 scenario=2026_07_15_01_26_56 timestamp=000066 cavs=[8]
sgcp_constrained receiver=8 policy=all-cavs sources=[8] clusters=20 ra=selective_edgecooper_global comm_bytes=0 selected_grids={}
fusion_method=early pred_boxes=11 gt_boxes=24
pred_scores_shape=(11,)
frame=4/41 receiver_sample=9/20 scenario=2026_07_15_01_26_56 timestamp=000066 cavs=[9]
sgcp_constrained receiver=9 policy=all-cavs sources=[9] clusters=20 ra=selective_edgecooper_global comm_bytes=0 selected_grids={}
fusion_method=early pred_boxes=16 gt_boxes=18
pred_scores_shape=(16,)
frame=4/41 receiver_sample=10/20 scenario=2026_07_15_01_26_56 timestamp=000066 cavs=[10, 8]
sgcp_constrained receiver=10 policy=all-cavs sources=[10, 8] clusters=20 ra=selective_edgecooper_global comm_bytes=74592 selected_grids={8: 39}
fusion_method=early pred_boxes=22 gt_boxes=34
pred_scores_shape=(22,)
frame=4/41 receiver_sample=11/20 scenario=2026_07_15_01_26_56 timestamp=000066 cavs=[11, 9]
sgcp_constrained receiver=11 policy=all-cavs sources=[11, 9] clusters=20 ra=selective_edgecooper_global comm_bytes=77136 selected_grids={9: 39}
fusion_method=early pred_boxes=29 gt_boxes=33
pred_scores_shape=(29,)
frame=4/41 receiver_sample=12/20 scenario=2026_07_15_01_26_56 timestamp=000066 cavs=[12]
sgcp_constrained receiver=12 policy=all-cavs sources=[12] clusters=20 ra=selective_edgecooper_global comm_bytes=0 selected_grids={}
fusion_method=early pred_boxes=9 gt_boxes=18
pred_scores_shape=(9,)
frame=4/41 receiver_sample=13/20 scenario=2026_07_15_01_26_56 timestamp=000066 cavs=[13]
sgcp_constrained receiver=13 policy=all-cavs sources=[13] clusters=20 ra=selective_edgecooper_global comm_bytes=0 selected_grids={}
fusion_method=early pred_boxes=11 gt_boxes=15
pred_scores_shape=(11,)
frame=4/41 receiver_sample=14/20 scenario=2026_07_15_01_26_56 timestamp=000066 cavs=[14]
sgcp_constrained receiver=14 policy=all-cavs sources=[14] clusters=20 ra=selective_edgecooper_global comm_bytes=0 selected_grids={}
fusion_method=early pred_boxes=4 gt_boxes=4
pred_scores_shape=(4,)
frame=4/41 receiver_sample=15/20 scenario=2026_07_15_01_26_56 timestamp=000066 cavs=[15]
sgcp_constrained receiver=15 policy=all-cavs sources=[15] clusters=20 ra=selective_edgecooper_global comm_bytes=0 selected_grids={}
fusion_method=early pred_boxes=12 gt_boxes=9
pred_scores_shape=(12,)
frame=4/41 receiver_sample=16/20 scenario=2026_07_15_01_26_56 timestamp=000066 cavs=[16]
sgcp_constrained receiver=16 policy=all-cavs sources=[16] clusters=20 ra=selective_edgecooper_global comm_bytes=0 selected_grids={}
fusion_method=early pred_boxes=18 gt_boxes=23
pred_scores_shape=(18,)
frame=4/41 receiver_sample=17/20 scenario=2026_07_15_01_26_56 timestamp=000066 cavs=[17, 16]
sgcp_constrained receiver=17 policy=all-cavs sources=[17, 16] clusters=20 ra=selective_edgecooper_global comm_bytes=76384 selected_grids={16: 39}
fusion_method=early pred_boxes=23 gt_boxes=27
pred_scores_shape=(23,)
frame=4/41 receiver_sample=18/20 scenario=2026_07_15_01_26_56 timestamp=000066 cavs=[18]
sgcp_constrained receiver=18 policy=all-cavs sources=[18] clusters=20 ra=selective_edgecooper_global comm_bytes=0 selected_grids={}
fusion_method=early pred_boxes=14 gt_boxes=12
pred_scores_shape=(14,)
frame=4/41 receiver_sample=19/20 scenario=2026_07_15_01_26_56 timestamp=000066 cavs=[19, 5]
sgcp_constrained receiver=19 policy=all-cavs sources=[19, 5] clusters=20 ra=selective_edgecooper_global comm_bytes=77552 selected_grids={5: 39}
fusion_method=early pred_boxes=13 gt_boxes=17
pred_scores_shape=(13,)
frame=4/41 receiver_sample=20/20 scenario=2026_07_15_01_26_56 timestamp=000066 cavs=[20]
sgcp_constrained receiver=20 policy=all-cavs sources=[20] clusters=20 ra=selective_edgecooper_global comm_bytes=0 selected_grids={}
fusion_method=early pred_boxes=17 gt_boxes=19
pred_scores_shape=(17,)
frame=5/41 receiver_sample=1/20 scenario=2026_07_15_01_26_56 timestamp=000068 cavs=[1]
sgcp_constrained receiver=1 policy=all-cavs sources=[1] clusters=20 ra=selective_edgecooper_global comm_bytes=0 selected_grids={}
fusion_method=early pred_boxes=16 gt_boxes=16
pred_scores_shape=(16,)
frame=5/41 receiver_sample=2/20 scenario=2026_07_15_01_26_56 timestamp=000068 cavs=[2, 8]
sgcp_constrained receiver=2 policy=all-cavs sources=[2, 8] clusters=20 ra=selective_edgecooper_global comm_bytes=75984 selected_grids={8: 39}
fusion_method=early pred_boxes=20 gt_boxes=38
pred_scores_shape=(20,)
frame=5/41 receiver_sample=3/20 scenario=2026_07_15_01_26_56 timestamp=000068 cavs=[3, 18]Format = auto
Extension = pcd
Format = auto
Extension = pcd
Format = auto
Extension = pcd
Format = auto
Extension = pcd
Format = auto
Extension = pcd
Format = auto
Extension = pcd
Format = auto
Extension = pcd
Format = auto
Extension = pcd
Format = auto
Extension = pcd
Format = auto
Extension = pcd
Format = auto
Extension = pcd
Format = auto
Extension = pcd
Format = auto
Extension = pcd
Format = auto
Extension = pcd
Format = auto
Extension = pcd
Format = auto
Extension = pcd
Format = auto
Extension = pcd
Format = auto
Extension = pcd
Format = auto
Extension = pcd
Format = auto
Extension = pcd

sgcp_constrained receiver=3 policy=all-cavs sources=[3, 18] clusters=20 ra=selective_edgecooper_global comm_bytes=77824 selected_grids={18: 39}
fusion_method=early pred_boxes=17 gt_boxes=18
pred_scores_shape=(17,)
frame=5/41 receiver_sample=4/20 scenario=2026_07_15_01_26_56 timestamp=000068 cavs=[4, 1]
sgcp_constrained receiver=4 policy=all-cavs sources=[4, 1] clusters=20 ra=selective_edgecooper_global comm_bytes=78176 selected_grids={1: 39}
fusion_method=early pred_boxes=23 gt_boxes=30
pred_scores_shape=(23,)
frame=5/41 receiver_sample=5/20 scenario=2026_07_15_01_26_56 timestamp=000068 cavs=[5]
sgcp_constrained receiver=5 policy=all-cavs sources=[5] clusters=20 ra=selective_edgecooper_global comm_bytes=0 selected_grids={}
fusion_method=early pred_boxes=12 gt_boxes=16
pred_scores_shape=(12,)
frame=5/41 receiver_sample=6/20 scenario=2026_07_15_01_26_56 timestamp=000068 cavs=[6, 15]
sgcp_constrained receiver=6 policy=all-cavs sources=[6, 15] clusters=20 ra=selective_edgecooper_global comm_bytes=75392 selected_grids={15: 50}
fusion_method=early pred_boxes=13 gt_boxes=16
pred_scores_shape=(13,)
frame=5/41 receiver_sample=7/20 scenario=2026_07_15_01_26_56 timestamp=000068 cavs=[7, 12]
sgcp_constrained receiver=7 policy=all-cavs sources=[7, 12] clusters=20 ra=selective_edgecooper_global comm_bytes=75792 selected_grids={12: 53}
fusion_method=early pred_boxes=18 gt_boxes=27
pred_scores_shape=(18,)
frame=5/41 receiver_sample=8/20 scenario=2026_07_15_01_26_56 timestamp=000068 cavs=[8]
sgcp_constrained receiver=8 policy=all-cavs sources=[8] clusters=20 ra=selective_edgecooper_global comm_bytes=0 selected_grids={}
fusion_method=early pred_boxes=13 gt_boxes=23
pred_scores_shape=(13,)
frame=5/41 receiver_sample=9/20 scenario=2026_07_15_01_26_56 timestamp=000068 cavs=[9]
sgcp_constrained receiver=9 policy=all-cavs sources=[9] clusters=20 ra=selective_edgecooper_global comm_bytes=0 selected_grids={}
fusion_method=early pred_boxes=16 gt_boxes=19
pred_scores_shape=(16,)
frame=5/41 receiver_sample=10/20 scenario=2026_07_15_01_26_56 timestamp=000068 cavs=[10]
sgcp_constrained receiver=10 policy=all-cavs sources=[10] clusters=20 ra=selective_edgecooper_global comm_bytes=0 selected_grids={}
fusion_method=early pred_boxes=14 gt_boxes=27
pred_scores_shape=(14,)
frame=5/41 receiver_sample=11/20 scenario=2026_07_15_01_26_56 timestamp=000068 cavs=[11, 9]
sgcp_constrained receiver=11 policy=all-cavs sources=[11, 9] clusters=20 ra=selective_edgecooper_global comm_bytes=77184 selected_grids={9: 39}
fusion_method=early pred_boxes=29 gt_boxes=33
pred_scores_shape=(29,)
frame=5/41 receiver_sample=12/20 scenario=2026_07_15_01_26_56 timestamp=000068 cavs=[12]
sgcp_constrained receiver=12 policy=all-cavs sources=[12] clusters=20 ra=selective_edgecooper_global comm_bytes=0 selected_grids={}
fusion_method=early pred_boxes=9 gt_boxes=19
pred_scores_shape=(9,)
frame=5/41 receiver_sample=13/20 scenario=2026_07_15_01_26_56 timestamp=000068 cavs=[13]
sgcp_constrained receiver=13 policy=all-cavs sources=[13] clusters=20 ra=selective_edgecooper_global comm_bytes=0 selected_grids={}
fusion_method=early pred_boxes=11 gt_boxes=15
pred_scores_shape=(11,)
frame=5/41 receiver_sample=14/20 scenario=2026_07_15_01_26_56 timestamp=000068 cavs=[14]
sgcp_constrained receiver=14 policy=all-cavs sources=[14] clusters=20 ra=selective_edgecooper_global comm_bytes=0 selected_grids={}
fusion_method=early pred_boxes=3 gt_boxes=4
pred_scores_shape=(3,)
frame=5/41 receiver_sample=15/20 scenario=2026_07_15_01_26_56 timestamp=000068 cavs=[15]
sgcp_constrained receiver=15 policy=all-cavs sources=[15] clusters=20 ra=selective_edgecooper_global comm_bytes=0 selected_grids={}
fusion_method=early pred_boxes=15 gt_boxes=8
pred_scores_shape=(15,)
frame=5/41 receiver_sample=16/20 scenario=2026_07_15_01_26_56 timestamp=000068 cavs=[16, 10]
sgcp_constrained receiver=16 policy=all-cavs sources=[16, 10] clusters=20 ra=selective_edgecooper_global comm_bytes=77840 selected_grids={10: 39}
fusion_method=early pred_boxes=25 gt_boxes=37
pred_scores_shape=(25,)
frame=5/41 receiver_sample=17/20 scenario=2026_07_15_01_26_56 timestamp=000068 cavs=[17]
sgcp_constrained receiver=17 policy=all-cavs sources=[17] clusters=20 ra=selective_edgecooper_global comm_bytes=0 selected_grids={}
fusion_method=early pred_boxes=17 gt_boxes=12
pred_scores_shape=(17,)
frame=5/41 receiver_sample=18/20 scenario=2026_07_15_01_26_56 timestamp=000068 cavs=[18]
sgcp_constrained receiver=18 policy=all-cavs sources=[18] clusters=20 ra=selective_edgecooper_global comm_bytes=0 selected_grids={}
fusion_method=early pred_boxes=13 gt_boxes=11
pred_scores_shape=(13,)
frame=5/41 receiver_sample=19/20 scenario=2026_07_15_01_26_56 timestamp=000068 cavs=[19, 5]
sgcp_constrained receiver=19 policy=all-cavs sources=[19, 5] clusters=20 ra=selective_edgecooper_global comm_bytes=77568 selected_grids={5: 39}
fusion_method=early pred_boxes=15 gt_boxes=16
pred_scores_shape=(15,)
frame=5/41 receiver_sample=20/20 scenario=2026_07_15_01_26_56 timestamp=000068 cavs=[20]
sgcp_constrained receiver=20 policy=all-cavs sources=[20] clusters=20 ra=selective_edgecooper_global comm_bytes=0 selected_grids={}
fusion_method=early pred_boxes=18 gt_boxes=19
pred_scores_shape=(18,)
frame=6/41 receiver_sample=1/20 scenario=2026_07_15_01_26_56 timestamp=000070 cavs=[1]
sgcp_constrained receiver=1 policy=all-cavs sources=[1] clusters=20 ra=selective_edgecooper_global comm_bytes=0 selected_grids={}
fusion_method=early pred_boxes=14 gt_boxes=16
pred_scores_shape=(14,)
frame=6/41 receiver_sample=2/20 scenario=2026_07_15_01_26_56 timestamp=000070 cavs=[2, 8]
sgcp_constrained receiver=2 policy=all-cavs sources=[2, 8] clusters=20 ra=selective_edgecooper_global comm_bytes=76000 selected_grids={8: 39}
fusion_method=early pred_boxes=19 gt_boxes=40
pred_scores_shape=(19,)
frame=6/41 receiver_sample=3/20 scenario=2026_07_15_01_26_56 timestamp=000070 cavs=[3, 18]
sgcp_constrained receiver=3 policy=all-cavs sources=[3, 18] clusters=20 ra=selective_edgecooper_global comm_bytes=78448 selected_grids={18: 39}
fusion_method=early pred_boxes=20 gt_boxes=18
pred_scores_shape=(20,)
frame=6/41 receiver_sample=4/20 scenario=2026_07_15_01_26_56 timestamp=000070 cavs=[4, 1]
sgcp_constrained receiver=4 policy=all-cavs sources=[4, 1] clusters=20 ra=selective_edgecooper_global comm_bytes=78192 selected_grids={1: 39}
fusion_method=early pred_boxes=22 gt_boxes=31
pred_scores_shape=(22,)
frame=6/41 receiver_sample=5/20 scenario=2026_07_15_01_26_56 timestamp=000070 cavs=[5]
sgcp_constrained receiver=5 policy=all-cavs sources=[5] clusters=20 ra=selective_edgecooper_global comm_bytes=0 selected_grids={}
fusion_method=early pred_boxes=13 gt_boxes=15
pred_scores_shape=(13,)
frame=6/41 receiver_sample=6/20 scenario=2026_07_15_01_26_56 timestamp=000070 cavs=[6, 15]
sgcp_constrained receiver=6 policy=all-cavs sources=[6, 15] clusters=20 ra=selective_edgecooper_global comm_bytes=75376 selected_grids={15: 48}
fusion_method=early pred_boxes=16 gt_boxes=16
pred_scores_shape=(16,)
frame=6/41 receiver_sample=7/20 scenario=2026_07_15_01_26_56 timestamp=000070 cavs=[7, 12]
sgcp_constrained receiver=7 policy=all-cavs sources=[7, 12] clusters=20 ra=selective_edgecooper_global comm_bytes=76144 selected_grids={12: 55}
fusion_method=early pred_boxes=18 gt_boxes=28
pred_scores_shape=(18,)
frame=6/41 receiver_sample=8/20 scenario=2026_07_15_01_26_56 timestamp=000070 cavs=[8]
sgcp_constrained receiver=8 policy=all-cavs sources=[8] clusters=20 ra=selective_edgecooper_global comm_bytes=0 selected_grids={}
fusion_method=early pred_boxes=12 gt_boxes=24
pred_scores_shape=(12,)
frame=6/41 receiver_sample=9/20 scenario=2026_07_15_01_26_56 timestamp=000070 cavs=[9]
sgcp_constrained receiver=9 policy=all-cavs sources=[9] clusters=20 ra=selective_edgecooper_global comm_bytes=0 selected_grids={}
fusion_method=early pred_boxes=16 gt_boxes=18
pred_scores_shape=(16,)
frame=6/41 receiver_sample=10/20 scenario=2026_07_15_01_26_56 timestamp=000070 cavs=[10]
sgcp_constrained receiver=10 policy=all-cavs sources=[10] clusters=20 ra=selective_edgecooper_global comm_bytes=0 selected_grids={}Format = auto
Extension = pcd
Format = auto
Extension = pcd
Format = auto
Extension = pcd
Format = auto
Extension = pcd
Format = auto
Extension = pcd
Format = auto
Extension = pcd
Format = auto
Extension = pcd
Format = auto
Extension = pcd
Format = auto
Extension = pcd
Format = auto
Extension = pcd
Format = auto
Extension = pcd
Format = auto
Extension = pcd
Format = auto
Extension = pcd
Format = auto
Extension = pcd
Format = auto
Extension = pcd
Format = auto
Extension = pcd
Format = auto
Extension = pcd
Format = auto
Extension = pcd
Format = auto
Extension = pcd
Format = auto
Extension = pcd

fusion_method=early pred_boxes=15 gt_boxes=28
pred_scores_shape=(15,)
frame=6/41 receiver_sample=11/20 scenario=2026_07_15_01_26_56 timestamp=000070 cavs=[11, 9]
sgcp_constrained receiver=11 policy=all-cavs sources=[11, 9] clusters=20 ra=selective_edgecooper_global comm_bytes=77168 selected_grids={9: 39}
fusion_method=early pred_boxes=30 gt_boxes=32
pred_scores_shape=(30,)
frame=6/41 receiver_sample=12/20 scenario=2026_07_15_01_26_56 timestamp=000070 cavs=[12]
sgcp_constrained receiver=12 policy=all-cavs sources=[12] clusters=20 ra=selective_edgecooper_global comm_bytes=0 selected_grids={}
fusion_method=early pred_boxes=10 gt_boxes=19
pred_scores_shape=(10,)
frame=6/41 receiver_sample=13/20 scenario=2026_07_15_01_26_56 timestamp=000070 cavs=[13]
sgcp_constrained receiver=13 policy=all-cavs sources=[13] clusters=20 ra=selective_edgecooper_global comm_bytes=0 selected_grids={}
fusion_method=early pred_boxes=11 gt_boxes=15
pred_scores_shape=(11,)
frame=6/41 receiver_sample=14/20 scenario=2026_07_15_01_26_56 timestamp=000070 cavs=[14]
sgcp_constrained receiver=14 policy=all-cavs sources=[14] clusters=20 ra=selective_edgecooper_global comm_bytes=0 selected_grids={}
fusion_method=early pred_boxes=3 gt_boxes=4
pred_scores_shape=(3,)
frame=6/41 receiver_sample=15/20 scenario=2026_07_15_01_26_56 timestamp=000070 cavs=[15]
sgcp_constrained receiver=15 policy=all-cavs sources=[15] clusters=20 ra=selective_edgecooper_global comm_bytes=0 selected_grids={}
fusion_method=early pred_boxes=15 gt_boxes=8
pred_scores_shape=(15,)
frame=6/41 receiver_sample=16/20 scenario=2026_07_15_01_26_56 timestamp=000070 cavs=[16, 10]
sgcp_constrained receiver=16 policy=all-cavs sources=[16, 10] clusters=20 ra=selective_edgecooper_global comm_bytes=78432 selected_grids={10: 39}
fusion_method=early pred_boxes=17 gt_boxes=40
pred_scores_shape=(17,)
frame=6/41 receiver_sample=17/20 scenario=2026_07_15_01_26_56 timestamp=000070 cavs=[17]
sgcp_constrained receiver=17 policy=all-cavs sources=[17] clusters=20 ra=selective_edgecooper_global comm_bytes=0 selected_grids={}
fusion_method=early pred_boxes=16 gt_boxes=12
pred_scores_shape=(16,)
frame=6/41 receiver_sample=18/20 scenario=2026_07_15_01_26_56 timestamp=000070 cavs=[18]
sgcp_constrained receiver=18 policy=all-cavs sources=[18] clusters=20 ra=selective_edgecooper_global comm_bytes=0 selected_grids={}
fusion_method=early pred_boxes=14 gt_boxes=11
pred_scores_shape=(14,)
frame=6/41 receiver_sample=19/20 scenario=2026_07_15_01_26_56 timestamp=000070 cavs=[19, 5]
sgcp_constrained receiver=19 policy=all-cavs sources=[19, 5] clusters=20 ra=selective_edgecooper_global comm_bytes=77600 selected_grids={5: 39}
fusion_method=early pred_boxes=16 gt_boxes=17
pred_scores_shape=(16,)
frame=6/41 receiver_sample=20/20 scenario=2026_07_15_01_26_56 timestamp=000070 cavs=[20]
sgcp_constrained receiver=20 policy=all-cavs sources=[20] clusters=20 ra=selective_edgecooper_global comm_bytes=0 selected_grids={}
fusion_method=early pred_boxes=18 gt_boxes=19
pred_scores_shape=(18,)
frame=7/41 receiver_sample=1/20 scenario=2026_07_15_01_26_56 timestamp=000072 cavs=[1]
sgcp_constrained receiver=1 policy=all-cavs sources=[1] clusters=20 ra=selective_edgecooper_global comm_bytes=0 selected_grids={}
fusion_method=early pred_boxes=15 gt_boxes=15
pred_scores_shape=(15,)
frame=7/41 receiver_sample=2/20 scenario=2026_07_15_01_26_56 timestamp=000072 cavs=[2, 8]
sgcp_constrained receiver=2 policy=all-cavs sources=[2, 8] clusters=20 ra=selective_edgecooper_global comm_bytes=76000 selected_grids={8: 39}
fusion_method=early pred_boxes=22 gt_boxes=42
pred_scores_shape=(22,)
frame=7/41 receiver_sample=3/20 scenario=2026_07_15_01_26_56 timestamp=000072 cavs=[3, 18]
sgcp_constrained receiver=3 policy=all-cavs sources=[3, 18] clusters=20 ra=selective_edgecooper_global comm_bytes=77856 selected_grids={18: 39}
fusion_method=early pred_boxes=20 gt_boxes=18
pred_scores_shape=(20,)
frame=7/41 receiver_sample=4/20 scenario=2026_07_15_01_26_56 timestamp=000072 cavs=[4, 1]
sgcp_constrained receiver=4 policy=all-cavs sources=[4, 1] clusters=20 ra=selective_edgecooper_global comm_bytes=78240 selected_grids={1: 39}
fusion_method=early pred_boxes=20 gt_boxes=29
pred_scores_shape=(20,)
frame=7/41 receiver_sample=5/20 scenario=2026_07_15_01_26_56 timestamp=000072 cavs=[5]
sgcp_constrained receiver=5 policy=all-cavs sources=[5] clusters=20 ra=selective_edgecooper_global comm_bytes=0 selected_grids={}
fusion_method=early pred_boxes=9 gt_boxes=15
pred_scores_shape=(9,)
frame=7/41 receiver_sample=6/20 scenario=2026_07_15_01_26_56 timestamp=000072 cavs=[6, 15]
sgcp_constrained receiver=6 policy=all-cavs sources=[6, 15] clusters=20 ra=selective_edgecooper_global comm_bytes=75664 selected_grids={15: 49}
fusion_method=early pred_boxes=15 gt_boxes=18
pred_scores_shape=(15,)
frame=7/41 receiver_sample=7/20 scenario=2026_07_15_01_26_56 timestamp=000072 cavs=[7, 12]
sgcp_constrained receiver=7 policy=all-cavs sources=[7, 12] clusters=20 ra=selective_edgecooper_global comm_bytes=76240 selected_grids={12: 54}
fusion_method=early pred_boxes=17 gt_boxes=27
pred_scores_shape=(17,)
frame=7/41 receiver_sample=8/20 scenario=2026_07_15_01_26_56 timestamp=000072 cavs=[8]
sgcp_constrained receiver=8 policy=all-cavs sources=[8] clusters=20 ra=selective_edgecooper_global comm_bytes=0 selected_grids={}
fusion_method=early pred_boxes=12 gt_boxes=24
pred_scores_shape=(12,)
frame=7/41 receiver_sample=9/20 scenario=2026_07_15_01_26_56 timestamp=000072 cavs=[9]
sgcp_constrained receiver=9 policy=all-cavs sources=[9] clusters=20 ra=selective_edgecooper_global comm_bytes=0 selected_grids={}
fusion_method=early pred_boxes=16 gt_boxes=18
pred_scores_shape=(16,)
frame=7/41 receiver_sample=10/20 scenario=2026_07_15_01_26_56 timestamp=000072 cavs=[10]
sgcp_constrained receiver=10 policy=all-cavs sources=[10] clusters=20 ra=selective_edgecooper_global comm_bytes=0 selected_grids={}
fusion_method=early pred_boxes=17 gt_boxes=26
pred_scores_shape=(17,)
frame=7/41 receiver_sample=11/20 scenario=2026_07_15_01_26_56 timestamp=000072 cavs=[11, 9]
sgcp_constrained receiver=11 policy=all-cavs sources=[11, 9] clusters=20 ra=selective_edgecooper_global comm_bytes=77184 selected_grids={9: 39}
fusion_method=early pred_boxes=29 gt_boxes=32
pred_scores_shape=(29,)
frame=7/41 receiver_sample=12/20 scenario=2026_07_15_01_26_56 timestamp=000072 cavs=[12]
sgcp_constrained receiver=12 policy=all-cavs sources=[12] clusters=20 ra=selective_edgecooper_global comm_bytes=0 selected_grids={}
fusion_method=early pred_boxes=8 gt_boxes=15
pred_scores_shape=(8,)
frame=7/41 receiver_sample=13/20 scenario=2026_07_15_01_26_56 timestamp=000072 cavs=[13]
sgcp_constrained receiver=13 policy=all-cavs sources=[13] clusters=20 ra=selective_edgecooper_global comm_bytes=0 selected_grids={}
fusion_method=early pred_boxes=10 gt_boxes=14
pred_scores_shape=(10,)
frame=7/41 receiver_sample=14/20 scenario=2026_07_15_01_26_56 timestamp=000072 cavs=[14]
sgcp_constrained receiver=14 policy=all-cavs sources=[14] clusters=20 ra=selective_edgecooper_global comm_bytes=0 selected_grids={}
fusion_method=early pred_boxes=3 gt_boxes=4
pred_scores_shape=(3,)
frame=7/41 receiver_sample=15/20 scenario=2026_07_15_01_26_56 timestamp=000072 cavs=[15]
sgcp_constrained receiver=15 policy=all-cavs sources=[15] clusters=20 ra=selective_edgecooper_global comm_bytes=0 selected_grids={}
fusion_method=early pred_boxes=11 gt_boxes=9
pred_scores_shape=(11,)
frame=7/41 receiver_sample=16/20 scenario=2026_07_15_01_26_56 timestamp=000072 cavs=[16, 10]
sgcp_constrained receiver=16 policy=all-cavs sources=[16, 10] clusters=20 ra=selective_edgecooper_global comm_bytes=78256 selected_grids={10: 39}
fusion_method=early pred_boxes=22 gt_boxes=39
pred_scores_shape=(22,)
frame=7/41 receiver_sample=17/20 scenario=2026_07_15_01_26_56 timestamp=000072 cavs=[17]
sgcp_constrained receiver=17 policy=all-cavs sources=[17] clusters=20 ra=selective_edgecooper_global comm_bytes=0 selected_grids={}
fusion_method=early pred_boxes=17 gt_boxes=12
pred_scores_shape=(17,)
frame=7/41 receiver_sample=18/20 scenario=2026_07_15_01_26_56 timestamp=000072 cavs=[18]Format = auto
Extension = pcd
Format = auto
Extension = pcd
Format = auto
Extension = pcd
Format = auto
Extension = pcd
Format = auto
Extension = pcd
Format = auto
Extension = pcd
Format = auto
Extension = pcd
Format = auto
Extension = pcd
Format = auto
Extension = pcd
Format = auto
Extension = pcd
Format = auto
Extension = pcd
Format = auto
Extension = pcd
Format = auto
Extension = pcd
Format = auto
Extension = pcd
Format = auto
Extension = pcd
Format = auto
Extension = pcd
Format = auto
Extension = pcd
Format = auto
Extension = pcd
Format = auto
Extension = pcd
Format = auto
Extension = pcd
Format = auto
Extension = pcd
Format = auto
Extension = pcd
Format = auto
Extension = pcd
Format = auto
Extension = pcd
Format = auto
Extension = pcd
Format = auto
Extension = pcd
Format = auto
Extension = pcd
Format = auto
Extension = pcd
Format = auto
Extension = pcd
Format = auto
Extension = pcd
Format = auto
Extension = pcd
Format = auto
Extension = pcd
Format = auto
Extension = pcd
Format = auto
Extension = pcd
Format = auto
Extension = pcd
Format = auto
Extension = pcd
Format = auto
Extension = pcd
Format = auto
Extension = pcd
Format = auto
Extension = pcd
Format = auto
Extension = pcd

sgcp_constrained receiver=18 policy=all-cavs sources=[18] clusters=20 ra=selective_edgecooper_global comm_bytes=0 selected_grids={}
fusion_method=early pred_boxes=13 gt_boxes=11
pred_scores_shape=(13,)
frame=7/41 receiver_sample=19/20 scenario=2026_07_15_01_26_56 timestamp=000072 cavs=[19, 5]
sgcp_constrained receiver=19 policy=all-cavs sources=[19, 5] clusters=20 ra=selective_edgecooper_global comm_bytes=77584 selected_grids={5: 39}
fusion_method=early pred_boxes=15 gt_boxes=17
pred_scores_shape=(15,)
frame=7/41 receiver_sample=20/20 scenario=2026_07_15_01_26_56 timestamp=000072 cavs=[20]
sgcp_constrained receiver=20 policy=all-cavs sources=[20] clusters=20 ra=selective_edgecooper_global comm_bytes=0 selected_grids={}
fusion_method=early pred_boxes=18 gt_boxes=19
pred_scores_shape=(18,)
frame=8/41 receiver_sample=1/20 scenario=2026_07_15_01_26_56 timestamp=000074 cavs=[1]
sgcp_constrained receiver=1 policy=all-cavs sources=[1] clusters=20 ra=selective_edgecooper_global comm_bytes=0 selected_grids={}
fusion_method=early pred_boxes=17 gt_boxes=15
pred_scores_shape=(17,)
frame=8/41 receiver_sample=2/20 scenario=2026_07_15_01_26_56 timestamp=000074 cavs=[2, 8]
sgcp_constrained receiver=2 policy=all-cavs sources=[2, 8] clusters=20 ra=selective_edgecooper_global comm_bytes=76160 selected_grids={8: 39}
fusion_method=early pred_boxes=23 gt_boxes=42
pred_scores_shape=(23,)
frame=8/41 receiver_sample=3/20 scenario=2026_07_15_01_26_56 timestamp=000074 cavs=[3, 18]
sgcp_constrained receiver=3 policy=all-cavs sources=[3, 18] clusters=20 ra=selective_edgecooper_global comm_bytes=77520 selected_grids={18: 39}
fusion_method=early pred_boxes=20 gt_boxes=18
pred_scores_shape=(20,)
frame=8/41 receiver_sample=4/20 scenario=2026_07_15_01_26_56 timestamp=000074 cavs=[4, 1]
sgcp_constrained receiver=4 policy=all-cavs sources=[4, 1] clusters=20 ra=selective_edgecooper_global comm_bytes=78304 selected_grids={1: 39}
fusion_method=early pred_boxes=24 gt_boxes=29
pred_scores_shape=(24,)
frame=8/41 receiver_sample=5/20 scenario=2026_07_15_01_26_56 timestamp=000074 cavs=[5]
sgcp_constrained receiver=5 policy=all-cavs sources=[5] clusters=20 ra=selective_edgecooper_global comm_bytes=0 selected_grids={}
fusion_method=early pred_boxes=12 gt_boxes=16
pred_scores_shape=(12,)
frame=8/41 receiver_sample=6/20 scenario=2026_07_15_01_26_56 timestamp=000074 cavs=[6, 15]
sgcp_constrained receiver=6 policy=all-cavs sources=[6, 15] clusters=20 ra=selective_edgecooper_global comm_bytes=75568 selected_grids={15: 47}
fusion_method=early pred_boxes=15 gt_boxes=18
pred_scores_shape=(15,)
frame=8/41 receiver_sample=7/20 scenario=2026_07_15_01_26_56 timestamp=000074 cavs=[7, 12]
sgcp_constrained receiver=7 policy=all-cavs sources=[7, 12] clusters=20 ra=selective_edgecooper_global comm_bytes=76112 selected_grids={12: 53}
fusion_method=early pred_boxes=20 gt_boxes=28
pred_scores_shape=(20,)
frame=8/41 receiver_sample=8/20 scenario=2026_07_15_01_26_56 timestamp=000074 cavs=[8]
sgcp_constrained receiver=8 policy=all-cavs sources=[8] clusters=20 ra=selective_edgecooper_global comm_bytes=0 selected_grids={}
fusion_method=early pred_boxes=14 gt_boxes=24
pred_scores_shape=(14,)
frame=8/41 receiver_sample=9/20 scenario=2026_07_15_01_26_56 timestamp=000074 cavs=[9]
sgcp_constrained receiver=9 policy=all-cavs sources=[9] clusters=20 ra=selective_edgecooper_global comm_bytes=0 selected_grids={}
fusion_method=early pred_boxes=15 gt_boxes=18
pred_scores_shape=(15,)
frame=8/41 receiver_sample=10/20 scenario=2026_07_15_01_26_56 timestamp=000074 cavs=[10]
sgcp_constrained receiver=10 policy=all-cavs sources=[10] clusters=20 ra=selective_edgecooper_global comm_bytes=0 selected_grids={}
fusion_method=early pred_boxes=17 gt_boxes=26
pred_scores_shape=(17,)
frame=8/41 receiver_sample=11/20 scenario=2026_07_15_01_26_56 timestamp=000074 cavs=[11, 9]
sgcp_constrained receiver=11 policy=all-cavs sources=[11, 9] clusters=20 ra=selective_edgecooper_global comm_bytes=77200 selected_grids={9: 39}
fusion_method=early pred_boxes=28 gt_boxes=31
pred_scores_shape=(28,)
frame=8/41 receiver_sample=12/20 scenario=2026_07_15_01_26_56 timestamp=000074 cavs=[12]
sgcp_constrained receiver=12 policy=all-cavs sources=[12] clusters=20 ra=selective_edgecooper_global comm_bytes=0 selected_grids={}
fusion_method=early pred_boxes=10 gt_boxes=18
pred_scores_shape=(10,)
frame=8/41 receiver_sample=13/20 scenario=2026_07_15_01_26_56 timestamp=000074 cavs=[13]
sgcp_constrained receiver=13 policy=all-cavs sources=[13] clusters=20 ra=selective_edgecooper_global comm_bytes=0 selected_grids={}
fusion_method=early pred_boxes=9 gt_boxes=15
pred_scores_shape=(9,)
frame=8/41 receiver_sample=14/20 scenario=2026_07_15_01_26_56 timestamp=000074 cavs=[14]
sgcp_constrained receiver=14 policy=all-cavs sources=[14] clusters=20 ra=selective_edgecooper_global comm_bytes=0 selected_grids={}
fusion_method=early pred_boxes=3 gt_boxes=4
pred_scores_shape=(3,)
frame=8/41 receiver_sample=15/20 scenario=2026_07_15_01_26_56 timestamp=000074 cavs=[15]
sgcp_constrained receiver=15 policy=all-cavs sources=[15] clusters=20 ra=selective_edgecooper_global comm_bytes=0 selected_grids={}
fusion_method=early pred_boxes=12 gt_boxes=9
pred_scores_shape=(12,)
frame=8/41 receiver_sample=16/20 scenario=2026_07_15_01_26_56 timestamp=000074 cavs=[16, 10]
sgcp_constrained receiver=16 policy=all-cavs sources=[16, 10] clusters=20 ra=selective_edgecooper_global comm_bytes=78576 selected_grids={10: 39}
fusion_method=early pred_boxes=28 gt_boxes=38
pred_scores_shape=(28,)
frame=8/41 receiver_sample=17/20 scenario=2026_07_15_01_26_56 timestamp=000074 cavs=[17]
sgcp_constrained receiver=17 policy=all-cavs sources=[17] clusters=20 ra=selective_edgecooper_global comm_bytes=0 selected_grids={}
fusion_method=early pred_boxes=18 gt_boxes=12
pred_scores_shape=(18,)
frame=8/41 receiver_sample=18/20 scenario=2026_07_15_01_26_56 timestamp=000074 cavs=[18]
sgcp_constrained receiver=18 policy=all-cavs sources=[18] clusters=20 ra=selective_edgecooper_global comm_bytes=0 selected_grids={}
fusion_method=early pred_boxes=12 gt_boxes=11
pred_scores_shape=(12,)
frame=8/41 receiver_sample=19/20 scenario=2026_07_15_01_26_56 timestamp=000074 cavs=[19, 5]
sgcp_constrained receiver=19 policy=all-cavs sources=[19, 5] clusters=20 ra=selective_edgecooper_global comm_bytes=77712 selected_grids={5: 39}
fusion_method=early pred_boxes=14 gt_boxes=17
pred_scores_shape=(14,)
frame=8/41 receiver_sample=20/20 scenario=2026_07_15_01_26_56 timestamp=000074 cavs=[20]
sgcp_constrained receiver=20 policy=all-cavs sources=[20] clusters=20 ra=selective_edgecooper_global comm_bytes=0 selected_grids={}
fusion_method=early pred_boxes=17 gt_boxes=18
pred_scores_shape=(17,)
frame=9/41 receiver_sample=1/20 scenario=2026_07_15_01_26_56 timestamp=000076 cavs=[1]
sgcp_constrained receiver=1 policy=all-cavs sources=[1] clusters=20 ra=selective_edgecooper_global comm_bytes=0 selected_grids={}
fusion_method=early pred_boxes=15 gt_boxes=16
pred_scores_shape=(15,)
frame=9/41 receiver_sample=2/20 scenario=2026_07_15_01_26_56 timestamp=000076 cavs=[2, 8]
sgcp_constrained receiver=2 policy=all-cavs sources=[2, 8] clusters=20 ra=selective_edgecooper_global comm_bytes=76144 selected_grids={8: 39}
fusion_method=early pred_boxes=21 gt_boxes=41
pred_scores_shape=(21,)
frame=9/41 receiver_sample=3/20 scenario=2026_07_15_01_26_56 timestamp=000076 cavs=[3, 18]
sgcp_constrained receiver=3 policy=all-cavs sources=[3, 18] clusters=20 ra=selective_edgecooper_global comm_bytes=77456 selected_grids={18: 39}
fusion_method=early pred_boxes=20 gt_boxes=18
pred_scores_shape=(20,)
frame=9/41 receiver_sample=4/20 scenario=2026_07_15_01_26_56 timestamp=000076 cavs=[4, 1]
sgcp_constrained receiver=4 policy=all-cavs sources=[4, 1] clusters=20 ra=selective_edgecooper_global comm_bytes=78336 selected_grids={1: 39}
fusion_method=early pred_boxes=21 gt_boxes=29
pred_scores_shape=(21,)
frame=9/41 receiver_sample=5/20 scenario=2026_07_15_01_26_56 timestamp=000076 cavs=[5]
sgcp_constrained receiver=5 policy=all-cavs sources=[5] clusters=20 ra=selective_edgecooper_global comm_bytes=0 selected_grids={}Format = auto
Extension = pcd
Format = auto
Extension = pcd
Format = auto
Extension = pcd
Format = auto
Extension = pcd
Format = auto
Extension = pcd
Format = auto
Extension = pcd
Format = auto
Extension = pcd
Format = auto
Extension = pcd
Format = auto
Extension = pcd
Format = auto
Extension = pcd
Format = auto
Extension = pcd
Format = auto
Extension = pcd
Format = auto
Extension = pcd
Format = auto
Extension = pcd
Format = auto
Extension = pcd
Format = auto
Extension = pcd
Format = auto
Extension = pcd
Format = auto
Extension = pcd
Format = auto
Extension = pcd
Format = auto
Extension = pcd

fusion_method=early pred_boxes=15 gt_boxes=15
pred_scores_shape=(15,)
frame=9/41 receiver_sample=6/20 scenario=2026_07_15_01_26_56 timestamp=000076 cavs=[6, 15]
sgcp_constrained receiver=6 policy=all-cavs sources=[6, 15] clusters=20 ra=selective_edgecooper_global comm_bytes=75536 selected_grids={15: 45}
fusion_method=early pred_boxes=16 gt_boxes=18
pred_scores_shape=(16,)
frame=9/41 receiver_sample=7/20 scenario=2026_07_15_01_26_56 timestamp=000076 cavs=[7, 12]
sgcp_constrained receiver=7 policy=all-cavs sources=[7, 12] clusters=20 ra=selective_edgecooper_global comm_bytes=76656 selected_grids={12: 52}
fusion_method=early pred_boxes=18 gt_boxes=28
pred_scores_shape=(18,)
frame=9/41 receiver_sample=8/20 scenario=2026_07_15_01_26_56 timestamp=000076 cavs=[8]
sgcp_constrained receiver=8 policy=all-cavs sources=[8] clusters=20 ra=selective_edgecooper_global comm_bytes=0 selected_grids={}
fusion_method=early pred_boxes=13 gt_boxes=24
pred_scores_shape=(13,)
frame=9/41 receiver_sample=9/20 scenario=2026_07_15_01_26_56 timestamp=000076 cavs=[9]
sgcp_constrained receiver=9 policy=all-cavs sources=[9] clusters=20 ra=selective_edgecooper_global comm_bytes=0 selected_grids={}
fusion_method=early pred_boxes=15 gt_boxes=19
pred_scores_shape=(15,)
frame=9/41 receiver_sample=10/20 scenario=2026_07_15_01_26_56 timestamp=000076 cavs=[10]
sgcp_constrained receiver=10 policy=all-cavs sources=[10] clusters=20 ra=selective_edgecooper_global comm_bytes=0 selected_grids={}
fusion_method=early pred_boxes=20 gt_boxes=25
pred_scores_shape=(20,)
frame=9/41 receiver_sample=11/20 scenario=2026_07_15_01_26_56 timestamp=000076 cavs=[11, 9]
sgcp_constrained receiver=11 policy=all-cavs sources=[11, 9] clusters=20 ra=selective_edgecooper_global comm_bytes=77200 selected_grids={9: 39}
fusion_method=early pred_boxes=29 gt_boxes=32
pred_scores_shape=(29,)
frame=9/41 receiver_sample=12/20 scenario=2026_07_15_01_26_56 timestamp=000076 cavs=[12]
sgcp_constrained receiver=12 policy=all-cavs sources=[12] clusters=20 ra=selective_edgecooper_global comm_bytes=0 selected_grids={}
fusion_method=early pred_boxes=10 gt_boxes=16
pred_scores_shape=(10,)
frame=9/41 receiver_sample=13/20 scenario=2026_07_15_01_26_56 timestamp=000076 cavs=[13]
sgcp_constrained receiver=13 policy=all-cavs sources=[13] clusters=20 ra=selective_edgecooper_global comm_bytes=0 selected_grids={}
fusion_method=early pred_boxes=11 gt_boxes=15
pred_scores_shape=(11,)
frame=9/41 receiver_sample=14/20 scenario=2026_07_15_01_26_56 timestamp=000076 cavs=[14]
sgcp_constrained receiver=14 policy=all-cavs sources=[14] clusters=20 ra=selective_edgecooper_global comm_bytes=0 selected_grids={}
fusion_method=early pred_boxes=3 gt_boxes=4
pred_scores_shape=(3,)
frame=9/41 receiver_sample=15/20 scenario=2026_07_15_01_26_56 timestamp=000076 cavs=[15]
sgcp_constrained receiver=15 policy=all-cavs sources=[15] clusters=20 ra=selective_edgecooper_global comm_bytes=0 selected_grids={}
fusion_method=early pred_boxes=14 gt_boxes=9
pred_scores_shape=(14,)
frame=9/41 receiver_sample=16/20 scenario=2026_07_15_01_26_56 timestamp=000076 cavs=[16, 10]
sgcp_constrained receiver=16 policy=all-cavs sources=[16, 10] clusters=20 ra=selective_edgecooper_global comm_bytes=78496 selected_grids={10: 39}
fusion_method=early pred_boxes=24 gt_boxes=37
pred_scores_shape=(24,)
frame=9/41 receiver_sample=17/20 scenario=2026_07_15_01_26_56 timestamp=000076 cavs=[17]
sgcp_constrained receiver=17 policy=all-cavs sources=[17] clusters=20 ra=selective_edgecooper_global comm_bytes=0 selected_grids={}
fusion_method=early pred_boxes=16 gt_boxes=13
pred_scores_shape=(16,)
frame=9/41 receiver_sample=18/20 scenario=2026_07_15_01_26_56 timestamp=000076 cavs=[18]
sgcp_constrained receiver=18 policy=all-cavs sources=[18] clusters=20 ra=selective_edgecooper_global comm_bytes=0 selected_grids={}
fusion_method=early pred_boxes=13 gt_boxes=11
pred_scores_shape=(13,)
frame=9/41 receiver_sample=19/20 scenario=2026_07_15_01_26_56 timestamp=000076 cavs=[19, 5]
sgcp_constrained receiver=19 policy=all-cavs sources=[19, 5] clusters=20 ra=selective_edgecooper_global comm_bytes=77616 selected_grids={5: 39}
fusion_method=early pred_boxes=14 gt_boxes=16
pred_scores_shape=(14,)
frame=9/41 receiver_sample=20/20 scenario=2026_07_15_01_26_56 timestamp=000076 cavs=[20]
sgcp_constrained receiver=20 policy=all-cavs sources=[20] clusters=20 ra=selective_edgecooper_global comm_bytes=0 selected_grids={}
fusion_method=early pred_boxes=20 gt_boxes=19
pred_scores_shape=(20,)
frame=10/41 receiver_sample=1/20 scenario=2026_07_15_01_26_56 timestamp=000078 cavs=[1]
sgcp_constrained receiver=1 policy=all-cavs sources=[1] clusters=20 ra=selective_edgecooper_global comm_bytes=0 selected_grids={}
fusion_method=early pred_boxes=17 gt_boxes=16
pred_scores_shape=(17,)
frame=10/41 receiver_sample=2/20 scenario=2026_07_15_01_26_56 timestamp=000078 cavs=[2, 8]
sgcp_constrained receiver=2 policy=all-cavs sources=[2, 8] clusters=20 ra=selective_edgecooper_global comm_bytes=76016 selected_grids={8: 39}
fusion_method=early pred_boxes=19 gt_boxes=40
pred_scores_shape=(19,)
frame=10/41 receiver_sample=3/20 scenario=2026_07_15_01_26_56 timestamp=000078 cavs=[3]
sgcp_constrained receiver=3 policy=all-cavs sources=[3] clusters=20 ra=selective_edgecooper_global comm_bytes=0 selected_grids={}
fusion_method=early pred_boxes=18 gt_boxes=7
pred_scores_shape=(18,)
frame=10/41 receiver_sample=4/20 scenario=2026_07_15_01_26_56 timestamp=000078 cavs=[4, 1]
sgcp_constrained receiver=4 policy=all-cavs sources=[4, 1] clusters=20 ra=selective_edgecooper_global comm_bytes=78336 selected_grids={1: 39}
fusion_method=early pred_boxes=25 gt_boxes=31
pred_scores_shape=(25,)
frame=10/41 receiver_sample=5/20 scenario=2026_07_15_01_26_56 timestamp=000078 cavs=[5]
sgcp_constrained receiver=5 policy=all-cavs sources=[5] clusters=20 ra=selective_edgecooper_global comm_bytes=0 selected_grids={}
fusion_method=early pred_boxes=10 gt_boxes=15
pred_scores_shape=(10,)
frame=10/41 receiver_sample=6/20 scenario=2026_07_15_01_26_56 timestamp=000078 cavs=[6, 15]
sgcp_constrained receiver=6 policy=all-cavs sources=[6, 15] clusters=20 ra=selective_edgecooper_global comm_bytes=75168 selected_grids={15: 44}
fusion_method=early pred_boxes=16 gt_boxes=19
pred_scores_shape=(16,)
frame=10/41 receiver_sample=7/20 scenario=2026_07_15_01_26_56 timestamp=000078 cavs=[7, 12]
sgcp_constrained receiver=7 policy=all-cavs sources=[7, 12] clusters=20 ra=selective_edgecooper_global comm_bytes=76640 selected_grids={12: 53}
fusion_method=early pred_boxes=18 gt_boxes=26
pred_scores_shape=(18,)
frame=10/41 receiver_sample=8/20 scenario=2026_07_15_01_26_56 timestamp=000078 cavs=[8]
sgcp_constrained receiver=8 policy=all-cavs sources=[8] clusters=20 ra=selective_edgecooper_global comm_bytes=0 selected_grids={}
fusion_method=early pred_boxes=12 gt_boxes=24
pred_scores_shape=(12,)
frame=10/41 receiver_sample=9/20 scenario=2026_07_15_01_26_56 timestamp=000078 cavs=[9]
sgcp_constrained receiver=9 policy=all-cavs sources=[9] clusters=20 ra=selective_edgecooper_global comm_bytes=0 selected_grids={}
fusion_method=early pred_boxes=16 gt_boxes=19
pred_scores_shape=(16,)
frame=10/41 receiver_sample=10/20 scenario=2026_07_15_01_26_56 timestamp=000078 cavs=[10]
sgcp_constrained receiver=10 policy=all-cavs sources=[10] clusters=20 ra=selective_edgecooper_global comm_bytes=0 selected_grids={}
fusion_method=early pred_boxes=18 gt_boxes=26
pred_scores_shape=(18,)
frame=10/41 receiver_sample=11/20 scenario=2026_07_15_01_26_56 timestamp=000078 cavs=[11, 9]
sgcp_constrained receiver=11 policy=all-cavs sources=[11, 9] clusters=20 ra=selective_edgecooper_global comm_bytes=77152 selected_grids={9: 39}
fusion_method=early pred_boxes=31 gt_boxes=33
pred_scores_shape=(31,)
frame=10/41 receiver_sample=12/20 scenario=2026_07_15_01_26_56 timestamp=000078 cavs=[12]
sgcp_constrained receiver=12 policy=all-cavs sources=[12] clusters=20 ra=selective_edgecooper_global comm_bytes=0 selected_grids={}
fusion_method=early pred_boxes=10 gt_boxes=16
pred_scores_shape=(10,)
frame=10/41 receiver_sample=13/20 scenario=2026_07_15_01_26_56 timestamp=000078 cavs=[13]Format = auto
Extension = pcd
Format = auto
Extension = pcd
Format = auto
Extension = pcd
Format = auto
Extension = pcd
Format = auto
Extension = pcd
Format = auto
Extension = pcd
Format = auto
Extension = pcd
Format = auto
Extension = pcd
Format = auto
Extension = pcd
Format = auto
Extension = pcd
Format = auto
Extension = pcd
Format = auto
Extension = pcd
Format = auto
Extension = pcd
Format = auto
Extension = pcd
Format = auto
Extension = pcd
Format = auto
Extension = pcd
Format = auto
Extension = pcd
Format = auto
Extension = pcd
Format = auto
Extension = pcd
Format = auto
Extension = pcd

sgcp_constrained receiver=13 policy=all-cavs sources=[13] clusters=20 ra=selective_edgecooper_global comm_bytes=0 selected_grids={}
fusion_method=early pred_boxes=11 gt_boxes=14
pred_scores_shape=(11,)
frame=10/41 receiver_sample=14/20 scenario=2026_07_15_01_26_56 timestamp=000078 cavs=[14]
sgcp_constrained receiver=14 policy=all-cavs sources=[14] clusters=20 ra=selective_edgecooper_global comm_bytes=0 selected_grids={}
fusion_method=early pred_boxes=4 gt_boxes=3
pred_scores_shape=(4,)
frame=10/41 receiver_sample=15/20 scenario=2026_07_15_01_26_56 timestamp=000078 cavs=[15]
sgcp_constrained receiver=15 policy=all-cavs sources=[15] clusters=20 ra=selective_edgecooper_global comm_bytes=0 selected_grids={}
fusion_method=early pred_boxes=13 gt_boxes=9
pred_scores_shape=(13,)
frame=10/41 receiver_sample=16/20 scenario=2026_07_15_01_26_56 timestamp=000078 cavs=[16, 10]
sgcp_constrained receiver=16 policy=all-cavs sources=[16, 10] clusters=20 ra=selective_edgecooper_global comm_bytes=78288 selected_grids={10: 39}
fusion_method=early pred_boxes=24 gt_boxes=37
pred_scores_shape=(24,)
frame=10/41 receiver_sample=17/20 scenario=2026_07_15_01_26_56 timestamp=000078 cavs=[17, 18]
sgcp_constrained receiver=17 policy=all-cavs sources=[17, 18] clusters=20 ra=selective_edgecooper_global comm_bytes=78448 selected_grids={18: 39}
fusion_method=early pred_boxes=19 gt_boxes=18
pred_scores_shape=(19,)
frame=10/41 receiver_sample=18/20 scenario=2026_07_15_01_26_56 timestamp=000078 cavs=[18]
sgcp_constrained receiver=18 policy=all-cavs sources=[18] clusters=20 ra=selective_edgecooper_global comm_bytes=0 selected_grids={}
fusion_method=early pred_boxes=13 gt_boxes=10
pred_scores_shape=(13,)
frame=10/41 receiver_sample=19/20 scenario=2026_07_15_01_26_56 timestamp=000078 cavs=[19, 5]
sgcp_constrained receiver=19 policy=all-cavs sources=[19, 5] clusters=20 ra=selective_edgecooper_global comm_bytes=77520 selected_grids={5: 39}
fusion_method=early pred_boxes=17 gt_boxes=16
pred_scores_shape=(17,)
frame=10/41 receiver_sample=20/20 scenario=2026_07_15_01_26_56 timestamp=000078 cavs=[20]
sgcp_constrained receiver=20 policy=all-cavs sources=[20] clusters=20 ra=selective_edgecooper_global comm_bytes=0 selected_grids={}
fusion_method=early pred_boxes=19 gt_boxes=19
pred_scores_shape=(19,)
frame=11/41 receiver_sample=1/20 scenario=2026_07_15_01_26_56 timestamp=000080 cavs=[1]
sgcp_constrained receiver=1 policy=all-cavs sources=[1] clusters=20 ra=selective_edgecooper_global comm_bytes=0 selected_grids={}
fusion_method=early pred_boxes=16 gt_boxes=16
pred_scores_shape=(16,)
frame=11/41 receiver_sample=2/20 scenario=2026_07_15_01_26_56 timestamp=000080 cavs=[2]
sgcp_constrained receiver=2 policy=all-cavs sources=[2] clusters=20 ra=selective_edgecooper_global comm_bytes=0 selected_grids={}
fusion_method=early pred_boxes=18 gt_boxes=25
pred_scores_shape=(18,)
frame=11/41 receiver_sample=3/20 scenario=2026_07_15_01_26_56 timestamp=000080 cavs=[3, 18]
sgcp_constrained receiver=3 policy=all-cavs sources=[3, 18] clusters=20 ra=selective_edgecooper_global comm_bytes=77344 selected_grids={18: 39}
fusion_method=early pred_boxes=19 gt_boxes=18
pred_scores_shape=(19,)
frame=11/41 receiver_sample=4/20 scenario=2026_07_15_01_26_56 timestamp=000080 cavs=[4, 7]
sgcp_constrained receiver=4 policy=all-cavs sources=[4, 7] clusters=20 ra=selective_edgecooper_global comm_bytes=75184 selected_grids={7: 39}
fusion_method=early pred_boxes=22 gt_boxes=35
pred_scores_shape=(22,)
frame=11/41 receiver_sample=5/20 scenario=2026_07_15_01_26_56 timestamp=000080 cavs=[5]
sgcp_constrained receiver=5 policy=all-cavs sources=[5] clusters=20 ra=selective_edgecooper_global comm_bytes=0 selected_grids={}
fusion_method=early pred_boxes=13 gt_boxes=14
pred_scores_shape=(13,)
frame=11/41 receiver_sample=6/20 scenario=2026_07_15_01_26_56 timestamp=000080 cavs=[6, 15]
sgcp_constrained receiver=6 policy=all-cavs sources=[6, 15] clusters=20 ra=selective_edgecooper_global comm_bytes=75152 selected_grids={15: 48}
fusion_method=early pred_boxes=15 gt_boxes=18
pred_scores_shape=(15,)
frame=11/41 receiver_sample=7/20 scenario=2026_07_15_01_26_56 timestamp=000080 cavs=[7]
sgcp_constrained receiver=7 policy=all-cavs sources=[7] clusters=20 ra=selective_edgecooper_global comm_bytes=0 selected_grids={}
fusion_method=early pred_boxes=13 gt_boxes=15
pred_scores_shape=(13,)
frame=11/41 receiver_sample=8/20 scenario=2026_07_15_01_26_56 timestamp=000080 cavs=[8]
sgcp_constrained receiver=8 policy=all-cavs sources=[8] clusters=20 ra=selective_edgecooper_global comm_bytes=0 selected_grids={}
fusion_method=early pred_boxes=12 gt_boxes=23
pred_scores_shape=(12,)
frame=11/41 receiver_sample=9/20 scenario=2026_07_15_01_26_56 timestamp=000080 cavs=[9]
sgcp_constrained receiver=9 policy=all-cavs sources=[9] clusters=20 ra=selective_edgecooper_global comm_bytes=0 selected_grids={}
fusion_method=early pred_boxes=15 gt_boxes=19
pred_scores_shape=(15,)
frame=11/41 receiver_sample=10/20 scenario=2026_07_15_01_26_56 timestamp=000080 cavs=[10, 2]
sgcp_constrained receiver=10 policy=all-cavs sources=[10, 2] clusters=20 ra=selective_edgecooper_global comm_bytes=76016 selected_grids={2: 39}
fusion_method=early pred_boxes=30 gt_boxes=41
pred_scores_shape=(30,)
frame=11/41 receiver_sample=11/20 scenario=2026_07_15_01_26_56 timestamp=000080 cavs=[11, 9]
sgcp_constrained receiver=11 policy=all-cavs sources=[11, 9] clusters=20 ra=selective_edgecooper_global comm_bytes=77168 selected_grids={9: 39}
fusion_method=early pred_boxes=30 gt_boxes=35
pred_scores_shape=(30,)
frame=11/41 receiver_sample=12/20 scenario=2026_07_15_01_26_56 timestamp=000080 cavs=[12, 8]
sgcp_constrained receiver=12 policy=all-cavs sources=[12, 8] clusters=20 ra=selective_edgecooper_global comm_bytes=76032 selected_grids={8: 39}
fusion_method=early pred_boxes=18 gt_boxes=30
pred_scores_shape=(18,)
frame=11/41 receiver_sample=13/20 scenario=2026_07_15_01_26_56 timestamp=000080 cavs=[13]
sgcp_constrained receiver=13 policy=all-cavs sources=[13] clusters=20 ra=selective_edgecooper_global comm_bytes=0 selected_grids={}
fusion_method=early pred_boxes=11 gt_boxes=14
pred_scores_shape=(11,)
frame=11/41 receiver_sample=14/20 scenario=2026_07_15_01_26_56 timestamp=000080 cavs=[14]
sgcp_constrained receiver=14 policy=all-cavs sources=[14] clusters=20 ra=selective_edgecooper_global comm_bytes=0 selected_grids={}
fusion_method=early pred_boxes=4 gt_boxes=3
pred_scores_shape=(4,)
frame=11/41 receiver_sample=15/20 scenario=2026_07_15_01_26_56 timestamp=000080 cavs=[15]
sgcp_constrained receiver=15 policy=all-cavs sources=[15] clusters=20 ra=selective_edgecooper_global comm_bytes=0 selected_grids={}
fusion_method=early pred_boxes=12 gt_boxes=8
pred_scores_shape=(12,)
frame=11/41 receiver_sample=16/20 scenario=2026_07_15_01_26_56 timestamp=000080 cavs=[16, 17]
sgcp_constrained receiver=16 policy=all-cavs sources=[16, 17] clusters=20 ra=selective_edgecooper_global comm_bytes=76080 selected_grids={17: 39}
fusion_method=early pred_boxes=24 gt_boxes=24
pred_scores_shape=(24,)
frame=11/41 receiver_sample=17/20 scenario=2026_07_15_01_26_56 timestamp=000080 cavs=[17]
sgcp_constrained receiver=17 policy=all-cavs sources=[17] clusters=20 ra=selective_edgecooper_global comm_bytes=0 selected_grids={}
fusion_method=early pred_boxes=16 gt_boxes=13
pred_scores_shape=(16,)
frame=11/41 receiver_sample=18/20 scenario=2026_07_15_01_26_56 timestamp=000080 cavs=[18]
sgcp_constrained receiver=18 policy=all-cavs sources=[18] clusters=20 ra=selective_edgecooper_global comm_bytes=0 selected_grids={}
fusion_method=early pred_boxes=12 gt_boxes=11
pred_scores_shape=(12,)
frame=11/41 receiver_sample=19/20 scenario=2026_07_15_01_26_56 timestamp=000080 cavs=[19, 5]
sgcp_constrained receiver=19 policy=all-cavs sources=[19, 5] clusters=20 ra=selective_edgecooper_global comm_bytes=77600 selected_grids={5: 39}
fusion_method=early pred_boxes=12 gt_boxes=17
pred_scores_shape=(12,)
frame=11/41 receiver_sample=20/20 scenario=2026_07_15_01_26_56 timestamp=000080 cavs=[20]
sgcp_constrained receiver=20 policy=all-cavs sources=[20] clusters=20 ra=selective_edgecooper_global comm_bytes=0 selected_grids={}Format = auto
Extension = pcd
Format = auto
Extension = pcd
Format = auto
Extension = pcd
Format = auto
Extension = pcd
Format = auto
Extension = pcd
Format = auto
Extension = pcd
Format = auto
Extension = pcd
Format = auto
Extension = pcd
Format = auto
Extension = pcd
Format = auto
Extension = pcd
Format = auto
Extension = pcd
Format = auto
Extension = pcd
Format = auto
Extension = pcd
Format = auto
Extension = pcd
Format = auto
Extension = pcd
Format = auto
Extension = pcd
Format = auto
Extension = pcd
Format = auto
Extension = pcd
Format = auto
Extension = pcd
Format = auto
Extension = pcd
Format = auto
Extension = pcd
Format = auto
Extension = pcd
Format = auto
Extension = pcd
Format = auto
Extension = pcd
Format = auto
Extension = pcd
Format = auto
Extension = pcd
Format = auto
Extension = pcd
Format = auto
Extension = pcd
Format = auto
Extension = pcd
Format = auto
Extension = pcd
Format = auto
Extension = pcd
Format = auto
Extension = pcd
Format = auto
Extension = pcd
Format = auto
Extension = pcd
Format = auto
Extension = pcd
Format = auto
Extension = pcd
Format = auto
Extension = pcd
Format = auto
Extension = pcd
Format = auto
Extension = pcd
Format = auto
Extension = pcd

fusion_method=early pred_boxes=21 gt_boxes=19
pred_scores_shape=(21,)
frame=12/41 receiver_sample=1/20 scenario=2026_07_15_01_26_56 timestamp=000082 cavs=[1]
sgcp_constrained receiver=1 policy=all-cavs sources=[1] clusters=20 ra=selective_edgecooper_global comm_bytes=0 selected_grids={}
fusion_method=early pred_boxes=16 gt_boxes=16
pred_scores_shape=(16,)
frame=12/41 receiver_sample=2/20 scenario=2026_07_15_01_26_56 timestamp=000082 cavs=[2]
sgcp_constrained receiver=2 policy=all-cavs sources=[2] clusters=20 ra=selective_edgecooper_global comm_bytes=0 selected_grids={}
fusion_method=early pred_boxes=17 gt_boxes=23
pred_scores_shape=(17,)
frame=12/41 receiver_sample=3/20 scenario=2026_07_15_01_26_56 timestamp=000082 cavs=[3, 18]
sgcp_constrained receiver=3 policy=all-cavs sources=[3, 18] clusters=20 ra=selective_edgecooper_global comm_bytes=77088 selected_grids={18: 39}
fusion_method=early pred_boxes=18 gt_boxes=18
pred_scores_shape=(18,)
frame=12/41 receiver_sample=4/20 scenario=2026_07_15_01_26_56 timestamp=000082 cavs=[4, 7]
sgcp_constrained receiver=4 policy=all-cavs sources=[4, 7] clusters=20 ra=selective_edgecooper_global comm_bytes=75168 selected_grids={7: 39}
fusion_method=early pred_boxes=22 gt_boxes=35
pred_scores_shape=(22,)
frame=12/41 receiver_sample=5/20 scenario=2026_07_15_01_26_56 timestamp=000082 cavs=[5]
sgcp_constrained receiver=5 policy=all-cavs sources=[5] clusters=20 ra=selective_edgecooper_global comm_bytes=0 selected_grids={}
fusion_method=early pred_boxes=13 gt_boxes=14
pred_scores_shape=(13,)
frame=12/41 receiver_sample=6/20 scenario=2026_07_15_01_26_56 timestamp=000082 cavs=[6, 15]
sgcp_constrained receiver=6 policy=all-cavs sources=[6, 15] clusters=20 ra=selective_edgecooper_global comm_bytes=75264 selected_grids={15: 49}
fusion_method=early pred_boxes=16 gt_boxes=18
pred_scores_shape=(16,)
frame=12/41 receiver_sample=7/20 scenario=2026_07_15_01_26_56 timestamp=000082 cavs=[7]
sgcp_constrained receiver=7 policy=all-cavs sources=[7] clusters=20 ra=selective_edgecooper_global comm_bytes=0 selected_grids={}
fusion_method=early pred_boxes=10 gt_boxes=16
pred_scores_shape=(10,)
frame=12/41 receiver_sample=8/20 scenario=2026_07_15_01_26_56 timestamp=000082 cavs=[8]
sgcp_constrained receiver=8 policy=all-cavs sources=[8] clusters=20 ra=selective_edgecooper_global comm_bytes=0 selected_grids={}
fusion_method=early pred_boxes=13 gt_boxes=23
pred_scores_shape=(13,)
frame=12/41 receiver_sample=9/20 scenario=2026_07_15_01_26_56 timestamp=000082 cavs=[9]
sgcp_constrained receiver=9 policy=all-cavs sources=[9] clusters=20 ra=selective_edgecooper_global comm_bytes=0 selected_grids={}
fusion_method=early pred_boxes=15 gt_boxes=19
pred_scores_shape=(15,)
frame=12/41 receiver_sample=10/20 scenario=2026_07_15_01_26_56 timestamp=000082 cavs=[10, 2]
sgcp_constrained receiver=10 policy=all-cavs sources=[10, 2] clusters=20 ra=selective_edgecooper_global comm_bytes=76224 selected_grids={2: 39}
fusion_method=early pred_boxes=31 gt_boxes=39
pred_scores_shape=(31,)
frame=12/41 receiver_sample=11/20 scenario=2026_07_15_01_26_56 timestamp=000082 cavs=[11, 9]
sgcp_constrained receiver=11 policy=all-cavs sources=[11, 9] clusters=20 ra=selective_edgecooper_global comm_bytes=77184 selected_grids={9: 39}
fusion_method=early pred_boxes=27 gt_boxes=35
pred_scores_shape=(27,)
frame=12/41 receiver_sample=12/20 scenario=2026_07_15_01_26_56 timestamp=000082 cavs=[12, 8]
sgcp_constrained receiver=12 policy=all-cavs sources=[12, 8] clusters=20 ra=selective_edgecooper_global comm_bytes=76144 selected_grids={8: 39}
fusion_method=early pred_boxes=18 gt_boxes=31
pred_scores_shape=(18,)
frame=12/41 receiver_sample=13/20 scenario=2026_07_15_01_26_56 timestamp=000082 cavs=[13]
sgcp_constrained receiver=13 policy=all-cavs sources=[13] clusters=20 ra=selective_edgecooper_global comm_bytes=0 selected_grids={}
fusion_method=early pred_boxes=11 gt_boxes=14
pred_scores_shape=(11,)
frame=12/41 receiver_sample=14/20 scenario=2026_07_15_01_26_56 timestamp=000082 cavs=[14]
sgcp_constrained receiver=14 policy=all-cavs sources=[14] clusters=20 ra=selective_edgecooper_global comm_bytes=0 selected_grids={}
fusion_method=early pred_boxes=4 gt_boxes=3
pred_scores_shape=(4,)
frame=12/41 receiver_sample=15/20 scenario=2026_07_15_01_26_56 timestamp=000082 cavs=[15]
sgcp_constrained receiver=15 policy=all-cavs sources=[15] clusters=20 ra=selective_edgecooper_global comm_bytes=0 selected_grids={}
fusion_method=early pred_boxes=13 gt_boxes=8
pred_scores_shape=(13,)
frame=12/41 receiver_sample=16/20 scenario=2026_07_15_01_26_56 timestamp=000082 cavs=[16, 17]
sgcp_constrained receiver=16 policy=all-cavs sources=[16, 17] clusters=20 ra=selective_edgecooper_global comm_bytes=75952 selected_grids={17: 39}
fusion_method=early pred_boxes=24 gt_boxes=23
pred_scores_shape=(24,)
frame=12/41 receiver_sample=17/20 scenario=2026_07_15_01_26_56 timestamp=000082 cavs=[17]
sgcp_constrained receiver=17 policy=all-cavs sources=[17] clusters=20 ra=selective_edgecooper_global comm_bytes=0 selected_grids={}
fusion_method=early pred_boxes=18 gt_boxes=13
pred_scores_shape=(18,)
frame=12/41 receiver_sample=18/20 scenario=2026_07_15_01_26_56 timestamp=000082 cavs=[18]
sgcp_constrained receiver=18 policy=all-cavs sources=[18] clusters=20 ra=selective_edgecooper_global comm_bytes=0 selected_grids={}
fusion_method=early pred_boxes=12 gt_boxes=11
pred_scores_shape=(12,)
frame=12/41 receiver_sample=19/20 scenario=2026_07_15_01_26_56 timestamp=000082 cavs=[19, 5]
sgcp_constrained receiver=19 policy=all-cavs sources=[19, 5] clusters=20 ra=selective_edgecooper_global comm_bytes=77744 selected_grids={5: 39}
fusion_method=early pred_boxes=18 gt_boxes=17
pred_scores_shape=(18,)
frame=12/41 receiver_sample=20/20 scenario=2026_07_15_01_26_56 timestamp=000082 cavs=[20]
sgcp_constrained receiver=20 policy=all-cavs sources=[20] clusters=20 ra=selective_edgecooper_global comm_bytes=0 selected_grids={}
fusion_method=early pred_boxes=21 gt_boxes=18
pred_scores_shape=(21,)
frame=13/41 receiver_sample=1/20 scenario=2026_07_15_01_26_56 timestamp=000084 cavs=[1]
sgcp_constrained receiver=1 policy=all-cavs sources=[1] clusters=20 ra=selective_edgecooper_global comm_bytes=0 selected_grids={}
fusion_method=early pred_boxes=16 gt_boxes=16
pred_scores_shape=(16,)
frame=13/41 receiver_sample=2/20 scenario=2026_07_15_01_26_56 timestamp=000084 cavs=[2]
sgcp_constrained receiver=2 policy=all-cavs sources=[2] clusters=20 ra=selective_edgecooper_global comm_bytes=0 selected_grids={}
fusion_method=early pred_boxes=16 gt_boxes=24
pred_scores_shape=(16,)
frame=13/41 receiver_sample=3/20 scenario=2026_07_15_01_26_56 timestamp=000084 cavs=[3, 18]
sgcp_constrained receiver=3 policy=all-cavs sources=[3, 18] clusters=20 ra=selective_edgecooper_global comm_bytes=77360 selected_grids={18: 39}
fusion_method=early pred_boxes=18 gt_boxes=18
pred_scores_shape=(18,)
frame=13/41 receiver_sample=4/20 scenario=2026_07_15_01_26_56 timestamp=000084 cavs=[4, 1]
sgcp_constrained receiver=4 policy=all-cavs sources=[4, 1] clusters=20 ra=selective_edgecooper_global comm_bytes=78288 selected_grids={1: 39}
fusion_method=early pred_boxes=22 gt_boxes=31
pred_scores_shape=(22,)
frame=13/41 receiver_sample=5/20 scenario=2026_07_15_01_26_56 timestamp=000084 cavs=[5]
sgcp_constrained receiver=5 policy=all-cavs sources=[5] clusters=20 ra=selective_edgecooper_global comm_bytes=0 selected_grids={}
fusion_method=early pred_boxes=8 gt_boxes=15
pred_scores_shape=(8,)
frame=13/41 receiver_sample=6/20 scenario=2026_07_15_01_26_56 timestamp=000084 cavs=[6, 15]
sgcp_constrained receiver=6 policy=all-cavs sources=[6, 15] clusters=20 ra=selective_edgecooper_global comm_bytes=75408 selected_grids={15: 47}
fusion_method=early pred_boxes=16 gt_boxes=18
pred_scores_shape=(16,)
frame=13/41 receiver_sample=7/20 scenario=2026_07_15_01_26_56 timestamp=000084 cavs=[7, 5]
sgcp_constrained receiver=7 policy=all-cavs sources=[7, 5] clusters=20 ra=selective_edgecooper_global comm_bytes=77280 selected_grids={5: 39}
fusion_method=early pred_boxes=16 gt_boxes=20
pred_scores_shape=(16,)
frame=13/41 receiver_sample=8/20 scenario=2026_07_15_01_26_56 timestamp=000084 cavs=[8]Format = auto
Extension = pcd
Format = auto
Extension = pcd
Format = auto
Extension = pcd
Format = auto
Extension = pcd
Format = auto
Extension = pcd
Format = auto
Extension = pcd
Format = auto
Extension = pcd
Format = auto
Extension = pcd
Format = auto
Extension = pcd
Format = auto
Extension = pcd
Format = auto
Extension = pcd
Format = auto
Extension = pcd
Format = auto
Extension = pcd
Format = auto
Extension = pcd
Format = auto
Extension = pcd
Format = auto
Extension = pcd
Format = auto
Extension = pcd
Format = auto
Extension = pcd
Format = auto
Extension = pcd
Format = auto
Extension = pcd

sgcp_constrained receiver=8 policy=all-cavs sources=[8] clusters=20 ra=selective_edgecooper_global comm_bytes=0 selected_grids={}
fusion_method=early pred_boxes=11 gt_boxes=23
pred_scores_shape=(11,)
frame=13/41 receiver_sample=9/20 scenario=2026_07_15_01_26_56 timestamp=000084 cavs=[9]
sgcp_constrained receiver=9 policy=all-cavs sources=[9] clusters=20 ra=selective_edgecooper_global comm_bytes=0 selected_grids={}
fusion_method=early pred_boxes=15 gt_boxes=19
pred_scores_shape=(15,)
frame=13/41 receiver_sample=10/20 scenario=2026_07_15_01_26_56 timestamp=000084 cavs=[10, 2]
sgcp_constrained receiver=10 policy=all-cavs sources=[10, 2] clusters=20 ra=selective_edgecooper_global comm_bytes=76128 selected_grids={2: 39}
fusion_method=early pred_boxes=30 gt_boxes=40
pred_scores_shape=(30,)
frame=13/41 receiver_sample=11/20 scenario=2026_07_15_01_26_56 timestamp=000084 cavs=[11, 9]
sgcp_constrained receiver=11 policy=all-cavs sources=[11, 9] clusters=20 ra=selective_edgecooper_global comm_bytes=77152 selected_grids={9: 39}
fusion_method=early pred_boxes=31 gt_boxes=35
pred_scores_shape=(31,)
frame=13/41 receiver_sample=12/20 scenario=2026_07_15_01_26_56 timestamp=000084 cavs=[12, 8]
sgcp_constrained receiver=12 policy=all-cavs sources=[12, 8] clusters=20 ra=selective_edgecooper_global comm_bytes=76128 selected_grids={8: 39}
fusion_method=early pred_boxes=19 gt_boxes=30
pred_scores_shape=(19,)
frame=13/41 receiver_sample=13/20 scenario=2026_07_15_01_26_56 timestamp=000084 cavs=[13]
sgcp_constrained receiver=13 policy=all-cavs sources=[13] clusters=20 ra=selective_edgecooper_global comm_bytes=0 selected_grids={}
fusion_method=early pred_boxes=11 gt_boxes=14
pred_scores_shape=(11,)
frame=13/41 receiver_sample=14/20 scenario=2026_07_15_01_26_56 timestamp=000084 cavs=[14]
sgcp_constrained receiver=14 policy=all-cavs sources=[14] clusters=20 ra=selective_edgecooper_global comm_bytes=0 selected_grids={}
fusion_method=early pred_boxes=4 gt_boxes=3
pred_scores_shape=(4,)
frame=13/41 receiver_sample=15/20 scenario=2026_07_15_01_26_56 timestamp=000084 cavs=[15]
sgcp_constrained receiver=15 policy=all-cavs sources=[15] clusters=20 ra=selective_edgecooper_global comm_bytes=0 selected_grids={}
fusion_method=early pred_boxes=14 gt_boxes=8
pred_scores_shape=(14,)
frame=13/41 receiver_sample=16/20 scenario=2026_07_15_01_26_56 timestamp=000084 cavs=[16, 17]
sgcp_constrained receiver=16 policy=all-cavs sources=[16, 17] clusters=20 ra=selective_edgecooper_global comm_bytes=75984 selected_grids={17: 39}
fusion_method=early pred_boxes=24 gt_boxes=23
pred_scores_shape=(24,)
frame=13/41 receiver_sample=17/20 scenario=2026_07_15_01_26_56 timestamp=000084 cavs=[17]
sgcp_constrained receiver=17 policy=all-cavs sources=[17] clusters=20 ra=selective_edgecooper_global comm_bytes=0 selected_grids={}
fusion_method=early pred_boxes=18 gt_boxes=11
pred_scores_shape=(18,)
frame=13/41 receiver_sample=18/20 scenario=2026_07_15_01_26_56 timestamp=000084 cavs=[18]
sgcp_constrained receiver=18 policy=all-cavs sources=[18] clusters=20 ra=selective_edgecooper_global comm_bytes=0 selected_grids={}
fusion_method=early pred_boxes=14 gt_boxes=11
pred_scores_shape=(14,)
frame=13/41 receiver_sample=19/20 scenario=2026_07_15_01_26_56 timestamp=000084 cavs=[19, 13]
sgcp_constrained receiver=19 policy=all-cavs sources=[19, 13] clusters=20 ra=selective_edgecooper_global comm_bytes=66368 selected_grids={13: 39}
fusion_method=early pred_boxes=15 gt_boxes=26
pred_scores_shape=(15,)
frame=13/41 receiver_sample=20/20 scenario=2026_07_15_01_26_56 timestamp=000084 cavs=[20]
sgcp_constrained receiver=20 policy=all-cavs sources=[20] clusters=20 ra=selective_edgecooper_global comm_bytes=0 selected_grids={}
fusion_method=early pred_boxes=19 gt_boxes=18
pred_scores_shape=(19,)
frame=14/41 receiver_sample=1/20 scenario=2026_07_15_01_26_56 timestamp=000086 cavs=[1]
sgcp_constrained receiver=1 policy=all-cavs sources=[1] clusters=20 ra=selective_edgecooper_global comm_bytes=0 selected_grids={}
fusion_method=early pred_boxes=17 gt_boxes=16
pred_scores_shape=(17,)
frame=14/41 receiver_sample=2/20 scenario=2026_07_15_01_26_56 timestamp=000086 cavs=[2]
sgcp_constrained receiver=2 policy=all-cavs sources=[2] clusters=20 ra=selective_edgecooper_global comm_bytes=0 selected_grids={}
fusion_method=early pred_boxes=17 gt_boxes=25
pred_scores_shape=(17,)
frame=14/41 receiver_sample=3/20 scenario=2026_07_15_01_26_56 timestamp=000086 cavs=[3, 18]
sgcp_constrained receiver=3 policy=all-cavs sources=[3, 18] clusters=20 ra=selective_edgecooper_global comm_bytes=77808 selected_grids={18: 39}
fusion_method=early pred_boxes=19 gt_boxes=17
pred_scores_shape=(19,)
frame=14/41 receiver_sample=4/20 scenario=2026_07_15_01_26_56 timestamp=000086 cavs=[4, 1]
sgcp_constrained receiver=4 policy=all-cavs sources=[4, 1] clusters=20 ra=selective_edgecooper_global comm_bytes=78288 selected_grids={1: 39}
fusion_method=early pred_boxes=20 gt_boxes=30
pred_scores_shape=(20,)
frame=14/41 receiver_sample=5/20 scenario=2026_07_15_01_26_56 timestamp=000086 cavs=[5]
sgcp_constrained receiver=5 policy=all-cavs sources=[5] clusters=20 ra=selective_edgecooper_global comm_bytes=0 selected_grids={}
fusion_method=early pred_boxes=8 gt_boxes=15
pred_scores_shape=(8,)
frame=14/41 receiver_sample=6/20 scenario=2026_07_15_01_26_56 timestamp=000086 cavs=[6, 15]
sgcp_constrained receiver=6 policy=all-cavs sources=[6, 15] clusters=20 ra=selective_edgecooper_global comm_bytes=75328 selected_grids={15: 50}
fusion_method=early pred_boxes=14 gt_boxes=19
pred_scores_shape=(14,)
frame=14/41 receiver_sample=7/20 scenario=2026_07_15_01_26_56 timestamp=000086 cavs=[7, 5]
sgcp_constrained receiver=7 policy=all-cavs sources=[7, 5] clusters=20 ra=selective_edgecooper_global comm_bytes=76800 selected_grids={5: 39}
fusion_method=early pred_boxes=11 gt_boxes=21
pred_scores_shape=(11,)
frame=14/41 receiver_sample=8/20 scenario=2026_07_15_01_26_56 timestamp=000086 cavs=[8]
sgcp_constrained receiver=8 policy=all-cavs sources=[8] clusters=20 ra=selective_edgecooper_global comm_bytes=0 selected_grids={}
fusion_method=early pred_boxes=12 gt_boxes=23
pred_scores_shape=(12,)
frame=14/41 receiver_sample=9/20 scenario=2026_07_15_01_26_56 timestamp=000086 cavs=[9]
sgcp_constrained receiver=9 policy=all-cavs sources=[9] clusters=20 ra=selective_edgecooper_global comm_bytes=0 selected_grids={}
fusion_method=early pred_boxes=16 gt_boxes=19
pred_scores_shape=(16,)
frame=14/41 receiver_sample=10/20 scenario=2026_07_15_01_26_56 timestamp=000086 cavs=[10, 2]
sgcp_constrained receiver=10 policy=all-cavs sources=[10, 2] clusters=20 ra=selective_edgecooper_global comm_bytes=76016 selected_grids={2: 39}
fusion_method=early pred_boxes=29 gt_boxes=41
pred_scores_shape=(29,)
frame=14/41 receiver_sample=11/20 scenario=2026_07_15_01_26_56 timestamp=000086 cavs=[11, 9]
sgcp_constrained receiver=11 policy=all-cavs sources=[11, 9] clusters=20 ra=selective_edgecooper_global comm_bytes=77168 selected_grids={9: 39}
fusion_method=early pred_boxes=31 gt_boxes=36
pred_scores_shape=(31,)
frame=14/41 receiver_sample=12/20 scenario=2026_07_15_01_26_56 timestamp=000086 cavs=[12, 8]
sgcp_constrained receiver=12 policy=all-cavs sources=[12, 8] clusters=20 ra=selective_edgecooper_global comm_bytes=76128 selected_grids={8: 39}
fusion_method=early pred_boxes=17 gt_boxes=29
pred_scores_shape=(17,)
frame=14/41 receiver_sample=13/20 scenario=2026_07_15_01_26_56 timestamp=000086 cavs=[13]
sgcp_constrained receiver=13 policy=all-cavs sources=[13] clusters=20 ra=selective_edgecooper_global comm_bytes=0 selected_grids={}
fusion_method=early pred_boxes=11 gt_boxes=14
pred_scores_shape=(11,)
frame=14/41 receiver_sample=14/20 scenario=2026_07_15_01_26_56 timestamp=000086 cavs=[14]
sgcp_constrained receiver=14 policy=all-cavs sources=[14] clusters=20 ra=selective_edgecooper_global comm_bytes=0 selected_grids={}
fusion_method=early pred_boxes=3 gt_boxes=2
pred_scores_shape=(3,)
frame=14/41 receiver_sample=15/20 scenario=2026_07_15_01_26_56 timestamp=000086 cavs=[15]
sgcp_constrained receiver=15 policy=all-cavs sources=[15] clusters=20 ra=selective_edgecooper_global comm_bytes=0 selected_grids={}Format = auto
Extension = pcd
Format = auto
Extension = pcd
Format = auto
Extension = pcd
Format = auto
Extension = pcd
Format = auto
Extension = pcd
Format = auto
Extension = pcd
Format = auto
Extension = pcd
Format = auto
Extension = pcd
Format = auto
Extension = pcd
Format = auto
Extension = pcd
Format = auto
Extension = pcd
Format = auto
Extension = pcd
Format = auto
Extension = pcd
Format = auto
Extension = pcd
Format = auto
Extension = pcd
Format = auto
Extension = pcd
Format = auto
Extension = pcd
Format = auto
Extension = pcd
Format = auto
Extension = pcd
Format = auto
Extension = pcd
Format = auto
Extension = pcd
Format = auto
Extension = pcd
Format = auto
Extension = pcd
Format = auto
Extension = pcd
Format = auto
Extension = pcd
Format = auto
Extension = pcd
Format = auto
Extension = pcd
Format = auto
Extension = pcd
Format = auto
Extension = pcd
Format = auto
Extension = pcd
Format = auto
Extension = pcd
Format = auto
Extension = pcd
Format = auto
Extension = pcd
Format = auto
Extension = pcd
Format = auto
Extension = pcd
Format = auto
Extension = pcd
Format = auto
Extension = pcd
Format = auto
Extension = pcd
Format = auto
Extension = pcd
Format = auto
Extension = pcd

fusion_method=early pred_boxes=11 gt_boxes=8
pred_scores_shape=(11,)
frame=14/41 receiver_sample=16/20 scenario=2026_07_15_01_26_56 timestamp=000086 cavs=[16, 17]
sgcp_constrained receiver=16 policy=all-cavs sources=[16, 17] clusters=20 ra=selective_edgecooper_global comm_bytes=75648 selected_grids={17: 39}
fusion_method=early pred_boxes=25 gt_boxes=23
pred_scores_shape=(25,)
frame=14/41 receiver_sample=17/20 scenario=2026_07_15_01_26_56 timestamp=000086 cavs=[17]
sgcp_constrained receiver=17 policy=all-cavs sources=[17] clusters=20 ra=selective_edgecooper_global comm_bytes=0 selected_grids={}
fusion_method=early pred_boxes=18 gt_boxes=11
pred_scores_shape=(18,)
frame=14/41 receiver_sample=18/20 scenario=2026_07_15_01_26_56 timestamp=000086 cavs=[18]
sgcp_constrained receiver=18 policy=all-cavs sources=[18] clusters=20 ra=selective_edgecooper_global comm_bytes=0 selected_grids={}
fusion_method=early pred_boxes=14 gt_boxes=10
pred_scores_shape=(14,)
frame=14/41 receiver_sample=19/20 scenario=2026_07_15_01_26_56 timestamp=000086 cavs=[19, 13]
sgcp_constrained receiver=19 policy=all-cavs sources=[19, 13] clusters=20 ra=selective_edgecooper_global comm_bytes=66592 selected_grids={13: 39}
fusion_method=early pred_boxes=13 gt_boxes=26
pred_scores_shape=(13,)
frame=14/41 receiver_sample=20/20 scenario=2026_07_15_01_26_56 timestamp=000086 cavs=[20]
sgcp_constrained receiver=20 policy=all-cavs sources=[20] clusters=20 ra=selective_edgecooper_global comm_bytes=0 selected_grids={}
fusion_method=early pred_boxes=20 gt_boxes=18
pred_scores_shape=(20,)
frame=15/41 receiver_sample=1/20 scenario=2026_07_15_01_26_56 timestamp=000088 cavs=[1]
sgcp_constrained receiver=1 policy=all-cavs sources=[1] clusters=20 ra=selective_edgecooper_global comm_bytes=0 selected_grids={}
fusion_method=early pred_boxes=16 gt_boxes=16
pred_scores_shape=(16,)
frame=15/41 receiver_sample=2/20 scenario=2026_07_15_01_26_56 timestamp=000088 cavs=[2]
sgcp_constrained receiver=2 policy=all-cavs sources=[2] clusters=20 ra=selective_edgecooper_global comm_bytes=0 selected_grids={}
fusion_method=early pred_boxes=18 gt_boxes=25
pred_scores_shape=(18,)
frame=15/41 receiver_sample=3/20 scenario=2026_07_15_01_26_56 timestamp=000088 cavs=[3, 18]
sgcp_constrained receiver=3 policy=all-cavs sources=[3, 18] clusters=20 ra=selective_edgecooper_global comm_bytes=77296 selected_grids={18: 39}
fusion_method=early pred_boxes=18 gt_boxes=17
pred_scores_shape=(18,)
frame=15/41 receiver_sample=4/20 scenario=2026_07_15_01_26_56 timestamp=000088 cavs=[4, 1]
sgcp_constrained receiver=4 policy=all-cavs sources=[4, 1] clusters=20 ra=selective_edgecooper_global comm_bytes=78256 selected_grids={1: 39}
fusion_method=early pred_boxes=20 gt_boxes=30
pred_scores_shape=(20,)
frame=15/41 receiver_sample=5/20 scenario=2026_07_15_01_26_56 timestamp=000088 cavs=[5]
sgcp_constrained receiver=5 policy=all-cavs sources=[5] clusters=20 ra=selective_edgecooper_global comm_bytes=0 selected_grids={}
fusion_method=early pred_boxes=9 gt_boxes=15
pred_scores_shape=(9,)
frame=15/41 receiver_sample=6/20 scenario=2026_07_15_01_26_56 timestamp=000088 cavs=[6, 15]
sgcp_constrained receiver=6 policy=all-cavs sources=[6, 15] clusters=20 ra=selective_edgecooper_global comm_bytes=75648 selected_grids={15: 50}
fusion_method=early pred_boxes=15 gt_boxes=19
pred_scores_shape=(15,)
frame=15/41 receiver_sample=7/20 scenario=2026_07_15_01_26_56 timestamp=000088 cavs=[7, 5]
sgcp_constrained receiver=7 policy=all-cavs sources=[7, 5] clusters=20 ra=selective_edgecooper_global comm_bytes=76928 selected_grids={5: 39}
fusion_method=early pred_boxes=11 gt_boxes=21
pred_scores_shape=(11,)
frame=15/41 receiver_sample=8/20 scenario=2026_07_15_01_26_56 timestamp=000088 cavs=[8]
sgcp_constrained receiver=8 policy=all-cavs sources=[8] clusters=20 ra=selective_edgecooper_global comm_bytes=0 selected_grids={}
fusion_method=early pred_boxes=15 gt_boxes=23
pred_scores_shape=(15,)
frame=15/41 receiver_sample=9/20 scenario=2026_07_15_01_26_56 timestamp=000088 cavs=[9]
sgcp_constrained receiver=9 policy=all-cavs sources=[9] clusters=20 ra=selective_edgecooper_global comm_bytes=0 selected_grids={}
fusion_method=early pred_boxes=15 gt_boxes=19
pred_scores_shape=(15,)
frame=15/41 receiver_sample=10/20 scenario=2026_07_15_01_26_56 timestamp=000088 cavs=[10, 2]
sgcp_constrained receiver=10 policy=all-cavs sources=[10, 2] clusters=20 ra=selective_edgecooper_global comm_bytes=76336 selected_grids={2: 39}
fusion_method=early pred_boxes=29 gt_boxes=40
pred_scores_shape=(29,)
frame=15/41 receiver_sample=11/20 scenario=2026_07_15_01_26_56 timestamp=000088 cavs=[11, 9]
sgcp_constrained receiver=11 policy=all-cavs sources=[11, 9] clusters=20 ra=selective_edgecooper_global comm_bytes=77152 selected_grids={9: 39}
fusion_method=early pred_boxes=30 gt_boxes=36
pred_scores_shape=(30,)
frame=15/41 receiver_sample=12/20 scenario=2026_07_15_01_26_56 timestamp=000088 cavs=[12, 8]
sgcp_constrained receiver=12 policy=all-cavs sources=[12, 8] clusters=20 ra=selective_edgecooper_global comm_bytes=76144 selected_grids={8: 39}
fusion_method=early pred_boxes=17 gt_boxes=30
pred_scores_shape=(17,)
frame=15/41 receiver_sample=13/20 scenario=2026_07_15_01_26_56 timestamp=000088 cavs=[13]
sgcp_constrained receiver=13 policy=all-cavs sources=[13] clusters=20 ra=selective_edgecooper_global comm_bytes=0 selected_grids={}
fusion_method=early pred_boxes=10 gt_boxes=14
pred_scores_shape=(10,)
frame=15/41 receiver_sample=14/20 scenario=2026_07_15_01_26_56 timestamp=000088 cavs=[14]
sgcp_constrained receiver=14 policy=all-cavs sources=[14] clusters=20 ra=selective_edgecooper_global comm_bytes=0 selected_grids={}
fusion_method=early pred_boxes=2 gt_boxes=2
pred_scores_shape=(2,)
frame=15/41 receiver_sample=15/20 scenario=2026_07_15_01_26_56 timestamp=000088 cavs=[15]
sgcp_constrained receiver=15 policy=all-cavs sources=[15] clusters=20 ra=selective_edgecooper_global comm_bytes=0 selected_grids={}
fusion_method=early pred_boxes=12 gt_boxes=8
pred_scores_shape=(12,)
frame=15/41 receiver_sample=16/20 scenario=2026_07_15_01_26_56 timestamp=000088 cavs=[16, 17]
sgcp_constrained receiver=16 policy=all-cavs sources=[16, 17] clusters=20 ra=selective_edgecooper_global comm_bytes=75632 selected_grids={17: 39}
fusion_method=early pred_boxes=24 gt_boxes=24
pred_scores_shape=(24,)
frame=15/41 receiver_sample=17/20 scenario=2026_07_15_01_26_56 timestamp=000088 cavs=[17]
sgcp_constrained receiver=17 policy=all-cavs sources=[17] clusters=20 ra=selective_edgecooper_global comm_bytes=0 selected_grids={}
fusion_method=early pred_boxes=17 gt_boxes=11
pred_scores_shape=(17,)
frame=15/41 receiver_sample=18/20 scenario=2026_07_15_01_26_56 timestamp=000088 cavs=[18]
sgcp_constrained receiver=18 policy=all-cavs sources=[18] clusters=20 ra=selective_edgecooper_global comm_bytes=0 selected_grids={}
fusion_method=early pred_boxes=14 gt_boxes=10
pred_scores_shape=(14,)
frame=15/41 receiver_sample=19/20 scenario=2026_07_15_01_26_56 timestamp=000088 cavs=[19, 13]
sgcp_constrained receiver=19 policy=all-cavs sources=[19, 13] clusters=20 ra=selective_edgecooper_global comm_bytes=66976 selected_grids={13: 39}
fusion_method=early pred_boxes=13 gt_boxes=26
pred_scores_shape=(13,)
frame=15/41 receiver_sample=20/20 scenario=2026_07_15_01_26_56 timestamp=000088 cavs=[20]
sgcp_constrained receiver=20 policy=all-cavs sources=[20] clusters=20 ra=selective_edgecooper_global comm_bytes=0 selected_grids={}
fusion_method=early pred_boxes=19 gt_boxes=19
pred_scores_shape=(19,)
frame=16/41 receiver_sample=1/20 scenario=2026_07_15_01_26_56 timestamp=000090 cavs=[1]
sgcp_constrained receiver=1 policy=all-cavs sources=[1] clusters=20 ra=selective_edgecooper_global comm_bytes=0 selected_grids={}
fusion_method=early pred_boxes=16 gt_boxes=17
pred_scores_shape=(16,)
frame=16/41 receiver_sample=2/20 scenario=2026_07_15_01_26_56 timestamp=000090 cavs=[2]
sgcp_constrained receiver=2 policy=all-cavs sources=[2] clusters=20 ra=selective_edgecooper_global comm_bytes=0 selected_grids={}
fusion_method=early pred_boxes=16 gt_boxes=24
pred_scores_shape=(16,)Format = auto
Extension = pcd
Format = auto
Extension = pcd
Format = auto
Extension = pcd
Format = auto
Extension = pcd
Format = auto
Extension = pcd
Format = auto
Extension = pcd
Format = auto
Extension = pcd
Format = auto
Extension = pcd
Format = auto
Extension = pcd
Format = auto
Extension = pcd
Format = auto
Extension = pcd
Format = auto
Extension = pcd
Format = auto
Extension = pcd
Format = auto
Extension = pcd
Format = auto
Extension = pcd
Format = auto
Extension = pcd
Format = auto
Extension = pcd
Format = auto
Extension = pcd
Format = auto
Extension = pcd
Format = auto
Extension = pcd

frame=16/41 receiver_sample=3/20 scenario=2026_07_15_01_26_56 timestamp=000090 cavs=[3, 18]
sgcp_constrained receiver=3 policy=all-cavs sources=[3, 18] clusters=20 ra=selective_edgecooper_global comm_bytes=77168 selected_grids={18: 39}
fusion_method=early pred_boxes=17 gt_boxes=16
pred_scores_shape=(17,)
frame=16/41 receiver_sample=4/20 scenario=2026_07_15_01_26_56 timestamp=000090 cavs=[4, 1]
sgcp_constrained receiver=4 policy=all-cavs sources=[4, 1] clusters=20 ra=selective_edgecooper_global comm_bytes=78272 selected_grids={1: 39}
fusion_method=early pred_boxes=21 gt_boxes=31
pred_scores_shape=(21,)
frame=16/41 receiver_sample=5/20 scenario=2026_07_15_01_26_56 timestamp=000090 cavs=[5]
sgcp_constrained receiver=5 policy=all-cavs sources=[5] clusters=20 ra=selective_edgecooper_global comm_bytes=0 selected_grids={}
fusion_method=early pred_boxes=4 gt_boxes=14
pred_scores_shape=(4,)
frame=16/41 receiver_sample=6/20 scenario=2026_07_15_01_26_56 timestamp=000090 cavs=[6, 15]
sgcp_constrained receiver=6 policy=all-cavs sources=[6, 15] clusters=20 ra=selective_edgecooper_global comm_bytes=75424 selected_grids={15: 48}
fusion_method=early pred_boxes=16 gt_boxes=19
pred_scores_shape=(16,)
frame=16/41 receiver_sample=7/20 scenario=2026_07_15_01_26_56 timestamp=000090 cavs=[7, 5]
sgcp_constrained receiver=7 policy=all-cavs sources=[7, 5] clusters=20 ra=selective_edgecooper_global comm_bytes=76608 selected_grids={5: 39}
fusion_method=early pred_boxes=12 gt_boxes=20
pred_scores_shape=(12,)
frame=16/41 receiver_sample=8/20 scenario=2026_07_15_01_26_56 timestamp=000090 cavs=[8]
sgcp_constrained receiver=8 policy=all-cavs sources=[8] clusters=20 ra=selective_edgecooper_global comm_bytes=0 selected_grids={}
fusion_method=early pred_boxes=11 gt_boxes=22
pred_scores_shape=(11,)
frame=16/41 receiver_sample=9/20 scenario=2026_07_15_01_26_56 timestamp=000090 cavs=[9]
sgcp_constrained receiver=9 policy=all-cavs sources=[9] clusters=20 ra=selective_edgecooper_global comm_bytes=0 selected_grids={}
fusion_method=early pred_boxes=15 gt_boxes=19
pred_scores_shape=(15,)
frame=16/41 receiver_sample=10/20 scenario=2026_07_15_01_26_56 timestamp=000090 cavs=[10, 2]
sgcp_constrained receiver=10 policy=all-cavs sources=[10, 2] clusters=20 ra=selective_edgecooper_global comm_bytes=76320 selected_grids={2: 39}
fusion_method=early pred_boxes=30 gt_boxes=39
pred_scores_shape=(30,)
frame=16/41 receiver_sample=11/20 scenario=2026_07_15_01_26_56 timestamp=000090 cavs=[11, 9]
sgcp_constrained receiver=11 policy=all-cavs sources=[11, 9] clusters=20 ra=selective_edgecooper_global comm_bytes=77136 selected_grids={9: 39}
fusion_method=early pred_boxes=33 gt_boxes=36
pred_scores_shape=(33,)
frame=16/41 receiver_sample=12/20 scenario=2026_07_15_01_26_56 timestamp=000090 cavs=[12, 8]
sgcp_constrained receiver=12 policy=all-cavs sources=[12, 8] clusters=20 ra=selective_edgecooper_global comm_bytes=76240 selected_grids={8: 39}
fusion_method=early pred_boxes=16 gt_boxes=29
pred_scores_shape=(16,)
frame=16/41 receiver_sample=13/20 scenario=2026_07_15_01_26_56 timestamp=000090 cavs=[13]
sgcp_constrained receiver=13 policy=all-cavs sources=[13] clusters=20 ra=selective_edgecooper_global comm_bytes=0 selected_grids={}
fusion_method=early pred_boxes=10 gt_boxes=14
pred_scores_shape=(10,)
frame=16/41 receiver_sample=14/20 scenario=2026_07_15_01_26_56 timestamp=000090 cavs=[14]
sgcp_constrained receiver=14 policy=all-cavs sources=[14] clusters=20 ra=selective_edgecooper_global comm_bytes=0 selected_grids={}
fusion_method=early pred_boxes=3 gt_boxes=2
pred_scores_shape=(3,)
frame=16/41 receiver_sample=15/20 scenario=2026_07_15_01_26_56 timestamp=000090 cavs=[15]
sgcp_constrained receiver=15 policy=all-cavs sources=[15] clusters=20 ra=selective_edgecooper_global comm_bytes=0 selected_grids={}
fusion_method=early pred_boxes=12 gt_boxes=8
pred_scores_shape=(12,)
frame=16/41 receiver_sample=16/20 scenario=2026_07_15_01_26_56 timestamp=000090 cavs=[16, 17]
sgcp_constrained receiver=16 policy=all-cavs sources=[16, 17] clusters=20 ra=selective_edgecooper_global comm_bytes=76032 selected_grids={17: 39}
fusion_method=early pred_boxes=24 gt_boxes=24
pred_scores_shape=(24,)
frame=16/41 receiver_sample=17/20 scenario=2026_07_15_01_26_56 timestamp=000090 cavs=[17]
sgcp_constrained receiver=17 policy=all-cavs sources=[17] clusters=20 ra=selective_edgecooper_global comm_bytes=0 selected_grids={}
fusion_method=early pred_boxes=16 gt_boxes=11
pred_scores_shape=(16,)
frame=16/41 receiver_sample=18/20 scenario=2026_07_15_01_26_56 timestamp=000090 cavs=[18]
sgcp_constrained receiver=18 policy=all-cavs sources=[18] clusters=20 ra=selective_edgecooper_global comm_bytes=0 selected_grids={}
fusion_method=early pred_boxes=13 gt_boxes=10
pred_scores_shape=(13,)
frame=16/41 receiver_sample=19/20 scenario=2026_07_15_01_26_56 timestamp=000090 cavs=[19, 13]
sgcp_constrained receiver=19 policy=all-cavs sources=[19, 13] clusters=20 ra=selective_edgecooper_global comm_bytes=67248 selected_grids={13: 39}
fusion_method=early pred_boxes=14 gt_boxes=25
pred_scores_shape=(14,)
frame=16/41 receiver_sample=20/20 scenario=2026_07_15_01_26_56 timestamp=000090 cavs=[20]
sgcp_constrained receiver=20 policy=all-cavs sources=[20] clusters=20 ra=selective_edgecooper_global comm_bytes=0 selected_grids={}
fusion_method=early pred_boxes=20 gt_boxes=19
pred_scores_shape=(20,)
frame=17/41 receiver_sample=1/20 scenario=2026_07_15_01_26_56 timestamp=000092 cavs=[1]
sgcp_constrained receiver=1 policy=all-cavs sources=[1] clusters=20 ra=selective_edgecooper_global comm_bytes=0 selected_grids={}
fusion_method=early pred_boxes=14 gt_boxes=17
pred_scores_shape=(14,)
frame=17/41 receiver_sample=2/20 scenario=2026_07_15_01_26_56 timestamp=000092 cavs=[2]
sgcp_constrained receiver=2 policy=all-cavs sources=[2] clusters=20 ra=selective_edgecooper_global comm_bytes=0 selected_grids={}
fusion_method=early pred_boxes=17 gt_boxes=24
pred_scores_shape=(17,)
frame=17/41 receiver_sample=3/20 scenario=2026_07_15_01_26_56 timestamp=000092 cavs=[3, 18]
sgcp_constrained receiver=3 policy=all-cavs sources=[3, 18] clusters=20 ra=selective_edgecooper_global comm_bytes=77152 selected_grids={18: 39}
fusion_method=early pred_boxes=17 gt_boxes=16
pred_scores_shape=(17,)
frame=17/41 receiver_sample=4/20 scenario=2026_07_15_01_26_56 timestamp=000092 cavs=[4, 1]
sgcp_constrained receiver=4 policy=all-cavs sources=[4, 1] clusters=20 ra=selective_edgecooper_global comm_bytes=78240 selected_grids={1: 39}
fusion_method=early pred_boxes=18 gt_boxes=31
pred_scores_shape=(18,)
frame=17/41 receiver_sample=5/20 scenario=2026_07_15_01_26_56 timestamp=000092 cavs=[5]
sgcp_constrained receiver=5 policy=all-cavs sources=[5] clusters=20 ra=selective_edgecooper_global comm_bytes=0 selected_grids={}
fusion_method=early pred_boxes=6 gt_boxes=14
pred_scores_shape=(6,)
frame=17/41 receiver_sample=6/20 scenario=2026_07_15_01_26_56 timestamp=000092 cavs=[6, 15]
sgcp_constrained receiver=6 policy=all-cavs sources=[6, 15] clusters=20 ra=selective_edgecooper_global comm_bytes=75296 selected_grids={15: 48}
fusion_method=early pred_boxes=15 gt_boxes=19
pred_scores_shape=(15,)
frame=17/41 receiver_sample=7/20 scenario=2026_07_15_01_26_56 timestamp=000092 cavs=[7, 5]
sgcp_constrained receiver=7 policy=all-cavs sources=[7, 5] clusters=20 ra=selective_edgecooper_global comm_bytes=76992 selected_grids={5: 39}
fusion_method=early pred_boxes=12 gt_boxes=19
pred_scores_shape=(12,)
frame=17/41 receiver_sample=8/20 scenario=2026_07_15_01_26_56 timestamp=000092 cavs=[8]
sgcp_constrained receiver=8 policy=all-cavs sources=[8] clusters=20 ra=selective_edgecooper_global comm_bytes=0 selected_grids={}
fusion_method=early pred_boxes=12 gt_boxes=22
pred_scores_shape=(12,)
frame=17/41 receiver_sample=9/20 scenario=2026_07_15_01_26_56 timestamp=000092 cavs=[9]
sgcp_constrained receiver=9 policy=all-cavs sources=[9] clusters=20 ra=selective_edgecooper_global comm_bytes=0 selected_grids={}
fusion_method=early pred_boxes=16 gt_boxes=19
pred_scores_shape=(16,)
frame=17/41 receiver_sample=10/20 scenario=2026_07_15_01_26_56 timestamp=000092 cavs=[10, 2]Format = auto
Extension = pcd
Format = auto
Extension = pcd
Format = auto
Extension = pcd
Format = auto
Extension = pcd
Format = auto
Extension = pcd
Format = auto
Extension = pcd
Format = auto
Extension = pcd
Format = auto
Extension = pcd
Format = auto
Extension = pcd
Format = auto
Extension = pcd
Format = auto
Extension = pcd
Format = auto
Extension = pcd
Format = auto
Extension = pcd
Format = auto
Extension = pcd
Format = auto
Extension = pcd
Format = auto
Extension = pcd
Format = auto
Extension = pcd
Format = auto
Extension = pcd
Format = auto
Extension = pcd
Format = auto
Extension = pcd

sgcp_constrained receiver=10 policy=all-cavs sources=[10, 2] clusters=20 ra=selective_edgecooper_global comm_bytes=76304 selected_grids={2: 39}
fusion_method=early pred_boxes=30 gt_boxes=39
pred_scores_shape=(30,)
frame=17/41 receiver_sample=11/20 scenario=2026_07_15_01_26_56 timestamp=000092 cavs=[11, 9]
sgcp_constrained receiver=11 policy=all-cavs sources=[11, 9] clusters=20 ra=selective_edgecooper_global comm_bytes=77136 selected_grids={9: 39}
fusion_method=early pred_boxes=31 gt_boxes=35
pred_scores_shape=(31,)
frame=17/41 receiver_sample=12/20 scenario=2026_07_15_01_26_56 timestamp=000092 cavs=[12, 8]
sgcp_constrained receiver=12 policy=all-cavs sources=[12, 8] clusters=20 ra=selective_edgecooper_global comm_bytes=76128 selected_grids={8: 39}
fusion_method=early pred_boxes=18 gt_boxes=29
pred_scores_shape=(18,)
frame=17/41 receiver_sample=13/20 scenario=2026_07_15_01_26_56 timestamp=000092 cavs=[13]
sgcp_constrained receiver=13 policy=all-cavs sources=[13] clusters=20 ra=selective_edgecooper_global comm_bytes=0 selected_grids={}
fusion_method=early pred_boxes=10 gt_boxes=14
pred_scores_shape=(10,)
frame=17/41 receiver_sample=14/20 scenario=2026_07_15_01_26_56 timestamp=000092 cavs=[14]
sgcp_constrained receiver=14 policy=all-cavs sources=[14] clusters=20 ra=selective_edgecooper_global comm_bytes=0 selected_grids={}
fusion_method=early pred_boxes=5 gt_boxes=2
pred_scores_shape=(5,)
frame=17/41 receiver_sample=15/20 scenario=2026_07_15_01_26_56 timestamp=000092 cavs=[15]
sgcp_constrained receiver=15 policy=all-cavs sources=[15] clusters=20 ra=selective_edgecooper_global comm_bytes=0 selected_grids={}
fusion_method=early pred_boxes=14 gt_boxes=8
pred_scores_shape=(14,)
frame=17/41 receiver_sample=16/20 scenario=2026_07_15_01_26_56 timestamp=000092 cavs=[16, 17]
sgcp_constrained receiver=16 policy=all-cavs sources=[16, 17] clusters=20 ra=selective_edgecooper_global comm_bytes=74464 selected_grids={17: 39}
fusion_method=early pred_boxes=21 gt_boxes=23
pred_scores_shape=(21,)
frame=17/41 receiver_sample=17/20 scenario=2026_07_15_01_26_56 timestamp=000092 cavs=[17]
sgcp_constrained receiver=17 policy=all-cavs sources=[17] clusters=20 ra=selective_edgecooper_global comm_bytes=0 selected_grids={}
fusion_method=early pred_boxes=17 gt_boxes=11
pred_scores_shape=(17,)
frame=17/41 receiver_sample=18/20 scenario=2026_07_15_01_26_56 timestamp=000092 cavs=[18]
sgcp_constrained receiver=18 policy=all-cavs sources=[18] clusters=20 ra=selective_edgecooper_global comm_bytes=0 selected_grids={}
fusion_method=early pred_boxes=13 gt_boxes=10
pred_scores_shape=(13,)
frame=17/41 receiver_sample=19/20 scenario=2026_07_15_01_26_56 timestamp=000092 cavs=[19, 13]
sgcp_constrained receiver=19 policy=all-cavs sources=[19, 13] clusters=20 ra=selective_edgecooper_global comm_bytes=68112 selected_grids={13: 39}
fusion_method=early pred_boxes=12 gt_boxes=25
pred_scores_shape=(12,)
frame=17/41 receiver_sample=20/20 scenario=2026_07_15_01_26_56 timestamp=000092 cavs=[20]
sgcp_constrained receiver=20 policy=all-cavs sources=[20] clusters=20 ra=selective_edgecooper_global comm_bytes=0 selected_grids={}
fusion_method=early pred_boxes=20 gt_boxes=19
pred_scores_shape=(20,)
frame=18/41 receiver_sample=1/20 scenario=2026_07_15_01_26_56 timestamp=000094 cavs=[1]
sgcp_constrained receiver=1 policy=all-cavs sources=[1] clusters=20 ra=selective_edgecooper_global comm_bytes=0 selected_grids={}
fusion_method=early pred_boxes=17 gt_boxes=17
pred_scores_shape=(17,)
frame=18/41 receiver_sample=2/20 scenario=2026_07_15_01_26_56 timestamp=000094 cavs=[2]
sgcp_constrained receiver=2 policy=all-cavs sources=[2] clusters=20 ra=selective_edgecooper_global comm_bytes=0 selected_grids={}
fusion_method=early pred_boxes=17 gt_boxes=23
pred_scores_shape=(17,)
frame=18/41 receiver_sample=3/20 scenario=2026_07_15_01_26_56 timestamp=000094 cavs=[3, 18]
sgcp_constrained receiver=3 policy=all-cavs sources=[3, 18] clusters=20 ra=selective_edgecooper_global comm_bytes=76736 selected_grids={18: 39}
fusion_method=early pred_boxes=16 gt_boxes=17
pred_scores_shape=(16,)
frame=18/41 receiver_sample=4/20 scenario=2026_07_15_01_26_56 timestamp=000094 cavs=[4, 1]
sgcp_constrained receiver=4 policy=all-cavs sources=[4, 1] clusters=20 ra=selective_edgecooper_global comm_bytes=78224 selected_grids={1: 39}
fusion_method=early pred_boxes=20 gt_boxes=31
pred_scores_shape=(20,)
frame=18/41 receiver_sample=5/20 scenario=2026_07_15_01_26_56 timestamp=000094 cavs=[5]
sgcp_constrained receiver=5 policy=all-cavs sources=[5] clusters=20 ra=selective_edgecooper_global comm_bytes=0 selected_grids={}
fusion_method=early pred_boxes=3 gt_boxes=14
pred_scores_shape=(3,)
frame=18/41 receiver_sample=6/20 scenario=2026_07_15_01_26_56 timestamp=000094 cavs=[6, 15]
sgcp_constrained receiver=6 policy=all-cavs sources=[6, 15] clusters=20 ra=selective_edgecooper_global comm_bytes=75360 selected_grids={15: 47}
fusion_method=early pred_boxes=16 gt_boxes=20
pred_scores_shape=(16,)
frame=18/41 receiver_sample=7/20 scenario=2026_07_15_01_26_56 timestamp=000094 cavs=[7, 5]
sgcp_constrained receiver=7 policy=all-cavs sources=[7, 5] clusters=20 ra=selective_edgecooper_global comm_bytes=77104 selected_grids={5: 39}
fusion_method=early pred_boxes=15 gt_boxes=19
pred_scores_shape=(15,)
frame=18/41 receiver_sample=8/20 scenario=2026_07_15_01_26_56 timestamp=000094 cavs=[8]
sgcp_constrained receiver=8 policy=all-cavs sources=[8] clusters=20 ra=selective_edgecooper_global comm_bytes=0 selected_grids={}
fusion_method=early pred_boxes=12 gt_boxes=21
pred_scores_shape=(12,)
frame=18/41 receiver_sample=9/20 scenario=2026_07_15_01_26_56 timestamp=000094 cavs=[9]
sgcp_constrained receiver=9 policy=all-cavs sources=[9] clusters=20 ra=selective_edgecooper_global comm_bytes=0 selected_grids={}
fusion_method=early pred_boxes=15 gt_boxes=19
pred_scores_shape=(15,)
frame=18/41 receiver_sample=10/20 scenario=2026_07_15_01_26_56 timestamp=000094 cavs=[10, 2]
sgcp_constrained receiver=10 policy=all-cavs sources=[10, 2] clusters=20 ra=selective_edgecooper_global comm_bytes=76352 selected_grids={2: 39}
fusion_method=early pred_boxes=31 gt_boxes=39
pred_scores_shape=(31,)
frame=18/41 receiver_sample=11/20 scenario=2026_07_15_01_26_56 timestamp=000094 cavs=[11, 9]
sgcp_constrained receiver=11 policy=all-cavs sources=[11, 9] clusters=20 ra=selective_edgecooper_global comm_bytes=77120 selected_grids={9: 39}
fusion_method=early pred_boxes=29 gt_boxes=34
pred_scores_shape=(29,)
frame=18/41 receiver_sample=12/20 scenario=2026_07_15_01_26_56 timestamp=000094 cavs=[12, 8]
sgcp_constrained receiver=12 policy=all-cavs sources=[12, 8] clusters=20 ra=selective_edgecooper_global comm_bytes=76224 selected_grids={8: 39}
fusion_method=early pred_boxes=17 gt_boxes=29
pred_scores_shape=(17,)
frame=18/41 receiver_sample=13/20 scenario=2026_07_15_01_26_56 timestamp=000094 cavs=[13]
sgcp_constrained receiver=13 policy=all-cavs sources=[13] clusters=20 ra=selective_edgecooper_global comm_bytes=0 selected_grids={}
fusion_method=early pred_boxes=10 gt_boxes=14
pred_scores_shape=(10,)
frame=18/41 receiver_sample=14/20 scenario=2026_07_15_01_26_56 timestamp=000094 cavs=[14]
sgcp_constrained receiver=14 policy=all-cavs sources=[14] clusters=20 ra=selective_edgecooper_global comm_bytes=0 selected_grids={}
fusion_method=early pred_boxes=2 gt_boxes=2
pred_scores_shape=(2,)
frame=18/41 receiver_sample=15/20 scenario=2026_07_15_01_26_56 timestamp=000094 cavs=[15]
sgcp_constrained receiver=15 policy=all-cavs sources=[15] clusters=20 ra=selective_edgecooper_global comm_bytes=0 selected_grids={}
fusion_method=early pred_boxes=13 gt_boxes=9
pred_scores_shape=(13,)
frame=18/41 receiver_sample=16/20 scenario=2026_07_15_01_26_56 timestamp=000094 cavs=[16, 17]
sgcp_constrained receiver=16 policy=all-cavs sources=[16, 17] clusters=20 ra=selective_edgecooper_global comm_bytes=71232 selected_grids={17: 39}
fusion_method=early pred_boxes=22 gt_boxes=23
pred_scores_shape=(22,)
frame=18/41 receiver_sample=17/20 scenario=2026_07_15_01_26_56 timestamp=000094 cavs=[17]
sgcp_constrained receiver=17 policy=all-cavs sources=[17] clusters=20 ra=selective_edgecooper_global comm_bytes=0 selected_grids={}Format = auto
Extension = pcd
Format = auto
Extension = pcd
Format = auto
Extension = pcd
Format = auto
Extension = pcd
Format = auto
Extension = pcd
Format = auto
Extension = pcd
Format = auto
Extension = pcd
Format = auto
Extension = pcd
Format = auto
Extension = pcd
Format = auto
Extension = pcd
Format = auto
Extension = pcd
Format = auto
Extension = pcd
Format = auto
Extension = pcd
Format = auto
Extension = pcd
Format = auto
Extension = pcd
Format = auto
Extension = pcd
Format = auto
Extension = pcd
Format = auto
Extension = pcd
Format = auto
Extension = pcd
Format = auto
Extension = pcd
Format = auto
Extension = pcd
Format = auto
Extension = pcd
Format = auto
Extension = pcd
Format = auto
Extension = pcd
Format = auto
Extension = pcd
Format = auto
Extension = pcd
Format = auto
Extension = pcd
Format = auto
Extension = pcd
Format = auto
Extension = pcd
Format = auto
Extension = pcd
Format = auto
Extension = pcd
Format = auto
Extension = pcd
Format = auto
Extension = pcd
Format = auto
Extension = pcd
Format = auto
Extension = pcd
Format = auto
Extension = pcd
Format = auto
Extension = pcd
Format = auto
Extension = pcd
Format = auto
Extension = pcd
Format = auto
Extension = pcd

fusion_method=early pred_boxes=16 gt_boxes=12
pred_scores_shape=(16,)
frame=18/41 receiver_sample=18/20 scenario=2026_07_15_01_26_56 timestamp=000094 cavs=[18]
sgcp_constrained receiver=18 policy=all-cavs sources=[18] clusters=20 ra=selective_edgecooper_global comm_bytes=0 selected_grids={}
fusion_method=early pred_boxes=12 gt_boxes=10
pred_scores_shape=(12,)
frame=18/41 receiver_sample=19/20 scenario=2026_07_15_01_26_56 timestamp=000094 cavs=[19, 13]
sgcp_constrained receiver=19 policy=all-cavs sources=[19, 13] clusters=20 ra=selective_edgecooper_global comm_bytes=69072 selected_grids={13: 39}
fusion_method=early pred_boxes=12 gt_boxes=25
pred_scores_shape=(12,)
frame=18/41 receiver_sample=20/20 scenario=2026_07_15_01_26_56 timestamp=000094 cavs=[20]
sgcp_constrained receiver=20 policy=all-cavs sources=[20] clusters=20 ra=selective_edgecooper_global comm_bytes=0 selected_grids={}
fusion_method=early pred_boxes=19 gt_boxes=19
pred_scores_shape=(19,)
frame=19/41 receiver_sample=1/20 scenario=2026_07_15_01_26_56 timestamp=000096 cavs=[1]
sgcp_constrained receiver=1 policy=all-cavs sources=[1] clusters=20 ra=selective_edgecooper_global comm_bytes=0 selected_grids={}
fusion_method=early pred_boxes=16 gt_boxes=17
pred_scores_shape=(16,)
frame=19/41 receiver_sample=2/20 scenario=2026_07_15_01_26_56 timestamp=000096 cavs=[2, 15]
sgcp_constrained receiver=2 policy=all-cavs sources=[2, 15] clusters=20 ra=selective_edgecooper_global comm_bytes=75712 selected_grids={15: 39}
fusion_method=early pred_boxes=21 gt_boxes=25
pred_scores_shape=(21,)
frame=19/41 receiver_sample=3/20 scenario=2026_07_15_01_26_56 timestamp=000096 cavs=[3, 18]
sgcp_constrained receiver=3 policy=all-cavs sources=[3, 18] clusters=20 ra=selective_edgecooper_global comm_bytes=76672 selected_grids={18: 39}
fusion_method=early pred_boxes=16 gt_boxes=16
pred_scores_shape=(16,)
frame=19/41 receiver_sample=4/20 scenario=2026_07_15_01_26_56 timestamp=000096 cavs=[4, 1]
sgcp_constrained receiver=4 policy=all-cavs sources=[4, 1] clusters=20 ra=selective_edgecooper_global comm_bytes=78224 selected_grids={1: 39}
fusion_method=early pred_boxes=21 gt_boxes=31
pred_scores_shape=(21,)
frame=19/41 receiver_sample=5/20 scenario=2026_07_15_01_26_56 timestamp=000096 cavs=[5]
sgcp_constrained receiver=5 policy=all-cavs sources=[5] clusters=20 ra=selective_edgecooper_global comm_bytes=0 selected_grids={}
fusion_method=early pred_boxes=6 gt_boxes=15
pred_scores_shape=(6,)
frame=19/41 receiver_sample=6/20 scenario=2026_07_15_01_26_56 timestamp=000096 cavs=[6]
sgcp_constrained receiver=6 policy=all-cavs sources=[6] clusters=20 ra=selective_edgecooper_global comm_bytes=0 selected_grids={}
fusion_method=early pred_boxes=12 gt_boxes=15
pred_scores_shape=(12,)
frame=19/41 receiver_sample=7/20 scenario=2026_07_15_01_26_56 timestamp=000096 cavs=[7, 5]
sgcp_constrained receiver=7 policy=all-cavs sources=[7, 5] clusters=20 ra=selective_edgecooper_global comm_bytes=76864 selected_grids={5: 39}
fusion_method=early pred_boxes=13 gt_boxes=20
pred_scores_shape=(13,)
frame=19/41 receiver_sample=8/20 scenario=2026_07_15_01_26_56 timestamp=000096 cavs=[8]
sgcp_constrained receiver=8 policy=all-cavs sources=[8] clusters=20 ra=selective_edgecooper_global comm_bytes=0 selected_grids={}
fusion_method=early pred_boxes=11 gt_boxes=21
pred_scores_shape=(11,)
frame=19/41 receiver_sample=9/20 scenario=2026_07_15_01_26_56 timestamp=000096 cavs=[9]
sgcp_constrained receiver=9 policy=all-cavs sources=[9] clusters=20 ra=selective_edgecooper_global comm_bytes=0 selected_grids={}
fusion_method=early pred_boxes=14 gt_boxes=19
pred_scores_shape=(14,)
frame=19/41 receiver_sample=10/20 scenario=2026_07_15_01_26_56 timestamp=000096 cavs=[10]
sgcp_constrained receiver=10 policy=all-cavs sources=[10] clusters=20 ra=selective_edgecooper_global comm_bytes=0 selected_grids={}
fusion_method=early pred_boxes=17 gt_boxes=26
pred_scores_shape=(17,)
frame=19/41 receiver_sample=11/20 scenario=2026_07_15_01_26_56 timestamp=000096 cavs=[11, 9]
sgcp_constrained receiver=11 policy=all-cavs sources=[11, 9] clusters=20 ra=selective_edgecooper_global comm_bytes=77104 selected_grids={9: 39}
fusion_method=early pred_boxes=27 gt_boxes=34
pred_scores_shape=(27,)
frame=19/41 receiver_sample=12/20 scenario=2026_07_15_01_26_56 timestamp=000096 cavs=[12, 8]
sgcp_constrained receiver=12 policy=all-cavs sources=[12, 8] clusters=20 ra=selective_edgecooper_global comm_bytes=76224 selected_grids={8: 39}
fusion_method=early pred_boxes=18 gt_boxes=29
pred_scores_shape=(18,)
frame=19/41 receiver_sample=13/20 scenario=2026_07_15_01_26_56 timestamp=000096 cavs=[13]
sgcp_constrained receiver=13 policy=all-cavs sources=[13] clusters=20 ra=selective_edgecooper_global comm_bytes=0 selected_grids={}
fusion_method=early pred_boxes=8 gt_boxes=14
pred_scores_shape=(8,)
frame=19/41 receiver_sample=14/20 scenario=2026_07_15_01_26_56 timestamp=000096 cavs=[14]
sgcp_constrained receiver=14 policy=all-cavs sources=[14] clusters=20 ra=selective_edgecooper_global comm_bytes=0 selected_grids={}
fusion_method=early pred_boxes=3 gt_boxes=2
pred_scores_shape=(3,)
frame=19/41 receiver_sample=15/20 scenario=2026_07_15_01_26_56 timestamp=000096 cavs=[15]
sgcp_constrained receiver=15 policy=all-cavs sources=[15] clusters=20 ra=selective_edgecooper_global comm_bytes=0 selected_grids={}
fusion_method=early pred_boxes=14 gt_boxes=8
pred_scores_shape=(14,)
frame=19/41 receiver_sample=16/20 scenario=2026_07_15_01_26_56 timestamp=000096 cavs=[16, 17]
sgcp_constrained receiver=16 policy=all-cavs sources=[16, 17] clusters=20 ra=selective_edgecooper_global comm_bytes=71184 selected_grids={17: 39}
fusion_method=early pred_boxes=24 gt_boxes=23
pred_scores_shape=(24,)
frame=19/41 receiver_sample=17/20 scenario=2026_07_15_01_26_56 timestamp=000096 cavs=[17]
sgcp_constrained receiver=17 policy=all-cavs sources=[17] clusters=20 ra=selective_edgecooper_global comm_bytes=0 selected_grids={}
fusion_method=early pred_boxes=17 gt_boxes=12
pred_scores_shape=(17,)
frame=19/41 receiver_sample=18/20 scenario=2026_07_15_01_26_56 timestamp=000096 cavs=[18]
sgcp_constrained receiver=18 policy=all-cavs sources=[18] clusters=20 ra=selective_edgecooper_global comm_bytes=0 selected_grids={}
fusion_method=early pred_boxes=12 gt_boxes=9
pred_scores_shape=(12,)
frame=19/41 receiver_sample=19/20 scenario=2026_07_15_01_26_56 timestamp=000096 cavs=[19, 13]
sgcp_constrained receiver=19 policy=all-cavs sources=[19, 13] clusters=20 ra=selective_edgecooper_global comm_bytes=68960 selected_grids={13: 39}
fusion_method=early pred_boxes=11 gt_boxes=25
pred_scores_shape=(11,)
frame=19/41 receiver_sample=20/20 scenario=2026_07_15_01_26_56 timestamp=000096 cavs=[20]
sgcp_constrained receiver=20 policy=all-cavs sources=[20] clusters=20 ra=selective_edgecooper_global comm_bytes=0 selected_grids={}
fusion_method=early pred_boxes=19 gt_boxes=19
pred_scores_shape=(19,)
frame=20/41 receiver_sample=1/20 scenario=2026_07_15_01_26_56 timestamp=000098 cavs=[1]
sgcp_constrained receiver=1 policy=all-cavs sources=[1] clusters=20 ra=selective_edgecooper_global comm_bytes=0 selected_grids={}
fusion_method=early pred_boxes=17 gt_boxes=16
pred_scores_shape=(17,)
frame=20/41 receiver_sample=2/20 scenario=2026_07_15_01_26_56 timestamp=000098 cavs=[2, 15]
sgcp_constrained receiver=2 policy=all-cavs sources=[2, 15] clusters=20 ra=selective_edgecooper_global comm_bytes=75776 selected_grids={15: 39}
fusion_method=early pred_boxes=22 gt_boxes=25
pred_scores_shape=(22,)
frame=20/41 receiver_sample=3/20 scenario=2026_07_15_01_26_56 timestamp=000098 cavs=[3, 18]
sgcp_constrained receiver=3 policy=all-cavs sources=[3, 18] clusters=20 ra=selective_edgecooper_global comm_bytes=76784 selected_grids={18: 39}
fusion_method=early pred_boxes=16 gt_boxes=15
pred_scores_shape=(16,)
frame=20/41 receiver_sample=4/20 scenario=2026_07_15_01_26_56 timestamp=000098 cavs=[4, 1]
sgcp_constrained receiver=4 policy=all-cavs sources=[4, 1] clusters=20 ra=selective_edgecooper_global comm_bytes=78224 selected_grids={1: 39}
fusion_method=early pred_boxes=20 gt_boxes=30
pred_scores_shape=(20,)Format = auto
Extension = pcd
Format = auto
Extension = pcd
Format = auto
Extension = pcd
Format = auto
Extension = pcd
Format = auto
Extension = pcd
Format = auto
Extension = pcd
Format = auto
Extension = pcd
Format = auto
Extension = pcd
Format = auto
Extension = pcd
Format = auto
Extension = pcd
Format = auto
Extension = pcd
Format = auto
Extension = pcd
Format = auto
Extension = pcd
Format = auto
Extension = pcd
Format = auto
Extension = pcd
Format = auto
Extension = pcd
Format = auto
Extension = pcd
Format = auto
Extension = pcd
Format = auto
Extension = pcd
Format = auto
Extension = pcd

frame=20/41 receiver_sample=5/20 scenario=2026_07_15_01_26_56 timestamp=000098 cavs=[5]
sgcp_constrained receiver=5 policy=all-cavs sources=[5] clusters=20 ra=selective_edgecooper_global comm_bytes=0 selected_grids={}
fusion_method=early pred_boxes=8 gt_boxes=15
pred_scores_shape=(8,)
frame=20/41 receiver_sample=6/20 scenario=2026_07_15_01_26_56 timestamp=000098 cavs=[6]
sgcp_constrained receiver=6 policy=all-cavs sources=[6] clusters=20 ra=selective_edgecooper_global comm_bytes=0 selected_grids={}
fusion_method=early pred_boxes=11 gt_boxes=15
pred_scores_shape=(11,)
frame=20/41 receiver_sample=7/20 scenario=2026_07_15_01_26_56 timestamp=000098 cavs=[7, 5]
sgcp_constrained receiver=7 policy=all-cavs sources=[7, 5] clusters=20 ra=selective_edgecooper_global comm_bytes=76880 selected_grids={5: 39}
fusion_method=early pred_boxes=14 gt_boxes=20
pred_scores_shape=(14,)
frame=20/41 receiver_sample=8/20 scenario=2026_07_15_01_26_56 timestamp=000098 cavs=[8]
sgcp_constrained receiver=8 policy=all-cavs sources=[8] clusters=20 ra=selective_edgecooper_global comm_bytes=0 selected_grids={}
fusion_method=early pred_boxes=11 gt_boxes=21
pred_scores_shape=(11,)
frame=20/41 receiver_sample=9/20 scenario=2026_07_15_01_26_56 timestamp=000098 cavs=[9]
sgcp_constrained receiver=9 policy=all-cavs sources=[9] clusters=20 ra=selective_edgecooper_global comm_bytes=0 selected_grids={}
fusion_method=early pred_boxes=15 gt_boxes=19
pred_scores_shape=(15,)
frame=20/41 receiver_sample=10/20 scenario=2026_07_15_01_26_56 timestamp=000098 cavs=[10]
sgcp_constrained receiver=10 policy=all-cavs sources=[10] clusters=20 ra=selective_edgecooper_global comm_bytes=0 selected_grids={}
fusion_method=early pred_boxes=18 gt_boxes=25
pred_scores_shape=(18,)
frame=20/41 receiver_sample=11/20 scenario=2026_07_15_01_26_56 timestamp=000098 cavs=[11, 9]
sgcp_constrained receiver=11 policy=all-cavs sources=[11, 9] clusters=20 ra=selective_edgecooper_global comm_bytes=77104 selected_grids={9: 39}
fusion_method=early pred_boxes=29 gt_boxes=34
pred_scores_shape=(29,)
frame=20/41 receiver_sample=12/20 scenario=2026_07_15_01_26_56 timestamp=000098 cavs=[12, 8]
sgcp_constrained receiver=12 policy=all-cavs sources=[12, 8] clusters=20 ra=selective_edgecooper_global comm_bytes=76192 selected_grids={8: 39}
fusion_method=early pred_boxes=13 gt_boxes=28
pred_scores_shape=(13,)
frame=20/41 receiver_sample=13/20 scenario=2026_07_15_01_26_56 timestamp=000098 cavs=[13]
sgcp_constrained receiver=13 policy=all-cavs sources=[13] clusters=20 ra=selective_edgecooper_global comm_bytes=0 selected_grids={}
fusion_method=early pred_boxes=8 gt_boxes=14
pred_scores_shape=(8,)
frame=20/41 receiver_sample=14/20 scenario=2026_07_15_01_26_56 timestamp=000098 cavs=[14]
sgcp_constrained receiver=14 policy=all-cavs sources=[14] clusters=20 ra=selective_edgecooper_global comm_bytes=0 selected_grids={}
fusion_method=early pred_boxes=3 gt_boxes=2
pred_scores_shape=(3,)
frame=20/41 receiver_sample=15/20 scenario=2026_07_15_01_26_56 timestamp=000098 cavs=[15]
sgcp_constrained receiver=15 policy=all-cavs sources=[15] clusters=20 ra=selective_edgecooper_global comm_bytes=0 selected_grids={}
fusion_method=early pred_boxes=12 gt_boxes=8
pred_scores_shape=(12,)
frame=20/41 receiver_sample=16/20 scenario=2026_07_15_01_26_56 timestamp=000098 cavs=[16, 17]
sgcp_constrained receiver=16 policy=all-cavs sources=[16, 17] clusters=20 ra=selective_edgecooper_global comm_bytes=70656 selected_grids={17: 39}
fusion_method=early pred_boxes=23 gt_boxes=23
pred_scores_shape=(23,)
frame=20/41 receiver_sample=17/20 scenario=2026_07_15_01_26_56 timestamp=000098 cavs=[17]
sgcp_constrained receiver=17 policy=all-cavs sources=[17] clusters=20 ra=selective_edgecooper_global comm_bytes=0 selected_grids={}
fusion_method=early pred_boxes=17 gt_boxes=12
pred_scores_shape=(17,)
frame=20/41 receiver_sample=18/20 scenario=2026_07_15_01_26_56 timestamp=000098 cavs=[18]
sgcp_constrained receiver=18 policy=all-cavs sources=[18] clusters=20 ra=selective_edgecooper_global comm_bytes=0 selected_grids={}
fusion_method=early pred_boxes=11 gt_boxes=9
pred_scores_shape=(11,)
frame=20/41 receiver_sample=19/20 scenario=2026_07_15_01_26_56 timestamp=000098 cavs=[19, 13]
sgcp_constrained receiver=19 policy=all-cavs sources=[19, 13] clusters=20 ra=selective_edgecooper_global comm_bytes=69968 selected_grids={13: 39}
fusion_method=early pred_boxes=13 gt_boxes=25
pred_scores_shape=(13,)
frame=20/41 receiver_sample=20/20 scenario=2026_07_15_01_26_56 timestamp=000098 cavs=[20]
sgcp_constrained receiver=20 policy=all-cavs sources=[20] clusters=20 ra=selective_edgecooper_global comm_bytes=0 selected_grids={}
fusion_method=early pred_boxes=20 gt_boxes=19
pred_scores_shape=(20,)
frame=21/41 receiver_sample=1/20 scenario=2026_07_15_01_26_56 timestamp=000100 cavs=[1]
sgcp_constrained receiver=1 policy=all-cavs sources=[1] clusters=20 ra=selective_edgecooper_global comm_bytes=0 selected_grids={}
fusion_method=early pred_boxes=18 gt_boxes=16
pred_scores_shape=(18,)
frame=21/41 receiver_sample=2/20 scenario=2026_07_15_01_26_56 timestamp=000100 cavs=[2, 15]
sgcp_constrained receiver=2 policy=all-cavs sources=[2, 15] clusters=20 ra=selective_edgecooper_global comm_bytes=75584 selected_grids={15: 39}
fusion_method=early pred_boxes=22 gt_boxes=25
pred_scores_shape=(22,)
frame=21/41 receiver_sample=3/20 scenario=2026_07_15_01_26_56 timestamp=000100 cavs=[3, 18]
sgcp_constrained receiver=3 policy=all-cavs sources=[3, 18] clusters=20 ra=selective_edgecooper_global comm_bytes=76784 selected_grids={18: 39}
fusion_method=early pred_boxes=16 gt_boxes=15
pred_scores_shape=(16,)
frame=21/41 receiver_sample=4/20 scenario=2026_07_15_01_26_56 timestamp=000100 cavs=[4, 7]
sgcp_constrained receiver=4 policy=all-cavs sources=[4, 7] clusters=20 ra=selective_edgecooper_global comm_bytes=74720 selected_grids={7: 39}
fusion_method=early pred_boxes=19 gt_boxes=32
pred_scores_shape=(19,)
frame=21/41 receiver_sample=5/20 scenario=2026_07_15_01_26_56 timestamp=000100 cavs=[5, 19]
sgcp_constrained receiver=5 policy=all-cavs sources=[5, 19] clusters=20 ra=selective_edgecooper_global comm_bytes=74816 selected_grids={19: 58}
fusion_method=early pred_boxes=17 gt_boxes=22
pred_scores_shape=(17,)
frame=21/41 receiver_sample=6/20 scenario=2026_07_15_01_26_56 timestamp=000100 cavs=[6]
sgcp_constrained receiver=6 policy=all-cavs sources=[6] clusters=20 ra=selective_edgecooper_global comm_bytes=0 selected_grids={}
fusion_method=early pred_boxes=10 gt_boxes=16
pred_scores_shape=(10,)
frame=21/41 receiver_sample=7/20 scenario=2026_07_15_01_26_56 timestamp=000100 cavs=[7]
sgcp_constrained receiver=7 policy=all-cavs sources=[7] clusters=20 ra=selective_edgecooper_global comm_bytes=0 selected_grids={}
fusion_method=early pred_boxes=13 gt_boxes=12
pred_scores_shape=(13,)
frame=21/41 receiver_sample=8/20 scenario=2026_07_15_01_26_56 timestamp=000100 cavs=[8]
sgcp_constrained receiver=8 policy=all-cavs sources=[8] clusters=20 ra=selective_edgecooper_global comm_bytes=0 selected_grids={}
fusion_method=early pred_boxes=12 gt_boxes=21
pred_scores_shape=(12,)
frame=21/41 receiver_sample=9/20 scenario=2026_07_15_01_26_56 timestamp=000100 cavs=[9]
sgcp_constrained receiver=9 policy=all-cavs sources=[9] clusters=20 ra=selective_edgecooper_global comm_bytes=0 selected_grids={}
fusion_method=early pred_boxes=15 gt_boxes=18
pred_scores_shape=(15,)
frame=21/41 receiver_sample=10/20 scenario=2026_07_15_01_26_56 timestamp=000100 cavs=[10, 13]
sgcp_constrained receiver=10 policy=all-cavs sources=[10, 13] clusters=20 ra=selective_edgecooper_global comm_bytes=73664 selected_grids={13: 39}
fusion_method=early pred_boxes=21 gt_boxes=31
pred_scores_shape=(21,)
frame=21/41 receiver_sample=11/20 scenario=2026_07_15_01_26_56 timestamp=000100 cavs=[11, 9]
sgcp_constrained receiver=11 policy=all-cavs sources=[11, 9] clusters=20 ra=selective_edgecooper_global comm_bytes=77072 selected_grids={9: 39}
fusion_method=early pred_boxes=29 gt_boxes=32
pred_scores_shape=(29,)
frame=21/41 receiver_sample=12/20 scenario=2026_07_15_01_26_56 timestamp=000100 cavs=[12, 8]Format = auto
Extension = pcd
Format = auto
Extension = pcd
Format = auto
Extension = pcd
Format = auto
Extension = pcd
Format = auto
Extension = pcd
Format = auto
Extension = pcd
Format = auto
Extension = pcd
Format = auto
Extension = pcd
Format = auto
Extension = pcd
Format = auto
Extension = pcd
Format = auto
Extension = pcd
Format = auto
Extension = pcd
Format = auto
Extension = pcd
Format = auto
Extension = pcd
Format = auto
Extension = pcd
Format = auto
Extension = pcd
Format = auto
Extension = pcd
Format = auto
Extension = pcd
Format = auto
Extension = pcd
Format = auto
Extension = pcd

sgcp_constrained receiver=12 policy=all-cavs sources=[12, 8] clusters=20 ra=selective_edgecooper_global comm_bytes=76016 selected_grids={8: 39}
fusion_method=early pred_boxes=16 gt_boxes=27
pred_scores_shape=(16,)
frame=21/41 receiver_sample=13/20 scenario=2026_07_15_01_26_56 timestamp=000100 cavs=[13]
sgcp_constrained receiver=13 policy=all-cavs sources=[13] clusters=20 ra=selective_edgecooper_global comm_bytes=0 selected_grids={}
fusion_method=early pred_boxes=8 gt_boxes=14
pred_scores_shape=(8,)
frame=21/41 receiver_sample=14/20 scenario=2026_07_15_01_26_56 timestamp=000100 cavs=[14]
sgcp_constrained receiver=14 policy=all-cavs sources=[14] clusters=20 ra=selective_edgecooper_global comm_bytes=0 selected_grids={}
fusion_method=early pred_boxes=4 gt_boxes=2
pred_scores_shape=(4,)
frame=21/41 receiver_sample=15/20 scenario=2026_07_15_01_26_56 timestamp=000100 cavs=[15]
sgcp_constrained receiver=15 policy=all-cavs sources=[15] clusters=20 ra=selective_edgecooper_global comm_bytes=0 selected_grids={}
fusion_method=early pred_boxes=12 gt_boxes=8
pred_scores_shape=(12,)
frame=21/41 receiver_sample=16/20 scenario=2026_07_15_01_26_56 timestamp=000100 cavs=[16, 17]
sgcp_constrained receiver=16 policy=all-cavs sources=[16, 17] clusters=20 ra=selective_edgecooper_global comm_bytes=71424 selected_grids={17: 39}
fusion_method=early pred_boxes=22 gt_boxes=22
pred_scores_shape=(22,)
frame=21/41 receiver_sample=17/20 scenario=2026_07_15_01_26_56 timestamp=000100 cavs=[17]
sgcp_constrained receiver=17 policy=all-cavs sources=[17] clusters=20 ra=selective_edgecooper_global comm_bytes=0 selected_grids={}
fusion_method=early pred_boxes=18 gt_boxes=12
pred_scores_shape=(18,)
frame=21/41 receiver_sample=18/20 scenario=2026_07_15_01_26_56 timestamp=000100 cavs=[18]
sgcp_constrained receiver=18 policy=all-cavs sources=[18] clusters=20 ra=selective_edgecooper_global comm_bytes=0 selected_grids={}
fusion_method=early pred_boxes=12 gt_boxes=9
pred_scores_shape=(12,)
frame=21/41 receiver_sample=19/20 scenario=2026_07_15_01_26_56 timestamp=000100 cavs=[19]
sgcp_constrained receiver=19 policy=all-cavs sources=[19] clusters=20 ra=selective_edgecooper_global comm_bytes=0 selected_grids={}
fusion_method=early pred_boxes=10 gt_boxes=13
pred_scores_shape=(10,)
frame=21/41 receiver_sample=20/20 scenario=2026_07_15_01_26_56 timestamp=000100 cavs=[20]
sgcp_constrained receiver=20 policy=all-cavs sources=[20] clusters=20 ra=selective_edgecooper_global comm_bytes=0 selected_grids={}
fusion_method=early pred_boxes=20 gt_boxes=19
pred_scores_shape=(20,)
frame=22/41 receiver_sample=1/20 scenario=2026_07_15_01_26_56 timestamp=000102 cavs=[1]
sgcp_constrained receiver=1 policy=all-cavs sources=[1] clusters=20 ra=selective_edgecooper_global comm_bytes=0 selected_grids={}
fusion_method=early pred_boxes=17 gt_boxes=16
pred_scores_shape=(17,)
frame=22/41 receiver_sample=2/20 scenario=2026_07_15_01_26_56 timestamp=000102 cavs=[2, 15]
sgcp_constrained receiver=2 policy=all-cavs sources=[2, 15] clusters=20 ra=selective_edgecooper_global comm_bytes=75888 selected_grids={15: 39}
fusion_method=early pred_boxes=22 gt_boxes=26
pred_scores_shape=(22,)
frame=22/41 receiver_sample=3/20 scenario=2026_07_15_01_26_56 timestamp=000102 cavs=[3, 18]
sgcp_constrained receiver=3 policy=all-cavs sources=[3, 18] clusters=20 ra=selective_edgecooper_global comm_bytes=76976 selected_grids={18: 39}
fusion_method=early pred_boxes=16 gt_boxes=14
pred_scores_shape=(16,)
frame=22/41 receiver_sample=4/20 scenario=2026_07_15_01_26_56 timestamp=000102 cavs=[4, 7]
sgcp_constrained receiver=4 policy=all-cavs sources=[4, 7] clusters=20 ra=selective_edgecooper_global comm_bytes=74688 selected_grids={7: 39}
fusion_method=early pred_boxes=20 gt_boxes=31
pred_scores_shape=(20,)
frame=22/41 receiver_sample=5/20 scenario=2026_07_15_01_26_56 timestamp=000102 cavs=[5, 19]
sgcp_constrained receiver=5 policy=all-cavs sources=[5, 19] clusters=20 ra=selective_edgecooper_global comm_bytes=74816 selected_grids={19: 58}
fusion_method=early pred_boxes=18 gt_boxes=24
pred_scores_shape=(18,)
frame=22/41 receiver_sample=6/20 scenario=2026_07_15_01_26_56 timestamp=000102 cavs=[6]
sgcp_constrained receiver=6 policy=all-cavs sources=[6] clusters=20 ra=selective_edgecooper_global comm_bytes=0 selected_grids={}
fusion_method=early pred_boxes=13 gt_boxes=16
pred_scores_shape=(13,)
frame=22/41 receiver_sample=7/20 scenario=2026_07_15_01_26_56 timestamp=000102 cavs=[7]
sgcp_constrained receiver=7 policy=all-cavs sources=[7] clusters=20 ra=selective_edgecooper_global comm_bytes=0 selected_grids={}
fusion_method=early pred_boxes=16 gt_boxes=12
pred_scores_shape=(16,)
frame=22/41 receiver_sample=8/20 scenario=2026_07_15_01_26_56 timestamp=000102 cavs=[8]
sgcp_constrained receiver=8 policy=all-cavs sources=[8] clusters=20 ra=selective_edgecooper_global comm_bytes=0 selected_grids={}
fusion_method=early pred_boxes=11 gt_boxes=22
pred_scores_shape=(11,)
frame=22/41 receiver_sample=9/20 scenario=2026_07_15_01_26_56 timestamp=000102 cavs=[9]
sgcp_constrained receiver=9 policy=all-cavs sources=[9] clusters=20 ra=selective_edgecooper_global comm_bytes=0 selected_grids={}
fusion_method=early pred_boxes=15 gt_boxes=19
pred_scores_shape=(15,)
frame=22/41 receiver_sample=10/20 scenario=2026_07_15_01_26_56 timestamp=000102 cavs=[10, 13]
sgcp_constrained receiver=10 policy=all-cavs sources=[10, 13] clusters=20 ra=selective_edgecooper_global comm_bytes=73632 selected_grids={13: 39}
fusion_method=early pred_boxes=23 gt_boxes=31
pred_scores_shape=(23,)
frame=22/41 receiver_sample=11/20 scenario=2026_07_15_01_26_56 timestamp=000102 cavs=[11, 9]
sgcp_constrained receiver=11 policy=all-cavs sources=[11, 9] clusters=20 ra=selective_edgecooper_global comm_bytes=77072 selected_grids={9: 39}
fusion_method=early pred_boxes=30 gt_boxes=32
pred_scores_shape=(30,)
frame=22/41 receiver_sample=12/20 scenario=2026_07_15_01_26_56 timestamp=000102 cavs=[12, 8]
sgcp_constrained receiver=12 policy=all-cavs sources=[12, 8] clusters=20 ra=selective_edgecooper_global comm_bytes=76096 selected_grids={8: 39}
fusion_method=early pred_boxes=15 gt_boxes=28
pred_scores_shape=(15,)
frame=22/41 receiver_sample=13/20 scenario=2026_07_15_01_26_56 timestamp=000102 cavs=[13]
sgcp_constrained receiver=13 policy=all-cavs sources=[13] clusters=20 ra=selective_edgecooper_global comm_bytes=0 selected_grids={}
fusion_method=early pred_boxes=9 gt_boxes=12
pred_scores_shape=(9,)
frame=22/41 receiver_sample=14/20 scenario=2026_07_15_01_26_56 timestamp=000102 cavs=[14]
sgcp_constrained receiver=14 policy=all-cavs sources=[14] clusters=20 ra=selective_edgecooper_global comm_bytes=0 selected_grids={}
fusion_method=early pred_boxes=4 gt_boxes=2
pred_scores_shape=(4,)
frame=22/41 receiver_sample=15/20 scenario=2026_07_15_01_26_56 timestamp=000102 cavs=[15]
sgcp_constrained receiver=15 policy=all-cavs sources=[15] clusters=20 ra=selective_edgecooper_global comm_bytes=0 selected_grids={}
fusion_method=early pred_boxes=12 gt_boxes=10
pred_scores_shape=(12,)
frame=22/41 receiver_sample=16/20 scenario=2026_07_15_01_26_56 timestamp=000102 cavs=[16, 17]
sgcp_constrained receiver=16 policy=all-cavs sources=[16, 17] clusters=20 ra=selective_edgecooper_global comm_bytes=70928 selected_grids={17: 39}
fusion_method=early pred_boxes=21 gt_boxes=22
pred_scores_shape=(21,)
frame=22/41 receiver_sample=17/20 scenario=2026_07_15_01_26_56 timestamp=000102 cavs=[17]
sgcp_constrained receiver=17 policy=all-cavs sources=[17] clusters=20 ra=selective_edgecooper_global comm_bytes=0 selected_grids={}
fusion_method=early pred_boxes=16 gt_boxes=13
pred_scores_shape=(16,)
frame=22/41 receiver_sample=18/20 scenario=2026_07_15_01_26_56 timestamp=000102 cavs=[18]
sgcp_constrained receiver=18 policy=all-cavs sources=[18] clusters=20 ra=selective_edgecooper_global comm_bytes=0 selected_grids={}
fusion_method=early pred_boxes=11 gt_boxes=9
pred_scores_shape=(11,)
frame=22/41 receiver_sample=19/20 scenario=2026_07_15_01_26_56 timestamp=000102 cavs=[19]
sgcp_constrained receiver=19 policy=all-cavs sources=[19] clusters=20 ra=selective_edgecooper_global comm_bytes=0 selected_grids={}Format = auto
Extension = pcd
Format = auto
Extension = pcd
Format = auto
Extension = pcd
Format = auto
Extension = pcd
Format = auto
Extension = pcd
Format = auto
Extension = pcd
Format = auto
Extension = pcd
Format = auto
Extension = pcd
Format = auto
Extension = pcd
Format = auto
Extension = pcd
Format = auto
Extension = pcd
Format = auto
Extension = pcd
Format = auto
Extension = pcd
Format = auto
Extension = pcd
Format = auto
Extension = pcd
Format = auto
Extension = pcd
Format = auto
Extension = pcd
Format = auto
Extension = pcd
Format = auto
Extension = pcd
Format = auto
Extension = pcd
Format = auto
Extension = pcd
Format = auto
Extension = pcd
Format = auto
Extension = pcd
Format = auto
Extension = pcd
Format = auto
Extension = pcd
Format = auto
Extension = pcd
Format = auto
Extension = pcd
Format = auto
Extension = pcd
Format = auto
Extension = pcd
Format = auto
Extension = pcd
Format = auto
Extension = pcd
Format = auto
Extension = pcd
Format = auto
Extension = pcd
Format = auto
Extension = pcd
Format = auto
Extension = pcd
Format = auto
Extension = pcd
Format = auto
Extension = pcd
Format = auto
Extension = pcd
Format = auto
Extension = pcd
Format = auto
Extension = pcd

fusion_method=early pred_boxes=10 gt_boxes=13
pred_scores_shape=(10,)
frame=22/41 receiver_sample=20/20 scenario=2026_07_15_01_26_56 timestamp=000102 cavs=[20]
sgcp_constrained receiver=20 policy=all-cavs sources=[20] clusters=20 ra=selective_edgecooper_global comm_bytes=0 selected_grids={}
fusion_method=early pred_boxes=20 gt_boxes=19
pred_scores_shape=(20,)
frame=23/41 receiver_sample=1/20 scenario=2026_07_15_01_26_56 timestamp=000104 cavs=[1]
sgcp_constrained receiver=1 policy=all-cavs sources=[1] clusters=20 ra=selective_edgecooper_global comm_bytes=0 selected_grids={}
fusion_method=early pred_boxes=18 gt_boxes=16
pred_scores_shape=(18,)
frame=23/41 receiver_sample=2/20 scenario=2026_07_15_01_26_56 timestamp=000104 cavs=[2, 15]
sgcp_constrained receiver=2 policy=all-cavs sources=[2, 15] clusters=20 ra=selective_edgecooper_global comm_bytes=75424 selected_grids={15: 39}
fusion_method=early pred_boxes=25 gt_boxes=27
pred_scores_shape=(25,)
frame=23/41 receiver_sample=3/20 scenario=2026_07_15_01_26_56 timestamp=000104 cavs=[3, 18]
sgcp_constrained receiver=3 policy=all-cavs sources=[3, 18] clusters=20 ra=selective_edgecooper_global comm_bytes=76784 selected_grids={18: 39}
fusion_method=early pred_boxes=16 gt_boxes=14
pred_scores_shape=(16,)
frame=23/41 receiver_sample=4/20 scenario=2026_07_15_01_26_56 timestamp=000104 cavs=[4, 1]
sgcp_constrained receiver=4 policy=all-cavs sources=[4, 1] clusters=20 ra=selective_edgecooper_global comm_bytes=78240 selected_grids={1: 39}
fusion_method=early pred_boxes=22 gt_boxes=30
pred_scores_shape=(22,)
frame=23/41 receiver_sample=5/20 scenario=2026_07_15_01_26_56 timestamp=000104 cavs=[5]
sgcp_constrained receiver=5 policy=all-cavs sources=[5] clusters=20 ra=selective_edgecooper_global comm_bytes=0 selected_grids={}
fusion_method=early pred_boxes=10 gt_boxes=17
pred_scores_shape=(10,)
frame=23/41 receiver_sample=6/20 scenario=2026_07_15_01_26_56 timestamp=000104 cavs=[6]
sgcp_constrained receiver=6 policy=all-cavs sources=[6] clusters=20 ra=selective_edgecooper_global comm_bytes=0 selected_grids={}
fusion_method=early pred_boxes=11 gt_boxes=16
pred_scores_shape=(11,)
frame=23/41 receiver_sample=7/20 scenario=2026_07_15_01_26_56 timestamp=000104 cavs=[7, 5]
sgcp_constrained receiver=7 policy=all-cavs sources=[7, 5] clusters=20 ra=selective_edgecooper_global comm_bytes=76592 selected_grids={5: 39}
fusion_method=early pred_boxes=14 gt_boxes=21
pred_scores_shape=(14,)
frame=23/41 receiver_sample=8/20 scenario=2026_07_15_01_26_56 timestamp=000104 cavs=[8]
sgcp_constrained receiver=8 policy=all-cavs sources=[8] clusters=20 ra=selective_edgecooper_global comm_bytes=0 selected_grids={}
fusion_method=early pred_boxes=12 gt_boxes=21
pred_scores_shape=(12,)
frame=23/41 receiver_sample=9/20 scenario=2026_07_15_01_26_56 timestamp=000104 cavs=[9]
sgcp_constrained receiver=9 policy=all-cavs sources=[9] clusters=20 ra=selective_edgecooper_global comm_bytes=0 selected_grids={}
fusion_method=early pred_boxes=16 gt_boxes=19
pred_scores_shape=(16,)
frame=23/41 receiver_sample=10/20 scenario=2026_07_15_01_26_56 timestamp=000104 cavs=[10, 13]
sgcp_constrained receiver=10 policy=all-cavs sources=[10, 13] clusters=20 ra=selective_edgecooper_global comm_bytes=73216 selected_grids={13: 39}
fusion_method=early pred_boxes=21 gt_boxes=31
pred_scores_shape=(21,)
frame=23/41 receiver_sample=11/20 scenario=2026_07_15_01_26_56 timestamp=000104 cavs=[11, 9]
sgcp_constrained receiver=11 policy=all-cavs sources=[11, 9] clusters=20 ra=selective_edgecooper_global comm_bytes=77072 selected_grids={9: 39}
fusion_method=early pred_boxes=27 gt_boxes=32
pred_scores_shape=(27,)
frame=23/41 receiver_sample=12/20 scenario=2026_07_15_01_26_56 timestamp=000104 cavs=[12, 8]
sgcp_constrained receiver=12 policy=all-cavs sources=[12, 8] clusters=20 ra=selective_edgecooper_global comm_bytes=76048 selected_grids={8: 39}
fusion_method=early pred_boxes=20 gt_boxes=27
pred_scores_shape=(20,)
frame=23/41 receiver_sample=13/20 scenario=2026_07_15_01_26_56 timestamp=000104 cavs=[13]
sgcp_constrained receiver=13 policy=all-cavs sources=[13] clusters=20 ra=selective_edgecooper_global comm_bytes=0 selected_grids={}
fusion_method=early pred_boxes=8 gt_boxes=13
pred_scores_shape=(8,)
frame=23/41 receiver_sample=14/20 scenario=2026_07_15_01_26_56 timestamp=000104 cavs=[14]
sgcp_constrained receiver=14 policy=all-cavs sources=[14] clusters=20 ra=selective_edgecooper_global comm_bytes=0 selected_grids={}
fusion_method=early pred_boxes=4 gt_boxes=1
pred_scores_shape=(4,)
frame=23/41 receiver_sample=15/20 scenario=2026_07_15_01_26_56 timestamp=000104 cavs=[15]
sgcp_constrained receiver=15 policy=all-cavs sources=[15] clusters=20 ra=selective_edgecooper_global comm_bytes=0 selected_grids={}
fusion_method=early pred_boxes=15 gt_boxes=12
pred_scores_shape=(15,)
frame=23/41 receiver_sample=16/20 scenario=2026_07_15_01_26_56 timestamp=000104 cavs=[16, 17]
sgcp_constrained receiver=16 policy=all-cavs sources=[16, 17] clusters=20 ra=selective_edgecooper_global comm_bytes=69504 selected_grids={17: 39}
fusion_method=early pred_boxes=22 gt_boxes=21
pred_scores_shape=(22,)
frame=23/41 receiver_sample=17/20 scenario=2026_07_15_01_26_56 timestamp=000104 cavs=[17]
sgcp_constrained receiver=17 policy=all-cavs sources=[17] clusters=20 ra=selective_edgecooper_global comm_bytes=0 selected_grids={}
fusion_method=early pred_boxes=15 gt_boxes=14
pred_scores_shape=(15,)
frame=23/41 receiver_sample=18/20 scenario=2026_07_15_01_26_56 timestamp=000104 cavs=[18]
sgcp_constrained receiver=18 policy=all-cavs sources=[18] clusters=20 ra=selective_edgecooper_global comm_bytes=0 selected_grids={}
fusion_method=early pred_boxes=11 gt_boxes=9
pred_scores_shape=(11,)
frame=23/41 receiver_sample=19/20 scenario=2026_07_15_01_26_56 timestamp=000104 cavs=[19]
sgcp_constrained receiver=19 policy=all-cavs sources=[19] clusters=20 ra=selective_edgecooper_global comm_bytes=0 selected_grids={}
fusion_method=early pred_boxes=10 gt_boxes=13
pred_scores_shape=(10,)
frame=23/41 receiver_sample=20/20 scenario=2026_07_15_01_26_56 timestamp=000104 cavs=[20, 19]
sgcp_constrained receiver=20 policy=all-cavs sources=[20, 19] clusters=20 ra=selective_edgecooper_global comm_bytes=75456 selected_grids={19: 39}
fusion_method=early pred_boxes=21 gt_boxes=27
pred_scores_shape=(21,)
frame=24/41 receiver_sample=1/20 scenario=2026_07_15_01_26_56 timestamp=000106 cavs=[1]
sgcp_constrained receiver=1 policy=all-cavs sources=[1] clusters=20 ra=selective_edgecooper_global comm_bytes=0 selected_grids={}
fusion_method=early pred_boxes=19 gt_boxes=16
pred_scores_shape=(19,)
frame=24/41 receiver_sample=2/20 scenario=2026_07_15_01_26_56 timestamp=000106 cavs=[2, 15]
sgcp_constrained receiver=2 policy=all-cavs sources=[2, 15] clusters=20 ra=selective_edgecooper_global comm_bytes=75408 selected_grids={15: 39}
fusion_method=early pred_boxes=24 gt_boxes=27
pred_scores_shape=(24,)
frame=24/41 receiver_sample=3/20 scenario=2026_07_15_01_26_56 timestamp=000106 cavs=[3, 18]
sgcp_constrained receiver=3 policy=all-cavs sources=[3, 18] clusters=20 ra=selective_edgecooper_global comm_bytes=77232 selected_grids={18: 39}
fusion_method=early pred_boxes=17 gt_boxes=14
pred_scores_shape=(17,)
frame=24/41 receiver_sample=4/20 scenario=2026_07_15_01_26_56 timestamp=000106 cavs=[4, 1]
sgcp_constrained receiver=4 policy=all-cavs sources=[4, 1] clusters=20 ra=selective_edgecooper_global comm_bytes=78208 selected_grids={1: 39}
fusion_method=early pred_boxes=23 gt_boxes=30
pred_scores_shape=(23,)
frame=24/41 receiver_sample=5/20 scenario=2026_07_15_01_26_56 timestamp=000106 cavs=[5]
sgcp_constrained receiver=5 policy=all-cavs sources=[5] clusters=20 ra=selective_edgecooper_global comm_bytes=0 selected_grids={}
fusion_method=early pred_boxes=8 gt_boxes=15
pred_scores_shape=(8,)
frame=24/41 receiver_sample=6/20 scenario=2026_07_15_01_26_56 timestamp=000106 cavs=[6]
sgcp_constrained receiver=6 policy=all-cavs sources=[6] clusters=20 ra=selective_edgecooper_global comm_bytes=0 selected_grids={}
fusion_method=early pred_boxes=10 gt_boxes=16
pred_scores_shape=(10,)Format = auto
Extension = pcd
Format = auto
Extension = pcd
Format = auto
Extension = pcd
Format = auto
Extension = pcd
Format = auto
Extension = pcd
Format = auto
Extension = pcd
Format = auto
Extension = pcd
Format = auto
Extension = pcd
Format = auto
Extension = pcd
Format = auto
Extension = pcd
Format = auto
Extension = pcd
Format = auto
Extension = pcd
Format = auto
Extension = pcd
Format = auto
Extension = pcd
Format = auto
Extension = pcd
Format = auto
Extension = pcd
Format = auto
Extension = pcd
Format = auto
Extension = pcd
Format = auto
Extension = pcd
Format = auto
Extension = pcd

frame=24/41 receiver_sample=7/20 scenario=2026_07_15_01_26_56 timestamp=000106 cavs=[7, 5]
sgcp_constrained receiver=7 policy=all-cavs sources=[7, 5] clusters=20 ra=selective_edgecooper_global comm_bytes=76752 selected_grids={5: 39}
fusion_method=early pred_boxes=15 gt_boxes=19
pred_scores_shape=(15,)
frame=24/41 receiver_sample=8/20 scenario=2026_07_15_01_26_56 timestamp=000106 cavs=[8]
sgcp_constrained receiver=8 policy=all-cavs sources=[8] clusters=20 ra=selective_edgecooper_global comm_bytes=0 selected_grids={}
fusion_method=early pred_boxes=13 gt_boxes=21
pred_scores_shape=(13,)
frame=24/41 receiver_sample=9/20 scenario=2026_07_15_01_26_56 timestamp=000106 cavs=[9]
sgcp_constrained receiver=9 policy=all-cavs sources=[9] clusters=20 ra=selective_edgecooper_global comm_bytes=0 selected_grids={}
fusion_method=early pred_boxes=15 gt_boxes=19
pred_scores_shape=(15,)
frame=24/41 receiver_sample=10/20 scenario=2026_07_15_01_26_56 timestamp=000106 cavs=[10, 13]
sgcp_constrained receiver=10 policy=all-cavs sources=[10, 13] clusters=20 ra=selective_edgecooper_global comm_bytes=73664 selected_grids={13: 39}
fusion_method=early pred_boxes=21 gt_boxes=31
pred_scores_shape=(21,)
frame=24/41 receiver_sample=11/20 scenario=2026_07_15_01_26_56 timestamp=000106 cavs=[11, 9]
sgcp_constrained receiver=11 policy=all-cavs sources=[11, 9] clusters=20 ra=selective_edgecooper_global comm_bytes=77072 selected_grids={9: 39}
fusion_method=early pred_boxes=29 gt_boxes=32
pred_scores_shape=(29,)
frame=24/41 receiver_sample=12/20 scenario=2026_07_15_01_26_56 timestamp=000106 cavs=[12, 8]
sgcp_constrained receiver=12 policy=all-cavs sources=[12, 8] clusters=20 ra=selective_edgecooper_global comm_bytes=76032 selected_grids={8: 39}
fusion_method=early pred_boxes=18 gt_boxes=27
pred_scores_shape=(18,)
frame=24/41 receiver_sample=13/20 scenario=2026_07_15_01_26_56 timestamp=000106 cavs=[13]
sgcp_constrained receiver=13 policy=all-cavs sources=[13] clusters=20 ra=selective_edgecooper_global comm_bytes=0 selected_grids={}
fusion_method=early pred_boxes=8 gt_boxes=13
pred_scores_shape=(8,)
frame=24/41 receiver_sample=14/20 scenario=2026_07_15_01_26_56 timestamp=000106 cavs=[14]
sgcp_constrained receiver=14 policy=all-cavs sources=[14] clusters=20 ra=selective_edgecooper_global comm_bytes=0 selected_grids={}
fusion_method=early pred_boxes=4 gt_boxes=1
pred_scores_shape=(4,)
frame=24/41 receiver_sample=15/20 scenario=2026_07_15_01_26_56 timestamp=000106 cavs=[15]
sgcp_constrained receiver=15 policy=all-cavs sources=[15] clusters=20 ra=selective_edgecooper_global comm_bytes=0 selected_grids={}
fusion_method=early pred_boxes=14 gt_boxes=12
pred_scores_shape=(14,)
frame=24/41 receiver_sample=16/20 scenario=2026_07_15_01_26_56 timestamp=000106 cavs=[16, 17]
sgcp_constrained receiver=16 policy=all-cavs sources=[16, 17] clusters=20 ra=selective_edgecooper_global comm_bytes=69664 selected_grids={17: 39}
fusion_method=early pred_boxes=22 gt_boxes=21
pred_scores_shape=(22,)
frame=24/41 receiver_sample=17/20 scenario=2026_07_15_01_26_56 timestamp=000106 cavs=[17]
sgcp_constrained receiver=17 policy=all-cavs sources=[17] clusters=20 ra=selective_edgecooper_global comm_bytes=0 selected_grids={}
fusion_method=early pred_boxes=15 gt_boxes=14
pred_scores_shape=(15,)
frame=24/41 receiver_sample=18/20 scenario=2026_07_15_01_26_56 timestamp=000106 cavs=[18]
sgcp_constrained receiver=18 policy=all-cavs sources=[18] clusters=20 ra=selective_edgecooper_global comm_bytes=0 selected_grids={}
fusion_method=early pred_boxes=11 gt_boxes=9
pred_scores_shape=(11,)
frame=24/41 receiver_sample=19/20 scenario=2026_07_15_01_26_56 timestamp=000106 cavs=[19]
sgcp_constrained receiver=19 policy=all-cavs sources=[19] clusters=20 ra=selective_edgecooper_global comm_bytes=0 selected_grids={}
fusion_method=early pred_boxes=11 gt_boxes=15
pred_scores_shape=(11,)
frame=24/41 receiver_sample=20/20 scenario=2026_07_15_01_26_56 timestamp=000106 cavs=[20, 19]
sgcp_constrained receiver=20 policy=all-cavs sources=[20, 19] clusters=20 ra=selective_edgecooper_global comm_bytes=75440 selected_grids={19: 39}
fusion_method=early pred_boxes=22 gt_boxes=27
pred_scores_shape=(22,)
frame=25/41 receiver_sample=1/20 scenario=2026_07_15_01_26_56 timestamp=000108 cavs=[1, 11]
sgcp_constrained receiver=1 policy=all-cavs sources=[1, 11] clusters=20 ra=selective_edgecooper_global comm_bytes=72752 selected_grids={11: 39}
fusion_method=early pred_boxes=24 gt_boxes=31
pred_scores_shape=(24,)
frame=25/41 receiver_sample=2/20 scenario=2026_07_15_01_26_56 timestamp=000108 cavs=[2, 15]
sgcp_constrained receiver=2 policy=all-cavs sources=[2, 15] clusters=20 ra=selective_edgecooper_global comm_bytes=75520 selected_grids={15: 39}
fusion_method=early pred_boxes=24 gt_boxes=28
pred_scores_shape=(24,)
frame=25/41 receiver_sample=3/20 scenario=2026_07_15_01_26_56 timestamp=000108 cavs=[3, 18]
sgcp_constrained receiver=3 policy=all-cavs sources=[3, 18] clusters=20 ra=selective_edgecooper_global comm_bytes=77360 selected_grids={18: 39}
fusion_method=early pred_boxes=17 gt_boxes=14
pred_scores_shape=(17,)
frame=25/41 receiver_sample=4/20 scenario=2026_07_15_01_26_56 timestamp=000108 cavs=[4]
sgcp_constrained receiver=4 policy=all-cavs sources=[4] clusters=20 ra=selective_edgecooper_global comm_bytes=0 selected_grids={}
fusion_method=early pred_boxes=11 gt_boxes=26
pred_scores_shape=(11,)
frame=25/41 receiver_sample=5/20 scenario=2026_07_15_01_26_56 timestamp=000108 cavs=[5]
sgcp_constrained receiver=5 policy=all-cavs sources=[5] clusters=20 ra=selective_edgecooper_global comm_bytes=0 selected_grids={}
fusion_method=early pred_boxes=11 gt_boxes=16
pred_scores_shape=(11,)
frame=25/41 receiver_sample=6/20 scenario=2026_07_15_01_26_56 timestamp=000108 cavs=[6]
sgcp_constrained receiver=6 policy=all-cavs sources=[6] clusters=20 ra=selective_edgecooper_global comm_bytes=0 selected_grids={}
fusion_method=early pred_boxes=11 gt_boxes=16
pred_scores_shape=(11,)
frame=25/41 receiver_sample=7/20 scenario=2026_07_15_01_26_56 timestamp=000108 cavs=[7]
sgcp_constrained receiver=7 policy=all-cavs sources=[7] clusters=20 ra=selective_edgecooper_global comm_bytes=0 selected_grids={}
fusion_method=early pred_boxes=13 gt_boxes=13
pred_scores_shape=(13,)
frame=25/41 receiver_sample=8/20 scenario=2026_07_15_01_26_56 timestamp=000108 cavs=[8]
sgcp_constrained receiver=8 policy=all-cavs sources=[8] clusters=20 ra=selective_edgecooper_global comm_bytes=0 selected_grids={}
fusion_method=early pred_boxes=12 gt_boxes=23
pred_scores_shape=(12,)
frame=25/41 receiver_sample=9/20 scenario=2026_07_15_01_26_56 timestamp=000108 cavs=[9, 5]
sgcp_constrained receiver=9 policy=all-cavs sources=[9, 5] clusters=20 ra=selective_edgecooper_global comm_bytes=75296 selected_grids={5: 49}
fusion_method=early pred_boxes=18 gt_boxes=23
pred_scores_shape=(18,)
frame=25/41 receiver_sample=10/20 scenario=2026_07_15_01_26_56 timestamp=000108 cavs=[10, 13]
sgcp_constrained receiver=10 policy=all-cavs sources=[10, 13] clusters=20 ra=selective_edgecooper_global comm_bytes=73664 selected_grids={13: 39}
fusion_method=early pred_boxes=22 gt_boxes=31
pred_scores_shape=(22,)
frame=25/41 receiver_sample=11/20 scenario=2026_07_15_01_26_56 timestamp=000108 cavs=[11]
sgcp_constrained receiver=11 policy=all-cavs sources=[11] clusters=20 ra=selective_edgecooper_global comm_bytes=0 selected_grids={}
fusion_method=early pred_boxes=17 gt_boxes=21
pred_scores_shape=(17,)
frame=25/41 receiver_sample=12/20 scenario=2026_07_15_01_26_56 timestamp=000108 cavs=[12, 8]
sgcp_constrained receiver=12 policy=all-cavs sources=[12, 8] clusters=20 ra=selective_edgecooper_global comm_bytes=76048 selected_grids={8: 39}
fusion_method=early pred_boxes=17 gt_boxes=30
pred_scores_shape=(17,)
frame=25/41 receiver_sample=13/20 scenario=2026_07_15_01_26_56 timestamp=000108 cavs=[13]
sgcp_constrained receiver=13 policy=all-cavs sources=[13] clusters=20 ra=selective_edgecooper_global comm_bytes=0 selected_grids={}
fusion_method=early pred_boxes=7 gt_boxes=13
pred_scores_shape=(7,)
frame=25/41 receiver_sample=14/20 scenario=2026_07_15_01_26_56 timestamp=000108 cavs=[14]Format = auto
Extension = pcd
Format = auto
Extension = pcd
Format = auto
Extension = pcd
Format = auto
Extension = pcd
Format = auto
Extension = pcd
Format = auto
Extension = pcd
Format = auto
Extension = pcd
Format = auto
Extension = pcd
Format = auto
Extension = pcd
Format = auto
Extension = pcd
Format = auto
Extension = pcd
Format = auto
Extension = pcd
Format = auto
Extension = pcd
Format = auto
Extension = pcd
Format = auto
Extension = pcd
Format = auto
Extension = pcd
Format = auto
Extension = pcd
Format = auto
Extension = pcd
Format = auto
Extension = pcd
Format = auto
Extension = pcd
Format = auto
Extension = pcd
Format = auto
Extension = pcd
Format = auto
Extension = pcd
Format = auto
Extension = pcd
Format = auto
Extension = pcd
Format = auto
Extension = pcd
Format = auto
Extension = pcd
Format = auto
Extension = pcd
Format = auto
Extension = pcd
Format = auto
Extension = pcd
Format = auto
Extension = pcd
Format = auto
Extension = pcd
Format = auto
Extension = pcd
Format = auto
Extension = pcd
Format = auto
Extension = pcd
Format = auto
Extension = pcd
Format = auto
Extension = pcd
Format = auto
Extension = pcd
Format = auto
Extension = pcd
Format = auto
Extension = pcd

sgcp_constrained receiver=14 policy=all-cavs sources=[14] clusters=20 ra=selective_edgecooper_global comm_bytes=0 selected_grids={}
fusion_method=early pred_boxes=4 gt_boxes=1
pred_scores_shape=(4,)
frame=25/41 receiver_sample=15/20 scenario=2026_07_15_01_26_56 timestamp=000108 cavs=[15]
sgcp_constrained receiver=15 policy=all-cavs sources=[15] clusters=20 ra=selective_edgecooper_global comm_bytes=0 selected_grids={}
fusion_method=early pred_boxes=12 gt_boxes=13
pred_scores_shape=(12,)
frame=25/41 receiver_sample=16/20 scenario=2026_07_15_01_26_56 timestamp=000108 cavs=[16]
sgcp_constrained receiver=16 policy=all-cavs sources=[16] clusters=20 ra=selective_edgecooper_global comm_bytes=0 selected_grids={}
fusion_method=early pred_boxes=14 gt_boxes=21
pred_scores_shape=(14,)
frame=25/41 receiver_sample=17/20 scenario=2026_07_15_01_26_56 timestamp=000108 cavs=[17, 7]
sgcp_constrained receiver=17 policy=all-cavs sources=[17, 7] clusters=20 ra=selective_edgecooper_global comm_bytes=76192 selected_grids={7: 39}
fusion_method=early pred_boxes=23 gt_boxes=16
pred_scores_shape=(23,)
frame=25/41 receiver_sample=18/20 scenario=2026_07_15_01_26_56 timestamp=000108 cavs=[18]
sgcp_constrained receiver=18 policy=all-cavs sources=[18] clusters=20 ra=selective_edgecooper_global comm_bytes=0 selected_grids={}
fusion_method=early pred_boxes=10 gt_boxes=9
pred_scores_shape=(10,)
frame=25/41 receiver_sample=19/20 scenario=2026_07_15_01_26_56 timestamp=000108 cavs=[19]
sgcp_constrained receiver=19 policy=all-cavs sources=[19] clusters=20 ra=selective_edgecooper_global comm_bytes=0 selected_grids={}
fusion_method=early pred_boxes=11 gt_boxes=15
pred_scores_shape=(11,)
frame=25/41 receiver_sample=20/20 scenario=2026_07_15_01_26_56 timestamp=000108 cavs=[20, 19]
sgcp_constrained receiver=20 policy=all-cavs sources=[20, 19] clusters=20 ra=selective_edgecooper_global comm_bytes=75440 selected_grids={19: 39}
fusion_method=early pred_boxes=20 gt_boxes=27
pred_scores_shape=(20,)
frame=26/41 receiver_sample=1/20 scenario=2026_07_15_01_26_56 timestamp=000110 cavs=[1]
sgcp_constrained receiver=1 policy=all-cavs sources=[1] clusters=20 ra=selective_edgecooper_global comm_bytes=0 selected_grids={}
fusion_method=early pred_boxes=14 gt_boxes=16
pred_scores_shape=(14,)
frame=26/41 receiver_sample=2/20 scenario=2026_07_15_01_26_56 timestamp=000110 cavs=[2, 15]
sgcp_constrained receiver=2 policy=all-cavs sources=[2, 15] clusters=20 ra=selective_edgecooper_global comm_bytes=75968 selected_grids={15: 39}
fusion_method=early pred_boxes=27 gt_boxes=28
pred_scores_shape=(27,)
frame=26/41 receiver_sample=3/20 scenario=2026_07_15_01_26_56 timestamp=000110 cavs=[3, 18]
sgcp_constrained receiver=3 policy=all-cavs sources=[3, 18] clusters=20 ra=selective_edgecooper_global comm_bytes=76944 selected_grids={18: 39}
fusion_method=early pred_boxes=16 gt_boxes=13
pred_scores_shape=(16,)
frame=26/41 receiver_sample=4/20 scenario=2026_07_15_01_26_56 timestamp=000110 cavs=[4, 12]
sgcp_constrained receiver=4 policy=all-cavs sources=[4, 12] clusters=20 ra=selective_edgecooper_global comm_bytes=72240 selected_grids={12: 39}
fusion_method=early pred_boxes=11 gt_boxes=30
pred_scores_shape=(11,)
frame=26/41 receiver_sample=5/20 scenario=2026_07_15_01_26_56 timestamp=000110 cavs=[5]
sgcp_constrained receiver=5 policy=all-cavs sources=[5] clusters=20 ra=selective_edgecooper_global comm_bytes=0 selected_grids={}
fusion_method=early pred_boxes=11 gt_boxes=16
pred_scores_shape=(11,)
frame=26/41 receiver_sample=6/20 scenario=2026_07_15_01_26_56 timestamp=000110 cavs=[6]
sgcp_constrained receiver=6 policy=all-cavs sources=[6] clusters=20 ra=selective_edgecooper_global comm_bytes=0 selected_grids={}
fusion_method=early pred_boxes=12 gt_boxes=16
pred_scores_shape=(12,)
frame=26/41 receiver_sample=7/20 scenario=2026_07_15_01_26_56 timestamp=000110 cavs=[7, 5]
sgcp_constrained receiver=7 policy=all-cavs sources=[7, 5] clusters=20 ra=selective_edgecooper_global comm_bytes=75904 selected_grids={5: 39}
fusion_method=early pred_boxes=14 gt_boxes=19
pred_scores_shape=(14,)
frame=26/41 receiver_sample=8/20 scenario=2026_07_15_01_26_56 timestamp=000110 cavs=[8]
sgcp_constrained receiver=8 policy=all-cavs sources=[8] clusters=20 ra=selective_edgecooper_global comm_bytes=0 selected_grids={}
fusion_method=early pred_boxes=12 gt_boxes=23
pred_scores_shape=(12,)
frame=26/41 receiver_sample=9/20 scenario=2026_07_15_01_26_56 timestamp=000110 cavs=[9]
sgcp_constrained receiver=9 policy=all-cavs sources=[9] clusters=20 ra=selective_edgecooper_global comm_bytes=0 selected_grids={}
fusion_method=early pred_boxes=15 gt_boxes=19
pred_scores_shape=(15,)
frame=26/41 receiver_sample=10/20 scenario=2026_07_15_01_26_56 timestamp=000110 cavs=[10, 8]
sgcp_constrained receiver=10 policy=all-cavs sources=[10, 8] clusters=20 ra=selective_edgecooper_global comm_bytes=74416 selected_grids={8: 39}
fusion_method=early pred_boxes=21 gt_boxes=32
pred_scores_shape=(21,)
frame=26/41 receiver_sample=11/20 scenario=2026_07_15_01_26_56 timestamp=000110 cavs=[11, 9]
sgcp_constrained receiver=11 policy=all-cavs sources=[11, 9] clusters=20 ra=selective_edgecooper_global comm_bytes=77072 selected_grids={9: 39}
fusion_method=early pred_boxes=27 gt_boxes=33
pred_scores_shape=(27,)
frame=26/41 receiver_sample=12/20 scenario=2026_07_15_01_26_56 timestamp=000110 cavs=[12]
sgcp_constrained receiver=12 policy=all-cavs sources=[12] clusters=20 ra=selective_edgecooper_global comm_bytes=0 selected_grids={}
fusion_method=early pred_boxes=9 gt_boxes=12
pred_scores_shape=(9,)
frame=26/41 receiver_sample=13/20 scenario=2026_07_15_01_26_56 timestamp=000110 cavs=[13]
sgcp_constrained receiver=13 policy=all-cavs sources=[13] clusters=20 ra=selective_edgecooper_global comm_bytes=0 selected_grids={}
fusion_method=early pred_boxes=7 gt_boxes=13
pred_scores_shape=(7,)
frame=26/41 receiver_sample=14/20 scenario=2026_07_15_01_26_56 timestamp=000110 cavs=[14]
sgcp_constrained receiver=14 policy=all-cavs sources=[14] clusters=20 ra=selective_edgecooper_global comm_bytes=0 selected_grids={}
fusion_method=early pred_boxes=4 gt_boxes=1
pred_scores_shape=(4,)
frame=26/41 receiver_sample=15/20 scenario=2026_07_15_01_26_56 timestamp=000110 cavs=[15]
sgcp_constrained receiver=15 policy=all-cavs sources=[15] clusters=20 ra=selective_edgecooper_global comm_bytes=0 selected_grids={}
fusion_method=early pred_boxes=12 gt_boxes=13
pred_scores_shape=(12,)
frame=26/41 receiver_sample=16/20 scenario=2026_07_15_01_26_56 timestamp=000110 cavs=[16, 17]
sgcp_constrained receiver=16 policy=all-cavs sources=[16, 17] clusters=20 ra=selective_edgecooper_global comm_bytes=68528 selected_grids={17: 39}
fusion_method=early pred_boxes=20 gt_boxes=21
pred_scores_shape=(20,)
frame=26/41 receiver_sample=17/20 scenario=2026_07_15_01_26_56 timestamp=000110 cavs=[17]
sgcp_constrained receiver=17 policy=all-cavs sources=[17] clusters=20 ra=selective_edgecooper_global comm_bytes=0 selected_grids={}
fusion_method=early pred_boxes=16 gt_boxes=14
pred_scores_shape=(16,)
frame=26/41 receiver_sample=18/20 scenario=2026_07_15_01_26_56 timestamp=000110 cavs=[18]
sgcp_constrained receiver=18 policy=all-cavs sources=[18] clusters=20 ra=selective_edgecooper_global comm_bytes=0 selected_grids={}
fusion_method=early pred_boxes=11 gt_boxes=9
pred_scores_shape=(11,)
frame=26/41 receiver_sample=19/20 scenario=2026_07_15_01_26_56 timestamp=000110 cavs=[19]
sgcp_constrained receiver=19 policy=all-cavs sources=[19] clusters=20 ra=selective_edgecooper_global comm_bytes=0 selected_grids={}
fusion_method=early pred_boxes=11 gt_boxes=15
pred_scores_shape=(11,)
frame=26/41 receiver_sample=20/20 scenario=2026_07_15_01_26_56 timestamp=000110 cavs=[20, 19]
sgcp_constrained receiver=20 policy=all-cavs sources=[20, 19] clusters=20 ra=selective_edgecooper_global comm_bytes=75472 selected_grids={19: 39}
fusion_method=early pred_boxes=20 gt_boxes=27
pred_scores_shape=(20,)
frame=27/41 receiver_sample=1/20 scenario=2026_07_15_01_26_56 timestamp=000112 cavs=[1]
sgcp_constrained receiver=1 policy=all-cavs sources=[1] clusters=20 ra=selective_edgecooper_global comm_bytes=0 selected_grids={}Format = auto
Extension = pcd
Format = auto
Extension = pcd
Format = auto
Extension = pcd
Format = auto
Extension = pcd
Format = auto
Extension = pcd
Format = auto
Extension = pcd
Format = auto
Extension = pcd
Format = auto
Extension = pcd
Format = auto
Extension = pcd
Format = auto
Extension = pcd
Format = auto
Extension = pcd
Format = auto
Extension = pcd
Format = auto
Extension = pcd
Format = auto
Extension = pcd
Format = auto
Extension = pcd
Format = auto
Extension = pcd
Format = auto
Extension = pcd
Format = auto
Extension = pcd
Format = auto
Extension = pcd
Format = auto
Extension = pcd

fusion_method=early pred_boxes=14 gt_boxes=16
pred_scores_shape=(14,)
frame=27/41 receiver_sample=2/20 scenario=2026_07_15_01_26_56 timestamp=000112 cavs=[2, 15]
sgcp_constrained receiver=2 policy=all-cavs sources=[2, 15] clusters=20 ra=selective_edgecooper_global comm_bytes=75392 selected_grids={15: 39}
fusion_method=early pred_boxes=22 gt_boxes=28
pred_scores_shape=(22,)
frame=27/41 receiver_sample=3/20 scenario=2026_07_15_01_26_56 timestamp=000112 cavs=[3, 18]
sgcp_constrained receiver=3 policy=all-cavs sources=[3, 18] clusters=20 ra=selective_edgecooper_global comm_bytes=76784 selected_grids={18: 39}
fusion_method=early pred_boxes=17 gt_boxes=12
pred_scores_shape=(17,)
frame=27/41 receiver_sample=4/20 scenario=2026_07_15_01_26_56 timestamp=000112 cavs=[4, 12]
sgcp_constrained receiver=4 policy=all-cavs sources=[4, 12] clusters=20 ra=selective_edgecooper_global comm_bytes=73248 selected_grids={12: 39}
fusion_method=early pred_boxes=10 gt_boxes=30
pred_scores_shape=(10,)
frame=27/41 receiver_sample=5/20 scenario=2026_07_15_01_26_56 timestamp=000112 cavs=[5]
sgcp_constrained receiver=5 policy=all-cavs sources=[5] clusters=20 ra=selective_edgecooper_global comm_bytes=0 selected_grids={}
fusion_method=early pred_boxes=12 gt_boxes=16
pred_scores_shape=(12,)
frame=27/41 receiver_sample=6/20 scenario=2026_07_15_01_26_56 timestamp=000112 cavs=[6]
sgcp_constrained receiver=6 policy=all-cavs sources=[6] clusters=20 ra=selective_edgecooper_global comm_bytes=0 selected_grids={}
fusion_method=early pred_boxes=12 gt_boxes=16
pred_scores_shape=(12,)
frame=27/41 receiver_sample=7/20 scenario=2026_07_15_01_26_56 timestamp=000112 cavs=[7, 5]
sgcp_constrained receiver=7 policy=all-cavs sources=[7, 5] clusters=20 ra=selective_edgecooper_global comm_bytes=75856 selected_grids={5: 39}
fusion_method=early pred_boxes=16 gt_boxes=21
pred_scores_shape=(16,)
frame=27/41 receiver_sample=8/20 scenario=2026_07_15_01_26_56 timestamp=000112 cavs=[8]
sgcp_constrained receiver=8 policy=all-cavs sources=[8] clusters=20 ra=selective_edgecooper_global comm_bytes=0 selected_grids={}
fusion_method=early pred_boxes=11 gt_boxes=22
pred_scores_shape=(11,)
frame=27/41 receiver_sample=9/20 scenario=2026_07_15_01_26_56 timestamp=000112 cavs=[9]
sgcp_constrained receiver=9 policy=all-cavs sources=[9] clusters=20 ra=selective_edgecooper_global comm_bytes=0 selected_grids={}
fusion_method=early pred_boxes=13 gt_boxes=19
pred_scores_shape=(13,)
frame=27/41 receiver_sample=10/20 scenario=2026_07_15_01_26_56 timestamp=000112 cavs=[10, 8]
sgcp_constrained receiver=10 policy=all-cavs sources=[10, 8] clusters=20 ra=selective_edgecooper_global comm_bytes=74416 selected_grids={8: 39}
fusion_method=early pred_boxes=21 gt_boxes=32
pred_scores_shape=(21,)
frame=27/41 receiver_sample=11/20 scenario=2026_07_15_01_26_56 timestamp=000112 cavs=[11, 9]
sgcp_constrained receiver=11 policy=all-cavs sources=[11, 9] clusters=20 ra=selective_edgecooper_global comm_bytes=77088 selected_grids={9: 39}
fusion_method=early pred_boxes=28 gt_boxes=32
pred_scores_shape=(28,)
frame=27/41 receiver_sample=12/20 scenario=2026_07_15_01_26_56 timestamp=000112 cavs=[12]
sgcp_constrained receiver=12 policy=all-cavs sources=[12] clusters=20 ra=selective_edgecooper_global comm_bytes=0 selected_grids={}
fusion_method=early pred_boxes=8 gt_boxes=10
pred_scores_shape=(8,)
frame=27/41 receiver_sample=13/20 scenario=2026_07_15_01_26_56 timestamp=000112 cavs=[13]
sgcp_constrained receiver=13 policy=all-cavs sources=[13] clusters=20 ra=selective_edgecooper_global comm_bytes=0 selected_grids={}
fusion_method=early pred_boxes=8 gt_boxes=11
pred_scores_shape=(8,)
frame=27/41 receiver_sample=14/20 scenario=2026_07_15_01_26_56 timestamp=000112 cavs=[14]
sgcp_constrained receiver=14 policy=all-cavs sources=[14] clusters=20 ra=selective_edgecooper_global comm_bytes=0 selected_grids={}
fusion_method=early pred_boxes=3 gt_boxes=1
pred_scores_shape=(3,)
frame=27/41 receiver_sample=15/20 scenario=2026_07_15_01_26_56 timestamp=000112 cavs=[15]
sgcp_constrained receiver=15 policy=all-cavs sources=[15] clusters=20 ra=selective_edgecooper_global comm_bytes=0 selected_grids={}
fusion_method=early pred_boxes=14 gt_boxes=13
pred_scores_shape=(14,)
frame=27/41 receiver_sample=16/20 scenario=2026_07_15_01_26_56 timestamp=000112 cavs=[16, 17]
sgcp_constrained receiver=16 policy=all-cavs sources=[16, 17] clusters=20 ra=selective_edgecooper_global comm_bytes=67968 selected_grids={17: 39}
fusion_method=early pred_boxes=21 gt_boxes=21
pred_scores_shape=(21,)
frame=27/41 receiver_sample=17/20 scenario=2026_07_15_01_26_56 timestamp=000112 cavs=[17]
sgcp_constrained receiver=17 policy=all-cavs sources=[17] clusters=20 ra=selective_edgecooper_global comm_bytes=0 selected_grids={}
fusion_method=early pred_boxes=15 gt_boxes=13
pred_scores_shape=(15,)
frame=27/41 receiver_sample=18/20 scenario=2026_07_15_01_26_56 timestamp=000112 cavs=[18]
sgcp_constrained receiver=18 policy=all-cavs sources=[18] clusters=20 ra=selective_edgecooper_global comm_bytes=0 selected_grids={}
fusion_method=early pred_boxes=11 gt_boxes=8
pred_scores_shape=(11,)
frame=27/41 receiver_sample=19/20 scenario=2026_07_15_01_26_56 timestamp=000112 cavs=[19]
sgcp_constrained receiver=19 policy=all-cavs sources=[19] clusters=20 ra=selective_edgecooper_global comm_bytes=0 selected_grids={}
fusion_method=early pred_boxes=13 gt_boxes=15
pred_scores_shape=(13,)
frame=27/41 receiver_sample=20/20 scenario=2026_07_15_01_26_56 timestamp=000112 cavs=[20, 19]
sgcp_constrained receiver=20 policy=all-cavs sources=[20, 19] clusters=20 ra=selective_edgecooper_global comm_bytes=75456 selected_grids={19: 39}
fusion_method=early pred_boxes=20 gt_boxes=27
pred_scores_shape=(20,)
frame=28/41 receiver_sample=1/20 scenario=2026_07_15_01_26_56 timestamp=000114 cavs=[1, 15]
sgcp_constrained receiver=1 policy=all-cavs sources=[1, 15] clusters=20 ra=selective_edgecooper_global comm_bytes=74784 selected_grids={15: 39}
fusion_method=early pred_boxes=25 gt_boxes=29
pred_scores_shape=(25,)
frame=28/41 receiver_sample=2/20 scenario=2026_07_15_01_26_56 timestamp=000114 cavs=[2]
sgcp_constrained receiver=2 policy=all-cavs sources=[2] clusters=20 ra=selective_edgecooper_global comm_bytes=0 selected_grids={}
fusion_method=early pred_boxes=14 gt_boxes=23
pred_scores_shape=(14,)
frame=28/41 receiver_sample=3/20 scenario=2026_07_15_01_26_56 timestamp=000114 cavs=[3, 18]
sgcp_constrained receiver=3 policy=all-cavs sources=[3, 18] clusters=20 ra=selective_edgecooper_global comm_bytes=77216 selected_grids={18: 39}
fusion_method=early pred_boxes=16 gt_boxes=13
pred_scores_shape=(16,)
frame=28/41 receiver_sample=4/20 scenario=2026_07_15_01_26_56 timestamp=000114 cavs=[4, 12]
sgcp_constrained receiver=4 policy=all-cavs sources=[4, 12] clusters=20 ra=selective_edgecooper_global comm_bytes=74256 selected_grids={12: 39}
fusion_method=early pred_boxes=11 gt_boxes=30
pred_scores_shape=(11,)
frame=28/41 receiver_sample=5/20 scenario=2026_07_15_01_26_56 timestamp=000114 cavs=[5]
sgcp_constrained receiver=5 policy=all-cavs sources=[5] clusters=20 ra=selective_edgecooper_global comm_bytes=0 selected_grids={}
fusion_method=early pred_boxes=15 gt_boxes=16
pred_scores_shape=(15,)
frame=28/41 receiver_sample=6/20 scenario=2026_07_15_01_26_56 timestamp=000114 cavs=[6]
sgcp_constrained receiver=6 policy=all-cavs sources=[6] clusters=20 ra=selective_edgecooper_global comm_bytes=0 selected_grids={}
fusion_method=early pred_boxes=11 gt_boxes=16
pred_scores_shape=(11,)
frame=28/41 receiver_sample=7/20 scenario=2026_07_15_01_26_56 timestamp=000114 cavs=[7, 5]
sgcp_constrained receiver=7 policy=all-cavs sources=[7, 5] clusters=20 ra=selective_edgecooper_global comm_bytes=75440 selected_grids={5: 39}
fusion_method=early pred_boxes=13 gt_boxes=23
pred_scores_shape=(13,)
frame=28/41 receiver_sample=8/20 scenario=2026_07_15_01_26_56 timestamp=000114 cavs=[8]
sgcp_constrained receiver=8 policy=all-cavs sources=[8] clusters=20 ra=selective_edgecooper_global comm_bytes=0 selected_grids={}
fusion_method=early pred_boxes=12 gt_boxes=22
pred_scores_shape=(12,)Format = auto
Extension = pcd
Format = auto
Extension = pcd
Format = auto
Extension = pcd
Format = auto
Extension = pcd
Format = auto
Extension = pcd
Format = auto
Extension = pcd
Format = auto
Extension = pcd
Format = auto
Extension = pcd
Format = auto
Extension = pcd
Format = auto
Extension = pcd
Format = auto
Extension = pcd
Format = auto
Extension = pcd
Format = auto
Extension = pcd
Format = auto
Extension = pcd
Format = auto
Extension = pcd
Format = auto
Extension = pcd
Format = auto
Extension = pcd
Format = auto
Extension = pcd
Format = auto
Extension = pcd
Format = auto
Extension = pcd

frame=28/41 receiver_sample=9/20 scenario=2026_07_15_01_26_56 timestamp=000114 cavs=[9]
sgcp_constrained receiver=9 policy=all-cavs sources=[9] clusters=20 ra=selective_edgecooper_global comm_bytes=0 selected_grids={}
fusion_method=early pred_boxes=13 gt_boxes=18
pred_scores_shape=(13,)
frame=28/41 receiver_sample=10/20 scenario=2026_07_15_01_26_56 timestamp=000114 cavs=[10, 8]
sgcp_constrained receiver=10 policy=all-cavs sources=[10, 8] clusters=20 ra=selective_edgecooper_global comm_bytes=74400 selected_grids={8: 39}
fusion_method=early pred_boxes=21 gt_boxes=32
pred_scores_shape=(21,)
frame=28/41 receiver_sample=11/20 scenario=2026_07_15_01_26_56 timestamp=000114 cavs=[11, 9]
sgcp_constrained receiver=11 policy=all-cavs sources=[11, 9] clusters=20 ra=selective_edgecooper_global comm_bytes=77088 selected_grids={9: 39}
fusion_method=early pred_boxes=30 gt_boxes=32
pred_scores_shape=(30,)
frame=28/41 receiver_sample=12/20 scenario=2026_07_15_01_26_56 timestamp=000114 cavs=[12]
sgcp_constrained receiver=12 policy=all-cavs sources=[12] clusters=20 ra=selective_edgecooper_global comm_bytes=0 selected_grids={}
fusion_method=early pred_boxes=8 gt_boxes=12
pred_scores_shape=(8,)
frame=28/41 receiver_sample=13/20 scenario=2026_07_15_01_26_56 timestamp=000114 cavs=[13]
sgcp_constrained receiver=13 policy=all-cavs sources=[13] clusters=20 ra=selective_edgecooper_global comm_bytes=0 selected_grids={}
fusion_method=early pred_boxes=8 gt_boxes=12
pred_scores_shape=(8,)
frame=28/41 receiver_sample=14/20 scenario=2026_07_15_01_26_56 timestamp=000114 cavs=[14]
sgcp_constrained receiver=14 policy=all-cavs sources=[14] clusters=20 ra=selective_edgecooper_global comm_bytes=0 selected_grids={}
fusion_method=early pred_boxes=3 gt_boxes=2
pred_scores_shape=(3,)
frame=28/41 receiver_sample=15/20 scenario=2026_07_15_01_26_56 timestamp=000114 cavs=[15]
sgcp_constrained receiver=15 policy=all-cavs sources=[15] clusters=20 ra=selective_edgecooper_global comm_bytes=0 selected_grids={}
fusion_method=early pred_boxes=15 gt_boxes=13
pred_scores_shape=(15,)
frame=28/41 receiver_sample=16/20 scenario=2026_07_15_01_26_56 timestamp=000114 cavs=[16, 17]
sgcp_constrained receiver=16 policy=all-cavs sources=[16, 17] clusters=20 ra=selective_edgecooper_global comm_bytes=67376 selected_grids={17: 39}
fusion_method=early pred_boxes=18 gt_boxes=21
pred_scores_shape=(18,)
frame=28/41 receiver_sample=17/20 scenario=2026_07_15_01_26_56 timestamp=000114 cavs=[17]
sgcp_constrained receiver=17 policy=all-cavs sources=[17] clusters=20 ra=selective_edgecooper_global comm_bytes=0 selected_grids={}
fusion_method=early pred_boxes=14 gt_boxes=13
pred_scores_shape=(14,)
frame=28/41 receiver_sample=18/20 scenario=2026_07_15_01_26_56 timestamp=000114 cavs=[18]
sgcp_constrained receiver=18 policy=all-cavs sources=[18] clusters=20 ra=selective_edgecooper_global comm_bytes=0 selected_grids={}
fusion_method=early pred_boxes=10 gt_boxes=9
pred_scores_shape=(10,)
frame=28/41 receiver_sample=19/20 scenario=2026_07_15_01_26_56 timestamp=000114 cavs=[19]
sgcp_constrained receiver=19 policy=all-cavs sources=[19] clusters=20 ra=selective_edgecooper_global comm_bytes=0 selected_grids={}
fusion_method=early pred_boxes=10 gt_boxes=15
pred_scores_shape=(10,)
frame=28/41 receiver_sample=20/20 scenario=2026_07_15_01_26_56 timestamp=000114 cavs=[20, 19]
sgcp_constrained receiver=20 policy=all-cavs sources=[20, 19] clusters=20 ra=selective_edgecooper_global comm_bytes=75440 selected_grids={19: 39}
fusion_method=early pred_boxes=20 gt_boxes=27
pred_scores_shape=(20,)
frame=29/41 receiver_sample=1/20 scenario=2026_07_15_01_26_56 timestamp=000116 cavs=[1]
sgcp_constrained receiver=1 policy=all-cavs sources=[1] clusters=20 ra=selective_edgecooper_global comm_bytes=0 selected_grids={}
fusion_method=early pred_boxes=17 gt_boxes=16
pred_scores_shape=(17,)
frame=29/41 receiver_sample=2/20 scenario=2026_07_15_01_26_56 timestamp=000116 cavs=[2, 15]
sgcp_constrained receiver=2 policy=all-cavs sources=[2, 15] clusters=20 ra=selective_edgecooper_global comm_bytes=75552 selected_grids={15: 39}
fusion_method=early pred_boxes=22 gt_boxes=29
pred_scores_shape=(22,)
frame=29/41 receiver_sample=3/20 scenario=2026_07_15_01_26_56 timestamp=000116 cavs=[3, 18]
sgcp_constrained receiver=3 policy=all-cavs sources=[3, 18] clusters=20 ra=selective_edgecooper_global comm_bytes=76736 selected_grids={18: 39}
fusion_method=early pred_boxes=15 gt_boxes=12
pred_scores_shape=(15,)
frame=29/41 receiver_sample=4/20 scenario=2026_07_15_01_26_56 timestamp=000116 cavs=[4, 12]
sgcp_constrained receiver=4 policy=all-cavs sources=[4, 12] clusters=20 ra=selective_edgecooper_global comm_bytes=74720 selected_grids={12: 39}
fusion_method=early pred_boxes=12 gt_boxes=30
pred_scores_shape=(12,)
frame=29/41 receiver_sample=5/20 scenario=2026_07_15_01_26_56 timestamp=000116 cavs=[5]
sgcp_constrained receiver=5 policy=all-cavs sources=[5] clusters=20 ra=selective_edgecooper_global comm_bytes=0 selected_grids={}
fusion_method=early pred_boxes=15 gt_boxes=14
pred_scores_shape=(15,)
frame=29/41 receiver_sample=6/20 scenario=2026_07_15_01_26_56 timestamp=000116 cavs=[6]
sgcp_constrained receiver=6 policy=all-cavs sources=[6] clusters=20 ra=selective_edgecooper_global comm_bytes=0 selected_grids={}
fusion_method=early pred_boxes=10 gt_boxes=16
pred_scores_shape=(10,)
frame=29/41 receiver_sample=7/20 scenario=2026_07_15_01_26_56 timestamp=000116 cavs=[7, 5]
sgcp_constrained receiver=7 policy=all-cavs sources=[7, 5] clusters=20 ra=selective_edgecooper_global comm_bytes=75472 selected_grids={5: 39}
fusion_method=early pred_boxes=13 gt_boxes=23
pred_scores_shape=(13,)
frame=29/41 receiver_sample=8/20 scenario=2026_07_15_01_26_56 timestamp=000116 cavs=[8]
sgcp_constrained receiver=8 policy=all-cavs sources=[8] clusters=20 ra=selective_edgecooper_global comm_bytes=0 selected_grids={}
fusion_method=early pred_boxes=12 gt_boxes=22
pred_scores_shape=(12,)
frame=29/41 receiver_sample=9/20 scenario=2026_07_15_01_26_56 timestamp=000116 cavs=[9]
sgcp_constrained receiver=9 policy=all-cavs sources=[9] clusters=20 ra=selective_edgecooper_global comm_bytes=0 selected_grids={}
fusion_method=early pred_boxes=13 gt_boxes=18
pred_scores_shape=(13,)
frame=29/41 receiver_sample=10/20 scenario=2026_07_15_01_26_56 timestamp=000116 cavs=[10, 8]
sgcp_constrained receiver=10 policy=all-cavs sources=[10, 8] clusters=20 ra=selective_edgecooper_global comm_bytes=74400 selected_grids={8: 39}
fusion_method=early pred_boxes=24 gt_boxes=32
pred_scores_shape=(24,)
frame=29/41 receiver_sample=11/20 scenario=2026_07_15_01_26_56 timestamp=000116 cavs=[11, 9]
sgcp_constrained receiver=11 policy=all-cavs sources=[11, 9] clusters=20 ra=selective_edgecooper_global comm_bytes=77056 selected_grids={9: 39}
fusion_method=early pred_boxes=28 gt_boxes=32
pred_scores_shape=(28,)
frame=29/41 receiver_sample=12/20 scenario=2026_07_15_01_26_56 timestamp=000116 cavs=[12]
sgcp_constrained receiver=12 policy=all-cavs sources=[12] clusters=20 ra=selective_edgecooper_global comm_bytes=0 selected_grids={}
fusion_method=early pred_boxes=7 gt_boxes=10
pred_scores_shape=(7,)
frame=29/41 receiver_sample=13/20 scenario=2026_07_15_01_26_56 timestamp=000116 cavs=[13]
sgcp_constrained receiver=13 policy=all-cavs sources=[13] clusters=20 ra=selective_edgecooper_global comm_bytes=0 selected_grids={}
fusion_method=early pred_boxes=10 gt_boxes=12
pred_scores_shape=(10,)
frame=29/41 receiver_sample=14/20 scenario=2026_07_15_01_26_56 timestamp=000116 cavs=[14]
sgcp_constrained receiver=14 policy=all-cavs sources=[14] clusters=20 ra=selective_edgecooper_global comm_bytes=0 selected_grids={}
fusion_method=early pred_boxes=4 gt_boxes=2
pred_scores_shape=(4,)
frame=29/41 receiver_sample=15/20 scenario=2026_07_15_01_26_56 timestamp=000116 cavs=[15]
sgcp_constrained receiver=15 policy=all-cavs sources=[15] clusters=20 ra=selective_edgecooper_global comm_bytes=0 selected_grids={}
fusion_method=early pred_boxes=16 gt_boxes=13
pred_scores_shape=(16,)
frame=29/41 receiver_sample=16/20 scenario=2026_07_15_01_26_56 timestamp=000116 cavs=[16, 17]Format = auto
Extension = pcd
Format = auto
Extension = pcd
Format = auto
Extension = pcd
Format = auto
Extension = pcd
Format = auto
Extension = pcd
Format = auto
Extension = pcd
Format = auto
Extension = pcd
Format = auto
Extension = pcd
Format = auto
Extension = pcd
Format = auto
Extension = pcd
Format = auto
Extension = pcd
Format = auto
Extension = pcd
Format = auto
Extension = pcd
Format = auto
Extension = pcd
Format = auto
Extension = pcd
Format = auto
Extension = pcd
Format = auto
Extension = pcd
Format = auto
Extension = pcd
Format = auto
Extension = pcd
Format = auto
Extension = pcd
Format = auto
Extension = pcd
Format = auto
Extension = pcd
Format = auto
Extension = pcd
Format = auto
Extension = pcd
Format = auto
Extension = pcd
Format = auto
Extension = pcd
Format = auto
Extension = pcd
Format = auto
Extension = pcd
Format = auto
Extension = pcd
Format = auto
Extension = pcd
Format = auto
Extension = pcd
Format = auto
Extension = pcd
Format = auto
Extension = pcd
Format = auto
Extension = pcd
Format = auto
Extension = pcd
Format = auto
Extension = pcd
Format = auto
Extension = pcd
Format = auto
Extension = pcd
Format = auto
Extension = pcd
Format = auto
Extension = pcd

sgcp_constrained receiver=16 policy=all-cavs sources=[16, 17] clusters=20 ra=selective_edgecooper_global comm_bytes=67856 selected_grids={17: 39}
fusion_method=early pred_boxes=20 gt_boxes=20
pred_scores_shape=(20,)
frame=29/41 receiver_sample=17/20 scenario=2026_07_15_01_26_56 timestamp=000116 cavs=[17]
sgcp_constrained receiver=17 policy=all-cavs sources=[17] clusters=20 ra=selective_edgecooper_global comm_bytes=0 selected_grids={}
fusion_method=early pred_boxes=16 gt_boxes=13
pred_scores_shape=(16,)
frame=29/41 receiver_sample=18/20 scenario=2026_07_15_01_26_56 timestamp=000116 cavs=[18]
sgcp_constrained receiver=18 policy=all-cavs sources=[18] clusters=20 ra=selective_edgecooper_global comm_bytes=0 selected_grids={}
fusion_method=early pred_boxes=10 gt_boxes=8
pred_scores_shape=(10,)
frame=29/41 receiver_sample=19/20 scenario=2026_07_15_01_26_56 timestamp=000116 cavs=[19]
sgcp_constrained receiver=19 policy=all-cavs sources=[19] clusters=20 ra=selective_edgecooper_global comm_bytes=0 selected_grids={}
fusion_method=early pred_boxes=11 gt_boxes=15
pred_scores_shape=(11,)
frame=29/41 receiver_sample=20/20 scenario=2026_07_15_01_26_56 timestamp=000116 cavs=[20, 19]
sgcp_constrained receiver=20 policy=all-cavs sources=[20, 19] clusters=20 ra=selective_edgecooper_global comm_bytes=73408 selected_grids={19: 39}
fusion_method=early pred_boxes=20 gt_boxes=27
pred_scores_shape=(20,)
frame=30/41 receiver_sample=1/20 scenario=2026_07_15_01_26_56 timestamp=000118 cavs=[1]
sgcp_constrained receiver=1 policy=all-cavs sources=[1] clusters=20 ra=selective_edgecooper_global comm_bytes=0 selected_grids={}
fusion_method=early pred_boxes=20 gt_boxes=16
pred_scores_shape=(20,)
frame=30/41 receiver_sample=2/20 scenario=2026_07_15_01_26_56 timestamp=000118 cavs=[2, 15]
sgcp_constrained receiver=2 policy=all-cavs sources=[2, 15] clusters=20 ra=selective_edgecooper_global comm_bytes=75728 selected_grids={15: 39}
fusion_method=early pred_boxes=21 gt_boxes=28
pred_scores_shape=(21,)
frame=30/41 receiver_sample=3/20 scenario=2026_07_15_01_26_56 timestamp=000118 cavs=[3, 18]
sgcp_constrained receiver=3 policy=all-cavs sources=[3, 18] clusters=20 ra=selective_edgecooper_global comm_bytes=75600 selected_grids={18: 39}
fusion_method=early pred_boxes=16 gt_boxes=11
pred_scores_shape=(16,)
frame=30/41 receiver_sample=4/20 scenario=2026_07_15_01_26_56 timestamp=000118 cavs=[4, 12]
sgcp_constrained receiver=4 policy=all-cavs sources=[4, 12] clusters=20 ra=selective_edgecooper_global comm_bytes=75072 selected_grids={12: 39}
fusion_method=early pred_boxes=13 gt_boxes=29
pred_scores_shape=(13,)
frame=30/41 receiver_sample=5/20 scenario=2026_07_15_01_26_56 timestamp=000118 cavs=[5]
sgcp_constrained receiver=5 policy=all-cavs sources=[5] clusters=20 ra=selective_edgecooper_global comm_bytes=0 selected_grids={}
fusion_method=early pred_boxes=17 gt_boxes=14
pred_scores_shape=(17,)
frame=30/41 receiver_sample=6/20 scenario=2026_07_15_01_26_56 timestamp=000118 cavs=[6]
sgcp_constrained receiver=6 policy=all-cavs sources=[6] clusters=20 ra=selective_edgecooper_global comm_bytes=0 selected_grids={}
fusion_method=early pred_boxes=11 gt_boxes=16
pred_scores_shape=(11,)
frame=30/41 receiver_sample=7/20 scenario=2026_07_15_01_26_56 timestamp=000118 cavs=[7, 5]
sgcp_constrained receiver=7 policy=all-cavs sources=[7, 5] clusters=20 ra=selective_edgecooper_global comm_bytes=75264 selected_grids={5: 39}
fusion_method=early pred_boxes=14 gt_boxes=22
pred_scores_shape=(14,)
frame=30/41 receiver_sample=8/20 scenario=2026_07_15_01_26_56 timestamp=000118 cavs=[8]
sgcp_constrained receiver=8 policy=all-cavs sources=[8] clusters=20 ra=selective_edgecooper_global comm_bytes=0 selected_grids={}
fusion_method=early pred_boxes=13 gt_boxes=22
pred_scores_shape=(13,)
frame=30/41 receiver_sample=9/20 scenario=2026_07_15_01_26_56 timestamp=000118 cavs=[9]
sgcp_constrained receiver=9 policy=all-cavs sources=[9] clusters=20 ra=selective_edgecooper_global comm_bytes=0 selected_grids={}
fusion_method=early pred_boxes=13 gt_boxes=17
pred_scores_shape=(13,)
frame=30/41 receiver_sample=10/20 scenario=2026_07_15_01_26_56 timestamp=000118 cavs=[10, 8]
sgcp_constrained receiver=10 policy=all-cavs sources=[10, 8] clusters=20 ra=selective_edgecooper_global comm_bytes=74432 selected_grids={8: 39}
fusion_method=early pred_boxes=21 gt_boxes=33
pred_scores_shape=(21,)
frame=30/41 receiver_sample=11/20 scenario=2026_07_15_01_26_56 timestamp=000118 cavs=[11, 9]
sgcp_constrained receiver=11 policy=all-cavs sources=[11, 9] clusters=20 ra=selective_edgecooper_global comm_bytes=77072 selected_grids={9: 39}
fusion_method=early pred_boxes=27 gt_boxes=31
pred_scores_shape=(27,)
frame=30/41 receiver_sample=12/20 scenario=2026_07_15_01_26_56 timestamp=000118 cavs=[12]
sgcp_constrained receiver=12 policy=all-cavs sources=[12] clusters=20 ra=selective_edgecooper_global comm_bytes=0 selected_grids={}
fusion_method=early pred_boxes=8 gt_boxes=11
pred_scores_shape=(8,)
frame=30/41 receiver_sample=13/20 scenario=2026_07_15_01_26_56 timestamp=000118 cavs=[13]
sgcp_constrained receiver=13 policy=all-cavs sources=[13] clusters=20 ra=selective_edgecooper_global comm_bytes=0 selected_grids={}
fusion_method=early pred_boxes=7 gt_boxes=12
pred_scores_shape=(7,)
frame=30/41 receiver_sample=14/20 scenario=2026_07_15_01_26_56 timestamp=000118 cavs=[14]
sgcp_constrained receiver=14 policy=all-cavs sources=[14] clusters=20 ra=selective_edgecooper_global comm_bytes=0 selected_grids={}
fusion_method=early pred_boxes=4 gt_boxes=1
pred_scores_shape=(4,)
frame=30/41 receiver_sample=15/20 scenario=2026_07_15_01_26_56 timestamp=000118 cavs=[15]
sgcp_constrained receiver=15 policy=all-cavs sources=[15] clusters=20 ra=selective_edgecooper_global comm_bytes=0 selected_grids={}
fusion_method=early pred_boxes=13 gt_boxes=12
pred_scores_shape=(13,)
frame=30/41 receiver_sample=16/20 scenario=2026_07_15_01_26_56 timestamp=000118 cavs=[16, 17]
sgcp_constrained receiver=16 policy=all-cavs sources=[16, 17] clusters=20 ra=selective_edgecooper_global comm_bytes=67664 selected_grids={17: 39}
fusion_method=early pred_boxes=16 gt_boxes=21
pred_scores_shape=(16,)
frame=30/41 receiver_sample=17/20 scenario=2026_07_15_01_26_56 timestamp=000118 cavs=[17]
sgcp_constrained receiver=17 policy=all-cavs sources=[17] clusters=20 ra=selective_edgecooper_global comm_bytes=0 selected_grids={}
fusion_method=early pred_boxes=14 gt_boxes=13
pred_scores_shape=(14,)
frame=30/41 receiver_sample=18/20 scenario=2026_07_15_01_26_56 timestamp=000118 cavs=[18]
sgcp_constrained receiver=18 policy=all-cavs sources=[18] clusters=20 ra=selective_edgecooper_global comm_bytes=0 selected_grids={}
fusion_method=early pred_boxes=10 gt_boxes=7
pred_scores_shape=(10,)
frame=30/41 receiver_sample=19/20 scenario=2026_07_15_01_26_56 timestamp=000118 cavs=[19]
sgcp_constrained receiver=19 policy=all-cavs sources=[19] clusters=20 ra=selective_edgecooper_global comm_bytes=0 selected_grids={}
fusion_method=early pred_boxes=13 gt_boxes=15
pred_scores_shape=(13,)
frame=30/41 receiver_sample=20/20 scenario=2026_07_15_01_26_56 timestamp=000118 cavs=[20, 19]
sgcp_constrained receiver=20 policy=all-cavs sources=[20, 19] clusters=20 ra=selective_edgecooper_global comm_bytes=73392 selected_grids={19: 39}
fusion_method=early pred_boxes=20 gt_boxes=27
pred_scores_shape=(20,)
frame=31/41 receiver_sample=1/20 scenario=2026_07_15_01_26_56 timestamp=000120 cavs=[1]
sgcp_constrained receiver=1 policy=all-cavs sources=[1] clusters=20 ra=selective_edgecooper_global comm_bytes=0 selected_grids={}
fusion_method=early pred_boxes=18 gt_boxes=16
pred_scores_shape=(18,)
frame=31/41 receiver_sample=2/20 scenario=2026_07_15_01_26_56 timestamp=000120 cavs=[2, 15]
sgcp_constrained receiver=2 policy=all-cavs sources=[2, 15] clusters=20 ra=selective_edgecooper_global comm_bytes=75408 selected_grids={15: 39}
fusion_method=early pred_boxes=21 gt_boxes=28
pred_scores_shape=(21,)
frame=31/41 receiver_sample=3/20 scenario=2026_07_15_01_26_56 timestamp=000120 cavs=[3, 18]
sgcp_constrained receiver=3 policy=all-cavs sources=[3, 18] clusters=20 ra=selective_edgecooper_global comm_bytes=75600 selected_grids={18: 39}Format = auto
Extension = pcd
Format = auto
Extension = pcd
Format = auto
Extension = pcd
Format = auto
Extension = pcd
Format = auto
Extension = pcd
Format = auto
Extension = pcd
Format = auto
Extension = pcd
Format = auto
Extension = pcd
Format = auto
Extension = pcd
Format = auto
Extension = pcd
Format = auto
Extension = pcd
Format = auto
Extension = pcd
Format = auto
Extension = pcd
Format = auto
Extension = pcd
Format = auto
Extension = pcd
Format = auto
Extension = pcd
Format = auto
Extension = pcd
Format = auto
Extension = pcd
Format = auto
Extension = pcd
Format = auto
Extension = pcd

fusion_method=early pred_boxes=15 gt_boxes=12
pred_scores_shape=(15,)
frame=31/41 receiver_sample=4/20 scenario=2026_07_15_01_26_56 timestamp=000120 cavs=[4, 12]
sgcp_constrained receiver=4 policy=all-cavs sources=[4, 12] clusters=20 ra=selective_edgecooper_global comm_bytes=75664 selected_grids={12: 39}
fusion_method=early pred_boxes=12 gt_boxes=30
pred_scores_shape=(12,)
frame=31/41 receiver_sample=5/20 scenario=2026_07_15_01_26_56 timestamp=000120 cavs=[5]
sgcp_constrained receiver=5 policy=all-cavs sources=[5] clusters=20 ra=selective_edgecooper_global comm_bytes=0 selected_grids={}
fusion_method=early pred_boxes=14 gt_boxes=14
pred_scores_shape=(14,)
frame=31/41 receiver_sample=6/20 scenario=2026_07_15_01_26_56 timestamp=000120 cavs=[6]
sgcp_constrained receiver=6 policy=all-cavs sources=[6] clusters=20 ra=selective_edgecooper_global comm_bytes=0 selected_grids={}
fusion_method=early pred_boxes=10 gt_boxes=16
pred_scores_shape=(10,)
frame=31/41 receiver_sample=7/20 scenario=2026_07_15_01_26_56 timestamp=000120 cavs=[7, 5]
sgcp_constrained receiver=7 policy=all-cavs sources=[7, 5] clusters=20 ra=selective_edgecooper_global comm_bytes=75056 selected_grids={5: 39}
fusion_method=early pred_boxes=15 gt_boxes=23
pred_scores_shape=(15,)
frame=31/41 receiver_sample=8/20 scenario=2026_07_15_01_26_56 timestamp=000120 cavs=[8]
sgcp_constrained receiver=8 policy=all-cavs sources=[8] clusters=20 ra=selective_edgecooper_global comm_bytes=0 selected_grids={}
fusion_method=early pred_boxes=12 gt_boxes=21
pred_scores_shape=(12,)
frame=31/41 receiver_sample=9/20 scenario=2026_07_15_01_26_56 timestamp=000120 cavs=[9]
sgcp_constrained receiver=9 policy=all-cavs sources=[9] clusters=20 ra=selective_edgecooper_global comm_bytes=0 selected_grids={}
fusion_method=early pred_boxes=13 gt_boxes=17
pred_scores_shape=(13,)
frame=31/41 receiver_sample=10/20 scenario=2026_07_15_01_26_56 timestamp=000120 cavs=[10, 8]
sgcp_constrained receiver=10 policy=all-cavs sources=[10, 8] clusters=20 ra=selective_edgecooper_global comm_bytes=74432 selected_grids={8: 39}
fusion_method=early pred_boxes=23 gt_boxes=33
pred_scores_shape=(23,)
frame=31/41 receiver_sample=11/20 scenario=2026_07_15_01_26_56 timestamp=000120 cavs=[11, 9]
sgcp_constrained receiver=11 policy=all-cavs sources=[11, 9] clusters=20 ra=selective_edgecooper_global comm_bytes=77088 selected_grids={9: 39}
fusion_method=early pred_boxes=28 gt_boxes=31
pred_scores_shape=(28,)
frame=31/41 receiver_sample=12/20 scenario=2026_07_15_01_26_56 timestamp=000120 cavs=[12]
sgcp_constrained receiver=12 policy=all-cavs sources=[12] clusters=20 ra=selective_edgecooper_global comm_bytes=0 selected_grids={}
fusion_method=early pred_boxes=10 gt_boxes=10
pred_scores_shape=(10,)
frame=31/41 receiver_sample=13/20 scenario=2026_07_15_01_26_56 timestamp=000120 cavs=[13]
sgcp_constrained receiver=13 policy=all-cavs sources=[13] clusters=20 ra=selective_edgecooper_global comm_bytes=0 selected_grids={}
fusion_method=early pred_boxes=5 gt_boxes=12
pred_scores_shape=(5,)
frame=31/41 receiver_sample=14/20 scenario=2026_07_15_01_26_56 timestamp=000120 cavs=[14]
sgcp_constrained receiver=14 policy=all-cavs sources=[14] clusters=20 ra=selective_edgecooper_global comm_bytes=0 selected_grids={}
fusion_method=early pred_boxes=3 gt_boxes=1
pred_scores_shape=(3,)
frame=31/41 receiver_sample=15/20 scenario=2026_07_15_01_26_56 timestamp=000120 cavs=[15]
sgcp_constrained receiver=15 policy=all-cavs sources=[15] clusters=20 ra=selective_edgecooper_global comm_bytes=0 selected_grids={}
fusion_method=early pred_boxes=14 gt_boxes=12
pred_scores_shape=(14,)
frame=31/41 receiver_sample=16/20 scenario=2026_07_15_01_26_56 timestamp=000120 cavs=[16, 17]
sgcp_constrained receiver=16 policy=all-cavs sources=[16, 17] clusters=20 ra=selective_edgecooper_global comm_bytes=67504 selected_grids={17: 39}
fusion_method=early pred_boxes=16 gt_boxes=20
pred_scores_shape=(16,)
frame=31/41 receiver_sample=17/20 scenario=2026_07_15_01_26_56 timestamp=000120 cavs=[17]
sgcp_constrained receiver=17 policy=all-cavs sources=[17] clusters=20 ra=selective_edgecooper_global comm_bytes=0 selected_grids={}
fusion_method=early pred_boxes=15 gt_boxes=13
pred_scores_shape=(15,)
frame=31/41 receiver_sample=18/20 scenario=2026_07_15_01_26_56 timestamp=000120 cavs=[18]
sgcp_constrained receiver=18 policy=all-cavs sources=[18] clusters=20 ra=selective_edgecooper_global comm_bytes=0 selected_grids={}
fusion_method=early pred_boxes=11 gt_boxes=8
pred_scores_shape=(11,)
frame=31/41 receiver_sample=19/20 scenario=2026_07_15_01_26_56 timestamp=000120 cavs=[19]
sgcp_constrained receiver=19 policy=all-cavs sources=[19] clusters=20 ra=selective_edgecooper_global comm_bytes=0 selected_grids={}
fusion_method=early pred_boxes=14 gt_boxes=16
pred_scores_shape=(14,)
frame=31/41 receiver_sample=20/20 scenario=2026_07_15_01_26_56 timestamp=000120 cavs=[20, 19]
sgcp_constrained receiver=20 policy=all-cavs sources=[20, 19] clusters=20 ra=selective_edgecooper_global comm_bytes=73440 selected_grids={19: 39}
fusion_method=early pred_boxes=19 gt_boxes=27
pred_scores_shape=(19,)
frame=32/41 receiver_sample=1/20 scenario=2026_07_15_01_26_56 timestamp=000122 cavs=[1]
sgcp_constrained receiver=1 policy=all-cavs sources=[1] clusters=20 ra=selective_edgecooper_global comm_bytes=0 selected_grids={}
fusion_method=early pred_boxes=17 gt_boxes=16
pred_scores_shape=(17,)
frame=32/41 receiver_sample=2/20 scenario=2026_07_15_01_26_56 timestamp=000122 cavs=[2, 15]
sgcp_constrained receiver=2 policy=all-cavs sources=[2, 15] clusters=20 ra=selective_edgecooper_global comm_bytes=75456 selected_grids={15: 39}
fusion_method=early pred_boxes=21 gt_boxes=28
pred_scores_shape=(21,)
frame=32/41 receiver_sample=3/20 scenario=2026_07_15_01_26_56 timestamp=000122 cavs=[3, 18]
sgcp_constrained receiver=3 policy=all-cavs sources=[3, 18] clusters=20 ra=selective_edgecooper_global comm_bytes=75744 selected_grids={18: 39}
fusion_method=early pred_boxes=15 gt_boxes=11
pred_scores_shape=(15,)
frame=32/41 receiver_sample=4/20 scenario=2026_07_15_01_26_56 timestamp=000122 cavs=[4, 12]
sgcp_constrained receiver=4 policy=all-cavs sources=[4, 12] clusters=20 ra=selective_edgecooper_global comm_bytes=75904 selected_grids={12: 39}
fusion_method=early pred_boxes=11 gt_boxes=31
pred_scores_shape=(11,)
frame=32/41 receiver_sample=5/20 scenario=2026_07_15_01_26_56 timestamp=000122 cavs=[5]
sgcp_constrained receiver=5 policy=all-cavs sources=[5] clusters=20 ra=selective_edgecooper_global comm_bytes=0 selected_grids={}
fusion_method=early pred_boxes=15 gt_boxes=12
pred_scores_shape=(15,)
frame=32/41 receiver_sample=6/20 scenario=2026_07_15_01_26_56 timestamp=000122 cavs=[6]
sgcp_constrained receiver=6 policy=all-cavs sources=[6] clusters=20 ra=selective_edgecooper_global comm_bytes=0 selected_grids={}
fusion_method=early pred_boxes=11 gt_boxes=17
pred_scores_shape=(11,)
frame=32/41 receiver_sample=7/20 scenario=2026_07_15_01_26_56 timestamp=000122 cavs=[7, 5]
sgcp_constrained receiver=7 policy=all-cavs sources=[7, 5] clusters=20 ra=selective_edgecooper_global comm_bytes=74976 selected_grids={5: 39}
fusion_method=early pred_boxes=14 gt_boxes=24
pred_scores_shape=(14,)
frame=32/41 receiver_sample=8/20 scenario=2026_07_15_01_26_56 timestamp=000122 cavs=[8]
sgcp_constrained receiver=8 policy=all-cavs sources=[8] clusters=20 ra=selective_edgecooper_global comm_bytes=0 selected_grids={}
fusion_method=early pred_boxes=12 gt_boxes=21
pred_scores_shape=(12,)
frame=32/41 receiver_sample=9/20 scenario=2026_07_15_01_26_56 timestamp=000122 cavs=[9]
sgcp_constrained receiver=9 policy=all-cavs sources=[9] clusters=20 ra=selective_edgecooper_global comm_bytes=0 selected_grids={}
fusion_method=early pred_boxes=14 gt_boxes=16
pred_scores_shape=(14,)
frame=32/41 receiver_sample=10/20 scenario=2026_07_15_01_26_56 timestamp=000122 cavs=[10, 8]
sgcp_constrained receiver=10 policy=all-cavs sources=[10, 8] clusters=20 ra=selective_edgecooper_global comm_bytes=74400 selected_grids={8: 39}
fusion_method=early pred_boxes=23 gt_boxes=32
pred_scores_shape=(23,)
frame=32/41 receiver_sample=11/20 scenario=2026_07_15_01_26_56 timestamp=000122 cavs=[11, 9]Format = auto
Extension = pcd
Format = auto
Extension = pcd
Format = auto
Extension = pcd
Format = auto
Extension = pcd
Format = auto
Extension = pcd
Format = auto
Extension = pcd
Format = auto
Extension = pcd
Format = auto
Extension = pcd
Format = auto
Extension = pcd
Format = auto
Extension = pcd
Format = auto
Extension = pcd
Format = auto
Extension = pcd
Format = auto
Extension = pcd
Format = auto
Extension = pcd
Format = auto
Extension = pcd
Format = auto
Extension = pcd
Format = auto
Extension = pcd
Format = auto
Extension = pcd
Format = auto
Extension = pcd
Format = auto
Extension = pcd

sgcp_constrained receiver=11 policy=all-cavs sources=[11, 9] clusters=20 ra=selective_edgecooper_global comm_bytes=77056 selected_grids={9: 39}
fusion_method=early pred_boxes=27 gt_boxes=30
pred_scores_shape=(27,)
frame=32/41 receiver_sample=12/20 scenario=2026_07_15_01_26_56 timestamp=000122 cavs=[12]
sgcp_constrained receiver=12 policy=all-cavs sources=[12] clusters=20 ra=selective_edgecooper_global comm_bytes=0 selected_grids={}
fusion_method=early pred_boxes=9 gt_boxes=9
pred_scores_shape=(9,)
frame=32/41 receiver_sample=13/20 scenario=2026_07_15_01_26_56 timestamp=000122 cavs=[13]
sgcp_constrained receiver=13 policy=all-cavs sources=[13] clusters=20 ra=selective_edgecooper_global comm_bytes=0 selected_grids={}
fusion_method=early pred_boxes=5 gt_boxes=12
pred_scores_shape=(5,)
frame=32/41 receiver_sample=14/20 scenario=2026_07_15_01_26_56 timestamp=000122 cavs=[14]
sgcp_constrained receiver=14 policy=all-cavs sources=[14] clusters=20 ra=selective_edgecooper_global comm_bytes=0 selected_grids={}
fusion_method=early pred_boxes=3 gt_boxes=1
pred_scores_shape=(3,)
frame=32/41 receiver_sample=15/20 scenario=2026_07_15_01_26_56 timestamp=000122 cavs=[15]
sgcp_constrained receiver=15 policy=all-cavs sources=[15] clusters=20 ra=selective_edgecooper_global comm_bytes=0 selected_grids={}
fusion_method=early pred_boxes=14 gt_boxes=12
pred_scores_shape=(14,)
frame=32/41 receiver_sample=16/20 scenario=2026_07_15_01_26_56 timestamp=000122 cavs=[16, 17]
sgcp_constrained receiver=16 policy=all-cavs sources=[16, 17] clusters=20 ra=selective_edgecooper_global comm_bytes=67440 selected_grids={17: 39}
fusion_method=early pred_boxes=17 gt_boxes=20
pred_scores_shape=(17,)
frame=32/41 receiver_sample=17/20 scenario=2026_07_15_01_26_56 timestamp=000122 cavs=[17]
sgcp_constrained receiver=17 policy=all-cavs sources=[17] clusters=20 ra=selective_edgecooper_global comm_bytes=0 selected_grids={}
fusion_method=early pred_boxes=14 gt_boxes=13
pred_scores_shape=(14,)
frame=32/41 receiver_sample=18/20 scenario=2026_07_15_01_26_56 timestamp=000122 cavs=[18]
sgcp_constrained receiver=18 policy=all-cavs sources=[18] clusters=20 ra=selective_edgecooper_global comm_bytes=0 selected_grids={}
fusion_method=early pred_boxes=11 gt_boxes=7
pred_scores_shape=(11,)
frame=32/41 receiver_sample=19/20 scenario=2026_07_15_01_26_56 timestamp=000122 cavs=[19]
sgcp_constrained receiver=19 policy=all-cavs sources=[19] clusters=20 ra=selective_edgecooper_global comm_bytes=0 selected_grids={}
fusion_method=early pred_boxes=13 gt_boxes=16
pred_scores_shape=(13,)
frame=32/41 receiver_sample=20/20 scenario=2026_07_15_01_26_56 timestamp=000122 cavs=[20, 19]
sgcp_constrained receiver=20 policy=all-cavs sources=[20, 19] clusters=20 ra=selective_edgecooper_global comm_bytes=73344 selected_grids={19: 39}
fusion_method=early pred_boxes=20 gt_boxes=27
pred_scores_shape=(20,)
frame=33/41 receiver_sample=1/20 scenario=2026_07_15_01_26_56 timestamp=000124 cavs=[1]
sgcp_constrained receiver=1 policy=all-cavs sources=[1] clusters=20 ra=selective_edgecooper_global comm_bytes=0 selected_grids={}
fusion_method=early pred_boxes=18 gt_boxes=16
pred_scores_shape=(18,)
frame=33/41 receiver_sample=2/20 scenario=2026_07_15_01_26_56 timestamp=000124 cavs=[2, 15]
sgcp_constrained receiver=2 policy=all-cavs sources=[2, 15] clusters=20 ra=selective_edgecooper_global comm_bytes=75008 selected_grids={15: 39}
fusion_method=early pred_boxes=21 gt_boxes=28
pred_scores_shape=(21,)
frame=33/41 receiver_sample=3/20 scenario=2026_07_15_01_26_56 timestamp=000124 cavs=[3, 18]
sgcp_constrained receiver=3 policy=all-cavs sources=[3, 18] clusters=20 ra=selective_edgecooper_global comm_bytes=75760 selected_grids={18: 39}
fusion_method=early pred_boxes=12 gt_boxes=12
pred_scores_shape=(12,)
frame=33/41 receiver_sample=4/20 scenario=2026_07_15_01_26_56 timestamp=000124 cavs=[4, 12]
sgcp_constrained receiver=4 policy=all-cavs sources=[4, 12] clusters=20 ra=selective_edgecooper_global comm_bytes=75744 selected_grids={12: 39}
fusion_method=early pred_boxes=13 gt_boxes=31
pred_scores_shape=(13,)
frame=33/41 receiver_sample=5/20 scenario=2026_07_15_01_26_56 timestamp=000124 cavs=[5, 19]
sgcp_constrained receiver=5 policy=all-cavs sources=[5, 19] clusters=20 ra=selective_edgecooper_global comm_bytes=76064 selected_grids={19: 39}
fusion_method=early pred_boxes=18 gt_boxes=19
pred_scores_shape=(18,)
frame=33/41 receiver_sample=6/20 scenario=2026_07_15_01_26_56 timestamp=000124 cavs=[6]
sgcp_constrained receiver=6 policy=all-cavs sources=[6] clusters=20 ra=selective_edgecooper_global comm_bytes=0 selected_grids={}
fusion_method=early pred_boxes=11 gt_boxes=17
pred_scores_shape=(11,)
frame=33/41 receiver_sample=7/20 scenario=2026_07_15_01_26_56 timestamp=000124 cavs=[7]
sgcp_constrained receiver=7 policy=all-cavs sources=[7] clusters=20 ra=selective_edgecooper_global comm_bytes=0 selected_grids={}
fusion_method=early pred_boxes=13 gt_boxes=14
pred_scores_shape=(13,)
frame=33/41 receiver_sample=8/20 scenario=2026_07_15_01_26_56 timestamp=000124 cavs=[8]
sgcp_constrained receiver=8 policy=all-cavs sources=[8] clusters=20 ra=selective_edgecooper_global comm_bytes=0 selected_grids={}
fusion_method=early pred_boxes=13 gt_boxes=21
pred_scores_shape=(13,)
frame=33/41 receiver_sample=9/20 scenario=2026_07_15_01_26_56 timestamp=000124 cavs=[9]
sgcp_constrained receiver=9 policy=all-cavs sources=[9] clusters=20 ra=selective_edgecooper_global comm_bytes=0 selected_grids={}
fusion_method=early pred_boxes=14 gt_boxes=17
pred_scores_shape=(14,)
frame=33/41 receiver_sample=10/20 scenario=2026_07_15_01_26_56 timestamp=000124 cavs=[10, 8]
sgcp_constrained receiver=10 policy=all-cavs sources=[10, 8] clusters=20 ra=selective_edgecooper_global comm_bytes=74416 selected_grids={8: 39}
fusion_method=early pred_boxes=21 gt_boxes=32
pred_scores_shape=(21,)
frame=33/41 receiver_sample=11/20 scenario=2026_07_15_01_26_56 timestamp=000124 cavs=[11, 9]
sgcp_constrained receiver=11 policy=all-cavs sources=[11, 9] clusters=20 ra=selective_edgecooper_global comm_bytes=76784 selected_grids={9: 39}
fusion_method=early pred_boxes=29 gt_boxes=31
pred_scores_shape=(29,)
frame=33/41 receiver_sample=12/20 scenario=2026_07_15_01_26_56 timestamp=000124 cavs=[12]
sgcp_constrained receiver=12 policy=all-cavs sources=[12] clusters=20 ra=selective_edgecooper_global comm_bytes=0 selected_grids={}
fusion_method=early pred_boxes=9 gt_boxes=10
pred_scores_shape=(9,)
frame=33/41 receiver_sample=13/20 scenario=2026_07_15_01_26_56 timestamp=000124 cavs=[13]
sgcp_constrained receiver=13 policy=all-cavs sources=[13] clusters=20 ra=selective_edgecooper_global comm_bytes=0 selected_grids={}
fusion_method=early pred_boxes=8 gt_boxes=11
pred_scores_shape=(8,)
frame=33/41 receiver_sample=14/20 scenario=2026_07_15_01_26_56 timestamp=000124 cavs=[14]
sgcp_constrained receiver=14 policy=all-cavs sources=[14] clusters=20 ra=selective_edgecooper_global comm_bytes=0 selected_grids={}
fusion_method=early pred_boxes=2 gt_boxes=1
pred_scores_shape=(2,)
frame=33/41 receiver_sample=15/20 scenario=2026_07_15_01_26_56 timestamp=000124 cavs=[15]
sgcp_constrained receiver=15 policy=all-cavs sources=[15] clusters=20 ra=selective_edgecooper_global comm_bytes=0 selected_grids={}
fusion_method=early pred_boxes=16 gt_boxes=12
pred_scores_shape=(16,)
frame=33/41 receiver_sample=16/20 scenario=2026_07_15_01_26_56 timestamp=000124 cavs=[16, 20]
sgcp_constrained receiver=16 policy=all-cavs sources=[16, 20] clusters=20 ra=selective_edgecooper_global comm_bytes=75280 selected_grids={20: 39}
fusion_method=early pred_boxes=25 gt_boxes=29
pred_scores_shape=(25,)
frame=33/41 receiver_sample=17/20 scenario=2026_07_15_01_26_56 timestamp=000124 cavs=[17, 7]
sgcp_constrained receiver=17 policy=all-cavs sources=[17, 7] clusters=20 ra=selective_edgecooper_global comm_bytes=76992 selected_grids={7: 39}
fusion_method=early pred_boxes=19 gt_boxes=16
pred_scores_shape=(19,)
frame=33/41 receiver_sample=18/20 scenario=2026_07_15_01_26_56 timestamp=000124 cavs=[18]
sgcp_constrained receiver=18 policy=all-cavs sources=[18] clusters=20 ra=selective_edgecooper_global comm_bytes=0 selected_grids={}Format = auto
Extension = pcd
Format = auto
Extension = pcd
Format = auto
Extension = pcd
Format = auto
Extension = pcd
Format = auto
Extension = pcd
Format = auto
Extension = pcd
Format = auto
Extension = pcd
Format = auto
Extension = pcd
Format = auto
Extension = pcd
Format = auto
Extension = pcd
Format = auto
Extension = pcd
Format = auto
Extension = pcd
Format = auto
Extension = pcd
Format = auto
Extension = pcd
Format = auto
Extension = pcd
Format = auto
Extension = pcd
Format = auto
Extension = pcd
Format = auto
Extension = pcd
Format = auto
Extension = pcd
Format = auto
Extension = pcd
Format = auto
Extension = pcd
Format = auto
Extension = pcd
Format = auto
Extension = pcd
Format = auto
Extension = pcd
Format = auto
Extension = pcd
Format = auto
Extension = pcd
Format = auto
Extension = pcd
Format = auto
Extension = pcd
Format = auto
Extension = pcd
Format = auto
Extension = pcd
Format = auto
Extension = pcd
Format = auto
Extension = pcd
Format = auto
Extension = pcd
Format = auto
Extension = pcd
Format = auto
Extension = pcd
Format = auto
Extension = pcd
Format = auto
Extension = pcd
Format = auto
Extension = pcd
Format = auto
Extension = pcd
Format = auto
Extension = pcd

fusion_method=early pred_boxes=10 gt_boxes=7
pred_scores_shape=(10,)
frame=33/41 receiver_sample=19/20 scenario=2026_07_15_01_26_56 timestamp=000124 cavs=[19]
sgcp_constrained receiver=19 policy=all-cavs sources=[19] clusters=20 ra=selective_edgecooper_global comm_bytes=0 selected_grids={}
fusion_method=early pred_boxes=12 gt_boxes=16
pred_scores_shape=(12,)
frame=33/41 receiver_sample=20/20 scenario=2026_07_15_01_26_56 timestamp=000124 cavs=[20]
sgcp_constrained receiver=20 policy=all-cavs sources=[20] clusters=20 ra=selective_edgecooper_global comm_bytes=0 selected_grids={}
fusion_method=early pred_boxes=17 gt_boxes=19
pred_scores_shape=(17,)
frame=34/41 receiver_sample=1/20 scenario=2026_07_15_01_26_56 timestamp=000126 cavs=[1]
sgcp_constrained receiver=1 policy=all-cavs sources=[1] clusters=20 ra=selective_edgecooper_global comm_bytes=0 selected_grids={}
fusion_method=early pred_boxes=18 gt_boxes=16
pred_scores_shape=(18,)
frame=34/41 receiver_sample=2/20 scenario=2026_07_15_01_26_56 timestamp=000126 cavs=[2]
sgcp_constrained receiver=2 policy=all-cavs sources=[2] clusters=20 ra=selective_edgecooper_global comm_bytes=0 selected_grids={}
fusion_method=early pred_boxes=14 gt_boxes=24
pred_scores_shape=(14,)
frame=34/41 receiver_sample=3/20 scenario=2026_07_15_01_26_56 timestamp=000126 cavs=[3, 18]
sgcp_constrained receiver=3 policy=all-cavs sources=[3, 18] clusters=20 ra=selective_edgecooper_global comm_bytes=75600 selected_grids={18: 39}
fusion_method=early pred_boxes=17 gt_boxes=13
pred_scores_shape=(17,)
frame=34/41 receiver_sample=4/20 scenario=2026_07_15_01_26_56 timestamp=000126 cavs=[4, 12]
sgcp_constrained receiver=4 policy=all-cavs sources=[4, 12] clusters=20 ra=selective_edgecooper_global comm_bytes=76144 selected_grids={12: 39}
fusion_method=early pred_boxes=11 gt_boxes=31
pred_scores_shape=(11,)
frame=34/41 receiver_sample=5/20 scenario=2026_07_15_01_26_56 timestamp=000126 cavs=[5, 19]
sgcp_constrained receiver=5 policy=all-cavs sources=[5, 19] clusters=20 ra=selective_edgecooper_global comm_bytes=76064 selected_grids={19: 39}
fusion_method=early pred_boxes=14 gt_boxes=20
pred_scores_shape=(14,)
frame=34/41 receiver_sample=6/20 scenario=2026_07_15_01_26_56 timestamp=000126 cavs=[6, 15]
sgcp_constrained receiver=6 policy=all-cavs sources=[6, 15] clusters=20 ra=selective_edgecooper_global comm_bytes=76544 selected_grids={15: 48}
fusion_method=early pred_boxes=17 gt_boxes=24
pred_scores_shape=(17,)
frame=34/41 receiver_sample=7/20 scenario=2026_07_15_01_26_56 timestamp=000126 cavs=[7]
sgcp_constrained receiver=7 policy=all-cavs sources=[7] clusters=20 ra=selective_edgecooper_global comm_bytes=0 selected_grids={}
fusion_method=early pred_boxes=12 gt_boxes=14
pred_scores_shape=(12,)
frame=34/41 receiver_sample=8/20 scenario=2026_07_15_01_26_56 timestamp=000126 cavs=[8]
sgcp_constrained receiver=8 policy=all-cavs sources=[8] clusters=20 ra=selective_edgecooper_global comm_bytes=0 selected_grids={}
fusion_method=early pred_boxes=12 gt_boxes=20
pred_scores_shape=(12,)
frame=34/41 receiver_sample=9/20 scenario=2026_07_15_01_26_56 timestamp=000126 cavs=[9]
sgcp_constrained receiver=9 policy=all-cavs sources=[9] clusters=20 ra=selective_edgecooper_global comm_bytes=0 selected_grids={}
fusion_method=early pred_boxes=13 gt_boxes=16
pred_scores_shape=(13,)
frame=34/41 receiver_sample=10/20 scenario=2026_07_15_01_26_56 timestamp=000126 cavs=[10, 8]
sgcp_constrained receiver=10 policy=all-cavs sources=[10, 8] clusters=20 ra=selective_edgecooper_global comm_bytes=74448 selected_grids={8: 39}
fusion_method=early pred_boxes=21 gt_boxes=32
pred_scores_shape=(21,)
frame=34/41 receiver_sample=11/20 scenario=2026_07_15_01_26_56 timestamp=000126 cavs=[11, 9]
sgcp_constrained receiver=11 policy=all-cavs sources=[11, 9] clusters=20 ra=selective_edgecooper_global comm_bytes=77040 selected_grids={9: 39}
fusion_method=early pred_boxes=26 gt_boxes=30
pred_scores_shape=(26,)
frame=34/41 receiver_sample=12/20 scenario=2026_07_15_01_26_56 timestamp=000126 cavs=[12]
sgcp_constrained receiver=12 policy=all-cavs sources=[12] clusters=20 ra=selective_edgecooper_global comm_bytes=0 selected_grids={}
fusion_method=early pred_boxes=7 gt_boxes=11
pred_scores_shape=(7,)
frame=34/41 receiver_sample=13/20 scenario=2026_07_15_01_26_56 timestamp=000126 cavs=[13, 14]
sgcp_constrained receiver=13 policy=all-cavs sources=[13, 14] clusters=20 ra=selective_edgecooper_global comm_bytes=74608 selected_grids={14: 39}
fusion_method=early pred_boxes=10 gt_boxes=12
pred_scores_shape=(10,)
frame=34/41 receiver_sample=14/20 scenario=2026_07_15_01_26_56 timestamp=000126 cavs=[14]
sgcp_constrained receiver=14 policy=all-cavs sources=[14] clusters=20 ra=selective_edgecooper_global comm_bytes=0 selected_grids={}
fusion_method=early pred_boxes=4 gt_boxes=1
pred_scores_shape=(4,)
frame=34/41 receiver_sample=15/20 scenario=2026_07_15_01_26_56 timestamp=000126 cavs=[15]
sgcp_constrained receiver=15 policy=all-cavs sources=[15] clusters=20 ra=selective_edgecooper_global comm_bytes=0 selected_grids={}
fusion_method=early pred_boxes=15 gt_boxes=13
pred_scores_shape=(15,)
frame=34/41 receiver_sample=16/20 scenario=2026_07_15_01_26_56 timestamp=000126 cavs=[16, 20]
sgcp_constrained receiver=16 policy=all-cavs sources=[16, 20] clusters=20 ra=selective_edgecooper_global comm_bytes=75504 selected_grids={20: 39}
fusion_method=early pred_boxes=27 gt_boxes=29
pred_scores_shape=(27,)
frame=34/41 receiver_sample=17/20 scenario=2026_07_15_01_26_56 timestamp=000126 cavs=[17, 7]
sgcp_constrained receiver=17 policy=all-cavs sources=[17, 7] clusters=20 ra=selective_edgecooper_global comm_bytes=77008 selected_grids={7: 39}
fusion_method=early pred_boxes=21 gt_boxes=15
pred_scores_shape=(21,)
frame=34/41 receiver_sample=18/20 scenario=2026_07_15_01_26_56 timestamp=000126 cavs=[18]
sgcp_constrained receiver=18 policy=all-cavs sources=[18] clusters=20 ra=selective_edgecooper_global comm_bytes=0 selected_grids={}
fusion_method=early pred_boxes=8 gt_boxes=8
pred_scores_shape=(8,)
frame=34/41 receiver_sample=19/20 scenario=2026_07_15_01_26_56 timestamp=000126 cavs=[19]
sgcp_constrained receiver=19 policy=all-cavs sources=[19] clusters=20 ra=selective_edgecooper_global comm_bytes=0 selected_grids={}
fusion_method=early pred_boxes=11 gt_boxes=16
pred_scores_shape=(11,)
frame=34/41 receiver_sample=20/20 scenario=2026_07_15_01_26_56 timestamp=000126 cavs=[20]
sgcp_constrained receiver=20 policy=all-cavs sources=[20] clusters=20 ra=selective_edgecooper_global comm_bytes=0 selected_grids={}
fusion_method=early pred_boxes=18 gt_boxes=19
pred_scores_shape=(18,)
frame=35/41 receiver_sample=1/20 scenario=2026_07_15_01_26_56 timestamp=000128 cavs=[1]
sgcp_constrained receiver=1 policy=all-cavs sources=[1] clusters=20 ra=selective_edgecooper_global comm_bytes=0 selected_grids={}
fusion_method=early pred_boxes=18 gt_boxes=15
pred_scores_shape=(18,)
frame=35/41 receiver_sample=2/20 scenario=2026_07_15_01_26_56 timestamp=000128 cavs=[2, 1]
sgcp_constrained receiver=2 policy=all-cavs sources=[2, 1] clusters=20 ra=selective_edgecooper_global comm_bytes=74672 selected_grids={1: 39}
fusion_method=early pred_boxes=17 gt_boxes=29
pred_scores_shape=(17,)
frame=35/41 receiver_sample=3/20 scenario=2026_07_15_01_26_56 timestamp=000128 cavs=[3, 18]
sgcp_constrained receiver=3 policy=all-cavs sources=[3, 18] clusters=20 ra=selective_edgecooper_global comm_bytes=75680 selected_grids={18: 39}
fusion_method=early pred_boxes=14 gt_boxes=12
pred_scores_shape=(14,)
frame=35/41 receiver_sample=4/20 scenario=2026_07_15_01_26_56 timestamp=000128 cavs=[4, 12]
sgcp_constrained receiver=4 policy=all-cavs sources=[4, 12] clusters=20 ra=selective_edgecooper_global comm_bytes=76432 selected_grids={12: 39}
fusion_method=early pred_boxes=11 gt_boxes=30
pred_scores_shape=(11,)
frame=35/41 receiver_sample=5/20 scenario=2026_07_15_01_26_56 timestamp=000128 cavs=[5, 19]
sgcp_constrained receiver=5 policy=all-cavs sources=[5, 19] clusters=20 ra=selective_edgecooper_global comm_bytes=76064 selected_grids={19: 39}
fusion_method=early pred_boxes=16 gt_boxes=20Format = auto
Extension = pcd
Format = auto
Extension = pcd
Format = auto
Extension = pcd
Format = auto
Extension = pcd
Format = auto
Extension = pcd
Format = auto
Extension = pcd
Format = auto
Extension = pcd
Format = auto
Extension = pcd
Format = auto
Extension = pcd
Format = auto
Extension = pcd
Format = auto
Extension = pcd
Format = auto
Extension = pcd
Format = auto
Extension = pcd
Format = auto
Extension = pcd
Format = auto
Extension = pcd
Format = auto
Extension = pcd
Format = auto
Extension = pcd
Format = auto
Extension = pcd
Format = auto
Extension = pcd
Format = auto
Extension = pcd

pred_scores_shape=(16,)
frame=35/41 receiver_sample=6/20 scenario=2026_07_15_01_26_56 timestamp=000128 cavs=[6, 15]
sgcp_constrained receiver=6 policy=all-cavs sources=[6, 15] clusters=20 ra=selective_edgecooper_global comm_bytes=76528 selected_grids={15: 47}
fusion_method=early pred_boxes=15 gt_boxes=24
pred_scores_shape=(15,)
frame=35/41 receiver_sample=7/20 scenario=2026_07_15_01_26_56 timestamp=000128 cavs=[7]
sgcp_constrained receiver=7 policy=all-cavs sources=[7] clusters=20 ra=selective_edgecooper_global comm_bytes=0 selected_grids={}
fusion_method=early pred_boxes=14 gt_boxes=13
pred_scores_shape=(14,)
frame=35/41 receiver_sample=8/20 scenario=2026_07_15_01_26_56 timestamp=000128 cavs=[8]
sgcp_constrained receiver=8 policy=all-cavs sources=[8] clusters=20 ra=selective_edgecooper_global comm_bytes=0 selected_grids={}
fusion_method=early pred_boxes=13 gt_boxes=20
pred_scores_shape=(13,)
frame=35/41 receiver_sample=9/20 scenario=2026_07_15_01_26_56 timestamp=000128 cavs=[9]
sgcp_constrained receiver=9 policy=all-cavs sources=[9] clusters=20 ra=selective_edgecooper_global comm_bytes=0 selected_grids={}
fusion_method=early pred_boxes=13 gt_boxes=16
pred_scores_shape=(13,)
frame=35/41 receiver_sample=10/20 scenario=2026_07_15_01_26_56 timestamp=000128 cavs=[10, 8]
sgcp_constrained receiver=10 policy=all-cavs sources=[10, 8] clusters=20 ra=selective_edgecooper_global comm_bytes=74464 selected_grids={8: 39}
fusion_method=early pred_boxes=22 gt_boxes=31
pred_scores_shape=(22,)
frame=35/41 receiver_sample=11/20 scenario=2026_07_15_01_26_56 timestamp=000128 cavs=[11, 9]
sgcp_constrained receiver=11 policy=all-cavs sources=[11, 9] clusters=20 ra=selective_edgecooper_global comm_bytes=77024 selected_grids={9: 39}
fusion_method=early pred_boxes=27 gt_boxes=30
pred_scores_shape=(27,)
frame=35/41 receiver_sample=12/20 scenario=2026_07_15_01_26_56 timestamp=000128 cavs=[12]
sgcp_constrained receiver=12 policy=all-cavs sources=[12] clusters=20 ra=selective_edgecooper_global comm_bytes=0 selected_grids={}
fusion_method=early pred_boxes=6 gt_boxes=11
pred_scores_shape=(6,)
frame=35/41 receiver_sample=13/20 scenario=2026_07_15_01_26_56 timestamp=000128 cavs=[13]
sgcp_constrained receiver=13 policy=all-cavs sources=[13] clusters=20 ra=selective_edgecooper_global comm_bytes=0 selected_grids={}
fusion_method=early pred_boxes=7 gt_boxes=9
pred_scores_shape=(7,)
frame=35/41 receiver_sample=14/20 scenario=2026_07_15_01_26_56 timestamp=000128 cavs=[14, 13]
sgcp_constrained receiver=14 policy=all-cavs sources=[14, 13] clusters=20 ra=selective_edgecooper_global comm_bytes=74816 selected_grids={13: 55}
fusion_method=early pred_boxes=7 gt_boxes=2
pred_scores_shape=(7,)
frame=35/41 receiver_sample=15/20 scenario=2026_07_15_01_26_56 timestamp=000128 cavs=[15]
sgcp_constrained receiver=15 policy=all-cavs sources=[15] clusters=20 ra=selective_edgecooper_global comm_bytes=0 selected_grids={}
fusion_method=early pred_boxes=14 gt_boxes=13
pred_scores_shape=(14,)
frame=35/41 receiver_sample=16/20 scenario=2026_07_15_01_26_56 timestamp=000128 cavs=[16, 20]
sgcp_constrained receiver=16 policy=all-cavs sources=[16, 20] clusters=20 ra=selective_edgecooper_global comm_bytes=75744 selected_grids={20: 39}
fusion_method=early pred_boxes=25 gt_boxes=30
pred_scores_shape=(25,)
frame=35/41 receiver_sample=17/20 scenario=2026_07_15_01_26_56 timestamp=000128 cavs=[17, 7]
sgcp_constrained receiver=17 policy=all-cavs sources=[17, 7] clusters=20 ra=selective_edgecooper_global comm_bytes=77104 selected_grids={7: 39}
fusion_method=early pred_boxes=20 gt_boxes=15
pred_scores_shape=(20,)
frame=35/41 receiver_sample=18/20 scenario=2026_07_15_01_26_56 timestamp=000128 cavs=[18]
sgcp_constrained receiver=18 policy=all-cavs sources=[18] clusters=20 ra=selective_edgecooper_global comm_bytes=0 selected_grids={}
fusion_method=early pred_boxes=8 gt_boxes=7
pred_scores_shape=(8,)
frame=35/41 receiver_sample=19/20 scenario=2026_07_15_01_26_56 timestamp=000128 cavs=[19]
sgcp_constrained receiver=19 policy=all-cavs sources=[19] clusters=20 ra=selective_edgecooper_global comm_bytes=0 selected_grids={}
fusion_method=early pred_boxes=11 gt_boxes=16
pred_scores_shape=(11,)
frame=35/41 receiver_sample=20/20 scenario=2026_07_15_01_26_56 timestamp=000128 cavs=[20]
sgcp_constrained receiver=20 policy=all-cavs sources=[20] clusters=20 ra=selective_edgecooper_global comm_bytes=0 selected_grids={}
fusion_method=early pred_boxes=16 gt_boxes=19
pred_scores_shape=(16,)
frame=36/41 receiver_sample=1/20 scenario=2026_07_15_01_26_56 timestamp=000130 cavs=[1, 15]
sgcp_constrained receiver=1 policy=all-cavs sources=[1, 15] clusters=20 ra=selective_edgecooper_global comm_bytes=74720 selected_grids={15: 39}
fusion_method=early pred_boxes=25 gt_boxes=27
pred_scores_shape=(25,)
frame=36/41 receiver_sample=2/20 scenario=2026_07_15_01_26_56 timestamp=000130 cavs=[2]
sgcp_constrained receiver=2 policy=all-cavs sources=[2] clusters=20 ra=selective_edgecooper_global comm_bytes=0 selected_grids={}
fusion_method=early pred_boxes=13 gt_boxes=25
pred_scores_shape=(13,)
frame=36/41 receiver_sample=3/20 scenario=2026_07_15_01_26_56 timestamp=000130 cavs=[3, 18]
sgcp_constrained receiver=3 policy=all-cavs sources=[3, 18] clusters=20 ra=selective_edgecooper_global comm_bytes=76048 selected_grids={18: 39}
fusion_method=early pred_boxes=13 gt_boxes=12
pred_scores_shape=(13,)
frame=36/41 receiver_sample=4/20 scenario=2026_07_15_01_26_56 timestamp=000130 cavs=[4, 12]
sgcp_constrained receiver=4 policy=all-cavs sources=[4, 12] clusters=20 ra=selective_edgecooper_global comm_bytes=76672 selected_grids={12: 39}
fusion_method=early pred_boxes=12 gt_boxes=30
pred_scores_shape=(12,)
frame=36/41 receiver_sample=5/20 scenario=2026_07_15_01_26_56 timestamp=000130 cavs=[5, 19]
sgcp_constrained receiver=5 policy=all-cavs sources=[5, 19] clusters=20 ra=selective_edgecooper_global comm_bytes=76176 selected_grids={19: 39}
fusion_method=early pred_boxes=20 gt_boxes=20
pred_scores_shape=(20,)
frame=36/41 receiver_sample=6/20 scenario=2026_07_15_01_26_56 timestamp=000130 cavs=[6]
sgcp_constrained receiver=6 policy=all-cavs sources=[6] clusters=20 ra=selective_edgecooper_global comm_bytes=0 selected_grids={}
fusion_method=early pred_boxes=10 gt_boxes=16
pred_scores_shape=(10,)
frame=36/41 receiver_sample=7/20 scenario=2026_07_15_01_26_56 timestamp=000130 cavs=[7]
sgcp_constrained receiver=7 policy=all-cavs sources=[7] clusters=20 ra=selective_edgecooper_global comm_bytes=0 selected_grids={}
fusion_method=early pred_boxes=13 gt_boxes=12
pred_scores_shape=(13,)
frame=36/41 receiver_sample=8/20 scenario=2026_07_15_01_26_56 timestamp=000130 cavs=[8]
sgcp_constrained receiver=8 policy=all-cavs sources=[8] clusters=20 ra=selective_edgecooper_global comm_bytes=0 selected_grids={}
fusion_method=early pred_boxes=12 gt_boxes=20
pred_scores_shape=(12,)
frame=36/41 receiver_sample=9/20 scenario=2026_07_15_01_26_56 timestamp=000130 cavs=[9]
sgcp_constrained receiver=9 policy=all-cavs sources=[9] clusters=20 ra=selective_edgecooper_global comm_bytes=0 selected_grids={}
fusion_method=early pred_boxes=13 gt_boxes=17
pred_scores_shape=(13,)
frame=36/41 receiver_sample=10/20 scenario=2026_07_15_01_26_56 timestamp=000130 cavs=[10, 8]
sgcp_constrained receiver=10 policy=all-cavs sources=[10, 8] clusters=20 ra=selective_edgecooper_global comm_bytes=74448 selected_grids={8: 39}
fusion_method=early pred_boxes=21 gt_boxes=31
pred_scores_shape=(21,)
frame=36/41 receiver_sample=11/20 scenario=2026_07_15_01_26_56 timestamp=000130 cavs=[11, 9]
sgcp_constrained receiver=11 policy=all-cavs sources=[11, 9] clusters=20 ra=selective_edgecooper_global comm_bytes=77024 selected_grids={9: 39}
fusion_method=early pred_boxes=28 gt_boxes=31
pred_scores_shape=(28,)
frame=36/41 receiver_sample=12/20 scenario=2026_07_15_01_26_56 timestamp=000130 cavs=[12]
sgcp_constrained receiver=12 policy=all-cavs sources=[12] clusters=20 ra=selective_edgecooper_global comm_bytes=0 selected_grids={}
fusion_method=early pred_boxes=9 gt_boxes=11
pred_scores_shape=(9,)
frame=36/41 receiver_sample=13/20 scenario=2026_07_15_01_26_56 timestamp=000130 cavs=[13]Format = auto
Extension = pcd
Format = auto
Extension = pcd
Format = auto
Extension = pcd
Format = auto
Extension = pcd
Format = auto
Extension = pcd
Format = auto
Extension = pcd
Format = auto
Extension = pcd
Format = auto
Extension = pcd
Format = auto
Extension = pcd
Format = auto
Extension = pcd
Format = auto
Extension = pcd
Format = auto
Extension = pcd
Format = auto
Extension = pcd
Format = auto
Extension = pcd
Format = auto
Extension = pcd
Format = auto
Extension = pcd
Format = auto
Extension = pcd
Format = auto
Extension = pcd
Format = auto
Extension = pcd
Format = auto
Extension = pcd

sgcp_constrained receiver=13 policy=all-cavs sources=[13] clusters=20 ra=selective_edgecooper_global comm_bytes=0 selected_grids={}
fusion_method=early pred_boxes=7 gt_boxes=10
pred_scores_shape=(7,)
frame=36/41 receiver_sample=14/20 scenario=2026_07_15_01_26_56 timestamp=000130 cavs=[14, 13]
sgcp_constrained receiver=14 policy=all-cavs sources=[14, 13] clusters=20 ra=selective_edgecooper_global comm_bytes=74416 selected_grids={13: 54}
fusion_method=early pred_boxes=7 gt_boxes=2
pred_scores_shape=(7,)
frame=36/41 receiver_sample=15/20 scenario=2026_07_15_01_26_56 timestamp=000130 cavs=[15]
sgcp_constrained receiver=15 policy=all-cavs sources=[15] clusters=20 ra=selective_edgecooper_global comm_bytes=0 selected_grids={}
fusion_method=early pred_boxes=14 gt_boxes=12
pred_scores_shape=(14,)
frame=36/41 receiver_sample=16/20 scenario=2026_07_15_01_26_56 timestamp=000130 cavs=[16, 20]
sgcp_constrained receiver=16 policy=all-cavs sources=[16, 20] clusters=20 ra=selective_edgecooper_global comm_bytes=75776 selected_grids={20: 39}
fusion_method=early pred_boxes=22 gt_boxes=30
pred_scores_shape=(22,)
frame=36/41 receiver_sample=17/20 scenario=2026_07_15_01_26_56 timestamp=000130 cavs=[17, 7]
sgcp_constrained receiver=17 policy=all-cavs sources=[17, 7] clusters=20 ra=selective_edgecooper_global comm_bytes=77072 selected_grids={7: 39}
fusion_method=early pred_boxes=21 gt_boxes=15
pred_scores_shape=(21,)
frame=36/41 receiver_sample=18/20 scenario=2026_07_15_01_26_56 timestamp=000130 cavs=[18]
sgcp_constrained receiver=18 policy=all-cavs sources=[18] clusters=20 ra=selective_edgecooper_global comm_bytes=0 selected_grids={}
fusion_method=early pred_boxes=9 gt_boxes=7
pred_scores_shape=(9,)
frame=36/41 receiver_sample=19/20 scenario=2026_07_15_01_26_56 timestamp=000130 cavs=[19]
sgcp_constrained receiver=19 policy=all-cavs sources=[19] clusters=20 ra=selective_edgecooper_global comm_bytes=0 selected_grids={}
fusion_method=early pred_boxes=11 gt_boxes=16
pred_scores_shape=(11,)
frame=36/41 receiver_sample=20/20 scenario=2026_07_15_01_26_56 timestamp=000130 cavs=[20]
sgcp_constrained receiver=20 policy=all-cavs sources=[20] clusters=20 ra=selective_edgecooper_global comm_bytes=0 selected_grids={}
fusion_method=early pred_boxes=17 gt_boxes=19
pred_scores_shape=(17,)
frame=37/41 receiver_sample=1/20 scenario=2026_07_15_01_26_56 timestamp=000132 cavs=[1, 11]
sgcp_constrained receiver=1 policy=all-cavs sources=[1, 11] clusters=20 ra=selective_edgecooper_global comm_bytes=72704 selected_grids={11: 39}
fusion_method=early pred_boxes=20 gt_boxes=29
pred_scores_shape=(20,)
frame=37/41 receiver_sample=2/20 scenario=2026_07_15_01_26_56 timestamp=000132 cavs=[2]
sgcp_constrained receiver=2 policy=all-cavs sources=[2] clusters=20 ra=selective_edgecooper_global comm_bytes=0 selected_grids={}
fusion_method=early pred_boxes=17 gt_boxes=25
pred_scores_shape=(17,)
frame=37/41 receiver_sample=3/20 scenario=2026_07_15_01_26_56 timestamp=000132 cavs=[3, 18]
sgcp_constrained receiver=3 policy=all-cavs sources=[3, 18] clusters=20 ra=selective_edgecooper_global comm_bytes=75664 selected_grids={18: 39}
fusion_method=early pred_boxes=14 gt_boxes=11
pred_scores_shape=(14,)
frame=37/41 receiver_sample=4/20 scenario=2026_07_15_01_26_56 timestamp=000132 cavs=[4, 12]
sgcp_constrained receiver=4 policy=all-cavs sources=[4, 12] clusters=20 ra=selective_edgecooper_global comm_bytes=76672 selected_grids={12: 39}
fusion_method=early pred_boxes=10 gt_boxes=30
pred_scores_shape=(10,)
frame=37/41 receiver_sample=5/20 scenario=2026_07_15_01_26_56 timestamp=000132 cavs=[5]
sgcp_constrained receiver=5 policy=all-cavs sources=[5] clusters=20 ra=selective_edgecooper_global comm_bytes=0 selected_grids={}
fusion_method=early pred_boxes=19 gt_boxes=13
pred_scores_shape=(19,)
frame=37/41 receiver_sample=6/20 scenario=2026_07_15_01_26_56 timestamp=000132 cavs=[6, 15]
sgcp_constrained receiver=6 policy=all-cavs sources=[6, 15] clusters=20 ra=selective_edgecooper_global comm_bytes=76736 selected_grids={15: 49}
fusion_method=early pred_boxes=15 gt_boxes=22
pred_scores_shape=(15,)
frame=37/41 receiver_sample=7/20 scenario=2026_07_15_01_26_56 timestamp=000132 cavs=[7]
sgcp_constrained receiver=7 policy=all-cavs sources=[7] clusters=20 ra=selective_edgecooper_global comm_bytes=0 selected_grids={}
fusion_method=early pred_boxes=13 gt_boxes=12
pred_scores_shape=(13,)
frame=37/41 receiver_sample=8/20 scenario=2026_07_15_01_26_56 timestamp=000132 cavs=[8]
sgcp_constrained receiver=8 policy=all-cavs sources=[8] clusters=20 ra=selective_edgecooper_global comm_bytes=0 selected_grids={}
fusion_method=early pred_boxes=12 gt_boxes=21
pred_scores_shape=(12,)
frame=37/41 receiver_sample=9/20 scenario=2026_07_15_01_26_56 timestamp=000132 cavs=[9, 5]
sgcp_constrained receiver=9 policy=all-cavs sources=[9, 5] clusters=20 ra=selective_edgecooper_global comm_bytes=75792 selected_grids={5: 39}
fusion_method=early pred_boxes=18 gt_boxes=20
pred_scores_shape=(18,)
frame=37/41 receiver_sample=10/20 scenario=2026_07_15_01_26_56 timestamp=000132 cavs=[10, 8]
sgcp_constrained receiver=10 policy=all-cavs sources=[10, 8] clusters=20 ra=selective_edgecooper_global comm_bytes=74448 selected_grids={8: 39}
fusion_method=early pred_boxes=21 gt_boxes=31
pred_scores_shape=(21,)
frame=37/41 receiver_sample=11/20 scenario=2026_07_15_01_26_56 timestamp=000132 cavs=[11]
sgcp_constrained receiver=11 policy=all-cavs sources=[11] clusters=20 ra=selective_edgecooper_global comm_bytes=0 selected_grids={}
fusion_method=early pred_boxes=18 gt_boxes=20
pred_scores_shape=(18,)
frame=37/41 receiver_sample=12/20 scenario=2026_07_15_01_26_56 timestamp=000132 cavs=[12]
sgcp_constrained receiver=12 policy=all-cavs sources=[12] clusters=20 ra=selective_edgecooper_global comm_bytes=0 selected_grids={}
fusion_method=early pred_boxes=7 gt_boxes=10
pred_scores_shape=(7,)
frame=37/41 receiver_sample=13/20 scenario=2026_07_15_01_26_56 timestamp=000132 cavs=[13, 19]
sgcp_constrained receiver=13 policy=all-cavs sources=[13, 19] clusters=20 ra=selective_edgecooper_global comm_bytes=72976 selected_grids={19: 39}
fusion_method=early pred_boxes=14 gt_boxes=26
pred_scores_shape=(14,)
frame=37/41 receiver_sample=14/20 scenario=2026_07_15_01_26_56 timestamp=000132 cavs=[14]
sgcp_constrained receiver=14 policy=all-cavs sources=[14] clusters=20 ra=selective_edgecooper_global comm_bytes=0 selected_grids={}
fusion_method=early pred_boxes=5 gt_boxes=1
pred_scores_shape=(5,)
frame=37/41 receiver_sample=15/20 scenario=2026_07_15_01_26_56 timestamp=000132 cavs=[15]
sgcp_constrained receiver=15 policy=all-cavs sources=[15] clusters=20 ra=selective_edgecooper_global comm_bytes=0 selected_grids={}
fusion_method=early pred_boxes=13 gt_boxes=12
pred_scores_shape=(13,)
frame=37/41 receiver_sample=16/20 scenario=2026_07_15_01_26_56 timestamp=000132 cavs=[16, 20]
sgcp_constrained receiver=16 policy=all-cavs sources=[16, 20] clusters=20 ra=selective_edgecooper_global comm_bytes=76400 selected_grids={20: 39}
fusion_method=early pred_boxes=23 gt_boxes=30
pred_scores_shape=(23,)
frame=37/41 receiver_sample=17/20 scenario=2026_07_15_01_26_56 timestamp=000132 cavs=[17, 7]
sgcp_constrained receiver=17 policy=all-cavs sources=[17, 7] clusters=20 ra=selective_edgecooper_global comm_bytes=77104 selected_grids={7: 39}
fusion_method=early pred_boxes=21 gt_boxes=15
pred_scores_shape=(21,)
frame=37/41 receiver_sample=18/20 scenario=2026_07_15_01_26_56 timestamp=000132 cavs=[18]
sgcp_constrained receiver=18 policy=all-cavs sources=[18] clusters=20 ra=selective_edgecooper_global comm_bytes=0 selected_grids={}
fusion_method=early pred_boxes=8 gt_boxes=7
pred_scores_shape=(8,)
frame=37/41 receiver_sample=19/20 scenario=2026_07_15_01_26_56 timestamp=000132 cavs=[19]
sgcp_constrained receiver=19 policy=all-cavs sources=[19] clusters=20 ra=selective_edgecooper_global comm_bytes=0 selected_grids={}
fusion_method=early pred_boxes=11 gt_boxes=16
pred_scores_shape=(11,)
frame=37/41 receiver_sample=20/20 scenario=2026_07_15_01_26_56 timestamp=000132 cavs=[20]
sgcp_constrained receiver=20 policy=all-cavs sources=[20] clusters=20 ra=selective_edgecooper_global comm_bytes=0 selected_grids={}Format = auto
Extension = pcd
Format = auto
Extension = pcd
Format = auto
Extension = pcd
Format = auto
Extension = pcd
Format = auto
Extension = pcd
Format = auto
Extension = pcd
Format = auto
Extension = pcd
Format = auto
Extension = pcd
Format = auto
Extension = pcd
Format = auto
Extension = pcd
Format = auto
Extension = pcd
Format = auto
Extension = pcd
Format = auto
Extension = pcd
Format = auto
Extension = pcd
Format = auto
Extension = pcd
Format = auto
Extension = pcd
Format = auto
Extension = pcd
Format = auto
Extension = pcd
Format = auto
Extension = pcd
Format = auto
Extension = pcd
Format = auto
Extension = pcd
Format = auto
Extension = pcd
Format = auto
Extension = pcd
Format = auto
Extension = pcd
Format = auto
Extension = pcd
Format = auto
Extension = pcd
Format = auto
Extension = pcd
Format = auto
Extension = pcd
Format = auto
Extension = pcd
Format = auto
Extension = pcd
Format = auto
Extension = pcd
Format = auto
Extension = pcd
Format = auto
Extension = pcd
Format = auto
Extension = pcd
Format = auto
Extension = pcd
Format = auto
Extension = pcd
Format = auto
Extension = pcd
Format = auto
Extension = pcd
Format = auto
Extension = pcd
Format = auto
Extension = pcd

fusion_method=early pred_boxes=16 gt_boxes=19
pred_scores_shape=(16,)
frame=38/41 receiver_sample=1/20 scenario=2026_07_15_01_26_56 timestamp=000134 cavs=[1, 11]
sgcp_constrained receiver=1 policy=all-cavs sources=[1, 11] clusters=20 ra=selective_edgecooper_global comm_bytes=72832 selected_grids={11: 39}
fusion_method=early pred_boxes=21 gt_boxes=29
pred_scores_shape=(21,)
frame=38/41 receiver_sample=2/20 scenario=2026_07_15_01_26_56 timestamp=000134 cavs=[2]
sgcp_constrained receiver=2 policy=all-cavs sources=[2] clusters=20 ra=selective_edgecooper_global comm_bytes=0 selected_grids={}
fusion_method=early pred_boxes=17 gt_boxes=25
pred_scores_shape=(17,)
frame=38/41 receiver_sample=3/20 scenario=2026_07_15_01_26_56 timestamp=000134 cavs=[3, 18]
sgcp_constrained receiver=3 policy=all-cavs sources=[3, 18] clusters=20 ra=selective_edgecooper_global comm_bytes=75504 selected_grids={18: 39}
fusion_method=early pred_boxes=12 gt_boxes=11
pred_scores_shape=(12,)
frame=38/41 receiver_sample=4/20 scenario=2026_07_15_01_26_56 timestamp=000134 cavs=[4, 12]
sgcp_constrained receiver=4 policy=all-cavs sources=[4, 12] clusters=20 ra=selective_edgecooper_global comm_bytes=76880 selected_grids={12: 39}
fusion_method=early pred_boxes=11 gt_boxes=30
pred_scores_shape=(11,)
frame=38/41 receiver_sample=5/20 scenario=2026_07_15_01_26_56 timestamp=000134 cavs=[5]
sgcp_constrained receiver=5 policy=all-cavs sources=[5] clusters=20 ra=selective_edgecooper_global comm_bytes=0 selected_grids={}
fusion_method=early pred_boxes=15 gt_boxes=16
pred_scores_shape=(15,)
frame=38/41 receiver_sample=6/20 scenario=2026_07_15_01_26_56 timestamp=000134 cavs=[6, 15]
sgcp_constrained receiver=6 policy=all-cavs sources=[6, 15] clusters=20 ra=selective_edgecooper_global comm_bytes=76384 selected_grids={15: 50}
fusion_method=early pred_boxes=16 gt_boxes=25
pred_scores_shape=(16,)
frame=38/41 receiver_sample=7/20 scenario=2026_07_15_01_26_56 timestamp=000134 cavs=[7]
sgcp_constrained receiver=7 policy=all-cavs sources=[7] clusters=20 ra=selective_edgecooper_global comm_bytes=0 selected_grids={}
fusion_method=early pred_boxes=13 gt_boxes=13
pred_scores_shape=(13,)
frame=38/41 receiver_sample=8/20 scenario=2026_07_15_01_26_56 timestamp=000134 cavs=[8]
sgcp_constrained receiver=8 policy=all-cavs sources=[8] clusters=20 ra=selective_edgecooper_global comm_bytes=0 selected_grids={}
fusion_method=early pred_boxes=13 gt_boxes=21
pred_scores_shape=(13,)
frame=38/41 receiver_sample=9/20 scenario=2026_07_15_01_26_56 timestamp=000134 cavs=[9, 5]
sgcp_constrained receiver=9 policy=all-cavs sources=[9, 5] clusters=20 ra=selective_edgecooper_global comm_bytes=75616 selected_grids={5: 39}
fusion_method=early pred_boxes=17 gt_boxes=21
pred_scores_shape=(17,)
frame=38/41 receiver_sample=10/20 scenario=2026_07_15_01_26_56 timestamp=000134 cavs=[10, 8]
sgcp_constrained receiver=10 policy=all-cavs sources=[10, 8] clusters=20 ra=selective_edgecooper_global comm_bytes=74480 selected_grids={8: 39}
fusion_method=early pred_boxes=21 gt_boxes=30
pred_scores_shape=(21,)
frame=38/41 receiver_sample=11/20 scenario=2026_07_15_01_26_56 timestamp=000134 cavs=[11]
sgcp_constrained receiver=11 policy=all-cavs sources=[11] clusters=20 ra=selective_edgecooper_global comm_bytes=0 selected_grids={}
fusion_method=early pred_boxes=17 gt_boxes=20
pred_scores_shape=(17,)
frame=38/41 receiver_sample=12/20 scenario=2026_07_15_01_26_56 timestamp=000134 cavs=[12]
sgcp_constrained receiver=12 policy=all-cavs sources=[12] clusters=20 ra=selective_edgecooper_global comm_bytes=0 selected_grids={}
fusion_method=early pred_boxes=7 gt_boxes=11
pred_scores_shape=(7,)
frame=38/41 receiver_sample=13/20 scenario=2026_07_15_01_26_56 timestamp=000134 cavs=[13, 19]
sgcp_constrained receiver=13 policy=all-cavs sources=[13, 19] clusters=20 ra=selective_edgecooper_global comm_bytes=72896 selected_grids={19: 39}
fusion_method=early pred_boxes=14 gt_boxes=26
pred_scores_shape=(14,)
frame=38/41 receiver_sample=14/20 scenario=2026_07_15_01_26_56 timestamp=000134 cavs=[14]
sgcp_constrained receiver=14 policy=all-cavs sources=[14] clusters=20 ra=selective_edgecooper_global comm_bytes=0 selected_grids={}
fusion_method=early pred_boxes=4 gt_boxes=1
pred_scores_shape=(4,)
frame=38/41 receiver_sample=15/20 scenario=2026_07_15_01_26_56 timestamp=000134 cavs=[15]
sgcp_constrained receiver=15 policy=all-cavs sources=[15] clusters=20 ra=selective_edgecooper_global comm_bytes=0 selected_grids={}
fusion_method=early pred_boxes=14 gt_boxes=15
pred_scores_shape=(14,)
frame=38/41 receiver_sample=16/20 scenario=2026_07_15_01_26_56 timestamp=000134 cavs=[16, 20]
sgcp_constrained receiver=16 policy=all-cavs sources=[16, 20] clusters=20 ra=selective_edgecooper_global comm_bytes=76384 selected_grids={20: 39}
fusion_method=early pred_boxes=24 gt_boxes=30
pred_scores_shape=(24,)
frame=38/41 receiver_sample=17/20 scenario=2026_07_15_01_26_56 timestamp=000134 cavs=[17, 7]
sgcp_constrained receiver=17 policy=all-cavs sources=[17, 7] clusters=20 ra=selective_edgecooper_global comm_bytes=77056 selected_grids={7: 39}
fusion_method=early pred_boxes=20 gt_boxes=16
pred_scores_shape=(20,)
frame=38/41 receiver_sample=18/20 scenario=2026_07_15_01_26_56 timestamp=000134 cavs=[18]
sgcp_constrained receiver=18 policy=all-cavs sources=[18] clusters=20 ra=selective_edgecooper_global comm_bytes=0 selected_grids={}
fusion_method=early pred_boxes=9 gt_boxes=7
pred_scores_shape=(9,)
frame=38/41 receiver_sample=19/20 scenario=2026_07_15_01_26_56 timestamp=000134 cavs=[19]
sgcp_constrained receiver=19 policy=all-cavs sources=[19] clusters=20 ra=selective_edgecooper_global comm_bytes=0 selected_grids={}
fusion_method=early pred_boxes=10 gt_boxes=16
pred_scores_shape=(10,)
frame=38/41 receiver_sample=20/20 scenario=2026_07_15_01_26_56 timestamp=000134 cavs=[20]
sgcp_constrained receiver=20 policy=all-cavs sources=[20] clusters=20 ra=selective_edgecooper_global comm_bytes=0 selected_grids={}
fusion_method=early pred_boxes=17 gt_boxes=19
pred_scores_shape=(17,)
frame=39/41 receiver_sample=1/20 scenario=2026_07_15_01_26_56 timestamp=000136 cavs=[1, 11]
sgcp_constrained receiver=1 policy=all-cavs sources=[1, 11] clusters=20 ra=selective_edgecooper_global comm_bytes=72736 selected_grids={11: 39}
fusion_method=early pred_boxes=21 gt_boxes=30
pred_scores_shape=(21,)
frame=39/41 receiver_sample=2/20 scenario=2026_07_15_01_26_56 timestamp=000136 cavs=[2]
sgcp_constrained receiver=2 policy=all-cavs sources=[2] clusters=20 ra=selective_edgecooper_global comm_bytes=0 selected_grids={}
fusion_method=early pred_boxes=15 gt_boxes=25
pred_scores_shape=(15,)
frame=39/41 receiver_sample=3/20 scenario=2026_07_15_01_26_56 timestamp=000136 cavs=[3, 18]
sgcp_constrained receiver=3 policy=all-cavs sources=[3, 18] clusters=20 ra=selective_edgecooper_global comm_bytes=75200 selected_grids={18: 39}
fusion_method=early pred_boxes=13 gt_boxes=12
pred_scores_shape=(13,)
frame=39/41 receiver_sample=4/20 scenario=2026_07_15_01_26_56 timestamp=000136 cavs=[4, 12]
sgcp_constrained receiver=4 policy=all-cavs sources=[4, 12] clusters=20 ra=selective_edgecooper_global comm_bytes=77232 selected_grids={12: 39}
fusion_method=early pred_boxes=11 gt_boxes=30
pred_scores_shape=(11,)
frame=39/41 receiver_sample=5/20 scenario=2026_07_15_01_26_56 timestamp=000136 cavs=[5]
sgcp_constrained receiver=5 policy=all-cavs sources=[5] clusters=20 ra=selective_edgecooper_global comm_bytes=0 selected_grids={}
fusion_method=early pred_boxes=10 gt_boxes=16
pred_scores_shape=(10,)
frame=39/41 receiver_sample=6/20 scenario=2026_07_15_01_26_56 timestamp=000136 cavs=[6, 15]
sgcp_constrained receiver=6 policy=all-cavs sources=[6, 15] clusters=20 ra=selective_edgecooper_global comm_bytes=76464 selected_grids={15: 49}
fusion_method=early pred_boxes=16 gt_boxes=25
pred_scores_shape=(16,)
frame=39/41 receiver_sample=7/20 scenario=2026_07_15_01_26_56 timestamp=000136 cavs=[7]
sgcp_constrained receiver=7 policy=all-cavs sources=[7] clusters=20 ra=selective_edgecooper_global comm_bytes=0 selected_grids={}
fusion_method=early pred_boxes=13 gt_boxes=14
Format = auto
Extension = pcd
Format = auto
Extension = pcd
Format = auto
Extension = pcd
Format = auto
Extension = pcd
Format = auto
Extension = pcd
Format = auto
Extension = pcd
Format = auto
Extension = pcd
Format = auto
Extension = pcd
Format = auto
Extension = pcd
Format = auto
Extension = pcd
Format = auto
Extension = pcd
Format = auto
Extension = pcd
Format = auto
Extension = pcd
Format = auto
Extension = pcd
Format = auto
Extension = pcd
Format = auto
Extension = pcd
Format = auto
Extension = pcd
Format = auto
Extension = pcd
Format = auto
Extension = pcd
Format = auto
Extension = pcd
pred_scores_shape=(13,)
frame=39/41 receiver_sample=8/20 scenario=2026_07_15_01_26_56 timestamp=000136 cavs=[8]
sgcp_constrained receiver=8 policy=all-cavs sources=[8] clusters=20 ra=selective_edgecooper_global comm_bytes=0 selected_grids={}
fusion_method=early pred_boxes=13 gt_boxes=21
pred_scores_shape=(13,)
frame=39/41 receiver_sample=9/20 scenario=2026_07_15_01_26_56 timestamp=000136 cavs=[9, 5]
sgcp_constrained receiver=9 policy=all-cavs sources=[9, 5] clusters=20 ra=selective_edgecooper_global comm_bytes=75888 selected_grids={5: 39}
fusion_method=early pred_boxes=17 gt_boxes=21
pred_scores_shape=(17,)
frame=39/41 receiver_sample=10/20 scenario=2026_07_15_01_26_56 timestamp=000136 cavs=[10, 8]
sgcp_constrained receiver=10 policy=all-cavs sources=[10, 8] clusters=20 ra=selective_edgecooper_global comm_bytes=74512 selected_grids={8: 39}
fusion_method=early pred_boxes=22 gt_boxes=30
pred_scores_shape=(22,)
frame=39/41 receiver_sample=11/20 scenario=2026_07_15_01_26_56 timestamp=000136 cavs=[11]
sgcp_constrained receiver=11 policy=all-cavs sources=[11] clusters=20 ra=selective_edgecooper_global comm_bytes=0 selected_grids={}
fusion_method=early pred_boxes=15 gt_boxes=20
pred_scores_shape=(15,)
frame=39/41 receiver_sample=12/20 scenario=2026_07_15_01_26_56 timestamp=000136 cavs=[12]
sgcp_constrained receiver=12 policy=all-cavs sources=[12] clusters=20 ra=selective_edgecooper_global comm_bytes=0 selected_grids={}
fusion_method=early pred_boxes=8 gt_boxes=10
pred_scores_shape=(8,)
frame=39/41 receiver_sample=13/20 scenario=2026_07_15_01_26_56 timestamp=000136 cavs=[13, 19]
sgcp_constrained receiver=13 policy=all-cavs sources=[13, 19] clusters=20 ra=selective_edgecooper_global comm_bytes=73136 selected_grids={19: 39}
fusion_method=early pred_boxes=12 gt_boxes=25
pred_scores_shape=(12,)
frame=39/41 receiver_sample=14/20 scenario=2026_07_15_01_26_56 timestamp=000136 cavs=[14]
sgcp_constrained receiver=14 policy=all-cavs sources=[14] clusters=20 ra=selective_edgecooper_global comm_bytes=0 selected_grids={}
fusion_method=early pred_boxes=3 gt_boxes=2
pred_scores_shape=(3,)
frame=39/41 receiver_sample=15/20 scenario=2026_07_15_01_26_56 timestamp=000136 cavs=[15]
sgcp_constrained receiver=15 policy=all-cavs sources=[15] clusters=20 ra=selective_edgecooper_global comm_bytes=0 selected_grids={}
fusion_method=early pred_boxes=14 gt_boxes=15
pred_scores_shape=(14,)
frame=39/41 receiver_sample=16/20 scenario=2026_07_15_01_26_56 timestamp=000136 cavs=[16, 20]
sgcp_constrained receiver=16 policy=all-cavs sources=[16, 20] clusters=20 ra=selective_edgecooper_global comm_bytes=76320 selected_grids={20: 39}
fusion_method=early pred_boxes=25 gt_boxes=30
pred_scores_shape=(25,)
frame=39/41 receiver_sample=17/20 scenario=2026_07_15_01_26_56 timestamp=000136 cavs=[17, 7]
sgcp_constrained receiver=17 policy=all-cavs sources=[17, 7] clusters=20 ra=selective_edgecooper_global comm_bytes=77056 selected_grids={7: 39}
fusion_method=early pred_boxes=18 gt_boxes=16
pred_scores_shape=(18,)
frame=39/41 receiver_sample=18/20 scenario=2026_07_15_01_26_56 timestamp=000136 cavs=[18]
sgcp_constrained receiver=18 policy=all-cavs sources=[18] clusters=20 ra=selective_edgecooper_global comm_bytes=0 selected_grids={}
fusion_method=early pred_boxes=9 gt_boxes=7
pred_scores_shape=(9,)
frame=39/41 receiver_sample=19/20 scenario=2026_07_15_01_26_56 timestamp=000136 cavs=[19]
sgcp_constrained receiver=19 policy=all-cavs sources=[19] clusters=20 ra=selective_edgecooper_global comm_bytes=0 selected_grids={}
fusion_method=early pred_boxes=11 gt_boxes=15
pred_scores_shape=(11,)
frame=39/41 receiver_sample=20/20 scenario=2026_07_15_01_26_56 timestamp=000136 cavs=[20]
sgcp_constrained receiver=20 policy=all-cavs sources=[20] clusters=20 ra=selective_edgecooper_global comm_bytes=0 selected_grids={}
fusion_method=early pred_boxes=18 gt_boxes=19
pred_scores_shape=(18,)
frame=40/41 receiver_sample=1/20 scenario=2026_07_15_01_26_56 timestamp=000138 cavs=[1, 11]
sgcp_constrained receiver=1 policy=all-cavs sources=[1, 11] clusters=20 ra=selective_edgecooper_global comm_bytes=72880 selected_grids={11: 39}
fusion_method=early pred_boxes=21 gt_boxes=30
pred_scores_shape=(21,)
frame=40/41 receiver_sample=2/20 scenario=2026_07_15_01_26_56 timestamp=000138 cavs=[2]
sgcp_constrained receiver=2 policy=all-cavs sources=[2] clusters=20 ra=selective_edgecooper_global comm_bytes=0 selected_grids={}
fusion_method=early pred_boxes=15 gt_boxes=24
pred_scores_shape=(15,)
frame=40/41 receiver_sample=3/20 scenario=2026_07_15_01_26_56 timestamp=000138 cavs=[3, 18]
sgcp_constrained receiver=3 policy=all-cavs sources=[3, 18] clusters=20 ra=selective_edgecooper_global comm_bytes=75440 selected_grids={18: 39}
fusion_method=early pred_boxes=12 gt_boxes=12
pred_scores_shape=(12,)
frame=40/41 receiver_sample=4/20 scenario=2026_07_15_01_26_56 timestamp=000138 cavs=[4, 12]
sgcp_constrained receiver=4 policy=all-cavs sources=[4, 12] clusters=20 ra=selective_edgecooper_global comm_bytes=76992 selected_grids={12: 39}
fusion_method=early pred_boxes=13 gt_boxes=30
pred_scores_shape=(13,)
frame=40/41 receiver_sample=5/20 scenario=2026_07_15_01_26_56 timestamp=000138 cavs=[5]
sgcp_constrained receiver=5 policy=all-cavs sources=[5] clusters=20 ra=selective_edgecooper_global comm_bytes=0 selected_grids={}
fusion_method=early pred_boxes=16 gt_boxes=14
pred_scores_shape=(16,)
frame=40/41 receiver_sample=6/20 scenario=2026_07_15_01_26_56 timestamp=000138 cavs=[6, 15]
sgcp_constrained receiver=6 policy=all-cavs sources=[6, 15] clusters=20 ra=selective_edgecooper_global comm_bytes=76528 selected_grids={15: 50}
fusion_method=early pred_boxes=17 gt_boxes=26
pred_scores_shape=(17,)
frame=40/41 receiver_sample=7/20 scenario=2026_07_15_01_26_56 timestamp=000138 cavs=[7]
sgcp_constrained receiver=7 policy=all-cavs sources=[7] clusters=20 ra=selective_edgecooper_global comm_bytes=0 selected_grids={}
fusion_method=early pred_boxes=13 gt_boxes=14
pred_scores_shape=(13,)
frame=40/41 receiver_sample=8/20 scenario=2026_07_15_01_26_56 timestamp=000138 cavs=[8]
sgcp_constrained receiver=8 policy=all-cavs sources=[8] clusters=20 ra=selective_edgecooper_global comm_bytes=0 selected_grids={}
fusion_method=early pred_boxes=12 gt_boxes=21
pred_scores_shape=(12,)
frame=40/41 receiver_sample=9/20 scenario=2026_07_15_01_26_56 timestamp=000138 cavs=[9, 5]
sgcp_constrained receiver=9 policy=all-cavs sources=[9, 5] clusters=20 ra=selective_edgecooper_global comm_bytes=75952 selected_grids={5: 39}
fusion_method=early pred_boxes=17 gt_boxes=20
pred_scores_shape=(17,)
frame=40/41 receiver_sample=10/20 scenario=2026_07_15_01_26_56 timestamp=000138 cavs=[10, 8]
sgcp_constrained receiver=10 policy=all-cavs sources=[10, 8] clusters=20 ra=selective_edgecooper_global comm_bytes=74464 selected_grids={8: 39}
fusion_method=early pred_boxes=21 gt_boxes=30
pred_scores_shape=(21,)
frame=40/41 receiver_sample=11/20 scenario=2026_07_15_01_26_56 timestamp=000138 cavs=[11]
sgcp_constrained receiver=11 policy=all-cavs sources=[11] clusters=20 ra=selective_edgecooper_global comm_bytes=0 selected_grids={}
fusion_method=early pred_boxes=16 gt_boxes=19
pred_scores_shape=(16,)
frame=40/41 receiver_sample=12/20 scenario=2026_07_15_01_26_56 timestamp=000138 cavs=[12]
sgcp_constrained receiver=12 policy=all-cavs sources=[12] clusters=20 ra=selective_edgecooper_global comm_bytes=0 selected_grids={}
fusion_method=early pred_boxes=12 gt_boxes=10
pred_scores_shape=(12,)
frame=40/41 receiver_sample=13/20 scenario=2026_07_15_01_26_56 timestamp=000138 cavs=[13, 19]
sgcp_constrained receiver=13 policy=all-cavs sources=[13, 19] clusters=20 ra=selective_edgecooper_global comm_bytes=73088 selected_grids={19: 39}
fusion_method=early pred_boxes=14 gt_boxes=26
pred_scores_shape=(14,)
frame=40/41 receiver_sample=14/20 scenario=2026_07_15_01_26_56 timestamp=000138 cavs=[14]
sgcp_constrained receiver=14 policy=all-cavs sources=[14] clusters=20 ra=selective_edgecooper_global comm_bytes=0 selected_grids={}
fusion_method=early pred_boxes=3 gt_boxes=2
pred_scores_shape=(3,)
frame=40/41 receiver_sample=15/20 scenario=2026_07_15_01_26_56 timestamp=000138 cavs=[15]Format = auto
Extension = pcd
Format = auto
Extension = pcd
Format = auto
Extension = pcd
Format = auto
Extension = pcd
Format = auto
Extension = pcd
Format = auto
Extension = pcd
Format = auto
Extension = pcd
Format = auto
Extension = pcd
Format = auto
Extension = pcd
Format = auto
Extension = pcd
Format = auto
Extension = pcd
Format = auto
Extension = pcd
Format = auto
Extension = pcd
Format = auto
Extension = pcd
Format = auto
Extension = pcd
Format = auto
Extension = pcd
Format = auto
Extension = pcd
Format = auto
Extension = pcd
Format = auto
Extension = pcd
Format = auto
Extension = pcd
conda.exe : C:\Users\sakakibara\miniconda3\envs\opencda\lib\site-packages\torch\nn\functional.py:1806: UserWarning: nn.
functional.sigmoid is deprecated. Use torch.sigmoid instead.
At C:\Users\sakakibara\miniconda3\shell\condabin\Conda.psm1:194 char:17
+ ...             & $Env:CONDA_EXE $Env:_CE_M $Env:_CE_CONDA $Command @Othe ...
+                 ~~~~~~~~~~~~~~~~~~~~~~~~~~~~~~~~~~~~~~~~~~~~~~~~~~~~~~~~~
    + CategoryInfo          : NotSpecified: (C:\Users\sakaki...igmoid instead.:String) [], RemoteException
    + FullyQualifiedErrorId : NativeCommandError
 
  warnings.warn("nn.functional.sigmoid is deprecated. Use torch.sigmoid instead.")

sgcp_constrained receiver=15 policy=all-cavs sources=[15] clusters=20 ra=selective_edgecooper_global comm_bytes=0 selected_grids={}
fusion_method=early pred_boxes=14 gt_boxes=15
pred_scores_shape=(14,)
frame=40/41 receiver_sample=16/20 scenario=2026_07_15_01_26_56 timestamp=000138 cavs=[16, 20]
sgcp_constrained receiver=16 policy=all-cavs sources=[16, 20] clusters=20 ra=selective_edgecooper_global comm_bytes=76288 selected_grids={20: 39}
fusion_method=early pred_boxes=28 gt_boxes=30
pred_scores_shape=(28,)
frame=40/41 receiver_sample=17/20 scenario=2026_07_15_01_26_56 timestamp=000138 cavs=[17, 7]
sgcp_constrained receiver=17 policy=all-cavs sources=[17, 7] clusters=20 ra=selective_edgecooper_global comm_bytes=77120 selected_grids={7: 39}
fusion_method=early pred_boxes=20 gt_boxes=16
pred_scores_shape=(20,)
frame=40/41 receiver_sample=18/20 scenario=2026_07_15_01_26_56 timestamp=000138 cavs=[18]
sgcp_constrained receiver=18 policy=all-cavs sources=[18] clusters=20 ra=selective_edgecooper_global comm_bytes=0 selected_grids={}
fusion_method=early pred_boxes=8 gt_boxes=7
pred_scores_shape=(8,)
frame=40/41 receiver_sample=19/20 scenario=2026_07_15_01_26_56 timestamp=000138 cavs=[19]
sgcp_constrained receiver=19 policy=all-cavs sources=[19] clusters=20 ra=selective_edgecooper_global comm_bytes=0 selected_grids={}
fusion_method=early pred_boxes=10 gt_boxes=16
pred_scores_shape=(10,)
frame=40/41 receiver_sample=20/20 scenario=2026_07_15_01_26_56 timestamp=000138 cavs=[20]
sgcp_constrained receiver=20 policy=all-cavs sources=[20] clusters=20 ra=selective_edgecooper_global comm_bytes=0 selected_grids={}
fusion_method=early pred_boxes=16 gt_boxes=19
pred_scores_shape=(16,)
frame=41/41 receiver_sample=1/20 scenario=2026_07_15_01_26_56 timestamp=000140 cavs=[1, 15]
sgcp_constrained receiver=1 policy=all-cavs sources=[1, 15] clusters=20 ra=selective_edgecooper_global comm_bytes=74368 selected_grids={15: 39}
fusion_method=early pred_boxes=23 gt_boxes=30
pred_scores_shape=(23,)
frame=41/41 receiver_sample=2/20 scenario=2026_07_15_01_26_56 timestamp=000140 cavs=[2, 11]
sgcp_constrained receiver=2 policy=all-cavs sources=[2, 11] clusters=20 ra=selective_edgecooper_global comm_bytes=44160 selected_grids={11: 39}
fusion_method=early pred_boxes=17 gt_boxes=36
pred_scores_shape=(17,)
frame=41/41 receiver_sample=3/20 scenario=2026_07_15_01_26_56 timestamp=000140 cavs=[3, 18]
sgcp_constrained receiver=3 policy=all-cavs sources=[3, 18] clusters=20 ra=selective_edgecooper_global comm_bytes=75552 selected_grids={18: 39}
fusion_method=early pred_boxes=11 gt_boxes=11
pred_scores_shape=(11,)
frame=41/41 receiver_sample=4/20 scenario=2026_07_15_01_26_56 timestamp=000140 cavs=[4, 12]
sgcp_constrained receiver=4 policy=all-cavs sources=[4, 12] clusters=20 ra=selective_edgecooper_global comm_bytes=77392 selected_grids={12: 39}
fusion_method=early pred_boxes=11 gt_boxes=30
pred_scores_shape=(11,)
frame=41/41 receiver_sample=5/20 scenario=2026_07_15_01_26_56 timestamp=000140 cavs=[5]
sgcp_constrained receiver=5 policy=all-cavs sources=[5] clusters=20 ra=selective_edgecooper_global comm_bytes=0 selected_grids={}
fusion_method=early pred_boxes=10 gt_boxes=14
pred_scores_shape=(10,)
frame=41/41 receiver_sample=6/20 scenario=2026_07_15_01_26_56 timestamp=000140 cavs=[6]
sgcp_constrained receiver=6 policy=all-cavs sources=[6] clusters=20 ra=selective_edgecooper_global comm_bytes=0 selected_grids={}
fusion_method=early pred_boxes=10 gt_boxes=15
pred_scores_shape=(10,)
frame=41/41 receiver_sample=7/20 scenario=2026_07_15_01_26_56 timestamp=000140 cavs=[7]
sgcp_constrained receiver=7 policy=all-cavs sources=[7] clusters=20 ra=selective_edgecooper_global comm_bytes=0 selected_grids={}
fusion_method=early pred_boxes=13 gt_boxes=13
pred_scores_shape=(13,)
frame=41/41 receiver_sample=8/20 scenario=2026_07_15_01_26_56 timestamp=000140 cavs=[8]
sgcp_constrained receiver=8 policy=all-cavs sources=[8] clusters=20 ra=selective_edgecooper_global comm_bytes=0 selected_grids={}
fusion_method=early pred_boxes=11 gt_boxes=22
pred_scores_shape=(11,)
frame=41/41 receiver_sample=9/20 scenario=2026_07_15_01_26_56 timestamp=000140 cavs=[9, 5]
sgcp_constrained receiver=9 policy=all-cavs sources=[9, 5] clusters=20 ra=selective_edgecooper_global comm_bytes=76448 selected_grids={5: 39}
fusion_method=early pred_boxes=19 gt_boxes=21
pred_scores_shape=(19,)
frame=41/41 receiver_sample=10/20 scenario=2026_07_15_01_26_56 timestamp=000140 cavs=[10, 8]
sgcp_constrained receiver=10 policy=all-cavs sources=[10, 8] clusters=20 ra=selective_edgecooper_global comm_bytes=74480 selected_grids={8: 39}
fusion_method=early pred_boxes=23 gt_boxes=30
pred_scores_shape=(23,)
frame=41/41 receiver_sample=11/20 scenario=2026_07_15_01_26_56 timestamp=000140 cavs=[11]
sgcp_constrained receiver=11 policy=all-cavs sources=[11] clusters=20 ra=selective_edgecooper_global comm_bytes=0 selected_grids={}
fusion_method=early pred_boxes=17 gt_boxes=19
pred_scores_shape=(17,)
frame=41/41 receiver_sample=12/20 scenario=2026_07_15_01_26_56 timestamp=000140 cavs=[12]
sgcp_constrained receiver=12 policy=all-cavs sources=[12] clusters=20 ra=selective_edgecooper_global comm_bytes=0 selected_grids={}
fusion_method=early pred_boxes=7 gt_boxes=10
pred_scores_shape=(7,)
frame=41/41 receiver_sample=13/20 scenario=2026_07_15_01_26_56 timestamp=000140 cavs=[13, 19]
sgcp_constrained receiver=13 policy=all-cavs sources=[13, 19] clusters=20 ra=selective_edgecooper_global comm_bytes=73104 selected_grids={19: 39}
fusion_method=early pred_boxes=13 gt_boxes=25
pred_scores_shape=(13,)
frame=41/41 receiver_sample=14/20 scenario=2026_07_15_01_26_56 timestamp=000140 cavs=[14]
sgcp_constrained receiver=14 policy=all-cavs sources=[14] clusters=20 ra=selective_edgecooper_global comm_bytes=0 selected_grids={}
fusion_method=early pred_boxes=2 gt_boxes=2
pred_scores_shape=(2,)
frame=41/41 receiver_sample=15/20 scenario=2026_07_15_01_26_56 timestamp=000140 cavs=[15]
sgcp_constrained receiver=15 policy=all-cavs sources=[15] clusters=20 ra=selective_edgecooper_global comm_bytes=0 selected_grids={}
fusion_method=early pred_boxes=14 gt_boxes=14
pred_scores_shape=(14,)
frame=41/41 receiver_sample=16/20 scenario=2026_07_15_01_26_56 timestamp=000140 cavs=[16, 20]
sgcp_constrained receiver=16 policy=all-cavs sources=[16, 20] clusters=20 ra=selective_edgecooper_global comm_bytes=76240 selected_grids={20: 39}
fusion_method=early pred_boxes=20 gt_boxes=30
pred_scores_shape=(20,)
frame=41/41 receiver_sample=17/20 scenario=2026_07_15_01_26_56 timestamp=000140 cavs=[17, 7]
sgcp_constrained receiver=17 policy=all-cavs sources=[17, 7] clusters=20 ra=selective_edgecooper_global comm_bytes=77120 selected_grids={7: 39}
fusion_method=early pred_boxes=21 gt_boxes=16
pred_scores_shape=(21,)
frame=41/41 receiver_sample=18/20 scenario=2026_07_15_01_26_56 timestamp=000140 cavs=[18]
sgcp_constrained receiver=18 policy=all-cavs sources=[18] clusters=20 ra=selective_edgecooper_global comm_bytes=0 selected_grids={}
fusion_method=early pred_boxes=6 gt_boxes=6
pred_scores_shape=(6,)
frame=41/41 receiver_sample=19/20 scenario=2026_07_15_01_26_56 timestamp=000140 cavs=[19]
sgcp_constrained receiver=19 policy=all-cavs sources=[19] clusters=20 ra=selective_edgecooper_global comm_bytes=0 selected_grids={}
fusion_method=early pred_boxes=9 gt_boxes=16
pred_scores_shape=(9,)
frame=41/41 receiver_sample=20/20 scenario=2026_07_15_01_26_56 timestamp=000140 cavs=[20]
sgcp_constrained receiver=20 policy=all-cavs sources=[20] clusters=20 ra=selective_edgecooper_global comm_bytes=0 selected_grids={}
fusion_method=early pred_boxes=16 gt_boxes=18
pred_scores_shape=(16,)
cp counter: 820
Evaluate final average precision results:
  - Fusion method: early
  - The Average Precision at IOU 0.3 is 0.32, The Average Precision at IOU 0.5 is 0.26, The Average Precision at IOU 0.7 is 0.10
sgcp_summary frames=820 avg_comm_bytes=31818.95 total_comm_bytes=26091536 avg_source_cavs=1.42 avg_selected_grids=17.01
