conda.exe : C:\Users\sakakibara\miniconda3\envs\opencda\lib\site-packages\torch\nn\functional.py:1806: UserWarning: nn.
functional.sigmoid is deprecated. Use torch.sigmoid instead.
At C:\Users\sakakibara\miniconda3\shell\condabin\Conda.psm1:194 char:17
+ ...             & $Env:CONDA_EXE $Env:_CE_M $Env:_CE_CONDA $Command @Othe ...
+                 ~~~~~~~~~~~~~~~~~~~~~~~~~~~~~~~~~~~~~~~~~~~~~~~~~~~~~~~~~
    + CategoryInfo          : NotSpecified: (C:\Users\sakaki...igmoid instead.:String) [], RemoteException
    + FullyQualifiedErrorId : NativeCommandError
 
  warnings.warn("nn.functional.sigmoid is deprecated. Use torch.sigmoid instead.")
Format = auto
Extension = pcd
Format = auto
Extension = pcd
Format = auto
Extension = pcd
Format = auto
Extension = pcd
Format = auto
Extension = pcd
Format = auto
Extension = pcd
Format = auto
Extension = pcd
Format = auto
Extension = pcd
Format = auto
Extension = pcd
Format = auto
Extension = pcd
Format = auto
Extension = pcd
Format = auto
Extension = pcd
Format = auto
Extension = pcd
Format = auto
Extension = pcd
Format = auto
Extension = pcd
Format = auto
Extension = pcd
Format = auto
Extension = pcd
Format = auto
Extension = pcd
Format = auto
Extension = pcd
Format = auto
Extension = pcd
Format = auto
Extension = pcd
Format = auto
Extension = pcd
Format = auto
Extension = pcd
Format = auto
Extension = pcd
Format = auto
Extension = pcd
Format = auto
Extension = pcd
Format = auto
Extension = pcd
Format = auto
Extension = pcd
Format = auto
Extension = pcd
Format = auto
Extension = pcd
Format = auto
Extension = pcd
Format = auto
Extension = pcd
Format = auto
Extension = pcd
Format = auto
Extension = pcd
Format = auto
Extension = pcd
Format = auto
Extension = pcd
Format = auto
Extension = pcd
Format = auto
Extension = pcd
Format = auto
Extension = pcd
Format = auto
Extension = pcd
Format = auto
Extension = pcd
Format = auto
Extension = pcd
Format = auto
Extension = pcd
Format = auto
Extension = pcd
Format = auto
Extension = pcd
Format = auto
Extension = pcd
Format = auto
Extension = pcd
Format = auto
Extension = pcd
Format = auto
Extension = pcd
Format = auto
Extension = pcd
Format = auto
Extension = pcd
Format = auto
Extension = pcd
Format = auto
Extension = pcd
Format = auto
Extension = pcd
Format = auto
Extension = pcd
Format = auto
Extension = pcd
Format = auto
Extension = pcd
Format = auto
Extension = pcd
Format = auto
Extension = pcd
Format = auto
Extension = pcd
Format = auto
Extension = pcd
Format = auto
Extension = pcd
Format = auto
Extension = pcd
Format = auto
Extension = pcd
Format = auto
Extension = pcd
Format = auto
Extension = pcd
Format = auto
Extension = pcd
Format = auto
Extension = pcd
Format = auto
Extension = pcd
Format = auto
Extension = pcd
Format = auto
Extension = pcd
Format = auto
Extension = pcd
Format = auto
Extension = pcd
Format = auto
Extension = pcd
Format = auto
Extension = pcd
Format = auto
Extension = pcd
Format = auto
Extension = pcd
Format = auto
Extension = pcd
Format = auto
Extension = pcd
Format = auto
Extension = pcd
Format = auto
Extension = pcd
Format = auto
Extension = pcd
Format = auto
Extension = pcd
Format = auto
Extension = pcd
Format = auto
Extension = pcd
Format = auto
Extension = pcd
Format = auto
Extension = pcd
Format = auto
Extension = pcd
Format = auto
Extension = pcd
Format = auto
Extension = pcd
Format = auto
Extension = pcd
Format = auto
Extension = pcd
Format = auto
Extension = pcd
Format = auto
Extension = pcd
Format = auto
Extension = pcd
Format = auto
Extension = pcd
Format = auto
Extension = pcd
Format = auto
Extension = pcd
Format = auto
Extension = pcd
Format = auto
Extension = pcd
resuming by loading epoch 10000
frame=1/41 receiver_sample=1/6 scenario=2026_07_15_01_26_56 timestamp=000060 cavs=[4, 12]
sgcp_constrained receiver=4 policy=all-cluster-heads sources=[4, 12] clusters=6 ra=perception_aware_potential_game comm_bytes=77136 selected_grids={12: 37}
fusion_method=early pred_boxes=11 gt_boxes=29
pred_scores_shape=(11,)
frame=1/41 receiver_sample=2/6 scenario=2026_07_15_01_26_56 timestamp=000060 cavs=[11, 10]
sgcp_constrained receiver=11 policy=all-cluster-heads sources=[11, 10] clusters=6 ra=perception_aware_potential_game comm_bytes=78448 selected_grids={10: 37}
fusion_method=early pred_boxes=17 gt_boxes=44
pred_scores_shape=(17,)
frame=1/41 receiver_sample=3/6 scenario=2026_07_15_01_26_56 timestamp=000060 cavs=[13, 14]
sgcp_constrained receiver=13 policy=all-cluster-heads sources=[13, 14] clusters=6 ra=perception_aware_potential_game comm_bytes=79680 selected_grids={14: 37}
fusion_method=early pred_boxes=7 gt_boxes=15
pred_scores_shape=(7,)
frame=1/41 receiver_sample=4/6 scenario=2026_07_15_01_26_56 timestamp=000060 cavs=[15, 6]
sgcp_constrained receiver=15 policy=all-cluster-heads sources=[15, 6] clusters=6 ra=perception_aware_potential_game comm_bytes=71424 selected_grids={6: 37}
fusion_method=early pred_boxes=13 gt_boxes=17
pred_scores_shape=(13,)
frame=1/41 receiver_sample=5/6 scenario=2026_07_15_01_26_56 timestamp=000060 cavs=[16, 20]
sgcp_constrained receiver=16 policy=all-cluster-heads sources=[16, 20] clusters=6 ra=perception_aware_potential_game comm_bytes=77664 selected_grids={20: 37}
fusion_method=early pred_boxes=11 gt_boxes=24
pred_scores_shape=(11,)
frame=1/41 receiver_sample=6/6 scenario=2026_07_15_01_26_56 timestamp=000060 cavs=[17, 3]
sgcp_constrained receiver=17 policy=all-cluster-heads sources=[17, 3] clusters=6 ra=perception_aware_potential_game comm_bytes=77456 selected_grids={3: 37}
fusion_method=early pred_boxes=14 gt_boxes=20
pred_scores_shape=(14,)
frame=2/41 receiver_sample=1/6 scenario=2026_07_15_01_26_56 timestamp=000062 cavs=[1, 2]
sgcp_constrained receiver=1 policy=all-cluster-heads sources=[1, 2] clusters=6 ra=perception_aware_potential_game comm_bytes=76784 selected_grids={2: 37}
fusion_method=early pred_boxes=16 gt_boxes=31
pred_scores_shape=(16,)
frame=2/41 receiver_sample=2/6 scenario=2026_07_15_01_26_56 timestamp=000062 cavs=[12, 4]
sgcp_constrained receiver=12 policy=all-cluster-heads sources=[12, 4] clusters=6 ra=perception_aware_potential_game comm_bytes=76544 selected_grids={4: 37}
fusion_method=early pred_boxes=14 gt_boxes=32
pred_scores_shape=(14,)
frame=2/41 receiver_sample=3/6 scenario=2026_07_15_01_26_56 timestamp=000062 cavs=[15, 6]
sgcp_constrained receiver=15 policy=all-cluster-heads sources=[15, 6] clusters=6 ra=perception_aware_potential_game comm_bytes=71472 selected_grids={6: 37}
fusion_method=early pred_boxes=14 gt_boxes=17
pred_scores_shape=(14,)
frame=2/41 receiver_sample=4/6 scenario=2026_07_15_01_26_56 timestamp=000062 cavs=[16, 20]
sgcp_constrained receiver=16 policy=all-cluster-heads sources=[16, 20] clusters=6 ra=perception_aware_potential_game comm_bytes=77648 selected_grids={20: 37}
fusion_method=early pred_boxes=7 gt_boxes=24
pred_scores_shape=(7,)
frame=2/41 receiver_sample=5/6 scenario=2026_07_15_01_26_56 timestamp=000062 cavs=[17, 3]
sgcp_constrained receiver=17 policy=all-cluster-heads sources=[17, 3] clusters=6 ra=perception_aware_potential_game comm_bytes=77312 selected_grids={3: 37}
fusion_method=early pred_boxes=14 gt_boxes=19
pred_scores_shape=(14,)
frame=2/41 receiver_sample=6/6 scenario=2026_07_15_01_26_56 timestamp=000062 cavs=[19, 10]
sgcp_constrained receiver=19 policy=all-cluster-heads sources=[19, 10] clusters=6 ra=perception_aware_potential_game comm_bytes=78544 selected_grids={10: 37}
fusion_method=early pred_boxes=10 gt_boxes=31
pred_scores_shape=(10,)
frame=3/41 receiver_sample=1/6 scenario=2026_07_15_01_26_56 timestamp=000064 cavs=[1, 2]
sgcp_constrained receiver=1 policy=all-cluster-heads sources=[1, 2] clusters=6 ra=perception_aware_potential_game comm_bytes=77072 selected_grids={2: 37}
fusion_method=early pred_boxes=14 gt_boxes=31
pred_scores_shape=(14,)
frame=3/41 receiver_sample=2/6 scenario=2026_07_15_01_26_56 timestamp=000064 cavs=[12, 4]
sgcp_constrained receiver=12 policy=all-cluster-heads sources=[12, 4] clusters=6 ra=perception_aware_potential_game comm_bytes=76768 selected_grids={4: 37}
fusion_method=early pred_boxes=11 gt_boxes=32
pred_scores_shape=(11,)
frame=3/41 receiver_sample=3/6 scenario=2026_07_15_01_26_56 timestamp=000064 cavs=[15, 6]
sgcp_constrained receiver=15 policy=all-cluster-heads sources=[15, 6] clusters=6 ra=perception_aware_potential_game comm_bytes=71920 selected_grids={6: 37}
fusion_method=early pred_boxes=14 gt_boxes=17
pred_scores_shape=(14,)
frame=3/41 receiver_sample=4/6 scenario=2026_07_15_01_26_56 timestamp=000064 cavs=[16, 20]
sgcp_constrained receiver=16 policy=all-cluster-heads sources=[16, 20] clusters=6 ra=perception_aware_potential_game comm_bytes=77664 selected_grids={20: 37}
fusion_method=early pred_boxes=12 gt_boxes=24
pred_scores_shape=(12,)
frame=3/41 receiver_sample=5/6 scenario=2026_07_15_01_26_56 timestamp=000064 cavs=[17, 3]
sgcp_constrained receiver=17 policy=all-cluster-heads sources=[17, 3] clusters=6 ra=perception_aware_potential_game comm_bytes=77152 selected_grids={3: 37}
fusion_method=early pred_boxes=13 gt_boxes=19
pred_scores_shape=(13,)
frame=3/41 receiver_sample=6/6 scenario=2026_07_15_01_26_56 timestamp=000064 cavs=[19, 10]
sgcp_constrained receiver=19 policy=all-cluster-heads sources=[19, 10] clusters=6 ra=perception_aware_potential_game comm_bytes=78400 selected_grids={10: 37}
fusion_method=early pred_boxes=9 gt_boxes=30
pred_scores_shape=(9,)
frame=4/41 receiver_sample=1/6 scenario=2026_07_15_01_26_56 timestamp=000066 cavs=[1, 2]
sgcp_constrained receiver=1 policy=all-cluster-heads sources=[1, 2] clusters=6 ra=perception_aware_potential_game comm_bytes=77072 selected_grids={2: 37}
fusion_method=early pred_boxes=14 gt_boxes=31
pred_scores_shape=(14,)
frame=4/41 receiver_sample=2/6 scenario=2026_07_15_01_26_56 timestamp=000066 cavs=[12, 4]
sgcp_constrained receiver=12 policy=all-cluster-heads sources=[12, 4] clusters=6 ra=perception_aware_potential_game comm_bytes=76656 selected_grids={4: 37}
fusion_method=early pred_boxes=11 gt_boxes=31
pred_scores_shape=(11,)
frame=4/41 receiver_sample=3/6 scenario=2026_07_15_01_26_56 timestamp=000066 cavs=[15, 6]
sgcp_constrained receiver=15 policy=all-cluster-heads sources=[15, 6] clusters=6 ra=perception_aware_potential_game comm_bytes=71888 selected_grids={6: 37}
fusion_method=early pred_boxes=14 gt_boxes=17
pred_scores_shape=(14,)
frame=4/41 receiver_sample=4/6 scenario=2026_07_15_01_26_56 timestamp=000066 cavs=[16, 20]
sgcp_constrained receiver=16 policy=all-cluster-heads sources=[16, 20] clusters=6 ra=perception_aware_potential_game comm_bytes=77664 selected_grids={20: 37}
fusion_method=early pred_boxes=13 gt_boxes=24
pred_scores_shape=(13,)
frame=4/41 receiver_sample=5/6 scenario=2026_07_15_01_26_56 timestamp=000066 cavs=[17, 14]
sgcp_constrained receiver=17 policy=all-cluster-heads sources=[17, 14] clusters=6 ra=perception_aware_potential_game comm_bytes=79328 selected_grids={14: 37}
fusion_method=early pred_boxes=9 gt_boxes=12
pred_scores_shape=(9,)
frame=4/41 receiver_sample=6/6 scenario=2026_07_15_01_26_56 timestamp=000066 cavs=[19, 10]
sgcp_constrained receiver=19 policy=all-cluster-heads sources=[19, 10] clusters=6 ra=perception_aware_potential_game comm_bytes=78528 selected_grids={10: 37}
fusion_method=early pred_boxes=12 gt_boxes=30
pred_scores_shape=(12,)
frame=5/41 receiver_sample=1/6 scenario=2026_07_15_01_26_56 timestamp=000068 cavs=[1, 2]
sgcp_constrained receiver=1 policy=all-cluster-heads sources=[1, 2] clusters=6 ra=perception_aware_potential_game comm_bytes=76912 selected_grids={2: 37}
fusion_method=early pred_boxes=13 gt_boxes=32
pred_scores_shape=(13,)
frame=5/41 receiver_sample=2/6 scenario=2026_07_15_01_26_56 timestamp=000068 cavs=[4, 12]
sgcp_constrained receiver=4 policy=all-cluster-heads sources=[4, 12] clusters=6 ra=perception_aware_potential_game comm_bytes=76848 selected_grids={12: 37}Format = auto
Extension = pcd
Format = auto
Extension = pcd
Format = auto
Extension = pcd
Format = auto
Extension = pcd
Format = auto
Extension = pcd
Format = auto
Extension = pcd
Format = auto
Extension = pcd
Format = auto
Extension = pcd
Format = auto
Extension = pcd
Format = auto
Extension = pcd
Format = auto
Extension = pcd
Format = auto
Extension = pcd
Format = auto
Extension = pcd
Format = auto
Extension = pcd
Format = auto
Extension = pcd
Format = auto
Extension = pcd
Format = auto
Extension = pcd
Format = auto
Extension = pcd
Format = auto
Extension = pcd
Format = auto
Extension = pcd
Format = auto
Extension = pcd
Format = auto
Extension = pcd
Format = auto
Extension = pcd
Format = auto
Extension = pcd
Format = auto
Extension = pcd
Format = auto
Extension = pcd
Format = auto
Extension = pcd
Format = auto
Extension = pcd
Format = auto
Extension = pcd
Format = auto
Extension = pcd
Format = auto
Extension = pcd
Format = auto
Extension = pcd
Format = auto
Extension = pcd
Format = auto
Extension = pcd
Format = auto
Extension = pcd
Format = auto
Extension = pcd
Format = auto
Extension = pcd
Format = auto
Extension = pcd
Format = auto
Extension = pcd
Format = auto
Extension = pcd
Format = auto
Extension = pcd
Format = auto
Extension = pcd
Format = auto
Extension = pcd
Format = auto
Extension = pcd
Format = auto
Extension = pcd
Format = auto
Extension = pcd
Format = auto
Extension = pcd
Format = auto
Extension = pcd
Format = auto
Extension = pcd
Format = auto
Extension = pcd
Format = auto
Extension = pcd
Format = auto
Extension = pcd
Format = auto
Extension = pcd
Format = auto
Extension = pcd
Format = auto
Extension = pcd
Format = auto
Extension = pcd
Format = auto
Extension = pcd
Format = auto
Extension = pcd
Format = auto
Extension = pcd
Format = auto
Extension = pcd
Format = auto
Extension = pcd
Format = auto
Extension = pcd
Format = auto
Extension = pcd
Format = auto
Extension = pcd
Format = auto
Extension = pcd
Format = auto
Extension = pcd
Format = auto
Extension = pcd
Format = auto
Extension = pcd
Format = auto
Extension = pcd
Format = auto
Extension = pcd
Format = auto
Extension = pcd
Format = auto
Extension = pcd
Format = auto
Extension = pcd
Format = auto
Extension = pcd
Format = auto
Extension = pcd
Format = auto
Extension = pcd
Format = auto
Extension = pcd
Format = auto
Extension = pcd
Format = auto
Extension = pcd
Format = auto
Extension = pcd

fusion_method=early pred_boxes=8 gt_boxes=31
pred_scores_shape=(8,)
frame=5/41 receiver_sample=3/6 scenario=2026_07_15_01_26_56 timestamp=000068 cavs=[13, 14]
sgcp_constrained receiver=13 policy=all-cluster-heads sources=[13, 14] clusters=6 ra=perception_aware_potential_game comm_bytes=79136 selected_grids={14: 37}
fusion_method=early pred_boxes=6 gt_boxes=15
pred_scores_shape=(6,)
frame=5/41 receiver_sample=4/6 scenario=2026_07_15_01_26_56 timestamp=000068 cavs=[15, 6]
sgcp_constrained receiver=15 policy=all-cluster-heads sources=[15, 6] clusters=6 ra=perception_aware_potential_game comm_bytes=72016 selected_grids={6: 37}
fusion_method=early pred_boxes=15 gt_boxes=16
pred_scores_shape=(15,)
frame=5/41 receiver_sample=5/6 scenario=2026_07_15_01_26_56 timestamp=000068 cavs=[16, 20]
sgcp_constrained receiver=16 policy=all-cluster-heads sources=[16, 20] clusters=6 ra=perception_aware_potential_game comm_bytes=77664 selected_grids={20: 37}
fusion_method=early pred_boxes=13 gt_boxes=24
pred_scores_shape=(13,)
frame=5/41 receiver_sample=6/6 scenario=2026_07_15_01_26_56 timestamp=000068 cavs=[17, 3]
sgcp_constrained receiver=17 policy=all-cluster-heads sources=[17, 3] clusters=6 ra=perception_aware_potential_game comm_bytes=77424 selected_grids={3: 37}
fusion_method=early pred_boxes=12 gt_boxes=19
pred_scores_shape=(12,)
frame=6/41 receiver_sample=1/6 scenario=2026_07_15_01_26_56 timestamp=000070 cavs=[1, 12]
sgcp_constrained receiver=1 policy=all-cluster-heads sources=[1, 12] clusters=6 ra=perception_aware_potential_game comm_bytes=76896 selected_grids={12: 37}
fusion_method=early pred_boxes=13 gt_boxes=27
pred_scores_shape=(13,)
frame=6/41 receiver_sample=2/6 scenario=2026_07_15_01_26_56 timestamp=000070 cavs=[11, 2]
sgcp_constrained receiver=11 policy=all-cluster-heads sources=[11, 2] clusters=6 ra=perception_aware_potential_game comm_bytes=76960 selected_grids={2: 37}
fusion_method=early pred_boxes=13 gt_boxes=38
pred_scores_shape=(13,)
frame=6/41 receiver_sample=3/6 scenario=2026_07_15_01_26_56 timestamp=000070 cavs=[13, 14]
sgcp_constrained receiver=13 policy=all-cluster-heads sources=[13, 14] clusters=6 ra=perception_aware_potential_game comm_bytes=78976 selected_grids={14: 37}
fusion_method=early pred_boxes=5 gt_boxes=15
pred_scores_shape=(5,)
frame=6/41 receiver_sample=4/6 scenario=2026_07_15_01_26_56 timestamp=000070 cavs=[15, 6]
sgcp_constrained receiver=15 policy=all-cluster-heads sources=[15, 6] clusters=6 ra=perception_aware_potential_game comm_bytes=72112 selected_grids={6: 37}
fusion_method=early pred_boxes=13 gt_boxes=16
pred_scores_shape=(13,)
frame=6/41 receiver_sample=5/6 scenario=2026_07_15_01_26_56 timestamp=000070 cavs=[16, 20]
sgcp_constrained receiver=16 policy=all-cluster-heads sources=[16, 20] clusters=6 ra=perception_aware_potential_game comm_bytes=77648 selected_grids={20: 37}
fusion_method=early pred_boxes=14 gt_boxes=25
pred_scores_shape=(14,)
frame=6/41 receiver_sample=6/6 scenario=2026_07_15_01_26_56 timestamp=000070 cavs=[17, 3]
sgcp_constrained receiver=17 policy=all-cluster-heads sources=[17, 3] clusters=6 ra=perception_aware_potential_game comm_bytes=77008 selected_grids={3: 37}
fusion_method=early pred_boxes=13 gt_boxes=19
pred_scores_shape=(13,)
frame=7/41 receiver_sample=1/6 scenario=2026_07_15_01_26_56 timestamp=000072 cavs=[1, 2]
sgcp_constrained receiver=1 policy=all-cluster-heads sources=[1, 2] clusters=6 ra=perception_aware_potential_game comm_bytes=76912 selected_grids={2: 37}
fusion_method=early pred_boxes=12 gt_boxes=31
pred_scores_shape=(12,)
frame=7/41 receiver_sample=2/6 scenario=2026_07_15_01_26_56 timestamp=000072 cavs=[4, 12]
sgcp_constrained receiver=4 policy=all-cluster-heads sources=[4, 12] clusters=6 ra=perception_aware_potential_game comm_bytes=76800 selected_grids={12: 37}
fusion_method=early pred_boxes=9 gt_boxes=31
pred_scores_shape=(9,)
frame=7/41 receiver_sample=3/6 scenario=2026_07_15_01_26_56 timestamp=000072 cavs=[13, 14]
sgcp_constrained receiver=13 policy=all-cluster-heads sources=[13, 14] clusters=6 ra=perception_aware_potential_game comm_bytes=79168 selected_grids={14: 37}
fusion_method=early pred_boxes=8 gt_boxes=14
pred_scores_shape=(8,)
frame=7/41 receiver_sample=4/6 scenario=2026_07_15_01_26_56 timestamp=000072 cavs=[15, 6]
sgcp_constrained receiver=15 policy=all-cluster-heads sources=[15, 6] clusters=6 ra=perception_aware_potential_game comm_bytes=72016 selected_grids={6: 37}
fusion_method=early pred_boxes=13 gt_boxes=18
pred_scores_shape=(13,)
frame=7/41 receiver_sample=5/6 scenario=2026_07_15_01_26_56 timestamp=000072 cavs=[16, 20]
sgcp_constrained receiver=16 policy=all-cluster-heads sources=[16, 20] clusters=6 ra=perception_aware_potential_game comm_bytes=77616 selected_grids={20: 37}
fusion_method=early pred_boxes=14 gt_boxes=25
pred_scores_shape=(14,)
frame=7/41 receiver_sample=6/6 scenario=2026_07_15_01_26_56 timestamp=000072 cavs=[17, 3]
sgcp_constrained receiver=17 policy=all-cluster-heads sources=[17, 3] clusters=6 ra=perception_aware_potential_game comm_bytes=76880 selected_grids={3: 37}
fusion_method=early pred_boxes=14 gt_boxes=19
pred_scores_shape=(14,)
frame=8/41 receiver_sample=1/6 scenario=2026_07_15_01_26_56 timestamp=000074 cavs=[1, 2]
sgcp_constrained receiver=1 policy=all-cluster-heads sources=[1, 2] clusters=6 ra=perception_aware_potential_game comm_bytes=77072 selected_grids={2: 37}
fusion_method=early pred_boxes=12 gt_boxes=30
pred_scores_shape=(12,)
frame=8/41 receiver_sample=2/6 scenario=2026_07_15_01_26_56 timestamp=000074 cavs=[12, 4]
sgcp_constrained receiver=12 policy=all-cluster-heads sources=[12, 4] clusters=6 ra=perception_aware_potential_game comm_bytes=76416 selected_grids={4: 37}
fusion_method=early pred_boxes=13 gt_boxes=33
pred_scores_shape=(13,)
frame=8/41 receiver_sample=3/6 scenario=2026_07_15_01_26_56 timestamp=000074 cavs=[13, 14]
sgcp_constrained receiver=13 policy=all-cluster-heads sources=[13, 14] clusters=6 ra=perception_aware_potential_game comm_bytes=78448 selected_grids={14: 37}
fusion_method=early pred_boxes=7 gt_boxes=15
pred_scores_shape=(7,)
frame=8/41 receiver_sample=4/6 scenario=2026_07_15_01_26_56 timestamp=000074 cavs=[15, 6]
sgcp_constrained receiver=15 policy=all-cluster-heads sources=[15, 6] clusters=6 ra=perception_aware_potential_game comm_bytes=72048 selected_grids={6: 37}
fusion_method=early pred_boxes=14 gt_boxes=18
pred_scores_shape=(14,)
frame=8/41 receiver_sample=5/6 scenario=2026_07_15_01_26_56 timestamp=000074 cavs=[17, 3]
sgcp_constrained receiver=17 policy=all-cluster-heads sources=[17, 3] clusters=6 ra=perception_aware_potential_game comm_bytes=77376 selected_grids={3: 37}
fusion_method=early pred_boxes=14 gt_boxes=19
pred_scores_shape=(14,)
frame=8/41 receiver_sample=6/6 scenario=2026_07_15_01_26_56 timestamp=000074 cavs=[20, 16]
sgcp_constrained receiver=20 policy=all-cluster-heads sources=[20, 16] clusters=6 ra=perception_aware_potential_game comm_bytes=77072 selected_grids={16: 37}
fusion_method=early pred_boxes=15 gt_boxes=26
pred_scores_shape=(15,)
frame=9/41 receiver_sample=1/6 scenario=2026_07_15_01_26_56 timestamp=000076 cavs=[1, 2]
sgcp_constrained receiver=1 policy=all-cluster-heads sources=[1, 2] clusters=6 ra=perception_aware_potential_game comm_bytes=77072 selected_grids={2: 37}
fusion_method=early pred_boxes=13 gt_boxes=32
pred_scores_shape=(13,)
frame=9/41 receiver_sample=2/6 scenario=2026_07_15_01_26_56 timestamp=000076 cavs=[4, 12]
sgcp_constrained receiver=4 policy=all-cluster-heads sources=[4, 12] clusters=6 ra=perception_aware_potential_game comm_bytes=76944 selected_grids={12: 37}
fusion_method=early pred_boxes=9 gt_boxes=30
pred_scores_shape=(9,)
frame=9/41 receiver_sample=3/6 scenario=2026_07_15_01_26_56 timestamp=000076 cavs=[13, 14]
sgcp_constrained receiver=13 policy=all-cluster-heads sources=[13, 14] clusters=6 ra=perception_aware_potential_game comm_bytes=78464 selected_grids={14: 37}
fusion_method=early pred_boxes=7 gt_boxes=15
pred_scores_shape=(7,)
frame=9/41 receiver_sample=4/6 scenario=2026_07_15_01_26_56 timestamp=000076 cavs=[15, 6]
sgcp_constrained receiver=15 policy=all-cluster-heads sources=[15, 6] clusters=6 ra=perception_aware_potential_game comm_bytes=72416 selected_grids={6: 37}Format = auto
Extension = pcd
Format = auto
Extension = pcd
Format = auto
Extension = pcd
Format = auto
Extension = pcd
Format = auto
Extension = pcd
Format = auto
Extension = pcd
Format = auto
Extension = pcd
Format = auto
Extension = pcd
Format = auto
Extension = pcd
Format = auto
Extension = pcd
Format = auto
Extension = pcd
Format = auto
Extension = pcd
Format = auto
Extension = pcd
Format = auto
Extension = pcd
Format = auto
Extension = pcd
Format = auto
Extension = pcd
Format = auto
Extension = pcd
Format = auto
Extension = pcd
Format = auto
Extension = pcd
Format = auto
Extension = pcd
Format = auto
Extension = pcd
Format = auto
Extension = pcd
Format = auto
Extension = pcd
Format = auto
Extension = pcd
Format = auto
Extension = pcd
Format = auto
Extension = pcd
Format = auto
Extension = pcd
Format = auto
Extension = pcd
Format = auto
Extension = pcd
Format = auto
Extension = pcd
Format = auto
Extension = pcd
Format = auto
Extension = pcd
Format = auto
Extension = pcd
Format = auto
Extension = pcd
Format = auto
Extension = pcd
Format = auto
Extension = pcd
Format = auto
Extension = pcd
Format = auto
Extension = pcd
Format = auto
Extension = pcd
Format = auto
Extension = pcd
Format = auto
Extension = pcd
Format = auto
Extension = pcd
Format = auto
Extension = pcd
Format = auto
Extension = pcd
Format = auto
Extension = pcd
Format = auto
Extension = pcd
Format = auto
Extension = pcd
Format = auto
Extension = pcd
Format = auto
Extension = pcd
Format = auto
Extension = pcd
Format = auto
Extension = pcd
Format = auto
Extension = pcd
Format = auto
Extension = pcd
Format = auto
Extension = pcd
Format = auto
Extension = pcd
Format = auto
Extension = pcd
Format = auto
Extension = pcd
Format = auto
Extension = pcd
Format = auto
Extension = pcd
Format = auto
Extension = pcd
Format = auto
Extension = pcd
Format = auto
Extension = pcd
Format = auto
Extension = pcd
Format = auto
Extension = pcd
Format = auto
Extension = pcd
Format = auto
Extension = pcd
Format = auto
Extension = pcd
Format = auto
Extension = pcd
Format = auto
Extension = pcd
Format = auto
Extension = pcd
Format = auto
Extension = pcd
Format = auto
Extension = pcd
Format = auto
Extension = pcd
Format = auto
Extension = pcd
Format = auto
Extension = pcd
Format = auto
Extension = pcd
Format = auto
Extension = pcd
Format = auto
Extension = pcd
Format = auto
Extension = pcd
Format = auto
Extension = pcd

fusion_method=early pred_boxes=12 gt_boxes=18
pred_scores_shape=(12,)
frame=9/41 receiver_sample=5/6 scenario=2026_07_15_01_26_56 timestamp=000076 cavs=[16, 20]
sgcp_constrained receiver=16 policy=all-cluster-heads sources=[16, 20] clusters=6 ra=perception_aware_potential_game comm_bytes=77616 selected_grids={20: 37}
fusion_method=early pred_boxes=14 gt_boxes=26
pred_scores_shape=(14,)
frame=9/41 receiver_sample=6/6 scenario=2026_07_15_01_26_56 timestamp=000076 cavs=[17, 3]
sgcp_constrained receiver=17 policy=all-cluster-heads sources=[17, 3] clusters=6 ra=perception_aware_potential_game comm_bytes=76784 selected_grids={3: 37}
fusion_method=early pred_boxes=13 gt_boxes=20
pred_scores_shape=(13,)
frame=10/41 receiver_sample=1/6 scenario=2026_07_15_01_26_56 timestamp=000078 cavs=[1, 2]
sgcp_constrained receiver=1 policy=all-cluster-heads sources=[1, 2] clusters=6 ra=perception_aware_potential_game comm_bytes=76736 selected_grids={2: 37}
fusion_method=early pred_boxes=15 gt_boxes=31
pred_scores_shape=(15,)
frame=10/41 receiver_sample=2/6 scenario=2026_07_15_01_26_56 timestamp=000078 cavs=[4, 12]
sgcp_constrained receiver=4 policy=all-cluster-heads sources=[4, 12] clusters=6 ra=perception_aware_potential_game comm_bytes=76912 selected_grids={12: 37}
fusion_method=early pred_boxes=10 gt_boxes=32
pred_scores_shape=(10,)
frame=10/41 receiver_sample=3/6 scenario=2026_07_15_01_26_56 timestamp=000078 cavs=[13, 14]
sgcp_constrained receiver=13 policy=all-cluster-heads sources=[13, 14] clusters=6 ra=perception_aware_potential_game comm_bytes=78144 selected_grids={14: 37}
fusion_method=early pred_boxes=6 gt_boxes=14
pred_scores_shape=(6,)
frame=10/41 receiver_sample=4/6 scenario=2026_07_15_01_26_56 timestamp=000078 cavs=[15, 6]
sgcp_constrained receiver=15 policy=all-cluster-heads sources=[15, 6] clusters=6 ra=perception_aware_potential_game comm_bytes=72512 selected_grids={6: 37}
fusion_method=early pred_boxes=14 gt_boxes=19
pred_scores_shape=(14,)
frame=10/41 receiver_sample=5/6 scenario=2026_07_15_01_26_56 timestamp=000078 cavs=[16, 20]
sgcp_constrained receiver=16 policy=all-cluster-heads sources=[16, 20] clusters=6 ra=perception_aware_potential_game comm_bytes=77664 selected_grids={20: 37}
fusion_method=early pred_boxes=15 gt_boxes=26
pred_scores_shape=(15,)
frame=10/41 receiver_sample=6/6 scenario=2026_07_15_01_26_56 timestamp=000078 cavs=[17, 3]
sgcp_constrained receiver=17 policy=all-cluster-heads sources=[17, 3] clusters=6 ra=perception_aware_potential_game comm_bytes=76880 selected_grids={3: 37}
fusion_method=early pred_boxes=15 gt_boxes=20
pred_scores_shape=(15,)
frame=11/41 receiver_sample=1/6 scenario=2026_07_15_01_26_56 timestamp=000080 cavs=[1, 2]
sgcp_constrained receiver=1 policy=all-cluster-heads sources=[1, 2] clusters=6 ra=perception_aware_potential_game comm_bytes=76832 selected_grids={2: 37}
fusion_method=early pred_boxes=17 gt_boxes=32
pred_scores_shape=(17,)
frame=11/41 receiver_sample=2/6 scenario=2026_07_15_01_26_56 timestamp=000080 cavs=[4, 12]
sgcp_constrained receiver=4 policy=all-cluster-heads sources=[4, 12] clusters=6 ra=perception_aware_potential_game comm_bytes=76976 selected_grids={12: 37}
fusion_method=early pred_boxes=9 gt_boxes=33
pred_scores_shape=(9,)
frame=11/41 receiver_sample=3/6 scenario=2026_07_15_01_26_56 timestamp=000080 cavs=[13, 14]
sgcp_constrained receiver=13 policy=all-cluster-heads sources=[13, 14] clusters=6 ra=perception_aware_potential_game comm_bytes=78560 selected_grids={14: 37}
fusion_method=early pred_boxes=8 gt_boxes=14
pred_scores_shape=(8,)
frame=11/41 receiver_sample=4/6 scenario=2026_07_15_01_26_56 timestamp=000080 cavs=[15, 6]
sgcp_constrained receiver=15 policy=all-cluster-heads sources=[15, 6] clusters=6 ra=perception_aware_potential_game comm_bytes=72544 selected_grids={6: 37}
fusion_method=early pred_boxes=13 gt_boxes=18
pred_scores_shape=(13,)
frame=11/41 receiver_sample=5/6 scenario=2026_07_15_01_26_56 timestamp=000080 cavs=[16, 20]
sgcp_constrained receiver=16 policy=all-cluster-heads sources=[16, 20] clusters=6 ra=perception_aware_potential_game comm_bytes=77648 selected_grids={20: 37}
fusion_method=early pred_boxes=15 gt_boxes=25
pred_scores_shape=(15,)
frame=11/41 receiver_sample=6/6 scenario=2026_07_15_01_26_56 timestamp=000080 cavs=[17, 3]
sgcp_constrained receiver=17 policy=all-cluster-heads sources=[17, 3] clusters=6 ra=perception_aware_potential_game comm_bytes=76768 selected_grids={3: 37}
fusion_method=early pred_boxes=14 gt_boxes=20
pred_scores_shape=(14,)
frame=12/41 receiver_sample=1/6 scenario=2026_07_15_01_26_56 timestamp=000082 cavs=[1, 2]
sgcp_constrained receiver=1 policy=all-cluster-heads sources=[1, 2] clusters=6 ra=perception_aware_potential_game comm_bytes=77120 selected_grids={2: 37}
fusion_method=early pred_boxes=13 gt_boxes=31
pred_scores_shape=(13,)
frame=12/41 receiver_sample=2/6 scenario=2026_07_15_01_26_56 timestamp=000082 cavs=[12, 4]
sgcp_constrained receiver=12 policy=all-cluster-heads sources=[12, 4] clusters=6 ra=perception_aware_potential_game comm_bytes=76432 selected_grids={4: 37}
fusion_method=early pred_boxes=11 gt_boxes=32
pred_scores_shape=(11,)
frame=12/41 receiver_sample=3/6 scenario=2026_07_15_01_26_56 timestamp=000082 cavs=[13, 14]
sgcp_constrained receiver=13 policy=all-cluster-heads sources=[13, 14] clusters=6 ra=perception_aware_potential_game comm_bytes=78176 selected_grids={14: 37}
fusion_method=early pred_boxes=8 gt_boxes=15
pred_scores_shape=(8,)
frame=12/41 receiver_sample=4/6 scenario=2026_07_15_01_26_56 timestamp=000082 cavs=[15, 6]
sgcp_constrained receiver=15 policy=all-cluster-heads sources=[15, 6] clusters=6 ra=perception_aware_potential_game comm_bytes=72832 selected_grids={6: 37}
fusion_method=early pred_boxes=13 gt_boxes=18
pred_scores_shape=(13,)
frame=12/41 receiver_sample=5/6 scenario=2026_07_15_01_26_56 timestamp=000082 cavs=[17, 3]
sgcp_constrained receiver=17 policy=all-cluster-heads sources=[17, 3] clusters=6 ra=perception_aware_potential_game comm_bytes=76624 selected_grids={3: 37}
fusion_method=early pred_boxes=15 gt_boxes=20
pred_scores_shape=(15,)
frame=12/41 receiver_sample=6/6 scenario=2026_07_15_01_26_56 timestamp=000082 cavs=[20, 9]
sgcp_constrained receiver=20 policy=all-cluster-heads sources=[20, 9] clusters=6 ra=perception_aware_potential_game comm_bytes=77408 selected_grids={9: 37}
fusion_method=early pred_boxes=13 gt_boxes=30
pred_scores_shape=(13,)
frame=13/41 receiver_sample=1/6 scenario=2026_07_15_01_26_56 timestamp=000084 cavs=[1, 2]
sgcp_constrained receiver=1 policy=all-cluster-heads sources=[1, 2] clusters=6 ra=perception_aware_potential_game comm_bytes=77024 selected_grids={2: 37}
fusion_method=early pred_boxes=14 gt_boxes=31
pred_scores_shape=(14,)
frame=13/41 receiver_sample=2/6 scenario=2026_07_15_01_26_56 timestamp=000084 cavs=[12, 4]
sgcp_constrained receiver=12 policy=all-cluster-heads sources=[12, 4] clusters=6 ra=perception_aware_potential_game comm_bytes=76464 selected_grids={4: 37}
fusion_method=early pred_boxes=10 gt_boxes=32
pred_scores_shape=(10,)
frame=13/41 receiver_sample=3/6 scenario=2026_07_15_01_26_56 timestamp=000084 cavs=[13, 14]
sgcp_constrained receiver=13 policy=all-cluster-heads sources=[13, 14] clusters=6 ra=perception_aware_potential_game comm_bytes=77936 selected_grids={14: 37}
fusion_method=early pred_boxes=7 gt_boxes=15
pred_scores_shape=(7,)
frame=13/41 receiver_sample=4/6 scenario=2026_07_15_01_26_56 timestamp=000084 cavs=[15, 6]
sgcp_constrained receiver=15 policy=all-cluster-heads sources=[15, 6] clusters=6 ra=perception_aware_potential_game comm_bytes=72976 selected_grids={6: 37}
fusion_method=early pred_boxes=15 gt_boxes=18
pred_scores_shape=(15,)
frame=13/41 receiver_sample=5/6 scenario=2026_07_15_01_26_56 timestamp=000084 cavs=[17, 3]
sgcp_constrained receiver=17 policy=all-cluster-heads sources=[17, 3] clusters=6 ra=perception_aware_potential_game comm_bytes=76560 selected_grids={3: 37}
fusion_method=early pred_boxes=14 gt_boxes=18
pred_scores_shape=(14,)
frame=13/41 receiver_sample=6/6 scenario=2026_07_15_01_26_56 timestamp=000084 cavs=[20, 9]
sgcp_constrained receiver=20 policy=all-cluster-heads sources=[20, 9] clusters=6 ra=perception_aware_potential_game comm_bytes=77392 selected_grids={9: 37}Format = auto
Extension = pcd
Format = auto
Extension = pcd
Format = auto
Extension = pcd
Format = auto
Extension = pcd
Format = auto
Extension = pcd
Format = auto
Extension = pcd
Format = auto
Extension = pcd
Format = auto
Extension = pcd
Format = auto
Extension = pcd
Format = auto
Extension = pcd
Format = auto
Extension = pcd
Format = auto
Extension = pcd
Format = auto
Extension = pcd
Format = auto
Extension = pcd
Format = auto
Extension = pcd
Format = auto
Extension = pcd
Format = auto
Extension = pcd
Format = auto
Extension = pcd
Format = auto
Extension = pcd
Format = auto
Extension = pcd
Format = auto
Extension = pcd
Format = auto
Extension = pcd
Format = auto
Extension = pcd
Format = auto
Extension = pcd
Format = auto
Extension = pcd
Format = auto
Extension = pcd
Format = auto
Extension = pcd
Format = auto
Extension = pcd
Format = auto
Extension = pcd
Format = auto
Extension = pcd
Format = auto
Extension = pcd
Format = auto
Extension = pcd
Format = auto
Extension = pcd
Format = auto
Extension = pcd
Format = auto
Extension = pcd
Format = auto
Extension = pcd
Format = auto
Extension = pcd
Format = auto
Extension = pcd
Format = auto
Extension = pcd
Format = auto
Extension = pcd
Format = auto
Extension = pcd
Format = auto
Extension = pcd
Format = auto
Extension = pcd
Format = auto
Extension = pcd
Format = auto
Extension = pcd
Format = auto
Extension = pcd
Format = auto
Extension = pcd
Format = auto
Extension = pcd
Format = auto
Extension = pcd
Format = auto
Extension = pcd
Format = auto
Extension = pcd
Format = auto
Extension = pcd
Format = auto
Extension = pcd
Format = auto
Extension = pcd
Format = auto
Extension = pcd
Format = auto
Extension = pcd
Format = auto
Extension = pcd
Format = auto
Extension = pcd
Format = auto
Extension = pcd
Format = auto
Extension = pcd
Format = auto
Extension = pcd
Format = auto
Extension = pcd
Format = auto
Extension = pcd
Format = auto
Extension = pcd
Format = auto
Extension = pcd
Format = auto
Extension = pcd
Format = auto
Extension = pcd
Format = auto
Extension = pcd
Format = auto
Extension = pcd
Format = auto
Extension = pcd
Format = auto
Extension = pcd
Format = auto
Extension = pcd
Format = auto
Extension = pcd
Format = auto
Extension = pcd
Format = auto
Extension = pcd
Format = auto
Extension = pcd
Format = auto
Extension = pcd
Format = auto
Extension = pcd
Format = auto
Extension = pcd
Format = auto
Extension = pcd
Format = auto
Extension = pcd
Format = auto
Extension = pcd
Format = auto
Extension = pcd
Format = auto
Extension = pcd
Format = auto
Extension = pcd
Format = auto
Extension = pcd
Format = auto
Extension = pcd
Format = auto
Extension = pcd
Format = auto
Extension = pcd
Format = auto
Extension = pcd
Format = auto
Extension = pcd
Format = auto
Extension = pcd
Format = auto
Extension = pcd
Format = auto
Extension = pcd
Format = auto
Extension = pcd
Format = auto
Extension = pcd
Format = auto
Extension = pcd
Format = auto
Extension = pcd
Format = auto
Extension = pcd
Format = auto
Extension = pcd

fusion_method=early pred_boxes=12 gt_boxes=30
pred_scores_shape=(12,)
frame=14/41 receiver_sample=1/6 scenario=2026_07_15_01_26_56 timestamp=000086 cavs=[1, 2]
sgcp_constrained receiver=1 policy=all-cluster-heads sources=[1, 2] clusters=6 ra=perception_aware_potential_game comm_bytes=76752 selected_grids={2: 37}
fusion_method=early pred_boxes=13 gt_boxes=32
pred_scores_shape=(13,)
frame=14/41 receiver_sample=2/6 scenario=2026_07_15_01_26_56 timestamp=000086 cavs=[12, 4]
sgcp_constrained receiver=12 policy=all-cluster-heads sources=[12, 4] clusters=6 ra=perception_aware_potential_game comm_bytes=76464 selected_grids={4: 37}
fusion_method=early pred_boxes=10 gt_boxes=32
pred_scores_shape=(10,)
frame=14/41 receiver_sample=3/6 scenario=2026_07_15_01_26_56 timestamp=000086 cavs=[13, 14]
sgcp_constrained receiver=13 policy=all-cluster-heads sources=[13, 14] clusters=6 ra=perception_aware_potential_game comm_bytes=78400 selected_grids={14: 37}
fusion_method=early pred_boxes=7 gt_boxes=15
pred_scores_shape=(7,)
frame=14/41 receiver_sample=4/6 scenario=2026_07_15_01_26_56 timestamp=000086 cavs=[15, 6]
sgcp_constrained receiver=15 policy=all-cluster-heads sources=[15, 6] clusters=6 ra=perception_aware_potential_game comm_bytes=73040 selected_grids={6: 37}
fusion_method=early pred_boxes=14 gt_boxes=19
pred_scores_shape=(14,)
frame=14/41 receiver_sample=5/6 scenario=2026_07_15_01_26_56 timestamp=000086 cavs=[17, 3]
sgcp_constrained receiver=17 policy=all-cluster-heads sources=[17, 3] clusters=6 ra=perception_aware_potential_game comm_bytes=76624 selected_grids={3: 37}
fusion_method=early pred_boxes=13 gt_boxes=18
pred_scores_shape=(13,)
frame=14/41 receiver_sample=6/6 scenario=2026_07_15_01_26_56 timestamp=000086 cavs=[20, 9]
sgcp_constrained receiver=20 policy=all-cluster-heads sources=[20, 9] clusters=6 ra=perception_aware_potential_game comm_bytes=77392 selected_grids={9: 37}
fusion_method=early pred_boxes=13 gt_boxes=30
pred_scores_shape=(13,)
frame=15/41 receiver_sample=1/6 scenario=2026_07_15_01_26_56 timestamp=000088 cavs=[1, 2]
sgcp_constrained receiver=1 policy=all-cluster-heads sources=[1, 2] clusters=6 ra=perception_aware_potential_game comm_bytes=76800 selected_grids={2: 37}
fusion_method=early pred_boxes=13 gt_boxes=32
pred_scores_shape=(13,)
frame=15/41 receiver_sample=2/6 scenario=2026_07_15_01_26_56 timestamp=000088 cavs=[12, 4]
sgcp_constrained receiver=12 policy=all-cluster-heads sources=[12, 4] clusters=6 ra=perception_aware_potential_game comm_bytes=76432 selected_grids={4: 37}
fusion_method=early pred_boxes=8 gt_boxes=31
pred_scores_shape=(8,)
frame=15/41 receiver_sample=3/6 scenario=2026_07_15_01_26_56 timestamp=000088 cavs=[13, 14]
sgcp_constrained receiver=13 policy=all-cluster-heads sources=[13, 14] clusters=6 ra=perception_aware_potential_game comm_bytes=77888 selected_grids={14: 37}
fusion_method=early pred_boxes=8 gt_boxes=15
pred_scores_shape=(8,)
frame=15/41 receiver_sample=4/6 scenario=2026_07_15_01_26_56 timestamp=000088 cavs=[15, 6]
sgcp_constrained receiver=15 policy=all-cluster-heads sources=[15, 6] clusters=6 ra=perception_aware_potential_game comm_bytes=72704 selected_grids={6: 37}
fusion_method=early pred_boxes=13 gt_boxes=19
pred_scores_shape=(13,)
frame=15/41 receiver_sample=5/6 scenario=2026_07_15_01_26_56 timestamp=000088 cavs=[17, 16]
sgcp_constrained receiver=17 policy=all-cluster-heads sources=[17, 16] clusters=6 ra=perception_aware_potential_game comm_bytes=77760 selected_grids={16: 37}
fusion_method=early pred_boxes=16 gt_boxes=24
pred_scores_shape=(16,)
frame=15/41 receiver_sample=6/6 scenario=2026_07_15_01_26_56 timestamp=000088 cavs=[20, 9]
sgcp_constrained receiver=20 policy=all-cluster-heads sources=[20, 9] clusters=6 ra=perception_aware_potential_game comm_bytes=77360 selected_grids={9: 37}
fusion_method=early pred_boxes=13 gt_boxes=31
pred_scores_shape=(13,)
frame=16/41 receiver_sample=1/6 scenario=2026_07_15_01_26_56 timestamp=000090 cavs=[1, 2]
sgcp_constrained receiver=1 policy=all-cluster-heads sources=[1, 2] clusters=6 ra=perception_aware_potential_game comm_bytes=76784 selected_grids={2: 37}
fusion_method=early pred_boxes=14 gt_boxes=32
pred_scores_shape=(14,)
frame=16/41 receiver_sample=2/6 scenario=2026_07_15_01_26_56 timestamp=000090 cavs=[12, 7]
sgcp_constrained receiver=12 policy=all-cluster-heads sources=[12, 7] clusters=6 ra=perception_aware_potential_game comm_bytes=77184 selected_grids={7: 37}
fusion_method=early pred_boxes=15 gt_boxes=25
pred_scores_shape=(15,)
frame=16/41 receiver_sample=3/6 scenario=2026_07_15_01_26_56 timestamp=000090 cavs=[13, 14]
sgcp_constrained receiver=13 policy=all-cluster-heads sources=[13, 14] clusters=6 ra=perception_aware_potential_game comm_bytes=77424 selected_grids={14: 37}
fusion_method=early pred_boxes=6 gt_boxes=15
pred_scores_shape=(6,)
frame=16/41 receiver_sample=4/6 scenario=2026_07_15_01_26_56 timestamp=000090 cavs=[15, 6]
sgcp_constrained receiver=15 policy=all-cluster-heads sources=[15, 6] clusters=6 ra=perception_aware_potential_game comm_bytes=72832 selected_grids={6: 37}
fusion_method=early pred_boxes=14 gt_boxes=19
pred_scores_shape=(14,)
frame=16/41 receiver_sample=5/6 scenario=2026_07_15_01_26_56 timestamp=000090 cavs=[17, 3]
sgcp_constrained receiver=17 policy=all-cluster-heads sources=[17, 3] clusters=6 ra=perception_aware_potential_game comm_bytes=76720 selected_grids={3: 37}
fusion_method=early pred_boxes=14 gt_boxes=17
pred_scores_shape=(14,)
frame=16/41 receiver_sample=6/6 scenario=2026_07_15_01_26_56 timestamp=000090 cavs=[20, 9]
sgcp_constrained receiver=20 policy=all-cluster-heads sources=[20, 9] clusters=6 ra=perception_aware_potential_game comm_bytes=77344 selected_grids={9: 37}
fusion_method=early pred_boxes=12 gt_boxes=31
pred_scores_shape=(12,)
frame=17/41 receiver_sample=1/6 scenario=2026_07_15_01_26_56 timestamp=000092 cavs=[1, 2]
sgcp_constrained receiver=1 policy=all-cluster-heads sources=[1, 2] clusters=6 ra=perception_aware_potential_game comm_bytes=76784 selected_grids={2: 37}
fusion_method=early pred_boxes=14 gt_boxes=32
pred_scores_shape=(14,)
frame=17/41 receiver_sample=2/6 scenario=2026_07_15_01_26_56 timestamp=000092 cavs=[12, 4]
sgcp_constrained receiver=12 policy=all-cluster-heads sources=[12, 4] clusters=6 ra=perception_aware_potential_game comm_bytes=76384 selected_grids={4: 37}
fusion_method=early pred_boxes=11 gt_boxes=32
pred_scores_shape=(11,)
frame=17/41 receiver_sample=3/6 scenario=2026_07_15_01_26_56 timestamp=000092 cavs=[13, 14]
sgcp_constrained receiver=13 policy=all-cluster-heads sources=[13, 14] clusters=6 ra=perception_aware_potential_game comm_bytes=77568 selected_grids={14: 37}
fusion_method=early pred_boxes=7 gt_boxes=15
pred_scores_shape=(7,)
frame=17/41 receiver_sample=4/6 scenario=2026_07_15_01_26_56 timestamp=000092 cavs=[15, 6]
sgcp_constrained receiver=15 policy=all-cluster-heads sources=[15, 6] clusters=6 ra=perception_aware_potential_game comm_bytes=72912 selected_grids={6: 37}
fusion_method=early pred_boxes=18 gt_boxes=19
pred_scores_shape=(18,)
frame=17/41 receiver_sample=5/6 scenario=2026_07_15_01_26_56 timestamp=000092 cavs=[17, 16]
sgcp_constrained receiver=17 policy=all-cluster-heads sources=[17, 16] clusters=6 ra=perception_aware_potential_game comm_bytes=77872 selected_grids={16: 37}
fusion_method=early pred_boxes=18 gt_boxes=23
pred_scores_shape=(18,)
frame=17/41 receiver_sample=6/6 scenario=2026_07_15_01_26_56 timestamp=000092 cavs=[20, 9]
sgcp_constrained receiver=20 policy=all-cluster-heads sources=[20, 9] clusters=6 ra=perception_aware_potential_game comm_bytes=77344 selected_grids={9: 37}
fusion_method=early pred_boxes=13 gt_boxes=31
pred_scores_shape=(13,)
frame=18/41 receiver_sample=1/6 scenario=2026_07_15_01_26_56 timestamp=000094 cavs=[1, 2]
sgcp_constrained receiver=1 policy=all-cluster-heads sources=[1, 2] clusters=6 ra=perception_aware_potential_game comm_bytes=76848 selected_grids={2: 37}
fusion_method=early pred_boxes=13 gt_boxes=31
pred_scores_shape=(13,)
frame=18/41 receiver_sample=2/6 scenario=2026_07_15_01_26_56 timestamp=000094 cavs=[12, 4]
sgcp_constrained receiver=12 policy=all-cluster-heads sources=[12, 4] clusters=6 ra=perception_aware_potential_game comm_bytes=76400 selected_grids={4: 37}Format = auto
Extension = pcd
Format = auto
Extension = pcd
Format = auto
Extension = pcd
Format = auto
Extension = pcd
Format = auto
Extension = pcd
Format = auto
Extension = pcd
Format = auto
Extension = pcd
Format = auto
Extension = pcd
Format = auto
Extension = pcd
Format = auto
Extension = pcd
Format = auto
Extension = pcd
Format = auto
Extension = pcd
Format = auto
Extension = pcd
Format = auto
Extension = pcd
Format = auto
Extension = pcd
Format = auto
Extension = pcd
Format = auto
Extension = pcd
Format = auto
Extension = pcd
Format = auto
Extension = pcd
Format = auto
Extension = pcd
Format = auto
Extension = pcd
Format = auto
Extension = pcd
Format = auto
Extension = pcd
Format = auto
Extension = pcd
Format = auto
Extension = pcd
Format = auto
Extension = pcd
Format = auto
Extension = pcd
Format = auto
Extension = pcd
Format = auto
Extension = pcd
Format = auto
Extension = pcd
Format = auto
Extension = pcd
Format = auto
Extension = pcd
Format = auto
Extension = pcd
Format = auto
Extension = pcd
Format = auto
Extension = pcd
Format = auto
Extension = pcd
Format = auto
Extension = pcd
Format = auto
Extension = pcd
Format = auto
Extension = pcd
Format = auto
Extension = pcd
Format = auto
Extension = pcd
Format = auto
Extension = pcd
Format = auto
Extension = pcd
Format = auto
Extension = pcd
Format = auto
Extension = pcd
Format = auto
Extension = pcd
Format = auto
Extension = pcd
Format = auto
Extension = pcd
Format = auto
Extension = pcd
Format = auto
Extension = pcd
Format = auto
Extension = pcd
Format = auto
Extension = pcd
Format = auto
Extension = pcd
Format = auto
Extension = pcd
Format = auto
Extension = pcd
Format = auto
Extension = pcd
Format = auto
Extension = pcd
Format = auto
Extension = pcd
Format = auto
Extension = pcd
Format = auto
Extension = pcd
Format = auto
Extension = pcd
Format = auto
Extension = pcd
Format = auto
Extension = pcd
Format = auto
Extension = pcd
Format = auto
Extension = pcd
Format = auto
Extension = pcd
Format = auto
Extension = pcd
Format = auto
Extension = pcd
Format = auto
Extension = pcd
Format = auto
Extension = pcd
Format = auto
Extension = pcd
Format = auto
Extension = pcd
Format = auto
Extension = pcd
Format = auto
Extension = pcd
Format = auto
Extension = pcd
Format = auto
Extension = pcd
Format = auto
Extension = pcd
Format = auto
Extension = pcd
Format = auto
Extension = pcd
Format = auto
Extension = pcd

fusion_method=early pred_boxes=9 gt_boxes=33
pred_scores_shape=(9,)
frame=18/41 receiver_sample=3/6 scenario=2026_07_15_01_26_56 timestamp=000094 cavs=[13, 14]
sgcp_constrained receiver=13 policy=all-cluster-heads sources=[13, 14] clusters=6 ra=perception_aware_potential_game comm_bytes=77424 selected_grids={14: 37}
fusion_method=early pred_boxes=7 gt_boxes=15
pred_scores_shape=(7,)
frame=18/41 receiver_sample=4/6 scenario=2026_07_15_01_26_56 timestamp=000094 cavs=[15, 6]
sgcp_constrained receiver=15 policy=all-cluster-heads sources=[15, 6] clusters=6 ra=perception_aware_potential_game comm_bytes=73120 selected_grids={6: 37}
fusion_method=early pred_boxes=14 gt_boxes=20
pred_scores_shape=(14,)
frame=18/41 receiver_sample=5/6 scenario=2026_07_15_01_26_56 timestamp=000094 cavs=[17, 3]
sgcp_constrained receiver=17 policy=all-cluster-heads sources=[17, 3] clusters=6 ra=perception_aware_potential_game comm_bytes=76768 selected_grids={3: 37}
fusion_method=early pred_boxes=14 gt_boxes=19
pred_scores_shape=(14,)
frame=18/41 receiver_sample=6/6 scenario=2026_07_15_01_26_56 timestamp=000094 cavs=[20, 9]
sgcp_constrained receiver=20 policy=all-cluster-heads sources=[20, 9] clusters=6 ra=perception_aware_potential_game comm_bytes=77344 selected_grids={9: 37}
fusion_method=early pred_boxes=13 gt_boxes=31
pred_scores_shape=(13,)
frame=19/41 receiver_sample=1/6 scenario=2026_07_15_01_26_56 timestamp=000096 cavs=[1, 2]
sgcp_constrained receiver=1 policy=all-cluster-heads sources=[1, 2] clusters=6 ra=perception_aware_potential_game comm_bytes=76944 selected_grids={2: 37}
fusion_method=early pred_boxes=15 gt_boxes=31
pred_scores_shape=(15,)
frame=19/41 receiver_sample=2/6 scenario=2026_07_15_01_26_56 timestamp=000096 cavs=[12, 4]
sgcp_constrained receiver=12 policy=all-cluster-heads sources=[12, 4] clusters=6 ra=perception_aware_potential_game comm_bytes=76400 selected_grids={4: 37}
fusion_method=early pred_boxes=10 gt_boxes=32
pred_scores_shape=(10,)
frame=19/41 receiver_sample=3/6 scenario=2026_07_15_01_26_56 timestamp=000096 cavs=[13, 14]
sgcp_constrained receiver=13 policy=all-cluster-heads sources=[13, 14] clusters=6 ra=perception_aware_potential_game comm_bytes=77072 selected_grids={14: 37}
fusion_method=early pred_boxes=6 gt_boxes=15
pred_scores_shape=(6,)
frame=19/41 receiver_sample=4/6 scenario=2026_07_15_01_26_56 timestamp=000096 cavs=[15, 6]
sgcp_constrained receiver=15 policy=all-cluster-heads sources=[15, 6] clusters=6 ra=perception_aware_potential_game comm_bytes=73008 selected_grids={6: 37}
fusion_method=early pred_boxes=16 gt_boxes=19
pred_scores_shape=(16,)
frame=19/41 receiver_sample=5/6 scenario=2026_07_15_01_26_56 timestamp=000096 cavs=[17, 3]
sgcp_constrained receiver=17 policy=all-cluster-heads sources=[17, 3] clusters=6 ra=perception_aware_potential_game comm_bytes=76976 selected_grids={3: 37}
fusion_method=early pred_boxes=14 gt_boxes=19
pred_scores_shape=(14,)
frame=19/41 receiver_sample=6/6 scenario=2026_07_15_01_26_56 timestamp=000096 cavs=[20, 9]
sgcp_constrained receiver=20 policy=all-cluster-heads sources=[20, 9] clusters=6 ra=perception_aware_potential_game comm_bytes=77328 selected_grids={9: 37}
fusion_method=early pred_boxes=12 gt_boxes=31
pred_scores_shape=(12,)
frame=20/41 receiver_sample=1/6 scenario=2026_07_15_01_26_56 timestamp=000098 cavs=[1, 2]
sgcp_constrained receiver=1 policy=all-cluster-heads sources=[1, 2] clusters=6 ra=perception_aware_potential_game comm_bytes=76928 selected_grids={2: 37}
fusion_method=early pred_boxes=16 gt_boxes=30
pred_scores_shape=(16,)
frame=20/41 receiver_sample=2/6 scenario=2026_07_15_01_26_56 timestamp=000098 cavs=[12, 4]
sgcp_constrained receiver=12 policy=all-cluster-heads sources=[12, 4] clusters=6 ra=perception_aware_potential_game comm_bytes=76416 selected_grids={4: 37}
fusion_method=early pred_boxes=12 gt_boxes=31
pred_scores_shape=(12,)
frame=20/41 receiver_sample=3/6 scenario=2026_07_15_01_26_56 timestamp=000098 cavs=[13, 14]
sgcp_constrained receiver=13 policy=all-cluster-heads sources=[13, 14] clusters=6 ra=perception_aware_potential_game comm_bytes=76800 selected_grids={14: 37}
fusion_method=early pred_boxes=6 gt_boxes=15
pred_scores_shape=(6,)
frame=20/41 receiver_sample=4/6 scenario=2026_07_15_01_26_56 timestamp=000098 cavs=[15, 6]
sgcp_constrained receiver=15 policy=all-cluster-heads sources=[15, 6] clusters=6 ra=perception_aware_potential_game comm_bytes=72976 selected_grids={6: 37}
fusion_method=early pred_boxes=15 gt_boxes=19
pred_scores_shape=(15,)
frame=20/41 receiver_sample=5/6 scenario=2026_07_15_01_26_56 timestamp=000098 cavs=[17, 3]
sgcp_constrained receiver=17 policy=all-cluster-heads sources=[17, 3] clusters=6 ra=perception_aware_potential_game comm_bytes=76864 selected_grids={3: 37}
fusion_method=early pred_boxes=16 gt_boxes=18
pred_scores_shape=(16,)
frame=20/41 receiver_sample=6/6 scenario=2026_07_15_01_26_56 timestamp=000098 cavs=[20, 9]
sgcp_constrained receiver=20 policy=all-cluster-heads sources=[20, 9] clusters=6 ra=perception_aware_potential_game comm_bytes=77312 selected_grids={9: 37}
fusion_method=early pred_boxes=12 gt_boxes=31
pred_scores_shape=(12,)
frame=21/41 receiver_sample=1/6 scenario=2026_07_15_01_26_56 timestamp=000100 cavs=[1, 2]
sgcp_constrained receiver=1 policy=all-cluster-heads sources=[1, 2] clusters=6 ra=perception_aware_potential_game comm_bytes=76976 selected_grids={2: 37}
fusion_method=early pred_boxes=14 gt_boxes=30
pred_scores_shape=(14,)
frame=21/41 receiver_sample=2/6 scenario=2026_07_15_01_26_56 timestamp=000100 cavs=[12, 4]
sgcp_constrained receiver=12 policy=all-cluster-heads sources=[12, 4] clusters=6 ra=perception_aware_potential_game comm_bytes=76432 selected_grids={4: 37}
fusion_method=early pred_boxes=10 gt_boxes=31
pred_scores_shape=(10,)
frame=21/41 receiver_sample=3/6 scenario=2026_07_15_01_26_56 timestamp=000100 cavs=[13, 14]
sgcp_constrained receiver=13 policy=all-cluster-heads sources=[13, 14] clusters=6 ra=perception_aware_potential_game comm_bytes=76688 selected_grids={14: 37}
fusion_method=early pred_boxes=7 gt_boxes=15
pred_scores_shape=(7,)
frame=21/41 receiver_sample=4/6 scenario=2026_07_15_01_26_56 timestamp=000100 cavs=[15, 6]
sgcp_constrained receiver=15 policy=all-cluster-heads sources=[15, 6] clusters=6 ra=perception_aware_potential_game comm_bytes=73104 selected_grids={6: 37}
fusion_method=early pred_boxes=13 gt_boxes=20
pred_scores_shape=(13,)
frame=21/41 receiver_sample=5/6 scenario=2026_07_15_01_26_56 timestamp=000100 cavs=[17, 3]
sgcp_constrained receiver=17 policy=all-cluster-heads sources=[17, 3] clusters=6 ra=perception_aware_potential_game comm_bytes=77104 selected_grids={3: 37}
fusion_method=early pred_boxes=15 gt_boxes=18
pred_scores_shape=(15,)
frame=21/41 receiver_sample=6/6 scenario=2026_07_15_01_26_56 timestamp=000100 cavs=[20, 9]
sgcp_constrained receiver=20 policy=all-cluster-heads sources=[20, 9] clusters=6 ra=perception_aware_potential_game comm_bytes=77296 selected_grids={9: 37}
fusion_method=early pred_boxes=12 gt_boxes=29
pred_scores_shape=(12,)
frame=22/41 receiver_sample=1/6 scenario=2026_07_15_01_26_56 timestamp=000102 cavs=[1, 2]
sgcp_constrained receiver=1 policy=all-cluster-heads sources=[1, 2] clusters=6 ra=perception_aware_potential_game comm_bytes=76784 selected_grids={2: 37}
fusion_method=early pred_boxes=16 gt_boxes=31
pred_scores_shape=(16,)
frame=22/41 receiver_sample=2/6 scenario=2026_07_15_01_26_56 timestamp=000102 cavs=[12, 4]
sgcp_constrained receiver=12 policy=all-cluster-heads sources=[12, 4] clusters=6 ra=perception_aware_potential_game comm_bytes=76432 selected_grids={4: 37}
fusion_method=early pred_boxes=10 gt_boxes=31
pred_scores_shape=(10,)
frame=22/41 receiver_sample=3/6 scenario=2026_07_15_01_26_56 timestamp=000102 cavs=[13, 14]
sgcp_constrained receiver=13 policy=all-cluster-heads sources=[13, 14] clusters=6 ra=perception_aware_potential_game comm_bytes=75872 selected_grids={14: 37}
fusion_method=early pred_boxes=7 gt_boxes=13
pred_scores_shape=(7,)
frame=22/41 receiver_sample=4/6 scenario=2026_07_15_01_26_56 timestamp=000102 cavs=[15, 6]
sgcp_constrained receiver=15 policy=all-cluster-heads sources=[15, 6] clusters=6 ra=perception_aware_potential_game comm_bytes=72944 selected_grids={6: 37}Format = auto
Extension = pcd
Format = auto
Extension = pcd
Format = auto
Extension = pcd
Format = auto
Extension = pcd
Format = auto
Extension = pcd
Format = auto
Extension = pcd
Format = auto
Extension = pcd
Format = auto
Extension = pcd
Format = auto
Extension = pcd
Format = auto
Extension = pcd
Format = auto
Extension = pcd
Format = auto
Extension = pcd
Format = auto
Extension = pcd
Format = auto
Extension = pcd
Format = auto
Extension = pcd
Format = auto
Extension = pcd
Format = auto
Extension = pcd
Format = auto
Extension = pcd
Format = auto
Extension = pcd
Format = auto
Extension = pcd
Format = auto
Extension = pcd
Format = auto
Extension = pcd
Format = auto
Extension = pcd
Format = auto
Extension = pcd
Format = auto
Extension = pcd
Format = auto
Extension = pcd
Format = auto
Extension = pcd
Format = auto
Extension = pcd
Format = auto
Extension = pcd
Format = auto
Extension = pcd
Format = auto
Extension = pcd
Format = auto
Extension = pcd
Format = auto
Extension = pcd
Format = auto
Extension = pcd
Format = auto
Extension = pcd
Format = auto
Extension = pcd
Format = auto
Extension = pcd
Format = auto
Extension = pcd
Format = auto
Extension = pcd
Format = auto
Extension = pcd
Format = auto
Extension = pcd
Format = auto
Extension = pcd
Format = auto
Extension = pcd
Format = auto
Extension = pcd
Format = auto
Extension = pcd
Format = auto
Extension = pcd
Format = auto
Extension = pcd
Format = auto
Extension = pcd
Format = auto
Extension = pcd
Format = auto
Extension = pcd
Format = auto
Extension = pcd
Format = auto
Extension = pcd
Format = auto
Extension = pcd
Format = auto
Extension = pcd
Format = auto
Extension = pcd
Format = auto
Extension = pcd
Format = auto
Extension = pcd
Format = auto
Extension = pcd
Format = auto
Extension = pcd
Format = auto
Extension = pcd
Format = auto
Extension = pcd
Format = auto
Extension = pcd
Format = auto
Extension = pcd
Format = auto
Extension = pcd
Format = auto
Extension = pcd
Format = auto
Extension = pcd
Format = auto
Extension = pcd
Format = auto
Extension = pcd
Format = auto
Extension = pcd
Format = auto
Extension = pcd
Format = auto
Extension = pcd
Format = auto
Extension = pcd
Format = auto
Extension = pcd
Format = auto
Extension = pcd
Format = auto
Extension = pcd
Format = auto
Extension = pcd
Format = auto
Extension = pcd
Format = auto
Extension = pcd
Format = auto
Extension = pcd
Format = auto
Extension = pcd

fusion_method=early pred_boxes=13 gt_boxes=22
pred_scores_shape=(13,)
frame=22/41 receiver_sample=5/6 scenario=2026_07_15_01_26_56 timestamp=000102 cavs=[17, 3]
sgcp_constrained receiver=17 policy=all-cluster-heads sources=[17, 3] clusters=6 ra=perception_aware_potential_game comm_bytes=77392 selected_grids={3: 37}
fusion_method=early pred_boxes=14 gt_boxes=18
pred_scores_shape=(14,)
frame=22/41 receiver_sample=6/6 scenario=2026_07_15_01_26_56 timestamp=000102 cavs=[20, 9]
sgcp_constrained receiver=20 policy=all-cluster-heads sources=[20, 9] clusters=6 ra=perception_aware_potential_game comm_bytes=77280 selected_grids={9: 37}
fusion_method=early pred_boxes=12 gt_boxes=29
pred_scores_shape=(12,)
frame=23/41 receiver_sample=1/6 scenario=2026_07_15_01_26_56 timestamp=000104 cavs=[1, 2]
sgcp_constrained receiver=1 policy=all-cluster-heads sources=[1, 2] clusters=6 ra=perception_aware_potential_game comm_bytes=76784 selected_grids={2: 37}
fusion_method=early pred_boxes=16 gt_boxes=31
pred_scores_shape=(16,)
frame=23/41 receiver_sample=2/6 scenario=2026_07_15_01_26_56 timestamp=000104 cavs=[12, 4]
sgcp_constrained receiver=12 policy=all-cluster-heads sources=[12, 4] clusters=6 ra=perception_aware_potential_game comm_bytes=76400 selected_grids={4: 37}
fusion_method=early pred_boxes=11 gt_boxes=31
pred_scores_shape=(11,)
frame=23/41 receiver_sample=3/6 scenario=2026_07_15_01_26_56 timestamp=000104 cavs=[13, 14]
sgcp_constrained receiver=13 policy=all-cluster-heads sources=[13, 14] clusters=6 ra=perception_aware_potential_game comm_bytes=76000 selected_grids={14: 37}
fusion_method=early pred_boxes=6 gt_boxes=14
pred_scores_shape=(6,)
frame=23/41 receiver_sample=4/6 scenario=2026_07_15_01_26_56 timestamp=000104 cavs=[15, 6]
sgcp_constrained receiver=15 policy=all-cluster-heads sources=[15, 6] clusters=6 ra=perception_aware_potential_game comm_bytes=73104 selected_grids={6: 37}
fusion_method=early pred_boxes=14 gt_boxes=23
pred_scores_shape=(14,)
frame=23/41 receiver_sample=5/6 scenario=2026_07_15_01_26_56 timestamp=000104 cavs=[17, 3]
sgcp_constrained receiver=17 policy=all-cluster-heads sources=[17, 3] clusters=6 ra=perception_aware_potential_game comm_bytes=77040 selected_grids={3: 37}
fusion_method=early pred_boxes=14 gt_boxes=19
pred_scores_shape=(14,)
frame=23/41 receiver_sample=6/6 scenario=2026_07_15_01_26_56 timestamp=000104 cavs=[20, 9]
sgcp_constrained receiver=20 policy=all-cluster-heads sources=[20, 9] clusters=6 ra=perception_aware_potential_game comm_bytes=77280 selected_grids={9: 37}
fusion_method=early pred_boxes=12 gt_boxes=29
pred_scores_shape=(12,)
frame=24/41 receiver_sample=1/6 scenario=2026_07_15_01_26_56 timestamp=000106 cavs=[1, 2]
sgcp_constrained receiver=1 policy=all-cluster-heads sources=[1, 2] clusters=6 ra=perception_aware_potential_game comm_bytes=76896 selected_grids={2: 37}
fusion_method=early pred_boxes=13 gt_boxes=31
pred_scores_shape=(13,)
frame=24/41 receiver_sample=2/6 scenario=2026_07_15_01_26_56 timestamp=000106 cavs=[12, 4]
sgcp_constrained receiver=12 policy=all-cluster-heads sources=[12, 4] clusters=6 ra=perception_aware_potential_game comm_bytes=76432 selected_grids={4: 37}
fusion_method=early pred_boxes=9 gt_boxes=31
pred_scores_shape=(9,)
frame=24/41 receiver_sample=3/6 scenario=2026_07_15_01_26_56 timestamp=000106 cavs=[13, 14]
sgcp_constrained receiver=13 policy=all-cluster-heads sources=[13, 14] clusters=6 ra=perception_aware_potential_game comm_bytes=75792 selected_grids={14: 37}
fusion_method=early pred_boxes=7 gt_boxes=14
pred_scores_shape=(7,)
frame=24/41 receiver_sample=4/6 scenario=2026_07_15_01_26_56 timestamp=000106 cavs=[15, 6]
sgcp_constrained receiver=15 policy=all-cluster-heads sources=[15, 6] clusters=6 ra=perception_aware_potential_game comm_bytes=73136 selected_grids={6: 37}
fusion_method=early pred_boxes=12 gt_boxes=23
pred_scores_shape=(12,)
frame=24/41 receiver_sample=5/6 scenario=2026_07_15_01_26_56 timestamp=000106 cavs=[17, 3]
sgcp_constrained receiver=17 policy=all-cluster-heads sources=[17, 3] clusters=6 ra=perception_aware_potential_game comm_bytes=77248 selected_grids={3: 37}
fusion_method=early pred_boxes=15 gt_boxes=19
pred_scores_shape=(15,)
frame=24/41 receiver_sample=6/6 scenario=2026_07_15_01_26_56 timestamp=000106 cavs=[20, 9]
sgcp_constrained receiver=20 policy=all-cluster-heads sources=[20, 9] clusters=6 ra=perception_aware_potential_game comm_bytes=77264 selected_grids={9: 37}
fusion_method=early pred_boxes=12 gt_boxes=29
pred_scores_shape=(12,)
frame=25/41 receiver_sample=1/6 scenario=2026_07_15_01_26_56 timestamp=000108 cavs=[1, 2]
sgcp_constrained receiver=1 policy=all-cluster-heads sources=[1, 2] clusters=6 ra=perception_aware_potential_game comm_bytes=76896 selected_grids={2: 37}
fusion_method=early pred_boxes=14 gt_boxes=31
pred_scores_shape=(14,)
frame=25/41 receiver_sample=2/6 scenario=2026_07_15_01_26_56 timestamp=000108 cavs=[12, 4]
sgcp_constrained receiver=12 policy=all-cluster-heads sources=[12, 4] clusters=6 ra=perception_aware_potential_game comm_bytes=76448 selected_grids={4: 37}
fusion_method=early pred_boxes=11 gt_boxes=31
pred_scores_shape=(11,)
frame=25/41 receiver_sample=3/6 scenario=2026_07_15_01_26_56 timestamp=000108 cavs=[13, 14]
sgcp_constrained receiver=13 policy=all-cluster-heads sources=[13, 14] clusters=6 ra=perception_aware_potential_game comm_bytes=75328 selected_grids={14: 37}
fusion_method=early pred_boxes=6 gt_boxes=14
pred_scores_shape=(6,)
frame=25/41 receiver_sample=4/6 scenario=2026_07_15_01_26_56 timestamp=000108 cavs=[15, 6]
sgcp_constrained receiver=15 policy=all-cluster-heads sources=[15, 6] clusters=6 ra=perception_aware_potential_game comm_bytes=73296 selected_grids={6: 37}
fusion_method=early pred_boxes=14 gt_boxes=24
pred_scores_shape=(14,)
frame=25/41 receiver_sample=5/6 scenario=2026_07_15_01_26_56 timestamp=000108 cavs=[17, 16]
sgcp_constrained receiver=17 policy=all-cluster-heads sources=[17, 16] clusters=6 ra=perception_aware_potential_game comm_bytes=77808 selected_grids={16: 37}
fusion_method=early pred_boxes=13 gt_boxes=21
pred_scores_shape=(13,)
frame=25/41 receiver_sample=6/6 scenario=2026_07_15_01_26_56 timestamp=000108 cavs=[20, 9]
sgcp_constrained receiver=20 policy=all-cluster-heads sources=[20, 9] clusters=6 ra=perception_aware_potential_game comm_bytes=77264 selected_grids={9: 37}
fusion_method=early pred_boxes=13 gt_boxes=29
pred_scores_shape=(13,)
frame=26/41 receiver_sample=1/6 scenario=2026_07_15_01_26_56 timestamp=000110 cavs=[1, 2]
sgcp_constrained receiver=1 policy=all-cluster-heads sources=[1, 2] clusters=6 ra=perception_aware_potential_game comm_bytes=76896 selected_grids={2: 37}
fusion_method=early pred_boxes=14 gt_boxes=31
pred_scores_shape=(14,)
frame=26/41 receiver_sample=2/6 scenario=2026_07_15_01_26_56 timestamp=000110 cavs=[12, 4]
sgcp_constrained receiver=12 policy=all-cluster-heads sources=[12, 4] clusters=6 ra=perception_aware_potential_game comm_bytes=76432 selected_grids={4: 37}
fusion_method=early pred_boxes=10 gt_boxes=31
pred_scores_shape=(10,)
frame=26/41 receiver_sample=3/6 scenario=2026_07_15_01_26_56 timestamp=000110 cavs=[13, 14]
sgcp_constrained receiver=13 policy=all-cluster-heads sources=[13, 14] clusters=6 ra=perception_aware_potential_game comm_bytes=75472 selected_grids={14: 37}
fusion_method=early pred_boxes=6 gt_boxes=14
pred_scores_shape=(6,)
frame=26/41 receiver_sample=4/6 scenario=2026_07_15_01_26_56 timestamp=000110 cavs=[15, 6]
sgcp_constrained receiver=15 policy=all-cluster-heads sources=[15, 6] clusters=6 ra=perception_aware_potential_game comm_bytes=73536 selected_grids={6: 37}
fusion_method=early pred_boxes=15 gt_boxes=24
pred_scores_shape=(15,)
frame=26/41 receiver_sample=5/6 scenario=2026_07_15_01_26_56 timestamp=000110 cavs=[17, 16]
sgcp_constrained receiver=17 policy=all-cluster-heads sources=[17, 16] clusters=6 ra=perception_aware_potential_game comm_bytes=77712 selected_grids={16: 37}
fusion_method=early pred_boxes=13 gt_boxes=21
pred_scores_shape=(13,)
frame=26/41 receiver_sample=6/6 scenario=2026_07_15_01_26_56 timestamp=000110 cavs=[20, 9]
sgcp_constrained receiver=20 policy=all-cluster-heads sources=[20, 9] clusters=6 ra=perception_aware_potential_game comm_bytes=77264 selected_grids={9: 37}Format = auto
Extension = pcd
Format = auto
Extension = pcd
Format = auto
Extension = pcd
Format = auto
Extension = pcd
Format = auto
Extension = pcd
Format = auto
Extension = pcd
Format = auto
Extension = pcd
Format = auto
Extension = pcd
Format = auto
Extension = pcd
Format = auto
Extension = pcd
Format = auto
Extension = pcd
Format = auto
Extension = pcd
Format = auto
Extension = pcd
Format = auto
Extension = pcd
Format = auto
Extension = pcd
Format = auto
Extension = pcd
Format = auto
Extension = pcd
Format = auto
Extension = pcd
Format = auto
Extension = pcd
Format = auto
Extension = pcd
Format = auto
Extension = pcd
Format = auto
Extension = pcd
Format = auto
Extension = pcd
Format = auto
Extension = pcd
Format = auto
Extension = pcd
Format = auto
Extension = pcd
Format = auto
Extension = pcd
Format = auto
Extension = pcd
Format = auto
Extension = pcd
Format = auto
Extension = pcd
Format = auto
Extension = pcd
Format = auto
Extension = pcd
Format = auto
Extension = pcd
Format = auto
Extension = pcd
Format = auto
Extension = pcd
Format = auto
Extension = pcd
Format = auto
Extension = pcd
Format = auto
Extension = pcd
Format = auto
Extension = pcd
Format = auto
Extension = pcd
Format = auto
Extension = pcd
Format = auto
Extension = pcd
Format = auto
Extension = pcd
Format = auto
Extension = pcd
Format = auto
Extension = pcd
Format = auto
Extension = pcd
Format = auto
Extension = pcd
Format = auto
Extension = pcd
Format = auto
Extension = pcd
Format = auto
Extension = pcd
Format = auto
Extension = pcd
Format = auto
Extension = pcd
Format = auto
Extension = pcd
Format = auto
Extension = pcd
Format = auto
Extension = pcd
Format = auto
Extension = pcd
Format = auto
Extension = pcd
Format = auto
Extension = pcd
Format = auto
Extension = pcd
Format = auto
Extension = pcd
Format = auto
Extension = pcd
Format = auto
Extension = pcd
Format = auto
Extension = pcd
Format = auto
Extension = pcd
Format = auto
Extension = pcd
Format = auto
Extension = pcd
Format = auto
Extension = pcd
Format = auto
Extension = pcd
Format = auto
Extension = pcd
Format = auto
Extension = pcd
Format = auto
Extension = pcd
Format = auto
Extension = pcd
Format = auto
Extension = pcd
Format = auto
Extension = pcd
Format = auto
Extension = pcd
Format = auto
Extension = pcd
Format = auto
Extension = pcd
Format = auto
Extension = pcd
Format = auto
Extension = pcd
Format = auto
Extension = pcd
Format = auto
Extension = pcd
Format = auto
Extension = pcd
Format = auto
Extension = pcd
Format = auto
Extension = pcd
Format = auto
Extension = pcd
Format = auto
Extension = pcd
Format = auto
Extension = pcd
Format = auto
Extension = pcd
Format = auto
Extension = pcd
Format = auto
Extension = pcd
Format = auto
Extension = pcd
Format = auto
Extension = pcd
Format = auto
Extension = pcd
Format = auto
Extension = pcd
Format = auto
Extension = pcd
Format = auto
Extension = pcd
Format = auto
Extension = pcd
Format = auto
Extension = pcd
Format = auto
Extension = pcd
Format = auto
Extension = pcd

fusion_method=early pred_boxes=12 gt_boxes=29
pred_scores_shape=(12,)
frame=27/41 receiver_sample=1/6 scenario=2026_07_15_01_26_56 timestamp=000112 cavs=[1, 2]
sgcp_constrained receiver=1 policy=all-cluster-heads sources=[1, 2] clusters=6 ra=perception_aware_potential_game comm_bytes=76912 selected_grids={2: 37}
fusion_method=early pred_boxes=15 gt_boxes=31
pred_scores_shape=(15,)
frame=27/41 receiver_sample=2/6 scenario=2026_07_15_01_26_56 timestamp=000112 cavs=[12, 4]
sgcp_constrained receiver=12 policy=all-cluster-heads sources=[12, 4] clusters=6 ra=perception_aware_potential_game comm_bytes=76400 selected_grids={4: 37}
fusion_method=early pred_boxes=12 gt_boxes=31
pred_scores_shape=(12,)
frame=27/41 receiver_sample=3/6 scenario=2026_07_15_01_26_56 timestamp=000112 cavs=[13, 14]
sgcp_constrained receiver=13 policy=all-cluster-heads sources=[13, 14] clusters=6 ra=perception_aware_potential_game comm_bytes=74992 selected_grids={14: 37}
fusion_method=early pred_boxes=7 gt_boxes=12
pred_scores_shape=(7,)
frame=27/41 receiver_sample=4/6 scenario=2026_07_15_01_26_56 timestamp=000112 cavs=[15, 6]
sgcp_constrained receiver=15 policy=all-cluster-heads sources=[15, 6] clusters=6 ra=perception_aware_potential_game comm_bytes=73296 selected_grids={6: 37}
fusion_method=early pred_boxes=14 gt_boxes=24
pred_scores_shape=(14,)
frame=27/41 receiver_sample=5/6 scenario=2026_07_15_01_26_56 timestamp=000112 cavs=[17, 16]
sgcp_constrained receiver=17 policy=all-cluster-heads sources=[17, 16] clusters=6 ra=perception_aware_potential_game comm_bytes=77584 selected_grids={16: 37}
fusion_method=early pred_boxes=14 gt_boxes=21
pred_scores_shape=(14,)
frame=27/41 receiver_sample=6/6 scenario=2026_07_15_01_26_56 timestamp=000112 cavs=[20, 9]
sgcp_constrained receiver=20 policy=all-cluster-heads sources=[20, 9] clusters=6 ra=perception_aware_potential_game comm_bytes=77264 selected_grids={9: 37}
fusion_method=early pred_boxes=12 gt_boxes=29
pred_scores_shape=(12,)
frame=28/41 receiver_sample=1/6 scenario=2026_07_15_01_26_56 timestamp=000114 cavs=[1, 2]
sgcp_constrained receiver=1 policy=all-cluster-heads sources=[1, 2] clusters=6 ra=perception_aware_potential_game comm_bytes=76880 selected_grids={2: 37}
fusion_method=early pred_boxes=13 gt_boxes=31
pred_scores_shape=(13,)
frame=28/41 receiver_sample=2/6 scenario=2026_07_15_01_26_56 timestamp=000114 cavs=[12, 4]
sgcp_constrained receiver=12 policy=all-cluster-heads sources=[12, 4] clusters=6 ra=perception_aware_potential_game comm_bytes=76432 selected_grids={4: 37}
fusion_method=early pred_boxes=12 gt_boxes=32
pred_scores_shape=(12,)
frame=28/41 receiver_sample=3/6 scenario=2026_07_15_01_26_56 timestamp=000114 cavs=[13, 14]
sgcp_constrained receiver=13 policy=all-cluster-heads sources=[13, 14] clusters=6 ra=perception_aware_potential_game comm_bytes=75264 selected_grids={14: 37}
fusion_method=early pred_boxes=6 gt_boxes=13
pred_scores_shape=(6,)
frame=28/41 receiver_sample=4/6 scenario=2026_07_15_01_26_56 timestamp=000114 cavs=[15, 6]
sgcp_constrained receiver=15 policy=all-cluster-heads sources=[15, 6] clusters=6 ra=perception_aware_potential_game comm_bytes=73200 selected_grids={6: 37}
fusion_method=early pred_boxes=13 gt_boxes=24
pred_scores_shape=(13,)
frame=28/41 receiver_sample=5/6 scenario=2026_07_15_01_26_56 timestamp=000114 cavs=[17, 16]
sgcp_constrained receiver=17 policy=all-cluster-heads sources=[17, 16] clusters=6 ra=perception_aware_potential_game comm_bytes=78128 selected_grids={16: 37}
fusion_method=early pred_boxes=14 gt_boxes=21
pred_scores_shape=(14,)
frame=28/41 receiver_sample=6/6 scenario=2026_07_15_01_26_56 timestamp=000114 cavs=[20, 9]
sgcp_constrained receiver=20 policy=all-cluster-heads sources=[20, 9] clusters=6 ra=perception_aware_potential_game comm_bytes=77248 selected_grids={9: 37}
fusion_method=early pred_boxes=12 gt_boxes=28
pred_scores_shape=(12,)
frame=29/41 receiver_sample=1/6 scenario=2026_07_15_01_26_56 timestamp=000116 cavs=[1, 2]
sgcp_constrained receiver=1 policy=all-cluster-heads sources=[1, 2] clusters=6 ra=perception_aware_potential_game comm_bytes=76880 selected_grids={2: 37}
fusion_method=early pred_boxes=13 gt_boxes=31
pred_scores_shape=(13,)
frame=29/41 receiver_sample=2/6 scenario=2026_07_15_01_26_56 timestamp=000116 cavs=[12, 4]
sgcp_constrained receiver=12 policy=all-cluster-heads sources=[12, 4] clusters=6 ra=perception_aware_potential_game comm_bytes=76432 selected_grids={4: 37}
fusion_method=early pred_boxes=11 gt_boxes=30
pred_scores_shape=(11,)
frame=29/41 receiver_sample=3/6 scenario=2026_07_15_01_26_56 timestamp=000116 cavs=[13, 14]
sgcp_constrained receiver=13 policy=all-cluster-heads sources=[13, 14] clusters=6 ra=perception_aware_potential_game comm_bytes=75232 selected_grids={14: 37}
fusion_method=early pred_boxes=6 gt_boxes=13
pred_scores_shape=(6,)
frame=29/41 receiver_sample=4/6 scenario=2026_07_15_01_26_56 timestamp=000116 cavs=[15, 6]
sgcp_constrained receiver=15 policy=all-cluster-heads sources=[15, 6] clusters=6 ra=perception_aware_potential_game comm_bytes=73664 selected_grids={6: 37}
fusion_method=early pred_boxes=13 gt_boxes=24
pred_scores_shape=(13,)
frame=29/41 receiver_sample=5/6 scenario=2026_07_15_01_26_56 timestamp=000116 cavs=[17, 16]
sgcp_constrained receiver=17 policy=all-cluster-heads sources=[17, 16] clusters=6 ra=perception_aware_potential_game comm_bytes=78016 selected_grids={16: 37}
fusion_method=early pred_boxes=15 gt_boxes=20
pred_scores_shape=(15,)
frame=29/41 receiver_sample=6/6 scenario=2026_07_15_01_26_56 timestamp=000116 cavs=[20, 9]
sgcp_constrained receiver=20 policy=all-cluster-heads sources=[20, 9] clusters=6 ra=perception_aware_potential_game comm_bytes=77232 selected_grids={9: 37}
fusion_method=early pred_boxes=12 gt_boxes=28
pred_scores_shape=(12,)
frame=30/41 receiver_sample=1/6 scenario=2026_07_15_01_26_56 timestamp=000118 cavs=[1, 2]
sgcp_constrained receiver=1 policy=all-cluster-heads sources=[1, 2] clusters=6 ra=perception_aware_potential_game comm_bytes=77088 selected_grids={2: 37}
fusion_method=early pred_boxes=14 gt_boxes=31
pred_scores_shape=(14,)
frame=30/41 receiver_sample=2/6 scenario=2026_07_15_01_26_56 timestamp=000118 cavs=[12, 4]
sgcp_constrained receiver=12 policy=all-cluster-heads sources=[12, 4] clusters=6 ra=perception_aware_potential_game comm_bytes=76416 selected_grids={4: 37}
fusion_method=early pred_boxes=12 gt_boxes=30
pred_scores_shape=(12,)
frame=30/41 receiver_sample=3/6 scenario=2026_07_15_01_26_56 timestamp=000118 cavs=[13, 14]
sgcp_constrained receiver=13 policy=all-cluster-heads sources=[13, 14] clusters=6 ra=perception_aware_potential_game comm_bytes=75456 selected_grids={14: 37}
fusion_method=early pred_boxes=7 gt_boxes=13
pred_scores_shape=(7,)
frame=30/41 receiver_sample=4/6 scenario=2026_07_15_01_26_56 timestamp=000118 cavs=[15, 6]
sgcp_constrained receiver=15 policy=all-cluster-heads sources=[15, 6] clusters=6 ra=perception_aware_potential_game comm_bytes=73808 selected_grids={6: 37}
fusion_method=early pred_boxes=13 gt_boxes=23
pred_scores_shape=(13,)
frame=30/41 receiver_sample=5/6 scenario=2026_07_15_01_26_56 timestamp=000118 cavs=[17, 16]
sgcp_constrained receiver=17 policy=all-cluster-heads sources=[17, 16] clusters=6 ra=perception_aware_potential_game comm_bytes=78208 selected_grids={16: 37}
fusion_method=early pred_boxes=14 gt_boxes=21
pred_scores_shape=(14,)
frame=30/41 receiver_sample=6/6 scenario=2026_07_15_01_26_56 timestamp=000118 cavs=[20, 9]
sgcp_constrained receiver=20 policy=all-cluster-heads sources=[20, 9] clusters=6 ra=perception_aware_potential_game comm_bytes=77216 selected_grids={9: 37}
fusion_method=early pred_boxes=11 gt_boxes=28
pred_scores_shape=(11,)
frame=31/41 receiver_sample=1/6 scenario=2026_07_15_01_26_56 timestamp=000120 cavs=[1, 2]
sgcp_constrained receiver=1 policy=all-cluster-heads sources=[1, 2] clusters=6 ra=perception_aware_potential_game comm_bytes=77120 selected_grids={2: 37}
fusion_method=early pred_boxes=12 gt_boxes=31
pred_scores_shape=(12,)
frame=31/41 receiver_sample=2/6 scenario=2026_07_15_01_26_56 timestamp=000120 cavs=[12, 4]
sgcp_constrained receiver=12 policy=all-cluster-heads sources=[12, 4] clusters=6 ra=perception_aware_potential_game comm_bytes=76416 selected_grids={4: 37}Format = auto
Extension = pcd
Format = auto
Extension = pcd
Format = auto
Extension = pcd
Format = auto
Extension = pcd
Format = auto
Extension = pcd
Format = auto
Extension = pcd
Format = auto
Extension = pcd
Format = auto
Extension = pcd
Format = auto
Extension = pcd
Format = auto
Extension = pcd
Format = auto
Extension = pcd
Format = auto
Extension = pcd
Format = auto
Extension = pcd
Format = auto
Extension = pcd
Format = auto
Extension = pcd
Format = auto
Extension = pcd
Format = auto
Extension = pcd
Format = auto
Extension = pcd
Format = auto
Extension = pcd
Format = auto
Extension = pcd
Format = auto
Extension = pcd
Format = auto
Extension = pcd
Format = auto
Extension = pcd
Format = auto
Extension = pcd
Format = auto
Extension = pcd
Format = auto
Extension = pcd
Format = auto
Extension = pcd
Format = auto
Extension = pcd
Format = auto
Extension = pcd
Format = auto
Extension = pcd
Format = auto
Extension = pcd
Format = auto
Extension = pcd
Format = auto
Extension = pcd
Format = auto
Extension = pcd
Format = auto
Extension = pcd
Format = auto
Extension = pcd
Format = auto
Extension = pcd
Format = auto
Extension = pcd
Format = auto
Extension = pcd
Format = auto
Extension = pcd
Format = auto
Extension = pcd
Format = auto
Extension = pcd
Format = auto
Extension = pcd
Format = auto
Extension = pcd
Format = auto
Extension = pcd
Format = auto
Extension = pcd
Format = auto
Extension = pcd
Format = auto
Extension = pcd
Format = auto
Extension = pcd
Format = auto
Extension = pcd
Format = auto
Extension = pcd
Format = auto
Extension = pcd
Format = auto
Extension = pcd
Format = auto
Extension = pcd
Format = auto
Extension = pcd
Format = auto
Extension = pcd
Format = auto
Extension = pcd
Format = auto
Extension = pcd
Format = auto
Extension = pcd
Format = auto
Extension = pcd
Format = auto
Extension = pcd
Format = auto
Extension = pcd
Format = auto
Extension = pcd
Format = auto
Extension = pcd
Format = auto
Extension = pcd
Format = auto
Extension = pcd
Format = auto
Extension = pcd
Format = auto
Extension = pcd
Format = auto
Extension = pcd
Format = auto
Extension = pcd
Format = auto
Extension = pcd
Format = auto
Extension = pcd
Format = auto
Extension = pcd
Format = auto
Extension = pcd
Format = auto
Extension = pcd
Format = auto
Extension = pcd
Format = auto
Extension = pcd
Format = auto
Extension = pcd
Format = auto
Extension = pcd
Format = auto
Extension = pcd

fusion_method=early pred_boxes=11 gt_boxes=31
pred_scores_shape=(11,)
frame=31/41 receiver_sample=3/6 scenario=2026_07_15_01_26_56 timestamp=000120 cavs=[13, 14]
sgcp_constrained receiver=13 policy=all-cluster-heads sources=[13, 14] clusters=6 ra=perception_aware_potential_game comm_bytes=75760 selected_grids={14: 37}
fusion_method=early pred_boxes=6 gt_boxes=13
pred_scores_shape=(6,)
frame=31/41 receiver_sample=4/6 scenario=2026_07_15_01_26_56 timestamp=000120 cavs=[15, 6]
sgcp_constrained receiver=15 policy=all-cluster-heads sources=[15, 6] clusters=6 ra=perception_aware_potential_game comm_bytes=73520 selected_grids={6: 37}
fusion_method=early pred_boxes=15 gt_boxes=23
pred_scores_shape=(15,)
frame=31/41 receiver_sample=5/6 scenario=2026_07_15_01_26_56 timestamp=000120 cavs=[17, 16]
sgcp_constrained receiver=17 policy=all-cluster-heads sources=[17, 16] clusters=6 ra=perception_aware_potential_game comm_bytes=78112 selected_grids={16: 37}
fusion_method=early pred_boxes=14 gt_boxes=20
pred_scores_shape=(14,)
frame=31/41 receiver_sample=6/6 scenario=2026_07_15_01_26_56 timestamp=000120 cavs=[20, 9]
sgcp_constrained receiver=20 policy=all-cluster-heads sources=[20, 9] clusters=6 ra=perception_aware_potential_game comm_bytes=77232 selected_grids={9: 37}
fusion_method=early pred_boxes=12 gt_boxes=28
pred_scores_shape=(12,)
frame=32/41 receiver_sample=1/6 scenario=2026_07_15_01_26_56 timestamp=000122 cavs=[1, 2]
sgcp_constrained receiver=1 policy=all-cluster-heads sources=[1, 2] clusters=6 ra=perception_aware_potential_game comm_bytes=77104 selected_grids={2: 37}
fusion_method=early pred_boxes=14 gt_boxes=31
pred_scores_shape=(14,)
frame=32/41 receiver_sample=2/6 scenario=2026_07_15_01_26_56 timestamp=000122 cavs=[12, 4]
sgcp_constrained receiver=12 policy=all-cluster-heads sources=[12, 4] clusters=6 ra=perception_aware_potential_game comm_bytes=76384 selected_grids={4: 37}
fusion_method=early pred_boxes=9 gt_boxes=32
pred_scores_shape=(9,)
frame=32/41 receiver_sample=3/6 scenario=2026_07_15_01_26_56 timestamp=000122 cavs=[13, 14]
sgcp_constrained receiver=13 policy=all-cluster-heads sources=[13, 14] clusters=6 ra=perception_aware_potential_game comm_bytes=75632 selected_grids={14: 37}
fusion_method=early pred_boxes=6 gt_boxes=13
pred_scores_shape=(6,)
frame=32/41 receiver_sample=4/6 scenario=2026_07_15_01_26_56 timestamp=000122 cavs=[15, 6]
sgcp_constrained receiver=15 policy=all-cluster-heads sources=[15, 6] clusters=6 ra=perception_aware_potential_game comm_bytes=73728 selected_grids={6: 37}
fusion_method=early pred_boxes=15 gt_boxes=23
pred_scores_shape=(15,)
frame=32/41 receiver_sample=5/6 scenario=2026_07_15_01_26_56 timestamp=000122 cavs=[17, 16]
sgcp_constrained receiver=17 policy=all-cluster-heads sources=[17, 16] clusters=6 ra=perception_aware_potential_game comm_bytes=78368 selected_grids={16: 37}
fusion_method=early pred_boxes=15 gt_boxes=20
pred_scores_shape=(15,)
frame=32/41 receiver_sample=6/6 scenario=2026_07_15_01_26_56 timestamp=000122 cavs=[20, 9]
sgcp_constrained receiver=20 policy=all-cluster-heads sources=[20, 9] clusters=6 ra=perception_aware_potential_game comm_bytes=77216 selected_grids={9: 37}
fusion_method=early pred_boxes=12 gt_boxes=28
pred_scores_shape=(12,)
frame=33/41 receiver_sample=1/6 scenario=2026_07_15_01_26_56 timestamp=000124 cavs=[1, 2]
sgcp_constrained receiver=1 policy=all-cluster-heads sources=[1, 2] clusters=6 ra=perception_aware_potential_game comm_bytes=77120 selected_grids={2: 37}
fusion_method=early pred_boxes=14 gt_boxes=31
pred_scores_shape=(14,)
frame=33/41 receiver_sample=2/6 scenario=2026_07_15_01_26_56 timestamp=000124 cavs=[12, 4]
sgcp_constrained receiver=12 policy=all-cluster-heads sources=[12, 4] clusters=6 ra=perception_aware_potential_game comm_bytes=76416 selected_grids={4: 37}
fusion_method=early pred_boxes=12 gt_boxes=32
pred_scores_shape=(12,)
frame=33/41 receiver_sample=3/6 scenario=2026_07_15_01_26_56 timestamp=000124 cavs=[13, 14]
sgcp_constrained receiver=13 policy=all-cluster-heads sources=[13, 14] clusters=6 ra=perception_aware_potential_game comm_bytes=75264 selected_grids={14: 37}
fusion_method=early pred_boxes=8 gt_boxes=12
pred_scores_shape=(8,)
frame=33/41 receiver_sample=4/6 scenario=2026_07_15_01_26_56 timestamp=000124 cavs=[15, 6]
sgcp_constrained receiver=15 policy=all-cluster-heads sources=[15, 6] clusters=6 ra=perception_aware_potential_game comm_bytes=73936 selected_grids={6: 37}
fusion_method=early pred_boxes=13 gt_boxes=23
pred_scores_shape=(13,)
frame=33/41 receiver_sample=5/6 scenario=2026_07_15_01_26_56 timestamp=000124 cavs=[17, 16]
sgcp_constrained receiver=17 policy=all-cluster-heads sources=[17, 16] clusters=6 ra=perception_aware_potential_game comm_bytes=78768 selected_grids={16: 37}
fusion_method=early pred_boxes=13 gt_boxes=20
pred_scores_shape=(13,)
frame=33/41 receiver_sample=6/6 scenario=2026_07_15_01_26_56 timestamp=000124 cavs=[20, 9]
sgcp_constrained receiver=20 policy=all-cluster-heads sources=[20, 9] clusters=6 ra=perception_aware_potential_game comm_bytes=77200 selected_grids={9: 37}
fusion_method=early pred_boxes=11 gt_boxes=28
pred_scores_shape=(11,)
frame=34/41 receiver_sample=1/6 scenario=2026_07_15_01_26_56 timestamp=000126 cavs=[1, 2]
sgcp_constrained receiver=1 policy=all-cluster-heads sources=[1, 2] clusters=6 ra=perception_aware_potential_game comm_bytes=77184 selected_grids={2: 37}
fusion_method=early pred_boxes=14 gt_boxes=31
pred_scores_shape=(14,)
frame=34/41 receiver_sample=2/6 scenario=2026_07_15_01_26_56 timestamp=000126 cavs=[12, 4]
sgcp_constrained receiver=12 policy=all-cluster-heads sources=[12, 4] clusters=6 ra=perception_aware_potential_game comm_bytes=76384 selected_grids={4: 37}
fusion_method=early pred_boxes=8 gt_boxes=33
pred_scores_shape=(8,)
frame=34/41 receiver_sample=3/6 scenario=2026_07_15_01_26_56 timestamp=000126 cavs=[13, 14]
sgcp_constrained receiver=13 policy=all-cluster-heads sources=[13, 14] clusters=6 ra=perception_aware_potential_game comm_bytes=74928 selected_grids={14: 37}
fusion_method=early pred_boxes=7 gt_boxes=12
pred_scores_shape=(7,)
frame=34/41 receiver_sample=4/6 scenario=2026_07_15_01_26_56 timestamp=000126 cavs=[15, 6]
sgcp_constrained receiver=15 policy=all-cluster-heads sources=[15, 6] clusters=6 ra=perception_aware_potential_game comm_bytes=73952 selected_grids={6: 37}
fusion_method=early pred_boxes=13 gt_boxes=24
pred_scores_shape=(13,)
frame=34/41 receiver_sample=5/6 scenario=2026_07_15_01_26_56 timestamp=000126 cavs=[17, 16]
sgcp_constrained receiver=17 policy=all-cluster-heads sources=[17, 16] clusters=6 ra=perception_aware_potential_game comm_bytes=78784 selected_grids={16: 37}
fusion_method=early pred_boxes=13 gt_boxes=19
pred_scores_shape=(13,)
frame=34/41 receiver_sample=6/6 scenario=2026_07_15_01_26_56 timestamp=000126 cavs=[20, 9]
sgcp_constrained receiver=20 policy=all-cluster-heads sources=[20, 9] clusters=6 ra=perception_aware_potential_game comm_bytes=77216 selected_grids={9: 37}
fusion_method=early pred_boxes=12 gt_boxes=28
pred_scores_shape=(12,)
frame=35/41 receiver_sample=1/6 scenario=2026_07_15_01_26_56 timestamp=000128 cavs=[1, 2]
sgcp_constrained receiver=1 policy=all-cluster-heads sources=[1, 2] clusters=6 ra=perception_aware_potential_game comm_bytes=77056 selected_grids={2: 37}
fusion_method=early pred_boxes=13 gt_boxes=30
pred_scores_shape=(13,)
frame=35/41 receiver_sample=2/6 scenario=2026_07_15_01_26_56 timestamp=000128 cavs=[12, 4]
sgcp_constrained receiver=12 policy=all-cluster-heads sources=[12, 4] clusters=6 ra=perception_aware_potential_game comm_bytes=76400 selected_grids={4: 37}
fusion_method=early pred_boxes=10 gt_boxes=33
pred_scores_shape=(10,)
frame=35/41 receiver_sample=3/6 scenario=2026_07_15_01_26_56 timestamp=000128 cavs=[13, 14]
sgcp_constrained receiver=13 policy=all-cluster-heads sources=[13, 14] clusters=6 ra=perception_aware_potential_game comm_bytes=75552 selected_grids={14: 37}
fusion_method=early pred_boxes=6 gt_boxes=10
pred_scores_shape=(6,)
frame=35/41 receiver_sample=4/6 scenario=2026_07_15_01_26_56 timestamp=000128 cavs=[15, 6]
sgcp_constrained receiver=15 policy=all-cluster-heads sources=[15, 6] clusters=6 ra=perception_aware_potential_game comm_bytes=73968 selected_grids={6: 37}Format = auto
Extension = pcd
Format = auto
Extension = pcd
Format = auto
Extension = pcd
Format = auto
Extension = pcd
Format = auto
Extension = pcd
Format = auto
Extension = pcd
Format = auto
Extension = pcd
Format = auto
Extension = pcd
Format = auto
Extension = pcd
Format = auto
Extension = pcd
Format = auto
Extension = pcd
Format = auto
Extension = pcd
Format = auto
Extension = pcd
Format = auto
Extension = pcd
Format = auto
Extension = pcd
Format = auto
Extension = pcd
Format = auto
Extension = pcd
Format = auto
Extension = pcd
Format = auto
Extension = pcd
Format = auto
Extension = pcd
Format = auto
Extension = pcd
Format = auto
Extension = pcd
Format = auto
Extension = pcd
Format = auto
Extension = pcd
Format = auto
Extension = pcd
Format = auto
Extension = pcd
Format = auto
Extension = pcd
Format = auto
Extension = pcd
Format = auto
Extension = pcd
Format = auto
Extension = pcd
Format = auto
Extension = pcd
Format = auto
Extension = pcd
Format = auto
Extension = pcd
Format = auto
Extension = pcd
Format = auto
Extension = pcd
Format = auto
Extension = pcd
Format = auto
Extension = pcd
Format = auto
Extension = pcd
Format = auto
Extension = pcd
Format = auto
Extension = pcd
Format = auto
Extension = pcd
Format = auto
Extension = pcd
Format = auto
Extension = pcd
Format = auto
Extension = pcd
Format = auto
Extension = pcd
Format = auto
Extension = pcd
Format = auto
Extension = pcd
Format = auto
Extension = pcd
Format = auto
Extension = pcd
Format = auto
Extension = pcd
Format = auto
Extension = pcd
Format = auto
Extension = pcd
Format = auto
Extension = pcd
Format = auto
Extension = pcd
Format = auto
Extension = pcd
Format = auto
Extension = pcd
Format = auto
Extension = pcd
Format = auto
Extension = pcd
Format = auto
Extension = pcd
Format = auto
Extension = pcd
Format = auto
Extension = pcd
Format = auto
Extension = pcd
Format = auto
Extension = pcd
Format = auto
Extension = pcd
Format = auto
Extension = pcd
Format = auto
Extension = pcd
Format = auto
Extension = pcd
Format = auto
Extension = pcd
Format = auto
Extension = pcd
Format = auto
Extension = pcd
Format = auto
Extension = pcd
Format = auto
Extension = pcd
Format = auto
Extension = pcd
Format = auto
Extension = pcd
Format = auto
Extension = pcd
Format = auto
Extension = pcd
Format = auto
Extension = pcd
Format = auto
Extension = pcd
Format = auto
Extension = pcd
Format = auto
Extension = pcd

fusion_method=early pred_boxes=13 gt_boxes=24
pred_scores_shape=(13,)
frame=35/41 receiver_sample=5/6 scenario=2026_07_15_01_26_56 timestamp=000128 cavs=[17, 16]
sgcp_constrained receiver=17 policy=all-cluster-heads sources=[17, 16] clusters=6 ra=perception_aware_potential_game comm_bytes=79040 selected_grids={16: 37}
fusion_method=early pred_boxes=13 gt_boxes=20
pred_scores_shape=(13,)
frame=35/41 receiver_sample=6/6 scenario=2026_07_15_01_26_56 timestamp=000128 cavs=[20, 9]
sgcp_constrained receiver=20 policy=all-cluster-heads sources=[20, 9] clusters=6 ra=perception_aware_potential_game comm_bytes=77232 selected_grids={9: 37}
fusion_method=early pred_boxes=12 gt_boxes=28
pred_scores_shape=(12,)
frame=36/41 receiver_sample=1/6 scenario=2026_07_15_01_26_56 timestamp=000130 cavs=[1, 2]
sgcp_constrained receiver=1 policy=all-cluster-heads sources=[1, 2] clusters=6 ra=perception_aware_potential_game comm_bytes=76928 selected_grids={2: 37}
fusion_method=early pred_boxes=14 gt_boxes=30
pred_scores_shape=(14,)
frame=36/41 receiver_sample=2/6 scenario=2026_07_15_01_26_56 timestamp=000130 cavs=[12, 4]
sgcp_constrained receiver=12 policy=all-cluster-heads sources=[12, 4] clusters=6 ra=perception_aware_potential_game comm_bytes=76400 selected_grids={4: 37}
fusion_method=early pred_boxes=8 gt_boxes=33
pred_scores_shape=(8,)
frame=36/41 receiver_sample=3/6 scenario=2026_07_15_01_26_56 timestamp=000130 cavs=[13, 14]
sgcp_constrained receiver=13 policy=all-cluster-heads sources=[13, 14] clusters=6 ra=perception_aware_potential_game comm_bytes=76096 selected_grids={14: 37}
fusion_method=early pred_boxes=7 gt_boxes=11
pred_scores_shape=(7,)
frame=36/41 receiver_sample=4/6 scenario=2026_07_15_01_26_56 timestamp=000130 cavs=[15, 6]
sgcp_constrained receiver=15 policy=all-cluster-heads sources=[15, 6] clusters=6 ra=perception_aware_potential_game comm_bytes=73904 selected_grids={6: 37}
fusion_method=early pred_boxes=11 gt_boxes=23
pred_scores_shape=(11,)
frame=36/41 receiver_sample=5/6 scenario=2026_07_15_01_26_56 timestamp=000130 cavs=[17, 16]
sgcp_constrained receiver=17 policy=all-cluster-heads sources=[17, 16] clusters=6 ra=perception_aware_potential_game comm_bytes=78992 selected_grids={16: 37}
fusion_method=early pred_boxes=14 gt_boxes=21
pred_scores_shape=(14,)
frame=36/41 receiver_sample=6/6 scenario=2026_07_15_01_26_56 timestamp=000130 cavs=[20, 9]
sgcp_constrained receiver=20 policy=all-cluster-heads sources=[20, 9] clusters=6 ra=perception_aware_potential_game comm_bytes=77216 selected_grids={9: 37}
fusion_method=early pred_boxes=11 gt_boxes=28
pred_scores_shape=(11,)
frame=37/41 receiver_sample=1/6 scenario=2026_07_15_01_26_56 timestamp=000132 cavs=[4, 12]
sgcp_constrained receiver=4 policy=all-cluster-heads sources=[4, 12] clusters=6 ra=perception_aware_potential_game comm_bytes=77904 selected_grids={12: 37}
fusion_method=early pred_boxes=9 gt_boxes=30
pred_scores_shape=(9,)
frame=37/41 receiver_sample=2/6 scenario=2026_07_15_01_26_56 timestamp=000132 cavs=[11, 2]
sgcp_constrained receiver=11 policy=all-cluster-heads sources=[11, 2] clusters=6 ra=perception_aware_potential_game comm_bytes=76944 selected_grids={2: 37}
fusion_method=early pred_boxes=13 gt_boxes=38
pred_scores_shape=(13,)
frame=37/41 receiver_sample=3/6 scenario=2026_07_15_01_26_56 timestamp=000132 cavs=[13, 14]
sgcp_constrained receiver=13 policy=all-cluster-heads sources=[13, 14] clusters=6 ra=perception_aware_potential_game comm_bytes=75568 selected_grids={14: 37}
fusion_method=early pred_boxes=6 gt_boxes=11
pred_scores_shape=(6,)
frame=37/41 receiver_sample=4/6 scenario=2026_07_15_01_26_56 timestamp=000132 cavs=[15, 6]
sgcp_constrained receiver=15 policy=all-cluster-heads sources=[15, 6] clusters=6 ra=perception_aware_potential_game comm_bytes=73744 selected_grids={6: 37}
fusion_method=early pred_boxes=13 gt_boxes=22
pred_scores_shape=(13,)
frame=37/41 receiver_sample=5/6 scenario=2026_07_15_01_26_56 timestamp=000132 cavs=[17, 16]
sgcp_constrained receiver=17 policy=all-cluster-heads sources=[17, 16] clusters=6 ra=perception_aware_potential_game comm_bytes=78608 selected_grids={16: 37}
fusion_method=early pred_boxes=13 gt_boxes=21
pred_scores_shape=(13,)
frame=37/41 receiver_sample=6/6 scenario=2026_07_15_01_26_56 timestamp=000132 cavs=[20, 5]
sgcp_constrained receiver=20 policy=all-cluster-heads sources=[20, 5] clusters=6 ra=perception_aware_potential_game comm_bytes=76752 selected_grids={5: 37}
fusion_method=early pred_boxes=12 gt_boxes=31
pred_scores_shape=(12,)
frame=38/41 receiver_sample=1/6 scenario=2026_07_15_01_26_56 timestamp=000134 cavs=[4, 12]
sgcp_constrained receiver=4 policy=all-cluster-heads sources=[4, 12] clusters=6 ra=perception_aware_potential_game comm_bytes=78000 selected_grids={12: 37}
fusion_method=early pred_boxes=9 gt_boxes=30
pred_scores_shape=(9,)
frame=38/41 receiver_sample=2/6 scenario=2026_07_15_01_26_56 timestamp=000134 cavs=[11, 2]
sgcp_constrained receiver=11 policy=all-cluster-heads sources=[11, 2] clusters=6 ra=perception_aware_potential_game comm_bytes=76944 selected_grids={2: 37}
fusion_method=early pred_boxes=12 gt_boxes=38
pred_scores_shape=(12,)
frame=38/41 receiver_sample=3/6 scenario=2026_07_15_01_26_56 timestamp=000134 cavs=[13, 14]
sgcp_constrained receiver=13 policy=all-cluster-heads sources=[13, 14] clusters=6 ra=perception_aware_potential_game comm_bytes=75856 selected_grids={14: 37}
fusion_method=early pred_boxes=6 gt_boxes=11
pred_scores_shape=(6,)
frame=38/41 receiver_sample=4/6 scenario=2026_07_15_01_26_56 timestamp=000134 cavs=[15, 6]
sgcp_constrained receiver=15 policy=all-cluster-heads sources=[15, 6] clusters=6 ra=perception_aware_potential_game comm_bytes=73696 selected_grids={6: 37}
fusion_method=early pred_boxes=13 gt_boxes=25
pred_scores_shape=(13,)
frame=38/41 receiver_sample=5/6 scenario=2026_07_15_01_26_56 timestamp=000134 cavs=[17, 16]
sgcp_constrained receiver=17 policy=all-cluster-heads sources=[17, 16] clusters=6 ra=perception_aware_potential_game comm_bytes=78976 selected_grids={16: 37}
fusion_method=early pred_boxes=13 gt_boxes=21
pred_scores_shape=(13,)
frame=38/41 receiver_sample=6/6 scenario=2026_07_15_01_26_56 timestamp=000134 cavs=[20, 5]
sgcp_constrained receiver=20 policy=all-cluster-heads sources=[20, 5] clusters=6 ra=perception_aware_potential_game comm_bytes=76480 selected_grids={5: 37}
fusion_method=early pred_boxes=13 gt_boxes=32
pred_scores_shape=(13,)
frame=39/41 receiver_sample=1/6 scenario=2026_07_15_01_26_56 timestamp=000136 cavs=[2, 6]
sgcp_constrained receiver=2 policy=all-cluster-heads sources=[2, 6] clusters=6 ra=perception_aware_potential_game comm_bytes=73792 selected_grids={6: 37}
fusion_method=early pred_boxes=14 gt_boxes=32
pred_scores_shape=(14,)
frame=39/41 receiver_sample=2/6 scenario=2026_07_15_01_26_56 timestamp=000136 cavs=[11, 1]
sgcp_constrained receiver=11 policy=all-cluster-heads sources=[11, 1] clusters=6 ra=perception_aware_potential_game comm_bytes=78480 selected_grids={1: 37}
fusion_method=early pred_boxes=13 gt_boxes=31
pred_scores_shape=(13,)
frame=39/41 receiver_sample=3/6 scenario=2026_07_15_01_26_56 timestamp=000136 cavs=[12, 4]
sgcp_constrained receiver=12 policy=all-cluster-heads sources=[12, 4] clusters=6 ra=perception_aware_potential_game comm_bytes=76448 selected_grids={4: 37}
fusion_method=early pred_boxes=8 gt_boxes=33
pred_scores_shape=(8,)
frame=39/41 receiver_sample=4/6 scenario=2026_07_15_01_26_56 timestamp=000136 cavs=[13, 14]
sgcp_constrained receiver=13 policy=all-cluster-heads sources=[13, 14] clusters=6 ra=perception_aware_potential_game comm_bytes=75408 selected_grids={14: 37}
fusion_method=early pred_boxes=6 gt_boxes=12
pred_scores_shape=(6,)
frame=39/41 receiver_sample=5/6 scenario=2026_07_15_01_26_56 timestamp=000136 cavs=[17, 16]
sgcp_constrained receiver=17 policy=all-cluster-heads sources=[17, 16] clusters=6 ra=perception_aware_potential_game comm_bytes=78976 selected_grids={16: 37}
fusion_method=early pred_boxes=13 gt_boxes=21
pred_scores_shape=(13,)
frame=39/41 receiver_sample=6/6 scenario=2026_07_15_01_26_56 timestamp=000136 cavs=[20, 5]Format = auto
Extension = pcd
Format = auto
Extension = pcd
Format = auto
Extension = pcd
Format = auto
Extension = pcd
Format = auto
Extension = pcd
Format = auto
Extension = pcd
Format = auto
Extension = pcd
Format = auto
Extension = pcd
Format = auto
Extension = pcd
Format = auto
Extension = pcd
Format = auto
Extension = pcd
Format = auto
Extension = pcd
Format = auto
Extension = pcd
Format = auto
Extension = pcd
Format = auto
Extension = pcd
Format = auto
Extension = pcd
Format = auto
Extension = pcd
Format = auto
Extension = pcd
Format = auto
Extension = pcd
Format = auto
Extension = pcd
Format = auto
Extension = pcd
Format = auto
Extension = pcd
Format = auto
Extension = pcd
Format = auto
Extension = pcd
Format = auto
Extension = pcd
Format = auto
Extension = pcd
Format = auto
Extension = pcd
Format = auto
Extension = pcd
Format = auto
Extension = pcd
Format = auto
Extension = pcd
Format = auto
Extension = pcd
Format = auto
Extension = pcd
Format = auto
Extension = pcd
Format = auto
Extension = pcd
Format = auto
Extension = pcd
Format = auto
Extension = pcd
Format = auto
Extension = pcd
Format = auto
Extension = pcd
Format = auto
Extension = pcd
Format = auto
Extension = pcd

sgcp_constrained receiver=20 policy=all-cluster-heads sources=[20, 5] clusters=6 ra=perception_aware_potential_game comm_bytes=76656 selected_grids={5: 37}
fusion_method=early pred_boxes=10 gt_boxes=32
pred_scores_shape=(10,)
frame=40/41 receiver_sample=1/6 scenario=2026_07_15_01_26_56 timestamp=000138 cavs=[2, 6]
sgcp_constrained receiver=2 policy=all-cluster-heads sources=[2, 6] clusters=6 ra=perception_aware_potential_game comm_bytes=73520 selected_grids={6: 37}
fusion_method=early pred_boxes=13 gt_boxes=32
pred_scores_shape=(13,)
frame=40/41 receiver_sample=2/6 scenario=2026_07_15_01_26_56 timestamp=000138 cavs=[11, 1]
sgcp_constrained receiver=11 policy=all-cluster-heads sources=[11, 1] clusters=6 ra=perception_aware_potential_game comm_bytes=78448 selected_grids={1: 37}
fusion_method=early pred_boxes=13 gt_boxes=30
pred_scores_shape=(13,)
frame=40/41 receiver_sample=3/6 scenario=2026_07_15_01_26_56 timestamp=000138 cavs=[12, 4]
sgcp_constrained receiver=12 policy=all-cluster-heads sources=[12, 4] clusters=6 ra=perception_aware_potential_game comm_bytes=76512 selected_grids={4: 37}
fusion_method=early pred_boxes=10 gt_boxes=33
pred_scores_shape=(10,)
frame=40/41 receiver_sample=4/6 scenario=2026_07_15_01_26_56 timestamp=000138 cavs=[13, 14]
sgcp_constrained receiver=13 policy=all-cluster-heads sources=[13, 14] clusters=6 ra=perception_aware_potential_game comm_bytes=75424 selected_grids={14: 37}
fusion_method=early pred_boxes=6 gt_boxes=12
pred_scores_shape=(6,)
frame=40/41 receiver_sample=5/6 scenario=2026_07_15_01_26_56 timestamp=000138 cavs=[17, 16]
sgcp_constrained receiver=17 policy=all-cluster-heads sources=[17, 16] clusters=6 ra=perception_aware_potential_game comm_bytes=78992 selected_grids={16: 37}
fusion_method=early pred_boxes=11 gt_boxes=21
pred_scores_shape=(11,)
frame=40/41 receiver_sample=6/6 scenario=2026_07_15_01_26_56 timestamp=000138 cavs=[20, 5]
sgcp_constrained receiver=20 policy=all-cluster-heads sources=[20, 5] clusters=6 ra=perception_aware_potential_game comm_bytes=76752 selected_grids={5: 37}
fusion_method=early pred_boxes=9 gt_boxes=30
pred_scores_shape=(9,)
frame=41/41 receiver_sample=1/6 scenario=2026_07_15_01_26_56 timestamp=000140 cavs=[4, 12]
sgcp_constrained receiver=4 policy=all-cluster-heads sources=[4, 12] clusters=6 ra=perception_aware_potential_game comm_bytes=77984 selected_grids={12: 37}
fusion_method=early pred_boxes=9 gt_boxes=30
pred_scores_shape=(9,)
frame=41/41 receiver_sample=2/6 scenario=2026_07_15_01_26_56 timestamp=000140 cavs=[11, 2]
sgcp_constrained receiver=11 policy=all-cluster-heads sources=[11, 2] clusters=6 ra=perception_aware_potential_game comm_bytes=77024 selected_grids={2: 37}
fusion_method=early pred_boxes=14 gt_boxes=36
pred_scores_shape=(14,)
frame=41/41 receiver_sample=3/6 scenario=2026_07_15_01_26_56 timestamp=000140 cavs=[13, 14]
sgcp_constrained receiver=13 policy=all-cluster-heads sources=[13, 14] clusters=6 ra=perception_aware_potential_game comm_bytes=75680 selected_grids={14: 37}
fusion_method=early pred_boxes=6 gt_boxes=11
pred_scores_shape=(6,)
frame=41/41 receiver_sample=4/6 scenario=2026_07_15_01_26_56 timestamp=000140 cavs=[15, 6]
sgcp_constrained receiver=15 policy=all-cluster-heads sources=[15, 6] clusters=6 ra=perception_aware_potential_game comm_bytes=73776 selected_grids={6: 37}
fusion_method=early pred_boxes=14 gt_boxes=24
pred_scores_shape=(14,)
frame=41/41 receiver_sample=5/6 scenario=2026_07_15_01_26_56 timestamp=000140 cavs=[17, 16]
sgcp_constrained receiver=17 policy=all-cluster-heads sources=[17, 16] clusters=6 ra=perception_aware_potential_game comm_bytes=78752 selected_grids={16: 37}
fusion_method=early pred_boxes=13 gt_boxes=21
pred_scores_shape=(13,)
frame=41/41 receiver_sample=6/6 scenario=2026_07_15_01_26_56 timestamp=000140 cavs=[20, 5]
sgcp_constrained receiver=20 policy=all-cluster-heads sources=[20, 5] clusters=6 ra=perception_aware_potential_game comm_bytes=77024 selected_grids={5: 37}
fusion_method=early pred_boxes=11 gt_boxes=29
pred_scores_shape=(11,)
cp counter: 246
Evaluate final average precision results:
  - Fusion method: early
  - The Average Precision at IOU 0.3 is 0.31, The Average Precision at IOU 0.5 is 0.29, The Average Precision at IOU 0.7 is 0.14
sgcp_summary frames=246 avg_comm_bytes=76433.69 total_comm_bytes=18802688 avg_source_cavs=2.00 avg_selected_grids=37.00
