scenario_id,timestamp,receiver_id,receiver_policy,coperception_yaml,resource_allocation,upload_mode,grid_selection_mode,grid_score_mode,coverage_fallback,coverage_fallback_replacements,routing_hint_replacements,routing_hints_csv,clustering,cluster_count,selective_frame_deadline_ms,cluster_member_ids,source_cav_ids,uploaded_source_ids,selected_grid_counts_json,point_counts_json,communication_bytes,frame_comm_time_ms,num_channels,bandwidth_mhz,communication_deadline_ms,sgcp_frame_mbps_budget,sgcp_frame_budget_bytes,sgcp_frame_budget_original_bytes,sgcp_frame_budget_admitted_bytes,upload_density_cap_rho,upload_density_cap_seed,max_senders_per_receiver,channel_estimator,ns3_tb_size_bytes,ns3_slot_duration_ms,ns3_subchannel_prbs,ns3_symbols_per_slot,ns3_mcs,pcs_rounds_requested,pcs_rounds_accepted,pcs_round_comm_time_ms_json,pcs_round_comm_bytes_json,channel_allocation,missing_channel_sources,pred_boxes,gt_boxes,skipped
2026_07_29_02_32_08,000060,1,all-cluster-heads,docs\doc_workspace\SGCP\artifacts\early_from_late_checkpoint_20260719\enable_coperception_early_from_attentive.yaml,dynamic_cv,grid,utility,utility,none,0,0,,potential_verified_cov_coalition_game,7,,1;2;8;11,1;2;11,2;11,"{""2"": 26, ""11"": 43}","{""1"": 13948, ""2"": 560, ""11"": 1337}",30352,11.89766407119021,10,40.0,60.0,5.0,62500,197904,62496,1.0,sgcp-density-cap,1,ns3,899,0.5,10,12,28,,,[],[],2>1:9;11>1:0,,31,48,
2026_07_29_02_32_08,000060,10,all-cluster-heads,docs\doc_workspace\SGCP\artifacts\early_from_late_checkpoint_20260719\enable_coperception_early_from_attentive.yaml,dynamic_cv,grid,utility,utility,none,0,0,,potential_verified_cov_coalition_game,7,,9;10,10;9,9,"{""9"": 40}","{""9"": 570, ""10"": 14073}",9120,5.07230255839822,10,40.0,60.0,5.0,62500,197904,62496,1.0,sgcp-density-cap,1,ns3,899,0.5,10,12,28,,,[],[],9>10:1,,20,40,
2026_07_29_02_32_08,000060,12,all-cluster-heads,docs\doc_workspace\SGCP\artifacts\early_from_late_checkpoint_20260719\enable_coperception_early_from_attentive.yaml,dynamic_cv,grid,utility,utility,none,0,0,,potential_verified_cov_coalition_game,7,,4;7;12,12;7,7,"{""7"": 21}","{""7"": 1439, ""12"": 13881}",23024,12.805339265850947,10,40.0,60.0,5.0,62500,197904,62496,1.0,sgcp-density-cap,1,ns3,899,0.5,10,12,28,,,[],[],7>12:2,,24,47,
2026_07_29_02_32_08,000060,13,all-cluster-heads,docs\doc_workspace\SGCP\artifacts\early_from_late_checkpoint_20260719\enable_coperception_early_from_attentive.yaml,dynamic_cv,grid,utility,utility,none,0,0,,potential_verified_cov_coalition_game,7,,13;14;19,13,,{},"{""13"": 13569}",0,0.0,10,40.0,60.0,5.0,62500,197904,62496,1.0,sgcp-density-cap,1,ns3,899,0.5,10,12,28,,,[],[],,,4,18,
2026_07_29_02_32_08,000060,15,all-cluster-heads,docs\doc_workspace\SGCP\artifacts\early_from_late_checkpoint_20260719\enable_coperception_early_from_attentive.yaml,dynamic_cv,grid,utility,utility,none,0,0,,potential_verified_cov_coalition_game,7,,6;15,15,,{},"{""15"": 13458}",0,0.0,10,40.0,60.0,5.0,62500,197904,62496,1.0,sgcp-density-cap,1,ns3,899,0.5,10,12,28,,,[],[],,,17,21,
2026_07_29_02_32_08,000060,16,all-cluster-heads,docs\doc_workspace\SGCP\artifacts\early_from_late_checkpoint_20260719\enable_coperception_early_from_attentive.yaml,dynamic_cv,grid,utility,utility,none,0,0,,potential_verified_cov_coalition_game,7,,5;16;20,16,,{},"{""16"": 13819}",0,0.0,10,40.0,60.0,5.0,62500,197904,62496,1.0,sgcp-density-cap,1,ns3,899,0.5,10,12,28,,,[],[],,,18,32,
2026_07_29_02_32_08,000060,17,all-cluster-heads,docs\doc_workspace\SGCP\artifacts\early_from_late_checkpoint_20260719\enable_coperception_early_from_attentive.yaml,dynamic_cv,grid,utility,utility,none,0,0,,potential_verified_cov_coalition_game,7,,3;17;18,17,,{},"{""17"": 14142}",0,0.0,10,40.0,60.0,5.0,62500,197904,62496,1.0,sgcp-density-cap,1,ns3,899,0.5,10,12,28,,,[],[],,,11,18,
2026_07_29_02_32_08,000062,1,all-cluster-heads,docs\doc_workspace\SGCP\artifacts\early_from_late_checkpoint_20260719\enable_coperception_early_from_attentive.yaml,dynamic_cv,grid,utility,utility,none,0,0,,potential_verified_cov_coalition_game,7,,1;2;8;11,1;11,11,"{""11"": 47}","{""1"": 13948, ""11"": 1363}",21808,12.129032258064516,10,40.0,60.0,5.0,62500,196976,62496,1.0,sgcp-density-cap,1,ns3,899,0.5,10,12,28,,,[],[],11>1:0,,26,47,
2026_07_29_02_32_08,000062,10,all-cluster-heads,docs\doc_workspace\SGCP\artifacts\early_from_late_checkpoint_20260719\enable_coperception_early_from_attentive.yaml,dynamic_cv,grid,utility,utility,none,0,0,,potential_verified_cov_coalition_game,7,,9;10,10;9,9,"{""9"": 40}","{""9"": 547, ""10"": 14074}",8752,4.867630700778643,10,40.0,60.0,5.0,62500,196976,62496,1.0,sgcp-density-cap,1,ns3,899,0.5,10,12,28,,,[],[],9>10:1,,24,38,
2026_07_29_02_32_08,000062,12,all-cluster-heads,docs\doc_workspace\SGCP\artifacts\early_from_late_checkpoint_20260719\enable_coperception_early_from_attentive.yaml,dynamic_cv,grid,utility,utility,none,0,0,,potential_verified_cov_coalition_game,7,,4;7;12,12;7,7,"{""7"": 38}","{""7"": 1676, ""12"": 13882}",26816,14.914349276974416,10,40.0,60.0,5.0,62500,196976,62496,1.0,sgcp-density-cap,1,ns3,899,0.5,10,12,28,,,[],[],7>12:2,,31,48,
2026_07_29_02_32_08,000062,13,all-cluster-heads,docs\doc_workspace\SGCP\artifacts\early_from_late_checkpoint_20260719\enable_coperception_early_from_attentive.yaml,dynamic_cv,grid,utility,utility,none,0,0,,potential_verified_cov_coalition_game,7,,13;14;19,13;14,14,"{""14"": 4}","{""13"": 13569, ""14"": 319}",5104,2.838709677419355,10,40.0,60.0,5.0,62500,196976,62496,1.0,sgcp-density-cap,1,ns3,899,0.5,10,12,28,,,[],[],14>13:3,,4,18,
2026_07_29_02_32_08,000062,15,all-cluster-heads,docs\doc_workspace\SGCP\artifacts\early_from_late_checkpoint_20260719\enable_coperception_early_from_attentive.yaml,dynamic_cv,grid,utility,utility,none,0,0,,potential_verified_cov_coalition_game,7,,6;15,15;6,6,"{""6"": 1}","{""6"": 1, ""15"": 13488}",16,0.008898776418242492,10,40.0,60.0,5.0,62500,196976,62496,1.0,sgcp-density-cap,1,ns3,899,0.5,10,12,28,,,[],[],6>15:4,,16,21,
2026_07_29_02_32_08,000062,16,all-cluster-heads,docs\doc_workspace\SGCP\artifacts\early_from_late_checkpoint_20260719\enable_coperception_early_from_attentive.yaml,dynamic_cv,grid,utility,utility,none,0,0,,potential_verified_cov_coalition_game,7,,5;16;20,16,,{},"{""16"": 13788}",0,0.0,10,40.0,60.0,5.0,62500,196976,62496,1.0,sgcp-density-cap,1,ns3,899,0.5,10,12,28,,,[],[],,,17,32,
2026_07_29_02_32_08,000062,17,all-cluster-heads,docs\doc_workspace\SGCP\artifacts\early_from_late_checkpoint_20260719\enable_coperception_early_from_attentive.yaml,dynamic_cv,grid,utility,utility,none,0,0,,potential_verified_cov_coalition_game,7,,3;17;18,17,,{},"{""17"": 14128}",0,0.0,10,40.0,60.0,5.0,62500,196976,62496,1.0,sgcp-density-cap,1,ns3,899,0.5,10,12,28,,,[],[],,,9,19,
2026_07_29_02_32_08,000064,1,all-cluster-heads,docs\doc_workspace\SGCP\artifacts\early_from_late_checkpoint_20260719\enable_coperception_early_from_attentive.yaml,dynamic_cv,grid,utility,utility,none,0,0,,potential_verified_cov_coalition_game,7,,1;2;8;11,1;11,11,"{""11"": 46}","{""1"": 13948, ""11"": 1338}",21408,11.906562847608456,10,40.0,60.0,5.0,62500,196912,62496,1.0,sgcp-density-cap,1,ns3,899,0.5,10,12,28,,,[],[],11>1:0,,26,47,
2026_07_29_02_32_08,000064,10,all-cluster-heads,docs\doc_workspace\SGCP\artifacts\early_from_late_checkpoint_20260719\enable_coperception_early_from_attentive.yaml,dynamic_cv,grid,utility,utility,none,0,0,,potential_verified_cov_coalition_game,7,,9;10,10;9,9,"{""9"": 40}","{""9"": 529, ""10"": 14075}",8464,4.7074527252502785,10,40.0,60.0,5.0,62500,196912,62496,1.0,sgcp-density-cap,1,ns3,899,0.5,10,12,28,,,[],[],9>10:1,,26,40,
2026_07_29_02_32_08,000064,12,all-cluster-heads,docs\doc_workspace\SGCP\artifacts\early_from_late_checkpoint_20260719\enable_coperception_early_from_attentive.yaml,dynamic_cv,grid,utility,utility,none,0,0,,potential_verified_cov_coalition_game,7,,4;7;12,12;7,7,"{""7"": 40}","{""7"": 1708, ""12"": 13868}",27328,15.199110122358176,10,40.0,60.0,5.0,62500,196912,62496,1.0,sgcp-density-cap,1,ns3,899,0.5,10,12,28,,,[],[],7>12:2,,28,49,
2026_07_29_02_32_08,000064,13,all-cluster-heads,docs\doc_workspace\SGCP\artifacts\early_from_late_checkpoint_20260719\enable_coperception_early_from_attentive.yaml,dynamic_cv,grid,utility,utility,none,0,0,,potential_verified_cov_coalition_game,7,,13;14;19,13;14;19,14;19,"{""14"": 4, ""19"": 1}","{""13"": 13570, ""14"": 330, ""19"": 1}",5296,2.9365962180200222,10,40.0,60.0,5.0,62500,196912,62496,1.0,sgcp-density-cap,1,ns3,899,0.5,10,12,28,,,[],[],14>13:3;19>13:8,,3,26,
2026_07_29_02_32_08,000064,15,all-cluster-heads,docs\doc_workspace\SGCP\artifacts\early_from_late_checkpoint_20260719\enable_coperception_early_from_attentive.yaml,dynamic_cv,grid,utility,utility,none,0,0,,potential_verified_cov_coalition_game,7,,6;15,15,,{},"{""15"": 13466}",0,0.0,10,40.0,60.0,5.0,62500,196912,62496,1.0,sgcp-density-cap,1,ns3,899,0.5,10,12,28,,,[],[],,,17,21,
2026_07_29_02_32_08,000064,16,all-cluster-heads,docs\doc_workspace\SGCP\artifacts\early_from_late_checkpoint_20260719\enable_coperception_early_from_attentive.yaml,dynamic_cv,grid,utility,utility,none,0,0,,potential_verified_cov_coalition_game,7,,5;16;20,16,,{},"{""16"": 13804}",0,0.0,10,40.0,60.0,5.0,62500,196912,62496,1.0,sgcp-density-cap,1,ns3,899,0.5,10,12,28,,,[],[],,,15,34,
2026_07_29_02_32_08,000064,17,all-cluster-heads,docs\doc_workspace\SGCP\artifacts\early_from_late_checkpoint_20260719\enable_coperception_early_from_attentive.yaml,dynamic_cv,grid,utility,utility,none,0,0,,potential_verified_cov_coalition_game,7,,3;17;18,17,,{},"{""17"": 14138}",0,0.0,10,40.0,60.0,5.0,62500,196912,62496,1.0,sgcp-density-cap,1,ns3,899,0.5,10,12,28,,,[],[],,,7,18,
2026_07_29_02_32_08,000066,1,all-cluster-heads,docs\doc_workspace\SGCP\artifacts\early_from_late_checkpoint_20260719\enable_coperception_early_from_attentive.yaml,dynamic_cv,grid,utility,utility,none,0,0,,potential_verified_cov_coalition_game,7,,1;2;8;11,1;11,11,"{""11"": 46}","{""1"": 13953, ""11"": 1385}",22160,12.32480533926585,10,40.0,60.0,5.0,62500,197600,62496,1.0,sgcp-density-cap,1,ns3,899,0.5,10,12,28,,,[],[],11>1:0,,29,47,
2026_07_29_02_32_08,000066,10,all-cluster-heads,docs\doc_workspace\SGCP\artifacts\early_from_late_checkpoint_20260719\enable_coperception_early_from_attentive.yaml,dynamic_cv,grid,utility,utility,none,0,0,,potential_verified_cov_coalition_game,7,,9;10,10;9,9,"{""9"": 40}","{""9"": 504, ""10"": 14050}",8064,4.484983314794215,10,40.0,60.0,5.0,62500,197600,62496,1.0,sgcp-density-cap,1,ns3,899,0.5,10,12,28,,,[],[],9>10:1,,26,39,
2026_07_29_02_32_08,000066,12,all-cluster-heads,docs\doc_workspace\SGCP\artifacts\early_from_late_checkpoint_20260719\enable_coperception_early_from_attentive.yaml,dynamic_cv,grid,utility,utility,none,0,0,,potential_verified_cov_coalition_game,7,,4;7;12,12;7,7,"{""7"": 40}","{""7"": 1702, ""12"": 13863}",27232,15.14571746384872,10,40.0,60.0,5.0,62500,197600,62496,1.0,sgcp-density-cap,1,ns3,899,0.5,10,12,28,,,[],[],7>12:2,,27,47,
2026_07_29_02_32_08,000066,13,all-cluster-heads,docs\doc_workspace\SGCP\artifacts\early_from_late_checkpoint_20260719\enable_coperception_early_from_attentive.yaml,dynamic_cv,grid,utility,utility,none,0,0,,potential_verified_cov_coalition_game,7,,13;14;19,13;14,14,"{""14"": 5}","{""13"": 13570, ""14"": 315}",5040,2.803114571746385,10,40.0,60.0,5.0,62500,197600,62496,1.0,sgcp-density-cap,1,ns3,899,0.5,10,12,28,,,[],[],14>13:3,,4,18,
2026_07_29_02_32_08,000066,15,all-cluster-heads,docs\doc_workspace\SGCP\artifacts\early_from_late_checkpoint_20260719\enable_coperception_early_from_attentive.yaml,dynamic_cv,grid,utility,utility,none,0,0,,potential_verified_cov_coalition_game,7,,6;15,15,,{},"{""15"": 13477}",0,0.0,10,40.0,60.0,5.0,62500,197600,62496,1.0,sgcp-density-cap,1,ns3,899,0.5,10,12,28,,,[],[],,,18,20,
2026_07_29_02_32_08,000066,16,all-cluster-heads,docs\doc_workspace\SGCP\artifacts\early_from_late_checkpoint_20260719\enable_coperception_early_from_attentive.yaml,dynamic_cv,grid,utility,utility,none,0,0,,potential_verified_cov_coalition_game,7,,5;16;20,16,,{},"{""16"": 13800}",0,0.0,10,40.0,60.0,5.0,62500,197600,62496,1.0,sgcp-density-cap,1,ns3,899,0.5,10,12,28,,,[],[],,,19,33,
2026_07_29_02_32_08,000066,17,all-cluster-heads,docs\doc_workspace\SGCP\artifacts\early_from_late_checkpoint_20260719\enable_coperception_early_from_attentive.yaml,dynamic_cv,grid,utility,utility,none,0,0,,potential_verified_cov_coalition_game,7,,3;17;18,17,,{},"{""17"": 14142}",0,0.0,10,40.0,60.0,5.0,62500,197600,62496,1.0,sgcp-density-cap,1,ns3,899,0.5,10,12,28,,,[],[],,,9,18,
2026_07_29_02_32_08,000068,1,all-cluster-heads,docs\doc_workspace\SGCP\artifacts\early_from_late_checkpoint_20260719\enable_coperception_early_from_attentive.yaml,dynamic_cv,grid,utility,utility,none,0,0,,potential_verified_cov_coalition_game,7,,1;2;8;11,1;2;11,2;11,"{""2"": 29, ""11"": 41}","{""1"": 13961, ""2"": 683, ""11"": 1153}",29376,10.260289210233593,10,40.0,60.0,5.0,62500,198272,62496,1.0,sgcp-density-cap,1,ns3,899,0.5,10,12,28,,,[],[],2>1:9;11>1:0,,30,48,
2026_07_29_02_32_08,000068,10,all-cluster-heads,docs\doc_workspace\SGCP\artifacts\early_from_late_checkpoint_20260719\enable_coperception_early_from_attentive.yaml,dynamic_cv,grid,utility,utility,none,0,0,,potential_verified_cov_coalition_game,7,,9;10,10;9,9,"{""9"": 40}","{""9"": 517, ""10"": 14059}",8272,4.600667408231368,10,40.0,60.0,5.0,62500,198272,62496,1.0,sgcp-density-cap,1,ns3,899,0.5,10,12,28,,,[],[],9>10:1,,23,38,
2026_07_29_02_32_08,000068,12,all-cluster-heads,docs\doc_workspace\SGCP\artifacts\early_from_late_checkpoint_20260719\enable_coperception_early_from_attentive.yaml,dynamic_cv,grid,utility,utility,none,0,0,,potential_verified_cov_coalition_game,7,,4;7;12,12;7,7,"{""7"": 25}","{""7"": 1553, ""12"": 13886}",24848,13.819799777530589,10,40.0,60.0,5.0,62500,198272,62496,1.0,sgcp-density-cap,1,ns3,899,0.5,10,12,28,,,[],[],7>12:2,,26,47,
2026_07_29_02_32_08,000068,13,all-cluster-heads,docs\doc_workspace\SGCP\artifacts\early_from_late_checkpoint_20260719\enable_coperception_early_from_attentive.yaml,dynamic_cv,grid,utility,utility,none,0,0,,potential_verified_cov_coalition_game,7,,13;14;19,13,,{},"{""13"": 13572}",0,0.0,10,40.0,60.0,5.0,62500,198272,62496,1.0,sgcp-density-cap,1,ns3,899,0.5,10,12,28,,,[],[],,,4,18,
2026_07_29_02_32_08,000068,15,all-cluster-heads,docs\doc_workspace\SGCP\artifacts\early_from_late_checkpoint_20260719\enable_coperception_early_from_attentive.yaml,dynamic_cv,grid,utility,utility,none,0,0,,potential_verified_cov_coalition_game,7,,6;15,15,,{},"{""15"": 13482}",0,0.0,10,40.0,60.0,5.0,62500,198272,62496,1.0,sgcp-density-cap,1,ns3,899,0.5,10,12,28,,,[],[],,,19,20,
2026_07_29_02_32_08,000068,16,all-cluster-heads,docs\doc_workspace\SGCP\artifacts\early_from_late_checkpoint_20260719\enable_coperception_early_from_attentive.yaml,dynamic_cv,grid,utility,utility,none,0,0,,potential_verified_cov_coalition_game,7,,5;16;20,16,,{},"{""16"": 13828}",0,0.0,10,40.0,60.0,5.0,62500,198272,62496,1.0,sgcp-density-cap,1,ns3,899,0.5,10,12,28,,,[],[],,,17,33,
2026_07_29_02_32_08,000068,17,all-cluster-heads,docs\doc_workspace\SGCP\artifacts\early_from_late_checkpoint_20260719\enable_coperception_early_from_attentive.yaml,dynamic_cv,grid,utility,utility,none,0,0,,potential_verified_cov_coalition_game,7,,3;17;18,17,,{},"{""17"": 14134}",0,0.0,10,40.0,60.0,5.0,62500,198272,62496,1.0,sgcp-density-cap,1,ns3,899,0.5,10,12,28,,,[],[],,,7,18,
2026_07_29_02_32_08,000070,1,all-cluster-heads,docs\doc_workspace\SGCP\artifacts\early_from_late_checkpoint_20260719\enable_coperception_early_from_attentive.yaml,dynamic_cv,grid,utility,utility,none,0,0,,potential_verified_cov_coalition_game,7,,1;2;8;11,1;11,11,"{""11"": 46}","{""1"": 13972, ""11"": 1351}",21616,12.022246941045607,10,40.0,60.0,5.0,62500,197552,62496,1.0,sgcp-density-cap,1,ns3,899,0.5,10,12,28,,,[],[],11>1:0,,28,47,
2026_07_29_02_32_08,000070,10,all-cluster-heads,docs\doc_workspace\SGCP\artifacts\early_from_late_checkpoint_20260719\enable_coperception_early_from_attentive.yaml,dynamic_cv,grid,utility,utility,none,0,0,,potential_verified_cov_coalition_game,7,,9;10,10;9,9,"{""9"": 40}","{""9"": 508, ""10"": 14027}",8128,4.520578420467186,10,40.0,60.0,5.0,62500,197552,62496,1.0,sgcp-density-cap,1,ns3,899,0.5,10,12,28,,,[],[],9>10:1,,27,38,
2026_07_29_02_32_08,000070,12,all-cluster-heads,docs\doc_workspace\SGCP\artifacts\early_from_late_checkpoint_20260719\enable_coperception_early_from_attentive.yaml,dynamic_cv,grid,utility,utility,none,0,0,,potential_verified_cov_coalition_game,7,,4;7;12,12;7,7,"{""7"": 40}","{""7"": 1650, ""12"": 13891}",26400,14.68298109010011,10,40.0,60.0,5.0,62500,197552,62496,1.0,sgcp-density-cap,1,ns3,899,0.5,10,12,28,,,[],[],7>12:2,,26,48,
2026_07_29_02_32_08,000070,13,all-cluster-heads,docs\doc_workspace\SGCP\artifacts\early_from_late_checkpoint_20260719\enable_coperception_early_from_attentive.yaml,dynamic_cv,grid,utility,utility,none,0,0,,potential_verified_cov_coalition_game,7,,13;14;19,13;14,14,"{""14"": 4}","{""13"": 13574, ""14"": 397}",6352,3.532814238042269,10,40.0,60.0,5.0,62500,197552,62496,1.0,sgcp-density-cap,1,ns3,899,0.5,10,12,28,,,[],[],14>13:3,,4,18,
2026_07_29_02_32_08,000070,15,all-cluster-heads,docs\doc_workspace\SGCP\artifacts\early_from_late_checkpoint_20260719\enable_coperception_early_from_attentive.yaml,dynamic_cv,grid,utility,utility,none,0,0,,potential_verified_cov_coalition_game,7,,6;15,15,,{},"{""15"": 13489}",0,0.0,10,40.0,60.0,5.0,62500,197552,62496,1.0,sgcp-density-cap,1,ns3,899,0.5,10,12,28,,,[],[],,,18,20,
2026_07_29_02_32_08,000070,16,all-cluster-heads,docs\doc_workspace\SGCP\artifacts\early_from_late_checkpoint_20260719\enable_coperception_early_from_attentive.yaml,dynamic_cv,grid,utility,utility,none,0,0,,potential_verified_cov_coalition_game,7,,5;16;20,16,,{},"{""16"": 13833}",0,0.0,10,40.0,60.0,5.0,62500,197552,62496,1.0,sgcp-density-cap,1,ns3,899,0.5,10,12,28,,,[],[],,,16,34,
2026_07_29_02_32_08,000070,17,all-cluster-heads,docs\doc_workspace\SGCP\artifacts\early_from_late_checkpoint_20260719\enable_coperception_early_from_attentive.yaml,dynamic_cv,grid,utility,utility,none,0,0,,potential_verified_cov_coalition_game,7,,3;17;18,17,,{},"{""17"": 14129}",0,0.0,10,40.0,60.0,5.0,62500,197552,62496,1.0,sgcp-density-cap,1,ns3,899,0.5,10,12,28,,,[],[],,,9,17,
2026_07_29_02_32_08,000072,1,all-cluster-heads,docs\doc_workspace\SGCP\artifacts\early_from_late_checkpoint_20260719\enable_coperception_early_from_attentive.yaml,dynamic_cv,grid,utility,utility,none,0,0,,potential_verified_cov_coalition_game,7,,1;2;8;11,1;11,11,"{""11"": 46}","{""1"": 13979, ""11"": 1323}",21168,11.773081201334817,10,40.0,60.0,5.0,62500,198624,62496,1.0,sgcp-density-cap,1,ns3,899,0.5,10,12,28,,,[],[],11>1:0,,29,48,
2026_07_29_02_32_08,000072,10,all-cluster-heads,docs\doc_workspace\SGCP\artifacts\early_from_late_checkpoint_20260719\enable_coperception_early_from_attentive.yaml,dynamic_cv,grid,utility,utility,none,0,0,,potential_verified_cov_coalition_game,7,,9;10,10;9,9,"{""9"": 40}","{""9"": 497, ""10"": 14033}",7952,4.422691879866519,10,40.0,60.0,5.0,62500,198624,62496,1.0,sgcp-density-cap,1,ns3,899,0.5,10,12,28,,,[],[],9>10:1,,25,39,
2026_07_29_02_32_08,000072,12,all-cluster-heads,docs\doc_workspace\SGCP\artifacts\early_from_late_checkpoint_20260719\enable_coperception_early_from_attentive.yaml,dynamic_cv,grid,utility,utility,none,0,0,,potential_verified_cov_coalition_game,7,,4;7;12,12;7,7,"{""7"": 41}","{""7"": 1658, ""12"": 13906}",26528,14.75417130144605,10,40.0,60.0,5.0,62500,198624,62496,1.0,sgcp-density-cap,1,ns3,899,0.5,10,12,28,,,[],[],7>12:2,,25,46,
2026_07_29_02_32_08,000072,13,all-cluster-heads,docs\doc_workspace\SGCP\artifacts\early_from_late_checkpoint_20260719\enable_coperception_early_from_attentive.yaml,dynamic_cv,grid,utility,utility,none,0,0,,potential_verified_cov_coalition_game,7,,13;14;19,13;14,14,"{""14"": 5}","{""13"": 13566, ""14"": 428}",6848,3.8086763070077865,10,40.0,60.0,5.0,62500,198624,62496,1.0,sgcp-density-cap,1,ns3,899,0.5,10,12,28,,,[],[],14>13:3,,6,18,
2026_07_29_02_32_08,000072,15,all-cluster-heads,docs\doc_workspace\SGCP\artifacts\early_from_late_checkpoint_20260719\enable_coperception_early_from_attentive.yaml,dynamic_cv,grid,utility,utility,none,0,0,,potential_verified_cov_coalition_game,7,,6;15,15,,{},"{""15"": 13501}",0,0.0,10,40.0,60.0,5.0,62500,198624,62496,1.0,sgcp-density-cap,1,ns3,899,0.5,10,12,28,,,[],[],,,19,20,
2026_07_29_02_32_08,000072,16,all-cluster-heads,docs\doc_workspace\SGCP\artifacts\early_from_late_checkpoint_20260719\enable_coperception_early_from_attentive.yaml,dynamic_cv,grid,utility,utility,none,0,0,,potential_verified_cov_coalition_game,7,,5;16;20,16,,{},"{""16"": 13827}",0,0.0,10,40.0,60.0,5.0,62500,198624,62496,1.0,sgcp-density-cap,1,ns3,899,0.5,10,12,28,,,[],[],,,17,33,
2026_07_29_02_32_08,000072,17,all-cluster-heads,docs\doc_workspace\SGCP\artifacts\early_from_late_checkpoint_20260719\enable_coperception_early_from_attentive.yaml,dynamic_cv,grid,utility,utility,none,0,0,,potential_verified_cov_coalition_game,7,,3;17;18,17,,{},"{""17"": 14140}",0,0.0,10,40.0,60.0,5.0,62500,198624,62496,1.0,sgcp-density-cap,1,ns3,899,0.5,10,12,28,,,[],[],,,9,17,
2026_07_29_02_32_08,000074,11,all-cluster-heads,docs\doc_workspace\SGCP\artifacts\early_from_late_checkpoint_20260719\enable_coperception_early_from_attentive.yaml,dynamic_cv,grid,utility,utility,none,0,0,,potential_verified_cov_coalition_game,6,,1;2;11;19,11;2;19,2;19,"{""2"": 24, ""19"": 43}","{""2"": 660, ""11"": 13860, ""19"": 1612}",36352,14.344827586206897,10,40.0,60.0,5.0,62500,207664,62496,1.0,sgcp-density-cap,1,ns3,899,0.5,10,12,28,,,[],[],2>11:7;19>11:0,,27,51,
2026_07_29_02_32_08,000074,12,all-cluster-heads,docs\doc_workspace\SGCP\artifacts\early_from_late_checkpoint_20260719\enable_coperception_early_from_attentive.yaml,dynamic_cv,grid,utility,utility,none,0,0,,potential_verified_cov_coalition_game,6,,4;7;8;12,12;7,7,"{""7"": 43}","{""7"": 1634, ""12"": 13902}",26144,14.540600667408231,10,40.0,60.0,5.0,62500,207664,62496,1.0,sgcp-density-cap,1,ns3,899,0.5,10,12,28,,,[],[],7>12:1,,24,43,
2026_07_29_02_32_08,000074,13,all-cluster-heads,docs\doc_workspace\SGCP\artifacts\early_from_late_checkpoint_20260719\enable_coperception_early_from_attentive.yaml,dynamic_cv,grid,utility,utility,none,0,0,,potential_verified_cov_coalition_game,6,,9;10;13;14,13,,{},"{""13"": 13577}",0,0.0,10,40.0,60.0,5.0,62500,207664,62496,1.0,sgcp-density-cap,1,ns3,899,0.5,10,12,28,,,[],[],,,3,18,
2026_07_29_02_32_08,000074,15,all-cluster-heads,docs\doc_workspace\SGCP\artifacts\early_from_late_checkpoint_20260719\enable_coperception_early_from_attentive.yaml,dynamic_cv,grid,utility,utility,none,0,0,,potential_verified_cov_coalition_game,6,,6;15,15,,{},"{""15"": 13494}",0,0.0,10,40.0,60.0,5.0,62500,207664,62496,1.0,sgcp-density-cap,1,ns3,899,0.5,10,12,28,,,[],[],,,16,21,
2026_07_29_02_32_08,000074,16,all-cluster-heads,docs\doc_workspace\SGCP\artifacts\early_from_late_checkpoint_20260719\enable_coperception_early_from_attentive.yaml,dynamic_cv,grid,utility,utility,none,0,0,,potential_verified_cov_coalition_game,6,,5;16;20,16,,{},"{""16"": 13876}",0,0.0,10,40.0,60.0,5.0,62500,207664,62496,1.0,sgcp-density-cap,1,ns3,899,0.5,10,12,28,,,[],[],,,18,33,
2026_07_29_02_32_08,000074,17,all-cluster-heads,docs\doc_workspace\SGCP\artifacts\early_from_late_checkpoint_20260719\enable_coperception_early_from_attentive.yaml,dynamic_cv,grid,utility,utility,none,0,0,,potential_verified_cov_coalition_game,6,,3;17;18,17,,{},"{""17"": 14148}",0,0.0,10,40.0,60.0,5.0,62500,207664,62496,1.0,sgcp-density-cap,1,ns3,899,0.5,10,12,28,,,[],[],,,11,18,
2026_07_29_02_32_08,000076,11,all-cluster-heads,docs\doc_workspace\SGCP\artifacts\early_from_late_checkpoint_20260719\enable_coperception_early_from_attentive.yaml,dynamic_cv,grid,utility,utility,none,0,0,,potential_verified_cov_coalition_game,6,,1;2;11;19,11;2;19,2;19,"{""2"": 25, ""19"": 43}","{""2"": 672, ""11"": 13862, ""19"": 1604}",36416,14.273637374860957,10,40.0,60.0,5.0,62500,210768,62496,1.0,sgcp-density-cap,1,ns3,899,0.5,10,12,28,,,[],[],2>11:7;19>11:0,,28,51,
2026_07_29_02_32_08,000076,12,all-cluster-heads,docs\doc_workspace\SGCP\artifacts\early_from_late_checkpoint_20260719\enable_coperception_early_from_attentive.yaml,dynamic_cv,grid,utility,utility,none,0,0,,potential_verified_cov_coalition_game,6,,4;7;8;12,12;7,7,"{""7"": 41}","{""7"": 1630, ""12"": 13921}",26080,14.505005561735262,10,40.0,60.0,5.0,62500,210768,62496,1.0,sgcp-density-cap,1,ns3,899,0.5,10,12,28,,,[],[],7>12:1,,26,43,
2026_07_29_02_32_08,000076,13,all-cluster-heads,docs\doc_workspace\SGCP\artifacts\early_from_late_checkpoint_20260719\enable_coperception_early_from_attentive.yaml,dynamic_cv,grid,utility,utility,none,0,0,,potential_verified_cov_coalition_game,6,,9;10;13;14,13,,{},"{""13"": 13582}",0,0.0,10,40.0,60.0,5.0,62500,210768,62496,1.0,sgcp-density-cap,1,ns3,899,0.5,10,12,28,,,[],[],,,6,18,
2026_07_29_02_32_08,000076,15,all-cluster-heads,docs\doc_workspace\SGCP\artifacts\early_from_late_checkpoint_20260719\enable_coperception_early_from_attentive.yaml,dynamic_cv,grid,utility,utility,none,0,0,,potential_verified_cov_coalition_game,6,,6;15,15,,{},"{""15"": 13485}",0,0.0,10,40.0,60.0,5.0,62500,210768,62496,1.0,sgcp-density-cap,1,ns3,899,0.5,10,12,28,,,[],[],,,15,21,
2026_07_29_02_32_08,000076,16,all-cluster-heads,docs\doc_workspace\SGCP\artifacts\early_from_late_checkpoint_20260719\enable_coperception_early_from_attentive.yaml,dynamic_cv,grid,utility,utility,none,0,0,,potential_verified_cov_coalition_game,6,,5;16;20,16,,{},"{""16"": 13891}",0,0.0,10,40.0,60.0,5.0,62500,210768,62496,1.0,sgcp-density-cap,1,ns3,899,0.5,10,12,28,,,[],[],,,21,32,
2026_07_29_02_32_08,000076,17,all-cluster-heads,docs\doc_workspace\SGCP\artifacts\early_from_late_checkpoint_20260719\enable_coperception_early_from_attentive.yaml,dynamic_cv,grid,utility,utility,none,0,0,,potential_verified_cov_coalition_game,6,,3;17;18,17,,{},"{""17"": 14123}",0,0.0,10,40.0,60.0,5.0,62500,210768,62496,1.0,sgcp-density-cap,1,ns3,899,0.5,10,12,28,,,[],[],,,11,19,
2026_07_29_02_32_08,000078,11,all-cluster-heads,docs\doc_workspace\SGCP\artifacts\early_from_late_checkpoint_20260719\enable_coperception_early_from_attentive.yaml,dynamic_cv,grid,utility,utility,none,0,0,,potential_verified_cov_coalition_game,6,,1;2;11;19,11;2;19,2;19,"{""2"": 26, ""19"": 44}","{""2"": 678, ""11"": 13862, ""19"": 1604}",36512,14.273637374860957,10,40.0,60.0,5.0,62500,212672,62496,1.0,sgcp-density-cap,1,ns3,899,0.5,10,12,28,,,[],[],2>11:7;19>11:0,,29,51,
2026_07_29_02_32_08,000078,12,all-cluster-heads,docs\doc_workspace\SGCP\artifacts\early_from_late_checkpoint_20260719\enable_coperception_early_from_attentive.yaml,dynamic_cv,grid,utility,utility,none,0,0,,potential_verified_cov_coalition_game,6,,4;7;8;12,12;7;8,7;8,"{""7"": 43, ""8"": 2}","{""7"": 1614, ""8"": 10, ""12"": 13942}",25984,14.36262513904338,10,40.0,60.0,5.0,62500,212672,62496,1.0,sgcp-density-cap,1,ns3,899,0.5,10,12,28,,,[],[],7>12:1;8>12:9,,28,57,
2026_07_29_02_32_08,000078,13,all-cluster-heads,docs\doc_workspace\SGCP\artifacts\early_from_late_checkpoint_20260719\enable_coperception_early_from_attentive.yaml,dynamic_cv,grid,utility,utility,none,0,0,,potential_verified_cov_coalition_game,6,,9;10;13;14,13,,{},"{""13"": 13583}",0,0.0,10,40.0,60.0,5.0,62500,212672,62496,1.0,sgcp-density-cap,1,ns3,899,0.5,10,12,28,,,[],[],,,5,18,
2026_07_29_02_32_08,000078,15,all-cluster-heads,docs\doc_workspace\SGCP\artifacts\early_from_late_checkpoint_20260719\enable_coperception_early_from_attentive.yaml,dynamic_cv,grid,utility,utility,none,0,0,,potential_verified_cov_coalition_game,6,,6;15,15,,{},"{""15"": 13505}",0,0.0,10,40.0,60.0,5.0,62500,212672,62496,1.0,sgcp-density-cap,1,ns3,899,0.5,10,12,28,,,[],[],,,16,21,
2026_07_29_02_32_08,000078,16,all-cluster-heads,docs\doc_workspace\SGCP\artifacts\early_from_late_checkpoint_20260719\enable_coperception_early_from_attentive.yaml,dynamic_cv,grid,utility,utility,none,0,0,,potential_verified_cov_coalition_game,6,,5;16;20,16,,{},"{""16"": 13902}",0,0.0,10,40.0,60.0,5.0,62500,212672,62496,1.0,sgcp-density-cap,1,ns3,899,0.5,10,12,28,,,[],[],,,20,31,
2026_07_29_02_32_08,000078,17,all-cluster-heads,docs\doc_workspace\SGCP\artifacts\early_from_late_checkpoint_20260719\enable_coperception_early_from_attentive.yaml,dynamic_cv,grid,utility,utility,none,0,0,,potential_verified_cov_coalition_game,6,,3;17;18,17,,{},"{""17"": 14122}",0,0.0,10,40.0,60.0,5.0,62500,212672,62496,1.0,sgcp-density-cap,1,ns3,899,0.5,10,12,28,,,[],[],,,10,19,
2026_07_29_02_32_08,000080,11,all-cluster-heads,docs\doc_workspace\SGCP\artifacts\early_from_late_checkpoint_20260719\enable_coperception_early_from_attentive.yaml,dynamic_cv,grid,utility,utility,none,0,0,,potential_verified_cov_coalition_game,6,,1;2;11;19,11;2;19,2;19,"{""2"": 26, ""19"": 44}","{""2"": 690, ""11"": 13866, ""19"": 1594}",36544,14.18464961067853,10,40.0,60.0,5.0,62500,213088,62496,1.0,sgcp-density-cap,1,ns3,899,0.5,10,12,28,,,[],[],2>11:7;19>11:0,,26,50,
2026_07_29_02_32_08,000080,12,all-cluster-heads,docs\doc_workspace\SGCP\artifacts\early_from_late_checkpoint_20260719\enable_coperception_early_from_attentive.yaml,dynamic_cv,grid,utility,utility,none,0,0,,potential_verified_cov_coalition_game,6,,4;7;8;12,12;7,7,"{""7"": 39}","{""7"": 1622, ""12"": 13953}",25952,14.43381535038932,10,40.0,60.0,5.0,62500,213088,62496,1.0,sgcp-density-cap,1,ns3,899,0.5,10,12,28,,,[],[],7>12:1,,23,45,
2026_07_29_02_32_08,000080,13,all-cluster-heads,docs\doc_workspace\SGCP\artifacts\early_from_late_checkpoint_20260719\enable_coperception_early_from_attentive.yaml,dynamic_cv,grid,utility,utility,none,0,0,,potential_verified_cov_coalition_game,6,,9;10;13;14,13,,{},"{""13"": 13628}",0,0.0,10,40.0,60.0,5.0,62500,213088,62496,1.0,sgcp-density-cap,1,ns3,899,0.5,10,12,28,,,[],[],,,4,18,
2026_07_29_02_32_08,000080,15,all-cluster-heads,docs\doc_workspace\SGCP\artifacts\early_from_late_checkpoint_20260719\enable_coperception_early_from_attentive.yaml,dynamic_cv,grid,utility,utility,none,0,0,,potential_verified_cov_coalition_game,6,,6;15,15,,{},"{""15"": 13527}",0,0.0,10,40.0,60.0,5.0,62500,213088,62496,1.0,sgcp-density-cap,1,ns3,899,0.5,10,12,28,,,[],[],,,14,21,
2026_07_29_02_32_08,000080,16,all-cluster-heads,docs\doc_workspace\SGCP\artifacts\early_from_late_checkpoint_20260719\enable_coperception_early_from_attentive.yaml,dynamic_cv,grid,utility,utility,none,0,0,,potential_verified_cov_coalition_game,6,,5;16;20,16,,{},"{""16"": 13918}",0,0.0,10,40.0,60.0,5.0,62500,213088,62496,1.0,sgcp-density-cap,1,ns3,899,0.5,10,12,28,,,[],[],,,15,32,
2026_07_29_02_32_08,000080,17,all-cluster-heads,docs\doc_workspace\SGCP\artifacts\early_from_late_checkpoint_20260719\enable_coperception_early_from_attentive.yaml,dynamic_cv,grid,utility,utility,none,0,0,,potential_verified_cov_coalition_game,6,,3;17;18,17,,{},"{""17"": 14129}",0,0.0,10,40.0,60.0,5.0,62500,213088,62496,1.0,sgcp-density-cap,1,ns3,899,0.5,10,12,28,,,[],[],,,10,20,
2026_07_29_02_32_08,000082,1,all-cluster-heads,docs\doc_workspace\SGCP\artifacts\early_from_late_checkpoint_20260719\enable_coperception_early_from_attentive.yaml,dynamic_cv,grid,utility,utility,none,0,0,,potential_verified_cov_coalition_game,7,,1;2;8;11,1;2;11,2;11,"{""2"": 27, ""11"": 40}","{""1"": 13971, ""2"": 640, ""11"": 1134}",28384,10.091212458286986,10,40.0,60.0,5.0,62500,208784,62496,1.0,sgcp-density-cap,1,ns3,899,0.5,10,12,28,,,[],[],2>1:9;11>1:0,,32,50,
2026_07_29_02_32_08,000082,10,all-cluster-heads,docs\doc_workspace\SGCP\artifacts\early_from_late_checkpoint_20260719\enable_coperception_early_from_attentive.yaml,dynamic_cv,grid,utility,utility,none,0,0,,potential_verified_cov_coalition_game,7,,9;10,10;9,9,"{""9"": 42}","{""9"": 508, ""10"": 13992}",8128,4.520578420467186,10,40.0,60.0,5.0,62500,208784,62496,1.0,sgcp-density-cap,1,ns3,899,0.5,10,12,28,,,[],[],9>10:1,,27,38,
2026_07_29_02_32_08,000082,12,all-cluster-heads,docs\doc_workspace\SGCP\artifacts\early_from_late_checkpoint_20260719\enable_coperception_early_from_attentive.yaml,dynamic_cv,grid,utility,utility,none,0,0,,potential_verified_cov_coalition_game,7,,4;7;12,12;7,7,"{""7"": 34}","{""7"": 1624, ""12"": 13970}",25984,14.451612903225806,10,40.0,60.0,5.0,62500,208784,62496,1.0,sgcp-density-cap,1,ns3,899,0.5,10,12,28,,,[],[],7>12:2,,25,44,
2026_07_29_02_32_08,000082,13,all-cluster-heads,docs\doc_workspace\SGCP\artifacts\early_from_late_checkpoint_20260719\enable_coperception_early_from_attentive.yaml,dynamic_cv,grid,utility,utility,none,0,0,,potential_verified_cov_coalition_game,7,,13;14;19,13,,{},"{""13"": 13604}",0,0.0,10,40.0,60.0,5.0,62500,208784,62496,1.0,sgcp-density-cap,1,ns3,899,0.5,10,12,28,,,[],[],,,5,18,
2026_07_29_02_32_08,000082,15,all-cluster-heads,docs\doc_workspace\SGCP\artifacts\early_from_late_checkpoint_20260719\enable_coperception_early_from_attentive.yaml,dynamic_cv,grid,utility,utility,none,0,0,,potential_verified_cov_coalition_game,7,,6;15,15,,{},"{""15"": 13530}",0,0.0,10,40.0,60.0,5.0,62500,208784,62496,1.0,sgcp-density-cap,1,ns3,899,0.5,10,12,28,,,[],[],,,17,22,
2026_07_29_02_32_08,000082,17,all-cluster-heads,docs\doc_workspace\SGCP\artifacts\early_from_late_checkpoint_20260719\enable_coperception_early_from_attentive.yaml,dynamic_cv,grid,utility,utility,none,0,0,,potential_verified_cov_coalition_game,7,,3;16;17;18,17,,{},"{""17"": 14138}",0,0.0,10,40.0,60.0,5.0,62500,208784,62496,1.0,sgcp-density-cap,1,ns3,899,0.5,10,12,28,,,[],[],,,10,19,
2026_07_29_02_32_08,000082,20,all-cluster-heads,docs\doc_workspace\SGCP\artifacts\early_from_late_checkpoint_20260719\enable_coperception_early_from_attentive.yaml,dynamic_cv,grid,utility,utility,none,0,0,,potential_verified_cov_coalition_game,7,,5;20,20,,{},"{""20"": 13917}",0,0.0,10,40.0,60.0,5.0,62500,208784,62496,1.0,sgcp-density-cap,1,ns3,899,0.5,10,12,28,,,[],[],,,21,32,
2026_07_29_02_32_08,000084,1,all-cluster-heads,docs\doc_workspace\SGCP\artifacts\early_from_late_checkpoint_20260719\enable_coperception_early_from_attentive.yaml,dynamic_cv,grid,utility,utility,none,0,0,,potential_verified_cov_coalition_game,7,,1;2;8;11,1;2;11,2;11,"{""2"": 27, ""11"": 42}","{""1"": 13971, ""2"": 626, ""11"": 1133}",28144,10.082313681868742,10,40.0,60.0,5.0,62500,206448,62496,1.0,sgcp-density-cap,1,ns3,899,0.5,10,12,28,,,[],[],2>1:9;11>1:0,,31,48,
2026_07_29_02_32_08,000084,10,all-cluster-heads,docs\doc_workspace\SGCP\artifacts\early_from_late_checkpoint_20260719\enable_coperception_early_from_attentive.yaml,dynamic_cv,grid,utility,utility,none,0,0,,potential_verified_cov_coalition_game,7,,9;10,10;9,9,"{""9"": 40}","{""9"": 511, ""10"": 13992}",8176,4.547274749721914,10,40.0,60.0,5.0,62500,206448,62496,1.0,sgcp-density-cap,1,ns3,899,0.5,10,12,28,,,[],[],9>10:1,,24,37,
2026_07_29_02_32_08,000084,12,all-cluster-heads,docs\doc_workspace\SGCP\artifacts\early_from_late_checkpoint_20260719\enable_coperception_early_from_attentive.yaml,dynamic_cv,grid,utility,utility,none,0,0,,potential_verified_cov_coalition_game,7,,4;7;12,12;7,7,"{""7"": 34}","{""7"": 1636, ""12"": 14013}",26176,14.558398220244717,10,40.0,60.0,5.0,62500,206448,62496,1.0,sgcp-density-cap,1,ns3,899,0.5,10,12,28,,,[],[],7>12:2,,24,41,
2026_07_29_02_32_08,000084,13,all-cluster-heads,docs\doc_workspace\SGCP\artifacts\early_from_late_checkpoint_20260719\enable_coperception_early_from_attentive.yaml,dynamic_cv,grid,utility,utility,none,0,0,,potential_verified_cov_coalition_game,7,,13;14;19,13,,{},"{""13"": 13586}",0,0.0,10,40.0,60.0,5.0,62500,206448,62496,1.0,sgcp-density-cap,1,ns3,899,0.5,10,12,28,,,[],[],,,5,17,
2026_07_29_02_32_08,000084,15,all-cluster-heads,docs\doc_workspace\SGCP\artifacts\early_from_late_checkpoint_20260719\enable_coperception_early_from_attentive.yaml,dynamic_cv,grid,utility,utility,none,0,0,,potential_verified_cov_coalition_game,7,,6;15,15,,{},"{""15"": 13532}",0,0.0,10,40.0,60.0,5.0,62500,206448,62496,1.0,sgcp-density-cap,1,ns3,899,0.5,10,12,28,,,[],[],,,16,22,
2026_07_29_02_32_08,000084,17,all-cluster-heads,docs\doc_workspace\SGCP\artifacts\early_from_late_checkpoint_20260719\enable_coperception_early_from_attentive.yaml,dynamic_cv,grid,utility,utility,none,0,0,,potential_verified_cov_coalition_game,7,,3;16;17;18,17,,{},"{""17"": 14146}",0,0.0,10,40.0,60.0,5.0,62500,206448,62496,1.0,sgcp-density-cap,1,ns3,899,0.5,10,12,28,,,[],[],,,12,19,
2026_07_29_02_32_08,000084,20,all-cluster-heads,docs\doc_workspace\SGCP\artifacts\early_from_late_checkpoint_20260719\enable_coperception_early_from_attentive.yaml,dynamic_cv,grid,utility,utility,none,0,0,,potential_verified_cov_coalition_game,7,,5;20,20,,{},"{""20"": 13917}",0,0.0,10,40.0,60.0,5.0,62500,206448,62496,1.0,sgcp-density-cap,1,ns3,899,0.5,10,12,28,,,[],[],,,21,32,
2026_07_29_02_32_08,000086,1,all-cluster-heads,docs\doc_workspace\SGCP\artifacts\early_from_late_checkpoint_20260719\enable_coperception_early_from_attentive.yaml,dynamic_cv,grid,utility,utility,none,0,0,,potential_verified_cov_coalition_game,7,,1;2;8;11,1;8;11,8;11,"{""8"": 19, ""11"": 42}","{""1"": 13972, ""8"": 537, ""11"": 1191}",27648,10.598442714126808,10,40.0,60.0,5.0,62500,204992,62496,1.0,sgcp-density-cap,1,ns3,899,0.5,10,12,28,,,[],[],8>1:9;11>1:0,,31,49,
2026_07_29_02_32_08,000086,10,all-cluster-heads,docs\doc_workspace\SGCP\artifacts\early_from_late_checkpoint_20260719\enable_coperception_early_from_attentive.yaml,dynamic_cv,grid,utility,utility,none,0,0,,potential_verified_cov_coalition_game,7,,9;10,10;9,9,"{""9"": 41}","{""9"": 508, ""10"": 14000}",8128,4.520578420467186,10,40.0,60.0,5.0,62500,204992,62496,1.0,sgcp-density-cap,1,ns3,899,0.5,10,12,28,,,[],[],9>10:1,,21,39,
2026_07_29_02_32_08,000086,12,all-cluster-heads,docs\doc_workspace\SGCP\artifacts\early_from_late_checkpoint_20260719\enable_coperception_early_from_attentive.yaml,dynamic_cv,grid,utility,utility,none,0,0,,potential_verified_cov_coalition_game,7,,4;7;12,12;7,7,"{""7"": 45}","{""7"": 1663, ""12"": 14037}",26608,14.798665183537265,10,40.0,60.0,5.0,62500,204992,62496,1.0,sgcp-density-cap,1,ns3,899,0.5,10,12,28,,,[],[],7>12:2,,26,43,
2026_07_29_02_32_08,000086,13,all-cluster-heads,docs\doc_workspace\SGCP\artifacts\early_from_late_checkpoint_20260719\enable_coperception_early_from_attentive.yaml,dynamic_cv,grid,utility,utility,none,0,0,,potential_verified_cov_coalition_game,7,,13;14;19,13;14,14,"{""14"": 2}","{""13"": 13599, ""14"": 7}",112,0.062291434927697446,10,40.0,60.0,5.0,62500,204992,62496,1.0,sgcp-density-cap,1,ns3,899,0.5,10,12,28,,,[],[],14>13:3,,3,15,
2026_07_29_02_32_08,000086,15,all-cluster-heads,docs\doc_workspace\SGCP\artifacts\early_from_late_checkpoint_20260719\enable_coperception_early_from_attentive.yaml,dynamic_cv,grid,utility,utility,none,0,0,,potential_verified_cov_coalition_game,7,,6;15,15,,{},"{""15"": 13534}",0,0.0,10,40.0,60.0,5.0,62500,204992,62496,1.0,sgcp-density-cap,1,ns3,899,0.5,10,12,28,,,[],[],,,15,23,
2026_07_29_02_32_08,000086,17,all-cluster-heads,docs\doc_workspace\SGCP\artifacts\early_from_late_checkpoint_20260719\enable_coperception_early_from_attentive.yaml,dynamic_cv,grid,utility,utility,none,0,0,,potential_verified_cov_coalition_game,7,,3;16;17;18,17,,{},"{""17"": 14140}",0,0.0,10,40.0,60.0,5.0,62500,204992,62496,1.0,sgcp-density-cap,1,ns3,899,0.5,10,12,28,,,[],[],,,10,19,
2026_07_29_02_32_08,000086,20,all-cluster-heads,docs\doc_workspace\SGCP\artifacts\early_from_late_checkpoint_20260719\enable_coperception_early_from_attentive.yaml,dynamic_cv,grid,utility,utility,none,0,0,,potential_verified_cov_coalition_game,7,,5;20,20,,{},"{""20"": 13917}",0,0.0,10,40.0,60.0,5.0,62500,204992,62496,1.0,sgcp-density-cap,1,ns3,899,0.5,10,12,28,,,[],[],,,23,32,
2026_07_29_02_32_08,000088,1,all-cluster-heads,docs\doc_workspace\SGCP\artifacts\early_from_late_checkpoint_20260719\enable_coperception_early_from_attentive.yaml,dynamic_cv,grid,utility,utility,none,0,0,,potential_verified_cov_coalition_game,7,,1;2;8;11,1;8;11,8;11,"{""8"": 19, ""11"": 41}","{""1"": 13967, ""8"": 544, ""11"": 1187}",27696,10.562847608453838,10,40.0,60.0,5.0,62500,203744,62496,1.0,sgcp-density-cap,1,ns3,899,0.5,10,12,28,,,[],[],8>1:9;11>1:0,,32,49,
2026_07_29_02_32_08,000088,10,all-cluster-heads,docs\doc_workspace\SGCP\artifacts\early_from_late_checkpoint_20260719\enable_coperception_early_from_attentive.yaml,dynamic_cv,grid,utility,utility,none,0,0,,potential_verified_cov_coalition_game,7,,9;10,10;9,9,"{""9"": 41}","{""9"": 519, ""10"": 13995}",8304,4.618464961067853,10,40.0,60.0,5.0,62500,203744,62496,1.0,sgcp-density-cap,1,ns3,899,0.5,10,12,28,,,[],[],9>10:1,,22,39,
2026_07_29_02_32_08,000088,12,all-cluster-heads,docs\doc_workspace\SGCP\artifacts\early_from_late_checkpoint_20260719\enable_coperception_early_from_attentive.yaml,dynamic_cv,grid,utility,utility,none,0,0,,potential_verified_cov_coalition_game,7,,4;7;12,12;7,7,"{""7"": 39}","{""7"": 1656, ""12"": 14084}",26496,14.736373748609566,10,40.0,60.0,5.0,62500,203744,62496,1.0,sgcp-density-cap,1,ns3,899,0.5,10,12,28,,,[],[],7>12:2,,26,44,
2026_07_29_02_32_08,000088,13,all-cluster-heads,docs\doc_workspace\SGCP\artifacts\early_from_late_checkpoint_20260719\enable_coperception_early_from_attentive.yaml,dynamic_cv,grid,utility,utility,none,0,0,,potential_verified_cov_coalition_game,7,,13;14;19,13,,{},"{""13"": 13598}",0,0.0,10,40.0,60.0,5.0,62500,203744,62496,1.0,sgcp-density-cap,1,ns3,899,0.5,10,12,28,,,[],[],,,3,15,
2026_07_29_02_32_08,000088,15,all-cluster-heads,docs\doc_workspace\SGCP\artifacts\early_from_late_checkpoint_20260719\enable_coperception_early_from_attentive.yaml,dynamic_cv,grid,utility,utility,none,0,0,,potential_verified_cov_coalition_game,7,,6;15,15,,{},"{""15"": 13521}",0,0.0,10,40.0,60.0,5.0,62500,203744,62496,1.0,sgcp-density-cap,1,ns3,899,0.5,10,12,28,,,[],[],,,15,23,
2026_07_29_02_32_08,000088,17,all-cluster-heads,docs\doc_workspace\SGCP\artifacts\early_from_late_checkpoint_20260719\enable_coperception_early_from_attentive.yaml,dynamic_cv,grid,utility,utility,none,0,0,,potential_verified_cov_coalition_game,7,,3;16;17;18,17,,{},"{""17"": 14155}",0,0.0,10,40.0,60.0,5.0,62500,203744,62496,1.0,sgcp-density-cap,1,ns3,899,0.5,10,12,28,,,[],[],,,10,20,
2026_07_29_02_32_08,000088,20,all-cluster-heads,docs\doc_workspace\SGCP\artifacts\early_from_late_checkpoint_20260719\enable_coperception_early_from_attentive.yaml,dynamic_cv,grid,utility,utility,none,0,0,,potential_verified_cov_coalition_game,7,,5;20,20,,{},"{""20"": 13915}",0,0.0,10,40.0,60.0,5.0,62500,203744,62496,1.0,sgcp-density-cap,1,ns3,899,0.5,10,12,28,,,[],[],,,23,32,
2026_07_29_02_32_08,000090,1,all-cluster-heads,docs\doc_workspace\SGCP\artifacts\early_from_late_checkpoint_20260719\enable_coperception_early_from_attentive.yaml,dynamic_cv,grid,utility,utility,none,0,0,,potential_verified_cov_coalition_game,7,,1;2;8;11,1;8;11,8;11,"{""8"": 19, ""11"": 41}","{""1"": 13964, ""8"": 547, ""11"": 1182}",27664,10.518353726362626,10,40.0,60.0,5.0,62500,205072,62496,1.0,sgcp-density-cap,1,ns3,899,0.5,10,12,28,,,[],[],8>1:9;11>1:0,,31,49,
2026_07_29_02_32_08,000090,10,all-cluster-heads,docs\doc_workspace\SGCP\artifacts\early_from_late_checkpoint_20260719\enable_coperception_early_from_attentive.yaml,dynamic_cv,grid,utility,utility,none,0,0,,potential_verified_cov_coalition_game,7,,9;10,10;9,9,"{""9"": 41}","{""9"": 544, ""10"": 13989}",8704,4.8409343715239155,10,40.0,60.0,5.0,62500,205072,62496,1.0,sgcp-density-cap,1,ns3,899,0.5,10,12,28,,,[],[],9>10:1,,23,39,
2026_07_29_02_32_08,000090,12,all-cluster-heads,docs\doc_workspace\SGCP\artifacts\early_from_late_checkpoint_20260719\enable_coperception_early_from_attentive.yaml,dynamic_cv,grid,utility,utility,none,0,0,,potential_verified_cov_coalition_game,7,,4;7;12,12;7,7,"{""7"": 35}","{""7"": 1633, ""12"": 14081}",26128,14.53170189098999,10,40.0,60.0,5.0,62500,205072,62496,1.0,sgcp-density-cap,1,ns3,899,0.5,10,12,28,,,[],[],7>12:2,,21,42,
2026_07_29_02_32_08,000090,13,all-cluster-heads,docs\doc_workspace\SGCP\artifacts\early_from_late_checkpoint_20260719\enable_coperception_early_from_attentive.yaml,dynamic_cv,grid,utility,utility,none,0,0,,potential_verified_cov_coalition_game,7,,13;14;19,13,,{},"{""13"": 13587}",0,0.0,10,40.0,60.0,5.0,62500,205072,62496,1.0,sgcp-density-cap,1,ns3,899,0.5,10,12,28,,,[],[],,,3,15,
2026_07_29_02_32_08,000090,15,all-cluster-heads,docs\doc_workspace\SGCP\artifacts\early_from_late_checkpoint_20260719\enable_coperception_early_from_attentive.yaml,dynamic_cv,grid,utility,utility,none,0,0,,potential_verified_cov_coalition_game,7,,6;15,15,,{},"{""15"": 13534}",0,0.0,10,40.0,60.0,5.0,62500,205072,62496,1.0,sgcp-density-cap,1,ns3,899,0.5,10,12,28,,,[],[],,,16,22,
2026_07_29_02_32_08,000090,17,all-cluster-heads,docs\doc_workspace\SGCP\artifacts\early_from_late_checkpoint_20260719\enable_coperception_early_from_attentive.yaml,dynamic_cv,grid,utility,utility,none,0,0,,potential_verified_cov_coalition_game,7,,3;16;17;18,17,,{},"{""17"": 14164}",0,0.0,10,40.0,60.0,5.0,62500,205072,62496,1.0,sgcp-density-cap,1,ns3,899,0.5,10,12,28,,,[],[],,,11,21,
2026_07_29_02_32_08,000090,20,all-cluster-heads,docs\doc_workspace\SGCP\artifacts\early_from_late_checkpoint_20260719\enable_coperception_early_from_attentive.yaml,dynamic_cv,grid,utility,utility,none,0,0,,potential_verified_cov_coalition_game,7,,5;20,20,,{},"{""20"": 13914}",0,0.0,10,40.0,60.0,5.0,62500,205072,62496,1.0,sgcp-density-cap,1,ns3,899,0.5,10,12,28,,,[],[],,,20,32,
2026_07_29_02_32_08,000092,1,all-cluster-heads,docs\doc_workspace\SGCP\artifacts\early_from_late_checkpoint_20260719\enable_coperception_early_from_attentive.yaml,dynamic_cv,grid,utility,utility,none,0,0,,potential_verified_cov_coalition_game,7,,1;2;8;11,1;8;11,8;11,"{""8"": 19, ""11"": 42}","{""1"": 13964, ""8"": 545, ""11"": 1170}",27440,10.411568409343715,10,40.0,60.0,5.0,62500,203872,62496,1.0,sgcp-density-cap,1,ns3,899,0.5,10,12,28,,,[],[],8>1:9;11>1:0,,32,48,
2026_07_29_02_32_08,000092,10,all-cluster-heads,docs\doc_workspace\SGCP\artifacts\early_from_late_checkpoint_20260719\enable_coperception_early_from_attentive.yaml,dynamic_cv,grid,utility,utility,none,0,0,,potential_verified_cov_coalition_game,7,,9;10,10;9,9,"{""9"": 41}","{""9"": 542, ""10"": 13986}",8672,4.823136818687431,10,40.0,60.0,5.0,62500,203872,62496,1.0,sgcp-density-cap,1,ns3,899,0.5,10,12,28,,,[],[],9>10:1,,24,39,
2026_07_29_02_32_08,000092,12,all-cluster-heads,docs\doc_workspace\SGCP\artifacts\early_from_late_checkpoint_20260719\enable_coperception_early_from_attentive.yaml,dynamic_cv,grid,utility,utility,none,0,0,,potential_verified_cov_coalition_game,7,,4;7;12,12;7,7,"{""7"": 34}","{""7"": 1649, ""12"": 14115}",26384,14.674082313681868,10,40.0,60.0,5.0,62500,203872,62496,1.0,sgcp-density-cap,1,ns3,899,0.5,10,12,28,,,[],[],7>12:2,,20,44,
2026_07_29_02_32_08,000092,13,all-cluster-heads,docs\doc_workspace\SGCP\artifacts\early_from_late_checkpoint_20260719\enable_coperception_early_from_attentive.yaml,dynamic_cv,grid,utility,utility,none,0,0,,potential_verified_cov_coalition_game,7,,13;14;19,13,,{},"{""13"": 13577}",0,0.0,10,40.0,60.0,5.0,62500,203872,62496,1.0,sgcp-density-cap,1,ns3,899,0.5,10,12,28,,,[],[],,,4,14,
2026_07_29_02_32_08,000092,15,all-cluster-heads,docs\doc_workspace\SGCP\artifacts\early_from_late_checkpoint_20260719\enable_coperception_early_from_attentive.yaml,dynamic_cv,grid,utility,utility,none,0,0,,potential_verified_cov_coalition_game,7,,6;15,15,,{},"{""15"": 13570}",0,0.0,10,40.0,60.0,5.0,62500,203872,62496,1.0,sgcp-density-cap,1,ns3,899,0.5,10,12,28,,,[],[],,,17,22,
2026_07_29_02_32_08,000092,17,all-cluster-heads,docs\doc_workspace\SGCP\artifacts\early_from_late_checkpoint_20260719\enable_coperception_early_from_attentive.yaml,dynamic_cv,grid,utility,utility,none,0,0,,potential_verified_cov_coalition_game,7,,3;16;17;18,17,,{},"{""17"": 14182}",0,0.0,10,40.0,60.0,5.0,62500,203872,62496,1.0,sgcp-density-cap,1,ns3,899,0.5,10,12,28,,,[],[],,,13,20,
2026_07_29_02_32_08,000092,20,all-cluster-heads,docs\doc_workspace\SGCP\artifacts\early_from_late_checkpoint_20260719\enable_coperception_early_from_attentive.yaml,dynamic_cv,grid,utility,utility,none,0,0,,potential_verified_cov_coalition_game,7,,5;20,20,,{},"{""20"": 13912}",0,0.0,10,40.0,60.0,5.0,62500,203872,62496,1.0,sgcp-density-cap,1,ns3,899,0.5,10,12,28,,,[],[],,,23,33,
2026_07_29_02_32_08,000094,1,all-cluster-heads,docs\doc_workspace\SGCP\artifacts\early_from_late_checkpoint_20260719\enable_coperception_early_from_attentive.yaml,dynamic_cv,grid,utility,utility,none,0,0,,potential_verified_cov_coalition_game,7,,1;2;8;11,1;8;11,8;11,"{""8"": 19, ""11"": 42}","{""1"": 13962, ""8"": 546, ""11"": 1168}",27424,10.39377085650723,10,40.0,60.0,5.0,62500,205104,62496,1.0,sgcp-density-cap,1,ns3,899,0.5,10,12,28,,,[],[],8>1:9;11>1:0,,36,48,
2026_07_29_02_32_08,000094,10,all-cluster-heads,docs\doc_workspace\SGCP\artifacts\early_from_late_checkpoint_20260719\enable_coperception_early_from_attentive.yaml,dynamic_cv,grid,utility,utility,none,0,0,,potential_verified_cov_coalition_game,7,,9;10,10;9,9,"{""9"": 41}","{""9"": 541, ""10"": 13987}",8656,4.814238042269189,10,40.0,60.0,5.0,62500,205104,62496,1.0,sgcp-density-cap,1,ns3,899,0.5,10,12,28,,,[],[],9>10:1,,27,40,
2026_07_29_02_32_08,000094,12,all-cluster-heads,docs\doc_workspace\SGCP\artifacts\early_from_late_checkpoint_20260719\enable_coperception_early_from_attentive.yaml,dynamic_cv,grid,utility,utility,none,0,0,,potential_verified_cov_coalition_game,7,,4;7;12,12;7,7,"{""7"": 33}","{""7"": 1651, ""12"": 14132}",26416,14.691879866518354,10,40.0,60.0,5.0,62500,205104,62496,1.0,sgcp-density-cap,1,ns3,899,0.5,10,12,28,,,[],[],7>12:2,,18,42,
2026_07_29_02_32_08,000094,13,all-cluster-heads,docs\doc_workspace\SGCP\artifacts\early_from_late_checkpoint_20260719\enable_coperception_early_from_attentive.yaml,dynamic_cv,grid,utility,utility,none,0,0,,potential_verified_cov_coalition_game,7,,13;14;19,13,,{},"{""13"": 13577}",0,0.0,10,40.0,60.0,5.0,62500,205104,62496,1.0,sgcp-density-cap,1,ns3,899,0.5,10,12,28,,,[],[],,,3,14,
2026_07_29_02_32_08,000094,15,all-cluster-heads,docs\doc_workspace\SGCP\artifacts\early_from_late_checkpoint_20260719\enable_coperception_early_from_attentive.yaml,dynamic_cv,grid,utility,utility,none,0,0,,potential_verified_cov_coalition_game,7,,6;15,15,,{},"{""15"": 13568}",0,0.0,10,40.0,60.0,5.0,62500,205104,62496,1.0,sgcp-density-cap,1,ns3,899,0.5,10,12,28,,,[],[],,,17,24,
2026_07_29_02_32_08,000094,17,all-cluster-heads,docs\doc_workspace\SGCP\artifacts\early_from_late_checkpoint_20260719\enable_coperception_early_from_attentive.yaml,dynamic_cv,grid,utility,utility,none,0,0,,potential_verified_cov_coalition_game,7,,3;16;17;18,17,,{},"{""17"": 14181}",0,0.0,10,40.0,60.0,5.0,62500,205104,62496,1.0,sgcp-density-cap,1,ns3,899,0.5,10,12,28,,,[],[],,,12,20,
2026_07_29_02_32_08,000094,20,all-cluster-heads,docs\doc_workspace\SGCP\artifacts\early_from_late_checkpoint_20260719\enable_coperception_early_from_attentive.yaml,dynamic_cv,grid,utility,utility,none,0,0,,potential_verified_cov_coalition_game,7,,5;20,20,,{},"{""20"": 13905}",0,0.0,10,40.0,60.0,5.0,62500,205104,62496,1.0,sgcp-density-cap,1,ns3,899,0.5,10,12,28,,,[],[],,,22,33,
2026_07_29_02_32_08,000096,1,all-cluster-heads,docs\doc_workspace\SGCP\artifacts\early_from_late_checkpoint_20260719\enable_coperception_early_from_attentive.yaml,dynamic_cv,grid,utility,utility,none,0,0,,potential_verified_cov_coalition_game,7,,1;2;8;11,1;8;11,8;11,"{""8"": 18, ""11"": 40}","{""1"": 13962, ""8"": 540, ""11"": 1167}",27312,10.384872080088988,10,40.0,60.0,5.0,62500,203952,62496,1.0,sgcp-density-cap,1,ns3,899,0.5,10,12,28,,,[],[],8>1:9;11>1:0,,33,48,
2026_07_29_02_32_08,000096,10,all-cluster-heads,docs\doc_workspace\SGCP\artifacts\early_from_late_checkpoint_20260719\enable_coperception_early_from_attentive.yaml,dynamic_cv,grid,utility,utility,none,0,0,,potential_verified_cov_coalition_game,7,,9;10,10;9,9,"{""9"": 42}","{""9"": 540, ""10"": 13986}",8640,4.805339265850946,10,40.0,60.0,5.0,62500,203952,62496,1.0,sgcp-density-cap,1,ns3,899,0.5,10,12,28,,,[],[],9>10:1,,26,40,
2026_07_29_02_32_08,000096,12,all-cluster-heads,docs\doc_workspace\SGCP\artifacts\early_from_late_checkpoint_20260719\enable_coperception_early_from_attentive.yaml,dynamic_cv,grid,utility,utility,none,0,0,,potential_verified_cov_coalition_game,7,,4;7;12,12;7,7,"{""7"": 33}","{""7"": 1659, ""12"": 14132}",26544,14.763070077864294,10,40.0,60.0,5.0,62500,203952,62496,1.0,sgcp-density-cap,1,ns3,899,0.5,10,12,28,,,[],[],7>12:2,,20,42,
2026_07_29_02_32_08,000096,13,all-cluster-heads,docs\doc_workspace\SGCP\artifacts\early_from_late_checkpoint_20260719\enable_coperception_early_from_attentive.yaml,dynamic_cv,grid,utility,utility,none,0,0,,potential_verified_cov_coalition_game,7,,13;14;19,13,,{},"{""13"": 13525}",0,0.0,10,40.0,60.0,5.0,62500,203952,62496,1.0,sgcp-density-cap,1,ns3,899,0.5,10,12,28,,,[],[],,,2,14,
2026_07_29_02_32_08,000096,15,all-cluster-heads,docs\doc_workspace\SGCP\artifacts\early_from_late_checkpoint_20260719\enable_coperception_early_from_attentive.yaml,dynamic_cv,grid,utility,utility,none,0,0,,potential_verified_cov_coalition_game,7,,6;15,15,,{},"{""15"": 13554}",0,0.0,10,40.0,60.0,5.0,62500,203952,62496,1.0,sgcp-density-cap,1,ns3,899,0.5,10,12,28,,,[],[],,,16,24,
2026_07_29_02_32_08,000096,17,all-cluster-heads,docs\doc_workspace\SGCP\artifacts\early_from_late_checkpoint_20260719\enable_coperception_early_from_attentive.yaml,dynamic_cv,grid,utility,utility,none,0,0,,potential_verified_cov_coalition_game,7,,3;16;17;18,17,,{},"{""17"": 14183}",0,0.0,10,40.0,60.0,5.0,62500,203952,62496,1.0,sgcp-density-cap,1,ns3,899,0.5,10,12,28,,,[],[],,,13,21,
2026_07_29_02_32_08,000096,20,all-cluster-heads,docs\doc_workspace\SGCP\artifacts\early_from_late_checkpoint_20260719\enable_coperception_early_from_attentive.yaml,dynamic_cv,grid,utility,utility,none,0,0,,potential_verified_cov_coalition_game,7,,5;20,20,,{},"{""20"": 13901}",0,0.0,10,40.0,60.0,5.0,62500,203952,62496,1.0,sgcp-density-cap,1,ns3,899,0.5,10,12,28,,,[],[],,,21,33,
2026_07_29_02_32_08,000098,1,all-cluster-heads,docs\doc_workspace\SGCP\artifacts\early_from_late_checkpoint_20260719\enable_coperception_early_from_attentive.yaml,dynamic_cv,grid,utility,utility,none,0,0,,potential_verified_cov_coalition_game,7,,1;2;8;11,1;8;11,8;11,"{""8"": 18, ""11"": 40}","{""1"": 13964, ""8"": 541, ""11"": 1165}",27296,10.367074527252502,10,40.0,60.0,5.0,62500,202176,62496,1.0,sgcp-density-cap,1,ns3,899,0.5,10,12,28,,,[],[],8>1:9;11>1:0,,31,50,
2026_07_29_02_32_08,000098,10,all-cluster-heads,docs\doc_workspace\SGCP\artifacts\early_from_late_checkpoint_20260719\enable_coperception_early_from_attentive.yaml,dynamic_cv,grid,utility,utility,none,0,0,,potential_verified_cov_coalition_game,7,,9;10,10;9,9,"{""9"": 42}","{""9"": 541, ""10"": 13986}",8656,4.814238042269189,10,40.0,60.0,5.0,62500,202176,62496,1.0,sgcp-density-cap,1,ns3,899,0.5,10,12,28,,,[],[],9>10:1,,26,40,
2026_07_29_02_32_08,000098,12,all-cluster-heads,docs\doc_workspace\SGCP\artifacts\early_from_late_checkpoint_20260719\enable_coperception_early_from_attentive.yaml,dynamic_cv,grid,utility,utility,none,0,0,,potential_verified_cov_coalition_game,7,,4;7;12,12;7,7,"{""7"": 33}","{""7"": 1659, ""12"": 14159}",26544,14.763070077864294,10,40.0,60.0,5.0,62500,202176,62496,1.0,sgcp-density-cap,1,ns3,899,0.5,10,12,28,,,[],[],7>12:2,,18,41,
2026_07_29_02_32_08,000098,13,all-cluster-heads,docs\doc_workspace\SGCP\artifacts\early_from_late_checkpoint_20260719\enable_coperception_early_from_attentive.yaml,dynamic_cv,grid,utility,utility,none,0,0,,potential_verified_cov_coalition_game,7,,13;14;19,13,,{},"{""13"": 13562}",0,0.0,10,40.0,60.0,5.0,62500,202176,62496,1.0,sgcp-density-cap,1,ns3,899,0.5,10,12,28,,,[],[],,,3,14,
2026_07_29_02_32_08,000098,15,all-cluster-heads,docs\doc_workspace\SGCP\artifacts\early_from_late_checkpoint_20260719\enable_coperception_early_from_attentive.yaml,dynamic_cv,grid,utility,utility,none,0,0,,potential_verified_cov_coalition_game,7,,6;15,15,,{},"{""15"": 13584}",0,0.0,10,40.0,60.0,5.0,62500,202176,62496,1.0,sgcp-density-cap,1,ns3,899,0.5,10,12,28,,,[],[],,,16,23,
2026_07_29_02_32_08,000098,17,all-cluster-heads,docs\doc_workspace\SGCP\artifacts\early_from_late_checkpoint_20260719\enable_coperception_early_from_attentive.yaml,dynamic_cv,grid,utility,utility,none,0,0,,potential_verified_cov_coalition_game,7,,3;16;17;18,17,,{},"{""17"": 14193}",0,0.0,10,40.0,60.0,5.0,62500,202176,62496,1.0,sgcp-density-cap,1,ns3,899,0.5,10,12,28,,,[],[],,,13,22,
2026_07_29_02_32_08,000098,20,all-cluster-heads,docs\doc_workspace\SGCP\artifacts\early_from_late_checkpoint_20260719\enable_coperception_early_from_attentive.yaml,dynamic_cv,grid,utility,utility,none,0,0,,potential_verified_cov_coalition_game,7,,5;20,20,,{},"{""20"": 13901}",0,0.0,10,40.0,60.0,5.0,62500,202176,62496,1.0,sgcp-density-cap,1,ns3,899,0.5,10,12,28,,,[],[],,,23,32,
2026_07_29_02_32_08,000100,1,all-cluster-heads,docs\doc_workspace\SGCP\artifacts\early_from_late_checkpoint_20260719\enable_coperception_early_from_attentive.yaml,dynamic_cv,grid,utility,utility,none,0,0,,potential_verified_cov_coalition_game,7,,1;2;8;11,1;8;11,8;11,"{""8"": 18, ""11"": 40}","{""1"": 13960, ""8"": 541, ""11"": 1166}",27312,10.375973303670746,10,40.0,60.0,5.0,62500,204208,62496,1.0,sgcp-density-cap,1,ns3,899,0.5,10,12,28,,,[],[],8>1:9;11>1:0,,33,51,
2026_07_29_02_32_08,000100,10,all-cluster-heads,docs\doc_workspace\SGCP\artifacts\early_from_late_checkpoint_20260719\enable_coperception_early_from_attentive.yaml,dynamic_cv,grid,utility,utility,none,0,0,,potential_verified_cov_coalition_game,7,,9;10,10;9,9,"{""9"": 41}","{""9"": 536, ""10"": 13984}",8576,4.769744160177975,10,40.0,60.0,5.0,62500,204208,62496,1.0,sgcp-density-cap,1,ns3,899,0.5,10,12,28,,,[],[],9>10:1,,23,38,
2026_07_29_02_32_08,000100,12,all-cluster-heads,docs\doc_workspace\SGCP\artifacts\early_from_late_checkpoint_20260719\enable_coperception_early_from_attentive.yaml,dynamic_cv,grid,utility,utility,none,0,0,,potential_verified_cov_coalition_game,7,,4;7;12,12;7,7,"{""7"": 36}","{""7"": 1663, ""12"": 14139}",26608,14.798665183537265,10,40.0,60.0,5.0,62500,204208,62496,1.0,sgcp-density-cap,1,ns3,899,0.5,10,12,28,,,[],[],7>12:2,,20,39,
2026_07_29_02_32_08,000100,13,all-cluster-heads,docs\doc_workspace\SGCP\artifacts\early_from_late_checkpoint_20260719\enable_coperception_early_from_attentive.yaml,dynamic_cv,grid,utility,utility,none,0,0,,potential_verified_cov_coalition_game,7,,13;14;19,13,,{},"{""13"": 13544}",0,0.0,10,40.0,60.0,5.0,62500,204208,62496,1.0,sgcp-density-cap,1,ns3,899,0.5,10,12,28,,,[],[],,,4,16,
2026_07_29_02_32_08,000100,15,all-cluster-heads,docs\doc_workspace\SGCP\artifacts\early_from_late_checkpoint_20260719\enable_coperception_early_from_attentive.yaml,dynamic_cv,grid,utility,utility,none,0,0,,potential_verified_cov_coalition_game,7,,6;15,15,,{},"{""15"": 13585}",0,0.0,10,40.0,60.0,5.0,62500,204208,62496,1.0,sgcp-density-cap,1,ns3,899,0.5,10,12,28,,,[],[],,,15,25,
2026_07_29_02_32_08,000100,17,all-cluster-heads,docs\doc_workspace\SGCP\artifacts\early_from_late_checkpoint_20260719\enable_coperception_early_from_attentive.yaml,dynamic_cv,grid,utility,utility,none,0,0,,potential_verified_cov_coalition_game,7,,3;16;17;18,17,,{},"{""17"": 14181}",0,0.0,10,40.0,60.0,5.0,62500,204208,62496,1.0,sgcp-density-cap,1,ns3,899,0.5,10,12,28,,,[],[],,,12,20,
2026_07_29_02_32_08,000100,20,all-cluster-heads,docs\doc_workspace\SGCP\artifacts\early_from_late_checkpoint_20260719\enable_coperception_early_from_attentive.yaml,dynamic_cv,grid,utility,utility,none,0,0,,potential_verified_cov_coalition_game,7,,5;20,20,,{},"{""20"": 13900}",0,0.0,10,40.0,60.0,5.0,62500,204208,62496,1.0,sgcp-density-cap,1,ns3,899,0.5,10,12,28,,,[],[],,,23,33,
2026_07_29_02_32_08,000102,1,all-cluster-heads,docs\doc_workspace\SGCP\artifacts\early_from_late_checkpoint_20260719\enable_coperception_early_from_attentive.yaml,dynamic_cv,grid,utility,utility,none,0,0,,potential_verified_cov_coalition_game,7,,1;2;8;11,1;8;11,8;11,"{""8"": 18, ""11"": 39}","{""1"": 13962, ""8"": 555, ""11"": 1166}",27536,10.375973303670746,10,40.0,60.0,5.0,62500,203920,62496,1.0,sgcp-density-cap,1,ns3,899,0.5,10,12,28,,,[],[],8>1:9;11>1:0,,30,51,
2026_07_29_02_32_08,000102,10,all-cluster-heads,docs\doc_workspace\SGCP\artifacts\early_from_late_checkpoint_20260719\enable_coperception_early_from_attentive.yaml,dynamic_cv,grid,utility,utility,none,0,0,,potential_verified_cov_coalition_game,7,,9;10,10;9,9,"{""9"": 41}","{""9"": 536, ""10"": 13984}",8576,4.769744160177975,10,40.0,60.0,5.0,62500,203920,62496,1.0,sgcp-density-cap,1,ns3,899,0.5,10,12,28,,,[],[],9>10:1,,23,38,
2026_07_29_02_32_08,000102,12,all-cluster-heads,docs\doc_workspace\SGCP\artifacts\early_from_late_checkpoint_20260719\enable_coperception_early_from_attentive.yaml,dynamic_cv,grid,utility,utility,none,0,0,,potential_verified_cov_coalition_game,7,,4;7;12,12;7,7,"{""7"": 33}","{""7"": 1649, ""12"": 14169}",26384,14.674082313681868,10,40.0,60.0,5.0,62500,203920,62496,1.0,sgcp-density-cap,1,ns3,899,0.5,10,12,28,,,[],[],7>12:2,,18,37,
2026_07_29_02_32_08,000102,13,all-cluster-heads,docs\doc_workspace\SGCP\artifacts\early_from_late_checkpoint_20260719\enable_coperception_early_from_attentive.yaml,dynamic_cv,grid,utility,utility,none,0,0,,potential_verified_cov_coalition_game,7,,13;14;19,13,,{},"{""13"": 13542}",0,0.0,10,40.0,60.0,5.0,62500,203920,62496,1.0,sgcp-density-cap,1,ns3,899,0.5,10,12,28,,,[],[],,,3,15,
2026_07_29_02_32_08,000102,15,all-cluster-heads,docs\doc_workspace\SGCP\artifacts\early_from_late_checkpoint_20260719\enable_coperception_early_from_attentive.yaml,dynamic_cv,grid,utility,utility,none,0,0,,potential_verified_cov_coalition_game,7,,6;15,15,,{},"{""15"": 13594}",0,0.0,10,40.0,60.0,5.0,62500,203920,62496,1.0,sgcp-density-cap,1,ns3,899,0.5,10,12,28,,,[],[],,,16,25,
2026_07_29_02_32_08,000102,17,all-cluster-heads,docs\doc_workspace\SGCP\artifacts\early_from_late_checkpoint_20260719\enable_coperception_early_from_attentive.yaml,dynamic_cv,grid,utility,utility,none,0,0,,potential_verified_cov_coalition_game,7,,3;16;17;18,17,,{},"{""17"": 14188}",0,0.0,10,40.0,60.0,5.0,62500,203920,62496,1.0,sgcp-density-cap,1,ns3,899,0.5,10,12,28,,,[],[],,,12,21,
2026_07_29_02_32_08,000102,20,all-cluster-heads,docs\doc_workspace\SGCP\artifacts\early_from_late_checkpoint_20260719\enable_coperception_early_from_attentive.yaml,dynamic_cv,grid,utility,utility,none,0,0,,potential_verified_cov_coalition_game,7,,5;20,20,,{},"{""20"": 13900}",0,0.0,10,40.0,60.0,5.0,62500,203920,62496,1.0,sgcp-density-cap,1,ns3,899,0.5,10,12,28,,,[],[],,,22,33,
2026_07_29_02_32_08,000104,1,all-cluster-heads,docs\doc_workspace\SGCP\artifacts\early_from_late_checkpoint_20260719\enable_coperception_early_from_attentive.yaml,dynamic_cv,grid,utility,utility,none,0,0,,potential_verified_cov_coalition_game,7,,1;2;8;11,1;8;11,8;11,"{""8"": 18, ""11"": 39}","{""1"": 13965, ""8"": 556, ""11"": 1170}",27616,10.411568409343715,10,40.0,60.0,5.0,62500,204752,62496,1.0,sgcp-density-cap,1,ns3,899,0.5,10,12,28,,,[],[],8>1:9;11>1:0,,33,52,
2026_07_29_02_32_08,000104,10,all-cluster-heads,docs\doc_workspace\SGCP\artifacts\early_from_late_checkpoint_20260719\enable_coperception_early_from_attentive.yaml,dynamic_cv,grid,utility,utility,none,0,0,,potential_verified_cov_coalition_game,7,,9;10,10;9,9,"{""9"": 42}","{""9"": 536, ""10"": 13985}",8576,4.769744160177975,10,40.0,60.0,5.0,62500,204752,62496,1.0,sgcp-density-cap,1,ns3,899,0.5,10,12,28,,,[],[],9>10:1,,23,38,
2026_07_29_02_32_08,000104,12,all-cluster-heads,docs\doc_workspace\SGCP\artifacts\early_from_late_checkpoint_20260719\enable_coperception_early_from_attentive.yaml,dynamic_cv,grid,utility,utility,none,0,0,,potential_verified_cov_coalition_game,7,,4;7;12,12;7,7,"{""7"": 32}","{""7"": 1644, ""12"": 14167}",26304,14.629588431590657,10,40.0,60.0,5.0,62500,204752,62496,1.0,sgcp-density-cap,1,ns3,899,0.5,10,12,28,,,[],[],7>12:2,,22,37,
2026_07_29_02_32_08,000104,13,all-cluster-heads,docs\doc_workspace\SGCP\artifacts\early_from_late_checkpoint_20260719\enable_coperception_early_from_attentive.yaml,dynamic_cv,grid,utility,utility,none,0,0,,potential_verified_cov_coalition_game,7,,13;14;19,13,,{},"{""13"": 13509}",0,0.0,10,40.0,60.0,5.0,62500,204752,62496,1.0,sgcp-density-cap,1,ns3,899,0.5,10,12,28,,,[],[],,,3,15,
2026_07_29_02_32_08,000104,15,all-cluster-heads,docs\doc_workspace\SGCP\artifacts\early_from_late_checkpoint_20260719\enable_coperception_early_from_attentive.yaml,dynamic_cv,grid,utility,utility,none,0,0,,potential_verified_cov_coalition_game,7,,6;15,15,,{},"{""15"": 13579}",0,0.0,10,40.0,60.0,5.0,62500,204752,62496,1.0,sgcp-density-cap,1,ns3,899,0.5,10,12,28,,,[],[],,,16,25,
2026_07_29_02_32_08,000104,17,all-cluster-heads,docs\doc_workspace\SGCP\artifacts\early_from_late_checkpoint_20260719\enable_coperception_early_from_attentive.yaml,dynamic_cv,grid,utility,utility,none,0,0,,potential_verified_cov_coalition_game,7,,3;16;17;18,17,,{},"{""17"": 14180}",0,0.0,10,40.0,60.0,5.0,62500,204752,62496,1.0,sgcp-density-cap,1,ns3,899,0.5,10,12,28,,,[],[],,,13,21,
2026_07_29_02_32_08,000104,20,all-cluster-heads,docs\doc_workspace\SGCP\artifacts\early_from_late_checkpoint_20260719\enable_coperception_early_from_attentive.yaml,dynamic_cv,grid,utility,utility,none,0,0,,potential_verified_cov_coalition_game,7,,5;20,20,,{},"{""20"": 13895}",0,0.0,10,40.0,60.0,5.0,62500,204752,62496,1.0,sgcp-density-cap,1,ns3,899,0.5,10,12,28,,,[],[],,,22,33,
2026_07_29_02_32_08,000106,1,all-cluster-heads,docs\doc_workspace\SGCP\artifacts\early_from_late_checkpoint_20260719\enable_coperception_early_from_attentive.yaml,dynamic_cv,grid,utility,utility,none,0,0,,potential_verified_cov_coalition_game,7,,1;2;8;11,1;8;11,8;11,"{""8"": 19, ""11"": 39}","{""1"": 13961, ""8"": 539, ""11"": 1172}",27376,10.4293659621802,10,40.0,60.0,5.0,62500,204528,62496,1.0,sgcp-density-cap,1,ns3,899,0.5,10,12,28,,,[],[],8>1:9;11>1:0,,33,52,
2026_07_29_02_32_08,000106,10,all-cluster-heads,docs\doc_workspace\SGCP\artifacts\early_from_late_checkpoint_20260719\enable_coperception_early_from_attentive.yaml,dynamic_cv,grid,utility,utility,none,0,0,,potential_verified_cov_coalition_game,7,,9;10,10;9,9,"{""9"": 42}","{""9"": 540, ""10"": 13984}",8640,4.805339265850946,10,40.0,60.0,5.0,62500,204528,62496,1.0,sgcp-density-cap,1,ns3,899,0.5,10,12,28,,,[],[],9>10:1,,25,38,
2026_07_29_02_32_08,000106,12,all-cluster-heads,docs\doc_workspace\SGCP\artifacts\early_from_late_checkpoint_20260719\enable_coperception_early_from_attentive.yaml,dynamic_cv,grid,utility,utility,none,0,0,,potential_verified_cov_coalition_game,7,,4;7;12,12;7,7,"{""7"": 33}","{""7"": 1655, ""12"": 14191}",26480,14.727474972191324,10,40.0,60.0,5.0,62500,204528,62496,1.0,sgcp-density-cap,1,ns3,899,0.5,10,12,28,,,[],[],7>12:2,,17,37,
2026_07_29_02_32_08,000106,13,all-cluster-heads,docs\doc_workspace\SGCP\artifacts\early_from_late_checkpoint_20260719\enable_coperception_early_from_attentive.yaml,dynamic_cv,grid,utility,utility,none,0,0,,potential_verified_cov_coalition_game,7,,13;14;19,13,,{},"{""13"": 13477}",0,0.0,10,40.0,60.0,5.0,62500,204528,62496,1.0,sgcp-density-cap,1,ns3,899,0.5,10,12,28,,,[],[],,,4,14,
2026_07_29_02_32_08,000106,15,all-cluster-heads,docs\doc_workspace\SGCP\artifacts\early_from_late_checkpoint_20260719\enable_coperception_early_from_attentive.yaml,dynamic_cv,grid,utility,utility,none,0,0,,potential_verified_cov_coalition_game,7,,6;15,15,,{},"{""15"": 13589}",0,0.0,10,40.0,60.0,5.0,62500,204528,62496,1.0,sgcp-density-cap,1,ns3,899,0.5,10,12,28,,,[],[],,,16,25,
2026_07_29_02_32_08,000106,17,all-cluster-heads,docs\doc_workspace\SGCP\artifacts\early_from_late_checkpoint_20260719\enable_coperception_early_from_attentive.yaml,dynamic_cv,grid,utility,utility,none,0,0,,potential_verified_cov_coalition_game,7,,3;16;17;18,17,,{},"{""17"": 14174}",0,0.0,10,40.0,60.0,5.0,62500,204528,62496,1.0,sgcp-density-cap,1,ns3,899,0.5,10,12,28,,,[],[],,,13,21,
2026_07_29_02_32_08,000106,20,all-cluster-heads,docs\doc_workspace\SGCP\artifacts\early_from_late_checkpoint_20260719\enable_coperception_early_from_attentive.yaml,dynamic_cv,grid,utility,utility,none,0,0,,potential_verified_cov_coalition_game,7,,5;20,20,,{},"{""20"": 13893}",0,0.0,10,40.0,60.0,5.0,62500,204528,62496,1.0,sgcp-density-cap,1,ns3,899,0.5,10,12,28,,,[],[],,,22,32,
2026_07_29_02_32_08,000108,1,all-cluster-heads,docs\doc_workspace\SGCP\artifacts\early_from_late_checkpoint_20260719\enable_coperception_early_from_attentive.yaml,dynamic_cv,grid,utility,utility,none,0,0,,potential_verified_cov_coalition_game,7,,1;2;8;11,1;8;11,8;11,"{""8"": 20, ""11"": 39}","{""1"": 13963, ""8"": 547, ""11"": 1165}",27392,10.367074527252502,10,40.0,60.0,5.0,62500,206944,62496,1.0,sgcp-density-cap,1,ns3,899,0.5,10,12,28,,,[],[],8>1:9;11>1:0,,34,52,
2026_07_29_02_32_08,000108,10,all-cluster-heads,docs\doc_workspace\SGCP\artifacts\early_from_late_checkpoint_20260719\enable_coperception_early_from_attentive.yaml,dynamic_cv,grid,utility,utility,none,0,0,,potential_verified_cov_coalition_game,7,,9;10,10;9,9,"{""9"": 43}","{""9"": 541, ""10"": 13984}",8656,4.814238042269189,10,40.0,60.0,5.0,62500,206944,62496,1.0,sgcp-density-cap,1,ns3,899,0.5,10,12,28,,,[],[],9>10:1,,23,38,
2026_07_29_02_32_08,000108,12,all-cluster-heads,docs\doc_workspace\SGCP\artifacts\early_from_late_checkpoint_20260719\enable_coperception_early_from_attentive.yaml,dynamic_cv,grid,utility,utility,none,0,0,,potential_verified_cov_coalition_game,7,,4;7;12,12;7,7,"{""7"": 32}","{""7"": 1653, ""12"": 14221}",26448,14.709677419354838,10,40.0,60.0,5.0,62500,206944,62496,1.0,sgcp-density-cap,1,ns3,899,0.5,10,12,28,,,[],[],7>12:2,,21,38,
2026_07_29_02_32_08,000108,13,all-cluster-heads,docs\doc_workspace\SGCP\artifacts\early_from_late_checkpoint_20260719\enable_coperception_early_from_attentive.yaml,dynamic_cv,grid,utility,utility,none,0,0,,potential_verified_cov_coalition_game,7,,13;14;19,13,,{},"{""13"": 13485}",0,0.0,10,40.0,60.0,5.0,62500,206944,62496,1.0,sgcp-density-cap,1,ns3,899,0.5,10,12,28,,,[],[],,,0,14,
2026_07_29_02_32_08,000108,15,all-cluster-heads,docs\doc_workspace\SGCP\artifacts\early_from_late_checkpoint_20260719\enable_coperception_early_from_attentive.yaml,dynamic_cv,grid,utility,utility,none,0,0,,potential_verified_cov_coalition_game,7,,6;15,15,,{},"{""15"": 13579}",0,0.0,10,40.0,60.0,5.0,62500,206944,62496,1.0,sgcp-density-cap,1,ns3,899,0.5,10,12,28,,,[],[],,,17,24,
2026_07_29_02_32_08,000108,17,all-cluster-heads,docs\doc_workspace\SGCP\artifacts\early_from_late_checkpoint_20260719\enable_coperception_early_from_attentive.yaml,dynamic_cv,grid,utility,utility,none,0,0,,potential_verified_cov_coalition_game,7,,3;16;17;18,17,,{},"{""17"": 14203}",0,0.0,10,40.0,60.0,5.0,62500,206944,62496,1.0,sgcp-density-cap,1,ns3,899,0.5,10,12,28,,,[],[],,,12,21,
2026_07_29_02_32_08,000108,20,all-cluster-heads,docs\doc_workspace\SGCP\artifacts\early_from_late_checkpoint_20260719\enable_coperception_early_from_attentive.yaml,dynamic_cv,grid,utility,utility,none,0,0,,potential_verified_cov_coalition_game,7,,5;20,20,,{},"{""20"": 13890}",0,0.0,10,40.0,60.0,5.0,62500,206944,62496,1.0,sgcp-density-cap,1,ns3,899,0.5,10,12,28,,,[],[],,,20,31,
2026_07_29_02_32_08,000110,1,all-cluster-heads,docs\doc_workspace\SGCP\artifacts\early_from_late_checkpoint_20260719\enable_coperception_early_from_attentive.yaml,dynamic_cv,grid,utility,utility,none,0,0,,potential_verified_cov_coalition_game,7,,1;2;8;11,1;8;11,8;11,"{""8"": 21, ""11"": 39}","{""1"": 13963, ""8"": 547, ""11"": 1167}",27424,10.384872080088988,10,40.0,60.0,5.0,62500,206560,62496,1.0,sgcp-density-cap,1,ns3,899,0.5,10,12,28,,,[],[],8>1:9;11>1:0,,33,52,
2026_07_29_02_32_08,000110,10,all-cluster-heads,docs\doc_workspace\SGCP\artifacts\early_from_late_checkpoint_20260719\enable_coperception_early_from_attentive.yaml,dynamic_cv,grid,utility,utility,none,0,0,,potential_verified_cov_coalition_game,7,,9;10,10;9,9,"{""9"": 43}","{""9"": 540, ""10"": 13981}",8640,4.805339265850946,10,40.0,60.0,5.0,62500,206560,62496,1.0,sgcp-density-cap,1,ns3,899,0.5,10,12,28,,,[],[],9>10:1,,26,38,
2026_07_29_02_32_08,000110,12,all-cluster-heads,docs\doc_workspace\SGCP\artifacts\early_from_late_checkpoint_20260719\enable_coperception_early_from_attentive.yaml,dynamic_cv,grid,utility,utility,none,0,0,,potential_verified_cov_coalition_game,7,,4;7;12,12;7,7,"{""7"": 30}","{""7"": 1652, ""12"": 14224}",26432,14.700778642936596,10,40.0,60.0,5.0,62500,206560,62496,1.0,sgcp-density-cap,1,ns3,899,0.5,10,12,28,,,[],[],7>12:2,,22,38,
2026_07_29_02_32_08,000110,13,all-cluster-heads,docs\doc_workspace\SGCP\artifacts\early_from_late_checkpoint_20260719\enable_coperception_early_from_attentive.yaml,dynamic_cv,grid,utility,utility,none,0,0,,potential_verified_cov_coalition_game,7,,13;14;19,13,,{},"{""13"": 13465}",0,0.0,10,40.0,60.0,5.0,62500,206560,62496,1.0,sgcp-density-cap,1,ns3,899,0.5,10,12,28,,,[],[],,,2,14,
2026_07_29_02_32_08,000110,15,all-cluster-heads,docs\doc_workspace\SGCP\artifacts\early_from_late_checkpoint_20260719\enable_coperception_early_from_attentive.yaml,dynamic_cv,grid,utility,utility,none,0,0,,potential_verified_cov_coalition_game,7,,6;15,15,,{},"{""15"": 13612}",0,0.0,10,40.0,60.0,5.0,62500,206560,62496,1.0,sgcp-density-cap,1,ns3,899,0.5,10,12,28,,,[],[],,,16,24,
2026_07_29_02_32_08,000110,17,all-cluster-heads,docs\doc_workspace\SGCP\artifacts\early_from_late_checkpoint_20260719\enable_coperception_early_from_attentive.yaml,dynamic_cv,grid,utility,utility,none,0,0,,potential_verified_cov_coalition_game,7,,3;16;17;18,17,,{},"{""17"": 14197}",0,0.0,10,40.0,60.0,5.0,62500,206560,62496,1.0,sgcp-density-cap,1,ns3,899,0.5,10,12,28,,,[],[],,,10,20,
2026_07_29_02_32_08,000110,20,all-cluster-heads,docs\doc_workspace\SGCP\artifacts\early_from_late_checkpoint_20260719\enable_coperception_early_from_attentive.yaml,dynamic_cv,grid,utility,utility,none,0,0,,potential_verified_cov_coalition_game,7,,5;20,20,,{},"{""20"": 13887}",0,0.0,10,40.0,60.0,5.0,62500,206560,62496,1.0,sgcp-density-cap,1,ns3,899,0.5,10,12,28,,,[],[],,,20,30,
2026_07_29_02_32_08,000112,1,all-cluster-heads,docs\doc_workspace\SGCP\artifacts\early_from_late_checkpoint_20260719\enable_coperception_early_from_attentive.yaml,dynamic_cv,grid,utility,utility,none,0,0,,potential_verified_cov_coalition_game,7,,1;2;8;11,1;8;11,8;11,"{""8"": 21, ""11"": 38}","{""1"": 13966, ""8"": 543, ""11"": 1169}",27392,10.402669632925472,10,40.0,60.0,5.0,62500,208560,62496,1.0,sgcp-density-cap,1,ns3,899,0.5,10,12,28,,,[],[],8>1:9;11>1:0,,31,52,
2026_07_29_02_32_08,000112,10,all-cluster-heads,docs\doc_workspace\SGCP\artifacts\early_from_late_checkpoint_20260719\enable_coperception_early_from_attentive.yaml,dynamic_cv,grid,utility,utility,none,0,0,,potential_verified_cov_coalition_game,7,,9;10,10;9,9,"{""9"": 43}","{""9"": 541, ""10"": 13981}",8656,4.814238042269189,10,40.0,60.0,5.0,62500,208560,62496,1.0,sgcp-density-cap,1,ns3,899,0.5,10,12,28,,,[],[],9>10:1,,24,38,
2026_07_29_02_32_08,000112,12,all-cluster-heads,docs\doc_workspace\SGCP\artifacts\early_from_late_checkpoint_20260719\enable_coperception_early_from_attentive.yaml,dynamic_cv,grid,utility,utility,none,0,0,,potential_verified_cov_coalition_game,7,,4;7;12,12;7,7,"{""7"": 30}","{""7"": 1652, ""12"": 14224}",26432,14.700778642936596,10,40.0,60.0,5.0,62500,208560,62496,1.0,sgcp-density-cap,1,ns3,899,0.5,10,12,28,,,[],[],7>12:2,,17,38,
2026_07_29_02_32_08,000112,13,all-cluster-heads,docs\doc_workspace\SGCP\artifacts\early_from_late_checkpoint_20260719\enable_coperception_early_from_attentive.yaml,dynamic_cv,grid,utility,utility,none,0,0,,potential_verified_cov_coalition_game,7,,13;14;19,13;14,14,"{""14"": 1}","{""13"": 13451, ""14"": 1}",16,0.008898776418242492,10,40.0,60.0,5.0,62500,208560,62496,1.0,sgcp-density-cap,1,ns3,899,0.5,10,12,28,,,[],[],14>13:3,,0,14,
2026_07_29_02_32_08,000112,15,all-cluster-heads,docs\doc_workspace\SGCP\artifacts\early_from_late_checkpoint_20260719\enable_coperception_early_from_attentive.yaml,dynamic_cv,grid,utility,utility,none,0,0,,potential_verified_cov_coalition_game,7,,6;15,15,,{},"{""15"": 13611}",0,0.0,10,40.0,60.0,5.0,62500,208560,62496,1.0,sgcp-density-cap,1,ns3,899,0.5,10,12,28,,,[],[],,,18,24,
2026_07_29_02_32_08,000112,17,all-cluster-heads,docs\doc_workspace\SGCP\artifacts\early_from_late_checkpoint_20260719\enable_coperception_early_from_attentive.yaml,dynamic_cv,grid,utility,utility,none,0,0,,potential_verified_cov_coalition_game,7,,3;16;17;18,17,,{},"{""17"": 14206}",0,0.0,10,40.0,60.0,5.0,62500,208560,62496,1.0,sgcp-density-cap,1,ns3,899,0.5,10,12,28,,,[],[],,,9,21,
2026_07_29_02_32_08,000112,20,all-cluster-heads,docs\doc_workspace\SGCP\artifacts\early_from_late_checkpoint_20260719\enable_coperception_early_from_attentive.yaml,dynamic_cv,grid,utility,utility,none,0,0,,potential_verified_cov_coalition_game,7,,5;20,20,,{},"{""20"": 13886}",0,0.0,10,40.0,60.0,5.0,62500,208560,62496,1.0,sgcp-density-cap,1,ns3,899,0.5,10,12,28,,,[],[],,,20,30,
2026_07_29_02_32_08,000114,1,all-cluster-heads,docs\doc_workspace\SGCP\artifacts\early_from_late_checkpoint_20260719\enable_coperception_early_from_attentive.yaml,dynamic_cv,grid,utility,utility,none,0,0,,potential_verified_cov_coalition_game,7,,1;2;8;11,1;8;11,8;11,"{""8"": 21, ""11"": 39}","{""1"": 13967, ""8"": 542, ""11"": 1168}",27360,10.39377085650723,10,40.0,60.0,5.0,62500,209440,62496,1.0,sgcp-density-cap,1,ns3,899,0.5,10,12,28,,,[],[],8>1:9;11>1:0,,30,52,
2026_07_29_02_32_08,000114,10,all-cluster-heads,docs\doc_workspace\SGCP\artifacts\early_from_late_checkpoint_20260719\enable_coperception_early_from_attentive.yaml,dynamic_cv,grid,utility,utility,none,0,0,,potential_verified_cov_coalition_game,7,,9;10,10;9,9,"{""9"": 44}","{""9"": 547, ""10"": 13979}",8752,4.867630700778643,10,40.0,60.0,5.0,62500,209440,62496,1.0,sgcp-density-cap,1,ns3,899,0.5,10,12,28,,,[],[],9>10:1,,26,38,
2026_07_29_02_32_08,000114,12,all-cluster-heads,docs\doc_workspace\SGCP\artifacts\early_from_late_checkpoint_20260719\enable_coperception_early_from_attentive.yaml,dynamic_cv,grid,utility,utility,none,0,0,,potential_verified_cov_coalition_game,7,,4;7;12,12;7,7,"{""7"": 30}","{""7"": 1649, ""12"": 14210}",26384,14.674082313681868,10,40.0,60.0,5.0,62500,209440,62496,1.0,sgcp-density-cap,1,ns3,899,0.5,10,12,28,,,[],[],7>12:2,,20,39,
2026_07_29_02_32_08,000114,13,all-cluster-heads,docs\doc_workspace\SGCP\artifacts\early_from_late_checkpoint_20260719\enable_coperception_early_from_attentive.yaml,dynamic_cv,grid,utility,utility,none,0,0,,potential_verified_cov_coalition_game,7,,13;14;19,13,,{},"{""13"": 13423}",0,0.0,10,40.0,60.0,5.0,62500,209440,62496,1.0,sgcp-density-cap,1,ns3,899,0.5,10,12,28,,,[],[],,,0,14,
2026_07_29_02_32_08,000114,15,all-cluster-heads,docs\doc_workspace\SGCP\artifacts\early_from_late_checkpoint_20260719\enable_coperception_early_from_attentive.yaml,dynamic_cv,grid,utility,utility,none,0,0,,potential_verified_cov_coalition_game,7,,6;15,15,,{},"{""15"": 13613}",0,0.0,10,40.0,60.0,5.0,62500,209440,62496,1.0,sgcp-density-cap,1,ns3,899,0.5,10,12,28,,,[],[],,,18,25,
2026_07_29_02_32_08,000114,17,all-cluster-heads,docs\doc_workspace\SGCP\artifacts\early_from_late_checkpoint_20260719\enable_coperception_early_from_attentive.yaml,dynamic_cv,grid,utility,utility,none,0,0,,potential_verified_cov_coalition_game,7,,3;16;17;18,17,,{},"{""17"": 14215}",0,0.0,10,40.0,60.0,5.0,62500,209440,62496,1.0,sgcp-density-cap,1,ns3,899,0.5,10,12,28,,,[],[],,,12,21,
2026_07_29_02_32_08,000114,20,all-cluster-heads,docs\doc_workspace\SGCP\artifacts\early_from_late_checkpoint_20260719\enable_coperception_early_from_attentive.yaml,dynamic_cv,grid,utility,utility,none,0,0,,potential_verified_cov_coalition_game,7,,5;20,20,,{},"{""20"": 13882}",0,0.0,10,40.0,60.0,5.0,62500,209440,62496,1.0,sgcp-density-cap,1,ns3,899,0.5,10,12,28,,,[],[],,,21,30,
2026_07_29_02_32_08,000116,1,all-cluster-heads,docs\doc_workspace\SGCP\artifacts\early_from_late_checkpoint_20260719\enable_coperception_early_from_attentive.yaml,dynamic_cv,grid,utility,utility,none,0,0,,potential_verified_cov_coalition_game,7,,1;2;8;11,1;8;11,8;11,"{""8"": 21, ""11"": 39}","{""1"": 13967, ""8"": 541, ""11"": 1166}",27312,10.375973303670746,10,40.0,60.0,5.0,62500,209040,62496,1.0,sgcp-density-cap,1,ns3,899,0.5,10,12,28,,,[],[],8>1:9;11>1:0,,30,52,
2026_07_29_02_32_08,000116,10,all-cluster-heads,docs\doc_workspace\SGCP\artifacts\early_from_late_checkpoint_20260719\enable_coperception_early_from_attentive.yaml,dynamic_cv,grid,utility,utility,none,0,0,,potential_verified_cov_coalition_game,7,,9;10,10;9,9,"{""9"": 44}","{""9"": 560, ""10"": 13979}",8960,4.983314794215795,10,40.0,60.0,5.0,62500,209040,62496,1.0,sgcp-density-cap,1,ns3,899,0.5,10,12,28,,,[],[],9>10:1,,24,37,
2026_07_29_02_32_08,000116,12,all-cluster-heads,docs\doc_workspace\SGCP\artifacts\early_from_late_checkpoint_20260719\enable_coperception_early_from_attentive.yaml,dynamic_cv,grid,utility,utility,none,0,0,,potential_verified_cov_coalition_game,7,,4;7;12,12;7,7,"{""7"": 29}","{""7"": 1639, ""12"": 14231}",26224,14.585094549499445,10,40.0,60.0,5.0,62500,209040,62496,1.0,sgcp-density-cap,1,ns3,899,0.5,10,12,28,,,[],[],7>12:2,,21,39,
2026_07_29_02_32_08,000116,13,all-cluster-heads,docs\doc_workspace\SGCP\artifacts\early_from_late_checkpoint_20260719\enable_coperception_early_from_attentive.yaml,dynamic_cv,grid,utility,utility,none,0,0,,potential_verified_cov_coalition_game,7,,13;14;19,13,,{},"{""13"": 13407}",0,0.0,10,40.0,60.0,5.0,62500,209040,62496,1.0,sgcp-density-cap,1,ns3,899,0.5,10,12,28,,,[],[],,,2,13,
2026_07_29_02_32_08,000116,15,all-cluster-heads,docs\doc_workspace\SGCP\artifacts\early_from_late_checkpoint_20260719\enable_coperception_early_from_attentive.yaml,dynamic_cv,grid,utility,utility,none,0,0,,potential_verified_cov_coalition_game,7,,6;15,15,,{},"{""15"": 13632}",0,0.0,10,40.0,60.0,5.0,62500,209040,62496,1.0,sgcp-density-cap,1,ns3,899,0.5,10,12,28,,,[],[],,,18,27,
2026_07_29_02_32_08,000116,17,all-cluster-heads,docs\doc_workspace\SGCP\artifacts\early_from_late_checkpoint_20260719\enable_coperception_early_from_attentive.yaml,dynamic_cv,grid,utility,utility,none,0,0,,potential_verified_cov_coalition_game,7,,3;16;17;18,17,,{},"{""17"": 14228}",0,0.0,10,40.0,60.0,5.0,62500,209040,62496,1.0,sgcp-density-cap,1,ns3,899,0.5,10,12,28,,,[],[],,,10,21,
2026_07_29_02_32_08,000116,20,all-cluster-heads,docs\doc_workspace\SGCP\artifacts\early_from_late_checkpoint_20260719\enable_coperception_early_from_attentive.yaml,dynamic_cv,grid,utility,utility,none,0,0,,potential_verified_cov_coalition_game,7,,5;20,20,,{},"{""20"": 13882}",0,0.0,10,40.0,60.0,5.0,62500,209040,62496,1.0,sgcp-density-cap,1,ns3,899,0.5,10,12,28,,,[],[],,,19,31,
2026_07_29_02_32_08,000118,1,all-cluster-heads,docs\doc_workspace\SGCP\artifacts\early_from_late_checkpoint_20260719\enable_coperception_early_from_attentive.yaml,dynamic_cv,grid,utility,utility,none,0,0,,potential_verified_cov_coalition_game,7,,1;2;8;11,1;8;11,8;11,"{""8"": 20, ""11"": 39}","{""1"": 13967, ""8"": 533, ""11"": 1169}",27232,10.402669632925472,10,40.0,60.0,5.0,62500,210816,62496,1.0,sgcp-density-cap,1,ns3,899,0.5,10,12,28,,,[],[],8>1:9;11>1:0,,29,51,
2026_07_29_02_32_08,000118,10,all-cluster-heads,docs\doc_workspace\SGCP\artifacts\early_from_late_checkpoint_20260719\enable_coperception_early_from_attentive.yaml,dynamic_cv,grid,utility,utility,none,0,0,,potential_verified_cov_coalition_game,7,,9;10,10;9,9,"{""9"": 44}","{""9"": 565, ""10"": 13979}",9040,5.027808676307008,10,40.0,60.0,5.0,62500,210816,62496,1.0,sgcp-density-cap,1,ns3,899,0.5,10,12,28,,,[],[],9>10:1,,25,37,
2026_07_29_02_32_08,000118,12,all-cluster-heads,docs\doc_workspace\SGCP\artifacts\early_from_late_checkpoint_20260719\enable_coperception_early_from_attentive.yaml,dynamic_cv,grid,utility,utility,none,0,0,,potential_verified_cov_coalition_game,7,,4;7;12,12;7,7,"{""7"": 29}","{""7"": 1639, ""12"": 14223}",26224,14.585094549499445,10,40.0,60.0,5.0,62500,210816,62496,1.0,sgcp-density-cap,1,ns3,899,0.5,10,12,28,,,[],[],7>12:2,,20,41,
2026_07_29_02_32_08,000118,13,all-cluster-heads,docs\doc_workspace\SGCP\artifacts\early_from_late_checkpoint_20260719\enable_coperception_early_from_attentive.yaml,dynamic_cv,grid,utility,utility,none,0,0,,potential_verified_cov_coalition_game,7,,13;14;19,13,,{},"{""13"": 13365}",0,0.0,10,40.0,60.0,5.0,62500,210816,62496,1.0,sgcp-density-cap,1,ns3,899,0.5,10,12,28,,,[],[],,,1,14,
2026_07_29_02_32_08,000118,15,all-cluster-heads,docs\doc_workspace\SGCP\artifacts\early_from_late_checkpoint_20260719\enable_coperception_early_from_attentive.yaml,dynamic_cv,grid,utility,utility,none,0,0,,potential_verified_cov_coalition_game,7,,6;15,15,,{},"{""15"": 13659}",0,0.0,10,40.0,60.0,5.0,62500,210816,62496,1.0,sgcp-density-cap,1,ns3,899,0.5,10,12,28,,,[],[],,,19,26,
2026_07_29_02_32_08,000118,17,all-cluster-heads,docs\doc_workspace\SGCP\artifacts\early_from_late_checkpoint_20260719\enable_coperception_early_from_attentive.yaml,dynamic_cv,grid,utility,utility,none,0,0,,potential_verified_cov_coalition_game,7,,3;16;17;18,17,,{},"{""17"": 14236}",0,0.0,10,40.0,60.0,5.0,62500,210816,62496,1.0,sgcp-density-cap,1,ns3,899,0.5,10,12,28,,,[],[],,,10,21,
2026_07_29_02_32_08,000118,20,all-cluster-heads,docs\doc_workspace\SGCP\artifacts\early_from_late_checkpoint_20260719\enable_coperception_early_from_attentive.yaml,dynamic_cv,grid,utility,utility,none,0,0,,potential_verified_cov_coalition_game,7,,5;20,20,,{},"{""20"": 13879}",0,0.0,10,40.0,60.0,5.0,62500,210816,62496,1.0,sgcp-density-cap,1,ns3,899,0.5,10,12,28,,,[],[],,,20,30,
2026_07_29_02_32_08,000120,1,all-cluster-heads,docs\doc_workspace\SGCP\artifacts\early_from_late_checkpoint_20260719\enable_coperception_early_from_attentive.yaml,dynamic_cv,grid,utility,utility,none,0,0,,potential_verified_cov_coalition_game,7,,1;2;8;11,1;8;11,8;11,"{""8"": 20, ""11"": 40}","{""1"": 13970, ""8"": 536, ""11"": 1168}",27264,10.39377085650723,10,40.0,60.0,5.0,62500,209616,62496,1.0,sgcp-density-cap,1,ns3,899,0.5,10,12,28,,,[],[],8>1:9;11>1:0,,28,51,
2026_07_29_02_32_08,000120,10,all-cluster-heads,docs\doc_workspace\SGCP\artifacts\early_from_late_checkpoint_20260719\enable_coperception_early_from_attentive.yaml,dynamic_cv,grid,utility,utility,none,0,0,,potential_verified_cov_coalition_game,7,,9;10,10;9,9,"{""9"": 44}","{""9"": 566, ""10"": 13976}",9056,5.03670745272525,10,40.0,60.0,5.0,62500,209616,62496,1.0,sgcp-density-cap,1,ns3,899,0.5,10,12,28,,,[],[],9>10:1,,24,37,
2026_07_29_02_32_08,000120,12,all-cluster-heads,docs\doc_workspace\SGCP\artifacts\early_from_late_checkpoint_20260719\enable_coperception_early_from_attentive.yaml,dynamic_cv,grid,utility,utility,none,0,0,,potential_verified_cov_coalition_game,7,,4;7;12,12;7,7,"{""7"": 27}","{""7"": 1636, ""12"": 14223}",26176,14.558398220244717,10,40.0,60.0,5.0,62500,209616,62496,1.0,sgcp-density-cap,1,ns3,899,0.5,10,12,28,,,[],[],7>12:2,,23,41,
2026_07_29_02_32_08,000120,13,all-cluster-heads,docs\doc_workspace\SGCP\artifacts\early_from_late_checkpoint_20260719\enable_coperception_early_from_attentive.yaml,dynamic_cv,grid,utility,utility,none,0,0,,potential_verified_cov_coalition_game,7,,13;14;19,13,,{},"{""13"": 13367}",0,0.0,10,40.0,60.0,5.0,62500,209616,62496,1.0,sgcp-density-cap,1,ns3,899,0.5,10,12,28,,,[],[],,,1,12,
2026_07_29_02_32_08,000120,15,all-cluster-heads,docs\doc_workspace\SGCP\artifacts\early_from_late_checkpoint_20260719\enable_coperception_early_from_attentive.yaml,dynamic_cv,grid,utility,utility,none,0,0,,potential_verified_cov_coalition_game,7,,6;15,15,,{},"{""15"": 13667}",0,0.0,10,40.0,60.0,5.0,62500,209616,62496,1.0,sgcp-density-cap,1,ns3,899,0.5,10,12,28,,,[],[],,,18,26,
2026_07_29_02_32_08,000120,17,all-cluster-heads,docs\doc_workspace\SGCP\artifacts\early_from_late_checkpoint_20260719\enable_coperception_early_from_attentive.yaml,dynamic_cv,grid,utility,utility,none,0,0,,potential_verified_cov_coalition_game,7,,3;16;17;18,17,,{},"{""17"": 14265}",0,0.0,10,40.0,60.0,5.0,62500,209616,62496,1.0,sgcp-density-cap,1,ns3,899,0.5,10,12,28,,,[],[],,,9,21,
2026_07_29_02_32_08,000120,20,all-cluster-heads,docs\doc_workspace\SGCP\artifacts\early_from_late_checkpoint_20260719\enable_coperception_early_from_attentive.yaml,dynamic_cv,grid,utility,utility,none,0,0,,potential_verified_cov_coalition_game,7,,5;20,20,,{},"{""20"": 13881}",0,0.0,10,40.0,60.0,5.0,62500,209616,62496,1.0,sgcp-density-cap,1,ns3,899,0.5,10,12,28,,,[],[],,,21,30,
2026_07_29_02_32_08,000122,1,all-cluster-heads,docs\doc_workspace\SGCP\artifacts\early_from_late_checkpoint_20260719\enable_coperception_early_from_attentive.yaml,dynamic_cv,grid,utility,utility,none,0,0,,potential_verified_cov_coalition_game,7,,1;2;8;11,1;8;11,8;11,"{""8"": 19, ""11"": 41}","{""1"": 13965, ""8"": 527, ""11"": 1167}",27104,10.384872080088988,10,40.0,60.0,5.0,62500,210320,62496,1.0,sgcp-density-cap,1,ns3,899,0.5,10,12,28,,,[],[],8>1:9;11>1:0,,30,50,
2026_07_29_02_32_08,000122,10,all-cluster-heads,docs\doc_workspace\SGCP\artifacts\early_from_late_checkpoint_20260719\enable_coperception_early_from_attentive.yaml,dynamic_cv,grid,utility,utility,none,0,0,,potential_verified_cov_coalition_game,7,,9;10,10;9,9,"{""9"": 44}","{""9"": 564, ""10"": 13976}",9024,5.018909899888765,10,40.0,60.0,5.0,62500,210320,62496,1.0,sgcp-density-cap,1,ns3,899,0.5,10,12,28,,,[],[],9>10:1,,25,38,
2026_07_29_02_32_08,000122,12,all-cluster-heads,docs\doc_workspace\SGCP\artifacts\early_from_late_checkpoint_20260719\enable_coperception_early_from_attentive.yaml,dynamic_cv,grid,utility,utility,none,0,0,,potential_verified_cov_coalition_game,7,,4;7;12,12;7,7,"{""7"": 29}","{""7"": 1648, ""12"": 14209}",26368,14.665183537263626,10,40.0,60.0,5.0,62500,210320,62496,1.0,sgcp-density-cap,1,ns3,899,0.5,10,12,28,,,[],[],7>12:2,,21,41,
2026_07_29_02_32_08,000122,13,all-cluster-heads,docs\doc_workspace\SGCP\artifacts\early_from_late_checkpoint_20260719\enable_coperception_early_from_attentive.yaml,dynamic_cv,grid,utility,utility,none,0,0,,potential_verified_cov_coalition_game,7,,13;14;19,13,,{},"{""13"": 13373}",0,0.0,10,40.0,60.0,5.0,62500,210320,62496,1.0,sgcp-density-cap,1,ns3,899,0.5,10,12,28,,,[],[],,,0,13,
2026_07_29_02_32_08,000122,15,all-cluster-heads,docs\doc_workspace\SGCP\artifacts\early_from_late_checkpoint_20260719\enable_coperception_early_from_attentive.yaml,dynamic_cv,grid,utility,utility,none,0,0,,potential_verified_cov_coalition_game,7,,6;15,15,,{},"{""15"": 13668}",0,0.0,10,40.0,60.0,5.0,62500,210320,62496,1.0,sgcp-density-cap,1,ns3,899,0.5,10,12,28,,,[],[],,,18,27,
2026_07_29_02_32_08,000122,17,all-cluster-heads,docs\doc_workspace\SGCP\artifacts\early_from_late_checkpoint_20260719\enable_coperception_early_from_attentive.yaml,dynamic_cv,grid,utility,utility,none,0,0,,potential_verified_cov_coalition_game,7,,3;16;17;18,17,,{},"{""17"": 14263}",0,0.0,10,40.0,60.0,5.0,62500,210320,62496,1.0,sgcp-density-cap,1,ns3,899,0.5,10,12,28,,,[],[],,,8,21,
2026_07_29_02_32_08,000122,20,all-cluster-heads,docs\doc_workspace\SGCP\artifacts\early_from_late_checkpoint_20260719\enable_coperception_early_from_attentive.yaml,dynamic_cv,grid,utility,utility,none,0,0,,potential_verified_cov_coalition_game,7,,5;20,20,,{},"{""20"": 13882}",0,0.0,10,40.0,60.0,5.0,62500,210320,62496,1.0,sgcp-density-cap,1,ns3,899,0.5,10,12,28,,,[],[],,,21,30,
2026_07_29_02_32_08,000124,1,all-cluster-heads,docs\doc_workspace\SGCP\artifacts\early_from_late_checkpoint_20260719\enable_coperception_early_from_attentive.yaml,dynamic_cv,grid,utility,utility,none,0,0,,potential_verified_cov_coalition_game,7,,1;2;8;11,1;8;11,8;11,"{""8"": 19, ""11"": 41}","{""1"": 13963, ""8"": 527, ""11"": 1168}",27120,10.39377085650723,10,40.0,60.0,5.0,62500,210992,62496,1.0,sgcp-density-cap,1,ns3,899,0.5,10,12,28,,,[],[],8>1:9;11>1:0,,31,48,
2026_07_29_02_32_08,000124,10,all-cluster-heads,docs\doc_workspace\SGCP\artifacts\early_from_late_checkpoint_20260719\enable_coperception_early_from_attentive.yaml,dynamic_cv,grid,utility,utility,none,0,0,,potential_verified_cov_coalition_game,7,,9;10,10;9,9,"{""9"": 44}","{""9"": 563, ""10"": 13972}",9008,5.010011123470523,10,40.0,60.0,5.0,62500,210992,62496,1.0,sgcp-density-cap,1,ns3,899,0.5,10,12,28,,,[],[],9>10:1,,24,37,
2026_07_29_02_32_08,000124,12,all-cluster-heads,docs\doc_workspace\SGCP\artifacts\early_from_late_checkpoint_20260719\enable_coperception_early_from_attentive.yaml,dynamic_cv,grid,utility,utility,none,0,0,,potential_verified_cov_coalition_game,7,,4;7;12,12;7,7,"{""7"": 27}","{""7"": 1648, ""12"": 14179}",26368,14.665183537263626,10,40.0,60.0,5.0,62500,210992,62496,1.0,sgcp-density-cap,1,ns3,899,0.5,10,12,28,,,[],[],7>12:2,,20,40,
2026_07_29_02_32_08,000124,13,all-cluster-heads,docs\doc_workspace\SGCP\artifacts\early_from_late_checkpoint_20260719\enable_coperception_early_from_attentive.yaml,dynamic_cv,grid,utility,utility,none,0,0,,potential_verified_cov_coalition_game,7,,13;14;19,13,,{},"{""13"": 13342}",0,0.0,10,40.0,60.0,5.0,62500,210992,62496,1.0,sgcp-density-cap,1,ns3,899,0.5,10,12,28,,,[],[],,,0,12,
2026_07_29_02_32_08,000124,15,all-cluster-heads,docs\doc_workspace\SGCP\artifacts\early_from_late_checkpoint_20260719\enable_coperception_early_from_attentive.yaml,dynamic_cv,grid,utility,utility,none,0,0,,potential_verified_cov_coalition_game,7,,6;15,15,,{},"{""15"": 13675}",0,0.0,10,40.0,60.0,5.0,62500,210992,62496,1.0,sgcp-density-cap,1,ns3,899,0.5,10,12,28,,,[],[],,,19,28,
2026_07_29_02_32_08,000124,17,all-cluster-heads,docs\doc_workspace\SGCP\artifacts\early_from_late_checkpoint_20260719\enable_coperception_early_from_attentive.yaml,dynamic_cv,grid,utility,utility,none,0,0,,potential_verified_cov_coalition_game,7,,3;16;17;18,17,,{},"{""17"": 14254}",0,0.0,10,40.0,60.0,5.0,62500,210992,62496,1.0,sgcp-density-cap,1,ns3,899,0.5,10,12,28,,,[],[],,,9,22,
2026_07_29_02_32_08,000124,20,all-cluster-heads,docs\doc_workspace\SGCP\artifacts\early_from_late_checkpoint_20260719\enable_coperception_early_from_attentive.yaml,dynamic_cv,grid,utility,utility,none,0,0,,potential_verified_cov_coalition_game,7,,5;20,20,,{},"{""20"": 13887}",0,0.0,10,40.0,60.0,5.0,62500,210992,62496,1.0,sgcp-density-cap,1,ns3,899,0.5,10,12,28,,,[],[],,,20,31,
2026_07_29_02_32_08,000126,1,all-cluster-heads,docs\doc_workspace\SGCP\artifacts\early_from_late_checkpoint_20260719\enable_coperception_early_from_attentive.yaml,dynamic_cv,grid,utility,utility,none,0,0,,potential_verified_cov_coalition_game,7,,1;2;8;11,1;8;11,8;11,"{""8"": 19, ""11"": 41}","{""1"": 13963, ""8"": 528, ""11"": 1167}",27120,10.384872080088988,10,40.0,60.0,5.0,62500,211728,62496,1.0,sgcp-density-cap,1,ns3,899,0.5,10,12,28,,,[],[],8>1:9;11>1:0,,30,48,
2026_07_29_02_32_08,000126,10,all-cluster-heads,docs\doc_workspace\SGCP\artifacts\early_from_late_checkpoint_20260719\enable_coperception_early_from_attentive.yaml,dynamic_cv,grid,utility,utility,none,0,0,,potential_verified_cov_coalition_game,7,,9;10,10;9,9,"{""9"": 45}","{""9"": 562, ""10"": 13972}",8992,5.00111234705228,10,40.0,60.0,5.0,62500,211728,62496,1.0,sgcp-density-cap,1,ns3,899,0.5,10,12,28,,,[],[],9>10:1,,24,37,
2026_07_29_02_32_08,000126,12,all-cluster-heads,docs\doc_workspace\SGCP\artifacts\early_from_late_checkpoint_20260719\enable_coperception_early_from_attentive.yaml,dynamic_cv,grid,utility,utility,none,0,0,,potential_verified_cov_coalition_game,7,,4;7;12,12;7,7,"{""7"": 29}","{""7"": 1649, ""12"": 14162}",26384,14.674082313681868,10,40.0,60.0,5.0,62500,211728,62496,1.0,sgcp-density-cap,1,ns3,899,0.5,10,12,28,,,[],[],7>12:2,,20,40,
2026_07_29_02_32_08,000126,13,all-cluster-heads,docs\doc_workspace\SGCP\artifacts\early_from_late_checkpoint_20260719\enable_coperception_early_from_attentive.yaml,dynamic_cv,grid,utility,utility,none,0,0,,potential_verified_cov_coalition_game,7,,13;14;19,13,,{},"{""13"": 13344}",0,0.0,10,40.0,60.0,5.0,62500,211728,62496,1.0,sgcp-density-cap,1,ns3,899,0.5,10,12,28,,,[],[],,,0,11,
2026_07_29_02_32_08,000126,15,all-cluster-heads,docs\doc_workspace\SGCP\artifacts\early_from_late_checkpoint_20260719\enable_coperception_early_from_attentive.yaml,dynamic_cv,grid,utility,utility,none,0,0,,potential_verified_cov_coalition_game,7,,6;15,15,,{},"{""15"": 13678}",0,0.0,10,40.0,60.0,5.0,62500,211728,62496,1.0,sgcp-density-cap,1,ns3,899,0.5,10,12,28,,,[],[],,,21,29,
2026_07_29_02_32_08,000126,17,all-cluster-heads,docs\doc_workspace\SGCP\artifacts\early_from_late_checkpoint_20260719\enable_coperception_early_from_attentive.yaml,dynamic_cv,grid,utility,utility,none,0,0,,potential_verified_cov_coalition_game,7,,3;16;17;18,17,,{},"{""17"": 14251}",0,0.0,10,40.0,60.0,5.0,62500,211728,62496,1.0,sgcp-density-cap,1,ns3,899,0.5,10,12,28,,,[],[],,,10,22,
2026_07_29_02_32_08,000126,20,all-cluster-heads,docs\doc_workspace\SGCP\artifacts\early_from_late_checkpoint_20260719\enable_coperception_early_from_attentive.yaml,dynamic_cv,grid,utility,utility,none,0,0,,potential_verified_cov_coalition_game,7,,5;20,20,,{},"{""20"": 13888}",0,0.0,10,40.0,60.0,5.0,62500,211728,62496,1.0,sgcp-density-cap,1,ns3,899,0.5,10,12,28,,,[],[],,,20,32,
2026_07_29_02_32_08,000128,1,all-cluster-heads,docs\doc_workspace\SGCP\artifacts\early_from_late_checkpoint_20260719\enable_coperception_early_from_attentive.yaml,dynamic_cv,grid,utility,utility,none,0,0,,potential_verified_cov_coalition_game,7,,1;2;8;11,1;8;11,8;11,"{""8"": 18, ""11"": 41}","{""1"": 13966, ""8"": 523, ""11"": 1164}",26992,10.35817575083426,10,40.0,60.0,5.0,62500,213728,62496,1.0,sgcp-density-cap,1,ns3,899,0.5,10,12,28,,,[],[],8>1:9;11>1:0,,29,49,
2026_07_29_02_32_08,000128,10,all-cluster-heads,docs\doc_workspace\SGCP\artifacts\early_from_late_checkpoint_20260719\enable_coperception_early_from_attentive.yaml,dynamic_cv,grid,utility,utility,none,0,0,,potential_verified_cov_coalition_game,7,,9;10,10;9,9,"{""9"": 45}","{""9"": 559, ""10"": 13970}",8944,4.974416017797553,10,40.0,60.0,5.0,62500,213728,62496,1.0,sgcp-density-cap,1,ns3,899,0.5,10,12,28,,,[],[],9>10:1,,26,37,
2026_07_29_02_32_08,000128,12,all-cluster-heads,docs\doc_workspace\SGCP\artifacts\early_from_late_checkpoint_20260719\enable_coperception_early_from_attentive.yaml,dynamic_cv,grid,utility,utility,none,0,0,,potential_verified_cov_coalition_game,7,,4;7;12,12;7,7,"{""7"": 27}","{""7"": 1660, ""12"": 14176}",26560,14.771968854282537,10,40.0,60.0,5.0,62500,213728,62496,1.0,sgcp-density-cap,1,ns3,899,0.5,10,12,28,,,[],[],7>12:2,,22,39,
2026_07_29_02_32_08,000128,13,all-cluster-heads,docs\doc_workspace\SGCP\artifacts\early_from_late_checkpoint_20260719\enable_coperception_early_from_attentive.yaml,dynamic_cv,grid,utility,utility,none,0,0,,potential_verified_cov_coalition_game,7,,13;14;19,13,,{},"{""13"": 13359}",0,0.0,10,40.0,60.0,5.0,62500,213728,62496,1.0,sgcp-density-cap,1,ns3,899,0.5,10,12,28,,,[],[],,,1,11,
2026_07_29_02_32_08,000128,15,all-cluster-heads,docs\doc_workspace\SGCP\artifacts\early_from_late_checkpoint_20260719\enable_coperception_early_from_attentive.yaml,dynamic_cv,grid,utility,utility,none,0,0,,potential_verified_cov_coalition_game,7,,6;15,15,,{},"{""15"": 13694}",0,0.0,10,40.0,60.0,5.0,62500,213728,62496,1.0,sgcp-density-cap,1,ns3,899,0.5,10,12,28,,,[],[],,,19,28,
2026_07_29_02_32_08,000128,17,all-cluster-heads,docs\doc_workspace\SGCP\artifacts\early_from_late_checkpoint_20260719\enable_coperception_early_from_attentive.yaml,dynamic_cv,grid,utility,utility,none,0,0,,potential_verified_cov_coalition_game,7,,3;16;17;18,17,,{},"{""17"": 14246}",0,0.0,10,40.0,60.0,5.0,62500,213728,62496,1.0,sgcp-density-cap,1,ns3,899,0.5,10,12,28,,,[],[],,,11,22,
2026_07_29_02_32_08,000128,20,all-cluster-heads,docs\doc_workspace\SGCP\artifacts\early_from_late_checkpoint_20260719\enable_coperception_early_from_attentive.yaml,dynamic_cv,grid,utility,utility,none,0,0,,potential_verified_cov_coalition_game,7,,5;20,20,,{},"{""20"": 13891}",0,0.0,10,40.0,60.0,5.0,62500,213728,62496,1.0,sgcp-density-cap,1,ns3,899,0.5,10,12,28,,,[],[],,,20,32,
2026_07_29_02_32_08,000130,1,all-cluster-heads,docs\doc_workspace\SGCP\artifacts\early_from_late_checkpoint_20260719\enable_coperception_early_from_attentive.yaml,dynamic_cv,grid,utility,utility,none,0,0,,potential_verified_cov_coalition_game,7,,1;2;8;11,1;8;11,8;11,"{""8"": 18, ""11"": 40}","{""1"": 13963, ""8"": 522, ""11"": 1163}",26960,10.349276974416018,10,40.0,60.0,5.0,62500,214368,62496,1.0,sgcp-density-cap,1,ns3,899,0.5,10,12,28,,,[],[],8>1:9;11>1:0,,32,48,
2026_07_29_02_32_08,000130,10,all-cluster-heads,docs\doc_workspace\SGCP\artifacts\early_from_late_checkpoint_20260719\enable_coperception_early_from_attentive.yaml,dynamic_cv,grid,utility,utility,none,0,0,,potential_verified_cov_coalition_game,7,,9;10,10;9,9,"{""9"": 45}","{""9"": 559, ""10"": 13970}",8944,4.974416017797553,10,40.0,60.0,5.0,62500,214368,62496,1.0,sgcp-density-cap,1,ns3,899,0.5,10,12,28,,,[],[],9>10:1,,24,37,
2026_07_29_02_32_08,000130,12,all-cluster-heads,docs\doc_workspace\SGCP\artifacts\early_from_late_checkpoint_20260719\enable_coperception_early_from_attentive.yaml,dynamic_cv,grid,utility,utility,none,0,0,,potential_verified_cov_coalition_game,7,,4;7;12,12;7,7,"{""7"": 27}","{""7"": 1662, ""12"": 14172}",26592,14.789766407119021,10,40.0,60.0,5.0,62500,214368,62496,1.0,sgcp-density-cap,1,ns3,899,0.5,10,12,28,,,[],[],7>12:2,,18,37,
2026_07_29_02_32_08,000130,13,all-cluster-heads,docs\doc_workspace\SGCP\artifacts\early_from_late_checkpoint_20260719\enable_coperception_early_from_attentive.yaml,dynamic_cv,grid,utility,utility,none,0,0,,potential_verified_cov_coalition_game,7,,13;14;19,13,,{},"{""13"": 13355}",0,0.0,10,40.0,60.0,5.0,62500,214368,62496,1.0,sgcp-density-cap,1,ns3,899,0.5,10,12,28,,,[],[],,,0,12,
2026_07_29_02_32_08,000130,15,all-cluster-heads,docs\doc_workspace\SGCP\artifacts\early_from_late_checkpoint_20260719\enable_coperception_early_from_attentive.yaml,dynamic_cv,grid,utility,utility,none,0,0,,potential_verified_cov_coalition_game,7,,6;15,15,,{},"{""15"": 13715}",0,0.0,10,40.0,60.0,5.0,62500,214368,62496,1.0,sgcp-density-cap,1,ns3,899,0.5,10,12,28,,,[],[],,,18,26,
2026_07_29_02_32_08,000130,17,all-cluster-heads,docs\doc_workspace\SGCP\artifacts\early_from_late_checkpoint_20260719\enable_coperception_early_from_attentive.yaml,dynamic_cv,grid,utility,utility,none,0,0,,potential_verified_cov_coalition_game,7,,3;16;17;18,17,,{},"{""17"": 14246}",0,0.0,10,40.0,60.0,5.0,62500,214368,62496,1.0,sgcp-density-cap,1,ns3,899,0.5,10,12,28,,,[],[],,,10,21,
2026_07_29_02_32_08,000130,20,all-cluster-heads,docs\doc_workspace\SGCP\artifacts\early_from_late_checkpoint_20260719\enable_coperception_early_from_attentive.yaml,dynamic_cv,grid,utility,utility,none,0,0,,potential_verified_cov_coalition_game,7,,5;20,20,,{},"{""20"": 13896}",0,0.0,10,40.0,60.0,5.0,62500,214368,62496,1.0,sgcp-density-cap,1,ns3,899,0.5,10,12,28,,,[],[],,,20,31,
2026_07_29_02_32_08,000132,4,all-cluster-heads,docs\doc_workspace\SGCP\artifacts\early_from_late_checkpoint_20260719\enable_coperception_early_from_attentive.yaml,dynamic_cv,grid,utility,utility,none,0,0,,potential_verified_cov_coalition_game,6,,4;7;8;12,4;7;12,7;12,"{""7"": 20, ""12"": 36}","{""4"": 13769, ""7"": 703, ""12"": 1459}",34592,12.983314794215795,10,40.0,60.0,5.0,62500,219008,62496,1.0,sgcp-density-cap,1,ns3,899,0.5,10,12,28,,,[],[],7>4:8;12>4:0,,24,47,
2026_07_29_02_32_08,000132,11,all-cluster-heads,docs\doc_workspace\SGCP\artifacts\early_from_late_checkpoint_20260719\enable_coperception_early_from_attentive.yaml,dynamic_cv,grid,utility,utility,none,0,0,,potential_verified_cov_coalition_game,6,,1;2;11;19,11;2;19,2;19,"{""2"": 2, ""19"": 46}","{""2"": 149, ""11"": 13871, ""19"": 1594}",27888,14.18464961067853,10,40.0,60.0,5.0,62500,219008,62496,1.0,sgcp-density-cap,1,ns3,899,0.5,10,12,28,,,[],[],2>11:9;19>11:1,,25,50,
2026_07_29_02_32_08,000132,13,all-cluster-heads,docs\doc_workspace\SGCP\artifacts\early_from_late_checkpoint_20260719\enable_coperception_early_from_attentive.yaml,dynamic_cv,grid,utility,utility,none,0,0,,potential_verified_cov_coalition_game,6,,9;10;13;14,13;10,10,"{""10"": 1}","{""10"": 1, ""13"": 13368}",16,0.008898776418242492,10,40.0,60.0,5.0,62500,219008,62496,1.0,sgcp-density-cap,1,ns3,899,0.5,10,12,28,,,[],[],10>13:6,,0,34,
2026_07_29_02_32_08,000132,15,all-cluster-heads,docs\doc_workspace\SGCP\artifacts\early_from_late_checkpoint_20260719\enable_coperception_early_from_attentive.yaml,dynamic_cv,grid,utility,utility,none,0,0,,potential_verified_cov_coalition_game,6,,6;15,15,,{},"{""15"": 13706}",0,0.0,10,40.0,60.0,5.0,62500,219008,62496,1.0,sgcp-density-cap,1,ns3,899,0.5,10,12,28,,,[],[],,,19,26,
2026_07_29_02_32_08,000132,17,all-cluster-heads,docs\doc_workspace\SGCP\artifacts\early_from_late_checkpoint_20260719\enable_coperception_early_from_attentive.yaml,dynamic_cv,grid,utility,utility,none,0,0,,potential_verified_cov_coalition_game,6,,3;16;17;18,17,,{},"{""17"": 14246}",0,0.0,10,40.0,60.0,5.0,62500,219008,62496,1.0,sgcp-density-cap,1,ns3,899,0.5,10,12,28,,,[],[],,,10,21,
2026_07_29_02_32_08,000132,20,all-cluster-heads,docs\doc_workspace\SGCP\artifacts\early_from_late_checkpoint_20260719\enable_coperception_early_from_attentive.yaml,dynamic_cv,grid,utility,utility,none,0,0,,potential_verified_cov_coalition_game,6,,5;20,20,,{},"{""20"": 13905}",0,0.0,10,40.0,60.0,5.0,62500,219008,62496,1.0,sgcp-density-cap,1,ns3,899,0.5,10,12,28,,,[],[],,,22,31,
2026_07_29_02_32_08,000134,4,all-cluster-heads,docs\doc_workspace\SGCP\artifacts\early_from_late_checkpoint_20260719\enable_coperception_early_from_attentive.yaml,dynamic_cv,grid,utility,utility,none,0,0,,potential_verified_cov_coalition_game,6,,4;7;8;12,4;7;12,7;12,"{""7"": 19, ""12"": 37}","{""4"": 13769, ""7"": 705, ""12"": 1521}",35616,13.53503893214683,10,40.0,60.0,5.0,62500,218992,62496,1.0,sgcp-density-cap,1,ns3,899,0.5,10,12,28,,,[],[],7>4:8;12>4:0,,24,47,
2026_07_29_02_32_08,000134,11,all-cluster-heads,docs\doc_workspace\SGCP\artifacts\early_from_late_checkpoint_20260719\enable_coperception_early_from_attentive.yaml,dynamic_cv,grid,utility,utility,none,0,0,,potential_verified_cov_coalition_game,6,,1;2;11;19,11;2;19,2;19,"{""2"": 2, ""19"": 46}","{""2"": 85, ""11"": 13868, ""19"": 1595}",26880,14.193548387096776,10,40.0,60.0,5.0,62500,218992,62496,1.0,sgcp-density-cap,1,ns3,899,0.5,10,12,28,,,[],[],2>11:9;19>11:1,,26,50,
2026_07_29_02_32_08,000134,13,all-cluster-heads,docs\doc_workspace\SGCP\artifacts\early_from_late_checkpoint_20260719\enable_coperception_early_from_attentive.yaml,dynamic_cv,grid,utility,utility,none,0,0,,potential_verified_cov_coalition_game,6,,9;10;13;14,13,,{},"{""13"": 13362}",0,0.0,10,40.0,60.0,5.0,62500,218992,62496,1.0,sgcp-density-cap,1,ns3,899,0.5,10,12,28,,,[],[],,,0,11,
2026_07_29_02_32_08,000134,15,all-cluster-heads,docs\doc_workspace\SGCP\artifacts\early_from_late_checkpoint_20260719\enable_coperception_early_from_attentive.yaml,dynamic_cv,grid,utility,utility,none,0,0,,potential_verified_cov_coalition_game,6,,6;15,15,,{},"{""15"": 13725}",0,0.0,10,40.0,60.0,5.0,62500,218992,62496,1.0,sgcp-density-cap,1,ns3,899,0.5,10,12,28,,,[],[],,,17,27,
2026_07_29_02_32_08,000134,17,all-cluster-heads,docs\doc_workspace\SGCP\artifacts\early_from_late_checkpoint_20260719\enable_coperception_early_from_attentive.yaml,dynamic_cv,grid,utility,utility,none,0,0,,potential_verified_cov_coalition_game,6,,3;16;17;18,17,,{},"{""17"": 14252}",0,0.0,10,40.0,60.0,5.0,62500,218992,62496,1.0,sgcp-density-cap,1,ns3,899,0.5,10,12,28,,,[],[],,,11,20,
2026_07_29_02_32_08,000134,20,all-cluster-heads,docs\doc_workspace\SGCP\artifacts\early_from_late_checkpoint_20260719\enable_coperception_early_from_attentive.yaml,dynamic_cv,grid,utility,utility,none,0,0,,potential_verified_cov_coalition_game,6,,5;20,20,,{},"{""20"": 13917}",0,0.0,10,40.0,60.0,5.0,62500,218992,62496,1.0,sgcp-density-cap,1,ns3,899,0.5,10,12,28,,,[],[],,,21,31,
2026_07_29_02_32_08,000136,4,all-cluster-heads,docs\doc_workspace\SGCP\artifacts\early_from_late_checkpoint_20260719\enable_coperception_early_from_attentive.yaml,dynamic_cv,grid,utility,utility,none,0,0,,potential_verified_cov_coalition_game,6,,4;7;8;12,4;7;12,7;12,"{""7"": 18, ""12"": 37}","{""4"": 13765, ""7"": 707, ""12"": 1583}",36640,14.086763070077865,10,40.0,60.0,5.0,62500,218752,62496,1.0,sgcp-density-cap,1,ns3,899,0.5,10,12,28,,,[],[],7>4:8;12>4:0,,25,46,
2026_07_29_02_32_08,000136,11,all-cluster-heads,docs\doc_workspace\SGCP\artifacts\early_from_late_checkpoint_20260719\enable_coperception_early_from_attentive.yaml,dynamic_cv,grid,utility,utility,none,0,0,,potential_verified_cov_coalition_game,6,,1;2;11;19,11;2;19,2;19,"{""2"": 2, ""19"": 46}","{""2"": 16, ""11"": 13869, ""19"": 1600}",25856,14.238042269187988,10,40.0,60.0,5.0,62500,218752,62496,1.0,sgcp-density-cap,1,ns3,899,0.5,10,12,28,,,[],[],2>11:9;19>11:1,,24,50,
2026_07_29_02_32_08,000136,13,all-cluster-heads,docs\doc_workspace\SGCP\artifacts\early_from_late_checkpoint_20260719\enable_coperception_early_from_attentive.yaml,dynamic_cv,grid,utility,utility,none,0,0,,potential_verified_cov_coalition_game,6,,9;10;13;14,13,,{},"{""13"": 13374}",0,0.0,10,40.0,60.0,5.0,62500,218752,62496,1.0,sgcp-density-cap,1,ns3,899,0.5,10,12,28,,,[],[],,,0,12,
2026_07_29_02_32_08,000136,15,all-cluster-heads,docs\doc_workspace\SGCP\artifacts\early_from_late_checkpoint_20260719\enable_coperception_early_from_attentive.yaml,dynamic_cv,grid,utility,utility,none,0,0,,potential_verified_cov_coalition_game,6,,6;15,15,,{},"{""15"": 13717}",0,0.0,10,40.0,60.0,5.0,62500,218752,62496,1.0,sgcp-density-cap,1,ns3,899,0.5,10,12,28,,,[],[],,,21,28,
2026_07_29_02_32_08,000136,17,all-cluster-heads,docs\doc_workspace\SGCP\artifacts\early_from_late_checkpoint_20260719\enable_coperception_early_from_attentive.yaml,dynamic_cv,grid,utility,utility,none,0,0,,potential_verified_cov_coalition_game,6,,3;16;17;18,17,,{},"{""17"": 14256}",0,0.0,10,40.0,60.0,5.0,62500,218752,62496,1.0,sgcp-density-cap,1,ns3,899,0.5,10,12,28,,,[],[],,,10,20,
2026_07_29_02_32_08,000136,20,all-cluster-heads,docs\doc_workspace\SGCP\artifacts\early_from_late_checkpoint_20260719\enable_coperception_early_from_attentive.yaml,dynamic_cv,grid,utility,utility,none,0,0,,potential_verified_cov_coalition_game,6,,5;20,20,,{},"{""20"": 13920}",0,0.0,10,40.0,60.0,5.0,62500,218752,62496,1.0,sgcp-density-cap,1,ns3,899,0.5,10,12,28,,,[],[],,,21,32,
2026_07_29_02_32_08,000138,4,all-cluster-heads,docs\doc_workspace\SGCP\artifacts\early_from_late_checkpoint_20260719\enable_coperception_early_from_attentive.yaml,dynamic_cv,grid,utility,utility,none,0,0,,potential_verified_cov_coalition_game,6,,4;7;8;12,4;7;12,7;12,"{""7"": 18, ""12"": 38}","{""4"": 13763, ""7"": 708, ""12"": 1638}",37536,14.576195773081201,10,40.0,60.0,5.0,62500,221024,62496,1.0,sgcp-density-cap,1,ns3,899,0.5,10,12,28,,,[],[],7>4:8;12>4:0,,23,47,
2026_07_29_02_32_08,000138,11,all-cluster-heads,docs\doc_workspace\SGCP\artifacts\early_from_late_checkpoint_20260719\enable_coperception_early_from_attentive.yaml,dynamic_cv,grid,utility,utility,none,0,0,,potential_verified_cov_coalition_game,6,,1;2;11;19,11;19,19,"{""19"": 34}","{""11"": 13868, ""19"": 1560}",24960,13.882091212458286,10,40.0,60.0,5.0,62500,221024,62496,1.0,sgcp-density-cap,1,ns3,899,0.5,10,12,28,,,[],[],19>11:1,,22,44,
2026_07_29_02_32_08,000138,13,all-cluster-heads,docs\doc_workspace\SGCP\artifacts\early_from_late_checkpoint_20260719\enable_coperception_early_from_attentive.yaml,dynamic_cv,grid,utility,utility,none,0,0,,potential_verified_cov_coalition_game,6,,9;10;13;14,13,,{},"{""13"": 13373}",0,0.0,10,40.0,60.0,5.0,62500,221024,62496,1.0,sgcp-density-cap,1,ns3,899,0.5,10,12,28,,,[],[],,,0,12,
2026_07_29_02_32_08,000138,15,all-cluster-heads,docs\doc_workspace\SGCP\artifacts\early_from_late_checkpoint_20260719\enable_coperception_early_from_attentive.yaml,dynamic_cv,grid,utility,utility,none,0,0,,potential_verified_cov_coalition_game,6,,6;15,15,,{},"{""15"": 13742}",0,0.0,10,40.0,60.0,5.0,62500,221024,62496,1.0,sgcp-density-cap,1,ns3,899,0.5,10,12,28,,,[],[],,,22,28,
2026_07_29_02_32_08,000138,17,all-cluster-heads,docs\doc_workspace\SGCP\artifacts\early_from_late_checkpoint_20260719\enable_coperception_early_from_attentive.yaml,dynamic_cv,grid,utility,utility,none,0,0,,potential_verified_cov_coalition_game,6,,3;16;17;18,17,,{},"{""17"": 14254}",0,0.0,10,40.0,60.0,5.0,62500,221024,62496,1.0,sgcp-density-cap,1,ns3,899,0.5,10,12,28,,,[],[],,,11,20,
2026_07_29_02_32_08,000138,20,all-cluster-heads,docs\doc_workspace\SGCP\artifacts\early_from_late_checkpoint_20260719\enable_coperception_early_from_attentive.yaml,dynamic_cv,grid,utility,utility,none,0,0,,potential_verified_cov_coalition_game,6,,5;20,20,,{},"{""20"": 13925}",0,0.0,10,40.0,60.0,5.0,62500,221024,62496,1.0,sgcp-density-cap,1,ns3,899,0.5,10,12,28,,,[],[],,,22,31,
2026_07_29_02_32_08,000140,4,all-cluster-heads,docs\doc_workspace\SGCP\artifacts\early_from_late_checkpoint_20260719\enable_coperception_early_from_attentive.yaml,dynamic_cv,grid,utility,utility,none,0,0,,potential_verified_cov_coalition_game,6,,4;7;8;12,4;7;12,7;12,"{""7"": 19, ""12"": 38}","{""4"": 13760, ""7"": 720, ""12"": 1693}",38608,15.06562847608454,10,40.0,60.0,5.0,62500,223136,62496,1.0,sgcp-density-cap,1,ns3,899,0.5,10,12,28,,,[],[],7>4:8;12>4:0,,22,47,
2026_07_29_02_32_08,000140,11,all-cluster-heads,docs\doc_workspace\SGCP\artifacts\early_from_late_checkpoint_20260719\enable_coperception_early_from_attentive.yaml,dynamic_cv,grid,utility,utility,none,0,0,,potential_verified_cov_coalition_game,6,,1;2;11;19,11;19,19,"{""19"": 27}","{""11"": 13871, ""19"": 1493}",23888,13.28587319243604,10,40.0,60.0,5.0,62500,223136,62496,1.0,sgcp-density-cap,1,ns3,899,0.5,10,12,28,,,[],[],19>11:1,,23,44,
2026_07_29_02_32_08,000140,13,all-cluster-heads,docs\doc_workspace\SGCP\artifacts\early_from_late_checkpoint_20260719\enable_coperception_early_from_attentive.yaml,dynamic_cv,grid,utility,utility,none,0,0,,potential_verified_cov_coalition_game,6,,9;10;13;14,13,,{},"{""13"": 13344}",0,0.0,10,40.0,60.0,5.0,62500,223136,62496,1.0,sgcp-density-cap,1,ns3,899,0.5,10,12,28,,,[],[],,,0,12,
2026_07_29_02_32_08,000140,15,all-cluster-heads,docs\doc_workspace\SGCP\artifacts\early_from_late_checkpoint_20260719\enable_coperception_early_from_attentive.yaml,dynamic_cv,grid,utility,utility,none,0,0,,potential_verified_cov_coalition_game,6,,6;15,15,,{},"{""15"": 13738}",0,0.0,10,40.0,60.0,5.0,62500,223136,62496,1.0,sgcp-density-cap,1,ns3,899,0.5,10,12,28,,,[],[],,,20,28,
2026_07_29_02_32_08,000140,17,all-cluster-heads,docs\doc_workspace\SGCP\artifacts\early_from_late_checkpoint_20260719\enable_coperception_early_from_attentive.yaml,dynamic_cv,grid,utility,utility,none,0,0,,potential_verified_cov_coalition_game,6,,3;16;17;18,17,,{},"{""17"": 14258}",0,0.0,10,40.0,60.0,5.0,62500,223136,62496,1.0,sgcp-density-cap,1,ns3,899,0.5,10,12,28,,,[],[],,,12,20,
2026_07_29_02_32_08,000140,20,all-cluster-heads,docs\doc_workspace\SGCP\artifacts\early_from_late_checkpoint_20260719\enable_coperception_early_from_attentive.yaml,dynamic_cv,grid,utility,utility,none,0,0,,potential_verified_cov_coalition_game,6,,5;20,20,,{},"{""20"": 13922}",0,0.0,10,40.0,60.0,5.0,62500,223136,62496,1.0,sgcp-density-cap,1,ns3,899,0.5,10,12,28,,,[],[],,,22,31,
