scenario_id,timestamp,receiver_id,receiver_policy,coperception_yaml,resource_allocation,upload_mode,grid_selection_mode,grid_score_mode,coverage_fallback,coverage_fallback_replacements,routing_hint_replacements,routing_hints_csv,clustering,cluster_count,selective_frame_deadline_ms,cluster_member_ids,source_cav_ids,uploaded_source_ids,selected_grid_counts_json,point_counts_json,communication_bytes,frame_comm_time_ms,num_channels,bandwidth_mhz,communication_deadline_ms,sgcp_frame_mbps_budget,sgcp_frame_budget_bytes,sgcp_frame_budget_original_bytes,sgcp_frame_budget_admitted_bytes,upload_density_cap_rho,upload_density_cap_seed,max_senders_per_receiver,channel_estimator,ns3_tb_size_bytes,ns3_slot_duration_ms,ns3_subchannel_prbs,ns3_symbols_per_slot,ns3_mcs,pcs_rounds_requested,pcs_rounds_accepted,pcs_round_comm_time_ms_json,pcs_round_comm_bytes_json,channel_allocation,missing_channel_sources,pred_boxes,gt_boxes,skipped
2026_07_29_02_32_08,000060,1,all-cluster-heads,docs\doc_workspace\SGCP\artifacts\early_from_late_checkpoint_20260719\enable_coperception_early_from_attentive.yaml,dynamic_cv,grid,utility,utility,none,0,0,,potential_verified_cov_coalition_game,7,,1;2;8;11,1;8;11,8;11,"{""8"": 14, ""11"": 34}","{""1"": 13948, ""8"": 292, ""11"": 734}",16416,6.531701890989989,10,40.0,60.0,68.0,850000,111584,111584,0.5,sgcp-density-cap,1,ns3,899,0.5,10,12,28,,,[],[],8>1:9;11>1:0,,31,51,
2026_07_29_02_32_08,000060,10,all-cluster-heads,docs\doc_workspace\SGCP\artifacts\early_from_late_checkpoint_20260719\enable_coperception_early_from_attentive.yaml,dynamic_cv,grid,utility,utility,none,0,0,,potential_verified_cov_coalition_game,7,,9;10,10;9,9,"{""9"": 33}","{""9"": 365, ""10"": 14073}",5840,3.2480533926585093,10,40.0,60.0,68.0,850000,111584,111584,0.5,sgcp-density-cap,1,ns3,899,0.5,10,12,28,,,[],[],9>10:1,,20,40,
2026_07_29_02_32_08,000060,12,all-cluster-heads,docs\doc_workspace\SGCP\artifacts\early_from_late_checkpoint_20260719\enable_coperception_early_from_attentive.yaml,dynamic_cv,grid,utility,utility,none,0,0,,potential_verified_cov_coalition_game,7,,4;7;12,12;7,7,"{""7"": 33}","{""7"": 948, ""12"": 13881}",15168,8.43604004449388,10,40.0,60.0,68.0,850000,111584,111584,0.5,sgcp-density-cap,1,ns3,899,0.5,10,12,28,,,[],[],7>12:2,,26,47,
2026_07_29_02_32_08,000060,13,all-cluster-heads,docs\doc_workspace\SGCP\artifacts\early_from_late_checkpoint_20260719\enable_coperception_early_from_attentive.yaml,dynamic_cv,grid,utility,utility,none,0,0,,potential_verified_cov_coalition_game,7,,13;14;19,13;14;19,14;19,"{""14"": 51, ""19"": 25}","{""13"": 13569, ""14"": 1768, ""19"": 301}",33104,15.733036707452724,10,40.0,60.0,68.0,850000,111584,111584,0.5,sgcp-density-cap,1,ns3,899,0.5,10,12,28,,,[],[],14>13:3;19>13:8,,5,25,
2026_07_29_02_32_08,000060,15,all-cluster-heads,docs\doc_workspace\SGCP\artifacts\early_from_late_checkpoint_20260719\enable_coperception_early_from_attentive.yaml,dynamic_cv,grid,utility,utility,none,0,0,,potential_verified_cov_coalition_game,7,,6;15,15;6,6,"{""6"": 38}","{""6"": 880, ""15"": 13458}",14080,7.830923248053392,10,40.0,60.0,68.0,850000,111584,111584,0.5,sgcp-density-cap,1,ns3,899,0.5,10,12,28,,,[],[],6>15:4,,16,21,
2026_07_29_02_32_08,000060,16,all-cluster-heads,docs\doc_workspace\SGCP\artifacts\early_from_late_checkpoint_20260719\enable_coperception_early_from_attentive.yaml,dynamic_cv,grid,utility,utility,none,0,0,,potential_verified_cov_coalition_game,7,,5;16;20,16;5,5,"{""5"": 32}","{""5"": 540, ""16"": 13819}",8640,4.805339265850946,10,40.0,60.0,68.0,850000,111584,111584,0.5,sgcp-density-cap,1,ns3,899,0.5,10,12,28,,,[],[],5>16:5,,22,36,
2026_07_29_02_32_08,000060,17,all-cluster-heads,docs\doc_workspace\SGCP\artifacts\early_from_late_checkpoint_20260719\enable_coperception_early_from_attentive.yaml,dynamic_cv,grid,utility,utility,none,0,0,,potential_verified_cov_coalition_game,7,,3;17;18,17;3;18,3;18,"{""3"": 17, ""18"": 37}","{""3"": 375, ""17"": 14142, ""18"": 771}",18336,6.860956618464961,10,40.0,60.0,68.0,850000,111584,111584,0.5,sgcp-density-cap,1,ns3,899,0.5,10,12,28,,,[],[],3>17:7;18>17:6,,11,20,
2026_07_29_02_32_08,000062,1,all-cluster-heads,docs\doc_workspace\SGCP\artifacts\early_from_late_checkpoint_20260719\enable_coperception_early_from_attentive.yaml,dynamic_cv,grid,utility,utility,none,0,0,,potential_verified_cov_coalition_game,7,,1;2;8;11,1;2;11,2;11,"{""2"": 22, ""11"": 34}","{""1"": 13948, ""2"": 315, ""11"": 634}",15184,5.641824249165739,10,40.0,60.0,68.0,850000,111632,111632,0.5,sgcp-density-cap,1,ns3,899,0.5,10,12,28,,,[],[],2>1:9;11>1:0,,26,48,
2026_07_29_02_32_08,000062,10,all-cluster-heads,docs\doc_workspace\SGCP\artifacts\early_from_late_checkpoint_20260719\enable_coperception_early_from_attentive.yaml,dynamic_cv,grid,utility,utility,none,0,0,,potential_verified_cov_coalition_game,7,,9;10,10;9,9,"{""9"": 33}","{""9"": 357, ""10"": 14074}",5712,3.1768631813125694,10,40.0,60.0,68.0,850000,111632,111632,0.5,sgcp-density-cap,1,ns3,899,0.5,10,12,28,,,[],[],9>10:1,,23,38,
2026_07_29_02_32_08,000062,12,all-cluster-heads,docs\doc_workspace\SGCP\artifacts\early_from_late_checkpoint_20260719\enable_coperception_early_from_attentive.yaml,dynamic_cv,grid,utility,utility,none,0,0,,potential_verified_cov_coalition_game,7,,4;7;12,12;7,7,"{""7"": 33}","{""7"": 948, ""12"": 13882}",15168,8.43604004449388,10,40.0,60.0,68.0,850000,111632,111632,0.5,sgcp-density-cap,1,ns3,899,0.5,10,12,28,,,[],[],7>12:2,,29,48,
2026_07_29_02_32_08,000062,13,all-cluster-heads,docs\doc_workspace\SGCP\artifacts\early_from_late_checkpoint_20260719\enable_coperception_early_from_attentive.yaml,dynamic_cv,grid,utility,utility,none,0,0,,potential_verified_cov_coalition_game,7,,13;14;19,13;14;19,14;19,"{""14"": 56, ""19"": 26}","{""13"": 13569, ""14"": 1791, ""19"": 306}",33552,15.937708565072302,10,40.0,60.0,68.0,850000,111632,111632,0.5,sgcp-density-cap,1,ns3,899,0.5,10,12,28,,,[],[],14>13:3;19>13:8,,5,25,
2026_07_29_02_32_08,000062,15,all-cluster-heads,docs\doc_workspace\SGCP\artifacts\early_from_late_checkpoint_20260719\enable_coperception_early_from_attentive.yaml,dynamic_cv,grid,utility,utility,none,0,0,,potential_verified_cov_coalition_game,7,,6;15,15;6,6,"{""6"": 41}","{""6"": 845, ""15"": 13488}",13520,7.519466073414905,10,40.0,60.0,68.0,850000,111632,111632,0.5,sgcp-density-cap,1,ns3,899,0.5,10,12,28,,,[],[],6>15:4,,16,21,
2026_07_29_02_32_08,000062,16,all-cluster-heads,docs\doc_workspace\SGCP\artifacts\early_from_late_checkpoint_20260719\enable_coperception_early_from_attentive.yaml,dynamic_cv,grid,utility,utility,none,0,0,,potential_verified_cov_coalition_game,7,,5;16;20,16;5,5,"{""5"": 30}","{""5"": 557, ""16"": 13788}",8912,4.9566184649610685,10,40.0,60.0,68.0,850000,111632,111632,0.5,sgcp-density-cap,1,ns3,899,0.5,10,12,28,,,[],[],5>16:5,,20,36,
2026_07_29_02_32_08,000062,17,all-cluster-heads,docs\doc_workspace\SGCP\artifacts\early_from_late_checkpoint_20260719\enable_coperception_early_from_attentive.yaml,dynamic_cv,grid,utility,utility,none,0,0,,potential_verified_cov_coalition_game,7,,3;17;18,17;3;18,3;18,"{""3"": 19, ""18"": 38}","{""3"": 417, ""17"": 14128, ""18"": 807}",19584,7.18131256952169,10,40.0,60.0,68.0,850000,111632,111632,0.5,sgcp-density-cap,1,ns3,899,0.5,10,12,28,,,[],[],3>17:7;18>17:6,,11,21,
2026_07_29_02_32_08,000064,1,all-cluster-heads,docs\doc_workspace\SGCP\artifacts\early_from_late_checkpoint_20260719\enable_coperception_early_from_attentive.yaml,dynamic_cv,grid,utility,utility,none,0,0,,potential_verified_cov_coalition_game,7,,1;2;8;11,1;2;11,2;11,"{""2"": 22, ""11"": 34}","{""1"": 13948, ""2"": 308, ""11"": 636}",15104,5.659621802002224,10,40.0,60.0,68.0,850000,111984,111984,0.5,sgcp-density-cap,1,ns3,899,0.5,10,12,28,,,[],[],2>1:9;11>1:0,,30,48,
2026_07_29_02_32_08,000064,10,all-cluster-heads,docs\doc_workspace\SGCP\artifacts\early_from_late_checkpoint_20260719\enable_coperception_early_from_attentive.yaml,dynamic_cv,grid,utility,utility,none,0,0,,potential_verified_cov_coalition_game,7,,9;10,10;9,9,"{""9"": 33}","{""9"": 357, ""10"": 14075}",5712,3.1768631813125694,10,40.0,60.0,68.0,850000,111984,111984,0.5,sgcp-density-cap,1,ns3,899,0.5,10,12,28,,,[],[],9>10:1,,25,40,
2026_07_29_02_32_08,000064,12,all-cluster-heads,docs\doc_workspace\SGCP\artifacts\early_from_late_checkpoint_20260719\enable_coperception_early_from_attentive.yaml,dynamic_cv,grid,utility,utility,none,0,0,,potential_verified_cov_coalition_game,7,,4;7;12,12;7,7,"{""7"": 34}","{""7"": 981, ""12"": 13868}",15696,8.729699666295884,10,40.0,60.0,68.0,850000,111984,111984,0.5,sgcp-density-cap,1,ns3,899,0.5,10,12,28,,,[],[],7>12:2,,23,49,
2026_07_29_02_32_08,000064,13,all-cluster-heads,docs\doc_workspace\SGCP\artifacts\early_from_late_checkpoint_20260719\enable_coperception_early_from_attentive.yaml,dynamic_cv,grid,utility,utility,none,0,0,,potential_verified_cov_coalition_game,7,,13;14;19,13;14;19,14;19,"{""14"": 54, ""19"": 25}","{""13"": 13570, ""14"": 1813, ""19"": 271}",33344,16.133481646273637,10,40.0,60.0,68.0,850000,111984,111984,0.5,sgcp-density-cap,1,ns3,899,0.5,10,12,28,,,[],[],14>13:3;19>13:8,,3,26,
2026_07_29_02_32_08,000064,15,all-cluster-heads,docs\doc_workspace\SGCP\artifacts\early_from_late_checkpoint_20260719\enable_coperception_early_from_attentive.yaml,dynamic_cv,grid,utility,utility,none,0,0,,potential_verified_cov_coalition_game,7,,6;15,15;6,6,"{""6"": 38}","{""6"": 863, ""15"": 13466}",13808,7.6796440489432705,10,40.0,60.0,68.0,850000,111984,111984,0.5,sgcp-density-cap,1,ns3,899,0.5,10,12,28,,,[],[],6>15:4,,18,21,
2026_07_29_02_32_08,000064,16,all-cluster-heads,docs\doc_workspace\SGCP\artifacts\early_from_late_checkpoint_20260719\enable_coperception_early_from_attentive.yaml,dynamic_cv,grid,utility,utility,none,0,0,,potential_verified_cov_coalition_game,7,,5;16;20,16;5,5,"{""5"": 31}","{""5"": 562, ""16"": 13804}",8992,5.00111234705228,10,40.0,60.0,68.0,850000,111984,111984,0.5,sgcp-density-cap,1,ns3,899,0.5,10,12,28,,,[],[],5>16:5,,17,37,
2026_07_29_02_32_08,000064,17,all-cluster-heads,docs\doc_workspace\SGCP\artifacts\early_from_late_checkpoint_20260719\enable_coperception_early_from_attentive.yaml,dynamic_cv,grid,utility,utility,none,0,0,,potential_verified_cov_coalition_game,7,,3;17;18,17;3;18,3;18,"{""3"": 23, ""18"": 37}","{""3"": 414, ""17"": 14138, ""18"": 794}",19328,7.065628476084538,10,40.0,60.0,68.0,850000,111984,111984,0.5,sgcp-density-cap,1,ns3,899,0.5,10,12,28,,,[],[],3>17:7;18>17:6,,8,21,
2026_07_29_02_32_08,000066,1,all-cluster-heads,docs\doc_workspace\SGCP\artifacts\early_from_late_checkpoint_20260719\enable_coperception_early_from_attentive.yaml,dynamic_cv,grid,utility,utility,none,0,0,,potential_verified_cov_coalition_game,7,,1;2;8;11,1;2;11,2;11,"{""2"": 22, ""11"": 37}","{""1"": 13953, ""2"": 316, ""11"": 675}",15856,6.006674082313682,10,40.0,60.0,68.0,850000,113360,113360,0.5,sgcp-density-cap,1,ns3,899,0.5,10,12,28,,,[],[],2>1:9;11>1:0,,27,48,
2026_07_29_02_32_08,000066,10,all-cluster-heads,docs\doc_workspace\SGCP\artifacts\early_from_late_checkpoint_20260719\enable_coperception_early_from_attentive.yaml,dynamic_cv,grid,utility,utility,none,0,0,,potential_verified_cov_coalition_game,7,,9;10,10;9,9,"{""9"": 34}","{""9"": 359, ""10"": 14050}",5744,3.1946607341490547,10,40.0,60.0,68.0,850000,113360,113360,0.5,sgcp-density-cap,1,ns3,899,0.5,10,12,28,,,[],[],9>10:1,,26,39,
2026_07_29_02_32_08,000066,12,all-cluster-heads,docs\doc_workspace\SGCP\artifacts\early_from_late_checkpoint_20260719\enable_coperception_early_from_attentive.yaml,dynamic_cv,grid,utility,utility,none,0,0,,potential_verified_cov_coalition_game,7,,4;7;12,12;7,7,"{""7"": 34}","{""7"": 973, ""12"": 13863}",15568,8.658509454949945,10,40.0,60.0,68.0,850000,113360,113360,0.5,sgcp-density-cap,1,ns3,899,0.5,10,12,28,,,[],[],7>12:2,,24,47,
2026_07_29_02_32_08,000066,13,all-cluster-heads,docs\doc_workspace\SGCP\artifacts\early_from_late_checkpoint_20260719\enable_coperception_early_from_attentive.yaml,dynamic_cv,grid,utility,utility,none,0,0,,potential_verified_cov_coalition_game,7,,13;14;19,13;14;19,14;19,"{""14"": 57, ""19"": 26}","{""13"": 13570, ""14"": 1844, ""19"": 288}",34112,16.409343715239157,10,40.0,60.0,68.0,850000,113360,113360,0.5,sgcp-density-cap,1,ns3,899,0.5,10,12,28,,,[],[],14>13:3;19>13:8,,4,26,
2026_07_29_02_32_08,000066,15,all-cluster-heads,docs\doc_workspace\SGCP\artifacts\early_from_late_checkpoint_20260719\enable_coperception_early_from_attentive.yaml,dynamic_cv,grid,utility,utility,none,0,0,,potential_verified_cov_coalition_game,7,,6;15,15;6,6,"{""6"": 39}","{""6"": 862, ""15"": 13477}",13792,7.6707452725250285,10,40.0,60.0,68.0,850000,113360,113360,0.5,sgcp-density-cap,1,ns3,899,0.5,10,12,28,,,[],[],6>15:4,,19,20,
2026_07_29_02_32_08,000066,16,all-cluster-heads,docs\doc_workspace\SGCP\artifacts\early_from_late_checkpoint_20260719\enable_coperception_early_from_attentive.yaml,dynamic_cv,grid,utility,utility,none,0,0,,potential_verified_cov_coalition_game,7,,5;16;20,16;5,5,"{""5"": 31}","{""5"": 564, ""16"": 13800}",9024,5.018909899888765,10,40.0,60.0,68.0,850000,113360,113360,0.5,sgcp-density-cap,1,ns3,899,0.5,10,12,28,,,[],[],5>16:5,,20,37,
2026_07_29_02_32_08,000066,17,all-cluster-heads,docs\doc_workspace\SGCP\artifacts\early_from_late_checkpoint_20260719\enable_coperception_early_from_attentive.yaml,dynamic_cv,grid,utility,utility,none,0,0,,potential_verified_cov_coalition_game,7,,3;17;18,17;3;18,3;18,"{""3"": 23, ""18"": 36}","{""3"": 402, ""17"": 14142, ""18"": 802}",19264,7.136818687430479,10,40.0,60.0,68.0,850000,113360,113360,0.5,sgcp-density-cap,1,ns3,899,0.5,10,12,28,,,[],[],3>17:7;18>17:6,,11,21,
2026_07_29_02_32_08,000068,1,all-cluster-heads,docs\doc_workspace\SGCP\artifacts\early_from_late_checkpoint_20260719\enable_coperception_early_from_attentive.yaml,dynamic_cv,grid,utility,utility,none,0,0,,potential_verified_cov_coalition_game,7,,1;2;8;11,1;2;11,2;11,"{""2"": 22, ""11"": 37}","{""1"": 13961, ""2"": 320, ""11"": 665}",15760,5.917686318131257,10,40.0,60.0,68.0,850000,113584,113584,0.5,sgcp-density-cap,1,ns3,899,0.5,10,12,28,,,[],[],2>1:9;11>1:0,,29,48,
2026_07_29_02_32_08,000068,10,all-cluster-heads,docs\doc_workspace\SGCP\artifacts\early_from_late_checkpoint_20260719\enable_coperception_early_from_attentive.yaml,dynamic_cv,grid,utility,utility,none,0,0,,potential_verified_cov_coalition_game,7,,9;10,10;9,9,"{""9"": 33}","{""9"": 350, ""10"": 14059}",5600,3.114571746384872,10,40.0,60.0,68.0,850000,113584,113584,0.5,sgcp-density-cap,1,ns3,899,0.5,10,12,28,,,[],[],9>10:1,,23,38,
2026_07_29_02_32_08,000068,12,all-cluster-heads,docs\doc_workspace\SGCP\artifacts\early_from_late_checkpoint_20260719\enable_coperception_early_from_attentive.yaml,dynamic_cv,grid,utility,utility,none,0,0,,potential_verified_cov_coalition_game,7,,4;7;12,12;7,7,"{""7"": 34}","{""7"": 967, ""12"": 13886}",15472,8.60511679644049,10,40.0,60.0,68.0,850000,113584,113584,0.5,sgcp-density-cap,1,ns3,899,0.5,10,12,28,,,[],[],7>12:2,,25,47,
2026_07_29_02_32_08,000068,13,all-cluster-heads,docs\doc_workspace\SGCP\artifacts\early_from_late_checkpoint_20260719\enable_coperception_early_from_attentive.yaml,dynamic_cv,grid,utility,utility,none,0,0,,potential_verified_cov_coalition_game,7,,13;14;19,13;14;19,14;19,"{""14"": 56, ""19"": 24}","{""13"": 13572, ""14"": 1849, ""19"": 273}",33952,16.453837597330367,10,40.0,60.0,68.0,850000,113584,113584,0.5,sgcp-density-cap,1,ns3,899,0.5,10,12,28,,,[],[],14>13:3;19>13:8,,6,25,
2026_07_29_02_32_08,000068,15,all-cluster-heads,docs\doc_workspace\SGCP\artifacts\early_from_late_checkpoint_20260719\enable_coperception_early_from_attentive.yaml,dynamic_cv,grid,utility,utility,none,0,0,,potential_verified_cov_coalition_game,7,,6;15,15;6,6,"{""6"": 42}","{""6"": 879, ""15"": 13482}",14064,7.8220244716351495,10,40.0,60.0,68.0,850000,113584,113584,0.5,sgcp-density-cap,1,ns3,899,0.5,10,12,28,,,[],[],6>15:4,,19,20,
2026_07_29_02_32_08,000068,16,all-cluster-heads,docs\doc_workspace\SGCP\artifacts\early_from_late_checkpoint_20260719\enable_coperception_early_from_attentive.yaml,dynamic_cv,grid,utility,utility,none,0,0,,potential_verified_cov_coalition_game,7,,5;16;20,16;5,5,"{""5"": 33}","{""5"": 562, ""16"": 13828}",8992,5.00111234705228,10,40.0,60.0,68.0,850000,113584,113584,0.5,sgcp-density-cap,1,ns3,899,0.5,10,12,28,,,[],[],5>16:5,,17,37,
2026_07_29_02_32_08,000068,17,all-cluster-heads,docs\doc_workspace\SGCP\artifacts\early_from_late_checkpoint_20260719\enable_coperception_early_from_attentive.yaml,dynamic_cv,grid,utility,utility,none,0,0,,potential_verified_cov_coalition_game,7,,3;17;18,17;3;18,3;18,"{""3"": 22, ""18"": 36}","{""3"": 390, ""17"": 14134, ""18"": 844}",19744,7.510567296996663,10,40.0,60.0,68.0,850000,113584,113584,0.5,sgcp-density-cap,1,ns3,899,0.5,10,12,28,,,[],[],3>17:7;18>17:6,,8,20,
2026_07_29_02_32_08,000070,1,all-cluster-heads,docs\doc_workspace\SGCP\artifacts\early_from_late_checkpoint_20260719\enable_coperception_early_from_attentive.yaml,dynamic_cv,grid,utility,utility,none,0,0,,potential_verified_cov_coalition_game,7,,1;2;8;11,1;2;11,2;11,"{""2"": 21, ""11"": 36}","{""1"": 13972, ""2"": 322, ""11"": 625}",15152,5.561735261401558,10,40.0,60.0,68.0,850000,112384,112384,0.5,sgcp-density-cap,1,ns3,899,0.5,10,12,28,,,[],[],2>1:9;11>1:0,,27,48,
2026_07_29_02_32_08,000070,10,all-cluster-heads,docs\doc_workspace\SGCP\artifacts\early_from_late_checkpoint_20260719\enable_coperception_early_from_attentive.yaml,dynamic_cv,grid,utility,utility,none,0,0,,potential_verified_cov_coalition_game,7,,9;10,10;9,9,"{""9"": 33}","{""9"": 353, ""10"": 14027}",5648,3.1412680756395996,10,40.0,60.0,68.0,850000,112384,112384,0.5,sgcp-density-cap,1,ns3,899,0.5,10,12,28,,,[],[],9>10:1,,26,38,
2026_07_29_02_32_08,000070,12,all-cluster-heads,docs\doc_workspace\SGCP\artifacts\early_from_late_checkpoint_20260719\enable_coperception_early_from_attentive.yaml,dynamic_cv,grid,utility,utility,none,0,0,,potential_verified_cov_coalition_game,7,,4;7;12,12;7,7,"{""7"": 34}","{""7"": 977, ""12"": 13891}",15632,8.694104560622915,10,40.0,60.0,68.0,850000,112384,112384,0.5,sgcp-density-cap,1,ns3,899,0.5,10,12,28,,,[],[],7>12:2,,20,48,
2026_07_29_02_32_08,000070,13,all-cluster-heads,docs\doc_workspace\SGCP\artifacts\early_from_late_checkpoint_20260719\enable_coperception_early_from_attentive.yaml,dynamic_cv,grid,utility,utility,none,0,0,,potential_verified_cov_coalition_game,7,,13;14;19,13;14;19,14;19,"{""14"": 55, ""19"": 23}","{""13"": 13574, ""14"": 1831, ""19"": 270}",33616,16.293659621802,10,40.0,60.0,68.0,850000,112384,112384,0.5,sgcp-density-cap,1,ns3,899,0.5,10,12,28,,,[],[],14>13:3;19>13:8,,6,25,
2026_07_29_02_32_08,000070,15,all-cluster-heads,docs\doc_workspace\SGCP\artifacts\early_from_late_checkpoint_20260719\enable_coperception_early_from_attentive.yaml,dynamic_cv,grid,utility,utility,none,0,0,,potential_verified_cov_coalition_game,7,,6;15,15;6,6,"{""6"": 41}","{""6"": 868, ""15"": 13489}",13888,7.724137931034483,10,40.0,60.0,68.0,850000,112384,112384,0.5,sgcp-density-cap,1,ns3,899,0.5,10,12,28,,,[],[],6>15:4,,18,20,
2026_07_29_02_32_08,000070,16,all-cluster-heads,docs\doc_workspace\SGCP\artifacts\early_from_late_checkpoint_20260719\enable_coperception_early_from_attentive.yaml,dynamic_cv,grid,utility,utility,none,0,0,,potential_verified_cov_coalition_game,7,,5;16;20,16;5,5,"{""5"": 34}","{""5"": 582, ""16"": 13833}",9312,5.17908787541713,10,40.0,60.0,68.0,850000,112384,112384,0.5,sgcp-density-cap,1,ns3,899,0.5,10,12,28,,,[],[],5>16:5,,18,37,
2026_07_29_02_32_08,000070,17,all-cluster-heads,docs\doc_workspace\SGCP\artifacts\early_from_late_checkpoint_20260719\enable_coperception_early_from_attentive.yaml,dynamic_cv,grid,utility,utility,none,0,0,,potential_verified_cov_coalition_game,7,,3;17;18,17;3;18,3;18,"{""3"": 22, ""18"": 38}","{""3"": 333, ""17"": 14129, ""18"": 863}",19136,7.6796440489432705,10,40.0,60.0,68.0,850000,112384,112384,0.5,sgcp-density-cap,1,ns3,899,0.5,10,12,28,,,[],[],3>17:7;18>17:6,,9,20,
2026_07_29_02_32_08,000072,1,all-cluster-heads,docs\doc_workspace\SGCP\artifacts\early_from_late_checkpoint_20260719\enable_coperception_early_from_attentive.yaml,dynamic_cv,grid,utility,utility,none,0,0,,potential_verified_cov_coalition_game,7,,1;2;8;11,1;2;11,2;11,"{""2"": 21, ""11"": 37}","{""1"": 13979, ""2"": 316, ""11"": 604}",14720,5.374860956618464,10,40.0,60.0,68.0,850000,114160,114160,0.5,sgcp-density-cap,1,ns3,899,0.5,10,12,28,,,[],[],2>1:9;11>1:0,,30,49,
2026_07_29_02_32_08,000072,10,all-cluster-heads,docs\doc_workspace\SGCP\artifacts\early_from_late_checkpoint_20260719\enable_coperception_early_from_attentive.yaml,dynamic_cv,grid,utility,utility,none,0,0,,potential_verified_cov_coalition_game,7,,9;10,10;9,9,"{""9"": 35}","{""9"": 359, ""10"": 14033}",5744,3.1946607341490547,10,40.0,60.0,68.0,850000,114160,114160,0.5,sgcp-density-cap,1,ns3,899,0.5,10,12,28,,,[],[],9>10:1,,25,39,
2026_07_29_02_32_08,000072,12,all-cluster-heads,docs\doc_workspace\SGCP\artifacts\early_from_late_checkpoint_20260719\enable_coperception_early_from_attentive.yaml,dynamic_cv,grid,utility,utility,none,0,0,,potential_verified_cov_coalition_game,7,,4;7;12,12;7,7,"{""7"": 35}","{""7"": 973, ""12"": 13906}",15568,8.658509454949945,10,40.0,60.0,68.0,850000,114160,114160,0.5,sgcp-density-cap,1,ns3,899,0.5,10,12,28,,,[],[],7>12:2,,23,46,
2026_07_29_02_32_08,000072,13,all-cluster-heads,docs\doc_workspace\SGCP\artifacts\early_from_late_checkpoint_20260719\enable_coperception_early_from_attentive.yaml,dynamic_cv,grid,utility,utility,none,0,0,,potential_verified_cov_coalition_game,7,,13;14;19,13;14;19,14;19,"{""14"": 59, ""19"": 24}","{""13"": 13566, ""14"": 1865, ""19"": 270}",34160,16.596218020022246,10,40.0,60.0,68.0,850000,114160,114160,0.5,sgcp-density-cap,1,ns3,899,0.5,10,12,28,,,[],[],14>13:3;19>13:8,,6,26,
2026_07_29_02_32_08,000072,15,all-cluster-heads,docs\doc_workspace\SGCP\artifacts\early_from_late_checkpoint_20260719\enable_coperception_early_from_attentive.yaml,dynamic_cv,grid,utility,utility,none,0,0,,potential_verified_cov_coalition_game,7,,6;15,15;6,6,"{""6"": 39}","{""6"": 908, ""15"": 13501}",14528,8.080088987764181,10,40.0,60.0,68.0,850000,114160,114160,0.5,sgcp-density-cap,1,ns3,899,0.5,10,12,28,,,[],[],6>15:4,,18,20,
2026_07_29_02_32_08,000072,16,all-cluster-heads,docs\doc_workspace\SGCP\artifacts\early_from_late_checkpoint_20260719\enable_coperception_early_from_attentive.yaml,dynamic_cv,grid,utility,utility,none,0,0,,potential_verified_cov_coalition_game,7,,5;16;20,16;5,5,"{""5"": 33}","{""5"": 607, ""16"": 13827}",9712,5.401557285873193,10,40.0,60.0,68.0,850000,114160,114160,0.5,sgcp-density-cap,1,ns3,899,0.5,10,12,28,,,[],[],5>16:5,,20,37,
2026_07_29_02_32_08,000072,17,all-cluster-heads,docs\doc_workspace\SGCP\artifacts\early_from_late_checkpoint_20260719\enable_coperception_early_from_attentive.yaml,dynamic_cv,grid,utility,utility,none,0,0,,potential_verified_cov_coalition_game,7,,3;17;18,17;3;18,3;18,"{""3"": 20, ""18"": 38}","{""3"": 329, ""17"": 14140, ""18"": 904}",19728,8.044493882091212,10,40.0,60.0,68.0,850000,114160,114160,0.5,sgcp-density-cap,1,ns3,899,0.5,10,12,28,,,[],[],3>17:7;18>17:6,,9,20,
2026_07_29_02_32_08,000074,1,all-cluster-heads,docs\doc_workspace\SGCP\artifacts\early_from_late_checkpoint_20260719\enable_coperception_early_from_attentive.yaml,dynamic_cv,grid,utility,utility,none,0,0,,potential_verified_cov_coalition_game,7,,1;2;8;11,1;2;11,2;11,"{""2"": 20, ""11"": 35}","{""1"": 13979, ""2"": 319, ""11"": 621}",15040,5.526140155728588,10,40.0,60.0,68.0,850000,114928,114928,0.5,sgcp-density-cap,1,ns3,899,0.5,10,12,28,,,[],[],2>1:9;11>1:0,,32,50,
2026_07_29_02_32_08,000074,10,all-cluster-heads,docs\doc_workspace\SGCP\artifacts\early_from_late_checkpoint_20260719\enable_coperception_early_from_attentive.yaml,dynamic_cv,grid,utility,utility,none,0,0,,potential_verified_cov_coalition_game,7,,9;10,10;9,9,"{""9"": 35}","{""9"": 348, ""10"": 14016}",5568,3.096774193548387,10,40.0,60.0,68.0,850000,114928,114928,0.5,sgcp-density-cap,1,ns3,899,0.5,10,12,28,,,[],[],9>10:1,,21,37,
2026_07_29_02_32_08,000074,12,all-cluster-heads,docs\doc_workspace\SGCP\artifacts\early_from_late_checkpoint_20260719\enable_coperception_early_from_attentive.yaml,dynamic_cv,grid,utility,utility,none,0,0,,potential_verified_cov_coalition_game,7,,4;7;12,12;7,7,"{""7"": 36}","{""7"": 951, ""12"": 13902}",15216,8.46273637374861,10,40.0,60.0,68.0,850000,114928,114928,0.5,sgcp-density-cap,1,ns3,899,0.5,10,12,28,,,[],[],7>12:2,,27,43,
2026_07_29_02_32_08,000074,13,all-cluster-heads,docs\doc_workspace\SGCP\artifacts\early_from_late_checkpoint_20260719\enable_coperception_early_from_attentive.yaml,dynamic_cv,grid,utility,utility,none,0,0,,potential_verified_cov_coalition_game,7,,13;14;19,13;14;19,14;19,"{""14"": 58, ""19"": 24}","{""13"": 13577, ""14"": 1883, ""19"": 272}",34480,16.756395995550612,10,40.0,60.0,68.0,850000,114928,114928,0.5,sgcp-density-cap,1,ns3,899,0.5,10,12,28,,,[],[],14>13:3;19>13:8,,6,27,
2026_07_29_02_32_08,000074,15,all-cluster-heads,docs\doc_workspace\SGCP\artifacts\early_from_late_checkpoint_20260719\enable_coperception_early_from_attentive.yaml,dynamic_cv,grid,utility,utility,none,0,0,,potential_verified_cov_coalition_game,7,,6;15,15;6,6,"{""6"": 38}","{""6"": 921, ""15"": 13494}",14736,8.195773081201336,10,40.0,60.0,68.0,850000,114928,114928,0.5,sgcp-density-cap,1,ns3,899,0.5,10,12,28,,,[],[],6>15:4,,17,21,
2026_07_29_02_32_08,000074,16,all-cluster-heads,docs\doc_workspace\SGCP\artifacts\early_from_late_checkpoint_20260719\enable_coperception_early_from_attentive.yaml,dynamic_cv,grid,utility,utility,none,0,0,,potential_verified_cov_coalition_game,7,,5;16;20,16;5,5,"{""5"": 32}","{""5"": 607, ""16"": 13876}",9712,5.401557285873193,10,40.0,60.0,68.0,850000,114928,114928,0.5,sgcp-density-cap,1,ns3,899,0.5,10,12,28,,,[],[],5>16:5,,22,35,
2026_07_29_02_32_08,000074,17,all-cluster-heads,docs\doc_workspace\SGCP\artifacts\early_from_late_checkpoint_20260719\enable_coperception_early_from_attentive.yaml,dynamic_cv,grid,utility,utility,none,0,0,,potential_verified_cov_coalition_game,7,,3;17;18,17;3;18,3;18,"{""3"": 21, ""18"": 39}","{""3"": 330, ""17"": 14148, ""18"": 931}",20176,8.28476084538376,10,40.0,60.0,68.0,850000,114928,114928,0.5,sgcp-density-cap,1,ns3,899,0.5,10,12,28,,,[],[],3>17:7;18>17:6,,14,20,
2026_07_29_02_32_08,000076,1,all-cluster-heads,docs\doc_workspace\SGCP\artifacts\early_from_late_checkpoint_20260719\enable_coperception_early_from_attentive.yaml,dynamic_cv,grid,utility,utility,none,0,0,,potential_verified_cov_coalition_game,7,,1;2;8;11,1;11,11,"{""11"": 39}","{""1"": 13981, ""11"": 716}",11456,6.371523915461624,10,40.0,60.0,68.0,850000,113840,113840,0.5,sgcp-density-cap,1,ns3,899,0.5,10,12,28,,,[],[],11>1:0,,29,49,
2026_07_29_02_32_08,000076,10,all-cluster-heads,docs\doc_workspace\SGCP\artifacts\early_from_late_checkpoint_20260719\enable_coperception_early_from_attentive.yaml,dynamic_cv,grid,utility,utility,none,0,0,,potential_verified_cov_coalition_game,7,,9;10,10;9,9,"{""9"": 38}","{""9"": 365, ""10"": 13999}",5840,3.2480533926585093,10,40.0,60.0,68.0,850000,113840,113840,0.5,sgcp-density-cap,1,ns3,899,0.5,10,12,28,,,[],[],9>10:1,,22,37,
2026_07_29_02_32_08,000076,12,all-cluster-heads,docs\doc_workspace\SGCP\artifacts\early_from_late_checkpoint_20260719\enable_coperception_early_from_attentive.yaml,dynamic_cv,grid,utility,utility,none,0,0,,potential_verified_cov_coalition_game,7,,4;12,12;4,4,"{""4"": 34}","{""4"": 377, ""12"": 13921}",6032,3.3548387096774195,10,40.0,60.0,68.0,850000,113840,113840,0.5,sgcp-density-cap,1,ns3,899,0.5,10,12,28,,,[],[],4>12:2,,21,43,
2026_07_29_02_32_08,000076,13,all-cluster-heads,docs\doc_workspace\SGCP\artifacts\early_from_late_checkpoint_20260719\enable_coperception_early_from_attentive.yaml,dynamic_cv,grid,utility,utility,none,0,0,,potential_verified_cov_coalition_game,7,,13;14;19,13;14;19,14;19,"{""14"": 59, ""19"": 25}","{""13"": 13582, ""14"": 1905, ""19"": 278}",34928,16.952169076751947,10,40.0,60.0,68.0,850000,113840,113840,0.5,sgcp-density-cap,1,ns3,899,0.5,10,12,28,,,[],[],14>13:3;19>13:9,,7,27,
2026_07_29_02_32_08,000076,15,all-cluster-heads,docs\doc_workspace\SGCP\artifacts\early_from_late_checkpoint_20260719\enable_coperception_early_from_attentive.yaml,dynamic_cv,grid,utility,utility,none,0,0,,potential_verified_cov_coalition_game,7,,6;15,15;6,6,"{""6"": 37}","{""6"": 944, ""15"": 13485}",15104,8.400444938820911,10,40.0,60.0,68.0,850000,113840,113840,0.5,sgcp-density-cap,1,ns3,899,0.5,10,12,28,,,[],[],6>15:4,,15,22,
2026_07_29_02_32_08,000076,16,all-cluster-heads,docs\doc_workspace\SGCP\artifacts\early_from_late_checkpoint_20260719\enable_coperception_early_from_attentive.yaml,dynamic_cv,grid,utility,utility,none,0,0,,potential_verified_cov_coalition_game,7,,5;7;16;20,16;7;20,7;20,"{""7"": 40, ""20"": 18}","{""7"": 929, ""16"": 13891, ""20"": 288}",19472,8.266963292547276,10,40.0,60.0,68.0,850000,113840,113840,0.5,sgcp-density-cap,1,ns3,899,0.5,10,12,28,,,[],[],7>16:5;20>16:8,,26,42,
2026_07_29_02_32_08,000076,17,all-cluster-heads,docs\doc_workspace\SGCP\artifacts\early_from_late_checkpoint_20260719\enable_coperception_early_from_attentive.yaml,dynamic_cv,grid,utility,utility,none,0,0,,potential_verified_cov_coalition_game,7,,3;17;18,17;3;18,3;18,"{""3"": 21, ""18"": 40}","{""3"": 347, ""17"": 14123, ""18"": 966}",21008,8.596218020022247,10,40.0,60.0,68.0,850000,113840,113840,0.5,sgcp-density-cap,1,ns3,899,0.5,10,12,28,,,[],[],3>17:7;18>17:6,,11,20,
2026_07_29_02_32_08,000078,1,all-cluster-heads,docs\doc_workspace\SGCP\artifacts\early_from_late_checkpoint_20260719\enable_coperception_early_from_attentive.yaml,dynamic_cv,grid,utility,utility,none,0,0,,potential_verified_cov_coalition_game,7,,1;2;8;11,1;11,11,"{""11"": 39}","{""1"": 13979, ""11"": 717}",11472,6.3804226918798665,10,40.0,60.0,68.0,850000,114096,114096,0.5,sgcp-density-cap,1,ns3,899,0.5,10,12,28,,,[],[],11>1:0,,30,49,
2026_07_29_02_32_08,000078,10,all-cluster-heads,docs\doc_workspace\SGCP\artifacts\early_from_late_checkpoint_20260719\enable_coperception_early_from_attentive.yaml,dynamic_cv,grid,utility,utility,none,0,0,,potential_verified_cov_coalition_game,7,,9;10,10;9,9,"{""9"": 37}","{""9"": 363, ""10"": 13996}",5808,3.2302558398220245,10,40.0,60.0,68.0,850000,114096,114096,0.5,sgcp-density-cap,1,ns3,899,0.5,10,12,28,,,[],[],9>10:1,,26,38,
2026_07_29_02_32_08,000078,12,all-cluster-heads,docs\doc_workspace\SGCP\artifacts\early_from_late_checkpoint_20260719\enable_coperception_early_from_attentive.yaml,dynamic_cv,grid,utility,utility,none,0,0,,potential_verified_cov_coalition_game,7,,4;12,12;4,4,"{""4"": 33}","{""4"": 355, ""12"": 13942}",5680,3.1590656284760845,10,40.0,60.0,68.0,850000,114096,114096,0.5,sgcp-density-cap,1,ns3,899,0.5,10,12,28,,,[],[],4>12:2,,18,42,
2026_07_29_02_32_08,000078,13,all-cluster-heads,docs\doc_workspace\SGCP\artifacts\early_from_late_checkpoint_20260719\enable_coperception_early_from_attentive.yaml,dynamic_cv,grid,utility,utility,none,0,0,,potential_verified_cov_coalition_game,7,,13;14;19,13;14;19,14;19,"{""14"": 58, ""19"": 23}","{""13"": 13583, ""14"": 1910, ""19"": 305}",35440,16.99666295884316,10,40.0,60.0,68.0,850000,114096,114096,0.5,sgcp-density-cap,1,ns3,899,0.5,10,12,28,,,[],[],14>13:3;19>13:8,,6,27,
2026_07_29_02_32_08,000078,15,all-cluster-heads,docs\doc_workspace\SGCP\artifacts\early_from_late_checkpoint_20260719\enable_coperception_early_from_attentive.yaml,dynamic_cv,grid,utility,utility,none,0,0,,potential_verified_cov_coalition_game,7,,6;15,15;6,6,"{""6"": 39}","{""6"": 937, ""15"": 13505}",14992,8.338153503893215,10,40.0,60.0,68.0,850000,114096,114096,0.5,sgcp-density-cap,1,ns3,899,0.5,10,12,28,,,[],[],6>15:4,,18,22,
2026_07_29_02_32_08,000078,16,all-cluster-heads,docs\doc_workspace\SGCP\artifacts\early_from_late_checkpoint_20260719\enable_coperception_early_from_attentive.yaml,dynamic_cv,grid,utility,utility,none,0,0,,potential_verified_cov_coalition_game,7,,5;7;16;20,16;7;20,7;20,"{""7"": 42, ""20"": 17}","{""7"": 925, ""16"": 13902, ""20"": 266}",19056,8.231368186874306,10,40.0,60.0,68.0,850000,114096,114096,0.5,sgcp-density-cap,1,ns3,899,0.5,10,12,28,,,[],[],7>16:5;20>16:9,,23,42,
2026_07_29_02_32_08,000078,17,all-cluster-heads,docs\doc_workspace\SGCP\artifacts\early_from_late_checkpoint_20260719\enable_coperception_early_from_attentive.yaml,dynamic_cv,grid,utility,utility,none,0,0,,potential_verified_cov_coalition_game,7,,3;17;18,17;3;18,3;18,"{""3"": 20, ""18"": 42}","{""3"": 326, ""17"": 14122, ""18"": 1027}",21648,9.13904338153504,10,40.0,60.0,68.0,850000,114096,114096,0.5,sgcp-density-cap,1,ns3,899,0.5,10,12,28,,,[],[],3>17:7;18>17:6,,12,20,
2026_07_29_02_32_08,000080,1,all-cluster-heads,docs\doc_workspace\SGCP\artifacts\early_from_late_checkpoint_20260719\enable_coperception_early_from_attentive.yaml,dynamic_cv,grid,utility,utility,none,0,0,,potential_verified_cov_coalition_game,7,,1;2;8;11,1;2;11,2;11,"{""2"": 21, ""11"": 35}","{""1"": 13978, ""2"": 324, ""11"": 625}",15184,5.561735261401558,10,40.0,60.0,68.0,850000,117984,117984,0.5,sgcp-density-cap,1,ns3,899,0.5,10,12,28,,,[],[],2>1:9;11>1:0,,32,50,
2026_07_29_02_32_08,000080,10,all-cluster-heads,docs\doc_workspace\SGCP\artifacts\early_from_late_checkpoint_20260719\enable_coperception_early_from_attentive.yaml,dynamic_cv,grid,utility,utility,none,0,0,,potential_verified_cov_coalition_game,7,,9;10,10;9,9,"{""9"": 37}","{""9"": 362, ""10"": 13976}",5792,3.221357063403782,10,40.0,60.0,68.0,850000,117984,117984,0.5,sgcp-density-cap,1,ns3,899,0.5,10,12,28,,,[],[],9>10:1,,22,37,
2026_07_29_02_32_08,000080,12,all-cluster-heads,docs\doc_workspace\SGCP\artifacts\early_from_late_checkpoint_20260719\enable_coperception_early_from_attentive.yaml,dynamic_cv,grid,utility,utility,none,0,0,,potential_verified_cov_coalition_game,7,,4;7;12,12;7,7,"{""7"": 39}","{""7"": 912, ""12"": 13953}",14592,8.115684093437151,10,40.0,60.0,68.0,850000,117984,117984,0.5,sgcp-density-cap,1,ns3,899,0.5,10,12,28,,,[],[],7>12:2,,20,45,
2026_07_29_02_32_08,000080,13,all-cluster-heads,docs\doc_workspace\SGCP\artifacts\early_from_late_checkpoint_20260719\enable_coperception_early_from_attentive.yaml,dynamic_cv,grid,utility,utility,none,0,0,,potential_verified_cov_coalition_game,7,,13;14;19,13;14;19,14;19,"{""14"": 58, ""19"": 23}","{""13"": 13628, ""14"": 1868, ""19"": 302}",34720,16.622914349276975,10,40.0,60.0,68.0,850000,117984,117984,0.5,sgcp-density-cap,1,ns3,899,0.5,10,12,28,,,[],[],14>13:3;19>13:8,,5,27,
2026_07_29_02_32_08,000080,15,all-cluster-heads,docs\doc_workspace\SGCP\artifacts\early_from_late_checkpoint_20260719\enable_coperception_early_from_attentive.yaml,dynamic_cv,grid,utility,utility,none,0,0,,potential_verified_cov_coalition_game,7,,6;15,15;6,6,"{""6"": 40}","{""6"": 951, ""15"": 13527}",15216,8.46273637374861,10,40.0,60.0,68.0,850000,117984,117984,0.5,sgcp-density-cap,1,ns3,899,0.5,10,12,28,,,[],[],6>15:4,,18,22,
2026_07_29_02_32_08,000080,16,all-cluster-heads,docs\doc_workspace\SGCP\artifacts\early_from_late_checkpoint_20260719\enable_coperception_early_from_attentive.yaml,dynamic_cv,grid,utility,utility,none,0,0,,potential_verified_cov_coalition_game,7,,5;16;20,16;5,5,"{""5"": 34}","{""5"": 620, ""16"": 13918}",9920,5.517241379310344,10,40.0,60.0,68.0,850000,117984,117984,0.5,sgcp-density-cap,1,ns3,899,0.5,10,12,28,,,[],[],5>16:5,,19,37,
2026_07_29_02_32_08,000080,17,all-cluster-heads,docs\doc_workspace\SGCP\artifacts\early_from_late_checkpoint_20260719\enable_coperception_early_from_attentive.yaml,dynamic_cv,grid,utility,utility,none,0,0,,potential_verified_cov_coalition_game,7,,3;17;18,17;3;18,3;18,"{""3"": 21, ""18"": 42}","{""3"": 355, ""17"": 14129, ""18"": 1055}",22560,9.38820912124583,10,40.0,60.0,68.0,850000,117984,117984,0.5,sgcp-density-cap,1,ns3,899,0.5,10,12,28,,,[],[],3>17:7;18>17:6,,11,21,
2026_07_29_02_32_08,000082,1,all-cluster-heads,docs\doc_workspace\SGCP\artifacts\early_from_late_checkpoint_20260719\enable_coperception_early_from_attentive.yaml,dynamic_cv,grid,utility,utility,none,0,0,,potential_verified_cov_coalition_game,7,,1;2;8;11,1;11,11,"{""11"": 38}","{""1"": 13971, ""11"": 707}",11312,6.291434927697441,10,40.0,60.0,68.0,850000,114448,114448,0.5,sgcp-density-cap,1,ns3,899,0.5,10,12,28,,,[],[],11>1:0,,32,48,
2026_07_29_02_32_08,000082,10,all-cluster-heads,docs\doc_workspace\SGCP\artifacts\early_from_late_checkpoint_20260719\enable_coperception_early_from_attentive.yaml,dynamic_cv,grid,utility,utility,none,0,0,,potential_verified_cov_coalition_game,7,,9;10,10;9,9,"{""9"": 37}","{""9"": 357, ""10"": 13992}",5712,3.1768631813125694,10,40.0,60.0,68.0,850000,114448,114448,0.5,sgcp-density-cap,1,ns3,899,0.5,10,12,28,,,[],[],9>10:1,,25,38,
2026_07_29_02_32_08,000082,12,all-cluster-heads,docs\doc_workspace\SGCP\artifacts\early_from_late_checkpoint_20260719\enable_coperception_early_from_attentive.yaml,dynamic_cv,grid,utility,utility,none,0,0,,potential_verified_cov_coalition_game,7,,4;12,12;4,4,"{""4"": 30}","{""4"": 351, ""12"": 13970}",5616,3.1234705228031148,10,40.0,60.0,68.0,850000,114448,114448,0.5,sgcp-density-cap,1,ns3,899,0.5,10,12,28,,,[],[],4>12:2,,16,43,
2026_07_29_02_32_08,000082,13,all-cluster-heads,docs\doc_workspace\SGCP\artifacts\early_from_late_checkpoint_20260719\enable_coperception_early_from_attentive.yaml,dynamic_cv,grid,utility,utility,none,0,0,,potential_verified_cov_coalition_game,7,,13;14;19,13;14;19,14;19,"{""14"": 55, ""19"": 24}","{""13"": 13604, ""14"": 1831, ""19"": 304}",34160,16.293659621802,10,40.0,60.0,68.0,850000,114448,114448,0.5,sgcp-density-cap,1,ns3,899,0.5,10,12,28,,,[],[],14>13:3;19>13:8,,7,27,
2026_07_29_02_32_08,000082,15,all-cluster-heads,docs\doc_workspace\SGCP\artifacts\early_from_late_checkpoint_20260719\enable_coperception_early_from_attentive.yaml,dynamic_cv,grid,utility,utility,none,0,0,,potential_verified_cov_coalition_game,7,,6;15,15;6,6,"{""6"": 39}","{""6"": 920, ""15"": 13530}",14720,8.186874304783093,10,40.0,60.0,68.0,850000,114448,114448,0.5,sgcp-density-cap,1,ns3,899,0.5,10,12,28,,,[],[],6>15:4,,19,22,
2026_07_29_02_32_08,000082,16,all-cluster-heads,docs\doc_workspace\SGCP\artifacts\early_from_late_checkpoint_20260719\enable_coperception_early_from_attentive.yaml,dynamic_cv,grid,utility,utility,none,0,0,,potential_verified_cov_coalition_game,7,,5;7;16;20,16;7;20,7;20,"{""7"": 41, ""20"": 19}","{""7"": 973, ""16"": 13943, ""20"": 282}",20080,8.658509454949945,10,40.0,60.0,68.0,850000,114448,114448,0.5,sgcp-density-cap,1,ns3,899,0.5,10,12,28,,,[],[],7>16:5;20>16:9,,26,43,
2026_07_29_02_32_08,000082,17,all-cluster-heads,docs\doc_workspace\SGCP\artifacts\early_from_late_checkpoint_20260719\enable_coperception_early_from_attentive.yaml,dynamic_cv,grid,utility,utility,none,0,0,,potential_verified_cov_coalition_game,7,,3;17;18,17;3;18,3;18,"{""3"": 21, ""18"": 44}","{""3"": 351, ""17"": 14138, ""18"": 1077}",22848,9.583982202447162,10,40.0,60.0,68.0,850000,114448,114448,0.5,sgcp-density-cap,1,ns3,899,0.5,10,12,28,,,[],[],3>17:7;18>17:6,,11,21,
2026_07_29_02_32_08,000084,1,all-cluster-heads,docs\doc_workspace\SGCP\artifacts\early_from_late_checkpoint_20260719\enable_coperception_early_from_attentive.yaml,dynamic_cv,grid,utility,utility,none,0,0,,potential_verified_cov_coalition_game,7,,1;2;8;11,1;8;11,8;11,"{""8"": 15, ""11"": 35}","{""1"": 13971, ""8"": 287, ""11"": 655}",15072,5.828698553948833,10,40.0,60.0,68.0,850000,115088,115088,0.5,sgcp-density-cap,1,ns3,899,0.5,10,12,28,,,[],[],8>1:9;11>1:0,,33,49,
2026_07_29_02_32_08,000084,10,all-cluster-heads,docs\doc_workspace\SGCP\artifacts\early_from_late_checkpoint_20260719\enable_coperception_early_from_attentive.yaml,dynamic_cv,grid,utility,utility,none,0,0,,potential_verified_cov_coalition_game,7,,9;10,10;9,9,"{""9"": 36}","{""9"": 362, ""10"": 13992}",5792,3.221357063403782,10,40.0,60.0,68.0,850000,115088,115088,0.5,sgcp-density-cap,1,ns3,899,0.5,10,12,28,,,[],[],9>10:1,,24,37,
2026_07_29_02_32_08,000084,12,all-cluster-heads,docs\doc_workspace\SGCP\artifacts\early_from_late_checkpoint_20260719\enable_coperception_early_from_attentive.yaml,dynamic_cv,grid,utility,utility,none,0,0,,potential_verified_cov_coalition_game,7,,4;7;12,12;7,7,"{""7"": 37}","{""7"": 902, ""12"": 14013}",14432,8.026696329254728,10,40.0,60.0,68.0,850000,115088,115088,0.5,sgcp-density-cap,1,ns3,899,0.5,10,12,28,,,[],[],7>12:2,,21,41,
2026_07_29_02_32_08,000084,13,all-cluster-heads,docs\doc_workspace\SGCP\artifacts\early_from_late_checkpoint_20260719\enable_coperception_early_from_attentive.yaml,dynamic_cv,grid,utility,utility,none,0,0,,potential_verified_cov_coalition_game,7,,13;14;19,13;14;19,14;19,"{""14"": 58, ""19"": 25}","{""13"": 13586, ""14"": 1828, ""19"": 327}",34480,16.266963292547274,10,40.0,60.0,68.0,850000,115088,115088,0.5,sgcp-density-cap,1,ns3,899,0.5,10,12,28,,,[],[],14>13:3;19>13:8,,8,27,
2026_07_29_02_32_08,000084,15,all-cluster-heads,docs\doc_workspace\SGCP\artifacts\early_from_late_checkpoint_20260719\enable_coperception_early_from_attentive.yaml,dynamic_cv,grid,utility,utility,none,0,0,,potential_verified_cov_coalition_game,7,,6;15,15;6,6,"{""6"": 38}","{""6"": 910, ""15"": 13532}",14560,8.097886540600667,10,40.0,60.0,68.0,850000,115088,115088,0.5,sgcp-density-cap,1,ns3,899,0.5,10,12,28,,,[],[],6>15:4,,17,22,
2026_07_29_02_32_08,000084,17,all-cluster-heads,docs\doc_workspace\SGCP\artifacts\early_from_late_checkpoint_20260719\enable_coperception_early_from_attentive.yaml,dynamic_cv,grid,utility,utility,none,0,0,,potential_verified_cov_coalition_game,7,,3;16;17;18,17;16;18,16;18,"{""16"": 16, ""18"": 45}","{""16"": 412, ""17"": 14146, ""18"": 1089}",24016,9.690767519466073,10,40.0,60.0,68.0,850000,115088,115088,0.5,sgcp-density-cap,1,ns3,899,0.5,10,12,28,,,[],[],16>17:7;18>17:5,,14,32,
2026_07_29_02_32_08,000084,20,all-cluster-heads,docs\doc_workspace\SGCP\artifacts\early_from_late_checkpoint_20260719\enable_coperception_early_from_attentive.yaml,dynamic_cv,grid,utility,utility,none,0,0,,potential_verified_cov_coalition_game,7,,5;20,20;5,5,"{""5"": 34}","{""5"": 421, ""20"": 13917}",6736,3.746384872080089,10,40.0,60.0,68.0,850000,115088,115088,0.5,sgcp-density-cap,1,ns3,899,0.5,10,12,28,,,[],[],5>20:6,,24,36,
2026_07_29_02_32_08,000086,1,all-cluster-heads,docs\doc_workspace\SGCP\artifacts\early_from_late_checkpoint_20260719\enable_coperception_early_from_attentive.yaml,dynamic_cv,grid,utility,utility,none,0,0,,potential_verified_cov_coalition_game,7,,1;2;8;11,1;8;11,8;11,"{""8"": 14, ""11"": 34}","{""1"": 13972, ""8"": 287, ""11"": 630}",14672,5.60622914349277,10,40.0,60.0,68.0,850000,114816,114816,0.5,sgcp-density-cap,1,ns3,899,0.5,10,12,28,,,[],[],8>1:9;11>1:0,,33,49,
2026_07_29_02_32_08,000086,10,all-cluster-heads,docs\doc_workspace\SGCP\artifacts\early_from_late_checkpoint_20260719\enable_coperception_early_from_attentive.yaml,dynamic_cv,grid,utility,utility,none,0,0,,potential_verified_cov_coalition_game,7,,9;10,10;9,9,"{""9"": 36}","{""9"": 361, ""10"": 14000}",5776,3.2124582869855396,10,40.0,60.0,68.0,850000,114816,114816,0.5,sgcp-density-cap,1,ns3,899,0.5,10,12,28,,,[],[],9>10:1,,21,39,
2026_07_29_02_32_08,000086,12,all-cluster-heads,docs\doc_workspace\SGCP\artifacts\early_from_late_checkpoint_20260719\enable_coperception_early_from_attentive.yaml,dynamic_cv,grid,utility,utility,none,0,0,,potential_verified_cov_coalition_game,7,,4;7;12,12;7,7,"{""7"": 39}","{""7"": 906, ""12"": 14037}",14496,8.062291434927698,10,40.0,60.0,68.0,850000,114816,114816,0.5,sgcp-density-cap,1,ns3,899,0.5,10,12,28,,,[],[],7>12:2,,25,43,
2026_07_29_02_32_08,000086,13,all-cluster-heads,docs\doc_workspace\SGCP\artifacts\early_from_late_checkpoint_20260719\enable_coperception_early_from_attentive.yaml,dynamic_cv,grid,utility,utility,none,0,0,,potential_verified_cov_coalition_game,7,,13;14;19,13;14;19,14;19,"{""14"": 57, ""19"": 24}","{""13"": 13599, ""14"": 1836, ""19"": 317}",34448,16.338153503893214,10,40.0,60.0,68.0,850000,114816,114816,0.5,sgcp-density-cap,1,ns3,899,0.5,10,12,28,,,[],[],14>13:3;19>13:8,,6,27,
2026_07_29_02_32_08,000086,15,all-cluster-heads,docs\doc_workspace\SGCP\artifacts\early_from_late_checkpoint_20260719\enable_coperception_early_from_attentive.yaml,dynamic_cv,grid,utility,utility,none,0,0,,potential_verified_cov_coalition_game,7,,6;15,15;6,6,"{""6"": 38}","{""6"": 929, ""15"": 13534}",14864,8.266963292547276,10,40.0,60.0,68.0,850000,114816,114816,0.5,sgcp-density-cap,1,ns3,899,0.5,10,12,28,,,[],[],6>15:4,,17,23,
2026_07_29_02_32_08,000086,17,all-cluster-heads,docs\doc_workspace\SGCP\artifacts\early_from_late_checkpoint_20260719\enable_coperception_early_from_attentive.yaml,dynamic_cv,grid,utility,utility,none,0,0,,potential_verified_cov_coalition_game,7,,3;16;17;18,17;16;18,16;18,"{""16"": 17, ""18"": 46}","{""16"": 415, ""17"": 14140, ""18"": 1089}",24064,9.690767519466073,10,40.0,60.0,68.0,850000,114816,114816,0.5,sgcp-density-cap,1,ns3,899,0.5,10,12,28,,,[],[],16>17:7;18>17:5,,13,31,
2026_07_29_02_32_08,000086,20,all-cluster-heads,docs\doc_workspace\SGCP\artifacts\early_from_late_checkpoint_20260719\enable_coperception_early_from_attentive.yaml,dynamic_cv,grid,utility,utility,none,0,0,,potential_verified_cov_coalition_game,7,,5;20,20;5,5,"{""5"": 32}","{""5"": 406, ""20"": 13917}",6496,3.6129032258064515,10,40.0,60.0,68.0,850000,114816,114816,0.5,sgcp-density-cap,1,ns3,899,0.5,10,12,28,,,[],[],5>20:6,,24,36,
2026_07_29_02_32_08,000088,1,all-cluster-heads,docs\doc_workspace\SGCP\artifacts\early_from_late_checkpoint_20260719\enable_coperception_early_from_attentive.yaml,dynamic_cv,grid,utility,utility,none,0,0,,potential_verified_cov_coalition_game,7,,1;2;8;11,1;8;11,8;11,"{""8"": 14, ""11"": 33}","{""1"": 13967, ""8"": 292, ""11"": 633}",14800,5.632925472747497,10,40.0,60.0,68.0,850000,114800,114800,0.5,sgcp-density-cap,1,ns3,899,0.5,10,12,28,,,[],[],8>1:9;11>1:0,,30,49,
2026_07_29_02_32_08,000088,10,all-cluster-heads,docs\doc_workspace\SGCP\artifacts\early_from_late_checkpoint_20260719\enable_coperception_early_from_attentive.yaml,dynamic_cv,grid,utility,utility,none,0,0,,potential_verified_cov_coalition_game,7,,9;10,10;9,9,"{""9"": 36}","{""9"": 370, ""10"": 13995}",5920,3.292547274749722,10,40.0,60.0,68.0,850000,114800,114800,0.5,sgcp-density-cap,1,ns3,899,0.5,10,12,28,,,[],[],9>10:1,,22,39,
2026_07_29_02_32_08,000088,12,all-cluster-heads,docs\doc_workspace\SGCP\artifacts\early_from_late_checkpoint_20260719\enable_coperception_early_from_attentive.yaml,dynamic_cv,grid,utility,utility,none,0,0,,potential_verified_cov_coalition_game,7,,4;7;12,12;7,7,"{""7"": 40}","{""7"": 925, ""12"": 14084}",14800,8.231368186874306,10,40.0,60.0,68.0,850000,114800,114800,0.5,sgcp-density-cap,1,ns3,899,0.5,10,12,28,,,[],[],7>12:2,,24,44,
2026_07_29_02_32_08,000088,13,all-cluster-heads,docs\doc_workspace\SGCP\artifacts\early_from_late_checkpoint_20260719\enable_coperception_early_from_attentive.yaml,dynamic_cv,grid,utility,utility,none,0,0,,potential_verified_cov_coalition_game,7,,13;14;19,13;14;19,14;19,"{""14"": 57, ""19"": 21}","{""13"": 13598, ""14"": 1845, ""19"": 293}",34208,16.4182424916574,10,40.0,60.0,68.0,850000,114800,114800,0.5,sgcp-density-cap,1,ns3,899,0.5,10,12,28,,,[],[],14>13:3;19>13:8,,7,27,
2026_07_29_02_32_08,000088,15,all-cluster-heads,docs\doc_workspace\SGCP\artifacts\early_from_late_checkpoint_20260719\enable_coperception_early_from_attentive.yaml,dynamic_cv,grid,utility,utility,none,0,0,,potential_verified_cov_coalition_game,7,,6;15,15;6,6,"{""6"": 39}","{""6"": 919, ""15"": 13521}",14704,8.17797552836485,10,40.0,60.0,68.0,850000,114800,114800,0.5,sgcp-density-cap,1,ns3,899,0.5,10,12,28,,,[],[],6>15:4,,16,23,
2026_07_29_02_32_08,000088,17,all-cluster-heads,docs\doc_workspace\SGCP\artifacts\early_from_late_checkpoint_20260719\enable_coperception_early_from_attentive.yaml,dynamic_cv,grid,utility,utility,none,0,0,,potential_verified_cov_coalition_game,7,,3;16;17;18,17;16;18,16;18,"{""16"": 18, ""18"": 47}","{""16"": 410, ""17"": 14155, ""18"": 1084}",23904,9.646273637374861,10,40.0,60.0,68.0,850000,114800,114800,0.5,sgcp-density-cap,1,ns3,899,0.5,10,12,28,,,[],[],16>17:7;18>17:5,,11,30,
2026_07_29_02_32_08,000088,20,all-cluster-heads,docs\doc_workspace\SGCP\artifacts\early_from_late_checkpoint_20260719\enable_coperception_early_from_attentive.yaml,dynamic_cv,grid,utility,utility,none,0,0,,potential_verified_cov_coalition_game,7,,5;20,20;5,5,"{""5"": 34}","{""5"": 404, ""20"": 13915}",6464,3.5951056729699666,10,40.0,60.0,68.0,850000,114800,114800,0.5,sgcp-density-cap,1,ns3,899,0.5,10,12,28,,,[],[],5>20:6,,23,35,
2026_07_29_02_32_08,000090,1,all-cluster-heads,docs\doc_workspace\SGCP\artifacts\early_from_late_checkpoint_20260719\enable_coperception_early_from_attentive.yaml,dynamic_cv,grid,utility,utility,none,0,0,,potential_verified_cov_coalition_game,7,,1;2;8;11,1;8;11,8;11,"{""8"": 14, ""11"": 33}","{""1"": 13964, ""8"": 294, ""11"": 635}",14864,5.650723025583982,10,40.0,60.0,68.0,850000,115680,115680,0.5,sgcp-density-cap,1,ns3,899,0.5,10,12,28,,,[],[],8>1:9;11>1:0,,32,49,
2026_07_29_02_32_08,000090,10,all-cluster-heads,docs\doc_workspace\SGCP\artifacts\early_from_late_checkpoint_20260719\enable_coperception_early_from_attentive.yaml,dynamic_cv,grid,utility,utility,none,0,0,,potential_verified_cov_coalition_game,7,,9;10,10;9,9,"{""9"": 36}","{""9"": 372, ""10"": 13989}",5952,3.310344827586207,10,40.0,60.0,68.0,850000,115680,115680,0.5,sgcp-density-cap,1,ns3,899,0.5,10,12,28,,,[],[],9>10:1,,22,39,
2026_07_29_02_32_08,000090,12,all-cluster-heads,docs\doc_workspace\SGCP\artifacts\early_from_late_checkpoint_20260719\enable_coperception_early_from_attentive.yaml,dynamic_cv,grid,utility,utility,none,0,0,,potential_verified_cov_coalition_game,7,,4;7;12,12;7,7,"{""7"": 39}","{""7"": 928, ""12"": 14081}",14848,8.258064516129032,10,40.0,60.0,68.0,850000,115680,115680,0.5,sgcp-density-cap,1,ns3,899,0.5,10,12,28,,,[],[],7>12:2,,24,42,
2026_07_29_02_32_08,000090,13,all-cluster-heads,docs\doc_workspace\SGCP\artifacts\early_from_late_checkpoint_20260719\enable_coperception_early_from_attentive.yaml,dynamic_cv,grid,utility,utility,none,0,0,,potential_verified_cov_coalition_game,7,,13;14;19,13;14;19,14;19,"{""14"": 58, ""19"": 23}","{""13"": 13587, ""14"": 1862, ""19"": 297}",34544,16.56952169076752,10,40.0,60.0,68.0,850000,115680,115680,0.5,sgcp-density-cap,1,ns3,899,0.5,10,12,28,,,[],[],14>13:3;19>13:8,,5,27,
2026_07_29_02_32_08,000090,15,all-cluster-heads,docs\doc_workspace\SGCP\artifacts\early_from_late_checkpoint_20260719\enable_coperception_early_from_attentive.yaml,dynamic_cv,grid,utility,utility,none,0,0,,potential_verified_cov_coalition_game,7,,6;15,15;6,6,"{""6"": 42}","{""6"": 929, ""15"": 13534}",14864,8.266963292547276,10,40.0,60.0,68.0,850000,115680,115680,0.5,sgcp-density-cap,1,ns3,899,0.5,10,12,28,,,[],[],6>15:4,,18,23,
2026_07_29_02_32_08,000090,17,all-cluster-heads,docs\doc_workspace\SGCP\artifacts\early_from_late_checkpoint_20260719\enable_coperception_early_from_attentive.yaml,dynamic_cv,grid,utility,utility,none,0,0,,potential_verified_cov_coalition_game,7,,3;16;17;18,17;16;18,16;18,"{""16"": 19, ""18"": 44}","{""16"": 413, ""17"": 14164, ""18"": 1101}",24224,9.797552836484982,10,40.0,60.0,68.0,850000,115680,115680,0.5,sgcp-density-cap,1,ns3,899,0.5,10,12,28,,,[],[],16>17:7;18>17:5,,12,31,
2026_07_29_02_32_08,000090,20,all-cluster-heads,docs\doc_workspace\SGCP\artifacts\early_from_late_checkpoint_20260719\enable_coperception_early_from_attentive.yaml,dynamic_cv,grid,utility,utility,none,0,0,,potential_verified_cov_coalition_game,7,,5;20,20;5,5,"{""5"": 33}","{""5"": 399, ""20"": 13914}",6384,3.5506117908787544,10,40.0,60.0,68.0,850000,115680,115680,0.5,sgcp-density-cap,1,ns3,899,0.5,10,12,28,,,[],[],5>20:6,,21,37,
2026_07_29_02_32_08,000092,1,all-cluster-heads,docs\doc_workspace\SGCP\artifacts\early_from_late_checkpoint_20260719\enable_coperception_early_from_attentive.yaml,dynamic_cv,grid,utility,utility,none,0,0,,potential_verified_cov_coalition_game,7,,1;2;8;11,1;8;11,8;11,"{""8"": 14, ""11"": 34}","{""1"": 13964, ""8"": 296, ""11"": 634}",14880,5.641824249165739,10,40.0,60.0,68.0,850000,114240,114240,0.5,sgcp-density-cap,1,ns3,899,0.5,10,12,28,,,[],[],8>1:9;11>1:0,,31,48,
2026_07_29_02_32_08,000092,10,all-cluster-heads,docs\doc_workspace\SGCP\artifacts\early_from_late_checkpoint_20260719\enable_coperception_early_from_attentive.yaml,dynamic_cv,grid,utility,utility,none,0,0,,potential_verified_cov_coalition_game,7,,9;10,10;9,9,"{""9"": 36}","{""9"": 368, ""10"": 13986}",5888,3.274749721913237,10,40.0,60.0,68.0,850000,114240,114240,0.5,sgcp-density-cap,1,ns3,899,0.5,10,12,28,,,[],[],9>10:1,,24,39,
2026_07_29_02_32_08,000092,12,all-cluster-heads,docs\doc_workspace\SGCP\artifacts\early_from_late_checkpoint_20260719\enable_coperception_early_from_attentive.yaml,dynamic_cv,grid,utility,utility,none,0,0,,potential_verified_cov_coalition_game,7,,4;7;12,12;7,7,"{""7"": 38}","{""7"": 939, ""12"": 14115}",15024,8.3559510567297,10,40.0,60.0,68.0,850000,114240,114240,0.5,sgcp-density-cap,1,ns3,899,0.5,10,12,28,,,[],[],7>12:2,,24,44,
2026_07_29_02_32_08,000092,13,all-cluster-heads,docs\doc_workspace\SGCP\artifacts\early_from_late_checkpoint_20260719\enable_coperception_early_from_attentive.yaml,dynamic_cv,grid,utility,utility,none,0,0,,potential_verified_cov_coalition_game,7,,13;14;19,13;14;19,14;19,"{""14"": 57, ""19"": 22}","{""13"": 13577, ""14"": 1787, ""19"": 300}",33392,15.902113459399333,10,40.0,60.0,68.0,850000,114240,114240,0.5,sgcp-density-cap,1,ns3,899,0.5,10,12,28,,,[],[],14>13:3;19>13:8,,7,27,
2026_07_29_02_32_08,000092,15,all-cluster-heads,docs\doc_workspace\SGCP\artifacts\early_from_late_checkpoint_20260719\enable_coperception_early_from_attentive.yaml,dynamic_cv,grid,utility,utility,none,0,0,,potential_verified_cov_coalition_game,7,,6;15,15;6,6,"{""6"": 42}","{""6"": 900, ""15"": 13570}",14400,8.008898776418242,10,40.0,60.0,68.0,850000,114240,114240,0.5,sgcp-density-cap,1,ns3,899,0.5,10,12,28,,,[],[],6>15:4,,17,23,
2026_07_29_02_32_08,000092,17,all-cluster-heads,docs\doc_workspace\SGCP\artifacts\early_from_late_checkpoint_20260719\enable_coperception_early_from_attentive.yaml,dynamic_cv,grid,utility,utility,none,0,0,,potential_verified_cov_coalition_game,7,,3;16;17;18,17;16;18,16;18,"{""16"": 17, ""18"": 48}","{""16"": 403, ""17"": 14182, ""18"": 1103}",24096,9.815350389321468,10,40.0,60.0,68.0,850000,114240,114240,0.5,sgcp-density-cap,1,ns3,899,0.5,10,12,28,,,[],[],16>17:7;18>17:5,,13,30,
2026_07_29_02_32_08,000092,20,all-cluster-heads,docs\doc_workspace\SGCP\artifacts\early_from_late_checkpoint_20260719\enable_coperception_early_from_attentive.yaml,dynamic_cv,grid,utility,utility,none,0,0,,potential_verified_cov_coalition_game,7,,5;20,20;5,5,"{""5"": 34}","{""5"": 410, ""20"": 13912}",6560,3.6484983314794217,10,40.0,60.0,68.0,850000,114240,114240,0.5,sgcp-density-cap,1,ns3,899,0.5,10,12,28,,,[],[],5>20:6,,24,37,
2026_07_29_02_32_08,000094,1,all-cluster-heads,docs\doc_workspace\SGCP\artifacts\early_from_late_checkpoint_20260719\enable_coperception_early_from_attentive.yaml,dynamic_cv,grid,utility,utility,none,0,0,,potential_verified_cov_coalition_game,7,,1;2;8;11,1;8;11,8;11,"{""8"": 14, ""11"": 35}","{""1"": 13962, ""8"": 297, ""11"": 643}",15040,5.721913236929923,10,40.0,60.0,68.0,850000,114320,114320,0.5,sgcp-density-cap,1,ns3,899,0.5,10,12,28,,,[],[],8>1:9;11>1:0,,35,48,
2026_07_29_02_32_08,000094,10,all-cluster-heads,docs\doc_workspace\SGCP\artifacts\early_from_late_checkpoint_20260719\enable_coperception_early_from_attentive.yaml,dynamic_cv,grid,utility,utility,none,0,0,,potential_verified_cov_coalition_game,7,,9;10,10;9,9,"{""9"": 36}","{""9"": 367, ""10"": 13987}",5872,3.2658509454949947,10,40.0,60.0,68.0,850000,114320,114320,0.5,sgcp-density-cap,1,ns3,899,0.5,10,12,28,,,[],[],9>10:1,,25,40,
2026_07_29_02_32_08,000094,12,all-cluster-heads,docs\doc_workspace\SGCP\artifacts\early_from_late_checkpoint_20260719\enable_coperception_early_from_attentive.yaml,dynamic_cv,grid,utility,utility,none,0,0,,potential_verified_cov_coalition_game,7,,4;7;12,12;7,7,"{""7"": 37}","{""7"": 937, ""12"": 14132}",14992,8.338153503893215,10,40.0,60.0,68.0,850000,114320,114320,0.5,sgcp-density-cap,1,ns3,899,0.5,10,12,28,,,[],[],7>12:2,,18,42,
2026_07_29_02_32_08,000094,13,all-cluster-heads,docs\doc_workspace\SGCP\artifacts\early_from_late_checkpoint_20260719\enable_coperception_early_from_attentive.yaml,dynamic_cv,grid,utility,utility,none,0,0,,potential_verified_cov_coalition_game,7,,13;14;19,13;14;19,14;19,"{""14"": 55, ""19"": 22}","{""13"": 13577, ""14"": 1719, ""19"": 306}",32400,15.296996662958843,10,40.0,60.0,68.0,850000,114320,114320,0.5,sgcp-density-cap,1,ns3,899,0.5,10,12,28,,,[],[],14>13:3;19>13:8,,5,26,
2026_07_29_02_32_08,000094,15,all-cluster-heads,docs\doc_workspace\SGCP\artifacts\early_from_late_checkpoint_20260719\enable_coperception_early_from_attentive.yaml,dynamic_cv,grid,utility,utility,none,0,0,,potential_verified_cov_coalition_game,7,,6;15,15;6,6,"{""6"": 42}","{""6"": 941, ""15"": 13568}",15056,8.373748609566185,10,40.0,60.0,68.0,850000,114320,114320,0.5,sgcp-density-cap,1,ns3,899,0.5,10,12,28,,,[],[],6>15:4,,19,25,
2026_07_29_02_32_08,000094,17,all-cluster-heads,docs\doc_workspace\SGCP\artifacts\early_from_late_checkpoint_20260719\enable_coperception_early_from_attentive.yaml,dynamic_cv,grid,utility,utility,none,0,0,,potential_verified_cov_coalition_game,7,,3;16;17;18,17;16;18,16;18,"{""16"": 18, ""18"": 47}","{""16"": 400, ""17"": 14181, ""18"": 1136}",24576,10.10901001112347,10,40.0,60.0,68.0,850000,114320,114320,0.5,sgcp-density-cap,1,ns3,899,0.5,10,12,28,,,[],[],16>17:7;18>17:5,,14,31,
2026_07_29_02_32_08,000094,20,all-cluster-heads,docs\doc_workspace\SGCP\artifacts\early_from_late_checkpoint_20260719\enable_coperception_early_from_attentive.yaml,dynamic_cv,grid,utility,utility,none,0,0,,potential_verified_cov_coalition_game,7,,5;20,20;5,5,"{""5"": 34}","{""5"": 399, ""20"": 13905}",6384,3.5506117908787544,10,40.0,60.0,68.0,850000,114320,114320,0.5,sgcp-density-cap,1,ns3,899,0.5,10,12,28,,,[],[],5>20:6,,22,36,
2026_07_29_02_32_08,000096,1,all-cluster-heads,docs\doc_workspace\SGCP\artifacts\early_from_late_checkpoint_20260719\enable_coperception_early_from_attentive.yaml,dynamic_cv,grid,utility,utility,none,0,0,,potential_verified_cov_coalition_game,7,,1;2;8;11,1;8;11,8;11,"{""8"": 14, ""11"": 35}","{""1"": 13962, ""8"": 298, ""11"": 641}",15024,5.704115684093438,10,40.0,60.0,68.0,850000,114016,114016,0.5,sgcp-density-cap,1,ns3,899,0.5,10,12,28,,,[],[],8>1:9;11>1:0,,33,48,
2026_07_29_02_32_08,000096,10,all-cluster-heads,docs\doc_workspace\SGCP\artifacts\early_from_late_checkpoint_20260719\enable_coperception_early_from_attentive.yaml,dynamic_cv,grid,utility,utility,none,0,0,,potential_verified_cov_coalition_game,7,,9;10,10;9,9,"{""9"": 37}","{""9"": 368, ""10"": 13986}",5888,3.274749721913237,10,40.0,60.0,68.0,850000,114016,114016,0.5,sgcp-density-cap,1,ns3,899,0.5,10,12,28,,,[],[],9>10:1,,24,40,
2026_07_29_02_32_08,000096,12,all-cluster-heads,docs\doc_workspace\SGCP\artifacts\early_from_late_checkpoint_20260719\enable_coperception_early_from_attentive.yaml,dynamic_cv,grid,utility,utility,none,0,0,,potential_verified_cov_coalition_game,7,,4;7;12,12;7,7,"{""7"": 42}","{""7"": 956, ""12"": 14132}",15296,8.507230255839822,10,40.0,60.0,68.0,850000,114016,114016,0.5,sgcp-density-cap,1,ns3,899,0.5,10,12,28,,,[],[],7>12:2,,19,42,
2026_07_29_02_32_08,000096,13,all-cluster-heads,docs\doc_workspace\SGCP\artifacts\early_from_late_checkpoint_20260719\enable_coperception_early_from_attentive.yaml,dynamic_cv,grid,utility,utility,none,0,0,,potential_verified_cov_coalition_game,7,,13;14;19,13;14;19,14;19,"{""14"": 53, ""19"": 22}","{""13"": 13525, ""14"": 1660, ""19"": 332}",31872,14.771968854282537,10,40.0,60.0,68.0,850000,114016,114016,0.5,sgcp-density-cap,1,ns3,899,0.5,10,12,28,,,[],[],14>13:3;19>13:8,,4,26,
2026_07_29_02_32_08,000096,15,all-cluster-heads,docs\doc_workspace\SGCP\artifacts\early_from_late_checkpoint_20260719\enable_coperception_early_from_attentive.yaml,dynamic_cv,grid,utility,utility,none,0,0,,potential_verified_cov_coalition_game,7,,6;15,15;6,6,"{""6"": 41}","{""6"": 916, ""15"": 13554}",14656,8.151279199110121,10,40.0,60.0,68.0,850000,114016,114016,0.5,sgcp-density-cap,1,ns3,899,0.5,10,12,28,,,[],[],6>15:4,,19,25,
2026_07_29_02_32_08,000096,17,all-cluster-heads,docs\doc_workspace\SGCP\artifacts\early_from_late_checkpoint_20260719\enable_coperception_early_from_attentive.yaml,dynamic_cv,grid,utility,utility,none,0,0,,potential_verified_cov_coalition_game,7,,3;16;17;18,17;16;18,16;18,"{""16"": 17, ""18"": 48}","{""16"": 391, ""17"": 14183, ""18"": 1162}",24848,10.340378197997776,10,40.0,60.0,68.0,850000,114016,114016,0.5,sgcp-density-cap,1,ns3,899,0.5,10,12,28,,,[],[],16>17:7;18>17:5,,12,31,
2026_07_29_02_32_08,000096,20,all-cluster-heads,docs\doc_workspace\SGCP\artifacts\early_from_late_checkpoint_20260719\enable_coperception_early_from_attentive.yaml,dynamic_cv,grid,utility,utility,none,0,0,,potential_verified_cov_coalition_game,7,,5;20,20;5,5,"{""5"": 32}","{""5"": 402, ""20"": 13901}",6432,3.5773081201334818,10,40.0,60.0,68.0,850000,114016,114016,0.5,sgcp-density-cap,1,ns3,899,0.5,10,12,28,,,[],[],5>20:6,,23,34,
2026_07_29_02_32_08,000098,1,all-cluster-heads,docs\doc_workspace\SGCP\artifacts\early_from_late_checkpoint_20260719\enable_coperception_early_from_attentive.yaml,dynamic_cv,grid,utility,utility,none,0,0,,potential_verified_cov_coalition_game,7,,1;2;8;11,1;8;11,8;11,"{""8"": 14, ""11"": 34}","{""1"": 13964, ""8"": 298, ""11"": 636}",14944,5.659621802002224,10,40.0,60.0,68.0,850000,111184,111184,0.5,sgcp-density-cap,1,ns3,899,0.5,10,12,28,,,[],[],8>1:9;11>1:0,,31,50,
2026_07_29_02_32_08,000098,10,all-cluster-heads,docs\doc_workspace\SGCP\artifacts\early_from_late_checkpoint_20260719\enable_coperception_early_from_attentive.yaml,dynamic_cv,grid,utility,utility,none,0,0,,potential_verified_cov_coalition_game,7,,9;10,10;9,9,"{""9"": 37}","{""9"": 369, ""10"": 13986}",5904,3.2836484983314795,10,40.0,60.0,68.0,850000,111184,111184,0.5,sgcp-density-cap,1,ns3,899,0.5,10,12,28,,,[],[],9>10:1,,23,40,
2026_07_29_02_32_08,000098,12,all-cluster-heads,docs\doc_workspace\SGCP\artifacts\early_from_late_checkpoint_20260719\enable_coperception_early_from_attentive.yaml,dynamic_cv,grid,utility,utility,none,0,0,,potential_verified_cov_coalition_game,7,,4;7;12,12;7,7,"{""7"": 37}","{""7"": 936, ""12"": 14159}",14976,8.329254727474972,10,40.0,60.0,68.0,850000,111184,111184,0.5,sgcp-density-cap,1,ns3,899,0.5,10,12,28,,,[],[],7>12:2,,21,41,
2026_07_29_02_32_08,000098,13,all-cluster-heads,docs\doc_workspace\SGCP\artifacts\early_from_late_checkpoint_20260719\enable_coperception_early_from_attentive.yaml,dynamic_cv,grid,utility,utility,none,0,0,,potential_verified_cov_coalition_game,7,,13;14;19,13;14;19,14;19,"{""14"": 52, ""19"": 21}","{""13"": 13562, ""14"": 1593, ""19"": 309}",30432,14.175750834260288,10,40.0,60.0,68.0,850000,111184,111184,0.5,sgcp-density-cap,1,ns3,899,0.5,10,12,28,,,[],[],14>13:3;19>13:8,,2,26,
2026_07_29_02_32_08,000098,15,all-cluster-heads,docs\doc_workspace\SGCP\artifacts\early_from_late_checkpoint_20260719\enable_coperception_early_from_attentive.yaml,dynamic_cv,grid,utility,utility,none,0,0,,potential_verified_cov_coalition_game,7,,6;15,15;6,6,"{""6"": 43}","{""6"": 860, ""15"": 13584}",13760,7.652947719688543,10,40.0,60.0,68.0,850000,111184,111184,0.5,sgcp-density-cap,1,ns3,899,0.5,10,12,28,,,[],[],6>15:4,,20,26,
2026_07_29_02_32_08,000098,17,all-cluster-heads,docs\doc_workspace\SGCP\artifacts\early_from_late_checkpoint_20260719\enable_coperception_early_from_attentive.yaml,dynamic_cv,grid,utility,utility,none,0,0,,potential_verified_cov_coalition_game,7,,3;16;17;18,17;16;18,16;18,"{""16"": 19, ""18"": 46}","{""16"": 353, ""17"": 14193, ""18"": 1188}",24656,10.57174638487208,10,40.0,60.0,68.0,850000,111184,111184,0.5,sgcp-density-cap,1,ns3,899,0.5,10,12,28,,,[],[],16>17:7;18>17:5,,12,31,
2026_07_29_02_32_08,000098,20,all-cluster-heads,docs\doc_workspace\SGCP\artifacts\early_from_late_checkpoint_20260719\enable_coperception_early_from_attentive.yaml,dynamic_cv,grid,utility,utility,none,0,0,,potential_verified_cov_coalition_game,7,,5;20,20;5,5,"{""5"": 35}","{""5"": 407, ""20"": 13901}",6512,3.6218020022246944,10,40.0,60.0,68.0,850000,111184,111184,0.5,sgcp-density-cap,1,ns3,899,0.5,10,12,28,,,[],[],5>20:6,,25,35,
2026_07_29_02_32_08,000100,1,all-cluster-heads,docs\doc_workspace\SGCP\artifacts\early_from_late_checkpoint_20260719\enable_coperception_early_from_attentive.yaml,dynamic_cv,grid,utility,utility,none,0,0,,potential_verified_cov_coalition_game,7,,1;2;8;11,1;8;11,8;11,"{""8"": 14, ""11"": 34}","{""1"": 13960, ""8"": 298, ""11"": 640}",15008,5.695216907675195,10,40.0,60.0,68.0,850000,113232,113232,0.5,sgcp-density-cap,1,ns3,899,0.5,10,12,28,,,[],[],8>1:9;11>1:0,,32,51,
2026_07_29_02_32_08,000100,10,all-cluster-heads,docs\doc_workspace\SGCP\artifacts\early_from_late_checkpoint_20260719\enable_coperception_early_from_attentive.yaml,dynamic_cv,grid,utility,utility,none,0,0,,potential_verified_cov_coalition_game,7,,9;10,10;9,9,"{""9"": 36}","{""9"": 366, ""10"": 13984}",5856,3.256952169076752,10,40.0,60.0,68.0,850000,113232,113232,0.5,sgcp-density-cap,1,ns3,899,0.5,10,12,28,,,[],[],9>10:1,,22,38,
2026_07_29_02_32_08,000100,12,all-cluster-heads,docs\doc_workspace\SGCP\artifacts\early_from_late_checkpoint_20260719\enable_coperception_early_from_attentive.yaml,dynamic_cv,grid,utility,utility,none,0,0,,potential_verified_cov_coalition_game,7,,4;7;12,12;7,7,"{""7"": 39}","{""7"": 940, ""12"": 14139}",15040,8.364849833147941,10,40.0,60.0,68.0,850000,113232,113232,0.5,sgcp-density-cap,1,ns3,899,0.5,10,12,28,,,[],[],7>12:2,,25,39,
2026_07_29_02_32_08,000100,13,all-cluster-heads,docs\doc_workspace\SGCP\artifacts\early_from_late_checkpoint_20260719\enable_coperception_early_from_attentive.yaml,dynamic_cv,grid,utility,utility,none,0,0,,potential_verified_cov_coalition_game,7,,13;14;19,13;14;19,14;19,"{""14"": 54, ""19"": 21}","{""13"": 13544, ""14"": 1637, ""19"": 308}",31120,14.567296996662959,10,40.0,60.0,68.0,850000,113232,113232,0.5,sgcp-density-cap,1,ns3,899,0.5,10,12,28,,,[],[],14>13:3;19>13:8,,4,26,
2026_07_29_02_32_08,000100,15,all-cluster-heads,docs\doc_workspace\SGCP\artifacts\early_from_late_checkpoint_20260719\enable_coperception_early_from_attentive.yaml,dynamic_cv,grid,utility,utility,none,0,0,,potential_verified_cov_coalition_game,7,,6;15,15;6,6,"{""6"": 45}","{""6"": 915, ""15"": 13585}",14640,8.142380422691879,10,40.0,60.0,68.0,850000,113232,113232,0.5,sgcp-density-cap,1,ns3,899,0.5,10,12,28,,,[],[],6>15:4,,18,29,
2026_07_29_02_32_08,000100,17,all-cluster-heads,docs\doc_workspace\SGCP\artifacts\early_from_late_checkpoint_20260719\enable_coperception_early_from_attentive.yaml,dynamic_cv,grid,utility,utility,none,0,0,,potential_verified_cov_coalition_game,7,,3;16;17;18,17;16;18,16;18,"{""16"": 18, ""18"": 49}","{""16"": 324, ""17"": 14181, ""18"": 1229}",24848,10.936596218020021,10,40.0,60.0,68.0,850000,113232,113232,0.5,sgcp-density-cap,1,ns3,899,0.5,10,12,28,,,[],[],16>17:7;18>17:5,,16,27,
2026_07_29_02_32_08,000100,20,all-cluster-heads,docs\doc_workspace\SGCP\artifacts\early_from_late_checkpoint_20260719\enable_coperception_early_from_attentive.yaml,dynamic_cv,grid,utility,utility,none,0,0,,potential_verified_cov_coalition_game,7,,5;20,20;5,5,"{""5"": 35}","{""5"": 420, ""20"": 13900}",6720,3.7374860956618465,10,40.0,60.0,68.0,850000,113232,113232,0.5,sgcp-density-cap,1,ns3,899,0.5,10,12,28,,,[],[],5>20:6,,24,36,
2026_07_29_02_32_08,000102,1,all-cluster-heads,docs\doc_workspace\SGCP\artifacts\early_from_late_checkpoint_20260719\enable_coperception_early_from_attentive.yaml,dynamic_cv,grid,utility,utility,none,0,0,,potential_verified_cov_coalition_game,7,,1;2;8;11,1;8;11,8;11,"{""8"": 14, ""11"": 33}","{""1"": 13962, ""8"": 313, ""11"": 640}",15248,5.695216907675195,10,40.0,60.0,68.0,850000,112496,112496,0.5,sgcp-density-cap,1,ns3,899,0.5,10,12,28,,,[],[],8>1:9;11>1:0,,29,51,
2026_07_29_02_32_08,000102,10,all-cluster-heads,docs\doc_workspace\SGCP\artifacts\early_from_late_checkpoint_20260719\enable_coperception_early_from_attentive.yaml,dynamic_cv,grid,utility,utility,none,0,0,,potential_verified_cov_coalition_game,7,,9;10,10;9,9,"{""9"": 36}","{""9"": 367, ""10"": 13984}",5872,3.2658509454949947,10,40.0,60.0,68.0,850000,112496,112496,0.5,sgcp-density-cap,1,ns3,899,0.5,10,12,28,,,[],[],9>10:1,,21,38,
2026_07_29_02_32_08,000102,12,all-cluster-heads,docs\doc_workspace\SGCP\artifacts\early_from_late_checkpoint_20260719\enable_coperception_early_from_attentive.yaml,dynamic_cv,grid,utility,utility,none,0,0,,potential_verified_cov_coalition_game,7,,4;7;12,12;7,7,"{""7"": 36}","{""7"": 909, ""12"": 14169}",14544,8.088987764182425,10,40.0,60.0,68.0,850000,112496,112496,0.5,sgcp-density-cap,1,ns3,899,0.5,10,12,28,,,[],[],7>12:2,,22,37,
2026_07_29_02_32_08,000102,13,all-cluster-heads,docs\doc_workspace\SGCP\artifacts\early_from_late_checkpoint_20260719\enable_coperception_early_from_attentive.yaml,dynamic_cv,grid,utility,utility,none,0,0,,potential_verified_cov_coalition_game,7,,13;14;19,13;14;19,14;19,"{""14"": 52, ""19"": 22}","{""13"": 13542, ""14"": 1607, ""19"": 303}",30560,14.300333704115685,10,40.0,60.0,68.0,850000,112496,112496,0.5,sgcp-density-cap,1,ns3,899,0.5,10,12,28,,,[],[],14>13:3;19>13:8,,4,27,
2026_07_29_02_32_08,000102,15,all-cluster-heads,docs\doc_workspace\SGCP\artifacts\early_from_late_checkpoint_20260719\enable_coperception_early_from_attentive.yaml,dynamic_cv,grid,utility,utility,none,0,0,,potential_verified_cov_coalition_game,7,,6;15,15;6,6,"{""6"": 46}","{""6"": 925, ""15"": 13594}",14800,8.231368186874306,10,40.0,60.0,68.0,850000,112496,112496,0.5,sgcp-density-cap,1,ns3,899,0.5,10,12,28,,,[],[],6>15:4,,20,28,
2026_07_29_02_32_08,000102,17,all-cluster-heads,docs\doc_workspace\SGCP\artifacts\early_from_late_checkpoint_20260719\enable_coperception_early_from_attentive.yaml,dynamic_cv,grid,utility,utility,none,0,0,,potential_verified_cov_coalition_game,7,,3;16;17;18,17;16;18,16;18,"{""16"": 16, ""18"": 49}","{""16"": 309, ""17"": 14188, ""18"": 1231}",24640,10.954393770856507,10,40.0,60.0,68.0,850000,112496,112496,0.5,sgcp-density-cap,1,ns3,899,0.5,10,12,28,,,[],[],16>17:7;18>17:5,,12,28,
2026_07_29_02_32_08,000102,20,all-cluster-heads,docs\doc_workspace\SGCP\artifacts\early_from_late_checkpoint_20260719\enable_coperception_early_from_attentive.yaml,dynamic_cv,grid,utility,utility,none,0,0,,potential_verified_cov_coalition_game,7,,5;20,20;5,5,"{""5"": 35}","{""5"": 427, ""20"": 13900}",6832,3.799777530589544,10,40.0,60.0,68.0,850000,112496,112496,0.5,sgcp-density-cap,1,ns3,899,0.5,10,12,28,,,[],[],5>20:6,,24,36,
2026_07_29_02_32_08,000104,1,all-cluster-heads,docs\doc_workspace\SGCP\artifacts\early_from_late_checkpoint_20260719\enable_coperception_early_from_attentive.yaml,dynamic_cv,grid,utility,utility,none,0,0,,potential_verified_cov_coalition_game,7,,1;2;8;11,1;8;11,8;11,"{""8"": 14, ""11"": 32}","{""1"": 13965, ""8"": 313, ""11"": 641}",15264,5.704115684093438,10,40.0,60.0,68.0,850000,112048,112048,0.5,sgcp-density-cap,1,ns3,899,0.5,10,12,28,,,[],[],8>1:9;11>1:0,,29,52,
2026_07_29_02_32_08,000104,10,all-cluster-heads,docs\doc_workspace\SGCP\artifacts\early_from_late_checkpoint_20260719\enable_coperception_early_from_attentive.yaml,dynamic_cv,grid,utility,utility,none,0,0,,potential_verified_cov_coalition_game,7,,9;10,10;9,9,"{""9"": 37}","{""9"": 369, ""10"": 13985}",5904,3.2836484983314795,10,40.0,60.0,68.0,850000,112048,112048,0.5,sgcp-density-cap,1,ns3,899,0.5,10,12,28,,,[],[],9>10:1,,21,38,
2026_07_29_02_32_08,000104,12,all-cluster-heads,docs\doc_workspace\SGCP\artifacts\early_from_late_checkpoint_20260719\enable_coperception_early_from_attentive.yaml,dynamic_cv,grid,utility,utility,none,0,0,,potential_verified_cov_coalition_game,7,,4;7;12,12;7,7,"{""7"": 38}","{""7"": 924, ""12"": 14167}",14784,8.222469410456062,10,40.0,60.0,68.0,850000,112048,112048,0.5,sgcp-density-cap,1,ns3,899,0.5,10,12,28,,,[],[],7>12:2,,23,37,
2026_07_29_02_32_08,000104,13,all-cluster-heads,docs\doc_workspace\SGCP\artifacts\early_from_late_checkpoint_20260719\enable_coperception_early_from_attentive.yaml,dynamic_cv,grid,utility,utility,none,0,0,,potential_verified_cov_coalition_game,7,,13;14;19,13;14;19,14;19,"{""14"": 52, ""19"": 20}","{""13"": 13509, ""14"": 1600, ""19"": 299}",30384,14.238042269187988,10,40.0,60.0,68.0,850000,112048,112048,0.5,sgcp-density-cap,1,ns3,899,0.5,10,12,28,,,[],[],14>13:3;19>13:8,,2,26,
2026_07_29_02_32_08,000104,15,all-cluster-heads,docs\doc_workspace\SGCP\artifacts\early_from_late_checkpoint_20260719\enable_coperception_early_from_attentive.yaml,dynamic_cv,grid,utility,utility,none,0,0,,potential_verified_cov_coalition_game,7,,6;15,15;6,6,"{""6"": 44}","{""6"": 873, ""15"": 13579}",13968,7.768631813125695,10,40.0,60.0,68.0,850000,112048,112048,0.5,sgcp-density-cap,1,ns3,899,0.5,10,12,28,,,[],[],6>15:4,,19,28,
2026_07_29_02_32_08,000104,17,all-cluster-heads,docs\doc_workspace\SGCP\artifacts\early_from_late_checkpoint_20260719\enable_coperception_early_from_attentive.yaml,dynamic_cv,grid,utility,utility,none,0,0,,potential_verified_cov_coalition_game,7,,3;16;17;18,17;16;18,16;18,"{""16"": 16, ""18"": 49}","{""16"": 303, ""17"": 14180, ""18"": 1254}",24912,11.159065628476085,10,40.0,60.0,68.0,850000,112048,112048,0.5,sgcp-density-cap,1,ns3,899,0.5,10,12,28,,,[],[],16>17:7;18>17:5,,14,28,
2026_07_29_02_32_08,000104,20,all-cluster-heads,docs\doc_workspace\SGCP\artifacts\early_from_late_checkpoint_20260719\enable_coperception_early_from_attentive.yaml,dynamic_cv,grid,utility,utility,none,0,0,,potential_verified_cov_coalition_game,7,,5;20,20;5,5,"{""5"": 35}","{""5"": 427, ""20"": 13895}",6832,3.799777530589544,10,40.0,60.0,68.0,850000,112048,112048,0.5,sgcp-density-cap,1,ns3,899,0.5,10,12,28,,,[],[],5>20:6,,24,36,
2026_07_29_02_32_08,000106,1,all-cluster-heads,docs\doc_workspace\SGCP\artifacts\early_from_late_checkpoint_20260719\enable_coperception_early_from_attentive.yaml,dynamic_cv,grid,utility,utility,none,0,0,,potential_verified_cov_coalition_game,7,,1;2;8;11,1;8;11,8;11,"{""8"": 14, ""11"": 32}","{""1"": 13961, ""8"": 291, ""11"": 646}",14992,5.7486095661846495,10,40.0,60.0,68.0,850000,112496,112496,0.5,sgcp-density-cap,1,ns3,899,0.5,10,12,28,,,[],[],8>1:9;11>1:0,,31,52,
2026_07_29_02_32_08,000106,10,all-cluster-heads,docs\doc_workspace\SGCP\artifacts\early_from_late_checkpoint_20260719\enable_coperception_early_from_attentive.yaml,dynamic_cv,grid,utility,utility,none,0,0,,potential_verified_cov_coalition_game,7,,9;10,10;9,9,"{""9"": 37}","{""9"": 375, ""10"": 13984}",6000,3.3370411568409346,10,40.0,60.0,68.0,850000,112496,112496,0.5,sgcp-density-cap,1,ns3,899,0.5,10,12,28,,,[],[],9>10:1,,23,38,
2026_07_29_02_32_08,000106,12,all-cluster-heads,docs\doc_workspace\SGCP\artifacts\early_from_late_checkpoint_20260719\enable_coperception_early_from_attentive.yaml,dynamic_cv,grid,utility,utility,none,0,0,,potential_verified_cov_coalition_game,7,,4;7;12,12;7,7,"{""7"": 35}","{""7"": 906, ""12"": 14191}",14496,8.062291434927698,10,40.0,60.0,68.0,850000,112496,112496,0.5,sgcp-density-cap,1,ns3,899,0.5,10,12,28,,,[],[],7>12:2,,20,37,
2026_07_29_02_32_08,000106,13,all-cluster-heads,docs\doc_workspace\SGCP\artifacts\early_from_late_checkpoint_20260719\enable_coperception_early_from_attentive.yaml,dynamic_cv,grid,utility,utility,none,0,0,,potential_verified_cov_coalition_game,7,,13;14;19,13;14;19,14;19,"{""14"": 52, ""19"": 21}","{""13"": 13477, ""14"": 1592, ""19"": 312}",30464,14.166852057842046,10,40.0,60.0,68.0,850000,112496,112496,0.5,sgcp-density-cap,1,ns3,899,0.5,10,12,28,,,[],[],14>13:3;19>13:8,,6,26,
2026_07_29_02_32_08,000106,15,all-cluster-heads,docs\doc_workspace\SGCP\artifacts\early_from_late_checkpoint_20260719\enable_coperception_early_from_attentive.yaml,dynamic_cv,grid,utility,utility,none,0,0,,potential_verified_cov_coalition_game,7,,6;15,15;6,6,"{""6"": 44}","{""6"": 896, ""15"": 13589}",14336,7.973303670745273,10,40.0,60.0,68.0,850000,112496,112496,0.5,sgcp-density-cap,1,ns3,899,0.5,10,12,28,,,[],[],6>15:4,,21,28,
2026_07_29_02_32_08,000106,17,all-cluster-heads,docs\doc_workspace\SGCP\artifacts\early_from_late_checkpoint_20260719\enable_coperception_early_from_attentive.yaml,dynamic_cv,grid,utility,utility,none,0,0,,potential_verified_cov_coalition_game,7,,3;16;17;18,17;16;18,16;18,"{""16"": 19, ""18"": 50}","{""16"": 337, ""17"": 14174, ""18"": 1247}",25344,11.096774193548388,10,40.0,60.0,68.0,850000,112496,112496,0.5,sgcp-density-cap,1,ns3,899,0.5,10,12,28,,,[],[],16>17:7;18>17:5,,14,28,
2026_07_29_02_32_08,000106,20,all-cluster-heads,docs\doc_workspace\SGCP\artifacts\early_from_late_checkpoint_20260719\enable_coperception_early_from_attentive.yaml,dynamic_cv,grid,utility,utility,none,0,0,,potential_verified_cov_coalition_game,7,,5;20,20;5,5,"{""5"": 35}","{""5"": 429, ""20"": 13893}",6864,3.817575083426029,10,40.0,60.0,68.0,850000,112496,112496,0.5,sgcp-density-cap,1,ns3,899,0.5,10,12,28,,,[],[],5>20:6,,24,35,
2026_07_29_02_32_08,000108,1,all-cluster-heads,docs\doc_workspace\SGCP\artifacts\early_from_late_checkpoint_20260719\enable_coperception_early_from_attentive.yaml,dynamic_cv,grid,utility,utility,none,0,0,,potential_verified_cov_coalition_game,7,,1;2;8;11,1;8;11,8;11,"{""8"": 14, ""11"": 32}","{""1"": 13963, ""8"": 290, ""11"": 648}",15008,5.766407119021134,10,40.0,60.0,68.0,850000,114400,114400,0.5,sgcp-density-cap,1,ns3,899,0.5,10,12,28,,,[],[],8>1:9;11>1:0,,32,52,
2026_07_29_02_32_08,000108,10,all-cluster-heads,docs\doc_workspace\SGCP\artifacts\early_from_late_checkpoint_20260719\enable_coperception_early_from_attentive.yaml,dynamic_cv,grid,utility,utility,none,0,0,,potential_verified_cov_coalition_game,7,,9;10,10;9,9,"{""9"": 38}","{""9"": 378, ""10"": 13984}",6048,3.363737486095662,10,40.0,60.0,68.0,850000,114400,114400,0.5,sgcp-density-cap,1,ns3,899,0.5,10,12,28,,,[],[],9>10:1,,21,38,
2026_07_29_02_32_08,000108,12,all-cluster-heads,docs\doc_workspace\SGCP\artifacts\early_from_late_checkpoint_20260719\enable_coperception_early_from_attentive.yaml,dynamic_cv,grid,utility,utility,none,0,0,,potential_verified_cov_coalition_game,7,,4;7;12,12;7,7,"{""7"": 38}","{""7"": 927, ""12"": 14221}",14832,8.24916573971079,10,40.0,60.0,68.0,850000,114400,114400,0.5,sgcp-density-cap,1,ns3,899,0.5,10,12,28,,,[],[],7>12:2,,23,38,
2026_07_29_02_32_08,000108,13,all-cluster-heads,docs\doc_workspace\SGCP\artifacts\early_from_late_checkpoint_20260719\enable_coperception_early_from_attentive.yaml,dynamic_cv,grid,utility,utility,none,0,0,,potential_verified_cov_coalition_game,7,,13;14;19,13;14;19,14;19,"{""14"": 54, ""19"": 21}","{""13"": 13485, ""14"": 1635, ""19"": 305}",31040,14.549499443826475,10,40.0,60.0,68.0,850000,114400,114400,0.5,sgcp-density-cap,1,ns3,899,0.5,10,12,28,,,[],[],14>13:3;19>13:8,,4,26,
2026_07_29_02_32_08,000108,15,all-cluster-heads,docs\doc_workspace\SGCP\artifacts\early_from_late_checkpoint_20260719\enable_coperception_early_from_attentive.yaml,dynamic_cv,grid,utility,utility,none,0,0,,potential_verified_cov_coalition_game,7,,6;15,15;6,6,"{""6"": 43}","{""6"": 900, ""15"": 13579}",14400,8.008898776418242,10,40.0,60.0,68.0,850000,114400,114400,0.5,sgcp-density-cap,1,ns3,899,0.5,10,12,28,,,[],[],6>15:4,,20,27,
2026_07_29_02_32_08,000108,17,all-cluster-heads,docs\doc_workspace\SGCP\artifacts\early_from_late_checkpoint_20260719\enable_coperception_early_from_attentive.yaml,dynamic_cv,grid,utility,utility,none,0,0,,potential_verified_cov_coalition_game,7,,3;16;17;18,17;16;18,16;18,"{""16"": 17, ""18"": 51}","{""16"": 334, ""17"": 14203, ""18"": 1316}",26400,11.71078976640712,10,40.0,60.0,68.0,850000,114400,114400,0.5,sgcp-density-cap,1,ns3,899,0.5,10,12,28,,,[],[],16>17:7;18>17:5,,13,28,
2026_07_29_02_32_08,000108,20,all-cluster-heads,docs\doc_workspace\SGCP\artifacts\early_from_late_checkpoint_20260719\enable_coperception_early_from_attentive.yaml,dynamic_cv,grid,utility,utility,none,0,0,,potential_verified_cov_coalition_game,7,,5;20,20;5,5,"{""5"": 36}","{""5"": 417, ""20"": 13890}",6672,3.710789766407119,10,40.0,60.0,68.0,850000,114400,114400,0.5,sgcp-density-cap,1,ns3,899,0.5,10,12,28,,,[],[],5>20:6,,23,35,
2026_07_29_02_32_08,000110,1,all-cluster-heads,docs\doc_workspace\SGCP\artifacts\early_from_late_checkpoint_20260719\enable_coperception_early_from_attentive.yaml,dynamic_cv,grid,utility,utility,none,0,0,,potential_verified_cov_coalition_game,7,,1;2;8;11,1;8;11,8;11,"{""8"": 15, ""11"": 32}","{""1"": 13963, ""8"": 291, ""11"": 651}",15072,5.793103448275862,10,40.0,60.0,68.0,850000,113328,113328,0.5,sgcp-density-cap,1,ns3,899,0.5,10,12,28,,,[],[],8>1:8;11>1:0,,32,52,
2026_07_29_02_32_08,000110,10,all-cluster-heads,docs\doc_workspace\SGCP\artifacts\early_from_late_checkpoint_20260719\enable_coperception_early_from_attentive.yaml,dynamic_cv,grid,utility,utility,none,0,0,,potential_verified_cov_coalition_game,7,,9;10,10;9,9,"{""9"": 38}","{""9"": 377, ""10"": 13981}",6032,3.3548387096774195,10,40.0,60.0,68.0,850000,113328,113328,0.5,sgcp-density-cap,1,ns3,899,0.5,10,12,28,,,[],[],9>10:1,,24,38,
2026_07_29_02_32_08,000110,12,all-cluster-heads,docs\doc_workspace\SGCP\artifacts\early_from_late_checkpoint_20260719\enable_coperception_early_from_attentive.yaml,dynamic_cv,grid,utility,utility,none,0,0,,potential_verified_cov_coalition_game,7,,4;7;12,12;7,7,"{""7"": 39}","{""7"": 948, ""12"": 14224}",15168,8.43604004449388,10,40.0,60.0,68.0,850000,113328,113328,0.5,sgcp-density-cap,1,ns3,899,0.5,10,12,28,,,[],[],7>12:2,,22,38,
2026_07_29_02_32_08,000110,13,all-cluster-heads,docs\doc_workspace\SGCP\artifacts\early_from_late_checkpoint_20260719\enable_coperception_early_from_attentive.yaml,dynamic_cv,grid,utility,utility,none,0,0,,potential_verified_cov_coalition_game,7,,13;14;19,13;14;19,14;19,"{""14"": 53, ""19"": 16}","{""13"": 13465, ""14"": 1640, ""19"": 218}",29728,14.593993325917687,10,40.0,60.0,68.0,850000,113328,113328,0.5,sgcp-density-cap,1,ns3,899,0.5,10,12,28,,,[],[],14>13:3;19>13:9,,5,26,
2026_07_29_02_32_08,000110,15,all-cluster-heads,docs\doc_workspace\SGCP\artifacts\early_from_late_checkpoint_20260719\enable_coperception_early_from_attentive.yaml,dynamic_cv,grid,utility,utility,none,0,0,,potential_verified_cov_coalition_game,7,,6;15,15;6,6,"{""6"": 44}","{""6"": 878, ""15"": 13612}",14048,7.8131256952169075,10,40.0,60.0,68.0,850000,113328,113328,0.5,sgcp-density-cap,1,ns3,899,0.5,10,12,28,,,[],[],6>15:4,,19,27,
2026_07_29_02_32_08,000110,17,all-cluster-heads,docs\doc_workspace\SGCP\artifacts\early_from_late_checkpoint_20260719\enable_coperception_early_from_attentive.yaml,dynamic_cv,grid,utility,utility,none,0,0,,potential_verified_cov_coalition_game,7,,3;16;17;18,17;16;18,16;18,"{""16"": 20, ""18"": 51}","{""16"": 339, ""17"": 14197, ""18"": 1314}",26448,11.692992213570635,10,40.0,60.0,68.0,850000,113328,113328,0.5,sgcp-density-cap,1,ns3,899,0.5,10,12,28,,,[],[],16>17:7;18>17:5,,10,26,
2026_07_29_02_32_08,000110,20,all-cluster-heads,docs\doc_workspace\SGCP\artifacts\early_from_late_checkpoint_20260719\enable_coperception_early_from_attentive.yaml,dynamic_cv,grid,utility,utility,none,0,0,,potential_verified_cov_coalition_game,7,,5;20,20;5,5,"{""5"": 36}","{""5"": 427, ""20"": 13887}",6832,3.799777530589544,10,40.0,60.0,68.0,850000,113328,113328,0.5,sgcp-density-cap,1,ns3,899,0.5,10,12,28,,,[],[],5>20:6,,24,34,
2026_07_29_02_32_08,000112,1,all-cluster-heads,docs\doc_workspace\SGCP\artifacts\early_from_late_checkpoint_20260719\enable_coperception_early_from_attentive.yaml,dynamic_cv,grid,utility,utility,none,0,0,,potential_verified_cov_coalition_game,7,,1;2;8;11,1;8;11,8;11,"{""8"": 15, ""11"": 31}","{""1"": 13966, ""8"": 286, ""11"": 655}",15056,5.828698553948833,10,40.0,60.0,68.0,850000,113792,113792,0.5,sgcp-density-cap,1,ns3,899,0.5,10,12,28,,,[],[],8>1:9;11>1:0,,30,52,
2026_07_29_02_32_08,000112,10,all-cluster-heads,docs\doc_workspace\SGCP\artifacts\early_from_late_checkpoint_20260719\enable_coperception_early_from_attentive.yaml,dynamic_cv,grid,utility,utility,none,0,0,,potential_verified_cov_coalition_game,7,,9;10,10;9,9,"{""9"": 38}","{""9"": 380, ""10"": 13981}",6080,3.381535038932147,10,40.0,60.0,68.0,850000,113792,113792,0.5,sgcp-density-cap,1,ns3,899,0.5,10,12,28,,,[],[],9>10:1,,23,38,
2026_07_29_02_32_08,000112,12,all-cluster-heads,docs\doc_workspace\SGCP\artifacts\early_from_late_checkpoint_20260719\enable_coperception_early_from_attentive.yaml,dynamic_cv,grid,utility,utility,none,0,0,,potential_verified_cov_coalition_game,7,,4;7;12,12;7,7,"{""7"": 36}","{""7"": 918, ""12"": 14224}",14688,8.169076751946607,10,40.0,60.0,68.0,850000,113792,113792,0.5,sgcp-density-cap,1,ns3,899,0.5,10,12,28,,,[],[],7>12:2,,19,38,
2026_07_29_02_32_08,000112,13,all-cluster-heads,docs\doc_workspace\SGCP\artifacts\early_from_late_checkpoint_20260719\enable_coperception_early_from_attentive.yaml,dynamic_cv,grid,utility,utility,none,0,0,,potential_verified_cov_coalition_game,7,,13;14;19,13;14;19,14;19,"{""14"": 51, ""19"": 19}","{""13"": 13451, ""14"": 1625, ""19"": 286}",30576,14.460511679644048,10,40.0,60.0,68.0,850000,113792,113792,0.5,sgcp-density-cap,1,ns3,899,0.5,10,12,28,,,[],[],14>13:3;19>13:8,,5,26,
2026_07_29_02_32_08,000112,15,all-cluster-heads,docs\doc_workspace\SGCP\artifacts\early_from_late_checkpoint_20260719\enable_coperception_early_from_attentive.yaml,dynamic_cv,grid,utility,utility,none,0,0,,potential_verified_cov_coalition_game,7,,6;15,15;6,6,"{""6"": 43}","{""6"": 890, ""15"": 13611}",14240,7.9199110122358185,10,40.0,60.0,68.0,850000,113792,113792,0.5,sgcp-density-cap,1,ns3,899,0.5,10,12,28,,,[],[],6>15:4,,22,27,
2026_07_29_02_32_08,000112,17,all-cluster-heads,docs\doc_workspace\SGCP\artifacts\early_from_late_checkpoint_20260719\enable_coperception_early_from_attentive.yaml,dynamic_cv,grid,utility,utility,none,0,0,,potential_verified_cov_coalition_game,7,,3;16;17;18,17;16;18,16;18,"{""16"": 19, ""18"": 54}","{""16"": 312, ""17"": 14206, ""18"": 1344}",26496,11.95995550611791,10,40.0,60.0,68.0,850000,113792,113792,0.5,sgcp-density-cap,1,ns3,899,0.5,10,12,28,,,[],[],16>17:7;18>17:5,,9,26,
2026_07_29_02_32_08,000112,20,all-cluster-heads,docs\doc_workspace\SGCP\artifacts\early_from_late_checkpoint_20260719\enable_coperception_early_from_attentive.yaml,dynamic_cv,grid,utility,utility,none,0,0,,potential_verified_cov_coalition_game,7,,5;20,20;5,5,"{""5"": 35}","{""5"": 416, ""20"": 13886}",6656,3.701890989988877,10,40.0,60.0,68.0,850000,113792,113792,0.5,sgcp-density-cap,1,ns3,899,0.5,10,12,28,,,[],[],5>20:6,,26,34,
2026_07_29_02_32_08,000114,1,all-cluster-heads,docs\doc_workspace\SGCP\artifacts\early_from_late_checkpoint_20260719\enable_coperception_early_from_attentive.yaml,dynamic_cv,grid,utility,utility,none,0,0,,potential_verified_cov_coalition_game,7,,1;2;8;11,1;8;11,8;11,"{""8"": 16, ""11"": 33}","{""1"": 13967, ""8"": 295, ""11"": 659}",15264,5.8642936596218025,10,40.0,60.0,68.0,850000,115232,115232,0.5,sgcp-density-cap,1,ns3,899,0.5,10,12,28,,,[],[],8>1:9;11>1:0,,30,52,
2026_07_29_02_32_08,000114,10,all-cluster-heads,docs\doc_workspace\SGCP\artifacts\early_from_late_checkpoint_20260719\enable_coperception_early_from_attentive.yaml,dynamic_cv,grid,utility,utility,none,0,0,,potential_verified_cov_coalition_game,7,,9;10,10;9,9,"{""9"": 38}","{""9"": 385, ""10"": 13979}",6160,3.4260289210233594,10,40.0,60.0,68.0,850000,115232,115232,0.5,sgcp-density-cap,1,ns3,899,0.5,10,12,28,,,[],[],9>10:1,,24,38,
2026_07_29_02_32_08,000114,12,all-cluster-heads,docs\doc_workspace\SGCP\artifacts\early_from_late_checkpoint_20260719\enable_coperception_early_from_attentive.yaml,dynamic_cv,grid,utility,utility,none,0,0,,potential_verified_cov_coalition_game,7,,4;7;12,12;7,7,"{""7"": 39}","{""7"": 927, ""12"": 14210}",14832,8.24916573971079,10,40.0,60.0,68.0,850000,115232,115232,0.5,sgcp-density-cap,1,ns3,899,0.5,10,12,28,,,[],[],7>12:2,,22,39,
2026_07_29_02_32_08,000114,13,all-cluster-heads,docs\doc_workspace\SGCP\artifacts\early_from_late_checkpoint_20260719\enable_coperception_early_from_attentive.yaml,dynamic_cv,grid,utility,utility,none,0,0,,potential_verified_cov_coalition_game,7,,13;14;19,13;14;19,14;19,"{""14"": 52, ""19"": 21}","{""13"": 13423, ""14"": 1616, ""19"": 312}",30848,14.380422691879867,10,40.0,60.0,68.0,850000,115232,115232,0.5,sgcp-density-cap,1,ns3,899,0.5,10,12,28,,,[],[],14>13:3;19>13:7,,4,25,
2026_07_29_02_32_08,000114,15,all-cluster-heads,docs\doc_workspace\SGCP\artifacts\early_from_late_checkpoint_20260719\enable_coperception_early_from_attentive.yaml,dynamic_cv,grid,utility,utility,none,0,0,,potential_verified_cov_coalition_game,7,,6;15,15;6,6,"{""6"": 45}","{""6"": 923, ""15"": 13613}",14768,8.21357063403782,10,40.0,60.0,68.0,850000,115232,115232,0.5,sgcp-density-cap,1,ns3,899,0.5,10,12,28,,,[],[],6>15:4,,20,27,
2026_07_29_02_32_08,000114,17,all-cluster-heads,docs\doc_workspace\SGCP\artifacts\early_from_late_checkpoint_20260719\enable_coperception_early_from_attentive.yaml,dynamic_cv,grid,utility,utility,none,0,0,,potential_verified_cov_coalition_game,7,,3;16;17;18,17;3;18,3;18,"{""3"": 19, ""18"": 52}","{""3"": 375, ""17"": 14215, ""18"": 1286}",26576,11.443826473859845,10,40.0,60.0,68.0,850000,115232,115232,0.5,sgcp-density-cap,1,ns3,899,0.5,10,12,28,,,[],[],3>17:8;18>17:5,,11,21,
2026_07_29_02_32_08,000114,20,all-cluster-heads,docs\doc_workspace\SGCP\artifacts\early_from_late_checkpoint_20260719\enable_coperception_early_from_attentive.yaml,dynamic_cv,grid,utility,utility,none,0,0,,potential_verified_cov_coalition_game,7,,5;20,20;5,5,"{""5"": 36}","{""5"": 424, ""20"": 13882}",6784,3.7730812013348167,10,40.0,60.0,68.0,850000,115232,115232,0.5,sgcp-density-cap,1,ns3,899,0.5,10,12,28,,,[],[],5>20:6,,24,34,
2026_07_29_02_32_08,000116,1,all-cluster-heads,docs\doc_workspace\SGCP\artifacts\early_from_late_checkpoint_20260719\enable_coperception_early_from_attentive.yaml,dynamic_cv,grid,utility,utility,none,0,0,,potential_verified_cov_coalition_game,7,,1;2;8;11,1;8;11,8;11,"{""8"": 15, ""11"": 33}","{""1"": 13967, ""8"": 289, ""11"": 660}",15184,5.8731924360400445,10,40.0,60.0,68.0,850000,114784,114784,0.5,sgcp-density-cap,1,ns3,899,0.5,10,12,28,,,[],[],8>1:9;11>1:0,,29,52,
2026_07_29_02_32_08,000116,10,all-cluster-heads,docs\doc_workspace\SGCP\artifacts\early_from_late_checkpoint_20260719\enable_coperception_early_from_attentive.yaml,dynamic_cv,grid,utility,utility,none,0,0,,potential_verified_cov_coalition_game,7,,9;10,10;9,9,"{""9"": 38}","{""9"": 391, ""10"": 13979}",6256,3.4794215795328145,10,40.0,60.0,68.0,850000,114784,114784,0.5,sgcp-density-cap,1,ns3,899,0.5,10,12,28,,,[],[],9>10:1,,22,37,
2026_07_29_02_32_08,000116,12,all-cluster-heads,docs\doc_workspace\SGCP\artifacts\early_from_late_checkpoint_20260719\enable_coperception_early_from_attentive.yaml,dynamic_cv,grid,utility,utility,none,0,0,,potential_verified_cov_coalition_game,7,,4;7;12,12;7,7,"{""7"": 37}","{""7"": 918, ""12"": 14231}",14688,8.169076751946607,10,40.0,60.0,68.0,850000,114784,114784,0.5,sgcp-density-cap,1,ns3,899,0.5,10,12,28,,,[],[],7>12:2,,21,39,
2026_07_29_02_32_08,000116,13,all-cluster-heads,docs\doc_workspace\SGCP\artifacts\early_from_late_checkpoint_20260719\enable_coperception_early_from_attentive.yaml,dynamic_cv,grid,utility,utility,none,0,0,,potential_verified_cov_coalition_game,7,,13;14;19,13;14;19,14;19,"{""14"": 50, ""19"": 20}","{""13"": 13407, ""14"": 1614, ""19"": 306}",30720,14.36262513904338,10,40.0,60.0,68.0,850000,114784,114784,0.5,sgcp-density-cap,1,ns3,899,0.5,10,12,28,,,[],[],14>13:3;19>13:8,,5,25,
2026_07_29_02_32_08,000116,15,all-cluster-heads,docs\doc_workspace\SGCP\artifacts\early_from_late_checkpoint_20260719\enable_coperception_early_from_attentive.yaml,dynamic_cv,grid,utility,utility,none,0,0,,potential_verified_cov_coalition_game,7,,6;15,15;6,6,"{""6"": 47}","{""6"": 926, ""15"": 13632}",14816,8.240266963292548,10,40.0,60.0,68.0,850000,114784,114784,0.5,sgcp-density-cap,1,ns3,899,0.5,10,12,28,,,[],[],6>15:4,,20,28,
2026_07_29_02_32_08,000116,17,all-cluster-heads,docs\doc_workspace\SGCP\artifacts\early_from_late_checkpoint_20260719\enable_coperception_early_from_attentive.yaml,dynamic_cv,grid,utility,utility,none,0,0,,potential_verified_cov_coalition_game,7,,3;16;17;18,17;3;18,3;18,"{""3"": 19, ""18"": 53}","{""3"": 398, ""17"": 14228, ""18"": 1259}",26512,11.203559510567297,10,40.0,60.0,68.0,850000,114784,114784,0.5,sgcp-density-cap,1,ns3,899,0.5,10,12,28,,,[],[],3>17:7;18>17:5,,11,21,
2026_07_29_02_32_08,000116,20,all-cluster-heads,docs\doc_workspace\SGCP\artifacts\early_from_late_checkpoint_20260719\enable_coperception_early_from_attentive.yaml,dynamic_cv,grid,utility,utility,none,0,0,,potential_verified_cov_coalition_game,7,,5;20,20;5,5,"{""5"": 34}","{""5"": 413, ""20"": 13882}",6608,3.675194660734149,10,40.0,60.0,68.0,850000,114784,114784,0.5,sgcp-density-cap,1,ns3,899,0.5,10,12,28,,,[],[],5>20:6,,23,33,
2026_07_29_02_32_08,000118,1,all-cluster-heads,docs\doc_workspace\SGCP\artifacts\early_from_late_checkpoint_20260719\enable_coperception_early_from_attentive.yaml,dynamic_cv,grid,utility,utility,none,0,0,,potential_verified_cov_coalition_game,7,,1;2;8;11,1;8;11,8;11,"{""8"": 15, ""11"": 34}","{""1"": 13967, ""8"": 286, ""11"": 667}",15248,5.935483870967742,10,40.0,60.0,68.0,850000,115520,115520,0.5,sgcp-density-cap,1,ns3,899,0.5,10,12,28,,,[],[],8>1:9;11>1:0,,30,51,
2026_07_29_02_32_08,000118,10,all-cluster-heads,docs\doc_workspace\SGCP\artifacts\early_from_late_checkpoint_20260719\enable_coperception_early_from_attentive.yaml,dynamic_cv,grid,utility,utility,none,0,0,,potential_verified_cov_coalition_game,7,,9;10,10;9,9,"{""9"": 38}","{""9"": 395, ""10"": 13979}",6320,3.5150166852057843,10,40.0,60.0,68.0,850000,115520,115520,0.5,sgcp-density-cap,1,ns3,899,0.5,10,12,28,,,[],[],9>10:1,,24,37,
2026_07_29_02_32_08,000118,12,all-cluster-heads,docs\doc_workspace\SGCP\artifacts\early_from_late_checkpoint_20260719\enable_coperception_early_from_attentive.yaml,dynamic_cv,grid,utility,utility,none,0,0,,potential_verified_cov_coalition_game,7,,4;7;12,12;7,7,"{""7"": 35}","{""7"": 909, ""12"": 14223}",14544,8.088987764182425,10,40.0,60.0,68.0,850000,115520,115520,0.5,sgcp-density-cap,1,ns3,899,0.5,10,12,28,,,[],[],7>12:2,,24,41,
2026_07_29_02_32_08,000118,13,all-cluster-heads,docs\doc_workspace\SGCP\artifacts\early_from_late_checkpoint_20260719\enable_coperception_early_from_attentive.yaml,dynamic_cv,grid,utility,utility,none,0,0,,potential_verified_cov_coalition_game,7,,13;14;19,13;14;19,14;19,"{""14"": 51, ""19"": 21}","{""13"": 13365, ""14"": 1608, ""19"": 306}",30624,14.309232480533927,10,40.0,60.0,68.0,850000,115520,115520,0.5,sgcp-density-cap,1,ns3,899,0.5,10,12,28,,,[],[],14>13:3;19>13:8,,5,25,
2026_07_29_02_32_08,000118,15,all-cluster-heads,docs\doc_workspace\SGCP\artifacts\early_from_late_checkpoint_20260719\enable_coperception_early_from_attentive.yaml,dynamic_cv,grid,utility,utility,none,0,0,,potential_verified_cov_coalition_game,7,,6;15,15;6,6,"{""6"": 46}","{""6"": 949, ""15"": 13659}",15184,8.444938820912125,10,40.0,60.0,68.0,850000,115520,115520,0.5,sgcp-density-cap,1,ns3,899,0.5,10,12,28,,,[],[],6>15:4,,21,28,
2026_07_29_02_32_08,000118,17,all-cluster-heads,docs\doc_workspace\SGCP\artifacts\early_from_late_checkpoint_20260719\enable_coperception_early_from_attentive.yaml,dynamic_cv,grid,utility,utility,none,0,0,,potential_verified_cov_coalition_game,7,,3;16;17;18,17;3;18,3;18,"{""3"": 19, ""18"": 53}","{""3"": 433, ""17"": 14236, ""18"": 1279}",27392,11.381535038932148,10,40.0,60.0,68.0,850000,115520,115520,0.5,sgcp-density-cap,1,ns3,899,0.5,10,12,28,,,[],[],3>17:7;18>17:5,,10,21,
2026_07_29_02_32_08,000118,20,all-cluster-heads,docs\doc_workspace\SGCP\artifacts\early_from_late_checkpoint_20260719\enable_coperception_early_from_attentive.yaml,dynamic_cv,grid,utility,utility,none,0,0,,potential_verified_cov_coalition_game,7,,5;20,20;5,5,"{""5"": 35}","{""5"": 388, ""20"": 13879}",6208,3.4527252502780867,10,40.0,60.0,68.0,850000,115520,115520,0.5,sgcp-density-cap,1,ns3,899,0.5,10,12,28,,,[],[],5>20:6,,25,33,
2026_07_29_02_32_08,000120,1,all-cluster-heads,docs\doc_workspace\SGCP\artifacts\early_from_late_checkpoint_20260719\enable_coperception_early_from_attentive.yaml,dynamic_cv,grid,utility,utility,none,0,0,,potential_verified_cov_coalition_game,7,,1;2;8;11,1;8;11,8;11,"{""8"": 15, ""11"": 35}","{""1"": 13970, ""8"": 287, ""11"": 667}",15264,5.935483870967742,10,40.0,60.0,68.0,850000,115584,115584,0.5,sgcp-density-cap,1,ns3,899,0.5,10,12,28,,,[],[],8>1:9;11>1:0,,30,51,
2026_07_29_02_32_08,000120,10,all-cluster-heads,docs\doc_workspace\SGCP\artifacts\early_from_late_checkpoint_20260719\enable_coperception_early_from_attentive.yaml,dynamic_cv,grid,utility,utility,none,0,0,,potential_verified_cov_coalition_game,7,,9;10,10;9,9,"{""9"": 38}","{""9"": 398, ""10"": 13976}",6368,3.5417130144605116,10,40.0,60.0,68.0,850000,115584,115584,0.5,sgcp-density-cap,1,ns3,899,0.5,10,12,28,,,[],[],9>10:1,,22,37,
2026_07_29_02_32_08,000120,12,all-cluster-heads,docs\doc_workspace\SGCP\artifacts\early_from_late_checkpoint_20260719\enable_coperception_early_from_attentive.yaml,dynamic_cv,grid,utility,utility,none,0,0,,potential_verified_cov_coalition_game,7,,4;7;12,12;7,7,"{""7"": 38}","{""7"": 939, ""12"": 14223}",15024,8.3559510567297,10,40.0,60.0,68.0,850000,115584,115584,0.5,sgcp-density-cap,1,ns3,899,0.5,10,12,28,,,[],[],7>12:2,,24,41,
2026_07_29_02_32_08,000120,13,all-cluster-heads,docs\doc_workspace\SGCP\artifacts\early_from_late_checkpoint_20260719\enable_coperception_early_from_attentive.yaml,dynamic_cv,grid,utility,utility,none,0,0,,potential_verified_cov_coalition_game,7,,13;14;19,13;14;19,14;19,"{""14"": 51, ""19"": 20}","{""13"": 13367, ""14"": 1572, ""19"": 304}",30016,13.988876529477198,10,40.0,60.0,68.0,850000,115584,115584,0.5,sgcp-density-cap,1,ns3,899,0.5,10,12,28,,,[],[],14>13:3;19>13:8,,4,25,
2026_07_29_02_32_08,000120,15,all-cluster-heads,docs\doc_workspace\SGCP\artifacts\early_from_late_checkpoint_20260719\enable_coperception_early_from_attentive.yaml,dynamic_cv,grid,utility,utility,none,0,0,,potential_verified_cov_coalition_game,7,,6;15,15;6,6,"{""6"": 48}","{""6"": 972, ""15"": 13667}",15552,8.649610678531701,10,40.0,60.0,68.0,850000,115584,115584,0.5,sgcp-density-cap,1,ns3,899,0.5,10,12,28,,,[],[],6>15:4,,20,28,
2026_07_29_02_32_08,000120,17,all-cluster-heads,docs\doc_workspace\SGCP\artifacts\early_from_late_checkpoint_20260719\enable_coperception_early_from_attentive.yaml,dynamic_cv,grid,utility,utility,none,0,0,,potential_verified_cov_coalition_game,7,,3;16;17;18,17;3;18,3;18,"{""3"": 21, ""18"": 52}","{""3"": 450, ""17"": 14265, ""18"": 1266}",27456,11.265850945494995,10,40.0,60.0,68.0,850000,115584,115584,0.5,sgcp-density-cap,1,ns3,899,0.5,10,12,28,,,[],[],3>17:7;18>17:5,,10,21,
2026_07_29_02_32_08,000120,20,all-cluster-heads,docs\doc_workspace\SGCP\artifacts\early_from_late_checkpoint_20260719\enable_coperception_early_from_attentive.yaml,dynamic_cv,grid,utility,utility,none,0,0,,potential_verified_cov_coalition_game,7,,5;20,20;5,5,"{""5"": 36}","{""5"": 369, ""20"": 13881}",5904,3.2836484983314795,10,40.0,60.0,68.0,850000,115584,115584,0.5,sgcp-density-cap,1,ns3,899,0.5,10,12,28,,,[],[],5>20:6,,24,33,
2026_07_29_02_32_08,000122,1,all-cluster-heads,docs\doc_workspace\SGCP\artifacts\early_from_late_checkpoint_20260719\enable_coperception_early_from_attentive.yaml,dynamic_cv,grid,utility,utility,none,0,0,,potential_verified_cov_coalition_game,7,,1;2;8;11,1;8;11,8;11,"{""8"": 14, ""11"": 36}","{""1"": 13965, ""8"": 280, ""11"": 668}",15168,5.944382647385984,10,40.0,60.0,68.0,850000,116672,116672,0.5,sgcp-density-cap,1,ns3,899,0.5,10,12,28,,,[],[],8>1:9;11>1:0,,29,50,
2026_07_29_02_32_08,000122,10,all-cluster-heads,docs\doc_workspace\SGCP\artifacts\early_from_late_checkpoint_20260719\enable_coperception_early_from_attentive.yaml,dynamic_cv,grid,utility,utility,none,0,0,,potential_verified_cov_coalition_game,7,,9;10,10;9,9,"{""9"": 38}","{""9"": 396, ""10"": 13976}",6336,3.5239154616240267,10,40.0,60.0,68.0,850000,116672,116672,0.5,sgcp-density-cap,1,ns3,899,0.5,10,12,28,,,[],[],9>10:1,,23,38,
2026_07_29_02_32_08,000122,12,all-cluster-heads,docs\doc_workspace\SGCP\artifacts\early_from_late_checkpoint_20260719\enable_coperception_early_from_attentive.yaml,dynamic_cv,grid,utility,utility,none,0,0,,potential_verified_cov_coalition_game,7,,4;7;12,12;7,7,"{""7"": 39}","{""7"": 949, ""12"": 14209}",15184,8.444938820912125,10,40.0,60.0,68.0,850000,116672,116672,0.5,sgcp-density-cap,1,ns3,899,0.5,10,12,28,,,[],[],7>12:2,,23,41,
2026_07_29_02_32_08,000122,13,all-cluster-heads,docs\doc_workspace\SGCP\artifacts\early_from_late_checkpoint_20260719\enable_coperception_early_from_attentive.yaml,dynamic_cv,grid,utility,utility,none,0,0,,potential_verified_cov_coalition_game,7,,13;14;19,13;14;19,14;19,"{""14"": 48, ""19"": 19}","{""13"": 13373, ""14"": 1557, ""19"": 288}",29520,13.855394883203559,10,40.0,60.0,68.0,850000,116672,116672,0.5,sgcp-density-cap,1,ns3,899,0.5,10,12,28,,,[],[],14>13:3;19>13:8,,4,25,
2026_07_29_02_32_08,000122,15,all-cluster-heads,docs\doc_workspace\SGCP\artifacts\early_from_late_checkpoint_20260719\enable_coperception_early_from_attentive.yaml,dynamic_cv,grid,utility,utility,none,0,0,,potential_verified_cov_coalition_game,7,,6;15,15;6,6,"{""6"": 49}","{""6"": 1001, ""15"": 13668}",16016,8.907675194660735,10,40.0,60.0,68.0,850000,116672,116672,0.5,sgcp-density-cap,1,ns3,899,0.5,10,12,28,,,[],[],6>15:4,,21,29,
2026_07_29_02_32_08,000122,17,all-cluster-heads,docs\doc_workspace\SGCP\artifacts\early_from_late_checkpoint_20260719\enable_coperception_early_from_attentive.yaml,dynamic_cv,grid,utility,utility,none,0,0,,potential_verified_cov_coalition_game,7,,3;16;17;18,17;3;18,3;18,"{""3"": 22, ""18"": 51}","{""3"": 505, ""17"": 14263, ""18"": 1264}",28304,11.248053392658509,10,40.0,60.0,68.0,850000,116672,116672,0.5,sgcp-density-cap,1,ns3,899,0.5,10,12,28,,,[],[],3>17:7;18>17:5,,8,21,
2026_07_29_02_32_08,000122,20,all-cluster-heads,docs\doc_workspace\SGCP\artifacts\early_from_late_checkpoint_20260719\enable_coperception_early_from_attentive.yaml,dynamic_cv,grid,utility,utility,none,0,0,,potential_verified_cov_coalition_game,7,,5;20,20;5,5,"{""5"": 34}","{""5"": 384, ""20"": 13882}",6144,3.417130144605117,10,40.0,60.0,68.0,850000,116672,116672,0.5,sgcp-density-cap,1,ns3,899,0.5,10,12,28,,,[],[],5>20:6,,25,33,
2026_07_29_02_32_08,000124,1,all-cluster-heads,docs\doc_workspace\SGCP\artifacts\early_from_late_checkpoint_20260719\enable_coperception_early_from_attentive.yaml,dynamic_cv,grid,utility,utility,none,0,0,,potential_verified_cov_coalition_game,7,,1;2;8;11,1;8;11,8;11,"{""8"": 13, ""11"": 36}","{""1"": 13963, ""8"": 273, ""11"": 665}",15008,5.917686318131257,10,40.0,60.0,68.0,850000,116672,116672,0.5,sgcp-density-cap,1,ns3,899,0.5,10,12,28,,,[],[],8>1:9;11>1:0,,31,48,
2026_07_29_02_32_08,000124,10,all-cluster-heads,docs\doc_workspace\SGCP\artifacts\early_from_late_checkpoint_20260719\enable_coperception_early_from_attentive.yaml,dynamic_cv,grid,utility,utility,none,0,0,,potential_verified_cov_coalition_game,7,,9;10,10;9,9,"{""9"": 38}","{""9"": 397, ""10"": 13972}",6352,3.532814238042269,10,40.0,60.0,68.0,850000,116672,116672,0.5,sgcp-density-cap,1,ns3,899,0.5,10,12,28,,,[],[],9>10:1,,23,37,
2026_07_29_02_32_08,000124,12,all-cluster-heads,docs\doc_workspace\SGCP\artifacts\early_from_late_checkpoint_20260719\enable_coperception_early_from_attentive.yaml,dynamic_cv,grid,utility,utility,none,0,0,,potential_verified_cov_coalition_game,7,,4;7;12,12;7,7,"{""7"": 38}","{""7"": 942, ""12"": 14179}",15072,8.382647385984427,10,40.0,60.0,68.0,850000,116672,116672,0.5,sgcp-density-cap,1,ns3,899,0.5,10,12,28,,,[],[],7>12:2,,23,40,
2026_07_29_02_32_08,000124,13,all-cluster-heads,docs\doc_workspace\SGCP\artifacts\early_from_late_checkpoint_20260719\enable_coperception_early_from_attentive.yaml,dynamic_cv,grid,utility,utility,none,0,0,,potential_verified_cov_coalition_game,7,,13;14;19,13;14;19,14;19,"{""14"": 49, ""19"": 21}","{""13"": 13342, ""14"": 1521, ""19"": 316}",29392,13.53503893214683,10,40.0,60.0,68.0,850000,116672,116672,0.5,sgcp-density-cap,1,ns3,899,0.5,10,12,28,,,[],[],14>13:3;19>13:8,,3,24,
2026_07_29_02_32_08,000124,15,all-cluster-heads,docs\doc_workspace\SGCP\artifacts\early_from_late_checkpoint_20260719\enable_coperception_early_from_attentive.yaml,dynamic_cv,grid,utility,utility,none,0,0,,potential_verified_cov_coalition_game,7,,6;15,15;6,6,"{""6"": 49}","{""6"": 1019, ""15"": 13675}",16304,9.0678531701891,10,40.0,60.0,68.0,850000,116672,116672,0.5,sgcp-density-cap,1,ns3,899,0.5,10,12,28,,,[],[],6>15:4,,21,30,
2026_07_29_02_32_08,000124,17,all-cluster-heads,docs\doc_workspace\SGCP\artifacts\early_from_late_checkpoint_20260719\enable_coperception_early_from_attentive.yaml,dynamic_cv,grid,utility,utility,none,0,0,,potential_verified_cov_coalition_game,7,,3;16;17;18,17;3;18,3;18,"{""3"": 22, ""18"": 50}","{""3"": 505, ""17"": 14254, ""18"": 1274}",28464,11.337041156840936,10,40.0,60.0,68.0,850000,116672,116672,0.5,sgcp-density-cap,1,ns3,899,0.5,10,12,28,,,[],[],3>17:7;18>17:5,,8,22,
2026_07_29_02_32_08,000124,20,all-cluster-heads,docs\doc_workspace\SGCP\artifacts\early_from_late_checkpoint_20260719\enable_coperception_early_from_attentive.yaml,dynamic_cv,grid,utility,utility,none,0,0,,potential_verified_cov_coalition_game,7,,5;20,20;5,5,"{""5"": 33}","{""5"": 380, ""20"": 13887}",6080,3.381535038932147,10,40.0,60.0,68.0,850000,116672,116672,0.5,sgcp-density-cap,1,ns3,899,0.5,10,12,28,,,[],[],5>20:6,,24,33,
2026_07_29_02_32_08,000126,1,all-cluster-heads,docs\doc_workspace\SGCP\artifacts\early_from_late_checkpoint_20260719\enable_coperception_early_from_attentive.yaml,dynamic_cv,grid,utility,utility,none,0,0,,potential_verified_cov_coalition_game,7,,1;2;8;11,1;8;11,8;11,"{""8"": 13, ""11"": 36}","{""1"": 13963, ""8"": 275, ""11"": 654}",14864,5.81979977753059,10,40.0,60.0,68.0,850000,117040,117040,0.5,sgcp-density-cap,1,ns3,899,0.5,10,12,28,,,[],[],8>1:9;11>1:0,,30,48,
2026_07_29_02_32_08,000126,10,all-cluster-heads,docs\doc_workspace\SGCP\artifacts\early_from_late_checkpoint_20260719\enable_coperception_early_from_attentive.yaml,dynamic_cv,grid,utility,utility,none,0,0,,potential_verified_cov_coalition_game,7,,9;10,10;9,9,"{""9"": 39}","{""9"": 397, ""10"": 13972}",6352,3.532814238042269,10,40.0,60.0,68.0,850000,117040,117040,0.5,sgcp-density-cap,1,ns3,899,0.5,10,12,28,,,[],[],9>10:1,,22,37,
2026_07_29_02_32_08,000126,12,all-cluster-heads,docs\doc_workspace\SGCP\artifacts\early_from_late_checkpoint_20260719\enable_coperception_early_from_attentive.yaml,dynamic_cv,grid,utility,utility,none,0,0,,potential_verified_cov_coalition_game,7,,4;7;12,12;7,7,"{""7"": 40}","{""7"": 941, ""12"": 14162}",15056,8.373748609566185,10,40.0,60.0,68.0,850000,117040,117040,0.5,sgcp-density-cap,1,ns3,899,0.5,10,12,28,,,[],[],7>12:2,,25,40,
2026_07_29_02_32_08,000126,13,all-cluster-heads,docs\doc_workspace\SGCP\artifacts\early_from_late_checkpoint_20260719\enable_coperception_early_from_attentive.yaml,dynamic_cv,grid,utility,utility,none,0,0,,potential_verified_cov_coalition_game,7,,13;14;19,13;14;19,14;19,"{""14"": 47, ""19"": 18}","{""13"": 13344, ""14"": 1458, ""19"": 332}",28640,12.974416017797552,10,40.0,60.0,68.0,850000,117040,117040,0.5,sgcp-density-cap,1,ns3,899,0.5,10,12,28,,,[],[],14>13:3;19>13:8,,4,24,
2026_07_29_02_32_08,000126,15,all-cluster-heads,docs\doc_workspace\SGCP\artifacts\early_from_late_checkpoint_20260719\enable_coperception_early_from_attentive.yaml,dynamic_cv,grid,utility,utility,none,0,0,,potential_verified_cov_coalition_game,7,,6;15,15;6,6,"{""6"": 48}","{""6"": 1030, ""15"": 13678}",16480,9.165739710789767,10,40.0,60.0,68.0,850000,117040,117040,0.5,sgcp-density-cap,1,ns3,899,0.5,10,12,28,,,[],[],6>15:4,,23,31,
2026_07_29_02_32_08,000126,17,all-cluster-heads,docs\doc_workspace\SGCP\artifacts\early_from_late_checkpoint_20260719\enable_coperception_early_from_attentive.yaml,dynamic_cv,grid,utility,utility,none,0,0,,potential_verified_cov_coalition_game,7,,3;16;17;18,17;3;18,3;18,"{""3"": 22, ""18"": 51}","{""3"": 512, ""17"": 14251, ""18"": 1304}",29056,11.604004449388208,10,40.0,60.0,68.0,850000,117040,117040,0.5,sgcp-density-cap,1,ns3,899,0.5,10,12,28,,,[],[],3>17:7;18>17:5,,10,22,
2026_07_29_02_32_08,000126,20,all-cluster-heads,docs\doc_workspace\SGCP\artifacts\early_from_late_checkpoint_20260719\enable_coperception_early_from_attentive.yaml,dynamic_cv,grid,utility,utility,none,0,0,,potential_verified_cov_coalition_game,7,,5;20,20;5,5,"{""5"": 34}","{""5"": 412, ""20"": 13888}",6592,3.6662958843159066,10,40.0,60.0,68.0,850000,117040,117040,0.5,sgcp-density-cap,1,ns3,899,0.5,10,12,28,,,[],[],5>20:6,,26,33,
2026_07_29_02_32_08,000128,1,all-cluster-heads,docs\doc_workspace\SGCP\artifacts\early_from_late_checkpoint_20260719\enable_coperception_early_from_attentive.yaml,dynamic_cv,grid,utility,utility,none,0,0,,potential_verified_cov_coalition_game,7,,1;2;8;11,1;2;11,2;11,"{""2"": 21, ""11"": 36}","{""1"": 13966, ""2"": 303, ""11"": 621}",14784,5.526140155728588,10,40.0,60.0,68.0,850000,117840,117840,0.5,sgcp-density-cap,1,ns3,899,0.5,10,12,28,,,[],[],2>1:9;11>1:0,,31,46,
2026_07_29_02_32_08,000128,10,all-cluster-heads,docs\doc_workspace\SGCP\artifacts\early_from_late_checkpoint_20260719\enable_coperception_early_from_attentive.yaml,dynamic_cv,grid,utility,utility,none,0,0,,potential_verified_cov_coalition_game,7,,9;10,10;9,9,"{""9"": 39}","{""9"": 395, ""10"": 13970}",6320,3.5150166852057843,10,40.0,60.0,68.0,850000,117840,117840,0.5,sgcp-density-cap,1,ns3,899,0.5,10,12,28,,,[],[],9>10:1,,25,37,
2026_07_29_02_32_08,000128,12,all-cluster-heads,docs\doc_workspace\SGCP\artifacts\early_from_late_checkpoint_20260719\enable_coperception_early_from_attentive.yaml,dynamic_cv,grid,utility,utility,none,0,0,,potential_verified_cov_coalition_game,7,,4;7;12,12;7,7,"{""7"": 39}","{""7"": 938, ""12"": 14176}",15008,8.347052280311457,10,40.0,60.0,68.0,850000,117840,117840,0.5,sgcp-density-cap,1,ns3,899,0.5,10,12,28,,,[],[],7>12:2,,24,39,
2026_07_29_02_32_08,000128,13,all-cluster-heads,docs\doc_workspace\SGCP\artifacts\early_from_late_checkpoint_20260719\enable_coperception_early_from_attentive.yaml,dynamic_cv,grid,utility,utility,none,0,0,,potential_verified_cov_coalition_game,7,,13;14;19,13;14;19,14;19,"{""14"": 47, ""19"": 19}","{""13"": 13359, ""14"": 1419, ""19"": 403}",29152,12.627363737486096,10,40.0,60.0,68.0,850000,117840,117840,0.5,sgcp-density-cap,1,ns3,899,0.5,10,12,28,,,[],[],14>13:3;19>13:7,,5,24,
2026_07_29_02_32_08,000128,15,all-cluster-heads,docs\doc_workspace\SGCP\artifacts\early_from_late_checkpoint_20260719\enable_coperception_early_from_attentive.yaml,dynamic_cv,grid,utility,utility,none,0,0,,potential_verified_cov_coalition_game,7,,6;15,15;6,6,"{""6"": 48}","{""6"": 1042, ""15"": 13694}",16672,9.272525027808676,10,40.0,60.0,68.0,850000,117840,117840,0.5,sgcp-density-cap,1,ns3,899,0.5,10,12,28,,,[],[],6>15:4,,21,30,
2026_07_29_02_32_08,000128,17,all-cluster-heads,docs\doc_workspace\SGCP\artifacts\early_from_late_checkpoint_20260719\enable_coperception_early_from_attentive.yaml,dynamic_cv,grid,utility,utility,none,0,0,,potential_verified_cov_coalition_game,7,,3;16;17;18,17;3;18,3;18,"{""3"": 21, ""18"": 51}","{""3"": 499, ""17"": 14246, ""18"": 1317}",29056,11.719688542825361,10,40.0,60.0,68.0,850000,117840,117840,0.5,sgcp-density-cap,1,ns3,899,0.5,10,12,28,,,[],[],3>17:8;18>17:5,,11,22,
2026_07_29_02_32_08,000128,20,all-cluster-heads,docs\doc_workspace\SGCP\artifacts\early_from_late_checkpoint_20260719\enable_coperception_early_from_attentive.yaml,dynamic_cv,grid,utility,utility,none,0,0,,potential_verified_cov_coalition_game,7,,5;20,20;5,5,"{""5"": 36}","{""5"": 428, ""20"": 13891}",6848,3.8086763070077865,10,40.0,60.0,68.0,850000,117840,117840,0.5,sgcp-density-cap,1,ns3,899,0.5,10,12,28,,,[],[],5>20:6,,25,33,
2026_07_29_02_32_08,000130,1,all-cluster-heads,docs\doc_workspace\SGCP\artifacts\early_from_late_checkpoint_20260719\enable_coperception_early_from_attentive.yaml,dynamic_cv,grid,utility,utility,none,0,0,,potential_verified_cov_coalition_game,7,,1;2;8;11,1;8;11,8;11,"{""8"": 12, ""11"": 35}","{""1"": 13963, ""8"": 271, ""11"": 645}",14656,5.7397107897664075,10,40.0,60.0,68.0,850000,118320,118320,0.5,sgcp-density-cap,1,ns3,899,0.5,10,12,28,,,[],[],8>1:9;11>1:0,,29,48,
2026_07_29_02_32_08,000130,10,all-cluster-heads,docs\doc_workspace\SGCP\artifacts\early_from_late_checkpoint_20260719\enable_coperception_early_from_attentive.yaml,dynamic_cv,grid,utility,utility,none,0,0,,potential_verified_cov_coalition_game,7,,9;10,10;9,9,"{""9"": 39}","{""9"": 396, ""10"": 13970}",6336,3.5239154616240267,10,40.0,60.0,68.0,850000,118320,118320,0.5,sgcp-density-cap,1,ns3,899,0.5,10,12,28,,,[],[],9>10:1,,22,37,
2026_07_29_02_32_08,000130,12,all-cluster-heads,docs\doc_workspace\SGCP\artifacts\early_from_late_checkpoint_20260719\enable_coperception_early_from_attentive.yaml,dynamic_cv,grid,utility,utility,none,0,0,,potential_verified_cov_coalition_game,7,,4;7;12,12;7,7,"{""7"": 39}","{""7"": 926, ""12"": 14172}",14816,8.240266963292548,10,40.0,60.0,68.0,850000,118320,118320,0.5,sgcp-density-cap,1,ns3,899,0.5,10,12,28,,,[],[],7>12:2,,21,37,
2026_07_29_02_32_08,000130,13,all-cluster-heads,docs\doc_workspace\SGCP\artifacts\early_from_late_checkpoint_20260719\enable_coperception_early_from_attentive.yaml,dynamic_cv,grid,utility,utility,none,0,0,,potential_verified_cov_coalition_game,7,,13;14;19,13;14;19,14;19,"{""14"": 46, ""19"": 19}","{""13"": 13355, ""14"": 1430, ""19"": 418}",29568,12.725250278086762,10,40.0,60.0,68.0,850000,118320,118320,0.5,sgcp-density-cap,1,ns3,899,0.5,10,12,28,,,[],[],14>13:3;19>13:7,,4,24,
2026_07_29_02_32_08,000130,15,all-cluster-heads,docs\doc_workspace\SGCP\artifacts\early_from_late_checkpoint_20260719\enable_coperception_early_from_attentive.yaml,dynamic_cv,grid,utility,utility,none,0,0,,potential_verified_cov_coalition_game,7,,6;15,15;6,6,"{""6"": 49}","{""6"": 1062, ""15"": 13715}",16992,9.450500556173527,10,40.0,60.0,68.0,850000,118320,118320,0.5,sgcp-density-cap,1,ns3,899,0.5,10,12,28,,,[],[],6>15:4,,21,29,
2026_07_29_02_32_08,000130,17,all-cluster-heads,docs\doc_workspace\SGCP\artifacts\early_from_late_checkpoint_20260719\enable_coperception_early_from_attentive.yaml,dynamic_cv,grid,utility,utility,none,0,0,,potential_verified_cov_coalition_game,7,,3;16;17;18,17;3;18,3;18,"{""3"": 21, ""18"": 50}","{""3"": 491, ""17"": 14246, ""18"": 1337}",29248,11.89766407119021,10,40.0,60.0,68.0,850000,118320,118320,0.5,sgcp-density-cap,1,ns3,899,0.5,10,12,28,,,[],[],3>17:8;18>17:5,,10,21,
2026_07_29_02_32_08,000130,20,all-cluster-heads,docs\doc_workspace\SGCP\artifacts\early_from_late_checkpoint_20260719\enable_coperception_early_from_attentive.yaml,dynamic_cv,grid,utility,utility,none,0,0,,potential_verified_cov_coalition_game,7,,5;20,20;5,5,"{""5"": 34}","{""5"": 419, ""20"": 13896}",6704,3.728587319243604,10,40.0,60.0,68.0,850000,118320,118320,0.5,sgcp-density-cap,1,ns3,899,0.5,10,12,28,,,[],[],5>20:6,,22,32,
2026_07_29_02_32_08,000132,1,all-cluster-heads,docs\doc_workspace\SGCP\artifacts\early_from_late_checkpoint_20260719\enable_coperception_early_from_attentive.yaml,dynamic_cv,grid,utility,utility,none,0,0,,potential_verified_cov_coalition_game,7,,1;2;8;11,1;2;11,2;11,"{""2"": 20, ""11"": 35}","{""1"": 13966, ""2"": 289, ""11"": 612}",14416,5.446051167964405,10,40.0,60.0,68.0,850000,118240,118240,0.5,sgcp-density-cap,1,ns3,899,0.5,10,12,28,,,[],[],2>1:9;11>1:0,,31,45,
2026_07_29_02_32_08,000132,10,all-cluster-heads,docs\doc_workspace\SGCP\artifacts\early_from_late_checkpoint_20260719\enable_coperception_early_from_attentive.yaml,dynamic_cv,grid,utility,utility,none,0,0,,potential_verified_cov_coalition_game,7,,9;10,10;9,9,"{""9"": 39}","{""9"": 393, ""10"": 13969}",6288,3.4972191323692994,10,40.0,60.0,68.0,850000,118240,118240,0.5,sgcp-density-cap,1,ns3,899,0.5,10,12,28,,,[],[],9>10:1,,22,37,
2026_07_29_02_32_08,000132,12,all-cluster-heads,docs\doc_workspace\SGCP\artifacts\early_from_late_checkpoint_20260719\enable_coperception_early_from_attentive.yaml,dynamic_cv,grid,utility,utility,none,0,0,,potential_verified_cov_coalition_game,7,,4;7;12,12;7,7,"{""7"": 40}","{""7"": 927, ""12"": 14167}",14832,8.24916573971079,10,40.0,60.0,68.0,850000,118240,118240,0.5,sgcp-density-cap,1,ns3,899,0.5,10,12,28,,,[],[],7>12:2,,20,36,
2026_07_29_02_32_08,000132,13,all-cluster-heads,docs\doc_workspace\SGCP\artifacts\early_from_late_checkpoint_20260719\enable_coperception_early_from_attentive.yaml,dynamic_cv,grid,utility,utility,none,0,0,,potential_verified_cov_coalition_game,7,,13;14;19,13;14;19,14;19,"{""14"": 46, ""19"": 19}","{""13"": 13368, ""14"": 1383, ""19"": 382}",28240,12.307007786429367,10,40.0,60.0,68.0,850000,118240,118240,0.5,sgcp-density-cap,1,ns3,899,0.5,10,12,28,,,[],[],14>13:3;19>13:8,,5,24,
2026_07_29_02_32_08,000132,15,all-cluster-heads,docs\doc_workspace\SGCP\artifacts\early_from_late_checkpoint_20260719\enable_coperception_early_from_attentive.yaml,dynamic_cv,grid,utility,utility,none,0,0,,potential_verified_cov_coalition_game,7,,6;15,15;6,6,"{""6"": 49}","{""6"": 1107, ""15"": 13706}",17712,9.850945494994438,10,40.0,60.0,68.0,850000,118240,118240,0.5,sgcp-density-cap,1,ns3,899,0.5,10,12,28,,,[],[],6>15:4,,22,29,
2026_07_29_02_32_08,000132,17,all-cluster-heads,docs\doc_workspace\SGCP\artifacts\early_from_late_checkpoint_20260719\enable_coperception_early_from_attentive.yaml,dynamic_cv,grid,utility,utility,none,0,0,,potential_verified_cov_coalition_game,7,,3;16;17;18,17;3;18,3;18,"{""3"": 22, ""18"": 52}","{""3"": 504, ""17"": 14246, ""18"": 1358}",29792,12.084538375973304,10,40.0,60.0,68.0,850000,118240,118240,0.5,sgcp-density-cap,1,ns3,899,0.5,10,12,28,,,[],[],3>17:7;18>17:5,,10,21,
2026_07_29_02_32_08,000132,20,all-cluster-heads,docs\doc_workspace\SGCP\artifacts\early_from_late_checkpoint_20260719\enable_coperception_early_from_attentive.yaml,dynamic_cv,grid,utility,utility,none,0,0,,potential_verified_cov_coalition_game,7,,5;20,20;5,5,"{""5"": 37}","{""5"": 435, ""20"": 13905}",6960,3.870967741935484,10,40.0,60.0,68.0,850000,118240,118240,0.5,sgcp-density-cap,1,ns3,899,0.5,10,12,28,,,[],[],5>20:6,,24,33,
2026_07_29_02_32_08,000134,1,all-cluster-heads,docs\doc_workspace\SGCP\artifacts\early_from_late_checkpoint_20260719\enable_coperception_early_from_attentive.yaml,dynamic_cv,grid,utility,utility,none,0,0,,potential_verified_cov_coalition_game,7,,1;2;8;11,1;2;11,2;11,"{""2"": 20, ""11"": 35}","{""1"": 13962, ""2"": 292, ""11"": 604}",14336,5.374860956618464,10,40.0,60.0,68.0,850000,117616,117616,0.5,sgcp-density-cap,1,ns3,899,0.5,10,12,28,,,[],[],2>1:9;11>1:0,,30,45,
2026_07_29_02_32_08,000134,10,all-cluster-heads,docs\doc_workspace\SGCP\artifacts\early_from_late_checkpoint_20260719\enable_coperception_early_from_attentive.yaml,dynamic_cv,grid,utility,utility,none,0,0,,potential_verified_cov_coalition_game,7,,9;10,10;9,9,"{""9"": 39}","{""9"": 393, ""10"": 13968}",6288,3.4972191323692994,10,40.0,60.0,68.0,850000,117616,117616,0.5,sgcp-density-cap,1,ns3,899,0.5,10,12,28,,,[],[],9>10:1,,22,37,
2026_07_29_02_32_08,000134,12,all-cluster-heads,docs\doc_workspace\SGCP\artifacts\early_from_late_checkpoint_20260719\enable_coperception_early_from_attentive.yaml,dynamic_cv,grid,utility,utility,none,0,0,,potential_verified_cov_coalition_game,7,,4;7;12,12;7,7,"{""7"": 42}","{""7"": 924, ""12"": 14175}",14784,8.222469410456062,10,40.0,60.0,68.0,850000,117616,117616,0.5,sgcp-density-cap,1,ns3,899,0.5,10,12,28,,,[],[],7>12:2,,20,36,
2026_07_29_02_32_08,000134,13,all-cluster-heads,docs\doc_workspace\SGCP\artifacts\early_from_late_checkpoint_20260719\enable_coperception_early_from_attentive.yaml,dynamic_cv,grid,utility,utility,none,0,0,,potential_verified_cov_coalition_game,7,,13;14;19,13;14;19,14;19,"{""14"": 48, ""19"": 19}","{""13"": 13362, ""14"": 1381, ""19"": 386}",28272,12.28921023359288,10,40.0,60.0,68.0,850000,117616,117616,0.5,sgcp-density-cap,1,ns3,899,0.5,10,12,28,,,[],[],14>13:3;19>13:7,,3,24,
2026_07_29_02_32_08,000134,15,all-cluster-heads,docs\doc_workspace\SGCP\artifacts\early_from_late_checkpoint_20260719\enable_coperception_early_from_attentive.yaml,dynamic_cv,grid,utility,utility,none,0,0,,potential_verified_cov_coalition_game,7,,6;15,15;6,6,"{""6"": 47}","{""6"": 1082, ""15"": 13725}",17312,9.628476084538377,10,40.0,60.0,68.0,850000,117616,117616,0.5,sgcp-density-cap,1,ns3,899,0.5,10,12,28,,,[],[],6>15:4,,22,31,
2026_07_29_02_32_08,000134,17,all-cluster-heads,docs\doc_workspace\SGCP\artifacts\early_from_late_checkpoint_20260719\enable_coperception_early_from_attentive.yaml,dynamic_cv,grid,utility,utility,none,0,0,,potential_verified_cov_coalition_game,7,,3;16;17;18,17;3;18,3;18,"{""3"": 21, ""18"": 52}","{""3"": 458, ""17"": 14252, ""18"": 1371}",29264,12.200222469410457,10,40.0,60.0,68.0,850000,117616,117616,0.5,sgcp-density-cap,1,ns3,899,0.5,10,12,28,,,[],[],3>17:8;18>17:5,,11,20,
2026_07_29_02_32_08,000134,20,all-cluster-heads,docs\doc_workspace\SGCP\artifacts\early_from_late_checkpoint_20260719\enable_coperception_early_from_attentive.yaml,dynamic_cv,grid,utility,utility,none,0,0,,potential_verified_cov_coalition_game,7,,5;20,20;5,5,"{""5"": 35}","{""5"": 460, ""20"": 13917}",7360,4.093437152391546,10,40.0,60.0,68.0,850000,117616,117616,0.5,sgcp-density-cap,1,ns3,899,0.5,10,12,28,,,[],[],5>20:6,,24,33,
2026_07_29_02_32_08,000136,1,all-cluster-heads,docs\doc_workspace\SGCP\artifacts\early_from_late_checkpoint_20260719\enable_coperception_early_from_attentive.yaml,dynamic_cv,grid,utility,utility,none,0,0,,potential_verified_cov_coalition_game,6,,1;2;11;15,1;11;15,11;15,"{""11"": 18, ""15"": 33}","{""1"": 13964, ""11"": 406, ""15"": 658}",17024,5.85539488320356,10,40.0,60.0,68.0,850000,131648,131648,0.5,sgcp-density-cap,1,ns3,899,0.5,10,12,28,,,[],[],11>1:8;15>1:0,,30,47,
2026_07_29_02_32_08,000136,4,all-cluster-heads,docs\doc_workspace\SGCP\artifacts\early_from_late_checkpoint_20260719\enable_coperception_early_from_attentive.yaml,dynamic_cv,grid,utility,utility,none,0,0,,potential_verified_cov_coalition_game,6,,4;7;8;12,4;8;12,8;12,"{""8"": 15, ""12"": 32}","{""4"": 13765, ""8"": 367, ""12"": 784}",18416,6.976640711902114,10,40.0,60.0,68.0,850000,131648,131648,0.5,sgcp-density-cap,1,ns3,899,0.5,10,12,28,,,[],[],8>4:6;12>4:1,,26,46,
2026_07_29_02_32_08,000136,10,all-cluster-heads,docs\doc_workspace\SGCP\artifacts\early_from_late_checkpoint_20260719\enable_coperception_early_from_attentive.yaml,dynamic_cv,grid,utility,utility,none,0,0,,potential_verified_cov_coalition_game,6,,6;9;10,10;6,6,"{""6"": 64}","{""6"": 1986, ""10"": 13966}",31776,17.67296996662959,10,40.0,60.0,68.0,850000,131648,131648,0.5,sgcp-density-cap,1,ns3,899,0.5,10,12,28,,,[],[],6>10:2,,30,48,
2026_07_29_02_32_08,000136,13,all-cluster-heads,docs\doc_workspace\SGCP\artifacts\early_from_late_checkpoint_20260719\enable_coperception_early_from_attentive.yaml,dynamic_cv,grid,utility,utility,none,0,0,,potential_verified_cov_coalition_game,6,,13;14;19,13;14;19,14;19,"{""14"": 52, ""19"": 16}","{""13"": 13374, ""14"": 1376, ""19"": 322}",27168,12.244716351501669,10,40.0,60.0,68.0,850000,131648,131648,0.5,sgcp-density-cap,1,ns3,899,0.5,10,12,28,,,[],[],14>13:3;19>13:9,,7,24,
2026_07_29_02_32_08,000136,17,all-cluster-heads,docs\doc_workspace\SGCP\artifacts\early_from_late_checkpoint_20260719\enable_coperception_early_from_attentive.yaml,dynamic_cv,grid,utility,utility,none,0,0,,potential_verified_cov_coalition_game,6,,3;16;17;18,17;3;18,3;18,"{""3"": 20, ""18"": 54}","{""3"": 448, ""17"": 14256, ""18"": 1434}",30112,12.760845383759733,10,40.0,60.0,68.0,850000,131648,131648,0.5,sgcp-density-cap,1,ns3,899,0.5,10,12,28,,,[],[],3>17:7;18>17:4,,10,20,
2026_07_29_02_32_08,000136,20,all-cluster-heads,docs\doc_workspace\SGCP\artifacts\early_from_late_checkpoint_20260719\enable_coperception_early_from_attentive.yaml,dynamic_cv,grid,utility,utility,none,0,0,,potential_verified_cov_coalition_game,6,,5;20,20;5,5,"{""5"": 35}","{""5"": 447, ""20"": 13920}",7152,3.977753058954394,10,40.0,60.0,68.0,850000,131648,131648,0.5,sgcp-density-cap,1,ns3,899,0.5,10,12,28,,,[],[],5>20:5,,23,34,
2026_07_29_02_32_08,000138,1,all-cluster-heads,docs\doc_workspace\SGCP\artifacts\early_from_late_checkpoint_20260719\enable_coperception_early_from_attentive.yaml,dynamic_cv,grid,utility,utility,none,0,0,,potential_verified_cov_coalition_game,6,,1;2;11;15,1;11;15,11;15,"{""11"": 18, ""15"": 33}","{""1"": 13965, ""11"": 402, ""15"": 657}",16944,5.846496106785318,10,40.0,60.0,68.0,850000,132960,132960,0.5,sgcp-density-cap,1,ns3,899,0.5,10,12,28,,,[],[],11>1:9;15>1:0,,31,48,
2026_07_29_02_32_08,000138,4,all-cluster-heads,docs\doc_workspace\SGCP\artifacts\early_from_late_checkpoint_20260719\enable_coperception_early_from_attentive.yaml,dynamic_cv,grid,utility,utility,none,0,0,,potential_verified_cov_coalition_game,6,,4;7;8;12,4;8;12,8;12,"{""8"": 15, ""12"": 32}","{""4"": 13763, ""8"": 367, ""12"": 811}",18848,7.21690767519466,10,40.0,60.0,68.0,850000,132960,132960,0.5,sgcp-density-cap,1,ns3,899,0.5,10,12,28,,,[],[],8>4:6;12>4:1,,26,46,
2026_07_29_02_32_08,000138,10,all-cluster-heads,docs\doc_workspace\SGCP\artifacts\early_from_late_checkpoint_20260719\enable_coperception_early_from_attentive.yaml,dynamic_cv,grid,utility,utility,none,0,0,,potential_verified_cov_coalition_game,6,,6;9;10,10;6,6,"{""6"": 63}","{""6"": 1981, ""10"": 13966}",31696,17.628476084538377,10,40.0,60.0,68.0,850000,132960,132960,0.5,sgcp-density-cap,1,ns3,899,0.5,10,12,28,,,[],[],6>10:2,,33,48,
2026_07_29_02_32_08,000138,13,all-cluster-heads,docs\doc_workspace\SGCP\artifacts\early_from_late_checkpoint_20260719\enable_coperception_early_from_attentive.yaml,dynamic_cv,grid,utility,utility,none,0,0,,potential_verified_cov_coalition_game,6,,13;14;19,13;14;19,14;19,"{""14"": 52, ""19"": 17}","{""13"": 13373, ""14"": 1368, ""19"": 330}",27168,12.173526140155728,10,40.0,60.0,68.0,850000,132960,132960,0.5,sgcp-density-cap,1,ns3,899,0.5,10,12,28,,,[],[],14>13:3;19>13:8,,1,24,
2026_07_29_02_32_08,000138,17,all-cluster-heads,docs\doc_workspace\SGCP\artifacts\early_from_late_checkpoint_20260719\enable_coperception_early_from_attentive.yaml,dynamic_cv,grid,utility,utility,none,0,0,,potential_verified_cov_coalition_game,6,,3;16;17;18,17;3;18,3;18,"{""3"": 19, ""18"": 52}","{""3"": 452, ""17"": 14254, ""18"": 1456}",30528,12.956618464961068,10,40.0,60.0,68.0,850000,132960,132960,0.5,sgcp-density-cap,1,ns3,899,0.5,10,12,28,,,[],[],3>17:7;18>17:4,,11,20,
2026_07_29_02_32_08,000138,20,all-cluster-heads,docs\doc_workspace\SGCP\artifacts\early_from_late_checkpoint_20260719\enable_coperception_early_from_attentive.yaml,dynamic_cv,grid,utility,utility,none,0,0,,potential_verified_cov_coalition_game,6,,5;20,20;5,5,"{""5"": 35}","{""5"": 486, ""20"": 13925}",7776,4.3248053392658505,10,40.0,60.0,68.0,850000,132960,132960,0.5,sgcp-density-cap,1,ns3,899,0.5,10,12,28,,,[],[],5>20:5,,23,34,
2026_07_29_02_32_08,000140,1,all-cluster-heads,docs\doc_workspace\SGCP\artifacts\early_from_late_checkpoint_20260719\enable_coperception_early_from_attentive.yaml,dynamic_cv,grid,utility,utility,none,0,0,,potential_verified_cov_coalition_game,6,,1;2;11;15,1;11;15,11;15,"{""11"": 17, ""15"": 32}","{""1"": 13965, ""11"": 391, ""15"": 654}",16720,5.81979977753059,10,40.0,60.0,68.0,850000,134576,134576,0.5,sgcp-density-cap,1,ns3,899,0.5,10,12,28,,,[],[],11>1:9;15>1:0,,33,48,
2026_07_29_02_32_08,000140,4,all-cluster-heads,docs\doc_workspace\SGCP\artifacts\early_from_late_checkpoint_20260719\enable_coperception_early_from_attentive.yaml,dynamic_cv,grid,utility,utility,none,0,0,,potential_verified_cov_coalition_game,6,,4;7;8;12,4;8;12,8;12,"{""8"": 15, ""12"": 32}","{""4"": 13760, ""8"": 368, ""12"": 837}",19280,7.448275862068965,10,40.0,60.0,68.0,850000,134576,134576,0.5,sgcp-density-cap,1,ns3,899,0.5,10,12,28,,,[],[],8>4:6;12>4:1,,26,45,
2026_07_29_02_32_08,000140,10,all-cluster-heads,docs\doc_workspace\SGCP\artifacts\early_from_late_checkpoint_20260719\enable_coperception_early_from_attentive.yaml,dynamic_cv,grid,utility,utility,none,0,0,,potential_verified_cov_coalition_game,6,,6;9;10,10;6,6,"{""6"": 61}","{""6"": 1968, ""10"": 13967}",31488,17.512791991101224,10,40.0,60.0,68.0,850000,134576,134576,0.5,sgcp-density-cap,1,ns3,899,0.5,10,12,28,,,[],[],6>10:2,,32,47,
2026_07_29_02_32_08,000140,13,all-cluster-heads,docs\doc_workspace\SGCP\artifacts\early_from_late_checkpoint_20260719\enable_coperception_early_from_attentive.yaml,dynamic_cv,grid,utility,utility,none,0,0,,potential_verified_cov_coalition_game,6,,13;14;19,13;14;19,14;19,"{""14"": 53, ""19"": 18}","{""13"": 13344, ""14"": 1375, ""19"": 368}",27888,12.235817575083427,10,40.0,60.0,68.0,850000,134576,134576,0.5,sgcp-density-cap,1,ns3,899,0.5,10,12,28,,,[],[],14>13:3;19>13:7,,4,24,
2026_07_29_02_32_08,000140,17,all-cluster-heads,docs\doc_workspace\SGCP\artifacts\early_from_late_checkpoint_20260719\enable_coperception_early_from_attentive.yaml,dynamic_cv,grid,utility,utility,none,0,0,,potential_verified_cov_coalition_game,6,,3;16;17;18,17;3;18,3;18,"{""3"": 20, ""18"": 54}","{""3"": 442, ""17"": 14258, ""18"": 1487}",30864,13.232480533926585,10,40.0,60.0,68.0,850000,134576,134576,0.5,sgcp-density-cap,1,ns3,899,0.5,10,12,28,,,[],[],3>17:8;18>17:4,,11,20,
2026_07_29_02_32_08,000140,20,all-cluster-heads,docs\doc_workspace\SGCP\artifacts\early_from_late_checkpoint_20260719\enable_coperception_early_from_attentive.yaml,dynamic_cv,grid,utility,utility,none,0,0,,potential_verified_cov_coalition_game,6,,5;20,20;5,5,"{""5"": 34}","{""5"": 521, ""20"": 13922}",8336,4.636262513904338,10,40.0,60.0,68.0,850000,134576,134576,0.5,sgcp-density-cap,1,ns3,899,0.5,10,12,28,,,[],[],5>20:5,,22,34,
