Format = auto
Extension = pcd
Format = auto
Extension = pcd
Format = auto
Extension = pcd
Format = auto
Extension = pcd
Format = auto
Extension = pcd
Format = auto
Extension = pcd
Format = auto
Extension = pcd
Format = auto
Extension = pcd
Format = auto
Extension = pcd
Format = auto
Extension = pcd
Format = auto
Extension = pcd
Format = auto
Extension = pcd
Format = auto
Extension = pcd
Format = auto
Extension = pcd
Format = auto
Extension = pcd
Format = auto
Extension = pcd
Format = auto
Extension = pcd
Format = auto
Extension = pcd
Format = auto
Extension = pcd
Format = auto
Extension = pcd
Format = auto
Extension = pcd
Format = auto
Extension = pcd
Format = auto
Extension = pcd
Format = auto
Extension = pcd
Format = auto
Extension = pcd
Format = auto
Extension = pcd
Format = auto
Extension = pcd
Format = auto
Extension = pcd
Format = auto
Extension = pcd
Format = auto
Extension = pcd
Format = auto
Extension = pcd
Format = auto
Extension = pcd
Format = auto
Extension = pcd
Format = auto
Extension = pcd
Format = auto
Extension = pcd
Format = auto
Extension = pcd
Format = auto
Extension = pcd
Format = auto
Extension = pcd
Format = auto
Extension = pcd
Format = auto
Extension = pcd
resuming by loading epoch 10000
frame=1/41 receiver_sample=1/20 scenario=2026_07_29_02_32_08 timestamp=000060 cavs=[1, 2, 8, 11]
sgcp_constrained receiver=1 policy=all-cavs sources=[1, 2, 8, 11] clusters=20 ra=selective_edgecooper_global_pmax comm_bytes=24784 selected_grids={2: 3, 8: 3, 11: 4}
fusion_method=early pred_boxes=25 gt_boxes=52
pred_scores_shape=(25,)
frame=1/41 receiver_sample=2/20 scenario=2026_07_29_02_32_08 timestamp=000060 cavs=[2, 1, 10, 11]
sgcp_constrained receiver=2 policy=all-cavs sources=[2, 1, 10, 11] clusters=20 ra=selective_edgecooper_global_pmax comm_bytes=25184 selected_grids={1: 4, 10: 4, 11: 3}
fusion_method=early pred_boxes=25 gt_boxes=56
pred_scores_shape=(25,)
frame=1/41 receiver_sample=3/20 scenario=2026_07_29_02_32_08 timestamp=000060 cavs=[3, 17, 18]
sgcp_constrained receiver=3 policy=all-cavs sources=[3, 17, 18] clusters=20 ra=selective_edgecooper_global_pmax comm_bytes=13520 selected_grids={17: 4, 18: 4}
fusion_method=early pred_boxes=19 gt_boxes=30
pred_scores_shape=(19,)
frame=1/41 receiver_sample=4/20 scenario=2026_07_29_02_32_08 timestamp=000060 cavs=[4, 1, 7, 12]
sgcp_constrained receiver=4 policy=all-cavs sources=[4, 1, 7, 12] clusters=20 ra=selective_edgecooper_global_pmax comm_bytes=20336 selected_grids={1: 4, 7: 3, 12: 3}
fusion_method=early pred_boxes=24 gt_boxes=55
pred_scores_shape=(24,)
frame=1/41 receiver_sample=5/20 scenario=2026_07_29_02_32_08 timestamp=000060 cavs=[5, 7, 13, 20]
sgcp_constrained receiver=5 policy=all-cavs sources=[5, 7, 13, 20] clusters=20 ra=selective_edgecooper_global_pmax comm_bytes=20480 selected_grids={7: 4, 13: 3, 20: 3}
fusion_method=early pred_boxes=20 gt_boxes=43
pred_scores_shape=(20,)
frame=1/41 receiver_sample=6/20 scenario=2026_07_29_02_32_08 timestamp=000060 cavs=[6, 15]
sgcp_constrained receiver=6 policy=all-cavs sources=[6, 15] clusters=20 ra=selective_edgecooper_global_pmax comm_bytes=9520 selected_grids={15: 4}
fusion_method=early pred_boxes=13 gt_boxes=21
pred_scores_shape=(13,)
frame=1/41 receiver_sample=7/20 scenario=2026_07_29_02_32_08 timestamp=000060 cavs=[7, 4, 12, 20]
sgcp_constrained receiver=7 policy=all-cavs sources=[7, 4, 12, 20] clusters=20 ra=selective_edgecooper_global_pmax comm_bytes=21344 selected_grids={4: 3, 12: 4, 20: 4}
fusion_method=early pred_boxes=27 gt_boxes=45
pred_scores_shape=(27,)
frame=1/41 receiver_sample=8/20 scenario=2026_07_29_02_32_08 timestamp=000060 cavs=[8, 1, 4, 11]
sgcp_constrained receiver=8 policy=all-cavs sources=[8, 1, 4, 11] clusters=20 ra=selective_edgecooper_global_pmax comm_bytes=21840 selected_grids={1: 3, 4: 3, 11: 3}
fusion_method=early pred_boxes=23 gt_boxes=47
pred_scores_shape=(23,)
frame=1/41 receiver_sample=9/20 scenario=2026_07_29_02_32_08 timestamp=000060 cavs=[9, 5, 13, 19]
sgcp_constrained receiver=9 policy=all-cavs sources=[9, 5, 13, 19] clusters=20 ra=selective_edgecooper_global_pmax comm_bytes=20320 selected_grids={5: 4, 13: 3, 19: 3}
fusion_method=early pred_boxes=21 gt_boxes=46
pred_scores_shape=(21,)
frame=1/41 receiver_sample=10/20 scenario=2026_07_29_02_32_08 timestamp=000060 cavs=[10, 8, 16, 19]
sgcp_constrained receiver=10 policy=all-cavs sources=[10, 8, 16, 19] clusters=20 ra=selective_edgecooper_global_pmax comm_bytes=21600 selected_grids={8: 4, 16: 3, 19: 4}
fusion_method=early pred_boxes=24 gt_boxes=53
pred_scores_shape=(24,)
frame=1/41 receiver_sample=11/20 scenario=2026_07_29_02_32_08 timestamp=000060 cavs=[11, 2, 8, 9]
sgcp_constrained receiver=11 policy=all-cavs sources=[11, 2, 8, 9] clusters=20 ra=selective_edgecooper_global_pmax comm_bytes=22800 selected_grids={2: 3, 8: 4, 9: 4}
fusion_method=early pred_boxes=25 gt_boxes=57
pred_scores_shape=(25,)
frame=1/41 receiver_sample=12/20 scenario=2026_07_29_02_32_08 timestamp=000060 cavs=[12, 4, 7]
sgcp_constrained receiver=12 policy=all-cavs sources=[12, 4, 7] clusters=20 ra=selective_edgecooper_global_pmax comm_bytes=12960 selected_grids={4: 3, 7: 4}
fusion_method=early pred_boxes=22 gt_boxes=47
pred_scores_shape=(22,)
frame=1/41 receiver_sample=13/20 scenario=2026_07_29_02_32_08 timestamp=000060 cavs=[13, 5, 10, 19]
sgcp_constrained receiver=13 policy=all-cavs sources=[13, 5, 10, 19] clusters=20 ra=selective_edgecooper_global_pmax comm_bytes=14976 selected_grids={5: 4, 10: 3, 19: 3}
fusion_method=early pred_boxes=12 gt_boxes=44
pred_scores_shape=(12,)
frame=1/41 receiver_sample=14/20 scenario=2026_07_29_02_32_08 timestamp=000060 cavs=[14]
sgcp_constrained receiver=14 policy=all-cavs sources=[14] clusters=20 ra=selective_edgecooper_global_pmax comm_bytes=0 selected_grids={}
fusion_method=early pred_boxes=3 gt_boxes=5
pred_scores_shape=(3,)
frame=1/41 receiver_sample=15/20 scenario=2026_07_29_02_32_08 timestamp=000060 cavs=[15, 6]
sgcp_constrained receiver=15 policy=all-cavs sources=[15, 6] clusters=20 ra=selective_edgecooper_global_pmax comm_bytes=11296 selected_grids={6: 4}
fusion_method=early pred_boxes=17 gt_boxes=21
pred_scores_shape=(17,)
frame=1/41 receiver_sample=16/20 scenario=2026_07_29_02_32_08 timestamp=000060 cavs=[16, 3, 10, 20]
sgcp_constrained receiver=16 policy=all-cavs sources=[16, 3, 10, 20] clusters=20 ra=selective_edgecooper_global_pmax comm_bytes=23712 selected_grids={3: 3, 10: 4, 20: 3}
fusion_method=early pred_boxes=30 gt_boxes=60
pred_scores_shape=(30,)
frame=1/41 receiver_sample=17/20 scenario=2026_07_29_02_32_08 timestamp=000060 cavs=[17, 3, 18]
sgcp_constrained receiver=17 policy=all-cavs sources=[17, 3, 18] clusters=20 ra=selective_edgecooper_global_pmax comm_bytes=11824 selected_grids={3: 4, 18: 4}
fusion_method=early pred_boxes=17 gt_boxes=30
pred_scores_shape=(17,)
frame=1/41 receiver_sample=18/20 scenario=2026_07_29_02_32_08 timestamp=000060 cavs=[18, 3, 17]
sgcp_constrained receiver=18 policy=all-cavs sources=[18, 3, 17] clusters=20 ra=selective_edgecooper_global_pmax comm_bytes=16048 selected_grids={3: 4, 17: 4}
fusion_method=early pred_boxes=16 gt_boxes=30
pred_scores_shape=(16,)
frame=1/41 receiver_sample=19/20 scenario=2026_07_29_02_32_08 timestamp=000060 cavs=[19, 9, 13, 16]
sgcp_constrained receiver=19 policy=all-cavs sources=[19, 9, 13, 16] clusters=20 ra=selective_edgecooper_global_pmax comm_bytes=23664 selected_grids={9: 3, 13: 4, 16: 4}
fusion_method=early pred_boxes=17 gt_boxes=43
pred_scores_shape=(17,)
frame=1/41 receiver_sample=20/20 scenario=2026_07_29_02_32_08 timestamp=000060 cavs=[20, 5, 9, 16]
sgcp_constrained receiver=20 policy=all-cavs sources=[20, 5, 9, 16] clusters=20 ra=selective_edgecooper_global_pmax comm_bytes=23392 selected_grids={5: 3, 9: 4, 16: 3}
fusion_method=early pred_boxes=24 gt_boxes=48
pred_scores_shape=(24,)
frame=2/41 receiver_sample=1/20 scenario=2026_07_29_02_32_08 timestamp=000062 cavs=[1, 2, 8, 11]
sgcp_constrained receiver=1 policy=all-cavs sources=[1, 2, 8, 11] clusters=20 ra=selective_edgecooper_global_pmax comm_bytes=22208 selected_grids={2: 4, 8: 3, 11: 4}
fusion_method=early pred_boxes=26 gt_boxes=53
pred_scores_shape=(26,)
frame=2/41 receiver_sample=2/20 scenario=2026_07_29_02_32_08 timestamp=000062 cavs=[2, 1, 10, 11]
sgcp_constrained receiver=2 policy=all-cavs sources=[2, 1, 10, 11] clusters=20 ra=selective_edgecooper_global_pmax comm_bytes=23616 selected_grids={1: 3, 10: 4, 11: 3}
fusion_method=early pred_boxes=28 gt_boxes=57
pred_scores_shape=(28,)
frame=2/41 receiver_sample=3/20 scenario=2026_07_29_02_32_08 timestamp=000062 cavs=[3, 17, 18]
sgcp_constrained receiver=3 policy=all-cavs sources=[3, 17, 18] clusters=20 ra=selective_edgecooper_global_pmax comm_bytes=13424 selected_grids={17: 4, 18: 4}
fusion_method=early pred_boxes=20 gt_boxes=31
pred_scores_shape=(20,)
frame=2/41 receiver_sample=4/20 scenario=2026_07_29_02_32_08 timestamp=000062 cavs=[4, 1, 7, 12]
sgcp_constrained receiver=4 policy=all-cavs sources=[4, 1, 7, 12] clusters=20 ra=selective_edgecooper_global_pmax comm_bytes=20320 selected_grids={1: 4, 7: 3, 12: 3}
fusion_method=early pred_boxes=23 gt_boxes=57
pred_scores_shape=(23,)
frame=2/41 receiver_sample=5/20 scenario=2026_07_29_02_32_08 timestamp=000062 cavs=[5, 7, 13, 20]
sgcp_constrained receiver=5 policy=all-cavs sources=[5, 7, 13, 20] clusters=20 ra=selective_edgecooper_global_pmax comm_bytes=20512 selected_grids={7: 4, 13: 3, 20: 3}Format = auto
Extension = pcd
Format = auto
Extension = pcd
Format = auto
Extension = pcd
Format = auto
Extension = pcd
Format = auto
Extension = pcd
Format = auto
Extension = pcd
Format = auto
Extension = pcd
Format = auto
Extension = pcd
Format = auto
Extension = pcd
Format = auto
Extension = pcd
Format = auto
Extension = pcd
Format = auto
Extension = pcd
Format = auto
Extension = pcd
Format = auto
Extension = pcd
Format = auto
Extension = pcd
Format = auto
Extension = pcd
Format = auto
Extension = pcd
Format = auto
Extension = pcd
Format = auto
Extension = pcd
Format = auto
Extension = pcd

fusion_method=early pred_boxes=21 gt_boxes=43
pred_scores_shape=(21,)
frame=2/41 receiver_sample=6/20 scenario=2026_07_29_02_32_08 timestamp=000062 cavs=[6, 15]
sgcp_constrained receiver=6 policy=all-cavs sources=[6, 15] clusters=20 ra=selective_edgecooper_global_pmax comm_bytes=9056 selected_grids={15: 4}
fusion_method=early pred_boxes=13 gt_boxes=21
pred_scores_shape=(13,)
frame=2/41 receiver_sample=7/20 scenario=2026_07_29_02_32_08 timestamp=000062 cavs=[7, 4, 12, 20]
sgcp_constrained receiver=7 policy=all-cavs sources=[7, 4, 12, 20] clusters=20 ra=selective_edgecooper_global_pmax comm_bytes=22544 selected_grids={4: 4, 12: 4, 20: 3}
fusion_method=early pred_boxes=27 gt_boxes=44
pred_scores_shape=(27,)
frame=2/41 receiver_sample=8/20 scenario=2026_07_29_02_32_08 timestamp=000062 cavs=[8, 1, 2, 4]
sgcp_constrained receiver=8 policy=all-cavs sources=[8, 1, 2, 4] clusters=20 ra=selective_edgecooper_global_pmax comm_bytes=26464 selected_grids={1: 3, 2: 4, 4: 3}
fusion_method=early pred_boxes=23 gt_boxes=47
pred_scores_shape=(23,)
frame=2/41 receiver_sample=9/20 scenario=2026_07_29_02_32_08 timestamp=000062 cavs=[9, 5, 13, 19]
sgcp_constrained receiver=9 policy=all-cavs sources=[9, 5, 13, 19] clusters=20 ra=selective_edgecooper_global_pmax comm_bytes=20144 selected_grids={5: 4, 13: 3, 19: 3}
fusion_method=early pred_boxes=21 gt_boxes=45
pred_scores_shape=(21,)
frame=2/41 receiver_sample=10/20 scenario=2026_07_29_02_32_08 timestamp=000062 cavs=[10, 8, 16, 19]
sgcp_constrained receiver=10 policy=all-cavs sources=[10, 8, 16, 19] clusters=20 ra=selective_edgecooper_global_pmax comm_bytes=21872 selected_grids={8: 4, 16: 3, 19: 4}
fusion_method=early pred_boxes=23 gt_boxes=54
pred_scores_shape=(23,)
frame=2/41 receiver_sample=11/20 scenario=2026_07_29_02_32_08 timestamp=000062 cavs=[11, 2, 8, 9]
sgcp_constrained receiver=11 policy=all-cavs sources=[11, 2, 8, 9] clusters=20 ra=selective_edgecooper_global_pmax comm_bytes=22720 selected_grids={2: 3, 8: 4, 9: 4}
fusion_method=early pred_boxes=21 gt_boxes=58
pred_scores_shape=(21,)
frame=2/41 receiver_sample=12/20 scenario=2026_07_29_02_32_08 timestamp=000062 cavs=[12, 4, 7]
sgcp_constrained receiver=12 policy=all-cavs sources=[12, 4, 7] clusters=20 ra=selective_edgecooper_global_pmax comm_bytes=10256 selected_grids={4: 3, 7: 4}
fusion_method=early pred_boxes=17 gt_boxes=47
pred_scores_shape=(17,)
frame=2/41 receiver_sample=13/20 scenario=2026_07_29_02_32_08 timestamp=000062 cavs=[13, 5, 10, 19]
sgcp_constrained receiver=13 policy=all-cavs sources=[13, 5, 10, 19] clusters=20 ra=selective_edgecooper_global_pmax comm_bytes=15088 selected_grids={5: 4, 10: 3, 19: 3}
fusion_method=early pred_boxes=15 gt_boxes=44
pred_scores_shape=(15,)
frame=2/41 receiver_sample=14/20 scenario=2026_07_29_02_32_08 timestamp=000062 cavs=[14]
sgcp_constrained receiver=14 policy=all-cavs sources=[14] clusters=20 ra=selective_edgecooper_global_pmax comm_bytes=0 selected_grids={}
fusion_method=early pred_boxes=3 gt_boxes=6
pred_scores_shape=(3,)
frame=2/41 receiver_sample=15/20 scenario=2026_07_29_02_32_08 timestamp=000062 cavs=[15, 6]
sgcp_constrained receiver=15 policy=all-cavs sources=[15, 6] clusters=20 ra=selective_edgecooper_global_pmax comm_bytes=11200 selected_grids={6: 4}
fusion_method=early pred_boxes=16 gt_boxes=21
pred_scores_shape=(16,)
frame=2/41 receiver_sample=16/20 scenario=2026_07_29_02_32_08 timestamp=000062 cavs=[16, 3, 10, 20]
sgcp_constrained receiver=16 policy=all-cavs sources=[16, 3, 10, 20] clusters=20 ra=selective_edgecooper_global_pmax comm_bytes=25840 selected_grids={3: 4, 10: 4, 20: 4}
fusion_method=early pred_boxes=30 gt_boxes=58
pred_scores_shape=(30,)
frame=2/41 receiver_sample=17/20 scenario=2026_07_29_02_32_08 timestamp=000062 cavs=[17, 3, 18]
sgcp_constrained receiver=17 policy=all-cavs sources=[17, 3, 18] clusters=20 ra=selective_edgecooper_global_pmax comm_bytes=11664 selected_grids={3: 3, 18: 4}
fusion_method=early pred_boxes=21 gt_boxes=31
pred_scores_shape=(21,)
frame=2/41 receiver_sample=18/20 scenario=2026_07_29_02_32_08 timestamp=000062 cavs=[18, 3, 17]
sgcp_constrained receiver=18 policy=all-cavs sources=[18, 3, 17] clusters=20 ra=selective_edgecooper_global_pmax comm_bytes=17872 selected_grids={3: 4, 17: 3}
fusion_method=early pred_boxes=16 gt_boxes=31
pred_scores_shape=(16,)
frame=2/41 receiver_sample=19/20 scenario=2026_07_29_02_32_08 timestamp=000062 cavs=[19, 9, 13, 16]
sgcp_constrained receiver=19 policy=all-cavs sources=[19, 9, 13, 16] clusters=20 ra=selective_edgecooper_global_pmax comm_bytes=21424 selected_grids={9: 3, 13: 4, 16: 3}
fusion_method=early pred_boxes=12 gt_boxes=43
pred_scores_shape=(12,)
frame=2/41 receiver_sample=20/20 scenario=2026_07_29_02_32_08 timestamp=000062 cavs=[20, 5, 9, 16]
sgcp_constrained receiver=20 policy=all-cavs sources=[20, 5, 9, 16] clusters=20 ra=selective_edgecooper_global_pmax comm_bytes=23376 selected_grids={5: 3, 9: 4, 16: 3}
fusion_method=early pred_boxes=26 gt_boxes=49
pred_scores_shape=(26,)
frame=3/41 receiver_sample=1/20 scenario=2026_07_29_02_32_08 timestamp=000064 cavs=[1, 2, 8, 11]
sgcp_constrained receiver=1 policy=all-cavs sources=[1, 2, 8, 11] clusters=20 ra=selective_edgecooper_global_pmax comm_bytes=18640 selected_grids={2: 4, 8: 3, 11: 3}
fusion_method=early pred_boxes=23 gt_boxes=53
pred_scores_shape=(23,)
frame=3/41 receiver_sample=2/20 scenario=2026_07_29_02_32_08 timestamp=000064 cavs=[2, 1, 10, 11]
sgcp_constrained receiver=2 policy=all-cavs sources=[2, 1, 10, 11] clusters=20 ra=selective_edgecooper_global_pmax comm_bytes=23600 selected_grids={1: 3, 10: 4, 11: 3}
fusion_method=early pred_boxes=26 gt_boxes=57
pred_scores_shape=(26,)
frame=3/41 receiver_sample=3/20 scenario=2026_07_29_02_32_08 timestamp=000064 cavs=[3, 16, 17, 18]
sgcp_constrained receiver=3 policy=all-cavs sources=[3, 16, 17, 18] clusters=20 ra=selective_edgecooper_global_pmax comm_bytes=21376 selected_grids={16: 4, 17: 3, 18: 4}
fusion_method=early pred_boxes=21 gt_boxes=48
pred_scores_shape=(21,)
frame=3/41 receiver_sample=4/20 scenario=2026_07_29_02_32_08 timestamp=000064 cavs=[4, 1, 7, 12]
sgcp_constrained receiver=4 policy=all-cavs sources=[4, 1, 7, 12] clusters=20 ra=selective_edgecooper_global_pmax comm_bytes=22224 selected_grids={1: 4, 7: 3, 12: 4}
fusion_method=early pred_boxes=20 gt_boxes=57
pred_scores_shape=(20,)
frame=3/41 receiver_sample=5/20 scenario=2026_07_29_02_32_08 timestamp=000064 cavs=[5, 7, 13, 20]
sgcp_constrained receiver=5 policy=all-cavs sources=[5, 7, 13, 20] clusters=20 ra=selective_edgecooper_global_pmax comm_bytes=17936 selected_grids={7: 3, 13: 3, 20: 3}
fusion_method=early pred_boxes=19 gt_boxes=42
pred_scores_shape=(19,)
frame=3/41 receiver_sample=6/20 scenario=2026_07_29_02_32_08 timestamp=000064 cavs=[6, 15]
sgcp_constrained receiver=6 policy=all-cavs sources=[6, 15] clusters=20 ra=selective_edgecooper_global_pmax comm_bytes=8688 selected_grids={15: 4}
fusion_method=early pred_boxes=13 gt_boxes=21
pred_scores_shape=(13,)
frame=3/41 receiver_sample=7/20 scenario=2026_07_29_02_32_08 timestamp=000064 cavs=[7, 4, 5, 12]
sgcp_constrained receiver=7 policy=all-cavs sources=[7, 4, 5, 12] clusters=20 ra=selective_edgecooper_global_pmax comm_bytes=23728 selected_grids={4: 4, 5: 4, 12: 4}
fusion_method=early pred_boxes=26 gt_boxes=47
pred_scores_shape=(26,)
frame=3/41 receiver_sample=8/20 scenario=2026_07_29_02_32_08 timestamp=000064 cavs=[8, 1, 2, 4]
sgcp_constrained receiver=8 policy=all-cavs sources=[8, 1, 2, 4] clusters=20 ra=selective_edgecooper_global_pmax comm_bytes=23936 selected_grids={1: 3, 2: 4, 4: 3}
fusion_method=early pred_boxes=24 gt_boxes=47
pred_scores_shape=(24,)
frame=3/41 receiver_sample=9/20 scenario=2026_07_29_02_32_08 timestamp=000064 cavs=[9, 11, 13, 19]
sgcp_constrained receiver=9 policy=all-cavs sources=[9, 11, 13, 19] clusters=20 ra=selective_edgecooper_global_pmax comm_bytes=22144 selected_grids={11: 4, 13: 3, 19: 3}
fusion_method=early pred_boxes=24 gt_boxes=44
pred_scores_shape=(24,)
frame=3/41 receiver_sample=10/20 scenario=2026_07_29_02_32_08 timestamp=000064 cavs=[10, 8, 16, 19]
sgcp_constrained receiver=10 policy=all-cavs sources=[10, 8, 16, 19] clusters=20 ra=selective_edgecooper_global_pmax comm_bytes=22032 selected_grids={8: 4, 16: 3, 19: 4}Format = auto
Extension = pcd
Format = auto
Extension = pcd
Format = auto
Extension = pcd
Format = auto
Extension = pcd
Format = auto
Extension = pcd
Format = auto
Extension = pcd
Format = auto
Extension = pcd
Format = auto
Extension = pcd
Format = auto
Extension = pcd
Format = auto
Extension = pcd
Format = auto
Extension = pcd
Format = auto
Extension = pcd
Format = auto
Extension = pcd
Format = auto
Extension = pcd
Format = auto
Extension = pcd
Format = auto
Extension = pcd
Format = auto
Extension = pcd
Format = auto
Extension = pcd
Format = auto
Extension = pcd
Format = auto
Extension = pcd

fusion_method=early pred_boxes=22 gt_boxes=55
pred_scores_shape=(22,)
frame=3/41 receiver_sample=11/20 scenario=2026_07_29_02_32_08 timestamp=000064 cavs=[11, 2, 8, 9]
sgcp_constrained receiver=11 policy=all-cavs sources=[11, 2, 8, 9] clusters=20 ra=selective_edgecooper_global_pmax comm_bytes=22624 selected_grids={2: 3, 8: 4, 9: 4}
fusion_method=early pred_boxes=25 gt_boxes=58
pred_scores_shape=(25,)
frame=3/41 receiver_sample=12/20 scenario=2026_07_29_02_32_08 timestamp=000064 cavs=[12, 4, 7]
sgcp_constrained receiver=12 policy=all-cavs sources=[12, 4, 7] clusters=20 ra=selective_edgecooper_global_pmax comm_bytes=8528 selected_grids={4: 3, 7: 4}
fusion_method=early pred_boxes=18 gt_boxes=47
pred_scores_shape=(18,)
frame=3/41 receiver_sample=13/20 scenario=2026_07_29_02_32_08 timestamp=000064 cavs=[13, 5, 10, 19]
sgcp_constrained receiver=13 policy=all-cavs sources=[13, 5, 10, 19] clusters=20 ra=selective_edgecooper_global_pmax comm_bytes=15072 selected_grids={5: 4, 10: 3, 19: 3}
fusion_method=early pred_boxes=15 gt_boxes=45
pred_scores_shape=(15,)
frame=3/41 receiver_sample=14/20 scenario=2026_07_29_02_32_08 timestamp=000064 cavs=[14]
sgcp_constrained receiver=14 policy=all-cavs sources=[14] clusters=20 ra=selective_edgecooper_global_pmax comm_bytes=0 selected_grids={}
fusion_method=early pred_boxes=3 gt_boxes=6
pred_scores_shape=(3,)
frame=3/41 receiver_sample=15/20 scenario=2026_07_29_02_32_08 timestamp=000064 cavs=[15, 6]
sgcp_constrained receiver=15 policy=all-cavs sources=[15, 6] clusters=20 ra=selective_edgecooper_global_pmax comm_bytes=11504 selected_grids={6: 4}
fusion_method=early pred_boxes=16 gt_boxes=21
pred_scores_shape=(16,)
frame=3/41 receiver_sample=16/20 scenario=2026_07_29_02_32_08 timestamp=000064 cavs=[16, 3, 10, 20]
sgcp_constrained receiver=16 policy=all-cavs sources=[16, 3, 10, 20] clusters=20 ra=selective_edgecooper_global_pmax comm_bytes=23472 selected_grids={3: 4, 10: 3, 20: 3}
fusion_method=early pred_boxes=28 gt_boxes=60
pred_scores_shape=(28,)
frame=3/41 receiver_sample=17/20 scenario=2026_07_29_02_32_08 timestamp=000064 cavs=[17, 3, 18]
sgcp_constrained receiver=17 policy=all-cavs sources=[17, 3, 18] clusters=20 ra=selective_edgecooper_global_pmax comm_bytes=13376 selected_grids={3: 3, 18: 4}
fusion_method=early pred_boxes=17 gt_boxes=31
pred_scores_shape=(17,)
frame=3/41 receiver_sample=18/20 scenario=2026_07_29_02_32_08 timestamp=000064 cavs=[18, 3, 17]
sgcp_constrained receiver=18 policy=all-cavs sources=[18, 3, 17] clusters=20 ra=selective_edgecooper_global_pmax comm_bytes=17744 selected_grids={3: 3, 17: 3}
fusion_method=early pred_boxes=16 gt_boxes=31
pred_scores_shape=(16,)
frame=3/41 receiver_sample=19/20 scenario=2026_07_29_02_32_08 timestamp=000064 cavs=[19, 9, 13, 20]
sgcp_constrained receiver=19 policy=all-cavs sources=[19, 9, 13, 20] clusters=20 ra=selective_edgecooper_global_pmax comm_bytes=21248 selected_grids={9: 3, 13: 4, 20: 3}
fusion_method=early pred_boxes=16 gt_boxes=42
pred_scores_shape=(16,)
frame=3/41 receiver_sample=20/20 scenario=2026_07_29_02_32_08 timestamp=000064 cavs=[20, 5, 9, 16]
sgcp_constrained receiver=20 policy=all-cavs sources=[20, 5, 9, 16] clusters=20 ra=selective_edgecooper_global_pmax comm_bytes=21728 selected_grids={5: 3, 9: 4, 16: 3}
fusion_method=early pred_boxes=26 gt_boxes=48
pred_scores_shape=(26,)
frame=4/41 receiver_sample=1/20 scenario=2026_07_29_02_32_08 timestamp=000066 cavs=[1, 2, 4, 8]
sgcp_constrained receiver=1 policy=all-cavs sources=[1, 2, 4, 8] clusters=20 ra=selective_edgecooper_global_pmax comm_bytes=25648 selected_grids={2: 4, 4: 4, 8: 3}
fusion_method=early pred_boxes=26 gt_boxes=55
pred_scores_shape=(26,)
frame=4/41 receiver_sample=2/20 scenario=2026_07_29_02_32_08 timestamp=000066 cavs=[2, 1, 10, 11]
sgcp_constrained receiver=2 policy=all-cavs sources=[2, 1, 10, 11] clusters=20 ra=selective_edgecooper_global_pmax comm_bytes=23680 selected_grids={1: 3, 10: 4, 11: 3}
fusion_method=early pred_boxes=27 gt_boxes=57
pred_scores_shape=(27,)
frame=4/41 receiver_sample=3/20 scenario=2026_07_29_02_32_08 timestamp=000066 cavs=[3, 16, 17, 18]
sgcp_constrained receiver=3 policy=all-cavs sources=[3, 16, 17, 18] clusters=20 ra=selective_edgecooper_global_pmax comm_bytes=19776 selected_grids={16: 3, 17: 3, 18: 4}
fusion_method=early pred_boxes=22 gt_boxes=47
pred_scores_shape=(22,)
frame=4/41 receiver_sample=4/20 scenario=2026_07_29_02_32_08 timestamp=000066 cavs=[4, 1, 7, 12]
sgcp_constrained receiver=4 policy=all-cavs sources=[4, 1, 7, 12] clusters=20 ra=selective_edgecooper_global_pmax comm_bytes=21040 selected_grids={1: 4, 7: 3, 12: 4}
fusion_method=early pred_boxes=24 gt_boxes=57
pred_scores_shape=(24,)
frame=4/41 receiver_sample=5/20 scenario=2026_07_29_02_32_08 timestamp=000066 cavs=[5, 13, 19, 20]
sgcp_constrained receiver=5 policy=all-cavs sources=[5, 13, 19, 20] clusters=20 ra=selective_edgecooper_global_pmax comm_bytes=19472 selected_grids={13: 3, 19: 3, 20: 3}
fusion_method=early pred_boxes=20 gt_boxes=41
pred_scores_shape=(20,)
frame=4/41 receiver_sample=6/20 scenario=2026_07_29_02_32_08 timestamp=000066 cavs=[6, 15]
sgcp_constrained receiver=6 policy=all-cavs sources=[6, 15] clusters=20 ra=selective_edgecooper_global_pmax comm_bytes=6128 selected_grids={15: 3}
fusion_method=early pred_boxes=13 gt_boxes=20
pred_scores_shape=(13,)
frame=4/41 receiver_sample=7/20 scenario=2026_07_29_02_32_08 timestamp=000066 cavs=[7, 4, 5, 12]
sgcp_constrained receiver=7 policy=all-cavs sources=[7, 4, 5, 12] clusters=20 ra=selective_edgecooper_global_pmax comm_bytes=21360 selected_grids={4: 3, 5: 4, 12: 4}
fusion_method=early pred_boxes=27 gt_boxes=47
pred_scores_shape=(27,)
frame=4/41 receiver_sample=8/20 scenario=2026_07_29_02_32_08 timestamp=000066 cavs=[8, 1, 11, 12]
sgcp_constrained receiver=8 policy=all-cavs sources=[8, 1, 11, 12] clusters=20 ra=selective_edgecooper_global_pmax comm_bytes=22128 selected_grids={1: 3, 11: 3, 12: 3}
fusion_method=early pred_boxes=26 gt_boxes=47
pred_scores_shape=(26,)
frame=4/41 receiver_sample=9/20 scenario=2026_07_29_02_32_08 timestamp=000066 cavs=[9, 11, 13]
sgcp_constrained receiver=9 policy=all-cavs sources=[9, 11, 13] clusters=20 ra=selective_edgecooper_global_pmax comm_bytes=13504 selected_grids={11: 3, 13: 3}
fusion_method=early pred_boxes=22 gt_boxes=44
pred_scores_shape=(22,)
frame=4/41 receiver_sample=10/20 scenario=2026_07_29_02_32_08 timestamp=000066 cavs=[10, 8, 16, 19]
sgcp_constrained receiver=10 policy=all-cavs sources=[10, 8, 16, 19] clusters=20 ra=selective_edgecooper_global_pmax comm_bytes=21776 selected_grids={8: 4, 16: 3, 19: 4}
fusion_method=early pred_boxes=25 gt_boxes=54
pred_scores_shape=(25,)
frame=4/41 receiver_sample=11/20 scenario=2026_07_29_02_32_08 timestamp=000066 cavs=[11, 2, 8, 9]
sgcp_constrained receiver=11 policy=all-cavs sources=[11, 2, 8, 9] clusters=20 ra=selective_edgecooper_global_pmax comm_bytes=22656 selected_grids={2: 3, 8: 4, 9: 4}
fusion_method=early pred_boxes=22 gt_boxes=58
pred_scores_shape=(22,)
frame=4/41 receiver_sample=12/20 scenario=2026_07_29_02_32_08 timestamp=000066 cavs=[12, 4, 7]
sgcp_constrained receiver=12 policy=all-cavs sources=[12, 4, 7] clusters=20 ra=selective_edgecooper_global_pmax comm_bytes=7136 selected_grids={4: 3, 7: 3}
fusion_method=early pred_boxes=17 gt_boxes=46
pred_scores_shape=(17,)
frame=4/41 receiver_sample=13/20 scenario=2026_07_29_02_32_08 timestamp=000066 cavs=[13, 5, 10, 19]
sgcp_constrained receiver=13 policy=all-cavs sources=[13, 5, 10, 19] clusters=20 ra=selective_edgecooper_global_pmax comm_bytes=14800 selected_grids={5: 4, 10: 3, 19: 3}
fusion_method=early pred_boxes=15 gt_boxes=44
pred_scores_shape=(15,)
frame=4/41 receiver_sample=14/20 scenario=2026_07_29_02_32_08 timestamp=000066 cavs=[14]
sgcp_constrained receiver=14 policy=all-cavs sources=[14] clusters=20 ra=selective_edgecooper_global_pmax comm_bytes=0 selected_grids={}
fusion_method=early pred_boxes=3 gt_boxes=6
pred_scores_shape=(3,)
frame=4/41 receiver_sample=15/20 scenario=2026_07_29_02_32_08 timestamp=000066 cavs=[15, 6]
sgcp_constrained receiver=15 policy=all-cavs sources=[15, 6] clusters=20 ra=selective_edgecooper_global_pmax comm_bytes=11424 selected_grids={6: 4}Format = auto
Extension = pcd
Format = auto
Extension = pcd
Format = auto
Extension = pcd
Format = auto
Extension = pcd
Format = auto
Extension = pcd
Format = auto
Extension = pcd
Format = auto
Extension = pcd
Format = auto
Extension = pcd
Format = auto
Extension = pcd
Format = auto
Extension = pcd
Format = auto
Extension = pcd
Format = auto
Extension = pcd
Format = auto
Extension = pcd
Format = auto
Extension = pcd
Format = auto
Extension = pcd
Format = auto
Extension = pcd
Format = auto
Extension = pcd
Format = auto
Extension = pcd
Format = auto
Extension = pcd
Format = auto
Extension = pcd

fusion_method=early pred_boxes=16 gt_boxes=20
pred_scores_shape=(16,)
frame=4/41 receiver_sample=16/20 scenario=2026_07_29_02_32_08 timestamp=000066 cavs=[16, 3, 10, 20]
sgcp_constrained receiver=16 policy=all-cavs sources=[16, 3, 10, 20] clusters=20 ra=selective_edgecooper_global_pmax comm_bytes=21824 selected_grids={3: 3, 10: 3, 20: 3}
fusion_method=early pred_boxes=26 gt_boxes=60
pred_scores_shape=(26,)
frame=4/41 receiver_sample=17/20 scenario=2026_07_29_02_32_08 timestamp=000066 cavs=[17, 3, 16, 18]
sgcp_constrained receiver=17 policy=all-cavs sources=[17, 3, 16, 18] clusters=20 ra=selective_edgecooper_global_pmax comm_bytes=23664 selected_grids={3: 3, 16: 4, 18: 4}
fusion_method=early pred_boxes=20 gt_boxes=45
pred_scores_shape=(20,)
frame=4/41 receiver_sample=18/20 scenario=2026_07_29_02_32_08 timestamp=000066 cavs=[18, 3, 17]
sgcp_constrained receiver=18 policy=all-cavs sources=[18, 3, 17] clusters=20 ra=selective_edgecooper_global_pmax comm_bytes=17808 selected_grids={3: 3, 17: 3}
fusion_method=early pred_boxes=16 gt_boxes=31
pred_scores_shape=(16,)
frame=4/41 receiver_sample=19/20 scenario=2026_07_29_02_32_08 timestamp=000066 cavs=[19, 9, 13, 20]
sgcp_constrained receiver=19 policy=all-cavs sources=[19, 9, 13, 20] clusters=20 ra=selective_edgecooper_global_pmax comm_bytes=21360 selected_grids={9: 3, 13: 4, 20: 3}
fusion_method=early pred_boxes=14 gt_boxes=41
pred_scores_shape=(14,)
frame=4/41 receiver_sample=20/20 scenario=2026_07_29_02_32_08 timestamp=000066 cavs=[20, 5, 7, 9]
sgcp_constrained receiver=20 policy=all-cavs sources=[20, 5, 7, 9] clusters=20 ra=selective_edgecooper_global_pmax comm_bytes=24416 selected_grids={5: 3, 7: 3, 9: 4}
fusion_method=early pred_boxes=26 gt_boxes=45
pred_scores_shape=(26,)
frame=5/41 receiver_sample=1/20 scenario=2026_07_29_02_32_08 timestamp=000068 cavs=[1, 2, 4, 8]
sgcp_constrained receiver=1 policy=all-cavs sources=[1, 2, 4, 8] clusters=20 ra=selective_edgecooper_global_pmax comm_bytes=26000 selected_grids={2: 4, 4: 4, 8: 3}
fusion_method=early pred_boxes=24 gt_boxes=55
pred_scores_shape=(24,)
frame=5/41 receiver_sample=2/20 scenario=2026_07_29_02_32_08 timestamp=000068 cavs=[2, 1, 10, 11]
sgcp_constrained receiver=2 policy=all-cavs sources=[2, 1, 10, 11] clusters=20 ra=selective_edgecooper_global_pmax comm_bytes=22464 selected_grids={1: 3, 10: 4, 11: 3}
fusion_method=early pred_boxes=26 gt_boxes=57
pred_scores_shape=(26,)
frame=5/41 receiver_sample=3/20 scenario=2026_07_29_02_32_08 timestamp=000068 cavs=[3, 16, 17, 18]
sgcp_constrained receiver=3 policy=all-cavs sources=[3, 16, 17, 18] clusters=20 ra=selective_edgecooper_global_pmax comm_bytes=19648 selected_grids={16: 3, 17: 3, 18: 4}
fusion_method=early pred_boxes=19 gt_boxes=47
pred_scores_shape=(19,)
frame=5/41 receiver_sample=4/20 scenario=2026_07_29_02_32_08 timestamp=000068 cavs=[4, 1, 7, 12]
sgcp_constrained receiver=4 policy=all-cavs sources=[4, 1, 7, 12] clusters=20 ra=selective_edgecooper_global_pmax comm_bytes=21168 selected_grids={1: 4, 7: 3, 12: 4}
fusion_method=early pred_boxes=23 gt_boxes=56
pred_scores_shape=(23,)
frame=5/41 receiver_sample=5/20 scenario=2026_07_29_02_32_08 timestamp=000068 cavs=[5, 13, 19, 20]
sgcp_constrained receiver=5 policy=all-cavs sources=[5, 13, 19, 20] clusters=20 ra=selective_edgecooper_global_pmax comm_bytes=19424 selected_grids={13: 3, 19: 3, 20: 3}
fusion_method=early pred_boxes=21 gt_boxes=41
pred_scores_shape=(21,)
frame=5/41 receiver_sample=6/20 scenario=2026_07_29_02_32_08 timestamp=000068 cavs=[6, 15]
sgcp_constrained receiver=6 policy=all-cavs sources=[6, 15] clusters=20 ra=selective_edgecooper_global_pmax comm_bytes=5840 selected_grids={15: 4}
fusion_method=early pred_boxes=15 gt_boxes=20
pred_scores_shape=(15,)
frame=5/41 receiver_sample=7/20 scenario=2026_07_29_02_32_08 timestamp=000068 cavs=[7, 4, 5, 12]
sgcp_constrained receiver=7 policy=all-cavs sources=[7, 4, 5, 12] clusters=20 ra=selective_edgecooper_global_pmax comm_bytes=21424 selected_grids={4: 3, 5: 4, 12: 4}
fusion_method=early pred_boxes=23 gt_boxes=47
pred_scores_shape=(23,)
frame=5/41 receiver_sample=8/20 scenario=2026_07_29_02_32_08 timestamp=000068 cavs=[8, 1, 11, 12]
sgcp_constrained receiver=8 policy=all-cavs sources=[8, 1, 11, 12] clusters=20 ra=selective_edgecooper_global_pmax comm_bytes=22096 selected_grids={1: 3, 11: 3, 12: 3}
fusion_method=early pred_boxes=25 gt_boxes=47
pred_scores_shape=(25,)
frame=5/41 receiver_sample=9/20 scenario=2026_07_29_02_32_08 timestamp=000068 cavs=[9, 11, 13]
sgcp_constrained receiver=9 policy=all-cavs sources=[9, 11, 13] clusters=20 ra=selective_edgecooper_global_pmax comm_bytes=13520 selected_grids={11: 4, 13: 3}
fusion_method=early pred_boxes=23 gt_boxes=44
pred_scores_shape=(23,)
frame=5/41 receiver_sample=10/20 scenario=2026_07_29_02_32_08 timestamp=000068 cavs=[10, 8, 16, 19]
sgcp_constrained receiver=10 policy=all-cavs sources=[10, 8, 16, 19] clusters=20 ra=selective_edgecooper_global_pmax comm_bytes=21792 selected_grids={8: 4, 16: 3, 19: 4}
fusion_method=early pred_boxes=19 gt_boxes=54
pred_scores_shape=(19,)
frame=5/41 receiver_sample=11/20 scenario=2026_07_29_02_32_08 timestamp=000068 cavs=[11, 2, 8, 9]
sgcp_constrained receiver=11 policy=all-cavs sources=[11, 2, 8, 9] clusters=20 ra=selective_edgecooper_global_pmax comm_bytes=22720 selected_grids={2: 3, 8: 4, 9: 4}
fusion_method=early pred_boxes=21 gt_boxes=58
pred_scores_shape=(21,)
frame=5/41 receiver_sample=12/20 scenario=2026_07_29_02_32_08 timestamp=000068 cavs=[12, 4, 7]
sgcp_constrained receiver=12 policy=all-cavs sources=[12, 4, 7] clusters=20 ra=selective_edgecooper_global_pmax comm_bytes=8112 selected_grids={4: 3, 7: 3}
fusion_method=early pred_boxes=17 gt_boxes=46
pred_scores_shape=(17,)
frame=5/41 receiver_sample=13/20 scenario=2026_07_29_02_32_08 timestamp=000068 cavs=[13, 5, 10, 19]
sgcp_constrained receiver=13 policy=all-cavs sources=[13, 5, 10, 19] clusters=20 ra=selective_edgecooper_global_pmax comm_bytes=14784 selected_grids={5: 4, 10: 3, 19: 3}
fusion_method=early pred_boxes=12 gt_boxes=45
pred_scores_shape=(12,)
frame=5/41 receiver_sample=14/20 scenario=2026_07_29_02_32_08 timestamp=000068 cavs=[14]
sgcp_constrained receiver=14 policy=all-cavs sources=[14] clusters=20 ra=selective_edgecooper_global_pmax comm_bytes=0 selected_grids={}
fusion_method=early pred_boxes=3 gt_boxes=6
pred_scores_shape=(3,)
frame=5/41 receiver_sample=15/20 scenario=2026_07_29_02_32_08 timestamp=000068 cavs=[15, 6]
sgcp_constrained receiver=15 policy=all-cavs sources=[15, 6] clusters=20 ra=selective_edgecooper_global_pmax comm_bytes=11520 selected_grids={6: 4}
fusion_method=early pred_boxes=16 gt_boxes=20
pred_scores_shape=(16,)
frame=5/41 receiver_sample=16/20 scenario=2026_07_29_02_32_08 timestamp=000068 cavs=[16, 3, 10, 20]
sgcp_constrained receiver=16 policy=all-cavs sources=[16, 3, 10, 20] clusters=20 ra=selective_edgecooper_global_pmax comm_bytes=21440 selected_grids={3: 3, 10: 3, 20: 3}
fusion_method=early pred_boxes=26 gt_boxes=59
pred_scores_shape=(26,)
frame=5/41 receiver_sample=17/20 scenario=2026_07_29_02_32_08 timestamp=000068 cavs=[17, 3, 16, 18]
sgcp_constrained receiver=17 policy=all-cavs sources=[17, 3, 16, 18] clusters=20 ra=selective_edgecooper_global_pmax comm_bytes=24016 selected_grids={3: 3, 16: 4, 18: 4}
fusion_method=early pred_boxes=16 gt_boxes=45
pred_scores_shape=(16,)
frame=5/41 receiver_sample=18/20 scenario=2026_07_29_02_32_08 timestamp=000068 cavs=[18, 3, 17]
sgcp_constrained receiver=18 policy=all-cavs sources=[18, 3, 17] clusters=20 ra=selective_edgecooper_global_pmax comm_bytes=17872 selected_grids={3: 3, 17: 3}
fusion_method=early pred_boxes=16 gt_boxes=30
pred_scores_shape=(16,)
frame=5/41 receiver_sample=19/20 scenario=2026_07_29_02_32_08 timestamp=000068 cavs=[19, 9, 13, 20]
sgcp_constrained receiver=19 policy=all-cavs sources=[19, 9, 13, 20] clusters=20 ra=selective_edgecooper_global_pmax comm_bytes=21280 selected_grids={9: 3, 13: 4, 20: 3}
fusion_method=early pred_boxes=15 gt_boxes=42
pred_scores_shape=(15,)
frame=5/41 receiver_sample=20/20 scenario=2026_07_29_02_32_08 timestamp=000068 cavs=[20, 5, 7, 9]Format = auto
Extension = pcd
Format = auto
Extension = pcd
Format = auto
Extension = pcd
Format = auto
Extension = pcd
Format = auto
Extension = pcd
Format = auto
Extension = pcd
Format = auto
Extension = pcd
Format = auto
Extension = pcd
Format = auto
Extension = pcd
Format = auto
Extension = pcd
Format = auto
Extension = pcd
Format = auto
Extension = pcd
Format = auto
Extension = pcd
Format = auto
Extension = pcd
Format = auto
Extension = pcd
Format = auto
Extension = pcd
Format = auto
Extension = pcd
Format = auto
Extension = pcd
Format = auto
Extension = pcd
Format = auto
Extension = pcd
Format = auto
Extension = pcd
Format = auto
Extension = pcd
Format = auto
Extension = pcd
Format = auto
Extension = pcd
Format = auto
Extension = pcd
Format = auto
Extension = pcd
Format = auto
Extension = pcd
Format = auto
Extension = pcd
Format = auto
Extension = pcd
Format = auto
Extension = pcd
Format = auto
Extension = pcd
Format = auto
Extension = pcd
Format = auto
Extension = pcd
Format = auto
Extension = pcd
Format = auto
Extension = pcd
Format = auto
Extension = pcd
Format = auto
Extension = pcd
Format = auto
Extension = pcd
Format = auto
Extension = pcd
Format = auto
Extension = pcd

sgcp_constrained receiver=20 policy=all-cavs sources=[20, 5, 7, 9] clusters=20 ra=selective_edgecooper_global_pmax comm_bytes=24480 selected_grids={5: 3, 7: 3, 9: 4}
fusion_method=early pred_boxes=27 gt_boxes=45
pred_scores_shape=(27,)
frame=6/41 receiver_sample=1/20 scenario=2026_07_29_02_32_08 timestamp=000070 cavs=[1, 2, 4, 8]
sgcp_constrained receiver=1 policy=all-cavs sources=[1, 2, 4, 8] clusters=20 ra=selective_edgecooper_global_pmax comm_bytes=28080 selected_grids={2: 4, 4: 4, 8: 3}
fusion_method=early pred_boxes=27 gt_boxes=55
pred_scores_shape=(27,)
frame=6/41 receiver_sample=2/20 scenario=2026_07_29_02_32_08 timestamp=000070 cavs=[2, 1, 10, 11]
sgcp_constrained receiver=2 policy=all-cavs sources=[2, 1, 10, 11] clusters=20 ra=selective_edgecooper_global_pmax comm_bytes=20576 selected_grids={1: 3, 10: 3, 11: 3}
fusion_method=early pred_boxes=25 gt_boxes=57
pred_scores_shape=(25,)
frame=6/41 receiver_sample=3/20 scenario=2026_07_29_02_32_08 timestamp=000070 cavs=[3, 16, 17, 18]
sgcp_constrained receiver=3 policy=all-cavs sources=[3, 16, 17, 18] clusters=20 ra=selective_edgecooper_global_pmax comm_bytes=20368 selected_grids={16: 3, 17: 4, 18: 4}
fusion_method=early pred_boxes=19 gt_boxes=48
pred_scores_shape=(19,)
frame=6/41 receiver_sample=4/20 scenario=2026_07_29_02_32_08 timestamp=000070 cavs=[4, 1, 7, 12]
sgcp_constrained receiver=4 policy=all-cavs sources=[4, 1, 7, 12] clusters=20 ra=selective_edgecooper_global_pmax comm_bytes=17568 selected_grids={1: 3, 7: 3, 12: 3}
fusion_method=early pred_boxes=23 gt_boxes=57
pred_scores_shape=(23,)
frame=6/41 receiver_sample=5/20 scenario=2026_07_29_02_32_08 timestamp=000070 cavs=[5, 13, 19, 20]
sgcp_constrained receiver=5 policy=all-cavs sources=[5, 13, 19, 20] clusters=20 ra=selective_edgecooper_global_pmax comm_bytes=22064 selected_grids={13: 3, 19: 3, 20: 3}
fusion_method=early pred_boxes=20 gt_boxes=41
pred_scores_shape=(20,)
frame=6/41 receiver_sample=6/20 scenario=2026_07_29_02_32_08 timestamp=000070 cavs=[6, 15]
sgcp_constrained receiver=6 policy=all-cavs sources=[6, 15] clusters=20 ra=selective_edgecooper_global_pmax comm_bytes=5680 selected_grids={15: 3}
fusion_method=early pred_boxes=14 gt_boxes=20
pred_scores_shape=(14,)
frame=6/41 receiver_sample=7/20 scenario=2026_07_29_02_32_08 timestamp=000070 cavs=[7, 4, 5, 12]
sgcp_constrained receiver=7 policy=all-cavs sources=[7, 4, 5, 12] clusters=20 ra=selective_edgecooper_global_pmax comm_bytes=21216 selected_grids={4: 3, 5: 4, 12: 4}
fusion_method=early pred_boxes=24 gt_boxes=47
pred_scores_shape=(24,)
frame=6/41 receiver_sample=8/20 scenario=2026_07_29_02_32_08 timestamp=000070 cavs=[8, 1, 11, 12]
sgcp_constrained receiver=8 policy=all-cavs sources=[8, 1, 11, 12] clusters=20 ra=selective_edgecooper_global_pmax comm_bytes=22048 selected_grids={1: 3, 11: 3, 12: 3}
fusion_method=early pred_boxes=27 gt_boxes=47
pred_scores_shape=(27,)
frame=6/41 receiver_sample=9/20 scenario=2026_07_29_02_32_08 timestamp=000070 cavs=[9, 11, 13]
sgcp_constrained receiver=9 policy=all-cavs sources=[9, 11, 13] clusters=20 ra=selective_edgecooper_global_pmax comm_bytes=13504 selected_grids={11: 3, 13: 3}
fusion_method=early pred_boxes=24 gt_boxes=45
pred_scores_shape=(24,)
frame=6/41 receiver_sample=10/20 scenario=2026_07_29_02_32_08 timestamp=000070 cavs=[10, 8, 16, 19]
sgcp_constrained receiver=10 policy=all-cavs sources=[10, 8, 16, 19] clusters=20 ra=selective_edgecooper_global_pmax comm_bytes=22288 selected_grids={8: 4, 16: 3, 19: 4}
fusion_method=early pred_boxes=22 gt_boxes=54
pred_scores_shape=(22,)
frame=6/41 receiver_sample=11/20 scenario=2026_07_29_02_32_08 timestamp=000070 cavs=[11, 2, 8, 9]
sgcp_constrained receiver=11 policy=all-cavs sources=[11, 2, 8, 9] clusters=20 ra=selective_edgecooper_global_pmax comm_bytes=22848 selected_grids={2: 3, 8: 4, 9: 4}
fusion_method=early pred_boxes=19 gt_boxes=58
pred_scores_shape=(19,)
frame=6/41 receiver_sample=12/20 scenario=2026_07_29_02_32_08 timestamp=000070 cavs=[12, 4, 7]
sgcp_constrained receiver=12 policy=all-cavs sources=[12, 4, 7] clusters=20 ra=selective_edgecooper_global_pmax comm_bytes=8912 selected_grids={4: 3, 7: 3}
fusion_method=early pred_boxes=16 gt_boxes=46
pred_scores_shape=(16,)
frame=6/41 receiver_sample=13/20 scenario=2026_07_29_02_32_08 timestamp=000070 cavs=[13, 5, 10, 19]
sgcp_constrained receiver=13 policy=all-cavs sources=[13, 5, 10, 19] clusters=20 ra=selective_edgecooper_global_pmax comm_bytes=17408 selected_grids={5: 4, 10: 3, 19: 3}
fusion_method=early pred_boxes=15 gt_boxes=44
pred_scores_shape=(15,)
frame=6/41 receiver_sample=14/20 scenario=2026_07_29_02_32_08 timestamp=000070 cavs=[14]
sgcp_constrained receiver=14 policy=all-cavs sources=[14] clusters=20 ra=selective_edgecooper_global_pmax comm_bytes=0 selected_grids={}
fusion_method=early pred_boxes=3 gt_boxes=6
pred_scores_shape=(3,)
frame=6/41 receiver_sample=15/20 scenario=2026_07_29_02_32_08 timestamp=000070 cavs=[15, 6]
sgcp_constrained receiver=15 policy=all-cavs sources=[15, 6] clusters=20 ra=selective_edgecooper_global_pmax comm_bytes=11584 selected_grids={6: 4}
fusion_method=early pred_boxes=17 gt_boxes=20
pred_scores_shape=(17,)
frame=6/41 receiver_sample=16/20 scenario=2026_07_29_02_32_08 timestamp=000070 cavs=[16, 3, 10, 20]
sgcp_constrained receiver=16 policy=all-cavs sources=[16, 3, 10, 20] clusters=20 ra=selective_edgecooper_global_pmax comm_bytes=21744 selected_grids={3: 3, 10: 3, 20: 3}
fusion_method=early pred_boxes=28 gt_boxes=58
pred_scores_shape=(28,)
frame=6/41 receiver_sample=17/20 scenario=2026_07_29_02_32_08 timestamp=000070 cavs=[17, 3, 16, 18]
sgcp_constrained receiver=17 policy=all-cavs sources=[17, 3, 16, 18] clusters=20 ra=selective_edgecooper_global_pmax comm_bytes=23104 selected_grids={3: 3, 16: 3, 18: 4}
fusion_method=early pred_boxes=19 gt_boxes=46
pred_scores_shape=(19,)
frame=6/41 receiver_sample=18/20 scenario=2026_07_29_02_32_08 timestamp=000070 cavs=[18, 3, 17]
sgcp_constrained receiver=18 policy=all-cavs sources=[18, 3, 17] clusters=20 ra=selective_edgecooper_global_pmax comm_bytes=17840 selected_grids={3: 3, 17: 3}
fusion_method=early pred_boxes=16 gt_boxes=30
pred_scores_shape=(16,)
frame=6/41 receiver_sample=19/20 scenario=2026_07_29_02_32_08 timestamp=000070 cavs=[19, 9, 13, 20]
sgcp_constrained receiver=19 policy=all-cavs sources=[19, 9, 13, 20] clusters=20 ra=selective_edgecooper_global_pmax comm_bytes=21296 selected_grids={9: 3, 13: 3, 20: 3}
fusion_method=early pred_boxes=14 gt_boxes=42
pred_scores_shape=(14,)
frame=6/41 receiver_sample=20/20 scenario=2026_07_29_02_32_08 timestamp=000070 cavs=[20, 5, 7, 9]
sgcp_constrained receiver=20 policy=all-cavs sources=[20, 5, 7, 9] clusters=20 ra=selective_edgecooper_global_pmax comm_bytes=21472 selected_grids={5: 3, 7: 3, 9: 4}
fusion_method=early pred_boxes=27 gt_boxes=45
pred_scores_shape=(27,)
frame=7/41 receiver_sample=1/20 scenario=2026_07_29_02_32_08 timestamp=000072 cavs=[1, 2, 4, 8]
sgcp_constrained receiver=1 policy=all-cavs sources=[1, 2, 4, 8] clusters=20 ra=selective_edgecooper_global_pmax comm_bytes=27648 selected_grids={2: 4, 4: 4, 8: 3}
fusion_method=early pred_boxes=27 gt_boxes=55
pred_scores_shape=(27,)
frame=7/41 receiver_sample=2/20 scenario=2026_07_29_02_32_08 timestamp=000072 cavs=[2, 1, 10, 11]
sgcp_constrained receiver=2 policy=all-cavs sources=[2, 1, 10, 11] clusters=20 ra=selective_edgecooper_global_pmax comm_bytes=20608 selected_grids={1: 3, 10: 3, 11: 3}
fusion_method=early pred_boxes=23 gt_boxes=57
pred_scores_shape=(23,)
frame=7/41 receiver_sample=3/20 scenario=2026_07_29_02_32_08 timestamp=000072 cavs=[3, 16, 17, 18]
sgcp_constrained receiver=3 policy=all-cavs sources=[3, 16, 17, 18] clusters=20 ra=selective_edgecooper_global_pmax comm_bytes=21808 selected_grids={16: 3, 17: 4, 18: 4}
fusion_method=early pred_boxes=19 gt_boxes=47
pred_scores_shape=(19,)
frame=7/41 receiver_sample=4/20 scenario=2026_07_29_02_32_08 timestamp=000072 cavs=[4, 1, 7, 12]
sgcp_constrained receiver=4 policy=all-cavs sources=[4, 1, 7, 12] clusters=20 ra=selective_edgecooper_global_pmax comm_bytes=17808 selected_grids={1: 3, 7: 3, 12: 3}Format = auto
Extension = pcd
Format = auto
Extension = pcd
Format = auto
Extension = pcd
Format = auto
Extension = pcd
Format = auto
Extension = pcd
Format = auto
Extension = pcd
Format = auto
Extension = pcd
Format = auto
Extension = pcd
Format = auto
Extension = pcd
Format = auto
Extension = pcd
Format = auto
Extension = pcd
Format = auto
Extension = pcd
Format = auto
Extension = pcd
Format = auto
Extension = pcd
Format = auto
Extension = pcd
Format = auto
Extension = pcd
Format = auto
Extension = pcd
Format = auto
Extension = pcd
Format = auto
Extension = pcd
Format = auto
Extension = pcd

fusion_method=early pred_boxes=21 gt_boxes=57
pred_scores_shape=(21,)
frame=7/41 receiver_sample=5/20 scenario=2026_07_29_02_32_08 timestamp=000072 cavs=[5, 13, 19, 20]
sgcp_constrained receiver=5 policy=all-cavs sources=[5, 13, 19, 20] clusters=20 ra=selective_edgecooper_global_pmax comm_bytes=21792 selected_grids={13: 3, 19: 3, 20: 3}
fusion_method=early pred_boxes=21 gt_boxes=41
pred_scores_shape=(21,)
frame=7/41 receiver_sample=6/20 scenario=2026_07_29_02_32_08 timestamp=000072 cavs=[6, 15]
sgcp_constrained receiver=6 policy=all-cavs sources=[6, 15] clusters=20 ra=selective_edgecooper_global_pmax comm_bytes=5248 selected_grids={15: 3}
fusion_method=early pred_boxes=14 gt_boxes=20
pred_scores_shape=(14,)
frame=7/41 receiver_sample=7/20 scenario=2026_07_29_02_32_08 timestamp=000072 cavs=[7, 4, 5, 12]
sgcp_constrained receiver=7 policy=all-cavs sources=[7, 4, 5, 12] clusters=20 ra=selective_edgecooper_global_pmax comm_bytes=21248 selected_grids={4: 3, 5: 4, 12: 4}
fusion_method=early pred_boxes=25 gt_boxes=47
pred_scores_shape=(25,)
frame=7/41 receiver_sample=8/20 scenario=2026_07_29_02_32_08 timestamp=000072 cavs=[8, 1, 11, 12]
sgcp_constrained receiver=8 policy=all-cavs sources=[8, 1, 11, 12] clusters=20 ra=selective_edgecooper_global_pmax comm_bytes=21904 selected_grids={1: 3, 11: 3, 12: 3}
fusion_method=early pred_boxes=28 gt_boxes=48
pred_scores_shape=(28,)
frame=7/41 receiver_sample=9/20 scenario=2026_07_29_02_32_08 timestamp=000072 cavs=[9, 11, 13]
sgcp_constrained receiver=9 policy=all-cavs sources=[9, 11, 13] clusters=20 ra=selective_edgecooper_global_pmax comm_bytes=13504 selected_grids={11: 3, 13: 3}
fusion_method=early pred_boxes=22 gt_boxes=45
pred_scores_shape=(22,)
frame=7/41 receiver_sample=10/20 scenario=2026_07_29_02_32_08 timestamp=000072 cavs=[10, 8, 16, 19]
sgcp_constrained receiver=10 policy=all-cavs sources=[10, 8, 16, 19] clusters=20 ra=selective_edgecooper_global_pmax comm_bytes=22144 selected_grids={8: 4, 16: 3, 19: 4}
fusion_method=early pred_boxes=22 gt_boxes=54
pred_scores_shape=(22,)
frame=7/41 receiver_sample=11/20 scenario=2026_07_29_02_32_08 timestamp=000072 cavs=[11, 2, 8, 9]
sgcp_constrained receiver=11 policy=all-cavs sources=[11, 2, 8, 9] clusters=20 ra=selective_edgecooper_global_pmax comm_bytes=23120 selected_grids={2: 3, 8: 4, 9: 4}
fusion_method=early pred_boxes=22 gt_boxes=58
pred_scores_shape=(22,)
frame=7/41 receiver_sample=12/20 scenario=2026_07_29_02_32_08 timestamp=000072 cavs=[12, 4, 7]
sgcp_constrained receiver=12 policy=all-cavs sources=[12, 4, 7] clusters=20 ra=selective_edgecooper_global_pmax comm_bytes=9504 selected_grids={4: 3, 7: 3}
fusion_method=early pred_boxes=17 gt_boxes=47
pred_scores_shape=(17,)
frame=7/41 receiver_sample=13/20 scenario=2026_07_29_02_32_08 timestamp=000072 cavs=[13, 5, 10, 19]
sgcp_constrained receiver=13 policy=all-cavs sources=[13, 5, 10, 19] clusters=20 ra=selective_edgecooper_global_pmax comm_bytes=16752 selected_grids={5: 4, 10: 3, 19: 3}
fusion_method=early pred_boxes=16 gt_boxes=45
pred_scores_shape=(16,)
frame=7/41 receiver_sample=14/20 scenario=2026_07_29_02_32_08 timestamp=000072 cavs=[14]
sgcp_constrained receiver=14 policy=all-cavs sources=[14] clusters=20 ra=selective_edgecooper_global_pmax comm_bytes=0 selected_grids={}
fusion_method=early pred_boxes=3 gt_boxes=6
pred_scores_shape=(3,)
frame=7/41 receiver_sample=15/20 scenario=2026_07_29_02_32_08 timestamp=000072 cavs=[15, 6]
sgcp_constrained receiver=15 policy=all-cavs sources=[15, 6] clusters=20 ra=selective_edgecooper_global_pmax comm_bytes=11360 selected_grids={6: 4}
fusion_method=early pred_boxes=16 gt_boxes=20
pred_scores_shape=(16,)
frame=7/41 receiver_sample=16/20 scenario=2026_07_29_02_32_08 timestamp=000072 cavs=[16, 3, 10, 20]
sgcp_constrained receiver=16 policy=all-cavs sources=[16, 3, 10, 20] clusters=20 ra=selective_edgecooper_global_pmax comm_bytes=21760 selected_grids={3: 3, 10: 3, 20: 3}
fusion_method=early pred_boxes=25 gt_boxes=60
pred_scores_shape=(25,)
frame=7/41 receiver_sample=17/20 scenario=2026_07_29_02_32_08 timestamp=000072 cavs=[17, 3, 16, 18]
sgcp_constrained receiver=17 policy=all-cavs sources=[17, 3, 16, 18] clusters=20 ra=selective_edgecooper_global_pmax comm_bytes=23264 selected_grids={3: 3, 16: 3, 18: 4}
fusion_method=early pred_boxes=19 gt_boxes=45
pred_scores_shape=(19,)
frame=7/41 receiver_sample=18/20 scenario=2026_07_29_02_32_08 timestamp=000072 cavs=[18, 3, 17]
sgcp_constrained receiver=18 policy=all-cavs sources=[18, 3, 17] clusters=20 ra=selective_edgecooper_global_pmax comm_bytes=17536 selected_grids={3: 3, 17: 3}
fusion_method=early pred_boxes=15 gt_boxes=30
pred_scores_shape=(15,)
frame=7/41 receiver_sample=19/20 scenario=2026_07_29_02_32_08 timestamp=000072 cavs=[19, 9, 13, 20]
sgcp_constrained receiver=19 policy=all-cavs sources=[19, 9, 13, 20] clusters=20 ra=selective_edgecooper_global_pmax comm_bytes=21040 selected_grids={9: 3, 13: 3, 20: 3}
fusion_method=early pred_boxes=16 gt_boxes=43
pred_scores_shape=(16,)
frame=7/41 receiver_sample=20/20 scenario=2026_07_29_02_32_08 timestamp=000072 cavs=[20, 5, 7, 9]
sgcp_constrained receiver=20 policy=all-cavs sources=[20, 5, 7, 9] clusters=20 ra=selective_edgecooper_global_pmax comm_bytes=21552 selected_grids={5: 3, 7: 3, 9: 4}
fusion_method=early pred_boxes=25 gt_boxes=47
pred_scores_shape=(25,)
frame=8/41 receiver_sample=1/20 scenario=2026_07_29_02_32_08 timestamp=000074 cavs=[1, 2, 4, 8]
sgcp_constrained receiver=1 policy=all-cavs sources=[1, 2, 4, 8] clusters=20 ra=selective_edgecooper_global_pmax comm_bytes=26976 selected_grids={2: 4, 4: 4, 8: 3}
fusion_method=early pred_boxes=27 gt_boxes=54
pred_scores_shape=(27,)
frame=8/41 receiver_sample=2/20 scenario=2026_07_29_02_32_08 timestamp=000074 cavs=[2, 1, 10, 11]
sgcp_constrained receiver=2 policy=all-cavs sources=[2, 1, 10, 11] clusters=20 ra=selective_edgecooper_global_pmax comm_bytes=20544 selected_grids={1: 3, 10: 3, 11: 3}
fusion_method=early pred_boxes=26 gt_boxes=58
pred_scores_shape=(26,)
frame=8/41 receiver_sample=3/20 scenario=2026_07_29_02_32_08 timestamp=000074 cavs=[3, 16, 17, 18]
sgcp_constrained receiver=3 policy=all-cavs sources=[3, 16, 17, 18] clusters=20 ra=selective_edgecooper_global_pmax comm_bytes=21600 selected_grids={16: 3, 17: 4, 18: 4}
fusion_method=early pred_boxes=21 gt_boxes=45
pred_scores_shape=(21,)
frame=8/41 receiver_sample=4/20 scenario=2026_07_29_02_32_08 timestamp=000074 cavs=[4, 1, 7, 12]
sgcp_constrained receiver=4 policy=all-cavs sources=[4, 1, 7, 12] clusters=20 ra=selective_edgecooper_global_pmax comm_bytes=18128 selected_grids={1: 3, 7: 3, 12: 3}
fusion_method=early pred_boxes=23 gt_boxes=58
pred_scores_shape=(23,)
frame=8/41 receiver_sample=5/20 scenario=2026_07_29_02_32_08 timestamp=000074 cavs=[5, 13, 19, 20]
sgcp_constrained receiver=5 policy=all-cavs sources=[5, 13, 19, 20] clusters=20 ra=selective_edgecooper_global_pmax comm_bytes=21648 selected_grids={13: 3, 19: 3, 20: 3}
fusion_method=early pred_boxes=23 gt_boxes=41
pred_scores_shape=(23,)
frame=8/41 receiver_sample=6/20 scenario=2026_07_29_02_32_08 timestamp=000074 cavs=[6, 15]
sgcp_constrained receiver=6 policy=all-cavs sources=[6, 15] clusters=20 ra=selective_edgecooper_global_pmax comm_bytes=5296 selected_grids={15: 3}
fusion_method=early pred_boxes=14 gt_boxes=21
pred_scores_shape=(14,)
frame=8/41 receiver_sample=7/20 scenario=2026_07_29_02_32_08 timestamp=000074 cavs=[7, 4, 5, 12]
sgcp_constrained receiver=7 policy=all-cavs sources=[7, 4, 5, 12] clusters=20 ra=selective_edgecooper_global_pmax comm_bytes=21376 selected_grids={4: 3, 5: 3, 12: 4}
fusion_method=early pred_boxes=25 gt_boxes=45
pred_scores_shape=(25,)
frame=8/41 receiver_sample=8/20 scenario=2026_07_29_02_32_08 timestamp=000074 cavs=[8, 2, 11, 12]
sgcp_constrained receiver=8 policy=all-cavs sources=[8, 2, 11, 12] clusters=20 ra=selective_edgecooper_global_pmax comm_bytes=22752 selected_grids={2: 3, 11: 3, 12: 3}
fusion_method=early pred_boxes=26 gt_boxes=48
pred_scores_shape=(26,)
frame=8/41 receiver_sample=9/20 scenario=2026_07_29_02_32_08 timestamp=000074 cavs=[9, 11, 13]
sgcp_constrained receiver=9 policy=all-cavs sources=[9, 11, 13] clusters=20 ra=selective_edgecooper_global_pmax comm_bytes=13472 selected_grids={11: 3, 13: 3}Format = auto
Extension = pcd
Format = auto
Extension = pcd
Format = auto
Extension = pcd
Format = auto
Extension = pcd
Format = auto
Extension = pcd
Format = auto
Extension = pcd
Format = auto
Extension = pcd
Format = auto
Extension = pcd
Format = auto
Extension = pcd
Format = auto
Extension = pcd
Format = auto
Extension = pcd
Format = auto
Extension = pcd
Format = auto
Extension = pcd
Format = auto
Extension = pcd
Format = auto
Extension = pcd
Format = auto
Extension = pcd
Format = auto
Extension = pcd
Format = auto
Extension = pcd
Format = auto
Extension = pcd
Format = auto
Extension = pcd

fusion_method=early pred_boxes=24 gt_boxes=45
pred_scores_shape=(24,)
frame=8/41 receiver_sample=10/20 scenario=2026_07_29_02_32_08 timestamp=000074 cavs=[10, 8, 16, 19]
sgcp_constrained receiver=10 policy=all-cavs sources=[10, 8, 16, 19] clusters=20 ra=selective_edgecooper_global_pmax comm_bytes=22112 selected_grids={8: 4, 16: 3, 19: 4}
fusion_method=early pred_boxes=21 gt_boxes=55
pred_scores_shape=(21,)
frame=8/41 receiver_sample=11/20 scenario=2026_07_29_02_32_08 timestamp=000074 cavs=[11, 1, 8, 9]
sgcp_constrained receiver=11 policy=all-cavs sources=[11, 1, 8, 9] clusters=20 ra=selective_edgecooper_global_pmax comm_bytes=22304 selected_grids={1: 3, 8: 4, 9: 4}
fusion_method=early pred_boxes=21 gt_boxes=56
pred_scores_shape=(21,)
frame=8/41 receiver_sample=12/20 scenario=2026_07_29_02_32_08 timestamp=000074 cavs=[12, 4, 7]
sgcp_constrained receiver=12 policy=all-cavs sources=[12, 4, 7] clusters=20 ra=selective_edgecooper_global_pmax comm_bytes=10192 selected_grids={4: 3, 7: 3}
fusion_method=early pred_boxes=16 gt_boxes=47
pred_scores_shape=(16,)
frame=8/41 receiver_sample=13/20 scenario=2026_07_29_02_32_08 timestamp=000074 cavs=[13, 5, 10, 19]
sgcp_constrained receiver=13 policy=all-cavs sources=[13, 5, 10, 19] clusters=20 ra=selective_edgecooper_global_pmax comm_bytes=17120 selected_grids={5: 4, 10: 3, 19: 3}
fusion_method=early pred_boxes=13 gt_boxes=43
pred_scores_shape=(13,)
frame=8/41 receiver_sample=14/20 scenario=2026_07_29_02_32_08 timestamp=000074 cavs=[14]
sgcp_constrained receiver=14 policy=all-cavs sources=[14] clusters=20 ra=selective_edgecooper_global_pmax comm_bytes=0 selected_grids={}
fusion_method=early pred_boxes=3 gt_boxes=7
pred_scores_shape=(3,)
frame=8/41 receiver_sample=15/20 scenario=2026_07_29_02_32_08 timestamp=000074 cavs=[15, 6]
sgcp_constrained receiver=15 policy=all-cavs sources=[15, 6] clusters=20 ra=selective_edgecooper_global_pmax comm_bytes=11520 selected_grids={6: 4}
fusion_method=early pred_boxes=16 gt_boxes=21
pred_scores_shape=(16,)
frame=8/41 receiver_sample=16/20 scenario=2026_07_29_02_32_08 timestamp=000074 cavs=[16, 3, 10, 20]
sgcp_constrained receiver=16 policy=all-cavs sources=[16, 3, 10, 20] clusters=20 ra=selective_edgecooper_global_pmax comm_bytes=22128 selected_grids={3: 3, 10: 3, 20: 3}
fusion_method=early pred_boxes=25 gt_boxes=57
pred_scores_shape=(25,)
frame=8/41 receiver_sample=17/20 scenario=2026_07_29_02_32_08 timestamp=000074 cavs=[17, 3, 16, 18]
sgcp_constrained receiver=17 policy=all-cavs sources=[17, 3, 16, 18] clusters=20 ra=selective_edgecooper_global_pmax comm_bytes=22480 selected_grids={3: 3, 16: 3, 18: 4}
fusion_method=early pred_boxes=23 gt_boxes=45
pred_scores_shape=(23,)
frame=8/41 receiver_sample=18/20 scenario=2026_07_29_02_32_08 timestamp=000074 cavs=[18, 3, 17]
sgcp_constrained receiver=18 policy=all-cavs sources=[18, 3, 17] clusters=20 ra=selective_edgecooper_global_pmax comm_bytes=17584 selected_grids={3: 3, 17: 3}
fusion_method=early pred_boxes=14 gt_boxes=30
pred_scores_shape=(14,)
frame=8/41 receiver_sample=19/20 scenario=2026_07_29_02_32_08 timestamp=000074 cavs=[19, 9, 13, 20]
sgcp_constrained receiver=19 policy=all-cavs sources=[19, 9, 13, 20] clusters=20 ra=selective_edgecooper_global_pmax comm_bytes=21056 selected_grids={9: 3, 13: 3, 20: 3}
fusion_method=early pred_boxes=17 gt_boxes=43
pred_scores_shape=(17,)
frame=8/41 receiver_sample=20/20 scenario=2026_07_29_02_32_08 timestamp=000074 cavs=[20, 5, 7, 9]
sgcp_constrained receiver=20 policy=all-cavs sources=[20, 5, 7, 9] clusters=20 ra=selective_edgecooper_global_pmax comm_bytes=21312 selected_grids={5: 3, 7: 3, 9: 3}
fusion_method=early pred_boxes=27 gt_boxes=47
pred_scores_shape=(27,)
frame=9/41 receiver_sample=1/20 scenario=2026_07_29_02_32_08 timestamp=000076 cavs=[1, 2, 4, 8]
sgcp_constrained receiver=1 policy=all-cavs sources=[1, 2, 4, 8] clusters=20 ra=selective_edgecooper_global_pmax comm_bytes=24608 selected_grids={2: 4, 4: 4, 8: 3}
fusion_method=early pred_boxes=26 gt_boxes=54
pred_scores_shape=(26,)
frame=9/41 receiver_sample=2/20 scenario=2026_07_29_02_32_08 timestamp=000076 cavs=[2, 1, 10, 11]
sgcp_constrained receiver=2 policy=all-cavs sources=[2, 1, 10, 11] clusters=20 ra=selective_edgecooper_global_pmax comm_bytes=20416 selected_grids={1: 3, 10: 3, 11: 3}
fusion_method=early pred_boxes=24 gt_boxes=58
pred_scores_shape=(24,)
frame=9/41 receiver_sample=3/20 scenario=2026_07_29_02_32_08 timestamp=000076 cavs=[3, 16, 17, 18]
sgcp_constrained receiver=3 policy=all-cavs sources=[3, 16, 17, 18] clusters=20 ra=selective_edgecooper_global_pmax comm_bytes=19520 selected_grids={16: 3, 17: 3, 18: 4}
fusion_method=early pred_boxes=21 gt_boxes=44
pred_scores_shape=(21,)
frame=9/41 receiver_sample=4/20 scenario=2026_07_29_02_32_08 timestamp=000076 cavs=[4, 1, 7, 12]
sgcp_constrained receiver=4 policy=all-cavs sources=[4, 1, 7, 12] clusters=20 ra=selective_edgecooper_global_pmax comm_bytes=18256 selected_grids={1: 3, 7: 3, 12: 3}
fusion_method=early pred_boxes=24 gt_boxes=57
pred_scores_shape=(24,)
frame=9/41 receiver_sample=5/20 scenario=2026_07_29_02_32_08 timestamp=000076 cavs=[5, 13, 19, 20]
sgcp_constrained receiver=5 policy=all-cavs sources=[5, 13, 19, 20] clusters=20 ra=selective_edgecooper_global_pmax comm_bytes=21472 selected_grids={13: 3, 19: 3, 20: 3}
fusion_method=early pred_boxes=23 gt_boxes=41
pred_scores_shape=(23,)
frame=9/41 receiver_sample=6/20 scenario=2026_07_29_02_32_08 timestamp=000076 cavs=[6, 15]
sgcp_constrained receiver=6 policy=all-cavs sources=[6, 15] clusters=20 ra=selective_edgecooper_global_pmax comm_bytes=5264 selected_grids={15: 3}
fusion_method=early pred_boxes=14 gt_boxes=22
pred_scores_shape=(14,)
frame=9/41 receiver_sample=7/20 scenario=2026_07_29_02_32_08 timestamp=000076 cavs=[7, 4, 5, 12]
sgcp_constrained receiver=7 policy=all-cavs sources=[7, 4, 5, 12] clusters=20 ra=selective_edgecooper_global_pmax comm_bytes=21088 selected_grids={4: 3, 5: 3, 12: 4}
fusion_method=early pred_boxes=25 gt_boxes=45
pred_scores_shape=(25,)
frame=9/41 receiver_sample=8/20 scenario=2026_07_29_02_32_08 timestamp=000076 cavs=[8, 2, 11, 12]
sgcp_constrained receiver=8 policy=all-cavs sources=[8, 2, 11, 12] clusters=20 ra=selective_edgecooper_global_pmax comm_bytes=22784 selected_grids={2: 3, 11: 3, 12: 3}
fusion_method=early pred_boxes=29 gt_boxes=47
pred_scores_shape=(29,)
frame=9/41 receiver_sample=9/20 scenario=2026_07_29_02_32_08 timestamp=000076 cavs=[9, 11, 13]
sgcp_constrained receiver=9 policy=all-cavs sources=[9, 11, 13] clusters=20 ra=selective_edgecooper_global_pmax comm_bytes=13440 selected_grids={11: 3, 13: 3}
fusion_method=early pred_boxes=22 gt_boxes=46
pred_scores_shape=(22,)
frame=9/41 receiver_sample=10/20 scenario=2026_07_29_02_32_08 timestamp=000076 cavs=[10, 8, 16, 19]
sgcp_constrained receiver=10 policy=all-cavs sources=[10, 8, 16, 19] clusters=20 ra=selective_edgecooper_global_pmax comm_bytes=22528 selected_grids={8: 4, 16: 3, 19: 4}
fusion_method=early pred_boxes=19 gt_boxes=55
pred_scores_shape=(19,)
frame=9/41 receiver_sample=11/20 scenario=2026_07_29_02_32_08 timestamp=000076 cavs=[11, 1, 2, 10]
sgcp_constrained receiver=11 policy=all-cavs sources=[11, 1, 2, 10] clusters=20 ra=selective_edgecooper_global_pmax comm_bytes=20288 selected_grids={1: 3, 2: 3, 10: 3}
fusion_method=early pred_boxes=24 gt_boxes=56
pred_scores_shape=(24,)
frame=9/41 receiver_sample=12/20 scenario=2026_07_29_02_32_08 timestamp=000076 cavs=[12, 4, 7, 8]
sgcp_constrained receiver=12 policy=all-cavs sources=[12, 4, 7, 8] clusters=20 ra=selective_edgecooper_global_pmax comm_bytes=18848 selected_grids={4: 3, 7: 3, 8: 4}
fusion_method=early pred_boxes=16 gt_boxes=49
pred_scores_shape=(16,)
frame=9/41 receiver_sample=13/20 scenario=2026_07_29_02_32_08 timestamp=000076 cavs=[13, 5, 9, 19]
sgcp_constrained receiver=13 policy=all-cavs sources=[13, 5, 9, 19] clusters=20 ra=selective_edgecooper_global_pmax comm_bytes=18736 selected_grids={5: 4, 9: 3, 19: 3}
fusion_method=early pred_boxes=13 gt_boxes=44
pred_scores_shape=(13,)
frame=9/41 receiver_sample=14/20 scenario=2026_07_29_02_32_08 timestamp=000076 cavs=[14]Format = auto
Extension = pcd
Format = auto
Extension = pcd
Format = auto
Extension = pcd
Format = auto
Extension = pcd
Format = auto
Extension = pcd
Format = auto
Extension = pcd
Format = auto
Extension = pcd
Format = auto
Extension = pcd
Format = auto
Extension = pcd
Format = auto
Extension = pcd
Format = auto
Extension = pcd
Format = auto
Extension = pcd
Format = auto
Extension = pcd
Format = auto
Extension = pcd
Format = auto
Extension = pcd
Format = auto
Extension = pcd
Format = auto
Extension = pcd
Format = auto
Extension = pcd
Format = auto
Extension = pcd
Format = auto
Extension = pcd

sgcp_constrained receiver=14 policy=all-cavs sources=[14] clusters=20 ra=selective_edgecooper_global_pmax comm_bytes=0 selected_grids={}
fusion_method=early pred_boxes=3 gt_boxes=7
pred_scores_shape=(3,)
frame=9/41 receiver_sample=15/20 scenario=2026_07_29_02_32_08 timestamp=000076 cavs=[15, 6]
sgcp_constrained receiver=15 policy=all-cavs sources=[15, 6] clusters=20 ra=selective_edgecooper_global_pmax comm_bytes=10400 selected_grids={6: 4}
fusion_method=early pred_boxes=16 gt_boxes=22
pred_scores_shape=(16,)
frame=9/41 receiver_sample=16/20 scenario=2026_07_29_02_32_08 timestamp=000076 cavs=[16, 10, 17, 20]
sgcp_constrained receiver=16 policy=all-cavs sources=[16, 10, 17, 20] clusters=20 ra=selective_edgecooper_global_pmax comm_bytes=19648 selected_grids={10: 3, 17: 4, 20: 3}
fusion_method=early pred_boxes=25 gt_boxes=58
pred_scores_shape=(25,)
frame=9/41 receiver_sample=17/20 scenario=2026_07_29_02_32_08 timestamp=000076 cavs=[17, 3, 16, 18]
sgcp_constrained receiver=17 policy=all-cavs sources=[17, 3, 16, 18] clusters=20 ra=selective_edgecooper_global_pmax comm_bytes=20016 selected_grids={3: 3, 16: 3, 18: 3}
fusion_method=early pred_boxes=20 gt_boxes=44
pred_scores_shape=(20,)
frame=9/41 receiver_sample=18/20 scenario=2026_07_29_02_32_08 timestamp=000076 cavs=[18, 3, 17]
sgcp_constrained receiver=18 policy=all-cavs sources=[18, 3, 17] clusters=20 ra=selective_edgecooper_global_pmax comm_bytes=17520 selected_grids={3: 3, 17: 3}
fusion_method=early pred_boxes=15 gt_boxes=30
pred_scores_shape=(15,)
frame=9/41 receiver_sample=19/20 scenario=2026_07_29_02_32_08 timestamp=000076 cavs=[19, 9, 13, 20]
sgcp_constrained receiver=19 policy=all-cavs sources=[19, 9, 13, 20] clusters=20 ra=selective_edgecooper_global_pmax comm_bytes=20384 selected_grids={9: 3, 13: 3, 20: 3}
fusion_method=early pred_boxes=17 gt_boxes=43
pred_scores_shape=(17,)
frame=9/41 receiver_sample=20/20 scenario=2026_07_29_02_32_08 timestamp=000076 cavs=[20, 5, 7, 9]
sgcp_constrained receiver=20 policy=all-cavs sources=[20, 5, 7, 9] clusters=20 ra=selective_edgecooper_global_pmax comm_bytes=24384 selected_grids={5: 3, 7: 3, 9: 4}
fusion_method=early pred_boxes=28 gt_boxes=49
pred_scores_shape=(28,)
frame=10/41 receiver_sample=1/20 scenario=2026_07_29_02_32_08 timestamp=000078 cavs=[1, 2, 4, 8]
sgcp_constrained receiver=1 policy=all-cavs sources=[1, 2, 4, 8] clusters=20 ra=selective_edgecooper_global_pmax comm_bytes=23616 selected_grids={2: 3, 4: 3, 8: 3}
fusion_method=early pred_boxes=26 gt_boxes=55
pred_scores_shape=(26,)
frame=10/41 receiver_sample=2/20 scenario=2026_07_29_02_32_08 timestamp=000078 cavs=[2, 1, 10, 11]
sgcp_constrained receiver=2 policy=all-cavs sources=[2, 1, 10, 11] clusters=20 ra=selective_edgecooper_global_pmax comm_bytes=20496 selected_grids={1: 3, 10: 3, 11: 4}
fusion_method=early pred_boxes=26 gt_boxes=58
pred_scores_shape=(26,)
frame=10/41 receiver_sample=3/20 scenario=2026_07_29_02_32_08 timestamp=000078 cavs=[3, 16, 17, 18]
sgcp_constrained receiver=3 policy=all-cavs sources=[3, 16, 17, 18] clusters=20 ra=selective_edgecooper_global_pmax comm_bytes=19376 selected_grids={16: 3, 17: 3, 18: 4}
fusion_method=early pred_boxes=19 gt_boxes=42
pred_scores_shape=(19,)
frame=10/41 receiver_sample=4/20 scenario=2026_07_29_02_32_08 timestamp=000078 cavs=[4, 1, 7, 12]
sgcp_constrained receiver=4 policy=all-cavs sources=[4, 1, 7, 12] clusters=20 ra=selective_edgecooper_global_pmax comm_bytes=19040 selected_grids={1: 4, 7: 3, 12: 3}
fusion_method=early pred_boxes=23 gt_boxes=58
pred_scores_shape=(23,)
frame=10/41 receiver_sample=5/20 scenario=2026_07_29_02_32_08 timestamp=000078 cavs=[5, 13, 19, 20]
sgcp_constrained receiver=5 policy=all-cavs sources=[5, 13, 19, 20] clusters=20 ra=selective_edgecooper_global_pmax comm_bytes=21328 selected_grids={13: 3, 19: 3, 20: 3}
fusion_method=early pred_boxes=24 gt_boxes=41
pred_scores_shape=(24,)
frame=10/41 receiver_sample=6/20 scenario=2026_07_29_02_32_08 timestamp=000078 cavs=[6, 15]
sgcp_constrained receiver=6 policy=all-cavs sources=[6, 15] clusters=20 ra=selective_edgecooper_global_pmax comm_bytes=5040 selected_grids={15: 3}
fusion_method=early pred_boxes=14 gt_boxes=22
pred_scores_shape=(14,)
frame=10/41 receiver_sample=7/20 scenario=2026_07_29_02_32_08 timestamp=000078 cavs=[7, 4, 5, 12]
sgcp_constrained receiver=7 policy=all-cavs sources=[7, 4, 5, 12] clusters=20 ra=selective_edgecooper_global_pmax comm_bytes=21024 selected_grids={4: 3, 5: 3, 12: 4}
fusion_method=early pred_boxes=25 gt_boxes=45
pred_scores_shape=(25,)
frame=10/41 receiver_sample=8/20 scenario=2026_07_29_02_32_08 timestamp=000078 cavs=[8, 2, 11, 12]
sgcp_constrained receiver=8 policy=all-cavs sources=[8, 2, 11, 12] clusters=20 ra=selective_edgecooper_global_pmax comm_bytes=22784 selected_grids={2: 3, 11: 3, 12: 3}
fusion_method=early pred_boxes=28 gt_boxes=47
pred_scores_shape=(28,)
frame=10/41 receiver_sample=9/20 scenario=2026_07_29_02_32_08 timestamp=000078 cavs=[9, 11, 13]
sgcp_constrained receiver=9 policy=all-cavs sources=[9, 11, 13] clusters=20 ra=selective_edgecooper_global_pmax comm_bytes=13392 selected_grids={11: 3, 13: 3}
fusion_method=early pred_boxes=24 gt_boxes=46
pred_scores_shape=(24,)
frame=10/41 receiver_sample=10/20 scenario=2026_07_29_02_32_08 timestamp=000078 cavs=[10, 8, 16, 19]
sgcp_constrained receiver=10 policy=all-cavs sources=[10, 8, 16, 19] clusters=20 ra=selective_edgecooper_global_pmax comm_bytes=22368 selected_grids={8: 4, 16: 3, 19: 4}
fusion_method=early pred_boxes=23 gt_boxes=55
pred_scores_shape=(23,)
frame=10/41 receiver_sample=11/20 scenario=2026_07_29_02_32_08 timestamp=000078 cavs=[11, 1, 2, 10]
sgcp_constrained receiver=11 policy=all-cavs sources=[11, 1, 2, 10] clusters=20 ra=selective_edgecooper_global_pmax comm_bytes=17760 selected_grids={1: 3, 2: 3, 10: 3}
fusion_method=early pred_boxes=25 gt_boxes=57
pred_scores_shape=(25,)
frame=10/41 receiver_sample=12/20 scenario=2026_07_29_02_32_08 timestamp=000078 cavs=[12, 4, 7, 8]
sgcp_constrained receiver=12 policy=all-cavs sources=[12, 4, 7, 8] clusters=20 ra=selective_edgecooper_global_pmax comm_bytes=19504 selected_grids={4: 3, 7: 3, 8: 3}
fusion_method=early pred_boxes=21 gt_boxes=49
pred_scores_shape=(21,)
frame=10/41 receiver_sample=13/20 scenario=2026_07_29_02_32_08 timestamp=000078 cavs=[13, 5, 9, 19]
sgcp_constrained receiver=13 policy=all-cavs sources=[13, 5, 9, 19] clusters=20 ra=selective_edgecooper_global_pmax comm_bytes=18016 selected_grids={5: 4, 9: 3, 19: 3}
fusion_method=early pred_boxes=15 gt_boxes=44
pred_scores_shape=(15,)
frame=10/41 receiver_sample=14/20 scenario=2026_07_29_02_32_08 timestamp=000078 cavs=[14]
sgcp_constrained receiver=14 policy=all-cavs sources=[14] clusters=20 ra=selective_edgecooper_global_pmax comm_bytes=0 selected_grids={}
fusion_method=early pred_boxes=5 gt_boxes=7
pred_scores_shape=(5,)
frame=10/41 receiver_sample=15/20 scenario=2026_07_29_02_32_08 timestamp=000078 cavs=[15, 6]
sgcp_constrained receiver=15 policy=all-cavs sources=[15, 6] clusters=20 ra=selective_edgecooper_global_pmax comm_bytes=10256 selected_grids={6: 4}
fusion_method=early pred_boxes=17 gt_boxes=22
pred_scores_shape=(17,)
frame=10/41 receiver_sample=16/20 scenario=2026_07_29_02_32_08 timestamp=000078 cavs=[16, 10, 17, 20]
sgcp_constrained receiver=16 policy=all-cavs sources=[16, 10, 17, 20] clusters=20 ra=selective_edgecooper_global_pmax comm_bytes=22656 selected_grids={10: 3, 17: 4, 20: 3}
fusion_method=early pred_boxes=24 gt_boxes=58
pred_scores_shape=(24,)
frame=10/41 receiver_sample=17/20 scenario=2026_07_29_02_32_08 timestamp=000078 cavs=[17, 3, 16, 18]
sgcp_constrained receiver=17 policy=all-cavs sources=[17, 3, 16, 18] clusters=20 ra=selective_edgecooper_global_pmax comm_bytes=20544 selected_grids={3: 3, 16: 3, 18: 3}
fusion_method=early pred_boxes=22 gt_boxes=42
pred_scores_shape=(22,)
frame=10/41 receiver_sample=18/20 scenario=2026_07_29_02_32_08 timestamp=000078 cavs=[18, 3, 17]
sgcp_constrained receiver=18 policy=all-cavs sources=[18, 3, 17] clusters=20 ra=selective_edgecooper_global_pmax comm_bytes=17600 selected_grids={3: 3, 17: 3}
fusion_method=early pred_boxes=15 gt_boxes=30Format = auto
Extension = pcd
Format = auto
Extension = pcd
Format = auto
Extension = pcd
Format = auto
Extension = pcd
Format = auto
Extension = pcd
Format = auto
Extension = pcd
Format = auto
Extension = pcd
Format = auto
Extension = pcd
Format = auto
Extension = pcd
Format = auto
Extension = pcd
Format = auto
Extension = pcd
Format = auto
Extension = pcd
Format = auto
Extension = pcd
Format = auto
Extension = pcd
Format = auto
Extension = pcd
Format = auto
Extension = pcd
Format = auto
Extension = pcd
Format = auto
Extension = pcd
Format = auto
Extension = pcd
Format = auto
Extension = pcd
Format = auto
Extension = pcd
Format = auto
Extension = pcd
Format = auto
Extension = pcd
Format = auto
Extension = pcd
Format = auto
Extension = pcd
Format = auto
Extension = pcd
Format = auto
Extension = pcd
Format = auto
Extension = pcd
Format = auto
Extension = pcd
Format = auto
Extension = pcd
Format = auto
Extension = pcd
Format = auto
Extension = pcd
Format = auto
Extension = pcd
Format = auto
Extension = pcd
Format = auto
Extension = pcd
Format = auto
Extension = pcd
Format = auto
Extension = pcd
Format = auto
Extension = pcd
Format = auto
Extension = pcd
Format = auto
Extension = pcd

pred_scores_shape=(15,)
frame=10/41 receiver_sample=19/20 scenario=2026_07_29_02_32_08 timestamp=000078 cavs=[19, 9, 13, 20]
sgcp_constrained receiver=19 policy=all-cavs sources=[19, 9, 13, 20] clusters=20 ra=selective_edgecooper_global_pmax comm_bytes=20352 selected_grids={9: 3, 13: 3, 20: 3}
fusion_method=early pred_boxes=17 gt_boxes=43
pred_scores_shape=(17,)
frame=10/41 receiver_sample=20/20 scenario=2026_07_29_02_32_08 timestamp=000078 cavs=[20, 5, 7, 9]
sgcp_constrained receiver=20 policy=all-cavs sources=[20, 5, 7, 9] clusters=20 ra=selective_edgecooper_global_pmax comm_bytes=24448 selected_grids={5: 3, 7: 3, 9: 4}
fusion_method=early pred_boxes=26 gt_boxes=48
pred_scores_shape=(26,)
frame=11/41 receiver_sample=1/20 scenario=2026_07_29_02_32_08 timestamp=000080 cavs=[1, 2, 4, 8]
sgcp_constrained receiver=1 policy=all-cavs sources=[1, 2, 4, 8] clusters=20 ra=selective_edgecooper_global_pmax comm_bytes=25280 selected_grids={2: 4, 4: 4, 8: 3}
fusion_method=early pred_boxes=27 gt_boxes=55
pred_scores_shape=(27,)
frame=11/41 receiver_sample=2/20 scenario=2026_07_29_02_32_08 timestamp=000080 cavs=[2, 1, 11]
sgcp_constrained receiver=2 policy=all-cavs sources=[2, 1, 11] clusters=20 ra=selective_edgecooper_global_pmax comm_bytes=12416 selected_grids={1: 3, 11: 4}
fusion_method=early pred_boxes=23 gt_boxes=50
pred_scores_shape=(23,)
frame=11/41 receiver_sample=3/20 scenario=2026_07_29_02_32_08 timestamp=000080 cavs=[3, 16, 17, 18]
sgcp_constrained receiver=3 policy=all-cavs sources=[3, 16, 17, 18] clusters=20 ra=selective_edgecooper_global_pmax comm_bytes=21248 selected_grids={16: 3, 17: 4, 18: 4}
fusion_method=early pred_boxes=23 gt_boxes=42
pred_scores_shape=(23,)
frame=11/41 receiver_sample=4/20 scenario=2026_07_29_02_32_08 timestamp=000080 cavs=[4, 1, 7, 12]
sgcp_constrained receiver=4 policy=all-cavs sources=[4, 1, 7, 12] clusters=20 ra=selective_edgecooper_global_pmax comm_bytes=20096 selected_grids={1: 4, 7: 3, 12: 3}
fusion_method=early pred_boxes=25 gt_boxes=57
pred_scores_shape=(25,)
frame=11/41 receiver_sample=5/20 scenario=2026_07_29_02_32_08 timestamp=000080 cavs=[5, 13, 19, 20]
sgcp_constrained receiver=5 policy=all-cavs sources=[5, 13, 19, 20] clusters=20 ra=selective_edgecooper_global_pmax comm_bytes=21088 selected_grids={13: 3, 19: 3, 20: 3}
fusion_method=early pred_boxes=22 gt_boxes=41
pred_scores_shape=(22,)
frame=11/41 receiver_sample=6/20 scenario=2026_07_29_02_32_08 timestamp=000080 cavs=[6, 15]
sgcp_constrained receiver=6 policy=all-cavs sources=[6, 15] clusters=20 ra=selective_edgecooper_global_pmax comm_bytes=5440 selected_grids={15: 3}
fusion_method=early pred_boxes=14 gt_boxes=22
pred_scores_shape=(14,)
frame=11/41 receiver_sample=7/20 scenario=2026_07_29_02_32_08 timestamp=000080 cavs=[7, 4, 12, 20]
sgcp_constrained receiver=7 policy=all-cavs sources=[7, 4, 12, 20] clusters=20 ra=selective_edgecooper_global_pmax comm_bytes=20160 selected_grids={4: 3, 12: 4, 20: 3}
fusion_method=early pred_boxes=25 gt_boxes=44
pred_scores_shape=(25,)
frame=11/41 receiver_sample=8/20 scenario=2026_07_29_02_32_08 timestamp=000080 cavs=[8, 2, 11, 12]
sgcp_constrained receiver=8 policy=all-cavs sources=[8, 2, 11, 12] clusters=20 ra=selective_edgecooper_global_pmax comm_bytes=22784 selected_grids={2: 3, 11: 3, 12: 3}
fusion_method=early pred_boxes=27 gt_boxes=47
pred_scores_shape=(27,)
frame=11/41 receiver_sample=9/20 scenario=2026_07_29_02_32_08 timestamp=000080 cavs=[9, 5, 11, 13]
sgcp_constrained receiver=9 policy=all-cavs sources=[9, 5, 11, 13] clusters=20 ra=selective_edgecooper_global_pmax comm_bytes=26960 selected_grids={5: 4, 11: 4, 13: 3}
fusion_method=early pred_boxes=24 gt_boxes=49
pred_scores_shape=(24,)
frame=11/41 receiver_sample=10/20 scenario=2026_07_29_02_32_08 timestamp=000080 cavs=[10, 8, 16, 19]
sgcp_constrained receiver=10 policy=all-cavs sources=[10, 8, 16, 19] clusters=20 ra=selective_edgecooper_global_pmax comm_bytes=22400 selected_grids={8: 4, 16: 3, 19: 4}
fusion_method=early pred_boxes=22 gt_boxes=55
pred_scores_shape=(22,)
frame=11/41 receiver_sample=11/20 scenario=2026_07_29_02_32_08 timestamp=000080 cavs=[11, 1, 2, 10]
sgcp_constrained receiver=11 policy=all-cavs sources=[11, 1, 2, 10] clusters=20 ra=selective_edgecooper_global_pmax comm_bytes=17936 selected_grids={1: 3, 2: 3, 10: 3}
fusion_method=early pred_boxes=25 gt_boxes=57
pred_scores_shape=(25,)
frame=11/41 receiver_sample=12/20 scenario=2026_07_29_02_32_08 timestamp=000080 cavs=[12, 4, 7, 8]
sgcp_constrained receiver=12 policy=all-cavs sources=[12, 4, 7, 8] clusters=20 ra=selective_edgecooper_global_pmax comm_bytes=24288 selected_grids={4: 3, 7: 4, 8: 4}
fusion_method=early pred_boxes=23 gt_boxes=50
pred_scores_shape=(23,)
frame=11/41 receiver_sample=13/20 scenario=2026_07_29_02_32_08 timestamp=000080 cavs=[13, 5, 9, 19]
sgcp_constrained receiver=13 policy=all-cavs sources=[13, 5, 9, 19] clusters=20 ra=selective_edgecooper_global_pmax comm_bytes=18272 selected_grids={5: 4, 9: 3, 19: 3}
fusion_method=early pred_boxes=13 gt_boxes=44
pred_scores_shape=(13,)
frame=11/41 receiver_sample=14/20 scenario=2026_07_29_02_32_08 timestamp=000080 cavs=[14]
sgcp_constrained receiver=14 policy=all-cavs sources=[14] clusters=20 ra=selective_edgecooper_global_pmax comm_bytes=0 selected_grids={}
fusion_method=early pred_boxes=3 gt_boxes=7
pred_scores_shape=(3,)
frame=11/41 receiver_sample=15/20 scenario=2026_07_29_02_32_08 timestamp=000080 cavs=[15, 6]
sgcp_constrained receiver=15 policy=all-cavs sources=[15, 6] clusters=20 ra=selective_edgecooper_global_pmax comm_bytes=10336 selected_grids={6: 4}
fusion_method=early pred_boxes=15 gt_boxes=22
pred_scores_shape=(15,)
frame=11/41 receiver_sample=16/20 scenario=2026_07_29_02_32_08 timestamp=000080 cavs=[16, 10, 17, 20]
sgcp_constrained receiver=16 policy=all-cavs sources=[16, 10, 17, 20] clusters=20 ra=selective_edgecooper_global_pmax comm_bytes=25856 selected_grids={10: 4, 17: 4, 20: 3}
fusion_method=early pred_boxes=26 gt_boxes=57
pred_scores_shape=(26,)
frame=11/41 receiver_sample=17/20 scenario=2026_07_29_02_32_08 timestamp=000080 cavs=[17, 3, 16]
sgcp_constrained receiver=17 policy=all-cavs sources=[17, 3, 16] clusters=20 ra=selective_edgecooper_global_pmax comm_bytes=14128 selected_grids={3: 3, 16: 3}
fusion_method=early pred_boxes=21 gt_boxes=41
pred_scores_shape=(21,)
frame=11/41 receiver_sample=18/20 scenario=2026_07_29_02_32_08 timestamp=000080 cavs=[18, 3]
sgcp_constrained receiver=18 policy=all-cavs sources=[18, 3] clusters=20 ra=selective_edgecooper_global_pmax comm_bytes=9088 selected_grids={3: 3}
fusion_method=early pred_boxes=15 gt_boxes=27
pred_scores_shape=(15,)
frame=11/41 receiver_sample=19/20 scenario=2026_07_29_02_32_08 timestamp=000080 cavs=[19, 9, 10, 13]
sgcp_constrained receiver=19 policy=all-cavs sources=[19, 9, 10, 13] clusters=20 ra=selective_edgecooper_global_pmax comm_bytes=17440 selected_grids={9: 3, 10: 3, 13: 3}
fusion_method=early pred_boxes=16 gt_boxes=42
pred_scores_shape=(16,)
frame=11/41 receiver_sample=20/20 scenario=2026_07_29_02_32_08 timestamp=000080 cavs=[20, 5, 7, 9]
sgcp_constrained receiver=20 policy=all-cavs sources=[20, 5, 7, 9] clusters=20 ra=selective_edgecooper_global_pmax comm_bytes=24384 selected_grids={5: 3, 7: 3, 9: 4}
fusion_method=early pred_boxes=28 gt_boxes=47
pred_scores_shape=(28,)
frame=12/41 receiver_sample=1/20 scenario=2026_07_29_02_32_08 timestamp=000082 cavs=[1, 2, 4, 8]
sgcp_constrained receiver=1 policy=all-cavs sources=[1, 2, 4, 8] clusters=20 ra=selective_edgecooper_global_pmax comm_bytes=23424 selected_grids={2: 3, 4: 3, 8: 3}
fusion_method=early pred_boxes=26 gt_boxes=55
pred_scores_shape=(26,)
frame=12/41 receiver_sample=2/20 scenario=2026_07_29_02_32_08 timestamp=000082 cavs=[2, 1, 10, 11]
sgcp_constrained receiver=2 policy=all-cavs sources=[2, 1, 10, 11] clusters=20 ra=selective_edgecooper_global_pmax comm_bytes=21424 selected_grids={1: 3, 10: 3, 11: 4}
fusion_method=early pred_boxes=22 gt_boxes=59
pred_scores_shape=(22,)
frame=12/41 receiver_sample=3/20 scenario=2026_07_29_02_32_08 timestamp=000082 cavs=[3, 16, 17, 18]
sgcp_constrained receiver=3 policy=all-cavs sources=[3, 16, 17, 18] clusters=20 ra=selective_edgecooper_global_pmax comm_bytes=20128 selected_grids={16: 3, 17: 4, 18: 4}Format = auto
Extension = pcd
Format = auto
Extension = pcd
Format = auto
Extension = pcd
Format = auto
Extension = pcd
Format = auto
Extension = pcd
Format = auto
Extension = pcd
Format = auto
Extension = pcd
Format = auto
Extension = pcd
Format = auto
Extension = pcd
Format = auto
Extension = pcd
Format = auto
Extension = pcd
Format = auto
Extension = pcd
Format = auto
Extension = pcd
Format = auto
Extension = pcd
Format = auto
Extension = pcd
Format = auto
Extension = pcd
Format = auto
Extension = pcd
Format = auto
Extension = pcd
Format = auto
Extension = pcd
Format = auto
Extension = pcd

fusion_method=early pred_boxes=19 gt_boxes=44
pred_scores_shape=(19,)
frame=12/41 receiver_sample=4/20 scenario=2026_07_29_02_32_08 timestamp=000082 cavs=[4, 1, 7, 12]
sgcp_constrained receiver=4 policy=all-cavs sources=[4, 1, 7, 12] clusters=20 ra=selective_edgecooper_global_pmax comm_bytes=20432 selected_grids={1: 4, 7: 4, 12: 3}
fusion_method=early pred_boxes=24 gt_boxes=56
pred_scores_shape=(24,)
frame=12/41 receiver_sample=5/20 scenario=2026_07_29_02_32_08 timestamp=000082 cavs=[5, 13, 19, 20]
sgcp_constrained receiver=5 policy=all-cavs sources=[5, 13, 19, 20] clusters=20 ra=selective_edgecooper_global_pmax comm_bytes=21936 selected_grids={13: 3, 19: 4, 20: 3}
fusion_method=early pred_boxes=24 gt_boxes=42
pred_scores_shape=(24,)
frame=12/41 receiver_sample=6/20 scenario=2026_07_29_02_32_08 timestamp=000082 cavs=[6, 15]
sgcp_constrained receiver=6 policy=all-cavs sources=[6, 15] clusters=20 ra=selective_edgecooper_global_pmax comm_bytes=6656 selected_grids={15: 4}
fusion_method=early pred_boxes=13 gt_boxes=22
pred_scores_shape=(13,)
frame=12/41 receiver_sample=7/20 scenario=2026_07_29_02_32_08 timestamp=000082 cavs=[7, 4, 5, 12]
sgcp_constrained receiver=7 policy=all-cavs sources=[7, 4, 5, 12] clusters=20 ra=selective_edgecooper_global_pmax comm_bytes=25344 selected_grids={4: 3, 5: 4, 12: 4}
fusion_method=early pred_boxes=26 gt_boxes=45
pred_scores_shape=(26,)
frame=12/41 receiver_sample=8/20 scenario=2026_07_29_02_32_08 timestamp=000082 cavs=[8, 2, 11, 12]
sgcp_constrained receiver=8 policy=all-cavs sources=[8, 2, 11, 12] clusters=20 ra=selective_edgecooper_global_pmax comm_bytes=23296 selected_grids={2: 4, 11: 3, 12: 3}
fusion_method=early pred_boxes=28 gt_boxes=47
pred_scores_shape=(28,)
frame=12/41 receiver_sample=9/20 scenario=2026_07_29_02_32_08 timestamp=000082 cavs=[9, 11, 13]
sgcp_constrained receiver=9 policy=all-cavs sources=[9, 11, 13] clusters=20 ra=selective_edgecooper_global_pmax comm_bytes=14912 selected_grids={11: 4, 13: 3}
fusion_method=early pred_boxes=25 gt_boxes=45
pred_scores_shape=(25,)
frame=12/41 receiver_sample=10/20 scenario=2026_07_29_02_32_08 timestamp=000082 cavs=[10, 8, 16, 19]
sgcp_constrained receiver=10 policy=all-cavs sources=[10, 8, 16, 19] clusters=20 ra=selective_edgecooper_global_pmax comm_bytes=22048 selected_grids={8: 4, 16: 3, 19: 4}
fusion_method=early pred_boxes=24 gt_boxes=55
pred_scores_shape=(24,)
frame=12/41 receiver_sample=11/20 scenario=2026_07_29_02_32_08 timestamp=000082 cavs=[11, 1, 8, 10]
sgcp_constrained receiver=11 policy=all-cavs sources=[11, 1, 8, 10] clusters=20 ra=selective_edgecooper_global_pmax comm_bytes=22464 selected_grids={1: 4, 8: 4, 10: 3}
fusion_method=early pred_boxes=22 gt_boxes=56
pred_scores_shape=(22,)
frame=12/41 receiver_sample=12/20 scenario=2026_07_29_02_32_08 timestamp=000082 cavs=[12, 4, 7]
sgcp_constrained receiver=12 policy=all-cavs sources=[12, 4, 7] clusters=20 ra=selective_edgecooper_global_pmax comm_bytes=13664 selected_grids={4: 3, 7: 4}
fusion_method=early pred_boxes=17 gt_boxes=47
pred_scores_shape=(17,)
frame=12/41 receiver_sample=13/20 scenario=2026_07_29_02_32_08 timestamp=000082 cavs=[13, 5, 9, 19]
sgcp_constrained receiver=13 policy=all-cavs sources=[13, 5, 9, 19] clusters=20 ra=selective_edgecooper_global_pmax comm_bytes=19968 selected_grids={5: 4, 9: 4, 19: 3}
fusion_method=early pred_boxes=16 gt_boxes=44
pred_scores_shape=(16,)
frame=12/41 receiver_sample=14/20 scenario=2026_07_29_02_32_08 timestamp=000082 cavs=[14]
sgcp_constrained receiver=14 policy=all-cavs sources=[14] clusters=20 ra=selective_edgecooper_global_pmax comm_bytes=0 selected_grids={}
fusion_method=early pred_boxes=4 gt_boxes=7
pred_scores_shape=(4,)
frame=12/41 receiver_sample=15/20 scenario=2026_07_29_02_32_08 timestamp=000082 cavs=[15, 6]
sgcp_constrained receiver=15 policy=all-cavs sources=[15, 6] clusters=20 ra=selective_edgecooper_global_pmax comm_bytes=10480 selected_grids={6: 4}
fusion_method=early pred_boxes=17 gt_boxes=22
pred_scores_shape=(17,)
frame=12/41 receiver_sample=16/20 scenario=2026_07_29_02_32_08 timestamp=000082 cavs=[16, 10, 17, 20]
sgcp_constrained receiver=16 policy=all-cavs sources=[16, 10, 17, 20] clusters=20 ra=selective_edgecooper_global_pmax comm_bytes=24064 selected_grids={10: 4, 17: 4, 20: 3}
fusion_method=early pred_boxes=29 gt_boxes=58
pred_scores_shape=(29,)
frame=12/41 receiver_sample=17/20 scenario=2026_07_29_02_32_08 timestamp=000082 cavs=[17, 3, 16]
sgcp_constrained receiver=17 policy=all-cavs sources=[17, 3, 16] clusters=20 ra=selective_edgecooper_global_pmax comm_bytes=14032 selected_grids={3: 3, 16: 3}
fusion_method=early pred_boxes=20 gt_boxes=43
pred_scores_shape=(20,)
frame=12/41 receiver_sample=18/20 scenario=2026_07_29_02_32_08 timestamp=000082 cavs=[18, 3]
sgcp_constrained receiver=18 policy=all-cavs sources=[18, 3] clusters=20 ra=selective_edgecooper_global_pmax comm_bytes=8720 selected_grids={3: 3}
fusion_method=early pred_boxes=15 gt_boxes=28
pred_scores_shape=(15,)
frame=12/41 receiver_sample=19/20 scenario=2026_07_29_02_32_08 timestamp=000082 cavs=[19, 9, 13, 20]
sgcp_constrained receiver=19 policy=all-cavs sources=[19, 9, 13, 20] clusters=20 ra=selective_edgecooper_global_pmax comm_bytes=22128 selected_grids={9: 3, 13: 3, 20: 4}
fusion_method=early pred_boxes=18 gt_boxes=44
pred_scores_shape=(18,)
frame=12/41 receiver_sample=20/20 scenario=2026_07_29_02_32_08 timestamp=000082 cavs=[20, 5, 7, 9]
sgcp_constrained receiver=20 policy=all-cavs sources=[20, 5, 7, 9] clusters=20 ra=selective_edgecooper_global_pmax comm_bytes=24480 selected_grids={5: 3, 7: 3, 9: 4}
fusion_method=early pred_boxes=27 gt_boxes=48
pred_scores_shape=(27,)
frame=13/41 receiver_sample=1/20 scenario=2026_07_29_02_32_08 timestamp=000084 cavs=[1, 2, 4, 8]
sgcp_constrained receiver=1 policy=all-cavs sources=[1, 2, 4, 8] clusters=20 ra=selective_edgecooper_global_pmax comm_bytes=23712 selected_grids={2: 3, 4: 4, 8: 3}
fusion_method=early pred_boxes=27 gt_boxes=54
pred_scores_shape=(27,)
frame=13/41 receiver_sample=2/20 scenario=2026_07_29_02_32_08 timestamp=000084 cavs=[2, 1, 10, 11]
sgcp_constrained receiver=2 policy=all-cavs sources=[2, 1, 10, 11] clusters=20 ra=selective_edgecooper_global_pmax comm_bytes=24672 selected_grids={1: 3, 10: 4, 11: 4}
fusion_method=early pred_boxes=27 gt_boxes=58
pred_scores_shape=(27,)
frame=13/41 receiver_sample=3/20 scenario=2026_07_29_02_32_08 timestamp=000084 cavs=[3, 16, 17, 18]
sgcp_constrained receiver=3 policy=all-cavs sources=[3, 16, 17, 18] clusters=20 ra=selective_edgecooper_global_pmax comm_bytes=22592 selected_grids={16: 4, 17: 4, 18: 4}
fusion_method=early pred_boxes=21 gt_boxes=43
pred_scores_shape=(21,)
frame=13/41 receiver_sample=4/20 scenario=2026_07_29_02_32_08 timestamp=000084 cavs=[4, 1, 7, 12]
sgcp_constrained receiver=4 policy=all-cavs sources=[4, 1, 7, 12] clusters=20 ra=selective_edgecooper_global_pmax comm_bytes=23376 selected_grids={1: 4, 7: 4, 12: 4}
fusion_method=early pred_boxes=25 gt_boxes=57
pred_scores_shape=(25,)
frame=13/41 receiver_sample=5/20 scenario=2026_07_29_02_32_08 timestamp=000084 cavs=[5, 7, 13, 20]
sgcp_constrained receiver=5 policy=all-cavs sources=[5, 7, 13, 20] clusters=20 ra=selective_edgecooper_global_pmax comm_bytes=22208 selected_grids={7: 4, 13: 4, 20: 3}
fusion_method=early pred_boxes=23 gt_boxes=43
pred_scores_shape=(23,)
frame=13/41 receiver_sample=6/20 scenario=2026_07_29_02_32_08 timestamp=000084 cavs=[6, 15]
sgcp_constrained receiver=6 policy=all-cavs sources=[6, 15] clusters=20 ra=selective_edgecooper_global_pmax comm_bytes=6368 selected_grids={15: 4}
fusion_method=early pred_boxes=14 gt_boxes=22
pred_scores_shape=(14,)
frame=13/41 receiver_sample=7/20 scenario=2026_07_29_02_32_08 timestamp=000084 cavs=[7, 4, 12]
sgcp_constrained receiver=7 policy=all-cavs sources=[7, 4, 12] clusters=20 ra=selective_edgecooper_global_pmax comm_bytes=13488 selected_grids={4: 3, 12: 3}
fusion_method=early pred_boxes=26 gt_boxes=42
pred_scores_shape=(26,)
frame=13/41 receiver_sample=8/20 scenario=2026_07_29_02_32_08 timestamp=000084 cavs=[8, 2, 11, 12]
sgcp_constrained receiver=8 policy=all-cavs sources=[8, 2, 11, 12] clusters=20 ra=selective_edgecooper_global_pmax comm_bytes=25984 selected_grids={2: 4, 11: 3, 12: 4}Format = auto
Extension = pcd
Format = auto
Extension = pcd
Format = auto
Extension = pcd
Format = auto
Extension = pcd
Format = auto
Extension = pcd
Format = auto
Extension = pcd
Format = auto
Extension = pcd
Format = auto
Extension = pcd
Format = auto
Extension = pcd
Format = auto
Extension = pcd
Format = auto
Extension = pcd
Format = auto
Extension = pcd
Format = auto
Extension = pcd
Format = auto
Extension = pcd
Format = auto
Extension = pcd
Format = auto
Extension = pcd
Format = auto
Extension = pcd
Format = auto
Extension = pcd
Format = auto
Extension = pcd
Format = auto
Extension = pcd

fusion_method=early pred_boxes=24 gt_boxes=47
pred_scores_shape=(24,)
frame=13/41 receiver_sample=9/20 scenario=2026_07_29_02_32_08 timestamp=000084 cavs=[9, 11, 13, 19]
sgcp_constrained receiver=9 policy=all-cavs sources=[9, 11, 13, 19] clusters=20 ra=selective_edgecooper_global_pmax comm_bytes=23504 selected_grids={11: 4, 13: 3, 19: 3}
fusion_method=early pred_boxes=25 gt_boxes=46
pred_scores_shape=(25,)
frame=13/41 receiver_sample=10/20 scenario=2026_07_29_02_32_08 timestamp=000084 cavs=[10, 8, 19, 20]
sgcp_constrained receiver=10 policy=all-cavs sources=[10, 8, 19, 20] clusters=20 ra=selective_edgecooper_global_pmax comm_bytes=19360 selected_grids={8: 4, 19: 4, 20: 3}
fusion_method=early pred_boxes=25 gt_boxes=52
pred_scores_shape=(25,)
frame=13/41 receiver_sample=11/20 scenario=2026_07_29_02_32_08 timestamp=000084 cavs=[11, 1, 8, 10]
sgcp_constrained receiver=11 policy=all-cavs sources=[11, 1, 8, 10] clusters=20 ra=selective_edgecooper_global_pmax comm_bytes=22608 selected_grids={1: 4, 8: 4, 10: 3}
fusion_method=early pred_boxes=23 gt_boxes=56
pred_scores_shape=(23,)
frame=13/41 receiver_sample=12/20 scenario=2026_07_29_02_32_08 timestamp=000084 cavs=[12, 4, 7]
sgcp_constrained receiver=12 policy=all-cavs sources=[12, 4, 7] clusters=20 ra=selective_edgecooper_global_pmax comm_bytes=13808 selected_grids={4: 3, 7: 4}
fusion_method=early pred_boxes=17 gt_boxes=45
pred_scores_shape=(17,)
frame=13/41 receiver_sample=13/20 scenario=2026_07_29_02_32_08 timestamp=000084 cavs=[13, 5, 9, 19]
sgcp_constrained receiver=13 policy=all-cavs sources=[13, 5, 9, 19] clusters=20 ra=selective_edgecooper_global_pmax comm_bytes=20272 selected_grids={5: 4, 9: 4, 19: 3}
fusion_method=early pred_boxes=14 gt_boxes=44
pred_scores_shape=(14,)
frame=13/41 receiver_sample=14/20 scenario=2026_07_29_02_32_08 timestamp=000084 cavs=[14]
sgcp_constrained receiver=14 policy=all-cavs sources=[14] clusters=20 ra=selective_edgecooper_global_pmax comm_bytes=0 selected_grids={}
fusion_method=early pred_boxes=4 gt_boxes=7
pred_scores_shape=(4,)
frame=13/41 receiver_sample=15/20 scenario=2026_07_29_02_32_08 timestamp=000084 cavs=[15, 6]
sgcp_constrained receiver=15 policy=all-cavs sources=[15, 6] clusters=20 ra=selective_edgecooper_global_pmax comm_bytes=10464 selected_grids={6: 4}
fusion_method=early pred_boxes=16 gt_boxes=22
pred_scores_shape=(16,)
frame=13/41 receiver_sample=16/20 scenario=2026_07_29_02_32_08 timestamp=000084 cavs=[16, 5, 9, 17]
sgcp_constrained receiver=16 policy=all-cavs sources=[16, 5, 9, 17] clusters=20 ra=selective_edgecooper_global_pmax comm_bytes=23408 selected_grids={5: 3, 9: 4, 17: 4}
fusion_method=early pred_boxes=30 gt_boxes=53
pred_scores_shape=(30,)
frame=13/41 receiver_sample=17/20 scenario=2026_07_29_02_32_08 timestamp=000084 cavs=[17, 3, 16]
sgcp_constrained receiver=17 policy=all-cavs sources=[17, 3, 16] clusters=20 ra=selective_edgecooper_global_pmax comm_bytes=12784 selected_grids={3: 3, 16: 4}
fusion_method=early pred_boxes=18 gt_boxes=42
pred_scores_shape=(18,)
frame=13/41 receiver_sample=18/20 scenario=2026_07_29_02_32_08 timestamp=000084 cavs=[18, 3]
sgcp_constrained receiver=18 policy=all-cavs sources=[18, 3] clusters=20 ra=selective_edgecooper_global_pmax comm_bytes=11856 selected_grids={3: 4}
fusion_method=early pred_boxes=14 gt_boxes=28
pred_scores_shape=(14,)
frame=13/41 receiver_sample=19/20 scenario=2026_07_29_02_32_08 timestamp=000084 cavs=[19, 9, 13, 20]
sgcp_constrained receiver=19 policy=all-cavs sources=[19, 9, 13, 20] clusters=20 ra=selective_edgecooper_global_pmax comm_bytes=22064 selected_grids={9: 3, 13: 3, 20: 4}
fusion_method=early pred_boxes=18 gt_boxes=44
pred_scores_shape=(18,)
frame=13/41 receiver_sample=20/20 scenario=2026_07_29_02_32_08 timestamp=000084 cavs=[20, 5, 10, 16]
sgcp_constrained receiver=20 policy=all-cavs sources=[20, 5, 10, 16] clusters=20 ra=selective_edgecooper_global_pmax comm_bytes=17072 selected_grids={5: 3, 10: 4, 16: 3}
fusion_method=early pred_boxes=25 gt_boxes=51
pred_scores_shape=(25,)
frame=14/41 receiver_sample=1/20 scenario=2026_07_29_02_32_08 timestamp=000086 cavs=[1, 2, 4, 8]
sgcp_constrained receiver=1 policy=all-cavs sources=[1, 2, 4, 8] clusters=20 ra=selective_edgecooper_global_pmax comm_bytes=22704 selected_grids={2: 3, 4: 3, 8: 3}
fusion_method=early pred_boxes=27 gt_boxes=55
pred_scores_shape=(27,)
frame=14/41 receiver_sample=2/20 scenario=2026_07_29_02_32_08 timestamp=000086 cavs=[2, 1, 11]
sgcp_constrained receiver=2 policy=all-cavs sources=[2, 1, 11] clusters=20 ra=selective_edgecooper_global_pmax comm_bytes=12480 selected_grids={1: 3, 11: 4}
fusion_method=early pred_boxes=21 gt_boxes=50
pred_scores_shape=(21,)
frame=14/41 receiver_sample=3/20 scenario=2026_07_29_02_32_08 timestamp=000086 cavs=[3, 16, 17, 18]
sgcp_constrained receiver=3 policy=all-cavs sources=[3, 16, 17, 18] clusters=20 ra=selective_edgecooper_global_pmax comm_bytes=19472 selected_grids={16: 3, 17: 3, 18: 4}
fusion_method=early pred_boxes=19 gt_boxes=42
pred_scores_shape=(19,)
frame=14/41 receiver_sample=4/20 scenario=2026_07_29_02_32_08 timestamp=000086 cavs=[4, 1, 7, 12]
sgcp_constrained receiver=4 policy=all-cavs sources=[4, 1, 7, 12] clusters=20 ra=selective_edgecooper_global_pmax comm_bytes=21776 selected_grids={1: 4, 7: 4, 12: 3}
fusion_method=early pred_boxes=26 gt_boxes=56
pred_scores_shape=(26,)
frame=14/41 receiver_sample=5/20 scenario=2026_07_29_02_32_08 timestamp=000086 cavs=[5, 13, 16, 20]
sgcp_constrained receiver=5 policy=all-cavs sources=[5, 13, 16, 20] clusters=20 ra=selective_edgecooper_global_pmax comm_bytes=17840 selected_grids={13: 3, 16: 3, 20: 3}
fusion_method=early pred_boxes=23 gt_boxes=45
pred_scores_shape=(23,)
frame=14/41 receiver_sample=6/20 scenario=2026_07_29_02_32_08 timestamp=000086 cavs=[6, 15]
sgcp_constrained receiver=6 policy=all-cavs sources=[6, 15] clusters=20 ra=selective_edgecooper_global_pmax comm_bytes=6608 selected_grids={15: 4}
fusion_method=early pred_boxes=15 gt_boxes=23
pred_scores_shape=(15,)
frame=14/41 receiver_sample=7/20 scenario=2026_07_29_02_32_08 timestamp=000086 cavs=[7, 4, 5, 12]
sgcp_constrained receiver=7 policy=all-cavs sources=[7, 4, 5, 12] clusters=20 ra=selective_edgecooper_global_pmax comm_bytes=25120 selected_grids={4: 3, 5: 4, 12: 4}
fusion_method=early pred_boxes=24 gt_boxes=45
pred_scores_shape=(24,)
frame=14/41 receiver_sample=8/20 scenario=2026_07_29_02_32_08 timestamp=000086 cavs=[8, 2, 11, 12]
sgcp_constrained receiver=8 policy=all-cavs sources=[8, 2, 11, 12] clusters=20 ra=selective_edgecooper_global_pmax comm_bytes=24224 selected_grids={2: 4, 11: 3, 12: 4}
fusion_method=early pred_boxes=26 gt_boxes=47
pred_scores_shape=(26,)
frame=14/41 receiver_sample=9/20 scenario=2026_07_29_02_32_08 timestamp=000086 cavs=[9, 11, 13, 19]
sgcp_constrained receiver=9 policy=all-cavs sources=[9, 11, 13, 19] clusters=20 ra=selective_edgecooper_global_pmax comm_bytes=23504 selected_grids={11: 4, 13: 3, 19: 3}
fusion_method=early pred_boxes=25 gt_boxes=47
pred_scores_shape=(25,)
frame=14/41 receiver_sample=10/20 scenario=2026_07_29_02_32_08 timestamp=000086 cavs=[10, 5, 8, 9]
sgcp_constrained receiver=10 policy=all-cavs sources=[10, 5, 8, 9] clusters=20 ra=selective_edgecooper_global_pmax comm_bytes=22448 selected_grids={5: 4, 8: 4, 9: 3}
fusion_method=early pred_boxes=26 gt_boxes=51
pred_scores_shape=(26,)
frame=14/41 receiver_sample=11/20 scenario=2026_07_29_02_32_08 timestamp=000086 cavs=[11, 1, 8, 10]
sgcp_constrained receiver=11 policy=all-cavs sources=[11, 1, 8, 10] clusters=20 ra=selective_edgecooper_global_pmax comm_bytes=22368 selected_grids={1: 4, 8: 4, 10: 3}
fusion_method=early pred_boxes=23 gt_boxes=56
pred_scores_shape=(23,)
frame=14/41 receiver_sample=12/20 scenario=2026_07_29_02_32_08 timestamp=000086 cavs=[12, 4, 7]
sgcp_constrained receiver=12 policy=all-cavs sources=[12, 4, 7] clusters=20 ra=selective_edgecooper_global_pmax comm_bytes=16608 selected_grids={4: 4, 7: 4}
fusion_method=early pred_boxes=17 gt_boxes=45
pred_scores_shape=(17,)
frame=14/41 receiver_sample=13/20 scenario=2026_07_29_02_32_08 timestamp=000086 cavs=[13, 9, 10, 19]Format = auto
Extension = pcd
Format = auto
Extension = pcd
Format = auto
Extension = pcd
Format = auto
Extension = pcd
Format = auto
Extension = pcd
Format = auto
Extension = pcd
Format = auto
Extension = pcd
Format = auto
Extension = pcd
Format = auto
Extension = pcd
Format = auto
Extension = pcd
Format = auto
Extension = pcd
Format = auto
Extension = pcd
Format = auto
Extension = pcd
Format = auto
Extension = pcd
Format = auto
Extension = pcd
Format = auto
Extension = pcd
Format = auto
Extension = pcd
Format = auto
Extension = pcd
Format = auto
Extension = pcd
Format = auto
Extension = pcd

sgcp_constrained receiver=13 policy=all-cavs sources=[13, 9, 10, 19] clusters=20 ra=selective_edgecooper_global_pmax comm_bytes=15216 selected_grids={9: 4, 10: 4, 19: 3}
fusion_method=early pred_boxes=16 gt_boxes=43
pred_scores_shape=(16,)
frame=14/41 receiver_sample=14/20 scenario=2026_07_29_02_32_08 timestamp=000086 cavs=[14]
sgcp_constrained receiver=14 policy=all-cavs sources=[14] clusters=20 ra=selective_edgecooper_global_pmax comm_bytes=0 selected_grids={}
fusion_method=early pred_boxes=5 gt_boxes=7
pred_scores_shape=(5,)
frame=14/41 receiver_sample=15/20 scenario=2026_07_29_02_32_08 timestamp=000086 cavs=[15, 6]
sgcp_constrained receiver=15 policy=all-cavs sources=[15, 6] clusters=20 ra=selective_edgecooper_global_pmax comm_bytes=10512 selected_grids={6: 4}
fusion_method=early pred_boxes=16 gt_boxes=23
pred_scores_shape=(16,)
frame=14/41 receiver_sample=16/20 scenario=2026_07_29_02_32_08 timestamp=000086 cavs=[16, 9, 17, 20]
sgcp_constrained receiver=16 policy=all-cavs sources=[16, 9, 17, 20] clusters=20 ra=selective_edgecooper_global_pmax comm_bytes=24352 selected_grids={9: 4, 17: 4, 20: 3}
fusion_method=early pred_boxes=26 gt_boxes=52
pred_scores_shape=(26,)
frame=14/41 receiver_sample=17/20 scenario=2026_07_29_02_32_08 timestamp=000086 cavs=[17, 3, 16]
sgcp_constrained receiver=17 policy=all-cavs sources=[17, 3, 16] clusters=20 ra=selective_edgecooper_global_pmax comm_bytes=15440 selected_grids={3: 3, 16: 4}
fusion_method=early pred_boxes=20 gt_boxes=41
pred_scores_shape=(20,)
frame=14/41 receiver_sample=18/20 scenario=2026_07_29_02_32_08 timestamp=000086 cavs=[18, 3]
sgcp_constrained receiver=18 policy=all-cavs sources=[18, 3] clusters=20 ra=selective_edgecooper_global_pmax comm_bytes=11824 selected_grids={3: 4}
fusion_method=early pred_boxes=14 gt_boxes=28
pred_scores_shape=(14,)
frame=14/41 receiver_sample=19/20 scenario=2026_07_29_02_32_08 timestamp=000086 cavs=[19, 10, 13, 20]
sgcp_constrained receiver=19 policy=all-cavs sources=[19, 10, 13, 20] clusters=20 ra=selective_edgecooper_global_pmax comm_bytes=25104 selected_grids={10: 3, 13: 3, 20: 4}
fusion_method=early pred_boxes=17 gt_boxes=44
pred_scores_shape=(17,)
frame=14/41 receiver_sample=20/20 scenario=2026_07_29_02_32_08 timestamp=000086 cavs=[20, 5, 7, 19]
sgcp_constrained receiver=20 policy=all-cavs sources=[20, 5, 7, 19] clusters=20 ra=selective_edgecooper_global_pmax comm_bytes=22000 selected_grids={5: 3, 7: 3, 19: 4}
fusion_method=early pred_boxes=25 gt_boxes=51
pred_scores_shape=(25,)
frame=15/41 receiver_sample=1/20 scenario=2026_07_29_02_32_08 timestamp=000088 cavs=[1, 2, 4, 8]
sgcp_constrained receiver=1 policy=all-cavs sources=[1, 2, 4, 8] clusters=20 ra=selective_edgecooper_global_pmax comm_bytes=22496 selected_grids={2: 3, 4: 3, 8: 3}
fusion_method=early pred_boxes=26 gt_boxes=55
pred_scores_shape=(26,)
frame=15/41 receiver_sample=2/20 scenario=2026_07_29_02_32_08 timestamp=000088 cavs=[2, 1, 11]
sgcp_constrained receiver=2 policy=all-cavs sources=[2, 1, 11] clusters=20 ra=selective_edgecooper_global_pmax comm_bytes=12576 selected_grids={1: 3, 11: 4}
fusion_method=early pred_boxes=21 gt_boxes=50
pred_scores_shape=(21,)
frame=15/41 receiver_sample=3/20 scenario=2026_07_29_02_32_08 timestamp=000088 cavs=[3, 16, 17, 18]
sgcp_constrained receiver=3 policy=all-cavs sources=[3, 16, 17, 18] clusters=20 ra=selective_edgecooper_global_pmax comm_bytes=18368 selected_grids={16: 3, 17: 3, 18: 4}
fusion_method=early pred_boxes=18 gt_boxes=42
pred_scores_shape=(18,)
frame=15/41 receiver_sample=4/20 scenario=2026_07_29_02_32_08 timestamp=000088 cavs=[4, 1, 7, 12]
sgcp_constrained receiver=4 policy=all-cavs sources=[4, 1, 7, 12] clusters=20 ra=selective_edgecooper_global_pmax comm_bytes=21696 selected_grids={1: 4, 7: 4, 12: 3}
fusion_method=early pred_boxes=26 gt_boxes=56
pred_scores_shape=(26,)
frame=15/41 receiver_sample=5/20 scenario=2026_07_29_02_32_08 timestamp=000088 cavs=[5, 13, 16, 20]
sgcp_constrained receiver=5 policy=all-cavs sources=[5, 13, 16, 20] clusters=20 ra=selective_edgecooper_global_pmax comm_bytes=17248 selected_grids={13: 3, 16: 3, 20: 3}
fusion_method=early pred_boxes=21 gt_boxes=45
pred_scores_shape=(21,)
frame=15/41 receiver_sample=6/20 scenario=2026_07_29_02_32_08 timestamp=000088 cavs=[6, 15]
sgcp_constrained receiver=6 policy=all-cavs sources=[6, 15] clusters=20 ra=selective_edgecooper_global_pmax comm_bytes=9360 selected_grids={15: 4}
fusion_method=early pred_boxes=15 gt_boxes=23
pred_scores_shape=(15,)
frame=15/41 receiver_sample=7/20 scenario=2026_07_29_02_32_08 timestamp=000088 cavs=[7, 4, 5, 12]
sgcp_constrained receiver=7 policy=all-cavs sources=[7, 4, 5, 12] clusters=20 ra=selective_edgecooper_global_pmax comm_bytes=25376 selected_grids={4: 3, 5: 4, 12: 4}
fusion_method=early pred_boxes=25 gt_boxes=44
pred_scores_shape=(25,)
frame=15/41 receiver_sample=8/20 scenario=2026_07_29_02_32_08 timestamp=000088 cavs=[8, 2, 11, 12]
sgcp_constrained receiver=8 policy=all-cavs sources=[8, 2, 11, 12] clusters=20 ra=selective_edgecooper_global_pmax comm_bytes=23824 selected_grids={2: 4, 11: 3, 12: 4}
fusion_method=early pred_boxes=27 gt_boxes=47
pred_scores_shape=(27,)
frame=15/41 receiver_sample=9/20 scenario=2026_07_29_02_32_08 timestamp=000088 cavs=[9, 11, 13, 19]
sgcp_constrained receiver=9 policy=all-cavs sources=[9, 11, 13, 19] clusters=20 ra=selective_edgecooper_global_pmax comm_bytes=23360 selected_grids={11: 4, 13: 3, 19: 3}
fusion_method=early pred_boxes=25 gt_boxes=47
pred_scores_shape=(25,)
frame=15/41 receiver_sample=10/20 scenario=2026_07_29_02_32_08 timestamp=000088 cavs=[10, 5, 8, 9]
sgcp_constrained receiver=10 policy=all-cavs sources=[10, 5, 8, 9] clusters=20 ra=selective_edgecooper_global_pmax comm_bytes=22512 selected_grids={5: 4, 8: 4, 9: 3}
fusion_method=early pred_boxes=24 gt_boxes=51
pred_scores_shape=(24,)
frame=15/41 receiver_sample=11/20 scenario=2026_07_29_02_32_08 timestamp=000088 cavs=[11, 1, 8, 10]
sgcp_constrained receiver=11 policy=all-cavs sources=[11, 1, 8, 10] clusters=20 ra=selective_edgecooper_global_pmax comm_bytes=22048 selected_grids={1: 4, 8: 4, 10: 3}
fusion_method=early pred_boxes=24 gt_boxes=55
pred_scores_shape=(24,)
frame=15/41 receiver_sample=12/20 scenario=2026_07_29_02_32_08 timestamp=000088 cavs=[12, 4, 7]
sgcp_constrained receiver=12 policy=all-cavs sources=[12, 4, 7] clusters=20 ra=selective_edgecooper_global_pmax comm_bytes=17152 selected_grids={4: 4, 7: 4}
fusion_method=early pred_boxes=17 gt_boxes=45
pred_scores_shape=(17,)
frame=15/41 receiver_sample=13/20 scenario=2026_07_29_02_32_08 timestamp=000088 cavs=[13, 9, 10, 19]
sgcp_constrained receiver=13 policy=all-cavs sources=[13, 9, 10, 19] clusters=20 ra=selective_edgecooper_global_pmax comm_bytes=14464 selected_grids={9: 4, 10: 3, 19: 3}
fusion_method=early pred_boxes=14 gt_boxes=44
pred_scores_shape=(14,)
frame=15/41 receiver_sample=14/20 scenario=2026_07_29_02_32_08 timestamp=000088 cavs=[14]
sgcp_constrained receiver=14 policy=all-cavs sources=[14] clusters=20 ra=selective_edgecooper_global_pmax comm_bytes=0 selected_grids={}
fusion_method=early pred_boxes=4 gt_boxes=7
pred_scores_shape=(4,)
frame=15/41 receiver_sample=15/20 scenario=2026_07_29_02_32_08 timestamp=000088 cavs=[15, 6]
sgcp_constrained receiver=15 policy=all-cavs sources=[15, 6] clusters=20 ra=selective_edgecooper_global_pmax comm_bytes=10640 selected_grids={6: 4}
fusion_method=early pred_boxes=15 gt_boxes=23
pred_scores_shape=(15,)
frame=15/41 receiver_sample=16/20 scenario=2026_07_29_02_32_08 timestamp=000088 cavs=[16, 9, 17, 20]
sgcp_constrained receiver=16 policy=all-cavs sources=[16, 9, 17, 20] clusters=20 ra=selective_edgecooper_global_pmax comm_bytes=24400 selected_grids={9: 4, 17: 4, 20: 4}
fusion_method=early pred_boxes=26 gt_boxes=52
pred_scores_shape=(26,)
frame=15/41 receiver_sample=17/20 scenario=2026_07_29_02_32_08 timestamp=000088 cavs=[17, 3, 16]
sgcp_constrained receiver=17 policy=all-cavs sources=[17, 3, 16] clusters=20 ra=selective_edgecooper_global_pmax comm_bytes=15136 selected_grids={3: 3, 16: 4}
fusion_method=early pred_boxes=20 gt_boxes=40
pred_scores_shape=(20,)Format = auto
Extension = pcd
Format = auto
Extension = pcd
Format = auto
Extension = pcd
Format = auto
Extension = pcd
Format = auto
Extension = pcd
Format = auto
Extension = pcd
Format = auto
Extension = pcd
Format = auto
Extension = pcd
Format = auto
Extension = pcd
Format = auto
Extension = pcd
Format = auto
Extension = pcd
Format = auto
Extension = pcd
Format = auto
Extension = pcd
Format = auto
Extension = pcd
Format = auto
Extension = pcd
Format = auto
Extension = pcd
Format = auto
Extension = pcd
Format = auto
Extension = pcd
Format = auto
Extension = pcd
Format = auto
Extension = pcd
Format = auto
Extension = pcd
Format = auto
Extension = pcd
Format = auto
Extension = pcd
Format = auto
Extension = pcd
Format = auto
Extension = pcd
Format = auto
Extension = pcd
Format = auto
Extension = pcd
Format = auto
Extension = pcd
Format = auto
Extension = pcd
Format = auto
Extension = pcd
Format = auto
Extension = pcd
Format = auto
Extension = pcd
Format = auto
Extension = pcd
Format = auto
Extension = pcd
Format = auto
Extension = pcd
Format = auto
Extension = pcd
Format = auto
Extension = pcd
Format = auto
Extension = pcd
Format = auto
Extension = pcd
Format = auto
Extension = pcd

frame=15/41 receiver_sample=18/20 scenario=2026_07_29_02_32_08 timestamp=000088 cavs=[18, 3]
sgcp_constrained receiver=18 policy=all-cavs sources=[18, 3] clusters=20 ra=selective_edgecooper_global_pmax comm_bytes=11968 selected_grids={3: 4}
fusion_method=early pred_boxes=15 gt_boxes=28
pred_scores_shape=(15,)
frame=15/41 receiver_sample=19/20 scenario=2026_07_29_02_32_08 timestamp=000088 cavs=[19, 10, 13, 20]
sgcp_constrained receiver=19 policy=all-cavs sources=[19, 10, 13, 20] clusters=20 ra=selective_edgecooper_global_pmax comm_bytes=25072 selected_grids={10: 3, 13: 3, 20: 4}
fusion_method=early pred_boxes=17 gt_boxes=45
pred_scores_shape=(17,)
frame=15/41 receiver_sample=20/20 scenario=2026_07_29_02_32_08 timestamp=000088 cavs=[20, 5, 7, 19]
sgcp_constrained receiver=20 policy=all-cavs sources=[20, 5, 7, 19] clusters=20 ra=selective_edgecooper_global_pmax comm_bytes=21904 selected_grids={5: 3, 7: 3, 19: 4}
fusion_method=early pred_boxes=25 gt_boxes=52
pred_scores_shape=(25,)
frame=16/41 receiver_sample=1/20 scenario=2026_07_29_02_32_08 timestamp=000090 cavs=[1, 2, 4, 8]
sgcp_constrained receiver=1 policy=all-cavs sources=[1, 2, 4, 8] clusters=20 ra=selective_edgecooper_global_pmax comm_bytes=22352 selected_grids={2: 3, 4: 3, 8: 3}
fusion_method=early pred_boxes=24 gt_boxes=55
pred_scores_shape=(24,)
frame=16/41 receiver_sample=2/20 scenario=2026_07_29_02_32_08 timestamp=000090 cavs=[2, 1, 11]
sgcp_constrained receiver=2 policy=all-cavs sources=[2, 1, 11] clusters=20 ra=selective_edgecooper_global_pmax comm_bytes=12528 selected_grids={1: 3, 11: 4}
fusion_method=early pred_boxes=21 gt_boxes=51
pred_scores_shape=(21,)
frame=16/41 receiver_sample=3/20 scenario=2026_07_29_02_32_08 timestamp=000090 cavs=[3, 16, 17, 18]
sgcp_constrained receiver=3 policy=all-cavs sources=[3, 16, 17, 18] clusters=20 ra=selective_edgecooper_global_pmax comm_bytes=23152 selected_grids={16: 4, 17: 4, 18: 4}
fusion_method=early pred_boxes=19 gt_boxes=42
pred_scores_shape=(19,)
frame=16/41 receiver_sample=4/20 scenario=2026_07_29_02_32_08 timestamp=000090 cavs=[4, 1, 7, 12]
sgcp_constrained receiver=4 policy=all-cavs sources=[4, 1, 7, 12] clusters=20 ra=selective_edgecooper_global_pmax comm_bytes=21744 selected_grids={1: 4, 7: 4, 12: 3}
fusion_method=early pred_boxes=23 gt_boxes=55
pred_scores_shape=(23,)
frame=16/41 receiver_sample=5/20 scenario=2026_07_29_02_32_08 timestamp=000090 cavs=[5, 13, 16, 20]
sgcp_constrained receiver=5 policy=all-cavs sources=[5, 13, 16, 20] clusters=20 ra=selective_edgecooper_global_pmax comm_bytes=16816 selected_grids={13: 3, 16: 3, 20: 3}
fusion_method=early pred_boxes=24 gt_boxes=45
pred_scores_shape=(24,)
frame=16/41 receiver_sample=6/20 scenario=2026_07_29_02_32_08 timestamp=000090 cavs=[6, 15]
sgcp_constrained receiver=6 policy=all-cavs sources=[6, 15] clusters=20 ra=selective_edgecooper_global_pmax comm_bytes=9808 selected_grids={15: 4}
fusion_method=early pred_boxes=15 gt_boxes=23
pred_scores_shape=(15,)
frame=16/41 receiver_sample=7/20 scenario=2026_07_29_02_32_08 timestamp=000090 cavs=[7, 4, 5, 12]
sgcp_constrained receiver=7 policy=all-cavs sources=[7, 4, 5, 12] clusters=20 ra=selective_edgecooper_global_pmax comm_bytes=27136 selected_grids={4: 3, 5: 4, 12: 4}
fusion_method=early pred_boxes=25 gt_boxes=43
pred_scores_shape=(25,)
frame=16/41 receiver_sample=8/20 scenario=2026_07_29_02_32_08 timestamp=000090 cavs=[8, 2, 11, 12]
sgcp_constrained receiver=8 policy=all-cavs sources=[8, 2, 11, 12] clusters=20 ra=selective_edgecooper_global_pmax comm_bytes=25760 selected_grids={2: 4, 11: 3, 12: 4}
fusion_method=early pred_boxes=26 gt_boxes=47
pred_scores_shape=(26,)
frame=16/41 receiver_sample=9/20 scenario=2026_07_29_02_32_08 timestamp=000090 cavs=[9, 11, 13, 19]
sgcp_constrained receiver=9 policy=all-cavs sources=[9, 11, 13, 19] clusters=20 ra=selective_edgecooper_global_pmax comm_bytes=22960 selected_grids={11: 4, 13: 3, 19: 3}
fusion_method=early pred_boxes=26 gt_boxes=47
pred_scores_shape=(26,)
frame=16/41 receiver_sample=10/20 scenario=2026_07_29_02_32_08 timestamp=000090 cavs=[10, 5, 8, 9]
sgcp_constrained receiver=10 policy=all-cavs sources=[10, 5, 8, 9] clusters=20 ra=selective_edgecooper_global_pmax comm_bytes=22544 selected_grids={5: 4, 8: 4, 9: 3}
fusion_method=early pred_boxes=25 gt_boxes=53
pred_scores_shape=(25,)
frame=16/41 receiver_sample=11/20 scenario=2026_07_29_02_32_08 timestamp=000090 cavs=[11, 1, 8, 10]
sgcp_constrained receiver=11 policy=all-cavs sources=[11, 1, 8, 10] clusters=20 ra=selective_edgecooper_global_pmax comm_bytes=21824 selected_grids={1: 4, 8: 4, 10: 3}
fusion_method=early pred_boxes=25 gt_boxes=55
pred_scores_shape=(25,)
frame=16/41 receiver_sample=12/20 scenario=2026_07_29_02_32_08 timestamp=000090 cavs=[12, 4, 7]
sgcp_constrained receiver=12 policy=all-cavs sources=[12, 4, 7] clusters=20 ra=selective_edgecooper_global_pmax comm_bytes=17424 selected_grids={4: 4, 7: 4}
fusion_method=early pred_boxes=17 gt_boxes=45
pred_scores_shape=(17,)
frame=16/41 receiver_sample=13/20 scenario=2026_07_29_02_32_08 timestamp=000090 cavs=[13, 9, 10, 19]
sgcp_constrained receiver=13 policy=all-cavs sources=[13, 9, 10, 19] clusters=20 ra=selective_edgecooper_global_pmax comm_bytes=14976 selected_grids={9: 4, 10: 3, 19: 3}
fusion_method=early pred_boxes=17 gt_boxes=43
pred_scores_shape=(17,)
frame=16/41 receiver_sample=14/20 scenario=2026_07_29_02_32_08 timestamp=000090 cavs=[14]
sgcp_constrained receiver=14 policy=all-cavs sources=[14] clusters=20 ra=selective_edgecooper_global_pmax comm_bytes=0 selected_grids={}
fusion_method=early pred_boxes=3 gt_boxes=8
pred_scores_shape=(3,)
frame=16/41 receiver_sample=15/20 scenario=2026_07_29_02_32_08 timestamp=000090 cavs=[15, 6]
sgcp_constrained receiver=15 policy=all-cavs sources=[15, 6] clusters=20 ra=selective_edgecooper_global_pmax comm_bytes=10992 selected_grids={6: 4}
fusion_method=early pred_boxes=15 gt_boxes=23
pred_scores_shape=(15,)
frame=16/41 receiver_sample=16/20 scenario=2026_07_29_02_32_08 timestamp=000090 cavs=[16, 9, 17, 20]
sgcp_constrained receiver=16 policy=all-cavs sources=[16, 9, 17, 20] clusters=20 ra=selective_edgecooper_global_pmax comm_bytes=21760 selected_grids={9: 4, 17: 4, 20: 3}
fusion_method=early pred_boxes=30 gt_boxes=52
pred_scores_shape=(30,)
frame=16/41 receiver_sample=17/20 scenario=2026_07_29_02_32_08 timestamp=000090 cavs=[17, 3, 16]
sgcp_constrained receiver=17 policy=all-cavs sources=[17, 3, 16] clusters=20 ra=selective_edgecooper_global_pmax comm_bytes=12144 selected_grids={3: 3, 16: 3}
fusion_method=early pred_boxes=20 gt_boxes=40
pred_scores_shape=(20,)
frame=16/41 receiver_sample=18/20 scenario=2026_07_29_02_32_08 timestamp=000090 cavs=[18, 3]
sgcp_constrained receiver=18 policy=all-cavs sources=[18, 3] clusters=20 ra=selective_edgecooper_global_pmax comm_bytes=8832 selected_grids={3: 4}
fusion_method=early pred_boxes=14 gt_boxes=26
pred_scores_shape=(14,)
frame=16/41 receiver_sample=19/20 scenario=2026_07_29_02_32_08 timestamp=000090 cavs=[19, 10, 13, 20]
sgcp_constrained receiver=19 policy=all-cavs sources=[19, 10, 13, 20] clusters=20 ra=selective_edgecooper_global_pmax comm_bytes=24992 selected_grids={10: 3, 13: 3, 20: 4}
fusion_method=early pred_boxes=17 gt_boxes=43
pred_scores_shape=(17,)
frame=16/41 receiver_sample=20/20 scenario=2026_07_29_02_32_08 timestamp=000090 cavs=[20, 5, 7, 19]
sgcp_constrained receiver=20 policy=all-cavs sources=[20, 5, 7, 19] clusters=20 ra=selective_edgecooper_global_pmax comm_bytes=21856 selected_grids={5: 3, 7: 3, 19: 4}
fusion_method=early pred_boxes=25 gt_boxes=50
pred_scores_shape=(25,)
frame=17/41 receiver_sample=1/20 scenario=2026_07_29_02_32_08 timestamp=000092 cavs=[1, 2, 4, 8]
sgcp_constrained receiver=1 policy=all-cavs sources=[1, 2, 4, 8] clusters=20 ra=selective_edgecooper_global_pmax comm_bytes=22224 selected_grids={2: 3, 4: 3, 8: 3}
fusion_method=early pred_boxes=25 gt_boxes=54
pred_scores_shape=(25,)
frame=17/41 receiver_sample=2/20 scenario=2026_07_29_02_32_08 timestamp=000092 cavs=[2, 1, 10, 11]
sgcp_constrained receiver=2 policy=all-cavs sources=[2, 1, 10, 11] clusters=20 ra=selective_edgecooper_global_pmax comm_bytes=19904 selected_grids={1: 3, 10: 3, 11: 4}Format = auto
Extension = pcd
Format = auto
Extension = pcd
Format = auto
Extension = pcd
Format = auto
Extension = pcd
Format = auto
Extension = pcd
Format = auto
Extension = pcd
Format = auto
Extension = pcd
Format = auto
Extension = pcd
Format = auto
Extension = pcd
Format = auto
Extension = pcd
Format = auto
Extension = pcd
Format = auto
Extension = pcd
Format = auto
Extension = pcd
Format = auto
Extension = pcd
Format = auto
Extension = pcd
Format = auto
Extension = pcd
Format = auto
Extension = pcd
Format = auto
Extension = pcd
Format = auto
Extension = pcd
Format = auto
Extension = pcd

fusion_method=early pred_boxes=24 gt_boxes=57
pred_scores_shape=(24,)
frame=17/41 receiver_sample=3/20 scenario=2026_07_29_02_32_08 timestamp=000092 cavs=[3, 16, 17, 18]
sgcp_constrained receiver=3 policy=all-cavs sources=[3, 16, 17, 18] clusters=20 ra=selective_edgecooper_global_pmax comm_bytes=26064 selected_grids={16: 4, 17: 4, 18: 4}
fusion_method=early pred_boxes=17 gt_boxes=41
pred_scores_shape=(17,)
frame=17/41 receiver_sample=4/20 scenario=2026_07_29_02_32_08 timestamp=000092 cavs=[4, 1, 7, 12]
sgcp_constrained receiver=4 policy=all-cavs sources=[4, 1, 7, 12] clusters=20 ra=selective_edgecooper_global_pmax comm_bytes=21792 selected_grids={1: 4, 7: 3, 12: 3}
fusion_method=early pred_boxes=25 gt_boxes=55
pred_scores_shape=(25,)
frame=17/41 receiver_sample=5/20 scenario=2026_07_29_02_32_08 timestamp=000092 cavs=[5, 13, 16, 20]
sgcp_constrained receiver=5 policy=all-cavs sources=[5, 13, 16, 20] clusters=20 ra=selective_edgecooper_global_pmax comm_bytes=16720 selected_grids={13: 3, 16: 3, 20: 3}
fusion_method=early pred_boxes=22 gt_boxes=45
pred_scores_shape=(22,)
frame=17/41 receiver_sample=6/20 scenario=2026_07_29_02_32_08 timestamp=000092 cavs=[6, 15]
sgcp_constrained receiver=6 policy=all-cavs sources=[6, 15] clusters=20 ra=selective_edgecooper_global_pmax comm_bytes=9648 selected_grids={15: 4}
fusion_method=early pred_boxes=15 gt_boxes=23
pred_scores_shape=(15,)
frame=17/41 receiver_sample=7/20 scenario=2026_07_29_02_32_08 timestamp=000092 cavs=[7, 4, 5, 12]
sgcp_constrained receiver=7 policy=all-cavs sources=[7, 4, 5, 12] clusters=20 ra=selective_edgecooper_global_pmax comm_bytes=25376 selected_grids={4: 3, 5: 4, 12: 4}
fusion_method=early pred_boxes=25 gt_boxes=43
pred_scores_shape=(25,)
frame=17/41 receiver_sample=8/20 scenario=2026_07_29_02_32_08 timestamp=000092 cavs=[8, 2, 11, 12]
sgcp_constrained receiver=8 policy=all-cavs sources=[8, 2, 11, 12] clusters=20 ra=selective_edgecooper_global_pmax comm_bytes=23184 selected_grids={2: 4, 11: 3, 12: 3}
fusion_method=early pred_boxes=27 gt_boxes=47
pred_scores_shape=(27,)
frame=17/41 receiver_sample=9/20 scenario=2026_07_29_02_32_08 timestamp=000092 cavs=[9, 11, 13, 19]
sgcp_constrained receiver=9 policy=all-cavs sources=[9, 11, 13, 19] clusters=20 ra=selective_edgecooper_global_pmax comm_bytes=21088 selected_grids={11: 4, 13: 3, 19: 3}
fusion_method=early pred_boxes=27 gt_boxes=47
pred_scores_shape=(27,)
frame=17/41 receiver_sample=10/20 scenario=2026_07_29_02_32_08 timestamp=000092 cavs=[10, 5, 8, 9]
sgcp_constrained receiver=10 policy=all-cavs sources=[10, 5, 8, 9] clusters=20 ra=selective_edgecooper_global_pmax comm_bytes=22496 selected_grids={5: 4, 8: 4, 9: 3}
fusion_method=early pred_boxes=25 gt_boxes=53
pred_scores_shape=(25,)
frame=17/41 receiver_sample=11/20 scenario=2026_07_29_02_32_08 timestamp=000092 cavs=[11, 1, 8, 10]
sgcp_constrained receiver=11 policy=all-cavs sources=[11, 1, 8, 10] clusters=20 ra=selective_edgecooper_global_pmax comm_bytes=21616 selected_grids={1: 4, 8: 4, 10: 3}
fusion_method=early pred_boxes=20 gt_boxes=54
pred_scores_shape=(20,)
frame=17/41 receiver_sample=12/20 scenario=2026_07_29_02_32_08 timestamp=000092 cavs=[12, 4, 7]
sgcp_constrained receiver=12 policy=all-cavs sources=[12, 4, 7] clusters=20 ra=selective_edgecooper_global_pmax comm_bytes=17888 selected_grids={4: 4, 7: 4}
fusion_method=early pred_boxes=19 gt_boxes=45
pred_scores_shape=(19,)
frame=17/41 receiver_sample=13/20 scenario=2026_07_29_02_32_08 timestamp=000092 cavs=[13, 9, 10, 19]
sgcp_constrained receiver=13 policy=all-cavs sources=[13, 9, 10, 19] clusters=20 ra=selective_edgecooper_global_pmax comm_bytes=15696 selected_grids={9: 4, 10: 3, 19: 3}
fusion_method=early pred_boxes=15 gt_boxes=44
pred_scores_shape=(15,)
frame=17/41 receiver_sample=14/20 scenario=2026_07_29_02_32_08 timestamp=000092 cavs=[14]
sgcp_constrained receiver=14 policy=all-cavs sources=[14] clusters=20 ra=selective_edgecooper_global_pmax comm_bytes=0 selected_grids={}
fusion_method=early pred_boxes=4 gt_boxes=8
pred_scores_shape=(4,)
frame=17/41 receiver_sample=15/20 scenario=2026_07_29_02_32_08 timestamp=000092 cavs=[15, 6]
sgcp_constrained receiver=15 policy=all-cavs sources=[15, 6] clusters=20 ra=selective_edgecooper_global_pmax comm_bytes=10928 selected_grids={6: 4}
fusion_method=early pred_boxes=14 gt_boxes=23
pred_scores_shape=(14,)
frame=17/41 receiver_sample=16/20 scenario=2026_07_29_02_32_08 timestamp=000092 cavs=[16, 3, 17, 20]
sgcp_constrained receiver=16 policy=all-cavs sources=[16, 3, 17, 20] clusters=20 ra=selective_edgecooper_global_pmax comm_bytes=19248 selected_grids={3: 3, 17: 4, 20: 4}
fusion_method=early pred_boxes=22 gt_boxes=46
pred_scores_shape=(22,)
frame=17/41 receiver_sample=17/20 scenario=2026_07_29_02_32_08 timestamp=000092 cavs=[17, 3, 16]
sgcp_constrained receiver=17 policy=all-cavs sources=[17, 3, 16] clusters=20 ra=selective_edgecooper_global_pmax comm_bytes=11904 selected_grids={3: 3, 16: 3}
fusion_method=early pred_boxes=20 gt_boxes=39
pred_scores_shape=(20,)
frame=17/41 receiver_sample=18/20 scenario=2026_07_29_02_32_08 timestamp=000092 cavs=[18, 3]
sgcp_constrained receiver=18 policy=all-cavs sources=[18, 3] clusters=20 ra=selective_edgecooper_global_pmax comm_bytes=8800 selected_grids={3: 3}
fusion_method=early pred_boxes=14 gt_boxes=26
pred_scores_shape=(14,)
frame=17/41 receiver_sample=19/20 scenario=2026_07_29_02_32_08 timestamp=000092 cavs=[19, 9, 13, 20]
sgcp_constrained receiver=19 policy=all-cavs sources=[19, 9, 13, 20] clusters=20 ra=selective_edgecooper_global_pmax comm_bytes=24496 selected_grids={9: 3, 13: 4, 20: 4}
fusion_method=early pred_boxes=18 gt_boxes=45
pred_scores_shape=(18,)
frame=17/41 receiver_sample=20/20 scenario=2026_07_29_02_32_08 timestamp=000092 cavs=[20, 5, 7, 19]
sgcp_constrained receiver=20 policy=all-cavs sources=[20, 5, 7, 19] clusters=20 ra=selective_edgecooper_global_pmax comm_bytes=20528 selected_grids={5: 3, 7: 3, 19: 4}
fusion_method=early pred_boxes=25 gt_boxes=52
pred_scores_shape=(25,)
frame=18/41 receiver_sample=1/20 scenario=2026_07_29_02_32_08 timestamp=000094 cavs=[1, 2, 4, 8]
sgcp_constrained receiver=1 policy=all-cavs sources=[1, 2, 4, 8] clusters=20 ra=selective_edgecooper_global_pmax comm_bytes=27504 selected_grids={2: 4, 4: 4, 8: 3}
fusion_method=early pred_boxes=27 gt_boxes=54
pred_scores_shape=(27,)
frame=18/41 receiver_sample=2/20 scenario=2026_07_29_02_32_08 timestamp=000094 cavs=[2, 1, 11]
sgcp_constrained receiver=2 policy=all-cavs sources=[2, 1, 11] clusters=20 ra=selective_edgecooper_global_pmax comm_bytes=12528 selected_grids={1: 4, 11: 4}
fusion_method=early pred_boxes=21 gt_boxes=50
pred_scores_shape=(21,)
frame=18/41 receiver_sample=3/20 scenario=2026_07_29_02_32_08 timestamp=000094 cavs=[3, 16, 17, 18]
sgcp_constrained receiver=3 policy=all-cavs sources=[3, 16, 17, 18] clusters=20 ra=selective_edgecooper_global_pmax comm_bytes=27008 selected_grids={16: 4, 17: 4, 18: 4}
fusion_method=early pred_boxes=19 gt_boxes=42
pred_scores_shape=(19,)
frame=18/41 receiver_sample=4/20 scenario=2026_07_29_02_32_08 timestamp=000094 cavs=[4, 1, 7, 12]
sgcp_constrained receiver=4 policy=all-cavs sources=[4, 1, 7, 12] clusters=20 ra=selective_edgecooper_global_pmax comm_bytes=21776 selected_grids={1: 4, 7: 4, 12: 3}
fusion_method=early pred_boxes=25 gt_boxes=54
pred_scores_shape=(25,)
frame=18/41 receiver_sample=5/20 scenario=2026_07_29_02_32_08 timestamp=000094 cavs=[5, 7, 13, 20]
sgcp_constrained receiver=5 policy=all-cavs sources=[5, 7, 13, 20] clusters=20 ra=selective_edgecooper_global_pmax comm_bytes=22352 selected_grids={7: 4, 13: 4, 20: 3}
fusion_method=early pred_boxes=27 gt_boxes=43
pred_scores_shape=(27,)
frame=18/41 receiver_sample=6/20 scenario=2026_07_29_02_32_08 timestamp=000094 cavs=[6, 15]
sgcp_constrained receiver=6 policy=all-cavs sources=[6, 15] clusters=20 ra=selective_edgecooper_global_pmax comm_bytes=8928 selected_grids={15: 4}
fusion_method=early pred_boxes=15 gt_boxes=25
pred_scores_shape=(15,)
frame=18/41 receiver_sample=7/20 scenario=2026_07_29_02_32_08 timestamp=000094 cavs=[7, 4, 12, 20]
sgcp_constrained receiver=7 policy=all-cavs sources=[7, 4, 12, 20] clusters=20 ra=selective_edgecooper_global_pmax comm_bytes=24224 selected_grids={4: 3, 12: 4, 20: 3}Format = auto
Extension = pcd
Format = auto
Extension = pcd
Format = auto
Extension = pcd
Format = auto
Extension = pcd
Format = auto
Extension = pcd
Format = auto
Extension = pcd
Format = auto
Extension = pcd
Format = auto
Extension = pcd
Format = auto
Extension = pcd
Format = auto
Extension = pcd
Format = auto
Extension = pcd
Format = auto
Extension = pcd
Format = auto
Extension = pcd
Format = auto
Extension = pcd
Format = auto
Extension = pcd
Format = auto
Extension = pcd
Format = auto
Extension = pcd
Format = auto
Extension = pcd
Format = auto
Extension = pcd
Format = auto
Extension = pcd

fusion_method=early pred_boxes=25 gt_boxes=43
pred_scores_shape=(25,)
frame=18/41 receiver_sample=8/20 scenario=2026_07_29_02_32_08 timestamp=000094 cavs=[8, 1, 11, 12]
sgcp_constrained receiver=8 policy=all-cavs sources=[8, 1, 11, 12] clusters=20 ra=selective_edgecooper_global_pmax comm_bytes=26704 selected_grids={1: 3, 11: 4, 12: 4}
fusion_method=early pred_boxes=27 gt_boxes=47
pred_scores_shape=(27,)
frame=18/41 receiver_sample=9/20 scenario=2026_07_29_02_32_08 timestamp=000094 cavs=[9, 5, 13, 19]
sgcp_constrained receiver=9 policy=all-cavs sources=[9, 5, 13, 19] clusters=20 ra=selective_edgecooper_global_pmax comm_bytes=24032 selected_grids={5: 4, 13: 4, 19: 3}
fusion_method=early pred_boxes=22 gt_boxes=47
pred_scores_shape=(22,)
frame=18/41 receiver_sample=10/20 scenario=2026_07_29_02_32_08 timestamp=000094 cavs=[10, 5, 8, 9]
sgcp_constrained receiver=10 policy=all-cavs sources=[10, 5, 8, 9] clusters=20 ra=selective_edgecooper_global_pmax comm_bytes=22528 selected_grids={5: 4, 8: 4, 9: 3}
fusion_method=early pred_boxes=24 gt_boxes=53
pred_scores_shape=(24,)
frame=18/41 receiver_sample=11/20 scenario=2026_07_29_02_32_08 timestamp=000094 cavs=[11, 2, 8, 10]
sgcp_constrained receiver=11 policy=all-cavs sources=[11, 2, 8, 10] clusters=20 ra=selective_edgecooper_global_pmax comm_bytes=19296 selected_grids={2: 3, 8: 4, 10: 3}
fusion_method=early pred_boxes=21 gt_boxes=55
pred_scores_shape=(21,)
frame=18/41 receiver_sample=12/20 scenario=2026_07_29_02_32_08 timestamp=000094 cavs=[12, 4, 7]
sgcp_constrained receiver=12 policy=all-cavs sources=[12, 4, 7] clusters=20 ra=selective_edgecooper_global_pmax comm_bytes=15376 selected_grids={4: 4, 7: 4}
fusion_method=early pred_boxes=17 gt_boxes=45
pred_scores_shape=(17,)
frame=18/41 receiver_sample=13/20 scenario=2026_07_29_02_32_08 timestamp=000094 cavs=[13, 9, 10, 19]
sgcp_constrained receiver=13 policy=all-cavs sources=[13, 9, 10, 19] clusters=20 ra=selective_edgecooper_global_pmax comm_bytes=16976 selected_grids={9: 4, 10: 3, 19: 4}
fusion_method=early pred_boxes=16 gt_boxes=44
pred_scores_shape=(16,)
frame=18/41 receiver_sample=14/20 scenario=2026_07_29_02_32_08 timestamp=000094 cavs=[14]
sgcp_constrained receiver=14 policy=all-cavs sources=[14] clusters=20 ra=selective_edgecooper_global_pmax comm_bytes=0 selected_grids={}
fusion_method=early pred_boxes=5 gt_boxes=8
pred_scores_shape=(5,)
frame=18/41 receiver_sample=15/20 scenario=2026_07_29_02_32_08 timestamp=000094 cavs=[15, 6]
sgcp_constrained receiver=15 policy=all-cavs sources=[15, 6] clusters=20 ra=selective_edgecooper_global_pmax comm_bytes=10992 selected_grids={6: 4}
fusion_method=early pred_boxes=17 gt_boxes=25
pred_scores_shape=(17,)
frame=18/41 receiver_sample=16/20 scenario=2026_07_29_02_32_08 timestamp=000094 cavs=[16, 3, 17, 20]
sgcp_constrained receiver=16 policy=all-cavs sources=[16, 3, 17, 20] clusters=20 ra=selective_edgecooper_global_pmax comm_bytes=21472 selected_grids={3: 4, 17: 4, 20: 4}
fusion_method=early pred_boxes=25 gt_boxes=46
pred_scores_shape=(25,)
frame=18/41 receiver_sample=17/20 scenario=2026_07_29_02_32_08 timestamp=000094 cavs=[17, 3, 16]
sgcp_constrained receiver=17 policy=all-cavs sources=[17, 3, 16] clusters=20 ra=selective_edgecooper_global_pmax comm_bytes=11552 selected_grids={3: 3, 16: 4}
fusion_method=early pred_boxes=19 gt_boxes=40
pred_scores_shape=(19,)
frame=18/41 receiver_sample=18/20 scenario=2026_07_29_02_32_08 timestamp=000094 cavs=[18, 3]
sgcp_constrained receiver=18 policy=all-cavs sources=[18, 3] clusters=20 ra=selective_edgecooper_global_pmax comm_bytes=8896 selected_grids={3: 4}
fusion_method=early pred_boxes=16 gt_boxes=27
pred_scores_shape=(16,)
frame=18/41 receiver_sample=19/20 scenario=2026_07_29_02_32_08 timestamp=000094 cavs=[19, 9, 10, 13]
sgcp_constrained receiver=19 policy=all-cavs sources=[19, 9, 10, 13] clusters=20 ra=selective_edgecooper_global_pmax comm_bytes=20224 selected_grids={9: 4, 10: 4, 13: 3}
fusion_method=early pred_boxes=20 gt_boxes=44
pred_scores_shape=(20,)
frame=18/41 receiver_sample=20/20 scenario=2026_07_29_02_32_08 timestamp=000094 cavs=[20, 5, 16, 19]
sgcp_constrained receiver=20 policy=all-cavs sources=[20, 5, 16, 19] clusters=20 ra=selective_edgecooper_global_pmax comm_bytes=17232 selected_grids={5: 3, 16: 3, 19: 4}
fusion_method=early pred_boxes=26 gt_boxes=51
pred_scores_shape=(26,)
frame=19/41 receiver_sample=1/20 scenario=2026_07_29_02_32_08 timestamp=000096 cavs=[1, 2, 4, 8]
sgcp_constrained receiver=1 policy=all-cavs sources=[1, 2, 4, 8] clusters=20 ra=selective_edgecooper_global_pmax comm_bytes=24608 selected_grids={2: 3, 4: 4, 8: 3}
fusion_method=early pred_boxes=27 gt_boxes=54
pred_scores_shape=(27,)
frame=19/41 receiver_sample=2/20 scenario=2026_07_29_02_32_08 timestamp=000096 cavs=[2, 1, 10, 11]
sgcp_constrained receiver=2 policy=all-cavs sources=[2, 1, 10, 11] clusters=20 ra=selective_edgecooper_global_pmax comm_bytes=18576 selected_grids={1: 3, 10: 3, 11: 3}
fusion_method=early pred_boxes=21 gt_boxes=57
pred_scores_shape=(21,)
frame=19/41 receiver_sample=3/20 scenario=2026_07_29_02_32_08 timestamp=000096 cavs=[3, 16, 17, 18]
sgcp_constrained receiver=3 policy=all-cavs sources=[3, 16, 17, 18] clusters=20 ra=selective_edgecooper_global_pmax comm_bytes=27456 selected_grids={16: 4, 17: 4, 18: 4}
fusion_method=early pred_boxes=19 gt_boxes=42
pred_scores_shape=(19,)
frame=19/41 receiver_sample=4/20 scenario=2026_07_29_02_32_08 timestamp=000096 cavs=[4, 1, 7, 12]
sgcp_constrained receiver=4 policy=all-cavs sources=[4, 1, 7, 12] clusters=20 ra=selective_edgecooper_global_pmax comm_bytes=21872 selected_grids={1: 4, 7: 4, 12: 3}
fusion_method=early pred_boxes=25 gt_boxes=56
pred_scores_shape=(25,)
frame=19/41 receiver_sample=5/20 scenario=2026_07_29_02_32_08 timestamp=000096 cavs=[5, 7, 13, 20]
sgcp_constrained receiver=5 policy=all-cavs sources=[5, 7, 13, 20] clusters=20 ra=selective_edgecooper_global_pmax comm_bytes=18288 selected_grids={7: 3, 13: 4, 20: 3}
fusion_method=early pred_boxes=23 gt_boxes=43
pred_scores_shape=(23,)
frame=19/41 receiver_sample=6/20 scenario=2026_07_29_02_32_08 timestamp=000096 cavs=[6, 15]
sgcp_constrained receiver=6 policy=all-cavs sources=[6, 15] clusters=20 ra=selective_edgecooper_global_pmax comm_bytes=8304 selected_grids={15: 4}
fusion_method=early pred_boxes=15 gt_boxes=25
pred_scores_shape=(15,)
frame=19/41 receiver_sample=7/20 scenario=2026_07_29_02_32_08 timestamp=000096 cavs=[7, 4, 5, 12]
sgcp_constrained receiver=7 policy=all-cavs sources=[7, 4, 5, 12] clusters=20 ra=selective_edgecooper_global_pmax comm_bytes=25136 selected_grids={4: 3, 5: 4, 12: 4}
fusion_method=early pred_boxes=26 gt_boxes=44
pred_scores_shape=(26,)
frame=19/41 receiver_sample=8/20 scenario=2026_07_29_02_32_08 timestamp=000096 cavs=[8, 1, 11, 12]
sgcp_constrained receiver=8 policy=all-cavs sources=[8, 1, 11, 12] clusters=20 ra=selective_edgecooper_global_pmax comm_bytes=26688 selected_grids={1: 3, 11: 4, 12: 4}
fusion_method=early pred_boxes=26 gt_boxes=46
pred_scores_shape=(26,)
frame=19/41 receiver_sample=9/20 scenario=2026_07_29_02_32_08 timestamp=000096 cavs=[9, 13, 19]
sgcp_constrained receiver=9 policy=all-cavs sources=[9, 13, 19] clusters=20 ra=selective_edgecooper_global_pmax comm_bytes=10800 selected_grids={13: 3, 19: 3}
fusion_method=early pred_boxes=21 gt_boxes=42
pred_scores_shape=(21,)
frame=19/41 receiver_sample=10/20 scenario=2026_07_29_02_32_08 timestamp=000096 cavs=[10, 5, 9, 11]
sgcp_constrained receiver=10 policy=all-cavs sources=[10, 5, 9, 11] clusters=20 ra=selective_edgecooper_global_pmax comm_bytes=23728 selected_grids={5: 4, 9: 4, 11: 4}
fusion_method=early pred_boxes=25 gt_boxes=59
pred_scores_shape=(25,)
frame=19/41 receiver_sample=11/20 scenario=2026_07_29_02_32_08 timestamp=000096 cavs=[11, 2, 8, 10]
sgcp_constrained receiver=11 policy=all-cavs sources=[11, 2, 8, 10] clusters=20 ra=selective_edgecooper_global_pmax comm_bytes=21008 selected_grids={2: 3, 8: 4, 10: 3}
fusion_method=early pred_boxes=24 gt_boxes=55
pred_scores_shape=(24,)
frame=19/41 receiver_sample=12/20 scenario=2026_07_29_02_32_08 timestamp=000096 cavs=[12, 4, 7, 8]Format = auto
Extension = pcd
Format = auto
Extension = pcd
Format = auto
Extension = pcd
Format = auto
Extension = pcd
Format = auto
Extension = pcd
Format = auto
Extension = pcd
Format = auto
Extension = pcd
Format = auto
Extension = pcd
Format = auto
Extension = pcd
Format = auto
Extension = pcd
Format = auto
Extension = pcd
Format = auto
Extension = pcd
Format = auto
Extension = pcd
Format = auto
Extension = pcd
Format = auto
Extension = pcd
Format = auto
Extension = pcd
Format = auto
Extension = pcd
Format = auto
Extension = pcd
Format = auto
Extension = pcd
Format = auto
Extension = pcd

sgcp_constrained receiver=12 policy=all-cavs sources=[12, 4, 7, 8] clusters=20 ra=selective_edgecooper_global_pmax comm_bytes=24880 selected_grids={4: 3, 7: 3, 8: 4}
fusion_method=early pred_boxes=22 gt_boxes=48
pred_scores_shape=(22,)
frame=19/41 receiver_sample=13/20 scenario=2026_07_29_02_32_08 timestamp=000096 cavs=[13, 9, 10, 19]
sgcp_constrained receiver=13 policy=all-cavs sources=[13, 9, 10, 19] clusters=20 ra=selective_edgecooper_global_pmax comm_bytes=16560 selected_grids={9: 4, 10: 3, 19: 3}
fusion_method=early pred_boxes=14 gt_boxes=43
pred_scores_shape=(14,)
frame=19/41 receiver_sample=14/20 scenario=2026_07_29_02_32_08 timestamp=000096 cavs=[14]
sgcp_constrained receiver=14 policy=all-cavs sources=[14] clusters=20 ra=selective_edgecooper_global_pmax comm_bytes=0 selected_grids={}
fusion_method=early pred_boxes=4 gt_boxes=8
pred_scores_shape=(4,)
frame=19/41 receiver_sample=15/20 scenario=2026_07_29_02_32_08 timestamp=000096 cavs=[15, 6]
sgcp_constrained receiver=15 policy=all-cavs sources=[15, 6] clusters=20 ra=selective_edgecooper_global_pmax comm_bytes=11024 selected_grids={6: 4}
fusion_method=early pred_boxes=16 gt_boxes=25
pred_scores_shape=(16,)
frame=19/41 receiver_sample=16/20 scenario=2026_07_29_02_32_08 timestamp=000096 cavs=[16, 3, 17, 20]
sgcp_constrained receiver=16 policy=all-cavs sources=[16, 3, 17, 20] clusters=20 ra=selective_edgecooper_global_pmax comm_bytes=18688 selected_grids={3: 4, 17: 4, 20: 3}
fusion_method=early pred_boxes=23 gt_boxes=46
pred_scores_shape=(23,)
frame=19/41 receiver_sample=17/20 scenario=2026_07_29_02_32_08 timestamp=000096 cavs=[17, 3, 16]
sgcp_constrained receiver=17 policy=all-cavs sources=[17, 3, 16] clusters=20 ra=selective_edgecooper_global_pmax comm_bytes=11360 selected_grids={3: 3, 16: 3}
fusion_method=early pred_boxes=20 gt_boxes=40
pred_scores_shape=(20,)
frame=19/41 receiver_sample=18/20 scenario=2026_07_29_02_32_08 timestamp=000096 cavs=[18, 3]
sgcp_constrained receiver=18 policy=all-cavs sources=[18, 3] clusters=20 ra=selective_edgecooper_global_pmax comm_bytes=8848 selected_grids={3: 3}
fusion_method=early pred_boxes=15 gt_boxes=25
pred_scores_shape=(15,)
frame=19/41 receiver_sample=19/20 scenario=2026_07_29_02_32_08 timestamp=000096 cavs=[19, 9, 13, 20]
sgcp_constrained receiver=19 policy=all-cavs sources=[19, 9, 13, 20] clusters=20 ra=selective_edgecooper_global_pmax comm_bytes=24704 selected_grids={9: 4, 13: 4, 20: 4}
fusion_method=early pred_boxes=16 gt_boxes=45
pred_scores_shape=(16,)
frame=19/41 receiver_sample=20/20 scenario=2026_07_29_02_32_08 timestamp=000096 cavs=[20, 5, 16, 19]
sgcp_constrained receiver=20 policy=all-cavs sources=[20, 5, 16, 19] clusters=20 ra=selective_edgecooper_global_pmax comm_bytes=17072 selected_grids={5: 3, 16: 3, 19: 4}
fusion_method=early pred_boxes=26 gt_boxes=52
pred_scores_shape=(26,)
frame=20/41 receiver_sample=1/20 scenario=2026_07_29_02_32_08 timestamp=000098 cavs=[1, 2, 4, 8]
sgcp_constrained receiver=1 policy=all-cavs sources=[1, 2, 4, 8] clusters=20 ra=selective_edgecooper_global_pmax comm_bytes=24432 selected_grids={2: 3, 4: 4, 8: 3}
fusion_method=early pred_boxes=28 gt_boxes=53
pred_scores_shape=(28,)
frame=20/41 receiver_sample=2/20 scenario=2026_07_29_02_32_08 timestamp=000098 cavs=[2, 1, 10, 15]
sgcp_constrained receiver=2 policy=all-cavs sources=[2, 1, 10, 15] clusters=20 ra=selective_edgecooper_global_pmax comm_bytes=24496 selected_grids={1: 3, 10: 3, 15: 4}
fusion_method=early pred_boxes=21 gt_boxes=62
pred_scores_shape=(21,)
frame=20/41 receiver_sample=3/20 scenario=2026_07_29_02_32_08 timestamp=000098 cavs=[3, 16, 17, 18]
sgcp_constrained receiver=3 policy=all-cavs sources=[3, 16, 17, 18] clusters=20 ra=selective_edgecooper_global_pmax comm_bytes=27472 selected_grids={16: 4, 17: 4, 18: 4}
fusion_method=early pred_boxes=18 gt_boxes=41
pred_scores_shape=(18,)
frame=20/41 receiver_sample=4/20 scenario=2026_07_29_02_32_08 timestamp=000098 cavs=[4, 1, 7, 12]
sgcp_constrained receiver=4 policy=all-cavs sources=[4, 1, 7, 12] clusters=20 ra=selective_edgecooper_global_pmax comm_bytes=19344 selected_grids={1: 4, 7: 3, 12: 3}
fusion_method=early pred_boxes=21 gt_boxes=55
pred_scores_shape=(21,)
frame=20/41 receiver_sample=5/20 scenario=2026_07_29_02_32_08 timestamp=000098 cavs=[5, 7, 19, 20]
sgcp_constrained receiver=5 policy=all-cavs sources=[5, 7, 19, 20] clusters=20 ra=selective_edgecooper_global_pmax comm_bytes=18096 selected_grids={7: 3, 19: 4, 20: 3}
fusion_method=early pred_boxes=22 gt_boxes=43
pred_scores_shape=(22,)
frame=20/41 receiver_sample=6/20 scenario=2026_07_29_02_32_08 timestamp=000098 cavs=[6, 15]
sgcp_constrained receiver=6 policy=all-cavs sources=[6, 15] clusters=20 ra=selective_edgecooper_global_pmax comm_bytes=5584 selected_grids={15: 4}
fusion_method=early pred_boxes=15 gt_boxes=26
pred_scores_shape=(15,)
frame=20/41 receiver_sample=7/20 scenario=2026_07_29_02_32_08 timestamp=000098 cavs=[7, 4, 5, 12]
sgcp_constrained receiver=7 policy=all-cavs sources=[7, 4, 5, 12] clusters=20 ra=selective_edgecooper_global_pmax comm_bytes=25296 selected_grids={4: 3, 5: 4, 12: 4}
fusion_method=early pred_boxes=26 gt_boxes=42
pred_scores_shape=(26,)
frame=20/41 receiver_sample=8/20 scenario=2026_07_29_02_32_08 timestamp=000098 cavs=[8, 1, 11, 12]
sgcp_constrained receiver=8 policy=all-cavs sources=[8, 1, 11, 12] clusters=20 ra=selective_edgecooper_global_pmax comm_bytes=21824 selected_grids={1: 3, 11: 3, 12: 3}
fusion_method=early pred_boxes=26 gt_boxes=46
pred_scores_shape=(26,)
frame=20/41 receiver_sample=9/20 scenario=2026_07_29_02_32_08 timestamp=000098 cavs=[9, 11, 13]
sgcp_constrained receiver=9 policy=all-cavs sources=[9, 11, 13] clusters=20 ra=selective_edgecooper_global_pmax comm_bytes=15920 selected_grids={11: 4, 13: 3}
fusion_method=early pred_boxes=23 gt_boxes=47
pred_scores_shape=(23,)
frame=20/41 receiver_sample=10/20 scenario=2026_07_29_02_32_08 timestamp=000098 cavs=[10, 5, 8, 9]
sgcp_constrained receiver=10 policy=all-cavs sources=[10, 5, 8, 9] clusters=20 ra=selective_edgecooper_global_pmax comm_bytes=23600 selected_grids={5: 4, 8: 4, 9: 4}
fusion_method=early pred_boxes=23 gt_boxes=53
pred_scores_shape=(23,)
frame=20/41 receiver_sample=11/20 scenario=2026_07_29_02_32_08 timestamp=000098 cavs=[11, 2, 8, 10]
sgcp_constrained receiver=11 policy=all-cavs sources=[11, 2, 8, 10] clusters=20 ra=selective_edgecooper_global_pmax comm_bytes=20976 selected_grids={2: 3, 8: 4, 10: 3}
fusion_method=early pred_boxes=22 gt_boxes=56
pred_scores_shape=(22,)
frame=20/41 receiver_sample=12/20 scenario=2026_07_29_02_32_08 timestamp=000098 cavs=[12, 4, 7]
sgcp_constrained receiver=12 policy=all-cavs sources=[12, 4, 7] clusters=20 ra=selective_edgecooper_global_pmax comm_bytes=14160 selected_grids={4: 3, 7: 4}
fusion_method=early pred_boxes=16 gt_boxes=45
pred_scores_shape=(16,)
frame=20/41 receiver_sample=13/20 scenario=2026_07_29_02_32_08 timestamp=000098 cavs=[13, 9, 10, 19]
sgcp_constrained receiver=13 policy=all-cavs sources=[13, 9, 10, 19] clusters=20 ra=selective_edgecooper_global_pmax comm_bytes=17280 selected_grids={9: 4, 10: 3, 19: 3}
fusion_method=early pred_boxes=14 gt_boxes=42
pred_scores_shape=(14,)
frame=20/41 receiver_sample=14/20 scenario=2026_07_29_02_32_08 timestamp=000098 cavs=[14]
sgcp_constrained receiver=14 policy=all-cavs sources=[14] clusters=20 ra=selective_edgecooper_global_pmax comm_bytes=0 selected_grids={}
fusion_method=early pred_boxes=4 gt_boxes=9
pred_scores_shape=(4,)
frame=20/41 receiver_sample=15/20 scenario=2026_07_29_02_32_08 timestamp=000098 cavs=[15, 2, 6]
sgcp_constrained receiver=15 policy=all-cavs sources=[15, 2, 6] clusters=20 ra=selective_edgecooper_global_pmax comm_bytes=17248 selected_grids={2: 3, 6: 4}
fusion_method=early pred_boxes=19 gt_boxes=46
pred_scores_shape=(19,)
frame=20/41 receiver_sample=16/20 scenario=2026_07_29_02_32_08 timestamp=000098 cavs=[16, 3, 17, 20]
sgcp_constrained receiver=16 policy=all-cavs sources=[16, 3, 17, 20] clusters=20 ra=selective_edgecooper_global_pmax comm_bytes=19936 selected_grids={3: 3, 17: 4, 20: 3}
fusion_method=early pred_boxes=23 gt_boxes=47Format = auto
Extension = pcd
Format = auto
Extension = pcd
Format = auto
Extension = pcd
Format = auto
Extension = pcd
Format = auto
Extension = pcd
Format = auto
Extension = pcd
Format = auto
Extension = pcd
Format = auto
Extension = pcd
Format = auto
Extension = pcd
Format = auto
Extension = pcd
Format = auto
Extension = pcd
Format = auto
Extension = pcd
Format = auto
Extension = pcd
Format = auto
Extension = pcd
Format = auto
Extension = pcd
Format = auto
Extension = pcd
Format = auto
Extension = pcd
Format = auto
Extension = pcd
Format = auto
Extension = pcd
Format = auto
Extension = pcd
Format = auto
Extension = pcd
Format = auto
Extension = pcd
Format = auto
Extension = pcd
Format = auto
Extension = pcd
Format = auto
Extension = pcd
Format = auto
Extension = pcd
Format = auto
Extension = pcd
Format = auto
Extension = pcd
Format = auto
Extension = pcd
Format = auto
Extension = pcd
Format = auto
Extension = pcd
Format = auto
Extension = pcd
Format = auto
Extension = pcd
Format = auto
Extension = pcd
Format = auto
Extension = pcd
Format = auto
Extension = pcd
Format = auto
Extension = pcd
Format = auto
Extension = pcd
Format = auto
Extension = pcd
Format = auto
Extension = pcd

pred_scores_shape=(23,)
frame=20/41 receiver_sample=17/20 scenario=2026_07_29_02_32_08 timestamp=000098 cavs=[17, 3, 16]
sgcp_constrained receiver=17 policy=all-cavs sources=[17, 3, 16] clusters=20 ra=selective_edgecooper_global_pmax comm_bytes=11824 selected_grids={3: 3, 16: 3}
fusion_method=early pred_boxes=20 gt_boxes=39
pred_scores_shape=(20,)
frame=20/41 receiver_sample=18/20 scenario=2026_07_29_02_32_08 timestamp=000098 cavs=[18, 3]
sgcp_constrained receiver=18 policy=all-cavs sources=[18, 3] clusters=20 ra=selective_edgecooper_global_pmax comm_bytes=8848 selected_grids={3: 3}
fusion_method=early pred_boxes=15 gt_boxes=25
pred_scores_shape=(15,)
frame=20/41 receiver_sample=19/20 scenario=2026_07_29_02_32_08 timestamp=000098 cavs=[19, 9, 13, 20]
sgcp_constrained receiver=19 policy=all-cavs sources=[19, 9, 13, 20] clusters=20 ra=selective_edgecooper_global_pmax comm_bytes=24864 selected_grids={9: 3, 13: 4, 20: 4}
fusion_method=early pred_boxes=18 gt_boxes=45
pred_scores_shape=(18,)
frame=20/41 receiver_sample=20/20 scenario=2026_07_29_02_32_08 timestamp=000098 cavs=[20, 5, 16, 19]
sgcp_constrained receiver=20 policy=all-cavs sources=[20, 5, 16, 19] clusters=20 ra=selective_edgecooper_global_pmax comm_bytes=18400 selected_grids={5: 3, 16: 3, 19: 4}
fusion_method=early pred_boxes=26 gt_boxes=52
pred_scores_shape=(26,)
frame=21/41 receiver_sample=1/20 scenario=2026_07_29_02_32_08 timestamp=000100 cavs=[1, 2, 4, 8]
sgcp_constrained receiver=1 policy=all-cavs sources=[1, 2, 4, 8] clusters=20 ra=selective_edgecooper_global_pmax comm_bytes=21648 selected_grids={2: 3, 4: 3, 8: 3}
fusion_method=early pred_boxes=25 gt_boxes=53
pred_scores_shape=(25,)
frame=21/41 receiver_sample=2/20 scenario=2026_07_29_02_32_08 timestamp=000100 cavs=[2, 1, 10, 15]
sgcp_constrained receiver=2 policy=all-cavs sources=[2, 1, 10, 15] clusters=20 ra=selective_edgecooper_global_pmax comm_bytes=24592 selected_grids={1: 3, 10: 3, 15: 4}
fusion_method=early pred_boxes=20 gt_boxes=61
pred_scores_shape=(20,)
frame=21/41 receiver_sample=3/20 scenario=2026_07_29_02_32_08 timestamp=000100 cavs=[3, 16, 17, 18]
sgcp_constrained receiver=3 policy=all-cavs sources=[3, 16, 17, 18] clusters=20 ra=selective_edgecooper_global_pmax comm_bytes=24000 selected_grids={16: 4, 17: 3, 18: 4}
fusion_method=early pred_boxes=18 gt_boxes=38
pred_scores_shape=(18,)
frame=21/41 receiver_sample=4/20 scenario=2026_07_29_02_32_08 timestamp=000100 cavs=[4, 1, 7, 12]
sgcp_constrained receiver=4 policy=all-cavs sources=[4, 1, 7, 12] clusters=20 ra=selective_edgecooper_global_pmax comm_bytes=20640 selected_grids={1: 4, 7: 3, 12: 3}
fusion_method=early pred_boxes=22 gt_boxes=55
pred_scores_shape=(22,)
frame=21/41 receiver_sample=5/20 scenario=2026_07_29_02_32_08 timestamp=000100 cavs=[5, 7, 16, 19]
sgcp_constrained receiver=5 policy=all-cavs sources=[5, 7, 16, 19] clusters=20 ra=selective_edgecooper_global_pmax comm_bytes=19232 selected_grids={7: 3, 16: 3, 19: 3}
fusion_method=early pred_boxes=24 gt_boxes=47
pred_scores_shape=(24,)
frame=21/41 receiver_sample=6/20 scenario=2026_07_29_02_32_08 timestamp=000100 cavs=[6, 15]
sgcp_constrained receiver=6 policy=all-cavs sources=[6, 15] clusters=20 ra=selective_edgecooper_global_pmax comm_bytes=7696 selected_grids={15: 4}
fusion_method=early pred_boxes=15 gt_boxes=29
pred_scores_shape=(15,)
frame=21/41 receiver_sample=7/20 scenario=2026_07_29_02_32_08 timestamp=000100 cavs=[7, 4, 5, 12]
sgcp_constrained receiver=7 policy=all-cavs sources=[7, 4, 5, 12] clusters=20 ra=selective_edgecooper_global_pmax comm_bytes=24864 selected_grids={4: 3, 5: 4, 12: 4}
fusion_method=early pred_boxes=28 gt_boxes=44
pred_scores_shape=(28,)
frame=21/41 receiver_sample=8/20 scenario=2026_07_29_02_32_08 timestamp=000100 cavs=[8, 1, 11, 12]
sgcp_constrained receiver=8 policy=all-cavs sources=[8, 1, 11, 12] clusters=20 ra=selective_edgecooper_global_pmax comm_bytes=21824 selected_grids={1: 3, 11: 3, 12: 3}
fusion_method=early pred_boxes=26 gt_boxes=46
pred_scores_shape=(26,)
frame=21/41 receiver_sample=9/20 scenario=2026_07_29_02_32_08 timestamp=000100 cavs=[9, 11, 13]
sgcp_constrained receiver=9 policy=all-cavs sources=[9, 11, 13] clusters=20 ra=selective_edgecooper_global_pmax comm_bytes=15904 selected_grids={11: 3, 13: 3}
fusion_method=early pred_boxes=21 gt_boxes=45
pred_scores_shape=(21,)
frame=21/41 receiver_sample=10/20 scenario=2026_07_29_02_32_08 timestamp=000100 cavs=[10, 5, 8, 9]
sgcp_constrained receiver=10 policy=all-cavs sources=[10, 5, 8, 9] clusters=20 ra=selective_edgecooper_global_pmax comm_bytes=21040 selected_grids={5: 4, 8: 4, 9: 3}
fusion_method=early pred_boxes=23 gt_boxes=54
pred_scores_shape=(23,)
frame=21/41 receiver_sample=11/20 scenario=2026_07_29_02_32_08 timestamp=000100 cavs=[11, 2, 8, 10]
sgcp_constrained receiver=11 policy=all-cavs sources=[11, 2, 8, 10] clusters=20 ra=selective_edgecooper_global_pmax comm_bytes=20960 selected_grids={2: 3, 8: 4, 10: 3}
fusion_method=early pred_boxes=22 gt_boxes=56
pred_scores_shape=(22,)
frame=21/41 receiver_sample=12/20 scenario=2026_07_29_02_32_08 timestamp=000100 cavs=[12, 4, 7]
sgcp_constrained receiver=12 policy=all-cavs sources=[12, 4, 7] clusters=20 ra=selective_edgecooper_global_pmax comm_bytes=11888 selected_grids={4: 3, 7: 3}
fusion_method=early pred_boxes=15 gt_boxes=45
pred_scores_shape=(15,)
frame=21/41 receiver_sample=13/20 scenario=2026_07_29_02_32_08 timestamp=000100 cavs=[13, 9, 10, 19]
sgcp_constrained receiver=13 policy=all-cavs sources=[13, 9, 10, 19] clusters=20 ra=selective_edgecooper_global_pmax comm_bytes=17840 selected_grids={9: 4, 10: 3, 19: 3}
fusion_method=early pred_boxes=16 gt_boxes=42
pred_scores_shape=(16,)
frame=21/41 receiver_sample=14/20 scenario=2026_07_29_02_32_08 timestamp=000100 cavs=[14]
sgcp_constrained receiver=14 policy=all-cavs sources=[14] clusters=20 ra=selective_edgecooper_global_pmax comm_bytes=0 selected_grids={}
fusion_method=early pred_boxes=4 gt_boxes=8
pred_scores_shape=(4,)
frame=21/41 receiver_sample=15/20 scenario=2026_07_29_02_32_08 timestamp=000100 cavs=[15, 2, 6]
sgcp_constrained receiver=15 policy=all-cavs sources=[15, 2, 6] clusters=20 ra=selective_edgecooper_global_pmax comm_bytes=17120 selected_grids={2: 3, 6: 3}
fusion_method=early pred_boxes=21 gt_boxes=47
pred_scores_shape=(21,)
frame=21/41 receiver_sample=16/20 scenario=2026_07_29_02_32_08 timestamp=000100 cavs=[16, 3, 17, 20]
sgcp_constrained receiver=16 policy=all-cavs sources=[16, 3, 17, 20] clusters=20 ra=selective_edgecooper_global_pmax comm_bytes=16832 selected_grids={3: 3, 17: 4, 20: 3}
fusion_method=early pred_boxes=24 gt_boxes=47
pred_scores_shape=(24,)
frame=21/41 receiver_sample=17/20 scenario=2026_07_29_02_32_08 timestamp=000100 cavs=[17, 3, 16, 20]
sgcp_constrained receiver=17 policy=all-cavs sources=[17, 3, 16, 20] clusters=20 ra=selective_edgecooper_global_pmax comm_bytes=19936 selected_grids={3: 3, 16: 3, 20: 3}
fusion_method=early pred_boxes=22 gt_boxes=44
pred_scores_shape=(22,)
frame=21/41 receiver_sample=18/20 scenario=2026_07_29_02_32_08 timestamp=000100 cavs=[18, 3]
sgcp_constrained receiver=18 policy=all-cavs sources=[18, 3] clusters=20 ra=selective_edgecooper_global_pmax comm_bytes=8928 selected_grids={3: 3}
fusion_method=early pred_boxes=12 gt_boxes=25
pred_scores_shape=(12,)
frame=21/41 receiver_sample=19/20 scenario=2026_07_29_02_32_08 timestamp=000100 cavs=[19, 9, 13, 20]
sgcp_constrained receiver=19 policy=all-cavs sources=[19, 9, 13, 20] clusters=20 ra=selective_edgecooper_global_pmax comm_bytes=21760 selected_grids={9: 3, 13: 4, 20: 3}
fusion_method=early pred_boxes=18 gt_boxes=46
pred_scores_shape=(18,)
frame=21/41 receiver_sample=20/20 scenario=2026_07_29_02_32_08 timestamp=000100 cavs=[20, 5, 17, 19]
sgcp_constrained receiver=20 policy=all-cavs sources=[20, 5, 17, 19] clusters=20 ra=selective_edgecooper_global_pmax comm_bytes=22896 selected_grids={5: 3, 17: 4, 19: 4}
fusion_method=early pred_boxes=23 gt_boxes=55
pred_scores_shape=(23,)
frame=22/41 receiver_sample=1/20 scenario=2026_07_29_02_32_08 timestamp=000102 cavs=[1, 2, 4, 8]
sgcp_constrained receiver=1 policy=all-cavs sources=[1, 2, 4, 8] clusters=20 ra=selective_edgecooper_global_pmax comm_bytes=21536 selected_grids={2: 3, 4: 3, 8: 3}Format = auto
Extension = pcd
Format = auto
Extension = pcd
Format = auto
Extension = pcd
Format = auto
Extension = pcd
Format = auto
Extension = pcd
Format = auto
Extension = pcd
Format = auto
Extension = pcd
Format = auto
Extension = pcd
Format = auto
Extension = pcd
Format = auto
Extension = pcd
Format = auto
Extension = pcd
Format = auto
Extension = pcd
Format = auto
Extension = pcd
Format = auto
Extension = pcd
Format = auto
Extension = pcd
Format = auto
Extension = pcd
Format = auto
Extension = pcd
Format = auto
Extension = pcd
Format = auto
Extension = pcd
Format = auto
Extension = pcd

fusion_method=early pred_boxes=26 gt_boxes=53
pred_scores_shape=(26,)
frame=22/41 receiver_sample=2/20 scenario=2026_07_29_02_32_08 timestamp=000102 cavs=[2, 1, 11, 15]
sgcp_constrained receiver=2 policy=all-cavs sources=[2, 1, 11, 15] clusters=20 ra=selective_edgecooper_global_pmax comm_bytes=20160 selected_grids={1: 3, 11: 3, 15: 4}
fusion_method=early pred_boxes=22 gt_boxes=55
pred_scores_shape=(22,)
frame=22/41 receiver_sample=3/20 scenario=2026_07_29_02_32_08 timestamp=000102 cavs=[3, 16, 17, 18]
sgcp_constrained receiver=3 policy=all-cavs sources=[3, 16, 17, 18] clusters=20 ra=selective_edgecooper_global_pmax comm_bytes=25776 selected_grids={16: 4, 17: 3, 18: 4}
fusion_method=early pred_boxes=17 gt_boxes=39
pred_scores_shape=(17,)
frame=22/41 receiver_sample=4/20 scenario=2026_07_29_02_32_08 timestamp=000102 cavs=[4, 1, 7, 12]
sgcp_constrained receiver=4 policy=all-cavs sources=[4, 1, 7, 12] clusters=20 ra=selective_edgecooper_global_pmax comm_bytes=20656 selected_grids={1: 4, 7: 3, 12: 3}
fusion_method=early pred_boxes=22 gt_boxes=53
pred_scores_shape=(22,)
frame=22/41 receiver_sample=5/20 scenario=2026_07_29_02_32_08 timestamp=000102 cavs=[5, 16, 19, 20]
sgcp_constrained receiver=5 policy=all-cavs sources=[5, 16, 19, 20] clusters=20 ra=selective_edgecooper_global_pmax comm_bytes=17088 selected_grids={16: 3, 19: 4, 20: 3}
fusion_method=early pred_boxes=22 gt_boxes=47
pred_scores_shape=(22,)
frame=22/41 receiver_sample=6/20 scenario=2026_07_29_02_32_08 timestamp=000102 cavs=[6, 15]
sgcp_constrained receiver=6 policy=all-cavs sources=[6, 15] clusters=20 ra=selective_edgecooper_global_pmax comm_bytes=6864 selected_grids={15: 4}
fusion_method=early pred_boxes=15 gt_boxes=28
pred_scores_shape=(15,)
frame=22/41 receiver_sample=7/20 scenario=2026_07_29_02_32_08 timestamp=000102 cavs=[7, 4, 5, 12]
sgcp_constrained receiver=7 policy=all-cavs sources=[7, 4, 5, 12] clusters=20 ra=selective_edgecooper_global_pmax comm_bytes=24368 selected_grids={4: 3, 5: 4, 12: 4}
fusion_method=early pred_boxes=24 gt_boxes=45
pred_scores_shape=(24,)
frame=22/41 receiver_sample=8/20 scenario=2026_07_29_02_32_08 timestamp=000102 cavs=[8, 1, 11, 12]
sgcp_constrained receiver=8 policy=all-cavs sources=[8, 1, 11, 12] clusters=20 ra=selective_edgecooper_global_pmax comm_bytes=21840 selected_grids={1: 3, 11: 3, 12: 3}
fusion_method=early pred_boxes=26 gt_boxes=46
pred_scores_shape=(26,)
frame=22/41 receiver_sample=9/20 scenario=2026_07_29_02_32_08 timestamp=000102 cavs=[9, 11, 13]
sgcp_constrained receiver=9 policy=all-cavs sources=[9, 11, 13] clusters=20 ra=selective_edgecooper_global_pmax comm_bytes=17744 selected_grids={11: 3, 13: 4}
fusion_method=early pred_boxes=22 gt_boxes=44
pred_scores_shape=(22,)
frame=22/41 receiver_sample=10/20 scenario=2026_07_29_02_32_08 timestamp=000102 cavs=[10, 5, 8, 9]
sgcp_constrained receiver=10 policy=all-cavs sources=[10, 5, 8, 9] clusters=20 ra=selective_edgecooper_global_pmax comm_bytes=20448 selected_grids={5: 3, 8: 4, 9: 3}
fusion_method=early pred_boxes=24 gt_boxes=54
pred_scores_shape=(24,)
frame=22/41 receiver_sample=11/20 scenario=2026_07_29_02_32_08 timestamp=000102 cavs=[11, 2, 8, 10]
sgcp_constrained receiver=11 policy=all-cavs sources=[11, 2, 8, 10] clusters=20 ra=selective_edgecooper_global_pmax comm_bytes=22368 selected_grids={2: 3, 8: 4, 10: 4}
fusion_method=early pred_boxes=20 gt_boxes=56
pred_scores_shape=(20,)
frame=22/41 receiver_sample=12/20 scenario=2026_07_29_02_32_08 timestamp=000102 cavs=[12, 4, 7]
sgcp_constrained receiver=12 policy=all-cavs sources=[12, 4, 7] clusters=20 ra=selective_edgecooper_global_pmax comm_bytes=12704 selected_grids={4: 3, 7: 4}
fusion_method=early pred_boxes=16 gt_boxes=45
pred_scores_shape=(16,)
frame=22/41 receiver_sample=13/20 scenario=2026_07_29_02_32_08 timestamp=000102 cavs=[13, 9, 10, 19]
sgcp_constrained receiver=13 policy=all-cavs sources=[13, 9, 10, 19] clusters=20 ra=selective_edgecooper_global_pmax comm_bytes=18416 selected_grids={9: 4, 10: 3, 19: 3}
fusion_method=early pred_boxes=17 gt_boxes=42
pred_scores_shape=(17,)
frame=22/41 receiver_sample=14/20 scenario=2026_07_29_02_32_08 timestamp=000102 cavs=[14]
sgcp_constrained receiver=14 policy=all-cavs sources=[14] clusters=20 ra=selective_edgecooper_global_pmax comm_bytes=0 selected_grids={}
fusion_method=early pred_boxes=5 gt_boxes=8
pred_scores_shape=(5,)
frame=22/41 receiver_sample=15/20 scenario=2026_07_29_02_32_08 timestamp=000102 cavs=[15, 2, 6]
sgcp_constrained receiver=15 policy=all-cavs sources=[15, 2, 6] clusters=20 ra=selective_edgecooper_global_pmax comm_bytes=16928 selected_grids={2: 4, 6: 3}
fusion_method=early pred_boxes=21 gt_boxes=47
pred_scores_shape=(21,)
frame=22/41 receiver_sample=16/20 scenario=2026_07_29_02_32_08 timestamp=000102 cavs=[16, 3, 17, 20]
sgcp_constrained receiver=16 policy=all-cavs sources=[16, 3, 17, 20] clusters=20 ra=selective_edgecooper_global_pmax comm_bytes=22048 selected_grids={3: 4, 17: 4, 20: 3}
fusion_method=early pred_boxes=22 gt_boxes=47
pred_scores_shape=(22,)
frame=22/41 receiver_sample=17/20 scenario=2026_07_29_02_32_08 timestamp=000102 cavs=[17, 3, 16, 20]
sgcp_constrained receiver=17 policy=all-cavs sources=[17, 3, 16, 20] clusters=20 ra=selective_edgecooper_global_pmax comm_bytes=19648 selected_grids={3: 3, 16: 3, 20: 3}
fusion_method=early pred_boxes=21 gt_boxes=44
pred_scores_shape=(21,)
frame=22/41 receiver_sample=18/20 scenario=2026_07_29_02_32_08 timestamp=000102 cavs=[18, 3]
sgcp_constrained receiver=18 policy=all-cavs sources=[18, 3] clusters=20 ra=selective_edgecooper_global_pmax comm_bytes=8768 selected_grids={3: 3}
fusion_method=early pred_boxes=11 gt_boxes=25
pred_scores_shape=(11,)
frame=22/41 receiver_sample=19/20 scenario=2026_07_29_02_32_08 timestamp=000102 cavs=[19, 9, 10, 13]
sgcp_constrained receiver=19 policy=all-cavs sources=[19, 9, 10, 13] clusters=20 ra=selective_edgecooper_global_pmax comm_bytes=19392 selected_grids={9: 3, 10: 3, 13: 3}
fusion_method=early pred_boxes=17 gt_boxes=44
pred_scores_shape=(17,)
frame=22/41 receiver_sample=20/20 scenario=2026_07_29_02_32_08 timestamp=000102 cavs=[20, 5, 17, 19]
sgcp_constrained receiver=20 policy=all-cavs sources=[20, 5, 17, 19] clusters=20 ra=selective_edgecooper_global_pmax comm_bytes=22848 selected_grids={5: 3, 17: 4, 19: 4}
fusion_method=early pred_boxes=24 gt_boxes=54
pred_scores_shape=(24,)
frame=23/41 receiver_sample=1/20 scenario=2026_07_29_02_32_08 timestamp=000104 cavs=[1, 2, 4, 8]
sgcp_constrained receiver=1 policy=all-cavs sources=[1, 2, 4, 8] clusters=20 ra=selective_edgecooper_global_pmax comm_bytes=21520 selected_grids={2: 3, 4: 3, 8: 3}
fusion_method=early pred_boxes=25 gt_boxes=53
pred_scores_shape=(25,)
frame=23/41 receiver_sample=2/20 scenario=2026_07_29_02_32_08 timestamp=000104 cavs=[2, 1, 11, 15]
sgcp_constrained receiver=2 policy=all-cavs sources=[2, 1, 11, 15] clusters=20 ra=selective_edgecooper_global_pmax comm_bytes=20480 selected_grids={1: 3, 11: 3, 15: 4}
fusion_method=early pred_boxes=23 gt_boxes=55
pred_scores_shape=(23,)
frame=23/41 receiver_sample=3/20 scenario=2026_07_29_02_32_08 timestamp=000104 cavs=[3, 16, 17, 18]
sgcp_constrained receiver=3 policy=all-cavs sources=[3, 16, 17, 18] clusters=20 ra=selective_edgecooper_global_pmax comm_bytes=23072 selected_grids={16: 4, 17: 3, 18: 4}
fusion_method=early pred_boxes=15 gt_boxes=39
pred_scores_shape=(15,)
frame=23/41 receiver_sample=4/20 scenario=2026_07_29_02_32_08 timestamp=000104 cavs=[4, 1, 7, 12]
sgcp_constrained receiver=4 policy=all-cavs sources=[4, 1, 7, 12] clusters=20 ra=selective_edgecooper_global_pmax comm_bytes=20752 selected_grids={1: 4, 7: 3, 12: 3}
fusion_method=early pred_boxes=20 gt_boxes=54
pred_scores_shape=(20,)
frame=23/41 receiver_sample=5/20 scenario=2026_07_29_02_32_08 timestamp=000104 cavs=[5, 9, 16, 20]
sgcp_constrained receiver=5 policy=all-cavs sources=[5, 9, 16, 20] clusters=20 ra=selective_edgecooper_global_pmax comm_bytes=15264 selected_grids={9: 3, 16: 3, 20: 3}
fusion_method=early pred_boxes=23 gt_boxes=46
pred_scores_shape=(23,)
frame=23/41 receiver_sample=6/20 scenario=2026_07_29_02_32_08 timestamp=000104 cavs=[6, 15]Format = auto
Extension = pcd
Format = auto
Extension = pcd
Format = auto
Extension = pcd
Format = auto
Extension = pcd
Format = auto
Extension = pcd
Format = auto
Extension = pcd
Format = auto
Extension = pcd
Format = auto
Extension = pcd
Format = auto
Extension = pcd
Format = auto
Extension = pcd
Format = auto
Extension = pcd
Format = auto
Extension = pcd
Format = auto
Extension = pcd
Format = auto
Extension = pcd
Format = auto
Extension = pcd
Format = auto
Extension = pcd
Format = auto
Extension = pcd
Format = auto
Extension = pcd
Format = auto
Extension = pcd
Format = auto
Extension = pcd

sgcp_constrained receiver=6 policy=all-cavs sources=[6, 15] clusters=20 ra=selective_edgecooper_global_pmax comm_bytes=7088 selected_grids={15: 4}
fusion_method=early pred_boxes=16 gt_boxes=28
pred_scores_shape=(16,)
frame=23/41 receiver_sample=7/20 scenario=2026_07_29_02_32_08 timestamp=000104 cavs=[7, 4, 5, 12]
sgcp_constrained receiver=7 policy=all-cavs sources=[7, 4, 5, 12] clusters=20 ra=selective_edgecooper_global_pmax comm_bytes=25312 selected_grids={4: 3, 5: 4, 12: 4}
fusion_method=early pred_boxes=25 gt_boxes=46
pred_scores_shape=(25,)
frame=23/41 receiver_sample=8/20 scenario=2026_07_29_02_32_08 timestamp=000104 cavs=[8, 1, 11, 12]
sgcp_constrained receiver=8 policy=all-cavs sources=[8, 1, 11, 12] clusters=20 ra=selective_edgecooper_global_pmax comm_bytes=22000 selected_grids={1: 3, 11: 3, 12: 3}
fusion_method=early pred_boxes=27 gt_boxes=46
pred_scores_shape=(27,)
frame=23/41 receiver_sample=9/20 scenario=2026_07_29_02_32_08 timestamp=000104 cavs=[9, 11, 13, 19]
sgcp_constrained receiver=9 policy=all-cavs sources=[9, 11, 13, 19] clusters=20 ra=selective_edgecooper_global_pmax comm_bytes=19872 selected_grids={11: 3, 13: 3, 19: 3}
fusion_method=early pred_boxes=22 gt_boxes=44
pred_scores_shape=(22,)
frame=23/41 receiver_sample=10/20 scenario=2026_07_29_02_32_08 timestamp=000104 cavs=[10, 5, 8, 13]
sgcp_constrained receiver=10 policy=all-cavs sources=[10, 5, 8, 13] clusters=20 ra=selective_edgecooper_global_pmax comm_bytes=24576 selected_grids={5: 3, 8: 4, 13: 3}
fusion_method=early pred_boxes=25 gt_boxes=54
pred_scores_shape=(25,)
frame=23/41 receiver_sample=11/20 scenario=2026_07_29_02_32_08 timestamp=000104 cavs=[11, 2, 8, 10]
sgcp_constrained receiver=11 policy=all-cavs sources=[11, 2, 8, 10] clusters=20 ra=selective_edgecooper_global_pmax comm_bytes=20176 selected_grids={2: 3, 8: 3, 10: 3}
fusion_method=early pred_boxes=19 gt_boxes=56
pred_scores_shape=(19,)
frame=23/41 receiver_sample=12/20 scenario=2026_07_29_02_32_08 timestamp=000104 cavs=[12, 4, 7]
sgcp_constrained receiver=12 policy=all-cavs sources=[12, 4, 7] clusters=20 ra=selective_edgecooper_global_pmax comm_bytes=12592 selected_grids={4: 3, 7: 3}
fusion_method=early pred_boxes=16 gt_boxes=45
pred_scores_shape=(16,)
frame=23/41 receiver_sample=13/20 scenario=2026_07_29_02_32_08 timestamp=000104 cavs=[13, 9, 10, 19]
sgcp_constrained receiver=13 policy=all-cavs sources=[13, 9, 10, 19] clusters=20 ra=selective_edgecooper_global_pmax comm_bytes=18608 selected_grids={9: 4, 10: 3, 19: 3}
fusion_method=early pred_boxes=16 gt_boxes=42
pred_scores_shape=(16,)
frame=23/41 receiver_sample=14/20 scenario=2026_07_29_02_32_08 timestamp=000104 cavs=[14]
sgcp_constrained receiver=14 policy=all-cavs sources=[14] clusters=20 ra=selective_edgecooper_global_pmax comm_bytes=0 selected_grids={}
fusion_method=early pred_boxes=4 gt_boxes=8
pred_scores_shape=(4,)
frame=23/41 receiver_sample=15/20 scenario=2026_07_29_02_32_08 timestamp=000104 cavs=[15, 2, 6]
sgcp_constrained receiver=15 policy=all-cavs sources=[15, 2, 6] clusters=20 ra=selective_edgecooper_global_pmax comm_bytes=16976 selected_grids={2: 3, 6: 3}
fusion_method=early pred_boxes=20 gt_boxes=47
pred_scores_shape=(20,)
frame=23/41 receiver_sample=16/20 scenario=2026_07_29_02_32_08 timestamp=000104 cavs=[16, 3, 7, 20]
sgcp_constrained receiver=16 policy=all-cavs sources=[16, 3, 7, 20] clusters=20 ra=selective_edgecooper_global_pmax comm_bytes=20816 selected_grids={3: 3, 7: 3, 20: 3}
fusion_method=early pred_boxes=20 gt_boxes=53
pred_scores_shape=(20,)
frame=23/41 receiver_sample=17/20 scenario=2026_07_29_02_32_08 timestamp=000104 cavs=[17, 3, 16, 20]
sgcp_constrained receiver=17 policy=all-cavs sources=[17, 3, 16, 20] clusters=20 ra=selective_edgecooper_global_pmax comm_bytes=19312 selected_grids={3: 3, 16: 3, 20: 3}
fusion_method=early pred_boxes=22 gt_boxes=44
pred_scores_shape=(22,)
frame=23/41 receiver_sample=18/20 scenario=2026_07_29_02_32_08 timestamp=000104 cavs=[18, 3]
sgcp_constrained receiver=18 policy=all-cavs sources=[18, 3] clusters=20 ra=selective_edgecooper_global_pmax comm_bytes=8960 selected_grids={3: 3}
fusion_method=early pred_boxes=12 gt_boxes=24
pred_scores_shape=(12,)
frame=23/41 receiver_sample=19/20 scenario=2026_07_29_02_32_08 timestamp=000104 cavs=[19, 9, 10, 13]
sgcp_constrained receiver=19 policy=all-cavs sources=[19, 9, 10, 13] clusters=20 ra=selective_edgecooper_global_pmax comm_bytes=19392 selected_grids={9: 3, 10: 3, 13: 3}
fusion_method=early pred_boxes=21 gt_boxes=44
pred_scores_shape=(21,)
frame=23/41 receiver_sample=20/20 scenario=2026_07_29_02_32_08 timestamp=000104 cavs=[20, 5, 17, 19]
sgcp_constrained receiver=20 policy=all-cavs sources=[20, 5, 17, 19] clusters=20 ra=selective_edgecooper_global_pmax comm_bytes=22832 selected_grids={5: 3, 17: 4, 19: 4}
fusion_method=early pred_boxes=23 gt_boxes=54
pred_scores_shape=(23,)
frame=24/41 receiver_sample=1/20 scenario=2026_07_29_02_32_08 timestamp=000106 cavs=[1, 2, 4, 8]
sgcp_constrained receiver=1 policy=all-cavs sources=[1, 2, 4, 8] clusters=20 ra=selective_edgecooper_global_pmax comm_bytes=21504 selected_grids={2: 3, 4: 3, 8: 3}
fusion_method=early pred_boxes=24 gt_boxes=52
pred_scores_shape=(24,)
frame=24/41 receiver_sample=2/20 scenario=2026_07_29_02_32_08 timestamp=000106 cavs=[2, 1, 10, 15]
sgcp_constrained receiver=2 policy=all-cavs sources=[2, 1, 10, 15] clusters=20 ra=selective_edgecooper_global_pmax comm_bytes=22624 selected_grids={1: 3, 10: 3, 15: 4}
fusion_method=early pred_boxes=22 gt_boxes=60
pred_scores_shape=(22,)
frame=24/41 receiver_sample=3/20 scenario=2026_07_29_02_32_08 timestamp=000106 cavs=[3, 16, 17, 18]
sgcp_constrained receiver=3 policy=all-cavs sources=[3, 16, 17, 18] clusters=20 ra=selective_edgecooper_global_pmax comm_bytes=22624 selected_grids={16: 3, 17: 3, 18: 4}
fusion_method=early pred_boxes=17 gt_boxes=38
pred_scores_shape=(17,)
frame=24/41 receiver_sample=4/20 scenario=2026_07_29_02_32_08 timestamp=000106 cavs=[4, 1, 7, 12]
sgcp_constrained receiver=4 policy=all-cavs sources=[4, 1, 7, 12] clusters=20 ra=selective_edgecooper_global_pmax comm_bytes=17680 selected_grids={1: 4, 7: 3, 12: 3}
fusion_method=early pred_boxes=21 gt_boxes=52
pred_scores_shape=(21,)
frame=24/41 receiver_sample=5/20 scenario=2026_07_29_02_32_08 timestamp=000106 cavs=[5, 7, 16, 19]
sgcp_constrained receiver=5 policy=all-cavs sources=[5, 7, 16, 19] clusters=20 ra=selective_edgecooper_global_pmax comm_bytes=18176 selected_grids={7: 3, 16: 3, 19: 3}
fusion_method=early pred_boxes=19 gt_boxes=48
pred_scores_shape=(19,)
frame=24/41 receiver_sample=6/20 scenario=2026_07_29_02_32_08 timestamp=000106 cavs=[6, 15]
sgcp_constrained receiver=6 policy=all-cavs sources=[6, 15] clusters=20 ra=selective_edgecooper_global_pmax comm_bytes=5328 selected_grids={15: 4}
fusion_method=early pred_boxes=17 gt_boxes=28
pred_scores_shape=(17,)
frame=24/41 receiver_sample=7/20 scenario=2026_07_29_02_32_08 timestamp=000106 cavs=[7, 4, 5, 12]
sgcp_constrained receiver=7 policy=all-cavs sources=[7, 4, 5, 12] clusters=20 ra=selective_edgecooper_global_pmax comm_bytes=21968 selected_grids={4: 3, 5: 4, 12: 3}
fusion_method=early pred_boxes=25 gt_boxes=46
pred_scores_shape=(25,)
frame=24/41 receiver_sample=8/20 scenario=2026_07_29_02_32_08 timestamp=000106 cavs=[8, 1, 11, 12]
sgcp_constrained receiver=8 policy=all-cavs sources=[8, 1, 11, 12] clusters=20 ra=selective_edgecooper_global_pmax comm_bytes=22048 selected_grids={1: 3, 11: 3, 12: 3}
fusion_method=early pred_boxes=26 gt_boxes=47
pred_scores_shape=(26,)
frame=24/41 receiver_sample=9/20 scenario=2026_07_29_02_32_08 timestamp=000106 cavs=[9, 11, 13]
sgcp_constrained receiver=9 policy=all-cavs sources=[9, 11, 13] clusters=20 ra=selective_edgecooper_global_pmax comm_bytes=15952 selected_grids={11: 3, 13: 3}
fusion_method=early pred_boxes=24 gt_boxes=44
pred_scores_shape=(24,)
frame=24/41 receiver_sample=10/20 scenario=2026_07_29_02_32_08 timestamp=000106 cavs=[10, 5, 11, 13]
sgcp_constrained receiver=10 policy=all-cavs sources=[10, 5, 11, 13] clusters=20 ra=selective_edgecooper_global_pmax comm_bytes=23376 selected_grids={5: 3, 11: 4, 13: 3}Format = auto
Extension = pcd
Format = auto
Extension = pcd
Format = auto
Extension = pcd
Format = auto
Extension = pcd
Format = auto
Extension = pcd
Format = auto
Extension = pcd
Format = auto
Extension = pcd
Format = auto
Extension = pcd
Format = auto
Extension = pcd
Format = auto
Extension = pcd
Format = auto
Extension = pcd
Format = auto
Extension = pcd
Format = auto
Extension = pcd
Format = auto
Extension = pcd
Format = auto
Extension = pcd
Format = auto
Extension = pcd
Format = auto
Extension = pcd
Format = auto
Extension = pcd
Format = auto
Extension = pcd
Format = auto
Extension = pcd

fusion_method=early pred_boxes=25 gt_boxes=57
pred_scores_shape=(25,)
frame=24/41 receiver_sample=11/20 scenario=2026_07_29_02_32_08 timestamp=000106 cavs=[11, 2, 8, 10]
sgcp_constrained receiver=11 policy=all-cavs sources=[11, 2, 8, 10] clusters=20 ra=selective_edgecooper_global_pmax comm_bytes=20128 selected_grids={2: 3, 8: 3, 10: 3}
fusion_method=early pred_boxes=21 gt_boxes=55
pred_scores_shape=(21,)
frame=24/41 receiver_sample=12/20 scenario=2026_07_29_02_32_08 timestamp=000106 cavs=[12, 4, 7, 8]
sgcp_constrained receiver=12 policy=all-cavs sources=[12, 4, 7, 8] clusters=20 ra=selective_edgecooper_global_pmax comm_bytes=24192 selected_grids={4: 3, 7: 3, 8: 4}
fusion_method=early pred_boxes=21 gt_boxes=48
pred_scores_shape=(21,)
frame=24/41 receiver_sample=13/20 scenario=2026_07_29_02_32_08 timestamp=000106 cavs=[13, 9, 10, 19]
sgcp_constrained receiver=13 policy=all-cavs sources=[13, 9, 10, 19] clusters=20 ra=selective_edgecooper_global_pmax comm_bytes=19056 selected_grids={9: 4, 10: 3, 19: 3}
fusion_method=early pred_boxes=16 gt_boxes=42
pred_scores_shape=(16,)
frame=24/41 receiver_sample=14/20 scenario=2026_07_29_02_32_08 timestamp=000106 cavs=[14]
sgcp_constrained receiver=14 policy=all-cavs sources=[14] clusters=20 ra=selective_edgecooper_global_pmax comm_bytes=0 selected_grids={}
fusion_method=early pred_boxes=4 gt_boxes=8
pred_scores_shape=(4,)
frame=24/41 receiver_sample=15/20 scenario=2026_07_29_02_32_08 timestamp=000106 cavs=[15, 2, 6]
sgcp_constrained receiver=15 policy=all-cavs sources=[15, 2, 6] clusters=20 ra=selective_edgecooper_global_pmax comm_bytes=16960 selected_grids={2: 3, 6: 3}
fusion_method=early pred_boxes=19 gt_boxes=47
pred_scores_shape=(19,)
frame=24/41 receiver_sample=16/20 scenario=2026_07_29_02_32_08 timestamp=000106 cavs=[16, 3, 17, 20]
sgcp_constrained receiver=16 policy=all-cavs sources=[16, 3, 17, 20] clusters=20 ra=selective_edgecooper_global_pmax comm_bytes=17984 selected_grids={3: 3, 17: 3, 20: 3}
fusion_method=early pred_boxes=21 gt_boxes=46
pred_scores_shape=(21,)
frame=24/41 receiver_sample=17/20 scenario=2026_07_29_02_32_08 timestamp=000106 cavs=[17, 3, 16, 20]
sgcp_constrained receiver=17 policy=all-cavs sources=[17, 3, 16, 20] clusters=20 ra=selective_edgecooper_global_pmax comm_bytes=19280 selected_grids={3: 3, 16: 3, 20: 3}
fusion_method=early pred_boxes=21 gt_boxes=42
pred_scores_shape=(21,)
frame=24/41 receiver_sample=18/20 scenario=2026_07_29_02_32_08 timestamp=000106 cavs=[18, 3]
sgcp_constrained receiver=18 policy=all-cavs sources=[18, 3] clusters=20 ra=selective_edgecooper_global_pmax comm_bytes=8976 selected_grids={3: 3}
fusion_method=early pred_boxes=12 gt_boxes=24
pred_scores_shape=(12,)
frame=24/41 receiver_sample=19/20 scenario=2026_07_29_02_32_08 timestamp=000106 cavs=[19, 9, 13, 20]
sgcp_constrained receiver=19 policy=all-cavs sources=[19, 9, 13, 20] clusters=20 ra=selective_edgecooper_global_pmax comm_bytes=21712 selected_grids={9: 3, 13: 3, 20: 3}
fusion_method=early pred_boxes=19 gt_boxes=46
pred_scores_shape=(19,)
frame=24/41 receiver_sample=20/20 scenario=2026_07_29_02_32_08 timestamp=000106 cavs=[20, 5, 17, 19]
sgcp_constrained receiver=20 policy=all-cavs sources=[20, 5, 17, 19] clusters=20 ra=selective_edgecooper_global_pmax comm_bytes=20032 selected_grids={5: 3, 17: 3, 19: 4}
fusion_method=early pred_boxes=24 gt_boxes=53
pred_scores_shape=(24,)
frame=25/41 receiver_sample=1/20 scenario=2026_07_29_02_32_08 timestamp=000108 cavs=[1, 2, 4, 8]
sgcp_constrained receiver=1 policy=all-cavs sources=[1, 2, 4, 8] clusters=20 ra=selective_edgecooper_global_pmax comm_bytes=21472 selected_grids={2: 3, 4: 3, 8: 3}
fusion_method=early pred_boxes=25 gt_boxes=53
pred_scores_shape=(25,)
frame=25/41 receiver_sample=2/20 scenario=2026_07_29_02_32_08 timestamp=000108 cavs=[2, 1, 10, 15]
sgcp_constrained receiver=2 policy=all-cavs sources=[2, 1, 10, 15] clusters=20 ra=selective_edgecooper_global_pmax comm_bytes=22576 selected_grids={1: 3, 10: 3, 15: 4}
fusion_method=early pred_boxes=22 gt_boxes=61
pred_scores_shape=(22,)
frame=25/41 receiver_sample=3/20 scenario=2026_07_29_02_32_08 timestamp=000108 cavs=[3, 16, 17, 18]
sgcp_constrained receiver=3 policy=all-cavs sources=[3, 16, 17, 18] clusters=20 ra=selective_edgecooper_global_pmax comm_bytes=22592 selected_grids={16: 3, 17: 3, 18: 4}
fusion_method=early pred_boxes=18 gt_boxes=39
pred_scores_shape=(18,)
frame=25/41 receiver_sample=4/20 scenario=2026_07_29_02_32_08 timestamp=000108 cavs=[4, 1, 7, 12]
sgcp_constrained receiver=4 policy=all-cavs sources=[4, 1, 7, 12] clusters=20 ra=selective_edgecooper_global_pmax comm_bytes=17536 selected_grids={1: 3, 7: 3, 12: 3}
fusion_method=early pred_boxes=21 gt_boxes=55
pred_scores_shape=(21,)
frame=25/41 receiver_sample=5/20 scenario=2026_07_29_02_32_08 timestamp=000108 cavs=[5, 7, 9, 16]
sgcp_constrained receiver=5 policy=all-cavs sources=[5, 7, 9, 16] clusters=20 ra=selective_edgecooper_global_pmax comm_bytes=20160 selected_grids={7: 3, 9: 3, 16: 3}
fusion_method=early pred_boxes=22 gt_boxes=47
pred_scores_shape=(22,)
frame=25/41 receiver_sample=6/20 scenario=2026_07_29_02_32_08 timestamp=000108 cavs=[6, 15]
sgcp_constrained receiver=6 policy=all-cavs sources=[6, 15] clusters=20 ra=selective_edgecooper_global_pmax comm_bytes=4976 selected_grids={15: 3}
fusion_method=early pred_boxes=16 gt_boxes=27
pred_scores_shape=(16,)
frame=25/41 receiver_sample=7/20 scenario=2026_07_29_02_32_08 timestamp=000108 cavs=[7, 4, 5, 12]
sgcp_constrained receiver=7 policy=all-cavs sources=[7, 4, 5, 12] clusters=20 ra=selective_edgecooper_global_pmax comm_bytes=22640 selected_grids={4: 3, 5: 4, 12: 4}
fusion_method=early pred_boxes=25 gt_boxes=45
pred_scores_shape=(25,)
frame=25/41 receiver_sample=8/20 scenario=2026_07_29_02_32_08 timestamp=000108 cavs=[8, 1, 11, 12]
sgcp_constrained receiver=8 policy=all-cavs sources=[8, 1, 11, 12] clusters=20 ra=selective_edgecooper_global_pmax comm_bytes=22096 selected_grids={1: 3, 11: 3, 12: 3}
fusion_method=early pred_boxes=28 gt_boxes=47
pred_scores_shape=(28,)
frame=25/41 receiver_sample=9/20 scenario=2026_07_29_02_32_08 timestamp=000108 cavs=[9, 11, 13, 19]
sgcp_constrained receiver=9 policy=all-cavs sources=[9, 11, 13, 19] clusters=20 ra=selective_edgecooper_global_pmax comm_bytes=19904 selected_grids={11: 3, 13: 3, 19: 3}
fusion_method=early pred_boxes=22 gt_boxes=44
pred_scores_shape=(22,)
frame=25/41 receiver_sample=10/20 scenario=2026_07_29_02_32_08 timestamp=000108 cavs=[10, 5, 8, 13]
sgcp_constrained receiver=10 policy=all-cavs sources=[10, 5, 8, 13] clusters=20 ra=selective_edgecooper_global_pmax comm_bytes=25952 selected_grids={5: 3, 8: 4, 13: 3}
fusion_method=early pred_boxes=25 gt_boxes=54
pred_scores_shape=(25,)
frame=25/41 receiver_sample=11/20 scenario=2026_07_29_02_32_08 timestamp=000108 cavs=[11, 2, 8, 10]
sgcp_constrained receiver=11 policy=all-cavs sources=[11, 2, 8, 10] clusters=20 ra=selective_edgecooper_global_pmax comm_bytes=20160 selected_grids={2: 3, 8: 4, 10: 3}
fusion_method=early pred_boxes=20 gt_boxes=55
pred_scores_shape=(20,)
frame=25/41 receiver_sample=12/20 scenario=2026_07_29_02_32_08 timestamp=000108 cavs=[12, 4, 7]
sgcp_constrained receiver=12 policy=all-cavs sources=[12, 4, 7] clusters=20 ra=selective_edgecooper_global_pmax comm_bytes=13504 selected_grids={4: 3, 7: 3}
fusion_method=early pred_boxes=17 gt_boxes=46
pred_scores_shape=(17,)
frame=25/41 receiver_sample=13/20 scenario=2026_07_29_02_32_08 timestamp=000108 cavs=[13, 9, 10, 19]
sgcp_constrained receiver=13 policy=all-cavs sources=[13, 9, 10, 19] clusters=20 ra=selective_edgecooper_global_pmax comm_bytes=19296 selected_grids={9: 4, 10: 3, 19: 3}
fusion_method=early pred_boxes=16 gt_boxes=42
pred_scores_shape=(16,)
frame=25/41 receiver_sample=14/20 scenario=2026_07_29_02_32_08 timestamp=000108 cavs=[14]
sgcp_constrained receiver=14 policy=all-cavs sources=[14] clusters=20 ra=selective_edgecooper_global_pmax comm_bytes=0 selected_grids={}
fusion_method=early pred_boxes=5 gt_boxes=8
pred_scores_shape=(5,)
frame=25/41 receiver_sample=15/20 scenario=2026_07_29_02_32_08 timestamp=000108 cavs=[15, 2, 6]Format = auto
Extension = pcd
Format = auto
Extension = pcd
Format = auto
Extension = pcd
Format = auto
Extension = pcd
Format = auto
Extension = pcd
Format = auto
Extension = pcd
Format = auto
Extension = pcd
Format = auto
Extension = pcd
Format = auto
Extension = pcd
Format = auto
Extension = pcd
Format = auto
Extension = pcd
Format = auto
Extension = pcd
Format = auto
Extension = pcd
Format = auto
Extension = pcd
Format = auto
Extension = pcd
Format = auto
Extension = pcd
Format = auto
Extension = pcd
Format = auto
Extension = pcd
Format = auto
Extension = pcd
Format = auto
Extension = pcd

sgcp_constrained receiver=15 policy=all-cavs sources=[15, 2, 6] clusters=20 ra=selective_edgecooper_global_pmax comm_bytes=16704 selected_grids={2: 3, 6: 3}
fusion_method=early pred_boxes=19 gt_boxes=47
pred_scores_shape=(19,)
frame=25/41 receiver_sample=16/20 scenario=2026_07_29_02_32_08 timestamp=000108 cavs=[16, 3, 17, 20]
sgcp_constrained receiver=16 policy=all-cavs sources=[16, 3, 17, 20] clusters=20 ra=selective_edgecooper_global_pmax comm_bytes=20240 selected_grids={3: 3, 17: 3, 20: 3}
fusion_method=early pred_boxes=22 gt_boxes=46
pred_scores_shape=(22,)
frame=25/41 receiver_sample=17/20 scenario=2026_07_29_02_32_08 timestamp=000108 cavs=[17, 3, 16, 20]
sgcp_constrained receiver=17 policy=all-cavs sources=[17, 3, 16, 20] clusters=20 ra=selective_edgecooper_global_pmax comm_bytes=18832 selected_grids={3: 3, 16: 3, 20: 3}
fusion_method=early pred_boxes=22 gt_boxes=42
pred_scores_shape=(22,)
frame=25/41 receiver_sample=18/20 scenario=2026_07_29_02_32_08 timestamp=000108 cavs=[18, 3]
sgcp_constrained receiver=18 policy=all-cavs sources=[18, 3] clusters=20 ra=selective_edgecooper_global_pmax comm_bytes=8848 selected_grids={3: 3}
fusion_method=early pred_boxes=12 gt_boxes=23
pred_scores_shape=(12,)
frame=25/41 receiver_sample=19/20 scenario=2026_07_29_02_32_08 timestamp=000108 cavs=[19, 9, 13, 20]
sgcp_constrained receiver=19 policy=all-cavs sources=[19, 9, 13, 20] clusters=20 ra=selective_edgecooper_global_pmax comm_bytes=21760 selected_grids={9: 3, 13: 3, 20: 3}
fusion_method=early pred_boxes=19 gt_boxes=45
pred_scores_shape=(19,)
frame=25/41 receiver_sample=20/20 scenario=2026_07_29_02_32_08 timestamp=000108 cavs=[20, 5, 17, 19]
sgcp_constrained receiver=20 policy=all-cavs sources=[20, 5, 17, 19] clusters=20 ra=selective_edgecooper_global_pmax comm_bytes=20352 selected_grids={5: 3, 17: 4, 19: 4}
fusion_method=early pred_boxes=24 gt_boxes=54
pred_scores_shape=(24,)
frame=26/41 receiver_sample=1/20 scenario=2026_07_29_02_32_08 timestamp=000110 cavs=[1, 2, 4, 8]
sgcp_constrained receiver=1 policy=all-cavs sources=[1, 2, 4, 8] clusters=20 ra=selective_edgecooper_global_pmax comm_bytes=21504 selected_grids={2: 3, 4: 3, 8: 3}
fusion_method=early pred_boxes=24 gt_boxes=53
pred_scores_shape=(24,)
frame=26/41 receiver_sample=2/20 scenario=2026_07_29_02_32_08 timestamp=000110 cavs=[2, 1, 10, 15]
sgcp_constrained receiver=2 policy=all-cavs sources=[2, 1, 10, 15] clusters=20 ra=selective_edgecooper_global_pmax comm_bytes=22544 selected_grids={1: 3, 10: 3, 15: 4}
fusion_method=early pred_boxes=22 gt_boxes=61
pred_scores_shape=(22,)
frame=26/41 receiver_sample=3/20 scenario=2026_07_29_02_32_08 timestamp=000110 cavs=[3, 16, 17, 18]
sgcp_constrained receiver=3 policy=all-cavs sources=[3, 16, 17, 18] clusters=20 ra=selective_edgecooper_global_pmax comm_bytes=23040 selected_grids={16: 3, 17: 3, 18: 4}
fusion_method=early pred_boxes=17 gt_boxes=38
pred_scores_shape=(17,)
frame=26/41 receiver_sample=4/20 scenario=2026_07_29_02_32_08 timestamp=000110 cavs=[4, 1, 7, 12]
sgcp_constrained receiver=4 policy=all-cavs sources=[4, 1, 7, 12] clusters=20 ra=selective_edgecooper_global_pmax comm_bytes=19056 selected_grids={1: 4, 7: 3, 12: 3}
fusion_method=early pred_boxes=20 gt_boxes=53
pred_scores_shape=(20,)
frame=26/41 receiver_sample=5/20 scenario=2026_07_29_02_32_08 timestamp=000110 cavs=[5, 9, 16, 17]
sgcp_constrained receiver=5 policy=all-cavs sources=[5, 9, 16, 17] clusters=20 ra=selective_edgecooper_global_pmax comm_bytes=22160 selected_grids={9: 3, 16: 3, 17: 3}
fusion_method=early pred_boxes=23 gt_boxes=47
pred_scores_shape=(23,)
frame=26/41 receiver_sample=6/20 scenario=2026_07_29_02_32_08 timestamp=000110 cavs=[6, 15]
sgcp_constrained receiver=6 policy=all-cavs sources=[6, 15] clusters=20 ra=selective_edgecooper_global_pmax comm_bytes=4544 selected_grids={15: 3}
fusion_method=early pred_boxes=16 gt_boxes=27
pred_scores_shape=(16,)
frame=26/41 receiver_sample=7/20 scenario=2026_07_29_02_32_08 timestamp=000110 cavs=[7, 4, 5, 12]
sgcp_constrained receiver=7 policy=all-cavs sources=[7, 4, 5, 12] clusters=20 ra=selective_edgecooper_global_pmax comm_bytes=25632 selected_grids={4: 3, 5: 4, 12: 4}
fusion_method=early pred_boxes=23 gt_boxes=45
pred_scores_shape=(23,)
frame=26/41 receiver_sample=8/20 scenario=2026_07_29_02_32_08 timestamp=000110 cavs=[8, 1, 11, 12]
sgcp_constrained receiver=8 policy=all-cavs sources=[8, 1, 11, 12] clusters=20 ra=selective_edgecooper_global_pmax comm_bytes=22096 selected_grids={1: 3, 11: 3, 12: 3}
fusion_method=early pred_boxes=26 gt_boxes=47
pred_scores_shape=(26,)
frame=26/41 receiver_sample=9/20 scenario=2026_07_29_02_32_08 timestamp=000110 cavs=[9, 11, 13]
sgcp_constrained receiver=9 policy=all-cavs sources=[9, 11, 13] clusters=20 ra=selective_edgecooper_global_pmax comm_bytes=15968 selected_grids={11: 3, 13: 3}
fusion_method=early pred_boxes=21 gt_boxes=44
pred_scores_shape=(21,)
frame=26/41 receiver_sample=10/20 scenario=2026_07_29_02_32_08 timestamp=000110 cavs=[10, 5, 8, 19]
sgcp_constrained receiver=10 policy=all-cavs sources=[10, 5, 8, 19] clusters=20 ra=selective_edgecooper_global_pmax comm_bytes=19456 selected_grids={5: 3, 8: 4, 19: 3}
fusion_method=early pred_boxes=23 gt_boxes=54
pred_scores_shape=(23,)
frame=26/41 receiver_sample=11/20 scenario=2026_07_29_02_32_08 timestamp=000110 cavs=[11, 2, 8, 10]
sgcp_constrained receiver=11 policy=all-cavs sources=[11, 2, 8, 10] clusters=20 ra=selective_edgecooper_global_pmax comm_bytes=20112 selected_grids={2: 3, 8: 3, 10: 3}
fusion_method=early pred_boxes=22 gt_boxes=55
pred_scores_shape=(22,)
frame=26/41 receiver_sample=12/20 scenario=2026_07_29_02_32_08 timestamp=000110 cavs=[12, 4, 7]
sgcp_constrained receiver=12 policy=all-cavs sources=[12, 4, 7] clusters=20 ra=selective_edgecooper_global_pmax comm_bytes=14208 selected_grids={4: 3, 7: 3}
fusion_method=early pred_boxes=15 gt_boxes=46
pred_scores_shape=(15,)
frame=26/41 receiver_sample=13/20 scenario=2026_07_29_02_32_08 timestamp=000110 cavs=[13, 9, 10, 19]
sgcp_constrained receiver=13 policy=all-cavs sources=[13, 9, 10, 19] clusters=20 ra=selective_edgecooper_global_pmax comm_bytes=19840 selected_grids={9: 4, 10: 3, 19: 3}
fusion_method=early pred_boxes=17 gt_boxes=42
pred_scores_shape=(17,)
frame=26/41 receiver_sample=14/20 scenario=2026_07_29_02_32_08 timestamp=000110 cavs=[14]
sgcp_constrained receiver=14 policy=all-cavs sources=[14] clusters=20 ra=selective_edgecooper_global_pmax comm_bytes=0 selected_grids={}
fusion_method=early pred_boxes=4 gt_boxes=8
pred_scores_shape=(4,)
frame=26/41 receiver_sample=15/20 scenario=2026_07_29_02_32_08 timestamp=000110 cavs=[15, 2, 6]
sgcp_constrained receiver=15 policy=all-cavs sources=[15, 2, 6] clusters=20 ra=selective_edgecooper_global_pmax comm_bytes=16592 selected_grids={2: 3, 6: 3}
fusion_method=early pred_boxes=20 gt_boxes=47
pred_scores_shape=(20,)
frame=26/41 receiver_sample=16/20 scenario=2026_07_29_02_32_08 timestamp=000110 cavs=[16, 3, 7, 20]
sgcp_constrained receiver=16 policy=all-cavs sources=[16, 3, 7, 20] clusters=20 ra=selective_edgecooper_global_pmax comm_bytes=21408 selected_grids={3: 3, 7: 3, 20: 3}
fusion_method=early pred_boxes=26 gt_boxes=55
pred_scores_shape=(26,)
frame=26/41 receiver_sample=17/20 scenario=2026_07_29_02_32_08 timestamp=000110 cavs=[17, 3, 16, 20]
sgcp_constrained receiver=17 policy=all-cavs sources=[17, 3, 16, 20] clusters=20 ra=selective_edgecooper_global_pmax comm_bytes=18944 selected_grids={3: 3, 16: 3, 20: 3}
fusion_method=early pred_boxes=21 gt_boxes=42
pred_scores_shape=(21,)
frame=26/41 receiver_sample=18/20 scenario=2026_07_29_02_32_08 timestamp=000110 cavs=[18, 3]
sgcp_constrained receiver=18 policy=all-cavs sources=[18, 3] clusters=20 ra=selective_edgecooper_global_pmax comm_bytes=9024 selected_grids={3: 3}
fusion_method=early pred_boxes=12 gt_boxes=23
pred_scores_shape=(12,)
frame=26/41 receiver_sample=19/20 scenario=2026_07_29_02_32_08 timestamp=000110 cavs=[19, 9, 13, 20]
sgcp_constrained receiver=19 policy=all-cavs sources=[19, 9, 13, 20] clusters=20 ra=selective_edgecooper_global_pmax comm_bytes=21760 selected_grids={9: 3, 13: 3, 20: 3}Format = auto
Extension = pcd
Format = auto
Extension = pcd
Format = auto
Extension = pcd
Format = auto
Extension = pcd
Format = auto
Extension = pcd
Format = auto
Extension = pcd
Format = auto
Extension = pcd
Format = auto
Extension = pcd
Format = auto
Extension = pcd
Format = auto
Extension = pcd
Format = auto
Extension = pcd
Format = auto
Extension = pcd
Format = auto
Extension = pcd
Format = auto
Extension = pcd
Format = auto
Extension = pcd
Format = auto
Extension = pcd
Format = auto
Extension = pcd
Format = auto
Extension = pcd
Format = auto
Extension = pcd
Format = auto
Extension = pcd
Format = auto
Extension = pcd
Format = auto
Extension = pcd
Format = auto
Extension = pcd
Format = auto
Extension = pcd
Format = auto
Extension = pcd
Format = auto
Extension = pcd
Format = auto
Extension = pcd
Format = auto
Extension = pcd
Format = auto
Extension = pcd
Format = auto
Extension = pcd
Format = auto
Extension = pcd
Format = auto
Extension = pcd
Format = auto
Extension = pcd
Format = auto
Extension = pcd
Format = auto
Extension = pcd
Format = auto
Extension = pcd
Format = auto
Extension = pcd
Format = auto
Extension = pcd
Format = auto
Extension = pcd
Format = auto
Extension = pcd

fusion_method=early pred_boxes=19 gt_boxes=45
pred_scores_shape=(19,)
frame=26/41 receiver_sample=20/20 scenario=2026_07_29_02_32_08 timestamp=000110 cavs=[20, 5, 17, 19]
sgcp_constrained receiver=20 policy=all-cavs sources=[20, 5, 17, 19] clusters=20 ra=selective_edgecooper_global_pmax comm_bytes=21712 selected_grids={5: 3, 17: 4, 19: 4}
fusion_method=early pred_boxes=25 gt_boxes=54
pred_scores_shape=(25,)
frame=27/41 receiver_sample=1/20 scenario=2026_07_29_02_32_08 timestamp=000112 cavs=[1, 2, 4, 8]
sgcp_constrained receiver=1 policy=all-cavs sources=[1, 2, 4, 8] clusters=20 ra=selective_edgecooper_global_pmax comm_bytes=21472 selected_grids={2: 3, 4: 3, 8: 3}
fusion_method=early pred_boxes=25 gt_boxes=53
pred_scores_shape=(25,)
frame=27/41 receiver_sample=2/20 scenario=2026_07_29_02_32_08 timestamp=000112 cavs=[2, 1, 10, 15]
sgcp_constrained receiver=2 policy=all-cavs sources=[2, 1, 10, 15] clusters=20 ra=selective_edgecooper_global_pmax comm_bytes=20736 selected_grids={1: 3, 10: 3, 15: 4}
fusion_method=early pred_boxes=21 gt_boxes=61
pred_scores_shape=(21,)
frame=27/41 receiver_sample=3/20 scenario=2026_07_29_02_32_08 timestamp=000112 cavs=[3, 16, 17, 18]
sgcp_constrained receiver=3 policy=all-cavs sources=[3, 16, 17, 18] clusters=20 ra=selective_edgecooper_global_pmax comm_bytes=23120 selected_grids={16: 4, 17: 3, 18: 4}
fusion_method=early pred_boxes=14 gt_boxes=38
pred_scores_shape=(14,)
frame=27/41 receiver_sample=4/20 scenario=2026_07_29_02_32_08 timestamp=000112 cavs=[4, 1, 7, 12]
sgcp_constrained receiver=4 policy=all-cavs sources=[4, 1, 7, 12] clusters=20 ra=selective_edgecooper_global_pmax comm_bytes=18992 selected_grids={1: 4, 7: 3, 12: 3}
fusion_method=early pred_boxes=22 gt_boxes=54
pred_scores_shape=(22,)
frame=27/41 receiver_sample=5/20 scenario=2026_07_29_02_32_08 timestamp=000112 cavs=[5, 9, 17, 20]
sgcp_constrained receiver=5 policy=all-cavs sources=[5, 9, 17, 20] clusters=20 ra=selective_edgecooper_global_pmax comm_bytes=21072 selected_grids={9: 3, 17: 3, 20: 3}
fusion_method=early pred_boxes=26 gt_boxes=48
pred_scores_shape=(26,)
frame=27/41 receiver_sample=6/20 scenario=2026_07_29_02_32_08 timestamp=000112 cavs=[6, 15]
sgcp_constrained receiver=6 policy=all-cavs sources=[6, 15] clusters=20 ra=selective_edgecooper_global_pmax comm_bytes=4416 selected_grids={15: 3}
fusion_method=early pred_boxes=17 gt_boxes=27
pred_scores_shape=(17,)
frame=27/41 receiver_sample=7/20 scenario=2026_07_29_02_32_08 timestamp=000112 cavs=[7, 4, 12, 16]
sgcp_constrained receiver=7 policy=all-cavs sources=[7, 4, 12, 16] clusters=20 ra=selective_edgecooper_global_pmax comm_bytes=24448 selected_grids={4: 3, 12: 4, 16: 3}
fusion_method=early pred_boxes=21 gt_boxes=44
pred_scores_shape=(21,)
frame=27/41 receiver_sample=8/20 scenario=2026_07_29_02_32_08 timestamp=000112 cavs=[8, 1, 11, 12]
sgcp_constrained receiver=8 policy=all-cavs sources=[8, 1, 11, 12] clusters=20 ra=selective_edgecooper_global_pmax comm_bytes=22112 selected_grids={1: 3, 11: 3, 12: 3}
fusion_method=early pred_boxes=27 gt_boxes=47
pred_scores_shape=(27,)
frame=27/41 receiver_sample=9/20 scenario=2026_07_29_02_32_08 timestamp=000112 cavs=[9, 11, 13]
sgcp_constrained receiver=9 policy=all-cavs sources=[9, 11, 13] clusters=20 ra=selective_edgecooper_global_pmax comm_bytes=16000 selected_grids={11: 3, 13: 3}
fusion_method=early pred_boxes=23 gt_boxes=44
pred_scores_shape=(23,)
frame=27/41 receiver_sample=10/20 scenario=2026_07_29_02_32_08 timestamp=000112 cavs=[10, 5, 8, 19]
sgcp_constrained receiver=10 policy=all-cavs sources=[10, 5, 8, 19] clusters=20 ra=selective_edgecooper_global_pmax comm_bytes=22640 selected_grids={5: 4, 8: 4, 19: 3}
fusion_method=early pred_boxes=23 gt_boxes=55
pred_scores_shape=(23,)
frame=27/41 receiver_sample=11/20 scenario=2026_07_29_02_32_08 timestamp=000112 cavs=[11, 2, 8, 10]
sgcp_constrained receiver=11 policy=all-cavs sources=[11, 2, 8, 10] clusters=20 ra=selective_edgecooper_global_pmax comm_bytes=19664 selected_grids={2: 3, 8: 4, 10: 3}
fusion_method=early pred_boxes=22 gt_boxes=55
pred_scores_shape=(22,)
frame=27/41 receiver_sample=12/20 scenario=2026_07_29_02_32_08 timestamp=000112 cavs=[12, 4, 7]
sgcp_constrained receiver=12 policy=all-cavs sources=[12, 4, 7] clusters=20 ra=selective_edgecooper_global_pmax comm_bytes=14144 selected_grids={4: 3, 7: 3}
fusion_method=early pred_boxes=16 gt_boxes=47
pred_scores_shape=(16,)
frame=27/41 receiver_sample=13/20 scenario=2026_07_29_02_32_08 timestamp=000112 cavs=[13, 9, 10, 19]
sgcp_constrained receiver=13 policy=all-cavs sources=[13, 9, 10, 19] clusters=20 ra=selective_edgecooper_global_pmax comm_bytes=21088 selected_grids={9: 4, 10: 3, 19: 3}
fusion_method=early pred_boxes=14 gt_boxes=42
pred_scores_shape=(14,)
frame=27/41 receiver_sample=14/20 scenario=2026_07_29_02_32_08 timestamp=000112 cavs=[14]
sgcp_constrained receiver=14 policy=all-cavs sources=[14] clusters=20 ra=selective_edgecooper_global_pmax comm_bytes=0 selected_grids={}
fusion_method=early pred_boxes=4 gt_boxes=8
pred_scores_shape=(4,)
frame=27/41 receiver_sample=15/20 scenario=2026_07_29_02_32_08 timestamp=000112 cavs=[15, 2, 6]
sgcp_constrained receiver=15 policy=all-cavs sources=[15, 2, 6] clusters=20 ra=selective_edgecooper_global_pmax comm_bytes=16608 selected_grids={2: 3, 6: 3}
fusion_method=early pred_boxes=21 gt_boxes=46
pred_scores_shape=(21,)
frame=27/41 receiver_sample=16/20 scenario=2026_07_29_02_32_08 timestamp=000112 cavs=[16, 3, 5, 7]
sgcp_constrained receiver=16 policy=all-cavs sources=[16, 3, 5, 7] clusters=20 ra=selective_edgecooper_global_pmax comm_bytes=22400 selected_grids={3: 3, 5: 3, 7: 3}
fusion_method=early pred_boxes=25 gt_boxes=55
pred_scores_shape=(25,)
frame=27/41 receiver_sample=17/20 scenario=2026_07_29_02_32_08 timestamp=000112 cavs=[17, 3, 16, 20]
sgcp_constrained receiver=17 policy=all-cavs sources=[17, 3, 16, 20] clusters=20 ra=selective_edgecooper_global_pmax comm_bytes=19344 selected_grids={3: 3, 16: 3, 20: 3}
fusion_method=early pred_boxes=21 gt_boxes=42
pred_scores_shape=(21,)
frame=27/41 receiver_sample=18/20 scenario=2026_07_29_02_32_08 timestamp=000112 cavs=[18, 3]
sgcp_constrained receiver=18 policy=all-cavs sources=[18, 3] clusters=20 ra=selective_edgecooper_global_pmax comm_bytes=8224 selected_grids={3: 3}
fusion_method=early pred_boxes=11 gt_boxes=23
pred_scores_shape=(11,)
frame=27/41 receiver_sample=19/20 scenario=2026_07_29_02_32_08 timestamp=000112 cavs=[19, 9, 13, 20]
sgcp_constrained receiver=19 policy=all-cavs sources=[19, 9, 13, 20] clusters=20 ra=selective_edgecooper_global_pmax comm_bytes=21648 selected_grids={9: 3, 13: 3, 20: 3}
fusion_method=early pred_boxes=20 gt_boxes=45
pred_scores_shape=(20,)
frame=27/41 receiver_sample=20/20 scenario=2026_07_29_02_32_08 timestamp=000112 cavs=[20, 5, 17, 19]
sgcp_constrained receiver=20 policy=all-cavs sources=[20, 5, 17, 19] clusters=20 ra=selective_edgecooper_global_pmax comm_bytes=21472 selected_grids={5: 3, 17: 3, 19: 4}
fusion_method=early pred_boxes=24 gt_boxes=54
pred_scores_shape=(24,)
frame=28/41 receiver_sample=1/20 scenario=2026_07_29_02_32_08 timestamp=000114 cavs=[1, 4, 8, 15]
sgcp_constrained receiver=1 policy=all-cavs sources=[1, 4, 8, 15] clusters=20 ra=selective_edgecooper_global_pmax comm_bytes=22944 selected_grids={4: 3, 8: 3, 15: 4}
fusion_method=early pred_boxes=27 gt_boxes=57
pred_scores_shape=(27,)
frame=28/41 receiver_sample=2/20 scenario=2026_07_29_02_32_08 timestamp=000114 cavs=[2, 1, 11, 15]
sgcp_constrained receiver=2 policy=all-cavs sources=[2, 1, 11, 15] clusters=20 ra=selective_edgecooper_global_pmax comm_bytes=17760 selected_grids={1: 3, 11: 4, 15: 4}
fusion_method=early pred_boxes=20 gt_boxes=54
pred_scores_shape=(20,)
frame=28/41 receiver_sample=3/20 scenario=2026_07_29_02_32_08 timestamp=000114 cavs=[3, 16, 17, 18]
sgcp_constrained receiver=3 policy=all-cavs sources=[3, 16, 17, 18] clusters=20 ra=selective_edgecooper_global_pmax comm_bytes=26032 selected_grids={16: 4, 17: 4, 18: 4}
fusion_method=early pred_boxes=14 gt_boxes=36
pred_scores_shape=(14,)
frame=28/41 receiver_sample=4/20 scenario=2026_07_29_02_32_08 timestamp=000114 cavs=[4, 1, 7, 12]Format = auto
Extension = pcd
Format = auto
Extension = pcd
Format = auto
Extension = pcd
Format = auto
Extension = pcd
Format = auto
Extension = pcd
Format = auto
Extension = pcd
Format = auto
Extension = pcd
Format = auto
Extension = pcd
Format = auto
Extension = pcd
Format = auto
Extension = pcd
Format = auto
Extension = pcd
Format = auto
Extension = pcd
Format = auto
Extension = pcd
Format = auto
Extension = pcd
Format = auto
Extension = pcd
Format = auto
Extension = pcd
Format = auto
Extension = pcd
Format = auto
Extension = pcd
Format = auto
Extension = pcd
Format = auto
Extension = pcd

sgcp_constrained receiver=4 policy=all-cavs sources=[4, 1, 7, 12] clusters=20 ra=selective_edgecooper_global_pmax comm_bytes=21680 selected_grids={1: 4, 7: 3, 12: 3}
fusion_method=early pred_boxes=20 gt_boxes=53
pred_scores_shape=(20,)
frame=28/41 receiver_sample=5/20 scenario=2026_07_29_02_32_08 timestamp=000114 cavs=[5, 7, 16, 20]
sgcp_constrained receiver=5 policy=all-cavs sources=[5, 7, 16, 20] clusters=20 ra=selective_edgecooper_global_pmax comm_bytes=14112 selected_grids={7: 3, 16: 3, 20: 3}
fusion_method=early pred_boxes=20 gt_boxes=45
pred_scores_shape=(20,)
frame=28/41 receiver_sample=6/20 scenario=2026_07_29_02_32_08 timestamp=000114 cavs=[6, 15]
sgcp_constrained receiver=6 policy=all-cavs sources=[6, 15] clusters=20 ra=selective_edgecooper_global_pmax comm_bytes=5712 selected_grids={15: 3}
fusion_method=early pred_boxes=16 gt_boxes=28
pred_scores_shape=(16,)
frame=28/41 receiver_sample=7/20 scenario=2026_07_29_02_32_08 timestamp=000114 cavs=[7, 4, 12]
sgcp_constrained receiver=7 policy=all-cavs sources=[7, 4, 12] clusters=20 ra=selective_edgecooper_global_pmax comm_bytes=16000 selected_grids={4: 3, 12: 4}
fusion_method=early pred_boxes=21 gt_boxes=39
pred_scores_shape=(21,)
frame=28/41 receiver_sample=8/20 scenario=2026_07_29_02_32_08 timestamp=000114 cavs=[8, 2, 11, 12]
sgcp_constrained receiver=8 policy=all-cavs sources=[8, 2, 11, 12] clusters=20 ra=selective_edgecooper_global_pmax comm_bytes=22624 selected_grids={2: 3, 11: 3, 12: 3}
fusion_method=early pred_boxes=26 gt_boxes=47
pred_scores_shape=(26,)
frame=28/41 receiver_sample=9/20 scenario=2026_07_29_02_32_08 timestamp=000114 cavs=[9, 11, 13, 19]
sgcp_constrained receiver=9 policy=all-cavs sources=[9, 11, 13, 19] clusters=20 ra=selective_edgecooper_global_pmax comm_bytes=19952 selected_grids={11: 3, 13: 3, 19: 3}
fusion_method=early pred_boxes=21 gt_boxes=44
pred_scores_shape=(21,)
frame=28/41 receiver_sample=10/20 scenario=2026_07_29_02_32_08 timestamp=000114 cavs=[10, 5, 8, 19]
sgcp_constrained receiver=10 policy=all-cavs sources=[10, 5, 8, 19] clusters=20 ra=selective_edgecooper_global_pmax comm_bytes=25168 selected_grids={5: 4, 8: 4, 19: 4}
fusion_method=early pred_boxes=23 gt_boxes=56
pred_scores_shape=(23,)
frame=28/41 receiver_sample=11/20 scenario=2026_07_29_02_32_08 timestamp=000114 cavs=[11, 2, 8, 10]
sgcp_constrained receiver=11 policy=all-cavs sources=[11, 2, 8, 10] clusters=20 ra=selective_edgecooper_global_pmax comm_bytes=20816 selected_grids={2: 3, 8: 4, 10: 3}
fusion_method=early pred_boxes=21 gt_boxes=55
pred_scores_shape=(21,)
frame=28/41 receiver_sample=12/20 scenario=2026_07_29_02_32_08 timestamp=000114 cavs=[12, 4, 7]
sgcp_constrained receiver=12 policy=all-cavs sources=[12, 4, 7] clusters=20 ra=selective_edgecooper_global_pmax comm_bytes=12736 selected_grids={4: 3, 7: 4}
fusion_method=early pred_boxes=16 gt_boxes=46
pred_scores_shape=(16,)
frame=28/41 receiver_sample=13/20 scenario=2026_07_29_02_32_08 timestamp=000114 cavs=[13, 9, 10, 19]
sgcp_constrained receiver=13 policy=all-cavs sources=[13, 9, 10, 19] clusters=20 ra=selective_edgecooper_global_pmax comm_bytes=20640 selected_grids={9: 4, 10: 3, 19: 3}
fusion_method=early pred_boxes=17 gt_boxes=43
pred_scores_shape=(17,)
frame=28/41 receiver_sample=14/20 scenario=2026_07_29_02_32_08 timestamp=000114 cavs=[14]
sgcp_constrained receiver=14 policy=all-cavs sources=[14] clusters=20 ra=selective_edgecooper_global_pmax comm_bytes=0 selected_grids={}
fusion_method=early pred_boxes=4 gt_boxes=8
pred_scores_shape=(4,)
frame=28/41 receiver_sample=15/20 scenario=2026_07_29_02_32_08 timestamp=000114 cavs=[15, 1, 2, 6]
sgcp_constrained receiver=15 policy=all-cavs sources=[15, 1, 2, 6] clusters=20 ra=selective_edgecooper_global_pmax comm_bytes=23168 selected_grids={1: 3, 2: 3, 6: 3}
fusion_method=early pred_boxes=22 gt_boxes=54
pred_scores_shape=(22,)
frame=28/41 receiver_sample=16/20 scenario=2026_07_29_02_32_08 timestamp=000114 cavs=[16, 3, 5, 20]
sgcp_constrained receiver=16 policy=all-cavs sources=[16, 3, 5, 20] clusters=20 ra=selective_edgecooper_global_pmax comm_bytes=20704 selected_grids={3: 3, 5: 3, 20: 3}
fusion_method=early pred_boxes=26 gt_boxes=47
pred_scores_shape=(26,)
frame=28/41 receiver_sample=17/20 scenario=2026_07_29_02_32_08 timestamp=000114 cavs=[17, 3, 16, 20]
sgcp_constrained receiver=17 policy=all-cavs sources=[17, 3, 16, 20] clusters=20 ra=selective_edgecooper_global_pmax comm_bytes=19664 selected_grids={3: 3, 16: 3, 20: 3}
fusion_method=early pred_boxes=22 gt_boxes=42
pred_scores_shape=(22,)
frame=28/41 receiver_sample=18/20 scenario=2026_07_29_02_32_08 timestamp=000114 cavs=[18, 3]
sgcp_constrained receiver=18 policy=all-cavs sources=[18, 3] clusters=20 ra=selective_edgecooper_global_pmax comm_bytes=8016 selected_grids={3: 3}
fusion_method=early pred_boxes=12 gt_boxes=22
pred_scores_shape=(12,)
frame=28/41 receiver_sample=19/20 scenario=2026_07_29_02_32_08 timestamp=000114 cavs=[19, 9, 10, 13]
sgcp_constrained receiver=19 policy=all-cavs sources=[19, 9, 10, 13] clusters=20 ra=selective_edgecooper_global_pmax comm_bytes=17184 selected_grids={9: 3, 10: 3, 13: 3}
fusion_method=early pred_boxes=20 gt_boxes=44
pred_scores_shape=(20,)
frame=28/41 receiver_sample=20/20 scenario=2026_07_29_02_32_08 timestamp=000114 cavs=[20, 5, 9, 17]
sgcp_constrained receiver=20 policy=all-cavs sources=[20, 5, 9, 17] clusters=20 ra=selective_edgecooper_global_pmax comm_bytes=24688 selected_grids={5: 3, 9: 4, 17: 4}
fusion_method=early pred_boxes=27 gt_boxes=50
pred_scores_shape=(27,)
frame=29/41 receiver_sample=1/20 scenario=2026_07_29_02_32_08 timestamp=000116 cavs=[1, 4, 8, 15]
sgcp_constrained receiver=1 policy=all-cavs sources=[1, 4, 8, 15] clusters=20 ra=selective_edgecooper_global_pmax comm_bytes=22880 selected_grids={4: 3, 8: 3, 15: 4}
fusion_method=early pred_boxes=27 gt_boxes=58
pred_scores_shape=(27,)
frame=29/41 receiver_sample=2/20 scenario=2026_07_29_02_32_08 timestamp=000116 cavs=[2, 10, 11, 15]
sgcp_constrained receiver=2 policy=all-cavs sources=[2, 10, 11, 15] clusters=20 ra=selective_edgecooper_global_pmax comm_bytes=22512 selected_grids={10: 3, 11: 4, 15: 4}
fusion_method=early pred_boxes=21 gt_boxes=59
pred_scores_shape=(21,)
frame=29/41 receiver_sample=3/20 scenario=2026_07_29_02_32_08 timestamp=000116 cavs=[3, 16, 17, 18]
sgcp_constrained receiver=3 policy=all-cavs sources=[3, 16, 17, 18] clusters=20 ra=selective_edgecooper_global_pmax comm_bytes=22896 selected_grids={16: 3, 17: 3, 18: 4}
fusion_method=early pred_boxes=14 gt_boxes=34
pred_scores_shape=(14,)
frame=29/41 receiver_sample=4/20 scenario=2026_07_29_02_32_08 timestamp=000116 cavs=[4, 1, 7, 12]
sgcp_constrained receiver=4 policy=all-cavs sources=[4, 1, 7, 12] clusters=20 ra=selective_edgecooper_global_pmax comm_bytes=21536 selected_grids={1: 4, 7: 3, 12: 3}
fusion_method=early pred_boxes=20 gt_boxes=53
pred_scores_shape=(20,)
frame=29/41 receiver_sample=5/20 scenario=2026_07_29_02_32_08 timestamp=000116 cavs=[5, 7, 9, 20]
sgcp_constrained receiver=5 policy=all-cavs sources=[5, 7, 9, 20] clusters=20 ra=selective_edgecooper_global_pmax comm_bytes=17712 selected_grids={7: 3, 9: 3, 20: 3}
fusion_method=early pred_boxes=23 gt_boxes=43
pred_scores_shape=(23,)
frame=29/41 receiver_sample=6/20 scenario=2026_07_29_02_32_08 timestamp=000116 cavs=[6, 15]
sgcp_constrained receiver=6 policy=all-cavs sources=[6, 15] clusters=20 ra=selective_edgecooper_global_pmax comm_bytes=5728 selected_grids={15: 3}
fusion_method=early pred_boxes=16 gt_boxes=29
pred_scores_shape=(16,)
frame=29/41 receiver_sample=7/20 scenario=2026_07_29_02_32_08 timestamp=000116 cavs=[7, 4, 12]
sgcp_constrained receiver=7 policy=all-cavs sources=[7, 4, 12] clusters=20 ra=selective_edgecooper_global_pmax comm_bytes=12880 selected_grids={4: 3, 12: 4}
fusion_method=early pred_boxes=20 gt_boxes=39
pred_scores_shape=(20,)
frame=29/41 receiver_sample=8/20 scenario=2026_07_29_02_32_08 timestamp=000116 cavs=[8, 1, 11, 12]
sgcp_constrained receiver=8 policy=all-cavs sources=[8, 1, 11, 12] clusters=20 ra=selective_edgecooper_global_pmax comm_bytes=22144 selected_grids={1: 3, 11: 3, 12: 3}Format = auto
Extension = pcd
Format = auto
Extension = pcd
Format = auto
Extension = pcd
Format = auto
Extension = pcd
Format = auto
Extension = pcd
Format = auto
Extension = pcd
Format = auto
Extension = pcd
Format = auto
Extension = pcd
Format = auto
Extension = pcd
Format = auto
Extension = pcd
Format = auto
Extension = pcd
Format = auto
Extension = pcd
Format = auto
Extension = pcd
Format = auto
Extension = pcd
Format = auto
Extension = pcd
Format = auto
Extension = pcd
Format = auto
Extension = pcd
Format = auto
Extension = pcd
Format = auto
Extension = pcd
Format = auto
Extension = pcd

fusion_method=early pred_boxes=25 gt_boxes=47
pred_scores_shape=(25,)
frame=29/41 receiver_sample=9/20 scenario=2026_07_29_02_32_08 timestamp=000116 cavs=[9, 11, 13]
sgcp_constrained receiver=9 policy=all-cavs sources=[9, 11, 13] clusters=20 ra=selective_edgecooper_global_pmax comm_bytes=16032 selected_grids={11: 3, 13: 3}
fusion_method=early pred_boxes=20 gt_boxes=44
pred_scores_shape=(20,)
frame=29/41 receiver_sample=10/20 scenario=2026_07_29_02_32_08 timestamp=000116 cavs=[10, 5, 8, 19]
sgcp_constrained receiver=10 policy=all-cavs sources=[10, 5, 8, 19] clusters=20 ra=selective_edgecooper_global_pmax comm_bytes=25056 selected_grids={5: 4, 8: 4, 19: 4}
fusion_method=early pred_boxes=22 gt_boxes=56
pred_scores_shape=(22,)
frame=29/41 receiver_sample=11/20 scenario=2026_07_29_02_32_08 timestamp=000116 cavs=[11, 2, 8, 10]
sgcp_constrained receiver=11 policy=all-cavs sources=[11, 2, 8, 10] clusters=20 ra=selective_edgecooper_global_pmax comm_bytes=20800 selected_grids={2: 3, 8: 4, 10: 3}
fusion_method=early pred_boxes=22 gt_boxes=56
pred_scores_shape=(22,)
frame=29/41 receiver_sample=12/20 scenario=2026_07_29_02_32_08 timestamp=000116 cavs=[12, 4, 7]
sgcp_constrained receiver=12 policy=all-cavs sources=[12, 4, 7] clusters=20 ra=selective_edgecooper_global_pmax comm_bytes=15536 selected_grids={4: 3, 7: 4}
fusion_method=early pred_boxes=15 gt_boxes=43
pred_scores_shape=(15,)
frame=29/41 receiver_sample=13/20 scenario=2026_07_29_02_32_08 timestamp=000116 cavs=[13, 9, 10, 19]
sgcp_constrained receiver=13 policy=all-cavs sources=[13, 9, 10, 19] clusters=20 ra=selective_edgecooper_global_pmax comm_bytes=21264 selected_grids={9: 4, 10: 3, 19: 3}
fusion_method=early pred_boxes=13 gt_boxes=42
pred_scores_shape=(13,)
frame=29/41 receiver_sample=14/20 scenario=2026_07_29_02_32_08 timestamp=000116 cavs=[14]
sgcp_constrained receiver=14 policy=all-cavs sources=[14] clusters=20 ra=selective_edgecooper_global_pmax comm_bytes=0 selected_grids={}
fusion_method=early pred_boxes=4 gt_boxes=8
pred_scores_shape=(4,)
frame=29/41 receiver_sample=15/20 scenario=2026_07_29_02_32_08 timestamp=000116 cavs=[15, 1, 2, 6]
sgcp_constrained receiver=15 policy=all-cavs sources=[15, 1, 2, 6] clusters=20 ra=selective_edgecooper_global_pmax comm_bytes=23024 selected_grids={1: 3, 2: 3, 6: 3}
fusion_method=early pred_boxes=20 gt_boxes=54
pred_scores_shape=(20,)
frame=29/41 receiver_sample=16/20 scenario=2026_07_29_02_32_08 timestamp=000116 cavs=[16, 3, 17, 20]
sgcp_constrained receiver=16 policy=all-cavs sources=[16, 3, 17, 20] clusters=20 ra=selective_edgecooper_global_pmax comm_bytes=20144 selected_grids={3: 3, 17: 4, 20: 3}
fusion_method=early pred_boxes=20 gt_boxes=45
pred_scores_shape=(20,)
frame=29/41 receiver_sample=17/20 scenario=2026_07_29_02_32_08 timestamp=000116 cavs=[17, 3, 5, 16]
sgcp_constrained receiver=17 policy=all-cavs sources=[17, 3, 5, 16] clusters=20 ra=selective_edgecooper_global_pmax comm_bytes=18688 selected_grids={3: 3, 5: 4, 16: 3}
fusion_method=early pred_boxes=19 gt_boxes=43
pred_scores_shape=(19,)
frame=29/41 receiver_sample=18/20 scenario=2026_07_29_02_32_08 timestamp=000116 cavs=[18, 3]
sgcp_constrained receiver=18 policy=all-cavs sources=[18, 3] clusters=20 ra=selective_edgecooper_global_pmax comm_bytes=8032 selected_grids={3: 3}
fusion_method=early pred_boxes=12 gt_boxes=20
pred_scores_shape=(12,)
frame=29/41 receiver_sample=19/20 scenario=2026_07_29_02_32_08 timestamp=000116 cavs=[19, 9, 13, 20]
sgcp_constrained receiver=19 policy=all-cavs sources=[19, 9, 13, 20] clusters=20 ra=selective_edgecooper_global_pmax comm_bytes=21536 selected_grids={9: 3, 13: 3, 20: 3}
fusion_method=early pred_boxes=20 gt_boxes=44
pred_scores_shape=(20,)
frame=29/41 receiver_sample=20/20 scenario=2026_07_29_02_32_08 timestamp=000116 cavs=[20, 5, 16, 19]
sgcp_constrained receiver=20 policy=all-cavs sources=[20, 5, 16, 19] clusters=20 ra=selective_edgecooper_global_pmax comm_bytes=21200 selected_grids={5: 3, 16: 3, 19: 4}
fusion_method=early pred_boxes=23 gt_boxes=51
pred_scores_shape=(23,)
frame=30/41 receiver_sample=1/20 scenario=2026_07_29_02_32_08 timestamp=000118 cavs=[1, 4, 8, 15]
sgcp_constrained receiver=1 policy=all-cavs sources=[1, 4, 8, 15] clusters=20 ra=selective_edgecooper_global_pmax comm_bytes=22944 selected_grids={4: 3, 8: 3, 15: 4}
fusion_method=early pred_boxes=26 gt_boxes=57
pred_scores_shape=(26,)
frame=30/41 receiver_sample=2/20 scenario=2026_07_29_02_32_08 timestamp=000118 cavs=[2, 10, 11, 15]
sgcp_constrained receiver=2 policy=all-cavs sources=[2, 10, 11, 15] clusters=20 ra=selective_edgecooper_global_pmax comm_bytes=21360 selected_grids={10: 3, 11: 3, 15: 4}
fusion_method=early pred_boxes=21 gt_boxes=58
pred_scores_shape=(21,)
frame=30/41 receiver_sample=3/20 scenario=2026_07_29_02_32_08 timestamp=000118 cavs=[3, 16, 17, 18]
sgcp_constrained receiver=3 policy=all-cavs sources=[3, 16, 17, 18] clusters=20 ra=selective_edgecooper_global_pmax comm_bytes=25088 selected_grids={16: 3, 17: 4, 18: 4}
fusion_method=early pred_boxes=15 gt_boxes=34
pred_scores_shape=(15,)
frame=30/41 receiver_sample=4/20 scenario=2026_07_29_02_32_08 timestamp=000118 cavs=[4, 1, 7, 12]
sgcp_constrained receiver=4 policy=all-cavs sources=[4, 1, 7, 12] clusters=20 ra=selective_edgecooper_global_pmax comm_bytes=21680 selected_grids={1: 4, 7: 4, 12: 3}
fusion_method=early pred_boxes=20 gt_boxes=53
pred_scores_shape=(20,)
frame=30/41 receiver_sample=5/20 scenario=2026_07_29_02_32_08 timestamp=000118 cavs=[5, 7, 9, 20]
sgcp_constrained receiver=5 policy=all-cavs sources=[5, 7, 9, 20] clusters=20 ra=selective_edgecooper_global_pmax comm_bytes=17616 selected_grids={7: 3, 9: 3, 20: 3}
fusion_method=early pred_boxes=22 gt_boxes=44
pred_scores_shape=(22,)
frame=30/41 receiver_sample=6/20 scenario=2026_07_29_02_32_08 timestamp=000118 cavs=[6, 15]
sgcp_constrained receiver=6 policy=all-cavs sources=[6, 15] clusters=20 ra=selective_edgecooper_global_pmax comm_bytes=5616 selected_grids={15: 3}
fusion_method=early pred_boxes=16 gt_boxes=29
pred_scores_shape=(16,)
frame=30/41 receiver_sample=7/20 scenario=2026_07_29_02_32_08 timestamp=000118 cavs=[7, 4, 12]
sgcp_constrained receiver=7 policy=all-cavs sources=[7, 4, 12] clusters=20 ra=selective_edgecooper_global_pmax comm_bytes=12832 selected_grids={4: 3, 12: 3}
fusion_method=early pred_boxes=22 gt_boxes=40
pred_scores_shape=(22,)
frame=30/41 receiver_sample=8/20 scenario=2026_07_29_02_32_08 timestamp=000118 cavs=[8, 1, 11, 12]
sgcp_constrained receiver=8 policy=all-cavs sources=[8, 1, 11, 12] clusters=20 ra=selective_edgecooper_global_pmax comm_bytes=22144 selected_grids={1: 3, 11: 3, 12: 3}
fusion_method=early pred_boxes=26 gt_boxes=47
pred_scores_shape=(26,)
frame=30/41 receiver_sample=9/20 scenario=2026_07_29_02_32_08 timestamp=000118 cavs=[9, 11, 13]
sgcp_constrained receiver=9 policy=all-cavs sources=[9, 11, 13] clusters=20 ra=selective_edgecooper_global_pmax comm_bytes=16080 selected_grids={11: 3, 13: 4}
fusion_method=early pred_boxes=21 gt_boxes=44
pred_scores_shape=(21,)
frame=30/41 receiver_sample=10/20 scenario=2026_07_29_02_32_08 timestamp=000118 cavs=[10, 5, 8, 19]
sgcp_constrained receiver=10 policy=all-cavs sources=[10, 5, 8, 19] clusters=20 ra=selective_edgecooper_global_pmax comm_bytes=24976 selected_grids={5: 4, 8: 4, 19: 4}
fusion_method=early pred_boxes=23 gt_boxes=55
pred_scores_shape=(23,)
frame=30/41 receiver_sample=11/20 scenario=2026_07_29_02_32_08 timestamp=000118 cavs=[11, 2, 8, 10]
sgcp_constrained receiver=11 policy=all-cavs sources=[11, 2, 8, 10] clusters=20 ra=selective_edgecooper_global_pmax comm_bytes=20784 selected_grids={2: 3, 8: 4, 10: 3}
fusion_method=early pred_boxes=22 gt_boxes=56
pred_scores_shape=(22,)
frame=30/41 receiver_sample=12/20 scenario=2026_07_29_02_32_08 timestamp=000118 cavs=[12, 4, 7]
sgcp_constrained receiver=12 policy=all-cavs sources=[12, 4, 7] clusters=20 ra=selective_edgecooper_global_pmax comm_bytes=15968 selected_grids={4: 3, 7: 4}
fusion_method=early pred_boxes=17 gt_boxes=44
pred_scores_shape=(17,)
frame=30/41 receiver_sample=13/20 scenario=2026_07_29_02_32_08 timestamp=000118 cavs=[13, 9, 10, 19]Format = auto
Extension = pcd
Format = auto
Extension = pcd
Format = auto
Extension = pcd
Format = auto
Extension = pcd
Format = auto
Extension = pcd
Format = auto
Extension = pcd
Format = auto
Extension = pcd
Format = auto
Extension = pcd
Format = auto
Extension = pcd
Format = auto
Extension = pcd
Format = auto
Extension = pcd
Format = auto
Extension = pcd
Format = auto
Extension = pcd
Format = auto
Extension = pcd
Format = auto
Extension = pcd
Format = auto
Extension = pcd
Format = auto
Extension = pcd
Format = auto
Extension = pcd
Format = auto
Extension = pcd
Format = auto
Extension = pcd

sgcp_constrained receiver=13 policy=all-cavs sources=[13, 9, 10, 19] clusters=20 ra=selective_edgecooper_global_pmax comm_bytes=21616 selected_grids={9: 4, 10: 3, 19: 3}
fusion_method=early pred_boxes=14 gt_boxes=42
pred_scores_shape=(14,)
frame=30/41 receiver_sample=14/20 scenario=2026_07_29_02_32_08 timestamp=000118 cavs=[14]
sgcp_constrained receiver=14 policy=all-cavs sources=[14] clusters=20 ra=selective_edgecooper_global_pmax comm_bytes=0 selected_grids={}
fusion_method=early pred_boxes=6 gt_boxes=8
pred_scores_shape=(6,)
frame=30/41 receiver_sample=15/20 scenario=2026_07_29_02_32_08 timestamp=000118 cavs=[15, 1, 2, 6]
sgcp_constrained receiver=15 policy=all-cavs sources=[15, 1, 2, 6] clusters=20 ra=selective_edgecooper_global_pmax comm_bytes=23136 selected_grids={1: 3, 2: 3, 6: 3}
fusion_method=early pred_boxes=21 gt_boxes=54
pred_scores_shape=(21,)
frame=30/41 receiver_sample=16/20 scenario=2026_07_29_02_32_08 timestamp=000118 cavs=[16, 3, 17, 20]
sgcp_constrained receiver=16 policy=all-cavs sources=[16, 3, 17, 20] clusters=20 ra=selective_edgecooper_global_pmax comm_bytes=18800 selected_grids={3: 3, 17: 3, 20: 3}
fusion_method=early pred_boxes=19 gt_boxes=45
pred_scores_shape=(19,)
frame=30/41 receiver_sample=17/20 scenario=2026_07_29_02_32_08 timestamp=000118 cavs=[17, 3, 5, 16]
sgcp_constrained receiver=17 policy=all-cavs sources=[17, 3, 5, 16] clusters=20 ra=selective_edgecooper_global_pmax comm_bytes=17840 selected_grids={3: 3, 5: 4, 16: 3}
fusion_method=early pred_boxes=20 gt_boxes=44
pred_scores_shape=(20,)
frame=30/41 receiver_sample=18/20 scenario=2026_07_29_02_32_08 timestamp=000118 cavs=[18, 3]
sgcp_constrained receiver=18 policy=all-cavs sources=[18, 3] clusters=20 ra=selective_edgecooper_global_pmax comm_bytes=8128 selected_grids={3: 3}
fusion_method=early pred_boxes=12 gt_boxes=20
pred_scores_shape=(12,)
frame=30/41 receiver_sample=19/20 scenario=2026_07_29_02_32_08 timestamp=000118 cavs=[19, 9, 13, 20]
sgcp_constrained receiver=19 policy=all-cavs sources=[19, 9, 13, 20] clusters=20 ra=selective_edgecooper_global_pmax comm_bytes=21552 selected_grids={9: 3, 13: 3, 20: 3}
fusion_method=early pred_boxes=21 gt_boxes=44
pred_scores_shape=(21,)
frame=30/41 receiver_sample=20/20 scenario=2026_07_29_02_32_08 timestamp=000118 cavs=[20, 5, 16, 19]
sgcp_constrained receiver=20 policy=all-cavs sources=[20, 5, 16, 19] clusters=20 ra=selective_edgecooper_global_pmax comm_bytes=21440 selected_grids={5: 3, 16: 4, 19: 4}
fusion_method=early pred_boxes=22 gt_boxes=51
pred_scores_shape=(22,)
frame=31/41 receiver_sample=1/20 scenario=2026_07_29_02_32_08 timestamp=000120 cavs=[1, 4, 8, 15]
sgcp_constrained receiver=1 policy=all-cavs sources=[1, 4, 8, 15] clusters=20 ra=selective_edgecooper_global_pmax comm_bytes=22912 selected_grids={4: 3, 8: 3, 15: 4}
fusion_method=early pred_boxes=26 gt_boxes=56
pred_scores_shape=(26,)
frame=31/41 receiver_sample=2/20 scenario=2026_07_29_02_32_08 timestamp=000120 cavs=[2, 1, 11, 15]
sgcp_constrained receiver=2 policy=all-cavs sources=[2, 1, 11, 15] clusters=20 ra=selective_edgecooper_global_pmax comm_bytes=16416 selected_grids={1: 3, 11: 3, 15: 4}
fusion_method=early pred_boxes=20 gt_boxes=53
pred_scores_shape=(20,)
frame=31/41 receiver_sample=3/20 scenario=2026_07_29_02_32_08 timestamp=000120 cavs=[3, 16, 17, 18]
sgcp_constrained receiver=3 policy=all-cavs sources=[3, 16, 17, 18] clusters=20 ra=selective_edgecooper_global_pmax comm_bytes=24064 selected_grids={16: 3, 17: 4, 18: 4}
fusion_method=early pred_boxes=14 gt_boxes=33
pred_scores_shape=(14,)
frame=31/41 receiver_sample=4/20 scenario=2026_07_29_02_32_08 timestamp=000120 cavs=[4, 1, 7, 12]
sgcp_constrained receiver=4 policy=all-cavs sources=[4, 1, 7, 12] clusters=20 ra=selective_edgecooper_global_pmax comm_bytes=22032 selected_grids={1: 4, 7: 4, 12: 3}
fusion_method=early pred_boxes=21 gt_boxes=53
pred_scores_shape=(21,)
frame=31/41 receiver_sample=5/20 scenario=2026_07_29_02_32_08 timestamp=000120 cavs=[5, 7, 17, 20]
sgcp_constrained receiver=5 policy=all-cavs sources=[5, 7, 17, 20] clusters=20 ra=selective_edgecooper_global_pmax comm_bytes=20208 selected_grids={7: 3, 17: 3, 20: 3}
fusion_method=early pred_boxes=25 gt_boxes=47
pred_scores_shape=(25,)
frame=31/41 receiver_sample=6/20 scenario=2026_07_29_02_32_08 timestamp=000120 cavs=[6, 15]
sgcp_constrained receiver=6 policy=all-cavs sources=[6, 15] clusters=20 ra=selective_edgecooper_global_pmax comm_bytes=5760 selected_grids={15: 3}
fusion_method=early pred_boxes=15 gt_boxes=29
pred_scores_shape=(15,)
frame=31/41 receiver_sample=7/20 scenario=2026_07_29_02_32_08 timestamp=000120 cavs=[7, 4, 12, 20]
sgcp_constrained receiver=7 policy=all-cavs sources=[7, 4, 12, 20] clusters=20 ra=selective_edgecooper_global_pmax comm_bytes=19056 selected_grids={4: 3, 12: 3, 20: 3}
fusion_method=early pred_boxes=25 gt_boxes=42
pred_scores_shape=(25,)
frame=31/41 receiver_sample=8/20 scenario=2026_07_29_02_32_08 timestamp=000120 cavs=[8, 2, 11, 12]
sgcp_constrained receiver=8 policy=all-cavs sources=[8, 2, 11, 12] clusters=20 ra=selective_edgecooper_global_pmax comm_bytes=22656 selected_grids={2: 3, 11: 3, 12: 3}
fusion_method=early pred_boxes=25 gt_boxes=47
pred_scores_shape=(25,)
frame=31/41 receiver_sample=9/20 scenario=2026_07_29_02_32_08 timestamp=000120 cavs=[9, 11, 13]
sgcp_constrained receiver=9 policy=all-cavs sources=[9, 11, 13] clusters=20 ra=selective_edgecooper_global_pmax comm_bytes=16048 selected_grids={11: 3, 13: 3}
fusion_method=early pred_boxes=21 gt_boxes=44
pred_scores_shape=(21,)
frame=31/41 receiver_sample=10/20 scenario=2026_07_29_02_32_08 timestamp=000120 cavs=[10, 5, 8, 19]
sgcp_constrained receiver=10 policy=all-cavs sources=[10, 5, 8, 19] clusters=20 ra=selective_edgecooper_global_pmax comm_bytes=24976 selected_grids={5: 4, 8: 4, 19: 4}
fusion_method=early pred_boxes=23 gt_boxes=56
pred_scores_shape=(23,)
frame=31/41 receiver_sample=11/20 scenario=2026_07_29_02_32_08 timestamp=000120 cavs=[11, 2, 8, 10]
sgcp_constrained receiver=11 policy=all-cavs sources=[11, 2, 8, 10] clusters=20 ra=selective_edgecooper_global_pmax comm_bytes=20784 selected_grids={2: 3, 8: 4, 10: 3}
fusion_method=early pred_boxes=22 gt_boxes=56
pred_scores_shape=(22,)
frame=31/41 receiver_sample=12/20 scenario=2026_07_29_02_32_08 timestamp=000120 cavs=[12, 4, 7]
sgcp_constrained receiver=12 policy=all-cavs sources=[12, 4, 7] clusters=20 ra=selective_edgecooper_global_pmax comm_bytes=16240 selected_grids={4: 3, 7: 4}
fusion_method=early pred_boxes=15 gt_boxes=43
pred_scores_shape=(15,)
frame=31/41 receiver_sample=13/20 scenario=2026_07_29_02_32_08 timestamp=000120 cavs=[13, 9, 10, 19]
sgcp_constrained receiver=13 policy=all-cavs sources=[13, 9, 10, 19] clusters=20 ra=selective_edgecooper_global_pmax comm_bytes=20736 selected_grids={9: 4, 10: 3, 19: 3}
fusion_method=early pred_boxes=13 gt_boxes=42
pred_scores_shape=(13,)
frame=31/41 receiver_sample=14/20 scenario=2026_07_29_02_32_08 timestamp=000120 cavs=[14]
sgcp_constrained receiver=14 policy=all-cavs sources=[14] clusters=20 ra=selective_edgecooper_global_pmax comm_bytes=0 selected_grids={}
fusion_method=early pred_boxes=6 gt_boxes=8
pred_scores_shape=(6,)
frame=31/41 receiver_sample=15/20 scenario=2026_07_29_02_32_08 timestamp=000120 cavs=[15, 1, 2, 6]
sgcp_constrained receiver=15 policy=all-cavs sources=[15, 1, 2, 6] clusters=20 ra=selective_edgecooper_global_pmax comm_bytes=23376 selected_grids={1: 3, 2: 3, 6: 3}
fusion_method=early pred_boxes=21 gt_boxes=54
pred_scores_shape=(21,)
frame=31/41 receiver_sample=16/20 scenario=2026_07_29_02_32_08 timestamp=000120 cavs=[16, 3, 17, 20]
sgcp_constrained receiver=16 policy=all-cavs sources=[16, 3, 17, 20] clusters=20 ra=selective_edgecooper_global_pmax comm_bytes=18688 selected_grids={3: 3, 17: 3, 20: 3}
fusion_method=early pred_boxes=21 gt_boxes=44
pred_scores_shape=(21,)
frame=31/41 receiver_sample=17/20 scenario=2026_07_29_02_32_08 timestamp=000120 cavs=[17, 3, 5, 16]
sgcp_constrained receiver=17 policy=all-cavs sources=[17, 3, 5, 16] clusters=20 ra=selective_edgecooper_global_pmax comm_bytes=17632 selected_grids={3: 3, 5: 4, 16: 3}Format = auto
Extension = pcd
Format = auto
Extension = pcd
Format = auto
Extension = pcd
Format = auto
Extension = pcd
Format = auto
Extension = pcd
Format = auto
Extension = pcd
Format = auto
Extension = pcd
Format = auto
Extension = pcd
Format = auto
Extension = pcd
Format = auto
Extension = pcd
Format = auto
Extension = pcd
Format = auto
Extension = pcd
Format = auto
Extension = pcd
Format = auto
Extension = pcd
Format = auto
Extension = pcd
Format = auto
Extension = pcd
Format = auto
Extension = pcd
Format = auto
Extension = pcd
Format = auto
Extension = pcd
Format = auto
Extension = pcd
Format = auto
Extension = pcd
Format = auto
Extension = pcd
Format = auto
Extension = pcd
Format = auto
Extension = pcd
Format = auto
Extension = pcd
Format = auto
Extension = pcd
Format = auto
Extension = pcd
Format = auto
Extension = pcd
Format = auto
Extension = pcd
Format = auto
Extension = pcd
Format = auto
Extension = pcd
Format = auto
Extension = pcd
Format = auto
Extension = pcd
Format = auto
Extension = pcd
Format = auto
Extension = pcd
Format = auto
Extension = pcd
Format = auto
Extension = pcd
Format = auto
Extension = pcd
Format = auto
Extension = pcd
Format = auto
Extension = pcd

fusion_method=early pred_boxes=18 gt_boxes=43
pred_scores_shape=(18,)
frame=31/41 receiver_sample=18/20 scenario=2026_07_29_02_32_08 timestamp=000120 cavs=[18, 3]
sgcp_constrained receiver=18 policy=all-cavs sources=[18, 3] clusters=20 ra=selective_edgecooper_global_pmax comm_bytes=8176 selected_grids={3: 3}
fusion_method=early pred_boxes=12 gt_boxes=20
pred_scores_shape=(12,)
frame=31/41 receiver_sample=19/20 scenario=2026_07_29_02_32_08 timestamp=000120 cavs=[19, 9, 10, 13]
sgcp_constrained receiver=19 policy=all-cavs sources=[19, 9, 10, 13] clusters=20 ra=selective_edgecooper_global_pmax comm_bytes=17072 selected_grids={9: 3, 10: 3, 13: 3}
fusion_method=early pred_boxes=19 gt_boxes=42
pred_scores_shape=(19,)
frame=31/41 receiver_sample=20/20 scenario=2026_07_29_02_32_08 timestamp=000120 cavs=[20, 5, 16, 19]
sgcp_constrained receiver=20 policy=all-cavs sources=[20, 5, 16, 19] clusters=20 ra=selective_edgecooper_global_pmax comm_bytes=22768 selected_grids={5: 3, 16: 4, 19: 4}
fusion_method=early pred_boxes=26 gt_boxes=51
pred_scores_shape=(26,)
frame=32/41 receiver_sample=1/20 scenario=2026_07_29_02_32_08 timestamp=000122 cavs=[1, 4, 8, 15]
sgcp_constrained receiver=1 policy=all-cavs sources=[1, 4, 8, 15] clusters=20 ra=selective_edgecooper_global_pmax comm_bytes=21696 selected_grids={4: 3, 8: 3, 15: 3}
fusion_method=early pred_boxes=26 gt_boxes=57
pred_scores_shape=(26,)
frame=32/41 receiver_sample=2/20 scenario=2026_07_29_02_32_08 timestamp=000122 cavs=[2, 10, 11, 15]
sgcp_constrained receiver=2 policy=all-cavs sources=[2, 10, 11, 15] clusters=20 ra=selective_edgecooper_global_pmax comm_bytes=21184 selected_grids={10: 3, 11: 3, 15: 4}
fusion_method=early pred_boxes=23 gt_boxes=60
pred_scores_shape=(23,)
frame=32/41 receiver_sample=3/20 scenario=2026_07_29_02_32_08 timestamp=000122 cavs=[3, 16, 17, 18]
sgcp_constrained receiver=3 policy=all-cavs sources=[3, 16, 17, 18] clusters=20 ra=selective_edgecooper_global_pmax comm_bytes=23904 selected_grids={16: 3, 17: 3, 18: 4}
fusion_method=early pred_boxes=16 gt_boxes=33
pred_scores_shape=(16,)
frame=32/41 receiver_sample=4/20 scenario=2026_07_29_02_32_08 timestamp=000122 cavs=[4, 1, 7, 12]
sgcp_constrained receiver=4 policy=all-cavs sources=[4, 1, 7, 12] clusters=20 ra=selective_edgecooper_global_pmax comm_bytes=18400 selected_grids={1: 3, 7: 3, 12: 3}
fusion_method=early pred_boxes=21 gt_boxes=53
pred_scores_shape=(21,)
frame=32/41 receiver_sample=5/20 scenario=2026_07_29_02_32_08 timestamp=000122 cavs=[5, 10, 17, 20]
sgcp_constrained receiver=5 policy=all-cavs sources=[5, 10, 17, 20] clusters=20 ra=selective_edgecooper_global_pmax comm_bytes=21104 selected_grids={10: 3, 17: 3, 20: 3}
fusion_method=early pred_boxes=25 gt_boxes=52
pred_scores_shape=(25,)
frame=32/41 receiver_sample=6/20 scenario=2026_07_29_02_32_08 timestamp=000122 cavs=[6, 15]
sgcp_constrained receiver=6 policy=all-cavs sources=[6, 15] clusters=20 ra=selective_edgecooper_global_pmax comm_bytes=5584 selected_grids={15: 3}
fusion_method=early pred_boxes=15 gt_boxes=30
pred_scores_shape=(15,)
frame=32/41 receiver_sample=7/20 scenario=2026_07_29_02_32_08 timestamp=000122 cavs=[7, 4, 12]
sgcp_constrained receiver=7 policy=all-cavs sources=[7, 4, 12] clusters=20 ra=selective_edgecooper_global_pmax comm_bytes=12576 selected_grids={4: 3, 12: 3}
fusion_method=early pred_boxes=23 gt_boxes=40
pred_scores_shape=(23,)
frame=32/41 receiver_sample=8/20 scenario=2026_07_29_02_32_08 timestamp=000122 cavs=[8, 1, 11, 12]
sgcp_constrained receiver=8 policy=all-cavs sources=[8, 1, 11, 12] clusters=20 ra=selective_edgecooper_global_pmax comm_bytes=22176 selected_grids={1: 3, 11: 3, 12: 3}
fusion_method=early pred_boxes=27 gt_boxes=46
pred_scores_shape=(27,)
frame=32/41 receiver_sample=9/20 scenario=2026_07_29_02_32_08 timestamp=000122 cavs=[9, 11, 13]
sgcp_constrained receiver=9 policy=all-cavs sources=[9, 11, 13] clusters=20 ra=selective_edgecooper_global_pmax comm_bytes=16048 selected_grids={11: 3, 13: 3}
fusion_method=early pred_boxes=20 gt_boxes=44
pred_scores_shape=(20,)
frame=32/41 receiver_sample=10/20 scenario=2026_07_29_02_32_08 timestamp=000122 cavs=[10, 5, 8, 19]
sgcp_constrained receiver=10 policy=all-cavs sources=[10, 5, 8, 19] clusters=20 ra=selective_edgecooper_global_pmax comm_bytes=23904 selected_grids={5: 4, 8: 4, 19: 3}
fusion_method=early pred_boxes=24 gt_boxes=56
pred_scores_shape=(24,)
frame=32/41 receiver_sample=11/20 scenario=2026_07_29_02_32_08 timestamp=000122 cavs=[11, 2, 8, 10]
sgcp_constrained receiver=11 policy=all-cavs sources=[11, 2, 8, 10] clusters=20 ra=selective_edgecooper_global_pmax comm_bytes=19392 selected_grids={2: 3, 8: 3, 10: 3}
fusion_method=early pred_boxes=23 gt_boxes=56
pred_scores_shape=(23,)
frame=32/41 receiver_sample=12/20 scenario=2026_07_29_02_32_08 timestamp=000122 cavs=[12, 4, 7]
sgcp_constrained receiver=12 policy=all-cavs sources=[12, 4, 7] clusters=20 ra=selective_edgecooper_global_pmax comm_bytes=15152 selected_grids={4: 3, 7: 4}
fusion_method=early pred_boxes=15 gt_boxes=43
pred_scores_shape=(15,)
frame=32/41 receiver_sample=13/20 scenario=2026_07_29_02_32_08 timestamp=000122 cavs=[13, 9, 14, 19]
sgcp_constrained receiver=13 policy=all-cavs sources=[13, 9, 14, 19] clusters=20 ra=selective_edgecooper_global_pmax comm_bytes=23808 selected_grids={9: 4, 14: 4, 19: 3}
fusion_method=early pred_boxes=13 gt_boxes=42
pred_scores_shape=(13,)
frame=32/41 receiver_sample=14/20 scenario=2026_07_29_02_32_08 timestamp=000122 cavs=[14, 13]
sgcp_constrained receiver=14 policy=all-cavs sources=[14, 13] clusters=20 ra=selective_edgecooper_global_pmax comm_bytes=8512 selected_grids={13: 4}
fusion_method=early pred_boxes=7 gt_boxes=8
pred_scores_shape=(7,)
frame=32/41 receiver_sample=15/20 scenario=2026_07_29_02_32_08 timestamp=000122 cavs=[15, 1, 2, 6]
sgcp_constrained receiver=15 policy=all-cavs sources=[15, 1, 2, 6] clusters=20 ra=selective_edgecooper_global_pmax comm_bytes=23520 selected_grids={1: 3, 2: 3, 6: 3}
fusion_method=early pred_boxes=20 gt_boxes=54
pred_scores_shape=(20,)
frame=32/41 receiver_sample=16/20 scenario=2026_07_29_02_32_08 timestamp=000122 cavs=[16, 3, 17, 20]
sgcp_constrained receiver=16 policy=all-cavs sources=[16, 3, 17, 20] clusters=20 ra=selective_edgecooper_global_pmax comm_bytes=18960 selected_grids={3: 3, 17: 3, 20: 3}
fusion_method=early pred_boxes=19 gt_boxes=44
pred_scores_shape=(19,)
frame=32/41 receiver_sample=17/20 scenario=2026_07_29_02_32_08 timestamp=000122 cavs=[17, 3, 5, 16]
sgcp_constrained receiver=17 policy=all-cavs sources=[17, 3, 5, 16] clusters=20 ra=selective_edgecooper_global_pmax comm_bytes=14752 selected_grids={3: 3, 5: 3, 16: 3}
fusion_method=early pred_boxes=17 gt_boxes=43
pred_scores_shape=(17,)
frame=32/41 receiver_sample=18/20 scenario=2026_07_29_02_32_08 timestamp=000122 cavs=[18, 3]
sgcp_constrained receiver=18 policy=all-cavs sources=[18, 3] clusters=20 ra=selective_edgecooper_global_pmax comm_bytes=8080 selected_grids={3: 3}
fusion_method=early pred_boxes=12 gt_boxes=20
pred_scores_shape=(12,)
frame=32/41 receiver_sample=19/20 scenario=2026_07_29_02_32_08 timestamp=000122 cavs=[19, 9, 13, 20]
sgcp_constrained receiver=19 policy=all-cavs sources=[19, 9, 13, 20] clusters=20 ra=selective_edgecooper_global_pmax comm_bytes=21472 selected_grids={9: 3, 13: 3, 20: 3}
fusion_method=early pred_boxes=20 gt_boxes=45
pred_scores_shape=(20,)
frame=32/41 receiver_sample=20/20 scenario=2026_07_29_02_32_08 timestamp=000122 cavs=[20, 5, 16, 19]
sgcp_constrained receiver=20 policy=all-cavs sources=[20, 5, 16, 19] clusters=20 ra=selective_edgecooper_global_pmax comm_bytes=19376 selected_grids={5: 3, 16: 3, 19: 4}
fusion_method=early pred_boxes=21 gt_boxes=51
pred_scores_shape=(21,)
frame=33/41 receiver_sample=1/20 scenario=2026_07_29_02_32_08 timestamp=000124 cavs=[1, 4, 8, 15]
sgcp_constrained receiver=1 policy=all-cavs sources=[1, 4, 8, 15] clusters=20 ra=selective_edgecooper_global_pmax comm_bytes=21984 selected_grids={4: 3, 8: 3, 15: 3}
fusion_method=early pred_boxes=23 gt_boxes=57
pred_scores_shape=(23,)
frame=33/41 receiver_sample=2/20 scenario=2026_07_29_02_32_08 timestamp=000124 cavs=[2, 10, 11, 15]Format = auto
Extension = pcd
Format = auto
Extension = pcd
Format = auto
Extension = pcd
Format = auto
Extension = pcd
Format = auto
Extension = pcd
Format = auto
Extension = pcd
Format = auto
Extension = pcd
Format = auto
Extension = pcd
Format = auto
Extension = pcd
Format = auto
Extension = pcd
Format = auto
Extension = pcd
Format = auto
Extension = pcd
Format = auto
Extension = pcd
Format = auto
Extension = pcd
Format = auto
Extension = pcd
Format = auto
Extension = pcd
Format = auto
Extension = pcd
Format = auto
Extension = pcd
Format = auto
Extension = pcd
Format = auto
Extension = pcd

sgcp_constrained receiver=2 policy=all-cavs sources=[2, 10, 11, 15] clusters=20 ra=selective_edgecooper_global_pmax comm_bytes=21136 selected_grids={10: 3, 11: 3, 15: 4}
fusion_method=early pred_boxes=23 gt_boxes=60
pred_scores_shape=(23,)
frame=33/41 receiver_sample=3/20 scenario=2026_07_29_02_32_08 timestamp=000124 cavs=[3, 16, 17, 18]
sgcp_constrained receiver=3 policy=all-cavs sources=[3, 16, 17, 18] clusters=20 ra=selective_edgecooper_global_pmax comm_bytes=24032 selected_grids={16: 3, 17: 3, 18: 4}
fusion_method=early pred_boxes=14 gt_boxes=34
pred_scores_shape=(14,)
frame=33/41 receiver_sample=4/20 scenario=2026_07_29_02_32_08 timestamp=000124 cavs=[4, 1, 7, 12]
sgcp_constrained receiver=4 policy=all-cavs sources=[4, 1, 7, 12] clusters=20 ra=selective_edgecooper_global_pmax comm_bytes=18576 selected_grids={1: 3, 7: 3, 12: 3}
fusion_method=early pred_boxes=19 gt_boxes=53
pred_scores_shape=(19,)
frame=33/41 receiver_sample=5/20 scenario=2026_07_29_02_32_08 timestamp=000124 cavs=[5, 10, 17, 20]
sgcp_constrained receiver=5 policy=all-cavs sources=[5, 10, 17, 20] clusters=20 ra=selective_edgecooper_global_pmax comm_bytes=21728 selected_grids={10: 3, 17: 3, 20: 3}
fusion_method=early pred_boxes=25 gt_boxes=52
pred_scores_shape=(25,)
frame=33/41 receiver_sample=6/20 scenario=2026_07_29_02_32_08 timestamp=000124 cavs=[6, 15]
sgcp_constrained receiver=6 policy=all-cavs sources=[6, 15] clusters=20 ra=selective_edgecooper_global_pmax comm_bytes=5616 selected_grids={15: 3}
fusion_method=early pred_boxes=15 gt_boxes=31
pred_scores_shape=(15,)
frame=33/41 receiver_sample=7/20 scenario=2026_07_29_02_32_08 timestamp=000124 cavs=[7, 4, 12]
sgcp_constrained receiver=7 policy=all-cavs sources=[7, 4, 12] clusters=20 ra=selective_edgecooper_global_pmax comm_bytes=12432 selected_grids={4: 3, 12: 3}
fusion_method=early pred_boxes=21 gt_boxes=40
pred_scores_shape=(21,)
frame=33/41 receiver_sample=8/20 scenario=2026_07_29_02_32_08 timestamp=000124 cavs=[8, 1, 7, 11]
sgcp_constrained receiver=8 policy=all-cavs sources=[8, 1, 7, 11] clusters=20 ra=selective_edgecooper_global_pmax comm_bytes=22192 selected_grids={1: 3, 7: 3, 11: 3}
fusion_method=early pred_boxes=26 gt_boxes=45
pred_scores_shape=(26,)
frame=33/41 receiver_sample=9/20 scenario=2026_07_29_02_32_08 timestamp=000124 cavs=[9, 11, 13]
sgcp_constrained receiver=9 policy=all-cavs sources=[9, 11, 13] clusters=20 ra=selective_edgecooper_global_pmax comm_bytes=16064 selected_grids={11: 3, 13: 3}
fusion_method=early pred_boxes=22 gt_boxes=44
pred_scores_shape=(22,)
frame=33/41 receiver_sample=10/20 scenario=2026_07_29_02_32_08 timestamp=000124 cavs=[10, 5, 8, 19]
sgcp_constrained receiver=10 policy=all-cavs sources=[10, 5, 8, 19] clusters=20 ra=selective_edgecooper_global_pmax comm_bytes=24016 selected_grids={5: 4, 8: 4, 19: 3}
fusion_method=early pred_boxes=21 gt_boxes=55
pred_scores_shape=(21,)
frame=33/41 receiver_sample=11/20 scenario=2026_07_29_02_32_08 timestamp=000124 cavs=[11, 2, 8, 10]
sgcp_constrained receiver=11 policy=all-cavs sources=[11, 2, 8, 10] clusters=20 ra=selective_edgecooper_global_pmax comm_bytes=19376 selected_grids={2: 3, 8: 3, 10: 3}
fusion_method=early pred_boxes=23 gt_boxes=56
pred_scores_shape=(23,)
frame=33/41 receiver_sample=12/20 scenario=2026_07_29_02_32_08 timestamp=000124 cavs=[12, 4, 7]
sgcp_constrained receiver=12 policy=all-cavs sources=[12, 4, 7] clusters=20 ra=selective_edgecooper_global_pmax comm_bytes=14064 selected_grids={4: 3, 7: 4}
fusion_method=early pred_boxes=12 gt_boxes=43
pred_scores_shape=(12,)
frame=33/41 receiver_sample=13/20 scenario=2026_07_29_02_32_08 timestamp=000124 cavs=[13, 9, 14, 19]
sgcp_constrained receiver=13 policy=all-cavs sources=[13, 9, 14, 19] clusters=20 ra=selective_edgecooper_global_pmax comm_bytes=23216 selected_grids={9: 4, 14: 4, 19: 3}
fusion_method=early pred_boxes=14 gt_boxes=42
pred_scores_shape=(14,)
frame=33/41 receiver_sample=14/20 scenario=2026_07_29_02_32_08 timestamp=000124 cavs=[14, 13]
sgcp_constrained receiver=14 policy=all-cavs sources=[14, 13] clusters=20 ra=selective_edgecooper_global_pmax comm_bytes=8416 selected_grids={13: 3}
fusion_method=early pred_boxes=7 gt_boxes=8
pred_scores_shape=(7,)
frame=33/41 receiver_sample=15/20 scenario=2026_07_29_02_32_08 timestamp=000124 cavs=[15, 1, 2, 6]
sgcp_constrained receiver=15 policy=all-cavs sources=[15, 1, 2, 6] clusters=20 ra=selective_edgecooper_global_pmax comm_bytes=23504 selected_grids={1: 3, 2: 3, 6: 3}
fusion_method=early pred_boxes=22 gt_boxes=54
pred_scores_shape=(22,)
frame=33/41 receiver_sample=16/20 scenario=2026_07_29_02_32_08 timestamp=000124 cavs=[16, 3, 17, 20]
sgcp_constrained receiver=16 policy=all-cavs sources=[16, 3, 17, 20] clusters=20 ra=selective_edgecooper_global_pmax comm_bytes=18704 selected_grids={3: 3, 17: 3, 20: 3}
fusion_method=early pred_boxes=19 gt_boxes=45
pred_scores_shape=(19,)
frame=33/41 receiver_sample=17/20 scenario=2026_07_29_02_32_08 timestamp=000124 cavs=[17, 3, 5, 16]
sgcp_constrained receiver=17 policy=all-cavs sources=[17, 3, 5, 16] clusters=20 ra=selective_edgecooper_global_pmax comm_bytes=15008 selected_grids={3: 3, 5: 4, 16: 3}
fusion_method=early pred_boxes=19 gt_boxes=44
pred_scores_shape=(19,)
frame=33/41 receiver_sample=18/20 scenario=2026_07_29_02_32_08 timestamp=000124 cavs=[18, 3]
sgcp_constrained receiver=18 policy=all-cavs sources=[18, 3] clusters=20 ra=selective_edgecooper_global_pmax comm_bytes=8256 selected_grids={3: 3}
fusion_method=early pred_boxes=11 gt_boxes=20
pred_scores_shape=(11,)
frame=33/41 receiver_sample=19/20 scenario=2026_07_29_02_32_08 timestamp=000124 cavs=[19, 9, 13, 20]
sgcp_constrained receiver=19 policy=all-cavs sources=[19, 9, 13, 20] clusters=20 ra=selective_edgecooper_global_pmax comm_bytes=21472 selected_grids={9: 3, 13: 3, 20: 3}
fusion_method=early pred_boxes=20 gt_boxes=45
pred_scores_shape=(20,)
frame=33/41 receiver_sample=20/20 scenario=2026_07_29_02_32_08 timestamp=000124 cavs=[20, 5, 16, 19]
sgcp_constrained receiver=20 policy=all-cavs sources=[20, 5, 16, 19] clusters=20 ra=selective_edgecooper_global_pmax comm_bytes=19808 selected_grids={5: 3, 16: 3, 19: 4}
fusion_method=early pred_boxes=21 gt_boxes=51
pred_scores_shape=(21,)
frame=34/41 receiver_sample=1/20 scenario=2026_07_29_02_32_08 timestamp=000126 cavs=[1, 4, 8, 15]
sgcp_constrained receiver=1 policy=all-cavs sources=[1, 4, 8, 15] clusters=20 ra=selective_edgecooper_global_pmax comm_bytes=21952 selected_grids={4: 3, 8: 3, 15: 3}
fusion_method=early pred_boxes=26 gt_boxes=57
pred_scores_shape=(26,)
frame=34/41 receiver_sample=2/20 scenario=2026_07_29_02_32_08 timestamp=000126 cavs=[2, 10, 11, 15]
sgcp_constrained receiver=2 policy=all-cavs sources=[2, 10, 11, 15] clusters=20 ra=selective_edgecooper_global_pmax comm_bytes=21152 selected_grids={10: 3, 11: 3, 15: 3}
fusion_method=early pred_boxes=22 gt_boxes=60
pred_scores_shape=(22,)
frame=34/41 receiver_sample=3/20 scenario=2026_07_29_02_32_08 timestamp=000126 cavs=[3, 16, 17, 18]
sgcp_constrained receiver=3 policy=all-cavs sources=[3, 16, 17, 18] clusters=20 ra=selective_edgecooper_global_pmax comm_bytes=25008 selected_grids={16: 3, 17: 3, 18: 4}
fusion_method=early pred_boxes=15 gt_boxes=34
pred_scores_shape=(15,)
frame=34/41 receiver_sample=4/20 scenario=2026_07_29_02_32_08 timestamp=000126 cavs=[4, 1, 7, 12]
sgcp_constrained receiver=4 policy=all-cavs sources=[4, 1, 7, 12] clusters=20 ra=selective_edgecooper_global_pmax comm_bytes=19472 selected_grids={1: 3, 7: 3, 12: 3}
fusion_method=early pred_boxes=20 gt_boxes=54
pred_scores_shape=(20,)
frame=34/41 receiver_sample=5/20 scenario=2026_07_29_02_32_08 timestamp=000126 cavs=[5, 10, 17, 20]
sgcp_constrained receiver=5 policy=all-cavs sources=[5, 10, 17, 20] clusters=20 ra=selective_edgecooper_global_pmax comm_bytes=22416 selected_grids={10: 3, 17: 3, 20: 3}
fusion_method=early pred_boxes=25 gt_boxes=53
pred_scores_shape=(25,)
frame=34/41 receiver_sample=6/20 scenario=2026_07_29_02_32_08 timestamp=000126 cavs=[6, 15]
sgcp_constrained receiver=6 policy=all-cavs sources=[6, 15] clusters=20 ra=selective_edgecooper_global_pmax comm_bytes=5536 selected_grids={15: 4}Format = auto
Extension = pcd
Format = auto
Extension = pcd
Format = auto
Extension = pcd
Format = auto
Extension = pcd
Format = auto
Extension = pcd
Format = auto
Extension = pcd
Format = auto
Extension = pcd
Format = auto
Extension = pcd
Format = auto
Extension = pcd
Format = auto
Extension = pcd
Format = auto
Extension = pcd
Format = auto
Extension = pcd
Format = auto
Extension = pcd
Format = auto
Extension = pcd
Format = auto
Extension = pcd
Format = auto
Extension = pcd
Format = auto
Extension = pcd
Format = auto
Extension = pcd
Format = auto
Extension = pcd
Format = auto
Extension = pcd

fusion_method=early pred_boxes=14 gt_boxes=32
pred_scores_shape=(14,)
frame=34/41 receiver_sample=7/20 scenario=2026_07_29_02_32_08 timestamp=000126 cavs=[7, 4, 12]
sgcp_constrained receiver=7 policy=all-cavs sources=[7, 4, 12] clusters=20 ra=selective_edgecooper_global_pmax comm_bytes=12416 selected_grids={4: 3, 12: 3}
fusion_method=early pred_boxes=22 gt_boxes=41
pred_scores_shape=(22,)
frame=34/41 receiver_sample=8/20 scenario=2026_07_29_02_32_08 timestamp=000126 cavs=[8, 1, 7, 11]
sgcp_constrained receiver=8 policy=all-cavs sources=[8, 1, 7, 11] clusters=20 ra=selective_edgecooper_global_pmax comm_bytes=22208 selected_grids={1: 3, 7: 3, 11: 3}
fusion_method=early pred_boxes=25 gt_boxes=44
pred_scores_shape=(25,)
frame=34/41 receiver_sample=9/20 scenario=2026_07_29_02_32_08 timestamp=000126 cavs=[9, 11, 13]
sgcp_constrained receiver=9 policy=all-cavs sources=[9, 11, 13] clusters=20 ra=selective_edgecooper_global_pmax comm_bytes=17360 selected_grids={11: 3, 13: 3}
fusion_method=early pred_boxes=19 gt_boxes=44
pred_scores_shape=(19,)
frame=34/41 receiver_sample=10/20 scenario=2026_07_29_02_32_08 timestamp=000126 cavs=[10, 5, 8, 19]
sgcp_constrained receiver=10 policy=all-cavs sources=[10, 5, 8, 19] clusters=20 ra=selective_edgecooper_global_pmax comm_bytes=23072 selected_grids={5: 4, 8: 4, 19: 3}
fusion_method=early pred_boxes=22 gt_boxes=54
pred_scores_shape=(22,)
frame=34/41 receiver_sample=11/20 scenario=2026_07_29_02_32_08 timestamp=000126 cavs=[11, 2, 8, 10]
sgcp_constrained receiver=11 policy=all-cavs sources=[11, 2, 8, 10] clusters=20 ra=selective_edgecooper_global_pmax comm_bytes=19360 selected_grids={2: 3, 8: 3, 10: 3}
fusion_method=early pred_boxes=23 gt_boxes=56
pred_scores_shape=(23,)
frame=34/41 receiver_sample=12/20 scenario=2026_07_29_02_32_08 timestamp=000126 cavs=[12, 4, 7]
sgcp_constrained receiver=12 policy=all-cavs sources=[12, 4, 7] clusters=20 ra=selective_edgecooper_global_pmax comm_bytes=13456 selected_grids={4: 3, 7: 4}
fusion_method=early pred_boxes=12 gt_boxes=43
pred_scores_shape=(12,)
frame=34/41 receiver_sample=13/20 scenario=2026_07_29_02_32_08 timestamp=000126 cavs=[13, 9, 14, 19]
sgcp_constrained receiver=13 policy=all-cavs sources=[13, 9, 14, 19] clusters=20 ra=selective_edgecooper_global_pmax comm_bytes=19472 selected_grids={9: 3, 14: 3, 19: 3}
fusion_method=early pred_boxes=13 gt_boxes=42
pred_scores_shape=(13,)
frame=34/41 receiver_sample=14/20 scenario=2026_07_29_02_32_08 timestamp=000126 cavs=[14, 13]
sgcp_constrained receiver=14 policy=all-cavs sources=[14, 13] clusters=20 ra=selective_edgecooper_global_pmax comm_bytes=7968 selected_grids={13: 3}
fusion_method=early pred_boxes=6 gt_boxes=8
pred_scores_shape=(6,)
frame=34/41 receiver_sample=15/20 scenario=2026_07_29_02_32_08 timestamp=000126 cavs=[15, 1, 2, 6]
sgcp_constrained receiver=15 policy=all-cavs sources=[15, 1, 2, 6] clusters=20 ra=selective_edgecooper_global_pmax comm_bytes=23520 selected_grids={1: 3, 2: 3, 6: 3}
fusion_method=early pred_boxes=22 gt_boxes=54
pred_scores_shape=(22,)
frame=34/41 receiver_sample=16/20 scenario=2026_07_29_02_32_08 timestamp=000126 cavs=[16, 3, 17, 20]
sgcp_constrained receiver=16 policy=all-cavs sources=[16, 3, 17, 20] clusters=20 ra=selective_edgecooper_global_pmax comm_bytes=17840 selected_grids={3: 3, 17: 3, 20: 3}
fusion_method=early pred_boxes=20 gt_boxes=45
pred_scores_shape=(20,)
frame=34/41 receiver_sample=17/20 scenario=2026_07_29_02_32_08 timestamp=000126 cavs=[17, 3, 5, 16]
sgcp_constrained receiver=17 policy=all-cavs sources=[17, 3, 5, 16] clusters=20 ra=selective_edgecooper_global_pmax comm_bytes=15056 selected_grids={3: 3, 5: 3, 16: 3}
fusion_method=early pred_boxes=17 gt_boxes=44
pred_scores_shape=(17,)
frame=34/41 receiver_sample=18/20 scenario=2026_07_29_02_32_08 timestamp=000126 cavs=[18, 3]
sgcp_constrained receiver=18 policy=all-cavs sources=[18, 3] clusters=20 ra=selective_edgecooper_global_pmax comm_bytes=8224 selected_grids={3: 3}
fusion_method=early pred_boxes=11 gt_boxes=20
pred_scores_shape=(11,)
frame=34/41 receiver_sample=19/20 scenario=2026_07_29_02_32_08 timestamp=000126 cavs=[19, 9, 13, 20]
sgcp_constrained receiver=19 policy=all-cavs sources=[19, 9, 13, 20] clusters=20 ra=selective_edgecooper_global_pmax comm_bytes=21328 selected_grids={9: 3, 13: 3, 20: 3}
fusion_method=early pred_boxes=20 gt_boxes=45
pred_scores_shape=(20,)
frame=34/41 receiver_sample=20/20 scenario=2026_07_29_02_32_08 timestamp=000126 cavs=[20, 5, 16, 19]
sgcp_constrained receiver=20 policy=all-cavs sources=[20, 5, 16, 19] clusters=20 ra=selective_edgecooper_global_pmax comm_bytes=22784 selected_grids={5: 3, 16: 3, 19: 4}
fusion_method=early pred_boxes=22 gt_boxes=51
pred_scores_shape=(22,)
frame=35/41 receiver_sample=1/20 scenario=2026_07_29_02_32_08 timestamp=000128 cavs=[1, 4, 8, 15]
sgcp_constrained receiver=1 policy=all-cavs sources=[1, 4, 8, 15] clusters=20 ra=selective_edgecooper_global_pmax comm_bytes=21616 selected_grids={4: 3, 8: 3, 15: 3}
fusion_method=early pred_boxes=24 gt_boxes=57
pred_scores_shape=(24,)
frame=35/41 receiver_sample=2/20 scenario=2026_07_29_02_32_08 timestamp=000128 cavs=[2, 10, 11, 15]
sgcp_constrained receiver=2 policy=all-cavs sources=[2, 10, 11, 15] clusters=20 ra=selective_edgecooper_global_pmax comm_bytes=20448 selected_grids={10: 3, 11: 3, 15: 3}
fusion_method=early pred_boxes=21 gt_boxes=60
pred_scores_shape=(21,)
frame=35/41 receiver_sample=3/20 scenario=2026_07_29_02_32_08 timestamp=000128 cavs=[3, 16, 17, 18]
sgcp_constrained receiver=3 policy=all-cavs sources=[3, 16, 17, 18] clusters=20 ra=selective_edgecooper_global_pmax comm_bytes=23152 selected_grids={16: 4, 17: 3, 18: 4}
fusion_method=early pred_boxes=15 gt_boxes=34
pred_scores_shape=(15,)
frame=35/41 receiver_sample=4/20 scenario=2026_07_29_02_32_08 timestamp=000128 cavs=[4, 1, 8, 12]
sgcp_constrained receiver=4 policy=all-cavs sources=[4, 1, 8, 12] clusters=20 ra=selective_edgecooper_global_pmax comm_bytes=18400 selected_grids={1: 3, 8: 3, 12: 3}
fusion_method=early pred_boxes=19 gt_boxes=47
pred_scores_shape=(19,)
frame=35/41 receiver_sample=5/20 scenario=2026_07_29_02_32_08 timestamp=000128 cavs=[5, 7, 10, 20]
sgcp_constrained receiver=5 policy=all-cavs sources=[5, 7, 10, 20] clusters=20 ra=selective_edgecooper_global_pmax comm_bytes=20528 selected_grids={7: 3, 10: 3, 20: 3}
fusion_method=early pred_boxes=25 gt_boxes=50
pred_scores_shape=(25,)
frame=35/41 receiver_sample=6/20 scenario=2026_07_29_02_32_08 timestamp=000128 cavs=[6]
sgcp_constrained receiver=6 policy=all-cavs sources=[6] clusters=20 ra=selective_edgecooper_global_pmax comm_bytes=0 selected_grids={}
fusion_method=early pred_boxes=15 gt_boxes=16
pred_scores_shape=(15,)
frame=35/41 receiver_sample=7/20 scenario=2026_07_29_02_32_08 timestamp=000128 cavs=[7, 4, 12]
sgcp_constrained receiver=7 policy=all-cavs sources=[7, 4, 12] clusters=20 ra=selective_edgecooper_global_pmax comm_bytes=15232 selected_grids={4: 3, 12: 4}
fusion_method=early pred_boxes=22 gt_boxes=40
pred_scores_shape=(22,)
frame=35/41 receiver_sample=8/20 scenario=2026_07_29_02_32_08 timestamp=000128 cavs=[8, 1, 2, 7]
sgcp_constrained receiver=8 policy=all-cavs sources=[8, 1, 2, 7] clusters=20 ra=selective_edgecooper_global_pmax comm_bytes=23824 selected_grids={1: 3, 2: 3, 7: 3}
fusion_method=early pred_boxes=25 gt_boxes=44
pred_scores_shape=(25,)
frame=35/41 receiver_sample=9/20 scenario=2026_07_29_02_32_08 timestamp=000128 cavs=[9, 11, 13]
sgcp_constrained receiver=9 policy=all-cavs sources=[9, 11, 13] clusters=20 ra=selective_edgecooper_global_pmax comm_bytes=17440 selected_grids={11: 4, 13: 3}
fusion_method=early pred_boxes=20 gt_boxes=43
pred_scores_shape=(20,)
frame=35/41 receiver_sample=10/20 scenario=2026_07_29_02_32_08 timestamp=000128 cavs=[10, 5, 8, 19]
sgcp_constrained receiver=10 policy=all-cavs sources=[10, 5, 8, 19] clusters=20 ra=selective_edgecooper_global_pmax comm_bytes=23920 selected_grids={5: 4, 8: 4, 19: 3}
fusion_method=early pred_boxes=21 gt_boxes=54
pred_scores_shape=(21,)
frame=35/41 receiver_sample=11/20 scenario=2026_07_29_02_32_08 timestamp=000128 cavs=[11, 2, 10, 15]Format = auto
Extension = pcd
Format = auto
Extension = pcd
Format = auto
Extension = pcd
Format = auto
Extension = pcd
Format = auto
Extension = pcd
Format = auto
Extension = pcd
Format = auto
Extension = pcd
Format = auto
Extension = pcd
Format = auto
Extension = pcd
Format = auto
Extension = pcd
Format = auto
Extension = pcd
Format = auto
Extension = pcd
Format = auto
Extension = pcd
Format = auto
Extension = pcd
Format = auto
Extension = pcd
Format = auto
Extension = pcd
Format = auto
Extension = pcd
Format = auto
Extension = pcd
Format = auto
Extension = pcd
Format = auto
Extension = pcd

sgcp_constrained receiver=11 policy=all-cavs sources=[11, 2, 10, 15] clusters=20 ra=selective_edgecooper_global_pmax comm_bytes=22016 selected_grids={2: 3, 10: 3, 15: 4}
fusion_method=early pred_boxes=22 gt_boxes=60
pred_scores_shape=(22,)
frame=35/41 receiver_sample=12/20 scenario=2026_07_29_02_32_08 timestamp=000128 cavs=[12, 4, 7]
sgcp_constrained receiver=12 policy=all-cavs sources=[12, 4, 7] clusters=20 ra=selective_edgecooper_global_pmax comm_bytes=13824 selected_grids={4: 3, 7: 3}
fusion_method=early pred_boxes=14 gt_boxes=43
pred_scores_shape=(14,)
frame=35/41 receiver_sample=13/20 scenario=2026_07_29_02_32_08 timestamp=000128 cavs=[13, 9, 14, 19]
sgcp_constrained receiver=13 policy=all-cavs sources=[13, 9, 14, 19] clusters=20 ra=selective_edgecooper_global_pmax comm_bytes=23840 selected_grids={9: 4, 14: 4, 19: 3}
fusion_method=early pred_boxes=11 gt_boxes=41
pred_scores_shape=(11,)
frame=35/41 receiver_sample=14/20 scenario=2026_07_29_02_32_08 timestamp=000128 cavs=[14, 13]
sgcp_constrained receiver=14 policy=all-cavs sources=[14, 13] clusters=20 ra=selective_edgecooper_global_pmax comm_bytes=7968 selected_grids={13: 3}
fusion_method=early pred_boxes=6 gt_boxes=8
pred_scores_shape=(6,)
frame=35/41 receiver_sample=15/20 scenario=2026_07_29_02_32_08 timestamp=000128 cavs=[15, 1, 6, 11]
sgcp_constrained receiver=15 policy=all-cavs sources=[15, 1, 6, 11] clusters=20 ra=selective_edgecooper_global_pmax comm_bytes=23584 selected_grids={1: 3, 6: 3, 11: 3}
fusion_method=early pred_boxes=22 gt_boxes=53
pred_scores_shape=(22,)
frame=35/41 receiver_sample=16/20 scenario=2026_07_29_02_32_08 timestamp=000128 cavs=[16, 3, 17, 20]
sgcp_constrained receiver=16 policy=all-cavs sources=[16, 3, 17, 20] clusters=20 ra=selective_edgecooper_global_pmax comm_bytes=17488 selected_grids={3: 3, 17: 3, 20: 3}
fusion_method=early pred_boxes=18 gt_boxes=45
pred_scores_shape=(18,)
frame=35/41 receiver_sample=17/20 scenario=2026_07_29_02_32_08 timestamp=000128 cavs=[17, 3, 5, 16]
sgcp_constrained receiver=17 policy=all-cavs sources=[17, 3, 5, 16] clusters=20 ra=selective_edgecooper_global_pmax comm_bytes=13824 selected_grids={3: 3, 5: 3, 16: 3}
fusion_method=early pred_boxes=18 gt_boxes=44
pred_scores_shape=(18,)
frame=35/41 receiver_sample=18/20 scenario=2026_07_29_02_32_08 timestamp=000128 cavs=[18, 3]
sgcp_constrained receiver=18 policy=all-cavs sources=[18, 3] clusters=20 ra=selective_edgecooper_global_pmax comm_bytes=8288 selected_grids={3: 3}
fusion_method=early pred_boxes=12 gt_boxes=20
pred_scores_shape=(12,)
frame=35/41 receiver_sample=19/20 scenario=2026_07_29_02_32_08 timestamp=000128 cavs=[19, 9, 13, 20]
sgcp_constrained receiver=19 policy=all-cavs sources=[19, 9, 13, 20] clusters=20 ra=selective_edgecooper_global_pmax comm_bytes=21376 selected_grids={9: 3, 13: 3, 20: 3}
fusion_method=early pred_boxes=19 gt_boxes=45
pred_scores_shape=(19,)
frame=35/41 receiver_sample=20/20 scenario=2026_07_29_02_32_08 timestamp=000128 cavs=[20, 5, 16, 19]
sgcp_constrained receiver=20 policy=all-cavs sources=[20, 5, 16, 19] clusters=20 ra=selective_edgecooper_global_pmax comm_bytes=22832 selected_grids={5: 3, 16: 3, 19: 4}
fusion_method=early pred_boxes=22 gt_boxes=51
pred_scores_shape=(22,)
frame=36/41 receiver_sample=1/20 scenario=2026_07_29_02_32_08 timestamp=000130 cavs=[1, 4, 8, 15]
sgcp_constrained receiver=1 policy=all-cavs sources=[1, 4, 8, 15] clusters=20 ra=selective_edgecooper_global_pmax comm_bytes=21552 selected_grids={4: 3, 8: 3, 15: 3}
fusion_method=early pred_boxes=24 gt_boxes=56
pred_scores_shape=(24,)
frame=36/41 receiver_sample=2/20 scenario=2026_07_29_02_32_08 timestamp=000130 cavs=[2, 1, 8, 11]
sgcp_constrained receiver=2 policy=all-cavs sources=[2, 1, 8, 11] clusters=20 ra=selective_edgecooper_global_pmax comm_bytes=15424 selected_grids={1: 3, 8: 4, 11: 3}
fusion_method=early pred_boxes=22 gt_boxes=50
pred_scores_shape=(22,)
frame=36/41 receiver_sample=3/20 scenario=2026_07_29_02_32_08 timestamp=000130 cavs=[3, 16, 17, 18]
sgcp_constrained receiver=3 policy=all-cavs sources=[3, 16, 17, 18] clusters=20 ra=selective_edgecooper_global_pmax comm_bytes=23248 selected_grids={16: 4, 17: 3, 18: 4}
fusion_method=early pred_boxes=17 gt_boxes=33
pred_scores_shape=(17,)
frame=36/41 receiver_sample=4/20 scenario=2026_07_29_02_32_08 timestamp=000130 cavs=[4, 1, 7, 12]
sgcp_constrained receiver=4 policy=all-cavs sources=[4, 1, 7, 12] clusters=20 ra=selective_edgecooper_global_pmax comm_bytes=18224 selected_grids={1: 4, 7: 3, 12: 3}
fusion_method=early pred_boxes=19 gt_boxes=54
pred_scores_shape=(19,)
frame=36/41 receiver_sample=5/20 scenario=2026_07_29_02_32_08 timestamp=000130 cavs=[5, 17, 19, 20]
sgcp_constrained receiver=5 policy=all-cavs sources=[5, 17, 19, 20] clusters=20 ra=selective_edgecooper_global_pmax comm_bytes=26992 selected_grids={17: 3, 19: 4, 20: 3}
fusion_method=early pred_boxes=23 gt_boxes=50
pred_scores_shape=(23,)
frame=36/41 receiver_sample=6/20 scenario=2026_07_29_02_32_08 timestamp=000130 cavs=[6, 15]
sgcp_constrained receiver=6 policy=all-cavs sources=[6, 15] clusters=20 ra=selective_edgecooper_global_pmax comm_bytes=4944 selected_grids={15: 3}
fusion_method=early pred_boxes=13 gt_boxes=29
pred_scores_shape=(13,)
frame=36/41 receiver_sample=7/20 scenario=2026_07_29_02_32_08 timestamp=000130 cavs=[7, 4, 12]
sgcp_constrained receiver=7 policy=all-cavs sources=[7, 4, 12] clusters=20 ra=selective_edgecooper_global_pmax comm_bytes=15216 selected_grids={4: 3, 12: 4}
fusion_method=early pred_boxes=24 gt_boxes=40
pred_scores_shape=(24,)
frame=36/41 receiver_sample=8/20 scenario=2026_07_29_02_32_08 timestamp=000130 cavs=[8, 2, 7, 10]
sgcp_constrained receiver=8 policy=all-cavs sources=[8, 2, 7, 10] clusters=20 ra=selective_edgecooper_global_pmax comm_bytes=25440 selected_grids={2: 3, 7: 3, 10: 3}
fusion_method=early pred_boxes=26 gt_boxes=44
pred_scores_shape=(26,)
frame=36/41 receiver_sample=9/20 scenario=2026_07_29_02_32_08 timestamp=000130 cavs=[9, 11, 13]
sgcp_constrained receiver=9 policy=all-cavs sources=[9, 11, 13] clusters=20 ra=selective_edgecooper_global_pmax comm_bytes=17440 selected_grids={11: 3, 13: 3}
fusion_method=early pred_boxes=22 gt_boxes=44
pred_scores_shape=(22,)
frame=36/41 receiver_sample=10/20 scenario=2026_07_29_02_32_08 timestamp=000130 cavs=[10, 5, 8, 19]
sgcp_constrained receiver=10 policy=all-cavs sources=[10, 5, 8, 19] clusters=20 ra=selective_edgecooper_global_pmax comm_bytes=20832 selected_grids={5: 3, 8: 4, 19: 3}
fusion_method=early pred_boxes=19 gt_boxes=54
pred_scores_shape=(19,)
frame=36/41 receiver_sample=11/20 scenario=2026_07_29_02_32_08 timestamp=000130 cavs=[11, 2, 10, 15]
sgcp_constrained receiver=11 policy=all-cavs sources=[11, 2, 10, 15] clusters=20 ra=selective_edgecooper_global_pmax comm_bytes=22016 selected_grids={2: 3, 10: 3, 15: 4}
fusion_method=early pred_boxes=21 gt_boxes=60
pred_scores_shape=(21,)
frame=36/41 receiver_sample=12/20 scenario=2026_07_29_02_32_08 timestamp=000130 cavs=[12, 4, 7]
sgcp_constrained receiver=12 policy=all-cavs sources=[12, 4, 7] clusters=20 ra=selective_edgecooper_global_pmax comm_bytes=13968 selected_grids={4: 3, 7: 3}
fusion_method=early pred_boxes=13 gt_boxes=43
pred_scores_shape=(13,)
frame=36/41 receiver_sample=13/20 scenario=2026_07_29_02_32_08 timestamp=000130 cavs=[13, 9, 10, 14]
sgcp_constrained receiver=13 policy=all-cavs sources=[13, 9, 10, 14] clusters=20 ra=selective_edgecooper_global_pmax comm_bytes=24880 selected_grids={9: 4, 10: 3, 14: 4}
fusion_method=early pred_boxes=13 gt_boxes=43
pred_scores_shape=(13,)
frame=36/41 receiver_sample=14/20 scenario=2026_07_29_02_32_08 timestamp=000130 cavs=[14, 13]
sgcp_constrained receiver=14 policy=all-cavs sources=[14, 13] clusters=20 ra=selective_edgecooper_global_pmax comm_bytes=8016 selected_grids={13: 3}
fusion_method=early pred_boxes=5 gt_boxes=8
pred_scores_shape=(5,)
frame=36/41 receiver_sample=15/20 scenario=2026_07_29_02_32_08 timestamp=000130 cavs=[15, 1, 6, 11]
sgcp_constrained receiver=15 policy=all-cavs sources=[15, 1, 6, 11] clusters=20 ra=selective_edgecooper_global_pmax comm_bytes=23616 selected_grids={1: 3, 6: 3, 11: 3}Format = auto
Extension = pcd
Format = auto
Extension = pcd
Format = auto
Extension = pcd
Format = auto
Extension = pcd
Format = auto
Extension = pcd
Format = auto
Extension = pcd
Format = auto
Extension = pcd
Format = auto
Extension = pcd
Format = auto
Extension = pcd
Format = auto
Extension = pcd
Format = auto
Extension = pcd
Format = auto
Extension = pcd
Format = auto
Extension = pcd
Format = auto
Extension = pcd
Format = auto
Extension = pcd
Format = auto
Extension = pcd
Format = auto
Extension = pcd
Format = auto
Extension = pcd
Format = auto
Extension = pcd
Format = auto
Extension = pcd

fusion_method=early pred_boxes=21 gt_boxes=52
pred_scores_shape=(21,)
frame=36/41 receiver_sample=16/20 scenario=2026_07_29_02_32_08 timestamp=000130 cavs=[16, 3, 17, 20]
sgcp_constrained receiver=16 policy=all-cavs sources=[16, 3, 17, 20] clusters=20 ra=selective_edgecooper_global_pmax comm_bytes=16192 selected_grids={3: 3, 17: 3, 20: 3}
fusion_method=early pred_boxes=19 gt_boxes=45
pred_scores_shape=(19,)
frame=36/41 receiver_sample=17/20 scenario=2026_07_29_02_32_08 timestamp=000130 cavs=[17, 3, 5, 16]
sgcp_constrained receiver=17 policy=all-cavs sources=[17, 3, 5, 16] clusters=20 ra=selective_edgecooper_global_pmax comm_bytes=14560 selected_grids={3: 3, 5: 3, 16: 3}
fusion_method=early pred_boxes=18 gt_boxes=43
pred_scores_shape=(18,)
frame=36/41 receiver_sample=18/20 scenario=2026_07_29_02_32_08 timestamp=000130 cavs=[18, 3]
sgcp_constrained receiver=18 policy=all-cavs sources=[18, 3] clusters=20 ra=selective_edgecooper_global_pmax comm_bytes=5552 selected_grids={3: 3}
fusion_method=early pred_boxes=11 gt_boxes=20
pred_scores_shape=(11,)
frame=36/41 receiver_sample=19/20 scenario=2026_07_29_02_32_08 timestamp=000130 cavs=[19, 9, 13, 20]
sgcp_constrained receiver=19 policy=all-cavs sources=[19, 9, 13, 20] clusters=20 ra=selective_edgecooper_global_pmax comm_bytes=21424 selected_grids={9: 3, 13: 3, 20: 3}
fusion_method=early pred_boxes=19 gt_boxes=45
pred_scores_shape=(19,)
frame=36/41 receiver_sample=20/20 scenario=2026_07_29_02_32_08 timestamp=000130 cavs=[20, 5, 16, 19]
sgcp_constrained receiver=20 policy=all-cavs sources=[20, 5, 16, 19] clusters=20 ra=selective_edgecooper_global_pmax comm_bytes=20064 selected_grids={5: 3, 16: 3, 19: 3}
fusion_method=early pred_boxes=22 gt_boxes=50
pred_scores_shape=(22,)
frame=37/41 receiver_sample=1/20 scenario=2026_07_29_02_32_08 timestamp=000132 cavs=[1, 4, 8, 15]
sgcp_constrained receiver=1 policy=all-cavs sources=[1, 4, 8, 15] clusters=20 ra=selective_edgecooper_global_pmax comm_bytes=21488 selected_grids={4: 3, 8: 3, 15: 3}
fusion_method=early pred_boxes=22 gt_boxes=56
pred_scores_shape=(22,)
frame=37/41 receiver_sample=2/20 scenario=2026_07_29_02_32_08 timestamp=000132 cavs=[2, 10, 11, 15]
sgcp_constrained receiver=2 policy=all-cavs sources=[2, 10, 11, 15] clusters=20 ra=selective_edgecooper_global_pmax comm_bytes=20384 selected_grids={10: 3, 11: 3, 15: 3}
fusion_method=early pred_boxes=21 gt_boxes=60
pred_scores_shape=(21,)
frame=37/41 receiver_sample=3/20 scenario=2026_07_29_02_32_08 timestamp=000132 cavs=[3, 16, 17, 18]
sgcp_constrained receiver=3 policy=all-cavs sources=[3, 16, 17, 18] clusters=20 ra=selective_edgecooper_global_pmax comm_bytes=22976 selected_grids={16: 3, 17: 3, 18: 4}
fusion_method=early pred_boxes=16 gt_boxes=33
pred_scores_shape=(16,)
frame=37/41 receiver_sample=4/20 scenario=2026_07_29_02_32_08 timestamp=000132 cavs=[4, 1, 8, 12]
sgcp_constrained receiver=4 policy=all-cavs sources=[4, 1, 8, 12] clusters=20 ra=selective_edgecooper_global_pmax comm_bytes=18768 selected_grids={1: 3, 8: 3, 12: 3}
fusion_method=early pred_boxes=21 gt_boxes=47
pred_scores_shape=(21,)
frame=37/41 receiver_sample=5/20 scenario=2026_07_29_02_32_08 timestamp=000132 cavs=[5, 7, 10, 16]
sgcp_constrained receiver=5 policy=all-cavs sources=[5, 7, 10, 16] clusters=20 ra=selective_edgecooper_global_pmax comm_bytes=20368 selected_grids={7: 3, 10: 3, 16: 3}
fusion_method=early pred_boxes=28 gt_boxes=56
pred_scores_shape=(28,)
frame=37/41 receiver_sample=6/20 scenario=2026_07_29_02_32_08 timestamp=000132 cavs=[6]
sgcp_constrained receiver=6 policy=all-cavs sources=[6] clusters=20 ra=selective_edgecooper_global_pmax comm_bytes=0 selected_grids={}
fusion_method=early pred_boxes=12 gt_boxes=17
pred_scores_shape=(12,)
frame=37/41 receiver_sample=7/20 scenario=2026_07_29_02_32_08 timestamp=000132 cavs=[7, 4, 12, 20]
sgcp_constrained receiver=7 policy=all-cavs sources=[7, 4, 12, 20] clusters=20 ra=selective_edgecooper_global_pmax comm_bytes=21600 selected_grids={4: 3, 12: 4, 20: 3}
fusion_method=early pred_boxes=23 gt_boxes=42
pred_scores_shape=(23,)
frame=37/41 receiver_sample=8/20 scenario=2026_07_29_02_32_08 timestamp=000132 cavs=[8, 1, 2, 7]
sgcp_constrained receiver=8 policy=all-cavs sources=[8, 1, 2, 7] clusters=20 ra=selective_edgecooper_global_pmax comm_bytes=23808 selected_grids={1: 3, 2: 3, 7: 3}
fusion_method=early pred_boxes=23 gt_boxes=45
pred_scores_shape=(23,)
frame=37/41 receiver_sample=9/20 scenario=2026_07_29_02_32_08 timestamp=000132 cavs=[9, 11, 13]
sgcp_constrained receiver=9 policy=all-cavs sources=[9, 11, 13] clusters=20 ra=selective_edgecooper_global_pmax comm_bytes=17472 selected_grids={11: 3, 13: 3}
fusion_method=early pred_boxes=20 gt_boxes=43
pred_scores_shape=(20,)
frame=37/41 receiver_sample=10/20 scenario=2026_07_29_02_32_08 timestamp=000132 cavs=[10, 5, 8, 19]
sgcp_constrained receiver=10 policy=all-cavs sources=[10, 5, 8, 19] clusters=20 ra=selective_edgecooper_global_pmax comm_bytes=23920 selected_grids={5: 4, 8: 4, 19: 3}
fusion_method=early pred_boxes=21 gt_boxes=54
pred_scores_shape=(21,)
frame=37/41 receiver_sample=11/20 scenario=2026_07_29_02_32_08 timestamp=000132 cavs=[11, 2, 10, 15]
sgcp_constrained receiver=11 policy=all-cavs sources=[11, 2, 10, 15] clusters=20 ra=selective_edgecooper_global_pmax comm_bytes=22016 selected_grids={2: 3, 10: 3, 15: 4}
fusion_method=early pred_boxes=21 gt_boxes=60
pred_scores_shape=(21,)
frame=37/41 receiver_sample=12/20 scenario=2026_07_29_02_32_08 timestamp=000132 cavs=[12, 4, 7]
sgcp_constrained receiver=12 policy=all-cavs sources=[12, 4, 7] clusters=20 ra=selective_edgecooper_global_pmax comm_bytes=14096 selected_grids={4: 3, 7: 3}
fusion_method=early pred_boxes=13 gt_boxes=43
pred_scores_shape=(13,)
frame=37/41 receiver_sample=13/20 scenario=2026_07_29_02_32_08 timestamp=000132 cavs=[13, 9, 14, 19]
sgcp_constrained receiver=13 policy=all-cavs sources=[13, 9, 14, 19] clusters=20 ra=selective_edgecooper_global_pmax comm_bytes=18304 selected_grids={9: 4, 14: 4, 19: 3}
fusion_method=early pred_boxes=11 gt_boxes=41
pred_scores_shape=(11,)
frame=37/41 receiver_sample=14/20 scenario=2026_07_29_02_32_08 timestamp=000132 cavs=[14, 13]
sgcp_constrained receiver=14 policy=all-cavs sources=[14, 13] clusters=20 ra=selective_edgecooper_global_pmax comm_bytes=7840 selected_grids={13: 3}
fusion_method=early pred_boxes=6 gt_boxes=8
pred_scores_shape=(6,)
frame=37/41 receiver_sample=15/20 scenario=2026_07_29_02_32_08 timestamp=000132 cavs=[15, 1, 6, 11]
sgcp_constrained receiver=15 policy=all-cavs sources=[15, 1, 6, 11] clusters=20 ra=selective_edgecooper_global_pmax comm_bytes=23200 selected_grids={1: 3, 6: 3, 11: 3}
fusion_method=early pred_boxes=21 gt_boxes=52
pred_scores_shape=(21,)
frame=37/41 receiver_sample=16/20 scenario=2026_07_29_02_32_08 timestamp=000132 cavs=[16, 3, 17, 20]
sgcp_constrained receiver=16 policy=all-cavs sources=[16, 3, 17, 20] clusters=20 ra=selective_edgecooper_global_pmax comm_bytes=17488 selected_grids={3: 3, 17: 3, 20: 4}
fusion_method=early pred_boxes=19 gt_boxes=44
pred_scores_shape=(19,)
frame=37/41 receiver_sample=17/20 scenario=2026_07_29_02_32_08 timestamp=000132 cavs=[17, 3, 5, 16]
sgcp_constrained receiver=17 policy=all-cavs sources=[17, 3, 5, 16] clusters=20 ra=selective_edgecooper_global_pmax comm_bytes=14736 selected_grids={3: 3, 5: 3, 16: 3}
fusion_method=early pred_boxes=18 gt_boxes=43
pred_scores_shape=(18,)
frame=37/41 receiver_sample=18/20 scenario=2026_07_29_02_32_08 timestamp=000132 cavs=[18, 3]
sgcp_constrained receiver=18 policy=all-cavs sources=[18, 3] clusters=20 ra=selective_edgecooper_global_pmax comm_bytes=5616 selected_grids={3: 3}
fusion_method=early pred_boxes=9 gt_boxes=19
pred_scores_shape=(9,)
frame=37/41 receiver_sample=19/20 scenario=2026_07_29_02_32_08 timestamp=000132 cavs=[19, 9, 13, 20]
sgcp_constrained receiver=19 policy=all-cavs sources=[19, 9, 13, 20] clusters=20 ra=selective_edgecooper_global_pmax comm_bytes=21424 selected_grids={9: 3, 13: 3, 20: 3}
fusion_method=early pred_boxes=19 gt_boxes=45
pred_scores_shape=(19,)
frame=37/41 receiver_sample=20/20 scenario=2026_07_29_02_32_08 timestamp=000132 cavs=[20, 5, 17, 19]Format = auto
Extension = pcd
Format = auto
Extension = pcd
Format = auto
Extension = pcd
Format = auto
Extension = pcd
Format = auto
Extension = pcd
Format = auto
Extension = pcd
Format = auto
Extension = pcd
Format = auto
Extension = pcd
Format = auto
Extension = pcd
Format = auto
Extension = pcd
Format = auto
Extension = pcd
Format = auto
Extension = pcd
Format = auto
Extension = pcd
Format = auto
Extension = pcd
Format = auto
Extension = pcd
Format = auto
Extension = pcd
Format = auto
Extension = pcd
Format = auto
Extension = pcd
Format = auto
Extension = pcd
Format = auto
Extension = pcd
Format = auto
Extension = pcd
Format = auto
Extension = pcd
Format = auto
Extension = pcd
Format = auto
Extension = pcd
Format = auto
Extension = pcd
Format = auto
Extension = pcd
Format = auto
Extension = pcd
Format = auto
Extension = pcd
Format = auto
Extension = pcd
Format = auto
Extension = pcd
Format = auto
Extension = pcd
Format = auto
Extension = pcd
Format = auto
Extension = pcd
Format = auto
Extension = pcd
Format = auto
Extension = pcd
Format = auto
Extension = pcd
Format = auto
Extension = pcd
Format = auto
Extension = pcd
Format = auto
Extension = pcd
Format = auto
Extension = pcd

sgcp_constrained receiver=20 policy=all-cavs sources=[20, 5, 17, 19] clusters=20 ra=selective_edgecooper_global_pmax comm_bytes=24096 selected_grids={5: 3, 17: 3, 19: 4}
fusion_method=early pred_boxes=24 gt_boxes=51
pred_scores_shape=(24,)
frame=38/41 receiver_sample=1/20 scenario=2026_07_29_02_32_08 timestamp=000134 cavs=[1, 4, 8, 15]
sgcp_constrained receiver=1 policy=all-cavs sources=[1, 4, 8, 15] clusters=20 ra=selective_edgecooper_global_pmax comm_bytes=21456 selected_grids={4: 3, 8: 3, 15: 3}
fusion_method=early pred_boxes=24 gt_boxes=55
pred_scores_shape=(24,)
frame=38/41 receiver_sample=2/20 scenario=2026_07_29_02_32_08 timestamp=000134 cavs=[2, 10, 11, 15]
sgcp_constrained receiver=2 policy=all-cavs sources=[2, 10, 11, 15] clusters=20 ra=selective_edgecooper_global_pmax comm_bytes=20400 selected_grids={10: 3, 11: 3, 15: 3}
fusion_method=early pred_boxes=21 gt_boxes=58
pred_scores_shape=(21,)
frame=38/41 receiver_sample=3/20 scenario=2026_07_29_02_32_08 timestamp=000134 cavs=[3, 16, 17, 18]
sgcp_constrained receiver=3 policy=all-cavs sources=[3, 16, 17, 18] clusters=20 ra=selective_edgecooper_global_pmax comm_bytes=22736 selected_grids={16: 3, 17: 3, 18: 4}
fusion_method=early pred_boxes=14 gt_boxes=33
pred_scores_shape=(14,)
frame=38/41 receiver_sample=4/20 scenario=2026_07_29_02_32_08 timestamp=000134 cavs=[4, 1, 8, 12]
sgcp_constrained receiver=4 policy=all-cavs sources=[4, 1, 8, 12] clusters=20 ra=selective_edgecooper_global_pmax comm_bytes=19120 selected_grids={1: 4, 8: 3, 12: 3}
fusion_method=early pred_boxes=23 gt_boxes=46
pred_scores_shape=(23,)
frame=38/41 receiver_sample=5/20 scenario=2026_07_29_02_32_08 timestamp=000134 cavs=[5, 7, 10, 16]
sgcp_constrained receiver=5 policy=all-cavs sources=[5, 7, 10, 16] clusters=20 ra=selective_edgecooper_global_pmax comm_bytes=20368 selected_grids={7: 3, 10: 3, 16: 3}
fusion_method=early pred_boxes=23 gt_boxes=57
pred_scores_shape=(23,)
frame=38/41 receiver_sample=6/20 scenario=2026_07_29_02_32_08 timestamp=000134 cavs=[6]
sgcp_constrained receiver=6 policy=all-cavs sources=[6] clusters=20 ra=selective_edgecooper_global_pmax comm_bytes=0 selected_grids={}
fusion_method=early pred_boxes=12 gt_boxes=17
pred_scores_shape=(12,)
frame=38/41 receiver_sample=7/20 scenario=2026_07_29_02_32_08 timestamp=000134 cavs=[7, 4, 12, 20]
sgcp_constrained receiver=7 policy=all-cavs sources=[7, 4, 12, 20] clusters=20 ra=selective_edgecooper_global_pmax comm_bytes=21696 selected_grids={4: 3, 12: 4, 20: 3}
fusion_method=early pred_boxes=24 gt_boxes=42
pred_scores_shape=(24,)
frame=38/41 receiver_sample=8/20 scenario=2026_07_29_02_32_08 timestamp=000134 cavs=[8, 1, 2, 7]
sgcp_constrained receiver=8 policy=all-cavs sources=[8, 1, 2, 7] clusters=20 ra=selective_edgecooper_global_pmax comm_bytes=23792 selected_grids={1: 3, 2: 3, 7: 3}
fusion_method=early pred_boxes=25 gt_boxes=45
pred_scores_shape=(25,)
frame=38/41 receiver_sample=9/20 scenario=2026_07_29_02_32_08 timestamp=000134 cavs=[9, 11, 13]
sgcp_constrained receiver=9 policy=all-cavs sources=[9, 11, 13] clusters=20 ra=selective_edgecooper_global_pmax comm_bytes=17488 selected_grids={11: 3, 13: 3}
fusion_method=early pred_boxes=21 gt_boxes=44
pred_scores_shape=(21,)
frame=38/41 receiver_sample=10/20 scenario=2026_07_29_02_32_08 timestamp=000134 cavs=[10, 5, 8, 19]
sgcp_constrained receiver=10 policy=all-cavs sources=[10, 5, 8, 19] clusters=20 ra=selective_edgecooper_global_pmax comm_bytes=23920 selected_grids={5: 4, 8: 4, 19: 3}
fusion_method=early pred_boxes=20 gt_boxes=55
pred_scores_shape=(20,)
frame=38/41 receiver_sample=11/20 scenario=2026_07_29_02_32_08 timestamp=000134 cavs=[11, 2, 10, 15]
sgcp_constrained receiver=11 policy=all-cavs sources=[11, 2, 10, 15] clusters=20 ra=selective_edgecooper_global_pmax comm_bytes=21952 selected_grids={2: 3, 10: 3, 15: 4}
fusion_method=early pred_boxes=21 gt_boxes=58
pred_scores_shape=(21,)
frame=38/41 receiver_sample=12/20 scenario=2026_07_29_02_32_08 timestamp=000134 cavs=[12, 4, 7]
sgcp_constrained receiver=12 policy=all-cavs sources=[12, 4, 7] clusters=20 ra=selective_edgecooper_global_pmax comm_bytes=13456 selected_grids={4: 3, 7: 3}
fusion_method=early pred_boxes=14 gt_boxes=43
pred_scores_shape=(14,)
frame=38/41 receiver_sample=13/20 scenario=2026_07_29_02_32_08 timestamp=000134 cavs=[13, 9, 14, 19]
sgcp_constrained receiver=13 policy=all-cavs sources=[13, 9, 14, 19] clusters=20 ra=selective_edgecooper_global_pmax comm_bytes=18960 selected_grids={9: 4, 14: 4, 19: 3}
fusion_method=early pred_boxes=11 gt_boxes=42
pred_scores_shape=(11,)
frame=38/41 receiver_sample=14/20 scenario=2026_07_29_02_32_08 timestamp=000134 cavs=[14, 13]
sgcp_constrained receiver=14 policy=all-cavs sources=[14, 13] clusters=20 ra=selective_edgecooper_global_pmax comm_bytes=7904 selected_grids={13: 3}
fusion_method=early pred_boxes=6 gt_boxes=8
pred_scores_shape=(6,)
frame=38/41 receiver_sample=15/20 scenario=2026_07_29_02_32_08 timestamp=000134 cavs=[15, 1, 6, 11]
sgcp_constrained receiver=15 policy=all-cavs sources=[15, 1, 6, 11] clusters=20 ra=selective_edgecooper_global_pmax comm_bytes=22816 selected_grids={1: 3, 6: 3, 11: 3}
fusion_method=early pred_boxes=21 gt_boxes=52
pred_scores_shape=(21,)
frame=38/41 receiver_sample=16/20 scenario=2026_07_29_02_32_08 timestamp=000134 cavs=[16, 3, 17, 20]
sgcp_constrained receiver=16 policy=all-cavs sources=[16, 3, 17, 20] clusters=20 ra=selective_edgecooper_global_pmax comm_bytes=17600 selected_grids={3: 3, 17: 3, 20: 4}
fusion_method=early pred_boxes=19 gt_boxes=43
pred_scores_shape=(19,)
frame=38/41 receiver_sample=17/20 scenario=2026_07_29_02_32_08 timestamp=000134 cavs=[17, 3, 5, 16]
sgcp_constrained receiver=17 policy=all-cavs sources=[17, 3, 5, 16] clusters=20 ra=selective_edgecooper_global_pmax comm_bytes=14816 selected_grids={3: 3, 5: 3, 16: 3}
fusion_method=early pred_boxes=18 gt_boxes=42
pred_scores_shape=(18,)
frame=38/41 receiver_sample=18/20 scenario=2026_07_29_02_32_08 timestamp=000134 cavs=[18, 3]
sgcp_constrained receiver=18 policy=all-cavs sources=[18, 3] clusters=20 ra=selective_edgecooper_global_pmax comm_bytes=5872 selected_grids={3: 3}
fusion_method=early pred_boxes=10 gt_boxes=19
pred_scores_shape=(10,)
frame=38/41 receiver_sample=19/20 scenario=2026_07_29_02_32_08 timestamp=000134 cavs=[19, 9, 13, 20]
sgcp_constrained receiver=19 policy=all-cavs sources=[19, 9, 13, 20] clusters=20 ra=selective_edgecooper_global_pmax comm_bytes=21360 selected_grids={9: 3, 13: 3, 20: 3}
fusion_method=early pred_boxes=20 gt_boxes=45
pred_scores_shape=(20,)
frame=38/41 receiver_sample=20/20 scenario=2026_07_29_02_32_08 timestamp=000134 cavs=[20, 5, 17, 19]
sgcp_constrained receiver=20 policy=all-cavs sources=[20, 5, 17, 19] clusters=20 ra=selective_edgecooper_global_pmax comm_bytes=23888 selected_grids={5: 3, 17: 3, 19: 4}
fusion_method=early pred_boxes=25 gt_boxes=51
pred_scores_shape=(25,)
frame=39/41 receiver_sample=1/20 scenario=2026_07_29_02_32_08 timestamp=000136 cavs=[1, 4, 8, 15]
sgcp_constrained receiver=1 policy=all-cavs sources=[1, 4, 8, 15] clusters=20 ra=selective_edgecooper_global_pmax comm_bytes=21408 selected_grids={4: 3, 8: 3, 15: 3}
fusion_method=early pred_boxes=24 gt_boxes=55
pred_scores_shape=(24,)
frame=39/41 receiver_sample=2/20 scenario=2026_07_29_02_32_08 timestamp=000136 cavs=[2, 10, 11, 15]
sgcp_constrained receiver=2 policy=all-cavs sources=[2, 10, 11, 15] clusters=20 ra=selective_edgecooper_global_pmax comm_bytes=20496 selected_grids={10: 3, 11: 3, 15: 3}
fusion_method=early pred_boxes=21 gt_boxes=58
pred_scores_shape=(21,)
frame=39/41 receiver_sample=3/20 scenario=2026_07_29_02_32_08 timestamp=000136 cavs=[3, 16, 17, 18]
sgcp_constrained receiver=3 policy=all-cavs sources=[3, 16, 17, 18] clusters=20 ra=selective_edgecooper_global_pmax comm_bytes=25856 selected_grids={16: 3, 17: 3, 18: 4}
fusion_method=early pred_boxes=15 gt_boxes=33
pred_scores_shape=(15,)
frame=39/41 receiver_sample=4/20 scenario=2026_07_29_02_32_08 timestamp=000136 cavs=[4, 1, 8, 12]
sgcp_constrained receiver=4 policy=all-cavs sources=[4, 1, 8, 12] clusters=20 ra=selective_edgecooper_global_pmax comm_bytes=19456 selected_grids={1: 4, 8: 3, 12: 3}Format = auto
Extension = pcd
Format = auto
Extension = pcd
Format = auto
Extension = pcd
Format = auto
Extension = pcd
Format = auto
Extension = pcd
Format = auto
Extension = pcd
Format = auto
Extension = pcd
Format = auto
Extension = pcd
Format = auto
Extension = pcd
Format = auto
Extension = pcd
Format = auto
Extension = pcd
Format = auto
Extension = pcd
Format = auto
Extension = pcd
Format = auto
Extension = pcd
Format = auto
Extension = pcd
Format = auto
Extension = pcd
Format = auto
Extension = pcd
Format = auto
Extension = pcd
Format = auto
Extension = pcd
Format = auto
Extension = pcd

fusion_method=early pred_boxes=23 gt_boxes=45
pred_scores_shape=(23,)
frame=39/41 receiver_sample=5/20 scenario=2026_07_29_02_32_08 timestamp=000136 cavs=[5, 7, 10, 16]
sgcp_constrained receiver=5 policy=all-cavs sources=[5, 7, 10, 16] clusters=20 ra=selective_edgecooper_global_pmax comm_bytes=19744 selected_grids={7: 3, 10: 3, 16: 3}
fusion_method=early pred_boxes=26 gt_boxes=56
pred_scores_shape=(26,)
frame=39/41 receiver_sample=6/20 scenario=2026_07_29_02_32_08 timestamp=000136 cavs=[6]
sgcp_constrained receiver=6 policy=all-cavs sources=[6] clusters=20 ra=selective_edgecooper_global_pmax comm_bytes=0 selected_grids={}
fusion_method=early pred_boxes=13 gt_boxes=17
pred_scores_shape=(13,)
frame=39/41 receiver_sample=7/20 scenario=2026_07_29_02_32_08 timestamp=000136 cavs=[7, 4, 12, 20]
sgcp_constrained receiver=7 policy=all-cavs sources=[7, 4, 12, 20] clusters=20 ra=selective_edgecooper_global_pmax comm_bytes=19520 selected_grids={4: 3, 12: 4, 20: 3}
fusion_method=early pred_boxes=24 gt_boxes=41
pred_scores_shape=(24,)
frame=39/41 receiver_sample=8/20 scenario=2026_07_29_02_32_08 timestamp=000136 cavs=[8, 1, 2, 7]
sgcp_constrained receiver=8 policy=all-cavs sources=[8, 1, 2, 7] clusters=20 ra=selective_edgecooper_global_pmax comm_bytes=23792 selected_grids={1: 3, 2: 3, 7: 3}
fusion_method=early pred_boxes=28 gt_boxes=45
pred_scores_shape=(28,)
frame=39/41 receiver_sample=9/20 scenario=2026_07_29_02_32_08 timestamp=000136 cavs=[9, 11, 13]
sgcp_constrained receiver=9 policy=all-cavs sources=[9, 11, 13] clusters=20 ra=selective_edgecooper_global_pmax comm_bytes=17536 selected_grids={11: 3, 13: 3}
fusion_method=early pred_boxes=20 gt_boxes=44
pred_scores_shape=(20,)
frame=39/41 receiver_sample=10/20 scenario=2026_07_29_02_32_08 timestamp=000136 cavs=[10, 5, 8, 19]
sgcp_constrained receiver=10 policy=all-cavs sources=[10, 5, 8, 19] clusters=20 ra=selective_edgecooper_global_pmax comm_bytes=23904 selected_grids={5: 4, 8: 4, 19: 3}
fusion_method=early pred_boxes=22 gt_boxes=55
pred_scores_shape=(22,)
frame=39/41 receiver_sample=11/20 scenario=2026_07_29_02_32_08 timestamp=000136 cavs=[11, 2, 10, 15]
sgcp_constrained receiver=11 policy=all-cavs sources=[11, 2, 10, 15] clusters=20 ra=selective_edgecooper_global_pmax comm_bytes=21968 selected_grids={2: 3, 10: 3, 15: 4}
fusion_method=early pred_boxes=22 gt_boxes=58
pred_scores_shape=(22,)
frame=39/41 receiver_sample=12/20 scenario=2026_07_29_02_32_08 timestamp=000136 cavs=[12, 4, 7]
sgcp_constrained receiver=12 policy=all-cavs sources=[12, 4, 7] clusters=20 ra=selective_edgecooper_global_pmax comm_bytes=13536 selected_grids={4: 3, 7: 3}
fusion_method=early pred_boxes=14 gt_boxes=43
pred_scores_shape=(14,)
frame=39/41 receiver_sample=13/20 scenario=2026_07_29_02_32_08 timestamp=000136 cavs=[13, 9, 14, 19]
sgcp_constrained receiver=13 policy=all-cavs sources=[13, 9, 14, 19] clusters=20 ra=selective_edgecooper_global_pmax comm_bytes=17824 selected_grids={9: 4, 14: 3, 19: 3}
fusion_method=early pred_boxes=13 gt_boxes=42
pred_scores_shape=(13,)
frame=39/41 receiver_sample=14/20 scenario=2026_07_29_02_32_08 timestamp=000136 cavs=[14, 13]
sgcp_constrained receiver=14 policy=all-cavs sources=[14, 13] clusters=20 ra=selective_edgecooper_global_pmax comm_bytes=7808 selected_grids={13: 3}
fusion_method=early pred_boxes=6 gt_boxes=8
pred_scores_shape=(6,)
frame=39/41 receiver_sample=15/20 scenario=2026_07_29_02_32_08 timestamp=000136 cavs=[15, 1, 6, 11]
sgcp_constrained receiver=15 policy=all-cavs sources=[15, 1, 6, 11] clusters=20 ra=selective_edgecooper_global_pmax comm_bytes=22944 selected_grids={1: 3, 6: 3, 11: 3}
fusion_method=early pred_boxes=21 gt_boxes=52
pred_scores_shape=(21,)
frame=39/41 receiver_sample=16/20 scenario=2026_07_29_02_32_08 timestamp=000136 cavs=[16, 3, 17, 20]
sgcp_constrained receiver=16 policy=all-cavs sources=[16, 3, 17, 20] clusters=20 ra=selective_edgecooper_global_pmax comm_bytes=17712 selected_grids={3: 3, 17: 3, 20: 4}
fusion_method=early pred_boxes=21 gt_boxes=44
pred_scores_shape=(21,)
frame=39/41 receiver_sample=17/20 scenario=2026_07_29_02_32_08 timestamp=000136 cavs=[17, 3, 5, 16]
sgcp_constrained receiver=17 policy=all-cavs sources=[17, 3, 5, 16] clusters=20 ra=selective_edgecooper_global_pmax comm_bytes=14880 selected_grids={3: 3, 5: 3, 16: 3}
fusion_method=early pred_boxes=17 gt_boxes=42
pred_scores_shape=(17,)
frame=39/41 receiver_sample=18/20 scenario=2026_07_29_02_32_08 timestamp=000136 cavs=[18, 3]
sgcp_constrained receiver=18 policy=all-cavs sources=[18, 3] clusters=20 ra=selective_edgecooper_global_pmax comm_bytes=6176 selected_grids={3: 3}
fusion_method=early pred_boxes=9 gt_boxes=19
pred_scores_shape=(9,)
frame=39/41 receiver_sample=19/20 scenario=2026_07_29_02_32_08 timestamp=000136 cavs=[19, 9, 13, 20]
sgcp_constrained receiver=19 policy=all-cavs sources=[19, 9, 13, 20] clusters=20 ra=selective_edgecooper_global_pmax comm_bytes=21344 selected_grids={9: 3, 13: 3, 20: 3}
fusion_method=early pred_boxes=19 gt_boxes=45
pred_scores_shape=(19,)
frame=39/41 receiver_sample=20/20 scenario=2026_07_29_02_32_08 timestamp=000136 cavs=[20, 5, 17, 19]
sgcp_constrained receiver=20 policy=all-cavs sources=[20, 5, 17, 19] clusters=20 ra=selective_edgecooper_global_pmax comm_bytes=23696 selected_grids={5: 3, 17: 3, 19: 4}
fusion_method=early pred_boxes=25 gt_boxes=52
pred_scores_shape=(25,)
frame=40/41 receiver_sample=1/20 scenario=2026_07_29_02_32_08 timestamp=000138 cavs=[1, 4, 8, 15]
sgcp_constrained receiver=1 policy=all-cavs sources=[1, 4, 8, 15] clusters=20 ra=selective_edgecooper_global_pmax comm_bytes=21360 selected_grids={4: 3, 8: 3, 15: 3}
fusion_method=early pred_boxes=25 gt_boxes=55
pred_scores_shape=(25,)
frame=40/41 receiver_sample=2/20 scenario=2026_07_29_02_32_08 timestamp=000138 cavs=[2, 10, 11, 15]
sgcp_constrained receiver=2 policy=all-cavs sources=[2, 10, 11, 15] clusters=20 ra=selective_edgecooper_global_pmax comm_bytes=20304 selected_grids={10: 3, 11: 3, 15: 3}
fusion_method=early pred_boxes=22 gt_boxes=58
pred_scores_shape=(22,)
frame=40/41 receiver_sample=3/20 scenario=2026_07_29_02_32_08 timestamp=000138 cavs=[3, 16, 17, 18]
sgcp_constrained receiver=3 policy=all-cavs sources=[3, 16, 17, 18] clusters=20 ra=selective_edgecooper_global_pmax comm_bytes=24000 selected_grids={16: 3, 17: 3, 18: 4}
fusion_method=early pred_boxes=15 gt_boxes=32
pred_scores_shape=(15,)
frame=40/41 receiver_sample=4/20 scenario=2026_07_29_02_32_08 timestamp=000138 cavs=[4, 1, 8, 12]
sgcp_constrained receiver=4 policy=all-cavs sources=[4, 1, 8, 12] clusters=20 ra=selective_edgecooper_global_pmax comm_bytes=19744 selected_grids={1: 4, 8: 3, 12: 3}
fusion_method=early pred_boxes=21 gt_boxes=46
pred_scores_shape=(21,)
frame=40/41 receiver_sample=5/20 scenario=2026_07_29_02_32_08 timestamp=000138 cavs=[5, 7, 10, 16]
sgcp_constrained receiver=5 policy=all-cavs sources=[5, 7, 10, 16] clusters=20 ra=selective_edgecooper_global_pmax comm_bytes=19552 selected_grids={7: 3, 10: 3, 16: 3}
fusion_method=early pred_boxes=27 gt_boxes=56
pred_scores_shape=(27,)
frame=40/41 receiver_sample=6/20 scenario=2026_07_29_02_32_08 timestamp=000138 cavs=[6]
sgcp_constrained receiver=6 policy=all-cavs sources=[6] clusters=20 ra=selective_edgecooper_global_pmax comm_bytes=0 selected_grids={}
fusion_method=early pred_boxes=13 gt_boxes=17
pred_scores_shape=(13,)
frame=40/41 receiver_sample=7/20 scenario=2026_07_29_02_32_08 timestamp=000138 cavs=[7, 4, 12, 20]
sgcp_constrained receiver=7 policy=all-cavs sources=[7, 4, 12, 20] clusters=20 ra=selective_edgecooper_global_pmax comm_bytes=20608 selected_grids={4: 3, 12: 4, 20: 3}
fusion_method=early pred_boxes=22 gt_boxes=41
pred_scores_shape=(22,)
frame=40/41 receiver_sample=8/20 scenario=2026_07_29_02_32_08 timestamp=000138 cavs=[8, 1, 2, 7]
sgcp_constrained receiver=8 policy=all-cavs sources=[8, 1, 2, 7] clusters=20 ra=selective_edgecooper_global_pmax comm_bytes=23792 selected_grids={1: 3, 2: 3, 7: 3}
fusion_method=early pred_boxes=27 gt_boxes=45
pred_scores_shape=(27,)
frame=40/41 receiver_sample=9/20 scenario=2026_07_29_02_32_08 timestamp=000138 cavs=[9, 11, 13]Format = auto
Extension = pcd
Format = auto
Extension = pcd
Format = auto
Extension = pcd
Format = auto
Extension = pcd
Format = auto
Extension = pcd
Format = auto
Extension = pcd
Format = auto
Extension = pcd
Format = auto
Extension = pcd
Format = auto
Extension = pcd
Format = auto
Extension = pcd
Format = auto
Extension = pcd
Format = auto
Extension = pcd
Format = auto
Extension = pcd
Format = auto
Extension = pcd
Format = auto
Extension = pcd
Format = auto
Extension = pcd
Format = auto
Extension = pcd
Format = auto
Extension = pcd
Format = auto
Extension = pcd
Format = auto
Extension = pcd

sgcp_constrained receiver=9 policy=all-cavs sources=[9, 11, 13] clusters=20 ra=selective_edgecooper_global_pmax comm_bytes=17552 selected_grids={11: 3, 13: 3}
fusion_method=early pred_boxes=22 gt_boxes=44
pred_scores_shape=(22,)
frame=40/41 receiver_sample=10/20 scenario=2026_07_29_02_32_08 timestamp=000138 cavs=[10, 5, 8, 19]
sgcp_constrained receiver=10 policy=all-cavs sources=[10, 5, 8, 19] clusters=20 ra=selective_edgecooper_global_pmax comm_bytes=23888 selected_grids={5: 4, 8: 4, 19: 3}
fusion_method=early pred_boxes=21 gt_boxes=55
pred_scores_shape=(21,)
frame=40/41 receiver_sample=11/20 scenario=2026_07_29_02_32_08 timestamp=000138 cavs=[11, 2, 10, 15]
sgcp_constrained receiver=11 policy=all-cavs sources=[11, 2, 10, 15] clusters=20 ra=selective_edgecooper_global_pmax comm_bytes=22000 selected_grids={2: 3, 10: 3, 15: 4}
fusion_method=early pred_boxes=20 gt_boxes=58
pred_scores_shape=(20,)
frame=40/41 receiver_sample=12/20 scenario=2026_07_29_02_32_08 timestamp=000138 cavs=[12, 4, 7]
sgcp_constrained receiver=12 policy=all-cavs sources=[12, 4, 7] clusters=20 ra=selective_edgecooper_global_pmax comm_bytes=14096 selected_grids={4: 3, 7: 3}
fusion_method=early pred_boxes=13 gt_boxes=43
pred_scores_shape=(13,)
frame=40/41 receiver_sample=13/20 scenario=2026_07_29_02_32_08 timestamp=000138 cavs=[13, 9, 14, 19]
sgcp_constrained receiver=13 policy=all-cavs sources=[13, 9, 14, 19] clusters=20 ra=selective_edgecooper_global_pmax comm_bytes=18992 selected_grids={9: 4, 14: 3, 19: 3}
fusion_method=early pred_boxes=12 gt_boxes=42
pred_scores_shape=(12,)
frame=40/41 receiver_sample=14/20 scenario=2026_07_29_02_32_08 timestamp=000138 cavs=[14, 13]
sgcp_constrained receiver=14 policy=all-cavs sources=[14, 13] clusters=20 ra=selective_edgecooper_global_pmax comm_bytes=7904 selected_grids={13: 3}
fusion_method=early pred_boxes=6 gt_boxes=8
pred_scores_shape=(6,)
frame=40/41 receiver_sample=15/20 scenario=2026_07_29_02_32_08 timestamp=000138 cavs=[15, 1, 6, 11]
sgcp_constrained receiver=15 policy=all-cavs sources=[15, 1, 6, 11] clusters=20 ra=selective_edgecooper_global_pmax comm_bytes=22384 selected_grids={1: 3, 6: 3, 11: 3}
fusion_method=early pred_boxes=23 gt_boxes=53
pred_scores_shape=(23,)
frame=40/41 receiver_sample=16/20 scenario=2026_07_29_02_32_08 timestamp=000138 cavs=[16, 3, 17, 20]
sgcp_constrained receiver=16 policy=all-cavs sources=[16, 3, 17, 20] clusters=20 ra=selective_edgecooper_global_pmax comm_bytes=17472 selected_grids={3: 3, 17: 3, 20: 3}
fusion_method=early pred_boxes=18 gt_boxes=44
pred_scores_shape=(18,)
frame=40/41 receiver_sample=17/20 scenario=2026_07_29_02_32_08 timestamp=000138 cavs=[17, 3, 5, 16]
sgcp_constrained receiver=17 policy=all-cavs sources=[17, 3, 5, 16] clusters=20 ra=selective_edgecooper_global_pmax comm_bytes=14960 selected_grids={3: 3, 5: 3, 16: 3}
fusion_method=early pred_boxes=18 gt_boxes=42
pred_scores_shape=(18,)
frame=40/41 receiver_sample=18/20 scenario=2026_07_29_02_32_08 timestamp=000138 cavs=[18, 3]
sgcp_constrained receiver=18 policy=all-cavs sources=[18, 3] clusters=20 ra=selective_edgecooper_global_pmax comm_bytes=6240 selected_grids={3: 4}
fusion_method=early pred_boxes=8 gt_boxes=19
pred_scores_shape=(8,)
frame=40/41 receiver_sample=19/20 scenario=2026_07_29_02_32_08 timestamp=000138 cavs=[19, 9, 13, 20]
sgcp_constrained receiver=19 policy=all-cavs sources=[19, 9, 13, 20] clusters=20 ra=selective_edgecooper_global_pmax comm_bytes=21264 selected_grids={9: 3, 13: 3, 20: 3}
fusion_method=early pred_boxes=19 gt_boxes=44
pred_scores_shape=(19,)
frame=40/41 receiver_sample=20/20 scenario=2026_07_29_02_32_08 timestamp=000138 cavs=[20, 5, 17, 19]
sgcp_constrained receiver=20 policy=all-cavs sources=[20, 5, 17, 19] clusters=20 ra=selective_edgecooper_global_pmax comm_bytes=23488 selected_grids={5: 3, 17: 3, 19: 4}
fusion_method=early pred_boxes=26 gt_boxes=52
pred_scores_shape=(26,)
frame=41/41 receiver_sample=1/20 scenario=2026_07_29_02_32_08 timestamp=000140 cavs=[1, 4, 8, 15]
sgcp_constrained receiver=1 policy=all-cavs sources=[1, 4, 8, 15] clusters=20 ra=selective_edgecooper_global_pmax comm_bytes=22592 selected_grids={4: 3, 8: 3, 15: 4}
fusion_method=early pred_boxes=24 gt_boxes=55
pred_scores_shape=(24,)
frame=41/41 receiver_sample=2/20 scenario=2026_07_29_02_32_08 timestamp=000140 cavs=[2, 10, 11, 15]
sgcp_constrained receiver=2 policy=all-cavs sources=[2, 10, 11, 15] clusters=20 ra=selective_edgecooper_global_pmax comm_bytes=20016 selected_grids={10: 3, 11: 3, 15: 3}
fusion_method=early pred_boxes=21 gt_boxes=58
pred_scores_shape=(21,)
frame=41/41 receiver_sample=3/20 scenario=2026_07_29_02_32_08 timestamp=000140 cavs=[3, 16, 17, 18]
sgcp_constrained receiver=3 policy=all-cavs sources=[3, 16, 17, 18] clusters=20 ra=selective_edgecooper_global_pmax comm_bytes=23456 selected_grids={16: 3, 17: 3, 18: 4}
fusion_method=early pred_boxes=16 gt_boxes=33
pred_scores_shape=(16,)
frame=41/41 receiver_sample=4/20 scenario=2026_07_29_02_32_08 timestamp=000140 cavs=[4, 1, 8, 12]
sgcp_constrained receiver=4 policy=all-cavs sources=[4, 1, 8, 12] clusters=20 ra=selective_edgecooper_global_pmax comm_bytes=26176 selected_grids={1: 4, 8: 3, 12: 4}
fusion_method=early pred_boxes=21 gt_boxes=46
pred_scores_shape=(21,)
frame=41/41 receiver_sample=5/20 scenario=2026_07_29_02_32_08 timestamp=000140 cavs=[5, 7, 10, 16]
sgcp_constrained receiver=5 policy=all-cavs sources=[5, 7, 10, 16] clusters=20 ra=selective_edgecooper_global_pmax comm_bytes=19232 selected_grids={7: 3, 10: 3, 16: 3}
fusion_method=early pred_boxes=27 gt_boxes=56
pred_scores_shape=(27,)
frame=41/41 receiver_sample=6/20 scenario=2026_07_29_02_32_08 timestamp=000140 cavs=[6]
sgcp_constrained receiver=6 policy=all-cavs sources=[6] clusters=20 ra=selective_edgecooper_global_pmax comm_bytes=0 selected_grids={}
fusion_method=early pred_boxes=13 gt_boxes=16
pred_scores_shape=(13,)
frame=41/41 receiver_sample=7/20 scenario=2026_07_29_02_32_08 timestamp=000140 cavs=[7, 4, 20]
sgcp_constrained receiver=7 policy=all-cavs sources=[7, 4, 20] clusters=20 ra=selective_edgecooper_global_pmax comm_bytes=11840 selected_grids={4: 3, 20: 3}
fusion_method=early pred_boxes=21 gt_boxes=40
pred_scores_shape=(21,)
frame=41/41 receiver_sample=8/20 scenario=2026_07_29_02_32_08 timestamp=000140 cavs=[8, 1, 2, 7]
sgcp_constrained receiver=8 policy=all-cavs sources=[8, 1, 2, 7] clusters=20 ra=selective_edgecooper_global_pmax comm_bytes=23792 selected_grids={1: 3, 2: 3, 7: 3}
fusion_method=early pred_boxes=26 gt_boxes=45
pred_scores_shape=(26,)
frame=41/41 receiver_sample=9/20 scenario=2026_07_29_02_32_08 timestamp=000140 cavs=[9, 11, 13]
sgcp_constrained receiver=9 policy=all-cavs sources=[9, 11, 13] clusters=20 ra=selective_edgecooper_global_pmax comm_bytes=17600 selected_grids={11: 3, 13: 3}
fusion_method=early pred_boxes=23 gt_boxes=44
pred_scores_shape=(23,)
frame=41/41 receiver_sample=10/20 scenario=2026_07_29_02_32_08 timestamp=000140 cavs=[10, 5, 8, 19]
sgcp_constrained receiver=10 policy=all-cavs sources=[10, 5, 8, 19] clusters=20 ra=selective_edgecooper_global_pmax comm_bytes=23968 selected_grids={5: 4, 8: 4, 19: 3}
fusion_method=early pred_boxes=20 gt_boxes=54
pred_scores_shape=(20,)
frame=41/41 receiver_sample=11/20 scenario=2026_07_29_02_32_08 timestamp=000140 cavs=[11, 2, 10, 15]
sgcp_constrained receiver=11 policy=all-cavs sources=[11, 2, 10, 15] clusters=20 ra=selective_edgecooper_global_pmax comm_bytes=22032 selected_grids={2: 3, 10: 3, 15: 4}
fusion_method=early pred_boxes=20 gt_boxes=58
pred_scores_shape=(20,)
frame=41/41 receiver_sample=12/20 scenario=2026_07_29_02_32_08 timestamp=000140 cavs=[12, 4]
sgcp_constrained receiver=12 policy=all-cavs sources=[12, 4] clusters=20 ra=selective_edgecooper_global_pmax comm_bytes=6160 selected_grids={4: 3}
fusion_method=early pred_boxes=11 gt_boxes=39
pred_scores_shape=(11,)
frame=41/41 receiver_sample=13/20 scenario=2026_07_29_02_32_08 timestamp=000140 cavs=[13, 9, 14, 19]
sgcp_constrained receiver=13 policy=all-cavs sources=[13, 9, 14, 19] clusters=20 ra=selective_edgecooper_global_pmax comm_bytes=25712 selected_grids={9: 4, 14: 4, 19: 4}
fusion_method=early pred_boxes=15 gt_boxes=41
pred_scores_shape=(15,)
frame=41/41 receiver_sample=14/20 scenario=2026_07_29_02_32_08 timestamp=000140 cavs=[14, 13]
sgcp_constrained receiver=14 policy=all-cavs sources=[14, 13] clusters=20 ra=selective_edgecooper_global_pmax comm_bytes=7888 selected_grids={13: 3}
fusion_method=early pred_boxes=6 gt_boxes=8
pred_scores_shape=(6,)
frame=41/41 receiver_sample=15/20 scenario=2026_07_29_02_32_08 timestamp=000140 cavs=[15, 1, 6, 11]
sgcp_constrained receiver=15 policy=all-cavs sources=[15, 1, 6, 11] clusters=20 ra=selective_edgecooper_global_pmax comm_bytes=24512 selected_grids={1: 3, 6: 3, 11: 3}
fusion_method=early pred_boxes=20 gt_boxes=52
pred_scores_shape=(20,)
frame=41/41 receiver_sample=16/20 scenario=2026_07_29_02_32_08 timestamp=000140 cavs=[16, 3, 17, 20]
sgcp_constrained receiver=16 policy=all-cavs sources=[16, 3, 17, 20] clusters=20 ra=selective_edgecooper_global_pmax comm_bytes=17152 selected_grids={3: 3, 17: 3, 20: 3}
fusion_method=early pred_boxes=18 gt_boxes=44
pred_scores_shape=(18,)
frame=41/41 receiver_sample=17/20 scenario=2026_07_29_02_32_08 timestamp=000140 cavs=[17, 3, 5, 16]
sgcp_constrained receiver=17 policy=all-cavs sources=[17, 3, 5, 16] clusters=20 ra=selective_edgecooper_global_pmax comm_bytes=14960 selected_grids={3: 3, 5: 4, 16: 3}
fusion_method=early pred_boxes=15 gt_boxes=42
pred_scores_shape=(15,)
frame=41/41 receiver_sample=18/20 scenario=2026_07_29_02_32_08 timestamp=000140 cavs=[18, 3]
sgcp_constrained receiver=18 policy=all-cavs sources=[18, 3] clusters=20 ra=selective_edgecooper_global_pmax comm_bytes=6352 selected_grids={3: 3}
fusion_method=early pred_boxes=9 gt_boxes=19
pred_scores_shape=(9,)
frame=41/41 receiver_sample=19/20 scenario=2026_07_29_02_32_08 timestamp=000140 cavs=[19, 9, 13, 20]
sgcp_constrained receiver=19 policy=all-cavs sources=[19, 9, 13, 20] clusters=20 ra=selective_edgecooper_global_pmax comm_bytes=21312 selected_grids={9: 3, 13: 3, 20: 3}
fusion_method=early pred_boxes=18 gt_boxes=44
pred_scores_shape=(18,)
frame=41/41 receiver_sample=20/20 scenario=2026_07_29_02_32_08 timestamp=000140 cavs=[20, 5, 7, 19]
sgcp_constrained receiver=20 policy=all-cavs sources=[20, 5, 7, 19] clusters=20 ra=selective_edgecooper_global_pmax comm_bytes=24848 selected_grids={5: 3, 7: 4, 19: 4}
fusion_method=early pred_boxes=23 gt_boxes=51
pred_scores_shape=(23,)
cp counter: 820
Evaluate final average precision results:
  - Fusion method: early
  - The Average Precision at IOU 0.3 is 0.43, The Average Precision at IOU 0.5 is 0.39, The Average Precision at IOU 0.7 is 0.27
sgcp_summary frames=820 avg_comm_bytes=17980.00 total_comm_bytes=14743600 avg_source_cavs=3.50 avg_selected_grids=8.29
C:\Users\sakakibara\miniconda3\envs\opencda\lib\site-packages\torch\nn\functional.py:1806: UserWarning: nn.functional.sigmoid is deprecated. Use torch.sigmoid instead.
  warnings.warn("nn.functional.sigmoid is deprecated. Use torch.sigmoid instead.")
