scenario_id,timestamp,receiver_id,receiver_policy,coperception_yaml,resource_allocation,upload_mode,grid_selection_mode,grid_score_mode,coverage_fallback,coverage_fallback_replacements,routing_hint_replacements,routing_hints_csv,clustering,cluster_count,selective_frame_deadline_ms,cluster_member_ids,source_cav_ids,uploaded_source_ids,selected_grid_counts_json,point_counts_json,communication_bytes,frame_comm_time_ms,num_channels,bandwidth_mhz,communication_deadline_ms,sgcp_frame_mbps_budget,sgcp_frame_budget_bytes,sgcp_frame_budget_original_bytes,sgcp_frame_budget_admitted_bytes,upload_density_cap_rho,upload_density_cap_seed,max_senders_per_receiver,channel_estimator,ns3_tb_size_bytes,ns3_slot_duration_ms,ns3_subchannel_prbs,ns3_symbols_per_slot,ns3_mcs,pcs_rounds_requested,pcs_rounds_accepted,pcs_round_comm_time_ms_json,pcs_round_comm_bytes_json,channel_allocation,missing_channel_sources,pred_boxes,gt_boxes,skipped
2026_07_29_02_32_08,000060,1,all-cluster-heads,docs\doc_workspace\SGCP\artifacts\early_from_late_checkpoint_20260719\enable_coperception_early_from_attentive.yaml,dynamic_cv,grid,utility,utility,none,0,0,,potential_verified_cov_coalition_game,7,,1;2;8;11,1;2;11,2;11,"{""2"": 13, ""11"": 13}","{""1"": 13948, ""2"": 3969, ""11"": 2235}",99264,35.31924360400445,10,40.0,60.0,20.0,250000,529536,249344,5.0,sgcp-density-cap,1,ns3,899,0.5,10,12,28,,,[],[],2>1:0;11>1:9,,26,48,
2026_07_29_02_32_08,000060,10,all-cluster-heads,docs\doc_workspace\SGCP\artifacts\early_from_late_checkpoint_20260719\enable_coperception_early_from_attentive.yaml,dynamic_cv,grid,utility,utility,none,0,0,,potential_verified_cov_coalition_game,7,,9;10,10;9,9,"{""9"": 13}","{""9"": 2870, ""10"": 14073}",45920,25.539488320355954,10,40.0,60.0,20.0,250000,529536,249344,5.0,sgcp-density-cap,1,ns3,899,0.5,10,12,28,,,[],[],9>10:1,,19,40,
2026_07_29_02_32_08,000060,12,all-cluster-heads,docs\doc_workspace\SGCP\artifacts\early_from_late_checkpoint_20260719\enable_coperception_early_from_attentive.yaml,dynamic_cv,grid,utility,utility,none,0,0,,potential_verified_cov_coalition_game,7,,4;7;12,12;7,7,"{""7"": 13}","{""7"": 3698, ""12"": 13881}",59168,32.90767519466073,10,40.0,60.0,20.0,250000,529536,249344,5.0,sgcp-density-cap,1,ns3,899,0.5,10,12,28,,,[],[],7>12:2,,19,47,
2026_07_29_02_32_08,000060,13,all-cluster-heads,docs\doc_workspace\SGCP\artifacts\early_from_late_checkpoint_20260719\enable_coperception_early_from_attentive.yaml,dynamic_cv,grid,utility,utility,none,0,0,,potential_verified_cov_coalition_game,7,,13;14;19,13;14,14,"{""14"": 6}","{""13"": 13569, ""14"": 2812}",44992,25.023359288097886,10,40.0,60.0,20.0,250000,529536,249344,5.0,sgcp-density-cap,1,ns3,899,0.5,10,12,28,,,[],[],14>13:3,,4,18,
2026_07_29_02_32_08,000060,15,all-cluster-heads,docs\doc_workspace\SGCP\artifacts\early_from_late_checkpoint_20260719\enable_coperception_early_from_attentive.yaml,dynamic_cv,grid,utility,utility,none,0,0,,potential_verified_cov_coalition_game,7,,6;15,15,,{},"{""15"": 13458}",0,0.0,10,40.0,60.0,20.0,250000,529536,249344,5.0,sgcp-density-cap,1,ns3,899,0.5,10,12,28,,,[],[],,,17,21,
2026_07_29_02_32_08,000060,16,all-cluster-heads,docs\doc_workspace\SGCP\artifacts\early_from_late_checkpoint_20260719\enable_coperception_early_from_attentive.yaml,dynamic_cv,grid,utility,utility,none,0,0,,potential_verified_cov_coalition_game,7,,5;16;20,16,,{},"{""16"": 13819}",0,0.0,10,40.0,60.0,20.0,250000,529536,249344,5.0,sgcp-density-cap,1,ns3,899,0.5,10,12,28,,,[],[],,,18,32,
2026_07_29_02_32_08,000060,17,all-cluster-heads,docs\doc_workspace\SGCP\artifacts\early_from_late_checkpoint_20260719\enable_coperception_early_from_attentive.yaml,dynamic_cv,grid,utility,utility,none,0,0,,potential_verified_cov_coalition_game,7,,3;17;18,17,,{},"{""17"": 14142}",0,0.0,10,40.0,60.0,20.0,250000,529536,249344,5.0,sgcp-density-cap,1,ns3,899,0.5,10,12,28,,,[],[],,,11,18,
2026_07_29_02_32_08,000062,1,all-cluster-heads,docs\doc_workspace\SGCP\artifacts\early_from_late_checkpoint_20260719\enable_coperception_early_from_attentive.yaml,dynamic_cv,grid,utility,utility,none,0,0,,potential_verified_cov_coalition_game,7,,1;2;8;11,1;2;11,2;11,"{""2"": 13, ""11"": 13}","{""1"": 13948, ""2"": 4024, ""11"": 2227}",100016,35.80867630700779,10,40.0,60.0,20.0,250000,531040,249472,5.0,sgcp-density-cap,1,ns3,899,0.5,10,12,28,,,[],[],2>1:0;11>1:9,,27,48,
2026_07_29_02_32_08,000062,10,all-cluster-heads,docs\doc_workspace\SGCP\artifacts\early_from_late_checkpoint_20260719\enable_coperception_early_from_attentive.yaml,dynamic_cv,grid,utility,utility,none,0,0,,potential_verified_cov_coalition_game,7,,9;10,10;9,9,"{""9"": 13}","{""9"": 2860, ""10"": 14074}",45760,25.450500556173523,10,40.0,60.0,20.0,250000,531040,249472,5.0,sgcp-density-cap,1,ns3,899,0.5,10,12,28,,,[],[],9>10:1,,18,38,
2026_07_29_02_32_08,000062,12,all-cluster-heads,docs\doc_workspace\SGCP\artifacts\early_from_late_checkpoint_20260719\enable_coperception_early_from_attentive.yaml,dynamic_cv,grid,utility,utility,none,0,0,,potential_verified_cov_coalition_game,7,,4;7;12,12;7,7,"{""7"": 13}","{""7"": 3701, ""12"": 13882}",59216,32.934371523915466,10,40.0,60.0,20.0,250000,531040,249472,5.0,sgcp-density-cap,1,ns3,899,0.5,10,12,28,,,[],[],7>12:2,,21,48,
2026_07_29_02_32_08,000062,13,all-cluster-heads,docs\doc_workspace\SGCP\artifacts\early_from_late_checkpoint_20260719\enable_coperception_early_from_attentive.yaml,dynamic_cv,grid,utility,utility,none,0,0,,potential_verified_cov_coalition_game,7,,13;14;19,13;14,14,"{""14"": 6}","{""13"": 13569, ""14"": 2780}",44480,24.738598442714125,10,40.0,60.0,20.0,250000,531040,249472,5.0,sgcp-density-cap,1,ns3,899,0.5,10,12,28,,,[],[],14>13:3,,4,18,
2026_07_29_02_32_08,000062,15,all-cluster-heads,docs\doc_workspace\SGCP\artifacts\early_from_late_checkpoint_20260719\enable_coperception_early_from_attentive.yaml,dynamic_cv,grid,utility,utility,none,0,0,,potential_verified_cov_coalition_game,7,,6;15,15,,{},"{""15"": 13488}",0,0.0,10,40.0,60.0,20.0,250000,531040,249472,5.0,sgcp-density-cap,1,ns3,899,0.5,10,12,28,,,[],[],,,16,21,
2026_07_29_02_32_08,000062,16,all-cluster-heads,docs\doc_workspace\SGCP\artifacts\early_from_late_checkpoint_20260719\enable_coperception_early_from_attentive.yaml,dynamic_cv,grid,utility,utility,none,0,0,,potential_verified_cov_coalition_game,7,,5;16;20,16,,{},"{""16"": 13788}",0,0.0,10,40.0,60.0,20.0,250000,531040,249472,5.0,sgcp-density-cap,1,ns3,899,0.5,10,12,28,,,[],[],,,17,32,
2026_07_29_02_32_08,000062,17,all-cluster-heads,docs\doc_workspace\SGCP\artifacts\early_from_late_checkpoint_20260719\enable_coperception_early_from_attentive.yaml,dynamic_cv,grid,utility,utility,none,0,0,,potential_verified_cov_coalition_game,7,,3;17;18,17,,{},"{""17"": 14128}",0,0.0,10,40.0,60.0,20.0,250000,531040,249472,5.0,sgcp-density-cap,1,ns3,899,0.5,10,12,28,,,[],[],,,9,19,
2026_07_29_02_32_08,000064,1,all-cluster-heads,docs\doc_workspace\SGCP\artifacts\early_from_late_checkpoint_20260719\enable_coperception_early_from_attentive.yaml,dynamic_cv,grid,utility,utility,none,0,0,,potential_verified_cov_coalition_game,7,,1;2;8;11,1;2;11,2;11,"{""2"": 13, ""11"": 13}","{""1"": 13948, ""2"": 3980, ""11"": 2230}",99360,35.41713014460512,10,40.0,60.0,20.0,250000,528880,249904,5.0,sgcp-density-cap,1,ns3,899,0.5,10,12,28,,,[],[],2>1:0;11>1:9,,25,48,
2026_07_29_02_32_08,000064,10,all-cluster-heads,docs\doc_workspace\SGCP\artifacts\early_from_late_checkpoint_20260719\enable_coperception_early_from_attentive.yaml,dynamic_cv,grid,utility,utility,none,0,0,,potential_verified_cov_coalition_game,7,,9;10,10;9,9,"{""9"": 13}","{""9"": 2842, ""10"": 14075}",45472,25.29032258064516,10,40.0,60.0,20.0,250000,528880,249904,5.0,sgcp-density-cap,1,ns3,899,0.5,10,12,28,,,[],[],9>10:1,,15,40,
2026_07_29_02_32_08,000064,12,all-cluster-heads,docs\doc_workspace\SGCP\artifacts\early_from_late_checkpoint_20260719\enable_coperception_early_from_attentive.yaml,dynamic_cv,grid,utility,utility,none,0,0,,potential_verified_cov_coalition_game,7,,4;7;12,12;7,7,"{""7"": 13}","{""7"": 3706, ""12"": 13868}",59296,32.978865406006676,10,40.0,60.0,20.0,250000,528880,249904,5.0,sgcp-density-cap,1,ns3,899,0.5,10,12,28,,,[],[],7>12:2,,21,49,
2026_07_29_02_32_08,000064,13,all-cluster-heads,docs\doc_workspace\SGCP\artifacts\early_from_late_checkpoint_20260719\enable_coperception_early_from_attentive.yaml,dynamic_cv,grid,utility,utility,none,0,0,,potential_verified_cov_coalition_game,7,,13;14;19,13;14,14,"{""14"": 6}","{""13"": 13570, ""14"": 2861}",45776,25.45939933259177,10,40.0,60.0,20.0,250000,528880,249904,5.0,sgcp-density-cap,1,ns3,899,0.5,10,12,28,,,[],[],14>13:3,,3,18,
2026_07_29_02_32_08,000064,15,all-cluster-heads,docs\doc_workspace\SGCP\artifacts\early_from_late_checkpoint_20260719\enable_coperception_early_from_attentive.yaml,dynamic_cv,grid,utility,utility,none,0,0,,potential_verified_cov_coalition_game,7,,6;15,15,,{},"{""15"": 13466}",0,0.0,10,40.0,60.0,20.0,250000,528880,249904,5.0,sgcp-density-cap,1,ns3,899,0.5,10,12,28,,,[],[],,,17,21,
2026_07_29_02_32_08,000064,16,all-cluster-heads,docs\doc_workspace\SGCP\artifacts\early_from_late_checkpoint_20260719\enable_coperception_early_from_attentive.yaml,dynamic_cv,grid,utility,utility,none,0,0,,potential_verified_cov_coalition_game,7,,5;16;20,16,,{},"{""16"": 13804}",0,0.0,10,40.0,60.0,20.0,250000,528880,249904,5.0,sgcp-density-cap,1,ns3,899,0.5,10,12,28,,,[],[],,,15,34,
2026_07_29_02_32_08,000064,17,all-cluster-heads,docs\doc_workspace\SGCP\artifacts\early_from_late_checkpoint_20260719\enable_coperception_early_from_attentive.yaml,dynamic_cv,grid,utility,utility,none,0,0,,potential_verified_cov_coalition_game,7,,3;17;18,17,,{},"{""17"": 14138}",0,0.0,10,40.0,60.0,20.0,250000,528880,249904,5.0,sgcp-density-cap,1,ns3,899,0.5,10,12,28,,,[],[],,,7,18,
2026_07_29_02_32_08,000066,1,all-cluster-heads,docs\doc_workspace\SGCP\artifacts\early_from_late_checkpoint_20260719\enable_coperception_early_from_attentive.yaml,dynamic_cv,grid,utility,utility,none,0,0,,potential_verified_cov_coalition_game,6,,1;2;8;11,1;2;11,2;11,"{""2"": 13, ""11"": 13}","{""1"": 13953, ""2"": 3969, ""11"": 2214}",98928,35.31924360400445,10,40.0,60.0,20.0,250000,531248,249440,5.0,sgcp-density-cap,1,ns3,899,0.5,10,12,28,,,[],[],2>1:0;11>1:8,,26,48,
2026_07_29_02_32_08,000066,12,all-cluster-heads,docs\doc_workspace\SGCP\artifacts\early_from_late_checkpoint_20260719\enable_coperception_early_from_attentive.yaml,dynamic_cv,grid,utility,utility,none,0,0,,potential_verified_cov_coalition_game,6,,4;7;12,12;4;7,4;7,"{""4"": 13, ""7"": 13}","{""4"": 2070, ""7"": 3693, ""12"": 13863}",92208,32.86318131256952,10,40.0,60.0,20.0,250000,531248,249440,5.0,sgcp-density-cap,1,ns3,899,0.5,10,12,28,,,[],[],4>12:9;7>12:1,,22,52,
2026_07_29_02_32_08,000066,15,all-cluster-heads,docs\doc_workspace\SGCP\artifacts\early_from_late_checkpoint_20260719\enable_coperception_early_from_attentive.yaml,dynamic_cv,grid,utility,utility,none,0,0,,potential_verified_cov_coalition_game,6,,6;15,15;6,6,"{""6"": 10}","{""6"": 3644, ""15"": 13477}",58304,32.42714126807564,10,40.0,60.0,20.0,250000,531248,249440,5.0,sgcp-density-cap,1,ns3,899,0.5,10,12,28,,,[],[],6>15:2,,19,20,
2026_07_29_02_32_08,000066,16,all-cluster-heads,docs\doc_workspace\SGCP\artifacts\early_from_late_checkpoint_20260719\enable_coperception_early_from_attentive.yaml,dynamic_cv,grid,utility,utility,none,0,0,,potential_verified_cov_coalition_game,6,,5;16;20,16,,{},"{""16"": 13800}",0,0.0,10,40.0,60.0,20.0,250000,531248,249440,5.0,sgcp-density-cap,1,ns3,899,0.5,10,12,28,,,[],[],,,19,33,
2026_07_29_02_32_08,000066,17,all-cluster-heads,docs\doc_workspace\SGCP\artifacts\early_from_late_checkpoint_20260719\enable_coperception_early_from_attentive.yaml,dynamic_cv,grid,utility,utility,none,0,0,,potential_verified_cov_coalition_game,6,,3;14;17;18,17,,{},"{""17"": 14142}",0,0.0,10,40.0,60.0,20.0,250000,531248,249440,5.0,sgcp-density-cap,1,ns3,899,0.5,10,12,28,,,[],[],,,9,18,
2026_07_29_02_32_08,000066,19,all-cluster-heads,docs\doc_workspace\SGCP\artifacts\early_from_late_checkpoint_20260719\enable_coperception_early_from_attentive.yaml,dynamic_cv,grid,utility,utility,none,0,0,,potential_verified_cov_coalition_game,6,,9;10;13;19,19,,{},"{""19"": 13700}",0,0.0,10,40.0,60.0,20.0,250000,531248,249440,5.0,sgcp-density-cap,1,ns3,899,0.5,10,12,28,,,[],[],,,2,23,
2026_07_29_02_32_08,000068,1,all-cluster-heads,docs\doc_workspace\SGCP\artifacts\early_from_late_checkpoint_20260719\enable_coperception_early_from_attentive.yaml,dynamic_cv,grid,utility,utility,none,0,0,,potential_verified_cov_coalition_game,6,,1;4;12,1;4;12,4;12,"{""4"": 13, ""12"": 13}","{""1"": 13961, ""4"": 2939, ""12"": 4345}",116544,38.66518353726363,10,40.0,60.0,20.0,250000,595872,249008,5.0,sgcp-density-cap,1,ns3,899,0.5,10,12,28,,,[],[],4>1:9;12>1:0,,31,56,
2026_07_29_02_32_08,000068,11,all-cluster-heads,docs\doc_workspace\SGCP\artifacts\early_from_late_checkpoint_20260719\enable_coperception_early_from_attentive.yaml,dynamic_cv,grid,utility,utility,none,0,0,,potential_verified_cov_coalition_game,6,,2;8;11;19,11;2;19,2;19,"{""2"": 13, ""19"": 13}","{""2"": 3174, ""11"": 13865, ""19"": 3807}",111696,33.87764182424917,10,40.0,60.0,20.0,250000,595872,249008,5.0,sgcp-density-cap,1,ns3,899,0.5,10,12,28,,,[],[],2>11:7;19>11:1,,23,50,
2026_07_29_02_32_08,000068,13,all-cluster-heads,docs\doc_workspace\SGCP\artifacts\early_from_late_checkpoint_20260719\enable_coperception_early_from_attentive.yaml,dynamic_cv,grid,utility,utility,none,0,0,,potential_verified_cov_coalition_game,6,,9;10;13;14,13;14,14,"{""14"": 3}","{""13"": 13572, ""14"": 1298}",20768,11.550611790878754,10,40.0,60.0,20.0,250000,595872,249008,5.0,sgcp-density-cap,1,ns3,899,0.5,10,12,28,,,[],[],14>13:2,,4,18,
2026_07_29_02_32_08,000068,15,all-cluster-heads,docs\doc_workspace\SGCP\artifacts\early_from_late_checkpoint_20260719\enable_coperception_early_from_attentive.yaml,dynamic_cv,grid,utility,utility,none,0,0,,potential_verified_cov_coalition_game,6,,6;15,15,,{},"{""15"": 13482}",0,0.0,10,40.0,60.0,20.0,250000,595872,249008,5.0,sgcp-density-cap,1,ns3,899,0.5,10,12,28,,,[],[],,,19,20,
2026_07_29_02_32_08,000068,16,all-cluster-heads,docs\doc_workspace\SGCP\artifacts\early_from_late_checkpoint_20260719\enable_coperception_early_from_attentive.yaml,dynamic_cv,grid,utility,utility,none,0,0,,potential_verified_cov_coalition_game,6,,5;7;16;20,16,,{},"{""16"": 13828}",0,0.0,10,40.0,60.0,20.0,250000,595872,249008,5.0,sgcp-density-cap,1,ns3,899,0.5,10,12,28,,,[],[],,,17,33,
2026_07_29_02_32_08,000068,17,all-cluster-heads,docs\doc_workspace\SGCP\artifacts\early_from_late_checkpoint_20260719\enable_coperception_early_from_attentive.yaml,dynamic_cv,grid,utility,utility,none,0,0,,potential_verified_cov_coalition_game,6,,3;17;18,17,,{},"{""17"": 14134}",0,0.0,10,40.0,60.0,20.0,250000,595872,249008,5.0,sgcp-density-cap,1,ns3,899,0.5,10,12,28,,,[],[],,,7,18,
2026_07_29_02_32_08,000070,11,all-cluster-heads,docs\doc_workspace\SGCP\artifacts\early_from_late_checkpoint_20260719\enable_coperception_early_from_attentive.yaml,dynamic_cv,grid,utility,utility,none,0,0,,potential_verified_cov_coalition_game,6,,1;2;11;19,11;2;19,2;19,"{""2"": 13, ""19"": 13}","{""2"": 3187, ""11"": 13862, ""19"": 3807}",111904,33.87764182424917,10,40.0,60.0,20.0,250000,568272,249840,5.0,sgcp-density-cap,1,ns3,899,0.5,10,12,28,,,[],[],2>11:7;19>11:0,,23,50,
2026_07_29_02_32_08,000070,12,all-cluster-heads,docs\doc_workspace\SGCP\artifacts\early_from_late_checkpoint_20260719\enable_coperception_early_from_attentive.yaml,dynamic_cv,grid,utility,utility,none,0,0,,potential_verified_cov_coalition_game,6,,4;7;8;12,12;7;8,7;8,"{""7"": 13, ""8"": 13}","{""7"": 3720, ""8"": 2800, ""12"": 13891}",104320,33.10344827586207,10,40.0,60.0,20.0,250000,568272,249840,5.0,sgcp-density-cap,1,ns3,899,0.5,10,12,28,,,[],[],7>12:1;8>12:8,,27,59,
2026_07_29_02_32_08,000070,13,all-cluster-heads,docs\doc_workspace\SGCP\artifacts\early_from_late_checkpoint_20260719\enable_coperception_early_from_attentive.yaml,dynamic_cv,grid,utility,utility,none,0,0,,potential_verified_cov_coalition_game,6,,9;10;13;14,13;14,14,"{""14"": 4}","{""13"": 13574, ""14"": 2000}",32000,17.797552836484982,10,40.0,60.0,20.0,250000,568272,249840,5.0,sgcp-density-cap,1,ns3,899,0.5,10,12,28,,,[],[],14>13:2,,4,18,
2026_07_29_02_32_08,000070,15,all-cluster-heads,docs\doc_workspace\SGCP\artifacts\early_from_late_checkpoint_20260719\enable_coperception_early_from_attentive.yaml,dynamic_cv,grid,utility,utility,none,0,0,,potential_verified_cov_coalition_game,6,,6;15,15;6,6,"{""6"": 1}","{""6"": 101, ""15"": 13489}",1616,0.8987764182424917,10,40.0,60.0,20.0,250000,568272,249840,5.0,sgcp-density-cap,1,ns3,899,0.5,10,12,28,,,[],[],6>15:3,,18,20,
2026_07_29_02_32_08,000070,16,all-cluster-heads,docs\doc_workspace\SGCP\artifacts\early_from_late_checkpoint_20260719\enable_coperception_early_from_attentive.yaml,dynamic_cv,grid,utility,utility,none,0,0,,potential_verified_cov_coalition_game,6,,5;16;20,16,,{},"{""16"": 13833}",0,0.0,10,40.0,60.0,20.0,250000,568272,249840,5.0,sgcp-density-cap,1,ns3,899,0.5,10,12,28,,,[],[],,,16,34,
2026_07_29_02_32_08,000070,17,all-cluster-heads,docs\doc_workspace\SGCP\artifacts\early_from_late_checkpoint_20260719\enable_coperception_early_from_attentive.yaml,dynamic_cv,grid,utility,utility,none,0,0,,potential_verified_cov_coalition_game,6,,3;17;18,17,,{},"{""17"": 14129}",0,0.0,10,40.0,60.0,20.0,250000,568272,249840,5.0,sgcp-density-cap,1,ns3,899,0.5,10,12,28,,,[],[],,,9,17,
2026_07_29_02_32_08,000072,11,all-cluster-heads,docs\doc_workspace\SGCP\artifacts\early_from_late_checkpoint_20260719\enable_coperception_early_from_attentive.yaml,dynamic_cv,grid,utility,utility,none,0,0,,potential_verified_cov_coalition_game,6,,1;2;11;19,11;2;19,2;19,"{""2"": 13, ""19"": 13}","{""2"": 3196, ""11"": 13861, ""19"": 3790}",111776,33.72636262513904,10,40.0,60.0,20.0,250000,568032,249712,5.0,sgcp-density-cap,1,ns3,899,0.5,10,12,28,,,[],[],2>11:7;19>11:0,,22,51,
2026_07_29_02_32_08,000072,12,all-cluster-heads,docs\doc_workspace\SGCP\artifacts\early_from_late_checkpoint_20260719\enable_coperception_early_from_attentive.yaml,dynamic_cv,grid,utility,utility,none,0,0,,potential_verified_cov_coalition_game,6,,4;7;8;12,12;7;8,7;8,"{""7"": 13, ""8"": 13}","{""7"": 3717, ""8"": 2818, ""12"": 13906}",104560,33.076751946607345,10,40.0,60.0,20.0,250000,568032,249712,5.0,sgcp-density-cap,1,ns3,899,0.5,10,12,28,,,[],[],7>12:1;8>12:8,,29,58,
2026_07_29_02_32_08,000072,13,all-cluster-heads,docs\doc_workspace\SGCP\artifacts\early_from_late_checkpoint_20260719\enable_coperception_early_from_attentive.yaml,dynamic_cv,grid,utility,utility,none,0,0,,potential_verified_cov_coalition_game,6,,9;10;13;14,13;14,14,"{""14"": 4}","{""13"": 13566, ""14"": 2000}",32000,17.797552836484982,10,40.0,60.0,20.0,250000,568032,249712,5.0,sgcp-density-cap,1,ns3,899,0.5,10,12,28,,,[],[],14>13:2,,6,18,
2026_07_29_02_32_08,000072,15,all-cluster-heads,docs\doc_workspace\SGCP\artifacts\early_from_late_checkpoint_20260719\enable_coperception_early_from_attentive.yaml,dynamic_cv,grid,utility,utility,none,0,0,,potential_verified_cov_coalition_game,6,,6;15,15,,{},"{""15"": 13501}",0,0.0,10,40.0,60.0,20.0,250000,568032,249712,5.0,sgcp-density-cap,1,ns3,899,0.5,10,12,28,,,[],[],,,19,20,
2026_07_29_02_32_08,000072,16,all-cluster-heads,docs\doc_workspace\SGCP\artifacts\early_from_late_checkpoint_20260719\enable_coperception_early_from_attentive.yaml,dynamic_cv,grid,utility,utility,none,0,0,,potential_verified_cov_coalition_game,6,,5;16;20,16;20,20,"{""20"": 1}","{""16"": 13827, ""20"": 86}",1376,0.7652947719688543,10,40.0,60.0,20.0,250000,568032,249712,5.0,sgcp-density-cap,1,ns3,899,0.5,10,12,28,,,[],[],20>16:4,,17,34,
2026_07_29_02_32_08,000072,17,all-cluster-heads,docs\doc_workspace\SGCP\artifacts\early_from_late_checkpoint_20260719\enable_coperception_early_from_attentive.yaml,dynamic_cv,grid,utility,utility,none,0,0,,potential_verified_cov_coalition_game,6,,3;17;18,17,,{},"{""17"": 14140}",0,0.0,10,40.0,60.0,20.0,250000,568032,249712,5.0,sgcp-density-cap,1,ns3,899,0.5,10,12,28,,,[],[],,,9,17,
2026_07_29_02_32_08,000074,4,all-cluster-heads,docs\doc_workspace\SGCP\artifacts\early_from_late_checkpoint_20260719\enable_coperception_early_from_attentive.yaml,dynamic_cv,grid,utility,utility,none,0,0,,potential_verified_cov_coalition_game,6,,4;8;12,4;8;12,8;12,"{""8"": 13, ""12"": 12}","{""4"": 13788, ""8"": 2458, ""12"": 2579}",80592,22.949944382647384,10,40.0,60.0,20.0,250000,558768,250000,5.0,sgcp-density-cap,1,ns3,899,0.5,10,12,28,,,[],[],8>4:9;12>4:0,,29,49,
2026_07_29_02_32_08,000074,11,all-cluster-heads,docs\doc_workspace\SGCP\artifacts\early_from_late_checkpoint_20260719\enable_coperception_early_from_attentive.yaml,dynamic_cv,grid,utility,utility,none,0,0,,potential_verified_cov_coalition_game,6,,1;2;11;19,11;2;19,2;19,"{""2"": 13, ""19"": 13}","{""2"": 3188, ""11"": 13860, ""19"": 3793}",111696,33.753058954393765,10,40.0,60.0,20.0,250000,558768,250000,5.0,sgcp-density-cap,1,ns3,899,0.5,10,12,28,,,[],[],2>11:7;19>11:1,,24,51,
2026_07_29_02_32_08,000074,13,all-cluster-heads,docs\doc_workspace\SGCP\artifacts\early_from_late_checkpoint_20260719\enable_coperception_early_from_attentive.yaml,dynamic_cv,grid,utility,utility,none,0,0,,potential_verified_cov_coalition_game,6,,9;10;13;14,13;14,14,"{""14"": 7}","{""13"": 13577, ""14"": 3500}",56000,31.14571746384872,10,40.0,60.0,20.0,250000,558768,250000,5.0,sgcp-density-cap,1,ns3,899,0.5,10,12,28,,,[],[],14>13:2,,3,18,
2026_07_29_02_32_08,000074,15,all-cluster-heads,docs\doc_workspace\SGCP\artifacts\early_from_late_checkpoint_20260719\enable_coperception_early_from_attentive.yaml,dynamic_cv,grid,utility,utility,none,0,0,,potential_verified_cov_coalition_game,6,,6;15,15,,{},"{""15"": 13494}",0,0.0,10,40.0,60.0,20.0,250000,558768,250000,5.0,sgcp-density-cap,1,ns3,899,0.5,10,12,28,,,[],[],,,16,21,
2026_07_29_02_32_08,000074,16,all-cluster-heads,docs\doc_workspace\SGCP\artifacts\early_from_late_checkpoint_20260719\enable_coperception_early_from_attentive.yaml,dynamic_cv,grid,utility,utility,none,0,0,,potential_verified_cov_coalition_game,6,,5;7;16;20,16;7,7,"{""7"": 1}","{""7"": 107, ""16"": 13876}",1712,0.9521690767519466,10,40.0,60.0,20.0,250000,558768,250000,5.0,sgcp-density-cap,1,ns3,899,0.5,10,12,28,,,[],[],7>16:4,,18,40,
2026_07_29_02_32_08,000074,17,all-cluster-heads,docs\doc_workspace\SGCP\artifacts\early_from_late_checkpoint_20260719\enable_coperception_early_from_attentive.yaml,dynamic_cv,grid,utility,utility,none,0,0,,potential_verified_cov_coalition_game,6,,3;17;18,17,,{},"{""17"": 14148}",0,0.0,10,40.0,60.0,20.0,250000,558768,250000,5.0,sgcp-density-cap,1,ns3,899,0.5,10,12,28,,,[],[],,,11,18,
2026_07_29_02_32_08,000076,4,all-cluster-heads,docs\doc_workspace\SGCP\artifacts\early_from_late_checkpoint_20260719\enable_coperception_early_from_attentive.yaml,dynamic_cv,grid,utility,utility,none,0,0,,potential_verified_cov_coalition_game,6,,4;8;12,4;8;12,8;12,"{""8"": 13, ""12"": 13}","{""4"": 13778, ""8"": 2455, ""12"": 2736}",83056,24.347052280311456,10,40.0,60.0,20.0,250000,562672,249968,5.0,sgcp-density-cap,1,ns3,899,0.5,10,12,28,,,[],[],8>4:9;12>4:0,,28,50,
2026_07_29_02_32_08,000076,11,all-cluster-heads,docs\doc_workspace\SGCP\artifacts\early_from_late_checkpoint_20260719\enable_coperception_early_from_attentive.yaml,dynamic_cv,grid,utility,utility,none,0,0,,potential_verified_cov_coalition_game,6,,1;2;11;19,11;2;19,2;19,"{""2"": 13, ""19"": 13}","{""2"": 3208, ""11"": 13862, ""19"": 3798}",112096,33.79755283648498,10,40.0,60.0,20.0,250000,562672,249968,5.0,sgcp-density-cap,1,ns3,899,0.5,10,12,28,,,[],[],2>11:7;19>11:1,,21,51,
2026_07_29_02_32_08,000076,13,all-cluster-heads,docs\doc_workspace\SGCP\artifacts\early_from_late_checkpoint_20260719\enable_coperception_early_from_attentive.yaml,dynamic_cv,grid,utility,utility,none,0,0,,potential_verified_cov_coalition_game,6,,9;10;13;14,13;14,14,"{""14"": 7}","{""13"": 13582, ""14"": 3326}",53216,29.59733036707453,10,40.0,60.0,20.0,250000,562672,249968,5.0,sgcp-density-cap,1,ns3,899,0.5,10,12,28,,,[],[],14>13:2,,6,18,
2026_07_29_02_32_08,000076,15,all-cluster-heads,docs\doc_workspace\SGCP\artifacts\early_from_late_checkpoint_20260719\enable_coperception_early_from_attentive.yaml,dynamic_cv,grid,utility,utility,none,0,0,,potential_verified_cov_coalition_game,6,,6;15,15,,{},"{""15"": 13485}",0,0.0,10,40.0,60.0,20.0,250000,562672,249968,5.0,sgcp-density-cap,1,ns3,899,0.5,10,12,28,,,[],[],,,15,21,
2026_07_29_02_32_08,000076,16,all-cluster-heads,docs\doc_workspace\SGCP\artifacts\early_from_late_checkpoint_20260719\enable_coperception_early_from_attentive.yaml,dynamic_cv,grid,utility,utility,none,0,0,,potential_verified_cov_coalition_game,6,,5;7;16;20,16;7,7,"{""7"": 1}","{""7"": 100, ""16"": 13891}",1600,0.8898776418242492,10,40.0,60.0,20.0,250000,562672,249968,5.0,sgcp-density-cap,1,ns3,899,0.5,10,12,28,,,[],[],7>16:4,,21,40,
2026_07_29_02_32_08,000076,17,all-cluster-heads,docs\doc_workspace\SGCP\artifacts\early_from_late_checkpoint_20260719\enable_coperception_early_from_attentive.yaml,dynamic_cv,grid,utility,utility,none,0,0,,potential_verified_cov_coalition_game,6,,3;17;18,17,,{},"{""17"": 14123}",0,0.0,10,40.0,60.0,20.0,250000,562672,249968,5.0,sgcp-density-cap,1,ns3,899,0.5,10,12,28,,,[],[],,,11,19,
2026_07_29_02_32_08,000078,4,all-cluster-heads,docs\doc_workspace\SGCP\artifacts\early_from_late_checkpoint_20260719\enable_coperception_early_from_attentive.yaml,dynamic_cv,grid,utility,utility,none,0,0,,potential_verified_cov_coalition_game,6,,4;8;12,4;8;12,8;12,"{""8"": 13, ""12"": 12}","{""4"": 13750, ""8"": 2432, ""12"": 2616}",80768,23.27919911012236,10,40.0,60.0,20.0,250000,555408,249824,5.0,sgcp-density-cap,1,ns3,899,0.5,10,12,28,,,[],[],8>4:9;12>4:0,,27,50,
2026_07_29_02_32_08,000078,11,all-cluster-heads,docs\doc_workspace\SGCP\artifacts\early_from_late_checkpoint_20260719\enable_coperception_early_from_attentive.yaml,dynamic_cv,grid,utility,utility,none,0,0,,potential_verified_cov_coalition_game,6,,1;2;11;19,11;2;19,2;19,"{""2"": 13, ""19"": 13}","{""2"": 3187, ""11"": 13862, ""19"": 3799}",111776,33.806451612903224,10,40.0,60.0,20.0,250000,555408,249824,5.0,sgcp-density-cap,1,ns3,899,0.5,10,12,28,,,[],[],2>11:7;19>11:1,,24,51,
2026_07_29_02_32_08,000078,13,all-cluster-heads,docs\doc_workspace\SGCP\artifacts\early_from_late_checkpoint_20260719\enable_coperception_early_from_attentive.yaml,dynamic_cv,grid,utility,utility,none,0,0,,potential_verified_cov_coalition_game,6,,9;10;13;14,13;14,14,"{""14"": 7}","{""13"": 13583, ""14"": 3500}",56000,31.14571746384872,10,40.0,60.0,20.0,250000,555408,249824,5.0,sgcp-density-cap,1,ns3,899,0.5,10,12,28,,,[],[],14>13:2,,5,18,
2026_07_29_02_32_08,000078,15,all-cluster-heads,docs\doc_workspace\SGCP\artifacts\early_from_late_checkpoint_20260719\enable_coperception_early_from_attentive.yaml,dynamic_cv,grid,utility,utility,none,0,0,,potential_verified_cov_coalition_game,6,,6;15,15,,{},"{""15"": 13505}",0,0.0,10,40.0,60.0,20.0,250000,555408,249824,5.0,sgcp-density-cap,1,ns3,899,0.5,10,12,28,,,[],[],,,16,21,
2026_07_29_02_32_08,000078,16,all-cluster-heads,docs\doc_workspace\SGCP\artifacts\early_from_late_checkpoint_20260719\enable_coperception_early_from_attentive.yaml,dynamic_cv,grid,utility,utility,none,0,0,,potential_verified_cov_coalition_game,6,,5;7;16;20,16,,{},"{""16"": 13902}",0,0.0,10,40.0,60.0,20.0,250000,555408,249824,5.0,sgcp-density-cap,1,ns3,899,0.5,10,12,28,,,[],[],,,20,31,
2026_07_29_02_32_08,000078,17,all-cluster-heads,docs\doc_workspace\SGCP\artifacts\early_from_late_checkpoint_20260719\enable_coperception_early_from_attentive.yaml,dynamic_cv,grid,utility,utility,none,0,0,,potential_verified_cov_coalition_game,6,,3;17;18,17;18,18,"{""18"": 1}","{""17"": 14122, ""18"": 80}",1280,0.7119021134593994,10,40.0,60.0,20.0,250000,555408,249824,5.0,sgcp-density-cap,1,ns3,899,0.5,10,12,28,,,[],[],18>17:8,,10,19,
2026_07_29_02_32_08,000080,11,all-cluster-heads,docs\doc_workspace\SGCP\artifacts\early_from_late_checkpoint_20260719\enable_coperception_early_from_attentive.yaml,dynamic_cv,grid,utility,utility,none,0,0,,potential_verified_cov_coalition_game,6,,1;2;11;19,11;2;19,2;19,"{""2"": 13, ""19"": 13}","{""2"": 3179, ""11"": 13866, ""19"": 3803}",111712,33.8420467185762,10,40.0,60.0,20.0,250000,579296,249936,5.0,sgcp-density-cap,1,ns3,899,0.5,10,12,28,,,[],[],2>11:7;19>11:0,,24,50,
2026_07_29_02_32_08,000080,12,all-cluster-heads,docs\doc_workspace\SGCP\artifacts\early_from_late_checkpoint_20260719\enable_coperception_early_from_attentive.yaml,dynamic_cv,grid,utility,utility,none,0,0,,potential_verified_cov_coalition_game,6,,4;7;8;12,12;7;8,7;8,"{""7"": 13, ""8"": 13}","{""7"": 3713, ""8"": 2862, ""12"": 13953}",105200,33.04115684093437,10,40.0,60.0,20.0,250000,579296,249936,5.0,sgcp-density-cap,1,ns3,899,0.5,10,12,28,,,[],[],7>12:1;8>12:9,,32,57,
2026_07_29_02_32_08,000080,13,all-cluster-heads,docs\doc_workspace\SGCP\artifacts\early_from_late_checkpoint_20260719\enable_coperception_early_from_attentive.yaml,dynamic_cv,grid,utility,utility,none,0,0,,potential_verified_cov_coalition_game,6,,9;10;13;14,13;14,14,"{""14"": 4}","{""13"": 13628, ""14"": 2000}",32000,17.797552836484982,10,40.0,60.0,20.0,250000,579296,249936,5.0,sgcp-density-cap,1,ns3,899,0.5,10,12,28,,,[],[],14>13:2,,4,18,
2026_07_29_02_32_08,000080,15,all-cluster-heads,docs\doc_workspace\SGCP\artifacts\early_from_late_checkpoint_20260719\enable_coperception_early_from_attentive.yaml,dynamic_cv,grid,utility,utility,none,0,0,,potential_verified_cov_coalition_game,6,,6;15,15,,{},"{""15"": 13527}",0,0.0,10,40.0,60.0,20.0,250000,579296,249936,5.0,sgcp-density-cap,1,ns3,899,0.5,10,12,28,,,[],[],,,14,21,
2026_07_29_02_32_08,000080,16,all-cluster-heads,docs\doc_workspace\SGCP\artifacts\early_from_late_checkpoint_20260719\enable_coperception_early_from_attentive.yaml,dynamic_cv,grid,utility,utility,none,0,0,,potential_verified_cov_coalition_game,6,,5;16;20,16;20,20,"{""20"": 1}","{""16"": 13918, ""20"": 64}",1024,0.5695216907675195,10,40.0,60.0,20.0,250000,579296,249936,5.0,sgcp-density-cap,1,ns3,899,0.5,10,12,28,,,[],[],20>16:4,,15,35,
2026_07_29_02_32_08,000080,17,all-cluster-heads,docs\doc_workspace\SGCP\artifacts\early_from_late_checkpoint_20260719\enable_coperception_early_from_attentive.yaml,dynamic_cv,grid,utility,utility,none,0,0,,potential_verified_cov_coalition_game,6,,3;17;18,17,,{},"{""17"": 14129}",0,0.0,10,40.0,60.0,20.0,250000,579296,249936,5.0,sgcp-density-cap,1,ns3,899,0.5,10,12,28,,,[],[],,,10,20,
2026_07_29_02_32_08,000082,1,all-cluster-heads,docs\doc_workspace\SGCP\artifacts\early_from_late_checkpoint_20260719\enable_coperception_early_from_attentive.yaml,dynamic_cv,grid,utility,utility,none,0,0,,potential_verified_cov_coalition_game,7,,1;2;8;11,1;2;11,2;11,"{""2"": 13, ""11"": 13}","{""1"": 13971, ""2"": 3716, ""11"": 2173}",94224,33.0678531701891,10,40.0,60.0,20.0,250000,526784,249616,5.0,sgcp-density-cap,1,ns3,899,0.5,10,12,28,,,[],[],2>1:0;11>1:9,,27,50,
2026_07_29_02_32_08,000082,10,all-cluster-heads,docs\doc_workspace\SGCP\artifacts\early_from_late_checkpoint_20260719\enable_coperception_early_from_attentive.yaml,dynamic_cv,grid,utility,utility,none,0,0,,potential_verified_cov_coalition_game,7,,9;10,10;9,9,"{""9"": 13}","{""9"": 2759, ""10"": 13992}",44144,24.551724137931036,10,40.0,60.0,20.0,250000,526784,249616,5.0,sgcp-density-cap,1,ns3,899,0.5,10,12,28,,,[],[],9>10:1,,19,38,
2026_07_29_02_32_08,000082,12,all-cluster-heads,docs\doc_workspace\SGCP\artifacts\early_from_late_checkpoint_20260719\enable_coperception_early_from_attentive.yaml,dynamic_cv,grid,utility,utility,none,0,0,,potential_verified_cov_coalition_game,7,,4;7;12,12;7,7,"{""7"": 13}","{""7"": 3700, ""12"": 13970}",59200,32.925472747497224,10,40.0,60.0,20.0,250000,526784,249616,5.0,sgcp-density-cap,1,ns3,899,0.5,10,12,28,,,[],[],7>12:2,,17,44,
2026_07_29_02_32_08,000082,13,all-cluster-heads,docs\doc_workspace\SGCP\artifacts\early_from_late_checkpoint_20260719\enable_coperception_early_from_attentive.yaml,dynamic_cv,grid,utility,utility,none,0,0,,potential_verified_cov_coalition_game,7,,13;14;19,13;14,14,"{""14"": 7}","{""13"": 13604, ""14"": 3253}",52048,28.947719688542822,10,40.0,60.0,20.0,250000,526784,249616,5.0,sgcp-density-cap,1,ns3,899,0.5,10,12,28,,,[],[],14>13:3,,5,18,
2026_07_29_02_32_08,000082,15,all-cluster-heads,docs\doc_workspace\SGCP\artifacts\early_from_late_checkpoint_20260719\enable_coperception_early_from_attentive.yaml,dynamic_cv,grid,utility,utility,none,0,0,,potential_verified_cov_coalition_game,7,,6;15,15,,{},"{""15"": 13530}",0,0.0,10,40.0,60.0,20.0,250000,526784,249616,5.0,sgcp-density-cap,1,ns3,899,0.5,10,12,28,,,[],[],,,17,22,
2026_07_29_02_32_08,000082,17,all-cluster-heads,docs\doc_workspace\SGCP\artifacts\early_from_late_checkpoint_20260719\enable_coperception_early_from_attentive.yaml,dynamic_cv,grid,utility,utility,none,0,0,,potential_verified_cov_coalition_game,7,,3;16;17;18,17,,{},"{""17"": 14138}",0,0.0,10,40.0,60.0,20.0,250000,526784,249616,5.0,sgcp-density-cap,1,ns3,899,0.5,10,12,28,,,[],[],,,10,19,
2026_07_29_02_32_08,000082,20,all-cluster-heads,docs\doc_workspace\SGCP\artifacts\early_from_late_checkpoint_20260719\enable_coperception_early_from_attentive.yaml,dynamic_cv,grid,utility,utility,none,0,0,,potential_verified_cov_coalition_game,7,,5;20,20,,{},"{""20"": 13917}",0,0.0,10,40.0,60.0,20.0,250000,526784,249616,5.0,sgcp-density-cap,1,ns3,899,0.5,10,12,28,,,[],[],,,21,32,
2026_07_29_02_32_08,000084,1,all-cluster-heads,docs\doc_workspace\SGCP\artifacts\early_from_late_checkpoint_20260719\enable_coperception_early_from_attentive.yaml,dynamic_cv,grid,utility,utility,none,0,0,,potential_verified_cov_coalition_game,7,,1;2;8;11,1;2;11,2;11,"{""2"": 13, ""11"": 13}","{""1"": 13971, ""2"": 3667, ""11"": 2173}",93440,32.63181312569522,10,40.0,60.0,20.0,250000,527232,249888,5.0,sgcp-density-cap,1,ns3,899,0.5,10,12,28,,,[],[],2>1:0;11>1:9,,25,48,
2026_07_29_02_32_08,000084,10,all-cluster-heads,docs\doc_workspace\SGCP\artifacts\early_from_late_checkpoint_20260719\enable_coperception_early_from_attentive.yaml,dynamic_cv,grid,utility,utility,none,0,0,,potential_verified_cov_coalition_game,7,,9;10,10;9,9,"{""9"": 13}","{""9"": 2754, ""10"": 13992}",44064,24.507230255839822,10,40.0,60.0,20.0,250000,527232,249888,5.0,sgcp-density-cap,1,ns3,899,0.5,10,12,28,,,[],[],9>10:1,,21,37,
2026_07_29_02_32_08,000084,12,all-cluster-heads,docs\doc_workspace\SGCP\artifacts\early_from_late_checkpoint_20260719\enable_coperception_early_from_attentive.yaml,dynamic_cv,grid,utility,utility,none,0,0,,potential_verified_cov_coalition_game,7,,4;7;12,12;7,7,"{""7"": 13}","{""7"": 3721, ""12"": 14013}",59536,33.11234705228031,10,40.0,60.0,20.0,250000,527232,249888,5.0,sgcp-density-cap,1,ns3,899,0.5,10,12,28,,,[],[],7>12:2,,17,41,
2026_07_29_02_32_08,000084,13,all-cluster-heads,docs\doc_workspace\SGCP\artifacts\early_from_late_checkpoint_20260719\enable_coperception_early_from_attentive.yaml,dynamic_cv,grid,utility,utility,none,0,0,,potential_verified_cov_coalition_game,7,,13;14;19,13;14,14,"{""14"": 7}","{""13"": 13586, ""14"": 3235}",51760,28.78754171301446,10,40.0,60.0,20.0,250000,527232,249888,5.0,sgcp-density-cap,1,ns3,899,0.5,10,12,28,,,[],[],14>13:3,,5,17,
2026_07_29_02_32_08,000084,15,all-cluster-heads,docs\doc_workspace\SGCP\artifacts\early_from_late_checkpoint_20260719\enable_coperception_early_from_attentive.yaml,dynamic_cv,grid,utility,utility,none,0,0,,potential_verified_cov_coalition_game,7,,6;15,15,,{},"{""15"": 13532}",0,0.0,10,40.0,60.0,20.0,250000,527232,249888,5.0,sgcp-density-cap,1,ns3,899,0.5,10,12,28,,,[],[],,,16,22,
2026_07_29_02_32_08,000084,17,all-cluster-heads,docs\doc_workspace\SGCP\artifacts\early_from_late_checkpoint_20260719\enable_coperception_early_from_attentive.yaml,dynamic_cv,grid,utility,utility,none,0,0,,potential_verified_cov_coalition_game,7,,3;16;17;18,17,,{},"{""17"": 14146}",0,0.0,10,40.0,60.0,20.0,250000,527232,249888,5.0,sgcp-density-cap,1,ns3,899,0.5,10,12,28,,,[],[],,,12,19,
2026_07_29_02_32_08,000084,20,all-cluster-heads,docs\doc_workspace\SGCP\artifacts\early_from_late_checkpoint_20260719\enable_coperception_early_from_attentive.yaml,dynamic_cv,grid,utility,utility,none,0,0,,potential_verified_cov_coalition_game,7,,5;20,20;5,5,"{""5"": 1}","{""5"": 68, ""20"": 13917}",1088,0.6051167964404894,10,40.0,60.0,20.0,250000,527232,249888,5.0,sgcp-density-cap,1,ns3,899,0.5,10,12,28,,,[],[],5>20:6,,21,36,
2026_07_29_02_32_08,000086,1,all-cluster-heads,docs\doc_workspace\SGCP\artifacts\early_from_late_checkpoint_20260719\enable_coperception_early_from_attentive.yaml,dynamic_cv,grid,utility,utility,none,0,0,,potential_verified_cov_coalition_game,7,,1;2;8;11,1;2;11,2;11,"{""2"": 13, ""11"": 13}","{""1"": 13972, ""2"": 3624, ""11"": 2173}",92752,32.24916573971079,10,40.0,60.0,20.0,250000,527872,249056,5.0,sgcp-density-cap,1,ns3,899,0.5,10,12,28,,,[],[],2>1:0;11>1:9,,28,49,
2026_07_29_02_32_08,000086,10,all-cluster-heads,docs\doc_workspace\SGCP\artifacts\early_from_late_checkpoint_20260719\enable_coperception_early_from_attentive.yaml,dynamic_cv,grid,utility,utility,none,0,0,,potential_verified_cov_coalition_game,7,,9;10,10;9,9,"{""9"": 13}","{""9"": 2759, ""10"": 14000}",44144,24.551724137931036,10,40.0,60.0,20.0,250000,527872,249056,5.0,sgcp-density-cap,1,ns3,899,0.5,10,12,28,,,[],[],9>10:1,,21,39,
2026_07_29_02_32_08,000086,12,all-cluster-heads,docs\doc_workspace\SGCP\artifacts\early_from_late_checkpoint_20260719\enable_coperception_early_from_attentive.yaml,dynamic_cv,grid,utility,utility,none,0,0,,potential_verified_cov_coalition_game,7,,4;7;12,12;7,7,"{""7"": 13}","{""7"": 3718, ""12"": 14037}",59488,33.08565072302559,10,40.0,60.0,20.0,250000,527872,249056,5.0,sgcp-density-cap,1,ns3,899,0.5,10,12,28,,,[],[],7>12:2,,16,43,
2026_07_29_02_32_08,000086,13,all-cluster-heads,docs\doc_workspace\SGCP\artifacts\early_from_late_checkpoint_20260719\enable_coperception_early_from_attentive.yaml,dynamic_cv,grid,utility,utility,none,0,0,,potential_verified_cov_coalition_game,7,,13;14;19,13;14,14,"{""14"": 7}","{""13"": 13599, ""14"": 3292}",52672,29.29477196885428,10,40.0,60.0,20.0,250000,527872,249056,5.0,sgcp-density-cap,1,ns3,899,0.5,10,12,28,,,[],[],14>13:3,,3,15,
2026_07_29_02_32_08,000086,15,all-cluster-heads,docs\doc_workspace\SGCP\artifacts\early_from_late_checkpoint_20260719\enable_coperception_early_from_attentive.yaml,dynamic_cv,grid,utility,utility,none,0,0,,potential_verified_cov_coalition_game,7,,6;15,15,,{},"{""15"": 13534}",0,0.0,10,40.0,60.0,20.0,250000,527872,249056,5.0,sgcp-density-cap,1,ns3,899,0.5,10,12,28,,,[],[],,,15,23,
2026_07_29_02_32_08,000086,17,all-cluster-heads,docs\doc_workspace\SGCP\artifacts\early_from_late_checkpoint_20260719\enable_coperception_early_from_attentive.yaml,dynamic_cv,grid,utility,utility,none,0,0,,potential_verified_cov_coalition_game,7,,3;16;17;18,17,,{},"{""17"": 14140}",0,0.0,10,40.0,60.0,20.0,250000,527872,249056,5.0,sgcp-density-cap,1,ns3,899,0.5,10,12,28,,,[],[],,,10,19,
2026_07_29_02_32_08,000086,20,all-cluster-heads,docs\doc_workspace\SGCP\artifacts\early_from_late_checkpoint_20260719\enable_coperception_early_from_attentive.yaml,dynamic_cv,grid,utility,utility,none,0,0,,potential_verified_cov_coalition_game,7,,5;20,20,,{},"{""20"": 13917}",0,0.0,10,40.0,60.0,20.0,250000,527872,249056,5.0,sgcp-density-cap,1,ns3,899,0.5,10,12,28,,,[],[],,,23,32,
2026_07_29_02_32_08,000088,1,all-cluster-heads,docs\doc_workspace\SGCP\artifacts\early_from_late_checkpoint_20260719\enable_coperception_early_from_attentive.yaml,dynamic_cv,grid,utility,utility,none,0,0,,potential_verified_cov_coalition_game,7,,1;2;8;11,1;2;11,2;11,"{""2"": 13, ""11"": 13}","{""1"": 13967, ""2"": 3598, ""11"": 2168}",92256,32.017797552836484,10,40.0,60.0,20.0,250000,528192,249776,5.0,sgcp-density-cap,1,ns3,899,0.5,10,12,28,,,[],[],2>1:0;11>1:9,,27,49,
2026_07_29_02_32_08,000088,10,all-cluster-heads,docs\doc_workspace\SGCP\artifacts\early_from_late_checkpoint_20260719\enable_coperception_early_from_attentive.yaml,dynamic_cv,grid,utility,utility,none,0,0,,potential_verified_cov_coalition_game,7,,9;10,10;9,9,"{""9"": 13}","{""9"": 2762, ""10"": 13995}",44192,24.57842046718576,10,40.0,60.0,20.0,250000,528192,249776,5.0,sgcp-density-cap,1,ns3,899,0.5,10,12,28,,,[],[],9>10:1,,22,39,
2026_07_29_02_32_08,000088,12,all-cluster-heads,docs\doc_workspace\SGCP\artifacts\early_from_late_checkpoint_20260719\enable_coperception_early_from_attentive.yaml,dynamic_cv,grid,utility,utility,none,0,0,,potential_verified_cov_coalition_game,7,,4;7;12,12;7,7,"{""7"": 13}","{""7"": 3727, ""12"": 14084}",59632,33.165739710789765,10,40.0,60.0,20.0,250000,528192,249776,5.0,sgcp-density-cap,1,ns3,899,0.5,10,12,28,,,[],[],7>12:2,,17,44,
2026_07_29_02_32_08,000088,13,all-cluster-heads,docs\doc_workspace\SGCP\artifacts\early_from_late_checkpoint_20260719\enable_coperception_early_from_attentive.yaml,dynamic_cv,grid,utility,utility,none,0,0,,potential_verified_cov_coalition_game,7,,13;14;19,13;14;19,14;19,"{""14"": 7, ""19"": 1}","{""13"": 13598, ""14"": 3237, ""19"": 119}",53696,28.805339265850943,10,40.0,60.0,20.0,250000,528192,249776,5.0,sgcp-density-cap,1,ns3,899,0.5,10,12,28,,,[],[],14>13:3;19>13:8,,3,27,
2026_07_29_02_32_08,000088,15,all-cluster-heads,docs\doc_workspace\SGCP\artifacts\early_from_late_checkpoint_20260719\enable_coperception_early_from_attentive.yaml,dynamic_cv,grid,utility,utility,none,0,0,,potential_verified_cov_coalition_game,7,,6;15,15,,{},"{""15"": 13521}",0,0.0,10,40.0,60.0,20.0,250000,528192,249776,5.0,sgcp-density-cap,1,ns3,899,0.5,10,12,28,,,[],[],,,15,23,
2026_07_29_02_32_08,000088,17,all-cluster-heads,docs\doc_workspace\SGCP\artifacts\early_from_late_checkpoint_20260719\enable_coperception_early_from_attentive.yaml,dynamic_cv,grid,utility,utility,none,0,0,,potential_verified_cov_coalition_game,7,,3;16;17;18,17,,{},"{""17"": 14155}",0,0.0,10,40.0,60.0,20.0,250000,528192,249776,5.0,sgcp-density-cap,1,ns3,899,0.5,10,12,28,,,[],[],,,10,20,
2026_07_29_02_32_08,000088,20,all-cluster-heads,docs\doc_workspace\SGCP\artifacts\early_from_late_checkpoint_20260719\enable_coperception_early_from_attentive.yaml,dynamic_cv,grid,utility,utility,none,0,0,,potential_verified_cov_coalition_game,7,,5;20,20,,{},"{""20"": 13915}",0,0.0,10,40.0,60.0,20.0,250000,528192,249776,5.0,sgcp-density-cap,1,ns3,899,0.5,10,12,28,,,[],[],,,23,32,
2026_07_29_02_32_08,000090,1,all-cluster-heads,docs\doc_workspace\SGCP\artifacts\early_from_late_checkpoint_20260719\enable_coperception_early_from_attentive.yaml,dynamic_cv,grid,utility,utility,none,0,0,,potential_verified_cov_coalition_game,7,,1;2;8;11,1;2;11,2;11,"{""2"": 13, ""11"": 13}","{""1"": 13964, ""2"": 3586, ""11"": 2164}",92000,31.911012235817577,10,40.0,60.0,20.0,250000,526544,249824,5.0,sgcp-density-cap,1,ns3,899,0.5,10,12,28,,,[],[],2>1:0;11>1:9,,25,49,
2026_07_29_02_32_08,000090,10,all-cluster-heads,docs\doc_workspace\SGCP\artifacts\early_from_late_checkpoint_20260719\enable_coperception_early_from_attentive.yaml,dynamic_cv,grid,utility,utility,none,0,0,,potential_verified_cov_coalition_game,7,,9;10,10;9,9,"{""9"": 13}","{""9"": 2760, ""10"": 13989}",44160,24.560622914349278,10,40.0,60.0,20.0,250000,526544,249824,5.0,sgcp-density-cap,1,ns3,899,0.5,10,12,28,,,[],[],9>10:1,,23,39,
2026_07_29_02_32_08,000090,12,all-cluster-heads,docs\doc_workspace\SGCP\artifacts\early_from_late_checkpoint_20260719\enable_coperception_early_from_attentive.yaml,dynamic_cv,grid,utility,utility,none,0,0,,potential_verified_cov_coalition_game,7,,4;7;12,12;7,7,"{""7"": 13}","{""7"": 3772, ""12"": 14081}",60352,33.566184649610676,10,40.0,60.0,20.0,250000,526544,249824,5.0,sgcp-density-cap,1,ns3,899,0.5,10,12,28,,,[],[],7>12:2,,16,42,
2026_07_29_02_32_08,000090,13,all-cluster-heads,docs\doc_workspace\SGCP\artifacts\early_from_late_checkpoint_20260719\enable_coperception_early_from_attentive.yaml,dynamic_cv,grid,utility,utility,none,0,0,,potential_verified_cov_coalition_game,7,,13;14;19,13;14;19,14;19,"{""14"": 7, ""19"": 1}","{""13"": 13587, ""14"": 3213, ""19"": 119}",53312,28.591768631813125,10,40.0,60.0,20.0,250000,526544,249824,5.0,sgcp-density-cap,1,ns3,899,0.5,10,12,28,,,[],[],14>13:3;19>13:8,,3,27,
2026_07_29_02_32_08,000090,15,all-cluster-heads,docs\doc_workspace\SGCP\artifacts\early_from_late_checkpoint_20260719\enable_coperception_early_from_attentive.yaml,dynamic_cv,grid,utility,utility,none,0,0,,potential_verified_cov_coalition_game,7,,6;15,15,,{},"{""15"": 13534}",0,0.0,10,40.0,60.0,20.0,250000,526544,249824,5.0,sgcp-density-cap,1,ns3,899,0.5,10,12,28,,,[],[],,,16,22,
2026_07_29_02_32_08,000090,17,all-cluster-heads,docs\doc_workspace\SGCP\artifacts\early_from_late_checkpoint_20260719\enable_coperception_early_from_attentive.yaml,dynamic_cv,grid,utility,utility,none,0,0,,potential_verified_cov_coalition_game,7,,3;16;17;18,17,,{},"{""17"": 14164}",0,0.0,10,40.0,60.0,20.0,250000,526544,249824,5.0,sgcp-density-cap,1,ns3,899,0.5,10,12,28,,,[],[],,,11,21,
2026_07_29_02_32_08,000090,20,all-cluster-heads,docs\doc_workspace\SGCP\artifacts\early_from_late_checkpoint_20260719\enable_coperception_early_from_attentive.yaml,dynamic_cv,grid,utility,utility,none,0,0,,potential_verified_cov_coalition_game,7,,5;20,20,,{},"{""20"": 13914}",0,0.0,10,40.0,60.0,20.0,250000,526544,249824,5.0,sgcp-density-cap,1,ns3,899,0.5,10,12,28,,,[],[],,,20,32,
2026_07_29_02_32_08,000092,1,all-cluster-heads,docs\doc_workspace\SGCP\artifacts\early_from_late_checkpoint_20260719\enable_coperception_early_from_attentive.yaml,dynamic_cv,grid,utility,utility,none,0,0,,potential_verified_cov_coalition_game,7,,1;2;8;11,1;2;11,2;11,"{""2"": 13, ""11"": 13}","{""1"": 13964, ""2"": 3588, ""11"": 2151}",91824,31.92880978865406,10,40.0,60.0,20.0,250000,527648,249424,5.0,sgcp-density-cap,1,ns3,899,0.5,10,12,28,,,[],[],2>1:0;11>1:9,,25,48,
2026_07_29_02_32_08,000092,10,all-cluster-heads,docs\doc_workspace\SGCP\artifacts\early_from_late_checkpoint_20260719\enable_coperception_early_from_attentive.yaml,dynamic_cv,grid,utility,utility,none,0,0,,potential_verified_cov_coalition_game,7,,9;10,10;9,9,"{""9"": 13}","{""9"": 2758, ""10"": 13986}",44128,24.542825361512794,10,40.0,60.0,20.0,250000,527648,249424,5.0,sgcp-density-cap,1,ns3,899,0.5,10,12,28,,,[],[],9>10:1,,21,39,
2026_07_29_02_32_08,000092,12,all-cluster-heads,docs\doc_workspace\SGCP\artifacts\early_from_late_checkpoint_20260719\enable_coperception_early_from_attentive.yaml,dynamic_cv,grid,utility,utility,none,0,0,,potential_verified_cov_coalition_game,7,,4;7;12,12;7,7,"{""7"": 13}","{""7"": 3783, ""12"": 14115}",60528,33.664071190211345,10,40.0,60.0,20.0,250000,527648,249424,5.0,sgcp-density-cap,1,ns3,899,0.5,10,12,28,,,[],[],7>12:2,,15,44,
2026_07_29_02_32_08,000092,13,all-cluster-heads,docs\doc_workspace\SGCP\artifacts\early_from_late_checkpoint_20260719\enable_coperception_early_from_attentive.yaml,dynamic_cv,grid,utility,utility,none,0,0,,potential_verified_cov_coalition_game,7,,13;14;19,13;14,14,"{""14"": 7}","{""13"": 13577, ""14"": 3309}",52944,29.446051167964402,10,40.0,60.0,20.0,250000,527648,249424,5.0,sgcp-density-cap,1,ns3,899,0.5,10,12,28,,,[],[],14>13:3,,4,14,
2026_07_29_02_32_08,000092,15,all-cluster-heads,docs\doc_workspace\SGCP\artifacts\early_from_late_checkpoint_20260719\enable_coperception_early_from_attentive.yaml,dynamic_cv,grid,utility,utility,none,0,0,,potential_verified_cov_coalition_game,7,,6;15,15,,{},"{""15"": 13570}",0,0.0,10,40.0,60.0,20.0,250000,527648,249424,5.0,sgcp-density-cap,1,ns3,899,0.5,10,12,28,,,[],[],,,17,22,
2026_07_29_02_32_08,000092,17,all-cluster-heads,docs\doc_workspace\SGCP\artifacts\early_from_late_checkpoint_20260719\enable_coperception_early_from_attentive.yaml,dynamic_cv,grid,utility,utility,none,0,0,,potential_verified_cov_coalition_game,7,,3;16;17;18,17,,{},"{""17"": 14182}",0,0.0,10,40.0,60.0,20.0,250000,527648,249424,5.0,sgcp-density-cap,1,ns3,899,0.5,10,12,28,,,[],[],,,13,20,
2026_07_29_02_32_08,000092,20,all-cluster-heads,docs\doc_workspace\SGCP\artifacts\early_from_late_checkpoint_20260719\enable_coperception_early_from_attentive.yaml,dynamic_cv,grid,utility,utility,none,0,0,,potential_verified_cov_coalition_game,7,,5;20,20,,{},"{""20"": 13912}",0,0.0,10,40.0,60.0,20.0,250000,527648,249424,5.0,sgcp-density-cap,1,ns3,899,0.5,10,12,28,,,[],[],,,23,33,
2026_07_29_02_32_08,000094,1,all-cluster-heads,docs\doc_workspace\SGCP\artifacts\early_from_late_checkpoint_20260719\enable_coperception_early_from_attentive.yaml,dynamic_cv,grid,utility,utility,none,0,0,,potential_verified_cov_coalition_game,7,,1;2;8;11,1;2;11,2;11,"{""2"": 13, ""11"": 13}","{""1"": 13962, ""2"": 3587, ""11"": 2145}",91712,31.91991101223582,10,40.0,60.0,20.0,250000,530352,249280,5.0,sgcp-density-cap,1,ns3,899,0.5,10,12,28,,,[],[],2>1:0;11>1:9,,25,48,
2026_07_29_02_32_08,000094,10,all-cluster-heads,docs\doc_workspace\SGCP\artifacts\early_from_late_checkpoint_20260719\enable_coperception_early_from_attentive.yaml,dynamic_cv,grid,utility,utility,none,0,0,,potential_verified_cov_coalition_game,7,,9;10,10;9,9,"{""9"": 13}","{""9"": 2759, ""10"": 13987}",44144,24.551724137931036,10,40.0,60.0,20.0,250000,530352,249280,5.0,sgcp-density-cap,1,ns3,899,0.5,10,12,28,,,[],[],9>10:1,,22,40,
2026_07_29_02_32_08,000094,12,all-cluster-heads,docs\doc_workspace\SGCP\artifacts\early_from_late_checkpoint_20260719\enable_coperception_early_from_attentive.yaml,dynamic_cv,grid,utility,utility,none,0,0,,potential_verified_cov_coalition_game,7,,4;7;12,12;7,7,"{""7"": 13}","{""7"": 3852, ""12"": 14132}",61632,34.27808676307008,10,40.0,60.0,20.0,250000,530352,249280,5.0,sgcp-density-cap,1,ns3,899,0.5,10,12,28,,,[],[],7>12:2,,15,42,
2026_07_29_02_32_08,000094,13,all-cluster-heads,docs\doc_workspace\SGCP\artifacts\early_from_late_checkpoint_20260719\enable_coperception_early_from_attentive.yaml,dynamic_cv,grid,utility,utility,none,0,0,,potential_verified_cov_coalition_game,7,,13;14;19,13;14,14,"{""14"": 7}","{""13"": 13577, ""14"": 3237}",51792,28.805339265850943,10,40.0,60.0,20.0,250000,530352,249280,5.0,sgcp-density-cap,1,ns3,899,0.5,10,12,28,,,[],[],14>13:3,,3,14,
2026_07_29_02_32_08,000094,15,all-cluster-heads,docs\doc_workspace\SGCP\artifacts\early_from_late_checkpoint_20260719\enable_coperception_early_from_attentive.yaml,dynamic_cv,grid,utility,utility,none,0,0,,potential_verified_cov_coalition_game,7,,6;15,15,,{},"{""15"": 13568}",0,0.0,10,40.0,60.0,20.0,250000,530352,249280,5.0,sgcp-density-cap,1,ns3,899,0.5,10,12,28,,,[],[],,,17,24,
2026_07_29_02_32_08,000094,17,all-cluster-heads,docs\doc_workspace\SGCP\artifacts\early_from_late_checkpoint_20260719\enable_coperception_early_from_attentive.yaml,dynamic_cv,grid,utility,utility,none,0,0,,potential_verified_cov_coalition_game,7,,3;16;17;18,17,,{},"{""17"": 14181}",0,0.0,10,40.0,60.0,20.0,250000,530352,249280,5.0,sgcp-density-cap,1,ns3,899,0.5,10,12,28,,,[],[],,,12,20,
2026_07_29_02_32_08,000094,20,all-cluster-heads,docs\doc_workspace\SGCP\artifacts\early_from_late_checkpoint_20260719\enable_coperception_early_from_attentive.yaml,dynamic_cv,grid,utility,utility,none,0,0,,potential_verified_cov_coalition_game,7,,5;20,20,,{},"{""20"": 13905}",0,0.0,10,40.0,60.0,20.0,250000,530352,249280,5.0,sgcp-density-cap,1,ns3,899,0.5,10,12,28,,,[],[],,,22,33,
2026_07_29_02_32_08,000096,1,all-cluster-heads,docs\doc_workspace\SGCP\artifacts\early_from_late_checkpoint_20260719\enable_coperception_early_from_attentive.yaml,dynamic_cv,grid,utility,utility,none,0,0,,potential_verified_cov_coalition_game,7,,1;2;8;11,1;2;11,2;11,"{""2"": 13, ""11"": 13}","{""1"": 13962, ""2"": 3574, ""11"": 2136}",91360,31.804226918798665,10,40.0,60.0,20.0,250000,531632,250000,5.0,sgcp-density-cap,1,ns3,899,0.5,10,12,28,,,[],[],2>1:0;11>1:9,,26,48,
2026_07_29_02_32_08,000096,10,all-cluster-heads,docs\doc_workspace\SGCP\artifacts\early_from_late_checkpoint_20260719\enable_coperception_early_from_attentive.yaml,dynamic_cv,grid,utility,utility,none,0,0,,potential_verified_cov_coalition_game,7,,9;10,10;9,9,"{""9"": 13}","{""9"": 2759, ""10"": 13986}",44144,24.551724137931036,10,40.0,60.0,20.0,250000,531632,250000,5.0,sgcp-density-cap,1,ns3,899,0.5,10,12,28,,,[],[],9>10:1,,23,40,
2026_07_29_02_32_08,000096,12,all-cluster-heads,docs\doc_workspace\SGCP\artifacts\early_from_late_checkpoint_20260719\enable_coperception_early_from_attentive.yaml,dynamic_cv,grid,utility,utility,none,0,0,,potential_verified_cov_coalition_game,7,,4;7;12,12;7,7,"{""7"": 13}","{""7"": 3845, ""12"": 14132}",61520,34.215795328142384,10,40.0,60.0,20.0,250000,531632,250000,5.0,sgcp-density-cap,1,ns3,899,0.5,10,12,28,,,[],[],7>12:2,,15,42,
2026_07_29_02_32_08,000096,13,all-cluster-heads,docs\doc_workspace\SGCP\artifacts\early_from_late_checkpoint_20260719\enable_coperception_early_from_attentive.yaml,dynamic_cv,grid,utility,utility,none,0,0,,potential_verified_cov_coalition_game,7,,13;14;19,13;14,14,"{""14"": 7}","{""13"": 13525, ""14"": 3311}",52976,29.46384872080089,10,40.0,60.0,20.0,250000,531632,250000,5.0,sgcp-density-cap,1,ns3,899,0.5,10,12,28,,,[],[],14>13:3,,2,14,
2026_07_29_02_32_08,000096,15,all-cluster-heads,docs\doc_workspace\SGCP\artifacts\early_from_late_checkpoint_20260719\enable_coperception_early_from_attentive.yaml,dynamic_cv,grid,utility,utility,none,0,0,,potential_verified_cov_coalition_game,7,,6;15,15,,{},"{""15"": 13554}",0,0.0,10,40.0,60.0,20.0,250000,531632,250000,5.0,sgcp-density-cap,1,ns3,899,0.5,10,12,28,,,[],[],,,16,24,
2026_07_29_02_32_08,000096,17,all-cluster-heads,docs\doc_workspace\SGCP\artifacts\early_from_late_checkpoint_20260719\enable_coperception_early_from_attentive.yaml,dynamic_cv,grid,utility,utility,none,0,0,,potential_verified_cov_coalition_game,7,,3;16;17;18,17,,{},"{""17"": 14183}",0,0.0,10,40.0,60.0,20.0,250000,531632,250000,5.0,sgcp-density-cap,1,ns3,899,0.5,10,12,28,,,[],[],,,13,21,
2026_07_29_02_32_08,000096,20,all-cluster-heads,docs\doc_workspace\SGCP\artifacts\early_from_late_checkpoint_20260719\enable_coperception_early_from_attentive.yaml,dynamic_cv,grid,utility,utility,none,0,0,,potential_verified_cov_coalition_game,7,,5;20,20,,{},"{""20"": 13901}",0,0.0,10,40.0,60.0,20.0,250000,531632,250000,5.0,sgcp-density-cap,1,ns3,899,0.5,10,12,28,,,[],[],,,21,33,
2026_07_29_02_32_08,000098,1,all-cluster-heads,docs\doc_workspace\SGCP\artifacts\early_from_late_checkpoint_20260719\enable_coperception_early_from_attentive.yaml,dynamic_cv,grid,utility,utility,none,0,0,,potential_verified_cov_coalition_game,7,,1;2;8;11,1;2;11,2;11,"{""2"": 13, ""11"": 13}","{""1"": 13964, ""2"": 3577, ""11"": 2133}",91360,31.830923248053395,10,40.0,60.0,20.0,250000,533024,249248,5.0,sgcp-density-cap,1,ns3,899,0.5,10,12,28,,,[],[],2>1:0;11>1:9,,26,48,
2026_07_29_02_32_08,000098,10,all-cluster-heads,docs\doc_workspace\SGCP\artifacts\early_from_late_checkpoint_20260719\enable_coperception_early_from_attentive.yaml,dynamic_cv,grid,utility,utility,none,0,0,,potential_verified_cov_coalition_game,7,,9;10,10;9,9,"{""9"": 13}","{""9"": 2758, ""10"": 13986}",44128,24.542825361512794,10,40.0,60.0,20.0,250000,533024,249248,5.0,sgcp-density-cap,1,ns3,899,0.5,10,12,28,,,[],[],9>10:1,,23,40,
2026_07_29_02_32_08,000098,12,all-cluster-heads,docs\doc_workspace\SGCP\artifacts\early_from_late_checkpoint_20260719\enable_coperception_early_from_attentive.yaml,dynamic_cv,grid,utility,utility,none,0,0,,potential_verified_cov_coalition_game,7,,4;7;12,12;7,7,"{""7"": 13}","{""7"": 3897, ""12"": 14159}",62352,34.67853170189099,10,40.0,60.0,20.0,250000,533024,249248,5.0,sgcp-density-cap,1,ns3,899,0.5,10,12,28,,,[],[],7>12:2,,14,41,
2026_07_29_02_32_08,000098,13,all-cluster-heads,docs\doc_workspace\SGCP\artifacts\early_from_late_checkpoint_20260719\enable_coperception_early_from_attentive.yaml,dynamic_cv,grid,utility,utility,none,0,0,,potential_verified_cov_coalition_game,7,,13;14;19,13;14,14,"{""14"": 7}","{""13"": 13562, ""14"": 3213}",51408,28.591768631813125,10,40.0,60.0,20.0,250000,533024,249248,5.0,sgcp-density-cap,1,ns3,899,0.5,10,12,28,,,[],[],14>13:3,,3,14,
2026_07_29_02_32_08,000098,15,all-cluster-heads,docs\doc_workspace\SGCP\artifacts\early_from_late_checkpoint_20260719\enable_coperception_early_from_attentive.yaml,dynamic_cv,grid,utility,utility,none,0,0,,potential_verified_cov_coalition_game,7,,6;15,15,,{},"{""15"": 13584}",0,0.0,10,40.0,60.0,20.0,250000,533024,249248,5.0,sgcp-density-cap,1,ns3,899,0.5,10,12,28,,,[],[],,,16,23,
2026_07_29_02_32_08,000098,17,all-cluster-heads,docs\doc_workspace\SGCP\artifacts\early_from_late_checkpoint_20260719\enable_coperception_early_from_attentive.yaml,dynamic_cv,grid,utility,utility,none,0,0,,potential_verified_cov_coalition_game,7,,3;16;17;18,17,,{},"{""17"": 14193}",0,0.0,10,40.0,60.0,20.0,250000,533024,249248,5.0,sgcp-density-cap,1,ns3,899,0.5,10,12,28,,,[],[],,,13,22,
2026_07_29_02_32_08,000098,20,all-cluster-heads,docs\doc_workspace\SGCP\artifacts\early_from_late_checkpoint_20260719\enable_coperception_early_from_attentive.yaml,dynamic_cv,grid,utility,utility,none,0,0,,potential_verified_cov_coalition_game,7,,5;20,20,,{},"{""20"": 13901}",0,0.0,10,40.0,60.0,20.0,250000,533024,249248,5.0,sgcp-density-cap,1,ns3,899,0.5,10,12,28,,,[],[],,,23,32,
2026_07_29_02_32_08,000100,1,all-cluster-heads,docs\doc_workspace\SGCP\artifacts\early_from_late_checkpoint_20260719\enable_coperception_early_from_attentive.yaml,dynamic_cv,grid,utility,utility,none,0,0,,potential_verified_cov_coalition_game,7,,1;2;8;11,1;2;11,2;11,"{""2"": 13, ""11"": 13}","{""1"": 13960, ""2"": 3568, ""11"": 2129}",91152,31.750834260289214,10,40.0,60.0,20.0,250000,535376,249264,5.0,sgcp-density-cap,1,ns3,899,0.5,10,12,28,,,[],[],2>1:0;11>1:9,,26,48,
2026_07_29_02_32_08,000100,10,all-cluster-heads,docs\doc_workspace\SGCP\artifacts\early_from_late_checkpoint_20260719\enable_coperception_early_from_attentive.yaml,dynamic_cv,grid,utility,utility,none,0,0,,potential_verified_cov_coalition_game,7,,9;10,10;9,9,"{""9"": 13}","{""9"": 2758, ""10"": 13984}",44128,24.542825361512794,10,40.0,60.0,20.0,250000,535376,249264,5.0,sgcp-density-cap,1,ns3,899,0.5,10,12,28,,,[],[],9>10:1,,22,38,
2026_07_29_02_32_08,000100,12,all-cluster-heads,docs\doc_workspace\SGCP\artifacts\early_from_late_checkpoint_20260719\enable_coperception_early_from_attentive.yaml,dynamic_cv,grid,utility,utility,none,0,0,,potential_verified_cov_coalition_game,7,,4;7;12,12;7,7,"{""7"": 13}","{""7"": 3932, ""12"": 14139}",62912,34.98998887652948,10,40.0,60.0,20.0,250000,535376,249264,5.0,sgcp-density-cap,1,ns3,899,0.5,10,12,28,,,[],[],7>12:2,,16,39,
2026_07_29_02_32_08,000100,13,all-cluster-heads,docs\doc_workspace\SGCP\artifacts\early_from_late_checkpoint_20260719\enable_coperception_early_from_attentive.yaml,dynamic_cv,grid,utility,utility,none,0,0,,potential_verified_cov_coalition_game,7,,13;14;19,13;14,14,"{""14"": 7}","{""13"": 13544, ""14"": 3192}",51072,28.404894327030036,10,40.0,60.0,20.0,250000,535376,249264,5.0,sgcp-density-cap,1,ns3,899,0.5,10,12,28,,,[],[],14>13:3,,4,16,
2026_07_29_02_32_08,000100,15,all-cluster-heads,docs\doc_workspace\SGCP\artifacts\early_from_late_checkpoint_20260719\enable_coperception_early_from_attentive.yaml,dynamic_cv,grid,utility,utility,none,0,0,,potential_verified_cov_coalition_game,7,,6;15,15,,{},"{""15"": 13585}",0,0.0,10,40.0,60.0,20.0,250000,535376,249264,5.0,sgcp-density-cap,1,ns3,899,0.5,10,12,28,,,[],[],,,15,25,
2026_07_29_02_32_08,000100,17,all-cluster-heads,docs\doc_workspace\SGCP\artifacts\early_from_late_checkpoint_20260719\enable_coperception_early_from_attentive.yaml,dynamic_cv,grid,utility,utility,none,0,0,,potential_verified_cov_coalition_game,7,,3;16;17;18,17,,{},"{""17"": 14181}",0,0.0,10,40.0,60.0,20.0,250000,535376,249264,5.0,sgcp-density-cap,1,ns3,899,0.5,10,12,28,,,[],[],,,12,20,
2026_07_29_02_32_08,000100,20,all-cluster-heads,docs\doc_workspace\SGCP\artifacts\early_from_late_checkpoint_20260719\enable_coperception_early_from_attentive.yaml,dynamic_cv,grid,utility,utility,none,0,0,,potential_verified_cov_coalition_game,7,,5;20,20,,{},"{""20"": 13900}",0,0.0,10,40.0,60.0,20.0,250000,535376,249264,5.0,sgcp-density-cap,1,ns3,899,0.5,10,12,28,,,[],[],,,23,33,
2026_07_29_02_32_08,000102,1,all-cluster-heads,docs\doc_workspace\SGCP\artifacts\early_from_late_checkpoint_20260719\enable_coperception_early_from_attentive.yaml,dynamic_cv,grid,utility,utility,none,0,0,,potential_verified_cov_coalition_game,7,,1;2;8;11,1;2;11,2;11,"{""2"": 13, ""11"": 13}","{""1"": 13962, ""2"": 3567, ""11"": 2123}",91040,31.74193548387097,10,40.0,60.0,20.0,250000,536464,249856,5.0,sgcp-density-cap,1,ns3,899,0.5,10,12,28,,,[],[],2>1:0;11>1:9,,26,48,
2026_07_29_02_32_08,000102,10,all-cluster-heads,docs\doc_workspace\SGCP\artifacts\early_from_late_checkpoint_20260719\enable_coperception_early_from_attentive.yaml,dynamic_cv,grid,utility,utility,none,0,0,,potential_verified_cov_coalition_game,7,,9;10,10;9,9,"{""9"": 13}","{""9"": 2758, ""10"": 13984}",44128,24.542825361512794,10,40.0,60.0,20.0,250000,536464,249856,5.0,sgcp-density-cap,1,ns3,899,0.5,10,12,28,,,[],[],9>10:1,,22,38,
2026_07_29_02_32_08,000102,12,all-cluster-heads,docs\doc_workspace\SGCP\artifacts\early_from_late_checkpoint_20260719\enable_coperception_early_from_attentive.yaml,dynamic_cv,grid,utility,utility,none,0,0,,potential_verified_cov_coalition_game,7,,4;7;12,12;7,7,"{""7"": 13}","{""7"": 3950, ""12"": 14169}",63200,35.15016685205784,10,40.0,60.0,20.0,250000,536464,249856,5.0,sgcp-density-cap,1,ns3,899,0.5,10,12,28,,,[],[],7>12:2,,13,37,
2026_07_29_02_32_08,000102,13,all-cluster-heads,docs\doc_workspace\SGCP\artifacts\early_from_late_checkpoint_20260719\enable_coperception_early_from_attentive.yaml,dynamic_cv,grid,utility,utility,none,0,0,,potential_verified_cov_coalition_game,7,,13;14;19,13;14,14,"{""14"": 7}","{""13"": 13542, ""14"": 3218}",51488,28.636262513904338,10,40.0,60.0,20.0,250000,536464,249856,5.0,sgcp-density-cap,1,ns3,899,0.5,10,12,28,,,[],[],14>13:3,,3,15,
2026_07_29_02_32_08,000102,15,all-cluster-heads,docs\doc_workspace\SGCP\artifacts\early_from_late_checkpoint_20260719\enable_coperception_early_from_attentive.yaml,dynamic_cv,grid,utility,utility,none,0,0,,potential_verified_cov_coalition_game,7,,6;15,15,,{},"{""15"": 13594}",0,0.0,10,40.0,60.0,20.0,250000,536464,249856,5.0,sgcp-density-cap,1,ns3,899,0.5,10,12,28,,,[],[],,,16,25,
2026_07_29_02_32_08,000102,17,all-cluster-heads,docs\doc_workspace\SGCP\artifacts\early_from_late_checkpoint_20260719\enable_coperception_early_from_attentive.yaml,dynamic_cv,grid,utility,utility,none,0,0,,potential_verified_cov_coalition_game,7,,3;16;17;18,17,,{},"{""17"": 14188}",0,0.0,10,40.0,60.0,20.0,250000,536464,249856,5.0,sgcp-density-cap,1,ns3,899,0.5,10,12,28,,,[],[],,,12,21,
2026_07_29_02_32_08,000102,20,all-cluster-heads,docs\doc_workspace\SGCP\artifacts\early_from_late_checkpoint_20260719\enable_coperception_early_from_attentive.yaml,dynamic_cv,grid,utility,utility,none,0,0,,potential_verified_cov_coalition_game,7,,5;20,20,,{},"{""20"": 13900}",0,0.0,10,40.0,60.0,20.0,250000,536464,249856,5.0,sgcp-density-cap,1,ns3,899,0.5,10,12,28,,,[],[],,,22,33,
2026_07_29_02_32_08,000104,1,all-cluster-heads,docs\doc_workspace\SGCP\artifacts\early_from_late_checkpoint_20260719\enable_coperception_early_from_attentive.yaml,dynamic_cv,grid,utility,utility,none,0,0,,potential_verified_cov_coalition_game,7,,1;2;8;11,1;2;11,2;11,"{""2"": 13, ""11"": 13}","{""1"": 13965, ""2"": 3580, ""11"": 2124}",91264,31.85761957730812,10,40.0,60.0,20.0,250000,537344,249472,5.0,sgcp-density-cap,1,ns3,899,0.5,10,12,28,,,[],[],2>1:0;11>1:9,,26,48,
2026_07_29_02_32_08,000104,10,all-cluster-heads,docs\doc_workspace\SGCP\artifacts\early_from_late_checkpoint_20260719\enable_coperception_early_from_attentive.yaml,dynamic_cv,grid,utility,utility,none,0,0,,potential_verified_cov_coalition_game,7,,9;10,10;9,9,"{""9"": 13}","{""9"": 2757, ""10"": 13985}",44112,24.53392658509455,10,40.0,60.0,20.0,250000,537344,249472,5.0,sgcp-density-cap,1,ns3,899,0.5,10,12,28,,,[],[],9>10:1,,22,38,
2026_07_29_02_32_08,000104,12,all-cluster-heads,docs\doc_workspace\SGCP\artifacts\early_from_late_checkpoint_20260719\enable_coperception_early_from_attentive.yaml,dynamic_cv,grid,utility,utility,none,0,0,,potential_verified_cov_coalition_game,7,,4;7;12,12;7,7,"{""7"": 13}","{""7"": 3991, ""12"": 14167}",63856,35.51501668520579,10,40.0,60.0,20.0,250000,537344,249472,5.0,sgcp-density-cap,1,ns3,899,0.5,10,12,28,,,[],[],7>12:2,,15,37,
2026_07_29_02_32_08,000104,13,all-cluster-heads,docs\doc_workspace\SGCP\artifacts\early_from_late_checkpoint_20260719\enable_coperception_early_from_attentive.yaml,dynamic_cv,grid,utility,utility,none,0,0,,potential_verified_cov_coalition_game,7,,13;14;19,13;14,14,"{""14"": 7}","{""13"": 13509, ""14"": 3140}",50240,27.942157953281423,10,40.0,60.0,20.0,250000,537344,249472,5.0,sgcp-density-cap,1,ns3,899,0.5,10,12,28,,,[],[],14>13:3,,3,15,
2026_07_29_02_32_08,000104,15,all-cluster-heads,docs\doc_workspace\SGCP\artifacts\early_from_late_checkpoint_20260719\enable_coperception_early_from_attentive.yaml,dynamic_cv,grid,utility,utility,none,0,0,,potential_verified_cov_coalition_game,7,,6;15,15,,{},"{""15"": 13579}",0,0.0,10,40.0,60.0,20.0,250000,537344,249472,5.0,sgcp-density-cap,1,ns3,899,0.5,10,12,28,,,[],[],,,16,25,
2026_07_29_02_32_08,000104,17,all-cluster-heads,docs\doc_workspace\SGCP\artifacts\early_from_late_checkpoint_20260719\enable_coperception_early_from_attentive.yaml,dynamic_cv,grid,utility,utility,none,0,0,,potential_verified_cov_coalition_game,7,,3;16;17;18,17,,{},"{""17"": 14180}",0,0.0,10,40.0,60.0,20.0,250000,537344,249472,5.0,sgcp-density-cap,1,ns3,899,0.5,10,12,28,,,[],[],,,13,21,
2026_07_29_02_32_08,000104,20,all-cluster-heads,docs\doc_workspace\SGCP\artifacts\early_from_late_checkpoint_20260719\enable_coperception_early_from_attentive.yaml,dynamic_cv,grid,utility,utility,none,0,0,,potential_verified_cov_coalition_game,7,,5;20,20,,{},"{""20"": 13895}",0,0.0,10,40.0,60.0,20.0,250000,537344,249472,5.0,sgcp-density-cap,1,ns3,899,0.5,10,12,28,,,[],[],,,22,33,
2026_07_29_02_32_08,000106,11,all-cluster-heads,docs\doc_workspace\SGCP\artifacts\early_from_late_checkpoint_20260719\enable_coperception_early_from_attentive.yaml,dynamic_cv,grid,utility,utility,none,0,0,,potential_verified_cov_coalition_game,6,,1;2;11;19,11;2;19,2;19,"{""2"": 13, ""19"": 13}","{""2"": 3008, ""11"": 13864, ""19"": 3811}",109104,33.913236929922135,10,40.0,60.0,20.0,250000,577264,249824,5.0,sgcp-density-cap,1,ns3,899,0.5,10,12,28,,,[],[],2>11:8;19>11:0,,29,49,
2026_07_29_02_32_08,000106,12,all-cluster-heads,docs\doc_workspace\SGCP\artifacts\early_from_late_checkpoint_20260719\enable_coperception_early_from_attentive.yaml,dynamic_cv,grid,utility,utility,none,0,0,,potential_verified_cov_coalition_game,6,,4;7;8;12,12;7;8,7;8,"{""7"": 13, ""8"": 13}","{""7"": 4011, ""8"": 2301, ""12"": 14191}",100992,35.69299221357063,10,40.0,60.0,20.0,250000,577264,249824,5.0,sgcp-density-cap,1,ns3,899,0.5,10,12,28,,,[],[],7>12:1;8>12:9,,20,53,
2026_07_29_02_32_08,000106,13,all-cluster-heads,docs\doc_workspace\SGCP\artifacts\early_from_late_checkpoint_20260719\enable_coperception_early_from_attentive.yaml,dynamic_cv,grid,utility,utility,none,0,0,,potential_verified_cov_coalition_game,6,,9;10;13;14,13;14,14,"{""14"": 5}","{""13"": 13477, ""14"": 2483}",39728,22.095661846496107,10,40.0,60.0,20.0,250000,577264,249824,5.0,sgcp-density-cap,1,ns3,899,0.5,10,12,28,,,[],[],14>13:2,,4,14,
2026_07_29_02_32_08,000106,15,all-cluster-heads,docs\doc_workspace\SGCP\artifacts\early_from_late_checkpoint_20260719\enable_coperception_early_from_attentive.yaml,dynamic_cv,grid,utility,utility,none,0,0,,potential_verified_cov_coalition_game,6,,6;15,15,,{},"{""15"": 13589}",0,0.0,10,40.0,60.0,20.0,250000,577264,249824,5.0,sgcp-density-cap,1,ns3,899,0.5,10,12,28,,,[],[],,,16,25,
2026_07_29_02_32_08,000106,17,all-cluster-heads,docs\doc_workspace\SGCP\artifacts\early_from_late_checkpoint_20260719\enable_coperception_early_from_attentive.yaml,dynamic_cv,grid,utility,utility,none,0,0,,potential_verified_cov_coalition_game,6,,3;16;17;18,17,,{},"{""17"": 14174}",0,0.0,10,40.0,60.0,20.0,250000,577264,249824,5.0,sgcp-density-cap,1,ns3,899,0.5,10,12,28,,,[],[],,,13,21,
2026_07_29_02_32_08,000106,20,all-cluster-heads,docs\doc_workspace\SGCP\artifacts\early_from_late_checkpoint_20260719\enable_coperception_early_from_attentive.yaml,dynamic_cv,grid,utility,utility,none,0,0,,potential_verified_cov_coalition_game,6,,5;20,20,,{},"{""20"": 13893}",0,0.0,10,40.0,60.0,20.0,250000,577264,249824,5.0,sgcp-density-cap,1,ns3,899,0.5,10,12,28,,,[],[],,,22,32,
2026_07_29_02_32_08,000108,11,all-cluster-heads,docs\doc_workspace\SGCP\artifacts\early_from_late_checkpoint_20260719\enable_coperception_early_from_attentive.yaml,dynamic_cv,grid,utility,utility,none,0,0,,potential_verified_cov_coalition_game,6,,1;2;11;19,11;2;19,2;19,"{""2"": 13, ""19"": 13}","{""2"": 2996, ""11"": 13866, ""19"": 3811}",108912,33.913236929922135,10,40.0,60.0,20.0,250000,576032,248944,5.0,sgcp-density-cap,1,ns3,899,0.5,10,12,28,,,[],[],2>11:8;19>11:0,,27,49,
2026_07_29_02_32_08,000108,12,all-cluster-heads,docs\doc_workspace\SGCP\artifacts\early_from_late_checkpoint_20260719\enable_coperception_early_from_attentive.yaml,dynamic_cv,grid,utility,utility,none,0,0,,potential_verified_cov_coalition_game,6,,4;7;8;12,12;7;8,7;8,"{""7"": 13, ""8"": 13}","{""7"": 4061, ""8"": 2316, ""12"": 14221}",102032,36.13793103448276,10,40.0,60.0,20.0,250000,576032,248944,5.0,sgcp-density-cap,1,ns3,899,0.5,10,12,28,,,[],[],7>12:1;8>12:9,,22,54,
2026_07_29_02_32_08,000108,13,all-cluster-heads,docs\doc_workspace\SGCP\artifacts\early_from_late_checkpoint_20260719\enable_coperception_early_from_attentive.yaml,dynamic_cv,grid,utility,utility,none,0,0,,potential_verified_cov_coalition_game,6,,9;10;13;14,13;14,14,"{""14"": 5}","{""13"": 13485, ""14"": 2375}",38000,21.134593993325918,10,40.0,60.0,20.0,250000,576032,248944,5.0,sgcp-density-cap,1,ns3,899,0.5,10,12,28,,,[],[],14>13:2,,0,14,
2026_07_29_02_32_08,000108,15,all-cluster-heads,docs\doc_workspace\SGCP\artifacts\early_from_late_checkpoint_20260719\enable_coperception_early_from_attentive.yaml,dynamic_cv,grid,utility,utility,none,0,0,,potential_verified_cov_coalition_game,6,,6;15,15,,{},"{""15"": 13579}",0,0.0,10,40.0,60.0,20.0,250000,576032,248944,5.0,sgcp-density-cap,1,ns3,899,0.5,10,12,28,,,[],[],,,17,24,
2026_07_29_02_32_08,000108,17,all-cluster-heads,docs\doc_workspace\SGCP\artifacts\early_from_late_checkpoint_20260719\enable_coperception_early_from_attentive.yaml,dynamic_cv,grid,utility,utility,none,0,0,,potential_verified_cov_coalition_game,6,,3;16;17;18,17,,{},"{""17"": 14203}",0,0.0,10,40.0,60.0,20.0,250000,576032,248944,5.0,sgcp-density-cap,1,ns3,899,0.5,10,12,28,,,[],[],,,12,21,
2026_07_29_02_32_08,000108,20,all-cluster-heads,docs\doc_workspace\SGCP\artifacts\early_from_late_checkpoint_20260719\enable_coperception_early_from_attentive.yaml,dynamic_cv,grid,utility,utility,none,0,0,,potential_verified_cov_coalition_game,6,,5;20,20,,{},"{""20"": 13890}",0,0.0,10,40.0,60.0,20.0,250000,576032,248944,5.0,sgcp-density-cap,1,ns3,899,0.5,10,12,28,,,[],[],,,20,31,
2026_07_29_02_32_08,000110,1,all-cluster-heads,docs\doc_workspace\SGCP\artifacts\early_from_late_checkpoint_20260719\enable_coperception_early_from_attentive.yaml,dynamic_cv,grid,utility,utility,none,0,0,,potential_verified_cov_coalition_game,7,,1;2;8;11,1;2;11,2;11,"{""2"": 13, ""11"": 13}","{""1"": 13963, ""2"": 3545, ""11"": 2128}",90768,31.546162402669637,10,40.0,60.0,20.0,250000,539728,249952,5.0,sgcp-density-cap,1,ns3,899,0.5,10,12,28,,,[],[],2>1:0;11>1:9,,25,48,
2026_07_29_02_32_08,000110,10,all-cluster-heads,docs\doc_workspace\SGCP\artifacts\early_from_late_checkpoint_20260719\enable_coperception_early_from_attentive.yaml,dynamic_cv,grid,utility,utility,none,0,0,,potential_verified_cov_coalition_game,7,,9;10,10;9,9,"{""9"": 13}","{""9"": 2755, ""10"": 13981}",44080,24.516129032258064,10,40.0,60.0,20.0,250000,539728,249952,5.0,sgcp-density-cap,1,ns3,899,0.5,10,12,28,,,[],[],9>10:1,,20,38,
2026_07_29_02_32_08,000110,12,all-cluster-heads,docs\doc_workspace\SGCP\artifacts\early_from_late_checkpoint_20260719\enable_coperception_early_from_attentive.yaml,dynamic_cv,grid,utility,utility,none,0,0,,potential_verified_cov_coalition_game,7,,4;7;12,12;7,7,"{""7"": 13}","{""7"": 4103, ""12"": 14224}",65648,36.51167964404895,10,40.0,60.0,20.0,250000,539728,249952,5.0,sgcp-density-cap,1,ns3,899,0.5,10,12,28,,,[],[],7>12:2,,14,38,
2026_07_29_02_32_08,000110,13,all-cluster-heads,docs\doc_workspace\SGCP\artifacts\early_from_late_checkpoint_20260719\enable_coperception_early_from_attentive.yaml,dynamic_cv,grid,utility,utility,none,0,0,,potential_verified_cov_coalition_game,7,,13;14;19,13;14;19,14;19,"{""14"": 6, ""19"": 1}","{""13"": 13465, ""14"": 2948, ""19"": 143}",49456,26.233592880978865,10,40.0,60.0,20.0,250000,539728,249952,5.0,sgcp-density-cap,1,ns3,899,0.5,10,12,28,,,[],[],14>13:3;19>13:8,,2,26,
2026_07_29_02_32_08,000110,15,all-cluster-heads,docs\doc_workspace\SGCP\artifacts\early_from_late_checkpoint_20260719\enable_coperception_early_from_attentive.yaml,dynamic_cv,grid,utility,utility,none,0,0,,potential_verified_cov_coalition_game,7,,6;15,15,,{},"{""15"": 13612}",0,0.0,10,40.0,60.0,20.0,250000,539728,249952,5.0,sgcp-density-cap,1,ns3,899,0.5,10,12,28,,,[],[],,,16,24,
2026_07_29_02_32_08,000110,17,all-cluster-heads,docs\doc_workspace\SGCP\artifacts\early_from_late_checkpoint_20260719\enable_coperception_early_from_attentive.yaml,dynamic_cv,grid,utility,utility,none,0,0,,potential_verified_cov_coalition_game,7,,3;16;17;18,17,,{},"{""17"": 14197}",0,0.0,10,40.0,60.0,20.0,250000,539728,249952,5.0,sgcp-density-cap,1,ns3,899,0.5,10,12,28,,,[],[],,,10,20,
2026_07_29_02_32_08,000110,20,all-cluster-heads,docs\doc_workspace\SGCP\artifacts\early_from_late_checkpoint_20260719\enable_coperception_early_from_attentive.yaml,dynamic_cv,grid,utility,utility,none,0,0,,potential_verified_cov_coalition_game,7,,5;20,20,,{},"{""20"": 13887}",0,0.0,10,40.0,60.0,20.0,250000,539728,249952,5.0,sgcp-density-cap,1,ns3,899,0.5,10,12,28,,,[],[],,,20,30,
2026_07_29_02_32_08,000112,1,all-cluster-heads,docs\doc_workspace\SGCP\artifacts\early_from_late_checkpoint_20260719\enable_coperception_early_from_attentive.yaml,dynamic_cv,grid,utility,utility,none,0,0,,potential_verified_cov_coalition_game,7,,1;2;8;11,1;2;11,2;11,"{""2"": 13, ""11"": 13}","{""1"": 13966, ""2"": 3547, ""11"": 2131}",90848,31.56395995550612,10,40.0,60.0,20.0,250000,534928,249616,5.0,sgcp-density-cap,1,ns3,899,0.5,10,12,28,,,[],[],2>1:0;11>1:9,,25,48,
2026_07_29_02_32_08,000112,10,all-cluster-heads,docs\doc_workspace\SGCP\artifacts\early_from_late_checkpoint_20260719\enable_coperception_early_from_attentive.yaml,dynamic_cv,grid,utility,utility,none,0,0,,potential_verified_cov_coalition_game,7,,9;10,10;9,9,"{""9"": 13}","{""9"": 2755, ""10"": 13981}",44080,24.516129032258064,10,40.0,60.0,20.0,250000,534928,249616,5.0,sgcp-density-cap,1,ns3,899,0.5,10,12,28,,,[],[],9>10:1,,21,38,
2026_07_29_02_32_08,000112,12,all-cluster-heads,docs\doc_workspace\SGCP\artifacts\early_from_late_checkpoint_20260719\enable_coperception_early_from_attentive.yaml,dynamic_cv,grid,utility,utility,none,0,0,,potential_verified_cov_coalition_game,7,,4;7;12,12;7,7,"{""7"": 13}","{""7"": 4092, ""12"": 14224}",65472,36.41379310344828,10,40.0,60.0,20.0,250000,534928,249616,5.0,sgcp-density-cap,1,ns3,899,0.5,10,12,28,,,[],[],7>12:2,,12,38,
2026_07_29_02_32_08,000112,13,all-cluster-heads,docs\doc_workspace\SGCP\artifacts\early_from_late_checkpoint_20260719\enable_coperception_early_from_attentive.yaml,dynamic_cv,grid,utility,utility,none,0,0,,potential_verified_cov_coalition_game,7,,13;14;19,13;14,14,"{""14"": 7}","{""13"": 13451, ""14"": 3076}",49216,27.372636262513904,10,40.0,60.0,20.0,250000,534928,249616,5.0,sgcp-density-cap,1,ns3,899,0.5,10,12,28,,,[],[],14>13:3,,0,14,
2026_07_29_02_32_08,000112,15,all-cluster-heads,docs\doc_workspace\SGCP\artifacts\early_from_late_checkpoint_20260719\enable_coperception_early_from_attentive.yaml,dynamic_cv,grid,utility,utility,none,0,0,,potential_verified_cov_coalition_game,7,,6;15,15,,{},"{""15"": 13611}",0,0.0,10,40.0,60.0,20.0,250000,534928,249616,5.0,sgcp-density-cap,1,ns3,899,0.5,10,12,28,,,[],[],,,18,24,
2026_07_29_02_32_08,000112,17,all-cluster-heads,docs\doc_workspace\SGCP\artifacts\early_from_late_checkpoint_20260719\enable_coperception_early_from_attentive.yaml,dynamic_cv,grid,utility,utility,none,0,0,,potential_verified_cov_coalition_game,7,,3;16;17;18,17,,{},"{""17"": 14206}",0,0.0,10,40.0,60.0,20.0,250000,534928,249616,5.0,sgcp-density-cap,1,ns3,899,0.5,10,12,28,,,[],[],,,9,21,
2026_07_29_02_32_08,000112,20,all-cluster-heads,docs\doc_workspace\SGCP\artifacts\early_from_late_checkpoint_20260719\enable_coperception_early_from_attentive.yaml,dynamic_cv,grid,utility,utility,none,0,0,,potential_verified_cov_coalition_game,7,,5;20,20,,{},"{""20"": 13886}",0,0.0,10,40.0,60.0,20.0,250000,534928,249616,5.0,sgcp-density-cap,1,ns3,899,0.5,10,12,28,,,[],[],,,20,30,
2026_07_29_02_32_08,000114,1,all-cluster-heads,docs\doc_workspace\SGCP\artifacts\early_from_late_checkpoint_20260719\enable_coperception_early_from_attentive.yaml,dynamic_cv,grid,utility,utility,none,0,0,,potential_verified_cov_coalition_game,7,,1;2;8;11,1;2,2,"{""2"": 13}","{""1"": 13967, ""2"": 3553}",56848,31.617352614015577,10,40.0,60.0,20.0,250000,536032,249920,5.0,sgcp-density-cap,1,ns3,899,0.5,10,12,28,,,[],[],2>1:0,,25,45,
2026_07_29_02_32_08,000114,10,all-cluster-heads,docs\doc_workspace\SGCP\artifacts\early_from_late_checkpoint_20260719\enable_coperception_early_from_attentive.yaml,dynamic_cv,grid,utility,utility,none,0,0,,potential_verified_cov_coalition_game,7,,9;10,10;9,9,"{""9"": 13}","{""9"": 2751, ""10"": 13979}",44016,24.480533926585096,10,40.0,60.0,20.0,250000,536032,249920,5.0,sgcp-density-cap,1,ns3,899,0.5,10,12,28,,,[],[],9>10:1,,23,38,
2026_07_29_02_32_08,000114,12,all-cluster-heads,docs\doc_workspace\SGCP\artifacts\early_from_late_checkpoint_20260719\enable_coperception_early_from_attentive.yaml,dynamic_cv,grid,utility,utility,none,0,0,,potential_verified_cov_coalition_game,7,,4;7;12,12;4;7,4;7,"{""4"": 13, ""7"": 12}","{""4"": 2370, ""7"": 3877, ""12"": 14210}",99952,34.50055617352614,10,40.0,60.0,20.0,250000,536032,249920,5.0,sgcp-density-cap,1,ns3,899,0.5,10,12,28,,,[],[],4>12:9;7>12:2,,17,48,
2026_07_29_02_32_08,000114,13,all-cluster-heads,docs\doc_workspace\SGCP\artifacts\early_from_late_checkpoint_20260719\enable_coperception_early_from_attentive.yaml,dynamic_cv,grid,utility,utility,none,0,0,,potential_verified_cov_coalition_game,7,,13;14;19,13;14,14,"{""14"": 7}","{""13"": 13423, ""14"": 3069}",49104,27.310344827586206,10,40.0,60.0,20.0,250000,536032,249920,5.0,sgcp-density-cap,1,ns3,899,0.5,10,12,28,,,[],[],14>13:3,,0,14,
2026_07_29_02_32_08,000114,15,all-cluster-heads,docs\doc_workspace\SGCP\artifacts\early_from_late_checkpoint_20260719\enable_coperception_early_from_attentive.yaml,dynamic_cv,grid,utility,utility,none,0,0,,potential_verified_cov_coalition_game,7,,6;15,15,,{},"{""15"": 13613}",0,0.0,10,40.0,60.0,20.0,250000,536032,249920,5.0,sgcp-density-cap,1,ns3,899,0.5,10,12,28,,,[],[],,,18,25,
2026_07_29_02_32_08,000114,17,all-cluster-heads,docs\doc_workspace\SGCP\artifacts\early_from_late_checkpoint_20260719\enable_coperception_early_from_attentive.yaml,dynamic_cv,grid,utility,utility,none,0,0,,potential_verified_cov_coalition_game,7,,3;16;17;18,17,,{},"{""17"": 14215}",0,0.0,10,40.0,60.0,20.0,250000,536032,249920,5.0,sgcp-density-cap,1,ns3,899,0.5,10,12,28,,,[],[],,,12,21,
2026_07_29_02_32_08,000114,20,all-cluster-heads,docs\doc_workspace\SGCP\artifacts\early_from_late_checkpoint_20260719\enable_coperception_early_from_attentive.yaml,dynamic_cv,grid,utility,utility,none,0,0,,potential_verified_cov_coalition_game,7,,5;20,20,,{},"{""20"": 13882}",0,0.0,10,40.0,60.0,20.0,250000,536032,249920,5.0,sgcp-density-cap,1,ns3,899,0.5,10,12,28,,,[],[],,,21,30,
2026_07_29_02_32_08,000116,1,all-cluster-heads,docs\doc_workspace\SGCP\artifacts\early_from_late_checkpoint_20260719\enable_coperception_early_from_attentive.yaml,dynamic_cv,grid,utility,utility,none,0,0,,potential_verified_cov_coalition_game,7,,1;2;8;11,1;2,2,"{""2"": 13}","{""1"": 13967, ""2"": 3562}",56992,31.697441601779758,10,40.0,60.0,20.0,250000,536176,249776,5.0,sgcp-density-cap,1,ns3,899,0.5,10,12,28,,,[],[],2>1:0,,24,45,
2026_07_29_02_32_08,000116,10,all-cluster-heads,docs\doc_workspace\SGCP\artifacts\early_from_late_checkpoint_20260719\enable_coperception_early_from_attentive.yaml,dynamic_cv,grid,utility,utility,none,0,0,,potential_verified_cov_coalition_game,7,,9;10,10;9,9,"{""9"": 13}","{""9"": 2744, ""10"": 13979}",43904,24.4182424916574,10,40.0,60.0,20.0,250000,536176,249776,5.0,sgcp-density-cap,1,ns3,899,0.5,10,12,28,,,[],[],9>10:1,,22,37,
2026_07_29_02_32_08,000116,12,all-cluster-heads,docs\doc_workspace\SGCP\artifacts\early_from_late_checkpoint_20260719\enable_coperception_early_from_attentive.yaml,dynamic_cv,grid,utility,utility,none,0,0,,potential_verified_cov_coalition_game,7,,4;7;12,12;4;7,4;7,"{""4"": 13, ""7"": 12}","{""4"": 2412, ""7"": 3881, ""12"": 14231}",100688,34.53615127919911,10,40.0,60.0,20.0,250000,536176,249776,5.0,sgcp-density-cap,1,ns3,899,0.5,10,12,28,,,[],[],4>12:9;7>12:2,,16,48,
2026_07_29_02_32_08,000116,13,all-cluster-heads,docs\doc_workspace\SGCP\artifacts\early_from_late_checkpoint_20260719\enable_coperception_early_from_attentive.yaml,dynamic_cv,grid,utility,utility,none,0,0,,potential_verified_cov_coalition_game,7,,13;14;19,13;14;19,14;19,"{""14"": 6, ""19"": 1}","{""13"": 13407, ""14"": 2893, ""19"": 119}",48192,25.74416017797553,10,40.0,60.0,20.0,250000,536176,249776,5.0,sgcp-density-cap,1,ns3,899,0.5,10,12,28,,,[],[],14>13:3;19>13:8,,2,25,
2026_07_29_02_32_08,000116,15,all-cluster-heads,docs\doc_workspace\SGCP\artifacts\early_from_late_checkpoint_20260719\enable_coperception_early_from_attentive.yaml,dynamic_cv,grid,utility,utility,none,0,0,,potential_verified_cov_coalition_game,7,,6;15,15,,{},"{""15"": 13632}",0,0.0,10,40.0,60.0,20.0,250000,536176,249776,5.0,sgcp-density-cap,1,ns3,899,0.5,10,12,28,,,[],[],,,18,27,
2026_07_29_02_32_08,000116,17,all-cluster-heads,docs\doc_workspace\SGCP\artifacts\early_from_late_checkpoint_20260719\enable_coperception_early_from_attentive.yaml,dynamic_cv,grid,utility,utility,none,0,0,,potential_verified_cov_coalition_game,7,,3;16;17;18,17,,{},"{""17"": 14228}",0,0.0,10,40.0,60.0,20.0,250000,536176,249776,5.0,sgcp-density-cap,1,ns3,899,0.5,10,12,28,,,[],[],,,10,21,
2026_07_29_02_32_08,000116,20,all-cluster-heads,docs\doc_workspace\SGCP\artifacts\early_from_late_checkpoint_20260719\enable_coperception_early_from_attentive.yaml,dynamic_cv,grid,utility,utility,none,0,0,,potential_verified_cov_coalition_game,7,,5;20,20,,{},"{""20"": 13882}",0,0.0,10,40.0,60.0,20.0,250000,536176,249776,5.0,sgcp-density-cap,1,ns3,899,0.5,10,12,28,,,[],[],,,19,31,
2026_07_29_02_32_08,000118,1,all-cluster-heads,docs\doc_workspace\SGCP\artifacts\early_from_late_checkpoint_20260719\enable_coperception_early_from_attentive.yaml,dynamic_cv,grid,utility,utility,none,0,0,,potential_verified_cov_coalition_game,7,,1;2;8;11,1;2,2,"{""2"": 13}","{""1"": 13967, ""2"": 3566}",57056,31.733036707452726,10,40.0,60.0,20.0,250000,538224,250000,5.0,sgcp-density-cap,1,ns3,899,0.5,10,12,28,,,[],[],2>1:0,,25,45,
2026_07_29_02_32_08,000118,10,all-cluster-heads,docs\doc_workspace\SGCP\artifacts\early_from_late_checkpoint_20260719\enable_coperception_early_from_attentive.yaml,dynamic_cv,grid,utility,utility,none,0,0,,potential_verified_cov_coalition_game,7,,9;10,10;9,9,"{""9"": 13}","{""9"": 2742, ""10"": 13979}",43872,24.400444938820915,10,40.0,60.0,20.0,250000,538224,250000,5.0,sgcp-density-cap,1,ns3,899,0.5,10,12,28,,,[],[],9>10:1,,24,37,
2026_07_29_02_32_08,000118,12,all-cluster-heads,docs\doc_workspace\SGCP\artifacts\early_from_late_checkpoint_20260719\enable_coperception_early_from_attentive.yaml,dynamic_cv,grid,utility,utility,none,0,0,,potential_verified_cov_coalition_game,7,,4;7;12,12;4;7,4;7,"{""4"": 13, ""7"": 12}","{""4"": 2449, ""7"": 3886, ""12"": 14223}",101360,34.58064516129032,10,40.0,60.0,20.0,250000,538224,250000,5.0,sgcp-density-cap,1,ns3,899,0.5,10,12,28,,,[],[],4>12:9;7>12:2,,16,50,
2026_07_29_02_32_08,000118,13,all-cluster-heads,docs\doc_workspace\SGCP\artifacts\early_from_late_checkpoint_20260719\enable_coperception_early_from_attentive.yaml,dynamic_cv,grid,utility,utility,none,0,0,,potential_verified_cov_coalition_game,7,,13;14;19,13;14,14,"{""14"": 6}","{""13"": 13365, ""14"": 2902}",46432,25.82424916573971,10,40.0,60.0,20.0,250000,538224,250000,5.0,sgcp-density-cap,1,ns3,899,0.5,10,12,28,,,[],[],14>13:3,,1,14,
2026_07_29_02_32_08,000118,15,all-cluster-heads,docs\doc_workspace\SGCP\artifacts\early_from_late_checkpoint_20260719\enable_coperception_early_from_attentive.yaml,dynamic_cv,grid,utility,utility,none,0,0,,potential_verified_cov_coalition_game,7,,6;15,15,,{},"{""15"": 13659}",0,0.0,10,40.0,60.0,20.0,250000,538224,250000,5.0,sgcp-density-cap,1,ns3,899,0.5,10,12,28,,,[],[],,,19,26,
2026_07_29_02_32_08,000118,17,all-cluster-heads,docs\doc_workspace\SGCP\artifacts\early_from_late_checkpoint_20260719\enable_coperception_early_from_attentive.yaml,dynamic_cv,grid,utility,utility,none,0,0,,potential_verified_cov_coalition_game,7,,3;16;17;18,17;16,16,"{""16"": 1}","{""16"": 80, ""17"": 14236}",1280,0.7119021134593994,10,40.0,60.0,20.0,250000,538224,250000,5.0,sgcp-density-cap,1,ns3,899,0.5,10,12,28,,,[],[],16>17:7,,10,24,
2026_07_29_02_32_08,000118,20,all-cluster-heads,docs\doc_workspace\SGCP\artifacts\early_from_late_checkpoint_20260719\enable_coperception_early_from_attentive.yaml,dynamic_cv,grid,utility,utility,none,0,0,,potential_verified_cov_coalition_game,7,,5;20,20,,{},"{""20"": 13879}",0,0.0,10,40.0,60.0,20.0,250000,538224,250000,5.0,sgcp-density-cap,1,ns3,899,0.5,10,12,28,,,[],[],,,20,30,
2026_07_29_02_32_08,000120,1,all-cluster-heads,docs\doc_workspace\SGCP\artifacts\early_from_late_checkpoint_20260719\enable_coperception_early_from_attentive.yaml,dynamic_cv,grid,utility,utility,none,0,0,,potential_verified_cov_coalition_game,7,,1;2;8;11,1;2;11,2;11,"{""2"": 13, ""11"": 13}","{""1"": 13970, ""2"": 3572, ""11"": 2140}",91392,31.78642936596218,10,40.0,60.0,20.0,250000,538928,249920,5.0,sgcp-density-cap,1,ns3,899,0.5,10,12,28,,,[],[],2>1:0;11>1:9,,24,48,
2026_07_29_02_32_08,000120,10,all-cluster-heads,docs\doc_workspace\SGCP\artifacts\early_from_late_checkpoint_20260719\enable_coperception_early_from_attentive.yaml,dynamic_cv,grid,utility,utility,none,0,0,,potential_verified_cov_coalition_game,7,,9;10,10;9,9,"{""9"": 13}","{""9"": 2742, ""10"": 13976}",43872,24.400444938820915,10,40.0,60.0,20.0,250000,538928,249920,5.0,sgcp-density-cap,1,ns3,899,0.5,10,12,28,,,[],[],9>10:1,,22,37,
2026_07_29_02_32_08,000120,12,all-cluster-heads,docs\doc_workspace\SGCP\artifacts\early_from_late_checkpoint_20260719\enable_coperception_early_from_attentive.yaml,dynamic_cv,grid,utility,utility,none,0,0,,potential_verified_cov_coalition_game,7,,4;7;12,12;7,7,"{""7"": 13}","{""7"": 4065, ""12"": 14223}",65040,36.17352614015573,10,40.0,60.0,20.0,250000,538928,249920,5.0,sgcp-density-cap,1,ns3,899,0.5,10,12,28,,,[],[],7>12:2,,14,41,
2026_07_29_02_32_08,000120,13,all-cluster-heads,docs\doc_workspace\SGCP\artifacts\early_from_late_checkpoint_20260719\enable_coperception_early_from_attentive.yaml,dynamic_cv,grid,utility,utility,none,0,0,,potential_verified_cov_coalition_game,7,,13;14;19,13;14,14,"{""14"": 7}","{""13"": 13367, ""14"": 3101}",49616,27.595105672969964,10,40.0,60.0,20.0,250000,538928,249920,5.0,sgcp-density-cap,1,ns3,899,0.5,10,12,28,,,[],[],14>13:3,,1,12,
2026_07_29_02_32_08,000120,15,all-cluster-heads,docs\doc_workspace\SGCP\artifacts\early_from_late_checkpoint_20260719\enable_coperception_early_from_attentive.yaml,dynamic_cv,grid,utility,utility,none,0,0,,potential_verified_cov_coalition_game,7,,6;15,15,,{},"{""15"": 13667}",0,0.0,10,40.0,60.0,20.0,250000,538928,249920,5.0,sgcp-density-cap,1,ns3,899,0.5,10,12,28,,,[],[],,,18,26,
2026_07_29_02_32_08,000120,17,all-cluster-heads,docs\doc_workspace\SGCP\artifacts\early_from_late_checkpoint_20260719\enable_coperception_early_from_attentive.yaml,dynamic_cv,grid,utility,utility,none,0,0,,potential_verified_cov_coalition_game,7,,3;16;17;18,17,,{},"{""17"": 14265}",0,0.0,10,40.0,60.0,20.0,250000,538928,249920,5.0,sgcp-density-cap,1,ns3,899,0.5,10,12,28,,,[],[],,,9,21,
2026_07_29_02_32_08,000120,20,all-cluster-heads,docs\doc_workspace\SGCP\artifacts\early_from_late_checkpoint_20260719\enable_coperception_early_from_attentive.yaml,dynamic_cv,grid,utility,utility,none,0,0,,potential_verified_cov_coalition_game,7,,5;20,20,,{},"{""20"": 13881}",0,0.0,10,40.0,60.0,20.0,250000,538928,249920,5.0,sgcp-density-cap,1,ns3,899,0.5,10,12,28,,,[],[],,,21,30,
2026_07_29_02_32_08,000122,1,all-cluster-heads,docs\doc_workspace\SGCP\artifacts\early_from_late_checkpoint_20260719\enable_coperception_early_from_attentive.yaml,dynamic_cv,grid,utility,utility,none,0,0,,potential_verified_cov_coalition_game,7,,1;2;8;11,1;2,2,"{""2"": 13}","{""1"": 13965, ""2"": 3574}",57184,31.804226918798665,10,40.0,60.0,20.0,250000,545088,249472,5.0,sgcp-density-cap,1,ns3,899,0.5,10,12,28,,,[],[],2>1:0,,23,44,
2026_07_29_02_32_08,000122,10,all-cluster-heads,docs\doc_workspace\SGCP\artifacts\early_from_late_checkpoint_20260719\enable_coperception_early_from_attentive.yaml,dynamic_cv,grid,utility,utility,none,0,0,,potential_verified_cov_coalition_game,7,,9;10,10;9,9,"{""9"": 13}","{""9"": 2743, ""10"": 13976}",43888,24.409343715239157,10,40.0,60.0,20.0,250000,545088,249472,5.0,sgcp-density-cap,1,ns3,899,0.5,10,12,28,,,[],[],9>10:1,,24,38,
2026_07_29_02_32_08,000122,12,all-cluster-heads,docs\doc_workspace\SGCP\artifacts\early_from_late_checkpoint_20260719\enable_coperception_early_from_attentive.yaml,dynamic_cv,grid,utility,utility,none,0,0,,potential_verified_cov_coalition_game,7,,4;7;12,12;4;7,4;7,"{""4"": 13, ""7"": 12}","{""4"": 2579, ""7"": 3820, ""12"": 14209}",102384,33.99332591768632,10,40.0,60.0,20.0,250000,545088,249472,5.0,sgcp-density-cap,1,ns3,899,0.5,10,12,28,,,[],[],4>12:9;7>12:2,,14,50,
2026_07_29_02_32_08,000122,13,all-cluster-heads,docs\doc_workspace\SGCP\artifacts\early_from_late_checkpoint_20260719\enable_coperception_early_from_attentive.yaml,dynamic_cv,grid,utility,utility,none,0,0,,potential_verified_cov_coalition_game,7,,13;14;19,13;14,14,"{""14"": 6}","{""13"": 13373, ""14"": 2876}",46016,25.592880978865406,10,40.0,60.0,20.0,250000,545088,249472,5.0,sgcp-density-cap,1,ns3,899,0.5,10,12,28,,,[],[],14>13:3,,0,13,
2026_07_29_02_32_08,000122,15,all-cluster-heads,docs\doc_workspace\SGCP\artifacts\early_from_late_checkpoint_20260719\enable_coperception_early_from_attentive.yaml,dynamic_cv,grid,utility,utility,none,0,0,,potential_verified_cov_coalition_game,7,,6;15,15,,{},"{""15"": 13668}",0,0.0,10,40.0,60.0,20.0,250000,545088,249472,5.0,sgcp-density-cap,1,ns3,899,0.5,10,12,28,,,[],[],,,18,27,
2026_07_29_02_32_08,000122,17,all-cluster-heads,docs\doc_workspace\SGCP\artifacts\early_from_late_checkpoint_20260719\enable_coperception_early_from_attentive.yaml,dynamic_cv,grid,utility,utility,none,0,0,,potential_verified_cov_coalition_game,7,,3;16;17;18,17,,{},"{""17"": 14263}",0,0.0,10,40.0,60.0,20.0,250000,545088,249472,5.0,sgcp-density-cap,1,ns3,899,0.5,10,12,28,,,[],[],,,8,21,
2026_07_29_02_32_08,000122,20,all-cluster-heads,docs\doc_workspace\SGCP\artifacts\early_from_late_checkpoint_20260719\enable_coperception_early_from_attentive.yaml,dynamic_cv,grid,utility,utility,none,0,0,,potential_verified_cov_coalition_game,7,,5;20,20,,{},"{""20"": 13882}",0,0.0,10,40.0,60.0,20.0,250000,545088,249472,5.0,sgcp-density-cap,1,ns3,899,0.5,10,12,28,,,[],[],,,21,30,
2026_07_29_02_32_08,000124,1,all-cluster-heads,docs\doc_workspace\SGCP\artifacts\early_from_late_checkpoint_20260719\enable_coperception_early_from_attentive.yaml,dynamic_cv,grid,utility,utility,none,0,0,,potential_verified_cov_coalition_game,7,,1;2;8;11,1;2,2,"{""2"": 13}","{""1"": 13963, ""2"": 3576}",57216,31.822024471635153,10,40.0,60.0,20.0,250000,547600,249712,5.0,sgcp-density-cap,1,ns3,899,0.5,10,12,28,,,[],[],2>1:0,,22,44,
2026_07_29_02_32_08,000124,10,all-cluster-heads,docs\doc_workspace\SGCP\artifacts\early_from_late_checkpoint_20260719\enable_coperception_early_from_attentive.yaml,dynamic_cv,grid,utility,utility,none,0,0,,potential_verified_cov_coalition_game,7,,9;10,10;9,9,"{""9"": 13}","{""9"": 2747, ""10"": 13972}",43952,24.444938820912125,10,40.0,60.0,20.0,250000,547600,249712,5.0,sgcp-density-cap,1,ns3,899,0.5,10,12,28,,,[],[],9>10:1,,22,37,
2026_07_29_02_32_08,000124,12,all-cluster-heads,docs\doc_workspace\SGCP\artifacts\early_from_late_checkpoint_20260719\enable_coperception_early_from_attentive.yaml,dynamic_cv,grid,utility,utility,none,0,0,,potential_verified_cov_coalition_game,7,,4;7;12,12;4;7,4;7,"{""4"": 13, ""7"": 12}","{""4"": 2609, ""7"": 3847, ""12"": 14179}",103296,34.23359288097887,10,40.0,60.0,20.0,250000,547600,249712,5.0,sgcp-density-cap,1,ns3,899,0.5,10,12,28,,,[],[],4>12:9;7>12:2,,15,50,
2026_07_29_02_32_08,000124,13,all-cluster-heads,docs\doc_workspace\SGCP\artifacts\early_from_late_checkpoint_20260719\enable_coperception_early_from_attentive.yaml,dynamic_cv,grid,utility,utility,none,0,0,,potential_verified_cov_coalition_game,7,,13;14;19,13;14,14,"{""14"": 6}","{""13"": 13342, ""14"": 2828}",45248,25.165739710789765,10,40.0,60.0,20.0,250000,547600,249712,5.0,sgcp-density-cap,1,ns3,899,0.5,10,12,28,,,[],[],14>13:3,,0,12,
2026_07_29_02_32_08,000124,15,all-cluster-heads,docs\doc_workspace\SGCP\artifacts\early_from_late_checkpoint_20260719\enable_coperception_early_from_attentive.yaml,dynamic_cv,grid,utility,utility,none,0,0,,potential_verified_cov_coalition_game,7,,6;15,15,,{},"{""15"": 13675}",0,0.0,10,40.0,60.0,20.0,250000,547600,249712,5.0,sgcp-density-cap,1,ns3,899,0.5,10,12,28,,,[],[],,,19,28,
2026_07_29_02_32_08,000124,17,all-cluster-heads,docs\doc_workspace\SGCP\artifacts\early_from_late_checkpoint_20260719\enable_coperception_early_from_attentive.yaml,dynamic_cv,grid,utility,utility,none,0,0,,potential_verified_cov_coalition_game,7,,3;16;17;18,17,,{},"{""17"": 14254}",0,0.0,10,40.0,60.0,20.0,250000,547600,249712,5.0,sgcp-density-cap,1,ns3,899,0.5,10,12,28,,,[],[],,,9,22,
2026_07_29_02_32_08,000124,20,all-cluster-heads,docs\doc_workspace\SGCP\artifacts\early_from_late_checkpoint_20260719\enable_coperception_early_from_attentive.yaml,dynamic_cv,grid,utility,utility,none,0,0,,potential_verified_cov_coalition_game,7,,5;20,20,,{},"{""20"": 13887}",0,0.0,10,40.0,60.0,20.0,250000,547600,249712,5.0,sgcp-density-cap,1,ns3,899,0.5,10,12,28,,,[],[],,,20,31,
2026_07_29_02_32_08,000126,1,all-cluster-heads,docs\doc_workspace\SGCP\artifacts\early_from_late_checkpoint_20260719\enable_coperception_early_from_attentive.yaml,dynamic_cv,grid,utility,utility,none,0,0,,potential_verified_cov_coalition_game,7,,1;2;8;11,1;2,2,"{""2"": 13}","{""1"": 13963, ""2"": 3577}",57232,31.830923248053395,10,40.0,60.0,20.0,250000,548880,249424,5.0,sgcp-density-cap,1,ns3,899,0.5,10,12,28,,,[],[],2>1:0,,22,44,
2026_07_29_02_32_08,000126,10,all-cluster-heads,docs\doc_workspace\SGCP\artifacts\early_from_late_checkpoint_20260719\enable_coperception_early_from_attentive.yaml,dynamic_cv,grid,utility,utility,none,0,0,,potential_verified_cov_coalition_game,7,,9;10,10;9,9,"{""9"": 13}","{""9"": 2747, ""10"": 13972}",43952,24.444938820912125,10,40.0,60.0,20.0,250000,548880,249424,5.0,sgcp-density-cap,1,ns3,899,0.5,10,12,28,,,[],[],9>10:1,,23,37,
2026_07_29_02_32_08,000126,12,all-cluster-heads,docs\doc_workspace\SGCP\artifacts\early_from_late_checkpoint_20260719\enable_coperception_early_from_attentive.yaml,dynamic_cv,grid,utility,utility,none,0,0,,potential_verified_cov_coalition_game,7,,4;7;12,12;4;7,4;7,"{""4"": 13, ""7"": 12}","{""4"": 2647, ""7"": 3833, ""12"": 14162}",103680,34.10901001112347,10,40.0,60.0,20.0,250000,548880,249424,5.0,sgcp-density-cap,1,ns3,899,0.5,10,12,28,,,[],[],4>12:9;7>12:2,,16,50,
2026_07_29_02_32_08,000126,13,all-cluster-heads,docs\doc_workspace\SGCP\artifacts\early_from_late_checkpoint_20260719\enable_coperception_early_from_attentive.yaml,dynamic_cv,grid,utility,utility,none,0,0,,potential_verified_cov_coalition_game,7,,13;14;19,13;14,14,"{""14"": 6}","{""13"": 13344, ""14"": 2785}",44560,24.783092324805338,10,40.0,60.0,20.0,250000,548880,249424,5.0,sgcp-density-cap,1,ns3,899,0.5,10,12,28,,,[],[],14>13:3,,0,11,
2026_07_29_02_32_08,000126,15,all-cluster-heads,docs\doc_workspace\SGCP\artifacts\early_from_late_checkpoint_20260719\enable_coperception_early_from_attentive.yaml,dynamic_cv,grid,utility,utility,none,0,0,,potential_verified_cov_coalition_game,7,,6;15,15,,{},"{""15"": 13678}",0,0.0,10,40.0,60.0,20.0,250000,548880,249424,5.0,sgcp-density-cap,1,ns3,899,0.5,10,12,28,,,[],[],,,21,29,
2026_07_29_02_32_08,000126,17,all-cluster-heads,docs\doc_workspace\SGCP\artifacts\early_from_late_checkpoint_20260719\enable_coperception_early_from_attentive.yaml,dynamic_cv,grid,utility,utility,none,0,0,,potential_verified_cov_coalition_game,7,,3;16;17;18,17,,{},"{""17"": 14251}",0,0.0,10,40.0,60.0,20.0,250000,548880,249424,5.0,sgcp-density-cap,1,ns3,899,0.5,10,12,28,,,[],[],,,10,22,
2026_07_29_02_32_08,000126,20,all-cluster-heads,docs\doc_workspace\SGCP\artifacts\early_from_late_checkpoint_20260719\enable_coperception_early_from_attentive.yaml,dynamic_cv,grid,utility,utility,none,0,0,,potential_verified_cov_coalition_game,7,,5;20,20,,{},"{""20"": 13888}",0,0.0,10,40.0,60.0,20.0,250000,548880,249424,5.0,sgcp-density-cap,1,ns3,899,0.5,10,12,28,,,[],[],,,20,32,
2026_07_29_02_32_08,000128,1,all-cluster-heads,docs\doc_workspace\SGCP\artifacts\early_from_late_checkpoint_20260719\enable_coperception_early_from_attentive.yaml,dynamic_cv,grid,utility,utility,none,0,0,,potential_verified_cov_coalition_game,7,,1;2;8;11,1;2,2,"{""2"": 13}","{""1"": 13966, ""2"": 3572}",57152,31.78642936596218,10,40.0,60.0,20.0,250000,550496,249744,5.0,sgcp-density-cap,1,ns3,899,0.5,10,12,28,,,[],[],2>1:0,,22,44,
2026_07_29_02_32_08,000128,10,all-cluster-heads,docs\doc_workspace\SGCP\artifacts\early_from_late_checkpoint_20260719\enable_coperception_early_from_attentive.yaml,dynamic_cv,grid,utility,utility,none,0,0,,potential_verified_cov_coalition_game,7,,9;10,10;9,9,"{""9"": 13}","{""9"": 2752, ""10"": 13970}",44032,24.489432703003338,10,40.0,60.0,20.0,250000,550496,249744,5.0,sgcp-density-cap,1,ns3,899,0.5,10,12,28,,,[],[],9>10:1,,24,37,
2026_07_29_02_32_08,000128,12,all-cluster-heads,docs\doc_workspace\SGCP\artifacts\early_from_late_checkpoint_20260719\enable_coperception_early_from_attentive.yaml,dynamic_cv,grid,utility,utility,none,0,0,,potential_verified_cov_coalition_game,7,,4;7;12,12;4;7,4;7,"{""4"": 13, ""7"": 11}","{""4"": 2850, ""7"": 3637, ""12"": 14176}",103792,32.36484983314794,10,40.0,60.0,20.0,250000,550496,249744,5.0,sgcp-density-cap,1,ns3,899,0.5,10,12,28,,,[],[],4>12:9;7>12:2,,15,49,
2026_07_29_02_32_08,000128,13,all-cluster-heads,docs\doc_workspace\SGCP\artifacts\early_from_late_checkpoint_20260719\enable_coperception_early_from_attentive.yaml,dynamic_cv,grid,utility,utility,none,0,0,,potential_verified_cov_coalition_game,7,,13;14;19,13;14,14,"{""14"": 6}","{""13"": 13359, ""14"": 2798}",44768,24.89877641824249,10,40.0,60.0,20.0,250000,550496,249744,5.0,sgcp-density-cap,1,ns3,899,0.5,10,12,28,,,[],[],14>13:3,,1,12,
2026_07_29_02_32_08,000128,15,all-cluster-heads,docs\doc_workspace\SGCP\artifacts\early_from_late_checkpoint_20260719\enable_coperception_early_from_attentive.yaml,dynamic_cv,grid,utility,utility,none,0,0,,potential_verified_cov_coalition_game,7,,6;15,15,,{},"{""15"": 13694}",0,0.0,10,40.0,60.0,20.0,250000,550496,249744,5.0,sgcp-density-cap,1,ns3,899,0.5,10,12,28,,,[],[],,,19,28,
2026_07_29_02_32_08,000128,17,all-cluster-heads,docs\doc_workspace\SGCP\artifacts\early_from_late_checkpoint_20260719\enable_coperception_early_from_attentive.yaml,dynamic_cv,grid,utility,utility,none,0,0,,potential_verified_cov_coalition_game,7,,3;16;17;18,17,,{},"{""17"": 14246}",0,0.0,10,40.0,60.0,20.0,250000,550496,249744,5.0,sgcp-density-cap,1,ns3,899,0.5,10,12,28,,,[],[],,,11,22,
2026_07_29_02_32_08,000128,20,all-cluster-heads,docs\doc_workspace\SGCP\artifacts\early_from_late_checkpoint_20260719\enable_coperception_early_from_attentive.yaml,dynamic_cv,grid,utility,utility,none,0,0,,potential_verified_cov_coalition_game,7,,5;20,20,,{},"{""20"": 13891}",0,0.0,10,40.0,60.0,20.0,250000,550496,249744,5.0,sgcp-density-cap,1,ns3,899,0.5,10,12,28,,,[],[],,,20,32,
2026_07_29_02_32_08,000130,1,all-cluster-heads,docs\doc_workspace\SGCP\artifacts\early_from_late_checkpoint_20260719\enable_coperception_early_from_attentive.yaml,dynamic_cv,grid,utility,utility,none,0,0,,potential_verified_cov_coalition_game,7,,1;2;8;11,1;2,2,"{""2"": 13}","{""1"": 13963, ""2"": 3571}",57136,31.77753058954394,10,40.0,60.0,20.0,250000,550272,249856,5.0,sgcp-density-cap,1,ns3,899,0.5,10,12,28,,,[],[],2>1:0,,23,44,
2026_07_29_02_32_08,000130,10,all-cluster-heads,docs\doc_workspace\SGCP\artifacts\early_from_late_checkpoint_20260719\enable_coperception_early_from_attentive.yaml,dynamic_cv,grid,utility,utility,none,0,0,,potential_verified_cov_coalition_game,7,,9;10,10;9,9,"{""9"": 13}","{""9"": 2758, ""10"": 13970}",44128,24.542825361512794,10,40.0,60.0,20.0,250000,550272,249856,5.0,sgcp-density-cap,1,ns3,899,0.5,10,12,28,,,[],[],9>10:1,,22,37,
2026_07_29_02_32_08,000130,12,all-cluster-heads,docs\doc_workspace\SGCP\artifacts\early_from_late_checkpoint_20260719\enable_coperception_early_from_attentive.yaml,dynamic_cv,grid,utility,utility,none,0,0,,potential_verified_cov_coalition_game,7,,4;7;12,12;4;7,4;7,"{""4"": 13, ""7"": 11}","{""4"": 2916, ""7"": 3613, ""12"": 14172}",104464,32.15127919911012,10,40.0,60.0,20.0,250000,550272,249856,5.0,sgcp-density-cap,1,ns3,899,0.5,10,12,28,,,[],[],4>12:9;7>12:2,,16,48,
2026_07_29_02_32_08,000130,13,all-cluster-heads,docs\doc_workspace\SGCP\artifacts\early_from_late_checkpoint_20260719\enable_coperception_early_from_attentive.yaml,dynamic_cv,grid,utility,utility,none,0,0,,potential_verified_cov_coalition_game,7,,13;14;19,13;14;19,14;19,"{""14"": 6, ""19"": 1}","{""13"": 13355, ""14"": 2639, ""19"": 119}",44128,23.483870967741936,10,40.0,60.0,20.0,250000,550272,249856,5.0,sgcp-density-cap,1,ns3,899,0.5,10,12,28,,,[],[],14>13:3;19>13:8,,0,24,
2026_07_29_02_32_08,000130,15,all-cluster-heads,docs\doc_workspace\SGCP\artifacts\early_from_late_checkpoint_20260719\enable_coperception_early_from_attentive.yaml,dynamic_cv,grid,utility,utility,none,0,0,,potential_verified_cov_coalition_game,7,,6;15,15,,{},"{""15"": 13715}",0,0.0,10,40.0,60.0,20.0,250000,550272,249856,5.0,sgcp-density-cap,1,ns3,899,0.5,10,12,28,,,[],[],,,18,26,
2026_07_29_02_32_08,000130,17,all-cluster-heads,docs\doc_workspace\SGCP\artifacts\early_from_late_checkpoint_20260719\enable_coperception_early_from_attentive.yaml,dynamic_cv,grid,utility,utility,none,0,0,,potential_verified_cov_coalition_game,7,,3;16;17;18,17,,{},"{""17"": 14246}",0,0.0,10,40.0,60.0,20.0,250000,550272,249856,5.0,sgcp-density-cap,1,ns3,899,0.5,10,12,28,,,[],[],,,10,21,
2026_07_29_02_32_08,000130,20,all-cluster-heads,docs\doc_workspace\SGCP\artifacts\early_from_late_checkpoint_20260719\enable_coperception_early_from_attentive.yaml,dynamic_cv,grid,utility,utility,none,0,0,,potential_verified_cov_coalition_game,7,,5;20,20,,{},"{""20"": 13896}",0,0.0,10,40.0,60.0,20.0,250000,550272,249856,5.0,sgcp-density-cap,1,ns3,899,0.5,10,12,28,,,[],[],,,20,31,
2026_07_29_02_32_08,000132,4,all-cluster-heads,docs\doc_workspace\SGCP\artifacts\early_from_late_checkpoint_20260719\enable_coperception_early_from_attentive.yaml,dynamic_cv,grid,utility,utility,none,0,0,,potential_verified_cov_coalition_game,6,,4;7;8;12,4;7;12,7;12,"{""7"": 13, ""12"": 13}","{""4"": 13769, ""7"": 2921, ""12"": 4274}",115120,38.033370411568406,10,40.0,60.0,20.0,250000,588080,249824,5.0,sgcp-density-cap,1,ns3,899,0.5,10,12,28,,,[],[],7>4:9;12>4:0,,21,47,
2026_07_29_02_32_08,000132,11,all-cluster-heads,docs\doc_workspace\SGCP\artifacts\early_from_late_checkpoint_20260719\enable_coperception_early_from_attentive.yaml,dynamic_cv,grid,utility,utility,none,0,0,,potential_verified_cov_coalition_game,6,,1;2;11;19,11;2;19,2;19,"{""2"": 13, ""19"": 13}","{""2"": 2977, ""11"": 13871, ""19"": 3811}",108608,33.913236929922135,10,40.0,60.0,20.0,250000,588080,249824,5.0,sgcp-density-cap,1,ns3,899,0.5,10,12,28,,,[],[],2>11:8;19>11:1,,22,50,
2026_07_29_02_32_08,000132,13,all-cluster-heads,docs\doc_workspace\SGCP\artifacts\early_from_late_checkpoint_20260719\enable_coperception_early_from_attentive.yaml,dynamic_cv,grid,utility,utility,none,0,0,,potential_verified_cov_coalition_game,6,,9;10;13;14,13;10,10,"{""10"": 4}","{""10"": 1631, ""13"": 13368}",26096,14.513904338153505,10,40.0,60.0,20.0,250000,588080,249824,5.0,sgcp-density-cap,1,ns3,899,0.5,10,12,28,,,[],[],10>13:2,,4,34,
2026_07_29_02_32_08,000132,15,all-cluster-heads,docs\doc_workspace\SGCP\artifacts\early_from_late_checkpoint_20260719\enable_coperception_early_from_attentive.yaml,dynamic_cv,grid,utility,utility,none,0,0,,potential_verified_cov_coalition_game,6,,6;15,15,,{},"{""15"": 13706}",0,0.0,10,40.0,60.0,20.0,250000,588080,249824,5.0,sgcp-density-cap,1,ns3,899,0.5,10,12,28,,,[],[],,,19,26,
2026_07_29_02_32_08,000132,17,all-cluster-heads,docs\doc_workspace\SGCP\artifacts\early_from_late_checkpoint_20260719\enable_coperception_early_from_attentive.yaml,dynamic_cv,grid,utility,utility,none,0,0,,potential_verified_cov_coalition_game,6,,3;16;17;18,17,,{},"{""17"": 14246}",0,0.0,10,40.0,60.0,20.0,250000,588080,249824,5.0,sgcp-density-cap,1,ns3,899,0.5,10,12,28,,,[],[],,,10,21,
2026_07_29_02_32_08,000132,20,all-cluster-heads,docs\doc_workspace\SGCP\artifacts\early_from_late_checkpoint_20260719\enable_coperception_early_from_attentive.yaml,dynamic_cv,grid,utility,utility,none,0,0,,potential_verified_cov_coalition_game,6,,5;20,20,,{},"{""20"": 13905}",0,0.0,10,40.0,60.0,20.0,250000,588080,249824,5.0,sgcp-density-cap,1,ns3,899,0.5,10,12,28,,,[],[],,,22,31,
2026_07_29_02_32_08,000134,4,all-cluster-heads,docs\doc_workspace\SGCP\artifacts\early_from_late_checkpoint_20260719\enable_coperception_early_from_attentive.yaml,dynamic_cv,grid,utility,utility,none,0,0,,potential_verified_cov_coalition_game,6,,4;7;8;12,4;7;12,7;12,"{""7"": 13, ""12"": 13}","{""4"": 13769, ""7"": 2936, ""12"": 4360}",116736,38.79866518353727,10,40.0,60.0,20.0,250000,587744,248736,5.0,sgcp-density-cap,1,ns3,899,0.5,10,12,28,,,[],[],7>4:9;12>4:0,,22,47,
2026_07_29_02_32_08,000134,11,all-cluster-heads,docs\doc_workspace\SGCP\artifacts\early_from_late_checkpoint_20260719\enable_coperception_early_from_attentive.yaml,dynamic_cv,grid,utility,utility,none,0,0,,potential_verified_cov_coalition_game,6,,1;2;11;19,11;2;19,2;19,"{""2"": 13, ""19"": 13}","{""2"": 2968, ""11"": 13868, ""19"": 3810}",108448,33.90433815350389,10,40.0,60.0,20.0,250000,587744,248736,5.0,sgcp-density-cap,1,ns3,899,0.5,10,12,28,,,[],[],2>11:8;19>11:1,,24,50,
2026_07_29_02_32_08,000134,13,all-cluster-heads,docs\doc_workspace\SGCP\artifacts\early_from_late_checkpoint_20260719\enable_coperception_early_from_attentive.yaml,dynamic_cv,grid,utility,utility,none,0,0,,potential_verified_cov_coalition_game,6,,9;10;13;14,13;10,10,"{""10"": 3}","{""10"": 1472, ""13"": 13362}",23552,13.098998887652948,10,40.0,60.0,20.0,250000,587744,248736,5.0,sgcp-density-cap,1,ns3,899,0.5,10,12,28,,,[],[],10>13:2,,4,33,
2026_07_29_02_32_08,000134,15,all-cluster-heads,docs\doc_workspace\SGCP\artifacts\early_from_late_checkpoint_20260719\enable_coperception_early_from_attentive.yaml,dynamic_cv,grid,utility,utility,none,0,0,,potential_verified_cov_coalition_game,6,,6;15,15,,{},"{""15"": 13725}",0,0.0,10,40.0,60.0,20.0,250000,587744,248736,5.0,sgcp-density-cap,1,ns3,899,0.5,10,12,28,,,[],[],,,17,27,
2026_07_29_02_32_08,000134,17,all-cluster-heads,docs\doc_workspace\SGCP\artifacts\early_from_late_checkpoint_20260719\enable_coperception_early_from_attentive.yaml,dynamic_cv,grid,utility,utility,none,0,0,,potential_verified_cov_coalition_game,6,,3;16;17;18,17,,{},"{""17"": 14252}",0,0.0,10,40.0,60.0,20.0,250000,587744,248736,5.0,sgcp-density-cap,1,ns3,899,0.5,10,12,28,,,[],[],,,11,20,
2026_07_29_02_32_08,000134,20,all-cluster-heads,docs\doc_workspace\SGCP\artifacts\early_from_late_checkpoint_20260719\enable_coperception_early_from_attentive.yaml,dynamic_cv,grid,utility,utility,none,0,0,,potential_verified_cov_coalition_game,6,,5;20,20,,{},"{""20"": 13917}",0,0.0,10,40.0,60.0,20.0,250000,587744,248736,5.0,sgcp-density-cap,1,ns3,899,0.5,10,12,28,,,[],[],,,21,31,
2026_07_29_02_32_08,000136,4,all-cluster-heads,docs\doc_workspace\SGCP\artifacts\early_from_late_checkpoint_20260719\enable_coperception_early_from_attentive.yaml,dynamic_cv,grid,utility,utility,none,0,0,,potential_verified_cov_coalition_game,6,,4;7;8;12,4;7;12,7;12,"{""7"": 13, ""12"": 13}","{""4"": 13765, ""7"": 2955, ""12"": 4406}",117776,39.20800889877642,10,40.0,60.0,20.0,250000,586976,249648,5.0,sgcp-density-cap,1,ns3,899,0.5,10,12,28,,,[],[],7>4:9;12>4:0,,21,46,
2026_07_29_02_32_08,000136,11,all-cluster-heads,docs\doc_workspace\SGCP\artifacts\early_from_late_checkpoint_20260719\enable_coperception_early_from_attentive.yaml,dynamic_cv,grid,utility,utility,none,0,0,,potential_verified_cov_coalition_game,6,,1;2;11;19,11;2;19,2;19,"{""2"": 13, ""19"": 13}","{""2"": 2960, ""11"": 13869, ""19"": 3808}",108288,33.88654060066741,10,40.0,60.0,20.0,250000,586976,249648,5.0,sgcp-density-cap,1,ns3,899,0.5,10,12,28,,,[],[],2>11:8;19>11:1,,22,50,
2026_07_29_02_32_08,000136,13,all-cluster-heads,docs\doc_workspace\SGCP\artifacts\early_from_late_checkpoint_20260719\enable_coperception_early_from_attentive.yaml,dynamic_cv,grid,utility,utility,none,0,0,,potential_verified_cov_coalition_game,6,,9;10;13;14,13;10,10,"{""10"": 3}","{""10"": 1474, ""13"": 13374}",23584,13.116796440489432,10,40.0,60.0,20.0,250000,586976,249648,5.0,sgcp-density-cap,1,ns3,899,0.5,10,12,28,,,[],[],10>13:2,,5,32,
2026_07_29_02_32_08,000136,15,all-cluster-heads,docs\doc_workspace\SGCP\artifacts\early_from_late_checkpoint_20260719\enable_coperception_early_from_attentive.yaml,dynamic_cv,grid,utility,utility,none,0,0,,potential_verified_cov_coalition_game,6,,6;15,15,,{},"{""15"": 13717}",0,0.0,10,40.0,60.0,20.0,250000,586976,249648,5.0,sgcp-density-cap,1,ns3,899,0.5,10,12,28,,,[],[],,,21,28,
2026_07_29_02_32_08,000136,17,all-cluster-heads,docs\doc_workspace\SGCP\artifacts\early_from_late_checkpoint_20260719\enable_coperception_early_from_attentive.yaml,dynamic_cv,grid,utility,utility,none,0,0,,potential_verified_cov_coalition_game,6,,3;16;17;18,17,,{},"{""17"": 14256}",0,0.0,10,40.0,60.0,20.0,250000,586976,249648,5.0,sgcp-density-cap,1,ns3,899,0.5,10,12,28,,,[],[],,,10,20,
2026_07_29_02_32_08,000136,20,all-cluster-heads,docs\doc_workspace\SGCP\artifacts\early_from_late_checkpoint_20260719\enable_coperception_early_from_attentive.yaml,dynamic_cv,grid,utility,utility,none,0,0,,potential_verified_cov_coalition_game,6,,5;20,20,,{},"{""20"": 13920}",0,0.0,10,40.0,60.0,20.0,250000,586976,249648,5.0,sgcp-density-cap,1,ns3,899,0.5,10,12,28,,,[],[],,,21,32,
2026_07_29_02_32_08,000138,4,all-cluster-heads,docs\doc_workspace\SGCP\artifacts\early_from_late_checkpoint_20260719\enable_coperception_early_from_attentive.yaml,dynamic_cv,grid,utility,utility,none,0,0,,potential_verified_cov_coalition_game,6,,4;7;8;12,4;7;12,7;12,"{""7"": 13, ""12"": 13}","{""4"": 13763, ""7"": 2969, ""12"": 4533}",120032,40.33815350389321,10,40.0,60.0,20.0,250000,586512,249904,5.0,sgcp-density-cap,1,ns3,899,0.5,10,12,28,,,[],[],7>4:7;12>4:0,,20,47,
2026_07_29_02_32_08,000138,11,all-cluster-heads,docs\doc_workspace\SGCP\artifacts\early_from_late_checkpoint_20260719\enable_coperception_early_from_attentive.yaml,dynamic_cv,grid,utility,utility,none,0,0,,potential_verified_cov_coalition_game,6,,1;2;11;19,11;2;19,2;19,"{""2"": 13, ""19"": 13}","{""2"": 2947, ""11"": 13868, ""19"": 3802}",107984,33.83314794215796,10,40.0,60.0,20.0,250000,586512,249904,5.0,sgcp-density-cap,1,ns3,899,0.5,10,12,28,,,[],[],2>11:8;19>11:1,,22,50,
2026_07_29_02_32_08,000138,13,all-cluster-heads,docs\doc_workspace\SGCP\artifacts\early_from_late_checkpoint_20260719\enable_coperception_early_from_attentive.yaml,dynamic_cv,grid,utility,utility,none,0,0,,potential_verified_cov_coalition_game,6,,9;10;13;14,13;10;14,10;14,"{""10"": 3, ""14"": 1}","{""10"": 1227, ""13"": 13373, ""14"": 141}",21888,10.918798665183537,10,40.0,60.0,20.0,250000,586512,249904,5.0,sgcp-density-cap,1,ns3,899,0.5,10,12,28,,,[],[],10>13:2;14>13:6,,3,32,
2026_07_29_02_32_08,000138,15,all-cluster-heads,docs\doc_workspace\SGCP\artifacts\early_from_late_checkpoint_20260719\enable_coperception_early_from_attentive.yaml,dynamic_cv,grid,utility,utility,none,0,0,,potential_verified_cov_coalition_game,6,,6;15,15,,{},"{""15"": 13742}",0,0.0,10,40.0,60.0,20.0,250000,586512,249904,5.0,sgcp-density-cap,1,ns3,899,0.5,10,12,28,,,[],[],,,22,28,
2026_07_29_02_32_08,000138,17,all-cluster-heads,docs\doc_workspace\SGCP\artifacts\early_from_late_checkpoint_20260719\enable_coperception_early_from_attentive.yaml,dynamic_cv,grid,utility,utility,none,0,0,,potential_verified_cov_coalition_game,6,,3;16;17;18,17,,{},"{""17"": 14254}",0,0.0,10,40.0,60.0,20.0,250000,586512,249904,5.0,sgcp-density-cap,1,ns3,899,0.5,10,12,28,,,[],[],,,11,20,
2026_07_29_02_32_08,000138,20,all-cluster-heads,docs\doc_workspace\SGCP\artifacts\early_from_late_checkpoint_20260719\enable_coperception_early_from_attentive.yaml,dynamic_cv,grid,utility,utility,none,0,0,,potential_verified_cov_coalition_game,6,,5;20,20,,{},"{""20"": 13925}",0,0.0,10,40.0,60.0,20.0,250000,586512,249904,5.0,sgcp-density-cap,1,ns3,899,0.5,10,12,28,,,[],[],,,22,31,
2026_07_29_02_32_08,000140,4,all-cluster-heads,docs\doc_workspace\SGCP\artifacts\early_from_late_checkpoint_20260719\enable_coperception_early_from_attentive.yaml,dynamic_cv,grid,utility,utility,none,0,0,,potential_verified_cov_coalition_game,6,,4;7;8;12,4;7;12,7;12,"{""7"": 13, ""12"": 13}","{""4"": 13760, ""7"": 2950, ""12"": 4618}",121088,41.09454949944383,10,40.0,60.0,20.0,250000,586240,249824,5.0,sgcp-density-cap,1,ns3,899,0.5,10,12,28,,,[],[],7>4:7;12>4:0,,20,47,
2026_07_29_02_32_08,000140,11,all-cluster-heads,docs\doc_workspace\SGCP\artifacts\early_from_late_checkpoint_20260719\enable_coperception_early_from_attentive.yaml,dynamic_cv,grid,utility,utility,none,0,0,,potential_verified_cov_coalition_game,6,,1;2;11;19,11;2;19,2;19,"{""2"": 13, ""19"": 13}","{""2"": 2931, ""11"": 13871, ""19"": 3800}",107696,33.815350389321466,10,40.0,60.0,20.0,250000,586240,249824,5.0,sgcp-density-cap,1,ns3,899,0.5,10,12,28,,,[],[],2>11:8;19>11:1,,22,49,
2026_07_29_02_32_08,000140,13,all-cluster-heads,docs\doc_workspace\SGCP\artifacts\early_from_late_checkpoint_20260719\enable_coperception_early_from_attentive.yaml,dynamic_cv,grid,utility,utility,none,0,0,,potential_verified_cov_coalition_game,6,,9;10;13;14,13;10,10,"{""10"": 3}","{""10"": 1228, ""13"": 13344}",19648,10.92769744160178,10,40.0,60.0,20.0,250000,586240,249824,5.0,sgcp-density-cap,1,ns3,899,0.5,10,12,28,,,[],[],10>13:2,,3,32,
2026_07_29_02_32_08,000140,15,all-cluster-heads,docs\doc_workspace\SGCP\artifacts\early_from_late_checkpoint_20260719\enable_coperception_early_from_attentive.yaml,dynamic_cv,grid,utility,utility,none,0,0,,potential_verified_cov_coalition_game,6,,6;15,15,,{},"{""15"": 13738}",0,0.0,10,40.0,60.0,20.0,250000,586240,249824,5.0,sgcp-density-cap,1,ns3,899,0.5,10,12,28,,,[],[],,,20,28,
2026_07_29_02_32_08,000140,17,all-cluster-heads,docs\doc_workspace\SGCP\artifacts\early_from_late_checkpoint_20260719\enable_coperception_early_from_attentive.yaml,dynamic_cv,grid,utility,utility,none,0,0,,potential_verified_cov_coalition_game,6,,3;16;17;18,17;16,16,"{""16"": 1}","{""16"": 87, ""17"": 14258}",1392,0.7741935483870968,10,40.0,60.0,20.0,250000,586240,249824,5.0,sgcp-density-cap,1,ns3,899,0.5,10,12,28,,,[],[],16>17:9,,12,23,
2026_07_29_02_32_08,000140,20,all-cluster-heads,docs\doc_workspace\SGCP\artifacts\early_from_late_checkpoint_20260719\enable_coperception_early_from_attentive.yaml,dynamic_cv,grid,utility,utility,none,0,0,,potential_verified_cov_coalition_game,6,,5;20,20,,{},"{""20"": 13922}",0,0.0,10,40.0,60.0,20.0,250000,586240,249824,5.0,sgcp-density-cap,1,ns3,899,0.5,10,12,28,,,[],[],,,22,31,
