scenario_id,timestamp,receiver_id,receiver_policy,coperception_yaml,resource_allocation,upload_mode,grid_selection_mode,grid_score_mode,coverage_fallback,coverage_fallback_replacements,routing_hint_replacements,routing_hints_csv,clustering,cluster_count,selective_frame_deadline_ms,cluster_member_ids,source_cav_ids,uploaded_source_ids,selected_grid_counts_json,point_counts_json,communication_bytes,frame_comm_time_ms,num_channels,bandwidth_mhz,communication_deadline_ms,max_senders_per_receiver,channel_estimator,ns3_tb_size_bytes,ns3_slot_duration_ms,ns3_subchannel_prbs,ns3_symbols_per_slot,ns3_mcs,pcs_rounds_requested,pcs_rounds_accepted,pcs_round_comm_time_ms_json,pcs_round_comm_bytes_json,channel_allocation,missing_channel_sources,pred_boxes,gt_boxes,skipped
2026_07_15_01_26_56,000060,4,all-cluster-heads,docs\doc_workspace\SGCP\artifacts\early_from_late_checkpoint_20260719\enable_coperception_early_from_attentive.yaml,cov_potential_game,grid,utility,utility,none,0,0,,cov_coalition_game,6,,4;8;12,4;12,12,"{""12"": 22}","{""4"": 4886, ""12"": 1868}",29888,16.622914349276975,10,40.0,60.0,1,ns3,899,0.5,10,12,28,,,[],[],12>4:0,,14,34,
2026_07_15_01_26_56,000060,11,all-cluster-heads,docs\doc_workspace\SGCP\artifacts\early_from_late_checkpoint_20260719\enable_coperception_early_from_attentive.yaml,cov_potential_game,grid,utility,utility,none,0,0,,cov_coalition_game,6,,1;2;10;11,11;10;2,10;2,"{""2"": 22, ""10"": 22}","{""2"": 4546, ""10"": 4667, ""11"": 4909}",147408,41.53058954393771,10,40.0,60.0,1,ns3,899,0.5,10,12,28,,,[],[],2>11:6;10>11:1,,26,45,
2026_07_15_01_26_56,000060,13,all-cluster-heads,docs\doc_workspace\SGCP\artifacts\early_from_late_checkpoint_20260719\enable_coperception_early_from_attentive.yaml,cov_potential_game,grid,utility,utility,none,0,0,,cov_coalition_game,6,,9;13;14;19,13;14;9,14;9,"{""9"": 22, ""14"": 22}","{""9"": 4728, ""13"": 4793, ""14"": 4760}",151808,42.35817575083426,10,40.0,60.0,1,ns3,899,0.5,10,12,28,,,[],[],9>13:7;14>13:2,,7,26,
2026_07_15_01_26_56,000060,15,all-cluster-heads,docs\doc_workspace\SGCP\artifacts\early_from_late_checkpoint_20260719\enable_coperception_early_from_attentive.yaml,cov_potential_game,grid,utility,utility,none,0,0,,cov_coalition_game,6,,6;15,15;6,6,"{""6"": 22}","{""6"": 4245, ""15"": 4740}",67920,37.77530589543938,10,40.0,60.0,1,ns3,899,0.5,10,12,28,,,[],[],6>15:3,,13,17,
2026_07_15_01_26_56,000060,16,all-cluster-heads,docs\doc_workspace\SGCP\artifacts\early_from_late_checkpoint_20260719\enable_coperception_early_from_attentive.yaml,cov_potential_game,grid,utility,utility,none,0,0,,cov_coalition_game,6,,5;7;16;20,16;7;20,7;20,"{""7"": 22, ""20"": 22}","{""7"": 4382, ""16"": 4857, ""20"": 4665}",144752,41.512791991101224,10,40.0,60.0,1,ns3,899,0.5,10,12,28,,,[],[],7>16:4;20>16:8,,20,30,
2026_07_15_01_26_56,000060,17,all-cluster-heads,docs\doc_workspace\SGCP\artifacts\early_from_late_checkpoint_20260719\enable_coperception_early_from_attentive.yaml,cov_potential_game,grid,utility,utility,none,0,0,,cov_coalition_game,6,,3;17;18,17;3;18,3;18,"{""3"": 22, ""18"": 22}","{""3"": 3026, ""17"": 4967, ""18"": 4658}",122944,41.45050055617352,10,40.0,60.0,1,ns3,899,0.5,10,12,28,,,[],[],3>17:5;18>17:9,,11,17,
2026_07_15_01_26_56,000062,1,all-cluster-heads,docs\doc_workspace\SGCP\artifacts\early_from_late_checkpoint_20260719\enable_coperception_early_from_attentive.yaml,cov_potential_game,grid,utility,utility,none,0,0,,cov_coalition_game,6,,1;2;8;11,1;2;11,2;11,"{""2"": 22, ""11"": 22}","{""1"": 4921, ""2"": 4168, ""11"": 4579}",139952,40.74749721913237,10,40.0,60.0,1,ns3,899,0.5,10,12,28,,,[],[],2>1:0;11>1:9,,25,40,
2026_07_15_01_26_56,000062,12,all-cluster-heads,docs\doc_workspace\SGCP\artifacts\early_from_late_checkpoint_20260719\enable_coperception_early_from_attentive.yaml,cov_potential_game,grid,utility,utility,none,0,0,,cov_coalition_game,6,,4;12,12;4,4,"{""4"": 22}","{""4"": 3026, ""12"": 4894}",48416,26.92769744160178,10,40.0,60.0,1,ns3,899,0.5,10,12,28,,,[],[],4>12:1,,12,35,
2026_07_15_01_26_56,000062,15,all-cluster-heads,docs\doc_workspace\SGCP\artifacts\early_from_late_checkpoint_20260719\enable_coperception_early_from_attentive.yaml,cov_potential_game,grid,utility,utility,none,0,0,,cov_coalition_game,6,,6;15,15;6,6,"{""6"": 22}","{""6"": 4234, ""15"": 4745}",67744,37.67741935483871,10,40.0,60.0,1,ns3,899,0.5,10,12,28,,,[],[],6>15:2,,15,17,
2026_07_15_01_26_56,000062,16,all-cluster-heads,docs\doc_workspace\SGCP\artifacts\early_from_late_checkpoint_20260719\enable_coperception_early_from_attentive.yaml,cov_potential_game,grid,utility,utility,none,0,0,,cov_coalition_game,6,,5;7;16;20,16;7;20,7;20,"{""7"": 22, ""20"": 22}","{""7"": 4382, ""16"": 4866, ""20"": 4666}",144768,41.521690767519466,10,40.0,60.0,1,ns3,899,0.5,10,12,28,,,[],[],7>16:3;20>16:8,,18,30,
2026_07_15_01_26_56,000062,17,all-cluster-heads,docs\doc_workspace\SGCP\artifacts\early_from_late_checkpoint_20260719\enable_coperception_early_from_attentive.yaml,cov_potential_game,grid,utility,utility,none,0,0,,cov_coalition_game,6,,3;14;17;18,17;14;3,14;3,"{""3"": 22, ""14"": 22}","{""3"": 4568, ""14"": 4736, ""17"": 4985}",148864,42.14460511679644,10,40.0,60.0,1,ns3,899,0.5,10,12,28,,,[],[],3>17:6;14>17:4,,11,15,
2026_07_15_01_26_56,000062,19,all-cluster-heads,docs\doc_workspace\SGCP\artifacts\early_from_late_checkpoint_20260719\enable_coperception_early_from_attentive.yaml,cov_potential_game,grid,utility,utility,none,0,0,,cov_coalition_game,6,,9;10;13;19,19;10;9,10;9,"{""9"": 22, ""10"": 22}","{""9"": 4728, ""10"": 4673, ""19"": 4823}",150416,42.073414905450505,10,40.0,60.0,1,ns3,899,0.5,10,12,28,,,[],[],9>19:7;10>19:5,,14,33,
2026_07_15_01_26_56,000064,1,all-cluster-heads,docs\doc_workspace\SGCP\artifacts\early_from_late_checkpoint_20260719\enable_coperception_early_from_attentive.yaml,cov_potential_game,grid,utility,utility,none,0,0,,cov_coalition_game,6,,1;2;8;11,1;2;11,2;11,"{""2"": 22, ""11"": 22}","{""1"": 4921, ""2"": 4143, ""11"": 4462}",137680,39.706340378198,10,40.0,60.0,1,ns3,899,0.5,10,12,28,,,[],[],2>1:0;11>1:9,,27,40,
2026_07_15_01_26_56,000064,12,all-cluster-heads,docs\doc_workspace\SGCP\artifacts\early_from_late_checkpoint_20260719\enable_coperception_early_from_attentive.yaml,cov_potential_game,grid,utility,utility,none,0,0,,cov_coalition_game,6,,4;12,12;4,4,"{""4"": 22}","{""4"": 3030, ""12"": 4896}",48480,26.96329254727475,10,40.0,60.0,1,ns3,899,0.5,10,12,28,,,[],[],4>12:1,,12,35,
2026_07_15_01_26_56,000064,15,all-cluster-heads,docs\doc_workspace\SGCP\artifacts\early_from_late_checkpoint_20260719\enable_coperception_early_from_attentive.yaml,cov_potential_game,grid,utility,utility,none,0,0,,cov_coalition_game,6,,6;15,15;6,6,"{""6"": 22}","{""6"": 4235, ""15"": 4750}",67760,37.686318131256954,10,40.0,60.0,1,ns3,899,0.5,10,12,28,,,[],[],6>15:2,,15,17,
2026_07_15_01_26_56,000064,16,all-cluster-heads,docs\doc_workspace\SGCP\artifacts\early_from_late_checkpoint_20260719\enable_coperception_early_from_attentive.yaml,cov_potential_game,grid,utility,utility,none,0,0,,cov_coalition_game,6,,5;7;16;20,16;7;20,7;20,"{""7"": 22, ""20"": 22}","{""7"": 4398, ""16"": 4850, ""20"": 4667}",145040,41.53058954393771,10,40.0,60.0,1,ns3,899,0.5,10,12,28,,,[],[],7>16:3;20>16:8,,21,31,
2026_07_15_01_26_56,000064,17,all-cluster-heads,docs\doc_workspace\SGCP\artifacts\early_from_late_checkpoint_20260719\enable_coperception_early_from_attentive.yaml,cov_potential_game,grid,utility,utility,none,0,0,,cov_coalition_game,6,,3;14;17;18,17;14;3,14;3,"{""3"": 22, ""14"": 22}","{""3"": 4551, ""14"": 4712, ""17"": 4966}",148208,41.931034482758626,10,40.0,60.0,1,ns3,899,0.5,10,12,28,,,[],[],3>17:6;14>17:4,,11,15,
2026_07_15_01_26_56,000064,19,all-cluster-heads,docs\doc_workspace\SGCP\artifacts\early_from_late_checkpoint_20260719\enable_coperception_early_from_attentive.yaml,cov_potential_game,grid,utility,utility,none,0,0,,cov_coalition_game,6,,9;10;13;19,19;10;9,10;9,"{""9"": 22, ""10"": 22}","{""9"": 4728, ""10"": 4666, ""19"": 4819}",150304,42.073414905450505,10,40.0,60.0,1,ns3,899,0.5,10,12,28,,,[],[],9>19:7;10>19:5,,10,33,
2026_07_15_01_26_56,000066,1,all-cluster-heads,docs\doc_workspace\SGCP\artifacts\early_from_late_checkpoint_20260719\enable_coperception_early_from_attentive.yaml,cov_potential_game,grid,utility,utility,none,0,0,,cov_coalition_game,6,,1;2;8;11,1;2;11,2;11,"{""2"": 22, ""11"": 22}","{""1"": 4922, ""2"": 4170, ""11"": 4461}",138096,39.69744160177976,10,40.0,60.0,1,ns3,899,0.5,10,12,28,,,[],[],2>1:0;11>1:9,,27,41,
2026_07_15_01_26_56,000066,12,all-cluster-heads,docs\doc_workspace\SGCP\artifacts\early_from_late_checkpoint_20260719\enable_coperception_early_from_attentive.yaml,cov_potential_game,grid,utility,utility,none,0,0,,cov_coalition_game,6,,4;7;12,12;7;4,7;4,"{""4"": 22, ""7"": 22}","{""4"": 4507, ""7"": 4498, ""12"": 4884}",144080,40.10678531701891,10,40.0,60.0,1,ns3,899,0.5,10,12,28,,,[],[],4>12:8;7>12:1,,19,42,
2026_07_15_01_26_56,000066,15,all-cluster-heads,docs\doc_workspace\SGCP\artifacts\early_from_late_checkpoint_20260719\enable_coperception_early_from_attentive.yaml,cov_potential_game,grid,utility,utility,none,0,0,,cov_coalition_game,6,,6;15,15;6,6,"{""6"": 22}","{""6"": 4223, ""15"": 4740}",67568,37.57953281423804,10,40.0,60.0,1,ns3,899,0.5,10,12,28,,,[],[],6>15:2,,14,17,
2026_07_15_01_26_56,000066,16,all-cluster-heads,docs\doc_workspace\SGCP\artifacts\early_from_late_checkpoint_20260719\enable_coperception_early_from_attentive.yaml,cov_potential_game,grid,utility,utility,none,0,0,,cov_coalition_game,6,,5;16;20,16;20,20,"{""20"": 22}","{""16"": 4854, ""20"": 2989}",47824,26.598442714126808,10,40.0,60.0,1,ns3,899,0.5,10,12,28,,,[],[],20>16:3,,14,25,
2026_07_15_01_26_56,000066,17,all-cluster-heads,docs\doc_workspace\SGCP\artifacts\early_from_late_checkpoint_20260719\enable_coperception_early_from_attentive.yaml,cov_potential_game,grid,utility,utility,none,0,0,,cov_coalition_game,6,,3;14;17;18,17;14;3,14;3,"{""3"": 22, ""14"": 22}","{""3"": 4556, ""14"": 4699, ""17"": 4984}",148080,41.815350389321466,10,40.0,60.0,1,ns3,899,0.5,10,12,28,,,[],[],3>17:6;14>17:4,,9,15,
2026_07_15_01_26_56,000066,19,all-cluster-heads,docs\doc_workspace\SGCP\artifacts\early_from_late_checkpoint_20260719\enable_coperception_early_from_attentive.yaml,cov_potential_game,grid,utility,utility,none,0,0,,cov_coalition_game,6,,9;10;13;19,19;10;9,10;9,"{""9"": 22, ""10"": 22}","{""9"": 4728, ""10"": 4665, ""19"": 4818}",150288,42.073414905450505,10,40.0,60.0,1,ns3,899,0.5,10,12,28,,,[],[],9>19:7;10>19:5,,9,34,
2026_07_15_01_26_56,000068,1,all-cluster-heads,docs\doc_workspace\SGCP\artifacts\early_from_late_checkpoint_20260719\enable_coperception_early_from_attentive.yaml,cov_potential_game,grid,utility,utility,none,0,0,,cov_coalition_game,6,,1;2;8;11,1;2;11,2;11,"{""2"": 22, ""11"": 22}","{""1"": 4924, ""2"": 4160, ""11"": 4462}",137952,39.706340378198,10,40.0,60.0,1,ns3,899,0.5,10,12,28,,,[],[],2>1:0;11>1:9,,25,42,
2026_07_15_01_26_56,000068,4,all-cluster-heads,docs\doc_workspace\SGCP\artifacts\early_from_late_checkpoint_20260719\enable_coperception_early_from_attentive.yaml,cov_potential_game,grid,utility,utility,none,0,0,,cov_coalition_game,6,,4;9;12,4;9;12,9;12,"{""9"": 22, ""12"": 22}","{""4"": 4848, ""9"": 4729, ""12"": 4517}",147936,42.08231368186875,10,40.0,60.0,1,ns3,899,0.5,10,12,28,,,[],[],9>4:1;12>4:8,,25,43,
2026_07_15_01_26_56,000068,13,all-cluster-heads,docs\doc_workspace\SGCP\artifacts\early_from_late_checkpoint_20260719\enable_coperception_early_from_attentive.yaml,cov_potential_game,grid,utility,utility,none,0,0,,cov_coalition_game,6,,10;13;14;19,13;14;10,14;10,"{""10"": 22, ""14"": 22}","{""10"": 4660, ""13"": 4795, ""14"": 4689}",149584,41.72636262513904,10,40.0,60.0,1,ns3,899,0.5,10,12,28,,,[],[],10>13:6;14>13:2,,11,31,
2026_07_15_01_26_56,000068,15,all-cluster-heads,docs\doc_workspace\SGCP\artifacts\early_from_late_checkpoint_20260719\enable_coperception_early_from_attentive.yaml,cov_potential_game,grid,utility,utility,none,0,0,,cov_coalition_game,6,,6;15,15;6,6,"{""6"": 22}","{""6"": 4238, ""15"": 4743}",67808,37.71301446051168,10,40.0,60.0,1,ns3,899,0.5,10,12,28,,,[],[],6>15:3,,15,16,
2026_07_15_01_26_56,000068,16,all-cluster-heads,docs\doc_workspace\SGCP\artifacts\early_from_late_checkpoint_20260719\enable_coperception_early_from_attentive.yaml,cov_potential_game,grid,utility,utility,none,0,0,,cov_coalition_game,6,,5;7;16;20,16;7;20,7;20,"{""7"": 22, ""20"": 22}","{""7"": 4398, ""16"": 4887, ""20"": 4665}",145008,41.512791991101224,10,40.0,60.0,1,ns3,899,0.5,10,12,28,,,[],[],7>16:4;20>16:7,,18,29,
2026_07_15_01_26_56,000068,17,all-cluster-heads,docs\doc_workspace\SGCP\artifacts\early_from_late_checkpoint_20260719\enable_coperception_early_from_attentive.yaml,cov_potential_game,grid,utility,utility,none,0,0,,cov_coalition_game,6,,3;17;18,17;3,3,"{""3"": 22}","{""3"": 2921, ""17"": 4976}",46736,25.993325917686317,10,40.0,60.0,1,ns3,899,0.5,10,12,28,,,[],[],3>17:5,,9,15,
2026_07_15_01_26_56,000070,1,all-cluster-heads,docs\doc_workspace\SGCP\artifacts\early_from_late_checkpoint_20260719\enable_coperception_early_from_attentive.yaml,cov_potential_game,grid,utility,utility,none,0,0,,cov_coalition_game,6,,1;4;12,1;12;4,12;4,"{""4"": 22, ""12"": 22}","{""1"": 4925, ""4"": 4074, ""12"": 4514}",137408,40.169076751946605,10,40.0,60.0,1,ns3,899,0.5,10,12,28,,,[],[],4>1:9;12>1:0,,20,37,
2026_07_15_01_26_56,000070,11,all-cluster-heads,docs\doc_workspace\SGCP\artifacts\early_from_late_checkpoint_20260719\enable_coperception_early_from_attentive.yaml,cov_potential_game,grid,utility,utility,none,0,0,,cov_coalition_game,6,,2;8;9;11,11;9;2,9;2,"{""2"": 22, ""9"": 22}","{""2"": 4555, ""9"": 4709, ""11"": 4909}",148224,41.90433815350389,10,40.0,60.0,1,ns3,899,0.5,10,12,28,,,[],[],2>11:6;9>11:1,,26,45,
2026_07_15_01_26_56,000070,13,all-cluster-heads,docs\doc_workspace\SGCP\artifacts\early_from_late_checkpoint_20260719\enable_coperception_early_from_attentive.yaml,cov_potential_game,grid,utility,utility,none,0,0,,cov_coalition_game,6,,10;13;14;19,13;14;10,14;10,"{""10"": 22, ""14"": 22}","{""10"": 4671, ""13"": 4795, ""14"": 4699}",149920,41.815350389321466,10,40.0,60.0,1,ns3,899,0.5,10,12,28,,,[],[],10>13:7;14>13:2,,10,31,
2026_07_15_01_26_56,000070,15,all-cluster-heads,docs\doc_workspace\SGCP\artifacts\early_from_late_checkpoint_20260719\enable_coperception_early_from_attentive.yaml,cov_potential_game,grid,utility,utility,none,0,0,,cov_coalition_game,6,,6;15,15;6,6,"{""6"": 22}","{""6"": 4221, ""15"": 4740}",67536,37.56173526140156,10,40.0,60.0,1,ns3,899,0.5,10,12,28,,,[],[],6>15:3,,15,16,
2026_07_15_01_26_56,000070,16,all-cluster-heads,docs\doc_workspace\SGCP\artifacts\early_from_late_checkpoint_20260719\enable_coperception_early_from_attentive.yaml,cov_potential_game,grid,utility,utility,none,0,0,,cov_coalition_game,6,,5;7;16;20,16;7;20,7;20,"{""7"": 22, ""20"": 22}","{""7"": 4416, ""16"": 4856, ""20"": 4657}",145168,41.44160177975528,10,40.0,60.0,1,ns3,899,0.5,10,12,28,,,[],[],7>16:4;20>16:8,,18,29,
2026_07_15_01_26_56,000070,17,all-cluster-heads,docs\doc_workspace\SGCP\artifacts\early_from_late_checkpoint_20260719\enable_coperception_early_from_attentive.yaml,cov_potential_game,grid,utility,utility,none,0,0,,cov_coalition_game,6,,3;17;18,17;3,3,"{""3"": 22}","{""3"": 2883, ""17"": 4972}",46128,25.655172413793103,10,40.0,60.0,1,ns3,899,0.5,10,12,28,,,[],[],3>17:5,,10,15,
2026_07_15_01_26_56,000072,1,all-cluster-heads,docs\doc_workspace\SGCP\artifacts\early_from_late_checkpoint_20260719\enable_coperception_early_from_attentive.yaml,cov_potential_game,grid,utility,utility,none,0,0,,cov_coalition_game,6,,1;2;8;11,1;2;11,2;11,"{""2"": 22, ""11"": 22}","{""1"": 4928, ""2"": 4149, ""11"": 4582}",139696,40.7741935483871,10,40.0,60.0,1,ns3,899,0.5,10,12,28,,,[],[],2>1:0;11>1:9,,26,41,
2026_07_15_01_26_56,000072,4,all-cluster-heads,docs\doc_workspace\SGCP\artifacts\early_from_late_checkpoint_20260719\enable_coperception_early_from_attentive.yaml,cov_potential_game,grid,utility,utility,none,0,0,,cov_coalition_game,6,,4;9;12,4;9;12,9;12,"{""9"": 22, ""12"": 22}","{""4"": 4868, ""9"": 4730, ""12"": 4523}",148048,42.09121245828699,10,40.0,60.0,1,ns3,899,0.5,10,12,28,,,[],[],9>4:1;12>4:8,,22,42,
2026_07_15_01_26_56,000072,13,all-cluster-heads,docs\doc_workspace\SGCP\artifacts\early_from_late_checkpoint_20260719\enable_coperception_early_from_attentive.yaml,cov_potential_game,grid,utility,utility,none,0,0,,cov_coalition_game,6,,10;13;14;19,13;14;10,14;10,"{""10"": 22, ""14"": 22}","{""10"": 4626, ""13"": 4800, ""14"": 4690}",149056,41.73526140155728,10,40.0,60.0,1,ns3,899,0.5,10,12,28,,,[],[],10>13:6;14>13:2,,12,30,
2026_07_15_01_26_56,000072,15,all-cluster-heads,docs\doc_workspace\SGCP\artifacts\early_from_late_checkpoint_20260719\enable_coperception_early_from_attentive.yaml,cov_potential_game,grid,utility,utility,none,0,0,,cov_coalition_game,6,,6;15,15;6,6,"{""6"": 22}","{""6"": 4207, ""15"": 4748}",67312,37.437152391546164,10,40.0,60.0,1,ns3,899,0.5,10,12,28,,,[],[],6>15:3,,16,18,
2026_07_15_01_26_56,000072,16,all-cluster-heads,docs\doc_workspace\SGCP\artifacts\early_from_late_checkpoint_20260719\enable_coperception_early_from_attentive.yaml,cov_potential_game,grid,utility,utility,none,0,0,,cov_coalition_game,6,,5;7;16;20,16;7;20,7;20,"{""7"": 22, ""20"": 22}","{""7"": 4372, ""16"": 4868, ""20"": 4659}",144496,41.459399332591765,10,40.0,60.0,1,ns3,899,0.5,10,12,28,,,[],[],7>16:4;20>16:7,,18,28,
2026_07_15_01_26_56,000072,17,all-cluster-heads,docs\doc_workspace\SGCP\artifacts\early_from_late_checkpoint_20260719\enable_coperception_early_from_attentive.yaml,cov_potential_game,grid,utility,utility,none,0,0,,cov_coalition_game,6,,3;17;18,17;3,3,"{""3"": 22}","{""3"": 2852, ""17"": 4977}",45632,25.379310344827584,10,40.0,60.0,1,ns3,899,0.5,10,12,28,,,[],[],3>17:5,,9,15,
2026_07_15_01_26_56,000074,1,all-cluster-heads,docs\doc_workspace\SGCP\artifacts\early_from_late_checkpoint_20260719\enable_coperception_early_from_attentive.yaml,cov_potential_game,grid,utility,utility,none,0,0,,cov_coalition_game,6,,1;2;8;11,1;2;11,2;11,"{""2"": 22, ""11"": 22}","{""1"": 4931, ""2"": 4150, ""11"": 4580}",139680,40.75639599555061,10,40.0,60.0,1,ns3,899,0.5,10,12,28,,,[],[],2>1:0;11>1:8,,28,39,
2026_07_15_01_26_56,000074,12,all-cluster-heads,docs\doc_workspace\SGCP\artifacts\early_from_late_checkpoint_20260719\enable_coperception_early_from_attentive.yaml,cov_potential_game,grid,utility,utility,none,0,0,,cov_coalition_game,6,,4;7;12,12;7;4,7;4,"{""4"": 22, ""7"": 22}","{""4"": 4503, ""7"": 4543, ""12"": 4881}",144736,40.42714126807564,10,40.0,60.0,1,ns3,899,0.5,10,12,28,,,[],[],4>12:9;7>12:1,,17,43,
2026_07_15_01_26_56,000074,13,all-cluster-heads,docs\doc_workspace\SGCP\artifacts\early_from_late_checkpoint_20260719\enable_coperception_early_from_attentive.yaml,cov_potential_game,grid,utility,utility,none,0,0,,cov_coalition_game,6,,10;13;14;19,13;14;10,14;10,"{""10"": 22, ""14"": 22}","{""10"": 4678, ""13"": 4800, ""14"": 4657}",149360,41.62847608453838,10,40.0,60.0,1,ns3,899,0.5,10,12,28,,,[],[],10>13:7;14>13:2,,11,30,
2026_07_15_01_26_56,000074,15,all-cluster-heads,docs\doc_workspace\SGCP\artifacts\early_from_late_checkpoint_20260719\enable_coperception_early_from_attentive.yaml,cov_potential_game,grid,utility,utility,none,0,0,,cov_coalition_game,6,,6;15,15;6,6,"{""6"": 22}","{""6"": 4213, ""15"": 4753}",67408,37.49054505005562,10,40.0,60.0,1,ns3,899,0.5,10,12,28,,,[],[],6>15:3,,15,18,
2026_07_15_01_26_56,000074,17,all-cluster-heads,docs\doc_workspace\SGCP\artifacts\early_from_late_checkpoint_20260719\enable_coperception_early_from_attentive.yaml,cov_potential_game,grid,utility,utility,none,0,0,,cov_coalition_game,6,,3;17;18,17;3,3,"{""3"": 22}","{""3"": 3341, ""17"": 4954}",53456,29.730812013348164,10,40.0,60.0,1,ns3,899,0.5,10,12,28,,,[],[],3>17:4,,9,15,
2026_07_15_01_26_56,000074,20,all-cluster-heads,docs\doc_workspace\SGCP\artifacts\early_from_late_checkpoint_20260719\enable_coperception_early_from_attentive.yaml,cov_potential_game,grid,utility,utility,none,0,0,,cov_coalition_game,6,,5;9;16;20,20;9;16,9;16,"{""9"": 22, ""16"": 22}","{""9"": 4714, ""16"": 4663, ""20"": 4907}",150032,41.94883203559511,10,40.0,60.0,1,ns3,899,0.5,10,12,28,,,[],[],9>20:5;16>20:6,,22,32,
2026_07_15_01_26_56,000076,1,all-cluster-heads,docs\doc_workspace\SGCP\artifacts\early_from_late_checkpoint_20260719\enable_coperception_early_from_attentive.yaml,cov_potential_game,grid,utility,utility,none,0,0,,cov_coalition_game,6,,1;2;8;11,1;2;11,2;11,"{""2"": 22, ""11"": 22}","{""1"": 4934, ""2"": 4145, ""11"": 4581}",139616,40.765294771968854,10,40.0,60.0,1,ns3,899,0.5,10,12,28,,,[],[],2>1:0;11>1:9,,26,41,
2026_07_15_01_26_56,000076,4,all-cluster-heads,docs\doc_workspace\SGCP\artifacts\early_from_late_checkpoint_20260719\enable_coperception_early_from_attentive.yaml,cov_potential_game,grid,utility,utility,none,0,0,,cov_coalition_game,6,,4;9;12,4;9;12,9;12,"{""9"": 22, ""12"": 22}","{""4"": 4853, ""9"": 4729, ""12"": 4519}",147968,42.08231368186875,10,40.0,60.0,1,ns3,899,0.5,10,12,28,,,[],[],9>4:1;12>4:8,,20,42,
2026_07_15_01_26_56,000076,13,all-cluster-heads,docs\doc_workspace\SGCP\artifacts\early_from_late_checkpoint_20260719\enable_coperception_early_from_attentive.yaml,cov_potential_game,grid,utility,utility,none,0,0,,cov_coalition_game,6,,10;13;14;19,13;14;10,14;10,"{""10"": 22, ""14"": 22}","{""10"": 4684, ""13"": 4773, ""14"": 4640}",149184,41.68186874304783,10,40.0,60.0,1,ns3,899,0.5,10,12,28,,,[],[],10>13:6;14>13:2,,11,29,
2026_07_15_01_26_56,000076,15,all-cluster-heads,docs\doc_workspace\SGCP\artifacts\early_from_late_checkpoint_20260719\enable_coperception_early_from_attentive.yaml,cov_potential_game,grid,utility,utility,none,0,0,,cov_coalition_game,6,,6;15,15;6,6,"{""6"": 22}","{""6"": 4221, ""15"": 4754}",67536,37.56173526140156,10,40.0,60.0,1,ns3,899,0.5,10,12,28,,,[],[],6>15:3,,16,18,
2026_07_15_01_26_56,000076,16,all-cluster-heads,docs\doc_workspace\SGCP\artifacts\early_from_late_checkpoint_20260719\enable_coperception_early_from_attentive.yaml,cov_potential_game,grid,utility,utility,none,0,0,,cov_coalition_game,6,,5;7;16;20,16;7;20,7;20,"{""7"": 22, ""20"": 22}","{""7"": 4402, ""16"": 4885, ""20"": 4662}",145024,41.4860956618465,10,40.0,60.0,1,ns3,899,0.5,10,12,28,,,[],[],7>16:4;20>16:7,,17,28,
2026_07_15_01_26_56,000076,17,all-cluster-heads,docs\doc_workspace\SGCP\artifacts\early_from_late_checkpoint_20260719\enable_coperception_early_from_attentive.yaml,cov_potential_game,grid,utility,utility,none,0,0,,cov_coalition_game,6,,3;17;18,17;3,3,"{""3"": 22}","{""3"": 3439, ""17"": 5003}",55024,30.60289210233593,10,40.0,60.0,1,ns3,899,0.5,10,12,28,,,[],[],3>17:5,,9,16,
2026_07_15_01_26_56,000078,1,all-cluster-heads,docs\doc_workspace\SGCP\artifacts\early_from_late_checkpoint_20260719\enable_coperception_early_from_attentive.yaml,cov_potential_game,grid,utility,utility,none,0,0,,cov_coalition_game,6,,1;2;8;11,1;2;11,2;11,"{""2"": 22, ""11"": 22}","{""1"": 4934, ""2"": 4140, ""11"": 4581}",139536,40.765294771968854,10,40.0,60.0,1,ns3,899,0.5,10,12,28,,,[],[],2>1:0;11>1:9,,26,40,
2026_07_15_01_26_56,000078,4,all-cluster-heads,docs\doc_workspace\SGCP\artifacts\early_from_late_checkpoint_20260719\enable_coperception_early_from_attentive.yaml,cov_potential_game,grid,utility,utility,none,0,0,,cov_coalition_game,6,,4;9;12,4;9;12,9;12,"{""9"": 22, ""12"": 22}","{""4"": 4858, ""9"": 4727, ""12"": 4509}",147776,42.06451612903226,10,40.0,60.0,1,ns3,899,0.5,10,12,28,,,[],[],9>4:1;12>4:8,,21,44,
2026_07_15_01_26_56,000078,13,all-cluster-heads,docs\doc_workspace\SGCP\artifacts\early_from_late_checkpoint_20260719\enable_coperception_early_from_attentive.yaml,cov_potential_game,grid,utility,utility,none,0,0,,cov_coalition_game,6,,10;13;14;19,13;14;10,14;10,"{""10"": 22, ""14"": 22}","{""10"": 4685, ""13"": 4778, ""14"": 4635}",149120,41.69076751946607,10,40.0,60.0,1,ns3,899,0.5,10,12,28,,,[],[],10>13:6;14>13:2,,11,30,
2026_07_15_01_26_56,000078,15,all-cluster-heads,docs\doc_workspace\SGCP\artifacts\early_from_late_checkpoint_20260719\enable_coperception_early_from_attentive.yaml,cov_potential_game,grid,utility,utility,none,0,0,,cov_coalition_game,6,,6;15,15;6,6,"{""6"": 22}","{""6"": 4216, ""15"": 4753}",67456,37.51724137931035,10,40.0,60.0,1,ns3,899,0.5,10,12,28,,,[],[],6>15:3,,17,19,
2026_07_15_01_26_56,000078,16,all-cluster-heads,docs\doc_workspace\SGCP\artifacts\early_from_late_checkpoint_20260719\enable_coperception_early_from_attentive.yaml,cov_potential_game,grid,utility,utility,none,0,0,,cov_coalition_game,6,,5;7;16;20,16;7;20,7;20,"{""7"": 22, ""20"": 22}","{""7"": 4404, ""16"": 4880, ""20"": 4664}",145088,41.50389321468298,10,40.0,60.0,1,ns3,899,0.5,10,12,28,,,[],[],7>16:4;20>16:7,,16,27,
2026_07_15_01_26_56,000078,17,all-cluster-heads,docs\doc_workspace\SGCP\artifacts\early_from_late_checkpoint_20260719\enable_coperception_early_from_attentive.yaml,cov_potential_game,grid,utility,utility,none,0,0,,cov_coalition_game,6,,3;17;18,17;3,3,"{""3"": 22}","{""3"": 3452, ""17"": 4995}",55232,30.718576195773082,10,40.0,60.0,1,ns3,899,0.5,10,12,28,,,[],[],3>17:5,,8,16,
2026_07_15_01_26_56,000080,1,all-cluster-heads,docs\doc_workspace\SGCP\artifacts\early_from_late_checkpoint_20260719\enable_coperception_early_from_attentive.yaml,cov_potential_game,grid,utility,utility,none,0,0,,cov_coalition_game,6,,1;2;8;11,1;2,2,"{""2"": 22}","{""1"": 4933, ""2"": 4134}",66144,36.78754171301446,10,40.0,60.0,1,ns3,899,0.5,10,12,28,,,[],[],2>1:0,,21,32,
2026_07_15_01_26_56,000080,4,all-cluster-heads,docs\doc_workspace\SGCP\artifacts\early_from_late_checkpoint_20260719\enable_coperception_early_from_attentive.yaml,cov_potential_game,grid,utility,utility,none,0,0,,cov_coalition_game,6,,4;9;12,4;9;12,9;12,"{""9"": 22, ""12"": 22}","{""4"": 4847, ""9"": 4727, ""12"": 4511}",147808,42.06451612903226,10,40.0,60.0,1,ns3,899,0.5,10,12,28,,,[],[],9>4:1;12>4:9,,22,46,
2026_07_15_01_26_56,000080,13,all-cluster-heads,docs\doc_workspace\SGCP\artifacts\early_from_late_checkpoint_20260719\enable_coperception_early_from_attentive.yaml,cov_potential_game,grid,utility,utility,none,0,0,,cov_coalition_game,6,,10;13;14;19,13;14;10,14;10,"{""10"": 22, ""14"": 22}","{""10"": 4665, ""13"": 4772, ""14"": 4639}",148864,41.512791991101224,10,40.0,60.0,1,ns3,899,0.5,10,12,28,,,[],[],10>13:6;14>13:2,,12,31,
2026_07_15_01_26_56,000080,15,all-cluster-heads,docs\doc_workspace\SGCP\artifacts\early_from_late_checkpoint_20260719\enable_coperception_early_from_attentive.yaml,cov_potential_game,grid,utility,utility,none,0,0,,cov_coalition_game,6,,6;15,15;6,6,"{""6"": 22}","{""6"": 4197, ""15"": 4751}",67152,37.348164627363744,10,40.0,60.0,1,ns3,899,0.5,10,12,28,,,[],[],6>15:3,,14,18,
2026_07_15_01_26_56,000080,16,all-cluster-heads,docs\doc_workspace\SGCP\artifacts\early_from_late_checkpoint_20260719\enable_coperception_early_from_attentive.yaml,cov_potential_game,grid,utility,utility,none,0,0,,cov_coalition_game,6,,5;7;16;20,16;7;20,7;20,"{""7"": 22, ""20"": 22}","{""7"": 4421, ""16"": 4897, ""20"": 4665}",145376,41.512791991101224,10,40.0,60.0,1,ns3,899,0.5,10,12,28,,,[],[],7>16:4;20>16:8,,19,28,
2026_07_15_01_26_56,000080,17,all-cluster-heads,docs\doc_workspace\SGCP\artifacts\early_from_late_checkpoint_20260719\enable_coperception_early_from_attentive.yaml,cov_potential_game,grid,utility,utility,none,0,0,,cov_coalition_game,6,,3;17;18,17;18;3,18;3,"{""3"": 22, ""18"": 22}","{""3"": 4509, ""17"": 4990, ""18"": 4698}",147312,41.806451612903224,10,40.0,60.0,1,ns3,899,0.5,10,12,28,,,[],[],3>17:7;18>17:5,,10,18,
2026_07_15_01_26_56,000082,1,all-cluster-heads,docs\doc_workspace\SGCP\artifacts\early_from_late_checkpoint_20260719\enable_coperception_early_from_attentive.yaml,cov_potential_game,grid,utility,utility,none,0,0,,cov_coalition_game,6,,1;2;8;11,1;2;11,2;11,"{""2"": 22, ""11"": 22}","{""1"": 4932, ""2"": 4179, ""11"": 4581}",140160,40.765294771968854,10,40.0,60.0,1,ns3,899,0.5,10,12,28,,,[],[],2>1:0;11>1:8,,28,41,
2026_07_15_01_26_56,000082,12,all-cluster-heads,docs\doc_workspace\SGCP\artifacts\early_from_late_checkpoint_20260719\enable_coperception_early_from_attentive.yaml,cov_potential_game,grid,utility,utility,none,0,0,,cov_coalition_game,6,,4;7;12,12;7;4,7;4,"{""4"": 22, ""7"": 22}","{""4"": 4533, ""7"": 4532, ""12"": 4915}",145040,40.33815350389321,10,40.0,60.0,1,ns3,899,0.5,10,12,28,,,[],[],4>12:9;7>12:1,,23,42,
2026_07_15_01_26_56,000082,13,all-cluster-heads,docs\doc_workspace\SGCP\artifacts\early_from_late_checkpoint_20260719\enable_coperception_early_from_attentive.yaml,cov_potential_game,grid,utility,utility,none,0,0,,cov_coalition_game,6,,10;13;14;19,13;14;10,14;10,"{""10"": 22, ""14"": 22}","{""10"": 4682, ""13"": 4801, ""14"": 4627}",148944,41.664071190211345,10,40.0,60.0,1,ns3,899,0.5,10,12,28,,,[],[],10>13:6;14>13:2,,12,30,
2026_07_15_01_26_56,000082,15,all-cluster-heads,docs\doc_workspace\SGCP\artifacts\early_from_late_checkpoint_20260719\enable_coperception_early_from_attentive.yaml,cov_potential_game,grid,utility,utility,none,0,0,,cov_coalition_game,6,,6;15,15;6,6,"{""6"": 22}","{""6"": 4221, ""15"": 4758}",67536,37.56173526140156,10,40.0,60.0,1,ns3,899,0.5,10,12,28,,,[],[],6>15:3,,16,18,
2026_07_15_01_26_56,000082,17,all-cluster-heads,docs\doc_workspace\SGCP\artifacts\early_from_late_checkpoint_20260719\enable_coperception_early_from_attentive.yaml,cov_potential_game,grid,utility,utility,none,0,0,,cov_coalition_game,6,,3;16;17;18,17;16;3,16;3,"{""3"": 22, ""16"": 22}","{""3"": 4493, ""16"": 4660, ""17"": 4970}",146448,41.46829810901001,10,40.0,60.0,1,ns3,899,0.5,10,12,28,,,[],[],3>17:7;16>17:4,,14,26,
2026_07_15_01_26_56,000082,20,all-cluster-heads,docs\doc_workspace\SGCP\artifacts\early_from_late_checkpoint_20260719\enable_coperception_early_from_attentive.yaml,cov_potential_game,grid,utility,utility,none,0,0,,cov_coalition_game,6,,5;9;20,20;9,9,"{""9"": 22}","{""9"": 4709, ""20"": 4906}",75344,41.90433815350389,10,40.0,60.0,1,ns3,899,0.5,10,12,28,,,[],[],9>20:5,,20,27,
2026_07_15_01_26_56,000084,1,all-cluster-heads,docs\doc_workspace\SGCP\artifacts\early_from_late_checkpoint_20260719\enable_coperception_early_from_attentive.yaml,cov_potential_game,grid,utility,utility,none,0,0,,cov_coalition_game,6,,1;2;8;11,1;2;11,2;11,"{""2"": 22, ""11"": 22}","{""1"": 4932, ""2"": 4168, ""11"": 4580}",139968,40.75639599555061,10,40.0,60.0,1,ns3,899,0.5,10,12,28,,,[],[],2>1:0;11>1:8,,26,40,
2026_07_15_01_26_56,000084,12,all-cluster-heads,docs\doc_workspace\SGCP\artifacts\early_from_late_checkpoint_20260719\enable_coperception_early_from_attentive.yaml,cov_potential_game,grid,utility,utility,none,0,0,,cov_coalition_game,6,,4;7;12,12;7;4,7;4,"{""4"": 22, ""7"": 22}","{""4"": 4533, ""7"": 4517, ""12"": 4926}",144800,40.33815350389321,10,40.0,60.0,1,ns3,899,0.5,10,12,28,,,[],[],4>12:9;7>12:1,,19,41,
2026_07_15_01_26_56,000084,13,all-cluster-heads,docs\doc_workspace\SGCP\artifacts\early_from_late_checkpoint_20260719\enable_coperception_early_from_attentive.yaml,cov_potential_game,grid,utility,utility,none,0,0,,cov_coalition_game,6,,10;13;14;19,13;14;10,14;10,"{""10"": 22, ""14"": 22}","{""10"": 4661, ""13"": 4788, ""14"": 4606}",148272,41.47719688542825,10,40.0,60.0,1,ns3,899,0.5,10,12,28,,,[],[],10>13:6;14>13:2,,11,31,
2026_07_15_01_26_56,000084,15,all-cluster-heads,docs\doc_workspace\SGCP\artifacts\early_from_late_checkpoint_20260719\enable_coperception_early_from_attentive.yaml,cov_potential_game,grid,utility,utility,none,0,0,,cov_coalition_game,6,,6;15,15;6,6,"{""6"": 22}","{""6"": 4212, ""15"": 4766}",67392,37.481646273637374,10,40.0,60.0,1,ns3,899,0.5,10,12,28,,,[],[],6>15:3,,16,18,
2026_07_15_01_26_56,000084,17,all-cluster-heads,docs\doc_workspace\SGCP\artifacts\early_from_late_checkpoint_20260719\enable_coperception_early_from_attentive.yaml,cov_potential_game,grid,utility,utility,none,0,0,,cov_coalition_game,6,,3;16;17;18,17;16;3,16;3,"{""3"": 22, ""16"": 22}","{""3"": 4491, ""16"": 4660, ""17"": 4976}",146416,41.46829810901001,10,40.0,60.0,1,ns3,899,0.5,10,12,28,,,[],[],3>17:7;16>17:4,,13,26,
2026_07_15_01_26_56,000084,20,all-cluster-heads,docs\doc_workspace\SGCP\artifacts\early_from_late_checkpoint_20260719\enable_coperception_early_from_attentive.yaml,cov_potential_game,grid,utility,utility,none,0,0,,cov_coalition_game,6,,5;9;20,20;9,9,"{""9"": 22}","{""9"": 4710, ""20"": 4904}",75360,41.91323692992214,10,40.0,60.0,1,ns3,899,0.5,10,12,28,,,[],[],9>20:5,,20,27,
2026_07_15_01_26_56,000086,1,all-cluster-heads,docs\doc_workspace\SGCP\artifacts\early_from_late_checkpoint_20260719\enable_coperception_early_from_attentive.yaml,cov_potential_game,grid,utility,utility,none,0,0,,cov_coalition_game,6,,1;2;8;11,1;11;2,11;2,"{""2"": 22, ""11"": 22}","{""1"": 4932, ""2"": 4535, ""11"": 4362}",142352,40.3559510567297,10,40.0,60.0,1,ns3,899,0.5,10,12,28,,,[],[],2>1:6;11>1:0,,25,42,
2026_07_15_01_26_56,000086,12,all-cluster-heads,docs\doc_workspace\SGCP\artifacts\early_from_late_checkpoint_20260719\enable_coperception_early_from_attentive.yaml,cov_potential_game,grid,utility,utility,none,0,0,,cov_coalition_game,6,,4;7;12,12;7;4,7;4,"{""4"": 22, ""7"": 22}","{""4"": 4534, ""7"": 4524, ""12"": 4938}",144928,40.34705228031146,10,40.0,60.0,1,ns3,899,0.5,10,12,28,,,[],[],4>12:9;7>12:1,,19,43,
2026_07_15_01_26_56,000086,13,all-cluster-heads,docs\doc_workspace\SGCP\artifacts\early_from_late_checkpoint_20260719\enable_coperception_early_from_attentive.yaml,cov_potential_game,grid,utility,utility,none,0,0,,cov_coalition_game,6,,10;13;14;19,13;14;10,14;10,"{""10"": 22, ""14"": 22}","{""10"": 4658, ""13"": 4773, ""14"": 4648}",148896,41.45050055617352,10,40.0,60.0,1,ns3,899,0.5,10,12,28,,,[],[],10>13:7;14>13:2,,12,31,
2026_07_15_01_26_56,000086,15,all-cluster-heads,docs\doc_workspace\SGCP\artifacts\early_from_late_checkpoint_20260719\enable_coperception_early_from_attentive.yaml,cov_potential_game,grid,utility,utility,none,0,0,,cov_coalition_game,6,,6;15,15;6,6,"{""6"": 22}","{""6"": 4213, ""15"": 4762}",67408,37.49054505005562,10,40.0,60.0,1,ns3,899,0.5,10,12,28,,,[],[],6>15:3,,16,19,
2026_07_15_01_26_56,000086,17,all-cluster-heads,docs\doc_workspace\SGCP\artifacts\early_from_late_checkpoint_20260719\enable_coperception_early_from_attentive.yaml,cov_potential_game,grid,utility,utility,none,0,0,,cov_coalition_game,6,,3;16;17;18,17;16;3,16;3,"{""3"": 22, ""16"": 22}","{""3"": 4483, ""16"": 4657, ""17"": 4971}",146240,41.44160177975528,10,40.0,60.0,1,ns3,899,0.5,10,12,28,,,[],[],3>17:8;16>17:4,,13,25,
2026_07_15_01_26_56,000086,20,all-cluster-heads,docs\doc_workspace\SGCP\artifacts\early_from_late_checkpoint_20260719\enable_coperception_early_from_attentive.yaml,cov_potential_game,grid,utility,utility,none,0,0,,cov_coalition_game,6,,5;9;20,20;9,9,"{""9"": 22}","{""9"": 4708, ""20"": 4905}",75328,41.89543937708565,10,40.0,60.0,1,ns3,899,0.5,10,12,28,,,[],[],9>20:5,,19,27,
2026_07_15_01_26_56,000088,1,all-cluster-heads,docs\doc_workspace\SGCP\artifacts\early_from_late_checkpoint_20260719\enable_coperception_early_from_attentive.yaml,cov_potential_game,grid,utility,utility,none,0,0,,cov_coalition_game,6,,1;2;8;11,1;11;2,11;2,"{""2"": 22, ""11"": 22}","{""1"": 4930, ""2"": 4536, ""11"": 4361}",142352,40.36484983314794,10,40.0,60.0,1,ns3,899,0.5,10,12,28,,,[],[],2>1:6;11>1:0,,27,42,
2026_07_15_01_26_56,000088,12,all-cluster-heads,docs\doc_workspace\SGCP\artifacts\early_from_late_checkpoint_20260719\enable_coperception_early_from_attentive.yaml,cov_potential_game,grid,utility,utility,none,0,0,,cov_coalition_game,6,,4;7;12,12;7;4,7;4,"{""4"": 22, ""7"": 22}","{""4"": 4531, ""7"": 4521, ""12"": 4937}",144832,40.320355951056726,10,40.0,60.0,1,ns3,899,0.5,10,12,28,,,[],[],4>12:9;7>12:1,,20,43,
2026_07_15_01_26_56,000088,13,all-cluster-heads,docs\doc_workspace\SGCP\artifacts\early_from_late_checkpoint_20260719\enable_coperception_early_from_attentive.yaml,cov_potential_game,grid,utility,utility,none,0,0,,cov_coalition_game,6,,10;13;14;19,13;14;10,14;10,"{""10"": 22, ""14"": 22}","{""10"": 4660, ""13"": 4764, ""14"": 4616}",148416,41.46829810901001,10,40.0,60.0,1,ns3,899,0.5,10,12,28,,,[],[],10>13:7;14>13:2,,13,30,
2026_07_15_01_26_56,000088,15,all-cluster-heads,docs\doc_workspace\SGCP\artifacts\early_from_late_checkpoint_20260719\enable_coperception_early_from_attentive.yaml,cov_potential_game,grid,utility,utility,none,0,0,,cov_coalition_game,6,,6;15,15;6,6,"{""6"": 22}","{""6"": 4206, ""15"": 4772}",67296,37.42825361512792,10,40.0,60.0,1,ns3,899,0.5,10,12,28,,,[],[],6>15:3,,14,19,
2026_07_15_01_26_56,000088,17,all-cluster-heads,docs\doc_workspace\SGCP\artifacts\early_from_late_checkpoint_20260719\enable_coperception_early_from_attentive.yaml,cov_potential_game,grid,utility,utility,none,0,0,,cov_coalition_game,6,,3;16;17;18,17;16;3,16;3,"{""3"": 22, ""16"": 22}","{""3"": 4476, ""16"": 4659, ""17"": 4985}",146160,41.459399332591765,10,40.0,60.0,1,ns3,899,0.5,10,12,28,,,[],[],3>17:8;16>17:4,,14,25,
2026_07_15_01_26_56,000088,20,all-cluster-heads,docs\doc_workspace\SGCP\artifacts\early_from_late_checkpoint_20260719\enable_coperception_early_from_attentive.yaml,cov_potential_game,grid,utility,utility,none,0,0,,cov_coalition_game,6,,5;9;20,20;9,9,"{""9"": 22}","{""9"": 4704, ""20"": 4903}",75264,41.85984427141268,10,40.0,60.0,1,ns3,899,0.5,10,12,28,,,[],[],9>20:5,,20,28,
2026_07_15_01_26_56,000090,1,all-cluster-heads,docs\doc_workspace\SGCP\artifacts\early_from_late_checkpoint_20260719\enable_coperception_early_from_attentive.yaml,cov_potential_game,grid,utility,utility,none,0,0,,cov_coalition_game,6,,1;2;8;11,1;11;2,11;2,"{""2"": 22, ""11"": 22}","{""1"": 4930, ""2"": 4536, ""11"": 4363}",142384,40.36484983314794,10,40.0,60.0,1,ns3,899,0.5,10,12,28,,,[],[],2>1:6;11>1:0,,24,42,
2026_07_15_01_26_56,000090,12,all-cluster-heads,docs\doc_workspace\SGCP\artifacts\early_from_late_checkpoint_20260719\enable_coperception_early_from_attentive.yaml,cov_potential_game,grid,utility,utility,none,0,0,,cov_coalition_game,6,,4;7;12,12;7;4,7;4,"{""4"": 22, ""7"": 22}","{""4"": 4532, ""7"": 4521, ""12"": 4954}",144848,40.32925472747497,10,40.0,60.0,1,ns3,899,0.5,10,12,28,,,[],[],4>12:9;7>12:1,,21,42,
2026_07_15_01_26_56,000090,13,all-cluster-heads,docs\doc_workspace\SGCP\artifacts\early_from_late_checkpoint_20260719\enable_coperception_early_from_attentive.yaml,cov_potential_game,grid,utility,utility,none,0,0,,cov_coalition_game,6,,10;13;14;19,13;14;10,14;10,"{""10"": 22, ""14"": 22}","{""10"": 4655, ""13"": 4769, ""14"": 4602}",148112,41.4238042269188,10,40.0,60.0,1,ns3,899,0.5,10,12,28,,,[],[],10>13:8;14>13:2,,15,31,
2026_07_15_01_26_56,000090,15,all-cluster-heads,docs\doc_workspace\SGCP\artifacts\early_from_late_checkpoint_20260719\enable_coperception_early_from_attentive.yaml,cov_potential_game,grid,utility,utility,none,0,0,,cov_coalition_game,6,,6;15,15;6,6,"{""6"": 22}","{""6"": 4191, ""15"": 4768}",67056,37.294771968854285,10,40.0,60.0,1,ns3,899,0.5,10,12,28,,,[],[],6>15:3,,15,19,
2026_07_15_01_26_56,000090,17,all-cluster-heads,docs\doc_workspace\SGCP\artifacts\early_from_late_checkpoint_20260719\enable_coperception_early_from_attentive.yaml,cov_potential_game,grid,utility,utility,none,0,0,,cov_coalition_game,6,,3;16;17;18,17;16;3,16;3,"{""3"": 22, ""16"": 22}","{""3"": 4499, ""16"": 4653, ""17"": 5007}",146432,41.40600667408231,10,40.0,60.0,1,ns3,899,0.5,10,12,28,,,[],[],3>17:7;16>17:4,,15,25,
2026_07_15_01_26_56,000090,20,all-cluster-heads,docs\doc_workspace\SGCP\artifacts\early_from_late_checkpoint_20260719\enable_coperception_early_from_attentive.yaml,cov_potential_game,grid,utility,utility,none,0,0,,cov_coalition_game,6,,5;9;20,20;9,9,"{""9"": 22}","{""9"": 4697, ""20"": 4905}",75152,41.79755283648498,10,40.0,60.0,1,ns3,899,0.5,10,12,28,,,[],[],9>20:5,,20,28,
2026_07_15_01_26_56,000092,1,all-cluster-heads,docs\doc_workspace\SGCP\artifacts\early_from_late_checkpoint_20260719\enable_coperception_early_from_attentive.yaml,cov_potential_game,grid,utility,utility,none,0,0,,cov_coalition_game,6,,1;2;8;11,1;11;2,11;2,"{""2"": 22, ""11"": 22}","{""1"": 4928, ""2"": 4538, ""11"": 4365}",142448,40.38264738598443,10,40.0,60.0,1,ns3,899,0.5,10,12,28,,,[],[],2>1:6;11>1:0,,25,41,
2026_07_15_01_26_56,000092,12,all-cluster-heads,docs\doc_workspace\SGCP\artifacts\early_from_late_checkpoint_20260719\enable_coperception_early_from_attentive.yaml,cov_potential_game,grid,utility,utility,none,0,0,,cov_coalition_game,6,,4;7;12,12;7;4,7;4,"{""4"": 22, ""7"": 22}","{""4"": 4532, ""7"": 4522, ""12"": 4963}",144864,40.32925472747497,10,40.0,60.0,1,ns3,899,0.5,10,12,28,,,[],[],4>12:9;7>12:1,,20,42,
2026_07_15_01_26_56,000092,13,all-cluster-heads,docs\doc_workspace\SGCP\artifacts\early_from_late_checkpoint_20260719\enable_coperception_early_from_attentive.yaml,cov_potential_game,grid,utility,utility,none,0,0,,cov_coalition_game,6,,10;13;14;19,13;14;10,14;10,"{""10"": 22, ""14"": 22}","{""10"": 4657, ""13"": 4781, ""14"": 4627}",148544,41.44160177975528,10,40.0,60.0,1,ns3,899,0.5,10,12,28,,,[],[],10>13:8;14>13:2,,14,31,
2026_07_15_01_26_56,000092,15,all-cluster-heads,docs\doc_workspace\SGCP\artifacts\early_from_late_checkpoint_20260719\enable_coperception_early_from_attentive.yaml,cov_potential_game,grid,utility,utility,none,0,0,,cov_coalition_game,6,,6;15,15;6,6,"{""6"": 22}","{""6"": 4341, ""15"": 4770}",69456,38.62958843159066,10,40.0,60.0,1,ns3,899,0.5,10,12,28,,,[],[],6>15:3,,16,19,
2026_07_15_01_26_56,000092,17,all-cluster-heads,docs\doc_workspace\SGCP\artifacts\early_from_late_checkpoint_20260719\enable_coperception_early_from_attentive.yaml,cov_potential_game,grid,utility,utility,none,0,0,,cov_coalition_game,6,,3;16;17;18,17;16;3,16;3,"{""3"": 22, ""16"": 22}","{""3"": 4497, ""16"": 4642, ""17"": 5000}",146224,41.308120133481644,10,40.0,60.0,1,ns3,899,0.5,10,12,28,,,[],[],3>17:7;16>17:4,,13,24,
2026_07_15_01_26_56,000092,20,all-cluster-heads,docs\doc_workspace\SGCP\artifacts\early_from_late_checkpoint_20260719\enable_coperception_early_from_attentive.yaml,cov_potential_game,grid,utility,utility,none,0,0,,cov_coalition_game,6,,5;9;20,20;9,9,"{""9"": 22}","{""9"": 4695, ""20"": 4905}",75120,41.7797552836485,10,40.0,60.0,1,ns3,899,0.5,10,12,28,,,[],[],9>20:5,,22,28,
2026_07_15_01_26_56,000094,1,all-cluster-heads,docs\doc_workspace\SGCP\artifacts\early_from_late_checkpoint_20260719\enable_coperception_early_from_attentive.yaml,cov_potential_game,grid,utility,utility,none,0,0,,cov_coalition_game,6,,1;2;8;11,1;11;2,11;2,"{""2"": 22, ""11"": 22}","{""1"": 4929, ""2"": 4550, ""11"": 4366}",142656,40.48943270300334,10,40.0,60.0,1,ns3,899,0.5,10,12,28,,,[],[],2>1:7;11>1:0,,25,39,
2026_07_15_01_26_56,000094,12,all-cluster-heads,docs\doc_workspace\SGCP\artifacts\early_from_late_checkpoint_20260719\enable_coperception_early_from_attentive.yaml,cov_potential_game,grid,utility,utility,none,0,0,,cov_coalition_game,6,,4;7;12,12;7;4,7;4,"{""4"": 22, ""7"": 22}","{""4"": 4533, ""7"": 4544, ""12"": 4976}",145232,40.43604004449388,10,40.0,60.0,1,ns3,899,0.5,10,12,28,,,[],[],4>12:9;7>12:1,,22,43,
2026_07_15_01_26_56,000094,13,all-cluster-heads,docs\doc_workspace\SGCP\artifacts\early_from_late_checkpoint_20260719\enable_coperception_early_from_attentive.yaml,cov_potential_game,grid,utility,utility,none,0,0,,cov_coalition_game,6,,10;13;14;19,13;14;10,14;10,"{""10"": 22, ""14"": 22}","{""10"": 4656, ""13"": 4805, ""14"": 4622}",148448,41.43270300333704,10,40.0,60.0,1,ns3,899,0.5,10,12,28,,,[],[],10>13:8;14>13:2,,13,31,
2026_07_15_01_26_56,000094,15,all-cluster-heads,docs\doc_workspace\SGCP\artifacts\early_from_late_checkpoint_20260719\enable_coperception_early_from_attentive.yaml,cov_potential_game,grid,utility,utility,none,0,0,,cov_coalition_game,6,,6;15,15;6,6,"{""6"": 22}","{""6"": 4354, ""15"": 4772}",69664,38.74527252502781,10,40.0,60.0,1,ns3,899,0.5,10,12,28,,,[],[],6>15:3,,16,20,
2026_07_15_01_26_56,000094,17,all-cluster-heads,docs\doc_workspace\SGCP\artifacts\early_from_late_checkpoint_20260719\enable_coperception_early_from_attentive.yaml,cov_potential_game,grid,utility,utility,none,0,0,,cov_coalition_game,6,,3;16;17;18,17;16;3,16;3,"{""3"": 22, ""16"": 22}","{""3"": 4508, ""16"": 4617, ""17"": 4995}",146000,41.08565072302559,10,40.0,60.0,1,ns3,899,0.5,10,12,28,,,[],[],3>17:6;16>17:4,,14,24,
2026_07_15_01_26_56,000094,20,all-cluster-heads,docs\doc_workspace\SGCP\artifacts\early_from_late_checkpoint_20260719\enable_coperception_early_from_attentive.yaml,cov_potential_game,grid,utility,utility,none,0,0,,cov_coalition_game,6,,5;9;20,20;9,9,"{""9"": 22}","{""9"": 4695, ""20"": 4905}",75120,41.7797552836485,10,40.0,60.0,1,ns3,899,0.5,10,12,28,,,[],[],9>20:5,,20,28,
2026_07_15_01_26_56,000096,1,all-cluster-heads,docs\doc_workspace\SGCP\artifacts\early_from_late_checkpoint_20260719\enable_coperception_early_from_attentive.yaml,cov_potential_game,grid,utility,utility,none,0,0,,cov_coalition_game,6,,1;2;8;11,1;11;2,11;2,"{""2"": 22, ""11"": 22}","{""1"": 4928, ""2"": 4557, ""11"": 4371}",142848,40.55172413793103,10,40.0,60.0,1,ns3,899,0.5,10,12,28,,,[],[],2>1:7;11>1:0,,25,39,
2026_07_15_01_26_56,000096,12,all-cluster-heads,docs\doc_workspace\SGCP\artifacts\early_from_late_checkpoint_20260719\enable_coperception_early_from_attentive.yaml,cov_potential_game,grid,utility,utility,none,0,0,,cov_coalition_game,6,,4;7;12,12;7;4,7;4,"{""4"": 22, ""7"": 22}","{""4"": 4533, ""7"": 4547, ""12"": 4975}",145280,40.462736373748605,10,40.0,60.0,1,ns3,899,0.5,10,12,28,,,[],[],4>12:9;7>12:1,,22,39,
2026_07_15_01_26_56,000096,13,all-cluster-heads,docs\doc_workspace\SGCP\artifacts\early_from_late_checkpoint_20260719\enable_coperception_early_from_attentive.yaml,cov_potential_game,grid,utility,utility,none,0,0,,cov_coalition_game,6,,10;13;14;19,13;14;10,14;10,"{""10"": 22, ""14"": 22}","{""10"": 4658, ""13"": 4751, ""14"": 4584}",147872,41.45050055617352,10,40.0,60.0,1,ns3,899,0.5,10,12,28,,,[],[],10>13:8;14>13:2,,14,30,
2026_07_15_01_26_56,000096,15,all-cluster-heads,docs\doc_workspace\SGCP\artifacts\early_from_late_checkpoint_20260719\enable_coperception_early_from_attentive.yaml,cov_potential_game,grid,utility,utility,none,0,0,,cov_coalition_game,6,,6;15,15;6,6,"{""6"": 22}","{""6"": 4335, ""15"": 4777}",69360,38.5761957730812,10,40.0,60.0,1,ns3,899,0.5,10,12,28,,,[],[],6>15:3,,19,19,
2026_07_15_01_26_56,000096,17,all-cluster-heads,docs\doc_workspace\SGCP\artifacts\early_from_late_checkpoint_20260719\enable_coperception_early_from_attentive.yaml,cov_potential_game,grid,utility,utility,none,0,0,,cov_coalition_game,6,,3;16;17;18,17;16;3,16;3,"{""3"": 22, ""16"": 22}","{""3"": 4501, ""16"": 4587, ""17"": 4995}",145408,40.81868743047831,10,40.0,60.0,1,ns3,899,0.5,10,12,28,,,[],[],3>17:6;16>17:4,,16,24,
2026_07_15_01_26_56,000096,20,all-cluster-heads,docs\doc_workspace\SGCP\artifacts\early_from_late_checkpoint_20260719\enable_coperception_early_from_attentive.yaml,cov_potential_game,grid,utility,utility,none,0,0,,cov_coalition_game,6,,5;9;20,20;9,9,"{""9"": 22}","{""9"": 4695, ""20"": 4902}",75120,41.7797552836485,10,40.0,60.0,1,ns3,899,0.5,10,12,28,,,[],[],9>20:5,,21,28,
2026_07_15_01_26_56,000098,1,all-cluster-heads,docs\doc_workspace\SGCP\artifacts\early_from_late_checkpoint_20260719\enable_coperception_early_from_attentive.yaml,cov_potential_game,grid,utility,utility,none,0,0,,cov_coalition_game,6,,1;2;8;11,1;11;2,11;2,"{""2"": 22, ""11"": 22}","{""1"": 4927, ""2"": 4558, ""11"": 4371}",142864,40.560622914349274,10,40.0,60.0,1,ns3,899,0.5,10,12,28,,,[],[],2>1:7;11>1:0,,24,38,
2026_07_15_01_26_56,000098,12,all-cluster-heads,docs\doc_workspace\SGCP\artifacts\early_from_late_checkpoint_20260719\enable_coperception_early_from_attentive.yaml,cov_potential_game,grid,utility,utility,none,0,0,,cov_coalition_game,6,,4;7;12,12;7;4,7;4,"{""4"": 22, ""7"": 22}","{""4"": 4532, ""7"": 4546, ""12"": 4968}",145248,40.45383759733036,10,40.0,60.0,1,ns3,899,0.5,10,12,28,,,[],[],4>12:9;7>12:1,,21,38,
2026_07_15_01_26_56,000098,13,all-cluster-heads,docs\doc_workspace\SGCP\artifacts\early_from_late_checkpoint_20260719\enable_coperception_early_from_attentive.yaml,cov_potential_game,grid,utility,utility,none,0,0,,cov_coalition_game,6,,10;13;14;19,13;14;10,14;10,"{""10"": 22, ""14"": 22}","{""10"": 4661, ""13"": 4779, ""14"": 4563}",147584,41.47719688542825,10,40.0,60.0,1,ns3,899,0.5,10,12,28,,,[],[],10>13:8;14>13:2,,13,29,
2026_07_15_01_26_56,000098,15,all-cluster-heads,docs\doc_workspace\SGCP\artifacts\early_from_late_checkpoint_20260719\enable_coperception_early_from_attentive.yaml,cov_potential_game,grid,utility,utility,none,0,0,,cov_coalition_game,6,,6;15,15;6,6,"{""6"": 22}","{""6"": 4332, ""15"": 4783}",69312,38.54949944382648,10,40.0,60.0,1,ns3,899,0.5,10,12,28,,,[],[],6>15:3,,15,19,
2026_07_15_01_26_56,000098,17,all-cluster-heads,docs\doc_workspace\SGCP\artifacts\early_from_late_checkpoint_20260719\enable_coperception_early_from_attentive.yaml,cov_potential_game,grid,utility,utility,none,0,0,,cov_coalition_game,6,,3;16;17;18,17;16;3,16;3,"{""3"": 22, ""16"": 22}","{""3"": 4505, ""16"": 4588, ""17"": 4986}",145488,40.827586206896555,10,40.0,60.0,1,ns3,899,0.5,10,12,28,,,[],[],3>17:6;16>17:4,,15,24,
2026_07_15_01_26_56,000098,20,all-cluster-heads,docs\doc_workspace\SGCP\artifacts\early_from_late_checkpoint_20260719\enable_coperception_early_from_attentive.yaml,cov_potential_game,grid,utility,utility,none,0,0,,cov_coalition_game,6,,5;9;20,20;9,9,"{""9"": 22}","{""9"": 4695, ""20"": 4903}",75120,41.7797552836485,10,40.0,60.0,1,ns3,899,0.5,10,12,28,,,[],[],9>20:5,,21,28,
2026_07_15_01_26_56,000100,1,all-cluster-heads,docs\doc_workspace\SGCP\artifacts\early_from_late_checkpoint_20260719\enable_coperception_early_from_attentive.yaml,cov_potential_game,grid,utility,utility,none,0,0,,cov_coalition_game,6,,1;2;8;11,1;11;2,11;2,"{""2"": 22, ""11"": 22}","{""1"": 4928, ""2"": 4565, ""11"": 4372}",142992,40.62291434927697,10,40.0,60.0,1,ns3,899,0.5,10,12,28,,,[],[],2>1:6;11>1:0,,24,38,
2026_07_15_01_26_56,000100,12,all-cluster-heads,docs\doc_workspace\SGCP\artifacts\early_from_late_checkpoint_20260719\enable_coperception_early_from_attentive.yaml,cov_potential_game,grid,utility,utility,none,0,0,,cov_coalition_game,6,,4;7;12,12;7;4,7;4,"{""4"": 22, ""7"": 22}","{""4"": 4533, ""7"": 4542, ""12"": 4970}",145200,40.418242491657395,10,40.0,60.0,1,ns3,899,0.5,10,12,28,,,[],[],4>12:9;7>12:1,,21,38,
2026_07_15_01_26_56,000100,13,all-cluster-heads,docs\doc_workspace\SGCP\artifacts\early_from_late_checkpoint_20260719\enable_coperception_early_from_attentive.yaml,cov_potential_game,grid,utility,utility,none,0,0,,cov_coalition_game,6,,10;13;14;19,13;14;10,14;10,"{""10"": 22, ""14"": 22}","{""10"": 4660, ""13"": 4758, ""14"": 4557}",147472,41.46829810901001,10,40.0,60.0,1,ns3,899,0.5,10,12,28,,,[],[],10>13:8;14>13:2,,14,29,
2026_07_15_01_26_56,000100,15,all-cluster-heads,docs\doc_workspace\SGCP\artifacts\early_from_late_checkpoint_20260719\enable_coperception_early_from_attentive.yaml,cov_potential_game,grid,utility,utility,none,0,0,,cov_coalition_game,6,,6;15,15;6,6,"{""6"": 22}","{""6"": 4295, ""15"": 4775}",68720,38.2202447163515,10,40.0,60.0,1,ns3,899,0.5,10,12,28,,,[],[],6>15:3,,17,20,
2026_07_15_01_26_56,000100,17,all-cluster-heads,docs\doc_workspace\SGCP\artifacts\early_from_late_checkpoint_20260719\enable_coperception_early_from_attentive.yaml,cov_potential_game,grid,utility,utility,none,0,0,,cov_coalition_game,6,,3;16;17;18,17;16;3,16;3,"{""3"": 22, ""16"": 22}","{""3"": 4492, ""16"": 4557, ""17"": 4995}",144784,40.55172413793103,10,40.0,60.0,1,ns3,899,0.5,10,12,28,,,[],[],3>17:7;16>17:4,,12,24,
2026_07_15_01_26_56,000100,20,all-cluster-heads,docs\doc_workspace\SGCP\artifacts\early_from_late_checkpoint_20260719\enable_coperception_early_from_attentive.yaml,cov_potential_game,grid,utility,utility,none,0,0,,cov_coalition_game,6,,5;9;20,20;9,9,"{""9"": 22}","{""9"": 4695, ""20"": 4903}",75120,41.7797552836485,10,40.0,60.0,1,ns3,899,0.5,10,12,28,,,[],[],9>20:5,,22,25,
2026_07_15_01_26_56,000102,1,all-cluster-heads,docs\doc_workspace\SGCP\artifacts\early_from_late_checkpoint_20260719\enable_coperception_early_from_attentive.yaml,cov_potential_game,grid,utility,utility,none,0,0,,cov_coalition_game,6,,1;2;8;11,1;11;2,11;2,"{""2"": 22, ""11"": 22}","{""1"": 4929, ""2"": 4546, ""11"": 4373}",142704,40.45383759733036,10,40.0,60.0,1,ns3,899,0.5,10,12,28,,,[],[],2>1:6;11>1:0,,20,38,
2026_07_15_01_26_56,000102,12,all-cluster-heads,docs\doc_workspace\SGCP\artifacts\early_from_late_checkpoint_20260719\enable_coperception_early_from_attentive.yaml,cov_potential_game,grid,utility,utility,none,0,0,,cov_coalition_game,6,,4;7;12,12;7;4,7;4,"{""4"": 22, ""7"": 22}","{""4"": 4534, ""7"": 4540, ""12"": 4965}",145184,40.40044493882091,10,40.0,60.0,1,ns3,899,0.5,10,12,28,,,[],[],4>12:9;7>12:1,,21,38,
2026_07_15_01_26_56,000102,13,all-cluster-heads,docs\doc_workspace\SGCP\artifacts\early_from_late_checkpoint_20260719\enable_coperception_early_from_attentive.yaml,cov_potential_game,grid,utility,utility,none,0,0,,cov_coalition_game,6,,10;13;14;19,13;14;10,14;10,"{""10"": 22, ""14"": 22}","{""10"": 4660, ""13"": 4787, ""14"": 4512}",146752,41.46829810901001,10,40.0,60.0,1,ns3,899,0.5,10,12,28,,,[],[],10>13:8;14>13:2,,12,29,
2026_07_15_01_26_56,000102,15,all-cluster-heads,docs\doc_workspace\SGCP\artifacts\early_from_late_checkpoint_20260719\enable_coperception_early_from_attentive.yaml,cov_potential_game,grid,utility,utility,none,0,0,,cov_coalition_game,6,,6;15,15;6,6,"{""6"": 22}","{""6"": 4291, ""15"": 4798}",68656,38.18464961067853,10,40.0,60.0,1,ns3,899,0.5,10,12,28,,,[],[],6>15:3,,18,22,
2026_07_15_01_26_56,000102,17,all-cluster-heads,docs\doc_workspace\SGCP\artifacts\early_from_late_checkpoint_20260719\enable_coperception_early_from_attentive.yaml,cov_potential_game,grid,utility,utility,none,0,0,,cov_coalition_game,6,,3;16;17;18,17;16;3,16;3,"{""3"": 22, ""16"": 22}","{""3"": 4532, ""16"": 4538, ""17"": 4990}",145120,40.38264738598443,10,40.0,60.0,1,ns3,899,0.5,10,12,28,,,[],[],3>17:7;16>17:4,,17,23,
2026_07_15_01_26_56,000102,20,all-cluster-heads,docs\doc_workspace\SGCP\artifacts\early_from_late_checkpoint_20260719\enable_coperception_early_from_attentive.yaml,cov_potential_game,grid,utility,utility,none,0,0,,cov_coalition_game,6,,5;9;20,20;9,9,"{""9"": 22}","{""9"": 4695, ""20"": 4902}",75120,41.7797552836485,10,40.0,60.0,1,ns3,899,0.5,10,12,28,,,[],[],9>20:5,,20,25,
2026_07_15_01_26_56,000104,1,all-cluster-heads,docs\doc_workspace\SGCP\artifacts\early_from_late_checkpoint_20260719\enable_coperception_early_from_attentive.yaml,cov_potential_game,grid,utility,utility,none,0,0,,cov_coalition_game,6,,1;2;8;11,1;11;2,11;2,"{""2"": 22, ""11"": 22}","{""1"": 4929, ""2"": 4547, ""11"": 4374}",142736,40.462736373748605,10,40.0,60.0,1,ns3,899,0.5,10,12,28,,,[],[],2>1:6;11>1:0,,20,38,
2026_07_15_01_26_56,000104,12,all-cluster-heads,docs\doc_workspace\SGCP\artifacts\early_from_late_checkpoint_20260719\enable_coperception_early_from_attentive.yaml,cov_potential_game,grid,utility,utility,none,0,0,,cov_coalition_game,6,,4;7;12,12;7;4,7;4,"{""4"": 22, ""7"": 22}","{""4"": 4522, ""7"": 4541, ""12"": 4988}",145008,40.40934371523915,10,40.0,60.0,1,ns3,899,0.5,10,12,28,,,[],[],4>12:9;7>12:1,,19,38,
2026_07_15_01_26_56,000104,13,all-cluster-heads,docs\doc_workspace\SGCP\artifacts\early_from_late_checkpoint_20260719\enable_coperception_early_from_attentive.yaml,cov_potential_game,grid,utility,utility,none,0,0,,cov_coalition_game,6,,10;13;14;19,13;14;10,14;10,"{""10"": 22, ""14"": 22}","{""10"": 4659, ""13"": 4747, ""14"": 4519}",146848,41.459399332591765,10,40.0,60.0,1,ns3,899,0.5,10,12,28,,,[],[],10>13:7;14>13:2,,14,29,
2026_07_15_01_26_56,000104,15,all-cluster-heads,docs\doc_workspace\SGCP\artifacts\early_from_late_checkpoint_20260719\enable_coperception_early_from_attentive.yaml,cov_potential_game,grid,utility,utility,none,0,0,,cov_coalition_game,6,,6;15,15;6,6,"{""6"": 22}","{""6"": 4290, ""15"": 4777}",68640,38.175750834260285,10,40.0,60.0,1,ns3,899,0.5,10,12,28,,,[],[],6>15:3,,17,23,
2026_07_15_01_26_56,000104,17,all-cluster-heads,docs\doc_workspace\SGCP\artifacts\early_from_late_checkpoint_20260719\enable_coperception_early_from_attentive.yaml,cov_potential_game,grid,utility,utility,none,0,0,,cov_coalition_game,6,,3;16;17;18,17;16;3,16;3,"{""3"": 22, ""16"": 22}","{""3"": 4517, ""16"": 4531, ""17"": 4979}",144768,40.320355951056726,10,40.0,60.0,1,ns3,899,0.5,10,12,28,,,[],[],3>17:8;16>17:4,,16,22,
2026_07_15_01_26_56,000104,20,all-cluster-heads,docs\doc_workspace\SGCP\artifacts\early_from_late_checkpoint_20260719\enable_coperception_early_from_attentive.yaml,cov_potential_game,grid,utility,utility,none,0,0,,cov_coalition_game,6,,5;9;20,20;9,9,"{""9"": 22}","{""9"": 4695, ""20"": 4900}",75120,41.7797552836485,10,40.0,60.0,1,ns3,899,0.5,10,12,28,,,[],[],9>20:5,,19,25,
2026_07_15_01_26_56,000106,1,all-cluster-heads,docs\doc_workspace\SGCP\artifacts\early_from_late_checkpoint_20260719\enable_coperception_early_from_attentive.yaml,cov_potential_game,grid,utility,utility,none,0,0,,cov_coalition_game,6,,1;2;8;11,1;11;2,11;2,"{""2"": 22, ""11"": 22}","{""1"": 4928, ""2"": 4555, ""11"": 4375}",142880,40.53392658509455,10,40.0,60.0,1,ns3,899,0.5,10,12,28,,,[],[],2>1:6;11>1:0,,24,38,
2026_07_15_01_26_56,000106,12,all-cluster-heads,docs\doc_workspace\SGCP\artifacts\early_from_late_checkpoint_20260719\enable_coperception_early_from_attentive.yaml,cov_potential_game,grid,utility,utility,none,0,0,,cov_coalition_game,6,,4;7;12,12;7;4,7;4,"{""4"": 22, ""7"": 22}","{""4"": 4525, ""7"": 4540, ""12"": 4987}",145040,40.40044493882091,10,40.0,60.0,1,ns3,899,0.5,10,12,28,,,[],[],4>12:9;7>12:1,,20,38,
2026_07_15_01_26_56,000106,13,all-cluster-heads,docs\doc_workspace\SGCP\artifacts\early_from_late_checkpoint_20260719\enable_coperception_early_from_attentive.yaml,cov_potential_game,grid,utility,utility,none,0,0,,cov_coalition_game,6,,10;13;14;19,13;14;10,14;10,"{""10"": 22, ""14"": 22}","{""10"": 4662, ""13"": 4753, ""14"": 4475}",146192,41.4860956618465,10,40.0,60.0,1,ns3,899,0.5,10,12,28,,,[],[],10>13:7;14>13:2,,14,29,
2026_07_15_01_26_56,000106,15,all-cluster-heads,docs\doc_workspace\SGCP\artifacts\early_from_late_checkpoint_20260719\enable_coperception_early_from_attentive.yaml,cov_potential_game,grid,utility,utility,none,0,0,,cov_coalition_game,6,,6;15,15;6,6,"{""6"": 22}","{""6"": 4342, ""15"": 4779}",69472,38.638487208008904,10,40.0,60.0,1,ns3,899,0.5,10,12,28,,,[],[],6>15:3,,17,23,
2026_07_15_01_26_56,000106,17,all-cluster-heads,docs\doc_workspace\SGCP\artifacts\early_from_late_checkpoint_20260719\enable_coperception_early_from_attentive.yaml,cov_potential_game,grid,utility,utility,none,0,0,,cov_coalition_game,6,,3;16;17;18,17;16;3,16;3,"{""3"": 22, ""16"": 22}","{""3"": 4508, ""16"": 4507, ""17"": 4994}",144240,40.11568409343715,10,40.0,60.0,1,ns3,899,0.5,10,12,28,,,[],[],3>17:8;16>17:4,,14,21,
2026_07_15_01_26_56,000106,20,all-cluster-heads,docs\doc_workspace\SGCP\artifacts\early_from_late_checkpoint_20260719\enable_coperception_early_from_attentive.yaml,cov_potential_game,grid,utility,utility,none,0,0,,cov_coalition_game,6,,5;9;20,20;9,9,"{""9"": 22}","{""9"": 4695, ""20"": 4900}",75120,41.7797552836485,10,40.0,60.0,1,ns3,899,0.5,10,12,28,,,[],[],9>20:5,,18,25,
2026_07_15_01_26_56,000108,1,all-cluster-heads,docs\doc_workspace\SGCP\artifacts\early_from_late_checkpoint_20260719\enable_coperception_early_from_attentive.yaml,cov_potential_game,grid,utility,utility,none,0,0,,cov_coalition_game,6,,1;2;8;11,1;11;2,11;2,"{""2"": 22, ""11"": 22}","{""1"": 4928, ""2"": 4556, ""11"": 4373}",142864,40.54282536151279,10,40.0,60.0,1,ns3,899,0.5,10,12,28,,,[],[],2>1:7;11>1:0,,21,39,
2026_07_15_01_26_56,000108,12,all-cluster-heads,docs\doc_workspace\SGCP\artifacts\early_from_late_checkpoint_20260719\enable_coperception_early_from_attentive.yaml,cov_potential_game,grid,utility,utility,none,0,0,,cov_coalition_game,6,,4;7;12,12;7;4,7;4,"{""4"": 22, ""7"": 22}","{""4"": 4534, ""7"": 4532, ""12"": 4997}",145056,40.34705228031146,10,40.0,60.0,1,ns3,899,0.5,10,12,28,,,[],[],4>12:9;7>12:1,,21,39,
2026_07_15_01_26_56,000108,13,all-cluster-heads,docs\doc_workspace\SGCP\artifacts\early_from_late_checkpoint_20260719\enable_coperception_early_from_attentive.yaml,cov_potential_game,grid,utility,utility,none,0,0,,cov_coalition_game,6,,10;13;14;19,13;14;10,14;10,"{""10"": 22, ""14"": 22}","{""10"": 4660, ""13"": 4757, ""14"": 4455}",145840,41.46829810901001,10,40.0,60.0,1,ns3,899,0.5,10,12,28,,,[],[],10>13:8;14>13:2,,13,29,
2026_07_15_01_26_56,000108,15,all-cluster-heads,docs\doc_workspace\SGCP\artifacts\early_from_late_checkpoint_20260719\enable_coperception_early_from_attentive.yaml,cov_potential_game,grid,utility,utility,none,0,0,,cov_coalition_game,6,,6;15,15;6,6,"{""6"": 22}","{""6"": 4304, ""15"": 4792}",68864,38.30033370411568,10,40.0,60.0,1,ns3,899,0.5,10,12,28,,,[],[],6>15:3,,18,24,
2026_07_15_01_26_56,000108,17,all-cluster-heads,docs\doc_workspace\SGCP\artifacts\early_from_late_checkpoint_20260719\enable_coperception_early_from_attentive.yaml,cov_potential_game,grid,utility,utility,none,0,0,,cov_coalition_game,6,,3;16;17;18,17;3;16,3;16,"{""3"": 22, ""16"": 22}","{""3"": 4326, ""16"": 4611, ""17"": 4998}",142992,41.03225806451613,10,40.0,60.0,1,ns3,899,0.5,10,12,28,,,[],[],3>17:4;16>17:6,,12,21,
2026_07_15_01_26_56,000108,20,all-cluster-heads,docs\doc_workspace\SGCP\artifacts\early_from_late_checkpoint_20260719\enable_coperception_early_from_attentive.yaml,cov_potential_game,grid,utility,utility,none,0,0,,cov_coalition_game,6,,5;9;20,20;9,9,"{""9"": 22}","{""9"": 4695, ""20"": 4899}",75120,41.7797552836485,10,40.0,60.0,1,ns3,899,0.5,10,12,28,,,[],[],9>20:5,,18,25,
2026_07_15_01_26_56,000110,1,all-cluster-heads,docs\doc_workspace\SGCP\artifacts\early_from_late_checkpoint_20260719\enable_coperception_early_from_attentive.yaml,cov_potential_game,grid,utility,utility,none,0,0,,cov_coalition_game,6,,1;2;8;11,1;11;2,11;2,"{""2"": 22, ""11"": 22}","{""1"": 4928, ""2"": 4561, ""11"": 4372}",142928,40.587319243604,10,40.0,60.0,1,ns3,899,0.5,10,12,28,,,[],[],2>1:7;11>1:0,,18,40,
2026_07_15_01_26_56,000110,12,all-cluster-heads,docs\doc_workspace\SGCP\artifacts\early_from_late_checkpoint_20260719\enable_coperception_early_from_attentive.yaml,cov_potential_game,grid,utility,utility,none,0,0,,cov_coalition_game,6,,4;7;12,12;7;4,7;4,"{""4"": 22, ""7"": 22}","{""4"": 4532, ""7"": 4529, ""12"": 4997}",144976,40.32925472747497,10,40.0,60.0,1,ns3,899,0.5,10,12,28,,,[],[],4>12:9;7>12:1,,20,38,
2026_07_15_01_26_56,000110,13,all-cluster-heads,docs\doc_workspace\SGCP\artifacts\early_from_late_checkpoint_20260719\enable_coperception_early_from_attentive.yaml,cov_potential_game,grid,utility,utility,none,0,0,,cov_coalition_game,6,,10;13;14;19,13;14;10,14;10,"{""10"": 22, ""14"": 22}","{""10"": 4656, ""13"": 4738, ""14"": 4459}",145840,41.43270300333704,10,40.0,60.0,1,ns3,899,0.5,10,12,28,,,[],[],10>13:8;14>13:2,,14,29,
2026_07_15_01_26_56,000110,15,all-cluster-heads,docs\doc_workspace\SGCP\artifacts\early_from_late_checkpoint_20260719\enable_coperception_early_from_attentive.yaml,cov_potential_game,grid,utility,utility,none,0,0,,cov_coalition_game,6,,6;15,15;6,6,"{""6"": 22}","{""6"": 4377, ""15"": 4814}",70032,38.94994438264739,10,40.0,60.0,1,ns3,899,0.5,10,12,28,,,[],[],6>15:3,,17,24,
2026_07_15_01_26_56,000110,17,all-cluster-heads,docs\doc_workspace\SGCP\artifacts\early_from_late_checkpoint_20260719\enable_coperception_early_from_attentive.yaml,cov_potential_game,grid,utility,utility,none,0,0,,cov_coalition_game,6,,3;16;17;18,17;3;16,3;16,"{""3"": 22, ""16"": 22}","{""3"": 4367, ""16"": 4592, ""17"": 5003}",143344,40.86318131256952,10,40.0,60.0,1,ns3,899,0.5,10,12,28,,,[],[],3>17:4;16>17:6,,13,20,
2026_07_15_01_26_56,000110,20,all-cluster-heads,docs\doc_workspace\SGCP\artifacts\early_from_late_checkpoint_20260719\enable_coperception_early_from_attentive.yaml,cov_potential_game,grid,utility,utility,none,0,0,,cov_coalition_game,6,,5;9;20,20;9,9,"{""9"": 22}","{""9"": 4695, ""20"": 4898}",75120,41.7797552836485,10,40.0,60.0,1,ns3,899,0.5,10,12,28,,,[],[],9>20:5,,17,25,
2026_07_15_01_26_56,000112,1,all-cluster-heads,docs\doc_workspace\SGCP\artifacts\early_from_late_checkpoint_20260719\enable_coperception_early_from_attentive.yaml,cov_potential_game,grid,utility,utility,none,0,0,,cov_coalition_game,6,,1;2;8;11,1;11;2,11;2,"{""2"": 22, ""11"": 22}","{""1"": 4926, ""2"": 4562, ""11"": 4372}",142944,40.59621802002224,10,40.0,60.0,1,ns3,899,0.5,10,12,28,,,[],[],2>1:7;11>1:0,,18,40,
2026_07_15_01_26_56,000112,12,all-cluster-heads,docs\doc_workspace\SGCP\artifacts\early_from_late_checkpoint_20260719\enable_coperception_early_from_attentive.yaml,cov_potential_game,grid,utility,utility,none,0,0,,cov_coalition_game,6,,4;7;12,12;7;4,7;4,"{""4"": 22, ""7"": 22}","{""4"": 4530, ""7"": 4528, ""12"": 5013}",144928,40.311457174638484,10,40.0,60.0,1,ns3,899,0.5,10,12,28,,,[],[],4>12:9;7>12:1,,20,38,
2026_07_15_01_26_56,000112,13,all-cluster-heads,docs\doc_workspace\SGCP\artifacts\early_from_late_checkpoint_20260719\enable_coperception_early_from_attentive.yaml,cov_potential_game,grid,utility,utility,none,0,0,,cov_coalition_game,6,,10;13;14;19,13;14;10,14;10,"{""10"": 22, ""14"": 22}","{""10"": 4609, ""13"": 4707, ""14"": 4417}",144416,41.014460511679644,10,40.0,60.0,1,ns3,899,0.5,10,12,28,,,[],[],10>13:8;14>13:2,,11,29,
2026_07_15_01_26_56,000112,15,all-cluster-heads,docs\doc_workspace\SGCP\artifacts\early_from_late_checkpoint_20260719\enable_coperception_early_from_attentive.yaml,cov_potential_game,grid,utility,utility,none,0,0,,cov_coalition_game,6,,6;15,15;6,6,"{""6"": 22}","{""6"": 4366, ""15"": 4776}",69856,38.85205784204672,10,40.0,60.0,1,ns3,899,0.5,10,12,28,,,[],[],6>15:3,,16,23,
2026_07_15_01_26_56,000112,17,all-cluster-heads,docs\doc_workspace\SGCP\artifacts\early_from_late_checkpoint_20260719\enable_coperception_early_from_attentive.yaml,cov_potential_game,grid,utility,utility,none,0,0,,cov_coalition_game,6,,3;16;17;18,17;3;16,3;16,"{""3"": 22, ""16"": 22}","{""3"": 4381, ""16"": 4586, ""17"": 4995}",143472,40.80978865406007,10,40.0,60.0,1,ns3,899,0.5,10,12,28,,,[],[],3>17:4;16>17:6,,12,19,
2026_07_15_01_26_56,000112,20,all-cluster-heads,docs\doc_workspace\SGCP\artifacts\early_from_late_checkpoint_20260719\enable_coperception_early_from_attentive.yaml,cov_potential_game,grid,utility,utility,none,0,0,,cov_coalition_game,6,,5;9;20,20;9,9,"{""9"": 22}","{""9"": 4695, ""20"": 4898}",75120,41.7797552836485,10,40.0,60.0,1,ns3,899,0.5,10,12,28,,,[],[],9>20:5,,17,25,
2026_07_15_01_26_56,000114,1,all-cluster-heads,docs\doc_workspace\SGCP\artifacts\early_from_late_checkpoint_20260719\enable_coperception_early_from_attentive.yaml,cov_potential_game,grid,utility,utility,none,0,0,,cov_coalition_game,6,,1;2;8;11,1;11;2,11;2,"{""2"": 22, ""11"": 22}","{""1"": 4926, ""2"": 4565, ""11"": 4375}",143040,40.62291434927697,10,40.0,60.0,1,ns3,899,0.5,10,12,28,,,[],[],2>1:7;11>1:0,,18,40,
2026_07_15_01_26_56,000114,12,all-cluster-heads,docs\doc_workspace\SGCP\artifacts\early_from_late_checkpoint_20260719\enable_coperception_early_from_attentive.yaml,cov_potential_game,grid,utility,utility,none,0,0,,cov_coalition_game,6,,4;7;12,12;7;4,7;4,"{""4"": 22, ""7"": 22}","{""4"": 4529, ""7"": 4526, ""12"": 5019}",144880,40.30255839822024,10,40.0,60.0,1,ns3,899,0.5,10,12,28,,,[],[],4>12:9;7>12:1,,20,39,
2026_07_15_01_26_56,000114,13,all-cluster-heads,docs\doc_workspace\SGCP\artifacts\early_from_late_checkpoint_20260719\enable_coperception_early_from_attentive.yaml,cov_potential_game,grid,utility,utility,none,0,0,,cov_coalition_game,6,,10;13;14;19,13;14;10,14;10,"{""10"": 22, ""14"": 22}","{""10"": 4656, ""13"": 4726, ""14"": 4376}",144512,41.43270300333704,10,40.0,60.0,1,ns3,899,0.5,10,12,28,,,[],[],10>13:8;14>13:2,,12,29,
2026_07_15_01_26_56,000114,15,all-cluster-heads,docs\doc_workspace\SGCP\artifacts\early_from_late_checkpoint_20260719\enable_coperception_early_from_attentive.yaml,cov_potential_game,grid,utility,utility,none,0,0,,cov_coalition_game,6,,6;15,15;6,6,"{""6"": 22}","{""6"": 4346, ""15"": 4789}",69536,38.67408231368187,10,40.0,60.0,1,ns3,899,0.5,10,12,28,,,[],[],6>15:3,,16,23,
2026_07_15_01_26_56,000114,17,all-cluster-heads,docs\doc_workspace\SGCP\artifacts\early_from_late_checkpoint_20260719\enable_coperception_early_from_attentive.yaml,cov_potential_game,grid,utility,utility,none,0,0,,cov_coalition_game,6,,3;16;17;18,17;3;16,3;16,"{""3"": 22, ""16"": 22}","{""3"": 4376, ""16"": 4619, ""17"": 5006}",143920,41.10344827586207,10,40.0,60.0,1,ns3,899,0.5,10,12,28,,,[],[],3>17:4;16>17:6,,11,19,
2026_07_15_01_26_56,000114,20,all-cluster-heads,docs\doc_workspace\SGCP\artifacts\early_from_late_checkpoint_20260719\enable_coperception_early_from_attentive.yaml,cov_potential_game,grid,utility,utility,none,0,0,,cov_coalition_game,6,,5;9;20,20;9,9,"{""9"": 22}","{""9"": 4695, ""20"": 4899}",75120,41.7797552836485,10,40.0,60.0,1,ns3,899,0.5,10,12,28,,,[],[],9>20:5,,18,25,
2026_07_15_01_26_56,000116,1,all-cluster-heads,docs\doc_workspace\SGCP\artifacts\early_from_late_checkpoint_20260719\enable_coperception_early_from_attentive.yaml,cov_potential_game,grid,utility,utility,none,0,0,,cov_coalition_game,6,,1;2;8;11,1;11;2,11;2,"{""2"": 22, ""11"": 22}","{""1"": 4926, ""2"": 4565, ""11"": 4377}",143072,40.62291434927697,10,40.0,60.0,1,ns3,899,0.5,10,12,28,,,[],[],2>1:7;11>1:0,,19,40,
2026_07_15_01_26_56,000116,12,all-cluster-heads,docs\doc_workspace\SGCP\artifacts\early_from_late_checkpoint_20260719\enable_coperception_early_from_attentive.yaml,cov_potential_game,grid,utility,utility,none,0,0,,cov_coalition_game,6,,4;7;12,12;7;4,7;4,"{""4"": 22, ""7"": 22}","{""4"": 4525, ""7"": 4523, ""12"": 4999}",144768,40.266963292547274,10,40.0,60.0,1,ns3,899,0.5,10,12,28,,,[],[],4>12:9;7>12:1,,19,39,
2026_07_15_01_26_56,000116,13,all-cluster-heads,docs\doc_workspace\SGCP\artifacts\early_from_late_checkpoint_20260719\enable_coperception_early_from_attentive.yaml,cov_potential_game,grid,utility,utility,none,0,0,,cov_coalition_game,6,,10;13;14;19,13;14;10,14;10,"{""10"": 22, ""14"": 22}","{""10"": 4652, ""13"": 4746, ""14"": 4380}",144512,41.39710789766407,10,40.0,60.0,1,ns3,899,0.5,10,12,28,,,[],[],10>13:8;14>13:2,,14,29,
2026_07_15_01_26_56,000116,15,all-cluster-heads,docs\doc_workspace\SGCP\artifacts\early_from_late_checkpoint_20260719\enable_coperception_early_from_attentive.yaml,cov_potential_game,grid,utility,utility,none,0,0,,cov_coalition_game,6,,6;15,15;6,6,"{""6"": 22}","{""6"": 4355, ""15"": 4804}",69680,38.75417130144605,10,40.0,60.0,1,ns3,899,0.5,10,12,28,,,[],[],6>15:3,,18,23,
2026_07_15_01_26_56,000116,17,all-cluster-heads,docs\doc_workspace\SGCP\artifacts\early_from_late_checkpoint_20260719\enable_coperception_early_from_attentive.yaml,cov_potential_game,grid,utility,utility,none,0,0,,cov_coalition_game,6,,3;16;17;18,17;3;16,3;16,"{""3"": 22, ""16"": 22}","{""3"": 4390, ""16"": 4589, ""17"": 5014}",143664,40.8364849833148,10,40.0,60.0,1,ns3,899,0.5,10,12,28,,,[],[],3>17:4;16>17:6,,11,18,
2026_07_15_01_26_56,000116,20,all-cluster-heads,docs\doc_workspace\SGCP\artifacts\early_from_late_checkpoint_20260719\enable_coperception_early_from_attentive.yaml,cov_potential_game,grid,utility,utility,none,0,0,,cov_coalition_game,6,,5;9;20,20;9,9,"{""9"": 22}","{""9"": 4695, ""20"": 4899}",75120,41.7797552836485,10,40.0,60.0,1,ns3,899,0.5,10,12,28,,,[],[],9>20:5,,17,25,
2026_07_15_01_26_56,000118,1,all-cluster-heads,docs\doc_workspace\SGCP\artifacts\early_from_late_checkpoint_20260719\enable_coperception_early_from_attentive.yaml,cov_potential_game,grid,utility,utility,none,0,0,,cov_coalition_game,6,,1;2;8;11,1;11;2,11;2,"{""2"": 22, ""11"": 22}","{""1"": 4927, ""2"": 4580, ""11"": 4375}",143280,40.75639599555061,10,40.0,60.0,1,ns3,899,0.5,10,12,28,,,[],[],2>1:7;11>1:0,,22,40,
2026_07_15_01_26_56,000118,12,all-cluster-heads,docs\doc_workspace\SGCP\artifacts\early_from_late_checkpoint_20260719\enable_coperception_early_from_attentive.yaml,cov_potential_game,grid,utility,utility,none,0,0,,cov_coalition_game,6,,4;7;12,12;7;4,7;4,"{""4"": 22, ""7"": 22}","{""4"": 4465, ""7"": 4520, ""12"": 5018}",143760,40.222469410456064,10,40.0,60.0,1,ns3,899,0.5,10,12,28,,,[],[],4>12:9;7>12:1,,18,39,
2026_07_15_01_26_56,000118,13,all-cluster-heads,docs\doc_workspace\SGCP\artifacts\early_from_late_checkpoint_20260719\enable_coperception_early_from_attentive.yaml,cov_potential_game,grid,utility,utility,none,0,0,,cov_coalition_game,6,,10;13;14;19,13;14;10,14;10,"{""10"": 22, ""14"": 22}","{""10"": 4650, ""13"": 4711, ""14"": 4429}",145264,41.37931034482759,10,40.0,60.0,1,ns3,899,0.5,10,12,28,,,[],[],10>13:8;14>13:2,,13,30,
2026_07_15_01_26_56,000118,15,all-cluster-heads,docs\doc_workspace\SGCP\artifacts\early_from_late_checkpoint_20260719\enable_coperception_early_from_attentive.yaml,cov_potential_game,grid,utility,utility,none,0,0,,cov_coalition_game,6,,6;15,15;6,6,"{""6"": 22}","{""6"": 4312, ""15"": 4815}",68992,38.37152391546162,10,40.0,60.0,1,ns3,899,0.5,10,12,28,,,[],[],6>15:3,,15,22,
2026_07_15_01_26_56,000118,17,all-cluster-heads,docs\doc_workspace\SGCP\artifacts\early_from_late_checkpoint_20260719\enable_coperception_early_from_attentive.yaml,cov_potential_game,grid,utility,utility,none,0,0,,cov_coalition_game,6,,3;16;17;18,17;3;16,3;16,"{""3"": 22, ""16"": 22}","{""3"": 4406, ""16"": 4582, ""17"": 5023}",143808,40.7741935483871,10,40.0,60.0,1,ns3,899,0.5,10,12,28,,,[],[],3>17:4;16>17:6,,10,19,
2026_07_15_01_26_56,000118,20,all-cluster-heads,docs\doc_workspace\SGCP\artifacts\early_from_late_checkpoint_20260719\enable_coperception_early_from_attentive.yaml,cov_potential_game,grid,utility,utility,none,0,0,,cov_coalition_game,6,,5;9;20,20;9,9,"{""9"": 22}","{""9"": 4695, ""20"": 4899}",75120,41.7797552836485,10,40.0,60.0,1,ns3,899,0.5,10,12,28,,,[],[],9>20:5,,17,25,
2026_07_15_01_26_56,000120,1,all-cluster-heads,docs\doc_workspace\SGCP\artifacts\early_from_late_checkpoint_20260719\enable_coperception_early_from_attentive.yaml,cov_potential_game,grid,utility,utility,none,0,0,,cov_coalition_game,6,,1;2;8;11,1;11;2,11;2,"{""2"": 22, ""11"": 22}","{""1"": 4928, ""2"": 4582, ""11"": 4376}",143328,40.7741935483871,10,40.0,60.0,1,ns3,899,0.5,10,12,28,,,[],[],2>1:7;11>1:0,,20,40,
2026_07_15_01_26_56,000120,12,all-cluster-heads,docs\doc_workspace\SGCP\artifacts\early_from_late_checkpoint_20260719\enable_coperception_early_from_attentive.yaml,cov_potential_game,grid,utility,utility,none,0,0,,cov_coalition_game,6,,4;7;12,12;7;4,7;4,"{""4"": 22, ""7"": 22}","{""4"": 4524, ""7"": 4519, ""12"": 5020}",144688,40.25806451612903,10,40.0,60.0,1,ns3,899,0.5,10,12,28,,,[],[],4>12:9;7>12:1,,18,40,
2026_07_15_01_26_56,000120,13,all-cluster-heads,docs\doc_workspace\SGCP\artifacts\early_from_late_checkpoint_20260719\enable_coperception_early_from_attentive.yaml,cov_potential_game,grid,utility,utility,none,0,0,,cov_coalition_game,6,,10;13;14;19,13;14;10,14;10,"{""10"": 22, ""14"": 22}","{""10"": 4650, ""13"": 4704, ""14"": 4350}",144000,41.37931034482759,10,40.0,60.0,1,ns3,899,0.5,10,12,28,,,[],[],10>13:8;14>13:2,,13,30,
2026_07_15_01_26_56,000120,15,all-cluster-heads,docs\doc_workspace\SGCP\artifacts\early_from_late_checkpoint_20260719\enable_coperception_early_from_attentive.yaml,cov_potential_game,grid,utility,utility,none,0,0,,cov_coalition_game,6,,6;15,15;6,6,"{""6"": 22}","{""6"": 4289, ""15"": 4811}",68624,38.16685205784204,10,40.0,60.0,1,ns3,899,0.5,10,12,28,,,[],[],6>15:3,,16,22,
2026_07_15_01_26_56,000120,17,all-cluster-heads,docs\doc_workspace\SGCP\artifacts\early_from_late_checkpoint_20260719\enable_coperception_early_from_attentive.yaml,cov_potential_game,grid,utility,utility,none,0,0,,cov_coalition_game,6,,3;16;17;18,17;3;16,3;16,"{""3"": 22, ""16"": 22}","{""3"": 4434, ""16"": 4590, ""17"": 5031}",144384,40.84538375973304,10,40.0,60.0,1,ns3,899,0.5,10,12,28,,,[],[],3>17:4;16>17:6,,11,18,
2026_07_15_01_26_56,000120,20,all-cluster-heads,docs\doc_workspace\SGCP\artifacts\early_from_late_checkpoint_20260719\enable_coperception_early_from_attentive.yaml,cov_potential_game,grid,utility,utility,none,0,0,,cov_coalition_game,6,,5;9;20,20;9,9,"{""9"": 22}","{""9"": 4695, ""20"": 4901}",75120,41.7797552836485,10,40.0,60.0,1,ns3,899,0.5,10,12,28,,,[],[],9>20:5,,17,25,
2026_07_15_01_26_56,000122,1,all-cluster-heads,docs\doc_workspace\SGCP\artifacts\early_from_late_checkpoint_20260719\enable_coperception_early_from_attentive.yaml,cov_potential_game,grid,utility,utility,none,0,0,,cov_coalition_game,6,,1;2;8;11,1;11;2,11;2,"{""2"": 22, ""11"": 22}","{""1"": 4925, ""2"": 4573, ""11"": 4377}",143200,40.69410456062291,10,40.0,60.0,1,ns3,899,0.5,10,12,28,,,[],[],2>1:7;11>1:0,,20,40,
2026_07_15_01_26_56,000122,12,all-cluster-heads,docs\doc_workspace\SGCP\artifacts\early_from_late_checkpoint_20260719\enable_coperception_early_from_attentive.yaml,cov_potential_game,grid,utility,utility,none,0,0,,cov_coalition_game,6,,4;7;12,12;7;4,7;4,"{""4"": 22, ""7"": 22}","{""4"": 4463, ""7"": 4515, ""12"": 5019}",143648,40.17797552836485,10,40.0,60.0,1,ns3,899,0.5,10,12,28,,,[],[],4>12:9;7>12:1,,19,41,
2026_07_15_01_26_56,000122,13,all-cluster-heads,docs\doc_workspace\SGCP\artifacts\early_from_late_checkpoint_20260719\enable_coperception_early_from_attentive.yaml,cov_potential_game,grid,utility,utility,none,0,0,,cov_coalition_game,6,,10;13;14;19,13;14;10,14;10,"{""10"": 22, ""14"": 22}","{""10"": 4649, ""13"": 4698, ""14"": 4420}",145104,41.370411568409345,10,40.0,60.0,1,ns3,899,0.5,10,12,28,,,[],[],10>13:8;14>13:2,,13,29,
2026_07_15_01_26_56,000122,15,all-cluster-heads,docs\doc_workspace\SGCP\artifacts\early_from_late_checkpoint_20260719\enable_coperception_early_from_attentive.yaml,cov_potential_game,grid,utility,utility,none,0,0,,cov_coalition_game,6,,6;15,15;6,6,"{""6"": 22}","{""6"": 4299, ""15"": 4812}",68784,38.25583982202447,10,40.0,60.0,1,ns3,899,0.5,10,12,28,,,[],[],6>15:3,,20,22,
2026_07_15_01_26_56,000122,17,all-cluster-heads,docs\doc_workspace\SGCP\artifacts\early_from_late_checkpoint_20260719\enable_coperception_early_from_attentive.yaml,cov_potential_game,grid,utility,utility,none,0,0,,cov_coalition_game,6,,3;16;17;18,17;3;16,3;16,"{""3"": 22, ""16"": 22}","{""3"": 4433, ""16"": 4584, ""17"": 5030}",144272,40.79199110122359,10,40.0,60.0,1,ns3,899,0.5,10,12,28,,,[],[],3>17:4;16>17:6,,11,18,
2026_07_15_01_26_56,000122,20,all-cluster-heads,docs\doc_workspace\SGCP\artifacts\early_from_late_checkpoint_20260719\enable_coperception_early_from_attentive.yaml,cov_potential_game,grid,utility,utility,none,0,0,,cov_coalition_game,6,,5;9;20,20;9,9,"{""9"": 22}","{""9"": 4695, ""20"": 4897}",75120,41.7797552836485,10,40.0,60.0,1,ns3,899,0.5,10,12,28,,,[],[],9>20:5,,16,25,
2026_07_15_01_26_56,000124,1,all-cluster-heads,docs\doc_workspace\SGCP\artifacts\early_from_late_checkpoint_20260719\enable_coperception_early_from_attentive.yaml,cov_potential_game,grid,utility,utility,none,0,0,,cov_coalition_game,6,,1;2;8;11,1;11;2,11;2,"{""2"": 22, ""11"": 22}","{""1"": 4925, ""2"": 4576, ""11"": 4377}",143248,40.720800889877644,10,40.0,60.0,1,ns3,899,0.5,10,12,28,,,[],[],2>1:7;11>1:0,,20,40,
2026_07_15_01_26_56,000124,12,all-cluster-heads,docs\doc_workspace\SGCP\artifacts\early_from_late_checkpoint_20260719\enable_coperception_early_from_attentive.yaml,cov_potential_game,grid,utility,utility,none,0,0,,cov_coalition_game,6,,4;7;12,12;7;4,7;4,"{""4"": 22, ""7"": 22}","{""4"": 4465, ""7"": 4519, ""12"": 4985}",143744,40.21357063403782,10,40.0,60.0,1,ns3,899,0.5,10,12,28,,,[],[],4>12:9;7>12:1,,18,41,
2026_07_15_01_26_56,000124,13,all-cluster-heads,docs\doc_workspace\SGCP\artifacts\early_from_late_checkpoint_20260719\enable_coperception_early_from_attentive.yaml,cov_potential_game,grid,utility,utility,none,0,0,,cov_coalition_game,6,,10;13;14;19,13;14;10,14;10,"{""10"": 22, ""14"": 22}","{""10"": 4649, ""13"": 4711, ""14"": 4411}",144960,41.370411568409345,10,40.0,60.0,1,ns3,899,0.5,10,12,28,,,[],[],10>13:8;14>13:2,,13,29,
2026_07_15_01_26_56,000124,15,all-cluster-heads,docs\doc_workspace\SGCP\artifacts\early_from_late_checkpoint_20260719\enable_coperception_early_from_attentive.yaml,cov_potential_game,grid,utility,utility,none,0,0,,cov_coalition_game,6,,6;15,15;6,6,"{""6"": 22}","{""6"": 4318, ""15"": 4813}",69088,38.42491657397108,10,40.0,60.0,1,ns3,899,0.5,10,12,28,,,[],[],6>15:3,,19,22,
2026_07_15_01_26_56,000124,17,all-cluster-heads,docs\doc_workspace\SGCP\artifacts\early_from_late_checkpoint_20260719\enable_coperception_early_from_attentive.yaml,cov_potential_game,grid,utility,utility,none,0,0,,cov_coalition_game,6,,3;16;17;18,17;3;16,3;16,"{""3"": 22, ""16"": 22}","{""3"": 4463, ""16"": 4595, ""17"": 5029}",144928,40.88987764182425,10,40.0,60.0,1,ns3,899,0.5,10,12,28,,,[],[],3>17:4;16>17:6,,12,18,
2026_07_15_01_26_56,000124,20,all-cluster-heads,docs\doc_workspace\SGCP\artifacts\early_from_late_checkpoint_20260719\enable_coperception_early_from_attentive.yaml,cov_potential_game,grid,utility,utility,none,0,0,,cov_coalition_game,6,,5;9;20,20;9,9,"{""9"": 22}","{""9"": 4694, ""20"": 4897}",75104,41.770856507230256,10,40.0,60.0,1,ns3,899,0.5,10,12,28,,,[],[],9>20:5,,17,25,
2026_07_15_01_26_56,000126,1,all-cluster-heads,docs\doc_workspace\SGCP\artifacts\early_from_late_checkpoint_20260719\enable_coperception_early_from_attentive.yaml,cov_potential_game,grid,utility,utility,none,0,0,,cov_coalition_game,6,,1;2;8;11,1;11;2,11;2,"{""2"": 22, ""11"": 22}","{""1"": 4926, ""2"": 4576, ""11"": 4378}",143264,40.720800889877644,10,40.0,60.0,1,ns3,899,0.5,10,12,28,,,[],[],2>1:7;11>1:0,,20,40,
2026_07_15_01_26_56,000126,12,all-cluster-heads,docs\doc_workspace\SGCP\artifacts\early_from_late_checkpoint_20260719\enable_coperception_early_from_attentive.yaml,cov_potential_game,grid,utility,utility,none,0,0,,cov_coalition_game,6,,4;7;12,12;7;4,7;4,"{""4"": 22, ""7"": 22}","{""4"": 4523, ""7"": 4521, ""12"": 4992}",144704,40.24916573971079,10,40.0,60.0,1,ns3,899,0.5,10,12,28,,,[],[],4>12:9;7>12:1,,20,41,
2026_07_15_01_26_56,000126,13,all-cluster-heads,docs\doc_workspace\SGCP\artifacts\early_from_late_checkpoint_20260719\enable_coperception_early_from_attentive.yaml,cov_potential_game,grid,utility,utility,none,0,0,,cov_coalition_game,6,,10;13;14;19,13;14;10,14;10,"{""10"": 22, ""14"": 22}","{""10"": 4649, ""13"": 4690, ""14"": 4382}",144496,41.370411568409345,10,40.0,60.0,1,ns3,899,0.5,10,12,28,,,[],[],10>13:8;14>13:2,,13,29,
2026_07_15_01_26_56,000126,15,all-cluster-heads,docs\doc_workspace\SGCP\artifacts\early_from_late_checkpoint_20260719\enable_coperception_early_from_attentive.yaml,cov_potential_game,grid,utility,utility,none,0,0,,cov_coalition_game,6,,6;15,15;6,6,"{""6"": 22}","{""6"": 4374, ""15"": 4825}",69984,38.92324805339266,10,40.0,60.0,1,ns3,899,0.5,10,12,28,,,[],[],6>15:3,,19,23,
2026_07_15_01_26_56,000126,17,all-cluster-heads,docs\doc_workspace\SGCP\artifacts\early_from_late_checkpoint_20260719\enable_coperception_early_from_attentive.yaml,cov_potential_game,grid,utility,utility,none,0,0,,cov_coalition_game,6,,3;16;17;18,17;3;16,3;16,"{""3"": 22, ""16"": 22}","{""3"": 4475, ""16"": 4591, ""17"": 5026}",145056,40.85428253615128,10,40.0,60.0,1,ns3,899,0.5,10,12,28,,,[],[],3>17:4;16>17:6,,12,17,
2026_07_15_01_26_56,000126,20,all-cluster-heads,docs\doc_workspace\SGCP\artifacts\early_from_late_checkpoint_20260719\enable_coperception_early_from_attentive.yaml,cov_potential_game,grid,utility,utility,none,0,0,,cov_coalition_game,6,,5;9;20,20;9,9,"{""9"": 22}","{""9"": 4693, ""20"": 4899}",75088,41.76195773081201,10,40.0,60.0,1,ns3,899,0.5,10,12,28,,,[],[],9>20:5,,17,25,
2026_07_15_01_26_56,000128,1,all-cluster-heads,docs\doc_workspace\SGCP\artifacts\early_from_late_checkpoint_20260719\enable_coperception_early_from_attentive.yaml,cov_potential_game,grid,utility,utility,none,0,0,,cov_coalition_game,6,,1;2;8;11,1;11;2,11;2,"{""2"": 22, ""11"": 22}","{""1"": 4925, ""2"": 4570, ""11"": 4379}",143184,40.667408231368185,10,40.0,60.0,1,ns3,899,0.5,10,12,28,,,[],[],2>1:7;11>1:0,,20,39,
2026_07_15_01_26_56,000128,12,all-cluster-heads,docs\doc_workspace\SGCP\artifacts\early_from_late_checkpoint_20260719\enable_coperception_early_from_attentive.yaml,cov_potential_game,grid,utility,utility,none,0,0,,cov_coalition_game,6,,4;7;12,12;7;4,7;4,"{""4"": 22, ""7"": 22}","{""4"": 4533, ""7"": 4522, ""12"": 4996}",144880,40.33815350389321,10,40.0,60.0,1,ns3,899,0.5,10,12,28,,,[],[],4>12:9;7>12:1,,19,39,
2026_07_15_01_26_56,000128,13,all-cluster-heads,docs\doc_workspace\SGCP\artifacts\early_from_late_checkpoint_20260719\enable_coperception_early_from_attentive.yaml,cov_potential_game,grid,utility,utility,none,0,0,,cov_coalition_game,6,,10;13;14;19,13;14;10,14;10,"{""10"": 22, ""14"": 22}","{""10"": 4602, ""13"": 4698, ""14"": 4347}",143184,40.95216907675195,10,40.0,60.0,1,ns3,899,0.5,10,12,28,,,[],[],10>13:8;14>13:2,,12,29,
2026_07_15_01_26_56,000128,15,all-cluster-heads,docs\doc_workspace\SGCP\artifacts\early_from_late_checkpoint_20260719\enable_coperception_early_from_attentive.yaml,cov_potential_game,grid,utility,utility,none,0,0,,cov_coalition_game,6,,6;15,15;6,6,"{""6"": 22}","{""6"": 4362, ""15"": 4821}",69792,38.81646273637375,10,40.0,60.0,1,ns3,899,0.5,10,12,28,,,[],[],6>15:3,,20,23,
2026_07_15_01_26_56,000128,17,all-cluster-heads,docs\doc_workspace\SGCP\artifacts\early_from_late_checkpoint_20260719\enable_coperception_early_from_attentive.yaml,cov_potential_game,grid,utility,utility,none,0,0,,cov_coalition_game,6,,3;16;17;18,17;3;16,3;16,"{""3"": 22, ""16"": 22}","{""3"": 4506, ""16"": 4600, ""17"": 5026}",145696,40.934371523915466,10,40.0,60.0,1,ns3,899,0.5,10,12,28,,,[],[],3>17:4;16>17:6,,12,17,
2026_07_15_01_26_56,000128,20,all-cluster-heads,docs\doc_workspace\SGCP\artifacts\early_from_late_checkpoint_20260719\enable_coperception_early_from_attentive.yaml,cov_potential_game,grid,utility,utility,none,0,0,,cov_coalition_game,6,,5;9;20,20;9,9,"{""9"": 22}","{""9"": 4693, ""20"": 4900}",75088,41.76195773081201,10,40.0,60.0,1,ns3,899,0.5,10,12,28,,,[],[],9>20:5,,18,25,
2026_07_15_01_26_56,000130,1,all-cluster-heads,docs\doc_workspace\SGCP\artifacts\early_from_late_checkpoint_20260719\enable_coperception_early_from_attentive.yaml,cov_potential_game,grid,utility,utility,none,0,0,,cov_coalition_game,6,,1;2;8;11,1;11;2,11;2,"{""2"": 22, ""11"": 22}","{""1"": 4928, ""2"": 4560, ""11"": 4382}",143072,40.57842046718576,10,40.0,60.0,1,ns3,899,0.5,10,12,28,,,[],[],2>1:7;11>1:0,,19,39,
2026_07_15_01_26_56,000130,12,all-cluster-heads,docs\doc_workspace\SGCP\artifacts\early_from_late_checkpoint_20260719\enable_coperception_early_from_attentive.yaml,cov_potential_game,grid,utility,utility,none,0,0,,cov_coalition_game,6,,4;7;12,12;7;4,7;4,"{""4"": 22, ""7"": 22}","{""4"": 4540, ""7"": 4523, ""12"": 4999}",145008,40.40044493882091,10,40.0,60.0,1,ns3,899,0.5,10,12,28,,,[],[],4>12:9;7>12:1,,18,38,
2026_07_15_01_26_56,000130,13,all-cluster-heads,docs\doc_workspace\SGCP\artifacts\early_from_late_checkpoint_20260719\enable_coperception_early_from_attentive.yaml,cov_potential_game,grid,utility,utility,none,0,0,,cov_coalition_game,6,,10;13;14;19,13;14;10,14;10,"{""10"": 22, ""14"": 22}","{""10"": 4650, ""13"": 4679, ""14"": 4347}",143952,41.37931034482759,10,40.0,60.0,1,ns3,899,0.5,10,12,28,,,[],[],10>13:8;14>13:2,,13,29,
2026_07_15_01_26_56,000130,15,all-cluster-heads,docs\doc_workspace\SGCP\artifacts\early_from_late_checkpoint_20260719\enable_coperception_early_from_attentive.yaml,cov_potential_game,grid,utility,utility,none,0,0,,cov_coalition_game,6,,6;15,15;6,6,"{""6"": 22}","{""6"": 4358, ""15"": 4809}",69728,38.78086763070078,10,40.0,60.0,1,ns3,899,0.5,10,12,28,,,[],[],6>15:3,,20,22,
2026_07_15_01_26_56,000130,17,all-cluster-heads,docs\doc_workspace\SGCP\artifacts\early_from_late_checkpoint_20260719\enable_coperception_early_from_attentive.yaml,cov_potential_game,grid,utility,utility,none,0,0,,cov_coalition_game,6,,3;16;17;18,17;3;16,3;16,"{""3"": 22, ""16"": 22}","{""3"": 4463, ""16"": 4599, ""17"": 5023}",144992,40.925472747497224,10,40.0,60.0,1,ns3,899,0.5,10,12,28,,,[],[],3>17:4;16>17:6,,10,18,
2026_07_15_01_26_56,000130,20,all-cluster-heads,docs\doc_workspace\SGCP\artifacts\early_from_late_checkpoint_20260719\enable_coperception_early_from_attentive.yaml,cov_potential_game,grid,utility,utility,none,0,0,,cov_coalition_game,6,,5;9;20,20;9,9,"{""9"": 22}","{""9"": 4692, ""20"": 4900}",75072,41.753058954393765,10,40.0,60.0,1,ns3,899,0.5,10,12,28,,,[],[],9>20:5,,20,25,
2026_07_15_01_26_56,000132,4,all-cluster-heads,docs\doc_workspace\SGCP\artifacts\early_from_late_checkpoint_20260719\enable_coperception_early_from_attentive.yaml,cov_potential_game,grid,utility,utility,none,0,0,,cov_coalition_game,6,,4;7;8;12,4;12;7,12;7,"{""7"": 22, ""12"": 22}","{""4"": 4850, ""7"": 4472, ""12"": 4463}",142960,39.79532814238043,10,40.0,60.0,1,ns3,899,0.5,10,12,28,,,[],[],7>4:9;12>4:0,,19,38,
2026_07_15_01_26_56,000132,11,all-cluster-heads,docs\doc_workspace\SGCP\artifacts\early_from_late_checkpoint_20260719\enable_coperception_early_from_attentive.yaml,cov_potential_game,grid,utility,utility,none,0,0,,cov_coalition_game,6,,1;2;11;19,11;1;2,1;2,"{""1"": 22, ""2"": 22}","{""1"": 4576, ""2"": 4555, ""11"": 4910}",146096,40.720800889877644,10,40.0,60.0,1,ns3,899,0.5,10,12,28,,,[],[],1>11:1;2>11:7,,19,39,
2026_07_15_01_26_56,000132,13,all-cluster-heads,docs\doc_workspace\SGCP\artifacts\early_from_late_checkpoint_20260719\enable_coperception_early_from_attentive.yaml,cov_potential_game,grid,utility,utility,none,0,0,,cov_coalition_game,6,,9;10;13;14,13;14;10,14;10,"{""10"": 22, ""14"": 22}","{""10"": 4650, ""13"": 4705, ""14"": 4398}",144768,41.37931034482759,10,40.0,60.0,1,ns3,899,0.5,10,12,28,,,[],[],10>13:8;14>13:2,,12,29,
2026_07_15_01_26_56,000132,15,all-cluster-heads,docs\doc_workspace\SGCP\artifacts\early_from_late_checkpoint_20260719\enable_coperception_early_from_attentive.yaml,cov_potential_game,grid,utility,utility,none,0,0,,cov_coalition_game,6,,6;15,15;6,6,"{""6"": 22}","{""6"": 4339, ""15"": 4844}",69424,38.61179087875417,10,40.0,60.0,1,ns3,899,0.5,10,12,28,,,[],[],6>15:3,,17,22,
2026_07_15_01_26_56,000132,17,all-cluster-heads,docs\doc_workspace\SGCP\artifacts\early_from_late_checkpoint_20260719\enable_coperception_early_from_attentive.yaml,cov_potential_game,grid,utility,utility,none,0,0,,cov_coalition_game,6,,3;16;17;18,17;3;16,3;16,"{""3"": 22, ""16"": 22}","{""3"": 4498, ""16"": 4601, ""17"": 5022}",145584,40.94327030033371,10,40.0,60.0,1,ns3,899,0.5,10,12,28,,,[],[],3>17:4;16>17:6,,10,18,
2026_07_15_01_26_56,000132,20,all-cluster-heads,docs\doc_workspace\SGCP\artifacts\early_from_late_checkpoint_20260719\enable_coperception_early_from_attentive.yaml,cov_potential_game,grid,utility,utility,none,0,0,,cov_coalition_game,6,,5;20,20;5,5,"{""5"": 22}","{""5"": 1485, ""20"": 4901}",23760,13.2146829810901,10,40.0,60.0,1,ns3,899,0.5,10,12,28,,,[],[],5>20:5,,20,27,
2026_07_15_01_26_56,000134,4,all-cluster-heads,docs\doc_workspace\SGCP\artifacts\early_from_late_checkpoint_20260719\enable_coperception_early_from_attentive.yaml,cov_potential_game,grid,utility,utility,none,0,0,,cov_coalition_game,6,,4;7;8;12,4;12;7,12;7,"{""7"": 22, ""12"": 22}","{""4"": 4848, ""7"": 4473, ""12"": 4498}",143536,40.026696329254726,10,40.0,60.0,1,ns3,899,0.5,10,12,28,,,[],[],7>4:9;12>4:0,,18,38,
2026_07_15_01_26_56,000134,11,all-cluster-heads,docs\doc_workspace\SGCP\artifacts\early_from_late_checkpoint_20260719\enable_coperception_early_from_attentive.yaml,cov_potential_game,grid,utility,utility,none,0,0,,cov_coalition_game,6,,1;2;11;19,11;1;2,1;2,"{""1"": 22, ""2"": 22}","{""1"": 4574, ""2"": 4555, ""11"": 4909}",146064,40.70300333704115,10,40.0,60.0,1,ns3,899,0.5,10,12,28,,,[],[],1>11:1;2>11:7,,19,39,
2026_07_15_01_26_56,000134,13,all-cluster-heads,docs\doc_workspace\SGCP\artifacts\early_from_late_checkpoint_20260719\enable_coperception_early_from_attentive.yaml,cov_potential_game,grid,utility,utility,none,0,0,,cov_coalition_game,6,,9;10;13;14,13;14;9,14;9,"{""9"": 22, ""14"": 22}","{""9"": 4692, ""13"": 4701, ""14"": 4398}",145440,41.753058954393765,10,40.0,60.0,1,ns3,899,0.5,10,12,28,,,[],[],9>13:8;14>13:2,,7,19,
2026_07_15_01_26_56,000134,15,all-cluster-heads,docs\doc_workspace\SGCP\artifacts\early_from_late_checkpoint_20260719\enable_coperception_early_from_attentive.yaml,cov_potential_game,grid,utility,utility,none,0,0,,cov_coalition_game,6,,6;15,15;6,6,"{""6"": 22}","{""6"": 4342, ""15"": 4817}",69472,38.638487208008904,10,40.0,60.0,1,ns3,899,0.5,10,12,28,,,[],[],6>15:3,,18,25,
2026_07_15_01_26_56,000134,17,all-cluster-heads,docs\doc_workspace\SGCP\artifacts\early_from_late_checkpoint_20260719\enable_coperception_early_from_attentive.yaml,cov_potential_game,grid,utility,utility,none,0,0,,cov_coalition_game,6,,3;16;17;18,17;3;16,3;16,"{""3"": 22, ""16"": 22}","{""3"": 4487, ""16"": 4604, ""17"": 5034}",145456,40.969966629588434,10,40.0,60.0,1,ns3,899,0.5,10,12,28,,,[],[],3>17:4;16>17:6,,12,18,
2026_07_15_01_26_56,000134,20,all-cluster-heads,docs\doc_workspace\SGCP\artifacts\early_from_late_checkpoint_20260719\enable_coperception_early_from_attentive.yaml,cov_potential_game,grid,utility,utility,none,0,0,,cov_coalition_game,6,,5;20,20;5,5,"{""5"": 22}","{""5"": 1477, ""20"": 4905}",23632,13.14349276974416,10,40.0,60.0,1,ns3,899,0.5,10,12,28,,,[],[],5>20:5,,20,27,
2026_07_15_01_26_56,000136,2,all-cluster-heads,docs\doc_workspace\SGCP\artifacts\early_from_late_checkpoint_20260719\enable_coperception_early_from_attentive.yaml,cov_potential_game,grid,utility,utility,none,0,0,,cov_coalition_game,6,,2;6;15,2;6;15,6;15,"{""6"": 22, ""15"": 22}","{""2"": 4856, ""6"": 4370, ""15"": 4578}",143168,40.73859844271413,10,40.0,60.0,1,ns3,899,0.5,10,12,28,,,[],[],6>2:0;15>2:9,,21,38,
2026_07_15_01_26_56,000136,11,all-cluster-heads,docs\doc_workspace\SGCP\artifacts\early_from_late_checkpoint_20260719\enable_coperception_early_from_attentive.yaml,cov_potential_game,grid,utility,utility,none,0,0,,cov_coalition_game,6,,1;8;11;19,11;1,1,"{""1"": 22}","{""1"": 4575, ""11"": 4911}",73200,40.7119021134594,10,40.0,60.0,1,ns3,899,0.5,10,12,28,,,[],[],1>11:1,,21,30,
2026_07_15_01_26_56,000136,12,all-cluster-heads,docs\doc_workspace\SGCP\artifacts\early_from_late_checkpoint_20260719\enable_coperception_early_from_attentive.yaml,cov_potential_game,grid,utility,utility,none,0,0,,cov_coalition_game,6,,4;7;12,12;4;7,4;7,"{""4"": 22, ""7"": 22}","{""4"": 4502, ""7"": 3523, ""12"": 5003}",128400,40.0622914349277,10,40.0,60.0,1,ns3,899,0.5,10,12,28,,,[],[],4>12:2;7>12:8,,16,39,
2026_07_15_01_26_56,000136,13,all-cluster-heads,docs\doc_workspace\SGCP\artifacts\early_from_late_checkpoint_20260719\enable_coperception_early_from_attentive.yaml,cov_potential_game,grid,utility,utility,none,0,0,,cov_coalition_game,6,,9;10;13;14,13;14;9,14;9,"{""9"": 22, ""14"": 22}","{""9"": 4693, ""13"": 4710, ""14"": 4369}",144992,41.76195773081201,10,40.0,60.0,1,ns3,899,0.5,10,12,28,,,[],[],9>13:7;14>13:3,,7,19,
2026_07_15_01_26_56,000136,17,all-cluster-heads,docs\doc_workspace\SGCP\artifacts\early_from_late_checkpoint_20260719\enable_coperception_early_from_attentive.yaml,cov_potential_game,grid,utility,utility,none,0,0,,cov_coalition_game,6,,3;16;17;18,17;3;16,3;16,"{""3"": 22, ""16"": 22}","{""3"": 4541, ""16"": 4617, ""17"": 5030}",146528,41.08565072302559,10,40.0,60.0,1,ns3,899,0.5,10,12,28,,,[],[],3>17:4;16>17:6,,13,18,
2026_07_15_01_26_56,000136,20,all-cluster-heads,docs\doc_workspace\SGCP\artifacts\early_from_late_checkpoint_20260719\enable_coperception_early_from_attentive.yaml,cov_potential_game,grid,utility,utility,none,0,0,,cov_coalition_game,6,,5;20,20;5,5,"{""5"": 22}","{""5"": 1478, ""20"": 4909}",23648,13.152391546162402,10,40.0,60.0,1,ns3,899,0.5,10,12,28,,,[],[],5>20:5,,18,27,
2026_07_15_01_26_56,000138,2,all-cluster-heads,docs\doc_workspace\SGCP\artifacts\early_from_late_checkpoint_20260719\enable_coperception_early_from_attentive.yaml,cov_potential_game,grid,utility,utility,none,0,0,,cov_coalition_game,6,,2;6;15,2;6;15,6;15,"{""6"": 22, ""15"": 22}","{""2"": 4857, ""6"": 4354, ""15"": 4575}",142864,40.7119021134594,10,40.0,60.0,1,ns3,899,0.5,10,12,28,,,[],[],6>2:0;15>2:9,,21,38,
2026_07_15_01_26_56,000138,11,all-cluster-heads,docs\doc_workspace\SGCP\artifacts\early_from_late_checkpoint_20260719\enable_coperception_early_from_attentive.yaml,cov_potential_game,grid,utility,utility,none,0,0,,cov_coalition_game,6,,1;8;11;19,11;1,1,"{""1"": 22}","{""1"": 4572, ""11"": 4909}",73152,40.68520578420467,10,40.0,60.0,1,ns3,899,0.5,10,12,28,,,[],[],1>11:1,,21,30,
2026_07_15_01_26_56,000138,12,all-cluster-heads,docs\doc_workspace\SGCP\artifacts\early_from_late_checkpoint_20260719\enable_coperception_early_from_attentive.yaml,cov_potential_game,grid,utility,utility,none,0,0,,cov_coalition_game,6,,4;7;12,12;4;7,4;7,"{""4"": 22, ""7"": 22}","{""4"": 4516, ""7"": 3519, ""12"": 4989}",128560,40.18687430478309,10,40.0,60.0,1,ns3,899,0.5,10,12,28,,,[],[],4>12:2;7>12:8,,17,39,
2026_07_15_01_26_56,000138,13,all-cluster-heads,docs\doc_workspace\SGCP\artifacts\early_from_late_checkpoint_20260719\enable_coperception_early_from_attentive.yaml,cov_potential_game,grid,utility,utility,none,0,0,,cov_coalition_game,6,,9;10;13;14,13;14;9,14;9,"{""9"": 22, ""14"": 22}","{""9"": 4694, ""13"": 4698, ""14"": 4363}",144912,41.770856507230256,10,40.0,60.0,1,ns3,899,0.5,10,12,28,,,[],[],9>13:7;14>13:3,,7,19,
2026_07_15_01_26_56,000138,17,all-cluster-heads,docs\doc_workspace\SGCP\artifacts\early_from_late_checkpoint_20260719\enable_coperception_early_from_attentive.yaml,cov_potential_game,grid,utility,utility,none,0,0,,cov_coalition_game,6,,3;16;17;18,17;3;16,3;16,"{""3"": 22, ""16"": 22}","{""3"": 4526, ""16"": 4623, ""17"": 5027}",146384,41.13904338153504,10,40.0,60.0,1,ns3,899,0.5,10,12,28,,,[],[],3>17:4;16>17:6,,11,18,
2026_07_15_01_26_56,000138,20,all-cluster-heads,docs\doc_workspace\SGCP\artifacts\early_from_late_checkpoint_20260719\enable_coperception_early_from_attentive.yaml,cov_potential_game,grid,utility,utility,none,0,0,,cov_coalition_game,6,,5;20,20;5,5,"{""5"": 22}","{""5"": 1481, ""20"": 4910}",23696,13.17908787541713,10,40.0,60.0,1,ns3,899,0.5,10,12,28,,,[],[],5>20:5,,19,27,
2026_07_15_01_26_56,000140,4,all-cluster-heads,docs\doc_workspace\SGCP\artifacts\early_from_late_checkpoint_20260719\enable_coperception_early_from_attentive.yaml,cov_potential_game,grid,utility,utility,none,0,0,,cov_coalition_game,6,,4;7;8;12,4;12;7,12;7,"{""7"": 22, ""12"": 22}","{""4"": 4847, ""7"": 4486, ""12"": 4528}",144224,40.293659621802,10,40.0,60.0,1,ns3,899,0.5,10,12,28,,,[],[],7>4:9;12>4:0,,19,39,
2026_07_15_01_26_56,000140,11,all-cluster-heads,docs\doc_workspace\SGCP\artifacts\early_from_late_checkpoint_20260719\enable_coperception_early_from_attentive.yaml,cov_potential_game,grid,utility,utility,none,0,0,,cov_coalition_game,6,,1;2;11;19,11;1;2,1;2,"{""1"": 22, ""2"": 22}","{""1"": 4574, ""2"": 4557, ""11"": 4910}",146096,40.70300333704115,10,40.0,60.0,1,ns3,899,0.5,10,12,28,,,[],[],1>11:1;2>11:7,,19,39,
2026_07_15_01_26_56,000140,13,all-cluster-heads,docs\doc_workspace\SGCP\artifacts\early_from_late_checkpoint_20260719\enable_coperception_early_from_attentive.yaml,cov_potential_game,grid,utility,utility,none,0,0,,cov_coalition_game,6,,9;10;13;14,13;14;9,14;9,"{""9"": 22, ""14"": 22}","{""9"": 4695, ""13"": 4683, ""14"": 4382}",145232,41.7797552836485,10,40.0,60.0,1,ns3,899,0.5,10,12,28,,,[],[],9>13:8;14>13:2,,6,18,
2026_07_15_01_26_56,000140,15,all-cluster-heads,docs\doc_workspace\SGCP\artifacts\early_from_late_checkpoint_20260719\enable_coperception_early_from_attentive.yaml,cov_potential_game,grid,utility,utility,none,0,0,,cov_coalition_game,6,,6;15,15;6,6,"{""6"": 22}","{""6"": 4344, ""15"": 4825}",69504,38.65628476084539,10,40.0,60.0,1,ns3,899,0.5,10,12,28,,,[],[],6>15:3,,16,24,
2026_07_15_01_26_56,000140,17,all-cluster-heads,docs\doc_workspace\SGCP\artifacts\early_from_late_checkpoint_20260719\enable_coperception_early_from_attentive.yaml,cov_potential_game,grid,utility,utility,none,0,0,,cov_coalition_game,6,,3;16;17;18,17;3;16,3;16,"{""3"": 22, ""16"": 22}","{""3"": 4539, ""16"": 4611, ""17"": 5029}",146400,41.03225806451613,10,40.0,60.0,1,ns3,899,0.5,10,12,28,,,[],[],3>17:4;16>17:6,,10,18,
2026_07_15_01_26_56,000140,20,all-cluster-heads,docs\doc_workspace\SGCP\artifacts\early_from_late_checkpoint_20260719\enable_coperception_early_from_attentive.yaml,cov_potential_game,grid,utility,utility,none,0,0,,cov_coalition_game,6,,5;20,20;5,5,"{""5"": 22}","{""5"": 1488, ""20"": 4909}",23808,13.241379310344827,10,40.0,60.0,1,ns3,899,0.5,10,12,28,,,[],[],5>20:5,,20,26,
