scenario_id,timestamp,receiver_id,receiver_policy,coperception_yaml,resource_allocation,upload_mode,grid_selection_mode,grid_score_mode,coverage_fallback,coverage_fallback_replacements,routing_hint_replacements,routing_hints_csv,clustering,cluster_count,selective_frame_deadline_ms,cluster_member_ids,source_cav_ids,uploaded_source_ids,selected_grid_counts_json,point_counts_json,communication_bytes,frame_comm_time_ms,num_channels,bandwidth_mhz,communication_deadline_ms,max_senders_per_receiver,channel_estimator,ns3_tb_size_bytes,ns3_slot_duration_ms,ns3_subchannel_prbs,ns3_symbols_per_slot,ns3_mcs,pcs_rounds_requested,pcs_rounds_accepted,pcs_round_comm_time_ms_json,pcs_round_comm_bytes_json,channel_allocation,missing_channel_sources,pred_boxes,gt_boxes,skipped
2026_07_15_01_26_56,000060,1,all-cluster-heads,docs\doc_workspace\SGCP\artifacts\early_from_late_checkpoint_20260719\enable_coperception_early_from_attentive.yaml,cov_potential_game,grid,utility,utility,none,0,0,,cov_coalition_game,11,,1;8,1;8,8,"{""8"": 53}","{""1"": 4918, ""8"": 4404}",70464,39.19021134593993,10,40.0,200.0,1,ns3,899,0.5,10,12,28,,,[],[],8>1:0,,19,33,
2026_07_15_01_26_56,000060,5,all-cluster-heads,docs\doc_workspace\SGCP\artifacts\early_from_late_checkpoint_20260719\enable_coperception_early_from_attentive.yaml,cov_potential_game,grid,utility,utility,none,0,0,,cov_coalition_game,11,,5;7,5;7,7,"{""7"": 54}","{""5"": 4909, ""7"": 4833}",77328,43.007786429365964,10,40.0,200.0,1,ns3,899,0.5,10,12,28,,,[],[],7>5:1,,14,16,
2026_07_15_01_26_56,000060,10,all-cluster-heads,docs\doc_workspace\SGCP\artifacts\early_from_late_checkpoint_20260719\enable_coperception_early_from_attentive.yaml,cov_potential_game,grid,utility,utility,none,0,0,,cov_coalition_game,11,,10;13,10;13,13,"{""13"": 52}","{""10"": 4953, ""13"": 4689}",75024,41.72636262513904,10,40.0,200.0,1,ns3,899,0.5,10,12,28,,,[],[],13>10:2,,12,34,
2026_07_15_01_26_56,000060,11,all-cluster-heads,docs\doc_workspace\SGCP\artifacts\early_from_late_checkpoint_20260719\enable_coperception_early_from_attentive.yaml,cov_potential_game,grid,utility,utility,none,0,0,,cov_coalition_game,11,,2;11,11;2,2,"{""2"": 51}","{""2"": 3129, ""11"": 4909}",50064,27.844271412680758,10,40.0,200.0,1,ns3,899,0.5,10,12,28,,,[],[],2>11:3,,18,32,
2026_07_15_01_26_56,000060,12,all-cluster-heads,docs\doc_workspace\SGCP\artifacts\early_from_late_checkpoint_20260719\enable_coperception_early_from_attentive.yaml,cov_potential_game,grid,utility,utility,none,0,0,,cov_coalition_game,11,,4;12,12;4,4,"{""4"": 57}","{""4"": 3364, ""12"": 4891}",53824,29.93548387096774,10,40.0,200.0,1,ns3,899,0.5,10,12,28,,,[],[],4>12:4,,21,34,
2026_07_15_01_26_56,000060,14,all-cluster-heads,docs\doc_workspace\SGCP\artifacts\early_from_late_checkpoint_20260719\enable_coperception_early_from_attentive.yaml,cov_potential_game,grid,utility,utility,none,0,0,,cov_coalition_game,11,,14,14,,{},"{""14"": 5044}",0,0.0,10,40.0,200.0,1,ns3,899,0.5,10,12,28,,,[],[],,,0,0,
2026_07_15_01_26_56,000060,15,all-cluster-heads,docs\doc_workspace\SGCP\artifacts\early_from_late_checkpoint_20260719\enable_coperception_early_from_attentive.yaml,cov_potential_game,grid,utility,utility,none,0,0,,cov_coalition_game,11,,6;15,15;6,6,"{""6"": 56}","{""6"": 4485, ""15"": 4740}",71760,39.91101223581757,10,40.0,200.0,1,ns3,899,0.5,10,12,28,,,[],[],6>15:5,,13,17,
2026_07_15_01_26_56,000060,16,all-cluster-heads,docs\doc_workspace\SGCP\artifacts\early_from_late_checkpoint_20260719\enable_coperception_early_from_attentive.yaml,cov_potential_game,grid,utility,utility,none,0,0,,cov_coalition_game,11,,16;20,16;20,20,"{""20"": 50}","{""16"": 4857, ""20"": 2376}",38016,21.14349276974416,10,40.0,200.0,1,ns3,899,0.5,10,12,28,,,[],[],20>16:6,,14,26,
2026_07_15_01_26_56,000060,17,all-cluster-heads,docs\doc_workspace\SGCP\artifacts\early_from_late_checkpoint_20260719\enable_coperception_early_from_attentive.yaml,cov_potential_game,grid,utility,utility,none,0,0,,cov_coalition_game,11,,3;17,17;3,3,"{""3"": 56}","{""3"": 3324, ""17"": 4967}",53184,29.579532814238043,10,40.0,200.0,1,ns3,899,0.5,10,12,28,,,[],[],3>17:7,,9,16,
2026_07_15_01_26_56,000060,18,all-cluster-heads,docs\doc_workspace\SGCP\artifacts\early_from_late_checkpoint_20260719\enable_coperception_early_from_attentive.yaml,cov_potential_game,grid,utility,utility,none,0,0,,cov_coalition_game,11,,18,18,,{},"{""18"": 5003}",0,0.0,10,40.0,200.0,1,ns3,899,0.5,10,12,28,,,[],[],,,7,5,
2026_07_15_01_26_56,000060,19,all-cluster-heads,docs\doc_workspace\SGCP\artifacts\early_from_late_checkpoint_20260719\enable_coperception_early_from_attentive.yaml,cov_potential_game,grid,utility,utility,none,0,0,,cov_coalition_game,11,,9;19,19;9,9,"{""9"": 49}","{""9"": 4068, ""19"": 4844}",65088,36.20022246941046,10,40.0,200.0,1,ns3,899,0.5,10,12,28,,,[],[],9>19:8,,11,15,
2026_07_15_01_26_56,000062,1,all-cluster-heads,docs\doc_workspace\SGCP\artifacts\early_from_late_checkpoint_20260719\enable_coperception_early_from_attentive.yaml,cov_potential_game,grid,utility,utility,none,0,0,,cov_coalition_game,11,,1;11,1;11,11,"{""11"": 52}","{""1"": 4921, ""11"": 4599}",73584,40.925472747497224,10,40.0,200.0,1,ns3,899,0.5,10,12,28,,,[],[],11>1:0,,25,29,
2026_07_15_01_26_56,000062,2,all-cluster-heads,docs\doc_workspace\SGCP\artifacts\early_from_late_checkpoint_20260719\enable_coperception_early_from_attentive.yaml,cov_potential_game,grid,utility,utility,none,0,0,,cov_coalition_game,11,,2;8,2;8,8,"{""8"": 54}","{""2"": 4862, ""8"": 4812}",76992,42.82091212458287,10,40.0,200.0,1,ns3,899,0.5,10,12,28,,,[],[],8>2:1,,28,40,
2026_07_15_01_26_56,000062,5,all-cluster-heads,docs\doc_workspace\SGCP\artifacts\early_from_late_checkpoint_20260719\enable_coperception_early_from_attentive.yaml,cov_potential_game,grid,utility,utility,none,0,0,,cov_coalition_game,11,,5;7,5;7,7,"{""7"": 55}","{""5"": 4912, ""7"": 4831}",77296,42.98998887652947,10,40.0,200.0,1,ns3,899,0.5,10,12,28,,,[],[],7>5:2,,18,16,
2026_07_15_01_26_56,000062,10,all-cluster-heads,docs\doc_workspace\SGCP\artifacts\early_from_late_checkpoint_20260719\enable_coperception_early_from_attentive.yaml,cov_potential_game,grid,utility,utility,none,0,0,,cov_coalition_game,11,,10;13,10;13,13,"{""13"": 51}","{""10"": 4955, ""13"": 4670}",74720,41.557285873192434,10,40.0,200.0,1,ns3,899,0.5,10,12,28,,,[],[],13>10:3,,10,33,
2026_07_15_01_26_56,000062,12,all-cluster-heads,docs\doc_workspace\SGCP\artifacts\early_from_late_checkpoint_20260719\enable_coperception_early_from_attentive.yaml,cov_potential_game,grid,utility,utility,none,0,0,,cov_coalition_game,11,,4;12,12;4,4,"{""4"": 57}","{""4"": 3322, ""12"": 4894}",53152,29.56173526140156,10,40.0,200.0,1,ns3,899,0.5,10,12,28,,,[],[],4>12:4,,17,35,
2026_07_15_01_26_56,000062,14,all-cluster-heads,docs\doc_workspace\SGCP\artifacts\early_from_late_checkpoint_20260719\enable_coperception_early_from_attentive.yaml,cov_potential_game,grid,utility,utility,none,0,0,,cov_coalition_game,11,,14,14,,{},"{""14"": 5042}",0,0.0,10,40.0,200.0,1,ns3,899,0.5,10,12,28,,,[],[],,,0,0,
2026_07_15_01_26_56,000062,15,all-cluster-heads,docs\doc_workspace\SGCP\artifacts\early_from_late_checkpoint_20260719\enable_coperception_early_from_attentive.yaml,cov_potential_game,grid,utility,utility,none,0,0,,cov_coalition_game,11,,6;15,15;6,6,"{""6"": 56}","{""6"": 4478, ""15"": 4745}",71648,39.84872080088988,10,40.0,200.0,1,ns3,899,0.5,10,12,28,,,[],[],6>15:5,,15,17,
2026_07_15_01_26_56,000062,16,all-cluster-heads,docs\doc_workspace\SGCP\artifacts\early_from_late_checkpoint_20260719\enable_coperception_early_from_attentive.yaml,cov_potential_game,grid,utility,utility,none,0,0,,cov_coalition_game,11,,16;20,16;20,20,"{""20"": 51}","{""16"": 4866, ""20"": 3237}",51792,28.805339265850943,10,40.0,200.0,1,ns3,899,0.5,10,12,28,,,[],[],20>16:6,,16,26,
2026_07_15_01_26_56,000062,17,all-cluster-heads,docs\doc_workspace\SGCP\artifacts\early_from_late_checkpoint_20260719\enable_coperception_early_from_attentive.yaml,cov_potential_game,grid,utility,utility,none,0,0,,cov_coalition_game,11,,3;17,17;3,3,"{""3"": 57}","{""3"": 3289, ""17"": 4985}",52624,29.268075639599555,10,40.0,200.0,1,ns3,899,0.5,10,12,28,,,[],[],3>17:7,,8,15,
2026_07_15_01_26_56,000062,18,all-cluster-heads,docs\doc_workspace\SGCP\artifacts\early_from_late_checkpoint_20260719\enable_coperception_early_from_attentive.yaml,cov_potential_game,grid,utility,utility,none,0,0,,cov_coalition_game,11,,18,18,,{},"{""18"": 5017}",0,0.0,10,40.0,200.0,1,ns3,899,0.5,10,12,28,,,[],[],,,6,5,
2026_07_15_01_26_56,000062,19,all-cluster-heads,docs\doc_workspace\SGCP\artifacts\early_from_late_checkpoint_20260719\enable_coperception_early_from_attentive.yaml,cov_potential_game,grid,utility,utility,none,0,0,,cov_coalition_game,11,,9;19,19;9,9,"{""9"": 49}","{""9"": 4067, ""19"": 4823}",65072,36.19132369299221,10,40.0,200.0,1,ns3,899,0.5,10,12,28,,,[],[],9>19:8,,10,15,
2026_07_15_01_26_56,000064,1,all-cluster-heads,docs\doc_workspace\SGCP\artifacts\early_from_late_checkpoint_20260719\enable_coperception_early_from_attentive.yaml,cov_potential_game,grid,utility,utility,none,0,0,,cov_coalition_game,11,,1;11,1;11,11,"{""11"": 53}","{""1"": 4921, ""11"": 4603}",73648,40.96106785317019,10,40.0,200.0,1,ns3,899,0.5,10,12,28,,,[],[],11>1:0,,23,28,
2026_07_15_01_26_56,000064,2,all-cluster-heads,docs\doc_workspace\SGCP\artifacts\early_from_late_checkpoint_20260719\enable_coperception_early_from_attentive.yaml,cov_potential_game,grid,utility,utility,none,0,0,,cov_coalition_game,11,,2;8,2;8,8,"{""8"": 55}","{""2"": 4878, ""8"": 4812}",76992,42.82091212458287,10,40.0,200.0,1,ns3,899,0.5,10,12,28,,,[],[],8>2:1,,28,42,
2026_07_15_01_26_56,000064,5,all-cluster-heads,docs\doc_workspace\SGCP\artifacts\early_from_late_checkpoint_20260719\enable_coperception_early_from_attentive.yaml,cov_potential_game,grid,utility,utility,none,0,0,,cov_coalition_game,11,,5;7,5;7,7,"{""7"": 56}","{""5"": 4913, ""7"": 4837}",77392,43.04338153503893,10,40.0,200.0,1,ns3,899,0.5,10,12,28,,,[],[],7>5:2,,17,17,
2026_07_15_01_26_56,000064,10,all-cluster-heads,docs\doc_workspace\SGCP\artifacts\early_from_late_checkpoint_20260719\enable_coperception_early_from_attentive.yaml,cov_potential_game,grid,utility,utility,none,0,0,,cov_coalition_game,11,,10;13,10;13,13,"{""13"": 51}","{""10"": 4948, ""13"": 4671}",74736,41.566184649610676,10,40.0,200.0,1,ns3,899,0.5,10,12,28,,,[],[],13>10:3,,10,32,
2026_07_15_01_26_56,000064,12,all-cluster-heads,docs\doc_workspace\SGCP\artifacts\early_from_late_checkpoint_20260719\enable_coperception_early_from_attentive.yaml,cov_potential_game,grid,utility,utility,none,0,0,,cov_coalition_game,11,,4;12,12;4,4,"{""4"": 56}","{""4"": 3281, ""12"": 4896}",52496,29.196885428253616,10,40.0,200.0,1,ns3,899,0.5,10,12,28,,,[],[],4>12:4,,14,35,
2026_07_15_01_26_56,000064,14,all-cluster-heads,docs\doc_workspace\SGCP\artifacts\early_from_late_checkpoint_20260719\enable_coperception_early_from_attentive.yaml,cov_potential_game,grid,utility,utility,none,0,0,,cov_coalition_game,11,,14,14,,{},"{""14"": 5060}",0,0.0,10,40.0,200.0,1,ns3,899,0.5,10,12,28,,,[],[],,,0,0,
2026_07_15_01_26_56,000064,15,all-cluster-heads,docs\doc_workspace\SGCP\artifacts\early_from_late_checkpoint_20260719\enable_coperception_early_from_attentive.yaml,cov_potential_game,grid,utility,utility,none,0,0,,cov_coalition_game,11,,6;15,15;6,6,"{""6"": 58}","{""6"": 4512, ""15"": 4750}",72192,40.15127919911012,10,40.0,200.0,1,ns3,899,0.5,10,12,28,,,[],[],6>15:5,,15,17,
2026_07_15_01_26_56,000064,16,all-cluster-heads,docs\doc_workspace\SGCP\artifacts\early_from_late_checkpoint_20260719\enable_coperception_early_from_attentive.yaml,cov_potential_game,grid,utility,utility,none,0,0,,cov_coalition_game,11,,16;20,16;20,20,"{""20"": 49}","{""16"": 4850, ""20"": 3214}",51424,28.60066740823137,10,40.0,200.0,1,ns3,899,0.5,10,12,28,,,[],[],20>16:6,,17,26,
2026_07_15_01_26_56,000064,17,all-cluster-heads,docs\doc_workspace\SGCP\artifacts\early_from_late_checkpoint_20260719\enable_coperception_early_from_attentive.yaml,cov_potential_game,grid,utility,utility,none,0,0,,cov_coalition_game,11,,3;17,17;3,3,"{""3"": 57}","{""3"": 3262, ""17"": 4966}",52192,29.02780867630701,10,40.0,200.0,1,ns3,899,0.5,10,12,28,,,[],[],3>17:7,,8,15,
2026_07_15_01_26_56,000064,18,all-cluster-heads,docs\doc_workspace\SGCP\artifacts\early_from_late_checkpoint_20260719\enable_coperception_early_from_attentive.yaml,cov_potential_game,grid,utility,utility,none,0,0,,cov_coalition_game,11,,18,18,,{},"{""18"": 5016}",0,0.0,10,40.0,200.0,1,ns3,899,0.5,10,12,28,,,[],[],,,7,5,
2026_07_15_01_26_56,000064,19,all-cluster-heads,docs\doc_workspace\SGCP\artifacts\early_from_late_checkpoint_20260719\enable_coperception_early_from_attentive.yaml,cov_potential_game,grid,utility,utility,none,0,0,,cov_coalition_game,11,,9;19,19;9,9,"{""9"": 50}","{""9"": 4064, ""19"": 4819}",65024,36.16462736373749,10,40.0,200.0,1,ns3,899,0.5,10,12,28,,,[],[],9>19:8,,7,15,
2026_07_15_01_26_56,000066,1,all-cluster-heads,docs\doc_workspace\SGCP\artifacts\early_from_late_checkpoint_20260719\enable_coperception_early_from_attentive.yaml,cov_potential_game,grid,utility,utility,none,0,0,,cov_coalition_game,11,,1;11,1;11,11,"{""11"": 54}","{""1"": 4922, ""11"": 4604}",73664,40.969966629588434,10,40.0,200.0,1,ns3,899,0.5,10,12,28,,,[],[],11>1:0,,27,30,
2026_07_15_01_26_56,000066,2,all-cluster-heads,docs\doc_workspace\SGCP\artifacts\early_from_late_checkpoint_20260719\enable_coperception_early_from_attentive.yaml,cov_potential_game,grid,utility,utility,none,0,0,,cov_coalition_game,11,,2;8,2;8,8,"{""8"": 54}","{""2"": 4878, ""8"": 4811}",76976,42.812013348164626,10,40.0,200.0,1,ns3,899,0.5,10,12,28,,,[],[],8>2:1,,27,42,
2026_07_15_01_26_56,000066,5,all-cluster-heads,docs\doc_workspace\SGCP\artifacts\early_from_late_checkpoint_20260719\enable_coperception_early_from_attentive.yaml,cov_potential_game,grid,utility,utility,none,0,0,,cov_coalition_game,11,,5;7,5;7,7,"{""7"": 57}","{""5"": 4912, ""7"": 4828}",77248,42.96329254727475,10,40.0,200.0,1,ns3,899,0.5,10,12,28,,,[],[],7>5:2,,18,17,
2026_07_15_01_26_56,000066,10,all-cluster-heads,docs\doc_workspace\SGCP\artifacts\early_from_late_checkpoint_20260719\enable_coperception_early_from_attentive.yaml,cov_potential_game,grid,utility,utility,none,0,0,,cov_coalition_game,11,,10;13,10;13,13,"{""13"": 51}","{""10"": 4946, ""13"": 4672}",74752,41.57508342602892,10,40.0,200.0,1,ns3,899,0.5,10,12,28,,,[],[],13>10:3,,11,33,
2026_07_15_01_26_56,000066,12,all-cluster-heads,docs\doc_workspace\SGCP\artifacts\early_from_late_checkpoint_20260719\enable_coperception_early_from_attentive.yaml,cov_potential_game,grid,utility,utility,none,0,0,,cov_coalition_game,11,,4;12,12;4,4,"{""4"": 57}","{""4"": 3279, ""12"": 4884}",52464,29.17908787541713,10,40.0,200.0,1,ns3,899,0.5,10,12,28,,,[],[],4>12:4,,14,34,
2026_07_15_01_26_56,000066,14,all-cluster-heads,docs\doc_workspace\SGCP\artifacts\early_from_late_checkpoint_20260719\enable_coperception_early_from_attentive.yaml,cov_potential_game,grid,utility,utility,none,0,0,,cov_coalition_game,11,,14,14,,{},"{""14"": 5042}",0,0.0,10,40.0,200.0,1,ns3,899,0.5,10,12,28,,,[],[],,,0,0,
2026_07_15_01_26_56,000066,15,all-cluster-heads,docs\doc_workspace\SGCP\artifacts\early_from_late_checkpoint_20260719\enable_coperception_early_from_attentive.yaml,cov_potential_game,grid,utility,utility,none,0,0,,cov_coalition_game,11,,6;15,15;6,6,"{""6"": 57}","{""6"": 4507, ""15"": 4740}",72112,40.10678531701891,10,40.0,200.0,1,ns3,899,0.5,10,12,28,,,[],[],6>15:5,,14,17,
2026_07_15_01_26_56,000066,16,all-cluster-heads,docs\doc_workspace\SGCP\artifacts\early_from_late_checkpoint_20260719\enable_coperception_early_from_attentive.yaml,cov_potential_game,grid,utility,utility,none,0,0,,cov_coalition_game,11,,16;20,16;20,20,"{""20"": 48}","{""16"": 4854, ""20"": 3146}",50336,27.99555061179088,10,40.0,200.0,1,ns3,899,0.5,10,12,28,,,[],[],20>16:6,,16,25,
2026_07_15_01_26_56,000066,17,all-cluster-heads,docs\doc_workspace\SGCP\artifacts\early_from_late_checkpoint_20260719\enable_coperception_early_from_attentive.yaml,cov_potential_game,grid,utility,utility,none,0,0,,cov_coalition_game,11,,3;17,17;3,3,"{""3"": 60}","{""3"": 3242, ""17"": 4984}",51872,28.849833147942157,10,40.0,200.0,1,ns3,899,0.5,10,12,28,,,[],[],3>17:7,,6,15,
2026_07_15_01_26_56,000066,18,all-cluster-heads,docs\doc_workspace\SGCP\artifacts\early_from_late_checkpoint_20260719\enable_coperception_early_from_attentive.yaml,cov_potential_game,grid,utility,utility,none,0,0,,cov_coalition_game,11,,18,18,,{},"{""18"": 5001}",0,0.0,10,40.0,200.0,1,ns3,899,0.5,10,12,28,,,[],[],,,4,5,
2026_07_15_01_26_56,000066,19,all-cluster-heads,docs\doc_workspace\SGCP\artifacts\early_from_late_checkpoint_20260719\enable_coperception_early_from_attentive.yaml,cov_potential_game,grid,utility,utility,none,0,0,,cov_coalition_game,11,,9;19,19;9,9,"{""9"": 51}","{""9"": 4064, ""19"": 4818}",65024,36.16462736373749,10,40.0,200.0,1,ns3,899,0.5,10,12,28,,,[],[],9>19:8,,7,15,
2026_07_15_01_26_56,000068,1,all-cluster-heads,docs\doc_workspace\SGCP\artifacts\early_from_late_checkpoint_20260719\enable_coperception_early_from_attentive.yaml,cov_potential_game,grid,utility,utility,none,0,0,,cov_coalition_game,10,,1;11,1;11,11,"{""11"": 54}","{""1"": 4924, ""11"": 4604}",73664,40.969966629588434,10,40.0,200.0,1,ns3,899,0.5,10,12,28,,,[],[],11>1:0,,24,30,
2026_07_15_01_26_56,000068,2,all-cluster-heads,docs\doc_workspace\SGCP\artifacts\early_from_late_checkpoint_20260719\enable_coperception_early_from_attentive.yaml,cov_potential_game,grid,utility,utility,none,0,0,,cov_coalition_game,10,,2;8,2;8,8,"{""8"": 54}","{""2"": 4870, ""8"": 4811}",76976,42.812013348164626,10,40.0,200.0,1,ns3,899,0.5,10,12,28,,,[],[],8>2:1,,30,39,
2026_07_15_01_26_56,000068,3,all-cluster-heads,docs\doc_workspace\SGCP\artifacts\early_from_late_checkpoint_20260719\enable_coperception_early_from_attentive.yaml,cov_potential_game,grid,utility,utility,none,0,0,,cov_coalition_game,10,,3;5,3;5,5,"{""5"": 51}","{""3"": 4987, ""5"": 4902}",78432,43.62180200222469,10,40.0,200.0,1,ns3,899,0.5,10,12,28,,,[],[],5>3:2,,10,12,
2026_07_15_01_26_56,000068,10,all-cluster-heads,docs\doc_workspace\SGCP\artifacts\early_from_late_checkpoint_20260719\enable_coperception_early_from_attentive.yaml,cov_potential_game,grid,utility,utility,none,0,0,,cov_coalition_game,10,,10;19,10;19,19,"{""19"": 53}","{""10"": 4934, ""19"": 4636}",74176,41.25472747497219,10,40.0,200.0,1,ns3,899,0.5,10,12,28,,,[],[],19>10:3,,11,30,
2026_07_15_01_26_56,000068,12,all-cluster-heads,docs\doc_workspace\SGCP\artifacts\early_from_late_checkpoint_20260719\enable_coperception_early_from_attentive.yaml,cov_potential_game,grid,utility,utility,none,0,0,,cov_coalition_game,10,,4;12,12;4,4,"{""4"": 57}","{""4"": 3273, ""12"": 4882}",52368,29.125695216907676,10,40.0,200.0,1,ns3,899,0.5,10,12,28,,,[],[],4>12:4,,14,35,
2026_07_15_01_26_56,000068,13,all-cluster-heads,docs\doc_workspace\SGCP\artifacts\early_from_late_checkpoint_20260719\enable_coperception_early_from_attentive.yaml,cov_potential_game,grid,utility,utility,none,0,0,,cov_coalition_game,10,,9;13,13;9,9,"{""9"": 48}","{""9"": 3783, ""13"": 4795}",60528,33.664071190211345,10,40.0,200.0,1,ns3,899,0.5,10,12,28,,,[],[],9>13:5,,7,26,
2026_07_15_01_26_56,000068,14,all-cluster-heads,docs\doc_workspace\SGCP\artifacts\early_from_late_checkpoint_20260719\enable_coperception_early_from_attentive.yaml,cov_potential_game,grid,utility,utility,none,0,0,,cov_coalition_game,10,,7;14,14;7,7,"{""7"": 58}","{""7"": 4901, ""14"": 5028}",78416,43.61290322580645,10,40.0,200.0,1,ns3,899,0.5,10,12,28,,,[],[],7>14:6,,12,15,
2026_07_15_01_26_56,000068,15,all-cluster-heads,docs\doc_workspace\SGCP\artifacts\early_from_late_checkpoint_20260719\enable_coperception_early_from_attentive.yaml,cov_potential_game,grid,utility,utility,none,0,0,,cov_coalition_game,10,,6;15,15;6,6,"{""6"": 59}","{""6"": 4514, ""15"": 4743}",72224,40.169076751946605,10,40.0,200.0,1,ns3,899,0.5,10,12,28,,,[],[],6>15:7,,15,16,
2026_07_15_01_26_56,000068,16,all-cluster-heads,docs\doc_workspace\SGCP\artifacts\early_from_late_checkpoint_20260719\enable_coperception_early_from_attentive.yaml,cov_potential_game,grid,utility,utility,none,0,0,,cov_coalition_game,10,,16;20,16;20,20,"{""20"": 47}","{""16"": 4887, ""20"": 3148}",50368,28.013348164627363,10,40.0,200.0,1,ns3,899,0.5,10,12,28,,,[],[],20>16:8,,19,25,
2026_07_15_01_26_56,000068,17,all-cluster-heads,docs\doc_workspace\SGCP\artifacts\early_from_late_checkpoint_20260719\enable_coperception_early_from_attentive.yaml,cov_potential_game,grid,utility,utility,none,0,0,,cov_coalition_game,10,,17;18,17;18,18,"{""18"": 55}","{""17"": 4976, ""18"": 4990}",79840,44.404894327030036,10,40.0,200.0,1,ns3,899,0.5,10,12,28,,,[],[],18>17:9,,7,10,
2026_07_15_01_26_56,000070,1,all-cluster-heads,docs\doc_workspace\SGCP\artifacts\early_from_late_checkpoint_20260719\enable_coperception_early_from_attentive.yaml,cov_potential_game,grid,utility,utility,none,0,0,,cov_coalition_game,10,,1;8,1;8,8,"{""8"": 54}","{""1"": 4925, ""8"": 4406}",70496,39.20800889877642,10,40.0,200.0,1,ns3,899,0.5,10,12,28,,,[],[],8>1:0,,17,32,
2026_07_15_01_26_56,000070,5,all-cluster-heads,docs\doc_workspace\SGCP\artifacts\early_from_late_checkpoint_20260719\enable_coperception_early_from_attentive.yaml,cov_potential_game,grid,utility,utility,none,0,0,,cov_coalition_game,10,,5;7,5;7,7,"{""7"": 57}","{""5"": 4907, ""7"": 4837}",77392,43.04338153503893,10,40.0,200.0,1,ns3,899,0.5,10,12,28,,,[],[],7>5:1,,17,17,
2026_07_15_01_26_56,000070,10,all-cluster-heads,docs\doc_workspace\SGCP\artifacts\early_from_late_checkpoint_20260719\enable_coperception_early_from_attentive.yaml,cov_potential_game,grid,utility,utility,none,0,0,,cov_coalition_game,10,,10;19,10;19,19,"{""19"": 55}","{""10"": 4949, ""19"": 4642}",74272,41.308120133481644,10,40.0,200.0,1,ns3,899,0.5,10,12,28,,,[],[],19>10:2,,11,31,
2026_07_15_01_26_56,000070,11,all-cluster-heads,docs\doc_workspace\SGCP\artifacts\early_from_late_checkpoint_20260719\enable_coperception_early_from_attentive.yaml,cov_potential_game,grid,utility,utility,none,0,0,,cov_coalition_game,10,,2;11,11;2,2,"{""2"": 53}","{""2"": 2840, ""11"": 4909}",45440,25.272525027808676,10,40.0,200.0,1,ns3,899,0.5,10,12,28,,,[],[],2>11:3,,22,33,
2026_07_15_01_26_56,000070,12,all-cluster-heads,docs\doc_workspace\SGCP\artifacts\early_from_late_checkpoint_20260719\enable_coperception_early_from_attentive.yaml,cov_potential_game,grid,utility,utility,none,0,0,,cov_coalition_game,10,,4;12,12;4,4,"{""4"": 54}","{""4"": 3284, ""12"": 4888}",52544,29.22358175750834,10,40.0,200.0,1,ns3,899,0.5,10,12,28,,,[],[],4>12:4,,8,35,
2026_07_15_01_26_56,000070,13,all-cluster-heads,docs\doc_workspace\SGCP\artifacts\early_from_late_checkpoint_20260719\enable_coperception_early_from_attentive.yaml,cov_potential_game,grid,utility,utility,none,0,0,,cov_coalition_game,10,,9;13,13;9,9,"{""9"": 48}","{""9"": 3782, ""13"": 4795}",60512,33.6551724137931,10,40.0,200.0,1,ns3,899,0.5,10,12,28,,,[],[],9>13:5,,7,25,
2026_07_15_01_26_56,000070,14,all-cluster-heads,docs\doc_workspace\SGCP\artifacts\early_from_late_checkpoint_20260719\enable_coperception_early_from_attentive.yaml,cov_potential_game,grid,utility,utility,none,0,0,,cov_coalition_game,10,,3;14,14;3,3,"{""3"": 61}","{""3"": 4953, ""14"": 5031}",79248,44.07563959955506,10,40.0,200.0,1,ns3,899,0.5,10,12,28,,,[],[],3>14:6,,7,6,
2026_07_15_01_26_56,000070,15,all-cluster-heads,docs\doc_workspace\SGCP\artifacts\early_from_late_checkpoint_20260719\enable_coperception_early_from_attentive.yaml,cov_potential_game,grid,utility,utility,none,0,0,,cov_coalition_game,10,,6;15,15;6,6,"{""6"": 59}","{""6"": 4510, ""15"": 4740}",72160,40.13348164627364,10,40.0,200.0,1,ns3,899,0.5,10,12,28,,,[],[],6>15:7,,15,16,
2026_07_15_01_26_56,000070,16,all-cluster-heads,docs\doc_workspace\SGCP\artifacts\early_from_late_checkpoint_20260719\enable_coperception_early_from_attentive.yaml,cov_potential_game,grid,utility,utility,none,0,0,,cov_coalition_game,10,,16;20,16;20,20,"{""20"": 47}","{""16"": 4856, ""20"": 3158}",50528,28.10233592880979,10,40.0,200.0,1,ns3,899,0.5,10,12,28,,,[],[],20>16:8,,19,25,
2026_07_15_01_26_56,000070,17,all-cluster-heads,docs\doc_workspace\SGCP\artifacts\early_from_late_checkpoint_20260719\enable_coperception_early_from_attentive.yaml,cov_potential_game,grid,utility,utility,none,0,0,,cov_coalition_game,10,,17;18,17;18,18,"{""18"": 53}","{""17"": 4972, ""18"": 5023}",80368,44.698553948832036,10,40.0,200.0,1,ns3,899,0.5,10,12,28,,,[],[],18>17:9,,9,10,
2026_07_15_01_26_56,000072,1,all-cluster-heads,docs\doc_workspace\SGCP\artifacts\early_from_late_checkpoint_20260719\enable_coperception_early_from_attentive.yaml,cov_potential_game,grid,utility,utility,none,0,0,,cov_coalition_game,10,,1;11,1;11,11,"{""11"": 53}","{""1"": 4928, ""11"": 4601}",73616,40.94327030033371,10,40.0,200.0,1,ns3,899,0.5,10,12,28,,,[],[],11>1:0,,24,30,
2026_07_15_01_26_56,000072,2,all-cluster-heads,docs\doc_workspace\SGCP\artifacts\early_from_late_checkpoint_20260719\enable_coperception_early_from_attentive.yaml,cov_potential_game,grid,utility,utility,none,0,0,,cov_coalition_game,10,,2;8,2;8,8,"{""8"": 55}","{""2"": 4864, ""8"": 4813}",77008,42.82981090100111,10,40.0,200.0,1,ns3,899,0.5,10,12,28,,,[],[],8>2:1,,27,42,
2026_07_15_01_26_56,000072,3,all-cluster-heads,docs\doc_workspace\SGCP\artifacts\early_from_late_checkpoint_20260719\enable_coperception_early_from_attentive.yaml,cov_potential_game,grid,utility,utility,none,0,0,,cov_coalition_game,10,,3;5,3;5,5,"{""5"": 51}","{""3"": 4951, ""5"": 4895}",78320,43.559510567296996,10,40.0,200.0,1,ns3,899,0.5,10,12,28,,,[],[],5>3:2,,12,11,
2026_07_15_01_26_56,000072,10,all-cluster-heads,docs\doc_workspace\SGCP\artifacts\early_from_late_checkpoint_20260719\enable_coperception_early_from_attentive.yaml,cov_potential_game,grid,utility,utility,none,0,0,,cov_coalition_game,10,,10;19,10;19,19,"{""19"": 56}","{""10"": 4930, ""19"": 4499}",71984,40.03559510567297,10,40.0,200.0,1,ns3,899,0.5,10,12,28,,,[],[],19>10:3,,12,29,
2026_07_15_01_26_56,000072,12,all-cluster-heads,docs\doc_workspace\SGCP\artifacts\early_from_late_checkpoint_20260719\enable_coperception_early_from_attentive.yaml,cov_potential_game,grid,utility,utility,none,0,0,,cov_coalition_game,10,,4;12,12;4,4,"{""4"": 54}","{""4"": 3289, ""12"": 4892}",52624,29.268075639599555,10,40.0,200.0,1,ns3,899,0.5,10,12,28,,,[],[],4>12:4,,12,34,
2026_07_15_01_26_56,000072,13,all-cluster-heads,docs\doc_workspace\SGCP\artifacts\early_from_late_checkpoint_20260719\enable_coperception_early_from_attentive.yaml,cov_potential_game,grid,utility,utility,none,0,0,,cov_coalition_game,10,,9;13,13;9,9,"{""9"": 48}","{""9"": 3782, ""13"": 4800}",60512,33.6551724137931,10,40.0,200.0,1,ns3,899,0.5,10,12,28,,,[],[],9>13:5,,8,24,
2026_07_15_01_26_56,000072,14,all-cluster-heads,docs\doc_workspace\SGCP\artifacts\early_from_late_checkpoint_20260719\enable_coperception_early_from_attentive.yaml,cov_potential_game,grid,utility,utility,none,0,0,,cov_coalition_game,10,,7;14,14;7,7,"{""7"": 61}","{""7"": 4909, ""14"": 5044}",78544,43.68409343715239,10,40.0,200.0,1,ns3,899,0.5,10,12,28,,,[],[],7>14:6,,14,15,
2026_07_15_01_26_56,000072,15,all-cluster-heads,docs\doc_workspace\SGCP\artifacts\early_from_late_checkpoint_20260719\enable_coperception_early_from_attentive.yaml,cov_potential_game,grid,utility,utility,none,0,0,,cov_coalition_game,10,,6;15,15;6,6,"{""6"": 55}","{""6"": 4495, ""15"": 4748}",71920,40.0,10,40.0,200.0,1,ns3,899,0.5,10,12,28,,,[],[],6>15:7,,15,18,
2026_07_15_01_26_56,000072,16,all-cluster-heads,docs\doc_workspace\SGCP\artifacts\early_from_late_checkpoint_20260719\enable_coperception_early_from_attentive.yaml,cov_potential_game,grid,utility,utility,none,0,0,,cov_coalition_game,10,,16;20,16;20,20,"{""20"": 47}","{""16"": 4868, ""20"": 3155}",50480,28.07563959955506,10,40.0,200.0,1,ns3,899,0.5,10,12,28,,,[],[],20>16:8,,18,25,
2026_07_15_01_26_56,000072,17,all-cluster-heads,docs\doc_workspace\SGCP\artifacts\early_from_late_checkpoint_20260719\enable_coperception_early_from_attentive.yaml,cov_potential_game,grid,utility,utility,none,0,0,,cov_coalition_game,10,,17;18,17;18,18,"{""18"": 53}","{""17"": 4977, ""18"": 4982}",79712,44.33370411568409,10,40.0,200.0,1,ns3,899,0.5,10,12,28,,,[],[],18>17:9,,7,10,
2026_07_15_01_26_56,000074,1,all-cluster-heads,docs\doc_workspace\SGCP\artifacts\early_from_late_checkpoint_20260719\enable_coperception_early_from_attentive.yaml,cov_potential_game,grid,utility,utility,none,0,0,,cov_coalition_game,10,,1;11,1;11,11,"{""11"": 53}","{""1"": 4931, ""11"": 4598}",73568,40.91657397107898,10,40.0,200.0,1,ns3,899,0.5,10,12,28,,,[],[],11>1:0,,24,29,
2026_07_15_01_26_56,000074,2,all-cluster-heads,docs\doc_workspace\SGCP\artifacts\early_from_late_checkpoint_20260719\enable_coperception_early_from_attentive.yaml,cov_potential_game,grid,utility,utility,none,0,0,,cov_coalition_game,10,,2;8,2;8,8,"{""8"": 54}","{""2"": 4872, ""8"": 4813}",77008,42.82981090100111,10,40.0,200.0,1,ns3,899,0.5,10,12,28,,,[],[],8>2:1,,26,42,
2026_07_15_01_26_56,000074,10,all-cluster-heads,docs\doc_workspace\SGCP\artifacts\early_from_late_checkpoint_20260719\enable_coperception_early_from_attentive.yaml,cov_potential_game,grid,utility,utility,none,0,0,,cov_coalition_game,10,,10;13,10;13,13,"{""13"": 52}","{""10"": 4948, ""13"": 4630}",74080,41.20133481646274,10,40.0,200.0,1,ns3,899,0.5,10,12,28,,,[],[],13>10:2,,9,30,
2026_07_15_01_26_56,000074,12,all-cluster-heads,docs\doc_workspace\SGCP\artifacts\early_from_late_checkpoint_20260719\enable_coperception_early_from_attentive.yaml,cov_potential_game,grid,utility,utility,none,0,0,,cov_coalition_game,10,,4;12,12;4,4,"{""4"": 56}","{""4"": 3284, ""12"": 4881}",52544,29.22358175750834,10,40.0,200.0,1,ns3,899,0.5,10,12,28,,,[],[],4>12:3,,13,35,
2026_07_15_01_26_56,000074,14,all-cluster-heads,docs\doc_workspace\SGCP\artifacts\early_from_late_checkpoint_20260719\enable_coperception_early_from_attentive.yaml,cov_potential_game,grid,utility,utility,none,0,0,,cov_coalition_game,10,,5;14,14;5,5,"{""5"": 52}","{""5"": 4914, ""14"": 5017}",78624,43.7285873192436,10,40.0,200.0,1,ns3,899,0.5,10,12,28,,,[],[],5>14:4,,9,10,
2026_07_15_01_26_56,000074,15,all-cluster-heads,docs\doc_workspace\SGCP\artifacts\early_from_late_checkpoint_20260719\enable_coperception_early_from_attentive.yaml,cov_potential_game,grid,utility,utility,none,0,0,,cov_coalition_game,10,,6;15,15;6,6,"{""6"": 54}","{""6"": 4491, ""15"": 4753}",71856,39.96440489432703,10,40.0,200.0,1,ns3,899,0.5,10,12,28,,,[],[],6>15:5,,15,18,
2026_07_15_01_26_56,000074,16,all-cluster-heads,docs\doc_workspace\SGCP\artifacts\early_from_late_checkpoint_20260719\enable_coperception_early_from_attentive.yaml,cov_potential_game,grid,utility,utility,none,0,0,,cov_coalition_game,10,,16;20,16;20,20,"{""20"": 47}","{""16"": 4872, ""20"": 3155}",50480,28.07563959955506,10,40.0,200.0,1,ns3,899,0.5,10,12,28,,,[],[],20>16:6,,19,26,
2026_07_15_01_26_56,000074,17,all-cluster-heads,docs\doc_workspace\SGCP\artifacts\early_from_late_checkpoint_20260719\enable_coperception_early_from_attentive.yaml,cov_potential_game,grid,utility,utility,none,0,0,,cov_coalition_game,10,,3;17,17;3,3,"{""3"": 58}","{""3"": 3687, ""17"": 4954}",58992,32.80978865406007,10,40.0,200.0,1,ns3,899,0.5,10,12,28,,,[],[],3>17:7,,8,15,
2026_07_15_01_26_56,000074,18,all-cluster-heads,docs\doc_workspace\SGCP\artifacts\early_from_late_checkpoint_20260719\enable_coperception_early_from_attentive.yaml,cov_potential_game,grid,utility,utility,none,0,0,,cov_coalition_game,10,,7;18,18;7,7,"{""7"": 63}","{""7"": 4926, ""18"": 4980}",78816,43.83537263626251,10,40.0,200.0,1,ns3,899,0.5,10,12,28,,,[],[],7>18:8,,14,16,
2026_07_15_01_26_56,000074,19,all-cluster-heads,docs\doc_workspace\SGCP\artifacts\early_from_late_checkpoint_20260719\enable_coperception_early_from_attentive.yaml,cov_potential_game,grid,utility,utility,none,0,0,,cov_coalition_game,10,,9;19,19;9,9,"{""9"": 51}","{""9"": 4065, ""19"": 4825}",65040,36.17352614015573,10,40.0,200.0,1,ns3,899,0.5,10,12,28,,,[],[],9>19:9,,12,15,
2026_07_15_01_26_56,000076,1,all-cluster-heads,docs\doc_workspace\SGCP\artifacts\early_from_late_checkpoint_20260719\enable_coperception_early_from_attentive.yaml,cov_potential_game,grid,utility,utility,none,0,0,,cov_coalition_game,11,,1;11,1;11,11,"{""11"": 53}","{""1"": 4934, ""11"": 4595}",73520,40.88987764182425,10,40.0,200.0,1,ns3,899,0.5,10,12,28,,,[],[],11>1:0,,23,30,
2026_07_15_01_26_56,000076,2,all-cluster-heads,docs\doc_workspace\SGCP\artifacts\early_from_late_checkpoint_20260719\enable_coperception_early_from_attentive.yaml,cov_potential_game,grid,utility,utility,none,0,0,,cov_coalition_game,11,,2;8,2;8,8,"{""8"": 53}","{""2"": 4873, ""8"": 4803}",76848,42.74082313681868,10,40.0,200.0,1,ns3,899,0.5,10,12,28,,,[],[],8>2:1,,22,41,
2026_07_15_01_26_56,000076,5,all-cluster-heads,docs\doc_workspace\SGCP\artifacts\early_from_late_checkpoint_20260719\enable_coperception_early_from_attentive.yaml,cov_potential_game,grid,utility,utility,none,0,0,,cov_coalition_game,11,,5;7,5;7,7,"{""7"": 58}","{""5"": 4910, ""7"": 4833}",77328,43.007786429365964,10,40.0,200.0,1,ns3,899,0.5,10,12,28,,,[],[],7>5:2,,18,17,
2026_07_15_01_26_56,000076,10,all-cluster-heads,docs\doc_workspace\SGCP\artifacts\early_from_late_checkpoint_20260719\enable_coperception_early_from_attentive.yaml,cov_potential_game,grid,utility,utility,none,0,0,,cov_coalition_game,11,,10;13,10;13,13,"{""13"": 54}","{""10"": 4943, ""13"": 4607}",73712,40.99666295884316,10,40.0,200.0,1,ns3,899,0.5,10,12,28,,,[],[],13>10:3,,10,29,
2026_07_15_01_26_56,000076,12,all-cluster-heads,docs\doc_workspace\SGCP\artifacts\early_from_late_checkpoint_20260719\enable_coperception_early_from_attentive.yaml,cov_potential_game,grid,utility,utility,none,0,0,,cov_coalition_game,11,,4;12,12;4,4,"{""4"": 58}","{""4"": 3396, ""12"": 4903}",54336,30.220244716351502,10,40.0,200.0,1,ns3,899,0.5,10,12,28,,,[],[],4>12:4,,12,33,
2026_07_15_01_26_56,000076,14,all-cluster-heads,docs\doc_workspace\SGCP\artifacts\early_from_late_checkpoint_20260719\enable_coperception_early_from_attentive.yaml,cov_potential_game,grid,utility,utility,none,0,0,,cov_coalition_game,11,,14,14,,{},"{""14"": 5022}",0,0.0,10,40.0,200.0,1,ns3,899,0.5,10,12,28,,,[],[],,,,,empty_pillars
2026_07_15_01_26_56,000076,15,all-cluster-heads,docs\doc_workspace\SGCP\artifacts\early_from_late_checkpoint_20260719\enable_coperception_early_from_attentive.yaml,cov_potential_game,grid,utility,utility,none,0,0,,cov_coalition_game,11,,6;15,15;6,6,"{""6"": 56}","{""6"": 4513, ""15"": 4754}",72208,40.16017797552836,10,40.0,200.0,1,ns3,899,0.5,10,12,28,,,[],[],6>15:5,,16,18,
2026_07_15_01_26_56,000076,16,all-cluster-heads,docs\doc_workspace\SGCP\artifacts\early_from_late_checkpoint_20260719\enable_coperception_early_from_attentive.yaml,cov_potential_game,grid,utility,utility,none,0,0,,cov_coalition_game,11,,16;20,16;20,20,"{""20"": 46}","{""16"": 4885, ""20"": 3151}",50416,28.040044493882093,10,40.0,200.0,1,ns3,899,0.5,10,12,28,,,[],[],20>16:6,,19,25,
2026_07_15_01_26_56,000076,17,all-cluster-heads,docs\doc_workspace\SGCP\artifacts\early_from_late_checkpoint_20260719\enable_coperception_early_from_attentive.yaml,cov_potential_game,grid,utility,utility,none,0,0,,cov_coalition_game,11,,3;17,17;3,3,"{""3"": 62}","{""3"": 3786, ""17"": 5003}",60576,33.69076751946607,10,40.0,200.0,1,ns3,899,0.5,10,12,28,,,[],[],3>17:7,,11,16,
2026_07_15_01_26_56,000076,18,all-cluster-heads,docs\doc_workspace\SGCP\artifacts\early_from_late_checkpoint_20260719\enable_coperception_early_from_attentive.yaml,cov_potential_game,grid,utility,utility,none,0,0,,cov_coalition_game,11,,18,18,,{},"{""18"": 4986}",0,0.0,10,40.0,200.0,1,ns3,899,0.5,10,12,28,,,[],[],,,5,5,
2026_07_15_01_26_56,000076,19,all-cluster-heads,docs\doc_workspace\SGCP\artifacts\early_from_late_checkpoint_20260719\enable_coperception_early_from_attentive.yaml,cov_potential_game,grid,utility,utility,none,0,0,,cov_coalition_game,11,,9;19,19;9,9,"{""9"": 52}","{""9"": 4067, ""19"": 4821}",65072,36.19132369299221,10,40.0,200.0,1,ns3,899,0.5,10,12,28,,,[],[],9>19:8,,8,16,
2026_07_15_01_26_56,000078,1,all-cluster-heads,docs\doc_workspace\SGCP\artifacts\early_from_late_checkpoint_20260719\enable_coperception_early_from_attentive.yaml,cov_potential_game,grid,utility,utility,none,0,0,,cov_coalition_game,10,,1;11,1;11,11,"{""11"": 53}","{""1"": 4934, ""11"": 4594}",73504,40.88097886540601,10,40.0,200.0,1,ns3,899,0.5,10,12,28,,,[],[],11>1:0,,24,30,
2026_07_15_01_26_56,000078,2,all-cluster-heads,docs\doc_workspace\SGCP\artifacts\early_from_late_checkpoint_20260719\enable_coperception_early_from_attentive.yaml,cov_potential_game,grid,utility,utility,none,0,0,,cov_coalition_game,10,,2;8,2;8,8,"{""8"": 53}","{""2"": 4851, ""8"": 4802}",76832,42.73192436040044,10,40.0,200.0,1,ns3,899,0.5,10,12,28,,,[],[],8>2:1,,24,41,
2026_07_15_01_26_56,000078,5,all-cluster-heads,docs\doc_workspace\SGCP\artifacts\early_from_late_checkpoint_20260719\enable_coperception_early_from_attentive.yaml,cov_potential_game,grid,utility,utility,none,0,0,,cov_coalition_game,10,,5;7,5;7,7,"{""7"": 59}","{""5"": 4911, ""7"": 4859}",77744,43.23915461624027,10,40.0,200.0,1,ns3,899,0.5,10,12,28,,,[],[],7>5:2,,14,17,
2026_07_15_01_26_56,000078,10,all-cluster-heads,docs\doc_workspace\SGCP\artifacts\early_from_late_checkpoint_20260719\enable_coperception_early_from_attentive.yaml,cov_potential_game,grid,utility,utility,none,0,0,,cov_coalition_game,10,,10;19,10;19,19,"{""19"": 54}","{""10"": 4935, ""19"": 4498}",71968,40.026696329254726,10,40.0,200.0,1,ns3,899,0.5,10,12,28,,,[],[],19>10:3,,14,28,
2026_07_15_01_26_56,000078,12,all-cluster-heads,docs\doc_workspace\SGCP\artifacts\early_from_late_checkpoint_20260719\enable_coperception_early_from_attentive.yaml,cov_potential_game,grid,utility,utility,none,0,0,,cov_coalition_game,10,,4;12,12;4,4,"{""4"": 55}","{""4"": 3386, ""12"": 4895}",54176,30.13125695216908,10,40.0,200.0,1,ns3,899,0.5,10,12,28,,,[],[],4>12:4,,12,35,
2026_07_15_01_26_56,000078,13,all-cluster-heads,docs\doc_workspace\SGCP\artifacts\early_from_late_checkpoint_20260719\enable_coperception_early_from_attentive.yaml,cov_potential_game,grid,utility,utility,none,0,0,,cov_coalition_game,10,,9;13,13;9,9,"{""9"": 49}","{""9"": 3783, ""13"": 4778}",60528,33.664071190211345,10,40.0,200.0,1,ns3,899,0.5,10,12,28,,,[],[],9>13:5,,9,25,
2026_07_15_01_26_56,000078,14,all-cluster-heads,docs\doc_workspace\SGCP\artifacts\early_from_late_checkpoint_20260719\enable_coperception_early_from_attentive.yaml,cov_potential_game,grid,utility,utility,none,0,0,,cov_coalition_game,10,,3;14,14;3,3,"{""3"": 64}","{""3"": 4932, ""14"": 5015}",78912,43.888765294771964,10,40.0,200.0,1,ns3,899,0.5,10,12,28,,,[],[],3>14:6,,5,6,
2026_07_15_01_26_56,000078,15,all-cluster-heads,docs\doc_workspace\SGCP\artifacts\early_from_late_checkpoint_20260719\enable_coperception_early_from_attentive.yaml,cov_potential_game,grid,utility,utility,none,0,0,,cov_coalition_game,10,,6;15,15;6,6,"{""6"": 54}","{""6"": 4513, ""15"": 4753}",72208,40.16017797552836,10,40.0,200.0,1,ns3,899,0.5,10,12,28,,,[],[],6>15:7,,17,19,
2026_07_15_01_26_56,000078,16,all-cluster-heads,docs\doc_workspace\SGCP\artifacts\early_from_late_checkpoint_20260719\enable_coperception_early_from_attentive.yaml,cov_potential_game,grid,utility,utility,none,0,0,,cov_coalition_game,10,,16;20,16;20,20,"{""20"": 46}","{""16"": 4880, ""20"": 3154}",50464,28.06674082313682,10,40.0,200.0,1,ns3,899,0.5,10,12,28,,,[],[],20>16:8,,17,26,
2026_07_15_01_26_56,000078,17,all-cluster-heads,docs\doc_workspace\SGCP\artifacts\early_from_late_checkpoint_20260719\enable_coperception_early_from_attentive.yaml,cov_potential_game,grid,utility,utility,none,0,0,,cov_coalition_game,10,,17;18,17;18,18,"{""18"": 55}","{""17"": 4995, ""18"": 4993}",79888,44.43159065628476,10,40.0,200.0,1,ns3,899,0.5,10,12,28,,,[],[],18>17:9,,8,11,
2026_07_15_01_26_56,000080,1,all-cluster-heads,docs\doc_workspace\SGCP\artifacts\early_from_late_checkpoint_20260719\enable_coperception_early_from_attentive.yaml,cov_potential_game,grid,utility,utility,none,0,0,,cov_coalition_game,10,,1;11,1;11,11,"{""11"": 53}","{""1"": 4933, ""11"": 4592}",73472,40.86318131256952,10,40.0,200.0,1,ns3,899,0.5,10,12,28,,,[],[],11>1:0,,24,32,
2026_07_15_01_26_56,000080,2,all-cluster-heads,docs\doc_workspace\SGCP\artifacts\early_from_late_checkpoint_20260719\enable_coperception_early_from_attentive.yaml,cov_potential_game,grid,utility,utility,none,0,0,,cov_coalition_game,10,,2;8,2;8,8,"{""8"": 52}","{""2"": 4849, ""8"": 4799}",76784,42.705228031145715,10,40.0,200.0,1,ns3,899,0.5,10,12,28,,,[],[],8>2:1,,26,41,
2026_07_15_01_26_56,000080,10,all-cluster-heads,docs\doc_workspace\SGCP\artifacts\early_from_late_checkpoint_20260719\enable_coperception_early_from_attentive.yaml,cov_potential_game,grid,utility,utility,none,0,0,,cov_coalition_game,10,,10;19,10;19,19,"{""19"": 56}","{""10"": 4924, ""19"": 4495}",71920,40.0,10,40.0,200.0,1,ns3,899,0.5,10,12,28,,,[],[],19>10:2,,10,29,
2026_07_15_01_26_56,000080,12,all-cluster-heads,docs\doc_workspace\SGCP\artifacts\early_from_late_checkpoint_20260719\enable_coperception_early_from_attentive.yaml,cov_potential_game,grid,utility,utility,none,0,0,,cov_coalition_game,10,,4;12,12;4,4,"{""4"": 56}","{""4"": 3387, ""12"": 4905}",54192,30.14015572858732,10,40.0,200.0,1,ns3,899,0.5,10,12,28,,,[],[],4>12:3,,11,36,
2026_07_15_01_26_56,000080,13,all-cluster-heads,docs\doc_workspace\SGCP\artifacts\early_from_late_checkpoint_20260719\enable_coperception_early_from_attentive.yaml,cov_potential_game,grid,utility,utility,none,0,0,,cov_coalition_game,10,,9;13,13;9,9,"{""9"": 49}","{""9"": 3784, ""13"": 4772}",60544,33.67296996662959,10,40.0,200.0,1,ns3,899,0.5,10,12,28,,,[],[],9>13:4,,8,25,
2026_07_15_01_26_56,000080,14,all-cluster-heads,docs\doc_workspace\SGCP\artifacts\early_from_late_checkpoint_20260719\enable_coperception_early_from_attentive.yaml,cov_potential_game,grid,utility,utility,none,0,0,,cov_coalition_game,10,,5;14,14;5,5,"{""5"": 53}","{""5"": 4916, ""14"": 5031}",78656,43.746384872080085,10,40.0,200.0,1,ns3,899,0.5,10,12,28,,,[],[],5>14:5,,8,9,
2026_07_15_01_26_56,000080,15,all-cluster-heads,docs\doc_workspace\SGCP\artifacts\early_from_late_checkpoint_20260719\enable_coperception_early_from_attentive.yaml,cov_potential_game,grid,utility,utility,none,0,0,,cov_coalition_game,10,,6;15,15;6,6,"{""6"": 56}","{""6"": 4512, ""15"": 4751}",72192,40.15127919911012,10,40.0,200.0,1,ns3,899,0.5,10,12,28,,,[],[],6>15:6,,15,18,
2026_07_15_01_26_56,000080,16,all-cluster-heads,docs\doc_workspace\SGCP\artifacts\early_from_late_checkpoint_20260719\enable_coperception_early_from_attentive.yaml,cov_potential_game,grid,utility,utility,none,0,0,,cov_coalition_game,10,,16;20,16;20,20,"{""20"": 46}","{""16"": 4897, ""20"": 3151}",50416,28.040044493882093,10,40.0,200.0,1,ns3,899,0.5,10,12,28,,,[],[],20>16:7,,17,26,
2026_07_15_01_26_56,000080,17,all-cluster-heads,docs\doc_workspace\SGCP\artifacts\early_from_late_checkpoint_20260719\enable_coperception_early_from_attentive.yaml,cov_potential_game,grid,utility,utility,none,0,0,,cov_coalition_game,10,,3;17,17;3,3,"{""3"": 62}","{""3"": 3909, ""17"": 4990}",62544,34.7853170189099,10,40.0,200.0,1,ns3,899,0.5,10,12,28,,,[],[],3>17:8,,7,17,
2026_07_15_01_26_56,000080,18,all-cluster-heads,docs\doc_workspace\SGCP\artifacts\early_from_late_checkpoint_20260719\enable_coperception_early_from_attentive.yaml,cov_potential_game,grid,utility,utility,none,0,0,,cov_coalition_game,10,,7;18,18;7,7,"{""7"": 62}","{""7"": 4919, ""18"": 4986}",78704,43.77308120133482,10,40.0,200.0,1,ns3,899,0.5,10,12,28,,,[],[],7>18:9,,16,16,
2026_07_15_01_26_56,000082,1,all-cluster-heads,docs\doc_workspace\SGCP\artifacts\early_from_late_checkpoint_20260719\enable_coperception_early_from_attentive.yaml,cov_potential_game,grid,utility,utility,none,0,0,,cov_coalition_game,10,,1;11,1;11,11,"{""11"": 53}","{""1"": 4932, ""11"": 4590}",73440,40.84538375973304,10,40.0,200.0,1,ns3,899,0.5,10,12,28,,,[],[],11>1:0,,23,32,
2026_07_15_01_26_56,000082,2,all-cluster-heads,docs\doc_workspace\SGCP\artifacts\early_from_late_checkpoint_20260719\enable_coperception_early_from_attentive.yaml,cov_potential_game,grid,utility,utility,none,0,0,,cov_coalition_game,10,,2;8,2;8,8,"{""8"": 52}","{""2"": 4863, ""8"": 4805}",76880,42.75862068965517,10,40.0,200.0,1,ns3,899,0.5,10,12,28,,,[],[],8>2:1,,24,40,
2026_07_15_01_26_56,000082,10,all-cluster-heads,docs\doc_workspace\SGCP\artifacts\early_from_late_checkpoint_20260719\enable_coperception_early_from_attentive.yaml,cov_potential_game,grid,utility,utility,none,0,0,,cov_coalition_game,10,,10;19,10;19,19,"{""19"": 56}","{""10"": 4925, ""19"": 4495}",71920,40.0,10,40.0,200.0,1,ns3,899,0.5,10,12,28,,,[],[],19>10:2,,10,29,
2026_07_15_01_26_56,000082,12,all-cluster-heads,docs\doc_workspace\SGCP\artifacts\early_from_late_checkpoint_20260719\enable_coperception_early_from_attentive.yaml,cov_potential_game,grid,utility,utility,none,0,0,,cov_coalition_game,10,,4;12,12;4,4,"{""4"": 55}","{""4"": 3377, ""12"": 4915}",54032,30.051167964404893,10,40.0,200.0,1,ns3,899,0.5,10,12,28,,,[],[],4>12:3,,11,35,
2026_07_15_01_26_56,000082,13,all-cluster-heads,docs\doc_workspace\SGCP\artifacts\early_from_late_checkpoint_20260719\enable_coperception_early_from_attentive.yaml,cov_potential_game,grid,utility,utility,none,0,0,,cov_coalition_game,10,,9;13,13;9,9,"{""9"": 49}","{""9"": 3785, ""13"": 4801}",60560,33.68186874304783,10,40.0,200.0,1,ns3,899,0.5,10,12,28,,,[],[],9>13:4,,8,25,
2026_07_15_01_26_56,000082,14,all-cluster-heads,docs\doc_workspace\SGCP\artifacts\early_from_late_checkpoint_20260719\enable_coperception_early_from_attentive.yaml,cov_potential_game,grid,utility,utility,none,0,0,,cov_coalition_game,10,,7;14,14;7,7,"{""7"": 61}","{""7"": 4912, ""14"": 4993}",78592,43.71078976640712,10,40.0,200.0,1,ns3,899,0.5,10,12,28,,,[],[],7>14:5,,13,14,
2026_07_15_01_26_56,000082,15,all-cluster-heads,docs\doc_workspace\SGCP\artifacts\early_from_late_checkpoint_20260719\enable_coperception_early_from_attentive.yaml,cov_potential_game,grid,utility,utility,none,0,0,,cov_coalition_game,10,,6;15,15;6,6,"{""6"": 56}","{""6"": 4527, ""15"": 4758}",72432,40.28476084538376,10,40.0,200.0,1,ns3,899,0.5,10,12,28,,,[],[],6>15:6,,16,18,
2026_07_15_01_26_56,000082,16,all-cluster-heads,docs\doc_workspace\SGCP\artifacts\early_from_late_checkpoint_20260719\enable_coperception_early_from_attentive.yaml,cov_potential_game,grid,utility,utility,none,0,0,,cov_coalition_game,10,,16;17,16;17,17,"{""17"": 58}","{""16"": 4908, ""17"": 4897}",78352,43.57730812013348,10,40.0,200.0,1,ns3,899,0.5,10,12,28,,,[],[],17>16:7,,12,22,
2026_07_15_01_26_56,000082,18,all-cluster-heads,docs\doc_workspace\SGCP\artifacts\early_from_late_checkpoint_20260719\enable_coperception_early_from_attentive.yaml,cov_potential_game,grid,utility,utility,none,0,0,,cov_coalition_game,10,,3;18,18;3,3,"{""3"": 60}","{""3"": 4946, ""18"": 4961}",79136,44.01334816462736,10,40.0,200.0,1,ns3,899,0.5,10,12,28,,,[],[],3>18:8,,7,11,
2026_07_15_01_26_56,000082,20,all-cluster-heads,docs\doc_workspace\SGCP\artifacts\early_from_late_checkpoint_20260719\enable_coperception_early_from_attentive.yaml,cov_potential_game,grid,utility,utility,none,0,0,,cov_coalition_game,10,,5;20,20;5,5,"{""5"": 46}","{""5"": 1439, ""20"": 4906}",23024,12.805339265850947,10,40.0,200.0,1,ns3,899,0.5,10,12,28,,,[],[],5>20:9,,20,26,
2026_07_15_01_26_56,000084,1,all-cluster-heads,docs\doc_workspace\SGCP\artifacts\early_from_late_checkpoint_20260719\enable_coperception_early_from_attentive.yaml,cov_potential_game,grid,utility,utility,none,0,0,,cov_coalition_game,10,,1;11,1;11,11,"{""11"": 53}","{""1"": 4932, ""11"": 4586}",73376,40.80978865406007,10,40.0,200.0,1,ns3,899,0.5,10,12,28,,,[],[],11>1:0,,22,31,
2026_07_15_01_26_56,000084,2,all-cluster-heads,docs\doc_workspace\SGCP\artifacts\early_from_late_checkpoint_20260719\enable_coperception_early_from_attentive.yaml,cov_potential_game,grid,utility,utility,none,0,0,,cov_coalition_game,10,,2;8,2;8,8,"{""8"": 52}","{""2"": 4867, ""8"": 4804}",76864,42.749721913236925,10,40.0,200.0,1,ns3,899,0.5,10,12,28,,,[],[],8>2:1,,24,41,
2026_07_15_01_26_56,000084,10,all-cluster-heads,docs\doc_workspace\SGCP\artifacts\early_from_late_checkpoint_20260719\enable_coperception_early_from_attentive.yaml,cov_potential_game,grid,utility,utility,none,0,0,,cov_coalition_game,10,,10;19,10;19,19,"{""19"": 58}","{""10"": 4914, ""19"": 4496}",71936,40.00889877641824,10,40.0,200.0,1,ns3,899,0.5,10,12,28,,,[],[],19>10:2,,10,30,
2026_07_15_01_26_56,000084,12,all-cluster-heads,docs\doc_workspace\SGCP\artifacts\early_from_late_checkpoint_20260719\enable_coperception_early_from_attentive.yaml,cov_potential_game,grid,utility,utility,none,0,0,,cov_coalition_game,10,,4;12,12;4,4,"{""4"": 55}","{""4"": 3379, ""12"": 4926}",54064,30.068965517241377,10,40.0,200.0,1,ns3,899,0.5,10,12,28,,,[],[],4>12:3,,16,35,
2026_07_15_01_26_56,000084,13,all-cluster-heads,docs\doc_workspace\SGCP\artifacts\early_from_late_checkpoint_20260719\enable_coperception_early_from_attentive.yaml,cov_potential_game,grid,utility,utility,none,0,0,,cov_coalition_game,10,,9;13,13;9,9,"{""9"": 50}","{""9"": 3784, ""13"": 4788}",60544,33.67296996662959,10,40.0,200.0,1,ns3,899,0.5,10,12,28,,,[],[],9>13:4,,8,25,
2026_07_15_01_26_56,000084,14,all-cluster-heads,docs\doc_workspace\SGCP\artifacts\early_from_late_checkpoint_20260719\enable_coperception_early_from_attentive.yaml,cov_potential_game,grid,utility,utility,none,0,0,,cov_coalition_game,10,,7;14,14;7,7,"{""7"": 63}","{""7"": 4915, ""14"": 4994}",78640,43.73748609566184,10,40.0,200.0,1,ns3,899,0.5,10,12,28,,,[],[],7>14:5,,12,14,
2026_07_15_01_26_56,000084,15,all-cluster-heads,docs\doc_workspace\SGCP\artifacts\early_from_late_checkpoint_20260719\enable_coperception_early_from_attentive.yaml,cov_potential_game,grid,utility,utility,none,0,0,,cov_coalition_game,10,,6;15,15;6,6,"{""6"": 57}","{""6"": 4531, ""15"": 4766}",72496,40.320355951056726,10,40.0,200.0,1,ns3,899,0.5,10,12,28,,,[],[],6>15:6,,15,18,
2026_07_15_01_26_56,000084,16,all-cluster-heads,docs\doc_workspace\SGCP\artifacts\early_from_late_checkpoint_20260719\enable_coperception_early_from_attentive.yaml,cov_potential_game,grid,utility,utility,none,0,0,,cov_coalition_game,10,,16;17,16;17,17,"{""17"": 59}","{""16"": 4906, ""17"": 4896}",78336,43.56840934371524,10,40.0,200.0,1,ns3,899,0.5,10,12,28,,,[],[],17>16:7,,12,22,
2026_07_15_01_26_56,000084,18,all-cluster-heads,docs\doc_workspace\SGCP\artifacts\early_from_late_checkpoint_20260719\enable_coperception_early_from_attentive.yaml,cov_potential_game,grid,utility,utility,none,0,0,,cov_coalition_game,10,,3;18,18;3,3,"{""3"": 64}","{""3"": 4933, ""18"": 4972}",78928,43.897664071190206,10,40.0,200.0,1,ns3,899,0.5,10,12,28,,,[],[],3>18:8,,8,11,
2026_07_15_01_26_56,000084,20,all-cluster-heads,docs\doc_workspace\SGCP\artifacts\early_from_late_checkpoint_20260719\enable_coperception_early_from_attentive.yaml,cov_potential_game,grid,utility,utility,none,0,0,,cov_coalition_game,10,,5;20,20;5,5,"{""5"": 46}","{""5"": 1455, ""20"": 4904}",23280,12.947719688542826,10,40.0,200.0,1,ns3,899,0.5,10,12,28,,,[],[],5>20:9,,19,26,
2026_07_15_01_26_56,000086,1,all-cluster-heads,docs\doc_workspace\SGCP\artifacts\early_from_late_checkpoint_20260719\enable_coperception_early_from_attentive.yaml,cov_potential_game,grid,utility,utility,none,0,0,,cov_coalition_game,10,,1;11,1;11,11,"{""11"": 52}","{""1"": 4932, ""11"": 4583}",73328,40.783092324805345,10,40.0,200.0,1,ns3,899,0.5,10,12,28,,,[],[],11>1:0,,22,32,
2026_07_15_01_26_56,000086,2,all-cluster-heads,docs\doc_workspace\SGCP\artifacts\early_from_late_checkpoint_20260719\enable_coperception_early_from_attentive.yaml,cov_potential_game,grid,utility,utility,none,0,0,,cov_coalition_game,10,,2;8,2;8,8,"{""8"": 52}","{""2"": 4863, ""8"": 4804}",76864,42.749721913236925,10,40.0,200.0,1,ns3,899,0.5,10,12,28,,,[],[],8>2:1,,28,41,
2026_07_15_01_26_56,000086,10,all-cluster-heads,docs\doc_workspace\SGCP\artifacts\early_from_late_checkpoint_20260719\enable_coperception_early_from_attentive.yaml,cov_potential_game,grid,utility,utility,none,0,0,,cov_coalition_game,10,,10;19,10;19,19,"{""19"": 58}","{""10"": 4926, ""19"": 4496}",71936,40.00889877641824,10,40.0,200.0,1,ns3,899,0.5,10,12,28,,,[],[],19>10:2,,14,30,
2026_07_15_01_26_56,000086,12,all-cluster-heads,docs\doc_workspace\SGCP\artifacts\early_from_late_checkpoint_20260719\enable_coperception_early_from_attentive.yaml,cov_potential_game,grid,utility,utility,none,0,0,,cov_coalition_game,10,,4;12,12;4,4,"{""4"": 56}","{""4"": 3290, ""12"": 4938}",52640,29.276974416017797,10,40.0,200.0,1,ns3,899,0.5,10,12,28,,,[],[],4>12:3,,12,34,
2026_07_15_01_26_56,000086,13,all-cluster-heads,docs\doc_workspace\SGCP\artifacts\early_from_late_checkpoint_20260719\enable_coperception_early_from_attentive.yaml,cov_potential_game,grid,utility,utility,none,0,0,,cov_coalition_game,10,,9;13,13;9,9,"{""9"": 49}","{""9"": 3784, ""13"": 4773}",60544,33.67296996662959,10,40.0,200.0,1,ns3,899,0.5,10,12,28,,,[],[],9>13:4,,8,25,
2026_07_15_01_26_56,000086,14,all-cluster-heads,docs\doc_workspace\SGCP\artifacts\early_from_late_checkpoint_20260719\enable_coperception_early_from_attentive.yaml,cov_potential_game,grid,utility,utility,none,0,0,,cov_coalition_game,10,,7;14,14;7,7,"{""7"": 63}","{""7"": 4928, ""14"": 5015}",78848,43.853170189098996,10,40.0,200.0,1,ns3,899,0.5,10,12,28,,,[],[],7>14:5,,16,16,
2026_07_15_01_26_56,000086,15,all-cluster-heads,docs\doc_workspace\SGCP\artifacts\early_from_late_checkpoint_20260719\enable_coperception_early_from_attentive.yaml,cov_potential_game,grid,utility,utility,none,0,0,,cov_coalition_game,10,,6;15,15;6,6,"{""6"": 55}","{""6"": 4529, ""15"": 4762}",72464,40.30255839822024,10,40.0,200.0,1,ns3,899,0.5,10,12,28,,,[],[],6>15:6,,16,19,
2026_07_15_01_26_56,000086,16,all-cluster-heads,docs\doc_workspace\SGCP\artifacts\early_from_late_checkpoint_20260719\enable_coperception_early_from_attentive.yaml,cov_potential_game,grid,utility,utility,none,0,0,,cov_coalition_game,10,,16;17,16;17,17,"{""17"": 59}","{""16"": 4917, ""17"": 4923}",78768,43.80867630700779,10,40.0,200.0,1,ns3,899,0.5,10,12,28,,,[],[],17>16:7,,13,21,
2026_07_15_01_26_56,000086,18,all-cluster-heads,docs\doc_workspace\SGCP\artifacts\early_from_late_checkpoint_20260719\enable_coperception_early_from_attentive.yaml,cov_potential_game,grid,utility,utility,none,0,0,,cov_coalition_game,10,,3;18,18;3,3,"{""3"": 62}","{""3"": 4932, ""18"": 4982}",78912,43.888765294771964,10,40.0,200.0,1,ns3,899,0.5,10,12,28,,,[],[],3>18:8,,9,10,
2026_07_15_01_26_56,000086,20,all-cluster-heads,docs\doc_workspace\SGCP\artifacts\early_from_late_checkpoint_20260719\enable_coperception_early_from_attentive.yaml,cov_potential_game,grid,utility,utility,none,0,0,,cov_coalition_game,10,,5;20,20;5,5,"{""5"": 46}","{""5"": 1439, ""20"": 4905}",23024,12.805339265850947,10,40.0,200.0,1,ns3,899,0.5,10,12,28,,,[],[],5>20:9,,18,26,
2026_07_15_01_26_56,000088,1,all-cluster-heads,docs\doc_workspace\SGCP\artifacts\early_from_late_checkpoint_20260719\enable_coperception_early_from_attentive.yaml,cov_potential_game,grid,utility,utility,none,0,0,,cov_coalition_game,10,,1;11,1;11,11,"{""11"": 54}","{""1"": 4930, ""11"": 4583}",73328,40.783092324805345,10,40.0,200.0,1,ns3,899,0.5,10,12,28,,,[],[],11>1:0,,24,32,
2026_07_15_01_26_56,000088,2,all-cluster-heads,docs\doc_workspace\SGCP\artifacts\early_from_late_checkpoint_20260719\enable_coperception_early_from_attentive.yaml,cov_potential_game,grid,utility,utility,none,0,0,,cov_coalition_game,10,,2;8,2;8,8,"{""8"": 52}","{""2"": 4862, ""8"": 4805}",76880,42.75862068965517,10,40.0,200.0,1,ns3,899,0.5,10,12,28,,,[],[],8>2:1,,24,41,
2026_07_15_01_26_56,000088,10,all-cluster-heads,docs\doc_workspace\SGCP\artifacts\early_from_late_checkpoint_20260719\enable_coperception_early_from_attentive.yaml,cov_potential_game,grid,utility,utility,none,0,0,,cov_coalition_game,10,,10;19,10;19,19,"{""19"": 58}","{""10"": 4929, ""19"": 4497}",71952,40.017797552836484,10,40.0,200.0,1,ns3,899,0.5,10,12,28,,,[],[],19>10:2,,13,28,
2026_07_15_01_26_56,000088,12,all-cluster-heads,docs\doc_workspace\SGCP\artifacts\early_from_late_checkpoint_20260719\enable_coperception_early_from_attentive.yaml,cov_potential_game,grid,utility,utility,none,0,0,,cov_coalition_game,10,,4;12,12;4,4,"{""4"": 54}","{""4"": 3286, ""12"": 4937}",52576,29.24137931034483,10,40.0,200.0,1,ns3,899,0.5,10,12,28,,,[],[],4>12:3,,12,34,
2026_07_15_01_26_56,000088,13,all-cluster-heads,docs\doc_workspace\SGCP\artifacts\early_from_late_checkpoint_20260719\enable_coperception_early_from_attentive.yaml,cov_potential_game,grid,utility,utility,none,0,0,,cov_coalition_game,10,,9;13,13;9,9,"{""9"": 48}","{""9"": 3783, ""13"": 4764}",60528,33.664071190211345,10,40.0,200.0,1,ns3,899,0.5,10,12,28,,,[],[],9>13:4,,9,25,
2026_07_15_01_26_56,000088,14,all-cluster-heads,docs\doc_workspace\SGCP\artifacts\early_from_late_checkpoint_20260719\enable_coperception_early_from_attentive.yaml,cov_potential_game,grid,utility,utility,none,0,0,,cov_coalition_game,10,,7;14,14;7,7,"{""7"": 64}","{""7"": 4929, ""14"": 4998}",78864,43.86206896551724,10,40.0,200.0,1,ns3,899,0.5,10,12,28,,,[],[],7>14:5,,15,16,
2026_07_15_01_26_56,000088,15,all-cluster-heads,docs\doc_workspace\SGCP\artifacts\early_from_late_checkpoint_20260719\enable_coperception_early_from_attentive.yaml,cov_potential_game,grid,utility,utility,none,0,0,,cov_coalition_game,10,,6;15,15;6,6,"{""6"": 56}","{""6"": 4493, ""15"": 4772}",71888,39.982202447163516,10,40.0,200.0,1,ns3,899,0.5,10,12,28,,,[],[],6>15:6,,15,19,
2026_07_15_01_26_56,000088,16,all-cluster-heads,docs\doc_workspace\SGCP\artifacts\early_from_late_checkpoint_20260719\enable_coperception_early_from_attentive.yaml,cov_potential_game,grid,utility,utility,none,0,0,,cov_coalition_game,10,,16;18,16;18,18,"{""18"": 59}","{""16"": 4929, ""18"": 4954}",79264,44.0845383759733,10,40.0,200.0,1,ns3,899,0.5,10,12,28,,,[],[],18>16:7,,11,22,
2026_07_15_01_26_56,000088,17,all-cluster-heads,docs\doc_workspace\SGCP\artifacts\early_from_late_checkpoint_20260719\enable_coperception_early_from_attentive.yaml,cov_potential_game,grid,utility,utility,none,0,0,,cov_coalition_game,10,,3;17,17;3,3,"{""3"": 61}","{""3"": 4165, ""17"": 4985}",66640,37.06340378197998,10,40.0,200.0,1,ns3,899,0.5,10,12,28,,,[],[],3>17:8,,9,15,
2026_07_15_01_26_56,000088,20,all-cluster-heads,docs\doc_workspace\SGCP\artifacts\early_from_late_checkpoint_20260719\enable_coperception_early_from_attentive.yaml,cov_potential_game,grid,utility,utility,none,0,0,,cov_coalition_game,10,,5;20,20;5,5,"{""5"": 48}","{""5"": 1470, ""20"": 4903}",23520,13.081201334816463,10,40.0,200.0,1,ns3,899,0.5,10,12,28,,,[],[],5>20:9,,17,27,
2026_07_15_01_26_56,000090,1,all-cluster-heads,docs\doc_workspace\SGCP\artifacts\early_from_late_checkpoint_20260719\enable_coperception_early_from_attentive.yaml,cov_potential_game,grid,utility,utility,none,0,0,,cov_coalition_game,10,,1;11,1;11,11,"{""11"": 54}","{""1"": 4930, ""11"": 4583}",73328,40.783092324805345,10,40.0,200.0,1,ns3,899,0.5,10,12,28,,,[],[],11>1:0,,24,33,
2026_07_15_01_26_56,000090,2,all-cluster-heads,docs\doc_workspace\SGCP\artifacts\early_from_late_checkpoint_20260719\enable_coperception_early_from_attentive.yaml,cov_potential_game,grid,utility,utility,none,0,0,,cov_coalition_game,10,,2;8,2;8,8,"{""8"": 51}","{""2"": 4862, ""8"": 4804}",76864,42.749721913236925,10,40.0,200.0,1,ns3,899,0.5,10,12,28,,,[],[],8>2:1,,23,39,
2026_07_15_01_26_56,000090,10,all-cluster-heads,docs\doc_workspace\SGCP\artifacts\early_from_late_checkpoint_20260719\enable_coperception_early_from_attentive.yaml,cov_potential_game,grid,utility,utility,none,0,0,,cov_coalition_game,10,,10;19,10;19,19,"{""19"": 57}","{""10"": 4929, ""19"": 4498}",71968,40.026696329254726,10,40.0,200.0,1,ns3,899,0.5,10,12,28,,,[],[],19>10:2,,13,29,
2026_07_15_01_26_56,000090,12,all-cluster-heads,docs\doc_workspace\SGCP\artifacts\early_from_late_checkpoint_20260719\enable_coperception_early_from_attentive.yaml,cov_potential_game,grid,utility,utility,none,0,0,,cov_coalition_game,10,,4;12,12;4,4,"{""4"": 55}","{""4"": 3954, ""12"": 4954}",63264,35.18576195773081,10,40.0,200.0,1,ns3,899,0.5,10,12,28,,,[],[],4>12:3,,11,35,
2026_07_15_01_26_56,000090,13,all-cluster-heads,docs\doc_workspace\SGCP\artifacts\early_from_late_checkpoint_20260719\enable_coperception_early_from_attentive.yaml,cov_potential_game,grid,utility,utility,none,0,0,,cov_coalition_game,10,,9;13,13;9,9,"{""9"": 48}","{""9"": 3782, ""13"": 4769}",60512,33.6551724137931,10,40.0,200.0,1,ns3,899,0.5,10,12,28,,,[],[],9>13:4,,7,25,
2026_07_15_01_26_56,000090,14,all-cluster-heads,docs\doc_workspace\SGCP\artifacts\early_from_late_checkpoint_20260719\enable_coperception_early_from_attentive.yaml,cov_potential_game,grid,utility,utility,none,0,0,,cov_coalition_game,10,,7;14,14;7,7,"{""7"": 63}","{""7"": 4928, ""14"": 4961}",78848,43.853170189098996,10,40.0,200.0,1,ns3,899,0.5,10,12,28,,,[],[],7>14:5,,13,15,
2026_07_15_01_26_56,000090,15,all-cluster-heads,docs\doc_workspace\SGCP\artifacts\early_from_late_checkpoint_20260719\enable_coperception_early_from_attentive.yaml,cov_potential_game,grid,utility,utility,none,0,0,,cov_coalition_game,10,,6;15,15;6,6,"{""6"": 56}","{""6"": 4471, ""15"": 4768}",71536,39.786429365962185,10,40.0,200.0,1,ns3,899,0.5,10,12,28,,,[],[],6>15:6,,15,19,
2026_07_15_01_26_56,000090,16,all-cluster-heads,docs\doc_workspace\SGCP\artifacts\early_from_late_checkpoint_20260719\enable_coperception_early_from_attentive.yaml,cov_potential_game,grid,utility,utility,none,0,0,,cov_coalition_game,10,,16;17,16;17,17,"{""17"": 61}","{""16"": 4936, ""17"": 4944}",79104,43.995550611790875,10,40.0,200.0,1,ns3,899,0.5,10,12,28,,,[],[],17>16:7,,13,22,
2026_07_15_01_26_56,000090,18,all-cluster-heads,docs\doc_workspace\SGCP\artifacts\early_from_late_checkpoint_20260719\enable_coperception_early_from_attentive.yaml,cov_potential_game,grid,utility,utility,none,0,0,,cov_coalition_game,10,,3;18,18;3,3,"{""3"": 65}","{""3"": 4950, ""18"": 4954}",79200,44.04894327030033,10,40.0,200.0,1,ns3,899,0.5,10,12,28,,,[],[],3>18:8,,9,10,
2026_07_15_01_26_56,000090,20,all-cluster-heads,docs\doc_workspace\SGCP\artifacts\early_from_late_checkpoint_20260719\enable_coperception_early_from_attentive.yaml,cov_potential_game,grid,utility,utility,none,0,0,,cov_coalition_game,10,,5;20,20;5,5,"{""5"": 47}","{""5"": 1458, ""20"": 4905}",23328,12.974416017797552,10,40.0,200.0,1,ns3,899,0.5,10,12,28,,,[],[],5>20:9,,20,27,
2026_07_15_01_26_56,000092,1,all-cluster-heads,docs\doc_workspace\SGCP\artifacts\early_from_late_checkpoint_20260719\enable_coperception_early_from_attentive.yaml,cov_potential_game,grid,utility,utility,none,0,0,,cov_coalition_game,10,,1;11,1;11,11,"{""11"": 53}","{""1"": 4928, ""11"": 4581}",73296,40.765294771968854,10,40.0,200.0,1,ns3,899,0.5,10,12,28,,,[],[],11>1:0,,22,32,
2026_07_15_01_26_56,000092,2,all-cluster-heads,docs\doc_workspace\SGCP\artifacts\early_from_late_checkpoint_20260719\enable_coperception_early_from_attentive.yaml,cov_potential_game,grid,utility,utility,none,0,0,,cov_coalition_game,10,,2;8,2;8,8,"{""8"": 51}","{""2"": 4860, ""8"": 4805}",76880,42.75862068965517,10,40.0,200.0,1,ns3,899,0.5,10,12,28,,,[],[],8>2:1,,25,39,
2026_07_15_01_26_56,000092,10,all-cluster-heads,docs\doc_workspace\SGCP\artifacts\early_from_late_checkpoint_20260719\enable_coperception_early_from_attentive.yaml,cov_potential_game,grid,utility,utility,none,0,0,,cov_coalition_game,10,,10;19,10;19,19,"{""19"": 57}","{""10"": 4929, ""19"": 4497}",71952,40.017797552836484,10,40.0,200.0,1,ns3,899,0.5,10,12,28,,,[],[],19>10:2,,12,29,
2026_07_15_01_26_56,000092,12,all-cluster-heads,docs\doc_workspace\SGCP\artifacts\early_from_late_checkpoint_20260719\enable_coperception_early_from_attentive.yaml,cov_potential_game,grid,utility,utility,none,0,0,,cov_coalition_game,10,,4;12,12;4,4,"{""4"": 56}","{""4"": 3954, ""12"": 4963}",63264,35.18576195773081,10,40.0,200.0,1,ns3,899,0.5,10,12,28,,,[],[],4>12:3,,13,35,
2026_07_15_01_26_56,000092,13,all-cluster-heads,docs\doc_workspace\SGCP\artifacts\early_from_late_checkpoint_20260719\enable_coperception_early_from_attentive.yaml,cov_potential_game,grid,utility,utility,none,0,0,,cov_coalition_game,10,,9;13,13;9,9,"{""9"": 47}","{""9"": 3688, ""13"": 4781}",59008,32.81868743047831,10,40.0,200.0,1,ns3,899,0.5,10,12,28,,,[],[],9>13:4,,10,25,
2026_07_15_01_26_56,000092,14,all-cluster-heads,docs\doc_workspace\SGCP\artifacts\early_from_late_checkpoint_20260719\enable_coperception_early_from_attentive.yaml,cov_potential_game,grid,utility,utility,none,0,0,,cov_coalition_game,10,,7;14,14;7,7,"{""7"": 62}","{""7"": 4924, ""14"": 4963}",78784,43.81757508342603,10,40.0,200.0,1,ns3,899,0.5,10,12,28,,,[],[],7>14:5,,14,14,
2026_07_15_01_26_56,000092,15,all-cluster-heads,docs\doc_workspace\SGCP\artifacts\early_from_late_checkpoint_20260719\enable_coperception_early_from_attentive.yaml,cov_potential_game,grid,utility,utility,none,0,0,,cov_coalition_game,10,,6;15,15;6,6,"{""6"": 56}","{""6"": 4649, ""15"": 4770}",74384,41.370411568409345,10,40.0,200.0,1,ns3,899,0.5,10,12,28,,,[],[],6>15:6,,16,19,
2026_07_15_01_26_56,000092,16,all-cluster-heads,docs\doc_workspace\SGCP\artifacts\early_from_late_checkpoint_20260719\enable_coperception_early_from_attentive.yaml,cov_potential_game,grid,utility,utility,none,0,0,,cov_coalition_game,10,,16;18,16;18,18,"{""18"": 61}","{""16"": 4936, ""18"": 4954}",79264,44.0845383759733,10,40.0,200.0,1,ns3,899,0.5,10,12,28,,,[],[],18>16:7,,7,22,
2026_07_15_01_26_56,000092,17,all-cluster-heads,docs\doc_workspace\SGCP\artifacts\early_from_late_checkpoint_20260719\enable_coperception_early_from_attentive.yaml,cov_potential_game,grid,utility,utility,none,0,0,,cov_coalition_game,10,,3;17,17;3,3,"{""3"": 64}","{""3"": 4319, ""17"": 5000}",69104,38.433815350389324,10,40.0,200.0,1,ns3,899,0.5,10,12,28,,,[],[],3>17:8,,8,15,
2026_07_15_01_26_56,000092,20,all-cluster-heads,docs\doc_workspace\SGCP\artifacts\early_from_late_checkpoint_20260719\enable_coperception_early_from_attentive.yaml,cov_potential_game,grid,utility,utility,none,0,0,,cov_coalition_game,10,,5;20,20;5,5,"{""5"": 47}","{""5"": 1468, ""20"": 4905}",23488,13.063403781979979,10,40.0,200.0,1,ns3,899,0.5,10,12,28,,,[],[],5>20:9,,19,27,
2026_07_15_01_26_56,000094,1,all-cluster-heads,docs\doc_workspace\SGCP\artifacts\early_from_late_checkpoint_20260719\enable_coperception_early_from_attentive.yaml,cov_potential_game,grid,utility,utility,none,0,0,,cov_coalition_game,10,,1;11,1;11,11,"{""11"": 53}","{""1"": 4929, ""11"": 4582}",73312,40.7741935483871,10,40.0,200.0,1,ns3,899,0.5,10,12,28,,,[],[],11>1:0,,22,31,
2026_07_15_01_26_56,000094,2,all-cluster-heads,docs\doc_workspace\SGCP\artifacts\early_from_late_checkpoint_20260719\enable_coperception_early_from_attentive.yaml,cov_potential_game,grid,utility,utility,none,0,0,,cov_coalition_game,10,,2;8,2;8,8,"{""8"": 50}","{""2"": 4864, ""8"": 4806}",76896,42.767519466073416,10,40.0,200.0,1,ns3,899,0.5,10,12,28,,,[],[],8>2:1,,26,38,
2026_07_15_01_26_56,000094,10,all-cluster-heads,docs\doc_workspace\SGCP\artifacts\early_from_late_checkpoint_20260719\enable_coperception_early_from_attentive.yaml,cov_potential_game,grid,utility,utility,none,0,0,,cov_coalition_game,10,,10;19,10;19,19,"{""19"": 57}","{""10"": 4929, ""19"": 4497}",71952,40.017797552836484,10,40.0,200.0,1,ns3,899,0.5,10,12,28,,,[],[],19>10:2,,10,29,
2026_07_15_01_26_56,000094,12,all-cluster-heads,docs\doc_workspace\SGCP\artifacts\early_from_late_checkpoint_20260719\enable_coperception_early_from_attentive.yaml,cov_potential_game,grid,utility,utility,none,0,0,,cov_coalition_game,10,,4;12,12;4,4,"{""4"": 56}","{""4"": 3954, ""12"": 4976}",63264,35.18576195773081,10,40.0,200.0,1,ns3,899,0.5,10,12,28,,,[],[],4>12:3,,12,36,
2026_07_15_01_26_56,000094,13,all-cluster-heads,docs\doc_workspace\SGCP\artifacts\early_from_late_checkpoint_20260719\enable_coperception_early_from_attentive.yaml,cov_potential_game,grid,utility,utility,none,0,0,,cov_coalition_game,10,,9;13,13;9,9,"{""9"": 47}","{""9"": 3687, ""13"": 4805}",58992,32.80978865406007,10,40.0,200.0,1,ns3,899,0.5,10,12,28,,,[],[],9>13:4,,9,25,
2026_07_15_01_26_56,000094,14,all-cluster-heads,docs\doc_workspace\SGCP\artifacts\early_from_late_checkpoint_20260719\enable_coperception_early_from_attentive.yaml,cov_potential_game,grid,utility,utility,none,0,0,,cov_coalition_game,10,,7;14,14;7,7,"{""7"": 61}","{""7"": 4922, ""14"": 4947}",78752,43.799777530589544,10,40.0,200.0,1,ns3,899,0.5,10,12,28,,,[],[],7>14:5,,12,14,
2026_07_15_01_26_56,000094,15,all-cluster-heads,docs\doc_workspace\SGCP\artifacts\early_from_late_checkpoint_20260719\enable_coperception_early_from_attentive.yaml,cov_potential_game,grid,utility,utility,none,0,0,,cov_coalition_game,10,,6;15,15;6,6,"{""6"": 58}","{""6"": 4652, ""15"": 4772}",74432,41.39710789766407,10,40.0,200.0,1,ns3,899,0.5,10,12,28,,,[],[],6>15:6,,17,20,
2026_07_15_01_26_56,000094,16,all-cluster-heads,docs\doc_workspace\SGCP\artifacts\early_from_late_checkpoint_20260719\enable_coperception_early_from_attentive.yaml,cov_potential_game,grid,utility,utility,none,0,0,,cov_coalition_game,10,,16;17,16;17,17,"{""17"": 61}","{""16"": 4936, ""17"": 4925}",78800,43.82647385984427,10,40.0,200.0,1,ns3,899,0.5,10,12,28,,,[],[],17>16:7,,12,21,
2026_07_15_01_26_56,000094,18,all-cluster-heads,docs\doc_workspace\SGCP\artifacts\early_from_late_checkpoint_20260719\enable_coperception_early_from_attentive.yaml,cov_potential_game,grid,utility,utility,none,0,0,,cov_coalition_game,10,,3;18,18;3,3,"{""3"": 67}","{""3"": 4958, ""18"": 4954}",79328,44.12013348164627,10,40.0,200.0,1,ns3,899,0.5,10,12,28,,,[],[],3>18:8,,7,11,
2026_07_15_01_26_56,000094,20,all-cluster-heads,docs\doc_workspace\SGCP\artifacts\early_from_late_checkpoint_20260719\enable_coperception_early_from_attentive.yaml,cov_potential_game,grid,utility,utility,none,0,0,,cov_coalition_game,10,,5;20,20;5,5,"{""5"": 48}","{""5"": 1478, ""20"": 4905}",23648,13.152391546162402,10,40.0,200.0,1,ns3,899,0.5,10,12,28,,,[],[],5>20:9,,17,27,
2026_07_15_01_26_56,000096,1,all-cluster-heads,docs\doc_workspace\SGCP\artifacts\early_from_late_checkpoint_20260719\enable_coperception_early_from_attentive.yaml,cov_potential_game,grid,utility,utility,none,0,0,,cov_coalition_game,11,,1;11,1;11,11,"{""11"": 53}","{""1"": 4928, ""11"": 4586}",73376,40.80978865406007,10,40.0,200.0,1,ns3,899,0.5,10,12,28,,,[],[],11>1:0,,22,31,
2026_07_15_01_26_56,000096,2,all-cluster-heads,docs\doc_workspace\SGCP\artifacts\early_from_late_checkpoint_20260719\enable_coperception_early_from_attentive.yaml,cov_potential_game,grid,utility,utility,none,0,0,,cov_coalition_game,11,,2;8,2;8,8,"{""8"": 50}","{""2"": 4866, ""8"": 4806}",76896,42.767519466073416,10,40.0,200.0,1,ns3,899,0.5,10,12,28,,,[],[],8>2:1,,24,38,
2026_07_15_01_26_56,000096,5,all-cluster-heads,docs\doc_workspace\SGCP\artifacts\early_from_late_checkpoint_20260719\enable_coperception_early_from_attentive.yaml,cov_potential_game,grid,utility,utility,none,0,0,,cov_coalition_game,11,,5;7,5;7,7,"{""7"": 61}","{""5"": 4933, ""7"": 4894}",78304,43.550611790878754,10,40.0,200.0,1,ns3,899,0.5,10,12,28,,,[],[],7>5:2,,16,17,
2026_07_15_01_26_56,000096,10,all-cluster-heads,docs\doc_workspace\SGCP\artifacts\early_from_late_checkpoint_20260719\enable_coperception_early_from_attentive.yaml,cov_potential_game,grid,utility,utility,none,0,0,,cov_coalition_game,11,,10;19,10;19,19,"{""19"": 57}","{""10"": 4930, ""19"": 4497}",71952,40.017797552836484,10,40.0,200.0,1,ns3,899,0.5,10,12,28,,,[],[],19>10:3,,9,28,
2026_07_15_01_26_56,000096,12,all-cluster-heads,docs\doc_workspace\SGCP\artifacts\early_from_late_checkpoint_20260719\enable_coperception_early_from_attentive.yaml,cov_potential_game,grid,utility,utility,none,0,0,,cov_coalition_game,11,,4;12,12;4,4,"{""4"": 56}","{""4"": 3953, ""12"": 4975}",63248,35.17686318131257,10,40.0,200.0,1,ns3,899,0.5,10,12,28,,,[],[],4>12:4,,12,34,
2026_07_15_01_26_56,000096,13,all-cluster-heads,docs\doc_workspace\SGCP\artifacts\early_from_late_checkpoint_20260719\enable_coperception_early_from_attentive.yaml,cov_potential_game,grid,utility,utility,none,0,0,,cov_coalition_game,11,,9;13,13;9,9,"{""9"": 47}","{""9"": 3687, ""13"": 4751}",58992,32.80978865406007,10,40.0,200.0,1,ns3,899,0.5,10,12,28,,,[],[],9>13:5,,10,25,
2026_07_15_01_26_56,000096,14,all-cluster-heads,docs\doc_workspace\SGCP\artifacts\early_from_late_checkpoint_20260719\enable_coperception_early_from_attentive.yaml,cov_potential_game,grid,utility,utility,none,0,0,,cov_coalition_game,11,,14,14,,{},"{""14"": 4923}",0,0.0,10,40.0,200.0,1,ns3,899,0.5,10,12,28,,,[],[],,,,,empty_pillars
2026_07_15_01_26_56,000096,15,all-cluster-heads,docs\doc_workspace\SGCP\artifacts\early_from_late_checkpoint_20260719\enable_coperception_early_from_attentive.yaml,cov_potential_game,grid,utility,utility,none,0,0,,cov_coalition_game,11,,6;15,15;6,6,"{""6"": 58}","{""6"": 4640, ""15"": 4777}",74240,41.29032258064516,10,40.0,200.0,1,ns3,899,0.5,10,12,28,,,[],[],6>15:6,,19,19,
2026_07_15_01_26_56,000096,16,all-cluster-heads,docs\doc_workspace\SGCP\artifacts\early_from_late_checkpoint_20260719\enable_coperception_early_from_attentive.yaml,cov_potential_game,grid,utility,utility,none,0,0,,cov_coalition_game,11,,3;16,16;3,3,"{""3"": 63}","{""3"": 4952, ""16"": 4944}",79232,44.06674082313682,10,40.0,200.0,1,ns3,899,0.5,10,12,28,,,[],[],3>16:7,,15,24,
2026_07_15_01_26_56,000096,17,all-cluster-heads,docs\doc_workspace\SGCP\artifacts\early_from_late_checkpoint_20260719\enable_coperception_early_from_attentive.yaml,cov_potential_game,grid,utility,utility,none,0,0,,cov_coalition_game,11,,17;20,17;20,20,"{""20"": 53}","{""17"": 4995, ""20"": 4884}",78144,43.46162402669633,10,40.0,200.0,1,ns3,899,0.5,10,12,28,,,[],[],20>17:8,,21,24,
2026_07_15_01_26_56,000096,18,all-cluster-heads,docs\doc_workspace\SGCP\artifacts\early_from_late_checkpoint_20260719\enable_coperception_early_from_attentive.yaml,cov_potential_game,grid,utility,utility,none,0,0,,cov_coalition_game,11,,18,18,,{},"{""18"": 4942}",0,0.0,10,40.0,200.0,1,ns3,899,0.5,10,12,28,,,[],[],,,4,4,
2026_07_15_01_26_56,000098,1,all-cluster-heads,docs\doc_workspace\SGCP\artifacts\early_from_late_checkpoint_20260719\enable_coperception_early_from_attentive.yaml,cov_potential_game,grid,utility,utility,none,0,0,,cov_coalition_game,11,,1;11,1;11,11,"{""11"": 53}","{""1"": 4927, ""11"": 4588}",73408,40.827586206896555,10,40.0,200.0,1,ns3,899,0.5,10,12,28,,,[],[],11>1:0,,23,30,
2026_07_15_01_26_56,000098,2,all-cluster-heads,docs\doc_workspace\SGCP\artifacts\early_from_late_checkpoint_20260719\enable_coperception_early_from_attentive.yaml,cov_potential_game,grid,utility,utility,none,0,0,,cov_coalition_game,11,,2;8,2;8,8,"{""8"": 50}","{""2"": 4855, ""8"": 4805}",76880,42.75862068965517,10,40.0,200.0,1,ns3,899,0.5,10,12,28,,,[],[],8>2:1,,25,38,
2026_07_15_01_26_56,000098,7,all-cluster-heads,docs\doc_workspace\SGCP\artifacts\early_from_late_checkpoint_20260719\enable_coperception_early_from_attentive.yaml,cov_potential_game,grid,utility,utility,none,0,0,,cov_coalition_game,11,,7,7,,{},"{""7"": 4921}",0,0.0,10,40.0,200.0,1,ns3,899,0.5,10,12,28,,,[],[],,,12,12,
2026_07_15_01_26_56,000098,10,all-cluster-heads,docs\doc_workspace\SGCP\artifacts\early_from_late_checkpoint_20260719\enable_coperception_early_from_attentive.yaml,cov_potential_game,grid,utility,utility,none,0,0,,cov_coalition_game,11,,10;19,10;19,19,"{""19"": 56}","{""10"": 4930, ""19"": 4498}",71968,40.026696329254726,10,40.0,200.0,1,ns3,899,0.5,10,12,28,,,[],[],19>10:2,,11,27,
2026_07_15_01_26_56,000098,12,all-cluster-heads,docs\doc_workspace\SGCP\artifacts\early_from_late_checkpoint_20260719\enable_coperception_early_from_attentive.yaml,cov_potential_game,grid,utility,utility,none,0,0,,cov_coalition_game,11,,4;12,12;4,4,"{""4"": 56}","{""4"": 3953, ""12"": 4968}",63248,35.17686318131257,10,40.0,200.0,1,ns3,899,0.5,10,12,28,,,[],[],4>12:3,,12,33,
2026_07_15_01_26_56,000098,13,all-cluster-heads,docs\doc_workspace\SGCP\artifacts\early_from_late_checkpoint_20260719\enable_coperception_early_from_attentive.yaml,cov_potential_game,grid,utility,utility,none,0,0,,cov_coalition_game,11,,9;13,13;9,9,"{""9"": 47}","{""9"": 3688, ""13"": 4779}",59008,32.81868743047831,10,40.0,200.0,1,ns3,899,0.5,10,12,28,,,[],[],9>13:4,,11,25,
2026_07_15_01_26_56,000098,14,all-cluster-heads,docs\doc_workspace\SGCP\artifacts\early_from_late_checkpoint_20260719\enable_coperception_early_from_attentive.yaml,cov_potential_game,grid,utility,utility,none,0,0,,cov_coalition_game,11,,14,14,,{},"{""14"": 4872}",0,0.0,10,40.0,200.0,1,ns3,899,0.5,10,12,28,,,[],[],,,,,empty_pillars
2026_07_15_01_26_56,000098,15,all-cluster-heads,docs\doc_workspace\SGCP\artifacts\early_from_late_checkpoint_20260719\enable_coperception_early_from_attentive.yaml,cov_potential_game,grid,utility,utility,none,0,0,,cov_coalition_game,11,,6;15,15;6,6,"{""6"": 59}","{""6"": 4643, ""15"": 4783}",74288,41.317018909899886,10,40.0,200.0,1,ns3,899,0.5,10,12,28,,,[],[],6>15:5,,16,19,
2026_07_15_01_26_56,000098,16,all-cluster-heads,docs\doc_workspace\SGCP\artifacts\early_from_late_checkpoint_20260719\enable_coperception_early_from_attentive.yaml,cov_potential_game,grid,utility,utility,none,0,0,,cov_coalition_game,11,,16;17,16;17,17,"{""17"": 63}","{""16"": 4950, ""17"": 4933}",78928,43.897664071190206,10,40.0,200.0,1,ns3,899,0.5,10,12,28,,,[],[],17>16:6,,14,21,
2026_07_15_01_26_56,000098,18,all-cluster-heads,docs\doc_workspace\SGCP\artifacts\early_from_late_checkpoint_20260719\enable_coperception_early_from_attentive.yaml,cov_potential_game,grid,utility,utility,none,0,0,,cov_coalition_game,11,,3;18,18;3,3,"{""3"": 66}","{""3"": 4966, ""18"": 4946}",79456,44.19132369299221,10,40.0,200.0,1,ns3,899,0.5,10,12,28,,,[],[],3>18:7,,7,9,
2026_07_15_01_26_56,000098,20,all-cluster-heads,docs\doc_workspace\SGCP\artifacts\early_from_late_checkpoint_20260719\enable_coperception_early_from_attentive.yaml,cov_potential_game,grid,utility,utility,none,0,0,,cov_coalition_game,11,,5;20,20;5,5,"{""5"": 48}","{""5"": 1489, ""20"": 4903}",23824,13.25027808676307,10,40.0,200.0,1,ns3,899,0.5,10,12,28,,,[],[],5>20:8,,21,29,
2026_07_15_01_26_56,000100,1,all-cluster-heads,docs\doc_workspace\SGCP\artifacts\early_from_late_checkpoint_20260719\enable_coperception_early_from_attentive.yaml,cov_potential_game,grid,utility,utility,none,0,0,,cov_coalition_game,11,,1;11,1;11,11,"{""11"": 53}","{""1"": 4928, ""11"": 4592}",73472,40.86318131256952,10,40.0,200.0,1,ns3,899,0.5,10,12,28,,,[],[],11>1:0,,23,30,
2026_07_15_01_26_56,000100,2,all-cluster-heads,docs\doc_workspace\SGCP\artifacts\early_from_late_checkpoint_20260719\enable_coperception_early_from_attentive.yaml,cov_potential_game,grid,utility,utility,none,0,0,,cov_coalition_game,11,,2;8,2;8,8,"{""8"": 50}","{""2"": 4859, ""8"": 4804}",76864,42.749721913236925,10,40.0,200.0,1,ns3,899,0.5,10,12,28,,,[],[],8>2:1,,24,38,
2026_07_15_01_26_56,000100,7,all-cluster-heads,docs\doc_workspace\SGCP\artifacts\early_from_late_checkpoint_20260719\enable_coperception_early_from_attentive.yaml,cov_potential_game,grid,utility,utility,none,0,0,,cov_coalition_game,11,,7,7,,{},"{""7"": 4921}",0,0.0,10,40.0,200.0,1,ns3,899,0.5,10,12,28,,,[],[],,,11,12,
2026_07_15_01_26_56,000100,10,all-cluster-heads,docs\doc_workspace\SGCP\artifacts\early_from_late_checkpoint_20260719\enable_coperception_early_from_attentive.yaml,cov_potential_game,grid,utility,utility,none,0,0,,cov_coalition_game,11,,10;19,10;19,19,"{""19"": 56}","{""10"": 4928, ""19"": 4497}",71952,40.017797552836484,10,40.0,200.0,1,ns3,899,0.5,10,12,28,,,[],[],19>10:2,,12,27,
2026_07_15_01_26_56,000100,12,all-cluster-heads,docs\doc_workspace\SGCP\artifacts\early_from_late_checkpoint_20260719\enable_coperception_early_from_attentive.yaml,cov_potential_game,grid,utility,utility,none,0,0,,cov_coalition_game,11,,4;12,12;4,4,"{""4"": 56}","{""4"": 3948, ""12"": 4970}",63168,35.13236929922136,10,40.0,200.0,1,ns3,899,0.5,10,12,28,,,[],[],4>12:3,,13,33,
2026_07_15_01_26_56,000100,13,all-cluster-heads,docs\doc_workspace\SGCP\artifacts\early_from_late_checkpoint_20260719\enable_coperception_early_from_attentive.yaml,cov_potential_game,grid,utility,utility,none,0,0,,cov_coalition_game,11,,9;13,13;9,9,"{""9"": 47}","{""9"": 3686, ""13"": 4758}",58976,32.80088987764183,10,40.0,200.0,1,ns3,899,0.5,10,12,28,,,[],[],9>13:4,,11,23,
2026_07_15_01_26_56,000100,14,all-cluster-heads,docs\doc_workspace\SGCP\artifacts\early_from_late_checkpoint_20260719\enable_coperception_early_from_attentive.yaml,cov_potential_game,grid,utility,utility,none,0,0,,cov_coalition_game,11,,14,14,,{},"{""14"": 4874}",0,0.0,10,40.0,200.0,1,ns3,899,0.5,10,12,28,,,[],[],,,,,empty_pillars
2026_07_15_01_26_56,000100,15,all-cluster-heads,docs\doc_workspace\SGCP\artifacts\early_from_late_checkpoint_20260719\enable_coperception_early_from_attentive.yaml,cov_potential_game,grid,utility,utility,none,0,0,,cov_coalition_game,11,,6;15,15;6,6,"{""6"": 57}","{""6"": 4645, ""15"": 4775}",74320,41.33481646273637,10,40.0,200.0,1,ns3,899,0.5,10,12,28,,,[],[],6>15:5,,18,20,
2026_07_15_01_26_56,000100,16,all-cluster-heads,docs\doc_workspace\SGCP\artifacts\early_from_late_checkpoint_20260719\enable_coperception_early_from_attentive.yaml,cov_potential_game,grid,utility,utility,none,0,0,,cov_coalition_game,11,,16;17,16;17,17,"{""17"": 62}","{""16"": 4946, ""17"": 4719}",75504,41.99332591768632,10,40.0,200.0,1,ns3,899,0.5,10,12,28,,,[],[],17>16:6,,11,20,
2026_07_15_01_26_56,000100,18,all-cluster-heads,docs\doc_workspace\SGCP\artifacts\early_from_late_checkpoint_20260719\enable_coperception_early_from_attentive.yaml,cov_potential_game,grid,utility,utility,none,0,0,,cov_coalition_game,11,,3;18,18;3,3,"{""3"": 65}","{""3"": 4975, ""18"": 4944}",79600,44.2714126807564,10,40.0,200.0,1,ns3,899,0.5,10,12,28,,,[],[],3>18:7,,7,9,
2026_07_15_01_26_56,000100,20,all-cluster-heads,docs\doc_workspace\SGCP\artifacts\early_from_late_checkpoint_20260719\enable_coperception_early_from_attentive.yaml,cov_potential_game,grid,utility,utility,none,0,0,,cov_coalition_game,11,,5;20,20;5,5,"{""5"": 48}","{""5"": 1461, ""20"": 4903}",23376,13.00111234705228,10,40.0,200.0,1,ns3,899,0.5,10,12,28,,,[],[],5>20:8,,18,28,
2026_07_15_01_26_56,000102,1,all-cluster-heads,docs\doc_workspace\SGCP\artifacts\early_from_late_checkpoint_20260719\enable_coperception_early_from_attentive.yaml,cov_potential_game,grid,utility,utility,none,0,0,,cov_coalition_game,11,,1;11,1;11,11,"{""11"": 53}","{""1"": 4929, ""11"": 4592}",73472,40.86318131256952,10,40.0,200.0,1,ns3,899,0.5,10,12,28,,,[],[],11>1:0,,22,30,
2026_07_15_01_26_56,000102,2,all-cluster-heads,docs\doc_workspace\SGCP\artifacts\early_from_late_checkpoint_20260719\enable_coperception_early_from_attentive.yaml,cov_potential_game,grid,utility,utility,none,0,0,,cov_coalition_game,11,,2;8,2;8,8,"{""8"": 50}","{""2"": 4850, ""8"": 4804}",76864,42.749721913236925,10,40.0,200.0,1,ns3,899,0.5,10,12,28,,,[],[],8>2:1,,22,39,
2026_07_15_01_26_56,000102,7,all-cluster-heads,docs\doc_workspace\SGCP\artifacts\early_from_late_checkpoint_20260719\enable_coperception_early_from_attentive.yaml,cov_potential_game,grid,utility,utility,none,0,0,,cov_coalition_game,11,,7,7,,{},"{""7"": 4920}",0,0.0,10,40.0,200.0,1,ns3,899,0.5,10,12,28,,,[],[],,,11,12,
2026_07_15_01_26_56,000102,10,all-cluster-heads,docs\doc_workspace\SGCP\artifacts\early_from_late_checkpoint_20260719\enable_coperception_early_from_attentive.yaml,cov_potential_game,grid,utility,utility,none,0,0,,cov_coalition_game,11,,10;19,10;19,19,"{""19"": 56}","{""10"": 4929, ""19"": 4497}",71952,40.017797552836484,10,40.0,200.0,1,ns3,899,0.5,10,12,28,,,[],[],19>10:2,,11,27,
2026_07_15_01_26_56,000102,12,all-cluster-heads,docs\doc_workspace\SGCP\artifacts\early_from_late_checkpoint_20260719\enable_coperception_early_from_attentive.yaml,cov_potential_game,grid,utility,utility,none,0,0,,cov_coalition_game,11,,4;12,12;4,4,"{""4"": 56}","{""4"": 3943, ""12"": 4965}",63088,35.08787541713015,10,40.0,200.0,1,ns3,899,0.5,10,12,28,,,[],[],4>12:3,,13,33,
2026_07_15_01_26_56,000102,13,all-cluster-heads,docs\doc_workspace\SGCP\artifacts\early_from_late_checkpoint_20260719\enable_coperception_early_from_attentive.yaml,cov_potential_game,grid,utility,utility,none,0,0,,cov_coalition_game,11,,9;13,13;9,9,"{""9"": 48}","{""9"": 4479, ""13"": 4787}",71664,39.85761957730812,10,40.0,200.0,1,ns3,899,0.5,10,12,28,,,[],[],9>13:4,,8,21,
2026_07_15_01_26_56,000102,14,all-cluster-heads,docs\doc_workspace\SGCP\artifacts\early_from_late_checkpoint_20260719\enable_coperception_early_from_attentive.yaml,cov_potential_game,grid,utility,utility,none,0,0,,cov_coalition_game,11,,14,14,,{},"{""14"": 4826}",0,0.0,10,40.0,200.0,1,ns3,899,0.5,10,12,28,,,[],[],,,,,empty_pillars
2026_07_15_01_26_56,000102,15,all-cluster-heads,docs\doc_workspace\SGCP\artifacts\early_from_late_checkpoint_20260719\enable_coperception_early_from_attentive.yaml,cov_potential_game,grid,utility,utility,none,0,0,,cov_coalition_game,11,,6;15,15;6,6,"{""6"": 62}","{""6"": 4649, ""15"": 4798}",74384,41.370411568409345,10,40.0,200.0,1,ns3,899,0.5,10,12,28,,,[],[],6>15:5,,20,22,
2026_07_15_01_26_56,000102,16,all-cluster-heads,docs\doc_workspace\SGCP\artifacts\early_from_late_checkpoint_20260719\enable_coperception_early_from_attentive.yaml,cov_potential_game,grid,utility,utility,none,0,0,,cov_coalition_game,11,,16;17,16;17,17,"{""17"": 60}","{""16"": 4975, ""17"": 4688}",75008,41.7174638487208,10,40.0,200.0,1,ns3,899,0.5,10,12,28,,,[],[],17>16:6,,16,20,
2026_07_15_01_26_56,000102,18,all-cluster-heads,docs\doc_workspace\SGCP\artifacts\early_from_late_checkpoint_20260719\enable_coperception_early_from_attentive.yaml,cov_potential_game,grid,utility,utility,none,0,0,,cov_coalition_game,11,,3;18,18;3,3,"{""3"": 67}","{""3"": 4995, ""18"": 4936}",79920,44.449388209121246,10,40.0,200.0,1,ns3,899,0.5,10,12,28,,,[],[],3>18:7,,8,8,
2026_07_15_01_26_56,000102,20,all-cluster-heads,docs\doc_workspace\SGCP\artifacts\early_from_late_checkpoint_20260719\enable_coperception_early_from_attentive.yaml,cov_potential_game,grid,utility,utility,none,0,0,,cov_coalition_game,11,,5;20,20;5,5,"{""5"": 50}","{""5"": 1528, ""20"": 4902}",24448,13.597330367074527,10,40.0,200.0,1,ns3,899,0.5,10,12,28,,,[],[],5>20:8,,20,31,
2026_07_15_01_26_56,000104,1,all-cluster-heads,docs\doc_workspace\SGCP\artifacts\early_from_late_checkpoint_20260719\enable_coperception_early_from_attentive.yaml,cov_potential_game,grid,utility,utility,none,0,0,,cov_coalition_game,11,,1;11,1;11,11,"{""11"": 53}","{""1"": 4929, ""11"": 4596}",73536,40.89877641824249,10,40.0,200.0,1,ns3,899,0.5,10,12,28,,,[],[],11>1:0,,21,30,
2026_07_15_01_26_56,000104,2,all-cluster-heads,docs\doc_workspace\SGCP\artifacts\early_from_late_checkpoint_20260719\enable_coperception_early_from_attentive.yaml,cov_potential_game,grid,utility,utility,none,0,0,,cov_coalition_game,11,,2;8,2;8,8,"{""8"": 51}","{""2"": 4849, ""8"": 4805}",76880,42.75862068965517,10,40.0,200.0,1,ns3,899,0.5,10,12,28,,,[],[],8>2:1,,21,37,
2026_07_15_01_26_56,000104,7,all-cluster-heads,docs\doc_workspace\SGCP\artifacts\early_from_late_checkpoint_20260719\enable_coperception_early_from_attentive.yaml,cov_potential_game,grid,utility,utility,none,0,0,,cov_coalition_game,11,,7,7,,{},"{""7"": 4920}",0,0.0,10,40.0,200.0,1,ns3,899,0.5,10,12,28,,,[],[],,,11,12,
2026_07_15_01_26_56,000104,10,all-cluster-heads,docs\doc_workspace\SGCP\artifacts\early_from_late_checkpoint_20260719\enable_coperception_early_from_attentive.yaml,cov_potential_game,grid,utility,utility,none,0,0,,cov_coalition_game,11,,10;19,10;19,19,"{""19"": 56}","{""10"": 4930, ""19"": 4497}",71952,40.017797552836484,10,40.0,200.0,1,ns3,899,0.5,10,12,28,,,[],[],19>10:2,,11,27,
2026_07_15_01_26_56,000104,12,all-cluster-heads,docs\doc_workspace\SGCP\artifacts\early_from_late_checkpoint_20260719\enable_coperception_early_from_attentive.yaml,cov_potential_game,grid,utility,utility,none,0,0,,cov_coalition_game,11,,4;12,12;4,4,"{""4"": 56}","{""4"": 3942, ""12"": 4988}",63072,35.07897664071191,10,40.0,200.0,1,ns3,899,0.5,10,12,28,,,[],[],4>12:3,,12,33,
2026_07_15_01_26_56,000104,13,all-cluster-heads,docs\doc_workspace\SGCP\artifacts\early_from_late_checkpoint_20260719\enable_coperception_early_from_attentive.yaml,cov_potential_game,grid,utility,utility,none,0,0,,cov_coalition_game,11,,9;13,13;9,9,"{""9"": 48}","{""9"": 4479, ""13"": 4747}",71664,39.85761957730812,10,40.0,200.0,1,ns3,899,0.5,10,12,28,,,[],[],9>13:4,,8,22,
2026_07_15_01_26_56,000104,14,all-cluster-heads,docs\doc_workspace\SGCP\artifacts\early_from_late_checkpoint_20260719\enable_coperception_early_from_attentive.yaml,cov_potential_game,grid,utility,utility,none,0,0,,cov_coalition_game,11,,14,14,,{},"{""14"": 4840}",0,0.0,10,40.0,200.0,1,ns3,899,0.5,10,12,28,,,[],[],,,,,empty_pillars
2026_07_15_01_26_56,000104,15,all-cluster-heads,docs\doc_workspace\SGCP\artifacts\early_from_late_checkpoint_20260719\enable_coperception_early_from_attentive.yaml,cov_potential_game,grid,utility,utility,none,0,0,,cov_coalition_game,11,,6;15,15;6,6,"{""6"": 62}","{""6"": 4667, ""15"": 4777}",74672,41.53058954393771,10,40.0,200.0,1,ns3,899,0.5,10,12,28,,,[],[],6>15:5,,19,23,
2026_07_15_01_26_56,000104,16,all-cluster-heads,docs\doc_workspace\SGCP\artifacts\early_from_late_checkpoint_20260719\enable_coperception_early_from_attentive.yaml,cov_potential_game,grid,utility,utility,none,0,0,,cov_coalition_game,11,,16;17,16;17,17,"{""17"": 59}","{""16"": 4958, ""17"": 4644}",74304,41.32591768631813,10,40.0,200.0,1,ns3,899,0.5,10,12,28,,,[],[],17>16:6,,15,19,
2026_07_15_01_26_56,000104,18,all-cluster-heads,docs\doc_workspace\SGCP\artifacts\early_from_late_checkpoint_20260719\enable_coperception_early_from_attentive.yaml,cov_potential_game,grid,utility,utility,none,0,0,,cov_coalition_game,11,,3;18,18;3,3,"{""3"": 67}","{""3"": 4964, ""18"": 4929}",79424,44.17352614015573,10,40.0,200.0,1,ns3,899,0.5,10,12,28,,,[],[],3>18:7,,4,8,
2026_07_15_01_26_56,000104,20,all-cluster-heads,docs\doc_workspace\SGCP\artifacts\early_from_late_checkpoint_20260719\enable_coperception_early_from_attentive.yaml,cov_potential_game,grid,utility,utility,none,0,0,,cov_coalition_game,11,,5;20,20;5,5,"{""5"": 48}","{""5"": 1512, ""20"": 4900}",24192,13.454949944382648,10,40.0,200.0,1,ns3,899,0.5,10,12,28,,,[],[],5>20:8,,20,30,
2026_07_15_01_26_56,000106,1,all-cluster-heads,docs\doc_workspace\SGCP\artifacts\early_from_late_checkpoint_20260719\enable_coperception_early_from_attentive.yaml,cov_potential_game,grid,utility,utility,none,0,0,,cov_coalition_game,11,,1;11,1;11,11,"{""11"": 53}","{""1"": 4928, ""11"": 4603}",73648,40.96106785317019,10,40.0,200.0,1,ns3,899,0.5,10,12,28,,,[],[],11>1:0,,23,30,
2026_07_15_01_26_56,000106,2,all-cluster-heads,docs\doc_workspace\SGCP\artifacts\early_from_late_checkpoint_20260719\enable_coperception_early_from_attentive.yaml,cov_potential_game,grid,utility,utility,none,0,0,,cov_coalition_game,11,,2;8,2;8,8,"{""8"": 51}","{""2"": 4856, ""8"": 4804}",76864,42.749721913236925,10,40.0,200.0,1,ns3,899,0.5,10,12,28,,,[],[],8>2:1,,23,37,
2026_07_15_01_26_56,000106,7,all-cluster-heads,docs\doc_workspace\SGCP\artifacts\early_from_late_checkpoint_20260719\enable_coperception_early_from_attentive.yaml,cov_potential_game,grid,utility,utility,none,0,0,,cov_coalition_game,11,,7,7,,{},"{""7"": 4920}",0,0.0,10,40.0,200.0,1,ns3,899,0.5,10,12,28,,,[],[],,,10,12,
2026_07_15_01_26_56,000106,10,all-cluster-heads,docs\doc_workspace\SGCP\artifacts\early_from_late_checkpoint_20260719\enable_coperception_early_from_attentive.yaml,cov_potential_game,grid,utility,utility,none,0,0,,cov_coalition_game,11,,10;19,10;19,19,"{""19"": 58}","{""10"": 4930, ""19"": 4495}",71920,40.0,10,40.0,200.0,1,ns3,899,0.5,10,12,28,,,[],[],19>10:2,,11,27,
2026_07_15_01_26_56,000106,12,all-cluster-heads,docs\doc_workspace\SGCP\artifacts\early_from_late_checkpoint_20260719\enable_coperception_early_from_attentive.yaml,cov_potential_game,grid,utility,utility,none,0,0,,cov_coalition_game,11,,4;12,12;4,4,"{""4"": 54}","{""4"": 3869, ""12"": 4987}",61904,34.4293659621802,10,40.0,200.0,1,ns3,899,0.5,10,12,28,,,[],[],4>12:3,,14,33,
2026_07_15_01_26_56,000106,13,all-cluster-heads,docs\doc_workspace\SGCP\artifacts\early_from_late_checkpoint_20260719\enable_coperception_early_from_attentive.yaml,cov_potential_game,grid,utility,utility,none,0,0,,cov_coalition_game,11,,9;13,13;9,9,"{""9"": 49}","{""9"": 4481, ""13"": 4753}",71696,39.875417130144605,10,40.0,200.0,1,ns3,899,0.5,10,12,28,,,[],[],9>13:4,,11,22,
2026_07_15_01_26_56,000106,14,all-cluster-heads,docs\doc_workspace\SGCP\artifacts\early_from_late_checkpoint_20260719\enable_coperception_early_from_attentive.yaml,cov_potential_game,grid,utility,utility,none,0,0,,cov_coalition_game,11,,14,14,,{},"{""14"": 4815}",0,0.0,10,40.0,200.0,1,ns3,899,0.5,10,12,28,,,[],[],,,,,empty_pillars
2026_07_15_01_26_56,000106,15,all-cluster-heads,docs\doc_workspace\SGCP\artifacts\early_from_late_checkpoint_20260719\enable_coperception_early_from_attentive.yaml,cov_potential_game,grid,utility,utility,none,0,0,,cov_coalition_game,11,,6;15,15;6,6,"{""6"": 63}","{""6"": 4674, ""15"": 4779}",74784,41.5928809788654,10,40.0,200.0,1,ns3,899,0.5,10,12,28,,,[],[],6>15:5,,17,23,
2026_07_15_01_26_56,000106,16,all-cluster-heads,docs\doc_workspace\SGCP\artifacts\early_from_late_checkpoint_20260719\enable_coperception_early_from_attentive.yaml,cov_potential_game,grid,utility,utility,none,0,0,,cov_coalition_game,11,,16;17,16;17,17,"{""17"": 62}","{""16"": 4954, ""17"": 4639}",74224,41.28142380422692,10,40.0,200.0,1,ns3,899,0.5,10,12,28,,,[],[],17>16:6,,15,19,
2026_07_15_01_26_56,000106,18,all-cluster-heads,docs\doc_workspace\SGCP\artifacts\early_from_late_checkpoint_20260719\enable_coperception_early_from_attentive.yaml,cov_potential_game,grid,utility,utility,none,0,0,,cov_coalition_game,11,,3;18,18;3,3,"{""3"": 65}","{""3"": 4986, ""18"": 4912}",79776,44.36929922135707,10,40.0,200.0,1,ns3,899,0.5,10,12,28,,,[],[],3>18:7,,8,7,
2026_07_15_01_26_56,000106,20,all-cluster-heads,docs\doc_workspace\SGCP\artifacts\early_from_late_checkpoint_20260719\enable_coperception_early_from_attentive.yaml,cov_potential_game,grid,utility,utility,none,0,0,,cov_coalition_game,11,,5;20,20;5,5,"{""5"": 50}","{""5"": 1528, ""20"": 4900}",24448,13.597330367074527,10,40.0,200.0,1,ns3,899,0.5,10,12,28,,,[],[],5>20:8,,19,27,
2026_07_15_01_26_56,000108,1,all-cluster-heads,docs\doc_workspace\SGCP\artifacts\early_from_late_checkpoint_20260719\enable_coperception_early_from_attentive.yaml,cov_potential_game,grid,utility,utility,none,0,0,,cov_coalition_game,11,,1;11,1;11,11,"{""11"": 53}","{""1"": 4928, ""11"": 4606}",73696,40.98776418242492,10,40.0,200.0,1,ns3,899,0.5,10,12,28,,,[],[],11>1:0,,23,31,
2026_07_15_01_26_56,000108,2,all-cluster-heads,docs\doc_workspace\SGCP\artifacts\early_from_late_checkpoint_20260719\enable_coperception_early_from_attentive.yaml,cov_potential_game,grid,utility,utility,none,0,0,,cov_coalition_game,11,,2;8,2;8,8,"{""8"": 52}","{""2"": 4859, ""8"": 4805}",76880,42.75862068965517,10,40.0,200.0,1,ns3,899,0.5,10,12,28,,,[],[],8>2:1,,24,39,
2026_07_15_01_26_56,000108,7,all-cluster-heads,docs\doc_workspace\SGCP\artifacts\early_from_late_checkpoint_20260719\enable_coperception_early_from_attentive.yaml,cov_potential_game,grid,utility,utility,none,0,0,,cov_coalition_game,11,,7,7,,{},"{""7"": 4919}",0,0.0,10,40.0,200.0,1,ns3,899,0.5,10,12,28,,,[],[],,,12,13,
2026_07_15_01_26_56,000108,10,all-cluster-heads,docs\doc_workspace\SGCP\artifacts\early_from_late_checkpoint_20260719\enable_coperception_early_from_attentive.yaml,cov_potential_game,grid,utility,utility,none,0,0,,cov_coalition_game,11,,10;19,10;19,19,"{""19"": 58}","{""10"": 4928, ""19"": 4497}",71952,40.017797552836484,10,40.0,200.0,1,ns3,899,0.5,10,12,28,,,[],[],19>10:2,,11,27,
2026_07_15_01_26_56,000108,12,all-cluster-heads,docs\doc_workspace\SGCP\artifacts\early_from_late_checkpoint_20260719\enable_coperception_early_from_attentive.yaml,cov_potential_game,grid,utility,utility,none,0,0,,cov_coalition_game,11,,4;12,12;4,4,"{""4"": 54}","{""4"": 3861, ""12"": 4997}",61776,34.35817575083426,10,40.0,200.0,1,ns3,899,0.5,10,12,28,,,[],[],4>12:3,,13,33,
2026_07_15_01_26_56,000108,13,all-cluster-heads,docs\doc_workspace\SGCP\artifacts\early_from_late_checkpoint_20260719\enable_coperception_early_from_attentive.yaml,cov_potential_game,grid,utility,utility,none,0,0,,cov_coalition_game,11,,9;13,13;9,9,"{""9"": 49}","{""9"": 4700, ""13"": 4757}",75200,41.82424916573971,10,40.0,200.0,1,ns3,899,0.5,10,12,28,,,[],[],9>13:4,,11,22,
2026_07_15_01_26_56,000108,14,all-cluster-heads,docs\doc_workspace\SGCP\artifacts\early_from_late_checkpoint_20260719\enable_coperception_early_from_attentive.yaml,cov_potential_game,grid,utility,utility,none,0,0,,cov_coalition_game,11,,14,14,,{},"{""14"": 4804}",0,0.0,10,40.0,200.0,1,ns3,899,0.5,10,12,28,,,[],[],,,,,empty_pillars
2026_07_15_01_26_56,000108,15,all-cluster-heads,docs\doc_workspace\SGCP\artifacts\early_from_late_checkpoint_20260719\enable_coperception_early_from_attentive.yaml,cov_potential_game,grid,utility,utility,none,0,0,,cov_coalition_game,11,,6;15,15;6,6,"{""6"": 63}","{""6"": 4667, ""15"": 4792}",74672,41.53058954393771,10,40.0,200.0,1,ns3,899,0.5,10,12,28,,,[],[],6>15:5,,19,24,
2026_07_15_01_26_56,000108,16,all-cluster-heads,docs\doc_workspace\SGCP\artifacts\early_from_late_checkpoint_20260719\enable_coperception_early_from_attentive.yaml,cov_potential_game,grid,utility,utility,none,0,0,,cov_coalition_game,11,,16;17,16;17,17,"{""17"": 62}","{""16"": 4980, ""17"": 4595}",73520,40.88987764182425,10,40.0,200.0,1,ns3,899,0.5,10,12,28,,,[],[],17>16:6,,13,19,
2026_07_15_01_26_56,000108,18,all-cluster-heads,docs\doc_workspace\SGCP\artifacts\early_from_late_checkpoint_20260719\enable_coperception_early_from_attentive.yaml,cov_potential_game,grid,utility,utility,none,0,0,,cov_coalition_game,11,,3;18,18;3,3,"{""3"": 66}","{""3"": 4972, ""18"": 4916}",79552,44.24471635150167,10,40.0,200.0,1,ns3,899,0.5,10,12,28,,,[],[],3>18:7,,6,7,
2026_07_15_01_26_56,000108,20,all-cluster-heads,docs\doc_workspace\SGCP\artifacts\early_from_late_checkpoint_20260719\enable_coperception_early_from_attentive.yaml,cov_potential_game,grid,utility,utility,none,0,0,,cov_coalition_game,11,,5;20,20;5,5,"{""5"": 50}","{""5"": 1531, ""20"": 4899}",24496,13.624026696329256,10,40.0,200.0,1,ns3,899,0.5,10,12,28,,,[],[],5>20:8,,17,28,
2026_07_15_01_26_56,000110,1,all-cluster-heads,docs\doc_workspace\SGCP\artifacts\early_from_late_checkpoint_20260719\enable_coperception_early_from_attentive.yaml,cov_potential_game,grid,utility,utility,none,0,0,,cov_coalition_game,10,,1;11,1;11,11,"{""11"": 53}","{""1"": 4928, ""11"": 4606}",73696,40.98776418242492,10,40.0,200.0,1,ns3,899,0.5,10,12,28,,,[],[],11>1:0,,22,32,
2026_07_15_01_26_56,000110,2,all-cluster-heads,docs\doc_workspace\SGCP\artifacts\early_from_late_checkpoint_20260719\enable_coperception_early_from_attentive.yaml,cov_potential_game,grid,utility,utility,none,0,0,,cov_coalition_game,10,,2;8,2;8,8,"{""8"": 52}","{""2"": 4860, ""8"": 4802}",76832,42.73192436040044,10,40.0,200.0,1,ns3,899,0.5,10,12,28,,,[],[],8>2:1,,24,39,
2026_07_15_01_26_56,000110,10,all-cluster-heads,docs\doc_workspace\SGCP\artifacts\early_from_late_checkpoint_20260719\enable_coperception_early_from_attentive.yaml,cov_potential_game,grid,utility,utility,none,0,0,,cov_coalition_game,10,,10;19,10;19,19,"{""19"": 57}","{""10"": 4929, ""19"": 4498}",71968,40.026696329254726,10,40.0,200.0,1,ns3,899,0.5,10,12,28,,,[],[],19>10:2,,9,27,
2026_07_15_01_26_56,000110,12,all-cluster-heads,docs\doc_workspace\SGCP\artifacts\early_from_late_checkpoint_20260719\enable_coperception_early_from_attentive.yaml,cov_potential_game,grid,utility,utility,none,0,0,,cov_coalition_game,10,,4;12,12;4,4,"{""4"": 55}","{""4"": 4610, ""12"": 4997}",73760,41.023359288097886,10,40.0,200.0,1,ns3,899,0.5,10,12,28,,,[],[],4>12:3,,11,33,
2026_07_15_01_26_56,000110,13,all-cluster-heads,docs\doc_workspace\SGCP\artifacts\early_from_late_checkpoint_20260719\enable_coperception_early_from_attentive.yaml,cov_potential_game,grid,utility,utility,none,0,0,,cov_coalition_game,10,,9;13,13;9,9,"{""9"": 49}","{""9"": 4702, ""13"": 4738}",75232,41.84204671857619,10,40.0,200.0,1,ns3,899,0.5,10,12,28,,,[],[],9>13:4,,9,22,
2026_07_15_01_26_56,000110,14,all-cluster-heads,docs\doc_workspace\SGCP\artifacts\early_from_late_checkpoint_20260719\enable_coperception_early_from_attentive.yaml,cov_potential_game,grid,utility,utility,none,0,0,,cov_coalition_game,10,,7;14,14;7,7,"{""7"": 61}","{""7"": 4919, ""14"": 4841}",78704,43.77308120133482,10,40.0,200.0,1,ns3,899,0.5,10,12,28,,,[],[],7>14:5,,11,12,
2026_07_15_01_26_56,000110,15,all-cluster-heads,docs\doc_workspace\SGCP\artifacts\early_from_late_checkpoint_20260719\enable_coperception_early_from_attentive.yaml,cov_potential_game,grid,utility,utility,none,0,0,,cov_coalition_game,10,,6;15,15;6,6,"{""6"": 61}","{""6"": 4666, ""15"": 4814}",74656,41.521690767519466,10,40.0,200.0,1,ns3,899,0.5,10,12,28,,,[],[],6>15:6,,19,24,
2026_07_15_01_26_56,000110,16,all-cluster-heads,docs\doc_workspace\SGCP\artifacts\early_from_late_checkpoint_20260719\enable_coperception_early_from_attentive.yaml,cov_potential_game,grid,utility,utility,none,0,0,,cov_coalition_game,10,,16;17,16;17,17,"{""17"": 61}","{""16"": 4974, ""17"": 4578}",73248,40.73859844271413,10,40.0,200.0,1,ns3,899,0.5,10,12,28,,,[],[],17>16:7,,11,18,
2026_07_15_01_26_56,000110,18,all-cluster-heads,docs\doc_workspace\SGCP\artifacts\early_from_late_checkpoint_20260719\enable_coperception_early_from_attentive.yaml,cov_potential_game,grid,utility,utility,none,0,0,,cov_coalition_game,10,,3;18,18;3,3,"{""3"": 65}","{""3"": 4992, ""18"": 4900}",79872,44.42269187986652,10,40.0,200.0,1,ns3,899,0.5,10,12,28,,,[],[],3>18:8,,6,5,
2026_07_15_01_26_56,000110,20,all-cluster-heads,docs\doc_workspace\SGCP\artifacts\early_from_late_checkpoint_20260719\enable_coperception_early_from_attentive.yaml,cov_potential_game,grid,utility,utility,none,0,0,,cov_coalition_game,10,,5;20,20;5,5,"{""5"": 49}","{""5"": 1534, ""20"": 4898}",24544,13.650723025583982,10,40.0,200.0,1,ns3,899,0.5,10,12,28,,,[],[],5>20:9,,17,28,
2026_07_15_01_26_56,000112,1,all-cluster-heads,docs\doc_workspace\SGCP\artifacts\early_from_late_checkpoint_20260719\enable_coperception_early_from_attentive.yaml,cov_potential_game,grid,utility,utility,none,0,0,,cov_coalition_game,10,,1;11,1;11,11,"{""11"": 52}","{""1"": 4926, ""11"": 4607}",73712,40.99666295884316,10,40.0,200.0,1,ns3,899,0.5,10,12,28,,,[],[],11>1:0,,20,31,
2026_07_15_01_26_56,000112,2,all-cluster-heads,docs\doc_workspace\SGCP\artifacts\early_from_late_checkpoint_20260719\enable_coperception_early_from_attentive.yaml,cov_potential_game,grid,utility,utility,none,0,0,,cov_coalition_game,10,,2;8,2;8,8,"{""8"": 53}","{""2"": 4859, ""8"": 4802}",76832,42.73192436040044,10,40.0,200.0,1,ns3,899,0.5,10,12,28,,,[],[],8>2:1,,23,38,
2026_07_15_01_26_56,000112,10,all-cluster-heads,docs\doc_workspace\SGCP\artifacts\early_from_late_checkpoint_20260719\enable_coperception_early_from_attentive.yaml,cov_potential_game,grid,utility,utility,none,0,0,,cov_coalition_game,10,,10;19,10;19,19,"{""19"": 58}","{""10"": 4928, ""19"": 4499}",71984,40.03559510567297,10,40.0,200.0,1,ns3,899,0.5,10,12,28,,,[],[],19>10:2,,10,27,
2026_07_15_01_26_56,000112,12,all-cluster-heads,docs\doc_workspace\SGCP\artifacts\early_from_late_checkpoint_20260719\enable_coperception_early_from_attentive.yaml,cov_potential_game,grid,utility,utility,none,0,0,,cov_coalition_game,10,,4;12,12;4,4,"{""4"": 56}","{""4"": 4653, ""12"": 5013}",74448,41.40600667408231,10,40.0,200.0,1,ns3,899,0.5,10,12,28,,,[],[],4>12:3,,14,33,
2026_07_15_01_26_56,000112,13,all-cluster-heads,docs\doc_workspace\SGCP\artifacts\early_from_late_checkpoint_20260719\enable_coperception_early_from_attentive.yaml,cov_potential_game,grid,utility,utility,none,0,0,,cov_coalition_game,10,,9;13,13;9,9,"{""9"": 49}","{""9"": 4703, ""13"": 4707}",75248,41.850945494994434,10,40.0,200.0,1,ns3,899,0.5,10,12,28,,,[],[],9>13:4,,9,20,
2026_07_15_01_26_56,000112,14,all-cluster-heads,docs\doc_workspace\SGCP\artifacts\early_from_late_checkpoint_20260719\enable_coperception_early_from_attentive.yaml,cov_potential_game,grid,utility,utility,none,0,0,,cov_coalition_game,10,,7;14,14;7,7,"{""7"": 61}","{""7"": 4917, ""14"": 4813}",78672,43.75528364849833,10,40.0,200.0,1,ns3,899,0.5,10,12,28,,,[],[],7>14:5,,12,13,
2026_07_15_01_26_56,000112,15,all-cluster-heads,docs\doc_workspace\SGCP\artifacts\early_from_late_checkpoint_20260719\enable_coperception_early_from_attentive.yaml,cov_potential_game,grid,utility,utility,none,0,0,,cov_coalition_game,10,,6;15,15;6,6,"{""6"": 61}","{""6"": 4646, ""15"": 4776}",74336,41.34371523915462,10,40.0,200.0,1,ns3,899,0.5,10,12,28,,,[],[],6>15:6,,17,23,
2026_07_15_01_26_56,000112,16,all-cluster-heads,docs\doc_workspace\SGCP\artifacts\early_from_late_checkpoint_20260719\enable_coperception_early_from_attentive.yaml,cov_potential_game,grid,utility,utility,none,0,0,,cov_coalition_game,10,,16;17,16;17,17,"{""17"": 60}","{""16"": 4976, ""17"": 4538}",72608,40.38264738598443,10,40.0,200.0,1,ns3,899,0.5,10,12,28,,,[],[],17>16:7,,11,17,
2026_07_15_01_26_56,000112,18,all-cluster-heads,docs\doc_workspace\SGCP\artifacts\early_from_late_checkpoint_20260719\enable_coperception_early_from_attentive.yaml,cov_potential_game,grid,utility,utility,none,0,0,,cov_coalition_game,10,,3;18,18;3,3,"{""3"": 64}","{""3"": 4981, ""18"": 4899}",79696,44.32480533926585,10,40.0,200.0,1,ns3,899,0.5,10,12,28,,,[],[],3>18:8,,5,4,
2026_07_15_01_26_56,000112,20,all-cluster-heads,docs\doc_workspace\SGCP\artifacts\early_from_late_checkpoint_20260719\enable_coperception_early_from_attentive.yaml,cov_potential_game,grid,utility,utility,none,0,0,,cov_coalition_game,10,,5;20,20;5,5,"{""5"": 52}","{""5"": 1524, ""20"": 4898}",24384,13.561735261401557,10,40.0,200.0,1,ns3,899,0.5,10,12,28,,,[],[],5>20:9,,21,29,
2026_07_15_01_26_56,000114,1,all-cluster-heads,docs\doc_workspace\SGCP\artifacts\early_from_late_checkpoint_20260719\enable_coperception_early_from_attentive.yaml,cov_potential_game,grid,utility,utility,none,0,0,,cov_coalition_game,10,,1;11,1;11,11,"{""11"": 52}","{""1"": 4926, ""11"": 4606}",73696,40.98776418242492,10,40.0,200.0,1,ns3,899,0.5,10,12,28,,,[],[],11>1:0,,21,31,
2026_07_15_01_26_56,000114,2,all-cluster-heads,docs\doc_workspace\SGCP\artifacts\early_from_late_checkpoint_20260719\enable_coperception_early_from_attentive.yaml,cov_potential_game,grid,utility,utility,none,0,0,,cov_coalition_game,10,,2;8,2;8,8,"{""8"": 54}","{""2"": 4858, ""8"": 4802}",76832,42.73192436040044,10,40.0,200.0,1,ns3,899,0.5,10,12,28,,,[],[],8>2:1,,20,38,
2026_07_15_01_26_56,000114,10,all-cluster-heads,docs\doc_workspace\SGCP\artifacts\early_from_late_checkpoint_20260719\enable_coperception_early_from_attentive.yaml,cov_potential_game,grid,utility,utility,none,0,0,,cov_coalition_game,10,,10;19,10;19,19,"{""19"": 58}","{""10"": 4928, ""19"": 4499}",71984,40.03559510567297,10,40.0,200.0,1,ns3,899,0.5,10,12,28,,,[],[],19>10:2,,11,27,
2026_07_15_01_26_56,000114,12,all-cluster-heads,docs\doc_workspace\SGCP\artifacts\early_from_late_checkpoint_20260719\enable_coperception_early_from_attentive.yaml,cov_potential_game,grid,utility,utility,none,0,0,,cov_coalition_game,10,,4;12,12;4,4,"{""4"": 56}","{""4"": 4653, ""12"": 5019}",74448,41.40600667408231,10,40.0,200.0,1,ns3,899,0.5,10,12,28,,,[],[],4>12:3,,13,33,
2026_07_15_01_26_56,000114,13,all-cluster-heads,docs\doc_workspace\SGCP\artifacts\early_from_late_checkpoint_20260719\enable_coperception_early_from_attentive.yaml,cov_potential_game,grid,utility,utility,none,0,0,,cov_coalition_game,10,,9;13,13;9,9,"{""9"": 49}","{""9"": 4703, ""13"": 4726}",75248,41.850945494994434,10,40.0,200.0,1,ns3,899,0.5,10,12,28,,,[],[],9>13:4,,10,21,
2026_07_15_01_26_56,000114,14,all-cluster-heads,docs\doc_workspace\SGCP\artifacts\early_from_late_checkpoint_20260719\enable_coperception_early_from_attentive.yaml,cov_potential_game,grid,utility,utility,none,0,0,,cov_coalition_game,10,,7;14,14;7,7,"{""7"": 61}","{""7"": 4919, ""14"": 4823}",78704,43.77308120133482,10,40.0,200.0,1,ns3,899,0.5,10,12,28,,,[],[],7>14:5,,11,14,
2026_07_15_01_26_56,000114,15,all-cluster-heads,docs\doc_workspace\SGCP\artifacts\early_from_late_checkpoint_20260719\enable_coperception_early_from_attentive.yaml,cov_potential_game,grid,utility,utility,none,0,0,,cov_coalition_game,10,,6;15,15;6,6,"{""6"": 60}","{""6"": 4631, ""15"": 4789}",74096,41.21023359288098,10,40.0,200.0,1,ns3,899,0.5,10,12,28,,,[],[],6>15:6,,17,23,
2026_07_15_01_26_56,000114,16,all-cluster-heads,docs\doc_workspace\SGCP\artifacts\early_from_late_checkpoint_20260719\enable_coperception_early_from_attentive.yaml,cov_potential_game,grid,utility,utility,none,0,0,,cov_coalition_game,10,,16;17,16;17,17,"{""17"": 62}","{""16"": 4987, ""17"": 4508}",72128,40.11568409343715,10,40.0,200.0,1,ns3,899,0.5,10,12,28,,,[],[],17>16:7,,8,17,
2026_07_15_01_26_56,000114,18,all-cluster-heads,docs\doc_workspace\SGCP\artifacts\early_from_late_checkpoint_20260719\enable_coperception_early_from_attentive.yaml,cov_potential_game,grid,utility,utility,none,0,0,,cov_coalition_game,10,,3;18,18;3,3,"{""3"": 65}","{""3"": 4973, ""18"": 4917}",79568,44.253615127919915,10,40.0,200.0,1,ns3,899,0.5,10,12,28,,,[],[],3>18:8,,5,5,
2026_07_15_01_26_56,000114,20,all-cluster-heads,docs\doc_workspace\SGCP\artifacts\early_from_late_checkpoint_20260719\enable_coperception_early_from_attentive.yaml,cov_potential_game,grid,utility,utility,none,0,0,,cov_coalition_game,10,,5;20,20;5,5,"{""5"": 52}","{""5"": 1558, ""20"": 4899}",24928,13.8642936596218,10,40.0,200.0,1,ns3,899,0.5,10,12,28,,,[],[],5>20:9,,17,29,
2026_07_15_01_26_56,000116,1,all-cluster-heads,docs\doc_workspace\SGCP\artifacts\early_from_late_checkpoint_20260719\enable_coperception_early_from_attentive.yaml,cov_potential_game,grid,utility,utility,none,0,0,,cov_coalition_game,10,,1;11,1;11,11,"{""11"": 52}","{""1"": 4926, ""11"": 4606}",73696,40.98776418242492,10,40.0,200.0,1,ns3,899,0.5,10,12,28,,,[],[],11>1:0,,22,31,
2026_07_15_01_26_56,000116,2,all-cluster-heads,docs\doc_workspace\SGCP\artifacts\early_from_late_checkpoint_20260719\enable_coperception_early_from_attentive.yaml,cov_potential_game,grid,utility,utility,none,0,0,,cov_coalition_game,10,,2;8,2;8,8,"{""8"": 54}","{""2"": 4858, ""8"": 4803}",76848,42.74082313681868,10,40.0,200.0,1,ns3,899,0.5,10,12,28,,,[],[],8>2:1,,22,38,
2026_07_15_01_26_56,000116,10,all-cluster-heads,docs\doc_workspace\SGCP\artifacts\early_from_late_checkpoint_20260719\enable_coperception_early_from_attentive.yaml,cov_potential_game,grid,utility,utility,none,0,0,,cov_coalition_game,10,,10;19,10;19,19,"{""19"": 59}","{""10"": 4925, ""19"": 4498}",71968,40.026696329254726,10,40.0,200.0,1,ns3,899,0.5,10,12,28,,,[],[],19>10:2,,11,27,
2026_07_15_01_26_56,000116,12,all-cluster-heads,docs\doc_workspace\SGCP\artifacts\early_from_late_checkpoint_20260719\enable_coperception_early_from_attentive.yaml,cov_potential_game,grid,utility,utility,none,0,0,,cov_coalition_game,10,,4;12,12;4,4,"{""4"": 57}","{""4"": 4651, ""12"": 4999}",74416,41.38820912124583,10,40.0,200.0,1,ns3,899,0.5,10,12,28,,,[],[],4>12:3,,13,33,
2026_07_15_01_26_56,000116,13,all-cluster-heads,docs\doc_workspace\SGCP\artifacts\early_from_late_checkpoint_20260719\enable_coperception_early_from_attentive.yaml,cov_potential_game,grid,utility,utility,none,0,0,,cov_coalition_game,10,,9;13,13;9,9,"{""9"": 50}","{""9"": 4702, ""13"": 4746}",75232,41.84204671857619,10,40.0,200.0,1,ns3,899,0.5,10,12,28,,,[],[],9>13:4,,10,21,
2026_07_15_01_26_56,000116,14,all-cluster-heads,docs\doc_workspace\SGCP\artifacts\early_from_late_checkpoint_20260719\enable_coperception_early_from_attentive.yaml,cov_potential_game,grid,utility,utility,none,0,0,,cov_coalition_game,10,,7;14,14;7,7,"{""7"": 61}","{""7"": 4918, ""14"": 4826}",78688,43.76418242491657,10,40.0,200.0,1,ns3,899,0.5,10,12,28,,,[],[],7>14:5,,12,14,
2026_07_15_01_26_56,000116,15,all-cluster-heads,docs\doc_workspace\SGCP\artifacts\early_from_late_checkpoint_20260719\enable_coperception_early_from_attentive.yaml,cov_potential_game,grid,utility,utility,none,0,0,,cov_coalition_game,10,,6;15,15;6,6,"{""6"": 60}","{""6"": 4650, ""15"": 4804}",74400,41.37931034482759,10,40.0,200.0,1,ns3,899,0.5,10,12,28,,,[],[],6>15:6,,19,23,
2026_07_15_01_26_56,000116,16,all-cluster-heads,docs\doc_workspace\SGCP\artifacts\early_from_late_checkpoint_20260719\enable_coperception_early_from_attentive.yaml,cov_potential_game,grid,utility,utility,none,0,0,,cov_coalition_game,10,,16;17,16;17,17,"{""17"": 58}","{""16"": 4994, ""17"": 4499}",71984,40.03559510567297,10,40.0,200.0,1,ns3,899,0.5,10,12,28,,,[],[],17>16:7,,12,16,
2026_07_15_01_26_56,000116,18,all-cluster-heads,docs\doc_workspace\SGCP\artifacts\early_from_late_checkpoint_20260719\enable_coperception_early_from_attentive.yaml,cov_potential_game,grid,utility,utility,none,0,0,,cov_coalition_game,10,,3;18,18;3,3,"{""3"": 65}","{""3"": 4984, ""18"": 4888}",79744,44.351501668520584,10,40.0,200.0,1,ns3,899,0.5,10,12,28,,,[],[],3>18:8,,4,4,
2026_07_15_01_26_56,000116,20,all-cluster-heads,docs\doc_workspace\SGCP\artifacts\early_from_late_checkpoint_20260719\enable_coperception_early_from_attentive.yaml,cov_potential_game,grid,utility,utility,none,0,0,,cov_coalition_game,10,,5;20,20;5,5,"{""5"": 54}","{""5"": 1593, ""20"": 4899}",25488,14.175750834260288,10,40.0,200.0,1,ns3,899,0.5,10,12,28,,,[],[],5>20:9,,17,28,
2026_07_15_01_26_56,000118,1,all-cluster-heads,docs\doc_workspace\SGCP\artifacts\early_from_late_checkpoint_20260719\enable_coperception_early_from_attentive.yaml,cov_potential_game,grid,utility,utility,none,0,0,,cov_coalition_game,10,,1;11,1;11,11,"{""11"": 53}","{""1"": 4927, ""11"": 4609}",73744,41.014460511679644,10,40.0,200.0,1,ns3,899,0.5,10,12,28,,,[],[],11>1:0,,22,31,
2026_07_15_01_26_56,000118,2,all-cluster-heads,docs\doc_workspace\SGCP\artifacts\early_from_late_checkpoint_20260719\enable_coperception_early_from_attentive.yaml,cov_potential_game,grid,utility,utility,none,0,0,,cov_coalition_game,10,,2;8,2;8,8,"{""8"": 55}","{""2"": 4868, ""8"": 4805}",76880,42.75862068965517,10,40.0,200.0,1,ns3,899,0.5,10,12,28,,,[],[],8>2:1,,22,38,
2026_07_15_01_26_56,000118,10,all-cluster-heads,docs\doc_workspace\SGCP\artifacts\early_from_late_checkpoint_20260719\enable_coperception_early_from_attentive.yaml,cov_potential_game,grid,utility,utility,none,0,0,,cov_coalition_game,10,,10;19,10;19,19,"{""19"": 59}","{""10"": 4926, ""19"": 4497}",71952,40.017797552836484,10,40.0,200.0,1,ns3,899,0.5,10,12,28,,,[],[],19>10:2,,11,28,
2026_07_15_01_26_56,000118,12,all-cluster-heads,docs\doc_workspace\SGCP\artifacts\early_from_late_checkpoint_20260719\enable_coperception_early_from_attentive.yaml,cov_potential_game,grid,utility,utility,none,0,0,,cov_coalition_game,10,,4;12,12;4,4,"{""4"": 57}","{""4"": 4651, ""12"": 5018}",74416,41.38820912124583,10,40.0,200.0,1,ns3,899,0.5,10,12,28,,,[],[],4>12:3,,11,32,
2026_07_15_01_26_56,000118,13,all-cluster-heads,docs\doc_workspace\SGCP\artifacts\early_from_late_checkpoint_20260719\enable_coperception_early_from_attentive.yaml,cov_potential_game,grid,utility,utility,none,0,0,,cov_coalition_game,10,,9;13,13;9,9,"{""9"": 49}","{""9"": 4702, ""13"": 4711}",75232,41.84204671857619,10,40.0,200.0,1,ns3,899,0.5,10,12,28,,,[],[],9>13:4,,7,20,
2026_07_15_01_26_56,000118,14,all-cluster-heads,docs\doc_workspace\SGCP\artifacts\early_from_late_checkpoint_20260719\enable_coperception_early_from_attentive.yaml,cov_potential_game,grid,utility,utility,none,0,0,,cov_coalition_game,10,,7;14,14;7,7,"{""7"": 61}","{""7"": 4916, ""14"": 4863}",78656,43.746384872080085,10,40.0,200.0,1,ns3,899,0.5,10,12,28,,,[],[],7>14:5,,14,14,
2026_07_15_01_26_56,000118,15,all-cluster-heads,docs\doc_workspace\SGCP\artifacts\early_from_late_checkpoint_20260719\enable_coperception_early_from_attentive.yaml,cov_potential_game,grid,utility,utility,none,0,0,,cov_coalition_game,10,,6;15,15;6,6,"{""6"": 61}","{""6"": 4647, ""15"": 4815}",74352,41.35261401557286,10,40.0,200.0,1,ns3,899,0.5,10,12,28,,,[],[],6>15:6,,17,22,
2026_07_15_01_26_56,000118,16,all-cluster-heads,docs\doc_workspace\SGCP\artifacts\early_from_late_checkpoint_20260719\enable_coperception_early_from_attentive.yaml,cov_potential_game,grid,utility,utility,none,0,0,,cov_coalition_game,10,,16;17,16;17,17,"{""17"": 58}","{""16"": 4998, ""17"": 4485}",71760,39.91101223581757,10,40.0,200.0,1,ns3,899,0.5,10,12,28,,,[],[],17>16:7,,8,17,
2026_07_15_01_26_56,000118,18,all-cluster-heads,docs\doc_workspace\SGCP\artifacts\early_from_late_checkpoint_20260719\enable_coperception_early_from_attentive.yaml,cov_potential_game,grid,utility,utility,none,0,0,,cov_coalition_game,10,,3;18,18;3,3,"{""3"": 64}","{""3"": 4981, ""18"": 4898}",79696,44.32480533926585,10,40.0,200.0,1,ns3,899,0.5,10,12,28,,,[],[],3>18:8,,7,3,
2026_07_15_01_26_56,000118,20,all-cluster-heads,docs\doc_workspace\SGCP\artifacts\early_from_late_checkpoint_20260719\enable_coperception_early_from_attentive.yaml,cov_potential_game,grid,utility,utility,none,0,0,,cov_coalition_game,10,,5;20,20;5,5,"{""5"": 53}","{""5"": 1579, ""20"": 4899}",25264,14.051167964404895,10,40.0,200.0,1,ns3,899,0.5,10,12,28,,,[],[],5>20:9,,15,28,
2026_07_15_01_26_56,000120,1,all-cluster-heads,docs\doc_workspace\SGCP\artifacts\early_from_late_checkpoint_20260719\enable_coperception_early_from_attentive.yaml,cov_potential_game,grid,utility,utility,none,0,0,,cov_coalition_game,10,,1;11,1;11,11,"{""11"": 53}","{""1"": 4928, ""11"": 4608}",73728,41.0055617352614,10,40.0,200.0,1,ns3,899,0.5,10,12,28,,,[],[],11>1:0,,21,31,
2026_07_15_01_26_56,000120,2,all-cluster-heads,docs\doc_workspace\SGCP\artifacts\early_from_late_checkpoint_20260719\enable_coperception_early_from_attentive.yaml,cov_potential_game,grid,utility,utility,none,0,0,,cov_coalition_game,10,,2;8,2;8,8,"{""8"": 55}","{""2"": 4867, ""8"": 4804}",76864,42.749721913236925,10,40.0,200.0,1,ns3,899,0.5,10,12,28,,,[],[],8>2:1,,21,37,
2026_07_15_01_26_56,000120,10,all-cluster-heads,docs\doc_workspace\SGCP\artifacts\early_from_late_checkpoint_20260719\enable_coperception_early_from_attentive.yaml,cov_potential_game,grid,utility,utility,none,0,0,,cov_coalition_game,10,,10;19,10;19,19,"{""19"": 59}","{""10"": 4927, ""19"": 4499}",71984,40.03559510567297,10,40.0,200.0,1,ns3,899,0.5,10,12,28,,,[],[],19>10:2,,11,28,
2026_07_15_01_26_56,000120,12,all-cluster-heads,docs\doc_workspace\SGCP\artifacts\early_from_late_checkpoint_20260719\enable_coperception_early_from_attentive.yaml,cov_potential_game,grid,utility,utility,none,0,0,,cov_coalition_game,10,,4;12,12;4,4,"{""4"": 56}","{""4"": 4650, ""12"": 5020}",74400,41.37931034482759,10,40.0,200.0,1,ns3,899,0.5,10,12,28,,,[],[],4>12:3,,11,33,
2026_07_15_01_26_56,000120,13,all-cluster-heads,docs\doc_workspace\SGCP\artifacts\early_from_late_checkpoint_20260719\enable_coperception_early_from_attentive.yaml,cov_potential_game,grid,utility,utility,none,0,0,,cov_coalition_game,10,,9;13,13;9,9,"{""9"": 48}","{""9"": 4682, ""13"": 4704}",74912,41.664071190211345,10,40.0,200.0,1,ns3,899,0.5,10,12,28,,,[],[],9>13:4,,10,20,
2026_07_15_01_26_56,000120,14,all-cluster-heads,docs\doc_workspace\SGCP\artifacts\early_from_late_checkpoint_20260719\enable_coperception_early_from_attentive.yaml,cov_potential_game,grid,utility,utility,none,0,0,,cov_coalition_game,10,,7;14,14;7,7,"{""7"": 61}","{""7"": 4915, ""14"": 4863}",78640,43.73748609566184,10,40.0,200.0,1,ns3,899,0.5,10,12,28,,,[],[],7>14:5,,13,14,
2026_07_15_01_26_56,000120,15,all-cluster-heads,docs\doc_workspace\SGCP\artifacts\early_from_late_checkpoint_20260719\enable_coperception_early_from_attentive.yaml,cov_potential_game,grid,utility,utility,none,0,0,,cov_coalition_game,10,,6;15,15;6,6,"{""6"": 60}","{""6"": 4637, ""15"": 4811}",74192,41.263626251390434,10,40.0,200.0,1,ns3,899,0.5,10,12,28,,,[],[],6>15:6,,17,22,
2026_07_15_01_26_56,000120,16,all-cluster-heads,docs\doc_workspace\SGCP\artifacts\early_from_late_checkpoint_20260719\enable_coperception_early_from_attentive.yaml,cov_potential_game,grid,utility,utility,none,0,0,,cov_coalition_game,10,,16;17,16;17,17,"{""17"": 58}","{""16"": 4996, ""17"": 4478}",71648,39.84872080088988,10,40.0,200.0,1,ns3,899,0.5,10,12,28,,,[],[],17>16:7,,9,16,
2026_07_15_01_26_56,000120,18,all-cluster-heads,docs\doc_workspace\SGCP\artifacts\early_from_late_checkpoint_20260719\enable_coperception_early_from_attentive.yaml,cov_potential_game,grid,utility,utility,none,0,0,,cov_coalition_game,10,,3;18,18;3,3,"{""3"": 61}","{""3"": 4981, ""18"": 4887}",79696,44.32480533926585,10,40.0,200.0,1,ns3,899,0.5,10,12,28,,,[],[],3>18:8,,5,4,
2026_07_15_01_26_56,000120,20,all-cluster-heads,docs\doc_workspace\SGCP\artifacts\early_from_late_checkpoint_20260719\enable_coperception_early_from_attentive.yaml,cov_potential_game,grid,utility,utility,none,0,0,,cov_coalition_game,10,,5;20,20;5,5,"{""5"": 54}","{""5"": 1599, ""20"": 4901}",25584,14.229143492769746,10,40.0,200.0,1,ns3,899,0.5,10,12,28,,,[],[],5>20:9,,16,28,
2026_07_15_01_26_56,000122,1,all-cluster-heads,docs\doc_workspace\SGCP\artifacts\early_from_late_checkpoint_20260719\enable_coperception_early_from_attentive.yaml,cov_potential_game,grid,utility,utility,none,0,0,,cov_coalition_game,10,,1;11,1;11,11,"{""11"": 53}","{""1"": 4925, ""11"": 4606}",73696,40.98776418242492,10,40.0,200.0,1,ns3,899,0.5,10,12,28,,,[],[],11>1:0,,21,31,
2026_07_15_01_26_56,000122,2,all-cluster-heads,docs\doc_workspace\SGCP\artifacts\early_from_late_checkpoint_20260719\enable_coperception_early_from_attentive.yaml,cov_potential_game,grid,utility,utility,none,0,0,,cov_coalition_game,10,,2;8,2;8,8,"{""8"": 55}","{""2"": 4867, ""8"": 4805}",76880,42.75862068965517,10,40.0,200.0,1,ns3,899,0.5,10,12,28,,,[],[],8>2:1,,21,37,
2026_07_15_01_26_56,000122,10,all-cluster-heads,docs\doc_workspace\SGCP\artifacts\early_from_late_checkpoint_20260719\enable_coperception_early_from_attentive.yaml,cov_potential_game,grid,utility,utility,none,0,0,,cov_coalition_game,10,,10;19,10;19,19,"{""19"": 59}","{""10"": 4927, ""19"": 4499}",71984,40.03559510567297,10,40.0,200.0,1,ns3,899,0.5,10,12,28,,,[],[],19>10:2,,12,27,
2026_07_15_01_26_56,000122,12,all-cluster-heads,docs\doc_workspace\SGCP\artifacts\early_from_late_checkpoint_20260719\enable_coperception_early_from_attentive.yaml,cov_potential_game,grid,utility,utility,none,0,0,,cov_coalition_game,10,,4;12,12;4,4,"{""4"": 56}","{""4"": 4651, ""12"": 5019}",74416,41.38820912124583,10,40.0,200.0,1,ns3,899,0.5,10,12,28,,,[],[],4>12:3,,12,34,
2026_07_15_01_26_56,000122,13,all-cluster-heads,docs\doc_workspace\SGCP\artifacts\early_from_late_checkpoint_20260719\enable_coperception_early_from_attentive.yaml,cov_potential_game,grid,utility,utility,none,0,0,,cov_coalition_game,10,,9;13,13;9,9,"{""9"": 48}","{""9"": 4773, ""13"": 4698}",76368,42.47385984427141,10,40.0,200.0,1,ns3,899,0.5,10,12,28,,,[],[],9>13:4,,5,19,
2026_07_15_01_26_56,000122,14,all-cluster-heads,docs\doc_workspace\SGCP\artifacts\early_from_late_checkpoint_20260719\enable_coperception_early_from_attentive.yaml,cov_potential_game,grid,utility,utility,none,0,0,,cov_coalition_game,10,,7;14,14;7,7,"{""7"": 61}","{""7"": 4915, ""14"": 4861}",78640,43.73748609566184,10,40.0,200.0,1,ns3,899,0.5,10,12,28,,,[],[],7>14:5,,13,14,
2026_07_15_01_26_56,000122,15,all-cluster-heads,docs\doc_workspace\SGCP\artifacts\early_from_late_checkpoint_20260719\enable_coperception_early_from_attentive.yaml,cov_potential_game,grid,utility,utility,none,0,0,,cov_coalition_game,10,,6;15,15;6,6,"{""6"": 60}","{""6"": 4648, ""15"": 4812}",74368,41.3615127919911,10,40.0,200.0,1,ns3,899,0.5,10,12,28,,,[],[],6>15:6,,20,22,
2026_07_15_01_26_56,000122,16,all-cluster-heads,docs\doc_workspace\SGCP\artifacts\early_from_late_checkpoint_20260719\enable_coperception_early_from_attentive.yaml,cov_potential_game,grid,utility,utility,none,0,0,,cov_coalition_game,10,,16;17,16;17,17,"{""17"": 58}","{""16"": 4999, ""17"": 4472}",71552,39.79532814238043,10,40.0,200.0,1,ns3,899,0.5,10,12,28,,,[],[],17>16:7,,9,16,
2026_07_15_01_26_56,000122,18,all-cluster-heads,docs\doc_workspace\SGCP\artifacts\early_from_late_checkpoint_20260719\enable_coperception_early_from_attentive.yaml,cov_potential_game,grid,utility,utility,none,0,0,,cov_coalition_game,10,,3;18,18;3,3,"{""3"": 65}","{""3"": 4985, ""18"": 4895}",79760,44.360400444938826,10,40.0,200.0,1,ns3,899,0.5,10,12,28,,,[],[],3>18:8,,6,3,
2026_07_15_01_26_56,000122,20,all-cluster-heads,docs\doc_workspace\SGCP\artifacts\early_from_late_checkpoint_20260719\enable_coperception_early_from_attentive.yaml,cov_potential_game,grid,utility,utility,none,0,0,,cov_coalition_game,10,,5;20,20;5,5,"{""5"": 50}","{""5"": 1625, ""20"": 4897}",26000,14.460511679644048,10,40.0,200.0,1,ns3,899,0.5,10,12,28,,,[],[],5>20:9,,18,27,
2026_07_15_01_26_56,000124,1,all-cluster-heads,docs\doc_workspace\SGCP\artifacts\early_from_late_checkpoint_20260719\enable_coperception_early_from_attentive.yaml,cov_potential_game,grid,utility,utility,none,0,0,,cov_coalition_game,10,,1;11,1;11,11,"{""11"": 52}","{""1"": 4925, ""11"": 4605}",73680,40.978865406006676,10,40.0,200.0,1,ns3,899,0.5,10,12,28,,,[],[],11>1:0,,21,31,
2026_07_15_01_26_56,000124,2,all-cluster-heads,docs\doc_workspace\SGCP\artifacts\early_from_late_checkpoint_20260719\enable_coperception_early_from_attentive.yaml,cov_potential_game,grid,utility,utility,none,0,0,,cov_coalition_game,10,,2;8,2;8,8,"{""8"": 54}","{""2"": 4868, ""8"": 4807}",76912,42.77641824249166,10,40.0,200.0,1,ns3,899,0.5,10,12,28,,,[],[],8>2:1,,20,37,
2026_07_15_01_26_56,000124,10,all-cluster-heads,docs\doc_workspace\SGCP\artifacts\early_from_late_checkpoint_20260719\enable_coperception_early_from_attentive.yaml,cov_potential_game,grid,utility,utility,none,0,0,,cov_coalition_game,10,,10;19,10;19,19,"{""19"": 59}","{""10"": 4926, ""19"": 4502}",72032,40.0622914349277,10,40.0,200.0,1,ns3,899,0.5,10,12,28,,,[],[],19>10:2,,12,27,
2026_07_15_01_26_56,000124,12,all-cluster-heads,docs\doc_workspace\SGCP\artifacts\early_from_late_checkpoint_20260719\enable_coperception_early_from_attentive.yaml,cov_potential_game,grid,utility,utility,none,0,0,,cov_coalition_game,10,,4;12,12;4,4,"{""4"": 57}","{""4"": 4654, ""12"": 4985}",74464,41.414905450500555,10,40.0,200.0,1,ns3,899,0.5,10,12,28,,,[],[],4>12:3,,12,34,
2026_07_15_01_26_56,000124,13,all-cluster-heads,docs\doc_workspace\SGCP\artifacts\early_from_late_checkpoint_20260719\enable_coperception_early_from_attentive.yaml,cov_potential_game,grid,utility,utility,none,0,0,,cov_coalition_game,10,,9;13,13;9,9,"{""9"": 50}","{""9"": 4776, ""13"": 4711}",76416,42.50055617352614,10,40.0,200.0,1,ns3,899,0.5,10,12,28,,,[],[],9>13:4,,6,19,
2026_07_15_01_26_56,000124,14,all-cluster-heads,docs\doc_workspace\SGCP\artifacts\early_from_late_checkpoint_20260719\enable_coperception_early_from_attentive.yaml,cov_potential_game,grid,utility,utility,none,0,0,,cov_coalition_game,10,,7;14,14;7,7,"{""7"": 60}","{""7"": 4910, ""14"": 4828}",78560,43.69299221357063,10,40.0,200.0,1,ns3,899,0.5,10,12,28,,,[],[],7>14:5,,14,14,
2026_07_15_01_26_56,000124,15,all-cluster-heads,docs\doc_workspace\SGCP\artifacts\early_from_late_checkpoint_20260719\enable_coperception_early_from_attentive.yaml,cov_potential_game,grid,utility,utility,none,0,0,,cov_coalition_game,10,,6;15,15;6,6,"{""6"": 59}","{""6"": 4659, ""15"": 4813}",74544,41.459399332591765,10,40.0,200.0,1,ns3,899,0.5,10,12,28,,,[],[],6>15:6,,21,22,
2026_07_15_01_26_56,000124,16,all-cluster-heads,docs\doc_workspace\SGCP\artifacts\early_from_late_checkpoint_20260719\enable_coperception_early_from_attentive.yaml,cov_potential_game,grid,utility,utility,none,0,0,,cov_coalition_game,10,,16;17,16;17,17,"{""17"": 59}","{""16"": 5015, ""17"": 4483}",71728,39.89321468298109,10,40.0,200.0,1,ns3,899,0.5,10,12,28,,,[],[],17>16:7,,11,16,
2026_07_15_01_26_56,000124,18,all-cluster-heads,docs\doc_workspace\SGCP\artifacts\early_from_late_checkpoint_20260719\enable_coperception_early_from_attentive.yaml,cov_potential_game,grid,utility,utility,none,0,0,,cov_coalition_game,10,,3;18,18;3,3,"{""3"": 64}","{""3"": 4991, ""18"": 4891}",79856,44.41379310344828,10,40.0,200.0,1,ns3,899,0.5,10,12,28,,,[],[],3>18:8,,5,3,
2026_07_15_01_26_56,000124,20,all-cluster-heads,docs\doc_workspace\SGCP\artifacts\early_from_late_checkpoint_20260719\enable_coperception_early_from_attentive.yaml,cov_potential_game,grid,utility,utility,none,0,0,,cov_coalition_game,10,,5;20,20;5,5,"{""5"": 49}","{""5"": 1592, ""20"": 4897}",25472,14.166852057842046,10,40.0,200.0,1,ns3,899,0.5,10,12,28,,,[],[],5>20:9,,17,28,
2026_07_15_01_26_56,000126,1,all-cluster-heads,docs\doc_workspace\SGCP\artifacts\early_from_late_checkpoint_20260719\enable_coperception_early_from_attentive.yaml,cov_potential_game,grid,utility,utility,none,0,0,,cov_coalition_game,10,,1;11,1;11,11,"{""11"": 52}","{""1"": 4926, ""11"": 4607}",73712,40.99666295884316,10,40.0,200.0,1,ns3,899,0.5,10,12,28,,,[],[],11>1:0,,21,31,
2026_07_15_01_26_56,000126,2,all-cluster-heads,docs\doc_workspace\SGCP\artifacts\early_from_late_checkpoint_20260719\enable_coperception_early_from_attentive.yaml,cov_potential_game,grid,utility,utility,none,0,0,,cov_coalition_game,10,,2;8,2;8,8,"{""8"": 54}","{""2"": 4870, ""8"": 4807}",76912,42.77641824249166,10,40.0,200.0,1,ns3,899,0.5,10,12,28,,,[],[],8>2:1,,23,36,
2026_07_15_01_26_56,000126,10,all-cluster-heads,docs\doc_workspace\SGCP\artifacts\early_from_late_checkpoint_20260719\enable_coperception_early_from_attentive.yaml,cov_potential_game,grid,utility,utility,none,0,0,,cov_coalition_game,10,,10;19,10;19,19,"{""19"": 59}","{""10"": 4925, ""19"": 4502}",72032,40.0622914349277,10,40.0,200.0,1,ns3,899,0.5,10,12,28,,,[],[],19>10:2,,12,27,
2026_07_15_01_26_56,000126,12,all-cluster-heads,docs\doc_workspace\SGCP\artifacts\early_from_late_checkpoint_20260719\enable_coperception_early_from_attentive.yaml,cov_potential_game,grid,utility,utility,none,0,0,,cov_coalition_game,10,,4;12,12;4,4,"{""4"": 56}","{""4"": 4642, ""12"": 4992}",74272,41.308120133481644,10,40.0,200.0,1,ns3,899,0.5,10,12,28,,,[],[],4>12:3,,12,34,
2026_07_15_01_26_56,000126,13,all-cluster-heads,docs\doc_workspace\SGCP\artifacts\early_from_late_checkpoint_20260719\enable_coperception_early_from_attentive.yaml,cov_potential_game,grid,utility,utility,none,0,0,,cov_coalition_game,10,,9;13,13;9,9,"{""9"": 51}","{""9"": 4777, ""13"": 4690}",76432,42.509454949944384,10,40.0,200.0,1,ns3,899,0.5,10,12,28,,,[],[],9>13:4,,6,18,
2026_07_15_01_26_56,000126,14,all-cluster-heads,docs\doc_workspace\SGCP\artifacts\early_from_late_checkpoint_20260719\enable_coperception_early_from_attentive.yaml,cov_potential_game,grid,utility,utility,none,0,0,,cov_coalition_game,10,,7;14,14;7,7,"{""7"": 60}","{""7"": 4912, ""14"": 4808}",78592,43.71078976640712,10,40.0,200.0,1,ns3,899,0.5,10,12,28,,,[],[],7>14:5,,12,14,
2026_07_15_01_26_56,000126,15,all-cluster-heads,docs\doc_workspace\SGCP\artifacts\early_from_late_checkpoint_20260719\enable_coperception_early_from_attentive.yaml,cov_potential_game,grid,utility,utility,none,0,0,,cov_coalition_game,10,,6;15,15;6,6,"{""6"": 61}","{""6"": 4734, ""15"": 4825}",75744,42.12680756395996,10,40.0,200.0,1,ns3,899,0.5,10,12,28,,,[],[],6>15:6,,20,23,
2026_07_15_01_26_56,000126,16,all-cluster-heads,docs\doc_workspace\SGCP\artifacts\early_from_late_checkpoint_20260719\enable_coperception_early_from_attentive.yaml,cov_potential_game,grid,utility,utility,none,0,0,,cov_coalition_game,10,,16;17,16;17,17,"{""17"": 57}","{""16"": 5021, ""17"": 4481}",71696,39.875417130144605,10,40.0,200.0,1,ns3,899,0.5,10,12,28,,,[],[],17>16:7,,10,16,
2026_07_15_01_26_56,000126,18,all-cluster-heads,docs\doc_workspace\SGCP\artifacts\early_from_late_checkpoint_20260719\enable_coperception_early_from_attentive.yaml,cov_potential_game,grid,utility,utility,none,0,0,,cov_coalition_game,10,,3;18,18;3,3,"{""3"": 65}","{""3"": 4993, ""18"": 4875}",79888,44.43159065628476,10,40.0,200.0,1,ns3,899,0.5,10,12,28,,,[],[],3>18:8,,8,4,
2026_07_15_01_26_56,000126,20,all-cluster-heads,docs\doc_workspace\SGCP\artifacts\early_from_late_checkpoint_20260719\enable_coperception_early_from_attentive.yaml,cov_potential_game,grid,utility,utility,none,0,0,,cov_coalition_game,10,,5;20,20;5,5,"{""5"": 52}","{""5"": 1604, ""20"": 4899}",25664,14.273637374860957,10,40.0,200.0,1,ns3,899,0.5,10,12,28,,,[],[],5>20:9,,18,28,
2026_07_15_01_26_56,000128,1,all-cluster-heads,docs\doc_workspace\SGCP\artifacts\early_from_late_checkpoint_20260719\enable_coperception_early_from_attentive.yaml,cov_potential_game,grid,utility,utility,none,0,0,,cov_coalition_game,10,,1;11,1;11,11,"{""11"": 52}","{""1"": 4925, ""11"": 4607}",73712,40.99666295884316,10,40.0,200.0,1,ns3,899,0.5,10,12,28,,,[],[],11>1:0,,21,30,
2026_07_15_01_26_56,000128,2,all-cluster-heads,docs\doc_workspace\SGCP\artifacts\early_from_late_checkpoint_20260719\enable_coperception_early_from_attentive.yaml,cov_potential_game,grid,utility,utility,none,0,0,,cov_coalition_game,10,,2;8,2;8,8,"{""8"": 54}","{""2"": 4861, ""8"": 4807}",76912,42.77641824249166,10,40.0,200.0,1,ns3,899,0.5,10,12,28,,,[],[],8>2:1,,23,37,
2026_07_15_01_26_56,000128,10,all-cluster-heads,docs\doc_workspace\SGCP\artifacts\early_from_late_checkpoint_20260719\enable_coperception_early_from_attentive.yaml,cov_potential_game,grid,utility,utility,none,0,0,,cov_coalition_game,10,,10;19,10;19,19,"{""19"": 59}","{""10"": 4923, ""19"": 4506}",72096,40.09788654060067,10,40.0,200.0,1,ns3,899,0.5,10,12,28,,,[],[],19>10:2,,11,27,
2026_07_15_01_26_56,000128,12,all-cluster-heads,docs\doc_workspace\SGCP\artifacts\early_from_late_checkpoint_20260719\enable_coperception_early_from_attentive.yaml,cov_potential_game,grid,utility,utility,none,0,0,,cov_coalition_game,10,,4;12,12;4,4,"{""4"": 57}","{""4"": 4729, ""12"": 4996}",75664,42.08231368186875,10,40.0,200.0,1,ns3,899,0.5,10,12,28,,,[],[],4>12:3,,12,33,
2026_07_15_01_26_56,000128,13,all-cluster-heads,docs\doc_workspace\SGCP\artifacts\early_from_late_checkpoint_20260719\enable_coperception_early_from_attentive.yaml,cov_potential_game,grid,utility,utility,none,0,0,,cov_coalition_game,10,,9;13,13;9,9,"{""9"": 52}","{""9"": 4776, ""13"": 4698}",76416,42.50055617352614,10,40.0,200.0,1,ns3,899,0.5,10,12,28,,,[],[],9>13:4,,7,17,
2026_07_15_01_26_56,000128,14,all-cluster-heads,docs\doc_workspace\SGCP\artifacts\early_from_late_checkpoint_20260719\enable_coperception_early_from_attentive.yaml,cov_potential_game,grid,utility,utility,none,0,0,,cov_coalition_game,10,,7;14,14;7,7,"{""7"": 59}","{""7"": 4910, ""14"": 4842}",78560,43.69299221357063,10,40.0,200.0,1,ns3,899,0.5,10,12,28,,,[],[],7>14:5,,13,13,
2026_07_15_01_26_56,000128,15,all-cluster-heads,docs\doc_workspace\SGCP\artifacts\early_from_late_checkpoint_20260719\enable_coperception_early_from_attentive.yaml,cov_potential_game,grid,utility,utility,none,0,0,,cov_coalition_game,10,,6;15,15;6,6,"{""6"": 60}","{""6"": 4734, ""15"": 4821}",75744,42.12680756395996,10,40.0,200.0,1,ns3,899,0.5,10,12,28,,,[],[],6>15:6,,20,23,
2026_07_15_01_26_56,000128,16,all-cluster-heads,docs\doc_workspace\SGCP\artifacts\early_from_late_checkpoint_20260719\enable_coperception_early_from_attentive.yaml,cov_potential_game,grid,utility,utility,none,0,0,,cov_coalition_game,10,,16;17,16;17,17,"{""17"": 57}","{""16"": 5018, ""17"": 3927}",62832,34.94549499443826,10,40.0,200.0,1,ns3,899,0.5,10,12,28,,,[],[],17>16:7,,10,16,
2026_07_15_01_26_56,000128,18,all-cluster-heads,docs\doc_workspace\SGCP\artifacts\early_from_late_checkpoint_20260719\enable_coperception_early_from_attentive.yaml,cov_potential_game,grid,utility,utility,none,0,0,,cov_coalition_game,10,,3;18,18;3,3,"{""3"": 64}","{""3"": 5005, ""18"": 4870}",80080,44.53837597330367,10,40.0,200.0,1,ns3,899,0.5,10,12,28,,,[],[],3>18:8,,8,3,
2026_07_15_01_26_56,000128,20,all-cluster-heads,docs\doc_workspace\SGCP\artifacts\early_from_late_checkpoint_20260719\enable_coperception_early_from_attentive.yaml,cov_potential_game,grid,utility,utility,none,0,0,,cov_coalition_game,10,,5;20,20;5,5,"{""5"": 52}","{""5"": 1631, ""20"": 4900}",26096,14.513904338153505,10,40.0,200.0,1,ns3,899,0.5,10,12,28,,,[],[],5>20:9,,19,28,
2026_07_15_01_26_56,000130,1,all-cluster-heads,docs\doc_workspace\SGCP\artifacts\early_from_late_checkpoint_20260719\enable_coperception_early_from_attentive.yaml,cov_potential_game,grid,utility,utility,none,0,0,,cov_coalition_game,10,,1;11,1;11,11,"{""11"": 52}","{""1"": 4928, ""11"": 4607}",73712,40.99666295884316,10,40.0,200.0,1,ns3,899,0.5,10,12,28,,,[],[],11>1:0,,21,29,
2026_07_15_01_26_56,000130,2,all-cluster-heads,docs\doc_workspace\SGCP\artifacts\early_from_late_checkpoint_20260719\enable_coperception_early_from_attentive.yaml,cov_potential_game,grid,utility,utility,none,0,0,,cov_coalition_game,10,,2;8,2;8,8,"{""8"": 53}","{""2"": 4853, ""8"": 4807}",76912,42.77641824249166,10,40.0,200.0,1,ns3,899,0.5,10,12,28,,,[],[],8>2:1,,23,37,
2026_07_15_01_26_56,000130,10,all-cluster-heads,docs\doc_workspace\SGCP\artifacts\early_from_late_checkpoint_20260719\enable_coperception_early_from_attentive.yaml,cov_potential_game,grid,utility,utility,none,0,0,,cov_coalition_game,10,,10;19,10;19,19,"{""19"": 59}","{""10"": 4923, ""19"": 4506}",72096,40.09788654060067,10,40.0,200.0,1,ns3,899,0.5,10,12,28,,,[],[],19>10:2,,12,27,
2026_07_15_01_26_56,000130,12,all-cluster-heads,docs\doc_workspace\SGCP\artifacts\early_from_late_checkpoint_20260719\enable_coperception_early_from_attentive.yaml,cov_potential_game,grid,utility,utility,none,0,0,,cov_coalition_game,10,,4;12,12;4,4,"{""4"": 56}","{""4"": 4730, ""12"": 4999}",75680,42.09121245828699,10,40.0,200.0,1,ns3,899,0.5,10,12,28,,,[],[],4>12:3,,11,33,
2026_07_15_01_26_56,000130,13,all-cluster-heads,docs\doc_workspace\SGCP\artifacts\early_from_late_checkpoint_20260719\enable_coperception_early_from_attentive.yaml,cov_potential_game,grid,utility,utility,none,0,0,,cov_coalition_game,10,,9;13,13;9,9,"{""9"": 53}","{""9"": 4779, ""13"": 4679}",76464,42.52725250278087,10,40.0,200.0,1,ns3,899,0.5,10,12,28,,,[],[],9>13:4,,9,19,
2026_07_15_01_26_56,000130,14,all-cluster-heads,docs\doc_workspace\SGCP\artifacts\early_from_late_checkpoint_20260719\enable_coperception_early_from_attentive.yaml,cov_potential_game,grid,utility,utility,none,0,0,,cov_coalition_game,10,,7;14,14;7,7,"{""7"": 59}","{""7"": 4910, ""14"": 4881}",78560,43.69299221357063,10,40.0,200.0,1,ns3,899,0.5,10,12,28,,,[],[],7>14:5,,12,12,
2026_07_15_01_26_56,000130,15,all-cluster-heads,docs\doc_workspace\SGCP\artifacts\early_from_late_checkpoint_20260719\enable_coperception_early_from_attentive.yaml,cov_potential_game,grid,utility,utility,none,0,0,,cov_coalition_game,10,,6;15,15;6,6,"{""6"": 62}","{""6"": 4731, ""15"": 4809}",75696,42.10011123470523,10,40.0,200.0,1,ns3,899,0.5,10,12,28,,,[],[],6>15:6,,21,22,
2026_07_15_01_26_56,000130,16,all-cluster-heads,docs\doc_workspace\SGCP\artifacts\early_from_late_checkpoint_20260719\enable_coperception_early_from_attentive.yaml,cov_potential_game,grid,utility,utility,none,0,0,,cov_coalition_game,10,,16;17,16;17,17,"{""17"": 57}","{""16"": 5017, ""17"": 3928}",62848,34.954393770856505,10,40.0,200.0,1,ns3,899,0.5,10,12,28,,,[],[],17>16:7,,8,17,
2026_07_15_01_26_56,000130,18,all-cluster-heads,docs\doc_workspace\SGCP\artifacts\early_from_late_checkpoint_20260719\enable_coperception_early_from_attentive.yaml,cov_potential_game,grid,utility,utility,none,0,0,,cov_coalition_game,10,,3;18,18;3,3,"{""3"": 65}","{""3"": 4991, ""18"": 4877}",79856,44.41379310344828,10,40.0,200.0,1,ns3,899,0.5,10,12,28,,,[],[],3>18:8,,6,3,
2026_07_15_01_26_56,000130,20,all-cluster-heads,docs\doc_workspace\SGCP\artifacts\early_from_late_checkpoint_20260719\enable_coperception_early_from_attentive.yaml,cov_potential_game,grid,utility,utility,none,0,0,,cov_coalition_game,10,,5;20,20;5,5,"{""5"": 51}","{""5"": 1608, ""20"": 4900}",25728,14.309232480533927,10,40.0,200.0,1,ns3,899,0.5,10,12,28,,,[],[],5>20:9,,16,27,
2026_07_15_01_26_56,000132,1,all-cluster-heads,docs\doc_workspace\SGCP\artifacts\early_from_late_checkpoint_20260719\enable_coperception_early_from_attentive.yaml,cov_potential_game,grid,utility,utility,none,0,0,,cov_coalition_game,10,,1;11,1;11,11,"{""11"": 53}","{""1"": 4928, ""11"": 4605}",73680,40.978865406006676,10,40.0,200.0,1,ns3,899,0.5,10,12,28,,,[],[],11>1:0,,19,29,
2026_07_15_01_26_56,000132,2,all-cluster-heads,docs\doc_workspace\SGCP\artifacts\early_from_late_checkpoint_20260719\enable_coperception_early_from_attentive.yaml,cov_potential_game,grid,utility,utility,none,0,0,,cov_coalition_game,10,,2;8,2;8,8,"{""8"": 53}","{""2"": 4855, ""8"": 4807}",76912,42.77641824249166,10,40.0,200.0,1,ns3,899,0.5,10,12,28,,,[],[],8>2:1,,22,38,
2026_07_15_01_26_56,000132,10,all-cluster-heads,docs\doc_workspace\SGCP\artifacts\early_from_late_checkpoint_20260719\enable_coperception_early_from_attentive.yaml,cov_potential_game,grid,utility,utility,none,0,0,,cov_coalition_game,10,,9;10,10;9,9,"{""9"": 51}","{""9"": 2578, ""10"": 4923}",41248,22.941045606229142,10,40.0,200.0,1,ns3,899,0.5,10,12,28,,,[],[],9>10:2,,12,28,
2026_07_15_01_26_56,000132,12,all-cluster-heads,docs\doc_workspace\SGCP\artifacts\early_from_late_checkpoint_20260719\enable_coperception_early_from_attentive.yaml,cov_potential_game,grid,utility,utility,none,0,0,,cov_coalition_game,10,,4;12,12;4,4,"{""4"": 56}","{""4"": 4735, ""12"": 4979}",75760,42.1357063403782,10,40.0,200.0,1,ns3,899,0.5,10,12,28,,,[],[],4>12:3,,10,33,
2026_07_15_01_26_56,000132,13,all-cluster-heads,docs\doc_workspace\SGCP\artifacts\early_from_late_checkpoint_20260719\enable_coperception_early_from_attentive.yaml,cov_potential_game,grid,utility,utility,none,0,0,,cov_coalition_game,10,,13;19,13;19,19,"{""19"": 59}","{""13"": 4705, ""19"": 4799}",76784,42.705228031145715,10,40.0,200.0,1,ns3,899,0.5,10,12,28,,,[],[],19>13:4,,2,17,
2026_07_15_01_26_56,000132,14,all-cluster-heads,docs\doc_workspace\SGCP\artifacts\early_from_late_checkpoint_20260719\enable_coperception_early_from_attentive.yaml,cov_potential_game,grid,utility,utility,none,0,0,,cov_coalition_game,10,,7;14,14;7,7,"{""7"": 59}","{""7"": 4911, ""14"": 4852}",78576,43.701890989988875,10,40.0,200.0,1,ns3,899,0.5,10,12,28,,,[],[],7>14:5,,13,12,
2026_07_15_01_26_56,000132,15,all-cluster-heads,docs\doc_workspace\SGCP\artifacts\early_from_late_checkpoint_20260719\enable_coperception_early_from_attentive.yaml,cov_potential_game,grid,utility,utility,none,0,0,,cov_coalition_game,10,,6;15,15;6,6,"{""6"": 60}","{""6"": 4728, ""15"": 4844}",75648,42.073414905450505,10,40.0,200.0,1,ns3,899,0.5,10,12,28,,,[],[],6>15:6,,19,22,
2026_07_15_01_26_56,000132,16,all-cluster-heads,docs\doc_workspace\SGCP\artifacts\early_from_late_checkpoint_20260719\enable_coperception_early_from_attentive.yaml,cov_potential_game,grid,utility,utility,none,0,0,,cov_coalition_game,10,,16;17,16;17,17,"{""17"": 57}","{""16"": 5008, ""17"": 3882}",62112,34.54505005561735,10,40.0,200.0,1,ns3,899,0.5,10,12,28,,,[],[],17>16:7,,9,17,
2026_07_15_01_26_56,000132,18,all-cluster-heads,docs\doc_workspace\SGCP\artifacts\early_from_late_checkpoint_20260719\enable_coperception_early_from_attentive.yaml,cov_potential_game,grid,utility,utility,none,0,0,,cov_coalition_game,10,,3;18,18;3,3,"{""3"": 65}","{""3"": 5005, ""18"": 4859}",80080,44.53837597330367,10,40.0,200.0,1,ns3,899,0.5,10,12,28,,,[],[],3>18:8,,3,3,
2026_07_15_01_26_56,000132,20,all-cluster-heads,docs\doc_workspace\SGCP\artifacts\early_from_late_checkpoint_20260719\enable_coperception_early_from_attentive.yaml,cov_potential_game,grid,utility,utility,none,0,0,,cov_coalition_game,10,,5;20,20;5,5,"{""5"": 53}","{""5"": 1633, ""20"": 4901}",26128,14.53170189098999,10,40.0,200.0,1,ns3,899,0.5,10,12,28,,,[],[],5>20:9,,19,27,
2026_07_15_01_26_56,000134,1,all-cluster-heads,docs\doc_workspace\SGCP\artifacts\early_from_late_checkpoint_20260719\enable_coperception_early_from_attentive.yaml,cov_potential_game,grid,utility,utility,none,0,0,,cov_coalition_game,10,,1;11,1;11,11,"{""11"": 53}","{""1"": 4927, ""11"": 4604}",73664,40.969966629588434,10,40.0,200.0,1,ns3,899,0.5,10,12,28,,,[],[],11>1:0,,21,29,
2026_07_15_01_26_56,000134,2,all-cluster-heads,docs\doc_workspace\SGCP\artifacts\early_from_late_checkpoint_20260719\enable_coperception_early_from_attentive.yaml,cov_potential_game,grid,utility,utility,none,0,0,,cov_coalition_game,10,,2;8,2;8,8,"{""8"": 53}","{""2"": 4855, ""8"": 4807}",76912,42.77641824249166,10,40.0,200.0,1,ns3,899,0.5,10,12,28,,,[],[],8>2:1,,22,38,
2026_07_15_01_26_56,000134,10,all-cluster-heads,docs\doc_workspace\SGCP\artifacts\early_from_late_checkpoint_20260719\enable_coperception_early_from_attentive.yaml,cov_potential_game,grid,utility,utility,none,0,0,,cov_coalition_game,10,,9;10,10;9,9,"{""9"": 51}","{""9"": 2580, ""10"": 4923}",41280,22.95884315906563,10,40.0,200.0,1,ns3,899,0.5,10,12,28,,,[],[],9>10:2,,11,28,
2026_07_15_01_26_56,000134,12,all-cluster-heads,docs\doc_workspace\SGCP\artifacts\early_from_late_checkpoint_20260719\enable_coperception_early_from_attentive.yaml,cov_potential_game,grid,utility,utility,none,0,0,,cov_coalition_game,10,,4;12,12;4,4,"{""4"": 56}","{""4"": 4736, ""12"": 4992}",75776,42.14460511679644,10,40.0,200.0,1,ns3,899,0.5,10,12,28,,,[],[],4>12:3,,10,33,
2026_07_15_01_26_56,000134,13,all-cluster-heads,docs\doc_workspace\SGCP\artifacts\early_from_late_checkpoint_20260719\enable_coperception_early_from_attentive.yaml,cov_potential_game,grid,utility,utility,none,0,0,,cov_coalition_game,10,,13;19,13;19,19,"{""19"": 59}","{""13"": 4701, ""19"": 4806}",76896,42.767519466073416,10,40.0,200.0,1,ns3,899,0.5,10,12,28,,,[],[],19>13:4,,0,17,
2026_07_15_01_26_56,000134,14,all-cluster-heads,docs\doc_workspace\SGCP\artifacts\early_from_late_checkpoint_20260719\enable_coperception_early_from_attentive.yaml,cov_potential_game,grid,utility,utility,none,0,0,,cov_coalition_game,10,,7;14,14;7,7,"{""7"": 59}","{""7"": 4911, ""14"": 4863}",78576,43.701890989988875,10,40.0,200.0,1,ns3,899,0.5,10,12,28,,,[],[],7>14:5,,11,13,
2026_07_15_01_26_56,000134,15,all-cluster-heads,docs\doc_workspace\SGCP\artifacts\early_from_late_checkpoint_20260719\enable_coperception_early_from_attentive.yaml,cov_potential_game,grid,utility,utility,none,0,0,,cov_coalition_game,10,,6;15,15;6,6,"{""6"": 58}","{""6"": 4721, ""15"": 4817}",75536,42.011123470522804,10,40.0,200.0,1,ns3,899,0.5,10,12,28,,,[],[],6>15:6,,18,25,
2026_07_15_01_26_56,000134,16,all-cluster-heads,docs\doc_workspace\SGCP\artifacts\early_from_late_checkpoint_20260719\enable_coperception_early_from_attentive.yaml,cov_potential_game,grid,utility,utility,none,0,0,,cov_coalition_game,10,,16;17,16;17,17,"{""17"": 57}","{""16"": 5006, ""17"": 3897}",62352,34.67853170189099,10,40.0,200.0,1,ns3,899,0.5,10,12,28,,,[],[],17>16:7,,9,17,
2026_07_15_01_26_56,000134,18,all-cluster-heads,docs\doc_workspace\SGCP\artifacts\early_from_late_checkpoint_20260719\enable_coperception_early_from_attentive.yaml,cov_potential_game,grid,utility,utility,none,0,0,,cov_coalition_game,10,,3;18,18;3,3,"{""3"": 64}","{""3"": 4990, ""18"": 4848}",79840,44.404894327030036,10,40.0,200.0,1,ns3,899,0.5,10,12,28,,,[],[],3>18:8,,3,3,
2026_07_15_01_26_56,000134,20,all-cluster-heads,docs\doc_workspace\SGCP\artifacts\early_from_late_checkpoint_20260719\enable_coperception_early_from_attentive.yaml,cov_potential_game,grid,utility,utility,none,0,0,,cov_coalition_game,10,,5;20,20;5,5,"{""5"": 54}","{""5"": 1630, ""20"": 4905}",26080,14.505005561735262,10,40.0,200.0,1,ns3,899,0.5,10,12,28,,,[],[],5>20:9,,19,27,
2026_07_15_01_26_56,000136,1,all-cluster-heads,docs\doc_workspace\SGCP\artifacts\early_from_late_checkpoint_20260719\enable_coperception_early_from_attentive.yaml,cov_potential_game,grid,utility,utility,none,0,0,,cov_coalition_game,10,,1;11,1;11,11,"{""11"": 53}","{""1"": 4927, ""11"": 4606}",73696,40.98776418242492,10,40.0,200.0,1,ns3,899,0.5,10,12,28,,,[],[],11>1:0,,21,30,
2026_07_15_01_26_56,000136,6,all-cluster-heads,docs\doc_workspace\SGCP\artifacts\early_from_late_checkpoint_20260719\enable_coperception_early_from_attentive.yaml,cov_potential_game,grid,utility,utility,none,0,0,,cov_coalition_game,10,,6;8,6;8,8,"{""8"": 56}","{""6"": 4740, ""8"": 4842}",77472,43.08787541713015,10,40.0,200.0,1,ns3,899,0.5,10,12,28,,,[],[],8>6:1,,25,36,
2026_07_15_01_26_56,000136,10,all-cluster-heads,docs\doc_workspace\SGCP\artifacts\early_from_late_checkpoint_20260719\enable_coperception_early_from_attentive.yaml,cov_potential_game,grid,utility,utility,none,0,0,,cov_coalition_game,10,,9;10,10;9,9,"{""9"": 51}","{""9"": 2581, ""10"": 4922}",41296,22.967741935483872,10,40.0,200.0,1,ns3,899,0.5,10,12,28,,,[],[],9>10:2,,12,28,
2026_07_15_01_26_56,000136,12,all-cluster-heads,docs\doc_workspace\SGCP\artifacts\early_from_late_checkpoint_20260719\enable_coperception_early_from_attentive.yaml,cov_potential_game,grid,utility,utility,none,0,0,,cov_coalition_game,10,,4;12,12;4,4,"{""4"": 55}","{""4"": 4745, ""12"": 5003}",75920,42.224694104560626,10,40.0,200.0,1,ns3,899,0.5,10,12,28,,,[],[],4>12:3,,9,33,
2026_07_15_01_26_56,000136,13,all-cluster-heads,docs\doc_workspace\SGCP\artifacts\early_from_late_checkpoint_20260719\enable_coperception_early_from_attentive.yaml,cov_potential_game,grid,utility,utility,none,0,0,,cov_coalition_game,10,,13;19,13;19,19,"{""19"": 59}","{""13"": 4710, ""19"": 4808}",76928,42.7853170189099,10,40.0,200.0,1,ns3,899,0.5,10,12,28,,,[],[],19>13:4,,0,16,
2026_07_15_01_26_56,000136,14,all-cluster-heads,docs\doc_workspace\SGCP\artifacts\early_from_late_checkpoint_20260719\enable_coperception_early_from_attentive.yaml,cov_potential_game,grid,utility,utility,none,0,0,,cov_coalition_game,10,,7;14,14;7,7,"{""7"": 61}","{""7"": 4911, ""14"": 4844}",78576,43.701890989988875,10,40.0,200.0,1,ns3,899,0.5,10,12,28,,,[],[],7>14:5,,14,14,
2026_07_15_01_26_56,000136,15,all-cluster-heads,docs\doc_workspace\SGCP\artifacts\early_from_late_checkpoint_20260719\enable_coperception_early_from_attentive.yaml,cov_potential_game,grid,utility,utility,none,0,0,,cov_coalition_game,10,,2;15,15;2,2,"{""2"": 53}","{""2"": 4831, ""15"": 4814}",77296,42.98998887652947,10,40.0,200.0,1,ns3,899,0.5,10,12,28,,,[],[],2>15:6,,23,33,
2026_07_15_01_26_56,000136,16,all-cluster-heads,docs\doc_workspace\SGCP\artifacts\early_from_late_checkpoint_20260719\enable_coperception_early_from_attentive.yaml,cov_potential_game,grid,utility,utility,none,0,0,,cov_coalition_game,10,,16;17,16;17,17,"{""17"": 57}","{""16"": 5014, ""17"": 3895}",62320,34.660734149054505,10,40.0,200.0,1,ns3,899,0.5,10,12,28,,,[],[],17>16:7,,12,17,
2026_07_15_01_26_56,000136,18,all-cluster-heads,docs\doc_workspace\SGCP\artifacts\early_from_late_checkpoint_20260719\enable_coperception_early_from_attentive.yaml,cov_potential_game,grid,utility,utility,none,0,0,,cov_coalition_game,10,,3;18,18;3,3,"{""3"": 62}","{""3"": 5012, ""18"": 4850}",80192,44.60066740823137,10,40.0,200.0,1,ns3,899,0.5,10,12,28,,,[],[],3>18:8,,5,3,
2026_07_15_01_26_56,000136,20,all-cluster-heads,docs\doc_workspace\SGCP\artifacts\early_from_late_checkpoint_20260719\enable_coperception_early_from_attentive.yaml,cov_potential_game,grid,utility,utility,none,0,0,,cov_coalition_game,10,,5;20,20;5,5,"{""5"": 54}","{""5"": 1637, ""20"": 4909}",26192,14.567296996662959,10,40.0,200.0,1,ns3,899,0.5,10,12,28,,,[],[],5>20:9,,21,27,
2026_07_15_01_26_56,000138,1,all-cluster-heads,docs\doc_workspace\SGCP\artifacts\early_from_late_checkpoint_20260719\enable_coperception_early_from_attentive.yaml,cov_potential_game,grid,utility,utility,none,0,0,,cov_coalition_game,10,,1;11,1;11,11,"{""11"": 52}","{""1"": 4925, ""11"": 4604}",73664,40.969966629588434,10,40.0,200.0,1,ns3,899,0.5,10,12,28,,,[],[],11>1:0,,21,30,
2026_07_15_01_26_56,000138,6,all-cluster-heads,docs\doc_workspace\SGCP\artifacts\early_from_late_checkpoint_20260719\enable_coperception_early_from_attentive.yaml,cov_potential_game,grid,utility,utility,none,0,0,,cov_coalition_game,10,,6;8,6;8,8,"{""8"": 56}","{""6"": 4715, ""8"": 4840}",77440,43.070077864293665,10,40.0,200.0,1,ns3,899,0.5,10,12,28,,,[],[],8>6:1,,23,37,
2026_07_15_01_26_56,000138,10,all-cluster-heads,docs\doc_workspace\SGCP\artifacts\early_from_late_checkpoint_20260719\enable_coperception_early_from_attentive.yaml,cov_potential_game,grid,utility,utility,none,0,0,,cov_coalition_game,10,,9;10,10;9,9,"{""9"": 51}","{""9"": 2579, ""10"": 4921}",41264,22.949944382647384,10,40.0,200.0,1,ns3,899,0.5,10,12,28,,,[],[],9>10:2,,15,28,
2026_07_15_01_26_56,000138,12,all-cluster-heads,docs\doc_workspace\SGCP\artifacts\early_from_late_checkpoint_20260719\enable_coperception_early_from_attentive.yaml,cov_potential_game,grid,utility,utility,none,0,0,,cov_coalition_game,10,,4;12,12;4,4,"{""4"": 54}","{""4"": 4750, ""12"": 4989}",76000,42.269187986651836,10,40.0,200.0,1,ns3,899,0.5,10,12,28,,,[],[],4>12:3,,11,33,
2026_07_15_01_26_56,000138,13,all-cluster-heads,docs\doc_workspace\SGCP\artifacts\early_from_late_checkpoint_20260719\enable_coperception_early_from_attentive.yaml,cov_potential_game,grid,utility,utility,none,0,0,,cov_coalition_game,10,,13;19,13;19,19,"{""19"": 59}","{""13"": 4698, ""19"": 4804}",76864,42.749721913236925,10,40.0,200.0,1,ns3,899,0.5,10,12,28,,,[],[],19>13:4,,0,17,
2026_07_15_01_26_56,000138,14,all-cluster-heads,docs\doc_workspace\SGCP\artifacts\early_from_late_checkpoint_20260719\enable_coperception_early_from_attentive.yaml,cov_potential_game,grid,utility,utility,none,0,0,,cov_coalition_game,10,,7;14,14;7,7,"{""7"": 61}","{""7"": 4910, ""14"": 4852}",78560,43.69299221357063,10,40.0,200.0,1,ns3,899,0.5,10,12,28,,,[],[],7>14:5,,12,14,
2026_07_15_01_26_56,000138,15,all-cluster-heads,docs\doc_workspace\SGCP\artifacts\early_from_late_checkpoint_20260719\enable_coperception_early_from_attentive.yaml,cov_potential_game,grid,utility,utility,none,0,0,,cov_coalition_game,10,,2;15,15;2,2,"{""2"": 53}","{""2"": 4833, ""15"": 4815}",77328,43.007786429365964,10,40.0,200.0,1,ns3,899,0.5,10,12,28,,,[],[],2>15:6,,23,32,
2026_07_15_01_26_56,000138,16,all-cluster-heads,docs\doc_workspace\SGCP\artifacts\early_from_late_checkpoint_20260719\enable_coperception_early_from_attentive.yaml,cov_potential_game,grid,utility,utility,none,0,0,,cov_coalition_game,10,,16;17,16;17,17,"{""17"": 58}","{""16"": 5023, ""17"": 3906}",62496,34.75862068965517,10,40.0,200.0,1,ns3,899,0.5,10,12,28,,,[],[],17>16:7,,10,17,
2026_07_15_01_26_56,000138,18,all-cluster-heads,docs\doc_workspace\SGCP\artifacts\early_from_late_checkpoint_20260719\enable_coperception_early_from_attentive.yaml,cov_potential_game,grid,utility,utility,none,0,0,,cov_coalition_game,10,,3;18,18;3,3,"{""3"": 64}","{""3"": 5003, ""18"": 4852}",80048,44.52057842046719,10,40.0,200.0,1,ns3,899,0.5,10,12,28,,,[],[],3>18:8,,3,3,
2026_07_15_01_26_56,000138,20,all-cluster-heads,docs\doc_workspace\SGCP\artifacts\early_from_late_checkpoint_20260719\enable_coperception_early_from_attentive.yaml,cov_potential_game,grid,utility,utility,none,0,0,,cov_coalition_game,10,,5;20,20;5,5,"{""5"": 52}","{""5"": 1639, ""20"": 4910}",26224,14.585094549499445,10,40.0,200.0,1,ns3,899,0.5,10,12,28,,,[],[],5>20:9,,20,27,
2026_07_15_01_26_56,000140,1,all-cluster-heads,docs\doc_workspace\SGCP\artifacts\early_from_late_checkpoint_20260719\enable_coperception_early_from_attentive.yaml,cov_potential_game,grid,utility,utility,none,0,0,,cov_coalition_game,10,,1;11,1;11,11,"{""11"": 52}","{""1"": 4926, ""11"": 4605}",73680,40.978865406006676,10,40.0,200.0,1,ns3,899,0.5,10,12,28,,,[],[],11>1:0,,21,30,
2026_07_15_01_26_56,000140,2,all-cluster-heads,docs\doc_workspace\SGCP\artifacts\early_from_late_checkpoint_20260719\enable_coperception_early_from_attentive.yaml,cov_potential_game,grid,utility,utility,none,0,0,,cov_coalition_game,10,,2;8,2;8,8,"{""8"": 51}","{""2"": 4856, ""8"": 4806}",76896,42.767519466073416,10,40.0,200.0,1,ns3,899,0.5,10,12,28,,,[],[],8>2:1,,23,38,
2026_07_15_01_26_56,000140,10,all-cluster-heads,docs\doc_workspace\SGCP\artifacts\early_from_late_checkpoint_20260719\enable_coperception_early_from_attentive.yaml,cov_potential_game,grid,utility,utility,none,0,0,,cov_coalition_game,10,,9;10,10;9,9,"{""9"": 50}","{""9"": 2578, ""10"": 4922}",41248,22.941045606229142,10,40.0,200.0,1,ns3,899,0.5,10,12,28,,,[],[],9>10:2,,12,28,
2026_07_15_01_26_56,000140,12,all-cluster-heads,docs\doc_workspace\SGCP\artifacts\early_from_late_checkpoint_20260719\enable_coperception_early_from_attentive.yaml,cov_potential_game,grid,utility,utility,none,0,0,,cov_coalition_game,10,,4;12,12;4,4,"{""4"": 52}","{""4"": 4756, ""12"": 4995}",76096,42.32258064516129,10,40.0,200.0,1,ns3,899,0.5,10,12,28,,,[],[],4>12:3,,12,33,
2026_07_15_01_26_56,000140,13,all-cluster-heads,docs\doc_workspace\SGCP\artifacts\early_from_late_checkpoint_20260719\enable_coperception_early_from_attentive.yaml,cov_potential_game,grid,utility,utility,none,0,0,,cov_coalition_game,10,,13;19,13;19,19,"{""19"": 59}","{""13"": 4683, ""19"": 4805}",76880,42.75862068965517,10,40.0,200.0,1,ns3,899,0.5,10,12,28,,,[],[],19>13:4,,0,16,
2026_07_15_01_26_56,000140,14,all-cluster-heads,docs\doc_workspace\SGCP\artifacts\early_from_late_checkpoint_20260719\enable_coperception_early_from_attentive.yaml,cov_potential_game,grid,utility,utility,none,0,0,,cov_coalition_game,10,,7;14,14;7,7,"{""7"": 59}","{""7"": 4910, ""14"": 4847}",78560,43.69299221357063,10,40.0,200.0,1,ns3,899,0.5,10,12,28,,,[],[],7>14:5,,12,13,
2026_07_15_01_26_56,000140,15,all-cluster-heads,docs\doc_workspace\SGCP\artifacts\early_from_late_checkpoint_20260719\enable_coperception_early_from_attentive.yaml,cov_potential_game,grid,utility,utility,none,0,0,,cov_coalition_game,10,,6;15,15;6,6,"{""6"": 61}","{""6"": 4703, ""15"": 4825}",75248,41.850945494994434,10,40.0,200.0,1,ns3,899,0.5,10,12,28,,,[],[],6>15:6,,17,24,
2026_07_15_01_26_56,000140,16,all-cluster-heads,docs\doc_workspace\SGCP\artifacts\early_from_late_checkpoint_20260719\enable_coperception_early_from_attentive.yaml,cov_potential_game,grid,utility,utility,none,0,0,,cov_coalition_game,10,,16;17,16;17,17,"{""17"": 58}","{""16"": 5013, ""17"": 3911}",62576,34.803114571746384,10,40.0,200.0,1,ns3,899,0.5,10,12,28,,,[],[],17>16:7,,10,17,
2026_07_15_01_26_56,000140,18,all-cluster-heads,docs\doc_workspace\SGCP\artifacts\early_from_late_checkpoint_20260719\enable_coperception_early_from_attentive.yaml,cov_potential_game,grid,utility,utility,none,0,0,,cov_coalition_game,10,,3;18,18;3,3,"{""3"": 63}","{""3"": 5012, ""18"": 4865}",80192,44.60066740823137,10,40.0,200.0,1,ns3,899,0.5,10,12,28,,,[],[],3>18:8,,2,2,
2026_07_15_01_26_56,000140,20,all-cluster-heads,docs\doc_workspace\SGCP\artifacts\early_from_late_checkpoint_20260719\enable_coperception_early_from_attentive.yaml,cov_potential_game,grid,utility,utility,none,0,0,,cov_coalition_game,10,,5;20,20;5,5,"{""5"": 53}","{""5"": 1652, ""20"": 4909}",26432,14.700778642936596,10,40.0,200.0,1,ns3,899,0.5,10,12,28,,,[],[],5>20:9,,19,26,
