scenario_id,timestamp,receiver_id,receiver_policy,coperception_yaml,resource_allocation,upload_mode,grid_selection_mode,grid_score_mode,coverage_fallback,coverage_fallback_replacements,routing_hint_replacements,routing_hints_csv,clustering,cluster_count,selective_frame_deadline_ms,cluster_member_ids,source_cav_ids,uploaded_source_ids,selected_grid_counts_json,point_counts_json,communication_bytes,frame_comm_time_ms,num_channels,bandwidth_mhz,communication_deadline_ms,max_senders_per_receiver,channel_estimator,ns3_tb_size_bytes,ns3_slot_duration_ms,ns3_subchannel_prbs,ns3_symbols_per_slot,ns3_mcs,pcs_rounds_requested,pcs_rounds_accepted,pcs_round_comm_time_ms_json,pcs_round_comm_bytes_json,channel_allocation,missing_channel_sources,pred_boxes,gt_boxes,skipped
2026_07_15_01_26_56,000060,11,all-cluster-heads,docs\doc_workspace\SGCP\artifacts\early_from_late_checkpoint_20260719\enable_coperception_early_from_attentive.yaml,cov_potential_game,grid,utility,utility,none,0,0,,cov_coalition_game,6,,1;2;10;11,11;10,10,"{""10"": 22}","{""10"": 477, ""11"": 4909}",7632,4.244716351501669,10,40.0,200.0,1,ns3,899,0.5,10,12,28,,,[],[],10>11:0,,19,38,
2026_07_15_01_26_56,000060,12,all-cluster-heads,docs\doc_workspace\SGCP\artifacts\early_from_late_checkpoint_20260719\enable_coperception_early_from_attentive.yaml,cov_potential_game,grid,utility,utility,none,0,0,,cov_coalition_game,6,,4;7;8;12,12;7;4,7;4,"{""4"": 56, ""7"": 24}","{""4"": 4856, ""7"": 618, ""12"": 4891}",87584,43.212458286985544,10,40.0,200.0,1,ns3,899,0.5,10,12,28,,,[],[],4>12:7;7>12:1,,24,42,
2026_07_15_01_26_56,000060,13,all-cluster-heads,docs\doc_workspace\SGCP\artifacts\early_from_late_checkpoint_20260719\enable_coperception_early_from_attentive.yaml,cov_potential_game,grid,utility,utility,none,0,0,,cov_coalition_game,6,,9;13;14;19,13;14;19,14;19,"{""14"": 47, ""19"": 50}","{""13"": 4793, ""14"": 4994, ""19"": 4823}",157072,44.440489432703004,10,40.0,200.0,1,ns3,899,0.5,10,12,28,,,[],[],14>13:2;19>13:9,,0,21,
2026_07_15_01_26_56,000060,15,all-cluster-heads,docs\doc_workspace\SGCP\artifacts\early_from_late_checkpoint_20260719\enable_coperception_early_from_attentive.yaml,cov_potential_game,grid,utility,utility,none,0,0,,cov_coalition_game,6,,6;15,15;6,6,"{""6"": 21}","{""6"": 565, ""15"": 4740}",9040,5.027808676307008,10,40.0,200.0,1,ns3,899,0.5,10,12,28,,,[],[],6>15:3,,13,17,
2026_07_15_01_26_56,000060,16,all-cluster-heads,docs\doc_workspace\SGCP\artifacts\early_from_late_checkpoint_20260719\enable_coperception_early_from_attentive.yaml,cov_potential_game,grid,utility,utility,none,0,0,,cov_coalition_game,6,,5;16;20,16;5;20,5;20,"{""5"": 17, ""20"": 50}","{""5"": 179, ""16"": 4857, ""20"": 4869}",80768,43.32814238042269,10,40.0,200.0,1,ns3,899,0.5,10,12,28,,,[],[],5>16:4;20>16:8,,18,30,
2026_07_15_01_26_56,000060,17,all-cluster-heads,docs\doc_workspace\SGCP\artifacts\early_from_late_checkpoint_20260719\enable_coperception_early_from_attentive.yaml,cov_potential_game,grid,utility,utility,none,0,0,,cov_coalition_game,6,,3;17;18,17;18;3,18;3,"{""3"": 55, ""18"": 24}","{""3"": 4937, ""17"": 4967, ""18"": 282}",83504,43.93325917686318,10,40.0,200.0,1,ns3,899,0.5,10,12,28,,,[],[],3>17:6;18>17:5,,10,17,
2026_07_15_01_26_56,000062,1,all-cluster-heads,docs\doc_workspace\SGCP\artifacts\early_from_late_checkpoint_20260719\enable_coperception_early_from_attentive.yaml,cov_potential_game,grid,utility,utility,none,0,0,,cov_coalition_game,6,,1;2;8;11,1;8;11,8;11,"{""8"": 27, ""11"": 46}","{""1"": 4921, ""8"": 293, ""11"": 4812}",81680,42.82091212458287,10,40.0,200.0,1,ns3,899,0.5,10,12,28,,,[],[],8>1:0;11>1:9,,27,40,
2026_07_15_01_26_56,000062,12,all-cluster-heads,docs\doc_workspace\SGCP\artifacts\early_from_late_checkpoint_20260719\enable_coperception_early_from_attentive.yaml,cov_potential_game,grid,utility,utility,none,0,0,,cov_coalition_game,6,,4;7;12,12;7;4,7;4,"{""4"": 54, ""7"": 22}","{""4"": 4821, ""7"": 506, ""12"": 4894}",85232,42.901001112347046,10,40.0,200.0,1,ns3,899,0.5,10,12,28,,,[],[],4>12:7;7>12:1,,24,42,
2026_07_15_01_26_56,000062,13,all-cluster-heads,docs\doc_workspace\SGCP\artifacts\early_from_late_checkpoint_20260719\enable_coperception_early_from_attentive.yaml,cov_potential_game,grid,utility,utility,none,0,0,,cov_coalition_game,6,,9;13;14;19,13;14,14,"{""14"": 48}","{""13"": 4793, ""14"": 4975}",79600,44.2714126807564,10,40.0,200.0,1,ns3,899,0.5,10,12,28,,,[],[],14>13:2,,0,11,
2026_07_15_01_26_56,000062,15,all-cluster-heads,docs\doc_workspace\SGCP\artifacts\early_from_late_checkpoint_20260719\enable_coperception_early_from_attentive.yaml,cov_potential_game,grid,utility,utility,none,0,0,,cov_coalition_game,6,,6;15,15;6,6,"{""6"": 21}","{""6"": 570, ""15"": 4745}",9120,5.07230255839822,10,40.0,200.0,1,ns3,899,0.5,10,12,28,,,[],[],6>15:3,,15,17,
2026_07_15_01_26_56,000062,17,all-cluster-heads,docs\doc_workspace\SGCP\artifacts\early_from_late_checkpoint_20260719\enable_coperception_early_from_attentive.yaml,cov_potential_game,grid,utility,utility,none,0,0,,cov_coalition_game,6,,3;17;18,17;18;3,18;3,"{""3"": 56, ""18"": 23}","{""3"": 4945, ""17"": 4985, ""18"": 339}",84544,44.00444938820912,10,40.0,200.0,1,ns3,899,0.5,10,12,28,,,[],[],3>17:6;18>17:4,,10,16,
2026_07_15_01_26_56,000062,20,all-cluster-heads,docs\doc_workspace\SGCP\artifacts\early_from_late_checkpoint_20260719\enable_coperception_early_from_attentive.yaml,cov_potential_game,grid,utility,utility,none,0,0,,cov_coalition_game,6,,5;10;16;20,20;10;16,10;16,"{""10"": 31, ""16"": 49}","{""10"": 600, ""16"": 4850, ""20"": 4908}",87200,43.159065628476085,10,40.0,200.0,1,ns3,899,0.5,10,12,28,,,[],[],10>20:5;16>20:8,,18,43,
2026_07_15_01_26_56,000064,1,all-cluster-heads,docs\doc_workspace\SGCP\artifacts\early_from_late_checkpoint_20260719\enable_coperception_early_from_attentive.yaml,cov_potential_game,grid,utility,utility,none,0,0,,cov_coalition_game,6,,1;2;8;11,1;8,8,"{""8"": 27}","{""1"": 4921, ""8"": 292}",4672,2.5984427141268074,10,40.0,200.0,1,ns3,899,0.5,10,12,28,,,[],[],8>1:0,,18,32,
2026_07_15_01_26_56,000064,12,all-cluster-heads,docs\doc_workspace\SGCP\artifacts\early_from_late_checkpoint_20260719\enable_coperception_early_from_attentive.yaml,cov_potential_game,grid,utility,utility,none,0,0,,cov_coalition_game,6,,4;7;12,12;7;4,7;4,"{""4"": 53, ""7"": 23}","{""4"": 4814, ""7"": 518, ""12"": 4896}",85312,42.83870967741935,10,40.0,200.0,1,ns3,899,0.5,10,12,28,,,[],[],4>12:7;7>12:1,,24,43,
2026_07_15_01_26_56,000064,13,all-cluster-heads,docs\doc_workspace\SGCP\artifacts\early_from_late_checkpoint_20260719\enable_coperception_early_from_attentive.yaml,cov_potential_game,grid,utility,utility,none,0,0,,cov_coalition_game,6,,10;13;14;19,13;14;19,14;19,"{""14"": 48, ""19"": 51}","{""13"": 4794, ""14"": 4978, ""19"": 4793}",156336,44.298109010011125,10,40.0,200.0,1,ns3,899,0.5,10,12,28,,,[],[],14>13:2;19>13:8,,2,21,
2026_07_15_01_26_56,000064,15,all-cluster-heads,docs\doc_workspace\SGCP\artifacts\early_from_late_checkpoint_20260719\enable_coperception_early_from_attentive.yaml,cov_potential_game,grid,utility,utility,none,0,0,,cov_coalition_game,6,,6;15,15;6,6,"{""6"": 21}","{""6"": 493, ""15"": 4750}",7888,4.387096774193549,10,40.0,200.0,1,ns3,899,0.5,10,12,28,,,[],[],6>15:3,,14,17,
2026_07_15_01_26_56,000064,17,all-cluster-heads,docs\doc_workspace\SGCP\artifacts\early_from_late_checkpoint_20260719\enable_coperception_early_from_attentive.yaml,cov_potential_game,grid,utility,utility,none,0,0,,cov_coalition_game,6,,3;17;18,17;18;3,18;3,"{""3"": 57, ""18"": 24}","{""3"": 4949, ""17"": 4966, ""18"": 312}",84176,44.040044493882085,10,40.0,200.0,1,ns3,899,0.5,10,12,28,,,[],[],3>17:6;18>17:4,,8,16,
2026_07_15_01_26_56,000064,20,all-cluster-heads,docs\doc_workspace\SGCP\artifacts\early_from_late_checkpoint_20260719\enable_coperception_early_from_attentive.yaml,cov_potential_game,grid,utility,utility,none,0,0,,cov_coalition_game,6,,5;9;16;20,20;9;5,9;5,"{""5"": 47, ""9"": 28}","{""5"": 4898, ""9"": 1631, ""20"": 4908}",104464,43.58620689655172,10,40.0,200.0,1,ns3,899,0.5,10,12,28,,,[],[],5>20:9;9>20:5,,19,31,
2026_07_15_01_26_56,000066,1,all-cluster-heads,docs\doc_workspace\SGCP\artifacts\early_from_late_checkpoint_20260719\enable_coperception_early_from_attentive.yaml,cov_potential_game,grid,utility,utility,none,0,0,,cov_coalition_game,7,,1;2;8;11,1;8,8,"{""8"": 27}","{""1"": 4922, ""8"": 291}",4656,2.589543937708565,10,40.0,200.0,1,ns3,899,0.5,10,12,28,,,[],[],8>1:0,,16,32,
2026_07_15_01_26_56,000066,10,all-cluster-heads,docs\doc_workspace\SGCP\artifacts\early_from_late_checkpoint_20260719\enable_coperception_early_from_attentive.yaml,cov_potential_game,grid,utility,utility,none,0,0,,cov_coalition_game,7,,9;10,10;9,9,"{""9"": 20}","{""9"": 74, ""10"": 4946}",1184,0.6585094549499444,10,40.0,200.0,1,ns3,899,0.5,10,12,28,,,[],[],9>10:1,,10,34,
2026_07_15_01_26_56,000066,12,all-cluster-heads,docs\doc_workspace\SGCP\artifacts\early_from_late_checkpoint_20260719\enable_coperception_early_from_attentive.yaml,cov_potential_game,grid,utility,utility,none,0,0,,cov_coalition_game,7,,4;7;12,12;7;4,7;4,"{""4"": 52, ""7"": 26}","{""4"": 4832, ""7"": 626, ""12"": 4884}",87328,42.998887652947715,10,40.0,200.0,1,ns3,899,0.5,10,12,28,,,[],[],4>12:8;7>12:2,,21,42,
2026_07_15_01_26_56,000066,13,all-cluster-heads,docs\doc_workspace\SGCP\artifacts\early_from_late_checkpoint_20260719\enable_coperception_early_from_attentive.yaml,cov_potential_game,grid,utility,utility,none,0,0,,cov_coalition_game,7,,13;14;19,13;14;19,14;19,"{""14"": 50, ""19"": 50}","{""13"": 4794, ""14"": 4977, ""19"": 4793}",156320,44.28921023359288,10,40.0,200.0,1,ns3,899,0.5,10,12,28,,,[],[],14>13:3;19>13:9,,1,21,
2026_07_15_01_26_56,000066,15,all-cluster-heads,docs\doc_workspace\SGCP\artifacts\early_from_late_checkpoint_20260719\enable_coperception_early_from_attentive.yaml,cov_potential_game,grid,utility,utility,none,0,0,,cov_coalition_game,7,,6;15,15;6,6,"{""6"": 23}","{""6"": 760, ""15"": 4740}",12160,6.763070077864294,10,40.0,200.0,1,ns3,899,0.5,10,12,28,,,[],[],6>15:4,,14,17,
2026_07_15_01_26_56,000066,16,all-cluster-heads,docs\doc_workspace\SGCP\artifacts\early_from_late_checkpoint_20260719\enable_coperception_early_from_attentive.yaml,cov_potential_game,grid,utility,utility,none,0,0,,cov_coalition_game,7,,5;16;20,16;5,5,"{""5"": 16}","{""5"": 150, ""16"": 4854}",2400,1.3348164627363737,10,40.0,200.0,1,ns3,899,0.5,10,12,28,,,[],[],5>16:5,,13,28,
2026_07_15_01_26_56,000066,17,all-cluster-heads,docs\doc_workspace\SGCP\artifacts\early_from_late_checkpoint_20260719\enable_coperception_early_from_attentive.yaml,cov_potential_game,grid,utility,utility,none,0,0,,cov_coalition_game,7,,3;17;18,17;18;3,18;3,"{""3"": 61, ""18"": 22}","{""3"": 4959, ""17"": 4984, ""18"": 286}",83920,44.12903225806451,10,40.0,200.0,1,ns3,899,0.5,10,12,28,,,[],[],3>17:7;18>17:6,,9,16,
2026_07_15_01_26_56,000068,1,all-cluster-heads,docs\doc_workspace\SGCP\artifacts\early_from_late_checkpoint_20260719\enable_coperception_early_from_attentive.yaml,cov_potential_game,grid,utility,utility,none,0,0,,cov_coalition_game,7,,1;2;8;11,1;8,8,"{""8"": 28}","{""1"": 4924, ""8"": 309}",4944,2.7497219132369297,10,40.0,200.0,1,ns3,899,0.5,10,12,28,,,[],[],8>1:0,,17,31,
2026_07_15_01_26_56,000068,10,all-cluster-heads,docs\doc_workspace\SGCP\artifacts\early_from_late_checkpoint_20260719\enable_coperception_early_from_attentive.yaml,cov_potential_game,grid,utility,utility,none,0,0,,cov_coalition_game,7,,9;10,10;9,9,"{""9"": 20}","{""9"": 81, ""10"": 4934}",1296,0.7208008898776418,10,40.0,200.0,1,ns3,899,0.5,10,12,28,,,[],[],9>10:1,,13,33,
2026_07_15_01_26_56,000068,12,all-cluster-heads,docs\doc_workspace\SGCP\artifacts\early_from_late_checkpoint_20260719\enable_coperception_early_from_attentive.yaml,cov_potential_game,grid,utility,utility,none,0,0,,cov_coalition_game,7,,4;12,12;4,4,"{""4"": 17}","{""4"": 77, ""12"": 4882}",1232,0.6852057842046718,10,40.0,200.0,1,ns3,899,0.5,10,12,28,,,[],[],4>12:2,,10,35,
2026_07_15_01_26_56,000068,13,all-cluster-heads,docs\doc_workspace\SGCP\artifacts\early_from_late_checkpoint_20260719\enable_coperception_early_from_attentive.yaml,cov_potential_game,grid,utility,utility,none,0,0,,cov_coalition_game,7,,13;14;19,13;14;19,14;19,"{""14"": 51, ""19"": 50}","{""13"": 4795, ""14"": 4978, ""19"": 4794}",156352,44.298109010011125,10,40.0,200.0,1,ns3,899,0.5,10,12,28,,,[],[],14>13:3;19>13:8,,2,20,
2026_07_15_01_26_56,000068,15,all-cluster-heads,docs\doc_workspace\SGCP\artifacts\early_from_late_checkpoint_20260719\enable_coperception_early_from_attentive.yaml,cov_potential_game,grid,utility,utility,none,0,0,,cov_coalition_game,7,,6;15,15;6,6,"{""6"": 25}","{""6"": 754, ""15"": 4743}",12064,6.709677419354839,10,40.0,200.0,1,ns3,899,0.5,10,12,28,,,[],[],6>15:4,,15,16,
2026_07_15_01_26_56,000068,16,all-cluster-heads,docs\doc_workspace\SGCP\artifacts\early_from_late_checkpoint_20260719\enable_coperception_early_from_attentive.yaml,cov_potential_game,grid,utility,utility,none,0,0,,cov_coalition_game,7,,5;7;16;20,16;7;20,7;20,"{""7"": 23, ""20"": 47}","{""7"": 354, ""16"": 4887, ""20"": 4865}",83504,43.29254727474972,10,40.0,200.0,1,ns3,899,0.5,10,12,28,,,[],[],7>16:5;20>16:9,,20,29,
2026_07_15_01_26_56,000068,17,all-cluster-heads,docs\doc_workspace\SGCP\artifacts\early_from_late_checkpoint_20260719\enable_coperception_early_from_attentive.yaml,cov_potential_game,grid,utility,utility,none,0,0,,cov_coalition_game,7,,3;17;18,17;18;3,18;3,"{""3"": 60, ""18"": 24}","{""3"": 4965, ""17"": 4976, ""18"": 319}",84544,44.18242491657397,10,40.0,200.0,1,ns3,899,0.5,10,12,28,,,[],[],3>17:7;18>17:6,,9,16,
2026_07_15_01_26_56,000070,1,all-cluster-heads,docs\doc_workspace\SGCP\artifacts\early_from_late_checkpoint_20260719\enable_coperception_early_from_attentive.yaml,cov_potential_game,grid,utility,utility,none,0,0,,cov_coalition_game,6,,1;2;8;11,1;8,8,"{""8"": 29}","{""1"": 4925, ""8"": 311}",4976,2.767519466073415,10,40.0,200.0,1,ns3,899,0.5,10,12,28,,,[],[],8>1:0,,16,32,
2026_07_15_01_26_56,000070,12,all-cluster-heads,docs\doc_workspace\SGCP\artifacts\early_from_late_checkpoint_20260719\enable_coperception_early_from_attentive.yaml,cov_potential_game,grid,utility,utility,none,0,0,,cov_coalition_game,6,,4;7;12,12;7;4,7;4,"{""4"": 52, ""7"": 25}","{""4"": 4823, ""7"": 567, ""12"": 4888}",86240,42.91879866518354,10,40.0,200.0,1,ns3,899,0.5,10,12,28,,,[],[],4>12:7;7>12:1,,18,43,
2026_07_15_01_26_56,000070,13,all-cluster-heads,docs\doc_workspace\SGCP\artifacts\early_from_late_checkpoint_20260719\enable_coperception_early_from_attentive.yaml,cov_potential_game,grid,utility,utility,none,0,0,,cov_coalition_game,6,,10;13;14;19,13;14;19,14;19,"{""14"": 49, ""19"": 51}","{""13"": 4795, ""14"": 4968, ""19"": 4793}",156176,44.209121245828705,10,40.0,200.0,1,ns3,899,0.5,10,12,28,,,[],[],14>13:2;19>13:8,,3,21,
2026_07_15_01_26_56,000070,15,all-cluster-heads,docs\doc_workspace\SGCP\artifacts\early_from_late_checkpoint_20260719\enable_coperception_early_from_attentive.yaml,cov_potential_game,grid,utility,utility,none,0,0,,cov_coalition_game,6,,6;15,15;6,6,"{""6"": 21}","{""6"": 595, ""15"": 4740}",9520,5.294771968854283,10,40.0,200.0,1,ns3,899,0.5,10,12,28,,,[],[],6>15:3,,14,16,
2026_07_15_01_26_56,000070,17,all-cluster-heads,docs\doc_workspace\SGCP\artifacts\early_from_late_checkpoint_20260719\enable_coperception_early_from_attentive.yaml,cov_potential_game,grid,utility,utility,none,0,0,,cov_coalition_game,6,,3;17;18,17;18;3,18;3,"{""3"": 57, ""18"": 23}","{""3"": 4929, ""17"": 4972, ""18"": 335}",84224,43.86206896551724,10,40.0,200.0,1,ns3,899,0.5,10,12,28,,,[],[],3>17:6;18>17:4,,8,16,
2026_07_15_01_26_56,000070,20,all-cluster-heads,docs\doc_workspace\SGCP\artifacts\early_from_late_checkpoint_20260719\enable_coperception_early_from_attentive.yaml,cov_potential_game,grid,utility,utility,none,0,0,,cov_coalition_game,6,,5;9;16;20,20;9;16,9;16,"{""9"": 28, ""16"": 46}","{""9"": 1630, ""16"": 4826, ""20"": 4909}",103296,42.94549499443826,10,40.0,200.0,1,ns3,899,0.5,10,12,28,,,[],[],9>20:5;16>20:9,,22,31,
2026_07_15_01_26_56,000072,1,all-cluster-heads,docs\doc_workspace\SGCP\artifacts\early_from_late_checkpoint_20260719\enable_coperception_early_from_attentive.yaml,cov_potential_game,grid,utility,utility,none,0,0,,cov_coalition_game,6,,1;2;8;11,1;8;11,8;11,"{""8"": 26, ""11"": 46}","{""1"": 4928, ""8"": 286, ""11"": 4810}",81536,42.803114571746384,10,40.0,200.0,1,ns3,899,0.5,10,12,28,,,[],[],8>1:0;11>1:9,,30,41,
2026_07_15_01_26_56,000072,12,all-cluster-heads,docs\doc_workspace\SGCP\artifacts\early_from_late_checkpoint_20260719\enable_coperception_early_from_attentive.yaml,cov_potential_game,grid,utility,utility,none,0,0,,cov_coalition_game,6,,4;7;12,12;7;4,7;4,"{""4"": 51, ""7"": 24}","{""4"": 4847, ""7"": 1411, ""12"": 4892}",100128,43.13236929922136,10,40.0,200.0,1,ns3,899,0.5,10,12,28,,,[],[],4>12:7;7>12:1,,23,42,
2026_07_15_01_26_56,000072,13,all-cluster-heads,docs\doc_workspace\SGCP\artifacts\early_from_late_checkpoint_20260719\enable_coperception_early_from_attentive.yaml,cov_potential_game,grid,utility,utility,none,0,0,,cov_coalition_game,6,,10;13;14;19,13;14,14,"{""14"": 53}","{""13"": 4800, ""14"": 4993}",79888,44.43159065628476,10,40.0,200.0,1,ns3,899,0.5,10,12,28,,,[],[],14>13:2,,3,10,
2026_07_15_01_26_56,000072,15,all-cluster-heads,docs\doc_workspace\SGCP\artifacts\early_from_late_checkpoint_20260719\enable_coperception_early_from_attentive.yaml,cov_potential_game,grid,utility,utility,none,0,0,,cov_coalition_game,6,,6;15,15;6,6,"{""6"": 17}","{""6"": 559, ""15"": 4748}",8944,4.974416017797553,10,40.0,200.0,1,ns3,899,0.5,10,12,28,,,[],[],6>15:3,,12,18,
2026_07_15_01_26_56,000072,17,all-cluster-heads,docs\doc_workspace\SGCP\artifacts\early_from_late_checkpoint_20260719\enable_coperception_early_from_attentive.yaml,cov_potential_game,grid,utility,utility,none,0,0,,cov_coalition_game,6,,3;17;18,17;18;3,18;3,"{""3"": 58, ""18"": 24}","{""3"": 4922, ""17"": 4977, ""18"": 418}",85440,43.799777530589544,10,40.0,200.0,1,ns3,899,0.5,10,12,28,,,[],[],3>17:6;18>17:4,,11,16,
2026_07_15_01_26_56,000072,20,all-cluster-heads,docs\doc_workspace\SGCP\artifacts\early_from_late_checkpoint_20260719\enable_coperception_early_from_attentive.yaml,cov_potential_game,grid,utility,utility,none,0,0,,cov_coalition_game,6,,5;9;16;20,20;9;5,9;5,"{""5"": 47, ""9"": 28}","{""5"": 4898, ""9"": 1629, ""20"": 4907}",104432,43.58620689655172,10,40.0,200.0,1,ns3,899,0.5,10,12,28,,,[],[],5>20:8;9>20:5,,19,31,
2026_07_15_01_26_56,000074,1,all-cluster-heads,docs\doc_workspace\SGCP\artifacts\early_from_late_checkpoint_20260719\enable_coperception_early_from_attentive.yaml,cov_potential_game,grid,utility,utility,none,0,0,,cov_coalition_game,6,,1;2;8;11,1;8,8,"{""8"": 25}","{""1"": 4931, ""8"": 285}",4560,2.53615127919911,10,40.0,200.0,1,ns3,899,0.5,10,12,28,,,[],[],8>1:0,,18,32,
2026_07_15_01_26_56,000074,12,all-cluster-heads,docs\doc_workspace\SGCP\artifacts\early_from_late_checkpoint_20260719\enable_coperception_early_from_attentive.yaml,cov_potential_game,grid,utility,utility,none,0,0,,cov_coalition_game,6,,4;7;12,12;7;4,7;4,"{""4"": 51, ""7"": 28}","{""4"": 4819, ""7"": 1380, ""12"": 4881}",99184,42.88320355951056,10,40.0,200.0,1,ns3,899,0.5,10,12,28,,,[],[],4>12:7;7>12:1,,22,43,
2026_07_15_01_26_56,000074,13,all-cluster-heads,docs\doc_workspace\SGCP\artifacts\early_from_late_checkpoint_20260719\enable_coperception_early_from_attentive.yaml,cov_potential_game,grid,utility,utility,none,0,0,,cov_coalition_game,6,,10;13;14;19,13;14;19,14;19,"{""14"": 52, ""19"": 48}","{""13"": 4800, ""14"": 4948, ""19"": 4793}",155856,44.03114571746384,10,40.0,200.0,1,ns3,899,0.5,10,12,28,,,[],[],14>13:2;19>13:9,,4,21,
2026_07_15_01_26_56,000074,15,all-cluster-heads,docs\doc_workspace\SGCP\artifacts\early_from_late_checkpoint_20260719\enable_coperception_early_from_attentive.yaml,cov_potential_game,grid,utility,utility,none,0,0,,cov_coalition_game,6,,6;15,15;6,6,"{""6"": 18}","{""6"": 1844, ""15"": 4753}",29504,16.409343715239157,10,40.0,200.0,1,ns3,899,0.5,10,12,28,,,[],[],6>15:3,,13,18,
2026_07_15_01_26_56,000074,17,all-cluster-heads,docs\doc_workspace\SGCP\artifacts\early_from_late_checkpoint_20260719\enable_coperception_early_from_attentive.yaml,cov_potential_game,grid,utility,utility,none,0,0,,cov_coalition_game,6,,3;17;18,17;18;3,18;3,"{""3"": 57, ""18"": 26}","{""3"": 4924, ""17"": 4954, ""18"": 434}",85728,43.81757508342603,10,40.0,200.0,1,ns3,899,0.5,10,12,28,,,[],[],3>17:6;18>17:4,,10,16,
2026_07_15_01_26_56,000074,20,all-cluster-heads,docs\doc_workspace\SGCP\artifacts\early_from_late_checkpoint_20260719\enable_coperception_early_from_attentive.yaml,cov_potential_game,grid,utility,utility,none,0,0,,cov_coalition_game,6,,5;9;16;20,20;9;5,9;5,"{""5"": 45, ""9"": 27}","{""5"": 4902, ""9"": 836, ""20"": 4907}",91808,43.62180200222469,10,40.0,200.0,1,ns3,899,0.5,10,12,28,,,[],[],5>20:8;9>20:5,,20,31,
2026_07_15_01_26_56,000076,1,all-cluster-heads,docs\doc_workspace\SGCP\artifacts\early_from_late_checkpoint_20260719\enable_coperception_early_from_attentive.yaml,cov_potential_game,grid,utility,utility,none,0,0,,cov_coalition_game,6,,1;2;8;11,1;8,8,"{""8"": 25}","{""1"": 4934, ""8"": 286}",4576,2.5450500556173528,10,40.0,200.0,1,ns3,899,0.5,10,12,28,,,[],[],8>1:0,,16,32,
2026_07_15_01_26_56,000076,12,all-cluster-heads,docs\doc_workspace\SGCP\artifacts\early_from_late_checkpoint_20260719\enable_coperception_early_from_attentive.yaml,cov_potential_game,grid,utility,utility,none,0,0,,cov_coalition_game,6,,4;7;12,12;7;4,7;4,"{""4"": 52, ""7"": 24}","{""4"": 4827, ""7"": 1242, ""12"": 4903}",97104,42.954393770856505,10,40.0,200.0,1,ns3,899,0.5,10,12,28,,,[],[],4>12:7;7>12:1,,23,41,
2026_07_15_01_26_56,000076,13,all-cluster-heads,docs\doc_workspace\SGCP\artifacts\early_from_late_checkpoint_20260719\enable_coperception_early_from_attentive.yaml,cov_potential_game,grid,utility,utility,none,0,0,,cov_coalition_game,6,,10;13;14;19,13;14;19,14;19,"{""14"": 51, ""19"": 49}","{""13"": 4773, ""14"": 4953, ""19"": 4798}",156016,44.07563959955506,10,40.0,200.0,1,ns3,899,0.5,10,12,28,,,[],[],14>13:2;19>13:8,,1,21,
2026_07_15_01_26_56,000076,15,all-cluster-heads,docs\doc_workspace\SGCP\artifacts\early_from_late_checkpoint_20260719\enable_coperception_early_from_attentive.yaml,cov_potential_game,grid,utility,utility,none,0,0,,cov_coalition_game,6,,6;15,15;6,6,"{""6"": 20}","{""6"": 660, ""15"": 4754}",10560,5.8731924360400445,10,40.0,200.0,1,ns3,899,0.5,10,12,28,,,[],[],6>15:3,,15,18,
2026_07_15_01_26_56,000076,17,all-cluster-heads,docs\doc_workspace\SGCP\artifacts\early_from_late_checkpoint_20260719\enable_coperception_early_from_attentive.yaml,cov_potential_game,grid,utility,utility,none,0,0,,cov_coalition_game,6,,3;17;18,17;18;3,18;3,"{""3"": 58, ""18"": 29}","{""3"": 4884, ""17"": 5003, ""18"": 499}",86128,43.46162402669633,10,40.0,200.0,1,ns3,899,0.5,10,12,28,,,[],[],3>17:6;18>17:4,,12,17,
2026_07_15_01_26_56,000076,20,all-cluster-heads,docs\doc_workspace\SGCP\artifacts\early_from_late_checkpoint_20260719\enable_coperception_early_from_attentive.yaml,cov_potential_game,grid,utility,utility,none,0,0,,cov_coalition_game,6,,5;9;16;20,20;9;5,9;5,"{""5"": 44, ""9"": 27}","{""5"": 4885, ""9"": 837, ""20"": 4906}",91552,43.47052280311457,10,40.0,200.0,1,ns3,899,0.5,10,12,28,,,[],[],5>20:9;9>20:5,,19,32,
2026_07_15_01_26_56,000078,1,all-cluster-heads,docs\doc_workspace\SGCP\artifacts\early_from_late_checkpoint_20260719\enable_coperception_early_from_attentive.yaml,cov_potential_game,grid,utility,utility,none,0,0,,cov_coalition_game,6,,1;2;11,1;11,11,"{""11"": 22}","{""1"": 4934, ""11"": 198}",3168,1.7619577308120133,10,40.0,200.0,1,ns3,899,0.5,10,12,28,,,[],[],11>1:0,,16,30,
2026_07_15_01_26_56,000078,12,all-cluster-heads,docs\doc_workspace\SGCP\artifacts\early_from_late_checkpoint_20260719\enable_coperception_early_from_attentive.yaml,cov_potential_game,grid,utility,utility,none,0,0,,cov_coalition_game,6,,4;7;8;12,12;7;4,7;4,"{""4"": 47, ""7"": 27}","{""4"": 4822, ""7"": 1320, ""12"": 4895}",98272,42.909899888765295,10,40.0,200.0,1,ns3,899,0.5,10,12,28,,,[],[],4>12:8;7>12:1,,20,41,
2026_07_15_01_26_56,000078,13,all-cluster-heads,docs\doc_workspace\SGCP\artifacts\early_from_late_checkpoint_20260719\enable_coperception_early_from_attentive.yaml,cov_potential_game,grid,utility,utility,none,0,0,,cov_coalition_game,6,,10;13;14;19,13;14;19,14;19,"{""14"": 53, ""19"": 49}","{""13"": 4778, ""14"": 4948, ""19"": 4788}",155776,44.03114571746384,10,40.0,200.0,1,ns3,899,0.5,10,12,28,,,[],[],14>13:2;19>13:7,,1,20,
2026_07_15_01_26_56,000078,15,all-cluster-heads,docs\doc_workspace\SGCP\artifacts\early_from_late_checkpoint_20260719\enable_coperception_early_from_attentive.yaml,cov_potential_game,grid,utility,utility,none,0,0,,cov_coalition_game,6,,6;15,15;6,6,"{""6"": 21}","{""6"": 653, ""15"": 4753}",10448,5.810901001112348,10,40.0,200.0,1,ns3,899,0.5,10,12,28,,,[],[],6>15:3,,14,19,
2026_07_15_01_26_56,000078,17,all-cluster-heads,docs\doc_workspace\SGCP\artifacts\early_from_late_checkpoint_20260719\enable_coperception_early_from_attentive.yaml,cov_potential_game,grid,utility,utility,none,0,0,,cov_coalition_game,6,,3;17;18,17;18;3,18;3,"{""3"": 56, ""18"": 29}","{""3"": 4878, ""17"": 4995, ""18"": 563}",87056,43.408231368186875,10,40.0,200.0,1,ns3,899,0.5,10,12,28,,,[],[],3>17:6;18>17:4,,8,17,
2026_07_15_01_26_56,000078,20,all-cluster-heads,docs\doc_workspace\SGCP\artifacts\early_from_late_checkpoint_20260719\enable_coperception_early_from_attentive.yaml,cov_potential_game,grid,utility,utility,none,0,0,,cov_coalition_game,6,,5;9;16;20,20;9;5,9;5,"{""5"": 44, ""9"": 27}","{""5"": 4889, ""9"": 837, ""20"": 4908}",91616,43.506117908787544,10,40.0,200.0,1,ns3,899,0.5,10,12,28,,,[],[],5>20:9;9>20:5,,20,32,
2026_07_15_01_26_56,000080,1,all-cluster-heads,docs\doc_workspace\SGCP\artifacts\early_from_late_checkpoint_20260719\enable_coperception_early_from_attentive.yaml,cov_potential_game,grid,utility,utility,none,0,0,,cov_coalition_game,6,,1;2;8;11,1;8,8,"{""8"": 26}","{""1"": 4933, ""8"": 293}",4688,2.60734149054505,10,40.0,200.0,1,ns3,899,0.5,10,12,28,,,[],[],8>1:0,,17,31,
2026_07_15_01_26_56,000080,12,all-cluster-heads,docs\doc_workspace\SGCP\artifacts\early_from_late_checkpoint_20260719\enable_coperception_early_from_attentive.yaml,cov_potential_game,grid,utility,utility,none,0,0,,cov_coalition_game,6,,4;7;12,12;7;4,7;4,"{""4"": 50, ""7"": 27}","{""4"": 4817, ""7"": 1262, ""12"": 4905}",97264,42.86540600667408,10,40.0,200.0,1,ns3,899,0.5,10,12,28,,,[],[],4>12:8;7>12:1,,22,44,
2026_07_15_01_26_56,000080,13,all-cluster-heads,docs\doc_workspace\SGCP\artifacts\early_from_late_checkpoint_20260719\enable_coperception_early_from_attentive.yaml,cov_potential_game,grid,utility,utility,none,0,0,,cov_coalition_game,6,,10;13;14;19,13;14;19,14;19,"{""14"": 52, ""19"": 52}","{""13"": 4772, ""14"": 4930, ""19"": 4787}",155472,43.87096774193548,10,40.0,200.0,1,ns3,899,0.5,10,12,28,,,[],[],14>13:2;19>13:7,,2,20,
2026_07_15_01_26_56,000080,15,all-cluster-heads,docs\doc_workspace\SGCP\artifacts\early_from_late_checkpoint_20260719\enable_coperception_early_from_attentive.yaml,cov_potential_game,grid,utility,utility,none,0,0,,cov_coalition_game,6,,6;15,15;6,6,"{""6"": 22}","{""6"": 706, ""15"": 4751}",11296,6.282536151279199,10,40.0,200.0,1,ns3,899,0.5,10,12,28,,,[],[],6>15:3,,14,18,
2026_07_15_01_26_56,000080,17,all-cluster-heads,docs\doc_workspace\SGCP\artifacts\early_from_late_checkpoint_20260719\enable_coperception_early_from_attentive.yaml,cov_potential_game,grid,utility,utility,none,0,0,,cov_coalition_game,6,,3;17;18,17;18;3,18;3,"{""3"": 57, ""18"": 29}","{""3"": 4867, ""17"": 4990, ""18"": 564}",86896,43.310344827586206,10,40.0,200.0,1,ns3,899,0.5,10,12,28,,,[],[],3>17:6;18>17:4,,8,18,
2026_07_15_01_26_56,000080,20,all-cluster-heads,docs\doc_workspace\SGCP\artifacts\early_from_late_checkpoint_20260719\enable_coperception_early_from_attentive.yaml,cov_potential_game,grid,utility,utility,none,0,0,,cov_coalition_game,6,,5;9;16;20,20;9;5,9;5,"{""5"": 45, ""9"": 27}","{""5"": 4887, ""9"": 837, ""20"": 4907}",91584,43.48832035595106,10,40.0,200.0,1,ns3,899,0.5,10,12,28,,,[],[],5>20:9;9>20:5,,18,31,
2026_07_15_01_26_56,000082,1,all-cluster-heads,docs\doc_workspace\SGCP\artifacts\early_from_late_checkpoint_20260719\enable_coperception_early_from_attentive.yaml,cov_potential_game,grid,utility,utility,none,0,0,,cov_coalition_game,7,,1;2;8;11,1;8,8,"{""8"": 26}","{""1"": 4932, ""8"": 293}",4688,2.60734149054505,10,40.0,200.0,1,ns3,899,0.5,10,12,28,,,[],[],8>1:0,,17,31,
2026_07_15_01_26_56,000082,10,all-cluster-heads,docs\doc_workspace\SGCP\artifacts\early_from_late_checkpoint_20260719\enable_coperception_early_from_attentive.yaml,cov_potential_game,grid,utility,utility,none,0,0,,cov_coalition_game,7,,9;10,10;9,9,"{""9"": 22}","{""9"": 94, ""10"": 4925}",1504,0.8364849833147943,10,40.0,200.0,1,ns3,899,0.5,10,12,28,,,[],[],9>10:1,,11,32,
2026_07_15_01_26_56,000082,12,all-cluster-heads,docs\doc_workspace\SGCP\artifacts\early_from_late_checkpoint_20260719\enable_coperception_early_from_attentive.yaml,cov_potential_game,grid,utility,utility,none,0,0,,cov_coalition_game,7,,4;7;12,12;7;4,7;4,"{""4"": 50, ""7"": 27}","{""4"": 4812, ""7"": 1229, ""12"": 4915}",96656,42.82091212458287,10,40.0,200.0,1,ns3,899,0.5,10,12,28,,,[],[],4>12:8;7>12:2,,22,42,
2026_07_15_01_26_56,000082,13,all-cluster-heads,docs\doc_workspace\SGCP\artifacts\early_from_late_checkpoint_20260719\enable_coperception_early_from_attentive.yaml,cov_potential_game,grid,utility,utility,none,0,0,,cov_coalition_game,7,,13;14;19,13;14;19,14;19,"{""14"": 50, ""19"": 52}","{""13"": 4801, ""14"": 4873, ""19"": 4801}",154784,43.363737486095665,10,40.0,200.0,1,ns3,899,0.5,10,12,28,,,[],[],14>13:3;19>13:9,,4,20,
2026_07_15_01_26_56,000082,15,all-cluster-heads,docs\doc_workspace\SGCP\artifacts\early_from_late_checkpoint_20260719\enable_coperception_early_from_attentive.yaml,cov_potential_game,grid,utility,utility,none,0,0,,cov_coalition_game,7,,6;15,15;6,6,"{""6"": 22}","{""6"": 703, ""15"": 4758}",11248,6.2558398220244715,10,40.0,200.0,1,ns3,899,0.5,10,12,28,,,[],[],6>15:4,,14,18,
2026_07_15_01_26_56,000082,16,all-cluster-heads,docs\doc_workspace\SGCP\artifacts\early_from_late_checkpoint_20260719\enable_coperception_early_from_attentive.yaml,cov_potential_game,grid,utility,utility,none,0,0,,cov_coalition_game,7,,5;16;20,16;5,5,"{""5"": 17}","{""5"": 205, ""16"": 4908}",3280,1.8242491657397109,10,40.0,200.0,1,ns3,899,0.5,10,12,28,,,[],[],5>16:5,,10,25,
2026_07_15_01_26_56,000082,17,all-cluster-heads,docs\doc_workspace\SGCP\artifacts\early_from_late_checkpoint_20260719\enable_coperception_early_from_attentive.yaml,cov_potential_game,grid,utility,utility,none,0,0,,cov_coalition_game,7,,3;17;18,17;18;3,18;3,"{""3"": 52, ""18"": 36}","{""3"": 4858, ""17"": 4970, ""18"": 623}",87696,43.23025583982203,10,40.0,200.0,1,ns3,899,0.5,10,12,28,,,[],[],3>17:7;18>17:6,,8,18,
2026_07_15_01_26_56,000084,1,all-cluster-heads,docs\doc_workspace\SGCP\artifacts\early_from_late_checkpoint_20260719\enable_coperception_early_from_attentive.yaml,cov_potential_game,grid,utility,utility,none,0,0,,cov_coalition_game,6,,1;2;8;11,1;8,8,"{""8"": 25}","{""1"": 4932, ""8"": 286}",4576,2.5450500556173528,10,40.0,200.0,1,ns3,899,0.5,10,12,28,,,[],[],8>1:0,,18,31,
2026_07_15_01_26_56,000084,4,all-cluster-heads,docs\doc_workspace\SGCP\artifacts\early_from_late_checkpoint_20260719\enable_coperception_early_from_attentive.yaml,cov_potential_game,grid,utility,utility,none,0,0,,cov_coalition_game,6,,4;7;12;16,4;16;12,16;12,"{""12"": 47, ""16"": 35}","{""4"": 4841, ""12"": 4858, ""16"": 3468}",133216,43.23025583982203,10,40.0,200.0,1,ns3,899,0.5,10,12,28,,,[],[],12>4:8;16>4:1,,24,43,
2026_07_15_01_26_56,000084,5,all-cluster-heads,docs\doc_workspace\SGCP\artifacts\early_from_late_checkpoint_20260719\enable_coperception_early_from_attentive.yaml,cov_potential_game,grid,utility,utility,none,0,0,,cov_coalition_game,6,,5;9;10;20,5;10;20,10;20,"{""10"": 25, ""20"": 45}","{""5"": 4932, ""10"": 412, ""20"": 4884}",84736,43.46162402669633,10,40.0,200.0,1,ns3,899,0.5,10,12,28,,,[],[],10>5:2;20>5:9,,20,40,
2026_07_15_01_26_56,000084,13,all-cluster-heads,docs\doc_workspace\SGCP\artifacts\early_from_late_checkpoint_20260719\enable_coperception_early_from_attentive.yaml,cov_potential_game,grid,utility,utility,none,0,0,,cov_coalition_game,6,,13;14;19,13;14;19,14;19,"{""14"": 48, ""19"": 53}","{""13"": 4788, ""14"": 4865, ""19"": 4790}",154480,43.29254727474972,10,40.0,200.0,1,ns3,899,0.5,10,12,28,,,[],[],14>13:3;19>13:7,,2,20,
2026_07_15_01_26_56,000084,15,all-cluster-heads,docs\doc_workspace\SGCP\artifacts\early_from_late_checkpoint_20260719\enable_coperception_early_from_attentive.yaml,cov_potential_game,grid,utility,utility,none,0,0,,cov_coalition_game,6,,6;15,15;6,6,"{""6"": 22}","{""6"": 601, ""15"": 4766}",9616,5.3481646273637375,10,40.0,200.0,1,ns3,899,0.5,10,12,28,,,[],[],6>15:4,,16,18,
2026_07_15_01_26_56,000084,17,all-cluster-heads,docs\doc_workspace\SGCP\artifacts\early_from_late_checkpoint_20260719\enable_coperception_early_from_attentive.yaml,cov_potential_game,grid,utility,utility,none,0,0,,cov_coalition_game,6,,3;17;18,17;18;3,18;3,"{""3"": 54, ""18"": 37}","{""3"": 4848, ""17"": 4976, ""18"": 4197}",144720,43.1412680756396,10,40.0,200.0,1,ns3,899,0.5,10,12,28,,,[],[],3>17:6;18>17:5,,11,16,
2026_07_15_01_26_56,000086,1,all-cluster-heads,docs\doc_workspace\SGCP\artifacts\early_from_late_checkpoint_20260719\enable_coperception_early_from_attentive.yaml,cov_potential_game,grid,utility,utility,none,0,0,,cov_coalition_game,6,,1;2;11,1;11,11,"{""11"": 20}","{""1"": 4932, ""11"": 179}",2864,1.592880978865406,10,40.0,200.0,1,ns3,899,0.5,10,12,28,,,[],[],11>1:0,,16,32,
2026_07_15_01_26_56,000086,12,all-cluster-heads,docs\doc_workspace\SGCP\artifacts\early_from_late_checkpoint_20260719\enable_coperception_early_from_attentive.yaml,cov_potential_game,grid,utility,utility,none,0,0,,cov_coalition_game,6,,4;7;8;12,12;7;4,7;4,"{""4"": 48, ""7"": 28}","{""4"": 4812, ""7"": 1203, ""12"": 4938}",96240,42.82091212458287,10,40.0,200.0,1,ns3,899,0.5,10,12,28,,,[],[],4>12:8;7>12:1,,24,43,
2026_07_15_01_26_56,000086,13,all-cluster-heads,docs\doc_workspace\SGCP\artifacts\early_from_late_checkpoint_20260719\enable_coperception_early_from_attentive.yaml,cov_potential_game,grid,utility,utility,none,0,0,,cov_coalition_game,6,,10;13;14;19,13;14;19,14;19,"{""14"": 49, ""19"": 52}","{""13"": 4773, ""14"": 4863, ""19"": 4795}",154528,43.27474972191324,10,40.0,200.0,1,ns3,899,0.5,10,12,28,,,[],[],14>13:2;19>13:7,,1,20,
2026_07_15_01_26_56,000086,15,all-cluster-heads,docs\doc_workspace\SGCP\artifacts\early_from_late_checkpoint_20260719\enable_coperception_early_from_attentive.yaml,cov_potential_game,grid,utility,utility,none,0,0,,cov_coalition_game,6,,6;15,15;6,6,"{""6"": 22}","{""6"": 643, ""15"": 4762}",10288,5.721913236929923,10,40.0,200.0,1,ns3,899,0.5,10,12,28,,,[],[],6>15:3,,16,19,
2026_07_15_01_26_56,000086,17,all-cluster-heads,docs\doc_workspace\SGCP\artifacts\early_from_late_checkpoint_20260719\enable_coperception_early_from_attentive.yaml,cov_potential_game,grid,utility,utility,none,0,0,,cov_coalition_game,6,,3;17;18,17;18;3,18;3,"{""3"": 54, ""18"": 32}","{""3"": 4847, ""17"": 4971, ""18"": 778}",90000,43.13236929922136,10,40.0,200.0,1,ns3,899,0.5,10,12,28,,,[],[],3>17:6;18>17:4,,10,16,
2026_07_15_01_26_56,000086,20,all-cluster-heads,docs\doc_workspace\SGCP\artifacts\early_from_late_checkpoint_20260719\enable_coperception_early_from_attentive.yaml,cov_potential_game,grid,utility,utility,none,0,0,,cov_coalition_game,6,,5;9;16;20,20;9;5,9;5,"{""5"": 45, ""9"": 26}","{""5"": 4900, ""9"": 836, ""20"": 4905}",91776,43.604004449388206,10,40.0,200.0,1,ns3,899,0.5,10,12,28,,,[],[],5>20:9;9>20:5,,19,30,
2026_07_15_01_26_56,000088,1,all-cluster-heads,docs\doc_workspace\SGCP\artifacts\early_from_late_checkpoint_20260719\enable_coperception_early_from_attentive.yaml,cov_potential_game,grid,utility,utility,none,0,0,,cov_coalition_game,7,,1;2;8;11,1;8,8,"{""8"": 26}","{""1"": 4930, ""8"": 287}",4592,2.553948832035595,10,40.0,200.0,1,ns3,899,0.5,10,12,28,,,[],[],8>1:0,,16,31,
2026_07_15_01_26_56,000088,10,all-cluster-heads,docs\doc_workspace\SGCP\artifacts\early_from_late_checkpoint_20260719\enable_coperception_early_from_attentive.yaml,cov_potential_game,grid,utility,utility,none,0,0,,cov_coalition_game,7,,9;10,10;9,9,"{""9"": 18}","{""9"": 75, ""10"": 4929}",1200,0.6674082313681868,10,40.0,200.0,1,ns3,899,0.5,10,12,28,,,[],[],9>10:1,,13,32,
2026_07_15_01_26_56,000088,12,all-cluster-heads,docs\doc_workspace\SGCP\artifacts\early_from_late_checkpoint_20260719\enable_coperception_early_from_attentive.yaml,cov_potential_game,grid,utility,utility,none,0,0,,cov_coalition_game,7,,4;7;12,12;7;4,7;4,"{""4"": 49, ""7"": 28}","{""4"": 4818, ""7"": 1185, ""12"": 4937}",96048,42.87430478309232,10,40.0,200.0,1,ns3,899,0.5,10,12,28,,,[],[],4>12:9;7>12:2,,26,43,
2026_07_15_01_26_56,000088,13,all-cluster-heads,docs\doc_workspace\SGCP\artifacts\early_from_late_checkpoint_20260719\enable_coperception_early_from_attentive.yaml,cov_potential_game,grid,utility,utility,none,0,0,,cov_coalition_game,7,,13;14;19,13;14;19,14;19,"{""14"": 49, ""19"": 52}","{""13"": 4764, ""14"": 4884, ""19"": 4797}",154896,43.46162402669633,10,40.0,200.0,1,ns3,899,0.5,10,12,28,,,[],[],14>13:3;19>13:8,,0,20,
2026_07_15_01_26_56,000088,15,all-cluster-heads,docs\doc_workspace\SGCP\artifacts\early_from_late_checkpoint_20260719\enable_coperception_early_from_attentive.yaml,cov_potential_game,grid,utility,utility,none,0,0,,cov_coalition_game,7,,6;15,15;6,6,"{""6"": 25}","{""6"": 657, ""15"": 4772}",10512,5.846496106785318,10,40.0,200.0,1,ns3,899,0.5,10,12,28,,,[],[],6>15:4,,15,19,
2026_07_15_01_26_56,000088,16,all-cluster-heads,docs\doc_workspace\SGCP\artifacts\early_from_late_checkpoint_20260719\enable_coperception_early_from_attentive.yaml,cov_potential_game,grid,utility,utility,none,0,0,,cov_coalition_game,7,,5;16;20,16;5,5,"{""5"": 18}","{""5"": 181, ""16"": 4929}",2896,1.610678531701891,10,40.0,200.0,1,ns3,899,0.5,10,12,28,,,[],[],5>16:5,,14,24,
2026_07_15_01_26_56,000088,17,all-cluster-heads,docs\doc_workspace\SGCP\artifacts\early_from_late_checkpoint_20260719\enable_coperception_early_from_attentive.yaml,cov_potential_game,grid,utility,utility,none,0,0,,cov_coalition_game,7,,3;17;18,17;18;3,18;3,"{""3"": 54, ""18"": 35}","{""3"": 4856, ""17"": 4985, ""18"": 766}",89952,43.212458286985544,10,40.0,200.0,1,ns3,899,0.5,10,12,28,,,[],[],3>17:7;18>17:6,,10,16,
2026_07_15_01_26_56,000090,1,all-cluster-heads,docs\doc_workspace\SGCP\artifacts\early_from_late_checkpoint_20260719\enable_coperception_early_from_attentive.yaml,cov_potential_game,grid,utility,utility,none,0,0,,cov_coalition_game,6,,1;2;11,1;11,11,"{""11"": 23}","{""1"": 4930, ""11"": 188}",3008,1.6729699666295885,10,40.0,200.0,1,ns3,899,0.5,10,12,28,,,[],[],11>1:0,,17,33,
2026_07_15_01_26_56,000090,12,all-cluster-heads,docs\doc_workspace\SGCP\artifacts\early_from_late_checkpoint_20260719\enable_coperception_early_from_attentive.yaml,cov_potential_game,grid,utility,utility,none,0,0,,cov_coalition_game,6,,4;7;8;12,12;7;4,7;4,"{""4"": 52, ""7"": 30}","{""4"": 4823, ""7"": 1344, ""12"": 4954}",98672,42.91879866518354,10,40.0,200.0,1,ns3,899,0.5,10,12,28,,,[],[],4>12:7;7>12:1,,22,42,
2026_07_15_01_26_56,000090,13,all-cluster-heads,docs\doc_workspace\SGCP\artifacts\early_from_late_checkpoint_20260719\enable_coperception_early_from_attentive.yaml,cov_potential_game,grid,utility,utility,none,0,0,,cov_coalition_game,6,,10;13;14;19,13;14;19,14;19,"{""14"": 51, ""19"": 50}","{""13"": 4769, ""14"": 4839, ""19"": 4795}",154144,43.06117908787542,10,40.0,200.0,1,ns3,899,0.5,10,12,28,,,[],[],14>13:2;19>13:8,,2,19,
2026_07_15_01_26_56,000090,15,all-cluster-heads,docs\doc_workspace\SGCP\artifacts\early_from_late_checkpoint_20260719\enable_coperception_early_from_attentive.yaml,cov_potential_game,grid,utility,utility,none,0,0,,cov_coalition_game,6,,6;15,15;6,6,"{""6"": 23}","{""6"": 632, ""15"": 4768}",10112,5.6240266963292544,10,40.0,200.0,1,ns3,899,0.5,10,12,28,,,[],[],6>15:3,,15,19,
2026_07_15_01_26_56,000090,17,all-cluster-heads,docs\doc_workspace\SGCP\artifacts\early_from_late_checkpoint_20260719\enable_coperception_early_from_attentive.yaml,cov_potential_game,grid,utility,utility,none,0,0,,cov_coalition_game,6,,3;17;18,17;18;3,18;3,"{""3"": 54, ""18"": 37}","{""3"": 4840, ""17"": 5007, ""18"": 4227}",145072,43.070077864293665,10,40.0,200.0,1,ns3,899,0.5,10,12,28,,,[],[],3>17:6;18>17:4,,10,16,
2026_07_15_01_26_56,000090,20,all-cluster-heads,docs\doc_workspace\SGCP\artifacts\early_from_late_checkpoint_20260719\enable_coperception_early_from_attentive.yaml,cov_potential_game,grid,utility,utility,none,0,0,,cov_coalition_game,6,,5;9;16;20,20;9;5,9;5,"{""5"": 47, ""9"": 26}","{""5"": 4913, ""9"": 835, ""20"": 4905}",91968,43.71968854282536,10,40.0,200.0,1,ns3,899,0.5,10,12,28,,,[],[],5>20:9;9>20:5,,21,31,
2026_07_15_01_26_56,000092,1,all-cluster-heads,docs\doc_workspace\SGCP\artifacts\early_from_late_checkpoint_20260719\enable_coperception_early_from_attentive.yaml,cov_potential_game,grid,utility,utility,none,0,0,,cov_coalition_game,6,,1;2;11,1;11,11,"{""11"": 23}","{""1"": 4928, ""11"": 192}",3072,1.7085650723025585,10,40.0,200.0,1,ns3,899,0.5,10,12,28,,,[],[],11>1:0,,15,32,
2026_07_15_01_26_56,000092,12,all-cluster-heads,docs\doc_workspace\SGCP\artifacts\early_from_late_checkpoint_20260719\enable_coperception_early_from_attentive.yaml,cov_potential_game,grid,utility,utility,none,0,0,,cov_coalition_game,6,,4;7;8;12,12;7;4,7;4,"{""4"": 49, ""7"": 29}","{""4"": 4819, ""7"": 1236, ""12"": 4963}",96880,42.88320355951056,10,40.0,200.0,1,ns3,899,0.5,10,12,28,,,[],[],4>12:7;7>12:1,,22,42,
2026_07_15_01_26_56,000092,13,all-cluster-heads,docs\doc_workspace\SGCP\artifacts\early_from_late_checkpoint_20260719\enable_coperception_early_from_attentive.yaml,cov_potential_game,grid,utility,utility,none,0,0,,cov_coalition_game,6,,10;13;14;19,13;14;19,14;19,"{""14"": 51, ""19"": 49}","{""13"": 4781, ""14"": 4792, ""19"": 4782}",153184,42.64293659621802,10,40.0,200.0,1,ns3,899,0.5,10,12,28,,,[],[],14>13:2;19>13:9,,3,19,
2026_07_15_01_26_56,000092,15,all-cluster-heads,docs\doc_workspace\SGCP\artifacts\early_from_late_checkpoint_20260719\enable_coperception_early_from_attentive.yaml,cov_potential_game,grid,utility,utility,none,0,0,,cov_coalition_game,6,,6;15,15;6,6,"{""6"": 22}","{""6"": 629, ""15"": 4770}",10064,5.597330367074528,10,40.0,200.0,1,ns3,899,0.5,10,12,28,,,[],[],6>15:3,,14,19,
2026_07_15_01_26_56,000092,17,all-cluster-heads,docs\doc_workspace\SGCP\artifacts\early_from_late_checkpoint_20260719\enable_coperception_early_from_attentive.yaml,cov_potential_game,grid,utility,utility,none,0,0,,cov_coalition_game,6,,3;17;18,17;18;3,18;3,"{""3"": 55, ""18"": 38}","{""3"": 4865, ""17"": 5000, ""18"": 879}",91904,43.29254727474972,10,40.0,200.0,1,ns3,899,0.5,10,12,28,,,[],[],3>17:6;18>17:4,,9,16,
2026_07_15_01_26_56,000092,20,all-cluster-heads,docs\doc_workspace\SGCP\artifacts\early_from_late_checkpoint_20260719\enable_coperception_early_from_attentive.yaml,cov_potential_game,grid,utility,utility,none,0,0,,cov_coalition_game,6,,5;9;16;20,20;9;5,9;5,"{""5"": 47, ""9"": 26}","{""5"": 4929, ""9"": 835, ""20"": 4905}",92224,43.86206896551724,10,40.0,200.0,1,ns3,899,0.5,10,12,28,,,[],[],5>20:8;9>20:5,,20,31,
2026_07_15_01_26_56,000094,1,all-cluster-heads,docs\doc_workspace\SGCP\artifacts\early_from_late_checkpoint_20260719\enable_coperception_early_from_attentive.yaml,cov_potential_game,grid,utility,utility,none,0,0,,cov_coalition_game,6,,1;2;8;11,1;8,8,"{""8"": 25}","{""1"": 4929, ""8"": 288}",4608,2.5628476084538376,10,40.0,200.0,1,ns3,899,0.5,10,12,28,,,[],[],8>1:0,,18,29,
2026_07_15_01_26_56,000094,12,all-cluster-heads,docs\doc_workspace\SGCP\artifacts\early_from_late_checkpoint_20260719\enable_coperception_early_from_attentive.yaml,cov_potential_game,grid,utility,utility,none,0,0,,cov_coalition_game,6,,4;7;12,12;7;4,7;4,"{""4"": 51, ""7"": 28}","{""4"": 4823, ""7"": 1301, ""12"": 4976}",97984,42.91879866518354,10,40.0,200.0,1,ns3,899,0.5,10,12,28,,,[],[],4>12:7;7>12:1,,20,43,
2026_07_15_01_26_56,000094,13,all-cluster-heads,docs\doc_workspace\SGCP\artifacts\early_from_late_checkpoint_20260719\enable_coperception_early_from_attentive.yaml,cov_potential_game,grid,utility,utility,none,0,0,,cov_coalition_game,6,,10;13;14;19,13;14;19,14;19,"{""14"": 51, ""19"": 49}","{""13"": 4805, ""14"": 4730, ""19"": 4794}",152384,42.660734149054505,10,40.0,200.0,1,ns3,899,0.5,10,12,28,,,[],[],14>13:2;19>13:9,,3,19,
2026_07_15_01_26_56,000094,15,all-cluster-heads,docs\doc_workspace\SGCP\artifacts\early_from_late_checkpoint_20260719\enable_coperception_early_from_attentive.yaml,cov_potential_game,grid,utility,utility,none,0,0,,cov_coalition_game,6,,6;15,15;6,6,"{""6"": 24}","{""6"": 794, ""15"": 4772}",12704,7.065628476084538,10,40.0,200.0,1,ns3,899,0.5,10,12,28,,,[],[],6>15:3,,17,20,
2026_07_15_01_26_56,000094,17,all-cluster-heads,docs\doc_workspace\SGCP\artifacts\early_from_late_checkpoint_20260719\enable_coperception_early_from_attentive.yaml,cov_potential_game,grid,utility,utility,none,0,0,,cov_coalition_game,6,,3;16;17;18,17;18;3,18;3,"{""3"": 55, ""18"": 39}","{""3"": 4844, ""17"": 4995, ""18"": 835}",90864,43.10567296996663,10,40.0,200.0,1,ns3,899,0.5,10,12,28,,,[],[],3>17:6;18>17:4,,10,18,
2026_07_15_01_26_56,000094,20,all-cluster-heads,docs\doc_workspace\SGCP\artifacts\early_from_late_checkpoint_20260719\enable_coperception_early_from_attentive.yaml,cov_potential_game,grid,utility,utility,none,0,0,,cov_coalition_game,6,,5;9;20,20;9;5,9;5,"{""5"": 47, ""9"": 26}","{""5"": 4935, ""9"": 835, ""20"": 4905}",92320,43.9154616240267,10,40.0,200.0,1,ns3,899,0.5,10,12,28,,,[],[],5>20:8;9>20:5,,16,31,
2026_07_15_01_26_56,000096,1,all-cluster-heads,docs\doc_workspace\SGCP\artifacts\early_from_late_checkpoint_20260719\enable_coperception_early_from_attentive.yaml,cov_potential_game,grid,utility,utility,none,0,0,,cov_coalition_game,6,,1;2;8;11,1;8,8,"{""8"": 25}","{""1"": 4928, ""8"": 288}",4608,2.5628476084538376,10,40.0,200.0,1,ns3,899,0.5,10,12,28,,,[],[],8>1:0,,17,29,
2026_07_15_01_26_56,000096,12,all-cluster-heads,docs\doc_workspace\SGCP\artifacts\early_from_late_checkpoint_20260719\enable_coperception_early_from_attentive.yaml,cov_potential_game,grid,utility,utility,none,0,0,,cov_coalition_game,6,,4;7;12,12;7;4,7;4,"{""4"": 50, ""7"": 29}","{""4"": 4822, ""7"": 1300, ""12"": 4975}",97952,42.909899888765295,10,40.0,200.0,1,ns3,899,0.5,10,12,28,,,[],[],4>12:8;7>12:1,,21,39,
2026_07_15_01_26_56,000096,13,all-cluster-heads,docs\doc_workspace\SGCP\artifacts\early_from_late_checkpoint_20260719\enable_coperception_early_from_attentive.yaml,cov_potential_game,grid,utility,utility,none,0,0,,cov_coalition_game,6,,10;13;14;19,13;14;19,14;19,"{""14"": 50, ""19"": 49}","{""13"": 4751, ""14"": 3517, ""19"": 4791}",132928,42.63403781979978,10,40.0,200.0,1,ns3,899,0.5,10,12,28,,,[],[],14>13:2;19>13:9,,3,19,
2026_07_15_01_26_56,000096,15,all-cluster-heads,docs\doc_workspace\SGCP\artifacts\early_from_late_checkpoint_20260719\enable_coperception_early_from_attentive.yaml,cov_potential_game,grid,utility,utility,none,0,0,,cov_coalition_game,6,,6;15,15;6,6,"{""6"": 25}","{""6"": 792, ""15"": 4777}",12672,7.047830923248053,10,40.0,200.0,1,ns3,899,0.5,10,12,28,,,[],[],6>15:3,,19,19,
2026_07_15_01_26_56,000096,17,all-cluster-heads,docs\doc_workspace\SGCP\artifacts\early_from_late_checkpoint_20260719\enable_coperception_early_from_attentive.yaml,cov_potential_game,grid,utility,utility,none,0,0,,cov_coalition_game,6,,3;16;17;18,17;18;3,18;3,"{""3"": 52, ""18"": 40}","{""3"": 4824, ""17"": 4995, ""18"": 857}",90896,42.92769744160178,10,40.0,200.0,1,ns3,899,0.5,10,12,28,,,[],[],3>17:6;18>17:4,,12,18,
2026_07_15_01_26_56,000096,20,all-cluster-heads,docs\doc_workspace\SGCP\artifacts\early_from_late_checkpoint_20260719\enable_coperception_early_from_attentive.yaml,cov_potential_game,grid,utility,utility,none,0,0,,cov_coalition_game,6,,5;9;20,20;9;5,9;5,"{""5"": 51, ""9"": 26}","{""5"": 4927, ""9"": 834, ""20"": 4902}",92176,43.844271412680754,10,40.0,200.0,1,ns3,899,0.5,10,12,28,,,[],[],5>20:7;9>20:5,,19,31,
2026_07_15_01_26_56,000098,1,all-cluster-heads,docs\doc_workspace\SGCP\artifacts\early_from_late_checkpoint_20260719\enable_coperception_early_from_attentive.yaml,cov_potential_game,grid,utility,utility,none,0,0,,cov_coalition_game,6,,1;2;8;11,1;8,8,"{""8"": 25}","{""1"": 4927, ""8"": 288}",4608,2.5628476084538376,10,40.0,200.0,1,ns3,899,0.5,10,12,28,,,[],[],8>1:0,,19,29,
2026_07_15_01_26_56,000098,12,all-cluster-heads,docs\doc_workspace\SGCP\artifacts\early_from_late_checkpoint_20260719\enable_coperception_early_from_attentive.yaml,cov_potential_game,grid,utility,utility,none,0,0,,cov_coalition_game,6,,4;7;12,12;7;4,7;4,"{""4"": 48, ""7"": 32}","{""4"": 4821, ""7"": 2771, ""12"": 4968}",121472,42.901001112347046,10,40.0,200.0,1,ns3,899,0.5,10,12,28,,,[],[],4>12:8;7>12:1,,21,38,
2026_07_15_01_26_56,000098,13,all-cluster-heads,docs\doc_workspace\SGCP\artifacts\early_from_late_checkpoint_20260719\enable_coperception_early_from_attentive.yaml,cov_potential_game,grid,utility,utility,none,0,0,,cov_coalition_game,6,,10;13;14;19,13;14;19,14;19,"{""14"": 47, ""19"": 48}","{""13"": 4779, ""14"": 3418, ""19"": 4791}",131344,42.63403781979978,10,40.0,200.0,1,ns3,899,0.5,10,12,28,,,[],[],14>13:2;19>13:9,,2,19,
2026_07_15_01_26_56,000098,15,all-cluster-heads,docs\doc_workspace\SGCP\artifacts\early_from_late_checkpoint_20260719\enable_coperception_early_from_attentive.yaml,cov_potential_game,grid,utility,utility,none,0,0,,cov_coalition_game,6,,6;15,15;6,6,"{""6"": 23}","{""6"": 744, ""15"": 4783}",11904,6.620689655172414,10,40.0,200.0,1,ns3,899,0.5,10,12,28,,,[],[],6>15:3,,16,19,
2026_07_15_01_26_56,000098,17,all-cluster-heads,docs\doc_workspace\SGCP\artifacts\early_from_late_checkpoint_20260719\enable_coperception_early_from_attentive.yaml,cov_potential_game,grid,utility,utility,none,0,0,,cov_coalition_game,6,,3;16;17;18,17;18;3,18;3,"{""3"": 52, ""18"": 37}","{""3"": 4854, ""17"": 4986, ""18"": 874}",91648,43.19466073414905,10,40.0,200.0,1,ns3,899,0.5,10,12,28,,,[],[],3>17:6;18>17:4,,11,17,
2026_07_15_01_26_56,000098,20,all-cluster-heads,docs\doc_workspace\SGCP\artifacts\early_from_late_checkpoint_20260719\enable_coperception_early_from_attentive.yaml,cov_potential_game,grid,utility,utility,none,0,0,,cov_coalition_game,6,,5;9;20,20;9;5,9;5,"{""5"": 50, ""9"": 25}","{""5"": 4925, ""9"": 790, ""20"": 4903}",91440,43.82647385984427,10,40.0,200.0,1,ns3,899,0.5,10,12,28,,,[],[],5>20:7;9>20:5,,21,32,
2026_07_15_01_26_56,000100,1,all-cluster-heads,docs\doc_workspace\SGCP\artifacts\early_from_late_checkpoint_20260719\enable_coperception_early_from_attentive.yaml,cov_potential_game,grid,utility,utility,none,0,0,,cov_coalition_game,6,,1;2;8;11,1;8;11,8;11,"{""8"": 25, ""11"": 46}","{""1"": 4928, ""8"": 289, ""11"": 4813}",81632,42.82981090100111,10,40.0,200.0,1,ns3,899,0.5,10,12,28,,,[],[],8>1:0;11>1:9,,28,38,
2026_07_15_01_26_56,000100,12,all-cluster-heads,docs\doc_workspace\SGCP\artifacts\early_from_late_checkpoint_20260719\enable_coperception_early_from_attentive.yaml,cov_potential_game,grid,utility,utility,none,0,0,,cov_coalition_game,6,,4;7;12,12;7;4,7;4,"{""4"": 47, ""7"": 32}","{""4"": 4815, ""7"": 2110, ""12"": 4970}",110800,42.847608453837594,10,40.0,200.0,1,ns3,899,0.5,10,12,28,,,[],[],4>12:8;7>12:1,,23,38,
2026_07_15_01_26_56,000100,13,all-cluster-heads,docs\doc_workspace\SGCP\artifacts\early_from_late_checkpoint_20260719\enable_coperception_early_from_attentive.yaml,cov_potential_game,grid,utility,utility,none,0,0,,cov_coalition_game,6,,10;13;14;19,13;14,14,"{""14"": 45}","{""13"": 4758, ""14"": 3277}",52432,29.161290322580644,10,40.0,200.0,1,ns3,899,0.5,10,12,28,,,[],[],14>13:2,,0,10,
2026_07_15_01_26_56,000100,15,all-cluster-heads,docs\doc_workspace\SGCP\artifacts\early_from_late_checkpoint_20260719\enable_coperception_early_from_attentive.yaml,cov_potential_game,grid,utility,utility,none,0,0,,cov_coalition_game,6,,6;15,15;6,6,"{""6"": 22}","{""6"": 692, ""15"": 4775}",11072,6.157953281423804,10,40.0,200.0,1,ns3,899,0.5,10,12,28,,,[],[],6>15:3,,17,20,
2026_07_15_01_26_56,000100,17,all-cluster-heads,docs\doc_workspace\SGCP\artifacts\early_from_late_checkpoint_20260719\enable_coperception_early_from_attentive.yaml,cov_potential_game,grid,utility,utility,none,0,0,,cov_coalition_game,6,,3;16;17;18,17;18;3,18;3,"{""3"": 51, ""18"": 41}","{""3"": 4835, ""17"": 4995, ""18"": 4386}",147536,43.02558398220245,10,40.0,200.0,1,ns3,899,0.5,10,12,28,,,[],[],3>17:6;18>17:4,,11,17,
2026_07_15_01_26_56,000100,20,all-cluster-heads,docs\doc_workspace\SGCP\artifacts\early_from_late_checkpoint_20260719\enable_coperception_early_from_attentive.yaml,cov_potential_game,grid,utility,utility,none,0,0,,cov_coalition_game,6,,5;9;20,20;9;5,9;5,"{""5"": 51, ""9"": 26}","{""5"": 4911, ""9"": 791, ""20"": 4903}",91232,43.701890989988875,10,40.0,200.0,1,ns3,899,0.5,10,12,28,,,[],[],5>20:7;9>20:5,,18,31,
2026_07_15_01_26_56,000102,1,all-cluster-heads,docs\doc_workspace\SGCP\artifacts\early_from_late_checkpoint_20260719\enable_coperception_early_from_attentive.yaml,cov_potential_game,grid,utility,utility,none,0,0,,cov_coalition_game,6,,1;2;11,1;11,11,"{""11"": 24}","{""1"": 4929, ""11"": 194}",3104,1.7263626251390434,10,40.0,200.0,1,ns3,899,0.5,10,12,28,,,[],[],11>1:0,,18,30,
2026_07_15_01_26_56,000102,12,all-cluster-heads,docs\doc_workspace\SGCP\artifacts\early_from_late_checkpoint_20260719\enable_coperception_early_from_attentive.yaml,cov_potential_game,grid,utility,utility,none,0,0,,cov_coalition_game,6,,4;7;8;12,12;7;4,7;4,"{""4"": 46, ""7"": 31}","{""4"": 4794, ""7"": 2072, ""12"": 4965}",109856,42.660734149054505,10,40.0,200.0,1,ns3,899,0.5,10,12,28,,,[],[],4>12:8;7>12:1,,21,38,
2026_07_15_01_26_56,000102,13,all-cluster-heads,docs\doc_workspace\SGCP\artifacts\early_from_late_checkpoint_20260719\enable_coperception_early_from_attentive.yaml,cov_potential_game,grid,utility,utility,none,0,0,,cov_coalition_game,6,,10;13;14;19,13;14;19,14;19,"{""14"": 46, ""19"": 49}","{""13"": 4787, ""14"": 4389, ""19"": 4780}",146704,42.53615127919911,10,40.0,200.0,1,ns3,899,0.5,10,12,28,,,[],[],14>13:2;19>13:9,,0,17,
2026_07_15_01_26_56,000102,15,all-cluster-heads,docs\doc_workspace\SGCP\artifacts\early_from_late_checkpoint_20260719\enable_coperception_early_from_attentive.yaml,cov_potential_game,grid,utility,utility,none,0,0,,cov_coalition_game,6,,6;15,15;6,6,"{""6"": 27}","{""6"": 515, ""15"": 4798}",8240,4.5828698553948835,10,40.0,200.0,1,ns3,899,0.5,10,12,28,,,[],[],6>15:3,,18,22,
2026_07_15_01_26_56,000102,17,all-cluster-heads,docs\doc_workspace\SGCP\artifacts\early_from_late_checkpoint_20260719\enable_coperception_early_from_attentive.yaml,cov_potential_game,grid,utility,utility,none,0,0,,cov_coalition_game,6,,3;16;17;18,17;18;3,18;3,"{""3"": 52, ""18"": 37}","{""3"": 4850, ""17"": 4990, ""18"": 4409}",148144,43.159065628476085,10,40.0,200.0,1,ns3,899,0.5,10,12,28,,,[],[],3>17:6;18>17:4,,12,17,
2026_07_15_01_26_56,000102,20,all-cluster-heads,docs\doc_workspace\SGCP\artifacts\early_from_late_checkpoint_20260719\enable_coperception_early_from_attentive.yaml,cov_potential_game,grid,utility,utility,none,0,0,,cov_coalition_game,6,,5;9;20,20;9;5,9;5,"{""5"": 52, ""9"": 26}","{""5"": 4952, ""9"": 791, ""20"": 4902}",91888,44.06674082313682,10,40.0,200.0,1,ns3,899,0.5,10,12,28,,,[],[],5>20:7;9>20:5,,19,33,
2026_07_15_01_26_56,000104,1,all-cluster-heads,docs\doc_workspace\SGCP\artifacts\early_from_late_checkpoint_20260719\enable_coperception_early_from_attentive.yaml,cov_potential_game,grid,utility,utility,none,0,0,,cov_coalition_game,6,,1;2;8;11,1;8;11,8;11,"{""8"": 25, ""11"": 47}","{""1"": 4929, ""8"": 290, ""11"": 4814}",81664,42.83870967741935,10,40.0,200.0,1,ns3,899,0.5,10,12,28,,,[],[],8>1:0;11>1:9,,26,38,
2026_07_15_01_26_56,000104,12,all-cluster-heads,docs\doc_workspace\SGCP\artifacts\early_from_late_checkpoint_20260719\enable_coperception_early_from_attentive.yaml,cov_potential_game,grid,utility,utility,none,0,0,,cov_coalition_game,6,,4;7;12,12;7;4,7;4,"{""4"": 46, ""7"": 32}","{""4"": 4764, ""7"": 2109, ""12"": 4988}",109968,42.39377085650723,10,40.0,200.0,1,ns3,899,0.5,10,12,28,,,[],[],4>12:8;7>12:1,,20,38,
2026_07_15_01_26_56,000104,13,all-cluster-heads,docs\doc_workspace\SGCP\artifacts\early_from_late_checkpoint_20260719\enable_coperception_early_from_attentive.yaml,cov_potential_game,grid,utility,utility,none,0,0,,cov_coalition_game,6,,10;13;14;19,13;14,14,"{""14"": 46}","{""13"": 4747, ""14"": 2940}",47040,26.162402669632925,10,40.0,200.0,1,ns3,899,0.5,10,12,28,,,[],[],14>13:2,,0,9,
2026_07_15_01_26_56,000104,15,all-cluster-heads,docs\doc_workspace\SGCP\artifacts\early_from_late_checkpoint_20260719\enable_coperception_early_from_attentive.yaml,cov_potential_game,grid,utility,utility,none,0,0,,cov_coalition_game,6,,6;15,15;6,6,"{""6"": 27}","{""6"": 518, ""15"": 4777}",8288,4.60956618464961,10,40.0,200.0,1,ns3,899,0.5,10,12,28,,,[],[],6>15:3,,18,23,
2026_07_15_01_26_56,000104,17,all-cluster-heads,docs\doc_workspace\SGCP\artifacts\early_from_late_checkpoint_20260719\enable_coperception_early_from_attentive.yaml,cov_potential_game,grid,utility,utility,none,0,0,,cov_coalition_game,6,,3;16;17;18,17;18;3,18;3,"{""3"": 50, ""18"": 41}","{""3"": 4817, ""17"": 4979, ""18"": 4365}",146912,42.86540600667408,10,40.0,200.0,1,ns3,899,0.5,10,12,28,,,[],[],3>17:7;18>17:4,,12,18,
2026_07_15_01_26_56,000104,20,all-cluster-heads,docs\doc_workspace\SGCP\artifacts\early_from_late_checkpoint_20260719\enable_coperception_early_from_attentive.yaml,cov_potential_game,grid,utility,utility,none,0,0,,cov_coalition_game,6,,5;9;20,20;9;5,9;5,"{""5"": 51, ""9"": 26}","{""5"": 4930, ""9"": 791, ""20"": 4900}",91536,43.87096774193548,10,40.0,200.0,1,ns3,899,0.5,10,12,28,,,[],[],5>20:6;9>20:5,,21,32,
2026_07_15_01_26_56,000106,1,all-cluster-heads,docs\doc_workspace\SGCP\artifacts\early_from_late_checkpoint_20260719\enable_coperception_early_from_attentive.yaml,cov_potential_game,grid,utility,utility,none,0,0,,cov_coalition_game,7,,1;2;8;11,1;8,8,"{""8"": 25}","{""1"": 4928, ""8"": 290}",4640,2.5806451612903225,10,40.0,200.0,1,ns3,899,0.5,10,12,28,,,[],[],8>1:0,,19,29,
2026_07_15_01_26_56,000106,10,all-cluster-heads,docs\doc_workspace\SGCP\artifacts\early_from_late_checkpoint_20260719\enable_coperception_early_from_attentive.yaml,cov_potential_game,grid,utility,utility,none,0,0,,cov_coalition_game,7,,9;10,10;9,9,"{""9"": 19}","{""9"": 81, ""10"": 4930}",1296,0.7208008898776418,10,40.0,200.0,1,ns3,899,0.5,10,12,28,,,[],[],9>10:1,,13,30,
2026_07_15_01_26_56,000106,12,all-cluster-heads,docs\doc_workspace\SGCP\artifacts\early_from_late_checkpoint_20260719\enable_coperception_early_from_attentive.yaml,cov_potential_game,grid,utility,utility,none,0,0,,cov_coalition_game,7,,4;7;12,12;7;4,7;4,"{""4"": 45, ""7"": 32}","{""4"": 4760, ""7"": 2109, ""12"": 4987}",109904,42.35817575083426,10,40.0,200.0,1,ns3,899,0.5,10,12,28,,,[],[],4>12:9;7>12:2,,21,38,
2026_07_15_01_26_56,000106,13,all-cluster-heads,docs\doc_workspace\SGCP\artifacts\early_from_late_checkpoint_20260719\enable_coperception_early_from_attentive.yaml,cov_potential_game,grid,utility,utility,none,0,0,,cov_coalition_game,7,,13;14;19,13;14;19,14;19,"{""14"": 45, ""19"": 50}","{""13"": 4753, ""14"": 4162, ""19"": 4792}",143264,42.64293659621802,10,40.0,200.0,1,ns3,899,0.5,10,12,28,,,[],[],14>13:3;19>13:8,,3,19,
2026_07_15_01_26_56,000106,15,all-cluster-heads,docs\doc_workspace\SGCP\artifacts\early_from_late_checkpoint_20260719\enable_coperception_early_from_attentive.yaml,cov_potential_game,grid,utility,utility,none,0,0,,cov_coalition_game,7,,6;15,15;6,6,"{""6"": 28}","{""6"": 510, ""15"": 4779}",8160,4.538375973303671,10,40.0,200.0,1,ns3,899,0.5,10,12,28,,,[],[],6>15:4,,16,23,
2026_07_15_01_26_56,000106,17,all-cluster-heads,docs\doc_workspace\SGCP\artifacts\early_from_late_checkpoint_20260719\enable_coperception_early_from_attentive.yaml,cov_potential_game,grid,utility,utility,none,0,0,,cov_coalition_game,7,,3;16;17;18,17;18;3,18;3,"{""3"": 51, ""18"": 37}","{""3"": 4835, ""17"": 4994, ""18"": 4361}",147136,43.02558398220245,10,40.0,200.0,1,ns3,899,0.5,10,12,28,,,[],[],3>17:7;18>17:5,,11,17,
2026_07_15_01_26_56,000106,20,all-cluster-heads,docs\doc_workspace\SGCP\artifacts\early_from_late_checkpoint_20260719\enable_coperception_early_from_attentive.yaml,cov_potential_game,grid,utility,utility,none,0,0,,cov_coalition_game,7,,5;20,20;5,5,"{""5"": 10}","{""5"": 31, ""20"": 4900}",496,0.27586206896551724,10,40.0,200.0,1,ns3,899,0.5,10,12,28,,,[],[],5>20:6,,18,27,
2026_07_15_01_26_56,000108,1,all-cluster-heads,docs\doc_workspace\SGCP\artifacts\early_from_late_checkpoint_20260719\enable_coperception_early_from_attentive.yaml,cov_potential_game,grid,utility,utility,none,0,0,,cov_coalition_game,7,,1;2;8;11,1;8;11,8;11,"{""8"": 26, ""11"": 46}","{""1"": 4928, ""8"": 288, ""11"": 4807}",81520,42.77641824249166,10,40.0,200.0,1,ns3,899,0.5,10,12,28,,,[],[],8>1:0;11>1:8,,27,40,
2026_07_15_01_26_56,000108,10,all-cluster-heads,docs\doc_workspace\SGCP\artifacts\early_from_late_checkpoint_20260719\enable_coperception_early_from_attentive.yaml,cov_potential_game,grid,utility,utility,none,0,0,,cov_coalition_game,7,,9;10,10;9,9,"{""9"": 19}","{""9"": 82, ""10"": 4928}",1312,0.7296996662958843,10,40.0,200.0,1,ns3,899,0.5,10,12,28,,,[],[],9>10:1,,13,30,
2026_07_15_01_26_56,000108,12,all-cluster-heads,docs\doc_workspace\SGCP\artifacts\early_from_late_checkpoint_20260719\enable_coperception_early_from_attentive.yaml,cov_potential_game,grid,utility,utility,none,0,0,,cov_coalition_game,7,,4;7;12,12;7;4,7;4,"{""4"": 44, ""7"": 31}","{""4"": 4789, ""7"": 2072, ""12"": 4997}",109776,42.61624026696329,10,40.0,200.0,1,ns3,899,0.5,10,12,28,,,[],[],4>12:9;7>12:2,,23,39,
2026_07_15_01_26_56,000108,13,all-cluster-heads,docs\doc_workspace\SGCP\artifacts\early_from_late_checkpoint_20260719\enable_coperception_early_from_attentive.yaml,cov_potential_game,grid,utility,utility,none,0,0,,cov_coalition_game,7,,13;14;19,13;14,14,"{""14"": 43}","{""13"": 4757, ""14"": 2707}",43312,24.088987764182423,10,40.0,200.0,1,ns3,899,0.5,10,12,28,,,[],[],14>13:3,,0,9,
2026_07_15_01_26_56,000108,15,all-cluster-heads,docs\doc_workspace\SGCP\artifacts\early_from_late_checkpoint_20260719\enable_coperception_early_from_attentive.yaml,cov_potential_game,grid,utility,utility,none,0,0,,cov_coalition_game,7,,6;15,15;6,6,"{""6"": 30}","{""6"": 882, ""15"": 4792}",14112,7.848720800889877,10,40.0,200.0,1,ns3,899,0.5,10,12,28,,,[],[],6>15:4,,17,24,
2026_07_15_01_26_56,000108,17,all-cluster-heads,docs\doc_workspace\SGCP\artifacts\early_from_late_checkpoint_20260719\enable_coperception_early_from_attentive.yaml,cov_potential_game,grid,utility,utility,none,0,0,,cov_coalition_game,7,,3;16;17;18,17;18;3,18;3,"{""3"": 53, ""18"": 39}","{""3"": 4801, ""17"": 4998, ""18"": 4385}",146976,42.7230255839822,10,40.0,200.0,1,ns3,899,0.5,10,12,28,,,[],[],3>17:7;18>17:5,,12,16,
2026_07_15_01_26_56,000108,20,all-cluster-heads,docs\doc_workspace\SGCP\artifacts\early_from_late_checkpoint_20260719\enable_coperception_early_from_attentive.yaml,cov_potential_game,grid,utility,utility,none,0,0,,cov_coalition_game,7,,5;20,20;5,5,"{""5"": 10}","{""5"": 33, ""20"": 4899}",528,0.2936596218020022,10,40.0,200.0,1,ns3,899,0.5,10,12,28,,,[],[],5>20:6,,16,28,
2026_07_15_01_26_56,000110,1,all-cluster-heads,docs\doc_workspace\SGCP\artifacts\early_from_late_checkpoint_20260719\enable_coperception_early_from_attentive.yaml,cov_potential_game,grid,utility,utility,none,0,0,,cov_coalition_game,7,,1;2;11,1;11,11,"{""11"": 23}","{""1"": 4928, ""11"": 197}",3152,1.753058954393771,10,40.0,200.0,1,ns3,899,0.5,10,12,28,,,[],[],11>1:0,,15,32,
2026_07_15_01_26_56,000110,10,all-cluster-heads,docs\doc_workspace\SGCP\artifacts\early_from_late_checkpoint_20260719\enable_coperception_early_from_attentive.yaml,cov_potential_game,grid,utility,utility,none,0,0,,cov_coalition_game,7,,9;10,10;9,9,"{""9"": 19}","{""9"": 83, ""10"": 4929}",1328,0.7385984427141268,10,40.0,200.0,1,ns3,899,0.5,10,12,28,,,[],[],9>10:1,,12,30,
2026_07_15_01_26_56,000110,12,all-cluster-heads,docs\doc_workspace\SGCP\artifacts\early_from_late_checkpoint_20260719\enable_coperception_early_from_attentive.yaml,cov_potential_game,grid,utility,utility,none,0,0,,cov_coalition_game,7,,4;7;8;12,12;7;4,7;4,"{""4"": 45, ""7"": 31}","{""4"": 4789, ""7"": 2108, ""12"": 4997}",110352,42.61624026696329,10,40.0,200.0,1,ns3,899,0.5,10,12,28,,,[],[],4>12:8;7>12:2,,22,38,
2026_07_15_01_26_56,000110,13,all-cluster-heads,docs\doc_workspace\SGCP\artifacts\early_from_late_checkpoint_20260719\enable_coperception_early_from_attentive.yaml,cov_potential_game,grid,utility,utility,none,0,0,,cov_coalition_game,7,,13;14;19,13;14;19,14;19,"{""14"": 43, ""19"": 46}","{""13"": 4738, ""14"": 2640, ""19"": 4779}",118704,42.52725250278087,10,40.0,200.0,1,ns3,899,0.5,10,12,28,,,[],[],14>13:3;19>13:9,,0,19,
2026_07_15_01_26_56,000110,15,all-cluster-heads,docs\doc_workspace\SGCP\artifacts\early_from_late_checkpoint_20260719\enable_coperception_early_from_attentive.yaml,cov_potential_game,grid,utility,utility,none,0,0,,cov_coalition_game,7,,6;15,15;6,6,"{""6"": 29}","{""6"": 837, ""15"": 4814}",13392,7.448275862068965,10,40.0,200.0,1,ns3,899,0.5,10,12,28,,,[],[],6>15:4,,16,24,
2026_07_15_01_26_56,000110,17,all-cluster-heads,docs\doc_workspace\SGCP\artifacts\early_from_late_checkpoint_20260719\enable_coperception_early_from_attentive.yaml,cov_potential_game,grid,utility,utility,none,0,0,,cov_coalition_game,7,,3;16;17;18,17;18;3,18;3,"{""3"": 51, ""18"": 40}","{""3"": 4805, ""17"": 5003, ""18"": 4399}",147264,42.75862068965517,10,40.0,200.0,1,ns3,899,0.5,10,12,28,,,[],[],3>17:7;18>17:5,,10,15,
2026_07_15_01_26_56,000110,20,all-cluster-heads,docs\doc_workspace\SGCP\artifacts\early_from_late_checkpoint_20260719\enable_coperception_early_from_attentive.yaml,cov_potential_game,grid,utility,utility,none,0,0,,cov_coalition_game,7,,5;20,20;5,5,"{""5"": 10}","{""5"": 39, ""20"": 4898}",624,0.3470522803114572,10,40.0,200.0,1,ns3,899,0.5,10,12,28,,,[],[],5>20:6,,16,28,
2026_07_15_01_26_56,000112,1,all-cluster-heads,docs\doc_workspace\SGCP\artifacts\early_from_late_checkpoint_20260719\enable_coperception_early_from_attentive.yaml,cov_potential_game,grid,utility,utility,none,0,0,,cov_coalition_game,7,,1;2;8;11,1;8;11,8;11,"{""8"": 27, ""11"": 45}","{""1"": 4926, ""8"": 289, ""11"": 4807}",81536,42.77641824249166,10,40.0,200.0,1,ns3,899,0.5,10,12,28,,,[],[],8>1:0;11>1:9,,24,39,
2026_07_15_01_26_56,000112,10,all-cluster-heads,docs\doc_workspace\SGCP\artifacts\early_from_late_checkpoint_20260719\enable_coperception_early_from_attentive.yaml,cov_potential_game,grid,utility,utility,none,0,0,,cov_coalition_game,7,,9;10,10;9,9,"{""9"": 19}","{""9"": 84, ""10"": 4928}",1344,0.7474972191323693,10,40.0,200.0,1,ns3,899,0.5,10,12,28,,,[],[],9>10:1,,11,30,
2026_07_15_01_26_56,000112,12,all-cluster-heads,docs\doc_workspace\SGCP\artifacts\early_from_late_checkpoint_20260719\enable_coperception_early_from_attentive.yaml,cov_potential_game,grid,utility,utility,none,0,0,,cov_coalition_game,7,,4;7;12,12;7;4,7;4,"{""4"": 45, ""7"": 31}","{""4"": 4794, ""7"": 2109, ""12"": 5013}",110448,42.660734149054505,10,40.0,200.0,1,ns3,899,0.5,10,12,28,,,[],[],4>12:8;7>12:2,,23,38,
2026_07_15_01_26_56,000112,13,all-cluster-heads,docs\doc_workspace\SGCP\artifacts\early_from_late_checkpoint_20260719\enable_coperception_early_from_attentive.yaml,cov_potential_game,grid,utility,utility,none,0,0,,cov_coalition_game,7,,13;14;19,13;14,14,"{""14"": 41}","{""13"": 4707, ""14"": 2537}",40592,22.5761957730812,10,40.0,200.0,1,ns3,899,0.5,10,12,28,,,[],[],14>13:3,,2,7,
2026_07_15_01_26_56,000112,15,all-cluster-heads,docs\doc_workspace\SGCP\artifacts\early_from_late_checkpoint_20260719\enable_coperception_early_from_attentive.yaml,cov_potential_game,grid,utility,utility,none,0,0,,cov_coalition_game,7,,6;15,15;6,6,"{""6"": 29}","{""6"": 802, ""15"": 4776}",12832,7.136818687430479,10,40.0,200.0,1,ns3,899,0.5,10,12,28,,,[],[],6>15:4,,13,23,
2026_07_15_01_26_56,000112,17,all-cluster-heads,docs\doc_workspace\SGCP\artifacts\early_from_late_checkpoint_20260719\enable_coperception_early_from_attentive.yaml,cov_potential_game,grid,utility,utility,none,0,0,,cov_coalition_game,7,,3;16;17;18,17;18;3,18;3,"{""3"": 49, ""18"": 42}","{""3"": 4797, ""17"": 4995, ""18"": 4416}",147408,42.68743047830923,10,40.0,200.0,1,ns3,899,0.5,10,12,28,,,[],[],3>17:7;18>17:5,,7,14,
2026_07_15_01_26_56,000112,20,all-cluster-heads,docs\doc_workspace\SGCP\artifacts\early_from_late_checkpoint_20260719\enable_coperception_early_from_attentive.yaml,cov_potential_game,grid,utility,utility,none,0,0,,cov_coalition_game,7,,5;20,20;5,5,"{""5"": 12}","{""5"": 34, ""20"": 4898}",544,0.3025583982202447,10,40.0,200.0,1,ns3,899,0.5,10,12,28,,,[],[],5>20:6,,17,29,
2026_07_15_01_26_56,000114,1,all-cluster-heads,docs\doc_workspace\SGCP\artifacts\early_from_late_checkpoint_20260719\enable_coperception_early_from_attentive.yaml,cov_potential_game,grid,utility,utility,none,0,0,,cov_coalition_game,7,,1;2;8;11,1;8;11,8;11,"{""8"": 27, ""11"": 45}","{""1"": 4926, ""8"": 304, ""11"": 4806}",81760,42.767519466073416,10,40.0,200.0,1,ns3,899,0.5,10,12,28,,,[],[],8>1:0;11>1:9,,25,39,
2026_07_15_01_26_56,000114,10,all-cluster-heads,docs\doc_workspace\SGCP\artifacts\early_from_late_checkpoint_20260719\enable_coperception_early_from_attentive.yaml,cov_potential_game,grid,utility,utility,none,0,0,,cov_coalition_game,7,,9;10,10;9,9,"{""9"": 19}","{""9"": 87, ""10"": 4928}",1392,0.7741935483870968,10,40.0,200.0,1,ns3,899,0.5,10,12,28,,,[],[],9>10:1,,12,30,
2026_07_15_01_26_56,000114,12,all-cluster-heads,docs\doc_workspace\SGCP\artifacts\early_from_late_checkpoint_20260719\enable_coperception_early_from_attentive.yaml,cov_potential_game,grid,utility,utility,none,0,0,,cov_coalition_game,7,,4;7;12,12;7,7,"{""7"": 32}","{""7"": 2812, ""12"": 5019}",44992,25.023359288097886,10,40.0,200.0,1,ns3,899,0.5,10,12,28,,,[],[],7>12:2,,16,25,
2026_07_15_01_26_56,000114,13,all-cluster-heads,docs\doc_workspace\SGCP\artifacts\early_from_late_checkpoint_20260719\enable_coperception_early_from_attentive.yaml,cov_potential_game,grid,utility,utility,none,0,0,,cov_coalition_game,7,,13;14;19,13;14;19,14;19,"{""14"": 41, ""19"": 49}","{""13"": 4726, ""14"": 2506, ""19"": 4776}",116512,42.50055617352614,10,40.0,200.0,1,ns3,899,0.5,10,12,28,,,[],[],14>13:3;19>13:8,,2,18,
2026_07_15_01_26_56,000114,15,all-cluster-heads,docs\doc_workspace\SGCP\artifacts\early_from_late_checkpoint_20260719\enable_coperception_early_from_attentive.yaml,cov_potential_game,grid,utility,utility,none,0,0,,cov_coalition_game,7,,6;15,15;6,6,"{""6"": 28}","{""6"": 784, ""15"": 4789}",12544,6.976640711902114,10,40.0,200.0,1,ns3,899,0.5,10,12,28,,,[],[],6>15:4,,17,23,
2026_07_15_01_26_56,000114,17,all-cluster-heads,docs\doc_workspace\SGCP\artifacts\early_from_late_checkpoint_20260719\enable_coperception_early_from_attentive.yaml,cov_potential_game,grid,utility,utility,none,0,0,,cov_coalition_game,7,,3;16;17;18,17;18;3,18;3,"{""3"": 51, ""18"": 43}","{""3"": 4781, ""17"": 5006, ""18"": 4490}",148336,42.54505005561735,10,40.0,200.0,1,ns3,899,0.5,10,12,28,,,[],[],3>17:7;18>17:5,,10,14,
2026_07_15_01_26_56,000114,20,all-cluster-heads,docs\doc_workspace\SGCP\artifacts\early_from_late_checkpoint_20260719\enable_coperception_early_from_attentive.yaml,cov_potential_game,grid,utility,utility,none,0,0,,cov_coalition_game,7,,5;20,20;5,5,"{""5"": 12}","{""5"": 43, ""20"": 4899}",688,0.38264738598442716,10,40.0,200.0,1,ns3,899,0.5,10,12,28,,,[],[],5>20:6,,14,29,
2026_07_15_01_26_56,000116,1,all-cluster-heads,docs\doc_workspace\SGCP\artifacts\early_from_late_checkpoint_20260719\enable_coperception_early_from_attentive.yaml,cov_potential_game,grid,utility,utility,none,0,0,,cov_coalition_game,7,,1;2;8;11,1;8,8,"{""8"": 27}","{""1"": 4926, ""8"": 304}",4864,2.7052280311457175,10,40.0,200.0,1,ns3,899,0.5,10,12,28,,,[],[],8>1:0,,19,30,
2026_07_15_01_26_56,000116,10,all-cluster-heads,docs\doc_workspace\SGCP\artifacts\early_from_late_checkpoint_20260719\enable_coperception_early_from_attentive.yaml,cov_potential_game,grid,utility,utility,none,0,0,,cov_coalition_game,7,,9;10,10;9,9,"{""9"": 20}","{""9"": 88, ""10"": 4925}",1408,0.7830923248053393,10,40.0,200.0,1,ns3,899,0.5,10,12,28,,,[],[],9>10:1,,13,30,
2026_07_15_01_26_56,000116,12,all-cluster-heads,docs\doc_workspace\SGCP\artifacts\early_from_late_checkpoint_20260719\enable_coperception_early_from_attentive.yaml,cov_potential_game,grid,utility,utility,none,0,0,,cov_coalition_game,7,,4;7;12,12;7;4,7;4,"{""4"": 45, ""7"": 32}","{""4"": 4808, ""7"": 2814, ""12"": 4999}",121952,42.7853170189099,10,40.0,200.0,1,ns3,899,0.5,10,12,28,,,[],[],4>12:8;7>12:2,,24,39,
2026_07_15_01_26_56,000116,13,all-cluster-heads,docs\doc_workspace\SGCP\artifacts\early_from_late_checkpoint_20260719\enable_coperception_early_from_attentive.yaml,cov_potential_game,grid,utility,utility,none,0,0,,cov_coalition_game,7,,13;14;19,13;14;19,14;19,"{""14"": 40, ""19"": 48}","{""13"": 4746, ""14"": 2466, ""19"": 4769}",115760,42.43826473859844,10,40.0,200.0,1,ns3,899,0.5,10,12,28,,,[],[],14>13:3;19>13:9,,2,18,
2026_07_15_01_26_56,000116,15,all-cluster-heads,docs\doc_workspace\SGCP\artifacts\early_from_late_checkpoint_20260719\enable_coperception_early_from_attentive.yaml,cov_potential_game,grid,utility,utility,none,0,0,,cov_coalition_game,7,,6;15,15;6,6,"{""6"": 27}","{""6"": 753, ""15"": 4804}",12048,6.700778642936596,10,40.0,200.0,1,ns3,899,0.5,10,12,28,,,[],[],6>15:4,,19,23,
2026_07_15_01_26_56,000116,17,all-cluster-heads,docs\doc_workspace\SGCP\artifacts\early_from_late_checkpoint_20260719\enable_coperception_early_from_attentive.yaml,cov_potential_game,grid,utility,utility,none,0,0,,cov_coalition_game,7,,3;16;17;18,17;18;3,18;3,"{""3"": 48, ""18"": 47}","{""3"": 4751, ""17"": 5014, ""18"": 4495}",147936,42.27808676307008,10,40.0,200.0,1,ns3,899,0.5,10,12,28,,,[],[],3>17:7;18>17:5,,12,14,
2026_07_15_01_26_56,000116,20,all-cluster-heads,docs\doc_workspace\SGCP\artifacts\early_from_late_checkpoint_20260719\enable_coperception_early_from_attentive.yaml,cov_potential_game,grid,utility,utility,none,0,0,,cov_coalition_game,7,,5;20,20;5,5,"{""5"": 14}","{""5"": 45, ""20"": 4899}",720,0.40044493882091214,10,40.0,200.0,1,ns3,899,0.5,10,12,28,,,[],[],5>20:6,,15,28,
2026_07_15_01_26_56,000118,1,all-cluster-heads,docs\doc_workspace\SGCP\artifacts\early_from_late_checkpoint_20260719\enable_coperception_early_from_attentive.yaml,cov_potential_game,grid,utility,utility,none,0,0,,cov_coalition_game,7,,1;2;8;11,1;8;11,8;11,"{""8"": 27, ""11"": 45}","{""1"": 4927, ""8"": 305, ""11"": 4809}",81824,42.79421579532814,10,40.0,200.0,1,ns3,899,0.5,10,12,28,,,[],[],8>1:0;11>1:9,,26,39,
2026_07_15_01_26_56,000118,10,all-cluster-heads,docs\doc_workspace\SGCP\artifacts\early_from_late_checkpoint_20260719\enable_coperception_early_from_attentive.yaml,cov_potential_game,grid,utility,utility,none,0,0,,cov_coalition_game,7,,9;10,10;9,9,"{""9"": 19}","{""9"": 88, ""10"": 4926}",1408,0.7830923248053393,10,40.0,200.0,1,ns3,899,0.5,10,12,28,,,[],[],9>10:1,,15,29,
2026_07_15_01_26_56,000118,12,all-cluster-heads,docs\doc_workspace\SGCP\artifacts\early_from_late_checkpoint_20260719\enable_coperception_early_from_attentive.yaml,cov_potential_game,grid,utility,utility,none,0,0,,cov_coalition_game,7,,4;7;12,12;7,7,"{""7"": 31}","{""7"": 2111, ""12"": 5018}",33776,18.7853170189099,10,40.0,200.0,1,ns3,899,0.5,10,12,28,,,[],[],7>12:2,,18,24,
2026_07_15_01_26_56,000118,13,all-cluster-heads,docs\doc_workspace\SGCP\artifacts\early_from_late_checkpoint_20260719\enable_coperception_early_from_attentive.yaml,cov_potential_game,grid,utility,utility,none,0,0,,cov_coalition_game,7,,13;14;19,13;14;19,14;19,"{""14"": 41, ""19"": 47}","{""13"": 4711, ""14"": 2451, ""19"": 4778}",115664,42.518353726362626,10,40.0,200.0,1,ns3,899,0.5,10,12,28,,,[],[],14>13:3;19>13:8,,0,18,
2026_07_15_01_26_56,000118,15,all-cluster-heads,docs\doc_workspace\SGCP\artifacts\early_from_late_checkpoint_20260719\enable_coperception_early_from_attentive.yaml,cov_potential_game,grid,utility,utility,none,0,0,,cov_coalition_game,7,,6;15,15;6,6,"{""6"": 29}","{""6"": 755, ""15"": 4815}",12080,6.718576195773081,10,40.0,200.0,1,ns3,899,0.5,10,12,28,,,[],[],6>15:4,,15,22,
2026_07_15_01_26_56,000118,17,all-cluster-heads,docs\doc_workspace\SGCP\artifacts\early_from_late_checkpoint_20260719\enable_coperception_early_from_attentive.yaml,cov_potential_game,grid,utility,utility,none,0,0,,cov_coalition_game,7,,3;16;17;18,17;18;16,18;16,"{""16"": 50, ""18"": 48}","{""16"": 4932, ""17"": 5023, ""18"": 4534}",151456,43.888765294771964,10,40.0,200.0,1,ns3,899,0.5,10,12,28,,,[],[],16>17:7;18>17:5,,9,17,
2026_07_15_01_26_56,000118,20,all-cluster-heads,docs\doc_workspace\SGCP\artifacts\early_from_late_checkpoint_20260719\enable_coperception_early_from_attentive.yaml,cov_potential_game,grid,utility,utility,none,0,0,,cov_coalition_game,7,,5;20,20;5,5,"{""5"": 15}","{""5"": 56, ""20"": 4899}",896,0.49833147942157957,10,40.0,200.0,1,ns3,899,0.5,10,12,28,,,[],[],5>20:6,,14,28,
2026_07_15_01_26_56,000120,1,all-cluster-heads,docs\doc_workspace\SGCP\artifacts\early_from_late_checkpoint_20260719\enable_coperception_early_from_attentive.yaml,cov_potential_game,grid,utility,utility,none,0,0,,cov_coalition_game,7,,1;2;8;11,1;8;11,8;11,"{""8"": 27, ""11"": 45}","{""1"": 4928, ""8"": 305, ""11"": 4808}",81808,42.7853170189099,10,40.0,200.0,1,ns3,899,0.5,10,12,28,,,[],[],8>1:0;11>1:9,,26,38,
2026_07_15_01_26_56,000120,10,all-cluster-heads,docs\doc_workspace\SGCP\artifacts\early_from_late_checkpoint_20260719\enable_coperception_early_from_attentive.yaml,cov_potential_game,grid,utility,utility,none,0,0,,cov_coalition_game,7,,9;10,10;9,9,"{""9"": 19}","{""9"": 89, ""10"": 4927}",1424,0.7919911012235817,10,40.0,200.0,1,ns3,899,0.5,10,12,28,,,[],[],9>10:1,,13,29,
2026_07_15_01_26_56,000120,12,all-cluster-heads,docs\doc_workspace\SGCP\artifacts\early_from_late_checkpoint_20260719\enable_coperception_early_from_attentive.yaml,cov_potential_game,grid,utility,utility,none,0,0,,cov_coalition_game,7,,4;12,12;4,4,"{""4"": 21}","{""4"": 248, ""12"": 5020}",3968,2.206896551724138,10,40.0,200.0,1,ns3,899,0.5,10,12,28,,,[],[],4>12:2,,11,33,
2026_07_15_01_26_56,000120,13,all-cluster-heads,docs\doc_workspace\SGCP\artifacts\early_from_late_checkpoint_20260719\enable_coperception_early_from_attentive.yaml,cov_potential_game,grid,utility,utility,none,0,0,,cov_coalition_game,7,,13;14;19,13;14,14,"{""14"": 41}","{""13"": 4704, ""14"": 2445}",39120,21.757508342602893,10,40.0,200.0,1,ns3,899,0.5,10,12,28,,,[],[],14>13:3,,2,8,
2026_07_15_01_26_56,000120,15,all-cluster-heads,docs\doc_workspace\SGCP\artifacts\early_from_late_checkpoint_20260719\enable_coperception_early_from_attentive.yaml,cov_potential_game,grid,utility,utility,none,0,0,,cov_coalition_game,7,,6;15,15;6,6,"{""6"": 27}","{""6"": 740, ""15"": 4811}",11840,6.585094549499444,10,40.0,200.0,1,ns3,899,0.5,10,12,28,,,[],[],6>15:4,,17,22,
2026_07_15_01_26_56,000120,17,all-cluster-heads,docs\doc_workspace\SGCP\artifacts\early_from_late_checkpoint_20260719\enable_coperception_early_from_attentive.yaml,cov_potential_game,grid,utility,utility,none,0,0,,cov_coalition_game,7,,3;16;17;18,17;18;16,18;16,"{""16"": 49, ""18"": 46}","{""16"": 4923, ""17"": 5031, ""18"": 4542}",151440,43.80867630700779,10,40.0,200.0,1,ns3,899,0.5,10,12,28,,,[],[],16>17:8;18>17:5,,10,16,
2026_07_15_01_26_56,000120,20,all-cluster-heads,docs\doc_workspace\SGCP\artifacts\early_from_late_checkpoint_20260719\enable_coperception_early_from_attentive.yaml,cov_potential_game,grid,utility,utility,none,0,0,,cov_coalition_game,7,,5;7;20,20;7;5,7;5,"{""5"": 54, ""7"": 26}","{""5"": 4891, ""7"": 581, ""20"": 4901}",87552,43.52391546162403,10,40.0,200.0,1,ns3,899,0.5,10,12,28,,,[],[],5>20:7;7>20:6,,16,32,
2026_07_15_01_26_56,000122,1,all-cluster-heads,docs\doc_workspace\SGCP\artifacts\early_from_late_checkpoint_20260719\enable_coperception_early_from_attentive.yaml,cov_potential_game,grid,utility,utility,none,0,0,,cov_coalition_game,7,,1;2;8;11,1;8;11,8;11,"{""8"": 27, ""11"": 45}","{""1"": 4925, ""8"": 305, ""11"": 4806}",81776,42.767519466073416,10,40.0,200.0,1,ns3,899,0.5,10,12,28,,,[],[],8>1:0;11>1:9,,26,38,
2026_07_15_01_26_56,000122,10,all-cluster-heads,docs\doc_workspace\SGCP\artifacts\early_from_late_checkpoint_20260719\enable_coperception_early_from_attentive.yaml,cov_potential_game,grid,utility,utility,none,0,0,,cov_coalition_game,7,,9;10,10;9,9,"{""9"": 18}","{""9"": 86, ""10"": 4927}",1376,0.7652947719688543,10,40.0,200.0,1,ns3,899,0.5,10,12,28,,,[],[],9>10:1,,13,27,
2026_07_15_01_26_56,000122,12,all-cluster-heads,docs\doc_workspace\SGCP\artifacts\early_from_late_checkpoint_20260719\enable_coperception_early_from_attentive.yaml,cov_potential_game,grid,utility,utility,none,0,0,,cov_coalition_game,7,,4;12,12;4,4,"{""4"": 22}","{""4"": 251, ""12"": 5019}",4016,2.233592880978865,10,40.0,200.0,1,ns3,899,0.5,10,12,28,,,[],[],4>12:2,,6,34,
2026_07_15_01_26_56,000122,13,all-cluster-heads,docs\doc_workspace\SGCP\artifacts\early_from_late_checkpoint_20260719\enable_coperception_early_from_attentive.yaml,cov_potential_game,grid,utility,utility,none,0,0,,cov_coalition_game,7,,13;14;19,13;14,14,"{""14"": 41}","{""13"": 4698, ""14"": 2418}",38688,21.517241379310345,10,40.0,200.0,1,ns3,899,0.5,10,12,28,,,[],[],14>13:3,,0,8,
2026_07_15_01_26_56,000122,15,all-cluster-heads,docs\doc_workspace\SGCP\artifacts\early_from_late_checkpoint_20260719\enable_coperception_early_from_attentive.yaml,cov_potential_game,grid,utility,utility,none,0,0,,cov_coalition_game,7,,6;15,15;6,6,"{""6"": 29}","{""6"": 750, ""15"": 4812}",12000,6.674082313681869,10,40.0,200.0,1,ns3,899,0.5,10,12,28,,,[],[],6>15:4,,21,22,
2026_07_15_01_26_56,000122,17,all-cluster-heads,docs\doc_workspace\SGCP\artifacts\early_from_late_checkpoint_20260719\enable_coperception_early_from_attentive.yaml,cov_potential_game,grid,utility,utility,none,0,0,,cov_coalition_game,7,,3;16;17;18,17;18;16,18;16,"{""16"": 51, ""18"": 47}","{""16"": 4934, ""17"": 5030, ""18"": 4578}",152192,43.90656284760845,10,40.0,200.0,1,ns3,899,0.5,10,12,28,,,[],[],16>17:7;18>17:5,,10,16,
2026_07_15_01_26_56,000122,20,all-cluster-heads,docs\doc_workspace\SGCP\artifacts\early_from_late_checkpoint_20260719\enable_coperception_early_from_attentive.yaml,cov_potential_game,grid,utility,utility,none,0,0,,cov_coalition_game,7,,5;7;20,20;7;5,7;5,"{""5"": 49, ""7"": 26}","{""5"": 4885, ""7"": 578, ""20"": 4897}",87408,43.47052280311457,10,40.0,200.0,1,ns3,899,0.5,10,12,28,,,[],[],5>20:8;7>20:6,,18,32,
2026_07_15_01_26_56,000124,1,all-cluster-heads,docs\doc_workspace\SGCP\artifacts\early_from_late_checkpoint_20260719\enable_coperception_early_from_attentive.yaml,cov_potential_game,grid,utility,utility,none,0,0,,cov_coalition_game,7,,1;2;8;11,1;8;11,8;11,"{""8"": 27, ""11"": 45}","{""1"": 4925, ""8"": 306, ""11"": 4806}",81792,42.767519466073416,10,40.0,200.0,1,ns3,899,0.5,10,12,28,,,[],[],8>1:0;11>1:9,,26,38,
2026_07_15_01_26_56,000124,10,all-cluster-heads,docs\doc_workspace\SGCP\artifacts\early_from_late_checkpoint_20260719\enable_coperception_early_from_attentive.yaml,cov_potential_game,grid,utility,utility,none,0,0,,cov_coalition_game,7,,9;10,10;9,9,"{""9"": 20}","{""9"": 89, ""10"": 4926}",1424,0.7919911012235817,10,40.0,200.0,1,ns3,899,0.5,10,12,28,,,[],[],9>10:1,,14,28,
2026_07_15_01_26_56,000124,12,all-cluster-heads,docs\doc_workspace\SGCP\artifacts\early_from_late_checkpoint_20260719\enable_coperception_early_from_attentive.yaml,cov_potential_game,grid,utility,utility,none,0,0,,cov_coalition_game,7,,4;7;12,12;7,7,"{""7"": 31}","{""7"": 2827, ""12"": 4985}",45232,25.156840934371523,10,40.0,200.0,1,ns3,899,0.5,10,12,28,,,[],[],7>12:2,,21,23,
2026_07_15_01_26_56,000124,13,all-cluster-heads,docs\doc_workspace\SGCP\artifacts\early_from_late_checkpoint_20260719\enable_coperception_early_from_attentive.yaml,cov_potential_game,grid,utility,utility,none,0,0,,cov_coalition_game,7,,13;14;19,13;14;19,14;19,"{""14"": 40, ""19"": 48}","{""13"": 4711, ""14"": 2377, ""19"": 4779}",114496,42.52725250278087,10,40.0,200.0,1,ns3,899,0.5,10,12,28,,,[],[],14>13:3;19>13:8,,0,17,
2026_07_15_01_26_56,000124,15,all-cluster-heads,docs\doc_workspace\SGCP\artifacts\early_from_late_checkpoint_20260719\enable_coperception_early_from_attentive.yaml,cov_potential_game,grid,utility,utility,none,0,0,,cov_coalition_game,7,,6;15,15;6,6,"{""6"": 28}","{""6"": 758, ""15"": 4813}",12128,6.745272525027809,10,40.0,200.0,1,ns3,899,0.5,10,12,28,,,[],[],6>15:4,,20,22,
2026_07_15_01_26_56,000124,17,all-cluster-heads,docs\doc_workspace\SGCP\artifacts\early_from_late_checkpoint_20260719\enable_coperception_early_from_attentive.yaml,cov_potential_game,grid,utility,utility,none,0,0,,cov_coalition_game,7,,3;16;17;18,17;18;16,18;16,"{""16"": 49, ""18"": 48}","{""16"": 4961, ""17"": 5029, ""18"": 4580}",152656,44.146829810901,10,40.0,200.0,1,ns3,899,0.5,10,12,28,,,[],[],16>17:7;18>17:5,,12,16,
2026_07_15_01_26_56,000124,20,all-cluster-heads,docs\doc_workspace\SGCP\artifacts\early_from_late_checkpoint_20260719\enable_coperception_early_from_attentive.yaml,cov_potential_game,grid,utility,utility,none,0,0,,cov_coalition_game,7,,5;20,20;5,5,"{""5"": 12}","{""5"": 53, ""20"": 4897}",848,0.4716351501668521,10,40.0,200.0,1,ns3,899,0.5,10,12,28,,,[],[],5>20:6,,18,28,
2026_07_15_01_26_56,000126,1,all-cluster-heads,docs\doc_workspace\SGCP\artifacts\early_from_late_checkpoint_20260719\enable_coperception_early_from_attentive.yaml,cov_potential_game,grid,utility,utility,none,0,0,,cov_coalition_game,7,,1;2;8;11,1;8;11,8;11,"{""8"": 27, ""11"": 45}","{""1"": 4926, ""8"": 306, ""11"": 4808}",81824,42.7853170189099,10,40.0,200.0,1,ns3,899,0.5,10,12,28,,,[],[],8>1:0;11>1:9,,26,38,
2026_07_15_01_26_56,000126,10,all-cluster-heads,docs\doc_workspace\SGCP\artifacts\early_from_late_checkpoint_20260719\enable_coperception_early_from_attentive.yaml,cov_potential_game,grid,utility,utility,none,0,0,,cov_coalition_game,7,,9;10,10;9,9,"{""9"": 21}","{""9"": 90, ""10"": 4925}",1440,0.8008898776418243,10,40.0,200.0,1,ns3,899,0.5,10,12,28,,,[],[],9>10:1,,12,28,
2026_07_15_01_26_56,000126,12,all-cluster-heads,docs\doc_workspace\SGCP\artifacts\early_from_late_checkpoint_20260719\enable_coperception_early_from_attentive.yaml,cov_potential_game,grid,utility,utility,none,0,0,,cov_coalition_game,7,,4;7;12,12;7;4,7;4,"{""4"": 45, ""7"": 32}","{""4"": 4806, ""7"": 2922, ""12"": 4992}",123648,42.767519466073416,10,40.0,200.0,1,ns3,899,0.5,10,12,28,,,[],[],4>12:8;7>12:2,,24,41,
2026_07_15_01_26_56,000126,13,all-cluster-heads,docs\doc_workspace\SGCP\artifacts\early_from_late_checkpoint_20260719\enable_coperception_early_from_attentive.yaml,cov_potential_game,grid,utility,utility,none,0,0,,cov_coalition_game,7,,13;14;19,13;14,14,"{""14"": 39}","{""13"": 4690, ""14"": 2239}",35824,19.92436040044494,10,40.0,200.0,1,ns3,899,0.5,10,12,28,,,[],[],14>13:3,,0,7,
2026_07_15_01_26_56,000126,15,all-cluster-heads,docs\doc_workspace\SGCP\artifacts\early_from_late_checkpoint_20260719\enable_coperception_early_from_attentive.yaml,cov_potential_game,grid,utility,utility,none,0,0,,cov_coalition_game,7,,6;15,15;6,6,"{""6"": 30}","{""6"": 778, ""15"": 4825}",12448,6.923248053392658,10,40.0,200.0,1,ns3,899,0.5,10,12,28,,,[],[],6>15:4,,19,23,
2026_07_15_01_26_56,000126,17,all-cluster-heads,docs\doc_workspace\SGCP\artifacts\early_from_late_checkpoint_20260719\enable_coperception_early_from_attentive.yaml,cov_potential_game,grid,utility,utility,none,0,0,,cov_coalition_game,7,,3;16;17;18,17;18;16,18;16,"{""16"": 49, ""18"": 47}","{""16"": 4969, ""17"": 5026, ""18"": 4586}",152880,44.21802002224695,10,40.0,200.0,1,ns3,899,0.5,10,12,28,,,[],[],16>17:7;18>17:5,,11,16,
2026_07_15_01_26_56,000126,20,all-cluster-heads,docs\doc_workspace\SGCP\artifacts\early_from_late_checkpoint_20260719\enable_coperception_early_from_attentive.yaml,cov_potential_game,grid,utility,utility,none,0,0,,cov_coalition_game,7,,5;20,20;5,5,"{""5"": 15}","{""5"": 63, ""20"": 4899}",1008,0.5606229143492769,10,40.0,200.0,1,ns3,899,0.5,10,12,28,,,[],[],5>20:6,,18,28,
2026_07_15_01_26_56,000128,1,all-cluster-heads,docs\doc_workspace\SGCP\artifacts\early_from_late_checkpoint_20260719\enable_coperception_early_from_attentive.yaml,cov_potential_game,grid,utility,utility,none,0,0,,cov_coalition_game,7,,1;2;11,1;11,11,"{""11"": 21}","{""1"": 4925, ""11"": 187}",2992,1.6640711902113459,10,40.0,200.0,1,ns3,899,0.5,10,12,28,,,[],[],11>1:0,,16,30,
2026_07_15_01_26_56,000128,4,all-cluster-heads,docs\doc_workspace\SGCP\artifacts\early_from_late_checkpoint_20260719\enable_coperception_early_from_attentive.yaml,cov_potential_game,grid,utility,utility,none,0,0,,cov_coalition_game,7,,4;7;8;12,4;7;12,7;12,"{""7"": 25, ""12"": 45}","{""4"": 4851, ""7"": 537, ""12"": 4863}",86400,43.27474972191324,10,40.0,200.0,1,ns3,899,0.5,10,12,28,,,[],[],7>4:1;12>4:9,,21,39,
2026_07_15_01_26_56,000128,10,all-cluster-heads,docs\doc_workspace\SGCP\artifacts\early_from_late_checkpoint_20260719\enable_coperception_early_from_attentive.yaml,cov_potential_game,grid,utility,utility,none,0,0,,cov_coalition_game,7,,9;10,10;9,9,"{""9"": 22}","{""9"": 89, ""10"": 4923}",1424,0.7919911012235817,10,40.0,200.0,1,ns3,899,0.5,10,12,28,,,[],[],9>10:2,,13,28,
2026_07_15_01_26_56,000128,13,all-cluster-heads,docs\doc_workspace\SGCP\artifacts\early_from_late_checkpoint_20260719\enable_coperception_early_from_attentive.yaml,cov_potential_game,grid,utility,utility,none,0,0,,cov_coalition_game,7,,13;14;19,13;14;19,14;19,"{""14"": 37, ""19"": 45}","{""13"": 4698, ""14"": 1831, ""19"": 4756}",105392,42.32258064516129,10,40.0,200.0,1,ns3,899,0.5,10,12,28,,,[],[],14>13:3;19>13:8,,1,16,
2026_07_15_01_26_56,000128,15,all-cluster-heads,docs\doc_workspace\SGCP\artifacts\early_from_late_checkpoint_20260719\enable_coperception_early_from_attentive.yaml,cov_potential_game,grid,utility,utility,none,0,0,,cov_coalition_game,7,,6;15,15;6,6,"{""6"": 31}","{""6"": 772, ""15"": 4821}",12352,6.869855394883204,10,40.0,200.0,1,ns3,899,0.5,10,12,28,,,[],[],6>15:4,,19,23,
2026_07_15_01_26_56,000128,17,all-cluster-heads,docs\doc_workspace\SGCP\artifacts\early_from_late_checkpoint_20260719\enable_coperception_early_from_attentive.yaml,cov_potential_game,grid,utility,utility,none,0,0,,cov_coalition_game,7,,3;16;17;18,17;18;16,18;16,"{""16"": 48, ""18"": 49}","{""16"": 4984, ""17"": 5026, ""18"": 4601}",153360,44.351501668520584,10,40.0,200.0,1,ns3,899,0.5,10,12,28,,,[],[],16>17:7;18>17:5,,11,16,
2026_07_15_01_26_56,000128,20,all-cluster-heads,docs\doc_workspace\SGCP\artifacts\early_from_late_checkpoint_20260719\enable_coperception_early_from_attentive.yaml,cov_potential_game,grid,utility,utility,none,0,0,,cov_coalition_game,7,,5;20,20;5,5,"{""5"": 16}","{""5"": 70, ""20"": 4900}",1120,0.6229143492769744,10,40.0,200.0,1,ns3,899,0.5,10,12,28,,,[],[],5>20:6,,17,28,
2026_07_15_01_26_56,000130,1,all-cluster-heads,docs\doc_workspace\SGCP\artifacts\early_from_late_checkpoint_20260719\enable_coperception_early_from_attentive.yaml,cov_potential_game,grid,utility,utility,none,0,0,,cov_coalition_game,6,,1;2;8;11,1;8;11,8;11,"{""8"": 26, ""11"": 45}","{""1"": 4928, ""8"": 306, ""11"": 4808}",81824,42.7853170189099,10,40.0,200.0,1,ns3,899,0.5,10,12,28,,,[],[],8>1:0;11>1:9,,24,36,
2026_07_15_01_26_56,000130,12,all-cluster-heads,docs\doc_workspace\SGCP\artifacts\early_from_late_checkpoint_20260719\enable_coperception_early_from_attentive.yaml,cov_potential_game,grid,utility,utility,none,0,0,,cov_coalition_game,6,,4;7;12,12;7;4,7;4,"{""4"": 45, ""7"": 31}","{""4"": 4806, ""7"": 1502, ""12"": 4999}",100928,42.767519466073416,10,40.0,200.0,1,ns3,899,0.5,10,12,28,,,[],[],4>12:8;7>12:1,,23,38,
2026_07_15_01_26_56,000130,15,all-cluster-heads,docs\doc_workspace\SGCP\artifacts\early_from_late_checkpoint_20260719\enable_coperception_early_from_attentive.yaml,cov_potential_game,grid,utility,utility,none,0,0,,cov_coalition_game,6,,6;15,15;6,6,"{""6"": 32}","{""6"": 745, ""15"": 4809}",11920,6.629588431590656,10,40.0,200.0,1,ns3,899,0.5,10,12,28,,,[],[],6>15:2,,19,22,
2026_07_15_01_26_56,000130,17,all-cluster-heads,docs\doc_workspace\SGCP\artifacts\early_from_late_checkpoint_20260719\enable_coperception_early_from_attentive.yaml,cov_potential_game,grid,utility,utility,none,0,0,,cov_coalition_game,6,,3;16;17;18,17;18;16,18;16,"{""16"": 50, ""18"": 45}","{""16"": 4980, ""17"": 5023, ""18"": 4630}",153760,44.31590656284761,10,40.0,200.0,1,ns3,899,0.5,10,12,28,,,[],[],16>17:6;18>17:3,,9,17,
2026_07_15_01_26_56,000130,19,all-cluster-heads,docs\doc_workspace\SGCP\artifacts\early_from_late_checkpoint_20260719\enable_coperception_early_from_attentive.yaml,cov_potential_game,grid,utility,utility,none,0,0,,cov_coalition_game,6,,9;10;13;19,19;13,13,"{""13"": 21}","{""13"": 207, ""19"": 4829}",3312,1.8420467185761957,10,40.0,200.0,1,ns3,899,0.5,10,12,28,,,[],[],13>19:4,,0,17,
2026_07_15_01_26_56,000130,20,all-cluster-heads,docs\doc_workspace\SGCP\artifacts\early_from_late_checkpoint_20260719\enable_coperception_early_from_attentive.yaml,cov_potential_game,grid,utility,utility,none,0,0,,cov_coalition_game,6,,5;14;20,20;14;5,14;5,"{""5"": 49, ""14"": 57}","{""5"": 4825, ""14"": 4850, ""20"": 4900}",154800,43.159065628476085,10,40.0,200.0,1,ns3,899,0.5,10,12,28,,,[],[],5>20:7;14>20:5,,17,27,
2026_07_15_01_26_56,000132,1,all-cluster-heads,docs\doc_workspace\SGCP\artifacts\early_from_late_checkpoint_20260719\enable_coperception_early_from_attentive.yaml,cov_potential_game,grid,utility,utility,none,0,0,,cov_coalition_game,7,,1;2;8;11,1;8;11,8;11,"{""8"": 26, ""11"": 45}","{""1"": 4928, ""8"": 306, ""11"": 4806}",81792,42.767519466073416,10,40.0,200.0,1,ns3,899,0.5,10,12,28,,,[],[],8>1:0;11>1:9,,23,37,
2026_07_15_01_26_56,000132,10,all-cluster-heads,docs\doc_workspace\SGCP\artifacts\early_from_late_checkpoint_20260719\enable_coperception_early_from_attentive.yaml,cov_potential_game,grid,utility,utility,none,0,0,,cov_coalition_game,7,,9;10,10;9,9,"{""9"": 21}","{""9"": 89, ""10"": 4923}",1424,0.7919911012235817,10,40.0,200.0,1,ns3,899,0.5,10,12,28,,,[],[],9>10:1,,12,28,
2026_07_15_01_26_56,000132,12,all-cluster-heads,docs\doc_workspace\SGCP\artifacts\early_from_late_checkpoint_20260719\enable_coperception_early_from_attentive.yaml,cov_potential_game,grid,utility,utility,none,0,0,,cov_coalition_game,7,,4;7;12,12;7;4,7;4,"{""4"": 44, ""7"": 31}","{""4"": 4798, ""7"": 2851, ""12"": 4979}",122384,42.69632925472747,10,40.0,200.0,1,ns3,899,0.5,10,12,28,,,[],[],4>12:8;7>12:2,,23,38,
2026_07_15_01_26_56,000132,13,all-cluster-heads,docs\doc_workspace\SGCP\artifacts\early_from_late_checkpoint_20260719\enable_coperception_early_from_attentive.yaml,cov_potential_game,grid,utility,utility,none,0,0,,cov_coalition_game,7,,13;14;19,13;14,14,"{""14"": 39}","{""13"": 4705, ""14"": 2270}",36320,20.200222469410456,10,40.0,200.0,1,ns3,899,0.5,10,12,28,,,[],[],14>13:3,,0,7,
2026_07_15_01_26_56,000132,15,all-cluster-heads,docs\doc_workspace\SGCP\artifacts\early_from_late_checkpoint_20260719\enable_coperception_early_from_attentive.yaml,cov_potential_game,grid,utility,utility,none,0,0,,cov_coalition_game,7,,6;15,15;6,6,"{""6"": 29}","{""6"": 718, ""15"": 4844}",11488,6.389321468298109,10,40.0,200.0,1,ns3,899,0.5,10,12,28,,,[],[],6>15:4,,18,22,
2026_07_15_01_26_56,000132,17,all-cluster-heads,docs\doc_workspace\SGCP\artifacts\early_from_late_checkpoint_20260719\enable_coperception_early_from_attentive.yaml,cov_potential_game,grid,utility,utility,none,0,0,,cov_coalition_game,7,,3;16;17;18,17;18;16,18;16,"{""16"": 50, ""18"": 47}","{""16"": 4980, ""17"": 5022, ""18"": 4619}",153584,44.31590656284761,10,40.0,200.0,1,ns3,899,0.5,10,12,28,,,[],[],16>17:7;18>17:5,,10,17,
2026_07_15_01_26_56,000132,20,all-cluster-heads,docs\doc_workspace\SGCP\artifacts\early_from_late_checkpoint_20260719\enable_coperception_early_from_attentive.yaml,cov_potential_game,grid,utility,utility,none,0,0,,cov_coalition_game,7,,5;20,20;5,5,"{""5"": 19}","{""5"": 98, ""20"": 4901}",1568,0.8720800889877642,10,40.0,200.0,1,ns3,899,0.5,10,12,28,,,[],[],5>20:6,,19,27,
2026_07_15_01_26_56,000134,1,all-cluster-heads,docs\doc_workspace\SGCP\artifacts\early_from_late_checkpoint_20260719\enable_coperception_early_from_attentive.yaml,cov_potential_game,grid,utility,utility,none,0,0,,cov_coalition_game,7,,1;2;8;11,1;8;11,8;11,"{""8"": 26, ""11"": 45}","{""1"": 4927, ""8"": 305, ""11"": 4805}",81760,42.75862068965517,10,40.0,200.0,1,ns3,899,0.5,10,12,28,,,[],[],8>1:0;11>1:9,,26,37,
2026_07_15_01_26_56,000134,10,all-cluster-heads,docs\doc_workspace\SGCP\artifacts\early_from_late_checkpoint_20260719\enable_coperception_early_from_attentive.yaml,cov_potential_game,grid,utility,utility,none,0,0,,cov_coalition_game,7,,9;10,10;9,9,"{""9"": 21}","{""9"": 90, ""10"": 4923}",1440,0.8008898776418243,10,40.0,200.0,1,ns3,899,0.5,10,12,28,,,[],[],9>10:1,,10,28,
2026_07_15_01_26_56,000134,12,all-cluster-heads,docs\doc_workspace\SGCP\artifacts\early_from_late_checkpoint_20260719\enable_coperception_early_from_attentive.yaml,cov_potential_game,grid,utility,utility,none,0,0,,cov_coalition_game,7,,4;12,12;4,4,"{""4"": 22}","{""4"": 253, ""12"": 4992}",4048,2.25139043381535,10,40.0,200.0,1,ns3,899,0.5,10,12,28,,,[],[],4>12:2,,2,33,
2026_07_15_01_26_56,000134,13,all-cluster-heads,docs\doc_workspace\SGCP\artifacts\early_from_late_checkpoint_20260719\enable_coperception_early_from_attentive.yaml,cov_potential_game,grid,utility,utility,none,0,0,,cov_coalition_game,7,,13;14;19,13;14,14,"{""14"": 40}","{""13"": 4701, ""14"": 2331}",37296,20.74304783092325,10,40.0,200.0,1,ns3,899,0.5,10,12,28,,,[],[],14>13:3,,0,7,
2026_07_15_01_26_56,000134,15,all-cluster-heads,docs\doc_workspace\SGCP\artifacts\early_from_late_checkpoint_20260719\enable_coperception_early_from_attentive.yaml,cov_potential_game,grid,utility,utility,none,0,0,,cov_coalition_game,7,,6;15,15;6,6,"{""6"": 27}","{""6"": 701, ""15"": 4817}",11216,6.238042269187987,10,40.0,200.0,1,ns3,899,0.5,10,12,28,,,[],[],6>15:4,,17,25,
2026_07_15_01_26_56,000134,17,all-cluster-heads,docs\doc_workspace\SGCP\artifacts\early_from_late_checkpoint_20260719\enable_coperception_early_from_attentive.yaml,cov_potential_game,grid,utility,utility,none,0,0,,cov_coalition_game,7,,3;16;17;18,17;18;16,18;16,"{""16"": 52, ""18"": 49}","{""16"": 4993, ""17"": 5034, ""18"": 4610}",153648,44.43159065628476,10,40.0,200.0,1,ns3,899,0.5,10,12,28,,,[],[],16>17:7;18>17:5,,10,17,
2026_07_15_01_26_56,000134,20,all-cluster-heads,docs\doc_workspace\SGCP\artifacts\early_from_late_checkpoint_20260719\enable_coperception_early_from_attentive.yaml,cov_potential_game,grid,utility,utility,none,0,0,,cov_coalition_game,7,,5;7;20,20;7;5,7;5,"{""5"": 49, ""7"": 25}","{""5"": 4826, ""7"": 588, ""20"": 4905}",86624,42.94549499443826,10,40.0,200.0,1,ns3,899,0.5,10,12,28,,,[],[],5>20:8;7>20:6,,18,30,
2026_07_15_01_26_56,000136,1,all-cluster-heads,docs\doc_workspace\SGCP\artifacts\early_from_late_checkpoint_20260719\enable_coperception_early_from_attentive.yaml,cov_potential_game,grid,utility,utility,none,0,0,,cov_coalition_game,7,,1;2;8;11,1;8;11,8;11,"{""8"": 26, ""11"": 45}","{""1"": 4927, ""8"": 306, ""11"": 4807}",81808,42.77641824249166,10,40.0,200.0,1,ns3,899,0.5,10,12,28,,,[],[],8>1:0;11>1:9,,25,37,
2026_07_15_01_26_56,000136,10,all-cluster-heads,docs\doc_workspace\SGCP\artifacts\early_from_late_checkpoint_20260719\enable_coperception_early_from_attentive.yaml,cov_potential_game,grid,utility,utility,none,0,0,,cov_coalition_game,7,,9;10,10;9,9,"{""9"": 21}","{""9"": 90, ""10"": 4922}",1440,0.8008898776418243,10,40.0,200.0,1,ns3,899,0.5,10,12,28,,,[],[],9>10:1,,14,28,
2026_07_15_01_26_56,000136,12,all-cluster-heads,docs\doc_workspace\SGCP\artifacts\early_from_late_checkpoint_20260719\enable_coperception_early_from_attentive.yaml,cov_potential_game,grid,utility,utility,none,0,0,,cov_coalition_game,7,,4;12,12;4,4,"{""4"": 22}","{""4"": 253, ""12"": 5003}",4048,2.25139043381535,10,40.0,200.0,1,ns3,899,0.5,10,12,28,,,[],[],4>12:2,,4,33,
2026_07_15_01_26_56,000136,13,all-cluster-heads,docs\doc_workspace\SGCP\artifacts\early_from_late_checkpoint_20260719\enable_coperception_early_from_attentive.yaml,cov_potential_game,grid,utility,utility,none,0,0,,cov_coalition_game,7,,13;14;19,13;14,14,"{""14"": 42}","{""13"": 4710, ""14"": 2253}",36048,20.048943270300335,10,40.0,200.0,1,ns3,899,0.5,10,12,28,,,[],[],14>13:3,,0,7,
2026_07_15_01_26_56,000136,15,all-cluster-heads,docs\doc_workspace\SGCP\artifacts\early_from_late_checkpoint_20260719\enable_coperception_early_from_attentive.yaml,cov_potential_game,grid,utility,utility,none,0,0,,cov_coalition_game,7,,6;15,15;6,6,"{""6"": 29}","{""6"": 693, ""15"": 4814}",11088,6.166852057842046,10,40.0,200.0,1,ns3,899,0.5,10,12,28,,,[],[],6>15:4,,18,25,
2026_07_15_01_26_56,000136,17,all-cluster-heads,docs\doc_workspace\SGCP\artifacts\early_from_late_checkpoint_20260719\enable_coperception_early_from_attentive.yaml,cov_potential_game,grid,utility,utility,none,0,0,,cov_coalition_game,7,,3;16;17;18,17;18;16,18;16,"{""16"": 52, ""18"": 52}","{""16"": 4994, ""17"": 5030, ""18"": 4627}",153936,44.440489432703004,10,40.0,200.0,1,ns3,899,0.5,10,12,28,,,[],[],16>17:7;18>17:5,,13,17,
2026_07_15_01_26_56,000136,20,all-cluster-heads,docs\doc_workspace\SGCP\artifacts\early_from_late_checkpoint_20260719\enable_coperception_early_from_attentive.yaml,cov_potential_game,grid,utility,utility,none,0,0,,cov_coalition_game,7,,5;7;20,20;7;5,7;5,"{""5"": 46, ""7"": 26}","{""5"": 4817, ""7"": 582, ""20"": 4909}",86384,42.86540600667408,10,40.0,200.0,1,ns3,899,0.5,10,12,28,,,[],[],5>20:8;7>20:6,,18,31,
2026_07_15_01_26_56,000138,1,all-cluster-heads,docs\doc_workspace\SGCP\artifacts\early_from_late_checkpoint_20260719\enable_coperception_early_from_attentive.yaml,cov_potential_game,grid,utility,utility,none,0,0,,cov_coalition_game,7,,1;2;8;11,1;8;11,8;11,"{""8"": 26, ""11"": 45}","{""1"": 4925, ""8"": 306, ""11"": 4806}",81792,42.767519466073416,10,40.0,200.0,1,ns3,899,0.5,10,12,28,,,[],[],8>1:0;11>1:8,,26,37,
2026_07_15_01_26_56,000138,10,all-cluster-heads,docs\doc_workspace\SGCP\artifacts\early_from_late_checkpoint_20260719\enable_coperception_early_from_attentive.yaml,cov_potential_game,grid,utility,utility,none,0,0,,cov_coalition_game,7,,9;10,10;9,9,"{""9"": 21}","{""9"": 88, ""10"": 4921}",1408,0.7830923248053393,10,40.0,200.0,1,ns3,899,0.5,10,12,28,,,[],[],9>10:1,,16,28,
2026_07_15_01_26_56,000138,12,all-cluster-heads,docs\doc_workspace\SGCP\artifacts\early_from_late_checkpoint_20260719\enable_coperception_early_from_attentive.yaml,cov_potential_game,grid,utility,utility,none,0,0,,cov_coalition_game,7,,4;12,12;4,4,"{""4"": 22}","{""4"": 255, ""12"": 4989}",4080,2.2691879866518354,10,40.0,200.0,1,ns3,899,0.5,10,12,28,,,[],[],4>12:2,,3,33,
2026_07_15_01_26_56,000138,13,all-cluster-heads,docs\doc_workspace\SGCP\artifacts\early_from_late_checkpoint_20260719\enable_coperception_early_from_attentive.yaml,cov_potential_game,grid,utility,utility,none,0,0,,cov_coalition_game,7,,13;14;19,13;14,14,"{""14"": 38}","{""13"": 4698, ""14"": 2178}",34848,19.381535038932146,10,40.0,200.0,1,ns3,899,0.5,10,12,28,,,[],[],14>13:3,,0,7,
2026_07_15_01_26_56,000138,15,all-cluster-heads,docs\doc_workspace\SGCP\artifacts\early_from_late_checkpoint_20260719\enable_coperception_early_from_attentive.yaml,cov_potential_game,grid,utility,utility,none,0,0,,cov_coalition_game,7,,6;15,15;6,6,"{""6"": 29}","{""6"": 691, ""15"": 4815}",11056,6.149054505005561,10,40.0,200.0,1,ns3,899,0.5,10,12,28,,,[],[],6>15:4,,17,26,
2026_07_15_01_26_56,000138,17,all-cluster-heads,docs\doc_workspace\SGCP\artifacts\early_from_late_checkpoint_20260719\enable_coperception_early_from_attentive.yaml,cov_potential_game,grid,utility,utility,none,0,0,,cov_coalition_game,7,,3;16;17;18,17;18;16,18;16,"{""16"": 55, ""18"": 54}","{""16"": 5011, ""17"": 5027, ""18"": 4662}",154768,44.591768631813125,10,40.0,200.0,1,ns3,899,0.5,10,12,28,,,[],[],16>17:7;18>17:5,,11,17,
2026_07_15_01_26_56,000138,20,all-cluster-heads,docs\doc_workspace\SGCP\artifacts\early_from_late_checkpoint_20260719\enable_coperception_early_from_attentive.yaml,cov_potential_game,grid,utility,utility,none,0,0,,cov_coalition_game,7,,5;7;20,20;7;5,7;5,"{""5"": 45, ""7"": 26}","{""5"": 4807, ""7"": 583, ""20"": 4910}",86240,42.77641824249166,10,40.0,200.0,1,ns3,899,0.5,10,12,28,,,[],[],5>20:9;7>20:6,,19,31,
2026_07_15_01_26_56,000140,1,all-cluster-heads,docs\doc_workspace\SGCP\artifacts\early_from_late_checkpoint_20260719\enable_coperception_early_from_attentive.yaml,cov_potential_game,grid,utility,utility,none,0,0,,cov_coalition_game,6,,1;2;11,1;11;2,11;2,"{""2"": 40, ""11"": 21}","{""1"": 4926, ""2"": 4775, ""11"": 179}",79264,42.4916573971079,10,40.0,200.0,1,ns3,899,0.5,10,12,28,,,[],[],2>1:9;11>1:0,,20,39,
2026_07_15_01_26_56,000140,4,all-cluster-heads,docs\doc_workspace\SGCP\artifacts\early_from_late_checkpoint_20260719\enable_coperception_early_from_attentive.yaml,cov_potential_game,grid,utility,utility,none,0,0,,cov_coalition_game,6,,4;8;12,4;8,8,"{""8"": 24}","{""4"": 4847, ""8"": 274}",4384,2.4382647385984426,10,40.0,200.0,1,ns3,899,0.5,10,12,28,,,[],[],8>4:1,,11,33,
2026_07_15_01_26_56,000140,15,all-cluster-heads,docs\doc_workspace\SGCP\artifacts\early_from_late_checkpoint_20260719\enable_coperception_early_from_attentive.yaml,cov_potential_game,grid,utility,utility,none,0,0,,cov_coalition_game,6,,6;15,15;6,6,"{""6"": 29}","{""6"": 700, ""15"": 4825}",11200,6.229143492769744,10,40.0,200.0,1,ns3,899,0.5,10,12,28,,,[],[],6>15:2,,15,24,
2026_07_15_01_26_56,000140,17,all-cluster-heads,docs\doc_workspace\SGCP\artifacts\early_from_late_checkpoint_20260719\enable_coperception_early_from_attentive.yaml,cov_potential_game,grid,utility,utility,none,0,0,,cov_coalition_game,6,,3;16;17;18,17;18;16,18;16,"{""16"": 55, ""18"": 55}","{""16"": 4996, ""17"": 5029, ""18"": 4693}",155024,44.45828698553949,10,40.0,200.0,1,ns3,899,0.5,10,12,28,,,[],[],16>17:6;18>17:3,,11,17,
2026_07_15_01_26_56,000140,19,all-cluster-heads,docs\doc_workspace\SGCP\artifacts\early_from_late_checkpoint_20260719\enable_coperception_early_from_attentive.yaml,cov_potential_game,grid,utility,utility,none,0,0,,cov_coalition_game,6,,9;10;13;19,19;13;9,13;9,"{""9"": 46, ""13"": 29}","{""9"": 4835, ""13"": 770, ""19"": 4828}",89680,43.02558398220245,10,40.0,200.0,1,ns3,899,0.5,10,12,28,,,[],[],9>19:8;13>19:4,,9,20,
2026_07_15_01_26_56,000140,20,all-cluster-heads,docs\doc_workspace\SGCP\artifacts\early_from_late_checkpoint_20260719\enable_coperception_early_from_attentive.yaml,cov_potential_game,grid,utility,utility,none,0,0,,cov_coalition_game,6,,5;7;14;20,20;14;5,14;5,"{""5"": 45, ""14"": 60}","{""5"": 4814, ""14"": 4801, ""20"": 4909}",153840,42.83870967741935,10,40.0,200.0,1,ns3,899,0.5,10,12,28,,,[],[],5>20:7;14>20:5,,18,26,
