scenario_id,timestamp,receiver_id,receiver_policy,coperception_yaml,resource_allocation,upload_mode,grid_selection_mode,grid_score_mode,coverage_fallback,coverage_fallback_replacements,routing_hint_replacements,routing_hints_csv,clustering,cluster_count,selective_frame_deadline_ms,cluster_member_ids,source_cav_ids,uploaded_source_ids,selected_grid_counts_json,point_counts_json,communication_bytes,frame_comm_time_ms,num_channels,bandwidth_mhz,communication_deadline_ms,max_senders_per_receiver,channel_estimator,ns3_tb_size_bytes,ns3_slot_duration_ms,ns3_subchannel_prbs,ns3_symbols_per_slot,ns3_mcs,pcs_rounds_requested,pcs_rounds_accepted,pcs_round_comm_time_ms_json,pcs_round_comm_bytes_json,channel_allocation,missing_channel_sources,pred_boxes,gt_boxes,skipped
2026_07_15_01_26_56,000060,1,all-cluster-heads,docs\doc_workspace\SGCP\artifacts\early_from_late_checkpoint_20260719\enable_coperception_early_from_attentive.yaml,cov_potential_game,grid,utility,utility,none,0,0,,cov_coalition_game,6,,1;2;8;11,1;11;2,11;2,"{""2"": 42, ""11"": 46}","{""1"": 4918, ""2"": 4726, ""11"": 3933}",138544,42.05561735261402,10,40.0,200.0,1,ns3,899,0.5,10,12,28,,,[],[],2>1:7;11>1:0,,24,40,
2026_07_15_01_26_56,000060,10,all-cluster-heads,docs\doc_workspace\SGCP\artifacts\early_from_late_checkpoint_20260719\enable_coperception_early_from_attentive.yaml,cov_potential_game,grid,utility,utility,none,0,0,,cov_coalition_game,6,,4;10;12,10;12,12,"{""12"": 51}","{""10"": 4953, ""12"": 4801}",76816,42.7230255839822,10,40.0,200.0,1,ns3,899,0.5,10,12,28,,,[],[],12>10:1,,25,39,
2026_07_15_01_26_56,000060,13,all-cluster-heads,docs\doc_workspace\SGCP\artifacts\early_from_late_checkpoint_20260719\enable_coperception_early_from_attentive.yaml,cov_potential_game,grid,utility,utility,none,0,0,,cov_coalition_game,6,,9;13;14;19,13;14;9,14;9,"{""9"": 41, ""14"": 53}","{""9"": 4830, ""13"": 4793, ""14"": 5044}",157984,44.885428253615125,10,40.0,200.0,1,ns3,899,0.5,10,12,28,,,[],[],9>13:9;14>13:2,,7,26,
2026_07_15_01_26_56,000060,15,all-cluster-heads,docs\doc_workspace\SGCP\artifacts\early_from_late_checkpoint_20260719\enable_coperception_early_from_attentive.yaml,cov_potential_game,grid,utility,utility,none,0,0,,cov_coalition_game,6,,6;15,15;6,6,"{""6"": 46}","{""6"": 3832, ""15"": 4740}",61312,34.10011123470523,10,40.0,200.0,1,ns3,899,0.5,10,12,28,,,[],[],6>15:3,,13,17,
2026_07_15_01_26_56,000060,16,all-cluster-heads,docs\doc_workspace\SGCP\artifacts\early_from_late_checkpoint_20260719\enable_coperception_early_from_attentive.yaml,cov_potential_game,grid,utility,utility,none,0,0,,cov_coalition_game,6,,5;7;16;20,16;7;20,7;20,"{""7"": 42, ""20"": 50}","{""7"": 1598, ""16"": 4857, ""20"": 4869}",103472,43.32814238042269,10,40.0,200.0,1,ns3,899,0.5,10,12,28,,,[],[],7>16:4;20>16:8,,18,30,
2026_07_15_01_26_56,000060,17,all-cluster-heads,docs\doc_workspace\SGCP\artifacts\early_from_late_checkpoint_20260719\enable_coperception_early_from_attentive.yaml,cov_potential_game,grid,utility,utility,none,0,0,,cov_coalition_game,6,,3;17;18,17;18;3,18;3,"{""3"": 55, ""18"": 45}","{""3"": 4937, ""17"": 4967, ""18"": 4359}",148736,43.93325917686318,10,40.0,200.0,1,ns3,899,0.5,10,12,28,,,[],[],3>17:6;18>17:5,,10,17,
2026_07_15_01_26_56,000062,1,all-cluster-heads,docs\doc_workspace\SGCP\artifacts\early_from_late_checkpoint_20260719\enable_coperception_early_from_attentive.yaml,cov_potential_game,grid,utility,utility,none,0,0,,cov_coalition_game,6,,1;2;8;11,1;11;2,11;2,"{""2"": 43, ""11"": 46}","{""1"": 4921, ""2"": 4803, ""11"": 3935}",139808,42.74082313681868,10,40.0,200.0,1,ns3,899,0.5,10,12,28,,,[],[],2>1:8;11>1:0,,26,40,
2026_07_15_01_26_56,000062,12,all-cluster-heads,docs\doc_workspace\SGCP\artifacts\early_from_late_checkpoint_20260719\enable_coperception_early_from_attentive.yaml,cov_potential_game,grid,utility,utility,none,0,0,,cov_coalition_game,6,,4;7;12,12;7;4,7;4,"{""4"": 54, ""7"": 42}","{""4"": 4821, ""7"": 3630, ""12"": 4894}",135216,42.901001112347046,10,40.0,200.0,1,ns3,899,0.5,10,12,28,,,[],[],4>12:7;7>12:1,,25,42,
2026_07_15_01_26_56,000062,13,all-cluster-heads,docs\doc_workspace\SGCP\artifacts\early_from_late_checkpoint_20260719\enable_coperception_early_from_attentive.yaml,cov_potential_game,grid,utility,utility,none,0,0,,cov_coalition_game,6,,9;13;14;19,13;14,14,"{""14"": 54}","{""13"": 4793, ""14"": 5042}",80672,44.86763070077864,10,40.0,200.0,1,ns3,899,0.5,10,12,28,,,[],[],14>13:2,,0,11,
2026_07_15_01_26_56,000062,15,all-cluster-heads,docs\doc_workspace\SGCP\artifacts\early_from_late_checkpoint_20260719\enable_coperception_early_from_attentive.yaml,cov_potential_game,grid,utility,utility,none,0,0,,cov_coalition_game,6,,6;15,15;6,6,"{""6"": 46}","{""6"": 3805, ""15"": 4745}",60880,33.85984427141268,10,40.0,200.0,1,ns3,899,0.5,10,12,28,,,[],[],6>15:3,,15,17,
2026_07_15_01_26_56,000062,17,all-cluster-heads,docs\doc_workspace\SGCP\artifacts\early_from_late_checkpoint_20260719\enable_coperception_early_from_attentive.yaml,cov_potential_game,grid,utility,utility,none,0,0,,cov_coalition_game,6,,3;17;18,17;18;3,18;3,"{""3"": 56, ""18"": 42}","{""3"": 4945, ""17"": 4985, ""18"": 4384}",149264,44.00444938820912,10,40.0,200.0,1,ns3,899,0.5,10,12,28,,,[],[],3>17:6;18>17:4,,10,16,
2026_07_15_01_26_56,000062,20,all-cluster-heads,docs\doc_workspace\SGCP\artifacts\early_from_late_checkpoint_20260719\enable_coperception_early_from_attentive.yaml,cov_potential_game,grid,utility,utility,none,0,0,,cov_coalition_game,6,,5;10;16;20,20;10;16,10;16,"{""10"": 44, ""16"": 49}","{""10"": 4271, ""16"": 4850, ""20"": 4908}",145936,43.159065628476085,10,40.0,200.0,1,ns3,899,0.5,10,12,28,,,[],[],10>20:5;16>20:9,,26,43,
2026_07_15_01_26_56,000064,1,all-cluster-heads,docs\doc_workspace\SGCP\artifacts\early_from_late_checkpoint_20260719\enable_coperception_early_from_attentive.yaml,cov_potential_game,grid,utility,utility,none,0,0,,cov_coalition_game,6,,1;2;8;11,1;11;2,11;2,"{""2"": 44, ""11"": 48}","{""1"": 4921, ""2"": 4405, ""11"": 4265}",138720,39.19911012235818,10,40.0,200.0,1,ns3,899,0.5,10,12,28,,,[],[],2>1:8;11>1:0,,27,40,
2026_07_15_01_26_56,000064,12,all-cluster-heads,docs\doc_workspace\SGCP\artifacts\early_from_late_checkpoint_20260719\enable_coperception_early_from_attentive.yaml,cov_potential_game,grid,utility,utility,none,0,0,,cov_coalition_game,6,,4;7;12,12;7;4,7;4,"{""4"": 53, ""7"": 44}","{""4"": 4814, ""7"": 3629, ""12"": 4896}",135088,42.83870967741935,10,40.0,200.0,1,ns3,899,0.5,10,12,28,,,[],[],4>12:7;7>12:1,,26,43,
2026_07_15_01_26_56,000064,13,all-cluster-heads,docs\doc_workspace\SGCP\artifacts\early_from_late_checkpoint_20260719\enable_coperception_early_from_attentive.yaml,cov_potential_game,grid,utility,utility,none,0,0,,cov_coalition_game,6,,9;13;14;19,13;14,14,"{""14"": 54}","{""13"": 4794, ""14"": 5059}",80944,45.01890989988876,10,40.0,200.0,1,ns3,899,0.5,10,12,28,,,[],[],14>13:2,,0,11,
2026_07_15_01_26_56,000064,15,all-cluster-heads,docs\doc_workspace\SGCP\artifacts\early_from_late_checkpoint_20260719\enable_coperception_early_from_attentive.yaml,cov_potential_game,grid,utility,utility,none,0,0,,cov_coalition_game,6,,6;15,15;6,6,"{""6"": 50}","{""6"": 3984, ""15"": 4750}",63744,35.452725250278085,10,40.0,200.0,1,ns3,899,0.5,10,12,28,,,[],[],6>15:3,,15,17,
2026_07_15_01_26_56,000064,17,all-cluster-heads,docs\doc_workspace\SGCP\artifacts\early_from_late_checkpoint_20260719\enable_coperception_early_from_attentive.yaml,cov_potential_game,grid,utility,utility,none,0,0,,cov_coalition_game,6,,3;17;18,17;18;3,18;3,"{""3"": 57, ""18"": 43}","{""3"": 4949, ""17"": 4966, ""18"": 4385}",149344,44.040044493882085,10,40.0,200.0,1,ns3,899,0.5,10,12,28,,,[],[],3>17:6;18>17:4,,8,16,
2026_07_15_01_26_56,000064,20,all-cluster-heads,docs\doc_workspace\SGCP\artifacts\early_from_late_checkpoint_20260719\enable_coperception_early_from_attentive.yaml,cov_potential_game,grid,utility,utility,none,0,0,,cov_coalition_game,6,,5;10;16;20,20;10;16,10;16,"{""10"": 45, ""16"": 48}","{""10"": 4234, ""16"": 4833, ""20"": 4908}",145072,43.007786429365964,10,40.0,200.0,1,ns3,899,0.5,10,12,28,,,[],[],10>20:5;16>20:9,,28,42,
2026_07_15_01_26_56,000066,1,all-cluster-heads,docs\doc_workspace\SGCP\artifacts\early_from_late_checkpoint_20260719\enable_coperception_early_from_attentive.yaml,cov_potential_game,grid,utility,utility,none,0,0,,cov_coalition_game,6,,1;2;8;11,1;11;2,11;2,"{""2"": 44, ""11"": 48}","{""1"": 4922, ""2"": 4400, ""11"": 2679}",113264,39.15461624026696,10,40.0,200.0,1,ns3,899,0.5,10,12,28,,,[],[],2>1:8;11>1:0,,28,41,
2026_07_15_01_26_56,000066,12,all-cluster-heads,docs\doc_workspace\SGCP\artifacts\early_from_late_checkpoint_20260719\enable_coperception_early_from_attentive.yaml,cov_potential_game,grid,utility,utility,none,0,0,,cov_coalition_game,6,,4;7;12,12;7;4,7;4,"{""4"": 52, ""7"": 46}","{""4"": 4832, ""7"": 3619, ""12"": 4884}",135216,42.998887652947715,10,40.0,200.0,1,ns3,899,0.5,10,12,28,,,[],[],4>12:7;7>12:1,,26,42,
2026_07_15_01_26_56,000066,15,all-cluster-heads,docs\doc_workspace\SGCP\artifacts\early_from_late_checkpoint_20260719\enable_coperception_early_from_attentive.yaml,cov_potential_game,grid,utility,utility,none,0,0,,cov_coalition_game,6,,6;15,15;6,6,"{""6"": 48}","{""6"": 3972, ""15"": 4740}",63552,35.34593993325918,10,40.0,200.0,1,ns3,899,0.5,10,12,28,,,[],[],6>15:2,,13,17,
2026_07_15_01_26_56,000066,16,all-cluster-heads,docs\doc_workspace\SGCP\artifacts\early_from_late_checkpoint_20260719\enable_coperception_early_from_attentive.yaml,cov_potential_game,grid,utility,utility,none,0,0,,cov_coalition_game,6,,5;16;20,16;5,5,"{""5"": 40}","{""5"": 461, ""16"": 4854}",7376,4.102335928809789,10,40.0,200.0,1,ns3,899,0.5,10,12,28,,,[],[],5>16:3,,16,28,
2026_07_15_01_26_56,000066,17,all-cluster-heads,docs\doc_workspace\SGCP\artifacts\early_from_late_checkpoint_20260719\enable_coperception_early_from_attentive.yaml,cov_potential_game,grid,utility,utility,none,0,0,,cov_coalition_game,6,,3;14;17;18,17;14;3,14;3,"{""3"": 61, ""14"": 56}","{""3"": 4959, ""14"": 5040, ""17"": 4984}",159984,44.84983314794216,10,40.0,200.0,1,ns3,899,0.5,10,12,28,,,[],[],3>17:6;14>17:4,,9,15,
2026_07_15_01_26_56,000066,19,all-cluster-heads,docs\doc_workspace\SGCP\artifacts\early_from_late_checkpoint_20260719\enable_coperception_early_from_attentive.yaml,cov_potential_game,grid,utility,utility,none,0,0,,cov_coalition_game,6,,9;10;13;19,19;10;13,10;13,"{""10"": 44, ""13"": 50}","{""10"": 2939, ""13"": 3931, ""19"": 4818}",109920,34.98109010011124,10,40.0,200.0,1,ns3,899,0.5,10,12,28,,,[],[],10>19:5;13>19:9,,8,35,
2026_07_15_01_26_56,000068,1,all-cluster-heads,docs\doc_workspace\SGCP\artifacts\early_from_late_checkpoint_20260719\enable_coperception_early_from_attentive.yaml,cov_potential_game,grid,utility,utility,none,0,0,,cov_coalition_game,6,,1;2;8;11,1;11;2,11;2,"{""2"": 44, ""11"": 48}","{""1"": 4924, ""2"": 4386, ""11"": 2681}",113072,39.030033370411566,10,40.0,200.0,1,ns3,899,0.5,10,12,28,,,[],[],2>1:8;11>1:0,,27,42,
2026_07_15_01_26_56,000068,4,all-cluster-heads,docs\doc_workspace\SGCP\artifacts\early_from_late_checkpoint_20260719\enable_coperception_early_from_attentive.yaml,cov_potential_game,grid,utility,utility,none,0,0,,cov_coalition_game,6,,4;9;12,4;9;12,9;12,"{""9"": 46, ""12"": 52}","{""4"": 4848, ""9"": 4751, ""12"": 4861}",153792,43.256952169076754,10,40.0,200.0,1,ns3,899,0.5,10,12,28,,,[],[],9>4:1;12>4:7,,22,43,
2026_07_15_01_26_56,000068,13,all-cluster-heads,docs\doc_workspace\SGCP\artifacts\early_from_late_checkpoint_20260719\enable_coperception_early_from_attentive.yaml,cov_potential_game,grid,utility,utility,none,0,0,,cov_coalition_game,6,,10;13;14;19,13;14;10,14;10,"{""10"": 41, ""14"": 57}","{""10"": 4783, ""13"": 4795, ""14"": 5026}",156944,44.72525027808676,10,40.0,200.0,1,ns3,899,0.5,10,12,28,,,[],[],10>13:9;14>13:2,,12,31,
2026_07_15_01_26_56,000068,15,all-cluster-heads,docs\doc_workspace\SGCP\artifacts\early_from_late_checkpoint_20260719\enable_coperception_early_from_attentive.yaml,cov_potential_game,grid,utility,utility,none,0,0,,cov_coalition_game,6,,6;15,15;6,6,"{""6"": 51}","{""6"": 3980, ""15"": 4743}",63680,35.41713014460512,10,40.0,200.0,1,ns3,899,0.5,10,12,28,,,[],[],6>15:3,,15,16,
2026_07_15_01_26_56,000068,16,all-cluster-heads,docs\doc_workspace\SGCP\artifacts\early_from_late_checkpoint_20260719\enable_coperception_early_from_attentive.yaml,cov_potential_game,grid,utility,utility,none,0,0,,cov_coalition_game,6,,5;7;16;20,16;7,7,"{""7"": 42}","{""7"": 1652, ""16"": 4887}",26432,14.700778642936596,10,40.0,200.0,1,ns3,899,0.5,10,12,28,,,[],[],7>16:4,,17,27,
2026_07_15_01_26_56,000068,17,all-cluster-heads,docs\doc_workspace\SGCP\artifacts\early_from_late_checkpoint_20260719\enable_coperception_early_from_attentive.yaml,cov_potential_game,grid,utility,utility,none,0,0,,cov_coalition_game,6,,3;17;18,17;18;3,18;3,"{""3"": 60, ""18"": 42}","{""3"": 4965, ""17"": 4976, ""18"": 4583}",152768,44.18242491657397,10,40.0,200.0,1,ns3,899,0.5,10,12,28,,,[],[],3>17:6;18>17:5,,9,16,
2026_07_15_01_26_56,000070,1,all-cluster-heads,docs\doc_workspace\SGCP\artifacts\early_from_late_checkpoint_20260719\enable_coperception_early_from_attentive.yaml,cov_potential_game,grid,utility,utility,none,0,0,,cov_coalition_game,6,,1;2;8;11,1;11;2,11;2,"{""2"": 44, ""11"": 48}","{""1"": 4925, ""2"": 3159, ""11"": 2678}",93392,28.111234705228032,10,40.0,200.0,1,ns3,899,0.5,10,12,28,,,[],[],2>1:8;11>1:0,,25,42,
2026_07_15_01_26_56,000070,12,all-cluster-heads,docs\doc_workspace\SGCP\artifacts\early_from_late_checkpoint_20260719\enable_coperception_early_from_attentive.yaml,cov_potential_game,grid,utility,utility,none,0,0,,cov_coalition_game,6,,4;7;12,12;7;4,7;4,"{""4"": 52, ""7"": 46}","{""4"": 4823, ""7"": 4045, ""12"": 4888}",141888,42.91879866518354,10,40.0,200.0,1,ns3,899,0.5,10,12,28,,,[],[],4>12:7;7>12:1,,21,43,
2026_07_15_01_26_56,000070,13,all-cluster-heads,docs\doc_workspace\SGCP\artifacts\early_from_late_checkpoint_20260719\enable_coperception_early_from_attentive.yaml,cov_potential_game,grid,utility,utility,none,0,0,,cov_coalition_game,6,,10;13;14;19,13;14,14,"{""14"": 55}","{""13"": 4795, ""14"": 5026}",80416,44.72525027808676,10,40.0,200.0,1,ns3,899,0.5,10,12,28,,,[],[],14>13:2,,0,11,
2026_07_15_01_26_56,000070,15,all-cluster-heads,docs\doc_workspace\SGCP\artifacts\early_from_late_checkpoint_20260719\enable_coperception_early_from_attentive.yaml,cov_potential_game,grid,utility,utility,none,0,0,,cov_coalition_game,6,,6;15,15;6,6,"{""6"": 51}","{""6"": 3958, ""15"": 4740}",63328,35.22135706340379,10,40.0,200.0,1,ns3,899,0.5,10,12,28,,,[],[],6>15:3,,15,16,
2026_07_15_01_26_56,000070,17,all-cluster-heads,docs\doc_workspace\SGCP\artifacts\early_from_late_checkpoint_20260719\enable_coperception_early_from_attentive.yaml,cov_potential_game,grid,utility,utility,none,0,0,,cov_coalition_game,6,,3;17;18,17;18;3,18;3,"{""3"": 57, ""18"": 40}","{""3"": 4929, ""17"": 4972, ""18"": 4383}",148992,43.86206896551724,10,40.0,200.0,1,ns3,899,0.5,10,12,28,,,[],[],3>17:6;18>17:4,,8,16,
2026_07_15_01_26_56,000070,20,all-cluster-heads,docs\doc_workspace\SGCP\artifacts\early_from_late_checkpoint_20260719\enable_coperception_early_from_attentive.yaml,cov_potential_game,grid,utility,utility,none,0,0,,cov_coalition_game,6,,5;9;16;20,20;9;16,9;16,"{""9"": 43, ""16"": 46}","{""9"": 4226, ""16"": 4826, ""20"": 4909}",144832,42.94549499443826,10,40.0,200.0,1,ns3,899,0.5,10,12,28,,,[],[],9>20:5;16>20:9,,24,31,
2026_07_15_01_26_56,000072,1,all-cluster-heads,docs\doc_workspace\SGCP\artifacts\early_from_late_checkpoint_20260719\enable_coperception_early_from_attentive.yaml,cov_potential_game,grid,utility,utility,none,0,0,,cov_coalition_game,6,,1;2;8;11,1;11;2,11;2,"{""2"": 43, ""11"": 47}","{""1"": 4928, ""2"": 4796, ""11"": 2683}",119664,42.67853170189099,10,40.0,200.0,1,ns3,899,0.5,10,12,28,,,[],[],2>1:8;11>1:0,,26,41,
2026_07_15_01_26_56,000072,4,all-cluster-heads,docs\doc_workspace\SGCP\artifacts\early_from_late_checkpoint_20260719\enable_coperception_early_from_attentive.yaml,cov_potential_game,grid,utility,utility,none,0,0,,cov_coalition_game,6,,4;9;12,4;9;12,9;12,"{""9"": 46, ""12"": 51}","{""4"": 4868, ""9"": 4750, ""12"": 4867}",153872,43.310344827586206,10,40.0,200.0,1,ns3,899,0.5,10,12,28,,,[],[],9>4:1;12>4:7,,24,42,
2026_07_15_01_26_56,000072,13,all-cluster-heads,docs\doc_workspace\SGCP\artifacts\early_from_late_checkpoint_20260719\enable_coperception_early_from_attentive.yaml,cov_potential_game,grid,utility,utility,none,0,0,,cov_coalition_game,6,,10;13;14;19,13;14,14,"{""14"": 60}","{""13"": 4800, ""14"": 5039}",80624,44.840934371523915,10,40.0,200.0,1,ns3,899,0.5,10,12,28,,,[],[],14>13:2,,3,10,
2026_07_15_01_26_56,000072,15,all-cluster-heads,docs\doc_workspace\SGCP\artifacts\early_from_late_checkpoint_20260719\enable_coperception_early_from_attentive.yaml,cov_potential_game,grid,utility,utility,none,0,0,,cov_coalition_game,6,,6;15,15;6,6,"{""6"": 47}","{""6"": 3950, ""15"": 4748}",63200,35.15016685205784,10,40.0,200.0,1,ns3,899,0.5,10,12,28,,,[],[],6>15:3,,15,18,
2026_07_15_01_26_56,000072,16,all-cluster-heads,docs\doc_workspace\SGCP\artifacts\early_from_late_checkpoint_20260719\enable_coperception_early_from_attentive.yaml,cov_potential_game,grid,utility,utility,none,0,0,,cov_coalition_game,6,,5;7;16;20,16;7;20,7;20,"{""7"": 44, ""20"": 45}","{""7"": 1749, ""16"": 4868, ""20"": 4851}",105600,43.16796440489433,10,40.0,200.0,1,ns3,899,0.5,10,12,28,,,[],[],7>16:4;20>16:9,,20,28,
2026_07_15_01_26_56,000072,17,all-cluster-heads,docs\doc_workspace\SGCP\artifacts\early_from_late_checkpoint_20260719\enable_coperception_early_from_attentive.yaml,cov_potential_game,grid,utility,utility,none,0,0,,cov_coalition_game,6,,3;17;18,17;18;3,18;3,"{""3"": 58, ""18"": 43}","{""3"": 4922, ""17"": 4977, ""18"": 4668}",153440,43.799777530589544,10,40.0,200.0,1,ns3,899,0.5,10,12,28,,,[],[],3>17:6;18>17:5,,11,16,
2026_07_15_01_26_56,000074,1,all-cluster-heads,docs\doc_workspace\SGCP\artifacts\early_from_late_checkpoint_20260719\enable_coperception_early_from_attentive.yaml,cov_potential_game,grid,utility,utility,none,0,0,,cov_coalition_game,6,,1;2;8;11,1;11;2,11;2,"{""2"": 43, ""11"": 47}","{""1"": 4931, ""2"": 4784, ""11"": 2678}",119392,42.57174638487208,10,40.0,200.0,1,ns3,899,0.5,10,12,28,,,[],[],2>1:8;11>1:0,,26,39,
2026_07_15_01_26_56,000074,12,all-cluster-heads,docs\doc_workspace\SGCP\artifacts\early_from_late_checkpoint_20260719\enable_coperception_early_from_attentive.yaml,cov_potential_game,grid,utility,utility,none,0,0,,cov_coalition_game,6,,4;7;12,12;7;4,7;4,"{""4"": 51, ""7"": 50}","{""4"": 4819, ""7"": 3985, ""12"": 4881}",140864,42.88320355951056,10,40.0,200.0,1,ns3,899,0.5,10,12,28,,,[],[],4>12:7;7>12:1,,20,43,
2026_07_15_01_26_56,000074,13,all-cluster-heads,docs\doc_workspace\SGCP\artifacts\early_from_late_checkpoint_20260719\enable_coperception_early_from_attentive.yaml,cov_potential_game,grid,utility,utility,none,0,0,,cov_coalition_game,6,,10;13;14;19,13;14,14,"{""14"": 59}","{""13"": 4800, ""14"": 5009}",80144,44.57397107897664,10,40.0,200.0,1,ns3,899,0.5,10,12,28,,,[],[],14>13:2,,3,11,
2026_07_15_01_26_56,000074,15,all-cluster-heads,docs\doc_workspace\SGCP\artifacts\early_from_late_checkpoint_20260719\enable_coperception_early_from_attentive.yaml,cov_potential_game,grid,utility,utility,none,0,0,,cov_coalition_game,6,,6;15,15;6,6,"{""6"": 44}","{""6"": 3914, ""15"": 4753}",62624,34.82981090100111,10,40.0,200.0,1,ns3,899,0.5,10,12,28,,,[],[],6>15:3,,15,18,
2026_07_15_01_26_56,000074,17,all-cluster-heads,docs\doc_workspace\SGCP\artifacts\early_from_late_checkpoint_20260719\enable_coperception_early_from_attentive.yaml,cov_potential_game,grid,utility,utility,none,0,0,,cov_coalition_game,6,,3;17;18,17;18;3,18;3,"{""3"": 57, ""18"": 42}","{""3"": 4924, ""17"": 4954, ""18"": 4643}",153072,43.81757508342603,10,40.0,200.0,1,ns3,899,0.5,10,12,28,,,[],[],3>17:6;18>17:4,,10,16,
2026_07_15_01_26_56,000074,20,all-cluster-heads,docs\doc_workspace\SGCP\artifacts\early_from_late_checkpoint_20260719\enable_coperception_early_from_attentive.yaml,cov_potential_game,grid,utility,utility,none,0,0,,cov_coalition_game,6,,5;9;16;20,20;9;16,9;16,"{""9"": 43, ""16"": 44}","{""9"": 4226, ""16"": 4814, ""20"": 4907}",144640,42.83870967741935,10,40.0,200.0,1,ns3,899,0.5,10,12,28,,,[],[],9>20:5;16>20:9,,24,32,
2026_07_15_01_26_56,000076,1,all-cluster-heads,docs\doc_workspace\SGCP\artifacts\early_from_late_checkpoint_20260719\enable_coperception_early_from_attentive.yaml,cov_potential_game,grid,utility,utility,none,0,0,,cov_coalition_game,6,,1;2;8;11,1;11;2,11;2,"{""2"": 43, ""11"": 46}","{""1"": 4934, ""2"": 4791, ""11"": 2348}",114224,42.63403781979978,10,40.0,200.0,1,ns3,899,0.5,10,12,28,,,[],[],2>1:8;11>1:0,,23,41,
2026_07_15_01_26_56,000076,4,all-cluster-heads,docs\doc_workspace\SGCP\artifacts\early_from_late_checkpoint_20260719\enable_coperception_early_from_attentive.yaml,cov_potential_game,grid,utility,utility,none,0,0,,cov_coalition_game,6,,4;9;12,4;9;12,9;12,"{""9"": 48, ""12"": 52}","{""4"": 4853, ""9"": 4753, ""12"": 4869}",153952,43.32814238042269,10,40.0,200.0,1,ns3,899,0.5,10,12,28,,,[],[],9>4:1;12>4:7,,20,42,
2026_07_15_01_26_56,000076,13,all-cluster-heads,docs\doc_workspace\SGCP\artifacts\early_from_late_checkpoint_20260719\enable_coperception_early_from_attentive.yaml,cov_potential_game,grid,utility,utility,none,0,0,,cov_coalition_game,6,,10;13;14;19,13;14;10,14;10,"{""10"": 44, ""14"": 58}","{""10"": 4813, ""13"": 4773, ""14"": 5012}",157200,44.60066740823137,10,40.0,200.0,1,ns3,899,0.5,10,12,28,,,[],[],10>13:9;14>13:2,,11,29,
2026_07_15_01_26_56,000076,15,all-cluster-heads,docs\doc_workspace\SGCP\artifacts\early_from_late_checkpoint_20260719\enable_coperception_early_from_attentive.yaml,cov_potential_game,grid,utility,utility,none,0,0,,cov_coalition_game,6,,6;15,15;6,6,"{""6"": 48}","{""6"": 3945, ""15"": 4754}",63120,35.10567296996663,10,40.0,200.0,1,ns3,899,0.5,10,12,28,,,[],[],6>15:3,,16,18,
2026_07_15_01_26_56,000076,16,all-cluster-heads,docs\doc_workspace\SGCP\artifacts\early_from_late_checkpoint_20260719\enable_coperception_early_from_attentive.yaml,cov_potential_game,grid,utility,utility,none,0,0,,cov_coalition_game,6,,5;7;16;20,16;7,7,"{""7"": 43}","{""7"": 1874, ""16"": 4885}",29984,16.67630700778643,10,40.0,200.0,1,ns3,899,0.5,10,12,28,,,[],[],7>16:4,,14,24,
2026_07_15_01_26_56,000076,17,all-cluster-heads,docs\doc_workspace\SGCP\artifacts\early_from_late_checkpoint_20260719\enable_coperception_early_from_attentive.yaml,cov_potential_game,grid,utility,utility,none,0,0,,cov_coalition_game,6,,3;17;18,17;18;3,18;3,"{""3"": 58, ""18"": 42}","{""3"": 4884, ""17"": 5003, ""18"": 4416}",148800,43.46162402669633,10,40.0,200.0,1,ns3,899,0.5,10,12,28,,,[],[],3>17:6;18>17:5,,12,17,
2026_07_15_01_26_56,000078,1,all-cluster-heads,docs\doc_workspace\SGCP\artifacts\early_from_late_checkpoint_20260719\enable_coperception_early_from_attentive.yaml,cov_potential_game,grid,utility,utility,none,0,0,,cov_coalition_game,6,,1;2;8;11,1;11;2,11;2,"{""2"": 44, ""11"": 46}","{""1"": 4934, ""2"": 4781, ""11"": 2352}",114128,42.54505005561735,10,40.0,200.0,1,ns3,899,0.5,10,12,28,,,[],[],2>1:8;11>1:0,,27,40,
2026_07_15_01_26_56,000078,4,all-cluster-heads,docs\doc_workspace\SGCP\artifacts\early_from_late_checkpoint_20260719\enable_coperception_early_from_attentive.yaml,cov_potential_game,grid,utility,utility,none,0,0,,cov_coalition_game,6,,4;9;12,4;9;12,9;12,"{""9"": 48, ""12"": 47}","{""4"": 4858, ""9"": 4751, ""12"": 4822}",153168,42.909899888765295,10,40.0,200.0,1,ns3,899,0.5,10,12,28,,,[],[],9>4:1;12>4:7,,20,44,
2026_07_15_01_26_56,000078,13,all-cluster-heads,docs\doc_workspace\SGCP\artifacts\early_from_late_checkpoint_20260719\enable_coperception_early_from_attentive.yaml,cov_potential_game,grid,utility,utility,none,0,0,,cov_coalition_game,6,,10;13;14;19,13;14,14,"{""14"": 61}","{""13"": 4778, ""14"": 5005}",80080,44.53837597330367,10,40.0,200.0,1,ns3,899,0.5,10,12,28,,,[],[],14>13:2,,1,10,
2026_07_15_01_26_56,000078,15,all-cluster-heads,docs\doc_workspace\SGCP\artifacts\early_from_late_checkpoint_20260719\enable_coperception_early_from_attentive.yaml,cov_potential_game,grid,utility,utility,none,0,0,,cov_coalition_game,6,,6;15,15;6,6,"{""6"": 45}","{""6"": 3922, ""15"": 4753}",62752,34.901001112347046,10,40.0,200.0,1,ns3,899,0.5,10,12,28,,,[],[],6>15:3,,17,19,
2026_07_15_01_26_56,000078,16,all-cluster-heads,docs\doc_workspace\SGCP\artifacts\early_from_late_checkpoint_20260719\enable_coperception_early_from_attentive.yaml,cov_potential_game,grid,utility,utility,none,0,0,,cov_coalition_game,6,,5;7;16;20,16;7;20,7;20,"{""7"": 43, ""20"": 48}","{""7"": 1957, ""16"": 4880, ""20"": 4866}",109168,43.301446051167964,10,40.0,200.0,1,ns3,899,0.5,10,12,28,,,[],[],7>16:4;20>16:9,,21,27,
2026_07_15_01_26_56,000078,17,all-cluster-heads,docs\doc_workspace\SGCP\artifacts\early_from_late_checkpoint_20260719\enable_coperception_early_from_attentive.yaml,cov_potential_game,grid,utility,utility,none,0,0,,cov_coalition_game,6,,3;17;18,17;18;3,18;3,"{""3"": 56, ""18"": 42}","{""3"": 4878, ""17"": 4995, ""18"": 4466}",149504,43.408231368186875,10,40.0,200.0,1,ns3,899,0.5,10,12,28,,,[],[],3>17:6;18>17:5,,8,17,
2026_07_15_01_26_56,000080,1,all-cluster-heads,docs\doc_workspace\SGCP\artifacts\early_from_late_checkpoint_20260719\enable_coperception_early_from_attentive.yaml,cov_potential_game,grid,utility,utility,none,0,0,,cov_coalition_game,6,,1;2;8;11,1;11;2,11;2,"{""2"": 42, ""11"": 46}","{""1"": 4933, ""2"": 4784, ""11"": 2353}",114192,42.57174638487208,10,40.0,200.0,1,ns3,899,0.5,10,12,28,,,[],[],2>1:8;11>1:0,,26,42,
2026_07_15_01_26_56,000080,4,all-cluster-heads,docs\doc_workspace\SGCP\artifacts\early_from_late_checkpoint_20260719\enable_coperception_early_from_attentive.yaml,cov_potential_game,grid,utility,utility,none,0,0,,cov_coalition_game,6,,4;9;12,4;9;12,9;12,"{""9"": 48, ""12"": 50}","{""4"": 4847, ""9"": 4752, ""12"": 4829}",153296,42.97219132369299,10,40.0,200.0,1,ns3,899,0.5,10,12,28,,,[],[],9>4:1;12>4:7,,20,46,
2026_07_15_01_26_56,000080,13,all-cluster-heads,docs\doc_workspace\SGCP\artifacts\early_from_late_checkpoint_20260719\enable_coperception_early_from_attentive.yaml,cov_potential_game,grid,utility,utility,none,0,0,,cov_coalition_game,6,,10;13;14;19,13;14;10,14;10,"{""10"": 41, ""14"": 61}","{""10"": 4764, ""13"": 4772, ""14"": 5013}",156432,44.60956618464961,10,40.0,200.0,1,ns3,899,0.5,10,12,28,,,[],[],10>13:9;14>13:2,,12,31,
2026_07_15_01_26_56,000080,15,all-cluster-heads,docs\doc_workspace\SGCP\artifacts\early_from_late_checkpoint_20260719\enable_coperception_early_from_attentive.yaml,cov_potential_game,grid,utility,utility,none,0,0,,cov_coalition_game,6,,6;15,15;6,6,"{""6"": 47}","{""6"": 3925, ""15"": 4751}",62800,34.92769744160178,10,40.0,200.0,1,ns3,899,0.5,10,12,28,,,[],[],6>15:3,,15,18,
2026_07_15_01_26_56,000080,16,all-cluster-heads,docs\doc_workspace\SGCP\artifacts\early_from_late_checkpoint_20260719\enable_coperception_early_from_attentive.yaml,cov_potential_game,grid,utility,utility,none,0,0,,cov_coalition_game,6,,5;7;16;20,16;7,7,"{""7"": 44}","{""7"": 2008, ""16"": 4897}",32128,17.86874304783092,10,40.0,200.0,1,ns3,899,0.5,10,12,28,,,[],[],7>16:4,,16,24,
2026_07_15_01_26_56,000080,17,all-cluster-heads,docs\doc_workspace\SGCP\artifacts\early_from_late_checkpoint_20260719\enable_coperception_early_from_attentive.yaml,cov_potential_game,grid,utility,utility,none,0,0,,cov_coalition_game,6,,3;17;18,17;18;3,18;3,"{""3"": 57, ""18"": 44}","{""3"": 4867, ""17"": 4990, ""18"": 4683}",152800,43.310344827586206,10,40.0,200.0,1,ns3,899,0.5,10,12,28,,,[],[],3>17:6;18>17:5,,8,18,
2026_07_15_01_26_56,000082,1,all-cluster-heads,docs\doc_workspace\SGCP\artifacts\early_from_late_checkpoint_20260719\enable_coperception_early_from_attentive.yaml,cov_potential_game,grid,utility,utility,none,0,0,,cov_coalition_game,6,,1;2;8;11,1;11;2,11;2,"{""2"": 42, ""11"": 46}","{""1"": 4932, ""2"": 4793, ""11"": 2353}",114336,42.65183537263626,10,40.0,200.0,1,ns3,899,0.5,10,12,28,,,[],[],2>1:8;11>1:0,,25,41,
2026_07_15_01_26_56,000082,12,all-cluster-heads,docs\doc_workspace\SGCP\artifacts\early_from_late_checkpoint_20260719\enable_coperception_early_from_attentive.yaml,cov_potential_game,grid,utility,utility,none,0,0,,cov_coalition_game,6,,4;7;12,12;7;4,7;4,"{""4"": 50, ""7"": 49}","{""4"": 4812, ""7"": 4489, ""12"": 4915}",148816,42.82091212458287,10,40.0,200.0,1,ns3,899,0.5,10,12,28,,,[],[],4>12:7;7>12:1,,24,42,
2026_07_15_01_26_56,000082,13,all-cluster-heads,docs\doc_workspace\SGCP\artifacts\early_from_late_checkpoint_20260719\enable_coperception_early_from_attentive.yaml,cov_potential_game,grid,utility,utility,none,0,0,,cov_coalition_game,6,,10;13;14;19,13;14;10,14;10,"{""10"": 42, ""14"": 59}","{""10"": 4779, ""13"": 4801, ""14"": 4978}",156112,44.298109010011125,10,40.0,200.0,1,ns3,899,0.5,10,12,28,,,[],[],10>13:9;14>13:2,,12,30,
2026_07_15_01_26_56,000082,15,all-cluster-heads,docs\doc_workspace\SGCP\artifacts\early_from_late_checkpoint_20260719\enable_coperception_early_from_attentive.yaml,cov_potential_game,grid,utility,utility,none,0,0,,cov_coalition_game,6,,6;15,15;6,6,"{""6"": 46}","{""6"": 3893, ""15"": 4758}",62288,34.64293659621802,10,40.0,200.0,1,ns3,899,0.5,10,12,28,,,[],[],6>15:3,,16,18,
2026_07_15_01_26_56,000082,17,all-cluster-heads,docs\doc_workspace\SGCP\artifacts\early_from_late_checkpoint_20260719\enable_coperception_early_from_attentive.yaml,cov_potential_game,grid,utility,utility,none,0,0,,cov_coalition_game,6,,3;16;17;18,17;18;3,18;3,"{""3"": 52, ""18"": 48}","{""3"": 4858, ""17"": 4970, ""18"": 4537}",150320,43.23025583982203,10,40.0,200.0,1,ns3,899,0.5,10,12,28,,,[],[],3>17:6;18>17:4,,7,18,
2026_07_15_01_26_56,000082,20,all-cluster-heads,docs\doc_workspace\SGCP\artifacts\early_from_late_checkpoint_20260719\enable_coperception_early_from_attentive.yaml,cov_potential_game,grid,utility,utility,none,0,0,,cov_coalition_game,6,,5;9;20,20;9,9,"{""9"": 44}","{""9"": 4225, ""20"": 4906}",67600,37.59733036707453,10,40.0,200.0,1,ns3,899,0.5,10,12,28,,,[],[],9>20:5,,21,27,
2026_07_15_01_26_56,000084,1,all-cluster-heads,docs\doc_workspace\SGCP\artifacts\early_from_late_checkpoint_20260719\enable_coperception_early_from_attentive.yaml,cov_potential_game,grid,utility,utility,none,0,0,,cov_coalition_game,6,,1;2;8;11,1;11;2,11;2,"{""2"": 41, ""11"": 46}","{""1"": 4932, ""2"": 4806, ""11"": 2357}",114608,42.767519466073416,10,40.0,200.0,1,ns3,899,0.5,10,12,28,,,[],[],2>1:8;11>1:0,,26,40,
2026_07_15_01_26_56,000084,12,all-cluster-heads,docs\doc_workspace\SGCP\artifacts\early_from_late_checkpoint_20260719\enable_coperception_early_from_attentive.yaml,cov_potential_game,grid,utility,utility,none,0,0,,cov_coalition_game,6,,4;7;12,12;7;4,7;4,"{""4"": 47, ""7"": 52}","{""4"": 4805, ""7"": 4599, ""12"": 4926}",150464,42.75862068965517,10,40.0,200.0,1,ns3,899,0.5,10,12,28,,,[],[],4>12:7;7>12:1,,22,41,
2026_07_15_01_26_56,000084,13,all-cluster-heads,docs\doc_workspace\SGCP\artifacts\early_from_late_checkpoint_20260719\enable_coperception_early_from_attentive.yaml,cov_potential_game,grid,utility,utility,none,0,0,,cov_coalition_game,6,,10;13;14;19,13;14;10,14;10,"{""10"": 38, ""14"": 56}","{""10"": 4786, ""13"": 4788, ""14"": 4978}",156224,44.298109010011125,10,40.0,200.0,1,ns3,899,0.5,10,12,28,,,[],[],10>13:9;14>13:2,,10,31,
2026_07_15_01_26_56,000084,15,all-cluster-heads,docs\doc_workspace\SGCP\artifacts\early_from_late_checkpoint_20260719\enable_coperception_early_from_attentive.yaml,cov_potential_game,grid,utility,utility,none,0,0,,cov_coalition_game,6,,6;15,15;6,6,"{""6"": 46}","{""6"": 3879, ""15"": 4766}",62064,34.518353726362626,10,40.0,200.0,1,ns3,899,0.5,10,12,28,,,[],[],6>15:3,,15,18,
2026_07_15_01_26_56,000084,17,all-cluster-heads,docs\doc_workspace\SGCP\artifacts\early_from_late_checkpoint_20260719\enable_coperception_early_from_attentive.yaml,cov_potential_game,grid,utility,utility,none,0,0,,cov_coalition_game,6,,3;16;17;18,17;18;3,18;3,"{""3"": 54, ""18"": 47}","{""3"": 4848, ""17"": 4976, ""18"": 4786}",154144,43.1412680756396,10,40.0,200.0,1,ns3,899,0.5,10,12,28,,,[],[],3>17:6;18>17:4,,11,16,
2026_07_15_01_26_56,000084,20,all-cluster-heads,docs\doc_workspace\SGCP\artifacts\early_from_late_checkpoint_20260719\enable_coperception_early_from_attentive.yaml,cov_potential_game,grid,utility,utility,none,0,0,,cov_coalition_game,6,,5;9;20,20;9,9,"{""9"": 44}","{""9"": 4224, ""20"": 4904}",67584,37.588431590656285,10,40.0,200.0,1,ns3,899,0.5,10,12,28,,,[],[],9>20:5,,21,27,
2026_07_15_01_26_56,000086,1,all-cluster-heads,docs\doc_workspace\SGCP\artifacts\early_from_late_checkpoint_20260719\enable_coperception_early_from_attentive.yaml,cov_potential_game,grid,utility,utility,none,0,0,,cov_coalition_game,6,,1;2;8;11,1;11;2,11;2,"{""2"": 43, ""11"": 45}","{""1"": 4932, ""2"": 4794, ""11"": 2360}",114464,42.660734149054505,10,40.0,200.0,1,ns3,899,0.5,10,12,28,,,[],[],2>1:8;11>1:0,,25,42,
2026_07_15_01_26_56,000086,12,all-cluster-heads,docs\doc_workspace\SGCP\artifacts\early_from_late_checkpoint_20260719\enable_coperception_early_from_attentive.yaml,cov_potential_game,grid,utility,utility,none,0,0,,cov_coalition_game,6,,4;7;12,12;7;4,7;4,"{""4"": 48, ""7"": 51}","{""4"": 4812, ""7"": 4495, ""12"": 4938}",148912,42.82091212458287,10,40.0,200.0,1,ns3,899,0.5,10,12,28,,,[],[],4>12:7;7>12:1,,26,43,
2026_07_15_01_26_56,000086,13,all-cluster-heads,docs\doc_workspace\SGCP\artifacts\early_from_late_checkpoint_20260719\enable_coperception_early_from_attentive.yaml,cov_potential_game,grid,utility,utility,none,0,0,,cov_coalition_game,6,,10;13;14;19,13;14;10,14;10,"{""10"": 38, ""14"": 57}","{""10"": 4785, ""13"": 4773, ""14"": 5000}",156560,44.49388209121246,10,40.0,200.0,1,ns3,899,0.5,10,12,28,,,[],[],10>13:9;14>13:2,,11,31,
2026_07_15_01_26_56,000086,15,all-cluster-heads,docs\doc_workspace\SGCP\artifacts\early_from_late_checkpoint_20260719\enable_coperception_early_from_attentive.yaml,cov_potential_game,grid,utility,utility,none,0,0,,cov_coalition_game,6,,6;15,15;6,6,"{""6"": 44}","{""6"": 3870, ""15"": 4762}",61920,34.43826473859844,10,40.0,200.0,1,ns3,899,0.5,10,12,28,,,[],[],6>15:3,,16,19,
2026_07_15_01_26_56,000086,17,all-cluster-heads,docs\doc_workspace\SGCP\artifacts\early_from_late_checkpoint_20260719\enable_coperception_early_from_attentive.yaml,cov_potential_game,grid,utility,utility,none,0,0,,cov_coalition_game,6,,3;16;17;18,17;18;3,18;3,"{""3"": 54, ""18"": 43}","{""3"": 4847, ""17"": 4971, ""18"": 4585}",150912,43.13236929922136,10,40.0,200.0,1,ns3,899,0.5,10,12,28,,,[],[],3>17:6;18>17:4,,10,16,
2026_07_15_01_26_56,000086,20,all-cluster-heads,docs\doc_workspace\SGCP\artifacts\early_from_late_checkpoint_20260719\enable_coperception_early_from_attentive.yaml,cov_potential_game,grid,utility,utility,none,0,0,,cov_coalition_game,6,,5;9;20,20;9,9,"{""9"": 42}","{""9"": 4215, ""20"": 4905}",67440,37.50834260289211,10,40.0,200.0,1,ns3,899,0.5,10,12,28,,,[],[],9>20:5,,20,27,
2026_07_15_01_26_56,000088,1,all-cluster-heads,docs\doc_workspace\SGCP\artifacts\early_from_late_checkpoint_20260719\enable_coperception_early_from_attentive.yaml,cov_potential_game,grid,utility,utility,none,0,0,,cov_coalition_game,6,,1;2;8;11,1;11;2,11;2,"{""2"": 44, ""11"": 47}","{""1"": 4930, ""2"": 4799, ""11"": 2361}",114560,42.705228031145715,10,40.0,200.0,1,ns3,899,0.5,10,12,28,,,[],[],2>1:8;11>1:0,,26,42,
2026_07_15_01_26_56,000088,12,all-cluster-heads,docs\doc_workspace\SGCP\artifacts\early_from_late_checkpoint_20260719\enable_coperception_early_from_attentive.yaml,cov_potential_game,grid,utility,utility,none,0,0,,cov_coalition_game,6,,4;7;12,12;7;4,7;4,"{""4"": 49, ""7"": 52}","{""4"": 4818, ""7"": 4610, ""12"": 4937}",150848,42.87430478309232,10,40.0,200.0,1,ns3,899,0.5,10,12,28,,,[],[],4>12:7;7>12:1,,27,43,
2026_07_15_01_26_56,000088,13,all-cluster-heads,docs\doc_workspace\SGCP\artifacts\early_from_late_checkpoint_20260719\enable_coperception_early_from_attentive.yaml,cov_potential_game,grid,utility,utility,none,0,0,,cov_coalition_game,6,,10;13;14;19,13;14;10,14;10,"{""10"": 39, ""14"": 57}","{""10"": 4788, ""13"": 4764, ""14"": 4971}",156144,44.23581757508343,10,40.0,200.0,1,ns3,899,0.5,10,12,28,,,[],[],10>13:9;14>13:2,,14,30,
2026_07_15_01_26_56,000088,15,all-cluster-heads,docs\doc_workspace\SGCP\artifacts\early_from_late_checkpoint_20260719\enable_coperception_early_from_attentive.yaml,cov_potential_game,grid,utility,utility,none,0,0,,cov_coalition_game,6,,6;15,15;6,6,"{""6"": 46}","{""6"": 3976, ""15"": 4772}",63616,35.38153503893215,10,40.0,200.0,1,ns3,899,0.5,10,12,28,,,[],[],6>15:3,,16,19,
2026_07_15_01_26_56,000088,17,all-cluster-heads,docs\doc_workspace\SGCP\artifacts\early_from_late_checkpoint_20260719\enable_coperception_early_from_attentive.yaml,cov_potential_game,grid,utility,utility,none,0,0,,cov_coalition_game,6,,3;16;17;18,17;18;3,18;3,"{""3"": 54, ""18"": 49}","{""3"": 4856, ""17"": 4985, ""18"": 4783}",154224,43.212458286985544,10,40.0,200.0,1,ns3,899,0.5,10,12,28,,,[],[],3>17:6;18>17:4,,10,16,
2026_07_15_01_26_56,000088,20,all-cluster-heads,docs\doc_workspace\SGCP\artifacts\early_from_late_checkpoint_20260719\enable_coperception_early_from_attentive.yaml,cov_potential_game,grid,utility,utility,none,0,0,,cov_coalition_game,6,,5;9;20,20;9,9,"{""9"": 42}","{""9"": 4214, ""20"": 4903}",67424,37.499443826473865,10,40.0,200.0,1,ns3,899,0.5,10,12,28,,,[],[],9>20:5,,21,28,
2026_07_15_01_26_56,000090,1,all-cluster-heads,docs\doc_workspace\SGCP\artifacts\early_from_late_checkpoint_20260719\enable_coperception_early_from_attentive.yaml,cov_potential_game,grid,utility,utility,none,0,0,,cov_coalition_game,6,,1;2;8;11,1;11;2,11;2,"{""2"": 43, ""11"": 48}","{""1"": 4930, ""2"": 4770, ""11"": 2365}",114160,42.44716351501668,10,40.0,200.0,1,ns3,899,0.5,10,12,28,,,[],[],2>1:8;11>1:0,,24,42,
2026_07_15_01_26_56,000090,12,all-cluster-heads,docs\doc_workspace\SGCP\artifacts\early_from_late_checkpoint_20260719\enable_coperception_early_from_attentive.yaml,cov_potential_game,grid,utility,utility,none,0,0,,cov_coalition_game,6,,4;7;12,12;7;4,7;4,"{""4"": 52, ""7"": 51}","{""4"": 4823, ""7"": 4606, ""12"": 4954}",150864,42.91879866518354,10,40.0,200.0,1,ns3,899,0.5,10,12,28,,,[],[],4>12:7;7>12:1,,21,42,
2026_07_15_01_26_56,000090,13,all-cluster-heads,docs\doc_workspace\SGCP\artifacts\early_from_late_checkpoint_20260719\enable_coperception_early_from_attentive.yaml,cov_potential_game,grid,utility,utility,none,0,0,,cov_coalition_game,6,,10;13;14;19,13;14;10,14;10,"{""10"": 37, ""14"": 58}","{""10"": 4757, ""13"": 4769, ""14"": 4929}",154976,43.86206896551724,10,40.0,200.0,1,ns3,899,0.5,10,12,28,,,[],[],10>13:9;14>13:2,,14,31,
2026_07_15_01_26_56,000090,15,all-cluster-heads,docs\doc_workspace\SGCP\artifacts\early_from_late_checkpoint_20260719\enable_coperception_early_from_attentive.yaml,cov_potential_game,grid,utility,utility,none,0,0,,cov_coalition_game,6,,6;15,15;6,6,"{""6"": 47}","{""6"": 3972, ""15"": 4768}",63552,35.34593993325918,10,40.0,200.0,1,ns3,899,0.5,10,12,28,,,[],[],6>15:3,,15,19,
2026_07_15_01_26_56,000090,17,all-cluster-heads,docs\doc_workspace\SGCP\artifacts\early_from_late_checkpoint_20260719\enable_coperception_early_from_attentive.yaml,cov_potential_game,grid,utility,utility,none,0,0,,cov_coalition_game,6,,3;16;17;18,17;18;3,18;3,"{""3"": 54, ""18"": 50}","{""3"": 4840, ""17"": 5007, ""18"": 4812}",154432,43.070077864293665,10,40.0,200.0,1,ns3,899,0.5,10,12,28,,,[],[],3>17:6;18>17:4,,10,16,
2026_07_15_01_26_56,000090,20,all-cluster-heads,docs\doc_workspace\SGCP\artifacts\early_from_late_checkpoint_20260719\enable_coperception_early_from_attentive.yaml,cov_potential_game,grid,utility,utility,none,0,0,,cov_coalition_game,6,,5;9;20,20;9,9,"{""9"": 42}","{""9"": 4213, ""20"": 4905}",67408,37.49054505005562,10,40.0,200.0,1,ns3,899,0.5,10,12,28,,,[],[],9>20:5,,22,28,
2026_07_15_01_26_56,000092,1,all-cluster-heads,docs\doc_workspace\SGCP\artifacts\early_from_late_checkpoint_20260719\enable_coperception_early_from_attentive.yaml,cov_potential_game,grid,utility,utility,none,0,0,,cov_coalition_game,6,,1;2;8;11,1;11;2,11;2,"{""2"": 44, ""11"": 47}","{""1"": 4928, ""2"": 4796, ""11"": 2361}",114512,42.67853170189099,10,40.0,200.0,1,ns3,899,0.5,10,12,28,,,[],[],2>1:8;11>1:0,,24,41,
2026_07_15_01_26_56,000092,12,all-cluster-heads,docs\doc_workspace\SGCP\artifacts\early_from_late_checkpoint_20260719\enable_coperception_early_from_attentive.yaml,cov_potential_game,grid,utility,utility,none,0,0,,cov_coalition_game,6,,4;7;12,12;7;4,7;4,"{""4"": 49, ""7"": 50}","{""4"": 4819, ""7"": 4601, ""12"": 4963}",150720,42.88320355951056,10,40.0,200.0,1,ns3,899,0.5,10,12,28,,,[],[],4>12:7;7>12:1,,25,42,
2026_07_15_01_26_56,000092,13,all-cluster-heads,docs\doc_workspace\SGCP\artifacts\early_from_late_checkpoint_20260719\enable_coperception_early_from_attentive.yaml,cov_potential_game,grid,utility,utility,none,0,0,,cov_coalition_game,6,,10;13;14;19,13;14;10,14;10,"{""10"": 37, ""14"": 58}","{""10"": 4756, ""13"": 4781, ""14"": 4932}",155008,43.888765294771964,10,40.0,200.0,1,ns3,899,0.5,10,12,28,,,[],[],10>13:9;14>13:2,,15,31,
2026_07_15_01_26_56,000092,15,all-cluster-heads,docs\doc_workspace\SGCP\artifacts\early_from_late_checkpoint_20260719\enable_coperception_early_from_attentive.yaml,cov_potential_game,grid,utility,utility,none,0,0,,cov_coalition_game,6,,6;15,15;6,6,"{""6"": 46}","{""6"": 3968, ""15"": 4770}",63488,35.310344827586206,10,40.0,200.0,1,ns3,899,0.5,10,12,28,,,[],[],6>15:3,,15,19,
2026_07_15_01_26_56,000092,17,all-cluster-heads,docs\doc_workspace\SGCP\artifacts\early_from_late_checkpoint_20260719\enable_coperception_early_from_attentive.yaml,cov_potential_game,grid,utility,utility,none,0,0,,cov_coalition_game,6,,3;16;17;18,17;18;3,18;3,"{""3"": 55, ""18"": 50}","{""3"": 4865, ""17"": 5000, ""18"": 4792}",154512,43.29254727474972,10,40.0,200.0,1,ns3,899,0.5,10,12,28,,,[],[],3>17:6;18>17:4,,9,16,
2026_07_15_01_26_56,000092,20,all-cluster-heads,docs\doc_workspace\SGCP\artifacts\early_from_late_checkpoint_20260719\enable_coperception_early_from_attentive.yaml,cov_potential_game,grid,utility,utility,none,0,0,,cov_coalition_game,6,,5;9;20,20;9,9,"{""9"": 42}","{""9"": 4213, ""20"": 4905}",67408,37.49054505005562,10,40.0,200.0,1,ns3,899,0.5,10,12,28,,,[],[],9>20:5,,23,28,
2026_07_15_01_26_56,000094,1,all-cluster-heads,docs\doc_workspace\SGCP\artifacts\early_from_late_checkpoint_20260719\enable_coperception_early_from_attentive.yaml,cov_potential_game,grid,utility,utility,none,0,0,,cov_coalition_game,6,,1;2;8;11,1;11;2,11;2,"{""2"": 45, ""11"": 47}","{""1"": 4929, ""2"": 4804, ""11"": 2359}",114608,42.749721913236925,10,40.0,200.0,1,ns3,899,0.5,10,12,28,,,[],[],2>1:8;11>1:0,,24,39,
2026_07_15_01_26_56,000094,12,all-cluster-heads,docs\doc_workspace\SGCP\artifacts\early_from_late_checkpoint_20260719\enable_coperception_early_from_attentive.yaml,cov_potential_game,grid,utility,utility,none,0,0,,cov_coalition_game,6,,4;7;12,12;7;4,7;4,"{""4"": 51, ""7"": 49}","{""4"": 4823, ""7"": 4594, ""12"": 4976}",150672,42.91879866518354,10,40.0,200.0,1,ns3,899,0.5,10,12,28,,,[],[],4>12:7;7>12:1,,23,43,
2026_07_15_01_26_56,000094,13,all-cluster-heads,docs\doc_workspace\SGCP\artifacts\early_from_late_checkpoint_20260719\enable_coperception_early_from_attentive.yaml,cov_potential_game,grid,utility,utility,none,0,0,,cov_coalition_game,6,,10;13;14;19,13;14;10,14;10,"{""10"": 36, ""14"": 57}","{""10"": 4753, ""13"": 4805, ""14"": 4905}",154528,43.64849833147942,10,40.0,200.0,1,ns3,899,0.5,10,12,28,,,[],[],10>13:9;14>13:2,,15,31,
2026_07_15_01_26_56,000094,15,all-cluster-heads,docs\doc_workspace\SGCP\artifacts\early_from_late_checkpoint_20260719\enable_coperception_early_from_attentive.yaml,cov_potential_game,grid,utility,utility,none,0,0,,cov_coalition_game,6,,6;15,15;6,6,"{""6"": 50}","{""6"": 4167, ""15"": 4772}",66672,37.08120133481646,10,40.0,200.0,1,ns3,899,0.5,10,12,28,,,[],[],6>15:3,,17,20,
2026_07_15_01_26_56,000094,17,all-cluster-heads,docs\doc_workspace\SGCP\artifacts\early_from_late_checkpoint_20260719\enable_coperception_early_from_attentive.yaml,cov_potential_game,grid,utility,utility,none,0,0,,cov_coalition_game,6,,3;16;17;18,17;18;3,18;3,"{""3"": 55, ""18"": 52}","{""3"": 4844, ""17"": 4995, ""18"": 4816}",154560,43.10567296996663,10,40.0,200.0,1,ns3,899,0.5,10,12,28,,,[],[],3>17:6;18>17:4,,10,18,
2026_07_15_01_26_56,000094,20,all-cluster-heads,docs\doc_workspace\SGCP\artifacts\early_from_late_checkpoint_20260719\enable_coperception_early_from_attentive.yaml,cov_potential_game,grid,utility,utility,none,0,0,,cov_coalition_game,6,,5;9;20,20;9,9,"{""9"": 42}","{""9"": 4212, ""20"": 4905}",67392,37.481646273637374,10,40.0,200.0,1,ns3,899,0.5,10,12,28,,,[],[],9>20:5,,21,28,
2026_07_15_01_26_56,000096,1,all-cluster-heads,docs\doc_workspace\SGCP\artifacts\early_from_late_checkpoint_20260719\enable_coperception_early_from_attentive.yaml,cov_potential_game,grid,utility,utility,none,0,0,,cov_coalition_game,6,,1;2;8;11,1;11;2,11;2,"{""2"": 44, ""11"": 46}","{""1"": 4928, ""2"": 4801, ""11"": 2354}",114480,42.7230255839822,10,40.0,200.0,1,ns3,899,0.5,10,12,28,,,[],[],2>1:8;11>1:0,,26,39,
2026_07_15_01_26_56,000096,12,all-cluster-heads,docs\doc_workspace\SGCP\artifacts\early_from_late_checkpoint_20260719\enable_coperception_early_from_attentive.yaml,cov_potential_game,grid,utility,utility,none,0,0,,cov_coalition_game,6,,4;7;12,12;7;4,7;4,"{""4"": 50, ""7"": 50}","{""4"": 4822, ""7"": 4592, ""12"": 4975}",150624,42.909899888765295,10,40.0,200.0,1,ns3,899,0.5,10,12,28,,,[],[],4>12:7;7>12:1,,24,39,
2026_07_15_01_26_56,000096,13,all-cluster-heads,docs\doc_workspace\SGCP\artifacts\early_from_late_checkpoint_20260719\enable_coperception_early_from_attentive.yaml,cov_potential_game,grid,utility,utility,none,0,0,,cov_coalition_game,6,,10;13;14;19,13;14;10,14;10,"{""10"": 35, ""14"": 57}","{""10"": 4755, ""13"": 4751, ""14"": 4875}",154080,43.38153503893215,10,40.0,200.0,1,ns3,899,0.5,10,12,28,,,[],[],10>13:9;14>13:2,,15,30,
2026_07_15_01_26_56,000096,15,all-cluster-heads,docs\doc_workspace\SGCP\artifacts\early_from_late_checkpoint_20260719\enable_coperception_early_from_attentive.yaml,cov_potential_game,grid,utility,utility,none,0,0,,cov_coalition_game,6,,6;15,15;6,6,"{""6"": 50}","{""6"": 4132, ""15"": 4777}",66112,36.76974416017798,10,40.0,200.0,1,ns3,899,0.5,10,12,28,,,[],[],6>15:3,,19,19,
2026_07_15_01_26_56,000096,17,all-cluster-heads,docs\doc_workspace\SGCP\artifacts\early_from_late_checkpoint_20260719\enable_coperception_early_from_attentive.yaml,cov_potential_game,grid,utility,utility,none,0,0,,cov_coalition_game,6,,3;16;17;18,17;18;3,18;3,"{""3"": 52, ""18"": 52}","{""3"": 4824, ""17"": 4995, ""18"": 4810}",154144,42.92769744160178,10,40.0,200.0,1,ns3,899,0.5,10,12,28,,,[],[],3>17:6;18>17:4,,12,18,
2026_07_15_01_26_56,000096,20,all-cluster-heads,docs\doc_workspace\SGCP\artifacts\early_from_late_checkpoint_20260719\enable_coperception_early_from_attentive.yaml,cov_potential_game,grid,utility,utility,none,0,0,,cov_coalition_game,6,,5;9;20,20;9,9,"{""9"": 42}","{""9"": 4211, ""20"": 4902}",67376,37.47274749721913,10,40.0,200.0,1,ns3,899,0.5,10,12,28,,,[],[],9>20:5,,23,28,
2026_07_15_01_26_56,000098,1,all-cluster-heads,docs\doc_workspace\SGCP\artifacts\early_from_late_checkpoint_20260719\enable_coperception_early_from_attentive.yaml,cov_potential_game,grid,utility,utility,none,0,0,,cov_coalition_game,6,,1;2;8;11,1;11;2,11;2,"{""2"": 43, ""11"": 46}","{""1"": 4927, ""2"": 4792, ""11"": 2351}",114288,42.64293659621802,10,40.0,200.0,1,ns3,899,0.5,10,12,28,,,[],[],2>1:8;11>1:0,,28,38,
2026_07_15_01_26_56,000098,12,all-cluster-heads,docs\doc_workspace\SGCP\artifacts\early_from_late_checkpoint_20260719\enable_coperception_early_from_attentive.yaml,cov_potential_game,grid,utility,utility,none,0,0,,cov_coalition_game,6,,4;7;12,12;7;4,7;4,"{""4"": 48, ""7"": 50}","{""4"": 4821, ""7"": 4589, ""12"": 4968}",150560,42.901001112347046,10,40.0,200.0,1,ns3,899,0.5,10,12,28,,,[],[],4>12:7;7>12:1,,23,38,
2026_07_15_01_26_56,000098,13,all-cluster-heads,docs\doc_workspace\SGCP\artifacts\early_from_late_checkpoint_20260719\enable_coperception_early_from_attentive.yaml,cov_potential_game,grid,utility,utility,none,0,0,,cov_coalition_game,6,,10;13;14;19,13;14,14,"{""14"": 54}","{""13"": 4779, ""14"": 4821}",77136,42.901001112347046,10,40.0,200.0,1,ns3,899,0.5,10,12,28,,,[],[],14>13:2,,0,10,
2026_07_15_01_26_56,000098,15,all-cluster-heads,docs\doc_workspace\SGCP\artifacts\early_from_late_checkpoint_20260719\enable_coperception_early_from_attentive.yaml,cov_potential_game,grid,utility,utility,none,0,0,,cov_coalition_game,6,,6;15,15;6,6,"{""6"": 50}","{""6"": 3986, ""15"": 4783}",63776,35.47052280311457,10,40.0,200.0,1,ns3,899,0.5,10,12,28,,,[],[],6>15:3,,16,19,
2026_07_15_01_26_56,000098,17,all-cluster-heads,docs\doc_workspace\SGCP\artifacts\early_from_late_checkpoint_20260719\enable_coperception_early_from_attentive.yaml,cov_potential_game,grid,utility,utility,none,0,0,,cov_coalition_game,6,,3;16;17;18,17;18;3,18;3,"{""3"": 52, ""18"": 50}","{""3"": 4854, ""17"": 4986, ""18"": 4816}",154720,43.19466073414905,10,40.0,200.0,1,ns3,899,0.5,10,12,28,,,[],[],3>17:6;18>17:4,,11,17,
2026_07_15_01_26_56,000098,20,all-cluster-heads,docs\doc_workspace\SGCP\artifacts\early_from_late_checkpoint_20260719\enable_coperception_early_from_attentive.yaml,cov_potential_game,grid,utility,utility,none,0,0,,cov_coalition_game,6,,5;9;20,20;9;5,9;5,"{""5"": 50, ""9"": 42}","{""5"": 4925, ""9"": 4211, ""20"": 4903}",146176,43.82647385984427,10,40.0,200.0,1,ns3,899,0.5,10,12,28,,,[],[],5>20:9;9>20:5,,24,32,
2026_07_15_01_26_56,000100,1,all-cluster-heads,docs\doc_workspace\SGCP\artifacts\early_from_late_checkpoint_20260719\enable_coperception_early_from_attentive.yaml,cov_potential_game,grid,utility,utility,none,0,0,,cov_coalition_game,6,,1;2;8;11,1;11;2,11;2,"{""2"": 42, ""11"": 46}","{""1"": 4928, ""2"": 4796, ""11"": 2351}",114352,42.67853170189099,10,40.0,200.0,1,ns3,899,0.5,10,12,28,,,[],[],2>1:8;11>1:0,,25,38,
2026_07_15_01_26_56,000100,12,all-cluster-heads,docs\doc_workspace\SGCP\artifacts\early_from_late_checkpoint_20260719\enable_coperception_early_from_attentive.yaml,cov_potential_game,grid,utility,utility,none,0,0,,cov_coalition_game,6,,4;7;12,12;7;4,7;4,"{""4"": 47, ""7"": 51}","{""4"": 4815, ""7"": 4678, ""12"": 4970}",151888,42.847608453837594,10,40.0,200.0,1,ns3,899,0.5,10,12,28,,,[],[],4>12:7;7>12:1,,23,38,
2026_07_15_01_26_56,000100,13,all-cluster-heads,docs\doc_workspace\SGCP\artifacts\early_from_late_checkpoint_20260719\enable_coperception_early_from_attentive.yaml,cov_potential_game,grid,utility,utility,none,0,0,,cov_coalition_game,6,,10;13;14;19,13;14,14,"{""14"": 52}","{""13"": 4758, ""14"": 4818}",77088,42.87430478309232,10,40.0,200.0,1,ns3,899,0.5,10,12,28,,,[],[],14>13:2,,0,10,
2026_07_15_01_26_56,000100,15,all-cluster-heads,docs\doc_workspace\SGCP\artifacts\early_from_late_checkpoint_20260719\enable_coperception_early_from_attentive.yaml,cov_potential_game,grid,utility,utility,none,0,0,,cov_coalition_game,6,,6;15,15;6,6,"{""6"": 49}","{""6"": 4137, ""15"": 4775}",66192,36.81423804226919,10,40.0,200.0,1,ns3,899,0.5,10,12,28,,,[],[],6>15:3,,18,20,
2026_07_15_01_26_56,000100,17,all-cluster-heads,docs\doc_workspace\SGCP\artifacts\early_from_late_checkpoint_20260719\enable_coperception_early_from_attentive.yaml,cov_potential_game,grid,utility,utility,none,0,0,,cov_coalition_game,6,,3;16;17;18,17;18;3,18;3,"{""3"": 51, ""18"": 52}","{""3"": 4835, ""17"": 4995, ""18"": 4815}",154400,43.02558398220245,10,40.0,200.0,1,ns3,899,0.5,10,12,28,,,[],[],3>17:6;18>17:4,,11,17,
2026_07_15_01_26_56,000100,20,all-cluster-heads,docs\doc_workspace\SGCP\artifacts\early_from_late_checkpoint_20260719\enable_coperception_early_from_attentive.yaml,cov_potential_game,grid,utility,utility,none,0,0,,cov_coalition_game,6,,5;9;20,20;9;5,9;5,"{""5"": 51, ""9"": 42}","{""5"": 4911, ""9"": 4210, ""20"": 4903}",145936,43.701890989988875,10,40.0,200.0,1,ns3,899,0.5,10,12,28,,,[],[],5>20:9;9>20:5,,21,31,
2026_07_15_01_26_56,000102,1,all-cluster-heads,docs\doc_workspace\SGCP\artifacts\early_from_late_checkpoint_20260719\enable_coperception_early_from_attentive.yaml,cov_potential_game,grid,utility,utility,none,0,0,,cov_coalition_game,6,,1;2;8;11,1;11;2,11;2,"{""2"": 44, ""11"": 46}","{""1"": 4929, ""2"": 4788, ""11"": 2347}",114160,42.607341490545046,10,40.0,200.0,1,ns3,899,0.5,10,12,28,,,[],[],2>1:8;11>1:0,,26,38,
2026_07_15_01_26_56,000102,12,all-cluster-heads,docs\doc_workspace\SGCP\artifacts\early_from_late_checkpoint_20260719\enable_coperception_early_from_attentive.yaml,cov_potential_game,grid,utility,utility,none,0,0,,cov_coalition_game,6,,4;7;12,12;7;4,7;4,"{""4"": 46, ""7"": 51}","{""4"": 4794, ""7"": 4677, ""12"": 4965}",151536,42.660734149054505,10,40.0,200.0,1,ns3,899,0.5,10,12,28,,,[],[],4>12:7;7>12:1,,22,38,
2026_07_15_01_26_56,000102,13,all-cluster-heads,docs\doc_workspace\SGCP\artifacts\early_from_late_checkpoint_20260719\enable_coperception_early_from_attentive.yaml,cov_potential_game,grid,utility,utility,none,0,0,,cov_coalition_game,6,,10;13;14;19,13;14,14,"{""14"": 52}","{""13"": 4787, ""14"": 4769}",76304,42.43826473859844,10,40.0,200.0,1,ns3,899,0.5,10,12,28,,,[],[],14>13:2,,0,8,
2026_07_15_01_26_56,000102,15,all-cluster-heads,docs\doc_workspace\SGCP\artifacts\early_from_late_checkpoint_20260719\enable_coperception_early_from_attentive.yaml,cov_potential_game,grid,utility,utility,none,0,0,,cov_coalition_game,6,,6;15,15;6,6,"{""6"": 54}","{""6"": 4148, ""15"": 4798}",66368,36.91212458286985,10,40.0,200.0,1,ns3,899,0.5,10,12,28,,,[],[],6>15:3,,20,22,
2026_07_15_01_26_56,000102,17,all-cluster-heads,docs\doc_workspace\SGCP\artifacts\early_from_late_checkpoint_20260719\enable_coperception_early_from_attentive.yaml,cov_potential_game,grid,utility,utility,none,0,0,,cov_coalition_game,6,,3;16;17;18,17;18;3,18;3,"{""3"": 52, ""18"": 48}","{""3"": 4850, ""17"": 4990, ""18"": 4824}",154784,43.159065628476085,10,40.0,200.0,1,ns3,899,0.5,10,12,28,,,[],[],3>17:6;18>17:4,,12,17,
2026_07_15_01_26_56,000102,20,all-cluster-heads,docs\doc_workspace\SGCP\artifacts\early_from_late_checkpoint_20260719\enable_coperception_early_from_attentive.yaml,cov_potential_game,grid,utility,utility,none,0,0,,cov_coalition_game,6,,5;9;20,20;9;5,9;5,"{""5"": 52, ""9"": 42}","{""5"": 4952, ""9"": 4210, ""20"": 4902}",146592,44.06674082313682,10,40.0,200.0,1,ns3,899,0.5,10,12,28,,,[],[],5>20:9;9>20:5,,21,33,
2026_07_15_01_26_56,000104,1,all-cluster-heads,docs\doc_workspace\SGCP\artifacts\early_from_late_checkpoint_20260719\enable_coperception_early_from_attentive.yaml,cov_potential_game,grid,utility,utility,none,0,0,,cov_coalition_game,6,,1;2;8;11,1;11;2,11;2,"{""2"": 44, ""11"": 46}","{""1"": 4929, ""2"": 4788, ""11"": 2347}",114160,42.607341490545046,10,40.0,200.0,1,ns3,899,0.5,10,12,28,,,[],[],2>1:8;11>1:0,,24,38,
2026_07_15_01_26_56,000104,12,all-cluster-heads,docs\doc_workspace\SGCP\artifacts\early_from_late_checkpoint_20260719\enable_coperception_early_from_attentive.yaml,cov_potential_game,grid,utility,utility,none,0,0,,cov_coalition_game,6,,4;7;12,12;7;4,7;4,"{""4"": 46, ""7"": 51}","{""4"": 4764, ""7"": 4675, ""12"": 4988}",151024,42.39377085650723,10,40.0,200.0,1,ns3,899,0.5,10,12,28,,,[],[],4>12:7;7>12:1,,20,38,
2026_07_15_01_26_56,000104,13,all-cluster-heads,docs\doc_workspace\SGCP\artifacts\early_from_late_checkpoint_20260719\enable_coperception_early_from_attentive.yaml,cov_potential_game,grid,utility,utility,none,0,0,,cov_coalition_game,6,,10;13;14;19,13;14,14,"{""14"": 56}","{""13"": 4747, ""14"": 4757}",76112,42.33147942157953,10,40.0,200.0,1,ns3,899,0.5,10,12,28,,,[],[],14>13:2,,0,9,
2026_07_15_01_26_56,000104,15,all-cluster-heads,docs\doc_workspace\SGCP\artifacts\early_from_late_checkpoint_20260719\enable_coperception_early_from_attentive.yaml,cov_potential_game,grid,utility,utility,none,0,0,,cov_coalition_game,6,,6;15,15;6,6,"{""6"": 53}","{""6"": 4003, ""15"": 4777}",64048,35.62180200222469,10,40.0,200.0,1,ns3,899,0.5,10,12,28,,,[],[],6>15:3,,19,23,
2026_07_15_01_26_56,000104,17,all-cluster-heads,docs\doc_workspace\SGCP\artifacts\early_from_late_checkpoint_20260719\enable_coperception_early_from_attentive.yaml,cov_potential_game,grid,utility,utility,none,0,0,,cov_coalition_game,6,,3;16;17;18,17;18;3,18;3,"{""3"": 50, ""18"": 53}","{""3"": 4817, ""17"": 4979, ""18"": 4804}",153936,42.86540600667408,10,40.0,200.0,1,ns3,899,0.5,10,12,28,,,[],[],3>17:6;18>17:4,,12,18,
2026_07_15_01_26_56,000104,20,all-cluster-heads,docs\doc_workspace\SGCP\artifacts\early_from_late_checkpoint_20260719\enable_coperception_early_from_attentive.yaml,cov_potential_game,grid,utility,utility,none,0,0,,cov_coalition_game,6,,5;9;20,20;9;5,9;5,"{""5"": 51, ""9"": 42}","{""5"": 4930, ""9"": 4210, ""20"": 4900}",146240,43.87096774193548,10,40.0,200.0,1,ns3,899,0.5,10,12,28,,,[],[],5>20:9;9>20:5,,25,32,
2026_07_15_01_26_56,000106,1,all-cluster-heads,docs\doc_workspace\SGCP\artifacts\early_from_late_checkpoint_20260719\enable_coperception_early_from_attentive.yaml,cov_potential_game,grid,utility,utility,none,0,0,,cov_coalition_game,6,,1;2;8;11,1;11;2,11;2,"{""2"": 44, ""11"": 46}","{""1"": 4928, ""2"": 4795, ""11"": 2349}",114304,42.66963292547275,10,40.0,200.0,1,ns3,899,0.5,10,12,28,,,[],[],2>1:8;11>1:0,,27,38,
2026_07_15_01_26_56,000106,12,all-cluster-heads,docs\doc_workspace\SGCP\artifacts\early_from_late_checkpoint_20260719\enable_coperception_early_from_attentive.yaml,cov_potential_game,grid,utility,utility,none,0,0,,cov_coalition_game,6,,4;7;12,12;7;4,7;4,"{""4"": 45, ""7"": 51}","{""4"": 4760, ""7"": 4678, ""12"": 4987}",151008,42.35817575083426,10,40.0,200.0,1,ns3,899,0.5,10,12,28,,,[],[],4>12:7;7>12:1,,20,38,
2026_07_15_01_26_56,000106,13,all-cluster-heads,docs\doc_workspace\SGCP\artifacts\early_from_late_checkpoint_20260719\enable_coperception_early_from_attentive.yaml,cov_potential_game,grid,utility,utility,none,0,0,,cov_coalition_game,6,,10;13;14;19,13;14;10,14;10,"{""10"": 37, ""14"": 53}","{""10"": 4766, ""13"": 4753, ""14"": 4743}",152144,42.411568409343715,10,40.0,200.0,1,ns3,899,0.5,10,12,28,,,[],[],10>13:9;14>13:2,,15,29,
2026_07_15_01_26_56,000106,15,all-cluster-heads,docs\doc_workspace\SGCP\artifacts\early_from_late_checkpoint_20260719\enable_coperception_early_from_attentive.yaml,cov_potential_game,grid,utility,utility,none,0,0,,cov_coalition_game,6,,6;15,15;6,6,"{""6"": 55}","{""6"": 4153, ""15"": 4779}",66448,36.95661846496107,10,40.0,200.0,1,ns3,899,0.5,10,12,28,,,[],[],6>15:3,,17,23,
2026_07_15_01_26_56,000106,17,all-cluster-heads,docs\doc_workspace\SGCP\artifacts\early_from_late_checkpoint_20260719\enable_coperception_early_from_attentive.yaml,cov_potential_game,grid,utility,utility,none,0,0,,cov_coalition_game,6,,3;16;17;18,17;18;3,18;3,"{""3"": 51, ""18"": 50}","{""3"": 4835, ""17"": 4994, ""18"": 4810}",154320,43.02558398220245,10,40.0,200.0,1,ns3,899,0.5,10,12,28,,,[],[],3>17:6;18>17:4,,11,17,
2026_07_15_01_26_56,000106,20,all-cluster-heads,docs\doc_workspace\SGCP\artifacts\early_from_late_checkpoint_20260719\enable_coperception_early_from_attentive.yaml,cov_potential_game,grid,utility,utility,none,0,0,,cov_coalition_game,6,,5;9;20,20;9,9,"{""9"": 43}","{""9"": 4211, ""20"": 4900}",67376,37.47274749721913,10,40.0,200.0,1,ns3,899,0.5,10,12,28,,,[],[],9>20:5,,19,25,
2026_07_15_01_26_56,000108,1,all-cluster-heads,docs\doc_workspace\SGCP\artifacts\early_from_late_checkpoint_20260719\enable_coperception_early_from_attentive.yaml,cov_potential_game,grid,utility,utility,none,0,0,,cov_coalition_game,6,,1;2;8;11,1;11;2,11;2,"{""2"": 44, ""11"": 46}","{""1"": 4928, ""2"": 4795, ""11"": 2352}",114352,42.66963292547275,10,40.0,200.0,1,ns3,899,0.5,10,12,28,,,[],[],2>1:8;11>1:0,,24,39,
2026_07_15_01_26_56,000108,12,all-cluster-heads,docs\doc_workspace\SGCP\artifacts\early_from_late_checkpoint_20260719\enable_coperception_early_from_attentive.yaml,cov_potential_game,grid,utility,utility,none,0,0,,cov_coalition_game,6,,4;7;12,12;7;4,7;4,"{""4"": 44, ""7"": 50}","{""4"": 4789, ""7"": 4678, ""12"": 4997}",151472,42.61624026696329,10,40.0,200.0,1,ns3,899,0.5,10,12,28,,,[],[],4>12:7;7>12:1,,22,39,
2026_07_15_01_26_56,000108,13,all-cluster-heads,docs\doc_workspace\SGCP\artifacts\early_from_late_checkpoint_20260719\enable_coperception_early_from_attentive.yaml,cov_potential_game,grid,utility,utility,none,0,0,,cov_coalition_game,6,,10;13;14;19,13;14,14,"{""14"": 54}","{""13"": 4757, ""14"": 4718}",75488,41.98442714126808,10,40.0,200.0,1,ns3,899,0.5,10,12,28,,,[],[],14>13:2,,0,9,
2026_07_15_01_26_56,000108,15,all-cluster-heads,docs\doc_workspace\SGCP\artifacts\early_from_late_checkpoint_20260719\enable_coperception_early_from_attentive.yaml,cov_potential_game,grid,utility,utility,none,0,0,,cov_coalition_game,6,,6;15,15;6,6,"{""6"": 55}","{""6"": 4131, ""15"": 4792}",66096,36.76084538375973,10,40.0,200.0,1,ns3,899,0.5,10,12,28,,,[],[],6>15:3,,19,24,
2026_07_15_01_26_56,000108,17,all-cluster-heads,docs\doc_workspace\SGCP\artifacts\early_from_late_checkpoint_20260719\enable_coperception_early_from_attentive.yaml,cov_potential_game,grid,utility,utility,none,0,0,,cov_coalition_game,6,,3;16;17;18,17;18;3,18;3,"{""3"": 53, ""18"": 52}","{""3"": 4801, ""17"": 4998, ""18"": 4808}",153744,42.7853170189099,10,40.0,200.0,1,ns3,899,0.5,10,12,28,,,[],[],3>17:6;18>17:4,,12,16,
2026_07_15_01_26_56,000108,20,all-cluster-heads,docs\doc_workspace\SGCP\artifacts\early_from_late_checkpoint_20260719\enable_coperception_early_from_attentive.yaml,cov_potential_game,grid,utility,utility,none,0,0,,cov_coalition_game,6,,5;9;20,20;9;5,9;5,"{""5"": 52, ""9"": 43}","{""5"": 4916, ""9"": 4212, ""20"": 4899}",146048,43.746384872080085,10,40.0,200.0,1,ns3,899,0.5,10,12,28,,,[],[],5>20:9;9>20:5,,20,30,
2026_07_15_01_26_56,000110,1,all-cluster-heads,docs\doc_workspace\SGCP\artifacts\early_from_late_checkpoint_20260719\enable_coperception_early_from_attentive.yaml,cov_potential_game,grid,utility,utility,none,0,0,,cov_coalition_game,6,,1;2;8;11,1;11;2,11;2,"{""2"": 44, ""11"": 46}","{""1"": 4928, ""2"": 4795, ""11"": 2354}",114384,42.66963292547275,10,40.0,200.0,1,ns3,899,0.5,10,12,28,,,[],[],2>1:8;11>1:0,,24,40,
2026_07_15_01_26_56,000110,12,all-cluster-heads,docs\doc_workspace\SGCP\artifacts\early_from_late_checkpoint_20260719\enable_coperception_early_from_attentive.yaml,cov_potential_game,grid,utility,utility,none,0,0,,cov_coalition_game,6,,4;7;12,12;7;4,7;4,"{""4"": 45, ""7"": 49}","{""4"": 4789, ""7"": 4682, ""12"": 4997}",151536,42.61624026696329,10,40.0,200.0,1,ns3,899,0.5,10,12,28,,,[],[],4>12:7;7>12:1,,22,38,
2026_07_15_01_26_56,000110,13,all-cluster-heads,docs\doc_workspace\SGCP\artifacts\early_from_late_checkpoint_20260719\enable_coperception_early_from_attentive.yaml,cov_potential_game,grid,utility,utility,none,0,0,,cov_coalition_game,6,,10;13;14;19,13;14,14,"{""14"": 54}","{""13"": 4738, ""14"": 4716}",75456,41.966629588431594,10,40.0,200.0,1,ns3,899,0.5,10,12,28,,,[],[],14>13:2,,0,9,
2026_07_15_01_26_56,000110,15,all-cluster-heads,docs\doc_workspace\SGCP\artifacts\early_from_late_checkpoint_20260719\enable_coperception_early_from_attentive.yaml,cov_potential_game,grid,utility,utility,none,0,0,,cov_coalition_game,6,,6;15,15;6,6,"{""6"": 53}","{""6"": 4113, ""15"": 4814}",65808,36.60066740823137,10,40.0,200.0,1,ns3,899,0.5,10,12,28,,,[],[],6>15:3,,19,24,
2026_07_15_01_26_56,000110,17,all-cluster-heads,docs\doc_workspace\SGCP\artifacts\early_from_late_checkpoint_20260719\enable_coperception_early_from_attentive.yaml,cov_potential_game,grid,utility,utility,none,0,0,,cov_coalition_game,6,,3;16;17;18,17;18;16,18;16,"{""16"": 47, ""18"": 52}","{""16"": 4894, ""17"": 5003, ""18"": 4815}",155344,43.550611790878754,10,40.0,200.0,1,ns3,899,0.5,10,12,28,,,[],[],16>17:6;18>17:4,,13,18,
2026_07_15_01_26_56,000110,20,all-cluster-heads,docs\doc_workspace\SGCP\artifacts\early_from_late_checkpoint_20260719\enable_coperception_early_from_attentive.yaml,cov_potential_game,grid,utility,utility,none,0,0,,cov_coalition_game,6,,5;9;20,20;9;5,9;5,"{""5"": 52, ""9"": 43}","{""5"": 4908, ""9"": 4213, ""20"": 4898}",145936,43.67519466073415,10,40.0,200.0,1,ns3,899,0.5,10,12,28,,,[],[],5>20:9;9>20:5,,20,30,
2026_07_15_01_26_56,000112,1,all-cluster-heads,docs\doc_workspace\SGCP\artifacts\early_from_late_checkpoint_20260719\enable_coperception_early_from_attentive.yaml,cov_potential_game,grid,utility,utility,none,0,0,,cov_coalition_game,6,,1;2;8;11,1;11;2,11;2,"{""2"": 43, ""11"": 45}","{""1"": 4926, ""2"": 4792, ""11"": 2354}",114336,42.64293659621802,10,40.0,200.0,1,ns3,899,0.5,10,12,28,,,[],[],2>1:8;11>1:0,,22,40,
2026_07_15_01_26_56,000112,12,all-cluster-heads,docs\doc_workspace\SGCP\artifacts\early_from_late_checkpoint_20260719\enable_coperception_early_from_attentive.yaml,cov_potential_game,grid,utility,utility,none,0,0,,cov_coalition_game,6,,4;7;12,12;7;4,7;4,"{""4"": 45, ""7"": 49}","{""4"": 4794, ""7"": 4685, ""12"": 5013}",151664,42.660734149054505,10,40.0,200.0,1,ns3,899,0.5,10,12,28,,,[],[],4>12:7;7>12:1,,23,38,
2026_07_15_01_26_56,000112,13,all-cluster-heads,docs\doc_workspace\SGCP\artifacts\early_from_late_checkpoint_20260719\enable_coperception_early_from_attentive.yaml,cov_potential_game,grid,utility,utility,none,0,0,,cov_coalition_game,6,,10;13;14;19,13;14,14,"{""14"": 52}","{""13"": 4707, ""14"": 4687}",74992,41.708565072302555,10,40.0,200.0,1,ns3,899,0.5,10,12,28,,,[],[],14>13:2,,2,7,
2026_07_15_01_26_56,000112,15,all-cluster-heads,docs\doc_workspace\SGCP\artifacts\early_from_late_checkpoint_20260719\enable_coperception_early_from_attentive.yaml,cov_potential_game,grid,utility,utility,none,0,0,,cov_coalition_game,6,,6;15,15;6,6,"{""6"": 52}","{""6"": 4075, ""15"": 4776}",65200,36.26251390433816,10,40.0,200.0,1,ns3,899,0.5,10,12,28,,,[],[],6>15:3,,17,23,
2026_07_15_01_26_56,000112,17,all-cluster-heads,docs\doc_workspace\SGCP\artifacts\early_from_late_checkpoint_20260719\enable_coperception_early_from_attentive.yaml,cov_potential_game,grid,utility,utility,none,0,0,,cov_coalition_game,6,,3;16;17;18,17;18;16,18;16,"{""16"": 47, ""18"": 53}","{""16"": 4884, ""17"": 4995, ""18"": 4813}",155152,43.46162402669633,10,40.0,200.0,1,ns3,899,0.5,10,12,28,,,[],[],16>17:6;18>17:4,,12,17,
2026_07_15_01_26_56,000112,20,all-cluster-heads,docs\doc_workspace\SGCP\artifacts\early_from_late_checkpoint_20260719\enable_coperception_early_from_attentive.yaml,cov_potential_game,grid,utility,utility,none,0,0,,cov_coalition_game,6,,5;9;20,20;9;5,9;5,"{""5"": 54, ""9"": 43}","{""5"": 4902, ""9"": 4214, ""20"": 4898}",145856,43.62180200222469,10,40.0,200.0,1,ns3,899,0.5,10,12,28,,,[],[],5>20:9;9>20:5,,21,31,
2026_07_15_01_26_56,000114,1,all-cluster-heads,docs\doc_workspace\SGCP\artifacts\early_from_late_checkpoint_20260719\enable_coperception_early_from_attentive.yaml,cov_potential_game,grid,utility,utility,none,0,0,,cov_coalition_game,6,,1;2;8;11,1;11;2,11;2,"{""2"": 43, ""11"": 45}","{""1"": 4926, ""2"": 4791, ""11"": 2356}",114352,42.63403781979978,10,40.0,200.0,1,ns3,899,0.5,10,12,28,,,[],[],2>1:8;11>1:0,,22,40,
2026_07_15_01_26_56,000114,12,all-cluster-heads,docs\doc_workspace\SGCP\artifacts\early_from_late_checkpoint_20260719\enable_coperception_early_from_attentive.yaml,cov_potential_game,grid,utility,utility,none,0,0,,cov_coalition_game,6,,4;7;12,12;7;4,7;4,"{""4"": 43, ""7"": 49}","{""4"": 4786, ""7"": 4688, ""12"": 5019}",151584,42.58954393770856,10,40.0,200.0,1,ns3,899,0.5,10,12,28,,,[],[],4>12:7;7>12:1,,24,39,
2026_07_15_01_26_56,000114,13,all-cluster-heads,docs\doc_workspace\SGCP\artifacts\early_from_late_checkpoint_20260719\enable_coperception_early_from_attentive.yaml,cov_potential_game,grid,utility,utility,none,0,0,,cov_coalition_game,6,,10;13;14;19,13;14,14,"{""14"": 51}","{""13"": 4726, ""14"": 4645}",74320,41.33481646273637,10,40.0,200.0,1,ns3,899,0.5,10,12,28,,,[],[],14>13:2,,0,8,
2026_07_15_01_26_56,000114,15,all-cluster-heads,docs\doc_workspace\SGCP\artifacts\early_from_late_checkpoint_20260719\enable_coperception_early_from_attentive.yaml,cov_potential_game,grid,utility,utility,none,0,0,,cov_coalition_game,6,,6;15,15;6,6,"{""6"": 49}","{""6"": 4047, ""15"": 4789}",64752,36.01334816462736,10,40.0,200.0,1,ns3,899,0.5,10,12,28,,,[],[],6>15:3,,17,23,
2026_07_15_01_26_56,000114,17,all-cluster-heads,docs\doc_workspace\SGCP\artifacts\early_from_late_checkpoint_20260719\enable_coperception_early_from_attentive.yaml,cov_potential_game,grid,utility,utility,none,0,0,,cov_coalition_game,6,,3;16;17;18,17;18;16,18;16,"{""16"": 49, ""18"": 53}","{""16"": 4911, ""17"": 5006, ""18"": 4836}",155952,43.701890989988875,10,40.0,200.0,1,ns3,899,0.5,10,12,28,,,[],[],16>17:6;18>17:4,,10,17,
2026_07_15_01_26_56,000114,20,all-cluster-heads,docs\doc_workspace\SGCP\artifacts\early_from_late_checkpoint_20260719\enable_coperception_early_from_attentive.yaml,cov_potential_game,grid,utility,utility,none,0,0,,cov_coalition_game,6,,5;9;20,20;9;5,9;5,"{""5"": 54, ""9"": 43}","{""5"": 4900, ""9"": 4213, ""20"": 4899}",145808,43.604004449388206,10,40.0,200.0,1,ns3,899,0.5,10,12,28,,,[],[],5>20:9;9>20:5,,18,30,
2026_07_15_01_26_56,000116,1,all-cluster-heads,docs\doc_workspace\SGCP\artifacts\early_from_late_checkpoint_20260719\enable_coperception_early_from_attentive.yaml,cov_potential_game,grid,utility,utility,none,0,0,,cov_coalition_game,6,,1;2;8;11,1;11;2,11;2,"{""2"": 42, ""11"": 45}","{""1"": 4926, ""2"": 4789, ""11"": 2357}",114336,42.61624026696329,10,40.0,200.0,1,ns3,899,0.5,10,12,28,,,[],[],2>1:8;11>1:0,,23,40,
2026_07_15_01_26_56,000116,12,all-cluster-heads,docs\doc_workspace\SGCP\artifacts\early_from_late_checkpoint_20260719\enable_coperception_early_from_attentive.yaml,cov_potential_game,grid,utility,utility,none,0,0,,cov_coalition_game,6,,4;7;12,12;7;4,7;4,"{""4"": 45, ""7"": 49}","{""4"": 4808, ""7"": 4693, ""12"": 4999}",152016,42.7853170189099,10,40.0,200.0,1,ns3,899,0.5,10,12,28,,,[],[],4>12:7;7>12:1,,24,39,
2026_07_15_01_26_56,000116,13,all-cluster-heads,docs\doc_workspace\SGCP\artifacts\early_from_late_checkpoint_20260719\enable_coperception_early_from_attentive.yaml,cov_potential_game,grid,utility,utility,none,0,0,,cov_coalition_game,6,,10;13;14;19,13;14,14,"{""14"": 50}","{""13"": 4746, ""14"": 4624}",73984,41.14794215795328,10,40.0,200.0,1,ns3,899,0.5,10,12,28,,,[],[],14>13:2,,0,8,
2026_07_15_01_26_56,000116,15,all-cluster-heads,docs\doc_workspace\SGCP\artifacts\early_from_late_checkpoint_20260719\enable_coperception_early_from_attentive.yaml,cov_potential_game,grid,utility,utility,none,0,0,,cov_coalition_game,6,,6;15,15;6,6,"{""6"": 49}","{""6"": 4054, ""15"": 4804}",64864,36.07563959955506,10,40.0,200.0,1,ns3,899,0.5,10,12,28,,,[],[],6>15:3,,19,23,
2026_07_15_01_26_56,000116,17,all-cluster-heads,docs\doc_workspace\SGCP\artifacts\early_from_late_checkpoint_20260719\enable_coperception_early_from_attentive.yaml,cov_potential_game,grid,utility,utility,none,0,0,,cov_coalition_game,6,,3;16;17;18,17;18;16,18;16,"{""16"": 48, ""18"": 57}","{""16"": 4915, ""17"": 5014, ""18"": 4816}",155696,43.73748609566184,10,40.0,200.0,1,ns3,899,0.5,10,12,28,,,[],[],16>17:6;18>17:4,,13,16,
2026_07_15_01_26_56,000116,20,all-cluster-heads,docs\doc_workspace\SGCP\artifacts\early_from_late_checkpoint_20260719\enable_coperception_early_from_attentive.yaml,cov_potential_game,grid,utility,utility,none,0,0,,cov_coalition_game,6,,5;9;20,20;9;5,9;5,"{""5"": 55, ""9"": 44}","{""5"": 4907, ""9"": 4213, ""20"": 4899}",145920,43.66629588431591,10,40.0,200.0,1,ns3,899,0.5,10,12,28,,,[],[],5>20:9;9>20:5,,16,29,
2026_07_15_01_26_56,000118,1,all-cluster-heads,docs\doc_workspace\SGCP\artifacts\early_from_late_checkpoint_20260719\enable_coperception_early_from_attentive.yaml,cov_potential_game,grid,utility,utility,none,0,0,,cov_coalition_game,6,,1;2;8;11,1;11;2,11;2,"{""2"": 43, ""11"": 46}","{""1"": 4927, ""2"": 4804, ""11"": 2357}",114576,42.749721913236925,10,40.0,200.0,1,ns3,899,0.5,10,12,28,,,[],[],2>1:8;11>1:0,,22,40,
2026_07_15_01_26_56,000118,12,all-cluster-heads,docs\doc_workspace\SGCP\artifacts\early_from_late_checkpoint_20260719\enable_coperception_early_from_attentive.yaml,cov_potential_game,grid,utility,utility,none,0,0,,cov_coalition_game,6,,4;7;12,12;7;4,7;4,"{""4"": 44, ""7"": 49}","{""4"": 4712, ""7"": 4695, ""12"": 5018}",150512,41.931034482758626,10,40.0,200.0,1,ns3,899,0.5,10,12,28,,,[],[],4>12:7;7>12:1,,23,39,
2026_07_15_01_26_56,000118,13,all-cluster-heads,docs\doc_workspace\SGCP\artifacts\early_from_late_checkpoint_20260719\enable_coperception_early_from_attentive.yaml,cov_potential_game,grid,utility,utility,none,0,0,,cov_coalition_game,6,,10;13;14;19,13;14,14,"{""14"": 54}","{""13"": 4711, ""14"": 4665}",74640,41.512791991101224,10,40.0,200.0,1,ns3,899,0.5,10,12,28,,,[],[],14>13:2,,1,8,
2026_07_15_01_26_56,000118,15,all-cluster-heads,docs\doc_workspace\SGCP\artifacts\early_from_late_checkpoint_20260719\enable_coperception_early_from_attentive.yaml,cov_potential_game,grid,utility,utility,none,0,0,,cov_coalition_game,6,,6;15,15;6,6,"{""6"": 52}","{""6"": 4241, ""15"": 4815}",67856,37.739710789766406,10,40.0,200.0,1,ns3,899,0.5,10,12,28,,,[],[],6>15:3,,17,22,
2026_07_15_01_26_56,000118,17,all-cluster-heads,docs\doc_workspace\SGCP\artifacts\early_from_late_checkpoint_20260719\enable_coperception_early_from_attentive.yaml,cov_potential_game,grid,utility,utility,none,0,0,,cov_coalition_game,6,,3;16;17;18,17;18;16,18;16,"{""16"": 50, ""18"": 59}","{""16"": 4932, ""17"": 5023, ""18"": 4831}",156208,43.888765294771964,10,40.0,200.0,1,ns3,899,0.5,10,12,28,,,[],[],16>17:6;18>17:4,,9,17,
2026_07_15_01_26_56,000118,20,all-cluster-heads,docs\doc_workspace\SGCP\artifacts\early_from_late_checkpoint_20260719\enable_coperception_early_from_attentive.yaml,cov_potential_game,grid,utility,utility,none,0,0,,cov_coalition_game,6,,5;9;20,20;9;5,9;5,"{""5"": 53, ""9"": 43}","{""5"": 4889, ""9"": 4214, ""20"": 4899}",145648,43.506117908787544,10,40.0,200.0,1,ns3,899,0.5,10,12,28,,,[],[],5>20:9;9>20:5,,17,29,
2026_07_15_01_26_56,000120,1,all-cluster-heads,docs\doc_workspace\SGCP\artifacts\early_from_late_checkpoint_20260719\enable_coperception_early_from_attentive.yaml,cov_potential_game,grid,utility,utility,none,0,0,,cov_coalition_game,6,,1;2;8;11,1;11;2,11;2,"{""2"": 43, ""11"": 46}","{""1"": 4928, ""2"": 4803, ""11"": 2357}",114560,42.74082313681868,10,40.0,200.0,1,ns3,899,0.5,10,12,28,,,[],[],2>1:8;11>1:0,,20,40,
2026_07_15_01_26_56,000120,12,all-cluster-heads,docs\doc_workspace\SGCP\artifacts\early_from_late_checkpoint_20260719\enable_coperception_early_from_attentive.yaml,cov_potential_game,grid,utility,utility,none,0,0,,cov_coalition_game,6,,4;7;12,12;7;4,7;4,"{""4"": 46, ""7"": 50}","{""4"": 4812, ""7"": 4718, ""12"": 5020}",152480,42.82091212458287,10,40.0,200.0,1,ns3,899,0.5,10,12,28,,,[],[],4>12:7;7>12:1,,25,40,
2026_07_15_01_26_56,000120,13,all-cluster-heads,docs\doc_workspace\SGCP\artifacts\early_from_late_checkpoint_20260719\enable_coperception_early_from_attentive.yaml,cov_potential_game,grid,utility,utility,none,0,0,,cov_coalition_game,6,,10;13;14;19,13;14,14,"{""14"": 52}","{""13"": 4704, ""14"": 4626}",74016,41.165739710789765,10,40.0,200.0,1,ns3,899,0.5,10,12,28,,,[],[],14>13:2,,2,8,
2026_07_15_01_26_56,000120,15,all-cluster-heads,docs\doc_workspace\SGCP\artifacts\early_from_late_checkpoint_20260719\enable_coperception_early_from_attentive.yaml,cov_potential_game,grid,utility,utility,none,0,0,,cov_coalition_game,6,,6;15,15;6,6,"{""6"": 48}","{""6"": 4040, ""15"": 4811}",64640,35.951056729699665,10,40.0,200.0,1,ns3,899,0.5,10,12,28,,,[],[],6>15:3,,17,22,
2026_07_15_01_26_56,000120,17,all-cluster-heads,docs\doc_workspace\SGCP\artifacts\early_from_late_checkpoint_20260719\enable_coperception_early_from_attentive.yaml,cov_potential_game,grid,utility,utility,none,0,0,,cov_coalition_game,6,,3;16;17;18,17;18;16,18;16,"{""16"": 49, ""18"": 56}","{""16"": 4923, ""17"": 5031, ""18"": 4834}",156112,43.80867630700779,10,40.0,200.0,1,ns3,899,0.5,10,12,28,,,[],[],16>17:6;18>17:4,,10,16,
2026_07_15_01_26_56,000120,20,all-cluster-heads,docs\doc_workspace\SGCP\artifacts\early_from_late_checkpoint_20260719\enable_coperception_early_from_attentive.yaml,cov_potential_game,grid,utility,utility,none,0,0,,cov_coalition_game,6,,5;9;20,20;9;5,9;5,"{""5"": 54, ""9"": 43}","{""5"": 4891, ""9"": 4213, ""20"": 4901}",145664,43.52391546162403,10,40.0,200.0,1,ns3,899,0.5,10,12,28,,,[],[],5>20:9;9>20:5,,19,29,
2026_07_15_01_26_56,000122,1,all-cluster-heads,docs\doc_workspace\SGCP\artifacts\early_from_late_checkpoint_20260719\enable_coperception_early_from_attentive.yaml,cov_potential_game,grid,utility,utility,none,0,0,,cov_coalition_game,6,,1;2;8;11,1;11;2,11;2,"{""2"": 43, ""11"": 46}","{""1"": 4925, ""2"": 4803, ""11"": 2356}",114544,42.74082313681868,10,40.0,200.0,1,ns3,899,0.5,10,12,28,,,[],[],2>1:8;11>1:0,,20,40,
2026_07_15_01_26_56,000122,12,all-cluster-heads,docs\doc_workspace\SGCP\artifacts\early_from_late_checkpoint_20260719\enable_coperception_early_from_attentive.yaml,cov_potential_game,grid,utility,utility,none,0,0,,cov_coalition_game,6,,4;7;12,12;7;4,7;4,"{""4"": 45, ""7"": 50}","{""4"": 4716, ""7"": 4718, ""12"": 5019}",150944,41.98442714126808,10,40.0,200.0,1,ns3,899,0.5,10,12,28,,,[],[],4>12:7;7>12:1,,23,41,
2026_07_15_01_26_56,000122,13,all-cluster-heads,docs\doc_workspace\SGCP\artifacts\early_from_late_checkpoint_20260719\enable_coperception_early_from_attentive.yaml,cov_potential_game,grid,utility,utility,none,0,0,,cov_coalition_game,6,,10;13;14;19,13;14,14,"{""14"": 52}","{""13"": 4698, ""14"": 4619}",73904,41.10344827586207,10,40.0,200.0,1,ns3,899,0.5,10,12,28,,,[],[],14>13:2,,0,8,
2026_07_15_01_26_56,000122,15,all-cluster-heads,docs\doc_workspace\SGCP\artifacts\early_from_late_checkpoint_20260719\enable_coperception_early_from_attentive.yaml,cov_potential_game,grid,utility,utility,none,0,0,,cov_coalition_game,6,,6;15,15;6,6,"{""6"": 48}","{""6"": 4044, ""15"": 4812}",64704,35.98665183537263,10,40.0,200.0,1,ns3,899,0.5,10,12,28,,,[],[],6>15:3,,20,22,
2026_07_15_01_26_56,000122,17,all-cluster-heads,docs\doc_workspace\SGCP\artifacts\early_from_late_checkpoint_20260719\enable_coperception_early_from_attentive.yaml,cov_potential_game,grid,utility,utility,none,0,0,,cov_coalition_game,6,,3;16;17;18,17;18;16,18;16,"{""16"": 51, ""18"": 57}","{""16"": 4934, ""17"": 5030, ""18"": 4846}",156480,43.90656284760845,10,40.0,200.0,1,ns3,899,0.5,10,12,28,,,[],[],16>17:6;18>17:4,,10,16,
2026_07_15_01_26_56,000122,20,all-cluster-heads,docs\doc_workspace\SGCP\artifacts\early_from_late_checkpoint_20260719\enable_coperception_early_from_attentive.yaml,cov_potential_game,grid,utility,utility,none,0,0,,cov_coalition_game,6,,5;9;20,20;9;5,9;5,"{""5"": 49, ""9"": 43}","{""5"": 4885, ""9"": 4212, ""20"": 4897}",145552,43.47052280311457,10,40.0,200.0,1,ns3,899,0.5,10,12,28,,,[],[],5>20:9;9>20:5,,19,28,
2026_07_15_01_26_56,000124,1,all-cluster-heads,docs\doc_workspace\SGCP\artifacts\early_from_late_checkpoint_20260719\enable_coperception_early_from_attentive.yaml,cov_potential_game,grid,utility,utility,none,0,0,,cov_coalition_game,6,,1;2;8;11,1;11;2,11;2,"{""2"": 43, ""11"": 45}","{""1"": 4925, ""2"": 4805, ""11"": 2355}",114560,42.75862068965517,10,40.0,200.0,1,ns3,899,0.5,10,12,28,,,[],[],2>1:8;11>1:0,,20,40,
2026_07_15_01_26_56,000124,12,all-cluster-heads,docs\doc_workspace\SGCP\artifacts\early_from_late_checkpoint_20260719\enable_coperception_early_from_attentive.yaml,cov_potential_game,grid,utility,utility,none,0,0,,cov_coalition_game,6,,4;7;12,12;7;4,7;4,"{""4"": 43, ""7"": 49}","{""4"": 4712, ""7"": 4716, ""12"": 4985}",150848,41.966629588431594,10,40.0,200.0,1,ns3,899,0.5,10,12,28,,,[],[],4>12:7;7>12:1,,23,41,
2026_07_15_01_26_56,000124,13,all-cluster-heads,docs\doc_workspace\SGCP\artifacts\early_from_late_checkpoint_20260719\enable_coperception_early_from_attentive.yaml,cov_potential_game,grid,utility,utility,none,0,0,,cov_coalition_game,6,,10;13;14;19,13;14,14,"{""14"": 50}","{""13"": 4711, ""14"": 4570}",73120,40.667408231368185,10,40.0,200.0,1,ns3,899,0.5,10,12,28,,,[],[],14>13:2,,0,7,
2026_07_15_01_26_56,000124,15,all-cluster-heads,docs\doc_workspace\SGCP\artifacts\early_from_late_checkpoint_20260719\enable_coperception_early_from_attentive.yaml,cov_potential_game,grid,utility,utility,none,0,0,,cov_coalition_game,6,,6;15,15;6,6,"{""6"": 49}","{""6"": 4059, ""15"": 4813}",64944,36.12013348164627,10,40.0,200.0,1,ns3,899,0.5,10,12,28,,,[],[],6>15:3,,21,22,
2026_07_15_01_26_56,000124,17,all-cluster-heads,docs\doc_workspace\SGCP\artifacts\early_from_late_checkpoint_20260719\enable_coperception_early_from_attentive.yaml,cov_potential_game,grid,utility,utility,none,0,0,,cov_coalition_game,6,,3;16;17;18,17;18;16,18;16,"{""16"": 49, ""18"": 57}","{""16"": 4961, ""17"": 5029, ""18"": 4853}",157024,44.146829810901,10,40.0,200.0,1,ns3,899,0.5,10,12,28,,,[],[],16>17:6;18>17:4,,12,16,
2026_07_15_01_26_56,000124,20,all-cluster-heads,docs\doc_workspace\SGCP\artifacts\early_from_late_checkpoint_20260719\enable_coperception_early_from_attentive.yaml,cov_potential_game,grid,utility,utility,none,0,0,,cov_coalition_game,6,,5;9;20,20;9;5,9;5,"{""5"": 49, ""9"": 45}","{""5"": 4858, ""9"": 4214, ""20"": 4897}",145152,43.23025583982203,10,40.0,200.0,1,ns3,899,0.5,10,12,28,,,[],[],5>20:9;9>20:5,,19,28,
2026_07_15_01_26_56,000126,1,all-cluster-heads,docs\doc_workspace\SGCP\artifacts\early_from_late_checkpoint_20260719\enable_coperception_early_from_attentive.yaml,cov_potential_game,grid,utility,utility,none,0,0,,cov_coalition_game,6,,1;2;8;11,1;11;2,11;2,"{""2"": 41, ""11"": 45}","{""1"": 4926, ""2"": 4803, ""11"": 2357}",114560,42.74082313681868,10,40.0,200.0,1,ns3,899,0.5,10,12,28,,,[],[],2>1:8;11>1:0,,20,40,
2026_07_15_01_26_56,000126,12,all-cluster-heads,docs\doc_workspace\SGCP\artifacts\early_from_late_checkpoint_20260719\enable_coperception_early_from_attentive.yaml,cov_potential_game,grid,utility,utility,none,0,0,,cov_coalition_game,6,,4;7;12,12;7;4,7;4,"{""4"": 45, ""7"": 49}","{""4"": 4806, ""7"": 4717, ""12"": 4992}",152368,42.767519466073416,10,40.0,200.0,1,ns3,899,0.5,10,12,28,,,[],[],4>12:7;7>12:1,,25,41,
2026_07_15_01_26_56,000126,13,all-cluster-heads,docs\doc_workspace\SGCP\artifacts\early_from_late_checkpoint_20260719\enable_coperception_early_from_attentive.yaml,cov_potential_game,grid,utility,utility,none,0,0,,cov_coalition_game,6,,10;13;14;19,13;14,14,"{""14"": 51}","{""13"": 4690, ""14"": 4561}",72976,40.587319243604,10,40.0,200.0,1,ns3,899,0.5,10,12,28,,,[],[],14>13:2,,0,7,
2026_07_15_01_26_56,000126,15,all-cluster-heads,docs\doc_workspace\SGCP\artifacts\early_from_late_checkpoint_20260719\enable_coperception_early_from_attentive.yaml,cov_potential_game,grid,utility,utility,none,0,0,,cov_coalition_game,6,,6;15,15;6,6,"{""6"": 50}","{""6"": 4061, ""15"": 4825}",64976,36.13793103448276,10,40.0,200.0,1,ns3,899,0.5,10,12,28,,,[],[],6>15:3,,20,23,
2026_07_15_01_26_56,000126,17,all-cluster-heads,docs\doc_workspace\SGCP\artifacts\early_from_late_checkpoint_20260719\enable_coperception_early_from_attentive.yaml,cov_potential_game,grid,utility,utility,none,0,0,,cov_coalition_game,6,,3;16;17;18,17;18;16,18;16,"{""16"": 49, ""18"": 56}","{""16"": 4969, ""17"": 5026, ""18"": 4839}",156928,44.21802002224695,10,40.0,200.0,1,ns3,899,0.5,10,12,28,,,[],[],16>17:6;18>17:4,,11,16,
2026_07_15_01_26_56,000126,20,all-cluster-heads,docs\doc_workspace\SGCP\artifacts\early_from_late_checkpoint_20260719\enable_coperception_early_from_attentive.yaml,cov_potential_game,grid,utility,utility,none,0,0,,cov_coalition_game,6,,5;9;20,20;9;5,9;5,"{""5"": 50, ""9"": 45}","{""5"": 4858, ""9"": 4209, ""20"": 4899}",145072,43.23025583982203,10,40.0,200.0,1,ns3,899,0.5,10,12,28,,,[],[],5>20:9;9>20:5,,18,28,
2026_07_15_01_26_56,000128,1,all-cluster-heads,docs\doc_workspace\SGCP\artifacts\early_from_late_checkpoint_20260719\enable_coperception_early_from_attentive.yaml,cov_potential_game,grid,utility,utility,none,0,0,,cov_coalition_game,6,,1;2;8;11,1;11;2,11;2,"{""2"": 41, ""11"": 45}","{""1"": 4925, ""2"": 4797, ""11"": 2358}",114480,42.68743047830923,10,40.0,200.0,1,ns3,899,0.5,10,12,28,,,[],[],2>1:8;11>1:0,,20,39,
2026_07_15_01_26_56,000128,12,all-cluster-heads,docs\doc_workspace\SGCP\artifacts\early_from_late_checkpoint_20260719\enable_coperception_early_from_attentive.yaml,cov_potential_game,grid,utility,utility,none,0,0,,cov_coalition_game,6,,4;7;12,12;7;4,7;4,"{""4"": 45, ""7"": 50}","{""4"": 4806, ""7"": 4789, ""12"": 4996}",153520,42.767519466073416,10,40.0,200.0,1,ns3,899,0.5,10,12,28,,,[],[],4>12:7;7>12:1,,24,39,
2026_07_15_01_26_56,000128,13,all-cluster-heads,docs\doc_workspace\SGCP\artifacts\early_from_late_checkpoint_20260719\enable_coperception_early_from_attentive.yaml,cov_potential_game,grid,utility,utility,none,0,0,,cov_coalition_game,6,,10;13;14;19,13;14,14,"{""14"": 48}","{""13"": 4698, ""14"": 4578}",73248,40.73859844271413,10,40.0,200.0,1,ns3,899,0.5,10,12,28,,,[],[],14>13:2,,0,6,
2026_07_15_01_26_56,000128,15,all-cluster-heads,docs\doc_workspace\SGCP\artifacts\early_from_late_checkpoint_20260719\enable_coperception_early_from_attentive.yaml,cov_potential_game,grid,utility,utility,none,0,0,,cov_coalition_game,6,,6;15,15;6,6,"{""6"": 51}","{""6"": 4144, ""15"": 4821}",66304,36.87652947719688,10,40.0,200.0,1,ns3,899,0.5,10,12,28,,,[],[],6>15:3,,20,23,
2026_07_15_01_26_56,000128,17,all-cluster-heads,docs\doc_workspace\SGCP\artifacts\early_from_late_checkpoint_20260719\enable_coperception_early_from_attentive.yaml,cov_potential_game,grid,utility,utility,none,0,0,,cov_coalition_game,6,,3;16;17;18,17;18;16,18;16,"{""16"": 48, ""18"": 59}","{""16"": 4984, ""17"": 5026, ""18"": 4838}",157152,44.351501668520584,10,40.0,200.0,1,ns3,899,0.5,10,12,28,,,[],[],16>17:6;18>17:4,,11,16,
2026_07_15_01_26_56,000128,20,all-cluster-heads,docs\doc_workspace\SGCP\artifacts\early_from_late_checkpoint_20260719\enable_coperception_early_from_attentive.yaml,cov_potential_game,grid,utility,utility,none,0,0,,cov_coalition_game,6,,5;9;20,20;9;5,9;5,"{""5"": 50, ""9"": 46}","{""5"": 4847, ""9"": 4204, ""20"": 4900}",144816,43.13236929922136,10,40.0,200.0,1,ns3,899,0.5,10,12,28,,,[],[],5>20:9;9>20:5,,21,28,
2026_07_15_01_26_56,000130,1,all-cluster-heads,docs\doc_workspace\SGCP\artifacts\early_from_late_checkpoint_20260719\enable_coperception_early_from_attentive.yaml,cov_potential_game,grid,utility,utility,none,0,0,,cov_coalition_game,6,,1;2;8;11,1;11;2,11;2,"{""2"": 40, ""11"": 45}","{""1"": 4928, ""2"": 4790, ""11"": 2359}",114384,42.62513904338154,10,40.0,200.0,1,ns3,899,0.5,10,12,28,,,[],[],2>1:8;11>1:0,,21,39,
2026_07_15_01_26_56,000130,12,all-cluster-heads,docs\doc_workspace\SGCP\artifacts\early_from_late_checkpoint_20260719\enable_coperception_early_from_attentive.yaml,cov_potential_game,grid,utility,utility,none,0,0,,cov_coalition_game,6,,4;7;12,12;7;4,7;4,"{""4"": 45, ""7"": 51}","{""4"": 4806, ""7"": 4799, ""12"": 4999}",153680,42.767519466073416,10,40.0,200.0,1,ns3,899,0.5,10,12,28,,,[],[],4>12:7;7>12:1,,22,38,
2026_07_15_01_26_56,000130,13,all-cluster-heads,docs\doc_workspace\SGCP\artifacts\early_from_late_checkpoint_20260719\enable_coperception_early_from_attentive.yaml,cov_potential_game,grid,utility,utility,none,0,0,,cov_coalition_game,6,,10;13;14;19,13;14;10,14;10,"{""10"": 30, ""14"": 50}","{""10"": 4698, ""13"": 4679, ""14"": 4593}",148656,41.806451612903224,10,40.0,200.0,1,ns3,899,0.5,10,12,28,,,[],[],10>13:9;14>13:2,,13,29,
2026_07_15_01_26_56,000130,15,all-cluster-heads,docs\doc_workspace\SGCP\artifacts\early_from_late_checkpoint_20260719\enable_coperception_early_from_attentive.yaml,cov_potential_game,grid,utility,utility,none,0,0,,cov_coalition_game,6,,6;15,15;6,6,"{""6"": 52}","{""6"": 4125, ""15"": 4809}",66000,36.70745272525028,10,40.0,200.0,1,ns3,899,0.5,10,12,28,,,[],[],6>15:3,,21,22,
2026_07_15_01_26_56,000130,17,all-cluster-heads,docs\doc_workspace\SGCP\artifacts\early_from_late_checkpoint_20260719\enable_coperception_early_from_attentive.yaml,cov_potential_game,grid,utility,utility,none,0,0,,cov_coalition_game,6,,3;16;17;18,17;18;16,18;16,"{""16"": 50, ""18"": 54}","{""16"": 4980, ""17"": 5023, ""18"": 4857}",157392,44.31590656284761,10,40.0,200.0,1,ns3,899,0.5,10,12,28,,,[],[],16>17:6;18>17:4,,9,17,
2026_07_15_01_26_56,000130,20,all-cluster-heads,docs\doc_workspace\SGCP\artifacts\early_from_late_checkpoint_20260719\enable_coperception_early_from_attentive.yaml,cov_potential_game,grid,utility,utility,none,0,0,,cov_coalition_game,6,,5;9;20,20;9,9,"{""9"": 46}","{""9"": 4198, ""20"": 4900}",67168,37.357063403781986,10,40.0,200.0,1,ns3,899,0.5,10,12,28,,,[],[],9>20:5,,21,25,
2026_07_15_01_26_56,000132,1,all-cluster-heads,docs\doc_workspace\SGCP\artifacts\early_from_late_checkpoint_20260719\enable_coperception_early_from_attentive.yaml,cov_potential_game,grid,utility,utility,none,0,0,,cov_coalition_game,7,,1;2;8;11,1;11;2,11;2,"{""2"": 41, ""11"": 46}","{""1"": 4928, ""2"": 4792, ""11"": 2357}",114384,42.64293659621802,10,40.0,200.0,1,ns3,899,0.5,10,12,28,,,[],[],2>1:9;11>1:0,,19,39,
2026_07_15_01_26_56,000132,10,all-cluster-heads,docs\doc_workspace\SGCP\artifacts\early_from_late_checkpoint_20260719\enable_coperception_early_from_attentive.yaml,cov_potential_game,grid,utility,utility,none,0,0,,cov_coalition_game,7,,9;10,10;9,9,"{""9"": 39}","{""9"": 665, ""10"": 4923}",10640,5.917686318131257,10,40.0,200.0,1,ns3,899,0.5,10,12,28,,,[],[],9>10:1,,11,28,
2026_07_15_01_26_56,000132,12,all-cluster-heads,docs\doc_workspace\SGCP\artifacts\early_from_late_checkpoint_20260719\enable_coperception_early_from_attentive.yaml,cov_potential_game,grid,utility,utility,none,0,0,,cov_coalition_game,7,,4;7;12,12;7;4,7;4,"{""4"": 44, ""7"": 51}","{""4"": 4798, ""7"": 4802, ""12"": 4979}",153600,42.73192436040044,10,40.0,200.0,1,ns3,899,0.5,10,12,28,,,[],[],4>12:8;7>12:2,,22,38,
2026_07_15_01_26_56,000132,13,all-cluster-heads,docs\doc_workspace\SGCP\artifacts\early_from_late_checkpoint_20260719\enable_coperception_early_from_attentive.yaml,cov_potential_game,grid,utility,utility,none,0,0,,cov_coalition_game,7,,13;14;19,13;14,14,"{""14"": 49}","{""13"": 4705, ""14"": 4555}",72880,40.53392658509455,10,40.0,200.0,1,ns3,899,0.5,10,12,28,,,[],[],14>13:3,,0,7,
2026_07_15_01_26_56,000132,15,all-cluster-heads,docs\doc_workspace\SGCP\artifacts\early_from_late_checkpoint_20260719\enable_coperception_early_from_attentive.yaml,cov_potential_game,grid,utility,utility,none,0,0,,cov_coalition_game,7,,6;15,15;6,6,"{""6"": 50}","{""6"": 4128, ""15"": 4844}",66048,36.734149054505004,10,40.0,200.0,1,ns3,899,0.5,10,12,28,,,[],[],6>15:4,,19,22,
2026_07_15_01_26_56,000132,17,all-cluster-heads,docs\doc_workspace\SGCP\artifacts\early_from_late_checkpoint_20260719\enable_coperception_early_from_attentive.yaml,cov_potential_game,grid,utility,utility,none,0,0,,cov_coalition_game,7,,3;16;17;18,17;18;16,18;16,"{""16"": 50, ""18"": 55}","{""16"": 4980, ""17"": 5022, ""18"": 4832}",156992,44.31590656284761,10,40.0,200.0,1,ns3,899,0.5,10,12,28,,,[],[],16>17:7;18>17:5,,10,17,
2026_07_15_01_26_56,000132,20,all-cluster-heads,docs\doc_workspace\SGCP\artifacts\early_from_late_checkpoint_20260719\enable_coperception_early_from_attentive.yaml,cov_potential_game,grid,utility,utility,none,0,0,,cov_coalition_game,7,,5;20,20;5,5,"{""5"": 43}","{""5"": 549, ""20"": 4901}",8784,4.885428253615128,10,40.0,200.0,1,ns3,899,0.5,10,12,28,,,[],[],5>20:6,,19,27,
2026_07_15_01_26_56,000134,1,all-cluster-heads,docs\doc_workspace\SGCP\artifacts\early_from_late_checkpoint_20260719\enable_coperception_early_from_attentive.yaml,cov_potential_game,grid,utility,utility,none,0,0,,cov_coalition_game,7,,1;2;8;11,1;11;2,11;2,"{""2"": 40, ""11"": 46}","{""1"": 4927, ""2"": 4787, ""11"": 2357}",114304,42.598442714126804,10,40.0,200.0,1,ns3,899,0.5,10,12,28,,,[],[],2>1:8;11>1:0,,20,39,
2026_07_15_01_26_56,000134,10,all-cluster-heads,docs\doc_workspace\SGCP\artifacts\early_from_late_checkpoint_20260719\enable_coperception_early_from_attentive.yaml,cov_potential_game,grid,utility,utility,none,0,0,,cov_coalition_game,7,,9;10,10;9,9,"{""9"": 39}","{""9"": 671, ""10"": 4923}",10736,5.971078976640713,10,40.0,200.0,1,ns3,899,0.5,10,12,28,,,[],[],9>10:1,,10,28,
2026_07_15_01_26_56,000134,12,all-cluster-heads,docs\doc_workspace\SGCP\artifacts\early_from_late_checkpoint_20260719\enable_coperception_early_from_attentive.yaml,cov_potential_game,grid,utility,utility,none,0,0,,cov_coalition_game,7,,4;7;12,12;7;4,7;4,"{""4"": 44, ""7"": 50}","{""4"": 4781, ""7"": 4792, ""12"": 4992}",153168,42.64293659621802,10,40.0,200.0,1,ns3,899,0.5,10,12,28,,,[],[],4>12:9;7>12:2,,22,38,
2026_07_15_01_26_56,000134,13,all-cluster-heads,docs\doc_workspace\SGCP\artifacts\early_from_late_checkpoint_20260719\enable_coperception_early_from_attentive.yaml,cov_potential_game,grid,utility,utility,none,0,0,,cov_coalition_game,7,,13;14;19,13;14,14,"{""14"": 49}","{""13"": 4701, ""14"": 4552}",72832,40.50723025583982,10,40.0,200.0,1,ns3,899,0.5,10,12,28,,,[],[],14>13:3,,0,7,
2026_07_15_01_26_56,000134,15,all-cluster-heads,docs\doc_workspace\SGCP\artifacts\early_from_late_checkpoint_20260719\enable_coperception_early_from_attentive.yaml,cov_potential_game,grid,utility,utility,none,0,0,,cov_coalition_game,7,,6;15,15;6,6,"{""6"": 48}","{""6"": 4119, ""15"": 4817}",65904,36.654060066740826,10,40.0,200.0,1,ns3,899,0.5,10,12,28,,,[],[],6>15:4,,18,25,
2026_07_15_01_26_56,000134,17,all-cluster-heads,docs\doc_workspace\SGCP\artifacts\early_from_late_checkpoint_20260719\enable_coperception_early_from_attentive.yaml,cov_potential_game,grid,utility,utility,none,0,0,,cov_coalition_game,7,,3;16;17;18,17;18;16,18;16,"{""16"": 52, ""18"": 57}","{""16"": 4993, ""17"": 5034, ""18"": 4830}",157168,44.43159065628476,10,40.0,200.0,1,ns3,899,0.5,10,12,28,,,[],[],16>17:7;18>17:5,,10,17,
2026_07_15_01_26_56,000134,20,all-cluster-heads,docs\doc_workspace\SGCP\artifacts\early_from_late_checkpoint_20260719\enable_coperception_early_from_attentive.yaml,cov_potential_game,grid,utility,utility,none,0,0,,cov_coalition_game,7,,5;20,20;5,5,"{""5"": 44}","{""5"": 559, ""20"": 4905}",8944,4.974416017797553,10,40.0,200.0,1,ns3,899,0.5,10,12,28,,,[],[],5>20:6,,19,27,
2026_07_15_01_26_56,000136,1,all-cluster-heads,docs\doc_workspace\SGCP\artifacts\early_from_late_checkpoint_20260719\enable_coperception_early_from_attentive.yaml,cov_potential_game,grid,utility,utility,none,0,0,,cov_coalition_game,7,,1;8;11,1;11,11,"{""11"": 46}","{""1"": 4927, ""11"": 2359}",37744,20.99221357063404,10,40.0,200.0,1,ns3,899,0.5,10,12,28,,,[],[],11>1:0,,20,30,
2026_07_15_01_26_56,000136,2,all-cluster-heads,docs\doc_workspace\SGCP\artifacts\early_from_late_checkpoint_20260719\enable_coperception_early_from_attentive.yaml,cov_potential_game,grid,utility,utility,none,0,0,,cov_coalition_game,7,,2;6;15,2;6,6,"{""6"": 53}","{""2"": 4856, ""6"": 4527}",72432,40.28476084538376,10,40.0,200.0,1,ns3,899,0.5,10,12,28,,,[],[],6>2:1,,22,33,
2026_07_15_01_26_56,000136,10,all-cluster-heads,docs\doc_workspace\SGCP\artifacts\early_from_late_checkpoint_20260719\enable_coperception_early_from_attentive.yaml,cov_potential_game,grid,utility,utility,none,0,0,,cov_coalition_game,7,,9;10,10;9,9,"{""9"": 39}","{""9"": 676, ""10"": 4922}",10816,6.015572858731924,10,40.0,200.0,1,ns3,899,0.5,10,12,28,,,[],[],9>10:2,,13,28,
2026_07_15_01_26_56,000136,12,all-cluster-heads,docs\doc_workspace\SGCP\artifacts\early_from_late_checkpoint_20260719\enable_coperception_early_from_attentive.yaml,cov_potential_game,grid,utility,utility,none,0,0,,cov_coalition_game,7,,4;7;12,12;7;4,7;4,"{""4"": 41, ""7"": 53}","{""4"": 4771, ""7"": 4804, ""12"": 5003}",153200,42.749721913236925,10,40.0,200.0,1,ns3,899,0.5,10,12,28,,,[],[],4>12:8;7>12:3,,25,39,
2026_07_15_01_26_56,000136,13,all-cluster-heads,docs\doc_workspace\SGCP\artifacts\early_from_late_checkpoint_20260719\enable_coperception_early_from_attentive.yaml,cov_potential_game,grid,utility,utility,none,0,0,,cov_coalition_game,7,,13;14;19,13;14;19,14;19,"{""14"": 52, ""19"": 42}","{""13"": 4710, ""14"": 4358, ""19"": 4725}",145328,42.04671857619577,10,40.0,200.0,1,ns3,899,0.5,10,12,28,,,[],[],14>13:4;19>13:9,,0,16,
2026_07_15_01_26_56,000136,17,all-cluster-heads,docs\doc_workspace\SGCP\artifacts\early_from_late_checkpoint_20260719\enable_coperception_early_from_attentive.yaml,cov_potential_game,grid,utility,utility,none,0,0,,cov_coalition_game,7,,3;16;17;18,17;18;16,18;16,"{""16"": 52, ""18"": 60}","{""16"": 4994, ""17"": 5030, ""18"": 4832}",157216,44.440489432703004,10,40.0,200.0,1,ns3,899,0.5,10,12,28,,,[],[],16>17:7;18>17:5,,13,17,
2026_07_15_01_26_56,000136,20,all-cluster-heads,docs\doc_workspace\SGCP\artifacts\early_from_late_checkpoint_20260719\enable_coperception_early_from_attentive.yaml,cov_potential_game,grid,utility,utility,none,0,0,,cov_coalition_game,7,,5;20,20;5,5,"{""5"": 44}","{""5"": 580, ""20"": 4909}",9280,5.161290322580645,10,40.0,200.0,1,ns3,899,0.5,10,12,28,,,[],[],5>20:6,,21,27,
2026_07_15_01_26_56,000138,1,all-cluster-heads,docs\doc_workspace\SGCP\artifacts\early_from_late_checkpoint_20260719\enable_coperception_early_from_attentive.yaml,cov_potential_game,grid,utility,utility,none,0,0,,cov_coalition_game,7,,1;8;11,1;11,11,"{""11"": 45}","{""1"": 4925, ""11"": 2358}",37728,20.983314794215797,10,40.0,200.0,1,ns3,899,0.5,10,12,28,,,[],[],11>1:0,,20,30,
2026_07_15_01_26_56,000138,2,all-cluster-heads,docs\doc_workspace\SGCP\artifacts\early_from_late_checkpoint_20260719\enable_coperception_early_from_attentive.yaml,cov_potential_game,grid,utility,utility,none,0,0,,cov_coalition_game,7,,2;6;15,2;6,6,"{""6"": 53}","{""2"": 4857, ""6"": 4503}",72048,40.07119021134594,10,40.0,200.0,1,ns3,899,0.5,10,12,28,,,[],[],6>2:1,,22,33,
2026_07_15_01_26_56,000138,10,all-cluster-heads,docs\doc_workspace\SGCP\artifacts\early_from_late_checkpoint_20260719\enable_coperception_early_from_attentive.yaml,cov_potential_game,grid,utility,utility,none,0,0,,cov_coalition_game,7,,9;10,10;9,9,"{""9"": 39}","{""9"": 675, ""10"": 4921}",10800,6.006674082313682,10,40.0,200.0,1,ns3,899,0.5,10,12,28,,,[],[],9>10:2,,15,28,
2026_07_15_01_26_56,000138,12,all-cluster-heads,docs\doc_workspace\SGCP\artifacts\early_from_late_checkpoint_20260719\enable_coperception_early_from_attentive.yaml,cov_potential_game,grid,utility,utility,none,0,0,,cov_coalition_game,7,,4;7;12,12;7;4,7;4,"{""4"": 41, ""7"": 53}","{""4"": 4773, ""7"": 4804, ""12"": 4989}",153232,42.749721913236925,10,40.0,200.0,1,ns3,899,0.5,10,12,28,,,[],[],4>12:8;7>12:3,,23,39,
2026_07_15_01_26_56,000138,13,all-cluster-heads,docs\doc_workspace\SGCP\artifacts\early_from_late_checkpoint_20260719\enable_coperception_early_from_attentive.yaml,cov_potential_game,grid,utility,utility,none,0,0,,cov_coalition_game,7,,13;14;19,13;14;19,14;19,"{""14"": 52, ""19"": 42}","{""13"": 4698, ""14"": 4513, ""19"": 4721}",147744,42.011123470522804,10,40.0,200.0,1,ns3,899,0.5,10,12,28,,,[],[],14>13:4;19>13:9,,0,17,
2026_07_15_01_26_56,000138,17,all-cluster-heads,docs\doc_workspace\SGCP\artifacts\early_from_late_checkpoint_20260719\enable_coperception_early_from_attentive.yaml,cov_potential_game,grid,utility,utility,none,0,0,,cov_coalition_game,7,,3;16;17;18,17;18;16,18;16,"{""16"": 55, ""18"": 61}","{""16"": 5011, ""17"": 5027, ""18"": 4827}",157408,44.591768631813125,10,40.0,200.0,1,ns3,899,0.5,10,12,28,,,[],[],16>17:7;18>17:5,,11,17,
2026_07_15_01_26_56,000138,20,all-cluster-heads,docs\doc_workspace\SGCP\artifacts\early_from_late_checkpoint_20260719\enable_coperception_early_from_attentive.yaml,cov_potential_game,grid,utility,utility,none,0,0,,cov_coalition_game,7,,5;20,20;5,5,"{""5"": 42}","{""5"": 589, ""20"": 4910}",9424,5.241379310344828,10,40.0,200.0,1,ns3,899,0.5,10,12,28,,,[],[],5>20:6,,20,27,
2026_07_15_01_26_56,000140,1,all-cluster-heads,docs\doc_workspace\SGCP\artifacts\early_from_late_checkpoint_20260719\enable_coperception_early_from_attentive.yaml,cov_potential_game,grid,utility,utility,none,0,0,,cov_coalition_game,7,,1;2;8;11,1;11;2,11;2,"{""2"": 40, ""11"": 45}","{""1"": 4926, ""2"": 4775, ""11"": 2361}",114176,42.4916573971079,10,40.0,200.0,1,ns3,899,0.5,10,12,28,,,[],[],2>1:8;11>1:0,,20,39,
2026_07_15_01_26_56,000140,10,all-cluster-heads,docs\doc_workspace\SGCP\artifacts\early_from_late_checkpoint_20260719\enable_coperception_early_from_attentive.yaml,cov_potential_game,grid,utility,utility,none,0,0,,cov_coalition_game,7,,9;10,10;9,9,"{""9"": 38}","{""9"": 678, ""10"": 4922}",10848,6.033370411568409,10,40.0,200.0,1,ns3,899,0.5,10,12,28,,,[],[],9>10:1,,12,28,
2026_07_15_01_26_56,000140,12,all-cluster-heads,docs\doc_workspace\SGCP\artifacts\early_from_late_checkpoint_20260719\enable_coperception_early_from_attentive.yaml,cov_potential_game,grid,utility,utility,none,0,0,,cov_coalition_game,7,,4;12,12;4,4,"{""4"": 44}","{""4"": 4491, ""12"": 4995}",71856,39.96440489432703,10,40.0,200.0,1,ns3,899,0.5,10,12,28,,,[],[],4>12:2,,12,33,
2026_07_15_01_26_56,000140,13,all-cluster-heads,docs\doc_workspace\SGCP\artifacts\early_from_late_checkpoint_20260719\enable_coperception_early_from_attentive.yaml,cov_potential_game,grid,utility,utility,none,0,0,,cov_coalition_game,7,,13;14;19,13;14,14,"{""14"": 50}","{""13"": 4683, ""14"": 4166}",66656,37.07230255839822,10,40.0,200.0,1,ns3,899,0.5,10,12,28,,,[],[],14>13:3,,0,6,
2026_07_15_01_26_56,000140,15,all-cluster-heads,docs\doc_workspace\SGCP\artifacts\early_from_late_checkpoint_20260719\enable_coperception_early_from_attentive.yaml,cov_potential_game,grid,utility,utility,none,0,0,,cov_coalition_game,7,,6;15,15;6,6,"{""6"": 52}","{""6"": 4209, ""15"": 4825}",67344,37.45494994438265,10,40.0,200.0,1,ns3,899,0.5,10,12,28,,,[],[],6>15:4,,17,24,
2026_07_15_01_26_56,000140,17,all-cluster-heads,docs\doc_workspace\SGCP\artifacts\early_from_late_checkpoint_20260719\enable_coperception_early_from_attentive.yaml,cov_potential_game,grid,utility,utility,none,0,0,,cov_coalition_game,7,,3;16;17;18,17;18;16,18;16,"{""16"": 55, ""18"": 63}","{""16"": 4996, ""17"": 5029, ""18"": 4848}",157504,44.45828698553949,10,40.0,200.0,1,ns3,899,0.5,10,12,28,,,[],[],16>17:7;18>17:5,,11,17,
2026_07_15_01_26_56,000140,20,all-cluster-heads,docs\doc_workspace\SGCP\artifacts\early_from_late_checkpoint_20260719\enable_coperception_early_from_attentive.yaml,cov_potential_game,grid,utility,utility,none,0,0,,cov_coalition_game,7,,5;7;20,20;7;5,7;5,"{""5"": 45, ""7"": 45}","{""5"": 4814, ""7"": 2169, ""20"": 4909}",111728,42.83870967741935,10,40.0,200.0,1,ns3,899,0.5,10,12,28,,,[],[],5>20:9;7>20:6,,21,29,
