COMMAND: C:\Users\sakakibara\miniconda3\envs\opencda\python.exe -m opencda.tools.offline_inference --dataset-root D:\Data\Carla --scenario-id 2026_07_29_02_32_08 --ego-cav-id 1 --max-frames 41 --fusion-method early --coperception-yaml docs\doc_workspace\SGCP\artifacts\early_from_late_checkpoint_20260719\enable_coperception_early_from_attentive.yaml --bandwidth-mhz 40 --num-channels 10 --channel-estimator ns3 --ns3-tb-size-bytes 899 --ns3-slot-duration-ms 0.5 --ns3-subchannel-prbs 10 --ns3-symbols-per-slot 12 --ns3-mcs 28 --communication-deadline-ms 60 --selective-sharing-baseline edgecooper_global_pmax --clustering singleton --sgcp-receiver-policy all-cavs --sgcp-upload-mode grid --selective-member-budget 3 --selective-grid-budget 117 --selective-frame-deadline-ms 60 --edgecooper-global-comm-range-m 35 --edgecooper-pmax-density-cap-rho 2 --max-senders-per-receiver 2 --rho-th 2 --local-preserving-output --sgcp-trace-output docs\doc_workspace\SGCP\artifacts\dense_pointpillar_local_preserving_20260731\table1_41f\edgecooper_pmax_trace.csv --eval-stats-output docs\doc_workspace\SGCP\artifacts\dense_pointpillar_local_preserving_20260731\table1_41f\edgecooper_pmax_eval_stats.csv

Format = auto
Extension = pcd
Format = auto
Extension = pcd
Format = auto
Extension = pcd
Format = auto
Extension = pcd
Format = auto
Extension = pcd
Format = auto
Extension = pcd
Format = auto
Extension = pcd
Format = auto
Extension = pcd
Format = auto
Extension = pcd
Format = auto
Extension = pcd
Format = auto
Extension = pcd
Format = auto
Extension = pcd
Format = auto
Extension = pcd
Format = auto
Extension = pcd
Format = auto
Extension = pcd
Format = auto
Extension = pcd
Format = auto
Extension = pcd
Format = auto
Extension = pcd
Format = auto
Extension = pcd
Format = auto
Extension = pcd
Format = auto
Extension = pcd
Format = auto
Extension = pcd
Format = auto
Extension = pcd
Format = auto
Extension = pcd
Format = auto
Extension = pcd
Format = auto
Extension = pcd
Format = auto
Extension = pcd
Format = auto
Extension = pcd
Format = auto
Extension = pcd
Format = auto
Extension = pcd
Format = auto
Extension = pcd
Format = auto
Extension = pcd
Format = auto
Extension = pcd
Format = auto
Extension = pcd
Format = auto
Extension = pcd
Format = auto
Extension = pcd
Format = auto
Extension = pcd
Format = auto
Extension = pcd
Format = auto
Extension = pcd
Format = auto
Extension = pcd
resuming by loading epoch 10000
frame=1/41 receiver_sample=1/20 scenario=2026_07_29_02_32_08 timestamp=000060 cavs=[1, 2, 8, 11]
sgcp_constrained receiver=1 policy=all-cavs sources=[1, 2, 8, 11] clusters=20 ra=selective_edgecooper_global_pmax comm_bytes=57216 selected_grids={2: 12, 8: 12, 11: 12}
fusion_method=early pred_boxes=30 gt_boxes=52
pred_scores_shape=(30,)
frame=1/41 receiver_sample=2/20 scenario=2026_07_29_02_32_08 timestamp=000060 cavs=[2, 1, 10, 11]
sgcp_constrained receiver=2 policy=all-cavs sources=[2, 1, 10, 11] clusters=20 ra=selective_edgecooper_global_pmax comm_bytes=54800 selected_grids={1: 13, 10: 13, 11: 11}
fusion_method=early pred_boxes=28 gt_boxes=56
pred_scores_shape=(28,)
frame=1/41 receiver_sample=3/20 scenario=2026_07_29_02_32_08 timestamp=000060 cavs=[3, 17, 18]
sgcp_constrained receiver=3 policy=all-cavs sources=[3, 17, 18] clusters=20 ra=selective_edgecooper_global_pmax comm_bytes=44912 selected_grids={17: 13, 18: 13}
fusion_method=early pred_boxes=19 gt_boxes=30
pred_scores_shape=(19,)
frame=1/41 receiver_sample=4/20 scenario=2026_07_29_02_32_08 timestamp=000060 cavs=[4, 1, 7, 12]
sgcp_constrained receiver=4 policy=all-cavs sources=[4, 1, 7, 12] clusters=20 ra=selective_edgecooper_global_pmax comm_bytes=76576 selected_grids={1: 13, 7: 12, 12: 12}
fusion_method=early pred_boxes=33 gt_boxes=55
pred_scores_shape=(33,)
frame=1/41 receiver_sample=5/20 scenario=2026_07_29_02_32_08 timestamp=000060 cavs=[5, 7, 13, 20]
sgcp_constrained receiver=5 policy=all-cavs sources=[5, 7, 13, 20] clusters=20 ra=selective_edgecooper_global_pmax comm_bytes=71520 selected_grids={7: 12, 13: 12, 20: 12}
fusion_method=early pred_boxes=25 gt_boxes=43
pred_scores_shape=(25,)
frame=1/41 receiver_sample=6/20 scenario=2026_07_29_02_32_08 timestamp=000060 cavs=[6, 15]
sgcp_constrained receiver=6 policy=all-cavs sources=[6, 15] clusters=20 ra=selective_edgecooper_global_pmax comm_bytes=20208 selected_grids={15: 13}
fusion_method=early pred_boxes=13 gt_boxes=21
pred_scores_shape=(13,)
frame=1/41 receiver_sample=7/20 scenario=2026_07_29_02_32_08 timestamp=000060 cavs=[7, 4, 12, 20]
sgcp_constrained receiver=7 policy=all-cavs sources=[7, 4, 12, 20] clusters=20 ra=selective_edgecooper_global_pmax comm_bytes=65248 selected_grids={4: 12, 12: 13, 20: 13}
fusion_method=early pred_boxes=32 gt_boxes=45
pred_scores_shape=(32,)
frame=1/41 receiver_sample=8/20 scenario=2026_07_29_02_32_08 timestamp=000060 cavs=[8, 1, 4, 11]
sgcp_constrained receiver=8 policy=all-cavs sources=[8, 1, 4, 11] clusters=20 ra=selective_edgecooper_global_pmax comm_bytes=71936 selected_grids={1: 12, 4: 12, 11: 12}
fusion_method=early pred_boxes=31 gt_boxes=47
pred_scores_shape=(31,)
frame=1/41 receiver_sample=9/20 scenario=2026_07_29_02_32_08 timestamp=000060 cavs=[9, 5, 13, 19]
sgcp_constrained receiver=9 policy=all-cavs sources=[9, 5, 13, 19] clusters=20 ra=selective_edgecooper_global_pmax comm_bytes=49728 selected_grids={5: 13, 13: 12, 19: 12}
fusion_method=early pred_boxes=23 gt_boxes=46
pred_scores_shape=(23,)
frame=1/41 receiver_sample=10/20 scenario=2026_07_29_02_32_08 timestamp=000060 cavs=[10, 8, 16, 19]
sgcp_constrained receiver=10 policy=all-cavs sources=[10, 8, 16, 19] clusters=20 ra=selective_edgecooper_global_pmax comm_bytes=72448 selected_grids={8: 13, 16: 12, 19: 13}
fusion_method=early pred_boxes=27 gt_boxes=53
pred_scores_shape=(27,)
frame=1/41 receiver_sample=11/20 scenario=2026_07_29_02_32_08 timestamp=000060 cavs=[11, 2, 8, 9]
sgcp_constrained receiver=11 policy=all-cavs sources=[11, 2, 8, 9] clusters=20 ra=selective_edgecooper_global_pmax comm_bytes=69216 selected_grids={2: 12, 8: 13, 9: 13}
fusion_method=early pred_boxes=27 gt_boxes=57
pred_scores_shape=(27,)
frame=1/41 receiver_sample=12/20 scenario=2026_07_29_02_32_08 timestamp=000060 cavs=[12, 4, 7]
sgcp_constrained receiver=12 policy=all-cavs sources=[12, 4, 7] clusters=20 ra=selective_edgecooper_global_pmax comm_bytes=44496 selected_grids={4: 12, 7: 13}
fusion_method=early pred_boxes=27 gt_boxes=47
pred_scores_shape=(27,)
frame=1/41 receiver_sample=13/20 scenario=2026_07_29_02_32_08 timestamp=000060 cavs=[13, 5, 10, 19]
sgcp_constrained receiver=13 policy=all-cavs sources=[13, 5, 10, 19] clusters=20 ra=selective_edgecooper_global_pmax comm_bytes=54736 selected_grids={5: 13, 10: 12, 19: 11}
fusion_method=early pred_boxes=23 gt_boxes=44
pred_scores_shape=(23,)
frame=1/41 receiver_sample=14/20 scenario=2026_07_29_02_32_08 timestamp=000060 cavs=[14]
sgcp_constrained receiver=14 policy=all-cavs sources=[14] clusters=20 ra=selective_edgecooper_global_pmax comm_bytes=0 selected_grids={}
fusion_method=early pred_boxes=3 gt_boxes=5
pred_scores_shape=(3,)
frame=1/41 receiver_sample=15/20 scenario=2026_07_29_02_32_08 timestamp=000060 cavs=[15, 6]
sgcp_constrained receiver=15 policy=all-cavs sources=[15, 6] clusters=20 ra=selective_edgecooper_global_pmax comm_bytes=30528 selected_grids={6: 13}
fusion_method=early pred_boxes=17 gt_boxes=21
pred_scores_shape=(17,)
frame=1/41 receiver_sample=16/20 scenario=2026_07_29_02_32_08 timestamp=000060 cavs=[16, 3, 10, 20]
sgcp_constrained receiver=16 policy=all-cavs sources=[16, 3, 10, 20] clusters=20 ra=selective_edgecooper_global_pmax comm_bytes=75872 selected_grids={3: 12, 10: 13, 20: 11}
fusion_method=early pred_boxes=32 gt_boxes=60
pred_scores_shape=(32,)
frame=1/41 receiver_sample=17/20 scenario=2026_07_29_02_32_08 timestamp=000060 cavs=[17, 3, 18]
sgcp_constrained receiver=17 policy=all-cavs sources=[17, 3, 18] clusters=20 ra=selective_edgecooper_global_pmax comm_bytes=40544 selected_grids={3: 13, 18: 13}
fusion_method=early pred_boxes=17 gt_boxes=30
pred_scores_shape=(17,)
frame=1/41 receiver_sample=18/20 scenario=2026_07_29_02_32_08 timestamp=000060 cavs=[18, 3, 17]
sgcp_constrained receiver=18 policy=all-cavs sources=[18, 3, 17] clusters=20 ra=selective_edgecooper_global_pmax comm_bytes=57792 selected_grids={3: 13, 17: 12}
fusion_method=early pred_boxes=17 gt_boxes=30
pred_scores_shape=(17,)
frame=1/41 receiver_sample=19/20 scenario=2026_07_29_02_32_08 timestamp=000060 cavs=[19, 9, 13, 16]
sgcp_constrained receiver=19 policy=all-cavs sources=[19, 9, 13, 16] clusters=20 ra=selective_edgecooper_global_pmax comm_bytes=68736 selected_grids={9: 12, 13: 13, 16: 13}
fusion_method=early pred_boxes=22 gt_boxes=43
pred_scores_shape=(22,)
frame=1/41 receiver_sample=20/20 scenario=2026_07_29_02_32_08 timestamp=000060 cavs=[20, 5, 9, 16]
sgcp_constrained receiver=20 policy=all-cavs sources=[20, 5, 9, 16] clusters=20 ra=selective_edgecooper_global_pmax comm_bytes=52288 selected_grids={5: 12, 9: 13, 16: 12}
fusion_method=early pred_boxes=27 gt_boxes=48
pred_scores_shape=(27,)
frame=2/41 receiver_sample=1/20 scenario=2026_07_29_02_32_08 timestamp=000062 cavs=[1, 2, 8, 11]
sgcp_constrained receiver=1 policy=all-cavs sources=[1, 2, 8, 11] clusters=20 ra=selective_edgecooper_global_pmax comm_bytes=57408 selected_grids={2: 13, 8: 12, 11: 13}
fusion_method=early pred_boxes=33 gt_boxes=53
pred_scores_shape=(33,)
frame=2/41 receiver_sample=2/20 scenario=2026_07_29_02_32_08 timestamp=000062 cavs=[2, 1, 10, 11]
sgcp_constrained receiver=2 policy=all-cavs sources=[2, 1, 10, 11] clusters=20 ra=selective_edgecooper_global_pmax comm_bytes=54272 selected_grids={1: 12, 10: 13, 11: 11}
fusion_method=early pred_boxes=31 gt_boxes=57
pred_scores_shape=(31,)
frame=2/41 receiver_sample=3/20 scenario=2026_07_29_02_32_08 timestamp=000062 cavs=[3, 17, 18]
sgcp_constrained receiver=3 policy=all-cavs sources=[3, 17, 18] clusters=20 ra=selective_edgecooper_global_pmax comm_bytes=46816 selected_grids={17: 13, 18: 13}
fusion_method=early pred_boxes=20 gt_boxes=31
pred_scores_shape=(20,)
frame=2/41 receiver_sample=4/20 scenario=2026_07_29_02_32_08 timestamp=000062 cavs=[4, 1, 7, 12]
sgcp_constrained receiver=4 policy=all-cavs sources=[4, 1, 7, 12] clusters=20 ra=selective_edgecooper_global_pmax comm_bytes=73728 selected_grids={1: 13, 7: 12, 12: 12}
fusion_method=early pred_boxes=29 gt_boxes=57
pred_scores_shape=(29,)
frame=2/41 receiver_sample=5/20 scenario=2026_07_29_02_32_08 timestamp=000062 cavs=[5, 7, 13, 20]Format = auto
Extension = pcd
Format = auto
Extension = pcd
Format = auto
Extension = pcd
Format = auto
Extension = pcd
Format = auto
Extension = pcd
Format = auto
Extension = pcd
Format = auto
Extension = pcd
Format = auto
Extension = pcd
Format = auto
Extension = pcd
Format = auto
Extension = pcd
Format = auto
Extension = pcd
Format = auto
Extension = pcd
Format = auto
Extension = pcd
Format = auto
Extension = pcd
Format = auto
Extension = pcd
Format = auto
Extension = pcd
Format = auto
Extension = pcd
Format = auto
Extension = pcd
Format = auto
Extension = pcd
Format = auto
Extension = pcd

sgcp_constrained receiver=5 policy=all-cavs sources=[5, 7, 13, 20] clusters=20 ra=selective_edgecooper_global_pmax comm_bytes=72832 selected_grids={7: 13, 13: 12, 20: 12}
fusion_method=early pred_boxes=25 gt_boxes=43
pred_scores_shape=(25,)
frame=2/41 receiver_sample=6/20 scenario=2026_07_29_02_32_08 timestamp=000062 cavs=[6, 15]
sgcp_constrained receiver=6 policy=all-cavs sources=[6, 15] clusters=20 ra=selective_edgecooper_global_pmax comm_bytes=19808 selected_grids={15: 13}
fusion_method=early pred_boxes=13 gt_boxes=21
pred_scores_shape=(13,)
frame=2/41 receiver_sample=7/20 scenario=2026_07_29_02_32_08 timestamp=000062 cavs=[7, 4, 12, 20]
sgcp_constrained receiver=7 policy=all-cavs sources=[7, 4, 12, 20] clusters=20 ra=selective_edgecooper_global_pmax comm_bytes=64192 selected_grids={4: 13, 12: 13, 20: 12}
fusion_method=early pred_boxes=31 gt_boxes=44
pred_scores_shape=(31,)
frame=2/41 receiver_sample=8/20 scenario=2026_07_29_02_32_08 timestamp=000062 cavs=[8, 1, 2, 4]
sgcp_constrained receiver=8 policy=all-cavs sources=[8, 1, 2, 4] clusters=20 ra=selective_edgecooper_global_pmax comm_bytes=73264 selected_grids={1: 12, 2: 13, 4: 12}
fusion_method=early pred_boxes=28 gt_boxes=47
pred_scores_shape=(28,)
frame=2/41 receiver_sample=9/20 scenario=2026_07_29_02_32_08 timestamp=000062 cavs=[9, 5, 13, 19]
sgcp_constrained receiver=9 policy=all-cavs sources=[9, 5, 13, 19] clusters=20 ra=selective_edgecooper_global_pmax comm_bytes=49648 selected_grids={5: 13, 13: 12, 19: 12}
fusion_method=early pred_boxes=21 gt_boxes=45
pred_scores_shape=(21,)
frame=2/41 receiver_sample=10/20 scenario=2026_07_29_02_32_08 timestamp=000062 cavs=[10, 8, 16, 19]
sgcp_constrained receiver=10 policy=all-cavs sources=[10, 8, 16, 19] clusters=20 ra=selective_edgecooper_global_pmax comm_bytes=71696 selected_grids={8: 13, 16: 12, 19: 13}
fusion_method=early pred_boxes=27 gt_boxes=54
pred_scores_shape=(27,)
frame=2/41 receiver_sample=11/20 scenario=2026_07_29_02_32_08 timestamp=000062 cavs=[11, 2, 8, 9]
sgcp_constrained receiver=11 policy=all-cavs sources=[11, 2, 8, 9] clusters=20 ra=selective_edgecooper_global_pmax comm_bytes=69120 selected_grids={2: 12, 8: 13, 9: 13}
fusion_method=early pred_boxes=27 gt_boxes=58
pred_scores_shape=(27,)
frame=2/41 receiver_sample=12/20 scenario=2026_07_29_02_32_08 timestamp=000062 cavs=[12, 4, 7]
sgcp_constrained receiver=12 policy=all-cavs sources=[12, 4, 7] clusters=20 ra=selective_edgecooper_global_pmax comm_bytes=43328 selected_grids={4: 12, 7: 13}
fusion_method=early pred_boxes=21 gt_boxes=47
pred_scores_shape=(21,)
frame=2/41 receiver_sample=13/20 scenario=2026_07_29_02_32_08 timestamp=000062 cavs=[13, 5, 10, 19]
sgcp_constrained receiver=13 policy=all-cavs sources=[13, 5, 10, 19] clusters=20 ra=selective_edgecooper_global_pmax comm_bytes=54560 selected_grids={5: 13, 10: 12, 19: 11}
fusion_method=early pred_boxes=24 gt_boxes=44
pred_scores_shape=(24,)
frame=2/41 receiver_sample=14/20 scenario=2026_07_29_02_32_08 timestamp=000062 cavs=[14]
sgcp_constrained receiver=14 policy=all-cavs sources=[14] clusters=20 ra=selective_edgecooper_global_pmax comm_bytes=0 selected_grids={}
fusion_method=early pred_boxes=3 gt_boxes=6
pred_scores_shape=(3,)
frame=2/41 receiver_sample=15/20 scenario=2026_07_29_02_32_08 timestamp=000062 cavs=[15, 6]
sgcp_constrained receiver=15 policy=all-cavs sources=[15, 6] clusters=20 ra=selective_edgecooper_global_pmax comm_bytes=29584 selected_grids={6: 13}
fusion_method=early pred_boxes=16 gt_boxes=21
pred_scores_shape=(16,)
frame=2/41 receiver_sample=16/20 scenario=2026_07_29_02_32_08 timestamp=000062 cavs=[16, 3, 10, 20]
sgcp_constrained receiver=16 policy=all-cavs sources=[16, 3, 10, 20] clusters=20 ra=selective_edgecooper_global_pmax comm_bytes=79968 selected_grids={3: 13, 10: 13, 20: 12}
fusion_method=early pred_boxes=34 gt_boxes=58
pred_scores_shape=(34,)
frame=2/41 receiver_sample=17/20 scenario=2026_07_29_02_32_08 timestamp=000062 cavs=[17, 3, 18]
sgcp_constrained receiver=17 policy=all-cavs sources=[17, 3, 18] clusters=20 ra=selective_edgecooper_global_pmax comm_bytes=40560 selected_grids={3: 12, 18: 13}
fusion_method=early pred_boxes=21 gt_boxes=31
pred_scores_shape=(21,)
frame=2/41 receiver_sample=18/20 scenario=2026_07_29_02_32_08 timestamp=000062 cavs=[18, 3, 17]
sgcp_constrained receiver=18 policy=all-cavs sources=[18, 3, 17] clusters=20 ra=selective_edgecooper_global_pmax comm_bytes=58192 selected_grids={3: 12, 17: 12}
fusion_method=early pred_boxes=17 gt_boxes=31
pred_scores_shape=(17,)
frame=2/41 receiver_sample=19/20 scenario=2026_07_29_02_32_08 timestamp=000062 cavs=[19, 9, 13, 16]
sgcp_constrained receiver=19 policy=all-cavs sources=[19, 9, 13, 16] clusters=20 ra=selective_edgecooper_global_pmax comm_bytes=67328 selected_grids={9: 12, 13: 13, 16: 12}
fusion_method=early pred_boxes=22 gt_boxes=43
pred_scores_shape=(22,)
frame=2/41 receiver_sample=20/20 scenario=2026_07_29_02_32_08 timestamp=000062 cavs=[20, 5, 9, 16]
sgcp_constrained receiver=20 policy=all-cavs sources=[20, 5, 9, 16] clusters=20 ra=selective_edgecooper_global_pmax comm_bytes=52496 selected_grids={5: 12, 9: 13, 16: 12}
fusion_method=early pred_boxes=28 gt_boxes=49
pred_scores_shape=(28,)
frame=3/41 receiver_sample=1/20 scenario=2026_07_29_02_32_08 timestamp=000064 cavs=[1, 2, 8, 11]
sgcp_constrained receiver=1 policy=all-cavs sources=[1, 2, 8, 11] clusters=20 ra=selective_edgecooper_global_pmax comm_bytes=54384 selected_grids={2: 12, 8: 11, 11: 12}
fusion_method=early pred_boxes=30 gt_boxes=53
pred_scores_shape=(30,)
frame=3/41 receiver_sample=2/20 scenario=2026_07_29_02_32_08 timestamp=000064 cavs=[2, 1, 10, 11]
sgcp_constrained receiver=2 policy=all-cavs sources=[2, 1, 10, 11] clusters=20 ra=selective_edgecooper_global_pmax comm_bytes=51696 selected_grids={1: 11, 10: 12, 11: 10}
fusion_method=early pred_boxes=29 gt_boxes=57
pred_scores_shape=(29,)
frame=3/41 receiver_sample=3/20 scenario=2026_07_29_02_32_08 timestamp=000064 cavs=[3, 16, 17, 18]
sgcp_constrained receiver=3 policy=all-cavs sources=[3, 16, 17, 18] clusters=20 ra=selective_edgecooper_global_pmax comm_bytes=74560 selected_grids={16: 12, 17: 12, 18: 12}
fusion_method=early pred_boxes=24 gt_boxes=48
pred_scores_shape=(24,)
frame=3/41 receiver_sample=4/20 scenario=2026_07_29_02_32_08 timestamp=000064 cavs=[4, 1, 7, 12]
sgcp_constrained receiver=4 policy=all-cavs sources=[4, 1, 7, 12] clusters=20 ra=selective_edgecooper_global_pmax comm_bytes=73008 selected_grids={1: 12, 7: 11, 12: 12}
fusion_method=early pred_boxes=29 gt_boxes=57
pred_scores_shape=(29,)
frame=3/41 receiver_sample=5/20 scenario=2026_07_29_02_32_08 timestamp=000064 cavs=[5, 7, 13, 20]
sgcp_constrained receiver=5 policy=all-cavs sources=[5, 7, 13, 20] clusters=20 ra=selective_edgecooper_global_pmax comm_bytes=72016 selected_grids={7: 12, 13: 12, 20: 12}
fusion_method=early pred_boxes=26 gt_boxes=42
pred_scores_shape=(26,)
frame=3/41 receiver_sample=6/20 scenario=2026_07_29_02_32_08 timestamp=000064 cavs=[6, 15]
sgcp_constrained receiver=6 policy=all-cavs sources=[6, 15] clusters=20 ra=selective_edgecooper_global_pmax comm_bytes=18352 selected_grids={15: 12}
fusion_method=early pred_boxes=13 gt_boxes=21
pred_scores_shape=(13,)
frame=3/41 receiver_sample=7/20 scenario=2026_07_29_02_32_08 timestamp=000064 cavs=[7, 4, 5, 12]
sgcp_constrained receiver=7 policy=all-cavs sources=[7, 4, 5, 12] clusters=20 ra=selective_edgecooper_global_pmax comm_bytes=63744 selected_grids={4: 12, 5: 12, 12: 12}
fusion_method=early pred_boxes=30 gt_boxes=47
pred_scores_shape=(30,)
frame=3/41 receiver_sample=8/20 scenario=2026_07_29_02_32_08 timestamp=000064 cavs=[8, 1, 2, 4]
sgcp_constrained receiver=8 policy=all-cavs sources=[8, 1, 2, 4] clusters=20 ra=selective_edgecooper_global_pmax comm_bytes=70800 selected_grids={1: 11, 2: 12, 4: 12}
fusion_method=early pred_boxes=28 gt_boxes=47
pred_scores_shape=(28,)
frame=3/41 receiver_sample=9/20 scenario=2026_07_29_02_32_08 timestamp=000064 cavs=[9, 11, 13, 19]
sgcp_constrained receiver=9 policy=all-cavs sources=[9, 11, 13, 19] clusters=20 ra=selective_edgecooper_global_pmax comm_bytes=56720 selected_grids={11: 12, 13: 10, 19: 10}Format = auto
Extension = pcd
Format = auto
Extension = pcd
Format = auto
Extension = pcd
Format = auto
Extension = pcd
Format = auto
Extension = pcd
Format = auto
Extension = pcd
Format = auto
Extension = pcd
Format = auto
Extension = pcd
Format = auto
Extension = pcd
Format = auto
Extension = pcd
Format = auto
Extension = pcd
Format = auto
Extension = pcd
Format = auto
Extension = pcd
Format = auto
Extension = pcd
Format = auto
Extension = pcd
Format = auto
Extension = pcd
Format = auto
Extension = pcd
Format = auto
Extension = pcd
Format = auto
Extension = pcd
Format = auto
Extension = pcd

fusion_method=early pred_boxes=24 gt_boxes=44
pred_scores_shape=(24,)
frame=3/41 receiver_sample=10/20 scenario=2026_07_29_02_32_08 timestamp=000064 cavs=[10, 8, 16, 19]
sgcp_constrained receiver=10 policy=all-cavs sources=[10, 8, 16, 19] clusters=20 ra=selective_edgecooper_global_pmax comm_bytes=67072 selected_grids={8: 12, 16: 11, 19: 12}
fusion_method=early pred_boxes=26 gt_boxes=55
pred_scores_shape=(26,)
frame=3/41 receiver_sample=11/20 scenario=2026_07_29_02_32_08 timestamp=000064 cavs=[11, 2, 8, 9]
sgcp_constrained receiver=11 policy=all-cavs sources=[11, 2, 8, 9] clusters=20 ra=selective_edgecooper_global_pmax comm_bytes=65856 selected_grids={2: 11, 8: 12, 9: 12}
fusion_method=early pred_boxes=27 gt_boxes=58
pred_scores_shape=(27,)
frame=3/41 receiver_sample=12/20 scenario=2026_07_29_02_32_08 timestamp=000064 cavs=[12, 4, 7]
sgcp_constrained receiver=12 policy=all-cavs sources=[12, 4, 7] clusters=20 ra=selective_edgecooper_global_pmax comm_bytes=41024 selected_grids={4: 12, 7: 12}
fusion_method=early pred_boxes=22 gt_boxes=47
pred_scores_shape=(22,)
frame=3/41 receiver_sample=13/20 scenario=2026_07_29_02_32_08 timestamp=000064 cavs=[13, 5, 10, 19]
sgcp_constrained receiver=13 policy=all-cavs sources=[13, 5, 10, 19] clusters=20 ra=selective_edgecooper_global_pmax comm_bytes=52880 selected_grids={5: 12, 10: 12, 19: 10}
fusion_method=early pred_boxes=22 gt_boxes=45
pred_scores_shape=(22,)
frame=3/41 receiver_sample=14/20 scenario=2026_07_29_02_32_08 timestamp=000064 cavs=[14]
sgcp_constrained receiver=14 policy=all-cavs sources=[14] clusters=20 ra=selective_edgecooper_global_pmax comm_bytes=0 selected_grids={}
fusion_method=early pred_boxes=3 gt_boxes=6
pred_scores_shape=(3,)
frame=3/41 receiver_sample=15/20 scenario=2026_07_29_02_32_08 timestamp=000064 cavs=[15, 6]
sgcp_constrained receiver=15 policy=all-cavs sources=[15, 6] clusters=20 ra=selective_edgecooper_global_pmax comm_bytes=29136 selected_grids={6: 12}
fusion_method=early pred_boxes=16 gt_boxes=21
pred_scores_shape=(16,)
frame=3/41 receiver_sample=16/20 scenario=2026_07_29_02_32_08 timestamp=000064 cavs=[16, 3, 10, 20]
sgcp_constrained receiver=16 policy=all-cavs sources=[16, 3, 10, 20] clusters=20 ra=selective_edgecooper_global_pmax comm_bytes=75072 selected_grids={3: 12, 10: 12, 20: 10}
fusion_method=early pred_boxes=34 gt_boxes=60
pred_scores_shape=(34,)
frame=3/41 receiver_sample=17/20 scenario=2026_07_29_02_32_08 timestamp=000064 cavs=[17, 3, 18]
sgcp_constrained receiver=17 policy=all-cavs sources=[17, 3, 18] clusters=20 ra=selective_edgecooper_global_pmax comm_bytes=39024 selected_grids={3: 11, 18: 12}
fusion_method=early pred_boxes=17 gt_boxes=31
pred_scores_shape=(17,)
frame=3/41 receiver_sample=18/20 scenario=2026_07_29_02_32_08 timestamp=000064 cavs=[18, 3, 17]
sgcp_constrained receiver=18 policy=all-cavs sources=[18, 3, 17] clusters=20 ra=selective_edgecooper_global_pmax comm_bytes=57216 selected_grids={3: 12, 17: 12}
fusion_method=early pred_boxes=17 gt_boxes=31
pred_scores_shape=(17,)
frame=3/41 receiver_sample=19/20 scenario=2026_07_29_02_32_08 timestamp=000064 cavs=[19, 9, 13, 20]
sgcp_constrained receiver=19 policy=all-cavs sources=[19, 9, 13, 20] clusters=20 ra=selective_edgecooper_global_pmax comm_bytes=65264 selected_grids={9: 11, 13: 12, 20: 12}
fusion_method=early pred_boxes=21 gt_boxes=42
pred_scores_shape=(21,)
frame=3/41 receiver_sample=20/20 scenario=2026_07_29_02_32_08 timestamp=000064 cavs=[20, 5, 9, 16]
sgcp_constrained receiver=20 policy=all-cavs sources=[20, 5, 9, 16] clusters=20 ra=selective_edgecooper_global_pmax comm_bytes=50976 selected_grids={5: 11, 9: 12, 16: 11}
fusion_method=early pred_boxes=27 gt_boxes=48
pred_scores_shape=(27,)
frame=4/41 receiver_sample=1/20 scenario=2026_07_29_02_32_08 timestamp=000066 cavs=[1, 2, 4, 8]
sgcp_constrained receiver=1 policy=all-cavs sources=[1, 2, 4, 8] clusters=20 ra=selective_edgecooper_global_pmax comm_bytes=65984 selected_grids={2: 11, 4: 11, 8: 8}
fusion_method=early pred_boxes=33 gt_boxes=55
pred_scores_shape=(33,)
frame=4/41 receiver_sample=2/20 scenario=2026_07_29_02_32_08 timestamp=000066 cavs=[2, 1, 10, 11]
sgcp_constrained receiver=2 policy=all-cavs sources=[2, 1, 10, 11] clusters=20 ra=selective_edgecooper_global_pmax comm_bytes=50784 selected_grids={1: 11, 10: 11, 11: 9}
fusion_method=early pred_boxes=30 gt_boxes=57
pred_scores_shape=(30,)
frame=4/41 receiver_sample=3/20 scenario=2026_07_29_02_32_08 timestamp=000066 cavs=[3, 16, 17, 18]
sgcp_constrained receiver=3 policy=all-cavs sources=[3, 16, 17, 18] clusters=20 ra=selective_edgecooper_global_pmax comm_bytes=71328 selected_grids={16: 11, 17: 11, 18: 11}
fusion_method=early pred_boxes=24 gt_boxes=47
pred_scores_shape=(24,)
frame=4/41 receiver_sample=4/20 scenario=2026_07_29_02_32_08 timestamp=000066 cavs=[4, 1, 7, 12]
sgcp_constrained receiver=4 policy=all-cavs sources=[4, 1, 7, 12] clusters=20 ra=selective_edgecooper_global_pmax comm_bytes=70800 selected_grids={1: 11, 7: 11, 12: 11}
fusion_method=early pred_boxes=27 gt_boxes=57
pred_scores_shape=(27,)
frame=4/41 receiver_sample=5/20 scenario=2026_07_29_02_32_08 timestamp=000066 cavs=[5, 13, 19, 20]
sgcp_constrained receiver=5 policy=all-cavs sources=[5, 13, 19, 20] clusters=20 ra=selective_edgecooper_global_pmax comm_bytes=62768 selected_grids={13: 11, 19: 10, 20: 10}
fusion_method=early pred_boxes=23 gt_boxes=41
pred_scores_shape=(23,)
frame=4/41 receiver_sample=6/20 scenario=2026_07_29_02_32_08 timestamp=000066 cavs=[6, 15]
sgcp_constrained receiver=6 policy=all-cavs sources=[6, 15] clusters=20 ra=selective_edgecooper_global_pmax comm_bytes=17680 selected_grids={15: 11}
fusion_method=early pred_boxes=13 gt_boxes=20
pred_scores_shape=(13,)
frame=4/41 receiver_sample=7/20 scenario=2026_07_29_02_32_08 timestamp=000066 cavs=[7, 4, 5, 12]
sgcp_constrained receiver=7 policy=all-cavs sources=[7, 4, 5, 12] clusters=20 ra=selective_edgecooper_global_pmax comm_bytes=60528 selected_grids={4: 11, 5: 11, 12: 11}
fusion_method=early pred_boxes=33 gt_boxes=47
pred_scores_shape=(33,)
frame=4/41 receiver_sample=8/20 scenario=2026_07_29_02_32_08 timestamp=000066 cavs=[8, 1, 11, 12]
sgcp_constrained receiver=8 policy=all-cavs sources=[8, 1, 11, 12] clusters=20 ra=selective_edgecooper_global_pmax comm_bytes=73856 selected_grids={1: 11, 11: 11, 12: 11}
fusion_method=early pred_boxes=30 gt_boxes=47
pred_scores_shape=(30,)
frame=4/41 receiver_sample=9/20 scenario=2026_07_29_02_32_08 timestamp=000066 cavs=[9, 11, 13]
sgcp_constrained receiver=9 policy=all-cavs sources=[9, 11, 13] clusters=20 ra=selective_edgecooper_global_pmax comm_bytes=47024 selected_grids={11: 11, 13: 11}
fusion_method=early pred_boxes=24 gt_boxes=44
pred_scores_shape=(24,)
frame=4/41 receiver_sample=10/20 scenario=2026_07_29_02_32_08 timestamp=000066 cavs=[10, 8, 16, 19]
sgcp_constrained receiver=10 policy=all-cavs sources=[10, 8, 16, 19] clusters=20 ra=selective_edgecooper_global_pmax comm_bytes=65552 selected_grids={8: 11, 16: 11, 19: 11}
fusion_method=early pred_boxes=30 gt_boxes=54
pred_scores_shape=(30,)
frame=4/41 receiver_sample=11/20 scenario=2026_07_29_02_32_08 timestamp=000066 cavs=[11, 2, 8, 9]
sgcp_constrained receiver=11 policy=all-cavs sources=[11, 2, 8, 9] clusters=20 ra=selective_edgecooper_global_pmax comm_bytes=60624 selected_grids={2: 10, 8: 11, 9: 11}
fusion_method=early pred_boxes=25 gt_boxes=58
pred_scores_shape=(25,)
frame=4/41 receiver_sample=12/20 scenario=2026_07_29_02_32_08 timestamp=000066 cavs=[12, 4, 7]
sgcp_constrained receiver=12 policy=all-cavs sources=[12, 4, 7] clusters=20 ra=selective_edgecooper_global_pmax comm_bytes=39120 selected_grids={4: 11, 7: 11}
fusion_method=early pred_boxes=23 gt_boxes=46
pred_scores_shape=(23,)
frame=4/41 receiver_sample=13/20 scenario=2026_07_29_02_32_08 timestamp=000066 cavs=[13, 5, 10, 19]
sgcp_constrained receiver=13 policy=all-cavs sources=[13, 5, 10, 19] clusters=20 ra=selective_edgecooper_global_pmax comm_bytes=50608 selected_grids={5: 11, 10: 11, 19: 9}
fusion_method=early pred_boxes=25 gt_boxes=44
pred_scores_shape=(25,)
frame=4/41 receiver_sample=14/20 scenario=2026_07_29_02_32_08 timestamp=000066 cavs=[14]Format = auto
Extension = pcd
Format = auto
Extension = pcd
Format = auto
Extension = pcd
Format = auto
Extension = pcd
Format = auto
Extension = pcd
Format = auto
Extension = pcd
Format = auto
Extension = pcd
Format = auto
Extension = pcd
Format = auto
Extension = pcd
Format = auto
Extension = pcd
Format = auto
Extension = pcd
Format = auto
Extension = pcd
Format = auto
Extension = pcd
Format = auto
Extension = pcd
Format = auto
Extension = pcd
Format = auto
Extension = pcd
Format = auto
Extension = pcd
Format = auto
Extension = pcd
Format = auto
Extension = pcd
Format = auto
Extension = pcd

sgcp_constrained receiver=14 policy=all-cavs sources=[14] clusters=20 ra=selective_edgecooper_global_pmax comm_bytes=0 selected_grids={}
fusion_method=early pred_boxes=3 gt_boxes=6
pred_scores_shape=(3,)
frame=4/41 receiver_sample=15/20 scenario=2026_07_29_02_32_08 timestamp=000066 cavs=[15, 6]
sgcp_constrained receiver=15 policy=all-cavs sources=[15, 6] clusters=20 ra=selective_edgecooper_global_pmax comm_bytes=27920 selected_grids={6: 11}
fusion_method=early pred_boxes=16 gt_boxes=20
pred_scores_shape=(16,)
frame=4/41 receiver_sample=16/20 scenario=2026_07_29_02_32_08 timestamp=000066 cavs=[16, 3, 10, 20]
sgcp_constrained receiver=16 policy=all-cavs sources=[16, 3, 10, 20] clusters=20 ra=selective_edgecooper_global_pmax comm_bytes=72016 selected_grids={3: 11, 10: 11, 20: 11}
fusion_method=early pred_boxes=32 gt_boxes=60
pred_scores_shape=(32,)
frame=4/41 receiver_sample=17/20 scenario=2026_07_29_02_32_08 timestamp=000066 cavs=[17, 3, 16, 18]
sgcp_constrained receiver=17 policy=all-cavs sources=[17, 3, 16, 18] clusters=20 ra=selective_edgecooper_global_pmax comm_bytes=67120 selected_grids={3: 11, 16: 11, 18: 11}
fusion_method=early pred_boxes=24 gt_boxes=45
pred_scores_shape=(24,)
frame=4/41 receiver_sample=18/20 scenario=2026_07_29_02_32_08 timestamp=000066 cavs=[18, 3, 17]
sgcp_constrained receiver=18 policy=all-cavs sources=[18, 3, 17] clusters=20 ra=selective_edgecooper_global_pmax comm_bytes=56176 selected_grids={3: 11, 17: 11}
fusion_method=early pred_boxes=17 gt_boxes=31
pred_scores_shape=(17,)
frame=4/41 receiver_sample=19/20 scenario=2026_07_29_02_32_08 timestamp=000066 cavs=[19, 9, 13, 20]
sgcp_constrained receiver=19 policy=all-cavs sources=[19, 9, 13, 20] clusters=20 ra=selective_edgecooper_global_pmax comm_bytes=62944 selected_grids={9: 11, 13: 11, 20: 11}
fusion_method=early pred_boxes=18 gt_boxes=41
pred_scores_shape=(18,)
frame=4/41 receiver_sample=20/20 scenario=2026_07_29_02_32_08 timestamp=000066 cavs=[20, 5, 7, 9]
sgcp_constrained receiver=20 policy=all-cavs sources=[20, 5, 7, 9] clusters=20 ra=selective_edgecooper_global_pmax comm_bytes=55968 selected_grids={5: 10, 7: 10, 9: 11}
fusion_method=early pred_boxes=26 gt_boxes=45
pred_scores_shape=(26,)
frame=5/41 receiver_sample=1/20 scenario=2026_07_29_02_32_08 timestamp=000068 cavs=[1, 2, 4, 8]
sgcp_constrained receiver=1 policy=all-cavs sources=[1, 2, 4, 8] clusters=20 ra=selective_edgecooper_global_pmax comm_bytes=66480 selected_grids={2: 11, 4: 11, 8: 9}
fusion_method=early pred_boxes=31 gt_boxes=55
pred_scores_shape=(31,)
frame=5/41 receiver_sample=2/20 scenario=2026_07_29_02_32_08 timestamp=000068 cavs=[2, 1, 10, 11]
sgcp_constrained receiver=2 policy=all-cavs sources=[2, 1, 10, 11] clusters=20 ra=selective_edgecooper_global_pmax comm_bytes=52272 selected_grids={1: 11, 10: 11, 11: 10}
fusion_method=early pred_boxes=31 gt_boxes=57
pred_scores_shape=(31,)
frame=5/41 receiver_sample=3/20 scenario=2026_07_29_02_32_08 timestamp=000068 cavs=[3, 16, 17, 18]
sgcp_constrained receiver=3 policy=all-cavs sources=[3, 16, 17, 18] clusters=20 ra=selective_edgecooper_global_pmax comm_bytes=69344 selected_grids={16: 11, 17: 11, 18: 11}
fusion_method=early pred_boxes=22 gt_boxes=47
pred_scores_shape=(22,)
frame=5/41 receiver_sample=4/20 scenario=2026_07_29_02_32_08 timestamp=000068 cavs=[4, 1, 7, 12]
sgcp_constrained receiver=4 policy=all-cavs sources=[4, 1, 7, 12] clusters=20 ra=selective_edgecooper_global_pmax comm_bytes=70848 selected_grids={1: 11, 7: 11, 12: 11}
fusion_method=early pred_boxes=26 gt_boxes=56
pred_scores_shape=(26,)
frame=5/41 receiver_sample=5/20 scenario=2026_07_29_02_32_08 timestamp=000068 cavs=[5, 13, 19, 20]
sgcp_constrained receiver=5 policy=all-cavs sources=[5, 13, 19, 20] clusters=20 ra=selective_edgecooper_global_pmax comm_bytes=64208 selected_grids={13: 11, 19: 10, 20: 11}
fusion_method=early pred_boxes=24 gt_boxes=41
pred_scores_shape=(24,)
frame=5/41 receiver_sample=6/20 scenario=2026_07_29_02_32_08 timestamp=000068 cavs=[6, 15]
sgcp_constrained receiver=6 policy=all-cavs sources=[6, 15] clusters=20 ra=selective_edgecooper_global_pmax comm_bytes=17600 selected_grids={15: 11}
fusion_method=early pred_boxes=15 gt_boxes=20
pred_scores_shape=(15,)
frame=5/41 receiver_sample=7/20 scenario=2026_07_29_02_32_08 timestamp=000068 cavs=[7, 4, 5, 12]
sgcp_constrained receiver=7 policy=all-cavs sources=[7, 4, 5, 12] clusters=20 ra=selective_edgecooper_global_pmax comm_bytes=59648 selected_grids={4: 11, 5: 11, 12: 11}
fusion_method=early pred_boxes=28 gt_boxes=47
pred_scores_shape=(28,)
frame=5/41 receiver_sample=8/20 scenario=2026_07_29_02_32_08 timestamp=000068 cavs=[8, 1, 11, 12]
sgcp_constrained receiver=8 policy=all-cavs sources=[8, 1, 11, 12] clusters=20 ra=selective_edgecooper_global_pmax comm_bytes=72944 selected_grids={1: 11, 11: 11, 12: 11}
fusion_method=early pred_boxes=31 gt_boxes=47
pred_scores_shape=(31,)
frame=5/41 receiver_sample=9/20 scenario=2026_07_29_02_32_08 timestamp=000068 cavs=[9, 11, 13]
sgcp_constrained receiver=9 policy=all-cavs sources=[9, 11, 13] clusters=20 ra=selective_edgecooper_global_pmax comm_bytes=47728 selected_grids={11: 11, 13: 11}
fusion_method=early pred_boxes=24 gt_boxes=44
pred_scores_shape=(24,)
frame=5/41 receiver_sample=10/20 scenario=2026_07_29_02_32_08 timestamp=000068 cavs=[10, 8, 16, 19]
sgcp_constrained receiver=10 policy=all-cavs sources=[10, 8, 16, 19] clusters=20 ra=selective_edgecooper_global_pmax comm_bytes=65456 selected_grids={8: 11, 16: 11, 19: 11}
fusion_method=early pred_boxes=26 gt_boxes=54
pred_scores_shape=(26,)
frame=5/41 receiver_sample=11/20 scenario=2026_07_29_02_32_08 timestamp=000068 cavs=[11, 2, 8, 9]
sgcp_constrained receiver=11 policy=all-cavs sources=[11, 2, 8, 9] clusters=20 ra=selective_edgecooper_global_pmax comm_bytes=60752 selected_grids={2: 11, 8: 11, 9: 11}
fusion_method=early pred_boxes=25 gt_boxes=58
pred_scores_shape=(25,)
frame=5/41 receiver_sample=12/20 scenario=2026_07_29_02_32_08 timestamp=000068 cavs=[12, 4, 7]
sgcp_constrained receiver=12 policy=all-cavs sources=[12, 4, 7] clusters=20 ra=selective_edgecooper_global_pmax comm_bytes=38960 selected_grids={4: 11, 7: 11}
fusion_method=early pred_boxes=23 gt_boxes=46
pred_scores_shape=(23,)
frame=5/41 receiver_sample=13/20 scenario=2026_07_29_02_32_08 timestamp=000068 cavs=[13, 5, 10, 19]
sgcp_constrained receiver=13 policy=all-cavs sources=[13, 5, 10, 19] clusters=20 ra=selective_edgecooper_global_pmax comm_bytes=50608 selected_grids={5: 11, 10: 11, 19: 9}
fusion_method=early pred_boxes=22 gt_boxes=45
pred_scores_shape=(22,)
frame=5/41 receiver_sample=14/20 scenario=2026_07_29_02_32_08 timestamp=000068 cavs=[14]
sgcp_constrained receiver=14 policy=all-cavs sources=[14] clusters=20 ra=selective_edgecooper_global_pmax comm_bytes=0 selected_grids={}
fusion_method=early pred_boxes=3 gt_boxes=6
pred_scores_shape=(3,)
frame=5/41 receiver_sample=15/20 scenario=2026_07_29_02_32_08 timestamp=000068 cavs=[15, 6]
sgcp_constrained receiver=15 policy=all-cavs sources=[15, 6] clusters=20 ra=selective_edgecooper_global_pmax comm_bytes=28384 selected_grids={6: 11}
fusion_method=early pred_boxes=16 gt_boxes=20
pred_scores_shape=(16,)
frame=5/41 receiver_sample=16/20 scenario=2026_07_29_02_32_08 timestamp=000068 cavs=[16, 3, 10, 20]
sgcp_constrained receiver=16 policy=all-cavs sources=[16, 3, 10, 20] clusters=20 ra=selective_edgecooper_global_pmax comm_bytes=70784 selected_grids={3: 11, 10: 11, 20: 11}
fusion_method=early pred_boxes=34 gt_boxes=59
pred_scores_shape=(34,)
frame=5/41 receiver_sample=17/20 scenario=2026_07_29_02_32_08 timestamp=000068 cavs=[17, 3, 16, 18]
sgcp_constrained receiver=17 policy=all-cavs sources=[17, 3, 16, 18] clusters=20 ra=selective_edgecooper_global_pmax comm_bytes=67776 selected_grids={3: 11, 16: 11, 18: 11}
fusion_method=early pred_boxes=24 gt_boxes=45
pred_scores_shape=(24,)
frame=5/41 receiver_sample=18/20 scenario=2026_07_29_02_32_08 timestamp=000068 cavs=[18, 3, 17]
sgcp_constrained receiver=18 policy=all-cavs sources=[18, 3, 17] clusters=20 ra=selective_edgecooper_global_pmax comm_bytes=55248 selected_grids={3: 11, 17: 11}Format = auto
Extension = pcd
Format = auto
Extension = pcd
Format = auto
Extension = pcd
Format = auto
Extension = pcd
Format = auto
Extension = pcd
Format = auto
Extension = pcd
Format = auto
Extension = pcd
Format = auto
Extension = pcd
Format = auto
Extension = pcd
Format = auto
Extension = pcd
Format = auto
Extension = pcd
Format = auto
Extension = pcd
Format = auto
Extension = pcd
Format = auto
Extension = pcd
Format = auto
Extension = pcd
Format = auto
Extension = pcd
Format = auto
Extension = pcd
Format = auto
Extension = pcd
Format = auto
Extension = pcd
Format = auto
Extension = pcd
Format = auto
Extension = pcd
Format = auto
Extension = pcd
Format = auto
Extension = pcd
Format = auto
Extension = pcd
Format = auto
Extension = pcd
Format = auto
Extension = pcd
Format = auto
Extension = pcd
Format = auto
Extension = pcd
Format = auto
Extension = pcd
Format = auto
Extension = pcd
Format = auto
Extension = pcd
Format = auto
Extension = pcd
Format = auto
Extension = pcd
Format = auto
Extension = pcd
Format = auto
Extension = pcd
Format = auto
Extension = pcd
Format = auto
Extension = pcd
Format = auto
Extension = pcd
Format = auto
Extension = pcd
Format = auto
Extension = pcd

fusion_method=early pred_boxes=17 gt_boxes=30
pred_scores_shape=(17,)
frame=5/41 receiver_sample=19/20 scenario=2026_07_29_02_32_08 timestamp=000068 cavs=[19, 9, 13, 20]
sgcp_constrained receiver=19 policy=all-cavs sources=[19, 9, 13, 20] clusters=20 ra=selective_edgecooper_global_pmax comm_bytes=62272 selected_grids={9: 11, 13: 11, 20: 11}
fusion_method=early pred_boxes=21 gt_boxes=42
pred_scores_shape=(21,)
frame=5/41 receiver_sample=20/20 scenario=2026_07_29_02_32_08 timestamp=000068 cavs=[20, 5, 7, 9]
sgcp_constrained receiver=20 policy=all-cavs sources=[20, 5, 7, 9] clusters=20 ra=selective_edgecooper_global_pmax comm_bytes=57488 selected_grids={5: 10, 7: 11, 9: 11}
fusion_method=early pred_boxes=27 gt_boxes=45
pred_scores_shape=(27,)
frame=6/41 receiver_sample=1/20 scenario=2026_07_29_02_32_08 timestamp=000070 cavs=[1, 2, 4, 8]
sgcp_constrained receiver=1 policy=all-cavs sources=[1, 2, 4, 8] clusters=20 ra=selective_edgecooper_global_pmax comm_bytes=67264 selected_grids={2: 11, 4: 11, 8: 9}
fusion_method=early pred_boxes=32 gt_boxes=55
pred_scores_shape=(32,)
frame=6/41 receiver_sample=2/20 scenario=2026_07_29_02_32_08 timestamp=000070 cavs=[2, 1, 10, 11]
sgcp_constrained receiver=2 policy=all-cavs sources=[2, 1, 10, 11] clusters=20 ra=selective_edgecooper_global_pmax comm_bytes=51008 selected_grids={1: 11, 10: 11, 11: 9}
fusion_method=early pred_boxes=32 gt_boxes=57
pred_scores_shape=(32,)
frame=6/41 receiver_sample=3/20 scenario=2026_07_29_02_32_08 timestamp=000070 cavs=[3, 16, 17, 18]
sgcp_constrained receiver=3 policy=all-cavs sources=[3, 16, 17, 18] clusters=20 ra=selective_edgecooper_global_pmax comm_bytes=67072 selected_grids={16: 10, 17: 11, 18: 11}
fusion_method=early pred_boxes=21 gt_boxes=48
pred_scores_shape=(21,)
frame=6/41 receiver_sample=4/20 scenario=2026_07_29_02_32_08 timestamp=000070 cavs=[4, 1, 7, 12]
sgcp_constrained receiver=4 policy=all-cavs sources=[4, 1, 7, 12] clusters=20 ra=selective_edgecooper_global_pmax comm_bytes=71952 selected_grids={1: 11, 7: 11, 12: 11}
fusion_method=early pred_boxes=31 gt_boxes=57
pred_scores_shape=(31,)
frame=6/41 receiver_sample=5/20 scenario=2026_07_29_02_32_08 timestamp=000070 cavs=[5, 13, 19, 20]
sgcp_constrained receiver=5 policy=all-cavs sources=[5, 13, 19, 20] clusters=20 ra=selective_edgecooper_global_pmax comm_bytes=63552 selected_grids={13: 11, 19: 10, 20: 10}
fusion_method=early pred_boxes=26 gt_boxes=41
pred_scores_shape=(26,)
frame=6/41 receiver_sample=6/20 scenario=2026_07_29_02_32_08 timestamp=000070 cavs=[6, 15]
sgcp_constrained receiver=6 policy=all-cavs sources=[6, 15] clusters=20 ra=selective_edgecooper_global_pmax comm_bytes=17824 selected_grids={15: 11}
fusion_method=early pred_boxes=14 gt_boxes=20
pred_scores_shape=(14,)
frame=6/41 receiver_sample=7/20 scenario=2026_07_29_02_32_08 timestamp=000070 cavs=[7, 4, 5, 12]
sgcp_constrained receiver=7 policy=all-cavs sources=[7, 4, 5, 12] clusters=20 ra=selective_edgecooper_global_pmax comm_bytes=61456 selected_grids={4: 11, 5: 11, 12: 11}
fusion_method=early pred_boxes=28 gt_boxes=47
pred_scores_shape=(28,)
frame=6/41 receiver_sample=8/20 scenario=2026_07_29_02_32_08 timestamp=000070 cavs=[8, 1, 11, 12]
sgcp_constrained receiver=8 policy=all-cavs sources=[8, 1, 11, 12] clusters=20 ra=selective_edgecooper_global_pmax comm_bytes=72768 selected_grids={1: 11, 11: 11, 12: 11}
fusion_method=early pred_boxes=34 gt_boxes=47
pred_scores_shape=(34,)
frame=6/41 receiver_sample=9/20 scenario=2026_07_29_02_32_08 timestamp=000070 cavs=[9, 11, 13]
sgcp_constrained receiver=9 policy=all-cavs sources=[9, 11, 13] clusters=20 ra=selective_edgecooper_global_pmax comm_bytes=46976 selected_grids={11: 11, 13: 11}
fusion_method=early pred_boxes=26 gt_boxes=45
pred_scores_shape=(26,)
frame=6/41 receiver_sample=10/20 scenario=2026_07_29_02_32_08 timestamp=000070 cavs=[10, 8, 16, 19]
sgcp_constrained receiver=10 policy=all-cavs sources=[10, 8, 16, 19] clusters=20 ra=selective_edgecooper_global_pmax comm_bytes=64496 selected_grids={8: 11, 16: 11, 19: 11}
fusion_method=early pred_boxes=30 gt_boxes=54
pred_scores_shape=(30,)
frame=6/41 receiver_sample=11/20 scenario=2026_07_29_02_32_08 timestamp=000070 cavs=[11, 2, 8, 9]
sgcp_constrained receiver=11 policy=all-cavs sources=[11, 2, 8, 9] clusters=20 ra=selective_edgecooper_global_pmax comm_bytes=60640 selected_grids={2: 10, 8: 11, 9: 11}
fusion_method=early pred_boxes=26 gt_boxes=58
pred_scores_shape=(26,)
frame=6/41 receiver_sample=12/20 scenario=2026_07_29_02_32_08 timestamp=000070 cavs=[12, 4, 7]
sgcp_constrained receiver=12 policy=all-cavs sources=[12, 4, 7] clusters=20 ra=selective_edgecooper_global_pmax comm_bytes=38752 selected_grids={4: 11, 7: 11}
fusion_method=early pred_boxes=22 gt_boxes=46
pred_scores_shape=(22,)
frame=6/41 receiver_sample=13/20 scenario=2026_07_29_02_32_08 timestamp=000070 cavs=[13, 5, 10, 19]
sgcp_constrained receiver=13 policy=all-cavs sources=[13, 5, 10, 19] clusters=20 ra=selective_edgecooper_global_pmax comm_bytes=52064 selected_grids={5: 11, 10: 11, 19: 10}
fusion_method=early pred_boxes=23 gt_boxes=44
pred_scores_shape=(23,)
frame=6/41 receiver_sample=14/20 scenario=2026_07_29_02_32_08 timestamp=000070 cavs=[14]
sgcp_constrained receiver=14 policy=all-cavs sources=[14] clusters=20 ra=selective_edgecooper_global_pmax comm_bytes=0 selected_grids={}
fusion_method=early pred_boxes=3 gt_boxes=6
pred_scores_shape=(3,)
frame=6/41 receiver_sample=15/20 scenario=2026_07_29_02_32_08 timestamp=000070 cavs=[15, 6]
sgcp_constrained receiver=15 policy=all-cavs sources=[15, 6] clusters=20 ra=selective_edgecooper_global_pmax comm_bytes=28800 selected_grids={6: 11}
fusion_method=early pred_boxes=17 gt_boxes=20
pred_scores_shape=(17,)
frame=6/41 receiver_sample=16/20 scenario=2026_07_29_02_32_08 timestamp=000070 cavs=[16, 3, 10, 20]
sgcp_constrained receiver=16 policy=all-cavs sources=[16, 3, 10, 20] clusters=20 ra=selective_edgecooper_global_pmax comm_bytes=69680 selected_grids={3: 11, 10: 11, 20: 11}
fusion_method=early pred_boxes=33 gt_boxes=58
pred_scores_shape=(33,)
frame=6/41 receiver_sample=17/20 scenario=2026_07_29_02_32_08 timestamp=000070 cavs=[17, 3, 16, 18]
sgcp_constrained receiver=17 policy=all-cavs sources=[17, 3, 16, 18] clusters=20 ra=selective_edgecooper_global_pmax comm_bytes=68432 selected_grids={3: 11, 16: 11, 18: 11}
fusion_method=early pred_boxes=24 gt_boxes=46
pred_scores_shape=(24,)
frame=6/41 receiver_sample=18/20 scenario=2026_07_29_02_32_08 timestamp=000070 cavs=[18, 3, 17]
sgcp_constrained receiver=18 policy=all-cavs sources=[18, 3, 17] clusters=20 ra=selective_edgecooper_global_pmax comm_bytes=57232 selected_grids={3: 11, 17: 11}
fusion_method=early pred_boxes=18 gt_boxes=30
pred_scores_shape=(18,)
frame=6/41 receiver_sample=19/20 scenario=2026_07_29_02_32_08 timestamp=000070 cavs=[19, 9, 13, 20]
sgcp_constrained receiver=19 policy=all-cavs sources=[19, 9, 13, 20] clusters=20 ra=selective_edgecooper_global_pmax comm_bytes=61680 selected_grids={9: 11, 13: 11, 20: 11}
fusion_method=early pred_boxes=21 gt_boxes=42
pred_scores_shape=(21,)
frame=6/41 receiver_sample=20/20 scenario=2026_07_29_02_32_08 timestamp=000070 cavs=[20, 5, 7, 9]
sgcp_constrained receiver=20 policy=all-cavs sources=[20, 5, 7, 9] clusters=20 ra=selective_edgecooper_global_pmax comm_bytes=57152 selected_grids={5: 10, 7: 10, 9: 11}
fusion_method=early pred_boxes=28 gt_boxes=45
pred_scores_shape=(28,)
frame=7/41 receiver_sample=1/20 scenario=2026_07_29_02_32_08 timestamp=000072 cavs=[1, 2, 4, 8]
sgcp_constrained receiver=1 policy=all-cavs sources=[1, 2, 4, 8] clusters=20 ra=selective_edgecooper_global_pmax comm_bytes=66672 selected_grids={2: 11, 4: 11, 8: 9}
fusion_method=early pred_boxes=33 gt_boxes=55
pred_scores_shape=(33,)
frame=7/41 receiver_sample=2/20 scenario=2026_07_29_02_32_08 timestamp=000072 cavs=[2, 1, 10, 11]
sgcp_constrained receiver=2 policy=all-cavs sources=[2, 1, 10, 11] clusters=20 ra=selective_edgecooper_global_pmax comm_bytes=49920 selected_grids={1: 11, 10: 11, 11: 9}
fusion_method=early pred_boxes=30 gt_boxes=57
pred_scores_shape=(30,)
frame=7/41 receiver_sample=3/20 scenario=2026_07_29_02_32_08 timestamp=000072 cavs=[3, 16, 17, 18]Format = auto
Extension = pcd
Format = auto
Extension = pcd
Format = auto
Extension = pcd
Format = auto
Extension = pcd
Format = auto
Extension = pcd
Format = auto
Extension = pcd
Format = auto
Extension = pcd
Format = auto
Extension = pcd
Format = auto
Extension = pcd
Format = auto
Extension = pcd
Format = auto
Extension = pcd
Format = auto
Extension = pcd
Format = auto
Extension = pcd
Format = auto
Extension = pcd
Format = auto
Extension = pcd
Format = auto
Extension = pcd
Format = auto
Extension = pcd
Format = auto
Extension = pcd
Format = auto
Extension = pcd
Format = auto
Extension = pcd

sgcp_constrained receiver=3 policy=all-cavs sources=[3, 16, 17, 18] clusters=20 ra=selective_edgecooper_global_pmax comm_bytes=67312 selected_grids={16: 10, 17: 11, 18: 11}
fusion_method=early pred_boxes=21 gt_boxes=47
pred_scores_shape=(21,)
frame=7/41 receiver_sample=4/20 scenario=2026_07_29_02_32_08 timestamp=000072 cavs=[4, 1, 7, 12]
sgcp_constrained receiver=4 policy=all-cavs sources=[4, 1, 7, 12] clusters=20 ra=selective_edgecooper_global_pmax comm_bytes=71856 selected_grids={1: 11, 7: 11, 12: 11}
fusion_method=early pred_boxes=30 gt_boxes=57
pred_scores_shape=(30,)
frame=7/41 receiver_sample=5/20 scenario=2026_07_29_02_32_08 timestamp=000072 cavs=[5, 13, 19, 20]
sgcp_constrained receiver=5 policy=all-cavs sources=[5, 13, 19, 20] clusters=20 ra=selective_edgecooper_global_pmax comm_bytes=63232 selected_grids={13: 11, 19: 10, 20: 10}
fusion_method=early pred_boxes=23 gt_boxes=41
pred_scores_shape=(23,)
frame=7/41 receiver_sample=6/20 scenario=2026_07_29_02_32_08 timestamp=000072 cavs=[6, 15]
sgcp_constrained receiver=6 policy=all-cavs sources=[6, 15] clusters=20 ra=selective_edgecooper_global_pmax comm_bytes=17152 selected_grids={15: 11}
fusion_method=early pred_boxes=14 gt_boxes=20
pred_scores_shape=(14,)
frame=7/41 receiver_sample=7/20 scenario=2026_07_29_02_32_08 timestamp=000072 cavs=[7, 4, 5, 12]
sgcp_constrained receiver=7 policy=all-cavs sources=[7, 4, 5, 12] clusters=20 ra=selective_edgecooper_global_pmax comm_bytes=59840 selected_grids={4: 11, 5: 11, 12: 11}
fusion_method=early pred_boxes=28 gt_boxes=47
pred_scores_shape=(28,)
frame=7/41 receiver_sample=8/20 scenario=2026_07_29_02_32_08 timestamp=000072 cavs=[8, 1, 11, 12]
sgcp_constrained receiver=8 policy=all-cavs sources=[8, 1, 11, 12] clusters=20 ra=selective_edgecooper_global_pmax comm_bytes=72320 selected_grids={1: 11, 11: 11, 12: 11}
fusion_method=early pred_boxes=34 gt_boxes=48
pred_scores_shape=(34,)
frame=7/41 receiver_sample=9/20 scenario=2026_07_29_02_32_08 timestamp=000072 cavs=[9, 11, 13]
sgcp_constrained receiver=9 policy=all-cavs sources=[9, 11, 13] clusters=20 ra=selective_edgecooper_global_pmax comm_bytes=47840 selected_grids={11: 11, 13: 11}
fusion_method=early pred_boxes=25 gt_boxes=45
pred_scores_shape=(25,)
frame=7/41 receiver_sample=10/20 scenario=2026_07_29_02_32_08 timestamp=000072 cavs=[10, 8, 16, 19]
sgcp_constrained receiver=10 policy=all-cavs sources=[10, 8, 16, 19] clusters=20 ra=selective_edgecooper_global_pmax comm_bytes=65648 selected_grids={8: 11, 16: 11, 19: 11}
fusion_method=early pred_boxes=29 gt_boxes=54
pred_scores_shape=(29,)
frame=7/41 receiver_sample=11/20 scenario=2026_07_29_02_32_08 timestamp=000072 cavs=[11, 2, 8, 9]
sgcp_constrained receiver=11 policy=all-cavs sources=[11, 2, 8, 9] clusters=20 ra=selective_edgecooper_global_pmax comm_bytes=61728 selected_grids={2: 11, 8: 11, 9: 11}
fusion_method=early pred_boxes=29 gt_boxes=58
pred_scores_shape=(29,)
frame=7/41 receiver_sample=12/20 scenario=2026_07_29_02_32_08 timestamp=000072 cavs=[12, 4, 7]
sgcp_constrained receiver=12 policy=all-cavs sources=[12, 4, 7] clusters=20 ra=selective_edgecooper_global_pmax comm_bytes=41680 selected_grids={4: 11, 7: 11}
fusion_method=early pred_boxes=23 gt_boxes=47
pred_scores_shape=(23,)
frame=7/41 receiver_sample=13/20 scenario=2026_07_29_02_32_08 timestamp=000072 cavs=[13, 5, 10, 19]
sgcp_constrained receiver=13 policy=all-cavs sources=[13, 5, 10, 19] clusters=20 ra=selective_edgecooper_global_pmax comm_bytes=51840 selected_grids={5: 11, 10: 11, 19: 10}
fusion_method=early pred_boxes=24 gt_boxes=45
pred_scores_shape=(24,)
frame=7/41 receiver_sample=14/20 scenario=2026_07_29_02_32_08 timestamp=000072 cavs=[14]
sgcp_constrained receiver=14 policy=all-cavs sources=[14] clusters=20 ra=selective_edgecooper_global_pmax comm_bytes=0 selected_grids={}
fusion_method=early pred_boxes=3 gt_boxes=6
pred_scores_shape=(3,)
frame=7/41 receiver_sample=15/20 scenario=2026_07_29_02_32_08 timestamp=000072 cavs=[15, 6]
sgcp_constrained receiver=15 policy=all-cavs sources=[15, 6] clusters=20 ra=selective_edgecooper_global_pmax comm_bytes=28976 selected_grids={6: 11}
fusion_method=early pred_boxes=16 gt_boxes=20
pred_scores_shape=(16,)
frame=7/41 receiver_sample=16/20 scenario=2026_07_29_02_32_08 timestamp=000072 cavs=[16, 3, 10, 20]
sgcp_constrained receiver=16 policy=all-cavs sources=[16, 3, 10, 20] clusters=20 ra=selective_edgecooper_global_pmax comm_bytes=68576 selected_grids={3: 11, 10: 11, 20: 11}
fusion_method=early pred_boxes=29 gt_boxes=60
pred_scores_shape=(29,)
frame=7/41 receiver_sample=17/20 scenario=2026_07_29_02_32_08 timestamp=000072 cavs=[17, 3, 16, 18]
sgcp_constrained receiver=17 policy=all-cavs sources=[17, 3, 16, 18] clusters=20 ra=selective_edgecooper_global_pmax comm_bytes=69760 selected_grids={3: 11, 16: 11, 18: 11}
fusion_method=early pred_boxes=23 gt_boxes=45
pred_scores_shape=(23,)
frame=7/41 receiver_sample=18/20 scenario=2026_07_29_02_32_08 timestamp=000072 cavs=[18, 3, 17]
sgcp_constrained receiver=18 policy=all-cavs sources=[18, 3, 17] clusters=20 ra=selective_edgecooper_global_pmax comm_bytes=55744 selected_grids={3: 11, 17: 11}
fusion_method=early pred_boxes=17 gt_boxes=30
pred_scores_shape=(17,)
frame=7/41 receiver_sample=19/20 scenario=2026_07_29_02_32_08 timestamp=000072 cavs=[19, 9, 13, 20]
sgcp_constrained receiver=19 policy=all-cavs sources=[19, 9, 13, 20] clusters=20 ra=selective_edgecooper_global_pmax comm_bytes=61440 selected_grids={9: 11, 13: 11, 20: 11}
fusion_method=early pred_boxes=21 gt_boxes=43
pred_scores_shape=(21,)
frame=7/41 receiver_sample=20/20 scenario=2026_07_29_02_32_08 timestamp=000072 cavs=[20, 5, 7, 9]
sgcp_constrained receiver=20 policy=all-cavs sources=[20, 5, 7, 9] clusters=20 ra=selective_edgecooper_global_pmax comm_bytes=57264 selected_grids={5: 10, 7: 10, 9: 11}
fusion_method=early pred_boxes=29 gt_boxes=47
pred_scores_shape=(29,)
frame=8/41 receiver_sample=1/20 scenario=2026_07_29_02_32_08 timestamp=000074 cavs=[1, 2, 4, 8]
sgcp_constrained receiver=1 policy=all-cavs sources=[1, 2, 4, 8] clusters=20 ra=selective_edgecooper_global_pmax comm_bytes=65792 selected_grids={2: 11, 4: 11, 8: 9}
fusion_method=early pred_boxes=33 gt_boxes=54
pred_scores_shape=(33,)
frame=8/41 receiver_sample=2/20 scenario=2026_07_29_02_32_08 timestamp=000074 cavs=[2, 1, 10, 11]
sgcp_constrained receiver=2 policy=all-cavs sources=[2, 1, 10, 11] clusters=20 ra=selective_edgecooper_global_pmax comm_bytes=50016 selected_grids={1: 10, 10: 11, 11: 9}
fusion_method=early pred_boxes=33 gt_boxes=58
pred_scores_shape=(33,)
frame=8/41 receiver_sample=3/20 scenario=2026_07_29_02_32_08 timestamp=000074 cavs=[3, 16, 17, 18]
sgcp_constrained receiver=3 policy=all-cavs sources=[3, 16, 17, 18] clusters=20 ra=selective_edgecooper_global_pmax comm_bytes=66560 selected_grids={16: 10, 17: 11, 18: 11}
fusion_method=early pred_boxes=22 gt_boxes=45
pred_scores_shape=(22,)
frame=8/41 receiver_sample=4/20 scenario=2026_07_29_02_32_08 timestamp=000074 cavs=[4, 1, 7, 12]
sgcp_constrained receiver=4 policy=all-cavs sources=[4, 1, 7, 12] clusters=20 ra=selective_edgecooper_global_pmax comm_bytes=72128 selected_grids={1: 11, 7: 11, 12: 11}
fusion_method=early pred_boxes=29 gt_boxes=58
pred_scores_shape=(29,)
frame=8/41 receiver_sample=5/20 scenario=2026_07_29_02_32_08 timestamp=000074 cavs=[5, 13, 19, 20]
sgcp_constrained receiver=5 policy=all-cavs sources=[5, 13, 19, 20] clusters=20 ra=selective_edgecooper_global_pmax comm_bytes=63104 selected_grids={13: 11, 19: 11, 20: 10}
fusion_method=early pred_boxes=25 gt_boxes=41
pred_scores_shape=(25,)
frame=8/41 receiver_sample=6/20 scenario=2026_07_29_02_32_08 timestamp=000074 cavs=[6, 15]
sgcp_constrained receiver=6 policy=all-cavs sources=[6, 15] clusters=20 ra=selective_edgecooper_global_pmax comm_bytes=17600 selected_grids={15: 11}
fusion_method=early pred_boxes=15 gt_boxes=21
pred_scores_shape=(15,)
frame=8/41 receiver_sample=7/20 scenario=2026_07_29_02_32_08 timestamp=000074 cavs=[7, 4, 5, 12]
sgcp_constrained receiver=7 policy=all-cavs sources=[7, 4, 5, 12] clusters=20 ra=selective_edgecooper_global_pmax comm_bytes=60112 selected_grids={4: 10, 5: 11, 12: 11}Format = auto
Extension = pcd
Format = auto
Extension = pcd
Format = auto
Extension = pcd
Format = auto
Extension = pcd
Format = auto
Extension = pcd
Format = auto
Extension = pcd
Format = auto
Extension = pcd
Format = auto
Extension = pcd
Format = auto
Extension = pcd
Format = auto
Extension = pcd
Format = auto
Extension = pcd
Format = auto
Extension = pcd
Format = auto
Extension = pcd
Format = auto
Extension = pcd
Format = auto
Extension = pcd
Format = auto
Extension = pcd
Format = auto
Extension = pcd
Format = auto
Extension = pcd
Format = auto
Extension = pcd
Format = auto
Extension = pcd

fusion_method=early pred_boxes=30 gt_boxes=45
pred_scores_shape=(30,)
frame=8/41 receiver_sample=8/20 scenario=2026_07_29_02_32_08 timestamp=000074 cavs=[8, 2, 11, 12]
sgcp_constrained receiver=8 policy=all-cavs sources=[8, 2, 11, 12] clusters=20 ra=selective_edgecooper_global_pmax comm_bytes=80144 selected_grids={2: 11, 11: 11, 12: 11}
fusion_method=early pred_boxes=31 gt_boxes=48
pred_scores_shape=(31,)
frame=8/41 receiver_sample=9/20 scenario=2026_07_29_02_32_08 timestamp=000074 cavs=[9, 11, 13]
sgcp_constrained receiver=9 policy=all-cavs sources=[9, 11, 13] clusters=20 ra=selective_edgecooper_global_pmax comm_bytes=48032 selected_grids={11: 11, 13: 10}
fusion_method=early pred_boxes=27 gt_boxes=45
pred_scores_shape=(27,)
frame=8/41 receiver_sample=10/20 scenario=2026_07_29_02_32_08 timestamp=000074 cavs=[10, 8, 16, 19]
sgcp_constrained receiver=10 policy=all-cavs sources=[10, 8, 16, 19] clusters=20 ra=selective_edgecooper_global_pmax comm_bytes=63568 selected_grids={8: 11, 16: 10, 19: 11}
fusion_method=early pred_boxes=29 gt_boxes=55
pred_scores_shape=(29,)
frame=8/41 receiver_sample=11/20 scenario=2026_07_29_02_32_08 timestamp=000074 cavs=[11, 1, 8, 9]
sgcp_constrained receiver=11 policy=all-cavs sources=[11, 1, 8, 9] clusters=20 ra=selective_edgecooper_global_pmax comm_bytes=55264 selected_grids={1: 10, 8: 11, 9: 11}
fusion_method=early pred_boxes=31 gt_boxes=56
pred_scores_shape=(31,)
frame=8/41 receiver_sample=12/20 scenario=2026_07_29_02_32_08 timestamp=000074 cavs=[12, 4, 7]
sgcp_constrained receiver=12 policy=all-cavs sources=[12, 4, 7] clusters=20 ra=selective_edgecooper_global_pmax comm_bytes=42352 selected_grids={4: 11, 7: 11}
fusion_method=early pred_boxes=23 gt_boxes=47
pred_scores_shape=(23,)
frame=8/41 receiver_sample=13/20 scenario=2026_07_29_02_32_08 timestamp=000074 cavs=[13, 5, 10, 19]
sgcp_constrained receiver=13 policy=all-cavs sources=[13, 5, 10, 19] clusters=20 ra=selective_edgecooper_global_pmax comm_bytes=51808 selected_grids={5: 11, 10: 11, 19: 10}
fusion_method=early pred_boxes=21 gt_boxes=43
pred_scores_shape=(21,)
frame=8/41 receiver_sample=14/20 scenario=2026_07_29_02_32_08 timestamp=000074 cavs=[14]
sgcp_constrained receiver=14 policy=all-cavs sources=[14] clusters=20 ra=selective_edgecooper_global_pmax comm_bytes=0 selected_grids={}
fusion_method=early pred_boxes=3 gt_boxes=7
pred_scores_shape=(3,)
frame=8/41 receiver_sample=15/20 scenario=2026_07_29_02_32_08 timestamp=000074 cavs=[15, 6]
sgcp_constrained receiver=15 policy=all-cavs sources=[15, 6] clusters=20 ra=selective_edgecooper_global_pmax comm_bytes=29024 selected_grids={6: 11}
fusion_method=early pred_boxes=16 gt_boxes=21
pred_scores_shape=(16,)
frame=8/41 receiver_sample=16/20 scenario=2026_07_29_02_32_08 timestamp=000074 cavs=[16, 3, 10, 20]
sgcp_constrained receiver=16 policy=all-cavs sources=[16, 3, 10, 20] clusters=20 ra=selective_edgecooper_global_pmax comm_bytes=68288 selected_grids={3: 11, 10: 11, 20: 11}
fusion_method=early pred_boxes=31 gt_boxes=57
pred_scores_shape=(31,)
frame=8/41 receiver_sample=17/20 scenario=2026_07_29_02_32_08 timestamp=000074 cavs=[17, 3, 16, 18]
sgcp_constrained receiver=17 policy=all-cavs sources=[17, 3, 16, 18] clusters=20 ra=selective_edgecooper_global_pmax comm_bytes=70592 selected_grids={3: 11, 16: 11, 18: 11}
fusion_method=early pred_boxes=25 gt_boxes=45
pred_scores_shape=(25,)
frame=8/41 receiver_sample=18/20 scenario=2026_07_29_02_32_08 timestamp=000074 cavs=[18, 3, 17]
sgcp_constrained receiver=18 policy=all-cavs sources=[18, 3, 17] clusters=20 ra=selective_edgecooper_global_pmax comm_bytes=56128 selected_grids={3: 11, 17: 11}
fusion_method=early pred_boxes=16 gt_boxes=30
pred_scores_shape=(16,)
frame=8/41 receiver_sample=19/20 scenario=2026_07_29_02_32_08 timestamp=000074 cavs=[19, 9, 13, 20]
sgcp_constrained receiver=19 policy=all-cavs sources=[19, 9, 13, 20] clusters=20 ra=selective_edgecooper_global_pmax comm_bytes=60912 selected_grids={9: 11, 13: 11, 20: 11}
fusion_method=early pred_boxes=21 gt_boxes=43
pred_scores_shape=(21,)
frame=8/41 receiver_sample=20/20 scenario=2026_07_29_02_32_08 timestamp=000074 cavs=[20, 5, 7, 9]
sgcp_constrained receiver=20 policy=all-cavs sources=[20, 5, 7, 9] clusters=20 ra=selective_edgecooper_global_pmax comm_bytes=57376 selected_grids={5: 10, 7: 10, 9: 11}
fusion_method=early pred_boxes=29 gt_boxes=47
pred_scores_shape=(29,)
frame=9/41 receiver_sample=1/20 scenario=2026_07_29_02_32_08 timestamp=000076 cavs=[1, 2, 4, 8]
sgcp_constrained receiver=1 policy=all-cavs sources=[1, 2, 4, 8] clusters=20 ra=selective_edgecooper_global_pmax comm_bytes=64800 selected_grids={2: 11, 4: 11, 8: 8}
fusion_method=early pred_boxes=34 gt_boxes=54
pred_scores_shape=(34,)
frame=9/41 receiver_sample=2/20 scenario=2026_07_29_02_32_08 timestamp=000076 cavs=[2, 1, 10, 11]
sgcp_constrained receiver=2 policy=all-cavs sources=[2, 1, 10, 11] clusters=20 ra=selective_edgecooper_global_pmax comm_bytes=48512 selected_grids={1: 10, 10: 11, 11: 8}
fusion_method=early pred_boxes=28 gt_boxes=58
pred_scores_shape=(28,)
frame=9/41 receiver_sample=3/20 scenario=2026_07_29_02_32_08 timestamp=000076 cavs=[3, 16, 17, 18]
sgcp_constrained receiver=3 policy=all-cavs sources=[3, 16, 17, 18] clusters=20 ra=selective_edgecooper_global_pmax comm_bytes=65168 selected_grids={16: 10, 17: 11, 18: 11}
fusion_method=early pred_boxes=25 gt_boxes=44
pred_scores_shape=(25,)
frame=9/41 receiver_sample=4/20 scenario=2026_07_29_02_32_08 timestamp=000076 cavs=[4, 1, 7, 12]
sgcp_constrained receiver=4 policy=all-cavs sources=[4, 1, 7, 12] clusters=20 ra=selective_edgecooper_global_pmax comm_bytes=72368 selected_grids={1: 11, 7: 11, 12: 10}
fusion_method=early pred_boxes=34 gt_boxes=57
pred_scores_shape=(34,)
frame=9/41 receiver_sample=5/20 scenario=2026_07_29_02_32_08 timestamp=000076 cavs=[5, 13, 19, 20]
sgcp_constrained receiver=5 policy=all-cavs sources=[5, 13, 19, 20] clusters=20 ra=selective_edgecooper_global_pmax comm_bytes=62240 selected_grids={13: 11, 19: 10, 20: 10}
fusion_method=early pred_boxes=26 gt_boxes=41
pred_scores_shape=(26,)
frame=9/41 receiver_sample=6/20 scenario=2026_07_29_02_32_08 timestamp=000076 cavs=[6, 15]
sgcp_constrained receiver=6 policy=all-cavs sources=[6, 15] clusters=20 ra=selective_edgecooper_global_pmax comm_bytes=17872 selected_grids={15: 11}
fusion_method=early pred_boxes=15 gt_boxes=22
pred_scores_shape=(15,)
frame=9/41 receiver_sample=7/20 scenario=2026_07_29_02_32_08 timestamp=000076 cavs=[7, 4, 5, 12]
sgcp_constrained receiver=7 policy=all-cavs sources=[7, 4, 5, 12] clusters=20 ra=selective_edgecooper_global_pmax comm_bytes=57856 selected_grids={4: 10, 5: 11, 12: 11}
fusion_method=early pred_boxes=30 gt_boxes=45
pred_scores_shape=(30,)
frame=9/41 receiver_sample=8/20 scenario=2026_07_29_02_32_08 timestamp=000076 cavs=[8, 2, 11, 12]
sgcp_constrained receiver=8 policy=all-cavs sources=[8, 2, 11, 12] clusters=20 ra=selective_edgecooper_global_pmax comm_bytes=80112 selected_grids={2: 11, 11: 11, 12: 11}
fusion_method=early pred_boxes=32 gt_boxes=47
pred_scores_shape=(32,)
frame=9/41 receiver_sample=9/20 scenario=2026_07_29_02_32_08 timestamp=000076 cavs=[9, 11, 13]
sgcp_constrained receiver=9 policy=all-cavs sources=[9, 11, 13] clusters=20 ra=selective_edgecooper_global_pmax comm_bytes=48192 selected_grids={11: 11, 13: 10}
fusion_method=early pred_boxes=27 gt_boxes=46
pred_scores_shape=(27,)
frame=9/41 receiver_sample=10/20 scenario=2026_07_29_02_32_08 timestamp=000076 cavs=[10, 8, 16, 19]
sgcp_constrained receiver=10 policy=all-cavs sources=[10, 8, 16, 19] clusters=20 ra=selective_edgecooper_global_pmax comm_bytes=66848 selected_grids={8: 11, 16: 11, 19: 11}
fusion_method=early pred_boxes=28 gt_boxes=55
pred_scores_shape=(28,)
frame=9/41 receiver_sample=11/20 scenario=2026_07_29_02_32_08 timestamp=000076 cavs=[11, 1, 2, 10]
sgcp_constrained receiver=11 policy=all-cavs sources=[11, 1, 2, 10] clusters=20 ra=selective_edgecooper_global_pmax comm_bytes=50048 selected_grids={1: 10, 2: 10, 10: 10}
fusion_method=early pred_boxes=30 gt_boxes=56
pred_scores_shape=(30,)
frame=9/41 receiver_sample=12/20 scenario=2026_07_29_02_32_08 timestamp=000076 cavs=[12, 4, 7, 8]Format = auto
Extension = pcd
Format = auto
Extension = pcd
Format = auto
Extension = pcd
Format = auto
Extension = pcd
Format = auto
Extension = pcd
Format = auto
Extension = pcd
Format = auto
Extension = pcd
Format = auto
Extension = pcd
Format = auto
Extension = pcd
Format = auto
Extension = pcd
Format = auto
Extension = pcd
Format = auto
Extension = pcd
Format = auto
Extension = pcd
Format = auto
Extension = pcd
Format = auto
Extension = pcd
Format = auto
Extension = pcd
Format = auto
Extension = pcd
Format = auto
Extension = pcd
Format = auto
Extension = pcd
Format = auto
Extension = pcd

sgcp_constrained receiver=12 policy=all-cavs sources=[12, 4, 7, 8] clusters=20 ra=selective_edgecooper_global_pmax comm_bytes=62512 selected_grids={4: 10, 7: 11, 8: 11}
fusion_method=early pred_boxes=28 gt_boxes=49
pred_scores_shape=(28,)
frame=9/41 receiver_sample=13/20 scenario=2026_07_29_02_32_08 timestamp=000076 cavs=[13, 5, 9, 19]
sgcp_constrained receiver=13 policy=all-cavs sources=[13, 5, 9, 19] clusters=20 ra=selective_edgecooper_global_pmax comm_bytes=46224 selected_grids={5: 11, 9: 11, 19: 10}
fusion_method=early pred_boxes=18 gt_boxes=44
pred_scores_shape=(18,)
frame=9/41 receiver_sample=14/20 scenario=2026_07_29_02_32_08 timestamp=000076 cavs=[14]
sgcp_constrained receiver=14 policy=all-cavs sources=[14] clusters=20 ra=selective_edgecooper_global_pmax comm_bytes=0 selected_grids={}
fusion_method=early pred_boxes=3 gt_boxes=7
pred_scores_shape=(3,)
frame=9/41 receiver_sample=15/20 scenario=2026_07_29_02_32_08 timestamp=000076 cavs=[15, 6]
sgcp_constrained receiver=15 policy=all-cavs sources=[15, 6] clusters=20 ra=selective_edgecooper_global_pmax comm_bytes=28928 selected_grids={6: 11}
fusion_method=early pred_boxes=17 gt_boxes=22
pred_scores_shape=(17,)
frame=9/41 receiver_sample=16/20 scenario=2026_07_29_02_32_08 timestamp=000076 cavs=[16, 10, 17, 20]
sgcp_constrained receiver=16 policy=all-cavs sources=[16, 10, 17, 20] clusters=20 ra=selective_edgecooper_global_pmax comm_bytes=65232 selected_grids={10: 11, 17: 11, 20: 9}
fusion_method=early pred_boxes=32 gt_boxes=58
pred_scores_shape=(32,)
frame=9/41 receiver_sample=17/20 scenario=2026_07_29_02_32_08 timestamp=000076 cavs=[17, 3, 16, 18]
sgcp_constrained receiver=17 policy=all-cavs sources=[17, 3, 16, 18] clusters=20 ra=selective_edgecooper_global_pmax comm_bytes=67968 selected_grids={3: 11, 16: 10, 18: 11}
fusion_method=early pred_boxes=24 gt_boxes=44
pred_scores_shape=(24,)
frame=9/41 receiver_sample=18/20 scenario=2026_07_29_02_32_08 timestamp=000076 cavs=[18, 3, 17]
sgcp_constrained receiver=18 policy=all-cavs sources=[18, 3, 17] clusters=20 ra=selective_edgecooper_global_pmax comm_bytes=56480 selected_grids={3: 11, 17: 11}
fusion_method=early pred_boxes=17 gt_boxes=30
pred_scores_shape=(17,)
frame=9/41 receiver_sample=19/20 scenario=2026_07_29_02_32_08 timestamp=000076 cavs=[19, 9, 13, 20]
sgcp_constrained receiver=19 policy=all-cavs sources=[19, 9, 13, 20] clusters=20 ra=selective_edgecooper_global_pmax comm_bytes=60400 selected_grids={9: 11, 13: 10, 20: 11}
fusion_method=early pred_boxes=21 gt_boxes=43
pred_scores_shape=(21,)
frame=9/41 receiver_sample=20/20 scenario=2026_07_29_02_32_08 timestamp=000076 cavs=[20, 5, 7, 9]
sgcp_constrained receiver=20 policy=all-cavs sources=[20, 5, 7, 9] clusters=20 ra=selective_edgecooper_global_pmax comm_bytes=57040 selected_grids={5: 10, 7: 10, 9: 11}
fusion_method=early pred_boxes=31 gt_boxes=49
pred_scores_shape=(31,)
frame=10/41 receiver_sample=1/20 scenario=2026_07_29_02_32_08 timestamp=000078 cavs=[1, 2, 4, 8]
sgcp_constrained receiver=1 policy=all-cavs sources=[1, 2, 4, 8] clusters=20 ra=selective_edgecooper_global_pmax comm_bytes=62656 selected_grids={2: 10, 4: 10, 8: 9}
fusion_method=early pred_boxes=33 gt_boxes=55
pred_scores_shape=(33,)
frame=10/41 receiver_sample=2/20 scenario=2026_07_29_02_32_08 timestamp=000078 cavs=[2, 1, 10, 11]
sgcp_constrained receiver=2 policy=all-cavs sources=[2, 1, 10, 11] clusters=20 ra=selective_edgecooper_global_pmax comm_bytes=49504 selected_grids={1: 10, 10: 11, 11: 8}
fusion_method=early pred_boxes=29 gt_boxes=58
pred_scores_shape=(29,)
frame=10/41 receiver_sample=3/20 scenario=2026_07_29_02_32_08 timestamp=000078 cavs=[3, 16, 17, 18]
sgcp_constrained receiver=3 policy=all-cavs sources=[3, 16, 17, 18] clusters=20 ra=selective_edgecooper_global_pmax comm_bytes=64960 selected_grids={16: 10, 17: 11, 18: 11}
fusion_method=early pred_boxes=22 gt_boxes=42
pred_scores_shape=(22,)
frame=10/41 receiver_sample=4/20 scenario=2026_07_29_02_32_08 timestamp=000078 cavs=[4, 1, 7, 12]
sgcp_constrained receiver=4 policy=all-cavs sources=[4, 1, 7, 12] clusters=20 ra=selective_edgecooper_global_pmax comm_bytes=72816 selected_grids={1: 11, 7: 11, 12: 10}
fusion_method=early pred_boxes=33 gt_boxes=58
pred_scores_shape=(33,)
frame=10/41 receiver_sample=5/20 scenario=2026_07_29_02_32_08 timestamp=000078 cavs=[5, 13, 19, 20]
sgcp_constrained receiver=5 policy=all-cavs sources=[5, 13, 19, 20] clusters=20 ra=selective_edgecooper_global_pmax comm_bytes=63152 selected_grids={13: 11, 19: 11, 20: 10}
fusion_method=early pred_boxes=26 gt_boxes=41
pred_scores_shape=(26,)
frame=10/41 receiver_sample=6/20 scenario=2026_07_29_02_32_08 timestamp=000078 cavs=[6, 15]
sgcp_constrained receiver=6 policy=all-cavs sources=[6, 15] clusters=20 ra=selective_edgecooper_global_pmax comm_bytes=18160 selected_grids={15: 11}
fusion_method=early pred_boxes=15 gt_boxes=22
pred_scores_shape=(15,)
frame=10/41 receiver_sample=7/20 scenario=2026_07_29_02_32_08 timestamp=000078 cavs=[7, 4, 5, 12]
sgcp_constrained receiver=7 policy=all-cavs sources=[7, 4, 5, 12] clusters=20 ra=selective_edgecooper_global_pmax comm_bytes=60480 selected_grids={4: 11, 5: 11, 12: 11}
fusion_method=early pred_boxes=31 gt_boxes=45
pred_scores_shape=(31,)
frame=10/41 receiver_sample=8/20 scenario=2026_07_29_02_32_08 timestamp=000078 cavs=[8, 2, 11, 12]
sgcp_constrained receiver=8 policy=all-cavs sources=[8, 2, 11, 12] clusters=20 ra=selective_edgecooper_global_pmax comm_bytes=79952 selected_grids={2: 11, 11: 11, 12: 11}
fusion_method=early pred_boxes=30 gt_boxes=47
pred_scores_shape=(30,)
frame=10/41 receiver_sample=9/20 scenario=2026_07_29_02_32_08 timestamp=000078 cavs=[9, 11, 13]
sgcp_constrained receiver=9 policy=all-cavs sources=[9, 11, 13] clusters=20 ra=selective_edgecooper_global_pmax comm_bytes=46928 selected_grids={11: 11, 13: 10}
fusion_method=early pred_boxes=28 gt_boxes=46
pred_scores_shape=(28,)
frame=10/41 receiver_sample=10/20 scenario=2026_07_29_02_32_08 timestamp=000078 cavs=[10, 8, 16, 19]
sgcp_constrained receiver=10 policy=all-cavs sources=[10, 8, 16, 19] clusters=20 ra=selective_edgecooper_global_pmax comm_bytes=66832 selected_grids={8: 11, 16: 11, 19: 11}
fusion_method=early pred_boxes=30 gt_boxes=55
pred_scores_shape=(30,)
frame=10/41 receiver_sample=11/20 scenario=2026_07_29_02_32_08 timestamp=000078 cavs=[11, 1, 2, 10]
sgcp_constrained receiver=11 policy=all-cavs sources=[11, 1, 2, 10] clusters=20 ra=selective_edgecooper_global_pmax comm_bytes=51488 selected_grids={1: 11, 2: 11, 10: 10}
fusion_method=early pred_boxes=31 gt_boxes=57
pred_scores_shape=(31,)
frame=10/41 receiver_sample=12/20 scenario=2026_07_29_02_32_08 timestamp=000078 cavs=[12, 4, 7, 8]
sgcp_constrained receiver=12 policy=all-cavs sources=[12, 4, 7, 8] clusters=20 ra=selective_edgecooper_global_pmax comm_bytes=63152 selected_grids={4: 10, 7: 11, 8: 11}
fusion_method=early pred_boxes=29 gt_boxes=49
pred_scores_shape=(29,)
frame=10/41 receiver_sample=13/20 scenario=2026_07_29_02_32_08 timestamp=000078 cavs=[13, 5, 9, 19]
sgcp_constrained receiver=13 policy=all-cavs sources=[13, 5, 9, 19] clusters=20 ra=selective_edgecooper_global_pmax comm_bytes=47168 selected_grids={5: 11, 9: 11, 19: 10}
fusion_method=early pred_boxes=18 gt_boxes=44
pred_scores_shape=(18,)
frame=10/41 receiver_sample=14/20 scenario=2026_07_29_02_32_08 timestamp=000078 cavs=[14]
sgcp_constrained receiver=14 policy=all-cavs sources=[14] clusters=20 ra=selective_edgecooper_global_pmax comm_bytes=0 selected_grids={}
fusion_method=early pred_boxes=5 gt_boxes=7
pred_scores_shape=(5,)
frame=10/41 receiver_sample=15/20 scenario=2026_07_29_02_32_08 timestamp=000078 cavs=[15, 6]
sgcp_constrained receiver=15 policy=all-cavs sources=[15, 6] clusters=20 ra=selective_edgecooper_global_pmax comm_bytes=26112 selected_grids={6: 11}
fusion_method=early pred_boxes=18 gt_boxes=22
pred_scores_shape=(18,)
frame=10/41 receiver_sample=16/20 scenario=2026_07_29_02_32_08 timestamp=000078 cavs=[16, 10, 17, 20]
sgcp_constrained receiver=16 policy=all-cavs sources=[16, 10, 17, 20] clusters=20 ra=selective_edgecooper_global_pmax comm_bytes=67952 selected_grids={10: 11, 17: 11, 20: 9}Format = auto
Extension = pcd
Format = auto
Extension = pcd
Format = auto
Extension = pcd
Format = auto
Extension = pcd
Format = auto
Extension = pcd
Format = auto
Extension = pcd
Format = auto
Extension = pcd
Format = auto
Extension = pcd
Format = auto
Extension = pcd
Format = auto
Extension = pcd
Format = auto
Extension = pcd
Format = auto
Extension = pcd
Format = auto
Extension = pcd
Format = auto
Extension = pcd
Format = auto
Extension = pcd
Format = auto
Extension = pcd
Format = auto
Extension = pcd
Format = auto
Extension = pcd
Format = auto
Extension = pcd
Format = auto
Extension = pcd
Format = auto
Extension = pcd
Format = auto
Extension = pcd
Format = auto
Extension = pcd
Format = auto
Extension = pcd
Format = auto
Extension = pcd
Format = auto
Extension = pcd
Format = auto
Extension = pcd
Format = auto
Extension = pcd
Format = auto
Extension = pcd
Format = auto
Extension = pcd
Format = auto
Extension = pcd
Format = auto
Extension = pcd
Format = auto
Extension = pcd
Format = auto
Extension = pcd
Format = auto
Extension = pcd
Format = auto
Extension = pcd
Format = auto
Extension = pcd
Format = auto
Extension = pcd
Format = auto
Extension = pcd
Format = auto
Extension = pcd

fusion_method=early pred_boxes=33 gt_boxes=58
pred_scores_shape=(33,)
frame=10/41 receiver_sample=17/20 scenario=2026_07_29_02_32_08 timestamp=000078 cavs=[17, 3, 16, 18]
sgcp_constrained receiver=17 policy=all-cavs sources=[17, 3, 16, 18] clusters=20 ra=selective_edgecooper_global_pmax comm_bytes=68704 selected_grids={3: 11, 16: 10, 18: 11}
fusion_method=early pred_boxes=25 gt_boxes=42
pred_scores_shape=(25,)
frame=10/41 receiver_sample=18/20 scenario=2026_07_29_02_32_08 timestamp=000078 cavs=[18, 3, 17]
sgcp_constrained receiver=18 policy=all-cavs sources=[18, 3, 17] clusters=20 ra=selective_edgecooper_global_pmax comm_bytes=53232 selected_grids={3: 11, 17: 11}
fusion_method=early pred_boxes=16 gt_boxes=30
pred_scores_shape=(16,)
frame=10/41 receiver_sample=19/20 scenario=2026_07_29_02_32_08 timestamp=000078 cavs=[19, 9, 13, 20]
sgcp_constrained receiver=19 policy=all-cavs sources=[19, 9, 13, 20] clusters=20 ra=selective_edgecooper_global_pmax comm_bytes=60416 selected_grids={9: 10, 13: 11, 20: 11}
fusion_method=early pred_boxes=21 gt_boxes=43
pred_scores_shape=(21,)
frame=10/41 receiver_sample=20/20 scenario=2026_07_29_02_32_08 timestamp=000078 cavs=[20, 5, 7, 9]
sgcp_constrained receiver=20 policy=all-cavs sources=[20, 5, 7, 9] clusters=20 ra=selective_edgecooper_global_pmax comm_bytes=55136 selected_grids={5: 10, 7: 10, 9: 11}
fusion_method=early pred_boxes=29 gt_boxes=48
pred_scores_shape=(29,)
frame=11/41 receiver_sample=1/20 scenario=2026_07_29_02_32_08 timestamp=000080 cavs=[1, 2, 4, 8]
sgcp_constrained receiver=1 policy=all-cavs sources=[1, 2, 4, 8] clusters=20 ra=selective_edgecooper_global_pmax comm_bytes=69360 selected_grids={2: 12, 4: 12, 8: 10}
fusion_method=early pred_boxes=35 gt_boxes=55
pred_scores_shape=(35,)
frame=11/41 receiver_sample=2/20 scenario=2026_07_29_02_32_08 timestamp=000080 cavs=[2, 1, 11]
sgcp_constrained receiver=2 policy=all-cavs sources=[2, 1, 11] clusters=20 ra=selective_edgecooper_global_pmax comm_bytes=26768 selected_grids={1: 11, 11: 12}
fusion_method=early pred_boxes=24 gt_boxes=50
pred_scores_shape=(24,)
frame=11/41 receiver_sample=3/20 scenario=2026_07_29_02_32_08 timestamp=000080 cavs=[3, 16, 17, 18]
sgcp_constrained receiver=3 policy=all-cavs sources=[3, 16, 17, 18] clusters=20 ra=selective_edgecooper_global_pmax comm_bytes=72576 selected_grids={16: 11, 17: 12, 18: 12}
fusion_method=early pred_boxes=24 gt_boxes=42
pred_scores_shape=(24,)
frame=11/41 receiver_sample=4/20 scenario=2026_07_29_02_32_08 timestamp=000080 cavs=[4, 1, 7, 12]
sgcp_constrained receiver=4 policy=all-cavs sources=[4, 1, 7, 12] clusters=20 ra=selective_edgecooper_global_pmax comm_bytes=77936 selected_grids={1: 12, 7: 12, 12: 12}
fusion_method=early pred_boxes=31 gt_boxes=57
pred_scores_shape=(31,)
frame=11/41 receiver_sample=5/20 scenario=2026_07_29_02_32_08 timestamp=000080 cavs=[5, 13, 19, 20]
sgcp_constrained receiver=5 policy=all-cavs sources=[5, 13, 19, 20] clusters=20 ra=selective_edgecooper_global_pmax comm_bytes=66864 selected_grids={13: 12, 19: 11, 20: 12}
fusion_method=early pred_boxes=24 gt_boxes=41
pred_scores_shape=(24,)
frame=11/41 receiver_sample=6/20 scenario=2026_07_29_02_32_08 timestamp=000080 cavs=[6, 15]
sgcp_constrained receiver=6 policy=all-cavs sources=[6, 15] clusters=20 ra=selective_edgecooper_global_pmax comm_bytes=21056 selected_grids={15: 12}
fusion_method=early pred_boxes=15 gt_boxes=22
pred_scores_shape=(15,)
frame=11/41 receiver_sample=7/20 scenario=2026_07_29_02_32_08 timestamp=000080 cavs=[7, 4, 12, 20]
sgcp_constrained receiver=7 policy=all-cavs sources=[7, 4, 12, 20] clusters=20 ra=selective_edgecooper_global_pmax comm_bytes=63568 selected_grids={4: 12, 12: 12, 20: 12}
fusion_method=early pred_boxes=30 gt_boxes=44
pred_scores_shape=(30,)
frame=11/41 receiver_sample=8/20 scenario=2026_07_29_02_32_08 timestamp=000080 cavs=[8, 2, 11, 12]
sgcp_constrained receiver=8 policy=all-cavs sources=[8, 2, 11, 12] clusters=20 ra=selective_edgecooper_global_pmax comm_bytes=84816 selected_grids={2: 12, 11: 11, 12: 12}
fusion_method=early pred_boxes=28 gt_boxes=47
pred_scores_shape=(28,)
frame=11/41 receiver_sample=9/20 scenario=2026_07_29_02_32_08 timestamp=000080 cavs=[9, 5, 11, 13]
sgcp_constrained receiver=9 policy=all-cavs sources=[9, 5, 11, 13] clusters=20 ra=selective_edgecooper_global_pmax comm_bytes=74304 selected_grids={5: 12, 11: 12, 13: 10}
fusion_method=early pred_boxes=30 gt_boxes=49
pred_scores_shape=(30,)
frame=11/41 receiver_sample=10/20 scenario=2026_07_29_02_32_08 timestamp=000080 cavs=[10, 8, 16, 19]
sgcp_constrained receiver=10 policy=all-cavs sources=[10, 8, 16, 19] clusters=20 ra=selective_edgecooper_global_pmax comm_bytes=71872 selected_grids={8: 12, 16: 12, 19: 12}
fusion_method=early pred_boxes=35 gt_boxes=55
pred_scores_shape=(35,)
frame=11/41 receiver_sample=11/20 scenario=2026_07_29_02_32_08 timestamp=000080 cavs=[11, 1, 2, 10]
sgcp_constrained receiver=11 policy=all-cavs sources=[11, 1, 2, 10] clusters=20 ra=selective_edgecooper_global_pmax comm_bytes=56336 selected_grids={1: 12, 2: 11, 10: 12}
fusion_method=early pred_boxes=30 gt_boxes=57
pred_scores_shape=(30,)
frame=11/41 receiver_sample=12/20 scenario=2026_07_29_02_32_08 timestamp=000080 cavs=[12, 4, 7, 8]
sgcp_constrained receiver=12 policy=all-cavs sources=[12, 4, 7, 8] clusters=20 ra=selective_edgecooper_global_pmax comm_bytes=66816 selected_grids={4: 11, 7: 12, 8: 12}
fusion_method=early pred_boxes=29 gt_boxes=50
pred_scores_shape=(29,)
frame=11/41 receiver_sample=13/20 scenario=2026_07_29_02_32_08 timestamp=000080 cavs=[13, 5, 9, 19]
sgcp_constrained receiver=13 policy=all-cavs sources=[13, 5, 9, 19] clusters=20 ra=selective_edgecooper_global_pmax comm_bytes=49168 selected_grids={5: 12, 9: 12, 19: 11}
fusion_method=early pred_boxes=18 gt_boxes=44
pred_scores_shape=(18,)
frame=11/41 receiver_sample=14/20 scenario=2026_07_29_02_32_08 timestamp=000080 cavs=[14]
sgcp_constrained receiver=14 policy=all-cavs sources=[14] clusters=20 ra=selective_edgecooper_global_pmax comm_bytes=0 selected_grids={}
fusion_method=early pred_boxes=3 gt_boxes=7
pred_scores_shape=(3,)
frame=11/41 receiver_sample=15/20 scenario=2026_07_29_02_32_08 timestamp=000080 cavs=[15, 6]
sgcp_constrained receiver=15 policy=all-cavs sources=[15, 6] clusters=20 ra=selective_edgecooper_global_pmax comm_bytes=28080 selected_grids={6: 12}
fusion_method=early pred_boxes=17 gt_boxes=22
pred_scores_shape=(17,)
frame=11/41 receiver_sample=16/20 scenario=2026_07_29_02_32_08 timestamp=000080 cavs=[16, 10, 17, 20]
sgcp_constrained receiver=16 policy=all-cavs sources=[16, 10, 17, 20] clusters=20 ra=selective_edgecooper_global_pmax comm_bytes=73104 selected_grids={10: 12, 17: 12, 20: 11}
fusion_method=early pred_boxes=32 gt_boxes=57
pred_scores_shape=(32,)
frame=11/41 receiver_sample=17/20 scenario=2026_07_29_02_32_08 timestamp=000080 cavs=[17, 3, 16]
sgcp_constrained receiver=17 policy=all-cavs sources=[17, 3, 16] clusters=20 ra=selective_edgecooper_global_pmax comm_bytes=44160 selected_grids={3: 12, 16: 12}
fusion_method=early pred_boxes=23 gt_boxes=41
pred_scores_shape=(23,)
frame=11/41 receiver_sample=18/20 scenario=2026_07_29_02_32_08 timestamp=000080 cavs=[18, 3]
sgcp_constrained receiver=18 policy=all-cavs sources=[18, 3] clusters=20 ra=selective_edgecooper_global_pmax comm_bytes=28640 selected_grids={3: 12}
fusion_method=early pred_boxes=16 gt_boxes=27
pred_scores_shape=(16,)
frame=11/41 receiver_sample=19/20 scenario=2026_07_29_02_32_08 timestamp=000080 cavs=[19, 9, 10, 13]
sgcp_constrained receiver=19 policy=all-cavs sources=[19, 9, 10, 13] clusters=20 ra=selective_edgecooper_global_pmax comm_bytes=45232 selected_grids={9: 11, 10: 11, 13: 12}
fusion_method=early pred_boxes=20 gt_boxes=42
pred_scores_shape=(20,)
frame=11/41 receiver_sample=20/20 scenario=2026_07_29_02_32_08 timestamp=000080 cavs=[20, 5, 7, 9]
sgcp_constrained receiver=20 policy=all-cavs sources=[20, 5, 7, 9] clusters=20 ra=selective_edgecooper_global_pmax comm_bytes=58144 selected_grids={5: 11, 7: 11, 9: 12}
fusion_method=early pred_boxes=30 gt_boxes=47
pred_scores_shape=(30,)
frame=12/41 receiver_sample=1/20 scenario=2026_07_29_02_32_08 timestamp=000082 cavs=[1, 2, 4, 8]Format = auto
Extension = pcd
Format = auto
Extension = pcd
Format = auto
Extension = pcd
Format = auto
Extension = pcd
Format = auto
Extension = pcd
Format = auto
Extension = pcd
Format = auto
Extension = pcd
Format = auto
Extension = pcd
Format = auto
Extension = pcd
Format = auto
Extension = pcd
Format = auto
Extension = pcd
Format = auto
Extension = pcd
Format = auto
Extension = pcd
Format = auto
Extension = pcd
Format = auto
Extension = pcd
Format = auto
Extension = pcd
Format = auto
Extension = pcd
Format = auto
Extension = pcd
Format = auto
Extension = pcd
Format = auto
Extension = pcd

sgcp_constrained receiver=1 policy=all-cavs sources=[1, 2, 4, 8] clusters=20 ra=selective_edgecooper_global_pmax comm_bytes=66128 selected_grids={2: 11, 4: 12, 8: 10}
fusion_method=early pred_boxes=36 gt_boxes=55
pred_scores_shape=(36,)
frame=12/41 receiver_sample=2/20 scenario=2026_07_29_02_32_08 timestamp=000082 cavs=[2, 1, 10, 11]
sgcp_constrained receiver=2 policy=all-cavs sources=[2, 1, 10, 11] clusters=20 ra=selective_edgecooper_global_pmax comm_bytes=52800 selected_grids={1: 12, 10: 12, 11: 9}
fusion_method=early pred_boxes=28 gt_boxes=59
pred_scores_shape=(28,)
frame=12/41 receiver_sample=3/20 scenario=2026_07_29_02_32_08 timestamp=000082 cavs=[3, 16, 17, 18]
sgcp_constrained receiver=3 policy=all-cavs sources=[3, 16, 17, 18] clusters=20 ra=selective_edgecooper_global_pmax comm_bytes=74288 selected_grids={16: 12, 17: 12, 18: 12}
fusion_method=early pred_boxes=23 gt_boxes=44
pred_scores_shape=(23,)
frame=12/41 receiver_sample=4/20 scenario=2026_07_29_02_32_08 timestamp=000082 cavs=[4, 1, 7, 12]
sgcp_constrained receiver=4 policy=all-cavs sources=[4, 1, 7, 12] clusters=20 ra=selective_edgecooper_global_pmax comm_bytes=77600 selected_grids={1: 12, 7: 12, 12: 12}
fusion_method=early pred_boxes=33 gt_boxes=56
pred_scores_shape=(33,)
frame=12/41 receiver_sample=5/20 scenario=2026_07_29_02_32_08 timestamp=000082 cavs=[5, 13, 19, 20]
sgcp_constrained receiver=5 policy=all-cavs sources=[5, 13, 19, 20] clusters=20 ra=selective_edgecooper_global_pmax comm_bytes=66720 selected_grids={13: 12, 19: 11, 20: 12}
fusion_method=early pred_boxes=27 gt_boxes=42
pred_scores_shape=(27,)
frame=12/41 receiver_sample=6/20 scenario=2026_07_29_02_32_08 timestamp=000082 cavs=[6, 15]
sgcp_constrained receiver=6 policy=all-cavs sources=[6, 15] clusters=20 ra=selective_edgecooper_global_pmax comm_bytes=21568 selected_grids={15: 12}
fusion_method=early pred_boxes=15 gt_boxes=22
pred_scores_shape=(15,)
frame=12/41 receiver_sample=7/20 scenario=2026_07_29_02_32_08 timestamp=000082 cavs=[7, 4, 5, 12]
sgcp_constrained receiver=7 policy=all-cavs sources=[7, 4, 5, 12] clusters=20 ra=selective_edgecooper_global_pmax comm_bytes=63312 selected_grids={4: 11, 5: 12, 12: 12}
fusion_method=early pred_boxes=33 gt_boxes=45
pred_scores_shape=(33,)
frame=12/41 receiver_sample=8/20 scenario=2026_07_29_02_32_08 timestamp=000082 cavs=[8, 2, 11, 12]
sgcp_constrained receiver=8 policy=all-cavs sources=[8, 2, 11, 12] clusters=20 ra=selective_edgecooper_global_pmax comm_bytes=84736 selected_grids={2: 12, 11: 11, 12: 12}
fusion_method=early pred_boxes=29 gt_boxes=47
pred_scores_shape=(29,)
frame=12/41 receiver_sample=9/20 scenario=2026_07_29_02_32_08 timestamp=000082 cavs=[9, 11, 13]
sgcp_constrained receiver=9 policy=all-cavs sources=[9, 11, 13] clusters=20 ra=selective_edgecooper_global_pmax comm_bytes=51392 selected_grids={11: 12, 13: 12}
fusion_method=early pred_boxes=28 gt_boxes=45
pred_scores_shape=(28,)
frame=12/41 receiver_sample=10/20 scenario=2026_07_29_02_32_08 timestamp=000082 cavs=[10, 8, 16, 19]
sgcp_constrained receiver=10 policy=all-cavs sources=[10, 8, 16, 19] clusters=20 ra=selective_edgecooper_global_pmax comm_bytes=70224 selected_grids={8: 12, 16: 11, 19: 12}
fusion_method=early pred_boxes=35 gt_boxes=55
pred_scores_shape=(35,)
frame=12/41 receiver_sample=11/20 scenario=2026_07_29_02_32_08 timestamp=000082 cavs=[11, 1, 8, 10]
sgcp_constrained receiver=11 policy=all-cavs sources=[11, 1, 8, 10] clusters=20 ra=selective_edgecooper_global_pmax comm_bytes=55008 selected_grids={1: 12, 8: 12, 10: 12}
fusion_method=early pred_boxes=31 gt_boxes=56
pred_scores_shape=(31,)
frame=12/41 receiver_sample=12/20 scenario=2026_07_29_02_32_08 timestamp=000082 cavs=[12, 4, 7]
sgcp_constrained receiver=12 policy=all-cavs sources=[12, 4, 7] clusters=20 ra=selective_edgecooper_global_pmax comm_bytes=47168 selected_grids={4: 11, 7: 12}
fusion_method=early pred_boxes=24 gt_boxes=47
pred_scores_shape=(24,)
frame=12/41 receiver_sample=13/20 scenario=2026_07_29_02_32_08 timestamp=000082 cavs=[13, 5, 9, 19]
sgcp_constrained receiver=13 policy=all-cavs sources=[13, 5, 9, 19] clusters=20 ra=selective_edgecooper_global_pmax comm_bytes=50016 selected_grids={5: 12, 9: 12, 19: 11}
fusion_method=early pred_boxes=21 gt_boxes=44
pred_scores_shape=(21,)
frame=12/41 receiver_sample=14/20 scenario=2026_07_29_02_32_08 timestamp=000082 cavs=[14]
sgcp_constrained receiver=14 policy=all-cavs sources=[14] clusters=20 ra=selective_edgecooper_global_pmax comm_bytes=0 selected_grids={}
fusion_method=early pred_boxes=4 gt_boxes=7
pred_scores_shape=(4,)
frame=12/41 receiver_sample=15/20 scenario=2026_07_29_02_32_08 timestamp=000082 cavs=[15, 6]
sgcp_constrained receiver=15 policy=all-cavs sources=[15, 6] clusters=20 ra=selective_edgecooper_global_pmax comm_bytes=28432 selected_grids={6: 12}
fusion_method=early pred_boxes=18 gt_boxes=22
pred_scores_shape=(18,)
frame=12/41 receiver_sample=16/20 scenario=2026_07_29_02_32_08 timestamp=000082 cavs=[16, 10, 17, 20]
sgcp_constrained receiver=16 policy=all-cavs sources=[16, 10, 17, 20] clusters=20 ra=selective_edgecooper_global_pmax comm_bytes=73104 selected_grids={10: 12, 17: 12, 20: 12}
fusion_method=early pred_boxes=36 gt_boxes=58
pred_scores_shape=(36,)
frame=12/41 receiver_sample=17/20 scenario=2026_07_29_02_32_08 timestamp=000082 cavs=[17, 3, 16]
sgcp_constrained receiver=17 policy=all-cavs sources=[17, 3, 16] clusters=20 ra=selective_edgecooper_global_pmax comm_bytes=42416 selected_grids={3: 11, 16: 11}
fusion_method=early pred_boxes=24 gt_boxes=43
pred_scores_shape=(24,)
frame=12/41 receiver_sample=18/20 scenario=2026_07_29_02_32_08 timestamp=000082 cavs=[18, 3]
sgcp_constrained receiver=18 policy=all-cavs sources=[18, 3] clusters=20 ra=selective_edgecooper_global_pmax comm_bytes=29264 selected_grids={3: 12}
fusion_method=early pred_boxes=16 gt_boxes=28
pred_scores_shape=(16,)
frame=12/41 receiver_sample=19/20 scenario=2026_07_29_02_32_08 timestamp=000082 cavs=[19, 9, 13, 20]
sgcp_constrained receiver=19 policy=all-cavs sources=[19, 9, 13, 20] clusters=20 ra=selective_edgecooper_global_pmax comm_bytes=66464 selected_grids={9: 12, 13: 12, 20: 12}
fusion_method=early pred_boxes=25 gt_boxes=44
pred_scores_shape=(25,)
frame=12/41 receiver_sample=20/20 scenario=2026_07_29_02_32_08 timestamp=000082 cavs=[20, 5, 7, 9]
sgcp_constrained receiver=20 policy=all-cavs sources=[20, 5, 7, 9] clusters=20 ra=selective_edgecooper_global_pmax comm_bytes=58160 selected_grids={5: 11, 7: 11, 9: 12}
fusion_method=early pred_boxes=30 gt_boxes=48
pred_scores_shape=(30,)
frame=13/41 receiver_sample=1/20 scenario=2026_07_29_02_32_08 timestamp=000084 cavs=[1, 2, 4, 8]
sgcp_constrained receiver=1 policy=all-cavs sources=[1, 2, 4, 8] clusters=20 ra=selective_edgecooper_global_pmax comm_bytes=68000 selected_grids={2: 12, 4: 12, 8: 11}
fusion_method=early pred_boxes=35 gt_boxes=54
pred_scores_shape=(35,)
frame=13/41 receiver_sample=2/20 scenario=2026_07_29_02_32_08 timestamp=000084 cavs=[2, 1, 10, 11]
sgcp_constrained receiver=2 policy=all-cavs sources=[2, 1, 10, 11] clusters=20 ra=selective_edgecooper_global_pmax comm_bytes=52944 selected_grids={1: 12, 10: 12, 11: 9}
fusion_method=early pred_boxes=31 gt_boxes=58
pred_scores_shape=(31,)
frame=13/41 receiver_sample=3/20 scenario=2026_07_29_02_32_08 timestamp=000084 cavs=[3, 16, 17, 18]
sgcp_constrained receiver=3 policy=all-cavs sources=[3, 16, 17, 18] clusters=20 ra=selective_edgecooper_global_pmax comm_bytes=72560 selected_grids={16: 12, 17: 12, 18: 13}
fusion_method=early pred_boxes=23 gt_boxes=43
pred_scores_shape=(23,)
frame=13/41 receiver_sample=4/20 scenario=2026_07_29_02_32_08 timestamp=000084 cavs=[4, 1, 7, 12]
sgcp_constrained receiver=4 policy=all-cavs sources=[4, 1, 7, 12] clusters=20 ra=selective_edgecooper_global_pmax comm_bytes=75888 selected_grids={1: 13, 7: 12, 12: 12}
fusion_method=early pred_boxes=35 gt_boxes=57
pred_scores_shape=(35,)
frame=13/41 receiver_sample=5/20 scenario=2026_07_29_02_32_08 timestamp=000084 cavs=[5, 7, 13, 20]
sgcp_constrained receiver=5 policy=all-cavs sources=[5, 7, 13, 20] clusters=20 ra=selective_edgecooper_global_pmax comm_bytes=72832 selected_grids={7: 12, 13: 12, 20: 12}Format = auto
Extension = pcd
Format = auto
Extension = pcd
Format = auto
Extension = pcd
Format = auto
Extension = pcd
Format = auto
Extension = pcd
Format = auto
Extension = pcd
Format = auto
Extension = pcd
Format = auto
Extension = pcd
Format = auto
Extension = pcd
Format = auto
Extension = pcd
Format = auto
Extension = pcd
Format = auto
Extension = pcd
Format = auto
Extension = pcd
Format = auto
Extension = pcd
Format = auto
Extension = pcd
Format = auto
Extension = pcd
Format = auto
Extension = pcd
Format = auto
Extension = pcd
Format = auto
Extension = pcd
Format = auto
Extension = pcd

fusion_method=early pred_boxes=26 gt_boxes=43
pred_scores_shape=(26,)
frame=13/41 receiver_sample=6/20 scenario=2026_07_29_02_32_08 timestamp=000084 cavs=[6, 15]
sgcp_constrained receiver=6 policy=all-cavs sources=[6, 15] clusters=20 ra=selective_edgecooper_global_pmax comm_bytes=21632 selected_grids={15: 12}
fusion_method=early pred_boxes=16 gt_boxes=22
pred_scores_shape=(16,)
frame=13/41 receiver_sample=7/20 scenario=2026_07_29_02_32_08 timestamp=000084 cavs=[7, 4, 12]
sgcp_constrained receiver=7 policy=all-cavs sources=[7, 4, 12] clusters=20 ra=selective_edgecooper_global_pmax comm_bytes=45328 selected_grids={4: 12, 12: 12}
fusion_method=early pred_boxes=28 gt_boxes=42
pred_scores_shape=(28,)
frame=13/41 receiver_sample=8/20 scenario=2026_07_29_02_32_08 timestamp=000084 cavs=[8, 2, 11, 12]
sgcp_constrained receiver=8 policy=all-cavs sources=[8, 2, 11, 12] clusters=20 ra=selective_edgecooper_global_pmax comm_bytes=84704 selected_grids={2: 12, 11: 11, 12: 12}
fusion_method=early pred_boxes=28 gt_boxes=47
pred_scores_shape=(28,)
frame=13/41 receiver_sample=9/20 scenario=2026_07_29_02_32_08 timestamp=000084 cavs=[9, 11, 13, 19]
sgcp_constrained receiver=9 policy=all-cavs sources=[9, 11, 13, 19] clusters=20 ra=selective_edgecooper_global_pmax comm_bytes=59088 selected_grids={11: 12, 13: 11, 19: 11}
fusion_method=early pred_boxes=28 gt_boxes=46
pred_scores_shape=(28,)
frame=13/41 receiver_sample=10/20 scenario=2026_07_29_02_32_08 timestamp=000084 cavs=[10, 8, 19, 20]
sgcp_constrained receiver=10 policy=all-cavs sources=[10, 8, 19, 20] clusters=20 ra=selective_edgecooper_global_pmax comm_bytes=69440 selected_grids={8: 13, 19: 13, 20: 12}
fusion_method=early pred_boxes=33 gt_boxes=52
pred_scores_shape=(33,)
frame=13/41 receiver_sample=11/20 scenario=2026_07_29_02_32_08 timestamp=000084 cavs=[11, 1, 8, 10]
sgcp_constrained receiver=11 policy=all-cavs sources=[11, 1, 8, 10] clusters=20 ra=selective_edgecooper_global_pmax comm_bytes=55216 selected_grids={1: 12, 8: 12, 10: 12}
fusion_method=early pred_boxes=30 gt_boxes=56
pred_scores_shape=(30,)
frame=13/41 receiver_sample=12/20 scenario=2026_07_29_02_32_08 timestamp=000084 cavs=[12, 4, 7]
sgcp_constrained receiver=12 policy=all-cavs sources=[12, 4, 7] clusters=20 ra=selective_edgecooper_global_pmax comm_bytes=48960 selected_grids={4: 12, 7: 13}
fusion_method=early pred_boxes=24 gt_boxes=45
pred_scores_shape=(24,)
frame=13/41 receiver_sample=13/20 scenario=2026_07_29_02_32_08 timestamp=000084 cavs=[13, 5, 9, 19]
sgcp_constrained receiver=13 policy=all-cavs sources=[13, 5, 9, 19] clusters=20 ra=selective_edgecooper_global_pmax comm_bytes=51872 selected_grids={5: 13, 9: 13, 19: 12}
fusion_method=early pred_boxes=21 gt_boxes=44
pred_scores_shape=(21,)
frame=13/41 receiver_sample=14/20 scenario=2026_07_29_02_32_08 timestamp=000084 cavs=[14]
sgcp_constrained receiver=14 policy=all-cavs sources=[14] clusters=20 ra=selective_edgecooper_global_pmax comm_bytes=0 selected_grids={}
fusion_method=early pred_boxes=4 gt_boxes=7
pred_scores_shape=(4,)
frame=13/41 receiver_sample=15/20 scenario=2026_07_29_02_32_08 timestamp=000084 cavs=[15, 6]
sgcp_constrained receiver=15 policy=all-cavs sources=[15, 6] clusters=20 ra=selective_edgecooper_global_pmax comm_bytes=30288 selected_grids={6: 13}
fusion_method=early pred_boxes=17 gt_boxes=22
pred_scores_shape=(17,)
frame=13/41 receiver_sample=16/20 scenario=2026_07_29_02_32_08 timestamp=000084 cavs=[16, 5, 9, 17]
sgcp_constrained receiver=16 policy=all-cavs sources=[16, 5, 9, 17] clusters=20 ra=selective_edgecooper_global_pmax comm_bytes=74608 selected_grids={5: 12, 9: 13, 17: 13}
fusion_method=early pred_boxes=32 gt_boxes=53
pred_scores_shape=(32,)
frame=13/41 receiver_sample=17/20 scenario=2026_07_29_02_32_08 timestamp=000084 cavs=[17, 3, 16]
sgcp_constrained receiver=17 policy=all-cavs sources=[17, 3, 16] clusters=20 ra=selective_edgecooper_global_pmax comm_bytes=45328 selected_grids={3: 12, 16: 12}
fusion_method=early pred_boxes=23 gt_boxes=42
pred_scores_shape=(23,)
frame=13/41 receiver_sample=18/20 scenario=2026_07_29_02_32_08 timestamp=000084 cavs=[18, 3]
sgcp_constrained receiver=18 policy=all-cavs sources=[18, 3] clusters=20 ra=selective_edgecooper_global_pmax comm_bytes=29360 selected_grids={3: 12}
fusion_method=early pred_boxes=15 gt_boxes=28
pred_scores_shape=(15,)
frame=13/41 receiver_sample=19/20 scenario=2026_07_29_02_32_08 timestamp=000084 cavs=[19, 9, 13, 20]
sgcp_constrained receiver=19 policy=all-cavs sources=[19, 9, 13, 20] clusters=20 ra=selective_edgecooper_global_pmax comm_bytes=67248 selected_grids={9: 12, 13: 12, 20: 12}
fusion_method=early pred_boxes=22 gt_boxes=44
pred_scores_shape=(22,)
frame=13/41 receiver_sample=20/20 scenario=2026_07_29_02_32_08 timestamp=000084 cavs=[20, 5, 10, 16]
sgcp_constrained receiver=20 policy=all-cavs sources=[20, 5, 10, 16] clusters=20 ra=selective_edgecooper_global_pmax comm_bytes=53504 selected_grids={5: 12, 10: 12, 16: 12}
fusion_method=early pred_boxes=29 gt_boxes=51
pred_scores_shape=(29,)
frame=14/41 receiver_sample=1/20 scenario=2026_07_29_02_32_08 timestamp=000086 cavs=[1, 2, 4, 8]
sgcp_constrained receiver=1 policy=all-cavs sources=[1, 2, 4, 8] clusters=20 ra=selective_edgecooper_global_pmax comm_bytes=68096 selected_grids={2: 12, 4: 12, 8: 11}
fusion_method=early pred_boxes=35 gt_boxes=55
pred_scores_shape=(35,)
frame=14/41 receiver_sample=2/20 scenario=2026_07_29_02_32_08 timestamp=000086 cavs=[2, 1, 11]
sgcp_constrained receiver=2 policy=all-cavs sources=[2, 1, 11] clusters=20 ra=selective_edgecooper_global_pmax comm_bytes=28400 selected_grids={1: 12, 11: 13}
fusion_method=early pred_boxes=21 gt_boxes=50
pred_scores_shape=(21,)
frame=14/41 receiver_sample=3/20 scenario=2026_07_29_02_32_08 timestamp=000086 cavs=[3, 16, 17, 18]
sgcp_constrained receiver=3 policy=all-cavs sources=[3, 16, 17, 18] clusters=20 ra=selective_edgecooper_global_pmax comm_bytes=71952 selected_grids={16: 12, 17: 12, 18: 13}
fusion_method=early pred_boxes=26 gt_boxes=42
pred_scores_shape=(26,)
frame=14/41 receiver_sample=4/20 scenario=2026_07_29_02_32_08 timestamp=000086 cavs=[4, 1, 7, 12]
sgcp_constrained receiver=4 policy=all-cavs sources=[4, 1, 7, 12] clusters=20 ra=selective_edgecooper_global_pmax comm_bytes=77040 selected_grids={1: 13, 7: 12, 12: 12}
fusion_method=early pred_boxes=33 gt_boxes=56
pred_scores_shape=(33,)
frame=14/41 receiver_sample=5/20 scenario=2026_07_29_02_32_08 timestamp=000086 cavs=[5, 13, 16, 20]
sgcp_constrained receiver=5 policy=all-cavs sources=[5, 13, 16, 20] clusters=20 ra=selective_edgecooper_global_pmax comm_bytes=66960 selected_grids={13: 12, 16: 12, 20: 11}
fusion_method=early pred_boxes=29 gt_boxes=45
pred_scores_shape=(29,)
frame=14/41 receiver_sample=6/20 scenario=2026_07_29_02_32_08 timestamp=000086 cavs=[6, 15]
sgcp_constrained receiver=6 policy=all-cavs sources=[6, 15] clusters=20 ra=selective_edgecooper_global_pmax comm_bytes=21440 selected_grids={15: 13}
fusion_method=early pred_boxes=15 gt_boxes=23
pred_scores_shape=(15,)
frame=14/41 receiver_sample=7/20 scenario=2026_07_29_02_32_08 timestamp=000086 cavs=[7, 4, 5, 12]
sgcp_constrained receiver=7 policy=all-cavs sources=[7, 4, 5, 12] clusters=20 ra=selective_edgecooper_global_pmax comm_bytes=66928 selected_grids={4: 12, 5: 13, 12: 13}
fusion_method=early pred_boxes=26 gt_boxes=45
pred_scores_shape=(26,)
frame=14/41 receiver_sample=8/20 scenario=2026_07_29_02_32_08 timestamp=000086 cavs=[8, 2, 11, 12]
sgcp_constrained receiver=8 policy=all-cavs sources=[8, 2, 11, 12] clusters=20 ra=selective_edgecooper_global_pmax comm_bytes=84672 selected_grids={2: 12, 11: 11, 12: 12}
fusion_method=early pred_boxes=30 gt_boxes=47
pred_scores_shape=(30,)
frame=14/41 receiver_sample=9/20 scenario=2026_07_29_02_32_08 timestamp=000086 cavs=[9, 11, 13, 19]
sgcp_constrained receiver=9 policy=all-cavs sources=[9, 11, 13, 19] clusters=20 ra=selective_edgecooper_global_pmax comm_bytes=60000 selected_grids={11: 12, 13: 12, 19: 11}
fusion_method=early pred_boxes=27 gt_boxes=47
pred_scores_shape=(27,)
frame=14/41 receiver_sample=10/20 scenario=2026_07_29_02_32_08 timestamp=000086 cavs=[10, 5, 8, 9]Format = auto
Extension = pcd
Format = auto
Extension = pcd
Format = auto
Extension = pcd
Format = auto
Extension = pcd
Format = auto
Extension = pcd
Format = auto
Extension = pcd
Format = auto
Extension = pcd
Format = auto
Extension = pcd
Format = auto
Extension = pcd
Format = auto
Extension = pcd
Format = auto
Extension = pcd
Format = auto
Extension = pcd
Format = auto
Extension = pcd
Format = auto
Extension = pcd
Format = auto
Extension = pcd
Format = auto
Extension = pcd
Format = auto
Extension = pcd
Format = auto
Extension = pcd
Format = auto
Extension = pcd
Format = auto
Extension = pcd

sgcp_constrained receiver=10 policy=all-cavs sources=[10, 5, 8, 9] clusters=20 ra=selective_edgecooper_global_pmax comm_bytes=62000 selected_grids={5: 13, 8: 13, 9: 12}
fusion_method=early pred_boxes=35 gt_boxes=51
pred_scores_shape=(35,)
frame=14/41 receiver_sample=11/20 scenario=2026_07_29_02_32_08 timestamp=000086 cavs=[11, 1, 8, 10]
sgcp_constrained receiver=11 policy=all-cavs sources=[11, 1, 8, 10] clusters=20 ra=selective_edgecooper_global_pmax comm_bytes=56416 selected_grids={1: 13, 8: 13, 10: 12}
fusion_method=early pred_boxes=33 gt_boxes=56
pred_scores_shape=(33,)
frame=14/41 receiver_sample=12/20 scenario=2026_07_29_02_32_08 timestamp=000086 cavs=[12, 4, 7]
sgcp_constrained receiver=12 policy=all-cavs sources=[12, 4, 7] clusters=20 ra=selective_edgecooper_global_pmax comm_bytes=50080 selected_grids={4: 13, 7: 13}
fusion_method=early pred_boxes=22 gt_boxes=45
pred_scores_shape=(22,)
frame=14/41 receiver_sample=13/20 scenario=2026_07_29_02_32_08 timestamp=000086 cavs=[13, 9, 10, 19]
sgcp_constrained receiver=13 policy=all-cavs sources=[13, 9, 10, 19] clusters=20 ra=selective_edgecooper_global_pmax comm_bytes=39776 selected_grids={9: 13, 10: 12, 19: 12}
fusion_method=early pred_boxes=22 gt_boxes=43
pred_scores_shape=(22,)
frame=14/41 receiver_sample=14/20 scenario=2026_07_29_02_32_08 timestamp=000086 cavs=[14]
sgcp_constrained receiver=14 policy=all-cavs sources=[14] clusters=20 ra=selective_edgecooper_global_pmax comm_bytes=0 selected_grids={}
fusion_method=early pred_boxes=5 gt_boxes=7
pred_scores_shape=(5,)
frame=14/41 receiver_sample=15/20 scenario=2026_07_29_02_32_08 timestamp=000086 cavs=[15, 6]
sgcp_constrained receiver=15 policy=all-cavs sources=[15, 6] clusters=20 ra=selective_edgecooper_global_pmax comm_bytes=30624 selected_grids={6: 13}
fusion_method=early pred_boxes=16 gt_boxes=23
pred_scores_shape=(16,)
frame=14/41 receiver_sample=16/20 scenario=2026_07_29_02_32_08 timestamp=000086 cavs=[16, 9, 17, 20]
sgcp_constrained receiver=16 policy=all-cavs sources=[16, 9, 17, 20] clusters=20 ra=selective_edgecooper_global_pmax comm_bytes=78736 selected_grids={9: 13, 17: 13, 20: 12}
fusion_method=early pred_boxes=32 gt_boxes=52
pred_scores_shape=(32,)
frame=14/41 receiver_sample=17/20 scenario=2026_07_29_02_32_08 timestamp=000086 cavs=[17, 3, 16]
sgcp_constrained receiver=17 policy=all-cavs sources=[17, 3, 16] clusters=20 ra=selective_edgecooper_global_pmax comm_bytes=44544 selected_grids={3: 12, 16: 13}
fusion_method=early pred_boxes=23 gt_boxes=41
pred_scores_shape=(23,)
frame=14/41 receiver_sample=18/20 scenario=2026_07_29_02_32_08 timestamp=000086 cavs=[18, 3]
sgcp_constrained receiver=18 policy=all-cavs sources=[18, 3] clusters=20 ra=selective_edgecooper_global_pmax comm_bytes=32784 selected_grids={3: 13}
fusion_method=early pred_boxes=16 gt_boxes=28
pred_scores_shape=(16,)
frame=14/41 receiver_sample=19/20 scenario=2026_07_29_02_32_08 timestamp=000086 cavs=[19, 10, 13, 20]
sgcp_constrained receiver=19 policy=all-cavs sources=[19, 10, 13, 20] clusters=20 ra=selective_edgecooper_global_pmax comm_bytes=75280 selected_grids={10: 12, 13: 12, 20: 13}
fusion_method=early pred_boxes=27 gt_boxes=44
pred_scores_shape=(27,)
frame=14/41 receiver_sample=20/20 scenario=2026_07_29_02_32_08 timestamp=000086 cavs=[20, 5, 7, 19]
sgcp_constrained receiver=20 policy=all-cavs sources=[20, 5, 7, 19] clusters=20 ra=selective_edgecooper_global_pmax comm_bytes=63072 selected_grids={5: 12, 7: 12, 19: 13}
fusion_method=early pred_boxes=29 gt_boxes=51
pred_scores_shape=(29,)
frame=15/41 receiver_sample=1/20 scenario=2026_07_29_02_32_08 timestamp=000088 cavs=[1, 2, 4, 8]
sgcp_constrained receiver=1 policy=all-cavs sources=[1, 2, 4, 8] clusters=20 ra=selective_edgecooper_global_pmax comm_bytes=68720 selected_grids={2: 12, 4: 12, 8: 11}
fusion_method=early pred_boxes=33 gt_boxes=55
pred_scores_shape=(33,)
frame=15/41 receiver_sample=2/20 scenario=2026_07_29_02_32_08 timestamp=000088 cavs=[2, 1, 11]
sgcp_constrained receiver=2 policy=all-cavs sources=[2, 1, 11] clusters=20 ra=selective_edgecooper_global_pmax comm_bytes=28736 selected_grids={1: 12, 11: 13}
fusion_method=early pred_boxes=23 gt_boxes=50
pred_scores_shape=(23,)
frame=15/41 receiver_sample=3/20 scenario=2026_07_29_02_32_08 timestamp=000088 cavs=[3, 16, 17, 18]
sgcp_constrained receiver=3 policy=all-cavs sources=[3, 16, 17, 18] clusters=20 ra=selective_edgecooper_global_pmax comm_bytes=75152 selected_grids={16: 12, 17: 12, 18: 13}
fusion_method=early pred_boxes=24 gt_boxes=42
pred_scores_shape=(24,)
frame=15/41 receiver_sample=4/20 scenario=2026_07_29_02_32_08 timestamp=000088 cavs=[4, 1, 7, 12]
sgcp_constrained receiver=4 policy=all-cavs sources=[4, 1, 7, 12] clusters=20 ra=selective_edgecooper_global_pmax comm_bytes=76736 selected_grids={1: 13, 7: 12, 12: 12}
fusion_method=early pred_boxes=32 gt_boxes=56
pred_scores_shape=(32,)
frame=15/41 receiver_sample=5/20 scenario=2026_07_29_02_32_08 timestamp=000088 cavs=[5, 13, 16, 20]
sgcp_constrained receiver=5 policy=all-cavs sources=[5, 13, 16, 20] clusters=20 ra=selective_edgecooper_global_pmax comm_bytes=67296 selected_grids={13: 12, 16: 12, 20: 11}
fusion_method=early pred_boxes=29 gt_boxes=45
pred_scores_shape=(29,)
frame=15/41 receiver_sample=6/20 scenario=2026_07_29_02_32_08 timestamp=000088 cavs=[6, 15]
sgcp_constrained receiver=6 policy=all-cavs sources=[6, 15] clusters=20 ra=selective_edgecooper_global_pmax comm_bytes=22320 selected_grids={15: 12}
fusion_method=early pred_boxes=15 gt_boxes=23
pred_scores_shape=(15,)
frame=15/41 receiver_sample=7/20 scenario=2026_07_29_02_32_08 timestamp=000088 cavs=[7, 4, 5, 12]
sgcp_constrained receiver=7 policy=all-cavs sources=[7, 4, 5, 12] clusters=20 ra=selective_edgecooper_global_pmax comm_bytes=65216 selected_grids={4: 12, 5: 13, 12: 13}
fusion_method=early pred_boxes=28 gt_boxes=44
pred_scores_shape=(28,)
frame=15/41 receiver_sample=8/20 scenario=2026_07_29_02_32_08 timestamp=000088 cavs=[8, 2, 11, 12]
sgcp_constrained receiver=8 policy=all-cavs sources=[8, 2, 11, 12] clusters=20 ra=selective_edgecooper_global_pmax comm_bytes=85104 selected_grids={2: 12, 11: 11, 12: 12}
fusion_method=early pred_boxes=29 gt_boxes=47
pred_scores_shape=(29,)
frame=15/41 receiver_sample=9/20 scenario=2026_07_29_02_32_08 timestamp=000088 cavs=[9, 11, 13, 19]
sgcp_constrained receiver=9 policy=all-cavs sources=[9, 11, 13, 19] clusters=20 ra=selective_edgecooper_global_pmax comm_bytes=62464 selected_grids={11: 12, 13: 12, 19: 12}
fusion_method=early pred_boxes=26 gt_boxes=47
pred_scores_shape=(26,)
frame=15/41 receiver_sample=10/20 scenario=2026_07_29_02_32_08 timestamp=000088 cavs=[10, 5, 8, 9]
sgcp_constrained receiver=10 policy=all-cavs sources=[10, 5, 8, 9] clusters=20 ra=selective_edgecooper_global_pmax comm_bytes=62272 selected_grids={5: 13, 8: 13, 9: 12}
fusion_method=early pred_boxes=35 gt_boxes=51
pred_scores_shape=(35,)
frame=15/41 receiver_sample=11/20 scenario=2026_07_29_02_32_08 timestamp=000088 cavs=[11, 1, 8, 10]
sgcp_constrained receiver=11 policy=all-cavs sources=[11, 1, 8, 10] clusters=20 ra=selective_edgecooper_global_pmax comm_bytes=55904 selected_grids={1: 12, 8: 13, 10: 12}
fusion_method=early pred_boxes=31 gt_boxes=55
pred_scores_shape=(31,)
frame=15/41 receiver_sample=12/20 scenario=2026_07_29_02_32_08 timestamp=000088 cavs=[12, 4, 7]
sgcp_constrained receiver=12 policy=all-cavs sources=[12, 4, 7] clusters=20 ra=selective_edgecooper_global_pmax comm_bytes=47696 selected_grids={4: 12, 7: 13}
fusion_method=early pred_boxes=25 gt_boxes=45
pred_scores_shape=(25,)
frame=15/41 receiver_sample=13/20 scenario=2026_07_29_02_32_08 timestamp=000088 cavs=[13, 9, 10, 19]
sgcp_constrained receiver=13 policy=all-cavs sources=[13, 9, 10, 19] clusters=20 ra=selective_edgecooper_global_pmax comm_bytes=40080 selected_grids={9: 13, 10: 12, 19: 12}
fusion_method=early pred_boxes=21 gt_boxes=44
pred_scores_shape=(21,)
frame=15/41 receiver_sample=14/20 scenario=2026_07_29_02_32_08 timestamp=000088 cavs=[14]
sgcp_constrained receiver=14 policy=all-cavs sources=[14] clusters=20 ra=selective_edgecooper_global_pmax comm_bytes=0 selected_grids={}Format = auto
Extension = pcd
Format = auto
Extension = pcd
Format = auto
Extension = pcd
Format = auto
Extension = pcd
Format = auto
Extension = pcd
Format = auto
Extension = pcd
Format = auto
Extension = pcd
Format = auto
Extension = pcd
Format = auto
Extension = pcd
Format = auto
Extension = pcd
Format = auto
Extension = pcd
Format = auto
Extension = pcd
Format = auto
Extension = pcd
Format = auto
Extension = pcd
Format = auto
Extension = pcd
Format = auto
Extension = pcd
Format = auto
Extension = pcd
Format = auto
Extension = pcd
Format = auto
Extension = pcd
Format = auto
Extension = pcd

fusion_method=early pred_boxes=4 gt_boxes=7
pred_scores_shape=(4,)
frame=15/41 receiver_sample=15/20 scenario=2026_07_29_02_32_08 timestamp=000088 cavs=[15, 6]
sgcp_constrained receiver=15 policy=all-cavs sources=[15, 6] clusters=20 ra=selective_edgecooper_global_pmax comm_bytes=30848 selected_grids={6: 13}
fusion_method=early pred_boxes=15 gt_boxes=23
pred_scores_shape=(15,)
frame=15/41 receiver_sample=16/20 scenario=2026_07_29_02_32_08 timestamp=000088 cavs=[16, 9, 17, 20]
sgcp_constrained receiver=16 policy=all-cavs sources=[16, 9, 17, 20] clusters=20 ra=selective_edgecooper_global_pmax comm_bytes=78544 selected_grids={9: 13, 17: 13, 20: 12}
fusion_method=early pred_boxes=31 gt_boxes=52
pred_scores_shape=(31,)
frame=15/41 receiver_sample=17/20 scenario=2026_07_29_02_32_08 timestamp=000088 cavs=[17, 3, 16]
sgcp_constrained receiver=17 policy=all-cavs sources=[17, 3, 16] clusters=20 ra=selective_edgecooper_global_pmax comm_bytes=44096 selected_grids={3: 12, 16: 12}
fusion_method=early pred_boxes=23 gt_boxes=40
pred_scores_shape=(23,)
frame=15/41 receiver_sample=18/20 scenario=2026_07_29_02_32_08 timestamp=000088 cavs=[18, 3]
sgcp_constrained receiver=18 policy=all-cavs sources=[18, 3] clusters=20 ra=selective_edgecooper_global_pmax comm_bytes=30000 selected_grids={3: 12}
fusion_method=early pred_boxes=16 gt_boxes=28
pred_scores_shape=(16,)
frame=15/41 receiver_sample=19/20 scenario=2026_07_29_02_32_08 timestamp=000088 cavs=[19, 10, 13, 20]
sgcp_constrained receiver=19 policy=all-cavs sources=[19, 10, 13, 20] clusters=20 ra=selective_edgecooper_global_pmax comm_bytes=74848 selected_grids={10: 12, 13: 12, 20: 12}
fusion_method=early pred_boxes=25 gt_boxes=45
pred_scores_shape=(25,)
frame=15/41 receiver_sample=20/20 scenario=2026_07_29_02_32_08 timestamp=000088 cavs=[20, 5, 7, 19]
sgcp_constrained receiver=20 policy=all-cavs sources=[20, 5, 7, 19] clusters=20 ra=selective_edgecooper_global_pmax comm_bytes=62768 selected_grids={5: 12, 7: 12, 19: 13}
fusion_method=early pred_boxes=29 gt_boxes=52
pred_scores_shape=(29,)
frame=16/41 receiver_sample=1/20 scenario=2026_07_29_02_32_08 timestamp=000090 cavs=[1, 2, 4, 8]
sgcp_constrained receiver=1 policy=all-cavs sources=[1, 2, 4, 8] clusters=20 ra=selective_edgecooper_global_pmax comm_bytes=68752 selected_grids={2: 12, 4: 12, 8: 11}
fusion_method=early pred_boxes=32 gt_boxes=55
pred_scores_shape=(32,)
frame=16/41 receiver_sample=2/20 scenario=2026_07_29_02_32_08 timestamp=000090 cavs=[2, 1, 11]
sgcp_constrained receiver=2 policy=all-cavs sources=[2, 1, 11] clusters=20 ra=selective_edgecooper_global_pmax comm_bytes=28448 selected_grids={1: 12, 11: 13}
fusion_method=early pred_boxes=22 gt_boxes=51
pred_scores_shape=(22,)
frame=16/41 receiver_sample=3/20 scenario=2026_07_29_02_32_08 timestamp=000090 cavs=[3, 16, 17, 18]
sgcp_constrained receiver=3 policy=all-cavs sources=[3, 16, 17, 18] clusters=20 ra=selective_edgecooper_global_pmax comm_bytes=75600 selected_grids={16: 12, 17: 12, 18: 13}
fusion_method=early pred_boxes=24 gt_boxes=42
pred_scores_shape=(24,)
frame=16/41 receiver_sample=4/20 scenario=2026_07_29_02_32_08 timestamp=000090 cavs=[4, 1, 7, 12]
sgcp_constrained receiver=4 policy=all-cavs sources=[4, 1, 7, 12] clusters=20 ra=selective_edgecooper_global_pmax comm_bytes=76816 selected_grids={1: 13, 7: 12, 12: 12}
fusion_method=early pred_boxes=31 gt_boxes=55
pred_scores_shape=(31,)
frame=16/41 receiver_sample=5/20 scenario=2026_07_29_02_32_08 timestamp=000090 cavs=[5, 13, 16, 20]
sgcp_constrained receiver=5 policy=all-cavs sources=[5, 13, 16, 20] clusters=20 ra=selective_edgecooper_global_pmax comm_bytes=67152 selected_grids={13: 12, 16: 12, 20: 11}
fusion_method=early pred_boxes=29 gt_boxes=45
pred_scores_shape=(29,)
frame=16/41 receiver_sample=6/20 scenario=2026_07_29_02_32_08 timestamp=000090 cavs=[6, 15]
sgcp_constrained receiver=6 policy=all-cavs sources=[6, 15] clusters=20 ra=selective_edgecooper_global_pmax comm_bytes=22528 selected_grids={15: 12}
fusion_method=early pred_boxes=15 gt_boxes=23
pred_scores_shape=(15,)
frame=16/41 receiver_sample=7/20 scenario=2026_07_29_02_32_08 timestamp=000090 cavs=[7, 4, 5, 12]
sgcp_constrained receiver=7 policy=all-cavs sources=[7, 4, 5, 12] clusters=20 ra=selective_edgecooper_global_pmax comm_bytes=66400 selected_grids={4: 12, 5: 13, 12: 13}
fusion_method=early pred_boxes=30 gt_boxes=43
pred_scores_shape=(30,)
frame=16/41 receiver_sample=8/20 scenario=2026_07_29_02_32_08 timestamp=000090 cavs=[8, 2, 11, 12]
sgcp_constrained receiver=8 policy=all-cavs sources=[8, 2, 11, 12] clusters=20 ra=selective_edgecooper_global_pmax comm_bytes=85408 selected_grids={2: 12, 11: 11, 12: 12}
fusion_method=early pred_boxes=28 gt_boxes=47
pred_scores_shape=(28,)
frame=16/41 receiver_sample=9/20 scenario=2026_07_29_02_32_08 timestamp=000090 cavs=[9, 11, 13, 19]
sgcp_constrained receiver=9 policy=all-cavs sources=[9, 11, 13, 19] clusters=20 ra=selective_edgecooper_global_pmax comm_bytes=60624 selected_grids={11: 12, 13: 12, 19: 11}
fusion_method=early pred_boxes=26 gt_boxes=47
pred_scores_shape=(26,)
frame=16/41 receiver_sample=10/20 scenario=2026_07_29_02_32_08 timestamp=000090 cavs=[10, 5, 8, 9]
sgcp_constrained receiver=10 policy=all-cavs sources=[10, 5, 8, 9] clusters=20 ra=selective_edgecooper_global_pmax comm_bytes=63072 selected_grids={5: 13, 8: 13, 9: 12}
fusion_method=early pred_boxes=39 gt_boxes=53
pred_scores_shape=(39,)
frame=16/41 receiver_sample=11/20 scenario=2026_07_29_02_32_08 timestamp=000090 cavs=[11, 1, 8, 10]
sgcp_constrained receiver=11 policy=all-cavs sources=[11, 1, 8, 10] clusters=20 ra=selective_edgecooper_global_pmax comm_bytes=55792 selected_grids={1: 12, 8: 13, 10: 12}
fusion_method=early pred_boxes=37 gt_boxes=55
pred_scores_shape=(37,)
frame=16/41 receiver_sample=12/20 scenario=2026_07_29_02_32_08 timestamp=000090 cavs=[12, 4, 7]
sgcp_constrained receiver=12 policy=all-cavs sources=[12, 4, 7] clusters=20 ra=selective_edgecooper_global_pmax comm_bytes=47984 selected_grids={4: 12, 7: 12}
fusion_method=early pred_boxes=22 gt_boxes=45
pred_scores_shape=(22,)
frame=16/41 receiver_sample=13/20 scenario=2026_07_29_02_32_08 timestamp=000090 cavs=[13, 9, 10, 19]
sgcp_constrained receiver=13 policy=all-cavs sources=[13, 9, 10, 19] clusters=20 ra=selective_edgecooper_global_pmax comm_bytes=40576 selected_grids={9: 13, 10: 12, 19: 12}
fusion_method=early pred_boxes=22 gt_boxes=43
pred_scores_shape=(22,)
frame=16/41 receiver_sample=14/20 scenario=2026_07_29_02_32_08 timestamp=000090 cavs=[14]
sgcp_constrained receiver=14 policy=all-cavs sources=[14] clusters=20 ra=selective_edgecooper_global_pmax comm_bytes=0 selected_grids={}
fusion_method=early pred_boxes=3 gt_boxes=8
pred_scores_shape=(3,)
frame=16/41 receiver_sample=15/20 scenario=2026_07_29_02_32_08 timestamp=000090 cavs=[15, 6]
sgcp_constrained receiver=15 policy=all-cavs sources=[15, 6] clusters=20 ra=selective_edgecooper_global_pmax comm_bytes=30016 selected_grids={6: 13}
fusion_method=early pred_boxes=15 gt_boxes=23
pred_scores_shape=(15,)
frame=16/41 receiver_sample=16/20 scenario=2026_07_29_02_32_08 timestamp=000090 cavs=[16, 9, 17, 20]
sgcp_constrained receiver=16 policy=all-cavs sources=[16, 9, 17, 20] clusters=20 ra=selective_edgecooper_global_pmax comm_bytes=76544 selected_grids={9: 13, 17: 13, 20: 11}
fusion_method=early pred_boxes=35 gt_boxes=52
pred_scores_shape=(35,)
frame=16/41 receiver_sample=17/20 scenario=2026_07_29_02_32_08 timestamp=000090 cavs=[17, 3, 16]
sgcp_constrained receiver=17 policy=all-cavs sources=[17, 3, 16] clusters=20 ra=selective_edgecooper_global_pmax comm_bytes=43584 selected_grids={3: 12, 16: 12}
fusion_method=early pred_boxes=24 gt_boxes=40
pred_scores_shape=(24,)
frame=16/41 receiver_sample=18/20 scenario=2026_07_29_02_32_08 timestamp=000090 cavs=[18, 3]
sgcp_constrained receiver=18 policy=all-cavs sources=[18, 3] clusters=20 ra=selective_edgecooper_global_pmax comm_bytes=30480 selected_grids={3: 12}
fusion_method=early pred_boxes=14 gt_boxes=26
pred_scores_shape=(14,)
frame=16/41 receiver_sample=19/20 scenario=2026_07_29_02_32_08 timestamp=000090 cavs=[19, 10, 13, 20]Format = auto
Extension = pcd
Format = auto
Extension = pcd
Format = auto
Extension = pcd
Format = auto
Extension = pcd
Format = auto
Extension = pcd
Format = auto
Extension = pcd
Format = auto
Extension = pcd
Format = auto
Extension = pcd
Format = auto
Extension = pcd
Format = auto
Extension = pcd
Format = auto
Extension = pcd
Format = auto
Extension = pcd
Format = auto
Extension = pcd
Format = auto
Extension = pcd
Format = auto
Extension = pcd
Format = auto
Extension = pcd
Format = auto
Extension = pcd
Format = auto
Extension = pcd
Format = auto
Extension = pcd
Format = auto
Extension = pcd
Format = auto
Extension = pcd
Format = auto
Extension = pcd
Format = auto
Extension = pcd
Format = auto
Extension = pcd
Format = auto
Extension = pcd
Format = auto
Extension = pcd
Format = auto
Extension = pcd
Format = auto
Extension = pcd
Format = auto
Extension = pcd
Format = auto
Extension = pcd
Format = auto
Extension = pcd
Format = auto
Extension = pcd
Format = auto
Extension = pcd
Format = auto
Extension = pcd
Format = auto
Extension = pcd
Format = auto
Extension = pcd
Format = auto
Extension = pcd
Format = auto
Extension = pcd
Format = auto
Extension = pcd
Format = auto
Extension = pcd

sgcp_constrained receiver=19 policy=all-cavs sources=[19, 10, 13, 20] clusters=20 ra=selective_edgecooper_global_pmax comm_bytes=75488 selected_grids={10: 12, 13: 12, 20: 12}
fusion_method=early pred_boxes=24 gt_boxes=43
pred_scores_shape=(24,)
frame=16/41 receiver_sample=20/20 scenario=2026_07_29_02_32_08 timestamp=000090 cavs=[20, 5, 7, 19]
sgcp_constrained receiver=20 policy=all-cavs sources=[20, 5, 7, 19] clusters=20 ra=selective_edgecooper_global_pmax comm_bytes=63536 selected_grids={5: 12, 7: 12, 19: 13}
fusion_method=early pred_boxes=29 gt_boxes=50
pred_scores_shape=(29,)
frame=17/41 receiver_sample=1/20 scenario=2026_07_29_02_32_08 timestamp=000092 cavs=[1, 2, 4, 8]
sgcp_constrained receiver=1 policy=all-cavs sources=[1, 2, 4, 8] clusters=20 ra=selective_edgecooper_global_pmax comm_bytes=68896 selected_grids={2: 12, 4: 12, 8: 11}
fusion_method=early pred_boxes=34 gt_boxes=54
pred_scores_shape=(34,)
frame=17/41 receiver_sample=2/20 scenario=2026_07_29_02_32_08 timestamp=000092 cavs=[2, 1, 10, 11]
sgcp_constrained receiver=2 policy=all-cavs sources=[2, 1, 10, 11] clusters=20 ra=selective_edgecooper_global_pmax comm_bytes=53360 selected_grids={1: 12, 10: 12, 11: 9}
fusion_method=early pred_boxes=31 gt_boxes=57
pred_scores_shape=(31,)
frame=17/41 receiver_sample=3/20 scenario=2026_07_29_02_32_08 timestamp=000092 cavs=[3, 16, 17, 18]
sgcp_constrained receiver=3 policy=all-cavs sources=[3, 16, 17, 18] clusters=20 ra=selective_edgecooper_global_pmax comm_bytes=76432 selected_grids={16: 12, 17: 12, 18: 12}
fusion_method=early pred_boxes=25 gt_boxes=41
pred_scores_shape=(25,)
frame=17/41 receiver_sample=4/20 scenario=2026_07_29_02_32_08 timestamp=000092 cavs=[4, 1, 7, 12]
sgcp_constrained receiver=4 policy=all-cavs sources=[4, 1, 7, 12] clusters=20 ra=selective_edgecooper_global_pmax comm_bytes=76576 selected_grids={1: 12, 7: 12, 12: 12}
fusion_method=early pred_boxes=31 gt_boxes=55
pred_scores_shape=(31,)
frame=17/41 receiver_sample=5/20 scenario=2026_07_29_02_32_08 timestamp=000092 cavs=[5, 13, 16, 20]
sgcp_constrained receiver=5 policy=all-cavs sources=[5, 13, 16, 20] clusters=20 ra=selective_edgecooper_global_pmax comm_bytes=67264 selected_grids={13: 12, 16: 12, 20: 10}
fusion_method=early pred_boxes=29 gt_boxes=45
pred_scores_shape=(29,)
frame=17/41 receiver_sample=6/20 scenario=2026_07_29_02_32_08 timestamp=000092 cavs=[6, 15]
sgcp_constrained receiver=6 policy=all-cavs sources=[6, 15] clusters=20 ra=selective_edgecooper_global_pmax comm_bytes=22592 selected_grids={15: 12}
fusion_method=early pred_boxes=15 gt_boxes=23
pred_scores_shape=(15,)
frame=17/41 receiver_sample=7/20 scenario=2026_07_29_02_32_08 timestamp=000092 cavs=[7, 4, 5, 12]
sgcp_constrained receiver=7 policy=all-cavs sources=[7, 4, 5, 12] clusters=20 ra=selective_edgecooper_global_pmax comm_bytes=63504 selected_grids={4: 12, 5: 12, 12: 12}
fusion_method=early pred_boxes=30 gt_boxes=43
pred_scores_shape=(30,)
frame=17/41 receiver_sample=8/20 scenario=2026_07_29_02_32_08 timestamp=000092 cavs=[8, 2, 11, 12]
sgcp_constrained receiver=8 policy=all-cavs sources=[8, 2, 11, 12] clusters=20 ra=selective_edgecooper_global_pmax comm_bytes=86960 selected_grids={2: 12, 11: 12, 12: 12}
fusion_method=early pred_boxes=30 gt_boxes=47
pred_scores_shape=(30,)
frame=17/41 receiver_sample=9/20 scenario=2026_07_29_02_32_08 timestamp=000092 cavs=[9, 11, 13, 19]
sgcp_constrained receiver=9 policy=all-cavs sources=[9, 11, 13, 19] clusters=20 ra=selective_edgecooper_global_pmax comm_bytes=61216 selected_grids={11: 12, 13: 12, 19: 11}
fusion_method=early pred_boxes=28 gt_boxes=47
pred_scores_shape=(28,)
frame=17/41 receiver_sample=10/20 scenario=2026_07_29_02_32_08 timestamp=000092 cavs=[10, 5, 8, 9]
sgcp_constrained receiver=10 policy=all-cavs sources=[10, 5, 8, 9] clusters=20 ra=selective_edgecooper_global_pmax comm_bytes=61952 selected_grids={5: 12, 8: 13, 9: 12}
fusion_method=early pred_boxes=35 gt_boxes=53
pred_scores_shape=(35,)
frame=17/41 receiver_sample=11/20 scenario=2026_07_29_02_32_08 timestamp=000092 cavs=[11, 1, 8, 10]
sgcp_constrained receiver=11 policy=all-cavs sources=[11, 1, 8, 10] clusters=20 ra=selective_edgecooper_global_pmax comm_bytes=55136 selected_grids={1: 12, 8: 12, 10: 12}
fusion_method=early pred_boxes=31 gt_boxes=54
pred_scores_shape=(31,)
frame=17/41 receiver_sample=12/20 scenario=2026_07_29_02_32_08 timestamp=000092 cavs=[12, 4, 7]
sgcp_constrained receiver=12 policy=all-cavs sources=[12, 4, 7] clusters=20 ra=selective_edgecooper_global_pmax comm_bytes=47952 selected_grids={4: 12, 7: 12}
fusion_method=early pred_boxes=25 gt_boxes=45
pred_scores_shape=(25,)
frame=17/41 receiver_sample=13/20 scenario=2026_07_29_02_32_08 timestamp=000092 cavs=[13, 9, 10, 19]
sgcp_constrained receiver=13 policy=all-cavs sources=[13, 9, 10, 19] clusters=20 ra=selective_edgecooper_global_pmax comm_bytes=40592 selected_grids={9: 12, 10: 12, 19: 12}
fusion_method=early pred_boxes=21 gt_boxes=44
pred_scores_shape=(21,)
frame=17/41 receiver_sample=14/20 scenario=2026_07_29_02_32_08 timestamp=000092 cavs=[14]
sgcp_constrained receiver=14 policy=all-cavs sources=[14] clusters=20 ra=selective_edgecooper_global_pmax comm_bytes=0 selected_grids={}
fusion_method=early pred_boxes=4 gt_boxes=8
pred_scores_shape=(4,)
frame=17/41 receiver_sample=15/20 scenario=2026_07_29_02_32_08 timestamp=000092 cavs=[15, 6]
sgcp_constrained receiver=15 policy=all-cavs sources=[15, 6] clusters=20 ra=selective_edgecooper_global_pmax comm_bytes=26912 selected_grids={6: 12}
fusion_method=early pred_boxes=15 gt_boxes=23
pred_scores_shape=(15,)
frame=17/41 receiver_sample=16/20 scenario=2026_07_29_02_32_08 timestamp=000092 cavs=[16, 3, 17, 20]
sgcp_constrained receiver=16 policy=all-cavs sources=[16, 3, 17, 20] clusters=20 ra=selective_edgecooper_global_pmax comm_bytes=63408 selected_grids={3: 12, 17: 12, 20: 12}
fusion_method=early pred_boxes=29 gt_boxes=46
pred_scores_shape=(29,)
frame=17/41 receiver_sample=17/20 scenario=2026_07_29_02_32_08 timestamp=000092 cavs=[17, 3, 16]
sgcp_constrained receiver=17 policy=all-cavs sources=[17, 3, 16] clusters=20 ra=selective_edgecooper_global_pmax comm_bytes=44736 selected_grids={3: 12, 16: 12}
fusion_method=early pred_boxes=25 gt_boxes=39
pred_scores_shape=(25,)
frame=17/41 receiver_sample=18/20 scenario=2026_07_29_02_32_08 timestamp=000092 cavs=[18, 3]
sgcp_constrained receiver=18 policy=all-cavs sources=[18, 3] clusters=20 ra=selective_edgecooper_global_pmax comm_bytes=28912 selected_grids={3: 12}
fusion_method=early pred_boxes=15 gt_boxes=26
pred_scores_shape=(15,)
frame=17/41 receiver_sample=19/20 scenario=2026_07_29_02_32_08 timestamp=000092 cavs=[19, 9, 13, 20]
sgcp_constrained receiver=19 policy=all-cavs sources=[19, 9, 13, 20] clusters=20 ra=selective_edgecooper_global_pmax comm_bytes=70224 selected_grids={9: 12, 13: 12, 20: 12}
fusion_method=early pred_boxes=22 gt_boxes=45
pred_scores_shape=(22,)
frame=17/41 receiver_sample=20/20 scenario=2026_07_29_02_32_08 timestamp=000092 cavs=[20, 5, 7, 19]
sgcp_constrained receiver=20 policy=all-cavs sources=[20, 5, 7, 19] clusters=20 ra=selective_edgecooper_global_pmax comm_bytes=62176 selected_grids={5: 12, 7: 12, 19: 12}
fusion_method=early pred_boxes=28 gt_boxes=52
pred_scores_shape=(28,)
frame=18/41 receiver_sample=1/20 scenario=2026_07_29_02_32_08 timestamp=000094 cavs=[1, 2, 4, 8]
sgcp_constrained receiver=1 policy=all-cavs sources=[1, 2, 4, 8] clusters=20 ra=selective_edgecooper_global_pmax comm_bytes=71856 selected_grids={2: 13, 4: 13, 8: 11}
fusion_method=early pred_boxes=33 gt_boxes=54
pred_scores_shape=(33,)
frame=18/41 receiver_sample=2/20 scenario=2026_07_29_02_32_08 timestamp=000094 cavs=[2, 1, 11]
sgcp_constrained receiver=2 policy=all-cavs sources=[2, 1, 11] clusters=20 ra=selective_edgecooper_global_pmax comm_bytes=28304 selected_grids={1: 13, 11: 13}
fusion_method=early pred_boxes=21 gt_boxes=50
pred_scores_shape=(21,)
frame=18/41 receiver_sample=3/20 scenario=2026_07_29_02_32_08 timestamp=000094 cavs=[3, 16, 17, 18]
sgcp_constrained receiver=3 policy=all-cavs sources=[3, 16, 17, 18] clusters=20 ra=selective_edgecooper_global_pmax comm_bytes=80624 selected_grids={16: 13, 17: 13, 18: 13}Format = auto
Extension = pcd
Format = auto
Extension = pcd
Format = auto
Extension = pcd
Format = auto
Extension = pcd
Format = auto
Extension = pcd
Format = auto
Extension = pcd
Format = auto
Extension = pcd
Format = auto
Extension = pcd
Format = auto
Extension = pcd
Format = auto
Extension = pcd
Format = auto
Extension = pcd
Format = auto
Extension = pcd
Format = auto
Extension = pcd
Format = auto
Extension = pcd
Format = auto
Extension = pcd
Format = auto
Extension = pcd
Format = auto
Extension = pcd
Format = auto
Extension = pcd
Format = auto
Extension = pcd
Format = auto
Extension = pcd

fusion_method=early pred_boxes=26 gt_boxes=42
pred_scores_shape=(26,)
frame=18/41 receiver_sample=4/20 scenario=2026_07_29_02_32_08 timestamp=000094 cavs=[4, 1, 7, 12]
sgcp_constrained receiver=4 policy=all-cavs sources=[4, 1, 7, 12] clusters=20 ra=selective_edgecooper_global_pmax comm_bytes=79696 selected_grids={1: 13, 7: 13, 12: 12}
fusion_method=early pred_boxes=31 gt_boxes=54
pred_scores_shape=(31,)
frame=18/41 receiver_sample=5/20 scenario=2026_07_29_02_32_08 timestamp=000094 cavs=[5, 7, 13, 20]
sgcp_constrained receiver=5 policy=all-cavs sources=[5, 7, 13, 20] clusters=20 ra=selective_edgecooper_global_pmax comm_bytes=78896 selected_grids={7: 13, 13: 13, 20: 13}
fusion_method=early pred_boxes=30 gt_boxes=43
pred_scores_shape=(30,)
frame=18/41 receiver_sample=6/20 scenario=2026_07_29_02_32_08 timestamp=000094 cavs=[6, 15]
sgcp_constrained receiver=6 policy=all-cavs sources=[6, 15] clusters=20 ra=selective_edgecooper_global_pmax comm_bytes=22960 selected_grids={15: 13}
fusion_method=early pred_boxes=15 gt_boxes=25
pred_scores_shape=(15,)
frame=18/41 receiver_sample=7/20 scenario=2026_07_29_02_32_08 timestamp=000094 cavs=[7, 4, 12, 20]
sgcp_constrained receiver=7 policy=all-cavs sources=[7, 4, 12, 20] clusters=20 ra=selective_edgecooper_global_pmax comm_bytes=70736 selected_grids={4: 12, 12: 13, 20: 12}
fusion_method=early pred_boxes=30 gt_boxes=43
pred_scores_shape=(30,)
frame=18/41 receiver_sample=8/20 scenario=2026_07_29_02_32_08 timestamp=000094 cavs=[8, 1, 11, 12]
sgcp_constrained receiver=8 policy=all-cavs sources=[8, 1, 11, 12] clusters=20 ra=selective_edgecooper_global_pmax comm_bytes=82960 selected_grids={1: 13, 11: 13, 12: 13}
fusion_method=early pred_boxes=31 gt_boxes=47
pred_scores_shape=(31,)
frame=18/41 receiver_sample=9/20 scenario=2026_07_29_02_32_08 timestamp=000094 cavs=[9, 5, 13, 19]
sgcp_constrained receiver=9 policy=all-cavs sources=[9, 5, 13, 19] clusters=20 ra=selective_edgecooper_global_pmax comm_bytes=59760 selected_grids={5: 13, 13: 13, 19: 12}
fusion_method=early pred_boxes=26 gt_boxes=47
pred_scores_shape=(26,)
frame=18/41 receiver_sample=10/20 scenario=2026_07_29_02_32_08 timestamp=000094 cavs=[10, 5, 8, 9]
sgcp_constrained receiver=10 policy=all-cavs sources=[10, 5, 8, 9] clusters=20 ra=selective_edgecooper_global_pmax comm_bytes=64352 selected_grids={5: 13, 8: 13, 9: 12}
fusion_method=early pred_boxes=36 gt_boxes=53
pred_scores_shape=(36,)
frame=18/41 receiver_sample=11/20 scenario=2026_07_29_02_32_08 timestamp=000094 cavs=[11, 2, 8, 10]
sgcp_constrained receiver=11 policy=all-cavs sources=[11, 2, 8, 10] clusters=20 ra=selective_edgecooper_global_pmax comm_bytes=64208 selected_grids={2: 13, 8: 13, 10: 13}
fusion_method=early pred_boxes=32 gt_boxes=55
pred_scores_shape=(32,)
frame=18/41 receiver_sample=12/20 scenario=2026_07_29_02_32_08 timestamp=000094 cavs=[12, 4, 7]
sgcp_constrained receiver=12 policy=all-cavs sources=[12, 4, 7] clusters=20 ra=selective_edgecooper_global_pmax comm_bytes=50496 selected_grids={4: 13, 7: 13}
fusion_method=early pred_boxes=24 gt_boxes=45
pred_scores_shape=(24,)
frame=18/41 receiver_sample=13/20 scenario=2026_07_29_02_32_08 timestamp=000094 cavs=[13, 9, 10, 19]
sgcp_constrained receiver=13 policy=all-cavs sources=[13, 9, 10, 19] clusters=20 ra=selective_edgecooper_global_pmax comm_bytes=42144 selected_grids={9: 13, 10: 13, 19: 13}
fusion_method=early pred_boxes=24 gt_boxes=44
pred_scores_shape=(24,)
frame=18/41 receiver_sample=14/20 scenario=2026_07_29_02_32_08 timestamp=000094 cavs=[14]
sgcp_constrained receiver=14 policy=all-cavs sources=[14] clusters=20 ra=selective_edgecooper_global_pmax comm_bytes=0 selected_grids={}
fusion_method=early pred_boxes=5 gt_boxes=8
pred_scores_shape=(5,)
frame=18/41 receiver_sample=15/20 scenario=2026_07_29_02_32_08 timestamp=000094 cavs=[15, 6]
sgcp_constrained receiver=15 policy=all-cavs sources=[15, 6] clusters=20 ra=selective_edgecooper_global_pmax comm_bytes=31760 selected_grids={6: 13}
fusion_method=early pred_boxes=17 gt_boxes=25
pred_scores_shape=(17,)
frame=18/41 receiver_sample=16/20 scenario=2026_07_29_02_32_08 timestamp=000094 cavs=[16, 3, 17, 20]
sgcp_constrained receiver=16 policy=all-cavs sources=[16, 3, 17, 20] clusters=20 ra=selective_edgecooper_global_pmax comm_bytes=66144 selected_grids={3: 13, 17: 13, 20: 13}
fusion_method=early pred_boxes=35 gt_boxes=46
pred_scores_shape=(35,)
frame=18/41 receiver_sample=17/20 scenario=2026_07_29_02_32_08 timestamp=000094 cavs=[17, 3, 16]
sgcp_constrained receiver=17 policy=all-cavs sources=[17, 3, 16] clusters=20 ra=selective_edgecooper_global_pmax comm_bytes=44832 selected_grids={3: 13, 16: 13}
fusion_method=early pred_boxes=24 gt_boxes=40
pred_scores_shape=(24,)
frame=18/41 receiver_sample=18/20 scenario=2026_07_29_02_32_08 timestamp=000094 cavs=[18, 3]
sgcp_constrained receiver=18 policy=all-cavs sources=[18, 3] clusters=20 ra=selective_edgecooper_global_pmax comm_bytes=31968 selected_grids={3: 13}
fusion_method=early pred_boxes=16 gt_boxes=27
pred_scores_shape=(16,)
frame=18/41 receiver_sample=19/20 scenario=2026_07_29_02_32_08 timestamp=000094 cavs=[19, 9, 10, 13]
sgcp_constrained receiver=19 policy=all-cavs sources=[19, 9, 10, 13] clusters=20 ra=selective_edgecooper_global_pmax comm_bytes=50288 selected_grids={9: 13, 10: 13, 13: 13}
fusion_method=early pred_boxes=23 gt_boxes=44
pred_scores_shape=(23,)
frame=18/41 receiver_sample=20/20 scenario=2026_07_29_02_32_08 timestamp=000094 cavs=[20, 5, 16, 19]
sgcp_constrained receiver=20 policy=all-cavs sources=[20, 5, 16, 19] clusters=20 ra=selective_edgecooper_global_pmax comm_bytes=56816 selected_grids={5: 12, 16: 12, 19: 13}
fusion_method=early pred_boxes=28 gt_boxes=51
pred_scores_shape=(28,)
frame=19/41 receiver_sample=1/20 scenario=2026_07_29_02_32_08 timestamp=000096 cavs=[1, 2, 4, 8]
sgcp_constrained receiver=1 policy=all-cavs sources=[1, 2, 4, 8] clusters=20 ra=selective_edgecooper_global_pmax comm_bytes=68608 selected_grids={2: 12, 4: 12, 8: 11}
fusion_method=early pred_boxes=35 gt_boxes=54
pred_scores_shape=(35,)
frame=19/41 receiver_sample=2/20 scenario=2026_07_29_02_32_08 timestamp=000096 cavs=[2, 1, 10, 11]
sgcp_constrained receiver=2 policy=all-cavs sources=[2, 1, 10, 11] clusters=20 ra=selective_edgecooper_global_pmax comm_bytes=53072 selected_grids={1: 12, 10: 12, 11: 10}
fusion_method=early pred_boxes=28 gt_boxes=57
pred_scores_shape=(28,)
frame=19/41 receiver_sample=3/20 scenario=2026_07_29_02_32_08 timestamp=000096 cavs=[3, 16, 17, 18]
sgcp_constrained receiver=3 policy=all-cavs sources=[3, 16, 17, 18] clusters=20 ra=selective_edgecooper_global_pmax comm_bytes=78096 selected_grids={16: 12, 17: 12, 18: 13}
fusion_method=early pred_boxes=25 gt_boxes=42
pred_scores_shape=(25,)
frame=19/41 receiver_sample=4/20 scenario=2026_07_29_02_32_08 timestamp=000096 cavs=[4, 1, 7, 12]
sgcp_constrained receiver=4 policy=all-cavs sources=[4, 1, 7, 12] clusters=20 ra=selective_edgecooper_global_pmax comm_bytes=76896 selected_grids={1: 12, 7: 12, 12: 12}
fusion_method=early pred_boxes=32 gt_boxes=56
pred_scores_shape=(32,)
frame=19/41 receiver_sample=5/20 scenario=2026_07_29_02_32_08 timestamp=000096 cavs=[5, 7, 13, 20]
sgcp_constrained receiver=5 policy=all-cavs sources=[5, 7, 13, 20] clusters=20 ra=selective_edgecooper_global_pmax comm_bytes=73136 selected_grids={7: 12, 13: 12, 20: 12}
fusion_method=early pred_boxes=25 gt_boxes=43
pred_scores_shape=(25,)
frame=19/41 receiver_sample=6/20 scenario=2026_07_29_02_32_08 timestamp=000096 cavs=[6, 15]
sgcp_constrained receiver=6 policy=all-cavs sources=[6, 15] clusters=20 ra=selective_edgecooper_global_pmax comm_bytes=20960 selected_grids={15: 13}
fusion_method=early pred_boxes=15 gt_boxes=25
pred_scores_shape=(15,)
frame=19/41 receiver_sample=7/20 scenario=2026_07_29_02_32_08 timestamp=000096 cavs=[7, 4, 5, 12]
sgcp_constrained receiver=7 policy=all-cavs sources=[7, 4, 5, 12] clusters=20 ra=selective_edgecooper_global_pmax comm_bytes=65856 selected_grids={4: 12, 5: 12, 12: 12}
fusion_method=early pred_boxes=30 gt_boxes=44
pred_scores_shape=(30,)
frame=19/41 receiver_sample=8/20 scenario=2026_07_29_02_32_08 timestamp=000096 cavs=[8, 1, 11, 12]Format = auto
Extension = pcd
Format = auto
Extension = pcd
Format = auto
Extension = pcd
Format = auto
Extension = pcd
Format = auto
Extension = pcd
Format = auto
Extension = pcd
Format = auto
Extension = pcd
Format = auto
Extension = pcd
Format = auto
Extension = pcd
Format = auto
Extension = pcd
Format = auto
Extension = pcd
Format = auto
Extension = pcd
Format = auto
Extension = pcd
Format = auto
Extension = pcd
Format = auto
Extension = pcd
Format = auto
Extension = pcd
Format = auto
Extension = pcd
Format = auto
Extension = pcd
Format = auto
Extension = pcd
Format = auto
Extension = pcd

sgcp_constrained receiver=8 policy=all-cavs sources=[8, 1, 11, 12] clusters=20 ra=selective_edgecooper_global_pmax comm_bytes=79232 selected_grids={1: 12, 11: 12, 12: 12}
fusion_method=early pred_boxes=30 gt_boxes=46
pred_scores_shape=(30,)
frame=19/41 receiver_sample=9/20 scenario=2026_07_29_02_32_08 timestamp=000096 cavs=[9, 13, 19]
sgcp_constrained receiver=9 policy=all-cavs sources=[9, 13, 19] clusters=20 ra=selective_edgecooper_global_pmax comm_bytes=31248 selected_grids={13: 12, 19: 12}
fusion_method=early pred_boxes=21 gt_boxes=42
pred_scores_shape=(21,)
frame=19/41 receiver_sample=10/20 scenario=2026_07_29_02_32_08 timestamp=000096 cavs=[10, 5, 9, 11]
sgcp_constrained receiver=10 policy=all-cavs sources=[10, 5, 9, 11] clusters=20 ra=selective_edgecooper_global_pmax comm_bytes=67664 selected_grids={5: 12, 9: 12, 11: 12}
fusion_method=early pred_boxes=32 gt_boxes=59
pred_scores_shape=(32,)
frame=19/41 receiver_sample=11/20 scenario=2026_07_29_02_32_08 timestamp=000096 cavs=[11, 2, 8, 10]
sgcp_constrained receiver=11 policy=all-cavs sources=[11, 2, 8, 10] clusters=20 ra=selective_edgecooper_global_pmax comm_bytes=61776 selected_grids={2: 12, 8: 12, 10: 12}
fusion_method=early pred_boxes=31 gt_boxes=55
pred_scores_shape=(31,)
frame=19/41 receiver_sample=12/20 scenario=2026_07_29_02_32_08 timestamp=000096 cavs=[12, 4, 7, 8]
sgcp_constrained receiver=12 policy=all-cavs sources=[12, 4, 7, 8] clusters=20 ra=selective_edgecooper_global_pmax comm_bytes=67472 selected_grids={4: 12, 7: 12, 8: 13}
fusion_method=early pred_boxes=30 gt_boxes=48
pred_scores_shape=(30,)
frame=19/41 receiver_sample=13/20 scenario=2026_07_29_02_32_08 timestamp=000096 cavs=[13, 9, 10, 19]
sgcp_constrained receiver=13 policy=all-cavs sources=[13, 9, 10, 19] clusters=20 ra=selective_edgecooper_global_pmax comm_bytes=41568 selected_grids={9: 13, 10: 12, 19: 12}
fusion_method=early pred_boxes=21 gt_boxes=43
pred_scores_shape=(21,)
frame=19/41 receiver_sample=14/20 scenario=2026_07_29_02_32_08 timestamp=000096 cavs=[14]
sgcp_constrained receiver=14 policy=all-cavs sources=[14] clusters=20 ra=selective_edgecooper_global_pmax comm_bytes=0 selected_grids={}
fusion_method=early pred_boxes=4 gt_boxes=8
pred_scores_shape=(4,)
frame=19/41 receiver_sample=15/20 scenario=2026_07_29_02_32_08 timestamp=000096 cavs=[15, 6]
sgcp_constrained receiver=15 policy=all-cavs sources=[15, 6] clusters=20 ra=selective_edgecooper_global_pmax comm_bytes=30128 selected_grids={6: 12}
fusion_method=early pred_boxes=18 gt_boxes=25
pred_scores_shape=(18,)
frame=19/41 receiver_sample=16/20 scenario=2026_07_29_02_32_08 timestamp=000096 cavs=[16, 3, 17, 20]
sgcp_constrained receiver=16 policy=all-cavs sources=[16, 3, 17, 20] clusters=20 ra=selective_edgecooper_global_pmax comm_bytes=61872 selected_grids={3: 12, 17: 12, 20: 12}
fusion_method=early pred_boxes=31 gt_boxes=46
pred_scores_shape=(31,)
frame=19/41 receiver_sample=17/20 scenario=2026_07_29_02_32_08 timestamp=000096 cavs=[17, 3, 16]
sgcp_constrained receiver=17 policy=all-cavs sources=[17, 3, 16] clusters=20 ra=selective_edgecooper_global_pmax comm_bytes=44544 selected_grids={3: 12, 16: 12}
fusion_method=early pred_boxes=23 gt_boxes=40
pred_scores_shape=(23,)
frame=19/41 receiver_sample=18/20 scenario=2026_07_29_02_32_08 timestamp=000096 cavs=[18, 3]
sgcp_constrained receiver=18 policy=all-cavs sources=[18, 3] clusters=20 ra=selective_edgecooper_global_pmax comm_bytes=29440 selected_grids={3: 12}
fusion_method=early pred_boxes=16 gt_boxes=25
pred_scores_shape=(16,)
frame=19/41 receiver_sample=19/20 scenario=2026_07_29_02_32_08 timestamp=000096 cavs=[19, 9, 13, 20]
sgcp_constrained receiver=19 policy=all-cavs sources=[19, 9, 13, 20] clusters=20 ra=selective_edgecooper_global_pmax comm_bytes=71520 selected_grids={9: 12, 13: 12, 20: 12}
fusion_method=early pred_boxes=20 gt_boxes=45
pred_scores_shape=(20,)
frame=19/41 receiver_sample=20/20 scenario=2026_07_29_02_32_08 timestamp=000096 cavs=[20, 5, 16, 19]
sgcp_constrained receiver=20 policy=all-cavs sources=[20, 5, 16, 19] clusters=20 ra=selective_edgecooper_global_pmax comm_bytes=55712 selected_grids={5: 12, 16: 12, 19: 12}
fusion_method=early pred_boxes=29 gt_boxes=52
pred_scores_shape=(29,)
frame=20/41 receiver_sample=1/20 scenario=2026_07_29_02_32_08 timestamp=000098 cavs=[1, 2, 4, 8]
sgcp_constrained receiver=1 policy=all-cavs sources=[1, 2, 4, 8] clusters=20 ra=selective_edgecooper_global_pmax comm_bytes=64336 selected_grids={2: 11, 4: 11, 8: 10}
fusion_method=early pred_boxes=32 gt_boxes=53
pred_scores_shape=(32,)
frame=20/41 receiver_sample=2/20 scenario=2026_07_29_02_32_08 timestamp=000098 cavs=[2, 1, 10, 15]
sgcp_constrained receiver=2 policy=all-cavs sources=[2, 1, 10, 15] clusters=20 ra=selective_edgecooper_global_pmax comm_bytes=65872 selected_grids={1: 11, 10: 11, 15: 12}
fusion_method=early pred_boxes=26 gt_boxes=62
pred_scores_shape=(26,)
frame=20/41 receiver_sample=3/20 scenario=2026_07_29_02_32_08 timestamp=000098 cavs=[3, 16, 17, 18]
sgcp_constrained receiver=3 policy=all-cavs sources=[3, 16, 17, 18] clusters=20 ra=selective_edgecooper_global_pmax comm_bytes=74656 selected_grids={16: 11, 17: 12, 18: 12}
fusion_method=early pred_boxes=24 gt_boxes=41
pred_scores_shape=(24,)
frame=20/41 receiver_sample=4/20 scenario=2026_07_29_02_32_08 timestamp=000098 cavs=[4, 1, 7, 12]
sgcp_constrained receiver=4 policy=all-cavs sources=[4, 1, 7, 12] clusters=20 ra=selective_edgecooper_global_pmax comm_bytes=74224 selected_grids={1: 12, 7: 11, 12: 11}
fusion_method=early pred_boxes=32 gt_boxes=55
pred_scores_shape=(32,)
frame=20/41 receiver_sample=5/20 scenario=2026_07_29_02_32_08 timestamp=000098 cavs=[5, 7, 19, 20]
sgcp_constrained receiver=5 policy=all-cavs sources=[5, 7, 19, 20] clusters=20 ra=selective_edgecooper_global_pmax comm_bytes=65024 selected_grids={7: 11, 19: 11, 20: 11}
fusion_method=early pred_boxes=25 gt_boxes=43
pred_scores_shape=(25,)
frame=20/41 receiver_sample=6/20 scenario=2026_07_29_02_32_08 timestamp=000098 cavs=[6, 15]
sgcp_constrained receiver=6 policy=all-cavs sources=[6, 15] clusters=20 ra=selective_edgecooper_global_pmax comm_bytes=19024 selected_grids={15: 12}
fusion_method=early pred_boxes=16 gt_boxes=26
pred_scores_shape=(16,)
frame=20/41 receiver_sample=7/20 scenario=2026_07_29_02_32_08 timestamp=000098 cavs=[7, 4, 5, 12]
sgcp_constrained receiver=7 policy=all-cavs sources=[7, 4, 5, 12] clusters=20 ra=selective_edgecooper_global_pmax comm_bytes=67536 selected_grids={4: 11, 5: 12, 12: 12}
fusion_method=early pred_boxes=29 gt_boxes=42
pred_scores_shape=(29,)
frame=20/41 receiver_sample=8/20 scenario=2026_07_29_02_32_08 timestamp=000098 cavs=[8, 1, 11, 12]
sgcp_constrained receiver=8 policy=all-cavs sources=[8, 1, 11, 12] clusters=20 ra=selective_edgecooper_global_pmax comm_bytes=74464 selected_grids={1: 11, 11: 11, 12: 11}
fusion_method=early pred_boxes=30 gt_boxes=46
pred_scores_shape=(30,)
frame=20/41 receiver_sample=9/20 scenario=2026_07_29_02_32_08 timestamp=000098 cavs=[9, 11, 13]
sgcp_constrained receiver=9 policy=all-cavs sources=[9, 11, 13] clusters=20 ra=selective_edgecooper_global_pmax comm_bytes=50880 selected_grids={11: 11, 13: 11}
fusion_method=early pred_boxes=26 gt_boxes=47
pred_scores_shape=(26,)
frame=20/41 receiver_sample=10/20 scenario=2026_07_29_02_32_08 timestamp=000098 cavs=[10, 5, 8, 9]
sgcp_constrained receiver=10 policy=all-cavs sources=[10, 5, 8, 9] clusters=20 ra=selective_edgecooper_global_pmax comm_bytes=62736 selected_grids={5: 12, 8: 12, 9: 11}
fusion_method=early pred_boxes=31 gt_boxes=53
pred_scores_shape=(31,)
frame=20/41 receiver_sample=11/20 scenario=2026_07_29_02_32_08 timestamp=000098 cavs=[11, 2, 8, 10]
sgcp_constrained receiver=11 policy=all-cavs sources=[11, 2, 8, 10] clusters=20 ra=selective_edgecooper_global_pmax comm_bytes=58864 selected_grids={2: 11, 8: 12, 10: 11}
fusion_method=early pred_boxes=28 gt_boxes=56
pred_scores_shape=(28,)
frame=20/41 receiver_sample=12/20 scenario=2026_07_29_02_32_08 timestamp=000098 cavs=[12, 4, 7]
sgcp_constrained receiver=12 policy=all-cavs sources=[12, 4, 7] clusters=20 ra=selective_edgecooper_global_pmax comm_bytes=46016 selected_grids={4: 11, 7: 12}Format = auto
Extension = pcd
Format = auto
Extension = pcd
Format = auto
Extension = pcd
Format = auto
Extension = pcd
Format = auto
Extension = pcd
Format = auto
Extension = pcd
Format = auto
Extension = pcd
Format = auto
Extension = pcd
Format = auto
Extension = pcd
Format = auto
Extension = pcd
Format = auto
Extension = pcd
Format = auto
Extension = pcd
Format = auto
Extension = pcd
Format = auto
Extension = pcd
Format = auto
Extension = pcd
Format = auto
Extension = pcd
Format = auto
Extension = pcd
Format = auto
Extension = pcd
Format = auto
Extension = pcd
Format = auto
Extension = pcd

fusion_method=early pred_boxes=22 gt_boxes=45
pred_scores_shape=(22,)
frame=20/41 receiver_sample=13/20 scenario=2026_07_29_02_32_08 timestamp=000098 cavs=[13, 9, 10, 19]
sgcp_constrained receiver=13 policy=all-cavs sources=[13, 9, 10, 19] clusters=20 ra=selective_edgecooper_global_pmax comm_bytes=41920 selected_grids={9: 12, 10: 11, 19: 11}
fusion_method=early pred_boxes=21 gt_boxes=42
pred_scores_shape=(21,)
frame=20/41 receiver_sample=14/20 scenario=2026_07_29_02_32_08 timestamp=000098 cavs=[14]
sgcp_constrained receiver=14 policy=all-cavs sources=[14] clusters=20 ra=selective_edgecooper_global_pmax comm_bytes=0 selected_grids={}
fusion_method=early pred_boxes=4 gt_boxes=9
pred_scores_shape=(4,)
frame=20/41 receiver_sample=15/20 scenario=2026_07_29_02_32_08 timestamp=000098 cavs=[15, 2, 6]
sgcp_constrained receiver=15 policy=all-cavs sources=[15, 2, 6] clusters=20 ra=selective_edgecooper_global_pmax comm_bytes=59056 selected_grids={2: 11, 6: 11}
fusion_method=early pred_boxes=22 gt_boxes=46
pred_scores_shape=(22,)
frame=20/41 receiver_sample=16/20 scenario=2026_07_29_02_32_08 timestamp=000098 cavs=[16, 3, 17, 20]
sgcp_constrained receiver=16 policy=all-cavs sources=[16, 3, 17, 20] clusters=20 ra=selective_edgecooper_global_pmax comm_bytes=60944 selected_grids={3: 11, 17: 12, 20: 11}
fusion_method=early pred_boxes=27 gt_boxes=47
pred_scores_shape=(27,)
frame=20/41 receiver_sample=17/20 scenario=2026_07_29_02_32_08 timestamp=000098 cavs=[17, 3, 16]
sgcp_constrained receiver=17 policy=all-cavs sources=[17, 3, 16] clusters=20 ra=selective_edgecooper_global_pmax comm_bytes=41264 selected_grids={3: 11, 16: 11}
fusion_method=early pred_boxes=24 gt_boxes=39
pred_scores_shape=(24,)
frame=20/41 receiver_sample=18/20 scenario=2026_07_29_02_32_08 timestamp=000098 cavs=[18, 3]
sgcp_constrained receiver=18 policy=all-cavs sources=[18, 3] clusters=20 ra=selective_edgecooper_global_pmax comm_bytes=27520 selected_grids={3: 11}
fusion_method=early pred_boxes=15 gt_boxes=25
pred_scores_shape=(15,)
frame=20/41 receiver_sample=19/20 scenario=2026_07_29_02_32_08 timestamp=000098 cavs=[19, 9, 13, 20]
sgcp_constrained receiver=19 policy=all-cavs sources=[19, 9, 13, 20] clusters=20 ra=selective_edgecooper_global_pmax comm_bytes=68880 selected_grids={9: 11, 13: 12, 20: 11}
fusion_method=early pred_boxes=23 gt_boxes=45
pred_scores_shape=(23,)
frame=20/41 receiver_sample=20/20 scenario=2026_07_29_02_32_08 timestamp=000098 cavs=[20, 5, 16, 19]
sgcp_constrained receiver=20 policy=all-cavs sources=[20, 5, 16, 19] clusters=20 ra=selective_edgecooper_global_pmax comm_bytes=55584 selected_grids={5: 11, 16: 11, 19: 12}
fusion_method=early pred_boxes=26 gt_boxes=52
pred_scores_shape=(26,)
frame=21/41 receiver_sample=1/20 scenario=2026_07_29_02_32_08 timestamp=000100 cavs=[1, 2, 4, 8]
sgcp_constrained receiver=1 policy=all-cavs sources=[1, 2, 4, 8] clusters=20 ra=selective_edgecooper_global_pmax comm_bytes=62032 selected_grids={2: 10, 4: 11, 8: 9}
fusion_method=early pred_boxes=32 gt_boxes=53
pred_scores_shape=(32,)
frame=21/41 receiver_sample=2/20 scenario=2026_07_29_02_32_08 timestamp=000100 cavs=[2, 1, 10, 15]
sgcp_constrained receiver=2 policy=all-cavs sources=[2, 1, 10, 15] clusters=20 ra=selective_edgecooper_global_pmax comm_bytes=62608 selected_grids={1: 10, 10: 10, 15: 11}
fusion_method=early pred_boxes=28 gt_boxes=61
pred_scores_shape=(28,)
frame=21/41 receiver_sample=3/20 scenario=2026_07_29_02_32_08 timestamp=000100 cavs=[3, 16, 17, 18]
sgcp_constrained receiver=3 policy=all-cavs sources=[3, 16, 17, 18] clusters=20 ra=selective_edgecooper_global_pmax comm_bytes=70176 selected_grids={16: 11, 17: 11, 18: 11}
fusion_method=early pred_boxes=23 gt_boxes=38
pred_scores_shape=(23,)
frame=21/41 receiver_sample=4/20 scenario=2026_07_29_02_32_08 timestamp=000100 cavs=[4, 1, 7, 12]
sgcp_constrained receiver=4 policy=all-cavs sources=[4, 1, 7, 12] clusters=20 ra=selective_edgecooper_global_pmax comm_bytes=71184 selected_grids={1: 11, 7: 11, 12: 10}
fusion_method=early pred_boxes=33 gt_boxes=55
pred_scores_shape=(33,)
frame=21/41 receiver_sample=5/20 scenario=2026_07_29_02_32_08 timestamp=000100 cavs=[5, 7, 16, 19]
sgcp_constrained receiver=5 policy=all-cavs sources=[5, 7, 16, 19] clusters=20 ra=selective_edgecooper_global_pmax comm_bytes=70656 selected_grids={7: 11, 16: 11, 19: 11}
fusion_method=early pred_boxes=27 gt_boxes=47
pred_scores_shape=(27,)
frame=21/41 receiver_sample=6/20 scenario=2026_07_29_02_32_08 timestamp=000100 cavs=[6, 15]
sgcp_constrained receiver=6 policy=all-cavs sources=[6, 15] clusters=20 ra=selective_edgecooper_global_pmax comm_bytes=19424 selected_grids={15: 11}
fusion_method=early pred_boxes=16 gt_boxes=29
pred_scores_shape=(16,)
frame=21/41 receiver_sample=7/20 scenario=2026_07_29_02_32_08 timestamp=000100 cavs=[7, 4, 5, 12]
sgcp_constrained receiver=7 policy=all-cavs sources=[7, 4, 5, 12] clusters=20 ra=selective_edgecooper_global_pmax comm_bytes=63600 selected_grids={4: 10, 5: 11, 12: 11}
fusion_method=early pred_boxes=32 gt_boxes=44
pred_scores_shape=(32,)
frame=21/41 receiver_sample=8/20 scenario=2026_07_29_02_32_08 timestamp=000100 cavs=[8, 1, 11, 12]
sgcp_constrained receiver=8 policy=all-cavs sources=[8, 1, 11, 12] clusters=20 ra=selective_edgecooper_global_pmax comm_bytes=74784 selected_grids={1: 11, 11: 11, 12: 11}
fusion_method=early pred_boxes=31 gt_boxes=46
pred_scores_shape=(31,)
frame=21/41 receiver_sample=9/20 scenario=2026_07_29_02_32_08 timestamp=000100 cavs=[9, 11, 13]
sgcp_constrained receiver=9 policy=all-cavs sources=[9, 11, 13] clusters=20 ra=selective_edgecooper_global_pmax comm_bytes=50992 selected_grids={11: 11, 13: 11}
fusion_method=early pred_boxes=25 gt_boxes=45
pred_scores_shape=(25,)
frame=21/41 receiver_sample=10/20 scenario=2026_07_29_02_32_08 timestamp=000100 cavs=[10, 5, 8, 9]
sgcp_constrained receiver=10 policy=all-cavs sources=[10, 5, 8, 9] clusters=20 ra=selective_edgecooper_global_pmax comm_bytes=61008 selected_grids={5: 11, 8: 11, 9: 11}
fusion_method=early pred_boxes=29 gt_boxes=54
pred_scores_shape=(29,)
frame=21/41 receiver_sample=11/20 scenario=2026_07_29_02_32_08 timestamp=000100 cavs=[11, 2, 8, 10]
sgcp_constrained receiver=11 policy=all-cavs sources=[11, 2, 8, 10] clusters=20 ra=selective_edgecooper_global_pmax comm_bytes=55472 selected_grids={2: 10, 8: 11, 10: 10}
fusion_method=early pred_boxes=29 gt_boxes=56
pred_scores_shape=(29,)
frame=21/41 receiver_sample=12/20 scenario=2026_07_29_02_32_08 timestamp=000100 cavs=[12, 4, 7]
sgcp_constrained receiver=12 policy=all-cavs sources=[12, 4, 7] clusters=20 ra=selective_edgecooper_global_pmax comm_bytes=44992 selected_grids={4: 10, 7: 11}
fusion_method=early pred_boxes=21 gt_boxes=45
pred_scores_shape=(21,)
frame=21/41 receiver_sample=13/20 scenario=2026_07_29_02_32_08 timestamp=000100 cavs=[13, 9, 10, 19]
sgcp_constrained receiver=13 policy=all-cavs sources=[13, 9, 10, 19] clusters=20 ra=selective_edgecooper_global_pmax comm_bytes=41072 selected_grids={9: 11, 10: 10, 19: 10}
fusion_method=early pred_boxes=21 gt_boxes=42
pred_scores_shape=(21,)
frame=21/41 receiver_sample=14/20 scenario=2026_07_29_02_32_08 timestamp=000100 cavs=[14]
sgcp_constrained receiver=14 policy=all-cavs sources=[14] clusters=20 ra=selective_edgecooper_global_pmax comm_bytes=0 selected_grids={}
fusion_method=early pred_boxes=4 gt_boxes=8
pred_scores_shape=(4,)
frame=21/41 receiver_sample=15/20 scenario=2026_07_29_02_32_08 timestamp=000100 cavs=[15, 2, 6]
sgcp_constrained receiver=15 policy=all-cavs sources=[15, 2, 6] clusters=20 ra=selective_edgecooper_global_pmax comm_bytes=59024 selected_grids={2: 11, 6: 11}
fusion_method=early pred_boxes=24 gt_boxes=47
pred_scores_shape=(24,)
frame=21/41 receiver_sample=16/20 scenario=2026_07_29_02_32_08 timestamp=000100 cavs=[16, 3, 17, 20]
sgcp_constrained receiver=16 policy=all-cavs sources=[16, 3, 17, 20] clusters=20 ra=selective_edgecooper_global_pmax comm_bytes=58672 selected_grids={3: 11, 17: 11, 20: 10}
fusion_method=early pred_boxes=28 gt_boxes=47
pred_scores_shape=(28,)
frame=21/41 receiver_sample=17/20 scenario=2026_07_29_02_32_08 timestamp=000100 cavs=[17, 3, 16, 20]Format = auto
Extension = pcd
Format = auto
Extension = pcd
Format = auto
Extension = pcd
Format = auto
Extension = pcd
Format = auto
Extension = pcd
Format = auto
Extension = pcd
Format = auto
Extension = pcd
Format = auto
Extension = pcd
Format = auto
Extension = pcd
Format = auto
Extension = pcd
Format = auto
Extension = pcd
Format = auto
Extension = pcd
Format = auto
Extension = pcd
Format = auto
Extension = pcd
Format = auto
Extension = pcd
Format = auto
Extension = pcd
Format = auto
Extension = pcd
Format = auto
Extension = pcd
Format = auto
Extension = pcd
Format = auto
Extension = pcd
Format = auto
Extension = pcd
Format = auto
Extension = pcd
Format = auto
Extension = pcd
Format = auto
Extension = pcd
Format = auto
Extension = pcd
Format = auto
Extension = pcd
Format = auto
Extension = pcd
Format = auto
Extension = pcd
Format = auto
Extension = pcd
Format = auto
Extension = pcd
Format = auto
Extension = pcd
Format = auto
Extension = pcd
Format = auto
Extension = pcd
Format = auto
Extension = pcd
Format = auto
Extension = pcd
Format = auto
Extension = pcd
Format = auto
Extension = pcd
Format = auto
Extension = pcd
Format = auto
Extension = pcd
Format = auto
Extension = pcd

sgcp_constrained receiver=17 policy=all-cavs sources=[17, 3, 16, 20] clusters=20 ra=selective_edgecooper_global_pmax comm_bytes=54608 selected_grids={3: 10, 16: 10, 20: 10}
fusion_method=early pred_boxes=26 gt_boxes=44
pred_scores_shape=(26,)
frame=21/41 receiver_sample=18/20 scenario=2026_07_29_02_32_08 timestamp=000100 cavs=[18, 3]
sgcp_constrained receiver=18 policy=all-cavs sources=[18, 3] clusters=20 ra=selective_edgecooper_global_pmax comm_bytes=25856 selected_grids={3: 11}
fusion_method=early pred_boxes=14 gt_boxes=25
pred_scores_shape=(14,)
frame=21/41 receiver_sample=19/20 scenario=2026_07_29_02_32_08 timestamp=000100 cavs=[19, 9, 13, 20]
sgcp_constrained receiver=19 policy=all-cavs sources=[19, 9, 13, 20] clusters=20 ra=selective_edgecooper_global_pmax comm_bytes=67296 selected_grids={9: 10, 13: 11, 20: 11}
fusion_method=early pred_boxes=23 gt_boxes=46
pred_scores_shape=(23,)
frame=21/41 receiver_sample=20/20 scenario=2026_07_29_02_32_08 timestamp=000100 cavs=[20, 5, 17, 19]
sgcp_constrained receiver=20 policy=all-cavs sources=[20, 5, 17, 19] clusters=20 ra=selective_edgecooper_global_pmax comm_bytes=65344 selected_grids={5: 10, 17: 11, 19: 11}
fusion_method=early pred_boxes=31 gt_boxes=55
pred_scores_shape=(31,)
frame=22/41 receiver_sample=1/20 scenario=2026_07_29_02_32_08 timestamp=000102 cavs=[1, 2, 4, 8]
sgcp_constrained receiver=1 policy=all-cavs sources=[1, 2, 4, 8] clusters=20 ra=selective_edgecooper_global_pmax comm_bytes=65168 selected_grids={2: 11, 4: 12, 8: 10}
fusion_method=early pred_boxes=30 gt_boxes=53
pred_scores_shape=(30,)
frame=22/41 receiver_sample=2/20 scenario=2026_07_29_02_32_08 timestamp=000102 cavs=[2, 1, 11, 15]
sgcp_constrained receiver=2 policy=all-cavs sources=[2, 1, 11, 15] clusters=20 ra=selective_edgecooper_global_pmax comm_bytes=48096 selected_grids={1: 11, 11: 11, 15: 12}
fusion_method=early pred_boxes=25 gt_boxes=55
pred_scores_shape=(25,)
frame=22/41 receiver_sample=3/20 scenario=2026_07_29_02_32_08 timestamp=000102 cavs=[3, 16, 17, 18]
sgcp_constrained receiver=3 policy=all-cavs sources=[3, 16, 17, 18] clusters=20 ra=selective_edgecooper_global_pmax comm_bytes=71840 selected_grids={16: 12, 17: 10, 18: 12}
fusion_method=early pred_boxes=25 gt_boxes=39
pred_scores_shape=(25,)
frame=22/41 receiver_sample=4/20 scenario=2026_07_29_02_32_08 timestamp=000102 cavs=[4, 1, 7, 12]
sgcp_constrained receiver=4 policy=all-cavs sources=[4, 1, 7, 12] clusters=20 ra=selective_edgecooper_global_pmax comm_bytes=76080 selected_grids={1: 12, 7: 11, 12: 11}
fusion_method=early pred_boxes=33 gt_boxes=53
pred_scores_shape=(33,)
frame=22/41 receiver_sample=5/20 scenario=2026_07_29_02_32_08 timestamp=000102 cavs=[5, 16, 19, 20]
sgcp_constrained receiver=5 policy=all-cavs sources=[5, 16, 19, 20] clusters=20 ra=selective_edgecooper_global_pmax comm_bytes=61888 selected_grids={16: 11, 19: 12, 20: 10}
fusion_method=early pred_boxes=26 gt_boxes=47
pred_scores_shape=(26,)
frame=22/41 receiver_sample=6/20 scenario=2026_07_29_02_32_08 timestamp=000102 cavs=[6, 15]
sgcp_constrained receiver=6 policy=all-cavs sources=[6, 15] clusters=20 ra=selective_edgecooper_global_pmax comm_bytes=19232 selected_grids={15: 12}
fusion_method=early pred_boxes=16 gt_boxes=28
pred_scores_shape=(16,)
frame=22/41 receiver_sample=7/20 scenario=2026_07_29_02_32_08 timestamp=000102 cavs=[7, 4, 5, 12]
sgcp_constrained receiver=7 policy=all-cavs sources=[7, 4, 5, 12] clusters=20 ra=selective_edgecooper_global_pmax comm_bytes=67744 selected_grids={4: 11, 5: 12, 12: 12}
fusion_method=early pred_boxes=29 gt_boxes=45
pred_scores_shape=(29,)
frame=22/41 receiver_sample=8/20 scenario=2026_07_29_02_32_08 timestamp=000102 cavs=[8, 1, 11, 12]
sgcp_constrained receiver=8 policy=all-cavs sources=[8, 1, 11, 12] clusters=20 ra=selective_edgecooper_global_pmax comm_bytes=75440 selected_grids={1: 11, 11: 11, 12: 12}
fusion_method=early pred_boxes=31 gt_boxes=46
pred_scores_shape=(31,)
frame=22/41 receiver_sample=9/20 scenario=2026_07_29_02_32_08 timestamp=000102 cavs=[9, 11, 13]
sgcp_constrained receiver=9 policy=all-cavs sources=[9, 11, 13] clusters=20 ra=selective_edgecooper_global_pmax comm_bytes=52512 selected_grids={11: 11, 13: 12}
fusion_method=early pred_boxes=27 gt_boxes=44
pred_scores_shape=(27,)
frame=22/41 receiver_sample=10/20 scenario=2026_07_29_02_32_08 timestamp=000102 cavs=[10, 5, 8, 9]
sgcp_constrained receiver=10 policy=all-cavs sources=[10, 5, 8, 9] clusters=20 ra=selective_edgecooper_global_pmax comm_bytes=63936 selected_grids={5: 12, 8: 12, 9: 11}
fusion_method=early pred_boxes=30 gt_boxes=54
pred_scores_shape=(30,)
frame=22/41 receiver_sample=11/20 scenario=2026_07_29_02_32_08 timestamp=000102 cavs=[11, 2, 8, 10]
sgcp_constrained receiver=11 policy=all-cavs sources=[11, 2, 8, 10] clusters=20 ra=selective_edgecooper_global_pmax comm_bytes=61072 selected_grids={2: 11, 8: 12, 10: 12}
fusion_method=early pred_boxes=27 gt_boxes=56
pred_scores_shape=(27,)
frame=22/41 receiver_sample=12/20 scenario=2026_07_29_02_32_08 timestamp=000102 cavs=[12, 4, 7]
sgcp_constrained receiver=12 policy=all-cavs sources=[12, 4, 7] clusters=20 ra=selective_edgecooper_global_pmax comm_bytes=48704 selected_grids={4: 11, 7: 12}
fusion_method=early pred_boxes=23 gt_boxes=45
pred_scores_shape=(23,)
frame=22/41 receiver_sample=13/20 scenario=2026_07_29_02_32_08 timestamp=000102 cavs=[13, 9, 10, 19]
sgcp_constrained receiver=13 policy=all-cavs sources=[13, 9, 10, 19] clusters=20 ra=selective_edgecooper_global_pmax comm_bytes=43360 selected_grids={9: 12, 10: 11, 19: 11}
fusion_method=early pred_boxes=22 gt_boxes=42
pred_scores_shape=(22,)
frame=22/41 receiver_sample=14/20 scenario=2026_07_29_02_32_08 timestamp=000102 cavs=[14]
sgcp_constrained receiver=14 policy=all-cavs sources=[14] clusters=20 ra=selective_edgecooper_global_pmax comm_bytes=0 selected_grids={}
fusion_method=early pred_boxes=5 gt_boxes=8
pred_scores_shape=(5,)
frame=22/41 receiver_sample=15/20 scenario=2026_07_29_02_32_08 timestamp=000102 cavs=[15, 2, 6]
sgcp_constrained receiver=15 policy=all-cavs sources=[15, 2, 6] clusters=20 ra=selective_edgecooper_global_pmax comm_bytes=57792 selected_grids={2: 12, 6: 12}
fusion_method=early pred_boxes=25 gt_boxes=47
pred_scores_shape=(25,)
frame=22/41 receiver_sample=16/20 scenario=2026_07_29_02_32_08 timestamp=000102 cavs=[16, 3, 17, 20]
sgcp_constrained receiver=16 policy=all-cavs sources=[16, 3, 17, 20] clusters=20 ra=selective_edgecooper_global_pmax comm_bytes=62304 selected_grids={3: 12, 17: 12, 20: 11}
fusion_method=early pred_boxes=27 gt_boxes=47
pred_scores_shape=(27,)
frame=22/41 receiver_sample=17/20 scenario=2026_07_29_02_32_08 timestamp=000102 cavs=[17, 3, 16, 20]
sgcp_constrained receiver=17 policy=all-cavs sources=[17, 3, 16, 20] clusters=20 ra=selective_edgecooper_global_pmax comm_bytes=57568 selected_grids={3: 11, 16: 11, 20: 11}
fusion_method=early pred_boxes=25 gt_boxes=44
pred_scores_shape=(25,)
frame=22/41 receiver_sample=18/20 scenario=2026_07_29_02_32_08 timestamp=000102 cavs=[18, 3]
sgcp_constrained receiver=18 policy=all-cavs sources=[18, 3] clusters=20 ra=selective_edgecooper_global_pmax comm_bytes=27408 selected_grids={3: 11}
fusion_method=early pred_boxes=13 gt_boxes=25
pred_scores_shape=(13,)
frame=22/41 receiver_sample=19/20 scenario=2026_07_29_02_32_08 timestamp=000102 cavs=[19, 9, 10, 13]
sgcp_constrained receiver=19 policy=all-cavs sources=[19, 9, 10, 13] clusters=20 ra=selective_edgecooper_global_pmax comm_bytes=49312 selected_grids={9: 11, 10: 11, 13: 11}
fusion_method=early pred_boxes=22 gt_boxes=44
pred_scores_shape=(22,)
frame=22/41 receiver_sample=20/20 scenario=2026_07_29_02_32_08 timestamp=000102 cavs=[20, 5, 17, 19]
sgcp_constrained receiver=20 policy=all-cavs sources=[20, 5, 17, 19] clusters=20 ra=selective_edgecooper_global_pmax comm_bytes=69344 selected_grids={5: 11, 17: 12, 19: 12}
fusion_method=early pred_boxes=31 gt_boxes=54
pred_scores_shape=(31,)
frame=23/41 receiver_sample=1/20 scenario=2026_07_29_02_32_08 timestamp=000104 cavs=[1, 2, 4, 8]
sgcp_constrained receiver=1 policy=all-cavs sources=[1, 2, 4, 8] clusters=20 ra=selective_edgecooper_global_pmax comm_bytes=64528 selected_grids={2: 11, 4: 11, 8: 10}Format = auto
Extension = pcd
Format = auto
Extension = pcd
Format = auto
Extension = pcd
Format = auto
Extension = pcd
Format = auto
Extension = pcd
Format = auto
Extension = pcd
Format = auto
Extension = pcd
Format = auto
Extension = pcd
Format = auto
Extension = pcd
Format = auto
Extension = pcd
Format = auto
Extension = pcd
Format = auto
Extension = pcd
Format = auto
Extension = pcd
Format = auto
Extension = pcd
Format = auto
Extension = pcd
Format = auto
Extension = pcd
Format = auto
Extension = pcd
Format = auto
Extension = pcd
Format = auto
Extension = pcd
Format = auto
Extension = pcd

fusion_method=early pred_boxes=33 gt_boxes=53
pred_scores_shape=(33,)
frame=23/41 receiver_sample=2/20 scenario=2026_07_29_02_32_08 timestamp=000104 cavs=[2, 1, 11, 15]
sgcp_constrained receiver=2 policy=all-cavs sources=[2, 1, 11, 15] clusters=20 ra=selective_edgecooper_global_pmax comm_bytes=46976 selected_grids={1: 11, 11: 11, 15: 11}
fusion_method=early pred_boxes=24 gt_boxes=55
pred_scores_shape=(24,)
frame=23/41 receiver_sample=3/20 scenario=2026_07_29_02_32_08 timestamp=000104 cavs=[3, 16, 17, 18]
sgcp_constrained receiver=3 policy=all-cavs sources=[3, 16, 17, 18] clusters=20 ra=selective_edgecooper_global_pmax comm_bytes=70000 selected_grids={16: 11, 17: 10, 18: 12}
fusion_method=early pred_boxes=21 gt_boxes=39
pred_scores_shape=(21,)
frame=23/41 receiver_sample=4/20 scenario=2026_07_29_02_32_08 timestamp=000104 cavs=[4, 1, 7, 12]
sgcp_constrained receiver=4 policy=all-cavs sources=[4, 1, 7, 12] clusters=20 ra=selective_edgecooper_global_pmax comm_bytes=74816 selected_grids={1: 11, 7: 11, 12: 11}
fusion_method=early pred_boxes=32 gt_boxes=54
pred_scores_shape=(32,)
frame=23/41 receiver_sample=5/20 scenario=2026_07_29_02_32_08 timestamp=000104 cavs=[5, 9, 16, 20]
sgcp_constrained receiver=5 policy=all-cavs sources=[5, 9, 16, 20] clusters=20 ra=selective_edgecooper_global_pmax comm_bytes=58992 selected_grids={9: 11, 16: 11, 20: 8}
fusion_method=early pred_boxes=26 gt_boxes=46
pred_scores_shape=(26,)
frame=23/41 receiver_sample=6/20 scenario=2026_07_29_02_32_08 timestamp=000104 cavs=[6, 15]
sgcp_constrained receiver=6 policy=all-cavs sources=[6, 15] clusters=20 ra=selective_edgecooper_global_pmax comm_bytes=19232 selected_grids={15: 11}
fusion_method=early pred_boxes=17 gt_boxes=28
pred_scores_shape=(17,)
frame=23/41 receiver_sample=7/20 scenario=2026_07_29_02_32_08 timestamp=000104 cavs=[7, 4, 5, 12]
sgcp_constrained receiver=7 policy=all-cavs sources=[7, 4, 5, 12] clusters=20 ra=selective_edgecooper_global_pmax comm_bytes=64448 selected_grids={4: 11, 5: 11, 12: 11}
fusion_method=early pred_boxes=30 gt_boxes=46
pred_scores_shape=(30,)
frame=23/41 receiver_sample=8/20 scenario=2026_07_29_02_32_08 timestamp=000104 cavs=[8, 1, 11, 12]
sgcp_constrained receiver=8 policy=all-cavs sources=[8, 1, 11, 12] clusters=20 ra=selective_edgecooper_global_pmax comm_bytes=73824 selected_grids={1: 11, 11: 11, 12: 11}
fusion_method=early pred_boxes=30 gt_boxes=46
pred_scores_shape=(30,)
frame=23/41 receiver_sample=9/20 scenario=2026_07_29_02_32_08 timestamp=000104 cavs=[9, 11, 13, 19]
sgcp_constrained receiver=9 policy=all-cavs sources=[9, 11, 13, 19] clusters=20 ra=selective_edgecooper_global_pmax comm_bytes=60736 selected_grids={11: 11, 13: 11, 19: 10}
fusion_method=early pred_boxes=25 gt_boxes=44
pred_scores_shape=(25,)
frame=23/41 receiver_sample=10/20 scenario=2026_07_29_02_32_08 timestamp=000104 cavs=[10, 5, 8, 13]
sgcp_constrained receiver=10 policy=all-cavs sources=[10, 5, 8, 13] clusters=20 ra=selective_edgecooper_global_pmax comm_bytes=69888 selected_grids={5: 11, 8: 12, 13: 11}
fusion_method=early pred_boxes=30 gt_boxes=54
pred_scores_shape=(30,)
frame=23/41 receiver_sample=11/20 scenario=2026_07_29_02_32_08 timestamp=000104 cavs=[11, 2, 8, 10]
sgcp_constrained receiver=11 policy=all-cavs sources=[11, 2, 8, 10] clusters=20 ra=selective_edgecooper_global_pmax comm_bytes=58416 selected_grids={2: 11, 8: 11, 10: 11}
fusion_method=early pred_boxes=26 gt_boxes=56
pred_scores_shape=(26,)
frame=23/41 receiver_sample=12/20 scenario=2026_07_29_02_32_08 timestamp=000104 cavs=[12, 4, 7]
sgcp_constrained receiver=12 policy=all-cavs sources=[12, 4, 7] clusters=20 ra=selective_edgecooper_global_pmax comm_bytes=47600 selected_grids={4: 11, 7: 11}
fusion_method=early pred_boxes=21 gt_boxes=45
pred_scores_shape=(21,)
frame=23/41 receiver_sample=13/20 scenario=2026_07_29_02_32_08 timestamp=000104 cavs=[13, 9, 10, 19]
sgcp_constrained receiver=13 policy=all-cavs sources=[13, 9, 10, 19] clusters=20 ra=selective_edgecooper_global_pmax comm_bytes=43328 selected_grids={9: 11, 10: 11, 19: 11}
fusion_method=early pred_boxes=21 gt_boxes=42
pred_scores_shape=(21,)
frame=23/41 receiver_sample=14/20 scenario=2026_07_29_02_32_08 timestamp=000104 cavs=[14]
sgcp_constrained receiver=14 policy=all-cavs sources=[14] clusters=20 ra=selective_edgecooper_global_pmax comm_bytes=0 selected_grids={}
fusion_method=early pred_boxes=4 gt_boxes=8
pred_scores_shape=(4,)
frame=23/41 receiver_sample=15/20 scenario=2026_07_29_02_32_08 timestamp=000104 cavs=[15, 2, 6]
sgcp_constrained receiver=15 policy=all-cavs sources=[15, 2, 6] clusters=20 ra=selective_edgecooper_global_pmax comm_bytes=57808 selected_grids={2: 11, 6: 11}
fusion_method=early pred_boxes=22 gt_boxes=47
pred_scores_shape=(22,)
frame=23/41 receiver_sample=16/20 scenario=2026_07_29_02_32_08 timestamp=000104 cavs=[16, 3, 7, 20]
sgcp_constrained receiver=16 policy=all-cavs sources=[16, 3, 7, 20] clusters=20 ra=selective_edgecooper_global_pmax comm_bytes=65616 selected_grids={3: 11, 7: 11, 20: 11}
fusion_method=early pred_boxes=27 gt_boxes=53
pred_scores_shape=(27,)
frame=23/41 receiver_sample=17/20 scenario=2026_07_29_02_32_08 timestamp=000104 cavs=[17, 3, 16, 20]
sgcp_constrained receiver=17 policy=all-cavs sources=[17, 3, 16, 20] clusters=20 ra=selective_edgecooper_global_pmax comm_bytes=58656 selected_grids={3: 11, 16: 11, 20: 11}
fusion_method=early pred_boxes=28 gt_boxes=44
pred_scores_shape=(28,)
frame=23/41 receiver_sample=18/20 scenario=2026_07_29_02_32_08 timestamp=000104 cavs=[18, 3]
sgcp_constrained receiver=18 policy=all-cavs sources=[18, 3] clusters=20 ra=selective_edgecooper_global_pmax comm_bytes=27872 selected_grids={3: 11}
fusion_method=early pred_boxes=14 gt_boxes=24
pred_scores_shape=(14,)
frame=23/41 receiver_sample=19/20 scenario=2026_07_29_02_32_08 timestamp=000104 cavs=[19, 9, 10, 13]
sgcp_constrained receiver=19 policy=all-cavs sources=[19, 9, 10, 13] clusters=20 ra=selective_edgecooper_global_pmax comm_bytes=49824 selected_grids={9: 11, 10: 11, 13: 11}
fusion_method=early pred_boxes=23 gt_boxes=44
pred_scores_shape=(23,)
frame=23/41 receiver_sample=20/20 scenario=2026_07_29_02_32_08 timestamp=000104 cavs=[20, 5, 17, 19]
sgcp_constrained receiver=20 policy=all-cavs sources=[20, 5, 17, 19] clusters=20 ra=selective_edgecooper_global_pmax comm_bytes=66240 selected_grids={5: 11, 17: 11, 19: 12}
fusion_method=early pred_boxes=30 gt_boxes=54
pred_scores_shape=(30,)
frame=24/41 receiver_sample=1/20 scenario=2026_07_29_02_32_08 timestamp=000106 cavs=[1, 2, 4, 8]
sgcp_constrained receiver=1 policy=all-cavs sources=[1, 2, 4, 8] clusters=20 ra=selective_edgecooper_global_pmax comm_bytes=60576 selected_grids={2: 10, 4: 10, 8: 9}
fusion_method=early pred_boxes=33 gt_boxes=52
pred_scores_shape=(33,)
frame=24/41 receiver_sample=2/20 scenario=2026_07_29_02_32_08 timestamp=000106 cavs=[2, 1, 10, 15]
sgcp_constrained receiver=2 policy=all-cavs sources=[2, 1, 10, 15] clusters=20 ra=selective_edgecooper_global_pmax comm_bytes=59232 selected_grids={1: 10, 10: 10, 15: 11}
fusion_method=early pred_boxes=29 gt_boxes=60
pred_scores_shape=(29,)
frame=24/41 receiver_sample=3/20 scenario=2026_07_29_02_32_08 timestamp=000106 cavs=[3, 16, 17, 18]
sgcp_constrained receiver=3 policy=all-cavs sources=[3, 16, 17, 18] clusters=20 ra=selective_edgecooper_global_pmax comm_bytes=68656 selected_grids={16: 11, 17: 10, 18: 11}
fusion_method=early pred_boxes=21 gt_boxes=38
pred_scores_shape=(21,)
frame=24/41 receiver_sample=4/20 scenario=2026_07_29_02_32_08 timestamp=000106 cavs=[4, 1, 7, 12]
sgcp_constrained receiver=4 policy=all-cavs sources=[4, 1, 7, 12] clusters=20 ra=selective_edgecooper_global_pmax comm_bytes=71312 selected_grids={1: 11, 7: 10, 12: 10}
fusion_method=early pred_boxes=31 gt_boxes=52
pred_scores_shape=(31,)
frame=24/41 receiver_sample=5/20 scenario=2026_07_29_02_32_08 timestamp=000106 cavs=[5, 7, 16, 19]
sgcp_constrained receiver=5 policy=all-cavs sources=[5, 7, 16, 19] clusters=20 ra=selective_edgecooper_global_pmax comm_bytes=67600 selected_grids={7: 10, 16: 10, 19: 11}
fusion_method=early pred_boxes=23 gt_boxes=48
pred_scores_shape=(23,)Format = auto
Extension = pcd
Format = auto
Extension = pcd
Format = auto
Extension = pcd
Format = auto
Extension = pcd
Format = auto
Extension = pcd
Format = auto
Extension = pcd
Format = auto
Extension = pcd
Format = auto
Extension = pcd
Format = auto
Extension = pcd
Format = auto
Extension = pcd
Format = auto
Extension = pcd
Format = auto
Extension = pcd
Format = auto
Extension = pcd
Format = auto
Extension = pcd
Format = auto
Extension = pcd
Format = auto
Extension = pcd
Format = auto
Extension = pcd
Format = auto
Extension = pcd
Format = auto
Extension = pcd
Format = auto
Extension = pcd

frame=24/41 receiver_sample=6/20 scenario=2026_07_29_02_32_08 timestamp=000106 cavs=[6, 15]
sgcp_constrained receiver=6 policy=all-cavs sources=[6, 15] clusters=20 ra=selective_edgecooper_global_pmax comm_bytes=19872 selected_grids={15: 11}
fusion_method=early pred_boxes=18 gt_boxes=28
pred_scores_shape=(18,)
frame=24/41 receiver_sample=7/20 scenario=2026_07_29_02_32_08 timestamp=000106 cavs=[7, 4, 5, 12]
sgcp_constrained receiver=7 policy=all-cavs sources=[7, 4, 5, 12] clusters=20 ra=selective_edgecooper_global_pmax comm_bytes=59360 selected_grids={4: 10, 5: 11, 12: 10}
fusion_method=early pred_boxes=28 gt_boxes=46
pred_scores_shape=(28,)
frame=24/41 receiver_sample=8/20 scenario=2026_07_29_02_32_08 timestamp=000106 cavs=[8, 1, 11, 12]
sgcp_constrained receiver=8 policy=all-cavs sources=[8, 1, 11, 12] clusters=20 ra=selective_edgecooper_global_pmax comm_bytes=69888 selected_grids={1: 10, 11: 10, 12: 10}
fusion_method=early pred_boxes=29 gt_boxes=47
pred_scores_shape=(29,)
frame=24/41 receiver_sample=9/20 scenario=2026_07_29_02_32_08 timestamp=000106 cavs=[9, 11, 13]
sgcp_constrained receiver=9 policy=all-cavs sources=[9, 11, 13] clusters=20 ra=selective_edgecooper_global_pmax comm_bytes=48208 selected_grids={11: 10, 13: 10}
fusion_method=early pred_boxes=27 gt_boxes=44
pred_scores_shape=(27,)
frame=24/41 receiver_sample=10/20 scenario=2026_07_29_02_32_08 timestamp=000106 cavs=[10, 5, 11, 13]
sgcp_constrained receiver=10 policy=all-cavs sources=[10, 5, 11, 13] clusters=20 ra=selective_edgecooper_global_pmax comm_bytes=69344 selected_grids={5: 10, 11: 11, 13: 10}
fusion_method=early pred_boxes=28 gt_boxes=57
pred_scores_shape=(28,)
frame=24/41 receiver_sample=11/20 scenario=2026_07_29_02_32_08 timestamp=000106 cavs=[11, 2, 8, 10]
sgcp_constrained receiver=11 policy=all-cavs sources=[11, 2, 8, 10] clusters=20 ra=selective_edgecooper_global_pmax comm_bytes=55504 selected_grids={2: 10, 8: 11, 10: 10}
fusion_method=early pred_boxes=27 gt_boxes=55
pred_scores_shape=(27,)
frame=24/41 receiver_sample=12/20 scenario=2026_07_29_02_32_08 timestamp=000106 cavs=[12, 4, 7, 8]
sgcp_constrained receiver=12 policy=all-cavs sources=[12, 4, 7, 8] clusters=20 ra=selective_edgecooper_global_pmax comm_bytes=64944 selected_grids={4: 10, 7: 10, 8: 11}
fusion_method=early pred_boxes=28 gt_boxes=48
pred_scores_shape=(28,)
frame=24/41 receiver_sample=13/20 scenario=2026_07_29_02_32_08 timestamp=000106 cavs=[13, 9, 10, 19]
sgcp_constrained receiver=13 policy=all-cavs sources=[13, 9, 10, 19] clusters=20 ra=selective_edgecooper_global_pmax comm_bytes=42768 selected_grids={9: 11, 10: 10, 19: 10}
fusion_method=early pred_boxes=18 gt_boxes=42
pred_scores_shape=(18,)
frame=24/41 receiver_sample=14/20 scenario=2026_07_29_02_32_08 timestamp=000106 cavs=[14]
sgcp_constrained receiver=14 policy=all-cavs sources=[14] clusters=20 ra=selective_edgecooper_global_pmax comm_bytes=0 selected_grids={}
fusion_method=early pred_boxes=4 gt_boxes=8
pred_scores_shape=(4,)
frame=24/41 receiver_sample=15/20 scenario=2026_07_29_02_32_08 timestamp=000106 cavs=[15, 2, 6]
sgcp_constrained receiver=15 policy=all-cavs sources=[15, 2, 6] clusters=20 ra=selective_edgecooper_global_pmax comm_bytes=52912 selected_grids={2: 10, 6: 10}
fusion_method=early pred_boxes=22 gt_boxes=47
pred_scores_shape=(22,)
frame=24/41 receiver_sample=16/20 scenario=2026_07_29_02_32_08 timestamp=000106 cavs=[16, 3, 17, 20]
sgcp_constrained receiver=16 policy=all-cavs sources=[16, 3, 17, 20] clusters=20 ra=selective_edgecooper_global_pmax comm_bytes=56704 selected_grids={3: 10, 17: 10, 20: 10}
fusion_method=early pred_boxes=28 gt_boxes=46
pred_scores_shape=(28,)
frame=24/41 receiver_sample=17/20 scenario=2026_07_29_02_32_08 timestamp=000106 cavs=[17, 3, 16, 20]
sgcp_constrained receiver=17 policy=all-cavs sources=[17, 3, 16, 20] clusters=20 ra=selective_edgecooper_global_pmax comm_bytes=55456 selected_grids={3: 10, 16: 10, 20: 10}
fusion_method=early pred_boxes=26 gt_boxes=42
pred_scores_shape=(26,)
frame=24/41 receiver_sample=18/20 scenario=2026_07_29_02_32_08 timestamp=000106 cavs=[18, 3]
sgcp_constrained receiver=18 policy=all-cavs sources=[18, 3] clusters=20 ra=selective_edgecooper_global_pmax comm_bytes=27072 selected_grids={3: 10}
fusion_method=early pred_boxes=14 gt_boxes=24
pred_scores_shape=(14,)
frame=24/41 receiver_sample=19/20 scenario=2026_07_29_02_32_08 timestamp=000106 cavs=[19, 9, 13, 20]
sgcp_constrained receiver=19 policy=all-cavs sources=[19, 9, 13, 20] clusters=20 ra=selective_edgecooper_global_pmax comm_bytes=64560 selected_grids={9: 10, 13: 10, 20: 10}
fusion_method=early pred_boxes=23 gt_boxes=46
pred_scores_shape=(23,)
frame=24/41 receiver_sample=20/20 scenario=2026_07_29_02_32_08 timestamp=000106 cavs=[20, 5, 17, 19]
sgcp_constrained receiver=20 policy=all-cavs sources=[20, 5, 17, 19] clusters=20 ra=selective_edgecooper_global_pmax comm_bytes=64832 selected_grids={5: 10, 17: 11, 19: 11}
fusion_method=early pred_boxes=31 gt_boxes=53
pred_scores_shape=(31,)
frame=25/41 receiver_sample=1/20 scenario=2026_07_29_02_32_08 timestamp=000108 cavs=[1, 2, 4, 8]
sgcp_constrained receiver=1 policy=all-cavs sources=[1, 2, 4, 8] clusters=20 ra=selective_edgecooper_global_pmax comm_bytes=60528 selected_grids={2: 10, 4: 10, 8: 9}
fusion_method=early pred_boxes=31 gt_boxes=53
pred_scores_shape=(31,)
frame=25/41 receiver_sample=2/20 scenario=2026_07_29_02_32_08 timestamp=000108 cavs=[2, 1, 10, 15]
sgcp_constrained receiver=2 policy=all-cavs sources=[2, 1, 10, 15] clusters=20 ra=selective_edgecooper_global_pmax comm_bytes=59616 selected_grids={1: 10, 10: 10, 15: 11}
fusion_method=early pred_boxes=27 gt_boxes=61
pred_scores_shape=(27,)
frame=25/41 receiver_sample=3/20 scenario=2026_07_29_02_32_08 timestamp=000108 cavs=[3, 16, 17, 18]
sgcp_constrained receiver=3 policy=all-cavs sources=[3, 16, 17, 18] clusters=20 ra=selective_edgecooper_global_pmax comm_bytes=69520 selected_grids={16: 11, 17: 10, 18: 11}
fusion_method=early pred_boxes=21 gt_boxes=39
pred_scores_shape=(21,)
frame=25/41 receiver_sample=4/20 scenario=2026_07_29_02_32_08 timestamp=000108 cavs=[4, 1, 7, 12]
sgcp_constrained receiver=4 policy=all-cavs sources=[4, 1, 7, 12] clusters=20 ra=selective_edgecooper_global_pmax comm_bytes=72048 selected_grids={1: 11, 7: 10, 12: 10}
fusion_method=early pred_boxes=31 gt_boxes=55
pred_scores_shape=(31,)
frame=25/41 receiver_sample=5/20 scenario=2026_07_29_02_32_08 timestamp=000108 cavs=[5, 7, 9, 16]
sgcp_constrained receiver=5 policy=all-cavs sources=[5, 7, 9, 16] clusters=20 ra=selective_edgecooper_global_pmax comm_bytes=68976 selected_grids={7: 10, 9: 10, 16: 10}
fusion_method=early pred_boxes=28 gt_boxes=47
pred_scores_shape=(28,)
frame=25/41 receiver_sample=6/20 scenario=2026_07_29_02_32_08 timestamp=000108 cavs=[6, 15]
sgcp_constrained receiver=6 policy=all-cavs sources=[6, 15] clusters=20 ra=selective_edgecooper_global_pmax comm_bytes=20608 selected_grids={15: 11}
fusion_method=early pred_boxes=18 gt_boxes=27
pred_scores_shape=(18,)
frame=25/41 receiver_sample=7/20 scenario=2026_07_29_02_32_08 timestamp=000108 cavs=[7, 4, 5, 12]
sgcp_constrained receiver=7 policy=all-cavs sources=[7, 4, 5, 12] clusters=20 ra=selective_edgecooper_global_pmax comm_bytes=63024 selected_grids={4: 10, 5: 11, 12: 11}
fusion_method=early pred_boxes=28 gt_boxes=45
pred_scores_shape=(28,)
frame=25/41 receiver_sample=8/20 scenario=2026_07_29_02_32_08 timestamp=000108 cavs=[8, 1, 11, 12]
sgcp_constrained receiver=8 policy=all-cavs sources=[8, 1, 11, 12] clusters=20 ra=selective_edgecooper_global_pmax comm_bytes=68208 selected_grids={1: 10, 11: 10, 12: 10}
fusion_method=early pred_boxes=30 gt_boxes=47
pred_scores_shape=(30,)
frame=25/41 receiver_sample=9/20 scenario=2026_07_29_02_32_08 timestamp=000108 cavs=[9, 11, 13, 19]
sgcp_constrained receiver=9 policy=all-cavs sources=[9, 11, 13, 19] clusters=20 ra=selective_edgecooper_global_pmax comm_bytes=58672 selected_grids={11: 10, 13: 10, 19: 10}
fusion_method=early pred_boxes=25 gt_boxes=44
pred_scores_shape=(25,)
frame=25/41 receiver_sample=10/20 scenario=2026_07_29_02_32_08 timestamp=000108 cavs=[10, 5, 8, 13]Format = auto
Extension = pcd
Format = auto
Extension = pcd
Format = auto
Extension = pcd
Format = auto
Extension = pcd
Format = auto
Extension = pcd
Format = auto
Extension = pcd
Format = auto
Extension = pcd
Format = auto
Extension = pcd
Format = auto
Extension = pcd
Format = auto
Extension = pcd
Format = auto
Extension = pcd
Format = auto
Extension = pcd
Format = auto
Extension = pcd
Format = auto
Extension = pcd
Format = auto
Extension = pcd
Format = auto
Extension = pcd
Format = auto
Extension = pcd
Format = auto
Extension = pcd
Format = auto
Extension = pcd
Format = auto
Extension = pcd

sgcp_constrained receiver=10 policy=all-cavs sources=[10, 5, 8, 13] clusters=20 ra=selective_edgecooper_global_pmax comm_bytes=73504 selected_grids={5: 11, 8: 11, 13: 11}
fusion_method=early pred_boxes=30 gt_boxes=54
pred_scores_shape=(30,)
frame=25/41 receiver_sample=11/20 scenario=2026_07_29_02_32_08 timestamp=000108 cavs=[11, 2, 8, 10]
sgcp_constrained receiver=11 policy=all-cavs sources=[11, 2, 8, 10] clusters=20 ra=selective_edgecooper_global_pmax comm_bytes=55344 selected_grids={2: 10, 8: 11, 10: 10}
fusion_method=early pred_boxes=25 gt_boxes=55
pred_scores_shape=(25,)
frame=25/41 receiver_sample=12/20 scenario=2026_07_29_02_32_08 timestamp=000108 cavs=[12, 4, 7]
sgcp_constrained receiver=12 policy=all-cavs sources=[12, 4, 7] clusters=20 ra=selective_edgecooper_global_pmax comm_bytes=45520 selected_grids={4: 10, 7: 10}
fusion_method=early pred_boxes=20 gt_boxes=46
pred_scores_shape=(20,)
frame=25/41 receiver_sample=13/20 scenario=2026_07_29_02_32_08 timestamp=000108 cavs=[13, 9, 10, 19]
sgcp_constrained receiver=13 policy=all-cavs sources=[13, 9, 10, 19] clusters=20 ra=selective_edgecooper_global_pmax comm_bytes=43280 selected_grids={9: 11, 10: 10, 19: 10}
fusion_method=early pred_boxes=19 gt_boxes=42
pred_scores_shape=(19,)
frame=25/41 receiver_sample=14/20 scenario=2026_07_29_02_32_08 timestamp=000108 cavs=[14]
sgcp_constrained receiver=14 policy=all-cavs sources=[14] clusters=20 ra=selective_edgecooper_global_pmax comm_bytes=0 selected_grids={}
fusion_method=early pred_boxes=5 gt_boxes=8
pred_scores_shape=(5,)
frame=25/41 receiver_sample=15/20 scenario=2026_07_29_02_32_08 timestamp=000108 cavs=[15, 2, 6]
sgcp_constrained receiver=15 policy=all-cavs sources=[15, 2, 6] clusters=20 ra=selective_edgecooper_global_pmax comm_bytes=50464 selected_grids={2: 10, 6: 10}
fusion_method=early pred_boxes=22 gt_boxes=47
pred_scores_shape=(22,)
frame=25/41 receiver_sample=16/20 scenario=2026_07_29_02_32_08 timestamp=000108 cavs=[16, 3, 17, 20]
sgcp_constrained receiver=16 policy=all-cavs sources=[16, 3, 17, 20] clusters=20 ra=selective_edgecooper_global_pmax comm_bytes=58960 selected_grids={3: 10, 17: 11, 20: 10}
fusion_method=early pred_boxes=27 gt_boxes=46
pred_scores_shape=(27,)
frame=25/41 receiver_sample=17/20 scenario=2026_07_29_02_32_08 timestamp=000108 cavs=[17, 3, 16, 20]
sgcp_constrained receiver=17 policy=all-cavs sources=[17, 3, 16, 20] clusters=20 ra=selective_edgecooper_global_pmax comm_bytes=54848 selected_grids={3: 10, 16: 9, 20: 10}
fusion_method=early pred_boxes=24 gt_boxes=42
pred_scores_shape=(24,)
frame=25/41 receiver_sample=18/20 scenario=2026_07_29_02_32_08 timestamp=000108 cavs=[18, 3]
sgcp_constrained receiver=18 policy=all-cavs sources=[18, 3] clusters=20 ra=selective_edgecooper_global_pmax comm_bytes=26112 selected_grids={3: 10}
fusion_method=early pred_boxes=14 gt_boxes=23
pred_scores_shape=(14,)
frame=25/41 receiver_sample=19/20 scenario=2026_07_29_02_32_08 timestamp=000108 cavs=[19, 9, 13, 20]
sgcp_constrained receiver=19 policy=all-cavs sources=[19, 9, 13, 20] clusters=20 ra=selective_edgecooper_global_pmax comm_bytes=64672 selected_grids={9: 10, 13: 10, 20: 10}
fusion_method=early pred_boxes=23 gt_boxes=45
pred_scores_shape=(23,)
frame=25/41 receiver_sample=20/20 scenario=2026_07_29_02_32_08 timestamp=000108 cavs=[20, 5, 17, 19]
sgcp_constrained receiver=20 policy=all-cavs sources=[20, 5, 17, 19] clusters=20 ra=selective_edgecooper_global_pmax comm_bytes=64896 selected_grids={5: 10, 17: 11, 19: 11}
fusion_method=early pred_boxes=30 gt_boxes=54
pred_scores_shape=(30,)
frame=26/41 receiver_sample=1/20 scenario=2026_07_29_02_32_08 timestamp=000110 cavs=[1, 2, 4, 8]
sgcp_constrained receiver=1 policy=all-cavs sources=[1, 2, 4, 8] clusters=20 ra=selective_edgecooper_global_pmax comm_bytes=62320 selected_grids={2: 10, 4: 11, 8: 9}
fusion_method=early pred_boxes=31 gt_boxes=53
pred_scores_shape=(31,)
frame=26/41 receiver_sample=2/20 scenario=2026_07_29_02_32_08 timestamp=000110 cavs=[2, 1, 10, 15]
sgcp_constrained receiver=2 policy=all-cavs sources=[2, 1, 10, 15] clusters=20 ra=selective_edgecooper_global_pmax comm_bytes=60128 selected_grids={1: 10, 10: 10, 15: 11}
fusion_method=early pred_boxes=28 gt_boxes=61
pred_scores_shape=(28,)
frame=26/41 receiver_sample=3/20 scenario=2026_07_29_02_32_08 timestamp=000110 cavs=[3, 16, 17, 18]
sgcp_constrained receiver=3 policy=all-cavs sources=[3, 16, 17, 18] clusters=20 ra=selective_edgecooper_global_pmax comm_bytes=71296 selected_grids={16: 11, 17: 11, 18: 11}
fusion_method=early pred_boxes=21 gt_boxes=38
pred_scores_shape=(21,)
frame=26/41 receiver_sample=4/20 scenario=2026_07_29_02_32_08 timestamp=000110 cavs=[4, 1, 7, 12]
sgcp_constrained receiver=4 policy=all-cavs sources=[4, 1, 7, 12] clusters=20 ra=selective_edgecooper_global_pmax comm_bytes=71824 selected_grids={1: 11, 7: 10, 12: 10}
fusion_method=early pred_boxes=29 gt_boxes=53
pred_scores_shape=(29,)
frame=26/41 receiver_sample=5/20 scenario=2026_07_29_02_32_08 timestamp=000110 cavs=[5, 9, 16, 17]
sgcp_constrained receiver=5 policy=all-cavs sources=[5, 9, 16, 17] clusters=20 ra=selective_edgecooper_global_pmax comm_bytes=70112 selected_grids={9: 10, 16: 10, 17: 10}
fusion_method=early pred_boxes=28 gt_boxes=47
pred_scores_shape=(28,)
frame=26/41 receiver_sample=6/20 scenario=2026_07_29_02_32_08 timestamp=000110 cavs=[6, 15]
sgcp_constrained receiver=6 policy=all-cavs sources=[6, 15] clusters=20 ra=selective_edgecooper_global_pmax comm_bytes=20736 selected_grids={15: 11}
fusion_method=early pred_boxes=18 gt_boxes=27
pred_scores_shape=(18,)
frame=26/41 receiver_sample=7/20 scenario=2026_07_29_02_32_08 timestamp=000110 cavs=[7, 4, 5, 12]
sgcp_constrained receiver=7 policy=all-cavs sources=[7, 4, 5, 12] clusters=20 ra=selective_edgecooper_global_pmax comm_bytes=63424 selected_grids={4: 10, 5: 11, 12: 11}
fusion_method=early pred_boxes=27 gt_boxes=45
pred_scores_shape=(27,)
frame=26/41 receiver_sample=8/20 scenario=2026_07_29_02_32_08 timestamp=000110 cavs=[8, 1, 11, 12]
sgcp_constrained receiver=8 policy=all-cavs sources=[8, 1, 11, 12] clusters=20 ra=selective_edgecooper_global_pmax comm_bytes=68208 selected_grids={1: 10, 11: 10, 12: 10}
fusion_method=early pred_boxes=27 gt_boxes=47
pred_scores_shape=(27,)
frame=26/41 receiver_sample=9/20 scenario=2026_07_29_02_32_08 timestamp=000110 cavs=[9, 11, 13]
sgcp_constrained receiver=9 policy=all-cavs sources=[9, 11, 13] clusters=20 ra=selective_edgecooper_global_pmax comm_bytes=50176 selected_grids={11: 10, 13: 11}
fusion_method=early pred_boxes=24 gt_boxes=44
pred_scores_shape=(24,)
frame=26/41 receiver_sample=10/20 scenario=2026_07_29_02_32_08 timestamp=000110 cavs=[10, 5, 8, 19]
sgcp_constrained receiver=10 policy=all-cavs sources=[10, 5, 8, 19] clusters=20 ra=selective_edgecooper_global_pmax comm_bytes=64464 selected_grids={5: 11, 8: 11, 19: 11}
fusion_method=early pred_boxes=30 gt_boxes=54
pred_scores_shape=(30,)
frame=26/41 receiver_sample=11/20 scenario=2026_07_29_02_32_08 timestamp=000110 cavs=[11, 2, 8, 10]
sgcp_constrained receiver=11 policy=all-cavs sources=[11, 2, 8, 10] clusters=20 ra=selective_edgecooper_global_pmax comm_bytes=55104 selected_grids={2: 10, 8: 11, 10: 10}
fusion_method=early pred_boxes=25 gt_boxes=55
pred_scores_shape=(25,)
frame=26/41 receiver_sample=12/20 scenario=2026_07_29_02_32_08 timestamp=000110 cavs=[12, 4, 7]
sgcp_constrained receiver=12 policy=all-cavs sources=[12, 4, 7] clusters=20 ra=selective_edgecooper_global_pmax comm_bytes=45888 selected_grids={4: 10, 7: 10}
fusion_method=early pred_boxes=22 gt_boxes=46
pred_scores_shape=(22,)
frame=26/41 receiver_sample=13/20 scenario=2026_07_29_02_32_08 timestamp=000110 cavs=[13, 9, 10, 19]
sgcp_constrained receiver=13 policy=all-cavs sources=[13, 9, 10, 19] clusters=20 ra=selective_edgecooper_global_pmax comm_bytes=44464 selected_grids={9: 11, 10: 10, 19: 10}
fusion_method=early pred_boxes=22 gt_boxes=42
pred_scores_shape=(22,)
frame=26/41 receiver_sample=14/20 scenario=2026_07_29_02_32_08 timestamp=000110 cavs=[14]
sgcp_constrained receiver=14 policy=all-cavs sources=[14] clusters=20 ra=selective_edgecooper_global_pmax comm_bytes=0 selected_grids={}Format = auto
Extension = pcd
Format = auto
Extension = pcd
Format = auto
Extension = pcd
Format = auto
Extension = pcd
Format = auto
Extension = pcd
Format = auto
Extension = pcd
Format = auto
Extension = pcd
Format = auto
Extension = pcd
Format = auto
Extension = pcd
Format = auto
Extension = pcd
Format = auto
Extension = pcd
Format = auto
Extension = pcd
Format = auto
Extension = pcd
Format = auto
Extension = pcd
Format = auto
Extension = pcd
Format = auto
Extension = pcd
Format = auto
Extension = pcd
Format = auto
Extension = pcd
Format = auto
Extension = pcd
Format = auto
Extension = pcd

fusion_method=early pred_boxes=4 gt_boxes=8
pred_scores_shape=(4,)
frame=26/41 receiver_sample=15/20 scenario=2026_07_29_02_32_08 timestamp=000110 cavs=[15, 2, 6]
sgcp_constrained receiver=15 policy=all-cavs sources=[15, 2, 6] clusters=20 ra=selective_edgecooper_global_pmax comm_bytes=50432 selected_grids={2: 10, 6: 10}
fusion_method=early pred_boxes=22 gt_boxes=47
pred_scores_shape=(22,)
frame=26/41 receiver_sample=16/20 scenario=2026_07_29_02_32_08 timestamp=000110 cavs=[16, 3, 7, 20]
sgcp_constrained receiver=16 policy=all-cavs sources=[16, 3, 7, 20] clusters=20 ra=selective_edgecooper_global_pmax comm_bytes=66672 selected_grids={3: 10, 7: 11, 20: 11}
fusion_method=early pred_boxes=33 gt_boxes=55
pred_scores_shape=(33,)
frame=26/41 receiver_sample=17/20 scenario=2026_07_29_02_32_08 timestamp=000110 cavs=[17, 3, 16, 20]
sgcp_constrained receiver=17 policy=all-cavs sources=[17, 3, 16, 20] clusters=20 ra=selective_edgecooper_global_pmax comm_bytes=55376 selected_grids={3: 10, 16: 9, 20: 10}
fusion_method=early pred_boxes=24 gt_boxes=42
pred_scores_shape=(24,)
frame=26/41 receiver_sample=18/20 scenario=2026_07_29_02_32_08 timestamp=000110 cavs=[18, 3]
sgcp_constrained receiver=18 policy=all-cavs sources=[18, 3] clusters=20 ra=selective_edgecooper_global_pmax comm_bytes=27408 selected_grids={3: 10}
fusion_method=early pred_boxes=14 gt_boxes=23
pred_scores_shape=(14,)
frame=26/41 receiver_sample=19/20 scenario=2026_07_29_02_32_08 timestamp=000110 cavs=[19, 9, 13, 20]
sgcp_constrained receiver=19 policy=all-cavs sources=[19, 9, 13, 20] clusters=20 ra=selective_edgecooper_global_pmax comm_bytes=65136 selected_grids={9: 10, 13: 10, 20: 10}
fusion_method=early pred_boxes=23 gt_boxes=45
pred_scores_shape=(23,)
frame=26/41 receiver_sample=20/20 scenario=2026_07_29_02_32_08 timestamp=000110 cavs=[20, 5, 17, 19]
sgcp_constrained receiver=20 policy=all-cavs sources=[20, 5, 17, 19] clusters=20 ra=selective_edgecooper_global_pmax comm_bytes=65632 selected_grids={5: 10, 17: 11, 19: 11}
fusion_method=early pred_boxes=30 gt_boxes=54
pred_scores_shape=(30,)
frame=27/41 receiver_sample=1/20 scenario=2026_07_29_02_32_08 timestamp=000112 cavs=[1, 2, 4, 8]
sgcp_constrained receiver=1 policy=all-cavs sources=[1, 2, 4, 8] clusters=20 ra=selective_edgecooper_global_pmax comm_bytes=60960 selected_grids={2: 10, 4: 11, 8: 9}
fusion_method=early pred_boxes=33 gt_boxes=53
pred_scores_shape=(33,)
frame=27/41 receiver_sample=2/20 scenario=2026_07_29_02_32_08 timestamp=000112 cavs=[2, 1, 10, 15]
sgcp_constrained receiver=2 policy=all-cavs sources=[2, 1, 10, 15] clusters=20 ra=selective_edgecooper_global_pmax comm_bytes=60256 selected_grids={1: 10, 10: 10, 15: 11}
fusion_method=early pred_boxes=27 gt_boxes=61
pred_scores_shape=(27,)
frame=27/41 receiver_sample=3/20 scenario=2026_07_29_02_32_08 timestamp=000112 cavs=[3, 16, 17, 18]
sgcp_constrained receiver=3 policy=all-cavs sources=[3, 16, 17, 18] clusters=20 ra=selective_edgecooper_global_pmax comm_bytes=68192 selected_grids={16: 11, 17: 10, 18: 11}
fusion_method=early pred_boxes=19 gt_boxes=38
pred_scores_shape=(19,)
frame=27/41 receiver_sample=4/20 scenario=2026_07_29_02_32_08 timestamp=000112 cavs=[4, 1, 7, 12]
sgcp_constrained receiver=4 policy=all-cavs sources=[4, 1, 7, 12] clusters=20 ra=selective_edgecooper_global_pmax comm_bytes=71632 selected_grids={1: 11, 7: 10, 12: 10}
fusion_method=early pred_boxes=29 gt_boxes=54
pred_scores_shape=(29,)
frame=27/41 receiver_sample=5/20 scenario=2026_07_29_02_32_08 timestamp=000112 cavs=[5, 9, 17, 20]
sgcp_constrained receiver=5 policy=all-cavs sources=[5, 9, 17, 20] clusters=20 ra=selective_edgecooper_global_pmax comm_bytes=69184 selected_grids={9: 11, 17: 11, 20: 9}
fusion_method=early pred_boxes=29 gt_boxes=48
pred_scores_shape=(29,)
frame=27/41 receiver_sample=6/20 scenario=2026_07_29_02_32_08 timestamp=000112 cavs=[6, 15]
sgcp_constrained receiver=6 policy=all-cavs sources=[6, 15] clusters=20 ra=selective_edgecooper_global_pmax comm_bytes=21104 selected_grids={15: 11}
fusion_method=early pred_boxes=18 gt_boxes=27
pred_scores_shape=(18,)
frame=27/41 receiver_sample=7/20 scenario=2026_07_29_02_32_08 timestamp=000112 cavs=[7, 4, 12, 16]
sgcp_constrained receiver=7 policy=all-cavs sources=[7, 4, 12, 16] clusters=20 ra=selective_edgecooper_global_pmax comm_bytes=67712 selected_grids={4: 10, 12: 11, 16: 10}
fusion_method=early pred_boxes=26 gt_boxes=44
pred_scores_shape=(26,)
frame=27/41 receiver_sample=8/20 scenario=2026_07_29_02_32_08 timestamp=000112 cavs=[8, 1, 11, 12]
sgcp_constrained receiver=8 policy=all-cavs sources=[8, 1, 11, 12] clusters=20 ra=selective_edgecooper_global_pmax comm_bytes=69856 selected_grids={1: 10, 11: 10, 12: 10}
fusion_method=early pred_boxes=29 gt_boxes=47
pred_scores_shape=(29,)
frame=27/41 receiver_sample=9/20 scenario=2026_07_29_02_32_08 timestamp=000112 cavs=[9, 11, 13]
sgcp_constrained receiver=9 policy=all-cavs sources=[9, 11, 13] clusters=20 ra=selective_edgecooper_global_pmax comm_bytes=49152 selected_grids={11: 10, 13: 10}
fusion_method=early pred_boxes=26 gt_boxes=44
pred_scores_shape=(26,)
frame=27/41 receiver_sample=10/20 scenario=2026_07_29_02_32_08 timestamp=000112 cavs=[10, 5, 8, 19]
sgcp_constrained receiver=10 policy=all-cavs sources=[10, 5, 8, 19] clusters=20 ra=selective_edgecooper_global_pmax comm_bytes=65024 selected_grids={5: 11, 8: 11, 19: 11}
fusion_method=early pred_boxes=30 gt_boxes=55
pred_scores_shape=(30,)
frame=27/41 receiver_sample=11/20 scenario=2026_07_29_02_32_08 timestamp=000112 cavs=[11, 2, 8, 10]
sgcp_constrained receiver=11 policy=all-cavs sources=[11, 2, 8, 10] clusters=20 ra=selective_edgecooper_global_pmax comm_bytes=54128 selected_grids={2: 10, 8: 11, 10: 10}
fusion_method=early pred_boxes=26 gt_boxes=55
pred_scores_shape=(26,)
frame=27/41 receiver_sample=12/20 scenario=2026_07_29_02_32_08 timestamp=000112 cavs=[12, 4, 7]
sgcp_constrained receiver=12 policy=all-cavs sources=[12, 4, 7] clusters=20 ra=selective_edgecooper_global_pmax comm_bytes=44416 selected_grids={4: 10, 7: 10}
fusion_method=early pred_boxes=20 gt_boxes=47
pred_scores_shape=(20,)
frame=27/41 receiver_sample=13/20 scenario=2026_07_29_02_32_08 timestamp=000112 cavs=[13, 9, 10, 19]
sgcp_constrained receiver=13 policy=all-cavs sources=[13, 9, 10, 19] clusters=20 ra=selective_edgecooper_global_pmax comm_bytes=44640 selected_grids={9: 11, 10: 10, 19: 9}
fusion_method=early pred_boxes=23 gt_boxes=42
pred_scores_shape=(23,)
frame=27/41 receiver_sample=14/20 scenario=2026_07_29_02_32_08 timestamp=000112 cavs=[14]
sgcp_constrained receiver=14 policy=all-cavs sources=[14] clusters=20 ra=selective_edgecooper_global_pmax comm_bytes=0 selected_grids={}
fusion_method=early pred_boxes=4 gt_boxes=8
pred_scores_shape=(4,)
frame=27/41 receiver_sample=15/20 scenario=2026_07_29_02_32_08 timestamp=000112 cavs=[15, 2, 6]
sgcp_constrained receiver=15 policy=all-cavs sources=[15, 2, 6] clusters=20 ra=selective_edgecooper_global_pmax comm_bytes=50224 selected_grids={2: 10, 6: 10}
fusion_method=early pred_boxes=22 gt_boxes=46
pred_scores_shape=(22,)
frame=27/41 receiver_sample=16/20 scenario=2026_07_29_02_32_08 timestamp=000112 cavs=[16, 3, 5, 7]
sgcp_constrained receiver=16 policy=all-cavs sources=[16, 3, 5, 7] clusters=20 ra=selective_edgecooper_global_pmax comm_bytes=66032 selected_grids={3: 10, 5: 10, 7: 11}
fusion_method=early pred_boxes=31 gt_boxes=55
pred_scores_shape=(31,)
frame=27/41 receiver_sample=17/20 scenario=2026_07_29_02_32_08 timestamp=000112 cavs=[17, 3, 16, 20]
sgcp_constrained receiver=17 policy=all-cavs sources=[17, 3, 16, 20] clusters=20 ra=selective_edgecooper_global_pmax comm_bytes=57056 selected_grids={3: 10, 16: 10, 20: 10}
fusion_method=early pred_boxes=25 gt_boxes=42
pred_scores_shape=(25,)
frame=27/41 receiver_sample=18/20 scenario=2026_07_29_02_32_08 timestamp=000112 cavs=[18, 3]
sgcp_constrained receiver=18 policy=all-cavs sources=[18, 3] clusters=20 ra=selective_edgecooper_global_pmax comm_bytes=27648 selected_grids={3: 11}
fusion_method=early pred_boxes=13 gt_boxes=23
pred_scores_shape=(13,)
frame=27/41 receiver_sample=19/20 scenario=2026_07_29_02_32_08 timestamp=000112 cavs=[19, 9, 13, 20]Format = auto
Extension = pcd
Format = auto
Extension = pcd
Format = auto
Extension = pcd
Format = auto
Extension = pcd
Format = auto
Extension = pcd
Format = auto
Extension = pcd
Format = auto
Extension = pcd
Format = auto
Extension = pcd
Format = auto
Extension = pcd
Format = auto
Extension = pcd
Format = auto
Extension = pcd
Format = auto
Extension = pcd
Format = auto
Extension = pcd
Format = auto
Extension = pcd
Format = auto
Extension = pcd
Format = auto
Extension = pcd
Format = auto
Extension = pcd
Format = auto
Extension = pcd
Format = auto
Extension = pcd
Format = auto
Extension = pcd
Format = auto
Extension = pcd
Format = auto
Extension = pcd
Format = auto
Extension = pcd
Format = auto
Extension = pcd
Format = auto
Extension = pcd
Format = auto
Extension = pcd
Format = auto
Extension = pcd
Format = auto
Extension = pcd
Format = auto
Extension = pcd
Format = auto
Extension = pcd
Format = auto
Extension = pcd
Format = auto
Extension = pcd
Format = auto
Extension = pcd
Format = auto
Extension = pcd
Format = auto
Extension = pcd
Format = auto
Extension = pcd
Format = auto
Extension = pcd
Format = auto
Extension = pcd
Format = auto
Extension = pcd
Format = auto
Extension = pcd

sgcp_constrained receiver=19 policy=all-cavs sources=[19, 9, 13, 20] clusters=20 ra=selective_edgecooper_global_pmax comm_bytes=65216 selected_grids={9: 10, 13: 10, 20: 10}
fusion_method=early pred_boxes=24 gt_boxes=45
pred_scores_shape=(24,)
frame=27/41 receiver_sample=20/20 scenario=2026_07_29_02_32_08 timestamp=000112 cavs=[20, 5, 17, 19]
sgcp_constrained receiver=20 policy=all-cavs sources=[20, 5, 17, 19] clusters=20 ra=selective_edgecooper_global_pmax comm_bytes=66368 selected_grids={5: 10, 17: 11, 19: 11}
fusion_method=early pred_boxes=30 gt_boxes=54
pred_scores_shape=(30,)
frame=28/41 receiver_sample=1/20 scenario=2026_07_29_02_32_08 timestamp=000114 cavs=[1, 4, 8, 15]
sgcp_constrained receiver=1 policy=all-cavs sources=[1, 4, 8, 15] clusters=20 ra=selective_edgecooper_global_pmax comm_bytes=69568 selected_grids={4: 11, 8: 9, 15: 11}
fusion_method=early pred_boxes=33 gt_boxes=57
pred_scores_shape=(33,)
frame=28/41 receiver_sample=2/20 scenario=2026_07_29_02_32_08 timestamp=000114 cavs=[2, 1, 11, 15]
sgcp_constrained receiver=2 policy=all-cavs sources=[2, 1, 11, 15] clusters=20 ra=selective_edgecooper_global_pmax comm_bytes=47504 selected_grids={1: 11, 11: 11, 15: 11}
fusion_method=early pred_boxes=22 gt_boxes=54
pred_scores_shape=(22,)
frame=28/41 receiver_sample=3/20 scenario=2026_07_29_02_32_08 timestamp=000114 cavs=[3, 16, 17, 18]
sgcp_constrained receiver=3 policy=all-cavs sources=[3, 16, 17, 18] clusters=20 ra=selective_edgecooper_global_pmax comm_bytes=68944 selected_grids={16: 11, 17: 11, 18: 11}
fusion_method=early pred_boxes=20 gt_boxes=36
pred_scores_shape=(20,)
frame=28/41 receiver_sample=4/20 scenario=2026_07_29_02_32_08 timestamp=000114 cavs=[4, 1, 7, 12]
sgcp_constrained receiver=4 policy=all-cavs sources=[4, 1, 7, 12] clusters=20 ra=selective_edgecooper_global_pmax comm_bytes=75424 selected_grids={1: 11, 7: 11, 12: 11}
fusion_method=early pred_boxes=31 gt_boxes=53
pred_scores_shape=(31,)
frame=28/41 receiver_sample=5/20 scenario=2026_07_29_02_32_08 timestamp=000114 cavs=[5, 7, 16, 20]
sgcp_constrained receiver=5 policy=all-cavs sources=[5, 7, 16, 20] clusters=20 ra=selective_edgecooper_global_pmax comm_bytes=60560 selected_grids={7: 11, 16: 11, 20: 9}
fusion_method=early pred_boxes=24 gt_boxes=45
pred_scores_shape=(24,)
frame=28/41 receiver_sample=6/20 scenario=2026_07_29_02_32_08 timestamp=000114 cavs=[6, 15]
sgcp_constrained receiver=6 policy=all-cavs sources=[6, 15] clusters=20 ra=selective_edgecooper_global_pmax comm_bytes=22672 selected_grids={15: 11}
fusion_method=early pred_boxes=17 gt_boxes=28
pred_scores_shape=(17,)
frame=28/41 receiver_sample=7/20 scenario=2026_07_29_02_32_08 timestamp=000114 cavs=[7, 4, 12]
sgcp_constrained receiver=7 policy=all-cavs sources=[7, 4, 12] clusters=20 ra=selective_edgecooper_global_pmax comm_bytes=44976 selected_grids={4: 10, 12: 11}
fusion_method=early pred_boxes=26 gt_boxes=39
pred_scores_shape=(26,)
frame=28/41 receiver_sample=8/20 scenario=2026_07_29_02_32_08 timestamp=000114 cavs=[8, 2, 11, 12]
sgcp_constrained receiver=8 policy=all-cavs sources=[8, 2, 11, 12] clusters=20 ra=selective_edgecooper_global_pmax comm_bytes=79024 selected_grids={2: 11, 11: 10, 12: 11}
fusion_method=early pred_boxes=28 gt_boxes=47
pred_scores_shape=(28,)
frame=28/41 receiver_sample=9/20 scenario=2026_07_29_02_32_08 timestamp=000114 cavs=[9, 11, 13, 19]
sgcp_constrained receiver=9 policy=all-cavs sources=[9, 11, 13, 19] clusters=20 ra=selective_edgecooper_global_pmax comm_bytes=62656 selected_grids={11: 11, 13: 11, 19: 10}
fusion_method=early pred_boxes=25 gt_boxes=44
pred_scores_shape=(25,)
frame=28/41 receiver_sample=10/20 scenario=2026_07_29_02_32_08 timestamp=000114 cavs=[10, 5, 8, 19]
sgcp_constrained receiver=10 policy=all-cavs sources=[10, 5, 8, 19] clusters=20 ra=selective_edgecooper_global_pmax comm_bytes=65664 selected_grids={5: 11, 8: 11, 19: 11}
fusion_method=early pred_boxes=31 gt_boxes=56
pred_scores_shape=(31,)
frame=28/41 receiver_sample=11/20 scenario=2026_07_29_02_32_08 timestamp=000114 cavs=[11, 2, 8, 10]
sgcp_constrained receiver=11 policy=all-cavs sources=[11, 2, 8, 10] clusters=20 ra=selective_edgecooper_global_pmax comm_bytes=55152 selected_grids={2: 11, 8: 11, 10: 11}
fusion_method=early pred_boxes=27 gt_boxes=55
pred_scores_shape=(27,)
frame=28/41 receiver_sample=12/20 scenario=2026_07_29_02_32_08 timestamp=000114 cavs=[12, 4, 7]
sgcp_constrained receiver=12 policy=all-cavs sources=[12, 4, 7] clusters=20 ra=selective_edgecooper_global_pmax comm_bytes=46752 selected_grids={4: 11, 7: 11}
fusion_method=early pred_boxes=21 gt_boxes=46
pred_scores_shape=(21,)
frame=28/41 receiver_sample=13/20 scenario=2026_07_29_02_32_08 timestamp=000114 cavs=[13, 9, 10, 19]
sgcp_constrained receiver=13 policy=all-cavs sources=[13, 9, 10, 19] clusters=20 ra=selective_edgecooper_global_pmax comm_bytes=46560 selected_grids={9: 11, 10: 11, 19: 10}
fusion_method=early pred_boxes=22 gt_boxes=43
pred_scores_shape=(22,)
frame=28/41 receiver_sample=14/20 scenario=2026_07_29_02_32_08 timestamp=000114 cavs=[14]
sgcp_constrained receiver=14 policy=all-cavs sources=[14] clusters=20 ra=selective_edgecooper_global_pmax comm_bytes=0 selected_grids={}
fusion_method=early pred_boxes=4 gt_boxes=8
pred_scores_shape=(4,)
frame=28/41 receiver_sample=15/20 scenario=2026_07_29_02_32_08 timestamp=000114 cavs=[15, 1, 2, 6]
sgcp_constrained receiver=15 policy=all-cavs sources=[15, 1, 2, 6] clusters=20 ra=selective_edgecooper_global_pmax comm_bytes=76720 selected_grids={1: 11, 2: 11, 6: 11}
fusion_method=early pred_boxes=27 gt_boxes=54
pred_scores_shape=(27,)
frame=28/41 receiver_sample=16/20 scenario=2026_07_29_02_32_08 timestamp=000114 cavs=[16, 3, 5, 20]
sgcp_constrained receiver=16 policy=all-cavs sources=[16, 3, 5, 20] clusters=20 ra=selective_edgecooper_global_pmax comm_bytes=51904 selected_grids={3: 11, 5: 10, 20: 11}
fusion_method=early pred_boxes=33 gt_boxes=47
pred_scores_shape=(33,)
frame=28/41 receiver_sample=17/20 scenario=2026_07_29_02_32_08 timestamp=000114 cavs=[17, 3, 16, 20]
sgcp_constrained receiver=17 policy=all-cavs sources=[17, 3, 16, 20] clusters=20 ra=selective_edgecooper_global_pmax comm_bytes=60032 selected_grids={3: 11, 16: 11, 20: 11}
fusion_method=early pred_boxes=25 gt_boxes=42
pred_scores_shape=(25,)
frame=28/41 receiver_sample=18/20 scenario=2026_07_29_02_32_08 timestamp=000114 cavs=[18, 3]
sgcp_constrained receiver=18 policy=all-cavs sources=[18, 3] clusters=20 ra=selective_edgecooper_global_pmax comm_bytes=29120 selected_grids={3: 11}
fusion_method=early pred_boxes=14 gt_boxes=22
pred_scores_shape=(14,)
frame=28/41 receiver_sample=19/20 scenario=2026_07_29_02_32_08 timestamp=000114 cavs=[19, 9, 10, 13]
sgcp_constrained receiver=19 policy=all-cavs sources=[19, 9, 10, 13] clusters=20 ra=selective_edgecooper_global_pmax comm_bytes=51344 selected_grids={9: 11, 10: 11, 13: 11}
fusion_method=early pred_boxes=23 gt_boxes=44
pred_scores_shape=(23,)
frame=28/41 receiver_sample=20/20 scenario=2026_07_29_02_32_08 timestamp=000114 cavs=[20, 5, 9, 17]
sgcp_constrained receiver=20 policy=all-cavs sources=[20, 5, 9, 17] clusters=20 ra=selective_edgecooper_global_pmax comm_bytes=64224 selected_grids={5: 11, 9: 11, 17: 11}
fusion_method=early pred_boxes=31 gt_boxes=50
pred_scores_shape=(31,)
frame=29/41 receiver_sample=1/20 scenario=2026_07_29_02_32_08 timestamp=000116 cavs=[1, 4, 8, 15]
sgcp_constrained receiver=1 policy=all-cavs sources=[1, 4, 8, 15] clusters=20 ra=selective_edgecooper_global_pmax comm_bytes=69184 selected_grids={4: 11, 8: 9, 15: 11}
fusion_method=early pred_boxes=32 gt_boxes=58
pred_scores_shape=(32,)
frame=29/41 receiver_sample=2/20 scenario=2026_07_29_02_32_08 timestamp=000116 cavs=[2, 10, 11, 15]
sgcp_constrained receiver=2 policy=all-cavs sources=[2, 10, 11, 15] clusters=20 ra=selective_edgecooper_global_pmax comm_bytes=62960 selected_grids={10: 10, 11: 9, 15: 11}
fusion_method=early pred_boxes=27 gt_boxes=59
pred_scores_shape=(27,)
frame=29/41 receiver_sample=3/20 scenario=2026_07_29_02_32_08 timestamp=000116 cavs=[3, 16, 17, 18]
sgcp_constrained receiver=3 policy=all-cavs sources=[3, 16, 17, 18] clusters=20 ra=selective_edgecooper_global_pmax comm_bytes=67776 selected_grids={16: 10, 17: 10, 18: 11}Format = auto
Extension = pcd
Format = auto
Extension = pcd
Format = auto
Extension = pcd
Format = auto
Extension = pcd
Format = auto
Extension = pcd
Format = auto
Extension = pcd
Format = auto
Extension = pcd
Format = auto
Extension = pcd
Format = auto
Extension = pcd
Format = auto
Extension = pcd
Format = auto
Extension = pcd
Format = auto
Extension = pcd
Format = auto
Extension = pcd
Format = auto
Extension = pcd
Format = auto
Extension = pcd
Format = auto
Extension = pcd
Format = auto
Extension = pcd
Format = auto
Extension = pcd
Format = auto
Extension = pcd
Format = auto
Extension = pcd

fusion_method=early pred_boxes=18 gt_boxes=34
pred_scores_shape=(18,)
frame=29/41 receiver_sample=4/20 scenario=2026_07_29_02_32_08 timestamp=000116 cavs=[4, 1, 7, 12]
sgcp_constrained receiver=4 policy=all-cavs sources=[4, 1, 7, 12] clusters=20 ra=selective_edgecooper_global_pmax comm_bytes=71616 selected_grids={1: 11, 7: 10, 12: 10}
fusion_method=early pred_boxes=30 gt_boxes=53
pred_scores_shape=(30,)
frame=29/41 receiver_sample=5/20 scenario=2026_07_29_02_32_08 timestamp=000116 cavs=[5, 7, 9, 20]
sgcp_constrained receiver=5 policy=all-cavs sources=[5, 7, 9, 20] clusters=20 ra=selective_edgecooper_global_pmax comm_bytes=66608 selected_grids={7: 10, 9: 11, 20: 10}
fusion_method=early pred_boxes=25 gt_boxes=43
pred_scores_shape=(25,)
frame=29/41 receiver_sample=6/20 scenario=2026_07_29_02_32_08 timestamp=000116 cavs=[6, 15]
sgcp_constrained receiver=6 policy=all-cavs sources=[6, 15] clusters=20 ra=selective_edgecooper_global_pmax comm_bytes=21776 selected_grids={15: 10}
fusion_method=early pred_boxes=17 gt_boxes=29
pred_scores_shape=(17,)
frame=29/41 receiver_sample=7/20 scenario=2026_07_29_02_32_08 timestamp=000116 cavs=[7, 4, 12]
sgcp_constrained receiver=7 policy=all-cavs sources=[7, 4, 12] clusters=20 ra=selective_edgecooper_global_pmax comm_bytes=45856 selected_grids={4: 10, 12: 11}
fusion_method=early pred_boxes=24 gt_boxes=39
pred_scores_shape=(24,)
frame=29/41 receiver_sample=8/20 scenario=2026_07_29_02_32_08 timestamp=000116 cavs=[8, 1, 11, 12]
sgcp_constrained receiver=8 policy=all-cavs sources=[8, 1, 11, 12] clusters=20 ra=selective_edgecooper_global_pmax comm_bytes=68928 selected_grids={1: 10, 11: 11, 12: 10}
fusion_method=early pred_boxes=27 gt_boxes=47
pred_scores_shape=(27,)
frame=29/41 receiver_sample=9/20 scenario=2026_07_29_02_32_08 timestamp=000116 cavs=[9, 11, 13]
sgcp_constrained receiver=9 policy=all-cavs sources=[9, 11, 13] clusters=20 ra=selective_edgecooper_global_pmax comm_bytes=52144 selected_grids={11: 10, 13: 11}
fusion_method=early pred_boxes=22 gt_boxes=44
pred_scores_shape=(22,)
frame=29/41 receiver_sample=10/20 scenario=2026_07_29_02_32_08 timestamp=000116 cavs=[10, 5, 8, 19]
sgcp_constrained receiver=10 policy=all-cavs sources=[10, 5, 8, 19] clusters=20 ra=selective_edgecooper_global_pmax comm_bytes=65952 selected_grids={5: 11, 8: 11, 19: 11}
fusion_method=early pred_boxes=27 gt_boxes=56
pred_scores_shape=(27,)
frame=29/41 receiver_sample=11/20 scenario=2026_07_29_02_32_08 timestamp=000116 cavs=[11, 2, 8, 10]
sgcp_constrained receiver=11 policy=all-cavs sources=[11, 2, 8, 10] clusters=20 ra=selective_edgecooper_global_pmax comm_bytes=54752 selected_grids={2: 11, 8: 11, 10: 10}
fusion_method=early pred_boxes=26 gt_boxes=56
pred_scores_shape=(26,)
frame=29/41 receiver_sample=12/20 scenario=2026_07_29_02_32_08 timestamp=000116 cavs=[12, 4, 7]
sgcp_constrained receiver=12 policy=all-cavs sources=[12, 4, 7] clusters=20 ra=selective_edgecooper_global_pmax comm_bytes=46048 selected_grids={4: 10, 7: 11}
fusion_method=early pred_boxes=18 gt_boxes=43
pred_scores_shape=(18,)
frame=29/41 receiver_sample=13/20 scenario=2026_07_29_02_32_08 timestamp=000116 cavs=[13, 9, 10, 19]
sgcp_constrained receiver=13 policy=all-cavs sources=[13, 9, 10, 19] clusters=20 ra=selective_edgecooper_global_pmax comm_bytes=45520 selected_grids={9: 11, 10: 10, 19: 9}
fusion_method=early pred_boxes=22 gt_boxes=42
pred_scores_shape=(22,)
frame=29/41 receiver_sample=14/20 scenario=2026_07_29_02_32_08 timestamp=000116 cavs=[14]
sgcp_constrained receiver=14 policy=all-cavs sources=[14] clusters=20 ra=selective_edgecooper_global_pmax comm_bytes=0 selected_grids={}
fusion_method=early pred_boxes=4 gt_boxes=8
pred_scores_shape=(4,)
frame=29/41 receiver_sample=15/20 scenario=2026_07_29_02_32_08 timestamp=000116 cavs=[15, 1, 2, 6]
sgcp_constrained receiver=15 policy=all-cavs sources=[15, 1, 2, 6] clusters=20 ra=selective_edgecooper_global_pmax comm_bytes=71888 selected_grids={1: 10, 2: 11, 6: 10}
fusion_method=early pred_boxes=26 gt_boxes=54
pred_scores_shape=(26,)
frame=29/41 receiver_sample=16/20 scenario=2026_07_29_02_32_08 timestamp=000116 cavs=[16, 3, 17, 20]
sgcp_constrained receiver=16 policy=all-cavs sources=[16, 3, 17, 20] clusters=20 ra=selective_edgecooper_global_pmax comm_bytes=61744 selected_grids={3: 11, 17: 11, 20: 11}
fusion_method=early pred_boxes=28 gt_boxes=45
pred_scores_shape=(28,)
frame=29/41 receiver_sample=17/20 scenario=2026_07_29_02_32_08 timestamp=000116 cavs=[17, 3, 5, 16]
sgcp_constrained receiver=17 policy=all-cavs sources=[17, 3, 5, 16] clusters=20 ra=selective_edgecooper_global_pmax comm_bytes=53728 selected_grids={3: 10, 5: 11, 16: 10}
fusion_method=early pred_boxes=21 gt_boxes=43
pred_scores_shape=(21,)
frame=29/41 receiver_sample=18/20 scenario=2026_07_29_02_32_08 timestamp=000116 cavs=[18, 3]
sgcp_constrained receiver=18 policy=all-cavs sources=[18, 3] clusters=20 ra=selective_edgecooper_global_pmax comm_bytes=27856 selected_grids={3: 10}
fusion_method=early pred_boxes=14 gt_boxes=20
pred_scores_shape=(14,)
frame=29/41 receiver_sample=19/20 scenario=2026_07_29_02_32_08 timestamp=000116 cavs=[19, 9, 13, 20]
sgcp_constrained receiver=19 policy=all-cavs sources=[19, 9, 13, 20] clusters=20 ra=selective_edgecooper_global_pmax comm_bytes=66480 selected_grids={9: 10, 13: 10, 20: 10}
fusion_method=early pred_boxes=22 gt_boxes=44
pred_scores_shape=(22,)
frame=29/41 receiver_sample=20/20 scenario=2026_07_29_02_32_08 timestamp=000116 cavs=[20, 5, 16, 19]
sgcp_constrained receiver=20 policy=all-cavs sources=[20, 5, 16, 19] clusters=20 ra=selective_edgecooper_global_pmax comm_bytes=57984 selected_grids={5: 10, 16: 10, 19: 11}
fusion_method=early pred_boxes=26 gt_boxes=51
pred_scores_shape=(26,)
frame=30/41 receiver_sample=1/20 scenario=2026_07_29_02_32_08 timestamp=000118 cavs=[1, 4, 8, 15]
sgcp_constrained receiver=1 policy=all-cavs sources=[1, 4, 8, 15] clusters=20 ra=selective_edgecooper_global_pmax comm_bytes=66800 selected_grids={4: 10, 8: 9, 15: 11}
fusion_method=early pred_boxes=36 gt_boxes=57
pred_scores_shape=(36,)
frame=30/41 receiver_sample=2/20 scenario=2026_07_29_02_32_08 timestamp=000118 cavs=[2, 10, 11, 15]
sgcp_constrained receiver=2 policy=all-cavs sources=[2, 10, 11, 15] clusters=20 ra=selective_edgecooper_global_pmax comm_bytes=62528 selected_grids={10: 10, 11: 9, 15: 11}
fusion_method=early pred_boxes=28 gt_boxes=58
pred_scores_shape=(28,)
frame=30/41 receiver_sample=3/20 scenario=2026_07_29_02_32_08 timestamp=000118 cavs=[3, 16, 17, 18]
sgcp_constrained receiver=3 policy=all-cavs sources=[3, 16, 17, 18] clusters=20 ra=selective_edgecooper_global_pmax comm_bytes=68240 selected_grids={16: 10, 17: 11, 18: 11}
fusion_method=early pred_boxes=18 gt_boxes=34
pred_scores_shape=(18,)
frame=30/41 receiver_sample=4/20 scenario=2026_07_29_02_32_08 timestamp=000118 cavs=[4, 1, 7, 12]
sgcp_constrained receiver=4 policy=all-cavs sources=[4, 1, 7, 12] clusters=20 ra=selective_edgecooper_global_pmax comm_bytes=75008 selected_grids={1: 11, 7: 11, 12: 11}
fusion_method=early pred_boxes=29 gt_boxes=53
pred_scores_shape=(29,)
frame=30/41 receiver_sample=5/20 scenario=2026_07_29_02_32_08 timestamp=000118 cavs=[5, 7, 9, 20]
sgcp_constrained receiver=5 policy=all-cavs sources=[5, 7, 9, 20] clusters=20 ra=selective_edgecooper_global_pmax comm_bytes=68192 selected_grids={7: 11, 9: 11, 20: 9}
fusion_method=early pred_boxes=24 gt_boxes=44
pred_scores_shape=(24,)
frame=30/41 receiver_sample=6/20 scenario=2026_07_29_02_32_08 timestamp=000118 cavs=[6, 15]
sgcp_constrained receiver=6 policy=all-cavs sources=[6, 15] clusters=20 ra=selective_edgecooper_global_pmax comm_bytes=21456 selected_grids={15: 10}
fusion_method=early pred_boxes=17 gt_boxes=29
pred_scores_shape=(17,)
frame=30/41 receiver_sample=7/20 scenario=2026_07_29_02_32_08 timestamp=000118 cavs=[7, 4, 12]
sgcp_constrained receiver=7 policy=all-cavs sources=[7, 4, 12] clusters=20 ra=selective_edgecooper_global_pmax comm_bytes=43744 selected_grids={4: 11, 12: 10}
fusion_method=early pred_boxes=28 gt_boxes=40
pred_scores_shape=(28,)
frame=30/41 receiver_sample=8/20 scenario=2026_07_29_02_32_08 timestamp=000118 cavs=[8, 1, 11, 12]Format = auto
Extension = pcd
Format = auto
Extension = pcd
Format = auto
Extension = pcd
Format = auto
Extension = pcd
Format = auto
Extension = pcd
Format = auto
Extension = pcd
Format = auto
Extension = pcd
Format = auto
Extension = pcd
Format = auto
Extension = pcd
Format = auto
Extension = pcd
Format = auto
Extension = pcd
Format = auto
Extension = pcd
Format = auto
Extension = pcd
Format = auto
Extension = pcd
Format = auto
Extension = pcd
Format = auto
Extension = pcd
Format = auto
Extension = pcd
Format = auto
Extension = pcd
Format = auto
Extension = pcd
Format = auto
Extension = pcd

sgcp_constrained receiver=8 policy=all-cavs sources=[8, 1, 11, 12] clusters=20 ra=selective_edgecooper_global_pmax comm_bytes=70336 selected_grids={1: 10, 11: 11, 12: 10}
fusion_method=early pred_boxes=27 gt_boxes=47
pred_scores_shape=(27,)
frame=30/41 receiver_sample=9/20 scenario=2026_07_29_02_32_08 timestamp=000118 cavs=[9, 11, 13]
sgcp_constrained receiver=9 policy=all-cavs sources=[9, 11, 13] clusters=20 ra=selective_edgecooper_global_pmax comm_bytes=52656 selected_grids={11: 10, 13: 11}
fusion_method=early pred_boxes=24 gt_boxes=44
pred_scores_shape=(24,)
frame=30/41 receiver_sample=10/20 scenario=2026_07_29_02_32_08 timestamp=000118 cavs=[10, 5, 8, 19]
sgcp_constrained receiver=10 policy=all-cavs sources=[10, 5, 8, 19] clusters=20 ra=selective_edgecooper_global_pmax comm_bytes=66000 selected_grids={5: 11, 8: 11, 19: 11}
fusion_method=early pred_boxes=29 gt_boxes=55
pred_scores_shape=(29,)
frame=30/41 receiver_sample=11/20 scenario=2026_07_29_02_32_08 timestamp=000118 cavs=[11, 2, 8, 10]
sgcp_constrained receiver=11 policy=all-cavs sources=[11, 2, 8, 10] clusters=20 ra=selective_edgecooper_global_pmax comm_bytes=54768 selected_grids={2: 11, 8: 11, 10: 10}
fusion_method=early pred_boxes=27 gt_boxes=56
pred_scores_shape=(27,)
frame=30/41 receiver_sample=12/20 scenario=2026_07_29_02_32_08 timestamp=000118 cavs=[12, 4, 7]
sgcp_constrained receiver=12 policy=all-cavs sources=[12, 4, 7] clusters=20 ra=selective_edgecooper_global_pmax comm_bytes=46944 selected_grids={4: 10, 7: 11}
fusion_method=early pred_boxes=22 gt_boxes=44
pred_scores_shape=(22,)
frame=30/41 receiver_sample=13/20 scenario=2026_07_29_02_32_08 timestamp=000118 cavs=[13, 9, 10, 19]
sgcp_constrained receiver=13 policy=all-cavs sources=[13, 9, 10, 19] clusters=20 ra=selective_edgecooper_global_pmax comm_bytes=46192 selected_grids={9: 11, 10: 11, 19: 9}
fusion_method=early pred_boxes=22 gt_boxes=42
pred_scores_shape=(22,)
frame=30/41 receiver_sample=14/20 scenario=2026_07_29_02_32_08 timestamp=000118 cavs=[14]
sgcp_constrained receiver=14 policy=all-cavs sources=[14] clusters=20 ra=selective_edgecooper_global_pmax comm_bytes=0 selected_grids={}
fusion_method=early pred_boxes=6 gt_boxes=8
pred_scores_shape=(6,)
frame=30/41 receiver_sample=15/20 scenario=2026_07_29_02_32_08 timestamp=000118 cavs=[15, 1, 2, 6]
sgcp_constrained receiver=15 policy=all-cavs sources=[15, 1, 2, 6] clusters=20 ra=selective_edgecooper_global_pmax comm_bytes=72192 selected_grids={1: 10, 2: 11, 6: 10}
fusion_method=early pred_boxes=28 gt_boxes=54
pred_scores_shape=(28,)
frame=30/41 receiver_sample=16/20 scenario=2026_07_29_02_32_08 timestamp=000118 cavs=[16, 3, 17, 20]
sgcp_constrained receiver=16 policy=all-cavs sources=[16, 3, 17, 20] clusters=20 ra=selective_edgecooper_global_pmax comm_bytes=60048 selected_grids={3: 11, 17: 10, 20: 11}
fusion_method=early pred_boxes=28 gt_boxes=45
pred_scores_shape=(28,)
frame=30/41 receiver_sample=17/20 scenario=2026_07_29_02_32_08 timestamp=000118 cavs=[17, 3, 5, 16]
sgcp_constrained receiver=17 policy=all-cavs sources=[17, 3, 5, 16] clusters=20 ra=selective_edgecooper_global_pmax comm_bytes=50224 selected_grids={3: 10, 5: 11, 16: 10}
fusion_method=early pred_boxes=21 gt_boxes=44
pred_scores_shape=(21,)
frame=30/41 receiver_sample=18/20 scenario=2026_07_29_02_32_08 timestamp=000118 cavs=[18, 3]
sgcp_constrained receiver=18 policy=all-cavs sources=[18, 3] clusters=20 ra=selective_edgecooper_global_pmax comm_bytes=28048 selected_grids={3: 10}
fusion_method=early pred_boxes=13 gt_boxes=20
pred_scores_shape=(13,)
frame=30/41 receiver_sample=19/20 scenario=2026_07_29_02_32_08 timestamp=000118 cavs=[19, 9, 13, 20]
sgcp_constrained receiver=19 policy=all-cavs sources=[19, 9, 13, 20] clusters=20 ra=selective_edgecooper_global_pmax comm_bytes=66528 selected_grids={9: 10, 13: 10, 20: 10}
fusion_method=early pred_boxes=23 gt_boxes=44
pred_scores_shape=(23,)
frame=30/41 receiver_sample=20/20 scenario=2026_07_29_02_32_08 timestamp=000118 cavs=[20, 5, 16, 19]
sgcp_constrained receiver=20 policy=all-cavs sources=[20, 5, 16, 19] clusters=20 ra=selective_edgecooper_global_pmax comm_bytes=58896 selected_grids={5: 10, 16: 11, 19: 11}
fusion_method=early pred_boxes=27 gt_boxes=51
pred_scores_shape=(27,)
frame=31/41 receiver_sample=1/20 scenario=2026_07_29_02_32_08 timestamp=000120 cavs=[1, 4, 8, 15]
sgcp_constrained receiver=1 policy=all-cavs sources=[1, 4, 8, 15] clusters=20 ra=selective_edgecooper_global_pmax comm_bytes=68048 selected_grids={4: 11, 8: 9, 15: 11}
fusion_method=early pred_boxes=33 gt_boxes=56
pred_scores_shape=(33,)
frame=31/41 receiver_sample=2/20 scenario=2026_07_29_02_32_08 timestamp=000120 cavs=[2, 1, 11, 15]
sgcp_constrained receiver=2 policy=all-cavs sources=[2, 1, 11, 15] clusters=20 ra=selective_edgecooper_global_pmax comm_bytes=45248 selected_grids={1: 10, 11: 10, 15: 11}
fusion_method=early pred_boxes=21 gt_boxes=53
pred_scores_shape=(21,)
frame=31/41 receiver_sample=3/20 scenario=2026_07_29_02_32_08 timestamp=000120 cavs=[3, 16, 17, 18]
sgcp_constrained receiver=3 policy=all-cavs sources=[3, 16, 17, 18] clusters=20 ra=selective_edgecooper_global_pmax comm_bytes=67264 selected_grids={16: 10, 17: 11, 18: 11}
fusion_method=early pred_boxes=18 gt_boxes=33
pred_scores_shape=(18,)
frame=31/41 receiver_sample=4/20 scenario=2026_07_29_02_32_08 timestamp=000120 cavs=[4, 1, 7, 12]
sgcp_constrained receiver=4 policy=all-cavs sources=[4, 1, 7, 12] clusters=20 ra=selective_edgecooper_global_pmax comm_bytes=74080 selected_grids={1: 11, 7: 11, 12: 11}
fusion_method=early pred_boxes=28 gt_boxes=53
pred_scores_shape=(28,)
frame=31/41 receiver_sample=5/20 scenario=2026_07_29_02_32_08 timestamp=000120 cavs=[5, 7, 17, 20]
sgcp_constrained receiver=5 policy=all-cavs sources=[5, 7, 17, 20] clusters=20 ra=selective_edgecooper_global_pmax comm_bytes=66928 selected_grids={7: 11, 17: 11, 20: 9}
fusion_method=early pred_boxes=27 gt_boxes=47
pred_scores_shape=(27,)
frame=31/41 receiver_sample=6/20 scenario=2026_07_29_02_32_08 timestamp=000120 cavs=[6, 15]
sgcp_constrained receiver=6 policy=all-cavs sources=[6, 15] clusters=20 ra=selective_edgecooper_global_pmax comm_bytes=22400 selected_grids={15: 10}
fusion_method=early pred_boxes=16 gt_boxes=29
pred_scores_shape=(16,)
frame=31/41 receiver_sample=7/20 scenario=2026_07_29_02_32_08 timestamp=000120 cavs=[7, 4, 12, 20]
sgcp_constrained receiver=7 policy=all-cavs sources=[7, 4, 12, 20] clusters=20 ra=selective_edgecooper_global_pmax comm_bytes=58176 selected_grids={4: 10, 12: 10, 20: 10}
fusion_method=early pred_boxes=30 gt_boxes=42
pred_scores_shape=(30,)
frame=31/41 receiver_sample=8/20 scenario=2026_07_29_02_32_08 timestamp=000120 cavs=[8, 2, 11, 12]
sgcp_constrained receiver=8 policy=all-cavs sources=[8, 2, 11, 12] clusters=20 ra=selective_edgecooper_global_pmax comm_bytes=79632 selected_grids={2: 11, 11: 10, 12: 11}
fusion_method=early pred_boxes=28 gt_boxes=47
pred_scores_shape=(28,)
frame=31/41 receiver_sample=9/20 scenario=2026_07_29_02_32_08 timestamp=000120 cavs=[9, 11, 13]
sgcp_constrained receiver=9 policy=all-cavs sources=[9, 11, 13] clusters=20 ra=selective_edgecooper_global_pmax comm_bytes=55936 selected_grids={11: 11, 13: 11}
fusion_method=early pred_boxes=24 gt_boxes=44
pred_scores_shape=(24,)
frame=31/41 receiver_sample=10/20 scenario=2026_07_29_02_32_08 timestamp=000120 cavs=[10, 5, 8, 19]
sgcp_constrained receiver=10 policy=all-cavs sources=[10, 5, 8, 19] clusters=20 ra=selective_edgecooper_global_pmax comm_bytes=66112 selected_grids={5: 11, 8: 11, 19: 11}
fusion_method=early pred_boxes=28 gt_boxes=56
pred_scores_shape=(28,)
frame=31/41 receiver_sample=11/20 scenario=2026_07_29_02_32_08 timestamp=000120 cavs=[11, 2, 8, 10]
sgcp_constrained receiver=11 policy=all-cavs sources=[11, 2, 8, 10] clusters=20 ra=selective_edgecooper_global_pmax comm_bytes=55440 selected_grids={2: 11, 8: 11, 10: 10}
fusion_method=early pred_boxes=26 gt_boxes=56
pred_scores_shape=(26,)
frame=31/41 receiver_sample=12/20 scenario=2026_07_29_02_32_08 timestamp=000120 cavs=[12, 4, 7]
sgcp_constrained receiver=12 policy=all-cavs sources=[12, 4, 7] clusters=20 ra=selective_edgecooper_global_pmax comm_bytes=46816 selected_grids={4: 10, 7: 11}Format = auto
Extension = pcd
Format = auto
Extension = pcd
Format = auto
Extension = pcd
Format = auto
Extension = pcd
Format = auto
Extension = pcd
Format = auto
Extension = pcd
Format = auto
Extension = pcd
Format = auto
Extension = pcd
Format = auto
Extension = pcd
Format = auto
Extension = pcd
Format = auto
Extension = pcd
Format = auto
Extension = pcd
Format = auto
Extension = pcd
Format = auto
Extension = pcd
Format = auto
Extension = pcd
Format = auto
Extension = pcd
Format = auto
Extension = pcd
Format = auto
Extension = pcd
Format = auto
Extension = pcd
Format = auto
Extension = pcd

fusion_method=early pred_boxes=20 gt_boxes=43
pred_scores_shape=(20,)
frame=31/41 receiver_sample=13/20 scenario=2026_07_29_02_32_08 timestamp=000120 cavs=[13, 9, 10, 19]
sgcp_constrained receiver=13 policy=all-cavs sources=[13, 9, 10, 19] clusters=20 ra=selective_edgecooper_global_pmax comm_bytes=47392 selected_grids={9: 11, 10: 11, 19: 10}
fusion_method=early pred_boxes=22 gt_boxes=42
pred_scores_shape=(22,)
frame=31/41 receiver_sample=14/20 scenario=2026_07_29_02_32_08 timestamp=000120 cavs=[14]
sgcp_constrained receiver=14 policy=all-cavs sources=[14] clusters=20 ra=selective_edgecooper_global_pmax comm_bytes=0 selected_grids={}
fusion_method=early pred_boxes=6 gt_boxes=8
pred_scores_shape=(6,)
frame=31/41 receiver_sample=15/20 scenario=2026_07_29_02_32_08 timestamp=000120 cavs=[15, 1, 2, 6]
sgcp_constrained receiver=15 policy=all-cavs sources=[15, 1, 2, 6] clusters=20 ra=selective_edgecooper_global_pmax comm_bytes=75392 selected_grids={1: 11, 2: 11, 6: 11}
fusion_method=early pred_boxes=27 gt_boxes=54
pred_scores_shape=(27,)
frame=31/41 receiver_sample=16/20 scenario=2026_07_29_02_32_08 timestamp=000120 cavs=[16, 3, 17, 20]
sgcp_constrained receiver=16 policy=all-cavs sources=[16, 3, 17, 20] clusters=20 ra=selective_edgecooper_global_pmax comm_bytes=59456 selected_grids={3: 11, 17: 11, 20: 11}
fusion_method=early pred_boxes=27 gt_boxes=44
pred_scores_shape=(27,)
frame=31/41 receiver_sample=17/20 scenario=2026_07_29_02_32_08 timestamp=000120 cavs=[17, 3, 5, 16]
sgcp_constrained receiver=17 policy=all-cavs sources=[17, 3, 5, 16] clusters=20 ra=selective_edgecooper_global_pmax comm_bytes=50400 selected_grids={3: 10, 5: 11, 16: 10}
fusion_method=early pred_boxes=22 gt_boxes=43
pred_scores_shape=(22,)
frame=31/41 receiver_sample=18/20 scenario=2026_07_29_02_32_08 timestamp=000120 cavs=[18, 3]
sgcp_constrained receiver=18 policy=all-cavs sources=[18, 3] clusters=20 ra=selective_edgecooper_global_pmax comm_bytes=29552 selected_grids={3: 11}
fusion_method=early pred_boxes=12 gt_boxes=20
pred_scores_shape=(12,)
frame=31/41 receiver_sample=19/20 scenario=2026_07_29_02_32_08 timestamp=000120 cavs=[19, 9, 10, 13]
sgcp_constrained receiver=19 policy=all-cavs sources=[19, 9, 10, 13] clusters=20 ra=selective_edgecooper_global_pmax comm_bytes=50320 selected_grids={9: 10, 10: 11, 13: 10}
fusion_method=early pred_boxes=23 gt_boxes=42
pred_scores_shape=(23,)
frame=31/41 receiver_sample=20/20 scenario=2026_07_29_02_32_08 timestamp=000120 cavs=[20, 5, 16, 19]
sgcp_constrained receiver=20 policy=all-cavs sources=[20, 5, 16, 19] clusters=20 ra=selective_edgecooper_global_pmax comm_bytes=60208 selected_grids={5: 10, 16: 11, 19: 11}
fusion_method=early pred_boxes=29 gt_boxes=51
pred_scores_shape=(29,)
frame=32/41 receiver_sample=1/20 scenario=2026_07_29_02_32_08 timestamp=000122 cavs=[1, 4, 8, 15]
sgcp_constrained receiver=1 policy=all-cavs sources=[1, 4, 8, 15] clusters=20 ra=selective_edgecooper_global_pmax comm_bytes=63520 selected_grids={4: 10, 8: 8, 15: 10}
fusion_method=early pred_boxes=34 gt_boxes=57
pred_scores_shape=(34,)
frame=32/41 receiver_sample=2/20 scenario=2026_07_29_02_32_08 timestamp=000122 cavs=[2, 10, 11, 15]
sgcp_constrained receiver=2 policy=all-cavs sources=[2, 10, 11, 15] clusters=20 ra=selective_edgecooper_global_pmax comm_bytes=60000 selected_grids={10: 10, 11: 8, 15: 10}
fusion_method=early pred_boxes=28 gt_boxes=60
pred_scores_shape=(28,)
frame=32/41 receiver_sample=3/20 scenario=2026_07_29_02_32_08 timestamp=000122 cavs=[3, 16, 17, 18]
sgcp_constrained receiver=3 policy=all-cavs sources=[3, 16, 17, 18] clusters=20 ra=selective_edgecooper_global_pmax comm_bytes=63392 selected_grids={16: 10, 17: 10, 18: 10}
fusion_method=early pred_boxes=20 gt_boxes=33
pred_scores_shape=(20,)
frame=32/41 receiver_sample=4/20 scenario=2026_07_29_02_32_08 timestamp=000122 cavs=[4, 1, 7, 12]
sgcp_constrained receiver=4 policy=all-cavs sources=[4, 1, 7, 12] clusters=20 ra=selective_edgecooper_global_pmax comm_bytes=68208 selected_grids={1: 10, 7: 10, 12: 10}
fusion_method=early pred_boxes=26 gt_boxes=53
pred_scores_shape=(26,)
frame=32/41 receiver_sample=5/20 scenario=2026_07_29_02_32_08 timestamp=000122 cavs=[5, 10, 17, 20]
sgcp_constrained receiver=5 policy=all-cavs sources=[5, 10, 17, 20] clusters=20 ra=selective_edgecooper_global_pmax comm_bytes=64608 selected_grids={10: 10, 17: 10, 20: 10}
fusion_method=early pred_boxes=27 gt_boxes=52
pred_scores_shape=(27,)
frame=32/41 receiver_sample=6/20 scenario=2026_07_29_02_32_08 timestamp=000122 cavs=[6, 15]
sgcp_constrained receiver=6 policy=all-cavs sources=[6, 15] clusters=20 ra=selective_edgecooper_global_pmax comm_bytes=20608 selected_grids={15: 10}
fusion_method=early pred_boxes=16 gt_boxes=30
pred_scores_shape=(16,)
frame=32/41 receiver_sample=7/20 scenario=2026_07_29_02_32_08 timestamp=000122 cavs=[7, 4, 12]
sgcp_constrained receiver=7 policy=all-cavs sources=[7, 4, 12] clusters=20 ra=selective_edgecooper_global_pmax comm_bytes=42192 selected_grids={4: 10, 12: 10}
fusion_method=early pred_boxes=26 gt_boxes=40
pred_scores_shape=(26,)
frame=32/41 receiver_sample=8/20 scenario=2026_07_29_02_32_08 timestamp=000122 cavs=[8, 1, 11, 12]
sgcp_constrained receiver=8 policy=all-cavs sources=[8, 1, 11, 12] clusters=20 ra=selective_edgecooper_global_pmax comm_bytes=67984 selected_grids={1: 9, 11: 10, 12: 10}
fusion_method=early pred_boxes=29 gt_boxes=46
pred_scores_shape=(29,)
frame=32/41 receiver_sample=9/20 scenario=2026_07_29_02_32_08 timestamp=000122 cavs=[9, 11, 13]
sgcp_constrained receiver=9 policy=all-cavs sources=[9, 11, 13] clusters=20 ra=selective_edgecooper_global_pmax comm_bytes=51952 selected_grids={11: 10, 13: 10}
fusion_method=early pred_boxes=21 gt_boxes=44
pred_scores_shape=(21,)
frame=32/41 receiver_sample=10/20 scenario=2026_07_29_02_32_08 timestamp=000122 cavs=[10, 5, 8, 19]
sgcp_constrained receiver=10 policy=all-cavs sources=[10, 5, 8, 19] clusters=20 ra=selective_edgecooper_global_pmax comm_bytes=61792 selected_grids={5: 10, 8: 10, 19: 10}
fusion_method=early pred_boxes=28 gt_boxes=56
pred_scores_shape=(28,)
frame=32/41 receiver_sample=11/20 scenario=2026_07_29_02_32_08 timestamp=000122 cavs=[11, 2, 8, 10]
sgcp_constrained receiver=11 policy=all-cavs sources=[11, 2, 8, 10] clusters=20 ra=selective_edgecooper_global_pmax comm_bytes=54064 selected_grids={2: 10, 8: 10, 10: 10}
fusion_method=early pred_boxes=28 gt_boxes=56
pred_scores_shape=(28,)
frame=32/41 receiver_sample=12/20 scenario=2026_07_29_02_32_08 timestamp=000122 cavs=[12, 4, 7]
sgcp_constrained receiver=12 policy=all-cavs sources=[12, 4, 7] clusters=20 ra=selective_edgecooper_global_pmax comm_bytes=45600 selected_grids={4: 10, 7: 10}
fusion_method=early pred_boxes=20 gt_boxes=43
pred_scores_shape=(20,)
frame=32/41 receiver_sample=13/20 scenario=2026_07_29_02_32_08 timestamp=000122 cavs=[13, 9, 14, 19]
sgcp_constrained receiver=13 policy=all-cavs sources=[13, 9, 14, 19] clusters=20 ra=selective_edgecooper_global_pmax comm_bytes=61376 selected_grids={9: 10, 14: 10, 19: 10}
fusion_method=early pred_boxes=18 gt_boxes=42
pred_scores_shape=(18,)
frame=32/41 receiver_sample=14/20 scenario=2026_07_29_02_32_08 timestamp=000122 cavs=[14, 13]
sgcp_constrained receiver=14 policy=all-cavs sources=[14, 13] clusters=20 ra=selective_edgecooper_global_pmax comm_bytes=26560 selected_grids={13: 10}
fusion_method=early pred_boxes=7 gt_boxes=8
pred_scores_shape=(7,)
frame=32/41 receiver_sample=15/20 scenario=2026_07_29_02_32_08 timestamp=000122 cavs=[15, 1, 2, 6]
sgcp_constrained receiver=15 policy=all-cavs sources=[15, 1, 2, 6] clusters=20 ra=selective_edgecooper_global_pmax comm_bytes=71360 selected_grids={1: 10, 2: 10, 6: 10}
fusion_method=early pred_boxes=27 gt_boxes=54
pred_scores_shape=(27,)
frame=32/41 receiver_sample=16/20 scenario=2026_07_29_02_32_08 timestamp=000122 cavs=[16, 3, 17, 20]
sgcp_constrained receiver=16 policy=all-cavs sources=[16, 3, 17, 20] clusters=20 ra=selective_edgecooper_global_pmax comm_bytes=56272 selected_grids={3: 10, 17: 9, 20: 10}
fusion_method=early pred_boxes=23 gt_boxes=44
pred_scores_shape=(23,)
frame=32/41 receiver_sample=17/20 scenario=2026_07_29_02_32_08 timestamp=000122 cavs=[17, 3, 5, 16]Format = auto
Extension = pcd
Format = auto
Extension = pcd
Format = auto
Extension = pcd
Format = auto
Extension = pcd
Format = auto
Extension = pcd
Format = auto
Extension = pcd
Format = auto
Extension = pcd
Format = auto
Extension = pcd
Format = auto
Extension = pcd
Format = auto
Extension = pcd
Format = auto
Extension = pcd
Format = auto
Extension = pcd
Format = auto
Extension = pcd
Format = auto
Extension = pcd
Format = auto
Extension = pcd
Format = auto
Extension = pcd
Format = auto
Extension = pcd
Format = auto
Extension = pcd
Format = auto
Extension = pcd
Format = auto
Extension = pcd
Format = auto
Extension = pcd
Format = auto
Extension = pcd
Format = auto
Extension = pcd
Format = auto
Extension = pcd
Format = auto
Extension = pcd
Format = auto
Extension = pcd
Format = auto
Extension = pcd
Format = auto
Extension = pcd
Format = auto
Extension = pcd
Format = auto
Extension = pcd
Format = auto
Extension = pcd
Format = auto
Extension = pcd
Format = auto
Extension = pcd
Format = auto
Extension = pcd
Format = auto
Extension = pcd
Format = auto
Extension = pcd
Format = auto
Extension = pcd
Format = auto
Extension = pcd
Format = auto
Extension = pcd
Format = auto
Extension = pcd

sgcp_constrained receiver=17 policy=all-cavs sources=[17, 3, 5, 16] clusters=20 ra=selective_edgecooper_global_pmax comm_bytes=49472 selected_grids={3: 10, 5: 10, 16: 10}
fusion_method=early pred_boxes=21 gt_boxes=43
pred_scores_shape=(21,)
frame=32/41 receiver_sample=18/20 scenario=2026_07_29_02_32_08 timestamp=000122 cavs=[18, 3]
sgcp_constrained receiver=18 policy=all-cavs sources=[18, 3] clusters=20 ra=selective_edgecooper_global_pmax comm_bytes=27360 selected_grids={3: 10}
fusion_method=early pred_boxes=12 gt_boxes=20
pred_scores_shape=(12,)
frame=32/41 receiver_sample=19/20 scenario=2026_07_29_02_32_08 timestamp=000122 cavs=[19, 9, 13, 20]
sgcp_constrained receiver=19 policy=all-cavs sources=[19, 9, 13, 20] clusters=20 ra=selective_edgecooper_global_pmax comm_bytes=66032 selected_grids={9: 9, 13: 10, 20: 10}
fusion_method=early pred_boxes=23 gt_boxes=45
pred_scores_shape=(23,)
frame=32/41 receiver_sample=20/20 scenario=2026_07_29_02_32_08 timestamp=000122 cavs=[20, 5, 16, 19]
sgcp_constrained receiver=20 policy=all-cavs sources=[20, 5, 16, 19] clusters=20 ra=selective_edgecooper_global_pmax comm_bytes=56448 selected_grids={5: 9, 16: 10, 19: 10}
fusion_method=early pred_boxes=26 gt_boxes=51
pred_scores_shape=(26,)
frame=33/41 receiver_sample=1/20 scenario=2026_07_29_02_32_08 timestamp=000124 cavs=[1, 4, 8, 15]
sgcp_constrained receiver=1 policy=all-cavs sources=[1, 4, 8, 15] clusters=20 ra=selective_edgecooper_global_pmax comm_bytes=63600 selected_grids={4: 10, 8: 8, 15: 10}
fusion_method=early pred_boxes=30 gt_boxes=57
pred_scores_shape=(30,)
frame=33/41 receiver_sample=2/20 scenario=2026_07_29_02_32_08 timestamp=000124 cavs=[2, 10, 11, 15]
sgcp_constrained receiver=2 policy=all-cavs sources=[2, 10, 11, 15] clusters=20 ra=selective_edgecooper_global_pmax comm_bytes=59808 selected_grids={10: 10, 11: 8, 15: 10}
fusion_method=early pred_boxes=29 gt_boxes=60
pred_scores_shape=(29,)
frame=33/41 receiver_sample=3/20 scenario=2026_07_29_02_32_08 timestamp=000124 cavs=[3, 16, 17, 18]
sgcp_constrained receiver=3 policy=all-cavs sources=[3, 16, 17, 18] clusters=20 ra=selective_edgecooper_global_pmax comm_bytes=63248 selected_grids={16: 10, 17: 10, 18: 10}
fusion_method=early pred_boxes=17 gt_boxes=34
pred_scores_shape=(17,)
frame=33/41 receiver_sample=4/20 scenario=2026_07_29_02_32_08 timestamp=000124 cavs=[4, 1, 7, 12]
sgcp_constrained receiver=4 policy=all-cavs sources=[4, 1, 7, 12] clusters=20 ra=selective_edgecooper_global_pmax comm_bytes=68704 selected_grids={1: 10, 7: 10, 12: 10}
fusion_method=early pred_boxes=27 gt_boxes=53
pred_scores_shape=(27,)
frame=33/41 receiver_sample=5/20 scenario=2026_07_29_02_32_08 timestamp=000124 cavs=[5, 10, 17, 20]
sgcp_constrained receiver=5 policy=all-cavs sources=[5, 10, 17, 20] clusters=20 ra=selective_edgecooper_global_pmax comm_bytes=65104 selected_grids={10: 10, 17: 10, 20: 10}
fusion_method=early pred_boxes=28 gt_boxes=52
pred_scores_shape=(28,)
frame=33/41 receiver_sample=6/20 scenario=2026_07_29_02_32_08 timestamp=000124 cavs=[6, 15]
sgcp_constrained receiver=6 policy=all-cavs sources=[6, 15] clusters=20 ra=selective_edgecooper_global_pmax comm_bytes=20192 selected_grids={15: 9}
fusion_method=early pred_boxes=16 gt_boxes=31
pred_scores_shape=(16,)
frame=33/41 receiver_sample=7/20 scenario=2026_07_29_02_32_08 timestamp=000124 cavs=[7, 4, 12]
sgcp_constrained receiver=7 policy=all-cavs sources=[7, 4, 12] clusters=20 ra=selective_edgecooper_global_pmax comm_bytes=42896 selected_grids={4: 10, 12: 10}
fusion_method=early pred_boxes=24 gt_boxes=40
pred_scores_shape=(24,)
frame=33/41 receiver_sample=8/20 scenario=2026_07_29_02_32_08 timestamp=000124 cavs=[8, 1, 7, 11]
sgcp_constrained receiver=8 policy=all-cavs sources=[8, 1, 7, 11] clusters=20 ra=selective_edgecooper_global_pmax comm_bytes=64256 selected_grids={1: 9, 7: 10, 11: 10}
fusion_method=early pred_boxes=29 gt_boxes=45
pred_scores_shape=(29,)
frame=33/41 receiver_sample=9/20 scenario=2026_07_29_02_32_08 timestamp=000124 cavs=[9, 11, 13]
sgcp_constrained receiver=9 policy=all-cavs sources=[9, 11, 13] clusters=20 ra=selective_edgecooper_global_pmax comm_bytes=51920 selected_grids={11: 10, 13: 10}
fusion_method=early pred_boxes=24 gt_boxes=44
pred_scores_shape=(24,)
frame=33/41 receiver_sample=10/20 scenario=2026_07_29_02_32_08 timestamp=000124 cavs=[10, 5, 8, 19]
sgcp_constrained receiver=10 policy=all-cavs sources=[10, 5, 8, 19] clusters=20 ra=selective_edgecooper_global_pmax comm_bytes=61504 selected_grids={5: 10, 8: 10, 19: 10}
fusion_method=early pred_boxes=27 gt_boxes=55
pred_scores_shape=(27,)
frame=33/41 receiver_sample=11/20 scenario=2026_07_29_02_32_08 timestamp=000124 cavs=[11, 2, 8, 10]
sgcp_constrained receiver=11 policy=all-cavs sources=[11, 2, 8, 10] clusters=20 ra=selective_edgecooper_global_pmax comm_bytes=54048 selected_grids={2: 10, 8: 10, 10: 10}
fusion_method=early pred_boxes=28 gt_boxes=56
pred_scores_shape=(28,)
frame=33/41 receiver_sample=12/20 scenario=2026_07_29_02_32_08 timestamp=000124 cavs=[12, 4, 7]
sgcp_constrained receiver=12 policy=all-cavs sources=[12, 4, 7] clusters=20 ra=selective_edgecooper_global_pmax comm_bytes=42896 selected_grids={4: 10, 7: 10}
fusion_method=early pred_boxes=20 gt_boxes=43
pred_scores_shape=(20,)
frame=33/41 receiver_sample=13/20 scenario=2026_07_29_02_32_08 timestamp=000124 cavs=[13, 9, 14, 19]
sgcp_constrained receiver=13 policy=all-cavs sources=[13, 9, 14, 19] clusters=20 ra=selective_edgecooper_global_pmax comm_bytes=61936 selected_grids={9: 10, 14: 10, 19: 10}
fusion_method=early pred_boxes=19 gt_boxes=42
pred_scores_shape=(19,)
frame=33/41 receiver_sample=14/20 scenario=2026_07_29_02_32_08 timestamp=000124 cavs=[14, 13]
sgcp_constrained receiver=14 policy=all-cavs sources=[14, 13] clusters=20 ra=selective_edgecooper_global_pmax comm_bytes=26640 selected_grids={13: 10}
fusion_method=early pred_boxes=7 gt_boxes=8
pred_scores_shape=(7,)
frame=33/41 receiver_sample=15/20 scenario=2026_07_29_02_32_08 timestamp=000124 cavs=[15, 1, 2, 6]
sgcp_constrained receiver=15 policy=all-cavs sources=[15, 1, 2, 6] clusters=20 ra=selective_edgecooper_global_pmax comm_bytes=71072 selected_grids={1: 10, 2: 10, 6: 10}
fusion_method=early pred_boxes=25 gt_boxes=54
pred_scores_shape=(25,)
frame=33/41 receiver_sample=16/20 scenario=2026_07_29_02_32_08 timestamp=000124 cavs=[16, 3, 17, 20]
sgcp_constrained receiver=16 policy=all-cavs sources=[16, 3, 17, 20] clusters=20 ra=selective_edgecooper_global_pmax comm_bytes=56576 selected_grids={3: 10, 17: 9, 20: 10}
fusion_method=early pred_boxes=23 gt_boxes=45
pred_scores_shape=(23,)
frame=33/41 receiver_sample=17/20 scenario=2026_07_29_02_32_08 timestamp=000124 cavs=[17, 3, 5, 16]
sgcp_constrained receiver=17 policy=all-cavs sources=[17, 3, 5, 16] clusters=20 ra=selective_edgecooper_global_pmax comm_bytes=49520 selected_grids={3: 10, 5: 10, 16: 10}
fusion_method=early pred_boxes=20 gt_boxes=44
pred_scores_shape=(20,)
frame=33/41 receiver_sample=18/20 scenario=2026_07_29_02_32_08 timestamp=000124 cavs=[18, 3]
sgcp_constrained receiver=18 policy=all-cavs sources=[18, 3] clusters=20 ra=selective_edgecooper_global_pmax comm_bytes=27888 selected_grids={3: 10}
fusion_method=early pred_boxes=11 gt_boxes=20
pred_scores_shape=(11,)
frame=33/41 receiver_sample=19/20 scenario=2026_07_29_02_32_08 timestamp=000124 cavs=[19, 9, 13, 20]
sgcp_constrained receiver=19 policy=all-cavs sources=[19, 9, 13, 20] clusters=20 ra=selective_edgecooper_global_pmax comm_bytes=66192 selected_grids={9: 9, 13: 10, 20: 10}
fusion_method=early pred_boxes=23 gt_boxes=45
pred_scores_shape=(23,)
frame=33/41 receiver_sample=20/20 scenario=2026_07_29_02_32_08 timestamp=000124 cavs=[20, 5, 16, 19]
sgcp_constrained receiver=20 policy=all-cavs sources=[20, 5, 16, 19] clusters=20 ra=selective_edgecooper_global_pmax comm_bytes=60800 selected_grids={5: 9, 16: 10, 19: 10}
fusion_method=early pred_boxes=28 gt_boxes=51
pred_scores_shape=(28,)
frame=34/41 receiver_sample=1/20 scenario=2026_07_29_02_32_08 timestamp=000126 cavs=[1, 4, 8, 15]
sgcp_constrained receiver=1 policy=all-cavs sources=[1, 4, 8, 15] clusters=20 ra=selective_edgecooper_global_pmax comm_bytes=63712 selected_grids={4: 10, 8: 8, 15: 10}Format = auto
Extension = pcd
Format = auto
Extension = pcd
Format = auto
Extension = pcd
Format = auto
Extension = pcd
Format = auto
Extension = pcd
Format = auto
Extension = pcd
Format = auto
Extension = pcd
Format = auto
Extension = pcd
Format = auto
Extension = pcd
Format = auto
Extension = pcd
Format = auto
Extension = pcd
Format = auto
Extension = pcd
Format = auto
Extension = pcd
Format = auto
Extension = pcd
Format = auto
Extension = pcd
Format = auto
Extension = pcd
Format = auto
Extension = pcd
Format = auto
Extension = pcd
Format = auto
Extension = pcd
Format = auto
Extension = pcd

fusion_method=early pred_boxes=32 gt_boxes=57
pred_scores_shape=(32,)
frame=34/41 receiver_sample=2/20 scenario=2026_07_29_02_32_08 timestamp=000126 cavs=[2, 10, 11, 15]
sgcp_constrained receiver=2 policy=all-cavs sources=[2, 10, 11, 15] clusters=20 ra=selective_edgecooper_global_pmax comm_bytes=61040 selected_grids={10: 10, 11: 8, 15: 10}
fusion_method=early pred_boxes=28 gt_boxes=60
pred_scores_shape=(28,)
frame=34/41 receiver_sample=3/20 scenario=2026_07_29_02_32_08 timestamp=000126 cavs=[3, 16, 17, 18]
sgcp_constrained receiver=3 policy=all-cavs sources=[3, 16, 17, 18] clusters=20 ra=selective_edgecooper_global_pmax comm_bytes=62048 selected_grids={16: 10, 17: 9, 18: 10}
fusion_method=early pred_boxes=17 gt_boxes=34
pred_scores_shape=(17,)
frame=34/41 receiver_sample=4/20 scenario=2026_07_29_02_32_08 timestamp=000126 cavs=[4, 1, 7, 12]
sgcp_constrained receiver=4 policy=all-cavs sources=[4, 1, 7, 12] clusters=20 ra=selective_edgecooper_global_pmax comm_bytes=69856 selected_grids={1: 10, 7: 10, 12: 10}
fusion_method=early pred_boxes=27 gt_boxes=54
pred_scores_shape=(27,)
frame=34/41 receiver_sample=5/20 scenario=2026_07_29_02_32_08 timestamp=000126 cavs=[5, 10, 17, 20]
sgcp_constrained receiver=5 policy=all-cavs sources=[5, 10, 17, 20] clusters=20 ra=selective_edgecooper_global_pmax comm_bytes=64944 selected_grids={10: 10, 17: 10, 20: 9}
fusion_method=early pred_boxes=28 gt_boxes=53
pred_scores_shape=(28,)
frame=34/41 receiver_sample=6/20 scenario=2026_07_29_02_32_08 timestamp=000126 cavs=[6, 15]
sgcp_constrained receiver=6 policy=all-cavs sources=[6, 15] clusters=20 ra=selective_edgecooper_global_pmax comm_bytes=22192 selected_grids={15: 10}
fusion_method=early pred_boxes=16 gt_boxes=32
pred_scores_shape=(16,)
frame=34/41 receiver_sample=7/20 scenario=2026_07_29_02_32_08 timestamp=000126 cavs=[7, 4, 12]
sgcp_constrained receiver=7 policy=all-cavs sources=[7, 4, 12] clusters=20 ra=selective_edgecooper_global_pmax comm_bytes=43168 selected_grids={4: 10, 12: 10}
fusion_method=early pred_boxes=28 gt_boxes=41
pred_scores_shape=(28,)
frame=34/41 receiver_sample=8/20 scenario=2026_07_29_02_32_08 timestamp=000126 cavs=[8, 1, 7, 11]
sgcp_constrained receiver=8 policy=all-cavs sources=[8, 1, 7, 11] clusters=20 ra=selective_edgecooper_global_pmax comm_bytes=64288 selected_grids={1: 9, 7: 10, 11: 10}
fusion_method=early pred_boxes=29 gt_boxes=44
pred_scores_shape=(29,)
frame=34/41 receiver_sample=9/20 scenario=2026_07_29_02_32_08 timestamp=000126 cavs=[9, 11, 13]
sgcp_constrained receiver=9 policy=all-cavs sources=[9, 11, 13] clusters=20 ra=selective_edgecooper_global_pmax comm_bytes=52016 selected_grids={11: 10, 13: 10}
fusion_method=early pred_boxes=21 gt_boxes=44
pred_scores_shape=(21,)
frame=34/41 receiver_sample=10/20 scenario=2026_07_29_02_32_08 timestamp=000126 cavs=[10, 5, 8, 19]
sgcp_constrained receiver=10 policy=all-cavs sources=[10, 5, 8, 19] clusters=20 ra=selective_edgecooper_global_pmax comm_bytes=61424 selected_grids={5: 10, 8: 10, 19: 10}
fusion_method=early pred_boxes=30 gt_boxes=54
pred_scores_shape=(30,)
frame=34/41 receiver_sample=11/20 scenario=2026_07_29_02_32_08 timestamp=000126 cavs=[11, 2, 8, 10]
sgcp_constrained receiver=11 policy=all-cavs sources=[11, 2, 8, 10] clusters=20 ra=selective_edgecooper_global_pmax comm_bytes=54016 selected_grids={2: 10, 8: 10, 10: 10}
fusion_method=early pred_boxes=26 gt_boxes=56
pred_scores_shape=(26,)
frame=34/41 receiver_sample=12/20 scenario=2026_07_29_02_32_08 timestamp=000126 cavs=[12, 4, 7]
sgcp_constrained receiver=12 policy=all-cavs sources=[12, 4, 7] clusters=20 ra=selective_edgecooper_global_pmax comm_bytes=43024 selected_grids={4: 10, 7: 10}
fusion_method=early pred_boxes=19 gt_boxes=43
pred_scores_shape=(19,)
frame=34/41 receiver_sample=13/20 scenario=2026_07_29_02_32_08 timestamp=000126 cavs=[13, 9, 14, 19]
sgcp_constrained receiver=13 policy=all-cavs sources=[13, 9, 14, 19] clusters=20 ra=selective_edgecooper_global_pmax comm_bytes=62256 selected_grids={9: 10, 14: 10, 19: 10}
fusion_method=early pred_boxes=16 gt_boxes=42
pred_scores_shape=(16,)
frame=34/41 receiver_sample=14/20 scenario=2026_07_29_02_32_08 timestamp=000126 cavs=[14, 13]
sgcp_constrained receiver=14 policy=all-cavs sources=[14, 13] clusters=20 ra=selective_edgecooper_global_pmax comm_bytes=23488 selected_grids={13: 9}
fusion_method=early pred_boxes=7 gt_boxes=8
pred_scores_shape=(7,)
frame=34/41 receiver_sample=15/20 scenario=2026_07_29_02_32_08 timestamp=000126 cavs=[15, 1, 2, 6]
sgcp_constrained receiver=15 policy=all-cavs sources=[15, 1, 2, 6] clusters=20 ra=selective_edgecooper_global_pmax comm_bytes=70720 selected_grids={1: 10, 2: 10, 6: 10}
fusion_method=early pred_boxes=26 gt_boxes=54
pred_scores_shape=(26,)
frame=34/41 receiver_sample=16/20 scenario=2026_07_29_02_32_08 timestamp=000126 cavs=[16, 3, 17, 20]
sgcp_constrained receiver=16 policy=all-cavs sources=[16, 3, 17, 20] clusters=20 ra=selective_edgecooper_global_pmax comm_bytes=55408 selected_grids={3: 10, 17: 9, 20: 10}
fusion_method=early pred_boxes=25 gt_boxes=45
pred_scores_shape=(25,)
frame=34/41 receiver_sample=17/20 scenario=2026_07_29_02_32_08 timestamp=000126 cavs=[17, 3, 5, 16]
sgcp_constrained receiver=17 policy=all-cavs sources=[17, 3, 5, 16] clusters=20 ra=selective_edgecooper_global_pmax comm_bytes=49408 selected_grids={3: 10, 5: 10, 16: 10}
fusion_method=early pred_boxes=19 gt_boxes=44
pred_scores_shape=(19,)
frame=34/41 receiver_sample=18/20 scenario=2026_07_29_02_32_08 timestamp=000126 cavs=[18, 3]
sgcp_constrained receiver=18 policy=all-cavs sources=[18, 3] clusters=20 ra=selective_edgecooper_global_pmax comm_bytes=26416 selected_grids={3: 10}
fusion_method=early pred_boxes=13 gt_boxes=20
pred_scores_shape=(13,)
frame=34/41 receiver_sample=19/20 scenario=2026_07_29_02_32_08 timestamp=000126 cavs=[19, 9, 13, 20]
sgcp_constrained receiver=19 policy=all-cavs sources=[19, 9, 13, 20] clusters=20 ra=selective_edgecooper_global_pmax comm_bytes=66800 selected_grids={9: 9, 13: 10, 20: 10}
fusion_method=early pred_boxes=23 gt_boxes=45
pred_scores_shape=(23,)
frame=34/41 receiver_sample=20/20 scenario=2026_07_29_02_32_08 timestamp=000126 cavs=[20, 5, 16, 19]
sgcp_constrained receiver=20 policy=all-cavs sources=[20, 5, 16, 19] clusters=20 ra=selective_edgecooper_global_pmax comm_bytes=62576 selected_grids={5: 9, 16: 10, 19: 10}
fusion_method=early pred_boxes=28 gt_boxes=51
pred_scores_shape=(28,)
frame=35/41 receiver_sample=1/20 scenario=2026_07_29_02_32_08 timestamp=000128 cavs=[1, 4, 8, 15]
sgcp_constrained receiver=1 policy=all-cavs sources=[1, 4, 8, 15] clusters=20 ra=selective_edgecooper_global_pmax comm_bytes=63808 selected_grids={4: 10, 8: 9, 15: 10}
fusion_method=early pred_boxes=29 gt_boxes=57
pred_scores_shape=(29,)
frame=35/41 receiver_sample=2/20 scenario=2026_07_29_02_32_08 timestamp=000128 cavs=[2, 10, 11, 15]
sgcp_constrained receiver=2 policy=all-cavs sources=[2, 10, 11, 15] clusters=20 ra=selective_edgecooper_global_pmax comm_bytes=59680 selected_grids={10: 10, 11: 9, 15: 10}
fusion_method=early pred_boxes=28 gt_boxes=60
pred_scores_shape=(28,)
frame=35/41 receiver_sample=3/20 scenario=2026_07_29_02_32_08 timestamp=000128 cavs=[3, 16, 17, 18]
sgcp_constrained receiver=3 policy=all-cavs sources=[3, 16, 17, 18] clusters=20 ra=selective_edgecooper_global_pmax comm_bytes=64976 selected_grids={16: 10, 17: 10, 18: 11}
fusion_method=early pred_boxes=19 gt_boxes=34
pred_scores_shape=(19,)
frame=35/41 receiver_sample=4/20 scenario=2026_07_29_02_32_08 timestamp=000128 cavs=[4, 1, 8, 12]
sgcp_constrained receiver=4 policy=all-cavs sources=[4, 1, 8, 12] clusters=20 ra=selective_edgecooper_global_pmax comm_bytes=61664 selected_grids={1: 11, 8: 9, 12: 10}
fusion_method=early pred_boxes=30 gt_boxes=47
pred_scores_shape=(30,)
frame=35/41 receiver_sample=5/20 scenario=2026_07_29_02_32_08 timestamp=000128 cavs=[5, 7, 10, 20]
sgcp_constrained receiver=5 policy=all-cavs sources=[5, 7, 10, 20] clusters=20 ra=selective_edgecooper_global_pmax comm_bytes=66192 selected_grids={7: 10, 10: 10, 20: 10}
fusion_method=early pred_boxes=29 gt_boxes=50
pred_scores_shape=(29,)Format = auto
Extension = pcd
Format = auto
Extension = pcd
Format = auto
Extension = pcd
Format = auto
Extension = pcd
Format = auto
Extension = pcd
Format = auto
Extension = pcd
Format = auto
Extension = pcd
Format = auto
Extension = pcd
Format = auto
Extension = pcd
Format = auto
Extension = pcd
Format = auto
Extension = pcd
Format = auto
Extension = pcd
Format = auto
Extension = pcd
Format = auto
Extension = pcd
Format = auto
Extension = pcd
Format = auto
Extension = pcd
Format = auto
Extension = pcd
Format = auto
Extension = pcd
Format = auto
Extension = pcd
Format = auto
Extension = pcd

frame=35/41 receiver_sample=6/20 scenario=2026_07_29_02_32_08 timestamp=000128 cavs=[6]
sgcp_constrained receiver=6 policy=all-cavs sources=[6] clusters=20 ra=selective_edgecooper_global_pmax comm_bytes=0 selected_grids={}
fusion_method=early pred_boxes=15 gt_boxes=16
pred_scores_shape=(15,)
frame=35/41 receiver_sample=7/20 scenario=2026_07_29_02_32_08 timestamp=000128 cavs=[7, 4, 12]
sgcp_constrained receiver=7 policy=all-cavs sources=[7, 4, 12] clusters=20 ra=selective_edgecooper_global_pmax comm_bytes=44096 selected_grids={4: 10, 12: 11}
fusion_method=early pred_boxes=28 gt_boxes=40
pred_scores_shape=(28,)
frame=35/41 receiver_sample=8/20 scenario=2026_07_29_02_32_08 timestamp=000128 cavs=[8, 1, 2, 7]
sgcp_constrained receiver=8 policy=all-cavs sources=[8, 1, 2, 7] clusters=20 ra=selective_edgecooper_global_pmax comm_bytes=64640 selected_grids={1: 10, 2: 10, 7: 10}
fusion_method=early pred_boxes=27 gt_boxes=44
pred_scores_shape=(27,)
frame=35/41 receiver_sample=9/20 scenario=2026_07_29_02_32_08 timestamp=000128 cavs=[9, 11, 13]
sgcp_constrained receiver=9 policy=all-cavs sources=[9, 11, 13] clusters=20 ra=selective_edgecooper_global_pmax comm_bytes=54208 selected_grids={11: 10, 13: 10}
fusion_method=early pred_boxes=21 gt_boxes=43
pred_scores_shape=(21,)
frame=35/41 receiver_sample=10/20 scenario=2026_07_29_02_32_08 timestamp=000128 cavs=[10, 5, 8, 19]
sgcp_constrained receiver=10 policy=all-cavs sources=[10, 5, 8, 19] clusters=20 ra=selective_edgecooper_global_pmax comm_bytes=64176 selected_grids={5: 11, 8: 11, 19: 10}
fusion_method=early pred_boxes=30 gt_boxes=54
pred_scores_shape=(30,)
frame=35/41 receiver_sample=11/20 scenario=2026_07_29_02_32_08 timestamp=000128 cavs=[11, 2, 10, 15]
sgcp_constrained receiver=11 policy=all-cavs sources=[11, 2, 10, 15] clusters=20 ra=selective_edgecooper_global_pmax comm_bytes=60864 selected_grids={2: 10, 10: 10, 15: 11}
fusion_method=early pred_boxes=26 gt_boxes=60
pred_scores_shape=(26,)
frame=35/41 receiver_sample=12/20 scenario=2026_07_29_02_32_08 timestamp=000128 cavs=[12, 4, 7]
sgcp_constrained receiver=12 policy=all-cavs sources=[12, 4, 7] clusters=20 ra=selective_edgecooper_global_pmax comm_bytes=45504 selected_grids={4: 10, 7: 10}
fusion_method=early pred_boxes=20 gt_boxes=43
pred_scores_shape=(20,)
frame=35/41 receiver_sample=13/20 scenario=2026_07_29_02_32_08 timestamp=000128 cavs=[13, 9, 14, 19]
sgcp_constrained receiver=13 policy=all-cavs sources=[13, 9, 14, 19] clusters=20 ra=selective_edgecooper_global_pmax comm_bytes=63872 selected_grids={9: 11, 14: 11, 19: 10}
fusion_method=early pred_boxes=17 gt_boxes=41
pred_scores_shape=(17,)
frame=35/41 receiver_sample=14/20 scenario=2026_07_29_02_32_08 timestamp=000128 cavs=[14, 13]
sgcp_constrained receiver=14 policy=all-cavs sources=[14, 13] clusters=20 ra=selective_edgecooper_global_pmax comm_bytes=24576 selected_grids={13: 10}
fusion_method=early pred_boxes=7 gt_boxes=8
pred_scores_shape=(7,)
frame=35/41 receiver_sample=15/20 scenario=2026_07_29_02_32_08 timestamp=000128 cavs=[15, 1, 6, 11]
sgcp_constrained receiver=15 policy=all-cavs sources=[15, 1, 6, 11] clusters=20 ra=selective_edgecooper_global_pmax comm_bytes=73104 selected_grids={1: 10, 6: 10, 11: 10}
fusion_method=early pred_boxes=26 gt_boxes=53
pred_scores_shape=(26,)
frame=35/41 receiver_sample=16/20 scenario=2026_07_29_02_32_08 timestamp=000128 cavs=[16, 3, 17, 20]
sgcp_constrained receiver=16 policy=all-cavs sources=[16, 3, 17, 20] clusters=20 ra=selective_edgecooper_global_pmax comm_bytes=55920 selected_grids={3: 10, 17: 10, 20: 10}
fusion_method=early pred_boxes=24 gt_boxes=45
pred_scores_shape=(24,)
frame=35/41 receiver_sample=17/20 scenario=2026_07_29_02_32_08 timestamp=000128 cavs=[17, 3, 5, 16]
sgcp_constrained receiver=17 policy=all-cavs sources=[17, 3, 5, 16] clusters=20 ra=selective_edgecooper_global_pmax comm_bytes=50960 selected_grids={3: 10, 5: 10, 16: 10}
fusion_method=early pred_boxes=19 gt_boxes=44
pred_scores_shape=(19,)
frame=35/41 receiver_sample=18/20 scenario=2026_07_29_02_32_08 timestamp=000128 cavs=[18, 3]
sgcp_constrained receiver=18 policy=all-cavs sources=[18, 3] clusters=20 ra=selective_edgecooper_global_pmax comm_bytes=26624 selected_grids={3: 10}
fusion_method=early pred_boxes=12 gt_boxes=20
pred_scores_shape=(12,)
frame=35/41 receiver_sample=19/20 scenario=2026_07_29_02_32_08 timestamp=000128 cavs=[19, 9, 13, 20]
sgcp_constrained receiver=19 policy=all-cavs sources=[19, 9, 13, 20] clusters=20 ra=selective_edgecooper_global_pmax comm_bytes=68192 selected_grids={9: 10, 13: 10, 20: 10}
fusion_method=early pred_boxes=22 gt_boxes=45
pred_scores_shape=(22,)
frame=35/41 receiver_sample=20/20 scenario=2026_07_29_02_32_08 timestamp=000128 cavs=[20, 5, 16, 19]
sgcp_constrained receiver=20 policy=all-cavs sources=[20, 5, 16, 19] clusters=20 ra=selective_edgecooper_global_pmax comm_bytes=65744 selected_grids={5: 10, 16: 10, 19: 11}
fusion_method=early pred_boxes=28 gt_boxes=51
pred_scores_shape=(28,)
frame=36/41 receiver_sample=1/20 scenario=2026_07_29_02_32_08 timestamp=000130 cavs=[1, 4, 8, 15]
sgcp_constrained receiver=1 policy=all-cavs sources=[1, 4, 8, 15] clusters=20 ra=selective_edgecooper_global_pmax comm_bytes=62384 selected_grids={4: 10, 8: 8, 15: 10}
fusion_method=early pred_boxes=29 gt_boxes=56
pred_scores_shape=(29,)
frame=36/41 receiver_sample=2/20 scenario=2026_07_29_02_32_08 timestamp=000130 cavs=[2, 1, 8, 11]
sgcp_constrained receiver=2 policy=all-cavs sources=[2, 1, 8, 11] clusters=20 ra=selective_edgecooper_global_pmax comm_bytes=35264 selected_grids={1: 9, 8: 10, 11: 9}
fusion_method=early pred_boxes=27 gt_boxes=50
pred_scores_shape=(27,)
frame=36/41 receiver_sample=3/20 scenario=2026_07_29_02_32_08 timestamp=000130 cavs=[3, 16, 17, 18]
sgcp_constrained receiver=3 policy=all-cavs sources=[3, 16, 17, 18] clusters=20 ra=selective_edgecooper_global_pmax comm_bytes=61280 selected_grids={16: 10, 17: 9, 18: 10}
fusion_method=early pred_boxes=19 gt_boxes=33
pred_scores_shape=(19,)
frame=36/41 receiver_sample=4/20 scenario=2026_07_29_02_32_08 timestamp=000130 cavs=[4, 1, 7, 12]
sgcp_constrained receiver=4 policy=all-cavs sources=[4, 1, 7, 12] clusters=20 ra=selective_edgecooper_global_pmax comm_bytes=70624 selected_grids={1: 10, 7: 10, 12: 10}
fusion_method=early pred_boxes=28 gt_boxes=54
pred_scores_shape=(28,)
frame=36/41 receiver_sample=5/20 scenario=2026_07_29_02_32_08 timestamp=000130 cavs=[5, 17, 19, 20]
sgcp_constrained receiver=5 policy=all-cavs sources=[5, 17, 19, 20] clusters=20 ra=selective_edgecooper_global_pmax comm_bytes=68160 selected_grids={17: 10, 19: 10, 20: 9}
fusion_method=early pred_boxes=28 gt_boxes=50
pred_scores_shape=(28,)
frame=36/41 receiver_sample=6/20 scenario=2026_07_29_02_32_08 timestamp=000130 cavs=[6, 15]
sgcp_constrained receiver=6 policy=all-cavs sources=[6, 15] clusters=20 ra=selective_edgecooper_global_pmax comm_bytes=21440 selected_grids={15: 10}
fusion_method=early pred_boxes=14 gt_boxes=29
pred_scores_shape=(14,)
frame=36/41 receiver_sample=7/20 scenario=2026_07_29_02_32_08 timestamp=000130 cavs=[7, 4, 12]
sgcp_constrained receiver=7 policy=all-cavs sources=[7, 4, 12] clusters=20 ra=selective_edgecooper_global_pmax comm_bytes=40768 selected_grids={4: 9, 12: 10}
fusion_method=early pred_boxes=26 gt_boxes=40
pred_scores_shape=(26,)
frame=36/41 receiver_sample=8/20 scenario=2026_07_29_02_32_08 timestamp=000130 cavs=[8, 2, 7, 10]
sgcp_constrained receiver=8 policy=all-cavs sources=[8, 2, 7, 10] clusters=20 ra=selective_edgecooper_global_pmax comm_bytes=77744 selected_grids={2: 10, 7: 10, 10: 10}
fusion_method=early pred_boxes=29 gt_boxes=44
pred_scores_shape=(29,)
frame=36/41 receiver_sample=9/20 scenario=2026_07_29_02_32_08 timestamp=000130 cavs=[9, 11, 13]
sgcp_constrained receiver=9 policy=all-cavs sources=[9, 11, 13] clusters=20 ra=selective_edgecooper_global_pmax comm_bytes=54176 selected_grids={11: 10, 13: 10}
fusion_method=early pred_boxes=22 gt_boxes=44
pred_scores_shape=(22,)
frame=36/41 receiver_sample=10/20 scenario=2026_07_29_02_32_08 timestamp=000130 cavs=[10, 5, 8, 19]
sgcp_constrained receiver=10 policy=all-cavs sources=[10, 5, 8, 19] clusters=20 ra=selective_edgecooper_global_pmax comm_bytes=60992 selected_grids={5: 10, 8: 10, 19: 10}Format = auto
Extension = pcd
Format = auto
Extension = pcd
Format = auto
Extension = pcd
Format = auto
Extension = pcd
Format = auto
Extension = pcd
Format = auto
Extension = pcd
Format = auto
Extension = pcd
Format = auto
Extension = pcd
Format = auto
Extension = pcd
Format = auto
Extension = pcd
Format = auto
Extension = pcd
Format = auto
Extension = pcd
Format = auto
Extension = pcd
Format = auto
Extension = pcd
Format = auto
Extension = pcd
Format = auto
Extension = pcd
Format = auto
Extension = pcd
Format = auto
Extension = pcd
Format = auto
Extension = pcd
Format = auto
Extension = pcd

fusion_method=early pred_boxes=28 gt_boxes=54
pred_scores_shape=(28,)
frame=36/41 receiver_sample=11/20 scenario=2026_07_29_02_32_08 timestamp=000130 cavs=[11, 2, 10, 15]
sgcp_constrained receiver=11 policy=all-cavs sources=[11, 2, 10, 15] clusters=20 ra=selective_edgecooper_global_pmax comm_bytes=57200 selected_grids={2: 9, 10: 9, 15: 10}
fusion_method=early pred_boxes=25 gt_boxes=60
pred_scores_shape=(25,)
frame=36/41 receiver_sample=12/20 scenario=2026_07_29_02_32_08 timestamp=000130 cavs=[12, 4, 7]
sgcp_constrained receiver=12 policy=all-cavs sources=[12, 4, 7] clusters=20 ra=selective_edgecooper_global_pmax comm_bytes=46240 selected_grids={4: 10, 7: 10}
fusion_method=early pred_boxes=20 gt_boxes=43
pred_scores_shape=(20,)
frame=36/41 receiver_sample=13/20 scenario=2026_07_29_02_32_08 timestamp=000130 cavs=[13, 9, 10, 14]
sgcp_constrained receiver=13 policy=all-cavs sources=[13, 9, 10, 14] clusters=20 ra=selective_edgecooper_global_pmax comm_bytes=67920 selected_grids={9: 10, 10: 9, 14: 10}
fusion_method=early pred_boxes=21 gt_boxes=43
pred_scores_shape=(21,)
frame=36/41 receiver_sample=14/20 scenario=2026_07_29_02_32_08 timestamp=000130 cavs=[14, 13]
sgcp_constrained receiver=14 policy=all-cavs sources=[14, 13] clusters=20 ra=selective_edgecooper_global_pmax comm_bytes=24224 selected_grids={13: 10}
fusion_method=early pred_boxes=7 gt_boxes=8
pred_scores_shape=(7,)
frame=36/41 receiver_sample=15/20 scenario=2026_07_29_02_32_08 timestamp=000130 cavs=[15, 1, 6, 11]
sgcp_constrained receiver=15 policy=all-cavs sources=[15, 1, 6, 11] clusters=20 ra=selective_edgecooper_global_pmax comm_bytes=70144 selected_grids={1: 10, 6: 9, 11: 10}
fusion_method=early pred_boxes=27 gt_boxes=52
pred_scores_shape=(27,)
frame=36/41 receiver_sample=16/20 scenario=2026_07_29_02_32_08 timestamp=000130 cavs=[16, 3, 17, 20]
sgcp_constrained receiver=16 policy=all-cavs sources=[16, 3, 17, 20] clusters=20 ra=selective_edgecooper_global_pmax comm_bytes=53760 selected_grids={3: 10, 17: 10, 20: 9}
fusion_method=early pred_boxes=22 gt_boxes=45
pred_scores_shape=(22,)
frame=36/41 receiver_sample=17/20 scenario=2026_07_29_02_32_08 timestamp=000130 cavs=[17, 3, 5, 16]
sgcp_constrained receiver=17 policy=all-cavs sources=[17, 3, 5, 16] clusters=20 ra=selective_edgecooper_global_pmax comm_bytes=49984 selected_grids={3: 10, 5: 10, 16: 10}
fusion_method=early pred_boxes=22 gt_boxes=43
pred_scores_shape=(22,)
frame=36/41 receiver_sample=18/20 scenario=2026_07_29_02_32_08 timestamp=000130 cavs=[18, 3]
sgcp_constrained receiver=18 policy=all-cavs sources=[18, 3] clusters=20 ra=selective_edgecooper_global_pmax comm_bytes=26896 selected_grids={3: 10}
fusion_method=early pred_boxes=12 gt_boxes=20
pred_scores_shape=(12,)
frame=36/41 receiver_sample=19/20 scenario=2026_07_29_02_32_08 timestamp=000130 cavs=[19, 9, 13, 20]
sgcp_constrained receiver=19 policy=all-cavs sources=[19, 9, 13, 20] clusters=20 ra=selective_edgecooper_global_pmax comm_bytes=65488 selected_grids={9: 9, 13: 10, 20: 10}
fusion_method=early pred_boxes=25 gt_boxes=45
pred_scores_shape=(25,)
frame=36/41 receiver_sample=20/20 scenario=2026_07_29_02_32_08 timestamp=000130 cavs=[20, 5, 16, 19]
sgcp_constrained receiver=20 policy=all-cavs sources=[20, 5, 16, 19] clusters=20 ra=selective_edgecooper_global_pmax comm_bytes=64112 selected_grids={5: 9, 16: 10, 19: 10}
fusion_method=early pred_boxes=28 gt_boxes=50
pred_scores_shape=(28,)
frame=37/41 receiver_sample=1/20 scenario=2026_07_29_02_32_08 timestamp=000132 cavs=[1, 4, 8, 15]
sgcp_constrained receiver=1 policy=all-cavs sources=[1, 4, 8, 15] clusters=20 ra=selective_edgecooper_global_pmax comm_bytes=63024 selected_grids={4: 10, 8: 9, 15: 10}
fusion_method=early pred_boxes=29 gt_boxes=56
pred_scores_shape=(29,)
frame=37/41 receiver_sample=2/20 scenario=2026_07_29_02_32_08 timestamp=000132 cavs=[2, 10, 11, 15]
sgcp_constrained receiver=2 policy=all-cavs sources=[2, 10, 11, 15] clusters=20 ra=selective_edgecooper_global_pmax comm_bytes=58160 selected_grids={10: 10, 11: 8, 15: 10}
fusion_method=early pred_boxes=26 gt_boxes=60
pred_scores_shape=(26,)
frame=37/41 receiver_sample=3/20 scenario=2026_07_29_02_32_08 timestamp=000132 cavs=[3, 16, 17, 18]
sgcp_constrained receiver=3 policy=all-cavs sources=[3, 16, 17, 18] clusters=20 ra=selective_edgecooper_global_pmax comm_bytes=59408 selected_grids={16: 10, 17: 10, 18: 10}
fusion_method=early pred_boxes=19 gt_boxes=33
pred_scores_shape=(19,)
frame=37/41 receiver_sample=4/20 scenario=2026_07_29_02_32_08 timestamp=000132 cavs=[4, 1, 8, 12]
sgcp_constrained receiver=4 policy=all-cavs sources=[4, 1, 8, 12] clusters=20 ra=selective_edgecooper_global_pmax comm_bytes=62688 selected_grids={1: 11, 8: 8, 12: 10}
fusion_method=early pred_boxes=31 gt_boxes=47
pred_scores_shape=(31,)
frame=37/41 receiver_sample=5/20 scenario=2026_07_29_02_32_08 timestamp=000132 cavs=[5, 7, 10, 16]
sgcp_constrained receiver=5 policy=all-cavs sources=[5, 7, 10, 16] clusters=20 ra=selective_edgecooper_global_pmax comm_bytes=72832 selected_grids={7: 10, 10: 10, 16: 10}
fusion_method=early pred_boxes=34 gt_boxes=56
pred_scores_shape=(34,)
frame=37/41 receiver_sample=6/20 scenario=2026_07_29_02_32_08 timestamp=000132 cavs=[6]
sgcp_constrained receiver=6 policy=all-cavs sources=[6] clusters=20 ra=selective_edgecooper_global_pmax comm_bytes=0 selected_grids={}
fusion_method=early pred_boxes=12 gt_boxes=17
pred_scores_shape=(12,)
frame=37/41 receiver_sample=7/20 scenario=2026_07_29_02_32_08 timestamp=000132 cavs=[7, 4, 12, 20]
sgcp_constrained receiver=7 policy=all-cavs sources=[7, 4, 12, 20] clusters=20 ra=selective_edgecooper_global_pmax comm_bytes=57952 selected_grids={4: 9, 12: 10, 20: 9}
fusion_method=early pred_boxes=26 gt_boxes=42
pred_scores_shape=(26,)
frame=37/41 receiver_sample=8/20 scenario=2026_07_29_02_32_08 timestamp=000132 cavs=[8, 1, 2, 7]
sgcp_constrained receiver=8 policy=all-cavs sources=[8, 1, 2, 7] clusters=20 ra=selective_edgecooper_global_pmax comm_bytes=63760 selected_grids={1: 9, 2: 10, 7: 10}
fusion_method=early pred_boxes=26 gt_boxes=45
pred_scores_shape=(26,)
frame=37/41 receiver_sample=9/20 scenario=2026_07_29_02_32_08 timestamp=000132 cavs=[9, 11, 13]
sgcp_constrained receiver=9 policy=all-cavs sources=[9, 11, 13] clusters=20 ra=selective_edgecooper_global_pmax comm_bytes=54128 selected_grids={11: 10, 13: 10}
fusion_method=early pred_boxes=22 gt_boxes=43
pred_scores_shape=(22,)
frame=37/41 receiver_sample=10/20 scenario=2026_07_29_02_32_08 timestamp=000132 cavs=[10, 5, 8, 19]
sgcp_constrained receiver=10 policy=all-cavs sources=[10, 5, 8, 19] clusters=20 ra=selective_edgecooper_global_pmax comm_bytes=61408 selected_grids={5: 10, 8: 10, 19: 10}
fusion_method=early pred_boxes=27 gt_boxes=54
pred_scores_shape=(27,)
frame=37/41 receiver_sample=11/20 scenario=2026_07_29_02_32_08 timestamp=000132 cavs=[11, 2, 10, 15]
sgcp_constrained receiver=11 policy=all-cavs sources=[11, 2, 10, 15] clusters=20 ra=selective_edgecooper_global_pmax comm_bytes=57136 selected_grids={2: 9, 10: 9, 15: 10}
fusion_method=early pred_boxes=25 gt_boxes=60
pred_scores_shape=(25,)
frame=37/41 receiver_sample=12/20 scenario=2026_07_29_02_32_08 timestamp=000132 cavs=[12, 4, 7]
sgcp_constrained receiver=12 policy=all-cavs sources=[12, 4, 7] clusters=20 ra=selective_edgecooper_global_pmax comm_bytes=46400 selected_grids={4: 10, 7: 10}
fusion_method=early pred_boxes=20 gt_boxes=43
pred_scores_shape=(20,)
frame=37/41 receiver_sample=13/20 scenario=2026_07_29_02_32_08 timestamp=000132 cavs=[13, 9, 14, 19]
sgcp_constrained receiver=13 policy=all-cavs sources=[13, 9, 14, 19] clusters=20 ra=selective_edgecooper_global_pmax comm_bytes=64112 selected_grids={9: 10, 14: 10, 19: 10}
fusion_method=early pred_boxes=17 gt_boxes=41
pred_scores_shape=(17,)
frame=37/41 receiver_sample=14/20 scenario=2026_07_29_02_32_08 timestamp=000132 cavs=[14, 13]
sgcp_constrained receiver=14 policy=all-cavs sources=[14, 13] clusters=20 ra=selective_edgecooper_global_pmax comm_bytes=21504 selected_grids={13: 10}
fusion_method=early pred_boxes=7 gt_boxes=8
pred_scores_shape=(7,)
frame=37/41 receiver_sample=15/20 scenario=2026_07_29_02_32_08 timestamp=000132 cavs=[15, 1, 6, 11]Format = auto
Extension = pcd
Format = auto
Extension = pcd
Format = auto
Extension = pcd
Format = auto
Extension = pcd
Format = auto
Extension = pcd
Format = auto
Extension = pcd
Format = auto
Extension = pcd
Format = auto
Extension = pcd
Format = auto
Extension = pcd
Format = auto
Extension = pcd
Format = auto
Extension = pcd
Format = auto
Extension = pcd
Format = auto
Extension = pcd
Format = auto
Extension = pcd
Format = auto
Extension = pcd
Format = auto
Extension = pcd
Format = auto
Extension = pcd
Format = auto
Extension = pcd
Format = auto
Extension = pcd
Format = auto
Extension = pcd

sgcp_constrained receiver=15 policy=all-cavs sources=[15, 1, 6, 11] clusters=20 ra=selective_edgecooper_global_pmax comm_bytes=71952 selected_grids={1: 10, 6: 10, 11: 10}
fusion_method=early pred_boxes=25 gt_boxes=52
pred_scores_shape=(25,)
frame=37/41 receiver_sample=16/20 scenario=2026_07_29_02_32_08 timestamp=000132 cavs=[16, 3, 17, 20]
sgcp_constrained receiver=16 policy=all-cavs sources=[16, 3, 17, 20] clusters=20 ra=selective_edgecooper_global_pmax comm_bytes=53536 selected_grids={3: 10, 17: 9, 20: 10}
fusion_method=early pred_boxes=23 gt_boxes=44
pred_scores_shape=(23,)
frame=37/41 receiver_sample=17/20 scenario=2026_07_29_02_32_08 timestamp=000132 cavs=[17, 3, 5, 16]
sgcp_constrained receiver=17 policy=all-cavs sources=[17, 3, 5, 16] clusters=20 ra=selective_edgecooper_global_pmax comm_bytes=50496 selected_grids={3: 10, 5: 10, 16: 10}
fusion_method=early pred_boxes=22 gt_boxes=43
pred_scores_shape=(22,)
frame=37/41 receiver_sample=18/20 scenario=2026_07_29_02_32_08 timestamp=000132 cavs=[18, 3]
sgcp_constrained receiver=18 policy=all-cavs sources=[18, 3] clusters=20 ra=selective_edgecooper_global_pmax comm_bytes=27024 selected_grids={3: 10}
fusion_method=early pred_boxes=12 gt_boxes=19
pred_scores_shape=(12,)
frame=37/41 receiver_sample=19/20 scenario=2026_07_29_02_32_08 timestamp=000132 cavs=[19, 9, 13, 20]
sgcp_constrained receiver=19 policy=all-cavs sources=[19, 9, 13, 20] clusters=20 ra=selective_edgecooper_global_pmax comm_bytes=68448 selected_grids={9: 10, 13: 10, 20: 10}
fusion_method=early pred_boxes=23 gt_boxes=45
pred_scores_shape=(23,)
frame=37/41 receiver_sample=20/20 scenario=2026_07_29_02_32_08 timestamp=000132 cavs=[20, 5, 17, 19]
sgcp_constrained receiver=20 policy=all-cavs sources=[20, 5, 17, 19] clusters=20 ra=selective_edgecooper_global_pmax comm_bytes=64832 selected_grids={5: 9, 17: 10, 19: 10}
fusion_method=early pred_boxes=28 gt_boxes=51
pred_scores_shape=(28,)
frame=38/41 receiver_sample=1/20 scenario=2026_07_29_02_32_08 timestamp=000134 cavs=[1, 4, 8, 15]
sgcp_constrained receiver=1 policy=all-cavs sources=[1, 4, 8, 15] clusters=20 ra=selective_edgecooper_global_pmax comm_bytes=62832 selected_grids={4: 10, 8: 9, 15: 10}
fusion_method=early pred_boxes=32 gt_boxes=55
pred_scores_shape=(32,)
frame=38/41 receiver_sample=2/20 scenario=2026_07_29_02_32_08 timestamp=000134 cavs=[2, 10, 11, 15]
sgcp_constrained receiver=2 policy=all-cavs sources=[2, 10, 11, 15] clusters=20 ra=selective_edgecooper_global_pmax comm_bytes=58144 selected_grids={10: 10, 11: 8, 15: 10}
fusion_method=early pred_boxes=26 gt_boxes=58
pred_scores_shape=(26,)
frame=38/41 receiver_sample=3/20 scenario=2026_07_29_02_32_08 timestamp=000134 cavs=[3, 16, 17, 18]
sgcp_constrained receiver=3 policy=all-cavs sources=[3, 16, 17, 18] clusters=20 ra=selective_edgecooper_global_pmax comm_bytes=57632 selected_grids={16: 10, 17: 10, 18: 10}
fusion_method=early pred_boxes=16 gt_boxes=33
pred_scores_shape=(16,)
frame=38/41 receiver_sample=4/20 scenario=2026_07_29_02_32_08 timestamp=000134 cavs=[4, 1, 8, 12]
sgcp_constrained receiver=4 policy=all-cavs sources=[4, 1, 8, 12] clusters=20 ra=selective_edgecooper_global_pmax comm_bytes=63584 selected_grids={1: 10, 8: 9, 12: 10}
fusion_method=early pred_boxes=32 gt_boxes=46
pred_scores_shape=(32,)
frame=38/41 receiver_sample=5/20 scenario=2026_07_29_02_32_08 timestamp=000134 cavs=[5, 7, 10, 16]
sgcp_constrained receiver=5 policy=all-cavs sources=[5, 7, 10, 16] clusters=20 ra=selective_edgecooper_global_pmax comm_bytes=70912 selected_grids={7: 10, 10: 10, 16: 10}
fusion_method=early pred_boxes=30 gt_boxes=57
pred_scores_shape=(30,)
frame=38/41 receiver_sample=6/20 scenario=2026_07_29_02_32_08 timestamp=000134 cavs=[6]
sgcp_constrained receiver=6 policy=all-cavs sources=[6] clusters=20 ra=selective_edgecooper_global_pmax comm_bytes=0 selected_grids={}
fusion_method=early pred_boxes=12 gt_boxes=17
pred_scores_shape=(12,)
frame=38/41 receiver_sample=7/20 scenario=2026_07_29_02_32_08 timestamp=000134 cavs=[7, 4, 12, 20]
sgcp_constrained receiver=7 policy=all-cavs sources=[7, 4, 12, 20] clusters=20 ra=selective_edgecooper_global_pmax comm_bytes=60656 selected_grids={4: 10, 12: 10, 20: 10}
fusion_method=early pred_boxes=29 gt_boxes=42
pred_scores_shape=(29,)
frame=38/41 receiver_sample=8/20 scenario=2026_07_29_02_32_08 timestamp=000134 cavs=[8, 1, 2, 7]
sgcp_constrained receiver=8 policy=all-cavs sources=[8, 1, 2, 7] clusters=20 ra=selective_edgecooper_global_pmax comm_bytes=64432 selected_grids={1: 10, 2: 10, 7: 10}
fusion_method=early pred_boxes=26 gt_boxes=45
pred_scores_shape=(26,)
frame=38/41 receiver_sample=9/20 scenario=2026_07_29_02_32_08 timestamp=000134 cavs=[9, 11, 13]
sgcp_constrained receiver=9 policy=all-cavs sources=[9, 11, 13] clusters=20 ra=selective_edgecooper_global_pmax comm_bytes=54464 selected_grids={11: 10, 13: 10}
fusion_method=early pred_boxes=22 gt_boxes=44
pred_scores_shape=(22,)
frame=38/41 receiver_sample=10/20 scenario=2026_07_29_02_32_08 timestamp=000134 cavs=[10, 5, 8, 19]
sgcp_constrained receiver=10 policy=all-cavs sources=[10, 5, 8, 19] clusters=20 ra=selective_edgecooper_global_pmax comm_bytes=61664 selected_grids={5: 10, 8: 10, 19: 10}
fusion_method=early pred_boxes=29 gt_boxes=55
pred_scores_shape=(29,)
frame=38/41 receiver_sample=11/20 scenario=2026_07_29_02_32_08 timestamp=000134 cavs=[11, 2, 10, 15]
sgcp_constrained receiver=11 policy=all-cavs sources=[11, 2, 10, 15] clusters=20 ra=selective_edgecooper_global_pmax comm_bytes=58512 selected_grids={2: 10, 10: 10, 15: 10}
fusion_method=early pred_boxes=25 gt_boxes=58
pred_scores_shape=(25,)
frame=38/41 receiver_sample=12/20 scenario=2026_07_29_02_32_08 timestamp=000134 cavs=[12, 4, 7]
sgcp_constrained receiver=12 policy=all-cavs sources=[12, 4, 7] clusters=20 ra=selective_edgecooper_global_pmax comm_bytes=45520 selected_grids={4: 10, 7: 10}
fusion_method=early pred_boxes=20 gt_boxes=43
pred_scores_shape=(20,)
frame=38/41 receiver_sample=13/20 scenario=2026_07_29_02_32_08 timestamp=000134 cavs=[13, 9, 14, 19]
sgcp_constrained receiver=13 policy=all-cavs sources=[13, 9, 14, 19] clusters=20 ra=selective_edgecooper_global_pmax comm_bytes=64720 selected_grids={9: 10, 14: 10, 19: 10}
fusion_method=early pred_boxes=17 gt_boxes=42
pred_scores_shape=(17,)
frame=38/41 receiver_sample=14/20 scenario=2026_07_29_02_32_08 timestamp=000134 cavs=[14, 13]
sgcp_constrained receiver=14 policy=all-cavs sources=[14, 13] clusters=20 ra=selective_edgecooper_global_pmax comm_bytes=21088 selected_grids={13: 10}
fusion_method=early pred_boxes=7 gt_boxes=8
pred_scores_shape=(7,)
frame=38/41 receiver_sample=15/20 scenario=2026_07_29_02_32_08 timestamp=000134 cavs=[15, 1, 6, 11]
sgcp_constrained receiver=15 policy=all-cavs sources=[15, 1, 6, 11] clusters=20 ra=selective_edgecooper_global_pmax comm_bytes=71472 selected_grids={1: 10, 6: 10, 11: 10}
fusion_method=early pred_boxes=24 gt_boxes=52
pred_scores_shape=(24,)
frame=38/41 receiver_sample=16/20 scenario=2026_07_29_02_32_08 timestamp=000134 cavs=[16, 3, 17, 20]
sgcp_constrained receiver=16 policy=all-cavs sources=[16, 3, 17, 20] clusters=20 ra=selective_edgecooper_global_pmax comm_bytes=52944 selected_grids={3: 10, 17: 10, 20: 10}
fusion_method=early pred_boxes=23 gt_boxes=43
pred_scores_shape=(23,)
frame=38/41 receiver_sample=17/20 scenario=2026_07_29_02_32_08 timestamp=000134 cavs=[17, 3, 5, 16]
sgcp_constrained receiver=17 policy=all-cavs sources=[17, 3, 5, 16] clusters=20 ra=selective_edgecooper_global_pmax comm_bytes=49872 selected_grids={3: 10, 5: 10, 16: 10}
fusion_method=early pred_boxes=22 gt_boxes=42
pred_scores_shape=(22,)
frame=38/41 receiver_sample=18/20 scenario=2026_07_29_02_32_08 timestamp=000134 cavs=[18, 3]
sgcp_constrained receiver=18 policy=all-cavs sources=[18, 3] clusters=20 ra=selective_edgecooper_global_pmax comm_bytes=27184 selected_grids={3: 10}
fusion_method=early pred_boxes=12 gt_boxes=19
pred_scores_shape=(12,)
frame=38/41 receiver_sample=19/20 scenario=2026_07_29_02_32_08 timestamp=000134 cavs=[19, 9, 13, 20]
sgcp_constrained receiver=19 policy=all-cavs sources=[19, 9, 13, 20] clusters=20 ra=selective_edgecooper_global_pmax comm_bytes=68736 selected_grids={9: 10, 13: 10, 20: 10}Format = auto
Extension = pcd
Format = auto
Extension = pcd
Format = auto
Extension = pcd
Format = auto
Extension = pcd
Format = auto
Extension = pcd
Format = auto
Extension = pcd
Format = auto
Extension = pcd
Format = auto
Extension = pcd
Format = auto
Extension = pcd
Format = auto
Extension = pcd
Format = auto
Extension = pcd
Format = auto
Extension = pcd
Format = auto
Extension = pcd
Format = auto
Extension = pcd
Format = auto
Extension = pcd
Format = auto
Extension = pcd
Format = auto
Extension = pcd
Format = auto
Extension = pcd
Format = auto
Extension = pcd
Format = auto
Extension = pcd
Format = auto
Extension = pcd
Format = auto
Extension = pcd
Format = auto
Extension = pcd
Format = auto
Extension = pcd
Format = auto
Extension = pcd
Format = auto
Extension = pcd
Format = auto
Extension = pcd
Format = auto
Extension = pcd
Format = auto
Extension = pcd
Format = auto
Extension = pcd
Format = auto
Extension = pcd
Format = auto
Extension = pcd
Format = auto
Extension = pcd
Format = auto
Extension = pcd
Format = auto
Extension = pcd
Format = auto
Extension = pcd
Format = auto
Extension = pcd
Format = auto
Extension = pcd
Format = auto
Extension = pcd
Format = auto
Extension = pcd

fusion_method=early pred_boxes=24 gt_boxes=45
pred_scores_shape=(24,)
frame=38/41 receiver_sample=20/20 scenario=2026_07_29_02_32_08 timestamp=000134 cavs=[20, 5, 17, 19]
sgcp_constrained receiver=20 policy=all-cavs sources=[20, 5, 17, 19] clusters=20 ra=selective_edgecooper_global_pmax comm_bytes=64432 selected_grids={5: 9, 17: 10, 19: 10}
fusion_method=early pred_boxes=28 gt_boxes=51
pred_scores_shape=(28,)
frame=39/41 receiver_sample=1/20 scenario=2026_07_29_02_32_08 timestamp=000136 cavs=[1, 4, 8, 15]
sgcp_constrained receiver=1 policy=all-cavs sources=[1, 4, 8, 15] clusters=20 ra=selective_edgecooper_global_pmax comm_bytes=62512 selected_grids={4: 10, 8: 9, 15: 10}
fusion_method=early pred_boxes=31 gt_boxes=55
pred_scores_shape=(31,)
frame=39/41 receiver_sample=2/20 scenario=2026_07_29_02_32_08 timestamp=000136 cavs=[2, 10, 11, 15]
sgcp_constrained receiver=2 policy=all-cavs sources=[2, 10, 11, 15] clusters=20 ra=selective_edgecooper_global_pmax comm_bytes=57888 selected_grids={10: 10, 11: 8, 15: 10}
fusion_method=early pred_boxes=25 gt_boxes=58
pred_scores_shape=(25,)
frame=39/41 receiver_sample=3/20 scenario=2026_07_29_02_32_08 timestamp=000136 cavs=[3, 16, 17, 18]
sgcp_constrained receiver=3 policy=all-cavs sources=[3, 16, 17, 18] clusters=20 ra=selective_edgecooper_global_pmax comm_bytes=60320 selected_grids={16: 10, 17: 10, 18: 10}
fusion_method=early pred_boxes=16 gt_boxes=33
pred_scores_shape=(16,)
frame=39/41 receiver_sample=4/20 scenario=2026_07_29_02_32_08 timestamp=000136 cavs=[4, 1, 8, 12]
sgcp_constrained receiver=4 policy=all-cavs sources=[4, 1, 8, 12] clusters=20 ra=selective_edgecooper_global_pmax comm_bytes=63728 selected_grids={1: 10, 8: 8, 12: 10}
fusion_method=early pred_boxes=32 gt_boxes=45
pred_scores_shape=(32,)
frame=39/41 receiver_sample=5/20 scenario=2026_07_29_02_32_08 timestamp=000136 cavs=[5, 7, 10, 16]
sgcp_constrained receiver=5 policy=all-cavs sources=[5, 7, 10, 16] clusters=20 ra=selective_edgecooper_global_pmax comm_bytes=71024 selected_grids={7: 10, 10: 10, 16: 10}
fusion_method=early pred_boxes=32 gt_boxes=56
pred_scores_shape=(32,)
frame=39/41 receiver_sample=6/20 scenario=2026_07_29_02_32_08 timestamp=000136 cavs=[6]
sgcp_constrained receiver=6 policy=all-cavs sources=[6] clusters=20 ra=selective_edgecooper_global_pmax comm_bytes=0 selected_grids={}
fusion_method=early pred_boxes=13 gt_boxes=17
pred_scores_shape=(13,)
frame=39/41 receiver_sample=7/20 scenario=2026_07_29_02_32_08 timestamp=000136 cavs=[7, 4, 12, 20]
sgcp_constrained receiver=7 policy=all-cavs sources=[7, 4, 12, 20] clusters=20 ra=selective_edgecooper_global_pmax comm_bytes=59440 selected_grids={4: 10, 12: 10, 20: 10}
fusion_method=early pred_boxes=28 gt_boxes=41
pred_scores_shape=(28,)
frame=39/41 receiver_sample=8/20 scenario=2026_07_29_02_32_08 timestamp=000136 cavs=[8, 1, 2, 7]
sgcp_constrained receiver=8 policy=all-cavs sources=[8, 1, 2, 7] clusters=20 ra=selective_edgecooper_global_pmax comm_bytes=64608 selected_grids={1: 10, 2: 10, 7: 10}
fusion_method=early pred_boxes=28 gt_boxes=45
pred_scores_shape=(28,)
frame=39/41 receiver_sample=9/20 scenario=2026_07_29_02_32_08 timestamp=000136 cavs=[9, 11, 13]
sgcp_constrained receiver=9 policy=all-cavs sources=[9, 11, 13] clusters=20 ra=selective_edgecooper_global_pmax comm_bytes=54608 selected_grids={11: 10, 13: 10}
fusion_method=early pred_boxes=23 gt_boxes=44
pred_scores_shape=(23,)
frame=39/41 receiver_sample=10/20 scenario=2026_07_29_02_32_08 timestamp=000136 cavs=[10, 5, 8, 19]
sgcp_constrained receiver=10 policy=all-cavs sources=[10, 5, 8, 19] clusters=20 ra=selective_edgecooper_global_pmax comm_bytes=62080 selected_grids={5: 10, 8: 10, 19: 10}
fusion_method=early pred_boxes=29 gt_boxes=55
pred_scores_shape=(29,)
frame=39/41 receiver_sample=11/20 scenario=2026_07_29_02_32_08 timestamp=000136 cavs=[11, 2, 10, 15]
sgcp_constrained receiver=11 policy=all-cavs sources=[11, 2, 10, 15] clusters=20 ra=selective_edgecooper_global_pmax comm_bytes=56752 selected_grids={2: 9, 10: 9, 15: 10}
fusion_method=early pred_boxes=25 gt_boxes=58
pred_scores_shape=(25,)
frame=39/41 receiver_sample=12/20 scenario=2026_07_29_02_32_08 timestamp=000136 cavs=[12, 4, 7]
sgcp_constrained receiver=12 policy=all-cavs sources=[12, 4, 7] clusters=20 ra=selective_edgecooper_global_pmax comm_bytes=46080 selected_grids={4: 10, 7: 10}
fusion_method=early pred_boxes=20 gt_boxes=43
pred_scores_shape=(20,)
frame=39/41 receiver_sample=13/20 scenario=2026_07_29_02_32_08 timestamp=000136 cavs=[13, 9, 14, 19]
sgcp_constrained receiver=13 policy=all-cavs sources=[13, 9, 14, 19] clusters=20 ra=selective_edgecooper_global_pmax comm_bytes=65216 selected_grids={9: 10, 14: 10, 19: 10}
fusion_method=early pred_boxes=17 gt_boxes=42
pred_scores_shape=(17,)
frame=39/41 receiver_sample=14/20 scenario=2026_07_29_02_32_08 timestamp=000136 cavs=[14, 13]
sgcp_constrained receiver=14 policy=all-cavs sources=[14, 13] clusters=20 ra=selective_edgecooper_global_pmax comm_bytes=20800 selected_grids={13: 10}
fusion_method=early pred_boxes=7 gt_boxes=8
pred_scores_shape=(7,)
frame=39/41 receiver_sample=15/20 scenario=2026_07_29_02_32_08 timestamp=000136 cavs=[15, 1, 6, 11]
sgcp_constrained receiver=15 policy=all-cavs sources=[15, 1, 6, 11] clusters=20 ra=selective_edgecooper_global_pmax comm_bytes=71232 selected_grids={1: 10, 6: 10, 11: 10}
fusion_method=early pred_boxes=23 gt_boxes=52
pred_scores_shape=(23,)
frame=39/41 receiver_sample=16/20 scenario=2026_07_29_02_32_08 timestamp=000136 cavs=[16, 3, 17, 20]
sgcp_constrained receiver=16 policy=all-cavs sources=[16, 3, 17, 20] clusters=20 ra=selective_edgecooper_global_pmax comm_bytes=53184 selected_grids={3: 10, 17: 9, 20: 10}
fusion_method=early pred_boxes=23 gt_boxes=44
pred_scores_shape=(23,)
frame=39/41 receiver_sample=17/20 scenario=2026_07_29_02_32_08 timestamp=000136 cavs=[17, 3, 5, 16]
sgcp_constrained receiver=17 policy=all-cavs sources=[17, 3, 5, 16] clusters=20 ra=selective_edgecooper_global_pmax comm_bytes=49808 selected_grids={3: 10, 5: 10, 16: 10}
fusion_method=early pred_boxes=21 gt_boxes=42
pred_scores_shape=(21,)
frame=39/41 receiver_sample=18/20 scenario=2026_07_29_02_32_08 timestamp=000136 cavs=[18, 3]
sgcp_constrained receiver=18 policy=all-cavs sources=[18, 3] clusters=20 ra=selective_edgecooper_global_pmax comm_bytes=26656 selected_grids={3: 10}
fusion_method=early pred_boxes=11 gt_boxes=19
pred_scores_shape=(11,)
frame=39/41 receiver_sample=19/20 scenario=2026_07_29_02_32_08 timestamp=000136 cavs=[19, 9, 13, 20]
sgcp_constrained receiver=19 policy=all-cavs sources=[19, 9, 13, 20] clusters=20 ra=selective_edgecooper_global_pmax comm_bytes=68000 selected_grids={9: 10, 13: 10, 20: 10}
fusion_method=early pred_boxes=24 gt_boxes=45
pred_scores_shape=(24,)
frame=39/41 receiver_sample=20/20 scenario=2026_07_29_02_32_08 timestamp=000136 cavs=[20, 5, 17, 19]
sgcp_constrained receiver=20 policy=all-cavs sources=[20, 5, 17, 19] clusters=20 ra=selective_edgecooper_global_pmax comm_bytes=64864 selected_grids={5: 9, 17: 10, 19: 10}
fusion_method=early pred_boxes=27 gt_boxes=52
pred_scores_shape=(27,)
frame=40/41 receiver_sample=1/20 scenario=2026_07_29_02_32_08 timestamp=000138 cavs=[1, 4, 8, 15]
sgcp_constrained receiver=1 policy=all-cavs sources=[1, 4, 8, 15] clusters=20 ra=selective_edgecooper_global_pmax comm_bytes=62016 selected_grids={4: 10, 8: 9, 15: 10}
fusion_method=early pred_boxes=30 gt_boxes=55
pred_scores_shape=(30,)
frame=40/41 receiver_sample=2/20 scenario=2026_07_29_02_32_08 timestamp=000138 cavs=[2, 10, 11, 15]
sgcp_constrained receiver=2 policy=all-cavs sources=[2, 10, 11, 15] clusters=20 ra=selective_edgecooper_global_pmax comm_bytes=56640 selected_grids={10: 10, 11: 8, 15: 10}
fusion_method=early pred_boxes=26 gt_boxes=58
pred_scores_shape=(26,)
frame=40/41 receiver_sample=3/20 scenario=2026_07_29_02_32_08 timestamp=000138 cavs=[3, 16, 17, 18]
sgcp_constrained receiver=3 policy=all-cavs sources=[3, 16, 17, 18] clusters=20 ra=selective_edgecooper_global_pmax comm_bytes=60192 selected_grids={16: 10, 17: 10, 18: 10}
fusion_method=early pred_boxes=20 gt_boxes=32
pred_scores_shape=(20,)Format = auto
Extension = pcd
Format = auto
Extension = pcd
Format = auto
Extension = pcd
Format = auto
Extension = pcd
Format = auto
Extension = pcd
Format = auto
Extension = pcd
Format = auto
Extension = pcd
Format = auto
Extension = pcd
Format = auto
Extension = pcd
Format = auto
Extension = pcd
Format = auto
Extension = pcd
Format = auto
Extension = pcd
Format = auto
Extension = pcd
Format = auto
Extension = pcd
Format = auto
Extension = pcd
Format = auto
Extension = pcd
Format = auto
Extension = pcd
Format = auto
Extension = pcd
Format = auto
Extension = pcd
Format = auto
Extension = pcd

frame=40/41 receiver_sample=4/20 scenario=2026_07_29_02_32_08 timestamp=000138 cavs=[4, 1, 8, 12]
sgcp_constrained receiver=4 policy=all-cavs sources=[4, 1, 8, 12] clusters=20 ra=selective_edgecooper_global_pmax comm_bytes=64256 selected_grids={1: 11, 8: 8, 12: 10}
fusion_method=early pred_boxes=30 gt_boxes=46
pred_scores_shape=(30,)
frame=40/41 receiver_sample=5/20 scenario=2026_07_29_02_32_08 timestamp=000138 cavs=[5, 7, 10, 16]
sgcp_constrained receiver=5 policy=all-cavs sources=[5, 7, 10, 16] clusters=20 ra=selective_edgecooper_global_pmax comm_bytes=71104 selected_grids={7: 10, 10: 10, 16: 10}
fusion_method=early pred_boxes=36 gt_boxes=56
pred_scores_shape=(36,)
frame=40/41 receiver_sample=6/20 scenario=2026_07_29_02_32_08 timestamp=000138 cavs=[6]
sgcp_constrained receiver=6 policy=all-cavs sources=[6] clusters=20 ra=selective_edgecooper_global_pmax comm_bytes=0 selected_grids={}
fusion_method=early pred_boxes=13 gt_boxes=17
pred_scores_shape=(13,)
frame=40/41 receiver_sample=7/20 scenario=2026_07_29_02_32_08 timestamp=000138 cavs=[7, 4, 12, 20]
sgcp_constrained receiver=7 policy=all-cavs sources=[7, 4, 12, 20] clusters=20 ra=selective_edgecooper_global_pmax comm_bytes=63584 selected_grids={4: 10, 12: 10, 20: 10}
fusion_method=early pred_boxes=25 gt_boxes=41
pred_scores_shape=(25,)
frame=40/41 receiver_sample=8/20 scenario=2026_07_29_02_32_08 timestamp=000138 cavs=[8, 1, 2, 7]
sgcp_constrained receiver=8 policy=all-cavs sources=[8, 1, 2, 7] clusters=20 ra=selective_edgecooper_global_pmax comm_bytes=64656 selected_grids={1: 10, 2: 10, 7: 10}
fusion_method=early pred_boxes=28 gt_boxes=45
pred_scores_shape=(28,)
frame=40/41 receiver_sample=9/20 scenario=2026_07_29_02_32_08 timestamp=000138 cavs=[9, 11, 13]
sgcp_constrained receiver=9 policy=all-cavs sources=[9, 11, 13] clusters=20 ra=selective_edgecooper_global_pmax comm_bytes=54768 selected_grids={11: 10, 13: 10}
fusion_method=early pred_boxes=25 gt_boxes=44
pred_scores_shape=(25,)
frame=40/41 receiver_sample=10/20 scenario=2026_07_29_02_32_08 timestamp=000138 cavs=[10, 5, 8, 19]
sgcp_constrained receiver=10 policy=all-cavs sources=[10, 5, 8, 19] clusters=20 ra=selective_edgecooper_global_pmax comm_bytes=61952 selected_grids={5: 10, 8: 10, 19: 10}
fusion_method=early pred_boxes=31 gt_boxes=55
pred_scores_shape=(31,)
frame=40/41 receiver_sample=11/20 scenario=2026_07_29_02_32_08 timestamp=000138 cavs=[11, 2, 10, 15]
sgcp_constrained receiver=11 policy=all-cavs sources=[11, 2, 10, 15] clusters=20 ra=selective_edgecooper_global_pmax comm_bytes=56896 selected_grids={2: 10, 10: 9, 15: 10}
fusion_method=early pred_boxes=23 gt_boxes=58
pred_scores_shape=(23,)
frame=40/41 receiver_sample=12/20 scenario=2026_07_29_02_32_08 timestamp=000138 cavs=[12, 4, 7]
sgcp_constrained receiver=12 policy=all-cavs sources=[12, 4, 7] clusters=20 ra=selective_edgecooper_global_pmax comm_bytes=47024 selected_grids={4: 10, 7: 10}
fusion_method=early pred_boxes=20 gt_boxes=43
pred_scores_shape=(20,)
frame=40/41 receiver_sample=13/20 scenario=2026_07_29_02_32_08 timestamp=000138 cavs=[13, 9, 14, 19]
sgcp_constrained receiver=13 policy=all-cavs sources=[13, 9, 14, 19] clusters=20 ra=selective_edgecooper_global_pmax comm_bytes=64912 selected_grids={9: 10, 14: 10, 19: 9}
fusion_method=early pred_boxes=16 gt_boxes=42
pred_scores_shape=(16,)
frame=40/41 receiver_sample=14/20 scenario=2026_07_29_02_32_08 timestamp=000138 cavs=[14, 13]
sgcp_constrained receiver=14 policy=all-cavs sources=[14, 13] clusters=20 ra=selective_edgecooper_global_pmax comm_bytes=20256 selected_grids={13: 10}
fusion_method=early pred_boxes=7 gt_boxes=8
pred_scores_shape=(7,)
frame=40/41 receiver_sample=15/20 scenario=2026_07_29_02_32_08 timestamp=000138 cavs=[15, 1, 6, 11]
sgcp_constrained receiver=15 policy=all-cavs sources=[15, 1, 6, 11] clusters=20 ra=selective_edgecooper_global_pmax comm_bytes=70352 selected_grids={1: 10, 6: 10, 11: 10}
fusion_method=early pred_boxes=25 gt_boxes=53
pred_scores_shape=(25,)
frame=40/41 receiver_sample=16/20 scenario=2026_07_29_02_32_08 timestamp=000138 cavs=[16, 3, 17, 20]
sgcp_constrained receiver=16 policy=all-cavs sources=[16, 3, 17, 20] clusters=20 ra=selective_edgecooper_global_pmax comm_bytes=54848 selected_grids={3: 10, 17: 10, 20: 10}
fusion_method=early pred_boxes=19 gt_boxes=44
pred_scores_shape=(19,)
frame=40/41 receiver_sample=17/20 scenario=2026_07_29_02_32_08 timestamp=000138 cavs=[17, 3, 5, 16]
sgcp_constrained receiver=17 policy=all-cavs sources=[17, 3, 5, 16] clusters=20 ra=selective_edgecooper_global_pmax comm_bytes=47792 selected_grids={3: 10, 5: 10, 16: 8}
fusion_method=early pred_boxes=19 gt_boxes=42
pred_scores_shape=(19,)
frame=40/41 receiver_sample=18/20 scenario=2026_07_29_02_32_08 timestamp=000138 cavs=[18, 3]
sgcp_constrained receiver=18 policy=all-cavs sources=[18, 3] clusters=20 ra=selective_edgecooper_global_pmax comm_bytes=26624 selected_grids={3: 10}
fusion_method=early pred_boxes=12 gt_boxes=19
pred_scores_shape=(12,)
frame=40/41 receiver_sample=19/20 scenario=2026_07_29_02_32_08 timestamp=000138 cavs=[19, 9, 13, 20]
sgcp_constrained receiver=19 policy=all-cavs sources=[19, 9, 13, 20] clusters=20 ra=selective_edgecooper_global_pmax comm_bytes=68864 selected_grids={9: 10, 13: 10, 20: 10}
fusion_method=early pred_boxes=24 gt_boxes=44
pred_scores_shape=(24,)
frame=40/41 receiver_sample=20/20 scenario=2026_07_29_02_32_08 timestamp=000138 cavs=[20, 5, 17, 19]
sgcp_constrained receiver=20 policy=all-cavs sources=[20, 5, 17, 19] clusters=20 ra=selective_edgecooper_global_pmax comm_bytes=62064 selected_grids={5: 9, 17: 10, 19: 10}
fusion_method=early pred_boxes=28 gt_boxes=52
pred_scores_shape=(28,)
frame=41/41 receiver_sample=1/20 scenario=2026_07_29_02_32_08 timestamp=000140 cavs=[1, 4, 8, 15]
sgcp_constrained receiver=1 policy=all-cavs sources=[1, 4, 8, 15] clusters=20 ra=selective_edgecooper_global_pmax comm_bytes=63344 selected_grids={4: 11, 8: 9, 15: 11}
fusion_method=early pred_boxes=30 gt_boxes=55
pred_scores_shape=(30,)
frame=41/41 receiver_sample=2/20 scenario=2026_07_29_02_32_08 timestamp=000140 cavs=[2, 10, 11, 15]
sgcp_constrained receiver=2 policy=all-cavs sources=[2, 10, 11, 15] clusters=20 ra=selective_edgecooper_global_pmax comm_bytes=58352 selected_grids={10: 10, 11: 9, 15: 11}
fusion_method=early pred_boxes=26 gt_boxes=58
pred_scores_shape=(26,)
frame=41/41 receiver_sample=3/20 scenario=2026_07_29_02_32_08 timestamp=000140 cavs=[3, 16, 17, 18]
sgcp_constrained receiver=3 policy=all-cavs sources=[3, 16, 17, 18] clusters=20 ra=selective_edgecooper_global_pmax comm_bytes=61232 selected_grids={16: 10, 17: 10, 18: 11}
fusion_method=early pred_boxes=19 gt_boxes=33
pred_scores_shape=(19,)
frame=41/41 receiver_sample=4/20 scenario=2026_07_29_02_32_08 timestamp=000140 cavs=[4, 1, 8, 12]
sgcp_constrained receiver=4 policy=all-cavs sources=[4, 1, 8, 12] clusters=20 ra=selective_edgecooper_global_pmax comm_bytes=70256 selected_grids={1: 11, 8: 9, 12: 11}
fusion_method=early pred_boxes=31 gt_boxes=46
pred_scores_shape=(31,)
frame=41/41 receiver_sample=5/20 scenario=2026_07_29_02_32_08 timestamp=000140 cavs=[5, 7, 10, 16]
sgcp_constrained receiver=5 policy=all-cavs sources=[5, 7, 10, 16] clusters=20 ra=selective_edgecooper_global_pmax comm_bytes=70592 selected_grids={7: 11, 10: 10, 16: 10}
fusion_method=early pred_boxes=33 gt_boxes=56
pred_scores_shape=(33,)
frame=41/41 receiver_sample=6/20 scenario=2026_07_29_02_32_08 timestamp=000140 cavs=[6]
sgcp_constrained receiver=6 policy=all-cavs sources=[6] clusters=20 ra=selective_edgecooper_global_pmax comm_bytes=0 selected_grids={}
fusion_method=early pred_boxes=13 gt_boxes=16
pred_scores_shape=(13,)
frame=41/41 receiver_sample=7/20 scenario=2026_07_29_02_32_08 timestamp=000140 cavs=[7, 4, 20]
sgcp_constrained receiver=7 policy=all-cavs sources=[7, 4, 20] clusters=20 ra=selective_edgecooper_global_pmax comm_bytes=35808 selected_grids={4: 10, 20: 10}
fusion_method=early pred_boxes=25 gt_boxes=40
pred_scores_shape=(25,)
frame=41/41 receiver_sample=8/20 scenario=2026_07_29_02_32_08 timestamp=000140 cavs=[8, 1, 2, 7]
sgcp_constrained receiver=8 policy=all-cavs sources=[8, 1, 2, 7] clusters=20 ra=selective_edgecooper_global_pmax comm_bytes=67920 selected_grids={1: 11, 2: 11, 7: 11}C:\Users\sakakibara\miniconda3\envs\opencda\lib\site-packages\torch\nn\functional.py:1806: UserWarning: nn.functional.sigmoid is deprecated. Use torch.sigmoid instead.
  warnings.warn("nn.functional.sigmoid is deprecated. Use torch.sigmoid instead.")

fusion_method=early pred_boxes=28 gt_boxes=45
pred_scores_shape=(28,)
frame=41/41 receiver_sample=9/20 scenario=2026_07_29_02_32_08 timestamp=000140 cavs=[9, 11, 13]
sgcp_constrained receiver=9 policy=all-cavs sources=[9, 11, 13] clusters=20 ra=selective_edgecooper_global_pmax comm_bytes=59808 selected_grids={11: 11, 13: 11}
fusion_method=early pred_boxes=24 gt_boxes=44
pred_scores_shape=(24,)
frame=41/41 receiver_sample=10/20 scenario=2026_07_29_02_32_08 timestamp=000140 cavs=[10, 5, 8, 19]
sgcp_constrained receiver=10 policy=all-cavs sources=[10, 5, 8, 19] clusters=20 ra=selective_edgecooper_global_pmax comm_bytes=67072 selected_grids={5: 11, 8: 11, 19: 11}
fusion_method=early pred_boxes=30 gt_boxes=54
pred_scores_shape=(30,)
frame=41/41 receiver_sample=11/20 scenario=2026_07_29_02_32_08 timestamp=000140 cavs=[11, 2, 10, 15]
sgcp_constrained receiver=11 policy=all-cavs sources=[11, 2, 10, 15] clusters=20 ra=selective_edgecooper_global_pmax comm_bytes=57872 selected_grids={2: 10, 10: 10, 15: 11}
fusion_method=early pred_boxes=23 gt_boxes=58
pred_scores_shape=(23,)
frame=41/41 receiver_sample=12/20 scenario=2026_07_29_02_32_08 timestamp=000140 cavs=[12, 4]
sgcp_constrained receiver=12 policy=all-cavs sources=[12, 4] clusters=20 ra=selective_edgecooper_global_pmax comm_bytes=24784 selected_grids={4: 11}
fusion_method=early pred_boxes=15 gt_boxes=39
pred_scores_shape=(15,)
frame=41/41 receiver_sample=13/20 scenario=2026_07_29_02_32_08 timestamp=000140 cavs=[13, 9, 14, 19]
sgcp_constrained receiver=13 policy=all-cavs sources=[13, 9, 14, 19] clusters=20 ra=selective_edgecooper_global_pmax comm_bytes=69920 selected_grids={9: 11, 14: 11, 19: 10}
fusion_method=early pred_boxes=18 gt_boxes=41
pred_scores_shape=(18,)
frame=41/41 receiver_sample=14/20 scenario=2026_07_29_02_32_08 timestamp=000140 cavs=[14, 13]
sgcp_constrained receiver=14 policy=all-cavs sources=[14, 13] clusters=20 ra=selective_edgecooper_global_pmax comm_bytes=20112 selected_grids={13: 11}
fusion_method=early pred_boxes=7 gt_boxes=8
pred_scores_shape=(7,)
frame=41/41 receiver_sample=15/20 scenario=2026_07_29_02_32_08 timestamp=000140 cavs=[15, 1, 6, 11]
sgcp_constrained receiver=15 policy=all-cavs sources=[15, 1, 6, 11] clusters=20 ra=selective_edgecooper_global_pmax comm_bytes=72960 selected_grids={1: 10, 6: 11, 11: 11}
fusion_method=early pred_boxes=25 gt_boxes=52
pred_scores_shape=(25,)
frame=41/41 receiver_sample=16/20 scenario=2026_07_29_02_32_08 timestamp=000140 cavs=[16, 3, 17, 20]
sgcp_constrained receiver=16 policy=all-cavs sources=[16, 3, 17, 20] clusters=20 ra=selective_edgecooper_global_pmax comm_bytes=60992 selected_grids={3: 11, 17: 11, 20: 11}
fusion_method=early pred_boxes=23 gt_boxes=44
pred_scores_shape=(23,)
frame=41/41 receiver_sample=17/20 scenario=2026_07_29_02_32_08 timestamp=000140 cavs=[17, 3, 5, 16]
sgcp_constrained receiver=17 policy=all-cavs sources=[17, 3, 5, 16] clusters=20 ra=selective_edgecooper_global_pmax comm_bytes=49232 selected_grids={3: 10, 5: 11, 16: 10}
fusion_method=early pred_boxes=21 gt_boxes=42
pred_scores_shape=(21,)
frame=41/41 receiver_sample=18/20 scenario=2026_07_29_02_32_08 timestamp=000140 cavs=[18, 3]
sgcp_constrained receiver=18 policy=all-cavs sources=[18, 3] clusters=20 ra=selective_edgecooper_global_pmax comm_bytes=27344 selected_grids={3: 11}
fusion_method=early pred_boxes=12 gt_boxes=19
pred_scores_shape=(12,)
frame=41/41 receiver_sample=19/20 scenario=2026_07_29_02_32_08 timestamp=000140 cavs=[19, 9, 13, 20]
sgcp_constrained receiver=19 policy=all-cavs sources=[19, 9, 13, 20] clusters=20 ra=selective_edgecooper_global_pmax comm_bytes=68912 selected_grids={9: 10, 13: 10, 20: 10}
fusion_method=early pred_boxes=23 gt_boxes=44
pred_scores_shape=(23,)
frame=41/41 receiver_sample=20/20 scenario=2026_07_29_02_32_08 timestamp=000140 cavs=[20, 5, 7, 19]
sgcp_constrained receiver=20 policy=all-cavs sources=[20, 5, 7, 19] clusters=20 ra=selective_edgecooper_global_pmax comm_bytes=72288 selected_grids={5: 10, 7: 11, 19: 11}
fusion_method=early pred_boxes=26 gt_boxes=51
pred_scores_shape=(26,)
cp counter: 820
Evaluate final average precision results:
  - Fusion method: early
  - The Average Precision at IOU 0.3 is 0.52, The Average Precision at IOU 0.5 is 0.47, The Average Precision at IOU 0.7 is 0.32
sgcp_summary frames=820 avg_comm_bytes=53940.00 total_comm_bytes=44230800 avg_source_cavs=3.50 avg_selected_grids=27.17
