Format = auto
Extension = pcd
Format = auto
Extension = pcd
Format = auto
Extension = pcd
Format = auto
Extension = pcd
Format = auto
Extension = pcd
Format = auto
Extension = pcd
Format = auto
Extension = pcd
Format = auto
Extension = pcd
Format = auto
Extension = pcd
Format = auto
Extension = pcd
Format = auto
Extension = pcd
Format = auto
Extension = pcd
Format = auto
Extension = pcd
Format = auto
Extension = pcd
Format = auto
Extension = pcd
Format = auto
Extension = pcd
Format = auto
Extension = pcd
Format = auto
Extension = pcd
Format = auto
Extension = pcd
Format = auto
Extension = pcd
Format = auto
Extension = pcd
Format = auto
Extension = pcd
Format = auto
Extension = pcd
Format = auto
Extension = pcd
Format = auto
Extension = pcd
Format = auto
Extension = pcd
Format = auto
Extension = pcd
Format = auto
Extension = pcd
Format = auto
Extension = pcd
Format = auto
Extension = pcd
Format = auto
Extension = pcd
Format = auto
Extension = pcd
Format = auto
Extension = pcd
Format = auto
Extension = pcd
Format = auto
Extension = pcd
Format = auto
Extension = pcd
Format = auto
Extension = pcd
Format = auto
Extension = pcd
Format = auto
Extension = pcd
Format = auto
Extension = pcd
resuming by loading epoch 10000
frame=1/41 receiver_sample=1/20 scenario=2026_07_15_01_26_56 timestamp=000060 cavs=[1, 11, 4, 2]
sgcp_constrained receiver=1 policy=all-cavs sources=[1, 11, 4, 2] clusters=20 ra=selective_edgecooper_global comm_bytes=217904 selected_grids={11: 39, 4: 39, 2: 39}
fusion_method=early pred_boxes=39 gt_boxes=47
pred_scores_shape=(39,)
frame=1/41 receiver_sample=2/20 scenario=2026_07_15_01_26_56 timestamp=000060 cavs=[2, 1, 11, 8]
sgcp_constrained receiver=2 policy=all-cavs sources=[2, 1, 11, 8] clusters=20 ra=selective_edgecooper_global comm_bytes=222288 selected_grids={1: 39, 11: 39, 8: 39}
fusion_method=early pred_boxes=29 gt_boxes=48
pred_scores_shape=(29,)
frame=1/41 receiver_sample=3/20 scenario=2026_07_15_01_26_56 timestamp=000060 cavs=[3, 18, 16, 17]
sgcp_constrained receiver=3 policy=all-cavs sources=[3, 18, 16, 17] clusters=20 ra=selective_edgecooper_global comm_bytes=210048 selected_grids={18: 39, 16: 39, 17: 39}
fusion_method=early pred_boxes=31 gt_boxes=38
pred_scores_shape=(31,)
frame=1/41 receiver_sample=4/20 scenario=2026_07_15_01_26_56 timestamp=000060 cavs=[4, 12, 1, 7]
sgcp_constrained receiver=4 policy=all-cavs sources=[4, 12, 1, 7] clusters=20 ra=selective_edgecooper_global comm_bytes=187072 selected_grids={12: 39, 1: 39, 7: 39}
fusion_method=early pred_boxes=31 gt_boxes=40
pred_scores_shape=(31,)
frame=1/41 receiver_sample=5/20 scenario=2026_07_15_01_26_56 timestamp=000060 cavs=[5, 20, 13, 10]
sgcp_constrained receiver=5 policy=all-cavs sources=[5, 20, 13, 10] clusters=20 ra=selective_edgecooper_global comm_bytes=205584 selected_grids={20: 39, 13: 39, 10: 39}
fusion_method=early pred_boxes=29 gt_boxes=40
pred_scores_shape=(29,)
frame=1/41 receiver_sample=6/20 scenario=2026_07_15_01_26_56 timestamp=000060 cavs=[6, 15]
sgcp_constrained receiver=6 policy=all-cavs sources=[6, 15] clusters=20 ra=selective_edgecooper_global comm_bytes=75376 selected_grids={15: 49}
fusion_method=early pred_boxes=13 gt_boxes=17
pred_scores_shape=(13,)
frame=1/41 receiver_sample=7/20 scenario=2026_07_15_01_26_56 timestamp=000060 cavs=[7, 12, 20, 4]
sgcp_constrained receiver=7 policy=all-cavs sources=[7, 12, 20, 4] clusters=20 ra=selective_edgecooper_global comm_bytes=222144 selected_grids={12: 39, 20: 39, 4: 39}
fusion_method=early pred_boxes=24 gt_boxes=36
pred_scores_shape=(24,)
frame=1/41 receiver_sample=8/20 scenario=2026_07_15_01_26_56 timestamp=000060 cavs=[8, 2, 12, 11]
sgcp_constrained receiver=8 policy=all-cavs sources=[8, 2, 12, 11] clusters=20 ra=selective_edgecooper_global comm_bytes=227152 selected_grids={2: 39, 12: 39, 11: 39}
fusion_method=early pred_boxes=29 gt_boxes=42
pred_scores_shape=(29,)
frame=1/41 receiver_sample=9/20 scenario=2026_07_15_01_26_56 timestamp=000060 cavs=[9, 13, 19]
sgcp_constrained receiver=9 policy=all-cavs sources=[9, 13, 19] clusters=20 ra=selective_edgecooper_global comm_bytes=61376 selected_grids={13: 49, 19: 51}
fusion_method=early pred_boxes=17 gt_boxes=31
pred_scores_shape=(17,)
frame=1/41 receiver_sample=10/20 scenario=2026_07_15_01_26_56 timestamp=000060 cavs=[10, 5, 8, 9]
sgcp_constrained receiver=10 policy=all-cavs sources=[10, 5, 8, 9] clusters=20 ra=selective_edgecooper_global comm_bytes=190320 selected_grids={5: 39, 8: 39, 9: 39}
fusion_method=early pred_boxes=25 gt_boxes=44
pred_scores_shape=(25,)
frame=1/41 receiver_sample=11/20 scenario=2026_07_15_01_26_56 timestamp=000060 cavs=[11, 1, 9, 10]
sgcp_constrained receiver=11 policy=all-cavs sources=[11, 1, 9, 10] clusters=20 ra=selective_edgecooper_global comm_bytes=231392 selected_grids={1: 39, 9: 39, 10: 39}
fusion_method=early pred_boxes=30 gt_boxes=53
pred_scores_shape=(30,)
frame=1/41 receiver_sample=12/20 scenario=2026_07_15_01_26_56 timestamp=000060 cavs=[12, 7, 4, 8]
sgcp_constrained receiver=12 policy=all-cavs sources=[12, 7, 4, 8] clusters=20 ra=selective_edgecooper_global comm_bytes=183744 selected_grids={7: 39, 4: 39, 8: 39}
fusion_method=early pred_boxes=24 gt_boxes=41
pred_scores_shape=(24,)
frame=1/41 receiver_sample=13/20 scenario=2026_07_15_01_26_56 timestamp=000060 cavs=[13, 10, 19, 9]
sgcp_constrained receiver=13 policy=all-cavs sources=[13, 10, 19, 9] clusters=20 ra=selective_edgecooper_global comm_bytes=158480 selected_grids={10: 39, 19: 39, 9: 39}
fusion_method=early pred_boxes=21 gt_boxes=40
pred_scores_shape=(21,)
frame=1/41 receiver_sample=14/20 scenario=2026_07_15_01_26_56 timestamp=000060 cavs=[14]
sgcp_constrained receiver=14 policy=all-cavs sources=[14] clusters=20 ra=selective_edgecooper_global comm_bytes=0 selected_grids={}
fusion_method=early pred_boxes=2 gt_boxes=4
pred_scores_shape=(2,)
frame=1/41 receiver_sample=15/20 scenario=2026_07_15_01_26_56 timestamp=000060 cavs=[15, 6]
sgcp_constrained receiver=15 policy=all-cavs sources=[15, 6] clusters=20 ra=selective_edgecooper_global comm_bytes=71760 selected_grids={6: 56}
fusion_method=early pred_boxes=15 gt_boxes=17
pred_scores_shape=(15,)
frame=1/41 receiver_sample=16/20 scenario=2026_07_15_01_26_56 timestamp=000060 cavs=[16, 3, 19, 20]
sgcp_constrained receiver=16 policy=all-cavs sources=[16, 3, 19, 20] clusters=20 ra=selective_edgecooper_global comm_bytes=189696 selected_grids={3: 39, 19: 39, 20: 39}
fusion_method=early pred_boxes=31 gt_boxes=34
pred_scores_shape=(31,)
frame=1/41 receiver_sample=17/20 scenario=2026_07_15_01_26_56 timestamp=000060 cavs=[17, 18, 3]
sgcp_constrained receiver=17 policy=all-cavs sources=[17, 18, 3] clusters=20 ra=selective_edgecooper_global comm_bytes=132784 selected_grids={18: 58, 3: 56}
fusion_method=early pred_boxes=20 gt_boxes=25
pred_scores_shape=(20,)
frame=1/41 receiver_sample=18/20 scenario=2026_07_15_01_26_56 timestamp=000060 cavs=[18, 17, 3]
sgcp_constrained receiver=18 policy=all-cavs sources=[18, 17, 3] clusters=20 ra=selective_edgecooper_global comm_bytes=156848 selected_grids={17: 59, 3: 58}
fusion_method=early pred_boxes=20 gt_boxes=25
pred_scores_shape=(20,)
frame=1/41 receiver_sample=19/20 scenario=2026_07_15_01_26_56 timestamp=000060 cavs=[19, 13, 16, 5]
sgcp_constrained receiver=19 policy=all-cavs sources=[19, 13, 16, 5] clusters=20 ra=selective_edgecooper_global comm_bytes=219152 selected_grids={13: 39, 16: 39, 5: 39}
fusion_method=early pred_boxes=21 gt_boxes=37
pred_scores_shape=(21,)
frame=1/41 receiver_sample=20/20 scenario=2026_07_15_01_26_56 timestamp=000060 cavs=[20, 7, 5, 16]
sgcp_constrained receiver=20 policy=all-cavs sources=[20, 7, 5, 16] clusters=20 ra=selective_edgecooper_global comm_bytes=111808 selected_grids={7: 39, 5: 39, 16: 39}
fusion_method=early pred_boxes=23 gt_boxes=34
pred_scores_shape=(23,)
frame=2/41 receiver_sample=1/20 scenario=2026_07_15_01_26_56 timestamp=000062 cavs=[1, 11, 4, 2]
sgcp_constrained receiver=1 policy=all-cavs sources=[1, 11, 4, 2] clusters=20 ra=selective_edgecooper_global comm_bytes=218336 selected_grids={11: 39, 4: 39, 2: 39}
fusion_method=early pred_boxes=39 gt_boxes=48
pred_scores_shape=(39,)
frame=2/41 receiver_sample=2/20 scenario=2026_07_15_01_26_56 timestamp=000062 cavs=[2, 1, 11, 8]
sgcp_constrained receiver=2 policy=all-cavs sources=[2, 1, 11, 8] clusters=20 ra=selective_edgecooper_global comm_bytes=197376 selected_grids={1: 39, 11: 39, 8: 39}
fusion_method=early pred_boxes=29 gt_boxes=48
pred_scores_shape=(29,)
frame=2/41 receiver_sample=3/20 scenario=2026_07_15_01_26_56 timestamp=000062 cavs=[3, 18, 16, 17]
sgcp_constrained receiver=3 policy=all-cavs sources=[3, 18, 16, 17] clusters=20 ra=selective_edgecooper_global comm_bytes=210800 selected_grids={18: 39, 16: 39, 17: 39}
fusion_method=early pred_boxes=26 gt_boxes=38
pred_scores_shape=(26,)
frame=2/41 receiver_sample=4/20 scenario=2026_07_15_01_26_56 timestamp=000062 cavs=[4, 12, 1, 7]
sgcp_constrained receiver=4 policy=all-cavs sources=[4, 12, 1, 7] clusters=20 ra=selective_edgecooper_global comm_bytes=187456 selected_grids={12: 39, 1: 39, 7: 39}
fusion_method=early pred_boxes=37 gt_boxes=40
pred_scores_shape=(37,)
frame=2/41 receiver_sample=5/20 scenario=2026_07_15_01_26_56 timestamp=000062 cavs=[5, 20, 13, 10]
sgcp_constrained receiver=5 policy=all-cavs sources=[5, 20, 13, 10] clusters=20 ra=selective_edgecooper_global comm_bytes=205632 selected_grids={20: 39, 13: 39, 10: 39}Format = auto
Extension = pcd
Format = auto
Extension = pcd
Format = auto
Extension = pcd
Format = auto
Extension = pcd
Format = auto
Extension = pcd
Format = auto
Extension = pcd
Format = auto
Extension = pcd
Format = auto
Extension = pcd
Format = auto
Extension = pcd
Format = auto
Extension = pcd
Format = auto
Extension = pcd
Format = auto
Extension = pcd
Format = auto
Extension = pcd
Format = auto
Extension = pcd
Format = auto
Extension = pcd
Format = auto
Extension = pcd
Format = auto
Extension = pcd
Format = auto
Extension = pcd
Format = auto
Extension = pcd
Format = auto
Extension = pcd

fusion_method=early pred_boxes=24 gt_boxes=40
pred_scores_shape=(24,)
frame=2/41 receiver_sample=6/20 scenario=2026_07_15_01_26_56 timestamp=000062 cavs=[6, 15]
sgcp_constrained receiver=6 policy=all-cavs sources=[6, 15] clusters=20 ra=selective_edgecooper_global comm_bytes=75552 selected_grids={15: 49}
fusion_method=early pred_boxes=14 gt_boxes=17
pred_scores_shape=(14,)
frame=2/41 receiver_sample=7/20 scenario=2026_07_15_01_26_56 timestamp=000062 cavs=[7, 12, 20, 4]
sgcp_constrained receiver=7 policy=all-cavs sources=[7, 12, 20, 4] clusters=20 ra=selective_edgecooper_global comm_bytes=222016 selected_grids={12: 39, 20: 39, 4: 39}
fusion_method=early pred_boxes=29 gt_boxes=36
pred_scores_shape=(29,)
frame=2/41 receiver_sample=8/20 scenario=2026_07_15_01_26_56 timestamp=000062 cavs=[8, 2, 12, 11]
sgcp_constrained receiver=8 policy=all-cavs sources=[8, 2, 12, 11] clusters=20 ra=selective_edgecooper_global comm_bytes=227376 selected_grids={2: 39, 12: 39, 11: 39}
fusion_method=early pred_boxes=29 gt_boxes=42
pred_scores_shape=(29,)
frame=2/41 receiver_sample=9/20 scenario=2026_07_15_01_26_56 timestamp=000062 cavs=[9, 13, 19]
sgcp_constrained receiver=9 policy=all-cavs sources=[9, 13, 19] clusters=20 ra=selective_edgecooper_global comm_bytes=61136 selected_grids={13: 49, 19: 49}
fusion_method=early pred_boxes=16 gt_boxes=31
pred_scores_shape=(16,)
frame=2/41 receiver_sample=10/20 scenario=2026_07_15_01_26_56 timestamp=000062 cavs=[10, 5, 8, 9]
sgcp_constrained receiver=10 policy=all-cavs sources=[10, 5, 8, 9] clusters=20 ra=selective_edgecooper_global comm_bytes=190320 selected_grids={5: 39, 8: 39, 9: 39}
fusion_method=early pred_boxes=20 gt_boxes=44
pred_scores_shape=(20,)
frame=2/41 receiver_sample=11/20 scenario=2026_07_15_01_26_56 timestamp=000062 cavs=[11, 1, 9, 10]
sgcp_constrained receiver=11 policy=all-cavs sources=[11, 1, 9, 10] clusters=20 ra=selective_edgecooper_global comm_bytes=231728 selected_grids={1: 39, 9: 39, 10: 39}
fusion_method=early pred_boxes=33 gt_boxes=52
pred_scores_shape=(33,)
frame=2/41 receiver_sample=12/20 scenario=2026_07_15_01_26_56 timestamp=000062 cavs=[12, 7, 4, 8]
sgcp_constrained receiver=12 policy=all-cavs sources=[12, 7, 4, 8] clusters=20 ra=selective_edgecooper_global comm_bytes=183568 selected_grids={7: 39, 4: 39, 8: 39}
fusion_method=early pred_boxes=27 gt_boxes=42
pred_scores_shape=(27,)
frame=2/41 receiver_sample=13/20 scenario=2026_07_15_01_26_56 timestamp=000062 cavs=[13, 10, 19, 9]
sgcp_constrained receiver=13 policy=all-cavs sources=[13, 10, 19, 9] clusters=20 ra=selective_edgecooper_global comm_bytes=158976 selected_grids={10: 39, 19: 39, 9: 39}
fusion_method=early pred_boxes=23 gt_boxes=40
pred_scores_shape=(23,)
frame=2/41 receiver_sample=14/20 scenario=2026_07_15_01_26_56 timestamp=000062 cavs=[14]
sgcp_constrained receiver=14 policy=all-cavs sources=[14] clusters=20 ra=selective_edgecooper_global comm_bytes=0 selected_grids={}
fusion_method=early pred_boxes=3 gt_boxes=4
pred_scores_shape=(3,)
frame=2/41 receiver_sample=15/20 scenario=2026_07_15_01_26_56 timestamp=000062 cavs=[15, 6]
sgcp_constrained receiver=15 policy=all-cavs sources=[15, 6] clusters=20 ra=selective_edgecooper_global comm_bytes=71648 selected_grids={6: 56}
fusion_method=early pred_boxes=12 gt_boxes=17
pred_scores_shape=(12,)
frame=2/41 receiver_sample=16/20 scenario=2026_07_15_01_26_56 timestamp=000062 cavs=[16, 3, 19, 20]
sgcp_constrained receiver=16 policy=all-cavs sources=[16, 3, 19, 20] clusters=20 ra=selective_edgecooper_global comm_bytes=189456 selected_grids={3: 39, 19: 39, 20: 39}
fusion_method=early pred_boxes=30 gt_boxes=34
pred_scores_shape=(30,)
frame=2/41 receiver_sample=17/20 scenario=2026_07_15_01_26_56 timestamp=000062 cavs=[17, 18, 3]
sgcp_constrained receiver=17 policy=all-cavs sources=[17, 18, 3] clusters=20 ra=selective_edgecooper_global comm_bytes=132448 selected_grids={18: 54, 3: 57}
fusion_method=early pred_boxes=18 gt_boxes=24
pred_scores_shape=(18,)
frame=2/41 receiver_sample=18/20 scenario=2026_07_15_01_26_56 timestamp=000062 cavs=[18, 17, 3]
sgcp_constrained receiver=18 policy=all-cavs sources=[18, 17, 3] clusters=20 ra=selective_edgecooper_global comm_bytes=157200 selected_grids={17: 59, 3: 58}
fusion_method=early pred_boxes=20 gt_boxes=24
pred_scores_shape=(20,)
frame=2/41 receiver_sample=19/20 scenario=2026_07_15_01_26_56 timestamp=000062 cavs=[19, 13, 16, 5]
sgcp_constrained receiver=19 policy=all-cavs sources=[19, 13, 16, 5] clusters=20 ra=selective_edgecooper_global comm_bytes=219248 selected_grids={13: 39, 16: 39, 5: 39}
fusion_method=early pred_boxes=18 gt_boxes=37
pred_scores_shape=(18,)
frame=2/41 receiver_sample=20/20 scenario=2026_07_15_01_26_56 timestamp=000062 cavs=[20, 7, 5, 16]
sgcp_constrained receiver=20 policy=all-cavs sources=[20, 7, 5, 16] clusters=20 ra=selective_edgecooper_global comm_bytes=113328 selected_grids={7: 39, 5: 39, 16: 39}
fusion_method=early pred_boxes=24 gt_boxes=34
pred_scores_shape=(24,)
frame=3/41 receiver_sample=1/20 scenario=2026_07_15_01_26_56 timestamp=000064 cavs=[1, 11, 4, 2]
sgcp_constrained receiver=1 policy=all-cavs sources=[1, 11, 4, 2] clusters=20 ra=selective_edgecooper_global comm_bytes=218064 selected_grids={11: 39, 4: 39, 2: 39}
fusion_method=early pred_boxes=39 gt_boxes=49
pred_scores_shape=(39,)
frame=3/41 receiver_sample=2/20 scenario=2026_07_15_01_26_56 timestamp=000064 cavs=[2, 1, 11, 8]
sgcp_constrained receiver=2 policy=all-cavs sources=[2, 1, 11, 8] clusters=20 ra=selective_edgecooper_global comm_bytes=197216 selected_grids={1: 39, 11: 39, 8: 39}
fusion_method=early pred_boxes=26 gt_boxes=48
pred_scores_shape=(26,)
frame=3/41 receiver_sample=3/20 scenario=2026_07_15_01_26_56 timestamp=000064 cavs=[3, 18, 16, 17]
sgcp_constrained receiver=3 policy=all-cavs sources=[3, 18, 16, 17] clusters=20 ra=selective_edgecooper_global comm_bytes=210448 selected_grids={18: 39, 16: 39, 17: 39}
fusion_method=early pred_boxes=27 gt_boxes=37
pred_scores_shape=(27,)
frame=3/41 receiver_sample=4/20 scenario=2026_07_15_01_26_56 timestamp=000064 cavs=[4, 12, 1, 7]
sgcp_constrained receiver=4 policy=all-cavs sources=[4, 12, 1, 7] clusters=20 ra=selective_edgecooper_global comm_bytes=188144 selected_grids={12: 39, 1: 39, 7: 39}
fusion_method=early pred_boxes=36 gt_boxes=41
pred_scores_shape=(36,)
frame=3/41 receiver_sample=5/20 scenario=2026_07_15_01_26_56 timestamp=000064 cavs=[5, 19, 16, 20]
sgcp_constrained receiver=5 policy=all-cavs sources=[5, 19, 16, 20] clusters=20 ra=selective_edgecooper_global comm_bytes=200464 selected_grids={19: 39, 16: 39, 20: 39}
fusion_method=early pred_boxes=25 gt_boxes=37
pred_scores_shape=(25,)
frame=3/41 receiver_sample=6/20 scenario=2026_07_15_01_26_56 timestamp=000064 cavs=[6, 15]
sgcp_constrained receiver=6 policy=all-cavs sources=[6, 15] clusters=20 ra=selective_edgecooper_global comm_bytes=75504 selected_grids={15: 49}
fusion_method=early pred_boxes=15 gt_boxes=17
pred_scores_shape=(15,)
frame=3/41 receiver_sample=7/20 scenario=2026_07_15_01_26_56 timestamp=000064 cavs=[7, 12, 4]
sgcp_constrained receiver=7 policy=all-cavs sources=[7, 12, 4] clusters=20 ra=selective_edgecooper_global comm_bytes=149936 selected_grids={12: 55, 4: 56}
fusion_method=early pred_boxes=20 gt_boxes=33
pred_scores_shape=(20,)
frame=3/41 receiver_sample=8/20 scenario=2026_07_15_01_26_56 timestamp=000064 cavs=[8, 11, 12, 2]
sgcp_constrained receiver=8 policy=all-cavs sources=[8, 11, 12, 2] clusters=20 ra=selective_edgecooper_global comm_bytes=227056 selected_grids={11: 39, 12: 39, 2: 39}
fusion_method=early pred_boxes=28 gt_boxes=43
pred_scores_shape=(28,)
frame=3/41 receiver_sample=9/20 scenario=2026_07_15_01_26_56 timestamp=000064 cavs=[9, 13, 19, 10]
sgcp_constrained receiver=9 policy=all-cavs sources=[9, 13, 19, 10] clusters=20 ra=selective_edgecooper_global comm_bytes=114272 selected_grids={13: 39, 19: 39, 10: 39}
fusion_method=early pred_boxes=22 gt_boxes=37
pred_scores_shape=(22,)
frame=3/41 receiver_sample=10/20 scenario=2026_07_15_01_26_56 timestamp=000064 cavs=[10, 5, 8, 9]
sgcp_constrained receiver=10 policy=all-cavs sources=[10, 5, 8, 9] clusters=20 ra=selective_edgecooper_global comm_bytes=190256 selected_grids={5: 39, 8: 39, 9: 39}Format = auto
Extension = pcd
Format = auto
Extension = pcd
Format = auto
Extension = pcd
Format = auto
Extension = pcd
Format = auto
Extension = pcd
Format = auto
Extension = pcd
Format = auto
Extension = pcd
Format = auto
Extension = pcd
Format = auto
Extension = pcd
Format = auto
Extension = pcd
Format = auto
Extension = pcd
Format = auto
Extension = pcd
Format = auto
Extension = pcd
Format = auto
Extension = pcd
Format = auto
Extension = pcd
Format = auto
Extension = pcd
Format = auto
Extension = pcd
Format = auto
Extension = pcd
Format = auto
Extension = pcd
Format = auto
Extension = pcd

fusion_method=early pred_boxes=23 gt_boxes=46
pred_scores_shape=(23,)
frame=3/41 receiver_sample=11/20 scenario=2026_07_15_01_26_56 timestamp=000064 cavs=[11, 1, 9, 2]
sgcp_constrained receiver=11 policy=all-cavs sources=[11, 1, 9, 2] clusters=20 ra=selective_edgecooper_global comm_bytes=202688 selected_grids={1: 39, 9: 39, 2: 39}
fusion_method=early pred_boxes=33 gt_boxes=56
pred_scores_shape=(33,)
frame=3/41 receiver_sample=12/20 scenario=2026_07_15_01_26_56 timestamp=000064 cavs=[12, 7, 4, 8]
sgcp_constrained receiver=12 policy=all-cavs sources=[12, 7, 4, 8] clusters=20 ra=selective_edgecooper_global comm_bytes=184160 selected_grids={7: 39, 4: 39, 8: 39}
fusion_method=early pred_boxes=27 gt_boxes=43
pred_scores_shape=(27,)
frame=3/41 receiver_sample=13/20 scenario=2026_07_15_01_26_56 timestamp=000064 cavs=[13, 10, 19, 9]
sgcp_constrained receiver=13 policy=all-cavs sources=[13, 10, 19, 9] clusters=20 ra=selective_edgecooper_global comm_bytes=158160 selected_grids={10: 39, 19: 39, 9: 39}
fusion_method=early pred_boxes=22 gt_boxes=40
pred_scores_shape=(22,)
frame=3/41 receiver_sample=14/20 scenario=2026_07_15_01_26_56 timestamp=000064 cavs=[14]
sgcp_constrained receiver=14 policy=all-cavs sources=[14] clusters=20 ra=selective_edgecooper_global comm_bytes=0 selected_grids={}
fusion_method=early pred_boxes=3 gt_boxes=4
pred_scores_shape=(3,)
frame=3/41 receiver_sample=15/20 scenario=2026_07_15_01_26_56 timestamp=000064 cavs=[15, 6]
sgcp_constrained receiver=15 policy=all-cavs sources=[15, 6] clusters=20 ra=selective_edgecooper_global comm_bytes=72192 selected_grids={6: 58}
fusion_method=early pred_boxes=13 gt_boxes=17
pred_scores_shape=(13,)
frame=3/41 receiver_sample=16/20 scenario=2026_07_15_01_26_56 timestamp=000064 cavs=[16, 3, 10, 20]
sgcp_constrained receiver=16 policy=all-cavs sources=[16, 3, 10, 20] clusters=20 ra=selective_edgecooper_global comm_bytes=190912 selected_grids={3: 39, 10: 39, 20: 39}
fusion_method=early pred_boxes=37 gt_boxes=43
pred_scores_shape=(37,)
frame=3/41 receiver_sample=17/20 scenario=2026_07_15_01_26_56 timestamp=000064 cavs=[17, 18, 3]
sgcp_constrained receiver=17 policy=all-cavs sources=[17, 18, 3] clusters=20 ra=selective_edgecooper_global comm_bytes=132032 selected_grids={18: 56, 3: 57}
fusion_method=early pred_boxes=21 gt_boxes=24
pred_scores_shape=(21,)
frame=3/41 receiver_sample=18/20 scenario=2026_07_15_01_26_56 timestamp=000064 cavs=[18, 17, 3]
sgcp_constrained receiver=18 policy=all-cavs sources=[18, 17, 3] clusters=20 ra=selective_edgecooper_global comm_bytes=156848 selected_grids={17: 59, 3: 58}
fusion_method=early pred_boxes=20 gt_boxes=24
pred_scores_shape=(20,)
frame=3/41 receiver_sample=19/20 scenario=2026_07_15_01_26_56 timestamp=000064 cavs=[19, 13, 20, 5]
sgcp_constrained receiver=19 policy=all-cavs sources=[19, 13, 20, 5] clusters=20 ra=selective_edgecooper_global comm_bytes=219440 selected_grids={13: 39, 20: 39, 5: 39}
fusion_method=early pred_boxes=22 gt_boxes=36
pred_scores_shape=(22,)
frame=3/41 receiver_sample=20/20 scenario=2026_07_15_01_26_56 timestamp=000064 cavs=[20, 7, 16, 5]
sgcp_constrained receiver=20 policy=all-cavs sources=[20, 7, 16, 5] clusters=20 ra=selective_edgecooper_global comm_bytes=114720 selected_grids={7: 39, 16: 39, 5: 39}
fusion_method=early pred_boxes=22 gt_boxes=34
pred_scores_shape=(22,)
frame=4/41 receiver_sample=1/20 scenario=2026_07_15_01_26_56 timestamp=000066 cavs=[1, 11, 4, 2]
sgcp_constrained receiver=1 policy=all-cavs sources=[1, 11, 4, 2] clusters=20 ra=selective_edgecooper_global comm_bytes=218464 selected_grids={11: 39, 4: 39, 2: 39}
fusion_method=early pred_boxes=39 gt_boxes=51
pred_scores_shape=(39,)
frame=4/41 receiver_sample=2/20 scenario=2026_07_15_01_26_56 timestamp=000066 cavs=[2, 1, 11, 8]
sgcp_constrained receiver=2 policy=all-cavs sources=[2, 1, 11, 8] clusters=20 ra=selective_edgecooper_global comm_bytes=196944 selected_grids={1: 39, 11: 39, 8: 39}
fusion_method=early pred_boxes=28 gt_boxes=49
pred_scores_shape=(28,)
frame=4/41 receiver_sample=3/20 scenario=2026_07_15_01_26_56 timestamp=000066 cavs=[3, 18, 16, 17]
sgcp_constrained receiver=3 policy=all-cavs sources=[3, 18, 16, 17] clusters=20 ra=selective_edgecooper_global comm_bytes=210112 selected_grids={18: 39, 16: 39, 17: 39}
fusion_method=early pred_boxes=31 gt_boxes=37
pred_scores_shape=(31,)
frame=4/41 receiver_sample=4/20 scenario=2026_07_15_01_26_56 timestamp=000066 cavs=[4, 12, 1, 7]
sgcp_constrained receiver=4 policy=all-cavs sources=[4, 12, 1, 7] clusters=20 ra=selective_edgecooper_global comm_bytes=188576 selected_grids={12: 39, 1: 39, 7: 39}
fusion_method=early pred_boxes=33 gt_boxes=42
pred_scores_shape=(33,)
frame=4/41 receiver_sample=5/20 scenario=2026_07_15_01_26_56 timestamp=000066 cavs=[5, 19, 20, 13]
sgcp_constrained receiver=5 policy=all-cavs sources=[5, 19, 20, 13] clusters=20 ra=selective_edgecooper_global comm_bytes=204720 selected_grids={19: 39, 20: 39, 13: 39}
fusion_method=early pred_boxes=25 gt_boxes=39
pred_scores_shape=(25,)
frame=4/41 receiver_sample=6/20 scenario=2026_07_15_01_26_56 timestamp=000066 cavs=[6, 15]
sgcp_constrained receiver=6 policy=all-cavs sources=[6, 15] clusters=20 ra=selective_edgecooper_global comm_bytes=75344 selected_grids={15: 49}
fusion_method=early pred_boxes=14 gt_boxes=17
pred_scores_shape=(14,)
frame=4/41 receiver_sample=7/20 scenario=2026_07_15_01_26_56 timestamp=000066 cavs=[7, 12, 4]
sgcp_constrained receiver=7 policy=all-cavs sources=[7, 12, 4] clusters=20 ra=selective_edgecooper_global comm_bytes=150096 selected_grids={12: 53, 4: 57}
fusion_method=early pred_boxes=19 gt_boxes=33
pred_scores_shape=(19,)
frame=4/41 receiver_sample=8/20 scenario=2026_07_15_01_26_56 timestamp=000066 cavs=[8, 11, 12, 2]
sgcp_constrained receiver=8 policy=all-cavs sources=[8, 11, 12, 2] clusters=20 ra=selective_edgecooper_global comm_bytes=226912 selected_grids={11: 39, 12: 39, 2: 39}
fusion_method=early pred_boxes=27 gt_boxes=43
pred_scores_shape=(27,)
frame=4/41 receiver_sample=9/20 scenario=2026_07_15_01_26_56 timestamp=000066 cavs=[9, 10, 19, 13]
sgcp_constrained receiver=9 policy=all-cavs sources=[9, 10, 19, 13] clusters=20 ra=selective_edgecooper_global comm_bytes=114144 selected_grids={10: 39, 19: 39, 13: 39}
fusion_method=early pred_boxes=18 gt_boxes=38
pred_scores_shape=(18,)
frame=4/41 receiver_sample=10/20 scenario=2026_07_15_01_26_56 timestamp=000066 cavs=[10, 5, 8, 9]
sgcp_constrained receiver=10 policy=all-cavs sources=[10, 5, 8, 9] clusters=20 ra=selective_edgecooper_global comm_bytes=190304 selected_grids={5: 39, 8: 39, 9: 39}
fusion_method=early pred_boxes=30 gt_boxes=47
pred_scores_shape=(30,)
frame=4/41 receiver_sample=11/20 scenario=2026_07_15_01_26_56 timestamp=000066 cavs=[11, 1, 9, 2]
sgcp_constrained receiver=11 policy=all-cavs sources=[11, 1, 9, 2] clusters=20 ra=selective_edgecooper_global comm_bytes=201440 selected_grids={1: 39, 9: 39, 2: 39}
fusion_method=early pred_boxes=34 gt_boxes=55
pred_scores_shape=(34,)
frame=4/41 receiver_sample=12/20 scenario=2026_07_15_01_26_56 timestamp=000066 cavs=[12, 7, 4, 8]
sgcp_constrained receiver=12 policy=all-cavs sources=[12, 7, 4, 8] clusters=20 ra=selective_edgecooper_global comm_bytes=184608 selected_grids={7: 39, 4: 39, 8: 39}
fusion_method=early pred_boxes=30 gt_boxes=42
pred_scores_shape=(30,)
frame=4/41 receiver_sample=13/20 scenario=2026_07_15_01_26_56 timestamp=000066 cavs=[13, 10, 19, 9]
sgcp_constrained receiver=13 policy=all-cavs sources=[13, 10, 19, 9] clusters=20 ra=selective_edgecooper_global comm_bytes=158208 selected_grids={10: 39, 19: 39, 9: 39}
fusion_method=early pred_boxes=21 gt_boxes=40
pred_scores_shape=(21,)
frame=4/41 receiver_sample=14/20 scenario=2026_07_15_01_26_56 timestamp=000066 cavs=[14]
sgcp_constrained receiver=14 policy=all-cavs sources=[14] clusters=20 ra=selective_edgecooper_global comm_bytes=0 selected_grids={}
fusion_method=early pred_boxes=4 gt_boxes=4
pred_scores_shape=(4,)
frame=4/41 receiver_sample=15/20 scenario=2026_07_15_01_26_56 timestamp=000066 cavs=[15, 6]
sgcp_constrained receiver=15 policy=all-cavs sources=[15, 6] clusters=20 ra=selective_edgecooper_global comm_bytes=72112 selected_grids={6: 57}Format = auto
Extension = pcd
Format = auto
Extension = pcd
Format = auto
Extension = pcd
Format = auto
Extension = pcd
Format = auto
Extension = pcd
Format = auto
Extension = pcd
Format = auto
Extension = pcd
Format = auto
Extension = pcd
Format = auto
Extension = pcd
Format = auto
Extension = pcd
Format = auto
Extension = pcd
Format = auto
Extension = pcd
Format = auto
Extension = pcd
Format = auto
Extension = pcd
Format = auto
Extension = pcd
Format = auto
Extension = pcd
Format = auto
Extension = pcd
Format = auto
Extension = pcd
Format = auto
Extension = pcd
Format = auto
Extension = pcd

fusion_method=early pred_boxes=13 gt_boxes=17
pred_scores_shape=(13,)
frame=4/41 receiver_sample=16/20 scenario=2026_07_15_01_26_56 timestamp=000066 cavs=[16, 3, 10, 20]
sgcp_constrained receiver=16 policy=all-cavs sources=[16, 3, 10, 20] clusters=20 ra=selective_edgecooper_global comm_bytes=191008 selected_grids={3: 39, 10: 39, 20: 39}
fusion_method=early pred_boxes=38 gt_boxes=43
pred_scores_shape=(38,)
frame=4/41 receiver_sample=17/20 scenario=2026_07_15_01_26_56 timestamp=000066 cavs=[17, 18, 16, 3]
sgcp_constrained receiver=17 policy=all-cavs sources=[17, 18, 16, 3] clusters=20 ra=selective_edgecooper_global comm_bytes=205200 selected_grids={18: 39, 16: 39, 3: 39}
fusion_method=early pred_boxes=27 gt_boxes=37
pred_scores_shape=(27,)
frame=4/41 receiver_sample=18/20 scenario=2026_07_15_01_26_56 timestamp=000066 cavs=[18, 17, 3]
sgcp_constrained receiver=18 policy=all-cavs sources=[18, 17, 3] clusters=20 ra=selective_edgecooper_global comm_bytes=157280 selected_grids={17: 59, 3: 58}
fusion_method=early pred_boxes=20 gt_boxes=24
pred_scores_shape=(20,)
frame=4/41 receiver_sample=19/20 scenario=2026_07_15_01_26_56 timestamp=000066 cavs=[19, 13, 20, 5]
sgcp_constrained receiver=19 policy=all-cavs sources=[19, 13, 20, 5] clusters=20 ra=selective_edgecooper_global comm_bytes=219488 selected_grids={13: 39, 20: 39, 5: 39}
fusion_method=early pred_boxes=22 gt_boxes=36
pred_scores_shape=(22,)
frame=4/41 receiver_sample=20/20 scenario=2026_07_15_01_26_56 timestamp=000066 cavs=[20, 7, 5, 16]
sgcp_constrained receiver=20 policy=all-cavs sources=[20, 7, 5, 16] clusters=20 ra=selective_edgecooper_global comm_bytes=116032 selected_grids={7: 39, 5: 39, 16: 39}
fusion_method=early pred_boxes=22 gt_boxes=34
pred_scores_shape=(22,)
frame=5/41 receiver_sample=1/20 scenario=2026_07_15_01_26_56 timestamp=000068 cavs=[1, 11, 4, 8]
sgcp_constrained receiver=1 policy=all-cavs sources=[1, 11, 4, 8] clusters=20 ra=selective_edgecooper_global comm_bytes=218160 selected_grids={11: 39, 4: 39, 8: 39}
fusion_method=early pred_boxes=37 gt_boxes=44
pred_scores_shape=(37,)
frame=5/41 receiver_sample=2/20 scenario=2026_07_15_01_26_56 timestamp=000068 cavs=[2, 1, 11, 8]
sgcp_constrained receiver=2 policy=all-cavs sources=[2, 1, 11, 8] clusters=20 ra=selective_edgecooper_global comm_bytes=196864 selected_grids={1: 39, 11: 39, 8: 39}
fusion_method=early pred_boxes=28 gt_boxes=48
pred_scores_shape=(28,)
frame=5/41 receiver_sample=3/20 scenario=2026_07_15_01_26_56 timestamp=000068 cavs=[3, 18, 16, 17]
sgcp_constrained receiver=3 policy=all-cavs sources=[3, 18, 16, 17] clusters=20 ra=selective_edgecooper_global comm_bytes=212384 selected_grids={18: 39, 16: 39, 17: 39}
fusion_method=early pred_boxes=27 gt_boxes=36
pred_scores_shape=(27,)
frame=5/41 receiver_sample=4/20 scenario=2026_07_15_01_26_56 timestamp=000068 cavs=[4, 12, 1, 7]
sgcp_constrained receiver=4 policy=all-cavs sources=[4, 12, 1, 7] clusters=20 ra=selective_edgecooper_global comm_bytes=189984 selected_grids={12: 39, 1: 39, 7: 39}
fusion_method=early pred_boxes=33 gt_boxes=43
pred_scores_shape=(33,)
frame=5/41 receiver_sample=5/20 scenario=2026_07_15_01_26_56 timestamp=000068 cavs=[5, 19, 20, 13]
sgcp_constrained receiver=5 policy=all-cavs sources=[5, 19, 20, 13] clusters=20 ra=selective_edgecooper_global comm_bytes=204832 selected_grids={19: 39, 20: 39, 13: 39}
fusion_method=early pred_boxes=26 gt_boxes=40
pred_scores_shape=(26,)
frame=5/41 receiver_sample=6/20 scenario=2026_07_15_01_26_56 timestamp=000068 cavs=[6, 15]
sgcp_constrained receiver=6 policy=all-cavs sources=[6, 15] clusters=20 ra=selective_edgecooper_global comm_bytes=75392 selected_grids={15: 50}
fusion_method=early pred_boxes=13 gt_boxes=16
pred_scores_shape=(13,)
frame=5/41 receiver_sample=7/20 scenario=2026_07_15_01_26_56 timestamp=000068 cavs=[7, 12, 4]
sgcp_constrained receiver=7 policy=all-cavs sources=[7, 12, 4] clusters=20 ra=selective_edgecooper_global comm_bytes=150016 selected_grids={12: 53, 4: 57}
fusion_method=early pred_boxes=20 gt_boxes=33
pred_scores_shape=(20,)
frame=5/41 receiver_sample=8/20 scenario=2026_07_15_01_26_56 timestamp=000068 cavs=[8, 11, 12, 2]
sgcp_constrained receiver=8 policy=all-cavs sources=[8, 11, 12, 2] clusters=20 ra=selective_edgecooper_global comm_bytes=226656 selected_grids={11: 39, 12: 39, 2: 39}
fusion_method=early pred_boxes=31 gt_boxes=41
pred_scores_shape=(31,)
frame=5/41 receiver_sample=9/20 scenario=2026_07_15_01_26_56 timestamp=000068 cavs=[9, 10, 19, 13]
sgcp_constrained receiver=9 policy=all-cavs sources=[9, 10, 19, 13] clusters=20 ra=selective_edgecooper_global comm_bytes=113552 selected_grids={10: 39, 19: 39, 13: 39}
fusion_method=early pred_boxes=18 gt_boxes=38
pred_scores_shape=(18,)
frame=5/41 receiver_sample=10/20 scenario=2026_07_15_01_26_56 timestamp=000068 cavs=[10, 5, 2, 9]
sgcp_constrained receiver=10 policy=all-cavs sources=[10, 5, 2, 9] clusters=20 ra=selective_edgecooper_global comm_bytes=191968 selected_grids={5: 39, 2: 39, 9: 39}
fusion_method=early pred_boxes=39 gt_boxes=50
pred_scores_shape=(39,)
frame=5/41 receiver_sample=11/20 scenario=2026_07_15_01_26_56 timestamp=000068 cavs=[11, 1, 9, 2]
sgcp_constrained receiver=11 policy=all-cavs sources=[11, 1, 9, 2] clusters=20 ra=selective_edgecooper_global comm_bytes=199712 selected_grids={1: 39, 9: 39, 2: 39}
fusion_method=early pred_boxes=33 gt_boxes=56
pred_scores_shape=(33,)
frame=5/41 receiver_sample=12/20 scenario=2026_07_15_01_26_56 timestamp=000068 cavs=[12, 7, 4, 8]
sgcp_constrained receiver=12 policy=all-cavs sources=[12, 7, 4, 8] clusters=20 ra=selective_edgecooper_global comm_bytes=185024 selected_grids={7: 39, 4: 39, 8: 39}
fusion_method=early pred_boxes=25 gt_boxes=43
pred_scores_shape=(25,)
frame=5/41 receiver_sample=13/20 scenario=2026_07_15_01_26_56 timestamp=000068 cavs=[13, 10, 19, 9]
sgcp_constrained receiver=13 policy=all-cavs sources=[13, 10, 19, 9] clusters=20 ra=selective_edgecooper_global comm_bytes=157936 selected_grids={10: 39, 19: 39, 9: 39}
fusion_method=early pred_boxes=21 gt_boxes=39
pred_scores_shape=(21,)
frame=5/41 receiver_sample=14/20 scenario=2026_07_15_01_26_56 timestamp=000068 cavs=[14]
sgcp_constrained receiver=14 policy=all-cavs sources=[14] clusters=20 ra=selective_edgecooper_global comm_bytes=0 selected_grids={}
fusion_method=early pred_boxes=3 gt_boxes=4
pred_scores_shape=(3,)
frame=5/41 receiver_sample=15/20 scenario=2026_07_15_01_26_56 timestamp=000068 cavs=[15, 6]
sgcp_constrained receiver=15 policy=all-cavs sources=[15, 6] clusters=20 ra=selective_edgecooper_global comm_bytes=72224 selected_grids={6: 59}
fusion_method=early pred_boxes=15 gt_boxes=16
pred_scores_shape=(15,)
frame=5/41 receiver_sample=16/20 scenario=2026_07_15_01_26_56 timestamp=000068 cavs=[16, 3, 10, 20]
sgcp_constrained receiver=16 policy=all-cavs sources=[16, 3, 10, 20] clusters=20 ra=selective_edgecooper_global comm_bytes=191168 selected_grids={3: 39, 10: 39, 20: 39}
fusion_method=early pred_boxes=33 gt_boxes=42
pred_scores_shape=(33,)
frame=5/41 receiver_sample=17/20 scenario=2026_07_15_01_26_56 timestamp=000068 cavs=[17, 18, 16, 3]
sgcp_constrained receiver=17 policy=all-cavs sources=[17, 18, 16, 3] clusters=20 ra=selective_edgecooper_global comm_bytes=205648 selected_grids={18: 39, 16: 39, 3: 39}
fusion_method=early pred_boxes=23 gt_boxes=36
pred_scores_shape=(23,)
frame=5/41 receiver_sample=18/20 scenario=2026_07_15_01_26_56 timestamp=000068 cavs=[18, 17, 3]
sgcp_constrained receiver=18 policy=all-cavs sources=[18, 17, 3] clusters=20 ra=selective_edgecooper_global comm_bytes=157280 selected_grids={17: 59, 3: 58}
fusion_method=early pred_boxes=20 gt_boxes=24
pred_scores_shape=(20,)
frame=5/41 receiver_sample=19/20 scenario=2026_07_15_01_26_56 timestamp=000068 cavs=[19, 13, 20, 5]
sgcp_constrained receiver=19 policy=all-cavs sources=[19, 13, 20, 5] clusters=20 ra=selective_edgecooper_global comm_bytes=219536 selected_grids={13: 39, 20: 39, 5: 39}
fusion_method=early pred_boxes=25 gt_boxes=36
pred_scores_shape=(25,)
frame=5/41 receiver_sample=20/20 scenario=2026_07_15_01_26_56 timestamp=000068 cavs=[20, 7, 5, 16]
sgcp_constrained receiver=20 policy=all-cavs sources=[20, 7, 5, 16] clusters=20 ra=selective_edgecooper_global comm_bytes=118704 selected_grids={7: 39, 5: 39, 16: 39}Format = auto
Extension = pcd
Format = auto
Extension = pcd
Format = auto
Extension = pcd
Format = auto
Extension = pcd
Format = auto
Extension = pcd
Format = auto
Extension = pcd
Format = auto
Extension = pcd
Format = auto
Extension = pcd
Format = auto
Extension = pcd
Format = auto
Extension = pcd
Format = auto
Extension = pcd
Format = auto
Extension = pcd
Format = auto
Extension = pcd
Format = auto
Extension = pcd
Format = auto
Extension = pcd
Format = auto
Extension = pcd
Format = auto
Extension = pcd
Format = auto
Extension = pcd
Format = auto
Extension = pcd
Format = auto
Extension = pcd
Format = auto
Extension = pcd
Format = auto
Extension = pcd
Format = auto
Extension = pcd
Format = auto
Extension = pcd
Format = auto
Extension = pcd
Format = auto
Extension = pcd
Format = auto
Extension = pcd
Format = auto
Extension = pcd
Format = auto
Extension = pcd
Format = auto
Extension = pcd
Format = auto
Extension = pcd
Format = auto
Extension = pcd
Format = auto
Extension = pcd
Format = auto
Extension = pcd
Format = auto
Extension = pcd
Format = auto
Extension = pcd
Format = auto
Extension = pcd
Format = auto
Extension = pcd
Format = auto
Extension = pcd
Format = auto
Extension = pcd

fusion_method=early pred_boxes=23 gt_boxes=34
pred_scores_shape=(23,)
frame=6/41 receiver_sample=1/20 scenario=2026_07_15_01_26_56 timestamp=000070 cavs=[1, 11, 4, 8]
sgcp_constrained receiver=1 policy=all-cavs sources=[1, 11, 4, 8] clusters=20 ra=selective_edgecooper_global comm_bytes=218400 selected_grids={11: 39, 4: 39, 8: 39}
fusion_method=early pred_boxes=35 gt_boxes=44
pred_scores_shape=(35,)
frame=6/41 receiver_sample=2/20 scenario=2026_07_15_01_26_56 timestamp=000070 cavs=[2, 1, 11, 8]
sgcp_constrained receiver=2 policy=all-cavs sources=[2, 1, 11, 8] clusters=20 ra=selective_edgecooper_global comm_bytes=196736 selected_grids={1: 39, 11: 39, 8: 39}
fusion_method=early pred_boxes=29 gt_boxes=49
pred_scores_shape=(29,)
frame=6/41 receiver_sample=3/20 scenario=2026_07_15_01_26_56 timestamp=000070 cavs=[3, 18, 16, 17]
sgcp_constrained receiver=3 policy=all-cavs sources=[3, 18, 16, 17] clusters=20 ra=selective_edgecooper_global comm_bytes=213008 selected_grids={18: 39, 16: 39, 17: 39}
fusion_method=early pred_boxes=29 gt_boxes=37
pred_scores_shape=(29,)
frame=6/41 receiver_sample=4/20 scenario=2026_07_15_01_26_56 timestamp=000070 cavs=[4, 12, 1, 7]
sgcp_constrained receiver=4 policy=all-cavs sources=[4, 12, 1, 7] clusters=20 ra=selective_edgecooper_global comm_bytes=191280 selected_grids={12: 39, 1: 39, 7: 39}
fusion_method=early pred_boxes=35 gt_boxes=42
pred_scores_shape=(35,)
frame=6/41 receiver_sample=5/20 scenario=2026_07_15_01_26_56 timestamp=000070 cavs=[5, 19, 20, 13]
sgcp_constrained receiver=5 policy=all-cavs sources=[5, 19, 20, 13] clusters=20 ra=selective_edgecooper_global comm_bytes=205088 selected_grids={19: 39, 20: 39, 13: 39}
fusion_method=early pred_boxes=24 gt_boxes=39
pred_scores_shape=(24,)
frame=6/41 receiver_sample=6/20 scenario=2026_07_15_01_26_56 timestamp=000070 cavs=[6, 15]
sgcp_constrained receiver=6 policy=all-cavs sources=[6, 15] clusters=20 ra=selective_edgecooper_global comm_bytes=75376 selected_grids={15: 48}
fusion_method=early pred_boxes=16 gt_boxes=16
pred_scores_shape=(16,)
frame=6/41 receiver_sample=7/20 scenario=2026_07_15_01_26_56 timestamp=000070 cavs=[7, 12, 4]
sgcp_constrained receiver=7 policy=all-cavs sources=[7, 12, 4] clusters=20 ra=selective_edgecooper_global comm_bytes=150400 selected_grids={12: 55, 4: 54}
fusion_method=early pred_boxes=19 gt_boxes=32
pred_scores_shape=(19,)
frame=6/41 receiver_sample=8/20 scenario=2026_07_15_01_26_56 timestamp=000070 cavs=[8, 2, 12, 11]
sgcp_constrained receiver=8 policy=all-cavs sources=[8, 2, 12, 11] clusters=20 ra=selective_edgecooper_global comm_bytes=226560 selected_grids={2: 39, 12: 39, 11: 39}
fusion_method=early pred_boxes=28 gt_boxes=42
pred_scores_shape=(28,)
frame=6/41 receiver_sample=9/20 scenario=2026_07_15_01_26_56 timestamp=000070 cavs=[9, 13, 19]
sgcp_constrained receiver=9 policy=all-cavs sources=[9, 13, 19] clusters=20 ra=selective_edgecooper_global comm_bytes=60992 selected_grids={13: 49, 19: 53}
fusion_method=early pred_boxes=16 gt_boxes=31
pred_scores_shape=(16,)
frame=6/41 receiver_sample=10/20 scenario=2026_07_15_01_26_56 timestamp=000070 cavs=[10, 5, 2, 9]
sgcp_constrained receiver=10 policy=all-cavs sources=[10, 5, 2, 9] clusters=20 ra=selective_edgecooper_global comm_bytes=191744 selected_grids={5: 39, 2: 39, 9: 39}
fusion_method=early pred_boxes=37 gt_boxes=51
pred_scores_shape=(37,)
frame=6/41 receiver_sample=11/20 scenario=2026_07_15_01_26_56 timestamp=000070 cavs=[11, 1, 9, 10]
sgcp_constrained receiver=11 policy=all-cavs sources=[11, 1, 9, 10] clusters=20 ra=selective_edgecooper_global comm_bytes=231040 selected_grids={1: 39, 9: 39, 10: 39}
fusion_method=early pred_boxes=30 gt_boxes=51
pred_scores_shape=(30,)
frame=6/41 receiver_sample=12/20 scenario=2026_07_15_01_26_56 timestamp=000070 cavs=[12, 7, 4, 8]
sgcp_constrained receiver=12 policy=all-cavs sources=[12, 7, 4, 8] clusters=20 ra=selective_edgecooper_global comm_bytes=186176 selected_grids={7: 39, 4: 39, 8: 39}
fusion_method=early pred_boxes=26 gt_boxes=43
pred_scores_shape=(26,)
frame=6/41 receiver_sample=13/20 scenario=2026_07_15_01_26_56 timestamp=000070 cavs=[13, 10, 19, 9]
sgcp_constrained receiver=13 policy=all-cavs sources=[13, 10, 19, 9] clusters=20 ra=selective_edgecooper_global comm_bytes=157824 selected_grids={10: 39, 19: 39, 9: 39}
fusion_method=early pred_boxes=21 gt_boxes=38
pred_scores_shape=(21,)
frame=6/41 receiver_sample=14/20 scenario=2026_07_15_01_26_56 timestamp=000070 cavs=[14]
sgcp_constrained receiver=14 policy=all-cavs sources=[14] clusters=20 ra=selective_edgecooper_global comm_bytes=0 selected_grids={}
fusion_method=early pred_boxes=3 gt_boxes=4
pred_scores_shape=(3,)
frame=6/41 receiver_sample=15/20 scenario=2026_07_15_01_26_56 timestamp=000070 cavs=[15, 6]
sgcp_constrained receiver=15 policy=all-cavs sources=[15, 6] clusters=20 ra=selective_edgecooper_global comm_bytes=70704 selected_grids={6: 58}
fusion_method=early pred_boxes=15 gt_boxes=16
pred_scores_shape=(15,)
frame=6/41 receiver_sample=16/20 scenario=2026_07_15_01_26_56 timestamp=000070 cavs=[16, 3, 10, 20]
sgcp_constrained receiver=16 policy=all-cavs sources=[16, 3, 10, 20] clusters=20 ra=selective_edgecooper_global comm_bytes=205232 selected_grids={3: 39, 10: 39, 20: 39}
fusion_method=early pred_boxes=32 gt_boxes=43
pred_scores_shape=(32,)
frame=6/41 receiver_sample=17/20 scenario=2026_07_15_01_26_56 timestamp=000070 cavs=[17, 18, 16, 3]
sgcp_constrained receiver=17 policy=all-cavs sources=[17, 18, 16, 3] clusters=20 ra=selective_edgecooper_global comm_bytes=205952 selected_grids={18: 39, 16: 39, 3: 39}
fusion_method=early pred_boxes=26 gt_boxes=37
pred_scores_shape=(26,)
frame=6/41 receiver_sample=18/20 scenario=2026_07_15_01_26_56 timestamp=000070 cavs=[18, 17, 3]
sgcp_constrained receiver=18 policy=all-cavs sources=[18, 17, 3] clusters=20 ra=selective_edgecooper_global comm_bytes=156752 selected_grids={17: 59, 3: 58}
fusion_method=early pred_boxes=21 gt_boxes=24
pred_scores_shape=(21,)
frame=6/41 receiver_sample=19/20 scenario=2026_07_15_01_26_56 timestamp=000070 cavs=[19, 13, 20, 5]
sgcp_constrained receiver=19 policy=all-cavs sources=[19, 13, 20, 5] clusters=20 ra=selective_edgecooper_global comm_bytes=219568 selected_grids={13: 39, 20: 39, 5: 39}
fusion_method=early pred_boxes=22 gt_boxes=36
pred_scores_shape=(22,)
frame=6/41 receiver_sample=20/20 scenario=2026_07_15_01_26_56 timestamp=000070 cavs=[20, 7, 5, 16]
sgcp_constrained receiver=20 policy=all-cavs sources=[20, 7, 5, 16] clusters=20 ra=selective_edgecooper_global comm_bytes=119824 selected_grids={7: 39, 5: 39, 16: 39}
fusion_method=early pred_boxes=21 gt_boxes=34
pred_scores_shape=(21,)
frame=7/41 receiver_sample=1/20 scenario=2026_07_15_01_26_56 timestamp=000072 cavs=[1, 11, 4, 8]
sgcp_constrained receiver=1 policy=all-cavs sources=[1, 11, 4, 8] clusters=20 ra=selective_edgecooper_global comm_bytes=219056 selected_grids={11: 39, 4: 39, 8: 39}
fusion_method=early pred_boxes=34 gt_boxes=45
pred_scores_shape=(34,)
frame=7/41 receiver_sample=2/20 scenario=2026_07_15_01_26_56 timestamp=000072 cavs=[2, 1, 11, 8]
sgcp_constrained receiver=2 policy=all-cavs sources=[2, 1, 11, 8] clusters=20 ra=selective_edgecooper_global comm_bytes=196464 selected_grids={1: 39, 11: 39, 8: 39}
fusion_method=early pred_boxes=30 gt_boxes=49
pred_scores_shape=(30,)
frame=7/41 receiver_sample=3/20 scenario=2026_07_15_01_26_56 timestamp=000072 cavs=[3, 18, 16, 17]
sgcp_constrained receiver=3 policy=all-cavs sources=[3, 18, 16, 17] clusters=20 ra=selective_edgecooper_global comm_bytes=212080 selected_grids={18: 39, 16: 39, 17: 39}
fusion_method=early pred_boxes=28 gt_boxes=36
pred_scores_shape=(28,)
frame=7/41 receiver_sample=4/20 scenario=2026_07_15_01_26_56 timestamp=000072 cavs=[4, 12, 1, 7]
sgcp_constrained receiver=4 policy=all-cavs sources=[4, 12, 1, 7] clusters=20 ra=selective_edgecooper_global comm_bytes=191888 selected_grids={12: 39, 1: 39, 7: 39}
fusion_method=early pred_boxes=32 gt_boxes=43
pred_scores_shape=(32,)
frame=7/41 receiver_sample=5/20 scenario=2026_07_15_01_26_56 timestamp=000072 cavs=[5, 19, 20, 13]
sgcp_constrained receiver=5 policy=all-cavs sources=[5, 19, 20, 13] clusters=20 ra=selective_edgecooper_global comm_bytes=204976 selected_grids={19: 39, 20: 39, 13: 39}Format = auto
Extension = pcd
Format = auto
Extension = pcd
Format = auto
Extension = pcd
Format = auto
Extension = pcd
Format = auto
Extension = pcd
Format = auto
Extension = pcd
Format = auto
Extension = pcd
Format = auto
Extension = pcd
Format = auto
Extension = pcd
Format = auto
Extension = pcd
Format = auto
Extension = pcd
Format = auto
Extension = pcd
Format = auto
Extension = pcd
Format = auto
Extension = pcd
Format = auto
Extension = pcd
Format = auto
Extension = pcd
Format = auto
Extension = pcd
Format = auto
Extension = pcd
Format = auto
Extension = pcd
Format = auto
Extension = pcd

fusion_method=early pred_boxes=24 gt_boxes=39
pred_scores_shape=(24,)
frame=7/41 receiver_sample=6/20 scenario=2026_07_15_01_26_56 timestamp=000072 cavs=[6, 15]
sgcp_constrained receiver=6 policy=all-cavs sources=[6, 15] clusters=20 ra=selective_edgecooper_global comm_bytes=75664 selected_grids={15: 49}
fusion_method=early pred_boxes=15 gt_boxes=18
pred_scores_shape=(15,)
frame=7/41 receiver_sample=7/20 scenario=2026_07_15_01_26_56 timestamp=000072 cavs=[7, 12, 4]
sgcp_constrained receiver=7 policy=all-cavs sources=[7, 12, 4] clusters=20 ra=selective_edgecooper_global comm_bytes=151008 selected_grids={12: 54, 4: 54}
fusion_method=early pred_boxes=20 gt_boxes=33
pred_scores_shape=(20,)
frame=7/41 receiver_sample=8/20 scenario=2026_07_15_01_26_56 timestamp=000072 cavs=[8, 2, 12, 11]
sgcp_constrained receiver=8 policy=all-cavs sources=[8, 2, 12, 11] clusters=20 ra=selective_edgecooper_global comm_bytes=226656 selected_grids={2: 39, 12: 39, 11: 39}
fusion_method=early pred_boxes=28 gt_boxes=43
pred_scores_shape=(28,)
frame=7/41 receiver_sample=9/20 scenario=2026_07_15_01_26_56 timestamp=000072 cavs=[9, 13, 19]
sgcp_constrained receiver=9 policy=all-cavs sources=[9, 13, 19] clusters=20 ra=selective_edgecooper_global comm_bytes=61296 selected_grids={13: 49, 19: 54}
fusion_method=early pred_boxes=18 gt_boxes=30
pred_scores_shape=(18,)
frame=7/41 receiver_sample=10/20 scenario=2026_07_15_01_26_56 timestamp=000072 cavs=[10, 5, 2, 9]
sgcp_constrained receiver=10 policy=all-cavs sources=[10, 5, 2, 9] clusters=20 ra=selective_edgecooper_global comm_bytes=191248 selected_grids={5: 39, 2: 39, 9: 39}
fusion_method=early pred_boxes=36 gt_boxes=52
pred_scores_shape=(36,)
frame=7/41 receiver_sample=11/20 scenario=2026_07_15_01_26_56 timestamp=000072 cavs=[11, 1, 9, 10]
sgcp_constrained receiver=11 policy=all-cavs sources=[11, 1, 9, 10] clusters=20 ra=selective_edgecooper_global comm_bytes=230672 selected_grids={1: 39, 9: 39, 10: 39}
fusion_method=early pred_boxes=29 gt_boxes=51
pred_scores_shape=(29,)
frame=7/41 receiver_sample=12/20 scenario=2026_07_15_01_26_56 timestamp=000072 cavs=[12, 7, 4, 8]
sgcp_constrained receiver=12 policy=all-cavs sources=[12, 7, 4, 8] clusters=20 ra=selective_edgecooper_global comm_bytes=186512 selected_grids={7: 39, 4: 39, 8: 39}
fusion_method=early pred_boxes=22 gt_boxes=44
pred_scores_shape=(22,)
frame=7/41 receiver_sample=13/20 scenario=2026_07_15_01_26_56 timestamp=000072 cavs=[13, 10, 19, 9]
sgcp_constrained receiver=13 policy=all-cavs sources=[13, 10, 19, 9] clusters=20 ra=selective_edgecooper_global comm_bytes=157952 selected_grids={10: 39, 19: 39, 9: 39}
fusion_method=early pred_boxes=17 gt_boxes=38
pred_scores_shape=(17,)
frame=7/41 receiver_sample=14/20 scenario=2026_07_15_01_26_56 timestamp=000072 cavs=[14]
sgcp_constrained receiver=14 policy=all-cavs sources=[14] clusters=20 ra=selective_edgecooper_global comm_bytes=0 selected_grids={}
fusion_method=early pred_boxes=3 gt_boxes=4
pred_scores_shape=(3,)
frame=7/41 receiver_sample=15/20 scenario=2026_07_15_01_26_56 timestamp=000072 cavs=[15, 6]
sgcp_constrained receiver=15 policy=all-cavs sources=[15, 6] clusters=20 ra=selective_edgecooper_global comm_bytes=70304 selected_grids={6: 54}
fusion_method=early pred_boxes=15 gt_boxes=18
pred_scores_shape=(15,)
frame=7/41 receiver_sample=16/20 scenario=2026_07_15_01_26_56 timestamp=000072 cavs=[16, 3, 10, 20]
sgcp_constrained receiver=16 policy=all-cavs sources=[16, 3, 10, 20] clusters=20 ra=selective_edgecooper_global comm_bytes=202592 selected_grids={3: 39, 10: 39, 20: 39}
fusion_method=early pred_boxes=32 gt_boxes=42
pred_scores_shape=(32,)
frame=7/41 receiver_sample=17/20 scenario=2026_07_15_01_26_56 timestamp=000072 cavs=[17, 18, 16, 3]
sgcp_constrained receiver=17 policy=all-cavs sources=[17, 18, 16, 3] clusters=20 ra=selective_edgecooper_global comm_bytes=204640 selected_grids={18: 39, 16: 39, 3: 39}
fusion_method=early pred_boxes=26 gt_boxes=36
pred_scores_shape=(26,)
frame=7/41 receiver_sample=18/20 scenario=2026_07_15_01_26_56 timestamp=000072 cavs=[18, 17, 3]
sgcp_constrained receiver=18 policy=all-cavs sources=[18, 17, 3] clusters=20 ra=selective_edgecooper_global comm_bytes=156720 selected_grids={17: 59, 3: 58}
fusion_method=early pred_boxes=22 gt_boxes=24
pred_scores_shape=(22,)
frame=7/41 receiver_sample=19/20 scenario=2026_07_15_01_26_56 timestamp=000072 cavs=[19, 13, 20, 5]
sgcp_constrained receiver=19 policy=all-cavs sources=[19, 13, 20, 5] clusters=20 ra=selective_edgecooper_global comm_bytes=219648 selected_grids={13: 39, 20: 39, 5: 39}
fusion_method=early pred_boxes=20 gt_boxes=36
pred_scores_shape=(20,)
frame=7/41 receiver_sample=20/20 scenario=2026_07_15_01_26_56 timestamp=000072 cavs=[20, 7, 5, 16]
sgcp_constrained receiver=20 policy=all-cavs sources=[20, 7, 5, 16] clusters=20 ra=selective_edgecooper_global comm_bytes=121600 selected_grids={7: 39, 5: 39, 16: 39}
fusion_method=early pred_boxes=24 gt_boxes=34
pred_scores_shape=(24,)
frame=8/41 receiver_sample=1/20 scenario=2026_07_15_01_26_56 timestamp=000074 cavs=[1, 8, 11, 4]
sgcp_constrained receiver=1 policy=all-cavs sources=[1, 8, 11, 4] clusters=20 ra=selective_edgecooper_global comm_bytes=218256 selected_grids={8: 39, 11: 39, 4: 39}
fusion_method=early pred_boxes=33 gt_boxes=43
pred_scores_shape=(33,)
frame=8/41 receiver_sample=2/20 scenario=2026_07_15_01_26_56 timestamp=000074 cavs=[2, 1, 11, 8]
sgcp_constrained receiver=2 policy=all-cavs sources=[2, 1, 11, 8] clusters=20 ra=selective_edgecooper_global comm_bytes=196608 selected_grids={1: 39, 11: 39, 8: 39}
fusion_method=early pred_boxes=28 gt_boxes=48
pred_scores_shape=(28,)
frame=8/41 receiver_sample=3/20 scenario=2026_07_15_01_26_56 timestamp=000074 cavs=[3, 18, 16, 17]
sgcp_constrained receiver=3 policy=all-cavs sources=[3, 18, 16, 17] clusters=20 ra=selective_edgecooper_global comm_bytes=211440 selected_grids={18: 39, 16: 39, 17: 39}
fusion_method=early pred_boxes=30 gt_boxes=35
pred_scores_shape=(30,)
frame=8/41 receiver_sample=4/20 scenario=2026_07_15_01_26_56 timestamp=000074 cavs=[4, 12, 1, 7]
sgcp_constrained receiver=4 policy=all-cavs sources=[4, 12, 1, 7] clusters=20 ra=selective_edgecooper_global comm_bytes=193744 selected_grids={12: 39, 1: 39, 7: 39}
fusion_method=early pred_boxes=33 gt_boxes=43
pred_scores_shape=(33,)
frame=8/41 receiver_sample=5/20 scenario=2026_07_15_01_26_56 timestamp=000074 cavs=[5, 19, 20, 13]
sgcp_constrained receiver=5 policy=all-cavs sources=[5, 19, 20, 13] clusters=20 ra=selective_edgecooper_global comm_bytes=205168 selected_grids={19: 39, 20: 39, 13: 39}
fusion_method=early pred_boxes=24 gt_boxes=40
pred_scores_shape=(24,)
frame=8/41 receiver_sample=6/20 scenario=2026_07_15_01_26_56 timestamp=000074 cavs=[6, 15]
sgcp_constrained receiver=6 policy=all-cavs sources=[6, 15] clusters=20 ra=selective_edgecooper_global comm_bytes=75568 selected_grids={15: 47}
fusion_method=early pred_boxes=15 gt_boxes=18
pred_scores_shape=(15,)
frame=8/41 receiver_sample=7/20 scenario=2026_07_15_01_26_56 timestamp=000074 cavs=[7, 12, 4]
sgcp_constrained receiver=7 policy=all-cavs sources=[7, 12, 4] clusters=20 ra=selective_edgecooper_global comm_bytes=150672 selected_grids={12: 53, 4: 56}
fusion_method=early pred_boxes=23 gt_boxes=33
pred_scores_shape=(23,)
frame=8/41 receiver_sample=8/20 scenario=2026_07_15_01_26_56 timestamp=000074 cavs=[8, 11, 12, 2]
sgcp_constrained receiver=8 policy=all-cavs sources=[8, 11, 12, 2] clusters=20 ra=selective_edgecooper_global comm_bytes=226976 selected_grids={11: 39, 12: 39, 2: 39}
fusion_method=early pred_boxes=30 gt_boxes=43
pred_scores_shape=(30,)
frame=8/41 receiver_sample=9/20 scenario=2026_07_15_01_26_56 timestamp=000074 cavs=[9, 10, 19, 13]
sgcp_constrained receiver=9 policy=all-cavs sources=[9, 10, 19, 13] clusters=20 ra=selective_edgecooper_global comm_bytes=112592 selected_grids={10: 39, 19: 39, 13: 39}
fusion_method=early pred_boxes=18 gt_boxes=37
pred_scores_shape=(18,)
frame=8/41 receiver_sample=10/20 scenario=2026_07_15_01_26_56 timestamp=000074 cavs=[10, 5, 2, 9]
sgcp_constrained receiver=10 policy=all-cavs sources=[10, 5, 2, 9] clusters=20 ra=selective_edgecooper_global comm_bytes=191552 selected_grids={5: 39, 2: 39, 9: 39}Format = auto
Extension = pcd
Format = auto
Extension = pcd
Format = auto
Extension = pcd
Format = auto
Extension = pcd
Format = auto
Extension = pcd
Format = auto
Extension = pcd
Format = auto
Extension = pcd
Format = auto
Extension = pcd
Format = auto
Extension = pcd
Format = auto
Extension = pcd
Format = auto
Extension = pcd
Format = auto
Extension = pcd
Format = auto
Extension = pcd
Format = auto
Extension = pcd
Format = auto
Extension = pcd
Format = auto
Extension = pcd
Format = auto
Extension = pcd
Format = auto
Extension = pcd
Format = auto
Extension = pcd
Format = auto
Extension = pcd

fusion_method=early pred_boxes=36 gt_boxes=53
pred_scores_shape=(36,)
frame=8/41 receiver_sample=11/20 scenario=2026_07_15_01_26_56 timestamp=000074 cavs=[11, 1, 9, 2]
sgcp_constrained receiver=11 policy=all-cavs sources=[11, 1, 9, 2] clusters=20 ra=selective_edgecooper_global comm_bytes=196048 selected_grids={1: 39, 9: 39, 2: 39}
fusion_method=early pred_boxes=33 gt_boxes=52
pred_scores_shape=(33,)
frame=8/41 receiver_sample=12/20 scenario=2026_07_15_01_26_56 timestamp=000074 cavs=[12, 7, 4, 8]
sgcp_constrained receiver=12 policy=all-cavs sources=[12, 7, 4, 8] clusters=20 ra=selective_edgecooper_global comm_bytes=204608 selected_grids={7: 39, 4: 39, 8: 39}
fusion_method=early pred_boxes=26 gt_boxes=44
pred_scores_shape=(26,)
frame=8/41 receiver_sample=13/20 scenario=2026_07_15_01_26_56 timestamp=000074 cavs=[13, 10, 19, 9]
sgcp_constrained receiver=13 policy=all-cavs sources=[13, 10, 19, 9] clusters=20 ra=selective_edgecooper_global comm_bytes=158208 selected_grids={10: 39, 19: 39, 9: 39}
fusion_method=early pred_boxes=19 gt_boxes=38
pred_scores_shape=(19,)
frame=8/41 receiver_sample=14/20 scenario=2026_07_15_01_26_56 timestamp=000074 cavs=[14]
sgcp_constrained receiver=14 policy=all-cavs sources=[14] clusters=20 ra=selective_edgecooper_global comm_bytes=0 selected_grids={}
fusion_method=early pred_boxes=3 gt_boxes=4
pred_scores_shape=(3,)
frame=8/41 receiver_sample=15/20 scenario=2026_07_15_01_26_56 timestamp=000074 cavs=[15, 6]
sgcp_constrained receiver=15 policy=all-cavs sources=[15, 6] clusters=20 ra=selective_edgecooper_global comm_bytes=71856 selected_grids={6: 54}
fusion_method=early pred_boxes=15 gt_boxes=18
pred_scores_shape=(15,)
frame=8/41 receiver_sample=16/20 scenario=2026_07_15_01_26_56 timestamp=000074 cavs=[16, 3, 10, 20]
sgcp_constrained receiver=16 policy=all-cavs sources=[16, 3, 10, 20] clusters=20 ra=selective_edgecooper_global comm_bytes=205888 selected_grids={3: 39, 10: 39, 20: 39}
fusion_method=early pred_boxes=37 gt_boxes=42
pred_scores_shape=(37,)
frame=8/41 receiver_sample=17/20 scenario=2026_07_15_01_26_56 timestamp=000074 cavs=[17, 18, 16, 3]
sgcp_constrained receiver=17 policy=all-cavs sources=[17, 18, 16, 3] clusters=20 ra=selective_edgecooper_global comm_bytes=204384 selected_grids={18: 39, 16: 39, 3: 39}
fusion_method=early pred_boxes=27 gt_boxes=35
pred_scores_shape=(27,)
frame=8/41 receiver_sample=18/20 scenario=2026_07_15_01_26_56 timestamp=000074 cavs=[18, 17, 3]
sgcp_constrained receiver=18 policy=all-cavs sources=[18, 17, 3] clusters=20 ra=selective_edgecooper_global comm_bytes=156528 selected_grids={17: 59, 3: 58}
fusion_method=early pred_boxes=20 gt_boxes=24
pred_scores_shape=(20,)
frame=8/41 receiver_sample=19/20 scenario=2026_07_15_01_26_56 timestamp=000074 cavs=[19, 13, 20, 5]
sgcp_constrained receiver=19 policy=all-cavs sources=[19, 13, 20, 5] clusters=20 ra=selective_edgecooper_global comm_bytes=219904 selected_grids={13: 39, 20: 39, 5: 39}
fusion_method=early pred_boxes=22 gt_boxes=35
pred_scores_shape=(22,)
frame=8/41 receiver_sample=20/20 scenario=2026_07_15_01_26_56 timestamp=000074 cavs=[20, 7, 5, 16]
sgcp_constrained receiver=20 policy=all-cavs sources=[20, 7, 5, 16] clusters=20 ra=selective_edgecooper_global comm_bytes=124288 selected_grids={7: 39, 5: 39, 16: 39}
fusion_method=early pred_boxes=24 gt_boxes=36
pred_scores_shape=(24,)
frame=9/41 receiver_sample=1/20 scenario=2026_07_15_01_26_56 timestamp=000076 cavs=[1, 8, 11, 4]
sgcp_constrained receiver=1 policy=all-cavs sources=[1, 8, 11, 4] clusters=20 ra=selective_edgecooper_global comm_bytes=218832 selected_grids={8: 39, 11: 39, 4: 39}
fusion_method=early pred_boxes=29 gt_boxes=43
pred_scores_shape=(29,)
frame=9/41 receiver_sample=2/20 scenario=2026_07_15_01_26_56 timestamp=000076 cavs=[2, 1, 11, 8]
sgcp_constrained receiver=2 policy=all-cavs sources=[2, 1, 11, 8] clusters=20 ra=selective_edgecooper_global comm_bytes=196480 selected_grids={1: 39, 11: 39, 8: 39}
fusion_method=early pred_boxes=32 gt_boxes=48
pred_scores_shape=(32,)
frame=9/41 receiver_sample=3/20 scenario=2026_07_15_01_26_56 timestamp=000076 cavs=[3, 18, 16, 17]
sgcp_constrained receiver=3 policy=all-cavs sources=[3, 18, 16, 17] clusters=20 ra=selective_edgecooper_global comm_bytes=212544 selected_grids={18: 39, 16: 39, 17: 39}
fusion_method=early pred_boxes=27 gt_boxes=33
pred_scores_shape=(27,)
frame=9/41 receiver_sample=4/20 scenario=2026_07_15_01_26_56 timestamp=000076 cavs=[4, 12, 1, 7]
sgcp_constrained receiver=4 policy=all-cavs sources=[4, 12, 1, 7] clusters=20 ra=selective_edgecooper_global comm_bytes=195472 selected_grids={12: 39, 1: 39, 7: 39}
fusion_method=early pred_boxes=36 gt_boxes=42
pred_scores_shape=(36,)
frame=9/41 receiver_sample=5/20 scenario=2026_07_15_01_26_56 timestamp=000076 cavs=[5, 19, 20, 13]
sgcp_constrained receiver=5 policy=all-cavs sources=[5, 19, 20, 13] clusters=20 ra=selective_edgecooper_global comm_bytes=204656 selected_grids={19: 39, 20: 39, 13: 39}
fusion_method=early pred_boxes=23 gt_boxes=40
pred_scores_shape=(23,)
frame=9/41 receiver_sample=6/20 scenario=2026_07_15_01_26_56 timestamp=000076 cavs=[6, 15]
sgcp_constrained receiver=6 policy=all-cavs sources=[6, 15] clusters=20 ra=selective_edgecooper_global comm_bytes=75536 selected_grids={15: 45}
fusion_method=early pred_boxes=16 gt_boxes=18
pred_scores_shape=(16,)
frame=9/41 receiver_sample=7/20 scenario=2026_07_15_01_26_56 timestamp=000076 cavs=[7, 12, 4]
sgcp_constrained receiver=7 policy=all-cavs sources=[7, 12, 4] clusters=20 ra=selective_edgecooper_global comm_bytes=151296 selected_grids={12: 52, 4: 57}
fusion_method=early pred_boxes=21 gt_boxes=34
pred_scores_shape=(21,)
frame=9/41 receiver_sample=8/20 scenario=2026_07_15_01_26_56 timestamp=000076 cavs=[8, 11, 12, 2]
sgcp_constrained receiver=8 policy=all-cavs sources=[8, 11, 12, 2] clusters=20 ra=selective_edgecooper_global comm_bytes=226016 selected_grids={11: 39, 12: 39, 2: 39}
fusion_method=early pred_boxes=30 gt_boxes=43
pred_scores_shape=(30,)
frame=9/41 receiver_sample=9/20 scenario=2026_07_15_01_26_56 timestamp=000076 cavs=[9, 10, 19, 13]
sgcp_constrained receiver=9 policy=all-cavs sources=[9, 10, 19, 13] clusters=20 ra=selective_edgecooper_global comm_bytes=112272 selected_grids={10: 39, 19: 39, 13: 39}
fusion_method=early pred_boxes=20 gt_boxes=38
pred_scores_shape=(20,)
frame=9/41 receiver_sample=10/20 scenario=2026_07_15_01_26_56 timestamp=000076 cavs=[10, 5, 2, 9]
sgcp_constrained receiver=10 policy=all-cavs sources=[10, 5, 2, 9] clusters=20 ra=selective_edgecooper_global comm_bytes=191280 selected_grids={5: 39, 2: 39, 9: 39}
fusion_method=early pred_boxes=40 gt_boxes=52
pred_scores_shape=(40,)
frame=9/41 receiver_sample=11/20 scenario=2026_07_15_01_26_56 timestamp=000076 cavs=[11, 1, 9, 2]
sgcp_constrained receiver=11 policy=all-cavs sources=[11, 1, 9, 2] clusters=20 ra=selective_edgecooper_global comm_bytes=194896 selected_grids={1: 39, 9: 39, 2: 39}
fusion_method=early pred_boxes=34 gt_boxes=55
pred_scores_shape=(34,)
frame=9/41 receiver_sample=12/20 scenario=2026_07_15_01_26_56 timestamp=000076 cavs=[12, 7, 4, 8]
sgcp_constrained receiver=12 policy=all-cavs sources=[12, 7, 4, 8] clusters=20 ra=selective_edgecooper_global comm_bytes=203264 selected_grids={7: 39, 4: 39, 8: 39}
fusion_method=early pred_boxes=27 gt_boxes=44
pred_scores_shape=(27,)
frame=9/41 receiver_sample=13/20 scenario=2026_07_15_01_26_56 timestamp=000076 cavs=[13, 10, 19, 9]
sgcp_constrained receiver=13 policy=all-cavs sources=[13, 10, 19, 9] clusters=20 ra=selective_edgecooper_global comm_bytes=158096 selected_grids={10: 39, 19: 39, 9: 39}
fusion_method=early pred_boxes=23 gt_boxes=37
pred_scores_shape=(23,)
frame=9/41 receiver_sample=14/20 scenario=2026_07_15_01_26_56 timestamp=000076 cavs=[14]
sgcp_constrained receiver=14 policy=all-cavs sources=[14] clusters=20 ra=selective_edgecooper_global comm_bytes=0 selected_grids={}
fusion_method=early pred_boxes=3 gt_boxes=4
pred_scores_shape=(3,)
frame=9/41 receiver_sample=15/20 scenario=2026_07_15_01_26_56 timestamp=000076 cavs=[15, 6]
sgcp_constrained receiver=15 policy=all-cavs sources=[15, 6] clusters=20 ra=selective_edgecooper_global comm_bytes=70688 selected_grids={6: 55}Format = auto
Extension = pcd
Format = auto
Extension = pcd
Format = auto
Extension = pcd
Format = auto
Extension = pcd
Format = auto
Extension = pcd
Format = auto
Extension = pcd
Format = auto
Extension = pcd
Format = auto
Extension = pcd
Format = auto
Extension = pcd
Format = auto
Extension = pcd
Format = auto
Extension = pcd
Format = auto
Extension = pcd
Format = auto
Extension = pcd
Format = auto
Extension = pcd
Format = auto
Extension = pcd
Format = auto
Extension = pcd
Format = auto
Extension = pcd
Format = auto
Extension = pcd
Format = auto
Extension = pcd
Format = auto
Extension = pcd

fusion_method=early pred_boxes=15 gt_boxes=18
pred_scores_shape=(15,)
frame=9/41 receiver_sample=16/20 scenario=2026_07_15_01_26_56 timestamp=000076 cavs=[16, 17, 10, 20]
sgcp_constrained receiver=16 policy=all-cavs sources=[16, 17, 10, 20] clusters=20 ra=selective_edgecooper_global comm_bytes=203440 selected_grids={17: 39, 10: 39, 20: 39}
fusion_method=early pred_boxes=33 gt_boxes=40
pred_scores_shape=(33,)
frame=9/41 receiver_sample=17/20 scenario=2026_07_15_01_26_56 timestamp=000076 cavs=[17, 16, 18, 3]
sgcp_constrained receiver=17 policy=all-cavs sources=[17, 16, 18, 3] clusters=20 ra=selective_edgecooper_global comm_bytes=203056 selected_grids={16: 39, 18: 39, 3: 39}
fusion_method=early pred_boxes=26 gt_boxes=34
pred_scores_shape=(26,)
frame=9/41 receiver_sample=18/20 scenario=2026_07_15_01_26_56 timestamp=000076 cavs=[18, 3, 17]
sgcp_constrained receiver=18 policy=all-cavs sources=[18, 3, 17] clusters=20 ra=selective_edgecooper_global comm_bytes=156704 selected_grids={3: 59, 17: 58}
fusion_method=early pred_boxes=23 gt_boxes=25
pred_scores_shape=(23,)
frame=9/41 receiver_sample=19/20 scenario=2026_07_15_01_26_56 timestamp=000076 cavs=[19, 13, 20, 5]
sgcp_constrained receiver=19 policy=all-cavs sources=[19, 13, 20, 5] clusters=20 ra=selective_edgecooper_global comm_bytes=219536 selected_grids={13: 39, 20: 39, 5: 39}
fusion_method=early pred_boxes=21 gt_boxes=35
pred_scores_shape=(21,)
frame=9/41 receiver_sample=20/20 scenario=2026_07_15_01_26_56 timestamp=000076 cavs=[20, 7, 5, 16]
sgcp_constrained receiver=20 policy=all-cavs sources=[20, 7, 5, 16] clusters=20 ra=selective_edgecooper_global comm_bytes=126560 selected_grids={7: 39, 5: 39, 16: 39}
fusion_method=early pred_boxes=24 gt_boxes=35
pred_scores_shape=(24,)
frame=10/41 receiver_sample=1/20 scenario=2026_07_15_01_26_56 timestamp=000078 cavs=[1, 8, 11, 4]
sgcp_constrained receiver=1 policy=all-cavs sources=[1, 8, 11, 4] clusters=20 ra=selective_edgecooper_global comm_bytes=219120 selected_grids={8: 39, 11: 39, 4: 39}
fusion_method=early pred_boxes=34 gt_boxes=45
pred_scores_shape=(34,)
frame=10/41 receiver_sample=2/20 scenario=2026_07_15_01_26_56 timestamp=000078 cavs=[2, 1, 11, 8]
sgcp_constrained receiver=2 policy=all-cavs sources=[2, 1, 11, 8] clusters=20 ra=selective_edgecooper_global comm_bytes=195968 selected_grids={1: 39, 11: 39, 8: 39}
fusion_method=early pred_boxes=26 gt_boxes=46
pred_scores_shape=(26,)
frame=10/41 receiver_sample=3/20 scenario=2026_07_15_01_26_56 timestamp=000078 cavs=[3, 18, 16, 17]
sgcp_constrained receiver=3 policy=all-cavs sources=[3, 18, 16, 17] clusters=20 ra=selective_edgecooper_global comm_bytes=212544 selected_grids={18: 39, 16: 39, 17: 39}
fusion_method=early pred_boxes=27 gt_boxes=34
pred_scores_shape=(27,)
frame=10/41 receiver_sample=4/20 scenario=2026_07_15_01_26_56 timestamp=000078 cavs=[4, 12, 1, 7]
sgcp_constrained receiver=4 policy=all-cavs sources=[4, 12, 1, 7] clusters=20 ra=selective_edgecooper_global comm_bytes=196912 selected_grids={12: 39, 1: 39, 7: 39}
fusion_method=early pred_boxes=33 gt_boxes=40
pred_scores_shape=(33,)
frame=10/41 receiver_sample=5/20 scenario=2026_07_15_01_26_56 timestamp=000078 cavs=[5, 19, 20, 13]
sgcp_constrained receiver=5 policy=all-cavs sources=[5, 19, 20, 13] clusters=20 ra=selective_edgecooper_global comm_bytes=204784 selected_grids={19: 39, 20: 39, 13: 39}
fusion_method=early pred_boxes=23 gt_boxes=40
pred_scores_shape=(23,)
frame=10/41 receiver_sample=6/20 scenario=2026_07_15_01_26_56 timestamp=000078 cavs=[6, 15]
sgcp_constrained receiver=6 policy=all-cavs sources=[6, 15] clusters=20 ra=selective_edgecooper_global comm_bytes=75168 selected_grids={15: 44}
fusion_method=early pred_boxes=16 gt_boxes=19
pred_scores_shape=(16,)
frame=10/41 receiver_sample=7/20 scenario=2026_07_15_01_26_56 timestamp=000078 cavs=[7, 12, 4]
sgcp_constrained receiver=7 policy=all-cavs sources=[7, 12, 4] clusters=20 ra=selective_edgecooper_global comm_bytes=151360 selected_grids={12: 53, 4: 54}
fusion_method=early pred_boxes=18 gt_boxes=31
pred_scores_shape=(18,)
frame=10/41 receiver_sample=8/20 scenario=2026_07_15_01_26_56 timestamp=000078 cavs=[8, 11, 12, 2]
sgcp_constrained receiver=8 policy=all-cavs sources=[8, 11, 12, 2] clusters=20 ra=selective_edgecooper_global comm_bytes=226896 selected_grids={11: 39, 12: 39, 2: 39}
fusion_method=early pred_boxes=31 gt_boxes=43
pred_scores_shape=(31,)
frame=10/41 receiver_sample=9/20 scenario=2026_07_15_01_26_56 timestamp=000078 cavs=[9, 10, 19, 13]
sgcp_constrained receiver=9 policy=all-cavs sources=[9, 10, 19, 13] clusters=20 ra=selective_edgecooper_global comm_bytes=112096 selected_grids={10: 39, 19: 39, 13: 39}
fusion_method=early pred_boxes=22 gt_boxes=38
pred_scores_shape=(22,)
frame=10/41 receiver_sample=10/20 scenario=2026_07_15_01_26_56 timestamp=000078 cavs=[10, 5, 2, 9]
sgcp_constrained receiver=10 policy=all-cavs sources=[10, 5, 2, 9] clusters=20 ra=selective_edgecooper_global comm_bytes=191120 selected_grids={5: 39, 2: 39, 9: 39}
fusion_method=early pred_boxes=38 gt_boxes=53
pred_scores_shape=(38,)
frame=10/41 receiver_sample=11/20 scenario=2026_07_15_01_26_56 timestamp=000078 cavs=[11, 1, 9, 2]
sgcp_constrained receiver=11 policy=all-cavs sources=[11, 1, 9, 2] clusters=20 ra=selective_edgecooper_global comm_bytes=193648 selected_grids={1: 39, 9: 39, 2: 39}
fusion_method=early pred_boxes=36 gt_boxes=55
pred_scores_shape=(36,)
frame=10/41 receiver_sample=12/20 scenario=2026_07_15_01_26_56 timestamp=000078 cavs=[12, 7, 4, 8]
sgcp_constrained receiver=12 policy=all-cavs sources=[12, 7, 4, 8] clusters=20 ra=selective_edgecooper_global comm_bytes=203536 selected_grids={7: 39, 4: 39, 8: 39}
fusion_method=early pred_boxes=28 gt_boxes=44
pred_scores_shape=(28,)
frame=10/41 receiver_sample=13/20 scenario=2026_07_15_01_26_56 timestamp=000078 cavs=[13, 10, 19, 9]
sgcp_constrained receiver=13 policy=all-cavs sources=[13, 10, 19, 9] clusters=20 ra=selective_edgecooper_global comm_bytes=157792 selected_grids={10: 39, 19: 39, 9: 39}
fusion_method=early pred_boxes=20 gt_boxes=37
pred_scores_shape=(20,)
frame=10/41 receiver_sample=14/20 scenario=2026_07_15_01_26_56 timestamp=000078 cavs=[14]
sgcp_constrained receiver=14 policy=all-cavs sources=[14] clusters=20 ra=selective_edgecooper_global comm_bytes=0 selected_grids={}
fusion_method=early pred_boxes=4 gt_boxes=3
pred_scores_shape=(4,)
frame=10/41 receiver_sample=15/20 scenario=2026_07_15_01_26_56 timestamp=000078 cavs=[15, 6]
sgcp_constrained receiver=15 policy=all-cavs sources=[15, 6] clusters=20 ra=selective_edgecooper_global comm_bytes=70688 selected_grids={6: 53}
fusion_method=early pred_boxes=15 gt_boxes=19
pred_scores_shape=(15,)
frame=10/41 receiver_sample=16/20 scenario=2026_07_15_01_26_56 timestamp=000078 cavs=[16, 17, 10, 20]
sgcp_constrained receiver=16 policy=all-cavs sources=[16, 17, 10, 20] clusters=20 ra=selective_edgecooper_global comm_bytes=203088 selected_grids={17: 39, 10: 39, 20: 39}
fusion_method=early pred_boxes=38 gt_boxes=40
pred_scores_shape=(38,)
frame=10/41 receiver_sample=17/20 scenario=2026_07_15_01_26_56 timestamp=000078 cavs=[17, 16, 18, 3]
sgcp_constrained receiver=17 policy=all-cavs sources=[17, 16, 18, 3] clusters=20 ra=selective_edgecooper_global comm_bytes=203760 selected_grids={16: 39, 18: 39, 3: 39}
fusion_method=early pred_boxes=25 gt_boxes=35
pred_scores_shape=(25,)
frame=10/41 receiver_sample=18/20 scenario=2026_07_15_01_26_56 timestamp=000078 cavs=[18, 3, 17]
sgcp_constrained receiver=18 policy=all-cavs sources=[18, 3, 17] clusters=20 ra=selective_edgecooper_global comm_bytes=156672 selected_grids={3: 59, 17: 58}
fusion_method=early pred_boxes=19 gt_boxes=25
pred_scores_shape=(19,)
frame=10/41 receiver_sample=19/20 scenario=2026_07_15_01_26_56 timestamp=000078 cavs=[19, 13, 20, 5]
sgcp_constrained receiver=19 policy=all-cavs sources=[19, 13, 20, 5] clusters=20 ra=selective_edgecooper_global comm_bytes=219952 selected_grids={13: 39, 20: 39, 5: 39}
fusion_method=early pred_boxes=23 gt_boxes=34
pred_scores_shape=(23,)
frame=10/41 receiver_sample=20/20 scenario=2026_07_15_01_26_56 timestamp=000078 cavs=[20, 7, 5, 16]Format = auto
Extension = pcd
Format = auto
Extension = pcd
Format = auto
Extension = pcd
Format = auto
Extension = pcd
Format = auto
Extension = pcd
Format = auto
Extension = pcd
Format = auto
Extension = pcd
Format = auto
Extension = pcd
Format = auto
Extension = pcd
Format = auto
Extension = pcd
Format = auto
Extension = pcd
Format = auto
Extension = pcd
Format = auto
Extension = pcd
Format = auto
Extension = pcd
Format = auto
Extension = pcd
Format = auto
Extension = pcd
Format = auto
Extension = pcd
Format = auto
Extension = pcd
Format = auto
Extension = pcd
Format = auto
Extension = pcd
Format = auto
Extension = pcd
Format = auto
Extension = pcd
Format = auto
Extension = pcd
Format = auto
Extension = pcd
Format = auto
Extension = pcd
Format = auto
Extension = pcd
Format = auto
Extension = pcd
Format = auto
Extension = pcd
Format = auto
Extension = pcd
Format = auto
Extension = pcd
Format = auto
Extension = pcd
Format = auto
Extension = pcd
Format = auto
Extension = pcd
Format = auto
Extension = pcd
Format = auto
Extension = pcd
Format = auto
Extension = pcd
Format = auto
Extension = pcd
Format = auto
Extension = pcd
Format = auto
Extension = pcd
Format = auto
Extension = pcd

sgcp_constrained receiver=20 policy=all-cavs sources=[20, 7, 5, 16] clusters=20 ra=selective_edgecooper_global comm_bytes=129536 selected_grids={7: 39, 5: 39, 16: 39}
fusion_method=early pred_boxes=24 gt_boxes=35
pred_scores_shape=(24,)
frame=11/41 receiver_sample=1/20 scenario=2026_07_15_01_26_56 timestamp=000080 cavs=[1, 8, 11, 4]
sgcp_constrained receiver=1 policy=all-cavs sources=[1, 8, 11, 4] clusters=20 ra=selective_edgecooper_global comm_bytes=218928 selected_grids={8: 39, 11: 39, 4: 39}
fusion_method=early pred_boxes=35 gt_boxes=46
pred_scores_shape=(35,)
frame=11/41 receiver_sample=2/20 scenario=2026_07_15_01_26_56 timestamp=000080 cavs=[2, 1, 11, 8]
sgcp_constrained receiver=2 policy=all-cavs sources=[2, 1, 11, 8] clusters=20 ra=selective_edgecooper_global comm_bytes=195840 selected_grids={1: 39, 11: 39, 8: 39}
fusion_method=early pred_boxes=27 gt_boxes=47
pred_scores_shape=(27,)
frame=11/41 receiver_sample=3/20 scenario=2026_07_15_01_26_56 timestamp=000080 cavs=[3, 18, 16, 17]
sgcp_constrained receiver=3 policy=all-cavs sources=[3, 18, 16, 17] clusters=20 ra=selective_edgecooper_global comm_bytes=212672 selected_grids={18: 39, 16: 39, 17: 39}
fusion_method=early pred_boxes=29 gt_boxes=34
pred_scores_shape=(29,)
frame=11/41 receiver_sample=4/20 scenario=2026_07_15_01_26_56 timestamp=000080 cavs=[4, 12, 1, 7]
sgcp_constrained receiver=4 policy=all-cavs sources=[4, 12, 1, 7] clusters=20 ra=selective_edgecooper_global comm_bytes=198192 selected_grids={12: 39, 1: 39, 7: 39}
fusion_method=early pred_boxes=29 gt_boxes=43
pred_scores_shape=(29,)
frame=11/41 receiver_sample=5/20 scenario=2026_07_15_01_26_56 timestamp=000080 cavs=[5, 19, 20, 13]
sgcp_constrained receiver=5 policy=all-cavs sources=[5, 19, 20, 13] clusters=20 ra=selective_edgecooper_global comm_bytes=204528 selected_grids={19: 39, 20: 39, 13: 39}
fusion_method=early pred_boxes=22 gt_boxes=39
pred_scores_shape=(22,)
frame=11/41 receiver_sample=6/20 scenario=2026_07_15_01_26_56 timestamp=000080 cavs=[6, 15]
sgcp_constrained receiver=6 policy=all-cavs sources=[6, 15] clusters=20 ra=selective_edgecooper_global comm_bytes=75152 selected_grids={15: 48}
fusion_method=early pred_boxes=15 gt_boxes=18
pred_scores_shape=(15,)
frame=11/41 receiver_sample=7/20 scenario=2026_07_15_01_26_56 timestamp=000080 cavs=[7, 12, 4]
sgcp_constrained receiver=7 policy=all-cavs sources=[7, 12, 4] clusters=20 ra=selective_edgecooper_global comm_bytes=151504 selected_grids={12: 56, 4: 55}
fusion_method=early pred_boxes=22 gt_boxes=32
pred_scores_shape=(22,)
frame=11/41 receiver_sample=8/20 scenario=2026_07_15_01_26_56 timestamp=000080 cavs=[8, 11, 12, 2]
sgcp_constrained receiver=8 policy=all-cavs sources=[8, 11, 12, 2] clusters=20 ra=selective_edgecooper_global comm_bytes=226496 selected_grids={11: 39, 12: 39, 2: 39}
fusion_method=early pred_boxes=32 gt_boxes=43
pred_scores_shape=(32,)
frame=11/41 receiver_sample=9/20 scenario=2026_07_15_01_26_56 timestamp=000080 cavs=[9, 10, 19, 13]
sgcp_constrained receiver=9 policy=all-cavs sources=[9, 10, 19, 13] clusters=20 ra=selective_edgecooper_global comm_bytes=112096 selected_grids={10: 39, 19: 39, 13: 39}
fusion_method=early pred_boxes=23 gt_boxes=38
pred_scores_shape=(23,)
frame=11/41 receiver_sample=10/20 scenario=2026_07_15_01_26_56 timestamp=000080 cavs=[10, 5, 2, 9]
sgcp_constrained receiver=10 policy=all-cavs sources=[10, 5, 2, 9] clusters=20 ra=selective_edgecooper_global comm_bytes=191680 selected_grids={5: 39, 2: 39, 9: 39}
fusion_method=early pred_boxes=37 gt_boxes=53
pred_scores_shape=(37,)
frame=11/41 receiver_sample=11/20 scenario=2026_07_15_01_26_56 timestamp=000080 cavs=[11, 1, 9, 2]
sgcp_constrained receiver=11 policy=all-cavs sources=[11, 1, 9, 2] clusters=20 ra=selective_edgecooper_global comm_bytes=192896 selected_grids={1: 39, 9: 39, 2: 39}
fusion_method=early pred_boxes=33 gt_boxes=57
pred_scores_shape=(33,)
frame=11/41 receiver_sample=12/20 scenario=2026_07_15_01_26_56 timestamp=000080 cavs=[12, 7, 4, 8]
sgcp_constrained receiver=12 policy=all-cavs sources=[12, 7, 4, 8] clusters=20 ra=selective_edgecooper_global comm_bytes=203552 selected_grids={7: 39, 4: 39, 8: 39}
fusion_method=early pred_boxes=29 gt_boxes=43
pred_scores_shape=(29,)
frame=11/41 receiver_sample=13/20 scenario=2026_07_15_01_26_56 timestamp=000080 cavs=[13, 10, 19, 9]
sgcp_constrained receiver=13 policy=all-cavs sources=[13, 10, 19, 9] clusters=20 ra=selective_edgecooper_global comm_bytes=157760 selected_grids={10: 39, 19: 39, 9: 39}
fusion_method=early pred_boxes=20 gt_boxes=38
pred_scores_shape=(20,)
frame=11/41 receiver_sample=14/20 scenario=2026_07_15_01_26_56 timestamp=000080 cavs=[14]
sgcp_constrained receiver=14 policy=all-cavs sources=[14] clusters=20 ra=selective_edgecooper_global comm_bytes=0 selected_grids={}
fusion_method=early pred_boxes=4 gt_boxes=3
pred_scores_shape=(4,)
frame=11/41 receiver_sample=15/20 scenario=2026_07_15_01_26_56 timestamp=000080 cavs=[15, 6]
sgcp_constrained receiver=15 policy=all-cavs sources=[15, 6] clusters=20 ra=selective_edgecooper_global comm_bytes=70736 selected_grids={6: 55}
fusion_method=early pred_boxes=14 gt_boxes=18
pred_scores_shape=(14,)
frame=11/41 receiver_sample=16/20 scenario=2026_07_15_01_26_56 timestamp=000080 cavs=[16, 17, 10, 20]
sgcp_constrained receiver=16 policy=all-cavs sources=[16, 17, 10, 20] clusters=20 ra=selective_edgecooper_global comm_bytes=202816 selected_grids={17: 39, 10: 39, 20: 39}
fusion_method=early pred_boxes=37 gt_boxes=41
pred_scores_shape=(37,)
frame=11/41 receiver_sample=17/20 scenario=2026_07_15_01_26_56 timestamp=000080 cavs=[17, 16, 3]
sgcp_constrained receiver=17 policy=all-cavs sources=[17, 16, 3] clusters=20 ra=selective_edgecooper_global comm_bytes=127344 selected_grids={16: 53, 3: 59}
fusion_method=early pred_boxes=26 gt_boxes=30
pred_scores_shape=(26,)
frame=11/41 receiver_sample=18/20 scenario=2026_07_15_01_26_56 timestamp=000080 cavs=[18, 3]
sgcp_constrained receiver=18 policy=all-cavs sources=[18, 3] clusters=20 ra=selective_edgecooper_global comm_bytes=78016 selected_grids={3: 62}
fusion_method=early pred_boxes=20 gt_boxes=18
pred_scores_shape=(20,)
frame=11/41 receiver_sample=19/20 scenario=2026_07_15_01_26_56 timestamp=000080 cavs=[19, 13, 20, 5]
sgcp_constrained receiver=19 policy=all-cavs sources=[19, 13, 20, 5] clusters=20 ra=selective_edgecooper_global comm_bytes=219872 selected_grids={13: 39, 20: 39, 5: 39}
fusion_method=early pred_boxes=22 gt_boxes=35
pred_scores_shape=(22,)
frame=11/41 receiver_sample=20/20 scenario=2026_07_15_01_26_56 timestamp=000080 cavs=[20, 7, 5, 16]
sgcp_constrained receiver=20 policy=all-cavs sources=[20, 7, 5, 16] clusters=20 ra=selective_edgecooper_global comm_bytes=132128 selected_grids={7: 39, 5: 39, 16: 39}
fusion_method=early pred_boxes=27 gt_boxes=34
pred_scores_shape=(27,)
frame=12/41 receiver_sample=1/20 scenario=2026_07_15_01_26_56 timestamp=000082 cavs=[1, 8, 11, 4]
sgcp_constrained receiver=1 policy=all-cavs sources=[1, 8, 11, 4] clusters=20 ra=selective_edgecooper_global comm_bytes=218736 selected_grids={8: 39, 11: 39, 4: 39}
fusion_method=early pred_boxes=33 gt_boxes=46
pred_scores_shape=(33,)
frame=12/41 receiver_sample=2/20 scenario=2026_07_15_01_26_56 timestamp=000082 cavs=[2, 1, 11, 8]
sgcp_constrained receiver=2 policy=all-cavs sources=[2, 1, 11, 8] clusters=20 ra=selective_edgecooper_global comm_bytes=195712 selected_grids={1: 39, 11: 39, 8: 39}
fusion_method=early pred_boxes=27 gt_boxes=47
pred_scores_shape=(27,)
frame=12/41 receiver_sample=3/20 scenario=2026_07_15_01_26_56 timestamp=000082 cavs=[3, 18, 16, 17]
sgcp_constrained receiver=3 policy=all-cavs sources=[3, 18, 16, 17] clusters=20 ra=selective_edgecooper_global comm_bytes=212064 selected_grids={18: 39, 16: 39, 17: 39}
fusion_method=early pred_boxes=28 gt_boxes=33
pred_scores_shape=(28,)
frame=12/41 receiver_sample=4/20 scenario=2026_07_15_01_26_56 timestamp=000082 cavs=[4, 12, 1, 7]
sgcp_constrained receiver=4 policy=all-cavs sources=[4, 12, 1, 7] clusters=20 ra=selective_edgecooper_global comm_bytes=200752 selected_grids={12: 39, 1: 39, 7: 39}
fusion_method=early pred_boxes=30 gt_boxes=42Format = auto
Extension = pcd
Format = auto
Extension = pcd
Format = auto
Extension = pcd
Format = auto
Extension = pcd
Format = auto
Extension = pcd
Format = auto
Extension = pcd
Format = auto
Extension = pcd
Format = auto
Extension = pcd
Format = auto
Extension = pcd
Format = auto
Extension = pcd
Format = auto
Extension = pcd
Format = auto
Extension = pcd
Format = auto
Extension = pcd
Format = auto
Extension = pcd
Format = auto
Extension = pcd
Format = auto
Extension = pcd
Format = auto
Extension = pcd
Format = auto
Extension = pcd
Format = auto
Extension = pcd
Format = auto
Extension = pcd

pred_scores_shape=(30,)
frame=12/41 receiver_sample=5/20 scenario=2026_07_15_01_26_56 timestamp=000082 cavs=[5, 19, 20, 13]
sgcp_constrained receiver=5 policy=all-cavs sources=[5, 19, 20, 13] clusters=20 ra=selective_edgecooper_global comm_bytes=204544 selected_grids={19: 39, 20: 39, 13: 39}
fusion_method=early pred_boxes=23 gt_boxes=38
pred_scores_shape=(23,)
frame=12/41 receiver_sample=6/20 scenario=2026_07_15_01_26_56 timestamp=000082 cavs=[6, 15]
sgcp_constrained receiver=6 policy=all-cavs sources=[6, 15] clusters=20 ra=selective_edgecooper_global comm_bytes=75264 selected_grids={15: 49}
fusion_method=early pred_boxes=16 gt_boxes=18
pred_scores_shape=(16,)
frame=12/41 receiver_sample=7/20 scenario=2026_07_15_01_26_56 timestamp=000082 cavs=[7, 12, 4]
sgcp_constrained receiver=7 policy=all-cavs sources=[7, 12, 4] clusters=20 ra=selective_edgecooper_global comm_bytes=151632 selected_grids={12: 56, 4: 54}
fusion_method=early pred_boxes=18 gt_boxes=33
pred_scores_shape=(18,)
frame=12/41 receiver_sample=8/20 scenario=2026_07_15_01_26_56 timestamp=000082 cavs=[8, 11, 12, 2]
sgcp_constrained receiver=8 policy=all-cavs sources=[8, 11, 12, 2] clusters=20 ra=selective_edgecooper_global comm_bytes=226736 selected_grids={11: 39, 12: 39, 2: 39}
fusion_method=early pred_boxes=31 gt_boxes=43
pred_scores_shape=(31,)
frame=12/41 receiver_sample=9/20 scenario=2026_07_15_01_26_56 timestamp=000082 cavs=[9, 10, 19, 13]
sgcp_constrained receiver=9 policy=all-cavs sources=[9, 10, 19, 13] clusters=20 ra=selective_edgecooper_global comm_bytes=112432 selected_grids={10: 39, 19: 39, 13: 39}
fusion_method=early pred_boxes=20 gt_boxes=38
pred_scores_shape=(20,)
frame=12/41 receiver_sample=10/20 scenario=2026_07_15_01_26_56 timestamp=000082 cavs=[10, 5, 2, 9]
sgcp_constrained receiver=10 policy=all-cavs sources=[10, 5, 2, 9] clusters=20 ra=selective_edgecooper_global comm_bytes=192000 selected_grids={5: 39, 2: 39, 9: 39}
fusion_method=early pred_boxes=38 gt_boxes=52
pred_scores_shape=(38,)
frame=12/41 receiver_sample=11/20 scenario=2026_07_15_01_26_56 timestamp=000082 cavs=[11, 1, 9, 2]
sgcp_constrained receiver=11 policy=all-cavs sources=[11, 1, 9, 2] clusters=20 ra=selective_edgecooper_global comm_bytes=192288 selected_grids={1: 39, 9: 39, 2: 39}
fusion_method=early pred_boxes=32 gt_boxes=56
pred_scores_shape=(32,)
frame=12/41 receiver_sample=12/20 scenario=2026_07_15_01_26_56 timestamp=000082 cavs=[12, 7, 4, 8]
sgcp_constrained receiver=12 policy=all-cavs sources=[12, 7, 4, 8] clusters=20 ra=selective_edgecooper_global comm_bytes=203392 selected_grids={7: 39, 4: 39, 8: 39}
fusion_method=early pred_boxes=31 gt_boxes=43
pred_scores_shape=(31,)
frame=12/41 receiver_sample=13/20 scenario=2026_07_15_01_26_56 timestamp=000082 cavs=[13, 10, 19, 9]
sgcp_constrained receiver=13 policy=all-cavs sources=[13, 10, 19, 9] clusters=20 ra=selective_edgecooper_global comm_bytes=157536 selected_grids={10: 39, 19: 39, 9: 39}
fusion_method=early pred_boxes=20 gt_boxes=38
pred_scores_shape=(20,)
frame=12/41 receiver_sample=14/20 scenario=2026_07_15_01_26_56 timestamp=000082 cavs=[14]
sgcp_constrained receiver=14 policy=all-cavs sources=[14] clusters=20 ra=selective_edgecooper_global comm_bytes=0 selected_grids={}
fusion_method=early pred_boxes=4 gt_boxes=3
pred_scores_shape=(4,)
frame=12/41 receiver_sample=15/20 scenario=2026_07_15_01_26_56 timestamp=000082 cavs=[15, 6]
sgcp_constrained receiver=15 policy=all-cavs sources=[15, 6] clusters=20 ra=selective_edgecooper_global comm_bytes=70992 selected_grids={6: 55}
fusion_method=early pred_boxes=14 gt_boxes=18
pred_scores_shape=(14,)
frame=12/41 receiver_sample=16/20 scenario=2026_07_15_01_26_56 timestamp=000082 cavs=[16, 17, 10, 20]
sgcp_constrained receiver=16 policy=all-cavs sources=[16, 17, 10, 20] clusters=20 ra=selective_edgecooper_global comm_bytes=202368 selected_grids={17: 39, 10: 39, 20: 39}
fusion_method=early pred_boxes=38 gt_boxes=41
pred_scores_shape=(38,)
frame=12/41 receiver_sample=17/20 scenario=2026_07_15_01_26_56 timestamp=000082 cavs=[17, 16, 3]
sgcp_constrained receiver=17 policy=all-cavs sources=[17, 16, 3] clusters=20 ra=selective_edgecooper_global comm_bytes=140944 selected_grids={16: 55, 3: 57}
fusion_method=early pred_boxes=25 gt_boxes=29
pred_scores_shape=(25,)
frame=12/41 receiver_sample=18/20 scenario=2026_07_15_01_26_56 timestamp=000082 cavs=[18, 3]
sgcp_constrained receiver=18 policy=all-cavs sources=[18, 3] clusters=20 ra=selective_edgecooper_global comm_bytes=78240 selected_grids={3: 59}
fusion_method=early pred_boxes=20 gt_boxes=18
pred_scores_shape=(20,)
frame=12/41 receiver_sample=19/20 scenario=2026_07_15_01_26_56 timestamp=000082 cavs=[19, 13, 20, 5]
sgcp_constrained receiver=19 policy=all-cavs sources=[19, 13, 20, 5] clusters=20 ra=selective_edgecooper_global comm_bytes=220912 selected_grids={13: 39, 20: 39, 5: 39}
fusion_method=early pred_boxes=21 gt_boxes=34
pred_scores_shape=(21,)
frame=12/41 receiver_sample=20/20 scenario=2026_07_15_01_26_56 timestamp=000082 cavs=[20, 7, 5, 16]
sgcp_constrained receiver=20 policy=all-cavs sources=[20, 7, 5, 16] clusters=20 ra=selective_edgecooper_global comm_bytes=134080 selected_grids={7: 39, 5: 39, 16: 39}
fusion_method=early pred_boxes=24 gt_boxes=35
pred_scores_shape=(24,)
frame=13/41 receiver_sample=1/20 scenario=2026_07_15_01_26_56 timestamp=000084 cavs=[1, 8, 11, 4]
sgcp_constrained receiver=1 policy=all-cavs sources=[1, 8, 11, 4] clusters=20 ra=selective_edgecooper_global comm_bytes=219008 selected_grids={8: 39, 11: 39, 4: 39}
fusion_method=early pred_boxes=32 gt_boxes=46
pred_scores_shape=(32,)
frame=13/41 receiver_sample=2/20 scenario=2026_07_15_01_26_56 timestamp=000084 cavs=[2, 1, 11, 8]
sgcp_constrained receiver=2 policy=all-cavs sources=[2, 1, 11, 8] clusters=20 ra=selective_edgecooper_global comm_bytes=195616 selected_grids={1: 39, 11: 39, 8: 39}
fusion_method=early pred_boxes=25 gt_boxes=46
pred_scores_shape=(25,)
frame=13/41 receiver_sample=3/20 scenario=2026_07_15_01_26_56 timestamp=000084 cavs=[3, 18, 16, 17]
sgcp_constrained receiver=3 policy=all-cavs sources=[3, 18, 16, 17] clusters=20 ra=selective_edgecooper_global comm_bytes=212960 selected_grids={18: 39, 16: 39, 17: 39}
fusion_method=early pred_boxes=29 gt_boxes=33
pred_scores_shape=(29,)
frame=13/41 receiver_sample=4/20 scenario=2026_07_15_01_26_56 timestamp=000084 cavs=[4, 12, 1, 7]
sgcp_constrained receiver=4 policy=all-cavs sources=[4, 12, 1, 7] clusters=20 ra=selective_edgecooper_global comm_bytes=202400 selected_grids={12: 39, 1: 39, 7: 39}
fusion_method=early pred_boxes=30 gt_boxes=40
pred_scores_shape=(30,)
frame=13/41 receiver_sample=5/20 scenario=2026_07_15_01_26_56 timestamp=000084 cavs=[5, 19, 20, 13]
sgcp_constrained receiver=5 policy=all-cavs sources=[5, 19, 20, 13] clusters=20 ra=selective_edgecooper_global comm_bytes=200240 selected_grids={19: 39, 20: 39, 13: 39}
fusion_method=early pred_boxes=23 gt_boxes=38
pred_scores_shape=(23,)
frame=13/41 receiver_sample=6/20 scenario=2026_07_15_01_26_56 timestamp=000084 cavs=[6, 15]
sgcp_constrained receiver=6 policy=all-cavs sources=[6, 15] clusters=20 ra=selective_edgecooper_global comm_bytes=75408 selected_grids={15: 47}
fusion_method=early pred_boxes=16 gt_boxes=18
pred_scores_shape=(16,)
frame=13/41 receiver_sample=7/20 scenario=2026_07_15_01_26_56 timestamp=000084 cavs=[7, 12, 5, 4]
sgcp_constrained receiver=7 policy=all-cavs sources=[7, 12, 5, 4] clusters=20 ra=selective_edgecooper_global comm_bytes=227936 selected_grids={12: 39, 5: 39, 4: 39}
fusion_method=early pred_boxes=22 gt_boxes=36
pred_scores_shape=(22,)
frame=13/41 receiver_sample=8/20 scenario=2026_07_15_01_26_56 timestamp=000084 cavs=[8, 11, 12, 2]
sgcp_constrained receiver=8 policy=all-cavs sources=[8, 11, 12, 2] clusters=20 ra=selective_edgecooper_global comm_bytes=226800 selected_grids={11: 39, 12: 39, 2: 39}
fusion_method=early pred_boxes=28 gt_boxes=42
pred_scores_shape=(28,)
frame=13/41 receiver_sample=9/20 scenario=2026_07_15_01_26_56 timestamp=000084 cavs=[9, 10, 19, 13]
sgcp_constrained receiver=9 policy=all-cavs sources=[9, 10, 19, 13] clusters=20 ra=selective_edgecooper_global comm_bytes=113984 selected_grids={10: 39, 19: 39, 13: 39}Format = auto
Extension = pcd
Format = auto
Extension = pcd
Format = auto
Extension = pcd
Format = auto
Extension = pcd
Format = auto
Extension = pcd
Format = auto
Extension = pcd
Format = auto
Extension = pcd
Format = auto
Extension = pcd
Format = auto
Extension = pcd
Format = auto
Extension = pcd
Format = auto
Extension = pcd
Format = auto
Extension = pcd
Format = auto
Extension = pcd
Format = auto
Extension = pcd
Format = auto
Extension = pcd
Format = auto
Extension = pcd
Format = auto
Extension = pcd
Format = auto
Extension = pcd
Format = auto
Extension = pcd
Format = auto
Extension = pcd

fusion_method=early pred_boxes=22 gt_boxes=38
pred_scores_shape=(22,)
frame=13/41 receiver_sample=10/20 scenario=2026_07_15_01_26_56 timestamp=000084 cavs=[10, 5, 2, 9]
sgcp_constrained receiver=10 policy=all-cavs sources=[10, 5, 2, 9] clusters=20 ra=selective_edgecooper_global comm_bytes=192080 selected_grids={5: 39, 2: 39, 9: 39}
fusion_method=early pred_boxes=36 gt_boxes=53
pred_scores_shape=(36,)
frame=13/41 receiver_sample=11/20 scenario=2026_07_15_01_26_56 timestamp=000084 cavs=[11, 1, 9, 2]
sgcp_constrained receiver=11 policy=all-cavs sources=[11, 1, 9, 2] clusters=20 ra=selective_edgecooper_global comm_bytes=191632 selected_grids={1: 39, 9: 39, 2: 39}
fusion_method=early pred_boxes=32 gt_boxes=56
pred_scores_shape=(32,)
frame=13/41 receiver_sample=12/20 scenario=2026_07_15_01_26_56 timestamp=000084 cavs=[12, 7, 4, 8]
sgcp_constrained receiver=12 policy=all-cavs sources=[12, 7, 4, 8] clusters=20 ra=selective_edgecooper_global comm_bytes=203520 selected_grids={7: 39, 4: 39, 8: 39}
fusion_method=early pred_boxes=32 gt_boxes=41
pred_scores_shape=(32,)
frame=13/41 receiver_sample=13/20 scenario=2026_07_15_01_26_56 timestamp=000084 cavs=[13, 10, 19, 9]
sgcp_constrained receiver=13 policy=all-cavs sources=[13, 10, 19, 9] clusters=20 ra=selective_edgecooper_global comm_bytes=157536 selected_grids={10: 39, 19: 39, 9: 39}
fusion_method=early pred_boxes=20 gt_boxes=40
pred_scores_shape=(20,)
frame=13/41 receiver_sample=14/20 scenario=2026_07_15_01_26_56 timestamp=000084 cavs=[14]
sgcp_constrained receiver=14 policy=all-cavs sources=[14] clusters=20 ra=selective_edgecooper_global comm_bytes=0 selected_grids={}
fusion_method=early pred_boxes=4 gt_boxes=3
pred_scores_shape=(4,)
frame=13/41 receiver_sample=15/20 scenario=2026_07_15_01_26_56 timestamp=000084 cavs=[15, 6]
sgcp_constrained receiver=15 policy=all-cavs sources=[15, 6] clusters=20 ra=selective_edgecooper_global comm_bytes=70928 selected_grids={6: 56}
fusion_method=early pred_boxes=16 gt_boxes=18
pred_scores_shape=(16,)
frame=13/41 receiver_sample=16/20 scenario=2026_07_15_01_26_56 timestamp=000084 cavs=[16, 17, 20, 3]
sgcp_constrained receiver=16 policy=all-cavs sources=[16, 17, 20, 3] clusters=20 ra=selective_edgecooper_global comm_bytes=199824 selected_grids={17: 39, 20: 39, 3: 39}
fusion_method=early pred_boxes=31 gt_boxes=32
pred_scores_shape=(31,)
frame=13/41 receiver_sample=17/20 scenario=2026_07_15_01_26_56 timestamp=000084 cavs=[17, 16, 3]
sgcp_constrained receiver=17 policy=all-cavs sources=[17, 16, 3] clusters=20 ra=selective_edgecooper_global comm_bytes=142176 selected_grids={16: 48, 3: 59}
fusion_method=early pred_boxes=25 gt_boxes=29
pred_scores_shape=(25,)
frame=13/41 receiver_sample=18/20 scenario=2026_07_15_01_26_56 timestamp=000084 cavs=[18, 3]
sgcp_constrained receiver=18 policy=all-cavs sources=[18, 3] clusters=20 ra=selective_edgecooper_global comm_bytes=77968 selected_grids={3: 63}
fusion_method=early pred_boxes=21 gt_boxes=18
pred_scores_shape=(21,)
frame=13/41 receiver_sample=19/20 scenario=2026_07_15_01_26_56 timestamp=000084 cavs=[19, 13, 20, 10]
sgcp_constrained receiver=19 policy=all-cavs sources=[19, 13, 20, 10] clusters=20 ra=selective_edgecooper_global comm_bytes=220624 selected_grids={13: 39, 20: 39, 10: 39}
fusion_method=early pred_boxes=28 gt_boxes=42
pred_scores_shape=(28,)
frame=13/41 receiver_sample=20/20 scenario=2026_07_15_01_26_56 timestamp=000084 cavs=[20, 7, 5, 16]
sgcp_constrained receiver=20 policy=all-cavs sources=[20, 7, 5, 16] clusters=20 ra=selective_edgecooper_global comm_bytes=136544 selected_grids={7: 39, 5: 39, 16: 39}
fusion_method=early pred_boxes=24 gt_boxes=35
pred_scores_shape=(24,)
frame=14/41 receiver_sample=1/20 scenario=2026_07_15_01_26_56 timestamp=000086 cavs=[1, 8, 11, 4]
sgcp_constrained receiver=1 policy=all-cavs sources=[1, 8, 11, 4] clusters=20 ra=selective_edgecooper_global comm_bytes=218944 selected_grids={8: 39, 11: 39, 4: 39}
fusion_method=early pred_boxes=33 gt_boxes=46
pred_scores_shape=(33,)
frame=14/41 receiver_sample=2/20 scenario=2026_07_15_01_26_56 timestamp=000086 cavs=[2, 1, 11, 10]
sgcp_constrained receiver=2 policy=all-cavs sources=[2, 1, 11, 10] clusters=20 ra=selective_edgecooper_global comm_bytes=197360 selected_grids={1: 39, 11: 39, 10: 39}
fusion_method=early pred_boxes=35 gt_boxes=56
pred_scores_shape=(35,)
frame=14/41 receiver_sample=3/20 scenario=2026_07_15_01_26_56 timestamp=000086 cavs=[3, 18, 16, 17]
sgcp_constrained receiver=3 policy=all-cavs sources=[3, 18, 16, 17] clusters=20 ra=selective_edgecooper_global comm_bytes=213376 selected_grids={18: 39, 16: 39, 17: 39}
fusion_method=early pred_boxes=30 gt_boxes=33
pred_scores_shape=(30,)
frame=14/41 receiver_sample=4/20 scenario=2026_07_15_01_26_56 timestamp=000086 cavs=[4, 12, 1, 7]
sgcp_constrained receiver=4 policy=all-cavs sources=[4, 12, 1, 7] clusters=20 ra=selective_edgecooper_global comm_bytes=203904 selected_grids={12: 39, 1: 39, 7: 39}
fusion_method=early pred_boxes=30 gt_boxes=42
pred_scores_shape=(30,)
frame=14/41 receiver_sample=5/20 scenario=2026_07_15_01_26_56 timestamp=000086 cavs=[5, 19, 20, 13]
sgcp_constrained receiver=5 policy=all-cavs sources=[5, 19, 20, 13] clusters=20 ra=selective_edgecooper_global comm_bytes=204720 selected_grids={19: 39, 20: 39, 13: 39}
fusion_method=early pred_boxes=21 gt_boxes=38
pred_scores_shape=(21,)
frame=14/41 receiver_sample=6/20 scenario=2026_07_15_01_26_56 timestamp=000086 cavs=[6, 15]
sgcp_constrained receiver=6 policy=all-cavs sources=[6, 15] clusters=20 ra=selective_edgecooper_global comm_bytes=75328 selected_grids={15: 50}
fusion_method=early pred_boxes=14 gt_boxes=19
pred_scores_shape=(14,)
frame=14/41 receiver_sample=7/20 scenario=2026_07_15_01_26_56 timestamp=000086 cavs=[7, 12, 5, 8]
sgcp_constrained receiver=7 policy=all-cavs sources=[7, 12, 5, 8] clusters=20 ra=selective_edgecooper_global comm_bytes=229776 selected_grids={12: 39, 5: 39, 8: 39}
fusion_method=early pred_boxes=22 gt_boxes=35
pred_scores_shape=(22,)
frame=14/41 receiver_sample=8/20 scenario=2026_07_15_01_26_56 timestamp=000086 cavs=[8, 4, 2, 11]
sgcp_constrained receiver=8 policy=all-cavs sources=[8, 4, 2, 11] clusters=20 ra=selective_edgecooper_global comm_bytes=225024 selected_grids={4: 39, 2: 39, 11: 39}
fusion_method=early pred_boxes=26 gt_boxes=42
pred_scores_shape=(26,)
frame=14/41 receiver_sample=9/20 scenario=2026_07_15_01_26_56 timestamp=000086 cavs=[9, 13, 19]
sgcp_constrained receiver=9 policy=all-cavs sources=[9, 13, 19] clusters=20 ra=selective_edgecooper_global comm_bytes=67392 selected_grids={13: 51, 19: 56}
fusion_method=early pred_boxes=15 gt_boxes=32
pred_scores_shape=(15,)
frame=14/41 receiver_sample=10/20 scenario=2026_07_15_01_26_56 timestamp=000086 cavs=[10, 5, 2, 9]
sgcp_constrained receiver=10 policy=all-cavs sources=[10, 5, 2, 9] clusters=20 ra=selective_edgecooper_global comm_bytes=192608 selected_grids={5: 39, 2: 39, 9: 39}
fusion_method=early pred_boxes=35 gt_boxes=52
pred_scores_shape=(35,)
frame=14/41 receiver_sample=11/20 scenario=2026_07_15_01_26_56 timestamp=000086 cavs=[11, 1, 9, 2]
sgcp_constrained receiver=11 policy=all-cavs sources=[11, 1, 9, 2] clusters=20 ra=selective_edgecooper_global comm_bytes=191056 selected_grids={1: 39, 9: 39, 2: 39}
fusion_method=early pred_boxes=33 gt_boxes=58
pred_scores_shape=(33,)
frame=14/41 receiver_sample=12/20 scenario=2026_07_15_01_26_56 timestamp=000086 cavs=[12, 7, 4, 8]
sgcp_constrained receiver=12 policy=all-cavs sources=[12, 7, 4, 8] clusters=20 ra=selective_edgecooper_global comm_bytes=202992 selected_grids={7: 39, 4: 39, 8: 39}
fusion_method=early pred_boxes=27 gt_boxes=41
pred_scores_shape=(27,)
frame=14/41 receiver_sample=13/20 scenario=2026_07_15_01_26_56 timestamp=000086 cavs=[13, 10, 19, 9]
sgcp_constrained receiver=13 policy=all-cavs sources=[13, 10, 19, 9] clusters=20 ra=selective_edgecooper_global comm_bytes=157616 selected_grids={10: 39, 19: 39, 9: 39}
fusion_method=early pred_boxes=22 gt_boxes=39
pred_scores_shape=(22,)
frame=14/41 receiver_sample=14/20 scenario=2026_07_15_01_26_56 timestamp=000086 cavs=[14]
sgcp_constrained receiver=14 policy=all-cavs sources=[14] clusters=20 ra=selective_edgecooper_global comm_bytes=0 selected_grids={}Format = auto
Extension = pcd
Format = auto
Extension = pcd
Format = auto
Extension = pcd
Format = auto
Extension = pcd
Format = auto
Extension = pcd
Format = auto
Extension = pcd
Format = auto
Extension = pcd
Format = auto
Extension = pcd
Format = auto
Extension = pcd
Format = auto
Extension = pcd
Format = auto
Extension = pcd
Format = auto
Extension = pcd
Format = auto
Extension = pcd
Format = auto
Extension = pcd
Format = auto
Extension = pcd
Format = auto
Extension = pcd
Format = auto
Extension = pcd
Format = auto
Extension = pcd
Format = auto
Extension = pcd
Format = auto
Extension = pcd

fusion_method=early pred_boxes=3 gt_boxes=2
pred_scores_shape=(3,)
frame=14/41 receiver_sample=15/20 scenario=2026_07_15_01_26_56 timestamp=000086 cavs=[15, 6]
sgcp_constrained receiver=15 policy=all-cavs sources=[15, 6] clusters=20 ra=selective_edgecooper_global comm_bytes=72464 selected_grids={6: 55}
fusion_method=early pred_boxes=15 gt_boxes=19
pred_scores_shape=(15,)
frame=14/41 receiver_sample=16/20 scenario=2026_07_15_01_26_56 timestamp=000086 cavs=[16, 17, 20, 3]
sgcp_constrained receiver=16 policy=all-cavs sources=[16, 17, 20, 3] clusters=20 ra=selective_edgecooper_global comm_bytes=199088 selected_grids={17: 39, 20: 39, 3: 39}
fusion_method=early pred_boxes=29 gt_boxes=32
pred_scores_shape=(29,)
frame=14/41 receiver_sample=17/20 scenario=2026_07_15_01_26_56 timestamp=000086 cavs=[17, 16, 3]
sgcp_constrained receiver=17 policy=all-cavs sources=[17, 16, 3] clusters=20 ra=selective_edgecooper_global comm_bytes=143104 selected_grids={16: 50, 3: 59}
fusion_method=early pred_boxes=25 gt_boxes=28
pred_scores_shape=(25,)
frame=14/41 receiver_sample=18/20 scenario=2026_07_15_01_26_56 timestamp=000086 cavs=[18, 3]
sgcp_constrained receiver=18 policy=all-cavs sources=[18, 3] clusters=20 ra=selective_edgecooper_global comm_bytes=77936 selected_grids={3: 61}
fusion_method=early pred_boxes=23 gt_boxes=17
pred_scores_shape=(23,)
frame=14/41 receiver_sample=19/20 scenario=2026_07_15_01_26_56 timestamp=000086 cavs=[19, 13, 20, 10]
sgcp_constrained receiver=19 policy=all-cavs sources=[19, 13, 20, 10] clusters=20 ra=selective_edgecooper_global comm_bytes=220432 selected_grids={13: 39, 20: 39, 10: 39}
fusion_method=early pred_boxes=28 gt_boxes=41
pred_scores_shape=(28,)
frame=14/41 receiver_sample=20/20 scenario=2026_07_15_01_26_56 timestamp=000086 cavs=[20, 7, 5, 16]
sgcp_constrained receiver=20 policy=all-cavs sources=[20, 7, 5, 16] clusters=20 ra=selective_edgecooper_global comm_bytes=139056 selected_grids={7: 39, 5: 39, 16: 39}
fusion_method=early pred_boxes=25 gt_boxes=36
pred_scores_shape=(25,)
frame=15/41 receiver_sample=1/20 scenario=2026_07_15_01_26_56 timestamp=000088 cavs=[1, 8, 11, 4]
sgcp_constrained receiver=1 policy=all-cavs sources=[1, 8, 11, 4] clusters=20 ra=selective_edgecooper_global comm_bytes=218896 selected_grids={8: 39, 11: 39, 4: 39}
fusion_method=early pred_boxes=33 gt_boxes=46
pred_scores_shape=(33,)
frame=15/41 receiver_sample=2/20 scenario=2026_07_15_01_26_56 timestamp=000088 cavs=[2, 1, 11, 8]
sgcp_constrained receiver=2 policy=all-cavs sources=[2, 1, 11, 8] clusters=20 ra=selective_edgecooper_global comm_bytes=195328 selected_grids={1: 39, 11: 39, 8: 39}
fusion_method=early pred_boxes=25 gt_boxes=48
pred_scores_shape=(25,)
frame=15/41 receiver_sample=3/20 scenario=2026_07_15_01_26_56 timestamp=000088 cavs=[3, 18, 16, 17]
sgcp_constrained receiver=3 policy=all-cavs sources=[3, 18, 16, 17] clusters=20 ra=selective_edgecooper_global comm_bytes=212976 selected_grids={18: 39, 16: 39, 17: 39}
fusion_method=early pred_boxes=28 gt_boxes=33
pred_scores_shape=(28,)
frame=15/41 receiver_sample=4/20 scenario=2026_07_15_01_26_56 timestamp=000088 cavs=[4, 12, 1, 7]
sgcp_constrained receiver=4 policy=all-cavs sources=[4, 12, 1, 7] clusters=20 ra=selective_edgecooper_global comm_bytes=205984 selected_grids={12: 39, 1: 39, 7: 39}
fusion_method=early pred_boxes=31 gt_boxes=42
pred_scores_shape=(31,)
frame=15/41 receiver_sample=5/20 scenario=2026_07_15_01_26_56 timestamp=000088 cavs=[5, 19, 20, 13]
sgcp_constrained receiver=5 policy=all-cavs sources=[5, 19, 20, 13] clusters=20 ra=selective_edgecooper_global comm_bytes=199568 selected_grids={19: 39, 20: 39, 13: 39}
fusion_method=early pred_boxes=23 gt_boxes=39
pred_scores_shape=(23,)
frame=15/41 receiver_sample=6/20 scenario=2026_07_15_01_26_56 timestamp=000088 cavs=[6, 15]
sgcp_constrained receiver=6 policy=all-cavs sources=[6, 15] clusters=20 ra=selective_edgecooper_global comm_bytes=75648 selected_grids={15: 50}
fusion_method=early pred_boxes=15 gt_boxes=19
pred_scores_shape=(15,)
frame=15/41 receiver_sample=7/20 scenario=2026_07_15_01_26_56 timestamp=000088 cavs=[7, 12, 5, 4]
sgcp_constrained receiver=7 policy=all-cavs sources=[7, 12, 5, 4] clusters=20 ra=selective_edgecooper_global comm_bytes=227808 selected_grids={12: 39, 5: 39, 4: 39}
fusion_method=early pred_boxes=18 gt_boxes=38
pred_scores_shape=(18,)
frame=15/41 receiver_sample=8/20 scenario=2026_07_15_01_26_56 timestamp=000088 cavs=[8, 11, 12, 2]
sgcp_constrained receiver=8 policy=all-cavs sources=[8, 11, 12, 2] clusters=20 ra=selective_edgecooper_global comm_bytes=227008 selected_grids={11: 39, 12: 39, 2: 39}
fusion_method=early pred_boxes=32 gt_boxes=42
pred_scores_shape=(32,)
frame=15/41 receiver_sample=9/20 scenario=2026_07_15_01_26_56 timestamp=000088 cavs=[9, 10, 19, 13]
sgcp_constrained receiver=9 policy=all-cavs sources=[9, 10, 19, 13] clusters=20 ra=selective_edgecooper_global comm_bytes=117408 selected_grids={10: 39, 19: 39, 13: 39}
fusion_method=early pred_boxes=20 gt_boxes=39
pred_scores_shape=(20,)
frame=15/41 receiver_sample=10/20 scenario=2026_07_15_01_26_56 timestamp=000088 cavs=[10, 5, 2, 9]
sgcp_constrained receiver=10 policy=all-cavs sources=[10, 5, 2, 9] clusters=20 ra=selective_edgecooper_global comm_bytes=193056 selected_grids={5: 39, 2: 39, 9: 39}
fusion_method=early pred_boxes=34 gt_boxes=52
pred_scores_shape=(34,)
frame=15/41 receiver_sample=11/20 scenario=2026_07_15_01_26_56 timestamp=000088 cavs=[11, 1, 9, 2]
sgcp_constrained receiver=11 policy=all-cavs sources=[11, 1, 9, 2] clusters=20 ra=selective_edgecooper_global comm_bytes=190992 selected_grids={1: 39, 9: 39, 2: 39}
fusion_method=early pred_boxes=32 gt_boxes=58
pred_scores_shape=(32,)
frame=15/41 receiver_sample=12/20 scenario=2026_07_15_01_26_56 timestamp=000088 cavs=[12, 7, 4, 8]
sgcp_constrained receiver=12 policy=all-cavs sources=[12, 7, 4, 8] clusters=20 ra=selective_edgecooper_global comm_bytes=202688 selected_grids={7: 39, 4: 39, 8: 39}
fusion_method=early pred_boxes=25 gt_boxes=41
pred_scores_shape=(25,)
frame=15/41 receiver_sample=13/20 scenario=2026_07_15_01_26_56 timestamp=000088 cavs=[13, 10, 19, 9]
sgcp_constrained receiver=13 policy=all-cavs sources=[13, 10, 19, 9] clusters=20 ra=selective_edgecooper_global comm_bytes=157600 selected_grids={10: 39, 19: 39, 9: 39}
fusion_method=early pred_boxes=23 gt_boxes=39
pred_scores_shape=(23,)
frame=15/41 receiver_sample=14/20 scenario=2026_07_15_01_26_56 timestamp=000088 cavs=[14]
sgcp_constrained receiver=14 policy=all-cavs sources=[14] clusters=20 ra=selective_edgecooper_global comm_bytes=0 selected_grids={}
fusion_method=early pred_boxes=2 gt_boxes=2
pred_scores_shape=(2,)
frame=15/41 receiver_sample=15/20 scenario=2026_07_15_01_26_56 timestamp=000088 cavs=[15, 6]
sgcp_constrained receiver=15 policy=all-cavs sources=[15, 6] clusters=20 ra=selective_edgecooper_global comm_bytes=71888 selected_grids={6: 56}
fusion_method=early pred_boxes=15 gt_boxes=19
pred_scores_shape=(15,)
frame=15/41 receiver_sample=16/20 scenario=2026_07_15_01_26_56 timestamp=000088 cavs=[16, 17, 20, 3]
sgcp_constrained receiver=16 policy=all-cavs sources=[16, 17, 20, 3] clusters=20 ra=selective_edgecooper_global comm_bytes=198384 selected_grids={17: 39, 20: 39, 3: 39}
fusion_method=early pred_boxes=28 gt_boxes=33
pred_scores_shape=(28,)
frame=15/41 receiver_sample=17/20 scenario=2026_07_15_01_26_56 timestamp=000088 cavs=[17, 16, 3]
sgcp_constrained receiver=17 policy=all-cavs sources=[17, 16, 3] clusters=20 ra=selective_edgecooper_global comm_bytes=143872 selected_grids={16: 53, 3: 59}
fusion_method=early pred_boxes=22 gt_boxes=29
pred_scores_shape=(22,)
frame=15/41 receiver_sample=18/20 scenario=2026_07_15_01_26_56 timestamp=000088 cavs=[18, 3]
sgcp_constrained receiver=18 policy=all-cavs sources=[18, 3] clusters=20 ra=selective_edgecooper_global comm_bytes=77856 selected_grids={3: 62}
fusion_method=early pred_boxes=21 gt_boxes=17
pred_scores_shape=(21,)
frame=15/41 receiver_sample=19/20 scenario=2026_07_15_01_26_56 timestamp=000088 cavs=[19, 13, 20, 10]
sgcp_constrained receiver=19 policy=all-cavs sources=[19, 13, 20, 10] clusters=20 ra=selective_edgecooper_global comm_bytes=220688 selected_grids={13: 39, 20: 39, 10: 39}Format = auto
Extension = pcd
Format = auto
Extension = pcd
Format = auto
Extension = pcd
Format = auto
Extension = pcd
Format = auto
Extension = pcd
Format = auto
Extension = pcd
Format = auto
Extension = pcd
Format = auto
Extension = pcd
Format = auto
Extension = pcd
Format = auto
Extension = pcd
Format = auto
Extension = pcd
Format = auto
Extension = pcd
Format = auto
Extension = pcd
Format = auto
Extension = pcd
Format = auto
Extension = pcd
Format = auto
Extension = pcd
Format = auto
Extension = pcd
Format = auto
Extension = pcd
Format = auto
Extension = pcd
Format = auto
Extension = pcd
Format = auto
Extension = pcd
Format = auto
Extension = pcd
Format = auto
Extension = pcd
Format = auto
Extension = pcd
Format = auto
Extension = pcd
Format = auto
Extension = pcd
Format = auto
Extension = pcd
Format = auto
Extension = pcd
Format = auto
Extension = pcd
Format = auto
Extension = pcd
Format = auto
Extension = pcd
Format = auto
Extension = pcd
Format = auto
Extension = pcd
Format = auto
Extension = pcd
Format = auto
Extension = pcd
Format = auto
Extension = pcd
Format = auto
Extension = pcd
Format = auto
Extension = pcd
Format = auto
Extension = pcd
Format = auto
Extension = pcd

fusion_method=early pred_boxes=28 gt_boxes=42
pred_scores_shape=(28,)
frame=15/41 receiver_sample=20/20 scenario=2026_07_15_01_26_56 timestamp=000088 cavs=[20, 7, 5, 16]
sgcp_constrained receiver=20 policy=all-cavs sources=[20, 7, 5, 16] clusters=20 ra=selective_edgecooper_global comm_bytes=141344 selected_grids={7: 39, 5: 39, 16: 39}
fusion_method=early pred_boxes=24 gt_boxes=37
pred_scores_shape=(24,)
frame=16/41 receiver_sample=1/20 scenario=2026_07_15_01_26_56 timestamp=000090 cavs=[1, 8, 11, 4]
sgcp_constrained receiver=1 policy=all-cavs sources=[1, 8, 11, 4] clusters=20 ra=selective_edgecooper_global comm_bytes=218800 selected_grids={8: 39, 11: 39, 4: 39}
fusion_method=early pred_boxes=33 gt_boxes=46
pred_scores_shape=(33,)
frame=16/41 receiver_sample=2/20 scenario=2026_07_15_01_26_56 timestamp=000090 cavs=[2, 1, 11, 8]
sgcp_constrained receiver=2 policy=all-cavs sources=[2, 1, 11, 8] clusters=20 ra=selective_edgecooper_global comm_bytes=195376 selected_grids={1: 39, 11: 39, 8: 39}
fusion_method=early pred_boxes=24 gt_boxes=47
pred_scores_shape=(24,)
frame=16/41 receiver_sample=3/20 scenario=2026_07_15_01_26_56 timestamp=000090 cavs=[3, 18, 16, 17]
sgcp_constrained receiver=3 policy=all-cavs sources=[3, 18, 16, 17] clusters=20 ra=selective_edgecooper_global comm_bytes=213216 selected_grids={18: 39, 16: 39, 17: 39}
fusion_method=early pred_boxes=30 gt_boxes=32
pred_scores_shape=(30,)
frame=16/41 receiver_sample=4/20 scenario=2026_07_15_01_26_56 timestamp=000090 cavs=[4, 12, 1, 7]
sgcp_constrained receiver=4 policy=all-cavs sources=[4, 12, 1, 7] clusters=20 ra=selective_edgecooper_global comm_bytes=207920 selected_grids={12: 39, 1: 39, 7: 39}
fusion_method=early pred_boxes=31 gt_boxes=41
pred_scores_shape=(31,)
frame=16/41 receiver_sample=5/20 scenario=2026_07_15_01_26_56 timestamp=000090 cavs=[5, 19, 20, 13]
sgcp_constrained receiver=5 policy=all-cavs sources=[5, 19, 20, 13] clusters=20 ra=selective_edgecooper_global comm_bytes=204656 selected_grids={19: 39, 20: 39, 13: 39}
fusion_method=early pred_boxes=24 gt_boxes=39
pred_scores_shape=(24,)
frame=16/41 receiver_sample=6/20 scenario=2026_07_15_01_26_56 timestamp=000090 cavs=[6, 15]
sgcp_constrained receiver=6 policy=all-cavs sources=[6, 15] clusters=20 ra=selective_edgecooper_global comm_bytes=75424 selected_grids={15: 48}
fusion_method=early pred_boxes=16 gt_boxes=19
pred_scores_shape=(16,)
frame=16/41 receiver_sample=7/20 scenario=2026_07_15_01_26_56 timestamp=000090 cavs=[7, 12, 5, 4]
sgcp_constrained receiver=7 policy=all-cavs sources=[7, 12, 5, 4] clusters=20 ra=selective_edgecooper_global comm_bytes=227648 selected_grids={12: 39, 5: 39, 4: 39}
fusion_method=early pred_boxes=20 gt_boxes=37
pred_scores_shape=(20,)
frame=16/41 receiver_sample=8/20 scenario=2026_07_15_01_26_56 timestamp=000090 cavs=[8, 11, 12, 2]
sgcp_constrained receiver=8 policy=all-cavs sources=[8, 11, 12, 2] clusters=20 ra=selective_edgecooper_global comm_bytes=226992 selected_grids={11: 39, 12: 39, 2: 39}
fusion_method=early pred_boxes=31 gt_boxes=41
pred_scores_shape=(31,)
frame=16/41 receiver_sample=9/20 scenario=2026_07_15_01_26_56 timestamp=000090 cavs=[9, 10, 19, 13]
sgcp_constrained receiver=9 policy=all-cavs sources=[9, 10, 19, 13] clusters=20 ra=selective_edgecooper_global comm_bytes=118592 selected_grids={10: 39, 19: 39, 13: 39}
fusion_method=early pred_boxes=20 gt_boxes=39
pred_scores_shape=(20,)
frame=16/41 receiver_sample=10/20 scenario=2026_07_15_01_26_56 timestamp=000090 cavs=[10, 5, 2, 9]
sgcp_constrained receiver=10 policy=all-cavs sources=[10, 5, 2, 9] clusters=20 ra=selective_edgecooper_global comm_bytes=192816 selected_grids={5: 39, 2: 39, 9: 39}
fusion_method=early pred_boxes=38 gt_boxes=52
pred_scores_shape=(38,)
frame=16/41 receiver_sample=11/20 scenario=2026_07_15_01_26_56 timestamp=000090 cavs=[11, 1, 9, 2]
sgcp_constrained receiver=11 policy=all-cavs sources=[11, 1, 9, 2] clusters=20 ra=selective_edgecooper_global comm_bytes=191040 selected_grids={1: 39, 9: 39, 2: 39}
fusion_method=early pred_boxes=33 gt_boxes=57
pred_scores_shape=(33,)
frame=16/41 receiver_sample=12/20 scenario=2026_07_15_01_26_56 timestamp=000090 cavs=[12, 7, 4, 8]
sgcp_constrained receiver=12 policy=all-cavs sources=[12, 7, 4, 8] clusters=20 ra=selective_edgecooper_global comm_bytes=204496 selected_grids={7: 39, 4: 39, 8: 39}
fusion_method=early pred_boxes=27 gt_boxes=41
pred_scores_shape=(27,)
frame=16/41 receiver_sample=13/20 scenario=2026_07_15_01_26_56 timestamp=000090 cavs=[13, 10, 19, 9]
sgcp_constrained receiver=13 policy=all-cavs sources=[13, 10, 19, 9] clusters=20 ra=selective_edgecooper_global comm_bytes=157408 selected_grids={10: 39, 19: 39, 9: 39}
fusion_method=early pred_boxes=19 gt_boxes=40
pred_scores_shape=(19,)
frame=16/41 receiver_sample=14/20 scenario=2026_07_15_01_26_56 timestamp=000090 cavs=[14]
sgcp_constrained receiver=14 policy=all-cavs sources=[14] clusters=20 ra=selective_edgecooper_global comm_bytes=0 selected_grids={}
fusion_method=early pred_boxes=3 gt_boxes=2
pred_scores_shape=(3,)
frame=16/41 receiver_sample=15/20 scenario=2026_07_15_01_26_56 timestamp=000090 cavs=[15, 6]
sgcp_constrained receiver=15 policy=all-cavs sources=[15, 6] clusters=20 ra=selective_edgecooper_global comm_bytes=71536 selected_grids={6: 56}
fusion_method=early pred_boxes=14 gt_boxes=19
pred_scores_shape=(14,)
frame=16/41 receiver_sample=16/20 scenario=2026_07_15_01_26_56 timestamp=000090 cavs=[16, 17, 20, 3]
sgcp_constrained receiver=16 policy=all-cavs sources=[16, 17, 20, 3] clusters=20 ra=selective_edgecooper_global comm_bytes=200320 selected_grids={17: 39, 20: 39, 3: 39}
fusion_method=early pred_boxes=30 gt_boxes=32
pred_scores_shape=(30,)
frame=16/41 receiver_sample=17/20 scenario=2026_07_15_01_26_56 timestamp=000090 cavs=[17, 16, 3]
sgcp_constrained receiver=17 policy=all-cavs sources=[17, 16, 3] clusters=20 ra=selective_edgecooper_global comm_bytes=144432 selected_grids={16: 55, 3: 59}
fusion_method=early pred_boxes=25 gt_boxes=28
pred_scores_shape=(25,)
frame=16/41 receiver_sample=18/20 scenario=2026_07_15_01_26_56 timestamp=000090 cavs=[18, 3]
sgcp_constrained receiver=18 policy=all-cavs sources=[18, 3] clusters=20 ra=selective_edgecooper_global comm_bytes=79200 selected_grids={3: 65}
fusion_method=early pred_boxes=21 gt_boxes=16
pred_scores_shape=(21,)
frame=16/41 receiver_sample=19/20 scenario=2026_07_15_01_26_56 timestamp=000090 cavs=[19, 13, 20, 10]
sgcp_constrained receiver=19 policy=all-cavs sources=[19, 13, 20, 10] clusters=20 ra=selective_edgecooper_global comm_bytes=221088 selected_grids={13: 39, 20: 39, 10: 39}
fusion_method=early pred_boxes=28 gt_boxes=43
pred_scores_shape=(28,)
frame=16/41 receiver_sample=20/20 scenario=2026_07_15_01_26_56 timestamp=000090 cavs=[20, 7, 5, 16]
sgcp_constrained receiver=20 policy=all-cavs sources=[20, 7, 5, 16] clusters=20 ra=selective_edgecooper_global comm_bytes=143584 selected_grids={7: 39, 5: 39, 16: 39}
fusion_method=early pred_boxes=25 gt_boxes=36
pred_scores_shape=(25,)
frame=17/41 receiver_sample=1/20 scenario=2026_07_15_01_26_56 timestamp=000092 cavs=[1, 8, 11, 4]
sgcp_constrained receiver=1 policy=all-cavs sources=[1, 8, 11, 4] clusters=20 ra=selective_edgecooper_global comm_bytes=218800 selected_grids={8: 39, 11: 39, 4: 39}
fusion_method=early pred_boxes=30 gt_boxes=45
pred_scores_shape=(30,)
frame=17/41 receiver_sample=2/20 scenario=2026_07_15_01_26_56 timestamp=000092 cavs=[2, 1, 11, 8]
sgcp_constrained receiver=2 policy=all-cavs sources=[2, 1, 11, 8] clusters=20 ra=selective_edgecooper_global comm_bytes=195264 selected_grids={1: 39, 11: 39, 8: 39}
fusion_method=early pred_boxes=22 gt_boxes=46
pred_scores_shape=(22,)
frame=17/41 receiver_sample=3/20 scenario=2026_07_15_01_26_56 timestamp=000092 cavs=[3, 18, 16, 17]
sgcp_constrained receiver=3 policy=all-cavs sources=[3, 18, 16, 17] clusters=20 ra=selective_edgecooper_global comm_bytes=212864 selected_grids={18: 39, 16: 39, 17: 39}
fusion_method=early pred_boxes=29 gt_boxes=31
pred_scores_shape=(29,)
frame=17/41 receiver_sample=4/20 scenario=2026_07_15_01_26_56 timestamp=000092 cavs=[4, 12, 1, 7]
sgcp_constrained receiver=4 policy=all-cavs sources=[4, 12, 1, 7] clusters=20 ra=selective_edgecooper_global comm_bytes=210688 selected_grids={12: 39, 1: 39, 7: 39}Format = auto
Extension = pcd
Format = auto
Extension = pcd
Format = auto
Extension = pcd
Format = auto
Extension = pcd
Format = auto
Extension = pcd
Format = auto
Extension = pcd
Format = auto
Extension = pcd
Format = auto
Extension = pcd
Format = auto
Extension = pcd
Format = auto
Extension = pcd
Format = auto
Extension = pcd
Format = auto
Extension = pcd
Format = auto
Extension = pcd
Format = auto
Extension = pcd
Format = auto
Extension = pcd
Format = auto
Extension = pcd
Format = auto
Extension = pcd
Format = auto
Extension = pcd
Format = auto
Extension = pcd
Format = auto
Extension = pcd

fusion_method=early pred_boxes=31 gt_boxes=41
pred_scores_shape=(31,)
frame=17/41 receiver_sample=5/20 scenario=2026_07_15_01_26_56 timestamp=000092 cavs=[5, 19, 20, 13]
sgcp_constrained receiver=5 policy=all-cavs sources=[5, 19, 20, 13] clusters=20 ra=selective_edgecooper_global comm_bytes=204816 selected_grids={19: 39, 20: 39, 13: 39}
fusion_method=early pred_boxes=22 gt_boxes=39
pred_scores_shape=(22,)
frame=17/41 receiver_sample=6/20 scenario=2026_07_15_01_26_56 timestamp=000092 cavs=[6, 15]
sgcp_constrained receiver=6 policy=all-cavs sources=[6, 15] clusters=20 ra=selective_edgecooper_global comm_bytes=75296 selected_grids={15: 48}
fusion_method=early pred_boxes=15 gt_boxes=19
pred_scores_shape=(15,)
frame=17/41 receiver_sample=7/20 scenario=2026_07_15_01_26_56 timestamp=000092 cavs=[7, 12, 5, 4]
sgcp_constrained receiver=7 policy=all-cavs sources=[7, 12, 5, 4] clusters=20 ra=selective_edgecooper_global comm_bytes=228128 selected_grids={12: 39, 5: 39, 4: 39}
fusion_method=early pred_boxes=18 gt_boxes=37
pred_scores_shape=(18,)
frame=17/41 receiver_sample=8/20 scenario=2026_07_15_01_26_56 timestamp=000092 cavs=[8, 11, 12, 2]
sgcp_constrained receiver=8 policy=all-cavs sources=[8, 11, 12, 2] clusters=20 ra=selective_edgecooper_global comm_bytes=227424 selected_grids={11: 39, 12: 39, 2: 39}
fusion_method=early pred_boxes=31 gt_boxes=40
pred_scores_shape=(31,)
frame=17/41 receiver_sample=9/20 scenario=2026_07_15_01_26_56 timestamp=000092 cavs=[9, 10, 19, 13]
sgcp_constrained receiver=9 policy=all-cavs sources=[9, 10, 19, 13] clusters=20 ra=selective_edgecooper_global comm_bytes=120064 selected_grids={10: 39, 19: 39, 13: 39}
fusion_method=early pred_boxes=20 gt_boxes=39
pred_scores_shape=(20,)
frame=17/41 receiver_sample=10/20 scenario=2026_07_15_01_26_56 timestamp=000092 cavs=[10, 5, 2, 9]
sgcp_constrained receiver=10 policy=all-cavs sources=[10, 5, 2, 9] clusters=20 ra=selective_edgecooper_global comm_bytes=193056 selected_grids={5: 39, 2: 39, 9: 39}
fusion_method=early pred_boxes=36 gt_boxes=52
pred_scores_shape=(36,)
frame=17/41 receiver_sample=11/20 scenario=2026_07_15_01_26_56 timestamp=000092 cavs=[11, 1, 9, 2]
sgcp_constrained receiver=11 policy=all-cavs sources=[11, 1, 9, 2] clusters=20 ra=selective_edgecooper_global comm_bytes=190912 selected_grids={1: 39, 9: 39, 2: 39}
fusion_method=early pred_boxes=33 gt_boxes=56
pred_scores_shape=(33,)
frame=17/41 receiver_sample=12/20 scenario=2026_07_15_01_26_56 timestamp=000092 cavs=[12, 7, 4, 8]
sgcp_constrained receiver=12 policy=all-cavs sources=[12, 7, 4, 8] clusters=20 ra=selective_edgecooper_global comm_bytes=204592 selected_grids={7: 39, 4: 39, 8: 39}
fusion_method=early pred_boxes=28 gt_boxes=41
pred_scores_shape=(28,)
frame=17/41 receiver_sample=13/20 scenario=2026_07_15_01_26_56 timestamp=000092 cavs=[13, 10, 19, 9]
sgcp_constrained receiver=13 policy=all-cavs sources=[13, 10, 19, 9] clusters=20 ra=selective_edgecooper_global comm_bytes=157312 selected_grids={10: 39, 19: 39, 9: 39}
fusion_method=early pred_boxes=22 gt_boxes=39
pred_scores_shape=(22,)
frame=17/41 receiver_sample=14/20 scenario=2026_07_15_01_26_56 timestamp=000092 cavs=[14]
sgcp_constrained receiver=14 policy=all-cavs sources=[14] clusters=20 ra=selective_edgecooper_global comm_bytes=0 selected_grids={}
fusion_method=early pred_boxes=5 gt_boxes=2
pred_scores_shape=(5,)
frame=17/41 receiver_sample=15/20 scenario=2026_07_15_01_26_56 timestamp=000092 cavs=[15, 6]
sgcp_constrained receiver=15 policy=all-cavs sources=[15, 6] clusters=20 ra=selective_edgecooper_global comm_bytes=74384 selected_grids={6: 56}
fusion_method=early pred_boxes=16 gt_boxes=19
pred_scores_shape=(16,)
frame=17/41 receiver_sample=16/20 scenario=2026_07_15_01_26_56 timestamp=000092 cavs=[16, 17, 20, 3]
sgcp_constrained receiver=16 policy=all-cavs sources=[16, 17, 20, 3] clusters=20 ra=selective_edgecooper_global comm_bytes=196096 selected_grids={17: 39, 20: 39, 3: 39}
fusion_method=early pred_boxes=33 gt_boxes=32
pred_scores_shape=(33,)
frame=17/41 receiver_sample=17/20 scenario=2026_07_15_01_26_56 timestamp=000092 cavs=[17, 16, 3]
sgcp_constrained receiver=17 policy=all-cavs sources=[17, 16, 3] clusters=20 ra=selective_edgecooper_global comm_bytes=145360 selected_grids={16: 56, 3: 59}
fusion_method=early pred_boxes=24 gt_boxes=27
pred_scores_shape=(24,)
frame=17/41 receiver_sample=18/20 scenario=2026_07_15_01_26_56 timestamp=000092 cavs=[18, 3]
sgcp_constrained receiver=18 policy=all-cavs sources=[18, 3] clusters=20 ra=selective_edgecooper_global comm_bytes=79280 selected_grids={3: 65}
fusion_method=early pred_boxes=16 gt_boxes=16
pred_scores_shape=(16,)
frame=17/41 receiver_sample=19/20 scenario=2026_07_15_01_26_56 timestamp=000092 cavs=[19, 13, 20, 10]
sgcp_constrained receiver=19 policy=all-cavs sources=[19, 13, 20, 10] clusters=20 ra=selective_edgecooper_global comm_bytes=222016 selected_grids={13: 39, 20: 39, 10: 39}
fusion_method=early pred_boxes=28 gt_boxes=42
pred_scores_shape=(28,)
frame=17/41 receiver_sample=20/20 scenario=2026_07_15_01_26_56 timestamp=000092 cavs=[20, 7, 5, 16]
sgcp_constrained receiver=20 policy=all-cavs sources=[20, 7, 5, 16] clusters=20 ra=selective_edgecooper_global comm_bytes=145936 selected_grids={7: 39, 5: 39, 16: 39}
fusion_method=early pred_boxes=24 gt_boxes=36
pred_scores_shape=(24,)
frame=18/41 receiver_sample=1/20 scenario=2026_07_15_01_26_56 timestamp=000094 cavs=[1, 8, 11, 4]
sgcp_constrained receiver=1 policy=all-cavs sources=[1, 8, 11, 4] clusters=20 ra=selective_edgecooper_global comm_bytes=218848 selected_grids={8: 39, 11: 39, 4: 39}
fusion_method=early pred_boxes=31 gt_boxes=45
pred_scores_shape=(31,)
frame=18/41 receiver_sample=2/20 scenario=2026_07_15_01_26_56 timestamp=000094 cavs=[2, 1, 11, 8]
sgcp_constrained receiver=2 policy=all-cavs sources=[2, 1, 11, 8] clusters=20 ra=selective_edgecooper_global comm_bytes=195056 selected_grids={1: 39, 11: 39, 8: 39}
fusion_method=early pred_boxes=25 gt_boxes=45
pred_scores_shape=(25,)
frame=18/41 receiver_sample=3/20 scenario=2026_07_15_01_26_56 timestamp=000094 cavs=[3, 18, 16, 17]
sgcp_constrained receiver=3 policy=all-cavs sources=[3, 18, 16, 17] clusters=20 ra=selective_edgecooper_global comm_bytes=211792 selected_grids={18: 39, 16: 39, 17: 39}
fusion_method=early pred_boxes=29 gt_boxes=31
pred_scores_shape=(29,)
frame=18/41 receiver_sample=4/20 scenario=2026_07_15_01_26_56 timestamp=000094 cavs=[4, 12, 1, 7]
sgcp_constrained receiver=4 policy=all-cavs sources=[4, 12, 1, 7] clusters=20 ra=selective_edgecooper_global comm_bytes=212464 selected_grids={12: 39, 1: 39, 7: 39}
fusion_method=early pred_boxes=34 gt_boxes=42
pred_scores_shape=(34,)
frame=18/41 receiver_sample=5/20 scenario=2026_07_15_01_26_56 timestamp=000094 cavs=[5, 19, 20, 13]
sgcp_constrained receiver=5 policy=all-cavs sources=[5, 19, 20, 13] clusters=20 ra=selective_edgecooper_global comm_bytes=200192 selected_grids={19: 39, 20: 39, 13: 39}
fusion_method=early pred_boxes=23 gt_boxes=39
pred_scores_shape=(23,)
frame=18/41 receiver_sample=6/20 scenario=2026_07_15_01_26_56 timestamp=000094 cavs=[6, 15]
sgcp_constrained receiver=6 policy=all-cavs sources=[6, 15] clusters=20 ra=selective_edgecooper_global comm_bytes=75360 selected_grids={15: 47}
fusion_method=early pred_boxes=16 gt_boxes=20
pred_scores_shape=(16,)
frame=18/41 receiver_sample=7/20 scenario=2026_07_15_01_26_56 timestamp=000094 cavs=[7, 12, 5, 4]
sgcp_constrained receiver=7 policy=all-cavs sources=[7, 12, 5, 4] clusters=20 ra=selective_edgecooper_global comm_bytes=228368 selected_grids={12: 39, 5: 39, 4: 39}
fusion_method=early pred_boxes=22 gt_boxes=37
pred_scores_shape=(22,)
frame=18/41 receiver_sample=8/20 scenario=2026_07_15_01_26_56 timestamp=000094 cavs=[8, 11, 12, 2]
sgcp_constrained receiver=8 policy=all-cavs sources=[8, 11, 12, 2] clusters=20 ra=selective_edgecooper_global comm_bytes=227408 selected_grids={11: 39, 12: 39, 2: 39}
fusion_method=early pred_boxes=30 gt_boxes=39
pred_scores_shape=(30,)
frame=18/41 receiver_sample=9/20 scenario=2026_07_15_01_26_56 timestamp=000094 cavs=[9, 13, 19, 10]
sgcp_constrained receiver=9 policy=all-cavs sources=[9, 13, 19, 10] clusters=20 ra=selective_edgecooper_global comm_bytes=121328 selected_grids={13: 39, 19: 39, 10: 39}Format = auto
Extension = pcd
Format = auto
Extension = pcd
Format = auto
Extension = pcd
Format = auto
Extension = pcd
Format = auto
Extension = pcd
Format = auto
Extension = pcd
Format = auto
Extension = pcd
Format = auto
Extension = pcd
Format = auto
Extension = pcd
Format = auto
Extension = pcd
Format = auto
Extension = pcd
Format = auto
Extension = pcd
Format = auto
Extension = pcd
Format = auto
Extension = pcd
Format = auto
Extension = pcd
Format = auto
Extension = pcd
Format = auto
Extension = pcd
Format = auto
Extension = pcd
Format = auto
Extension = pcd
Format = auto
Extension = pcd

fusion_method=early pred_boxes=21 gt_boxes=39
pred_scores_shape=(21,)
frame=18/41 receiver_sample=10/20 scenario=2026_07_15_01_26_56 timestamp=000094 cavs=[10, 5, 2, 9]
sgcp_constrained receiver=10 policy=all-cavs sources=[10, 5, 2, 9] clusters=20 ra=selective_edgecooper_global comm_bytes=193520 selected_grids={5: 39, 2: 39, 9: 39}
fusion_method=early pred_boxes=39 gt_boxes=52
pred_scores_shape=(39,)
frame=18/41 receiver_sample=11/20 scenario=2026_07_15_01_26_56 timestamp=000094 cavs=[11, 1, 9, 2]
sgcp_constrained receiver=11 policy=all-cavs sources=[11, 1, 9, 2] clusters=20 ra=selective_edgecooper_global comm_bytes=190816 selected_grids={1: 39, 9: 39, 2: 39}
fusion_method=early pred_boxes=30 gt_boxes=54
pred_scores_shape=(30,)
frame=18/41 receiver_sample=12/20 scenario=2026_07_15_01_26_56 timestamp=000094 cavs=[12, 7, 4, 8]
sgcp_constrained receiver=12 policy=all-cavs sources=[12, 7, 4, 8] clusters=20 ra=selective_edgecooper_global comm_bytes=204464 selected_grids={7: 39, 4: 39, 8: 39}
fusion_method=early pred_boxes=32 gt_boxes=40
pred_scores_shape=(32,)
frame=18/41 receiver_sample=13/20 scenario=2026_07_15_01_26_56 timestamp=000094 cavs=[13, 10, 19, 9]
sgcp_constrained receiver=13 policy=all-cavs sources=[13, 10, 19, 9] clusters=20 ra=selective_edgecooper_global comm_bytes=157296 selected_grids={10: 39, 19: 39, 9: 39}
fusion_method=early pred_boxes=22 gt_boxes=39
pred_scores_shape=(22,)
frame=18/41 receiver_sample=14/20 scenario=2026_07_15_01_26_56 timestamp=000094 cavs=[14]
sgcp_constrained receiver=14 policy=all-cavs sources=[14] clusters=20 ra=selective_edgecooper_global comm_bytes=0 selected_grids={}
fusion_method=early pred_boxes=2 gt_boxes=2
pred_scores_shape=(2,)
frame=18/41 receiver_sample=15/20 scenario=2026_07_15_01_26_56 timestamp=000094 cavs=[15, 6]
sgcp_constrained receiver=15 policy=all-cavs sources=[15, 6] clusters=20 ra=selective_edgecooper_global comm_bytes=74432 selected_grids={6: 58}
fusion_method=early pred_boxes=16 gt_boxes=20
pred_scores_shape=(16,)
frame=18/41 receiver_sample=16/20 scenario=2026_07_15_01_26_56 timestamp=000094 cavs=[16, 17, 20, 3]
sgcp_constrained receiver=16 policy=all-cavs sources=[16, 17, 20, 3] clusters=20 ra=selective_edgecooper_global comm_bytes=191936 selected_grids={17: 39, 20: 39, 3: 39}
fusion_method=early pred_boxes=31 gt_boxes=32
pred_scores_shape=(31,)
frame=18/41 receiver_sample=17/20 scenario=2026_07_15_01_26_56 timestamp=000094 cavs=[17, 16, 3]
sgcp_constrained receiver=17 policy=all-cavs sources=[17, 16, 3] clusters=20 ra=selective_edgecooper_global comm_bytes=147168 selected_grids={16: 53, 3: 59}
fusion_method=early pred_boxes=21 gt_boxes=27
pred_scores_shape=(21,)
frame=18/41 receiver_sample=18/20 scenario=2026_07_15_01_26_56 timestamp=000094 cavs=[18, 3]
sgcp_constrained receiver=18 policy=all-cavs sources=[18, 3] clusters=20 ra=selective_edgecooper_global comm_bytes=79328 selected_grids={3: 67}
fusion_method=early pred_boxes=18 gt_boxes=17
pred_scores_shape=(18,)
frame=18/41 receiver_sample=19/20 scenario=2026_07_15_01_26_56 timestamp=000094 cavs=[19, 13, 20, 10]
sgcp_constrained receiver=19 policy=all-cavs sources=[19, 13, 20, 10] clusters=20 ra=selective_edgecooper_global comm_bytes=222832 selected_grids={13: 39, 20: 39, 10: 39}
fusion_method=early pred_boxes=27 gt_boxes=42
pred_scores_shape=(27,)
frame=18/41 receiver_sample=20/20 scenario=2026_07_15_01_26_56 timestamp=000094 cavs=[20, 7, 5, 16]
sgcp_constrained receiver=20 policy=all-cavs sources=[20, 7, 5, 16] clusters=20 ra=selective_edgecooper_global comm_bytes=149840 selected_grids={7: 39, 5: 39, 16: 39}
fusion_method=early pred_boxes=26 gt_boxes=36
pred_scores_shape=(26,)
frame=19/41 receiver_sample=1/20 scenario=2026_07_15_01_26_56 timestamp=000096 cavs=[1, 8, 11, 4]
sgcp_constrained receiver=1 policy=all-cavs sources=[1, 8, 11, 4] clusters=20 ra=selective_edgecooper_global comm_bytes=219008 selected_grids={8: 39, 11: 39, 4: 39}
fusion_method=early pred_boxes=31 gt_boxes=45
pred_scores_shape=(31,)
frame=19/41 receiver_sample=2/20 scenario=2026_07_15_01_26_56 timestamp=000096 cavs=[2, 15, 10, 8]
sgcp_constrained receiver=2 policy=all-cavs sources=[2, 15, 10, 8] clusters=20 ra=selective_edgecooper_global comm_bytes=229344 selected_grids={15: 39, 10: 39, 8: 39}
fusion_method=early pred_boxes=38 gt_boxes=50
pred_scores_shape=(38,)
frame=19/41 receiver_sample=3/20 scenario=2026_07_15_01_26_56 timestamp=000096 cavs=[3, 18, 16, 17]
sgcp_constrained receiver=3 policy=all-cavs sources=[3, 18, 16, 17] clusters=20 ra=selective_edgecooper_global comm_bytes=211824 selected_grids={18: 39, 16: 39, 17: 39}
fusion_method=early pred_boxes=27 gt_boxes=30
pred_scores_shape=(27,)
frame=19/41 receiver_sample=4/20 scenario=2026_07_15_01_26_56 timestamp=000096 cavs=[4, 12, 1, 7]
sgcp_constrained receiver=4 policy=all-cavs sources=[4, 12, 1, 7] clusters=20 ra=selective_edgecooper_global comm_bytes=213984 selected_grids={12: 39, 1: 39, 7: 39}
fusion_method=early pred_boxes=32 gt_boxes=39
pred_scores_shape=(32,)
frame=19/41 receiver_sample=5/20 scenario=2026_07_15_01_26_56 timestamp=000096 cavs=[5, 19, 20, 13]
sgcp_constrained receiver=5 policy=all-cavs sources=[5, 19, 20, 13] clusters=20 ra=selective_edgecooper_global comm_bytes=204512 selected_grids={19: 39, 20: 39, 13: 39}
fusion_method=early pred_boxes=19 gt_boxes=39
pred_scores_shape=(19,)
frame=19/41 receiver_sample=6/20 scenario=2026_07_15_01_26_56 timestamp=000096 cavs=[6, 15]
sgcp_constrained receiver=6 policy=all-cavs sources=[6, 15] clusters=20 ra=selective_edgecooper_global comm_bytes=75888 selected_grids={15: 49}
fusion_method=early pred_boxes=17 gt_boxes=19
pred_scores_shape=(17,)
frame=19/41 receiver_sample=7/20 scenario=2026_07_15_01_26_56 timestamp=000096 cavs=[7, 12, 5, 4]
sgcp_constrained receiver=7 policy=all-cavs sources=[7, 12, 5, 4] clusters=20 ra=selective_edgecooper_global comm_bytes=228448 selected_grids={12: 39, 5: 39, 4: 39}
fusion_method=early pred_boxes=18 gt_boxes=37
pred_scores_shape=(18,)
frame=19/41 receiver_sample=8/20 scenario=2026_07_15_01_26_56 timestamp=000096 cavs=[8, 11, 12, 1]
sgcp_constrained receiver=8 policy=all-cavs sources=[8, 11, 12, 1] clusters=20 ra=selective_edgecooper_global comm_bytes=214256 selected_grids={11: 39, 12: 39, 1: 39}
fusion_method=early pred_boxes=26 gt_boxes=37
pred_scores_shape=(26,)
frame=19/41 receiver_sample=9/20 scenario=2026_07_15_01_26_56 timestamp=000096 cavs=[9, 11, 19, 13]
sgcp_constrained receiver=9 policy=all-cavs sources=[9, 11, 19, 13] clusters=20 ra=selective_edgecooper_global comm_bytes=148224 selected_grids={11: 39, 19: 39, 13: 39}
fusion_method=early pred_boxes=25 gt_boxes=33
pred_scores_shape=(25,)
frame=19/41 receiver_sample=10/20 scenario=2026_07_15_01_26_56 timestamp=000096 cavs=[10, 5, 2, 9]
sgcp_constrained receiver=10 policy=all-cavs sources=[10, 5, 2, 9] clusters=20 ra=selective_edgecooper_global comm_bytes=193264 selected_grids={5: 39, 2: 39, 9: 39}
fusion_method=early pred_boxes=37 gt_boxes=52
pred_scores_shape=(37,)
frame=19/41 receiver_sample=11/20 scenario=2026_07_15_01_26_56 timestamp=000096 cavs=[11, 1, 9, 2]
sgcp_constrained receiver=11 policy=all-cavs sources=[11, 1, 9, 2] clusters=20 ra=selective_edgecooper_global comm_bytes=190800 selected_grids={1: 39, 9: 39, 2: 39}
fusion_method=early pred_boxes=33 gt_boxes=54
pred_scores_shape=(33,)
frame=19/41 receiver_sample=12/20 scenario=2026_07_15_01_26_56 timestamp=000096 cavs=[12, 7, 4, 8]
sgcp_constrained receiver=12 policy=all-cavs sources=[12, 7, 4, 8] clusters=20 ra=selective_edgecooper_global comm_bytes=204608 selected_grids={7: 39, 4: 39, 8: 39}
fusion_method=early pred_boxes=27 gt_boxes=40
pred_scores_shape=(27,)
frame=19/41 receiver_sample=13/20 scenario=2026_07_15_01_26_56 timestamp=000096 cavs=[13, 10, 19, 9]
sgcp_constrained receiver=13 policy=all-cavs sources=[13, 10, 19, 9] clusters=20 ra=selective_edgecooper_global comm_bytes=157504 selected_grids={10: 39, 19: 39, 9: 39}
fusion_method=early pred_boxes=18 gt_boxes=38
pred_scores_shape=(18,)
frame=19/41 receiver_sample=14/20 scenario=2026_07_15_01_26_56 timestamp=000096 cavs=[14]
sgcp_constrained receiver=14 policy=all-cavs sources=[14] clusters=20 ra=selective_edgecooper_global comm_bytes=0 selected_grids={}Format = auto
Extension = pcd
Format = auto
Extension = pcd
Format = auto
Extension = pcd
Format = auto
Extension = pcd
Format = auto
Extension = pcd
Format = auto
Extension = pcd
Format = auto
Extension = pcd
Format = auto
Extension = pcd
Format = auto
Extension = pcd
Format = auto
Extension = pcd
Format = auto
Extension = pcd
Format = auto
Extension = pcd
Format = auto
Extension = pcd
Format = auto
Extension = pcd
Format = auto
Extension = pcd
Format = auto
Extension = pcd
Format = auto
Extension = pcd
Format = auto
Extension = pcd
Format = auto
Extension = pcd
Format = auto
Extension = pcd

fusion_method=early pred_boxes=3 gt_boxes=2
pred_scores_shape=(3,)
frame=19/41 receiver_sample=15/20 scenario=2026_07_15_01_26_56 timestamp=000096 cavs=[15, 6, 2]
sgcp_constrained receiver=15 policy=all-cavs sources=[15, 6, 2] clusters=20 ra=selective_edgecooper_global comm_bytes=150288 selected_grids={6: 57, 2: 55}
fusion_method=early pred_boxes=27 gt_boxes=33
pred_scores_shape=(27,)
frame=19/41 receiver_sample=16/20 scenario=2026_07_15_01_26_56 timestamp=000096 cavs=[16, 17, 20, 3]
sgcp_constrained receiver=16 policy=all-cavs sources=[16, 17, 20, 3] clusters=20 ra=selective_edgecooper_global comm_bytes=192336 selected_grids={17: 39, 20: 39, 3: 39}
fusion_method=early pred_boxes=29 gt_boxes=33
pred_scores_shape=(29,)
frame=19/41 receiver_sample=17/20 scenario=2026_07_15_01_26_56 timestamp=000096 cavs=[17, 16, 3]
sgcp_constrained receiver=17 policy=all-cavs sources=[17, 16, 3] clusters=20 ra=selective_edgecooper_global comm_bytes=144848 selected_grids={16: 53, 3: 59}
fusion_method=early pred_boxes=26 gt_boxes=27
pred_scores_shape=(26,)
frame=19/41 receiver_sample=18/20 scenario=2026_07_15_01_26_56 timestamp=000096 cavs=[18, 3]
sgcp_constrained receiver=18 policy=all-cavs sources=[18, 3] clusters=20 ra=selective_edgecooper_global comm_bytes=79408 selected_grids={3: 65}
fusion_method=early pred_boxes=18 gt_boxes=16
pred_scores_shape=(18,)
frame=19/41 receiver_sample=19/20 scenario=2026_07_15_01_26_56 timestamp=000096 cavs=[19, 13, 20, 10]
sgcp_constrained receiver=19 policy=all-cavs sources=[19, 13, 20, 10] clusters=20 ra=selective_edgecooper_global comm_bytes=222672 selected_grids={13: 39, 20: 39, 10: 39}
fusion_method=early pred_boxes=29 gt_boxes=42
pred_scores_shape=(29,)
frame=19/41 receiver_sample=20/20 scenario=2026_07_15_01_26_56 timestamp=000096 cavs=[20, 7, 5, 16]
sgcp_constrained receiver=20 policy=all-cavs sources=[20, 7, 5, 16] clusters=20 ra=selective_edgecooper_global comm_bytes=152048 selected_grids={7: 39, 5: 39, 16: 39}
fusion_method=early pred_boxes=26 gt_boxes=38
pred_scores_shape=(26,)
frame=20/41 receiver_sample=1/20 scenario=2026_07_15_01_26_56 timestamp=000098 cavs=[1, 8, 11, 4]
sgcp_constrained receiver=1 policy=all-cavs sources=[1, 8, 11, 4] clusters=20 ra=selective_edgecooper_global comm_bytes=219056 selected_grids={8: 39, 11: 39, 4: 39}
fusion_method=early pred_boxes=32 gt_boxes=45
pred_scores_shape=(32,)
frame=20/41 receiver_sample=2/20 scenario=2026_07_15_01_26_56 timestamp=000098 cavs=[2, 15, 10, 8]
sgcp_constrained receiver=2 policy=all-cavs sources=[2, 15, 10, 8] clusters=20 ra=selective_edgecooper_global comm_bytes=229408 selected_grids={15: 39, 10: 39, 8: 39}
fusion_method=early pred_boxes=37 gt_boxes=49
pred_scores_shape=(37,)
frame=20/41 receiver_sample=3/20 scenario=2026_07_15_01_26_56 timestamp=000098 cavs=[3, 18, 16, 17]
sgcp_constrained receiver=3 policy=all-cavs sources=[3, 18, 16, 17] clusters=20 ra=selective_edgecooper_global comm_bytes=212320 selected_grids={18: 39, 16: 39, 17: 39}
fusion_method=early pred_boxes=28 gt_boxes=30
pred_scores_shape=(28,)
frame=20/41 receiver_sample=4/20 scenario=2026_07_15_01_26_56 timestamp=000098 cavs=[4, 12, 1, 7]
sgcp_constrained receiver=4 policy=all-cavs sources=[4, 12, 1, 7] clusters=20 ra=selective_edgecooper_global comm_bytes=215904 selected_grids={12: 39, 1: 39, 7: 39}
fusion_method=early pred_boxes=31 gt_boxes=38
pred_scores_shape=(31,)
frame=20/41 receiver_sample=5/20 scenario=2026_07_15_01_26_56 timestamp=000098 cavs=[5, 19, 20]
sgcp_constrained receiver=5 policy=all-cavs sources=[5, 19, 20] clusters=20 ra=selective_edgecooper_global comm_bytes=132128 selected_grids={19: 58, 20: 53}
fusion_method=early pred_boxes=26 gt_boxes=36
pred_scores_shape=(26,)
frame=20/41 receiver_sample=6/20 scenario=2026_07_15_01_26_56 timestamp=000098 cavs=[6, 15]
sgcp_constrained receiver=6 policy=all-cavs sources=[6, 15] clusters=20 ra=selective_edgecooper_global comm_bytes=75808 selected_grids={15: 49}
fusion_method=early pred_boxes=15 gt_boxes=19
pred_scores_shape=(15,)
frame=20/41 receiver_sample=7/20 scenario=2026_07_15_01_26_56 timestamp=000098 cavs=[7, 12, 5, 4]
sgcp_constrained receiver=7 policy=all-cavs sources=[7, 12, 5, 4] clusters=20 ra=selective_edgecooper_global comm_bytes=228736 selected_grids={12: 39, 5: 39, 4: 39}
fusion_method=early pred_boxes=21 gt_boxes=37
pred_scores_shape=(21,)
frame=20/41 receiver_sample=8/20 scenario=2026_07_15_01_26_56 timestamp=000098 cavs=[8, 11, 12, 1]
sgcp_constrained receiver=8 policy=all-cavs sources=[8, 11, 12, 1] clusters=20 ra=selective_edgecooper_global comm_bytes=214544 selected_grids={11: 39, 12: 39, 1: 39}
fusion_method=early pred_boxes=25 gt_boxes=37
pred_scores_shape=(25,)
frame=20/41 receiver_sample=9/20 scenario=2026_07_15_01_26_56 timestamp=000098 cavs=[9, 13, 19, 11]
sgcp_constrained receiver=9 policy=all-cavs sources=[9, 13, 19, 11] clusters=20 ra=selective_edgecooper_global comm_bytes=149376 selected_grids={13: 39, 19: 39, 11: 39}
fusion_method=early pred_boxes=25 gt_boxes=33
pred_scores_shape=(25,)
frame=20/41 receiver_sample=10/20 scenario=2026_07_15_01_26_56 timestamp=000098 cavs=[10, 5, 2, 9]
sgcp_constrained receiver=10 policy=all-cavs sources=[10, 5, 2, 9] clusters=20 ra=selective_edgecooper_global comm_bytes=193040 selected_grids={5: 39, 2: 39, 9: 39}
fusion_method=early pred_boxes=36 gt_boxes=52
pred_scores_shape=(36,)
frame=20/41 receiver_sample=11/20 scenario=2026_07_15_01_26_56 timestamp=000098 cavs=[11, 1, 9, 2]
sgcp_constrained receiver=11 policy=all-cavs sources=[11, 1, 9, 2] clusters=20 ra=selective_edgecooper_global comm_bytes=190704 selected_grids={1: 39, 9: 39, 2: 39}
fusion_method=early pred_boxes=33 gt_boxes=54
pred_scores_shape=(33,)
frame=20/41 receiver_sample=12/20 scenario=2026_07_15_01_26_56 timestamp=000098 cavs=[12, 7, 4, 8]
sgcp_constrained receiver=12 policy=all-cavs sources=[12, 7, 4, 8] clusters=20 ra=selective_edgecooper_global comm_bytes=204544 selected_grids={7: 39, 4: 39, 8: 39}
fusion_method=early pred_boxes=24 gt_boxes=40
pred_scores_shape=(24,)
frame=20/41 receiver_sample=13/20 scenario=2026_07_15_01_26_56 timestamp=000098 cavs=[13, 10, 19, 9]
sgcp_constrained receiver=13 policy=all-cavs sources=[13, 10, 19, 9] clusters=20 ra=selective_edgecooper_global comm_bytes=157600 selected_grids={10: 39, 19: 39, 9: 39}
fusion_method=early pred_boxes=21 gt_boxes=37
pred_scores_shape=(21,)
frame=20/41 receiver_sample=14/20 scenario=2026_07_15_01_26_56 timestamp=000098 cavs=[14]
sgcp_constrained receiver=14 policy=all-cavs sources=[14] clusters=20 ra=selective_edgecooper_global comm_bytes=0 selected_grids={}
fusion_method=early pred_boxes=3 gt_boxes=2
pred_scores_shape=(3,)
frame=20/41 receiver_sample=15/20 scenario=2026_07_15_01_26_56 timestamp=000098 cavs=[15, 6, 2]
sgcp_constrained receiver=15 policy=all-cavs sources=[15, 6, 2] clusters=20 ra=selective_edgecooper_global comm_bytes=150176 selected_grids={6: 58, 2: 54}
fusion_method=early pred_boxes=27 gt_boxes=33
pred_scores_shape=(27,)
frame=20/41 receiver_sample=16/20 scenario=2026_07_15_01_26_56 timestamp=000098 cavs=[16, 17, 20, 3]
sgcp_constrained receiver=16 policy=all-cavs sources=[16, 17, 20, 3] clusters=20 ra=selective_edgecooper_global comm_bytes=192672 selected_grids={17: 39, 20: 39, 3: 39}
fusion_method=early pred_boxes=32 gt_boxes=33
pred_scores_shape=(32,)
frame=20/41 receiver_sample=17/20 scenario=2026_07_15_01_26_56 timestamp=000098 cavs=[17, 16, 3]
sgcp_constrained receiver=17 policy=all-cavs sources=[17, 16, 3] clusters=20 ra=selective_edgecooper_global comm_bytes=145264 selected_grids={16: 56, 3: 59}
fusion_method=early pred_boxes=22 gt_boxes=27
pred_scores_shape=(22,)
frame=20/41 receiver_sample=18/20 scenario=2026_07_15_01_26_56 timestamp=000098 cavs=[18, 3]
sgcp_constrained receiver=18 policy=all-cavs sources=[18, 3] clusters=20 ra=selective_edgecooper_global comm_bytes=79456 selected_grids={3: 66}
fusion_method=early pred_boxes=20 gt_boxes=15
pred_scores_shape=(20,)
frame=20/41 receiver_sample=19/20 scenario=2026_07_15_01_26_56 timestamp=000098 cavs=[19, 13, 20, 10]
sgcp_constrained receiver=19 policy=all-cavs sources=[19, 13, 20, 10] clusters=20 ra=selective_edgecooper_global comm_bytes=223680 selected_grids={13: 39, 20: 39, 10: 39}Format = auto
Extension = pcd
Format = auto
Extension = pcd
Format = auto
Extension = pcd
Format = auto
Extension = pcd
Format = auto
Extension = pcd
Format = auto
Extension = pcd
Format = auto
Extension = pcd
Format = auto
Extension = pcd
Format = auto
Extension = pcd
Format = auto
Extension = pcd
Format = auto
Extension = pcd
Format = auto
Extension = pcd
Format = auto
Extension = pcd
Format = auto
Extension = pcd
Format = auto
Extension = pcd
Format = auto
Extension = pcd
Format = auto
Extension = pcd
Format = auto
Extension = pcd
Format = auto
Extension = pcd
Format = auto
Extension = pcd
Format = auto
Extension = pcd
Format = auto
Extension = pcd
Format = auto
Extension = pcd
Format = auto
Extension = pcd
Format = auto
Extension = pcd
Format = auto
Extension = pcd
Format = auto
Extension = pcd
Format = auto
Extension = pcd
Format = auto
Extension = pcd
Format = auto
Extension = pcd
Format = auto
Extension = pcd
Format = auto
Extension = pcd
Format = auto
Extension = pcd
Format = auto
Extension = pcd
Format = auto
Extension = pcd
Format = auto
Extension = pcd
Format = auto
Extension = pcd
Format = auto
Extension = pcd
Format = auto
Extension = pcd
Format = auto
Extension = pcd

fusion_method=early pred_boxes=29 gt_boxes=41
pred_scores_shape=(29,)
frame=20/41 receiver_sample=20/20 scenario=2026_07_15_01_26_56 timestamp=000098 cavs=[20, 7, 5, 16]
sgcp_constrained receiver=20 policy=all-cavs sources=[20, 7, 5, 16] clusters=20 ra=selective_edgecooper_global comm_bytes=154576 selected_grids={7: 39, 5: 39, 16: 39}
fusion_method=early pred_boxes=25 gt_boxes=37
pred_scores_shape=(25,)
frame=21/41 receiver_sample=1/20 scenario=2026_07_15_01_26_56 timestamp=000100 cavs=[1, 8, 11, 4]
sgcp_constrained receiver=1 policy=all-cavs sources=[1, 8, 11, 4] clusters=20 ra=selective_edgecooper_global comm_bytes=219120 selected_grids={8: 39, 11: 39, 4: 39}
fusion_method=early pred_boxes=32 gt_boxes=45
pred_scores_shape=(32,)
frame=21/41 receiver_sample=2/20 scenario=2026_07_15_01_26_56 timestamp=000100 cavs=[2, 15, 10, 8]
sgcp_constrained receiver=2 policy=all-cavs sources=[2, 15, 10, 8] clusters=20 ra=selective_edgecooper_global comm_bytes=229184 selected_grids={15: 39, 10: 39, 8: 39}
fusion_method=early pred_boxes=41 gt_boxes=49
pred_scores_shape=(41,)
frame=21/41 receiver_sample=3/20 scenario=2026_07_15_01_26_56 timestamp=000100 cavs=[3, 18, 16, 17]
sgcp_constrained receiver=3 policy=all-cavs sources=[3, 18, 16, 17] clusters=20 ra=selective_edgecooper_global comm_bytes=212464 selected_grids={18: 39, 16: 39, 17: 39}
fusion_method=early pred_boxes=29 gt_boxes=30
pred_scores_shape=(29,)
frame=21/41 receiver_sample=4/20 scenario=2026_07_15_01_26_56 timestamp=000100 cavs=[4, 12, 1, 7]
sgcp_constrained receiver=4 policy=all-cavs sources=[4, 12, 1, 7] clusters=20 ra=selective_edgecooper_global comm_bytes=217664 selected_grids={12: 39, 1: 39, 7: 39}
fusion_method=early pred_boxes=35 gt_boxes=38
pred_scores_shape=(35,)
frame=21/41 receiver_sample=5/20 scenario=2026_07_15_01_26_56 timestamp=000100 cavs=[5, 19, 9]
sgcp_constrained receiver=5 policy=all-cavs sources=[5, 19, 9] clusters=20 ra=selective_edgecooper_global comm_bytes=145920 selected_grids={19: 58, 9: 50}
fusion_method=early pred_boxes=19 gt_boxes=25
pred_scores_shape=(19,)
frame=21/41 receiver_sample=6/20 scenario=2026_07_15_01_26_56 timestamp=000100 cavs=[6, 15]
sgcp_constrained receiver=6 policy=all-cavs sources=[6, 15] clusters=20 ra=selective_edgecooper_global comm_bytes=75840 selected_grids={15: 48}
fusion_method=early pred_boxes=15 gt_boxes=20
pred_scores_shape=(15,)
frame=21/41 receiver_sample=7/20 scenario=2026_07_15_01_26_56 timestamp=000100 cavs=[7, 12, 5, 4]
sgcp_constrained receiver=7 policy=all-cavs sources=[7, 12, 5, 4] clusters=20 ra=selective_edgecooper_global comm_bytes=228464 selected_grids={12: 39, 5: 39, 4: 39}
fusion_method=early pred_boxes=21 gt_boxes=37
pred_scores_shape=(21,)
frame=21/41 receiver_sample=8/20 scenario=2026_07_15_01_26_56 timestamp=000100 cavs=[8, 11, 12, 1]
sgcp_constrained receiver=8 policy=all-cavs sources=[8, 11, 12, 1] clusters=20 ra=selective_edgecooper_global comm_bytes=214592 selected_grids={11: 39, 12: 39, 1: 39}
fusion_method=early pred_boxes=26 gt_boxes=37
pred_scores_shape=(26,)
frame=21/41 receiver_sample=9/20 scenario=2026_07_15_01_26_56 timestamp=000100 cavs=[9, 11, 19, 13]
sgcp_constrained receiver=9 policy=all-cavs sources=[9, 11, 19, 13] clusters=20 ra=selective_edgecooper_global comm_bytes=150544 selected_grids={11: 39, 19: 39, 13: 39}
fusion_method=early pred_boxes=25 gt_boxes=31
pred_scores_shape=(25,)
frame=21/41 receiver_sample=10/20 scenario=2026_07_15_01_26_56 timestamp=000100 cavs=[10, 5, 2, 13]
sgcp_constrained receiver=10 policy=all-cavs sources=[10, 5, 2, 13] clusters=20 ra=selective_edgecooper_global comm_bytes=227312 selected_grids={5: 39, 2: 39, 13: 39}
fusion_method=early pred_boxes=36 gt_boxes=55
pred_scores_shape=(36,)
frame=21/41 receiver_sample=11/20 scenario=2026_07_15_01_26_56 timestamp=000100 cavs=[11, 1, 9, 2]
sgcp_constrained receiver=11 policy=all-cavs sources=[11, 1, 9, 2] clusters=20 ra=selective_edgecooper_global comm_bytes=190656 selected_grids={1: 39, 9: 39, 2: 39}
fusion_method=early pred_boxes=32 gt_boxes=52
pred_scores_shape=(32,)
frame=21/41 receiver_sample=12/20 scenario=2026_07_15_01_26_56 timestamp=000100 cavs=[12, 7, 4, 8]
sgcp_constrained receiver=12 policy=all-cavs sources=[12, 7, 4, 8] clusters=20 ra=selective_edgecooper_global comm_bytes=203712 selected_grids={7: 39, 4: 39, 8: 39}
fusion_method=early pred_boxes=30 gt_boxes=40
pred_scores_shape=(30,)
frame=21/41 receiver_sample=13/20 scenario=2026_07_15_01_26_56 timestamp=000100 cavs=[13, 10, 19, 9]
sgcp_constrained receiver=13 policy=all-cavs sources=[13, 10, 19, 9] clusters=20 ra=selective_edgecooper_global comm_bytes=157504 selected_grids={10: 39, 19: 39, 9: 39}
fusion_method=early pred_boxes=22 gt_boxes=37
pred_scores_shape=(22,)
frame=21/41 receiver_sample=14/20 scenario=2026_07_15_01_26_56 timestamp=000100 cavs=[14]
sgcp_constrained receiver=14 policy=all-cavs sources=[14] clusters=20 ra=selective_edgecooper_global comm_bytes=0 selected_grids={}
fusion_method=early pred_boxes=4 gt_boxes=2
pred_scores_shape=(4,)
frame=21/41 receiver_sample=15/20 scenario=2026_07_15_01_26_56 timestamp=000100 cavs=[15, 6, 2]
sgcp_constrained receiver=15 policy=all-cavs sources=[15, 6, 2] clusters=20 ra=selective_edgecooper_global comm_bytes=150304 selected_grids={6: 56, 2: 53}
fusion_method=early pred_boxes=26 gt_boxes=33
pred_scores_shape=(26,)
frame=21/41 receiver_sample=16/20 scenario=2026_07_15_01_26_56 timestamp=000100 cavs=[16, 17, 20, 3]
sgcp_constrained receiver=16 policy=all-cavs sources=[16, 17, 20, 3] clusters=20 ra=selective_edgecooper_global comm_bytes=207600 selected_grids={17: 39, 20: 39, 3: 39}
fusion_method=early pred_boxes=28 gt_boxes=33
pred_scores_shape=(28,)
frame=21/41 receiver_sample=17/20 scenario=2026_07_15_01_26_56 timestamp=000100 cavs=[17, 16, 3, 20]
sgcp_constrained receiver=17 policy=all-cavs sources=[17, 16, 3, 20] clusters=20 ra=selective_edgecooper_global comm_bytes=218560 selected_grids={16: 39, 3: 39, 20: 39}
fusion_method=early pred_boxes=27 gt_boxes=33
pred_scores_shape=(27,)
frame=21/41 receiver_sample=18/20 scenario=2026_07_15_01_26_56 timestamp=000100 cavs=[18, 3]
sgcp_constrained receiver=18 policy=all-cavs sources=[18, 3] clusters=20 ra=selective_edgecooper_global comm_bytes=79600 selected_grids={3: 65}
fusion_method=early pred_boxes=19 gt_boxes=15
pred_scores_shape=(19,)
frame=21/41 receiver_sample=19/20 scenario=2026_07_15_01_26_56 timestamp=000100 cavs=[19, 13, 20, 10]
sgcp_constrained receiver=19 policy=all-cavs sources=[19, 13, 20, 10] clusters=20 ra=selective_edgecooper_global comm_bytes=223872 selected_grids={13: 39, 20: 39, 10: 39}
fusion_method=early pred_boxes=30 gt_boxes=40
pred_scores_shape=(30,)
frame=21/41 receiver_sample=20/20 scenario=2026_07_15_01_26_56 timestamp=000100 cavs=[20, 7, 5, 16]
sgcp_constrained receiver=20 policy=all-cavs sources=[20, 7, 5, 16] clusters=20 ra=selective_edgecooper_global comm_bytes=156160 selected_grids={7: 39, 5: 39, 16: 39}
fusion_method=early pred_boxes=27 gt_boxes=37
pred_scores_shape=(27,)
frame=22/41 receiver_sample=1/20 scenario=2026_07_15_01_26_56 timestamp=000102 cavs=[1, 8, 11, 4]
sgcp_constrained receiver=1 policy=all-cavs sources=[1, 8, 11, 4] clusters=20 ra=selective_edgecooper_global comm_bytes=219184 selected_grids={8: 39, 11: 39, 4: 39}
fusion_method=early pred_boxes=31 gt_boxes=46
pred_scores_shape=(31,)
frame=22/41 receiver_sample=2/20 scenario=2026_07_15_01_26_56 timestamp=000102 cavs=[2, 15, 10, 8]
sgcp_constrained receiver=2 policy=all-cavs sources=[2, 15, 10, 8] clusters=20 ra=selective_edgecooper_global comm_bytes=229808 selected_grids={15: 39, 10: 39, 8: 39}
fusion_method=early pred_boxes=39 gt_boxes=49
pred_scores_shape=(39,)
frame=22/41 receiver_sample=3/20 scenario=2026_07_15_01_26_56 timestamp=000102 cavs=[3, 18, 16, 17]
sgcp_constrained receiver=3 policy=all-cavs sources=[3, 18, 16, 17] clusters=20 ra=selective_edgecooper_global comm_bytes=213120 selected_grids={18: 39, 16: 39, 17: 39}
fusion_method=early pred_boxes=26 gt_boxes=29
pred_scores_shape=(26,)
frame=22/41 receiver_sample=4/20 scenario=2026_07_15_01_26_56 timestamp=000102 cavs=[4, 12, 1, 7]Format = auto
Extension = pcd
Format = auto
Extension = pcd
Format = auto
Extension = pcd
Format = auto
Extension = pcd
Format = auto
Extension = pcd
Format = auto
Extension = pcd
Format = auto
Extension = pcd
Format = auto
Extension = pcd
Format = auto
Extension = pcd
Format = auto
Extension = pcd
Format = auto
Extension = pcd
Format = auto
Extension = pcd
Format = auto
Extension = pcd
Format = auto
Extension = pcd
Format = auto
Extension = pcd
Format = auto
Extension = pcd
Format = auto
Extension = pcd
Format = auto
Extension = pcd
Format = auto
Extension = pcd
Format = auto
Extension = pcd

sgcp_constrained receiver=4 policy=all-cavs sources=[4, 12, 1, 7] clusters=20 ra=selective_edgecooper_global comm_bytes=219056 selected_grids={12: 39, 1: 39, 7: 39}
fusion_method=early pred_boxes=33 gt_boxes=37
pred_scores_shape=(33,)
frame=22/41 receiver_sample=5/20 scenario=2026_07_15_01_26_56 timestamp=000102 cavs=[5, 19, 9]
sgcp_constrained receiver=5 policy=all-cavs sources=[5, 19, 9] clusters=20 ra=selective_edgecooper_global comm_bytes=145920 selected_grids={19: 58, 9: 50}
fusion_method=early pred_boxes=22 gt_boxes=28
pred_scores_shape=(22,)
frame=22/41 receiver_sample=6/20 scenario=2026_07_15_01_26_56 timestamp=000102 cavs=[6, 15]
sgcp_constrained receiver=6 policy=all-cavs sources=[6, 15] clusters=20 ra=selective_edgecooper_global comm_bytes=76032 selected_grids={15: 48}
fusion_method=early pred_boxes=16 gt_boxes=22
pred_scores_shape=(16,)
frame=22/41 receiver_sample=7/20 scenario=2026_07_15_01_26_56 timestamp=000102 cavs=[7, 12, 5, 4]
sgcp_constrained receiver=7 policy=all-cavs sources=[7, 12, 5, 4] clusters=20 ra=selective_edgecooper_global comm_bytes=228784 selected_grids={12: 39, 5: 39, 4: 39}
fusion_method=early pred_boxes=19 gt_boxes=39
pred_scores_shape=(19,)
frame=22/41 receiver_sample=8/20 scenario=2026_07_15_01_26_56 timestamp=000102 cavs=[8, 11, 12, 1]
sgcp_constrained receiver=8 policy=all-cavs sources=[8, 11, 12, 1] clusters=20 ra=selective_edgecooper_global comm_bytes=214672 selected_grids={11: 39, 12: 39, 1: 39}
fusion_method=early pred_boxes=27 gt_boxes=38
pred_scores_shape=(27,)
frame=22/41 receiver_sample=9/20 scenario=2026_07_15_01_26_56 timestamp=000102 cavs=[9, 11, 19, 13]
sgcp_constrained receiver=9 policy=all-cavs sources=[9, 11, 19, 13] clusters=20 ra=selective_edgecooper_global comm_bytes=151776 selected_grids={11: 39, 19: 39, 13: 39}
fusion_method=early pred_boxes=25 gt_boxes=30
pred_scores_shape=(25,)
frame=22/41 receiver_sample=10/20 scenario=2026_07_15_01_26_56 timestamp=000102 cavs=[10, 5, 2, 13]
sgcp_constrained receiver=10 policy=all-cavs sources=[10, 5, 2, 13] clusters=20 ra=selective_edgecooper_global comm_bytes=227168 selected_grids={5: 39, 2: 39, 13: 39}
fusion_method=early pred_boxes=40 gt_boxes=56
pred_scores_shape=(40,)
frame=22/41 receiver_sample=11/20 scenario=2026_07_15_01_26_56 timestamp=000102 cavs=[11, 1, 9, 2]
sgcp_constrained receiver=11 policy=all-cavs sources=[11, 1, 9, 2] clusters=20 ra=selective_edgecooper_global comm_bytes=190384 selected_grids={1: 39, 9: 39, 2: 39}
fusion_method=early pred_boxes=32 gt_boxes=52
pred_scores_shape=(32,)
frame=22/41 receiver_sample=12/20 scenario=2026_07_15_01_26_56 timestamp=000102 cavs=[12, 7, 4, 8]
sgcp_constrained receiver=12 policy=all-cavs sources=[12, 7, 4, 8] clusters=20 ra=selective_edgecooper_global comm_bytes=214512 selected_grids={7: 39, 4: 39, 8: 39}
fusion_method=early pred_boxes=27 gt_boxes=40
pred_scores_shape=(27,)
frame=22/41 receiver_sample=13/20 scenario=2026_07_15_01_26_56 timestamp=000102 cavs=[13, 10, 19, 9]
sgcp_constrained receiver=13 policy=all-cavs sources=[13, 10, 19, 9] clusters=20 ra=selective_edgecooper_global comm_bytes=157440 selected_grids={10: 39, 19: 39, 9: 39}
fusion_method=early pred_boxes=20 gt_boxes=37
pred_scores_shape=(20,)
frame=22/41 receiver_sample=14/20 scenario=2026_07_15_01_26_56 timestamp=000102 cavs=[14]
sgcp_constrained receiver=14 policy=all-cavs sources=[14] clusters=20 ra=selective_edgecooper_global comm_bytes=0 selected_grids={}
fusion_method=early pred_boxes=4 gt_boxes=2
pred_scores_shape=(4,)
frame=22/41 receiver_sample=15/20 scenario=2026_07_15_01_26_56 timestamp=000102 cavs=[15, 6, 2]
sgcp_constrained receiver=15 policy=all-cavs sources=[15, 6, 2] clusters=20 ra=selective_edgecooper_global comm_bytes=150176 selected_grids={6: 59, 2: 54}
fusion_method=early pred_boxes=26 gt_boxes=34
pred_scores_shape=(26,)
frame=22/41 receiver_sample=16/20 scenario=2026_07_15_01_26_56 timestamp=000102 cavs=[16, 17, 20, 3]
sgcp_constrained receiver=16 policy=all-cavs sources=[16, 17, 20, 3] clusters=20 ra=selective_edgecooper_global comm_bytes=208192 selected_grids={17: 39, 20: 39, 3: 39}
fusion_method=early pred_boxes=28 gt_boxes=33
pred_scores_shape=(28,)
frame=22/41 receiver_sample=17/20 scenario=2026_07_15_01_26_56 timestamp=000102 cavs=[17, 16, 3, 20]
sgcp_constrained receiver=17 policy=all-cavs sources=[17, 16, 3, 20] clusters=20 ra=selective_edgecooper_global comm_bytes=219616 selected_grids={16: 39, 3: 39, 20: 39}
fusion_method=early pred_boxes=26 gt_boxes=33
pred_scores_shape=(26,)
frame=22/41 receiver_sample=18/20 scenario=2026_07_15_01_26_56 timestamp=000102 cavs=[18, 3]
sgcp_constrained receiver=18 policy=all-cavs sources=[18, 3] clusters=20 ra=selective_edgecooper_global comm_bytes=79920 selected_grids={3: 67}
fusion_method=early pred_boxes=17 gt_boxes=14
pred_scores_shape=(17,)
frame=22/41 receiver_sample=19/20 scenario=2026_07_15_01_26_56 timestamp=000102 cavs=[19, 13, 20, 10]
sgcp_constrained receiver=19 policy=all-cavs sources=[19, 13, 20, 10] clusters=20 ra=selective_edgecooper_global comm_bytes=225120 selected_grids={13: 39, 20: 39, 10: 39}
fusion_method=early pred_boxes=27 gt_boxes=40
pred_scores_shape=(27,)
frame=22/41 receiver_sample=20/20 scenario=2026_07_15_01_26_56 timestamp=000102 cavs=[20, 7, 5, 16]
sgcp_constrained receiver=20 policy=all-cavs sources=[20, 7, 5, 16] clusters=20 ra=selective_edgecooper_global comm_bytes=157744 selected_grids={7: 39, 5: 39, 16: 39}
fusion_method=early pred_boxes=27 gt_boxes=38
pred_scores_shape=(27,)
frame=23/41 receiver_sample=1/20 scenario=2026_07_15_01_26_56 timestamp=000104 cavs=[1, 8, 11, 4]
sgcp_constrained receiver=1 policy=all-cavs sources=[1, 8, 11, 4] clusters=20 ra=selective_edgecooper_global comm_bytes=219216 selected_grids={8: 39, 11: 39, 4: 39}
fusion_method=early pred_boxes=32 gt_boxes=45
pred_scores_shape=(32,)
frame=23/41 receiver_sample=2/20 scenario=2026_07_15_01_26_56 timestamp=000104 cavs=[2, 15, 10, 8]
sgcp_constrained receiver=2 policy=all-cavs sources=[2, 15, 10, 8] clusters=20 ra=selective_edgecooper_global comm_bytes=228992 selected_grids={15: 39, 10: 39, 8: 39}
fusion_method=early pred_boxes=39 gt_boxes=49
pred_scores_shape=(39,)
frame=23/41 receiver_sample=3/20 scenario=2026_07_15_01_26_56 timestamp=000104 cavs=[3, 18, 16, 17]
sgcp_constrained receiver=3 policy=all-cavs sources=[3, 18, 16, 17] clusters=20 ra=selective_edgecooper_global comm_bytes=225168 selected_grids={18: 39, 16: 39, 17: 39}
fusion_method=early pred_boxes=26 gt_boxes=28
pred_scores_shape=(26,)
frame=23/41 receiver_sample=4/20 scenario=2026_07_15_01_26_56 timestamp=000104 cavs=[4, 12, 1, 7]
sgcp_constrained receiver=4 policy=all-cavs sources=[4, 12, 1, 7] clusters=20 ra=selective_edgecooper_global comm_bytes=221376 selected_grids={12: 39, 1: 39, 7: 39}
fusion_method=early pred_boxes=31 gt_boxes=37
pred_scores_shape=(31,)
frame=23/41 receiver_sample=5/20 scenario=2026_07_15_01_26_56 timestamp=000104 cavs=[5, 9, 20, 19]
sgcp_constrained receiver=5 policy=all-cavs sources=[5, 9, 20, 19] clusters=20 ra=selective_edgecooper_global comm_bytes=200672 selected_grids={9: 39, 20: 39, 19: 39}
fusion_method=early pred_boxes=28 gt_boxes=38
pred_scores_shape=(28,)
frame=23/41 receiver_sample=6/20 scenario=2026_07_15_01_26_56 timestamp=000104 cavs=[6, 15]
sgcp_constrained receiver=6 policy=all-cavs sources=[6, 15] clusters=20 ra=selective_edgecooper_global comm_bytes=75808 selected_grids={15: 49}
fusion_method=early pred_boxes=17 gt_boxes=23
pred_scores_shape=(17,)
frame=23/41 receiver_sample=7/20 scenario=2026_07_15_01_26_56 timestamp=000104 cavs=[7, 12, 17, 5]
sgcp_constrained receiver=7 policy=all-cavs sources=[7, 12, 17, 5] clusters=20 ra=selective_edgecooper_global comm_bytes=232272 selected_grids={12: 39, 17: 39, 5: 39}
fusion_method=early pred_boxes=24 gt_boxes=31
pred_scores_shape=(24,)
frame=23/41 receiver_sample=8/20 scenario=2026_07_15_01_26_56 timestamp=000104 cavs=[8, 11, 12, 1]
sgcp_constrained receiver=8 policy=all-cavs sources=[8, 11, 12, 1] clusters=20 ra=selective_edgecooper_global comm_bytes=214848 selected_grids={11: 39, 12: 39, 1: 39}
fusion_method=early pred_boxes=25 gt_boxes=37Format = auto
Extension = pcd
Format = auto
Extension = pcd
Format = auto
Extension = pcd
Format = auto
Extension = pcd
Format = auto
Extension = pcd
Format = auto
Extension = pcd
Format = auto
Extension = pcd
Format = auto
Extension = pcd
Format = auto
Extension = pcd
Format = auto
Extension = pcd
Format = auto
Extension = pcd
Format = auto
Extension = pcd
Format = auto
Extension = pcd
Format = auto
Extension = pcd
Format = auto
Extension = pcd
Format = auto
Extension = pcd
Format = auto
Extension = pcd
Format = auto
Extension = pcd
Format = auto
Extension = pcd
Format = auto
Extension = pcd

pred_scores_shape=(25,)
frame=23/41 receiver_sample=9/20 scenario=2026_07_15_01_26_56 timestamp=000104 cavs=[9, 11, 13]
sgcp_constrained receiver=9 policy=all-cavs sources=[9, 11, 13] clusters=20 ra=selective_edgecooper_global comm_bytes=138912 selected_grids={11: 51, 13: 52}
fusion_method=early pred_boxes=23 gt_boxes=30
pred_scores_shape=(23,)
frame=23/41 receiver_sample=10/20 scenario=2026_07_15_01_26_56 timestamp=000104 cavs=[10, 5, 2, 13]
sgcp_constrained receiver=10 policy=all-cavs sources=[10, 5, 2, 13] clusters=20 ra=selective_edgecooper_global comm_bytes=226848 selected_grids={5: 39, 2: 39, 13: 39}
fusion_method=early pred_boxes=36 gt_boxes=54
pred_scores_shape=(36,)
frame=23/41 receiver_sample=11/20 scenario=2026_07_15_01_26_56 timestamp=000104 cavs=[11, 1, 9, 2]
sgcp_constrained receiver=11 policy=all-cavs sources=[11, 1, 9, 2] clusters=20 ra=selective_edgecooper_global comm_bytes=190384 selected_grids={1: 39, 9: 39, 2: 39}
fusion_method=early pred_boxes=30 gt_boxes=52
pred_scores_shape=(30,)
frame=23/41 receiver_sample=12/20 scenario=2026_07_15_01_26_56 timestamp=000104 cavs=[12, 7, 4, 8]
sgcp_constrained receiver=12 policy=all-cavs sources=[12, 7, 4, 8] clusters=20 ra=selective_edgecooper_global comm_bytes=214176 selected_grids={7: 39, 4: 39, 8: 39}
fusion_method=early pred_boxes=30 gt_boxes=40
pred_scores_shape=(30,)
frame=23/41 receiver_sample=13/20 scenario=2026_07_15_01_26_56 timestamp=000104 cavs=[13, 10, 19, 9]
sgcp_constrained receiver=13 policy=all-cavs sources=[13, 10, 19, 9] clusters=20 ra=selective_edgecooper_global comm_bytes=157296 selected_grids={10: 39, 19: 39, 9: 39}
fusion_method=early pred_boxes=22 gt_boxes=37
pred_scores_shape=(22,)
frame=23/41 receiver_sample=14/20 scenario=2026_07_15_01_26_56 timestamp=000104 cavs=[14]
sgcp_constrained receiver=14 policy=all-cavs sources=[14] clusters=20 ra=selective_edgecooper_global comm_bytes=0 selected_grids={}
fusion_method=early pred_boxes=4 gt_boxes=1
pred_scores_shape=(4,)
frame=23/41 receiver_sample=15/20 scenario=2026_07_15_01_26_56 timestamp=000104 cavs=[15, 6, 2]
sgcp_constrained receiver=15 policy=all-cavs sources=[15, 6, 2] clusters=20 ra=selective_edgecooper_global comm_bytes=150432 selected_grids={6: 59, 2: 53}
fusion_method=early pred_boxes=27 gt_boxes=34
pred_scores_shape=(27,)
frame=23/41 receiver_sample=16/20 scenario=2026_07_15_01_26_56 timestamp=000104 cavs=[16, 20, 3, 17]
sgcp_constrained receiver=16 policy=all-cavs sources=[16, 20, 3, 17] clusters=20 ra=selective_edgecooper_global comm_bytes=217712 selected_grids={20: 39, 3: 39, 17: 39}
fusion_method=early pred_boxes=30 gt_boxes=33
pred_scores_shape=(30,)
frame=23/41 receiver_sample=17/20 scenario=2026_07_15_01_26_56 timestamp=000104 cavs=[17, 16, 3, 7]
sgcp_constrained receiver=17 policy=all-cavs sources=[17, 16, 3, 7] clusters=20 ra=selective_edgecooper_global comm_bytes=215040 selected_grids={16: 39, 3: 39, 7: 39}
fusion_method=early pred_boxes=25 gt_boxes=26
pred_scores_shape=(25,)
frame=23/41 receiver_sample=18/20 scenario=2026_07_15_01_26_56 timestamp=000104 cavs=[18, 3]
sgcp_constrained receiver=18 policy=all-cavs sources=[18, 3] clusters=20 ra=selective_edgecooper_global comm_bytes=79424 selected_grids={3: 67}
fusion_method=early pred_boxes=19 gt_boxes=14
pred_scores_shape=(19,)
frame=23/41 receiver_sample=19/20 scenario=2026_07_15_01_26_56 timestamp=000104 cavs=[19, 13, 20, 10]
sgcp_constrained receiver=19 policy=all-cavs sources=[19, 13, 20, 10] clusters=20 ra=selective_edgecooper_global comm_bytes=225312 selected_grids={13: 39, 20: 39, 10: 39}
fusion_method=early pred_boxes=28 gt_boxes=40
pred_scores_shape=(28,)
frame=23/41 receiver_sample=20/20 scenario=2026_07_15_01_26_56 timestamp=000104 cavs=[20, 16, 19, 5]
sgcp_constrained receiver=20 policy=all-cavs sources=[20, 16, 19, 5] clusters=20 ra=selective_edgecooper_global comm_bytes=161360 selected_grids={16: 39, 19: 39, 5: 39}
fusion_method=early pred_boxes=25 gt_boxes=40
pred_scores_shape=(25,)
frame=24/41 receiver_sample=1/20 scenario=2026_07_15_01_26_56 timestamp=000106 cavs=[1, 8, 11, 4]
sgcp_constrained receiver=1 policy=all-cavs sources=[1, 8, 11, 4] clusters=20 ra=selective_edgecooper_global comm_bytes=219328 selected_grids={8: 39, 11: 39, 4: 39}
fusion_method=early pred_boxes=31 gt_boxes=45
pred_scores_shape=(31,)
frame=24/41 receiver_sample=2/20 scenario=2026_07_15_01_26_56 timestamp=000106 cavs=[2, 15, 10, 8]
sgcp_constrained receiver=2 policy=all-cavs sources=[2, 15, 10, 8] clusters=20 ra=selective_edgecooper_global comm_bytes=228896 selected_grids={15: 39, 10: 39, 8: 39}
fusion_method=early pred_boxes=39 gt_boxes=49
pred_scores_shape=(39,)
frame=24/41 receiver_sample=3/20 scenario=2026_07_15_01_26_56 timestamp=000106 cavs=[3, 18, 16, 17]
sgcp_constrained receiver=3 policy=all-cavs sources=[3, 18, 16, 17] clusters=20 ra=selective_edgecooper_global comm_bytes=229360 selected_grids={18: 39, 16: 39, 17: 39}
fusion_method=early pred_boxes=26 gt_boxes=28
pred_scores_shape=(26,)
frame=24/41 receiver_sample=4/20 scenario=2026_07_15_01_26_56 timestamp=000106 cavs=[4, 12, 1, 7]
sgcp_constrained receiver=4 policy=all-cavs sources=[4, 12, 1, 7] clusters=20 ra=selective_edgecooper_global comm_bytes=222880 selected_grids={12: 39, 1: 39, 7: 39}
fusion_method=early pred_boxes=34 gt_boxes=37
pred_scores_shape=(34,)
frame=24/41 receiver_sample=5/20 scenario=2026_07_15_01_26_56 timestamp=000106 cavs=[5, 9, 20, 19]
sgcp_constrained receiver=5 policy=all-cavs sources=[5, 9, 20, 19] clusters=20 ra=selective_edgecooper_global comm_bytes=210544 selected_grids={9: 39, 20: 39, 19: 39}
fusion_method=early pred_boxes=26 gt_boxes=36
pred_scores_shape=(26,)
frame=24/41 receiver_sample=6/20 scenario=2026_07_15_01_26_56 timestamp=000106 cavs=[6, 15]
sgcp_constrained receiver=6 policy=all-cavs sources=[6, 15] clusters=20 ra=selective_edgecooper_global comm_bytes=75680 selected_grids={15: 49}
fusion_method=early pred_boxes=14 gt_boxes=23
pred_scores_shape=(14,)
frame=24/41 receiver_sample=7/20 scenario=2026_07_15_01_26_56 timestamp=000106 cavs=[7, 12, 17, 5]
sgcp_constrained receiver=7 policy=all-cavs sources=[7, 12, 17, 5] clusters=20 ra=selective_edgecooper_global comm_bytes=231728 selected_grids={12: 39, 17: 39, 5: 39}
fusion_method=early pred_boxes=27 gt_boxes=29
pred_scores_shape=(27,)
frame=24/41 receiver_sample=8/20 scenario=2026_07_15_01_26_56 timestamp=000106 cavs=[8, 11, 12, 1]
sgcp_constrained receiver=8 policy=all-cavs sources=[8, 11, 12, 1] clusters=20 ra=selective_edgecooper_global comm_bytes=214864 selected_grids={11: 39, 12: 39, 1: 39}
fusion_method=early pred_boxes=25 gt_boxes=37
pred_scores_shape=(25,)
frame=24/41 receiver_sample=9/20 scenario=2026_07_15_01_26_56 timestamp=000106 cavs=[9, 11, 13]
sgcp_constrained receiver=9 policy=all-cavs sources=[9, 11, 13] clusters=20 ra=selective_edgecooper_global comm_bytes=140608 selected_grids={11: 51, 13: 55}
fusion_method=early pred_boxes=24 gt_boxes=30
pred_scores_shape=(24,)
frame=24/41 receiver_sample=10/20 scenario=2026_07_15_01_26_56 timestamp=000106 cavs=[10, 5, 2, 13]
sgcp_constrained receiver=10 policy=all-cavs sources=[10, 5, 2, 13] clusters=20 ra=selective_edgecooper_global comm_bytes=227488 selected_grids={5: 39, 2: 39, 13: 39}
fusion_method=early pred_boxes=37 gt_boxes=53
pred_scores_shape=(37,)
frame=24/41 receiver_sample=11/20 scenario=2026_07_15_01_26_56 timestamp=000106 cavs=[11, 1, 9, 2]
sgcp_constrained receiver=11 policy=all-cavs sources=[11, 1, 9, 2] clusters=20 ra=selective_edgecooper_global comm_bytes=190432 selected_grids={1: 39, 9: 39, 2: 39}
fusion_method=early pred_boxes=31 gt_boxes=52
pred_scores_shape=(31,)
frame=24/41 receiver_sample=12/20 scenario=2026_07_15_01_26_56 timestamp=000106 cavs=[12, 7, 4, 8]
sgcp_constrained receiver=12 policy=all-cavs sources=[12, 7, 4, 8] clusters=20 ra=selective_edgecooper_global comm_bytes=213984 selected_grids={7: 39, 4: 39, 8: 39}
fusion_method=early pred_boxes=27 gt_boxes=39
pred_scores_shape=(27,)
frame=24/41 receiver_sample=13/20 scenario=2026_07_15_01_26_56 timestamp=000106 cavs=[13, 10, 19, 9]
sgcp_constrained receiver=13 policy=all-cavs sources=[13, 10, 19, 9] clusters=20 ra=selective_edgecooper_global comm_bytes=157568 selected_grids={10: 39, 19: 39, 9: 39}Format = auto
Extension = pcd
Format = auto
Extension = pcd
Format = auto
Extension = pcd
Format = auto
Extension = pcd
Format = auto
Extension = pcd
Format = auto
Extension = pcd
Format = auto
Extension = pcd
Format = auto
Extension = pcd
Format = auto
Extension = pcd
Format = auto
Extension = pcd
Format = auto
Extension = pcd
Format = auto
Extension = pcd
Format = auto
Extension = pcd
Format = auto
Extension = pcd
Format = auto
Extension = pcd
Format = auto
Extension = pcd
Format = auto
Extension = pcd
Format = auto
Extension = pcd
Format = auto
Extension = pcd
Format = auto
Extension = pcd

fusion_method=early pred_boxes=20 gt_boxes=38
pred_scores_shape=(20,)
frame=24/41 receiver_sample=14/20 scenario=2026_07_15_01_26_56 timestamp=000106 cavs=[14]
sgcp_constrained receiver=14 policy=all-cavs sources=[14] clusters=20 ra=selective_edgecooper_global comm_bytes=0 selected_grids={}
fusion_method=early pred_boxes=4 gt_boxes=1
pred_scores_shape=(4,)
frame=24/41 receiver_sample=15/20 scenario=2026_07_15_01_26_56 timestamp=000106 cavs=[15, 6, 2]
sgcp_constrained receiver=15 policy=all-cavs sources=[15, 6, 2] clusters=20 ra=selective_edgecooper_global comm_bytes=150480 selected_grids={6: 59, 2: 53}
fusion_method=early pred_boxes=26 gt_boxes=34
pred_scores_shape=(26,)
frame=24/41 receiver_sample=16/20 scenario=2026_07_15_01_26_56 timestamp=000106 cavs=[16, 20, 3, 17]
sgcp_constrained receiver=16 policy=all-cavs sources=[16, 20, 3, 17] clusters=20 ra=selective_edgecooper_global comm_bytes=217648 selected_grids={20: 39, 3: 39, 17: 39}
fusion_method=early pred_boxes=30 gt_boxes=33
pred_scores_shape=(30,)
frame=24/41 receiver_sample=17/20 scenario=2026_07_15_01_26_56 timestamp=000106 cavs=[17, 16, 3, 7]
sgcp_constrained receiver=17 policy=all-cavs sources=[17, 16, 3, 7] clusters=20 ra=selective_edgecooper_global comm_bytes=213648 selected_grids={16: 39, 3: 39, 7: 39}
fusion_method=early pred_boxes=23 gt_boxes=25
pred_scores_shape=(23,)
frame=24/41 receiver_sample=18/20 scenario=2026_07_15_01_26_56 timestamp=000106 cavs=[18, 3]
sgcp_constrained receiver=18 policy=all-cavs sources=[18, 3] clusters=20 ra=selective_edgecooper_global comm_bytes=79776 selected_grids={3: 65}
fusion_method=early pred_boxes=17 gt_boxes=14
pred_scores_shape=(17,)
frame=24/41 receiver_sample=19/20 scenario=2026_07_15_01_26_56 timestamp=000106 cavs=[19, 13, 20, 10]
sgcp_constrained receiver=19 policy=all-cavs sources=[19, 13, 20, 10] clusters=20 ra=selective_edgecooper_global comm_bytes=225584 selected_grids={13: 39, 20: 39, 10: 39}
fusion_method=early pred_boxes=26 gt_boxes=41
pred_scores_shape=(26,)
frame=24/41 receiver_sample=20/20 scenario=2026_07_15_01_26_56 timestamp=000106 cavs=[20, 16, 19, 5]
sgcp_constrained receiver=20 policy=all-cavs sources=[20, 16, 19, 5] clusters=20 ra=selective_edgecooper_global comm_bytes=162112 selected_grids={16: 39, 19: 39, 5: 39}
fusion_method=early pred_boxes=31 gt_boxes=40
pred_scores_shape=(31,)
frame=25/41 receiver_sample=1/20 scenario=2026_07_15_01_26_56 timestamp=000108 cavs=[1, 8, 11, 4]
sgcp_constrained receiver=1 policy=all-cavs sources=[1, 8, 11, 4] clusters=20 ra=selective_edgecooper_global comm_bytes=219328 selected_grids={8: 39, 11: 39, 4: 39}
fusion_method=early pred_boxes=31 gt_boxes=47
pred_scores_shape=(31,)
frame=25/41 receiver_sample=2/20 scenario=2026_07_15_01_26_56 timestamp=000108 cavs=[2, 15, 10, 11]
sgcp_constrained receiver=2 policy=all-cavs sources=[2, 15, 10, 11] clusters=20 ra=selective_edgecooper_global comm_bytes=197200 selected_grids={15: 39, 10: 39, 11: 39}
fusion_method=early pred_boxes=37 gt_boxes=50
pred_scores_shape=(37,)
frame=25/41 receiver_sample=3/20 scenario=2026_07_15_01_26_56 timestamp=000108 cavs=[3, 18, 16, 17]
sgcp_constrained receiver=3 policy=all-cavs sources=[3, 18, 16, 17] clusters=20 ra=selective_edgecooper_global comm_bytes=229440 selected_grids={18: 39, 16: 39, 17: 39}
fusion_method=early pred_boxes=26 gt_boxes=28
pred_scores_shape=(26,)
frame=25/41 receiver_sample=4/20 scenario=2026_07_15_01_26_56 timestamp=000108 cavs=[4, 12, 1, 7]
sgcp_constrained receiver=4 policy=all-cavs sources=[4, 12, 1, 7] clusters=20 ra=selective_edgecooper_global comm_bytes=224176 selected_grids={12: 39, 1: 39, 7: 39}
fusion_method=early pred_boxes=32 gt_boxes=38
pred_scores_shape=(32,)
frame=25/41 receiver_sample=5/20 scenario=2026_07_15_01_26_56 timestamp=000108 cavs=[5, 9, 20, 19]
sgcp_constrained receiver=5 policy=all-cavs sources=[5, 9, 20, 19] clusters=20 ra=selective_edgecooper_global comm_bytes=210688 selected_grids={9: 39, 20: 39, 19: 39}
fusion_method=early pred_boxes=25 gt_boxes=37
pred_scores_shape=(25,)
frame=25/41 receiver_sample=6/20 scenario=2026_07_15_01_26_56 timestamp=000108 cavs=[6, 15]
sgcp_constrained receiver=6 policy=all-cavs sources=[6, 15] clusters=20 ra=selective_edgecooper_global comm_bytes=76032 selected_grids={15: 49}
fusion_method=early pred_boxes=16 gt_boxes=24
pred_scores_shape=(16,)
frame=25/41 receiver_sample=7/20 scenario=2026_07_15_01_26_56 timestamp=000108 cavs=[7, 12, 17, 8]
sgcp_constrained receiver=7 policy=all-cavs sources=[7, 12, 17, 8] clusters=20 ra=selective_edgecooper_global comm_bytes=232128 selected_grids={12: 39, 17: 39, 8: 39}
fusion_method=early pred_boxes=27 gt_boxes=29
pred_scores_shape=(27,)
frame=25/41 receiver_sample=8/20 scenario=2026_07_15_01_26_56 timestamp=000108 cavs=[8, 4, 1, 11]
sgcp_constrained receiver=8 policy=all-cavs sources=[8, 4, 1, 11] clusters=20 ra=selective_edgecooper_global comm_bytes=211392 selected_grids={4: 39, 1: 39, 11: 39}
fusion_method=early pred_boxes=29 gt_boxes=42
pred_scores_shape=(29,)
frame=25/41 receiver_sample=9/20 scenario=2026_07_15_01_26_56 timestamp=000108 cavs=[9, 5, 13]
sgcp_constrained receiver=9 policy=all-cavs sources=[9, 5, 13] clusters=20 ra=selective_edgecooper_global comm_bytes=140224 selected_grids={5: 49, 13: 52}
fusion_method=early pred_boxes=19 gt_boxes=32
pred_scores_shape=(19,)
frame=25/41 receiver_sample=10/20 scenario=2026_07_15_01_26_56 timestamp=000108 cavs=[10, 5, 2, 13]
sgcp_constrained receiver=10 policy=all-cavs sources=[10, 5, 2, 13] clusters=20 ra=selective_edgecooper_global comm_bytes=226752 selected_grids={5: 39, 2: 39, 13: 39}
fusion_method=early pred_boxes=36 gt_boxes=54
pred_scores_shape=(36,)
frame=25/41 receiver_sample=11/20 scenario=2026_07_15_01_26_56 timestamp=000108 cavs=[11, 1, 9, 2]
sgcp_constrained receiver=11 policy=all-cavs sources=[11, 1, 9, 2] clusters=20 ra=selective_edgecooper_global comm_bytes=190336 selected_grids={1: 39, 9: 39, 2: 39}
fusion_method=early pred_boxes=32 gt_boxes=52
pred_scores_shape=(32,)
frame=25/41 receiver_sample=12/20 scenario=2026_07_15_01_26_56 timestamp=000108 cavs=[12, 7, 4, 8]
sgcp_constrained receiver=12 policy=all-cavs sources=[12, 7, 4, 8] clusters=20 ra=selective_edgecooper_global comm_bytes=214080 selected_grids={7: 39, 4: 39, 8: 39}
fusion_method=early pred_boxes=29 gt_boxes=40
pred_scores_shape=(29,)
frame=25/41 receiver_sample=13/20 scenario=2026_07_15_01_26_56 timestamp=000108 cavs=[13, 19, 10, 9]
sgcp_constrained receiver=13 policy=all-cavs sources=[13, 19, 10, 9] clusters=20 ra=selective_edgecooper_global comm_bytes=221984 selected_grids={19: 39, 10: 39, 9: 39}
fusion_method=early pred_boxes=22 gt_boxes=38
pred_scores_shape=(22,)
frame=25/41 receiver_sample=14/20 scenario=2026_07_15_01_26_56 timestamp=000108 cavs=[14]
sgcp_constrained receiver=14 policy=all-cavs sources=[14] clusters=20 ra=selective_edgecooper_global comm_bytes=0 selected_grids={}
fusion_method=early pred_boxes=4 gt_boxes=1
pred_scores_shape=(4,)
frame=25/41 receiver_sample=15/20 scenario=2026_07_15_01_26_56 timestamp=000108 cavs=[15, 6, 2]
sgcp_constrained receiver=15 policy=all-cavs sources=[15, 6, 2] clusters=20 ra=selective_edgecooper_global comm_bytes=150576 selected_grids={6: 59, 2: 53}
fusion_method=early pred_boxes=25 gt_boxes=35
pred_scores_shape=(25,)
frame=25/41 receiver_sample=16/20 scenario=2026_07_15_01_26_56 timestamp=000108 cavs=[16, 20, 3, 17]
sgcp_constrained receiver=16 policy=all-cavs sources=[16, 20, 3, 17] clusters=20 ra=selective_edgecooper_global comm_bytes=216576 selected_grids={20: 39, 3: 39, 17: 39}
fusion_method=early pred_boxes=32 gt_boxes=33
pred_scores_shape=(32,)
frame=25/41 receiver_sample=17/20 scenario=2026_07_15_01_26_56 timestamp=000108 cavs=[17, 16, 3, 7]
sgcp_constrained receiver=17 policy=all-cavs sources=[17, 16, 3, 7] clusters=20 ra=selective_edgecooper_global comm_bytes=213264 selected_grids={16: 39, 3: 39, 7: 39}
fusion_method=early pred_boxes=26 gt_boxes=25
pred_scores_shape=(26,)
frame=25/41 receiver_sample=18/20 scenario=2026_07_15_01_26_56 timestamp=000108 cavs=[18, 3]
sgcp_constrained receiver=18 policy=all-cavs sources=[18, 3] clusters=20 ra=selective_edgecooper_global comm_bytes=79552 selected_grids={3: 66}Format = auto
Extension = pcd
Format = auto
Extension = pcd
Format = auto
Extension = pcd
Format = auto
Extension = pcd
Format = auto
Extension = pcd
Format = auto
Extension = pcd
Format = auto
Extension = pcd
Format = auto
Extension = pcd
Format = auto
Extension = pcd
Format = auto
Extension = pcd
Format = auto
Extension = pcd
Format = auto
Extension = pcd
Format = auto
Extension = pcd
Format = auto
Extension = pcd
Format = auto
Extension = pcd
Format = auto
Extension = pcd
Format = auto
Extension = pcd
Format = auto
Extension = pcd
Format = auto
Extension = pcd
Format = auto
Extension = pcd
Format = auto
Extension = pcd
Format = auto
Extension = pcd
Format = auto
Extension = pcd
Format = auto
Extension = pcd
Format = auto
Extension = pcd
Format = auto
Extension = pcd
Format = auto
Extension = pcd
Format = auto
Extension = pcd
Format = auto
Extension = pcd
Format = auto
Extension = pcd
Format = auto
Extension = pcd
Format = auto
Extension = pcd
Format = auto
Extension = pcd
Format = auto
Extension = pcd
Format = auto
Extension = pcd
Format = auto
Extension = pcd
Format = auto
Extension = pcd
Format = auto
Extension = pcd
Format = auto
Extension = pcd
Format = auto
Extension = pcd

fusion_method=early pred_boxes=17 gt_boxes=14
pred_scores_shape=(17,)
frame=25/41 receiver_sample=19/20 scenario=2026_07_15_01_26_56 timestamp=000108 cavs=[19, 13, 20, 10]
sgcp_constrained receiver=19 policy=all-cavs sources=[19, 13, 20, 10] clusters=20 ra=selective_edgecooper_global comm_bytes=226368 selected_grids={13: 39, 20: 39, 10: 39}
fusion_method=early pred_boxes=28 gt_boxes=41
pred_scores_shape=(28,)
frame=25/41 receiver_sample=20/20 scenario=2026_07_15_01_26_56 timestamp=000108 cavs=[20, 16, 19, 5]
sgcp_constrained receiver=20 policy=all-cavs sources=[20, 16, 19, 5] clusters=20 ra=selective_edgecooper_global comm_bytes=163360 selected_grids={16: 39, 19: 39, 5: 39}
fusion_method=early pred_boxes=28 gt_boxes=41
pred_scores_shape=(28,)
frame=26/41 receiver_sample=1/20 scenario=2026_07_15_01_26_56 timestamp=000110 cavs=[1, 8, 11, 4]
sgcp_constrained receiver=1 policy=all-cavs sources=[1, 8, 11, 4] clusters=20 ra=selective_edgecooper_global comm_bytes=219280 selected_grids={8: 39, 11: 39, 4: 39}
fusion_method=early pred_boxes=31 gt_boxes=47
pred_scores_shape=(31,)
frame=26/41 receiver_sample=2/20 scenario=2026_07_15_01_26_56 timestamp=000110 cavs=[2, 15, 10, 11]
sgcp_constrained receiver=2 policy=all-cavs sources=[2, 15, 10, 11] clusters=20 ra=selective_edgecooper_global comm_bytes=197664 selected_grids={15: 39, 10: 39, 11: 39}
fusion_method=early pred_boxes=40 gt_boxes=50
pred_scores_shape=(40,)
frame=26/41 receiver_sample=3/20 scenario=2026_07_15_01_26_56 timestamp=000110 cavs=[3, 18, 16, 17]
sgcp_constrained receiver=3 policy=all-cavs sources=[3, 18, 16, 17] clusters=20 ra=selective_edgecooper_global comm_bytes=228752 selected_grids={18: 39, 16: 39, 17: 39}
fusion_method=early pred_boxes=26 gt_boxes=28
pred_scores_shape=(26,)
frame=26/41 receiver_sample=4/20 scenario=2026_07_15_01_26_56 timestamp=000110 cavs=[4, 12, 1, 7]
sgcp_constrained receiver=4 policy=all-cavs sources=[4, 12, 1, 7] clusters=20 ra=selective_edgecooper_global comm_bytes=224896 selected_grids={12: 39, 1: 39, 7: 39}
fusion_method=early pred_boxes=32 gt_boxes=37
pred_scores_shape=(32,)
frame=26/41 receiver_sample=5/20 scenario=2026_07_15_01_26_56 timestamp=000110 cavs=[5, 9, 17, 20]
sgcp_constrained receiver=5 policy=all-cavs sources=[5, 9, 17, 20] clusters=20 ra=selective_edgecooper_global comm_bytes=201520 selected_grids={9: 39, 17: 39, 20: 39}
fusion_method=early pred_boxes=32 gt_boxes=39
pred_scores_shape=(32,)
frame=26/41 receiver_sample=6/20 scenario=2026_07_15_01_26_56 timestamp=000110 cavs=[6, 15]
sgcp_constrained receiver=6 policy=all-cavs sources=[6, 15] clusters=20 ra=selective_edgecooper_global comm_bytes=76160 selected_grids={15: 48}
fusion_method=early pred_boxes=18 gt_boxes=24
pred_scores_shape=(18,)
frame=26/41 receiver_sample=7/20 scenario=2026_07_15_01_26_56 timestamp=000110 cavs=[7, 12, 5, 4]
sgcp_constrained receiver=7 policy=all-cavs sources=[7, 12, 5, 4] clusters=20 ra=selective_edgecooper_global comm_bytes=228176 selected_grids={12: 39, 5: 39, 4: 39}
fusion_method=early pred_boxes=19 gt_boxes=35
pred_scores_shape=(19,)
frame=26/41 receiver_sample=8/20 scenario=2026_07_15_01_26_56 timestamp=000110 cavs=[8, 11, 12, 1]
sgcp_constrained receiver=8 policy=all-cavs sources=[8, 11, 12, 1] clusters=20 ra=selective_edgecooper_global comm_bytes=215088 selected_grids={11: 39, 12: 39, 1: 39}
fusion_method=early pred_boxes=24 gt_boxes=40
pred_scores_shape=(24,)
frame=26/41 receiver_sample=9/20 scenario=2026_07_15_01_26_56 timestamp=000110 cavs=[9, 13]
sgcp_constrained receiver=9 policy=all-cavs sources=[9, 13] clusters=20 ra=selective_edgecooper_global comm_bytes=65552 selected_grids={13: 53}
fusion_method=early pred_boxes=14 gt_boxes=29
pred_scores_shape=(14,)
frame=26/41 receiver_sample=10/20 scenario=2026_07_15_01_26_56 timestamp=000110 cavs=[10, 19, 8, 5]
sgcp_constrained receiver=10 policy=all-cavs sources=[10, 19, 8, 5] clusters=20 ra=selective_edgecooper_global comm_bytes=221840 selected_grids={19: 39, 8: 39, 5: 39}
fusion_method=early pred_boxes=29 gt_boxes=44
pred_scores_shape=(29,)
frame=26/41 receiver_sample=11/20 scenario=2026_07_15_01_26_56 timestamp=000110 cavs=[11, 1, 9, 2]
sgcp_constrained receiver=11 policy=all-cavs sources=[11, 1, 9, 2] clusters=20 ra=selective_edgecooper_global comm_bytes=190208 selected_grids={1: 39, 9: 39, 2: 39}
fusion_method=early pred_boxes=30 gt_boxes=53
pred_scores_shape=(30,)
frame=26/41 receiver_sample=12/20 scenario=2026_07_15_01_26_56 timestamp=000110 cavs=[12, 7, 4, 8]
sgcp_constrained receiver=12 policy=all-cavs sources=[12, 7, 4, 8] clusters=20 ra=selective_edgecooper_global comm_bytes=213952 selected_grids={7: 39, 4: 39, 8: 39}
fusion_method=early pred_boxes=30 gt_boxes=40
pred_scores_shape=(30,)
frame=26/41 receiver_sample=13/20 scenario=2026_07_15_01_26_56 timestamp=000110 cavs=[13, 10, 19, 9]
sgcp_constrained receiver=13 policy=all-cavs sources=[13, 10, 19, 9] clusters=20 ra=selective_edgecooper_global comm_bytes=221776 selected_grids={10: 39, 19: 39, 9: 39}
fusion_method=early pred_boxes=19 gt_boxes=38
pred_scores_shape=(19,)
frame=26/41 receiver_sample=14/20 scenario=2026_07_15_01_26_56 timestamp=000110 cavs=[14]
sgcp_constrained receiver=14 policy=all-cavs sources=[14] clusters=20 ra=selective_edgecooper_global comm_bytes=0 selected_grids={}
fusion_method=early pred_boxes=4 gt_boxes=1
pred_scores_shape=(4,)
frame=26/41 receiver_sample=15/20 scenario=2026_07_15_01_26_56 timestamp=000110 cavs=[15, 6, 2]
sgcp_constrained receiver=15 policy=all-cavs sources=[15, 6, 2] clusters=20 ra=selective_edgecooper_global comm_bytes=150608 selected_grids={6: 59, 2: 53}
fusion_method=early pred_boxes=26 gt_boxes=35
pred_scores_shape=(26,)
frame=26/41 receiver_sample=16/20 scenario=2026_07_15_01_26_56 timestamp=000110 cavs=[16, 20, 3, 17]
sgcp_constrained receiver=16 policy=all-cavs sources=[16, 20, 3, 17] clusters=20 ra=selective_edgecooper_global comm_bytes=216816 selected_grids={20: 39, 3: 39, 17: 39}
fusion_method=early pred_boxes=29 gt_boxes=33
pred_scores_shape=(29,)
frame=26/41 receiver_sample=17/20 scenario=2026_07_15_01_26_56 timestamp=000110 cavs=[17, 16, 3, 7]
sgcp_constrained receiver=17 policy=all-cavs sources=[17, 16, 3, 7] clusters=20 ra=selective_edgecooper_global comm_bytes=211552 selected_grids={16: 39, 3: 39, 7: 39}
fusion_method=early pred_boxes=23 gt_boxes=25
pred_scores_shape=(23,)
frame=26/41 receiver_sample=18/20 scenario=2026_07_15_01_26_56 timestamp=000110 cavs=[18, 3]
sgcp_constrained receiver=18 policy=all-cavs sources=[18, 3] clusters=20 ra=selective_edgecooper_global comm_bytes=79872 selected_grids={3: 65}
fusion_method=early pred_boxes=19 gt_boxes=13
pred_scores_shape=(19,)
frame=26/41 receiver_sample=19/20 scenario=2026_07_15_01_26_56 timestamp=000110 cavs=[19, 13, 20, 10]
sgcp_constrained receiver=19 policy=all-cavs sources=[19, 13, 20, 10] clusters=20 ra=selective_edgecooper_global comm_bytes=226160 selected_grids={13: 39, 20: 39, 10: 39}
fusion_method=early pred_boxes=27 gt_boxes=41
pred_scores_shape=(27,)
frame=26/41 receiver_sample=20/20 scenario=2026_07_15_01_26_56 timestamp=000110 cavs=[20, 16, 19, 5]
sgcp_constrained receiver=20 policy=all-cavs sources=[20, 16, 19, 5] clusters=20 ra=selective_edgecooper_global comm_bytes=164320 selected_grids={16: 39, 19: 39, 5: 39}
fusion_method=early pred_boxes=30 gt_boxes=41
pred_scores_shape=(30,)
frame=27/41 receiver_sample=1/20 scenario=2026_07_15_01_26_56 timestamp=000112 cavs=[1, 8, 11, 4]
sgcp_constrained receiver=1 policy=all-cavs sources=[1, 8, 11, 4] clusters=20 ra=selective_edgecooper_global comm_bytes=219280 selected_grids={8: 39, 11: 39, 4: 39}
fusion_method=early pred_boxes=29 gt_boxes=45
pred_scores_shape=(29,)
frame=27/41 receiver_sample=2/20 scenario=2026_07_15_01_26_56 timestamp=000112 cavs=[2, 15, 10, 11]
sgcp_constrained receiver=2 policy=all-cavs sources=[2, 15, 10, 11] clusters=20 ra=selective_edgecooper_global comm_bytes=197120 selected_grids={15: 39, 10: 39, 11: 39}
fusion_method=early pred_boxes=38 gt_boxes=50
pred_scores_shape=(38,)
frame=27/41 receiver_sample=3/20 scenario=2026_07_15_01_26_56 timestamp=000112 cavs=[3, 18, 16, 17]Format = auto
Extension = pcd
Format = auto
Extension = pcd
Format = auto
Extension = pcd
Format = auto
Extension = pcd
Format = auto
Extension = pcd
Format = auto
Extension = pcd
Format = auto
Extension = pcd
Format = auto
Extension = pcd
Format = auto
Extension = pcd
Format = auto
Extension = pcd
Format = auto
Extension = pcd
Format = auto
Extension = pcd
Format = auto
Extension = pcd
Format = auto
Extension = pcd
Format = auto
Extension = pcd
Format = auto
Extension = pcd
Format = auto
Extension = pcd
Format = auto
Extension = pcd
Format = auto
Extension = pcd
Format = auto
Extension = pcd

sgcp_constrained receiver=3 policy=all-cavs sources=[3, 18, 16, 17] clusters=20 ra=selective_edgecooper_global comm_bytes=228416 selected_grids={18: 39, 16: 39, 17: 39}
fusion_method=early pred_boxes=24 gt_boxes=27
pred_scores_shape=(24,)
frame=27/41 receiver_sample=4/20 scenario=2026_07_15_01_26_56 timestamp=000112 cavs=[4, 12, 1, 7]
sgcp_constrained receiver=4 policy=all-cavs sources=[4, 12, 1, 7] clusters=20 ra=selective_edgecooper_global comm_bytes=225936 selected_grids={12: 39, 1: 39, 7: 39}
fusion_method=early pred_boxes=31 gt_boxes=37
pred_scores_shape=(31,)
frame=27/41 receiver_sample=5/20 scenario=2026_07_15_01_26_56 timestamp=000112 cavs=[5, 9, 17, 20]
sgcp_constrained receiver=5 policy=all-cavs sources=[5, 9, 17, 20] clusters=20 ra=selective_edgecooper_global comm_bytes=201728 selected_grids={9: 39, 17: 39, 20: 39}
fusion_method=early pred_boxes=32 gt_boxes=39
pred_scores_shape=(32,)
frame=27/41 receiver_sample=6/20 scenario=2026_07_15_01_26_56 timestamp=000112 cavs=[6, 15]
sgcp_constrained receiver=6 policy=all-cavs sources=[6, 15] clusters=20 ra=selective_edgecooper_global comm_bytes=75696 selected_grids={15: 47}
fusion_method=early pred_boxes=17 gt_boxes=24
pred_scores_shape=(17,)
frame=27/41 receiver_sample=7/20 scenario=2026_07_15_01_26_56 timestamp=000112 cavs=[7, 12, 5, 4]
sgcp_constrained receiver=7 policy=all-cavs sources=[7, 12, 5, 4] clusters=20 ra=selective_edgecooper_global comm_bytes=228192 selected_grids={12: 39, 5: 39, 4: 39}
fusion_method=early pred_boxes=24 gt_boxes=36
pred_scores_shape=(24,)
frame=27/41 receiver_sample=8/20 scenario=2026_07_15_01_26_56 timestamp=000112 cavs=[8, 11, 12, 1]
sgcp_constrained receiver=8 policy=all-cavs sources=[8, 11, 12, 1] clusters=20 ra=selective_edgecooper_global comm_bytes=214240 selected_grids={11: 39, 12: 39, 1: 39}
fusion_method=early pred_boxes=26 gt_boxes=39
pred_scores_shape=(26,)
frame=27/41 receiver_sample=9/20 scenario=2026_07_15_01_26_56 timestamp=000112 cavs=[9, 13]
sgcp_constrained receiver=9 policy=all-cavs sources=[9, 13] clusters=20 ra=selective_edgecooper_global comm_bytes=65984 selected_grids={13: 50}
fusion_method=early pred_boxes=14 gt_boxes=28
pred_scores_shape=(14,)
frame=27/41 receiver_sample=10/20 scenario=2026_07_15_01_26_56 timestamp=000112 cavs=[10, 19, 8, 5]
sgcp_constrained receiver=10 policy=all-cavs sources=[10, 19, 8, 5] clusters=20 ra=selective_edgecooper_global comm_bytes=221936 selected_grids={19: 39, 8: 39, 5: 39}
fusion_method=early pred_boxes=28 gt_boxes=43
pred_scores_shape=(28,)
frame=27/41 receiver_sample=11/20 scenario=2026_07_15_01_26_56 timestamp=000112 cavs=[11, 1, 9, 2]
sgcp_constrained receiver=11 policy=all-cavs sources=[11, 1, 9, 2] clusters=20 ra=selective_edgecooper_global comm_bytes=190176 selected_grids={1: 39, 9: 39, 2: 39}
fusion_method=early pred_boxes=31 gt_boxes=53
pred_scores_shape=(31,)
frame=27/41 receiver_sample=12/20 scenario=2026_07_15_01_26_56 timestamp=000112 cavs=[12, 7, 4, 8]
sgcp_constrained receiver=12 policy=all-cavs sources=[12, 7, 4, 8] clusters=20 ra=selective_edgecooper_global comm_bytes=213392 selected_grids={7: 39, 4: 39, 8: 39}
fusion_method=early pred_boxes=25 gt_boxes=40
pred_scores_shape=(25,)
frame=27/41 receiver_sample=13/20 scenario=2026_07_15_01_26_56 timestamp=000112 cavs=[13, 10, 19, 9]
sgcp_constrained receiver=13 policy=all-cavs sources=[13, 10, 19, 9] clusters=20 ra=selective_edgecooper_global comm_bytes=221792 selected_grids={10: 39, 19: 39, 9: 39}
fusion_method=early pred_boxes=22 gt_boxes=38
pred_scores_shape=(22,)
frame=27/41 receiver_sample=14/20 scenario=2026_07_15_01_26_56 timestamp=000112 cavs=[14]
sgcp_constrained receiver=14 policy=all-cavs sources=[14] clusters=20 ra=selective_edgecooper_global comm_bytes=0 selected_grids={}
fusion_method=early pred_boxes=3 gt_boxes=1
pred_scores_shape=(3,)
frame=27/41 receiver_sample=15/20 scenario=2026_07_15_01_26_56 timestamp=000112 cavs=[15, 6, 2]
sgcp_constrained receiver=15 policy=all-cavs sources=[15, 6, 2] clusters=20 ra=selective_edgecooper_global comm_bytes=151952 selected_grids={6: 59, 2: 54}
fusion_method=early pred_boxes=26 gt_boxes=35
pred_scores_shape=(26,)
frame=27/41 receiver_sample=16/20 scenario=2026_07_15_01_26_56 timestamp=000112 cavs=[16, 20, 3, 17]
sgcp_constrained receiver=16 policy=all-cavs sources=[16, 20, 3, 17] clusters=20 ra=selective_edgecooper_global comm_bytes=216144 selected_grids={20: 39, 3: 39, 17: 39}
fusion_method=early pred_boxes=29 gt_boxes=34
pred_scores_shape=(29,)
frame=27/41 receiver_sample=17/20 scenario=2026_07_15_01_26_56 timestamp=000112 cavs=[17, 16, 3, 7]
sgcp_constrained receiver=17 policy=all-cavs sources=[17, 16, 3, 7] clusters=20 ra=selective_edgecooper_global comm_bytes=209920 selected_grids={16: 39, 3: 39, 7: 39}
fusion_method=early pred_boxes=23 gt_boxes=27
pred_scores_shape=(23,)
frame=27/41 receiver_sample=18/20 scenario=2026_07_15_01_26_56 timestamp=000112 cavs=[18, 3]
sgcp_constrained receiver=18 policy=all-cavs sources=[18, 3] clusters=20 ra=selective_edgecooper_global comm_bytes=79696 selected_grids={3: 64}
fusion_method=early pred_boxes=19 gt_boxes=12
pred_scores_shape=(19,)
frame=27/41 receiver_sample=19/20 scenario=2026_07_15_01_26_56 timestamp=000112 cavs=[19, 13, 20, 10]
sgcp_constrained receiver=19 policy=all-cavs sources=[19, 13, 20, 10] clusters=20 ra=selective_edgecooper_global comm_bytes=226304 selected_grids={13: 39, 20: 39, 10: 39}
fusion_method=early pred_boxes=26 gt_boxes=41
pred_scores_shape=(26,)
frame=27/41 receiver_sample=20/20 scenario=2026_07_15_01_26_56 timestamp=000112 cavs=[20, 16, 19, 5]
sgcp_constrained receiver=20 policy=all-cavs sources=[20, 16, 19, 5] clusters=20 ra=selective_edgecooper_global comm_bytes=164432 selected_grids={16: 39, 19: 39, 5: 39}
fusion_method=early pred_boxes=29 gt_boxes=42
pred_scores_shape=(29,)
frame=28/41 receiver_sample=1/20 scenario=2026_07_15_01_26_56 timestamp=000114 cavs=[1, 8, 11, 15]
sgcp_constrained receiver=1 policy=all-cavs sources=[1, 8, 11, 15] clusters=20 ra=selective_edgecooper_global comm_bytes=217488 selected_grids={8: 39, 11: 39, 15: 39}
fusion_method=early pred_boxes=32 gt_boxes=43
pred_scores_shape=(32,)
frame=28/41 receiver_sample=2/20 scenario=2026_07_15_01_26_56 timestamp=000114 cavs=[2, 15, 10, 11]
sgcp_constrained receiver=2 policy=all-cavs sources=[2, 15, 10, 11] clusters=20 ra=selective_edgecooper_global comm_bytes=197072 selected_grids={15: 39, 10: 39, 11: 39}
fusion_method=early pred_boxes=36 gt_boxes=49
pred_scores_shape=(36,)
frame=28/41 receiver_sample=3/20 scenario=2026_07_15_01_26_56 timestamp=000114 cavs=[3, 18, 16, 17]
sgcp_constrained receiver=3 policy=all-cavs sources=[3, 18, 16, 17] clusters=20 ra=selective_edgecooper_global comm_bytes=229136 selected_grids={18: 39, 16: 39, 17: 39}
fusion_method=early pred_boxes=22 gt_boxes=27
pred_scores_shape=(22,)
frame=28/41 receiver_sample=4/20 scenario=2026_07_15_01_26_56 timestamp=000114 cavs=[4, 12, 1, 7]
sgcp_constrained receiver=4 policy=all-cavs sources=[4, 12, 1, 7] clusters=20 ra=selective_edgecooper_global comm_bytes=226960 selected_grids={12: 39, 1: 39, 7: 39}
fusion_method=early pred_boxes=32 gt_boxes=38
pred_scores_shape=(32,)
frame=28/41 receiver_sample=5/20 scenario=2026_07_15_01_26_56 timestamp=000114 cavs=[5, 20, 17, 9]
sgcp_constrained receiver=5 policy=all-cavs sources=[5, 20, 17, 9] clusters=20 ra=selective_edgecooper_global comm_bytes=217472 selected_grids={20: 39, 17: 39, 9: 39}
fusion_method=early pred_boxes=31 gt_boxes=39
pred_scores_shape=(31,)
frame=28/41 receiver_sample=6/20 scenario=2026_07_15_01_26_56 timestamp=000114 cavs=[6, 15]
sgcp_constrained receiver=6 policy=all-cavs sources=[6, 15] clusters=20 ra=selective_edgecooper_global comm_bytes=75984 selected_grids={15: 49}
fusion_method=early pred_boxes=17 gt_boxes=24
pred_scores_shape=(17,)
frame=28/41 receiver_sample=7/20 scenario=2026_07_15_01_26_56 timestamp=000114 cavs=[7, 4, 5, 12]
sgcp_constrained receiver=7 policy=all-cavs sources=[7, 4, 5, 12] clusters=20 ra=selective_edgecooper_global comm_bytes=227104 selected_grids={4: 39, 5: 39, 12: 39}
fusion_method=early pred_boxes=20 gt_boxes=38Format = auto
Extension = pcd
Format = auto
Extension = pcd
Format = auto
Extension = pcd
Format = auto
Extension = pcd
Format = auto
Extension = pcd
Format = auto
Extension = pcd
Format = auto
Extension = pcd
Format = auto
Extension = pcd
Format = auto
Extension = pcd
Format = auto
Extension = pcd
Format = auto
Extension = pcd
Format = auto
Extension = pcd
Format = auto
Extension = pcd
Format = auto
Extension = pcd
Format = auto
Extension = pcd
Format = auto
Extension = pcd
Format = auto
Extension = pcd
Format = auto
Extension = pcd
Format = auto
Extension = pcd
Format = auto
Extension = pcd

pred_scores_shape=(20,)
frame=28/41 receiver_sample=8/20 scenario=2026_07_15_01_26_56 timestamp=000114 cavs=[8, 4, 2, 11]
sgcp_constrained receiver=8 policy=all-cavs sources=[8, 4, 2, 11] clusters=20 ra=selective_edgecooper_global comm_bytes=224752 selected_grids={4: 39, 2: 39, 11: 39}
fusion_method=early pred_boxes=23 gt_boxes=41
pred_scores_shape=(23,)
frame=28/41 receiver_sample=9/20 scenario=2026_07_15_01_26_56 timestamp=000114 cavs=[9, 13]
sgcp_constrained receiver=9 policy=all-cavs sources=[9, 13] clusters=20 ra=selective_edgecooper_global comm_bytes=67360 selected_grids={13: 55}
fusion_method=early pred_boxes=14 gt_boxes=28
pred_scores_shape=(14,)
frame=28/41 receiver_sample=10/20 scenario=2026_07_15_01_26_56 timestamp=000114 cavs=[10, 19, 8, 5]
sgcp_constrained receiver=10 policy=all-cavs sources=[10, 19, 8, 5] clusters=20 ra=selective_edgecooper_global comm_bytes=221616 selected_grids={19: 39, 8: 39, 5: 39}
fusion_method=early pred_boxes=31 gt_boxes=43
pred_scores_shape=(31,)
frame=28/41 receiver_sample=11/20 scenario=2026_07_15_01_26_56 timestamp=000114 cavs=[11, 1, 9, 2]
sgcp_constrained receiver=11 policy=all-cavs sources=[11, 1, 9, 2] clusters=20 ra=selective_edgecooper_global comm_bytes=190112 selected_grids={1: 39, 9: 39, 2: 39}
fusion_method=early pred_boxes=32 gt_boxes=53
pred_scores_shape=(32,)
frame=28/41 receiver_sample=12/20 scenario=2026_07_15_01_26_56 timestamp=000114 cavs=[12, 7, 4, 8]
sgcp_constrained receiver=12 policy=all-cavs sources=[12, 7, 4, 8] clusters=20 ra=selective_edgecooper_global comm_bytes=213056 selected_grids={7: 39, 4: 39, 8: 39}
fusion_method=early pred_boxes=30 gt_boxes=41
pred_scores_shape=(30,)
frame=28/41 receiver_sample=13/20 scenario=2026_07_15_01_26_56 timestamp=000114 cavs=[13, 10, 19, 9]
sgcp_constrained receiver=13 policy=all-cavs sources=[13, 10, 19, 9] clusters=20 ra=selective_edgecooper_global comm_bytes=223984 selected_grids={10: 39, 19: 39, 9: 39}
fusion_method=early pred_boxes=22 gt_boxes=39
pred_scores_shape=(22,)
frame=28/41 receiver_sample=14/20 scenario=2026_07_15_01_26_56 timestamp=000114 cavs=[14]
sgcp_constrained receiver=14 policy=all-cavs sources=[14] clusters=20 ra=selective_edgecooper_global comm_bytes=0 selected_grids={}
fusion_method=early pred_boxes=3 gt_boxes=2
pred_scores_shape=(3,)
frame=28/41 receiver_sample=15/20 scenario=2026_07_15_01_26_56 timestamp=000114 cavs=[15, 6, 1, 2]
sgcp_constrained receiver=15 policy=all-cavs sources=[15, 6, 1, 2] clusters=20 ra=selective_edgecooper_global comm_bytes=227568 selected_grids={6: 39, 1: 39, 2: 39}
fusion_method=early pred_boxes=28 gt_boxes=42
pred_scores_shape=(28,)
frame=28/41 receiver_sample=16/20 scenario=2026_07_15_01_26_56 timestamp=000114 cavs=[16, 20, 3, 17]
sgcp_constrained receiver=16 policy=all-cavs sources=[16, 20, 3, 17] clusters=20 ra=selective_edgecooper_global comm_bytes=214752 selected_grids={20: 39, 3: 39, 17: 39}
fusion_method=early pred_boxes=30 gt_boxes=34
pred_scores_shape=(30,)
frame=28/41 receiver_sample=17/20 scenario=2026_07_15_01_26_56 timestamp=000114 cavs=[17, 16, 3, 7]
sgcp_constrained receiver=17 policy=all-cavs sources=[17, 16, 3, 7] clusters=20 ra=selective_edgecooper_global comm_bytes=209024 selected_grids={16: 39, 3: 39, 7: 39}
fusion_method=early pred_boxes=23 gt_boxes=27
pred_scores_shape=(23,)
frame=28/41 receiver_sample=18/20 scenario=2026_07_15_01_26_56 timestamp=000114 cavs=[18, 3]
sgcp_constrained receiver=18 policy=all-cavs sources=[18, 3] clusters=20 ra=selective_edgecooper_global comm_bytes=79568 selected_grids={3: 65}
fusion_method=early pred_boxes=17 gt_boxes=13
pred_scores_shape=(17,)
frame=28/41 receiver_sample=19/20 scenario=2026_07_15_01_26_56 timestamp=000114 cavs=[19, 13, 20, 10]
sgcp_constrained receiver=19 policy=all-cavs sources=[19, 13, 20, 10] clusters=20 ra=selective_edgecooper_global comm_bytes=226784 selected_grids={13: 39, 20: 39, 10: 39}
fusion_method=early pred_boxes=27 gt_boxes=41
pred_scores_shape=(27,)
frame=28/41 receiver_sample=20/20 scenario=2026_07_15_01_26_56 timestamp=000114 cavs=[20, 16, 19, 5]
sgcp_constrained receiver=20 policy=all-cavs sources=[20, 16, 19, 5] clusters=20 ra=selective_edgecooper_global comm_bytes=172528 selected_grids={16: 39, 19: 39, 5: 39}
fusion_method=early pred_boxes=28 gt_boxes=42
pred_scores_shape=(28,)
frame=29/41 receiver_sample=1/20 scenario=2026_07_15_01_26_56 timestamp=000116 cavs=[1, 8, 11, 15]
sgcp_constrained receiver=1 policy=all-cavs sources=[1, 8, 11, 15] clusters=20 ra=selective_edgecooper_global comm_bytes=217824 selected_grids={8: 39, 11: 39, 15: 39}
fusion_method=early pred_boxes=33 gt_boxes=43
pred_scores_shape=(33,)
frame=29/41 receiver_sample=2/20 scenario=2026_07_15_01_26_56 timestamp=000116 cavs=[2, 15, 10, 11]
sgcp_constrained receiver=2 policy=all-cavs sources=[2, 15, 10, 11] clusters=20 ra=selective_edgecooper_global comm_bytes=197168 selected_grids={15: 39, 10: 39, 11: 39}
fusion_method=early pred_boxes=38 gt_boxes=50
pred_scores_shape=(38,)
frame=29/41 receiver_sample=3/20 scenario=2026_07_15_01_26_56 timestamp=000116 cavs=[3, 18, 16, 17]
sgcp_constrained receiver=3 policy=all-cavs sources=[3, 18, 16, 17] clusters=20 ra=selective_edgecooper_global comm_bytes=228592 selected_grids={18: 39, 16: 39, 17: 39}
fusion_method=early pred_boxes=25 gt_boxes=26
pred_scores_shape=(25,)
frame=29/41 receiver_sample=4/20 scenario=2026_07_15_01_26_56 timestamp=000116 cavs=[4, 12, 1, 7]
sgcp_constrained receiver=4 policy=all-cavs sources=[4, 12, 1, 7] clusters=20 ra=selective_edgecooper_global comm_bytes=227744 selected_grids={12: 39, 1: 39, 7: 39}
fusion_method=early pred_boxes=32 gt_boxes=38
pred_scores_shape=(32,)
frame=29/41 receiver_sample=5/20 scenario=2026_07_15_01_26_56 timestamp=000116 cavs=[5, 20, 17, 9]
sgcp_constrained receiver=5 policy=all-cavs sources=[5, 20, 17, 9] clusters=20 ra=selective_edgecooper_global comm_bytes=216912 selected_grids={20: 39, 17: 39, 9: 39}
fusion_method=early pred_boxes=34 gt_boxes=38
pred_scores_shape=(34,)
frame=29/41 receiver_sample=6/20 scenario=2026_07_15_01_26_56 timestamp=000116 cavs=[6, 15]
sgcp_constrained receiver=6 policy=all-cavs sources=[6, 15] clusters=20 ra=selective_edgecooper_global comm_bytes=76064 selected_grids={15: 49}
fusion_method=early pred_boxes=16 gt_boxes=24
pred_scores_shape=(16,)
frame=29/41 receiver_sample=7/20 scenario=2026_07_15_01_26_56 timestamp=000116 cavs=[7, 4, 5, 12]
sgcp_constrained receiver=7 policy=all-cavs sources=[7, 4, 5, 12] clusters=20 ra=selective_edgecooper_global comm_bytes=227056 selected_grids={4: 39, 5: 39, 12: 39}
fusion_method=early pred_boxes=19 gt_boxes=38
pred_scores_shape=(19,)
frame=29/41 receiver_sample=8/20 scenario=2026_07_15_01_26_56 timestamp=000116 cavs=[8, 4, 2, 11]
sgcp_constrained receiver=8 policy=all-cavs sources=[8, 4, 2, 11] clusters=20 ra=selective_edgecooper_global comm_bytes=224384 selected_grids={4: 39, 2: 39, 11: 39}
fusion_method=early pred_boxes=26 gt_boxes=41
pred_scores_shape=(26,)
frame=29/41 receiver_sample=9/20 scenario=2026_07_15_01_26_56 timestamp=000116 cavs=[9, 13]
sgcp_constrained receiver=9 policy=all-cavs sources=[9, 13] clusters=20 ra=selective_edgecooper_global comm_bytes=68288 selected_grids={13: 54}
fusion_method=early pred_boxes=15 gt_boxes=29
pred_scores_shape=(15,)
frame=29/41 receiver_sample=10/20 scenario=2026_07_15_01_26_56 timestamp=000116 cavs=[10, 19, 8, 5]
sgcp_constrained receiver=10 policy=all-cavs sources=[10, 19, 8, 5] clusters=20 ra=selective_edgecooper_global comm_bytes=221984 selected_grids={19: 39, 8: 39, 5: 39}
fusion_method=early pred_boxes=31 gt_boxes=42
pred_scores_shape=(31,)
frame=29/41 receiver_sample=11/20 scenario=2026_07_15_01_26_56 timestamp=000116 cavs=[11, 1, 9, 2]
sgcp_constrained receiver=11 policy=all-cavs sources=[11, 1, 9, 2] clusters=20 ra=selective_edgecooper_global comm_bytes=190128 selected_grids={1: 39, 9: 39, 2: 39}
fusion_method=early pred_boxes=31 gt_boxes=53
pred_scores_shape=(31,)
frame=29/41 receiver_sample=12/20 scenario=2026_07_15_01_26_56 timestamp=000116 cavs=[12, 4, 7, 8]
sgcp_constrained receiver=12 policy=all-cavs sources=[12, 4, 7, 8] clusters=20 ra=selective_edgecooper_global comm_bytes=224432 selected_grids={4: 39, 7: 39, 8: 39}Format = auto
Extension = pcd
Format = auto
Extension = pcd
Format = auto
Extension = pcd
Format = auto
Extension = pcd
Format = auto
Extension = pcd
Format = auto
Extension = pcd
Format = auto
Extension = pcd
Format = auto
Extension = pcd
Format = auto
Extension = pcd
Format = auto
Extension = pcd
Format = auto
Extension = pcd
Format = auto
Extension = pcd
Format = auto
Extension = pcd
Format = auto
Extension = pcd
Format = auto
Extension = pcd
Format = auto
Extension = pcd
Format = auto
Extension = pcd
Format = auto
Extension = pcd
Format = auto
Extension = pcd
Format = auto
Extension = pcd

fusion_method=early pred_boxes=26 gt_boxes=39
pred_scores_shape=(26,)
frame=29/41 receiver_sample=13/20 scenario=2026_07_15_01_26_56 timestamp=000116 cavs=[13, 10, 19, 9]
sgcp_constrained receiver=13 policy=all-cavs sources=[13, 10, 19, 9] clusters=20 ra=selective_edgecooper_global comm_bytes=225568 selected_grids={10: 39, 19: 39, 9: 39}
fusion_method=early pred_boxes=23 gt_boxes=39
pred_scores_shape=(23,)
frame=29/41 receiver_sample=14/20 scenario=2026_07_15_01_26_56 timestamp=000116 cavs=[14]
sgcp_constrained receiver=14 policy=all-cavs sources=[14] clusters=20 ra=selective_edgecooper_global comm_bytes=0 selected_grids={}
fusion_method=early pred_boxes=4 gt_boxes=2
pred_scores_shape=(4,)
frame=29/41 receiver_sample=15/20 scenario=2026_07_15_01_26_56 timestamp=000116 cavs=[15, 6, 1, 2]
sgcp_constrained receiver=15 policy=all-cavs sources=[15, 6, 1, 2] clusters=20 ra=selective_edgecooper_global comm_bytes=227616 selected_grids={6: 39, 1: 39, 2: 39}
fusion_method=early pred_boxes=27 gt_boxes=42
pred_scores_shape=(27,)
frame=29/41 receiver_sample=16/20 scenario=2026_07_15_01_26_56 timestamp=000116 cavs=[16, 17, 20, 3]
sgcp_constrained receiver=16 policy=all-cavs sources=[16, 17, 20, 3] clusters=20 ra=selective_edgecooper_global comm_bytes=215792 selected_grids={17: 39, 20: 39, 3: 39}
fusion_method=early pred_boxes=28 gt_boxes=33
pred_scores_shape=(28,)
frame=29/41 receiver_sample=17/20 scenario=2026_07_15_01_26_56 timestamp=000116 cavs=[17, 16, 3, 7]
sgcp_constrained receiver=17 policy=all-cavs sources=[17, 16, 3, 7] clusters=20 ra=selective_edgecooper_global comm_bytes=207728 selected_grids={16: 39, 3: 39, 7: 39}
fusion_method=early pred_boxes=22 gt_boxes=26
pred_scores_shape=(22,)
frame=29/41 receiver_sample=18/20 scenario=2026_07_15_01_26_56 timestamp=000116 cavs=[18, 3]
sgcp_constrained receiver=18 policy=all-cavs sources=[18, 3] clusters=20 ra=selective_edgecooper_global comm_bytes=79744 selected_grids={3: 65}
fusion_method=early pred_boxes=15 gt_boxes=12
pred_scores_shape=(15,)
frame=29/41 receiver_sample=19/20 scenario=2026_07_15_01_26_56 timestamp=000116 cavs=[19, 13, 20, 10]
sgcp_constrained receiver=19 policy=all-cavs sources=[19, 13, 20, 10] clusters=20 ra=selective_edgecooper_global comm_bytes=227280 selected_grids={13: 39, 20: 39, 10: 39}
fusion_method=early pred_boxes=26 gt_boxes=42
pred_scores_shape=(26,)
frame=29/41 receiver_sample=20/20 scenario=2026_07_15_01_26_56 timestamp=000116 cavs=[20, 16, 19, 5]
sgcp_constrained receiver=20 policy=all-cavs sources=[20, 16, 19, 5] clusters=20 ra=selective_edgecooper_global comm_bytes=169664 selected_grids={16: 39, 19: 39, 5: 39}
fusion_method=early pred_boxes=32 gt_boxes=40
pred_scores_shape=(32,)
frame=30/41 receiver_sample=1/20 scenario=2026_07_15_01_26_56 timestamp=000118 cavs=[1, 8, 11, 15]
sgcp_constrained receiver=1 policy=all-cavs sources=[1, 8, 11, 15] clusters=20 ra=selective_edgecooper_global comm_bytes=218016 selected_grids={8: 39, 11: 39, 15: 39}
fusion_method=early pred_boxes=33 gt_boxes=43
pred_scores_shape=(33,)
frame=30/41 receiver_sample=2/20 scenario=2026_07_15_01_26_56 timestamp=000118 cavs=[2, 15, 10, 11]
sgcp_constrained receiver=2 policy=all-cavs sources=[2, 15, 10, 11] clusters=20 ra=selective_edgecooper_global comm_bytes=197280 selected_grids={15: 39, 10: 39, 11: 39}
fusion_method=early pred_boxes=37 gt_boxes=51
pred_scores_shape=(37,)
frame=30/41 receiver_sample=3/20 scenario=2026_07_15_01_26_56 timestamp=000118 cavs=[3, 18, 17, 16]
sgcp_constrained receiver=3 policy=all-cavs sources=[3, 18, 17, 16] clusters=20 ra=selective_edgecooper_global comm_bytes=227616 selected_grids={18: 39, 17: 39, 16: 39}
fusion_method=early pred_boxes=26 gt_boxes=27
pred_scores_shape=(26,)
frame=30/41 receiver_sample=4/20 scenario=2026_07_15_01_26_56 timestamp=000118 cavs=[4, 12, 1, 7]
sgcp_constrained receiver=4 policy=all-cavs sources=[4, 12, 1, 7] clusters=20 ra=selective_edgecooper_global comm_bytes=228080 selected_grids={12: 39, 1: 39, 7: 39}
fusion_method=early pred_boxes=33 gt_boxes=38
pred_scores_shape=(33,)
frame=30/41 receiver_sample=5/20 scenario=2026_07_15_01_26_56 timestamp=000118 cavs=[5, 20, 17, 9]
sgcp_constrained receiver=5 policy=all-cavs sources=[5, 20, 17, 9] clusters=20 ra=selective_edgecooper_global comm_bytes=215856 selected_grids={20: 39, 17: 39, 9: 39}
fusion_method=early pred_boxes=30 gt_boxes=37
pred_scores_shape=(30,)
frame=30/41 receiver_sample=6/20 scenario=2026_07_15_01_26_56 timestamp=000118 cavs=[6, 15]
sgcp_constrained receiver=6 policy=all-cavs sources=[6, 15] clusters=20 ra=selective_edgecooper_global comm_bytes=76464 selected_grids={15: 50}
fusion_method=early pred_boxes=17 gt_boxes=23
pred_scores_shape=(17,)
frame=30/41 receiver_sample=7/20 scenario=2026_07_15_01_26_56 timestamp=000118 cavs=[7, 4, 5, 12]
sgcp_constrained receiver=7 policy=all-cavs sources=[7, 4, 5, 12] clusters=20 ra=selective_edgecooper_global comm_bytes=226880 selected_grids={4: 39, 5: 39, 12: 39}
fusion_method=early pred_boxes=19 gt_boxes=37
pred_scores_shape=(19,)
frame=30/41 receiver_sample=8/20 scenario=2026_07_15_01_26_56 timestamp=000118 cavs=[8, 4, 2, 11]
sgcp_constrained receiver=8 policy=all-cavs sources=[8, 4, 2, 11] clusters=20 ra=selective_edgecooper_global comm_bytes=224912 selected_grids={4: 39, 2: 39, 11: 39}
fusion_method=early pred_boxes=26 gt_boxes=41
pred_scores_shape=(26,)
frame=30/41 receiver_sample=9/20 scenario=2026_07_15_01_26_56 timestamp=000118 cavs=[9, 13]
sgcp_constrained receiver=9 policy=all-cavs sources=[9, 13] clusters=20 ra=selective_edgecooper_global comm_bytes=68432 selected_grids={13: 53}
fusion_method=early pred_boxes=13 gt_boxes=28
pred_scores_shape=(13,)
frame=30/41 receiver_sample=10/20 scenario=2026_07_15_01_26_56 timestamp=000118 cavs=[10, 19, 8, 5]
sgcp_constrained receiver=10 policy=all-cavs sources=[10, 19, 8, 5] clusters=20 ra=selective_edgecooper_global comm_bytes=221664 selected_grids={19: 39, 8: 39, 5: 39}
fusion_method=early pred_boxes=26 gt_boxes=43
pred_scores_shape=(26,)
frame=30/41 receiver_sample=11/20 scenario=2026_07_15_01_26_56 timestamp=000118 cavs=[11, 1, 9, 2]
sgcp_constrained receiver=11 policy=all-cavs sources=[11, 1, 9, 2] clusters=20 ra=selective_edgecooper_global comm_bytes=190256 selected_grids={1: 39, 9: 39, 2: 39}
fusion_method=early pred_boxes=29 gt_boxes=52
pred_scores_shape=(29,)
frame=30/41 receiver_sample=12/20 scenario=2026_07_15_01_26_56 timestamp=000118 cavs=[12, 4, 7, 8]
sgcp_constrained receiver=12 policy=all-cavs sources=[12, 4, 7, 8] clusters=20 ra=selective_edgecooper_global comm_bytes=224592 selected_grids={4: 39, 7: 39, 8: 39}
fusion_method=early pred_boxes=25 gt_boxes=39
pred_scores_shape=(25,)
frame=30/41 receiver_sample=13/20 scenario=2026_07_15_01_26_56 timestamp=000118 cavs=[13, 10, 19, 9]
sgcp_constrained receiver=13 policy=all-cavs sources=[13, 10, 19, 9] clusters=20 ra=selective_edgecooper_global comm_bytes=223712 selected_grids={10: 39, 19: 39, 9: 39}
fusion_method=early pred_boxes=20 gt_boxes=38
pred_scores_shape=(20,)
frame=30/41 receiver_sample=14/20 scenario=2026_07_15_01_26_56 timestamp=000118 cavs=[14]
sgcp_constrained receiver=14 policy=all-cavs sources=[14] clusters=20 ra=selective_edgecooper_global comm_bytes=0 selected_grids={}
fusion_method=early pred_boxes=4 gt_boxes=1
pred_scores_shape=(4,)
frame=30/41 receiver_sample=15/20 scenario=2026_07_15_01_26_56 timestamp=000118 cavs=[15, 6, 1, 2]
sgcp_constrained receiver=15 policy=all-cavs sources=[15, 6, 1, 2] clusters=20 ra=selective_edgecooper_global comm_bytes=228048 selected_grids={6: 39, 1: 39, 2: 39}
fusion_method=early pred_boxes=30 gt_boxes=41
pred_scores_shape=(30,)
frame=30/41 receiver_sample=16/20 scenario=2026_07_15_01_26_56 timestamp=000118 cavs=[16, 17, 20, 3]
sgcp_constrained receiver=16 policy=all-cavs sources=[16, 17, 20, 3] clusters=20 ra=selective_edgecooper_global comm_bytes=216208 selected_grids={17: 39, 20: 39, 3: 39}
fusion_method=early pred_boxes=31 gt_boxes=34
pred_scores_shape=(31,)
frame=30/41 receiver_sample=17/20 scenario=2026_07_15_01_26_56 timestamp=000118 cavs=[17, 16, 3, 7]
sgcp_constrained receiver=17 policy=all-cavs sources=[17, 16, 3, 7] clusters=20 ra=selective_edgecooper_global comm_bytes=207248 selected_grids={16: 39, 3: 39, 7: 39}Format = auto
Extension = pcd
Format = auto
Extension = pcd
Format = auto
Extension = pcd
Format = auto
Extension = pcd
Format = auto
Extension = pcd
Format = auto
Extension = pcd
Format = auto
Extension = pcd
Format = auto
Extension = pcd
Format = auto
Extension = pcd
Format = auto
Extension = pcd
Format = auto
Extension = pcd
Format = auto
Extension = pcd
Format = auto
Extension = pcd
Format = auto
Extension = pcd
Format = auto
Extension = pcd
Format = auto
Extension = pcd
Format = auto
Extension = pcd
Format = auto
Extension = pcd
Format = auto
Extension = pcd
Format = auto
Extension = pcd
Format = auto
Extension = pcd
Format = auto
Extension = pcd
Format = auto
Extension = pcd
Format = auto
Extension = pcd
Format = auto
Extension = pcd
Format = auto
Extension = pcd
Format = auto
Extension = pcd
Format = auto
Extension = pcd
Format = auto
Extension = pcd
Format = auto
Extension = pcd
Format = auto
Extension = pcd
Format = auto
Extension = pcd
Format = auto
Extension = pcd
Format = auto
Extension = pcd
Format = auto
Extension = pcd
Format = auto
Extension = pcd
Format = auto
Extension = pcd
Format = auto
Extension = pcd
Format = auto
Extension = pcd
Format = auto
Extension = pcd

fusion_method=early pred_boxes=20 gt_boxes=27
pred_scores_shape=(20,)
frame=30/41 receiver_sample=18/20 scenario=2026_07_15_01_26_56 timestamp=000118 cavs=[18, 3]
sgcp_constrained receiver=18 policy=all-cavs sources=[18, 3] clusters=20 ra=selective_edgecooper_global comm_bytes=79696 selected_grids={3: 64}
fusion_method=early pred_boxes=17 gt_boxes=11
pred_scores_shape=(17,)
frame=30/41 receiver_sample=19/20 scenario=2026_07_15_01_26_56 timestamp=000118 cavs=[19, 13, 20, 10]
sgcp_constrained receiver=19 policy=all-cavs sources=[19, 13, 20, 10] clusters=20 ra=selective_edgecooper_global comm_bytes=226896 selected_grids={13: 39, 20: 39, 10: 39}
fusion_method=early pred_boxes=28 gt_boxes=42
pred_scores_shape=(28,)
frame=30/41 receiver_sample=20/20 scenario=2026_07_15_01_26_56 timestamp=000118 cavs=[20, 16, 19, 5]
sgcp_constrained receiver=20 policy=all-cavs sources=[20, 16, 19, 5] clusters=20 ra=selective_edgecooper_global comm_bytes=163504 selected_grids={16: 39, 19: 39, 5: 39}
fusion_method=early pred_boxes=28 gt_boxes=41
pred_scores_shape=(28,)
frame=31/41 receiver_sample=1/20 scenario=2026_07_15_01_26_56 timestamp=000120 cavs=[1, 8, 11, 15]
sgcp_constrained receiver=1 policy=all-cavs sources=[1, 8, 11, 15] clusters=20 ra=selective_edgecooper_global comm_bytes=217808 selected_grids={8: 39, 11: 39, 15: 39}
fusion_method=early pred_boxes=33 gt_boxes=42
pred_scores_shape=(33,)
frame=31/41 receiver_sample=2/20 scenario=2026_07_15_01_26_56 timestamp=000120 cavs=[2, 15, 10, 11]
sgcp_constrained receiver=2 policy=all-cavs sources=[2, 15, 10, 11] clusters=20 ra=selective_edgecooper_global comm_bytes=196848 selected_grids={15: 39, 10: 39, 11: 39}
fusion_method=early pred_boxes=37 gt_boxes=51
pred_scores_shape=(37,)
frame=31/41 receiver_sample=3/20 scenario=2026_07_15_01_26_56 timestamp=000120 cavs=[3, 18, 17, 16]
sgcp_constrained receiver=3 policy=all-cavs sources=[3, 18, 17, 16] clusters=20 ra=selective_edgecooper_global comm_bytes=227888 selected_grids={18: 39, 17: 39, 16: 39}
fusion_method=early pred_boxes=23 gt_boxes=26
pred_scores_shape=(23,)
frame=31/41 receiver_sample=4/20 scenario=2026_07_15_01_26_56 timestamp=000120 cavs=[4, 12, 1, 7]
sgcp_constrained receiver=4 policy=all-cavs sources=[4, 12, 1, 7] clusters=20 ra=selective_edgecooper_global comm_bytes=228672 selected_grids={12: 39, 1: 39, 7: 39}
fusion_method=early pred_boxes=34 gt_boxes=38
pred_scores_shape=(34,)
frame=31/41 receiver_sample=5/20 scenario=2026_07_15_01_26_56 timestamp=000120 cavs=[5, 20, 17, 9]
sgcp_constrained receiver=5 policy=all-cavs sources=[5, 20, 17, 9] clusters=20 ra=selective_edgecooper_global comm_bytes=215456 selected_grids={20: 39, 17: 39, 9: 39}
fusion_method=early pred_boxes=31 gt_boxes=37
pred_scores_shape=(31,)
frame=31/41 receiver_sample=6/20 scenario=2026_07_15_01_26_56 timestamp=000120 cavs=[6, 15]
sgcp_constrained receiver=6 policy=all-cavs sources=[6, 15] clusters=20 ra=selective_edgecooper_global comm_bytes=76224 selected_grids={15: 49}
fusion_method=early pred_boxes=16 gt_boxes=23
pred_scores_shape=(16,)
frame=31/41 receiver_sample=7/20 scenario=2026_07_15_01_26_56 timestamp=000120 cavs=[7, 4, 5, 12]
sgcp_constrained receiver=7 policy=all-cavs sources=[7, 4, 5, 12] clusters=20 ra=selective_edgecooper_global comm_bytes=226368 selected_grids={4: 39, 5: 39, 12: 39}
fusion_method=early pred_boxes=20 gt_boxes=39
pred_scores_shape=(20,)
frame=31/41 receiver_sample=8/20 scenario=2026_07_15_01_26_56 timestamp=000120 cavs=[8, 4, 2, 11]
sgcp_constrained receiver=8 policy=all-cavs sources=[8, 4, 2, 11] clusters=20 ra=selective_edgecooper_global comm_bytes=225312 selected_grids={4: 39, 2: 39, 11: 39}
fusion_method=early pred_boxes=27 gt_boxes=40
pred_scores_shape=(27,)
frame=31/41 receiver_sample=9/20 scenario=2026_07_15_01_26_56 timestamp=000120 cavs=[9, 13]
sgcp_constrained receiver=9 policy=all-cavs sources=[9, 13] clusters=20 ra=selective_edgecooper_global comm_bytes=68944 selected_grids={13: 54}
fusion_method=early pred_boxes=16 gt_boxes=28
pred_scores_shape=(16,)
frame=31/41 receiver_sample=10/20 scenario=2026_07_15_01_26_56 timestamp=000120 cavs=[10, 19, 8, 5]
sgcp_constrained receiver=10 policy=all-cavs sources=[10, 19, 8, 5] clusters=20 ra=selective_edgecooper_global comm_bytes=221744 selected_grids={19: 39, 8: 39, 5: 39}
fusion_method=early pred_boxes=30 gt_boxes=43
pred_scores_shape=(30,)
frame=31/41 receiver_sample=11/20 scenario=2026_07_15_01_26_56 timestamp=000120 cavs=[11, 1, 9, 2]
sgcp_constrained receiver=11 policy=all-cavs sources=[11, 1, 9, 2] clusters=20 ra=selective_edgecooper_global comm_bytes=190304 selected_grids={1: 39, 9: 39, 2: 39}
fusion_method=early pred_boxes=29 gt_boxes=52
pred_scores_shape=(29,)
frame=31/41 receiver_sample=12/20 scenario=2026_07_15_01_26_56 timestamp=000120 cavs=[12, 4, 7, 8]
sgcp_constrained receiver=12 policy=all-cavs sources=[12, 4, 7, 8] clusters=20 ra=selective_edgecooper_global comm_bytes=224016 selected_grids={4: 39, 7: 39, 8: 39}
fusion_method=early pred_boxes=33 gt_boxes=39
pred_scores_shape=(33,)
frame=31/41 receiver_sample=13/20 scenario=2026_07_15_01_26_56 timestamp=000120 cavs=[13, 10, 19, 9]
sgcp_constrained receiver=13 policy=all-cavs sources=[13, 10, 19, 9] clusters=20 ra=selective_edgecooper_global comm_bytes=223808 selected_grids={10: 39, 19: 39, 9: 39}
fusion_method=early pred_boxes=23 gt_boxes=38
pred_scores_shape=(23,)
frame=31/41 receiver_sample=14/20 scenario=2026_07_15_01_26_56 timestamp=000120 cavs=[14]
sgcp_constrained receiver=14 policy=all-cavs sources=[14] clusters=20 ra=selective_edgecooper_global comm_bytes=0 selected_grids={}
fusion_method=early pred_boxes=3 gt_boxes=1
pred_scores_shape=(3,)
frame=31/41 receiver_sample=15/20 scenario=2026_07_15_01_26_56 timestamp=000120 cavs=[15, 6, 1, 2]
sgcp_constrained receiver=15 policy=all-cavs sources=[15, 6, 1, 2] clusters=20 ra=selective_edgecooper_global comm_bytes=227792 selected_grids={6: 39, 1: 39, 2: 39}
fusion_method=early pred_boxes=29 gt_boxes=41
pred_scores_shape=(29,)
frame=31/41 receiver_sample=16/20 scenario=2026_07_15_01_26_56 timestamp=000120 cavs=[16, 17, 20, 3]
sgcp_constrained receiver=16 policy=all-cavs sources=[16, 17, 20, 3] clusters=20 ra=selective_edgecooper_global comm_bytes=215616 selected_grids={17: 39, 20: 39, 3: 39}
fusion_method=early pred_boxes=30 gt_boxes=33
pred_scores_shape=(30,)
frame=31/41 receiver_sample=17/20 scenario=2026_07_15_01_26_56 timestamp=000120 cavs=[17, 16, 3, 7]
sgcp_constrained receiver=17 policy=all-cavs sources=[17, 16, 3, 7] clusters=20 ra=selective_edgecooper_global comm_bytes=206656 selected_grids={16: 39, 3: 39, 7: 39}
fusion_method=early pred_boxes=23 gt_boxes=25
pred_scores_shape=(23,)
frame=31/41 receiver_sample=18/20 scenario=2026_07_15_01_26_56 timestamp=000120 cavs=[18, 3]
sgcp_constrained receiver=18 policy=all-cavs sources=[18, 3] clusters=20 ra=selective_edgecooper_global comm_bytes=79120 selected_grids={3: 60}
fusion_method=early pred_boxes=17 gt_boxes=12
pred_scores_shape=(17,)
frame=31/41 receiver_sample=19/20 scenario=2026_07_15_01_26_56 timestamp=000120 cavs=[19, 13, 20, 10]
sgcp_constrained receiver=19 policy=all-cavs sources=[19, 13, 20, 10] clusters=20 ra=selective_edgecooper_global comm_bytes=227040 selected_grids={13: 39, 20: 39, 10: 39}
fusion_method=early pred_boxes=26 gt_boxes=42
pred_scores_shape=(26,)
frame=31/41 receiver_sample=20/20 scenario=2026_07_15_01_26_56 timestamp=000120 cavs=[20, 16, 19, 5]
sgcp_constrained receiver=20 policy=all-cavs sources=[20, 16, 19, 5] clusters=20 ra=selective_edgecooper_global comm_bytes=163824 selected_grids={16: 39, 19: 39, 5: 39}
fusion_method=early pred_boxes=29 gt_boxes=40
pred_scores_shape=(29,)
frame=32/41 receiver_sample=1/20 scenario=2026_07_15_01_26_56 timestamp=000122 cavs=[1, 8, 11, 15]
sgcp_constrained receiver=1 policy=all-cavs sources=[1, 8, 11, 15] clusters=20 ra=selective_edgecooper_global comm_bytes=217776 selected_grids={8: 39, 11: 39, 15: 39}
fusion_method=early pred_boxes=33 gt_boxes=42
pred_scores_shape=(33,)
frame=32/41 receiver_sample=2/20 scenario=2026_07_15_01_26_56 timestamp=000122 cavs=[2, 15, 10, 11]
Format = auto
Extension = pcd
Format = auto
Extension = pcd
Format = auto
Extension = pcd
Format = auto
Extension = pcd
Format = auto
Extension = pcd
Format = auto
Extension = pcd
Format = auto
Extension = pcd
Format = auto
Extension = pcd
Format = auto
Extension = pcd
Format = auto
Extension = pcd
Format = auto
Extension = pcd
Format = auto
Extension = pcd
Format = auto
Extension = pcd
Format = auto
Extension = pcd
Format = auto
Extension = pcd
Format = auto
Extension = pcd
Format = auto
Extension = pcd
Format = auto
Extension = pcd
Format = auto
Extension = pcd
Format = auto
Extension = pcd
sgcp_constrained receiver=2 policy=all-cavs sources=[2, 15, 10, 11] clusters=20 ra=selective_edgecooper_global comm_bytes=196928 selected_grids={15: 39, 10: 39, 11: 39}
fusion_method=early pred_boxes=37 gt_boxes=51
pred_scores_shape=(37,)
frame=32/41 receiver_sample=3/20 scenario=2026_07_15_01_26_56 timestamp=000122 cavs=[3, 18, 17, 16]
sgcp_constrained receiver=3 policy=all-cavs sources=[3, 18, 17, 16] clusters=20 ra=selective_edgecooper_global comm_bytes=229216 selected_grids={18: 39, 17: 39, 16: 39}
fusion_method=early pred_boxes=28 gt_boxes=26
pred_scores_shape=(28,)
frame=32/41 receiver_sample=4/20 scenario=2026_07_15_01_26_56 timestamp=000122 cavs=[4, 12, 1, 7]
sgcp_constrained receiver=4 policy=all-cavs sources=[4, 12, 1, 7] clusters=20 ra=selective_edgecooper_global comm_bytes=228880 selected_grids={12: 39, 1: 39, 7: 39}
fusion_method=early pred_boxes=32 gt_boxes=39
pred_scores_shape=(32,)
frame=32/41 receiver_sample=5/20 scenario=2026_07_15_01_26_56 timestamp=000122 cavs=[5, 20, 17, 9]
sgcp_constrained receiver=5 policy=all-cavs sources=[5, 20, 17, 9] clusters=20 ra=selective_edgecooper_global comm_bytes=215600 selected_grids={20: 39, 17: 39, 9: 39}
fusion_method=early pred_boxes=28 gt_boxes=36
pred_scores_shape=(28,)
frame=32/41 receiver_sample=6/20 scenario=2026_07_15_01_26_56 timestamp=000122 cavs=[6, 15]
sgcp_constrained receiver=6 policy=all-cavs sources=[6, 15] clusters=20 ra=selective_edgecooper_global comm_bytes=76224 selected_grids={15: 49}
fusion_method=early pred_boxes=16 gt_boxes=23
pred_scores_shape=(16,)
frame=32/41 receiver_sample=7/20 scenario=2026_07_15_01_26_56 timestamp=000122 cavs=[7, 4, 5, 12]
sgcp_constrained receiver=7 policy=all-cavs sources=[7, 4, 5, 12] clusters=20 ra=selective_edgecooper_global comm_bytes=226912 selected_grids={4: 39, 5: 39, 12: 39}
fusion_method=early pred_boxes=22 gt_boxes=40
pred_scores_shape=(22,)
frame=32/41 receiver_sample=8/20 scenario=2026_07_15_01_26_56 timestamp=000122 cavs=[8, 4, 2, 11]
sgcp_constrained receiver=8 policy=all-cavs sources=[8, 4, 2, 11] clusters=20 ra=selective_edgecooper_global comm_bytes=225328 selected_grids={4: 39, 2: 39, 11: 39}
fusion_method=early pred_boxes=26 gt_boxes=40
pred_scores_shape=(26,)
frame=32/41 receiver_sample=9/20 scenario=2026_07_15_01_26_56 timestamp=000122 cavs=[9, 13]
sgcp_constrained receiver=9 policy=all-cavs sources=[9, 13] clusters=20 ra=selective_edgecooper_global comm_bytes=69152 selected_grids={13: 54}
fusion_method=early pred_boxes=17 gt_boxes=27
pred_scores_shape=(17,)
frame=32/41 receiver_sample=10/20 scenario=2026_07_15_01_26_56 timestamp=000122 cavs=[10, 19, 8, 5]
sgcp_constrained receiver=10 policy=all-cavs sources=[10, 19, 8, 5] clusters=20 ra=selective_edgecooper_global comm_bytes=221696 selected_grids={19: 39, 8: 39, 5: 39}
fusion_method=early pred_boxes=28 gt_boxes=39
pred_scores_shape=(28,)
frame=32/41 receiver_sample=11/20 scenario=2026_07_15_01_26_56 timestamp=000122 cavs=[11, 1, 9, 2]
sgcp_constrained receiver=11 policy=all-cavs sources=[11, 1, 9, 2] clusters=20 ra=selective_edgecooper_global comm_bytes=190208 selected_grids={1: 39, 9: 39, 2: 39}
fusion_method=early pred_boxes=30 gt_boxes=51
pred_scores_shape=(30,)
frame=32/41 receiver_sample=12/20 scenario=2026_07_15_01_26_56 timestamp=000122 cavs=[12, 4, 7, 8]
sgcp_constrained receiver=12 policy=all-cavs sources=[12, 4, 7, 8] clusters=20 ra=selective_edgecooper_global comm_bytes=224064 selected_grids={4: 39, 7: 39, 8: 39}
fusion_method=early pred_boxes=28 gt_boxes=40
pred_scores_shape=(28,)
frame=32/41 receiver_sample=13/20 scenario=2026_07_15_01_26_56 timestamp=000122 cavs=[13, 10, 19, 9]
sgcp_constrained receiver=13 policy=all-cavs sources=[13, 10, 19, 9] clusters=20 ra=selective_edgecooper_global comm_bytes=225472 selected_grids={10: 39, 19: 39, 9: 39}
fusion_method=early pred_boxes=23 gt_boxes=38
pred_scores_shape=(23,)
frame=32/41 receiver_sample=14/20 scenario=2026_07_15_01_26_56 timestamp=000122 cavs=[14]
sgcp_constrained receiver=14 policy=all-cavs sources=[14] clusters=20 ra=selective_edgecooper_global comm_bytes=0 selected_grids={}
fusion_method=early pred_boxes=3 gt_boxes=1
pred_scores_shape=(3,)
frame=32/41 receiver_sample=15/20 scenario=2026_07_15_01_26_56 timestamp=000122 cavs=[15, 6, 1, 2]
sgcp_constrained receiver=15 policy=all-cavs sources=[15, 6, 1, 2] clusters=20 ra=selective_edgecooper_global comm_bytes=225872 selected_grids={6: 39, 1: 39, 2: 39}
fusion_method=early pred_boxes=30 gt_boxes=41
pred_scores_shape=(30,)
frame=32/41 receiver_sample=16/20 scenario=2026_07_15_01_26_56 timestamp=000122 cavs=[16, 17, 20, 3]
sgcp_constrained receiver=16 policy=all-cavs sources=[16, 17, 20, 3] clusters=20 ra=selective_edgecooper_global comm_bytes=215392 selected_grids={17: 39, 20: 39, 3: 39}
fusion_method=early pred_boxes=30 gt_boxes=33
pred_scores_shape=(30,)
frame=32/41 receiver_sample=17/20 scenario=2026_07_15_01_26_56 timestamp=000122 cavs=[17, 16, 3, 7]
sgcp_constrained receiver=17 policy=all-cavs sources=[17, 16, 3, 7] clusters=20 ra=selective_edgecooper_global comm_bytes=204032 selected_grids={16: 39, 3: 39, 7: 39}
fusion_method=early pred_boxes=24 gt_boxes=25
pred_scores_shape=(24,)
frame=32/41 receiver_sample=18/20 scenario=2026_07_15_01_26_56 timestamp=000122 cavs=[18, 3]
sgcp_constrained receiver=18 policy=all-cavs sources=[18, 3] clusters=20 ra=selective_edgecooper_global comm_bytes=79136 selected_grids={3: 64}
fusion_method=early pred_boxes=15 gt_boxes=11
pred_scores_shape=(15,)
frame=32/41 receiver_sample=19/20 scenario=2026_07_15_01_26_56 timestamp=000122 cavs=[19, 13, 20, 10]
sgcp_constrained receiver=19 policy=all-cavs sources=[19, 13, 20, 10] clusters=20 ra=selective_edgecooper_global comm_bytes=226944 selected_grids={13: 39, 20: 39, 10: 39}
fusion_method=early pred_boxes=25 gt_boxes=42
pred_scores_shape=(25,)
frame=32/41 receiver_sample=20/20 scenario=2026_07_15_01_26_56 timestamp=000122 cavs=[20, 16, 19, 5]
sgcp_constrained receiver=20 policy=all-cavs sources=[20, 16, 19, 5] clusters=20 ra=selective_edgecooper_global comm_bytes=165008 selected_grids={16: 39, 19: 39, 5: 39}
fusion_method=early pred_boxes=30 gt_boxes=40
pred_scores_shape=(30,)
frame=33/41 receiver_sample=1/20 scenario=2026_07_15_01_26_56 timestamp=000124 cavs=[1, 8, 15, 4]
sgcp_constrained receiver=1 policy=all-cavs sources=[1, 8, 15, 4] clusters=20 ra=selective_edgecooper_global comm_bytes=221008 selected_grids={8: 39, 15: 39, 4: 39}
fusion_method=early pred_boxes=35 gt_boxes=45
pred_scores_shape=(35,)
frame=33/41 receiver_sample=2/20 scenario=2026_07_15_01_26_56 timestamp=000124 cavs=[2, 11, 15, 8]
sgcp_constrained receiver=2 policy=all-cavs sources=[2, 11, 15, 8] clusters=20 ra=selective_edgecooper_global comm_bytes=195344 selected_grids={11: 39, 15: 39, 8: 39}
fusion_method=early pred_boxes=27 gt_boxes=46
pred_scores_shape=(27,)
frame=33/41 receiver_sample=3/20 scenario=2026_07_15_01_26_56 timestamp=000124 cavs=[3, 18, 16, 17]
sgcp_constrained receiver=3 policy=all-cavs sources=[3, 18, 16, 17] clusters=20 ra=selective_edgecooper_global comm_bytes=229296 selected_grids={18: 39, 16: 39, 17: 39}
fusion_method=early pred_boxes=23 gt_boxes=27
pred_scores_shape=(23,)
frame=33/41 receiver_sample=4/20 scenario=2026_07_15_01_26_56 timestamp=000124 cavs=[4, 12, 1, 7]
sgcp_constrained receiver=4 policy=all-cavs sources=[4, 12, 1, 7] clusters=20 ra=selective_edgecooper_global comm_bytes=228736 selected_grids={12: 39, 1: 39, 7: 39}
fusion_method=early pred_boxes=32 gt_boxes=39
pred_scores_shape=(32,)
frame=33/41 receiver_sample=5/20 scenario=2026_07_15_01_26_56 timestamp=000124 cavs=[5, 20, 19, 16]
sgcp_constrained receiver=5 policy=all-cavs sources=[5, 20, 19, 16] clusters=20 ra=selective_edgecooper_global comm_bytes=213840 selected_grids={20: 39, 19: 39, 16: 39}
fusion_method=early pred_boxes=27 gt_boxes=39
pred_scores_shape=(27,)
frame=33/41 receiver_sample=6/20 scenario=2026_07_15_01_26_56 timestamp=000124 cavs=[6, 15]
sgcp_constrained receiver=6 policy=all-cavs sources=[6, 15] clusters=20 ra=selective_edgecooper_global comm_bytes=76176 selected_grids={15: 49}
fusion_method=early pred_boxes=17 gt_boxes=23Format = auto
Extension = pcd
Format = auto
Extension = pcd
Format = auto
Extension = pcd
Format = auto
Extension = pcd
Format = auto
Extension = pcd
Format = auto
Extension = pcd
Format = auto
Extension = pcd
Format = auto
Extension = pcd
Format = auto
Extension = pcd
Format = auto
Extension = pcd
Format = auto
Extension = pcd
Format = auto
Extension = pcd
Format = auto
Extension = pcd
Format = auto
Extension = pcd
Format = auto
Extension = pcd
Format = auto
Extension = pcd
Format = auto
Extension = pcd
Format = auto
Extension = pcd
Format = auto
Extension = pcd
Format = auto
Extension = pcd

pred_scores_shape=(17,)
frame=33/41 receiver_sample=7/20 scenario=2026_07_15_01_26_56 timestamp=000124 cavs=[7, 5, 4]
sgcp_constrained receiver=7 policy=all-cavs sources=[7, 5, 4] clusters=20 ra=selective_edgecooper_global comm_bytes=149888 selected_grids={5: 49, 4: 56}
fusion_method=early pred_boxes=21 gt_boxes=36
pred_scores_shape=(21,)
frame=33/41 receiver_sample=8/20 scenario=2026_07_15_01_26_56 timestamp=000124 cavs=[8, 11, 10, 2]
sgcp_constrained receiver=8 policy=all-cavs sources=[8, 11, 10, 2] clusters=20 ra=selective_edgecooper_global comm_bytes=227504 selected_grids={11: 39, 10: 39, 2: 39}
fusion_method=early pred_boxes=30 gt_boxes=39
pred_scores_shape=(30,)
frame=33/41 receiver_sample=9/20 scenario=2026_07_15_01_26_56 timestamp=000124 cavs=[9, 13, 11]
sgcp_constrained receiver=9 policy=all-cavs sources=[9, 13, 11] clusters=20 ra=selective_edgecooper_global comm_bytes=147120 selected_grids={13: 56, 11: 50}
fusion_method=early pred_boxes=23 gt_boxes=28
pred_scores_shape=(23,)
frame=33/41 receiver_sample=10/20 scenario=2026_07_15_01_26_56 timestamp=000124 cavs=[10, 19, 8, 5]
sgcp_constrained receiver=10 policy=all-cavs sources=[10, 19, 8, 5] clusters=20 ra=selective_edgecooper_global comm_bytes=221568 selected_grids={19: 39, 8: 39, 5: 39}
fusion_method=early pred_boxes=27 gt_boxes=39
pred_scores_shape=(27,)
frame=33/41 receiver_sample=11/20 scenario=2026_07_15_01_26_56 timestamp=000124 cavs=[11, 1, 9, 2]
sgcp_constrained receiver=11 policy=all-cavs sources=[11, 1, 9, 2] clusters=20 ra=selective_edgecooper_global comm_bytes=189904 selected_grids={1: 39, 9: 39, 2: 39}
fusion_method=early pred_boxes=33 gt_boxes=52
pred_scores_shape=(33,)
frame=33/41 receiver_sample=12/20 scenario=2026_07_15_01_26_56 timestamp=000124 cavs=[12, 4]
sgcp_constrained receiver=12 policy=all-cavs sources=[12, 4] clusters=20 ra=selective_edgecooper_global comm_bytes=73056 selected_grids={4: 54}
fusion_method=early pred_boxes=14 gt_boxes=32
pred_scores_shape=(14,)
frame=33/41 receiver_sample=13/20 scenario=2026_07_15_01_26_56 timestamp=000124 cavs=[13, 10, 19, 9]
sgcp_constrained receiver=13 policy=all-cavs sources=[13, 10, 19, 9] clusters=20 ra=selective_edgecooper_global comm_bytes=225488 selected_grids={10: 39, 19: 39, 9: 39}
fusion_method=early pred_boxes=22 gt_boxes=38
pred_scores_shape=(22,)
frame=33/41 receiver_sample=14/20 scenario=2026_07_15_01_26_56 timestamp=000124 cavs=[14]
sgcp_constrained receiver=14 policy=all-cavs sources=[14] clusters=20 ra=selective_edgecooper_global comm_bytes=0 selected_grids={}
fusion_method=early pred_boxes=2 gt_boxes=1
pred_scores_shape=(2,)
frame=33/41 receiver_sample=15/20 scenario=2026_07_15_01_26_56 timestamp=000124 cavs=[15, 6, 1, 2]
sgcp_constrained receiver=15 policy=all-cavs sources=[15, 6, 1, 2] clusters=20 ra=selective_edgecooper_global comm_bytes=225712 selected_grids={6: 39, 1: 39, 2: 39}
fusion_method=early pred_boxes=27 gt_boxes=41
pred_scores_shape=(27,)
frame=33/41 receiver_sample=16/20 scenario=2026_07_15_01_26_56 timestamp=000124 cavs=[16, 20, 3, 17]
sgcp_constrained receiver=16 policy=all-cavs sources=[16, 20, 3, 17] clusters=20 ra=selective_edgecooper_global comm_bytes=208448 selected_grids={20: 39, 3: 39, 17: 39}
fusion_method=early pred_boxes=28 gt_boxes=34
pred_scores_shape=(28,)
frame=33/41 receiver_sample=17/20 scenario=2026_07_15_01_26_56 timestamp=000124 cavs=[17, 7, 3, 16]
sgcp_constrained receiver=17 policy=all-cavs sources=[17, 7, 3, 16] clusters=20 ra=selective_edgecooper_global comm_bytes=205200 selected_grids={7: 39, 3: 39, 16: 39}
fusion_method=early pred_boxes=22 gt_boxes=26
pred_scores_shape=(22,)
frame=33/41 receiver_sample=18/20 scenario=2026_07_15_01_26_56 timestamp=000124 cavs=[18, 3]
sgcp_constrained receiver=18 policy=all-cavs sources=[18, 3] clusters=20 ra=selective_edgecooper_global comm_bytes=79856 selected_grids={3: 64}
fusion_method=early pred_boxes=15 gt_boxes=12
pred_scores_shape=(15,)
frame=33/41 receiver_sample=19/20 scenario=2026_07_15_01_26_56 timestamp=000124 cavs=[19, 13, 20, 10]
sgcp_constrained receiver=19 policy=all-cavs sources=[19, 13, 20, 10] clusters=20 ra=selective_edgecooper_global comm_bytes=227184 selected_grids={13: 39, 20: 39, 10: 39}
fusion_method=early pred_boxes=26 gt_boxes=42
pred_scores_shape=(26,)
frame=33/41 receiver_sample=20/20 scenario=2026_07_15_01_26_56 timestamp=000124 cavs=[20, 7, 5, 17]
sgcp_constrained receiver=20 policy=all-cavs sources=[20, 7, 5, 17] clusters=20 ra=selective_edgecooper_global comm_bytes=166128 selected_grids={7: 39, 5: 39, 17: 39}
fusion_method=early pred_boxes=31 gt_boxes=36
pred_scores_shape=(31,)
frame=34/41 receiver_sample=1/20 scenario=2026_07_15_01_26_56 timestamp=000126 cavs=[1, 8, 11, 15]
sgcp_constrained receiver=1 policy=all-cavs sources=[1, 8, 11, 15] clusters=20 ra=selective_edgecooper_global comm_bytes=217984 selected_grids={8: 39, 11: 39, 15: 39}
fusion_method=early pred_boxes=31 gt_boxes=42
pred_scores_shape=(31,)
frame=34/41 receiver_sample=2/20 scenario=2026_07_15_01_26_56 timestamp=000126 cavs=[2, 15, 10, 11]
sgcp_constrained receiver=2 policy=all-cavs sources=[2, 15, 10, 11] clusters=20 ra=selective_edgecooper_global comm_bytes=196928 selected_grids={15: 39, 10: 39, 11: 39}
fusion_method=early pred_boxes=35 gt_boxes=51
pred_scores_shape=(35,)
frame=34/41 receiver_sample=3/20 scenario=2026_07_15_01_26_56 timestamp=000126 cavs=[3, 18, 16, 17]
sgcp_constrained receiver=3 policy=all-cavs sources=[3, 18, 16, 17] clusters=20 ra=selective_edgecooper_global comm_bytes=229200 selected_grids={18: 39, 16: 39, 17: 39}
fusion_method=early pred_boxes=25 gt_boxes=26
pred_scores_shape=(25,)
frame=34/41 receiver_sample=4/20 scenario=2026_07_15_01_26_56 timestamp=000126 cavs=[4, 12, 1, 7]
sgcp_constrained receiver=4 policy=all-cavs sources=[4, 12, 1, 7] clusters=20 ra=selective_edgecooper_global comm_bytes=229184 selected_grids={12: 39, 1: 39, 7: 39}
fusion_method=early pred_boxes=32 gt_boxes=39
pred_scores_shape=(32,)
frame=34/41 receiver_sample=5/20 scenario=2026_07_15_01_26_56 timestamp=000126 cavs=[5, 20, 17, 19]
sgcp_constrained receiver=5 policy=all-cavs sources=[5, 20, 17, 19] clusters=20 ra=selective_edgecooper_global comm_bytes=214288 selected_grids={20: 39, 17: 39, 19: 39}
fusion_method=early pred_boxes=27 gt_boxes=37
pred_scores_shape=(27,)
frame=34/41 receiver_sample=6/20 scenario=2026_07_15_01_26_56 timestamp=000126 cavs=[6, 15]
sgcp_constrained receiver=6 policy=all-cavs sources=[6, 15] clusters=20 ra=selective_edgecooper_global comm_bytes=76544 selected_grids={15: 48}
fusion_method=early pred_boxes=17 gt_boxes=24
pred_scores_shape=(17,)
frame=34/41 receiver_sample=7/20 scenario=2026_07_15_01_26_56 timestamp=000126 cavs=[7, 4, 16, 8]
sgcp_constrained receiver=7 policy=all-cavs sources=[7, 4, 16, 8] clusters=20 ra=selective_edgecooper_global comm_bytes=228512 selected_grids={4: 39, 16: 39, 8: 39}
fusion_method=early pred_boxes=25 gt_boxes=34
pred_scores_shape=(25,)
frame=34/41 receiver_sample=8/20 scenario=2026_07_15_01_26_56 timestamp=000126 cavs=[8, 4, 2, 11]
sgcp_constrained receiver=8 policy=all-cavs sources=[8, 4, 2, 11] clusters=20 ra=selective_edgecooper_global comm_bytes=225408 selected_grids={4: 39, 2: 39, 11: 39}
fusion_method=early pred_boxes=28 gt_boxes=39
pred_scores_shape=(28,)
frame=34/41 receiver_sample=9/20 scenario=2026_07_15_01_26_56 timestamp=000126 cavs=[9, 5, 13]
sgcp_constrained receiver=9 policy=all-cavs sources=[9, 5, 13] clusters=20 ra=selective_edgecooper_global comm_bytes=145936 selected_grids={5: 51, 13: 53}
fusion_method=early pred_boxes=18 gt_boxes=26
pred_scores_shape=(18,)
frame=34/41 receiver_sample=10/20 scenario=2026_07_15_01_26_56 timestamp=000126 cavs=[10, 19, 8, 5]
sgcp_constrained receiver=10 policy=all-cavs sources=[10, 19, 8, 5] clusters=20 ra=selective_edgecooper_global comm_bytes=221552 selected_grids={19: 39, 8: 39, 5: 39}
fusion_method=early pred_boxes=28 gt_boxes=40
pred_scores_shape=(28,)
frame=34/41 receiver_sample=11/20 scenario=2026_07_15_01_26_56 timestamp=000126 cavs=[11, 1, 9, 2]
sgcp_constrained receiver=11 policy=all-cavs sources=[11, 1, 9, 2] clusters=20 ra=selective_edgecooper_global comm_bytes=190144 selected_grids={1: 39, 9: 39, 2: 39}Format = auto
Extension = pcd
Format = auto
Extension = pcd
Format = auto
Extension = pcd
Format = auto
Extension = pcd
Format = auto
Extension = pcd
Format = auto
Extension = pcd
Format = auto
Extension = pcd
Format = auto
Extension = pcd
Format = auto
Extension = pcd
Format = auto
Extension = pcd
Format = auto
Extension = pcd
Format = auto
Extension = pcd
Format = auto
Extension = pcd
Format = auto
Extension = pcd
Format = auto
Extension = pcd
Format = auto
Extension = pcd
Format = auto
Extension = pcd
Format = auto
Extension = pcd
Format = auto
Extension = pcd
Format = auto
Extension = pcd

fusion_method=early pred_boxes=29 gt_boxes=51
pred_scores_shape=(29,)
frame=34/41 receiver_sample=12/20 scenario=2026_07_15_01_26_56 timestamp=000126 cavs=[12, 4]
sgcp_constrained receiver=12 policy=all-cavs sources=[12, 4] clusters=20 ra=selective_edgecooper_global comm_bytes=72960 selected_grids={4: 53}
fusion_method=early pred_boxes=13 gt_boxes=33
pred_scores_shape=(13,)
frame=34/41 receiver_sample=13/20 scenario=2026_07_15_01_26_56 timestamp=000126 cavs=[13, 10, 14, 19]
sgcp_constrained receiver=13 policy=all-cavs sources=[13, 10, 14, 19] clusters=20 ra=selective_edgecooper_global comm_bytes=225728 selected_grids={10: 39, 14: 39, 19: 39}
fusion_method=early pred_boxes=20 gt_boxes=38
pred_scores_shape=(20,)
frame=34/41 receiver_sample=14/20 scenario=2026_07_15_01_26_56 timestamp=000126 cavs=[14, 13]
sgcp_constrained receiver=14 policy=all-cavs sources=[14, 13] clusters=20 ra=selective_edgecooper_global comm_bytes=74656 selected_grids={13: 55}
fusion_method=early pred_boxes=6 gt_boxes=3
pred_scores_shape=(6,)
frame=34/41 receiver_sample=15/20 scenario=2026_07_15_01_26_56 timestamp=000126 cavs=[15, 6, 1, 2]
sgcp_constrained receiver=15 policy=all-cavs sources=[15, 6, 1, 2] clusters=20 ra=selective_edgecooper_global comm_bytes=226768 selected_grids={6: 39, 1: 39, 2: 39}
fusion_method=early pred_boxes=27 gt_boxes=42
pred_scores_shape=(27,)
frame=34/41 receiver_sample=16/20 scenario=2026_07_15_01_26_56 timestamp=000126 cavs=[16, 20, 3, 17]
sgcp_constrained receiver=16 policy=all-cavs sources=[16, 20, 3, 17] clusters=20 ra=selective_edgecooper_global comm_bytes=208768 selected_grids={20: 39, 3: 39, 17: 39}
fusion_method=early pred_boxes=30 gt_boxes=33
pred_scores_shape=(30,)
frame=34/41 receiver_sample=17/20 scenario=2026_07_15_01_26_56 timestamp=000126 cavs=[17, 7, 3, 16]
sgcp_constrained receiver=17 policy=all-cavs sources=[17, 7, 3, 16] clusters=20 ra=selective_edgecooper_global comm_bytes=204016 selected_grids={7: 39, 3: 39, 16: 39}
fusion_method=early pred_boxes=22 gt_boxes=24
pred_scores_shape=(22,)
frame=34/41 receiver_sample=18/20 scenario=2026_07_15_01_26_56 timestamp=000126 cavs=[18, 3]
sgcp_constrained receiver=18 policy=all-cavs sources=[18, 3] clusters=20 ra=selective_edgecooper_global comm_bytes=79264 selected_grids={3: 64}
fusion_method=early pred_boxes=15 gt_boxes=13
pred_scores_shape=(15,)
frame=34/41 receiver_sample=19/20 scenario=2026_07_15_01_26_56 timestamp=000126 cavs=[19, 10, 20, 13]
sgcp_constrained receiver=19 policy=all-cavs sources=[19, 10, 20, 13] clusters=20 ra=selective_edgecooper_global comm_bytes=226368 selected_grids={10: 39, 20: 39, 13: 39}
fusion_method=early pred_boxes=30 gt_boxes=42
pred_scores_shape=(30,)
frame=34/41 receiver_sample=20/20 scenario=2026_07_15_01_26_56 timestamp=000126 cavs=[20, 7, 5, 9]
sgcp_constrained receiver=20 policy=all-cavs sources=[20, 7, 5, 9] clusters=20 ra=selective_edgecooper_global comm_bytes=158512 selected_grids={7: 39, 5: 39, 9: 39}
fusion_method=early pred_boxes=26 gt_boxes=37
pred_scores_shape=(26,)
frame=35/41 receiver_sample=1/20 scenario=2026_07_15_01_26_56 timestamp=000128 cavs=[1, 8, 11, 15]
sgcp_constrained receiver=1 policy=all-cavs sources=[1, 8, 11, 15] clusters=20 ra=selective_edgecooper_global comm_bytes=217904 selected_grids={8: 39, 11: 39, 15: 39}
fusion_method=early pred_boxes=33 gt_boxes=41
pred_scores_shape=(33,)
frame=35/41 receiver_sample=2/20 scenario=2026_07_15_01_26_56 timestamp=000128 cavs=[2, 1, 11, 15]
sgcp_constrained receiver=2 policy=all-cavs sources=[2, 1, 11, 15] clusters=20 ra=selective_edgecooper_global comm_bytes=193792 selected_grids={1: 39, 11: 39, 15: 39}
fusion_method=early pred_boxes=27 gt_boxes=44
pred_scores_shape=(27,)
frame=35/41 receiver_sample=3/20 scenario=2026_07_15_01_26_56 timestamp=000128 cavs=[3, 18, 16, 17]
sgcp_constrained receiver=3 policy=all-cavs sources=[3, 18, 16, 17] clusters=20 ra=selective_edgecooper_global comm_bytes=229648 selected_grids={18: 39, 16: 39, 17: 39}
fusion_method=early pred_boxes=25 gt_boxes=26
pred_scores_shape=(25,)
frame=35/41 receiver_sample=4/20 scenario=2026_07_15_01_26_56 timestamp=000128 cavs=[4, 12, 1, 7]
sgcp_constrained receiver=4 policy=all-cavs sources=[4, 12, 1, 7] clusters=20 ra=selective_edgecooper_global comm_bytes=229488 selected_grids={12: 39, 1: 39, 7: 39}
fusion_method=early pred_boxes=32 gt_boxes=37
pred_scores_shape=(32,)
frame=35/41 receiver_sample=5/20 scenario=2026_07_15_01_26_56 timestamp=000128 cavs=[5, 20, 17, 19]
sgcp_constrained receiver=5 policy=all-cavs sources=[5, 20, 17, 19] clusters=20 ra=selective_edgecooper_global comm_bytes=214368 selected_grids={20: 39, 17: 39, 19: 39}
fusion_method=early pred_boxes=26 gt_boxes=36
pred_scores_shape=(26,)
frame=35/41 receiver_sample=6/20 scenario=2026_07_15_01_26_56 timestamp=000128 cavs=[6, 15]
sgcp_constrained receiver=6 policy=all-cavs sources=[6, 15] clusters=20 ra=selective_edgecooper_global comm_bytes=76528 selected_grids={15: 47}
fusion_method=early pred_boxes=15 gt_boxes=24
pred_scores_shape=(15,)
frame=35/41 receiver_sample=7/20 scenario=2026_07_15_01_26_56 timestamp=000128 cavs=[7, 4, 16, 8]
sgcp_constrained receiver=7 policy=all-cavs sources=[7, 4, 16, 8] clusters=20 ra=selective_edgecooper_global comm_bytes=228688 selected_grids={4: 39, 16: 39, 8: 39}
fusion_method=early pred_boxes=27 gt_boxes=33
pred_scores_shape=(27,)
frame=35/41 receiver_sample=8/20 scenario=2026_07_15_01_26_56 timestamp=000128 cavs=[8, 4, 2, 10]
sgcp_constrained receiver=8 policy=all-cavs sources=[8, 4, 2, 10] clusters=20 ra=selective_edgecooper_global comm_bytes=227184 selected_grids={4: 39, 2: 39, 10: 39}
fusion_method=early pred_boxes=32 gt_boxes=38
pred_scores_shape=(32,)
frame=35/41 receiver_sample=9/20 scenario=2026_07_15_01_26_56 timestamp=000128 cavs=[9, 5, 13]
sgcp_constrained receiver=9 policy=all-cavs sources=[9, 5, 13] clusters=20 ra=selective_edgecooper_global comm_bytes=146304 selected_grids={5: 51, 13: 53}
fusion_method=early pred_boxes=17 gt_boxes=25
pred_scores_shape=(17,)
frame=35/41 receiver_sample=10/20 scenario=2026_07_15_01_26_56 timestamp=000128 cavs=[10, 19, 8, 5]
sgcp_constrained receiver=10 policy=all-cavs sources=[10, 19, 8, 5] clusters=20 ra=selective_edgecooper_global comm_bytes=221552 selected_grids={19: 39, 8: 39, 5: 39}
fusion_method=early pred_boxes=26 gt_boxes=39
pred_scores_shape=(26,)
frame=35/41 receiver_sample=11/20 scenario=2026_07_15_01_26_56 timestamp=000128 cavs=[11, 1, 9, 2]
sgcp_constrained receiver=11 policy=all-cavs sources=[11, 1, 9, 2] clusters=20 ra=selective_edgecooper_global comm_bytes=190032 selected_grids={1: 39, 9: 39, 2: 39}
fusion_method=early pred_boxes=29 gt_boxes=51
pred_scores_shape=(29,)
frame=35/41 receiver_sample=12/20 scenario=2026_07_15_01_26_56 timestamp=000128 cavs=[12, 4]
sgcp_constrained receiver=12 policy=all-cavs sources=[12, 4] clusters=20 ra=selective_edgecooper_global comm_bytes=73136 selected_grids={4: 53}
fusion_method=early pred_boxes=11 gt_boxes=33
pred_scores_shape=(11,)
frame=35/41 receiver_sample=13/20 scenario=2026_07_15_01_26_56 timestamp=000128 cavs=[13, 10, 14, 19]
sgcp_constrained receiver=13 policy=all-cavs sources=[13, 10, 14, 19] clusters=20 ra=selective_edgecooper_global comm_bytes=223424 selected_grids={10: 39, 14: 39, 19: 39}
fusion_method=early pred_boxes=20 gt_boxes=38
pred_scores_shape=(20,)
frame=35/41 receiver_sample=14/20 scenario=2026_07_15_01_26_56 timestamp=000128 cavs=[14, 13]
sgcp_constrained receiver=14 policy=all-cavs sources=[14, 13] clusters=20 ra=selective_edgecooper_global comm_bytes=74816 selected_grids={13: 55}
fusion_method=early pred_boxes=7 gt_boxes=2
pred_scores_shape=(7,)
frame=35/41 receiver_sample=15/20 scenario=2026_07_15_01_26_56 timestamp=000128 cavs=[15, 6, 11, 2]
sgcp_constrained receiver=15 policy=all-cavs sources=[15, 6, 11, 2] clusters=20 ra=selective_edgecooper_global comm_bytes=225120 selected_grids={6: 39, 11: 39, 2: 39}
fusion_method=early pred_boxes=29 gt_boxes=46
pred_scores_shape=(29,)
frame=35/41 receiver_sample=16/20 scenario=2026_07_15_01_26_56 timestamp=000128 cavs=[16, 20, 3, 17]
sgcp_constrained receiver=16 policy=all-cavs sources=[16, 20, 3, 17] clusters=20 ra=selective_edgecooper_global comm_bytes=208992 selected_grids={20: 39, 3: 39, 17: 39}Format = auto
Extension = pcd
Format = auto
Extension = pcd
Format = auto
Extension = pcd
Format = auto
Extension = pcd
Format = auto
Extension = pcd
Format = auto
Extension = pcd
Format = auto
Extension = pcd
Format = auto
Extension = pcd
Format = auto
Extension = pcd
Format = auto
Extension = pcd
Format = auto
Extension = pcd
Format = auto
Extension = pcd
Format = auto
Extension = pcd
Format = auto
Extension = pcd
Format = auto
Extension = pcd
Format = auto
Extension = pcd
Format = auto
Extension = pcd
Format = auto
Extension = pcd
Format = auto
Extension = pcd
Format = auto
Extension = pcd
Format = auto
Extension = pcd
Format = auto
Extension = pcd
Format = auto
Extension = pcd
Format = auto
Extension = pcd
Format = auto
Extension = pcd
Format = auto
Extension = pcd
Format = auto
Extension = pcd
Format = auto
Extension = pcd
Format = auto
Extension = pcd
Format = auto
Extension = pcd
Format = auto
Extension = pcd
Format = auto
Extension = pcd
Format = auto
Extension = pcd
Format = auto
Extension = pcd
Format = auto
Extension = pcd
Format = auto
Extension = pcd
Format = auto
Extension = pcd
Format = auto
Extension = pcd
Format = auto
Extension = pcd
Format = auto
Extension = pcd

fusion_method=early pred_boxes=28 gt_boxes=34
pred_scores_shape=(28,)
frame=35/41 receiver_sample=17/20 scenario=2026_07_15_01_26_56 timestamp=000128 cavs=[17, 7, 3, 16]
sgcp_constrained receiver=17 policy=all-cavs sources=[17, 7, 3, 16] clusters=20 ra=selective_edgecooper_global comm_bytes=203456 selected_grids={7: 39, 3: 39, 16: 39}
fusion_method=early pred_boxes=21 gt_boxes=25
pred_scores_shape=(21,)
frame=35/41 receiver_sample=18/20 scenario=2026_07_15_01_26_56 timestamp=000128 cavs=[18, 3]
sgcp_constrained receiver=18 policy=all-cavs sources=[18, 3] clusters=20 ra=selective_edgecooper_global comm_bytes=80080 selected_grids={3: 64}
fusion_method=early pred_boxes=18 gt_boxes=12
pred_scores_shape=(18,)
frame=35/41 receiver_sample=19/20 scenario=2026_07_15_01_26_56 timestamp=000128 cavs=[19, 10, 20, 13]
sgcp_constrained receiver=19 policy=all-cavs sources=[19, 10, 20, 13] clusters=20 ra=selective_edgecooper_global comm_bytes=225968 selected_grids={10: 39, 20: 39, 13: 39}
fusion_method=early pred_boxes=29 gt_boxes=42
pred_scores_shape=(29,)
frame=35/41 receiver_sample=20/20 scenario=2026_07_15_01_26_56 timestamp=000128 cavs=[20, 7, 5, 9]
sgcp_constrained receiver=20 policy=all-cavs sources=[20, 7, 5, 9] clusters=20 ra=selective_edgecooper_global comm_bytes=158976 selected_grids={7: 39, 5: 39, 9: 39}
fusion_method=early pred_boxes=29 gt_boxes=35
pred_scores_shape=(29,)
frame=36/41 receiver_sample=1/20 scenario=2026_07_15_01_26_56 timestamp=000130 cavs=[1, 8, 11, 15]
sgcp_constrained receiver=1 policy=all-cavs sources=[1, 8, 11, 15] clusters=20 ra=selective_edgecooper_global comm_bytes=217744 selected_grids={8: 39, 11: 39, 15: 39}
fusion_method=early pred_boxes=32 gt_boxes=40
pred_scores_shape=(32,)
frame=36/41 receiver_sample=2/20 scenario=2026_07_15_01_26_56 timestamp=000130 cavs=[2, 1, 11, 15]
sgcp_constrained receiver=2 policy=all-cavs sources=[2, 1, 11, 15] clusters=20 ra=selective_edgecooper_global comm_bytes=193296 selected_grids={1: 39, 11: 39, 15: 39}
fusion_method=early pred_boxes=26 gt_boxes=43
pred_scores_shape=(26,)
frame=36/41 receiver_sample=3/20 scenario=2026_07_15_01_26_56 timestamp=000130 cavs=[3, 18, 16, 17]
sgcp_constrained receiver=3 policy=all-cavs sources=[3, 18, 16, 17] clusters=20 ra=selective_edgecooper_global comm_bytes=229616 selected_grids={18: 39, 16: 39, 17: 39}
fusion_method=early pred_boxes=23 gt_boxes=27
pred_scores_shape=(23,)
frame=36/41 receiver_sample=4/20 scenario=2026_07_15_01_26_56 timestamp=000130 cavs=[4, 12, 1, 7]
sgcp_constrained receiver=4 policy=all-cavs sources=[4, 12, 1, 7] clusters=20 ra=selective_edgecooper_global comm_bytes=229776 selected_grids={12: 39, 1: 39, 7: 39}
fusion_method=early pred_boxes=32 gt_boxes=36
pred_scores_shape=(32,)
frame=36/41 receiver_sample=5/20 scenario=2026_07_15_01_26_56 timestamp=000130 cavs=[5, 16, 19, 20]
sgcp_constrained receiver=5 policy=all-cavs sources=[5, 16, 19, 20] clusters=20 ra=selective_edgecooper_global comm_bytes=215456 selected_grids={16: 39, 19: 39, 20: 39}
fusion_method=early pred_boxes=27 gt_boxes=40
pred_scores_shape=(27,)
frame=36/41 receiver_sample=6/20 scenario=2026_07_15_01_26_56 timestamp=000130 cavs=[6, 15]
sgcp_constrained receiver=6 policy=all-cavs sources=[6, 15] clusters=20 ra=selective_edgecooper_global comm_bytes=76320 selected_grids={15: 48}
fusion_method=early pred_boxes=17 gt_boxes=23
pred_scores_shape=(17,)
frame=36/41 receiver_sample=7/20 scenario=2026_07_15_01_26_56 timestamp=000130 cavs=[7, 4, 17, 8]
sgcp_constrained receiver=7 policy=all-cavs sources=[7, 4, 17, 8] clusters=20 ra=selective_edgecooper_global comm_bytes=226304 selected_grids={4: 39, 17: 39, 8: 39}
fusion_method=early pred_boxes=28 gt_boxes=30
pred_scores_shape=(28,)
frame=36/41 receiver_sample=8/20 scenario=2026_07_15_01_26_56 timestamp=000130 cavs=[8, 4, 2, 10]
sgcp_constrained receiver=8 policy=all-cavs sources=[8, 4, 2, 10] clusters=20 ra=selective_edgecooper_global comm_bytes=227024 selected_grids={4: 39, 2: 39, 10: 39}
fusion_method=early pred_boxes=30 gt_boxes=38
pred_scores_shape=(30,)
frame=36/41 receiver_sample=9/20 scenario=2026_07_15_01_26_56 timestamp=000130 cavs=[9, 5, 13]
sgcp_constrained receiver=9 policy=all-cavs sources=[9, 5, 13] clusters=20 ra=selective_edgecooper_global comm_bytes=145920 selected_grids={5: 50, 13: 52}
fusion_method=early pred_boxes=21 gt_boxes=27
pred_scores_shape=(21,)
frame=36/41 receiver_sample=10/20 scenario=2026_07_15_01_26_56 timestamp=000130 cavs=[10, 19, 8, 5]
sgcp_constrained receiver=10 policy=all-cavs sources=[10, 19, 8, 5] clusters=20 ra=selective_edgecooper_global comm_bytes=221264 selected_grids={19: 39, 8: 39, 5: 39}
fusion_method=early pred_boxes=33 gt_boxes=39
pred_scores_shape=(33,)
frame=36/41 receiver_sample=11/20 scenario=2026_07_15_01_26_56 timestamp=000130 cavs=[11, 1, 9, 2]
sgcp_constrained receiver=11 policy=all-cavs sources=[11, 1, 9, 2] clusters=20 ra=selective_edgecooper_global comm_bytes=189952 selected_grids={1: 39, 9: 39, 2: 39}
fusion_method=early pred_boxes=30 gt_boxes=52
pred_scores_shape=(30,)
frame=36/41 receiver_sample=12/20 scenario=2026_07_15_01_26_56 timestamp=000130 cavs=[12, 4]
sgcp_constrained receiver=12 policy=all-cavs sources=[12, 4] clusters=20 ra=selective_edgecooper_global comm_bytes=73536 selected_grids={4: 53}
fusion_method=early pred_boxes=13 gt_boxes=33
pred_scores_shape=(13,)
frame=36/41 receiver_sample=13/20 scenario=2026_07_15_01_26_56 timestamp=000130 cavs=[13, 10, 14, 19]
sgcp_constrained receiver=13 policy=all-cavs sources=[13, 10, 14, 19] clusters=20 ra=selective_edgecooper_global comm_bytes=223568 selected_grids={10: 39, 14: 39, 19: 39}
fusion_method=early pred_boxes=22 gt_boxes=38
pred_scores_shape=(22,)
frame=36/41 receiver_sample=14/20 scenario=2026_07_15_01_26_56 timestamp=000130 cavs=[14, 13]
sgcp_constrained receiver=14 policy=all-cavs sources=[14, 13] clusters=20 ra=selective_edgecooper_global comm_bytes=74416 selected_grids={13: 54}
fusion_method=early pred_boxes=7 gt_boxes=2
pred_scores_shape=(7,)
frame=36/41 receiver_sample=15/20 scenario=2026_07_15_01_26_56 timestamp=000130 cavs=[15, 6, 11, 2]
sgcp_constrained receiver=15 policy=all-cavs sources=[15, 6, 11, 2] clusters=20 ra=selective_edgecooper_global comm_bytes=225392 selected_grids={6: 39, 11: 39, 2: 39}
fusion_method=early pred_boxes=27 gt_boxes=46
pred_scores_shape=(27,)
frame=36/41 receiver_sample=16/20 scenario=2026_07_15_01_26_56 timestamp=000130 cavs=[16, 20, 3, 17]
sgcp_constrained receiver=16 policy=all-cavs sources=[16, 20, 3, 17] clusters=20 ra=selective_edgecooper_global comm_bytes=208816 selected_grids={20: 39, 3: 39, 17: 39}
fusion_method=early pred_boxes=26 gt_boxes=34
pred_scores_shape=(26,)
frame=36/41 receiver_sample=17/20 scenario=2026_07_15_01_26_56 timestamp=000130 cavs=[17, 7, 3, 16]
sgcp_constrained receiver=17 policy=all-cavs sources=[17, 7, 3, 16] clusters=20 ra=selective_edgecooper_global comm_bytes=202016 selected_grids={7: 39, 3: 39, 16: 39}
fusion_method=early pred_boxes=21 gt_boxes=25
pred_scores_shape=(21,)
frame=36/41 receiver_sample=18/20 scenario=2026_07_15_01_26_56 timestamp=000130 cavs=[18, 3]
sgcp_constrained receiver=18 policy=all-cavs sources=[18, 3] clusters=20 ra=selective_edgecooper_global comm_bytes=79248 selected_grids={3: 64}
fusion_method=early pred_boxes=14 gt_boxes=12
pred_scores_shape=(14,)
frame=36/41 receiver_sample=19/20 scenario=2026_07_15_01_26_56 timestamp=000130 cavs=[19, 10, 20, 13]
sgcp_constrained receiver=19 policy=all-cavs sources=[19, 10, 20, 13] clusters=20 ra=selective_edgecooper_global comm_bytes=226672 selected_grids={10: 39, 20: 39, 13: 39}
fusion_method=early pred_boxes=27 gt_boxes=42
pred_scores_shape=(27,)
frame=36/41 receiver_sample=20/20 scenario=2026_07_15_01_26_56 timestamp=000130 cavs=[20, 7, 5, 9]
sgcp_constrained receiver=20 policy=all-cavs sources=[20, 7, 5, 9] clusters=20 ra=selective_edgecooper_global comm_bytes=158784 selected_grids={7: 39, 5: 39, 9: 39}
fusion_method=early pred_boxes=26 gt_boxes=35
pred_scores_shape=(26,)
frame=37/41 receiver_sample=1/20 scenario=2026_07_15_01_26_56 timestamp=000132 cavs=[1, 8, 11, 15]
sgcp_constrained receiver=1 policy=all-cavs sources=[1, 8, 11, 15] clusters=20 ra=selective_edgecooper_global comm_bytes=218096 selected_grids={8: 39, 11: 39, 15: 39}Format = auto
Extension = pcd
Format = auto
Extension = pcd
Format = auto
Extension = pcd
Format = auto
Extension = pcd
Format = auto
Extension = pcd
Format = auto
Extension = pcd
Format = auto
Extension = pcd
Format = auto
Extension = pcd
Format = auto
Extension = pcd
Format = auto
Extension = pcd
Format = auto
Extension = pcd
Format = auto
Extension = pcd
Format = auto
Extension = pcd
Format = auto
Extension = pcd
Format = auto
Extension = pcd
Format = auto
Extension = pcd
Format = auto
Extension = pcd
Format = auto
Extension = pcd
Format = auto
Extension = pcd
Format = auto
Extension = pcd

fusion_method=early pred_boxes=31 gt_boxes=41
pred_scores_shape=(31,)
frame=37/41 receiver_sample=2/20 scenario=2026_07_15_01_26_56 timestamp=000132 cavs=[2, 1, 11, 15]
sgcp_constrained receiver=2 policy=all-cavs sources=[2, 1, 11, 15] clusters=20 ra=selective_edgecooper_global comm_bytes=193584 selected_grids={1: 39, 11: 39, 15: 39}
fusion_method=early pred_boxes=26 gt_boxes=43
pred_scores_shape=(26,)
frame=37/41 receiver_sample=3/20 scenario=2026_07_15_01_26_56 timestamp=000132 cavs=[3, 18, 16, 17]
sgcp_constrained receiver=3 policy=all-cavs sources=[3, 18, 16, 17] clusters=20 ra=selective_edgecooper_global comm_bytes=228960 selected_grids={18: 39, 16: 39, 17: 39}
fusion_method=early pred_boxes=25 gt_boxes=26
pred_scores_shape=(25,)
frame=37/41 receiver_sample=4/20 scenario=2026_07_15_01_26_56 timestamp=000132 cavs=[4, 12, 1, 7]
sgcp_constrained receiver=4 policy=all-cavs sources=[4, 12, 1, 7] clusters=20 ra=selective_edgecooper_global comm_bytes=229792 selected_grids={12: 39, 1: 39, 7: 39}
fusion_method=early pred_boxes=30 gt_boxes=36
pred_scores_shape=(30,)
frame=37/41 receiver_sample=5/20 scenario=2026_07_15_01_26_56 timestamp=000132 cavs=[5, 16, 10, 20]
sgcp_constrained receiver=5 policy=all-cavs sources=[5, 16, 10, 20] clusters=20 ra=selective_edgecooper_global comm_bytes=217312 selected_grids={16: 39, 10: 39, 20: 39}
fusion_method=early pred_boxes=29 gt_boxes=46
pred_scores_shape=(29,)
frame=37/41 receiver_sample=6/20 scenario=2026_07_15_01_26_56 timestamp=000132 cavs=[6, 15]
sgcp_constrained receiver=6 policy=all-cavs sources=[6, 15] clusters=20 ra=selective_edgecooper_global comm_bytes=76736 selected_grids={15: 49}
fusion_method=early pred_boxes=15 gt_boxes=22
pred_scores_shape=(15,)
frame=37/41 receiver_sample=7/20 scenario=2026_07_15_01_26_56 timestamp=000132 cavs=[7, 4, 17, 8]
sgcp_constrained receiver=7 policy=all-cavs sources=[7, 4, 17, 8] clusters=20 ra=selective_edgecooper_global comm_bytes=226304 selected_grids={4: 39, 17: 39, 8: 39}
fusion_method=early pred_boxes=27 gt_boxes=30
pred_scores_shape=(27,)
frame=37/41 receiver_sample=8/20 scenario=2026_07_15_01_26_56 timestamp=000132 cavs=[8, 4, 2]
sgcp_constrained receiver=8 policy=all-cavs sources=[8, 4, 2] clusters=20 ra=selective_edgecooper_global comm_bytes=151440 selected_grids={4: 57, 2: 51}
fusion_method=early pred_boxes=23 gt_boxes=38
pred_scores_shape=(23,)
frame=37/41 receiver_sample=9/20 scenario=2026_07_15_01_26_56 timestamp=000132 cavs=[9, 5, 13, 19]
sgcp_constrained receiver=9 policy=all-cavs sources=[9, 5, 13, 19] clusters=20 ra=selective_edgecooper_global comm_bytes=160944 selected_grids={5: 39, 13: 39, 19: 39}
fusion_method=early pred_boxes=22 gt_boxes=30
pred_scores_shape=(22,)
frame=37/41 receiver_sample=10/20 scenario=2026_07_15_01_26_56 timestamp=000132 cavs=[10, 19, 8, 5]
sgcp_constrained receiver=10 policy=all-cavs sources=[10, 19, 8, 5] clusters=20 ra=selective_edgecooper_global comm_bytes=221472 selected_grids={19: 39, 8: 39, 5: 39}
fusion_method=early pred_boxes=29 gt_boxes=38
pred_scores_shape=(29,)
frame=37/41 receiver_sample=11/20 scenario=2026_07_15_01_26_56 timestamp=000132 cavs=[11, 1, 9, 2]
sgcp_constrained receiver=11 policy=all-cavs sources=[11, 1, 9, 2] clusters=20 ra=selective_edgecooper_global comm_bytes=190032 selected_grids={1: 39, 9: 39, 2: 39}
fusion_method=early pred_boxes=28 gt_boxes=52
pred_scores_shape=(28,)
frame=37/41 receiver_sample=12/20 scenario=2026_07_15_01_26_56 timestamp=000132 cavs=[12, 4]
sgcp_constrained receiver=12 policy=all-cavs sources=[12, 4] clusters=20 ra=selective_edgecooper_global comm_bytes=73616 selected_grids={4: 53}
fusion_method=early pred_boxes=13 gt_boxes=33
pred_scores_shape=(13,)
frame=37/41 receiver_sample=13/20 scenario=2026_07_15_01_26_56 timestamp=000132 cavs=[13, 10, 14, 19]
sgcp_constrained receiver=13 policy=all-cavs sources=[13, 10, 14, 19] clusters=20 ra=selective_edgecooper_global comm_bytes=223040 selected_grids={10: 39, 14: 39, 19: 39}
fusion_method=early pred_boxes=21 gt_boxes=38
pred_scores_shape=(21,)
frame=37/41 receiver_sample=14/20 scenario=2026_07_15_01_26_56 timestamp=000132 cavs=[14, 13]
sgcp_constrained receiver=14 policy=all-cavs sources=[14, 13] clusters=20 ra=selective_edgecooper_global comm_bytes=74832 selected_grids={13: 55}
fusion_method=early pred_boxes=7 gt_boxes=2
pred_scores_shape=(7,)
frame=37/41 receiver_sample=15/20 scenario=2026_07_15_01_26_56 timestamp=000132 cavs=[15, 6, 11, 2]
sgcp_constrained receiver=15 policy=all-cavs sources=[15, 6, 11, 2] clusters=20 ra=selective_edgecooper_global comm_bytes=225136 selected_grids={6: 39, 11: 39, 2: 39}
fusion_method=early pred_boxes=31 gt_boxes=45
pred_scores_shape=(31,)
frame=37/41 receiver_sample=16/20 scenario=2026_07_15_01_26_56 timestamp=000132 cavs=[16, 20, 3, 17]
sgcp_constrained receiver=16 policy=all-cavs sources=[16, 20, 3, 17] clusters=20 ra=selective_edgecooper_global comm_bytes=207616 selected_grids={20: 39, 3: 39, 17: 39}
fusion_method=early pred_boxes=29 gt_boxes=33
pred_scores_shape=(29,)
frame=37/41 receiver_sample=17/20 scenario=2026_07_15_01_26_56 timestamp=000132 cavs=[17, 7, 3, 16]
sgcp_constrained receiver=17 policy=all-cavs sources=[17, 7, 3, 16] clusters=20 ra=selective_edgecooper_global comm_bytes=202000 selected_grids={7: 39, 3: 39, 16: 39}
fusion_method=early pred_boxes=22 gt_boxes=24
pred_scores_shape=(22,)
frame=37/41 receiver_sample=18/20 scenario=2026_07_15_01_26_56 timestamp=000132 cavs=[18, 3]
sgcp_constrained receiver=18 policy=all-cavs sources=[18, 3] clusters=20 ra=selective_edgecooper_global comm_bytes=80080 selected_grids={3: 65}
fusion_method=early pred_boxes=17 gt_boxes=11
pred_scores_shape=(17,)
frame=37/41 receiver_sample=19/20 scenario=2026_07_15_01_26_56 timestamp=000132 cavs=[19, 10, 20, 13]
sgcp_constrained receiver=19 policy=all-cavs sources=[19, 10, 20, 13] clusters=20 ra=selective_edgecooper_global comm_bytes=227056 selected_grids={10: 39, 20: 39, 13: 39}
fusion_method=early pred_boxes=26 gt_boxes=42
pred_scores_shape=(26,)
frame=37/41 receiver_sample=20/20 scenario=2026_07_15_01_26_56 timestamp=000132 cavs=[20, 7, 5, 9]
sgcp_constrained receiver=20 policy=all-cavs sources=[20, 7, 5, 9] clusters=20 ra=selective_edgecooper_global comm_bytes=159488 selected_grids={7: 39, 5: 39, 9: 39}
fusion_method=early pred_boxes=31 gt_boxes=35
pred_scores_shape=(31,)
frame=38/41 receiver_sample=1/20 scenario=2026_07_15_01_26_56 timestamp=000134 cavs=[1, 8, 11, 15]
sgcp_constrained receiver=1 policy=all-cavs sources=[1, 8, 11, 15] clusters=20 ra=selective_edgecooper_global comm_bytes=217776 selected_grids={8: 39, 11: 39, 15: 39}
fusion_method=early pred_boxes=30 gt_boxes=41
pred_scores_shape=(30,)
frame=38/41 receiver_sample=2/20 scenario=2026_07_15_01_26_56 timestamp=000134 cavs=[2, 1, 11, 15]
sgcp_constrained receiver=2 policy=all-cavs sources=[2, 1, 11, 15] clusters=20 ra=selective_edgecooper_global comm_bytes=193344 selected_grids={1: 39, 11: 39, 15: 39}
fusion_method=early pred_boxes=27 gt_boxes=43
pred_scores_shape=(27,)
frame=38/41 receiver_sample=3/20 scenario=2026_07_15_01_26_56 timestamp=000134 cavs=[3, 18, 16, 17]
sgcp_constrained receiver=3 policy=all-cavs sources=[3, 18, 16, 17] clusters=20 ra=selective_edgecooper_global comm_bytes=229408 selected_grids={18: 39, 16: 39, 17: 39}
fusion_method=early pred_boxes=22 gt_boxes=26
pred_scores_shape=(22,)
frame=38/41 receiver_sample=4/20 scenario=2026_07_15_01_26_56 timestamp=000134 cavs=[4, 12, 1, 7]
sgcp_constrained receiver=4 policy=all-cavs sources=[4, 12, 1, 7] clusters=20 ra=selective_edgecooper_global comm_bytes=229984 selected_grids={12: 39, 1: 39, 7: 39}
fusion_method=early pred_boxes=33 gt_boxes=36
pred_scores_shape=(33,)
frame=38/41 receiver_sample=5/20 scenario=2026_07_15_01_26_56 timestamp=000134 cavs=[5, 16, 10, 20]
sgcp_constrained receiver=5 policy=all-cavs sources=[5, 16, 10, 20] clusters=20 ra=selective_edgecooper_global comm_bytes=217296 selected_grids={16: 39, 10: 39, 20: 39}
fusion_method=early pred_boxes=32 gt_boxes=47
pred_scores_shape=(32,)
frame=38/41 receiver_sample=6/20 scenario=2026_07_15_01_26_56 timestamp=000134 cavs=[6, 15]Format = auto
Extension = pcd
Format = auto
Extension = pcd
Format = auto
Extension = pcd
Format = auto
Extension = pcd
Format = auto
Extension = pcd
Format = auto
Extension = pcd
Format = auto
Extension = pcd
Format = auto
Extension = pcd
Format = auto
Extension = pcd
Format = auto
Extension = pcd
Format = auto
Extension = pcd
Format = auto
Extension = pcd
Format = auto
Extension = pcd
Format = auto
Extension = pcd
Format = auto
Extension = pcd
Format = auto
Extension = pcd
Format = auto
Extension = pcd
Format = auto
Extension = pcd
Format = auto
Extension = pcd
Format = auto
Extension = pcd

sgcp_constrained receiver=6 policy=all-cavs sources=[6, 15] clusters=20 ra=selective_edgecooper_global comm_bytes=76384 selected_grids={15: 50}
fusion_method=early pred_boxes=16 gt_boxes=25
pred_scores_shape=(16,)
frame=38/41 receiver_sample=7/20 scenario=2026_07_15_01_26_56 timestamp=000134 cavs=[7, 4, 17, 8]
sgcp_constrained receiver=7 policy=all-cavs sources=[7, 4, 17, 8] clusters=20 ra=selective_edgecooper_global comm_bytes=226544 selected_grids={4: 39, 17: 39, 8: 39}
fusion_method=early pred_boxes=29 gt_boxes=30
pred_scores_shape=(29,)
frame=38/41 receiver_sample=8/20 scenario=2026_07_15_01_26_56 timestamp=000134 cavs=[8, 4, 2]
sgcp_constrained receiver=8 policy=all-cavs sources=[8, 4, 2] clusters=20 ra=selective_edgecooper_global comm_bytes=151408 selected_grids={4: 57, 2: 51}
fusion_method=early pred_boxes=23 gt_boxes=38
pred_scores_shape=(23,)
frame=38/41 receiver_sample=9/20 scenario=2026_07_15_01_26_56 timestamp=000134 cavs=[9, 5, 13, 19]
sgcp_constrained receiver=9 policy=all-cavs sources=[9, 5, 13, 19] clusters=20 ra=selective_edgecooper_global comm_bytes=161360 selected_grids={5: 39, 13: 39, 19: 39}
fusion_method=early pred_boxes=19 gt_boxes=30
pred_scores_shape=(19,)
frame=38/41 receiver_sample=10/20 scenario=2026_07_15_01_26_56 timestamp=000134 cavs=[10, 19, 8, 5]
sgcp_constrained receiver=10 policy=all-cavs sources=[10, 19, 8, 5] clusters=20 ra=selective_edgecooper_global comm_bytes=221600 selected_grids={19: 39, 8: 39, 5: 39}
fusion_method=early pred_boxes=28 gt_boxes=39
pred_scores_shape=(28,)
frame=38/41 receiver_sample=11/20 scenario=2026_07_15_01_26_56 timestamp=000134 cavs=[11, 1, 9, 2]
sgcp_constrained receiver=11 policy=all-cavs sources=[11, 1, 9, 2] clusters=20 ra=selective_edgecooper_global comm_bytes=189792 selected_grids={1: 39, 9: 39, 2: 39}
fusion_method=early pred_boxes=28 gt_boxes=52
pred_scores_shape=(28,)
frame=38/41 receiver_sample=12/20 scenario=2026_07_15_01_26_56 timestamp=000134 cavs=[12, 4]
sgcp_constrained receiver=12 policy=all-cavs sources=[12, 4] clusters=20 ra=selective_edgecooper_global comm_bytes=73632 selected_grids={4: 53}
fusion_method=early pred_boxes=14 gt_boxes=33
pred_scores_shape=(14,)
frame=38/41 receiver_sample=13/20 scenario=2026_07_15_01_26_56 timestamp=000134 cavs=[13, 10, 14, 19]
sgcp_constrained receiver=13 policy=all-cavs sources=[13, 10, 14, 19] clusters=20 ra=selective_edgecooper_global comm_bytes=223104 selected_grids={10: 39, 14: 39, 19: 39}
fusion_method=early pred_boxes=20 gt_boxes=38
pred_scores_shape=(20,)
frame=38/41 receiver_sample=14/20 scenario=2026_07_15_01_26_56 timestamp=000134 cavs=[14, 13]
sgcp_constrained receiver=14 policy=all-cavs sources=[14, 13] clusters=20 ra=selective_edgecooper_global comm_bytes=74736 selected_grids={13: 56}
fusion_method=early pred_boxes=6 gt_boxes=2
pred_scores_shape=(6,)
frame=38/41 receiver_sample=15/20 scenario=2026_07_15_01_26_56 timestamp=000134 cavs=[15, 6, 11, 2]
sgcp_constrained receiver=15 policy=all-cavs sources=[15, 6, 11, 2] clusters=20 ra=selective_edgecooper_global comm_bytes=225136 selected_grids={6: 39, 11: 39, 2: 39}
fusion_method=early pred_boxes=28 gt_boxes=45
pred_scores_shape=(28,)
frame=38/41 receiver_sample=16/20 scenario=2026_07_15_01_26_56 timestamp=000134 cavs=[16, 20, 3, 17]
sgcp_constrained receiver=16 policy=all-cavs sources=[16, 20, 3, 17] clusters=20 ra=selective_edgecooper_global comm_bytes=206960 selected_grids={20: 39, 3: 39, 17: 39}
fusion_method=early pred_boxes=28 gt_boxes=33
pred_scores_shape=(28,)
frame=38/41 receiver_sample=17/20 scenario=2026_07_15_01_26_56 timestamp=000134 cavs=[17, 7, 3, 16]
sgcp_constrained receiver=17 policy=all-cavs sources=[17, 7, 3, 16] clusters=20 ra=selective_edgecooper_global comm_bytes=201280 selected_grids={7: 39, 3: 39, 16: 39}
fusion_method=early pred_boxes=21 gt_boxes=24
pred_scores_shape=(21,)
frame=38/41 receiver_sample=18/20 scenario=2026_07_15_01_26_56 timestamp=000134 cavs=[18, 3]
sgcp_constrained receiver=18 policy=all-cavs sources=[18, 3] clusters=20 ra=selective_edgecooper_global comm_bytes=79840 selected_grids={3: 64}
fusion_method=early pred_boxes=15 gt_boxes=11
pred_scores_shape=(15,)
frame=38/41 receiver_sample=19/20 scenario=2026_07_15_01_26_56 timestamp=000134 cavs=[19, 10, 20, 13]
sgcp_constrained receiver=19 policy=all-cavs sources=[19, 10, 20, 13] clusters=20 ra=selective_edgecooper_global comm_bytes=227472 selected_grids={10: 39, 20: 39, 13: 39}
fusion_method=early pred_boxes=26 gt_boxes=41
pred_scores_shape=(26,)
frame=38/41 receiver_sample=20/20 scenario=2026_07_15_01_26_56 timestamp=000134 cavs=[20, 7, 5, 9]
sgcp_constrained receiver=20 policy=all-cavs sources=[20, 7, 5, 9] clusters=20 ra=selective_edgecooper_global comm_bytes=159600 selected_grids={7: 39, 5: 39, 9: 39}
fusion_method=early pred_boxes=25 gt_boxes=36
pred_scores_shape=(25,)
frame=39/41 receiver_sample=1/20 scenario=2026_07_15_01_26_56 timestamp=000136 cavs=[1, 8, 11, 15]
sgcp_constrained receiver=1 policy=all-cavs sources=[1, 8, 11, 15] clusters=20 ra=selective_edgecooper_global comm_bytes=217392 selected_grids={8: 39, 11: 39, 15: 39}
fusion_method=early pred_boxes=30 gt_boxes=41
pred_scores_shape=(30,)
frame=39/41 receiver_sample=2/20 scenario=2026_07_15_01_26_56 timestamp=000136 cavs=[2, 1, 11, 15]
sgcp_constrained receiver=2 policy=all-cavs sources=[2, 1, 11, 15] clusters=20 ra=selective_edgecooper_global comm_bytes=193232 selected_grids={1: 39, 11: 39, 15: 39}
fusion_method=early pred_boxes=25 gt_boxes=44
pred_scores_shape=(25,)
frame=39/41 receiver_sample=3/20 scenario=2026_07_15_01_26_56 timestamp=000136 cavs=[3, 18, 16, 17]
sgcp_constrained receiver=3 policy=all-cavs sources=[3, 18, 16, 17] clusters=20 ra=selective_edgecooper_global comm_bytes=228912 selected_grids={18: 39, 16: 39, 17: 39}
fusion_method=early pred_boxes=23 gt_boxes=27
pred_scores_shape=(23,)
frame=39/41 receiver_sample=4/20 scenario=2026_07_15_01_26_56 timestamp=000136 cavs=[4, 12, 1, 7]
sgcp_constrained receiver=4 policy=all-cavs sources=[4, 12, 1, 7] clusters=20 ra=selective_edgecooper_global comm_bytes=230048 selected_grids={12: 39, 1: 39, 7: 39}
fusion_method=early pred_boxes=32 gt_boxes=38
pred_scores_shape=(32,)
frame=39/41 receiver_sample=5/20 scenario=2026_07_15_01_26_56 timestamp=000136 cavs=[5, 16, 10, 20]
sgcp_constrained receiver=5 policy=all-cavs sources=[5, 16, 10, 20] clusters=20 ra=selective_edgecooper_global comm_bytes=217456 selected_grids={16: 39, 10: 39, 20: 39}
fusion_method=early pred_boxes=31 gt_boxes=46
pred_scores_shape=(31,)
frame=39/41 receiver_sample=6/20 scenario=2026_07_15_01_26_56 timestamp=000136 cavs=[6, 15]
sgcp_constrained receiver=6 policy=all-cavs sources=[6, 15] clusters=20 ra=selective_edgecooper_global comm_bytes=76464 selected_grids={15: 49}
fusion_method=early pred_boxes=16 gt_boxes=25
pred_scores_shape=(16,)
frame=39/41 receiver_sample=7/20 scenario=2026_07_15_01_26_56 timestamp=000136 cavs=[7, 4, 17, 8]
sgcp_constrained receiver=7 policy=all-cavs sources=[7, 4, 17, 8] clusters=20 ra=selective_edgecooper_global comm_bytes=227808 selected_grids={4: 39, 17: 39, 8: 39}
fusion_method=early pred_boxes=28 gt_boxes=30
pred_scores_shape=(28,)
frame=39/41 receiver_sample=8/20 scenario=2026_07_15_01_26_56 timestamp=000136 cavs=[8, 4, 2]
sgcp_constrained receiver=8 policy=all-cavs sources=[8, 4, 2] clusters=20 ra=selective_edgecooper_global comm_bytes=151424 selected_grids={4: 56, 2: 52}
fusion_method=early pred_boxes=22 gt_boxes=38
pred_scores_shape=(22,)
frame=39/41 receiver_sample=9/20 scenario=2026_07_15_01_26_56 timestamp=000136 cavs=[9, 5, 13, 19]
sgcp_constrained receiver=9 policy=all-cavs sources=[9, 5, 13, 19] clusters=20 ra=selective_edgecooper_global comm_bytes=161520 selected_grids={5: 39, 13: 39, 19: 39}
fusion_method=early pred_boxes=20 gt_boxes=30
pred_scores_shape=(20,)
frame=39/41 receiver_sample=10/20 scenario=2026_07_15_01_26_56 timestamp=000136 cavs=[10, 19, 8, 5]
sgcp_constrained receiver=10 policy=all-cavs sources=[10, 19, 8, 5] clusters=20 ra=selective_edgecooper_global comm_bytes=221392 selected_grids={19: 39, 8: 39, 5: 39}
fusion_method=early pred_boxes=28 gt_boxes=39Format = auto
Extension = pcd
Format = auto
Extension = pcd
Format = auto
Extension = pcd
Format = auto
Extension = pcd
Format = auto
Extension = pcd
Format = auto
Extension = pcd
Format = auto
Extension = pcd
Format = auto
Extension = pcd
Format = auto
Extension = pcd
Format = auto
Extension = pcd
Format = auto
Extension = pcd
Format = auto
Extension = pcd
Format = auto
Extension = pcd
Format = auto
Extension = pcd
Format = auto
Extension = pcd
Format = auto
Extension = pcd
Format = auto
Extension = pcd
Format = auto
Extension = pcd
Format = auto
Extension = pcd
Format = auto
Extension = pcd

pred_scores_shape=(28,)
frame=39/41 receiver_sample=11/20 scenario=2026_07_15_01_26_56 timestamp=000136 cavs=[11, 1, 9, 2]
sgcp_constrained receiver=11 policy=all-cavs sources=[11, 1, 9, 2] clusters=20 ra=selective_edgecooper_global comm_bytes=189792 selected_grids={1: 39, 9: 39, 2: 39}
fusion_method=early pred_boxes=29 gt_boxes=52
pred_scores_shape=(29,)
frame=39/41 receiver_sample=12/20 scenario=2026_07_15_01_26_56 timestamp=000136 cavs=[12, 4]
sgcp_constrained receiver=12 policy=all-cavs sources=[12, 4] clusters=20 ra=selective_edgecooper_global comm_bytes=73728 selected_grids={4: 51}
fusion_method=early pred_boxes=15 gt_boxes=33
pred_scores_shape=(15,)
frame=39/41 receiver_sample=13/20 scenario=2026_07_15_01_26_56 timestamp=000136 cavs=[13, 14, 10, 19]
sgcp_constrained receiver=13 policy=all-cavs sources=[13, 14, 10, 19] clusters=20 ra=selective_edgecooper_global comm_bytes=223488 selected_grids={14: 39, 10: 39, 19: 39}
fusion_method=early pred_boxes=23 gt_boxes=38
pred_scores_shape=(23,)
frame=39/41 receiver_sample=14/20 scenario=2026_07_15_01_26_56 timestamp=000136 cavs=[14, 13]
sgcp_constrained receiver=14 policy=all-cavs sources=[14, 13] clusters=20 ra=selective_edgecooper_global comm_bytes=74912 selected_grids={13: 55}
fusion_method=early pred_boxes=6 gt_boxes=3
pred_scores_shape=(6,)
frame=39/41 receiver_sample=15/20 scenario=2026_07_15_01_26_56 timestamp=000136 cavs=[15, 6, 11, 2]
sgcp_constrained receiver=15 policy=all-cavs sources=[15, 6, 11, 2] clusters=20 ra=selective_edgecooper_global comm_bytes=225456 selected_grids={6: 39, 11: 39, 2: 39}
fusion_method=early pred_boxes=25 gt_boxes=45
pred_scores_shape=(25,)
frame=39/41 receiver_sample=16/20 scenario=2026_07_15_01_26_56 timestamp=000136 cavs=[16, 3, 20, 17]
sgcp_constrained receiver=16 policy=all-cavs sources=[16, 3, 20, 17] clusters=20 ra=selective_edgecooper_global comm_bytes=209248 selected_grids={3: 39, 20: 39, 17: 39}
fusion_method=early pred_boxes=29 gt_boxes=34
pred_scores_shape=(29,)
frame=39/41 receiver_sample=17/20 scenario=2026_07_15_01_26_56 timestamp=000136 cavs=[17, 7, 3, 16]
sgcp_constrained receiver=17 policy=all-cavs sources=[17, 7, 3, 16] clusters=20 ra=selective_edgecooper_global comm_bytes=201664 selected_grids={7: 39, 3: 39, 16: 39}
fusion_method=early pred_boxes=20 gt_boxes=25
pred_scores_shape=(20,)
frame=39/41 receiver_sample=18/20 scenario=2026_07_15_01_26_56 timestamp=000136 cavs=[18, 3]
sgcp_constrained receiver=18 policy=all-cavs sources=[18, 3] clusters=20 ra=selective_edgecooper_global comm_bytes=79920 selected_grids={3: 61}
fusion_method=early pred_boxes=15 gt_boxes=12
pred_scores_shape=(15,)
frame=39/41 receiver_sample=19/20 scenario=2026_07_15_01_26_56 timestamp=000136 cavs=[19, 10, 20, 13]
sgcp_constrained receiver=19 policy=all-cavs sources=[19, 10, 20, 13] clusters=20 ra=selective_edgecooper_global comm_bytes=227488 selected_grids={10: 39, 20: 39, 13: 39}
fusion_method=early pred_boxes=27 gt_boxes=41
pred_scores_shape=(27,)
frame=39/41 receiver_sample=20/20 scenario=2026_07_15_01_26_56 timestamp=000136 cavs=[20, 7, 5, 9]
sgcp_constrained receiver=20 policy=all-cavs sources=[20, 7, 5, 9] clusters=20 ra=selective_edgecooper_global comm_bytes=159616 selected_grids={7: 39, 5: 39, 9: 39}
fusion_method=early pred_boxes=27 gt_boxes=38
pred_scores_shape=(27,)
frame=40/41 receiver_sample=1/20 scenario=2026_07_15_01_26_56 timestamp=000138 cavs=[1, 8, 11, 15]
sgcp_constrained receiver=1 policy=all-cavs sources=[1, 8, 11, 15] clusters=20 ra=selective_edgecooper_global comm_bytes=217344 selected_grids={8: 39, 11: 39, 15: 39}
fusion_method=early pred_boxes=31 gt_boxes=41
pred_scores_shape=(31,)
frame=40/41 receiver_sample=2/20 scenario=2026_07_15_01_26_56 timestamp=000138 cavs=[2, 1, 11, 15]
sgcp_constrained receiver=2 policy=all-cavs sources=[2, 1, 11, 15] clusters=20 ra=selective_edgecooper_global comm_bytes=193040 selected_grids={1: 39, 11: 39, 15: 39}
fusion_method=early pred_boxes=26 gt_boxes=43
pred_scores_shape=(26,)
frame=40/41 receiver_sample=3/20 scenario=2026_07_15_01_26_56 timestamp=000138 cavs=[3, 18, 16, 17]
sgcp_constrained receiver=3 policy=all-cavs sources=[3, 18, 16, 17] clusters=20 ra=selective_edgecooper_global comm_bytes=228976 selected_grids={18: 39, 16: 39, 17: 39}
fusion_method=early pred_boxes=24 gt_boxes=27
pred_scores_shape=(24,)
frame=40/41 receiver_sample=4/20 scenario=2026_07_15_01_26_56 timestamp=000138 cavs=[4, 12, 1, 7]
sgcp_constrained receiver=4 policy=all-cavs sources=[4, 12, 1, 7] clusters=20 ra=selective_edgecooper_global comm_bytes=229776 selected_grids={12: 39, 1: 39, 7: 39}
fusion_method=early pred_boxes=33 gt_boxes=38
pred_scores_shape=(33,)
frame=40/41 receiver_sample=5/20 scenario=2026_07_15_01_26_56 timestamp=000138 cavs=[5, 16, 10, 20]
sgcp_constrained receiver=5 policy=all-cavs sources=[5, 16, 10, 20] clusters=20 ra=selective_edgecooper_global comm_bytes=217744 selected_grids={16: 39, 10: 39, 20: 39}
fusion_method=early pred_boxes=38 gt_boxes=45
pred_scores_shape=(38,)
frame=40/41 receiver_sample=6/20 scenario=2026_07_15_01_26_56 timestamp=000138 cavs=[6, 15]
sgcp_constrained receiver=6 policy=all-cavs sources=[6, 15] clusters=20 ra=selective_edgecooper_global comm_bytes=76528 selected_grids={15: 50}
fusion_method=early pred_boxes=17 gt_boxes=26
pred_scores_shape=(17,)
frame=40/41 receiver_sample=7/20 scenario=2026_07_15_01_26_56 timestamp=000138 cavs=[7, 4, 17, 8]
sgcp_constrained receiver=7 policy=all-cavs sources=[7, 4, 17, 8] clusters=20 ra=selective_edgecooper_global comm_bytes=227936 selected_grids={4: 39, 17: 39, 8: 39}
fusion_method=early pred_boxes=28 gt_boxes=30
pred_scores_shape=(28,)
frame=40/41 receiver_sample=8/20 scenario=2026_07_15_01_26_56 timestamp=000138 cavs=[8, 4, 2]
sgcp_constrained receiver=8 policy=all-cavs sources=[8, 4, 2] clusters=20 ra=selective_edgecooper_global comm_bytes=151504 selected_grids={4: 56, 2: 52}
fusion_method=early pred_boxes=24 gt_boxes=38
pred_scores_shape=(24,)
frame=40/41 receiver_sample=9/20 scenario=2026_07_15_01_26_56 timestamp=000138 cavs=[9, 5, 13, 19]
sgcp_constrained receiver=9 policy=all-cavs sources=[9, 5, 13, 19] clusters=20 ra=selective_edgecooper_global comm_bytes=161904 selected_grids={5: 39, 13: 39, 19: 39}
fusion_method=early pred_boxes=20 gt_boxes=30
pred_scores_shape=(20,)
frame=40/41 receiver_sample=10/20 scenario=2026_07_15_01_26_56 timestamp=000138 cavs=[10, 19, 8, 5]
sgcp_constrained receiver=10 policy=all-cavs sources=[10, 19, 8, 5] clusters=20 ra=selective_edgecooper_global comm_bytes=221808 selected_grids={19: 39, 8: 39, 5: 39}
fusion_method=early pred_boxes=26 gt_boxes=38
pred_scores_shape=(26,)
frame=40/41 receiver_sample=11/20 scenario=2026_07_15_01_26_56 timestamp=000138 cavs=[11, 1, 9, 2]
sgcp_constrained receiver=11 policy=all-cavs sources=[11, 1, 9, 2] clusters=20 ra=selective_edgecooper_global comm_bytes=190032 selected_grids={1: 39, 9: 39, 2: 39}
fusion_method=early pred_boxes=30 gt_boxes=50
pred_scores_shape=(30,)
frame=40/41 receiver_sample=12/20 scenario=2026_07_15_01_26_56 timestamp=000138 cavs=[12, 4]
sgcp_constrained receiver=12 policy=all-cavs sources=[12, 4] clusters=20 ra=selective_edgecooper_global comm_bytes=75344 selected_grids={4: 52}
fusion_method=early pred_boxes=13 gt_boxes=33
pred_scores_shape=(13,)
frame=40/41 receiver_sample=13/20 scenario=2026_07_15_01_26_56 timestamp=000138 cavs=[13, 14, 9, 19]
sgcp_constrained receiver=13 policy=all-cavs sources=[13, 14, 9, 19] clusters=20 ra=selective_edgecooper_global comm_bytes=221152 selected_grids={14: 39, 9: 39, 19: 39}
fusion_method=early pred_boxes=21 gt_boxes=28
pred_scores_shape=(21,)
frame=40/41 receiver_sample=14/20 scenario=2026_07_15_01_26_56 timestamp=000138 cavs=[14, 13]
sgcp_constrained receiver=14 policy=all-cavs sources=[14, 13] clusters=20 ra=selective_edgecooper_global comm_bytes=74656 selected_grids={13: 56}
fusion_method=early pred_boxes=6 gt_boxes=3
pred_scores_shape=(6,)
frame=40/41 receiver_sample=15/20 scenario=2026_07_15_01_26_56 timestamp=000138 cavs=[15, 6, 11, 2]
sgcp_constrained receiver=15 policy=all-cavs sources=[15, 6, 11, 2] clusters=20 ra=selective_edgecooper_global comm_bytes=225136 selected_grids={6: 39, 11: 39, 2: 39}Format = auto
Extension = pcd
Format = auto
Extension = pcd
Format = auto
Extension = pcd
Format = auto
Extension = pcd
Format = auto
Extension = pcd
Format = auto
Extension = pcd
Format = auto
Extension = pcd
Format = auto
Extension = pcd
Format = auto
Extension = pcd
Format = auto
Extension = pcd
Format = auto
Extension = pcd
Format = auto
Extension = pcd
Format = auto
Extension = pcd
Format = auto
Extension = pcd
Format = auto
Extension = pcd
Format = auto
Extension = pcd
Format = auto
Extension = pcd
Format = auto
Extension = pcd
Format = auto
Extension = pcd
Format = auto
Extension = pcd

fusion_method=early pred_boxes=27 gt_boxes=45
pred_scores_shape=(27,)
frame=40/41 receiver_sample=16/20 scenario=2026_07_15_01_26_56 timestamp=000138 cavs=[16, 3, 20, 17]
sgcp_constrained receiver=16 policy=all-cavs sources=[16, 3, 20, 17] clusters=20 ra=selective_edgecooper_global comm_bytes=209248 selected_grids={3: 39, 20: 39, 17: 39}
fusion_method=early pred_boxes=30 gt_boxes=34
pred_scores_shape=(30,)
frame=40/41 receiver_sample=17/20 scenario=2026_07_15_01_26_56 timestamp=000138 cavs=[17, 7, 3, 16]
sgcp_constrained receiver=17 policy=all-cavs sources=[17, 7, 3, 16] clusters=20 ra=selective_edgecooper_global comm_bytes=201184 selected_grids={7: 39, 3: 39, 16: 39}
fusion_method=early pred_boxes=21 gt_boxes=25
pred_scores_shape=(21,)
frame=40/41 receiver_sample=18/20 scenario=2026_07_15_01_26_56 timestamp=000138 cavs=[18, 3]
sgcp_constrained receiver=18 policy=all-cavs sources=[18, 3] clusters=20 ra=selective_edgecooper_global comm_bytes=79824 selected_grids={3: 63}
fusion_method=early pred_boxes=16 gt_boxes=12
pred_scores_shape=(16,)
frame=40/41 receiver_sample=19/20 scenario=2026_07_15_01_26_56 timestamp=000138 cavs=[19, 10, 20, 13]
sgcp_constrained receiver=19 policy=all-cavs sources=[19, 10, 20, 13] clusters=20 ra=selective_edgecooper_global comm_bytes=226848 selected_grids={10: 39, 20: 39, 13: 39}
fusion_method=early pred_boxes=28 gt_boxes=41
pred_scores_shape=(28,)
frame=40/41 receiver_sample=20/20 scenario=2026_07_15_01_26_56 timestamp=000138 cavs=[20, 7, 5, 10]
sgcp_constrained receiver=20 policy=all-cavs sources=[20, 7, 5, 10] clusters=20 ra=selective_edgecooper_global comm_bytes=163200 selected_grids={7: 39, 5: 39, 10: 39}
fusion_method=early pred_boxes=29 gt_boxes=42
pred_scores_shape=(29,)
frame=41/41 receiver_sample=1/20 scenario=2026_07_15_01_26_56 timestamp=000140 cavs=[1, 8, 11, 15]
sgcp_constrained receiver=1 policy=all-cavs sources=[1, 8, 11, 15] clusters=20 ra=selective_edgecooper_global comm_bytes=217552 selected_grids={8: 39, 11: 39, 15: 39}
fusion_method=early pred_boxes=29 gt_boxes=42
pred_scores_shape=(29,)
frame=41/41 receiver_sample=2/20 scenario=2026_07_15_01_26_56 timestamp=000140 cavs=[2, 1, 11, 15]
sgcp_constrained receiver=2 policy=all-cavs sources=[2, 1, 11, 15] clusters=20 ra=selective_edgecooper_global comm_bytes=193360 selected_grids={1: 39, 11: 39, 15: 39}
fusion_method=early pred_boxes=25 gt_boxes=43
pred_scores_shape=(25,)
frame=41/41 receiver_sample=3/20 scenario=2026_07_15_01_26_56 timestamp=000140 cavs=[3, 18, 16, 17]
sgcp_constrained receiver=3 policy=all-cavs sources=[3, 18, 16, 17] clusters=20 ra=selective_edgecooper_global comm_bytes=230160 selected_grids={18: 39, 16: 39, 17: 39}
fusion_method=early pred_boxes=22 gt_boxes=27
pred_scores_shape=(22,)
frame=41/41 receiver_sample=4/20 scenario=2026_07_15_01_26_56 timestamp=000140 cavs=[4, 12, 1, 7]
sgcp_constrained receiver=4 policy=all-cavs sources=[4, 12, 1, 7] clusters=20 ra=selective_edgecooper_global comm_bytes=230256 selected_grids={12: 39, 1: 39, 7: 39}
fusion_method=early pred_boxes=33 gt_boxes=38
pred_scores_shape=(33,)
frame=41/41 receiver_sample=5/20 scenario=2026_07_15_01_26_56 timestamp=000140 cavs=[5, 16, 10, 20]
sgcp_constrained receiver=5 policy=all-cavs sources=[5, 16, 10, 20] clusters=20 ra=selective_edgecooper_global comm_bytes=217920 selected_grids={16: 39, 10: 39, 20: 39}
fusion_method=early pred_boxes=32 gt_boxes=47
pred_scores_shape=(32,)
frame=41/41 receiver_sample=6/20 scenario=2026_07_15_01_26_56 timestamp=000140 cavs=[6, 15]
sgcp_constrained receiver=6 policy=all-cavs sources=[6, 15] clusters=20 ra=selective_edgecooper_global comm_bytes=76704 selected_grids={15: 50}
fusion_method=early pred_boxes=17 gt_boxes=24
pred_scores_shape=(17,)
frame=41/41 receiver_sample=7/20 scenario=2026_07_15_01_26_56 timestamp=000140 cavs=[7, 4, 17, 8]
sgcp_constrained receiver=7 policy=all-cavs sources=[7, 4, 17, 8] clusters=20 ra=selective_edgecooper_global comm_bytes=227952 selected_grids={4: 39, 17: 39, 8: 39}
fusion_method=early pred_boxes=29 gt_boxes=29
pred_scores_shape=(29,)
frame=41/41 receiver_sample=8/20 scenario=2026_07_15_01_26_56 timestamp=000140 cavs=[8, 4, 2]
sgcp_constrained receiver=8 policy=all-cavs sources=[8, 4, 2] clusters=20 ra=selective_edgecooper_global comm_bytes=151408 selected_grids={4: 53, 2: 52}
fusion_method=early pred_boxes=25 gt_boxes=38
pred_scores_shape=(25,)
frame=41/41 receiver_sample=9/20 scenario=2026_07_15_01_26_56 timestamp=000140 cavs=[9, 5, 13, 19]
sgcp_constrained receiver=9 policy=all-cavs sources=[9, 5, 13, 19] clusters=20 ra=selective_edgecooper_global comm_bytes=162272 selected_grids={5: 39, 13: 39, 19: 39}
fusion_method=early pred_boxes=23 gt_boxes=29
pred_scores_shape=(23,)
frame=41/41 receiver_sample=10/20 scenario=2026_07_15_01_26_56 timestamp=000140 cavs=[10, 19, 8, 5]
sgcp_constrained receiver=10 policy=all-cavs sources=[10, 19, 8, 5] clusters=20 ra=selective_edgecooper_global comm_bytes=222096 selected_grids={19: 39, 8: 39, 5: 39}
fusion_method=early pred_boxes=31 gt_boxes=38
pred_scores_shape=(31,)
frame=41/41 receiver_sample=11/20 scenario=2026_07_15_01_26_56 timestamp=000140 cavs=[11, 1, 9, 2]
sgcp_constrained receiver=11 policy=all-cavs sources=[11, 1, 9, 2] clusters=20 ra=selective_edgecooper_global comm_bytes=190080 selected_grids={1: 39, 9: 39, 2: 39}
fusion_method=early pred_boxes=29 gt_boxes=50
pred_scores_shape=(29,)
frame=41/41 receiver_sample=12/20 scenario=2026_07_15_01_26_56 timestamp=000140 cavs=[12, 4]
sgcp_constrained receiver=12 policy=all-cavs sources=[12, 4] clusters=20 ra=selective_edgecooper_global comm_bytes=76016 selected_grids={4: 51}
fusion_method=early pred_boxes=16 gt_boxes=33
pred_scores_shape=(16,)
frame=41/41 receiver_sample=13/20 scenario=2026_07_15_01_26_56 timestamp=000140 cavs=[13, 14, 9, 19]
sgcp_constrained receiver=13 policy=all-cavs sources=[13, 14, 9, 19] clusters=20 ra=selective_edgecooper_global comm_bytes=221536 selected_grids={14: 39, 9: 39, 19: 39}
fusion_method=early pred_boxes=19 gt_boxes=27
pred_scores_shape=(19,)
frame=41/41 receiver_sample=14/20 scenario=2026_07_15_01_26_56 timestamp=000140 cavs=[14, 13]
sgcp_constrained receiver=14 policy=all-cavs sources=[14, 13] clusters=20 ra=selective_edgecooper_global comm_bytes=74464 selected_grids={13: 58}
fusion_method=early pred_boxes=5 gt_boxes=3
pred_scores_shape=(5,)
frame=41/41 receiver_sample=15/20 scenario=2026_07_15_01_26_56 timestamp=000140 cavs=[15, 6, 11, 2]
sgcp_constrained receiver=15 policy=all-cavs sources=[15, 6, 11, 2] clusters=20 ra=selective_edgecooper_global comm_bytes=224896 selected_grids={6: 39, 11: 39, 2: 39}
fusion_method=early pred_boxes=30 gt_boxes=44
pred_scores_shape=(30,)
frame=41/41 receiver_sample=16/20 scenario=2026_07_15_01_26_56 timestamp=000140 cavs=[16, 3, 20, 17]
sgcp_constrained receiver=16 policy=all-cavs sources=[16, 3, 20, 17] clusters=20 ra=selective_edgecooper_global comm_bytes=209360 selected_grids={3: 39, 20: 39, 17: 39}
fusion_method=early pred_boxes=28 gt_boxes=34
pred_scores_shape=(28,)
frame=41/41 receiver_sample=17/20 scenario=2026_07_15_01_26_56 timestamp=000140 cavs=[17, 7, 3, 16]
sgcp_constrained receiver=17 policy=all-cavs sources=[17, 7, 3, 16] clusters=20 ra=selective_edgecooper_global comm_bytes=201376 selected_grids={7: 39, 3: 39, 16: 39}
fusion_method=early pred_boxes=21 gt_boxes=25
pred_scores_shape=(21,)
frame=41/41 receiver_sample=18/20 scenario=2026_07_15_01_26_56 timestamp=000140 cavs=[18, 3]
sgcp_constrained receiver=18 policy=all-cavs sources=[18, 3] clusters=20 ra=selective_edgecooper_global comm_bytes=79952 selected_grids={3: 62}
fusion_method=early pred_boxes=16 gt_boxes=11
pred_scores_shape=(16,)
frame=41/41 receiver_sample=19/20 scenario=2026_07_15_01_26_56 timestamp=000140 cavs=[19, 10, 20, 13]
sgcp_constrained receiver=19 policy=all-cavs sources=[19, 10, 20, 13] clusters=20 ra=selective_edgecooper_global comm_bytes=226576 selected_grids={10: 39, 20: 39, 13: 39}
fusion_method=early pred_boxes=28 gt_boxes=40
pred_scores_shape=(28,)
conda.exe : C:\Users\sakakibara\miniconda3\envs\opencda\lib\site-packages\torch\nn\functional.py:1806: UserWarning: nn.
functional.sigmoid is deprecated. Use torch.sigmoid instead.
At C:\Users\sakakibara\miniconda3\shell\condabin\Conda.psm1:194 char:17
+ ...             & $Env:CONDA_EXE $Env:_CE_M $Env:_CE_CONDA $Command @Othe ...
+                 ~~~~~~~~~~~~~~~~~~~~~~~~~~~~~~~~~~~~~~~~~~~~~~~~~~~~~~~~~
    + CategoryInfo          : NotSpecified: (C:\Users\sakaki...igmoid instead.:String) [], RemoteException
    + FullyQualifiedErrorId : NativeCommandError
 
  warnings.warn("nn.functional.sigmoid is deprecated. Use torch.sigmoid instead.")
frame=41/41 receiver_sample=20/20 scenario=2026_07_15_01_26_56 timestamp=000140 cavs=[20, 7, 5, 10]
sgcp_constrained receiver=20 policy=all-cavs sources=[20, 7, 5, 10] clusters=20 ra=selective_edgecooper_global comm_bytes=167344 selected_grids={7: 39, 5: 39, 10: 39}
fusion_method=early pred_boxes=31 gt_boxes=41
pred_scores_shape=(31,)
cp counter: 820
Evaluate final average precision results:
  - Fusion method: early
  - The Average Precision at IOU 0.3 is 0.54, The Average Precision at IOU 0.5 is 0.48, The Average Precision at IOU 0.7 is 0.25
sgcp_summary frames=820 avg_comm_bytes=172460.74 total_comm_bytes=141417808 avg_source_cavs=3.52 avg_selected_grids=103.14
