scenario_id,timestamp,receiver_id,receiver_policy,resource_allocation,upload_mode,grid_selection_mode,grid_score_mode,coverage_fallback,coverage_fallback_replacements,routing_hint_replacements,routing_hints_csv,clustering,cluster_count,selective_frame_deadline_ms,cluster_member_ids,source_cav_ids,uploaded_source_ids,selected_grid_counts_json,point_counts_json,communication_bytes,frame_comm_time_ms,num_channels,bandwidth_mhz,channel_estimator,ns3_tb_size_bytes,ns3_slot_duration_ms,ns3_subchannel_prbs,ns3_symbols_per_slot,ns3_mcs,pcs_rounds_requested,pcs_rounds_accepted,pcs_round_comm_time_ms_json,pcs_round_comm_bytes_json,channel_allocation,missing_channel_sources,pred_boxes,gt_boxes,skipped
2026_07_15_01_26_56,000060,1,all-cavs,fullperception_pcs,grid,utility,utility,none,0,0,,singleton,20,,1;17,1;17,17,"{""17"": 64}","{""1"": 4918, ""17"": 4931}",78896,44.07563959955506,10,40.0,ns3,899,0.5,10,12,28,1,1,[44.07563959955506],[727360],17>1:8,,24,25,
2026_07_15_01_26_56,000060,2,all-cavs,fullperception_pcs,grid,utility,utility,none,0,0,,singleton,20,,2;3,2,,{},"{""2"": 4863}",0,44.07563959955506,10,40.0,ns3,899,0.5,10,12,28,1,1,[44.07563959955506],[727360],,,14,23,
2026_07_15_01_26_56,000060,3,all-cavs,fullperception_pcs,grid,utility,utility,none,0,0,,singleton,20,,2;3,3;2,2,"{""2"": 55}","{""2"": 4863, ""3"": 4977}",77808,44.07563959955506,10,40.0,ns3,899,0.5,10,12,28,1,1,[44.07563959955506],[727360],2>3:3,,21,21,
2026_07_15_01_26_56,000060,4,all-cavs,fullperception_pcs,grid,utility,utility,none,0,0,,singleton,20,,4;6,4,,{},"{""4"": 4886}",0,44.07563959955506,10,40.0,ns3,899,0.5,10,12,28,1,1,[44.07563959955506],[727360],,,14,23,
2026_07_15_01_26_56,000060,5,all-cavs,fullperception_pcs,grid,utility,utility,none,0,0,,singleton,20,,5;15,5,,{},"{""5"": 4909}",0,44.07563959955506,10,40.0,ns3,899,0.5,10,12,28,1,1,[44.07563959955506],[727360],,,12,15,
2026_07_15_01_26_56,000060,6,all-cavs,fullperception_pcs,grid,utility,utility,none,0,0,,singleton,20,,4;6,6;4,4,"{""4"": 55}","{""4"": 4853, ""6"": 4556}",77648,44.07563959955506,10,40.0,ns3,899,0.5,10,12,28,1,1,[44.07563959955506],[727360],4>6:4,,11,31,
2026_07_15_01_26_56,000060,7,all-cavs,fullperception_pcs,grid,utility,utility,none,0,0,,singleton,20,,7;19,7,,{},"{""7"": 4908}",0,44.07563959955506,10,40.0,ns3,899,0.5,10,12,28,1,1,[44.07563959955506],[727360],,,13,14,
2026_07_15_01_26_56,000060,8,all-cavs,fullperception_pcs,grid,utility,utility,none,0,0,,singleton,20,,8;16,8,,{},"{""8"": 4838}",0,44.07563959955506,10,40.0,ns3,899,0.5,10,12,28,1,1,[44.07563959955506],[727360],,,8,23,
2026_07_15_01_26_56,000060,9,all-cavs,fullperception_pcs,grid,utility,utility,none,0,0,,singleton,20,,9;20,9;20,20,"{""20"": 27}","{""9"": 4858, ""20"": 3812}",60992,44.07563959955506,10,40.0,ns3,899,0.5,10,12,28,1,1,[44.07563959955506],[727360],20>9:0,,24,31,
2026_07_15_01_26_56,000060,10,all-cavs,fullperception_pcs,grid,utility,utility,none,0,0,,singleton,20,,10;18,10,,{},"{""10"": 4953}",0,44.07563959955506,10,40.0,ns3,899,0.5,10,12,28,1,1,[44.07563959955506],[727360],,,18,30,
2026_07_15_01_26_56,000060,11,all-cavs,fullperception_pcs,grid,utility,utility,none,0,0,,singleton,20,,11;12,11;12,12,"{""12"": 39}","{""11"": 4909, ""12"": 4306}",68896,44.07563959955506,10,40.0,ns3,899,0.5,10,12,28,1,1,[44.07563959955506],[727360],12>11:7,,17,33,
2026_07_15_01_26_56,000060,12,all-cavs,fullperception_pcs,grid,utility,utility,none,0,0,,singleton,20,,11;12,12,,{},"{""12"": 4891}",0,44.07563959955506,10,40.0,ns3,899,0.5,10,12,28,1,1,[44.07563959955506],[727360],,,12,21,
2026_07_15_01_26_56,000060,13,all-cavs,fullperception_pcs,grid,utility,utility,none,0,0,,singleton,20,,13;14,13,,{},"{""13"": 4793}",0,44.07563959955506,10,40.0,ns3,899,0.5,10,12,28,1,1,[44.07563959955506],[727360],,,10,15,
2026_07_15_01_26_56,000060,14,all-cavs,fullperception_pcs,grid,utility,utility,none,0,0,,singleton,20,,13;14,14;13,13,"{""13"": 50}","{""13"": 4785, ""14"": 5044}",76560,44.07563959955506,10,40.0,ns3,899,0.5,10,12,28,1,1,[44.07563959955506],[727360],13>14:2,,2,5,
2026_07_15_01_26_56,000060,15,all-cavs,fullperception_pcs,grid,utility,utility,none,0,0,,singleton,20,,5;15,15;5,5,"{""5"": 21}","{""5"": 3839, ""15"": 4740}",61424,44.07563959955506,10,40.0,ns3,899,0.5,10,12,28,1,1,[44.07563959955506],[727360],5>15:9,,18,13,
2026_07_15_01_26_56,000060,16,all-cavs,fullperception_pcs,grid,utility,utility,none,0,0,,singleton,20,,8;16,16;8,8,"{""8"": 38}","{""8"": 4644, ""16"": 4857}",74304,44.07563959955506,10,40.0,ns3,899,0.5,10,12,28,1,1,[44.07563959955506],[727360],8>16:1,,12,32,
2026_07_15_01_26_56,000060,17,all-cavs,fullperception_pcs,grid,utility,utility,none,0,0,,singleton,20,,1;17,17,,{},"{""17"": 4967}",0,44.07563959955506,10,40.0,ns3,899,0.5,10,12,28,1,1,[44.07563959955506],[727360],,,16,13,
2026_07_15_01_26_56,000060,18,all-cavs,fullperception_pcs,grid,utility,utility,none,0,0,,singleton,20,,10;18,18;10,10,"{""10"": 57}","{""10"": 4953, ""18"": 5003}",79248,44.07563959955506,10,40.0,ns3,899,0.5,10,12,28,1,1,[44.07563959955506],[727360],10>18:6,,17,26,
2026_07_15_01_26_56,000060,19,all-cavs,fullperception_pcs,grid,utility,utility,none,0,0,,singleton,20,,7;19,19;7,7,"{""7"": 33}","{""7"": 4474, ""19"": 4844}",71584,44.07563959955506,10,40.0,ns3,899,0.5,10,12,28,1,1,[44.07563959955506],[727360],7>19:5,,19,18,
2026_07_15_01_26_56,000060,20,all-cavs,fullperception_pcs,grid,utility,utility,none,0,0,,singleton,20,,9;20,20,,{},"{""20"": 4909}",0,44.07563959955506,10,40.0,ns3,899,0.5,10,12,28,1,1,[44.07563959955506],[727360],,,14,18,
2026_07_15_01_26_56,000062,1,all-cavs,fullperception_pcs,grid,utility,utility,none,0,0,,singleton,20,,1;17,1;17,17,"{""17"": 65}","{""1"": 4921, ""17"": 4949}",79184,44.093437152391544,10,40.0,ns3,899,0.5,10,12,28,1,1,[44.093437152391544],[655152],17>1:7,,20,24,
2026_07_15_01_26_56,000062,2,all-cavs,fullperception_pcs,grid,utility,utility,none,0,0,,singleton,20,,2;16,2;16,16,"{""16"": 46}","{""2"": 4862, ""16"": 3986}",63776,44.093437152391544,10,40.0,ns3,899,0.5,10,12,28,1,1,[44.093437152391544],[655152],16>2:0,,28,48,
2026_07_15_01_26_56,000062,3,all-cavs,fullperception_pcs,grid,utility,utility,none,0,0,,singleton,20,,3;13,3;13,13,"{""13"": 55}","{""3"": 4976, ""13"": 4793}",76688,44.093437152391544,10,40.0,ns3,899,0.5,10,12,28,1,1,[44.093437152391544],[655152],13>3:2,,17,21,
2026_07_15_01_26_56,000062,4,all-cavs,fullperception_pcs,grid,utility,utility,none,0,0,,singleton,20,,4;6,4,,{},"{""4"": 4848}",0,44.093437152391544,10,40.0,ns3,899,0.5,10,12,28,1,1,[44.093437152391544],[655152],,,13,25,
2026_07_15_01_26_56,000062,5,all-cavs,fullperception_pcs,grid,utility,utility,none,0,0,,singleton,20,,5;15,5,,{},"{""5"": 4912}",0,44.093437152391544,10,40.0,ns3,899,0.5,10,12,28,1,1,[44.093437152391544],[655152],,,12,15,
2026_07_15_01_26_56,000062,6,all-cavs,fullperception_pcs,grid,utility,utility,none,0,0,,singleton,20,,4;6,6;4,4,"{""4"": 55}","{""4"": 4821, ""6"": 4561}",77136,44.093437152391544,10,40.0,ns3,899,0.5,10,12,28,1,1,[44.093437152391544],[655152],4>6:3,,15,31,
2026_07_15_01_26_56,000062,7,all-cavs,fullperception_pcs,grid,utility,utility,none,0,0,,singleton,20,,7;19,7,,{},"{""7"": 4906}",0,44.093437152391544,10,40.0,ns3,899,0.5,10,12,28,1,1,[44.093437152391544],[655152],,,12,14,
2026_07_15_01_26_56,000062,8,all-cavs,fullperception_pcs,grid,utility,utility,none,0,0,,singleton,20,,8,8,,{},"{""8"": 4838}",0,44.093437152391544,10,40.0,ns3,899,0.5,10,12,28,1,1,[44.093437152391544],[655152],,,14,24,
2026_07_15_01_26_56,000062,9,all-cavs,fullperception_pcs,grid,utility,utility,none,0,0,,singleton,20,,9;14,9,,{},"{""9"": 4859}",0,44.093437152391544,10,40.0,ns3,899,0.5,10,12,28,1,1,[44.093437152391544],[655152],,,16,19,
2026_07_15_01_26_56,000062,10,all-cavs,fullperception_pcs,grid,utility,utility,none,0,0,,singleton,20,,10;18,10,,{},"{""10"": 4955}",0,44.093437152391544,10,40.0,ns3,899,0.5,10,12,28,1,1,[44.093437152391544],[655152],,,14,29,
2026_07_15_01_26_56,000062,11,all-cavs,fullperception_pcs,grid,utility,utility,none,0,0,,singleton,20,,11;12,11;12,12,"{""12"": 39}","{""11"": 4909, ""12"": 4321}",69136,44.093437152391544,10,40.0,ns3,899,0.5,10,12,28,1,1,[44.093437152391544],[655152],12>11:6,,18,32,
2026_07_15_01_26_56,000062,12,all-cavs,fullperception_pcs,grid,utility,utility,none,0,0,,singleton,20,,11;12,12,,{},"{""12"": 4894}",0,44.093437152391544,10,40.0,ns3,899,0.5,10,12,28,1,1,[44.093437152391544],[655152],,,11,19,
2026_07_15_01_26_56,000062,13,all-cavs,fullperception_pcs,grid,utility,utility,none,0,0,,singleton,20,,3;13,13,,{},"{""13"": 4793}",0,44.093437152391544,10,40.0,ns3,899,0.5,10,12,28,1,1,[44.093437152391544],[655152],,,11,15,
2026_07_15_01_26_56,000062,14,all-cavs,fullperception_pcs,grid,utility,utility,none,0,0,,singleton,20,,9;14,14;9,9,"{""9"": 40}","{""9"": 4826, ""14"": 5042}",77216,44.093437152391544,10,40.0,ns3,899,0.5,10,12,28,1,1,[44.093437152391544],[655152],9>14:1,,3,5,
2026_07_15_01_26_56,000062,15,all-cavs,fullperception_pcs,grid,utility,utility,none,0,0,,singleton,20,,5;15,15;5,5,"{""5"": 21}","{""5"": 3839, ""15"": 4745}",61424,44.093437152391544,10,40.0,ns3,899,0.5,10,12,28,1,1,[44.093437152391544],[655152],5>15:8,,12,13,
2026_07_15_01_26_56,000062,16,all-cavs,fullperception_pcs,grid,utility,utility,none,0,0,,singleton,20,,2;16,16,,{},"{""16"": 4866}",0,44.093437152391544,10,40.0,ns3,899,0.5,10,12,28,1,1,[44.093437152391544],[655152],,,10,23,
2026_07_15_01_26_56,000062,17,all-cavs,fullperception_pcs,grid,utility,utility,none,0,0,,singleton,20,,1;17,17,,{},"{""17"": 4985}",0,44.093437152391544,10,40.0,ns3,899,0.5,10,12,28,1,1,[44.093437152391544],[655152],,,16,12,
2026_07_15_01_26_56,000062,18,all-cavs,fullperception_pcs,grid,utility,utility,none,0,0,,singleton,20,,10;18,18;10,10,"{""10"": 56}","{""10"": 4955, ""18"": 5017}",79280,44.093437152391544,10,40.0,ns3,899,0.5,10,12,28,1,1,[44.093437152391544],[655152],10>18:4,,19,26,
2026_07_15_01_26_56,000062,19,all-cavs,fullperception_pcs,grid,utility,utility,none,0,0,,singleton,20,,7;19,19;7,7,"{""7"": 33}","{""7"": 4457, ""19"": 4823}",71312,44.093437152391544,10,40.0,ns3,899,0.5,10,12,28,1,1,[44.093437152391544],[655152],7>19:5,,15,17,
2026_07_15_01_26_56,000062,20,all-cavs,fullperception_pcs,grid,utility,utility,none,0,0,,singleton,20,,20,20,,{},"{""20"": 4908}",0,44.093437152391544,10,40.0,ns3,899,0.5,10,12,28,1,1,[44.093437152391544],[655152],,,14,19,
2026_07_15_01_26_56,000064,1,all-cavs,fullperception_pcs,grid,utility,utility,none,0,0,,singleton,20,,1;17,1;17,17,"{""17"": 65}","{""1"": 4921, ""17"": 4921}",78736,43.888765294771964,10,40.0,ns3,899,0.5,10,12,28,1,1,[43.888765294771964],[670336],17>1:7,,25,23,
2026_07_15_01_26_56,000064,2,all-cavs,fullperception_pcs,grid,utility,utility,none,0,0,,singleton,20,,2;12,2;12,12,"{""12"": 56}","{""2"": 4878, ""12"": 4888}",78208,43.888765294771964,10,40.0,ns3,899,0.5,10,12,28,1,1,[43.888765294771964],[670336],12>2:3,,19,31,
2026_07_15_01_26_56,000064,3,all-cavs,fullperception_pcs,grid,utility,utility,none,0,0,,singleton,20,,3;11,3,,{},"{""3"": 4976}",0,43.888765294771964,10,40.0,ns3,899,0.5,10,12,28,1,1,[43.888765294771964],[670336],,,16,7,
2026_07_15_01_26_56,000064,4,all-cavs,fullperception_pcs,grid,utility,utility,none,0,0,,singleton,20,,4;6,4,,{},"{""4"": 4872}",0,43.888765294771964,10,40.0,ns3,899,0.5,10,12,28,1,1,[43.888765294771964],[670336],,,12,26,
2026_07_15_01_26_56,000064,5,all-cavs,fullperception_pcs,grid,utility,utility,none,0,0,,singleton,20,,5;15,5,,{},"{""5"": 4913}",0,43.888765294771964,10,40.0,ns3,899,0.5,10,12,28,1,1,[43.888765294771964],[670336],,,12,15,
2026_07_15_01_26_56,000064,6,all-cavs,fullperception_pcs,grid,utility,utility,none,0,0,,singleton,20,,4;6,6;4,4,"{""4"": 56}","{""4"": 4846, ""6"": 4595}",77536,43.888765294771964,10,40.0,ns3,899,0.5,10,12,28,1,1,[43.888765294771964],[670336],4>6:4,,15,30,
2026_07_15_01_26_56,000064,7,all-cavs,fullperception_pcs,grid,utility,utility,none,0,0,,singleton,20,,7;13,7,,{},"{""7"": 4911}",0,43.888765294771964,10,40.0,ns3,899,0.5,10,12,28,1,1,[43.888765294771964],[670336],,,10,15,
2026_07_15_01_26_56,000064,8,all-cavs,fullperception_pcs,grid,utility,utility,none,0,0,,singleton,20,,8;16,8,,{},"{""8"": 4837}",0,43.888765294771964,10,40.0,ns3,899,0.5,10,12,28,1,1,[43.888765294771964],[670336],,,11,24,
2026_07_15_01_26_56,000064,9,all-cavs,fullperception_pcs,grid,utility,utility,none,0,0,,singleton,20,,9;14,9,,{},"{""9"": 4856}",0,43.888765294771964,10,40.0,ns3,899,0.5,10,12,28,1,1,[43.888765294771964],[670336],,,17,19,
2026_07_15_01_26_56,000064,10,all-cavs,fullperception_pcs,grid,utility,utility,none,0,0,,singleton,20,,10,10,,{},"{""10"": 4948}",0,43.888765294771964,10,40.0,ns3,899,0.5,10,12,28,1,1,[43.888765294771964],[670336],,,17,28,
2026_07_15_01_26_56,000064,11,all-cavs,fullperception_pcs,grid,utility,utility,none,0,0,,singleton,20,,3;11,11;3,3,"{""3"": 60}","{""3"": 4932, ""11"": 4912}",78912,43.888765294771964,10,40.0,ns3,899,0.5,10,12,28,1,1,[43.888765294771964],[670336],3>11:6,,17,26,
2026_07_15_01_26_56,000064,12,all-cavs,fullperception_pcs,grid,utility,utility,none,0,0,,singleton,20,,2;12,12,,{},"{""12"": 4896}",0,43.888765294771964,10,40.0,ns3,899,0.5,10,12,28,1,1,[43.888765294771964],[670336],,,8,18,
2026_07_15_01_26_56,000064,13,all-cavs,fullperception_pcs,grid,utility,utility,none,0,0,,singleton,20,,7;13,13;7,7,"{""7"": 29}","{""7"": 4189, ""13"": 4794}",67024,43.888765294771964,10,40.0,ns3,899,0.5,10,12,28,1,1,[43.888765294771964],[670336],7>13:2,,22,23,
2026_07_15_01_26_56,000064,14,all-cavs,fullperception_pcs,grid,utility,utility,none,0,0,,singleton,20,,9;14,14;9,9,"{""9"": 40}","{""9"": 4824, ""14"": 5060}",77184,43.888765294771964,10,40.0,ns3,899,0.5,10,12,28,1,1,[43.888765294771964],[670336],9>14:1,,3,5,
2026_07_15_01_26_56,000064,15,all-cavs,fullperception_pcs,grid,utility,utility,none,0,0,,singleton,20,,5;15,15;5,5,"{""5"": 21}","{""5"": 3839, ""15"": 4750}",61424,43.888765294771964,10,40.0,ns3,899,0.5,10,12,28,1,1,[43.888765294771964],[670336],5>15:8,,16,13,
2026_07_15_01_26_56,000064,16,all-cavs,fullperception_pcs,grid,utility,utility,none,0,0,,singleton,20,,8;16,16;8,8,"{""8"": 39}","{""8"": 4639, ""16"": 4850}",74224,43.888765294771964,10,40.0,ns3,899,0.5,10,12,28,1,1,[43.888765294771964],[670336],8>16:0,,17,34,
2026_07_15_01_26_56,000064,17,all-cavs,fullperception_pcs,grid,utility,utility,none,0,0,,singleton,20,,1;17,17,,{},"{""17"": 4966}",0,43.888765294771964,10,40.0,ns3,899,0.5,10,12,28,1,1,[43.888765294771964],[670336],,,17,12,
2026_07_15_01_26_56,000064,18,all-cavs,fullperception_pcs,grid,utility,utility,none,0,0,,singleton,20,,18;19,18;19,19,"{""19"": 58}","{""18"": 5016, ""19"": 4818}",77088,43.888765294771964,10,40.0,ns3,899,0.5,10,12,28,1,1,[43.888765294771964],[670336],19>18:5,,16,24,
2026_07_15_01_26_56,000064,19,all-cavs,fullperception_pcs,grid,utility,utility,none,0,0,,singleton,20,,18;19,19,,{},"{""19"": 4819}",0,43.888765294771964,10,40.0,ns3,899,0.5,10,12,28,1,1,[43.888765294771964],[670336],,,9,12,
2026_07_15_01_26_56,000064,20,all-cavs,fullperception_pcs,grid,utility,utility,none,0,0,,singleton,20,,20,20,,{},"{""20"": 4908}",0,43.888765294771964,10,40.0,ns3,899,0.5,10,12,28,1,1,[43.888765294771964],[670336],,,15,19,
2026_07_15_01_26_56,000066,1,all-cavs,fullperception_pcs,grid,utility,utility,none,0,0,,singleton,20,,1;17,1;17,17,"{""17"": 67}","{""1"": 4922, ""17"": 4937}",78992,44.01334816462736,10,40.0,ns3,899,0.5,10,12,28,1,1,[44.01334816462736],[737056],17>1:8,,20,24,
2026_07_15_01_26_56,000066,2,all-cavs,fullperception_pcs,grid,utility,utility,none,0,0,,singleton,20,,2;12,2;12,12,"{""12"": 56}","{""2"": 4878, ""12"": 4882}",78112,44.01334816462736,10,40.0,ns3,899,0.5,10,12,28,1,1,[44.01334816462736],[737056],12>2:3,,18,31,
2026_07_15_01_26_56,000066,3,all-cavs,fullperception_pcs,grid,utility,utility,none,0,0,,singleton,20,,3;11,3,,{},"{""3"": 4982}",0,44.01334816462736,10,40.0,ns3,899,0.5,10,12,28,1,1,[44.01334816462736],[737056],,,16,7,
2026_07_15_01_26_56,000066,4,all-cavs,fullperception_pcs,grid,utility,utility,none,0,0,,singleton,20,,4;6,4,,{},"{""4"": 4866}",0,44.01334816462736,10,40.0,ns3,899,0.5,10,12,28,1,1,[44.01334816462736],[737056],,,13,25,
2026_07_15_01_26_56,000066,5,all-cavs,fullperception_pcs,grid,utility,utility,none,0,0,,singleton,20,,5;15,5,,{},"{""5"": 4912}",0,44.01334816462736,10,40.0,ns3,899,0.5,10,12,28,1,1,[44.01334816462736],[737056],,,13,15,
2026_07_15_01_26_56,000066,6,all-cavs,fullperception_pcs,grid,utility,utility,none,0,0,,singleton,20,,4;6,6;4,4,"{""4"": 57}","{""4"": 4840, ""6"": 4590}",77440,44.01334816462736,10,40.0,ns3,899,0.5,10,12,28,1,1,[44.01334816462736],[737056],4>6:6,,12,29,
2026_07_15_01_26_56,000066,7,all-cavs,fullperception_pcs,grid,utility,utility,none,0,0,,singleton,20,,7;19,7,,{},"{""7"": 4902}",0,44.01334816462736,10,40.0,ns3,899,0.5,10,12,28,1,1,[44.01334816462736],[737056],,,11,15,
2026_07_15_01_26_56,000066,8,all-cavs,fullperception_pcs,grid,utility,utility,none,0,0,,singleton,20,,8;16,8,,{},"{""8"": 4838}",0,44.01334816462736,10,40.0,ns3,899,0.5,10,12,28,1,1,[44.01334816462736],[737056],,,11,24,
2026_07_15_01_26_56,000066,9,all-cavs,fullperception_pcs,grid,utility,utility,none,0,0,,singleton,20,,9;20,9;20,20,"{""20"": 27}","{""9"": 4856, ""20"": 3815}",61040,44.01334816462736,10,40.0,ns3,899,0.5,10,12,28,1,1,[44.01334816462736],[737056],20>9:0,,24,32,
2026_07_15_01_26_56,000066,10,all-cavs,fullperception_pcs,grid,utility,utility,none,0,0,,singleton,20,,10;18,10,,{},"{""10"": 4946}",0,44.01334816462736,10,40.0,ns3,899,0.5,10,12,28,1,1,[44.01334816462736],[737056],,,17,29,
2026_07_15_01_26_56,000066,11,all-cavs,fullperception_pcs,grid,utility,utility,none,0,0,,singleton,20,,3;11,11;3,3,"{""3"": 63}","{""3"": 4939, ""11"": 4913}",79024,44.01334816462736,10,40.0,ns3,899,0.5,10,12,28,1,1,[44.01334816462736],[737056],3>11:7,,19,27,
2026_07_15_01_26_56,000066,12,all-cavs,fullperception_pcs,grid,utility,utility,none,0,0,,singleton,20,,2;12,12,,{},"{""12"": 4884}",0,44.01334816462736,10,40.0,ns3,899,0.5,10,12,28,1,1,[44.01334816462736],[737056],,,9,18,
2026_07_15_01_26_56,000066,13,all-cavs,fullperception_pcs,grid,utility,utility,none,0,0,,singleton,20,,13;14,13,,{},"{""13"": 4794}",0,44.01334816462736,10,40.0,ns3,899,0.5,10,12,28,1,1,[44.01334816462736],[737056],,,11,15,
2026_07_15_01_26_56,000066,14,all-cavs,fullperception_pcs,grid,utility,utility,none,0,0,,singleton,20,,13;14,14;13,13,"{""13"": 50}","{""13"": 4786, ""14"": 5042}",76576,44.01334816462736,10,40.0,ns3,899,0.5,10,12,28,1,1,[44.01334816462736],[737056],13>14:2,,3,5,
2026_07_15_01_26_56,000066,15,all-cavs,fullperception_pcs,grid,utility,utility,none,0,0,,singleton,20,,5;15,15;5,5,"{""5"": 21}","{""5"": 3839, ""15"": 4740}",61424,44.01334816462736,10,40.0,ns3,899,0.5,10,12,28,1,1,[44.01334816462736],[737056],5>15:9,,15,13,
2026_07_15_01_26_56,000066,16,all-cavs,fullperception_pcs,grid,utility,utility,none,0,0,,singleton,20,,8;16,16;8,8,"{""8"": 38}","{""8"": 4640, ""16"": 4854}",74240,44.01334816462736,10,40.0,ns3,899,0.5,10,12,28,1,1,[44.01334816462736],[737056],8>16:1,,21,35,
2026_07_15_01_26_56,000066,17,all-cavs,fullperception_pcs,grid,utility,utility,none,0,0,,singleton,20,,1;17,17,,{},"{""17"": 4984}",0,44.01334816462736,10,40.0,ns3,899,0.5,10,12,28,1,1,[44.01334816462736],[737056],,,15,12,
2026_07_15_01_26_56,000066,18,all-cavs,fullperception_pcs,grid,utility,utility,none,0,0,,singleton,20,,10;18,18;10,10,"{""10"": 56}","{""10"": 4946, ""18"": 5001}",79136,44.01334816462736,10,40.0,ns3,899,0.5,10,12,28,1,1,[44.01334816462736],[737056],10>18:4,,15,25,
2026_07_15_01_26_56,000066,19,all-cavs,fullperception_pcs,grid,utility,utility,none,0,0,,singleton,20,,7;19,19;7,7,"{""7"": 33}","{""7"": 4442, ""19"": 4818}",71072,44.01334816462736,10,40.0,ns3,899,0.5,10,12,28,1,1,[44.01334816462736],[737056],7>19:5,,14,18,
2026_07_15_01_26_56,000066,20,all-cavs,fullperception_pcs,grid,utility,utility,none,0,0,,singleton,20,,9;20,20,,{},"{""20"": 4909}",0,44.01334816462736,10,40.0,ns3,899,0.5,10,12,28,1,1,[44.01334816462736],[737056],,,17,19,
2026_07_15_01_26_56,000068,1,all-cavs,fullperception_pcs,grid,utility,utility,none,0,0,,singleton,20,,1;17,1;17,17,"{""17"": 66}","{""1"": 4924, ""17"": 4933}",78928,43.96885428253615,10,40.0,ns3,899,0.5,10,12,28,1,1,[43.96885428253615],[664880],17>1:7,,23,24,
2026_07_15_01_26_56,000068,2,all-cavs,fullperception_pcs,grid,utility,utility,none,0,0,,singleton,20,,2;12,2;12,12,"{""12"": 55}","{""2"": 4870, ""12"": 4880}",78080,43.96885428253615,10,40.0,ns3,899,0.5,10,12,28,1,1,[43.96885428253615],[664880],12>2:2,,19,29,
2026_07_15_01_26_56,000068,3,all-cavs,fullperception_pcs,grid,utility,utility,none,0,0,,singleton,20,,3;11,3,,{},"{""3"": 4987}",0,43.96885428253615,10,40.0,ns3,899,0.5,10,12,28,1,1,[43.96885428253615],[664880],,,13,7,
2026_07_15_01_26_56,000068,4,all-cavs,fullperception_pcs,grid,utility,utility,none,0,0,,singleton,20,,4;6,4,,{},"{""4"": 4848}",0,43.96885428253615,10,40.0,ns3,899,0.5,10,12,28,1,1,[43.96885428253615],[664880],,,14,24,
2026_07_15_01_26_56,000068,5,all-cavs,fullperception_pcs,grid,utility,utility,none,0,0,,singleton,20,,5;15,5,,{},"{""5"": 4912}",0,43.96885428253615,10,40.0,ns3,899,0.5,10,12,28,1,1,[43.96885428253615],[664880],,,12,16,
2026_07_15_01_26_56,000068,6,all-cavs,fullperception_pcs,grid,utility,utility,none,0,0,,singleton,20,,4;6,6;4,4,"{""4"": 57}","{""4"": 4825, ""6"": 4599}",77200,43.96885428253615,10,40.0,ns3,899,0.5,10,12,28,1,1,[43.96885428253615],[664880],4>6:4,,11,31,
2026_07_15_01_26_56,000068,7,all-cavs,fullperception_pcs,grid,utility,utility,none,0,0,,singleton,20,,7;18,7,,{},"{""7"": 4901}",0,43.96885428253615,10,40.0,ns3,899,0.5,10,12,28,1,1,[43.96885428253615],[664880],,,13,15,
2026_07_15_01_26_56,000068,8,all-cavs,fullperception_pcs,grid,utility,utility,none,0,0,,singleton,20,,8,8,,{},"{""8"": 4838}",0,43.96885428253615,10,40.0,ns3,899,0.5,10,12,28,1,1,[43.96885428253615],[664880],,,13,23,
2026_07_15_01_26_56,000068,9,all-cavs,fullperception_pcs,grid,utility,utility,none,0,0,,singleton,20,,9;20,9;20,20,"{""20"": 27}","{""9"": 4858, ""20"": 3815}",61040,43.96885428253615,10,40.0,ns3,899,0.5,10,12,28,1,1,[43.96885428253615],[664880],20>9:0,,25,32,
2026_07_15_01_26_56,000068,10,all-cavs,fullperception_pcs,grid,utility,utility,none,0,0,,singleton,20,,10,10,,{},"{""10"": 4934}",0,43.96885428253615,10,40.0,ns3,899,0.5,10,12,28,1,1,[43.96885428253615],[664880],,,14,27,
2026_07_15_01_26_56,000068,11,all-cavs,fullperception_pcs,grid,utility,utility,none,0,0,,singleton,20,,3;11,11;3,3,"{""3"": 62}","{""3"": 4941, ""11"": 4911}",79056,43.96885428253615,10,40.0,ns3,899,0.5,10,12,28,1,1,[43.96885428253615],[664880],3>11:6,,19,27,
2026_07_15_01_26_56,000068,12,all-cavs,fullperception_pcs,grid,utility,utility,none,0,0,,singleton,20,,2;12,12,,{},"{""12"": 4882}",0,43.96885428253615,10,40.0,ns3,899,0.5,10,12,28,1,1,[43.96885428253615],[664880],,,9,19,
2026_07_15_01_26_56,000068,13,all-cavs,fullperception_pcs,grid,utility,utility,none,0,0,,singleton,20,,13;14,13,,{},"{""13"": 4795}",0,43.96885428253615,10,40.0,ns3,899,0.5,10,12,28,1,1,[43.96885428253615],[664880],,,11,15,
2026_07_15_01_26_56,000068,14,all-cavs,fullperception_pcs,grid,utility,utility,none,0,0,,singleton,20,,13;14,14;13,13,"{""13"": 50}","{""13"": 4787, ""14"": 5028}",76592,43.96885428253615,10,40.0,ns3,899,0.5,10,12,28,1,1,[43.96885428253615],[664880],13>14:1,,3,5,
2026_07_15_01_26_56,000068,15,all-cavs,fullperception_pcs,grid,utility,utility,none,0,0,,singleton,20,,5;15,15;5,5,"{""5"": 21}","{""5"": 3838, ""15"": 4743}",61408,43.96885428253615,10,40.0,ns3,899,0.5,10,12,28,1,1,[43.96885428253615],[664880],5>15:8,,17,12,
2026_07_15_01_26_56,000068,16,all-cavs,fullperception_pcs,grid,utility,utility,none,0,0,,singleton,20,,16;19,16,,{},"{""16"": 4887}",0,43.96885428253615,10,40.0,ns3,899,0.5,10,12,28,1,1,[43.96885428253615],[664880],,,17,22,
2026_07_15_01_26_56,000068,17,all-cavs,fullperception_pcs,grid,utility,utility,none,0,0,,singleton,20,,1;17,17,,{},"{""17"": 4976}",0,43.96885428253615,10,40.0,ns3,899,0.5,10,12,28,1,1,[43.96885428253615],[664880],,,17,12,
2026_07_15_01_26_56,000068,18,all-cavs,fullperception_pcs,grid,utility,utility,none,0,0,,singleton,20,,7;18,18;7,7,"{""7"": 56}","{""7"": 4893, ""18"": 5012}",78288,43.96885428253615,10,40.0,ns3,899,0.5,10,12,28,1,1,[43.96885428253615],[664880],7>18:5,,23,21,
2026_07_15_01_26_56,000068,19,all-cavs,fullperception_pcs,grid,utility,utility,none,0,0,,singleton,20,,16;19,19;16,16,"{""16"": 31}","{""16"": 4643, ""19"": 4818}",74288,43.96885428253615,10,40.0,ns3,899,0.5,10,12,28,1,1,[43.96885428253615],[664880],16>19:3,,19,27,
2026_07_15_01_26_56,000068,20,all-cavs,fullperception_pcs,grid,utility,utility,none,0,0,,singleton,20,,9;20,20,,{},"{""20"": 4909}",0,43.96885428253615,10,40.0,ns3,899,0.5,10,12,28,1,1,[43.96885428253615],[664880],,,18,19,
2026_07_15_01_26_56,000070,1,all-cavs,fullperception_pcs,grid,utility,utility,none,0,0,,singleton,20,,1;17,1;17,17,"{""17"": 65}","{""1"": 4925, ""17"": 4928}",78848,44.040044493882085,10,40.0,ns3,899,0.5,10,12,28,1,1,[44.040044493882085],[654528],17>1:7,,22,24,
2026_07_15_01_26_56,000070,2,all-cavs,fullperception_pcs,grid,utility,utility,none,0,0,,singleton,20,,2;16,2;16,16,"{""16"": 44}","{""2"": 4882, ""16"": 4016}",64256,44.040044493882085,10,40.0,ns3,899,0.5,10,12,28,1,1,[44.040044493882085],[654528],16>2:1,,32,45,
2026_07_15_01_26_56,000070,3,all-cavs,fullperception_pcs,grid,utility,utility,none,0,0,,singleton,20,,3;13,3;13,13,"{""13"": 55}","{""3"": 4953, ""13"": 4795}",76720,44.040044493882085,10,40.0,ns3,899,0.5,10,12,28,1,1,[44.040044493882085],[654528],13>3:2,,18,21,
2026_07_15_01_26_56,000070,4,all-cavs,fullperception_pcs,grid,utility,utility,none,0,0,,singleton,20,,4;6,4,,{},"{""4"": 4851}",0,44.040044493882085,10,40.0,ns3,899,0.5,10,12,28,1,1,[44.040044493882085],[654528],,,12,26,
2026_07_15_01_26_56,000070,5,all-cavs,fullperception_pcs,grid,utility,utility,none,0,0,,singleton,20,,5;15,5,,{},"{""5"": 4907}",0,44.040044493882085,10,40.0,ns3,899,0.5,10,12,28,1,1,[44.040044493882085],[654528],,,13,15,
2026_07_15_01_26_56,000070,6,all-cavs,fullperception_pcs,grid,utility,utility,none,0,0,,singleton,20,,4;6,6;4,4,"{""4"": 54}","{""4"": 4827, ""6"": 4608}",77232,44.040044493882085,10,40.0,ns3,899,0.5,10,12,28,1,1,[44.040044493882085],[654528],4>6:3,,15,32,
2026_07_15_01_26_56,000070,7,all-cavs,fullperception_pcs,grid,utility,utility,none,0,0,,singleton,20,,7;19,7,,{},"{""7"": 4909}",0,44.040044493882085,10,40.0,ns3,899,0.5,10,12,28,1,1,[44.040044493882085],[654528],,,10,15,
2026_07_15_01_26_56,000070,8,all-cavs,fullperception_pcs,grid,utility,utility,none,0,0,,singleton,20,,8,8,,{},"{""8"": 4840}",0,44.040044493882085,10,40.0,ns3,899,0.5,10,12,28,1,1,[44.040044493882085],[654528],,,12,24,
2026_07_15_01_26_56,000070,9,all-cavs,fullperception_pcs,grid,utility,utility,none,0,0,,singleton,20,,9;14,9,,{},"{""9"": 4857}",0,44.040044493882085,10,40.0,ns3,899,0.5,10,12,28,1,1,[44.040044493882085],[654528],,,16,18,
2026_07_15_01_26_56,000070,10,all-cavs,fullperception_pcs,grid,utility,utility,none,0,0,,singleton,20,,10;18,10,,{},"{""10"": 4949}",0,44.040044493882085,10,40.0,ns3,899,0.5,10,12,28,1,1,[44.040044493882085],[654528],,,15,28,
2026_07_15_01_26_56,000070,11,all-cavs,fullperception_pcs,grid,utility,utility,none,0,0,,singleton,20,,11;12,11;12,12,"{""12"": 38}","{""11"": 4909, ""12"": 4394}",70304,44.040044493882085,10,40.0,ns3,899,0.5,10,12,28,1,1,[44.040044493882085],[654528],12>11:6,,18,33,
2026_07_15_01_26_56,000070,12,all-cavs,fullperception_pcs,grid,utility,utility,none,0,0,,singleton,20,,11;12,12,,{},"{""12"": 4888}",0,44.040044493882085,10,40.0,ns3,899,0.5,10,12,28,1,1,[44.040044493882085],[654528],,,10,19,
2026_07_15_01_26_56,000070,13,all-cavs,fullperception_pcs,grid,utility,utility,none,0,0,,singleton,20,,3;13,13,,{},"{""13"": 4795}",0,44.040044493882085,10,40.0,ns3,899,0.5,10,12,28,1,1,[44.040044493882085],[654528],,,11,15,
2026_07_15_01_26_56,000070,14,all-cavs,fullperception_pcs,grid,utility,utility,none,0,0,,singleton,20,,9;14,14;9,9,"{""9"": 37}","{""9"": 4722, ""14"": 5031}",75552,44.040044493882085,10,40.0,ns3,899,0.5,10,12,28,1,1,[44.040044493882085],[654528],9>14:0,,3,5,
2026_07_15_01_26_56,000070,15,all-cavs,fullperception_pcs,grid,utility,utility,none,0,0,,singleton,20,,5;15,15;5,5,"{""5"": 20}","{""5"": 3835, ""15"": 4740}",61360,44.040044493882085,10,40.0,ns3,899,0.5,10,12,28,1,1,[44.040044493882085],[654528],5>15:8,,15,12,
2026_07_15_01_26_56,000070,16,all-cavs,fullperception_pcs,grid,utility,utility,none,0,0,,singleton,20,,2;16,16,,{},"{""16"": 4856}",0,44.040044493882085,10,40.0,ns3,899,0.5,10,12,28,1,1,[44.040044493882085],[654528],,,14,24,
2026_07_15_01_26_56,000070,17,all-cavs,fullperception_pcs,grid,utility,utility,none,0,0,,singleton,20,,1;17,17,,{},"{""17"": 4972}",0,44.040044493882085,10,40.0,ns3,899,0.5,10,12,28,1,1,[44.040044493882085],[654528],,,16,12,
2026_07_15_01_26_56,000070,18,all-cavs,fullperception_pcs,grid,utility,utility,none,0,0,,singleton,20,,10;18,18;10,10,"{""10"": 56}","{""10"": 4949, ""18"": 5042}",79184,44.040044493882085,10,40.0,ns3,899,0.5,10,12,28,1,1,[44.040044493882085],[654528],10>18:4,,18,25,
2026_07_15_01_26_56,000070,19,all-cavs,fullperception_pcs,grid,utility,utility,none,0,0,,singleton,20,,7;19,19;7,7,"{""7"": 34}","{""7"": 4442, ""19"": 4824}",71072,44.040044493882085,10,40.0,ns3,899,0.5,10,12,28,1,1,[44.040044493882085],[654528],7>19:5,,20,20,
2026_07_15_01_26_56,000070,20,all-cavs,fullperception_pcs,grid,utility,utility,none,0,0,,singleton,20,,20,20,,{},"{""20"": 4909}",0,44.040044493882085,10,40.0,ns3,899,0.5,10,12,28,1,1,[44.040044493882085],[654528],,,18,19,
2026_07_15_01_26_56,000072,1,all-cavs,fullperception_pcs,grid,utility,utility,none,0,0,,singleton,20,,1;17,1;17,17,"{""17"": 67}","{""1"": 4928, ""17"": 4931}",78896,43.87986651835372,10,40.0,ns3,899,0.5,10,12,28,1,1,[43.87986651835372],[716512],17>1:7,,22,23,
2026_07_15_01_26_56,000072,2,all-cavs,fullperception_pcs,grid,utility,utility,none,0,0,,singleton,20,,2;16,2;16,16,"{""16"": 44}","{""2"": 4864, ""16"": 4031}",64496,43.87986651835372,10,40.0,ns3,899,0.5,10,12,28,1,1,[43.87986651835372],[716512],16>2:1,,35,46,
2026_07_15_01_26_56,000072,3,all-cavs,fullperception_pcs,grid,utility,utility,none,0,0,,singleton,20,,3;10,3;10,10,"{""10"": 55}","{""3"": 4951, ""10"": 4925}",78800,43.87986651835372,10,40.0,ns3,899,0.5,10,12,28,1,1,[43.87986651835372],[716512],10>3:4,,30,30,
2026_07_15_01_26_56,000072,4,all-cavs,fullperception_pcs,grid,utility,utility,none,0,0,,singleton,20,,4;6,4,,{},"{""4"": 4868}",0,43.87986651835372,10,40.0,ns3,899,0.5,10,12,28,1,1,[43.87986651835372],[716512],,,11,24,
2026_07_15_01_26_56,000072,5,all-cavs,fullperception_pcs,grid,utility,utility,none,0,0,,singleton,20,,5;15,5,,{},"{""5"": 4908}",0,43.87986651835372,10,40.0,ns3,899,0.5,10,12,28,1,1,[43.87986651835372],[716512],,,9,15,
2026_07_15_01_26_56,000072,6,all-cavs,fullperception_pcs,grid,utility,utility,none,0,0,,singleton,20,,4;6,6;4,4,"{""4"": 54}","{""4"": 4850, ""6"": 4599}",77600,43.87986651835372,10,40.0,ns3,899,0.5,10,12,28,1,1,[43.87986651835372],[716512],4>6:3,,18,31,
2026_07_15_01_26_56,000072,7,all-cavs,fullperception_pcs,grid,utility,utility,none,0,0,,singleton,20,,7;14,7,,{},"{""7"": 4909}",0,43.87986651835372,10,40.0,ns3,899,0.5,10,12,28,1,1,[43.87986651835372],[716512],,,11,16,
2026_07_15_01_26_56,000072,8,all-cavs,fullperception_pcs,grid,utility,utility,none,0,0,,singleton,20,,8;9,8,,{},"{""8"": 4842}",0,43.87986651835372,10,40.0,ns3,899,0.5,10,12,28,1,1,[43.87986651835372],[716512],,,12,24,
2026_07_15_01_26_56,000072,9,all-cavs,fullperception_pcs,grid,utility,utility,none,0,0,,singleton,20,,8;9,9;8,8,"{""8"": 34}","{""8"": 4602, ""9"": 4857}",73632,43.87986651835372,10,40.0,ns3,899,0.5,10,12,28,1,1,[43.87986651835372],[716512],8>9:0,,20,42,
2026_07_15_01_26_56,000072,10,all-cavs,fullperception_pcs,grid,utility,utility,none,0,0,,singleton,20,,3;10,10,,{},"{""10"": 4930}",0,43.87986651835372,10,40.0,ns3,899,0.5,10,12,28,1,1,[43.87986651835372],[716512],,,17,26,
2026_07_15_01_26_56,000072,11,all-cavs,fullperception_pcs,grid,utility,utility,none,0,0,,singleton,20,,11;12,11;12,12,"{""12"": 39}","{""11"": 4908, ""12"": 4424}",70784,43.87986651835372,10,40.0,ns3,899,0.5,10,12,28,1,1,[43.87986651835372],[716512],12>11:6,,15,31,
2026_07_15_01_26_56,000072,12,all-cavs,fullperception_pcs,grid,utility,utility,none,0,0,,singleton,20,,11;12,12,,{},"{""12"": 4892}",0,43.87986651835372,10,40.0,ns3,899,0.5,10,12,28,1,1,[43.87986651835372],[716512],,,8,15,
2026_07_15_01_26_56,000072,13,all-cavs,fullperception_pcs,grid,utility,utility,none,0,0,,singleton,20,,13;20,13;20,20,"{""20"": 27}","{""13"": 4800, ""20"": 3813}",61008,43.87986651835372,10,40.0,ns3,899,0.5,10,12,28,1,1,[43.87986651835372],[716512],20>13:2,,18,28,
2026_07_15_01_26_56,000072,14,all-cavs,fullperception_pcs,grid,utility,utility,none,0,0,,singleton,20,,7;14,14;7,7,"{""7"": 44}","{""7"": 4544, ""14"": 5044}",72704,43.87986651835372,10,40.0,ns3,899,0.5,10,12,28,1,1,[43.87986651835372],[716512],7>14:3,,3,4,
2026_07_15_01_26_56,000072,15,all-cavs,fullperception_pcs,grid,utility,utility,none,0,0,,singleton,20,,5;15,15;5,5,"{""5"": 20}","{""5"": 3836, ""15"": 4748}",61376,43.87986651835372,10,40.0,ns3,899,0.5,10,12,28,1,1,[43.87986651835372],[716512],5>15:8,,13,13,
2026_07_15_01_26_56,000072,16,all-cavs,fullperception_pcs,grid,utility,utility,none,0,0,,singleton,20,,2;16,16,,{},"{""16"": 4868}",0,43.87986651835372,10,40.0,ns3,899,0.5,10,12,28,1,1,[43.87986651835372],[716512],,,18,24,
2026_07_15_01_26_56,000072,17,all-cavs,fullperception_pcs,grid,utility,utility,none,0,0,,singleton,20,,1;17,17,,{},"{""17"": 4977}",0,43.87986651835372,10,40.0,ns3,899,0.5,10,12,28,1,1,[43.87986651835372],[716512],,,17,12,
2026_07_15_01_26_56,000072,18,all-cavs,fullperception_pcs,grid,utility,utility,none,0,0,,singleton,20,,18;19,18;19,19,"{""19"": 60}","{""18"": 5002, ""19"": 4826}",77216,43.87986651835372,10,40.0,ns3,899,0.5,10,12,28,1,1,[43.87986651835372],[716512],19>18:5,,14,23,
2026_07_15_01_26_56,000072,19,all-cavs,fullperception_pcs,grid,utility,utility,none,0,0,,singleton,20,,18;19,19,,{},"{""19"": 4826}",0,43.87986651835372,10,40.0,ns3,899,0.5,10,12,28,1,1,[43.87986651835372],[716512],,,11,13,
2026_07_15_01_26_56,000072,20,all-cavs,fullperception_pcs,grid,utility,utility,none,0,0,,singleton,20,,13;20,20,,{},"{""20"": 4907}",0,43.87986651835372,10,40.0,ns3,899,0.5,10,12,28,1,1,[43.87986651835372],[716512],,,18,19,
2026_07_15_01_26_56,000074,1,all-cavs,fullperception_pcs,grid,utility,utility,none,0,0,,singleton,20,,1;17,1;17,17,"{""17"": 66}","{""1"": 4931, ""17"": 4908}",78528,44.03114571746384,10,40.0,ns3,899,0.5,10,12,28,1,1,[44.03114571746384],[653120],17>1:6,,25,23,
2026_07_15_01_26_56,000074,2,all-cavs,fullperception_pcs,grid,utility,utility,none,0,0,,singleton,20,,2;16,2;16,16,"{""16"": 44}","{""2"": 4872, ""16"": 4030}",64480,44.03114571746384,10,40.0,ns3,899,0.5,10,12,28,1,1,[44.03114571746384],[653120],16>2:1,,30,44,
2026_07_15_01_26_56,000074,3,all-cavs,fullperception_pcs,grid,utility,utility,none,0,0,,singleton,20,,3;13,3;13,13,"{""13"": 54}","{""3"": 4963, ""13"": 4793}",76688,44.03114571746384,10,40.0,ns3,899,0.5,10,12,28,1,1,[44.03114571746384],[653120],13>3:2,,19,21,
2026_07_15_01_26_56,000074,4,all-cavs,fullperception_pcs,grid,utility,utility,none,0,0,,singleton,20,,4;6,4,,{},"{""4"": 4850}",0,44.03114571746384,10,40.0,ns3,899,0.5,10,12,28,1,1,[44.03114571746384],[653120],,,13,25,
2026_07_15_01_26_56,000074,5,all-cavs,fullperception_pcs,grid,utility,utility,none,0,0,,singleton,20,,5,5,,{},"{""5"": 4914}",0,44.03114571746384,10,40.0,ns3,899,0.5,10,12,28,1,1,[44.03114571746384],[653120],,,12,16,
2026_07_15_01_26_56,000074,6,all-cavs,fullperception_pcs,grid,utility,utility,none,0,0,,singleton,20,,4;6,6;4,4,"{""4"": 56}","{""4"": 4834, ""6"": 4599}",77344,44.03114571746384,10,40.0,ns3,899,0.5,10,12,28,1,1,[44.03114571746384],[653120],4>6:3,,16,32,
2026_07_15_01_26_56,000074,7,all-cavs,fullperception_pcs,grid,utility,utility,none,0,0,,singleton,20,,7;19,7,,{},"{""7"": 4926}",0,44.03114571746384,10,40.0,ns3,899,0.5,10,12,28,1,1,[44.03114571746384],[653120],,,11,16,
2026_07_15_01_26_56,000074,8,all-cavs,fullperception_pcs,grid,utility,utility,none,0,0,,singleton,20,,8,8,,{},"{""8"": 4842}",0,44.03114571746384,10,40.0,ns3,899,0.5,10,12,28,1,1,[44.03114571746384],[653120],,,14,24,
2026_07_15_01_26_56,000074,9,all-cavs,fullperception_pcs,grid,utility,utility,none,0,0,,singleton,20,,9;14,9,,{},"{""9"": 4857}",0,44.03114571746384,10,40.0,ns3,899,0.5,10,12,28,1,1,[44.03114571746384],[653120],,,15,18,
2026_07_15_01_26_56,000074,10,all-cavs,fullperception_pcs,grid,utility,utility,none,0,0,,singleton,20,,10;18,10,,{},"{""10"": 4948}",0,44.03114571746384,10,40.0,ns3,899,0.5,10,12,28,1,1,[44.03114571746384],[653120],,,17,26,
2026_07_15_01_26_56,000074,11,all-cavs,fullperception_pcs,grid,utility,utility,none,0,0,,singleton,20,,11;12,11;12,12,"{""12"": 39}","{""11"": 4906, ""12"": 4450}",71200,44.03114571746384,10,40.0,ns3,899,0.5,10,12,28,1,1,[44.03114571746384],[653120],12>11:7,,15,32,
2026_07_15_01_26_56,000074,12,all-cavs,fullperception_pcs,grid,utility,utility,none,0,0,,singleton,20,,11;12,12,,{},"{""12"": 4881}",0,44.03114571746384,10,40.0,ns3,899,0.5,10,12,28,1,1,[44.03114571746384],[653120],,,10,18,
2026_07_15_01_26_56,000074,13,all-cavs,fullperception_pcs,grid,utility,utility,none,0,0,,singleton,20,,3;13,13,,{},"{""13"": 4800}",0,44.03114571746384,10,40.0,ns3,899,0.5,10,12,28,1,1,[44.03114571746384],[653120],,,9,15,
2026_07_15_01_26_56,000074,14,all-cavs,fullperception_pcs,grid,utility,utility,none,0,0,,singleton,20,,9;14,14;9,9,"{""9"": 37}","{""9"": 4724, ""14"": 5017}",75584,44.03114571746384,10,40.0,ns3,899,0.5,10,12,28,1,1,[44.03114571746384],[653120],9>14:0,,3,5,
2026_07_15_01_26_56,000074,15,all-cavs,fullperception_pcs,grid,utility,utility,none,0,0,,singleton,20,,15;20,15;20,20,"{""20"": 18}","{""15"": 4753, ""20"": 3710}",59360,44.03114571746384,10,40.0,ns3,899,0.5,10,12,28,1,1,[44.03114571746384],[653120],20>15:8,,18,24,
2026_07_15_01_26_56,000074,16,all-cavs,fullperception_pcs,grid,utility,utility,none,0,0,,singleton,20,,2;16,16,,{},"{""16"": 4872}",0,44.03114571746384,10,40.0,ns3,899,0.5,10,12,28,1,1,[44.03114571746384],[653120],,,16,23,
2026_07_15_01_26_56,000074,17,all-cavs,fullperception_pcs,grid,utility,utility,none,0,0,,singleton,20,,1;17,17,,{},"{""17"": 4954}",0,44.03114571746384,10,40.0,ns3,899,0.5,10,12,28,1,1,[44.03114571746384],[653120],,,18,12,
2026_07_15_01_26_56,000074,18,all-cavs,fullperception_pcs,grid,utility,utility,none,0,0,,singleton,20,,10;18,18;10,10,"{""10"": 58}","{""10"": 4948, ""18"": 4980}",79168,44.03114571746384,10,40.0,ns3,899,0.5,10,12,28,1,1,[44.03114571746384],[653120],10>18:5,,13,25,
2026_07_15_01_26_56,000074,19,all-cavs,fullperception_pcs,grid,utility,utility,none,0,0,,singleton,20,,7;19,19;7,7,"{""7"": 34}","{""7"": 4423, ""19"": 4825}",70768,44.03114571746384,10,40.0,ns3,899,0.5,10,12,28,1,1,[44.03114571746384],[653120],7>19:4,,21,20,
2026_07_15_01_26_56,000074,20,all-cavs,fullperception_pcs,grid,utility,utility,none,0,0,,singleton,20,,15;20,20,,{},"{""20"": 4907}",0,44.03114571746384,10,40.0,ns3,899,0.5,10,12,28,1,1,[44.03114571746384],[653120],,,17,18,
2026_07_15_01_26_56,000076,1,all-cavs,fullperception_pcs,grid,utility,utility,none,0,0,,singleton,20,,1;3,1;3,3,"{""3"": 64}","{""1"": 4934, ""3"": 4890}",78240,44.07563959955506,10,40.0,ns3,899,0.5,10,12,28,1,1,[44.07563959955506],[654336],3>1:7,,21,22,
2026_07_15_01_26_56,000076,2,all-cavs,fullperception_pcs,grid,utility,utility,none,0,0,,singleton,20,,2;12,2;12,12,"{""12"": 54}","{""2"": 4873, ""12"": 4898}",78368,44.07563959955506,10,40.0,ns3,899,0.5,10,12,28,1,1,[44.07563959955506],[654336],12>2:3,,15,29,
2026_07_15_01_26_56,000076,3,all-cavs,fullperception_pcs,grid,utility,utility,none,0,0,,singleton,20,,1;3,3,,{},"{""3"": 4935}",0,44.07563959955506,10,40.0,ns3,899,0.5,10,12,28,1,1,[44.07563959955506],[654336],,,15,7,
2026_07_15_01_26_56,000076,4,all-cavs,fullperception_pcs,grid,utility,utility,none,0,0,,singleton,20,,4;8,4,,{},"{""4"": 4853}",0,44.07563959955506,10,40.0,ns3,899,0.5,10,12,28,1,1,[44.07563959955506],[654336],,,8,24,
2026_07_15_01_26_56,000076,5,all-cavs,fullperception_pcs,grid,utility,utility,none,0,0,,singleton,20,,5,5,,{},"{""5"": 4910}",0,44.07563959955506,10,40.0,ns3,899,0.5,10,12,28,1,1,[44.07563959955506],[654336],,,15,15,
2026_07_15_01_26_56,000076,6,all-cavs,fullperception_pcs,grid,utility,utility,none,0,0,,singleton,20,,6,6,,{},"{""6"": 4624}",0,44.07563959955506,10,40.0,ns3,899,0.5,10,12,28,1,1,[44.07563959955506],[654336],,,11,14,
2026_07_15_01_26_56,000076,7,all-cavs,fullperception_pcs,grid,utility,utility,none,0,0,,singleton,20,,7;19,7,,{},"{""7"": 4905}",0,44.07563959955506,10,40.0,ns3,899,0.5,10,12,28,1,1,[44.07563959955506],[654336],,,14,17,
2026_07_15_01_26_56,000076,8,all-cavs,fullperception_pcs,grid,utility,utility,none,0,0,,singleton,20,,4;8,8;4,4,"{""4"": 35}","{""4"": 4515, ""8"": 4841}",72240,44.07563959955506,10,40.0,ns3,899,0.5,10,12,28,1,1,[44.07563959955506],[654336],4>8:1,,18,32,
2026_07_15_01_26_56,000076,9,all-cavs,fullperception_pcs,grid,utility,utility,none,0,0,,singleton,20,,9;16,9;16,16,"{""16"": 26}","{""9"": 4859, ""16"": 3860}",61760,44.07563959955506,10,40.0,ns3,899,0.5,10,12,28,1,1,[44.07563959955506],[654336],16>9:0,,23,31,
2026_07_15_01_26_56,000076,10,all-cavs,fullperception_pcs,grid,utility,utility,none,0,0,,singleton,20,,10;18,10,,{},"{""10"": 4943}",0,44.07563959955506,10,40.0,ns3,899,0.5,10,12,28,1,1,[44.07563959955506],[654336],,,20,25,
2026_07_15_01_26_56,000076,11,all-cavs,fullperception_pcs,grid,utility,utility,none,0,0,,singleton,20,,11;17,11;17,17,"{""17"": 64}","{""11"": 4905, ""17"": 4953}",79248,44.07563959955506,10,40.0,ns3,899,0.5,10,12,28,1,1,[44.07563959955506],[654336],17>11:6,,18,24,
2026_07_15_01_26_56,000076,12,all-cavs,fullperception_pcs,grid,utility,utility,none,0,0,,singleton,20,,2;12,12,,{},"{""12"": 4903}",0,44.07563959955506,10,40.0,ns3,899,0.5,10,12,28,1,1,[44.07563959955506],[654336],,,10,16,
2026_07_15_01_26_56,000076,13,all-cavs,fullperception_pcs,grid,utility,utility,none,0,0,,singleton,20,,13;14,13,,{},"{""13"": 4773}",0,44.07563959955506,10,40.0,ns3,899,0.5,10,12,28,1,1,[44.07563959955506],[654336],,,11,15,
2026_07_15_01_26_56,000076,14,all-cavs,fullperception_pcs,grid,utility,utility,none,0,0,,singleton,20,,13;14,14;13,13,"{""13"": 51}","{""13"": 4721, ""14"": 5022}",75536,44.07563959955506,10,40.0,ns3,899,0.5,10,12,28,1,1,[44.07563959955506],[654336],13>14:2,,3,5,
2026_07_15_01_26_56,000076,15,all-cavs,fullperception_pcs,grid,utility,utility,none,0,0,,singleton,20,,15;20,15;20,20,"{""20"": 18}","{""15"": 4754, ""20"": 3712}",59392,44.07563959955506,10,40.0,ns3,899,0.5,10,12,28,1,1,[44.07563959955506],[654336],20>15:8,,20,25,
2026_07_15_01_26_56,000076,16,all-cavs,fullperception_pcs,grid,utility,utility,none,0,0,,singleton,20,,9;16,16,,{},"{""16"": 4885}",0,44.07563959955506,10,40.0,ns3,899,0.5,10,12,28,1,1,[44.07563959955506],[654336],,,18,22,
2026_07_15_01_26_56,000076,17,all-cavs,fullperception_pcs,grid,utility,utility,none,0,0,,singleton,20,,11;17,17,,{},"{""17"": 5003}",0,44.07563959955506,10,40.0,ns3,899,0.5,10,12,28,1,1,[44.07563959955506],[654336],,,16,13,
2026_07_15_01_26_56,000076,18,all-cavs,fullperception_pcs,grid,utility,utility,none,0,0,,singleton,20,,10;18,18;10,10,"{""10"": 59}","{""10"": 4943, ""18"": 4986}",79088,44.07563959955506,10,40.0,ns3,899,0.5,10,12,28,1,1,[44.07563959955506],[654336],10>18:5,,14,25,
2026_07_15_01_26_56,000076,19,all-cavs,fullperception_pcs,grid,utility,utility,none,0,0,,singleton,20,,7;19,19;7,7,"{""7"": 34}","{""7"": 4404, ""19"": 4821}",70464,44.07563959955506,10,40.0,ns3,899,0.5,10,12,28,1,1,[44.07563959955506],[654336],7>19:4,,21,21,
2026_07_15_01_26_56,000076,20,all-cavs,fullperception_pcs,grid,utility,utility,none,0,0,,singleton,20,,15;20,20,,{},"{""20"": 4906}",0,44.07563959955506,10,40.0,ns3,899,0.5,10,12,28,1,1,[44.07563959955506],[654336],,,20,19,
2026_07_15_01_26_56,000078,1,all-cavs,fullperception_pcs,grid,utility,utility,none,0,0,,singleton,20,,1;3,1;3,3,"{""3"": 63}","{""1"": 4934, ""3"": 4888}",78208,43.657397107897665,10,40.0,ns3,899,0.5,10,12,28,1,1,[43.657397107897665],[657648],3>1:6,,22,22,
2026_07_15_01_26_56,000078,2,all-cavs,fullperception_pcs,grid,utility,utility,none,0,0,,singleton,20,,2;17,2;17,17,"{""17"": 57}","{""2"": 4851, ""17"": 4775}",76400,43.657397107897665,10,40.0,ns3,899,0.5,10,12,28,1,1,[43.657397107897665],[657648],17>2:3,,22,33,
2026_07_15_01_26_56,000078,3,all-cavs,fullperception_pcs,grid,utility,utility,none,0,0,,singleton,20,,1;3,3,,{},"{""3"": 4932}",0,43.657397107897665,10,40.0,ns3,899,0.5,10,12,28,1,1,[43.657397107897665],[657648],,,18,7,
2026_07_15_01_26_56,000078,4,all-cavs,fullperception_pcs,grid,utility,utility,none,0,0,,singleton,20,,4;8,4,,{},"{""4"": 4858}",0,43.657397107897665,10,40.0,ns3,899,0.5,10,12,28,1,1,[43.657397107897665],[657648],,,13,27,
2026_07_15_01_26_56,000078,5,all-cavs,fullperception_pcs,grid,utility,utility,none,0,0,,singleton,20,,5,5,,{},"{""5"": 4911}",0,43.657397107897665,10,40.0,ns3,899,0.5,10,12,28,1,1,[43.657397107897665],[657648],,,10,15,
2026_07_15_01_26_56,000078,6,all-cavs,fullperception_pcs,grid,utility,utility,none,0,0,,singleton,20,,6;9,6,,{},"{""6"": 4635}",0,43.657397107897665,10,40.0,ns3,899,0.5,10,12,28,1,1,[43.657397107897665],[657648],,,11,15,
2026_07_15_01_26_56,000078,7,all-cavs,fullperception_pcs,grid,utility,utility,none,0,0,,singleton,20,,7;18,7,,{},"{""7"": 4919}",0,43.657397107897665,10,40.0,ns3,899,0.5,10,12,28,1,1,[43.657397107897665],[657648],,,10,14,
2026_07_15_01_26_56,000078,8,all-cavs,fullperception_pcs,grid,utility,utility,none,0,0,,singleton,20,,4;8,8;4,4,"{""4"": 35}","{""4"": 4543, ""8"": 4841}",72688,43.657397107897665,10,40.0,ns3,899,0.5,10,12,28,1,1,[43.657397107897665],[657648],4>8:1,,18,35,
2026_07_15_01_26_56,000078,9,all-cavs,fullperception_pcs,grid,utility,utility,none,0,0,,singleton,20,,6;9,9;6,6,"{""6"": 35}","{""6"": 4400, ""9"": 4857}",70400,43.657397107897665,10,40.0,ns3,899,0.5,10,12,28,1,1,[43.657397107897665],[657648],6>9:0,,16,19,
2026_07_15_01_26_56,000078,10,all-cavs,fullperception_pcs,grid,utility,utility,none,0,0,,singleton,20,,10,10,,{},"{""10"": 4935}",0,43.657397107897665,10,40.0,ns3,899,0.5,10,12,28,1,1,[43.657397107897665],[657648],,,18,26,
2026_07_15_01_26_56,000078,11,all-cavs,fullperception_pcs,grid,utility,utility,none,0,0,,singleton,20,,11;12,11;12,12,"{""12"": 39}","{""11"": 4907, ""12"": 4492}",71872,43.657397107897665,10,40.0,ns3,899,0.5,10,12,28,1,1,[43.657397107897665],[657648],12>11:7,,18,33,
2026_07_15_01_26_56,000078,12,all-cavs,fullperception_pcs,grid,utility,utility,none,0,0,,singleton,20,,11;12,12,,{},"{""12"": 4895}",0,43.657397107897665,10,40.0,ns3,899,0.5,10,12,28,1,1,[43.657397107897665],[657648],,,10,16,
2026_07_15_01_26_56,000078,13,all-cavs,fullperception_pcs,grid,utility,utility,none,0,0,,singleton,20,,13;14,13,,{},"{""13"": 4778}",0,43.657397107897665,10,40.0,ns3,899,0.5,10,12,28,1,1,[43.657397107897665],[657648],,,11,14,
2026_07_15_01_26_56,000078,14,all-cavs,fullperception_pcs,grid,utility,utility,none,0,0,,singleton,20,,13;14,14;13,13,"{""13"": 51}","{""13"": 4730, ""14"": 5015}",75680,43.657397107897665,10,40.0,ns3,899,0.5,10,12,28,1,1,[43.657397107897665],[657648],13>14:2,,5,4,
2026_07_15_01_26_56,000078,15,all-cavs,fullperception_pcs,grid,utility,utility,none,0,0,,singleton,20,,15;20,15;20,20,"{""20"": 18}","{""15"": 4753, ""20"": 3714}",59424,43.657397107897665,10,40.0,ns3,899,0.5,10,12,28,1,1,[43.657397107897665],[657648],20>15:8,,18,25,
2026_07_15_01_26_56,000078,16,all-cavs,fullperception_pcs,grid,utility,utility,none,0,0,,singleton,20,,16;19,16,,{},"{""16"": 4880}",0,43.657397107897665,10,40.0,ns3,899,0.5,10,12,28,1,1,[43.657397107897665],[657648],,,15,23,
2026_07_15_01_26_56,000078,17,all-cavs,fullperception_pcs,grid,utility,utility,none,0,0,,singleton,20,,2;17,17,,{},"{""17"": 4995}",0,43.657397107897665,10,40.0,ns3,899,0.5,10,12,28,1,1,[43.657397107897665],[657648],,,16,13,
2026_07_15_01_26_56,000078,18,all-cavs,fullperception_pcs,grid,utility,utility,none,0,0,,singleton,20,,7;18,18;7,7,"{""7"": 57}","{""7"": 4906, ""18"": 5018}",78496,43.657397107897665,10,40.0,ns3,899,0.5,10,12,28,1,1,[43.657397107897665],[657648],7>18:5,,12,20,
2026_07_15_01_26_56,000078,19,all-cavs,fullperception_pcs,grid,utility,utility,none,0,0,,singleton,20,,16;19,19;16,16,"{""16"": 32}","{""16"": 4655, ""19"": 4823}",74480,43.657397107897665,10,40.0,ns3,899,0.5,10,12,28,1,1,[43.657397107897665],[657648],16>19:4,,16,26,
2026_07_15_01_26_56,000078,20,all-cavs,fullperception_pcs,grid,utility,utility,none,0,0,,singleton,20,,15;20,20,,{},"{""20"": 4908}",0,43.657397107897665,10,40.0,ns3,899,0.5,10,12,28,1,1,[43.657397107897665],[657648],,,19,19,
2026_07_15_01_26_56,000080,1,all-cavs,fullperception_pcs,grid,utility,utility,none,0,0,,singleton,20,,1;3,1;3,3,"{""3"": 64}","{""1"": 4933, ""3"": 4903}",78448,43.76418242491657,10,40.0,ns3,899,0.5,10,12,28,1,1,[43.76418242491657],[658848],3>1:6,,21,22,
2026_07_15_01_26_56,000080,2,all-cavs,fullperception_pcs,grid,utility,utility,none,0,0,,singleton,20,,2;17,2;17,17,"{""17"": 59}","{""2"": 4849, ""17"": 4767}",76272,43.76418242491657,10,40.0,ns3,899,0.5,10,12,28,1,1,[43.76418242491657],[658848],17>2:4,,24,35,
2026_07_15_01_26_56,000080,3,all-cavs,fullperception_pcs,grid,utility,utility,none,0,0,,singleton,20,,1;3,3,,{},"{""3"": 4937}",0,43.76418242491657,10,40.0,ns3,899,0.5,10,12,28,1,1,[43.76418242491657],[658848],,,16,7,
2026_07_15_01_26_56,000080,4,all-cavs,fullperception_pcs,grid,utility,utility,none,0,0,,singleton,20,,4;8,4,,{},"{""4"": 4847}",0,43.76418242491657,10,40.0,ns3,899,0.5,10,12,28,1,1,[43.76418242491657],[658848],,,10,26,
2026_07_15_01_26_56,000080,5,all-cavs,fullperception_pcs,grid,utility,utility,none,0,0,,singleton,20,,5,5,,{},"{""5"": 4916}",0,43.76418242491657,10,40.0,ns3,899,0.5,10,12,28,1,1,[43.76418242491657],[658848],,,13,14,
2026_07_15_01_26_56,000080,6,all-cavs,fullperception_pcs,grid,utility,utility,none,0,0,,singleton,20,,6;9,6,,{},"{""6"": 4637}",0,43.76418242491657,10,40.0,ns3,899,0.5,10,12,28,1,1,[43.76418242491657],[658848],,,11,15,
2026_07_15_01_26_56,000080,7,all-cavs,fullperception_pcs,grid,utility,utility,none,0,0,,singleton,20,,7;18,7,,{},"{""7"": 4919}",0,43.76418242491657,10,40.0,ns3,899,0.5,10,12,28,1,1,[43.76418242491657],[658848],,,13,15,
2026_07_15_01_26_56,000080,8,all-cavs,fullperception_pcs,grid,utility,utility,none,0,0,,singleton,20,,4;8,8;4,4,"{""4"": 36}","{""4"": 4533, ""8"": 4839}",72528,43.76418242491657,10,40.0,ns3,899,0.5,10,12,28,1,1,[43.76418242491657],[658848],4>8:1,,14,33,
2026_07_15_01_26_56,000080,9,all-cavs,fullperception_pcs,grid,utility,utility,none,0,0,,singleton,20,,6;9,9;6,6,"{""6"": 37}","{""6"": 4399, ""9"": 4858}",70384,43.76418242491657,10,40.0,ns3,899,0.5,10,12,28,1,1,[43.76418242491657],[658848],6>9:0,,15,19,
2026_07_15_01_26_56,000080,10,all-cavs,fullperception_pcs,grid,utility,utility,none,0,0,,singleton,20,,10,10,,{},"{""10"": 4924}",0,43.76418242491657,10,40.0,ns3,899,0.5,10,12,28,1,1,[43.76418242491657],[658848],,,17,27,
2026_07_15_01_26_56,000080,11,all-cavs,fullperception_pcs,grid,utility,utility,none,0,0,,singleton,20,,11;12,11;12,12,"{""12"": 40}","{""11"": 4908, ""12"": 4533}",72528,43.76418242491657,10,40.0,ns3,899,0.5,10,12,28,1,1,[43.76418242491657],[658848],12>11:7,,18,33,
2026_07_15_01_26_56,000080,12,all-cavs,fullperception_pcs,grid,utility,utility,none,0,0,,singleton,20,,11;12,12,,{},"{""12"": 4905}",0,43.76418242491657,10,40.0,ns3,899,0.5,10,12,28,1,1,[43.76418242491657],[658848],,,10,16,
2026_07_15_01_26_56,000080,13,all-cavs,fullperception_pcs,grid,utility,utility,none,0,0,,singleton,20,,13;14,13,,{},"{""13"": 4772}",0,43.76418242491657,10,40.0,ns3,899,0.5,10,12,28,1,1,[43.76418242491657],[658848],,,11,14,
2026_07_15_01_26_56,000080,14,all-cavs,fullperception_pcs,grid,utility,utility,none,0,0,,singleton,20,,13;14,14;13,13,"{""13"": 53}","{""13"": 4762, ""14"": 5031}",76192,43.76418242491657,10,40.0,ns3,899,0.5,10,12,28,1,1,[43.76418242491657],[658848],13>14:2,,6,4,
2026_07_15_01_26_56,000080,15,all-cavs,fullperception_pcs,grid,utility,utility,none,0,0,,singleton,20,,15;20,15;20,20,"{""20"": 18}","{""15"": 4751, ""20"": 3716}",59456,43.76418242491657,10,40.0,ns3,899,0.5,10,12,28,1,1,[43.76418242491657],[658848],20>15:8,,18,24,
2026_07_15_01_26_56,000080,16,all-cavs,fullperception_pcs,grid,utility,utility,none,0,0,,singleton,20,,16;19,16,,{},"{""16"": 4897}",0,43.76418242491657,10,40.0,ns3,899,0.5,10,12,28,1,1,[43.76418242491657],[658848],,,17,22,
2026_07_15_01_26_56,000080,17,all-cavs,fullperception_pcs,grid,utility,utility,none,0,0,,singleton,20,,2;17,17,,{},"{""17"": 4990}",0,43.76418242491657,10,40.0,ns3,899,0.5,10,12,28,1,1,[43.76418242491657],[658848],,,16,13,
2026_07_15_01_26_56,000080,18,all-cavs,fullperception_pcs,grid,utility,utility,none,0,0,,singleton,20,,7;18,18;7,7,"{""7"": 61}","{""7"": 4918, ""18"": 4986}",78688,43.76418242491657,10,40.0,ns3,899,0.5,10,12,28,1,1,[43.76418242491657],[658848],7>18:5,,14,21,
2026_07_15_01_26_56,000080,19,all-cavs,fullperception_pcs,grid,utility,utility,none,0,0,,singleton,20,,16;19,19;16,16,"{""16"": 31}","{""16"": 4647, ""19"": 4821}",74352,43.76418242491657,10,40.0,ns3,899,0.5,10,12,28,1,1,[43.76418242491657],[658848],16>19:3,,18,27,
2026_07_15_01_26_56,000080,20,all-cavs,fullperception_pcs,grid,utility,utility,none,0,0,,singleton,20,,15;20,20,,{},"{""20"": 4907}",0,43.76418242491657,10,40.0,ns3,899,0.5,10,12,28,1,1,[43.76418242491657],[658848],,,21,19,
2026_07_15_01_26_56,000082,1,all-cavs,fullperception_pcs,grid,utility,utility,none,0,0,,singleton,20,,1;17,1;17,17,"{""17"": 62}","{""1"": 4932, ""17"": 4912}",78592,43.82647385984427,10,40.0,ns3,899,0.5,10,12,28,1,1,[43.82647385984427],[667616],17>1:4,,26,24,
2026_07_15_01_26_56,000082,2,all-cavs,fullperception_pcs,grid,utility,utility,none,0,0,,singleton,20,,2;4,2;4,4,"{""4"": 50}","{""2"": 4863, ""4"": 4816}",77056,43.82647385984427,10,40.0,ns3,899,0.5,10,12,28,1,1,[43.82647385984427],[667616],4>2:1,,30,39,
2026_07_15_01_26_56,000082,3,all-cavs,fullperception_pcs,grid,utility,utility,none,0,0,,singleton,20,,3;10,3;10,10,"{""10"": 59}","{""3"": 4948, ""10"": 4925}",78800,43.82647385984427,10,40.0,ns3,899,0.5,10,12,28,1,1,[43.82647385984427],[667616],10>3:5,,30,30,
2026_07_15_01_26_56,000082,4,all-cavs,fullperception_pcs,grid,utility,utility,none,0,0,,singleton,20,,2;4,4,,{},"{""4"": 4841}",0,43.82647385984427,10,40.0,ns3,899,0.5,10,12,28,1,1,[43.82647385984427],[667616],,,12,26,
2026_07_15_01_26_56,000082,5,all-cavs,fullperception_pcs,grid,utility,utility,none,0,0,,singleton,20,,5,5,,{},"{""5"": 4913}",0,43.82647385984427,10,40.0,ns3,899,0.5,10,12,28,1,1,[43.82647385984427],[667616],,,13,14,
2026_07_15_01_26_56,000082,6,all-cavs,fullperception_pcs,grid,utility,utility,none,0,0,,singleton,20,,6;9,6,,{},"{""6"": 4653}",0,43.82647385984427,10,40.0,ns3,899,0.5,10,12,28,1,1,[43.82647385984427],[667616],,,11,15,
2026_07_15_01_26_56,000082,7,all-cavs,fullperception_pcs,grid,utility,utility,none,0,0,,singleton,20,,7;18,7,,{},"{""7"": 4912}",0,43.82647385984427,10,40.0,ns3,899,0.5,10,12,28,1,1,[43.82647385984427],[667616],,,10,16,
2026_07_15_01_26_56,000082,8,all-cavs,fullperception_pcs,grid,utility,utility,none,0,0,,singleton,20,,8,8,,{},"{""8"": 4838}",0,43.82647385984427,10,40.0,ns3,899,0.5,10,12,28,1,1,[43.82647385984427],[667616],,,13,23,
2026_07_15_01_26_56,000082,9,all-cavs,fullperception_pcs,grid,utility,utility,none,0,0,,singleton,20,,6;9,9;6,6,"{""6"": 37}","{""6"": 4409, ""9"": 4859}",70544,43.82647385984427,10,40.0,ns3,899,0.5,10,12,28,1,1,[43.82647385984427],[667616],6>9:0,,15,19,
2026_07_15_01_26_56,000082,10,all-cavs,fullperception_pcs,grid,utility,utility,none,0,0,,singleton,20,,3;10,10,,{},"{""10"": 4925}",0,43.82647385984427,10,40.0,ns3,899,0.5,10,12,28,1,1,[43.82647385984427],[667616],,,16,26,
2026_07_15_01_26_56,000082,11,all-cavs,fullperception_pcs,grid,utility,utility,none,0,0,,singleton,20,,11;12,11;12,12,"{""12"": 40}","{""11"": 4909, ""12"": 4570}",73120,43.82647385984427,10,40.0,ns3,899,0.5,10,12,28,1,1,[43.82647385984427],[667616],12>11:7,,16,35,
2026_07_15_01_26_56,000082,12,all-cavs,fullperception_pcs,grid,utility,utility,none,0,0,,singleton,20,,11;12,12,,{},"{""12"": 4915}",0,43.82647385984427,10,40.0,ns3,899,0.5,10,12,28,1,1,[43.82647385984427],[667616],,,9,18,
2026_07_15_01_26_56,000082,13,all-cavs,fullperception_pcs,grid,utility,utility,none,0,0,,singleton,20,,13;14,13,,{},"{""13"": 4801}",0,43.82647385984427,10,40.0,ns3,899,0.5,10,12,28,1,1,[43.82647385984427],[667616],,,11,14,
2026_07_15_01_26_56,000082,14,all-cavs,fullperception_pcs,grid,utility,utility,none,0,0,,singleton,20,,13;14,14;13,13,"{""13"": 54}","{""13"": 4791, ""14"": 4993}",76656,43.82647385984427,10,40.0,ns3,899,0.5,10,12,28,1,1,[43.82647385984427],[667616],13>14:3,,4,4,
2026_07_15_01_26_56,000082,15,all-cavs,fullperception_pcs,grid,utility,utility,none,0,0,,singleton,20,,15;20,15;20,20,"{""20"": 18}","{""15"": 4758, ""20"": 3719}",59504,43.82647385984427,10,40.0,ns3,899,0.5,10,12,28,1,1,[43.82647385984427],[667616],20>15:8,,19,23,
2026_07_15_01_26_56,000082,16,all-cavs,fullperception_pcs,grid,utility,utility,none,0,0,,singleton,20,,16;19,16,,{},"{""16"": 4908}",0,43.82647385984427,10,40.0,ns3,899,0.5,10,12,28,1,1,[43.82647385984427],[667616],,,17,22,
2026_07_15_01_26_56,000082,17,all-cavs,fullperception_pcs,grid,utility,utility,none,0,0,,singleton,20,,1;17,17,,{},"{""17"": 4970}",0,43.82647385984427,10,40.0,ns3,899,0.5,10,12,28,1,1,[43.82647385984427],[667616],,,18,13,
2026_07_15_01_26_56,000082,18,all-cavs,fullperception_pcs,grid,utility,utility,none,0,0,,singleton,20,,7;18,18;7,7,"{""7"": 61}","{""7"": 4912, ""18"": 4961}",78592,43.82647385984427,10,40.0,ns3,899,0.5,10,12,28,1,1,[43.82647385984427],[667616],7>18:6,,16,21,
2026_07_15_01_26_56,000082,19,all-cavs,fullperception_pcs,grid,utility,utility,none,0,0,,singleton,20,,16;19,19;16,16,"{""16"": 30}","{""16"": 4672, ""19"": 4822}",74752,43.82647385984427,10,40.0,ns3,899,0.5,10,12,28,1,1,[43.82647385984427],[667616],16>19:2,,19,26,
2026_07_15_01_26_56,000082,20,all-cavs,fullperception_pcs,grid,utility,utility,none,0,0,,singleton,20,,15;20,20,,{},"{""20"": 4906}",0,43.82647385984427,10,40.0,ns3,899,0.5,10,12,28,1,1,[43.82647385984427],[667616],,,21,18,
2026_07_15_01_26_56,000084,1,all-cavs,fullperception_pcs,grid,utility,utility,none,0,0,,singleton,20,,1;3,1;3,3,"{""3"": 64}","{""1"": 4932, ""3"": 4889}",78224,43.7285873192436,10,40.0,ns3,899,0.5,10,12,28,1,1,[43.7285873192436],[660144],3>1:6,,23,22,
2026_07_15_01_26_56,000084,2,all-cavs,fullperception_pcs,grid,utility,utility,none,0,0,,singleton,20,,2;17,2;17,17,"{""17"": 57}","{""2"": 4867, ""17"": 4743}",75888,43.7285873192436,10,40.0,ns3,899,0.5,10,12,28,1,1,[43.7285873192436],[660144],17>2:3,,23,32,
2026_07_15_01_26_56,000084,3,all-cavs,fullperception_pcs,grid,utility,utility,none,0,0,,singleton,20,,1;3,3,,{},"{""3"": 4935}",0,43.7285873192436,10,40.0,ns3,899,0.5,10,12,28,1,1,[43.7285873192436],[660144],,,15,7,
2026_07_15_01_26_56,000084,4,all-cavs,fullperception_pcs,grid,utility,utility,none,0,0,,singleton,20,,4;8,4,,{},"{""4"": 4841}",0,43.7285873192436,10,40.0,ns3,899,0.5,10,12,28,1,1,[43.7285873192436],[660144],,,12,27,
2026_07_15_01_26_56,000084,5,all-cavs,fullperception_pcs,grid,utility,utility,none,0,0,,singleton,20,,5,5,,{},"{""5"": 4932}",0,43.7285873192436,10,40.0,ns3,899,0.5,10,12,28,1,1,[43.7285873192436],[660144],,,8,15,
2026_07_15_01_26_56,000084,6,all-cavs,fullperception_pcs,grid,utility,utility,none,0,0,,singleton,20,,6;9,6,,{},"{""6"": 4670}",0,43.7285873192436,10,40.0,ns3,899,0.5,10,12,28,1,1,[43.7285873192436],[660144],,,11,15,
2026_07_15_01_26_56,000084,7,all-cavs,fullperception_pcs,grid,utility,utility,none,0,0,,singleton,20,,7;18,7,,{},"{""7"": 4915}",0,43.7285873192436,10,40.0,ns3,899,0.5,10,12,28,1,1,[43.7285873192436],[660144],,,14,14,
2026_07_15_01_26_56,000084,8,all-cavs,fullperception_pcs,grid,utility,utility,none,0,0,,singleton,20,,4;8,8;4,4,"{""4"": 36}","{""4"": 4529, ""8"": 4837}",72464,43.7285873192436,10,40.0,ns3,899,0.5,10,12,28,1,1,[43.7285873192436],[660144],4>8:1,,18,33,
2026_07_15_01_26_56,000084,9,all-cavs,fullperception_pcs,grid,utility,utility,none,0,0,,singleton,20,,6;9,9;6,6,"{""6"": 37}","{""6"": 4419, ""9"": 4858}",70704,43.7285873192436,10,40.0,ns3,899,0.5,10,12,28,1,1,[43.7285873192436],[660144],6>9:0,,15,19,
2026_07_15_01_26_56,000084,10,all-cavs,fullperception_pcs,grid,utility,utility,none,0,0,,singleton,20,,10,10,,{},"{""10"": 4914}",0,43.7285873192436,10,40.0,ns3,899,0.5,10,12,28,1,1,[43.7285873192436],[660144],,,19,27,
2026_07_15_01_26_56,000084,11,all-cavs,fullperception_pcs,grid,utility,utility,none,0,0,,singleton,20,,11;12,11;12,12,"{""12"": 40}","{""11"": 4909, ""12"": 4605}",73680,43.7285873192436,10,40.0,ns3,899,0.5,10,12,28,1,1,[43.7285873192436],[660144],12>11:7,,20,31,
2026_07_15_01_26_56,000084,12,all-cavs,fullperception_pcs,grid,utility,utility,none,0,0,,singleton,20,,11;12,12,,{},"{""12"": 4926}",0,43.7285873192436,10,40.0,ns3,899,0.5,10,12,28,1,1,[43.7285873192436],[660144],,,12,14,
2026_07_15_01_26_56,000084,13,all-cavs,fullperception_pcs,grid,utility,utility,none,0,0,,singleton,20,,13;14,13,,{},"{""13"": 4788}",0,43.7285873192436,10,40.0,ns3,899,0.5,10,12,28,1,1,[43.7285873192436],[660144],,,11,14,
2026_07_15_01_26_56,000084,14,all-cavs,fullperception_pcs,grid,utility,utility,none,0,0,,singleton,20,,13;14,14;13,13,"{""13"": 53}","{""13"": 4778, ""14"": 4994}",76448,43.7285873192436,10,40.0,ns3,899,0.5,10,12,28,1,1,[43.7285873192436],[660144],13>14:4,,6,4,
2026_07_15_01_26_56,000084,15,all-cavs,fullperception_pcs,grid,utility,utility,none,0,0,,singleton,20,,15;20,15;20,20,"{""20"": 18}","{""15"": 4766, ""20"": 3720}",59520,43.7285873192436,10,40.0,ns3,899,0.5,10,12,28,1,1,[43.7285873192436],[660144],20>15:8,,19,23,
2026_07_15_01_26_56,000084,16,all-cavs,fullperception_pcs,grid,utility,utility,none,0,0,,singleton,20,,16;19,16,,{},"{""16"": 4906}",0,43.7285873192436,10,40.0,ns3,899,0.5,10,12,28,1,1,[43.7285873192436],[660144],,,16,21,
2026_07_15_01_26_56,000084,17,all-cavs,fullperception_pcs,grid,utility,utility,none,0,0,,singleton,20,,2;17,17,,{},"{""17"": 4976}",0,43.7285873192436,10,40.0,ns3,899,0.5,10,12,28,1,1,[43.7285873192436],[660144],,,18,11,
2026_07_15_01_26_56,000084,18,all-cavs,fullperception_pcs,grid,utility,utility,none,0,0,,singleton,20,,7;18,18;7,7,"{""7"": 62}","{""7"": 4914, ""18"": 4972}",78624,43.7285873192436,10,40.0,ns3,899,0.5,10,12,28,1,1,[43.7285873192436],[660144],7>18:5,,18,21,
2026_07_15_01_26_56,000084,19,all-cavs,fullperception_pcs,grid,utility,utility,none,0,0,,singleton,20,,16;19,19;16,16,"{""16"": 30}","{""16"": 4662, ""19"": 4822}",74592,43.7285873192436,10,40.0,ns3,899,0.5,10,12,28,1,1,[43.7285873192436],[660144],16>19:2,,19,27,
2026_07_15_01_26_56,000084,20,all-cavs,fullperception_pcs,grid,utility,utility,none,0,0,,singleton,20,,15;20,20,,{},"{""20"": 4904}",0,43.7285873192436,10,40.0,ns3,899,0.5,10,12,28,1,1,[43.7285873192436],[660144],,,19,18,
2026_07_15_01_26_56,000086,1,all-cavs,fullperception_pcs,grid,utility,utility,none,0,0,,singleton,20,,1;3,1;3,3,"{""3"": 62}","{""1"": 4932, ""3"": 4900}",78400,43.83537263626251,10,40.0,ns3,899,0.5,10,12,28,1,1,[43.83537263626251],[664112],3>1:6,,25,22,
2026_07_15_01_26_56,000086,2,all-cavs,fullperception_pcs,grid,utility,utility,none,0,0,,singleton,20,,2;17,2;17,17,"{""17"": 57}","{""2"": 4863, ""17"": 4746}",75936,43.83537263626251,10,40.0,ns3,899,0.5,10,12,28,1,1,[43.83537263626251],[664112],17>2:4,,23,33,
2026_07_15_01_26_56,000086,3,all-cavs,fullperception_pcs,grid,utility,utility,none,0,0,,singleton,20,,1;3,3,,{},"{""3"": 4939}",0,43.83537263626251,10,40.0,ns3,899,0.5,10,12,28,1,1,[43.83537263626251],[664112],,,16,7,
2026_07_15_01_26_56,000086,4,all-cavs,fullperception_pcs,grid,utility,utility,none,0,0,,singleton,20,,4;16,4,,{},"{""4"": 4844}",0,43.83537263626251,10,40.0,ns3,899,0.5,10,12,28,1,1,[43.83537263626251],[664112],,,12,26,
2026_07_15_01_26_56,000086,5,all-cavs,fullperception_pcs,grid,utility,utility,none,0,0,,singleton,20,,5;13,5;13,13,"{""13"": 43}","{""5"": 4915, ""13"": 4603}",73648,43.83537263626251,10,40.0,ns3,899,0.5,10,12,28,1,1,[43.83537263626251],[664112],13>5:1,,12,24,
2026_07_15_01_26_56,000086,6,all-cavs,fullperception_pcs,grid,utility,utility,none,0,0,,singleton,20,,6;9,6,,{},"{""6"": 4676}",0,43.83537263626251,10,40.0,ns3,899,0.5,10,12,28,1,1,[43.83537263626251],[664112],,,10,15,
2026_07_15_01_26_56,000086,7,all-cavs,fullperception_pcs,grid,utility,utility,none,0,0,,singleton,20,,7;18,7,,{},"{""7"": 4928}",0,43.83537263626251,10,40.0,ns3,899,0.5,10,12,28,1,1,[43.83537263626251],[664112],,,11,16,
2026_07_15_01_26_56,000086,8,all-cavs,fullperception_pcs,grid,utility,utility,none,0,0,,singleton,20,,8,8,,{},"{""8"": 4837}",0,43.83537263626251,10,40.0,ns3,899,0.5,10,12,28,1,1,[43.83537263626251],[664112],,,12,23,
2026_07_15_01_26_56,000086,9,all-cavs,fullperception_pcs,grid,utility,utility,none,0,0,,singleton,20,,6;9,9;6,6,"{""6"": 35}","{""6"": 4415, ""9"": 4858}",70640,43.83537263626251,10,40.0,ns3,899,0.5,10,12,28,1,1,[43.83537263626251],[664112],6>9:0,,16,19,
2026_07_15_01_26_56,000086,10,all-cavs,fullperception_pcs,grid,utility,utility,none,0,0,,singleton,20,,10,10,,{},"{""10"": 4926}",0,43.83537263626251,10,40.0,ns3,899,0.5,10,12,28,1,1,[43.83537263626251],[664112],,,16,27,
2026_07_15_01_26_56,000086,11,all-cavs,fullperception_pcs,grid,utility,utility,none,0,0,,singleton,20,,11;12,11;12,12,"{""12"": 41}","{""11"": 4910, ""12"": 4635}",74160,43.83537263626251,10,40.0,ns3,899,0.5,10,12,28,1,1,[43.83537263626251],[664112],12>11:7,,22,31,
2026_07_15_01_26_56,000086,12,all-cavs,fullperception_pcs,grid,utility,utility,none,0,0,,singleton,20,,11;12,12,,{},"{""12"": 4938}",0,43.83537263626251,10,40.0,ns3,899,0.5,10,12,28,1,1,[43.83537263626251],[664112],,,10,15,
2026_07_15_01_26_56,000086,13,all-cavs,fullperception_pcs,grid,utility,utility,none,0,0,,singleton,20,,5;13,13,,{},"{""13"": 4773}",0,43.83537263626251,10,40.0,ns3,899,0.5,10,12,28,1,1,[43.83537263626251],[664112],,,11,14,
2026_07_15_01_26_56,000086,14,all-cavs,fullperception_pcs,grid,utility,utility,none,0,0,,singleton,20,,14;19,14;19,19,"{""19"": 51}","{""14"": 5015, ""19"": 4741}",75856,43.83537263626251,10,40.0,ns3,899,0.5,10,12,28,1,1,[43.83537263626251],[664112],19>14:2,,3,5,
2026_07_15_01_26_56,000086,15,all-cavs,fullperception_pcs,grid,utility,utility,none,0,0,,singleton,20,,15;20,15;20,20,"{""20"": 18}","{""15"": 4762, ""20"": 3723}",59568,43.83537263626251,10,40.0,ns3,899,0.5,10,12,28,1,1,[43.83537263626251],[664112],20>15:8,,17,24,
2026_07_15_01_26_56,000086,16,all-cavs,fullperception_pcs,grid,utility,utility,none,0,0,,singleton,20,,4;16,16;4,4,"{""4"": 51}","{""4"": 4818, ""16"": 4917}",77088,43.83537263626251,10,40.0,ns3,899,0.5,10,12,28,1,1,[43.83537263626251],[664112],4>16:3,,22,39,
2026_07_15_01_26_56,000086,17,all-cavs,fullperception_pcs,grid,utility,utility,none,0,0,,singleton,20,,2;17,17,,{},"{""17"": 4971}",0,43.83537263626251,10,40.0,ns3,899,0.5,10,12,28,1,1,[43.83537263626251],[664112],,,18,11,
2026_07_15_01_26_56,000086,18,all-cavs,fullperception_pcs,grid,utility,utility,none,0,0,,singleton,20,,7;18,18;7,7,"{""7"": 61}","{""7"": 4926, ""18"": 4982}",78816,43.83537263626251,10,40.0,ns3,899,0.5,10,12,28,1,1,[43.83537263626251],[664112],7>18:5,,17,21,
2026_07_15_01_26_56,000086,19,all-cavs,fullperception_pcs,grid,utility,utility,none,0,0,,singleton,20,,14;19,19,,{},"{""19"": 4822}",0,43.83537263626251,10,40.0,ns3,899,0.5,10,12,28,1,1,[43.83537263626251],[664112],,,10,14,
2026_07_15_01_26_56,000086,20,all-cavs,fullperception_pcs,grid,utility,utility,none,0,0,,singleton,20,,15;20,20,,{},"{""20"": 4905}",0,43.83537263626251,10,40.0,ns3,899,0.5,10,12,28,1,1,[43.83537263626251],[664112],,,20,18,
2026_07_15_01_26_56,000088,1,all-cavs,fullperception_pcs,grid,utility,utility,none,0,0,,singleton,20,,1;17,1;17,17,"{""17"": 64}","{""1"": 4930, ""17"": 4921}",78736,43.844271412680754,10,40.0,ns3,899,0.5,10,12,28,1,1,[43.844271412680754],[590176],17>1:4,,28,24,
2026_07_15_01_26_56,000088,2,all-cavs,fullperception_pcs,grid,utility,utility,none,0,0,,singleton,20,,2;6,2,,{},"{""2"": 4862}",0,43.844271412680754,10,40.0,ns3,899,0.5,10,12,28,1,1,[43.844271412680754],[590176],,,18,25,
2026_07_15_01_26_56,000088,3,all-cavs,fullperception_pcs,grid,utility,utility,none,0,0,,singleton,20,,3;19,3;19,19,"{""19"": 62}","{""3"": 4952, ""19"": 4823}",77168,43.844271412680754,10,40.0,ns3,899,0.5,10,12,28,1,1,[43.844271412680754],[590176],19>3:3,,15,15,
2026_07_15_01_26_56,000088,4,all-cavs,fullperception_pcs,grid,utility,utility,none,0,0,,singleton,20,,4;16,4,,{},"{""4"": 4844}",0,43.844271412680754,10,40.0,ns3,899,0.5,10,12,28,1,1,[43.844271412680754],[590176],,,12,26,
2026_07_15_01_26_56,000088,5,all-cavs,fullperception_pcs,grid,utility,utility,none,0,0,,singleton,20,,5,5,,{},"{""5"": 4933}",0,43.844271412680754,10,40.0,ns3,899,0.5,10,12,28,1,1,[43.844271412680754],[590176],,,9,15,
2026_07_15_01_26_56,000088,6,all-cavs,fullperception_pcs,grid,utility,utility,none,0,0,,singleton,20,,2;6,6;2,2,"{""2"": 34}","{""2"": 4299, ""6"": 4643}",68784,43.844271412680754,10,40.0,ns3,899,0.5,10,12,28,1,1,[43.844271412680754],[590176],2>6:0,,28,32,
2026_07_15_01_26_56,000088,7,all-cavs,fullperception_pcs,grid,utility,utility,none,0,0,,singleton,20,,7;18,7,,{},"{""7"": 4929}",0,43.844271412680754,10,40.0,ns3,899,0.5,10,12,28,1,1,[43.844271412680754],[590176],,,12,16,
2026_07_15_01_26_56,000088,8,all-cavs,fullperception_pcs,grid,utility,utility,none,0,0,,singleton,20,,8,8,,{},"{""8"": 4838}",0,43.844271412680754,10,40.0,ns3,899,0.5,10,12,28,1,1,[43.844271412680754],[590176],,,15,23,
2026_07_15_01_26_56,000088,9,all-cavs,fullperception_pcs,grid,utility,utility,none,0,0,,singleton,20,,9,9,,{},"{""9"": 4856}",0,43.844271412680754,10,40.0,ns3,899,0.5,10,12,28,1,1,[43.844271412680754],[590176],,,15,19,
2026_07_15_01_26_56,000088,10,all-cavs,fullperception_pcs,grid,utility,utility,none,0,0,,singleton,20,,10,10,,{},"{""10"": 4929}",0,43.844271412680754,10,40.0,ns3,899,0.5,10,12,28,1,1,[43.844271412680754],[590176],,,17,26,
2026_07_15_01_26_56,000088,11,all-cavs,fullperception_pcs,grid,utility,utility,none,0,0,,singleton,20,,11;12,11;12,12,"{""12"": 41}","{""11"": 4912, ""12"": 4665}",74640,43.844271412680754,10,40.0,ns3,899,0.5,10,12,28,1,1,[43.844271412680754],[590176],12>11:5,,19,33,
2026_07_15_01_26_56,000088,12,all-cavs,fullperception_pcs,grid,utility,utility,none,0,0,,singleton,20,,11;12,12,,{},"{""12"": 4937}",0,43.844271412680754,10,40.0,ns3,899,0.5,10,12,28,1,1,[43.844271412680754],[590176],,,12,14,
2026_07_15_01_26_56,000088,13,all-cavs,fullperception_pcs,grid,utility,utility,none,0,0,,singleton,20,,13;14,13,,{},"{""13"": 4764}",0,43.844271412680754,10,40.0,ns3,899,0.5,10,12,28,1,1,[43.844271412680754],[590176],,,10,14,
2026_07_15_01_26_56,000088,14,all-cavs,fullperception_pcs,grid,utility,utility,none,0,0,,singleton,20,,13;14,14;13,13,"{""13"": 52}","{""13"": 4709, ""14"": 4998}",75344,43.844271412680754,10,40.0,ns3,899,0.5,10,12,28,1,1,[43.844271412680754],[590176],13>14:2,,3,4,
2026_07_15_01_26_56,000088,15,all-cavs,fullperception_pcs,grid,utility,utility,none,0,0,,singleton,20,,15;20,15;20,20,"{""20"": 19}","{""15"": 4772, ""20"": 3725}",59600,43.844271412680754,10,40.0,ns3,899,0.5,10,12,28,1,1,[43.844271412680754],[590176],20>15:6,,18,25,
2026_07_15_01_26_56,000088,16,all-cavs,fullperception_pcs,grid,utility,utility,none,0,0,,singleton,20,,4;16,16;4,4,"{""4"": 51}","{""4"": 4817, ""16"": 4929}",77072,43.844271412680754,10,40.0,ns3,899,0.5,10,12,28,1,1,[43.844271412680754],[590176],4>16:1,,18,40,
2026_07_15_01_26_56,000088,17,all-cavs,fullperception_pcs,grid,utility,utility,none,0,0,,singleton,20,,1;17,17,,{},"{""17"": 4985}",0,43.844271412680754,10,40.0,ns3,899,0.5,10,12,28,1,1,[43.844271412680754],[590176],,,17,11,
2026_07_15_01_26_56,000088,18,all-cavs,fullperception_pcs,grid,utility,utility,none,0,0,,singleton,20,,7;18,18;7,7,"{""7"": 62}","{""7"": 4927, ""18"": 4954}",78832,43.844271412680754,10,40.0,ns3,899,0.5,10,12,28,1,1,[43.844271412680754],[590176],7>18:0,,21,21,
2026_07_15_01_26_56,000088,19,all-cavs,fullperception_pcs,grid,utility,utility,none,0,0,,singleton,20,,3;19,19,,{},"{""19"": 4823}",0,43.844271412680754,10,40.0,ns3,899,0.5,10,12,28,1,1,[43.844271412680754],[590176],,,9,14,
2026_07_15_01_26_56,000088,20,all-cavs,fullperception_pcs,grid,utility,utility,none,0,0,,singleton,20,,15;20,20,,{},"{""20"": 4903}",0,43.844271412680754,10,40.0,ns3,899,0.5,10,12,28,1,1,[43.844271412680754],[590176],,,19,19,
2026_07_15_01_26_56,000090,1,all-cavs,fullperception_pcs,grid,utility,utility,none,0,0,,singleton,20,,1;3,1;3,3,"{""3"": 65}","{""1"": 4930, ""3"": 4911}",78576,43.844271412680754,10,40.0,ns3,899,0.5,10,12,28,1,1,[43.844271412680754],[661136],3>1:6,,23,22,
2026_07_15_01_26_56,000090,2,all-cavs,fullperception_pcs,grid,utility,utility,none,0,0,,singleton,20,,2;17,2;17,17,"{""17"": 58}","{""2"": 4862, ""17"": 4773}",76368,43.844271412680754,10,40.0,ns3,899,0.5,10,12,28,1,1,[43.844271412680754],[661136],17>2:3,,24,32,
2026_07_15_01_26_56,000090,3,all-cavs,fullperception_pcs,grid,utility,utility,none,0,0,,singleton,20,,1;3,3,,{},"{""3"": 4955}",0,43.844271412680754,10,40.0,ns3,899,0.5,10,12,28,1,1,[43.844271412680754],[661136],,,15,6,
2026_07_15_01_26_56,000090,4,all-cavs,fullperception_pcs,grid,utility,utility,none,0,0,,singleton,20,,4;8,4,,{},"{""4"": 4843}",0,43.844271412680754,10,40.0,ns3,899,0.5,10,12,28,1,1,[43.844271412680754],[661136],,,12,27,
2026_07_15_01_26_56,000090,5,all-cavs,fullperception_pcs,grid,utility,utility,none,0,0,,singleton,20,,5,5,,{},"{""5"": 4919}",0,43.844271412680754,10,40.0,ns3,899,0.5,10,12,28,1,1,[43.844271412680754],[661136],,,4,14,
2026_07_15_01_26_56,000090,6,all-cavs,fullperception_pcs,grid,utility,utility,none,0,0,,singleton,20,,6;9,6,,{},"{""6"": 4653}",0,43.844271412680754,10,40.0,ns3,899,0.5,10,12,28,1,1,[43.844271412680754],[661136],,,11,15,
2026_07_15_01_26_56,000090,7,all-cavs,fullperception_pcs,grid,utility,utility,none,0,0,,singleton,20,,7;18,7,,{},"{""7"": 4928}",0,43.844271412680754,10,40.0,ns3,899,0.5,10,12,28,1,1,[43.844271412680754],[661136],,,12,15,
2026_07_15_01_26_56,000090,8,all-cavs,fullperception_pcs,grid,utility,utility,none,0,0,,singleton,20,,4;8,8;4,4,"{""4"": 35}","{""4"": 4530, ""8"": 4837}",72480,43.844271412680754,10,40.0,ns3,899,0.5,10,12,28,1,1,[43.844271412680754],[661136],4>8:1,,19,32,
2026_07_15_01_26_56,000090,9,all-cavs,fullperception_pcs,grid,utility,utility,none,0,0,,singleton,20,,6;9,9;6,6,"{""6"": 35}","{""6"": 4381, ""9"": 4855}",70096,43.844271412680754,10,40.0,ns3,899,0.5,10,12,28,1,1,[43.844271412680754],[661136],6>9:0,,15,19,
2026_07_15_01_26_56,000090,10,all-cavs,fullperception_pcs,grid,utility,utility,none,0,0,,singleton,20,,10,10,,{},"{""10"": 4929}",0,43.844271412680754,10,40.0,ns3,899,0.5,10,12,28,1,1,[43.844271412680754],[661136],,,18,27,
2026_07_15_01_26_56,000090,11,all-cavs,fullperception_pcs,grid,utility,utility,none,0,0,,singleton,20,,11;12,11;12,12,"{""12"": 43}","{""11"": 4910, ""12"": 4690}",75040,43.844271412680754,10,40.0,ns3,899,0.5,10,12,28,1,1,[43.844271412680754],[661136],12>11:7,,19,31,
2026_07_15_01_26_56,000090,12,all-cavs,fullperception_pcs,grid,utility,utility,none,0,0,,singleton,20,,11;12,12,,{},"{""12"": 4954}",0,43.844271412680754,10,40.0,ns3,899,0.5,10,12,28,1,1,[43.844271412680754],[661136],,,9,14,
2026_07_15_01_26_56,000090,13,all-cavs,fullperception_pcs,grid,utility,utility,none,0,0,,singleton,20,,13;14,13,,{},"{""13"": 4769}",0,43.844271412680754,10,40.0,ns3,899,0.5,10,12,28,1,1,[43.844271412680754],[661136],,,10,14,
2026_07_15_01_26_56,000090,14,all-cavs,fullperception_pcs,grid,utility,utility,none,0,0,,singleton,20,,13;14,14;13,13,"{""13"": 52}","{""13"": 4718, ""14"": 4961}",75488,43.844271412680754,10,40.0,ns3,899,0.5,10,12,28,1,1,[43.844271412680754],[661136],13>14:2,,4,4,
2026_07_15_01_26_56,000090,15,all-cavs,fullperception_pcs,grid,utility,utility,none,0,0,,singleton,20,,15;20,15;20,20,"{""20"": 19}","{""15"": 4768, ""20"": 3729}",59664,43.844271412680754,10,40.0,ns3,899,0.5,10,12,28,1,1,[43.844271412680754],[661136],20>15:8,,19,25,
2026_07_15_01_26_56,000090,16,all-cavs,fullperception_pcs,grid,utility,utility,none,0,0,,singleton,20,,16;19,16,,{},"{""16"": 4936}",0,43.844271412680754,10,40.0,ns3,899,0.5,10,12,28,1,1,[43.844271412680754],[661136],,,18,23,
2026_07_15_01_26_56,000090,17,all-cavs,fullperception_pcs,grid,utility,utility,none,0,0,,singleton,20,,2;17,17,,{},"{""17"": 5007}",0,43.844271412680754,10,40.0,ns3,899,0.5,10,12,28,1,1,[43.844271412680754],[661136],,,16,11,
2026_07_15_01_26_56,000090,18,all-cavs,fullperception_pcs,grid,utility,utility,none,0,0,,singleton,20,,7;18,18;7,7,"{""7"": 62}","{""7"": 4927, ""18"": 4954}",78832,43.844271412680754,10,40.0,ns3,899,0.5,10,12,28,1,1,[43.844271412680754],[661136],7>18:5,,21,21,
2026_07_15_01_26_56,000090,19,all-cavs,fullperception_pcs,grid,utility,utility,none,0,0,,singleton,20,,16;19,19;16,16,"{""16"": 32}","{""16"": 4662, ""19"": 4824}",74592,43.844271412680754,10,40.0,ns3,899,0.5,10,12,28,1,1,[43.844271412680754],[661136],16>19:4,,18,26,
2026_07_15_01_26_56,000090,20,all-cavs,fullperception_pcs,grid,utility,utility,none,0,0,,singleton,20,,15;20,20,,{},"{""20"": 4905}",0,43.844271412680754,10,40.0,ns3,899,0.5,10,12,28,1,1,[43.844271412680754],[661136],,,20,19,
2026_07_15_01_26_56,000092,1,all-cavs,fullperception_pcs,grid,utility,utility,none,0,0,,singleton,20,,1;3,1;3,3,"{""3"": 65}","{""1"": 4928, ""3"": 4923}",78768,43.80867630700779,10,40.0,ns3,899,0.5,10,12,28,1,1,[43.80867630700779],[661568],3>1:7,,20,22,
2026_07_15_01_26_56,000092,2,all-cavs,fullperception_pcs,grid,utility,utility,none,0,0,,singleton,20,,2;17,2;17,17,"{""17"": 58}","{""2"": 4860, ""17"": 4772}",76352,43.80867630700779,10,40.0,ns3,899,0.5,10,12,28,1,1,[43.80867630700779],[661568],17>2:5,,23,32,
2026_07_15_01_26_56,000092,3,all-cavs,fullperception_pcs,grid,utility,utility,none,0,0,,singleton,20,,1;3,3,,{},"{""3"": 4961}",0,43.80867630700779,10,40.0,ns3,899,0.5,10,12,28,1,1,[43.80867630700779],[661568],,,15,6,
2026_07_15_01_26_56,000092,4,all-cavs,fullperception_pcs,grid,utility,utility,none,0,0,,singleton,20,,4;8,4,,{},"{""4"": 4846}",0,43.80867630700779,10,40.0,ns3,899,0.5,10,12,28,1,1,[43.80867630700779],[661568],,,11,27,
2026_07_15_01_26_56,000092,5,all-cavs,fullperception_pcs,grid,utility,utility,none,0,0,,singleton,20,,5,5,,{},"{""5"": 4934}",0,43.80867630700779,10,40.0,ns3,899,0.5,10,12,28,1,1,[43.80867630700779],[661568],,,6,14,
2026_07_15_01_26_56,000092,6,all-cavs,fullperception_pcs,grid,utility,utility,none,0,0,,singleton,20,,6;9,6,,{},"{""6"": 4665}",0,43.80867630700779,10,40.0,ns3,899,0.5,10,12,28,1,1,[43.80867630700779],[661568],,,11,15,
2026_07_15_01_26_56,000092,7,all-cavs,fullperception_pcs,grid,utility,utility,none,0,0,,singleton,20,,7;18,7,,{},"{""7"": 4924}",0,43.80867630700779,10,40.0,ns3,899,0.5,10,12,28,1,1,[43.80867630700779],[661568],,,13,14,
2026_07_15_01_26_56,000092,8,all-cavs,fullperception_pcs,grid,utility,utility,none,0,0,,singleton,20,,4;8,8;4,4,"{""4"": 36}","{""4"": 4532, ""8"": 4838}",72512,43.80867630700779,10,40.0,ns3,899,0.5,10,12,28,1,1,[43.80867630700779],[661568],4>8:1,,19,32,
2026_07_15_01_26_56,000092,9,all-cavs,fullperception_pcs,grid,utility,utility,none,0,0,,singleton,20,,6;9,9;6,6,"{""6"": 34}","{""6"": 4392, ""9"": 4855}",70272,43.80867630700779,10,40.0,ns3,899,0.5,10,12,28,1,1,[43.80867630700779],[661568],6>9:0,,16,19,
2026_07_15_01_26_56,000092,10,all-cavs,fullperception_pcs,grid,utility,utility,none,0,0,,singleton,20,,10,10,,{},"{""10"": 4929}",0,43.80867630700779,10,40.0,ns3,899,0.5,10,12,28,1,1,[43.80867630700779],[661568],,,18,27,
2026_07_15_01_26_56,000092,11,all-cavs,fullperception_pcs,grid,utility,utility,none,0,0,,singleton,20,,11;12,11;12,12,"{""12"": 42}","{""11"": 4908, ""12"": 4700}",75200,43.80867630700779,10,40.0,ns3,899,0.5,10,12,28,1,1,[43.80867630700779],[661568],12>11:8,,16,30,
2026_07_15_01_26_56,000092,12,all-cavs,fullperception_pcs,grid,utility,utility,none,0,0,,singleton,20,,11;12,12,,{},"{""12"": 4963}",0,43.80867630700779,10,40.0,ns3,899,0.5,10,12,28,1,1,[43.80867630700779],[661568],,,8,12,
2026_07_15_01_26_56,000092,13,all-cavs,fullperception_pcs,grid,utility,utility,none,0,0,,singleton,20,,13;14,13,,{},"{""13"": 4781}",0,43.80867630700779,10,40.0,ns3,899,0.5,10,12,28,1,1,[43.80867630700779],[661568],,,10,14,
2026_07_15_01_26_56,000092,14,all-cavs,fullperception_pcs,grid,utility,utility,none,0,0,,singleton,20,,13;14,14;13,13,"{""13"": 52}","{""13"": 4731, ""14"": 4963}",75696,43.80867630700779,10,40.0,ns3,899,0.5,10,12,28,1,1,[43.80867630700779],[661568],13>14:3,,6,4,
2026_07_15_01_26_56,000092,15,all-cavs,fullperception_pcs,grid,utility,utility,none,0,0,,singleton,20,,15;20,15;20,20,"{""20"": 19}","{""15"": 4770, ""20"": 3733}",59728,43.80867630700779,10,40.0,ns3,899,0.5,10,12,28,1,1,[43.80867630700779],[661568],20>15:2,,22,25,
2026_07_15_01_26_56,000092,16,all-cavs,fullperception_pcs,grid,utility,utility,none,0,0,,singleton,20,,16;19,16,,{},"{""16"": 4936}",0,43.80867630700779,10,40.0,ns3,899,0.5,10,12,28,1,1,[43.80867630700779],[661568],,,16,22,
2026_07_15_01_26_56,000092,17,all-cavs,fullperception_pcs,grid,utility,utility,none,0,0,,singleton,20,,2;17,17,,{},"{""17"": 5000}",0,43.80867630700779,10,40.0,ns3,899,0.5,10,12,28,1,1,[43.80867630700779],[661568],,,17,11,
2026_07_15_01_26_56,000092,18,all-cavs,fullperception_pcs,grid,utility,utility,none,0,0,,singleton,20,,7;18,18;7,7,"{""7"": 61}","{""7"": 4923, ""18"": 4954}",78768,43.80867630700779,10,40.0,ns3,899,0.5,10,12,28,1,1,[43.80867630700779],[661568],7>18:6,,22,20,
2026_07_15_01_26_56,000092,19,all-cavs,fullperception_pcs,grid,utility,utility,none,0,0,,singleton,20,,16;19,19;16,16,"{""16"": 31}","{""16"": 4642, ""19"": 4823}",74272,43.80867630700779,10,40.0,ns3,899,0.5,10,12,28,1,1,[43.80867630700779],[661568],16>19:4,,18,25,
2026_07_15_01_26_56,000092,20,all-cavs,fullperception_pcs,grid,utility,utility,none,0,0,,singleton,20,,15;20,20,,{},"{""20"": 4905}",0,43.80867630700779,10,40.0,ns3,899,0.5,10,12,28,1,1,[43.80867630700779],[661568],,,20,19,
2026_07_15_01_26_56,000094,1,all-cavs,fullperception_pcs,grid,utility,utility,none,0,0,,singleton,20,,1;3,1;3,3,"{""3"": 67}","{""1"": 4929, ""3"": 4927}",78832,43.844271412680754,10,40.0,ns3,899,0.5,10,12,28,1,1,[43.844271412680754],[664960],3>1:7,,25,23,
2026_07_15_01_26_56,000094,2,all-cavs,fullperception_pcs,grid,utility,utility,none,0,0,,singleton,20,,2;17,2;17,17,"{""17"": 58}","{""2"": 4864, ""17"": 4757}",76112,43.844271412680754,10,40.0,ns3,899,0.5,10,12,28,1,1,[43.844271412680754],[664960],17>2:5,,24,33,
2026_07_15_01_26_56,000094,3,all-cavs,fullperception_pcs,grid,utility,utility,none,0,0,,singleton,20,,1;3,3,,{},"{""3"": 4964}",0,43.844271412680754,10,40.0,ns3,899,0.5,10,12,28,1,1,[43.844271412680754],[664960],,,14,7,
2026_07_15_01_26_56,000094,4,all-cavs,fullperception_pcs,grid,utility,utility,none,0,0,,singleton,20,,4;16,4,,{},"{""4"": 4848}",0,43.844271412680754,10,40.0,ns3,899,0.5,10,12,28,1,1,[43.844271412680754],[664960],,,12,27,
2026_07_15_01_26_56,000094,5,all-cavs,fullperception_pcs,grid,utility,utility,none,0,0,,singleton,20,,5;15,5,,{},"{""5"": 4943}",0,43.844271412680754,10,40.0,ns3,899,0.5,10,12,28,1,1,[43.844271412680754],[664960],,,3,14,
2026_07_15_01_26_56,000094,6,all-cavs,fullperception_pcs,grid,utility,utility,none,0,0,,singleton,20,,6;9,6,,{},"{""6"": 4670}",0,43.844271412680754,10,40.0,ns3,899,0.5,10,12,28,1,1,[43.844271412680754],[664960],,,10,15,
2026_07_15_01_26_56,000094,7,all-cavs,fullperception_pcs,grid,utility,utility,none,0,0,,singleton,20,,7;18,7,,{},"{""7"": 4922}",0,43.844271412680754,10,40.0,ns3,899,0.5,10,12,28,1,1,[43.844271412680754],[664960],,,13,14,
2026_07_15_01_26_56,000094,8,all-cavs,fullperception_pcs,grid,utility,utility,none,0,0,,singleton,20,,8,8,,{},"{""8"": 4839}",0,43.844271412680754,10,40.0,ns3,899,0.5,10,12,28,1,1,[43.844271412680754],[664960],,,12,21,
2026_07_15_01_26_56,000094,9,all-cavs,fullperception_pcs,grid,utility,utility,none,0,0,,singleton,20,,6;9,9;6,6,"{""6"": 35}","{""6"": 4401, ""9"": 4854}",70416,43.844271412680754,10,40.0,ns3,899,0.5,10,12,28,1,1,[43.844271412680754],[664960],6>9:0,,15,19,
2026_07_15_01_26_56,000094,10,all-cavs,fullperception_pcs,grid,utility,utility,none,0,0,,singleton,20,,10,10,,{},"{""10"": 4929}",0,43.844271412680754,10,40.0,ns3,899,0.5,10,12,28,1,1,[43.844271412680754],[664960],,,18,27,
2026_07_15_01_26_56,000094,11,all-cavs,fullperception_pcs,grid,utility,utility,none,0,0,,singleton,20,,11;12,11;12,12,"{""12"": 42}","{""11"": 4907, ""12"": 4726}",75616,43.844271412680754,10,40.0,ns3,899,0.5,10,12,28,1,1,[43.844271412680754],[664960],12>11:8,,16,31,
2026_07_15_01_26_56,000094,12,all-cavs,fullperception_pcs,grid,utility,utility,none,0,0,,singleton,20,,11;12,12,,{},"{""12"": 4976}",0,43.844271412680754,10,40.0,ns3,899,0.5,10,12,28,1,1,[43.844271412680754],[664960],,,10,15,
2026_07_15_01_26_56,000094,13,all-cavs,fullperception_pcs,grid,utility,utility,none,0,0,,singleton,20,,13;14,13,,{},"{""13"": 4805}",0,43.844271412680754,10,40.0,ns3,899,0.5,10,12,28,1,1,[43.844271412680754],[664960],,,10,14,
2026_07_15_01_26_56,000094,14,all-cavs,fullperception_pcs,grid,utility,utility,none,0,0,,singleton,20,,13;14,14;13,13,"{""13"": 48}","{""13"": 4712, ""14"": 4947}",75392,43.844271412680754,10,40.0,ns3,899,0.5,10,12,28,1,1,[43.844271412680754],[664960],13>14:2,,5,4,
2026_07_15_01_26_56,000094,15,all-cavs,fullperception_pcs,grid,utility,utility,none,0,0,,singleton,20,,5;15,15;5,5,"{""5"": 18}","{""5"": 3870, ""15"": 4772}",61920,43.844271412680754,10,40.0,ns3,899,0.5,10,12,28,1,1,[43.844271412680754],[664960],5>15:1,,16,12,
2026_07_15_01_26_56,000094,16,all-cavs,fullperception_pcs,grid,utility,utility,none,0,0,,singleton,20,,4;16,16;4,4,"{""4"": 51}","{""4"": 4821, ""16"": 4936}",77136,43.844271412680754,10,40.0,ns3,899,0.5,10,12,28,1,1,[43.844271412680754],[664960],4>16:3,,23,40,
2026_07_15_01_26_56,000094,17,all-cavs,fullperception_pcs,grid,utility,utility,none,0,0,,singleton,20,,2;17,17,,{},"{""17"": 4995}",0,43.844271412680754,10,40.0,ns3,899,0.5,10,12,28,1,1,[43.844271412680754],[664960],,,16,12,
2026_07_15_01_26_56,000094,18,all-cavs,fullperception_pcs,grid,utility,utility,none,0,0,,singleton,20,,7;18,18;7,7,"{""7"": 60}","{""7"": 4921, ""18"": 4954}",78736,43.844271412680754,10,40.0,ns3,899,0.5,10,12,28,1,1,[43.844271412680754],[664960],7>18:6,,25,20,
2026_07_15_01_26_56,000094,19,all-cavs,fullperception_pcs,grid,utility,utility,none,0,0,,singleton,20,,19;20,19;20,20,"{""20"": 31}","{""19"": 4823, ""20"": 4425}",70800,43.844271412680754,10,40.0,ns3,899,0.5,10,12,28,1,1,[43.844271412680754],[664960],20>19:4,,20,29,
2026_07_15_01_26_56,000094,20,all-cavs,fullperception_pcs,grid,utility,utility,none,0,0,,singleton,20,,19;20,20,,{},"{""20"": 4905}",0,43.844271412680754,10,40.0,ns3,899,0.5,10,12,28,1,1,[43.844271412680754],[664960],,,19,19,
2026_07_15_01_26_56,000096,1,all-cavs,fullperception_pcs,grid,utility,utility,none,0,0,,singleton,20,,1;3,1;3,3,"{""3"": 65}","{""1"": 4928, ""3"": 4937}",78992,43.93325917686318,10,40.0,ns3,899,0.5,10,12,28,1,1,[43.93325917686318],[664064],3>1:7,,23,23,
2026_07_15_01_26_56,000096,2,all-cavs,fullperception_pcs,grid,utility,utility,none,0,0,,singleton,20,,2;17,2;17,17,"{""17"": 58}","{""2"": 4866, ""17"": 4757}",76112,43.93325917686318,10,40.0,ns3,899,0.5,10,12,28,1,1,[43.93325917686318],[664064],17>2:5,,22,33,
2026_07_15_01_26_56,000096,3,all-cavs,fullperception_pcs,grid,utility,utility,none,0,0,,singleton,20,,1;3,3,,{},"{""3"": 4970}",0,43.93325917686318,10,40.0,ns3,899,0.5,10,12,28,1,1,[43.93325917686318],[664064],,,13,7,
2026_07_15_01_26_56,000096,4,all-cavs,fullperception_pcs,grid,utility,utility,none,0,0,,singleton,20,,4;16,4,,{},"{""4"": 4848}",0,43.93325917686318,10,40.0,ns3,899,0.5,10,12,28,1,1,[43.93325917686318],[664064],,,13,26,
2026_07_15_01_26_56,000096,5,all-cavs,fullperception_pcs,grid,utility,utility,none,0,0,,singleton,20,,5;15,5,,{},"{""5"": 4933}",0,43.93325917686318,10,40.0,ns3,899,0.5,10,12,28,1,1,[43.93325917686318],[664064],,,6,15,
2026_07_15_01_26_56,000096,6,all-cavs,fullperception_pcs,grid,utility,utility,none,0,0,,singleton,20,,6;9,6,,{},"{""6"": 4667}",0,43.93325917686318,10,40.0,ns3,899,0.5,10,12,28,1,1,[43.93325917686318],[664064],,,12,15,
2026_07_15_01_26_56,000096,7,all-cavs,fullperception_pcs,grid,utility,utility,none,0,0,,singleton,20,,7;18,7,,{},"{""7"": 4921}",0,43.93325917686318,10,40.0,ns3,899,0.5,10,12,28,1,1,[43.93325917686318],[664064],,,14,12,
2026_07_15_01_26_56,000096,8,all-cavs,fullperception_pcs,grid,utility,utility,none,0,0,,singleton,20,,8,8,,{},"{""8"": 4839}",0,43.93325917686318,10,40.0,ns3,899,0.5,10,12,28,1,1,[43.93325917686318],[664064],,,11,21,
2026_07_15_01_26_56,000096,9,all-cavs,fullperception_pcs,grid,utility,utility,none,0,0,,singleton,20,,6;9,9;6,6,"{""6"": 35}","{""6"": 4386, ""9"": 4853}",70176,43.93325917686318,10,40.0,ns3,899,0.5,10,12,28,1,1,[43.93325917686318],[664064],6>9:0,,14,19,
2026_07_15_01_26_56,000096,10,all-cavs,fullperception_pcs,grid,utility,utility,none,0,0,,singleton,20,,10,10,,{},"{""10"": 4930}",0,43.93325917686318,10,40.0,ns3,899,0.5,10,12,28,1,1,[43.93325917686318],[664064],,,17,26,
2026_07_15_01_26_56,000096,11,all-cavs,fullperception_pcs,grid,utility,utility,none,0,0,,singleton,20,,11;12,11;12,12,"{""12"": 43}","{""11"": 4909, ""12"": 4748}",75968,43.93325917686318,10,40.0,ns3,899,0.5,10,12,28,1,1,[43.93325917686318],[664064],12>11:8,,15,28,
2026_07_15_01_26_56,000096,12,all-cavs,fullperception_pcs,grid,utility,utility,none,0,0,,singleton,20,,11;12,12,,{},"{""12"": 4975}",0,43.93325917686318,10,40.0,ns3,899,0.5,10,12,28,1,1,[43.93325917686318],[664064],,,11,14,
2026_07_15_01_26_56,000096,13,all-cavs,fullperception_pcs,grid,utility,utility,none,0,0,,singleton,20,,13;14,13,,{},"{""13"": 4751}",0,43.93325917686318,10,40.0,ns3,899,0.5,10,12,28,1,1,[43.93325917686318],[664064],,,8,14,
2026_07_15_01_26_56,000096,14,all-cavs,fullperception_pcs,grid,utility,utility,none,0,0,,singleton,20,,13;14,14;13,13,"{""13"": 49}","{""13"": 4660, ""14"": 4923}",74560,43.93325917686318,10,40.0,ns3,899,0.5,10,12,28,1,1,[43.93325917686318],[664064],13>14:1,,4,4,
2026_07_15_01_26_56,000096,15,all-cavs,fullperception_pcs,grid,utility,utility,none,0,0,,singleton,20,,5;15,15;5,5,"{""5"": 19}","{""5"": 3854, ""15"": 4777}",61664,43.93325917686318,10,40.0,ns3,899,0.5,10,12,28,1,1,[43.93325917686318],[664064],5>15:2,,16,12,
2026_07_15_01_26_56,000096,16,all-cavs,fullperception_pcs,grid,utility,utility,none,0,0,,singleton,20,,4;16,16;4,4,"{""4"": 51}","{""4"": 4821, ""16"": 4944}",77136,43.93325917686318,10,40.0,ns3,899,0.5,10,12,28,1,1,[43.93325917686318],[664064],4>16:3,,22,40,
2026_07_15_01_26_56,000096,17,all-cavs,fullperception_pcs,grid,utility,utility,none,0,0,,singleton,20,,2;17,17,,{},"{""17"": 4995}",0,43.93325917686318,10,40.0,ns3,899,0.5,10,12,28,1,1,[43.93325917686318],[664064],,,17,12,
2026_07_15_01_26_56,000096,18,all-cavs,fullperception_pcs,grid,utility,utility,none,0,0,,singleton,20,,7;18,18;7,7,"{""7"": 61}","{""7"": 4920, ""18"": 4942}",78720,43.93325917686318,10,40.0,ns3,899,0.5,10,12,28,1,1,[43.93325917686318],[664064],7>18:6,,24,19,
2026_07_15_01_26_56,000096,19,all-cavs,fullperception_pcs,grid,utility,utility,none,0,0,,singleton,20,,19;20,19;20,20,"{""20"": 31}","{""19"": 4823, ""20"": 4421}",70736,43.93325917686318,10,40.0,ns3,899,0.5,10,12,28,1,1,[43.93325917686318],[664064],20>19:4,,21,29,
2026_07_15_01_26_56,000096,20,all-cavs,fullperception_pcs,grid,utility,utility,none,0,0,,singleton,20,,19;20,20,,{},"{""20"": 4902}",0,43.93325917686318,10,40.0,ns3,899,0.5,10,12,28,1,1,[43.93325917686318],[664064],,,19,19,
2026_07_15_01_26_56,000098,1,all-cavs,fullperception_pcs,grid,utility,utility,none,0,0,,singleton,20,,1;3,1;3,3,"{""3"": 66}","{""1"": 4927, ""3"": 4940}",79040,43.95995550611791,10,40.0,ns3,899,0.5,10,12,28,1,1,[43.95995550611791],[664704],3>1:7,,23,21,
2026_07_15_01_26_56,000098,2,all-cavs,fullperception_pcs,grid,utility,utility,none,0,0,,singleton,20,,2;17,2;17,17,"{""17"": 58}","{""2"": 4855, ""17"": 4737}",75792,43.95995550611791,10,40.0,ns3,899,0.5,10,12,28,1,1,[43.95995550611791],[664704],17>2:5,,21,33,
2026_07_15_01_26_56,000098,3,all-cavs,fullperception_pcs,grid,utility,utility,none,0,0,,singleton,20,,1;3,3,,{},"{""3"": 4974}",0,43.95995550611791,10,40.0,ns3,899,0.5,10,12,28,1,1,[43.95995550611791],[664704],,,14,6,
2026_07_15_01_26_56,000098,4,all-cavs,fullperception_pcs,grid,utility,utility,none,0,0,,singleton,20,,4;16,4,,{},"{""4"": 4850}",0,43.95995550611791,10,40.0,ns3,899,0.5,10,12,28,1,1,[43.95995550611791],[664704],,,10,26,
2026_07_15_01_26_56,000098,5,all-cavs,fullperception_pcs,grid,utility,utility,none,0,0,,singleton,20,,5;15,5,,{},"{""5"": 4929}",0,43.95995550611791,10,40.0,ns3,899,0.5,10,12,28,1,1,[43.95995550611791],[664704],,,8,15,
2026_07_15_01_26_56,000098,6,all-cavs,fullperception_pcs,grid,utility,utility,none,0,0,,singleton,20,,6;9,6,,{},"{""6"": 4670}",0,43.95995550611791,10,40.0,ns3,899,0.5,10,12,28,1,1,[43.95995550611791],[664704],,,11,15,
2026_07_15_01_26_56,000098,7,all-cavs,fullperception_pcs,grid,utility,utility,none,0,0,,singleton,20,,7;18,7,,{},"{""7"": 4921}",0,43.95995550611791,10,40.0,ns3,899,0.5,10,12,28,1,1,[43.95995550611791],[664704],,,14,12,
2026_07_15_01_26_56,000098,8,all-cavs,fullperception_pcs,grid,utility,utility,none,0,0,,singleton,20,,8,8,,{},"{""8"": 4838}",0,43.95995550611791,10,40.0,ns3,899,0.5,10,12,28,1,1,[43.95995550611791],[664704],,,11,21,
2026_07_15_01_26_56,000098,9,all-cavs,fullperception_pcs,grid,utility,utility,none,0,0,,singleton,20,,6;9,9;6,6,"{""6"": 35}","{""6"": 4388, ""9"": 4853}",70208,43.95995550611791,10,40.0,ns3,899,0.5,10,12,28,1,1,[43.95995550611791],[664704],6>9:0,,15,19,
2026_07_15_01_26_56,000098,10,all-cavs,fullperception_pcs,grid,utility,utility,none,0,0,,singleton,20,,10,10,,{},"{""10"": 4930}",0,43.95995550611791,10,40.0,ns3,899,0.5,10,12,28,1,1,[43.95995550611791],[664704],,,18,25,
2026_07_15_01_26_56,000098,11,all-cavs,fullperception_pcs,grid,utility,utility,none,0,0,,singleton,20,,11;12,11;12,12,"{""12"": 43}","{""11"": 4908, ""12"": 4780}",76480,43.95995550611791,10,40.0,ns3,899,0.5,10,12,28,1,1,[43.95995550611791],[664704],12>11:8,,16,28,
2026_07_15_01_26_56,000098,12,all-cavs,fullperception_pcs,grid,utility,utility,none,0,0,,singleton,20,,11;12,12,,{},"{""12"": 4968}",0,43.95995550611791,10,40.0,ns3,899,0.5,10,12,28,1,1,[43.95995550611791],[664704],,,10,13,
2026_07_15_01_26_56,000098,13,all-cavs,fullperception_pcs,grid,utility,utility,none,0,0,,singleton,20,,13;14,13,,{},"{""13"": 4779}",0,43.95995550611791,10,40.0,ns3,899,0.5,10,12,28,1,1,[43.95995550611791],[664704],,,8,14,
2026_07_15_01_26_56,000098,14,all-cavs,fullperception_pcs,grid,utility,utility,none,0,0,,singleton,20,,13;14,14;13,13,"{""13"": 49}","{""13"": 4692, ""14"": 4872}",75072,43.95995550611791,10,40.0,ns3,899,0.5,10,12,28,1,1,[43.95995550611791],[664704],13>14:2,,6,4,
2026_07_15_01_26_56,000098,15,all-cavs,fullperception_pcs,grid,utility,utility,none,0,0,,singleton,20,,5;15,15;5,5,"{""5"": 18}","{""5"": 3849, ""15"": 4783}",61584,43.95995550611791,10,40.0,ns3,899,0.5,10,12,28,1,1,[43.95995550611791],[664704],5>15:1,,13,12,
2026_07_15_01_26_56,000098,16,all-cavs,fullperception_pcs,grid,utility,utility,none,0,0,,singleton,20,,4;16,16;4,4,"{""4"": 51}","{""4"": 4819, ""16"": 4950}",77104,43.95995550611791,10,40.0,ns3,899,0.5,10,12,28,1,1,[43.95995550611791],[664704],4>16:4,,24,40,
2026_07_15_01_26_56,000098,17,all-cavs,fullperception_pcs,grid,utility,utility,none,0,0,,singleton,20,,2;17,17,,{},"{""17"": 4986}",0,43.95995550611791,10,40.0,ns3,899,0.5,10,12,28,1,1,[43.95995550611791],[664704],,,17,12,
2026_07_15_01_26_56,000098,18,all-cavs,fullperception_pcs,grid,utility,utility,none,0,0,,singleton,20,,7;18,18;7,7,"{""7"": 61}","{""7"": 4920, ""18"": 4946}",78720,43.95995550611791,10,40.0,ns3,899,0.5,10,12,28,1,1,[43.95995550611791],[664704],7>18:6,,19,19,
2026_07_15_01_26_56,000098,19,all-cavs,fullperception_pcs,grid,utility,utility,none,0,0,,singleton,20,,19;20,19;20,20,"{""20"": 31}","{""19"": 4824, ""20"": 4419}",70704,43.95995550611791,10,40.0,ns3,899,0.5,10,12,28,1,1,[43.95995550611791],[664704],20>19:3,,20,29,
2026_07_15_01_26_56,000098,20,all-cavs,fullperception_pcs,grid,utility,utility,none,0,0,,singleton,20,,19;20,20,,{},"{""20"": 4903}",0,43.95995550611791,10,40.0,ns3,899,0.5,10,12,28,1,1,[43.95995550611791],[664704],,,20,19,
2026_07_15_01_26_56,000100,1,all-cavs,fullperception_pcs,grid,utility,utility,none,0,0,,singleton,20,,1;3,1;3,3,"{""3"": 65}","{""1"": 4928, ""3"": 4948}",79168,44.03114571746384,10,40.0,ns3,899,0.5,10,12,28,1,1,[44.03114571746384],[664752],3>1:7,,25,21,
2026_07_15_01_26_56,000100,2,all-cavs,fullperception_pcs,grid,utility,utility,none,0,0,,singleton,20,,2;17,2;17,17,"{""17"": 58}","{""2"": 4859, ""17"": 4749}",75984,44.03114571746384,10,40.0,ns3,899,0.5,10,12,28,1,1,[44.03114571746384],[664752],17>2:5,,23,33,
2026_07_15_01_26_56,000100,3,all-cavs,fullperception_pcs,grid,utility,utility,none,0,0,,singleton,20,,1;3,3,,{},"{""3"": 4983}",0,44.03114571746384,10,40.0,ns3,899,0.5,10,12,28,1,1,[44.03114571746384],[664752],,,13,6,
2026_07_15_01_26_56,000100,4,all-cavs,fullperception_pcs,grid,utility,utility,none,0,0,,singleton,20,,4;16,4,,{},"{""4"": 4850}",0,44.03114571746384,10,40.0,ns3,899,0.5,10,12,28,1,1,[44.03114571746384],[664752],,,10,26,
2026_07_15_01_26_56,000100,5,all-cavs,fullperception_pcs,grid,utility,utility,none,0,0,,singleton,20,,5;15,5,,{},"{""5"": 4916}",0,44.03114571746384,10,40.0,ns3,899,0.5,10,12,28,1,1,[44.03114571746384],[664752],,,10,15,
2026_07_15_01_26_56,000100,6,all-cavs,fullperception_pcs,grid,utility,utility,none,0,0,,singleton,20,,6;9,6,,{},"{""6"": 4673}",0,44.03114571746384,10,40.0,ns3,899,0.5,10,12,28,1,1,[44.03114571746384],[664752],,,10,16,
2026_07_15_01_26_56,000100,7,all-cavs,fullperception_pcs,grid,utility,utility,none,0,0,,singleton,20,,7;18,7,,{},"{""7"": 4921}",0,44.03114571746384,10,40.0,ns3,899,0.5,10,12,28,1,1,[44.03114571746384],[664752],,,13,12,
2026_07_15_01_26_56,000100,8,all-cavs,fullperception_pcs,grid,utility,utility,none,0,0,,singleton,20,,8,8,,{},"{""8"": 4837}",0,44.03114571746384,10,40.0,ns3,899,0.5,10,12,28,1,1,[44.03114571746384],[664752],,,12,21,
2026_07_15_01_26_56,000100,9,all-cavs,fullperception_pcs,grid,utility,utility,none,0,0,,singleton,20,,6;9,9;6,6,"{""6"": 35}","{""6"": 4383, ""9"": 4851}",70128,44.03114571746384,10,40.0,ns3,899,0.5,10,12,28,1,1,[44.03114571746384],[664752],6>9:0,,15,18,
2026_07_15_01_26_56,000100,10,all-cavs,fullperception_pcs,grid,utility,utility,none,0,0,,singleton,20,,10,10,,{},"{""10"": 4928}",0,44.03114571746384,10,40.0,ns3,899,0.5,10,12,28,1,1,[44.03114571746384],[664752],,,19,25,
2026_07_15_01_26_56,000100,11,all-cavs,fullperception_pcs,grid,utility,utility,none,0,0,,singleton,20,,11;12,11;12,12,"{""12"": 43}","{""11"": 4909, ""12"": 4792}",76672,44.03114571746384,10,40.0,ns3,899,0.5,10,12,28,1,1,[44.03114571746384],[664752],12>11:8,,14,27,
2026_07_15_01_26_56,000100,12,all-cavs,fullperception_pcs,grid,utility,utility,none,0,0,,singleton,20,,11;12,12,,{},"{""12"": 4970}",0,44.03114571746384,10,40.0,ns3,899,0.5,10,12,28,1,1,[44.03114571746384],[664752],,,10,12,
2026_07_15_01_26_56,000100,13,all-cavs,fullperception_pcs,grid,utility,utility,none,0,0,,singleton,20,,13;14,13,,{},"{""13"": 4758}",0,44.03114571746384,10,40.0,ns3,899,0.5,10,12,28,1,1,[44.03114571746384],[664752],,,8,14,
2026_07_15_01_26_56,000100,14,all-cavs,fullperception_pcs,grid,utility,utility,none,0,0,,singleton,20,,13;14,14;13,13,"{""13"": 48}","{""13"": 4671, ""14"": 4874}",74736,44.03114571746384,10,40.0,ns3,899,0.5,10,12,28,1,1,[44.03114571746384],[664752],13>14:1,,7,4,
2026_07_15_01_26_56,000100,15,all-cavs,fullperception_pcs,grid,utility,utility,none,0,0,,singleton,20,,5;15,15;5,5,"{""5"": 19}","{""5"": 3849, ""15"": 4775}",61584,44.03114571746384,10,40.0,ns3,899,0.5,10,12,28,1,1,[44.03114571746384],[664752],5>15:2,,14,12,
2026_07_15_01_26_56,000100,16,all-cavs,fullperception_pcs,grid,utility,utility,none,0,0,,singleton,20,,4;16,16;4,4,"{""4"": 51}","{""4"": 4819, ""16"": 4946}",77104,44.03114571746384,10,40.0,ns3,899,0.5,10,12,28,1,1,[44.03114571746384],[664752],4>16:3,,25,39,
2026_07_15_01_26_56,000100,17,all-cavs,fullperception_pcs,grid,utility,utility,none,0,0,,singleton,20,,2;17,17,,{},"{""17"": 4995}",0,44.03114571746384,10,40.0,ns3,899,0.5,10,12,28,1,1,[44.03114571746384],[664752],,,18,12,
2026_07_15_01_26_56,000100,18,all-cavs,fullperception_pcs,grid,utility,utility,none,0,0,,singleton,20,,7;18,18;7,7,"{""7"": 61}","{""7"": 4920, ""18"": 4944}",78720,44.03114571746384,10,40.0,ns3,899,0.5,10,12,28,1,1,[44.03114571746384],[664752],7>18:6,,22,19,
2026_07_15_01_26_56,000100,19,all-cavs,fullperception_pcs,grid,utility,utility,none,0,0,,singleton,20,,19;20,19;20,20,"{""20"": 31}","{""19"": 4823, ""20"": 4416}",70656,44.03114571746384,10,40.0,ns3,899,0.5,10,12,28,1,1,[44.03114571746384],[664752],20>19:4,,21,28,
2026_07_15_01_26_56,000100,20,all-cavs,fullperception_pcs,grid,utility,utility,none,0,0,,singleton,20,,19;20,20,,{},"{""20"": 4903}",0,44.03114571746384,10,40.0,ns3,899,0.5,10,12,28,1,1,[44.03114571746384],[664752],,,20,19,
2026_07_15_01_26_56,000102,1,all-cavs,fullperception_pcs,grid,utility,utility,none,0,0,,singleton,20,,1;3,1;3,3,"{""3"": 67}","{""1"": 4929, ""3"": 4974}",79584,44.26251390433816,10,40.0,ns3,899,0.5,10,12,28,1,1,[44.26251390433816],[652192],3>1:7,,24,20,
2026_07_15_01_26_56,000102,2,all-cavs,fullperception_pcs,grid,utility,utility,none,0,0,,singleton,20,,2;20,2;20,20,"{""20"": 40}","{""2"": 4850, ""20"": 4213}",67408,44.26251390433816,10,40.0,ns3,899,0.5,10,12,28,1,1,[44.26251390433816],[652192],20>2:1,,25,42,
2026_07_15_01_26_56,000102,3,all-cavs,fullperception_pcs,grid,utility,utility,none,0,0,,singleton,20,,1;3,3,,{},"{""3"": 5003}",0,44.26251390433816,10,40.0,ns3,899,0.5,10,12,28,1,1,[44.26251390433816],[652192],,,13,5,
2026_07_15_01_26_56,000102,4,all-cavs,fullperception_pcs,grid,utility,utility,none,0,0,,singleton,20,,4;16,4,,{},"{""4"": 4850}",0,44.26251390433816,10,40.0,ns3,899,0.5,10,12,28,1,1,[44.26251390433816],[652192],,,10,26,
2026_07_15_01_26_56,000102,5,all-cavs,fullperception_pcs,grid,utility,utility,none,0,0,,singleton,20,,5;15,5,,{},"{""5"": 4958}",0,44.26251390433816,10,40.0,ns3,899,0.5,10,12,28,1,1,[44.26251390433816],[652192],,,11,18,
2026_07_15_01_26_56,000102,6,all-cavs,fullperception_pcs,grid,utility,utility,none,0,0,,singleton,20,,6;9,6,,{},"{""6"": 4681}",0,44.26251390433816,10,40.0,ns3,899,0.5,10,12,28,1,1,[44.26251390433816],[652192],,,13,16,
2026_07_15_01_26_56,000102,7,all-cavs,fullperception_pcs,grid,utility,utility,none,0,0,,singleton,20,,7;18,7,,{},"{""7"": 4920}",0,44.26251390433816,10,40.0,ns3,899,0.5,10,12,28,1,1,[44.26251390433816],[652192],,,16,12,
2026_07_15_01_26_56,000102,8,all-cavs,fullperception_pcs,grid,utility,utility,none,0,0,,singleton,20,,8,8,,{},"{""8"": 4837}",0,44.26251390433816,10,40.0,ns3,899,0.5,10,12,28,1,1,[44.26251390433816],[652192],,,11,22,
2026_07_15_01_26_56,000102,9,all-cavs,fullperception_pcs,grid,utility,utility,none,0,0,,singleton,20,,6;9,9;6,6,"{""6"": 38}","{""6"": 4385, ""9"": 4851}",70160,44.26251390433816,10,40.0,ns3,899,0.5,10,12,28,1,1,[44.26251390433816],[652192],6>9:0,,15,19,
2026_07_15_01_26_56,000102,10,all-cavs,fullperception_pcs,grid,utility,utility,none,0,0,,singleton,20,,10,10,,{},"{""10"": 4929}",0,44.26251390433816,10,40.0,ns3,899,0.5,10,12,28,1,1,[44.26251390433816],[652192],,,21,25,
2026_07_15_01_26_56,000102,11,all-cavs,fullperception_pcs,grid,utility,utility,none,0,0,,singleton,20,,11;12,11;12,12,"{""12"": 43}","{""11"": 4907, ""12"": 4791}",76656,44.26251390433816,10,40.0,ns3,899,0.5,10,12,28,1,1,[44.26251390433816],[652192],12>11:8,,17,27,
2026_07_15_01_26_56,000102,12,all-cavs,fullperception_pcs,grid,utility,utility,none,0,0,,singleton,20,,11;12,12,,{},"{""12"": 4965}",0,44.26251390433816,10,40.0,ns3,899,0.5,10,12,28,1,1,[44.26251390433816],[652192],,,9,11,
2026_07_15_01_26_56,000102,13,all-cavs,fullperception_pcs,grid,utility,utility,none,0,0,,singleton,20,,13;14,13,,{},"{""13"": 4787}",0,44.26251390433816,10,40.0,ns3,899,0.5,10,12,28,1,1,[44.26251390433816],[652192],,,9,12,
2026_07_15_01_26_56,000102,14,all-cavs,fullperception_pcs,grid,utility,utility,none,0,0,,singleton,20,,13;14,14;13,13,"{""13"": 51}","{""13"": 4698, ""14"": 4826}",75168,44.26251390433816,10,40.0,ns3,899,0.5,10,12,28,1,1,[44.26251390433816],[652192],13>14:2,,7,4,
2026_07_15_01_26_56,000102,15,all-cavs,fullperception_pcs,grid,utility,utility,none,0,0,,singleton,20,,5;15,15;5,5,"{""5"": 20}","{""5"": 3858, ""15"": 4798}",61728,44.26251390433816,10,40.0,ns3,899,0.5,10,12,28,1,1,[44.26251390433816],[652192],5>15:3,,14,15,
2026_07_15_01_26_56,000102,16,all-cavs,fullperception_pcs,grid,utility,utility,none,0,0,,singleton,20,,4;16,16;4,4,"{""4"": 51}","{""4"": 4819, ""16"": 4975}",77104,44.26251390433816,10,40.0,ns3,899,0.5,10,12,28,1,1,[44.26251390433816],[652192],4>16:4,,22,39,
2026_07_15_01_26_56,000102,17,all-cavs,fullperception_pcs,grid,utility,utility,none,0,0,,singleton,20,,17;19,17,,{},"{""17"": 4990}",0,44.26251390433816,10,40.0,ns3,899,0.5,10,12,28,1,1,[44.26251390433816],[652192],,,16,13,
2026_07_15_01_26_56,000102,18,all-cavs,fullperception_pcs,grid,utility,utility,none,0,0,,singleton,20,,7;18,18;7,7,"{""7"": 61}","{""7"": 4919, ""18"": 4936}",78704,44.26251390433816,10,40.0,ns3,899,0.5,10,12,28,1,1,[44.26251390433816],[652192],7>18:6,,19,19,
2026_07_15_01_26_56,000102,19,all-cavs,fullperception_pcs,grid,utility,utility,none,0,0,,singleton,20,,17;19,19;17,17,"{""17"": 34}","{""17"": 4105, ""19"": 4823}",65680,44.26251390433816,10,40.0,ns3,899,0.5,10,12,28,1,1,[44.26251390433816],[652192],17>19:5,,12,19,
2026_07_15_01_26_56,000102,20,all-cavs,fullperception_pcs,grid,utility,utility,none,0,0,,singleton,20,,2;20,20,,{},"{""20"": 4902}",0,44.26251390433816,10,40.0,ns3,899,0.5,10,12,28,1,1,[44.26251390433816],[652192],,,20,19,
2026_07_15_01_26_56,000104,1,all-cavs,fullperception_pcs,grid,utility,utility,none,0,0,,singleton,20,,1;3,1;3,3,"{""3"": 67}","{""1"": 4929, ""3"": 4951}",79216,44.05784204671858,10,40.0,ns3,899,0.5,10,12,28,1,1,[44.05784204671858],[664832],3>1:7,,23,20,
2026_07_15_01_26_56,000104,2,all-cavs,fullperception_pcs,grid,utility,utility,none,0,0,,singleton,20,,2;17,2;17,17,"{""17"": 57}","{""2"": 4849, ""17"": 4729}",75664,44.05784204671858,10,40.0,ns3,899,0.5,10,12,28,1,1,[44.05784204671858],[664832],17>2:5,,25,35,
2026_07_15_01_26_56,000104,3,all-cavs,fullperception_pcs,grid,utility,utility,none,0,0,,singleton,20,,1;3,3,,{},"{""3"": 4979}",0,44.05784204671858,10,40.0,ns3,899,0.5,10,12,28,1,1,[44.05784204671858],[664832],,,13,5,
2026_07_15_01_26_56,000104,4,all-cavs,fullperception_pcs,grid,utility,utility,none,0,0,,singleton,20,,4;16,4,,{},"{""4"": 4850}",0,44.05784204671858,10,40.0,ns3,899,0.5,10,12,28,1,1,[44.05784204671858],[664832],,,11,26,
2026_07_15_01_26_56,000104,5,all-cavs,fullperception_pcs,grid,utility,utility,none,0,0,,singleton,20,,5;15,5,,{},"{""5"": 4936}",0,44.05784204671858,10,40.0,ns3,899,0.5,10,12,28,1,1,[44.05784204671858],[664832],,,10,17,
2026_07_15_01_26_56,000104,6,all-cavs,fullperception_pcs,grid,utility,utility,none,0,0,,singleton,20,,6;9,6,,{},"{""6"": 4701}",0,44.05784204671858,10,40.0,ns3,899,0.5,10,12,28,1,1,[44.05784204671858],[664832],,,11,16,
2026_07_15_01_26_56,000104,7,all-cavs,fullperception_pcs,grid,utility,utility,none,0,0,,singleton,20,,7;18,7,,{},"{""7"": 4920}",0,44.05784204671858,10,40.0,ns3,899,0.5,10,12,28,1,1,[44.05784204671858],[664832],,,15,12,
2026_07_15_01_26_56,000104,8,all-cavs,fullperception_pcs,grid,utility,utility,none,0,0,,singleton,20,,8,8,,{},"{""8"": 4837}",0,44.05784204671858,10,40.0,ns3,899,0.5,10,12,28,1,1,[44.05784204671858],[664832],,,12,21,
2026_07_15_01_26_56,000104,9,all-cavs,fullperception_pcs,grid,utility,utility,none,0,0,,singleton,20,,6;9,9;6,6,"{""6"": 39}","{""6"": 4408, ""9"": 4851}",70528,44.05784204671858,10,40.0,ns3,899,0.5,10,12,28,1,1,[44.05784204671858],[664832],6>9:0,,16,19,
2026_07_15_01_26_56,000104,10,all-cavs,fullperception_pcs,grid,utility,utility,none,0,0,,singleton,20,,10,10,,{},"{""10"": 4930}",0,44.05784204671858,10,40.0,ns3,899,0.5,10,12,28,1,1,[44.05784204671858],[664832],,,19,25,
2026_07_15_01_26_56,000104,11,all-cavs,fullperception_pcs,grid,utility,utility,none,0,0,,singleton,20,,11;12,11;12,12,"{""12"": 44}","{""11"": 4907, ""12"": 4814}",77024,44.05784204671858,10,40.0,ns3,899,0.5,10,12,28,1,1,[44.05784204671858],[664832],12>11:8,,17,27,
2026_07_15_01_26_56,000104,12,all-cavs,fullperception_pcs,grid,utility,utility,none,0,0,,singleton,20,,11;12,12,,{},"{""12"": 4988}",0,44.05784204671858,10,40.0,ns3,899,0.5,10,12,28,1,1,[44.05784204671858],[664832],,,10,11,
2026_07_15_01_26_56,000104,13,all-cavs,fullperception_pcs,grid,utility,utility,none,0,0,,singleton,20,,13;14,13,,{},"{""13"": 4747}",0,44.05784204671858,10,40.0,ns3,899,0.5,10,12,28,1,1,[44.05784204671858],[664832],,,8,13,
2026_07_15_01_26_56,000104,14,all-cavs,fullperception_pcs,grid,utility,utility,none,0,0,,singleton,20,,13;14,14;13,13,"{""13"": 50}","{""13"": 4657, ""14"": 4840}",74512,44.05784204671858,10,40.0,ns3,899,0.5,10,12,28,1,1,[44.05784204671858],[664832],13>14:1,,7,3,
2026_07_15_01_26_56,000104,15,all-cavs,fullperception_pcs,grid,utility,utility,none,0,0,,singleton,20,,5;15,15;5,5,"{""5"": 19}","{""5"": 3840, ""15"": 4777}",61440,44.05784204671858,10,40.0,ns3,899,0.5,10,12,28,1,1,[44.05784204671858],[664832],5>15:2,,15,17,
2026_07_15_01_26_56,000104,16,all-cavs,fullperception_pcs,grid,utility,utility,none,0,0,,singleton,20,,4;16,16;4,4,"{""4"": 52}","{""4"": 4823, ""16"": 4958}",77168,44.05784204671858,10,40.0,ns3,899,0.5,10,12,28,1,1,[44.05784204671858],[664832],4>16:4,,26,39,
2026_07_15_01_26_56,000104,17,all-cavs,fullperception_pcs,grid,utility,utility,none,0,0,,singleton,20,,2;17,17,,{},"{""17"": 4979}",0,44.05784204671858,10,40.0,ns3,899,0.5,10,12,28,1,1,[44.05784204671858],[664832],,,15,14,
2026_07_15_01_26_56,000104,18,all-cavs,fullperception_pcs,grid,utility,utility,none,0,0,,singleton,20,,7;18,18;7,7,"{""7"": 61}","{""7"": 4919, ""18"": 4929}",78704,44.05784204671858,10,40.0,ns3,899,0.5,10,12,28,1,1,[44.05784204671858],[664832],7>18:6,,21,19,
2026_07_15_01_26_56,000104,19,all-cavs,fullperception_pcs,grid,utility,utility,none,0,0,,singleton,20,,19;20,19;20,20,"{""20"": 31}","{""19"": 4823, ""20"": 4411}",70576,44.05784204671858,10,40.0,ns3,899,0.5,10,12,28,1,1,[44.05784204671858],[664832],20>19:3,,20,28,
2026_07_15_01_26_56,000104,20,all-cavs,fullperception_pcs,grid,utility,utility,none,0,0,,singleton,20,,19;20,20,,{},"{""20"": 4900}",0,44.05784204671858,10,40.0,ns3,899,0.5,10,12,28,1,1,[44.05784204671858],[664832],,,19,19,
2026_07_15_01_26_56,000106,1,all-cavs,fullperception_pcs,grid,utility,utility,none,0,0,,singleton,20,,1;17,1;17,17,"{""17"": 63}","{""1"": 4928, ""17"": 4910}",78560,43.77308120133482,10,40.0,ns3,899,0.5,10,12,28,1,1,[43.77308120133482],[669920],17>1:7,,29,25,
2026_07_15_01_26_56,000106,2,all-cavs,fullperception_pcs,grid,utility,utility,none,0,0,,singleton,20,,2,2,,{},"{""2"": 4856}",0,43.77308120133482,10,40.0,ns3,899,0.5,10,12,28,1,1,[43.77308120133482],[669920],,,14,23,
2026_07_15_01_26_56,000106,3,all-cavs,fullperception_pcs,grid,utility,utility,none,0,0,,singleton,20,,3;19,3;19,19,"{""19"": 61}","{""3"": 4995, ""19"": 4822}",77152,43.77308120133482,10,40.0,ns3,899,0.5,10,12,28,1,1,[43.77308120133482],[669920],19>3:5,,18,15,
2026_07_15_01_26_56,000106,4,all-cavs,fullperception_pcs,grid,utility,utility,none,0,0,,singleton,20,,4;16,4,,{},"{""4"": 4852}",0,43.77308120133482,10,40.0,ns3,899,0.5,10,12,28,1,1,[43.77308120133482],[669920],,,11,26,
2026_07_15_01_26_56,000106,5,all-cavs,fullperception_pcs,grid,utility,utility,none,0,0,,singleton,20,,5;15,5,,{},"{""5"": 4951}",0,43.77308120133482,10,40.0,ns3,899,0.5,10,12,28,1,1,[43.77308120133482],[669920],,,8,15,
2026_07_15_01_26_56,000106,6,all-cavs,fullperception_pcs,grid,utility,utility,none,0,0,,singleton,20,,6;9,6,,{},"{""6"": 4708}",0,43.77308120133482,10,40.0,ns3,899,0.5,10,12,28,1,1,[43.77308120133482],[669920],,,10,16,
2026_07_15_01_26_56,000106,7,all-cavs,fullperception_pcs,grid,utility,utility,none,0,0,,singleton,20,,7;18,7,,{},"{""7"": 4920}",0,43.77308120133482,10,40.0,ns3,899,0.5,10,12,28,1,1,[43.77308120133482],[669920],,,13,11,
2026_07_15_01_26_56,000106,8,all-cavs,fullperception_pcs,grid,utility,utility,none,0,0,,singleton,20,,8;14,8,,{},"{""8"": 4836}",0,43.77308120133482,10,40.0,ns3,899,0.5,10,12,28,1,1,[43.77308120133482],[669920],,,13,21,
2026_07_15_01_26_56,000106,9,all-cavs,fullperception_pcs,grid,utility,utility,none,0,0,,singleton,20,,6;9,9;6,6,"{""6"": 40}","{""6"": 4403, ""9"": 4852}",70448,43.77308120133482,10,40.0,ns3,899,0.5,10,12,28,1,1,[43.77308120133482],[669920],6>9:0,,15,19,
2026_07_15_01_26_56,000106,10,all-cavs,fullperception_pcs,grid,utility,utility,none,0,0,,singleton,20,,10,10,,{},"{""10"": 4930}",0,43.77308120133482,10,40.0,ns3,899,0.5,10,12,28,1,1,[43.77308120133482],[669920],,,20,25,
2026_07_15_01_26_56,000106,11,all-cavs,fullperception_pcs,grid,utility,utility,none,0,0,,singleton,20,,11;12,11;12,12,"{""12"": 44}","{""11"": 4908, ""12"": 4830}",77280,43.77308120133482,10,40.0,ns3,899,0.5,10,12,28,1,1,[43.77308120133482],[669920],12>11:8,,17,27,
2026_07_15_01_26_56,000106,12,all-cavs,fullperception_pcs,grid,utility,utility,none,0,0,,singleton,20,,11;12,12,,{},"{""12"": 4987}",0,43.77308120133482,10,40.0,ns3,899,0.5,10,12,28,1,1,[43.77308120133482],[669920],,,8,11,
2026_07_15_01_26_56,000106,13,all-cavs,fullperception_pcs,grid,utility,utility,none,0,0,,singleton,20,,13;20,13,,{},"{""13"": 4753}",0,43.77308120133482,10,40.0,ns3,899,0.5,10,12,28,1,1,[43.77308120133482],[669920],,,8,13,
2026_07_15_01_26_56,000106,14,all-cavs,fullperception_pcs,grid,utility,utility,none,0,0,,singleton,20,,8;14,14;8,8,"{""8"": 41}","{""8"": 4651, ""14"": 4815}",74416,43.77308120133482,10,40.0,ns3,899,0.5,10,12,28,1,1,[43.77308120133482],[669920],8>14:1,,4,1,
2026_07_15_01_26_56,000106,15,all-cavs,fullperception_pcs,grid,utility,utility,none,0,0,,singleton,20,,5;15,15;5,5,"{""5"": 19}","{""5"": 3838, ""15"": 4779}",61408,43.77308120133482,10,40.0,ns3,899,0.5,10,12,28,1,1,[43.77308120133482],[669920],5>15:2,,15,17,
2026_07_15_01_26_56,000106,16,all-cavs,fullperception_pcs,grid,utility,utility,none,0,0,,singleton,20,,4;16,16;4,4,"{""4"": 52}","{""4"": 4824, ""16"": 4954}",77184,43.77308120133482,10,40.0,ns3,899,0.5,10,12,28,1,1,[43.77308120133482],[669920],4>16:3,,25,39,
2026_07_15_01_26_56,000106,17,all-cavs,fullperception_pcs,grid,utility,utility,none,0,0,,singleton,20,,1;17,17,,{},"{""17"": 4994}",0,43.77308120133482,10,40.0,ns3,899,0.5,10,12,28,1,1,[43.77308120133482],[669920],,,15,14,
2026_07_15_01_26_56,000106,18,all-cavs,fullperception_pcs,grid,utility,utility,none,0,0,,singleton,20,,7;18,18;7,7,"{""7"": 61}","{""7"": 4919, ""18"": 4912}",78704,43.77308120133482,10,40.0,ns3,899,0.5,10,12,28,1,1,[43.77308120133482],[669920],7>18:6,,19,19,
2026_07_15_01_26_56,000106,19,all-cavs,fullperception_pcs,grid,utility,utility,none,0,0,,singleton,20,,3;19,19,,{},"{""19"": 4823}",0,43.77308120133482,10,40.0,ns3,899,0.5,10,12,28,1,1,[43.77308120133482],[669920],,,11,15,
2026_07_15_01_26_56,000106,20,all-cavs,fullperception_pcs,grid,utility,utility,none,0,0,,singleton,20,,13;20,20;13,13,"{""13"": 52}","{""13"": 4673, ""20"": 4900}",74768,43.77308120133482,10,40.0,ns3,899,0.5,10,12,28,1,1,[43.77308120133482],[669920],13>20:4,,24,25,
2026_07_15_01_26_56,000108,1,all-cavs,fullperception_pcs,grid,utility,utility,none,0,0,,singleton,20,,1;17,1;17,17,"{""17"": 64}","{""1"": 4928, ""17"": 4914}",78624,43.76418242491657,10,40.0,ns3,899,0.5,10,12,28,1,1,[43.76418242491657],[670080],17>1:7,,29,24,
2026_07_15_01_26_56,000108,2,all-cavs,fullperception_pcs,grid,utility,utility,none,0,0,,singleton,20,,2,2,,{},"{""2"": 4859}",0,43.76418242491657,10,40.0,ns3,899,0.5,10,12,28,1,1,[43.76418242491657],[670080],,,14,23,
2026_07_15_01_26_56,000108,3,all-cavs,fullperception_pcs,grid,utility,utility,none,0,0,,singleton,20,,3;19,3;19,19,"{""19"": 61}","{""3"": 4982, ""19"": 4824}",77184,43.76418242491657,10,40.0,ns3,899,0.5,10,12,28,1,1,[43.76418242491657],[670080],19>3:5,,16,15,
2026_07_15_01_26_56,000108,4,all-cavs,fullperception_pcs,grid,utility,utility,none,0,0,,singleton,20,,4;16,4,,{},"{""4"": 4850}",0,43.76418242491657,10,40.0,ns3,899,0.5,10,12,28,1,1,[43.76418242491657],[670080],,,11,26,
2026_07_15_01_26_56,000108,5,all-cavs,fullperception_pcs,grid,utility,utility,none,0,0,,singleton,20,,5;15,5,,{},"{""5"": 4929}",0,43.76418242491657,10,40.0,ns3,899,0.5,10,12,28,1,1,[43.76418242491657],[670080],,,11,16,
2026_07_15_01_26_56,000108,6,all-cavs,fullperception_pcs,grid,utility,utility,none,0,0,,singleton,20,,6;9,6,,{},"{""6"": 4713}",0,43.76418242491657,10,40.0,ns3,899,0.5,10,12,28,1,1,[43.76418242491657],[670080],,,11,16,
2026_07_15_01_26_56,000108,7,all-cavs,fullperception_pcs,grid,utility,utility,none,0,0,,singleton,20,,7;18,7,,{},"{""7"": 4919}",0,43.76418242491657,10,40.0,ns3,899,0.5,10,12,28,1,1,[43.76418242491657],[670080],,,13,13,
2026_07_15_01_26_56,000108,8,all-cavs,fullperception_pcs,grid,utility,utility,none,0,0,,singleton,20,,8;14,8,,{},"{""8"": 4837}",0,43.76418242491657,10,40.0,ns3,899,0.5,10,12,28,1,1,[43.76418242491657],[670080],,,12,23,
2026_07_15_01_26_56,000108,9,all-cavs,fullperception_pcs,grid,utility,utility,none,0,0,,singleton,20,,6;9,9;6,6,"{""6"": 40}","{""6"": 4401, ""9"": 4853}",70416,43.76418242491657,10,40.0,ns3,899,0.5,10,12,28,1,1,[43.76418242491657],[670080],6>9:0,,14,19,
2026_07_15_01_26_56,000108,10,all-cavs,fullperception_pcs,grid,utility,utility,none,0,0,,singleton,20,,10,10,,{},"{""10"": 4928}",0,43.76418242491657,10,40.0,ns3,899,0.5,10,12,28,1,1,[43.76418242491657],[670080],,,20,25,
2026_07_15_01_26_56,000108,11,all-cavs,fullperception_pcs,grid,utility,utility,none,0,0,,singleton,20,,11;12,11;12,12,"{""12"": 44}","{""11"": 4911, ""12"": 4850}",77600,43.76418242491657,10,40.0,ns3,899,0.5,10,12,28,1,1,[43.76418242491657],[670080],12>11:8,,17,29,
2026_07_15_01_26_56,000108,12,all-cavs,fullperception_pcs,grid,utility,utility,none,0,0,,singleton,20,,11;12,12,,{},"{""12"": 4997}",0,43.76418242491657,10,40.0,ns3,899,0.5,10,12,28,1,1,[43.76418242491657],[670080],,,10,12,
2026_07_15_01_26_56,000108,13,all-cavs,fullperception_pcs,grid,utility,utility,none,0,0,,singleton,20,,13;20,13,,{},"{""13"": 4757}",0,43.76418242491657,10,40.0,ns3,899,0.5,10,12,28,1,1,[43.76418242491657],[670080],,,7,13,
2026_07_15_01_26_56,000108,14,all-cavs,fullperception_pcs,grid,utility,utility,none,0,0,,singleton,20,,8;14,14;8,8,"{""8"": 41}","{""8"": 4652, ""14"": 4804}",74432,43.76418242491657,10,40.0,ns3,899,0.5,10,12,28,1,1,[43.76418242491657],[670080],8>14:1,,4,1,
2026_07_15_01_26_56,000108,15,all-cavs,fullperception_pcs,grid,utility,utility,none,0,0,,singleton,20,,5;15,15;5,5,"{""5"": 20}","{""5"": 3822, ""15"": 4792}",61152,43.76418242491657,10,40.0,ns3,899,0.5,10,12,28,1,1,[43.76418242491657],[670080],5>15:3,,14,18,
2026_07_15_01_26_56,000108,16,all-cavs,fullperception_pcs,grid,utility,utility,none,0,0,,singleton,20,,4;16,16;4,4,"{""4"": 52}","{""4"": 4823, ""16"": 4980}",77168,43.76418242491657,10,40.0,ns3,899,0.5,10,12,28,1,1,[43.76418242491657],[670080],4>16:4,,22,40,
2026_07_15_01_26_56,000108,17,all-cavs,fullperception_pcs,grid,utility,utility,none,0,0,,singleton,20,,1;17,17,,{},"{""17"": 4998}",0,43.76418242491657,10,40.0,ns3,899,0.5,10,12,28,1,1,[43.76418242491657],[670080],,,18,13,
2026_07_15_01_26_56,000108,18,all-cavs,fullperception_pcs,grid,utility,utility,none,0,0,,singleton,20,,7;18,18;7,7,"{""7"": 61}","{""7"": 4918, ""18"": 4916}",78688,43.76418242491657,10,40.0,ns3,899,0.5,10,12,28,1,1,[43.76418242491657],[670080],7>18:6,,21,19,
2026_07_15_01_26_56,000108,19,all-cavs,fullperception_pcs,grid,utility,utility,none,0,0,,singleton,20,,3;19,19,,{},"{""19"": 4825}",0,43.76418242491657,10,40.0,ns3,899,0.5,10,12,28,1,1,[43.76418242491657],[670080],,,11,15,
2026_07_15_01_26_56,000108,20,all-cavs,fullperception_pcs,grid,utility,utility,none,0,0,,singleton,20,,13;20,20;13,13,"{""13"": 49}","{""13"": 4676, ""20"": 4899}",74816,43.76418242491657,10,40.0,ns3,899,0.5,10,12,28,1,1,[43.76418242491657],[670080],13>20:2,,19,25,
2026_07_15_01_26_56,000110,1,all-cavs,fullperception_pcs,grid,utility,utility,none,0,0,,singleton,20,,1;17,1;17,17,"{""17"": 63}","{""1"": 4928, ""17"": 4916}",78656,43.77308120133482,10,40.0,ns3,899,0.5,10,12,28,1,1,[43.77308120133482],[671392],17>1:7,,23,25,
2026_07_15_01_26_56,000110,2,all-cavs,fullperception_pcs,grid,utility,utility,none,0,0,,singleton,20,,2;14,2;14,14,"{""14"": 52}","{""2"": 4860, ""14"": 4749}",75984,43.77308120133482,10,40.0,ns3,899,0.5,10,12,28,1,1,[43.77308120133482],[671392],14>2:2,,16,23,
2026_07_15_01_26_56,000110,3,all-cavs,fullperception_pcs,grid,utility,utility,none,0,0,,singleton,20,,3;19,3;19,19,"{""19"": 60}","{""3"": 4993, ""19"": 4824}",77184,43.77308120133482,10,40.0,ns3,899,0.5,10,12,28,1,1,[43.77308120133482],[671392],19>3:5,,17,15,
2026_07_15_01_26_56,000110,4,all-cavs,fullperception_pcs,grid,utility,utility,none,0,0,,singleton,20,,4;16,4,,{},"{""4"": 4850}",0,43.77308120133482,10,40.0,ns3,899,0.5,10,12,28,1,1,[43.77308120133482],[671392],,,11,26,
2026_07_15_01_26_56,000110,5,all-cavs,fullperception_pcs,grid,utility,utility,none,0,0,,singleton,20,,5;15,5,,{},"{""5"": 4921}",0,43.77308120133482,10,40.0,ns3,899,0.5,10,12,28,1,1,[43.77308120133482],[671392],,,11,16,
2026_07_15_01_26_56,000110,6,all-cavs,fullperception_pcs,grid,utility,utility,none,0,0,,singleton,20,,6;9,6,,{},"{""6"": 4713}",0,43.77308120133482,10,40.0,ns3,899,0.5,10,12,28,1,1,[43.77308120133482],[671392],,,12,16,
2026_07_15_01_26_56,000110,7,all-cavs,fullperception_pcs,grid,utility,utility,none,0,0,,singleton,20,,7;18,7,,{},"{""7"": 4919}",0,43.77308120133482,10,40.0,ns3,899,0.5,10,12,28,1,1,[43.77308120133482],[671392],,,15,12,
2026_07_15_01_26_56,000110,8,all-cavs,fullperception_pcs,grid,utility,utility,none,0,0,,singleton,20,,8,8,,{},"{""8"": 4834}",0,43.77308120133482,10,40.0,ns3,899,0.5,10,12,28,1,1,[43.77308120133482],[671392],,,12,23,
2026_07_15_01_26_56,000110,9,all-cavs,fullperception_pcs,grid,utility,utility,none,0,0,,singleton,20,,6;9,9;6,6,"{""6"": 38}","{""6"": 4415, ""9"": 4854}",70640,43.77308120133482,10,40.0,ns3,899,0.5,10,12,28,1,1,[43.77308120133482],[671392],6>9:0,,15,19,
2026_07_15_01_26_56,000110,10,all-cavs,fullperception_pcs,grid,utility,utility,none,0,0,,singleton,20,,10,10,,{},"{""10"": 4929}",0,43.77308120133482,10,40.0,ns3,899,0.5,10,12,28,1,1,[43.77308120133482],[671392],,,19,25,
2026_07_15_01_26_56,000110,11,all-cavs,fullperception_pcs,grid,utility,utility,none,0,0,,singleton,20,,11;12,11;12,12,"{""12"": 44}","{""11"": 4911, ""12"": 4853}",77648,43.77308120133482,10,40.0,ns3,899,0.5,10,12,28,1,1,[43.77308120133482],[671392],12>11:8,,17,30,
2026_07_15_01_26_56,000110,12,all-cavs,fullperception_pcs,grid,utility,utility,none,0,0,,singleton,20,,11;12,12,,{},"{""12"": 4997}",0,43.77308120133482,10,40.0,ns3,899,0.5,10,12,28,1,1,[43.77308120133482],[671392],,,9,12,
2026_07_15_01_26_56,000110,13,all-cavs,fullperception_pcs,grid,utility,utility,none,0,0,,singleton,20,,13;20,13,,{},"{""13"": 4738}",0,43.77308120133482,10,40.0,ns3,899,0.5,10,12,28,1,1,[43.77308120133482],[671392],,,7,13,
2026_07_15_01_26_56,000110,14,all-cavs,fullperception_pcs,grid,utility,utility,none,0,0,,singleton,20,,2;14,14,,{},"{""14"": 4841}",0,43.77308120133482,10,40.0,ns3,899,0.5,10,12,28,1,1,[43.77308120133482],[671392],,,4,1,
2026_07_15_01_26_56,000110,15,all-cavs,fullperception_pcs,grid,utility,utility,none,0,0,,singleton,20,,5;15,15;5,5,"{""5"": 19}","{""5"": 3804, ""15"": 4814}",60864,43.77308120133482,10,40.0,ns3,899,0.5,10,12,28,1,1,[43.77308120133482],[671392],5>15:1,,14,18,
2026_07_15_01_26_56,000110,16,all-cavs,fullperception_pcs,grid,utility,utility,none,0,0,,singleton,20,,4;16,16;4,4,"{""4"": 52}","{""4"": 4823, ""16"": 4974}",77168,43.77308120133482,10,40.0,ns3,899,0.5,10,12,28,1,1,[43.77308120133482],[671392],4>16:4,,20,40,
2026_07_15_01_26_56,000110,17,all-cavs,fullperception_pcs,grid,utility,utility,none,0,0,,singleton,20,,1;17,17,,{},"{""17"": 5003}",0,43.77308120133482,10,40.0,ns3,899,0.5,10,12,28,1,1,[43.77308120133482],[671392],,,16,14,
2026_07_15_01_26_56,000110,18,all-cavs,fullperception_pcs,grid,utility,utility,none,0,0,,singleton,20,,7;18,18;7,7,"{""7"": 61}","{""7"": 4919, ""18"": 4900}",78704,43.77308120133482,10,40.0,ns3,899,0.5,10,12,28,1,1,[43.77308120133482],[671392],7>18:6,,19,18,
2026_07_15_01_26_56,000110,19,all-cavs,fullperception_pcs,grid,utility,utility,none,0,0,,singleton,20,,3;19,19,,{},"{""19"": 4826}",0,43.77308120133482,10,40.0,ns3,899,0.5,10,12,28,1,1,[43.77308120133482],[671392],,,11,15,
2026_07_15_01_26_56,000110,20,all-cavs,fullperception_pcs,grid,utility,utility,none,0,0,,singleton,20,,13;20,20;13,13,"{""13"": 51}","{""13"": 4659, ""20"": 4898}",74544,43.77308120133482,10,40.0,ns3,899,0.5,10,12,28,1,1,[43.77308120133482],[671392],13>20:3,,19,25,
2026_07_15_01_26_56,000112,1,all-cavs,fullperception_pcs,grid,utility,utility,none,0,0,,singleton,20,,1;17,1;17,17,"{""17"": 62}","{""1"": 4926, ""17"": 4904}",78464,43.75528364849833,10,40.0,ns3,899,0.5,10,12,28,1,1,[43.75528364849833],[670656],17>1:7,,21,24,
2026_07_15_01_26_56,000112,2,all-cavs,fullperception_pcs,grid,utility,utility,none,0,0,,singleton,20,,2;14,2;14,14,"{""14"": 53}","{""2"": 4859, ""14"": 4745}",75920,43.75528364849833,10,40.0,ns3,899,0.5,10,12,28,1,1,[43.75528364849833],[670656],14>2:1,,13,23,
2026_07_15_01_26_56,000112,3,all-cavs,fullperception_pcs,grid,utility,utility,none,0,0,,singleton,20,,3;19,3;19,19,"{""19"": 61}","{""3"": 4983, ""19"": 4825}",77200,43.75528364849833,10,40.0,ns3,899,0.5,10,12,28,1,1,[43.75528364849833],[670656],19>3:5,,16,15,
2026_07_15_01_26_56,000112,4,all-cavs,fullperception_pcs,grid,utility,utility,none,0,0,,singleton,20,,4;16,4,,{},"{""4"": 4850}",0,43.75528364849833,10,40.0,ns3,899,0.5,10,12,28,1,1,[43.75528364849833],[670656],,,11,26,
2026_07_15_01_26_56,000112,5,all-cavs,fullperception_pcs,grid,utility,utility,none,0,0,,singleton,20,,5;15,5,,{},"{""5"": 4910}",0,43.75528364849833,10,40.0,ns3,899,0.5,10,12,28,1,1,[43.75528364849833],[670656],,,12,16,
2026_07_15_01_26_56,000112,6,all-cavs,fullperception_pcs,grid,utility,utility,none,0,0,,singleton,20,,6;9,6,,{},"{""6"": 4686}",0,43.75528364849833,10,40.0,ns3,899,0.5,10,12,28,1,1,[43.75528364849833],[670656],,,12,16,
2026_07_15_01_26_56,000112,7,all-cavs,fullperception_pcs,grid,utility,utility,none,0,0,,singleton,20,,7;18,7,,{},"{""7"": 4917}",0,43.75528364849833,10,40.0,ns3,899,0.5,10,12,28,1,1,[43.75528364849833],[670656],,,14,13,
2026_07_15_01_26_56,000112,8,all-cavs,fullperception_pcs,grid,utility,utility,none,0,0,,singleton,20,,8,8,,{},"{""8"": 4834}",0,43.75528364849833,10,40.0,ns3,899,0.5,10,12,28,1,1,[43.75528364849833],[670656],,,11,22,
2026_07_15_01_26_56,000112,9,all-cavs,fullperception_pcs,grid,utility,utility,none,0,0,,singleton,20,,6;9,9;6,6,"{""6"": 38}","{""6"": 4384, ""9"": 4855}",70144,43.75528364849833,10,40.0,ns3,899,0.5,10,12,28,1,1,[43.75528364849833],[670656],6>9:0,,13,19,
2026_07_15_01_26_56,000112,10,all-cavs,fullperception_pcs,grid,utility,utility,none,0,0,,singleton,20,,10,10,,{},"{""10"": 4928}",0,43.75528364849833,10,40.0,ns3,899,0.5,10,12,28,1,1,[43.75528364849833],[670656],,,20,25,
2026_07_15_01_26_56,000112,11,all-cavs,fullperception_pcs,grid,utility,utility,none,0,0,,singleton,20,,11;12,11;12,12,"{""12"": 46}","{""11"": 4912, ""12"": 4870}",77920,43.75528364849833,10,40.0,ns3,899,0.5,10,12,28,1,1,[43.75528364849833],[670656],12>11:8,,18,27,
2026_07_15_01_26_56,000112,12,all-cavs,fullperception_pcs,grid,utility,utility,none,0,0,,singleton,20,,11;12,12,,{},"{""12"": 5013}",0,43.75528364849833,10,40.0,ns3,899,0.5,10,12,28,1,1,[43.75528364849833],[670656],,,8,10,
2026_07_15_01_26_56,000112,13,all-cavs,fullperception_pcs,grid,utility,utility,none,0,0,,singleton,20,,13;20,13,,{},"{""13"": 4707}",0,43.75528364849833,10,40.0,ns3,899,0.5,10,12,28,1,1,[43.75528364849833],[670656],,,8,11,
2026_07_15_01_26_56,000112,14,all-cavs,fullperception_pcs,grid,utility,utility,none,0,0,,singleton,20,,2;14,14,,{},"{""14"": 4813}",0,43.75528364849833,10,40.0,ns3,899,0.5,10,12,28,1,1,[43.75528364849833],[670656],,,3,1,
2026_07_15_01_26_56,000112,15,all-cavs,fullperception_pcs,grid,utility,utility,none,0,0,,singleton,20,,5;15,15;5,5,"{""5"": 20}","{""5"": 3814, ""15"": 4776}",61024,43.75528364849833,10,40.0,ns3,899,0.5,10,12,28,1,1,[43.75528364849833],[670656],5>15:2,,14,18,
2026_07_15_01_26_56,000112,16,all-cavs,fullperception_pcs,grid,utility,utility,none,0,0,,singleton,20,,4;16,16;4,4,"{""4"": 52}","{""4"": 4823, ""16"": 4976}",77168,43.75528364849833,10,40.0,ns3,899,0.5,10,12,28,1,1,[43.75528364849833],[670656],4>16:4,,19,41,
2026_07_15_01_26_56,000112,17,all-cavs,fullperception_pcs,grid,utility,utility,none,0,0,,singleton,20,,1;17,17,,{},"{""17"": 4995}",0,43.75528364849833,10,40.0,ns3,899,0.5,10,12,28,1,1,[43.75528364849833],[670656],,,15,13,
2026_07_15_01_26_56,000112,18,all-cavs,fullperception_pcs,grid,utility,utility,none,0,0,,singleton,20,,7;18,18;7,7,"{""7"": 61}","{""7"": 4917, ""18"": 4899}",78672,43.75528364849833,10,40.0,ns3,899,0.5,10,12,28,1,1,[43.75528364849833],[670656],7>18:6,,21,18,
2026_07_15_01_26_56,000112,19,all-cavs,fullperception_pcs,grid,utility,utility,none,0,0,,singleton,20,,3;19,19,,{},"{""19"": 4827}",0,43.75528364849833,10,40.0,ns3,899,0.5,10,12,28,1,1,[43.75528364849833],[670656],,,13,15,
2026_07_15_01_26_56,000112,20,all-cavs,fullperception_pcs,grid,utility,utility,none,0,0,,singleton,20,,13;20,20;13,13,"{""13"": 51}","{""13"": 4634, ""20"": 4898}",74144,43.75528364849833,10,40.0,ns3,899,0.5,10,12,28,1,1,[43.75528364849833],[670656],13>20:3,,19,24,
2026_07_15_01_26_56,000114,1,all-cavs,fullperception_pcs,grid,utility,utility,none,0,0,,singleton,20,,1;17,1;17,17,"{""17"": 64}","{""1"": 4926, ""17"": 4921}",78736,43.7908787541713,10,40.0,ns3,899,0.5,10,12,28,1,1,[43.7908787541713],[654304],17>1:6,,27,24,
2026_07_15_01_26_56,000114,2,all-cavs,fullperception_pcs,grid,utility,utility,none,0,0,,singleton,20,,2;14,2;14,14,"{""14"": 55}","{""2"": 4858, ""14"": 4751}",76016,43.7908787541713,10,40.0,ns3,899,0.5,10,12,28,1,1,[43.7908787541713],[654304],14>2:3,,14,23,
2026_07_15_01_26_56,000114,3,all-cavs,fullperception_pcs,grid,utility,utility,none,0,0,,singleton,20,,3;19,3;19,19,"{""19"": 61}","{""3"": 4978, ""19"": 4826}",77216,43.7908787541713,10,40.0,ns3,899,0.5,10,12,28,1,1,[43.7908787541713],[654304],19>3:5,,16,15,
2026_07_15_01_26_56,000114,4,all-cavs,fullperception_pcs,grid,utility,utility,none,0,0,,singleton,20,,4;6,4,,{},"{""4"": 4851}",0,43.7908787541713,10,40.0,ns3,899,0.5,10,12,28,1,1,[43.7908787541713],[654304],,,11,26,
2026_07_15_01_26_56,000114,5,all-cavs,fullperception_pcs,grid,utility,utility,none,0,0,,singleton,20,,5;15,5,,{},"{""5"": 4909}",0,43.7908787541713,10,40.0,ns3,899,0.5,10,12,28,1,1,[43.7908787541713],[654304],,,15,16,
2026_07_15_01_26_56,000114,6,all-cavs,fullperception_pcs,grid,utility,utility,none,0,0,,singleton,20,,4;6,6;4,4,"{""4"": 39}","{""4"": 4300, ""6"": 4680}",68800,43.7908787541713,10,40.0,ns3,899,0.5,10,12,28,1,1,[43.7908787541713],[654304],4>6:1,,14,36,
2026_07_15_01_26_56,000114,7,all-cavs,fullperception_pcs,grid,utility,utility,none,0,0,,singleton,20,,7;18,7,,{},"{""7"": 4919}",0,43.7908787541713,10,40.0,ns3,899,0.5,10,12,28,1,1,[43.7908787541713],[654304],,,13,14,
2026_07_15_01_26_56,000114,8,all-cavs,fullperception_pcs,grid,utility,utility,none,0,0,,singleton,20,,8,8,,{},"{""8"": 4834}",0,43.7908787541713,10,40.0,ns3,899,0.5,10,12,28,1,1,[43.7908787541713],[654304],,,12,22,
2026_07_15_01_26_56,000114,9,all-cavs,fullperception_pcs,grid,utility,utility,none,0,0,,singleton,20,,9;20,9;20,20,"{""20"": 27}","{""9"": 4854, ""20"": 3857}",61712,43.7908787541713,10,40.0,ns3,899,0.5,10,12,28,1,1,[43.7908787541713],[654304],20>9:0,,20,30,
2026_07_15_01_26_56,000114,10,all-cavs,fullperception_pcs,grid,utility,utility,none,0,0,,singleton,20,,10,10,,{},"{""10"": 4928}",0,43.7908787541713,10,40.0,ns3,899,0.5,10,12,28,1,1,[43.7908787541713],[654304],,,20,25,
2026_07_15_01_26_56,000114,11,all-cavs,fullperception_pcs,grid,utility,utility,none,0,0,,singleton,20,,11;12,11;12,12,"{""12"": 46}","{""11"": 4911, ""12"": 4877}",78032,43.7908787541713,10,40.0,ns3,899,0.5,10,12,28,1,1,[43.7908787541713],[654304],12>11:7,,20,29,
2026_07_15_01_26_56,000114,12,all-cavs,fullperception_pcs,grid,utility,utility,none,0,0,,singleton,20,,11;12,12,,{},"{""12"": 5019}",0,43.7908787541713,10,40.0,ns3,899,0.5,10,12,28,1,1,[43.7908787541713],[654304],,,8,12,
2026_07_15_01_26_56,000114,13,all-cavs,fullperception_pcs,grid,utility,utility,none,0,0,,singleton,20,,13;16,13,,{},"{""13"": 4726}",0,43.7908787541713,10,40.0,ns3,899,0.5,10,12,28,1,1,[43.7908787541713],[654304],,,8,12,
2026_07_15_01_26_56,000114,14,all-cavs,fullperception_pcs,grid,utility,utility,none,0,0,,singleton,20,,2;14,14,,{},"{""14"": 4823}",0,43.7908787541713,10,40.0,ns3,899,0.5,10,12,28,1,1,[43.7908787541713],[654304],,,3,2,
2026_07_15_01_26_56,000114,15,all-cavs,fullperception_pcs,grid,utility,utility,none,0,0,,singleton,20,,5;15,15;5,5,"{""5"": 20}","{""5"": 3785, ""15"": 4789}",60560,43.7908787541713,10,40.0,ns3,899,0.5,10,12,28,1,1,[43.7908787541713],[654304],5>15:2,,15,20,
2026_07_15_01_26_56,000114,16,all-cavs,fullperception_pcs,grid,utility,utility,none,0,0,,singleton,20,,13;16,16;13,13,"{""13"": 53}","{""13"": 4658, ""16"": 4987}",74528,43.7908787541713,10,40.0,ns3,899,0.5,10,12,28,1,1,[43.7908787541713],[654304],13>16:4,,16,32,
2026_07_15_01_26_56,000114,17,all-cavs,fullperception_pcs,grid,utility,utility,none,0,0,,singleton,20,,1;17,17,,{},"{""17"": 5006}",0,43.7908787541713,10,40.0,ns3,899,0.5,10,12,28,1,1,[43.7908787541713],[654304],,,14,13,
2026_07_15_01_26_56,000114,18,all-cavs,fullperception_pcs,grid,utility,utility,none,0,0,,singleton,20,,7;18,18;7,7,"{""7"": 61}","{""7"": 4919, ""18"": 4917}",78704,43.7908787541713,10,40.0,ns3,899,0.5,10,12,28,1,1,[43.7908787541713],[654304],7>18:1,,20,19,
2026_07_15_01_26_56,000114,19,all-cavs,fullperception_pcs,grid,utility,utility,none,0,0,,singleton,20,,3;19,19,,{},"{""19"": 4828}",0,43.7908787541713,10,40.0,ns3,899,0.5,10,12,28,1,1,[43.7908787541713],[654304],,,10,15,
2026_07_15_01_26_56,000114,20,all-cavs,fullperception_pcs,grid,utility,utility,none,0,0,,singleton,20,,9;20,20,,{},"{""20"": 4899}",0,43.7908787541713,10,40.0,ns3,899,0.5,10,12,28,1,1,[43.7908787541713],[654304],,,18,19,
2026_07_15_01_26_56,000116,1,all-cavs,fullperception_pcs,grid,utility,utility,none,0,0,,singleton,20,,1;17,1;17,17,"{""17"": 60}","{""1"": 4926, ""17"": 4926}",78816,43.83537263626251,10,40.0,ns3,899,0.5,10,12,28,1,1,[43.83537263626251],[674352],17>1:5,,26,24,
2026_07_15_01_26_56,000116,2,all-cavs,fullperception_pcs,grid,utility,utility,none,0,0,,singleton,20,,2;4,2;4,4,"{""4"": 52}","{""2"": 4858, ""4"": 4824}",77184,43.83537263626251,10,40.0,ns3,899,0.5,10,12,28,1,1,[43.83537263626251],[674352],4>2:2,,23,40,
2026_07_15_01_26_56,000116,3,all-cavs,fullperception_pcs,grid,utility,utility,none,0,0,,singleton,20,,3;19,3;19,19,"{""19"": 62}","{""3"": 4990, ""19"": 4827}",77232,43.83537263626251,10,40.0,ns3,899,0.5,10,12,28,1,1,[43.83537263626251],[674352],19>3:6,,17,15,
2026_07_15_01_26_56,000116,4,all-cavs,fullperception_pcs,grid,utility,utility,none,0,0,,singleton,20,,2;4,4,,{},"{""4"": 4849}",0,43.83537263626251,10,40.0,ns3,899,0.5,10,12,28,1,1,[43.83537263626251],[674352],,,11,26,
2026_07_15_01_26_56,000116,5,all-cavs,fullperception_pcs,grid,utility,utility,none,0,0,,singleton,20,,5;15,5,,{},"{""5"": 4920}",0,43.83537263626251,10,40.0,ns3,899,0.5,10,12,28,1,1,[43.83537263626251],[674352],,,15,14,
2026_07_15_01_26_56,000116,6,all-cavs,fullperception_pcs,grid,utility,utility,none,0,0,,singleton,20,,6;13,6;13,13,"{""13"": 47}","{""6"": 4710, ""13"": 4654}",74464,43.83537263626251,10,40.0,ns3,899,0.5,10,12,28,1,1,[43.83537263626251],[674352],13>6:1,,14,26,
2026_07_15_01_26_56,000116,7,all-cavs,fullperception_pcs,grid,utility,utility,none,0,0,,singleton,20,,7;18,7,,{},"{""7"": 4918}",0,43.83537263626251,10,40.0,ns3,899,0.5,10,12,28,1,1,[43.83537263626251],[674352],,,14,14,
2026_07_15_01_26_56,000116,8,all-cavs,fullperception_pcs,grid,utility,utility,none,0,0,,singleton,20,,8;9,8,,{},"{""8"": 4836}",0,43.83537263626251,10,40.0,ns3,899,0.5,10,12,28,1,1,[43.83537263626251],[674352],,,12,22,
2026_07_15_01_26_56,000116,9,all-cavs,fullperception_pcs,grid,utility,utility,none,0,0,,singleton,20,,8;9,9;8,8,"{""8"": 33}","{""8"": 4593, ""9"": 4853}",73488,43.83537263626251,10,40.0,ns3,899,0.5,10,12,28,1,1,[43.83537263626251],[674352],8>9:0,,16,41,
2026_07_15_01_26_56,000116,10,all-cavs,fullperception_pcs,grid,utility,utility,none,0,0,,singleton,20,,10,10,,{},"{""10"": 4925}",0,43.83537263626251,10,40.0,ns3,899,0.5,10,12,28,1,1,[43.83537263626251],[674352],,,19,25,
2026_07_15_01_26_56,000116,11,all-cavs,fullperception_pcs,grid,utility,utility,none,0,0,,singleton,20,,11;12,11;12,12,"{""12"": 48}","{""11"": 4911, ""12"": 4873}",77968,43.83537263626251,10,40.0,ns3,899,0.5,10,12,28,1,1,[43.83537263626251],[674352],12>11:7,,18,27,
2026_07_15_01_26_56,000116,12,all-cavs,fullperception_pcs,grid,utility,utility,none,0,0,,singleton,20,,11;12,12,,{},"{""12"": 4999}",0,43.83537263626251,10,40.0,ns3,899,0.5,10,12,28,1,1,[43.83537263626251],[674352],,,7,10,
2026_07_15_01_26_56,000116,13,all-cavs,fullperception_pcs,grid,utility,utility,none,0,0,,singleton,20,,6;13,13,,{},"{""13"": 4746}",0,43.83537263626251,10,40.0,ns3,899,0.5,10,12,28,1,1,[43.83537263626251],[674352],,,10,12,
2026_07_15_01_26_56,000116,14,all-cavs,fullperception_pcs,grid,utility,utility,none,0,0,,singleton,20,,14;16,14,,{},"{""14"": 4826}",0,43.83537263626251,10,40.0,ns3,899,0.5,10,12,28,1,1,[43.83537263626251],[674352],,,4,2,
2026_07_15_01_26_56,000116,15,all-cavs,fullperception_pcs,grid,utility,utility,none,0,0,,singleton,20,,5;15,15;5,5,"{""5"": 21}","{""5"": 3770, ""15"": 4804}",60320,43.83537263626251,10,40.0,ns3,899,0.5,10,12,28,1,1,[43.83537263626251],[674352],5>15:3,,16,20,
2026_07_15_01_26_56,000116,16,all-cavs,fullperception_pcs,grid,utility,utility,none,0,0,,singleton,20,,14;16,16;14,14,"{""14"": 55}","{""14"": 4762, ""16"": 4994}",76192,43.83537263626251,10,40.0,ns3,899,0.5,10,12,28,1,1,[43.83537263626251],[674352],14>16:4,,15,20,
2026_07_15_01_26_56,000116,17,all-cavs,fullperception_pcs,grid,utility,utility,none,0,0,,singleton,20,,1;17,17,,{},"{""17"": 5014}",0,43.83537263626251,10,40.0,ns3,899,0.5,10,12,28,1,1,[43.83537263626251],[674352],,,16,13,
2026_07_15_01_26_56,000116,18,all-cavs,fullperception_pcs,grid,utility,utility,none,0,0,,singleton,20,,7;18,18;7,7,"{""7"": 61}","{""7"": 4918, ""18"": 4888}",78688,43.83537263626251,10,40.0,ns3,899,0.5,10,12,28,1,1,[43.83537263626251],[674352],7>18:1,,15,19,
2026_07_15_01_26_56,000116,19,all-cavs,fullperception_pcs,grid,utility,utility,none,0,0,,singleton,20,,3;19,19,,{},"{""19"": 4829}",0,43.83537263626251,10,40.0,ns3,899,0.5,10,12,28,1,1,[43.83537263626251],[674352],,,11,15,
2026_07_15_01_26_56,000116,20,all-cavs,fullperception_pcs,grid,utility,utility,none,0,0,,singleton,20,,20,20,,{},"{""20"": 4899}",0,43.83537263626251,10,40.0,ns3,899,0.5,10,12,28,1,1,[43.83537263626251],[674352],,,18,19,
2026_07_15_01_26_56,000118,1,all-cavs,fullperception_pcs,grid,utility,utility,none,0,0,,singleton,20,,1;17,1;17,17,"{""17"": 60}","{""1"": 4927, ""17"": 4927}",78832,43.844271412680754,10,40.0,ns3,899,0.5,10,12,28,1,1,[43.844271412680754],[662704],17>1:4,,30,24,
2026_07_15_01_26_56,000118,2,all-cavs,fullperception_pcs,grid,utility,utility,none,0,0,,singleton,20,,2;20,2;20,20,"{""20"": 40}","{""2"": 4868, ""20"": 4208}",67328,43.844271412680754,10,40.0,ns3,899,0.5,10,12,28,1,1,[43.844271412680754],[662704],20>2:1,,31,41,
2026_07_15_01_26_56,000118,3,all-cavs,fullperception_pcs,grid,utility,utility,none,0,0,,singleton,20,,3;19,3;19,19,"{""19"": 62}","{""3"": 4987, ""19"": 4827}",77232,43.844271412680754,10,40.0,ns3,899,0.5,10,12,28,1,1,[43.844271412680754],[662704],19>3:6,,16,15,
2026_07_15_01_26_56,000118,4,all-cavs,fullperception_pcs,grid,utility,utility,none,0,0,,singleton,20,,4;14,4,,{},"{""4"": 4849}",0,43.844271412680754,10,40.0,ns3,899,0.5,10,12,28,1,1,[43.844271412680754],[662704],,,12,25,
2026_07_15_01_26_56,000118,5,all-cavs,fullperception_pcs,grid,utility,utility,none,0,0,,singleton,20,,5;15,5,,{},"{""5"": 4904}",0,43.844271412680754,10,40.0,ns3,899,0.5,10,12,28,1,1,[43.844271412680754],[662704],,,17,14,
2026_07_15_01_26_56,000118,6,all-cavs,fullperception_pcs,grid,utility,utility,none,0,0,,singleton,20,,6;9,6,,{},"{""6"": 4718}",0,43.844271412680754,10,40.0,ns3,899,0.5,10,12,28,1,1,[43.844271412680754],[662704],,,11,16,
2026_07_15_01_26_56,000118,7,all-cavs,fullperception_pcs,grid,utility,utility,none,0,0,,singleton,20,,7;18,7,,{},"{""7"": 4916}",0,43.844271412680754,10,40.0,ns3,899,0.5,10,12,28,1,1,[43.844271412680754],[662704],,,14,14,
2026_07_15_01_26_56,000118,8,all-cavs,fullperception_pcs,grid,utility,utility,none,0,0,,singleton,20,,8,8,,{},"{""8"": 4838}",0,43.844271412680754,10,40.0,ns3,899,0.5,10,12,28,1,1,[43.844271412680754],[662704],,,13,22,
2026_07_15_01_26_56,000118,9,all-cavs,fullperception_pcs,grid,utility,utility,none,0,0,,singleton,20,,6;9,9;6,6,"{""6"": 37}","{""6"": 4403, ""9"": 4853}",70448,43.844271412680754,10,40.0,ns3,899,0.5,10,12,28,1,1,[43.844271412680754],[662704],6>9:0,,13,17,
2026_07_15_01_26_56,000118,10,all-cavs,fullperception_pcs,grid,utility,utility,none,0,0,,singleton,20,,10,10,,{},"{""10"": 4926}",0,43.844271412680754,10,40.0,ns3,899,0.5,10,12,28,1,1,[43.844271412680754],[662704],,,19,26,
2026_07_15_01_26_56,000118,11,all-cavs,fullperception_pcs,grid,utility,utility,none,0,0,,singleton,20,,11;12,11;12,12,"{""12"": 45}","{""11"": 4914, ""12"": 4900}",78400,43.844271412680754,10,40.0,ns3,899,0.5,10,12,28,1,1,[43.844271412680754],[662704],12>11:8,,17,28,
2026_07_15_01_26_56,000118,12,all-cavs,fullperception_pcs,grid,utility,utility,none,0,0,,singleton,20,,11;12,12,,{},"{""12"": 5018}",0,43.844271412680754,10,40.0,ns3,899,0.5,10,12,28,1,1,[43.844271412680754],[662704],,,8,11,
2026_07_15_01_26_56,000118,13,all-cavs,fullperception_pcs,grid,utility,utility,none,0,0,,singleton,20,,13;16,13,,{},"{""13"": 4711}",0,43.844271412680754,10,40.0,ns3,899,0.5,10,12,28,1,1,[43.844271412680754],[662704],,,7,12,
2026_07_15_01_26_56,000118,14,all-cavs,fullperception_pcs,grid,utility,utility,none,0,0,,singleton,20,,4;14,14;4,4,"{""4"": 52}","{""4"": 4824, ""14"": 4863}",77184,43.844271412680754,10,40.0,ns3,899,0.5,10,12,28,1,1,[43.844271412680754],[662704],4>14:7,,4,1,
2026_07_15_01_26_56,000118,15,all-cavs,fullperception_pcs,grid,utility,utility,none,0,0,,singleton,20,,5;15,15;5,5,"{""5"": 22}","{""5"": 3770, ""15"": 4815}",60320,43.844271412680754,10,40.0,ns3,899,0.5,10,12,28,1,1,[43.844271412680754],[662704],5>15:3,,14,18,
2026_07_15_01_26_56,000118,16,all-cavs,fullperception_pcs,grid,utility,utility,none,0,0,,singleton,20,,13;16,16;13,13,"{""13"": 54}","{""13"": 4644, ""16"": 4998}",74304,43.844271412680754,10,40.0,ns3,899,0.5,10,12,28,1,1,[43.844271412680754],[662704],13>16:2,,13,32,
2026_07_15_01_26_56,000118,17,all-cavs,fullperception_pcs,grid,utility,utility,none,0,0,,singleton,20,,1;17,17,,{},"{""17"": 5023}",0,43.844271412680754,10,40.0,ns3,899,0.5,10,12,28,1,1,[43.844271412680754],[662704],,,14,13,
2026_07_15_01_26_56,000118,18,all-cavs,fullperception_pcs,grid,utility,utility,none,0,0,,singleton,20,,7;18,18;7,7,"{""7"": 61}","{""7"": 4916, ""18"": 4898}",78656,43.844271412680754,10,40.0,ns3,899,0.5,10,12,28,1,1,[43.844271412680754],[662704],7>18:5,,17,19,
2026_07_15_01_26_56,000118,19,all-cavs,fullperception_pcs,grid,utility,utility,none,0,0,,singleton,20,,3;19,19,,{},"{""19"": 4828}",0,43.844271412680754,10,40.0,ns3,899,0.5,10,12,28,1,1,[43.844271412680754],[662704],,,13,15,
2026_07_15_01_26_56,000118,20,all-cavs,fullperception_pcs,grid,utility,utility,none,0,0,,singleton,20,,2;20,20,,{},"{""20"": 4899}",0,43.844271412680754,10,40.0,ns3,899,0.5,10,12,28,1,1,[43.844271412680754],[662704],,,18,19,
2026_07_15_01_26_56,000120,1,all-cavs,fullperception_pcs,grid,utility,utility,none,0,0,,singleton,20,,1;17,1;17,17,"{""17"": 60}","{""1"": 4928, ""17"": 4937}",78992,43.93325917686318,10,40.0,ns3,899,0.5,10,12,28,1,1,[43.93325917686318],[662128],17>1:4,,28,24,
2026_07_15_01_26_56,000120,2,all-cavs,fullperception_pcs,grid,utility,utility,none,0,0,,singleton,20,,2;20,2;20,20,"{""20"": 40}","{""2"": 4867, ""20"": 4193}",67088,43.93325917686318,10,40.0,ns3,899,0.5,10,12,28,1,1,[43.93325917686318],[662128],20>2:1,,31,41,
2026_07_15_01_26_56,000120,3,all-cavs,fullperception_pcs,grid,utility,utility,none,0,0,,singleton,20,,3;19,3;19,19,"{""19"": 62}","{""3"": 4986, ""19"": 4829}",77264,43.93325917686318,10,40.0,ns3,899,0.5,10,12,28,1,1,[43.93325917686318],[662128],19>3:6,,16,15,
2026_07_15_01_26_56,000120,4,all-cavs,fullperception_pcs,grid,utility,utility,none,0,0,,singleton,20,,4;14,4,,{},"{""4"": 4848}",0,43.93325917686318,10,40.0,ns3,899,0.5,10,12,28,1,1,[43.93325917686318],[662128],,,12,25,
2026_07_15_01_26_56,000120,5,all-cavs,fullperception_pcs,grid,utility,utility,none,0,0,,singleton,20,,5;15,5,,{},"{""5"": 4901}",0,43.93325917686318,10,40.0,ns3,899,0.5,10,12,28,1,1,[43.93325917686318],[662128],,,14,14,
2026_07_15_01_26_56,000120,6,all-cavs,fullperception_pcs,grid,utility,utility,none,0,0,,singleton,20,,6;9,6,,{},"{""6"": 4711}",0,43.93325917686318,10,40.0,ns3,899,0.5,10,12,28,1,1,[43.93325917686318],[662128],,,10,16,
2026_07_15_01_26_56,000120,7,all-cavs,fullperception_pcs,grid,utility,utility,none,0,0,,singleton,20,,7;18,7,,{},"{""7"": 4915}",0,43.93325917686318,10,40.0,ns3,899,0.5,10,12,28,1,1,[43.93325917686318],[662128],,,13,14,
2026_07_15_01_26_56,000120,8,all-cavs,fullperception_pcs,grid,utility,utility,none,0,0,,singleton,20,,8,8,,{},"{""8"": 4837}",0,43.93325917686318,10,40.0,ns3,899,0.5,10,12,28,1,1,[43.93325917686318],[662128],,,12,21,
2026_07_15_01_26_56,000120,9,all-cavs,fullperception_pcs,grid,utility,utility,none,0,0,,singleton,20,,6;9,9;6,6,"{""6"": 37}","{""6"": 4389, ""9"": 4854}",70224,43.93325917686318,10,40.0,ns3,899,0.5,10,12,28,1,1,[43.93325917686318],[662128],6>9:0,,13,17,
2026_07_15_01_26_56,000120,10,all-cavs,fullperception_pcs,grid,utility,utility,none,0,0,,singleton,20,,10,10,,{},"{""10"": 4927}",0,43.93325917686318,10,40.0,ns3,899,0.5,10,12,28,1,1,[43.93325917686318],[662128],,,19,26,
2026_07_15_01_26_56,000120,11,all-cavs,fullperception_pcs,grid,utility,utility,none,0,0,,singleton,20,,11;12,11;12,12,"{""12"": 47}","{""11"": 4913, ""12"": 4901}",78416,43.93325917686318,10,40.0,ns3,899,0.5,10,12,28,1,1,[43.93325917686318],[662128],12>11:8,,18,26,
2026_07_15_01_26_56,000120,12,all-cavs,fullperception_pcs,grid,utility,utility,none,0,0,,singleton,20,,11;12,12,,{},"{""12"": 5020}",0,43.93325917686318,10,40.0,ns3,899,0.5,10,12,28,1,1,[43.93325917686318],[662128],,,10,10,
2026_07_15_01_26_56,000120,13,all-cavs,fullperception_pcs,grid,utility,utility,none,0,0,,singleton,20,,13;16,13,,{},"{""13"": 4704}",0,43.93325917686318,10,40.0,ns3,899,0.5,10,12,28,1,1,[43.93325917686318],[662128],,,5,12,
2026_07_15_01_26_56,000120,14,all-cavs,fullperception_pcs,grid,utility,utility,none,0,0,,singleton,20,,4;14,14;4,4,"{""4"": 51}","{""4"": 4823, ""14"": 4863}",77168,43.93325917686318,10,40.0,ns3,899,0.5,10,12,28,1,1,[43.93325917686318],[662128],4>14:7,,3,1,
2026_07_15_01_26_56,000120,15,all-cavs,fullperception_pcs,grid,utility,utility,none,0,0,,singleton,20,,5;15,15;5,5,"{""5"": 22}","{""5"": 3758, ""15"": 4811}",60128,43.93325917686318,10,40.0,ns3,899,0.5,10,12,28,1,1,[43.93325917686318],[662128],5>15:2,,14,18,
2026_07_15_01_26_56,000120,16,all-cavs,fullperception_pcs,grid,utility,utility,none,0,0,,singleton,20,,13;16,16;13,13,"{""13"": 56}","{""13"": 4638, ""16"": 4996}",74208,43.93325917686318,10,40.0,ns3,899,0.5,10,12,28,1,1,[43.93325917686318],[662128],13>16:3,,17,30,
2026_07_15_01_26_56,000120,17,all-cavs,fullperception_pcs,grid,utility,utility,none,0,0,,singleton,20,,1;17,17,,{},"{""17"": 5031}",0,43.93325917686318,10,40.0,ns3,899,0.5,10,12,28,1,1,[43.93325917686318],[662128],,,15,13,
2026_07_15_01_26_56,000120,18,all-cavs,fullperception_pcs,grid,utility,utility,none,0,0,,singleton,20,,7;18,18;7,7,"{""7"": 61}","{""7"": 4915, ""18"": 4887}",78640,43.93325917686318,10,40.0,ns3,899,0.5,10,12,28,1,1,[43.93325917686318],[662128],7>18:5,,18,19,
2026_07_15_01_26_56,000120,19,all-cavs,fullperception_pcs,grid,utility,utility,none,0,0,,singleton,20,,3;19,19,,{},"{""19"": 4830}",0,43.93325917686318,10,40.0,ns3,899,0.5,10,12,28,1,1,[43.93325917686318],[662128],,,14,16,
2026_07_15_01_26_56,000120,20,all-cavs,fullperception_pcs,grid,utility,utility,none,0,0,,singleton,20,,2;20,20,,{},"{""20"": 4901}",0,43.93325917686318,10,40.0,ns3,899,0.5,10,12,28,1,1,[43.93325917686318],[662128],,,17,19,
2026_07_15_01_26_56,000122,1,all-cavs,fullperception_pcs,grid,utility,utility,none,0,0,,singleton,20,,1;17,1;17,17,"{""17"": 60}","{""1"": 4925, ""17"": 4939}",79024,43.951056729699665,10,40.0,ns3,899,0.5,10,12,28,1,1,[43.951056729699665],[662016],17>1:4,,25,24,
2026_07_15_01_26_56,000122,2,all-cavs,fullperception_pcs,grid,utility,utility,none,0,0,,singleton,20,,2;20,2;20,20,"{""20"": 39}","{""2"": 4867, ""20"": 4183}",66928,43.951056729699665,10,40.0,ns3,899,0.5,10,12,28,1,1,[43.951056729699665],[662016],20>2:1,,28,41,
2026_07_15_01_26_56,000122,3,all-cavs,fullperception_pcs,grid,utility,utility,none,0,0,,singleton,20,,3;19,3;19,19,"{""19"": 62}","{""3"": 4990, ""19"": 4825}",77200,43.951056729699665,10,40.0,ns3,899,0.5,10,12,28,1,1,[43.951056729699665],[662016],19>3:6,,16,15,
2026_07_15_01_26_56,000122,4,all-cavs,fullperception_pcs,grid,utility,utility,none,0,0,,singleton,20,,4;14,4,,{},"{""4"": 4847}",0,43.951056729699665,10,40.0,ns3,899,0.5,10,12,28,1,1,[43.951056729699665],[662016],,,10,26,
2026_07_15_01_26_56,000122,5,all-cavs,fullperception_pcs,grid,utility,utility,none,0,0,,singleton,20,,5;15,5,,{},"{""5"": 4902}",0,43.951056729699665,10,40.0,ns3,899,0.5,10,12,28,1,1,[43.951056729699665],[662016],,,15,12,
2026_07_15_01_26_56,000122,6,all-cavs,fullperception_pcs,grid,utility,utility,none,0,0,,singleton,20,,6;9,6,,{},"{""6"": 4722}",0,43.951056729699665,10,40.0,ns3,899,0.5,10,12,28,1,1,[43.951056729699665],[662016],,,11,17,
2026_07_15_01_26_56,000122,7,all-cavs,fullperception_pcs,grid,utility,utility,none,0,0,,singleton,20,,7;18,7,,{},"{""7"": 4915}",0,43.951056729699665,10,40.0,ns3,899,0.5,10,12,28,1,1,[43.951056729699665],[662016],,,12,14,
2026_07_15_01_26_56,000122,8,all-cavs,fullperception_pcs,grid,utility,utility,none,0,0,,singleton,20,,8,8,,{},"{""8"": 4838}",0,43.951056729699665,10,40.0,ns3,899,0.5,10,12,28,1,1,[43.951056729699665],[662016],,,12,21,
2026_07_15_01_26_56,000122,9,all-cavs,fullperception_pcs,grid,utility,utility,none,0,0,,singleton,20,,6;9,9;6,6,"{""6"": 37}","{""6"": 4405, ""9"": 4851}",70480,43.951056729699665,10,40.0,ns3,899,0.5,10,12,28,1,1,[43.951056729699665],[662016],6>9:0,,14,16,
2026_07_15_01_26_56,000122,10,all-cavs,fullperception_pcs,grid,utility,utility,none,0,0,,singleton,20,,10,10,,{},"{""10"": 4927}",0,43.951056729699665,10,40.0,ns3,899,0.5,10,12,28,1,1,[43.951056729699665],[662016],,,20,25,
2026_07_15_01_26_56,000122,11,all-cavs,fullperception_pcs,grid,utility,utility,none,0,0,,singleton,20,,11;12,11;12,12,"{""12"": 45}","{""11"": 4911, ""12"": 4917}",78672,43.951056729699665,10,40.0,ns3,899,0.5,10,12,28,1,1,[43.951056729699665],[662016],12>11:8,,16,25,
2026_07_15_01_26_56,000122,12,all-cavs,fullperception_pcs,grid,utility,utility,none,0,0,,singleton,20,,11;12,12,,{},"{""12"": 5019}",0,43.951056729699665,10,40.0,ns3,899,0.5,10,12,28,1,1,[43.951056729699665],[662016],,,9,9,
2026_07_15_01_26_56,000122,13,all-cavs,fullperception_pcs,grid,utility,utility,none,0,0,,singleton,20,,13;16,13,,{},"{""13"": 4698}",0,43.951056729699665,10,40.0,ns3,899,0.5,10,12,28,1,1,[43.951056729699665],[662016],,,5,12,
2026_07_15_01_26_56,000122,14,all-cavs,fullperception_pcs,grid,utility,utility,none,0,0,,singleton,20,,4;14,14;4,4,"{""4"": 51}","{""4"": 4822, ""14"": 4861}",77152,43.951056729699665,10,40.0,ns3,899,0.5,10,12,28,1,1,[43.951056729699665],[662016],4>14:7,,3,1,
2026_07_15_01_26_56,000122,15,all-cavs,fullperception_pcs,grid,utility,utility,none,0,0,,singleton,20,,5;15,15;5,5,"{""5"": 21}","{""5"": 3733, ""15"": 4812}",59728,43.951056729699665,10,40.0,ns3,899,0.5,10,12,28,1,1,[43.951056729699665],[662016],5>15:2,,17,19,
2026_07_15_01_26_56,000122,16,all-cavs,fullperception_pcs,grid,utility,utility,none,0,0,,singleton,20,,13;16,16;13,13,"{""13"": 56}","{""13"": 4637, ""16"": 4999}",74192,43.951056729699665,10,40.0,ns3,899,0.5,10,12,28,1,1,[43.951056729699665],[662016],13>16:3,,13,30,
2026_07_15_01_26_56,000122,17,all-cavs,fullperception_pcs,grid,utility,utility,none,0,0,,singleton,20,,1;17,17,,{},"{""17"": 5030}",0,43.951056729699665,10,40.0,ns3,899,0.5,10,12,28,1,1,[43.951056729699665],[662016],,,14,13,
2026_07_15_01_26_56,000122,18,all-cavs,fullperception_pcs,grid,utility,utility,none,0,0,,singleton,20,,7;18,18;7,7,"{""7"": 61}","{""7"": 4915, ""18"": 4895}",78640,43.951056729699665,10,40.0,ns3,899,0.5,10,12,28,1,1,[43.951056729699665],[662016],7>18:5,,19,19,
2026_07_15_01_26_56,000122,19,all-cavs,fullperception_pcs,grid,utility,utility,none,0,0,,singleton,20,,3;19,19,,{},"{""19"": 4826}",0,43.951056729699665,10,40.0,ns3,899,0.5,10,12,28,1,1,[43.951056729699665],[662016],,,13,16,
2026_07_15_01_26_56,000122,20,all-cavs,fullperception_pcs,grid,utility,utility,none,0,0,,singleton,20,,2;20,20,,{},"{""20"": 4897}",0,43.951056729699665,10,40.0,ns3,899,0.5,10,12,28,1,1,[43.951056729699665],[662016],,,18,19,
2026_07_15_01_26_56,000124,1,all-cavs,fullperception_pcs,grid,utility,utility,none,0,0,,singleton,20,,1;17,1;17,17,"{""17"": 60}","{""1"": 4925, ""17"": 4941}",79056,43.96885428253615,10,40.0,ns3,899,0.5,10,12,28,1,1,[43.96885428253615],[661888],17>1:4,,27,24,
2026_07_15_01_26_56,000124,2,all-cavs,fullperception_pcs,grid,utility,utility,none,0,0,,singleton,20,,2;20,2;20,20,"{""20"": 39}","{""2"": 4868, ""20"": 4172}",66752,43.96885428253615,10,40.0,ns3,899,0.5,10,12,28,1,1,[43.96885428253615],[661888],20>2:1,,27,41,
2026_07_15_01_26_56,000124,3,all-cavs,fullperception_pcs,grid,utility,utility,none,0,0,,singleton,20,,3;19,3;19,19,"{""19"": 62}","{""3"": 4995, ""19"": 4828}",77248,43.96885428253615,10,40.0,ns3,899,0.5,10,12,28,1,1,[43.96885428253615],[661888],19>3:6,,14,16,
2026_07_15_01_26_56,000124,4,all-cavs,fullperception_pcs,grid,utility,utility,none,0,0,,singleton,20,,4;14,4,,{},"{""4"": 4850}",0,43.96885428253615,10,40.0,ns3,899,0.5,10,12,28,1,1,[43.96885428253615],[661888],,,11,26,
2026_07_15_01_26_56,000124,5,all-cavs,fullperception_pcs,grid,utility,utility,none,0,0,,singleton,20,,5;15,5,,{},"{""5"": 4870}",0,43.96885428253615,10,40.0,ns3,899,0.5,10,12,28,1,1,[43.96885428253615],[661888],,,18,13,
2026_07_15_01_26_56,000124,6,all-cavs,fullperception_pcs,grid,utility,utility,none,0,0,,singleton,20,,6;9,6,,{},"{""6"": 4737}",0,43.96885428253615,10,40.0,ns3,899,0.5,10,12,28,1,1,[43.96885428253615],[661888],,,11,17,
2026_07_15_01_26_56,000124,7,all-cavs,fullperception_pcs,grid,utility,utility,none,0,0,,singleton,20,,7;18,7,,{},"{""7"": 4910}",0,43.96885428253615,10,40.0,ns3,899,0.5,10,12,28,1,1,[43.96885428253615],[661888],,,13,14,
2026_07_15_01_26_56,000124,8,all-cavs,fullperception_pcs,grid,utility,utility,none,0,0,,singleton,20,,8,8,,{},"{""8"": 4840}",0,43.96885428253615,10,40.0,ns3,899,0.5,10,12,28,1,1,[43.96885428253615],[661888],,,13,21,
2026_07_15_01_26_56,000124,9,all-cavs,fullperception_pcs,grid,utility,utility,none,0,0,,singleton,20,,6;9,9;6,6,"{""6"": 38}","{""6"": 4424, ""9"": 4854}",70784,43.96885428253615,10,40.0,ns3,899,0.5,10,12,28,1,1,[43.96885428253615],[661888],6>9:0,,14,17,
2026_07_15_01_26_56,000124,10,all-cavs,fullperception_pcs,grid,utility,utility,none,0,0,,singleton,20,,10,10,,{},"{""10"": 4926}",0,43.96885428253615,10,40.0,ns3,899,0.5,10,12,28,1,1,[43.96885428253615],[661888],,,20,25,
2026_07_15_01_26_56,000124,11,all-cavs,fullperception_pcs,grid,utility,utility,none,0,0,,singleton,20,,11;12,11;12,12,"{""12"": 45}","{""11"": 4910, ""12"": 4880}",78080,43.96885428253615,10,40.0,ns3,899,0.5,10,12,28,1,1,[43.96885428253615],[661888],12>11:8,,19,26,
2026_07_15_01_26_56,000124,12,all-cavs,fullperception_pcs,grid,utility,utility,none,0,0,,singleton,20,,11;12,12,,{},"{""12"": 4985}",0,43.96885428253615,10,40.0,ns3,899,0.5,10,12,28,1,1,[43.96885428253615],[661888],,,9,10,
2026_07_15_01_26_56,000124,13,all-cavs,fullperception_pcs,grid,utility,utility,none,0,0,,singleton,20,,13;16,13,,{},"{""13"": 4711}",0,43.96885428253615,10,40.0,ns3,899,0.5,10,12,28,1,1,[43.96885428253615],[661888],,,8,11,
2026_07_15_01_26_56,000124,14,all-cavs,fullperception_pcs,grid,utility,utility,none,0,0,,singleton,20,,4;14,14;4,4,"{""4"": 51}","{""4"": 4824, ""14"": 4828}",77184,43.96885428253615,10,40.0,ns3,899,0.5,10,12,28,1,1,[43.96885428253615],[661888],4>14:7,,2,1,
2026_07_15_01_26_56,000124,15,all-cavs,fullperception_pcs,grid,utility,utility,none,0,0,,singleton,20,,5;15,15;5,5,"{""5"": 21}","{""5"": 3737, ""15"": 4813}",59792,43.96885428253615,10,40.0,ns3,899,0.5,10,12,28,1,1,[43.96885428253615],[661888],5>15:2,,17,20,
2026_07_15_01_26_56,000124,16,all-cavs,fullperception_pcs,grid,utility,utility,none,0,0,,singleton,20,,13;16,16;13,13,"{""13"": 58}","{""13"": 4652, ""16"": 5015}",74432,43.96885428253615,10,40.0,ns3,899,0.5,10,12,28,1,1,[43.96885428253615],[661888],13>16:3,,17,29,
2026_07_15_01_26_56,000124,17,all-cavs,fullperception_pcs,grid,utility,utility,none,0,0,,singleton,20,,1;17,17,,{},"{""17"": 5029}",0,43.96885428253615,10,40.0,ns3,899,0.5,10,12,28,1,1,[43.96885428253615],[661888],,,12,13,
2026_07_15_01_26_56,000124,18,all-cavs,fullperception_pcs,grid,utility,utility,none,0,0,,singleton,20,,7;18,18;7,7,"{""7"": 60}","{""7"": 4910, ""18"": 4891}",78560,43.96885428253615,10,40.0,ns3,899,0.5,10,12,28,1,1,[43.96885428253615],[661888],7>18:5,,18,19,
2026_07_15_01_26_56,000124,19,all-cavs,fullperception_pcs,grid,utility,utility,none,0,0,,singleton,20,,3;19,19,,{},"{""19"": 4829}",0,43.96885428253615,10,40.0,ns3,899,0.5,10,12,28,1,1,[43.96885428253615],[661888],,,12,16,
2026_07_15_01_26_56,000124,20,all-cavs,fullperception_pcs,grid,utility,utility,none,0,0,,singleton,20,,2;20,20,,{},"{""20"": 4897}",0,43.96885428253615,10,40.0,ns3,899,0.5,10,12,28,1,1,[43.96885428253615],[661888],,,17,19,
2026_07_15_01_26_56,000126,1,all-cavs,fullperception_pcs,grid,utility,utility,none,0,0,,singleton,20,,1;17,1;17,17,"{""17"": 59}","{""1"": 4926, ""17"": 4942}",79072,43.97775305895439,10,40.0,ns3,899,0.5,10,12,28,1,1,[43.97775305895439],[676304],17>1:5,,27,24,
2026_07_15_01_26_56,000126,2,all-cavs,fullperception_pcs,grid,utility,utility,none,0,0,,singleton,20,,2;5,2;5,5,"{""5"": 42}","{""2"": 4870, ""5"": 4157}",66512,43.97775305895439,10,40.0,ns3,899,0.5,10,12,28,1,1,[43.97775305895439],[676304],5>2:1,,24,37,
2026_07_15_01_26_56,000126,3,all-cavs,fullperception_pcs,grid,utility,utility,none,0,0,,singleton,20,,3;19,3;19,19,"{""19"": 62}","{""3"": 4998, ""19"": 4828}",77248,43.97775305895439,10,40.0,ns3,899,0.5,10,12,28,1,1,[43.97775305895439],[676304],19>3:7,,15,16,
2026_07_15_01_26_56,000126,4,all-cavs,fullperception_pcs,grid,utility,utility,none,0,0,,singleton,20,,4;14,4,,{},"{""4"": 4849}",0,43.97775305895439,10,40.0,ns3,899,0.5,10,12,28,1,1,[43.97775305895439],[676304],,,10,26,
2026_07_15_01_26_56,000126,5,all-cavs,fullperception_pcs,grid,utility,utility,none,0,0,,singleton,20,,2;5,5,,{},"{""5"": 4875}",0,43.97775305895439,10,40.0,ns3,899,0.5,10,12,28,1,1,[43.97775305895439],[676304],,,14,14,
2026_07_15_01_26_56,000126,6,all-cavs,fullperception_pcs,grid,utility,utility,none,0,0,,singleton,20,,6;9,6,,{},"{""6"": 4741}",0,43.97775305895439,10,40.0,ns3,899,0.5,10,12,28,1,1,[43.97775305895439],[676304],,,11,16,
2026_07_15_01_26_56,000126,7,all-cavs,fullperception_pcs,grid,utility,utility,none,0,0,,singleton,20,,7;18,7,,{},"{""7"": 4912}",0,43.97775305895439,10,40.0,ns3,899,0.5,10,12,28,1,1,[43.97775305895439],[676304],,,12,14,
2026_07_15_01_26_56,000126,8,all-cavs,fullperception_pcs,grid,utility,utility,none,0,0,,singleton,20,,8;15,8,,{},"{""8"": 4840}",0,43.97775305895439,10,40.0,ns3,899,0.5,10,12,28,1,1,[43.97775305895439],[676304],,,12,20,
2026_07_15_01_26_56,000126,9,all-cavs,fullperception_pcs,grid,utility,utility,none,0,0,,singleton,20,,6;9,9;6,6,"{""6"": 38}","{""6"": 4432, ""9"": 4854}",70912,43.97775305895439,10,40.0,ns3,899,0.5,10,12,28,1,1,[43.97775305895439],[676304],6>9:0,,13,16,
2026_07_15_01_26_56,000126,10,all-cavs,fullperception_pcs,grid,utility,utility,none,0,0,,singleton,20,,10,10,,{},"{""10"": 4925}",0,43.97775305895439,10,40.0,ns3,899,0.5,10,12,28,1,1,[43.97775305895439],[676304],,,20,25,
2026_07_15_01_26_56,000126,11,all-cavs,fullperception_pcs,grid,utility,utility,none,0,0,,singleton,20,,11;12,11;12,12,"{""12"": 46}","{""11"": 4912, ""12"": 4890}",78240,43.97775305895439,10,40.0,ns3,899,0.5,10,12,28,1,1,[43.97775305895439],[676304],12>11:8,,15,26,
2026_07_15_01_26_56,000126,12,all-cavs,fullperception_pcs,grid,utility,utility,none,0,0,,singleton,20,,11;12,12,,{},"{""12"": 4992}",0,43.97775305895439,10,40.0,ns3,899,0.5,10,12,28,1,1,[43.97775305895439],[676304],,,7,11,
2026_07_15_01_26_56,000126,13,all-cavs,fullperception_pcs,grid,utility,utility,none,0,0,,singleton,20,,13;16,13,,{},"{""13"": 4690}",0,43.97775305895439,10,40.0,ns3,899,0.5,10,12,28,1,1,[43.97775305895439],[676304],,,9,11,
2026_07_15_01_26_56,000126,14,all-cavs,fullperception_pcs,grid,utility,utility,none,0,0,,singleton,20,,4;14,14;4,4,"{""4"": 51}","{""4"": 4823, ""14"": 4808}",77168,43.97775305895439,10,40.0,ns3,899,0.5,10,12,28,1,1,[43.97775305895439],[676304],4>14:4,,4,1,
2026_07_15_01_26_56,000126,15,all-cavs,fullperception_pcs,grid,utility,utility,none,0,0,,singleton,20,,8;15,15;8,8,"{""8"": 42}","{""8"": 4648, ""15"": 4825}",74368,43.97775305895439,10,40.0,ns3,899,0.5,10,12,28,1,1,[43.97775305895439],[676304],8>15:2,,22,31,
2026_07_15_01_26_56,000126,16,all-cavs,fullperception_pcs,grid,utility,utility,none,0,0,,singleton,20,,13;16,16;13,13,"{""13"": 55}","{""13"": 4637, ""16"": 5021}",74192,43.97775305895439,10,40.0,ns3,899,0.5,10,12,28,1,1,[43.97775305895439],[676304],13>16:3,,14,28,
2026_07_15_01_26_56,000126,17,all-cavs,fullperception_pcs,grid,utility,utility,none,0,0,,singleton,20,,1;17,17,,{},"{""17"": 5026}",0,43.97775305895439,10,40.0,ns3,899,0.5,10,12,28,1,1,[43.97775305895439],[676304],,,14,12,
2026_07_15_01_26_56,000126,18,all-cavs,fullperception_pcs,grid,utility,utility,none,0,0,,singleton,20,,7;18,18;7,7,"{""7"": 60}","{""7"": 4912, ""18"": 4875}",78592,43.97775305895439,10,40.0,ns3,899,0.5,10,12,28,1,1,[43.97775305895439],[676304],7>18:6,,17,19,
2026_07_15_01_26_56,000126,19,all-cavs,fullperception_pcs,grid,utility,utility,none,0,0,,singleton,20,,3;19,19,,{},"{""19"": 4829}",0,43.97775305895439,10,40.0,ns3,899,0.5,10,12,28,1,1,[43.97775305895439],[676304],,,11,16,
2026_07_15_01_26_56,000126,20,all-cavs,fullperception_pcs,grid,utility,utility,none,0,0,,singleton,20,,20,20,,{},"{""20"": 4899}",0,43.97775305895439,10,40.0,ns3,899,0.5,10,12,28,1,1,[43.97775305895439],[676304],,,18,19,
2026_07_15_01_26_56,000128,1,all-cavs,fullperception_pcs,grid,utility,utility,none,0,0,,singleton,20,,1;17,1;17,17,"{""17"": 59}","{""1"": 4925, ""17"": 4943}",79088,43.98665183537263,10,40.0,ns3,899,0.5,10,12,28,1,1,[43.98665183537263],[676416],17>1:6,,26,24,
2026_07_15_01_26_56,000128,2,all-cavs,fullperception_pcs,grid,utility,utility,none,0,0,,singleton,20,,2;5,2;5,5,"{""5"": 43}","{""2"": 4861, ""5"": 4147}",66352,43.98665183537263,10,40.0,ns3,899,0.5,10,12,28,1,1,[43.98665183537263],[676416],5>2:1,,26,38,
2026_07_15_01_26_56,000128,3,all-cavs,fullperception_pcs,grid,utility,utility,none,0,0,,singleton,20,,3;19,3;19,19,"{""19"": 62}","{""3"": 5008, ""19"": 4829}",77264,43.98665183537263,10,40.0,ns3,899,0.5,10,12,28,1,1,[43.98665183537263],[676416],19>3:7,,13,16,
2026_07_15_01_26_56,000128,4,all-cavs,fullperception_pcs,grid,utility,utility,none,0,0,,singleton,20,,4;14,4,,{},"{""4"": 4851}",0,43.98665183537263,10,40.0,ns3,899,0.5,10,12,28,1,1,[43.98665183537263],[676416],,,10,25,
2026_07_15_01_26_56,000128,5,all-cavs,fullperception_pcs,grid,utility,utility,none,0,0,,singleton,20,,2;5,5,,{},"{""5"": 4864}",0,43.98665183537263,10,40.0,ns3,899,0.5,10,12,28,1,1,[43.98665183537263],[676416],,,14,13,
2026_07_15_01_26_56,000128,6,all-cavs,fullperception_pcs,grid,utility,utility,none,0,0,,singleton,20,,6;9,6,,{},"{""6"": 4741}",0,43.98665183537263,10,40.0,ns3,899,0.5,10,12,28,1,1,[43.98665183537263],[676416],,,11,16,
2026_07_15_01_26_56,000128,7,all-cavs,fullperception_pcs,grid,utility,utility,none,0,0,,singleton,20,,7;18,7,,{},"{""7"": 4910}",0,43.98665183537263,10,40.0,ns3,899,0.5,10,12,28,1,1,[43.98665183537263],[676416],,,14,13,
2026_07_15_01_26_56,000128,8,all-cavs,fullperception_pcs,grid,utility,utility,none,0,0,,singleton,20,,8;15,8,,{},"{""8"": 4840}",0,43.98665183537263,10,40.0,ns3,899,0.5,10,12,28,1,1,[43.98665183537263],[676416],,,13,20,
2026_07_15_01_26_56,000128,9,all-cavs,fullperception_pcs,grid,utility,utility,none,0,0,,singleton,20,,6;9,9;6,6,"{""6"": 37}","{""6"": 4427, ""9"": 4853}",70832,43.98665183537263,10,40.0,ns3,899,0.5,10,12,28,1,1,[43.98665183537263],[676416],6>9:0,,13,16,
2026_07_15_01_26_56,000128,10,all-cavs,fullperception_pcs,grid,utility,utility,none,0,0,,singleton,20,,10,10,,{},"{""10"": 4923}",0,43.98665183537263,10,40.0,ns3,899,0.5,10,12,28,1,1,[43.98665183537263],[676416],,,20,25,
2026_07_15_01_26_56,000128,11,all-cavs,fullperception_pcs,grid,utility,utility,none,0,0,,singleton,20,,11;12,11;12,12,"{""12"": 46}","{""11"": 4912, ""12"": 4892}",78272,43.98665183537263,10,40.0,ns3,899,0.5,10,12,28,1,1,[43.98665183537263],[676416],12>11:8,,16,26,
2026_07_15_01_26_56,000128,12,all-cavs,fullperception_pcs,grid,utility,utility,none,0,0,,singleton,20,,11;12,12,,{},"{""12"": 4996}",0,43.98665183537263,10,40.0,ns3,899,0.5,10,12,28,1,1,[43.98665183537263],[676416],,,6,11,
2026_07_15_01_26_56,000128,13,all-cavs,fullperception_pcs,grid,utility,utility,none,0,0,,singleton,20,,13;16,13,,{},"{""13"": 4698}",0,43.98665183537263,10,40.0,ns3,899,0.5,10,12,28,1,1,[43.98665183537263],[676416],,,7,9,
2026_07_15_01_26_56,000128,14,all-cavs,fullperception_pcs,grid,utility,utility,none,0,0,,singleton,20,,4;14,14;4,4,"{""4"": 51}","{""4"": 4823, ""14"": 4842}",77168,43.98665183537263,10,40.0,ns3,899,0.5,10,12,28,1,1,[43.98665183537263],[676416],4>14:4,,4,1,
2026_07_15_01_26_56,000128,15,all-cavs,fullperception_pcs,grid,utility,utility,none,0,0,,singleton,20,,8;15,15;8,8,"{""8"": 42}","{""8"": 4646, ""15"": 4821}",74336,43.98665183537263,10,40.0,ns3,899,0.5,10,12,28,1,1,[43.98665183537263],[676416],8>15:2,,21,30,
2026_07_15_01_26_56,000128,16,all-cavs,fullperception_pcs,grid,utility,utility,none,0,0,,singleton,20,,13;16,16;13,13,"{""13"": 55}","{""13"": 4659, ""16"": 5018}",74544,43.98665183537263,10,40.0,ns3,899,0.5,10,12,28,1,1,[43.98665183537263],[676416],13>16:3,,15,28,
2026_07_15_01_26_56,000128,17,all-cavs,fullperception_pcs,grid,utility,utility,none,0,0,,singleton,20,,1;17,17,,{},"{""17"": 5026}",0,43.98665183537263,10,40.0,ns3,899,0.5,10,12,28,1,1,[43.98665183537263],[676416],,,13,12,
2026_07_15_01_26_56,000128,18,all-cavs,fullperception_pcs,grid,utility,utility,none,0,0,,singleton,20,,7;18,18;7,7,"{""7"": 59}","{""7"": 4910, ""18"": 4870}",78560,43.98665183537263,10,40.0,ns3,899,0.5,10,12,28,1,1,[43.98665183537263],[676416],7>18:5,,15,18,
2026_07_15_01_26_56,000128,19,all-cavs,fullperception_pcs,grid,utility,utility,none,0,0,,singleton,20,,3;19,19,,{},"{""19"": 4830}",0,43.98665183537263,10,40.0,ns3,899,0.5,10,12,28,1,1,[43.98665183537263],[676416],,,11,16,
2026_07_15_01_26_56,000128,20,all-cavs,fullperception_pcs,grid,utility,utility,none,0,0,,singleton,20,,20,20,,{},"{""20"": 4900}",0,43.98665183537263,10,40.0,ns3,899,0.5,10,12,28,1,1,[43.98665183537263],[676416],,,16,19,
2026_07_15_01_26_56,000130,1,all-cavs,fullperception_pcs,grid,utility,utility,none,0,0,,singleton,20,,1;17,1;17,17,"{""17"": 59}","{""1"": 4928, ""17"": 4940}",79040,43.95995550611791,10,40.0,ns3,899,0.5,10,12,28,1,1,[43.95995550611791],[740896],17>1:7,,29,25,
2026_07_15_01_26_56,000130,2,all-cavs,fullperception_pcs,grid,utility,utility,none,0,0,,singleton,20,,2;5,2;5,5,"{""5"": 43}","{""2"": 4853, ""5"": 4135}",66160,43.95995550611791,10,40.0,ns3,899,0.5,10,12,28,1,1,[43.95995550611791],[740896],5>2:3,,23,37,
2026_07_15_01_26_56,000130,3,all-cavs,fullperception_pcs,grid,utility,utility,none,0,0,,singleton,20,,3;19,3;19,19,"{""19"": 62}","{""3"": 4993, ""19"": 4828}",77248,43.95995550611791,10,40.0,ns3,899,0.5,10,12,28,1,1,[43.95995550611791],[740896],19>3:8,,13,16,
2026_07_15_01_26_56,000130,4,all-cavs,fullperception_pcs,grid,utility,utility,none,0,0,,singleton,20,,4;14,4,,{},"{""4"": 4849}",0,43.95995550611791,10,40.0,ns3,899,0.5,10,12,28,1,1,[43.95995550611791],[740896],,,11,25,
2026_07_15_01_26_56,000130,5,all-cavs,fullperception_pcs,grid,utility,utility,none,0,0,,singleton,20,,2;5,5,,{},"{""5"": 4841}",0,43.95995550611791,10,40.0,ns3,899,0.5,10,12,28,1,1,[43.95995550611791],[740896],,,19,13,
2026_07_15_01_26_56,000130,6,all-cavs,fullperception_pcs,grid,utility,utility,none,0,0,,singleton,20,,6;9,6,,{},"{""6"": 4745}",0,43.95995550611791,10,40.0,ns3,899,0.5,10,12,28,1,1,[43.95995550611791],[740896],,,10,16,
2026_07_15_01_26_56,000130,7,all-cavs,fullperception_pcs,grid,utility,utility,none,0,0,,singleton,20,,7;18,7,,{},"{""7"": 4910}",0,43.95995550611791,10,40.0,ns3,899,0.5,10,12,28,1,1,[43.95995550611791],[740896],,,13,12,
2026_07_15_01_26_56,000130,8,all-cavs,fullperception_pcs,grid,utility,utility,none,0,0,,singleton,20,,8;15,8,,{},"{""8"": 4840}",0,43.95995550611791,10,40.0,ns3,899,0.5,10,12,28,1,1,[43.95995550611791],[740896],,,12,20,
2026_07_15_01_26_56,000130,9,all-cavs,fullperception_pcs,grid,utility,utility,none,0,0,,singleton,20,,6;9,9;6,6,"{""6"": 37}","{""6"": 4421, ""9"": 4854}",70736,43.95995550611791,10,40.0,ns3,899,0.5,10,12,28,1,1,[43.95995550611791],[740896],6>9:1,,13,17,
2026_07_15_01_26_56,000130,10,all-cavs,fullperception_pcs,grid,utility,utility,none,0,0,,singleton,20,,10;20,10,,{},"{""10"": 4923}",0,43.95995550611791,10,40.0,ns3,899,0.5,10,12,28,1,1,[43.95995550611791],[740896],,,20,25,
2026_07_15_01_26_56,000130,11,all-cavs,fullperception_pcs,grid,utility,utility,none,0,0,,singleton,20,,11;12,11;12,12,"{""12"": 46}","{""11"": 4912, ""12"": 4894}",78304,43.95995550611791,10,40.0,ns3,899,0.5,10,12,28,1,1,[43.95995550611791],[740896],12>11:9,,17,25,
2026_07_15_01_26_56,000130,12,all-cavs,fullperception_pcs,grid,utility,utility,none,0,0,,singleton,20,,11;12,12,,{},"{""12"": 4999}",0,43.95995550611791,10,40.0,ns3,899,0.5,10,12,28,1,1,[43.95995550611791],[740896],,,9,11,
2026_07_15_01_26_56,000130,13,all-cavs,fullperception_pcs,grid,utility,utility,none,0,0,,singleton,20,,13;16,13,,{},"{""13"": 4679}",0,43.95995550611791,10,40.0,ns3,899,0.5,10,12,28,1,1,[43.95995550611791],[740896],,,7,10,
2026_07_15_01_26_56,000130,14,all-cavs,fullperception_pcs,grid,utility,utility,none,0,0,,singleton,20,,4;14,14;4,4,"{""4"": 50}","{""4"": 4822, ""14"": 4881}",77152,43.95995550611791,10,40.0,ns3,899,0.5,10,12,28,1,1,[43.95995550611791],[740896],4>14:5,,4,1,
2026_07_15_01_26_56,000130,15,all-cavs,fullperception_pcs,grid,utility,utility,none,0,0,,singleton,20,,8;15,15;8,8,"{""8"": 42}","{""8"": 4647, ""15"": 4809}",74352,43.95995550611791,10,40.0,ns3,899,0.5,10,12,28,1,1,[43.95995550611791],[740896],8>15:2,,23,30,
2026_07_15_01_26_56,000130,16,all-cavs,fullperception_pcs,grid,utility,utility,none,0,0,,singleton,20,,13;16,16;13,13,"{""13"": 54}","{""13"": 4640, ""16"": 5017}",74240,43.95995550611791,10,40.0,ns3,899,0.5,10,12,28,1,1,[43.95995550611791],[740896],13>16:4,,14,29,
2026_07_15_01_26_56,000130,17,all-cavs,fullperception_pcs,grid,utility,utility,none,0,0,,singleton,20,,1;17,17,,{},"{""17"": 5023}",0,43.95995550611791,10,40.0,ns3,899,0.5,10,12,28,1,1,[43.95995550611791],[740896],,,16,13,
2026_07_15_01_26_56,000130,18,all-cavs,fullperception_pcs,grid,utility,utility,none,0,0,,singleton,20,,7;18,18;7,7,"{""7"": 59}","{""7"": 4910, ""18"": 4877}",78560,43.95995550611791,10,40.0,ns3,899,0.5,10,12,28,1,1,[43.95995550611791],[740896],7>18:6,,15,18,
2026_07_15_01_26_56,000130,19,all-cavs,fullperception_pcs,grid,utility,utility,none,0,0,,singleton,20,,3;19,19,,{},"{""19"": 4829}",0,43.95995550611791,10,40.0,ns3,899,0.5,10,12,28,1,1,[43.95995550611791],[740896],,,11,16,
2026_07_15_01_26_56,000130,20,all-cavs,fullperception_pcs,grid,utility,utility,none,0,0,,singleton,20,,10;20,20;10,10,"{""10"": 30}","{""10"": 4069, ""20"": 4900}",65104,43.95995550611791,10,40.0,ns3,899,0.5,10,12,28,1,1,[43.95995550611791],[740896],10>20:0,,21,32,
2026_07_15_01_26_56,000132,1,all-cavs,fullperception_pcs,grid,utility,utility,none,0,0,,singleton,20,,1;17,1;17,17,"{""17"": 60}","{""1"": 4928, ""17"": 4938}",79008,44.351501668520584,10,40.0,ns3,899,0.5,10,12,28,1,1,[44.351501668520584],[677872],17>1:7,,25,25,
2026_07_15_01_26_56,000132,2,all-cavs,fullperception_pcs,grid,utility,utility,none,0,0,,singleton,20,,2;20,2;20,20,"{""20"": 38}","{""2"": 4855, ""20"": 4138}",66208,44.351501668520584,10,40.0,ns3,899,0.5,10,12,28,1,1,[44.351501668520584],[677872],20>2:1,,33,42,
2026_07_15_01_26_56,000132,3,all-cavs,fullperception_pcs,grid,utility,utility,none,0,0,,singleton,20,,3;8,3,,{},"{""3"": 5009}",0,44.351501668520584,10,40.0,ns3,899,0.5,10,12,28,1,1,[44.351501668520584],[677872],,,11,4,
2026_07_15_01_26_56,000132,4,all-cavs,fullperception_pcs,grid,utility,utility,none,0,0,,singleton,20,,4;14,4,,{},"{""4"": 4850}",0,44.351501668520584,10,40.0,ns3,899,0.5,10,12,28,1,1,[44.351501668520584],[677872],,,9,25,
2026_07_15_01_26_56,000132,5,all-cavs,fullperception_pcs,grid,utility,utility,none,0,0,,singleton,20,,5;19,5,,{},"{""5"": 4861}",0,44.351501668520584,10,40.0,ns3,899,0.5,10,12,28,1,1,[44.351501668520584],[677872],,,19,13,
2026_07_15_01_26_56,000132,6,all-cavs,fullperception_pcs,grid,utility,utility,none,0,0,,singleton,20,,6;9,6,,{},"{""6"": 4741}",0,44.351501668520584,10,40.0,ns3,899,0.5,10,12,28,1,1,[44.351501668520584],[677872],,,10,15,
2026_07_15_01_26_56,000132,7,all-cavs,fullperception_pcs,grid,utility,utility,none,0,0,,singleton,20,,7;18,7,,{},"{""7"": 4911}",0,44.351501668520584,10,40.0,ns3,899,0.5,10,12,28,1,1,[44.351501668520584],[677872],,,13,12,
2026_07_15_01_26_56,000132,8,all-cavs,fullperception_pcs,grid,utility,utility,none,0,0,,singleton,20,,3;8,8;3,3,"{""3"": 61}","{""3"": 4984, ""8"": 4840}",79744,44.351501668520584,10,40.0,ns3,899,0.5,10,12,28,1,1,[44.351501668520584],[677872],3>8:6,,12,21,
2026_07_15_01_26_56,000132,9,all-cavs,fullperception_pcs,grid,utility,utility,none,0,0,,singleton,20,,6;9,9;6,6,"{""6"": 37}","{""6"": 4403, ""9"": 4852}",70448,44.351501668520584,10,40.0,ns3,899,0.5,10,12,28,1,1,[44.351501668520584],[677872],6>9:0,,14,17,
2026_07_15_01_26_56,000132,10,all-cavs,fullperception_pcs,grid,utility,utility,none,0,0,,singleton,20,,10,10,,{},"{""10"": 4923}",0,44.351501668520584,10,40.0,ns3,899,0.5,10,12,28,1,1,[44.351501668520584],[677872],,,20,25,
2026_07_15_01_26_56,000132,11,all-cavs,fullperception_pcs,grid,utility,utility,none,0,0,,singleton,20,,11;12,11;12,12,"{""12"": 47}","{""11"": 4910, ""12"": 4879}",78064,44.351501668520584,10,40.0,ns3,899,0.5,10,12,28,1,1,[44.351501668520584],[677872],12>11:8,,18,24,
2026_07_15_01_26_56,000132,12,all-cavs,fullperception_pcs,grid,utility,utility,none,0,0,,singleton,20,,11;12,12,,{},"{""12"": 4979}",0,44.351501668520584,10,40.0,ns3,899,0.5,10,12,28,1,1,[44.351501668520584],[677872],,,7,10,
2026_07_15_01_26_56,000132,13,all-cavs,fullperception_pcs,grid,utility,utility,none,0,0,,singleton,20,,13;16,13,,{},"{""13"": 4705}",0,44.351501668520584,10,40.0,ns3,899,0.5,10,12,28,1,1,[44.351501668520584],[677872],,,8,10,
2026_07_15_01_26_56,000132,14,all-cavs,fullperception_pcs,grid,utility,utility,none,0,0,,singleton,20,,4;14,14;4,4,"{""4"": 50}","{""4"": 4822, ""14"": 4852}",77152,44.351501668520584,10,40.0,ns3,899,0.5,10,12,28,1,1,[44.351501668520584],[677872],4>14:4,,5,1,
2026_07_15_01_26_56,000132,15,all-cavs,fullperception_pcs,grid,utility,utility,none,0,0,,singleton,20,,15,15,,{},"{""15"": 4844}",0,44.351501668520584,10,40.0,ns3,899,0.5,10,12,28,1,1,[44.351501668520584],[677872],,,13,12,
2026_07_15_01_26_56,000132,16,all-cavs,fullperception_pcs,grid,utility,utility,none,0,0,,singleton,20,,13;16,16;13,13,"{""13"": 55}","{""13"": 4667, ""16"": 5008}",74672,44.351501668520584,10,40.0,ns3,899,0.5,10,12,28,1,1,[44.351501668520584],[677872],13>16:2,,14,29,
2026_07_15_01_26_56,000132,17,all-cavs,fullperception_pcs,grid,utility,utility,none,0,0,,singleton,20,,1;17,17,,{},"{""17"": 5022}",0,44.351501668520584,10,40.0,ns3,899,0.5,10,12,28,1,1,[44.351501668520584],[677872],,,15,13,
2026_07_15_01_26_56,000132,18,all-cavs,fullperception_pcs,grid,utility,utility,none,0,0,,singleton,20,,7;18,18;7,7,"{""7"": 59}","{""7"": 4911, ""18"": 4859}",78576,44.351501668520584,10,40.0,ns3,899,0.5,10,12,28,1,1,[44.351501668520584],[677872],7>18:5,,14,18,
2026_07_15_01_26_56,000132,19,all-cavs,fullperception_pcs,grid,utility,utility,none,0,0,,singleton,20,,5;19,19;5,5,"{""5"": 32}","{""5"": 4625, ""19"": 4829}",74000,44.351501668520584,10,40.0,ns3,899,0.5,10,12,28,1,1,[44.351501668520584],[677872],5>19:3,,16,19,
2026_07_15_01_26_56,000132,20,all-cavs,fullperception_pcs,grid,utility,utility,none,0,0,,singleton,20,,2;20,20,,{},"{""20"": 4901}",0,44.351501668520584,10,40.0,ns3,899,0.5,10,12,28,1,1,[44.351501668520584],[677872],,,16,19,
2026_07_15_01_26_56,000134,1,all-cavs,fullperception_pcs,grid,utility,utility,none,0,0,,singleton,20,,1;17,1;17,17,"{""17"": 60}","{""1"": 4927, ""17"": 4949}",79184,44.040044493882085,10,40.0,ns3,899,0.5,10,12,28,1,1,[44.040044493882085],[676160],17>1:7,,30,25,
2026_07_15_01_26_56,000134,2,all-cavs,fullperception_pcs,grid,utility,utility,none,0,0,,singleton,20,,2;5,2;5,5,"{""5"": 47}","{""2"": 4855, ""5"": 4148}",66368,44.040044493882085,10,40.0,ns3,899,0.5,10,12,28,1,1,[44.040044493882085],[676160],5>2:2,,26,39,
2026_07_15_01_26_56,000134,3,all-cavs,fullperception_pcs,grid,utility,utility,none,0,0,,singleton,20,,3;19,3;19,19,"{""19"": 61}","{""3"": 4995, ""19"": 4830}",77280,44.040044493882085,10,40.0,ns3,899,0.5,10,12,28,1,1,[44.040044493882085],[676160],19>3:6,,12,15,
2026_07_15_01_26_56,000134,4,all-cavs,fullperception_pcs,grid,utility,utility,none,0,0,,singleton,20,,4;14,4,,{},"{""4"": 4848}",0,44.040044493882085,10,40.0,ns3,899,0.5,10,12,28,1,1,[44.040044493882085],[676160],,,9,25,
2026_07_15_01_26_56,000134,5,all-cavs,fullperception_pcs,grid,utility,utility,none,0,0,,singleton,20,,2;5,5,,{},"{""5"": 4855}",0,44.040044493882085,10,40.0,ns3,899,0.5,10,12,28,1,1,[44.040044493882085],[676160],,,15,16,
2026_07_15_01_26_56,000134,6,all-cavs,fullperception_pcs,grid,utility,utility,none,0,0,,singleton,20,,6;9,6,,{},"{""6"": 4734}",0,44.040044493882085,10,40.0,ns3,899,0.5,10,12,28,1,1,[44.040044493882085],[676160],,,9,15,
2026_07_15_01_26_56,000134,7,all-cavs,fullperception_pcs,grid,utility,utility,none,0,0,,singleton,20,,7;18,7,,{},"{""7"": 4911}",0,44.040044493882085,10,40.0,ns3,899,0.5,10,12,28,1,1,[44.040044493882085],[676160],,,13,13,
2026_07_15_01_26_56,000134,8,all-cavs,fullperception_pcs,grid,utility,utility,none,0,0,,singleton,20,,8;15,8,,{},"{""8"": 4840}",0,44.040044493882085,10,40.0,ns3,899,0.5,10,12,28,1,1,[44.040044493882085],[676160],,,13,21,
2026_07_15_01_26_56,000134,9,all-cavs,fullperception_pcs,grid,utility,utility,none,0,0,,singleton,20,,6;9,9;6,6,"{""6"": 37}","{""6"": 4400, ""9"": 4854}",70400,44.040044493882085,10,40.0,ns3,899,0.5,10,12,28,1,1,[44.040044493882085],[676160],6>9:0,,14,18,
2026_07_15_01_26_56,000134,10,all-cavs,fullperception_pcs,grid,utility,utility,none,0,0,,singleton,20,,10,10,,{},"{""10"": 4923}",0,44.040044493882085,10,40.0,ns3,899,0.5,10,12,28,1,1,[44.040044493882085],[676160],,,20,24,
2026_07_15_01_26_56,000134,11,all-cavs,fullperception_pcs,grid,utility,utility,none,0,0,,singleton,20,,11;12,11;12,12,"{""12"": 46}","{""11"": 4909, ""12"": 4890}",78240,44.040044493882085,10,40.0,ns3,899,0.5,10,12,28,1,1,[44.040044493882085],[676160],12>11:8,,17,25,
2026_07_15_01_26_56,000134,12,all-cavs,fullperception_pcs,grid,utility,utility,none,0,0,,singleton,20,,11;12,12,,{},"{""12"": 4992}",0,44.040044493882085,10,40.0,ns3,899,0.5,10,12,28,1,1,[44.040044493882085],[676160],,,7,11,
2026_07_15_01_26_56,000134,13,all-cavs,fullperception_pcs,grid,utility,utility,none,0,0,,singleton,20,,13;16,13,,{},"{""13"": 4701}",0,44.040044493882085,10,40.0,ns3,899,0.5,10,12,28,1,1,[44.040044493882085],[676160],,,6,10,
2026_07_15_01_26_56,000134,14,all-cavs,fullperception_pcs,grid,utility,utility,none,0,0,,singleton,20,,4;14,14;4,4,"{""4"": 50}","{""4"": 4821, ""14"": 4863}",77136,44.040044493882085,10,40.0,ns3,899,0.5,10,12,28,1,1,[44.040044493882085],[676160],4>14:4,,4,1,
2026_07_15_01_26_56,000134,15,all-cavs,fullperception_pcs,grid,utility,utility,none,0,0,,singleton,20,,8;15,15;8,8,"{""8"": 42}","{""8"": 4647, ""15"": 4817}",74352,44.040044493882085,10,40.0,ns3,899,0.5,10,12,28,1,1,[44.040044493882085],[676160],8>15:1,,17,31,
2026_07_15_01_26_56,000134,16,all-cavs,fullperception_pcs,grid,utility,utility,none,0,0,,singleton,20,,13;16,16;13,13,"{""13"": 57}","{""13"": 4664, ""16"": 5006}",74624,44.040044493882085,10,40.0,ns3,899,0.5,10,12,28,1,1,[44.040044493882085],[676160],13>16:3,,13,29,
2026_07_15_01_26_56,000134,17,all-cavs,fullperception_pcs,grid,utility,utility,none,0,0,,singleton,20,,1;17,17,,{},"{""17"": 5034}",0,44.040044493882085,10,40.0,ns3,899,0.5,10,12,28,1,1,[44.040044493882085],[676160],,,15,13,
2026_07_15_01_26_56,000134,18,all-cavs,fullperception_pcs,grid,utility,utility,none,0,0,,singleton,20,,7;18,18;7,7,"{""7"": 59}","{""7"": 4911, ""18"": 4848}",78576,44.040044493882085,10,40.0,ns3,899,0.5,10,12,28,1,1,[44.040044493882085],[676160],7>18:5,,15,19,
2026_07_15_01_26_56,000134,19,all-cavs,fullperception_pcs,grid,utility,utility,none,0,0,,singleton,20,,3;19,19,,{},"{""19"": 4830}",0,44.040044493882085,10,40.0,ns3,899,0.5,10,12,28,1,1,[44.040044493882085],[676160],,,10,16,
2026_07_15_01_26_56,000134,20,all-cavs,fullperception_pcs,grid,utility,utility,none,0,0,,singleton,20,,20,20,,{},"{""20"": 4905}",0,44.040044493882085,10,40.0,ns3,899,0.5,10,12,28,1,1,[44.040044493882085],[676160],,,17,19,
2026_07_15_01_26_56,000136,1,all-cavs,fullperception_pcs,grid,utility,utility,none,0,0,,singleton,20,,1;17,1;17,17,"{""17"": 60}","{""1"": 4927, ""17"": 4943}",79088,43.98665183537263,10,40.0,ns3,899,0.5,10,12,28,1,1,[43.98665183537263],[675088],17>1:6,,29,25,
2026_07_15_01_26_56,000136,2,all-cavs,fullperception_pcs,grid,utility,utility,none,0,0,,singleton,20,,2;5,2;5,5,"{""5"": 48}","{""2"": 4856, ""5"": 4150}",66400,43.98665183537263,10,40.0,ns3,899,0.5,10,12,28,1,1,[43.98665183537263],[675088],5>2:2,,22,39,
2026_07_15_01_26_56,000136,3,all-cavs,fullperception_pcs,grid,utility,utility,none,0,0,,singleton,20,,3;19,3;19,19,"{""19"": 61}","{""3"": 5020, ""19"": 4831}",77296,43.98665183537263,10,40.0,ns3,899,0.5,10,12,28,1,1,[43.98665183537263],[675088],19>3:5,,14,15,
2026_07_15_01_26_56,000136,4,all-cavs,fullperception_pcs,grid,utility,utility,none,0,0,,singleton,20,,4;14,4,,{},"{""4"": 4848}",0,43.98665183537263,10,40.0,ns3,899,0.5,10,12,28,1,1,[43.98665183537263],[675088],,,9,25,
2026_07_15_01_26_56,000136,5,all-cavs,fullperception_pcs,grid,utility,utility,none,0,0,,singleton,20,,2;5,5,,{},"{""5"": 4863}",0,43.98665183537263,10,40.0,ns3,899,0.5,10,12,28,1,1,[43.98665183537263],[675088],,,10,16,
2026_07_15_01_26_56,000136,6,all-cavs,fullperception_pcs,grid,utility,utility,none,0,0,,singleton,20,,6;9,6,,{},"{""6"": 4740}",0,43.98665183537263,10,40.0,ns3,899,0.5,10,12,28,1,1,[43.98665183537263],[675088],,,11,15,
2026_07_15_01_26_56,000136,7,all-cavs,fullperception_pcs,grid,utility,utility,none,0,0,,singleton,20,,7;13,7,,{},"{""7"": 4911}",0,43.98665183537263,10,40.0,ns3,899,0.5,10,12,28,1,1,[43.98665183537263],[675088],,,13,14,
2026_07_15_01_26_56,000136,8,all-cavs,fullperception_pcs,grid,utility,utility,none,0,0,,singleton,20,,8;15,8,,{},"{""8"": 4842}",0,43.98665183537263,10,40.0,ns3,899,0.5,10,12,28,1,1,[43.98665183537263],[675088],,,13,21,
2026_07_15_01_26_56,000136,9,all-cavs,fullperception_pcs,grid,utility,utility,none,0,0,,singleton,20,,6;9,9;6,6,"{""6"": 37}","{""6"": 4403, ""9"": 4855}",70448,43.98665183537263,10,40.0,ns3,899,0.5,10,12,28,1,1,[43.98665183537263],[675088],6>9:0,,13,18,
2026_07_15_01_26_56,000136,10,all-cavs,fullperception_pcs,grid,utility,utility,none,0,0,,singleton,20,,10,10,,{},"{""10"": 4922}",0,43.98665183537263,10,40.0,ns3,899,0.5,10,12,28,1,1,[43.98665183537263],[675088],,,20,24,
2026_07_15_01_26_56,000136,11,all-cavs,fullperception_pcs,grid,utility,utility,none,0,0,,singleton,20,,11;12,11;12,12,"{""12"": 47}","{""11"": 4911, ""12"": 4908}",78528,43.98665183537263,10,40.0,ns3,899,0.5,10,12,28,1,1,[43.98665183537263],[675088],12>11:7,,16,24,
2026_07_15_01_26_56,000136,12,all-cavs,fullperception_pcs,grid,utility,utility,none,0,0,,singleton,20,,11;12,12,,{},"{""12"": 5003}",0,43.98665183537263,10,40.0,ns3,899,0.5,10,12,28,1,1,[43.98665183537263],[675088],,,8,10,
2026_07_15_01_26_56,000136,13,all-cavs,fullperception_pcs,grid,utility,utility,none,0,0,,singleton,20,,7;13,13;7,7,"{""7"": 51}","{""7"": 4639, ""13"": 4710}",74224,43.98665183537263,10,40.0,ns3,899,0.5,10,12,28,1,1,[43.98665183537263],[675088],7>13:3,,17,17,
2026_07_15_01_26_56,000136,14,all-cavs,fullperception_pcs,grid,utility,utility,none,0,0,,singleton,20,,4;14,14;4,4,"{""4"": 49}","{""4"": 4821, ""14"": 4844}",77136,43.98665183537263,10,40.0,ns3,899,0.5,10,12,28,1,1,[43.98665183537263],[675088],4>14:4,,3,2,
2026_07_15_01_26_56,000136,15,all-cavs,fullperception_pcs,grid,utility,utility,none,0,0,,singleton,20,,8;15,15;8,8,"{""8"": 42}","{""8"": 4648, ""15"": 4814}",74368,43.98665183537263,10,40.0,ns3,899,0.5,10,12,28,1,1,[43.98665183537263],[675088],8>15:1,,18,31,
2026_07_15_01_26_56,000136,16,all-cavs,fullperception_pcs,grid,utility,utility,none,0,0,,singleton,20,,16;18,16;18,18,"{""18"": 63}","{""16"": 5014, ""18"": 4850}",77600,43.98665183537263,10,40.0,ns3,899,0.5,10,12,28,1,1,[43.98665183537263],[675088],18>16:0,,22,22,
2026_07_15_01_26_56,000136,17,all-cavs,fullperception_pcs,grid,utility,utility,none,0,0,,singleton,20,,1;17,17,,{},"{""17"": 5030}",0,43.98665183537263,10,40.0,ns3,899,0.5,10,12,28,1,1,[43.98665183537263],[675088],,,15,13,
2026_07_15_01_26_56,000136,18,all-cavs,fullperception_pcs,grid,utility,utility,none,0,0,,singleton,20,,16;18,18,,{},"{""18"": 4850}",0,43.98665183537263,10,40.0,ns3,899,0.5,10,12,28,1,1,[43.98665183537263],[675088],,,9,7,
2026_07_15_01_26_56,000136,19,all-cavs,fullperception_pcs,grid,utility,utility,none,0,0,,singleton,20,,3;19,19,,{},"{""19"": 4831}",0,43.98665183537263,10,40.0,ns3,899,0.5,10,12,28,1,1,[43.98665183537263],[675088],,,11,15,
2026_07_15_01_26_56,000136,20,all-cavs,fullperception_pcs,grid,utility,utility,none,0,0,,singleton,20,,20,20,,{},"{""20"": 4909}",0,43.98665183537263,10,40.0,ns3,899,0.5,10,12,28,1,1,[43.98665183537263],[675088],,,18,19,
2026_07_15_01_26_56,000138,1,all-cavs,fullperception_pcs,grid,utility,utility,none,0,0,,singleton,20,,1;17,1;17,17,"{""17"": 61}","{""1"": 4925, ""17"": 4940}",79040,43.95995550611791,10,40.0,ns3,899,0.5,10,12,28,1,1,[43.95995550611791],[660096],17>1:5,,29,25,
2026_07_15_01_26_56,000138,2,all-cavs,fullperception_pcs,grid,utility,utility,none,0,0,,singleton,20,,2;6,2,,{},"{""2"": 4857}",0,43.95995550611791,10,40.0,ns3,899,0.5,10,12,28,1,1,[43.95995550611791],[660096],,,15,24,
2026_07_15_01_26_56,000138,3,all-cavs,fullperception_pcs,grid,utility,utility,none,0,0,,singleton,20,,3;19,3;19,19,"{""19"": 61}","{""3"": 5007, ""19"": 4828}",77248,43.95995550611791,10,40.0,ns3,899,0.5,10,12,28,1,1,[43.95995550611791],[660096],19>3:4,,12,16,
2026_07_15_01_26_56,000138,4,all-cavs,fullperception_pcs,grid,utility,utility,none,0,0,,singleton,20,,4;13,4,,{},"{""4"": 4852}",0,43.95995550611791,10,40.0,ns3,899,0.5,10,12,28,1,1,[43.95995550611791],[660096],,,10,25,
2026_07_15_01_26_56,000138,5,all-cavs,fullperception_pcs,grid,utility,utility,none,0,0,,singleton,20,,5;14,5;14,14,"{""14"": 54}","{""5"": 4861, ""14"": 4761}",76176,43.95995550611791,10,40.0,ns3,899,0.5,10,12,28,1,1,[43.95995550611791],[660096],14>5:2,,15,14,
2026_07_15_01_26_56,000138,6,all-cavs,fullperception_pcs,grid,utility,utility,none,0,0,,singleton,20,,2;6,6;2,2,"{""2"": 17}","{""2"": 3404, ""6"": 4715}",54464,43.95995550611791,10,40.0,ns3,899,0.5,10,12,28,1,1,[43.95995550611791],[660096],2>6:7,,20,32,
2026_07_15_01_26_56,000138,7,all-cavs,fullperception_pcs,grid,utility,utility,none,0,0,,singleton,20,,7;9,7,,{},"{""7"": 4910}",0,43.95995550611791,10,40.0,ns3,899,0.5,10,12,28,1,1,[43.95995550611791],[660096],,,13,14,
2026_07_15_01_26_56,000138,8,all-cavs,fullperception_pcs,grid,utility,utility,none,0,0,,singleton,20,,8;15,8,,{},"{""8"": 4840}",0,43.95995550611791,10,40.0,ns3,899,0.5,10,12,28,1,1,[43.95995550611791],[660096],,,12,21,
2026_07_15_01_26_56,000138,9,all-cavs,fullperception_pcs,grid,utility,utility,none,0,0,,singleton,20,,7;9,9;7,7,"{""7"": 30}","{""7"": 4088, ""9"": 4853}",65408,43.95995550611791,10,40.0,ns3,899,0.5,10,12,28,1,1,[43.95995550611791],[660096],7>9:1,,18,26,
2026_07_15_01_26_56,000138,10,all-cavs,fullperception_pcs,grid,utility,utility,none,0,0,,singleton,20,,10,10,,{},"{""10"": 4921}",0,43.95995550611791,10,40.0,ns3,899,0.5,10,12,28,1,1,[43.95995550611791],[660096],,,19,24,
2026_07_15_01_26_56,000138,11,all-cavs,fullperception_pcs,grid,utility,utility,none,0,0,,singleton,20,,11;12,11;12,12,"{""12"": 47}","{""11"": 4909, ""12"": 4904}",78464,43.95995550611791,10,40.0,ns3,899,0.5,10,12,28,1,1,[43.95995550611791],[660096],12>11:8,,17,23,
2026_07_15_01_26_56,000138,12,all-cavs,fullperception_pcs,grid,utility,utility,none,0,0,,singleton,20,,11;12,12,,{},"{""12"": 4989}",0,43.95995550611791,10,40.0,ns3,899,0.5,10,12,28,1,1,[43.95995550611791],[660096],,,12,10,
2026_07_15_01_26_56,000138,13,all-cavs,fullperception_pcs,grid,utility,utility,none,0,0,,singleton,20,,4;13,13;4,4,"{""4"": 52}","{""4"": 4832, ""13"": 4698}",77312,43.95995550611791,10,40.0,ns3,899,0.5,10,12,28,1,1,[43.95995550611791],[660096],4>13:3,,16,33,
2026_07_15_01_26_56,000138,14,all-cavs,fullperception_pcs,grid,utility,utility,none,0,0,,singleton,20,,5;14,14,,{},"{""14"": 4852}",0,43.95995550611791,10,40.0,ns3,899,0.5,10,12,28,1,1,[43.95995550611791],[660096],,,3,2,
2026_07_15_01_26_56,000138,15,all-cavs,fullperception_pcs,grid,utility,utility,none,0,0,,singleton,20,,8;15,15;8,8,"{""8"": 42}","{""8"": 4647, ""15"": 4815}",74352,43.95995550611791,10,40.0,ns3,899,0.5,10,12,28,1,1,[43.95995550611791],[660096],8>15:0,,18,31,
2026_07_15_01_26_56,000138,16,all-cavs,fullperception_pcs,grid,utility,utility,none,0,0,,singleton,20,,16;18,16;18,18,"{""18"": 64}","{""16"": 5023, ""18"": 4852}",77632,43.95995550611791,10,40.0,ns3,899,0.5,10,12,28,1,1,[43.95995550611791],[660096],18>16:6,,21,22,
2026_07_15_01_26_56,000138,17,all-cavs,fullperception_pcs,grid,utility,utility,none,0,0,,singleton,20,,1;17,17,,{},"{""17"": 5027}",0,43.95995550611791,10,40.0,ns3,899,0.5,10,12,28,1,1,[43.95995550611791],[660096],,,14,13,
2026_07_15_01_26_56,000138,18,all-cavs,fullperception_pcs,grid,utility,utility,none,0,0,,singleton,20,,16;18,18,,{},"{""18"": 4852}",0,43.95995550611791,10,40.0,ns3,899,0.5,10,12,28,1,1,[43.95995550611791],[660096],,,8,7,
2026_07_15_01_26_56,000138,19,all-cavs,fullperception_pcs,grid,utility,utility,none,0,0,,singleton,20,,3;19,19,,{},"{""19"": 4828}",0,43.95995550611791,10,40.0,ns3,899,0.5,10,12,28,1,1,[43.95995550611791],[660096],,,10,16,
2026_07_15_01_26_56,000138,20,all-cavs,fullperception_pcs,grid,utility,utility,none,0,0,,singleton,20,,20,20,,{},"{""20"": 4910}",0,43.95995550611791,10,40.0,ns3,899,0.5,10,12,28,1,1,[43.95995550611791],[660096],,,16,19,
2026_07_15_01_26_56,000140,1,all-cavs,fullperception_pcs,grid,utility,utility,none,0,0,,singleton,20,,1;17,1;17,17,"{""17"": 61}","{""1"": 4926, ""17"": 4940}",79040,43.95995550611791,10,40.0,ns3,899,0.5,10,12,28,1,1,[43.95995550611791],[672832],17>1:5,,28,25,
2026_07_15_01_26_56,000140,2,all-cavs,fullperception_pcs,grid,utility,utility,none,0,0,,singleton,20,,2;14,2;14,14,"{""14"": 56}","{""2"": 4856, ""14"": 4797}",76752,43.95995550611791,10,40.0,ns3,899,0.5,10,12,28,1,1,[43.95995550611791],[672832],14>2:3,,14,24,
2026_07_15_01_26_56,000140,3,all-cavs,fullperception_pcs,grid,utility,utility,none,0,0,,singleton,20,,3;19,3;19,19,"{""19"": 61}","{""3"": 5016, ""19"": 4828}",77248,43.95995550611791,10,40.0,ns3,899,0.5,10,12,28,1,1,[43.95995550611791],[672832],19>3:4,,13,16,
2026_07_15_01_26_56,000140,4,all-cavs,fullperception_pcs,grid,utility,utility,none,0,0,,singleton,20,,4;15,4,,{},"{""4"": 4847}",0,43.95995550611791,10,40.0,ns3,899,0.5,10,12,28,1,1,[43.95995550611791],[672832],,,10,25,
2026_07_15_01_26_56,000140,5,all-cavs,fullperception_pcs,grid,utility,utility,none,0,0,,singleton,20,,5;8,5;8,8,"{""8"": 36}","{""5"": 4881, ""8"": 4628}",74048,43.95995550611791,10,40.0,ns3,899,0.5,10,12,28,1,1,[43.95995550611791],[672832],8>5:0,,21,33,
2026_07_15_01_26_56,000140,6,all-cavs,fullperception_pcs,grid,utility,utility,none,0,0,,singleton,20,,6;20,6;20,20,"{""20"": 18}","{""6"": 4723, ""20"": 3682}",58912,43.95995550611791,10,40.0,ns3,899,0.5,10,12,28,1,1,[43.95995550611791],[672832],20>6:7,,15,27,
2026_07_15_01_26_56,000140,7,all-cavs,fullperception_pcs,grid,utility,utility,none,0,0,,singleton,20,,7;13,7;13,13,"{""13"": 57}","{""7"": 4910, ""13"": 4637}",74192,43.95995550611791,10,40.0,ns3,899,0.5,10,12,28,1,1,[43.95995550611791],[672832],13>7:2,,13,15,
2026_07_15_01_26_56,000140,8,all-cavs,fullperception_pcs,grid,utility,utility,none,0,0,,singleton,20,,5;8,8,,{},"{""8"": 4839}",0,43.95995550611791,10,40.0,ns3,899,0.5,10,12,28,1,1,[43.95995550611791],[672832],,,11,22,
2026_07_15_01_26_56,000140,9,all-cavs,fullperception_pcs,grid,utility,utility,none,0,0,,singleton,20,,9,9,,{},"{""9"": 4852}",0,43.95995550611791,10,40.0,ns3,899,0.5,10,12,28,1,1,[43.95995550611791],[672832],,,13,18,
2026_07_15_01_26_56,000140,10,all-cavs,fullperception_pcs,grid,utility,utility,none,0,0,,singleton,20,,10,10,,{},"{""10"": 4922}",0,43.95995550611791,10,40.0,ns3,899,0.5,10,12,28,1,1,[43.95995550611791],[672832],,,20,24,
2026_07_15_01_26_56,000140,11,all-cavs,fullperception_pcs,grid,utility,utility,none,0,0,,singleton,20,,11;12,11;12,12,"{""12"": 47}","{""11"": 4910, ""12"": 4916}",78656,43.95995550611791,10,40.0,ns3,899,0.5,10,12,28,1,1,[43.95995550611791],[672832],12>11:8,,17,23,
2026_07_15_01_26_56,000140,12,all-cavs,fullperception_pcs,grid,utility,utility,none,0,0,,singleton,20,,11;12,12,,{},"{""12"": 4995}",0,43.95995550611791,10,40.0,ns3,899,0.5,10,12,28,1,1,[43.95995550611791],[672832],,,7,10,
2026_07_15_01_26_56,000140,13,all-cavs,fullperception_pcs,grid,utility,utility,none,0,0,,singleton,20,,7;13,13,,{},"{""13"": 4683}",0,43.95995550611791,10,40.0,ns3,899,0.5,10,12,28,1,1,[43.95995550611791],[672832],,,7,9,
2026_07_15_01_26_56,000140,14,all-cavs,fullperception_pcs,grid,utility,utility,none,0,0,,singleton,20,,2;14,14,,{},"{""14"": 4847}",0,43.95995550611791,10,40.0,ns3,899,0.5,10,12,28,1,1,[43.95995550611791],[672832],,,2,2,
2026_07_15_01_26_56,000140,15,all-cavs,fullperception_pcs,grid,utility,utility,none,0,0,,singleton,20,,4;15,15;4,4,"{""4"": 47}","{""4"": 4759, ""15"": 4825}",76144,43.95995550611791,10,40.0,ns3,899,0.5,10,12,28,1,1,[43.95995550611791],[672832],4>15:1,,25,37,
2026_07_15_01_26_56,000140,16,all-cavs,fullperception_pcs,grid,utility,utility,none,0,0,,singleton,20,,16;18,16;18,18,"{""18"": 66}","{""16"": 5013, ""18"": 4865}",77840,43.95995550611791,10,40.0,ns3,899,0.5,10,12,28,1,1,[43.95995550611791],[672832],18>16:6,,19,22,
2026_07_15_01_26_56,000140,17,all-cavs,fullperception_pcs,grid,utility,utility,none,0,0,,singleton,20,,1;17,17,,{},"{""17"": 5029}",0,43.95995550611791,10,40.0,ns3,899,0.5,10,12,28,1,1,[43.95995550611791],[672832],,,14,13,
2026_07_15_01_26_56,000140,18,all-cavs,fullperception_pcs,grid,utility,utility,none,0,0,,singleton,20,,16;18,18,,{},"{""18"": 4865}",0,43.95995550611791,10,40.0,ns3,899,0.5,10,12,28,1,1,[43.95995550611791],[672832],,,6,6,
2026_07_15_01_26_56,000140,19,all-cavs,fullperception_pcs,grid,utility,utility,none,0,0,,singleton,20,,3;19,19,,{},"{""19"": 4828}",0,43.95995550611791,10,40.0,ns3,899,0.5,10,12,28,1,1,[43.95995550611791],[672832],,,9,16,
2026_07_15_01_26_56,000140,20,all-cavs,fullperception_pcs,grid,utility,utility,none,0,0,,singleton,20,,6;20,20,,{},"{""20"": 4909}",0,43.95995550611791,10,40.0,ns3,899,0.5,10,12,28,1,1,[43.95995550611791],[672832],,,16,18,
