scenario_id,timestamp,receiver_id,receiver_policy,coperception_yaml,resource_allocation,upload_mode,grid_selection_mode,grid_score_mode,coverage_fallback,coverage_fallback_replacements,routing_hint_replacements,routing_hints_csv,clustering,cluster_count,selective_frame_deadline_ms,cluster_member_ids,source_cav_ids,uploaded_source_ids,selected_grid_counts_json,point_counts_json,communication_bytes,frame_comm_time_ms,num_channels,bandwidth_mhz,communication_deadline_ms,sgcp_frame_mbps_budget,sgcp_frame_budget_bytes,sgcp_frame_budget_original_bytes,sgcp_frame_budget_admitted_bytes,max_senders_per_receiver,channel_estimator,ns3_tb_size_bytes,ns3_slot_duration_ms,ns3_subchannel_prbs,ns3_symbols_per_slot,ns3_mcs,pcs_rounds_requested,pcs_rounds_accepted,pcs_round_comm_time_ms_json,pcs_round_comm_bytes_json,channel_allocation,missing_channel_sources,pred_boxes,gt_boxes,skipped
2026_07_15_01_26_56,000060,4,all-cluster-heads,docs\doc_workspace\SGCP\artifacts\early_from_late_checkpoint_20260719\enable_coperception_early_from_attentive.yaml,cov_potential_game,grid,utility,utility,none,0,0,,cov_coalition_game,6,,4;8;12,4;12,12,"{""12"": 37}","{""4"": 4886, ""12"": 2078}",33248,18.491657397107897,10,40.0,100.0,200.0,2500000,693392,693392,1,ns3,899,0.5,10,12,28,,,[],[],12>4:0,,17,29,
2026_07_15_01_26_56,000060,11,all-cluster-heads,docs\doc_workspace\SGCP\artifacts\early_from_late_checkpoint_20260719\enable_coperception_early_from_attentive.yaml,cov_potential_game,grid,utility,utility,none,0,0,,cov_coalition_game,6,,1;2;10;11,11;10;2,10;2,"{""2"": 37, ""10"": 37}","{""2"": 4767, ""10"": 4835, ""11"": 4909}",153632,43.02558398220245,10,40.0,100.0,200.0,2500000,693392,693392,1,ns3,899,0.5,10,12,28,,,[],[],2>11:6;10>11:1,,29,51,
2026_07_15_01_26_56,000060,13,all-cluster-heads,docs\doc_workspace\SGCP\artifacts\early_from_late_checkpoint_20260719\enable_coperception_early_from_attentive.yaml,cov_potential_game,grid,utility,utility,none,0,0,,cov_coalition_game,6,,9;13;14;19,13;14;9,14;9,"{""9"": 37, ""14"": 37}","{""9"": 4826, ""13"": 4793, ""14"": 4980}",156896,44.31590656284761,10,40.0,100.0,200.0,2500000,693392,693392,1,ns3,899,0.5,10,12,28,,,[],[],9>13:8;14>13:2,,16,31,
2026_07_15_01_26_56,000060,15,all-cluster-heads,docs\doc_workspace\SGCP\artifacts\early_from_late_checkpoint_20260719\enable_coperception_early_from_attentive.yaml,cov_potential_game,grid,utility,utility,none,0,0,,cov_coalition_game,6,,6;15,15;6,6,"{""6"": 37}","{""6"": 4396, ""15"": 4740}",70336,39.11902113459399,10,40.0,100.0,200.0,2500000,693392,693392,1,ns3,899,0.5,10,12,28,,,[],[],6>15:3,,15,17,
2026_07_15_01_26_56,000060,16,all-cluster-heads,docs\doc_workspace\SGCP\artifacts\early_from_late_checkpoint_20260719\enable_coperception_early_from_attentive.yaml,cov_potential_game,grid,utility,utility,none,0,0,,cov_coalition_game,6,,5;7;16;20,16;7;20,7;20,"{""7"": 37, ""20"": 37}","{""7"": 4609, ""16"": 4857, ""20"": 4833}",151072,43.007786429365964,10,40.0,100.0,200.0,2500000,693392,693392,1,ns3,899,0.5,10,12,28,,,[],[],7>16:4;20>16:7,,21,27,
2026_07_15_01_26_56,000060,17,all-cluster-heads,docs\doc_workspace\SGCP\artifacts\early_from_late_checkpoint_20260719\enable_coperception_early_from_attentive.yaml,cov_potential_game,grid,utility,utility,none,0,0,,cov_coalition_game,6,,3;17;18,17;3;18,3;18,"{""3"": 37, ""18"": 37}","{""3"": 3225, ""17"": 4967, ""18"": 4788}",128208,42.607341490545046,10,40.0,100.0,200.0,2500000,693392,693392,1,ns3,899,0.5,10,12,28,,,[],[],3>17:5;18>17:9,,21,25,
2026_07_15_01_26_56,000062,1,all-cluster-heads,docs\doc_workspace\SGCP\artifacts\early_from_late_checkpoint_20260719\enable_coperception_early_from_attentive.yaml,cov_potential_game,grid,utility,utility,none,0,0,,cov_coalition_game,6,,1;2;8;11,1;2;11,2;11,"{""2"": 37, ""11"": 37}","{""1"": 4921, ""2"": 4365, ""11"": 4780}",146320,42.53615127919911,10,40.0,100.0,200.0,2500000,730048,730048,1,ns3,899,0.5,10,12,28,,,[],[],2>1:0;11>1:9,,27,40,
2026_07_15_01_26_56,000062,12,all-cluster-heads,docs\doc_workspace\SGCP\artifacts\early_from_late_checkpoint_20260719\enable_coperception_early_from_attentive.yaml,cov_potential_game,grid,utility,utility,none,0,0,,cov_coalition_game,6,,4;12,12;4,4,"{""4"": 37}","{""4"": 3235, ""12"": 4894}",51760,28.78754171301446,10,40.0,100.0,200.0,2500000,730048,730048,1,ns3,899,0.5,10,12,28,,,[],[],4>12:1,,18,32,
2026_07_15_01_26_56,000062,15,all-cluster-heads,docs\doc_workspace\SGCP\artifacts\early_from_late_checkpoint_20260719\enable_coperception_early_from_attentive.yaml,cov_potential_game,grid,utility,utility,none,0,0,,cov_coalition_game,6,,6;15,15;6,6,"{""6"": 37}","{""6"": 4388, ""15"": 4745}",70208,39.04783092324805,10,40.0,100.0,200.0,2500000,730048,730048,1,ns3,899,0.5,10,12,28,,,[],[],6>15:2,,12,17,
2026_07_15_01_26_56,000062,16,all-cluster-heads,docs\doc_workspace\SGCP\artifacts\early_from_late_checkpoint_20260719\enable_coperception_early_from_attentive.yaml,cov_potential_game,grid,utility,utility,none,0,0,,cov_coalition_game,6,,5;7;16;20,16;7;20,7;20,"{""7"": 37, ""20"": 37}","{""7"": 4610, ""16"": 4866, ""20"": 4834}",151104,43.016685205784206,10,40.0,100.0,200.0,2500000,730048,730048,1,ns3,899,0.5,10,12,28,,,[],[],7>16:3;20>16:8,,23,27,
2026_07_15_01_26_56,000062,17,all-cluster-heads,docs\doc_workspace\SGCP\artifacts\early_from_late_checkpoint_20260719\enable_coperception_early_from_attentive.yaml,cov_potential_game,grid,utility,utility,none,0,0,,cov_coalition_game,6,,3;14;17;18,17;14;3,14;3,"{""3"": 37, ""14"": 37}","{""3"": 4831, ""14"": 4968, ""17"": 4985}",156784,44.209121245828705,10,40.0,100.0,200.0,2500000,730048,730048,1,ns3,899,0.5,10,12,28,,,[],[],3>17:6;14>17:4,,18,19,
2026_07_15_01_26_56,000062,19,all-cluster-heads,docs\doc_workspace\SGCP\artifacts\early_from_late_checkpoint_20260719\enable_coperception_early_from_attentive.yaml,cov_potential_game,grid,utility,utility,none,0,0,,cov_coalition_game,6,,9;10;13;19,19;10;13,10;13,"{""10"": 37, ""13"": 37}","{""10"": 4876, ""13"": 4741, ""19"": 4823}",153872,43.39043381535039,10,40.0,100.0,200.0,2500000,730048,730048,1,ns3,899,0.5,10,12,28,,,[],[],10>19:5;13>19:7,,16,38,
2026_07_15_01_26_56,000064,1,all-cluster-heads,docs\doc_workspace\SGCP\artifacts\early_from_late_checkpoint_20260719\enable_coperception_early_from_attentive.yaml,cov_potential_game,grid,utility,utility,none,0,0,,cov_coalition_game,6,,1;2;8;11,1;2;11,2;11,"{""2"": 37, ""11"": 37}","{""1"": 4921, ""2"": 4350, ""11"": 4643}",143888,41.317018909899886,10,40.0,100.0,200.0,2500000,727520,727520,1,ns3,899,0.5,10,12,28,,,[],[],2>1:0;11>1:9,,27,40,
2026_07_15_01_26_56,000064,12,all-cluster-heads,docs\doc_workspace\SGCP\artifacts\early_from_late_checkpoint_20260719\enable_coperception_early_from_attentive.yaml,cov_potential_game,grid,utility,utility,none,0,0,,cov_coalition_game,6,,4;12,12;4,4,"{""4"": 37}","{""4"": 3232, ""12"": 4896}",51712,28.760845383759733,10,40.0,100.0,200.0,2500000,727520,727520,1,ns3,899,0.5,10,12,28,,,[],[],4>12:1,,15,32,
2026_07_15_01_26_56,000064,15,all-cluster-heads,docs\doc_workspace\SGCP\artifacts\early_from_late_checkpoint_20260719\enable_coperception_early_from_attentive.yaml,cov_potential_game,grid,utility,utility,none,0,0,,cov_coalition_game,6,,6;15,15;6,6,"{""6"": 37}","{""6"": 4413, ""15"": 4750}",70608,39.270300333704114,10,40.0,100.0,200.0,2500000,727520,727520,1,ns3,899,0.5,10,12,28,,,[],[],6>15:2,,13,17,
2026_07_15_01_26_56,000064,16,all-cluster-heads,docs\doc_workspace\SGCP\artifacts\early_from_late_checkpoint_20260719\enable_coperception_early_from_attentive.yaml,cov_potential_game,grid,utility,utility,none,0,0,,cov_coalition_game,6,,5;7;16;20,16;7;20,7;20,"{""7"": 37, ""20"": 37}","{""7"": 4592, ""16"": 4850, ""20"": 4835}",150832,43.02558398220245,10,40.0,100.0,200.0,2500000,727520,727520,1,ns3,899,0.5,10,12,28,,,[],[],7>16:3;20>16:8,,22,27,
2026_07_15_01_26_56,000064,17,all-cluster-heads,docs\doc_workspace\SGCP\artifacts\early_from_late_checkpoint_20260719\enable_coperception_early_from_attentive.yaml,cov_potential_game,grid,utility,utility,none,0,0,,cov_coalition_game,6,,3;14;17;18,17;14;3,14;3,"{""3"": 37, ""14"": 37}","{""3"": 4823, ""14"": 4972, ""17"": 4966}",156720,44.24471635150167,10,40.0,100.0,200.0,2500000,727520,727520,1,ns3,899,0.5,10,12,28,,,[],[],3>17:6;14>17:4,,18,19,
2026_07_15_01_26_56,000064,19,all-cluster-heads,docs\doc_workspace\SGCP\artifacts\early_from_late_checkpoint_20260719\enable_coperception_early_from_attentive.yaml,cov_potential_game,grid,utility,utility,none,0,0,,cov_coalition_game,6,,9;10;13;19,19;10;13,10;13,"{""10"": 37, ""13"": 37}","{""10"": 4865, ""13"": 4745, ""19"": 4819}",153760,43.29254727474972,10,40.0,100.0,200.0,2500000,727520,727520,1,ns3,899,0.5,10,12,28,,,[],[],10>19:5;13>19:7,,17,37,
2026_07_15_01_26_56,000066,1,all-cluster-heads,docs\doc_workspace\SGCP\artifacts\early_from_late_checkpoint_20260719\enable_coperception_early_from_attentive.yaml,cov_potential_game,grid,utility,utility,none,0,0,,cov_coalition_game,6,,1;2;8;11,1;2;11,2;11,"{""2"": 37, ""11"": 37}","{""1"": 4922, ""2"": 4357, ""11"": 4643}",144000,41.317018909899886,10,40.0,100.0,200.0,2500000,729344,729344,1,ns3,899,0.5,10,12,28,,,[],[],2>1:0;11>1:9,,28,41,
2026_07_15_01_26_56,000066,12,all-cluster-heads,docs\doc_workspace\SGCP\artifacts\early_from_late_checkpoint_20260719\enable_coperception_early_from_attentive.yaml,cov_potential_game,grid,utility,utility,none,0,0,,cov_coalition_game,6,,4;7;12,12;7;4,7;4,"{""4"": 37, ""7"": 37}","{""4"": 4780, ""7"": 4790, ""12"": 4884}",153120,42.62513904338154,10,40.0,100.0,200.0,2500000,729344,729344,1,ns3,899,0.5,10,12,28,,,[],[],4>12:7;7>12:1,,25,36,
2026_07_15_01_26_56,000066,15,all-cluster-heads,docs\doc_workspace\SGCP\artifacts\early_from_late_checkpoint_20260719\enable_coperception_early_from_attentive.yaml,cov_potential_game,grid,utility,utility,none,0,0,,cov_coalition_game,6,,6;15,15;6,6,"{""6"": 37}","{""6"": 4411, ""15"": 4740}",70576,39.25250278086763,10,40.0,100.0,200.0,2500000,729344,729344,1,ns3,899,0.5,10,12,28,,,[],[],6>15:2,,13,17,
2026_07_15_01_26_56,000066,16,all-cluster-heads,docs\doc_workspace\SGCP\artifacts\early_from_late_checkpoint_20260719\enable_coperception_early_from_attentive.yaml,cov_potential_game,grid,utility,utility,none,0,0,,cov_coalition_game,6,,5;16;20,16;20,20,"{""20"": 37}","{""16"": 4854, ""20"": 3120}",49920,27.764182424916573,10,40.0,100.0,200.0,2500000,729344,729344,1,ns3,899,0.5,10,12,28,,,[],[],20>16:3,,22,24,
2026_07_15_01_26_56,000066,17,all-cluster-heads,docs\doc_workspace\SGCP\artifacts\early_from_late_checkpoint_20260719\enable_coperception_early_from_attentive.yaml,cov_potential_game,grid,utility,utility,none,0,0,,cov_coalition_game,6,,3;14;17;18,17;14;3,14;3,"{""3"": 37, ""14"": 37}","{""3"": 4826, ""14"": 4958, ""17"": 4984}",156544,44.12013348164627,10,40.0,100.0,200.0,2500000,729344,729344,1,ns3,899,0.5,10,12,28,,,[],[],3>17:6;14>17:4,,16,19,
2026_07_15_01_26_56,000066,19,all-cluster-heads,docs\doc_workspace\SGCP\artifacts\early_from_late_checkpoint_20260719\enable_coperception_early_from_attentive.yaml,cov_potential_game,grid,utility,utility,none,0,0,,cov_coalition_game,6,,9;10;13;19,19;10;9,10;9,"{""9"": 37, ""10"": 37}","{""9"": 4830, ""10"": 4869, ""19"": 4818}",155184,43.32814238042269,10,40.0,100.0,200.0,2500000,729344,729344,1,ns3,899,0.5,10,12,28,,,[],[],9>19:8;10>19:5,,19,33,
2026_07_15_01_26_56,000068,1,all-cluster-heads,docs\doc_workspace\SGCP\artifacts\early_from_late_checkpoint_20260719\enable_coperception_early_from_attentive.yaml,cov_potential_game,grid,utility,utility,none,0,0,,cov_coalition_game,6,,1;2;8;11,1;2;11,2;11,"{""2"": 37, ""11"": 37}","{""1"": 4924, ""2"": 4347, ""11"": 4643}",143840,41.317018909899886,10,40.0,100.0,200.0,2500000,725696,725696,1,ns3,899,0.5,10,12,28,,,[],[],2>1:0;11>1:9,,27,42,
2026_07_15_01_26_56,000068,4,all-cluster-heads,docs\doc_workspace\SGCP\artifacts\early_from_late_checkpoint_20260719\enable_coperception_early_from_attentive.yaml,cov_potential_game,grid,utility,utility,none,0,0,,cov_coalition_game,6,,4;9;12,4;9;12,9;12,"{""9"": 37, ""12"": 37}","{""4"": 4848, ""9"": 4837, ""12"": 4803}",154240,43.04338153503893,10,40.0,100.0,200.0,2500000,725696,725696,1,ns3,899,0.5,10,12,28,,,[],[],9>4:1;12>4:7,,13,37,
2026_07_15_01_26_56,000068,13,all-cluster-heads,docs\doc_workspace\SGCP\artifacts\early_from_late_checkpoint_20260719\enable_coperception_early_from_attentive.yaml,cov_potential_game,grid,utility,utility,none,0,0,,cov_coalition_game,6,,10;13;14;19,13;14;10,14;10,"{""10"": 37, ""14"": 37}","{""10"": 4779, ""13"": 4795, ""14"": 4946}",155600,44.01334816462736,10,40.0,100.0,200.0,2500000,725696,725696,1,ns3,899,0.5,10,12,28,,,[],[],10>13:6;14>13:2,,21,34,
2026_07_15_01_26_56,000068,15,all-cluster-heads,docs\doc_workspace\SGCP\artifacts\early_from_late_checkpoint_20260719\enable_coperception_early_from_attentive.yaml,cov_potential_game,grid,utility,utility,none,0,0,,cov_coalition_game,6,,6;15,15;6,6,"{""6"": 37}","{""6"": 4418, ""15"": 4743}",70688,39.314794215795324,10,40.0,100.0,200.0,2500000,725696,725696,1,ns3,899,0.5,10,12,28,,,[],[],6>15:3,,14,16,
2026_07_15_01_26_56,000068,16,all-cluster-heads,docs\doc_workspace\SGCP\artifacts\early_from_late_checkpoint_20260719\enable_coperception_early_from_attentive.yaml,cov_potential_game,grid,utility,utility,none,0,0,,cov_coalition_game,6,,5;7;16;20,16;7;20,7;20,"{""7"": 37, ""20"": 37}","{""7"": 4624, ""16"": 4887, ""20"": 4832}",151296,42.998887652947715,10,40.0,100.0,200.0,2500000,725696,725696,1,ns3,899,0.5,10,12,28,,,[],[],7>16:4;20>16:8,,26,26,
2026_07_15_01_26_56,000068,17,all-cluster-heads,docs\doc_workspace\SGCP\artifacts\early_from_late_checkpoint_20260719\enable_coperception_early_from_attentive.yaml,cov_potential_game,grid,utility,utility,none,0,0,,cov_coalition_game,6,,3;17;18,17;3,3,"{""3"": 37}","{""3"": 3127, ""17"": 4976}",50032,27.826473859844274,10,40.0,100.0,200.0,2500000,725696,725696,1,ns3,899,0.5,10,12,28,,,[],[],3>17:5,,16,19,
2026_07_15_01_26_56,000070,1,all-cluster-heads,docs\doc_workspace\SGCP\artifacts\early_from_late_checkpoint_20260719\enable_coperception_early_from_attentive.yaml,cov_potential_game,grid,utility,utility,none,0,0,,cov_coalition_game,6,,1;4;12,1;12;4,12;4,"{""4"": 24, ""12"": 37}","{""1"": 4925, ""4"": 4076, ""12"": 4802}",142048,42.73192436040044,10,40.0,100.0,200.0,2500000,723552,723552,1,ns3,899,0.5,10,12,28,,,[],[],4>1:9;12>1:0,,20,37,
2026_07_15_01_26_56,000070,11,all-cluster-heads,docs\doc_workspace\SGCP\artifacts\early_from_late_checkpoint_20260719\enable_coperception_early_from_attentive.yaml,cov_potential_game,grid,utility,utility,none,0,0,,cov_coalition_game,6,,2;8;9;11,11;9;2,9;2,"{""2"": 37, ""9"": 37}","{""2"": 4794, ""9"": 4832, ""11"": 4909}",154016,42.998887652947715,10,40.0,100.0,200.0,2500000,723552,723552,1,ns3,899,0.5,10,12,28,,,[],[],2>11:6;9>11:1,,29,50,
2026_07_15_01_26_56,000070,13,all-cluster-heads,docs\doc_workspace\SGCP\artifacts\early_from_late_checkpoint_20260719\enable_coperception_early_from_attentive.yaml,cov_potential_game,grid,utility,utility,none,0,0,,cov_coalition_game,6,,10;13;14;19,13;14;10,14;10,"{""10"": 37, ""14"": 37}","{""10"": 4798, ""13"": 4795, ""14"": 4936}",155744,43.92436040044494,10,40.0,100.0,200.0,2500000,723552,723552,1,ns3,899,0.5,10,12,28,,,[],[],10>13:7;14>13:2,,17,33,
2026_07_15_01_26_56,000070,15,all-cluster-heads,docs\doc_workspace\SGCP\artifacts\early_from_late_checkpoint_20260719\enable_coperception_early_from_attentive.yaml,cov_potential_game,grid,utility,utility,none,0,0,,cov_coalition_game,6,,6;15,15;6,6,"{""6"": 37}","{""6"": 4417, ""15"": 4740}",70672,39.30589543937708,10,40.0,100.0,200.0,2500000,723552,723552,1,ns3,899,0.5,10,12,28,,,[],[],6>15:3,,15,16,
2026_07_15_01_26_56,000070,16,all-cluster-heads,docs\doc_workspace\SGCP\artifacts\early_from_late_checkpoint_20260719\enable_coperception_early_from_attentive.yaml,cov_potential_game,grid,utility,utility,none,0,0,,cov_coalition_game,6,,5;7;16;20,16;7;20,7;20,"{""7"": 37, ""20"": 37}","{""7"": 4635, ""16"": 4856, ""20"": 4830}",151440,42.98109010011123,10,40.0,100.0,200.0,2500000,723552,723552,1,ns3,899,0.5,10,12,28,,,[],[],7>16:4;20>16:8,,26,27,
2026_07_15_01_26_56,000070,17,all-cluster-heads,docs\doc_workspace\SGCP\artifacts\early_from_late_checkpoint_20260719\enable_coperception_early_from_attentive.yaml,cov_potential_game,grid,utility,utility,none,0,0,,cov_coalition_game,6,,3;17;18,17;3,3,"{""3"": 37}","{""3"": 3102, ""17"": 4972}",49632,27.60400444938821,10,40.0,100.0,200.0,2500000,723552,723552,1,ns3,899,0.5,10,12,28,,,[],[],3>17:5,,14,19,
2026_07_15_01_26_56,000072,1,all-cluster-heads,docs\doc_workspace\SGCP\artifacts\early_from_late_checkpoint_20260719\enable_coperception_early_from_attentive.yaml,cov_potential_game,grid,utility,utility,none,0,0,,cov_coalition_game,6,,1;2;8;11,1;2;11,2;11,"{""2"": 37, ""11"": 37}","{""1"": 4928, ""2"": 4327, ""11"": 4782}",145744,42.553948832035594,10,40.0,100.0,200.0,2500000,725680,725680,1,ns3,899,0.5,10,12,28,,,[],[],2>1:0;11>1:9,,27,41,
2026_07_15_01_26_56,000072,4,all-cluster-heads,docs\doc_workspace\SGCP\artifacts\early_from_late_checkpoint_20260719\enable_coperception_early_from_attentive.yaml,cov_potential_game,grid,utility,utility,none,0,0,,cov_coalition_game,6,,4;9;12,4;9;12,9;12,"{""9"": 37, ""12"": 37}","{""4"": 4868, ""9"": 4839, ""12"": 4800}",154224,43.06117908787542,10,40.0,100.0,200.0,2500000,725680,725680,1,ns3,899,0.5,10,12,28,,,[],[],9>4:1;12>4:6,,12,37,
2026_07_15_01_26_56,000072,13,all-cluster-heads,docs\doc_workspace\SGCP\artifacts\early_from_late_checkpoint_20260719\enable_coperception_early_from_attentive.yaml,cov_potential_game,grid,utility,utility,none,0,0,,cov_coalition_game,6,,10;13;14;19,13;14;10,14;10,"{""10"": 37, ""14"": 37}","{""10"": 4728, ""13"": 4800, ""14"": 4949}",154832,44.040044493882085,10,40.0,100.0,200.0,2500000,725680,725680,1,ns3,899,0.5,10,12,28,,,[],[],10>13:7;14>13:2,,20,33,
2026_07_15_01_26_56,000072,15,all-cluster-heads,docs\doc_workspace\SGCP\artifacts\early_from_late_checkpoint_20260719\enable_coperception_early_from_attentive.yaml,cov_potential_game,grid,utility,utility,none,0,0,,cov_coalition_game,6,,6;15,15;6,6,"{""6"": 37}","{""6"": 4403, ""15"": 4748}",70448,39.18131256952169,10,40.0,100.0,200.0,2500000,725680,725680,1,ns3,899,0.5,10,12,28,,,[],[],6>15:3,,15,18,
2026_07_15_01_26_56,000072,16,all-cluster-heads,docs\doc_workspace\SGCP\artifacts\early_from_late_checkpoint_20260719\enable_coperception_early_from_attentive.yaml,cov_potential_game,grid,utility,utility,none,0,0,,cov_coalition_game,6,,5;7;16;20,16;7;20,7;20,"{""7"": 37, ""20"": 37}","{""7"": 4626, ""16"": 4868, ""20"": 4828}",151264,42.96329254727475,10,40.0,100.0,200.0,2500000,725680,725680,1,ns3,899,0.5,10,12,28,,,[],[],7>16:4;20>16:8,,24,27,
2026_07_15_01_26_56,000072,17,all-cluster-heads,docs\doc_workspace\SGCP\artifacts\early_from_late_checkpoint_20260719\enable_coperception_early_from_attentive.yaml,cov_potential_game,grid,utility,utility,none,0,0,,cov_coalition_game,6,,3;17;18,17;3,3,"{""3"": 37}","{""3"": 3073, ""17"": 4977}",49168,27.345939933259178,10,40.0,100.0,200.0,2500000,725680,725680,1,ns3,899,0.5,10,12,28,,,[],[],3>17:5,,15,19,
2026_07_15_01_26_56,000074,1,all-cluster-heads,docs\doc_workspace\SGCP\artifacts\early_from_late_checkpoint_20260719\enable_coperception_early_from_attentive.yaml,cov_potential_game,grid,utility,utility,none,0,0,,cov_coalition_game,6,,1;2;8;11,1;2;11,2;11,"{""2"": 37, ""11"": 37}","{""1"": 4931, ""2"": 4334, ""11"": 4782}",145856,42.553948832035594,10,40.0,100.0,200.0,2500000,735600,735600,1,ns3,899,0.5,10,12,28,,,[],[],2>1:0;11>1:9,,27,39,
2026_07_15_01_26_56,000074,12,all-cluster-heads,docs\doc_workspace\SGCP\artifacts\early_from_late_checkpoint_20260719\enable_coperception_early_from_attentive.yaml,cov_potential_game,grid,utility,utility,none,0,0,,cov_coalition_game,6,,4;7;12,12;7;4,7;4,"{""4"": 37, ""7"": 37}","{""4"": 4773, ""7"": 4796, ""12"": 4881}",153104,42.67853170189099,10,40.0,100.0,200.0,2500000,735600,735600,1,ns3,899,0.5,10,12,28,,,[],[],4>12:8;7>12:1,,20,39,
2026_07_15_01_26_56,000074,13,all-cluster-heads,docs\doc_workspace\SGCP\artifacts\early_from_late_checkpoint_20260719\enable_coperception_early_from_attentive.yaml,cov_potential_game,grid,utility,utility,none,0,0,,cov_coalition_game,6,,10;13;14;19,13;14;10,14;10,"{""10"": 37, ""14"": 37}","{""10"": 4804, ""13"": 4800, ""14"": 4903}",155312,43.63070077864294,10,40.0,100.0,200.0,2500000,735600,735600,1,ns3,899,0.5,10,12,28,,,[],[],10>13:7;14>13:2,,20,33,
2026_07_15_01_26_56,000074,15,all-cluster-heads,docs\doc_workspace\SGCP\artifacts\early_from_late_checkpoint_20260719\enable_coperception_early_from_attentive.yaml,cov_potential_game,grid,utility,utility,none,0,0,,cov_coalition_game,6,,6;15,15;6,6,"{""6"": 37}","{""6"": 4404, ""15"": 4753}",70464,39.19021134593993,10,40.0,100.0,200.0,2500000,735600,735600,1,ns3,899,0.5,10,12,28,,,[],[],6>15:3,,15,18,
2026_07_15_01_26_56,000074,17,all-cluster-heads,docs\doc_workspace\SGCP\artifacts\early_from_late_checkpoint_20260719\enable_coperception_early_from_attentive.yaml,cov_potential_game,grid,utility,utility,none,0,0,,cov_coalition_game,6,,3;17;18,17;3,3,"{""3"": 37}","{""3"": 3591, ""17"": 4954}",57456,31.95550611790879,10,40.0,100.0,200.0,2500000,735600,735600,1,ns3,899,0.5,10,12,28,,,[],[],3>17:4,,17,19,
2026_07_15_01_26_56,000074,20,all-cluster-heads,docs\doc_workspace\SGCP\artifacts\early_from_late_checkpoint_20260719\enable_coperception_early_from_attentive.yaml,cov_potential_game,grid,utility,utility,none,0,0,,cov_coalition_game,6,,5;9;16;20,20;9;16,9;16,"{""9"": 37, ""16"": 37}","{""9"": 4793, ""16"": 4795, ""20"": 4907}",153408,42.66963292547275,10,40.0,100.0,200.0,2500000,735600,735600,1,ns3,899,0.5,10,12,28,,,[],[],9>20:5;16>20:6,,24,36,
2026_07_15_01_26_56,000076,1,all-cluster-heads,docs\doc_workspace\SGCP\artifacts\early_from_late_checkpoint_20260719\enable_coperception_early_from_attentive.yaml,cov_potential_game,grid,utility,utility,none,0,0,,cov_coalition_game,6,,1;2;8;11,1;2;11,2;11,"{""2"": 37, ""11"": 37}","{""1"": 4934, ""2"": 4340, ""11"": 4782}",145952,42.553948832035594,10,40.0,100.0,200.0,2500000,736688,736688,1,ns3,899,0.5,10,12,28,,,[],[],2>1:0;11>1:9,,28,41,
2026_07_15_01_26_56,000076,4,all-cluster-heads,docs\doc_workspace\SGCP\artifacts\early_from_late_checkpoint_20260719\enable_coperception_early_from_attentive.yaml,cov_potential_game,grid,utility,utility,none,0,0,,cov_coalition_game,6,,4;9;12,4;9;12,9;12,"{""9"": 37, ""12"": 37}","{""4"": 4853, ""9"": 4839, ""12"": 4797}",154176,43.06117908787542,10,40.0,100.0,200.0,2500000,736688,736688,1,ns3,899,0.5,10,12,28,,,[],[],9>4:1;12>4:6,,13,37,
2026_07_15_01_26_56,000076,13,all-cluster-heads,docs\doc_workspace\SGCP\artifacts\early_from_late_checkpoint_20260719\enable_coperception_early_from_attentive.yaml,cov_potential_game,grid,utility,utility,none,0,0,,cov_coalition_game,6,,10;13;14;19,13;14;10,14;10,"{""10"": 37, ""14"": 37}","{""10"": 4805, ""13"": 4773, ""14"": 4904}",155344,43.63959955506118,10,40.0,100.0,200.0,2500000,736688,736688,1,ns3,899,0.5,10,12,28,,,[],[],10>13:7;14>13:2,,21,32,
2026_07_15_01_26_56,000076,15,all-cluster-heads,docs\doc_workspace\SGCP\artifacts\early_from_late_checkpoint_20260719\enable_coperception_early_from_attentive.yaml,cov_potential_game,grid,utility,utility,none,0,0,,cov_coalition_game,6,,6;15,15;6,6,"{""6"": 37}","{""6"": 4423, ""15"": 4754}",70768,39.35928809788654,10,40.0,100.0,200.0,2500000,736688,736688,1,ns3,899,0.5,10,12,28,,,[],[],6>15:3,,17,18,
2026_07_15_01_26_56,000076,16,all-cluster-heads,docs\doc_workspace\SGCP\artifacts\early_from_late_checkpoint_20260719\enable_coperception_early_from_attentive.yaml,cov_potential_game,grid,utility,utility,none,0,0,,cov_coalition_game,6,,5;7;16;20,16;7;20,7;20,"{""7"": 37, ""20"": 37}","{""7"": 4645, ""16"": 4885, ""20"": 4827}",151552,42.954393770856505,10,40.0,100.0,200.0,2500000,736688,736688,1,ns3,899,0.5,10,12,28,,,[],[],7>16:4;20>16:8,,29,28,
2026_07_15_01_26_56,000076,17,all-cluster-heads,docs\doc_workspace\SGCP\artifacts\early_from_late_checkpoint_20260719\enable_coperception_early_from_attentive.yaml,cov_potential_game,grid,utility,utility,none,0,0,,cov_coalition_game,6,,3;17;18,17;3,3,"{""3"": 37}","{""3"": 3681, ""17"": 5003}",58896,32.75639599555061,10,40.0,100.0,200.0,2500000,736688,736688,1,ns3,899,0.5,10,12,28,,,[],[],3>17:5,,17,20,
2026_07_15_01_26_56,000078,1,all-cluster-heads,docs\doc_workspace\SGCP\artifacts\early_from_late_checkpoint_20260719\enable_coperception_early_from_attentive.yaml,cov_potential_game,grid,utility,utility,none,0,0,,cov_coalition_game,6,,1;2;8;11,1;2;11,2;11,"{""2"": 37, ""11"": 37}","{""1"": 4934, ""2"": 4331, ""11"": 4785}",145856,42.58064516129032,10,40.0,100.0,200.0,2500000,736752,736752,1,ns3,899,0.5,10,12,28,,,[],[],2>1:0;11>1:9,,27,40,
2026_07_15_01_26_56,000078,4,all-cluster-heads,docs\doc_workspace\SGCP\artifacts\early_from_late_checkpoint_20260719\enable_coperception_early_from_attentive.yaml,cov_potential_game,grid,utility,utility,none,0,0,,cov_coalition_game,6,,4;9;12,4;9;12,9;12,"{""9"": 37, ""12"": 37}","{""4"": 4858, ""9"": 4836, ""12"": 4787}",153968,43.03448275862069,10,40.0,100.0,200.0,2500000,736752,736752,1,ns3,899,0.5,10,12,28,,,[],[],9>4:1;12>4:6,,13,39,
2026_07_15_01_26_56,000078,13,all-cluster-heads,docs\doc_workspace\SGCP\artifacts\early_from_late_checkpoint_20260719\enable_coperception_early_from_attentive.yaml,cov_potential_game,grid,utility,utility,none,0,0,,cov_coalition_game,6,,10;13;14;19,13;14;10,14;10,"{""10"": 37, ""14"": 37}","{""10"": 4776, ""13"": 4778, ""14"": 4884}",154560,43.46162402669633,10,40.0,100.0,200.0,2500000,736752,736752,1,ns3,899,0.5,10,12,28,,,[],[],10>13:7;14>13:2,,20,33,
2026_07_15_01_26_56,000078,15,all-cluster-heads,docs\doc_workspace\SGCP\artifacts\early_from_late_checkpoint_20260719\enable_coperception_early_from_attentive.yaml,cov_potential_game,grid,utility,utility,none,0,0,,cov_coalition_game,6,,6;15,15;6,6,"{""6"": 37}","{""6"": 4418, ""15"": 4753}",70688,39.314794215795324,10,40.0,100.0,200.0,2500000,736752,736752,1,ns3,899,0.5,10,12,28,,,[],[],6>15:3,,16,19,
2026_07_15_01_26_56,000078,16,all-cluster-heads,docs\doc_workspace\SGCP\artifacts\early_from_late_checkpoint_20260719\enable_coperception_early_from_attentive.yaml,cov_potential_game,grid,utility,utility,none,0,0,,cov_coalition_game,6,,5;7;16;20,16;7;20,7;20,"{""7"": 37, ""20"": 37}","{""7"": 4667, ""16"": 4880, ""20"": 4831}",151968,42.98998887652947,10,40.0,100.0,200.0,2500000,736752,736752,1,ns3,899,0.5,10,12,28,,,[],[],7>16:4;20>16:8,,25,27,
2026_07_15_01_26_56,000078,17,all-cluster-heads,docs\doc_workspace\SGCP\artifacts\early_from_late_checkpoint_20260719\enable_coperception_early_from_attentive.yaml,cov_potential_game,grid,utility,utility,none,0,0,,cov_coalition_game,6,,3;17;18,17;3,3,"{""3"": 37}","{""3"": 3732, ""17"": 4995}",59712,33.21023359288098,10,40.0,100.0,200.0,2500000,736752,736752,1,ns3,899,0.5,10,12,28,,,[],[],3>17:5,,16,20,
2026_07_15_01_26_56,000080,1,all-cluster-heads,docs\doc_workspace\SGCP\artifacts\early_from_late_checkpoint_20260719\enable_coperception_early_from_attentive.yaml,cov_potential_game,grid,utility,utility,none,0,0,,cov_coalition_game,6,,1;2;8;11,1;2,2,"{""2"": 37}","{""1"": 4933, ""2"": 4320}",69120,38.442714126807566,10,40.0,100.0,200.0,2500000,754928,754928,1,ns3,899,0.5,10,12,28,,,[],[],2>1:0,,24,32,
2026_07_15_01_26_56,000080,4,all-cluster-heads,docs\doc_workspace\SGCP\artifacts\early_from_late_checkpoint_20260719\enable_coperception_early_from_attentive.yaml,cov_potential_game,grid,utility,utility,none,0,0,,cov_coalition_game,6,,4;9;12,4;9;12,9;12,"{""9"": 37, ""12"": 37}","{""4"": 4847, ""9"": 4837, ""12"": 4790}",154032,43.04338153503893,10,40.0,100.0,200.0,2500000,754928,754928,1,ns3,899,0.5,10,12,28,,,[],[],9>4:1;12>4:7,,12,40,
2026_07_15_01_26_56,000080,13,all-cluster-heads,docs\doc_workspace\SGCP\artifacts\early_from_late_checkpoint_20260719\enable_coperception_early_from_attentive.yaml,cov_potential_game,grid,utility,utility,none,0,0,,cov_coalition_game,6,,10;13;14;19,13;14;10,14;10,"{""10"": 37, ""14"": 37}","{""10"": 4760, ""13"": 4772, ""14"": 4908}",154688,43.67519466073415,10,40.0,100.0,200.0,2500000,754928,754928,1,ns3,899,0.5,10,12,28,,,[],[],10>13:9;14>13:2,,20,34,
2026_07_15_01_26_56,000080,15,all-cluster-heads,docs\doc_workspace\SGCP\artifacts\early_from_late_checkpoint_20260719\enable_coperception_early_from_attentive.yaml,cov_potential_game,grid,utility,utility,none,0,0,,cov_coalition_game,6,,6;15,15;6,6,"{""6"": 37}","{""6"": 4417, ""15"": 4751}",70672,39.30589543937708,10,40.0,100.0,200.0,2500000,754928,754928,1,ns3,899,0.5,10,12,28,,,[],[],6>15:3,,14,18,
2026_07_15_01_26_56,000080,16,all-cluster-heads,docs\doc_workspace\SGCP\artifacts\early_from_late_checkpoint_20260719\enable_coperception_early_from_attentive.yaml,cov_potential_game,grid,utility,utility,none,0,0,,cov_coalition_game,6,,5;7;16;20,16;7;20,7;20,"{""7"": 37, ""20"": 37}","{""7"": 4661, ""16"": 4897, ""20"": 4822}",151728,42.909899888765295,10,40.0,100.0,200.0,2500000,754928,754928,1,ns3,899,0.5,10,12,28,,,[],[],7>16:4;20>16:8,,27,27,
2026_07_15_01_26_56,000080,17,all-cluster-heads,docs\doc_workspace\SGCP\artifacts\early_from_late_checkpoint_20260719\enable_coperception_early_from_attentive.yaml,cov_potential_game,grid,utility,utility,none,0,0,,cov_coalition_game,6,,3;17;18,17;18;3,18;3,"{""3"": 37, ""18"": 37}","{""3"": 4786, ""17"": 4990, ""18"": 4882}",154688,43.44382647385984,10,40.0,100.0,200.0,2500000,754928,754928,1,ns3,899,0.5,10,12,28,,,[],[],3>17:6;18>17:5,,20,25,
2026_07_15_01_26_56,000082,1,all-cluster-heads,docs\doc_workspace\SGCP\artifacts\early_from_late_checkpoint_20260719\enable_coperception_early_from_attentive.yaml,cov_potential_game,grid,utility,utility,none,0,0,,cov_coalition_game,6,,1;2;8;11,1;2;11,2;11,"{""2"": 37, ""11"": 37}","{""1"": 4932, ""2"": 4365, ""11"": 4779}",146304,42.52725250278087,10,40.0,100.0,200.0,2500000,754976,754976,1,ns3,899,0.5,10,12,28,,,[],[],2>1:0;11>1:9,,28,41,
2026_07_15_01_26_56,000082,12,all-cluster-heads,docs\doc_workspace\SGCP\artifacts\early_from_late_checkpoint_20260719\enable_coperception_early_from_attentive.yaml,cov_potential_game,grid,utility,utility,none,0,0,,cov_coalition_game,6,,4;7;12,12;7;4,7;4,"{""4"": 37, ""7"": 37}","{""4"": 4773, ""7"": 4776, ""12"": 4915}",152784,42.50055617352614,10,40.0,100.0,200.0,2500000,754976,754976,1,ns3,899,0.5,10,12,28,,,[],[],4>12:8;7>12:1,,22,38,
2026_07_15_01_26_56,000082,13,all-cluster-heads,docs\doc_workspace\SGCP\artifacts\early_from_late_checkpoint_20260719\enable_coperception_early_from_attentive.yaml,cov_potential_game,grid,utility,utility,none,0,0,,cov_coalition_game,6,,10;13;14;19,13;14;10,14;10,"{""10"": 37, ""14"": 37}","{""10"": 4773, ""13"": 4801, ""14"": 4885}",154528,43.47052280311457,10,40.0,100.0,200.0,2500000,754976,754976,1,ns3,899,0.5,10,12,28,,,[],[],10>13:7;14>13:2,,19,34,
2026_07_15_01_26_56,000082,15,all-cluster-heads,docs\doc_workspace\SGCP\artifacts\early_from_late_checkpoint_20260719\enable_coperception_early_from_attentive.yaml,cov_potential_game,grid,utility,utility,none,0,0,,cov_coalition_game,6,,6;15,15;6,6,"{""6"": 37}","{""6"": 4435, ""15"": 4758}",70960,39.466073414905445,10,40.0,100.0,200.0,2500000,754976,754976,1,ns3,899,0.5,10,12,28,,,[],[],6>15:3,,14,18,
2026_07_15_01_26_56,000082,17,all-cluster-heads,docs\doc_workspace\SGCP\artifacts\early_from_late_checkpoint_20260719\enable_coperception_early_from_attentive.yaml,cov_potential_game,grid,utility,utility,none,0,0,,cov_coalition_game,6,,3;16;17;18,17;16;3,16;3,"{""3"": 37, ""16"": 37}","{""3"": 4780, ""16"": 4828, ""17"": 4970}",153728,42.96329254727475,10,40.0,100.0,200.0,2500000,754976,754976,1,ns3,899,0.5,10,12,28,,,[],[],3>17:6;16>17:4,,25,29,
2026_07_15_01_26_56,000082,20,all-cluster-heads,docs\doc_workspace\SGCP\artifacts\early_from_late_checkpoint_20260719\enable_coperception_early_from_attentive.yaml,cov_potential_game,grid,utility,utility,none,0,0,,cov_coalition_game,6,,5;9;20,20;9,9,"{""9"": 37}","{""9"": 4792, ""20"": 4906}",76672,42.64293659621802,10,40.0,100.0,200.0,2500000,754976,754976,1,ns3,899,0.5,10,12,28,,,[],[],9>20:5,,25,30,
2026_07_15_01_26_56,000084,1,all-cluster-heads,docs\doc_workspace\SGCP\artifacts\early_from_late_checkpoint_20260719\enable_coperception_early_from_attentive.yaml,cov_potential_game,grid,utility,utility,none,0,0,,cov_coalition_game,6,,1;2;8;11,1;2;11,2;11,"{""2"": 37, ""11"": 37}","{""1"": 4932, ""2"": 4361, ""11"": 4779}",146240,42.52725250278087,10,40.0,100.0,200.0,2500000,755584,755584,1,ns3,899,0.5,10,12,28,,,[],[],2>1:0;11>1:9,,26,40,
2026_07_15_01_26_56,000084,12,all-cluster-heads,docs\doc_workspace\SGCP\artifacts\early_from_late_checkpoint_20260719\enable_coperception_early_from_attentive.yaml,cov_potential_game,grid,utility,utility,none,0,0,,cov_coalition_game,6,,4;7;12,12;7;4,7;4,"{""4"": 37, ""7"": 37}","{""4"": 4775, ""7"": 4818, ""12"": 4926}",153488,42.87430478309232,10,40.0,100.0,200.0,2500000,755584,755584,1,ns3,899,0.5,10,12,28,,,[],[],4>12:8;7>12:1,,19,35,
2026_07_15_01_26_56,000084,13,all-cluster-heads,docs\doc_workspace\SGCP\artifacts\early_from_late_checkpoint_20260719\enable_coperception_early_from_attentive.yaml,cov_potential_game,grid,utility,utility,none,0,0,,cov_coalition_game,6,,10;13;14;19,13;14;10,14;10,"{""10"": 37, ""14"": 37}","{""10"": 4785, ""13"": 4788, ""14"": 4870}",154480,43.33704115684093,10,40.0,100.0,200.0,2500000,755584,755584,1,ns3,899,0.5,10,12,28,,,[],[],10>13:7;14>13:2,,24,35,
2026_07_15_01_26_56,000084,15,all-cluster-heads,docs\doc_workspace\SGCP\artifacts\early_from_late_checkpoint_20260719\enable_coperception_early_from_attentive.yaml,cov_potential_game,grid,utility,utility,none,0,0,,cov_coalition_game,6,,6;15,15;6,6,"{""6"": 37}","{""6"": 4430, ""15"": 4766}",70880,39.421579532814235,10,40.0,100.0,200.0,2500000,755584,755584,1,ns3,899,0.5,10,12,28,,,[],[],6>15:3,,16,18,
2026_07_15_01_26_56,000084,17,all-cluster-heads,docs\doc_workspace\SGCP\artifacts\early_from_late_checkpoint_20260719\enable_coperception_early_from_attentive.yaml,cov_potential_game,grid,utility,utility,none,0,0,,cov_coalition_game,6,,3;16;17;18,17;16;3,16;3,"{""3"": 37, ""16"": 37}","{""3"": 4772, ""16"": 4841, ""17"": 4976}",153808,43.07897664071191,10,40.0,100.0,200.0,2500000,755584,755584,1,ns3,899,0.5,10,12,28,,,[],[],3>17:6;16>17:4,,26,29,
2026_07_15_01_26_56,000084,20,all-cluster-heads,docs\doc_workspace\SGCP\artifacts\early_from_late_checkpoint_20260719\enable_coperception_early_from_attentive.yaml,cov_potential_game,grid,utility,utility,none,0,0,,cov_coalition_game,6,,5;9;20,20;9,9,"{""9"": 37}","{""9"": 4793, ""20"": 4904}",76688,42.65183537263626,10,40.0,100.0,200.0,2500000,755584,755584,1,ns3,899,0.5,10,12,28,,,[],[],9>20:5,,23,30,
2026_07_15_01_26_56,000086,1,all-cluster-heads,docs\doc_workspace\SGCP\artifacts\early_from_late_checkpoint_20260719\enable_coperception_early_from_attentive.yaml,cov_potential_game,grid,utility,utility,none,0,0,,cov_coalition_game,6,,1;2;8;11,1;2;11,2;11,"{""2"": 37, ""11"": 37}","{""1"": 4932, ""2"": 4360, ""11"": 4779}",146224,42.52725250278087,10,40.0,100.0,200.0,2500000,755680,755680,1,ns3,899,0.5,10,12,28,,,[],[],2>1:0;11>1:9,,26,42,
2026_07_15_01_26_56,000086,12,all-cluster-heads,docs\doc_workspace\SGCP\artifacts\early_from_late_checkpoint_20260719\enable_coperception_early_from_attentive.yaml,cov_potential_game,grid,utility,utility,none,0,0,,cov_coalition_game,6,,4;7;12,12;7;4,7;4,"{""4"": 37, ""7"": 37}","{""4"": 4780, ""7"": 4827, ""12"": 4938}",153712,42.954393770856505,10,40.0,100.0,200.0,2500000,755680,755680,1,ns3,899,0.5,10,12,28,,,[],[],4>12:8;7>12:1,,22,36,
2026_07_15_01_26_56,000086,13,all-cluster-heads,docs\doc_workspace\SGCP\artifacts\early_from_late_checkpoint_20260719\enable_coperception_early_from_attentive.yaml,cov_potential_game,grid,utility,utility,none,0,0,,cov_coalition_game,6,,10;13;14;19,13;14;10,14;10,"{""10"": 37, ""14"": 37}","{""10"": 4782, ""13"": 4773, ""14"": 4900}",154912,43.604004449388206,10,40.0,100.0,200.0,2500000,755680,755680,1,ns3,899,0.5,10,12,28,,,[],[],10>13:7;14>13:2,,23,34,
2026_07_15_01_26_56,000086,15,all-cluster-heads,docs\doc_workspace\SGCP\artifacts\early_from_late_checkpoint_20260719\enable_coperception_early_from_attentive.yaml,cov_potential_game,grid,utility,utility,none,0,0,,cov_coalition_game,6,,6;15,15;6,6,"{""6"": 37}","{""6"": 4429, ""15"": 4762}",70864,39.41268075639599,10,40.0,100.0,200.0,2500000,755680,755680,1,ns3,899,0.5,10,12,28,,,[],[],6>15:3,,15,19,
2026_07_15_01_26_56,000086,17,all-cluster-heads,docs\doc_workspace\SGCP\artifacts\early_from_late_checkpoint_20260719\enable_coperception_early_from_attentive.yaml,cov_potential_game,grid,utility,utility,none,0,0,,cov_coalition_game,6,,3;16;17;18,17;16;3,16;3,"{""3"": 37, ""16"": 37}","{""3"": 4766, ""16"": 4814, ""17"": 4971}",153280,42.83870967741935,10,40.0,100.0,200.0,2500000,755680,755680,1,ns3,899,0.5,10,12,28,,,[],[],3>17:6;16>17:4,,26,28,
2026_07_15_01_26_56,000086,20,all-cluster-heads,docs\doc_workspace\SGCP\artifacts\early_from_late_checkpoint_20260719\enable_coperception_early_from_attentive.yaml,cov_potential_game,grid,utility,utility,none,0,0,,cov_coalition_game,6,,5;9;20,20;9,9,"{""9"": 37}","{""9"": 4793, ""20"": 4905}",76688,42.65183537263626,10,40.0,100.0,200.0,2500000,755680,755680,1,ns3,899,0.5,10,12,28,,,[],[],9>20:5,,25,30,
2026_07_15_01_26_56,000088,1,all-cluster-heads,docs\doc_workspace\SGCP\artifacts\early_from_late_checkpoint_20260719\enable_coperception_early_from_attentive.yaml,cov_potential_game,grid,utility,utility,none,0,0,,cov_coalition_game,6,,1;2;8;11,1;11;2,11;2,"{""2"": 37, ""11"": 37}","{""1"": 4930, ""2"": 4783, ""11"": 4533}",149056,42.562847608453836,10,40.0,100.0,200.0,2500000,757712,757712,1,ns3,899,0.5,10,12,28,,,[],[],2>1:6;11>1:0,,28,42,
2026_07_15_01_26_56,000088,12,all-cluster-heads,docs\doc_workspace\SGCP\artifacts\early_from_late_checkpoint_20260719\enable_coperception_early_from_attentive.yaml,cov_potential_game,grid,utility,utility,none,0,0,,cov_coalition_game,6,,4;7;12,12;7;4,7;4,"{""4"": 37, ""7"": 37}","{""4"": 4777, ""7"": 4824, ""12"": 4937}",153616,42.92769744160178,10,40.0,100.0,200.0,2500000,757712,757712,1,ns3,899,0.5,10,12,28,,,[],[],4>12:9;7>12:1,,21,35,
2026_07_15_01_26_56,000088,13,all-cluster-heads,docs\doc_workspace\SGCP\artifacts\early_from_late_checkpoint_20260719\enable_coperception_early_from_attentive.yaml,cov_potential_game,grid,utility,utility,none,0,0,,cov_coalition_game,6,,10;13;14;19,13;14;10,14;10,"{""10"": 37, ""14"": 37}","{""10"": 4784, ""13"": 4764, ""14"": 4869}",154448,43.32814238042269,10,40.0,100.0,200.0,2500000,757712,757712,1,ns3,899,0.5,10,12,28,,,[],[],10>13:8;14>13:2,,23,35,
2026_07_15_01_26_56,000088,15,all-cluster-heads,docs\doc_workspace\SGCP\artifacts\early_from_late_checkpoint_20260719\enable_coperception_early_from_attentive.yaml,cov_potential_game,grid,utility,utility,none,0,0,,cov_coalition_game,6,,6;15,15;6,6,"{""6"": 37}","{""6"": 4403, ""15"": 4772}",70448,39.18131256952169,10,40.0,100.0,200.0,2500000,757712,757712,1,ns3,899,0.5,10,12,28,,,[],[],6>15:3,,15,19,
2026_07_15_01_26_56,000088,17,all-cluster-heads,docs\doc_workspace\SGCP\artifacts\early_from_late_checkpoint_20260719\enable_coperception_early_from_attentive.yaml,cov_potential_game,grid,utility,utility,none,0,0,,cov_coalition_game,6,,3;16;17;18,17;16;3,16;3,"{""3"": 37, ""16"": 37}","{""3"": 4775, ""16"": 4815, ""17"": 4985}",153440,42.847608453837594,10,40.0,100.0,200.0,2500000,757712,757712,1,ns3,899,0.5,10,12,28,,,[],[],3>17:7;16>17:4,,23,29,
2026_07_15_01_26_56,000088,20,all-cluster-heads,docs\doc_workspace\SGCP\artifacts\early_from_late_checkpoint_20260719\enable_coperception_early_from_attentive.yaml,cov_potential_game,grid,utility,utility,none,0,0,,cov_coalition_game,6,,5;9;20,20;9,9,"{""9"": 37}","{""9"": 4794, ""20"": 4903}",76704,42.660734149054505,10,40.0,100.0,200.0,2500000,757712,757712,1,ns3,899,0.5,10,12,28,,,[],[],9>20:5,,23,31,
2026_07_15_01_26_56,000090,1,all-cluster-heads,docs\doc_workspace\SGCP\artifacts\early_from_late_checkpoint_20260719\enable_coperception_early_from_attentive.yaml,cov_potential_game,grid,utility,utility,none,0,0,,cov_coalition_game,6,,1;2;8;11,1;11;2,11;2,"{""2"": 37, ""11"": 37}","{""1"": 4930, ""2"": 4759, ""11"": 4536}",148720,42.34927697441602,10,40.0,100.0,200.0,2500000,755920,755920,1,ns3,899,0.5,10,12,28,,,[],[],2>1:7;11>1:0,,27,42,
2026_07_15_01_26_56,000090,12,all-cluster-heads,docs\doc_workspace\SGCP\artifacts\early_from_late_checkpoint_20260719\enable_coperception_early_from_attentive.yaml,cov_potential_game,grid,utility,utility,none,0,0,,cov_coalition_game,6,,4;7;12,12;7;4,7;4,"{""4"": 37, ""7"": 37}","{""4"": 4774, ""7"": 4824, ""12"": 4954}",153568,42.92769744160178,10,40.0,100.0,200.0,2500000,755920,755920,1,ns3,899,0.5,10,12,28,,,[],[],4>12:9;7>12:1,,21,36,
2026_07_15_01_26_56,000090,13,all-cluster-heads,docs\doc_workspace\SGCP\artifacts\early_from_late_checkpoint_20260719\enable_coperception_early_from_attentive.yaml,cov_potential_game,grid,utility,utility,none,0,0,,cov_coalition_game,6,,10;13;14;19,13;14;10,14;10,"{""10"": 37, ""14"": 37}","{""10"": 4757, ""13"": 4769, ""14"": 4839}",153536,43.06117908787542,10,40.0,100.0,200.0,2500000,755920,755920,1,ns3,899,0.5,10,12,28,,,[],[],10>13:8;14>13:2,,21,36,
2026_07_15_01_26_56,000090,15,all-cluster-heads,docs\doc_workspace\SGCP\artifacts\early_from_late_checkpoint_20260719\enable_coperception_early_from_attentive.yaml,cov_potential_game,grid,utility,utility,none,0,0,,cov_coalition_game,6,,6;15,15;6,6,"{""6"": 37}","{""6"": 4386, ""15"": 4768}",70176,39.030033370411566,10,40.0,100.0,200.0,2500000,755920,755920,1,ns3,899,0.5,10,12,28,,,[],[],6>15:3,,14,19,
2026_07_15_01_26_56,000090,17,all-cluster-heads,docs\doc_workspace\SGCP\artifacts\early_from_late_checkpoint_20260719\enable_coperception_early_from_attentive.yaml,cov_potential_game,grid,utility,utility,none,0,0,,cov_coalition_game,6,,3;16;17;18,17;16;3,16;3,"{""3"": 37, ""16"": 37}","{""3"": 4767, ""16"": 4810, ""17"": 5007}",153232,42.803114571746384,10,40.0,100.0,200.0,2500000,755920,755920,1,ns3,899,0.5,10,12,28,,,[],[],3>17:6;16>17:4,,24,28,
2026_07_15_01_26_56,000090,20,all-cluster-heads,docs\doc_workspace\SGCP\artifacts\early_from_late_checkpoint_20260719\enable_coperception_early_from_attentive.yaml,cov_potential_game,grid,utility,utility,none,0,0,,cov_coalition_game,6,,5;9;20,20;9,9,"{""9"": 37}","{""9"": 4793, ""20"": 4905}",76688,42.65183537263626,10,40.0,100.0,200.0,2500000,755920,755920,1,ns3,899,0.5,10,12,28,,,[],[],9>20:5,,25,31,
2026_07_15_01_26_56,000092,1,all-cluster-heads,docs\doc_workspace\SGCP\artifacts\early_from_late_checkpoint_20260719\enable_coperception_early_from_attentive.yaml,cov_potential_game,grid,utility,utility,none,0,0,,cov_coalition_game,6,,1;2;8;11,1;11;2,11;2,"{""2"": 37, ""11"": 37}","{""1"": 4928, ""2"": 4782, ""11"": 4537}",149104,42.553948832035594,10,40.0,100.0,200.0,2500000,759200,759200,1,ns3,899,0.5,10,12,28,,,[],[],2>1:7;11>1:0,,28,41,
2026_07_15_01_26_56,000092,12,all-cluster-heads,docs\doc_workspace\SGCP\artifacts\early_from_late_checkpoint_20260719\enable_coperception_early_from_attentive.yaml,cov_potential_game,grid,utility,utility,none,0,0,,cov_coalition_game,6,,4;7;12,12;7;4,7;4,"{""4"": 37, ""7"": 37}","{""4"": 4774, ""7"": 4825, ""12"": 4963}",153584,42.93659621802002,10,40.0,100.0,200.0,2500000,759200,759200,1,ns3,899,0.5,10,12,28,,,[],[],4>12:8;7>12:1,,21,35,
2026_07_15_01_26_56,000092,13,all-cluster-heads,docs\doc_workspace\SGCP\artifacts\early_from_late_checkpoint_20260719\enable_coperception_early_from_attentive.yaml,cov_potential_game,grid,utility,utility,none,0,0,,cov_coalition_game,6,,10;13;14;19,13;14;10,14;10,"{""10"": 37, ""14"": 37}","{""10"": 4756, ""13"": 4781, ""14"": 4848}",153664,43.1412680756396,10,40.0,100.0,200.0,2500000,759200,759200,1,ns3,899,0.5,10,12,28,,,[],[],10>13:9;14>13:2,,20,35,
2026_07_15_01_26_56,000092,15,all-cluster-heads,docs\doc_workspace\SGCP\artifacts\early_from_late_checkpoint_20260719\enable_coperception_early_from_attentive.yaml,cov_potential_game,grid,utility,utility,none,0,0,,cov_coalition_game,6,,6;15,15;6,6,"{""6"": 37}","{""6"": 4549, ""15"": 4770}",72784,40.48053392658509,10,40.0,100.0,200.0,2500000,759200,759200,1,ns3,899,0.5,10,12,28,,,[],[],6>15:3,,15,19,
2026_07_15_01_26_56,000092,17,all-cluster-heads,docs\doc_workspace\SGCP\artifacts\early_from_late_checkpoint_20260719\enable_coperception_early_from_attentive.yaml,cov_potential_game,grid,utility,utility,none,0,0,,cov_coalition_game,6,,3;16;17;18,17;16;3,16;3,"{""3"": 37, ""16"": 37}","{""3"": 4778, ""16"": 4808, ""17"": 5000}",153376,42.7853170189099,10,40.0,100.0,200.0,2500000,759200,759200,1,ns3,899,0.5,10,12,28,,,[],[],3>17:6;16>17:4,,25,27,
2026_07_15_01_26_56,000092,20,all-cluster-heads,docs\doc_workspace\SGCP\artifacts\early_from_late_checkpoint_20260719\enable_coperception_early_from_attentive.yaml,cov_potential_game,grid,utility,utility,none,0,0,,cov_coalition_game,6,,5;9;20,20;9,9,"{""9"": 37}","{""9"": 4793, ""20"": 4905}",76688,42.65183537263626,10,40.0,100.0,200.0,2500000,759200,759200,1,ns3,899,0.5,10,12,28,,,[],[],9>20:5,,25,31,
2026_07_15_01_26_56,000094,1,all-cluster-heads,docs\doc_workspace\SGCP\artifacts\early_from_late_checkpoint_20260719\enable_coperception_early_from_attentive.yaml,cov_potential_game,grid,utility,utility,none,0,0,,cov_coalition_game,6,,1;2;8;11,1;11;2,11;2,"{""2"": 37, ""11"": 37}","{""1"": 4929, ""2"": 4785, ""11"": 4538}",149168,42.58064516129032,10,40.0,100.0,200.0,2500000,758832,758832,1,ns3,899,0.5,10,12,28,,,[],[],2>1:7;11>1:0,,27,39,
2026_07_15_01_26_56,000094,12,all-cluster-heads,docs\doc_workspace\SGCP\artifacts\early_from_late_checkpoint_20260719\enable_coperception_early_from_attentive.yaml,cov_potential_game,grid,utility,utility,none,0,0,,cov_coalition_game,6,,4;7;12,12;7;4,7;4,"{""4"": 37, ""7"": 37}","{""4"": 4775, ""7"": 4819, ""12"": 4976}",153504,42.88320355951056,10,40.0,100.0,200.0,2500000,758832,758832,1,ns3,899,0.5,10,12,28,,,[],[],4>12:8;7>12:1,,22,36,
2026_07_15_01_26_56,000094,13,all-cluster-heads,docs\doc_workspace\SGCP\artifacts\early_from_late_checkpoint_20260719\enable_coperception_early_from_attentive.yaml,cov_potential_game,grid,utility,utility,none,0,0,,cov_coalition_game,6,,10;13;14;19,13;14;10,14;10,"{""10"": 36, ""14"": 37}","{""10"": 4753, ""13"": 4805, ""14"": 4839}",153472,43.06117908787542,10,40.0,100.0,200.0,2500000,758832,758832,1,ns3,899,0.5,10,12,28,,,[],[],10>13:9;14>13:2,,18,35,
2026_07_15_01_26_56,000094,15,all-cluster-heads,docs\doc_workspace\SGCP\artifacts\early_from_late_checkpoint_20260719\enable_coperception_early_from_attentive.yaml,cov_potential_game,grid,utility,utility,none,0,0,,cov_coalition_game,6,,6;15,15;6,6,"{""6"": 37}","{""6"": 4559, ""15"": 4772}",72944,40.569521690767516,10,40.0,100.0,200.0,2500000,758832,758832,1,ns3,899,0.5,10,12,28,,,[],[],6>15:3,,16,20,
2026_07_15_01_26_56,000094,17,all-cluster-heads,docs\doc_workspace\SGCP\artifacts\early_from_late_checkpoint_20260719\enable_coperception_early_from_attentive.yaml,cov_potential_game,grid,utility,utility,none,0,0,,cov_coalition_game,6,,3;16;17;18,17;16;3,16;3,"{""3"": 37, ""16"": 37}","{""3"": 4766, ""16"": 4801, ""17"": 4995}",153072,42.7230255839822,10,40.0,100.0,200.0,2500000,758832,758832,1,ns3,899,0.5,10,12,28,,,[],[],3>17:6;16>17:4,,21,27,
2026_07_15_01_26_56,000094,20,all-cluster-heads,docs\doc_workspace\SGCP\artifacts\early_from_late_checkpoint_20260719\enable_coperception_early_from_attentive.yaml,cov_potential_game,grid,utility,utility,none,0,0,,cov_coalition_game,6,,5;9;20,20;9,9,"{""9"": 37}","{""9"": 4792, ""20"": 4905}",76672,42.64293659621802,10,40.0,100.0,200.0,2500000,758832,758832,1,ns3,899,0.5,10,12,28,,,[],[],9>20:5,,25,31,
2026_07_15_01_26_56,000096,1,all-cluster-heads,docs\doc_workspace\SGCP\artifacts\early_from_late_checkpoint_20260719\enable_coperception_early_from_attentive.yaml,cov_potential_game,grid,utility,utility,none,0,0,,cov_coalition_game,6,,1;2;8;11,1;11;2,11;2,"{""2"": 37, ""11"": 37}","{""1"": 4928, ""2"": 4789, ""11"": 4541}",149280,42.61624026696329,10,40.0,100.0,200.0,2500000,758192,758192,1,ns3,899,0.5,10,12,28,,,[],[],2>1:7;11>1:0,,26,39,
2026_07_15_01_26_56,000096,12,all-cluster-heads,docs\doc_workspace\SGCP\artifacts\early_from_late_checkpoint_20260719\enable_coperception_early_from_attentive.yaml,cov_potential_game,grid,utility,utility,none,0,0,,cov_coalition_game,6,,4;7;12,12;7;4,7;4,"{""4"": 37, ""7"": 37}","{""4"": 4776, ""7"": 4821, ""12"": 4975}",153552,42.901001112347046,10,40.0,100.0,200.0,2500000,758192,758192,1,ns3,899,0.5,10,12,28,,,[],[],4>12:8;7>12:1,,20,35,
2026_07_15_01_26_56,000096,13,all-cluster-heads,docs\doc_workspace\SGCP\artifacts\early_from_late_checkpoint_20260719\enable_coperception_early_from_attentive.yaml,cov_potential_game,grid,utility,utility,none,0,0,,cov_coalition_game,6,,10;13;14;19,13;14;10,14;10,"{""10"": 35, ""14"": 37}","{""10"": 4755, ""13"": 4751, ""14"": 4819}",153184,42.88320355951056,10,40.0,100.0,200.0,2500000,758192,758192,1,ns3,899,0.5,10,12,28,,,[],[],10>13:9;14>13:2,,18,34,
2026_07_15_01_26_56,000096,15,all-cluster-heads,docs\doc_workspace\SGCP\artifacts\early_from_late_checkpoint_20260719\enable_coperception_early_from_attentive.yaml,cov_potential_game,grid,utility,utility,none,0,0,,cov_coalition_game,6,,6;15,15;6,6,"{""6"": 37}","{""6"": 4544, ""15"": 4777}",72704,40.43604004449388,10,40.0,100.0,200.0,2500000,758192,758192,1,ns3,899,0.5,10,12,28,,,[],[],6>15:3,,17,19,
2026_07_15_01_26_56,000096,17,all-cluster-heads,docs\doc_workspace\SGCP\artifacts\early_from_late_checkpoint_20260719\enable_coperception_early_from_attentive.yaml,cov_potential_game,grid,utility,utility,none,0,0,,cov_coalition_game,6,,3;16;17;18,17;16;3,16;3,"{""3"": 37, ""16"": 37}","{""3"": 4755, ""16"": 4796, ""17"": 4995}",152816,42.67853170189099,10,40.0,100.0,200.0,2500000,758192,758192,1,ns3,899,0.5,10,12,28,,,[],[],3>17:6;16>17:4,,25,27,
2026_07_15_01_26_56,000096,20,all-cluster-heads,docs\doc_workspace\SGCP\artifacts\early_from_late_checkpoint_20260719\enable_coperception_early_from_attentive.yaml,cov_potential_game,grid,utility,utility,none,0,0,,cov_coalition_game,6,,5;9;20,20;9,9,"{""9"": 37}","{""9"": 4791, ""20"": 4902}",76656,42.63403781979978,10,40.0,100.0,200.0,2500000,758192,758192,1,ns3,899,0.5,10,12,28,,,[],[],9>20:5,,24,31,
2026_07_15_01_26_56,000098,1,all-cluster-heads,docs\doc_workspace\SGCP\artifacts\early_from_late_checkpoint_20260719\enable_coperception_early_from_attentive.yaml,cov_potential_game,grid,utility,utility,none,0,0,,cov_coalition_game,6,,1;2;8;11,1;11;2,11;2,"{""2"": 37, ""11"": 37}","{""1"": 4927, ""2"": 4784, ""11"": 4543}",149232,42.57174638487208,10,40.0,100.0,200.0,2500000,757776,757776,1,ns3,899,0.5,10,12,28,,,[],[],2>1:7;11>1:0,,25,38,
2026_07_15_01_26_56,000098,12,all-cluster-heads,docs\doc_workspace\SGCP\artifacts\early_from_late_checkpoint_20260719\enable_coperception_early_from_attentive.yaml,cov_potential_game,grid,utility,utility,none,0,0,,cov_coalition_game,6,,4;7;12,12;7;4,7;4,"{""4"": 37, ""7"": 37}","{""4"": 4777, ""7"": 4820, ""12"": 4968}",153552,42.892102335928804,10,40.0,100.0,200.0,2500000,757776,757776,1,ns3,899,0.5,10,12,28,,,[],[],4>12:8;7>12:1,,18,34,
2026_07_15_01_26_56,000098,13,all-cluster-heads,docs\doc_workspace\SGCP\artifacts\early_from_late_checkpoint_20260719\enable_coperception_early_from_attentive.yaml,cov_potential_game,grid,utility,utility,none,0,0,,cov_coalition_game,6,,10;13;14;19,13;14;10,14;10,"{""10"": 35, ""14"": 37}","{""10"": 4740, ""13"": 4779, ""14"": 4800}",152640,42.71412680756396,10,40.0,100.0,200.0,2500000,757776,757776,1,ns3,899,0.5,10,12,28,,,[],[],10>13:9;14>13:2,,18,33,
2026_07_15_01_26_56,000098,15,all-cluster-heads,docs\doc_workspace\SGCP\artifacts\early_from_late_checkpoint_20260719\enable_coperception_early_from_attentive.yaml,cov_potential_game,grid,utility,utility,none,0,0,,cov_coalition_game,6,,6;15,15;6,6,"{""6"": 37}","{""6"": 4540, ""15"": 4783}",72640,40.40044493882091,10,40.0,100.0,200.0,2500000,757776,757776,1,ns3,899,0.5,10,12,28,,,[],[],6>15:3,,17,19,
2026_07_15_01_26_56,000098,17,all-cluster-heads,docs\doc_workspace\SGCP\artifacts\early_from_late_checkpoint_20260719\enable_coperception_early_from_attentive.yaml,cov_potential_game,grid,utility,utility,none,0,0,,cov_coalition_game,6,,3;16;17;18,17;16;3,16;3,"{""3"": 37, ""16"": 37}","{""3"": 4771, ""16"": 4795, ""17"": 4986}",153056,42.66963292547275,10,40.0,100.0,200.0,2500000,757776,757776,1,ns3,899,0.5,10,12,28,,,[],[],3>17:6;16>17:4,,23,27,
2026_07_15_01_26_56,000098,20,all-cluster-heads,docs\doc_workspace\SGCP\artifacts\early_from_late_checkpoint_20260719\enable_coperception_early_from_attentive.yaml,cov_potential_game,grid,utility,utility,none,0,0,,cov_coalition_game,6,,5;9;20,20;9,9,"{""9"": 37}","{""9"": 4791, ""20"": 4903}",76656,42.63403781979978,10,40.0,100.0,200.0,2500000,757776,757776,1,ns3,899,0.5,10,12,28,,,[],[],9>20:5,,25,31,
2026_07_15_01_26_56,000100,1,all-cluster-heads,docs\doc_workspace\SGCP\artifacts\early_from_late_checkpoint_20260719\enable_coperception_early_from_attentive.yaml,cov_potential_game,grid,utility,utility,none,0,0,,cov_coalition_game,6,,1;2;8;11,1;11;2,11;2,"{""2"": 37, ""11"": 37}","{""1"": 4928, ""2"": 4787, ""11"": 4545}",149312,42.598442714126804,10,40.0,100.0,200.0,2500000,756960,756960,1,ns3,899,0.5,10,12,28,,,[],[],2>1:7;11>1:0,,26,38,
2026_07_15_01_26_56,000100,12,all-cluster-heads,docs\doc_workspace\SGCP\artifacts\early_from_late_checkpoint_20260719\enable_coperception_early_from_attentive.yaml,cov_potential_game,grid,utility,utility,none,0,0,,cov_coalition_game,6,,4;7;12,12;7;4,7;4,"{""4"": 37, ""7"": 37}","{""4"": 4778, ""7"": 4818, ""12"": 4970}",153536,42.87430478309232,10,40.0,100.0,200.0,2500000,756960,756960,1,ns3,899,0.5,10,12,28,,,[],[],4>12:8;7>12:1,,21,34,
2026_07_15_01_26_56,000100,13,all-cluster-heads,docs\doc_workspace\SGCP\artifacts\early_from_late_checkpoint_20260719\enable_coperception_early_from_attentive.yaml,cov_potential_game,grid,utility,utility,none,0,0,,cov_coalition_game,6,,10;13;14;19,13;14;10,14;10,"{""10"": 34, ""14"": 37}","{""10"": 4719, ""13"": 4758, ""14"": 4793}",152192,42.65183537263626,10,40.0,100.0,200.0,2500000,756960,756960,1,ns3,899,0.5,10,12,28,,,[],[],10>13:9;14>13:2,,21,33,
2026_07_15_01_26_56,000100,15,all-cluster-heads,docs\doc_workspace\SGCP\artifacts\early_from_late_checkpoint_20260719\enable_coperception_early_from_attentive.yaml,cov_potential_game,grid,utility,utility,none,0,0,,cov_coalition_game,6,,6;15,15;6,6,"{""6"": 37}","{""6"": 4550, ""15"": 4775}",72800,40.48943270300334,10,40.0,100.0,200.0,2500000,756960,756960,1,ns3,899,0.5,10,12,28,,,[],[],6>15:3,,15,20,
2026_07_15_01_26_56,000100,17,all-cluster-heads,docs\doc_workspace\SGCP\artifacts\early_from_late_checkpoint_20260719\enable_coperception_early_from_attentive.yaml,cov_potential_game,grid,utility,utility,none,0,0,,cov_coalition_game,6,,3;16;17;18,17;16;3,16;3,"{""3"": 37, ""16"": 37}","{""3"": 4769, ""16"": 4760, ""17"": 4995}",152464,42.43826473859844,10,40.0,100.0,200.0,2500000,756960,756960,1,ns3,899,0.5,10,12,28,,,[],[],3>17:6;16>17:4,,22,27,
2026_07_15_01_26_56,000100,20,all-cluster-heads,docs\doc_workspace\SGCP\artifacts\early_from_late_checkpoint_20260719\enable_coperception_early_from_attentive.yaml,cov_potential_game,grid,utility,utility,none,0,0,,cov_coalition_game,6,,5;9;20,20;9,9,"{""9"": 37}","{""9"": 4791, ""20"": 4903}",76656,42.63403781979978,10,40.0,100.0,200.0,2500000,756960,756960,1,ns3,899,0.5,10,12,28,,,[],[],9>20:5,,25,29,
2026_07_15_01_26_56,000102,1,all-cluster-heads,docs\doc_workspace\SGCP\artifacts\early_from_late_checkpoint_20260719\enable_coperception_early_from_attentive.yaml,cov_potential_game,grid,utility,utility,none,0,0,,cov_coalition_game,6,,1;2;8;11,1;11;2,11;2,"{""2"": 37, ""11"": 37}","{""1"": 4929, ""2"": 4775, ""11"": 4549}",149184,42.4916573971079,10,40.0,100.0,200.0,2500000,755904,755904,1,ns3,899,0.5,10,12,28,,,[],[],2>1:7;11>1:0,,24,38,
2026_07_15_01_26_56,000102,12,all-cluster-heads,docs\doc_workspace\SGCP\artifacts\early_from_late_checkpoint_20260719\enable_coperception_early_from_attentive.yaml,cov_potential_game,grid,utility,utility,none,0,0,,cov_coalition_game,6,,4;7;12,12;7;4,7;4,"{""4"": 37, ""7"": 37}","{""4"": 4762, ""7"": 4804, ""12"": 4965}",153056,42.749721913236925,10,40.0,100.0,200.0,2500000,755904,755904,1,ns3,899,0.5,10,12,28,,,[],[],4>12:8;7>12:1,,19,34,
2026_07_15_01_26_56,000102,13,all-cluster-heads,docs\doc_workspace\SGCP\artifacts\early_from_late_checkpoint_20260719\enable_coperception_early_from_attentive.yaml,cov_potential_game,grid,utility,utility,none,0,0,,cov_coalition_game,6,,10;13;14;19,13;14;10,14;10,"{""10"": 36, ""14"": 37}","{""10"": 4742, ""13"": 4787, ""14"": 4742}",151744,42.1979977753059,10,40.0,100.0,200.0,2500000,755904,755904,1,ns3,899,0.5,10,12,28,,,[],[],10>13:9;14>13:2,,19,33,
2026_07_15_01_26_56,000102,15,all-cluster-heads,docs\doc_workspace\SGCP\artifacts\early_from_late_checkpoint_20260719\enable_coperception_early_from_attentive.yaml,cov_potential_game,grid,utility,utility,none,0,0,,cov_coalition_game,6,,6;15,15;6,6,"{""6"": 37}","{""6"": 4534, ""15"": 4798}",72544,40.34705228031146,10,40.0,100.0,200.0,2500000,755904,755904,1,ns3,899,0.5,10,12,28,,,[],[],6>15:3,,16,22,
2026_07_15_01_26_56,000102,17,all-cluster-heads,docs\doc_workspace\SGCP\artifacts\early_from_late_checkpoint_20260719\enable_coperception_early_from_attentive.yaml,cov_potential_game,grid,utility,utility,none,0,0,,cov_coalition_game,6,,3;16;17;18,17;16;3,16;3,"{""3"": 37, ""16"": 37}","{""3"": 4783, ""16"": 4763, ""17"": 4990}",152736,42.562847608453836,10,40.0,100.0,200.0,2500000,755904,755904,1,ns3,899,0.5,10,12,28,,,[],[],3>17:6;16>17:4,,22,26,
2026_07_15_01_26_56,000102,20,all-cluster-heads,docs\doc_workspace\SGCP\artifacts\early_from_late_checkpoint_20260719\enable_coperception_early_from_attentive.yaml,cov_potential_game,grid,utility,utility,none,0,0,,cov_coalition_game,6,,5;9;20,20;9,9,"{""9"": 37}","{""9"": 4790, ""20"": 4902}",76640,42.62513904338154,10,40.0,100.0,200.0,2500000,755904,755904,1,ns3,899,0.5,10,12,28,,,[],[],9>20:5,,24,29,
2026_07_15_01_26_56,000104,1,all-cluster-heads,docs\doc_workspace\SGCP\artifacts\early_from_late_checkpoint_20260719\enable_coperception_early_from_attentive.yaml,cov_potential_game,grid,utility,utility,none,0,0,,cov_coalition_game,6,,1;2;8;11,1;11;2,11;2,"{""2"": 37, ""11"": 37}","{""1"": 4929, ""2"": 4776, ""11"": 4553}",149264,42.50055617352614,10,40.0,100.0,200.0,2500000,754464,754464,1,ns3,899,0.5,10,12,28,,,[],[],2>1:6;11>1:0,,22,38,
2026_07_15_01_26_56,000104,12,all-cluster-heads,docs\doc_workspace\SGCP\artifacts\early_from_late_checkpoint_20260719\enable_coperception_early_from_attentive.yaml,cov_potential_game,grid,utility,utility,none,0,0,,cov_coalition_game,6,,4;7;12,12;7;4,7;4,"{""4"": 37, ""7"": 37}","{""4"": 4733, ""7"": 4804, ""12"": 4988}",152592,42.749721913236925,10,40.0,100.0,200.0,2500000,754464,754464,1,ns3,899,0.5,10,12,28,,,[],[],4>12:9;7>12:1,,21,34,
2026_07_15_01_26_56,000104,13,all-cluster-heads,docs\doc_workspace\SGCP\artifacts\early_from_late_checkpoint_20260719\enable_coperception_early_from_attentive.yaml,cov_potential_game,grid,utility,utility,none,0,0,,cov_coalition_game,6,,10;13;14;19,13;14;10,14;10,"{""10"": 34, ""14"": 37}","{""10"": 4716, ""13"": 4747, ""14"": 4749}",151440,42.260289210233594,10,40.0,100.0,200.0,2500000,754464,754464,1,ns3,899,0.5,10,12,28,,,[],[],10>13:8;14>13:2,,21,33,
2026_07_15_01_26_56,000104,15,all-cluster-heads,docs\doc_workspace\SGCP\artifacts\early_from_late_checkpoint_20260719\enable_coperception_early_from_attentive.yaml,cov_potential_game,grid,utility,utility,none,0,0,,cov_coalition_game,6,,6;15,15;6,6,"{""6"": 37}","{""6"": 4540, ""15"": 4777}",72640,40.40044493882091,10,40.0,100.0,200.0,2500000,754464,754464,1,ns3,899,0.5,10,12,28,,,[],[],6>15:3,,15,23,
2026_07_15_01_26_56,000104,17,all-cluster-heads,docs\doc_workspace\SGCP\artifacts\early_from_late_checkpoint_20260719\enable_coperception_early_from_attentive.yaml,cov_potential_game,grid,utility,utility,none,0,0,,cov_coalition_game,6,,3;16;17;18,17;16;3,16;3,"{""3"": 37, ""16"": 37}","{""3"": 4759, ""16"": 4734, ""17"": 4979}",151888,42.34927697441602,10,40.0,100.0,200.0,2500000,754464,754464,1,ns3,899,0.5,10,12,28,,,[],[],3>17:7;16>17:4,,22,25,
2026_07_15_01_26_56,000104,20,all-cluster-heads,docs\doc_workspace\SGCP\artifacts\early_from_late_checkpoint_20260719\enable_coperception_early_from_attentive.yaml,cov_potential_game,grid,utility,utility,none,0,0,,cov_coalition_game,6,,5;9;20,20;9,9,"{""9"": 37}","{""9"": 4790, ""20"": 4900}",76640,42.62513904338154,10,40.0,100.0,200.0,2500000,754464,754464,1,ns3,899,0.5,10,12,28,,,[],[],9>20:5,,23,29,
2026_07_15_01_26_56,000106,1,all-cluster-heads,docs\doc_workspace\SGCP\artifacts\early_from_late_checkpoint_20260719\enable_coperception_early_from_attentive.yaml,cov_potential_game,grid,utility,utility,none,0,0,,cov_coalition_game,6,,1;2;8;11,1;11;2,11;2,"{""2"": 37, ""11"": 37}","{""1"": 4928, ""2"": 4782, ""11"": 4559}",149456,42.553948832035594,10,40.0,100.0,200.0,2500000,755024,755024,1,ns3,899,0.5,10,12,28,,,[],[],2>1:6;11>1:0,,23,38,
2026_07_15_01_26_56,000106,12,all-cluster-heads,docs\doc_workspace\SGCP\artifacts\early_from_late_checkpoint_20260719\enable_coperception_early_from_attentive.yaml,cov_potential_game,grid,utility,utility,none,0,0,,cov_coalition_game,6,,4;7;12,12;7;4,7;4,"{""4"": 37, ""7"": 37}","{""4"": 4735, ""7"": 4805, ""12"": 4987}",152640,42.75862068965517,10,40.0,100.0,200.0,2500000,755024,755024,1,ns3,899,0.5,10,12,28,,,[],[],4>12:9;7>12:1,,18,33,
2026_07_15_01_26_56,000106,13,all-cluster-heads,docs\doc_workspace\SGCP\artifacts\early_from_late_checkpoint_20260719\enable_coperception_early_from_attentive.yaml,cov_potential_game,grid,utility,utility,none,0,0,,cov_coalition_game,6,,10;13;14;19,13;14;10,14;10,"{""10"": 37, ""14"": 37}","{""10"": 4766, ""13"": 4753, ""14"": 4737}",152048,42.411568409343715,10,40.0,100.0,200.0,2500000,755024,755024,1,ns3,899,0.5,10,12,28,,,[],[],10>13:8;14>13:2,,21,33,
2026_07_15_01_26_56,000106,15,all-cluster-heads,docs\doc_workspace\SGCP\artifacts\early_from_late_checkpoint_20260719\enable_coperception_early_from_attentive.yaml,cov_potential_game,grid,utility,utility,none,0,0,,cov_coalition_game,6,,6;15,15;6,6,"{""6"": 37}","{""6"": 4544, ""15"": 4779}",72704,40.43604004449388,10,40.0,100.0,200.0,2500000,755024,755024,1,ns3,899,0.5,10,12,28,,,[],[],6>15:3,,18,23,
2026_07_15_01_26_56,000106,17,all-cluster-heads,docs\doc_workspace\SGCP\artifacts\early_from_late_checkpoint_20260719\enable_coperception_early_from_attentive.yaml,cov_potential_game,grid,utility,utility,none,0,0,,cov_coalition_game,6,,3;16;17;18,17;16;3,16;3,"{""3"": 37, ""16"": 37}","{""3"": 4767, ""16"": 4705, ""17"": 4994}",151552,42.42046718576196,10,40.0,100.0,200.0,2500000,755024,755024,1,ns3,899,0.5,10,12,28,,,[],[],3>17:7;16>17:4,,21,25,
2026_07_15_01_26_56,000106,20,all-cluster-heads,docs\doc_workspace\SGCP\artifacts\early_from_late_checkpoint_20260719\enable_coperception_early_from_attentive.yaml,cov_potential_game,grid,utility,utility,none,0,0,,cov_coalition_game,6,,5;9;20,20;9,9,"{""9"": 37}","{""9"": 4789, ""20"": 4900}",76624,42.61624026696329,10,40.0,100.0,200.0,2500000,755024,755024,1,ns3,899,0.5,10,12,28,,,[],[],9>20:5,,25,29,
2026_07_15_01_26_56,000108,1,all-cluster-heads,docs\doc_workspace\SGCP\artifacts\early_from_late_checkpoint_20260719\enable_coperception_early_from_attentive.yaml,cov_potential_game,grid,utility,utility,none,0,0,,cov_coalition_game,6,,1;2;8;11,1;11;2,11;2,"{""2"": 37, ""11"": 37}","{""1"": 4928, ""2"": 4782, ""11"": 4558}",149440,42.553948832035594,10,40.0,100.0,200.0,2500000,754928,754928,1,ns3,899,0.5,10,12,28,,,[],[],2>1:7;11>1:0,,22,39,
2026_07_15_01_26_56,000108,12,all-cluster-heads,docs\doc_workspace\SGCP\artifacts\early_from_late_checkpoint_20260719\enable_coperception_early_from_attentive.yaml,cov_potential_game,grid,utility,utility,none,0,0,,cov_coalition_game,6,,4;7;12,12;7;4,7;4,"{""4"": 37, ""7"": 37}","{""4"": 4762, ""7"": 4800, ""12"": 4997}",152992,42.71412680756396,10,40.0,100.0,200.0,2500000,754928,754928,1,ns3,899,0.5,10,12,28,,,[],[],4>12:8;7>12:1,,22,33,
2026_07_15_01_26_56,000108,13,all-cluster-heads,docs\doc_workspace\SGCP\artifacts\early_from_late_checkpoint_20260719\enable_coperception_early_from_attentive.yaml,cov_potential_game,grid,utility,utility,none,0,0,,cov_coalition_game,6,,10;13;14;19,13;14;10,14;10,"{""10"": 36, ""14"": 37}","{""10"": 4743, ""13"": 4757, ""14"": 4710}",151248,42.20689655172414,10,40.0,100.0,200.0,2500000,754928,754928,1,ns3,899,0.5,10,12,28,,,[],[],10>13:9;14>13:2,,18,33,
2026_07_15_01_26_56,000108,15,all-cluster-heads,docs\doc_workspace\SGCP\artifacts\early_from_late_checkpoint_20260719\enable_coperception_early_from_attentive.yaml,cov_potential_game,grid,utility,utility,none,0,0,,cov_coalition_game,6,,6;15,15;6,6,"{""6"": 37}","{""6"": 4543, ""15"": 4792}",72688,40.42714126807564,10,40.0,100.0,200.0,2500000,754928,754928,1,ns3,899,0.5,10,12,28,,,[],[],6>15:3,,15,24,
2026_07_15_01_26_56,000108,17,all-cluster-heads,docs\doc_workspace\SGCP\artifacts\early_from_late_checkpoint_20260719\enable_coperception_early_from_attentive.yaml,cov_potential_game,grid,utility,utility,none,0,0,,cov_coalition_game,6,,3;16;17;18,17;3;16,3;16,"{""3"": 37, ""16"": 37}","{""3"": 4654, ""16"": 4842, ""17"": 4998}",151936,43.08787541713015,10,40.0,100.0,200.0,2500000,754928,754928,1,ns3,899,0.5,10,12,28,,,[],[],3>17:4;16>17:6,,20,25,
2026_07_15_01_26_56,000108,20,all-cluster-heads,docs\doc_workspace\SGCP\artifacts\early_from_late_checkpoint_20260719\enable_coperception_early_from_attentive.yaml,cov_potential_game,grid,utility,utility,none,0,0,,cov_coalition_game,6,,5;9;20,20;9,9,"{""9"": 37}","{""9"": 4789, ""20"": 4899}",76624,42.61624026696329,10,40.0,100.0,200.0,2500000,754928,754928,1,ns3,899,0.5,10,12,28,,,[],[],9>20:5,,23,29,
2026_07_15_01_26_56,000110,1,all-cluster-heads,docs\doc_workspace\SGCP\artifacts\early_from_late_checkpoint_20260719\enable_coperception_early_from_attentive.yaml,cov_potential_game,grid,utility,utility,none,0,0,,cov_coalition_game,6,,1;2;8;11,1;11;2,11;2,"{""2"": 37, ""11"": 37}","{""1"": 4928, ""2"": 4782, ""11"": 4557}",149424,42.553948832035594,10,40.0,100.0,200.0,2500000,755088,755088,1,ns3,899,0.5,10,12,28,,,[],[],2>1:7;11>1:0,,22,40,
2026_07_15_01_26_56,000110,12,all-cluster-heads,docs\doc_workspace\SGCP\artifacts\early_from_late_checkpoint_20260719\enable_coperception_early_from_attentive.yaml,cov_potential_game,grid,utility,utility,none,0,0,,cov_coalition_game,6,,4;7;12,12;7;4,7;4,"{""4"": 37, ""7"": 37}","{""4"": 4761, ""7"": 4789, ""12"": 4997}",152800,42.61624026696329,10,40.0,100.0,200.0,2500000,755088,755088,1,ns3,899,0.5,10,12,28,,,[],[],4>12:8;7>12:1,,21,33,
2026_07_15_01_26_56,000110,13,all-cluster-heads,docs\doc_workspace\SGCP\artifacts\early_from_late_checkpoint_20260719\enable_coperception_early_from_attentive.yaml,cov_potential_game,grid,utility,utility,none,0,0,,cov_coalition_game,6,,10;13;14;19,13;14;10,14;10,"{""10"": 35, ""14"": 37}","{""10"": 4717, ""13"": 4738, ""14"": 4709}",150816,41.975528364849836,10,40.0,100.0,200.0,2500000,755088,755088,1,ns3,899,0.5,10,12,28,,,[],[],10>13:9;14>13:2,,20,33,
2026_07_15_01_26_56,000110,15,all-cluster-heads,docs\doc_workspace\SGCP\artifacts\early_from_late_checkpoint_20260719\enable_coperception_early_from_attentive.yaml,cov_potential_game,grid,utility,utility,none,0,0,,cov_coalition_game,6,,6;15,15;6,6,"{""6"": 37}","{""6"": 4555, ""15"": 4814}",72880,40.53392658509455,10,40.0,100.0,200.0,2500000,755088,755088,1,ns3,899,0.5,10,12,28,,,[],[],6>15:3,,15,24,
2026_07_15_01_26_56,000110,17,all-cluster-heads,docs\doc_workspace\SGCP\artifacts\early_from_late_checkpoint_20260719\enable_coperception_early_from_attentive.yaml,cov_potential_game,grid,utility,utility,none,0,0,,cov_coalition_game,6,,3;16;17;18,17;3;16,3;16,"{""3"": 37, ""16"": 37}","{""3"": 4689, ""16"": 4844, ""17"": 5003}",152528,43.10567296996663,10,40.0,100.0,200.0,2500000,755088,755088,1,ns3,899,0.5,10,12,28,,,[],[],3>17:4;16>17:6,,22,25,
2026_07_15_01_26_56,000110,20,all-cluster-heads,docs\doc_workspace\SGCP\artifacts\early_from_late_checkpoint_20260719\enable_coperception_early_from_attentive.yaml,cov_potential_game,grid,utility,utility,none,0,0,,cov_coalition_game,6,,5;9;20,20;9,9,"{""9"": 37}","{""9"": 4790, ""20"": 4898}",76640,42.62513904338154,10,40.0,100.0,200.0,2500000,755088,755088,1,ns3,899,0.5,10,12,28,,,[],[],9>20:5,,23,29,
2026_07_15_01_26_56,000112,1,all-cluster-heads,docs\doc_workspace\SGCP\artifacts\early_from_late_checkpoint_20260719\enable_coperception_early_from_attentive.yaml,cov_potential_game,grid,utility,utility,none,0,0,,cov_coalition_game,6,,1;2;8;11,1;11;2,11;2,"{""2"": 37, ""11"": 37}","{""1"": 4926, ""2"": 4783, ""11"": 4557}",149440,42.562847608453836,10,40.0,100.0,200.0,2500000,753472,753472,1,ns3,899,0.5,10,12,28,,,[],[],2>1:7;11>1:0,,21,40,
2026_07_15_01_26_56,000112,12,all-cluster-heads,docs\doc_workspace\SGCP\artifacts\early_from_late_checkpoint_20260719\enable_coperception_early_from_attentive.yaml,cov_potential_game,grid,utility,utility,none,0,0,,cov_coalition_game,6,,4;7;12,12;7;4,7;4,"{""4"": 37, ""7"": 37}","{""4"": 4760, ""7"": 4785, ""12"": 5013}",152720,42.58064516129032,10,40.0,100.0,200.0,2500000,753472,753472,1,ns3,899,0.5,10,12,28,,,[],[],4>12:8;7>12:1,,22,33,
2026_07_15_01_26_56,000112,13,all-cluster-heads,docs\doc_workspace\SGCP\artifacts\early_from_late_checkpoint_20260719\enable_coperception_early_from_attentive.yaml,cov_potential_game,grid,utility,utility,none,0,0,,cov_coalition_game,6,,10;13;14;19,13;14;10,14;10,"{""10"": 31, ""14"": 37}","{""10"": 4652, ""13"": 4707, ""14"": 4678}",149280,41.62847608453838,10,40.0,100.0,200.0,2500000,753472,753472,1,ns3,899,0.5,10,12,28,,,[],[],10>13:9;14>13:2,,19,33,
2026_07_15_01_26_56,000112,15,all-cluster-heads,docs\doc_workspace\SGCP\artifacts\early_from_late_checkpoint_20260719\enable_coperception_early_from_attentive.yaml,cov_potential_game,grid,utility,utility,none,0,0,,cov_coalition_game,6,,6;15,15;6,6,"{""6"": 37}","{""6"": 4547, ""15"": 4776}",72752,40.462736373748605,10,40.0,100.0,200.0,2500000,753472,753472,1,ns3,899,0.5,10,12,28,,,[],[],6>15:3,,16,24,
2026_07_15_01_26_56,000112,17,all-cluster-heads,docs\doc_workspace\SGCP\artifacts\early_from_late_checkpoint_20260719\enable_coperception_early_from_attentive.yaml,cov_potential_game,grid,utility,utility,none,0,0,,cov_coalition_game,6,,3;16;17;18,17;3;16,3;16,"{""3"": 37, ""16"": 37}","{""3"": 4706, ""16"": 4833, ""17"": 4995}",152624,43.007786429365964,10,40.0,100.0,200.0,2500000,753472,753472,1,ns3,899,0.5,10,12,28,,,[],[],3>17:4;16>17:6,,22,25,
2026_07_15_01_26_56,000112,20,all-cluster-heads,docs\doc_workspace\SGCP\artifacts\early_from_late_checkpoint_20260719\enable_coperception_early_from_attentive.yaml,cov_potential_game,grid,utility,utility,none,0,0,,cov_coalition_game,6,,5;9;20,20;9,9,"{""9"": 37}","{""9"": 4791, ""20"": 4898}",76656,42.63403781979978,10,40.0,100.0,200.0,2500000,753472,753472,1,ns3,899,0.5,10,12,28,,,[],[],9>20:5,,21,29,
2026_07_15_01_26_56,000114,1,all-cluster-heads,docs\doc_workspace\SGCP\artifacts\early_from_late_checkpoint_20260719\enable_coperception_early_from_attentive.yaml,cov_potential_game,grid,utility,utility,none,0,0,,cov_coalition_game,6,,1;2;8;11,1;11;2,11;2,"{""2"": 37, ""11"": 37}","{""1"": 4926, ""2"": 4782, ""11"": 4556}",149408,42.553948832035594,10,40.0,100.0,200.0,2500000,755040,755040,1,ns3,899,0.5,10,12,28,,,[],[],2>1:7;11>1:0,,20,40,
2026_07_15_01_26_56,000114,12,all-cluster-heads,docs\doc_workspace\SGCP\artifacts\early_from_late_checkpoint_20260719\enable_coperception_early_from_attentive.yaml,cov_potential_game,grid,utility,utility,none,0,0,,cov_coalition_game,6,,4;7;12,12;7;4,7;4,"{""4"": 37, ""7"": 37}","{""4"": 4761, ""7"": 4784, ""12"": 5019}",152720,42.57174638487208,10,40.0,100.0,200.0,2500000,755040,755040,1,ns3,899,0.5,10,12,28,,,[],[],4>12:8;7>12:1,,21,34,
2026_07_15_01_26_56,000114,13,all-cluster-heads,docs\doc_workspace\SGCP\artifacts\early_from_late_checkpoint_20260719\enable_coperception_early_from_attentive.yaml,cov_potential_game,grid,utility,utility,none,0,0,,cov_coalition_game,6,,10;13;14;19,13;14;10,14;10,"{""10"": 37, ""14"": 37}","{""10"": 4740, ""13"": 4726, ""14"": 4686}",150816,42.18020022246941,10,40.0,100.0,200.0,2500000,755040,755040,1,ns3,899,0.5,10,12,28,,,[],[],10>13:9;14>13:2,,20,33,
2026_07_15_01_26_56,000114,15,all-cluster-heads,docs\doc_workspace\SGCP\artifacts\early_from_late_checkpoint_20260719\enable_coperception_early_from_attentive.yaml,cov_potential_game,grid,utility,utility,none,0,0,,cov_coalition_game,6,,6;15,15;6,6,"{""6"": 37}","{""6"": 4533, ""15"": 4789}",72528,40.33815350389321,10,40.0,100.0,200.0,2500000,755040,755040,1,ns3,899,0.5,10,12,28,,,[],[],6>15:3,,17,24,
2026_07_15_01_26_56,000114,17,all-cluster-heads,docs\doc_workspace\SGCP\artifacts\early_from_late_checkpoint_20260719\enable_coperception_early_from_attentive.yaml,cov_potential_game,grid,utility,utility,none,0,0,,cov_coalition_game,6,,3;16;17;18,17;3;16,3;16,"{""3"": 37, ""16"": 37}","{""3"": 4696, ""16"": 4862, ""17"": 5006}",152928,43.265850945494996,10,40.0,100.0,200.0,2500000,755040,755040,1,ns3,899,0.5,10,12,28,,,[],[],3>17:4;16>17:6,,19,25,
2026_07_15_01_26_56,000114,20,all-cluster-heads,docs\doc_workspace\SGCP\artifacts\early_from_late_checkpoint_20260719\enable_coperception_early_from_attentive.yaml,cov_potential_game,grid,utility,utility,none,0,0,,cov_coalition_game,6,,5;9;20,20;9,9,"{""9"": 37}","{""9"": 4790, ""20"": 4899}",76640,42.62513904338154,10,40.0,100.0,200.0,2500000,755040,755040,1,ns3,899,0.5,10,12,28,,,[],[],9>20:5,,22,28,
2026_07_15_01_26_56,000116,1,all-cluster-heads,docs\doc_workspace\SGCP\artifacts\early_from_late_checkpoint_20260719\enable_coperception_early_from_attentive.yaml,cov_potential_game,grid,utility,utility,none,0,0,,cov_coalition_game,6,,1;2;8;11,1;11;2,11;2,"{""2"": 37, ""11"": 37}","{""1"": 4926, ""2"": 4782, ""11"": 4557}",149424,42.553948832035594,10,40.0,100.0,200.0,2500000,754800,754800,1,ns3,899,0.5,10,12,28,,,[],[],2>1:7;11>1:0,,21,40,
2026_07_15_01_26_56,000116,12,all-cluster-heads,docs\doc_workspace\SGCP\artifacts\early_from_late_checkpoint_20260719\enable_coperception_early_from_attentive.yaml,cov_potential_game,grid,utility,utility,none,0,0,,cov_coalition_game,6,,4;7;12,12;7;4,7;4,"{""4"": 37, ""7"": 37}","{""4"": 4777, ""7"": 4788, ""12"": 4999}",153040,42.607341490545046,10,40.0,100.0,200.0,2500000,754800,754800,1,ns3,899,0.5,10,12,28,,,[],[],4>12:8;7>12:1,,22,32,
2026_07_15_01_26_56,000116,13,all-cluster-heads,docs\doc_workspace\SGCP\artifacts\early_from_late_checkpoint_20260719\enable_coperception_early_from_attentive.yaml,cov_potential_game,grid,utility,utility,none,0,0,,cov_coalition_game,6,,10;13;14;19,13;14;10,14;10,"{""10"": 35, ""14"": 37}","{""10"": 4716, ""13"": 4746, ""14"": 4686}",150432,41.966629588431594,10,40.0,100.0,200.0,2500000,754800,754800,1,ns3,899,0.5,10,12,28,,,[],[],10>13:9;14>13:2,,21,33,
2026_07_15_01_26_56,000116,15,all-cluster-heads,docs\doc_workspace\SGCP\artifacts\early_from_late_checkpoint_20260719\enable_coperception_early_from_attentive.yaml,cov_potential_game,grid,utility,utility,none,0,0,,cov_coalition_game,6,,6;15,15;6,6,"{""6"": 37}","{""6"": 4551, ""15"": 4804}",72816,40.49833147942158,10,40.0,100.0,200.0,2500000,754800,754800,1,ns3,899,0.5,10,12,28,,,[],[],6>15:3,,19,24,
2026_07_15_01_26_56,000116,17,all-cluster-heads,docs\doc_workspace\SGCP\artifacts\early_from_late_checkpoint_20260719\enable_coperception_early_from_attentive.yaml,cov_potential_game,grid,utility,utility,none,0,0,,cov_coalition_game,6,,3;16;17;18,17;3;16,3;16,"{""3"": 37, ""16"": 37}","{""3"": 4669, ""16"": 4862, ""17"": 5014}",152496,43.265850945494996,10,40.0,100.0,200.0,2500000,754800,754800,1,ns3,899,0.5,10,12,28,,,[],[],3>17:4;16>17:6,,20,24,
2026_07_15_01_26_56,000116,20,all-cluster-heads,docs\doc_workspace\SGCP\artifacts\early_from_late_checkpoint_20260719\enable_coperception_early_from_attentive.yaml,cov_potential_game,grid,utility,utility,none,0,0,,cov_coalition_game,6,,5;9;20,20;9,9,"{""9"": 37}","{""9"": 4787, ""20"": 4899}",76592,42.598442714126804,10,40.0,100.0,200.0,2500000,754800,754800,1,ns3,899,0.5,10,12,28,,,[],[],9>20:5,,23,28,
2026_07_15_01_26_56,000118,1,all-cluster-heads,docs\doc_workspace\SGCP\artifacts\early_from_late_checkpoint_20260719\enable_coperception_early_from_attentive.yaml,cov_potential_game,grid,utility,utility,none,0,0,,cov_coalition_game,6,,1;2;8;11,1;11;2,11;2,"{""2"": 37, ""11"": 37}","{""1"": 4927, ""2"": 4797, ""11"": 4559}",149696,42.68743047830923,10,40.0,100.0,200.0,2500000,754896,754896,1,ns3,899,0.5,10,12,28,,,[],[],2>1:7;11>1:0,,20,40,
2026_07_15_01_26_56,000118,12,all-cluster-heads,docs\doc_workspace\SGCP\artifacts\early_from_late_checkpoint_20260719\enable_coperception_early_from_attentive.yaml,cov_potential_game,grid,utility,utility,none,0,0,,cov_coalition_game,6,,4;7;12,12;7;4,7;4,"{""4"": 37, ""7"": 37}","{""4"": 4690, ""7"": 4778, ""12"": 5018}",151488,42.518353726362626,10,40.0,100.0,200.0,2500000,754896,754896,1,ns3,899,0.5,10,12,28,,,[],[],4>12:9;7>12:1,,19,32,
2026_07_15_01_26_56,000118,13,all-cluster-heads,docs\doc_workspace\SGCP\artifacts\early_from_late_checkpoint_20260719\enable_coperception_early_from_attentive.yaml,cov_potential_game,grid,utility,utility,none,0,0,,cov_coalition_game,6,,10;13;14;19,13;14;10,14;10,"{""10"": 33, ""14"": 37}","{""10"": 4709, ""13"": 4711, ""14"": 4704}",150608,41.90433815350389,10,40.0,100.0,200.0,2500000,754896,754896,1,ns3,899,0.5,10,12,28,,,[],[],10>13:8;14>13:2,,19,33,
2026_07_15_01_26_56,000118,15,all-cluster-heads,docs\doc_workspace\SGCP\artifacts\early_from_late_checkpoint_20260719\enable_coperception_early_from_attentive.yaml,cov_potential_game,grid,utility,utility,none,0,0,,cov_coalition_game,6,,6;15,15;6,6,"{""6"": 37}","{""6"": 4548, ""15"": 4815}",72768,40.47163515016685,10,40.0,100.0,200.0,2500000,754896,754896,1,ns3,899,0.5,10,12,28,,,[],[],6>15:3,,17,23,
2026_07_15_01_26_56,000118,17,all-cluster-heads,docs\doc_workspace\SGCP\artifacts\early_from_late_checkpoint_20260719\enable_coperception_early_from_attentive.yaml,cov_potential_game,grid,utility,utility,none,0,0,,cov_coalition_game,6,,3;16;17;18,17;3;16,3;16,"{""3"": 37, ""16"": 37}","{""3"": 4739, ""16"": 4870, ""17"": 5023}",153744,43.33704115684093,10,40.0,100.0,200.0,2500000,754896,754896,1,ns3,899,0.5,10,12,28,,,[],[],3>17:4;16>17:6,,19,25,
2026_07_15_01_26_56,000118,20,all-cluster-heads,docs\doc_workspace\SGCP\artifacts\early_from_late_checkpoint_20260719\enable_coperception_early_from_attentive.yaml,cov_potential_game,grid,utility,utility,none,0,0,,cov_coalition_game,6,,5;9;20,20;9,9,"{""9"": 37}","{""9"": 4787, ""20"": 4899}",76592,42.598442714126804,10,40.0,100.0,200.0,2500000,754896,754896,1,ns3,899,0.5,10,12,28,,,[],[],9>20:5,,23,28,
2026_07_15_01_26_56,000120,1,all-cluster-heads,docs\doc_workspace\SGCP\artifacts\early_from_late_checkpoint_20260719\enable_coperception_early_from_attentive.yaml,cov_potential_game,grid,utility,utility,none,0,0,,cov_coalition_game,6,,1;2;8;11,1;11;2,11;2,"{""2"": 37, ""11"": 37}","{""1"": 4928, ""2"": 4796, ""11"": 4559}",149680,42.67853170189099,10,40.0,100.0,200.0,2500000,755792,755792,1,ns3,899,0.5,10,12,28,,,[],[],2>1:7;11>1:0,,21,40,
2026_07_15_01_26_56,000120,12,all-cluster-heads,docs\doc_workspace\SGCP\artifacts\early_from_late_checkpoint_20260719\enable_coperception_early_from_attentive.yaml,cov_potential_game,grid,utility,utility,none,0,0,,cov_coalition_game,6,,4;7;12,12;7;4,7;4,"{""4"": 37, ""7"": 37}","{""4"": 4776, ""7"": 4784, ""12"": 5020}",152960,42.57174638487208,10,40.0,100.0,200.0,2500000,755792,755792,1,ns3,899,0.5,10,12,28,,,[],[],4>12:8;7>12:1,,21,33,
2026_07_15_01_26_56,000120,13,all-cluster-heads,docs\doc_workspace\SGCP\artifacts\early_from_late_checkpoint_20260719\enable_coperception_early_from_attentive.yaml,cov_potential_game,grid,utility,utility,none,0,0,,cov_coalition_game,6,,10;13;14;19,13;14;10,14;10,"{""10"": 32, ""14"": 37}","{""10"": 4704, ""13"": 4704, ""14"": 4716}",150720,41.966629588431594,10,40.0,100.0,200.0,2500000,755792,755792,1,ns3,899,0.5,10,12,28,,,[],[],10>13:9;14>13:2,,21,33,
2026_07_15_01_26_56,000120,15,all-cluster-heads,docs\doc_workspace\SGCP\artifacts\early_from_late_checkpoint_20260719\enable_coperception_early_from_attentive.yaml,cov_potential_game,grid,utility,utility,none,0,0,,cov_coalition_game,6,,6;15,15;6,6,"{""6"": 37}","{""6"": 4529, ""15"": 4811}",72464,40.30255839822024,10,40.0,100.0,200.0,2500000,755792,755792,1,ns3,899,0.5,10,12,28,,,[],[],6>15:3,,18,23,
2026_07_15_01_26_56,000120,17,all-cluster-heads,docs\doc_workspace\SGCP\artifacts\early_from_late_checkpoint_20260719\enable_coperception_early_from_attentive.yaml,cov_potential_game,grid,utility,utility,none,0,0,,cov_coalition_game,6,,3;16;17;18,17;3;16,3;16,"{""3"": 37, ""16"": 37}","{""3"": 4720, ""16"": 4865, ""17"": 5031}",153360,43.29254727474972,10,40.0,100.0,200.0,2500000,755792,755792,1,ns3,899,0.5,10,12,28,,,[],[],3>17:4;16>17:6,,17,24,
2026_07_15_01_26_56,000120,20,all-cluster-heads,docs\doc_workspace\SGCP\artifacts\early_from_late_checkpoint_20260719\enable_coperception_early_from_attentive.yaml,cov_potential_game,grid,utility,utility,none,0,0,,cov_coalition_game,6,,5;9;20,20;9,9,"{""9"": 37}","{""9"": 4788, ""20"": 4901}",76608,42.607341490545046,10,40.0,100.0,200.0,2500000,755792,755792,1,ns3,899,0.5,10,12,28,,,[],[],9>20:5,,22,28,
2026_07_15_01_26_56,000122,1,all-cluster-heads,docs\doc_workspace\SGCP\artifacts\early_from_late_checkpoint_20260719\enable_coperception_early_from_attentive.yaml,cov_potential_game,grid,utility,utility,none,0,0,,cov_coalition_game,6,,1;2;8;11,1;11;2,11;2,"{""2"": 37, ""11"": 37}","{""1"": 4925, ""2"": 4796, ""11"": 4559}",149680,42.67853170189099,10,40.0,100.0,200.0,2500000,754256,754256,1,ns3,899,0.5,10,12,28,,,[],[],2>1:7;11>1:0,,21,40,
2026_07_15_01_26_56,000122,12,all-cluster-heads,docs\doc_workspace\SGCP\artifacts\early_from_late_checkpoint_20260719\enable_coperception_early_from_attentive.yaml,cov_potential_game,grid,utility,utility,none,0,0,,cov_coalition_game,6,,4;7;12,12;7;4,7;4,"{""4"": 37, ""7"": 37}","{""4"": 4688, ""7"": 4785, ""12"": 5019}",151568,42.58064516129032,10,40.0,100.0,200.0,2500000,754256,754256,1,ns3,899,0.5,10,12,28,,,[],[],4>12:9;7>12:1,,20,34,
2026_07_15_01_26_56,000122,13,all-cluster-heads,docs\doc_workspace\SGCP\artifacts\early_from_late_checkpoint_20260719\enable_coperception_early_from_attentive.yaml,cov_potential_game,grid,utility,utility,none,0,0,,cov_coalition_game,6,,10;13;14;19,13;14;10,14;10,"{""10"": 33, ""14"": 37}","{""10"": 4706, ""13"": 4698, ""14"": 4707}",150608,41.88654060066741,10,40.0,100.0,200.0,2500000,754256,754256,1,ns3,899,0.5,10,12,28,,,[],[],10>13:8;14>13:2,,22,33,
2026_07_15_01_26_56,000122,15,all-cluster-heads,docs\doc_workspace\SGCP\artifacts\early_from_late_checkpoint_20260719\enable_coperception_early_from_attentive.yaml,cov_potential_game,grid,utility,utility,none,0,0,,cov_coalition_game,6,,6;15,15;6,6,"{""6"": 37}","{""6"": 4541, ""15"": 4812}",72656,40.40934371523915,10,40.0,100.0,200.0,2500000,754256,754256,1,ns3,899,0.5,10,12,28,,,[],[],6>15:3,,17,23,
2026_07_15_01_26_56,000122,17,all-cluster-heads,docs\doc_workspace\SGCP\artifacts\early_from_late_checkpoint_20260719\enable_coperception_early_from_attentive.yaml,cov_potential_game,grid,utility,utility,none,0,0,,cov_coalition_game,6,,3;16;17;18,17;3;16,3;16,"{""3"": 37, ""16"": 37}","{""3"": 4702, ""16"": 4871, ""17"": 5030}",153168,43.34593993325918,10,40.0,100.0,200.0,2500000,754256,754256,1,ns3,899,0.5,10,12,28,,,[],[],3>17:4;16>17:6,,18,24,
2026_07_15_01_26_56,000122,20,all-cluster-heads,docs\doc_workspace\SGCP\artifacts\early_from_late_checkpoint_20260719\enable_coperception_early_from_attentive.yaml,cov_potential_game,grid,utility,utility,none,0,0,,cov_coalition_game,6,,5;9;20,20;9,9,"{""9"": 37}","{""9"": 4786, ""20"": 4897}",76576,42.58954393770856,10,40.0,100.0,200.0,2500000,754256,754256,1,ns3,899,0.5,10,12,28,,,[],[],9>20:5,,23,28,
2026_07_15_01_26_56,000124,1,all-cluster-heads,docs\doc_workspace\SGCP\artifacts\early_from_late_checkpoint_20260719\enable_coperception_early_from_attentive.yaml,cov_potential_game,grid,utility,utility,none,0,0,,cov_coalition_game,6,,1;2;8;11,1;11;2,11;2,"{""2"": 37, ""11"": 37}","{""1"": 4925, ""2"": 4798, ""11"": 4560}",149728,42.69632925472747,10,40.0,100.0,200.0,2500000,755696,755696,1,ns3,899,0.5,10,12,28,,,[],[],2>1:7;11>1:0,,22,40,
2026_07_15_01_26_56,000124,12,all-cluster-heads,docs\doc_workspace\SGCP\artifacts\early_from_late_checkpoint_20260719\enable_coperception_early_from_attentive.yaml,cov_potential_game,grid,utility,utility,none,0,0,,cov_coalition_game,6,,4;7;12,12;7;4,7;4,"{""4"": 37, ""7"": 37}","{""4"": 4690, ""7"": 4784, ""12"": 4985}",151584,42.57174638487208,10,40.0,100.0,200.0,2500000,755696,755696,1,ns3,899,0.5,10,12,28,,,[],[],4>12:9;7>12:1,,18,34,
2026_07_15_01_26_56,000124,13,all-cluster-heads,docs\doc_workspace\SGCP\artifacts\early_from_late_checkpoint_20260719\enable_coperception_early_from_attentive.yaml,cov_potential_game,grid,utility,utility,none,0,0,,cov_coalition_game,6,,10;13;14;19,13;14;10,14;10,"{""10"": 33, ""14"": 37}","{""10"": 4706, ""13"": 4711, ""14"": 4691}",150352,41.87764182424917,10,40.0,100.0,200.0,2500000,755696,755696,1,ns3,899,0.5,10,12,28,,,[],[],10>13:8;14>13:2,,20,33,
2026_07_15_01_26_56,000124,15,all-cluster-heads,docs\doc_workspace\SGCP\artifacts\early_from_late_checkpoint_20260719\enable_coperception_early_from_attentive.yaml,cov_potential_game,grid,utility,utility,none,0,0,,cov_coalition_game,6,,6;15,15;6,6,"{""6"": 37}","{""6"": 4558, ""15"": 4813}",72928,40.560622914349274,10,40.0,100.0,200.0,2500000,755696,755696,1,ns3,899,0.5,10,12,28,,,[],[],6>15:3,,18,23,
2026_07_15_01_26_56,000124,17,all-cluster-heads,docs\doc_workspace\SGCP\artifacts\early_from_late_checkpoint_20260719\enable_coperception_early_from_attentive.yaml,cov_potential_game,grid,utility,utility,none,0,0,,cov_coalition_game,6,,3;16;17;18,17;3;16,3;16,"{""3"": 37, ""16"": 37}","{""3"": 4753, ""16"": 4905, ""17"": 5029}",154528,43.64849833147942,10,40.0,100.0,200.0,2500000,755696,755696,1,ns3,899,0.5,10,12,28,,,[],[],3>17:4;16>17:6,,19,25,
2026_07_15_01_26_56,000124,20,all-cluster-heads,docs\doc_workspace\SGCP\artifacts\early_from_late_checkpoint_20260719\enable_coperception_early_from_attentive.yaml,cov_potential_game,grid,utility,utility,none,0,0,,cov_coalition_game,6,,5;9;20,20;9,9,"{""9"": 37}","{""9"": 4786, ""20"": 4897}",76576,42.58954393770856,10,40.0,100.0,200.0,2500000,755696,755696,1,ns3,899,0.5,10,12,28,,,[],[],9>20:5,,23,28,
2026_07_15_01_26_56,000126,1,all-cluster-heads,docs\doc_workspace\SGCP\artifacts\early_from_late_checkpoint_20260719\enable_coperception_early_from_attentive.yaml,cov_potential_game,grid,utility,utility,none,0,0,,cov_coalition_game,6,,1;2;8;11,1;11;2,11;2,"{""2"": 37, ""11"": 37}","{""1"": 4926, ""2"": 4799, ""11"": 4561}",149760,42.705228031145715,10,40.0,100.0,200.0,2500000,757936,757936,1,ns3,899,0.5,10,12,28,,,[],[],2>1:7;11>1:0,,22,40,
2026_07_15_01_26_56,000126,12,all-cluster-heads,docs\doc_workspace\SGCP\artifacts\early_from_late_checkpoint_20260719\enable_coperception_early_from_attentive.yaml,cov_potential_game,grid,utility,utility,none,0,0,,cov_coalition_game,6,,4;7;12,12;7;4,7;4,"{""4"": 37, ""7"": 37}","{""4"": 4774, ""7"": 4784, ""12"": 4992}",152928,42.57174638487208,10,40.0,100.0,200.0,2500000,757936,757936,1,ns3,899,0.5,10,12,28,,,[],[],4>12:8;7>12:1,,20,35,
2026_07_15_01_26_56,000126,13,all-cluster-heads,docs\doc_workspace\SGCP\artifacts\early_from_late_checkpoint_20260719\enable_coperception_early_from_attentive.yaml,cov_potential_game,grid,utility,utility,none,0,0,,cov_coalition_game,6,,10;13;14;19,13;14;10,14;10,"{""10"": 31, ""14"": 37}","{""10"": 4702, ""13"": 4690, ""14"": 4670}",149952,41.84204671857619,10,40.0,100.0,200.0,2500000,757936,757936,1,ns3,899,0.5,10,12,28,,,[],[],10>13:9;14>13:2,,20,33,
2026_07_15_01_26_56,000126,15,all-cluster-heads,docs\doc_workspace\SGCP\artifacts\early_from_late_checkpoint_20260719\enable_coperception_early_from_attentive.yaml,cov_potential_game,grid,utility,utility,none,0,0,,cov_coalition_game,6,,6;15,15;6,6,"{""6"": 37}","{""6"": 4622, ""15"": 4825}",73952,41.1301446051168,10,40.0,100.0,200.0,2500000,757936,757936,1,ns3,899,0.5,10,12,28,,,[],[],6>15:3,,17,24,
2026_07_15_01_26_56,000126,17,all-cluster-heads,docs\doc_workspace\SGCP\artifacts\early_from_late_checkpoint_20260719\enable_coperception_early_from_attentive.yaml,cov_potential_game,grid,utility,utility,none,0,0,,cov_coalition_game,6,,3;16;17;18,17;3;16,3;16,"{""3"": 37, ""16"": 37}","{""3"": 4767, ""16"": 4908, ""17"": 5026}",154800,43.67519466073415,10,40.0,100.0,200.0,2500000,757936,757936,1,ns3,899,0.5,10,12,28,,,[],[],3>17:4;16>17:6,,18,23,
2026_07_15_01_26_56,000126,20,all-cluster-heads,docs\doc_workspace\SGCP\artifacts\early_from_late_checkpoint_20260719\enable_coperception_early_from_attentive.yaml,cov_potential_game,grid,utility,utility,none,0,0,,cov_coalition_game,6,,5;9;20,20;9,9,"{""9"": 37}","{""9"": 4784, ""20"": 4899}",76544,42.57174638487208,10,40.0,100.0,200.0,2500000,757936,757936,1,ns3,899,0.5,10,12,28,,,[],[],9>20:5,,23,28,
2026_07_15_01_26_56,000128,1,all-cluster-heads,docs\doc_workspace\SGCP\artifacts\early_from_late_checkpoint_20260719\enable_coperception_early_from_attentive.yaml,cov_potential_game,grid,utility,utility,none,0,0,,cov_coalition_game,6,,1;2;8;11,1;11;2,11;2,"{""2"": 37, ""11"": 37}","{""1"": 4925, ""2"": 4793, ""11"": 4561}",149664,42.65183537263626,10,40.0,100.0,200.0,2500000,758368,758368,1,ns3,899,0.5,10,12,28,,,[],[],2>1:7;11>1:0,,23,39,
2026_07_15_01_26_56,000128,12,all-cluster-heads,docs\doc_workspace\SGCP\artifacts\early_from_late_checkpoint_20260719\enable_coperception_early_from_attentive.yaml,cov_potential_game,grid,utility,utility,none,0,0,,cov_coalition_game,6,,4;7;12,12;7;4,7;4,"{""4"": 37, ""7"": 37}","{""4"": 4775, ""7"": 4789, ""12"": 4996}",153024,42.61624026696329,10,40.0,100.0,200.0,2500000,758368,758368,1,ns3,899,0.5,10,12,28,,,[],[],4>12:8;7>12:1,,17,35,
2026_07_15_01_26_56,000128,13,all-cluster-heads,docs\doc_workspace\SGCP\artifacts\early_from_late_checkpoint_20260719\enable_coperception_early_from_attentive.yaml,cov_potential_game,grid,utility,utility,none,0,0,,cov_coalition_game,6,,10;13;14;19,13;14;10,14;10,"{""10"": 29, ""14"": 37}","{""10"": 4640, ""13"": 4698, ""14"": 4711}",149616,41.922135706340384,10,40.0,100.0,200.0,2500000,758368,758368,1,ns3,899,0.5,10,12,28,,,[],[],10>13:9;14>13:2,,18,32,
2026_07_15_01_26_56,000128,15,all-cluster-heads,docs\doc_workspace\SGCP\artifacts\early_from_late_checkpoint_20260719\enable_coperception_early_from_attentive.yaml,cov_potential_game,grid,utility,utility,none,0,0,,cov_coalition_game,6,,6;15,15;6,6,"{""6"": 37}","{""6"": 4623, ""15"": 4821}",73968,41.13904338153504,10,40.0,100.0,200.0,2500000,758368,758368,1,ns3,899,0.5,10,12,28,,,[],[],6>15:3,,17,24,
2026_07_15_01_26_56,000128,17,all-cluster-heads,docs\doc_workspace\SGCP\artifacts\early_from_late_checkpoint_20260719\enable_coperception_early_from_attentive.yaml,cov_potential_game,grid,utility,utility,none,0,0,,cov_coalition_game,6,,3;16;17;18,17;3;16,3;16,"{""3"": 37, ""16"": 37}","{""3"": 4794, ""16"": 4931, ""17"": 5026}",155600,43.87986651835372,10,40.0,100.0,200.0,2500000,758368,758368,1,ns3,899,0.5,10,12,28,,,[],[],3>17:4;16>17:6,,18,24,
2026_07_15_01_26_56,000128,20,all-cluster-heads,docs\doc_workspace\SGCP\artifacts\early_from_late_checkpoint_20260719\enable_coperception_early_from_attentive.yaml,cov_potential_game,grid,utility,utility,none,0,0,,cov_coalition_game,6,,5;9;20,20;9,9,"{""9"": 37}","{""9"": 4781, ""20"": 4900}",76496,42.54505005561735,10,40.0,100.0,200.0,2500000,758368,758368,1,ns3,899,0.5,10,12,28,,,[],[],9>20:5,,21,28,
2026_07_15_01_26_56,000130,1,all-cluster-heads,docs\doc_workspace\SGCP\artifacts\early_from_late_checkpoint_20260719\enable_coperception_early_from_attentive.yaml,cov_potential_game,grid,utility,utility,none,0,0,,cov_coalition_game,6,,1;2;8;11,1;11;2,11;2,"{""2"": 37, ""11"": 37}","{""1"": 4928, ""2"": 4786, ""11"": 4564}",149600,42.58954393770856,10,40.0,100.0,200.0,2500000,759408,759408,1,ns3,899,0.5,10,12,28,,,[],[],2>1:7;11>1:0,,20,39,
2026_07_15_01_26_56,000130,12,all-cluster-heads,docs\doc_workspace\SGCP\artifacts\early_from_late_checkpoint_20260719\enable_coperception_early_from_attentive.yaml,cov_potential_game,grid,utility,utility,none,0,0,,cov_coalition_game,6,,4;7;12,12;7;4,7;4,"{""4"": 37, ""7"": 37}","{""4"": 4775, ""7"": 4788, ""12"": 4999}",153008,42.607341490545046,10,40.0,100.0,200.0,2500000,759408,759408,1,ns3,899,0.5,10,12,28,,,[],[],4>12:8;7>12:1,,21,34,
2026_07_15_01_26_56,000130,13,all-cluster-heads,docs\doc_workspace\SGCP\artifacts\early_from_late_checkpoint_20260719\enable_coperception_early_from_attentive.yaml,cov_potential_game,grid,utility,utility,none,0,0,,cov_coalition_game,6,,10;13;14;19,13;14;10,14;10,"{""10"": 30, ""14"": 37}","{""10"": 4698, ""13"": 4679, ""14"": 4746}",151104,42.23359288097887,10,40.0,100.0,200.0,2500000,759408,759408,1,ns3,899,0.5,10,12,28,,,[],[],10>13:9;14>13:2,,20,32,
2026_07_15_01_26_56,000130,15,all-cluster-heads,docs\doc_workspace\SGCP\artifacts\early_from_late_checkpoint_20260719\enable_coperception_early_from_attentive.yaml,cov_potential_game,grid,utility,utility,none,0,0,,cov_coalition_game,6,,6;15,15;6,6,"{""6"": 37}","{""6"": 4615, ""15"": 4809}",73840,41.0678531701891,10,40.0,100.0,200.0,2500000,759408,759408,1,ns3,899,0.5,10,12,28,,,[],[],6>15:3,,18,23,
2026_07_15_01_26_56,000130,17,all-cluster-heads,docs\doc_workspace\SGCP\artifacts\early_from_late_checkpoint_20260719\enable_coperception_early_from_attentive.yaml,cov_potential_game,grid,utility,utility,none,0,0,,cov_coalition_game,6,,3;16;17;18,17;3;16,3;16,"{""3"": 37, ""16"": 37}","{""3"": 4781, ""16"": 4931, ""17"": 5023}",155392,43.87986651835372,10,40.0,100.0,200.0,2500000,759408,759408,1,ns3,899,0.5,10,12,28,,,[],[],3>17:4;16>17:6,,18,25,
2026_07_15_01_26_56,000130,20,all-cluster-heads,docs\doc_workspace\SGCP\artifacts\early_from_late_checkpoint_20260719\enable_coperception_early_from_attentive.yaml,cov_potential_game,grid,utility,utility,none,0,0,,cov_coalition_game,6,,5;9;20,20;9,9,"{""9"": 37}","{""9"": 4779, ""20"": 4900}",76464,42.52725250278087,10,40.0,100.0,200.0,2500000,759408,759408,1,ns3,899,0.5,10,12,28,,,[],[],9>20:5,,22,28,
2026_07_15_01_26_56,000132,4,all-cluster-heads,docs\doc_workspace\SGCP\artifacts\early_from_late_checkpoint_20260719\enable_coperception_early_from_attentive.yaml,cov_potential_game,grid,utility,utility,none,0,0,,cov_coalition_game,6,,4;7;8;12,4;12;7,12;7,"{""7"": 37, ""12"": 37}","{""4"": 4850, ""7"": 4636, ""12"": 4776}",150592,42.50055617352614,10,40.0,100.0,200.0,2500000,710288,710288,1,ns3,899,0.5,10,12,28,,,[],[],7>4:9;12>4:0,,17,35,
2026_07_15_01_26_56,000132,11,all-cluster-heads,docs\doc_workspace\SGCP\artifacts\early_from_late_checkpoint_20260719\enable_coperception_early_from_attentive.yaml,cov_potential_game,grid,utility,utility,none,0,0,,cov_coalition_game,6,,1;2;11;19,11;19;2,19;2,"{""2"": 37, ""19"": 37}","{""2"": 4797, ""11"": 4910, ""19"": 4763}",152960,42.68743047830923,10,40.0,100.0,200.0,2500000,710288,710288,1,ns3,899,0.5,10,12,28,,,[],[],2>11:7;19>11:1,,26,47,
2026_07_15_01_26_56,000132,13,all-cluster-heads,docs\doc_workspace\SGCP\artifacts\early_from_late_checkpoint_20260719\enable_coperception_early_from_attentive.yaml,cov_potential_game,grid,utility,utility,none,0,0,,cov_coalition_game,6,,9;10;13;14,13;14;9,14;9,"{""9"": 37, ""14"": 37}","{""9"": 4794, ""13"": 4705, ""14"": 4713}",152112,42.660734149054505,10,40.0,100.0,200.0,2500000,710288,710288,1,ns3,899,0.5,10,12,28,,,[],[],9>13:8;14>13:2,,18,26,
2026_07_15_01_26_56,000132,15,all-cluster-heads,docs\doc_workspace\SGCP\artifacts\early_from_late_checkpoint_20260719\enable_coperception_early_from_attentive.yaml,cov_potential_game,grid,utility,utility,none,0,0,,cov_coalition_game,6,,6;15,15;6,6,"{""6"": 37}","{""6"": 4607, ""15"": 4844}",73712,40.99666295884316,10,40.0,100.0,200.0,2500000,710288,710288,1,ns3,899,0.5,10,12,28,,,[],[],6>15:3,,16,22,
2026_07_15_01_26_56,000132,17,all-cluster-heads,docs\doc_workspace\SGCP\artifacts\early_from_late_checkpoint_20260719\enable_coperception_early_from_attentive.yaml,cov_potential_game,grid,utility,utility,none,0,0,,cov_coalition_game,6,,3;16;17;18,17;3;16,3;16,"{""3"": 37, ""16"": 37}","{""3"": 4804, ""16"": 4913, ""17"": 5022}",155472,43.71968854282536,10,40.0,100.0,200.0,2500000,710288,710288,1,ns3,899,0.5,10,12,28,,,[],[],3>17:4;16>17:6,,18,24,
2026_07_15_01_26_56,000132,20,all-cluster-heads,docs\doc_workspace\SGCP\artifacts\early_from_late_checkpoint_20260719\enable_coperception_early_from_attentive.yaml,cov_potential_game,grid,utility,utility,none,0,0,,cov_coalition_game,6,,5;20,20;5,5,"{""5"": 37}","{""5"": 1590, ""20"": 4901}",25440,14.14905450500556,10,40.0,100.0,200.0,2500000,710288,710288,1,ns3,899,0.5,10,12,28,,,[],[],5>20:5,,17,31,
2026_07_15_01_26_56,000134,4,all-cluster-heads,docs\doc_workspace\SGCP\artifacts\early_from_late_checkpoint_20260719\enable_coperception_early_from_attentive.yaml,cov_potential_game,grid,utility,utility,none,0,0,,cov_coalition_game,6,,4;7;8;12,4;12;7,12;7,"{""7"": 37, ""12"": 37}","{""4"": 4848, ""7"": 4637, ""12"": 4786}",150768,42.58954393770856,10,40.0,100.0,200.0,2500000,710128,710128,1,ns3,899,0.5,10,12,28,,,[],[],7>4:9;12>4:0,,18,35,
2026_07_15_01_26_56,000134,11,all-cluster-heads,docs\doc_workspace\SGCP\artifacts\early_from_late_checkpoint_20260719\enable_coperception_early_from_attentive.yaml,cov_potential_game,grid,utility,utility,none,0,0,,cov_coalition_game,6,,1;2;11;19,11;19;2,19;2,"{""2"": 37, ""19"": 37}","{""2"": 4798, ""11"": 4909, ""19"": 4764}",152992,42.69632925472747,10,40.0,100.0,200.0,2500000,710128,710128,1,ns3,899,0.5,10,12,28,,,[],[],2>11:7;19>11:1,,26,47,
2026_07_15_01_26_56,000134,13,all-cluster-heads,docs\doc_workspace\SGCP\artifacts\early_from_late_checkpoint_20260719\enable_coperception_early_from_attentive.yaml,cov_potential_game,grid,utility,utility,none,0,0,,cov_coalition_game,6,,9;10;13;14,13;14;9,14;9,"{""9"": 37, ""14"": 37}","{""9"": 4773, ""13"": 4701, ""14"": 4726}",151984,42.47385984427141,10,40.0,100.0,200.0,2500000,710128,710128,1,ns3,899,0.5,10,12,28,,,[],[],9>13:8;14>13:2,,18,26,
2026_07_15_01_26_56,000134,15,all-cluster-heads,docs\doc_workspace\SGCP\artifacts\early_from_late_checkpoint_20260719\enable_coperception_early_from_attentive.yaml,cov_potential_game,grid,utility,utility,none,0,0,,cov_coalition_game,6,,6;15,15;6,6,"{""6"": 37}","{""6"": 4605, ""15"": 4817}",73680,40.978865406006676,10,40.0,100.0,200.0,2500000,710128,710128,1,ns3,899,0.5,10,12,28,,,[],[],6>15:3,,18,25,
2026_07_15_01_26_56,000134,17,all-cluster-heads,docs\doc_workspace\SGCP\artifacts\early_from_late_checkpoint_20260719\enable_coperception_early_from_attentive.yaml,cov_potential_game,grid,utility,utility,none,0,0,,cov_coalition_game,6,,3;16;17;18,17;3;16,3;16,"{""3"": 37, ""16"": 37}","{""3"": 4779, ""16"": 4936, ""17"": 5034}",155440,43.92436040044494,10,40.0,100.0,200.0,2500000,710128,710128,1,ns3,899,0.5,10,12,28,,,[],[],3>17:4;16>17:6,,17,24,
2026_07_15_01_26_56,000134,20,all-cluster-heads,docs\doc_workspace\SGCP\artifacts\early_from_late_checkpoint_20260719\enable_coperception_early_from_attentive.yaml,cov_potential_game,grid,utility,utility,none,0,0,,cov_coalition_game,6,,5;20,20;5,5,"{""5"": 37}","{""5"": 1579, ""20"": 4905}",25264,14.051167964404895,10,40.0,100.0,200.0,2500000,710128,710128,1,ns3,899,0.5,10,12,28,,,[],[],5>20:5,,17,32,
2026_07_15_01_26_56,000136,2,all-cluster-heads,docs\doc_workspace\SGCP\artifacts\early_from_late_checkpoint_20260719\enable_coperception_early_from_attentive.yaml,cov_potential_game,grid,utility,utility,none,0,0,,cov_coalition_game,6,,2;6;15,2;6,6,"{""6"": 37}","{""2"": 4856, ""6"": 4608}",73728,41.0055617352614,10,40.0,100.0,200.0,2500000,713984,713984,1,ns3,899,0.5,10,12,28,,,[],[],6>2:0,,22,32,
2026_07_15_01_26_56,000136,11,all-cluster-heads,docs\doc_workspace\SGCP\artifacts\early_from_late_checkpoint_20260719\enable_coperception_early_from_attentive.yaml,cov_potential_game,grid,utility,utility,none,0,0,,cov_coalition_game,6,,1;8;11;19,11;19;1,19;1,"{""1"": 37, ""19"": 37}","{""1"": 4902, ""11"": 4911, ""19"": 4765}",154672,43.62180200222469,10,40.0,100.0,200.0,2500000,713984,713984,1,ns3,899,0.5,10,12,28,,,[],[],1>11:9;19>11:1,,21,38,
2026_07_15_01_26_56,000136,12,all-cluster-heads,docs\doc_workspace\SGCP\artifacts\early_from_late_checkpoint_20260719\enable_coperception_early_from_attentive.yaml,cov_potential_game,grid,utility,utility,none,0,0,,cov_coalition_game,6,,4;7;12,12;7;4,7;4,"{""4"": 37, ""7"": 37}","{""4"": 4760, ""7"": 4792, ""12"": 5003}",152832,42.64293659621802,10,40.0,100.0,200.0,2500000,713984,713984,1,ns3,899,0.5,10,12,28,,,[],[],4>12:7;7>12:2,,21,34,
2026_07_15_01_26_56,000136,13,all-cluster-heads,docs\doc_workspace\SGCP\artifacts\early_from_late_checkpoint_20260719\enable_coperception_early_from_attentive.yaml,cov_potential_game,grid,utility,utility,none,0,0,,cov_coalition_game,6,,9;10;13;14,13;14;9,14;9,"{""9"": 36, ""14"": 37}","{""9"": 4761, ""13"": 4710, ""14"": 4683}",151104,42.367074527252505,10,40.0,100.0,200.0,2500000,713984,713984,1,ns3,899,0.5,10,12,28,,,[],[],9>13:8;14>13:3,,17,26,
2026_07_15_01_26_56,000136,17,all-cluster-heads,docs\doc_workspace\SGCP\artifacts\early_from_late_checkpoint_20260719\enable_coperception_early_from_attentive.yaml,cov_potential_game,grid,utility,utility,none,0,0,,cov_coalition_game,6,,3;16;17;18,17;3;16,3;16,"{""3"": 37, ""16"": 37}","{""3"": 4828, ""16"": 4936, ""17"": 5030}",156224,43.92436040044494,10,40.0,100.0,200.0,2500000,713984,713984,1,ns3,899,0.5,10,12,28,,,[],[],3>17:4;16>17:6,,18,25,
2026_07_15_01_26_56,000136,20,all-cluster-heads,docs\doc_workspace\SGCP\artifacts\early_from_late_checkpoint_20260719\enable_coperception_early_from_attentive.yaml,cov_potential_game,grid,utility,utility,none,0,0,,cov_coalition_game,6,,5;20,20;5,5,"{""5"": 37}","{""5"": 1589, ""20"": 4909}",25424,14.140155728587319,10,40.0,100.0,200.0,2500000,713984,713984,1,ns3,899,0.5,10,12,28,,,[],[],5>20:5,,18,32,
2026_07_15_01_26_56,000138,2,all-cluster-heads,docs\doc_workspace\SGCP\artifacts\early_from_late_checkpoint_20260719\enable_coperception_early_from_attentive.yaml,cov_potential_game,grid,utility,utility,none,0,0,,cov_coalition_game,6,,2;6;15,2;6,6,"{""6"": 37}","{""2"": 4857, ""6"": 4591}",73456,40.85428253615128,10,40.0,100.0,200.0,2500000,713744,713744,1,ns3,899,0.5,10,12,28,,,[],[],6>2:0,,23,32,
2026_07_15_01_26_56,000138,11,all-cluster-heads,docs\doc_workspace\SGCP\artifacts\early_from_late_checkpoint_20260719\enable_coperception_early_from_attentive.yaml,cov_potential_game,grid,utility,utility,none,0,0,,cov_coalition_game,6,,1;8;11;19,11;19;1,19;1,"{""1"": 37, ""19"": 37}","{""1"": 4900, ""11"": 4909, ""19"": 4765}",154640,43.604004449388206,10,40.0,100.0,200.0,2500000,713744,713744,1,ns3,899,0.5,10,12,28,,,[],[],1>11:9;19>11:1,,25,38,
2026_07_15_01_26_56,000138,12,all-cluster-heads,docs\doc_workspace\SGCP\artifacts\early_from_late_checkpoint_20260719\enable_coperception_early_from_attentive.yaml,cov_potential_game,grid,utility,utility,none,0,0,,cov_coalition_game,6,,4;7;12,12;7;4,7;4,"{""4"": 37, ""7"": 37}","{""4"": 4762, ""7"": 4796, ""12"": 4989}",152928,42.67853170189099,10,40.0,100.0,200.0,2500000,713744,713744,1,ns3,899,0.5,10,12,28,,,[],[],4>12:7;7>12:2,,19,34,
2026_07_15_01_26_56,000138,13,all-cluster-heads,docs\doc_workspace\SGCP\artifacts\early_from_late_checkpoint_20260719\enable_coperception_early_from_attentive.yaml,cov_potential_game,grid,utility,utility,none,0,0,,cov_coalition_game,6,,9;10;13;14,13;14;9,14;9,"{""9"": 37, ""14"": 37}","{""9"": 4774, ""13"": 4698, ""14"": 4668}",151072,42.48275862068966,10,40.0,100.0,200.0,2500000,713744,713744,1,ns3,899,0.5,10,12,28,,,[],[],9>13:8;14>13:3,,18,26,
2026_07_15_01_26_56,000138,17,all-cluster-heads,docs\doc_workspace\SGCP\artifacts\early_from_late_checkpoint_20260719\enable_coperception_early_from_attentive.yaml,cov_potential_game,grid,utility,utility,none,0,0,,cov_coalition_game,6,,3;16;17;18,17;3;16,3;16,"{""3"": 37, ""16"": 37}","{""3"": 4817, ""16"": 4937, ""17"": 5027}",156064,43.93325917686318,10,40.0,100.0,200.0,2500000,713744,713744,1,ns3,899,0.5,10,12,28,,,[],[],3>17:4;16>17:6,,17,25,
2026_07_15_01_26_56,000138,20,all-cluster-heads,docs\doc_workspace\SGCP\artifacts\early_from_late_checkpoint_20260719\enable_coperception_early_from_attentive.yaml,cov_potential_game,grid,utility,utility,none,0,0,,cov_coalition_game,6,,5;20,20;5,5,"{""5"": 37}","{""5"": 1599, ""20"": 4910}",25584,14.229143492769746,10,40.0,100.0,200.0,2500000,713744,713744,1,ns3,899,0.5,10,12,28,,,[],[],5>20:5,,20,30,
2026_07_15_01_26_56,000140,4,all-cluster-heads,docs\doc_workspace\SGCP\artifacts\early_from_late_checkpoint_20260719\enable_coperception_early_from_attentive.yaml,cov_potential_game,grid,utility,utility,none,0,0,,cov_coalition_game,6,,4;7;8;12,4;12;7,12;7,"{""7"": 37, ""12"": 37}","{""4"": 4847, ""7"": 4638, ""12"": 4815}",151248,42.847608453837594,10,40.0,100.0,200.0,2500000,711280,711280,1,ns3,899,0.5,10,12,28,,,[],[],7>4:9;12>4:0,,16,37,
2026_07_15_01_26_56,000140,11,all-cluster-heads,docs\doc_workspace\SGCP\artifacts\early_from_late_checkpoint_20260719\enable_coperception_early_from_attentive.yaml,cov_potential_game,grid,utility,utility,none,0,0,,cov_coalition_game,6,,1;2;11;19,11;19;2,19;2,"{""2"": 37, ""19"": 37}","{""2"": 4803, ""11"": 4910, ""19"": 4765}",153088,42.74082313681868,10,40.0,100.0,200.0,2500000,711280,711280,1,ns3,899,0.5,10,12,28,,,[],[],2>11:7;19>11:1,,25,45,
2026_07_15_01_26_56,000140,13,all-cluster-heads,docs\doc_workspace\SGCP\artifacts\early_from_late_checkpoint_20260719\enable_coperception_early_from_attentive.yaml,cov_potential_game,grid,utility,utility,none,0,0,,cov_coalition_game,6,,9;10;13;14,13;14;9,14;9,"{""9"": 35, ""14"": 37}","{""9"": 4759, ""13"": 4683, ""14"": 4716}",151600,42.34927697441602,10,40.0,100.0,200.0,2500000,711280,711280,1,ns3,899,0.5,10,12,28,,,[],[],9>13:8;14>13:2,,15,25,
2026_07_15_01_26_56,000140,15,all-cluster-heads,docs\doc_workspace\SGCP\artifacts\early_from_late_checkpoint_20260719\enable_coperception_early_from_attentive.yaml,cov_potential_game,grid,utility,utility,none,0,0,,cov_coalition_game,6,,6;15,15;6,6,"{""6"": 37}","{""6"": 4598, ""15"": 4825}",73568,40.91657397107898,10,40.0,100.0,200.0,2500000,711280,711280,1,ns3,899,0.5,10,12,28,,,[],[],6>15:3,,17,24,
2026_07_15_01_26_56,000140,17,all-cluster-heads,docs\doc_workspace\SGCP\artifacts\early_from_late_checkpoint_20260719\enable_coperception_early_from_attentive.yaml,cov_potential_game,grid,utility,utility,none,0,0,,cov_coalition_game,6,,3;16;17;18,17;3;16,3;16,"{""3"": 37, ""16"": 37}","{""3"": 4835, ""16"": 4920, ""17"": 5029}",156080,43.78197997775306,10,40.0,100.0,200.0,2500000,711280,711280,1,ns3,899,0.5,10,12,28,,,[],[],3>17:4;16>17:6,,19,25,
2026_07_15_01_26_56,000140,20,all-cluster-heads,docs\doc_workspace\SGCP\artifacts\early_from_late_checkpoint_20260719\enable_coperception_early_from_attentive.yaml,cov_potential_game,grid,utility,utility,none,0,0,,cov_coalition_game,6,,5;20,20;5,5,"{""5"": 37}","{""5"": 1606, ""20"": 4909}",25696,14.291434927697441,10,40.0,100.0,200.0,2500000,711280,711280,1,ns3,899,0.5,10,12,28,,,[],[],5>20:5,,19,29,
