Format = auto
Extension = pcd
Format = auto
Extension = pcd
Format = auto
Extension = pcd
Format = auto
Extension = pcd
Format = auto
Extension = pcd
Format = auto
Extension = pcd
Format = auto
Extension = pcd
Format = auto
Extension = pcd
Format = auto
Extension = pcd
Format = auto
Extension = pcd
Format = auto
Extension = pcd
Format = auto
Extension = pcd
Format = auto
Extension = pcd
Format = auto
Extension = pcd
Format = auto
Extension = pcd
Format = auto
Extension = pcd
Format = auto
Extension = pcd
Format = auto
Extension = pcd
Format = auto
Extension = pcd
Format = auto
Extension = pcd
Format = auto
Extension = pcd
Format = auto
Extension = pcd
Format = auto
Extension = pcd
Format = auto
Extension = pcd
Format = auto
Extension = pcd
Format = auto
Extension = pcd
Format = auto
Extension = pcd
Format = auto
Extension = pcd
Format = auto
Extension = pcd
Format = auto
Extension = pcd
Format = auto
Extension = pcd
Format = auto
Extension = pcd
Format = auto
Extension = pcd
Format = auto
Extension = pcd
Format = auto
Extension = pcd
Format = auto
Extension = pcd
Format = auto
Extension = pcd
Format = auto
Extension = pcd
Format = auto
Extension = pcd
Format = auto
Extension = pcd
resuming by loading epoch 10000
frame=1/41 receiver_sample=1/20 scenario=2026_07_29_02_32_08 timestamp=000060 cavs=[1, 4]
sgcp_constrained receiver=1 policy=all-cavs sources=[1, 4] clusters=20 ra=fullperception_pcs comm_bytes=107856 selected_grids={4: 7}
fusion_method=early pred_boxes=27 gt_boxes=72
pred_scores_shape=(27,)
frame=1/41 receiver_sample=2/20 scenario=2026_07_29_02_32_08 timestamp=000060 cavs=[2]
sgcp_constrained receiver=2 policy=all-cavs sources=[2] clusters=20 ra=fullperception_pcs comm_bytes=0 selected_grids={}
fusion_method=early pred_boxes=22 gt_boxes=72
pred_scores_shape=(22,)
frame=1/41 receiver_sample=3/20 scenario=2026_07_29_02_32_08 timestamp=000060 cavs=[3]
sgcp_constrained receiver=3 policy=all-cavs sources=[3] clusters=20 ra=fullperception_pcs comm_bytes=0 selected_grids={}
fusion_method=early pred_boxes=18 gt_boxes=65
pred_scores_shape=(18,)
frame=1/41 receiver_sample=4/20 scenario=2026_07_29_02_32_08 timestamp=000060 cavs=[4]
sgcp_constrained receiver=4 policy=all-cavs sources=[4] clusters=20 ra=fullperception_pcs comm_bytes=0 selected_grids={}
fusion_method=early pred_boxes=20 gt_boxes=71
pred_scores_shape=(20,)
frame=1/41 receiver_sample=5/20 scenario=2026_07_29_02_32_08 timestamp=000060 cavs=[5, 9, 10]
sgcp_constrained receiver=5 policy=all-cavs sources=[5, 9, 10] clusters=20 ra=fullperception_pcs comm_bytes=196736 selected_grids={9: 6, 10: 30}
fusion_method=early pred_boxes=25 gt_boxes=48
pred_scores_shape=(25,)
frame=1/41 receiver_sample=6/20 scenario=2026_07_29_02_32_08 timestamp=000060 cavs=[6]
sgcp_constrained receiver=6 policy=all-cavs sources=[6] clusters=20 ra=fullperception_pcs comm_bytes=0 selected_grids={}
fusion_method=early pred_boxes=12 gt_boxes=49
pred_scores_shape=(12,)
frame=1/41 receiver_sample=7/20 scenario=2026_07_29_02_32_08 timestamp=000060 cavs=[7]
sgcp_constrained receiver=7 policy=all-cavs sources=[7] clusters=20 ra=fullperception_pcs comm_bytes=0 selected_grids={}
fusion_method=early pred_boxes=24 gt_boxes=51
pred_scores_shape=(24,)
frame=1/41 receiver_sample=8/20 scenario=2026_07_29_02_32_08 timestamp=000060 cavs=[8]
sgcp_constrained receiver=8 policy=all-cavs sources=[8] clusters=20 ra=fullperception_pcs comm_bytes=0 selected_grids={}
fusion_method=early pred_boxes=21 gt_boxes=47
pred_scores_shape=(21,)
frame=1/41 receiver_sample=9/20 scenario=2026_07_29_02_32_08 timestamp=000060 cavs=[9]
sgcp_constrained receiver=9 policy=all-cavs sources=[9] clusters=20 ra=fullperception_pcs comm_bytes=0 selected_grids={}
fusion_method=early pred_boxes=19 gt_boxes=54
pred_scores_shape=(19,)
frame=1/41 receiver_sample=10/20 scenario=2026_07_29_02_32_08 timestamp=000060 cavs=[10]
sgcp_constrained receiver=10 policy=all-cavs sources=[10] clusters=20 ra=fullperception_pcs comm_bytes=0 selected_grids={}
fusion_method=early pred_boxes=22 gt_boxes=66
pred_scores_shape=(22,)
frame=1/41 receiver_sample=11/20 scenario=2026_07_29_02_32_08 timestamp=000060 cavs=[11, 8]
sgcp_constrained receiver=11 policy=all-cavs sources=[11, 8] clusters=20 ra=fullperception_pcs comm_bytes=30704 selected_grids={8: 23}
fusion_method=early pred_boxes=21 gt_boxes=69
pred_scores_shape=(21,)
frame=1/41 receiver_sample=12/20 scenario=2026_07_29_02_32_08 timestamp=000060 cavs=[12]
sgcp_constrained receiver=12 policy=all-cavs sources=[12] clusters=20 ra=fullperception_pcs comm_bytes=0 selected_grids={}
fusion_method=early pred_boxes=21 gt_boxes=53
pred_scores_shape=(21,)
frame=1/41 receiver_sample=13/20 scenario=2026_07_29_02_32_08 timestamp=000060 cavs=[13]
sgcp_constrained receiver=13 policy=all-cavs sources=[13] clusters=20 ra=fullperception_pcs comm_bytes=0 selected_grids={}
fusion_method=early pred_boxes=12 gt_boxes=55
pred_scores_shape=(12,)
frame=1/41 receiver_sample=14/20 scenario=2026_07_29_02_32_08 timestamp=000060 cavs=[14]
sgcp_constrained receiver=14 policy=all-cavs sources=[14] clusters=20 ra=fullperception_pcs comm_bytes=0 selected_grids={}
fusion_method=early pred_boxes=3 gt_boxes=7
pred_scores_shape=(3,)
frame=1/41 receiver_sample=15/20 scenario=2026_07_29_02_32_08 timestamp=000060 cavs=[15, 6]
sgcp_constrained receiver=15 policy=all-cavs sources=[15, 6] clusters=20 ra=fullperception_pcs comm_bytes=107856 selected_grids={6: 6}
fusion_method=early pred_boxes=17 gt_boxes=59
pred_scores_shape=(17,)
frame=1/41 receiver_sample=16/20 scenario=2026_07_29_02_32_08 timestamp=000060 cavs=[16]
sgcp_constrained receiver=16 policy=all-cavs sources=[16] clusters=20 ra=fullperception_pcs comm_bytes=0 selected_grids={}
fusion_method=early pred_boxes=26 gt_boxes=64
pred_scores_shape=(26,)
frame=1/41 receiver_sample=17/20 scenario=2026_07_29_02_32_08 timestamp=000060 cavs=[17]
sgcp_constrained receiver=17 policy=all-cavs sources=[17] clusters=20 ra=fullperception_pcs comm_bytes=0 selected_grids={}
fusion_method=early pred_boxes=17 gt_boxes=65
pred_scores_shape=(17,)
frame=1/41 receiver_sample=18/20 scenario=2026_07_29_02_32_08 timestamp=000060 cavs=[18, 3, 17]
sgcp_constrained receiver=18 policy=all-cavs sources=[18, 3, 17] clusters=20 ra=fullperception_pcs comm_bytes=215744 selected_grids={3: 4, 17: 15}
fusion_method=early pred_boxes=18 gt_boxes=49
pred_scores_shape=(18,)
frame=1/41 receiver_sample=19/20 scenario=2026_07_29_02_32_08 timestamp=000060 cavs=[19, 16, 20]
sgcp_constrained receiver=19 policy=all-cavs sources=[19, 16, 20] clusters=20 ra=fullperception_pcs comm_bytes=215744 selected_grids={16: 4, 20: 18}
fusion_method=early pred_boxes=24 gt_boxes=54
pred_scores_shape=(24,)
frame=1/41 receiver_sample=20/20 scenario=2026_07_29_02_32_08 timestamp=000060 cavs=[20]
sgcp_constrained receiver=20 policy=all-cavs sources=[20] clusters=20 ra=fullperception_pcs comm_bytes=0 selected_grids={}
fusion_method=early pred_boxes=22 gt_boxes=62
pred_scores_shape=(22,)
frame=2/41 receiver_sample=1/20 scenario=2026_07_29_02_32_08 timestamp=000062 cavs=[1, 4]
sgcp_constrained receiver=1 policy=all-cavs sources=[1, 4] clusters=20 ra=fullperception_pcs comm_bytes=107808 selected_grids={4: 8}
fusion_method=early pred_boxes=25 gt_boxes=72
pred_scores_shape=(25,)
frame=2/41 receiver_sample=2/20 scenario=2026_07_29_02_32_08 timestamp=000062 cavs=[2]
sgcp_constrained receiver=2 policy=all-cavs sources=[2] clusters=20 ra=fullperception_pcs comm_bytes=0 selected_grids={}
fusion_method=early pred_boxes=21 gt_boxes=72
pred_scores_shape=(21,)
frame=2/41 receiver_sample=3/20 scenario=2026_07_29_02_32_08 timestamp=000062 cavs=[3]
sgcp_constrained receiver=3 policy=all-cavs sources=[3] clusters=20 ra=fullperception_pcs comm_bytes=0 selected_grids={}
fusion_method=early pred_boxes=20 gt_boxes=65
pred_scores_shape=(20,)
frame=2/41 receiver_sample=4/20 scenario=2026_07_29_02_32_08 timestamp=000062 cavs=[4]
sgcp_constrained receiver=4 policy=all-cavs sources=[4] clusters=20 ra=fullperception_pcs comm_bytes=0 selected_grids={}
fusion_method=early pred_boxes=18 gt_boxes=71
pred_scores_shape=(18,)
frame=2/41 receiver_sample=5/20 scenario=2026_07_29_02_32_08 timestamp=000062 cavs=[5, 9, 10]
sgcp_constrained receiver=5 policy=all-cavs sources=[5, 9, 10] clusters=20 ra=fullperception_pcs comm_bytes=197968 selected_grids={9: 6, 10: 31}
fusion_method=early pred_boxes=26 gt_boxes=48
pred_scores_shape=(26,)
frame=2/41 receiver_sample=6/20 scenario=2026_07_29_02_32_08 timestamp=000062 cavs=[6]
sgcp_constrained receiver=6 policy=all-cavs sources=[6] clusters=20 ra=fullperception_pcs comm_bytes=0 selected_grids={}
fusion_method=early pred_boxes=12 gt_boxes=49
pred_scores_shape=(12,)
frame=2/41 receiver_sample=7/20 scenario=2026_07_29_02_32_08 timestamp=000062 cavs=[7]
sgcp_constrained receiver=7 policy=all-cavs sources=[7] clusters=20 ra=fullperception_pcs comm_bytes=0 selected_grids={}
fusion_method=early pred_boxes=24 gt_boxes=51
pred_scores_shape=(24,)
frame=2/41 receiver_sample=8/20 scenario=2026_07_29_02_32_08 timestamp=000062 cavs=[8]
sgcp_constrained receiver=8 policy=all-cavs sources=[8] clusters=20 ra=fullperception_pcs comm_bytes=0 selected_grids={}
fusion_method=early pred_boxes=22 gt_boxes=47
pred_scores_shape=(22,)
frame=2/41 receiver_sample=9/20 scenario=2026_07_29_02_32_08 timestamp=000062 cavs=[9]Format = auto
Extension = pcd
Format = auto
Extension = pcd
Format = auto
Extension = pcd
Format = auto
Extension = pcd
Format = auto
Extension = pcd
Format = auto
Extension = pcd
Format = auto
Extension = pcd
Format = auto
Extension = pcd
Format = auto
Extension = pcd
Format = auto
Extension = pcd
Format = auto
Extension = pcd
Format = auto
Extension = pcd
Format = auto
Extension = pcd
Format = auto
Extension = pcd
Format = auto
Extension = pcd
Format = auto
Extension = pcd
Format = auto
Extension = pcd
Format = auto
Extension = pcd
Format = auto
Extension = pcd
Format = auto
Extension = pcd

sgcp_constrained receiver=9 policy=all-cavs sources=[9] clusters=20 ra=fullperception_pcs comm_bytes=0 selected_grids={}
fusion_method=early pred_boxes=17 gt_boxes=54
pred_scores_shape=(17,)
frame=2/41 receiver_sample=10/20 scenario=2026_07_29_02_32_08 timestamp=000062 cavs=[10]
sgcp_constrained receiver=10 policy=all-cavs sources=[10] clusters=20 ra=fullperception_pcs comm_bytes=0 selected_grids={}
fusion_method=early pred_boxes=22 gt_boxes=67
pred_scores_shape=(22,)
frame=2/41 receiver_sample=11/20 scenario=2026_07_29_02_32_08 timestamp=000062 cavs=[11, 8]
sgcp_constrained receiver=11 policy=all-cavs sources=[11, 8] clusters=20 ra=fullperception_pcs comm_bytes=30656 selected_grids={8: 23}
fusion_method=early pred_boxes=20 gt_boxes=69
pred_scores_shape=(20,)
frame=2/41 receiver_sample=12/20 scenario=2026_07_29_02_32_08 timestamp=000062 cavs=[12]
sgcp_constrained receiver=12 policy=all-cavs sources=[12] clusters=20 ra=fullperception_pcs comm_bytes=0 selected_grids={}
fusion_method=early pred_boxes=15 gt_boxes=53
pred_scores_shape=(15,)
frame=2/41 receiver_sample=13/20 scenario=2026_07_29_02_32_08 timestamp=000062 cavs=[13]
sgcp_constrained receiver=13 policy=all-cavs sources=[13] clusters=20 ra=fullperception_pcs comm_bytes=0 selected_grids={}
fusion_method=early pred_boxes=12 gt_boxes=55
pred_scores_shape=(12,)
frame=2/41 receiver_sample=14/20 scenario=2026_07_29_02_32_08 timestamp=000062 cavs=[14]
sgcp_constrained receiver=14 policy=all-cavs sources=[14] clusters=20 ra=fullperception_pcs comm_bytes=0 selected_grids={}
fusion_method=early pred_boxes=3 gt_boxes=7
pred_scores_shape=(3,)
frame=2/41 receiver_sample=15/20 scenario=2026_07_29_02_32_08 timestamp=000062 cavs=[15, 6]
sgcp_constrained receiver=15 policy=all-cavs sources=[15, 6] clusters=20 ra=fullperception_pcs comm_bytes=107840 selected_grids={6: 6}
fusion_method=early pred_boxes=16 gt_boxes=60
pred_scores_shape=(16,)
frame=2/41 receiver_sample=16/20 scenario=2026_07_29_02_32_08 timestamp=000062 cavs=[16]
sgcp_constrained receiver=16 policy=all-cavs sources=[16] clusters=20 ra=fullperception_pcs comm_bytes=0 selected_grids={}
fusion_method=early pred_boxes=23 gt_boxes=66
pred_scores_shape=(23,)
frame=2/41 receiver_sample=17/20 scenario=2026_07_29_02_32_08 timestamp=000062 cavs=[17]
sgcp_constrained receiver=17 policy=all-cavs sources=[17] clusters=20 ra=fullperception_pcs comm_bytes=0 selected_grids={}
fusion_method=early pred_boxes=21 gt_boxes=65
pred_scores_shape=(21,)
frame=2/41 receiver_sample=18/20 scenario=2026_07_29_02_32_08 timestamp=000062 cavs=[18, 3, 17]
sgcp_constrained receiver=18 policy=all-cavs sources=[18, 3, 17] clusters=20 ra=fullperception_pcs comm_bytes=215744 selected_grids={3: 6, 17: 13}
fusion_method=early pred_boxes=17 gt_boxes=49
pred_scores_shape=(17,)
frame=2/41 receiver_sample=19/20 scenario=2026_07_29_02_32_08 timestamp=000062 cavs=[19, 16, 20]
sgcp_constrained receiver=19 policy=all-cavs sources=[19, 16, 20] clusters=20 ra=fullperception_pcs comm_bytes=215728 selected_grids={16: 5, 20: 18}
fusion_method=early pred_boxes=19 gt_boxes=54
pred_scores_shape=(19,)
frame=2/41 receiver_sample=20/20 scenario=2026_07_29_02_32_08 timestamp=000062 cavs=[20]
sgcp_constrained receiver=20 policy=all-cavs sources=[20] clusters=20 ra=fullperception_pcs comm_bytes=0 selected_grids={}
fusion_method=early pred_boxes=24 gt_boxes=62
pred_scores_shape=(24,)
frame=3/41 receiver_sample=1/20 scenario=2026_07_29_02_32_08 timestamp=000064 cavs=[1, 2, 4]
sgcp_constrained receiver=1 policy=all-cavs sources=[1, 2, 4] clusters=20 ra=fullperception_pcs comm_bytes=168560 selected_grids={2: 24, 4: 8}
fusion_method=early pred_boxes=32 gt_boxes=72
pred_scores_shape=(32,)
frame=3/41 receiver_sample=2/20 scenario=2026_07_29_02_32_08 timestamp=000064 cavs=[2]
sgcp_constrained receiver=2 policy=all-cavs sources=[2] clusters=20 ra=fullperception_pcs comm_bytes=0 selected_grids={}
fusion_method=early pred_boxes=21 gt_boxes=72
pred_scores_shape=(21,)
frame=3/41 receiver_sample=3/20 scenario=2026_07_29_02_32_08 timestamp=000064 cavs=[3]
sgcp_constrained receiver=3 policy=all-cavs sources=[3] clusters=20 ra=fullperception_pcs comm_bytes=0 selected_grids={}
fusion_method=early pred_boxes=18 gt_boxes=65
pred_scores_shape=(18,)
frame=3/41 receiver_sample=4/20 scenario=2026_07_29_02_32_08 timestamp=000064 cavs=[4]
sgcp_constrained receiver=4 policy=all-cavs sources=[4] clusters=20 ra=fullperception_pcs comm_bytes=0 selected_grids={}
fusion_method=early pred_boxes=19 gt_boxes=71
pred_scores_shape=(19,)
frame=3/41 receiver_sample=5/20 scenario=2026_07_29_02_32_08 timestamp=000064 cavs=[5, 7, 13]
sgcp_constrained receiver=5 policy=all-cavs sources=[5, 7, 13] clusters=20 ra=fullperception_pcs comm_bytes=215728 selected_grids={7: 7, 13: 6}
fusion_method=early pred_boxes=23 gt_boxes=47
pred_scores_shape=(23,)
frame=3/41 receiver_sample=6/20 scenario=2026_07_29_02_32_08 timestamp=000064 cavs=[6]
sgcp_constrained receiver=6 policy=all-cavs sources=[6] clusters=20 ra=fullperception_pcs comm_bytes=0 selected_grids={}
fusion_method=early pred_boxes=12 gt_boxes=49
pred_scores_shape=(12,)
frame=3/41 receiver_sample=7/20 scenario=2026_07_29_02_32_08 timestamp=000064 cavs=[7]
sgcp_constrained receiver=7 policy=all-cavs sources=[7] clusters=20 ra=fullperception_pcs comm_bytes=0 selected_grids={}
fusion_method=early pred_boxes=24 gt_boxes=51
pred_scores_shape=(24,)
frame=3/41 receiver_sample=8/20 scenario=2026_07_29_02_32_08 timestamp=000064 cavs=[8]
sgcp_constrained receiver=8 policy=all-cavs sources=[8] clusters=20 ra=fullperception_pcs comm_bytes=0 selected_grids={}
fusion_method=early pred_boxes=23 gt_boxes=47
pred_scores_shape=(23,)
frame=3/41 receiver_sample=9/20 scenario=2026_07_29_02_32_08 timestamp=000064 cavs=[9, 16]
sgcp_constrained receiver=9 policy=all-cavs sources=[9, 16] clusters=20 ra=fullperception_pcs comm_bytes=107808 selected_grids={16: 3}
fusion_method=early pred_boxes=22 gt_boxes=54
pred_scores_shape=(22,)
frame=3/41 receiver_sample=10/20 scenario=2026_07_29_02_32_08 timestamp=000064 cavs=[10]
sgcp_constrained receiver=10 policy=all-cavs sources=[10] clusters=20 ra=fullperception_pcs comm_bytes=0 selected_grids={}
fusion_method=early pred_boxes=22 gt_boxes=67
pred_scores_shape=(22,)
frame=3/41 receiver_sample=11/20 scenario=2026_07_29_02_32_08 timestamp=000064 cavs=[11, 8]
sgcp_constrained receiver=11 policy=all-cavs sources=[11, 8] clusters=20 ra=fullperception_pcs comm_bytes=30624 selected_grids={8: 23}
fusion_method=early pred_boxes=22 gt_boxes=69
pred_scores_shape=(22,)
frame=3/41 receiver_sample=12/20 scenario=2026_07_29_02_32_08 timestamp=000064 cavs=[12]
sgcp_constrained receiver=12 policy=all-cavs sources=[12] clusters=20 ra=fullperception_pcs comm_bytes=0 selected_grids={}
fusion_method=early pred_boxes=17 gt_boxes=54
pred_scores_shape=(17,)
frame=3/41 receiver_sample=13/20 scenario=2026_07_29_02_32_08 timestamp=000064 cavs=[13]
sgcp_constrained receiver=13 policy=all-cavs sources=[13] clusters=20 ra=fullperception_pcs comm_bytes=0 selected_grids={}
fusion_method=early pred_boxes=12 gt_boxes=55
pred_scores_shape=(12,)
frame=3/41 receiver_sample=14/20 scenario=2026_07_29_02_32_08 timestamp=000064 cavs=[14]
sgcp_constrained receiver=14 policy=all-cavs sources=[14] clusters=20 ra=fullperception_pcs comm_bytes=0 selected_grids={}
fusion_method=early pred_boxes=3 gt_boxes=7
pred_scores_shape=(3,)
frame=3/41 receiver_sample=15/20 scenario=2026_07_29_02_32_08 timestamp=000064 cavs=[15, 6]
sgcp_constrained receiver=15 policy=all-cavs sources=[15, 6] clusters=20 ra=fullperception_pcs comm_bytes=107776 selected_grids={6: 6}
fusion_method=early pred_boxes=16 gt_boxes=61
pred_scores_shape=(16,)
frame=3/41 receiver_sample=16/20 scenario=2026_07_29_02_32_08 timestamp=000064 cavs=[16]
sgcp_constrained receiver=16 policy=all-cavs sources=[16] clusters=20 ra=fullperception_pcs comm_bytes=0 selected_grids={}
fusion_method=early pred_boxes=24 gt_boxes=68
pred_scores_shape=(24,)
frame=3/41 receiver_sample=17/20 scenario=2026_07_29_02_32_08 timestamp=000064 cavs=[17]
sgcp_constrained receiver=17 policy=all-cavs sources=[17] clusters=20 ra=fullperception_pcs comm_bytes=0 selected_grids={}Format = auto
Extension = pcd
Format = auto
Extension = pcd
Format = auto
Extension = pcd
Format = auto
Extension = pcd
Format = auto
Extension = pcd
Format = auto
Extension = pcd
Format = auto
Extension = pcd
Format = auto
Extension = pcd
Format = auto
Extension = pcd
Format = auto
Extension = pcd
Format = auto
Extension = pcd
Format = auto
Extension = pcd
Format = auto
Extension = pcd
Format = auto
Extension = pcd
Format = auto
Extension = pcd
Format = auto
Extension = pcd
Format = auto
Extension = pcd
Format = auto
Extension = pcd
Format = auto
Extension = pcd
Format = auto
Extension = pcd
Format = auto
Extension = pcd
Format = auto
Extension = pcd
Format = auto
Extension = pcd
Format = auto
Extension = pcd
Format = auto
Extension = pcd
Format = auto
Extension = pcd
Format = auto
Extension = pcd
Format = auto
Extension = pcd
Format = auto
Extension = pcd
Format = auto
Extension = pcd
Format = auto
Extension = pcd
Format = auto
Extension = pcd
Format = auto
Extension = pcd
Format = auto
Extension = pcd
Format = auto
Extension = pcd
Format = auto
Extension = pcd
Format = auto
Extension = pcd
Format = auto
Extension = pcd
Format = auto
Extension = pcd
Format = auto
Extension = pcd

fusion_method=early pred_boxes=17 gt_boxes=65
pred_scores_shape=(17,)
frame=3/41 receiver_sample=18/20 scenario=2026_07_29_02_32_08 timestamp=000064 cavs=[18, 3, 17]
sgcp_constrained receiver=18 policy=all-cavs sources=[18, 3, 17] clusters=20 ra=fullperception_pcs comm_bytes=215744 selected_grids={3: 6, 17: 12}
fusion_method=early pred_boxes=18 gt_boxes=47
pred_scores_shape=(18,)
frame=3/41 receiver_sample=19/20 scenario=2026_07_29_02_32_08 timestamp=000064 cavs=[19]
sgcp_constrained receiver=19 policy=all-cavs sources=[19] clusters=20 ra=fullperception_pcs comm_bytes=0 selected_grids={}
fusion_method=early pred_boxes=11 gt_boxes=54
pred_scores_shape=(11,)
frame=3/41 receiver_sample=20/20 scenario=2026_07_29_02_32_08 timestamp=000064 cavs=[20, 10, 19]
sgcp_constrained receiver=20 policy=all-cavs sources=[20, 10, 19] clusters=20 ra=fullperception_pcs comm_bytes=169808 selected_grids={10: 3, 19: 46}
fusion_method=early pred_boxes=28 gt_boxes=62
pred_scores_shape=(28,)
frame=4/41 receiver_sample=1/20 scenario=2026_07_29_02_32_08 timestamp=000066 cavs=[1, 2, 4]
sgcp_constrained receiver=1 policy=all-cavs sources=[1, 2, 4] clusters=20 ra=fullperception_pcs comm_bytes=168480 selected_grids={2: 24, 4: 6}
fusion_method=early pred_boxes=27 gt_boxes=72
pred_scores_shape=(27,)
frame=4/41 receiver_sample=2/20 scenario=2026_07_29_02_32_08 timestamp=000066 cavs=[2]
sgcp_constrained receiver=2 policy=all-cavs sources=[2] clusters=20 ra=fullperception_pcs comm_bytes=0 selected_grids={}
fusion_method=early pred_boxes=21 gt_boxes=72
pred_scores_shape=(21,)
frame=4/41 receiver_sample=3/20 scenario=2026_07_29_02_32_08 timestamp=000066 cavs=[3]
sgcp_constrained receiver=3 policy=all-cavs sources=[3] clusters=20 ra=fullperception_pcs comm_bytes=0 selected_grids={}
fusion_method=early pred_boxes=19 gt_boxes=65
pred_scores_shape=(19,)
frame=4/41 receiver_sample=4/20 scenario=2026_07_29_02_32_08 timestamp=000066 cavs=[4]
sgcp_constrained receiver=4 policy=all-cavs sources=[4] clusters=20 ra=fullperception_pcs comm_bytes=0 selected_grids={}
fusion_method=early pred_boxes=20 gt_boxes=71
pred_scores_shape=(20,)
frame=4/41 receiver_sample=5/20 scenario=2026_07_29_02_32_08 timestamp=000066 cavs=[5, 7, 10]
sgcp_constrained receiver=5 policy=all-cavs sources=[5, 7, 10] clusters=20 ra=fullperception_pcs comm_bytes=199536 selected_grids={7: 7, 10: 33}
fusion_method=early pred_boxes=28 gt_boxes=47
pred_scores_shape=(28,)
frame=4/41 receiver_sample=6/20 scenario=2026_07_29_02_32_08 timestamp=000066 cavs=[6]
sgcp_constrained receiver=6 policy=all-cavs sources=[6] clusters=20 ra=fullperception_pcs comm_bytes=0 selected_grids={}
fusion_method=early pred_boxes=12 gt_boxes=50
pred_scores_shape=(12,)
frame=4/41 receiver_sample=7/20 scenario=2026_07_29_02_32_08 timestamp=000066 cavs=[7]
sgcp_constrained receiver=7 policy=all-cavs sources=[7] clusters=20 ra=fullperception_pcs comm_bytes=0 selected_grids={}
fusion_method=early pred_boxes=25 gt_boxes=51
pred_scores_shape=(25,)
frame=4/41 receiver_sample=8/20 scenario=2026_07_29_02_32_08 timestamp=000066 cavs=[8]
sgcp_constrained receiver=8 policy=all-cavs sources=[8] clusters=20 ra=fullperception_pcs comm_bytes=0 selected_grids={}
fusion_method=early pred_boxes=23 gt_boxes=47
pred_scores_shape=(23,)
frame=4/41 receiver_sample=9/20 scenario=2026_07_29_02_32_08 timestamp=000066 cavs=[9, 16]
sgcp_constrained receiver=9 policy=all-cavs sources=[9, 16] clusters=20 ra=fullperception_pcs comm_bytes=107856 selected_grids={16: 4}
fusion_method=early pred_boxes=21 gt_boxes=53
pred_scores_shape=(21,)
frame=4/41 receiver_sample=10/20 scenario=2026_07_29_02_32_08 timestamp=000066 cavs=[10]
sgcp_constrained receiver=10 policy=all-cavs sources=[10] clusters=20 ra=fullperception_pcs comm_bytes=0 selected_grids={}
fusion_method=early pred_boxes=23 gt_boxes=67
pred_scores_shape=(23,)
frame=4/41 receiver_sample=11/20 scenario=2026_07_29_02_32_08 timestamp=000066 cavs=[11, 8]
sgcp_constrained receiver=11 policy=all-cavs sources=[11, 8] clusters=20 ra=fullperception_pcs comm_bytes=30592 selected_grids={8: 23}
fusion_method=early pred_boxes=22 gt_boxes=69
pred_scores_shape=(22,)
frame=4/41 receiver_sample=12/20 scenario=2026_07_29_02_32_08 timestamp=000066 cavs=[12]
sgcp_constrained receiver=12 policy=all-cavs sources=[12] clusters=20 ra=fullperception_pcs comm_bytes=0 selected_grids={}
fusion_method=early pred_boxes=13 gt_boxes=54
pred_scores_shape=(13,)
frame=4/41 receiver_sample=13/20 scenario=2026_07_29_02_32_08 timestamp=000066 cavs=[13]
sgcp_constrained receiver=13 policy=all-cavs sources=[13] clusters=20 ra=fullperception_pcs comm_bytes=0 selected_grids={}
fusion_method=early pred_boxes=12 gt_boxes=55
pred_scores_shape=(12,)
frame=4/41 receiver_sample=14/20 scenario=2026_07_29_02_32_08 timestamp=000066 cavs=[14]
sgcp_constrained receiver=14 policy=all-cavs sources=[14] clusters=20 ra=fullperception_pcs comm_bytes=0 selected_grids={}
fusion_method=early pred_boxes=3 gt_boxes=7
pred_scores_shape=(3,)
frame=4/41 receiver_sample=15/20 scenario=2026_07_29_02_32_08 timestamp=000066 cavs=[15, 6]
sgcp_constrained receiver=15 policy=all-cavs sources=[15, 6] clusters=20 ra=fullperception_pcs comm_bytes=107872 selected_grids={6: 8}
fusion_method=early pred_boxes=16 gt_boxes=61
pred_scores_shape=(16,)
frame=4/41 receiver_sample=16/20 scenario=2026_07_29_02_32_08 timestamp=000066 cavs=[16]
sgcp_constrained receiver=16 policy=all-cavs sources=[16] clusters=20 ra=fullperception_pcs comm_bytes=0 selected_grids={}
fusion_method=early pred_boxes=23 gt_boxes=68
pred_scores_shape=(23,)
frame=4/41 receiver_sample=17/20 scenario=2026_07_29_02_32_08 timestamp=000066 cavs=[17]
sgcp_constrained receiver=17 policy=all-cavs sources=[17] clusters=20 ra=fullperception_pcs comm_bytes=0 selected_grids={}
fusion_method=early pred_boxes=19 gt_boxes=65
pred_scores_shape=(19,)
frame=4/41 receiver_sample=18/20 scenario=2026_07_29_02_32_08 timestamp=000066 cavs=[18, 3, 17]
sgcp_constrained receiver=18 policy=all-cavs sources=[18, 3, 17] clusters=20 ra=fullperception_pcs comm_bytes=215744 selected_grids={3: 3, 17: 11}
fusion_method=early pred_boxes=17 gt_boxes=47
pred_scores_shape=(17,)
frame=4/41 receiver_sample=19/20 scenario=2026_07_29_02_32_08 timestamp=000066 cavs=[19, 20]
sgcp_constrained receiver=19 policy=all-cavs sources=[19, 20] clusters=20 ra=fullperception_pcs comm_bytes=107824 selected_grids={20: 19}
fusion_method=early pred_boxes=21 gt_boxes=54
pred_scores_shape=(21,)
frame=4/41 receiver_sample=20/20 scenario=2026_07_29_02_32_08 timestamp=000066 cavs=[20]
sgcp_constrained receiver=20 policy=all-cavs sources=[20] clusters=20 ra=fullperception_pcs comm_bytes=0 selected_grids={}
fusion_method=early pred_boxes=24 gt_boxes=62
pred_scores_shape=(24,)
frame=5/41 receiver_sample=1/20 scenario=2026_07_29_02_32_08 timestamp=000068 cavs=[1, 2, 4]
sgcp_constrained receiver=1 policy=all-cavs sources=[1, 2, 4] clusters=20 ra=fullperception_pcs comm_bytes=168672 selected_grids={2: 24, 4: 7}
fusion_method=early pred_boxes=30 gt_boxes=72
pred_scores_shape=(30,)
frame=5/41 receiver_sample=2/20 scenario=2026_07_29_02_32_08 timestamp=000068 cavs=[2]
sgcp_constrained receiver=2 policy=all-cavs sources=[2] clusters=20 ra=fullperception_pcs comm_bytes=0 selected_grids={}
fusion_method=early pred_boxes=21 gt_boxes=72
pred_scores_shape=(21,)
frame=5/41 receiver_sample=3/20 scenario=2026_07_29_02_32_08 timestamp=000068 cavs=[3]
sgcp_constrained receiver=3 policy=all-cavs sources=[3] clusters=20 ra=fullperception_pcs comm_bytes=0 selected_grids={}
fusion_method=early pred_boxes=18 gt_boxes=65
pred_scores_shape=(18,)
frame=5/41 receiver_sample=4/20 scenario=2026_07_29_02_32_08 timestamp=000068 cavs=[4]
sgcp_constrained receiver=4 policy=all-cavs sources=[4] clusters=20 ra=fullperception_pcs comm_bytes=0 selected_grids={}
fusion_method=early pred_boxes=17 gt_boxes=70
pred_scores_shape=(17,)
frame=5/41 receiver_sample=5/20 scenario=2026_07_29_02_32_08 timestamp=000068 cavs=[5, 7, 10]
sgcp_constrained receiver=5 policy=all-cavs sources=[5, 7, 10] clusters=20 ra=fullperception_pcs comm_bytes=200256 selected_grids={7: 7, 10: 32}Format = auto
Extension = pcd
Format = auto
Extension = pcd
Format = auto
Extension = pcd
Format = auto
Extension = pcd
Format = auto
Extension = pcd
Format = auto
Extension = pcd
Format = auto
Extension = pcd
Format = auto
Extension = pcd
Format = auto
Extension = pcd
Format = auto
Extension = pcd
Format = auto
Extension = pcd
Format = auto
Extension = pcd
Format = auto
Extension = pcd
Format = auto
Extension = pcd
Format = auto
Extension = pcd
Format = auto
Extension = pcd
Format = auto
Extension = pcd
Format = auto
Extension = pcd
Format = auto
Extension = pcd
Format = auto
Extension = pcd

fusion_method=early pred_boxes=28 gt_boxes=47
pred_scores_shape=(28,)
frame=5/41 receiver_sample=6/20 scenario=2026_07_29_02_32_08 timestamp=000068 cavs=[6]
sgcp_constrained receiver=6 policy=all-cavs sources=[6] clusters=20 ra=fullperception_pcs comm_bytes=0 selected_grids={}
fusion_method=early pred_boxes=13 gt_boxes=50
pred_scores_shape=(13,)
frame=5/41 receiver_sample=7/20 scenario=2026_07_29_02_32_08 timestamp=000068 cavs=[7]
sgcp_constrained receiver=7 policy=all-cavs sources=[7] clusters=20 ra=fullperception_pcs comm_bytes=0 selected_grids={}
fusion_method=early pred_boxes=21 gt_boxes=51
pred_scores_shape=(21,)
frame=5/41 receiver_sample=8/20 scenario=2026_07_29_02_32_08 timestamp=000068 cavs=[8]
sgcp_constrained receiver=8 policy=all-cavs sources=[8] clusters=20 ra=fullperception_pcs comm_bytes=0 selected_grids={}
fusion_method=early pred_boxes=21 gt_boxes=47
pred_scores_shape=(21,)
frame=5/41 receiver_sample=9/20 scenario=2026_07_29_02_32_08 timestamp=000068 cavs=[9, 16]
sgcp_constrained receiver=9 policy=all-cavs sources=[9, 16] clusters=20 ra=fullperception_pcs comm_bytes=107872 selected_grids={16: 4}
fusion_method=early pred_boxes=20 gt_boxes=53
pred_scores_shape=(20,)
frame=5/41 receiver_sample=10/20 scenario=2026_07_29_02_32_08 timestamp=000068 cavs=[10]
sgcp_constrained receiver=10 policy=all-cavs sources=[10] clusters=20 ra=fullperception_pcs comm_bytes=0 selected_grids={}
fusion_method=early pred_boxes=20 gt_boxes=67
pred_scores_shape=(20,)
frame=5/41 receiver_sample=11/20 scenario=2026_07_29_02_32_08 timestamp=000068 cavs=[11, 8]
sgcp_constrained receiver=11 policy=all-cavs sources=[11, 8] clusters=20 ra=fullperception_pcs comm_bytes=30464 selected_grids={8: 23}
fusion_method=early pred_boxes=21 gt_boxes=69
pred_scores_shape=(21,)
frame=5/41 receiver_sample=12/20 scenario=2026_07_29_02_32_08 timestamp=000068 cavs=[12]
sgcp_constrained receiver=12 policy=all-cavs sources=[12] clusters=20 ra=fullperception_pcs comm_bytes=0 selected_grids={}
fusion_method=early pred_boxes=14 gt_boxes=54
pred_scores_shape=(14,)
frame=5/41 receiver_sample=13/20 scenario=2026_07_29_02_32_08 timestamp=000068 cavs=[13]
sgcp_constrained receiver=13 policy=all-cavs sources=[13] clusters=20 ra=fullperception_pcs comm_bytes=0 selected_grids={}
fusion_method=early pred_boxes=12 gt_boxes=55
pred_scores_shape=(12,)
frame=5/41 receiver_sample=14/20 scenario=2026_07_29_02_32_08 timestamp=000068 cavs=[14]
sgcp_constrained receiver=14 policy=all-cavs sources=[14] clusters=20 ra=fullperception_pcs comm_bytes=0 selected_grids={}
fusion_method=early pred_boxes=3 gt_boxes=7
pred_scores_shape=(3,)
frame=5/41 receiver_sample=15/20 scenario=2026_07_29_02_32_08 timestamp=000068 cavs=[15, 6]
sgcp_constrained receiver=15 policy=all-cavs sources=[15, 6] clusters=20 ra=fullperception_pcs comm_bytes=107744 selected_grids={6: 9}
fusion_method=early pred_boxes=16 gt_boxes=62
pred_scores_shape=(16,)
frame=5/41 receiver_sample=16/20 scenario=2026_07_29_02_32_08 timestamp=000068 cavs=[16]
sgcp_constrained receiver=16 policy=all-cavs sources=[16] clusters=20 ra=fullperception_pcs comm_bytes=0 selected_grids={}
fusion_method=early pred_boxes=22 gt_boxes=69
pred_scores_shape=(22,)
frame=5/41 receiver_sample=17/20 scenario=2026_07_29_02_32_08 timestamp=000068 cavs=[17]
sgcp_constrained receiver=17 policy=all-cavs sources=[17] clusters=20 ra=fullperception_pcs comm_bytes=0 selected_grids={}
fusion_method=early pred_boxes=16 gt_boxes=65
pred_scores_shape=(16,)
frame=5/41 receiver_sample=18/20 scenario=2026_07_29_02_32_08 timestamp=000068 cavs=[18, 3, 17]
sgcp_constrained receiver=18 policy=all-cavs sources=[18, 3, 17] clusters=20 ra=fullperception_pcs comm_bytes=215744 selected_grids={3: 5, 17: 10}
fusion_method=early pred_boxes=16 gt_boxes=47
pred_scores_shape=(16,)
frame=5/41 receiver_sample=19/20 scenario=2026_07_29_02_32_08 timestamp=000068 cavs=[19, 20]
sgcp_constrained receiver=19 policy=all-cavs sources=[19, 20] clusters=20 ra=fullperception_pcs comm_bytes=107872 selected_grids={20: 18}
fusion_method=early pred_boxes=22 gt_boxes=54
pred_scores_shape=(22,)
frame=5/41 receiver_sample=20/20 scenario=2026_07_29_02_32_08 timestamp=000068 cavs=[20]
sgcp_constrained receiver=20 policy=all-cavs sources=[20] clusters=20 ra=fullperception_pcs comm_bytes=0 selected_grids={}
fusion_method=early pred_boxes=25 gt_boxes=62
pred_scores_shape=(25,)
frame=6/41 receiver_sample=1/20 scenario=2026_07_29_02_32_08 timestamp=000070 cavs=[1, 4]
sgcp_constrained receiver=1 policy=all-cavs sources=[1, 4] clusters=20 ra=fullperception_pcs comm_bytes=107824 selected_grids={4: 6}
fusion_method=early pred_boxes=28 gt_boxes=72
pred_scores_shape=(28,)
frame=6/41 receiver_sample=2/20 scenario=2026_07_29_02_32_08 timestamp=000070 cavs=[2]
sgcp_constrained receiver=2 policy=all-cavs sources=[2] clusters=20 ra=fullperception_pcs comm_bytes=0 selected_grids={}
fusion_method=early pred_boxes=22 gt_boxes=72
pred_scores_shape=(22,)
frame=6/41 receiver_sample=3/20 scenario=2026_07_29_02_32_08 timestamp=000070 cavs=[3]
sgcp_constrained receiver=3 policy=all-cavs sources=[3] clusters=20 ra=fullperception_pcs comm_bytes=0 selected_grids={}
fusion_method=early pred_boxes=18 gt_boxes=65
pred_scores_shape=(18,)
frame=6/41 receiver_sample=4/20 scenario=2026_07_29_02_32_08 timestamp=000070 cavs=[4]
sgcp_constrained receiver=4 policy=all-cavs sources=[4] clusters=20 ra=fullperception_pcs comm_bytes=0 selected_grids={}
fusion_method=early pred_boxes=21 gt_boxes=71
pred_scores_shape=(21,)
frame=6/41 receiver_sample=5/20 scenario=2026_07_29_02_32_08 timestamp=000070 cavs=[5, 7, 10]
sgcp_constrained receiver=5 policy=all-cavs sources=[5, 7, 10] clusters=20 ra=fullperception_pcs comm_bytes=200912 selected_grids={7: 8, 10: 32}
fusion_method=early pred_boxes=27 gt_boxes=47
pred_scores_shape=(27,)
frame=6/41 receiver_sample=6/20 scenario=2026_07_29_02_32_08 timestamp=000070 cavs=[6]
sgcp_constrained receiver=6 policy=all-cavs sources=[6] clusters=20 ra=fullperception_pcs comm_bytes=0 selected_grids={}
fusion_method=early pred_boxes=12 gt_boxes=50
pred_scores_shape=(12,)
frame=6/41 receiver_sample=7/20 scenario=2026_07_29_02_32_08 timestamp=000070 cavs=[7]
sgcp_constrained receiver=7 policy=all-cavs sources=[7] clusters=20 ra=fullperception_pcs comm_bytes=0 selected_grids={}
fusion_method=early pred_boxes=21 gt_boxes=51
pred_scores_shape=(21,)
frame=6/41 receiver_sample=8/20 scenario=2026_07_29_02_32_08 timestamp=000070 cavs=[8]
sgcp_constrained receiver=8 policy=all-cavs sources=[8] clusters=20 ra=fullperception_pcs comm_bytes=0 selected_grids={}
fusion_method=early pred_boxes=22 gt_boxes=47
pred_scores_shape=(22,)
frame=6/41 receiver_sample=9/20 scenario=2026_07_29_02_32_08 timestamp=000070 cavs=[9, 16]
sgcp_constrained receiver=9 policy=all-cavs sources=[9, 16] clusters=20 ra=fullperception_pcs comm_bytes=107856 selected_grids={16: 5}
fusion_method=early pred_boxes=20 gt_boxes=53
pred_scores_shape=(20,)
frame=6/41 receiver_sample=10/20 scenario=2026_07_29_02_32_08 timestamp=000070 cavs=[10]
sgcp_constrained receiver=10 policy=all-cavs sources=[10] clusters=20 ra=fullperception_pcs comm_bytes=0 selected_grids={}
fusion_method=early pred_boxes=22 gt_boxes=66
pred_scores_shape=(22,)
frame=6/41 receiver_sample=11/20 scenario=2026_07_29_02_32_08 timestamp=000070 cavs=[11, 8]
sgcp_constrained receiver=11 policy=all-cavs sources=[11, 8] clusters=20 ra=fullperception_pcs comm_bytes=30416 selected_grids={8: 23}
fusion_method=early pred_boxes=19 gt_boxes=69
pred_scores_shape=(19,)
frame=6/41 receiver_sample=12/20 scenario=2026_07_29_02_32_08 timestamp=000070 cavs=[12]
sgcp_constrained receiver=12 policy=all-cavs sources=[12] clusters=20 ra=fullperception_pcs comm_bytes=0 selected_grids={}
fusion_method=early pred_boxes=12 gt_boxes=54
pred_scores_shape=(12,)
frame=6/41 receiver_sample=13/20 scenario=2026_07_29_02_32_08 timestamp=000070 cavs=[13]
sgcp_constrained receiver=13 policy=all-cavs sources=[13] clusters=20 ra=fullperception_pcs comm_bytes=0 selected_grids={}
fusion_method=early pred_boxes=12 gt_boxes=55
pred_scores_shape=(12,)Format = auto
Extension = pcd
Format = auto
Extension = pcd
Format = auto
Extension = pcd
Format = auto
Extension = pcd
Format = auto
Extension = pcd
Format = auto
Extension = pcd
Format = auto
Extension = pcd
Format = auto
Extension = pcd
Format = auto
Extension = pcd
Format = auto
Extension = pcd
Format = auto
Extension = pcd
Format = auto
Extension = pcd
Format = auto
Extension = pcd
Format = auto
Extension = pcd
Format = auto
Extension = pcd
Format = auto
Extension = pcd
Format = auto
Extension = pcd
Format = auto
Extension = pcd
Format = auto
Extension = pcd
Format = auto
Extension = pcd
Format = auto
Extension = pcd
Format = auto
Extension = pcd
Format = auto
Extension = pcd
Format = auto
Extension = pcd
Format = auto
Extension = pcd
Format = auto
Extension = pcd
Format = auto
Extension = pcd
Format = auto
Extension = pcd
Format = auto
Extension = pcd
Format = auto
Extension = pcd
Format = auto
Extension = pcd
Format = auto
Extension = pcd
Format = auto
Extension = pcd
Format = auto
Extension = pcd
Format = auto
Extension = pcd
Format = auto
Extension = pcd
Format = auto
Extension = pcd
Format = auto
Extension = pcd
Format = auto
Extension = pcd
Format = auto
Extension = pcd

frame=6/41 receiver_sample=14/20 scenario=2026_07_29_02_32_08 timestamp=000070 cavs=[14]
sgcp_constrained receiver=14 policy=all-cavs sources=[14] clusters=20 ra=fullperception_pcs comm_bytes=0 selected_grids={}
fusion_method=early pred_boxes=3 gt_boxes=7
pred_scores_shape=(3,)
frame=6/41 receiver_sample=15/20 scenario=2026_07_29_02_32_08 timestamp=000070 cavs=[15, 6]
sgcp_constrained receiver=15 policy=all-cavs sources=[15, 6] clusters=20 ra=fullperception_pcs comm_bytes=107872 selected_grids={6: 13}
fusion_method=early pred_boxes=17 gt_boxes=62
pred_scores_shape=(17,)
frame=6/41 receiver_sample=16/20 scenario=2026_07_29_02_32_08 timestamp=000070 cavs=[16]
sgcp_constrained receiver=16 policy=all-cavs sources=[16] clusters=20 ra=fullperception_pcs comm_bytes=0 selected_grids={}
fusion_method=early pred_boxes=26 gt_boxes=69
pred_scores_shape=(26,)
frame=6/41 receiver_sample=17/20 scenario=2026_07_29_02_32_08 timestamp=000070 cavs=[17]
sgcp_constrained receiver=17 policy=all-cavs sources=[17] clusters=20 ra=fullperception_pcs comm_bytes=0 selected_grids={}
fusion_method=early pred_boxes=19 gt_boxes=65
pred_scores_shape=(19,)
frame=6/41 receiver_sample=18/20 scenario=2026_07_29_02_32_08 timestamp=000070 cavs=[18, 3, 17]
sgcp_constrained receiver=18 policy=all-cavs sources=[18, 3, 17] clusters=20 ra=fullperception_pcs comm_bytes=215728 selected_grids={3: 6, 17: 9}
fusion_method=early pred_boxes=18 gt_boxes=46
pred_scores_shape=(18,)
frame=6/41 receiver_sample=19/20 scenario=2026_07_29_02_32_08 timestamp=000070 cavs=[19, 20]
sgcp_constrained receiver=19 policy=all-cavs sources=[19, 20] clusters=20 ra=fullperception_pcs comm_bytes=107856 selected_grids={20: 18}
fusion_method=early pred_boxes=22 gt_boxes=54
pred_scores_shape=(22,)
frame=6/41 receiver_sample=20/20 scenario=2026_07_29_02_32_08 timestamp=000070 cavs=[20]
sgcp_constrained receiver=20 policy=all-cavs sources=[20] clusters=20 ra=fullperception_pcs comm_bytes=0 selected_grids={}
fusion_method=early pred_boxes=25 gt_boxes=62
pred_scores_shape=(25,)
frame=7/41 receiver_sample=1/20 scenario=2026_07_29_02_32_08 timestamp=000072 cavs=[1, 4]
sgcp_constrained receiver=1 policy=all-cavs sources=[1, 4] clusters=20 ra=fullperception_pcs comm_bytes=107872 selected_grids={4: 6}
fusion_method=early pred_boxes=30 gt_boxes=71
pred_scores_shape=(30,)
frame=7/41 receiver_sample=2/20 scenario=2026_07_29_02_32_08 timestamp=000072 cavs=[2]
sgcp_constrained receiver=2 policy=all-cavs sources=[2] clusters=20 ra=fullperception_pcs comm_bytes=0 selected_grids={}
fusion_method=early pred_boxes=21 gt_boxes=72
pred_scores_shape=(21,)
frame=7/41 receiver_sample=3/20 scenario=2026_07_29_02_32_08 timestamp=000072 cavs=[3]
sgcp_constrained receiver=3 policy=all-cavs sources=[3] clusters=20 ra=fullperception_pcs comm_bytes=0 selected_grids={}
fusion_method=early pred_boxes=19 gt_boxes=65
pred_scores_shape=(19,)
frame=7/41 receiver_sample=4/20 scenario=2026_07_29_02_32_08 timestamp=000072 cavs=[4]
sgcp_constrained receiver=4 policy=all-cavs sources=[4] clusters=20 ra=fullperception_pcs comm_bytes=0 selected_grids={}
fusion_method=early pred_boxes=17 gt_boxes=71
pred_scores_shape=(17,)
frame=7/41 receiver_sample=5/20 scenario=2026_07_29_02_32_08 timestamp=000072 cavs=[5, 7, 10]
sgcp_constrained receiver=5 policy=all-cavs sources=[5, 7, 10] clusters=20 ra=fullperception_pcs comm_bytes=201888 selected_grids={7: 8, 10: 33}
fusion_method=early pred_boxes=29 gt_boxes=47
pred_scores_shape=(29,)
frame=7/41 receiver_sample=6/20 scenario=2026_07_29_02_32_08 timestamp=000072 cavs=[6, 15]
sgcp_constrained receiver=6 policy=all-cavs sources=[6, 15] clusters=20 ra=fullperception_pcs comm_bytes=10832 selected_grids={15: 9}
fusion_method=early pred_boxes=16 gt_boxes=50
pred_scores_shape=(16,)
frame=7/41 receiver_sample=7/20 scenario=2026_07_29_02_32_08 timestamp=000072 cavs=[7]
sgcp_constrained receiver=7 policy=all-cavs sources=[7] clusters=20 ra=fullperception_pcs comm_bytes=0 selected_grids={}
fusion_method=early pred_boxes=22 gt_boxes=51
pred_scores_shape=(22,)
frame=7/41 receiver_sample=8/20 scenario=2026_07_29_02_32_08 timestamp=000072 cavs=[8]
sgcp_constrained receiver=8 policy=all-cavs sources=[8] clusters=20 ra=fullperception_pcs comm_bytes=0 selected_grids={}
fusion_method=early pred_boxes=22 gt_boxes=48
pred_scores_shape=(22,)
frame=7/41 receiver_sample=9/20 scenario=2026_07_29_02_32_08 timestamp=000072 cavs=[9, 16]
sgcp_constrained receiver=9 policy=all-cavs sources=[9, 16] clusters=20 ra=fullperception_pcs comm_bytes=107872 selected_grids={16: 7}
fusion_method=early pred_boxes=22 gt_boxes=53
pred_scores_shape=(22,)
frame=7/41 receiver_sample=10/20 scenario=2026_07_29_02_32_08 timestamp=000072 cavs=[10]
sgcp_constrained receiver=10 policy=all-cavs sources=[10] clusters=20 ra=fullperception_pcs comm_bytes=0 selected_grids={}
fusion_method=early pred_boxes=22 gt_boxes=68
pred_scores_shape=(22,)
frame=7/41 receiver_sample=11/20 scenario=2026_07_29_02_32_08 timestamp=000072 cavs=[11, 8]
sgcp_constrained receiver=11 policy=all-cavs sources=[11, 8] clusters=20 ra=fullperception_pcs comm_bytes=30208 selected_grids={8: 23}
fusion_method=early pred_boxes=23 gt_boxes=68
pred_scores_shape=(23,)
frame=7/41 receiver_sample=12/20 scenario=2026_07_29_02_32_08 timestamp=000072 cavs=[12]
sgcp_constrained receiver=12 policy=all-cavs sources=[12] clusters=20 ra=fullperception_pcs comm_bytes=0 selected_grids={}
fusion_method=early pred_boxes=14 gt_boxes=55
pred_scores_shape=(14,)
frame=7/41 receiver_sample=13/20 scenario=2026_07_29_02_32_08 timestamp=000072 cavs=[13]
sgcp_constrained receiver=13 policy=all-cavs sources=[13] clusters=20 ra=fullperception_pcs comm_bytes=0 selected_grids={}
fusion_method=early pred_boxes=11 gt_boxes=55
pred_scores_shape=(11,)
frame=7/41 receiver_sample=14/20 scenario=2026_07_29_02_32_08 timestamp=000072 cavs=[14]
sgcp_constrained receiver=14 policy=all-cavs sources=[14] clusters=20 ra=fullperception_pcs comm_bytes=0 selected_grids={}
fusion_method=early pred_boxes=3 gt_boxes=7
pred_scores_shape=(3,)
frame=7/41 receiver_sample=15/20 scenario=2026_07_29_02_32_08 timestamp=000072 cavs=[15]
sgcp_constrained receiver=15 policy=all-cavs sources=[15] clusters=20 ra=fullperception_pcs comm_bytes=0 selected_grids={}
fusion_method=early pred_boxes=16 gt_boxes=62
pred_scores_shape=(16,)
frame=7/41 receiver_sample=16/20 scenario=2026_07_29_02_32_08 timestamp=000072 cavs=[16]
sgcp_constrained receiver=16 policy=all-cavs sources=[16] clusters=20 ra=fullperception_pcs comm_bytes=0 selected_grids={}
fusion_method=early pred_boxes=24 gt_boxes=70
pred_scores_shape=(24,)
frame=7/41 receiver_sample=17/20 scenario=2026_07_29_02_32_08 timestamp=000072 cavs=[17]
sgcp_constrained receiver=17 policy=all-cavs sources=[17] clusters=20 ra=fullperception_pcs comm_bytes=0 selected_grids={}
fusion_method=early pred_boxes=19 gt_boxes=65
pred_scores_shape=(19,)
frame=7/41 receiver_sample=18/20 scenario=2026_07_29_02_32_08 timestamp=000072 cavs=[18, 3, 17]
sgcp_constrained receiver=18 policy=all-cavs sources=[18, 3, 17] clusters=20 ra=fullperception_pcs comm_bytes=215744 selected_grids={3: 6, 17: 9}
fusion_method=early pred_boxes=17 gt_boxes=45
pred_scores_shape=(17,)
frame=7/41 receiver_sample=19/20 scenario=2026_07_29_02_32_08 timestamp=000072 cavs=[19, 20]
sgcp_constrained receiver=19 policy=all-cavs sources=[19, 20] clusters=20 ra=fullperception_pcs comm_bytes=107856 selected_grids={20: 18}
fusion_method=early pred_boxes=24 gt_boxes=54
pred_scores_shape=(24,)
frame=7/41 receiver_sample=20/20 scenario=2026_07_29_02_32_08 timestamp=000072 cavs=[20]
sgcp_constrained receiver=20 policy=all-cavs sources=[20] clusters=20 ra=fullperception_pcs comm_bytes=0 selected_grids={}
fusion_method=early pred_boxes=24 gt_boxes=61
pred_scores_shape=(24,)
frame=8/41 receiver_sample=1/20 scenario=2026_07_29_02_32_08 timestamp=000074 cavs=[1, 4]
sgcp_constrained receiver=1 policy=all-cavs sources=[1, 4] clusters=20 ra=fullperception_pcs comm_bytes=107872 selected_grids={4: 5}
fusion_method=early pred_boxes=29 gt_boxes=70
pred_scores_shape=(29,)
frame=8/41 receiver_sample=2/20 scenario=2026_07_29_02_32_08 timestamp=000074 cavs=[2]Format = auto
Extension = pcd
Format = auto
Extension = pcd
Format = auto
Extension = pcd
Format = auto
Extension = pcd
Format = auto
Extension = pcd
Format = auto
Extension = pcd
Format = auto
Extension = pcd
Format = auto
Extension = pcd
Format = auto
Extension = pcd
Format = auto
Extension = pcd
Format = auto
Extension = pcd
Format = auto
Extension = pcd
Format = auto
Extension = pcd
Format = auto
Extension = pcd
Format = auto
Extension = pcd
Format = auto
Extension = pcd
Format = auto
Extension = pcd
Format = auto
Extension = pcd
Format = auto
Extension = pcd
Format = auto
Extension = pcd

sgcp_constrained receiver=2 policy=all-cavs sources=[2] clusters=20 ra=fullperception_pcs comm_bytes=0 selected_grids={}
fusion_method=early pred_boxes=21 gt_boxes=72
pred_scores_shape=(21,)
frame=8/41 receiver_sample=3/20 scenario=2026_07_29_02_32_08 timestamp=000074 cavs=[3]
sgcp_constrained receiver=3 policy=all-cavs sources=[3] clusters=20 ra=fullperception_pcs comm_bytes=0 selected_grids={}
fusion_method=early pred_boxes=20 gt_boxes=65
pred_scores_shape=(20,)
frame=8/41 receiver_sample=4/20 scenario=2026_07_29_02_32_08 timestamp=000074 cavs=[4]
sgcp_constrained receiver=4 policy=all-cavs sources=[4] clusters=20 ra=fullperception_pcs comm_bytes=0 selected_grids={}
fusion_method=early pred_boxes=19 gt_boxes=71
pred_scores_shape=(19,)
frame=8/41 receiver_sample=5/20 scenario=2026_07_29_02_32_08 timestamp=000074 cavs=[5, 7, 10]
sgcp_constrained receiver=5 policy=all-cavs sources=[5, 7, 10] clusters=20 ra=fullperception_pcs comm_bytes=202720 selected_grids={7: 8, 10: 33}
fusion_method=early pred_boxes=27 gt_boxes=47
pred_scores_shape=(27,)
frame=8/41 receiver_sample=6/20 scenario=2026_07_29_02_32_08 timestamp=000074 cavs=[6, 15]
sgcp_constrained receiver=6 policy=all-cavs sources=[6, 15] clusters=20 ra=fullperception_pcs comm_bytes=11312 selected_grids={15: 8}
fusion_method=early pred_boxes=17 gt_boxes=50
pred_scores_shape=(17,)
frame=8/41 receiver_sample=7/20 scenario=2026_07_29_02_32_08 timestamp=000074 cavs=[7]
sgcp_constrained receiver=7 policy=all-cavs sources=[7] clusters=20 ra=fullperception_pcs comm_bytes=0 selected_grids={}
fusion_method=early pred_boxes=22 gt_boxes=50
pred_scores_shape=(22,)
frame=8/41 receiver_sample=8/20 scenario=2026_07_29_02_32_08 timestamp=000074 cavs=[8]
sgcp_constrained receiver=8 policy=all-cavs sources=[8] clusters=20 ra=fullperception_pcs comm_bytes=0 selected_grids={}
fusion_method=early pred_boxes=24 gt_boxes=48
pred_scores_shape=(24,)
frame=8/41 receiver_sample=9/20 scenario=2026_07_29_02_32_08 timestamp=000074 cavs=[9, 16]
sgcp_constrained receiver=9 policy=all-cavs sources=[9, 16] clusters=20 ra=fullperception_pcs comm_bytes=107872 selected_grids={16: 9}
fusion_method=early pred_boxes=23 gt_boxes=53
pred_scores_shape=(23,)
frame=8/41 receiver_sample=10/20 scenario=2026_07_29_02_32_08 timestamp=000074 cavs=[10]
sgcp_constrained receiver=10 policy=all-cavs sources=[10] clusters=20 ra=fullperception_pcs comm_bytes=0 selected_grids={}
fusion_method=early pred_boxes=21 gt_boxes=68
pred_scores_shape=(21,)
frame=8/41 receiver_sample=11/20 scenario=2026_07_29_02_32_08 timestamp=000074 cavs=[11, 8]
sgcp_constrained receiver=11 policy=all-cavs sources=[11, 8] clusters=20 ra=fullperception_pcs comm_bytes=29888 selected_grids={8: 23}
fusion_method=early pred_boxes=24 gt_boxes=68
pred_scores_shape=(24,)
frame=8/41 receiver_sample=12/20 scenario=2026_07_29_02_32_08 timestamp=000074 cavs=[12]
sgcp_constrained receiver=12 policy=all-cavs sources=[12] clusters=20 ra=fullperception_pcs comm_bytes=0 selected_grids={}
fusion_method=early pred_boxes=13 gt_boxes=55
pred_scores_shape=(13,)
frame=8/41 receiver_sample=13/20 scenario=2026_07_29_02_32_08 timestamp=000074 cavs=[13]
sgcp_constrained receiver=13 policy=all-cavs sources=[13] clusters=20 ra=fullperception_pcs comm_bytes=0 selected_grids={}
fusion_method=early pred_boxes=12 gt_boxes=55
pred_scores_shape=(12,)
frame=8/41 receiver_sample=14/20 scenario=2026_07_29_02_32_08 timestamp=000074 cavs=[14]
sgcp_constrained receiver=14 policy=all-cavs sources=[14] clusters=20 ra=fullperception_pcs comm_bytes=0 selected_grids={}
fusion_method=early pred_boxes=3 gt_boxes=7
pred_scores_shape=(3,)
frame=8/41 receiver_sample=15/20 scenario=2026_07_29_02_32_08 timestamp=000074 cavs=[15]
sgcp_constrained receiver=15 policy=all-cavs sources=[15] clusters=20 ra=fullperception_pcs comm_bytes=0 selected_grids={}
fusion_method=early pred_boxes=16 gt_boxes=62
pred_scores_shape=(16,)
frame=8/41 receiver_sample=16/20 scenario=2026_07_29_02_32_08 timestamp=000074 cavs=[16]
sgcp_constrained receiver=16 policy=all-cavs sources=[16] clusters=20 ra=fullperception_pcs comm_bytes=0 selected_grids={}
fusion_method=early pred_boxes=23 gt_boxes=71
pred_scores_shape=(23,)
frame=8/41 receiver_sample=17/20 scenario=2026_07_29_02_32_08 timestamp=000074 cavs=[17]
sgcp_constrained receiver=17 policy=all-cavs sources=[17] clusters=20 ra=fullperception_pcs comm_bytes=0 selected_grids={}
fusion_method=early pred_boxes=21 gt_boxes=65
pred_scores_shape=(21,)
frame=8/41 receiver_sample=18/20 scenario=2026_07_29_02_32_08 timestamp=000074 cavs=[18, 3, 17]
sgcp_constrained receiver=18 policy=all-cavs sources=[18, 3, 17] clusters=20 ra=fullperception_pcs comm_bytes=215744 selected_grids={3: 8, 17: 8}
fusion_method=early pred_boxes=17 gt_boxes=45
pred_scores_shape=(17,)
frame=8/41 receiver_sample=19/20 scenario=2026_07_29_02_32_08 timestamp=000074 cavs=[19, 20]
sgcp_constrained receiver=19 policy=all-cavs sources=[19, 20] clusters=20 ra=fullperception_pcs comm_bytes=107872 selected_grids={20: 17}
fusion_method=early pred_boxes=24 gt_boxes=53
pred_scores_shape=(24,)
frame=8/41 receiver_sample=20/20 scenario=2026_07_29_02_32_08 timestamp=000074 cavs=[20]
sgcp_constrained receiver=20 policy=all-cavs sources=[20] clusters=20 ra=fullperception_pcs comm_bytes=0 selected_grids={}
fusion_method=early pred_boxes=25 gt_boxes=61
pred_scores_shape=(25,)
frame=9/41 receiver_sample=1/20 scenario=2026_07_29_02_32_08 timestamp=000076 cavs=[1, 4]
sgcp_constrained receiver=1 policy=all-cavs sources=[1, 4] clusters=20 ra=fullperception_pcs comm_bytes=107872 selected_grids={4: 6}
fusion_method=early pred_boxes=28 gt_boxes=70
pred_scores_shape=(28,)
frame=9/41 receiver_sample=2/20 scenario=2026_07_29_02_32_08 timestamp=000076 cavs=[2]
sgcp_constrained receiver=2 policy=all-cavs sources=[2] clusters=20 ra=fullperception_pcs comm_bytes=0 selected_grids={}
fusion_method=early pred_boxes=22 gt_boxes=72
pred_scores_shape=(22,)
frame=9/41 receiver_sample=3/20 scenario=2026_07_29_02_32_08 timestamp=000076 cavs=[3]
sgcp_constrained receiver=3 policy=all-cavs sources=[3] clusters=20 ra=fullperception_pcs comm_bytes=0 selected_grids={}
fusion_method=early pred_boxes=19 gt_boxes=64
pred_scores_shape=(19,)
frame=9/41 receiver_sample=4/20 scenario=2026_07_29_02_32_08 timestamp=000076 cavs=[4]
sgcp_constrained receiver=4 policy=all-cavs sources=[4] clusters=20 ra=fullperception_pcs comm_bytes=0 selected_grids={}
fusion_method=early pred_boxes=19 gt_boxes=71
pred_scores_shape=(19,)
frame=9/41 receiver_sample=5/20 scenario=2026_07_29_02_32_08 timestamp=000076 cavs=[5, 7, 10]
sgcp_constrained receiver=5 policy=all-cavs sources=[5, 7, 10] clusters=20 ra=fullperception_pcs comm_bytes=203296 selected_grids={7: 3, 10: 33}
fusion_method=early pred_boxes=26 gt_boxes=47
pred_scores_shape=(26,)
frame=9/41 receiver_sample=6/20 scenario=2026_07_29_02_32_08 timestamp=000076 cavs=[6, 15]
sgcp_constrained receiver=6 policy=all-cavs sources=[6, 15] clusters=20 ra=fullperception_pcs comm_bytes=11200 selected_grids={15: 9}
fusion_method=early pred_boxes=17 gt_boxes=51
pred_scores_shape=(17,)
frame=9/41 receiver_sample=7/20 scenario=2026_07_29_02_32_08 timestamp=000076 cavs=[7]
sgcp_constrained receiver=7 policy=all-cavs sources=[7] clusters=20 ra=fullperception_pcs comm_bytes=0 selected_grids={}
fusion_method=early pred_boxes=24 gt_boxes=49
pred_scores_shape=(24,)
frame=9/41 receiver_sample=8/20 scenario=2026_07_29_02_32_08 timestamp=000076 cavs=[8]
sgcp_constrained receiver=8 policy=all-cavs sources=[8] clusters=20 ra=fullperception_pcs comm_bytes=0 selected_grids={}
fusion_method=early pred_boxes=26 gt_boxes=48
pred_scores_shape=(26,)
frame=9/41 receiver_sample=9/20 scenario=2026_07_29_02_32_08 timestamp=000076 cavs=[9, 16]
sgcp_constrained receiver=9 policy=all-cavs sources=[9, 16] clusters=20 ra=fullperception_pcs comm_bytes=107872 selected_grids={16: 4}
fusion_method=early pred_boxes=21 gt_boxes=53
pred_scores_shape=(21,)
frame=9/41 receiver_sample=10/20 scenario=2026_07_29_02_32_08 timestamp=000076 cavs=[10]
sgcp_constrained receiver=10 policy=all-cavs sources=[10] clusters=20 ra=fullperception_pcs comm_bytes=0 selected_grids={}Format = auto
Extension = pcd
Format = auto
Extension = pcd
Format = auto
Extension = pcd
Format = auto
Extension = pcd
Format = auto
Extension = pcd
Format = auto
Extension = pcd
Format = auto
Extension = pcd
Format = auto
Extension = pcd
Format = auto
Extension = pcd
Format = auto
Extension = pcd
Format = auto
Extension = pcd
Format = auto
Extension = pcd
Format = auto
Extension = pcd
Format = auto
Extension = pcd
Format = auto
Extension = pcd
Format = auto
Extension = pcd
Format = auto
Extension = pcd
Format = auto
Extension = pcd
Format = auto
Extension = pcd
Format = auto
Extension = pcd

fusion_method=early pred_boxes=19 gt_boxes=69
pred_scores_shape=(19,)
frame=9/41 receiver_sample=11/20 scenario=2026_07_29_02_32_08 timestamp=000076 cavs=[11, 8]
sgcp_constrained receiver=11 policy=all-cavs sources=[11, 8] clusters=20 ra=fullperception_pcs comm_bytes=29888 selected_grids={8: 23}
fusion_method=early pred_boxes=24 gt_boxes=68
pred_scores_shape=(24,)
frame=9/41 receiver_sample=12/20 scenario=2026_07_29_02_32_08 timestamp=000076 cavs=[12]
sgcp_constrained receiver=12 policy=all-cavs sources=[12] clusters=20 ra=fullperception_pcs comm_bytes=0 selected_grids={}
fusion_method=early pred_boxes=11 gt_boxes=55
pred_scores_shape=(11,)
frame=9/41 receiver_sample=13/20 scenario=2026_07_29_02_32_08 timestamp=000076 cavs=[13]
sgcp_constrained receiver=13 policy=all-cavs sources=[13] clusters=20 ra=fullperception_pcs comm_bytes=0 selected_grids={}
fusion_method=early pred_boxes=11 gt_boxes=55
pred_scores_shape=(11,)
frame=9/41 receiver_sample=14/20 scenario=2026_07_29_02_32_08 timestamp=000076 cavs=[14]
sgcp_constrained receiver=14 policy=all-cavs sources=[14] clusters=20 ra=fullperception_pcs comm_bytes=0 selected_grids={}
fusion_method=early pred_boxes=3 gt_boxes=7
pred_scores_shape=(3,)
frame=9/41 receiver_sample=15/20 scenario=2026_07_29_02_32_08 timestamp=000076 cavs=[15]
sgcp_constrained receiver=15 policy=all-cavs sources=[15] clusters=20 ra=fullperception_pcs comm_bytes=0 selected_grids={}
fusion_method=early pred_boxes=16 gt_boxes=62
pred_scores_shape=(16,)
frame=9/41 receiver_sample=16/20 scenario=2026_07_29_02_32_08 timestamp=000076 cavs=[16]
sgcp_constrained receiver=16 policy=all-cavs sources=[16] clusters=20 ra=fullperception_pcs comm_bytes=0 selected_grids={}
fusion_method=early pred_boxes=26 gt_boxes=70
pred_scores_shape=(26,)
frame=9/41 receiver_sample=17/20 scenario=2026_07_29_02_32_08 timestamp=000076 cavs=[17]
sgcp_constrained receiver=17 policy=all-cavs sources=[17] clusters=20 ra=fullperception_pcs comm_bytes=0 selected_grids={}
fusion_method=early pred_boxes=19 gt_boxes=65
pred_scores_shape=(19,)
frame=9/41 receiver_sample=18/20 scenario=2026_07_29_02_32_08 timestamp=000076 cavs=[18, 3, 17]
sgcp_constrained receiver=18 policy=all-cavs sources=[18, 3, 17] clusters=20 ra=fullperception_pcs comm_bytes=215744 selected_grids={3: 10, 17: 6}
fusion_method=early pred_boxes=17 gt_boxes=44
pred_scores_shape=(17,)
frame=9/41 receiver_sample=19/20 scenario=2026_07_29_02_32_08 timestamp=000076 cavs=[19, 20]
sgcp_constrained receiver=19 policy=all-cavs sources=[19, 20] clusters=20 ra=fullperception_pcs comm_bytes=107792 selected_grids={20: 17}
fusion_method=early pred_boxes=23 gt_boxes=53
pred_scores_shape=(23,)
frame=9/41 receiver_sample=20/20 scenario=2026_07_29_02_32_08 timestamp=000076 cavs=[20]
sgcp_constrained receiver=20 policy=all-cavs sources=[20] clusters=20 ra=fullperception_pcs comm_bytes=0 selected_grids={}
fusion_method=early pred_boxes=25 gt_boxes=61
pred_scores_shape=(25,)
frame=10/41 receiver_sample=1/20 scenario=2026_07_29_02_32_08 timestamp=000078 cavs=[1, 4]
sgcp_constrained receiver=1 policy=all-cavs sources=[1, 4] clusters=20 ra=fullperception_pcs comm_bytes=107840 selected_grids={4: 5}
fusion_method=early pred_boxes=27 gt_boxes=70
pred_scores_shape=(27,)
frame=10/41 receiver_sample=2/20 scenario=2026_07_29_02_32_08 timestamp=000078 cavs=[2]
sgcp_constrained receiver=2 policy=all-cavs sources=[2] clusters=20 ra=fullperception_pcs comm_bytes=0 selected_grids={}
fusion_method=early pred_boxes=21 gt_boxes=71
pred_scores_shape=(21,)
frame=10/41 receiver_sample=3/20 scenario=2026_07_29_02_32_08 timestamp=000078 cavs=[3]
sgcp_constrained receiver=3 policy=all-cavs sources=[3] clusters=20 ra=fullperception_pcs comm_bytes=0 selected_grids={}
fusion_method=early pred_boxes=18 gt_boxes=64
pred_scores_shape=(18,)
frame=10/41 receiver_sample=4/20 scenario=2026_07_29_02_32_08 timestamp=000078 cavs=[4]
sgcp_constrained receiver=4 policy=all-cavs sources=[4] clusters=20 ra=fullperception_pcs comm_bytes=0 selected_grids={}
fusion_method=early pred_boxes=20 gt_boxes=71
pred_scores_shape=(20,)
frame=10/41 receiver_sample=5/20 scenario=2026_07_29_02_32_08 timestamp=000078 cavs=[5, 7, 10]
sgcp_constrained receiver=5 policy=all-cavs sources=[5, 7, 10] clusters=20 ra=fullperception_pcs comm_bytes=204032 selected_grids={7: 4, 10: 32}
fusion_method=early pred_boxes=31 gt_boxes=47
pred_scores_shape=(31,)
frame=10/41 receiver_sample=6/20 scenario=2026_07_29_02_32_08 timestamp=000078 cavs=[6, 15]
sgcp_constrained receiver=6 policy=all-cavs sources=[6, 15] clusters=20 ra=fullperception_pcs comm_bytes=11312 selected_grids={15: 9}
fusion_method=early pred_boxes=17 gt_boxes=51
pred_scores_shape=(17,)
frame=10/41 receiver_sample=7/20 scenario=2026_07_29_02_32_08 timestamp=000078 cavs=[7]
sgcp_constrained receiver=7 policy=all-cavs sources=[7] clusters=20 ra=fullperception_pcs comm_bytes=0 selected_grids={}
fusion_method=early pred_boxes=23 gt_boxes=49
pred_scores_shape=(23,)
frame=10/41 receiver_sample=8/20 scenario=2026_07_29_02_32_08 timestamp=000078 cavs=[8, 2, 12]
sgcp_constrained receiver=8 policy=all-cavs sources=[8, 2, 12] clusters=20 ra=fullperception_pcs comm_bytes=215728 selected_grids={2: 6, 12: 8}
fusion_method=early pred_boxes=25 gt_boxes=48
pred_scores_shape=(25,)
frame=10/41 receiver_sample=9/20 scenario=2026_07_29_02_32_08 timestamp=000078 cavs=[9, 11, 16]
sgcp_constrained receiver=9 policy=all-cavs sources=[9, 11, 16] clusters=20 ra=fullperception_pcs comm_bytes=215744 selected_grids={11: 6, 16: 8}
fusion_method=early pred_boxes=27 gt_boxes=53
pred_scores_shape=(27,)
frame=10/41 receiver_sample=10/20 scenario=2026_07_29_02_32_08 timestamp=000078 cavs=[10]
sgcp_constrained receiver=10 policy=all-cavs sources=[10] clusters=20 ra=fullperception_pcs comm_bytes=0 selected_grids={}
fusion_method=early pred_boxes=22 gt_boxes=70
pred_scores_shape=(22,)
frame=10/41 receiver_sample=11/20 scenario=2026_07_29_02_32_08 timestamp=000078 cavs=[11]
sgcp_constrained receiver=11 policy=all-cavs sources=[11] clusters=20 ra=fullperception_pcs comm_bytes=0 selected_grids={}
fusion_method=early pred_boxes=19 gt_boxes=69
pred_scores_shape=(19,)
frame=10/41 receiver_sample=12/20 scenario=2026_07_29_02_32_08 timestamp=000078 cavs=[12]
sgcp_constrained receiver=12 policy=all-cavs sources=[12] clusters=20 ra=fullperception_pcs comm_bytes=0 selected_grids={}
fusion_method=early pred_boxes=12 gt_boxes=55
pred_scores_shape=(12,)
frame=10/41 receiver_sample=13/20 scenario=2026_07_29_02_32_08 timestamp=000078 cavs=[13]
sgcp_constrained receiver=13 policy=all-cavs sources=[13] clusters=20 ra=fullperception_pcs comm_bytes=0 selected_grids={}
fusion_method=early pred_boxes=13 gt_boxes=55
pred_scores_shape=(13,)
frame=10/41 receiver_sample=14/20 scenario=2026_07_29_02_32_08 timestamp=000078 cavs=[14]
sgcp_constrained receiver=14 policy=all-cavs sources=[14] clusters=20 ra=fullperception_pcs comm_bytes=0 selected_grids={}
fusion_method=early pred_boxes=5 gt_boxes=8
pred_scores_shape=(5,)
frame=10/41 receiver_sample=15/20 scenario=2026_07_29_02_32_08 timestamp=000078 cavs=[15]
sgcp_constrained receiver=15 policy=all-cavs sources=[15] clusters=20 ra=fullperception_pcs comm_bytes=0 selected_grids={}
fusion_method=early pred_boxes=17 gt_boxes=62
pred_scores_shape=(17,)
frame=10/41 receiver_sample=16/20 scenario=2026_07_29_02_32_08 timestamp=000078 cavs=[16]
sgcp_constrained receiver=16 policy=all-cavs sources=[16] clusters=20 ra=fullperception_pcs comm_bytes=0 selected_grids={}
fusion_method=early pred_boxes=24 gt_boxes=69
pred_scores_shape=(24,)
frame=10/41 receiver_sample=17/20 scenario=2026_07_29_02_32_08 timestamp=000078 cavs=[17]
sgcp_constrained receiver=17 policy=all-cavs sources=[17] clusters=20 ra=fullperception_pcs comm_bytes=0 selected_grids={}
fusion_method=early pred_boxes=22 gt_boxes=65
pred_scores_shape=(22,)
frame=10/41 receiver_sample=18/20 scenario=2026_07_29_02_32_08 timestamp=000078 cavs=[18, 3, 17]
sgcp_constrained receiver=18 policy=all-cavs sources=[18, 3, 17] clusters=20 ra=fullperception_pcs comm_bytes=215744 selected_grids={3: 10, 17: 6}Format = auto
Extension = pcd
Format = auto
Extension = pcd
Format = auto
Extension = pcd
Format = auto
Extension = pcd
Format = auto
Extension = pcd
Format = auto
Extension = pcd
Format = auto
Extension = pcd
Format = auto
Extension = pcd
Format = auto
Extension = pcd
Format = auto
Extension = pcd
Format = auto
Extension = pcd
Format = auto
Extension = pcd
Format = auto
Extension = pcd
Format = auto
Extension = pcd
Format = auto
Extension = pcd
Format = auto
Extension = pcd
Format = auto
Extension = pcd
Format = auto
Extension = pcd
Format = auto
Extension = pcd
Format = auto
Extension = pcd
Format = auto
Extension = pcd
Format = auto
Extension = pcd
Format = auto
Extension = pcd
Format = auto
Extension = pcd
Format = auto
Extension = pcd
Format = auto
Extension = pcd
Format = auto
Extension = pcd
Format = auto
Extension = pcd
Format = auto
Extension = pcd
Format = auto
Extension = pcd
Format = auto
Extension = pcd
Format = auto
Extension = pcd
Format = auto
Extension = pcd
Format = auto
Extension = pcd
Format = auto
Extension = pcd
Format = auto
Extension = pcd
Format = auto
Extension = pcd
Format = auto
Extension = pcd
Format = auto
Extension = pcd
Format = auto
Extension = pcd

fusion_method=early pred_boxes=16 gt_boxes=44
pred_scores_shape=(16,)
frame=10/41 receiver_sample=19/20 scenario=2026_07_29_02_32_08 timestamp=000078 cavs=[19, 20]
sgcp_constrained receiver=19 policy=all-cavs sources=[19, 20] clusters=20 ra=fullperception_pcs comm_bytes=107872 selected_grids={20: 16}
fusion_method=early pred_boxes=22 gt_boxes=53
pred_scores_shape=(22,)
frame=10/41 receiver_sample=20/20 scenario=2026_07_29_02_32_08 timestamp=000078 cavs=[20]
sgcp_constrained receiver=20 policy=all-cavs sources=[20] clusters=20 ra=fullperception_pcs comm_bytes=0 selected_grids={}
fusion_method=early pred_boxes=24 gt_boxes=61
pred_scores_shape=(24,)
frame=11/41 receiver_sample=1/20 scenario=2026_07_29_02_32_08 timestamp=000080 cavs=[1, 4]
sgcp_constrained receiver=1 policy=all-cavs sources=[1, 4] clusters=20 ra=fullperception_pcs comm_bytes=107856 selected_grids={4: 6}
fusion_method=early pred_boxes=28 gt_boxes=71
pred_scores_shape=(28,)
frame=11/41 receiver_sample=2/20 scenario=2026_07_29_02_32_08 timestamp=000080 cavs=[2]
sgcp_constrained receiver=2 policy=all-cavs sources=[2] clusters=20 ra=fullperception_pcs comm_bytes=0 selected_grids={}
fusion_method=early pred_boxes=22 gt_boxes=71
pred_scores_shape=(22,)
frame=11/41 receiver_sample=3/20 scenario=2026_07_29_02_32_08 timestamp=000080 cavs=[3]
sgcp_constrained receiver=3 policy=all-cavs sources=[3] clusters=20 ra=fullperception_pcs comm_bytes=0 selected_grids={}
fusion_method=early pred_boxes=21 gt_boxes=64
pred_scores_shape=(21,)
frame=11/41 receiver_sample=4/20 scenario=2026_07_29_02_32_08 timestamp=000080 cavs=[4]
sgcp_constrained receiver=4 policy=all-cavs sources=[4] clusters=20 ra=fullperception_pcs comm_bytes=0 selected_grids={}
fusion_method=early pred_boxes=18 gt_boxes=71
pred_scores_shape=(18,)
frame=11/41 receiver_sample=5/20 scenario=2026_07_29_02_32_08 timestamp=000080 cavs=[5, 7, 13]
sgcp_constrained receiver=5 policy=all-cavs sources=[5, 7, 13] clusters=20 ra=fullperception_pcs comm_bytes=215728 selected_grids={7: 5, 13: 7}
fusion_method=early pred_boxes=21 gt_boxes=47
pred_scores_shape=(21,)
frame=11/41 receiver_sample=6/20 scenario=2026_07_29_02_32_08 timestamp=000080 cavs=[6, 15]
sgcp_constrained receiver=6 policy=all-cavs sources=[6, 15] clusters=20 ra=fullperception_pcs comm_bytes=9200 selected_grids={15: 8}
fusion_method=early pred_boxes=16 gt_boxes=51
pred_scores_shape=(16,)
frame=11/41 receiver_sample=7/20 scenario=2026_07_29_02_32_08 timestamp=000080 cavs=[7]
sgcp_constrained receiver=7 policy=all-cavs sources=[7] clusters=20 ra=fullperception_pcs comm_bytes=0 selected_grids={}
fusion_method=early pred_boxes=24 gt_boxes=49
pred_scores_shape=(24,)
frame=11/41 receiver_sample=8/20 scenario=2026_07_29_02_32_08 timestamp=000080 cavs=[8, 12]
sgcp_constrained receiver=8 policy=all-cavs sources=[8, 12] clusters=20 ra=fullperception_pcs comm_bytes=107872 selected_grids={12: 6}
fusion_method=early pred_boxes=25 gt_boxes=48
pred_scores_shape=(25,)
frame=11/41 receiver_sample=9/20 scenario=2026_07_29_02_32_08 timestamp=000080 cavs=[9, 11, 16]
sgcp_constrained receiver=9 policy=all-cavs sources=[9, 11, 16] clusters=20 ra=fullperception_pcs comm_bytes=215744 selected_grids={11: 4, 16: 5}
fusion_method=early pred_boxes=28 gt_boxes=53
pred_scores_shape=(28,)
frame=11/41 receiver_sample=10/20 scenario=2026_07_29_02_32_08 timestamp=000080 cavs=[10, 2]
sgcp_constrained receiver=10 policy=all-cavs sources=[10, 2] clusters=20 ra=fullperception_pcs comm_bytes=107872 selected_grids={2: 6}
fusion_method=early pred_boxes=26 gt_boxes=70
pred_scores_shape=(26,)
frame=11/41 receiver_sample=11/20 scenario=2026_07_29_02_32_08 timestamp=000080 cavs=[11]
sgcp_constrained receiver=11 policy=all-cavs sources=[11] clusters=20 ra=fullperception_pcs comm_bytes=0 selected_grids={}
fusion_method=early pred_boxes=21 gt_boxes=68
pred_scores_shape=(21,)
frame=11/41 receiver_sample=12/20 scenario=2026_07_29_02_32_08 timestamp=000080 cavs=[12]
sgcp_constrained receiver=12 policy=all-cavs sources=[12] clusters=20 ra=fullperception_pcs comm_bytes=0 selected_grids={}
fusion_method=early pred_boxes=12 gt_boxes=55
pred_scores_shape=(12,)
frame=11/41 receiver_sample=13/20 scenario=2026_07_29_02_32_08 timestamp=000080 cavs=[13]
sgcp_constrained receiver=13 policy=all-cavs sources=[13] clusters=20 ra=fullperception_pcs comm_bytes=0 selected_grids={}
fusion_method=early pred_boxes=13 gt_boxes=55
pred_scores_shape=(13,)
frame=11/41 receiver_sample=14/20 scenario=2026_07_29_02_32_08 timestamp=000080 cavs=[14]
sgcp_constrained receiver=14 policy=all-cavs sources=[14] clusters=20 ra=fullperception_pcs comm_bytes=0 selected_grids={}
fusion_method=early pred_boxes=3 gt_boxes=8
pred_scores_shape=(3,)
frame=11/41 receiver_sample=15/20 scenario=2026_07_29_02_32_08 timestamp=000080 cavs=[15]
sgcp_constrained receiver=15 policy=all-cavs sources=[15] clusters=20 ra=fullperception_pcs comm_bytes=0 selected_grids={}
fusion_method=early pred_boxes=15 gt_boxes=62
pred_scores_shape=(15,)
frame=11/41 receiver_sample=16/20 scenario=2026_07_29_02_32_08 timestamp=000080 cavs=[16]
sgcp_constrained receiver=16 policy=all-cavs sources=[16] clusters=20 ra=fullperception_pcs comm_bytes=0 selected_grids={}
fusion_method=early pred_boxes=25 gt_boxes=69
pred_scores_shape=(25,)
frame=11/41 receiver_sample=17/20 scenario=2026_07_29_02_32_08 timestamp=000080 cavs=[17]
sgcp_constrained receiver=17 policy=all-cavs sources=[17] clusters=20 ra=fullperception_pcs comm_bytes=0 selected_grids={}
fusion_method=early pred_boxes=21 gt_boxes=65
pred_scores_shape=(21,)
frame=11/41 receiver_sample=18/20 scenario=2026_07_29_02_32_08 timestamp=000080 cavs=[18, 3]
sgcp_constrained receiver=18 policy=all-cavs sources=[18, 3] clusters=20 ra=fullperception_pcs comm_bytes=107872 selected_grids={3: 11}
fusion_method=early pred_boxes=16 gt_boxes=43
pred_scores_shape=(16,)
frame=11/41 receiver_sample=19/20 scenario=2026_07_29_02_32_08 timestamp=000080 cavs=[19, 20]
sgcp_constrained receiver=19 policy=all-cavs sources=[19, 20] clusters=20 ra=fullperception_pcs comm_bytes=107872 selected_grids={20: 17}
fusion_method=early pred_boxes=22 gt_boxes=55
pred_scores_shape=(22,)
frame=11/41 receiver_sample=20/20 scenario=2026_07_29_02_32_08 timestamp=000080 cavs=[20]
sgcp_constrained receiver=20 policy=all-cavs sources=[20] clusters=20 ra=fullperception_pcs comm_bytes=0 selected_grids={}
fusion_method=early pred_boxes=25 gt_boxes=60
pred_scores_shape=(25,)
frame=12/41 receiver_sample=1/20 scenario=2026_07_29_02_32_08 timestamp=000082 cavs=[1, 4]
sgcp_constrained receiver=1 policy=all-cavs sources=[1, 4] clusters=20 ra=fullperception_pcs comm_bytes=107872 selected_grids={4: 7}
fusion_method=early pred_boxes=28 gt_boxes=71
pred_scores_shape=(28,)
frame=12/41 receiver_sample=2/20 scenario=2026_07_29_02_32_08 timestamp=000082 cavs=[2]
sgcp_constrained receiver=2 policy=all-cavs sources=[2] clusters=20 ra=fullperception_pcs comm_bytes=0 selected_grids={}
fusion_method=early pred_boxes=19 gt_boxes=71
pred_scores_shape=(19,)
frame=12/41 receiver_sample=3/20 scenario=2026_07_29_02_32_08 timestamp=000082 cavs=[3]
sgcp_constrained receiver=3 policy=all-cavs sources=[3] clusters=20 ra=fullperception_pcs comm_bytes=0 selected_grids={}
fusion_method=early pred_boxes=17 gt_boxes=64
pred_scores_shape=(17,)
frame=12/41 receiver_sample=4/20 scenario=2026_07_29_02_32_08 timestamp=000082 cavs=[4]
sgcp_constrained receiver=4 policy=all-cavs sources=[4] clusters=20 ra=fullperception_pcs comm_bytes=0 selected_grids={}
fusion_method=early pred_boxes=21 gt_boxes=71
pred_scores_shape=(21,)
frame=12/41 receiver_sample=5/20 scenario=2026_07_29_02_32_08 timestamp=000082 cavs=[5, 7, 13]
sgcp_constrained receiver=5 policy=all-cavs sources=[5, 7, 13] clusters=20 ra=fullperception_pcs comm_bytes=215744 selected_grids={7: 6, 13: 7}
fusion_method=early pred_boxes=23 gt_boxes=47
pred_scores_shape=(23,)
frame=12/41 receiver_sample=6/20 scenario=2026_07_29_02_32_08 timestamp=000082 cavs=[6, 15]
sgcp_constrained receiver=6 policy=all-cavs sources=[6, 15] clusters=20 ra=fullperception_pcs comm_bytes=9328 selected_grids={15: 8}Format = auto
Extension = pcd
Format = auto
Extension = pcd
Format = auto
Extension = pcd
Format = auto
Extension = pcd
Format = auto
Extension = pcd
Format = auto
Extension = pcd
Format = auto
Extension = pcd
Format = auto
Extension = pcd
Format = auto
Extension = pcd
Format = auto
Extension = pcd
Format = auto
Extension = pcd
Format = auto
Extension = pcd
Format = auto
Extension = pcd
Format = auto
Extension = pcd
Format = auto
Extension = pcd
Format = auto
Extension = pcd
Format = auto
Extension = pcd
Format = auto
Extension = pcd
Format = auto
Extension = pcd
Format = auto
Extension = pcd

fusion_method=early pred_boxes=15 gt_boxes=51
pred_scores_shape=(15,)
frame=12/41 receiver_sample=7/20 scenario=2026_07_29_02_32_08 timestamp=000082 cavs=[7]
sgcp_constrained receiver=7 policy=all-cavs sources=[7] clusters=20 ra=fullperception_pcs comm_bytes=0 selected_grids={}
fusion_method=early pred_boxes=25 gt_boxes=49
pred_scores_shape=(25,)
frame=12/41 receiver_sample=8/20 scenario=2026_07_29_02_32_08 timestamp=000082 cavs=[8, 2, 12]
sgcp_constrained receiver=8 policy=all-cavs sources=[8, 2, 12] clusters=20 ra=fullperception_pcs comm_bytes=215744 selected_grids={2: 5, 12: 8}
fusion_method=early pred_boxes=27 gt_boxes=48
pred_scores_shape=(27,)
frame=12/41 receiver_sample=9/20 scenario=2026_07_29_02_32_08 timestamp=000082 cavs=[9, 11, 16]
sgcp_constrained receiver=9 policy=all-cavs sources=[9, 11, 16] clusters=20 ra=fullperception_pcs comm_bytes=215728 selected_grids={11: 5, 16: 7}
fusion_method=early pred_boxes=31 gt_boxes=53
pred_scores_shape=(31,)
frame=12/41 receiver_sample=10/20 scenario=2026_07_29_02_32_08 timestamp=000082 cavs=[10]
sgcp_constrained receiver=10 policy=all-cavs sources=[10] clusters=20 ra=fullperception_pcs comm_bytes=0 selected_grids={}
fusion_method=early pred_boxes=23 gt_boxes=69
pred_scores_shape=(23,)
frame=12/41 receiver_sample=11/20 scenario=2026_07_29_02_32_08 timestamp=000082 cavs=[11]
sgcp_constrained receiver=11 policy=all-cavs sources=[11] clusters=20 ra=fullperception_pcs comm_bytes=0 selected_grids={}
fusion_method=early pred_boxes=20 gt_boxes=69
pred_scores_shape=(20,)
frame=12/41 receiver_sample=12/20 scenario=2026_07_29_02_32_08 timestamp=000082 cavs=[12]
sgcp_constrained receiver=12 policy=all-cavs sources=[12] clusters=20 ra=fullperception_pcs comm_bytes=0 selected_grids={}
fusion_method=early pred_boxes=15 gt_boxes=54
pred_scores_shape=(15,)
frame=12/41 receiver_sample=13/20 scenario=2026_07_29_02_32_08 timestamp=000082 cavs=[13]
sgcp_constrained receiver=13 policy=all-cavs sources=[13] clusters=20 ra=fullperception_pcs comm_bytes=0 selected_grids={}
fusion_method=early pred_boxes=12 gt_boxes=56
pred_scores_shape=(12,)
frame=12/41 receiver_sample=14/20 scenario=2026_07_29_02_32_08 timestamp=000082 cavs=[14]
sgcp_constrained receiver=14 policy=all-cavs sources=[14] clusters=20 ra=fullperception_pcs comm_bytes=0 selected_grids={}
fusion_method=early pred_boxes=4 gt_boxes=8
pred_scores_shape=(4,)
frame=12/41 receiver_sample=15/20 scenario=2026_07_29_02_32_08 timestamp=000082 cavs=[15]
sgcp_constrained receiver=15 policy=all-cavs sources=[15] clusters=20 ra=fullperception_pcs comm_bytes=0 selected_grids={}
fusion_method=early pred_boxes=17 gt_boxes=62
pred_scores_shape=(17,)
frame=12/41 receiver_sample=16/20 scenario=2026_07_29_02_32_08 timestamp=000082 cavs=[16]
sgcp_constrained receiver=16 policy=all-cavs sources=[16] clusters=20 ra=fullperception_pcs comm_bytes=0 selected_grids={}
fusion_method=early pred_boxes=27 gt_boxes=70
pred_scores_shape=(27,)
frame=12/41 receiver_sample=17/20 scenario=2026_07_29_02_32_08 timestamp=000082 cavs=[17]
sgcp_constrained receiver=17 policy=all-cavs sources=[17] clusters=20 ra=fullperception_pcs comm_bytes=0 selected_grids={}
fusion_method=early pred_boxes=20 gt_boxes=65
pred_scores_shape=(20,)
frame=12/41 receiver_sample=18/20 scenario=2026_07_29_02_32_08 timestamp=000082 cavs=[18, 3]
sgcp_constrained receiver=18 policy=all-cavs sources=[18, 3] clusters=20 ra=fullperception_pcs comm_bytes=107872 selected_grids={3: 14}
fusion_method=early pred_boxes=19 gt_boxes=43
pred_scores_shape=(19,)
frame=12/41 receiver_sample=19/20 scenario=2026_07_29_02_32_08 timestamp=000082 cavs=[19]
sgcp_constrained receiver=19 policy=all-cavs sources=[19] clusters=20 ra=fullperception_pcs comm_bytes=0 selected_grids={}
fusion_method=early pred_boxes=13 gt_boxes=55
pred_scores_shape=(13,)
frame=12/41 receiver_sample=20/20 scenario=2026_07_29_02_32_08 timestamp=000082 cavs=[20, 10, 19]
sgcp_constrained receiver=20 policy=all-cavs sources=[20, 10, 19] clusters=20 ra=fullperception_pcs comm_bytes=169360 selected_grids={10: 5, 19: 44}
fusion_method=early pred_boxes=29 gt_boxes=60
pred_scores_shape=(29,)
frame=13/41 receiver_sample=1/20 scenario=2026_07_29_02_32_08 timestamp=000084 cavs=[1, 4]
sgcp_constrained receiver=1 policy=all-cavs sources=[1, 4] clusters=20 ra=fullperception_pcs comm_bytes=107856 selected_grids={4: 4}
fusion_method=early pred_boxes=32 gt_boxes=71
pred_scores_shape=(32,)
frame=13/41 receiver_sample=2/20 scenario=2026_07_29_02_32_08 timestamp=000084 cavs=[2]
sgcp_constrained receiver=2 policy=all-cavs sources=[2] clusters=20 ra=fullperception_pcs comm_bytes=0 selected_grids={}
fusion_method=early pred_boxes=21 gt_boxes=71
pred_scores_shape=(21,)
frame=13/41 receiver_sample=3/20 scenario=2026_07_29_02_32_08 timestamp=000084 cavs=[3, 17, 18]
sgcp_constrained receiver=3 policy=all-cavs sources=[3, 17, 18] clusters=20 ra=fullperception_pcs comm_bytes=159264 selected_grids={17: 10, 18: 35}
fusion_method=early pred_boxes=21 gt_boxes=64
pred_scores_shape=(21,)
frame=13/41 receiver_sample=4/20 scenario=2026_07_29_02_32_08 timestamp=000084 cavs=[4]
sgcp_constrained receiver=4 policy=all-cavs sources=[4] clusters=20 ra=fullperception_pcs comm_bytes=0 selected_grids={}
fusion_method=early pred_boxes=19 gt_boxes=71
pred_scores_shape=(19,)
frame=13/41 receiver_sample=5/20 scenario=2026_07_29_02_32_08 timestamp=000084 cavs=[5, 7, 13]
sgcp_constrained receiver=5 policy=all-cavs sources=[5, 7, 13] clusters=20 ra=fullperception_pcs comm_bytes=215728 selected_grids={7: 6, 13: 7}
fusion_method=early pred_boxes=22 gt_boxes=47
pred_scores_shape=(22,)
frame=13/41 receiver_sample=6/20 scenario=2026_07_29_02_32_08 timestamp=000084 cavs=[6, 15]
sgcp_constrained receiver=6 policy=all-cavs sources=[6, 15] clusters=20 ra=fullperception_pcs comm_bytes=9296 selected_grids={15: 8}
fusion_method=early pred_boxes=15 gt_boxes=51
pred_scores_shape=(15,)
frame=13/41 receiver_sample=7/20 scenario=2026_07_29_02_32_08 timestamp=000084 cavs=[7]
sgcp_constrained receiver=7 policy=all-cavs sources=[7] clusters=20 ra=fullperception_pcs comm_bytes=0 selected_grids={}
fusion_method=early pred_boxes=23 gt_boxes=49
pred_scores_shape=(23,)
frame=13/41 receiver_sample=8/20 scenario=2026_07_29_02_32_08 timestamp=000084 cavs=[8]
sgcp_constrained receiver=8 policy=all-cavs sources=[8] clusters=20 ra=fullperception_pcs comm_bytes=0 selected_grids={}
fusion_method=early pred_boxes=23 gt_boxes=48
pred_scores_shape=(23,)
frame=13/41 receiver_sample=9/20 scenario=2026_07_29_02_32_08 timestamp=000084 cavs=[9]
sgcp_constrained receiver=9 policy=all-cavs sources=[9] clusters=20 ra=fullperception_pcs comm_bytes=0 selected_grids={}
fusion_method=early pred_boxes=19 gt_boxes=53
pred_scores_shape=(19,)
frame=13/41 receiver_sample=10/20 scenario=2026_07_29_02_32_08 timestamp=000084 cavs=[10]
sgcp_constrained receiver=10 policy=all-cavs sources=[10] clusters=20 ra=fullperception_pcs comm_bytes=0 selected_grids={}
fusion_method=early pred_boxes=24 gt_boxes=69
pred_scores_shape=(24,)
frame=13/41 receiver_sample=11/20 scenario=2026_07_29_02_32_08 timestamp=000084 cavs=[11, 8]
sgcp_constrained receiver=11 policy=all-cavs sources=[11, 8] clusters=20 ra=fullperception_pcs comm_bytes=29904 selected_grids={8: 23}
fusion_method=early pred_boxes=24 gt_boxes=69
pred_scores_shape=(24,)
frame=13/41 receiver_sample=12/20 scenario=2026_07_29_02_32_08 timestamp=000084 cavs=[12]
sgcp_constrained receiver=12 policy=all-cavs sources=[12] clusters=20 ra=fullperception_pcs comm_bytes=0 selected_grids={}
fusion_method=early pred_boxes=14 gt_boxes=53
pred_scores_shape=(14,)
frame=13/41 receiver_sample=13/20 scenario=2026_07_29_02_32_08 timestamp=000084 cavs=[13]
sgcp_constrained receiver=13 policy=all-cavs sources=[13] clusters=20 ra=fullperception_pcs comm_bytes=0 selected_grids={}
fusion_method=early pred_boxes=12 gt_boxes=56
pred_scores_shape=(12,)
frame=13/41 receiver_sample=14/20 scenario=2026_07_29_02_32_08 timestamp=000084 cavs=[14]
sgcp_constrained receiver=14 policy=all-cavs sources=[14] clusters=20 ra=fullperception_pcs comm_bytes=0 selected_grids={}Format = auto
Extension = pcd
Format = auto
Extension = pcd
Format = auto
Extension = pcd
Format = auto
Extension = pcd
Format = auto
Extension = pcd
Format = auto
Extension = pcd
Format = auto
Extension = pcd
Format = auto
Extension = pcd
Format = auto
Extension = pcd
Format = auto
Extension = pcd
Format = auto
Extension = pcd
Format = auto
Extension = pcd
Format = auto
Extension = pcd
Format = auto
Extension = pcd
Format = auto
Extension = pcd
Format = auto
Extension = pcd
Format = auto
Extension = pcd
Format = auto
Extension = pcd
Format = auto
Extension = pcd
Format = auto
Extension = pcd
Format = auto
Extension = pcd
Format = auto
Extension = pcd
Format = auto
Extension = pcd
Format = auto
Extension = pcd
Format = auto
Extension = pcd
Format = auto
Extension = pcd
Format = auto
Extension = pcd
Format = auto
Extension = pcd
Format = auto
Extension = pcd
Format = auto
Extension = pcd
Format = auto
Extension = pcd
Format = auto
Extension = pcd
Format = auto
Extension = pcd
Format = auto
Extension = pcd
Format = auto
Extension = pcd
Format = auto
Extension = pcd
Format = auto
Extension = pcd
Format = auto
Extension = pcd
Format = auto
Extension = pcd
Format = auto
Extension = pcd

fusion_method=early pred_boxes=4 gt_boxes=8
pred_scores_shape=(4,)
frame=13/41 receiver_sample=15/20 scenario=2026_07_29_02_32_08 timestamp=000084 cavs=[15]
sgcp_constrained receiver=15 policy=all-cavs sources=[15] clusters=20 ra=fullperception_pcs comm_bytes=0 selected_grids={}
fusion_method=early pred_boxes=16 gt_boxes=60
pred_scores_shape=(16,)
frame=13/41 receiver_sample=16/20 scenario=2026_07_29_02_32_08 timestamp=000084 cavs=[16]
sgcp_constrained receiver=16 policy=all-cavs sources=[16] clusters=20 ra=fullperception_pcs comm_bytes=0 selected_grids={}
fusion_method=early pred_boxes=25 gt_boxes=71
pred_scores_shape=(25,)
frame=13/41 receiver_sample=17/20 scenario=2026_07_29_02_32_08 timestamp=000084 cavs=[17]
sgcp_constrained receiver=17 policy=all-cavs sources=[17] clusters=20 ra=fullperception_pcs comm_bytes=0 selected_grids={}
fusion_method=early pred_boxes=18 gt_boxes=65
pred_scores_shape=(18,)
frame=13/41 receiver_sample=18/20 scenario=2026_07_29_02_32_08 timestamp=000084 cavs=[18]
sgcp_constrained receiver=18 policy=all-cavs sources=[18] clusters=20 ra=fullperception_pcs comm_bytes=0 selected_grids={}
fusion_method=early pred_boxes=14 gt_boxes=42
pred_scores_shape=(14,)
frame=13/41 receiver_sample=19/20 scenario=2026_07_29_02_32_08 timestamp=000084 cavs=[19]
sgcp_constrained receiver=19 policy=all-cavs sources=[19] clusters=20 ra=fullperception_pcs comm_bytes=0 selected_grids={}
fusion_method=early pred_boxes=16 gt_boxes=55
pred_scores_shape=(16,)
frame=13/41 receiver_sample=20/20 scenario=2026_07_29_02_32_08 timestamp=000084 cavs=[20, 9, 10]
sgcp_constrained receiver=20 policy=all-cavs sources=[20, 9, 10] clusters=20 ra=fullperception_pcs comm_bytes=215744 selected_grids={9: 5, 10: 7}
fusion_method=early pred_boxes=26 gt_boxes=60
pred_scores_shape=(26,)
frame=14/41 receiver_sample=1/20 scenario=2026_07_29_02_32_08 timestamp=000086 cavs=[1, 4]
sgcp_constrained receiver=1 policy=all-cavs sources=[1, 4] clusters=20 ra=fullperception_pcs comm_bytes=107872 selected_grids={4: 6}
fusion_method=early pred_boxes=30 gt_boxes=71
pred_scores_shape=(30,)
frame=14/41 receiver_sample=2/20 scenario=2026_07_29_02_32_08 timestamp=000086 cavs=[2]
sgcp_constrained receiver=2 policy=all-cavs sources=[2] clusters=20 ra=fullperception_pcs comm_bytes=0 selected_grids={}
fusion_method=early pred_boxes=19 gt_boxes=71
pred_scores_shape=(19,)
frame=14/41 receiver_sample=3/20 scenario=2026_07_29_02_32_08 timestamp=000086 cavs=[3, 16, 18]
sgcp_constrained receiver=3 policy=all-cavs sources=[3, 16, 18] clusters=20 ra=fullperception_pcs comm_bytes=160032 selected_grids={16: 5, 18: 35}
fusion_method=early pred_boxes=20 gt_boxes=63
pred_scores_shape=(20,)
frame=14/41 receiver_sample=4/20 scenario=2026_07_29_02_32_08 timestamp=000086 cavs=[4]
sgcp_constrained receiver=4 policy=all-cavs sources=[4] clusters=20 ra=fullperception_pcs comm_bytes=0 selected_grids={}
fusion_method=early pred_boxes=20 gt_boxes=70
pred_scores_shape=(20,)
frame=14/41 receiver_sample=5/20 scenario=2026_07_29_02_32_08 timestamp=000086 cavs=[5, 7, 13]
sgcp_constrained receiver=5 policy=all-cavs sources=[5, 7, 13] clusters=20 ra=fullperception_pcs comm_bytes=215744 selected_grids={7: 7, 13: 8}
fusion_method=early pred_boxes=25 gt_boxes=47
pred_scores_shape=(25,)
frame=14/41 receiver_sample=6/20 scenario=2026_07_29_02_32_08 timestamp=000086 cavs=[6, 15]
sgcp_constrained receiver=6 policy=all-cavs sources=[6, 15] clusters=20 ra=fullperception_pcs comm_bytes=9728 selected_grids={15: 8}
fusion_method=early pred_boxes=16 gt_boxes=52
pred_scores_shape=(16,)
frame=14/41 receiver_sample=7/20 scenario=2026_07_29_02_32_08 timestamp=000086 cavs=[7]
sgcp_constrained receiver=7 policy=all-cavs sources=[7] clusters=20 ra=fullperception_pcs comm_bytes=0 selected_grids={}
fusion_method=early pred_boxes=22 gt_boxes=49
pred_scores_shape=(22,)
frame=14/41 receiver_sample=8/20 scenario=2026_07_29_02_32_08 timestamp=000086 cavs=[8]
sgcp_constrained receiver=8 policy=all-cavs sources=[8] clusters=20 ra=fullperception_pcs comm_bytes=0 selected_grids={}
fusion_method=early pred_boxes=23 gt_boxes=47
pred_scores_shape=(23,)
frame=14/41 receiver_sample=9/20 scenario=2026_07_29_02_32_08 timestamp=000086 cavs=[9]
sgcp_constrained receiver=9 policy=all-cavs sources=[9] clusters=20 ra=fullperception_pcs comm_bytes=0 selected_grids={}
fusion_method=early pred_boxes=19 gt_boxes=54
pred_scores_shape=(19,)
frame=14/41 receiver_sample=10/20 scenario=2026_07_29_02_32_08 timestamp=000086 cavs=[10]
sgcp_constrained receiver=10 policy=all-cavs sources=[10] clusters=20 ra=fullperception_pcs comm_bytes=0 selected_grids={}
fusion_method=early pred_boxes=25 gt_boxes=68
pred_scores_shape=(25,)
frame=14/41 receiver_sample=11/20 scenario=2026_07_29_02_32_08 timestamp=000086 cavs=[11, 8]
sgcp_constrained receiver=11 policy=all-cavs sources=[11, 8] clusters=20 ra=fullperception_pcs comm_bytes=29904 selected_grids={8: 23}
fusion_method=early pred_boxes=25 gt_boxes=68
pred_scores_shape=(25,)
frame=14/41 receiver_sample=12/20 scenario=2026_07_29_02_32_08 timestamp=000086 cavs=[12]
sgcp_constrained receiver=12 policy=all-cavs sources=[12] clusters=20 ra=fullperception_pcs comm_bytes=0 selected_grids={}
fusion_method=early pred_boxes=12 gt_boxes=53
pred_scores_shape=(12,)
frame=14/41 receiver_sample=13/20 scenario=2026_07_29_02_32_08 timestamp=000086 cavs=[13]
sgcp_constrained receiver=13 policy=all-cavs sources=[13] clusters=20 ra=fullperception_pcs comm_bytes=0 selected_grids={}
fusion_method=early pred_boxes=13 gt_boxes=56
pred_scores_shape=(13,)
frame=14/41 receiver_sample=14/20 scenario=2026_07_29_02_32_08 timestamp=000086 cavs=[14]
sgcp_constrained receiver=14 policy=all-cavs sources=[14] clusters=20 ra=fullperception_pcs comm_bytes=0 selected_grids={}
fusion_method=early pred_boxes=5 gt_boxes=8
pred_scores_shape=(5,)
frame=14/41 receiver_sample=15/20 scenario=2026_07_29_02_32_08 timestamp=000086 cavs=[15]
sgcp_constrained receiver=15 policy=all-cavs sources=[15] clusters=20 ra=fullperception_pcs comm_bytes=0 selected_grids={}
fusion_method=early pred_boxes=16 gt_boxes=61
pred_scores_shape=(16,)
frame=14/41 receiver_sample=16/20 scenario=2026_07_29_02_32_08 timestamp=000086 cavs=[16]
sgcp_constrained receiver=16 policy=all-cavs sources=[16] clusters=20 ra=fullperception_pcs comm_bytes=0 selected_grids={}
fusion_method=early pred_boxes=23 gt_boxes=71
pred_scores_shape=(23,)
frame=14/41 receiver_sample=17/20 scenario=2026_07_29_02_32_08 timestamp=000086 cavs=[17]
sgcp_constrained receiver=17 policy=all-cavs sources=[17] clusters=20 ra=fullperception_pcs comm_bytes=0 selected_grids={}
fusion_method=early pred_boxes=20 gt_boxes=65
pred_scores_shape=(20,)
frame=14/41 receiver_sample=18/20 scenario=2026_07_29_02_32_08 timestamp=000086 cavs=[18]
sgcp_constrained receiver=18 policy=all-cavs sources=[18] clusters=20 ra=fullperception_pcs comm_bytes=0 selected_grids={}
fusion_method=early pred_boxes=14 gt_boxes=41
pred_scores_shape=(14,)
frame=14/41 receiver_sample=19/20 scenario=2026_07_29_02_32_08 timestamp=000086 cavs=[19]
sgcp_constrained receiver=19 policy=all-cavs sources=[19] clusters=20 ra=fullperception_pcs comm_bytes=0 selected_grids={}
fusion_method=early pred_boxes=14 gt_boxes=55
pred_scores_shape=(14,)
frame=14/41 receiver_sample=20/20 scenario=2026_07_29_02_32_08 timestamp=000086 cavs=[20, 9, 10]
sgcp_constrained receiver=20 policy=all-cavs sources=[20, 9, 10] clusters=20 ra=fullperception_pcs comm_bytes=215744 selected_grids={9: 5, 10: 6}
fusion_method=early pred_boxes=28 gt_boxes=60
pred_scores_shape=(28,)
frame=15/41 receiver_sample=1/20 scenario=2026_07_29_02_32_08 timestamp=000088 cavs=[1, 4]
sgcp_constrained receiver=1 policy=all-cavs sources=[1, 4] clusters=20 ra=fullperception_pcs comm_bytes=107872 selected_grids={4: 4}
fusion_method=early pred_boxes=28 gt_boxes=71
pred_scores_shape=(28,)
frame=15/41 receiver_sample=2/20 scenario=2026_07_29_02_32_08 timestamp=000088 cavs=[2]
sgcp_constrained receiver=2 policy=all-cavs sources=[2] clusters=20 ra=fullperception_pcs comm_bytes=0 selected_grids={}
fusion_method=early pred_boxes=19 gt_boxes=71Format = auto
Extension = pcd
Format = auto
Extension = pcd
Format = auto
Extension = pcd
Format = auto
Extension = pcd
Format = auto
Extension = pcd
Format = auto
Extension = pcd
Format = auto
Extension = pcd
Format = auto
Extension = pcd
Format = auto
Extension = pcd
Format = auto
Extension = pcd
Format = auto
Extension = pcd
Format = auto
Extension = pcd
Format = auto
Extension = pcd
Format = auto
Extension = pcd
Format = auto
Extension = pcd
Format = auto
Extension = pcd
Format = auto
Extension = pcd
Format = auto
Extension = pcd
Format = auto
Extension = pcd
Format = auto
Extension = pcd

pred_scores_shape=(19,)
frame=15/41 receiver_sample=3/20 scenario=2026_07_29_02_32_08 timestamp=000088 cavs=[3, 17, 18]
sgcp_constrained receiver=3 policy=all-cavs sources=[3, 17, 18] clusters=20 ra=fullperception_pcs comm_bytes=106192 selected_grids={17: 25, 18: 36}
fusion_method=early pred_boxes=24 gt_boxes=63
pred_scores_shape=(24,)
frame=15/41 receiver_sample=4/20 scenario=2026_07_29_02_32_08 timestamp=000088 cavs=[4]
sgcp_constrained receiver=4 policy=all-cavs sources=[4] clusters=20 ra=fullperception_pcs comm_bytes=0 selected_grids={}
fusion_method=early pred_boxes=19 gt_boxes=70
pred_scores_shape=(19,)
frame=15/41 receiver_sample=5/20 scenario=2026_07_29_02_32_08 timestamp=000088 cavs=[5, 7, 13]
sgcp_constrained receiver=5 policy=all-cavs sources=[5, 7, 13] clusters=20 ra=fullperception_pcs comm_bytes=215744 selected_grids={7: 6, 13: 6}
fusion_method=early pred_boxes=23 gt_boxes=47
pred_scores_shape=(23,)
frame=15/41 receiver_sample=6/20 scenario=2026_07_29_02_32_08 timestamp=000088 cavs=[6, 15]
sgcp_constrained receiver=6 policy=all-cavs sources=[6, 15] clusters=20 ra=fullperception_pcs comm_bytes=11616 selected_grids={15: 9}
fusion_method=early pred_boxes=15 gt_boxes=51
pred_scores_shape=(15,)
frame=15/41 receiver_sample=7/20 scenario=2026_07_29_02_32_08 timestamp=000088 cavs=[7]
sgcp_constrained receiver=7 policy=all-cavs sources=[7] clusters=20 ra=fullperception_pcs comm_bytes=0 selected_grids={}
fusion_method=early pred_boxes=24 gt_boxes=48
pred_scores_shape=(24,)
frame=15/41 receiver_sample=8/20 scenario=2026_07_29_02_32_08 timestamp=000088 cavs=[8]
sgcp_constrained receiver=8 policy=all-cavs sources=[8] clusters=20 ra=fullperception_pcs comm_bytes=0 selected_grids={}
fusion_method=early pred_boxes=25 gt_boxes=47
pred_scores_shape=(25,)
frame=15/41 receiver_sample=9/20 scenario=2026_07_29_02_32_08 timestamp=000088 cavs=[9, 11, 16]
sgcp_constrained receiver=9 policy=all-cavs sources=[9, 11, 16] clusters=20 ra=fullperception_pcs comm_bytes=215712 selected_grids={11: 5, 16: 4}
fusion_method=early pred_boxes=28 gt_boxes=54
pred_scores_shape=(28,)
frame=15/41 receiver_sample=10/20 scenario=2026_07_29_02_32_08 timestamp=000088 cavs=[10]
sgcp_constrained receiver=10 policy=all-cavs sources=[10] clusters=20 ra=fullperception_pcs comm_bytes=0 selected_grids={}
fusion_method=early pred_boxes=23 gt_boxes=67
pred_scores_shape=(23,)
frame=15/41 receiver_sample=11/20 scenario=2026_07_29_02_32_08 timestamp=000088 cavs=[11]
sgcp_constrained receiver=11 policy=all-cavs sources=[11] clusters=20 ra=fullperception_pcs comm_bytes=0 selected_grids={}
fusion_method=early pred_boxes=21 gt_boxes=68
pred_scores_shape=(21,)
frame=15/41 receiver_sample=12/20 scenario=2026_07_29_02_32_08 timestamp=000088 cavs=[12, 8]
sgcp_constrained receiver=12 policy=all-cavs sources=[12, 8] clusters=20 ra=fullperception_pcs comm_bytes=55152 selected_grids={8: 36}
fusion_method=early pred_boxes=26 gt_boxes=53
pred_scores_shape=(26,)
frame=15/41 receiver_sample=13/20 scenario=2026_07_29_02_32_08 timestamp=000088 cavs=[13]
sgcp_constrained receiver=13 policy=all-cavs sources=[13] clusters=20 ra=fullperception_pcs comm_bytes=0 selected_grids={}
fusion_method=early pred_boxes=12 gt_boxes=56
pred_scores_shape=(12,)
frame=15/41 receiver_sample=14/20 scenario=2026_07_29_02_32_08 timestamp=000088 cavs=[14]
sgcp_constrained receiver=14 policy=all-cavs sources=[14] clusters=20 ra=fullperception_pcs comm_bytes=0 selected_grids={}
fusion_method=early pred_boxes=4 gt_boxes=9
pred_scores_shape=(4,)
frame=15/41 receiver_sample=15/20 scenario=2026_07_29_02_32_08 timestamp=000088 cavs=[15]
sgcp_constrained receiver=15 policy=all-cavs sources=[15] clusters=20 ra=fullperception_pcs comm_bytes=0 selected_grids={}
fusion_method=early pred_boxes=15 gt_boxes=61
pred_scores_shape=(15,)
frame=15/41 receiver_sample=16/20 scenario=2026_07_29_02_32_08 timestamp=000088 cavs=[16]
sgcp_constrained receiver=16 policy=all-cavs sources=[16] clusters=20 ra=fullperception_pcs comm_bytes=0 selected_grids={}
fusion_method=early pred_boxes=25 gt_boxes=71
pred_scores_shape=(25,)
frame=15/41 receiver_sample=17/20 scenario=2026_07_29_02_32_08 timestamp=000088 cavs=[17]
sgcp_constrained receiver=17 policy=all-cavs sources=[17] clusters=20 ra=fullperception_pcs comm_bytes=0 selected_grids={}
fusion_method=early pred_boxes=20 gt_boxes=65
pred_scores_shape=(20,)
frame=15/41 receiver_sample=18/20 scenario=2026_07_29_02_32_08 timestamp=000088 cavs=[18]
sgcp_constrained receiver=18 policy=all-cavs sources=[18] clusters=20 ra=fullperception_pcs comm_bytes=0 selected_grids={}
fusion_method=early pred_boxes=15 gt_boxes=41
pred_scores_shape=(15,)
frame=15/41 receiver_sample=19/20 scenario=2026_07_29_02_32_08 timestamp=000088 cavs=[19]
sgcp_constrained receiver=19 policy=all-cavs sources=[19] clusters=20 ra=fullperception_pcs comm_bytes=0 selected_grids={}
fusion_method=early pred_boxes=16 gt_boxes=55
pred_scores_shape=(16,)
frame=15/41 receiver_sample=20/20 scenario=2026_07_29_02_32_08 timestamp=000088 cavs=[20, 10, 19]
sgcp_constrained receiver=20 policy=all-cavs sources=[20, 10, 19] clusters=20 ra=fullperception_pcs comm_bytes=169408 selected_grids={10: 5, 19: 46}
fusion_method=early pred_boxes=30 gt_boxes=60
pred_scores_shape=(30,)
frame=16/41 receiver_sample=1/20 scenario=2026_07_29_02_32_08 timestamp=000090 cavs=[1, 4]
sgcp_constrained receiver=1 policy=all-cavs sources=[1, 4] clusters=20 ra=fullperception_pcs comm_bytes=107856 selected_grids={4: 4}
fusion_method=early pred_boxes=27 gt_boxes=72
pred_scores_shape=(27,)
frame=16/41 receiver_sample=2/20 scenario=2026_07_29_02_32_08 timestamp=000090 cavs=[2]
sgcp_constrained receiver=2 policy=all-cavs sources=[2] clusters=20 ra=fullperception_pcs comm_bytes=0 selected_grids={}
fusion_method=early pred_boxes=19 gt_boxes=71
pred_scores_shape=(19,)
frame=16/41 receiver_sample=3/20 scenario=2026_07_29_02_32_08 timestamp=000090 cavs=[3, 17, 18]
sgcp_constrained receiver=3 policy=all-cavs sources=[3, 17, 18] clusters=20 ra=fullperception_pcs comm_bytes=161056 selected_grids={17: 8, 18: 35}
fusion_method=early pred_boxes=20 gt_boxes=63
pred_scores_shape=(20,)
frame=16/41 receiver_sample=4/20 scenario=2026_07_29_02_32_08 timestamp=000090 cavs=[4]
sgcp_constrained receiver=4 policy=all-cavs sources=[4] clusters=20 ra=fullperception_pcs comm_bytes=0 selected_grids={}
fusion_method=early pred_boxes=20 gt_boxes=69
pred_scores_shape=(20,)
frame=16/41 receiver_sample=5/20 scenario=2026_07_29_02_32_08 timestamp=000090 cavs=[5, 7, 13]
sgcp_constrained receiver=5 policy=all-cavs sources=[5, 7, 13] clusters=20 ra=fullperception_pcs comm_bytes=215744 selected_grids={7: 6, 13: 6}
fusion_method=early pred_boxes=22 gt_boxes=47
pred_scores_shape=(22,)
frame=16/41 receiver_sample=6/20 scenario=2026_07_29_02_32_08 timestamp=000090 cavs=[6, 15]
sgcp_constrained receiver=6 policy=all-cavs sources=[6, 15] clusters=20 ra=fullperception_pcs comm_bytes=55216 selected_grids={15: 10}
fusion_method=early pred_boxes=18 gt_boxes=52
pred_scores_shape=(18,)
frame=16/41 receiver_sample=7/20 scenario=2026_07_29_02_32_08 timestamp=000090 cavs=[7]
sgcp_constrained receiver=7 policy=all-cavs sources=[7] clusters=20 ra=fullperception_pcs comm_bytes=0 selected_grids={}
fusion_method=early pred_boxes=23 gt_boxes=47
pred_scores_shape=(23,)
frame=16/41 receiver_sample=8/20 scenario=2026_07_29_02_32_08 timestamp=000090 cavs=[8]
sgcp_constrained receiver=8 policy=all-cavs sources=[8] clusters=20 ra=fullperception_pcs comm_bytes=0 selected_grids={}
fusion_method=early pred_boxes=24 gt_boxes=47
pred_scores_shape=(24,)
frame=16/41 receiver_sample=9/20 scenario=2026_07_29_02_32_08 timestamp=000090 cavs=[9]
sgcp_constrained receiver=9 policy=all-cavs sources=[9] clusters=20 ra=fullperception_pcs comm_bytes=0 selected_grids={}
fusion_method=early pred_boxes=19 gt_boxes=54
pred_scores_shape=(19,)
frame=16/41 receiver_sample=10/20 scenario=2026_07_29_02_32_08 timestamp=000090 cavs=[10]
sgcp_constrained receiver=10 policy=all-cavs sources=[10] clusters=20 ra=fullperception_pcs comm_bytes=0 selected_grids={}
fusion_method=early pred_boxes=23 gt_boxes=68Format = auto
Extension = pcd
Format = auto
Extension = pcd
Format = auto
Extension = pcd
Format = auto
Extension = pcd
Format = auto
Extension = pcd
Format = auto
Extension = pcd
Format = auto
Extension = pcd
Format = auto
Extension = pcd
Format = auto
Extension = pcd
Format = auto
Extension = pcd
Format = auto
Extension = pcd
Format = auto
Extension = pcd
Format = auto
Extension = pcd
Format = auto
Extension = pcd
Format = auto
Extension = pcd
Format = auto
Extension = pcd
Format = auto
Extension = pcd
Format = auto
Extension = pcd
Format = auto
Extension = pcd
Format = auto
Extension = pcd

pred_scores_shape=(23,)
frame=16/41 receiver_sample=11/20 scenario=2026_07_29_02_32_08 timestamp=000090 cavs=[11]
sgcp_constrained receiver=11 policy=all-cavs sources=[11] clusters=20 ra=fullperception_pcs comm_bytes=0 selected_grids={}
fusion_method=early pred_boxes=22 gt_boxes=68
pred_scores_shape=(22,)
frame=16/41 receiver_sample=12/20 scenario=2026_07_29_02_32_08 timestamp=000090 cavs=[12, 8]
sgcp_constrained receiver=12 policy=all-cavs sources=[12, 8] clusters=20 ra=fullperception_pcs comm_bytes=55136 selected_grids={8: 36}
fusion_method=early pred_boxes=24 gt_boxes=53
pred_scores_shape=(24,)
frame=16/41 receiver_sample=13/20 scenario=2026_07_29_02_32_08 timestamp=000090 cavs=[13]
sgcp_constrained receiver=13 policy=all-cavs sources=[13] clusters=20 ra=fullperception_pcs comm_bytes=0 selected_grids={}
fusion_method=early pred_boxes=12 gt_boxes=56
pred_scores_shape=(12,)
frame=16/41 receiver_sample=14/20 scenario=2026_07_29_02_32_08 timestamp=000090 cavs=[14]
sgcp_constrained receiver=14 policy=all-cavs sources=[14] clusters=20 ra=fullperception_pcs comm_bytes=0 selected_grids={}
fusion_method=early pred_boxes=3 gt_boxes=9
pred_scores_shape=(3,)
frame=16/41 receiver_sample=15/20 scenario=2026_07_29_02_32_08 timestamp=000090 cavs=[15]
sgcp_constrained receiver=15 policy=all-cavs sources=[15] clusters=20 ra=fullperception_pcs comm_bytes=0 selected_grids={}
fusion_method=early pred_boxes=15 gt_boxes=61
pred_scores_shape=(15,)
frame=16/41 receiver_sample=16/20 scenario=2026_07_29_02_32_08 timestamp=000090 cavs=[16]
sgcp_constrained receiver=16 policy=all-cavs sources=[16] clusters=20 ra=fullperception_pcs comm_bytes=0 selected_grids={}
fusion_method=early pred_boxes=26 gt_boxes=69
pred_scores_shape=(26,)
frame=16/41 receiver_sample=17/20 scenario=2026_07_29_02_32_08 timestamp=000090 cavs=[17]
sgcp_constrained receiver=17 policy=all-cavs sources=[17] clusters=20 ra=fullperception_pcs comm_bytes=0 selected_grids={}
fusion_method=early pred_boxes=20 gt_boxes=65
pred_scores_shape=(20,)
frame=16/41 receiver_sample=18/20 scenario=2026_07_29_02_32_08 timestamp=000090 cavs=[18]
sgcp_constrained receiver=18 policy=all-cavs sources=[18] clusters=20 ra=fullperception_pcs comm_bytes=0 selected_grids={}
fusion_method=early pred_boxes=14 gt_boxes=41
pred_scores_shape=(14,)
frame=16/41 receiver_sample=19/20 scenario=2026_07_29_02_32_08 timestamp=000090 cavs=[19]
sgcp_constrained receiver=19 policy=all-cavs sources=[19] clusters=20 ra=fullperception_pcs comm_bytes=0 selected_grids={}
fusion_method=early pred_boxes=15 gt_boxes=55
pred_scores_shape=(15,)
frame=16/41 receiver_sample=20/20 scenario=2026_07_29_02_32_08 timestamp=000090 cavs=[20, 9, 10]
sgcp_constrained receiver=20 policy=all-cavs sources=[20, 9, 10] clusters=20 ra=fullperception_pcs comm_bytes=215728 selected_grids={9: 5, 10: 6}
fusion_method=early pred_boxes=27 gt_boxes=60
pred_scores_shape=(27,)
frame=17/41 receiver_sample=1/20 scenario=2026_07_29_02_32_08 timestamp=000092 cavs=[1, 4]
sgcp_constrained receiver=1 policy=all-cavs sources=[1, 4] clusters=20 ra=fullperception_pcs comm_bytes=107856 selected_grids={4: 5}
fusion_method=early pred_boxes=24 gt_boxes=72
pred_scores_shape=(24,)
frame=17/41 receiver_sample=2/20 scenario=2026_07_29_02_32_08 timestamp=000092 cavs=[2]
sgcp_constrained receiver=2 policy=all-cavs sources=[2] clusters=20 ra=fullperception_pcs comm_bytes=0 selected_grids={}
fusion_method=early pred_boxes=19 gt_boxes=71
pred_scores_shape=(19,)
frame=17/41 receiver_sample=3/20 scenario=2026_07_29_02_32_08 timestamp=000092 cavs=[3, 17, 18]
sgcp_constrained receiver=3 policy=all-cavs sources=[3, 17, 18] clusters=20 ra=fullperception_pcs comm_bytes=153040 selected_grids={17: 7, 18: 38}
fusion_method=early pred_boxes=18 gt_boxes=63
pred_scores_shape=(18,)
frame=17/41 receiver_sample=4/20 scenario=2026_07_29_02_32_08 timestamp=000092 cavs=[4]
sgcp_constrained receiver=4 policy=all-cavs sources=[4] clusters=20 ra=fullperception_pcs comm_bytes=0 selected_grids={}
fusion_method=early pred_boxes=19 gt_boxes=69
pred_scores_shape=(19,)
frame=17/41 receiver_sample=5/20 scenario=2026_07_29_02_32_08 timestamp=000092 cavs=[5, 7, 13]
sgcp_constrained receiver=5 policy=all-cavs sources=[5, 7, 13] clusters=20 ra=fullperception_pcs comm_bytes=215744 selected_grids={7: 5, 13: 6}
fusion_method=early pred_boxes=22 gt_boxes=47
pred_scores_shape=(22,)
frame=17/41 receiver_sample=6/20 scenario=2026_07_29_02_32_08 timestamp=000092 cavs=[6, 15]
sgcp_constrained receiver=6 policy=all-cavs sources=[6, 15] clusters=20 ra=fullperception_pcs comm_bytes=9536 selected_grids={15: 8}
fusion_method=early pred_boxes=18 gt_boxes=52
pred_scores_shape=(18,)
frame=17/41 receiver_sample=7/20 scenario=2026_07_29_02_32_08 timestamp=000092 cavs=[7]
sgcp_constrained receiver=7 policy=all-cavs sources=[7] clusters=20 ra=fullperception_pcs comm_bytes=0 selected_grids={}
fusion_method=early pred_boxes=23 gt_boxes=47
pred_scores_shape=(23,)
frame=17/41 receiver_sample=8/20 scenario=2026_07_29_02_32_08 timestamp=000092 cavs=[8]
sgcp_constrained receiver=8 policy=all-cavs sources=[8] clusters=20 ra=fullperception_pcs comm_bytes=0 selected_grids={}
fusion_method=early pred_boxes=23 gt_boxes=47
pred_scores_shape=(23,)
frame=17/41 receiver_sample=9/20 scenario=2026_07_29_02_32_08 timestamp=000092 cavs=[9]
sgcp_constrained receiver=9 policy=all-cavs sources=[9] clusters=20 ra=fullperception_pcs comm_bytes=0 selected_grids={}
fusion_method=early pred_boxes=20 gt_boxes=54
pred_scores_shape=(20,)
frame=17/41 receiver_sample=10/20 scenario=2026_07_29_02_32_08 timestamp=000092 cavs=[10]
sgcp_constrained receiver=10 policy=all-cavs sources=[10] clusters=20 ra=fullperception_pcs comm_bytes=0 selected_grids={}
fusion_method=early pred_boxes=24 gt_boxes=68
pred_scores_shape=(24,)
frame=17/41 receiver_sample=11/20 scenario=2026_07_29_02_32_08 timestamp=000092 cavs=[11]
sgcp_constrained receiver=11 policy=all-cavs sources=[11] clusters=20 ra=fullperception_pcs comm_bytes=0 selected_grids={}
fusion_method=early pred_boxes=19 gt_boxes=68
pred_scores_shape=(19,)
frame=17/41 receiver_sample=12/20 scenario=2026_07_29_02_32_08 timestamp=000092 cavs=[12, 8]
sgcp_constrained receiver=12 policy=all-cavs sources=[12, 8] clusters=20 ra=fullperception_pcs comm_bytes=55088 selected_grids={8: 36}
fusion_method=early pred_boxes=25 gt_boxes=53
pred_scores_shape=(25,)
frame=17/41 receiver_sample=13/20 scenario=2026_07_29_02_32_08 timestamp=000092 cavs=[13]
sgcp_constrained receiver=13 policy=all-cavs sources=[13] clusters=20 ra=fullperception_pcs comm_bytes=0 selected_grids={}
fusion_method=early pred_boxes=11 gt_boxes=56
pred_scores_shape=(11,)
frame=17/41 receiver_sample=14/20 scenario=2026_07_29_02_32_08 timestamp=000092 cavs=[14]
sgcp_constrained receiver=14 policy=all-cavs sources=[14] clusters=20 ra=fullperception_pcs comm_bytes=0 selected_grids={}
fusion_method=early pred_boxes=4 gt_boxes=9
pred_scores_shape=(4,)
frame=17/41 receiver_sample=15/20 scenario=2026_07_29_02_32_08 timestamp=000092 cavs=[15]
sgcp_constrained receiver=15 policy=all-cavs sources=[15] clusters=20 ra=fullperception_pcs comm_bytes=0 selected_grids={}
fusion_method=early pred_boxes=14 gt_boxes=61
pred_scores_shape=(14,)
frame=17/41 receiver_sample=16/20 scenario=2026_07_29_02_32_08 timestamp=000092 cavs=[16]
sgcp_constrained receiver=16 policy=all-cavs sources=[16] clusters=20 ra=fullperception_pcs comm_bytes=0 selected_grids={}
fusion_method=early pred_boxes=24 gt_boxes=69
pred_scores_shape=(24,)
frame=17/41 receiver_sample=17/20 scenario=2026_07_29_02_32_08 timestamp=000092 cavs=[17]
sgcp_constrained receiver=17 policy=all-cavs sources=[17] clusters=20 ra=fullperception_pcs comm_bytes=0 selected_grids={}
fusion_method=early pred_boxes=20 gt_boxes=65
pred_scores_shape=(20,)
frame=17/41 receiver_sample=18/20 scenario=2026_07_29_02_32_08 timestamp=000092 cavs=[18]
sgcp_constrained receiver=18 policy=all-cavs sources=[18] clusters=20 ra=fullperception_pcs comm_bytes=0 selected_grids={}
fusion_method=early pred_boxes=14 gt_boxes=40
pred_scores_shape=(14,)
frame=17/41 receiver_sample=19/20 scenario=2026_07_29_02_32_08 timestamp=000092 cavs=[19]Format = auto
Extension = pcd
Format = auto
Extension = pcd
Format = auto
Extension = pcd
Format = auto
Extension = pcd
Format = auto
Extension = pcd
Format = auto
Extension = pcd
Format = auto
Extension = pcd
Format = auto
Extension = pcd
Format = auto
Extension = pcd
Format = auto
Extension = pcd
Format = auto
Extension = pcd
Format = auto
Extension = pcd
Format = auto
Extension = pcd
Format = auto
Extension = pcd
Format = auto
Extension = pcd
Format = auto
Extension = pcd
Format = auto
Extension = pcd
Format = auto
Extension = pcd
Format = auto
Extension = pcd
Format = auto
Extension = pcd
Format = auto
Extension = pcd
Format = auto
Extension = pcd
Format = auto
Extension = pcd
Format = auto
Extension = pcd
Format = auto
Extension = pcd
Format = auto
Extension = pcd
Format = auto
Extension = pcd
Format = auto
Extension = pcd
Format = auto
Extension = pcd
Format = auto
Extension = pcd
Format = auto
Extension = pcd
Format = auto
Extension = pcd
Format = auto
Extension = pcd
Format = auto
Extension = pcd
Format = auto
Extension = pcd
Format = auto
Extension = pcd
Format = auto
Extension = pcd
Format = auto
Extension = pcd
Format = auto
Extension = pcd
Format = auto
Extension = pcd

sgcp_constrained receiver=19 policy=all-cavs sources=[19] clusters=20 ra=fullperception_pcs comm_bytes=0 selected_grids={}
fusion_method=early pred_boxes=15 gt_boxes=56
pred_scores_shape=(15,)
frame=17/41 receiver_sample=20/20 scenario=2026_07_29_02_32_08 timestamp=000092 cavs=[20, 9, 10]
sgcp_constrained receiver=20 policy=all-cavs sources=[20, 9, 10] clusters=20 ra=fullperception_pcs comm_bytes=215744 selected_grids={9: 5, 10: 5}
fusion_method=early pred_boxes=27 gt_boxes=59
pred_scores_shape=(27,)
frame=18/41 receiver_sample=1/20 scenario=2026_07_29_02_32_08 timestamp=000094 cavs=[1, 4]
sgcp_constrained receiver=1 policy=all-cavs sources=[1, 4] clusters=20 ra=fullperception_pcs comm_bytes=107856 selected_grids={4: 5}
fusion_method=early pred_boxes=24 gt_boxes=72
pred_scores_shape=(24,)
frame=18/41 receiver_sample=2/20 scenario=2026_07_29_02_32_08 timestamp=000094 cavs=[2]
sgcp_constrained receiver=2 policy=all-cavs sources=[2] clusters=20 ra=fullperception_pcs comm_bytes=0 selected_grids={}
fusion_method=early pred_boxes=19 gt_boxes=70
pred_scores_shape=(19,)
frame=18/41 receiver_sample=3/20 scenario=2026_07_29_02_32_08 timestamp=000094 cavs=[3, 17, 18]
sgcp_constrained receiver=3 policy=all-cavs sources=[3, 17, 18] clusters=20 ra=fullperception_pcs comm_bytes=153696 selected_grids={17: 6, 18: 38}
fusion_method=early pred_boxes=20 gt_boxes=61
pred_scores_shape=(20,)
frame=18/41 receiver_sample=4/20 scenario=2026_07_29_02_32_08 timestamp=000094 cavs=[4]
sgcp_constrained receiver=4 policy=all-cavs sources=[4] clusters=20 ra=fullperception_pcs comm_bytes=0 selected_grids={}
fusion_method=early pred_boxes=19 gt_boxes=69
pred_scores_shape=(19,)
frame=18/41 receiver_sample=5/20 scenario=2026_07_29_02_32_08 timestamp=000094 cavs=[5, 7, 13]
sgcp_constrained receiver=5 policy=all-cavs sources=[5, 7, 13] clusters=20 ra=fullperception_pcs comm_bytes=215744 selected_grids={7: 6, 13: 5}
fusion_method=early pred_boxes=26 gt_boxes=48
pred_scores_shape=(26,)
frame=18/41 receiver_sample=6/20 scenario=2026_07_29_02_32_08 timestamp=000094 cavs=[6, 15]
sgcp_constrained receiver=6 policy=all-cavs sources=[6, 15] clusters=20 ra=fullperception_pcs comm_bytes=10384 selected_grids={15: 9}
fusion_method=early pred_boxes=17 gt_boxes=52
pred_scores_shape=(17,)
frame=18/41 receiver_sample=7/20 scenario=2026_07_29_02_32_08 timestamp=000094 cavs=[7]
sgcp_constrained receiver=7 policy=all-cavs sources=[7] clusters=20 ra=fullperception_pcs comm_bytes=0 selected_grids={}
fusion_method=early pred_boxes=24 gt_boxes=47
pred_scores_shape=(24,)
frame=18/41 receiver_sample=8/20 scenario=2026_07_29_02_32_08 timestamp=000094 cavs=[8]
sgcp_constrained receiver=8 policy=all-cavs sources=[8] clusters=20 ra=fullperception_pcs comm_bytes=0 selected_grids={}
fusion_method=early pred_boxes=24 gt_boxes=47
pred_scores_shape=(24,)
frame=18/41 receiver_sample=9/20 scenario=2026_07_29_02_32_08 timestamp=000094 cavs=[9]
sgcp_constrained receiver=9 policy=all-cavs sources=[9] clusters=20 ra=fullperception_pcs comm_bytes=0 selected_grids={}
fusion_method=early pred_boxes=20 gt_boxes=54
pred_scores_shape=(20,)
frame=18/41 receiver_sample=10/20 scenario=2026_07_29_02_32_08 timestamp=000094 cavs=[10]
sgcp_constrained receiver=10 policy=all-cavs sources=[10] clusters=20 ra=fullperception_pcs comm_bytes=0 selected_grids={}
fusion_method=early pred_boxes=23 gt_boxes=68
pred_scores_shape=(23,)
frame=18/41 receiver_sample=11/20 scenario=2026_07_29_02_32_08 timestamp=000094 cavs=[11]
sgcp_constrained receiver=11 policy=all-cavs sources=[11] clusters=20 ra=fullperception_pcs comm_bytes=0 selected_grids={}
fusion_method=early pred_boxes=20 gt_boxes=68
pred_scores_shape=(20,)
frame=18/41 receiver_sample=12/20 scenario=2026_07_29_02_32_08 timestamp=000094 cavs=[12, 8]
sgcp_constrained receiver=12 policy=all-cavs sources=[12, 8] clusters=20 ra=fullperception_pcs comm_bytes=55056 selected_grids={8: 36}
fusion_method=early pred_boxes=25 gt_boxes=53
pred_scores_shape=(25,)
frame=18/41 receiver_sample=13/20 scenario=2026_07_29_02_32_08 timestamp=000094 cavs=[13]
sgcp_constrained receiver=13 policy=all-cavs sources=[13] clusters=20 ra=fullperception_pcs comm_bytes=0 selected_grids={}
fusion_method=early pred_boxes=14 gt_boxes=56
pred_scores_shape=(14,)
frame=18/41 receiver_sample=14/20 scenario=2026_07_29_02_32_08 timestamp=000094 cavs=[14]
sgcp_constrained receiver=14 policy=all-cavs sources=[14] clusters=20 ra=fullperception_pcs comm_bytes=0 selected_grids={}
fusion_method=early pred_boxes=5 gt_boxes=9
pred_scores_shape=(5,)
frame=18/41 receiver_sample=15/20 scenario=2026_07_29_02_32_08 timestamp=000094 cavs=[15]
sgcp_constrained receiver=15 policy=all-cavs sources=[15] clusters=20 ra=fullperception_pcs comm_bytes=0 selected_grids={}
fusion_method=early pred_boxes=16 gt_boxes=61
pred_scores_shape=(16,)
frame=18/41 receiver_sample=16/20 scenario=2026_07_29_02_32_08 timestamp=000094 cavs=[16]
sgcp_constrained receiver=16 policy=all-cavs sources=[16] clusters=20 ra=fullperception_pcs comm_bytes=0 selected_grids={}
fusion_method=early pred_boxes=24 gt_boxes=69
pred_scores_shape=(24,)
frame=18/41 receiver_sample=17/20 scenario=2026_07_29_02_32_08 timestamp=000094 cavs=[17]
sgcp_constrained receiver=17 policy=all-cavs sources=[17] clusters=20 ra=fullperception_pcs comm_bytes=0 selected_grids={}
fusion_method=early pred_boxes=19 gt_boxes=66
pred_scores_shape=(19,)
frame=18/41 receiver_sample=18/20 scenario=2026_07_29_02_32_08 timestamp=000094 cavs=[18]
sgcp_constrained receiver=18 policy=all-cavs sources=[18] clusters=20 ra=fullperception_pcs comm_bytes=0 selected_grids={}
fusion_method=early pred_boxes=15 gt_boxes=39
pred_scores_shape=(15,)
frame=18/41 receiver_sample=19/20 scenario=2026_07_29_02_32_08 timestamp=000094 cavs=[19]
sgcp_constrained receiver=19 policy=all-cavs sources=[19] clusters=20 ra=fullperception_pcs comm_bytes=0 selected_grids={}
fusion_method=early pred_boxes=16 gt_boxes=56
pred_scores_shape=(16,)
frame=18/41 receiver_sample=20/20 scenario=2026_07_29_02_32_08 timestamp=000094 cavs=[20, 9, 10]
sgcp_constrained receiver=20 policy=all-cavs sources=[20, 9, 10] clusters=20 ra=fullperception_pcs comm_bytes=215744 selected_grids={9: 5, 10: 5}
fusion_method=early pred_boxes=27 gt_boxes=59
pred_scores_shape=(27,)
frame=19/41 receiver_sample=1/20 scenario=2026_07_29_02_32_08 timestamp=000096 cavs=[1, 4]
sgcp_constrained receiver=1 policy=all-cavs sources=[1, 4] clusters=20 ra=fullperception_pcs comm_bytes=107872 selected_grids={4: 6}
fusion_method=early pred_boxes=27 gt_boxes=72
pred_scores_shape=(27,)
frame=19/41 receiver_sample=2/20 scenario=2026_07_29_02_32_08 timestamp=000096 cavs=[2]
sgcp_constrained receiver=2 policy=all-cavs sources=[2] clusters=20 ra=fullperception_pcs comm_bytes=0 selected_grids={}
fusion_method=early pred_boxes=18 gt_boxes=70
pred_scores_shape=(18,)
frame=19/41 receiver_sample=3/20 scenario=2026_07_29_02_32_08 timestamp=000096 cavs=[3, 17, 18]
sgcp_constrained receiver=3 policy=all-cavs sources=[3, 17, 18] clusters=20 ra=fullperception_pcs comm_bytes=154432 selected_grids={17: 7, 18: 39}
fusion_method=early pred_boxes=18 gt_boxes=61
pred_scores_shape=(18,)
frame=19/41 receiver_sample=4/20 scenario=2026_07_29_02_32_08 timestamp=000096 cavs=[4]
sgcp_constrained receiver=4 policy=all-cavs sources=[4] clusters=20 ra=fullperception_pcs comm_bytes=0 selected_grids={}
fusion_method=early pred_boxes=22 gt_boxes=69
pred_scores_shape=(22,)
frame=19/41 receiver_sample=5/20 scenario=2026_07_29_02_32_08 timestamp=000096 cavs=[5, 7, 13]
sgcp_constrained receiver=5 policy=all-cavs sources=[5, 7, 13] clusters=20 ra=fullperception_pcs comm_bytes=215744 selected_grids={7: 6, 13: 5}
fusion_method=early pred_boxes=23 gt_boxes=48
pred_scores_shape=(23,)
frame=19/41 receiver_sample=6/20 scenario=2026_07_29_02_32_08 timestamp=000096 cavs=[6, 15]
sgcp_constrained receiver=6 policy=all-cavs sources=[6, 15] clusters=20 ra=fullperception_pcs comm_bytes=11056 selected_grids={15: 10}
fusion_method=early pred_boxes=17 gt_boxes=52
pred_scores_shape=(17,)
frame=19/41 receiver_sample=7/20 scenario=2026_07_29_02_32_08 timestamp=000096 cavs=[7]Format = auto
Extension = pcd
Format = auto
Extension = pcd
Format = auto
Extension = pcd
Format = auto
Extension = pcd
Format = auto
Extension = pcd
Format = auto
Extension = pcd
Format = auto
Extension = pcd
Format = auto
Extension = pcd
Format = auto
Extension = pcd
Format = auto
Extension = pcd
Format = auto
Extension = pcd
Format = auto
Extension = pcd
Format = auto
Extension = pcd
Format = auto
Extension = pcd
Format = auto
Extension = pcd
Format = auto
Extension = pcd
Format = auto
Extension = pcd
Format = auto
Extension = pcd
Format = auto
Extension = pcd
Format = auto
Extension = pcd

sgcp_constrained receiver=7 policy=all-cavs sources=[7] clusters=20 ra=fullperception_pcs comm_bytes=0 selected_grids={}
fusion_method=early pred_boxes=22 gt_boxes=47
pred_scores_shape=(22,)
frame=19/41 receiver_sample=8/20 scenario=2026_07_29_02_32_08 timestamp=000096 cavs=[8]
sgcp_constrained receiver=8 policy=all-cavs sources=[8] clusters=20 ra=fullperception_pcs comm_bytes=0 selected_grids={}
fusion_method=early pred_boxes=23 gt_boxes=47
pred_scores_shape=(23,)
frame=19/41 receiver_sample=9/20 scenario=2026_07_29_02_32_08 timestamp=000096 cavs=[9]
sgcp_constrained receiver=9 policy=all-cavs sources=[9] clusters=20 ra=fullperception_pcs comm_bytes=0 selected_grids={}
fusion_method=early pred_boxes=20 gt_boxes=54
pred_scores_shape=(20,)
frame=19/41 receiver_sample=10/20 scenario=2026_07_29_02_32_08 timestamp=000096 cavs=[10]
sgcp_constrained receiver=10 policy=all-cavs sources=[10] clusters=20 ra=fullperception_pcs comm_bytes=0 selected_grids={}
fusion_method=early pred_boxes=24 gt_boxes=68
pred_scores_shape=(24,)
frame=19/41 receiver_sample=11/20 scenario=2026_07_29_02_32_08 timestamp=000096 cavs=[11]
sgcp_constrained receiver=11 policy=all-cavs sources=[11] clusters=20 ra=fullperception_pcs comm_bytes=0 selected_grids={}
fusion_method=early pred_boxes=21 gt_boxes=68
pred_scores_shape=(21,)
frame=19/41 receiver_sample=12/20 scenario=2026_07_29_02_32_08 timestamp=000096 cavs=[12, 8]
sgcp_constrained receiver=12 policy=all-cavs sources=[12, 8] clusters=20 ra=fullperception_pcs comm_bytes=55088 selected_grids={8: 36}
fusion_method=early pred_boxes=25 gt_boxes=53
pred_scores_shape=(25,)
frame=19/41 receiver_sample=13/20 scenario=2026_07_29_02_32_08 timestamp=000096 cavs=[13]
sgcp_constrained receiver=13 policy=all-cavs sources=[13] clusters=20 ra=fullperception_pcs comm_bytes=0 selected_grids={}
fusion_method=early pred_boxes=11 gt_boxes=54
pred_scores_shape=(11,)
frame=19/41 receiver_sample=14/20 scenario=2026_07_29_02_32_08 timestamp=000096 cavs=[14]
sgcp_constrained receiver=14 policy=all-cavs sources=[14] clusters=20 ra=fullperception_pcs comm_bytes=0 selected_grids={}
fusion_method=early pred_boxes=4 gt_boxes=9
pred_scores_shape=(4,)
frame=19/41 receiver_sample=15/20 scenario=2026_07_29_02_32_08 timestamp=000096 cavs=[15]
sgcp_constrained receiver=15 policy=all-cavs sources=[15] clusters=20 ra=fullperception_pcs comm_bytes=0 selected_grids={}
fusion_method=early pred_boxes=16 gt_boxes=61
pred_scores_shape=(16,)
frame=19/41 receiver_sample=16/20 scenario=2026_07_29_02_32_08 timestamp=000096 cavs=[16]
sgcp_constrained receiver=16 policy=all-cavs sources=[16] clusters=20 ra=fullperception_pcs comm_bytes=0 selected_grids={}
fusion_method=early pred_boxes=23 gt_boxes=69
pred_scores_shape=(23,)
frame=19/41 receiver_sample=17/20 scenario=2026_07_29_02_32_08 timestamp=000096 cavs=[17]
sgcp_constrained receiver=17 policy=all-cavs sources=[17] clusters=20 ra=fullperception_pcs comm_bytes=0 selected_grids={}
fusion_method=early pred_boxes=20 gt_boxes=66
pred_scores_shape=(20,)
frame=19/41 receiver_sample=18/20 scenario=2026_07_29_02_32_08 timestamp=000096 cavs=[18]
sgcp_constrained receiver=18 policy=all-cavs sources=[18] clusters=20 ra=fullperception_pcs comm_bytes=0 selected_grids={}
fusion_method=early pred_boxes=14 gt_boxes=39
pred_scores_shape=(14,)
frame=19/41 receiver_sample=19/20 scenario=2026_07_29_02_32_08 timestamp=000096 cavs=[19]
sgcp_constrained receiver=19 policy=all-cavs sources=[19] clusters=20 ra=fullperception_pcs comm_bytes=0 selected_grids={}
fusion_method=early pred_boxes=13 gt_boxes=56
pred_scores_shape=(13,)
frame=19/41 receiver_sample=20/20 scenario=2026_07_29_02_32_08 timestamp=000096 cavs=[20, 9, 10]
sgcp_constrained receiver=20 policy=all-cavs sources=[20, 9, 10] clusters=20 ra=fullperception_pcs comm_bytes=215744 selected_grids={9: 5, 10: 5}
fusion_method=early pred_boxes=26 gt_boxes=59
pred_scores_shape=(26,)
frame=20/41 receiver_sample=1/20 scenario=2026_07_29_02_32_08 timestamp=000098 cavs=[1, 4]
sgcp_constrained receiver=1 policy=all-cavs sources=[1, 4] clusters=20 ra=fullperception_pcs comm_bytes=107856 selected_grids={4: 6}
fusion_method=early pred_boxes=26 gt_boxes=72
pred_scores_shape=(26,)
frame=20/41 receiver_sample=2/20 scenario=2026_07_29_02_32_08 timestamp=000098 cavs=[2]
sgcp_constrained receiver=2 policy=all-cavs sources=[2] clusters=20 ra=fullperception_pcs comm_bytes=0 selected_grids={}
fusion_method=early pred_boxes=18 gt_boxes=70
pred_scores_shape=(18,)
frame=20/41 receiver_sample=3/20 scenario=2026_07_29_02_32_08 timestamp=000098 cavs=[3, 17, 18]
sgcp_constrained receiver=3 policy=all-cavs sources=[3, 17, 18] clusters=20 ra=fullperception_pcs comm_bytes=155216 selected_grids={17: 7, 18: 37}
fusion_method=early pred_boxes=18 gt_boxes=61
pred_scores_shape=(18,)
frame=20/41 receiver_sample=4/20 scenario=2026_07_29_02_32_08 timestamp=000098 cavs=[4]
sgcp_constrained receiver=4 policy=all-cavs sources=[4] clusters=20 ra=fullperception_pcs comm_bytes=0 selected_grids={}
fusion_method=early pred_boxes=19 gt_boxes=69
pred_scores_shape=(19,)
frame=20/41 receiver_sample=5/20 scenario=2026_07_29_02_32_08 timestamp=000098 cavs=[5, 7]
sgcp_constrained receiver=5 policy=all-cavs sources=[5, 7] clusters=20 ra=fullperception_pcs comm_bytes=107856 selected_grids={7: 6}
fusion_method=early pred_boxes=23 gt_boxes=48
pred_scores_shape=(23,)
frame=20/41 receiver_sample=6/20 scenario=2026_07_29_02_32_08 timestamp=000098 cavs=[6, 15]
sgcp_constrained receiver=6 policy=all-cavs sources=[6, 15] clusters=20 ra=fullperception_pcs comm_bytes=11280 selected_grids={15: 10}
fusion_method=early pred_boxes=17 gt_boxes=53
pred_scores_shape=(17,)
frame=20/41 receiver_sample=7/20 scenario=2026_07_29_02_32_08 timestamp=000098 cavs=[7]
sgcp_constrained receiver=7 policy=all-cavs sources=[7] clusters=20 ra=fullperception_pcs comm_bytes=0 selected_grids={}
fusion_method=early pred_boxes=25 gt_boxes=46
pred_scores_shape=(25,)
frame=20/41 receiver_sample=8/20 scenario=2026_07_29_02_32_08 timestamp=000098 cavs=[8]
sgcp_constrained receiver=8 policy=all-cavs sources=[8] clusters=20 ra=fullperception_pcs comm_bytes=0 selected_grids={}
fusion_method=early pred_boxes=23 gt_boxes=47
pred_scores_shape=(23,)
frame=20/41 receiver_sample=9/20 scenario=2026_07_29_02_32_08 timestamp=000098 cavs=[9]
sgcp_constrained receiver=9 policy=all-cavs sources=[9] clusters=20 ra=fullperception_pcs comm_bytes=0 selected_grids={}
fusion_method=early pred_boxes=19 gt_boxes=54
pred_scores_shape=(19,)
frame=20/41 receiver_sample=10/20 scenario=2026_07_29_02_32_08 timestamp=000098 cavs=[10, 2, 11]
sgcp_constrained receiver=10 policy=all-cavs sources=[10, 2, 11] clusters=20 ra=fullperception_pcs comm_bytes=215728 selected_grids={2: 4, 11: 6}
fusion_method=early pred_boxes=26 gt_boxes=68
pred_scores_shape=(26,)
frame=20/41 receiver_sample=11/20 scenario=2026_07_29_02_32_08 timestamp=000098 cavs=[11]
sgcp_constrained receiver=11 policy=all-cavs sources=[11] clusters=20 ra=fullperception_pcs comm_bytes=0 selected_grids={}
fusion_method=early pred_boxes=19 gt_boxes=68
pred_scores_shape=(19,)
frame=20/41 receiver_sample=12/20 scenario=2026_07_29_02_32_08 timestamp=000098 cavs=[12, 8]
sgcp_constrained receiver=12 policy=all-cavs sources=[12, 8] clusters=20 ra=fullperception_pcs comm_bytes=55680 selected_grids={8: 37}
fusion_method=early pred_boxes=26 gt_boxes=53
pred_scores_shape=(26,)
frame=20/41 receiver_sample=13/20 scenario=2026_07_29_02_32_08 timestamp=000098 cavs=[13]
sgcp_constrained receiver=13 policy=all-cavs sources=[13] clusters=20 ra=fullperception_pcs comm_bytes=0 selected_grids={}
fusion_method=early pred_boxes=8 gt_boxes=53
pred_scores_shape=(8,)
frame=20/41 receiver_sample=14/20 scenario=2026_07_29_02_32_08 timestamp=000098 cavs=[14]
sgcp_constrained receiver=14 policy=all-cavs sources=[14] clusters=20 ra=fullperception_pcs comm_bytes=0 selected_grids={}
fusion_method=early pred_boxes=4 gt_boxes=9
pred_scores_shape=(4,)
frame=20/41 receiver_sample=15/20 scenario=2026_07_29_02_32_08 timestamp=000098 cavs=[15]
sgcp_constrained receiver=15 policy=all-cavs sources=[15] clusters=20 ra=fullperception_pcs comm_bytes=0 selected_grids={}Format = auto
Extension = pcd
Format = auto
Extension = pcd
Format = auto
Extension = pcd
Format = auto
Extension = pcd
Format = auto
Extension = pcd
Format = auto
Extension = pcd
Format = auto
Extension = pcd
Format = auto
Extension = pcd
Format = auto
Extension = pcd
Format = auto
Extension = pcd
Format = auto
Extension = pcd
Format = auto
Extension = pcd
Format = auto
Extension = pcd
Format = auto
Extension = pcd
Format = auto
Extension = pcd
Format = auto
Extension = pcd
Format = auto
Extension = pcd
Format = auto
Extension = pcd
Format = auto
Extension = pcd
Format = auto
Extension = pcd
Format = auto
Extension = pcd
Format = auto
Extension = pcd
Format = auto
Extension = pcd
Format = auto
Extension = pcd
Format = auto
Extension = pcd
Format = auto
Extension = pcd
Format = auto
Extension = pcd
Format = auto
Extension = pcd
Format = auto
Extension = pcd
Format = auto
Extension = pcd
Format = auto
Extension = pcd
Format = auto
Extension = pcd
Format = auto
Extension = pcd
Format = auto
Extension = pcd
Format = auto
Extension = pcd
Format = auto
Extension = pcd
Format = auto
Extension = pcd
Format = auto
Extension = pcd
Format = auto
Extension = pcd
Format = auto
Extension = pcd

fusion_method=early pred_boxes=15 gt_boxes=61
pred_scores_shape=(15,)
frame=20/41 receiver_sample=16/20 scenario=2026_07_29_02_32_08 timestamp=000098 cavs=[16]
sgcp_constrained receiver=16 policy=all-cavs sources=[16] clusters=20 ra=fullperception_pcs comm_bytes=0 selected_grids={}
fusion_method=early pred_boxes=23 gt_boxes=69
pred_scores_shape=(23,)
frame=20/41 receiver_sample=17/20 scenario=2026_07_29_02_32_08 timestamp=000098 cavs=[17]
sgcp_constrained receiver=17 policy=all-cavs sources=[17] clusters=20 ra=fullperception_pcs comm_bytes=0 selected_grids={}
fusion_method=early pred_boxes=21 gt_boxes=66
pred_scores_shape=(21,)
frame=20/41 receiver_sample=18/20 scenario=2026_07_29_02_32_08 timestamp=000098 cavs=[18]
sgcp_constrained receiver=18 policy=all-cavs sources=[18] clusters=20 ra=fullperception_pcs comm_bytes=0 selected_grids={}
fusion_method=early pred_boxes=13 gt_boxes=37
pred_scores_shape=(13,)
frame=20/41 receiver_sample=19/20 scenario=2026_07_29_02_32_08 timestamp=000098 cavs=[19]
sgcp_constrained receiver=19 policy=all-cavs sources=[19] clusters=20 ra=fullperception_pcs comm_bytes=0 selected_grids={}
fusion_method=early pred_boxes=14 gt_boxes=56
pred_scores_shape=(14,)
frame=20/41 receiver_sample=20/20 scenario=2026_07_29_02_32_08 timestamp=000098 cavs=[20, 9, 19]
sgcp_constrained receiver=20 policy=all-cavs sources=[20, 9, 19] clusters=20 ra=fullperception_pcs comm_bytes=169456 selected_grids={9: 5, 19: 45}
fusion_method=early pred_boxes=30 gt_boxes=59
pred_scores_shape=(30,)
frame=21/41 receiver_sample=1/20 scenario=2026_07_29_02_32_08 timestamp=000100 cavs=[1, 4]
sgcp_constrained receiver=1 policy=all-cavs sources=[1, 4] clusters=20 ra=fullperception_pcs comm_bytes=107872 selected_grids={4: 4}
fusion_method=early pred_boxes=25 gt_boxes=72
pred_scores_shape=(25,)
frame=21/41 receiver_sample=2/20 scenario=2026_07_29_02_32_08 timestamp=000100 cavs=[2]
sgcp_constrained receiver=2 policy=all-cavs sources=[2] clusters=20 ra=fullperception_pcs comm_bytes=0 selected_grids={}
fusion_method=early pred_boxes=18 gt_boxes=70
pred_scores_shape=(18,)
frame=21/41 receiver_sample=3/20 scenario=2026_07_29_02_32_08 timestamp=000100 cavs=[3, 17, 18]
sgcp_constrained receiver=3 policy=all-cavs sources=[3, 17, 18] clusters=20 ra=fullperception_pcs comm_bytes=155776 selected_grids={17: 6, 18: 39}
fusion_method=early pred_boxes=19 gt_boxes=61
pred_scores_shape=(19,)
frame=21/41 receiver_sample=4/20 scenario=2026_07_29_02_32_08 timestamp=000100 cavs=[4]
sgcp_constrained receiver=4 policy=all-cavs sources=[4] clusters=20 ra=fullperception_pcs comm_bytes=0 selected_grids={}
fusion_method=early pred_boxes=20 gt_boxes=68
pred_scores_shape=(20,)
frame=21/41 receiver_sample=5/20 scenario=2026_07_29_02_32_08 timestamp=000100 cavs=[5, 7]
sgcp_constrained receiver=5 policy=all-cavs sources=[5, 7] clusters=20 ra=fullperception_pcs comm_bytes=107872 selected_grids={7: 7}
fusion_method=early pred_boxes=23 gt_boxes=48
pred_scores_shape=(23,)
frame=21/41 receiver_sample=6/20 scenario=2026_07_29_02_32_08 timestamp=000100 cavs=[6, 15]
sgcp_constrained receiver=6 policy=all-cavs sources=[6, 15] clusters=20 ra=fullperception_pcs comm_bytes=10240 selected_grids={15: 10}
fusion_method=early pred_boxes=18 gt_boxes=53
pred_scores_shape=(18,)
frame=21/41 receiver_sample=7/20 scenario=2026_07_29_02_32_08 timestamp=000100 cavs=[7]
sgcp_constrained receiver=7 policy=all-cavs sources=[7] clusters=20 ra=fullperception_pcs comm_bytes=0 selected_grids={}
fusion_method=early pred_boxes=25 gt_boxes=47
pred_scores_shape=(25,)
frame=21/41 receiver_sample=8/20 scenario=2026_07_29_02_32_08 timestamp=000100 cavs=[8]
sgcp_constrained receiver=8 policy=all-cavs sources=[8] clusters=20 ra=fullperception_pcs comm_bytes=0 selected_grids={}
fusion_method=early pred_boxes=25 gt_boxes=47
pred_scores_shape=(25,)
frame=21/41 receiver_sample=9/20 scenario=2026_07_29_02_32_08 timestamp=000100 cavs=[9]
sgcp_constrained receiver=9 policy=all-cavs sources=[9] clusters=20 ra=fullperception_pcs comm_bytes=0 selected_grids={}
fusion_method=early pred_boxes=17 gt_boxes=54
pred_scores_shape=(17,)
frame=21/41 receiver_sample=10/20 scenario=2026_07_29_02_32_08 timestamp=000100 cavs=[10, 2, 11]
sgcp_constrained receiver=10 policy=all-cavs sources=[10, 2, 11] clusters=20 ra=fullperception_pcs comm_bytes=215728 selected_grids={2: 5, 11: 6}
fusion_method=early pred_boxes=26 gt_boxes=68
pred_scores_shape=(26,)
frame=21/41 receiver_sample=11/20 scenario=2026_07_29_02_32_08 timestamp=000100 cavs=[11]
sgcp_constrained receiver=11 policy=all-cavs sources=[11] clusters=20 ra=fullperception_pcs comm_bytes=0 selected_grids={}
fusion_method=early pred_boxes=19 gt_boxes=68
pred_scores_shape=(19,)
frame=21/41 receiver_sample=12/20 scenario=2026_07_29_02_32_08 timestamp=000100 cavs=[12, 8]
sgcp_constrained receiver=12 policy=all-cavs sources=[12, 8] clusters=20 ra=fullperception_pcs comm_bytes=55616 selected_grids={8: 37}
fusion_method=early pred_boxes=27 gt_boxes=53
pred_scores_shape=(27,)
frame=21/41 receiver_sample=13/20 scenario=2026_07_29_02_32_08 timestamp=000100 cavs=[13]
sgcp_constrained receiver=13 policy=all-cavs sources=[13] clusters=20 ra=fullperception_pcs comm_bytes=0 selected_grids={}
fusion_method=early pred_boxes=12 gt_boxes=52
pred_scores_shape=(12,)
frame=21/41 receiver_sample=14/20 scenario=2026_07_29_02_32_08 timestamp=000100 cavs=[14]
sgcp_constrained receiver=14 policy=all-cavs sources=[14] clusters=20 ra=fullperception_pcs comm_bytes=0 selected_grids={}
fusion_method=early pred_boxes=4 gt_boxes=9
pred_scores_shape=(4,)
frame=21/41 receiver_sample=15/20 scenario=2026_07_29_02_32_08 timestamp=000100 cavs=[15]
sgcp_constrained receiver=15 policy=all-cavs sources=[15] clusters=20 ra=fullperception_pcs comm_bytes=0 selected_grids={}
fusion_method=early pred_boxes=15 gt_boxes=61
pred_scores_shape=(15,)
frame=21/41 receiver_sample=16/20 scenario=2026_07_29_02_32_08 timestamp=000100 cavs=[16]
sgcp_constrained receiver=16 policy=all-cavs sources=[16] clusters=20 ra=fullperception_pcs comm_bytes=0 selected_grids={}
fusion_method=early pred_boxes=25 gt_boxes=69
pred_scores_shape=(25,)
frame=21/41 receiver_sample=17/20 scenario=2026_07_29_02_32_08 timestamp=000100 cavs=[17]
sgcp_constrained receiver=17 policy=all-cavs sources=[17] clusters=20 ra=fullperception_pcs comm_bytes=0 selected_grids={}
fusion_method=early pred_boxes=20 gt_boxes=66
pred_scores_shape=(20,)
frame=21/41 receiver_sample=18/20 scenario=2026_07_29_02_32_08 timestamp=000100 cavs=[18]
sgcp_constrained receiver=18 policy=all-cavs sources=[18] clusters=20 ra=fullperception_pcs comm_bytes=0 selected_grids={}
fusion_method=early pred_boxes=12 gt_boxes=37
pred_scores_shape=(12,)
frame=21/41 receiver_sample=19/20 scenario=2026_07_29_02_32_08 timestamp=000100 cavs=[19]
sgcp_constrained receiver=19 policy=all-cavs sources=[19] clusters=20 ra=fullperception_pcs comm_bytes=0 selected_grids={}
fusion_method=early pred_boxes=14 gt_boxes=56
pred_scores_shape=(14,)
frame=21/41 receiver_sample=20/20 scenario=2026_07_29_02_32_08 timestamp=000100 cavs=[20, 9, 19]
sgcp_constrained receiver=20 policy=all-cavs sources=[20, 9, 19] clusters=20 ra=fullperception_pcs comm_bytes=169472 selected_grids={9: 5, 19: 44}
fusion_method=early pred_boxes=30 gt_boxes=59
pred_scores_shape=(30,)
frame=22/41 receiver_sample=1/20 scenario=2026_07_29_02_32_08 timestamp=000102 cavs=[1, 4]
sgcp_constrained receiver=1 policy=all-cavs sources=[1, 4] clusters=20 ra=fullperception_pcs comm_bytes=107872 selected_grids={4: 5}
fusion_method=early pred_boxes=27 gt_boxes=72
pred_scores_shape=(27,)
frame=22/41 receiver_sample=2/20 scenario=2026_07_29_02_32_08 timestamp=000102 cavs=[2]
sgcp_constrained receiver=2 policy=all-cavs sources=[2] clusters=20 ra=fullperception_pcs comm_bytes=0 selected_grids={}
fusion_method=early pred_boxes=18 gt_boxes=70
pred_scores_shape=(18,)
frame=22/41 receiver_sample=3/20 scenario=2026_07_29_02_32_08 timestamp=000102 cavs=[3, 17, 18]
sgcp_constrained receiver=3 policy=all-cavs sources=[3, 17, 18] clusters=20 ra=fullperception_pcs comm_bytes=156304 selected_grids={17: 6, 18: 39}Format = auto
Extension = pcd
Format = auto
Extension = pcd
Format = auto
Extension = pcd
Format = auto
Extension = pcd
Format = auto
Extension = pcd
Format = auto
Extension = pcd
Format = auto
Extension = pcd
Format = auto
Extension = pcd
Format = auto
Extension = pcd
Format = auto
Extension = pcd
Format = auto
Extension = pcd
Format = auto
Extension = pcd
Format = auto
Extension = pcd
Format = auto
Extension = pcd
Format = auto
Extension = pcd
Format = auto
Extension = pcd
Format = auto
Extension = pcd
Format = auto
Extension = pcd
Format = auto
Extension = pcd
Format = auto
Extension = pcd

fusion_method=early pred_boxes=18 gt_boxes=61
pred_scores_shape=(18,)
frame=22/41 receiver_sample=4/20 scenario=2026_07_29_02_32_08 timestamp=000102 cavs=[4]
sgcp_constrained receiver=4 policy=all-cavs sources=[4] clusters=20 ra=fullperception_pcs comm_bytes=0 selected_grids={}
fusion_method=early pred_boxes=19 gt_boxes=66
pred_scores_shape=(19,)
frame=22/41 receiver_sample=5/20 scenario=2026_07_29_02_32_08 timestamp=000102 cavs=[5, 7]
sgcp_constrained receiver=5 policy=all-cavs sources=[5, 7] clusters=20 ra=fullperception_pcs comm_bytes=107872 selected_grids={7: 4}
fusion_method=early pred_boxes=23 gt_boxes=49
pred_scores_shape=(23,)
frame=22/41 receiver_sample=6/20 scenario=2026_07_29_02_32_08 timestamp=000102 cavs=[6, 15]
sgcp_constrained receiver=6 policy=all-cavs sources=[6, 15] clusters=20 ra=fullperception_pcs comm_bytes=11680 selected_grids={15: 11}
fusion_method=early pred_boxes=17 gt_boxes=52
pred_scores_shape=(17,)
frame=22/41 receiver_sample=7/20 scenario=2026_07_29_02_32_08 timestamp=000102 cavs=[7]
sgcp_constrained receiver=7 policy=all-cavs sources=[7] clusters=20 ra=fullperception_pcs comm_bytes=0 selected_grids={}
fusion_method=early pred_boxes=23 gt_boxes=48
pred_scores_shape=(23,)
frame=22/41 receiver_sample=8/20 scenario=2026_07_29_02_32_08 timestamp=000102 cavs=[8]
sgcp_constrained receiver=8 policy=all-cavs sources=[8] clusters=20 ra=fullperception_pcs comm_bytes=0 selected_grids={}
fusion_method=early pred_boxes=24 gt_boxes=47
pred_scores_shape=(24,)
frame=22/41 receiver_sample=9/20 scenario=2026_07_29_02_32_08 timestamp=000102 cavs=[9]
sgcp_constrained receiver=9 policy=all-cavs sources=[9] clusters=20 ra=fullperception_pcs comm_bytes=0 selected_grids={}
fusion_method=early pred_boxes=19 gt_boxes=54
pred_scores_shape=(19,)
frame=22/41 receiver_sample=10/20 scenario=2026_07_29_02_32_08 timestamp=000102 cavs=[10, 2, 11]
sgcp_constrained receiver=10 policy=all-cavs sources=[10, 2, 11] clusters=20 ra=fullperception_pcs comm_bytes=215728 selected_grids={2: 3, 11: 5}
fusion_method=early pred_boxes=25 gt_boxes=68
pred_scores_shape=(25,)
frame=22/41 receiver_sample=11/20 scenario=2026_07_29_02_32_08 timestamp=000102 cavs=[11]
sgcp_constrained receiver=11 policy=all-cavs sources=[11] clusters=20 ra=fullperception_pcs comm_bytes=0 selected_grids={}
fusion_method=early pred_boxes=20 gt_boxes=68
pred_scores_shape=(20,)
frame=22/41 receiver_sample=12/20 scenario=2026_07_29_02_32_08 timestamp=000102 cavs=[12, 8]
sgcp_constrained receiver=12 policy=all-cavs sources=[12, 8] clusters=20 ra=fullperception_pcs comm_bytes=55600 selected_grids={8: 38}
fusion_method=early pred_boxes=23 gt_boxes=52
pred_scores_shape=(23,)
frame=22/41 receiver_sample=13/20 scenario=2026_07_29_02_32_08 timestamp=000102 cavs=[13]
sgcp_constrained receiver=13 policy=all-cavs sources=[13] clusters=20 ra=fullperception_pcs comm_bytes=0 selected_grids={}
fusion_method=early pred_boxes=11 gt_boxes=52
pred_scores_shape=(11,)
frame=22/41 receiver_sample=14/20 scenario=2026_07_29_02_32_08 timestamp=000102 cavs=[14]
sgcp_constrained receiver=14 policy=all-cavs sources=[14] clusters=20 ra=fullperception_pcs comm_bytes=0 selected_grids={}
fusion_method=early pred_boxes=5 gt_boxes=9
pred_scores_shape=(5,)
frame=22/41 receiver_sample=15/20 scenario=2026_07_29_02_32_08 timestamp=000102 cavs=[15]
sgcp_constrained receiver=15 policy=all-cavs sources=[15] clusters=20 ra=fullperception_pcs comm_bytes=0 selected_grids={}
fusion_method=early pred_boxes=15 gt_boxes=60
pred_scores_shape=(15,)
frame=22/41 receiver_sample=16/20 scenario=2026_07_29_02_32_08 timestamp=000102 cavs=[16]
sgcp_constrained receiver=16 policy=all-cavs sources=[16] clusters=20 ra=fullperception_pcs comm_bytes=0 selected_grids={}
fusion_method=early pred_boxes=21 gt_boxes=69
pred_scores_shape=(21,)
frame=22/41 receiver_sample=17/20 scenario=2026_07_29_02_32_08 timestamp=000102 cavs=[17]
sgcp_constrained receiver=17 policy=all-cavs sources=[17] clusters=20 ra=fullperception_pcs comm_bytes=0 selected_grids={}
fusion_method=early pred_boxes=19 gt_boxes=66
pred_scores_shape=(19,)
frame=22/41 receiver_sample=18/20 scenario=2026_07_29_02_32_08 timestamp=000102 cavs=[18]
sgcp_constrained receiver=18 policy=all-cavs sources=[18] clusters=20 ra=fullperception_pcs comm_bytes=0 selected_grids={}
fusion_method=early pred_boxes=11 gt_boxes=36
pred_scores_shape=(11,)
frame=22/41 receiver_sample=19/20 scenario=2026_07_29_02_32_08 timestamp=000102 cavs=[19]
sgcp_constrained receiver=19 policy=all-cavs sources=[19] clusters=20 ra=fullperception_pcs comm_bytes=0 selected_grids={}
fusion_method=early pred_boxes=15 gt_boxes=56
pred_scores_shape=(15,)
frame=22/41 receiver_sample=20/20 scenario=2026_07_29_02_32_08 timestamp=000102 cavs=[20, 9, 19]
sgcp_constrained receiver=20 policy=all-cavs sources=[20, 9, 19] clusters=20 ra=fullperception_pcs comm_bytes=169472 selected_grids={9: 5, 19: 44}
fusion_method=early pred_boxes=30 gt_boxes=58
pred_scores_shape=(30,)
frame=23/41 receiver_sample=1/20 scenario=2026_07_29_02_32_08 timestamp=000104 cavs=[1, 4]
sgcp_constrained receiver=1 policy=all-cavs sources=[1, 4] clusters=20 ra=fullperception_pcs comm_bytes=107872 selected_grids={4: 6}
fusion_method=early pred_boxes=25 gt_boxes=72
pred_scores_shape=(25,)
frame=23/41 receiver_sample=2/20 scenario=2026_07_29_02_32_08 timestamp=000104 cavs=[2]
sgcp_constrained receiver=2 policy=all-cavs sources=[2] clusters=20 ra=fullperception_pcs comm_bytes=0 selected_grids={}
fusion_method=early pred_boxes=20 gt_boxes=70
pred_scores_shape=(20,)
frame=23/41 receiver_sample=3/20 scenario=2026_07_29_02_32_08 timestamp=000104 cavs=[3, 17, 18]
sgcp_constrained receiver=3 policy=all-cavs sources=[3, 17, 18] clusters=20 ra=fullperception_pcs comm_bytes=156992 selected_grids={17: 5, 18: 39}
fusion_method=early pred_boxes=16 gt_boxes=61
pred_scores_shape=(16,)
frame=23/41 receiver_sample=4/20 scenario=2026_07_29_02_32_08 timestamp=000104 cavs=[4]
sgcp_constrained receiver=4 policy=all-cavs sources=[4] clusters=20 ra=fullperception_pcs comm_bytes=0 selected_grids={}
fusion_method=early pred_boxes=19 gt_boxes=66
pred_scores_shape=(19,)
frame=23/41 receiver_sample=5/20 scenario=2026_07_29_02_32_08 timestamp=000104 cavs=[5, 7]
sgcp_constrained receiver=5 policy=all-cavs sources=[5, 7] clusters=20 ra=fullperception_pcs comm_bytes=107872 selected_grids={7: 5}
fusion_method=early pred_boxes=23 gt_boxes=49
pred_scores_shape=(23,)
frame=23/41 receiver_sample=6/20 scenario=2026_07_29_02_32_08 timestamp=000104 cavs=[6]
sgcp_constrained receiver=6 policy=all-cavs sources=[6] clusters=20 ra=fullperception_pcs comm_bytes=0 selected_grids={}
fusion_method=early pred_boxes=15 gt_boxes=52
pred_scores_shape=(15,)
frame=23/41 receiver_sample=7/20 scenario=2026_07_29_02_32_08 timestamp=000104 cavs=[7]
sgcp_constrained receiver=7 policy=all-cavs sources=[7] clusters=20 ra=fullperception_pcs comm_bytes=0 selected_grids={}
fusion_method=early pred_boxes=21 gt_boxes=48
pred_scores_shape=(21,)
frame=23/41 receiver_sample=8/20 scenario=2026_07_29_02_32_08 timestamp=000104 cavs=[8]
sgcp_constrained receiver=8 policy=all-cavs sources=[8] clusters=20 ra=fullperception_pcs comm_bytes=0 selected_grids={}
fusion_method=early pred_boxes=25 gt_boxes=47
pred_scores_shape=(25,)
frame=23/41 receiver_sample=9/20 scenario=2026_07_29_02_32_08 timestamp=000104 cavs=[9]
sgcp_constrained receiver=9 policy=all-cavs sources=[9] clusters=20 ra=fullperception_pcs comm_bytes=0 selected_grids={}
fusion_method=early pred_boxes=18 gt_boxes=54
pred_scores_shape=(18,)
frame=23/41 receiver_sample=10/20 scenario=2026_07_29_02_32_08 timestamp=000104 cavs=[10, 11, 13]
sgcp_constrained receiver=10 policy=all-cavs sources=[10, 11, 13] clusters=20 ra=fullperception_pcs comm_bytes=215728 selected_grids={11: 6, 13: 4}
fusion_method=early pred_boxes=26 gt_boxes=68
pred_scores_shape=(26,)
frame=23/41 receiver_sample=11/20 scenario=2026_07_29_02_32_08 timestamp=000104 cavs=[11]
sgcp_constrained receiver=11 policy=all-cavs sources=[11] clusters=20 ra=fullperception_pcs comm_bytes=0 selected_grids={}
fusion_method=early pred_boxes=18 gt_boxes=68Format = auto
Extension = pcd
Format = auto
Extension = pcd
Format = auto
Extension = pcd
Format = auto
Extension = pcd
Format = auto
Extension = pcd
Format = auto
Extension = pcd
Format = auto
Extension = pcd
Format = auto
Extension = pcd
Format = auto
Extension = pcd
Format = auto
Extension = pcd
Format = auto
Extension = pcd
Format = auto
Extension = pcd
Format = auto
Extension = pcd
Format = auto
Extension = pcd
Format = auto
Extension = pcd
Format = auto
Extension = pcd
Format = auto
Extension = pcd
Format = auto
Extension = pcd
Format = auto
Extension = pcd
Format = auto
Extension = pcd

pred_scores_shape=(18,)
frame=23/41 receiver_sample=12/20 scenario=2026_07_29_02_32_08 timestamp=000104 cavs=[12, 8]
sgcp_constrained receiver=12 policy=all-cavs sources=[12, 8] clusters=20 ra=fullperception_pcs comm_bytes=55568 selected_grids={8: 38}
fusion_method=early pred_boxes=27 gt_boxes=52
pred_scores_shape=(27,)
frame=23/41 receiver_sample=13/20 scenario=2026_07_29_02_32_08 timestamp=000104 cavs=[13]
sgcp_constrained receiver=13 policy=all-cavs sources=[13] clusters=20 ra=fullperception_pcs comm_bytes=0 selected_grids={}
fusion_method=early pred_boxes=10 gt_boxes=52
pred_scores_shape=(10,)
frame=23/41 receiver_sample=14/20 scenario=2026_07_29_02_32_08 timestamp=000104 cavs=[14]
sgcp_constrained receiver=14 policy=all-cavs sources=[14] clusters=20 ra=fullperception_pcs comm_bytes=0 selected_grids={}
fusion_method=early pred_boxes=4 gt_boxes=9
pred_scores_shape=(4,)
frame=23/41 receiver_sample=15/20 scenario=2026_07_29_02_32_08 timestamp=000104 cavs=[15, 2, 6]
sgcp_constrained receiver=15 policy=all-cavs sources=[15, 2, 6] clusters=20 ra=fullperception_pcs comm_bytes=215696 selected_grids={2: 6, 6: 4}
fusion_method=early pred_boxes=25 gt_boxes=60
pred_scores_shape=(25,)
frame=23/41 receiver_sample=16/20 scenario=2026_07_29_02_32_08 timestamp=000104 cavs=[16]
sgcp_constrained receiver=16 policy=all-cavs sources=[16] clusters=20 ra=fullperception_pcs comm_bytes=0 selected_grids={}
fusion_method=early pred_boxes=20 gt_boxes=69
pred_scores_shape=(20,)
frame=23/41 receiver_sample=17/20 scenario=2026_07_29_02_32_08 timestamp=000104 cavs=[17]
sgcp_constrained receiver=17 policy=all-cavs sources=[17] clusters=20 ra=fullperception_pcs comm_bytes=0 selected_grids={}
fusion_method=early pred_boxes=21 gt_boxes=66
pred_scores_shape=(21,)
frame=23/41 receiver_sample=18/20 scenario=2026_07_29_02_32_08 timestamp=000104 cavs=[18]
sgcp_constrained receiver=18 policy=all-cavs sources=[18] clusters=20 ra=fullperception_pcs comm_bytes=0 selected_grids={}
fusion_method=early pred_boxes=12 gt_boxes=36
pred_scores_shape=(12,)
frame=23/41 receiver_sample=19/20 scenario=2026_07_29_02_32_08 timestamp=000104 cavs=[19]
sgcp_constrained receiver=19 policy=all-cavs sources=[19] clusters=20 ra=fullperception_pcs comm_bytes=0 selected_grids={}
fusion_method=early pred_boxes=18 gt_boxes=56
pred_scores_shape=(18,)
frame=23/41 receiver_sample=20/20 scenario=2026_07_29_02_32_08 timestamp=000104 cavs=[20, 9, 19]
sgcp_constrained receiver=20 policy=all-cavs sources=[20, 9, 19] clusters=20 ra=fullperception_pcs comm_bytes=169440 selected_grids={9: 5, 19: 44}
fusion_method=early pred_boxes=28 gt_boxes=58
pred_scores_shape=(28,)
frame=24/41 receiver_sample=1/20 scenario=2026_07_29_02_32_08 timestamp=000106 cavs=[1, 4]
sgcp_constrained receiver=1 policy=all-cavs sources=[1, 4] clusters=20 ra=fullperception_pcs comm_bytes=107872 selected_grids={4: 5}
fusion_method=early pred_boxes=26 gt_boxes=71
pred_scores_shape=(26,)
frame=24/41 receiver_sample=2/20 scenario=2026_07_29_02_32_08 timestamp=000106 cavs=[2]
sgcp_constrained receiver=2 policy=all-cavs sources=[2] clusters=20 ra=fullperception_pcs comm_bytes=0 selected_grids={}
fusion_method=early pred_boxes=20 gt_boxes=70
pred_scores_shape=(20,)
frame=24/41 receiver_sample=3/20 scenario=2026_07_29_02_32_08 timestamp=000106 cavs=[3, 17, 18]
sgcp_constrained receiver=3 policy=all-cavs sources=[3, 17, 18] clusters=20 ra=fullperception_pcs comm_bytes=157392 selected_grids={17: 6, 18: 39}
fusion_method=early pred_boxes=21 gt_boxes=60
pred_scores_shape=(21,)
frame=24/41 receiver_sample=4/20 scenario=2026_07_29_02_32_08 timestamp=000106 cavs=[4]
sgcp_constrained receiver=4 policy=all-cavs sources=[4] clusters=20 ra=fullperception_pcs comm_bytes=0 selected_grids={}
fusion_method=early pred_boxes=19 gt_boxes=66
pred_scores_shape=(19,)
frame=24/41 receiver_sample=5/20 scenario=2026_07_29_02_32_08 timestamp=000106 cavs=[5]
sgcp_constrained receiver=5 policy=all-cavs sources=[5] clusters=20 ra=fullperception_pcs comm_bytes=0 selected_grids={}
fusion_method=early pred_boxes=19 gt_boxes=49
pred_scores_shape=(19,)
frame=24/41 receiver_sample=6/20 scenario=2026_07_29_02_32_08 timestamp=000106 cavs=[6]
sgcp_constrained receiver=6 policy=all-cavs sources=[6] clusters=20 ra=fullperception_pcs comm_bytes=0 selected_grids={}
fusion_method=early pred_boxes=15 gt_boxes=52
pred_scores_shape=(15,)
frame=24/41 receiver_sample=7/20 scenario=2026_07_29_02_32_08 timestamp=000106 cavs=[7]
sgcp_constrained receiver=7 policy=all-cavs sources=[7] clusters=20 ra=fullperception_pcs comm_bytes=0 selected_grids={}
fusion_method=early pred_boxes=24 gt_boxes=48
pred_scores_shape=(24,)
frame=24/41 receiver_sample=8/20 scenario=2026_07_29_02_32_08 timestamp=000106 cavs=[8]
sgcp_constrained receiver=8 policy=all-cavs sources=[8] clusters=20 ra=fullperception_pcs comm_bytes=0 selected_grids={}
fusion_method=early pred_boxes=24 gt_boxes=47
pred_scores_shape=(24,)
frame=24/41 receiver_sample=9/20 scenario=2026_07_29_02_32_08 timestamp=000106 cavs=[9, 11]
sgcp_constrained receiver=9 policy=all-cavs sources=[9, 11] clusters=20 ra=fullperception_pcs comm_bytes=107872 selected_grids={11: 7}
fusion_method=early pred_boxes=23 gt_boxes=54
pred_scores_shape=(23,)
frame=24/41 receiver_sample=10/20 scenario=2026_07_29_02_32_08 timestamp=000106 cavs=[10, 13]
sgcp_constrained receiver=10 policy=all-cavs sources=[10, 13] clusters=20 ra=fullperception_pcs comm_bytes=107872 selected_grids={13: 5}
fusion_method=early pred_boxes=25 gt_boxes=67
pred_scores_shape=(25,)
frame=24/41 receiver_sample=11/20 scenario=2026_07_29_02_32_08 timestamp=000106 cavs=[11]
sgcp_constrained receiver=11 policy=all-cavs sources=[11] clusters=20 ra=fullperception_pcs comm_bytes=0 selected_grids={}
fusion_method=early pred_boxes=18 gt_boxes=68
pred_scores_shape=(18,)
frame=24/41 receiver_sample=12/20 scenario=2026_07_29_02_32_08 timestamp=000106 cavs=[12, 7, 8]
sgcp_constrained receiver=12 policy=all-cavs sources=[12, 7, 8] clusters=20 ra=fullperception_pcs comm_bytes=129376 selected_grids={7: 28, 8: 39}
fusion_method=early pred_boxes=33 gt_boxes=52
pred_scores_shape=(33,)
frame=24/41 receiver_sample=13/20 scenario=2026_07_29_02_32_08 timestamp=000106 cavs=[13]
sgcp_constrained receiver=13 policy=all-cavs sources=[13] clusters=20 ra=fullperception_pcs comm_bytes=0 selected_grids={}
fusion_method=early pred_boxes=11 gt_boxes=52
pred_scores_shape=(11,)
frame=24/41 receiver_sample=14/20 scenario=2026_07_29_02_32_08 timestamp=000106 cavs=[14]
sgcp_constrained receiver=14 policy=all-cavs sources=[14] clusters=20 ra=fullperception_pcs comm_bytes=0 selected_grids={}
fusion_method=early pred_boxes=4 gt_boxes=8
pred_scores_shape=(4,)
frame=24/41 receiver_sample=15/20 scenario=2026_07_29_02_32_08 timestamp=000106 cavs=[15, 2, 6]
sgcp_constrained receiver=15 policy=all-cavs sources=[15, 2, 6] clusters=20 ra=fullperception_pcs comm_bytes=215712 selected_grids={2: 6, 6: 5}
fusion_method=early pred_boxes=24 gt_boxes=61
pred_scores_shape=(24,)
frame=24/41 receiver_sample=16/20 scenario=2026_07_29_02_32_08 timestamp=000106 cavs=[16]
sgcp_constrained receiver=16 policy=all-cavs sources=[16] clusters=20 ra=fullperception_pcs comm_bytes=0 selected_grids={}
fusion_method=early pred_boxes=21 gt_boxes=69
pred_scores_shape=(21,)
frame=24/41 receiver_sample=17/20 scenario=2026_07_29_02_32_08 timestamp=000106 cavs=[17]
sgcp_constrained receiver=17 policy=all-cavs sources=[17] clusters=20 ra=fullperception_pcs comm_bytes=0 selected_grids={}
fusion_method=early pred_boxes=19 gt_boxes=65
pred_scores_shape=(19,)
frame=24/41 receiver_sample=18/20 scenario=2026_07_29_02_32_08 timestamp=000106 cavs=[18]
sgcp_constrained receiver=18 policy=all-cavs sources=[18] clusters=20 ra=fullperception_pcs comm_bytes=0 selected_grids={}
fusion_method=early pred_boxes=12 gt_boxes=36
pred_scores_shape=(12,)
frame=24/41 receiver_sample=19/20 scenario=2026_07_29_02_32_08 timestamp=000106 cavs=[19, 5, 20]
sgcp_constrained receiver=19 policy=all-cavs sources=[19, 5, 20] clusters=20 ra=fullperception_pcs comm_bytes=139024 selected_grids={5: 26, 20: 11}Format = auto
Extension = pcd
Format = auto
Extension = pcd
Format = auto
Extension = pcd
Format = auto
Extension = pcd
Format = auto
Extension = pcd
Format = auto
Extension = pcd
Format = auto
Extension = pcd
Format = auto
Extension = pcd
Format = auto
Extension = pcd
Format = auto
Extension = pcd
Format = auto
Extension = pcd
Format = auto
Extension = pcd
Format = auto
Extension = pcd
Format = auto
Extension = pcd
Format = auto
Extension = pcd
Format = auto
Extension = pcd
Format = auto
Extension = pcd
Format = auto
Extension = pcd
Format = auto
Extension = pcd
Format = auto
Extension = pcd
Format = auto
Extension = pcd
Format = auto
Extension = pcd
Format = auto
Extension = pcd
Format = auto
Extension = pcd
Format = auto
Extension = pcd
Format = auto
Extension = pcd
Format = auto
Extension = pcd
Format = auto
Extension = pcd
Format = auto
Extension = pcd
Format = auto
Extension = pcd
Format = auto
Extension = pcd
Format = auto
Extension = pcd
Format = auto
Extension = pcd
Format = auto
Extension = pcd
Format = auto
Extension = pcd
Format = auto
Extension = pcd
Format = auto
Extension = pcd
Format = auto
Extension = pcd
Format = auto
Extension = pcd
Format = auto
Extension = pcd

fusion_method=early pred_boxes=24 gt_boxes=56
pred_scores_shape=(24,)
frame=24/41 receiver_sample=20/20 scenario=2026_07_29_02_32_08 timestamp=000106 cavs=[20]
sgcp_constrained receiver=20 policy=all-cavs sources=[20] clusters=20 ra=fullperception_pcs comm_bytes=0 selected_grids={}
fusion_method=early pred_boxes=23 gt_boxes=58
pred_scores_shape=(23,)
frame=25/41 receiver_sample=1/20 scenario=2026_07_29_02_32_08 timestamp=000108 cavs=[1, 4]
sgcp_constrained receiver=1 policy=all-cavs sources=[1, 4] clusters=20 ra=fullperception_pcs comm_bytes=107872 selected_grids={4: 6}
fusion_method=early pred_boxes=27 gt_boxes=71
pred_scores_shape=(27,)
frame=25/41 receiver_sample=2/20 scenario=2026_07_29_02_32_08 timestamp=000108 cavs=[2]
sgcp_constrained receiver=2 policy=all-cavs sources=[2] clusters=20 ra=fullperception_pcs comm_bytes=0 selected_grids={}
fusion_method=early pred_boxes=21 gt_boxes=70
pred_scores_shape=(21,)
frame=25/41 receiver_sample=3/20 scenario=2026_07_29_02_32_08 timestamp=000108 cavs=[3, 16, 17]
sgcp_constrained receiver=3 policy=all-cavs sources=[3, 16, 17] clusters=20 ra=fullperception_pcs comm_bytes=215680 selected_grids={16: 6, 17: 5}
fusion_method=early pred_boxes=18 gt_boxes=60
pred_scores_shape=(18,)
frame=25/41 receiver_sample=4/20 scenario=2026_07_29_02_32_08 timestamp=000108 cavs=[4]
sgcp_constrained receiver=4 policy=all-cavs sources=[4] clusters=20 ra=fullperception_pcs comm_bytes=0 selected_grids={}
fusion_method=early pred_boxes=19 gt_boxes=66
pred_scores_shape=(19,)
frame=25/41 receiver_sample=5/20 scenario=2026_07_29_02_32_08 timestamp=000108 cavs=[5]
sgcp_constrained receiver=5 policy=all-cavs sources=[5] clusters=20 ra=fullperception_pcs comm_bytes=0 selected_grids={}
fusion_method=early pred_boxes=22 gt_boxes=50
pred_scores_shape=(22,)
frame=25/41 receiver_sample=6/20 scenario=2026_07_29_02_32_08 timestamp=000108 cavs=[6]
sgcp_constrained receiver=6 policy=all-cavs sources=[6] clusters=20 ra=fullperception_pcs comm_bytes=0 selected_grids={}
fusion_method=early pred_boxes=14 gt_boxes=52
pred_scores_shape=(14,)
frame=25/41 receiver_sample=7/20 scenario=2026_07_29_02_32_08 timestamp=000108 cavs=[7]
sgcp_constrained receiver=7 policy=all-cavs sources=[7] clusters=20 ra=fullperception_pcs comm_bytes=0 selected_grids={}
fusion_method=early pred_boxes=22 gt_boxes=47
pred_scores_shape=(22,)
frame=25/41 receiver_sample=8/20 scenario=2026_07_29_02_32_08 timestamp=000108 cavs=[8]
sgcp_constrained receiver=8 policy=all-cavs sources=[8] clusters=20 ra=fullperception_pcs comm_bytes=0 selected_grids={}
fusion_method=early pred_boxes=24 gt_boxes=47
pred_scores_shape=(24,)
frame=25/41 receiver_sample=9/20 scenario=2026_07_29_02_32_08 timestamp=000108 cavs=[9, 11]
sgcp_constrained receiver=9 policy=all-cavs sources=[9, 11] clusters=20 ra=fullperception_pcs comm_bytes=107872 selected_grids={11: 7}
fusion_method=early pred_boxes=23 gt_boxes=54
pred_scores_shape=(23,)
frame=25/41 receiver_sample=10/20 scenario=2026_07_29_02_32_08 timestamp=000108 cavs=[10, 2, 13]
sgcp_constrained receiver=10 policy=all-cavs sources=[10, 2, 13] clusters=20 ra=fullperception_pcs comm_bytes=215744 selected_grids={2: 4, 13: 6}
fusion_method=early pred_boxes=28 gt_boxes=67
pred_scores_shape=(28,)
frame=25/41 receiver_sample=11/20 scenario=2026_07_29_02_32_08 timestamp=000108 cavs=[11]
sgcp_constrained receiver=11 policy=all-cavs sources=[11] clusters=20 ra=fullperception_pcs comm_bytes=0 selected_grids={}
fusion_method=early pred_boxes=18 gt_boxes=66
pred_scores_shape=(18,)
frame=25/41 receiver_sample=12/20 scenario=2026_07_29_02_32_08 timestamp=000108 cavs=[12, 7, 8]
sgcp_constrained receiver=12 policy=all-cavs sources=[12, 7, 8] clusters=20 ra=fullperception_pcs comm_bytes=128000 selected_grids={7: 28, 8: 39}
fusion_method=early pred_boxes=33 gt_boxes=52
pred_scores_shape=(33,)
frame=25/41 receiver_sample=13/20 scenario=2026_07_29_02_32_08 timestamp=000108 cavs=[13]
sgcp_constrained receiver=13 policy=all-cavs sources=[13] clusters=20 ra=fullperception_pcs comm_bytes=0 selected_grids={}
fusion_method=early pred_boxes=10 gt_boxes=52
pred_scores_shape=(10,)
frame=25/41 receiver_sample=14/20 scenario=2026_07_29_02_32_08 timestamp=000108 cavs=[14]
sgcp_constrained receiver=14 policy=all-cavs sources=[14] clusters=20 ra=fullperception_pcs comm_bytes=0 selected_grids={}
fusion_method=early pred_boxes=5 gt_boxes=8
pred_scores_shape=(5,)
frame=25/41 receiver_sample=15/20 scenario=2026_07_29_02_32_08 timestamp=000108 cavs=[15, 6]
sgcp_constrained receiver=15 policy=all-cavs sources=[15, 6] clusters=20 ra=fullperception_pcs comm_bytes=107872 selected_grids={6: 5}
fusion_method=early pred_boxes=17 gt_boxes=61
pred_scores_shape=(17,)
frame=25/41 receiver_sample=16/20 scenario=2026_07_29_02_32_08 timestamp=000108 cavs=[16]
sgcp_constrained receiver=16 policy=all-cavs sources=[16] clusters=20 ra=fullperception_pcs comm_bytes=0 selected_grids={}
fusion_method=early pred_boxes=23 gt_boxes=69
pred_scores_shape=(23,)
frame=25/41 receiver_sample=17/20 scenario=2026_07_29_02_32_08 timestamp=000108 cavs=[17]
sgcp_constrained receiver=17 policy=all-cavs sources=[17] clusters=20 ra=fullperception_pcs comm_bytes=0 selected_grids={}
fusion_method=early pred_boxes=19 gt_boxes=65
pred_scores_shape=(19,)
frame=25/41 receiver_sample=18/20 scenario=2026_07_29_02_32_08 timestamp=000108 cavs=[18]
sgcp_constrained receiver=18 policy=all-cavs sources=[18] clusters=20 ra=fullperception_pcs comm_bytes=0 selected_grids={}
fusion_method=early pred_boxes=12 gt_boxes=35
pred_scores_shape=(12,)
frame=25/41 receiver_sample=19/20 scenario=2026_07_29_02_32_08 timestamp=000108 cavs=[19, 5, 20]
sgcp_constrained receiver=19 policy=all-cavs sources=[19, 5, 20] clusters=20 ra=fullperception_pcs comm_bytes=142576 selected_grids={5: 26, 20: 11}
fusion_method=early pred_boxes=22 gt_boxes=56
pred_scores_shape=(22,)
frame=25/41 receiver_sample=20/20 scenario=2026_07_29_02_32_08 timestamp=000108 cavs=[20]
sgcp_constrained receiver=20 policy=all-cavs sources=[20] clusters=20 ra=fullperception_pcs comm_bytes=0 selected_grids={}
fusion_method=early pred_boxes=22 gt_boxes=58
pred_scores_shape=(22,)
frame=26/41 receiver_sample=1/20 scenario=2026_07_29_02_32_08 timestamp=000110 cavs=[1, 4]
sgcp_constrained receiver=1 policy=all-cavs sources=[1, 4] clusters=20 ra=fullperception_pcs comm_bytes=107856 selected_grids={4: 5}
fusion_method=early pred_boxes=26 gt_boxes=70
pred_scores_shape=(26,)
frame=26/41 receiver_sample=2/20 scenario=2026_07_29_02_32_08 timestamp=000110 cavs=[2]
sgcp_constrained receiver=2 policy=all-cavs sources=[2] clusters=20 ra=fullperception_pcs comm_bytes=0 selected_grids={}
fusion_method=early pred_boxes=21 gt_boxes=71
pred_scores_shape=(21,)
frame=26/41 receiver_sample=3/20 scenario=2026_07_29_02_32_08 timestamp=000110 cavs=[3, 18]
sgcp_constrained receiver=3 policy=all-cavs sources=[3, 18] clusters=20 ra=fullperception_pcs comm_bytes=59600 selected_grids={18: 41}
fusion_method=early pred_boxes=19 gt_boxes=60
pred_scores_shape=(19,)
frame=26/41 receiver_sample=4/20 scenario=2026_07_29_02_32_08 timestamp=000110 cavs=[4]
sgcp_constrained receiver=4 policy=all-cavs sources=[4] clusters=20 ra=fullperception_pcs comm_bytes=0 selected_grids={}
fusion_method=early pred_boxes=18 gt_boxes=65
pred_scores_shape=(18,)
frame=26/41 receiver_sample=5/20 scenario=2026_07_29_02_32_08 timestamp=000110 cavs=[5]
sgcp_constrained receiver=5 policy=all-cavs sources=[5] clusters=20 ra=fullperception_pcs comm_bytes=0 selected_grids={}
fusion_method=early pred_boxes=21 gt_boxes=50
pred_scores_shape=(21,)
frame=26/41 receiver_sample=6/20 scenario=2026_07_29_02_32_08 timestamp=000110 cavs=[6, 15]
sgcp_constrained receiver=6 policy=all-cavs sources=[6, 15] clusters=20 ra=fullperception_pcs comm_bytes=35056 selected_grids={15: 22}
fusion_method=early pred_boxes=19 gt_boxes=52
pred_scores_shape=(19,)
frame=26/41 receiver_sample=7/20 scenario=2026_07_29_02_32_08 timestamp=000110 cavs=[7]
sgcp_constrained receiver=7 policy=all-cavs sources=[7] clusters=20 ra=fullperception_pcs comm_bytes=0 selected_grids={}
Format = auto
Extension = pcd
Format = auto
Extension = pcd
Format = auto
Extension = pcd
Format = auto
Extension = pcd
Format = auto
Extension = pcd
Format = auto
Extension = pcd
Format = auto
Extension = pcd
Format = auto
Extension = pcd
Format = auto
Extension = pcd
Format = auto
Extension = pcd
Format = auto
Extension = pcd
Format = auto
Extension = pcd
Format = auto
Extension = pcd
Format = auto
Extension = pcd
Format = auto
Extension = pcd
Format = auto
Extension = pcd
Format = auto
Extension = pcd
Format = auto
Extension = pcd
Format = auto
Extension = pcd
Format = auto
Extension = pcd
fusion_method=early pred_boxes=22 gt_boxes=47
pred_scores_shape=(22,)
frame=26/41 receiver_sample=8/20 scenario=2026_07_29_02_32_08 timestamp=000110 cavs=[8]
sgcp_constrained receiver=8 policy=all-cavs sources=[8] clusters=20 ra=fullperception_pcs comm_bytes=0 selected_grids={}
fusion_method=early pred_boxes=23 gt_boxes=47
pred_scores_shape=(23,)
frame=26/41 receiver_sample=9/20 scenario=2026_07_29_02_32_08 timestamp=000110 cavs=[9]
sgcp_constrained receiver=9 policy=all-cavs sources=[9] clusters=20 ra=fullperception_pcs comm_bytes=0 selected_grids={}
fusion_method=early pred_boxes=18 gt_boxes=53
pred_scores_shape=(18,)
frame=26/41 receiver_sample=10/20 scenario=2026_07_29_02_32_08 timestamp=000110 cavs=[10, 2, 11]
sgcp_constrained receiver=10 policy=all-cavs sources=[10, 2, 11] clusters=20 ra=fullperception_pcs comm_bytes=215712 selected_grids={2: 4, 11: 6}
fusion_method=early pred_boxes=26 gt_boxes=67
pred_scores_shape=(26,)
frame=26/41 receiver_sample=11/20 scenario=2026_07_29_02_32_08 timestamp=000110 cavs=[11]
sgcp_constrained receiver=11 policy=all-cavs sources=[11] clusters=20 ra=fullperception_pcs comm_bytes=0 selected_grids={}
fusion_method=early pred_boxes=18 gt_boxes=66
pred_scores_shape=(18,)
frame=26/41 receiver_sample=12/20 scenario=2026_07_29_02_32_08 timestamp=000110 cavs=[12, 8]
sgcp_constrained receiver=12 policy=all-cavs sources=[12, 8] clusters=20 ra=fullperception_pcs comm_bytes=54960 selected_grids={8: 39}
fusion_method=early pred_boxes=28 gt_boxes=53
pred_scores_shape=(28,)
frame=26/41 receiver_sample=13/20 scenario=2026_07_29_02_32_08 timestamp=000110 cavs=[13]
sgcp_constrained receiver=13 policy=all-cavs sources=[13] clusters=20 ra=fullperception_pcs comm_bytes=0 selected_grids={}
fusion_method=early pred_boxes=11 gt_boxes=52
pred_scores_shape=(11,)
frame=26/41 receiver_sample=14/20 scenario=2026_07_29_02_32_08 timestamp=000110 cavs=[14]
sgcp_constrained receiver=14 policy=all-cavs sources=[14] clusters=20 ra=fullperception_pcs comm_bytes=0 selected_grids={}
fusion_method=early pred_boxes=4 gt_boxes=8
pred_scores_shape=(4,)
frame=26/41 receiver_sample=15/20 scenario=2026_07_29_02_32_08 timestamp=000110 cavs=[15]
sgcp_constrained receiver=15 policy=all-cavs sources=[15] clusters=20 ra=fullperception_pcs comm_bytes=0 selected_grids={}
fusion_method=early pred_boxes=17 gt_boxes=61
pred_scores_shape=(17,)
frame=26/41 receiver_sample=16/20 scenario=2026_07_29_02_32_08 timestamp=000110 cavs=[16, 7]
sgcp_constrained receiver=16 policy=all-cavs sources=[16, 7] clusters=20 ra=fullperception_pcs comm_bytes=107872 selected_grids={7: 4}
fusion_method=early pred_boxes=23 gt_boxes=66
pred_scores_shape=(23,)
frame=26/41 receiver_sample=17/20 scenario=2026_07_29_02_32_08 timestamp=000110 cavs=[17, 5]
sgcp_constrained receiver=17 policy=all-cavs sources=[17, 5] clusters=20 ra=fullperception_pcs comm_bytes=107872 selected_grids={5: 3}
fusion_method=early pred_boxes=20 gt_boxes=65
pred_scores_shape=(20,)
frame=26/41 receiver_sample=18/20 scenario=2026_07_29_02_32_08 timestamp=000110 cavs=[18]
sgcp_constrained receiver=18 policy=all-cavs sources=[18] clusters=20 ra=fullperception_pcs comm_bytes=0 selected_grids={}
fusion_method=early pred_boxes=12 gt_boxes=34
pred_scores_shape=(12,)
frame=26/41 receiver_sample=19/20 scenario=2026_07_29_02_32_08 timestamp=000110 cavs=[19]
sgcp_constrained receiver=19 policy=all-cavs sources=[19] clusters=20 ra=fullperception_pcs comm_bytes=0 selected_grids={}
fusion_method=early pred_boxes=18 gt_boxes=56
pred_scores_shape=(18,)
frame=26/41 receiver_sample=20/20 scenario=2026_07_29_02_32_08 timestamp=000110 cavs=[20, 9, 19]
sgcp_constrained receiver=20 policy=all-cavs sources=[20, 9, 19] clusters=20 ra=fullperception_pcs comm_bytes=169520 selected_grids={9: 5, 19: 45}
fusion_method=early pred_boxes=27 gt_boxes=58
pred_scores_shape=(27,)
frame=27/41 receiver_sample=1/20 scenario=2026_07_29_02_32_08 timestamp=000112 cavs=[1, 4]
sgcp_constrained receiver=1 policy=all-cavs sources=[1, 4] clusters=20 ra=fullperception_pcs comm_bytes=107872 selected_grids={4: 7}
fusion_method=early pred_boxes=27 gt_boxes=70
pred_scores_shape=(27,)
frame=27/41 receiver_sample=2/20 scenario=2026_07_29_02_32_08 timestamp=000112 cavs=[2]
sgcp_constrained receiver=2 policy=all-cavs sources=[2] clusters=20 ra=fullperception_pcs comm_bytes=0 selected_grids={}
fusion_method=early pred_boxes=20 gt_boxes=71
pred_scores_shape=(20,)
frame=27/41 receiver_sample=3/20 scenario=2026_07_29_02_32_08 timestamp=000112 cavs=[3, 18]
sgcp_constrained receiver=3 policy=all-cavs sources=[3, 18] clusters=20 ra=fullperception_pcs comm_bytes=52864 selected_grids={18: 43}
fusion_method=early pred_boxes=17 gt_boxes=60
pred_scores_shape=(17,)
frame=27/41 receiver_sample=4/20 scenario=2026_07_29_02_32_08 timestamp=000112 cavs=[4]
sgcp_constrained receiver=4 policy=all-cavs sources=[4] clusters=20 ra=fullperception_pcs comm_bytes=0 selected_grids={}
fusion_method=early pred_boxes=19 gt_boxes=65
pred_scores_shape=(19,)
frame=27/41 receiver_sample=5/20 scenario=2026_07_29_02_32_08 timestamp=000112 cavs=[5]
sgcp_constrained receiver=5 policy=all-cavs sources=[5] clusters=20 ra=fullperception_pcs comm_bytes=0 selected_grids={}
fusion_method=early pred_boxes=21 gt_boxes=51
pred_scores_shape=(21,)
frame=27/41 receiver_sample=6/20 scenario=2026_07_29_02_32_08 timestamp=000112 cavs=[6, 15]
sgcp_constrained receiver=6 policy=all-cavs sources=[6, 15] clusters=20 ra=fullperception_pcs comm_bytes=36160 selected_grids={15: 23}
fusion_method=early pred_boxes=21 gt_boxes=52
pred_scores_shape=(21,)
frame=27/41 receiver_sample=7/20 scenario=2026_07_29_02_32_08 timestamp=000112 cavs=[7]
sgcp_constrained receiver=7 policy=all-cavs sources=[7] clusters=20 ra=fullperception_pcs comm_bytes=0 selected_grids={}
fusion_method=early pred_boxes=20 gt_boxes=47
pred_scores_shape=(20,)
frame=27/41 receiver_sample=8/20 scenario=2026_07_29_02_32_08 timestamp=000112 cavs=[8]
sgcp_constrained receiver=8 policy=all-cavs sources=[8] clusters=20 ra=fullperception_pcs comm_bytes=0 selected_grids={}
fusion_method=early pred_boxes=24 gt_boxes=47
pred_scores_shape=(24,)
frame=27/41 receiver_sample=9/20 scenario=2026_07_29_02_32_08 timestamp=000112 cavs=[9]
sgcp_constrained receiver=9 policy=all-cavs sources=[9] clusters=20 ra=fullperception_pcs comm_bytes=0 selected_grids={}
fusion_method=early pred_boxes=18 gt_boxes=53
pred_scores_shape=(18,)
frame=27/41 receiver_sample=10/20 scenario=2026_07_29_02_32_08 timestamp=000112 cavs=[10, 2, 11]
sgcp_constrained receiver=10 policy=all-cavs sources=[10, 2, 11] clusters=20 ra=fullperception_pcs comm_bytes=215744 selected_grids={2: 4, 11: 6}
fusion_method=early pred_boxes=25 gt_boxes=67
pred_scores_shape=(25,)
frame=27/41 receiver_sample=11/20 scenario=2026_07_29_02_32_08 timestamp=000112 cavs=[11]
sgcp_constrained receiver=11 policy=all-cavs sources=[11] clusters=20 ra=fullperception_pcs comm_bytes=0 selected_grids={}
fusion_method=early pred_boxes=18 gt_boxes=66
pred_scores_shape=(18,)
frame=27/41 receiver_sample=12/20 scenario=2026_07_29_02_32_08 timestamp=000112 cavs=[12, 8]
sgcp_constrained receiver=12 policy=all-cavs sources=[12, 8] clusters=20 ra=fullperception_pcs comm_bytes=55552 selected_grids={8: 40}
fusion_method=early pred_boxes=30 gt_boxes=54
pred_scores_shape=(30,)
frame=27/41 receiver_sample=13/20 scenario=2026_07_29_02_32_08 timestamp=000112 cavs=[13]
sgcp_constrained receiver=13 policy=all-cavs sources=[13] clusters=20 ra=fullperception_pcs comm_bytes=0 selected_grids={}
fusion_method=early pred_boxes=12 gt_boxes=52
pred_scores_shape=(12,)
frame=27/41 receiver_sample=14/20 scenario=2026_07_29_02_32_08 timestamp=000112 cavs=[14]
sgcp_constrained receiver=14 policy=all-cavs sources=[14] clusters=20 ra=fullperception_pcs comm_bytes=0 selected_grids={}
fusion_method=early pred_boxes=4 gt_boxes=8
pred_scores_shape=(4,)
frame=27/41 receiver_sample=15/20 scenario=2026_07_29_02_32_08 timestamp=000112 cavs=[15]
sgcp_constrained receiver=15 policy=all-cavs sources=[15] clusters=20 ra=fullperception_pcs comm_bytes=0 selected_grids={}
fusion_method=early pred_boxes=16 gt_boxes=61Format = auto
Extension = pcd
Format = auto
Extension = pcd
Format = auto
Extension = pcd
Format = auto
Extension = pcd
Format = auto
Extension = pcd
Format = auto
Extension = pcd
Format = auto
Extension = pcd
Format = auto
Extension = pcd
Format = auto
Extension = pcd
Format = auto
Extension = pcd
Format = auto
Extension = pcd
Format = auto
Extension = pcd
Format = auto
Extension = pcd
Format = auto
Extension = pcd
Format = auto
Extension = pcd
Format = auto
Extension = pcd
Format = auto
Extension = pcd
Format = auto
Extension = pcd
Format = auto
Extension = pcd
Format = auto
Extension = pcd
Format = auto
Extension = pcd
Format = auto
Extension = pcd
Format = auto
Extension = pcd
Format = auto
Extension = pcd
Format = auto
Extension = pcd
Format = auto
Extension = pcd
Format = auto
Extension = pcd
Format = auto
Extension = pcd
Format = auto
Extension = pcd
Format = auto
Extension = pcd
Format = auto
Extension = pcd
Format = auto
Extension = pcd
Format = auto
Extension = pcd
Format = auto
Extension = pcd
Format = auto
Extension = pcd
Format = auto
Extension = pcd
Format = auto
Extension = pcd
Format = auto
Extension = pcd
Format = auto
Extension = pcd
Format = auto
Extension = pcd

pred_scores_shape=(16,)
frame=27/41 receiver_sample=16/20 scenario=2026_07_29_02_32_08 timestamp=000112 cavs=[16, 7]
sgcp_constrained receiver=16 policy=all-cavs sources=[16, 7] clusters=20 ra=fullperception_pcs comm_bytes=107856 selected_grids={7: 4}
fusion_method=early pred_boxes=25 gt_boxes=67
pred_scores_shape=(25,)
frame=27/41 receiver_sample=17/20 scenario=2026_07_29_02_32_08 timestamp=000112 cavs=[17, 5]
sgcp_constrained receiver=17 policy=all-cavs sources=[17, 5] clusters=20 ra=fullperception_pcs comm_bytes=59296 selected_grids={5: 39}
fusion_method=early pred_boxes=34 gt_boxes=65
pred_scores_shape=(34,)
frame=27/41 receiver_sample=18/20 scenario=2026_07_29_02_32_08 timestamp=000112 cavs=[18]
sgcp_constrained receiver=18 policy=all-cavs sources=[18] clusters=20 ra=fullperception_pcs comm_bytes=0 selected_grids={}
fusion_method=early pred_boxes=11 gt_boxes=34
pred_scores_shape=(11,)
frame=27/41 receiver_sample=19/20 scenario=2026_07_29_02_32_08 timestamp=000112 cavs=[19]
sgcp_constrained receiver=19 policy=all-cavs sources=[19] clusters=20 ra=fullperception_pcs comm_bytes=0 selected_grids={}
fusion_method=early pred_boxes=19 gt_boxes=55
pred_scores_shape=(19,)
frame=27/41 receiver_sample=20/20 scenario=2026_07_29_02_32_08 timestamp=000112 cavs=[20, 9, 19]
sgcp_constrained receiver=20 policy=all-cavs sources=[20, 9, 19] clusters=20 ra=fullperception_pcs comm_bytes=169616 selected_grids={9: 5, 19: 45}
fusion_method=early pred_boxes=28 gt_boxes=59
pred_scores_shape=(28,)
frame=28/41 receiver_sample=1/20 scenario=2026_07_29_02_32_08 timestamp=000114 cavs=[1, 4]
sgcp_constrained receiver=1 policy=all-cavs sources=[1, 4] clusters=20 ra=fullperception_pcs comm_bytes=107840 selected_grids={4: 6}
fusion_method=early pred_boxes=29 gt_boxes=69
pred_scores_shape=(29,)
frame=28/41 receiver_sample=2/20 scenario=2026_07_29_02_32_08 timestamp=000114 cavs=[2]
sgcp_constrained receiver=2 policy=all-cavs sources=[2] clusters=20 ra=fullperception_pcs comm_bytes=0 selected_grids={}
fusion_method=early pred_boxes=19 gt_boxes=70
pred_scores_shape=(19,)
frame=28/41 receiver_sample=3/20 scenario=2026_07_29_02_32_08 timestamp=000114 cavs=[3, 16, 18]
sgcp_constrained receiver=3 policy=all-cavs sources=[3, 16, 18] clusters=20 ra=fullperception_pcs comm_bytes=160832 selected_grids={16: 6, 18: 42}
fusion_method=early pred_boxes=17 gt_boxes=60
pred_scores_shape=(17,)
frame=28/41 receiver_sample=4/20 scenario=2026_07_29_02_32_08 timestamp=000114 cavs=[4]
sgcp_constrained receiver=4 policy=all-cavs sources=[4] clusters=20 ra=fullperception_pcs comm_bytes=0 selected_grids={}
fusion_method=early pred_boxes=18 gt_boxes=65
pred_scores_shape=(18,)
frame=28/41 receiver_sample=5/20 scenario=2026_07_29_02_32_08 timestamp=000114 cavs=[5]
sgcp_constrained receiver=5 policy=all-cavs sources=[5] clusters=20 ra=fullperception_pcs comm_bytes=0 selected_grids={}
fusion_method=early pred_boxes=18 gt_boxes=52
pred_scores_shape=(18,)
frame=28/41 receiver_sample=6/20 scenario=2026_07_29_02_32_08 timestamp=000114 cavs=[6, 15]
sgcp_constrained receiver=6 policy=all-cavs sources=[6, 15] clusters=20 ra=fullperception_pcs comm_bytes=37040 selected_grids={15: 23}
fusion_method=early pred_boxes=21 gt_boxes=52
pred_scores_shape=(21,)
frame=28/41 receiver_sample=7/20 scenario=2026_07_29_02_32_08 timestamp=000114 cavs=[7]
sgcp_constrained receiver=7 policy=all-cavs sources=[7] clusters=20 ra=fullperception_pcs comm_bytes=0 selected_grids={}
fusion_method=early pred_boxes=18 gt_boxes=47
pred_scores_shape=(18,)
frame=28/41 receiver_sample=8/20 scenario=2026_07_29_02_32_08 timestamp=000114 cavs=[8]
sgcp_constrained receiver=8 policy=all-cavs sources=[8] clusters=20 ra=fullperception_pcs comm_bytes=0 selected_grids={}
fusion_method=early pred_boxes=25 gt_boxes=47
pred_scores_shape=(25,)
frame=28/41 receiver_sample=9/20 scenario=2026_07_29_02_32_08 timestamp=000114 cavs=[9]
sgcp_constrained receiver=9 policy=all-cavs sources=[9] clusters=20 ra=fullperception_pcs comm_bytes=0 selected_grids={}
fusion_method=early pred_boxes=18 gt_boxes=53
pred_scores_shape=(18,)
frame=28/41 receiver_sample=10/20 scenario=2026_07_29_02_32_08 timestamp=000114 cavs=[10, 2, 11]
sgcp_constrained receiver=10 policy=all-cavs sources=[10, 2, 11] clusters=20 ra=fullperception_pcs comm_bytes=215696 selected_grids={2: 4, 11: 6}
fusion_method=early pred_boxes=27 gt_boxes=68
pred_scores_shape=(27,)
frame=28/41 receiver_sample=11/20 scenario=2026_07_29_02_32_08 timestamp=000114 cavs=[11]
sgcp_constrained receiver=11 policy=all-cavs sources=[11] clusters=20 ra=fullperception_pcs comm_bytes=0 selected_grids={}
fusion_method=early pred_boxes=18 gt_boxes=66
pred_scores_shape=(18,)
frame=28/41 receiver_sample=12/20 scenario=2026_07_29_02_32_08 timestamp=000114 cavs=[12, 7, 8]
sgcp_constrained receiver=12 policy=all-cavs sources=[12, 7, 8] clusters=20 ra=fullperception_pcs comm_bytes=122944 selected_grids={7: 27, 8: 40}
fusion_method=early pred_boxes=34 gt_boxes=54
pred_scores_shape=(34,)
frame=28/41 receiver_sample=13/20 scenario=2026_07_29_02_32_08 timestamp=000114 cavs=[13]
sgcp_constrained receiver=13 policy=all-cavs sources=[13] clusters=20 ra=fullperception_pcs comm_bytes=0 selected_grids={}
fusion_method=early pred_boxes=12 gt_boxes=53
pred_scores_shape=(12,)
frame=28/41 receiver_sample=14/20 scenario=2026_07_29_02_32_08 timestamp=000114 cavs=[14]
sgcp_constrained receiver=14 policy=all-cavs sources=[14] clusters=20 ra=fullperception_pcs comm_bytes=0 selected_grids={}
fusion_method=early pred_boxes=4 gt_boxes=8
pred_scores_shape=(4,)
frame=28/41 receiver_sample=15/20 scenario=2026_07_29_02_32_08 timestamp=000114 cavs=[15]
sgcp_constrained receiver=15 policy=all-cavs sources=[15] clusters=20 ra=fullperception_pcs comm_bytes=0 selected_grids={}
fusion_method=early pred_boxes=16 gt_boxes=61
pred_scores_shape=(16,)
frame=28/41 receiver_sample=16/20 scenario=2026_07_29_02_32_08 timestamp=000114 cavs=[16]
sgcp_constrained receiver=16 policy=all-cavs sources=[16] clusters=20 ra=fullperception_pcs comm_bytes=0 selected_grids={}
fusion_method=early pred_boxes=24 gt_boxes=67
pred_scores_shape=(24,)
frame=28/41 receiver_sample=17/20 scenario=2026_07_29_02_32_08 timestamp=000114 cavs=[17, 5]
sgcp_constrained receiver=17 policy=all-cavs sources=[17, 5] clusters=20 ra=fullperception_pcs comm_bytes=44176 selected_grids={5: 40}
fusion_method=early pred_boxes=34 gt_boxes=64
pred_scores_shape=(34,)
frame=28/41 receiver_sample=18/20 scenario=2026_07_29_02_32_08 timestamp=000114 cavs=[18]
sgcp_constrained receiver=18 policy=all-cavs sources=[18] clusters=20 ra=fullperception_pcs comm_bytes=0 selected_grids={}
fusion_method=early pred_boxes=13 gt_boxes=33
pred_scores_shape=(13,)
frame=28/41 receiver_sample=19/20 scenario=2026_07_29_02_32_08 timestamp=000114 cavs=[19]
sgcp_constrained receiver=19 policy=all-cavs sources=[19] clusters=20 ra=fullperception_pcs comm_bytes=0 selected_grids={}
fusion_method=early pred_boxes=19 gt_boxes=55
pred_scores_shape=(19,)
frame=28/41 receiver_sample=20/20 scenario=2026_07_29_02_32_08 timestamp=000114 cavs=[20, 9, 19]
sgcp_constrained receiver=20 policy=all-cavs sources=[20, 9, 19] clusters=20 ra=fullperception_pcs comm_bytes=169648 selected_grids={9: 5, 19: 45}
fusion_method=early pred_boxes=28 gt_boxes=59
pred_scores_shape=(28,)
frame=29/41 receiver_sample=1/20 scenario=2026_07_29_02_32_08 timestamp=000116 cavs=[1, 4]
sgcp_constrained receiver=1 policy=all-cavs sources=[1, 4] clusters=20 ra=fullperception_pcs comm_bytes=107872 selected_grids={4: 6}
fusion_method=early pred_boxes=29 gt_boxes=69
pred_scores_shape=(29,)
frame=29/41 receiver_sample=2/20 scenario=2026_07_29_02_32_08 timestamp=000116 cavs=[2]
sgcp_constrained receiver=2 policy=all-cavs sources=[2] clusters=20 ra=fullperception_pcs comm_bytes=0 selected_grids={}
fusion_method=early pred_boxes=18 gt_boxes=70
pred_scores_shape=(18,)
frame=29/41 receiver_sample=3/20 scenario=2026_07_29_02_32_08 timestamp=000116 cavs=[3, 16, 18]
sgcp_constrained receiver=3 policy=all-cavs sources=[3, 16, 18] clusters=20 ra=fullperception_pcs comm_bytes=160672 selected_grids={16: 5, 18: 43}Format = auto
Extension = pcd
Format = auto
Extension = pcd
Format = auto
Extension = pcd
Format = auto
Extension = pcd
Format = auto
Extension = pcd
Format = auto
Extension = pcd
Format = auto
Extension = pcd
Format = auto
Extension = pcd
Format = auto
Extension = pcd
Format = auto
Extension = pcd
Format = auto
Extension = pcd
Format = auto
Extension = pcd
Format = auto
Extension = pcd
Format = auto
Extension = pcd
Format = auto
Extension = pcd
Format = auto
Extension = pcd
Format = auto
Extension = pcd
Format = auto
Extension = pcd
Format = auto
Extension = pcd
Format = auto
Extension = pcd

fusion_method=early pred_boxes=18 gt_boxes=59
pred_scores_shape=(18,)
frame=29/41 receiver_sample=4/20 scenario=2026_07_29_02_32_08 timestamp=000116 cavs=[4]
sgcp_constrained receiver=4 policy=all-cavs sources=[4] clusters=20 ra=fullperception_pcs comm_bytes=0 selected_grids={}
fusion_method=early pred_boxes=19 gt_boxes=65
pred_scores_shape=(19,)
frame=29/41 receiver_sample=5/20 scenario=2026_07_29_02_32_08 timestamp=000116 cavs=[5]
sgcp_constrained receiver=5 policy=all-cavs sources=[5] clusters=20 ra=fullperception_pcs comm_bytes=0 selected_grids={}
fusion_method=early pred_boxes=21 gt_boxes=52
pred_scores_shape=(21,)
frame=29/41 receiver_sample=6/20 scenario=2026_07_29_02_32_08 timestamp=000116 cavs=[6, 15]
sgcp_constrained receiver=6 policy=all-cavs sources=[6, 15] clusters=20 ra=fullperception_pcs comm_bytes=38272 selected_grids={15: 24}
fusion_method=early pred_boxes=18 gt_boxes=52
pred_scores_shape=(18,)
frame=29/41 receiver_sample=7/20 scenario=2026_07_29_02_32_08 timestamp=000116 cavs=[7]
sgcp_constrained receiver=7 policy=all-cavs sources=[7] clusters=20 ra=fullperception_pcs comm_bytes=0 selected_grids={}
fusion_method=early pred_boxes=18 gt_boxes=47
pred_scores_shape=(18,)
frame=29/41 receiver_sample=8/20 scenario=2026_07_29_02_32_08 timestamp=000116 cavs=[8]
sgcp_constrained receiver=8 policy=all-cavs sources=[8] clusters=20 ra=fullperception_pcs comm_bytes=0 selected_grids={}
fusion_method=early pred_boxes=23 gt_boxes=47
pred_scores_shape=(23,)
frame=29/41 receiver_sample=9/20 scenario=2026_07_29_02_32_08 timestamp=000116 cavs=[9]
sgcp_constrained receiver=9 policy=all-cavs sources=[9] clusters=20 ra=fullperception_pcs comm_bytes=0 selected_grids={}
fusion_method=early pred_boxes=17 gt_boxes=54
pred_scores_shape=(17,)
frame=29/41 receiver_sample=10/20 scenario=2026_07_29_02_32_08 timestamp=000116 cavs=[10, 2, 11]
sgcp_constrained receiver=10 policy=all-cavs sources=[10, 2, 11] clusters=20 ra=fullperception_pcs comm_bytes=215744 selected_grids={2: 4, 11: 6}
fusion_method=early pred_boxes=25 gt_boxes=67
pred_scores_shape=(25,)
frame=29/41 receiver_sample=11/20 scenario=2026_07_29_02_32_08 timestamp=000116 cavs=[11]
sgcp_constrained receiver=11 policy=all-cavs sources=[11] clusters=20 ra=fullperception_pcs comm_bytes=0 selected_grids={}
fusion_method=early pred_boxes=18 gt_boxes=66
pred_scores_shape=(18,)
frame=29/41 receiver_sample=12/20 scenario=2026_07_29_02_32_08 timestamp=000116 cavs=[12, 8]
sgcp_constrained receiver=12 policy=all-cavs sources=[12, 8] clusters=20 ra=fullperception_pcs comm_bytes=55616 selected_grids={8: 40}
fusion_method=early pred_boxes=26 gt_boxes=52
pred_scores_shape=(26,)
frame=29/41 receiver_sample=13/20 scenario=2026_07_29_02_32_08 timestamp=000116 cavs=[13]
sgcp_constrained receiver=13 policy=all-cavs sources=[13] clusters=20 ra=fullperception_pcs comm_bytes=0 selected_grids={}
fusion_method=early pred_boxes=12 gt_boxes=53
pred_scores_shape=(12,)
frame=29/41 receiver_sample=14/20 scenario=2026_07_29_02_32_08 timestamp=000116 cavs=[14]
sgcp_constrained receiver=14 policy=all-cavs sources=[14] clusters=20 ra=fullperception_pcs comm_bytes=0 selected_grids={}
fusion_method=early pred_boxes=4 gt_boxes=8
pred_scores_shape=(4,)
frame=29/41 receiver_sample=15/20 scenario=2026_07_29_02_32_08 timestamp=000116 cavs=[15]
sgcp_constrained receiver=15 policy=all-cavs sources=[15] clusters=20 ra=fullperception_pcs comm_bytes=0 selected_grids={}
fusion_method=early pred_boxes=17 gt_boxes=61
pred_scores_shape=(17,)
frame=29/41 receiver_sample=16/20 scenario=2026_07_29_02_32_08 timestamp=000116 cavs=[16]
sgcp_constrained receiver=16 policy=all-cavs sources=[16] clusters=20 ra=fullperception_pcs comm_bytes=0 selected_grids={}
fusion_method=early pred_boxes=20 gt_boxes=67
pred_scores_shape=(20,)
frame=29/41 receiver_sample=17/20 scenario=2026_07_29_02_32_08 timestamp=000116 cavs=[17, 5]
sgcp_constrained receiver=17 policy=all-cavs sources=[17, 5] clusters=20 ra=fullperception_pcs comm_bytes=42720 selected_grids={5: 38}
fusion_method=early pred_boxes=32 gt_boxes=64
pred_scores_shape=(32,)
frame=29/41 receiver_sample=18/20 scenario=2026_07_29_02_32_08 timestamp=000116 cavs=[18]
sgcp_constrained receiver=18 policy=all-cavs sources=[18] clusters=20 ra=fullperception_pcs comm_bytes=0 selected_grids={}
fusion_method=early pred_boxes=13 gt_boxes=33
pred_scores_shape=(13,)
frame=29/41 receiver_sample=19/20 scenario=2026_07_29_02_32_08 timestamp=000116 cavs=[19]
sgcp_constrained receiver=19 policy=all-cavs sources=[19] clusters=20 ra=fullperception_pcs comm_bytes=0 selected_grids={}
fusion_method=early pred_boxes=19 gt_boxes=54
pred_scores_shape=(19,)
frame=29/41 receiver_sample=20/20 scenario=2026_07_29_02_32_08 timestamp=000116 cavs=[20, 7, 9]
sgcp_constrained receiver=20 policy=all-cavs sources=[20, 7, 9] clusters=20 ra=fullperception_pcs comm_bytes=215744 selected_grids={7: 14, 9: 5}
fusion_method=early pred_boxes=22 gt_boxes=59
pred_scores_shape=(22,)
frame=30/41 receiver_sample=1/20 scenario=2026_07_29_02_32_08 timestamp=000118 cavs=[1, 4]
sgcp_constrained receiver=1 policy=all-cavs sources=[1, 4] clusters=20 ra=fullperception_pcs comm_bytes=107792 selected_grids={4: 5}
fusion_method=early pred_boxes=29 gt_boxes=69
pred_scores_shape=(29,)
frame=30/41 receiver_sample=2/20 scenario=2026_07_29_02_32_08 timestamp=000118 cavs=[2]
sgcp_constrained receiver=2 policy=all-cavs sources=[2] clusters=20 ra=fullperception_pcs comm_bytes=0 selected_grids={}
fusion_method=early pred_boxes=19 gt_boxes=70
pred_scores_shape=(19,)
frame=30/41 receiver_sample=3/20 scenario=2026_07_29_02_32_08 timestamp=000118 cavs=[3, 16, 18]
sgcp_constrained receiver=3 policy=all-cavs sources=[3, 16, 18] clusters=20 ra=fullperception_pcs comm_bytes=161584 selected_grids={16: 5, 18: 44}
fusion_method=early pred_boxes=18 gt_boxes=59
pred_scores_shape=(18,)
frame=30/41 receiver_sample=4/20 scenario=2026_07_29_02_32_08 timestamp=000118 cavs=[4]
sgcp_constrained receiver=4 policy=all-cavs sources=[4] clusters=20 ra=fullperception_pcs comm_bytes=0 selected_grids={}
fusion_method=early pred_boxes=18 gt_boxes=65
pred_scores_shape=(18,)
frame=30/41 receiver_sample=5/20 scenario=2026_07_29_02_32_08 timestamp=000118 cavs=[5]
sgcp_constrained receiver=5 policy=all-cavs sources=[5] clusters=20 ra=fullperception_pcs comm_bytes=0 selected_grids={}
fusion_method=early pred_boxes=21 gt_boxes=53
pred_scores_shape=(21,)
frame=30/41 receiver_sample=6/20 scenario=2026_07_29_02_32_08 timestamp=000118 cavs=[6, 15]
sgcp_constrained receiver=6 policy=all-cavs sources=[6, 15] clusters=20 ra=fullperception_pcs comm_bytes=38896 selected_grids={15: 24}
fusion_method=early pred_boxes=21 gt_boxes=53
pred_scores_shape=(21,)
frame=30/41 receiver_sample=7/20 scenario=2026_07_29_02_32_08 timestamp=000118 cavs=[7]
sgcp_constrained receiver=7 policy=all-cavs sources=[7] clusters=20 ra=fullperception_pcs comm_bytes=0 selected_grids={}
fusion_method=early pred_boxes=20 gt_boxes=46
pred_scores_shape=(20,)
frame=30/41 receiver_sample=8/20 scenario=2026_07_29_02_32_08 timestamp=000118 cavs=[8]
sgcp_constrained receiver=8 policy=all-cavs sources=[8] clusters=20 ra=fullperception_pcs comm_bytes=0 selected_grids={}
fusion_method=early pred_boxes=25 gt_boxes=47
pred_scores_shape=(25,)
frame=30/41 receiver_sample=9/20 scenario=2026_07_29_02_32_08 timestamp=000118 cavs=[9]
sgcp_constrained receiver=9 policy=all-cavs sources=[9] clusters=20 ra=fullperception_pcs comm_bytes=0 selected_grids={}
fusion_method=early pred_boxes=17 gt_boxes=54
pred_scores_shape=(17,)
frame=30/41 receiver_sample=10/20 scenario=2026_07_29_02_32_08 timestamp=000118 cavs=[10, 2, 11]
sgcp_constrained receiver=10 policy=all-cavs sources=[10, 2, 11] clusters=20 ra=fullperception_pcs comm_bytes=215744 selected_grids={2: 4, 11: 5}
fusion_method=early pred_boxes=24 gt_boxes=67
pred_scores_shape=(24,)
frame=30/41 receiver_sample=11/20 scenario=2026_07_29_02_32_08 timestamp=000118 cavs=[11]
sgcp_constrained receiver=11 policy=all-cavs sources=[11] clusters=20 ra=fullperception_pcs comm_bytes=0 selected_grids={}
fusion_method=early pred_boxes=18 gt_boxes=66Format = auto
Extension = pcd
Format = auto
Extension = pcd
Format = auto
Extension = pcd
Format = auto
Extension = pcd
Format = auto
Extension = pcd
Format = auto
Extension = pcd
Format = auto
Extension = pcd
Format = auto
Extension = pcd
Format = auto
Extension = pcd
Format = auto
Extension = pcd
Format = auto
Extension = pcd
Format = auto
Extension = pcd
Format = auto
Extension = pcd
Format = auto
Extension = pcd
Format = auto
Extension = pcd
Format = auto
Extension = pcd
Format = auto
Extension = pcd
Format = auto
Extension = pcd
Format = auto
Extension = pcd
Format = auto
Extension = pcd

pred_scores_shape=(18,)
frame=30/41 receiver_sample=12/20 scenario=2026_07_29_02_32_08 timestamp=000118 cavs=[12, 8]
sgcp_constrained receiver=12 policy=all-cavs sources=[12, 8] clusters=20 ra=fullperception_pcs comm_bytes=55568 selected_grids={8: 40}
fusion_method=early pred_boxes=26 gt_boxes=52
pred_scores_shape=(26,)
frame=30/41 receiver_sample=13/20 scenario=2026_07_29_02_32_08 timestamp=000118 cavs=[13]
sgcp_constrained receiver=13 policy=all-cavs sources=[13] clusters=20 ra=fullperception_pcs comm_bytes=0 selected_grids={}
fusion_method=early pred_boxes=12 gt_boxes=53
pred_scores_shape=(12,)
frame=30/41 receiver_sample=14/20 scenario=2026_07_29_02_32_08 timestamp=000118 cavs=[14]
sgcp_constrained receiver=14 policy=all-cavs sources=[14] clusters=20 ra=fullperception_pcs comm_bytes=0 selected_grids={}
fusion_method=early pred_boxes=6 gt_boxes=8
pred_scores_shape=(6,)
frame=30/41 receiver_sample=15/20 scenario=2026_07_29_02_32_08 timestamp=000118 cavs=[15]
sgcp_constrained receiver=15 policy=all-cavs sources=[15] clusters=20 ra=fullperception_pcs comm_bytes=0 selected_grids={}
fusion_method=early pred_boxes=17 gt_boxes=62
pred_scores_shape=(17,)
frame=30/41 receiver_sample=16/20 scenario=2026_07_29_02_32_08 timestamp=000118 cavs=[16]
sgcp_constrained receiver=16 policy=all-cavs sources=[16] clusters=20 ra=fullperception_pcs comm_bytes=0 selected_grids={}
fusion_method=early pred_boxes=19 gt_boxes=67
pred_scores_shape=(19,)
frame=30/41 receiver_sample=17/20 scenario=2026_07_29_02_32_08 timestamp=000118 cavs=[17, 5]
sgcp_constrained receiver=17 policy=all-cavs sources=[17, 5] clusters=20 ra=fullperception_pcs comm_bytes=41056 selected_grids={5: 38}
fusion_method=early pred_boxes=34 gt_boxes=65
pred_scores_shape=(34,)
frame=30/41 receiver_sample=18/20 scenario=2026_07_29_02_32_08 timestamp=000118 cavs=[18]
sgcp_constrained receiver=18 policy=all-cavs sources=[18] clusters=20 ra=fullperception_pcs comm_bytes=0 selected_grids={}
fusion_method=early pred_boxes=12 gt_boxes=32
pred_scores_shape=(12,)
frame=30/41 receiver_sample=19/20 scenario=2026_07_29_02_32_08 timestamp=000118 cavs=[19]
sgcp_constrained receiver=19 policy=all-cavs sources=[19] clusters=20 ra=fullperception_pcs comm_bytes=0 selected_grids={}
fusion_method=early pred_boxes=20 gt_boxes=54
pred_scores_shape=(20,)
frame=30/41 receiver_sample=20/20 scenario=2026_07_29_02_32_08 timestamp=000118 cavs=[20, 7, 9]
sgcp_constrained receiver=20 policy=all-cavs sources=[20, 7, 9] clusters=20 ra=fullperception_pcs comm_bytes=215728 selected_grids={7: 12, 9: 5}
fusion_method=early pred_boxes=22 gt_boxes=60
pred_scores_shape=(22,)
frame=31/41 receiver_sample=1/20 scenario=2026_07_29_02_32_08 timestamp=000120 cavs=[1, 4]
sgcp_constrained receiver=1 policy=all-cavs sources=[1, 4] clusters=20 ra=fullperception_pcs comm_bytes=107840 selected_grids={4: 6}
fusion_method=early pred_boxes=28 gt_boxes=69
pred_scores_shape=(28,)
frame=31/41 receiver_sample=2/20 scenario=2026_07_29_02_32_08 timestamp=000120 cavs=[2]
sgcp_constrained receiver=2 policy=all-cavs sources=[2] clusters=20 ra=fullperception_pcs comm_bytes=0 selected_grids={}
fusion_method=early pred_boxes=19 gt_boxes=70
pred_scores_shape=(19,)
frame=31/41 receiver_sample=3/20 scenario=2026_07_29_02_32_08 timestamp=000120 cavs=[3, 17, 18]
sgcp_constrained receiver=3 policy=all-cavs sources=[3, 17, 18] clusters=20 ra=fullperception_pcs comm_bytes=162048 selected_grids={17: 5, 18: 46}
fusion_method=early pred_boxes=19 gt_boxes=59
pred_scores_shape=(19,)
frame=31/41 receiver_sample=4/20 scenario=2026_07_29_02_32_08 timestamp=000120 cavs=[4]
sgcp_constrained receiver=4 policy=all-cavs sources=[4] clusters=20 ra=fullperception_pcs comm_bytes=0 selected_grids={}
fusion_method=early pred_boxes=19 gt_boxes=65
pred_scores_shape=(19,)
frame=31/41 receiver_sample=5/20 scenario=2026_07_29_02_32_08 timestamp=000120 cavs=[5]
sgcp_constrained receiver=5 policy=all-cavs sources=[5] clusters=20 ra=fullperception_pcs comm_bytes=0 selected_grids={}
fusion_method=early pred_boxes=21 gt_boxes=54
pred_scores_shape=(21,)
frame=31/41 receiver_sample=6/20 scenario=2026_07_29_02_32_08 timestamp=000120 cavs=[6, 15]
sgcp_constrained receiver=6 policy=all-cavs sources=[6, 15] clusters=20 ra=fullperception_pcs comm_bytes=38672 selected_grids={15: 23}
fusion_method=early pred_boxes=21 gt_boxes=54
pred_scores_shape=(21,)
frame=31/41 receiver_sample=7/20 scenario=2026_07_29_02_32_08 timestamp=000120 cavs=[7]
sgcp_constrained receiver=7 policy=all-cavs sources=[7] clusters=20 ra=fullperception_pcs comm_bytes=0 selected_grids={}
fusion_method=early pred_boxes=25 gt_boxes=46
pred_scores_shape=(25,)
frame=31/41 receiver_sample=8/20 scenario=2026_07_29_02_32_08 timestamp=000120 cavs=[8]
sgcp_constrained receiver=8 policy=all-cavs sources=[8] clusters=20 ra=fullperception_pcs comm_bytes=0 selected_grids={}
fusion_method=early pred_boxes=24 gt_boxes=47
pred_scores_shape=(24,)
frame=31/41 receiver_sample=9/20 scenario=2026_07_29_02_32_08 timestamp=000120 cavs=[9, 11]
sgcp_constrained receiver=9 policy=all-cavs sources=[9, 11] clusters=20 ra=fullperception_pcs comm_bytes=107872 selected_grids={11: 6}
fusion_method=early pred_boxes=22 gt_boxes=53
pred_scores_shape=(22,)
frame=31/41 receiver_sample=10/20 scenario=2026_07_29_02_32_08 timestamp=000120 cavs=[10, 2, 13]
sgcp_constrained receiver=10 policy=all-cavs sources=[10, 2, 13] clusters=20 ra=fullperception_pcs comm_bytes=215744 selected_grids={2: 4, 13: 6}
fusion_method=early pred_boxes=25 gt_boxes=67
pred_scores_shape=(25,)
frame=31/41 receiver_sample=11/20 scenario=2026_07_29_02_32_08 timestamp=000120 cavs=[11]
sgcp_constrained receiver=11 policy=all-cavs sources=[11] clusters=20 ra=fullperception_pcs comm_bytes=0 selected_grids={}
fusion_method=early pred_boxes=18 gt_boxes=66
pred_scores_shape=(18,)
frame=31/41 receiver_sample=12/20 scenario=2026_07_29_02_32_08 timestamp=000120 cavs=[12, 7, 8]
sgcp_constrained receiver=12 policy=all-cavs sources=[12, 7, 8] clusters=20 ra=fullperception_pcs comm_bytes=118560 selected_grids={7: 26, 8: 40}
fusion_method=early pred_boxes=33 gt_boxes=52
pred_scores_shape=(33,)
frame=31/41 receiver_sample=13/20 scenario=2026_07_29_02_32_08 timestamp=000120 cavs=[13]
sgcp_constrained receiver=13 policy=all-cavs sources=[13] clusters=20 ra=fullperception_pcs comm_bytes=0 selected_grids={}
fusion_method=early pred_boxes=9 gt_boxes=53
pred_scores_shape=(9,)
frame=31/41 receiver_sample=14/20 scenario=2026_07_29_02_32_08 timestamp=000120 cavs=[14]
sgcp_constrained receiver=14 policy=all-cavs sources=[14] clusters=20 ra=fullperception_pcs comm_bytes=0 selected_grids={}
fusion_method=early pred_boxes=6 gt_boxes=8
pred_scores_shape=(6,)
frame=31/41 receiver_sample=15/20 scenario=2026_07_29_02_32_08 timestamp=000120 cavs=[15]
sgcp_constrained receiver=15 policy=all-cavs sources=[15] clusters=20 ra=fullperception_pcs comm_bytes=0 selected_grids={}
fusion_method=early pred_boxes=19 gt_boxes=62
pred_scores_shape=(19,)
frame=31/41 receiver_sample=16/20 scenario=2026_07_29_02_32_08 timestamp=000120 cavs=[16]
sgcp_constrained receiver=16 policy=all-cavs sources=[16] clusters=20 ra=fullperception_pcs comm_bytes=0 selected_grids={}
fusion_method=early pred_boxes=21 gt_boxes=66
pred_scores_shape=(21,)
frame=31/41 receiver_sample=17/20 scenario=2026_07_29_02_32_08 timestamp=000120 cavs=[17]
sgcp_constrained receiver=17 policy=all-cavs sources=[17] clusters=20 ra=fullperception_pcs comm_bytes=0 selected_grids={}
fusion_method=early pred_boxes=18 gt_boxes=64
pred_scores_shape=(18,)
frame=31/41 receiver_sample=18/20 scenario=2026_07_29_02_32_08 timestamp=000120 cavs=[18]
sgcp_constrained receiver=18 policy=all-cavs sources=[18] clusters=20 ra=fullperception_pcs comm_bytes=0 selected_grids={}
fusion_method=early pred_boxes=12 gt_boxes=31
pred_scores_shape=(12,)
frame=31/41 receiver_sample=19/20 scenario=2026_07_29_02_32_08 timestamp=000120 cavs=[19, 5, 20]
sgcp_constrained receiver=19 policy=all-cavs sources=[19, 5, 20] clusters=20 ra=fullperception_pcs comm_bytes=142528 selected_grids={5: 27, 20: 24}
fusion_method=early pred_boxes=23 gt_boxes=54Format = auto
Extension = pcd
Format = auto
Extension = pcd
Format = auto
Extension = pcd
Format = auto
Extension = pcd
Format = auto
Extension = pcd
Format = auto
Extension = pcd
Format = auto
Extension = pcd
Format = auto
Extension = pcd
Format = auto
Extension = pcd
Format = auto
Extension = pcd
Format = auto
Extension = pcd
Format = auto
Extension = pcd
Format = auto
Extension = pcd
Format = auto
Extension = pcd
Format = auto
Extension = pcd
Format = auto
Extension = pcd
Format = auto
Extension = pcd
Format = auto
Extension = pcd
Format = auto
Extension = pcd
Format = auto
Extension = pcd
Format = auto
Extension = pcd
Format = auto
Extension = pcd
Format = auto
Extension = pcd
Format = auto
Extension = pcd
Format = auto
Extension = pcd
Format = auto
Extension = pcd
Format = auto
Extension = pcd
Format = auto
Extension = pcd
Format = auto
Extension = pcd
Format = auto
Extension = pcd
Format = auto
Extension = pcd
Format = auto
Extension = pcd
Format = auto
Extension = pcd
Format = auto
Extension = pcd
Format = auto
Extension = pcd
Format = auto
Extension = pcd
Format = auto
Extension = pcd
Format = auto
Extension = pcd
Format = auto
Extension = pcd
Format = auto
Extension = pcd

pred_scores_shape=(23,)
frame=31/41 receiver_sample=20/20 scenario=2026_07_29_02_32_08 timestamp=000120 cavs=[20]
sgcp_constrained receiver=20 policy=all-cavs sources=[20] clusters=20 ra=fullperception_pcs comm_bytes=0 selected_grids={}
fusion_method=early pred_boxes=22 gt_boxes=60
pred_scores_shape=(22,)
frame=32/41 receiver_sample=1/20 scenario=2026_07_29_02_32_08 timestamp=000122 cavs=[1, 4]
sgcp_constrained receiver=1 policy=all-cavs sources=[1, 4] clusters=20 ra=fullperception_pcs comm_bytes=107856 selected_grids={4: 7}
fusion_method=early pred_boxes=29 gt_boxes=69
pred_scores_shape=(29,)
frame=32/41 receiver_sample=2/20 scenario=2026_07_29_02_32_08 timestamp=000122 cavs=[2]
sgcp_constrained receiver=2 policy=all-cavs sources=[2] clusters=20 ra=fullperception_pcs comm_bytes=0 selected_grids={}
fusion_method=early pred_boxes=20 gt_boxes=69
pred_scores_shape=(20,)
frame=32/41 receiver_sample=3/20 scenario=2026_07_29_02_32_08 timestamp=000122 cavs=[3, 16, 17]
sgcp_constrained receiver=3 policy=all-cavs sources=[3, 16, 17] clusters=20 ra=fullperception_pcs comm_bytes=215744 selected_grids={16: 5, 17: 6}
fusion_method=early pred_boxes=16 gt_boxes=57
pred_scores_shape=(16,)
frame=32/41 receiver_sample=4/20 scenario=2026_07_29_02_32_08 timestamp=000122 cavs=[4]
sgcp_constrained receiver=4 policy=all-cavs sources=[4] clusters=20 ra=fullperception_pcs comm_bytes=0 selected_grids={}
fusion_method=early pred_boxes=19 gt_boxes=65
pred_scores_shape=(19,)
frame=32/41 receiver_sample=5/20 scenario=2026_07_29_02_32_08 timestamp=000122 cavs=[5, 7]
sgcp_constrained receiver=5 policy=all-cavs sources=[5, 7] clusters=20 ra=fullperception_pcs comm_bytes=45568 selected_grids={7: 30}
fusion_method=early pred_boxes=22 gt_boxes=58
pred_scores_shape=(22,)
frame=32/41 receiver_sample=6/20 scenario=2026_07_29_02_32_08 timestamp=000122 cavs=[6]
sgcp_constrained receiver=6 policy=all-cavs sources=[6] clusters=20 ra=fullperception_pcs comm_bytes=0 selected_grids={}
fusion_method=early pred_boxes=14 gt_boxes=54
pred_scores_shape=(14,)
frame=32/41 receiver_sample=7/20 scenario=2026_07_29_02_32_08 timestamp=000122 cavs=[7]
sgcp_constrained receiver=7 policy=all-cavs sources=[7] clusters=20 ra=fullperception_pcs comm_bytes=0 selected_grids={}
fusion_method=early pred_boxes=21 gt_boxes=46
pred_scores_shape=(21,)
frame=32/41 receiver_sample=8/20 scenario=2026_07_29_02_32_08 timestamp=000122 cavs=[8]
sgcp_constrained receiver=8 policy=all-cavs sources=[8] clusters=20 ra=fullperception_pcs comm_bytes=0 selected_grids={}
fusion_method=early pred_boxes=25 gt_boxes=47
pred_scores_shape=(25,)
frame=32/41 receiver_sample=9/20 scenario=2026_07_29_02_32_08 timestamp=000122 cavs=[9]
sgcp_constrained receiver=9 policy=all-cavs sources=[9] clusters=20 ra=fullperception_pcs comm_bytes=0 selected_grids={}
fusion_method=early pred_boxes=17 gt_boxes=53
pred_scores_shape=(17,)
frame=32/41 receiver_sample=10/20 scenario=2026_07_29_02_32_08 timestamp=000122 cavs=[10]
sgcp_constrained receiver=10 policy=all-cavs sources=[10] clusters=20 ra=fullperception_pcs comm_bytes=0 selected_grids={}
fusion_method=early pred_boxes=23 gt_boxes=67
pred_scores_shape=(23,)
frame=32/41 receiver_sample=11/20 scenario=2026_07_29_02_32_08 timestamp=000122 cavs=[11]
sgcp_constrained receiver=11 policy=all-cavs sources=[11] clusters=20 ra=fullperception_pcs comm_bytes=0 selected_grids={}
fusion_method=early pred_boxes=18 gt_boxes=66
pred_scores_shape=(18,)
frame=32/41 receiver_sample=12/20 scenario=2026_07_29_02_32_08 timestamp=000122 cavs=[12, 8]
sgcp_constrained receiver=12 policy=all-cavs sources=[12, 8] clusters=20 ra=fullperception_pcs comm_bytes=55632 selected_grids={8: 40}
fusion_method=early pred_boxes=29 gt_boxes=52
pred_scores_shape=(29,)
frame=32/41 receiver_sample=13/20 scenario=2026_07_29_02_32_08 timestamp=000122 cavs=[13]
sgcp_constrained receiver=13 policy=all-cavs sources=[13] clusters=20 ra=fullperception_pcs comm_bytes=0 selected_grids={}
fusion_method=early pred_boxes=10 gt_boxes=54
pred_scores_shape=(10,)
frame=32/41 receiver_sample=14/20 scenario=2026_07_29_02_32_08 timestamp=000122 cavs=[14, 13]
sgcp_constrained receiver=14 policy=all-cavs sources=[14, 13] clusters=20 ra=fullperception_pcs comm_bytes=107872 selected_grids={13: 5}
fusion_method=early pred_boxes=7 gt_boxes=8
pred_scores_shape=(7,)
frame=32/41 receiver_sample=15/20 scenario=2026_07_29_02_32_08 timestamp=000122 cavs=[15, 2, 6]
sgcp_constrained receiver=15 policy=all-cavs sources=[15, 2, 6] clusters=20 ra=fullperception_pcs comm_bytes=119312 selected_grids={2: 6, 6: 27}
fusion_method=early pred_boxes=24 gt_boxes=62
pred_scores_shape=(24,)
frame=32/41 receiver_sample=16/20 scenario=2026_07_29_02_32_08 timestamp=000122 cavs=[16]
sgcp_constrained receiver=16 policy=all-cavs sources=[16] clusters=20 ra=fullperception_pcs comm_bytes=0 selected_grids={}
fusion_method=early pred_boxes=19 gt_boxes=66
pred_scores_shape=(19,)
frame=32/41 receiver_sample=17/20 scenario=2026_07_29_02_32_08 timestamp=000122 cavs=[17]
sgcp_constrained receiver=17 policy=all-cavs sources=[17] clusters=20 ra=fullperception_pcs comm_bytes=0 selected_grids={}
fusion_method=early pred_boxes=17 gt_boxes=64
pred_scores_shape=(17,)
frame=32/41 receiver_sample=18/20 scenario=2026_07_29_02_32_08 timestamp=000122 cavs=[18]
sgcp_constrained receiver=18 policy=all-cavs sources=[18] clusters=20 ra=fullperception_pcs comm_bytes=0 selected_grids={}
fusion_method=early pred_boxes=12 gt_boxes=30
pred_scores_shape=(12,)
frame=32/41 receiver_sample=19/20 scenario=2026_07_29_02_32_08 timestamp=000122 cavs=[19]
sgcp_constrained receiver=19 policy=all-cavs sources=[19] clusters=20 ra=fullperception_pcs comm_bytes=0 selected_grids={}
fusion_method=early pred_boxes=19 gt_boxes=54
pred_scores_shape=(19,)
frame=32/41 receiver_sample=20/20 scenario=2026_07_29_02_32_08 timestamp=000122 cavs=[20, 9, 10]
sgcp_constrained receiver=20 policy=all-cavs sources=[20, 9, 10] clusters=20 ra=fullperception_pcs comm_bytes=215744 selected_grids={9: 5, 10: 5}
fusion_method=early pred_boxes=23 gt_boxes=60
pred_scores_shape=(23,)
frame=33/41 receiver_sample=1/20 scenario=2026_07_29_02_32_08 timestamp=000124 cavs=[1, 4]
sgcp_constrained receiver=1 policy=all-cavs sources=[1, 4] clusters=20 ra=fullperception_pcs comm_bytes=107872 selected_grids={4: 6}
fusion_method=early pred_boxes=26 gt_boxes=69
pred_scores_shape=(26,)
frame=33/41 receiver_sample=2/20 scenario=2026_07_29_02_32_08 timestamp=000124 cavs=[2]
sgcp_constrained receiver=2 policy=all-cavs sources=[2] clusters=20 ra=fullperception_pcs comm_bytes=0 selected_grids={}
fusion_method=early pred_boxes=20 gt_boxes=69
pred_scores_shape=(20,)
frame=33/41 receiver_sample=3/20 scenario=2026_07_29_02_32_08 timestamp=000124 cavs=[3, 16, 17]
sgcp_constrained receiver=3 policy=all-cavs sources=[3, 16, 17] clusters=20 ra=fullperception_pcs comm_bytes=215728 selected_grids={16: 4, 17: 5}
fusion_method=early pred_boxes=14 gt_boxes=56
pred_scores_shape=(14,)
frame=33/41 receiver_sample=4/20 scenario=2026_07_29_02_32_08 timestamp=000124 cavs=[4]
sgcp_constrained receiver=4 policy=all-cavs sources=[4] clusters=20 ra=fullperception_pcs comm_bytes=0 selected_grids={}
fusion_method=early pred_boxes=17 gt_boxes=65
pred_scores_shape=(17,)
frame=33/41 receiver_sample=5/20 scenario=2026_07_29_02_32_08 timestamp=000124 cavs=[5]
sgcp_constrained receiver=5 policy=all-cavs sources=[5] clusters=20 ra=fullperception_pcs comm_bytes=0 selected_grids={}
fusion_method=early pred_boxes=24 gt_boxes=58
pred_scores_shape=(24,)
frame=33/41 receiver_sample=6/20 scenario=2026_07_29_02_32_08 timestamp=000124 cavs=[6]
sgcp_constrained receiver=6 policy=all-cavs sources=[6] clusters=20 ra=fullperception_pcs comm_bytes=0 selected_grids={}
fusion_method=early pred_boxes=14 gt_boxes=54
pred_scores_shape=(14,)
frame=33/41 receiver_sample=7/20 scenario=2026_07_29_02_32_08 timestamp=000124 cavs=[7, 12]
sgcp_constrained receiver=7 policy=all-cavs sources=[7, 12] clusters=20 ra=fullperception_pcs comm_bytes=106528 selected_grids={12: 32}
fusion_method=early pred_boxes=21 gt_boxes=45
pred_scores_shape=(21,)Format = auto
Extension = pcd
Format = auto
Extension = pcd
Format = auto
Extension = pcd
Format = auto
Extension = pcd
Format = auto
Extension = pcd
Format = auto
Extension = pcd
Format = auto
Extension = pcd
Format = auto
Extension = pcd
Format = auto
Extension = pcd
Format = auto
Extension = pcd
Format = auto
Extension = pcd
Format = auto
Extension = pcd
Format = auto
Extension = pcd
Format = auto
Extension = pcd
Format = auto
Extension = pcd
Format = auto
Extension = pcd
Format = auto
Extension = pcd
Format = auto
Extension = pcd
Format = auto
Extension = pcd
Format = auto
Extension = pcd

frame=33/41 receiver_sample=8/20 scenario=2026_07_29_02_32_08 timestamp=000124 cavs=[8]
sgcp_constrained receiver=8 policy=all-cavs sources=[8] clusters=20 ra=fullperception_pcs comm_bytes=0 selected_grids={}
fusion_method=early pred_boxes=26 gt_boxes=47
pred_scores_shape=(26,)
frame=33/41 receiver_sample=9/20 scenario=2026_07_29_02_32_08 timestamp=000124 cavs=[9]
sgcp_constrained receiver=9 policy=all-cavs sources=[9] clusters=20 ra=fullperception_pcs comm_bytes=0 selected_grids={}
fusion_method=early pred_boxes=17 gt_boxes=53
pred_scores_shape=(17,)
frame=33/41 receiver_sample=10/20 scenario=2026_07_29_02_32_08 timestamp=000124 cavs=[10]
sgcp_constrained receiver=10 policy=all-cavs sources=[10] clusters=20 ra=fullperception_pcs comm_bytes=0 selected_grids={}
fusion_method=early pred_boxes=20 gt_boxes=67
pred_scores_shape=(20,)
frame=33/41 receiver_sample=11/20 scenario=2026_07_29_02_32_08 timestamp=000124 cavs=[11, 8]
sgcp_constrained receiver=11 policy=all-cavs sources=[11, 8] clusters=20 ra=fullperception_pcs comm_bytes=30048 selected_grids={8: 23}
fusion_method=early pred_boxes=22 gt_boxes=66
pred_scores_shape=(22,)
frame=33/41 receiver_sample=12/20 scenario=2026_07_29_02_32_08 timestamp=000124 cavs=[12]
sgcp_constrained receiver=12 policy=all-cavs sources=[12] clusters=20 ra=fullperception_pcs comm_bytes=0 selected_grids={}
fusion_method=early pred_boxes=12 gt_boxes=52
pred_scores_shape=(12,)
frame=33/41 receiver_sample=13/20 scenario=2026_07_29_02_32_08 timestamp=000124 cavs=[13]
sgcp_constrained receiver=13 policy=all-cavs sources=[13] clusters=20 ra=fullperception_pcs comm_bytes=0 selected_grids={}
fusion_method=early pred_boxes=11 gt_boxes=54
pred_scores_shape=(11,)
frame=33/41 receiver_sample=14/20 scenario=2026_07_29_02_32_08 timestamp=000124 cavs=[14, 13]
sgcp_constrained receiver=14 policy=all-cavs sources=[14, 13] clusters=20 ra=fullperception_pcs comm_bytes=107872 selected_grids={13: 6}
fusion_method=early pred_boxes=6 gt_boxes=8
pred_scores_shape=(6,)
frame=33/41 receiver_sample=15/20 scenario=2026_07_29_02_32_08 timestamp=000124 cavs=[15, 2, 6]
sgcp_constrained receiver=15 policy=all-cavs sources=[15, 2, 6] clusters=20 ra=fullperception_pcs comm_bytes=215696 selected_grids={2: 6, 6: 6}
fusion_method=early pred_boxes=25 gt_boxes=62
pred_scores_shape=(25,)
frame=33/41 receiver_sample=16/20 scenario=2026_07_29_02_32_08 timestamp=000124 cavs=[16]
sgcp_constrained receiver=16 policy=all-cavs sources=[16] clusters=20 ra=fullperception_pcs comm_bytes=0 selected_grids={}
fusion_method=early pred_boxes=16 gt_boxes=66
pred_scores_shape=(16,)
frame=33/41 receiver_sample=17/20 scenario=2026_07_29_02_32_08 timestamp=000124 cavs=[17]
sgcp_constrained receiver=17 policy=all-cavs sources=[17] clusters=20 ra=fullperception_pcs comm_bytes=0 selected_grids={}
fusion_method=early pred_boxes=19 gt_boxes=64
pred_scores_shape=(19,)
frame=33/41 receiver_sample=18/20 scenario=2026_07_29_02_32_08 timestamp=000124 cavs=[18]
sgcp_constrained receiver=18 policy=all-cavs sources=[18] clusters=20 ra=fullperception_pcs comm_bytes=0 selected_grids={}
fusion_method=early pred_boxes=10 gt_boxes=30
pred_scores_shape=(10,)
frame=33/41 receiver_sample=19/20 scenario=2026_07_29_02_32_08 timestamp=000124 cavs=[19]
sgcp_constrained receiver=19 policy=all-cavs sources=[19] clusters=20 ra=fullperception_pcs comm_bytes=0 selected_grids={}
fusion_method=early pred_boxes=20 gt_boxes=54
pred_scores_shape=(20,)
frame=33/41 receiver_sample=20/20 scenario=2026_07_29_02_32_08 timestamp=000124 cavs=[20, 9, 10]
sgcp_constrained receiver=20 policy=all-cavs sources=[20, 9, 10] clusters=20 ra=fullperception_pcs comm_bytes=215744 selected_grids={9: 6, 10: 5}
fusion_method=early pred_boxes=23 gt_boxes=60
pred_scores_shape=(23,)
frame=34/41 receiver_sample=1/20 scenario=2026_07_29_02_32_08 timestamp=000126 cavs=[1, 4]
sgcp_constrained receiver=1 policy=all-cavs sources=[1, 4] clusters=20 ra=fullperception_pcs comm_bytes=107856 selected_grids={4: 5}
fusion_method=early pred_boxes=24 gt_boxes=69
pred_scores_shape=(24,)
frame=34/41 receiver_sample=2/20 scenario=2026_07_29_02_32_08 timestamp=000126 cavs=[2]
sgcp_constrained receiver=2 policy=all-cavs sources=[2] clusters=20 ra=fullperception_pcs comm_bytes=0 selected_grids={}
fusion_method=early pred_boxes=19 gt_boxes=69
pred_scores_shape=(19,)
frame=34/41 receiver_sample=3/20 scenario=2026_07_29_02_32_08 timestamp=000126 cavs=[3, 16, 17]
sgcp_constrained receiver=3 policy=all-cavs sources=[3, 16, 17] clusters=20 ra=fullperception_pcs comm_bytes=215744 selected_grids={16: 5, 17: 6}
fusion_method=early pred_boxes=14 gt_boxes=56
pred_scores_shape=(14,)
frame=34/41 receiver_sample=4/20 scenario=2026_07_29_02_32_08 timestamp=000126 cavs=[4]
sgcp_constrained receiver=4 policy=all-cavs sources=[4] clusters=20 ra=fullperception_pcs comm_bytes=0 selected_grids={}
fusion_method=early pred_boxes=18 gt_boxes=65
pred_scores_shape=(18,)
frame=34/41 receiver_sample=5/20 scenario=2026_07_29_02_32_08 timestamp=000126 cavs=[5]
sgcp_constrained receiver=5 policy=all-cavs sources=[5] clusters=20 ra=fullperception_pcs comm_bytes=0 selected_grids={}
fusion_method=early pred_boxes=23 gt_boxes=59
pred_scores_shape=(23,)
frame=34/41 receiver_sample=6/20 scenario=2026_07_29_02_32_08 timestamp=000126 cavs=[6]
sgcp_constrained receiver=6 policy=all-cavs sources=[6] clusters=20 ra=fullperception_pcs comm_bytes=0 selected_grids={}
fusion_method=early pred_boxes=13 gt_boxes=55
pred_scores_shape=(13,)
frame=34/41 receiver_sample=7/20 scenario=2026_07_29_02_32_08 timestamp=000126 cavs=[7, 12]
sgcp_constrained receiver=7 policy=all-cavs sources=[7, 12] clusters=20 ra=fullperception_pcs comm_bytes=96336 selected_grids={12: 32}
fusion_method=early pred_boxes=22 gt_boxes=45
pred_scores_shape=(22,)
frame=34/41 receiver_sample=8/20 scenario=2026_07_29_02_32_08 timestamp=000126 cavs=[8]
sgcp_constrained receiver=8 policy=all-cavs sources=[8] clusters=20 ra=fullperception_pcs comm_bytes=0 selected_grids={}
fusion_method=early pred_boxes=25 gt_boxes=46
pred_scores_shape=(25,)
frame=34/41 receiver_sample=9/20 scenario=2026_07_29_02_32_08 timestamp=000126 cavs=[9]
sgcp_constrained receiver=9 policy=all-cavs sources=[9] clusters=20 ra=fullperception_pcs comm_bytes=0 selected_grids={}
fusion_method=early pred_boxes=17 gt_boxes=53
pred_scores_shape=(17,)
frame=34/41 receiver_sample=10/20 scenario=2026_07_29_02_32_08 timestamp=000126 cavs=[10]
sgcp_constrained receiver=10 policy=all-cavs sources=[10] clusters=20 ra=fullperception_pcs comm_bytes=0 selected_grids={}
fusion_method=early pred_boxes=22 gt_boxes=67
pred_scores_shape=(22,)
frame=34/41 receiver_sample=11/20 scenario=2026_07_29_02_32_08 timestamp=000126 cavs=[11, 8]
sgcp_constrained receiver=11 policy=all-cavs sources=[11, 8] clusters=20 ra=fullperception_pcs comm_bytes=30048 selected_grids={8: 23}
fusion_method=early pred_boxes=21 gt_boxes=66
pred_scores_shape=(21,)
frame=34/41 receiver_sample=12/20 scenario=2026_07_29_02_32_08 timestamp=000126 cavs=[12]
sgcp_constrained receiver=12 policy=all-cavs sources=[12] clusters=20 ra=fullperception_pcs comm_bytes=0 selected_grids={}
fusion_method=early pred_boxes=12 gt_boxes=52
pred_scores_shape=(12,)
frame=34/41 receiver_sample=13/20 scenario=2026_07_29_02_32_08 timestamp=000126 cavs=[13]
sgcp_constrained receiver=13 policy=all-cavs sources=[13] clusters=20 ra=fullperception_pcs comm_bytes=0 selected_grids={}
fusion_method=early pred_boxes=10 gt_boxes=54
pred_scores_shape=(10,)
frame=34/41 receiver_sample=14/20 scenario=2026_07_29_02_32_08 timestamp=000126 cavs=[14, 13]
sgcp_constrained receiver=14 policy=all-cavs sources=[14, 13] clusters=20 ra=fullperception_pcs comm_bytes=107872 selected_grids={13: 6}
fusion_method=early pred_boxes=6 gt_boxes=8
pred_scores_shape=(6,)
frame=34/41 receiver_sample=15/20 scenario=2026_07_29_02_32_08 timestamp=000126 cavs=[15, 2, 6]
sgcp_constrained receiver=15 policy=all-cavs sources=[15, 2, 6] clusters=20 ra=fullperception_pcs comm_bytes=215680 selected_grids={2: 4, 6: 6}
fusion_method=early pred_boxes=23 gt_boxes=62
pred_scores_shape=(23,)Format = auto
Extension = pcd
Format = auto
Extension = pcd
Format = auto
Extension = pcd
Format = auto
Extension = pcd
Format = auto
Extension = pcd
Format = auto
Extension = pcd
Format = auto
Extension = pcd
Format = auto
Extension = pcd
Format = auto
Extension = pcd
Format = auto
Extension = pcd
Format = auto
Extension = pcd
Format = auto
Extension = pcd
Format = auto
Extension = pcd
Format = auto
Extension = pcd
Format = auto
Extension = pcd
Format = auto
Extension = pcd
Format = auto
Extension = pcd
Format = auto
Extension = pcd
Format = auto
Extension = pcd
Format = auto
Extension = pcd
Format = auto
Extension = pcd
Format = auto
Extension = pcd
Format = auto
Extension = pcd
Format = auto
Extension = pcd
Format = auto
Extension = pcd
Format = auto
Extension = pcd
Format = auto
Extension = pcd
Format = auto
Extension = pcd
Format = auto
Extension = pcd
Format = auto
Extension = pcd
Format = auto
Extension = pcd
Format = auto
Extension = pcd
Format = auto
Extension = pcd
Format = auto
Extension = pcd
Format = auto
Extension = pcd
Format = auto
Extension = pcd
Format = auto
Extension = pcd
Format = auto
Extension = pcd
Format = auto
Extension = pcd
Format = auto
Extension = pcd

frame=34/41 receiver_sample=16/20 scenario=2026_07_29_02_32_08 timestamp=000126 cavs=[16]
sgcp_constrained receiver=16 policy=all-cavs sources=[16] clusters=20 ra=fullperception_pcs comm_bytes=0 selected_grids={}
fusion_method=early pred_boxes=20 gt_boxes=66
pred_scores_shape=(20,)
frame=34/41 receiver_sample=17/20 scenario=2026_07_29_02_32_08 timestamp=000126 cavs=[17]
sgcp_constrained receiver=17 policy=all-cavs sources=[17] clusters=20 ra=fullperception_pcs comm_bytes=0 selected_grids={}
fusion_method=early pred_boxes=17 gt_boxes=64
pred_scores_shape=(17,)
frame=34/41 receiver_sample=18/20 scenario=2026_07_29_02_32_08 timestamp=000126 cavs=[18]
sgcp_constrained receiver=18 policy=all-cavs sources=[18] clusters=20 ra=fullperception_pcs comm_bytes=0 selected_grids={}
fusion_method=early pred_boxes=10 gt_boxes=29
pred_scores_shape=(10,)
frame=34/41 receiver_sample=19/20 scenario=2026_07_29_02_32_08 timestamp=000126 cavs=[19]
sgcp_constrained receiver=19 policy=all-cavs sources=[19] clusters=20 ra=fullperception_pcs comm_bytes=0 selected_grids={}
fusion_method=early pred_boxes=20 gt_boxes=54
pred_scores_shape=(20,)
frame=34/41 receiver_sample=20/20 scenario=2026_07_29_02_32_08 timestamp=000126 cavs=[20, 9, 10]
sgcp_constrained receiver=20 policy=all-cavs sources=[20, 9, 10] clusters=20 ra=fullperception_pcs comm_bytes=215744 selected_grids={9: 5, 10: 5}
fusion_method=early pred_boxes=23 gt_boxes=59
pred_scores_shape=(23,)
frame=35/41 receiver_sample=1/20 scenario=2026_07_29_02_32_08 timestamp=000128 cavs=[1, 4]
sgcp_constrained receiver=1 policy=all-cavs sources=[1, 4] clusters=20 ra=fullperception_pcs comm_bytes=107824 selected_grids={4: 4}
fusion_method=early pred_boxes=24 gt_boxes=69
pred_scores_shape=(24,)
frame=35/41 receiver_sample=2/20 scenario=2026_07_29_02_32_08 timestamp=000128 cavs=[2]
sgcp_constrained receiver=2 policy=all-cavs sources=[2] clusters=20 ra=fullperception_pcs comm_bytes=0 selected_grids={}
fusion_method=early pred_boxes=19 gt_boxes=69
pred_scores_shape=(19,)
frame=35/41 receiver_sample=3/20 scenario=2026_07_29_02_32_08 timestamp=000128 cavs=[3, 16, 17]
sgcp_constrained receiver=3 policy=all-cavs sources=[3, 16, 17] clusters=20 ra=fullperception_pcs comm_bytes=215744 selected_grids={16: 3, 17: 6}
fusion_method=early pred_boxes=14 gt_boxes=56
pred_scores_shape=(14,)
frame=35/41 receiver_sample=4/20 scenario=2026_07_29_02_32_08 timestamp=000128 cavs=[4]
sgcp_constrained receiver=4 policy=all-cavs sources=[4] clusters=20 ra=fullperception_pcs comm_bytes=0 selected_grids={}
fusion_method=early pred_boxes=17 gt_boxes=65
pred_scores_shape=(17,)
frame=35/41 receiver_sample=5/20 scenario=2026_07_29_02_32_08 timestamp=000128 cavs=[5]
sgcp_constrained receiver=5 policy=all-cavs sources=[5] clusters=20 ra=fullperception_pcs comm_bytes=0 selected_grids={}
fusion_method=early pred_boxes=23 gt_boxes=63
pred_scores_shape=(23,)
frame=35/41 receiver_sample=6/20 scenario=2026_07_29_02_32_08 timestamp=000128 cavs=[6]
sgcp_constrained receiver=6 policy=all-cavs sources=[6] clusters=20 ra=fullperception_pcs comm_bytes=0 selected_grids={}
fusion_method=early pred_boxes=15 gt_boxes=54
pred_scores_shape=(15,)
frame=35/41 receiver_sample=7/20 scenario=2026_07_29_02_32_08 timestamp=000128 cavs=[7, 12]
sgcp_constrained receiver=7 policy=all-cavs sources=[7, 12] clusters=20 ra=fullperception_pcs comm_bytes=90768 selected_grids={12: 32}
fusion_method=early pred_boxes=22 gt_boxes=45
pred_scores_shape=(22,)
frame=35/41 receiver_sample=8/20 scenario=2026_07_29_02_32_08 timestamp=000128 cavs=[8]
sgcp_constrained receiver=8 policy=all-cavs sources=[8] clusters=20 ra=fullperception_pcs comm_bytes=0 selected_grids={}
fusion_method=early pred_boxes=25 gt_boxes=46
pred_scores_shape=(25,)
frame=35/41 receiver_sample=9/20 scenario=2026_07_29_02_32_08 timestamp=000128 cavs=[9]
sgcp_constrained receiver=9 policy=all-cavs sources=[9] clusters=20 ra=fullperception_pcs comm_bytes=0 selected_grids={}
fusion_method=early pred_boxes=16 gt_boxes=53
pred_scores_shape=(16,)
frame=35/41 receiver_sample=10/20 scenario=2026_07_29_02_32_08 timestamp=000128 cavs=[10]
sgcp_constrained receiver=10 policy=all-cavs sources=[10] clusters=20 ra=fullperception_pcs comm_bytes=0 selected_grids={}
fusion_method=early pred_boxes=20 gt_boxes=67
pred_scores_shape=(20,)
frame=35/41 receiver_sample=11/20 scenario=2026_07_29_02_32_08 timestamp=000128 cavs=[11, 8]
sgcp_constrained receiver=11 policy=all-cavs sources=[11, 8] clusters=20 ra=fullperception_pcs comm_bytes=30048 selected_grids={8: 23}
fusion_method=early pred_boxes=21 gt_boxes=65
pred_scores_shape=(21,)
frame=35/41 receiver_sample=12/20 scenario=2026_07_29_02_32_08 timestamp=000128 cavs=[12]
sgcp_constrained receiver=12 policy=all-cavs sources=[12] clusters=20 ra=fullperception_pcs comm_bytes=0 selected_grids={}
fusion_method=early pred_boxes=13 gt_boxes=52
pred_scores_shape=(13,)
frame=35/41 receiver_sample=13/20 scenario=2026_07_29_02_32_08 timestamp=000128 cavs=[13]
sgcp_constrained receiver=13 policy=all-cavs sources=[13] clusters=20 ra=fullperception_pcs comm_bytes=0 selected_grids={}
fusion_method=early pred_boxes=10 gt_boxes=54
pred_scores_shape=(10,)
frame=35/41 receiver_sample=14/20 scenario=2026_07_29_02_32_08 timestamp=000128 cavs=[14, 13]
sgcp_constrained receiver=14 policy=all-cavs sources=[14, 13] clusters=20 ra=fullperception_pcs comm_bytes=107872 selected_grids={13: 6}
fusion_method=early pred_boxes=7 gt_boxes=8
pred_scores_shape=(7,)
frame=35/41 receiver_sample=15/20 scenario=2026_07_29_02_32_08 timestamp=000128 cavs=[15, 2, 6]
sgcp_constrained receiver=15 policy=all-cavs sources=[15, 2, 6] clusters=20 ra=fullperception_pcs comm_bytes=215728 selected_grids={2: 4, 6: 5}
fusion_method=early pred_boxes=24 gt_boxes=61
pred_scores_shape=(24,)
frame=35/41 receiver_sample=16/20 scenario=2026_07_29_02_32_08 timestamp=000128 cavs=[16]
sgcp_constrained receiver=16 policy=all-cavs sources=[16] clusters=20 ra=fullperception_pcs comm_bytes=0 selected_grids={}
fusion_method=early pred_boxes=16 gt_boxes=66
pred_scores_shape=(16,)
frame=35/41 receiver_sample=17/20 scenario=2026_07_29_02_32_08 timestamp=000128 cavs=[17]
sgcp_constrained receiver=17 policy=all-cavs sources=[17] clusters=20 ra=fullperception_pcs comm_bytes=0 selected_grids={}
fusion_method=early pred_boxes=18 gt_boxes=64
pred_scores_shape=(18,)
frame=35/41 receiver_sample=18/20 scenario=2026_07_29_02_32_08 timestamp=000128 cavs=[18]
sgcp_constrained receiver=18 policy=all-cavs sources=[18] clusters=20 ra=fullperception_pcs comm_bytes=0 selected_grids={}
fusion_method=early pred_boxes=10 gt_boxes=29
pred_scores_shape=(10,)
frame=35/41 receiver_sample=19/20 scenario=2026_07_29_02_32_08 timestamp=000128 cavs=[19]
sgcp_constrained receiver=19 policy=all-cavs sources=[19] clusters=20 ra=fullperception_pcs comm_bytes=0 selected_grids={}
fusion_method=early pred_boxes=17 gt_boxes=54
pred_scores_shape=(17,)
frame=35/41 receiver_sample=20/20 scenario=2026_07_29_02_32_08 timestamp=000128 cavs=[20, 9, 10]
sgcp_constrained receiver=20 policy=all-cavs sources=[20, 9, 10] clusters=20 ra=fullperception_pcs comm_bytes=215744 selected_grids={9: 7, 10: 5}
fusion_method=early pred_boxes=25 gt_boxes=59
pred_scores_shape=(25,)
frame=36/41 receiver_sample=1/20 scenario=2026_07_29_02_32_08 timestamp=000130 cavs=[1, 4]
sgcp_constrained receiver=1 policy=all-cavs sources=[1, 4] clusters=20 ra=fullperception_pcs comm_bytes=107792 selected_grids={4: 4}
fusion_method=early pred_boxes=24 gt_boxes=68
pred_scores_shape=(24,)
frame=36/41 receiver_sample=2/20 scenario=2026_07_29_02_32_08 timestamp=000130 cavs=[2]
sgcp_constrained receiver=2 policy=all-cavs sources=[2] clusters=20 ra=fullperception_pcs comm_bytes=0 selected_grids={}
fusion_method=early pred_boxes=19 gt_boxes=69
pred_scores_shape=(19,)
frame=36/41 receiver_sample=3/20 scenario=2026_07_29_02_32_08 timestamp=000130 cavs=[3, 16, 17]
sgcp_constrained receiver=3 policy=all-cavs sources=[3, 16, 17] clusters=20 ra=fullperception_pcs comm_bytes=215744 selected_grids={16: 7, 17: 5}
fusion_method=early pred_boxes=18 gt_boxes=56Format = auto
Extension = pcd
Format = auto
Extension = pcd
Format = auto
Extension = pcd
Format = auto
Extension = pcd
Format = auto
Extension = pcd
Format = auto
Extension = pcd
Format = auto
Extension = pcd
Format = auto
Extension = pcd
Format = auto
Extension = pcd
Format = auto
Extension = pcd
Format = auto
Extension = pcd
Format = auto
Extension = pcd
Format = auto
Extension = pcd
Format = auto
Extension = pcd
Format = auto
Extension = pcd
Format = auto
Extension = pcd
Format = auto
Extension = pcd
Format = auto
Extension = pcd
Format = auto
Extension = pcd
Format = auto
Extension = pcd

pred_scores_shape=(18,)
frame=36/41 receiver_sample=4/20 scenario=2026_07_29_02_32_08 timestamp=000130 cavs=[4]
sgcp_constrained receiver=4 policy=all-cavs sources=[4] clusters=20 ra=fullperception_pcs comm_bytes=0 selected_grids={}
fusion_method=early pred_boxes=16 gt_boxes=65
pred_scores_shape=(16,)
frame=36/41 receiver_sample=5/20 scenario=2026_07_29_02_32_08 timestamp=000130 cavs=[5]
sgcp_constrained receiver=5 policy=all-cavs sources=[5] clusters=20 ra=fullperception_pcs comm_bytes=0 selected_grids={}
fusion_method=early pred_boxes=20 gt_boxes=65
pred_scores_shape=(20,)
frame=36/41 receiver_sample=6/20 scenario=2026_07_29_02_32_08 timestamp=000130 cavs=[6]
sgcp_constrained receiver=6 policy=all-cavs sources=[6] clusters=20 ra=fullperception_pcs comm_bytes=0 selected_grids={}
fusion_method=early pred_boxes=12 gt_boxes=54
pred_scores_shape=(12,)
frame=36/41 receiver_sample=7/20 scenario=2026_07_29_02_32_08 timestamp=000130 cavs=[7, 12]
sgcp_constrained receiver=7 policy=all-cavs sources=[7, 12] clusters=20 ra=fullperception_pcs comm_bytes=84224 selected_grids={12: 30}
fusion_method=early pred_boxes=23 gt_boxes=45
pred_scores_shape=(23,)
frame=36/41 receiver_sample=8/20 scenario=2026_07_29_02_32_08 timestamp=000130 cavs=[8]
sgcp_constrained receiver=8 policy=all-cavs sources=[8] clusters=20 ra=fullperception_pcs comm_bytes=0 selected_grids={}
fusion_method=early pred_boxes=25 gt_boxes=46
pred_scores_shape=(25,)
frame=36/41 receiver_sample=9/20 scenario=2026_07_29_02_32_08 timestamp=000130 cavs=[9]
sgcp_constrained receiver=9 policy=all-cavs sources=[9] clusters=20 ra=fullperception_pcs comm_bytes=0 selected_grids={}
fusion_method=early pred_boxes=18 gt_boxes=53
pred_scores_shape=(18,)
frame=36/41 receiver_sample=10/20 scenario=2026_07_29_02_32_08 timestamp=000130 cavs=[10]
sgcp_constrained receiver=10 policy=all-cavs sources=[10] clusters=20 ra=fullperception_pcs comm_bytes=0 selected_grids={}
fusion_method=early pred_boxes=19 gt_boxes=67
pred_scores_shape=(19,)
frame=36/41 receiver_sample=11/20 scenario=2026_07_29_02_32_08 timestamp=000130 cavs=[11, 8, 9]
sgcp_constrained receiver=11 policy=all-cavs sources=[11, 8, 9] clusters=20 ra=fullperception_pcs comm_bytes=137920 selected_grids={8: 23, 9: 6}
fusion_method=early pred_boxes=27 gt_boxes=64
pred_scores_shape=(27,)
frame=36/41 receiver_sample=12/20 scenario=2026_07_29_02_32_08 timestamp=000130 cavs=[12]
sgcp_constrained receiver=12 policy=all-cavs sources=[12] clusters=20 ra=fullperception_pcs comm_bytes=0 selected_grids={}
fusion_method=early pred_boxes=12 gt_boxes=52
pred_scores_shape=(12,)
frame=36/41 receiver_sample=13/20 scenario=2026_07_29_02_32_08 timestamp=000130 cavs=[13]
sgcp_constrained receiver=13 policy=all-cavs sources=[13] clusters=20 ra=fullperception_pcs comm_bytes=0 selected_grids={}
fusion_method=early pred_boxes=10 gt_boxes=53
pred_scores_shape=(10,)
frame=36/41 receiver_sample=14/20 scenario=2026_07_29_02_32_08 timestamp=000130 cavs=[14, 13]
sgcp_constrained receiver=14 policy=all-cavs sources=[14, 13] clusters=20 ra=fullperception_pcs comm_bytes=107872 selected_grids={13: 4}
fusion_method=early pred_boxes=7 gt_boxes=8
pred_scores_shape=(7,)
frame=36/41 receiver_sample=15/20 scenario=2026_07_29_02_32_08 timestamp=000130 cavs=[15, 2, 6]
sgcp_constrained receiver=15 policy=all-cavs sources=[15, 2, 6] clusters=20 ra=fullperception_pcs comm_bytes=215744 selected_grids={2: 4, 6: 4}
fusion_method=early pred_boxes=19 gt_boxes=61
pred_scores_shape=(19,)
frame=36/41 receiver_sample=16/20 scenario=2026_07_29_02_32_08 timestamp=000130 cavs=[16]
sgcp_constrained receiver=16 policy=all-cavs sources=[16] clusters=20 ra=fullperception_pcs comm_bytes=0 selected_grids={}
fusion_method=early pred_boxes=15 gt_boxes=65
pred_scores_shape=(15,)
frame=36/41 receiver_sample=17/20 scenario=2026_07_29_02_32_08 timestamp=000130 cavs=[17]
sgcp_constrained receiver=17 policy=all-cavs sources=[17] clusters=20 ra=fullperception_pcs comm_bytes=0 selected_grids={}
fusion_method=early pred_boxes=18 gt_boxes=64
pred_scores_shape=(18,)
frame=36/41 receiver_sample=18/20 scenario=2026_07_29_02_32_08 timestamp=000130 cavs=[18]
sgcp_constrained receiver=18 policy=all-cavs sources=[18] clusters=20 ra=fullperception_pcs comm_bytes=0 selected_grids={}
fusion_method=early pred_boxes=11 gt_boxes=29
pred_scores_shape=(11,)
frame=36/41 receiver_sample=19/20 scenario=2026_07_29_02_32_08 timestamp=000130 cavs=[19, 5, 20]
sgcp_constrained receiver=19 policy=all-cavs sources=[19, 5, 20] clusters=20 ra=fullperception_pcs comm_bytes=141312 selected_grids={5: 27, 20: 24}
fusion_method=early pred_boxes=26 gt_boxes=54
pred_scores_shape=(26,)
frame=36/41 receiver_sample=20/20 scenario=2026_07_29_02_32_08 timestamp=000130 cavs=[20]
sgcp_constrained receiver=20 policy=all-cavs sources=[20] clusters=20 ra=fullperception_pcs comm_bytes=0 selected_grids={}
fusion_method=early pred_boxes=21 gt_boxes=59
pred_scores_shape=(21,)
frame=37/41 receiver_sample=1/20 scenario=2026_07_29_02_32_08 timestamp=000132 cavs=[1, 4]
sgcp_constrained receiver=1 policy=all-cavs sources=[1, 4] clusters=20 ra=fullperception_pcs comm_bytes=107872 selected_grids={4: 5}
fusion_method=early pred_boxes=24 gt_boxes=68
pred_scores_shape=(24,)
frame=37/41 receiver_sample=2/20 scenario=2026_07_29_02_32_08 timestamp=000132 cavs=[2]
sgcp_constrained receiver=2 policy=all-cavs sources=[2] clusters=20 ra=fullperception_pcs comm_bytes=0 selected_grids={}
fusion_method=early pred_boxes=19 gt_boxes=69
pred_scores_shape=(19,)
frame=37/41 receiver_sample=3/20 scenario=2026_07_29_02_32_08 timestamp=000132 cavs=[3, 16, 17]
sgcp_constrained receiver=3 policy=all-cavs sources=[3, 16, 17] clusters=20 ra=fullperception_pcs comm_bytes=215728 selected_grids={16: 5, 17: 5}
fusion_method=early pred_boxes=15 gt_boxes=56
pred_scores_shape=(15,)
frame=37/41 receiver_sample=4/20 scenario=2026_07_29_02_32_08 timestamp=000132 cavs=[4]
sgcp_constrained receiver=4 policy=all-cavs sources=[4] clusters=20 ra=fullperception_pcs comm_bytes=0 selected_grids={}
fusion_method=early pred_boxes=18 gt_boxes=65
pred_scores_shape=(18,)
frame=37/41 receiver_sample=5/20 scenario=2026_07_29_02_32_08 timestamp=000132 cavs=[5]
sgcp_constrained receiver=5 policy=all-cavs sources=[5] clusters=20 ra=fullperception_pcs comm_bytes=0 selected_grids={}
fusion_method=early pred_boxes=28 gt_boxes=66
pred_scores_shape=(28,)
frame=37/41 receiver_sample=6/20 scenario=2026_07_29_02_32_08 timestamp=000132 cavs=[6, 15]
sgcp_constrained receiver=6 policy=all-cavs sources=[6, 15] clusters=20 ra=fullperception_pcs comm_bytes=9232 selected_grids={15: 10}
fusion_method=early pred_boxes=19 gt_boxes=54
pred_scores_shape=(19,)
frame=37/41 receiver_sample=7/20 scenario=2026_07_29_02_32_08 timestamp=000132 cavs=[7, 12]
sgcp_constrained receiver=7 policy=all-cavs sources=[7, 12] clusters=20 ra=fullperception_pcs comm_bytes=77344 selected_grids={12: 30}
fusion_method=early pred_boxes=22 gt_boxes=45
pred_scores_shape=(22,)
frame=37/41 receiver_sample=8/20 scenario=2026_07_29_02_32_08 timestamp=000132 cavs=[8]
sgcp_constrained receiver=8 policy=all-cavs sources=[8] clusters=20 ra=fullperception_pcs comm_bytes=0 selected_grids={}
fusion_method=early pred_boxes=23 gt_boxes=47
pred_scores_shape=(23,)
frame=37/41 receiver_sample=9/20 scenario=2026_07_29_02_32_08 timestamp=000132 cavs=[9, 5, 11]
sgcp_constrained receiver=9 policy=all-cavs sources=[9, 5, 11] clusters=20 ra=fullperception_pcs comm_bytes=143600 selected_grids={5: 27, 11: 6}
fusion_method=early pred_boxes=31 gt_boxes=53
pred_scores_shape=(31,)
frame=37/41 receiver_sample=10/20 scenario=2026_07_29_02_32_08 timestamp=000132 cavs=[10, 2]
sgcp_constrained receiver=10 policy=all-cavs sources=[10, 2] clusters=20 ra=fullperception_pcs comm_bytes=107872 selected_grids={2: 4}
fusion_method=early pred_boxes=21 gt_boxes=66
pred_scores_shape=(21,)
frame=37/41 receiver_sample=11/20 scenario=2026_07_29_02_32_08 timestamp=000132 cavs=[11]
sgcp_constrained receiver=11 policy=all-cavs sources=[11] clusters=20 ra=fullperception_pcs comm_bytes=0 selected_grids={}
fusion_method=early pred_boxes=17 gt_boxes=64Format = auto
Extension = pcd
Format = auto
Extension = pcd
Format = auto
Extension = pcd
Format = auto
Extension = pcd
Format = auto
Extension = pcd
Format = auto
Extension = pcd
Format = auto
Extension = pcd
Format = auto
Extension = pcd
Format = auto
Extension = pcd
Format = auto
Extension = pcd
Format = auto
Extension = pcd
Format = auto
Extension = pcd
Format = auto
Extension = pcd
Format = auto
Extension = pcd
Format = auto
Extension = pcd
Format = auto
Extension = pcd
Format = auto
Extension = pcd
Format = auto
Extension = pcd
Format = auto
Extension = pcd
Format = auto
Extension = pcd

pred_scores_shape=(17,)
frame=37/41 receiver_sample=12/20 scenario=2026_07_29_02_32_08 timestamp=000132 cavs=[12]
sgcp_constrained receiver=12 policy=all-cavs sources=[12] clusters=20 ra=fullperception_pcs comm_bytes=0 selected_grids={}
fusion_method=early pred_boxes=13 gt_boxes=52
pred_scores_shape=(13,)
frame=37/41 receiver_sample=13/20 scenario=2026_07_29_02_32_08 timestamp=000132 cavs=[13]
sgcp_constrained receiver=13 policy=all-cavs sources=[13] clusters=20 ra=fullperception_pcs comm_bytes=0 selected_grids={}
fusion_method=early pred_boxes=9 gt_boxes=53
pred_scores_shape=(9,)
frame=37/41 receiver_sample=14/20 scenario=2026_07_29_02_32_08 timestamp=000132 cavs=[14, 13]
sgcp_constrained receiver=14 policy=all-cavs sources=[14, 13] clusters=20 ra=fullperception_pcs comm_bytes=107872 selected_grids={13: 6}
fusion_method=early pred_boxes=6 gt_boxes=8
pred_scores_shape=(6,)
frame=37/41 receiver_sample=15/20 scenario=2026_07_29_02_32_08 timestamp=000132 cavs=[15]
sgcp_constrained receiver=15 policy=all-cavs sources=[15] clusters=20 ra=fullperception_pcs comm_bytes=0 selected_grids={}
fusion_method=early pred_boxes=16 gt_boxes=61
pred_scores_shape=(16,)
frame=37/41 receiver_sample=16/20 scenario=2026_07_29_02_32_08 timestamp=000132 cavs=[16]
sgcp_constrained receiver=16 policy=all-cavs sources=[16] clusters=20 ra=fullperception_pcs comm_bytes=0 selected_grids={}
fusion_method=early pred_boxes=19 gt_boxes=64
pred_scores_shape=(19,)
frame=37/41 receiver_sample=17/20 scenario=2026_07_29_02_32_08 timestamp=000132 cavs=[17]
sgcp_constrained receiver=17 policy=all-cavs sources=[17] clusters=20 ra=fullperception_pcs comm_bytes=0 selected_grids={}
fusion_method=early pred_boxes=18 gt_boxes=64
pred_scores_shape=(18,)
frame=37/41 receiver_sample=18/20 scenario=2026_07_29_02_32_08 timestamp=000132 cavs=[18]
sgcp_constrained receiver=18 policy=all-cavs sources=[18] clusters=20 ra=fullperception_pcs comm_bytes=0 selected_grids={}
fusion_method=early pred_boxes=9 gt_boxes=29
pred_scores_shape=(9,)
frame=37/41 receiver_sample=19/20 scenario=2026_07_29_02_32_08 timestamp=000132 cavs=[19, 20]
sgcp_constrained receiver=19 policy=all-cavs sources=[19, 20] clusters=20 ra=fullperception_pcs comm_bytes=106240 selected_grids={20: 24}
fusion_method=early pred_boxes=24 gt_boxes=54
pred_scores_shape=(24,)
frame=37/41 receiver_sample=20/20 scenario=2026_07_29_02_32_08 timestamp=000132 cavs=[20]
sgcp_constrained receiver=20 policy=all-cavs sources=[20] clusters=20 ra=fullperception_pcs comm_bytes=0 selected_grids={}
fusion_method=early pred_boxes=21 gt_boxes=59
pred_scores_shape=(21,)
frame=38/41 receiver_sample=1/20 scenario=2026_07_29_02_32_08 timestamp=000134 cavs=[1, 4]
sgcp_constrained receiver=1 policy=all-cavs sources=[1, 4] clusters=20 ra=fullperception_pcs comm_bytes=107872 selected_grids={4: 4}
fusion_method=early pred_boxes=26 gt_boxes=68
pred_scores_shape=(26,)
frame=38/41 receiver_sample=2/20 scenario=2026_07_29_02_32_08 timestamp=000134 cavs=[2]
sgcp_constrained receiver=2 policy=all-cavs sources=[2] clusters=20 ra=fullperception_pcs comm_bytes=0 selected_grids={}
fusion_method=early pred_boxes=19 gt_boxes=69
pred_scores_shape=(19,)
frame=38/41 receiver_sample=3/20 scenario=2026_07_29_02_32_08 timestamp=000134 cavs=[3, 16, 17]
sgcp_constrained receiver=3 policy=all-cavs sources=[3, 16, 17] clusters=20 ra=fullperception_pcs comm_bytes=215696 selected_grids={16: 5, 17: 5}
fusion_method=early pred_boxes=15 gt_boxes=56
pred_scores_shape=(15,)
frame=38/41 receiver_sample=4/20 scenario=2026_07_29_02_32_08 timestamp=000134 cavs=[4]
sgcp_constrained receiver=4 policy=all-cavs sources=[4] clusters=20 ra=fullperception_pcs comm_bytes=0 selected_grids={}
fusion_method=early pred_boxes=19 gt_boxes=65
pred_scores_shape=(19,)
frame=38/41 receiver_sample=5/20 scenario=2026_07_29_02_32_08 timestamp=000134 cavs=[5]
sgcp_constrained receiver=5 policy=all-cavs sources=[5] clusters=20 ra=fullperception_pcs comm_bytes=0 selected_grids={}
fusion_method=early pred_boxes=20 gt_boxes=68
pred_scores_shape=(20,)
frame=38/41 receiver_sample=6/20 scenario=2026_07_29_02_32_08 timestamp=000134 cavs=[6, 15]
sgcp_constrained receiver=6 policy=all-cavs sources=[6, 15] clusters=20 ra=fullperception_pcs comm_bytes=9440 selected_grids={15: 10}
fusion_method=early pred_boxes=20 gt_boxes=54
pred_scores_shape=(20,)
frame=38/41 receiver_sample=7/20 scenario=2026_07_29_02_32_08 timestamp=000134 cavs=[7, 12]
sgcp_constrained receiver=7 policy=all-cavs sources=[7, 12] clusters=20 ra=fullperception_pcs comm_bytes=71248 selected_grids={12: 29}
fusion_method=early pred_boxes=21 gt_boxes=45
pred_scores_shape=(21,)
frame=38/41 receiver_sample=8/20 scenario=2026_07_29_02_32_08 timestamp=000134 cavs=[8]
sgcp_constrained receiver=8 policy=all-cavs sources=[8] clusters=20 ra=fullperception_pcs comm_bytes=0 selected_grids={}
fusion_method=early pred_boxes=23 gt_boxes=47
pred_scores_shape=(23,)
frame=38/41 receiver_sample=9/20 scenario=2026_07_29_02_32_08 timestamp=000134 cavs=[9, 5, 11]
sgcp_constrained receiver=9 policy=all-cavs sources=[9, 5, 11] clusters=20 ra=fullperception_pcs comm_bytes=144032 selected_grids={5: 27, 11: 6}
fusion_method=early pred_boxes=31 gt_boxes=52
pred_scores_shape=(31,)
frame=38/41 receiver_sample=10/20 scenario=2026_07_29_02_32_08 timestamp=000134 cavs=[10, 2]
sgcp_constrained receiver=10 policy=all-cavs sources=[10, 2] clusters=20 ra=fullperception_pcs comm_bytes=107872 selected_grids={2: 3}
fusion_method=early pred_boxes=21 gt_boxes=66
pred_scores_shape=(21,)
frame=38/41 receiver_sample=11/20 scenario=2026_07_29_02_32_08 timestamp=000134 cavs=[11]
sgcp_constrained receiver=11 policy=all-cavs sources=[11] clusters=20 ra=fullperception_pcs comm_bytes=0 selected_grids={}
fusion_method=early pred_boxes=17 gt_boxes=63
pred_scores_shape=(17,)
frame=38/41 receiver_sample=12/20 scenario=2026_07_29_02_32_08 timestamp=000134 cavs=[12]
sgcp_constrained receiver=12 policy=all-cavs sources=[12] clusters=20 ra=fullperception_pcs comm_bytes=0 selected_grids={}
fusion_method=early pred_boxes=13 gt_boxes=52
pred_scores_shape=(13,)
frame=38/41 receiver_sample=13/20 scenario=2026_07_29_02_32_08 timestamp=000134 cavs=[13]
sgcp_constrained receiver=13 policy=all-cavs sources=[13] clusters=20 ra=fullperception_pcs comm_bytes=0 selected_grids={}
fusion_method=early pred_boxes=10 gt_boxes=53
pred_scores_shape=(10,)
frame=38/41 receiver_sample=14/20 scenario=2026_07_29_02_32_08 timestamp=000134 cavs=[14, 13]
sgcp_constrained receiver=14 policy=all-cavs sources=[14, 13] clusters=20 ra=fullperception_pcs comm_bytes=107872 selected_grids={13: 5}
fusion_method=early pred_boxes=6 gt_boxes=8
pred_scores_shape=(6,)
frame=38/41 receiver_sample=15/20 scenario=2026_07_29_02_32_08 timestamp=000134 cavs=[15]
sgcp_constrained receiver=15 policy=all-cavs sources=[15] clusters=20 ra=fullperception_pcs comm_bytes=0 selected_grids={}
fusion_method=early pred_boxes=17 gt_boxes=61
pred_scores_shape=(17,)
frame=38/41 receiver_sample=16/20 scenario=2026_07_29_02_32_08 timestamp=000134 cavs=[16]
sgcp_constrained receiver=16 policy=all-cavs sources=[16] clusters=20 ra=fullperception_pcs comm_bytes=0 selected_grids={}
fusion_method=early pred_boxes=18 gt_boxes=64
pred_scores_shape=(18,)
frame=38/41 receiver_sample=17/20 scenario=2026_07_29_02_32_08 timestamp=000134 cavs=[17]
sgcp_constrained receiver=17 policy=all-cavs sources=[17] clusters=20 ra=fullperception_pcs comm_bytes=0 selected_grids={}
fusion_method=early pred_boxes=18 gt_boxes=64
pred_scores_shape=(18,)
frame=38/41 receiver_sample=18/20 scenario=2026_07_29_02_32_08 timestamp=000134 cavs=[18]
sgcp_constrained receiver=18 policy=all-cavs sources=[18] clusters=20 ra=fullperception_pcs comm_bytes=0 selected_grids={}
fusion_method=early pred_boxes=10 gt_boxes=29
pred_scores_shape=(10,)
frame=38/41 receiver_sample=19/20 scenario=2026_07_29_02_32_08 timestamp=000134 cavs=[19, 20]
sgcp_constrained receiver=19 policy=all-cavs sources=[19, 20] clusters=20 ra=fullperception_pcs comm_bytes=106576 selected_grids={20: 24}
fusion_method=early pred_boxes=25 gt_boxes=54Format = auto
Extension = pcd
Format = auto
Extension = pcd
Format = auto
Extension = pcd
Format = auto
Extension = pcd
Format = auto
Extension = pcd
Format = auto
Extension = pcd
Format = auto
Extension = pcd
Format = auto
Extension = pcd
Format = auto
Extension = pcd
Format = auto
Extension = pcd
Format = auto
Extension = pcd
Format = auto
Extension = pcd
Format = auto
Extension = pcd
Format = auto
Extension = pcd
Format = auto
Extension = pcd
Format = auto
Extension = pcd
Format = auto
Extension = pcd
Format = auto
Extension = pcd
Format = auto
Extension = pcd
Format = auto
Extension = pcd
Format = auto
Extension = pcd
Format = auto
Extension = pcd
Format = auto
Extension = pcd
Format = auto
Extension = pcd
Format = auto
Extension = pcd
Format = auto
Extension = pcd
Format = auto
Extension = pcd
Format = auto
Extension = pcd
Format = auto
Extension = pcd
Format = auto
Extension = pcd
Format = auto
Extension = pcd
Format = auto
Extension = pcd
Format = auto
Extension = pcd
Format = auto
Extension = pcd
Format = auto
Extension = pcd
Format = auto
Extension = pcd
Format = auto
Extension = pcd
Format = auto
Extension = pcd
Format = auto
Extension = pcd
Format = auto
Extension = pcd

pred_scores_shape=(25,)
frame=38/41 receiver_sample=20/20 scenario=2026_07_29_02_32_08 timestamp=000134 cavs=[20]
sgcp_constrained receiver=20 policy=all-cavs sources=[20] clusters=20 ra=fullperception_pcs comm_bytes=0 selected_grids={}
fusion_method=early pred_boxes=21 gt_boxes=59
pred_scores_shape=(21,)
frame=39/41 receiver_sample=1/20 scenario=2026_07_29_02_32_08 timestamp=000136 cavs=[1, 4]
sgcp_constrained receiver=1 policy=all-cavs sources=[1, 4] clusters=20 ra=fullperception_pcs comm_bytes=107856 selected_grids={4: 5}
fusion_method=early pred_boxes=26 gt_boxes=68
pred_scores_shape=(26,)
frame=39/41 receiver_sample=2/20 scenario=2026_07_29_02_32_08 timestamp=000136 cavs=[2]
sgcp_constrained receiver=2 policy=all-cavs sources=[2] clusters=20 ra=fullperception_pcs comm_bytes=0 selected_grids={}
fusion_method=early pred_boxes=19 gt_boxes=69
pred_scores_shape=(19,)
frame=39/41 receiver_sample=3/20 scenario=2026_07_29_02_32_08 timestamp=000136 cavs=[3, 16, 17]
sgcp_constrained receiver=3 policy=all-cavs sources=[3, 16, 17] clusters=20 ra=fullperception_pcs comm_bytes=215744 selected_grids={16: 5, 17: 5}
fusion_method=early pred_boxes=15 gt_boxes=56
pred_scores_shape=(15,)
frame=39/41 receiver_sample=4/20 scenario=2026_07_29_02_32_08 timestamp=000136 cavs=[4]
sgcp_constrained receiver=4 policy=all-cavs sources=[4] clusters=20 ra=fullperception_pcs comm_bytes=0 selected_grids={}
fusion_method=early pred_boxes=18 gt_boxes=65
pred_scores_shape=(18,)
frame=39/41 receiver_sample=5/20 scenario=2026_07_29_02_32_08 timestamp=000136 cavs=[5]
sgcp_constrained receiver=5 policy=all-cavs sources=[5] clusters=20 ra=fullperception_pcs comm_bytes=0 selected_grids={}
fusion_method=early pred_boxes=25 gt_boxes=68
pred_scores_shape=(25,)
frame=39/41 receiver_sample=6/20 scenario=2026_07_29_02_32_08 timestamp=000136 cavs=[6, 15]
sgcp_constrained receiver=6 policy=all-cavs sources=[6, 15] clusters=20 ra=fullperception_pcs comm_bytes=9680 selected_grids={15: 10}
fusion_method=early pred_boxes=19 gt_boxes=54
pred_scores_shape=(19,)
frame=39/41 receiver_sample=7/20 scenario=2026_07_29_02_32_08 timestamp=000136 cavs=[7, 12]
sgcp_constrained receiver=7 policy=all-cavs sources=[7, 12] clusters=20 ra=fullperception_pcs comm_bytes=65632 selected_grids={12: 28}
fusion_method=early pred_boxes=21 gt_boxes=45
pred_scores_shape=(21,)
frame=39/41 receiver_sample=8/20 scenario=2026_07_29_02_32_08 timestamp=000136 cavs=[8]
sgcp_constrained receiver=8 policy=all-cavs sources=[8] clusters=20 ra=fullperception_pcs comm_bytes=0 selected_grids={}
fusion_method=early pred_boxes=25 gt_boxes=47
pred_scores_shape=(25,)
frame=39/41 receiver_sample=9/20 scenario=2026_07_29_02_32_08 timestamp=000136 cavs=[9, 5, 11]
sgcp_constrained receiver=9 policy=all-cavs sources=[9, 5, 11] clusters=20 ra=fullperception_pcs comm_bytes=144336 selected_grids={5: 27, 11: 5}
fusion_method=early pred_boxes=30 gt_boxes=53
pred_scores_shape=(30,)
frame=39/41 receiver_sample=10/20 scenario=2026_07_29_02_32_08 timestamp=000136 cavs=[10, 2]
sgcp_constrained receiver=10 policy=all-cavs sources=[10, 2] clusters=20 ra=fullperception_pcs comm_bytes=107856 selected_grids={2: 5}
fusion_method=early pred_boxes=21 gt_boxes=65
pred_scores_shape=(21,)
frame=39/41 receiver_sample=11/20 scenario=2026_07_29_02_32_08 timestamp=000136 cavs=[11]
sgcp_constrained receiver=11 policy=all-cavs sources=[11] clusters=20 ra=fullperception_pcs comm_bytes=0 selected_grids={}
fusion_method=early pred_boxes=17 gt_boxes=64
pred_scores_shape=(17,)
frame=39/41 receiver_sample=12/20 scenario=2026_07_29_02_32_08 timestamp=000136 cavs=[12]
sgcp_constrained receiver=12 policy=all-cavs sources=[12] clusters=20 ra=fullperception_pcs comm_bytes=0 selected_grids={}
fusion_method=early pred_boxes=14 gt_boxes=51
pred_scores_shape=(14,)
frame=39/41 receiver_sample=13/20 scenario=2026_07_29_02_32_08 timestamp=000136 cavs=[13]
sgcp_constrained receiver=13 policy=all-cavs sources=[13] clusters=20 ra=fullperception_pcs comm_bytes=0 selected_grids={}
fusion_method=early pred_boxes=9 gt_boxes=52
pred_scores_shape=(9,)
frame=39/41 receiver_sample=14/20 scenario=2026_07_29_02_32_08 timestamp=000136 cavs=[14, 13]
sgcp_constrained receiver=14 policy=all-cavs sources=[14, 13] clusters=20 ra=fullperception_pcs comm_bytes=107872 selected_grids={13: 5}
fusion_method=early pred_boxes=6 gt_boxes=8
pred_scores_shape=(6,)
frame=39/41 receiver_sample=15/20 scenario=2026_07_29_02_32_08 timestamp=000136 cavs=[15]
sgcp_constrained receiver=15 policy=all-cavs sources=[15] clusters=20 ra=fullperception_pcs comm_bytes=0 selected_grids={}
fusion_method=early pred_boxes=17 gt_boxes=61
pred_scores_shape=(17,)
frame=39/41 receiver_sample=16/20 scenario=2026_07_29_02_32_08 timestamp=000136 cavs=[16]
sgcp_constrained receiver=16 policy=all-cavs sources=[16] clusters=20 ra=fullperception_pcs comm_bytes=0 selected_grids={}
fusion_method=early pred_boxes=17 gt_boxes=64
pred_scores_shape=(17,)
frame=39/41 receiver_sample=17/20 scenario=2026_07_29_02_32_08 timestamp=000136 cavs=[17]
sgcp_constrained receiver=17 policy=all-cavs sources=[17] clusters=20 ra=fullperception_pcs comm_bytes=0 selected_grids={}
fusion_method=early pred_boxes=17 gt_boxes=64
pred_scores_shape=(17,)
frame=39/41 receiver_sample=18/20 scenario=2026_07_29_02_32_08 timestamp=000136 cavs=[18]
sgcp_constrained receiver=18 policy=all-cavs sources=[18] clusters=20 ra=fullperception_pcs comm_bytes=0 selected_grids={}
fusion_method=early pred_boxes=9 gt_boxes=29
pred_scores_shape=(9,)
frame=39/41 receiver_sample=19/20 scenario=2026_07_29_02_32_08 timestamp=000136 cavs=[19, 20]
sgcp_constrained receiver=19 policy=all-cavs sources=[19, 20] clusters=20 ra=fullperception_pcs comm_bytes=106944 selected_grids={20: 24}
fusion_method=early pred_boxes=24 gt_boxes=54
pred_scores_shape=(24,)
frame=39/41 receiver_sample=20/20 scenario=2026_07_29_02_32_08 timestamp=000136 cavs=[20]
sgcp_constrained receiver=20 policy=all-cavs sources=[20] clusters=20 ra=fullperception_pcs comm_bytes=0 selected_grids={}
fusion_method=early pred_boxes=22 gt_boxes=58
pred_scores_shape=(22,)
frame=40/41 receiver_sample=1/20 scenario=2026_07_29_02_32_08 timestamp=000138 cavs=[1, 4]
sgcp_constrained receiver=1 policy=all-cavs sources=[1, 4] clusters=20 ra=fullperception_pcs comm_bytes=107856 selected_grids={4: 5}
fusion_method=early pred_boxes=25 gt_boxes=68
pred_scores_shape=(25,)
frame=40/41 receiver_sample=2/20 scenario=2026_07_29_02_32_08 timestamp=000138 cavs=[2]
sgcp_constrained receiver=2 policy=all-cavs sources=[2] clusters=20 ra=fullperception_pcs comm_bytes=0 selected_grids={}
fusion_method=early pred_boxes=19 gt_boxes=69
pred_scores_shape=(19,)
frame=40/41 receiver_sample=3/20 scenario=2026_07_29_02_32_08 timestamp=000138 cavs=[3, 16, 17]
sgcp_constrained receiver=3 policy=all-cavs sources=[3, 16, 17] clusters=20 ra=fullperception_pcs comm_bytes=215744 selected_grids={16: 5, 17: 5}
fusion_method=early pred_boxes=15 gt_boxes=55
pred_scores_shape=(15,)
frame=40/41 receiver_sample=4/20 scenario=2026_07_29_02_32_08 timestamp=000138 cavs=[4]
sgcp_constrained receiver=4 policy=all-cavs sources=[4] clusters=20 ra=fullperception_pcs comm_bytes=0 selected_grids={}
fusion_method=early pred_boxes=17 gt_boxes=65
pred_scores_shape=(17,)
frame=40/41 receiver_sample=5/20 scenario=2026_07_29_02_32_08 timestamp=000138 cavs=[5]
sgcp_constrained receiver=5 policy=all-cavs sources=[5] clusters=20 ra=fullperception_pcs comm_bytes=0 selected_grids={}
fusion_method=early pred_boxes=27 gt_boxes=68
pred_scores_shape=(27,)
frame=40/41 receiver_sample=6/20 scenario=2026_07_29_02_32_08 timestamp=000138 cavs=[6, 15]
sgcp_constrained receiver=6 policy=all-cavs sources=[6, 15] clusters=20 ra=fullperception_pcs comm_bytes=9920 selected_grids={15: 10}
fusion_method=early pred_boxes=19 gt_boxes=54
pred_scores_shape=(19,)
frame=40/41 receiver_sample=7/20 scenario=2026_07_29_02_32_08 timestamp=000138 cavs=[7, 12]
sgcp_constrained receiver=7 policy=all-cavs sources=[7, 12] clusters=20 ra=fullperception_pcs comm_bytes=59200 selected_grids={12: 28}
fusion_method=early pred_boxes=20 gt_boxes=45Format = auto
Extension = pcd
Format = auto
Extension = pcd
Format = auto
Extension = pcd
Format = auto
Extension = pcd
Format = auto
Extension = pcd
Format = auto
Extension = pcd
Format = auto
Extension = pcd
Format = auto
Extension = pcd
Format = auto
Extension = pcd
Format = auto
Extension = pcd
Format = auto
Extension = pcd
Format = auto
Extension = pcd
Format = auto
Extension = pcd
Format = auto
Extension = pcd
Format = auto
Extension = pcd
Format = auto
Extension = pcd
Format = auto
Extension = pcd
Format = auto
Extension = pcd
Format = auto
Extension = pcd
Format = auto
Extension = pcd

pred_scores_shape=(20,)
frame=40/41 receiver_sample=8/20 scenario=2026_07_29_02_32_08 timestamp=000138 cavs=[8]
sgcp_constrained receiver=8 policy=all-cavs sources=[8] clusters=20 ra=fullperception_pcs comm_bytes=0 selected_grids={}
fusion_method=early pred_boxes=24 gt_boxes=47
pred_scores_shape=(24,)
frame=40/41 receiver_sample=9/20 scenario=2026_07_29_02_32_08 timestamp=000138 cavs=[9, 5, 11]
sgcp_constrained receiver=9 policy=all-cavs sources=[9, 5, 11] clusters=20 ra=fullperception_pcs comm_bytes=146272 selected_grids={5: 27, 11: 6}
fusion_method=early pred_boxes=30 gt_boxes=53
pred_scores_shape=(30,)
frame=40/41 receiver_sample=10/20 scenario=2026_07_29_02_32_08 timestamp=000138 cavs=[10, 2]
sgcp_constrained receiver=10 policy=all-cavs sources=[10, 2] clusters=20 ra=fullperception_pcs comm_bytes=107872 selected_grids={2: 5}
fusion_method=early pred_boxes=25 gt_boxes=65
pred_scores_shape=(25,)
frame=40/41 receiver_sample=11/20 scenario=2026_07_29_02_32_08 timestamp=000138 cavs=[11]
sgcp_constrained receiver=11 policy=all-cavs sources=[11] clusters=20 ra=fullperception_pcs comm_bytes=0 selected_grids={}
fusion_method=early pred_boxes=17 gt_boxes=64
pred_scores_shape=(17,)
frame=40/41 receiver_sample=12/20 scenario=2026_07_29_02_32_08 timestamp=000138 cavs=[12]
sgcp_constrained receiver=12 policy=all-cavs sources=[12] clusters=20 ra=fullperception_pcs comm_bytes=0 selected_grids={}
fusion_method=early pred_boxes=12 gt_boxes=51
pred_scores_shape=(12,)
frame=40/41 receiver_sample=13/20 scenario=2026_07_29_02_32_08 timestamp=000138 cavs=[13]
sgcp_constrained receiver=13 policy=all-cavs sources=[13] clusters=20 ra=fullperception_pcs comm_bytes=0 selected_grids={}
fusion_method=early pred_boxes=11 gt_boxes=52
pred_scores_shape=(11,)
frame=40/41 receiver_sample=14/20 scenario=2026_07_29_02_32_08 timestamp=000138 cavs=[14, 13]
sgcp_constrained receiver=14 policy=all-cavs sources=[14, 13] clusters=20 ra=fullperception_pcs comm_bytes=107872 selected_grids={13: 4}
fusion_method=early pred_boxes=6 gt_boxes=8
pred_scores_shape=(6,)
frame=40/41 receiver_sample=15/20 scenario=2026_07_29_02_32_08 timestamp=000138 cavs=[15]
sgcp_constrained receiver=15 policy=all-cavs sources=[15] clusters=20 ra=fullperception_pcs comm_bytes=0 selected_grids={}
fusion_method=early pred_boxes=19 gt_boxes=61
pred_scores_shape=(19,)
frame=40/41 receiver_sample=16/20 scenario=2026_07_29_02_32_08 timestamp=000138 cavs=[16]
sgcp_constrained receiver=16 policy=all-cavs sources=[16] clusters=20 ra=fullperception_pcs comm_bytes=0 selected_grids={}
fusion_method=early pred_boxes=16 gt_boxes=64
pred_scores_shape=(16,)
frame=40/41 receiver_sample=17/20 scenario=2026_07_29_02_32_08 timestamp=000138 cavs=[17]
sgcp_constrained receiver=17 policy=all-cavs sources=[17] clusters=20 ra=fullperception_pcs comm_bytes=0 selected_grids={}
fusion_method=early pred_boxes=18 gt_boxes=64
pred_scores_shape=(18,)
frame=40/41 receiver_sample=18/20 scenario=2026_07_29_02_32_08 timestamp=000138 cavs=[18]
sgcp_constrained receiver=18 policy=all-cavs sources=[18] clusters=20 ra=fullperception_pcs comm_bytes=0 selected_grids={}
fusion_method=early pred_boxes=7 gt_boxes=28
pred_scores_shape=(7,)
frame=40/41 receiver_sample=19/20 scenario=2026_07_29_02_32_08 timestamp=000138 cavs=[19, 20]
sgcp_constrained receiver=19 policy=all-cavs sources=[19, 20] clusters=20 ra=fullperception_pcs comm_bytes=107232 selected_grids={20: 24}
fusion_method=early pred_boxes=24 gt_boxes=54
pred_scores_shape=(24,)
frame=40/41 receiver_sample=20/20 scenario=2026_07_29_02_32_08 timestamp=000138 cavs=[20]
sgcp_constrained receiver=20 policy=all-cavs sources=[20] clusters=20 ra=fullperception_pcs comm_bytes=0 selected_grids={}
fusion_method=early pred_boxes=21 gt_boxes=58
pred_scores_shape=(21,)
frame=41/41 receiver_sample=1/20 scenario=2026_07_29_02_32_08 timestamp=000140 cavs=[1, 4]
sgcp_constrained receiver=1 policy=all-cavs sources=[1, 4] clusters=20 ra=fullperception_pcs comm_bytes=107872 selected_grids={4: 6}
fusion_method=early pred_boxes=25 gt_boxes=67
pred_scores_shape=(25,)
frame=41/41 receiver_sample=2/20 scenario=2026_07_29_02_32_08 timestamp=000140 cavs=[2]
sgcp_constrained receiver=2 policy=all-cavs sources=[2] clusters=20 ra=fullperception_pcs comm_bytes=0 selected_grids={}
fusion_method=early pred_boxes=19 gt_boxes=68
pred_scores_shape=(19,)
frame=41/41 receiver_sample=3/20 scenario=2026_07_29_02_32_08 timestamp=000140 cavs=[3, 16, 17]
sgcp_constrained receiver=3 policy=all-cavs sources=[3, 16, 17] clusters=20 ra=fullperception_pcs comm_bytes=215728 selected_grids={16: 6, 17: 5}
fusion_method=early pred_boxes=16 gt_boxes=55
pred_scores_shape=(16,)
frame=41/41 receiver_sample=4/20 scenario=2026_07_29_02_32_08 timestamp=000140 cavs=[4]
sgcp_constrained receiver=4 policy=all-cavs sources=[4] clusters=20 ra=fullperception_pcs comm_bytes=0 selected_grids={}
fusion_method=early pred_boxes=17 gt_boxes=65
pred_scores_shape=(17,)
frame=41/41 receiver_sample=5/20 scenario=2026_07_29_02_32_08 timestamp=000140 cavs=[5]
sgcp_constrained receiver=5 policy=all-cavs sources=[5] clusters=20 ra=fullperception_pcs comm_bytes=0 selected_grids={}
fusion_method=early pred_boxes=23 gt_boxes=69
pred_scores_shape=(23,)
frame=41/41 receiver_sample=6/20 scenario=2026_07_29_02_32_08 timestamp=000140 cavs=[6, 15]
sgcp_constrained receiver=6 policy=all-cavs sources=[6, 15] clusters=20 ra=fullperception_pcs comm_bytes=9920 selected_grids={15: 11}
fusion_method=early pred_boxes=20 gt_boxes=53
pred_scores_shape=(20,)
frame=41/41 receiver_sample=7/20 scenario=2026_07_29_02_32_08 timestamp=000140 cavs=[7]
sgcp_constrained receiver=7 policy=all-cavs sources=[7] clusters=20 ra=fullperception_pcs comm_bytes=0 selected_grids={}
fusion_method=early pred_boxes=20 gt_boxes=45
pred_scores_shape=(20,)
frame=41/41 receiver_sample=8/20 scenario=2026_07_29_02_32_08 timestamp=000140 cavs=[8]
sgcp_constrained receiver=8 policy=all-cavs sources=[8] clusters=20 ra=fullperception_pcs comm_bytes=0 selected_grids={}
fusion_method=early pred_boxes=24 gt_boxes=47
pred_scores_shape=(24,)
frame=41/41 receiver_sample=9/20 scenario=2026_07_29_02_32_08 timestamp=000140 cavs=[9, 5, 11]
sgcp_constrained receiver=9 policy=all-cavs sources=[9, 5, 11] clusters=20 ra=fullperception_pcs comm_bytes=152096 selected_grids={5: 26, 11: 5}
fusion_method=early pred_boxes=30 gt_boxes=53
pred_scores_shape=(30,)
frame=41/41 receiver_sample=10/20 scenario=2026_07_29_02_32_08 timestamp=000140 cavs=[10, 2]
sgcp_constrained receiver=10 policy=all-cavs sources=[10, 2] clusters=20 ra=fullperception_pcs comm_bytes=107872 selected_grids={2: 5}
fusion_method=early pred_boxes=25 gt_boxes=65
pred_scores_shape=(25,)
frame=41/41 receiver_sample=11/20 scenario=2026_07_29_02_32_08 timestamp=000140 cavs=[11]
sgcp_constrained receiver=11 policy=all-cavs sources=[11] clusters=20 ra=fullperception_pcs comm_bytes=0 selected_grids={}
fusion_method=early pred_boxes=16 gt_boxes=64
pred_scores_shape=(16,)
frame=41/41 receiver_sample=12/20 scenario=2026_07_29_02_32_08 timestamp=000140 cavs=[12]
sgcp_constrained receiver=12 policy=all-cavs sources=[12] clusters=20 ra=fullperception_pcs comm_bytes=0 selected_grids={}
fusion_method=early pred_boxes=12 gt_boxes=51
pred_scores_shape=(12,)
frame=41/41 receiver_sample=13/20 scenario=2026_07_29_02_32_08 timestamp=000140 cavs=[13]
sgcp_constrained receiver=13 policy=all-cavs sources=[13] clusters=20 ra=fullperception_pcs comm_bytes=0 selected_grids={}
fusion_method=early pred_boxes=12 gt_boxes=52
pred_scores_shape=(12,)
frame=41/41 receiver_sample=14/20 scenario=2026_07_29_02_32_08 timestamp=000140 cavs=[14, 13]
sgcp_constrained receiver=14 policy=all-cavs sources=[14, 13] clusters=20 ra=fullperception_pcs comm_bytes=107872 selected_grids={13: 6}
fusion_method=early pred_boxes=6 gt_boxes=8
pred_scores_shape=(6,)
frame=41/41 receiver_sample=15/20 scenario=2026_07_29_02_32_08 timestamp=000140 cavs=[15]
sgcp_constrained receiver=15 policy=all-cavs sources=[15] clusters=20 ra=fullperception_pcs comm_bytes=0 selected_grids={}
fusion_method=early pred_boxes=17 gt_boxes=60
pred_scores_shape=(17,)
frame=41/41 receiver_sample=16/20 scenario=2026_07_29_02_32_08 timestamp=000140 cavs=[16]
sgcp_constrained receiver=16 policy=all-cavs sources=[16] clusters=20 ra=fullperception_pcs comm_bytes=0 selected_grids={}
fusion_method=early pred_boxes=14 gt_boxes=64
pred_scores_shape=(14,)
frame=41/41 receiver_sample=17/20 scenario=2026_07_29_02_32_08 timestamp=000140 cavs=[17]
sgcp_constrained receiver=17 policy=all-cavs sources=[17] clusters=20 ra=fullperception_pcs comm_bytes=0 selected_grids={}
fusion_method=early pred_boxes=15 gt_boxes=64
pred_scores_shape=(15,)
frame=41/41 receiver_sample=18/20 scenario=2026_07_29_02_32_08 timestamp=000140 cavs=[18]
sgcp_constrained receiver=18 policy=all-cavs sources=[18] clusters=20 ra=fullperception_pcs comm_bytes=0 selected_grids={}
fusion_method=early pred_boxes=9 gt_boxes=28
pred_scores_shape=(9,)
frame=41/41 receiver_sample=19/20 scenario=2026_07_29_02_32_08 timestamp=000140 cavs=[19, 20]
C:\Users\sakakibara\miniconda3\envs\opencda\lib\site-packages\torch\nn\functional.py:1806: UserWarning: nn.functional.sigmoid is deprecated. Use torch.sigmoid instead.
  warnings.warn("nn.functional.sigmoid is deprecated. Use torch.sigmoid instead.")
sgcp_constrained receiver=19 policy=all-cavs sources=[19, 20] clusters=20 ra=fullperception_pcs comm_bytes=107408 selected_grids={20: 24}
fusion_method=early pred_boxes=23 gt_boxes=54
pred_scores_shape=(23,)
frame=41/41 receiver_sample=20/20 scenario=2026_07_29_02_32_08 timestamp=000140 cavs=[20]
sgcp_constrained receiver=20 policy=all-cavs sources=[20] clusters=20 ra=fullperception_pcs comm_bytes=0 selected_grids={}
fusion_method=early pred_boxes=19 gt_boxes=57
pred_scores_shape=(19,)
cp counter: 820
Evaluate final average precision results:
  - Fusion method: early
  - The Average Precision at IOU 0.3 is 0.33, The Average Precision at IOU 0.5 is 0.29, The Average Precision at IOU 0.7 is 0.21
sgcp_summary frames=820 avg_comm_bytes=44057.37 total_comm_bytes=36127040 avg_source_cavs=1.50 avg_selected_grids=6.82
