scenario_id,timestamp,receiver_id,receiver_policy,coperception_yaml,resource_allocation,upload_mode,grid_selection_mode,grid_score_mode,coverage_fallback,coverage_fallback_replacements,routing_hint_replacements,routing_hints_csv,clustering,cluster_count,selective_frame_deadline_ms,cluster_member_ids,source_cav_ids,uploaded_source_ids,selected_grid_counts_json,point_counts_json,communication_bytes,frame_comm_time_ms,num_channels,bandwidth_mhz,communication_deadline_ms,sgcp_frame_mbps_budget,sgcp_frame_budget_bytes,sgcp_frame_budget_original_bytes,sgcp_frame_budget_admitted_bytes,upload_density_cap_rho,upload_density_cap_seed,max_senders_per_receiver,channel_estimator,ns3_tb_size_bytes,ns3_slot_duration_ms,ns3_subchannel_prbs,ns3_symbols_per_slot,ns3_mcs,pcs_rounds_requested,pcs_rounds_accepted,pcs_round_comm_time_ms_json,pcs_round_comm_bytes_json,channel_allocation,missing_channel_sources,pred_boxes,gt_boxes,skipped
2026_07_29_02_32_08,000060,1,all-cluster-heads,docs\doc_workspace\SGCP\artifacts\early_from_late_checkpoint_20260719\enable_coperception_early_from_attentive.yaml,dynamic_cv,grid,utility,utility,none,0,0,,potential_verified_cov_coalition_game,7,,1;2;8;11,1;2,2,"{""2"": 12}","{""1"": 13948, ""2"": 3847}",61552,34.23359288097887,10,40.0,60.0,5.0,62500,529536,61552,5.0,sgcp-density-cap,1,ns3,899,0.5,10,12,28,,,[],[],2>1:0,,24,45,
2026_07_29_02_32_08,000060,10,all-cluster-heads,docs\doc_workspace\SGCP\artifacts\early_from_late_checkpoint_20260719\enable_coperception_early_from_attentive.yaml,dynamic_cv,grid,utility,utility,none,0,0,,potential_verified_cov_coalition_game,7,,9;10,10,,{},"{""10"": 14073}",0,0.0,10,40.0,60.0,5.0,62500,529536,61552,5.0,sgcp-density-cap,1,ns3,899,0.5,10,12,28,,,[],[],,,20,36,
2026_07_29_02_32_08,000060,12,all-cluster-heads,docs\doc_workspace\SGCP\artifacts\early_from_late_checkpoint_20260719\enable_coperception_early_from_attentive.yaml,dynamic_cv,grid,utility,utility,none,0,0,,potential_verified_cov_coalition_game,7,,4;7;12,12,,{},"{""12"": 13881}",0,0.0,10,40.0,60.0,5.0,62500,529536,61552,5.0,sgcp-density-cap,1,ns3,899,0.5,10,12,28,,,[],[],,,17,41,
2026_07_29_02_32_08,000060,13,all-cluster-heads,docs\doc_workspace\SGCP\artifacts\early_from_late_checkpoint_20260719\enable_coperception_early_from_attentive.yaml,dynamic_cv,grid,utility,utility,none,0,0,,potential_verified_cov_coalition_game,7,,13;14;19,13,,{},"{""13"": 13569}",0,0.0,10,40.0,60.0,5.0,62500,529536,61552,5.0,sgcp-density-cap,1,ns3,899,0.5,10,12,28,,,[],[],,,4,18,
2026_07_29_02_32_08,000060,15,all-cluster-heads,docs\doc_workspace\SGCP\artifacts\early_from_late_checkpoint_20260719\enable_coperception_early_from_attentive.yaml,dynamic_cv,grid,utility,utility,none,0,0,,potential_verified_cov_coalition_game,7,,6;15,15,,{},"{""15"": 13458}",0,0.0,10,40.0,60.0,5.0,62500,529536,61552,5.0,sgcp-density-cap,1,ns3,899,0.5,10,12,28,,,[],[],,,17,21,
2026_07_29_02_32_08,000060,16,all-cluster-heads,docs\doc_workspace\SGCP\artifacts\early_from_late_checkpoint_20260719\enable_coperception_early_from_attentive.yaml,dynamic_cv,grid,utility,utility,none,0,0,,potential_verified_cov_coalition_game,7,,5;16;20,16,,{},"{""16"": 13819}",0,0.0,10,40.0,60.0,5.0,62500,529536,61552,5.0,sgcp-density-cap,1,ns3,899,0.5,10,12,28,,,[],[],,,18,32,
2026_07_29_02_32_08,000060,17,all-cluster-heads,docs\doc_workspace\SGCP\artifacts\early_from_late_checkpoint_20260719\enable_coperception_early_from_attentive.yaml,dynamic_cv,grid,utility,utility,none,0,0,,potential_verified_cov_coalition_game,7,,3;17;18,17,,{},"{""17"": 14142}",0,0.0,10,40.0,60.0,5.0,62500,529536,61552,5.0,sgcp-density-cap,1,ns3,899,0.5,10,12,28,,,[],[],,,11,18,
2026_07_29_02_32_08,000062,1,all-cluster-heads,docs\doc_workspace\SGCP\artifacts\early_from_late_checkpoint_20260719\enable_coperception_early_from_attentive.yaml,dynamic_cv,grid,utility,utility,none,0,0,,potential_verified_cov_coalition_game,7,,1;2;8;11,1;2,2,"{""2"": 12}","{""1"": 13948, ""2"": 3900}",62400,34.705228031145715,10,40.0,60.0,5.0,62500,531040,62400,5.0,sgcp-density-cap,1,ns3,899,0.5,10,12,28,,,[],[],2>1:0,,24,45,
2026_07_29_02_32_08,000062,10,all-cluster-heads,docs\doc_workspace\SGCP\artifacts\early_from_late_checkpoint_20260719\enable_coperception_early_from_attentive.yaml,dynamic_cv,grid,utility,utility,none,0,0,,potential_verified_cov_coalition_game,7,,9;10,10,,{},"{""10"": 14074}",0,0.0,10,40.0,60.0,5.0,62500,531040,62400,5.0,sgcp-density-cap,1,ns3,899,0.5,10,12,28,,,[],[],,,20,34,
2026_07_29_02_32_08,000062,12,all-cluster-heads,docs\doc_workspace\SGCP\artifacts\early_from_late_checkpoint_20260719\enable_coperception_early_from_attentive.yaml,dynamic_cv,grid,utility,utility,none,0,0,,potential_verified_cov_coalition_game,7,,4;7;12,12,,{},"{""12"": 13882}",0,0.0,10,40.0,60.0,5.0,62500,531040,62400,5.0,sgcp-density-cap,1,ns3,899,0.5,10,12,28,,,[],[],,,18,39,
2026_07_29_02_32_08,000062,13,all-cluster-heads,docs\doc_workspace\SGCP\artifacts\early_from_late_checkpoint_20260719\enable_coperception_early_from_attentive.yaml,dynamic_cv,grid,utility,utility,none,0,0,,potential_verified_cov_coalition_game,7,,13;14;19,13,,{},"{""13"": 13569}",0,0.0,10,40.0,60.0,5.0,62500,531040,62400,5.0,sgcp-density-cap,1,ns3,899,0.5,10,12,28,,,[],[],,,4,18,
2026_07_29_02_32_08,000062,15,all-cluster-heads,docs\doc_workspace\SGCP\artifacts\early_from_late_checkpoint_20260719\enable_coperception_early_from_attentive.yaml,dynamic_cv,grid,utility,utility,none,0,0,,potential_verified_cov_coalition_game,7,,6;15,15,,{},"{""15"": 13488}",0,0.0,10,40.0,60.0,5.0,62500,531040,62400,5.0,sgcp-density-cap,1,ns3,899,0.5,10,12,28,,,[],[],,,16,21,
2026_07_29_02_32_08,000062,16,all-cluster-heads,docs\doc_workspace\SGCP\artifacts\early_from_late_checkpoint_20260719\enable_coperception_early_from_attentive.yaml,dynamic_cv,grid,utility,utility,none,0,0,,potential_verified_cov_coalition_game,7,,5;16;20,16,,{},"{""16"": 13788}",0,0.0,10,40.0,60.0,5.0,62500,531040,62400,5.0,sgcp-density-cap,1,ns3,899,0.5,10,12,28,,,[],[],,,17,32,
2026_07_29_02_32_08,000062,17,all-cluster-heads,docs\doc_workspace\SGCP\artifacts\early_from_late_checkpoint_20260719\enable_coperception_early_from_attentive.yaml,dynamic_cv,grid,utility,utility,none,0,0,,potential_verified_cov_coalition_game,7,,3;17;18,17,,{},"{""17"": 14128}",0,0.0,10,40.0,60.0,5.0,62500,531040,62400,5.0,sgcp-density-cap,1,ns3,899,0.5,10,12,28,,,[],[],,,9,19,
2026_07_29_02_32_08,000064,1,all-cluster-heads,docs\doc_workspace\SGCP\artifacts\early_from_late_checkpoint_20260719\enable_coperception_early_from_attentive.yaml,dynamic_cv,grid,utility,utility,none,0,0,,potential_verified_cov_coalition_game,7,,1;2;8;11,1;2,2,"{""2"": 12}","{""1"": 13948, ""2"": 3853}",61648,34.28698553948832,10,40.0,60.0,5.0,62500,528880,61648,5.0,sgcp-density-cap,1,ns3,899,0.5,10,12,28,,,[],[],2>1:0,,24,44,
2026_07_29_02_32_08,000064,10,all-cluster-heads,docs\doc_workspace\SGCP\artifacts\early_from_late_checkpoint_20260719\enable_coperception_early_from_attentive.yaml,dynamic_cv,grid,utility,utility,none,0,0,,potential_verified_cov_coalition_game,7,,9;10,10,,{},"{""10"": 14075}",0,0.0,10,40.0,60.0,5.0,62500,528880,61648,5.0,sgcp-density-cap,1,ns3,899,0.5,10,12,28,,,[],[],,,17,36,
2026_07_29_02_32_08,000064,12,all-cluster-heads,docs\doc_workspace\SGCP\artifacts\early_from_late_checkpoint_20260719\enable_coperception_early_from_attentive.yaml,dynamic_cv,grid,utility,utility,none,0,0,,potential_verified_cov_coalition_game,7,,4;7;12,12,,{},"{""12"": 13868}",0,0.0,10,40.0,60.0,5.0,62500,528880,61648,5.0,sgcp-density-cap,1,ns3,899,0.5,10,12,28,,,[],[],,,16,38,
2026_07_29_02_32_08,000064,13,all-cluster-heads,docs\doc_workspace\SGCP\artifacts\early_from_late_checkpoint_20260719\enable_coperception_early_from_attentive.yaml,dynamic_cv,grid,utility,utility,none,0,0,,potential_verified_cov_coalition_game,7,,13;14;19,13,,{},"{""13"": 13570}",0,0.0,10,40.0,60.0,5.0,62500,528880,61648,5.0,sgcp-density-cap,1,ns3,899,0.5,10,12,28,,,[],[],,,3,18,
2026_07_29_02_32_08,000064,15,all-cluster-heads,docs\doc_workspace\SGCP\artifacts\early_from_late_checkpoint_20260719\enable_coperception_early_from_attentive.yaml,dynamic_cv,grid,utility,utility,none,0,0,,potential_verified_cov_coalition_game,7,,6;15,15,,{},"{""15"": 13466}",0,0.0,10,40.0,60.0,5.0,62500,528880,61648,5.0,sgcp-density-cap,1,ns3,899,0.5,10,12,28,,,[],[],,,17,21,
2026_07_29_02_32_08,000064,16,all-cluster-heads,docs\doc_workspace\SGCP\artifacts\early_from_late_checkpoint_20260719\enable_coperception_early_from_attentive.yaml,dynamic_cv,grid,utility,utility,none,0,0,,potential_verified_cov_coalition_game,7,,5;16;20,16,,{},"{""16"": 13804}",0,0.0,10,40.0,60.0,5.0,62500,528880,61648,5.0,sgcp-density-cap,1,ns3,899,0.5,10,12,28,,,[],[],,,15,34,
2026_07_29_02_32_08,000064,17,all-cluster-heads,docs\doc_workspace\SGCP\artifacts\early_from_late_checkpoint_20260719\enable_coperception_early_from_attentive.yaml,dynamic_cv,grid,utility,utility,none,0,0,,potential_verified_cov_coalition_game,7,,3;17;18,17,,{},"{""17"": 14138}",0,0.0,10,40.0,60.0,5.0,62500,528880,61648,5.0,sgcp-density-cap,1,ns3,899,0.5,10,12,28,,,[],[],,,7,18,
2026_07_29_02_32_08,000066,1,all-cluster-heads,docs\doc_workspace\SGCP\artifacts\early_from_late_checkpoint_20260719\enable_coperception_early_from_attentive.yaml,dynamic_cv,grid,utility,utility,none,0,0,,potential_verified_cov_coalition_game,6,,1;2;8;11,1;2,2,"{""2"": 12}","{""1"": 13953, ""2"": 3843}",61488,34.19799777530589,10,40.0,60.0,5.0,62500,531248,62480,5.0,sgcp-density-cap,1,ns3,899,0.5,10,12,28,,,[],[],2>1:0,,25,44,
2026_07_29_02_32_08,000066,12,all-cluster-heads,docs\doc_workspace\SGCP\artifacts\early_from_late_checkpoint_20260719\enable_coperception_early_from_attentive.yaml,dynamic_cv,grid,utility,utility,none,0,0,,potential_verified_cov_coalition_game,6,,4;7;12,12,,{},"{""12"": 13863}",0,0.0,10,40.0,60.0,5.0,62500,531248,62480,5.0,sgcp-density-cap,1,ns3,899,0.5,10,12,28,,,[],[],,,15,37,
2026_07_29_02_32_08,000066,15,all-cluster-heads,docs\doc_workspace\SGCP\artifacts\early_from_late_checkpoint_20260719\enable_coperception_early_from_attentive.yaml,dynamic_cv,grid,utility,utility,none,0,0,,potential_verified_cov_coalition_game,6,,6;15,15,,{},"{""15"": 13477}",0,0.0,10,40.0,60.0,5.0,62500,531248,62480,5.0,sgcp-density-cap,1,ns3,899,0.5,10,12,28,,,[],[],,,18,20,
2026_07_29_02_32_08,000066,16,all-cluster-heads,docs\doc_workspace\SGCP\artifacts\early_from_late_checkpoint_20260719\enable_coperception_early_from_attentive.yaml,dynamic_cv,grid,utility,utility,none,0,0,,potential_verified_cov_coalition_game,6,,5;16;20,16;20,20,"{""20"": 1}","{""16"": 13800, ""20"": 62}",992,0.5517241379310345,10,40.0,60.0,5.0,62500,531248,62480,5.0,sgcp-density-cap,1,ns3,899,0.5,10,12,28,,,[],[],20>16:3,,19,33,
2026_07_29_02_32_08,000066,17,all-cluster-heads,docs\doc_workspace\SGCP\artifacts\early_from_late_checkpoint_20260719\enable_coperception_early_from_attentive.yaml,dynamic_cv,grid,utility,utility,none,0,0,,potential_verified_cov_coalition_game,6,,3;14;17;18,17,,{},"{""17"": 14142}",0,0.0,10,40.0,60.0,5.0,62500,531248,62480,5.0,sgcp-density-cap,1,ns3,899,0.5,10,12,28,,,[],[],,,9,18,
2026_07_29_02_32_08,000066,19,all-cluster-heads,docs\doc_workspace\SGCP\artifacts\early_from_late_checkpoint_20260719\enable_coperception_early_from_attentive.yaml,dynamic_cv,grid,utility,utility,none,0,0,,potential_verified_cov_coalition_game,6,,9;10;13;19,19,,{},"{""19"": 13700}",0,0.0,10,40.0,60.0,5.0,62500,531248,62480,5.0,sgcp-density-cap,1,ns3,899,0.5,10,12,28,,,[],[],,,2,23,
2026_07_29_02_32_08,000068,1,all-cluster-heads,docs\doc_workspace\SGCP\artifacts\early_from_late_checkpoint_20260719\enable_coperception_early_from_attentive.yaml,dynamic_cv,grid,utility,utility,none,0,0,,potential_verified_cov_coalition_game,6,,1;4;12,1;4;12,4;12,"{""4"": 1, ""12"": 9}","{""1"": 13961, ""4"": 224, ""12"": 3668}",62272,32.64071190211346,10,40.0,60.0,5.0,62500,595872,62272,5.0,sgcp-density-cap,1,ns3,899,0.5,10,12,28,,,[],[],4>1:9;12>1:0,,30,56,
2026_07_29_02_32_08,000068,11,all-cluster-heads,docs\doc_workspace\SGCP\artifacts\early_from_late_checkpoint_20260719\enable_coperception_early_from_attentive.yaml,dynamic_cv,grid,utility,utility,none,0,0,,potential_verified_cov_coalition_game,6,,2;8;11;19,11,,{},"{""11"": 13865}",0,0.0,10,40.0,60.0,5.0,62500,595872,62272,5.0,sgcp-density-cap,1,ns3,899,0.5,10,12,28,,,[],[],,,20,42,
2026_07_29_02_32_08,000068,13,all-cluster-heads,docs\doc_workspace\SGCP\artifacts\early_from_late_checkpoint_20260719\enable_coperception_early_from_attentive.yaml,dynamic_cv,grid,utility,utility,none,0,0,,potential_verified_cov_coalition_game,6,,9;10;13;14,13,,{},"{""13"": 13572}",0,0.0,10,40.0,60.0,5.0,62500,595872,62272,5.0,sgcp-density-cap,1,ns3,899,0.5,10,12,28,,,[],[],,,4,18,
2026_07_29_02_32_08,000068,15,all-cluster-heads,docs\doc_workspace\SGCP\artifacts\early_from_late_checkpoint_20260719\enable_coperception_early_from_attentive.yaml,dynamic_cv,grid,utility,utility,none,0,0,,potential_verified_cov_coalition_game,6,,6;15,15,,{},"{""15"": 13482}",0,0.0,10,40.0,60.0,5.0,62500,595872,62272,5.0,sgcp-density-cap,1,ns3,899,0.5,10,12,28,,,[],[],,,19,20,
2026_07_29_02_32_08,000068,16,all-cluster-heads,docs\doc_workspace\SGCP\artifacts\early_from_late_checkpoint_20260719\enable_coperception_early_from_attentive.yaml,dynamic_cv,grid,utility,utility,none,0,0,,potential_verified_cov_coalition_game,6,,5;7;16;20,16,,{},"{""16"": 13828}",0,0.0,10,40.0,60.0,5.0,62500,595872,62272,5.0,sgcp-density-cap,1,ns3,899,0.5,10,12,28,,,[],[],,,17,33,
2026_07_29_02_32_08,000068,17,all-cluster-heads,docs\doc_workspace\SGCP\artifacts\early_from_late_checkpoint_20260719\enable_coperception_early_from_attentive.yaml,dynamic_cv,grid,utility,utility,none,0,0,,potential_verified_cov_coalition_game,6,,3;17;18,17,,{},"{""17"": 14134}",0,0.0,10,40.0,60.0,5.0,62500,595872,62272,5.0,sgcp-density-cap,1,ns3,899,0.5,10,12,28,,,[],[],,,7,18,
2026_07_29_02_32_08,000070,11,all-cluster-heads,docs\doc_workspace\SGCP\artifacts\early_from_late_checkpoint_20260719\enable_coperception_early_from_attentive.yaml,dynamic_cv,grid,utility,utility,none,0,0,,potential_verified_cov_coalition_game,6,,1;2;11;19,11;19,19,"{""19"": 13}","{""11"": 13862, ""19"": 3807}",60912,33.87764182424917,10,40.0,60.0,5.0,62500,568272,62000,5.0,sgcp-density-cap,1,ns3,899,0.5,10,12,28,,,[],[],19>11:0,,21,47,
2026_07_29_02_32_08,000070,12,all-cluster-heads,docs\doc_workspace\SGCP\artifacts\early_from_late_checkpoint_20260719\enable_coperception_early_from_attentive.yaml,dynamic_cv,grid,utility,utility,none,0,0,,potential_verified_cov_coalition_game,6,,4;7;8;12,12;8,8,"{""8"": 1}","{""8"": 68, ""12"": 13891}",1088,0.6051167964404894,10,40.0,60.0,5.0,62500,568272,62000,5.0,sgcp-density-cap,1,ns3,899,0.5,10,12,28,,,[],[],8>12:8,,10,52,
2026_07_29_02_32_08,000070,13,all-cluster-heads,docs\doc_workspace\SGCP\artifacts\early_from_late_checkpoint_20260719\enable_coperception_early_from_attentive.yaml,dynamic_cv,grid,utility,utility,none,0,0,,potential_verified_cov_coalition_game,6,,9;10;13;14,13,,{},"{""13"": 13574}",0,0.0,10,40.0,60.0,5.0,62500,568272,62000,5.0,sgcp-density-cap,1,ns3,899,0.5,10,12,28,,,[],[],,,4,18,
2026_07_29_02_32_08,000070,15,all-cluster-heads,docs\doc_workspace\SGCP\artifacts\early_from_late_checkpoint_20260719\enable_coperception_early_from_attentive.yaml,dynamic_cv,grid,utility,utility,none,0,0,,potential_verified_cov_coalition_game,6,,6;15,15,,{},"{""15"": 13489}",0,0.0,10,40.0,60.0,5.0,62500,568272,62000,5.0,sgcp-density-cap,1,ns3,899,0.5,10,12,28,,,[],[],,,18,20,
2026_07_29_02_32_08,000070,16,all-cluster-heads,docs\doc_workspace\SGCP\artifacts\early_from_late_checkpoint_20260719\enable_coperception_early_from_attentive.yaml,dynamic_cv,grid,utility,utility,none,0,0,,potential_verified_cov_coalition_game,6,,5;16;20,16,,{},"{""16"": 13833}",0,0.0,10,40.0,60.0,5.0,62500,568272,62000,5.0,sgcp-density-cap,1,ns3,899,0.5,10,12,28,,,[],[],,,16,34,
2026_07_29_02_32_08,000070,17,all-cluster-heads,docs\doc_workspace\SGCP\artifacts\early_from_late_checkpoint_20260719\enable_coperception_early_from_attentive.yaml,dynamic_cv,grid,utility,utility,none,0,0,,potential_verified_cov_coalition_game,6,,3;17;18,17,,{},"{""17"": 14129}",0,0.0,10,40.0,60.0,5.0,62500,568272,62000,5.0,sgcp-density-cap,1,ns3,899,0.5,10,12,28,,,[],[],,,9,17,
2026_07_29_02_32_08,000072,11,all-cluster-heads,docs\doc_workspace\SGCP\artifacts\early_from_late_checkpoint_20260719\enable_coperception_early_from_attentive.yaml,dynamic_cv,grid,utility,utility,none,0,0,,potential_verified_cov_coalition_game,6,,1;2;11;19,11;2;19,2;19,"{""2"": 1, ""19"": 13}","{""2"": 108, ""11"": 13861, ""19"": 3790}",62368,33.72636262513904,10,40.0,60.0,5.0,62500,568032,62368,5.0,sgcp-density-cap,1,ns3,899,0.5,10,12,28,,,[],[],2>11:7;19>11:0,,22,51,
2026_07_29_02_32_08,000072,12,all-cluster-heads,docs\doc_workspace\SGCP\artifacts\early_from_late_checkpoint_20260719\enable_coperception_early_from_attentive.yaml,dynamic_cv,grid,utility,utility,none,0,0,,potential_verified_cov_coalition_game,6,,4;7;8;12,12,,{},"{""12"": 13906}",0,0.0,10,40.0,60.0,5.0,62500,568032,62368,5.0,sgcp-density-cap,1,ns3,899,0.5,10,12,28,,,[],[],,,15,34,
2026_07_29_02_32_08,000072,13,all-cluster-heads,docs\doc_workspace\SGCP\artifacts\early_from_late_checkpoint_20260719\enable_coperception_early_from_attentive.yaml,dynamic_cv,grid,utility,utility,none,0,0,,potential_verified_cov_coalition_game,6,,9;10;13;14,13,,{},"{""13"": 13566}",0,0.0,10,40.0,60.0,5.0,62500,568032,62368,5.0,sgcp-density-cap,1,ns3,899,0.5,10,12,28,,,[],[],,,6,18,
2026_07_29_02_32_08,000072,15,all-cluster-heads,docs\doc_workspace\SGCP\artifacts\early_from_late_checkpoint_20260719\enable_coperception_early_from_attentive.yaml,dynamic_cv,grid,utility,utility,none,0,0,,potential_verified_cov_coalition_game,6,,6;15,15,,{},"{""15"": 13501}",0,0.0,10,40.0,60.0,5.0,62500,568032,62368,5.0,sgcp-density-cap,1,ns3,899,0.5,10,12,28,,,[],[],,,19,20,
2026_07_29_02_32_08,000072,16,all-cluster-heads,docs\doc_workspace\SGCP\artifacts\early_from_late_checkpoint_20260719\enable_coperception_early_from_attentive.yaml,dynamic_cv,grid,utility,utility,none,0,0,,potential_verified_cov_coalition_game,6,,5;16;20,16,,{},"{""16"": 13827}",0,0.0,10,40.0,60.0,5.0,62500,568032,62368,5.0,sgcp-density-cap,1,ns3,899,0.5,10,12,28,,,[],[],,,17,33,
2026_07_29_02_32_08,000072,17,all-cluster-heads,docs\doc_workspace\SGCP\artifacts\early_from_late_checkpoint_20260719\enable_coperception_early_from_attentive.yaml,dynamic_cv,grid,utility,utility,none,0,0,,potential_verified_cov_coalition_game,6,,3;17;18,17,,{},"{""17"": 14140}",0,0.0,10,40.0,60.0,5.0,62500,568032,62368,5.0,sgcp-density-cap,1,ns3,899,0.5,10,12,28,,,[],[],,,9,17,
2026_07_29_02_32_08,000074,4,all-cluster-heads,docs\doc_workspace\SGCP\artifacts\early_from_late_checkpoint_20260719\enable_coperception_early_from_attentive.yaml,dynamic_cv,grid,utility,utility,none,0,0,,potential_verified_cov_coalition_game,6,,4;8;12,4;8;12,8;12,"{""8"": 4, ""12"": 12}","{""4"": 13788, ""8"": 1304, ""12"": 2579}",62128,22.949944382647384,10,40.0,60.0,5.0,62500,558768,62128,5.0,sgcp-density-cap,1,ns3,899,0.5,10,12,28,,,[],[],8>4:9;12>4:0,,24,49,
2026_07_29_02_32_08,000074,11,all-cluster-heads,docs\doc_workspace\SGCP\artifacts\early_from_late_checkpoint_20260719\enable_coperception_early_from_attentive.yaml,dynamic_cv,grid,utility,utility,none,0,0,,potential_verified_cov_coalition_game,6,,1;2;11;19,11,,{},"{""11"": 13860}",0,0.0,10,40.0,60.0,5.0,62500,558768,62128,5.0,sgcp-density-cap,1,ns3,899,0.5,10,12,28,,,[],[],,,21,43,
2026_07_29_02_32_08,000074,13,all-cluster-heads,docs\doc_workspace\SGCP\artifacts\early_from_late_checkpoint_20260719\enable_coperception_early_from_attentive.yaml,dynamic_cv,grid,utility,utility,none,0,0,,potential_verified_cov_coalition_game,6,,9;10;13;14,13,,{},"{""13"": 13577}",0,0.0,10,40.0,60.0,5.0,62500,558768,62128,5.0,sgcp-density-cap,1,ns3,899,0.5,10,12,28,,,[],[],,,3,18,
2026_07_29_02_32_08,000074,15,all-cluster-heads,docs\doc_workspace\SGCP\artifacts\early_from_late_checkpoint_20260719\enable_coperception_early_from_attentive.yaml,dynamic_cv,grid,utility,utility,none,0,0,,potential_verified_cov_coalition_game,6,,6;15,15,,{},"{""15"": 13494}",0,0.0,10,40.0,60.0,5.0,62500,558768,62128,5.0,sgcp-density-cap,1,ns3,899,0.5,10,12,28,,,[],[],,,16,21,
2026_07_29_02_32_08,000074,16,all-cluster-heads,docs\doc_workspace\SGCP\artifacts\early_from_late_checkpoint_20260719\enable_coperception_early_from_attentive.yaml,dynamic_cv,grid,utility,utility,none,0,0,,potential_verified_cov_coalition_game,6,,5;7;16;20,16,,{},"{""16"": 13876}",0,0.0,10,40.0,60.0,5.0,62500,558768,62128,5.0,sgcp-density-cap,1,ns3,899,0.5,10,12,28,,,[],[],,,18,33,
2026_07_29_02_32_08,000074,17,all-cluster-heads,docs\doc_workspace\SGCP\artifacts\early_from_late_checkpoint_20260719\enable_coperception_early_from_attentive.yaml,dynamic_cv,grid,utility,utility,none,0,0,,potential_verified_cov_coalition_game,6,,3;17;18,17,,{},"{""17"": 14148}",0,0.0,10,40.0,60.0,5.0,62500,558768,62128,5.0,sgcp-density-cap,1,ns3,899,0.5,10,12,28,,,[],[],,,11,18,
2026_07_29_02_32_08,000076,4,all-cluster-heads,docs\doc_workspace\SGCP\artifacts\early_from_late_checkpoint_20260719\enable_coperception_early_from_attentive.yaml,dynamic_cv,grid,utility,utility,none,0,0,,potential_verified_cov_coalition_game,6,,4;8;12,4;8;12,8;12,"{""8"": 3, ""12"": 13}","{""4"": 13778, ""8"": 1143, ""12"": 2736}",62064,24.347052280311456,10,40.0,60.0,5.0,62500,562672,62064,5.0,sgcp-density-cap,1,ns3,899,0.5,10,12,28,,,[],[],8>4:9;12>4:0,,21,50,
2026_07_29_02_32_08,000076,11,all-cluster-heads,docs\doc_workspace\SGCP\artifacts\early_from_late_checkpoint_20260719\enable_coperception_early_from_attentive.yaml,dynamic_cv,grid,utility,utility,none,0,0,,potential_verified_cov_coalition_game,6,,1;2;11;19,11,,{},"{""11"": 13862}",0,0.0,10,40.0,60.0,5.0,62500,562672,62064,5.0,sgcp-density-cap,1,ns3,899,0.5,10,12,28,,,[],[],,,21,43,
2026_07_29_02_32_08,000076,13,all-cluster-heads,docs\doc_workspace\SGCP\artifacts\early_from_late_checkpoint_20260719\enable_coperception_early_from_attentive.yaml,dynamic_cv,grid,utility,utility,none,0,0,,potential_verified_cov_coalition_game,6,,9;10;13;14,13,,{},"{""13"": 13582}",0,0.0,10,40.0,60.0,5.0,62500,562672,62064,5.0,sgcp-density-cap,1,ns3,899,0.5,10,12,28,,,[],[],,,6,18,
2026_07_29_02_32_08,000076,15,all-cluster-heads,docs\doc_workspace\SGCP\artifacts\early_from_late_checkpoint_20260719\enable_coperception_early_from_attentive.yaml,dynamic_cv,grid,utility,utility,none,0,0,,potential_verified_cov_coalition_game,6,,6;15,15,,{},"{""15"": 13485}",0,0.0,10,40.0,60.0,5.0,62500,562672,62064,5.0,sgcp-density-cap,1,ns3,899,0.5,10,12,28,,,[],[],,,15,21,
2026_07_29_02_32_08,000076,16,all-cluster-heads,docs\doc_workspace\SGCP\artifacts\early_from_late_checkpoint_20260719\enable_coperception_early_from_attentive.yaml,dynamic_cv,grid,utility,utility,none,0,0,,potential_verified_cov_coalition_game,6,,5;7;16;20,16,,{},"{""16"": 13891}",0,0.0,10,40.0,60.0,5.0,62500,562672,62064,5.0,sgcp-density-cap,1,ns3,899,0.5,10,12,28,,,[],[],,,21,32,
2026_07_29_02_32_08,000076,17,all-cluster-heads,docs\doc_workspace\SGCP\artifacts\early_from_late_checkpoint_20260719\enable_coperception_early_from_attentive.yaml,dynamic_cv,grid,utility,utility,none,0,0,,potential_verified_cov_coalition_game,6,,3;17;18,17,,{},"{""17"": 14123}",0,0.0,10,40.0,60.0,5.0,62500,562672,62064,5.0,sgcp-density-cap,1,ns3,899,0.5,10,12,28,,,[],[],,,11,19,
2026_07_29_02_32_08,000078,4,all-cluster-heads,docs\doc_workspace\SGCP\artifacts\early_from_late_checkpoint_20260719\enable_coperception_early_from_attentive.yaml,dynamic_cv,grid,utility,utility,none,0,0,,potential_verified_cov_coalition_game,6,,4;8;12,4;8;12,8;12,"{""8"": 5, ""12"": 12}","{""4"": 13750, ""8"": 1290, ""12"": 2616}",62496,23.27919911012236,10,40.0,60.0,5.0,62500,555408,62496,5.0,sgcp-density-cap,1,ns3,899,0.5,10,12,28,,,[],[],8>4:9;12>4:0,,23,50,
2026_07_29_02_32_08,000078,11,all-cluster-heads,docs\doc_workspace\SGCP\artifacts\early_from_late_checkpoint_20260719\enable_coperception_early_from_attentive.yaml,dynamic_cv,grid,utility,utility,none,0,0,,potential_verified_cov_coalition_game,6,,1;2;11;19,11,,{},"{""11"": 13862}",0,0.0,10,40.0,60.0,5.0,62500,555408,62496,5.0,sgcp-density-cap,1,ns3,899,0.5,10,12,28,,,[],[],,,21,43,
2026_07_29_02_32_08,000078,13,all-cluster-heads,docs\doc_workspace\SGCP\artifacts\early_from_late_checkpoint_20260719\enable_coperception_early_from_attentive.yaml,dynamic_cv,grid,utility,utility,none,0,0,,potential_verified_cov_coalition_game,6,,9;10;13;14,13,,{},"{""13"": 13583}",0,0.0,10,40.0,60.0,5.0,62500,555408,62496,5.0,sgcp-density-cap,1,ns3,899,0.5,10,12,28,,,[],[],,,5,18,
2026_07_29_02_32_08,000078,15,all-cluster-heads,docs\doc_workspace\SGCP\artifacts\early_from_late_checkpoint_20260719\enable_coperception_early_from_attentive.yaml,dynamic_cv,grid,utility,utility,none,0,0,,potential_verified_cov_coalition_game,6,,6;15,15,,{},"{""15"": 13505}",0,0.0,10,40.0,60.0,5.0,62500,555408,62496,5.0,sgcp-density-cap,1,ns3,899,0.5,10,12,28,,,[],[],,,16,21,
2026_07_29_02_32_08,000078,16,all-cluster-heads,docs\doc_workspace\SGCP\artifacts\early_from_late_checkpoint_20260719\enable_coperception_early_from_attentive.yaml,dynamic_cv,grid,utility,utility,none,0,0,,potential_verified_cov_coalition_game,6,,5;7;16;20,16,,{},"{""16"": 13902}",0,0.0,10,40.0,60.0,5.0,62500,555408,62496,5.0,sgcp-density-cap,1,ns3,899,0.5,10,12,28,,,[],[],,,20,31,
2026_07_29_02_32_08,000078,17,all-cluster-heads,docs\doc_workspace\SGCP\artifacts\early_from_late_checkpoint_20260719\enable_coperception_early_from_attentive.yaml,dynamic_cv,grid,utility,utility,none,0,0,,potential_verified_cov_coalition_game,6,,3;17;18,17,,{},"{""17"": 14122}",0,0.0,10,40.0,60.0,5.0,62500,555408,62496,5.0,sgcp-density-cap,1,ns3,899,0.5,10,12,28,,,[],[],,,10,19,
2026_07_29_02_32_08,000080,11,all-cluster-heads,docs\doc_workspace\SGCP\artifacts\early_from_late_checkpoint_20260719\enable_coperception_early_from_attentive.yaml,dynamic_cv,grid,utility,utility,none,0,0,,potential_verified_cov_coalition_game,6,,1;2;11;19,11;19,19,"{""19"": 13}","{""11"": 13866, ""19"": 3803}",60848,33.8420467185762,10,40.0,60.0,5.0,62500,579296,61936,5.0,sgcp-density-cap,1,ns3,899,0.5,10,12,28,,,[],[],19>11:0,,24,47,
2026_07_29_02_32_08,000080,12,all-cluster-heads,docs\doc_workspace\SGCP\artifacts\early_from_late_checkpoint_20260719\enable_coperception_early_from_attentive.yaml,dynamic_cv,grid,utility,utility,none,0,0,,potential_verified_cov_coalition_game,6,,4;7;8;12,12;8,8,"{""8"": 1}","{""8"": 68, ""12"": 13953}",1088,0.6051167964404894,10,40.0,60.0,5.0,62500,579296,61936,5.0,sgcp-density-cap,1,ns3,899,0.5,10,12,28,,,[],[],8>12:9,,9,45,
2026_07_29_02_32_08,000080,13,all-cluster-heads,docs\doc_workspace\SGCP\artifacts\early_from_late_checkpoint_20260719\enable_coperception_early_from_attentive.yaml,dynamic_cv,grid,utility,utility,none,0,0,,potential_verified_cov_coalition_game,6,,9;10;13;14,13,,{},"{""13"": 13628}",0,0.0,10,40.0,60.0,5.0,62500,579296,61936,5.0,sgcp-density-cap,1,ns3,899,0.5,10,12,28,,,[],[],,,4,18,
2026_07_29_02_32_08,000080,15,all-cluster-heads,docs\doc_workspace\SGCP\artifacts\early_from_late_checkpoint_20260719\enable_coperception_early_from_attentive.yaml,dynamic_cv,grid,utility,utility,none,0,0,,potential_verified_cov_coalition_game,6,,6;15,15,,{},"{""15"": 13527}",0,0.0,10,40.0,60.0,5.0,62500,579296,61936,5.0,sgcp-density-cap,1,ns3,899,0.5,10,12,28,,,[],[],,,14,21,
2026_07_29_02_32_08,000080,16,all-cluster-heads,docs\doc_workspace\SGCP\artifacts\early_from_late_checkpoint_20260719\enable_coperception_early_from_attentive.yaml,dynamic_cv,grid,utility,utility,none,0,0,,potential_verified_cov_coalition_game,6,,5;16;20,16,,{},"{""16"": 13918}",0,0.0,10,40.0,60.0,5.0,62500,579296,61936,5.0,sgcp-density-cap,1,ns3,899,0.5,10,12,28,,,[],[],,,15,32,
2026_07_29_02_32_08,000080,17,all-cluster-heads,docs\doc_workspace\SGCP\artifacts\early_from_late_checkpoint_20260719\enable_coperception_early_from_attentive.yaml,dynamic_cv,grid,utility,utility,none,0,0,,potential_verified_cov_coalition_game,6,,3;17;18,17,,{},"{""17"": 14129}",0,0.0,10,40.0,60.0,5.0,62500,579296,61936,5.0,sgcp-density-cap,1,ns3,899,0.5,10,12,28,,,[],[],,,10,20,
2026_07_29_02_32_08,000082,1,all-cluster-heads,docs\doc_workspace\SGCP\artifacts\early_from_late_checkpoint_20260719\enable_coperception_early_from_attentive.yaml,dynamic_cv,grid,utility,utility,none,0,0,,potential_verified_cov_coalition_game,7,,1;2;8;11,1;2;11,2;11,"{""2"": 13, ""11"": 1}","{""1"": 13971, ""2"": 3716, ""11"": 151}",61872,33.0678531701891,10,40.0,60.0,5.0,62500,526784,61872,5.0,sgcp-density-cap,1,ns3,899,0.5,10,12,28,,,[],[],2>1:0;11>1:9,,27,50,
2026_07_29_02_32_08,000082,10,all-cluster-heads,docs\doc_workspace\SGCP\artifacts\early_from_late_checkpoint_20260719\enable_coperception_early_from_attentive.yaml,dynamic_cv,grid,utility,utility,none,0,0,,potential_verified_cov_coalition_game,7,,9;10,10,,{},"{""10"": 13992}",0,0.0,10,40.0,60.0,5.0,62500,526784,61872,5.0,sgcp-density-cap,1,ns3,899,0.5,10,12,28,,,[],[],,,21,34,
2026_07_29_02_32_08,000082,12,all-cluster-heads,docs\doc_workspace\SGCP\artifacts\early_from_late_checkpoint_20260719\enable_coperception_early_from_attentive.yaml,dynamic_cv,grid,utility,utility,none,0,0,,potential_verified_cov_coalition_game,7,,4;7;12,12,,{},"{""12"": 13970}",0,0.0,10,40.0,60.0,5.0,62500,526784,61872,5.0,sgcp-density-cap,1,ns3,899,0.5,10,12,28,,,[],[],,,11,33,
2026_07_29_02_32_08,000082,13,all-cluster-heads,docs\doc_workspace\SGCP\artifacts\early_from_late_checkpoint_20260719\enable_coperception_early_from_attentive.yaml,dynamic_cv,grid,utility,utility,none,0,0,,potential_verified_cov_coalition_game,7,,13;14;19,13,,{},"{""13"": 13604}",0,0.0,10,40.0,60.0,5.0,62500,526784,61872,5.0,sgcp-density-cap,1,ns3,899,0.5,10,12,28,,,[],[],,,5,18,
2026_07_29_02_32_08,000082,15,all-cluster-heads,docs\doc_workspace\SGCP\artifacts\early_from_late_checkpoint_20260719\enable_coperception_early_from_attentive.yaml,dynamic_cv,grid,utility,utility,none,0,0,,potential_verified_cov_coalition_game,7,,6;15,15,,{},"{""15"": 13530}",0,0.0,10,40.0,60.0,5.0,62500,526784,61872,5.0,sgcp-density-cap,1,ns3,899,0.5,10,12,28,,,[],[],,,17,22,
2026_07_29_02_32_08,000082,17,all-cluster-heads,docs\doc_workspace\SGCP\artifacts\early_from_late_checkpoint_20260719\enable_coperception_early_from_attentive.yaml,dynamic_cv,grid,utility,utility,none,0,0,,potential_verified_cov_coalition_game,7,,3;16;17;18,17,,{},"{""17"": 14138}",0,0.0,10,40.0,60.0,5.0,62500,526784,61872,5.0,sgcp-density-cap,1,ns3,899,0.5,10,12,28,,,[],[],,,10,19,
2026_07_29_02_32_08,000082,20,all-cluster-heads,docs\doc_workspace\SGCP\artifacts\early_from_late_checkpoint_20260719\enable_coperception_early_from_attentive.yaml,dynamic_cv,grid,utility,utility,none,0,0,,potential_verified_cov_coalition_game,7,,5;20,20,,{},"{""20"": 13917}",0,0.0,10,40.0,60.0,5.0,62500,526784,61872,5.0,sgcp-density-cap,1,ns3,899,0.5,10,12,28,,,[],[],,,21,32,
2026_07_29_02_32_08,000084,1,all-cluster-heads,docs\doc_workspace\SGCP\artifacts\early_from_late_checkpoint_20260719\enable_coperception_early_from_attentive.yaml,dynamic_cv,grid,utility,utility,none,0,0,,potential_verified_cov_coalition_game,7,,1;2;8;11,1;2;11,2;11,"{""2"": 13, ""11"": 1}","{""1"": 13971, ""2"": 3667, ""11"": 217}",62144,32.63181312569522,10,40.0,60.0,5.0,62500,527232,62144,5.0,sgcp-density-cap,1,ns3,899,0.5,10,12,28,,,[],[],2>1:0;11>1:9,,25,48,
2026_07_29_02_32_08,000084,10,all-cluster-heads,docs\doc_workspace\SGCP\artifacts\early_from_late_checkpoint_20260719\enable_coperception_early_from_attentive.yaml,dynamic_cv,grid,utility,utility,none,0,0,,potential_verified_cov_coalition_game,7,,9;10,10,,{},"{""10"": 13992}",0,0.0,10,40.0,60.0,5.0,62500,527232,62144,5.0,sgcp-density-cap,1,ns3,899,0.5,10,12,28,,,[],[],,,23,33,
2026_07_29_02_32_08,000084,12,all-cluster-heads,docs\doc_workspace\SGCP\artifacts\early_from_late_checkpoint_20260719\enable_coperception_early_from_attentive.yaml,dynamic_cv,grid,utility,utility,none,0,0,,potential_verified_cov_coalition_game,7,,4;7;12,12,,{},"{""12"": 14013}",0,0.0,10,40.0,60.0,5.0,62500,527232,62144,5.0,sgcp-density-cap,1,ns3,899,0.5,10,12,28,,,[],[],,,11,31,
2026_07_29_02_32_08,000084,13,all-cluster-heads,docs\doc_workspace\SGCP\artifacts\early_from_late_checkpoint_20260719\enable_coperception_early_from_attentive.yaml,dynamic_cv,grid,utility,utility,none,0,0,,potential_verified_cov_coalition_game,7,,13;14;19,13,,{},"{""13"": 13586}",0,0.0,10,40.0,60.0,5.0,62500,527232,62144,5.0,sgcp-density-cap,1,ns3,899,0.5,10,12,28,,,[],[],,,5,17,
2026_07_29_02_32_08,000084,15,all-cluster-heads,docs\doc_workspace\SGCP\artifacts\early_from_late_checkpoint_20260719\enable_coperception_early_from_attentive.yaml,dynamic_cv,grid,utility,utility,none,0,0,,potential_verified_cov_coalition_game,7,,6;15,15,,{},"{""15"": 13532}",0,0.0,10,40.0,60.0,5.0,62500,527232,62144,5.0,sgcp-density-cap,1,ns3,899,0.5,10,12,28,,,[],[],,,16,22,
2026_07_29_02_32_08,000084,17,all-cluster-heads,docs\doc_workspace\SGCP\artifacts\early_from_late_checkpoint_20260719\enable_coperception_early_from_attentive.yaml,dynamic_cv,grid,utility,utility,none,0,0,,potential_verified_cov_coalition_game,7,,3;16;17;18,17,,{},"{""17"": 14146}",0,0.0,10,40.0,60.0,5.0,62500,527232,62144,5.0,sgcp-density-cap,1,ns3,899,0.5,10,12,28,,,[],[],,,12,19,
2026_07_29_02_32_08,000084,20,all-cluster-heads,docs\doc_workspace\SGCP\artifacts\early_from_late_checkpoint_20260719\enable_coperception_early_from_attentive.yaml,dynamic_cv,grid,utility,utility,none,0,0,,potential_verified_cov_coalition_game,7,,5;20,20,,{},"{""20"": 13917}",0,0.0,10,40.0,60.0,5.0,62500,527232,62144,5.0,sgcp-density-cap,1,ns3,899,0.5,10,12,28,,,[],[],,,21,32,
2026_07_29_02_32_08,000086,1,all-cluster-heads,docs\doc_workspace\SGCP\artifacts\early_from_late_checkpoint_20260719\enable_coperception_early_from_attentive.yaml,dynamic_cv,grid,utility,utility,none,0,0,,potential_verified_cov_coalition_game,7,,1;2;8;11,1;2;11,2;11,"{""2"": 13, ""11"": 2}","{""1"": 13972, ""2"": 3624, ""11"": 270}",62304,32.24916573971079,10,40.0,60.0,5.0,62500,527872,62304,5.0,sgcp-density-cap,1,ns3,899,0.5,10,12,28,,,[],[],2>1:0;11>1:9,,27,49,
2026_07_29_02_32_08,000086,10,all-cluster-heads,docs\doc_workspace\SGCP\artifacts\early_from_late_checkpoint_20260719\enable_coperception_early_from_attentive.yaml,dynamic_cv,grid,utility,utility,none,0,0,,potential_verified_cov_coalition_game,7,,9;10,10,,{},"{""10"": 14000}",0,0.0,10,40.0,60.0,5.0,62500,527872,62304,5.0,sgcp-density-cap,1,ns3,899,0.5,10,12,28,,,[],[],,,21,36,
2026_07_29_02_32_08,000086,12,all-cluster-heads,docs\doc_workspace\SGCP\artifacts\early_from_late_checkpoint_20260719\enable_coperception_early_from_attentive.yaml,dynamic_cv,grid,utility,utility,none,0,0,,potential_verified_cov_coalition_game,7,,4;7;12,12,,{},"{""12"": 14037}",0,0.0,10,40.0,60.0,5.0,62500,527872,62304,5.0,sgcp-density-cap,1,ns3,899,0.5,10,12,28,,,[],[],,,11,31,
2026_07_29_02_32_08,000086,13,all-cluster-heads,docs\doc_workspace\SGCP\artifacts\early_from_late_checkpoint_20260719\enable_coperception_early_from_attentive.yaml,dynamic_cv,grid,utility,utility,none,0,0,,potential_verified_cov_coalition_game,7,,13;14;19,13,,{},"{""13"": 13599}",0,0.0,10,40.0,60.0,5.0,62500,527872,62304,5.0,sgcp-density-cap,1,ns3,899,0.5,10,12,28,,,[],[],,,3,15,
2026_07_29_02_32_08,000086,15,all-cluster-heads,docs\doc_workspace\SGCP\artifacts\early_from_late_checkpoint_20260719\enable_coperception_early_from_attentive.yaml,dynamic_cv,grid,utility,utility,none,0,0,,potential_verified_cov_coalition_game,7,,6;15,15,,{},"{""15"": 13534}",0,0.0,10,40.0,60.0,5.0,62500,527872,62304,5.0,sgcp-density-cap,1,ns3,899,0.5,10,12,28,,,[],[],,,15,23,
2026_07_29_02_32_08,000086,17,all-cluster-heads,docs\doc_workspace\SGCP\artifacts\early_from_late_checkpoint_20260719\enable_coperception_early_from_attentive.yaml,dynamic_cv,grid,utility,utility,none,0,0,,potential_verified_cov_coalition_game,7,,3;16;17;18,17,,{},"{""17"": 14140}",0,0.0,10,40.0,60.0,5.0,62500,527872,62304,5.0,sgcp-density-cap,1,ns3,899,0.5,10,12,28,,,[],[],,,10,19,
2026_07_29_02_32_08,000086,20,all-cluster-heads,docs\doc_workspace\SGCP\artifacts\early_from_late_checkpoint_20260719\enable_coperception_early_from_attentive.yaml,dynamic_cv,grid,utility,utility,none,0,0,,potential_verified_cov_coalition_game,7,,5;20,20,,{},"{""20"": 13917}",0,0.0,10,40.0,60.0,5.0,62500,527872,62304,5.0,sgcp-density-cap,1,ns3,899,0.5,10,12,28,,,[],[],,,23,32,
2026_07_29_02_32_08,000088,1,all-cluster-heads,docs\doc_workspace\SGCP\artifacts\early_from_late_checkpoint_20260719\enable_coperception_early_from_attentive.yaml,dynamic_cv,grid,utility,utility,none,0,0,,potential_verified_cov_coalition_game,7,,1;2;8;11,1;2;11,2;11,"{""2"": 13, ""11"": 2}","{""1"": 13967, ""2"": 3598, ""11"": 300}",62368,32.017797552836484,10,40.0,60.0,5.0,62500,528192,62368,5.0,sgcp-density-cap,1,ns3,899,0.5,10,12,28,,,[],[],2>1:0;11>1:9,,25,49,
2026_07_29_02_32_08,000088,10,all-cluster-heads,docs\doc_workspace\SGCP\artifacts\early_from_late_checkpoint_20260719\enable_coperception_early_from_attentive.yaml,dynamic_cv,grid,utility,utility,none,0,0,,potential_verified_cov_coalition_game,7,,9;10,10,,{},"{""10"": 13995}",0,0.0,10,40.0,60.0,5.0,62500,528192,62368,5.0,sgcp-density-cap,1,ns3,899,0.5,10,12,28,,,[],[],,,22,35,
2026_07_29_02_32_08,000088,12,all-cluster-heads,docs\doc_workspace\SGCP\artifacts\early_from_late_checkpoint_20260719\enable_coperception_early_from_attentive.yaml,dynamic_cv,grid,utility,utility,none,0,0,,potential_verified_cov_coalition_game,7,,4;7;12,12,,{},"{""12"": 14084}",0,0.0,10,40.0,60.0,5.0,62500,528192,62368,5.0,sgcp-density-cap,1,ns3,899,0.5,10,12,28,,,[],[],,,10,30,
2026_07_29_02_32_08,000088,13,all-cluster-heads,docs\doc_workspace\SGCP\artifacts\early_from_late_checkpoint_20260719\enable_coperception_early_from_attentive.yaml,dynamic_cv,grid,utility,utility,none,0,0,,potential_verified_cov_coalition_game,7,,13;14;19,13,,{},"{""13"": 13598}",0,0.0,10,40.0,60.0,5.0,62500,528192,62368,5.0,sgcp-density-cap,1,ns3,899,0.5,10,12,28,,,[],[],,,3,15,
2026_07_29_02_32_08,000088,15,all-cluster-heads,docs\doc_workspace\SGCP\artifacts\early_from_late_checkpoint_20260719\enable_coperception_early_from_attentive.yaml,dynamic_cv,grid,utility,utility,none,0,0,,potential_verified_cov_coalition_game,7,,6;15,15,,{},"{""15"": 13521}",0,0.0,10,40.0,60.0,5.0,62500,528192,62368,5.0,sgcp-density-cap,1,ns3,899,0.5,10,12,28,,,[],[],,,15,23,
2026_07_29_02_32_08,000088,17,all-cluster-heads,docs\doc_workspace\SGCP\artifacts\early_from_late_checkpoint_20260719\enable_coperception_early_from_attentive.yaml,dynamic_cv,grid,utility,utility,none,0,0,,potential_verified_cov_coalition_game,7,,3;16;17;18,17,,{},"{""17"": 14155}",0,0.0,10,40.0,60.0,5.0,62500,528192,62368,5.0,sgcp-density-cap,1,ns3,899,0.5,10,12,28,,,[],[],,,10,20,
2026_07_29_02_32_08,000088,20,all-cluster-heads,docs\doc_workspace\SGCP\artifacts\early_from_late_checkpoint_20260719\enable_coperception_early_from_attentive.yaml,dynamic_cv,grid,utility,utility,none,0,0,,potential_verified_cov_coalition_game,7,,5;20,20,,{},"{""20"": 13915}",0,0.0,10,40.0,60.0,5.0,62500,528192,62368,5.0,sgcp-density-cap,1,ns3,899,0.5,10,12,28,,,[],[],,,23,32,
2026_07_29_02_32_08,000090,1,all-cluster-heads,docs\doc_workspace\SGCP\artifacts\early_from_late_checkpoint_20260719\enable_coperception_early_from_attentive.yaml,dynamic_cv,grid,utility,utility,none,0,0,,potential_verified_cov_coalition_game,7,,1;2;8;11,1;2;11,2;11,"{""2"": 13, ""11"": 2}","{""1"": 13964, ""2"": 3586, ""11"": 319}",62480,31.911012235817577,10,40.0,60.0,5.0,62500,526544,62480,5.0,sgcp-density-cap,1,ns3,899,0.5,10,12,28,,,[],[],2>1:0;11>1:9,,24,49,
2026_07_29_02_32_08,000090,10,all-cluster-heads,docs\doc_workspace\SGCP\artifacts\early_from_late_checkpoint_20260719\enable_coperception_early_from_attentive.yaml,dynamic_cv,grid,utility,utility,none,0,0,,potential_verified_cov_coalition_game,7,,9;10,10,,{},"{""10"": 13989}",0,0.0,10,40.0,60.0,5.0,62500,526544,62480,5.0,sgcp-density-cap,1,ns3,899,0.5,10,12,28,,,[],[],,,23,35,
2026_07_29_02_32_08,000090,12,all-cluster-heads,docs\doc_workspace\SGCP\artifacts\early_from_late_checkpoint_20260719\enable_coperception_early_from_attentive.yaml,dynamic_cv,grid,utility,utility,none,0,0,,potential_verified_cov_coalition_game,7,,4;7;12,12,,{},"{""12"": 14081}",0,0.0,10,40.0,60.0,5.0,62500,526544,62480,5.0,sgcp-density-cap,1,ns3,899,0.5,10,12,28,,,[],[],,,10,30,
2026_07_29_02_32_08,000090,13,all-cluster-heads,docs\doc_workspace\SGCP\artifacts\early_from_late_checkpoint_20260719\enable_coperception_early_from_attentive.yaml,dynamic_cv,grid,utility,utility,none,0,0,,potential_verified_cov_coalition_game,7,,13;14;19,13,,{},"{""13"": 13587}",0,0.0,10,40.0,60.0,5.0,62500,526544,62480,5.0,sgcp-density-cap,1,ns3,899,0.5,10,12,28,,,[],[],,,3,15,
2026_07_29_02_32_08,000090,15,all-cluster-heads,docs\doc_workspace\SGCP\artifacts\early_from_late_checkpoint_20260719\enable_coperception_early_from_attentive.yaml,dynamic_cv,grid,utility,utility,none,0,0,,potential_verified_cov_coalition_game,7,,6;15,15,,{},"{""15"": 13534}",0,0.0,10,40.0,60.0,5.0,62500,526544,62480,5.0,sgcp-density-cap,1,ns3,899,0.5,10,12,28,,,[],[],,,16,22,
2026_07_29_02_32_08,000090,17,all-cluster-heads,docs\doc_workspace\SGCP\artifacts\early_from_late_checkpoint_20260719\enable_coperception_early_from_attentive.yaml,dynamic_cv,grid,utility,utility,none,0,0,,potential_verified_cov_coalition_game,7,,3;16;17;18,17,,{},"{""17"": 14164}",0,0.0,10,40.0,60.0,5.0,62500,526544,62480,5.0,sgcp-density-cap,1,ns3,899,0.5,10,12,28,,,[],[],,,11,21,
2026_07_29_02_32_08,000090,20,all-cluster-heads,docs\doc_workspace\SGCP\artifacts\early_from_late_checkpoint_20260719\enable_coperception_early_from_attentive.yaml,dynamic_cv,grid,utility,utility,none,0,0,,potential_verified_cov_coalition_game,7,,5;20,20,,{},"{""20"": 13914}",0,0.0,10,40.0,60.0,5.0,62500,526544,62480,5.0,sgcp-density-cap,1,ns3,899,0.5,10,12,28,,,[],[],,,20,32,
2026_07_29_02_32_08,000092,1,all-cluster-heads,docs\doc_workspace\SGCP\artifacts\early_from_late_checkpoint_20260719\enable_coperception_early_from_attentive.yaml,dynamic_cv,grid,utility,utility,none,0,0,,potential_verified_cov_coalition_game,7,,1;2;8;11,1;2;11,2;11,"{""2"": 13, ""11"": 2}","{""1"": 13964, ""2"": 3588, ""11"": 312}",62400,31.92880978865406,10,40.0,60.0,5.0,62500,527648,62400,5.0,sgcp-density-cap,1,ns3,899,0.5,10,12,28,,,[],[],2>1:0;11>1:9,,25,48,
2026_07_29_02_32_08,000092,10,all-cluster-heads,docs\doc_workspace\SGCP\artifacts\early_from_late_checkpoint_20260719\enable_coperception_early_from_attentive.yaml,dynamic_cv,grid,utility,utility,none,0,0,,potential_verified_cov_coalition_game,7,,9;10,10,,{},"{""10"": 13986}",0,0.0,10,40.0,60.0,5.0,62500,527648,62400,5.0,sgcp-density-cap,1,ns3,899,0.5,10,12,28,,,[],[],,,21,34,
2026_07_29_02_32_08,000092,12,all-cluster-heads,docs\doc_workspace\SGCP\artifacts\early_from_late_checkpoint_20260719\enable_coperception_early_from_attentive.yaml,dynamic_cv,grid,utility,utility,none,0,0,,potential_verified_cov_coalition_game,7,,4;7;12,12,,{},"{""12"": 14115}",0,0.0,10,40.0,60.0,5.0,62500,527648,62400,5.0,sgcp-density-cap,1,ns3,899,0.5,10,12,28,,,[],[],,,9,28,
2026_07_29_02_32_08,000092,13,all-cluster-heads,docs\doc_workspace\SGCP\artifacts\early_from_late_checkpoint_20260719\enable_coperception_early_from_attentive.yaml,dynamic_cv,grid,utility,utility,none,0,0,,potential_verified_cov_coalition_game,7,,13;14;19,13,,{},"{""13"": 13577}",0,0.0,10,40.0,60.0,5.0,62500,527648,62400,5.0,sgcp-density-cap,1,ns3,899,0.5,10,12,28,,,[],[],,,4,14,
2026_07_29_02_32_08,000092,15,all-cluster-heads,docs\doc_workspace\SGCP\artifacts\early_from_late_checkpoint_20260719\enable_coperception_early_from_attentive.yaml,dynamic_cv,grid,utility,utility,none,0,0,,potential_verified_cov_coalition_game,7,,6;15,15,,{},"{""15"": 13570}",0,0.0,10,40.0,60.0,5.0,62500,527648,62400,5.0,sgcp-density-cap,1,ns3,899,0.5,10,12,28,,,[],[],,,17,22,
2026_07_29_02_32_08,000092,17,all-cluster-heads,docs\doc_workspace\SGCP\artifacts\early_from_late_checkpoint_20260719\enable_coperception_early_from_attentive.yaml,dynamic_cv,grid,utility,utility,none,0,0,,potential_verified_cov_coalition_game,7,,3;16;17;18,17,,{},"{""17"": 14182}",0,0.0,10,40.0,60.0,5.0,62500,527648,62400,5.0,sgcp-density-cap,1,ns3,899,0.5,10,12,28,,,[],[],,,13,20,
2026_07_29_02_32_08,000092,20,all-cluster-heads,docs\doc_workspace\SGCP\artifacts\early_from_late_checkpoint_20260719\enable_coperception_early_from_attentive.yaml,dynamic_cv,grid,utility,utility,none,0,0,,potential_verified_cov_coalition_game,7,,5;20,20,,{},"{""20"": 13912}",0,0.0,10,40.0,60.0,5.0,62500,527648,62400,5.0,sgcp-density-cap,1,ns3,899,0.5,10,12,28,,,[],[],,,23,33,
2026_07_29_02_32_08,000094,1,all-cluster-heads,docs\doc_workspace\SGCP\artifacts\early_from_late_checkpoint_20260719\enable_coperception_early_from_attentive.yaml,dynamic_cv,grid,utility,utility,none,0,0,,potential_verified_cov_coalition_game,7,,1;2;8;11,1;2;11,2;11,"{""2"": 13, ""11"": 2}","{""1"": 13962, ""2"": 3587, ""11"": 319}",62496,31.91991101223582,10,40.0,60.0,5.0,62500,530352,62496,5.0,sgcp-density-cap,1,ns3,899,0.5,10,12,28,,,[],[],2>1:0;11>1:9,,23,48,
2026_07_29_02_32_08,000094,10,all-cluster-heads,docs\doc_workspace\SGCP\artifacts\early_from_late_checkpoint_20260719\enable_coperception_early_from_attentive.yaml,dynamic_cv,grid,utility,utility,none,0,0,,potential_verified_cov_coalition_game,7,,9;10,10,,{},"{""10"": 13987}",0,0.0,10,40.0,60.0,5.0,62500,530352,62496,5.0,sgcp-density-cap,1,ns3,899,0.5,10,12,28,,,[],[],,,21,35,
2026_07_29_02_32_08,000094,12,all-cluster-heads,docs\doc_workspace\SGCP\artifacts\early_from_late_checkpoint_20260719\enable_coperception_early_from_attentive.yaml,dynamic_cv,grid,utility,utility,none,0,0,,potential_verified_cov_coalition_game,7,,4;7;12,12,,{},"{""12"": 14132}",0,0.0,10,40.0,60.0,5.0,62500,530352,62496,5.0,sgcp-density-cap,1,ns3,899,0.5,10,12,28,,,[],[],,,9,27,
2026_07_29_02_32_08,000094,13,all-cluster-heads,docs\doc_workspace\SGCP\artifacts\early_from_late_checkpoint_20260719\enable_coperception_early_from_attentive.yaml,dynamic_cv,grid,utility,utility,none,0,0,,potential_verified_cov_coalition_game,7,,13;14;19,13,,{},"{""13"": 13577}",0,0.0,10,40.0,60.0,5.0,62500,530352,62496,5.0,sgcp-density-cap,1,ns3,899,0.5,10,12,28,,,[],[],,,3,14,
2026_07_29_02_32_08,000094,15,all-cluster-heads,docs\doc_workspace\SGCP\artifacts\early_from_late_checkpoint_20260719\enable_coperception_early_from_attentive.yaml,dynamic_cv,grid,utility,utility,none,0,0,,potential_verified_cov_coalition_game,7,,6;15,15,,{},"{""15"": 13568}",0,0.0,10,40.0,60.0,5.0,62500,530352,62496,5.0,sgcp-density-cap,1,ns3,899,0.5,10,12,28,,,[],[],,,17,24,
2026_07_29_02_32_08,000094,17,all-cluster-heads,docs\doc_workspace\SGCP\artifacts\early_from_late_checkpoint_20260719\enable_coperception_early_from_attentive.yaml,dynamic_cv,grid,utility,utility,none,0,0,,potential_verified_cov_coalition_game,7,,3;16;17;18,17,,{},"{""17"": 14181}",0,0.0,10,40.0,60.0,5.0,62500,530352,62496,5.0,sgcp-density-cap,1,ns3,899,0.5,10,12,28,,,[],[],,,12,20,
2026_07_29_02_32_08,000094,20,all-cluster-heads,docs\doc_workspace\SGCP\artifacts\early_from_late_checkpoint_20260719\enable_coperception_early_from_attentive.yaml,dynamic_cv,grid,utility,utility,none,0,0,,potential_verified_cov_coalition_game,7,,5;20,20,,{},"{""20"": 13905}",0,0.0,10,40.0,60.0,5.0,62500,530352,62496,5.0,sgcp-density-cap,1,ns3,899,0.5,10,12,28,,,[],[],,,22,33,
2026_07_29_02_32_08,000096,1,all-cluster-heads,docs\doc_workspace\SGCP\artifacts\early_from_late_checkpoint_20260719\enable_coperception_early_from_attentive.yaml,dynamic_cv,grid,utility,utility,none,0,0,,potential_verified_cov_coalition_game,7,,1;2;8;11,1;2;11,2;11,"{""2"": 13, ""11"": 1}","{""1"": 13962, ""2"": 3574, ""11"": 320}",62304,31.804226918798665,10,40.0,60.0,5.0,62500,531632,62304,5.0,sgcp-density-cap,1,ns3,899,0.5,10,12,28,,,[],[],2>1:0;11>1:9,,25,48,
2026_07_29_02_32_08,000096,10,all-cluster-heads,docs\doc_workspace\SGCP\artifacts\early_from_late_checkpoint_20260719\enable_coperception_early_from_attentive.yaml,dynamic_cv,grid,utility,utility,none,0,0,,potential_verified_cov_coalition_game,7,,9;10,10,,{},"{""10"": 13986}",0,0.0,10,40.0,60.0,5.0,62500,531632,62304,5.0,sgcp-density-cap,1,ns3,899,0.5,10,12,28,,,[],[],,,22,35,
2026_07_29_02_32_08,000096,12,all-cluster-heads,docs\doc_workspace\SGCP\artifacts\early_from_late_checkpoint_20260719\enable_coperception_early_from_attentive.yaml,dynamic_cv,grid,utility,utility,none,0,0,,potential_verified_cov_coalition_game,7,,4;7;12,12,,{},"{""12"": 14132}",0,0.0,10,40.0,60.0,5.0,62500,531632,62304,5.0,sgcp-density-cap,1,ns3,899,0.5,10,12,28,,,[],[],,,9,26,
2026_07_29_02_32_08,000096,13,all-cluster-heads,docs\doc_workspace\SGCP\artifacts\early_from_late_checkpoint_20260719\enable_coperception_early_from_attentive.yaml,dynamic_cv,grid,utility,utility,none,0,0,,potential_verified_cov_coalition_game,7,,13;14;19,13,,{},"{""13"": 13525}",0,0.0,10,40.0,60.0,5.0,62500,531632,62304,5.0,sgcp-density-cap,1,ns3,899,0.5,10,12,28,,,[],[],,,2,14,
2026_07_29_02_32_08,000096,15,all-cluster-heads,docs\doc_workspace\SGCP\artifacts\early_from_late_checkpoint_20260719\enable_coperception_early_from_attentive.yaml,dynamic_cv,grid,utility,utility,none,0,0,,potential_verified_cov_coalition_game,7,,6;15,15,,{},"{""15"": 13554}",0,0.0,10,40.0,60.0,5.0,62500,531632,62304,5.0,sgcp-density-cap,1,ns3,899,0.5,10,12,28,,,[],[],,,16,24,
2026_07_29_02_32_08,000096,17,all-cluster-heads,docs\doc_workspace\SGCP\artifacts\early_from_late_checkpoint_20260719\enable_coperception_early_from_attentive.yaml,dynamic_cv,grid,utility,utility,none,0,0,,potential_verified_cov_coalition_game,7,,3;16;17;18,17,,{},"{""17"": 14183}",0,0.0,10,40.0,60.0,5.0,62500,531632,62304,5.0,sgcp-density-cap,1,ns3,899,0.5,10,12,28,,,[],[],,,13,21,
2026_07_29_02_32_08,000096,20,all-cluster-heads,docs\doc_workspace\SGCP\artifacts\early_from_late_checkpoint_20260719\enable_coperception_early_from_attentive.yaml,dynamic_cv,grid,utility,utility,none,0,0,,potential_verified_cov_coalition_game,7,,5;20,20,,{},"{""20"": 13901}",0,0.0,10,40.0,60.0,5.0,62500,531632,62304,5.0,sgcp-density-cap,1,ns3,899,0.5,10,12,28,,,[],[],,,21,33,
2026_07_29_02_32_08,000098,1,all-cluster-heads,docs\doc_workspace\SGCP\artifacts\early_from_late_checkpoint_20260719\enable_coperception_early_from_attentive.yaml,dynamic_cv,grid,utility,utility,none,0,0,,potential_verified_cov_coalition_game,7,,1;2;8;11,1;2;11,2;11,"{""2"": 13, ""11"": 1}","{""1"": 13964, ""2"": 3577, ""11"": 319}",62336,31.830923248053395,10,40.0,60.0,5.0,62500,533024,62336,5.0,sgcp-density-cap,1,ns3,899,0.5,10,12,28,,,[],[],2>1:0;11>1:9,,26,48,
2026_07_29_02_32_08,000098,10,all-cluster-heads,docs\doc_workspace\SGCP\artifacts\early_from_late_checkpoint_20260719\enable_coperception_early_from_attentive.yaml,dynamic_cv,grid,utility,utility,none,0,0,,potential_verified_cov_coalition_game,7,,9;10,10,,{},"{""10"": 13986}",0,0.0,10,40.0,60.0,5.0,62500,533024,62336,5.0,sgcp-density-cap,1,ns3,899,0.5,10,12,28,,,[],[],,,22,35,
2026_07_29_02_32_08,000098,12,all-cluster-heads,docs\doc_workspace\SGCP\artifacts\early_from_late_checkpoint_20260719\enable_coperception_early_from_attentive.yaml,dynamic_cv,grid,utility,utility,none,0,0,,potential_verified_cov_coalition_game,7,,4;7;12,12,,{},"{""12"": 14159}",0,0.0,10,40.0,60.0,5.0,62500,533024,62336,5.0,sgcp-density-cap,1,ns3,899,0.5,10,12,28,,,[],[],,,10,25,
2026_07_29_02_32_08,000098,13,all-cluster-heads,docs\doc_workspace\SGCP\artifacts\early_from_late_checkpoint_20260719\enable_coperception_early_from_attentive.yaml,dynamic_cv,grid,utility,utility,none,0,0,,potential_verified_cov_coalition_game,7,,13;14;19,13,,{},"{""13"": 13562}",0,0.0,10,40.0,60.0,5.0,62500,533024,62336,5.0,sgcp-density-cap,1,ns3,899,0.5,10,12,28,,,[],[],,,3,14,
2026_07_29_02_32_08,000098,15,all-cluster-heads,docs\doc_workspace\SGCP\artifacts\early_from_late_checkpoint_20260719\enable_coperception_early_from_attentive.yaml,dynamic_cv,grid,utility,utility,none,0,0,,potential_verified_cov_coalition_game,7,,6;15,15,,{},"{""15"": 13584}",0,0.0,10,40.0,60.0,5.0,62500,533024,62336,5.0,sgcp-density-cap,1,ns3,899,0.5,10,12,28,,,[],[],,,16,23,
2026_07_29_02_32_08,000098,17,all-cluster-heads,docs\doc_workspace\SGCP\artifacts\early_from_late_checkpoint_20260719\enable_coperception_early_from_attentive.yaml,dynamic_cv,grid,utility,utility,none,0,0,,potential_verified_cov_coalition_game,7,,3;16;17;18,17,,{},"{""17"": 14193}",0,0.0,10,40.0,60.0,5.0,62500,533024,62336,5.0,sgcp-density-cap,1,ns3,899,0.5,10,12,28,,,[],[],,,13,22,
2026_07_29_02_32_08,000098,20,all-cluster-heads,docs\doc_workspace\SGCP\artifacts\early_from_late_checkpoint_20260719\enable_coperception_early_from_attentive.yaml,dynamic_cv,grid,utility,utility,none,0,0,,potential_verified_cov_coalition_game,7,,5;20,20,,{},"{""20"": 13901}",0,0.0,10,40.0,60.0,5.0,62500,533024,62336,5.0,sgcp-density-cap,1,ns3,899,0.5,10,12,28,,,[],[],,,23,32,
2026_07_29_02_32_08,000100,1,all-cluster-heads,docs\doc_workspace\SGCP\artifacts\early_from_late_checkpoint_20260719\enable_coperception_early_from_attentive.yaml,dynamic_cv,grid,utility,utility,none,0,0,,potential_verified_cov_coalition_game,7,,1;2;8;11,1;2;11,2;11,"{""2"": 13, ""11"": 1}","{""1"": 13960, ""2"": 3568, ""11"": 317}",62160,31.750834260289214,10,40.0,60.0,5.0,62500,535376,62160,5.0,sgcp-density-cap,1,ns3,899,0.5,10,12,28,,,[],[],2>1:0;11>1:9,,25,48,
2026_07_29_02_32_08,000100,10,all-cluster-heads,docs\doc_workspace\SGCP\artifacts\early_from_late_checkpoint_20260719\enable_coperception_early_from_attentive.yaml,dynamic_cv,grid,utility,utility,none,0,0,,potential_verified_cov_coalition_game,7,,9;10,10,,{},"{""10"": 13984}",0,0.0,10,40.0,60.0,5.0,62500,535376,62160,5.0,sgcp-density-cap,1,ns3,899,0.5,10,12,28,,,[],[],,,22,34,
2026_07_29_02_32_08,000100,12,all-cluster-heads,docs\doc_workspace\SGCP\artifacts\early_from_late_checkpoint_20260719\enable_coperception_early_from_attentive.yaml,dynamic_cv,grid,utility,utility,none,0,0,,potential_verified_cov_coalition_game,7,,4;7;12,12,,{},"{""12"": 14139}",0,0.0,10,40.0,60.0,5.0,62500,535376,62160,5.0,sgcp-density-cap,1,ns3,899,0.5,10,12,28,,,[],[],,,14,23,
2026_07_29_02_32_08,000100,13,all-cluster-heads,docs\doc_workspace\SGCP\artifacts\early_from_late_checkpoint_20260719\enable_coperception_early_from_attentive.yaml,dynamic_cv,grid,utility,utility,none,0,0,,potential_verified_cov_coalition_game,7,,13;14;19,13,,{},"{""13"": 13544}",0,0.0,10,40.0,60.0,5.0,62500,535376,62160,5.0,sgcp-density-cap,1,ns3,899,0.5,10,12,28,,,[],[],,,4,16,
2026_07_29_02_32_08,000100,15,all-cluster-heads,docs\doc_workspace\SGCP\artifacts\early_from_late_checkpoint_20260719\enable_coperception_early_from_attentive.yaml,dynamic_cv,grid,utility,utility,none,0,0,,potential_verified_cov_coalition_game,7,,6;15,15,,{},"{""15"": 13585}",0,0.0,10,40.0,60.0,5.0,62500,535376,62160,5.0,sgcp-density-cap,1,ns3,899,0.5,10,12,28,,,[],[],,,15,25,
2026_07_29_02_32_08,000100,17,all-cluster-heads,docs\doc_workspace\SGCP\artifacts\early_from_late_checkpoint_20260719\enable_coperception_early_from_attentive.yaml,dynamic_cv,grid,utility,utility,none,0,0,,potential_verified_cov_coalition_game,7,,3;16;17;18,17,,{},"{""17"": 14181}",0,0.0,10,40.0,60.0,5.0,62500,535376,62160,5.0,sgcp-density-cap,1,ns3,899,0.5,10,12,28,,,[],[],,,12,20,
2026_07_29_02_32_08,000100,20,all-cluster-heads,docs\doc_workspace\SGCP\artifacts\early_from_late_checkpoint_20260719\enable_coperception_early_from_attentive.yaml,dynamic_cv,grid,utility,utility,none,0,0,,potential_verified_cov_coalition_game,7,,5;20,20,,{},"{""20"": 13900}",0,0.0,10,40.0,60.0,5.0,62500,535376,62160,5.0,sgcp-density-cap,1,ns3,899,0.5,10,12,28,,,[],[],,,23,33,
2026_07_29_02_32_08,000102,1,all-cluster-heads,docs\doc_workspace\SGCP\artifacts\early_from_late_checkpoint_20260719\enable_coperception_early_from_attentive.yaml,dynamic_cv,grid,utility,utility,none,0,0,,potential_verified_cov_coalition_game,7,,1;2;8;11,1;2;11,2;11,"{""2"": 13, ""11"": 1}","{""1"": 13962, ""2"": 3567, ""11"": 316}",62128,31.74193548387097,10,40.0,60.0,5.0,62500,536464,62128,5.0,sgcp-density-cap,1,ns3,899,0.5,10,12,28,,,[],[],2>1:0;11>1:9,,26,48,
2026_07_29_02_32_08,000102,10,all-cluster-heads,docs\doc_workspace\SGCP\artifacts\early_from_late_checkpoint_20260719\enable_coperception_early_from_attentive.yaml,dynamic_cv,grid,utility,utility,none,0,0,,potential_verified_cov_coalition_game,7,,9;10,10,,{},"{""10"": 13984}",0,0.0,10,40.0,60.0,5.0,62500,536464,62128,5.0,sgcp-density-cap,1,ns3,899,0.5,10,12,28,,,[],[],,,22,34,
2026_07_29_02_32_08,000102,12,all-cluster-heads,docs\doc_workspace\SGCP\artifacts\early_from_late_checkpoint_20260719\enable_coperception_early_from_attentive.yaml,dynamic_cv,grid,utility,utility,none,0,0,,potential_verified_cov_coalition_game,7,,4;7;12,12,,{},"{""12"": 14169}",0,0.0,10,40.0,60.0,5.0,62500,536464,62128,5.0,sgcp-density-cap,1,ns3,899,0.5,10,12,28,,,[],[],,,10,24,
2026_07_29_02_32_08,000102,13,all-cluster-heads,docs\doc_workspace\SGCP\artifacts\early_from_late_checkpoint_20260719\enable_coperception_early_from_attentive.yaml,dynamic_cv,grid,utility,utility,none,0,0,,potential_verified_cov_coalition_game,7,,13;14;19,13,,{},"{""13"": 13542}",0,0.0,10,40.0,60.0,5.0,62500,536464,62128,5.0,sgcp-density-cap,1,ns3,899,0.5,10,12,28,,,[],[],,,3,15,
2026_07_29_02_32_08,000102,15,all-cluster-heads,docs\doc_workspace\SGCP\artifacts\early_from_late_checkpoint_20260719\enable_coperception_early_from_attentive.yaml,dynamic_cv,grid,utility,utility,none,0,0,,potential_verified_cov_coalition_game,7,,6;15,15,,{},"{""15"": 13594}",0,0.0,10,40.0,60.0,5.0,62500,536464,62128,5.0,sgcp-density-cap,1,ns3,899,0.5,10,12,28,,,[],[],,,16,25,
2026_07_29_02_32_08,000102,17,all-cluster-heads,docs\doc_workspace\SGCP\artifacts\early_from_late_checkpoint_20260719\enable_coperception_early_from_attentive.yaml,dynamic_cv,grid,utility,utility,none,0,0,,potential_verified_cov_coalition_game,7,,3;16;17;18,17,,{},"{""17"": 14188}",0,0.0,10,40.0,60.0,5.0,62500,536464,62128,5.0,sgcp-density-cap,1,ns3,899,0.5,10,12,28,,,[],[],,,12,21,
2026_07_29_02_32_08,000102,20,all-cluster-heads,docs\doc_workspace\SGCP\artifacts\early_from_late_checkpoint_20260719\enable_coperception_early_from_attentive.yaml,dynamic_cv,grid,utility,utility,none,0,0,,potential_verified_cov_coalition_game,7,,5;20,20,,{},"{""20"": 13900}",0,0.0,10,40.0,60.0,5.0,62500,536464,62128,5.0,sgcp-density-cap,1,ns3,899,0.5,10,12,28,,,[],[],,,22,33,
2026_07_29_02_32_08,000104,1,all-cluster-heads,docs\doc_workspace\SGCP\artifacts\early_from_late_checkpoint_20260719\enable_coperception_early_from_attentive.yaml,dynamic_cv,grid,utility,utility,none,0,0,,potential_verified_cov_coalition_game,7,,1;2;8;11,1;2;11,2;11,"{""2"": 13, ""11"": 1}","{""1"": 13965, ""2"": 3580, ""11"": 314}",62304,31.85761957730812,10,40.0,60.0,5.0,62500,537344,62304,5.0,sgcp-density-cap,1,ns3,899,0.5,10,12,28,,,[],[],2>1:0;11>1:9,,25,48,
2026_07_29_02_32_08,000104,10,all-cluster-heads,docs\doc_workspace\SGCP\artifacts\early_from_late_checkpoint_20260719\enable_coperception_early_from_attentive.yaml,dynamic_cv,grid,utility,utility,none,0,0,,potential_verified_cov_coalition_game,7,,9;10,10,,{},"{""10"": 13985}",0,0.0,10,40.0,60.0,5.0,62500,537344,62304,5.0,sgcp-density-cap,1,ns3,899,0.5,10,12,28,,,[],[],,,22,34,
2026_07_29_02_32_08,000104,12,all-cluster-heads,docs\doc_workspace\SGCP\artifacts\early_from_late_checkpoint_20260719\enable_coperception_early_from_attentive.yaml,dynamic_cv,grid,utility,utility,none,0,0,,potential_verified_cov_coalition_game,7,,4;7;12,12,,{},"{""12"": 14167}",0,0.0,10,40.0,60.0,5.0,62500,537344,62304,5.0,sgcp-density-cap,1,ns3,899,0.5,10,12,28,,,[],[],,,11,22,
2026_07_29_02_32_08,000104,13,all-cluster-heads,docs\doc_workspace\SGCP\artifacts\early_from_late_checkpoint_20260719\enable_coperception_early_from_attentive.yaml,dynamic_cv,grid,utility,utility,none,0,0,,potential_verified_cov_coalition_game,7,,13;14;19,13,,{},"{""13"": 13509}",0,0.0,10,40.0,60.0,5.0,62500,537344,62304,5.0,sgcp-density-cap,1,ns3,899,0.5,10,12,28,,,[],[],,,3,15,
2026_07_29_02_32_08,000104,15,all-cluster-heads,docs\doc_workspace\SGCP\artifacts\early_from_late_checkpoint_20260719\enable_coperception_early_from_attentive.yaml,dynamic_cv,grid,utility,utility,none,0,0,,potential_verified_cov_coalition_game,7,,6;15,15,,{},"{""15"": 13579}",0,0.0,10,40.0,60.0,5.0,62500,537344,62304,5.0,sgcp-density-cap,1,ns3,899,0.5,10,12,28,,,[],[],,,16,25,
2026_07_29_02_32_08,000104,17,all-cluster-heads,docs\doc_workspace\SGCP\artifacts\early_from_late_checkpoint_20260719\enable_coperception_early_from_attentive.yaml,dynamic_cv,grid,utility,utility,none,0,0,,potential_verified_cov_coalition_game,7,,3;16;17;18,17,,{},"{""17"": 14180}",0,0.0,10,40.0,60.0,5.0,62500,537344,62304,5.0,sgcp-density-cap,1,ns3,899,0.5,10,12,28,,,[],[],,,13,21,
2026_07_29_02_32_08,000104,20,all-cluster-heads,docs\doc_workspace\SGCP\artifacts\early_from_late_checkpoint_20260719\enable_coperception_early_from_attentive.yaml,dynamic_cv,grid,utility,utility,none,0,0,,potential_verified_cov_coalition_game,7,,5;20,20,,{},"{""20"": 13895}",0,0.0,10,40.0,60.0,5.0,62500,537344,62304,5.0,sgcp-density-cap,1,ns3,899,0.5,10,12,28,,,[],[],,,22,33,
2026_07_29_02_32_08,000106,11,all-cluster-heads,docs\doc_workspace\SGCP\artifacts\early_from_late_checkpoint_20260719\enable_coperception_early_from_attentive.yaml,dynamic_cv,grid,utility,utility,none,0,0,,potential_verified_cov_coalition_game,6,,1;2;11;19,11;19,19,"{""19"": 13}","{""11"": 13864, ""19"": 3811}",60976,33.913236929922135,10,40.0,60.0,5.0,62500,577264,62480,5.0,sgcp-density-cap,1,ns3,899,0.5,10,12,28,,,[],[],19>11:0,,28,45,
2026_07_29_02_32_08,000106,12,all-cluster-heads,docs\doc_workspace\SGCP\artifacts\early_from_late_checkpoint_20260719\enable_coperception_early_from_attentive.yaml,dynamic_cv,grid,utility,utility,none,0,0,,potential_verified_cov_coalition_game,6,,4;7;8;12,12;8,8,"{""8"": 2}","{""8"": 94, ""12"": 14191}",1504,0.8364849833147943,10,40.0,60.0,5.0,62500,577264,62480,5.0,sgcp-density-cap,1,ns3,899,0.5,10,12,28,,,[],[],8>12:9,,11,41,
2026_07_29_02_32_08,000106,13,all-cluster-heads,docs\doc_workspace\SGCP\artifacts\early_from_late_checkpoint_20260719\enable_coperception_early_from_attentive.yaml,dynamic_cv,grid,utility,utility,none,0,0,,potential_verified_cov_coalition_game,6,,9;10;13;14,13,,{},"{""13"": 13477}",0,0.0,10,40.0,60.0,5.0,62500,577264,62480,5.0,sgcp-density-cap,1,ns3,899,0.5,10,12,28,,,[],[],,,4,14,
2026_07_29_02_32_08,000106,15,all-cluster-heads,docs\doc_workspace\SGCP\artifacts\early_from_late_checkpoint_20260719\enable_coperception_early_from_attentive.yaml,dynamic_cv,grid,utility,utility,none,0,0,,potential_verified_cov_coalition_game,6,,6;15,15,,{},"{""15"": 13589}",0,0.0,10,40.0,60.0,5.0,62500,577264,62480,5.0,sgcp-density-cap,1,ns3,899,0.5,10,12,28,,,[],[],,,16,25,
2026_07_29_02_32_08,000106,17,all-cluster-heads,docs\doc_workspace\SGCP\artifacts\early_from_late_checkpoint_20260719\enable_coperception_early_from_attentive.yaml,dynamic_cv,grid,utility,utility,none,0,0,,potential_verified_cov_coalition_game,6,,3;16;17;18,17,,{},"{""17"": 14174}",0,0.0,10,40.0,60.0,5.0,62500,577264,62480,5.0,sgcp-density-cap,1,ns3,899,0.5,10,12,28,,,[],[],,,13,21,
2026_07_29_02_32_08,000106,20,all-cluster-heads,docs\doc_workspace\SGCP\artifacts\early_from_late_checkpoint_20260719\enable_coperception_early_from_attentive.yaml,dynamic_cv,grid,utility,utility,none,0,0,,potential_verified_cov_coalition_game,6,,5;20,20,,{},"{""20"": 13893}",0,0.0,10,40.0,60.0,5.0,62500,577264,62480,5.0,sgcp-density-cap,1,ns3,899,0.5,10,12,28,,,[],[],,,22,32,
2026_07_29_02_32_08,000108,11,all-cluster-heads,docs\doc_workspace\SGCP\artifacts\early_from_late_checkpoint_20260719\enable_coperception_early_from_attentive.yaml,dynamic_cv,grid,utility,utility,none,0,0,,potential_verified_cov_coalition_game,6,,1;2;11;19,11;19,19,"{""19"": 13}","{""11"": 13866, ""19"": 3811}",60976,33.913236929922135,10,40.0,60.0,5.0,62500,576032,62496,5.0,sgcp-density-cap,1,ns3,899,0.5,10,12,28,,,[],[],19>11:0,,27,45,
2026_07_29_02_32_08,000108,12,all-cluster-heads,docs\doc_workspace\SGCP\artifacts\early_from_late_checkpoint_20260719\enable_coperception_early_from_attentive.yaml,dynamic_cv,grid,utility,utility,none,0,0,,potential_verified_cov_coalition_game,6,,4;7;8;12,12;8,8,"{""8"": 2}","{""8"": 95, ""12"": 14221}",1520,0.8453837597330367,10,40.0,60.0,5.0,62500,576032,62496,5.0,sgcp-density-cap,1,ns3,899,0.5,10,12,28,,,[],[],8>12:9,,11,41,
2026_07_29_02_32_08,000108,13,all-cluster-heads,docs\doc_workspace\SGCP\artifacts\early_from_late_checkpoint_20260719\enable_coperception_early_from_attentive.yaml,dynamic_cv,grid,utility,utility,none,0,0,,potential_verified_cov_coalition_game,6,,9;10;13;14,13,,{},"{""13"": 13485}",0,0.0,10,40.0,60.0,5.0,62500,576032,62496,5.0,sgcp-density-cap,1,ns3,899,0.5,10,12,28,,,[],[],,,0,14,
2026_07_29_02_32_08,000108,15,all-cluster-heads,docs\doc_workspace\SGCP\artifacts\early_from_late_checkpoint_20260719\enable_coperception_early_from_attentive.yaml,dynamic_cv,grid,utility,utility,none,0,0,,potential_verified_cov_coalition_game,6,,6;15,15,,{},"{""15"": 13579}",0,0.0,10,40.0,60.0,5.0,62500,576032,62496,5.0,sgcp-density-cap,1,ns3,899,0.5,10,12,28,,,[],[],,,17,24,
2026_07_29_02_32_08,000108,17,all-cluster-heads,docs\doc_workspace\SGCP\artifacts\early_from_late_checkpoint_20260719\enable_coperception_early_from_attentive.yaml,dynamic_cv,grid,utility,utility,none,0,0,,potential_verified_cov_coalition_game,6,,3;16;17;18,17,,{},"{""17"": 14203}",0,0.0,10,40.0,60.0,5.0,62500,576032,62496,5.0,sgcp-density-cap,1,ns3,899,0.5,10,12,28,,,[],[],,,12,21,
2026_07_29_02_32_08,000108,20,all-cluster-heads,docs\doc_workspace\SGCP\artifacts\early_from_late_checkpoint_20260719\enable_coperception_early_from_attentive.yaml,dynamic_cv,grid,utility,utility,none,0,0,,potential_verified_cov_coalition_game,6,,5;20,20,,{},"{""20"": 13890}",0,0.0,10,40.0,60.0,5.0,62500,576032,62496,5.0,sgcp-density-cap,1,ns3,899,0.5,10,12,28,,,[],[],,,20,31,
2026_07_29_02_32_08,000110,1,all-cluster-heads,docs\doc_workspace\SGCP\artifacts\early_from_late_checkpoint_20260719\enable_coperception_early_from_attentive.yaml,dynamic_cv,grid,utility,utility,none,0,0,,potential_verified_cov_coalition_game,7,,1;2;8;11,1;2;11,2;11,"{""2"": 13, ""11"": 1}","{""1"": 13963, ""2"": 3545, ""11"": 311}",61696,31.546162402669637,10,40.0,60.0,5.0,62500,539728,61696,5.0,sgcp-density-cap,1,ns3,899,0.5,10,12,28,,,[],[],2>1:0;11>1:9,,24,48,
2026_07_29_02_32_08,000110,10,all-cluster-heads,docs\doc_workspace\SGCP\artifacts\early_from_late_checkpoint_20260719\enable_coperception_early_from_attentive.yaml,dynamic_cv,grid,utility,utility,none,0,0,,potential_verified_cov_coalition_game,7,,9;10,10,,{},"{""10"": 13981}",0,0.0,10,40.0,60.0,5.0,62500,539728,61696,5.0,sgcp-density-cap,1,ns3,899,0.5,10,12,28,,,[],[],,,20,33,
2026_07_29_02_32_08,000110,12,all-cluster-heads,docs\doc_workspace\SGCP\artifacts\early_from_late_checkpoint_20260719\enable_coperception_early_from_attentive.yaml,dynamic_cv,grid,utility,utility,none,0,0,,potential_verified_cov_coalition_game,7,,4;7;12,12,,{},"{""12"": 14224}",0,0.0,10,40.0,60.0,5.0,62500,539728,61696,5.0,sgcp-density-cap,1,ns3,899,0.5,10,12,28,,,[],[],,,9,21,
2026_07_29_02_32_08,000110,13,all-cluster-heads,docs\doc_workspace\SGCP\artifacts\early_from_late_checkpoint_20260719\enable_coperception_early_from_attentive.yaml,dynamic_cv,grid,utility,utility,none,0,0,,potential_verified_cov_coalition_game,7,,13;14;19,13,,{},"{""13"": 13465}",0,0.0,10,40.0,60.0,5.0,62500,539728,61696,5.0,sgcp-density-cap,1,ns3,899,0.5,10,12,28,,,[],[],,,2,14,
2026_07_29_02_32_08,000110,15,all-cluster-heads,docs\doc_workspace\SGCP\artifacts\early_from_late_checkpoint_20260719\enable_coperception_early_from_attentive.yaml,dynamic_cv,grid,utility,utility,none,0,0,,potential_verified_cov_coalition_game,7,,6;15,15,,{},"{""15"": 13612}",0,0.0,10,40.0,60.0,5.0,62500,539728,61696,5.0,sgcp-density-cap,1,ns3,899,0.5,10,12,28,,,[],[],,,16,24,
2026_07_29_02_32_08,000110,17,all-cluster-heads,docs\doc_workspace\SGCP\artifacts\early_from_late_checkpoint_20260719\enable_coperception_early_from_attentive.yaml,dynamic_cv,grid,utility,utility,none,0,0,,potential_verified_cov_coalition_game,7,,3;16;17;18,17,,{},"{""17"": 14197}",0,0.0,10,40.0,60.0,5.0,62500,539728,61696,5.0,sgcp-density-cap,1,ns3,899,0.5,10,12,28,,,[],[],,,10,20,
2026_07_29_02_32_08,000110,20,all-cluster-heads,docs\doc_workspace\SGCP\artifacts\early_from_late_checkpoint_20260719\enable_coperception_early_from_attentive.yaml,dynamic_cv,grid,utility,utility,none,0,0,,potential_verified_cov_coalition_game,7,,5;20,20,,{},"{""20"": 13887}",0,0.0,10,40.0,60.0,5.0,62500,539728,61696,5.0,sgcp-density-cap,1,ns3,899,0.5,10,12,28,,,[],[],,,20,30,
2026_07_29_02_32_08,000112,1,all-cluster-heads,docs\doc_workspace\SGCP\artifacts\early_from_late_checkpoint_20260719\enable_coperception_early_from_attentive.yaml,dynamic_cv,grid,utility,utility,none,0,0,,potential_verified_cov_coalition_game,7,,1;2;8;11,1;2;11,2;11,"{""2"": 13, ""11"": 1}","{""1"": 13966, ""2"": 3547, ""11"": 309}",61696,31.56395995550612,10,40.0,60.0,5.0,62500,534928,61696,5.0,sgcp-density-cap,1,ns3,899,0.5,10,12,28,,,[],[],2>1:0;11>1:9,,24,48,
2026_07_29_02_32_08,000112,10,all-cluster-heads,docs\doc_workspace\SGCP\artifacts\early_from_late_checkpoint_20260719\enable_coperception_early_from_attentive.yaml,dynamic_cv,grid,utility,utility,none,0,0,,potential_verified_cov_coalition_game,7,,9;10,10,,{},"{""10"": 13981}",0,0.0,10,40.0,60.0,5.0,62500,534928,61696,5.0,sgcp-density-cap,1,ns3,899,0.5,10,12,28,,,[],[],,,21,33,
2026_07_29_02_32_08,000112,12,all-cluster-heads,docs\doc_workspace\SGCP\artifacts\early_from_late_checkpoint_20260719\enable_coperception_early_from_attentive.yaml,dynamic_cv,grid,utility,utility,none,0,0,,potential_verified_cov_coalition_game,7,,4;7;12,12,,{},"{""12"": 14224}",0,0.0,10,40.0,60.0,5.0,62500,534928,61696,5.0,sgcp-density-cap,1,ns3,899,0.5,10,12,28,,,[],[],,,9,21,
2026_07_29_02_32_08,000112,13,all-cluster-heads,docs\doc_workspace\SGCP\artifacts\early_from_late_checkpoint_20260719\enable_coperception_early_from_attentive.yaml,dynamic_cv,grid,utility,utility,none,0,0,,potential_verified_cov_coalition_game,7,,13;14;19,13,,{},"{""13"": 13451}",0,0.0,10,40.0,60.0,5.0,62500,534928,61696,5.0,sgcp-density-cap,1,ns3,899,0.5,10,12,28,,,[],[],,,0,14,
2026_07_29_02_32_08,000112,15,all-cluster-heads,docs\doc_workspace\SGCP\artifacts\early_from_late_checkpoint_20260719\enable_coperception_early_from_attentive.yaml,dynamic_cv,grid,utility,utility,none,0,0,,potential_verified_cov_coalition_game,7,,6;15,15,,{},"{""15"": 13611}",0,0.0,10,40.0,60.0,5.0,62500,534928,61696,5.0,sgcp-density-cap,1,ns3,899,0.5,10,12,28,,,[],[],,,18,24,
2026_07_29_02_32_08,000112,17,all-cluster-heads,docs\doc_workspace\SGCP\artifacts\early_from_late_checkpoint_20260719\enable_coperception_early_from_attentive.yaml,dynamic_cv,grid,utility,utility,none,0,0,,potential_verified_cov_coalition_game,7,,3;16;17;18,17,,{},"{""17"": 14206}",0,0.0,10,40.0,60.0,5.0,62500,534928,61696,5.0,sgcp-density-cap,1,ns3,899,0.5,10,12,28,,,[],[],,,9,21,
2026_07_29_02_32_08,000112,20,all-cluster-heads,docs\doc_workspace\SGCP\artifacts\early_from_late_checkpoint_20260719\enable_coperception_early_from_attentive.yaml,dynamic_cv,grid,utility,utility,none,0,0,,potential_verified_cov_coalition_game,7,,5;20,20,,{},"{""20"": 13886}",0,0.0,10,40.0,60.0,5.0,62500,534928,61696,5.0,sgcp-density-cap,1,ns3,899,0.5,10,12,28,,,[],[],,,20,30,
2026_07_29_02_32_08,000114,1,all-cluster-heads,docs\doc_workspace\SGCP\artifacts\early_from_late_checkpoint_20260719\enable_coperception_early_from_attentive.yaml,dynamic_cv,grid,utility,utility,none,0,0,,potential_verified_cov_coalition_game,7,,1;2;8;11,1;2,2,"{""2"": 13}","{""1"": 13967, ""2"": 3553}",56848,31.617352614015577,10,40.0,60.0,5.0,62500,536032,61936,5.0,sgcp-density-cap,1,ns3,899,0.5,10,12,28,,,[],[],2>1:0,,25,45,
2026_07_29_02_32_08,000114,10,all-cluster-heads,docs\doc_workspace\SGCP\artifacts\early_from_late_checkpoint_20260719\enable_coperception_early_from_attentive.yaml,dynamic_cv,grid,utility,utility,none,0,0,,potential_verified_cov_coalition_game,7,,9;10,10;9,9,"{""9"": 1}","{""9"": 318, ""10"": 13979}",5088,2.829810901001112,10,40.0,60.0,5.0,62500,536032,61936,5.0,sgcp-density-cap,1,ns3,899,0.5,10,12,28,,,[],[],9>10:1,,23,38,
2026_07_29_02_32_08,000114,12,all-cluster-heads,docs\doc_workspace\SGCP\artifacts\early_from_late_checkpoint_20260719\enable_coperception_early_from_attentive.yaml,dynamic_cv,grid,utility,utility,none,0,0,,potential_verified_cov_coalition_game,7,,4;7;12,12,,{},"{""12"": 14210}",0,0.0,10,40.0,60.0,5.0,62500,536032,61936,5.0,sgcp-density-cap,1,ns3,899,0.5,10,12,28,,,[],[],,,8,21,
2026_07_29_02_32_08,000114,13,all-cluster-heads,docs\doc_workspace\SGCP\artifacts\early_from_late_checkpoint_20260719\enable_coperception_early_from_attentive.yaml,dynamic_cv,grid,utility,utility,none,0,0,,potential_verified_cov_coalition_game,7,,13;14;19,13,,{},"{""13"": 13423}",0,0.0,10,40.0,60.0,5.0,62500,536032,61936,5.0,sgcp-density-cap,1,ns3,899,0.5,10,12,28,,,[],[],,,0,14,
2026_07_29_02_32_08,000114,15,all-cluster-heads,docs\doc_workspace\SGCP\artifacts\early_from_late_checkpoint_20260719\enable_coperception_early_from_attentive.yaml,dynamic_cv,grid,utility,utility,none,0,0,,potential_verified_cov_coalition_game,7,,6;15,15,,{},"{""15"": 13613}",0,0.0,10,40.0,60.0,5.0,62500,536032,61936,5.0,sgcp-density-cap,1,ns3,899,0.5,10,12,28,,,[],[],,,18,25,
2026_07_29_02_32_08,000114,17,all-cluster-heads,docs\doc_workspace\SGCP\artifacts\early_from_late_checkpoint_20260719\enable_coperception_early_from_attentive.yaml,dynamic_cv,grid,utility,utility,none,0,0,,potential_verified_cov_coalition_game,7,,3;16;17;18,17,,{},"{""17"": 14215}",0,0.0,10,40.0,60.0,5.0,62500,536032,61936,5.0,sgcp-density-cap,1,ns3,899,0.5,10,12,28,,,[],[],,,12,21,
2026_07_29_02_32_08,000114,20,all-cluster-heads,docs\doc_workspace\SGCP\artifacts\early_from_late_checkpoint_20260719\enable_coperception_early_from_attentive.yaml,dynamic_cv,grid,utility,utility,none,0,0,,potential_verified_cov_coalition_game,7,,5;20,20,,{},"{""20"": 13882}",0,0.0,10,40.0,60.0,5.0,62500,536032,61936,5.0,sgcp-density-cap,1,ns3,899,0.5,10,12,28,,,[],[],,,21,30,
2026_07_29_02_32_08,000116,1,all-cluster-heads,docs\doc_workspace\SGCP\artifacts\early_from_late_checkpoint_20260719\enable_coperception_early_from_attentive.yaml,dynamic_cv,grid,utility,utility,none,0,0,,potential_verified_cov_coalition_game,7,,1;2;8;11,1;2,2,"{""2"": 13}","{""1"": 13967, ""2"": 3562}",56992,31.697441601779758,10,40.0,60.0,5.0,62500,536176,62080,5.0,sgcp-density-cap,1,ns3,899,0.5,10,12,28,,,[],[],2>1:0,,24,45,
2026_07_29_02_32_08,000116,10,all-cluster-heads,docs\doc_workspace\SGCP\artifacts\early_from_late_checkpoint_20260719\enable_coperception_early_from_attentive.yaml,dynamic_cv,grid,utility,utility,none,0,0,,potential_verified_cov_coalition_game,7,,9;10,10;9,9,"{""9"": 1}","{""9"": 318, ""10"": 13979}",5088,2.829810901001112,10,40.0,60.0,5.0,62500,536176,62080,5.0,sgcp-density-cap,1,ns3,899,0.5,10,12,28,,,[],[],9>10:1,,23,37,
2026_07_29_02_32_08,000116,12,all-cluster-heads,docs\doc_workspace\SGCP\artifacts\early_from_late_checkpoint_20260719\enable_coperception_early_from_attentive.yaml,dynamic_cv,grid,utility,utility,none,0,0,,potential_verified_cov_coalition_game,7,,4;7;12,12,,{},"{""12"": 14231}",0,0.0,10,40.0,60.0,5.0,62500,536176,62080,5.0,sgcp-density-cap,1,ns3,899,0.5,10,12,28,,,[],[],,,10,22,
2026_07_29_02_32_08,000116,13,all-cluster-heads,docs\doc_workspace\SGCP\artifacts\early_from_late_checkpoint_20260719\enable_coperception_early_from_attentive.yaml,dynamic_cv,grid,utility,utility,none,0,0,,potential_verified_cov_coalition_game,7,,13;14;19,13,,{},"{""13"": 13407}",0,0.0,10,40.0,60.0,5.0,62500,536176,62080,5.0,sgcp-density-cap,1,ns3,899,0.5,10,12,28,,,[],[],,,2,13,
2026_07_29_02_32_08,000116,15,all-cluster-heads,docs\doc_workspace\SGCP\artifacts\early_from_late_checkpoint_20260719\enable_coperception_early_from_attentive.yaml,dynamic_cv,grid,utility,utility,none,0,0,,potential_verified_cov_coalition_game,7,,6;15,15,,{},"{""15"": 13632}",0,0.0,10,40.0,60.0,5.0,62500,536176,62080,5.0,sgcp-density-cap,1,ns3,899,0.5,10,12,28,,,[],[],,,18,27,
2026_07_29_02_32_08,000116,17,all-cluster-heads,docs\doc_workspace\SGCP\artifacts\early_from_late_checkpoint_20260719\enable_coperception_early_from_attentive.yaml,dynamic_cv,grid,utility,utility,none,0,0,,potential_verified_cov_coalition_game,7,,3;16;17;18,17,,{},"{""17"": 14228}",0,0.0,10,40.0,60.0,5.0,62500,536176,62080,5.0,sgcp-density-cap,1,ns3,899,0.5,10,12,28,,,[],[],,,10,21,
2026_07_29_02_32_08,000116,20,all-cluster-heads,docs\doc_workspace\SGCP\artifacts\early_from_late_checkpoint_20260719\enable_coperception_early_from_attentive.yaml,dynamic_cv,grid,utility,utility,none,0,0,,potential_verified_cov_coalition_game,7,,5;20,20,,{},"{""20"": 13882}",0,0.0,10,40.0,60.0,5.0,62500,536176,62080,5.0,sgcp-density-cap,1,ns3,899,0.5,10,12,28,,,[],[],,,19,31,
2026_07_29_02_32_08,000118,1,all-cluster-heads,docs\doc_workspace\SGCP\artifacts\early_from_late_checkpoint_20260719\enable_coperception_early_from_attentive.yaml,dynamic_cv,grid,utility,utility,none,0,0,,potential_verified_cov_coalition_game,7,,1;2;8;11,1;2,2,"{""2"": 13}","{""1"": 13967, ""2"": 3566}",57056,31.733036707452726,10,40.0,60.0,5.0,62500,538224,62144,5.0,sgcp-density-cap,1,ns3,899,0.5,10,12,28,,,[],[],2>1:0,,25,45,
2026_07_29_02_32_08,000118,10,all-cluster-heads,docs\doc_workspace\SGCP\artifacts\early_from_late_checkpoint_20260719\enable_coperception_early_from_attentive.yaml,dynamic_cv,grid,utility,utility,none,0,0,,potential_verified_cov_coalition_game,7,,9;10,10;9,9,"{""9"": 1}","{""9"": 318, ""10"": 13979}",5088,2.829810901001112,10,40.0,60.0,5.0,62500,538224,62144,5.0,sgcp-density-cap,1,ns3,899,0.5,10,12,28,,,[],[],9>10:1,,25,37,
2026_07_29_02_32_08,000118,12,all-cluster-heads,docs\doc_workspace\SGCP\artifacts\early_from_late_checkpoint_20260719\enable_coperception_early_from_attentive.yaml,dynamic_cv,grid,utility,utility,none,0,0,,potential_verified_cov_coalition_game,7,,4;7;12,12,,{},"{""12"": 14223}",0,0.0,10,40.0,60.0,5.0,62500,538224,62144,5.0,sgcp-density-cap,1,ns3,899,0.5,10,12,28,,,[],[],,,13,20,
2026_07_29_02_32_08,000118,13,all-cluster-heads,docs\doc_workspace\SGCP\artifacts\early_from_late_checkpoint_20260719\enable_coperception_early_from_attentive.yaml,dynamic_cv,grid,utility,utility,none,0,0,,potential_verified_cov_coalition_game,7,,13;14;19,13,,{},"{""13"": 13365}",0,0.0,10,40.0,60.0,5.0,62500,538224,62144,5.0,sgcp-density-cap,1,ns3,899,0.5,10,12,28,,,[],[],,,1,14,
2026_07_29_02_32_08,000118,15,all-cluster-heads,docs\doc_workspace\SGCP\artifacts\early_from_late_checkpoint_20260719\enable_coperception_early_from_attentive.yaml,dynamic_cv,grid,utility,utility,none,0,0,,potential_verified_cov_coalition_game,7,,6;15,15,,{},"{""15"": 13659}",0,0.0,10,40.0,60.0,5.0,62500,538224,62144,5.0,sgcp-density-cap,1,ns3,899,0.5,10,12,28,,,[],[],,,19,26,
2026_07_29_02_32_08,000118,17,all-cluster-heads,docs\doc_workspace\SGCP\artifacts\early_from_late_checkpoint_20260719\enable_coperception_early_from_attentive.yaml,dynamic_cv,grid,utility,utility,none,0,0,,potential_verified_cov_coalition_game,7,,3;16;17;18,17,,{},"{""17"": 14236}",0,0.0,10,40.0,60.0,5.0,62500,538224,62144,5.0,sgcp-density-cap,1,ns3,899,0.5,10,12,28,,,[],[],,,10,21,
2026_07_29_02_32_08,000118,20,all-cluster-heads,docs\doc_workspace\SGCP\artifacts\early_from_late_checkpoint_20260719\enable_coperception_early_from_attentive.yaml,dynamic_cv,grid,utility,utility,none,0,0,,potential_verified_cov_coalition_game,7,,5;20,20,,{},"{""20"": 13879}",0,0.0,10,40.0,60.0,5.0,62500,538224,62144,5.0,sgcp-density-cap,1,ns3,899,0.5,10,12,28,,,[],[],,,20,30,
2026_07_29_02_32_08,000120,1,all-cluster-heads,docs\doc_workspace\SGCP\artifacts\early_from_late_checkpoint_20260719\enable_coperception_early_from_attentive.yaml,dynamic_cv,grid,utility,utility,none,0,0,,potential_verified_cov_coalition_game,7,,1;2;8;11,1;2;11,2;11,"{""2"": 13, ""11"": 1}","{""1"": 13970, ""2"": 3572, ""11"": 309}",62096,31.78642936596218,10,40.0,60.0,5.0,62500,538928,62096,5.0,sgcp-density-cap,1,ns3,899,0.5,10,12,28,,,[],[],2>1:0;11>1:9,,23,48,
2026_07_29_02_32_08,000120,10,all-cluster-heads,docs\doc_workspace\SGCP\artifacts\early_from_late_checkpoint_20260719\enable_coperception_early_from_attentive.yaml,dynamic_cv,grid,utility,utility,none,0,0,,potential_verified_cov_coalition_game,7,,9;10,10,,{},"{""10"": 13976}",0,0.0,10,40.0,60.0,5.0,62500,538928,62096,5.0,sgcp-density-cap,1,ns3,899,0.5,10,12,28,,,[],[],,,23,34,
2026_07_29_02_32_08,000120,12,all-cluster-heads,docs\doc_workspace\SGCP\artifacts\early_from_late_checkpoint_20260719\enable_coperception_early_from_attentive.yaml,dynamic_cv,grid,utility,utility,none,0,0,,potential_verified_cov_coalition_game,7,,4;7;12,12,,{},"{""12"": 14223}",0,0.0,10,40.0,60.0,5.0,62500,538928,62096,5.0,sgcp-density-cap,1,ns3,899,0.5,10,12,28,,,[],[],,,10,20,
2026_07_29_02_32_08,000120,13,all-cluster-heads,docs\doc_workspace\SGCP\artifacts\early_from_late_checkpoint_20260719\enable_coperception_early_from_attentive.yaml,dynamic_cv,grid,utility,utility,none,0,0,,potential_verified_cov_coalition_game,7,,13;14;19,13,,{},"{""13"": 13367}",0,0.0,10,40.0,60.0,5.0,62500,538928,62096,5.0,sgcp-density-cap,1,ns3,899,0.5,10,12,28,,,[],[],,,1,12,
2026_07_29_02_32_08,000120,15,all-cluster-heads,docs\doc_workspace\SGCP\artifacts\early_from_late_checkpoint_20260719\enable_coperception_early_from_attentive.yaml,dynamic_cv,grid,utility,utility,none,0,0,,potential_verified_cov_coalition_game,7,,6;15,15,,{},"{""15"": 13667}",0,0.0,10,40.0,60.0,5.0,62500,538928,62096,5.0,sgcp-density-cap,1,ns3,899,0.5,10,12,28,,,[],[],,,18,26,
2026_07_29_02_32_08,000120,17,all-cluster-heads,docs\doc_workspace\SGCP\artifacts\early_from_late_checkpoint_20260719\enable_coperception_early_from_attentive.yaml,dynamic_cv,grid,utility,utility,none,0,0,,potential_verified_cov_coalition_game,7,,3;16;17;18,17,,{},"{""17"": 14265}",0,0.0,10,40.0,60.0,5.0,62500,538928,62096,5.0,sgcp-density-cap,1,ns3,899,0.5,10,12,28,,,[],[],,,9,21,
2026_07_29_02_32_08,000120,20,all-cluster-heads,docs\doc_workspace\SGCP\artifacts\early_from_late_checkpoint_20260719\enable_coperception_early_from_attentive.yaml,dynamic_cv,grid,utility,utility,none,0,0,,potential_verified_cov_coalition_game,7,,5;20,20,,{},"{""20"": 13881}",0,0.0,10,40.0,60.0,5.0,62500,538928,62096,5.0,sgcp-density-cap,1,ns3,899,0.5,10,12,28,,,[],[],,,21,30,
2026_07_29_02_32_08,000122,1,all-cluster-heads,docs\doc_workspace\SGCP\artifacts\early_from_late_checkpoint_20260719\enable_coperception_early_from_attentive.yaml,dynamic_cv,grid,utility,utility,none,0,0,,potential_verified_cov_coalition_game,7,,1;2;8;11,1;2,2,"{""2"": 13}","{""1"": 13965, ""2"": 3574}",57184,31.804226918798665,10,40.0,60.0,5.0,62500,545088,62272,5.0,sgcp-density-cap,1,ns3,899,0.5,10,12,28,,,[],[],2>1:0,,23,44,
2026_07_29_02_32_08,000122,10,all-cluster-heads,docs\doc_workspace\SGCP\artifacts\early_from_late_checkpoint_20260719\enable_coperception_early_from_attentive.yaml,dynamic_cv,grid,utility,utility,none,0,0,,potential_verified_cov_coalition_game,7,,9;10,10;9,9,"{""9"": 1}","{""9"": 318, ""10"": 13976}",5088,2.829810901001112,10,40.0,60.0,5.0,62500,545088,62272,5.0,sgcp-density-cap,1,ns3,899,0.5,10,12,28,,,[],[],9>10:1,,24,38,
2026_07_29_02_32_08,000122,12,all-cluster-heads,docs\doc_workspace\SGCP\artifacts\early_from_late_checkpoint_20260719\enable_coperception_early_from_attentive.yaml,dynamic_cv,grid,utility,utility,none,0,0,,potential_verified_cov_coalition_game,7,,4;7;12,12,,{},"{""12"": 14209}",0,0.0,10,40.0,60.0,5.0,62500,545088,62272,5.0,sgcp-density-cap,1,ns3,899,0.5,10,12,28,,,[],[],,,9,19,
2026_07_29_02_32_08,000122,13,all-cluster-heads,docs\doc_workspace\SGCP\artifacts\early_from_late_checkpoint_20260719\enable_coperception_early_from_attentive.yaml,dynamic_cv,grid,utility,utility,none,0,0,,potential_verified_cov_coalition_game,7,,13;14;19,13,,{},"{""13"": 13373}",0,0.0,10,40.0,60.0,5.0,62500,545088,62272,5.0,sgcp-density-cap,1,ns3,899,0.5,10,12,28,,,[],[],,,0,13,
2026_07_29_02_32_08,000122,15,all-cluster-heads,docs\doc_workspace\SGCP\artifacts\early_from_late_checkpoint_20260719\enable_coperception_early_from_attentive.yaml,dynamic_cv,grid,utility,utility,none,0,0,,potential_verified_cov_coalition_game,7,,6;15,15,,{},"{""15"": 13668}",0,0.0,10,40.0,60.0,5.0,62500,545088,62272,5.0,sgcp-density-cap,1,ns3,899,0.5,10,12,28,,,[],[],,,18,27,
2026_07_29_02_32_08,000122,17,all-cluster-heads,docs\doc_workspace\SGCP\artifacts\early_from_late_checkpoint_20260719\enable_coperception_early_from_attentive.yaml,dynamic_cv,grid,utility,utility,none,0,0,,potential_verified_cov_coalition_game,7,,3;16;17;18,17,,{},"{""17"": 14263}",0,0.0,10,40.0,60.0,5.0,62500,545088,62272,5.0,sgcp-density-cap,1,ns3,899,0.5,10,12,28,,,[],[],,,8,21,
2026_07_29_02_32_08,000122,20,all-cluster-heads,docs\doc_workspace\SGCP\artifacts\early_from_late_checkpoint_20260719\enable_coperception_early_from_attentive.yaml,dynamic_cv,grid,utility,utility,none,0,0,,potential_verified_cov_coalition_game,7,,5;20,20,,{},"{""20"": 13882}",0,0.0,10,40.0,60.0,5.0,62500,545088,62272,5.0,sgcp-density-cap,1,ns3,899,0.5,10,12,28,,,[],[],,,21,30,
2026_07_29_02_32_08,000124,1,all-cluster-heads,docs\doc_workspace\SGCP\artifacts\early_from_late_checkpoint_20260719\enable_coperception_early_from_attentive.yaml,dynamic_cv,grid,utility,utility,none,0,0,,potential_verified_cov_coalition_game,7,,1;2;8;11,1;2,2,"{""2"": 13}","{""1"": 13963, ""2"": 3576}",57216,31.822024471635153,10,40.0,60.0,5.0,62500,547600,62304,5.0,sgcp-density-cap,1,ns3,899,0.5,10,12,28,,,[],[],2>1:0,,22,44,
2026_07_29_02_32_08,000124,10,all-cluster-heads,docs\doc_workspace\SGCP\artifacts\early_from_late_checkpoint_20260719\enable_coperception_early_from_attentive.yaml,dynamic_cv,grid,utility,utility,none,0,0,,potential_verified_cov_coalition_game,7,,9;10,10;9,9,"{""9"": 1}","{""9"": 318, ""10"": 13972}",5088,2.829810901001112,10,40.0,60.0,5.0,62500,547600,62304,5.0,sgcp-density-cap,1,ns3,899,0.5,10,12,28,,,[],[],9>10:1,,22,37,
2026_07_29_02_32_08,000124,12,all-cluster-heads,docs\doc_workspace\SGCP\artifacts\early_from_late_checkpoint_20260719\enable_coperception_early_from_attentive.yaml,dynamic_cv,grid,utility,utility,none,0,0,,potential_verified_cov_coalition_game,7,,4;7;12,12,,{},"{""12"": 14179}",0,0.0,10,40.0,60.0,5.0,62500,547600,62304,5.0,sgcp-density-cap,1,ns3,899,0.5,10,12,28,,,[],[],,,9,19,
2026_07_29_02_32_08,000124,13,all-cluster-heads,docs\doc_workspace\SGCP\artifacts\early_from_late_checkpoint_20260719\enable_coperception_early_from_attentive.yaml,dynamic_cv,grid,utility,utility,none,0,0,,potential_verified_cov_coalition_game,7,,13;14;19,13,,{},"{""13"": 13342}",0,0.0,10,40.0,60.0,5.0,62500,547600,62304,5.0,sgcp-density-cap,1,ns3,899,0.5,10,12,28,,,[],[],,,0,12,
2026_07_29_02_32_08,000124,15,all-cluster-heads,docs\doc_workspace\SGCP\artifacts\early_from_late_checkpoint_20260719\enable_coperception_early_from_attentive.yaml,dynamic_cv,grid,utility,utility,none,0,0,,potential_verified_cov_coalition_game,7,,6;15,15,,{},"{""15"": 13675}",0,0.0,10,40.0,60.0,5.0,62500,547600,62304,5.0,sgcp-density-cap,1,ns3,899,0.5,10,12,28,,,[],[],,,19,28,
2026_07_29_02_32_08,000124,17,all-cluster-heads,docs\doc_workspace\SGCP\artifacts\early_from_late_checkpoint_20260719\enable_coperception_early_from_attentive.yaml,dynamic_cv,grid,utility,utility,none,0,0,,potential_verified_cov_coalition_game,7,,3;16;17;18,17,,{},"{""17"": 14254}",0,0.0,10,40.0,60.0,5.0,62500,547600,62304,5.0,sgcp-density-cap,1,ns3,899,0.5,10,12,28,,,[],[],,,9,22,
2026_07_29_02_32_08,000124,20,all-cluster-heads,docs\doc_workspace\SGCP\artifacts\early_from_late_checkpoint_20260719\enable_coperception_early_from_attentive.yaml,dynamic_cv,grid,utility,utility,none,0,0,,potential_verified_cov_coalition_game,7,,5;20,20,,{},"{""20"": 13887}",0,0.0,10,40.0,60.0,5.0,62500,547600,62304,5.0,sgcp-density-cap,1,ns3,899,0.5,10,12,28,,,[],[],,,20,31,
2026_07_29_02_32_08,000126,1,all-cluster-heads,docs\doc_workspace\SGCP\artifacts\early_from_late_checkpoint_20260719\enable_coperception_early_from_attentive.yaml,dynamic_cv,grid,utility,utility,none,0,0,,potential_verified_cov_coalition_game,7,,1;2;8;11,1;2,2,"{""2"": 13}","{""1"": 13963, ""2"": 3577}",57232,31.830923248053395,10,40.0,60.0,5.0,62500,548880,62320,5.0,sgcp-density-cap,1,ns3,899,0.5,10,12,28,,,[],[],2>1:0,,22,44,
2026_07_29_02_32_08,000126,10,all-cluster-heads,docs\doc_workspace\SGCP\artifacts\early_from_late_checkpoint_20260719\enable_coperception_early_from_attentive.yaml,dynamic_cv,grid,utility,utility,none,0,0,,potential_verified_cov_coalition_game,7,,9;10,10;9,9,"{""9"": 1}","{""9"": 318, ""10"": 13972}",5088,2.829810901001112,10,40.0,60.0,5.0,62500,548880,62320,5.0,sgcp-density-cap,1,ns3,899,0.5,10,12,28,,,[],[],9>10:1,,23,37,
2026_07_29_02_32_08,000126,12,all-cluster-heads,docs\doc_workspace\SGCP\artifacts\early_from_late_checkpoint_20260719\enable_coperception_early_from_attentive.yaml,dynamic_cv,grid,utility,utility,none,0,0,,potential_verified_cov_coalition_game,7,,4;7;12,12,,{},"{""12"": 14162}",0,0.0,10,40.0,60.0,5.0,62500,548880,62320,5.0,sgcp-density-cap,1,ns3,899,0.5,10,12,28,,,[],[],,,10,18,
2026_07_29_02_32_08,000126,13,all-cluster-heads,docs\doc_workspace\SGCP\artifacts\early_from_late_checkpoint_20260719\enable_coperception_early_from_attentive.yaml,dynamic_cv,grid,utility,utility,none,0,0,,potential_verified_cov_coalition_game,7,,13;14;19,13,,{},"{""13"": 13344}",0,0.0,10,40.0,60.0,5.0,62500,548880,62320,5.0,sgcp-density-cap,1,ns3,899,0.5,10,12,28,,,[],[],,,0,11,
2026_07_29_02_32_08,000126,15,all-cluster-heads,docs\doc_workspace\SGCP\artifacts\early_from_late_checkpoint_20260719\enable_coperception_early_from_attentive.yaml,dynamic_cv,grid,utility,utility,none,0,0,,potential_verified_cov_coalition_game,7,,6;15,15,,{},"{""15"": 13678}",0,0.0,10,40.0,60.0,5.0,62500,548880,62320,5.0,sgcp-density-cap,1,ns3,899,0.5,10,12,28,,,[],[],,,21,29,
2026_07_29_02_32_08,000126,17,all-cluster-heads,docs\doc_workspace\SGCP\artifacts\early_from_late_checkpoint_20260719\enable_coperception_early_from_attentive.yaml,dynamic_cv,grid,utility,utility,none,0,0,,potential_verified_cov_coalition_game,7,,3;16;17;18,17,,{},"{""17"": 14251}",0,0.0,10,40.0,60.0,5.0,62500,548880,62320,5.0,sgcp-density-cap,1,ns3,899,0.5,10,12,28,,,[],[],,,10,22,
2026_07_29_02_32_08,000126,20,all-cluster-heads,docs\doc_workspace\SGCP\artifacts\early_from_late_checkpoint_20260719\enable_coperception_early_from_attentive.yaml,dynamic_cv,grid,utility,utility,none,0,0,,potential_verified_cov_coalition_game,7,,5;20,20,,{},"{""20"": 13888}",0,0.0,10,40.0,60.0,5.0,62500,548880,62320,5.0,sgcp-density-cap,1,ns3,899,0.5,10,12,28,,,[],[],,,20,32,
2026_07_29_02_32_08,000128,1,all-cluster-heads,docs\doc_workspace\SGCP\artifacts\early_from_late_checkpoint_20260719\enable_coperception_early_from_attentive.yaml,dynamic_cv,grid,utility,utility,none,0,0,,potential_verified_cov_coalition_game,7,,1;2;8;11,1;2,2,"{""2"": 13}","{""1"": 13966, ""2"": 3572}",57152,31.78642936596218,10,40.0,60.0,5.0,62500,550496,62240,5.0,sgcp-density-cap,1,ns3,899,0.5,10,12,28,,,[],[],2>1:0,,22,44,
2026_07_29_02_32_08,000128,10,all-cluster-heads,docs\doc_workspace\SGCP\artifacts\early_from_late_checkpoint_20260719\enable_coperception_early_from_attentive.yaml,dynamic_cv,grid,utility,utility,none,0,0,,potential_verified_cov_coalition_game,7,,9;10,10;9,9,"{""9"": 1}","{""9"": 318, ""10"": 13970}",5088,2.829810901001112,10,40.0,60.0,5.0,62500,550496,62240,5.0,sgcp-density-cap,1,ns3,899,0.5,10,12,28,,,[],[],9>10:1,,24,37,
2026_07_29_02_32_08,000128,12,all-cluster-heads,docs\doc_workspace\SGCP\artifacts\early_from_late_checkpoint_20260719\enable_coperception_early_from_attentive.yaml,dynamic_cv,grid,utility,utility,none,0,0,,potential_verified_cov_coalition_game,7,,4;7;12,12,,{},"{""12"": 14176}",0,0.0,10,40.0,60.0,5.0,62500,550496,62240,5.0,sgcp-density-cap,1,ns3,899,0.5,10,12,28,,,[],[],,,11,17,
2026_07_29_02_32_08,000128,13,all-cluster-heads,docs\doc_workspace\SGCP\artifacts\early_from_late_checkpoint_20260719\enable_coperception_early_from_attentive.yaml,dynamic_cv,grid,utility,utility,none,0,0,,potential_verified_cov_coalition_game,7,,13;14;19,13,,{},"{""13"": 13359}",0,0.0,10,40.0,60.0,5.0,62500,550496,62240,5.0,sgcp-density-cap,1,ns3,899,0.5,10,12,28,,,[],[],,,1,11,
2026_07_29_02_32_08,000128,15,all-cluster-heads,docs\doc_workspace\SGCP\artifacts\early_from_late_checkpoint_20260719\enable_coperception_early_from_attentive.yaml,dynamic_cv,grid,utility,utility,none,0,0,,potential_verified_cov_coalition_game,7,,6;15,15,,{},"{""15"": 13694}",0,0.0,10,40.0,60.0,5.0,62500,550496,62240,5.0,sgcp-density-cap,1,ns3,899,0.5,10,12,28,,,[],[],,,19,28,
2026_07_29_02_32_08,000128,17,all-cluster-heads,docs\doc_workspace\SGCP\artifacts\early_from_late_checkpoint_20260719\enable_coperception_early_from_attentive.yaml,dynamic_cv,grid,utility,utility,none,0,0,,potential_verified_cov_coalition_game,7,,3;16;17;18,17,,{},"{""17"": 14246}",0,0.0,10,40.0,60.0,5.0,62500,550496,62240,5.0,sgcp-density-cap,1,ns3,899,0.5,10,12,28,,,[],[],,,11,22,
2026_07_29_02_32_08,000128,20,all-cluster-heads,docs\doc_workspace\SGCP\artifacts\early_from_late_checkpoint_20260719\enable_coperception_early_from_attentive.yaml,dynamic_cv,grid,utility,utility,none,0,0,,potential_verified_cov_coalition_game,7,,5;20,20,,{},"{""20"": 13891}",0,0.0,10,40.0,60.0,5.0,62500,550496,62240,5.0,sgcp-density-cap,1,ns3,899,0.5,10,12,28,,,[],[],,,20,32,
2026_07_29_02_32_08,000130,1,all-cluster-heads,docs\doc_workspace\SGCP\artifacts\early_from_late_checkpoint_20260719\enable_coperception_early_from_attentive.yaml,dynamic_cv,grid,utility,utility,none,0,0,,potential_verified_cov_coalition_game,7,,1;2;8;11,1;2,2,"{""2"": 13}","{""1"": 13963, ""2"": 3571}",57136,31.77753058954394,10,40.0,60.0,5.0,62500,550272,62224,5.0,sgcp-density-cap,1,ns3,899,0.5,10,12,28,,,[],[],2>1:0,,23,44,
2026_07_29_02_32_08,000130,10,all-cluster-heads,docs\doc_workspace\SGCP\artifacts\early_from_late_checkpoint_20260719\enable_coperception_early_from_attentive.yaml,dynamic_cv,grid,utility,utility,none,0,0,,potential_verified_cov_coalition_game,7,,9;10,10;9,9,"{""9"": 1}","{""9"": 318, ""10"": 13970}",5088,2.829810901001112,10,40.0,60.0,5.0,62500,550272,62224,5.0,sgcp-density-cap,1,ns3,899,0.5,10,12,28,,,[],[],9>10:1,,22,37,
2026_07_29_02_32_08,000130,12,all-cluster-heads,docs\doc_workspace\SGCP\artifacts\early_from_late_checkpoint_20260719\enable_coperception_early_from_attentive.yaml,dynamic_cv,grid,utility,utility,none,0,0,,potential_verified_cov_coalition_game,7,,4;7;12,12,,{},"{""12"": 14172}",0,0.0,10,40.0,60.0,5.0,62500,550272,62224,5.0,sgcp-density-cap,1,ns3,899,0.5,10,12,28,,,[],[],,,10,16,
2026_07_29_02_32_08,000130,13,all-cluster-heads,docs\doc_workspace\SGCP\artifacts\early_from_late_checkpoint_20260719\enable_coperception_early_from_attentive.yaml,dynamic_cv,grid,utility,utility,none,0,0,,potential_verified_cov_coalition_game,7,,13;14;19,13,,{},"{""13"": 13355}",0,0.0,10,40.0,60.0,5.0,62500,550272,62224,5.0,sgcp-density-cap,1,ns3,899,0.5,10,12,28,,,[],[],,,0,12,
2026_07_29_02_32_08,000130,15,all-cluster-heads,docs\doc_workspace\SGCP\artifacts\early_from_late_checkpoint_20260719\enable_coperception_early_from_attentive.yaml,dynamic_cv,grid,utility,utility,none,0,0,,potential_verified_cov_coalition_game,7,,6;15,15,,{},"{""15"": 13715}",0,0.0,10,40.0,60.0,5.0,62500,550272,62224,5.0,sgcp-density-cap,1,ns3,899,0.5,10,12,28,,,[],[],,,18,26,
2026_07_29_02_32_08,000130,17,all-cluster-heads,docs\doc_workspace\SGCP\artifacts\early_from_late_checkpoint_20260719\enable_coperception_early_from_attentive.yaml,dynamic_cv,grid,utility,utility,none,0,0,,potential_verified_cov_coalition_game,7,,3;16;17;18,17,,{},"{""17"": 14246}",0,0.0,10,40.0,60.0,5.0,62500,550272,62224,5.0,sgcp-density-cap,1,ns3,899,0.5,10,12,28,,,[],[],,,10,21,
2026_07_29_02_32_08,000130,20,all-cluster-heads,docs\doc_workspace\SGCP\artifacts\early_from_late_checkpoint_20260719\enable_coperception_early_from_attentive.yaml,dynamic_cv,grid,utility,utility,none,0,0,,potential_verified_cov_coalition_game,7,,5;20,20,,{},"{""20"": 13896}",0,0.0,10,40.0,60.0,5.0,62500,550272,62224,5.0,sgcp-density-cap,1,ns3,899,0.5,10,12,28,,,[],[],,,20,31,
2026_07_29_02_32_08,000132,4,all-cluster-heads,docs\doc_workspace\SGCP\artifacts\early_from_late_checkpoint_20260719\enable_coperception_early_from_attentive.yaml,dynamic_cv,grid,utility,utility,none,0,0,,potential_verified_cov_coalition_game,6,,4;7;8;12,4;7;12,7;12,"{""7"": 1, ""12"": 10}","{""4"": 13769, ""7"": 142, ""12"": 3762}",62464,33.47719688542825,10,40.0,60.0,5.0,62500,588080,62464,5.0,sgcp-density-cap,1,ns3,899,0.5,10,12,28,,,[],[],7>4:9;12>4:0,,17,47,
2026_07_29_02_32_08,000132,11,all-cluster-heads,docs\doc_workspace\SGCP\artifacts\early_from_late_checkpoint_20260719\enable_coperception_early_from_attentive.yaml,dynamic_cv,grid,utility,utility,none,0,0,,potential_verified_cov_coalition_game,6,,1;2;11;19,11,,{},"{""11"": 13871}",0,0.0,10,40.0,60.0,5.0,62500,588080,62464,5.0,sgcp-density-cap,1,ns3,899,0.5,10,12,28,,,[],[],,,19,39,
2026_07_29_02_32_08,000132,13,all-cluster-heads,docs\doc_workspace\SGCP\artifacts\early_from_late_checkpoint_20260719\enable_coperception_early_from_attentive.yaml,dynamic_cv,grid,utility,utility,none,0,0,,potential_verified_cov_coalition_game,6,,9;10;13;14,13,,{},"{""13"": 13368}",0,0.0,10,40.0,60.0,5.0,62500,588080,62464,5.0,sgcp-density-cap,1,ns3,899,0.5,10,12,28,,,[],[],,,0,11,
2026_07_29_02_32_08,000132,15,all-cluster-heads,docs\doc_workspace\SGCP\artifacts\early_from_late_checkpoint_20260719\enable_coperception_early_from_attentive.yaml,dynamic_cv,grid,utility,utility,none,0,0,,potential_verified_cov_coalition_game,6,,6;15,15,,{},"{""15"": 13706}",0,0.0,10,40.0,60.0,5.0,62500,588080,62464,5.0,sgcp-density-cap,1,ns3,899,0.5,10,12,28,,,[],[],,,19,26,
2026_07_29_02_32_08,000132,17,all-cluster-heads,docs\doc_workspace\SGCP\artifacts\early_from_late_checkpoint_20260719\enable_coperception_early_from_attentive.yaml,dynamic_cv,grid,utility,utility,none,0,0,,potential_verified_cov_coalition_game,6,,3;16;17;18,17,,{},"{""17"": 14246}",0,0.0,10,40.0,60.0,5.0,62500,588080,62464,5.0,sgcp-density-cap,1,ns3,899,0.5,10,12,28,,,[],[],,,10,21,
2026_07_29_02_32_08,000132,20,all-cluster-heads,docs\doc_workspace\SGCP\artifacts\early_from_late_checkpoint_20260719\enable_coperception_early_from_attentive.yaml,dynamic_cv,grid,utility,utility,none,0,0,,potential_verified_cov_coalition_game,6,,5;20,20,,{},"{""20"": 13905}",0,0.0,10,40.0,60.0,5.0,62500,588080,62464,5.0,sgcp-density-cap,1,ns3,899,0.5,10,12,28,,,[],[],,,22,31,
2026_07_29_02_32_08,000134,4,all-cluster-heads,docs\doc_workspace\SGCP\artifacts\early_from_late_checkpoint_20260719\enable_coperception_early_from_attentive.yaml,dynamic_cv,grid,utility,utility,none,0,0,,potential_verified_cov_coalition_game,6,,4;7;8;12,4;12,12,"{""12"": 10}","{""4"": 13769, ""12"": 3805}",60880,33.85984427141268,10,40.0,60.0,5.0,62500,587744,62464,5.0,sgcp-density-cap,1,ns3,899,0.5,10,12,28,,,[],[],12>4:0,,17,38,
2026_07_29_02_32_08,000134,11,all-cluster-heads,docs\doc_workspace\SGCP\artifacts\early_from_late_checkpoint_20260719\enable_coperception_early_from_attentive.yaml,dynamic_cv,grid,utility,utility,none,0,0,,potential_verified_cov_coalition_game,6,,1;2;11;19,11,,{},"{""11"": 13868}",0,0.0,10,40.0,60.0,5.0,62500,587744,62464,5.0,sgcp-density-cap,1,ns3,899,0.5,10,12,28,,,[],[],,,20,39,
2026_07_29_02_32_08,000134,13,all-cluster-heads,docs\doc_workspace\SGCP\artifacts\early_from_late_checkpoint_20260719\enable_coperception_early_from_attentive.yaml,dynamic_cv,grid,utility,utility,none,0,0,,potential_verified_cov_coalition_game,6,,9;10;13;14,13,,{},"{""13"": 13362}",0,0.0,10,40.0,60.0,5.0,62500,587744,62464,5.0,sgcp-density-cap,1,ns3,899,0.5,10,12,28,,,[],[],,,0,11,
2026_07_29_02_32_08,000134,15,all-cluster-heads,docs\doc_workspace\SGCP\artifacts\early_from_late_checkpoint_20260719\enable_coperception_early_from_attentive.yaml,dynamic_cv,grid,utility,utility,none,0,0,,potential_verified_cov_coalition_game,6,,6;15,15,,{},"{""15"": 13725}",0,0.0,10,40.0,60.0,5.0,62500,587744,62464,5.0,sgcp-density-cap,1,ns3,899,0.5,10,12,28,,,[],[],,,17,27,
2026_07_29_02_32_08,000134,17,all-cluster-heads,docs\doc_workspace\SGCP\artifacts\early_from_late_checkpoint_20260719\enable_coperception_early_from_attentive.yaml,dynamic_cv,grid,utility,utility,none,0,0,,potential_verified_cov_coalition_game,6,,3;16;17;18,17,,{},"{""17"": 14252}",0,0.0,10,40.0,60.0,5.0,62500,587744,62464,5.0,sgcp-density-cap,1,ns3,899,0.5,10,12,28,,,[],[],,,11,20,
2026_07_29_02_32_08,000134,20,all-cluster-heads,docs\doc_workspace\SGCP\artifacts\early_from_late_checkpoint_20260719\enable_coperception_early_from_attentive.yaml,dynamic_cv,grid,utility,utility,none,0,0,,potential_verified_cov_coalition_game,6,,5;20,20;5,5,"{""5"": 1}","{""5"": 99, ""20"": 13917}",1584,0.8809788654060067,10,40.0,60.0,5.0,62500,587744,62464,5.0,sgcp-density-cap,1,ns3,899,0.5,10,12,28,,,[],[],5>20:5,,21,33,
2026_07_29_02_32_08,000136,4,all-cluster-heads,docs\doc_workspace\SGCP\artifacts\early_from_late_checkpoint_20260719\enable_coperception_early_from_attentive.yaml,dynamic_cv,grid,utility,utility,none,0,0,,potential_verified_cov_coalition_game,6,,4;7;8;12,4;12,12,"{""12"": 10}","{""4"": 13765, ""12"": 3810}",60960,33.90433815350389,10,40.0,60.0,5.0,62500,586976,62400,5.0,sgcp-density-cap,1,ns3,899,0.5,10,12,28,,,[],[],12>4:0,,17,38,
2026_07_29_02_32_08,000136,11,all-cluster-heads,docs\doc_workspace\SGCP\artifacts\early_from_late_checkpoint_20260719\enable_coperception_early_from_attentive.yaml,dynamic_cv,grid,utility,utility,none,0,0,,potential_verified_cov_coalition_game,6,,1;2;11;19,11,,{},"{""11"": 13869}",0,0.0,10,40.0,60.0,5.0,62500,586976,62400,5.0,sgcp-density-cap,1,ns3,899,0.5,10,12,28,,,[],[],,,19,39,
2026_07_29_02_32_08,000136,13,all-cluster-heads,docs\doc_workspace\SGCP\artifacts\early_from_late_checkpoint_20260719\enable_coperception_early_from_attentive.yaml,dynamic_cv,grid,utility,utility,none,0,0,,potential_verified_cov_coalition_game,6,,9;10;13;14,13,,{},"{""13"": 13374}",0,0.0,10,40.0,60.0,5.0,62500,586976,62400,5.0,sgcp-density-cap,1,ns3,899,0.5,10,12,28,,,[],[],,,0,12,
2026_07_29_02_32_08,000136,15,all-cluster-heads,docs\doc_workspace\SGCP\artifacts\early_from_late_checkpoint_20260719\enable_coperception_early_from_attentive.yaml,dynamic_cv,grid,utility,utility,none,0,0,,potential_verified_cov_coalition_game,6,,6;15,15,,{},"{""15"": 13717}",0,0.0,10,40.0,60.0,5.0,62500,586976,62400,5.0,sgcp-density-cap,1,ns3,899,0.5,10,12,28,,,[],[],,,21,28,
2026_07_29_02_32_08,000136,17,all-cluster-heads,docs\doc_workspace\SGCP\artifacts\early_from_late_checkpoint_20260719\enable_coperception_early_from_attentive.yaml,dynamic_cv,grid,utility,utility,none,0,0,,potential_verified_cov_coalition_game,6,,3;16;17;18,17;16,16,"{""16"": 1}","{""16"": 90, ""17"": 14256}",1440,0.8008898776418243,10,40.0,60.0,5.0,62500,586976,62400,5.0,sgcp-density-cap,1,ns3,899,0.5,10,12,28,,,[],[],16>17:7,,10,23,
2026_07_29_02_32_08,000136,20,all-cluster-heads,docs\doc_workspace\SGCP\artifacts\early_from_late_checkpoint_20260719\enable_coperception_early_from_attentive.yaml,dynamic_cv,grid,utility,utility,none,0,0,,potential_verified_cov_coalition_game,6,,5;20,20,,{},"{""20"": 13920}",0,0.0,10,40.0,60.0,5.0,62500,586976,62400,5.0,sgcp-density-cap,1,ns3,899,0.5,10,12,28,,,[],[],,,21,32,
2026_07_29_02_32_08,000138,4,all-cluster-heads,docs\doc_workspace\SGCP\artifacts\early_from_late_checkpoint_20260719\enable_coperception_early_from_attentive.yaml,dynamic_cv,grid,utility,utility,none,0,0,,potential_verified_cov_coalition_game,6,,4;7;8;12,4;12,12,"{""12"": 10}","{""4"": 13763, ""12"": 3891}",62256,34.62513904338153,10,40.0,60.0,5.0,62500,586512,62256,5.0,sgcp-density-cap,1,ns3,899,0.5,10,12,28,,,[],[],12>4:0,,17,38,
2026_07_29_02_32_08,000138,11,all-cluster-heads,docs\doc_workspace\SGCP\artifacts\early_from_late_checkpoint_20260719\enable_coperception_early_from_attentive.yaml,dynamic_cv,grid,utility,utility,none,0,0,,potential_verified_cov_coalition_game,6,,1;2;11;19,11,,{},"{""11"": 13868}",0,0.0,10,40.0,60.0,5.0,62500,586512,62256,5.0,sgcp-density-cap,1,ns3,899,0.5,10,12,28,,,[],[],,,19,39,
2026_07_29_02_32_08,000138,13,all-cluster-heads,docs\doc_workspace\SGCP\artifacts\early_from_late_checkpoint_20260719\enable_coperception_early_from_attentive.yaml,dynamic_cv,grid,utility,utility,none,0,0,,potential_verified_cov_coalition_game,6,,9;10;13;14,13,,{},"{""13"": 13373}",0,0.0,10,40.0,60.0,5.0,62500,586512,62256,5.0,sgcp-density-cap,1,ns3,899,0.5,10,12,28,,,[],[],,,0,12,
2026_07_29_02_32_08,000138,15,all-cluster-heads,docs\doc_workspace\SGCP\artifacts\early_from_late_checkpoint_20260719\enable_coperception_early_from_attentive.yaml,dynamic_cv,grid,utility,utility,none,0,0,,potential_verified_cov_coalition_game,6,,6;15,15,,{},"{""15"": 13742}",0,0.0,10,40.0,60.0,5.0,62500,586512,62256,5.0,sgcp-density-cap,1,ns3,899,0.5,10,12,28,,,[],[],,,22,28,
2026_07_29_02_32_08,000138,17,all-cluster-heads,docs\doc_workspace\SGCP\artifacts\early_from_late_checkpoint_20260719\enable_coperception_early_from_attentive.yaml,dynamic_cv,grid,utility,utility,none,0,0,,potential_verified_cov_coalition_game,6,,3;16;17;18,17,,{},"{""17"": 14254}",0,0.0,10,40.0,60.0,5.0,62500,586512,62256,5.0,sgcp-density-cap,1,ns3,899,0.5,10,12,28,,,[],[],,,11,20,
2026_07_29_02_32_08,000138,20,all-cluster-heads,docs\doc_workspace\SGCP\artifacts\early_from_late_checkpoint_20260719\enable_coperception_early_from_attentive.yaml,dynamic_cv,grid,utility,utility,none,0,0,,potential_verified_cov_coalition_game,6,,5;20,20,,{},"{""20"": 13925}",0,0.0,10,40.0,60.0,5.0,62500,586512,62256,5.0,sgcp-density-cap,1,ns3,899,0.5,10,12,28,,,[],[],,,22,31,
2026_07_29_02_32_08,000140,4,all-cluster-heads,docs\doc_workspace\SGCP\artifacts\early_from_late_checkpoint_20260719\enable_coperception_early_from_attentive.yaml,dynamic_cv,grid,utility,utility,none,0,0,,potential_verified_cov_coalition_game,6,,4;7;8;12,4;12,12,"{""12"": 10}","{""4"": 13760, ""12"": 3899}",62384,34.69632925472747,10,40.0,60.0,5.0,62500,586240,62384,5.0,sgcp-density-cap,1,ns3,899,0.5,10,12,28,,,[],[],12>4:0,,17,38,
2026_07_29_02_32_08,000140,11,all-cluster-heads,docs\doc_workspace\SGCP\artifacts\early_from_late_checkpoint_20260719\enable_coperception_early_from_attentive.yaml,dynamic_cv,grid,utility,utility,none,0,0,,potential_verified_cov_coalition_game,6,,1;2;11;19,11,,{},"{""11"": 13871}",0,0.0,10,40.0,60.0,5.0,62500,586240,62384,5.0,sgcp-density-cap,1,ns3,899,0.5,10,12,28,,,[],[],,,19,39,
2026_07_29_02_32_08,000140,13,all-cluster-heads,docs\doc_workspace\SGCP\artifacts\early_from_late_checkpoint_20260719\enable_coperception_early_from_attentive.yaml,dynamic_cv,grid,utility,utility,none,0,0,,potential_verified_cov_coalition_game,6,,9;10;13;14,13,,{},"{""13"": 13344}",0,0.0,10,40.0,60.0,5.0,62500,586240,62384,5.0,sgcp-density-cap,1,ns3,899,0.5,10,12,28,,,[],[],,,0,12,
2026_07_29_02_32_08,000140,15,all-cluster-heads,docs\doc_workspace\SGCP\artifacts\early_from_late_checkpoint_20260719\enable_coperception_early_from_attentive.yaml,dynamic_cv,grid,utility,utility,none,0,0,,potential_verified_cov_coalition_game,6,,6;15,15,,{},"{""15"": 13738}",0,0.0,10,40.0,60.0,5.0,62500,586240,62384,5.0,sgcp-density-cap,1,ns3,899,0.5,10,12,28,,,[],[],,,20,28,
2026_07_29_02_32_08,000140,17,all-cluster-heads,docs\doc_workspace\SGCP\artifacts\early_from_late_checkpoint_20260719\enable_coperception_early_from_attentive.yaml,dynamic_cv,grid,utility,utility,none,0,0,,potential_verified_cov_coalition_game,6,,3;16;17;18,17,,{},"{""17"": 14258}",0,0.0,10,40.0,60.0,5.0,62500,586240,62384,5.0,sgcp-density-cap,1,ns3,899,0.5,10,12,28,,,[],[],,,12,20,
2026_07_29_02_32_08,000140,20,all-cluster-heads,docs\doc_workspace\SGCP\artifacts\early_from_late_checkpoint_20260719\enable_coperception_early_from_attentive.yaml,dynamic_cv,grid,utility,utility,none,0,0,,potential_verified_cov_coalition_game,6,,5;20,20,,{},"{""20"": 13922}",0,0.0,10,40.0,60.0,5.0,62500,586240,62384,5.0,sgcp-density-cap,1,ns3,899,0.5,10,12,28,,,[],[],,,22,31,
