Format = auto
Extension = pcd
Format = auto
Extension = pcd
Format = auto
Extension = pcd
Format = auto
Extension = pcd
Format = auto
Extension = pcd
Format = auto
Extension = pcd
Format = auto
Extension = pcd
Format = auto
Extension = pcd
Format = auto
Extension = pcd
Format = auto
Extension = pcd
Format = auto
Extension = pcd
Format = auto
Extension = pcd
Format = auto
Extension = pcd
Format = auto
Extension = pcd
Format = auto
Extension = pcd
Format = auto
Extension = pcd
Format = auto
Extension = pcd
Format = auto
Extension = pcd
Format = auto
Extension = pcd
Format = auto
Extension = pcd
Format = auto
Extension = pcd
Format = auto
Extension = pcd
Format = auto
Extension = pcd
Format = auto
Extension = pcd
Format = auto
Extension = pcd
Format = auto
Extension = pcd
Format = auto
Extension = pcd
Format = auto
Extension = pcd
Format = auto
Extension = pcd
Format = auto
Extension = pcd
Format = auto
Extension = pcd
Format = auto
Extension = pcd
Format = auto
Extension = pcd
Format = auto
Extension = pcd
Format = auto
Extension = pcd
Format = auto
Extension = pcd
Format = auto
Extension = pcd
Format = auto
Extension = pcd
Format = auto
Extension = pcd
Format = auto
Extension = pcd
resuming by loading epoch 10000
frame=1/41 receiver_sample=1/20 scenario=2026_07_15_01_26_56 timestamp=000060 cavs=[1]
sgcp_constrained receiver=1 policy=all-cavs sources=[1] clusters=20 ra=selective_edgecooper_global comm_bytes=0 selected_grids={}
fusion_method=early pred_boxes=15 gt_boxes=16
pred_scores_shape=(15,)
frame=1/41 receiver_sample=2/20 scenario=2026_07_15_01_26_56 timestamp=000060 cavs=[2, 8]
sgcp_constrained receiver=2 policy=all-cavs sources=[2, 8] clusters=20 ra=selective_edgecooper_global comm_bytes=77008 selected_grids={8: 54}
fusion_method=early pred_boxes=21 gt_boxes=38
pred_scores_shape=(21,)
frame=1/41 receiver_sample=3/20 scenario=2026_07_15_01_26_56 timestamp=000060 cavs=[3]
sgcp_constrained receiver=3 policy=all-cavs sources=[3] clusters=20 ra=selective_edgecooper_global comm_bytes=0 selected_grids={}
fusion_method=early pred_boxes=16 gt_boxes=7
pred_scores_shape=(16,)
frame=1/41 receiver_sample=4/20 scenario=2026_07_15_01_26_56 timestamp=000060 cavs=[4, 1]
sgcp_constrained receiver=4 policy=all-cavs sources=[4, 1] clusters=20 ra=selective_edgecooper_global comm_bytes=78384 selected_grids={1: 45}
fusion_method=early pred_boxes=22 gt_boxes=29
pred_scores_shape=(22,)
frame=1/41 receiver_sample=5/20 scenario=2026_07_15_01_26_56 timestamp=000060 cavs=[5]
sgcp_constrained receiver=5 policy=all-cavs sources=[5] clusters=20 ra=selective_edgecooper_global comm_bytes=0 selected_grids={}
fusion_method=early pred_boxes=12 gt_boxes=15
pred_scores_shape=(12,)
frame=1/41 receiver_sample=6/20 scenario=2026_07_15_01_26_56 timestamp=000060 cavs=[6, 15]
sgcp_constrained receiver=6 policy=all-cavs sources=[6, 15] clusters=20 ra=selective_edgecooper_global comm_bytes=75376 selected_grids={15: 49}
fusion_method=early pred_boxes=13 gt_boxes=17
pred_scores_shape=(13,)
frame=1/41 receiver_sample=7/20 scenario=2026_07_15_01_26_56 timestamp=000060 cavs=[7]
sgcp_constrained receiver=7 policy=all-cavs sources=[7] clusters=20 ra=selective_edgecooper_global comm_bytes=0 selected_grids={}
fusion_method=early pred_boxes=13 gt_boxes=14
pred_scores_shape=(13,)
frame=1/41 receiver_sample=8/20 scenario=2026_07_15_01_26_56 timestamp=000060 cavs=[8]
sgcp_constrained receiver=8 policy=all-cavs sources=[8] clusters=20 ra=selective_edgecooper_global comm_bytes=0 selected_grids={}
fusion_method=early pred_boxes=8 gt_boxes=23
pred_scores_shape=(8,)
frame=1/41 receiver_sample=9/20 scenario=2026_07_15_01_26_56 timestamp=000060 cavs=[9]
sgcp_constrained receiver=9 policy=all-cavs sources=[9] clusters=20 ra=selective_edgecooper_global comm_bytes=0 selected_grids={}
fusion_method=early pred_boxes=16 gt_boxes=19
pred_scores_shape=(16,)
frame=1/41 receiver_sample=10/20 scenario=2026_07_15_01_26_56 timestamp=000060 cavs=[10]
sgcp_constrained receiver=10 policy=all-cavs sources=[10] clusters=20 ra=selective_edgecooper_global comm_bytes=0 selected_grids={}
fusion_method=early pred_boxes=18 gt_boxes=30
pred_scores_shape=(18,)
frame=1/41 receiver_sample=11/20 scenario=2026_07_15_01_26_56 timestamp=000060 cavs=[11, 9]
sgcp_constrained receiver=11 policy=all-cavs sources=[11, 9] clusters=20 ra=selective_edgecooper_global comm_bytes=77552 selected_grids={9: 48}
fusion_method=early pred_boxes=29 gt_boxes=33
pred_scores_shape=(29,)
frame=1/41 receiver_sample=12/20 scenario=2026_07_15_01_26_56 timestamp=000060 cavs=[12, 7]
sgcp_constrained receiver=12 policy=all-cavs sources=[12, 7] clusters=20 ra=selective_edgecooper_global comm_bytes=76880 selected_grids={7: 51}
fusion_method=early pred_boxes=20 gt_boxes=32
pred_scores_shape=(20,)
frame=1/41 receiver_sample=13/20 scenario=2026_07_15_01_26_56 timestamp=000060 cavs=[13, 10]
sgcp_constrained receiver=13 policy=all-cavs sources=[13, 10] clusters=20 ra=selective_edgecooper_global comm_bytes=77408 selected_grids={10: 52}
fusion_method=early pred_boxes=18 gt_boxes=35
pred_scores_shape=(18,)
frame=1/41 receiver_sample=14/20 scenario=2026_07_15_01_26_56 timestamp=000060 cavs=[14]
sgcp_constrained receiver=14 policy=all-cavs sources=[14] clusters=20 ra=selective_edgecooper_global comm_bytes=0 selected_grids={}
fusion_method=early pred_boxes=2 gt_boxes=4
pred_scores_shape=(2,)
frame=1/41 receiver_sample=15/20 scenario=2026_07_15_01_26_56 timestamp=000060 cavs=[15]
sgcp_constrained receiver=15 policy=all-cavs sources=[15] clusters=20 ra=selective_edgecooper_global comm_bytes=0 selected_grids={}
fusion_method=early pred_boxes=15 gt_boxes=9
pred_scores_shape=(15,)
frame=1/41 receiver_sample=16/20 scenario=2026_07_15_01_26_56 timestamp=000060 cavs=[16, 3]
sgcp_constrained receiver=16 policy=all-cavs sources=[16, 3] clusters=20 ra=selective_edgecooper_global comm_bytes=77920 selected_grids={3: 54}
fusion_method=early pred_boxes=24 gt_boxes=28
pred_scores_shape=(24,)
frame=1/41 receiver_sample=17/20 scenario=2026_07_15_01_26_56 timestamp=000060 cavs=[17, 18]
sgcp_constrained receiver=17 policy=all-cavs sources=[17, 18] clusters=20 ra=selective_edgecooper_global comm_bytes=79600 selected_grids={18: 58}
fusion_method=early pred_boxes=18 gt_boxes=18
pred_scores_shape=(18,)
frame=1/41 receiver_sample=18/20 scenario=2026_07_15_01_26_56 timestamp=000060 cavs=[18]
sgcp_constrained receiver=18 policy=all-cavs sources=[18] clusters=20 ra=selective_edgecooper_global comm_bytes=0 selected_grids={}
fusion_method=early pred_boxes=16 gt_boxes=12
pred_scores_shape=(16,)
frame=1/41 receiver_sample=19/20 scenario=2026_07_15_01_26_56 timestamp=000060 cavs=[19, 5]
sgcp_constrained receiver=19 policy=all-cavs sources=[19, 5] clusters=20 ra=selective_edgecooper_global comm_bytes=78096 selected_grids={5: 52}
fusion_method=early pred_boxes=20 gt_boxes=17
pred_scores_shape=(20,)
frame=1/41 receiver_sample=20/20 scenario=2026_07_15_01_26_56 timestamp=000060 cavs=[20]
sgcp_constrained receiver=20 policy=all-cavs sources=[20] clusters=20 ra=selective_edgecooper_global comm_bytes=0 selected_grids={}
fusion_method=early pred_boxes=14 gt_boxes=18
pred_scores_shape=(14,)
frame=2/41 receiver_sample=1/20 scenario=2026_07_15_01_26_56 timestamp=000062 cavs=[1]
sgcp_constrained receiver=1 policy=all-cavs sources=[1] clusters=20 ra=selective_edgecooper_global comm_bytes=0 selected_grids={}
fusion_method=early pred_boxes=14 gt_boxes=16
pred_scores_shape=(14,)
frame=2/41 receiver_sample=2/20 scenario=2026_07_15_01_26_56 timestamp=000062 cavs=[2, 8]
sgcp_constrained receiver=2 policy=all-cavs sources=[2, 8] clusters=20 ra=selective_edgecooper_global comm_bytes=76848 selected_grids={8: 53}
fusion_method=early pred_boxes=24 gt_boxes=40
pred_scores_shape=(24,)
frame=2/41 receiver_sample=3/20 scenario=2026_07_15_01_26_56 timestamp=000062 cavs=[3]
sgcp_constrained receiver=3 policy=all-cavs sources=[3] clusters=20 ra=selective_edgecooper_global comm_bytes=0 selected_grids={}
fusion_method=early pred_boxes=16 gt_boxes=7
pred_scores_shape=(16,)
frame=2/41 receiver_sample=4/20 scenario=2026_07_15_01_26_56 timestamp=000062 cavs=[4, 1]
sgcp_constrained receiver=4 policy=all-cavs sources=[4, 1] clusters=20 ra=selective_edgecooper_global comm_bytes=78432 selected_grids={1: 46}
fusion_method=early pred_boxes=24 gt_boxes=30
pred_scores_shape=(24,)
frame=2/41 receiver_sample=5/20 scenario=2026_07_15_01_26_56 timestamp=000062 cavs=[5]
sgcp_constrained receiver=5 policy=all-cavs sources=[5] clusters=20 ra=selective_edgecooper_global comm_bytes=0 selected_grids={}
fusion_method=early pred_boxes=12 gt_boxes=15
pred_scores_shape=(12,)
frame=2/41 receiver_sample=6/20 scenario=2026_07_15_01_26_56 timestamp=000062 cavs=[6, 15]
sgcp_constrained receiver=6 policy=all-cavs sources=[6, 15] clusters=20 ra=selective_edgecooper_global comm_bytes=75552 selected_grids={15: 49}
fusion_method=early pred_boxes=14 gt_boxes=17
pred_scores_shape=(14,)
frame=2/41 receiver_sample=7/20 scenario=2026_07_15_01_26_56 timestamp=000062 cavs=[7]
sgcp_constrained receiver=7 policy=all-cavs sources=[7] clusters=20 ra=selective_edgecooper_global comm_bytes=0 selected_grids={}
fusion_method=early pred_boxes=12 gt_boxes=14
pred_scores_shape=(12,)
frame=2/41 receiver_sample=8/20 scenario=2026_07_15_01_26_56 timestamp=000062 cavs=[8]Format = auto
Extension = pcd
Format = auto
Extension = pcd
Format = auto
Extension = pcd
Format = auto
Extension = pcd
Format = auto
Extension = pcd
Format = auto
Extension = pcd
Format = auto
Extension = pcd
Format = auto
Extension = pcd
Format = auto
Extension = pcd
Format = auto
Extension = pcd
Format = auto
Extension = pcd
Format = auto
Extension = pcd
Format = auto
Extension = pcd
Format = auto
Extension = pcd
Format = auto
Extension = pcd
Format = auto
Extension = pcd
Format = auto
Extension = pcd
Format = auto
Extension = pcd
Format = auto
Extension = pcd
Format = auto
Extension = pcd

sgcp_constrained receiver=8 policy=all-cavs sources=[8] clusters=20 ra=selective_edgecooper_global comm_bytes=0 selected_grids={}
fusion_method=early pred_boxes=14 gt_boxes=24
pred_scores_shape=(14,)
frame=2/41 receiver_sample=9/20 scenario=2026_07_15_01_26_56 timestamp=000062 cavs=[9]
sgcp_constrained receiver=9 policy=all-cavs sources=[9] clusters=20 ra=selective_edgecooper_global comm_bytes=0 selected_grids={}
fusion_method=early pred_boxes=16 gt_boxes=19
pred_scores_shape=(16,)
frame=2/41 receiver_sample=10/20 scenario=2026_07_15_01_26_56 timestamp=000062 cavs=[10]
sgcp_constrained receiver=10 policy=all-cavs sources=[10] clusters=20 ra=selective_edgecooper_global comm_bytes=0 selected_grids={}
fusion_method=early pred_boxes=14 gt_boxes=29
pred_scores_shape=(14,)
frame=2/41 receiver_sample=11/20 scenario=2026_07_15_01_26_56 timestamp=000062 cavs=[11, 9]
sgcp_constrained receiver=11 policy=all-cavs sources=[11, 9] clusters=20 ra=selective_edgecooper_global comm_bytes=77568 selected_grids={9: 48}
fusion_method=early pred_boxes=29 gt_boxes=33
pred_scores_shape=(29,)
frame=2/41 receiver_sample=12/20 scenario=2026_07_15_01_26_56 timestamp=000062 cavs=[12, 7]
sgcp_constrained receiver=12 policy=all-cavs sources=[12, 7] clusters=20 ra=selective_edgecooper_global comm_bytes=76912 selected_grids={7: 52}
fusion_method=early pred_boxes=21 gt_boxes=30
pred_scores_shape=(21,)
frame=2/41 receiver_sample=13/20 scenario=2026_07_15_01_26_56 timestamp=000062 cavs=[13, 10]
sgcp_constrained receiver=13 policy=all-cavs sources=[13, 10] clusters=20 ra=selective_edgecooper_global comm_bytes=77376 selected_grids={10: 51}
fusion_method=early pred_boxes=19 gt_boxes=35
pred_scores_shape=(19,)
frame=2/41 receiver_sample=14/20 scenario=2026_07_15_01_26_56 timestamp=000062 cavs=[14]
sgcp_constrained receiver=14 policy=all-cavs sources=[14] clusters=20 ra=selective_edgecooper_global comm_bytes=0 selected_grids={}
fusion_method=early pred_boxes=3 gt_boxes=4
pred_scores_shape=(3,)
frame=2/41 receiver_sample=15/20 scenario=2026_07_15_01_26_56 timestamp=000062 cavs=[15]
sgcp_constrained receiver=15 policy=all-cavs sources=[15] clusters=20 ra=selective_edgecooper_global comm_bytes=0 selected_grids={}
fusion_method=early pred_boxes=10 gt_boxes=9
pred_scores_shape=(10,)
frame=2/41 receiver_sample=16/20 scenario=2026_07_15_01_26_56 timestamp=000062 cavs=[16, 3]
sgcp_constrained receiver=16 policy=all-cavs sources=[16, 3] clusters=20 ra=selective_edgecooper_global comm_bytes=78064 selected_grids={3: 55}
fusion_method=early pred_boxes=22 gt_boxes=28
pred_scores_shape=(22,)
frame=2/41 receiver_sample=17/20 scenario=2026_07_15_01_26_56 timestamp=000062 cavs=[17, 18]
sgcp_constrained receiver=17 policy=all-cavs sources=[17, 18] clusters=20 ra=selective_edgecooper_global comm_bytes=79824 selected_grids={18: 54}
fusion_method=early pred_boxes=18 gt_boxes=17
pred_scores_shape=(18,)
frame=2/41 receiver_sample=18/20 scenario=2026_07_15_01_26_56 timestamp=000062 cavs=[18]
sgcp_constrained receiver=18 policy=all-cavs sources=[18] clusters=20 ra=selective_edgecooper_global comm_bytes=0 selected_grids={}
fusion_method=early pred_boxes=16 gt_boxes=12
pred_scores_shape=(16,)
frame=2/41 receiver_sample=19/20 scenario=2026_07_15_01_26_56 timestamp=000062 cavs=[19, 5]
sgcp_constrained receiver=19 policy=all-cavs sources=[19, 5] clusters=20 ra=selective_edgecooper_global comm_bytes=78128 selected_grids={5: 53}
fusion_method=early pred_boxes=15 gt_boxes=16
pred_scores_shape=(15,)
frame=2/41 receiver_sample=20/20 scenario=2026_07_15_01_26_56 timestamp=000062 cavs=[20]
sgcp_constrained receiver=20 policy=all-cavs sources=[20] clusters=20 ra=selective_edgecooper_global comm_bytes=0 selected_grids={}
fusion_method=early pred_boxes=14 gt_boxes=19
pred_scores_shape=(14,)
frame=3/41 receiver_sample=1/20 scenario=2026_07_15_01_26_56 timestamp=000064 cavs=[1]
sgcp_constrained receiver=1 policy=all-cavs sources=[1] clusters=20 ra=selective_edgecooper_global comm_bytes=0 selected_grids={}
fusion_method=early pred_boxes=15 gt_boxes=15
pred_scores_shape=(15,)
frame=3/41 receiver_sample=2/20 scenario=2026_07_15_01_26_56 timestamp=000064 cavs=[2, 8]
sgcp_constrained receiver=2 policy=all-cavs sources=[2, 8] clusters=20 ra=selective_edgecooper_global comm_bytes=76848 selected_grids={8: 54}
fusion_method=early pred_boxes=21 gt_boxes=41
pred_scores_shape=(21,)
frame=3/41 receiver_sample=3/20 scenario=2026_07_15_01_26_56 timestamp=000064 cavs=[3]
sgcp_constrained receiver=3 policy=all-cavs sources=[3] clusters=20 ra=selective_edgecooper_global comm_bytes=0 selected_grids={}
fusion_method=early pred_boxes=16 gt_boxes=7
pred_scores_shape=(16,)
frame=3/41 receiver_sample=4/20 scenario=2026_07_15_01_26_56 timestamp=000064 cavs=[4, 1]
sgcp_constrained receiver=4 policy=all-cavs sources=[4, 1] clusters=20 ra=selective_edgecooper_global comm_bytes=78432 selected_grids={1: 45}
fusion_method=early pred_boxes=26 gt_boxes=30
pred_scores_shape=(26,)
frame=3/41 receiver_sample=5/20 scenario=2026_07_15_01_26_56 timestamp=000064 cavs=[5]
sgcp_constrained receiver=5 policy=all-cavs sources=[5] clusters=20 ra=selective_edgecooper_global comm_bytes=0 selected_grids={}
fusion_method=early pred_boxes=12 gt_boxes=15
pred_scores_shape=(12,)
frame=3/41 receiver_sample=6/20 scenario=2026_07_15_01_26_56 timestamp=000064 cavs=[6, 15]
sgcp_constrained receiver=6 policy=all-cavs sources=[6, 15] clusters=20 ra=selective_edgecooper_global comm_bytes=75504 selected_grids={15: 49}
fusion_method=early pred_boxes=15 gt_boxes=17
pred_scores_shape=(15,)
frame=3/41 receiver_sample=7/20 scenario=2026_07_15_01_26_56 timestamp=000064 cavs=[7]
sgcp_constrained receiver=7 policy=all-cavs sources=[7] clusters=20 ra=selective_edgecooper_global comm_bytes=0 selected_grids={}
fusion_method=early pred_boxes=10 gt_boxes=15
pred_scores_shape=(10,)
frame=3/41 receiver_sample=8/20 scenario=2026_07_15_01_26_56 timestamp=000064 cavs=[8]
sgcp_constrained receiver=8 policy=all-cavs sources=[8] clusters=20 ra=selective_edgecooper_global comm_bytes=0 selected_grids={}
fusion_method=early pred_boxes=11 gt_boxes=24
pred_scores_shape=(11,)
frame=3/41 receiver_sample=9/20 scenario=2026_07_15_01_26_56 timestamp=000064 cavs=[9]
sgcp_constrained receiver=9 policy=all-cavs sources=[9] clusters=20 ra=selective_edgecooper_global comm_bytes=0 selected_grids={}
fusion_method=early pred_boxes=17 gt_boxes=19
pred_scores_shape=(17,)
frame=3/41 receiver_sample=10/20 scenario=2026_07_15_01_26_56 timestamp=000064 cavs=[10]
sgcp_constrained receiver=10 policy=all-cavs sources=[10] clusters=20 ra=selective_edgecooper_global comm_bytes=0 selected_grids={}
fusion_method=early pred_boxes=17 gt_boxes=28
pred_scores_shape=(17,)
frame=3/41 receiver_sample=11/20 scenario=2026_07_15_01_26_56 timestamp=000064 cavs=[11, 9]
sgcp_constrained receiver=11 policy=all-cavs sources=[11, 9] clusters=20 ra=selective_edgecooper_global comm_bytes=77520 selected_grids={9: 49}
fusion_method=early pred_boxes=28 gt_boxes=33
pred_scores_shape=(28,)
frame=3/41 receiver_sample=12/20 scenario=2026_07_15_01_26_56 timestamp=000064 cavs=[12, 7]
sgcp_constrained receiver=12 policy=all-cavs sources=[12, 7] clusters=20 ra=selective_edgecooper_global comm_bytes=77008 selected_grids={7: 53}
fusion_method=early pred_boxes=19 gt_boxes=30
pred_scores_shape=(19,)
frame=3/41 receiver_sample=13/20 scenario=2026_07_15_01_26_56 timestamp=000064 cavs=[13, 10]
sgcp_constrained receiver=13 policy=all-cavs sources=[13, 10] clusters=20 ra=selective_edgecooper_global comm_bytes=77120 selected_grids={10: 52}
fusion_method=early pred_boxes=19 gt_boxes=35
pred_scores_shape=(19,)
frame=3/41 receiver_sample=14/20 scenario=2026_07_15_01_26_56 timestamp=000064 cavs=[14]
sgcp_constrained receiver=14 policy=all-cavs sources=[14] clusters=20 ra=selective_edgecooper_global comm_bytes=0 selected_grids={}
fusion_method=early pred_boxes=3 gt_boxes=4
pred_scores_shape=(3,)
frame=3/41 receiver_sample=15/20 scenario=2026_07_15_01_26_56 timestamp=000064 cavs=[15]
sgcp_constrained receiver=15 policy=all-cavs sources=[15] clusters=20 ra=selective_edgecooper_global comm_bytes=0 selected_grids={}Format = auto
Extension = pcd
Format = auto
Extension = pcd
Format = auto
Extension = pcd
Format = auto
Extension = pcd
Format = auto
Extension = pcd
Format = auto
Extension = pcd
Format = auto
Extension = pcd
Format = auto
Extension = pcd
Format = auto
Extension = pcd
Format = auto
Extension = pcd
Format = auto
Extension = pcd
Format = auto
Extension = pcd
Format = auto
Extension = pcd
Format = auto
Extension = pcd
Format = auto
Extension = pcd
Format = auto
Extension = pcd
Format = auto
Extension = pcd
Format = auto
Extension = pcd
Format = auto
Extension = pcd
Format = auto
Extension = pcd
Format = auto
Extension = pcd
Format = auto
Extension = pcd
Format = auto
Extension = pcd
Format = auto
Extension = pcd
Format = auto
Extension = pcd
Format = auto
Extension = pcd
Format = auto
Extension = pcd
Format = auto
Extension = pcd
Format = auto
Extension = pcd
Format = auto
Extension = pcd
Format = auto
Extension = pcd
Format = auto
Extension = pcd
Format = auto
Extension = pcd
Format = auto
Extension = pcd
Format = auto
Extension = pcd
Format = auto
Extension = pcd
Format = auto
Extension = pcd
Format = auto
Extension = pcd
Format = auto
Extension = pcd
Format = auto
Extension = pcd

fusion_method=early pred_boxes=13 gt_boxes=9
pred_scores_shape=(13,)
frame=3/41 receiver_sample=16/20 scenario=2026_07_15_01_26_56 timestamp=000064 cavs=[16, 3]
sgcp_constrained receiver=16 policy=all-cavs sources=[16, 3] clusters=20 ra=selective_edgecooper_global comm_bytes=78208 selected_grids={3: 55}
fusion_method=early pred_boxes=24 gt_boxes=27
pred_scores_shape=(24,)
frame=3/41 receiver_sample=17/20 scenario=2026_07_15_01_26_56 timestamp=000064 cavs=[17, 18]
sgcp_constrained receiver=17 policy=all-cavs sources=[17, 18] clusters=20 ra=selective_edgecooper_global comm_bytes=79840 selected_grids={18: 56}
fusion_method=early pred_boxes=20 gt_boxes=17
pred_scores_shape=(20,)
frame=3/41 receiver_sample=18/20 scenario=2026_07_15_01_26_56 timestamp=000064 cavs=[18]
sgcp_constrained receiver=18 policy=all-cavs sources=[18] clusters=20 ra=selective_edgecooper_global comm_bytes=0 selected_grids={}
fusion_method=early pred_boxes=16 gt_boxes=12
pred_scores_shape=(16,)
frame=3/41 receiver_sample=19/20 scenario=2026_07_15_01_26_56 timestamp=000064 cavs=[19, 20]
sgcp_constrained receiver=19 policy=all-cavs sources=[19, 20] clusters=20 ra=selective_edgecooper_global comm_bytes=78464 selected_grids={20: 52}
fusion_method=early pred_boxes=19 gt_boxes=26
pred_scores_shape=(19,)
frame=3/41 receiver_sample=20/20 scenario=2026_07_15_01_26_56 timestamp=000064 cavs=[20]
sgcp_constrained receiver=20 policy=all-cavs sources=[20] clusters=20 ra=selective_edgecooper_global comm_bytes=0 selected_grids={}
fusion_method=early pred_boxes=15 gt_boxes=19
pred_scores_shape=(15,)
frame=4/41 receiver_sample=1/20 scenario=2026_07_15_01_26_56 timestamp=000066 cavs=[1]
sgcp_constrained receiver=1 policy=all-cavs sources=[1] clusters=20 ra=selective_edgecooper_global comm_bytes=0 selected_grids={}
fusion_method=early pred_boxes=16 gt_boxes=16
pred_scores_shape=(16,)
frame=4/41 receiver_sample=2/20 scenario=2026_07_15_01_26_56 timestamp=000066 cavs=[2, 8]
sgcp_constrained receiver=2 policy=all-cavs sources=[2, 8] clusters=20 ra=selective_edgecooper_global comm_bytes=76832 selected_grids={8: 53}
fusion_method=early pred_boxes=22 gt_boxes=41
pred_scores_shape=(22,)
frame=4/41 receiver_sample=3/20 scenario=2026_07_15_01_26_56 timestamp=000066 cavs=[3]
sgcp_constrained receiver=3 policy=all-cavs sources=[3] clusters=20 ra=selective_edgecooper_global comm_bytes=0 selected_grids={}
fusion_method=early pred_boxes=16 gt_boxes=7
pred_scores_shape=(16,)
frame=4/41 receiver_sample=4/20 scenario=2026_07_15_01_26_56 timestamp=000066 cavs=[4, 1]
sgcp_constrained receiver=4 policy=all-cavs sources=[4, 1] clusters=20 ra=selective_edgecooper_global comm_bytes=78448 selected_grids={1: 46}
fusion_method=early pred_boxes=22 gt_boxes=31
pred_scores_shape=(22,)
frame=4/41 receiver_sample=5/20 scenario=2026_07_15_01_26_56 timestamp=000066 cavs=[5]
sgcp_constrained receiver=5 policy=all-cavs sources=[5] clusters=20 ra=selective_edgecooper_global comm_bytes=0 selected_grids={}
fusion_method=early pred_boxes=13 gt_boxes=15
pred_scores_shape=(13,)
frame=4/41 receiver_sample=6/20 scenario=2026_07_15_01_26_56 timestamp=000066 cavs=[6, 15]
sgcp_constrained receiver=6 policy=all-cavs sources=[6, 15] clusters=20 ra=selective_edgecooper_global comm_bytes=75344 selected_grids={15: 49}
fusion_method=early pred_boxes=14 gt_boxes=17
pred_scores_shape=(14,)
frame=4/41 receiver_sample=7/20 scenario=2026_07_15_01_26_56 timestamp=000066 cavs=[7]
sgcp_constrained receiver=7 policy=all-cavs sources=[7] clusters=20 ra=selective_edgecooper_global comm_bytes=0 selected_grids={}
fusion_method=early pred_boxes=11 gt_boxes=15
pred_scores_shape=(11,)
frame=4/41 receiver_sample=8/20 scenario=2026_07_15_01_26_56 timestamp=000066 cavs=[8]
sgcp_constrained receiver=8 policy=all-cavs sources=[8] clusters=20 ra=selective_edgecooper_global comm_bytes=0 selected_grids={}
fusion_method=early pred_boxes=11 gt_boxes=24
pred_scores_shape=(11,)
frame=4/41 receiver_sample=9/20 scenario=2026_07_15_01_26_56 timestamp=000066 cavs=[9]
sgcp_constrained receiver=9 policy=all-cavs sources=[9] clusters=20 ra=selective_edgecooper_global comm_bytes=0 selected_grids={}
fusion_method=early pred_boxes=16 gt_boxes=18
pred_scores_shape=(16,)
frame=4/41 receiver_sample=10/20 scenario=2026_07_15_01_26_56 timestamp=000066 cavs=[10]
sgcp_constrained receiver=10 policy=all-cavs sources=[10] clusters=20 ra=selective_edgecooper_global comm_bytes=0 selected_grids={}
fusion_method=early pred_boxes=17 gt_boxes=29
pred_scores_shape=(17,)
frame=4/41 receiver_sample=11/20 scenario=2026_07_15_01_26_56 timestamp=000066 cavs=[11, 9]
sgcp_constrained receiver=11 policy=all-cavs sources=[11, 9] clusters=20 ra=selective_edgecooper_global comm_bytes=77520 selected_grids={9: 50}
fusion_method=early pred_boxes=28 gt_boxes=33
pred_scores_shape=(28,)
frame=4/41 receiver_sample=12/20 scenario=2026_07_15_01_26_56 timestamp=000066 cavs=[12, 7]
sgcp_constrained receiver=12 policy=all-cavs sources=[12, 7] clusters=20 ra=selective_edgecooper_global comm_bytes=76800 selected_grids={7: 54}
fusion_method=early pred_boxes=21 gt_boxes=30
pred_scores_shape=(21,)
frame=4/41 receiver_sample=13/20 scenario=2026_07_15_01_26_56 timestamp=000066 cavs=[13, 10]
sgcp_constrained receiver=13 policy=all-cavs sources=[13, 10] clusters=20 ra=selective_edgecooper_global comm_bytes=76976 selected_grids={10: 51}
fusion_method=early pred_boxes=20 gt_boxes=35
pred_scores_shape=(20,)
frame=4/41 receiver_sample=14/20 scenario=2026_07_15_01_26_56 timestamp=000066 cavs=[14]
sgcp_constrained receiver=14 policy=all-cavs sources=[14] clusters=20 ra=selective_edgecooper_global comm_bytes=0 selected_grids={}
fusion_method=early pred_boxes=4 gt_boxes=4
pred_scores_shape=(4,)
frame=4/41 receiver_sample=15/20 scenario=2026_07_15_01_26_56 timestamp=000066 cavs=[15]
sgcp_constrained receiver=15 policy=all-cavs sources=[15] clusters=20 ra=selective_edgecooper_global comm_bytes=0 selected_grids={}
fusion_method=early pred_boxes=12 gt_boxes=9
pred_scores_shape=(12,)
frame=4/41 receiver_sample=16/20 scenario=2026_07_15_01_26_56 timestamp=000066 cavs=[16, 3]
sgcp_constrained receiver=16 policy=all-cavs sources=[16, 3] clusters=20 ra=selective_edgecooper_global comm_bytes=78144 selected_grids={3: 58}
fusion_method=early pred_boxes=24 gt_boxes=28
pred_scores_shape=(24,)
frame=4/41 receiver_sample=17/20 scenario=2026_07_15_01_26_56 timestamp=000066 cavs=[17, 18]
sgcp_constrained receiver=17 policy=all-cavs sources=[17, 18] clusters=20 ra=selective_edgecooper_global comm_bytes=79632 selected_grids={18: 53}
fusion_method=early pred_boxes=18 gt_boxes=17
pred_scores_shape=(18,)
frame=4/41 receiver_sample=18/20 scenario=2026_07_15_01_26_56 timestamp=000066 cavs=[18]
sgcp_constrained receiver=18 policy=all-cavs sources=[18] clusters=20 ra=selective_edgecooper_global comm_bytes=0 selected_grids={}
fusion_method=early pred_boxes=14 gt_boxes=12
pred_scores_shape=(14,)
frame=4/41 receiver_sample=19/20 scenario=2026_07_15_01_26_56 timestamp=000066 cavs=[19, 20]
sgcp_constrained receiver=19 policy=all-cavs sources=[19, 20] clusters=20 ra=selective_edgecooper_global comm_bytes=78480 selected_grids={20: 52}
fusion_method=early pred_boxes=19 gt_boxes=26
pred_scores_shape=(19,)
frame=4/41 receiver_sample=20/20 scenario=2026_07_15_01_26_56 timestamp=000066 cavs=[20]
sgcp_constrained receiver=20 policy=all-cavs sources=[20] clusters=20 ra=selective_edgecooper_global comm_bytes=0 selected_grids={}
fusion_method=early pred_boxes=17 gt_boxes=19
pred_scores_shape=(17,)
frame=5/41 receiver_sample=1/20 scenario=2026_07_15_01_26_56 timestamp=000068 cavs=[1]
sgcp_constrained receiver=1 policy=all-cavs sources=[1] clusters=20 ra=selective_edgecooper_global comm_bytes=0 selected_grids={}
fusion_method=early pred_boxes=16 gt_boxes=16
pred_scores_shape=(16,)
frame=5/41 receiver_sample=2/20 scenario=2026_07_15_01_26_56 timestamp=000068 cavs=[2, 8]
sgcp_constrained receiver=2 policy=all-cavs sources=[2, 8] clusters=20 ra=selective_edgecooper_global comm_bytes=76832 selected_grids={8: 53}
fusion_method=early pred_boxes=19 gt_boxes=38
pred_scores_shape=(19,)Format = auto
Extension = pcd
Format = auto
Extension = pcd
Format = auto
Extension = pcd
Format = auto
Extension = pcd
Format = auto
Extension = pcd
Format = auto
Extension = pcd
Format = auto
Extension = pcd
Format = auto
Extension = pcd
Format = auto
Extension = pcd
Format = auto
Extension = pcd
Format = auto
Extension = pcd
Format = auto
Extension = pcd
Format = auto
Extension = pcd
Format = auto
Extension = pcd
Format = auto
Extension = pcd
Format = auto
Extension = pcd
Format = auto
Extension = pcd
Format = auto
Extension = pcd
Format = auto
Extension = pcd
Format = auto
Extension = pcd

frame=5/41 receiver_sample=3/20 scenario=2026_07_15_01_26_56 timestamp=000068 cavs=[3]
sgcp_constrained receiver=3 policy=all-cavs sources=[3] clusters=20 ra=selective_edgecooper_global comm_bytes=0 selected_grids={}
fusion_method=early pred_boxes=13 gt_boxes=7
pred_scores_shape=(13,)
frame=5/41 receiver_sample=4/20 scenario=2026_07_15_01_26_56 timestamp=000068 cavs=[4, 1]
sgcp_constrained receiver=4 policy=all-cavs sources=[4, 1] clusters=20 ra=selective_edgecooper_global comm_bytes=78480 selected_grids={1: 46}
fusion_method=early pred_boxes=24 gt_boxes=30
pred_scores_shape=(24,)
frame=5/41 receiver_sample=5/20 scenario=2026_07_15_01_26_56 timestamp=000068 cavs=[5]
sgcp_constrained receiver=5 policy=all-cavs sources=[5] clusters=20 ra=selective_edgecooper_global comm_bytes=0 selected_grids={}
fusion_method=early pred_boxes=12 gt_boxes=16
pred_scores_shape=(12,)
frame=5/41 receiver_sample=6/20 scenario=2026_07_15_01_26_56 timestamp=000068 cavs=[6, 15]
sgcp_constrained receiver=6 policy=all-cavs sources=[6, 15] clusters=20 ra=selective_edgecooper_global comm_bytes=75392 selected_grids={15: 50}
fusion_method=early pred_boxes=13 gt_boxes=16
pred_scores_shape=(13,)
frame=5/41 receiver_sample=7/20 scenario=2026_07_15_01_26_56 timestamp=000068 cavs=[7]
sgcp_constrained receiver=7 policy=all-cavs sources=[7] clusters=20 ra=selective_edgecooper_global comm_bytes=0 selected_grids={}
fusion_method=early pred_boxes=13 gt_boxes=15
pred_scores_shape=(13,)
frame=5/41 receiver_sample=8/20 scenario=2026_07_15_01_26_56 timestamp=000068 cavs=[8]
sgcp_constrained receiver=8 policy=all-cavs sources=[8] clusters=20 ra=selective_edgecooper_global comm_bytes=0 selected_grids={}
fusion_method=early pred_boxes=13 gt_boxes=23
pred_scores_shape=(13,)
frame=5/41 receiver_sample=9/20 scenario=2026_07_15_01_26_56 timestamp=000068 cavs=[9]
sgcp_constrained receiver=9 policy=all-cavs sources=[9] clusters=20 ra=selective_edgecooper_global comm_bytes=0 selected_grids={}
fusion_method=early pred_boxes=16 gt_boxes=19
pred_scores_shape=(16,)
frame=5/41 receiver_sample=10/20 scenario=2026_07_15_01_26_56 timestamp=000068 cavs=[10]
sgcp_constrained receiver=10 policy=all-cavs sources=[10] clusters=20 ra=selective_edgecooper_global comm_bytes=0 selected_grids={}
fusion_method=early pred_boxes=14 gt_boxes=27
pred_scores_shape=(14,)
frame=5/41 receiver_sample=11/20 scenario=2026_07_15_01_26_56 timestamp=000068 cavs=[11, 9]
sgcp_constrained receiver=11 policy=all-cavs sources=[11, 9] clusters=20 ra=selective_edgecooper_global comm_bytes=77552 selected_grids={9: 50}
fusion_method=early pred_boxes=28 gt_boxes=33
pred_scores_shape=(28,)
frame=5/41 receiver_sample=12/20 scenario=2026_07_15_01_26_56 timestamp=000068 cavs=[12, 7]
sgcp_constrained receiver=12 policy=all-cavs sources=[12, 7] clusters=20 ra=selective_edgecooper_global comm_bytes=76720 selected_grids={7: 53}
fusion_method=early pred_boxes=17 gt_boxes=31
pred_scores_shape=(17,)
frame=5/41 receiver_sample=13/20 scenario=2026_07_15_01_26_56 timestamp=000068 cavs=[13, 10]
sgcp_constrained receiver=13 policy=all-cavs sources=[13, 10] clusters=20 ra=selective_edgecooper_global comm_bytes=76928 selected_grids={10: 53}
fusion_method=early pred_boxes=20 gt_boxes=34
pred_scores_shape=(20,)
frame=5/41 receiver_sample=14/20 scenario=2026_07_15_01_26_56 timestamp=000068 cavs=[14]
sgcp_constrained receiver=14 policy=all-cavs sources=[14] clusters=20 ra=selective_edgecooper_global comm_bytes=0 selected_grids={}
fusion_method=early pred_boxes=3 gt_boxes=4
pred_scores_shape=(3,)
frame=5/41 receiver_sample=15/20 scenario=2026_07_15_01_26_56 timestamp=000068 cavs=[15]
sgcp_constrained receiver=15 policy=all-cavs sources=[15] clusters=20 ra=selective_edgecooper_global comm_bytes=0 selected_grids={}
fusion_method=early pred_boxes=15 gt_boxes=8
pred_scores_shape=(15,)
frame=5/41 receiver_sample=16/20 scenario=2026_07_15_01_26_56 timestamp=000068 cavs=[16, 3]
sgcp_constrained receiver=16 policy=all-cavs sources=[16, 3] clusters=20 ra=selective_edgecooper_global comm_bytes=78368 selected_grids={3: 57}
fusion_method=early pred_boxes=22 gt_boxes=27
pred_scores_shape=(22,)
frame=5/41 receiver_sample=17/20 scenario=2026_07_15_01_26_56 timestamp=000068 cavs=[17, 18]
sgcp_constrained receiver=17 policy=all-cavs sources=[17, 18] clusters=20 ra=selective_edgecooper_global comm_bytes=79840 selected_grids={18: 55}
fusion_method=early pred_boxes=17 gt_boxes=17
pred_scores_shape=(17,)
frame=5/41 receiver_sample=18/20 scenario=2026_07_15_01_26_56 timestamp=000068 cavs=[18]
sgcp_constrained receiver=18 policy=all-cavs sources=[18] clusters=20 ra=selective_edgecooper_global comm_bytes=0 selected_grids={}
fusion_method=early pred_boxes=13 gt_boxes=11
pred_scores_shape=(13,)
frame=5/41 receiver_sample=19/20 scenario=2026_07_15_01_26_56 timestamp=000068 cavs=[19, 20]
sgcp_constrained receiver=19 policy=all-cavs sources=[19, 20] clusters=20 ra=selective_edgecooper_global comm_bytes=78480 selected_grids={20: 51}
fusion_method=early pred_boxes=20 gt_boxes=28
pred_scores_shape=(20,)
frame=5/41 receiver_sample=20/20 scenario=2026_07_15_01_26_56 timestamp=000068 cavs=[20]
sgcp_constrained receiver=20 policy=all-cavs sources=[20] clusters=20 ra=selective_edgecooper_global comm_bytes=0 selected_grids={}
fusion_method=early pred_boxes=18 gt_boxes=19
pred_scores_shape=(18,)
frame=6/41 receiver_sample=1/20 scenario=2026_07_15_01_26_56 timestamp=000070 cavs=[1]
sgcp_constrained receiver=1 policy=all-cavs sources=[1] clusters=20 ra=selective_edgecooper_global comm_bytes=0 selected_grids={}
fusion_method=early pred_boxes=14 gt_boxes=16
pred_scores_shape=(14,)
frame=6/41 receiver_sample=2/20 scenario=2026_07_15_01_26_56 timestamp=000070 cavs=[2, 8]
sgcp_constrained receiver=2 policy=all-cavs sources=[2, 8] clusters=20 ra=selective_edgecooper_global comm_bytes=76832 selected_grids={8: 54}
fusion_method=early pred_boxes=20 gt_boxes=40
pred_scores_shape=(20,)
frame=6/41 receiver_sample=3/20 scenario=2026_07_15_01_26_56 timestamp=000070 cavs=[3]
sgcp_constrained receiver=3 policy=all-cavs sources=[3] clusters=20 ra=selective_edgecooper_global comm_bytes=0 selected_grids={}
fusion_method=early pred_boxes=17 gt_boxes=7
pred_scores_shape=(17,)
frame=6/41 receiver_sample=4/20 scenario=2026_07_15_01_26_56 timestamp=000070 cavs=[4, 1]
sgcp_constrained receiver=4 policy=all-cavs sources=[4, 1] clusters=20 ra=selective_edgecooper_global comm_bytes=78496 selected_grids={1: 46}
fusion_method=early pred_boxes=23 gt_boxes=31
pred_scores_shape=(23,)
frame=6/41 receiver_sample=5/20 scenario=2026_07_15_01_26_56 timestamp=000070 cavs=[5]
sgcp_constrained receiver=5 policy=all-cavs sources=[5] clusters=20 ra=selective_edgecooper_global comm_bytes=0 selected_grids={}
fusion_method=early pred_boxes=13 gt_boxes=15
pred_scores_shape=(13,)
frame=6/41 receiver_sample=6/20 scenario=2026_07_15_01_26_56 timestamp=000070 cavs=[6, 15]
sgcp_constrained receiver=6 policy=all-cavs sources=[6, 15] clusters=20 ra=selective_edgecooper_global comm_bytes=75376 selected_grids={15: 48}
fusion_method=early pred_boxes=16 gt_boxes=16
pred_scores_shape=(16,)
frame=6/41 receiver_sample=7/20 scenario=2026_07_15_01_26_56 timestamp=000070 cavs=[7]
sgcp_constrained receiver=7 policy=all-cavs sources=[7] clusters=20 ra=selective_edgecooper_global comm_bytes=0 selected_grids={}
fusion_method=early pred_boxes=10 gt_boxes=15
pred_scores_shape=(10,)
frame=6/41 receiver_sample=8/20 scenario=2026_07_15_01_26_56 timestamp=000070 cavs=[8]
sgcp_constrained receiver=8 policy=all-cavs sources=[8] clusters=20 ra=selective_edgecooper_global comm_bytes=0 selected_grids={}
fusion_method=early pred_boxes=12 gt_boxes=24
pred_scores_shape=(12,)
frame=6/41 receiver_sample=9/20 scenario=2026_07_15_01_26_56 timestamp=000070 cavs=[9]
sgcp_constrained receiver=9 policy=all-cavs sources=[9] clusters=20 ra=selective_edgecooper_global comm_bytes=0 selected_grids={}
fusion_method=early pred_boxes=16 gt_boxes=18
pred_scores_shape=(16,)
frame=6/41 receiver_sample=10/20 scenario=2026_07_15_01_26_56 timestamp=000070 cavs=[10, 5]
sgcp_constrained receiver=10 policy=all-cavs sources=[10, 5] clusters=20 ra=selective_edgecooper_global comm_bytes=76816 selected_grids={5: 47}Format = auto
Extension = pcd
Format = auto
Extension = pcd
Format = auto
Extension = pcd
Format = auto
Extension = pcd
Format = auto
Extension = pcd
Format = auto
Extension = pcd
Format = auto
Extension = pcd
Format = auto
Extension = pcd
Format = auto
Extension = pcd
Format = auto
Extension = pcd
Format = auto
Extension = pcd
Format = auto
Extension = pcd
Format = auto
Extension = pcd
Format = auto
Extension = pcd
Format = auto
Extension = pcd
Format = auto
Extension = pcd
Format = auto
Extension = pcd
Format = auto
Extension = pcd
Format = auto
Extension = pcd
Format = auto
Extension = pcd

fusion_method=early pred_boxes=20 gt_boxes=38
pred_scores_shape=(20,)
frame=6/41 receiver_sample=11/20 scenario=2026_07_15_01_26_56 timestamp=000070 cavs=[11, 9]
sgcp_constrained receiver=11 policy=all-cavs sources=[11, 9] clusters=20 ra=selective_edgecooper_global comm_bytes=77536 selected_grids={9: 50}
fusion_method=early pred_boxes=29 gt_boxes=32
pred_scores_shape=(29,)
frame=6/41 receiver_sample=12/20 scenario=2026_07_15_01_26_56 timestamp=000070 cavs=[12, 7]
sgcp_constrained receiver=12 policy=all-cavs sources=[12, 7] clusters=20 ra=selective_edgecooper_global comm_bytes=76848 selected_grids={7: 54}
fusion_method=early pred_boxes=20 gt_boxes=32
pred_scores_shape=(20,)
frame=6/41 receiver_sample=13/20 scenario=2026_07_15_01_26_56 timestamp=000070 cavs=[13]
sgcp_constrained receiver=13 policy=all-cavs sources=[13] clusters=20 ra=selective_edgecooper_global comm_bytes=0 selected_grids={}
fusion_method=early pred_boxes=11 gt_boxes=15
pred_scores_shape=(11,)
frame=6/41 receiver_sample=14/20 scenario=2026_07_15_01_26_56 timestamp=000070 cavs=[14]
sgcp_constrained receiver=14 policy=all-cavs sources=[14] clusters=20 ra=selective_edgecooper_global comm_bytes=0 selected_grids={}
fusion_method=early pred_boxes=3 gt_boxes=4
pred_scores_shape=(3,)
frame=6/41 receiver_sample=15/20 scenario=2026_07_15_01_26_56 timestamp=000070 cavs=[15]
sgcp_constrained receiver=15 policy=all-cavs sources=[15] clusters=20 ra=selective_edgecooper_global comm_bytes=0 selected_grids={}
fusion_method=early pred_boxes=15 gt_boxes=8
pred_scores_shape=(15,)
frame=6/41 receiver_sample=16/20 scenario=2026_07_15_01_26_56 timestamp=000070 cavs=[16, 3]
sgcp_constrained receiver=16 policy=all-cavs sources=[16, 3] clusters=20 ra=selective_edgecooper_global comm_bytes=78000 selected_grids={3: 56}
fusion_method=early pred_boxes=26 gt_boxes=29
pred_scores_shape=(26,)
frame=6/41 receiver_sample=17/20 scenario=2026_07_15_01_26_56 timestamp=000070 cavs=[17, 18]
sgcp_constrained receiver=17 policy=all-cavs sources=[17, 18] clusters=20 ra=selective_edgecooper_global comm_bytes=80368 selected_grids={18: 53}
fusion_method=early pred_boxes=18 gt_boxes=17
pred_scores_shape=(18,)
frame=6/41 receiver_sample=18/20 scenario=2026_07_15_01_26_56 timestamp=000070 cavs=[18]
sgcp_constrained receiver=18 policy=all-cavs sources=[18] clusters=20 ra=selective_edgecooper_global comm_bytes=0 selected_grids={}
fusion_method=early pred_boxes=14 gt_boxes=11
pred_scores_shape=(14,)
frame=6/41 receiver_sample=19/20 scenario=2026_07_15_01_26_56 timestamp=000070 cavs=[19, 20]
sgcp_constrained receiver=19 policy=all-cavs sources=[19, 20] clusters=20 ra=selective_edgecooper_global comm_bytes=78480 selected_grids={20: 51}
fusion_method=early pred_boxes=20 gt_boxes=28
pred_scores_shape=(20,)
frame=6/41 receiver_sample=20/20 scenario=2026_07_15_01_26_56 timestamp=000070 cavs=[20]
sgcp_constrained receiver=20 policy=all-cavs sources=[20] clusters=20 ra=selective_edgecooper_global comm_bytes=0 selected_grids={}
fusion_method=early pred_boxes=18 gt_boxes=19
pred_scores_shape=(18,)
frame=7/41 receiver_sample=1/20 scenario=2026_07_15_01_26_56 timestamp=000072 cavs=[1]
sgcp_constrained receiver=1 policy=all-cavs sources=[1] clusters=20 ra=selective_edgecooper_global comm_bytes=0 selected_grids={}
fusion_method=early pred_boxes=15 gt_boxes=15
pred_scores_shape=(15,)
frame=7/41 receiver_sample=2/20 scenario=2026_07_15_01_26_56 timestamp=000072 cavs=[2, 8]
sgcp_constrained receiver=2 policy=all-cavs sources=[2, 8] clusters=20 ra=selective_edgecooper_global comm_bytes=76864 selected_grids={8: 54}
fusion_method=early pred_boxes=22 gt_boxes=42
pred_scores_shape=(22,)
frame=7/41 receiver_sample=3/20 scenario=2026_07_15_01_26_56 timestamp=000072 cavs=[3]
sgcp_constrained receiver=3 policy=all-cavs sources=[3] clusters=20 ra=selective_edgecooper_global comm_bytes=0 selected_grids={}
fusion_method=early pred_boxes=16 gt_boxes=7
pred_scores_shape=(16,)
frame=7/41 receiver_sample=4/20 scenario=2026_07_15_01_26_56 timestamp=000072 cavs=[4, 1]
sgcp_constrained receiver=4 policy=all-cavs sources=[4, 1] clusters=20 ra=selective_edgecooper_global comm_bytes=78560 selected_grids={1: 47}
fusion_method=early pred_boxes=20 gt_boxes=29
pred_scores_shape=(20,)
frame=7/41 receiver_sample=5/20 scenario=2026_07_15_01_26_56 timestamp=000072 cavs=[5, 13]
sgcp_constrained receiver=5 policy=all-cavs sources=[5, 13] clusters=20 ra=selective_edgecooper_global comm_bytes=75280 selected_grids={13: 52}
fusion_method=early pred_boxes=11 gt_boxes=23
pred_scores_shape=(11,)
frame=7/41 receiver_sample=6/20 scenario=2026_07_15_01_26_56 timestamp=000072 cavs=[6, 15]
sgcp_constrained receiver=6 policy=all-cavs sources=[6, 15] clusters=20 ra=selective_edgecooper_global comm_bytes=75664 selected_grids={15: 49}
fusion_method=early pred_boxes=15 gt_boxes=18
pred_scores_shape=(15,)
frame=7/41 receiver_sample=7/20 scenario=2026_07_15_01_26_56 timestamp=000072 cavs=[7]
sgcp_constrained receiver=7 policy=all-cavs sources=[7] clusters=20 ra=selective_edgecooper_global comm_bytes=0 selected_grids={}
fusion_method=early pred_boxes=11 gt_boxes=16
pred_scores_shape=(11,)
frame=7/41 receiver_sample=8/20 scenario=2026_07_15_01_26_56 timestamp=000072 cavs=[8]
sgcp_constrained receiver=8 policy=all-cavs sources=[8] clusters=20 ra=selective_edgecooper_global comm_bytes=0 selected_grids={}
fusion_method=early pred_boxes=12 gt_boxes=24
pred_scores_shape=(12,)
frame=7/41 receiver_sample=9/20 scenario=2026_07_15_01_26_56 timestamp=000072 cavs=[9]
sgcp_constrained receiver=9 policy=all-cavs sources=[9] clusters=20 ra=selective_edgecooper_global comm_bytes=0 selected_grids={}
fusion_method=early pred_boxes=16 gt_boxes=18
pred_scores_shape=(16,)
frame=7/41 receiver_sample=10/20 scenario=2026_07_15_01_26_56 timestamp=000072 cavs=[10]
sgcp_constrained receiver=10 policy=all-cavs sources=[10] clusters=20 ra=selective_edgecooper_global comm_bytes=0 selected_grids={}
fusion_method=early pred_boxes=17 gt_boxes=26
pred_scores_shape=(17,)
frame=7/41 receiver_sample=11/20 scenario=2026_07_15_01_26_56 timestamp=000072 cavs=[11, 9]
sgcp_constrained receiver=11 policy=all-cavs sources=[11, 9] clusters=20 ra=selective_edgecooper_global comm_bytes=77552 selected_grids={9: 50}
fusion_method=early pred_boxes=28 gt_boxes=32
pred_scores_shape=(28,)
frame=7/41 receiver_sample=12/20 scenario=2026_07_15_01_26_56 timestamp=000072 cavs=[12, 7]
sgcp_constrained receiver=12 policy=all-cavs sources=[12, 7] clusters=20 ra=selective_edgecooper_global comm_bytes=76720 selected_grids={7: 56}
fusion_method=early pred_boxes=18 gt_boxes=28
pred_scores_shape=(18,)
frame=7/41 receiver_sample=13/20 scenario=2026_07_15_01_26_56 timestamp=000072 cavs=[13]
sgcp_constrained receiver=13 policy=all-cavs sources=[13] clusters=20 ra=selective_edgecooper_global comm_bytes=0 selected_grids={}
fusion_method=early pred_boxes=10 gt_boxes=14
pred_scores_shape=(10,)
frame=7/41 receiver_sample=14/20 scenario=2026_07_15_01_26_56 timestamp=000072 cavs=[14]
sgcp_constrained receiver=14 policy=all-cavs sources=[14] clusters=20 ra=selective_edgecooper_global comm_bytes=0 selected_grids={}
fusion_method=early pred_boxes=3 gt_boxes=4
pred_scores_shape=(3,)
frame=7/41 receiver_sample=15/20 scenario=2026_07_15_01_26_56 timestamp=000072 cavs=[15]
sgcp_constrained receiver=15 policy=all-cavs sources=[15] clusters=20 ra=selective_edgecooper_global comm_bytes=0 selected_grids={}
fusion_method=early pred_boxes=11 gt_boxes=9
pred_scores_shape=(11,)
frame=7/41 receiver_sample=16/20 scenario=2026_07_15_01_26_56 timestamp=000072 cavs=[16, 10]
sgcp_constrained receiver=16 policy=all-cavs sources=[16, 10] clusters=20 ra=selective_edgecooper_global comm_bytes=78720 selected_grids={10: 55}
fusion_method=early pred_boxes=22 gt_boxes=39
pred_scores_shape=(22,)
frame=7/41 receiver_sample=17/20 scenario=2026_07_15_01_26_56 timestamp=000072 cavs=[17, 18]
sgcp_constrained receiver=17 policy=all-cavs sources=[17, 18] clusters=20 ra=selective_edgecooper_global comm_bytes=79712 selected_grids={18: 53}
fusion_method=early pred_boxes=19 gt_boxes=17
pred_scores_shape=(19,)Format = auto
Extension = pcd
Format = auto
Extension = pcd
Format = auto
Extension = pcd
Format = auto
Extension = pcd
Format = auto
Extension = pcd
Format = auto
Extension = pcd
Format = auto
Extension = pcd
Format = auto
Extension = pcd
Format = auto
Extension = pcd
Format = auto
Extension = pcd
Format = auto
Extension = pcd
Format = auto
Extension = pcd
Format = auto
Extension = pcd
Format = auto
Extension = pcd
Format = auto
Extension = pcd
Format = auto
Extension = pcd
Format = auto
Extension = pcd
Format = auto
Extension = pcd
Format = auto
Extension = pcd
Format = auto
Extension = pcd
Format = auto
Extension = pcd
Format = auto
Extension = pcd
Format = auto
Extension = pcd
Format = auto
Extension = pcd
Format = auto
Extension = pcd
Format = auto
Extension = pcd
Format = auto
Extension = pcd
Format = auto
Extension = pcd
Format = auto
Extension = pcd
Format = auto
Extension = pcd
Format = auto
Extension = pcd
Format = auto
Extension = pcd
Format = auto
Extension = pcd
Format = auto
Extension = pcd
Format = auto
Extension = pcd
Format = auto
Extension = pcd
Format = auto
Extension = pcd
Format = auto
Extension = pcd
Format = auto
Extension = pcd
Format = auto
Extension = pcd

frame=7/41 receiver_sample=18/20 scenario=2026_07_15_01_26_56 timestamp=000072 cavs=[18]
sgcp_constrained receiver=18 policy=all-cavs sources=[18] clusters=20 ra=selective_edgecooper_global comm_bytes=0 selected_grids={}
fusion_method=early pred_boxes=13 gt_boxes=11
pred_scores_shape=(13,)
frame=7/41 receiver_sample=19/20 scenario=2026_07_15_01_26_56 timestamp=000072 cavs=[19, 20]
sgcp_constrained receiver=19 policy=all-cavs sources=[19, 20] clusters=20 ra=selective_edgecooper_global comm_bytes=78448 selected_grids={20: 51}
fusion_method=early pred_boxes=20 gt_boxes=28
pred_scores_shape=(20,)
frame=7/41 receiver_sample=20/20 scenario=2026_07_15_01_26_56 timestamp=000072 cavs=[20]
sgcp_constrained receiver=20 policy=all-cavs sources=[20] clusters=20 ra=selective_edgecooper_global comm_bytes=0 selected_grids={}
fusion_method=early pred_boxes=18 gt_boxes=19
pred_scores_shape=(18,)
frame=8/41 receiver_sample=1/20 scenario=2026_07_15_01_26_56 timestamp=000074 cavs=[1]
sgcp_constrained receiver=1 policy=all-cavs sources=[1] clusters=20 ra=selective_edgecooper_global comm_bytes=0 selected_grids={}
fusion_method=early pred_boxes=17 gt_boxes=15
pred_scores_shape=(17,)
frame=8/41 receiver_sample=2/20 scenario=2026_07_15_01_26_56 timestamp=000074 cavs=[2, 8]
sgcp_constrained receiver=2 policy=all-cavs sources=[2, 8] clusters=20 ra=selective_edgecooper_global comm_bytes=76864 selected_grids={8: 53}
fusion_method=early pred_boxes=23 gt_boxes=42
pred_scores_shape=(23,)
frame=8/41 receiver_sample=3/20 scenario=2026_07_15_01_26_56 timestamp=000074 cavs=[3]
sgcp_constrained receiver=3 policy=all-cavs sources=[3] clusters=20 ra=selective_edgecooper_global comm_bytes=0 selected_grids={}
fusion_method=early pred_boxes=14 gt_boxes=7
pred_scores_shape=(14,)
frame=8/41 receiver_sample=4/20 scenario=2026_07_15_01_26_56 timestamp=000074 cavs=[4, 1]
sgcp_constrained receiver=4 policy=all-cavs sources=[4, 1] clusters=20 ra=selective_edgecooper_global comm_bytes=78608 selected_grids={1: 46}
fusion_method=early pred_boxes=24 gt_boxes=29
pred_scores_shape=(24,)
frame=8/41 receiver_sample=5/20 scenario=2026_07_15_01_26_56 timestamp=000074 cavs=[5]
sgcp_constrained receiver=5 policy=all-cavs sources=[5] clusters=20 ra=selective_edgecooper_global comm_bytes=0 selected_grids={}
fusion_method=early pred_boxes=12 gt_boxes=16
pred_scores_shape=(12,)
frame=8/41 receiver_sample=6/20 scenario=2026_07_15_01_26_56 timestamp=000074 cavs=[6, 15]
sgcp_constrained receiver=6 policy=all-cavs sources=[6, 15] clusters=20 ra=selective_edgecooper_global comm_bytes=75568 selected_grids={15: 47}
fusion_method=early pred_boxes=15 gt_boxes=18
pred_scores_shape=(15,)
frame=8/41 receiver_sample=7/20 scenario=2026_07_15_01_26_56 timestamp=000074 cavs=[7]
sgcp_constrained receiver=7 policy=all-cavs sources=[7] clusters=20 ra=selective_edgecooper_global comm_bytes=0 selected_grids={}
fusion_method=early pred_boxes=11 gt_boxes=16
pred_scores_shape=(11,)
frame=8/41 receiver_sample=8/20 scenario=2026_07_15_01_26_56 timestamp=000074 cavs=[8]
sgcp_constrained receiver=8 policy=all-cavs sources=[8] clusters=20 ra=selective_edgecooper_global comm_bytes=0 selected_grids={}
fusion_method=early pred_boxes=14 gt_boxes=24
pred_scores_shape=(14,)
frame=8/41 receiver_sample=9/20 scenario=2026_07_15_01_26_56 timestamp=000074 cavs=[9]
sgcp_constrained receiver=9 policy=all-cavs sources=[9] clusters=20 ra=selective_edgecooper_global comm_bytes=0 selected_grids={}
fusion_method=early pred_boxes=15 gt_boxes=18
pred_scores_shape=(15,)
frame=8/41 receiver_sample=10/20 scenario=2026_07_15_01_26_56 timestamp=000074 cavs=[10]
sgcp_constrained receiver=10 policy=all-cavs sources=[10] clusters=20 ra=selective_edgecooper_global comm_bytes=0 selected_grids={}
fusion_method=early pred_boxes=17 gt_boxes=26
pred_scores_shape=(17,)
frame=8/41 receiver_sample=11/20 scenario=2026_07_15_01_26_56 timestamp=000074 cavs=[11, 9]
sgcp_constrained receiver=11 policy=all-cavs sources=[11, 9] clusters=20 ra=selective_edgecooper_global comm_bytes=77552 selected_grids={9: 50}
fusion_method=early pred_boxes=27 gt_boxes=31
pred_scores_shape=(27,)
frame=8/41 receiver_sample=12/20 scenario=2026_07_15_01_26_56 timestamp=000074 cavs=[12, 7]
sgcp_constrained receiver=12 policy=all-cavs sources=[12, 7] clusters=20 ra=selective_edgecooper_global comm_bytes=78080 selected_grids={7: 59}
fusion_method=early pred_boxes=19 gt_boxes=31
pred_scores_shape=(19,)
frame=8/41 receiver_sample=13/20 scenario=2026_07_15_01_26_56 timestamp=000074 cavs=[13, 10]
sgcp_constrained receiver=13 policy=all-cavs sources=[13, 10] clusters=20 ra=selective_edgecooper_global comm_bytes=76864 selected_grids={10: 53}
fusion_method=early pred_boxes=19 gt_boxes=33
pred_scores_shape=(19,)
frame=8/41 receiver_sample=14/20 scenario=2026_07_15_01_26_56 timestamp=000074 cavs=[14]
sgcp_constrained receiver=14 policy=all-cavs sources=[14] clusters=20 ra=selective_edgecooper_global comm_bytes=0 selected_grids={}
fusion_method=early pred_boxes=3 gt_boxes=4
pred_scores_shape=(3,)
frame=8/41 receiver_sample=15/20 scenario=2026_07_15_01_26_56 timestamp=000074 cavs=[15]
sgcp_constrained receiver=15 policy=all-cavs sources=[15] clusters=20 ra=selective_edgecooper_global comm_bytes=0 selected_grids={}
fusion_method=early pred_boxes=12 gt_boxes=9
pred_scores_shape=(12,)
frame=8/41 receiver_sample=16/20 scenario=2026_07_15_01_26_56 timestamp=000074 cavs=[16, 3]
sgcp_constrained receiver=16 policy=all-cavs sources=[16, 3] clusters=20 ra=selective_edgecooper_global comm_bytes=78288 selected_grids={3: 56}
fusion_method=early pred_boxes=24 gt_boxes=28
pred_scores_shape=(24,)
frame=8/41 receiver_sample=17/20 scenario=2026_07_15_01_26_56 timestamp=000074 cavs=[17, 18]
sgcp_constrained receiver=17 policy=all-cavs sources=[17, 18] clusters=20 ra=selective_edgecooper_global comm_bytes=79344 selected_grids={18: 53}
fusion_method=early pred_boxes=20 gt_boxes=17
pred_scores_shape=(20,)
frame=8/41 receiver_sample=18/20 scenario=2026_07_15_01_26_56 timestamp=000074 cavs=[18]
sgcp_constrained receiver=18 policy=all-cavs sources=[18] clusters=20 ra=selective_edgecooper_global comm_bytes=0 selected_grids={}
fusion_method=early pred_boxes=12 gt_boxes=11
pred_scores_shape=(12,)
frame=8/41 receiver_sample=19/20 scenario=2026_07_15_01_26_56 timestamp=000074 cavs=[19, 20]
sgcp_constrained receiver=19 policy=all-cavs sources=[19, 20] clusters=20 ra=selective_edgecooper_global comm_bytes=78432 selected_grids={20: 51}
fusion_method=early pred_boxes=21 gt_boxes=27
pred_scores_shape=(21,)
frame=8/41 receiver_sample=20/20 scenario=2026_07_15_01_26_56 timestamp=000074 cavs=[20]
sgcp_constrained receiver=20 policy=all-cavs sources=[20] clusters=20 ra=selective_edgecooper_global comm_bytes=0 selected_grids={}
fusion_method=early pred_boxes=17 gt_boxes=18
pred_scores_shape=(17,)
frame=9/41 receiver_sample=1/20 scenario=2026_07_15_01_26_56 timestamp=000076 cavs=[1]
sgcp_constrained receiver=1 policy=all-cavs sources=[1] clusters=20 ra=selective_edgecooper_global comm_bytes=0 selected_grids={}
fusion_method=early pred_boxes=15 gt_boxes=16
pred_scores_shape=(15,)
frame=9/41 receiver_sample=2/20 scenario=2026_07_15_01_26_56 timestamp=000076 cavs=[2, 8]
sgcp_constrained receiver=2 policy=all-cavs sources=[2, 8] clusters=20 ra=selective_edgecooper_global comm_bytes=76848 selected_grids={8: 53}
fusion_method=early pred_boxes=21 gt_boxes=41
pred_scores_shape=(21,)
frame=9/41 receiver_sample=3/20 scenario=2026_07_15_01_26_56 timestamp=000076 cavs=[3, 16]
sgcp_constrained receiver=3 policy=all-cavs sources=[3, 16] clusters=20 ra=selective_edgecooper_global comm_bytes=77136 selected_grids={16: 51}
fusion_method=early pred_boxes=23 gt_boxes=27
pred_scores_shape=(23,)
frame=9/41 receiver_sample=4/20 scenario=2026_07_15_01_26_56 timestamp=000076 cavs=[4, 1]
sgcp_constrained receiver=4 policy=all-cavs sources=[4, 1] clusters=20 ra=selective_edgecooper_global comm_bytes=78656 selected_grids={1: 46}
fusion_method=early pred_boxes=21 gt_boxes=29
pred_scores_shape=(21,)
frame=9/41 receiver_sample=5/20 scenario=2026_07_15_01_26_56 timestamp=000076 cavs=[5]Format = auto
Extension = pcd
Format = auto
Extension = pcd
Format = auto
Extension = pcd
Format = auto
Extension = pcd
Format = auto
Extension = pcd
Format = auto
Extension = pcd
Format = auto
Extension = pcd
Format = auto
Extension = pcd
Format = auto
Extension = pcd
Format = auto
Extension = pcd
Format = auto
Extension = pcd
Format = auto
Extension = pcd
Format = auto
Extension = pcd
Format = auto
Extension = pcd
Format = auto
Extension = pcd
Format = auto
Extension = pcd
Format = auto
Extension = pcd
Format = auto
Extension = pcd
Format = auto
Extension = pcd
Format = auto
Extension = pcd

sgcp_constrained receiver=5 policy=all-cavs sources=[5] clusters=20 ra=selective_edgecooper_global comm_bytes=0 selected_grids={}
fusion_method=early pred_boxes=15 gt_boxes=15
pred_scores_shape=(15,)
frame=9/41 receiver_sample=6/20 scenario=2026_07_15_01_26_56 timestamp=000076 cavs=[6, 15]
sgcp_constrained receiver=6 policy=all-cavs sources=[6, 15] clusters=20 ra=selective_edgecooper_global comm_bytes=75536 selected_grids={15: 45}
fusion_method=early pred_boxes=16 gt_boxes=18
pred_scores_shape=(16,)
frame=9/41 receiver_sample=7/20 scenario=2026_07_15_01_26_56 timestamp=000076 cavs=[7]
sgcp_constrained receiver=7 policy=all-cavs sources=[7] clusters=20 ra=selective_edgecooper_global comm_bytes=0 selected_grids={}
fusion_method=early pred_boxes=14 gt_boxes=17
pred_scores_shape=(14,)
frame=9/41 receiver_sample=8/20 scenario=2026_07_15_01_26_56 timestamp=000076 cavs=[8]
sgcp_constrained receiver=8 policy=all-cavs sources=[8] clusters=20 ra=selective_edgecooper_global comm_bytes=0 selected_grids={}
fusion_method=early pred_boxes=13 gt_boxes=24
pred_scores_shape=(13,)
frame=9/41 receiver_sample=9/20 scenario=2026_07_15_01_26_56 timestamp=000076 cavs=[9]
sgcp_constrained receiver=9 policy=all-cavs sources=[9] clusters=20 ra=selective_edgecooper_global comm_bytes=0 selected_grids={}
fusion_method=early pred_boxes=15 gt_boxes=19
pred_scores_shape=(15,)
frame=9/41 receiver_sample=10/20 scenario=2026_07_15_01_26_56 timestamp=000076 cavs=[10]
sgcp_constrained receiver=10 policy=all-cavs sources=[10] clusters=20 ra=selective_edgecooper_global comm_bytes=0 selected_grids={}
fusion_method=early pred_boxes=20 gt_boxes=25
pred_scores_shape=(20,)
frame=9/41 receiver_sample=11/20 scenario=2026_07_15_01_26_56 timestamp=000076 cavs=[11, 9]
sgcp_constrained receiver=11 policy=all-cavs sources=[11, 9] clusters=20 ra=selective_edgecooper_global comm_bytes=77568 selected_grids={9: 51}
fusion_method=early pred_boxes=28 gt_boxes=32
pred_scores_shape=(28,)
frame=9/41 receiver_sample=12/20 scenario=2026_07_15_01_26_56 timestamp=000076 cavs=[12, 7]
sgcp_constrained receiver=12 policy=all-cavs sources=[12, 7] clusters=20 ra=selective_edgecooper_global comm_bytes=77536 selected_grids={7: 55}
fusion_method=early pred_boxes=19 gt_boxes=30
pred_scores_shape=(19,)
frame=9/41 receiver_sample=13/20 scenario=2026_07_15_01_26_56 timestamp=000076 cavs=[13, 10]
sgcp_constrained receiver=13 policy=all-cavs sources=[13, 10] clusters=20 ra=selective_edgecooper_global comm_bytes=76752 selected_grids={10: 54}
fusion_method=early pred_boxes=19 gt_boxes=32
pred_scores_shape=(19,)
frame=9/41 receiver_sample=14/20 scenario=2026_07_15_01_26_56 timestamp=000076 cavs=[14]
sgcp_constrained receiver=14 policy=all-cavs sources=[14] clusters=20 ra=selective_edgecooper_global comm_bytes=0 selected_grids={}
fusion_method=early pred_boxes=3 gt_boxes=4
pred_scores_shape=(3,)
frame=9/41 receiver_sample=15/20 scenario=2026_07_15_01_26_56 timestamp=000076 cavs=[15]
sgcp_constrained receiver=15 policy=all-cavs sources=[15] clusters=20 ra=selective_edgecooper_global comm_bytes=0 selected_grids={}
fusion_method=early pred_boxes=14 gt_boxes=9
pred_scores_shape=(14,)
frame=9/41 receiver_sample=16/20 scenario=2026_07_15_01_26_56 timestamp=000076 cavs=[16]
sgcp_constrained receiver=16 policy=all-cavs sources=[16] clusters=20 ra=selective_edgecooper_global comm_bytes=0 selected_grids={}
fusion_method=early pred_boxes=18 gt_boxes=22
pred_scores_shape=(18,)
frame=9/41 receiver_sample=17/20 scenario=2026_07_15_01_26_56 timestamp=000076 cavs=[17, 18]
sgcp_constrained receiver=17 policy=all-cavs sources=[17, 18] clusters=20 ra=selective_edgecooper_global comm_bytes=79440 selected_grids={18: 54}
fusion_method=early pred_boxes=20 gt_boxes=18
pred_scores_shape=(20,)
frame=9/41 receiver_sample=18/20 scenario=2026_07_15_01_26_56 timestamp=000076 cavs=[18]
sgcp_constrained receiver=18 policy=all-cavs sources=[18] clusters=20 ra=selective_edgecooper_global comm_bytes=0 selected_grids={}
fusion_method=early pred_boxes=13 gt_boxes=11
pred_scores_shape=(13,)
frame=9/41 receiver_sample=19/20 scenario=2026_07_15_01_26_56 timestamp=000076 cavs=[19, 20]
sgcp_constrained receiver=19 policy=all-cavs sources=[19, 20] clusters=20 ra=selective_edgecooper_global comm_bytes=78400 selected_grids={20: 50}
fusion_method=early pred_boxes=21 gt_boxes=28
pred_scores_shape=(21,)
frame=9/41 receiver_sample=20/20 scenario=2026_07_15_01_26_56 timestamp=000076 cavs=[20]
sgcp_constrained receiver=20 policy=all-cavs sources=[20] clusters=20 ra=selective_edgecooper_global comm_bytes=0 selected_grids={}
fusion_method=early pred_boxes=20 gt_boxes=19
pred_scores_shape=(20,)
frame=10/41 receiver_sample=1/20 scenario=2026_07_15_01_26_56 timestamp=000078 cavs=[1]
sgcp_constrained receiver=1 policy=all-cavs sources=[1] clusters=20 ra=selective_edgecooper_global comm_bytes=0 selected_grids={}
fusion_method=early pred_boxes=17 gt_boxes=16
pred_scores_shape=(17,)
frame=10/41 receiver_sample=2/20 scenario=2026_07_15_01_26_56 timestamp=000078 cavs=[2, 8]
sgcp_constrained receiver=2 policy=all-cavs sources=[2, 8] clusters=20 ra=selective_edgecooper_global comm_bytes=76832 selected_grids={8: 53}
fusion_method=early pred_boxes=19 gt_boxes=40
pred_scores_shape=(19,)
frame=10/41 receiver_sample=3/20 scenario=2026_07_15_01_26_56 timestamp=000078 cavs=[3, 16]
sgcp_constrained receiver=3 policy=all-cavs sources=[3, 16] clusters=20 ra=selective_edgecooper_global comm_bytes=77024 selected_grids={16: 54}
fusion_method=early pred_boxes=26 gt_boxes=28
pred_scores_shape=(26,)
frame=10/41 receiver_sample=4/20 scenario=2026_07_15_01_26_56 timestamp=000078 cavs=[4, 1]
sgcp_constrained receiver=4 policy=all-cavs sources=[4, 1] clusters=20 ra=selective_edgecooper_global comm_bytes=78656 selected_grids={1: 46}
fusion_method=early pred_boxes=26 gt_boxes=31
pred_scores_shape=(26,)
frame=10/41 receiver_sample=5/20 scenario=2026_07_15_01_26_56 timestamp=000078 cavs=[5]
sgcp_constrained receiver=5 policy=all-cavs sources=[5] clusters=20 ra=selective_edgecooper_global comm_bytes=0 selected_grids={}
fusion_method=early pred_boxes=10 gt_boxes=15
pred_scores_shape=(10,)
frame=10/41 receiver_sample=6/20 scenario=2026_07_15_01_26_56 timestamp=000078 cavs=[6, 15]
sgcp_constrained receiver=6 policy=all-cavs sources=[6, 15] clusters=20 ra=selective_edgecooper_global comm_bytes=75168 selected_grids={15: 44}
fusion_method=early pred_boxes=16 gt_boxes=19
pred_scores_shape=(16,)
frame=10/41 receiver_sample=7/20 scenario=2026_07_15_01_26_56 timestamp=000078 cavs=[7]
sgcp_constrained receiver=7 policy=all-cavs sources=[7] clusters=20 ra=selective_edgecooper_global comm_bytes=0 selected_grids={}
fusion_method=early pred_boxes=10 gt_boxes=14
pred_scores_shape=(10,)
frame=10/41 receiver_sample=8/20 scenario=2026_07_15_01_26_56 timestamp=000078 cavs=[8]
sgcp_constrained receiver=8 policy=all-cavs sources=[8] clusters=20 ra=selective_edgecooper_global comm_bytes=0 selected_grids={}
fusion_method=early pred_boxes=12 gt_boxes=24
pred_scores_shape=(12,)
frame=10/41 receiver_sample=9/20 scenario=2026_07_15_01_26_56 timestamp=000078 cavs=[9]
sgcp_constrained receiver=9 policy=all-cavs sources=[9] clusters=20 ra=selective_edgecooper_global comm_bytes=0 selected_grids={}
fusion_method=early pred_boxes=16 gt_boxes=19
pred_scores_shape=(16,)
frame=10/41 receiver_sample=10/20 scenario=2026_07_15_01_26_56 timestamp=000078 cavs=[10, 5]
sgcp_constrained receiver=10 policy=all-cavs sources=[10, 5] clusters=20 ra=selective_edgecooper_global comm_bytes=76768 selected_grids={5: 45}
fusion_method=early pred_boxes=23 gt_boxes=37
pred_scores_shape=(23,)
frame=10/41 receiver_sample=11/20 scenario=2026_07_15_01_26_56 timestamp=000078 cavs=[11, 9]
sgcp_constrained receiver=11 policy=all-cavs sources=[11, 9] clusters=20 ra=selective_edgecooper_global comm_bytes=77520 selected_grids={9: 51}
fusion_method=early pred_boxes=30 gt_boxes=33
pred_scores_shape=(30,)
frame=10/41 receiver_sample=12/20 scenario=2026_07_15_01_26_56 timestamp=000078 cavs=[12, 7]
sgcp_constrained receiver=12 policy=all-cavs sources=[12, 7] clusters=20 ra=selective_edgecooper_global comm_bytes=77664 selected_grids={7: 56}Format = auto
Extension = pcd
Format = auto
Extension = pcd
Format = auto
Extension = pcd
Format = auto
Extension = pcd
Format = auto
Extension = pcd
Format = auto
Extension = pcd
Format = auto
Extension = pcd
Format = auto
Extension = pcd
Format = auto
Extension = pcd
Format = auto
Extension = pcd
Format = auto
Extension = pcd
Format = auto
Extension = pcd
Format = auto
Extension = pcd
Format = auto
Extension = pcd
Format = auto
Extension = pcd
Format = auto
Extension = pcd
Format = auto
Extension = pcd
Format = auto
Extension = pcd
Format = auto
Extension = pcd
Format = auto
Extension = pcd

fusion_method=early pred_boxes=20 gt_boxes=29
pred_scores_shape=(20,)
frame=10/41 receiver_sample=13/20 scenario=2026_07_15_01_26_56 timestamp=000078 cavs=[13]
sgcp_constrained receiver=13 policy=all-cavs sources=[13] clusters=20 ra=selective_edgecooper_global comm_bytes=0 selected_grids={}
fusion_method=early pred_boxes=11 gt_boxes=14
pred_scores_shape=(11,)
frame=10/41 receiver_sample=14/20 scenario=2026_07_15_01_26_56 timestamp=000078 cavs=[14]
sgcp_constrained receiver=14 policy=all-cavs sources=[14] clusters=20 ra=selective_edgecooper_global comm_bytes=0 selected_grids={}
fusion_method=early pred_boxes=4 gt_boxes=3
pred_scores_shape=(4,)
frame=10/41 receiver_sample=15/20 scenario=2026_07_15_01_26_56 timestamp=000078 cavs=[15]
sgcp_constrained receiver=15 policy=all-cavs sources=[15] clusters=20 ra=selective_edgecooper_global comm_bytes=0 selected_grids={}
fusion_method=early pred_boxes=13 gt_boxes=9
pred_scores_shape=(13,)
frame=10/41 receiver_sample=16/20 scenario=2026_07_15_01_26_56 timestamp=000078 cavs=[16]
sgcp_constrained receiver=16 policy=all-cavs sources=[16] clusters=20 ra=selective_edgecooper_global comm_bytes=0 selected_grids={}
fusion_method=early pred_boxes=15 gt_boxes=23
pred_scores_shape=(15,)
frame=10/41 receiver_sample=17/20 scenario=2026_07_15_01_26_56 timestamp=000078 cavs=[17, 18]
sgcp_constrained receiver=17 policy=all-cavs sources=[17, 18] clusters=20 ra=selective_edgecooper_global comm_bytes=79792 selected_grids={18: 54}
fusion_method=early pred_boxes=19 gt_boxes=18
pred_scores_shape=(19,)
frame=10/41 receiver_sample=18/20 scenario=2026_07_15_01_26_56 timestamp=000078 cavs=[18]
sgcp_constrained receiver=18 policy=all-cavs sources=[18] clusters=20 ra=selective_edgecooper_global comm_bytes=0 selected_grids={}
fusion_method=early pred_boxes=13 gt_boxes=10
pred_scores_shape=(13,)
frame=10/41 receiver_sample=19/20 scenario=2026_07_15_01_26_56 timestamp=000078 cavs=[19, 20]
sgcp_constrained receiver=19 policy=all-cavs sources=[19, 20] clusters=20 ra=selective_edgecooper_global comm_bytes=78432 selected_grids={20: 50}
fusion_method=early pred_boxes=21 gt_boxes=28
pred_scores_shape=(21,)
frame=10/41 receiver_sample=20/20 scenario=2026_07_15_01_26_56 timestamp=000078 cavs=[20]
sgcp_constrained receiver=20 policy=all-cavs sources=[20] clusters=20 ra=selective_edgecooper_global comm_bytes=0 selected_grids={}
fusion_method=early pred_boxes=19 gt_boxes=19
pred_scores_shape=(19,)
frame=11/41 receiver_sample=1/20 scenario=2026_07_15_01_26_56 timestamp=000080 cavs=[1]
sgcp_constrained receiver=1 policy=all-cavs sources=[1] clusters=20 ra=selective_edgecooper_global comm_bytes=0 selected_grids={}
fusion_method=early pred_boxes=16 gt_boxes=16
pred_scores_shape=(16,)
frame=11/41 receiver_sample=2/20 scenario=2026_07_15_01_26_56 timestamp=000080 cavs=[2, 8]
sgcp_constrained receiver=2 policy=all-cavs sources=[2, 8] clusters=20 ra=selective_edgecooper_global comm_bytes=76784 selected_grids={8: 52}
fusion_method=early pred_boxes=20 gt_boxes=40
pred_scores_shape=(20,)
frame=11/41 receiver_sample=3/20 scenario=2026_07_15_01_26_56 timestamp=000080 cavs=[3, 18]
sgcp_constrained receiver=3 policy=all-cavs sources=[3, 18] clusters=20 ra=selective_edgecooper_global comm_bytes=78160 selected_grids={18: 54}
fusion_method=early pred_boxes=19 gt_boxes=18
pred_scores_shape=(19,)
frame=11/41 receiver_sample=4/20 scenario=2026_07_15_01_26_56 timestamp=000080 cavs=[4, 1]
sgcp_constrained receiver=4 policy=all-cavs sources=[4, 1] clusters=20 ra=selective_edgecooper_global comm_bytes=78640 selected_grids={1: 46}
fusion_method=early pred_boxes=19 gt_boxes=30
pred_scores_shape=(19,)
frame=11/41 receiver_sample=5/20 scenario=2026_07_15_01_26_56 timestamp=000080 cavs=[5]
sgcp_constrained receiver=5 policy=all-cavs sources=[5] clusters=20 ra=selective_edgecooper_global comm_bytes=0 selected_grids={}
fusion_method=early pred_boxes=13 gt_boxes=14
pred_scores_shape=(13,)
frame=11/41 receiver_sample=6/20 scenario=2026_07_15_01_26_56 timestamp=000080 cavs=[6, 15]
sgcp_constrained receiver=6 policy=all-cavs sources=[6, 15] clusters=20 ra=selective_edgecooper_global comm_bytes=75152 selected_grids={15: 48}
fusion_method=early pred_boxes=15 gt_boxes=18
pred_scores_shape=(15,)
frame=11/41 receiver_sample=7/20 scenario=2026_07_15_01_26_56 timestamp=000080 cavs=[7]
sgcp_constrained receiver=7 policy=all-cavs sources=[7] clusters=20 ra=selective_edgecooper_global comm_bytes=0 selected_grids={}
fusion_method=early pred_boxes=13 gt_boxes=15
pred_scores_shape=(13,)
frame=11/41 receiver_sample=8/20 scenario=2026_07_15_01_26_56 timestamp=000080 cavs=[8]
sgcp_constrained receiver=8 policy=all-cavs sources=[8] clusters=20 ra=selective_edgecooper_global comm_bytes=0 selected_grids={}
fusion_method=early pred_boxes=12 gt_boxes=23
pred_scores_shape=(12,)
frame=11/41 receiver_sample=9/20 scenario=2026_07_15_01_26_56 timestamp=000080 cavs=[9]
sgcp_constrained receiver=9 policy=all-cavs sources=[9] clusters=20 ra=selective_edgecooper_global comm_bytes=0 selected_grids={}
fusion_method=early pred_boxes=15 gt_boxes=19
pred_scores_shape=(15,)
frame=11/41 receiver_sample=10/20 scenario=2026_07_15_01_26_56 timestamp=000080 cavs=[10, 5]
sgcp_constrained receiver=10 policy=all-cavs sources=[10, 5] clusters=20 ra=selective_edgecooper_global comm_bytes=76880 selected_grids={5: 47}
fusion_method=early pred_boxes=22 gt_boxes=37
pred_scores_shape=(22,)
frame=11/41 receiver_sample=11/20 scenario=2026_07_15_01_26_56 timestamp=000080 cavs=[11, 9]
sgcp_constrained receiver=11 policy=all-cavs sources=[11, 9] clusters=20 ra=selective_edgecooper_global comm_bytes=77536 selected_grids={9: 51}
fusion_method=early pred_boxes=29 gt_boxes=35
pred_scores_shape=(29,)
frame=11/41 receiver_sample=12/20 scenario=2026_07_15_01_26_56 timestamp=000080 cavs=[12, 7]
sgcp_constrained receiver=12 policy=all-cavs sources=[12, 7] clusters=20 ra=selective_edgecooper_global comm_bytes=77392 selected_grids={7: 57}
fusion_method=early pred_boxes=19 gt_boxes=29
pred_scores_shape=(19,)
frame=11/41 receiver_sample=13/20 scenario=2026_07_15_01_26_56 timestamp=000080 cavs=[13]
sgcp_constrained receiver=13 policy=all-cavs sources=[13] clusters=20 ra=selective_edgecooper_global comm_bytes=0 selected_grids={}
fusion_method=early pred_boxes=11 gt_boxes=14
pred_scores_shape=(11,)
frame=11/41 receiver_sample=14/20 scenario=2026_07_15_01_26_56 timestamp=000080 cavs=[14]
sgcp_constrained receiver=14 policy=all-cavs sources=[14] clusters=20 ra=selective_edgecooper_global comm_bytes=0 selected_grids={}
fusion_method=early pred_boxes=4 gt_boxes=3
pred_scores_shape=(4,)
frame=11/41 receiver_sample=15/20 scenario=2026_07_15_01_26_56 timestamp=000080 cavs=[15]
sgcp_constrained receiver=15 policy=all-cavs sources=[15] clusters=20 ra=selective_edgecooper_global comm_bytes=0 selected_grids={}
fusion_method=early pred_boxes=12 gt_boxes=8
pred_scores_shape=(12,)
frame=11/41 receiver_sample=16/20 scenario=2026_07_15_01_26_56 timestamp=000080 cavs=[16]
sgcp_constrained receiver=16 policy=all-cavs sources=[16] clusters=20 ra=selective_edgecooper_global comm_bytes=0 selected_grids={}
fusion_method=early pred_boxes=17 gt_boxes=22
pred_scores_shape=(17,)
frame=11/41 receiver_sample=17/20 scenario=2026_07_15_01_26_56 timestamp=000080 cavs=[17, 16]
sgcp_constrained receiver=17 policy=all-cavs sources=[17, 16] clusters=20 ra=selective_edgecooper_global comm_bytes=77888 selected_grids={16: 53}
fusion_method=early pred_boxes=25 gt_boxes=25
pred_scores_shape=(25,)
frame=11/41 receiver_sample=18/20 scenario=2026_07_15_01_26_56 timestamp=000080 cavs=[18]
sgcp_constrained receiver=18 policy=all-cavs sources=[18] clusters=20 ra=selective_edgecooper_global comm_bytes=0 selected_grids={}
fusion_method=early pred_boxes=12 gt_boxes=11
pred_scores_shape=(12,)
frame=11/41 receiver_sample=19/20 scenario=2026_07_15_01_26_56 timestamp=000080 cavs=[19, 20]
sgcp_constrained receiver=19 policy=all-cavs sources=[19, 20] clusters=20 ra=selective_edgecooper_global comm_bytes=78416 selected_grids={20: 50}
fusion_method=early pred_boxes=19 gt_boxes=29
pred_scores_shape=(19,)Format = auto
Extension = pcd
Format = auto
Extension = pcd
Format = auto
Extension = pcd
Format = auto
Extension = pcd
Format = auto
Extension = pcd
Format = auto
Extension = pcd
Format = auto
Extension = pcd
Format = auto
Extension = pcd
Format = auto
Extension = pcd
Format = auto
Extension = pcd
Format = auto
Extension = pcd
Format = auto
Extension = pcd
Format = auto
Extension = pcd
Format = auto
Extension = pcd
Format = auto
Extension = pcd
Format = auto
Extension = pcd
Format = auto
Extension = pcd
Format = auto
Extension = pcd
Format = auto
Extension = pcd
Format = auto
Extension = pcd
Format = auto
Extension = pcd
Format = auto
Extension = pcd
Format = auto
Extension = pcd
Format = auto
Extension = pcd
Format = auto
Extension = pcd
Format = auto
Extension = pcd
Format = auto
Extension = pcd
Format = auto
Extension = pcd
Format = auto
Extension = pcd
Format = auto
Extension = pcd
Format = auto
Extension = pcd
Format = auto
Extension = pcd
Format = auto
Extension = pcd
Format = auto
Extension = pcd
Format = auto
Extension = pcd
Format = auto
Extension = pcd
Format = auto
Extension = pcd
Format = auto
Extension = pcd
Format = auto
Extension = pcd
Format = auto
Extension = pcd

frame=11/41 receiver_sample=20/20 scenario=2026_07_15_01_26_56 timestamp=000080 cavs=[20]
sgcp_constrained receiver=20 policy=all-cavs sources=[20] clusters=20 ra=selective_edgecooper_global comm_bytes=0 selected_grids={}
fusion_method=early pred_boxes=21 gt_boxes=19
pred_scores_shape=(21,)
frame=12/41 receiver_sample=1/20 scenario=2026_07_15_01_26_56 timestamp=000082 cavs=[1]
sgcp_constrained receiver=1 policy=all-cavs sources=[1] clusters=20 ra=selective_edgecooper_global comm_bytes=0 selected_grids={}
fusion_method=early pred_boxes=16 gt_boxes=16
pred_scores_shape=(16,)
frame=12/41 receiver_sample=2/20 scenario=2026_07_15_01_26_56 timestamp=000082 cavs=[2, 8]
sgcp_constrained receiver=2 policy=all-cavs sources=[2, 8] clusters=20 ra=selective_edgecooper_global comm_bytes=76768 selected_grids={8: 51}
fusion_method=early pred_boxes=20 gt_boxes=39
pred_scores_shape=(20,)
frame=12/41 receiver_sample=3/20 scenario=2026_07_15_01_26_56 timestamp=000082 cavs=[3]
sgcp_constrained receiver=3 policy=all-cavs sources=[3] clusters=20 ra=selective_edgecooper_global comm_bytes=0 selected_grids={}
fusion_method=early pred_boxes=15 gt_boxes=7
pred_scores_shape=(15,)
frame=12/41 receiver_sample=4/20 scenario=2026_07_15_01_26_56 timestamp=000082 cavs=[4, 1]
sgcp_constrained receiver=4 policy=all-cavs sources=[4, 1] clusters=20 ra=selective_edgecooper_global comm_bytes=78624 selected_grids={1: 45}
fusion_method=early pred_boxes=22 gt_boxes=30
pred_scores_shape=(22,)
frame=12/41 receiver_sample=5/20 scenario=2026_07_15_01_26_56 timestamp=000082 cavs=[5]
sgcp_constrained receiver=5 policy=all-cavs sources=[5] clusters=20 ra=selective_edgecooper_global comm_bytes=0 selected_grids={}
fusion_method=early pred_boxes=13 gt_boxes=14
pred_scores_shape=(13,)
frame=12/41 receiver_sample=6/20 scenario=2026_07_15_01_26_56 timestamp=000082 cavs=[6, 15]
sgcp_constrained receiver=6 policy=all-cavs sources=[6, 15] clusters=20 ra=selective_edgecooper_global comm_bytes=75264 selected_grids={15: 49}
fusion_method=early pred_boxes=16 gt_boxes=18
pred_scores_shape=(16,)
frame=12/41 receiver_sample=7/20 scenario=2026_07_15_01_26_56 timestamp=000082 cavs=[7]
sgcp_constrained receiver=7 policy=all-cavs sources=[7] clusters=20 ra=selective_edgecooper_global comm_bytes=0 selected_grids={}
fusion_method=early pred_boxes=10 gt_boxes=16
pred_scores_shape=(10,)
frame=12/41 receiver_sample=8/20 scenario=2026_07_15_01_26_56 timestamp=000082 cavs=[8]
sgcp_constrained receiver=8 policy=all-cavs sources=[8] clusters=20 ra=selective_edgecooper_global comm_bytes=0 selected_grids={}
fusion_method=early pred_boxes=13 gt_boxes=23
pred_scores_shape=(13,)
frame=12/41 receiver_sample=9/20 scenario=2026_07_15_01_26_56 timestamp=000082 cavs=[9]
sgcp_constrained receiver=9 policy=all-cavs sources=[9] clusters=20 ra=selective_edgecooper_global comm_bytes=0 selected_grids={}
fusion_method=early pred_boxes=15 gt_boxes=19
pred_scores_shape=(15,)
frame=12/41 receiver_sample=10/20 scenario=2026_07_15_01_26_56 timestamp=000082 cavs=[10, 5]
sgcp_constrained receiver=10 policy=all-cavs sources=[10, 5] clusters=20 ra=selective_edgecooper_global comm_bytes=76896 selected_grids={5: 44}
fusion_method=early pred_boxes=19 gt_boxes=37
pred_scores_shape=(19,)
frame=12/41 receiver_sample=11/20 scenario=2026_07_15_01_26_56 timestamp=000082 cavs=[11, 9]
sgcp_constrained receiver=11 policy=all-cavs sources=[11, 9] clusters=20 ra=selective_edgecooper_global comm_bytes=77552 selected_grids={9: 51}
fusion_method=early pred_boxes=25 gt_boxes=35
pred_scores_shape=(25,)
frame=12/41 receiver_sample=12/20 scenario=2026_07_15_01_26_56 timestamp=000082 cavs=[12, 7]
sgcp_constrained receiver=12 policy=all-cavs sources=[12, 7] clusters=20 ra=selective_edgecooper_global comm_bytes=77408 selected_grids={7: 56}
fusion_method=early pred_boxes=20 gt_boxes=31
pred_scores_shape=(20,)
frame=12/41 receiver_sample=13/20 scenario=2026_07_15_01_26_56 timestamp=000082 cavs=[13]
sgcp_constrained receiver=13 policy=all-cavs sources=[13] clusters=20 ra=selective_edgecooper_global comm_bytes=0 selected_grids={}
fusion_method=early pred_boxes=11 gt_boxes=14
pred_scores_shape=(11,)
frame=12/41 receiver_sample=14/20 scenario=2026_07_15_01_26_56 timestamp=000082 cavs=[14]
sgcp_constrained receiver=14 policy=all-cavs sources=[14] clusters=20 ra=selective_edgecooper_global comm_bytes=0 selected_grids={}
fusion_method=early pred_boxes=4 gt_boxes=3
pred_scores_shape=(4,)
frame=12/41 receiver_sample=15/20 scenario=2026_07_15_01_26_56 timestamp=000082 cavs=[15]
sgcp_constrained receiver=15 policy=all-cavs sources=[15] clusters=20 ra=selective_edgecooper_global comm_bytes=0 selected_grids={}
fusion_method=early pred_boxes=13 gt_boxes=8
pred_scores_shape=(13,)
frame=12/41 receiver_sample=16/20 scenario=2026_07_15_01_26_56 timestamp=000082 cavs=[16]
sgcp_constrained receiver=16 policy=all-cavs sources=[16] clusters=20 ra=selective_edgecooper_global comm_bytes=0 selected_grids={}
fusion_method=early pred_boxes=17 gt_boxes=22
pred_scores_shape=(17,)
frame=12/41 receiver_sample=17/20 scenario=2026_07_15_01_26_56 timestamp=000082 cavs=[17, 16]
sgcp_constrained receiver=17 policy=all-cavs sources=[17, 16] clusters=20 ra=selective_edgecooper_global comm_bytes=77376 selected_grids={16: 55}
fusion_method=early pred_boxes=24 gt_boxes=24
pred_scores_shape=(24,)
frame=12/41 receiver_sample=18/20 scenario=2026_07_15_01_26_56 timestamp=000082 cavs=[18, 3]
sgcp_constrained receiver=18 policy=all-cavs sources=[18, 3] clusters=20 ra=selective_edgecooper_global comm_bytes=78240 selected_grids={3: 59}
fusion_method=early pred_boxes=20 gt_boxes=18
pred_scores_shape=(20,)
frame=12/41 receiver_sample=19/20 scenario=2026_07_15_01_26_56 timestamp=000082 cavs=[19, 20]
sgcp_constrained receiver=19 policy=all-cavs sources=[19, 20] clusters=20 ra=selective_edgecooper_global comm_bytes=78400 selected_grids={20: 50}
fusion_method=early pred_boxes=21 gt_boxes=28
pred_scores_shape=(21,)
frame=12/41 receiver_sample=20/20 scenario=2026_07_15_01_26_56 timestamp=000082 cavs=[20]
sgcp_constrained receiver=20 policy=all-cavs sources=[20] clusters=20 ra=selective_edgecooper_global comm_bytes=0 selected_grids={}
fusion_method=early pred_boxes=21 gt_boxes=18
pred_scores_shape=(21,)
frame=13/41 receiver_sample=1/20 scenario=2026_07_15_01_26_56 timestamp=000084 cavs=[1]
sgcp_constrained receiver=1 policy=all-cavs sources=[1] clusters=20 ra=selective_edgecooper_global comm_bytes=0 selected_grids={}
fusion_method=early pred_boxes=16 gt_boxes=16
pred_scores_shape=(16,)
frame=13/41 receiver_sample=2/20 scenario=2026_07_15_01_26_56 timestamp=000084 cavs=[2]
sgcp_constrained receiver=2 policy=all-cavs sources=[2] clusters=20 ra=selective_edgecooper_global comm_bytes=0 selected_grids={}
fusion_method=early pred_boxes=16 gt_boxes=24
pred_scores_shape=(16,)
frame=13/41 receiver_sample=3/20 scenario=2026_07_15_01_26_56 timestamp=000084 cavs=[3, 18]
sgcp_constrained receiver=3 policy=all-cavs sources=[3, 18] clusters=20 ra=selective_edgecooper_global comm_bytes=78208 selected_grids={18: 56}
fusion_method=early pred_boxes=18 gt_boxes=18
pred_scores_shape=(18,)
frame=13/41 receiver_sample=4/20 scenario=2026_07_15_01_26_56 timestamp=000084 cavs=[4, 1]
sgcp_constrained receiver=4 policy=all-cavs sources=[4, 1] clusters=20 ra=selective_edgecooper_global comm_bytes=78624 selected_grids={1: 46}
fusion_method=early pred_boxes=22 gt_boxes=31
pred_scores_shape=(22,)
frame=13/41 receiver_sample=5/20 scenario=2026_07_15_01_26_56 timestamp=000084 cavs=[5]
sgcp_constrained receiver=5 policy=all-cavs sources=[5] clusters=20 ra=selective_edgecooper_global comm_bytes=0 selected_grids={}
fusion_method=early pred_boxes=8 gt_boxes=15
pred_scores_shape=(8,)
frame=13/41 receiver_sample=6/20 scenario=2026_07_15_01_26_56 timestamp=000084 cavs=[6, 15]
sgcp_constrained receiver=6 policy=all-cavs sources=[6, 15] clusters=20 ra=selective_edgecooper_global comm_bytes=75408 selected_grids={15: 47}
fusion_method=early pred_boxes=16 gt_boxes=18
pred_scores_shape=(16,)
frame=13/41 receiver_sample=7/20 scenario=2026_07_15_01_26_56 timestamp=000084 cavs=[7, 5]Format = auto
Extension = pcd
Format = auto
Extension = pcd
Format = auto
Extension = pcd
Format = auto
Extension = pcd
Format = auto
Extension = pcd
Format = auto
Extension = pcd
Format = auto
Extension = pcd
Format = auto
Extension = pcd
Format = auto
Extension = pcd
Format = auto
Extension = pcd
Format = auto
Extension = pcd
Format = auto
Extension = pcd
Format = auto
Extension = pcd
Format = auto
Extension = pcd
Format = auto
Extension = pcd
Format = auto
Extension = pcd
Format = auto
Extension = pcd
Format = auto
Extension = pcd
Format = auto
Extension = pcd
Format = auto
Extension = pcd

sgcp_constrained receiver=7 policy=all-cavs sources=[7, 5] clusters=20 ra=selective_edgecooper_global comm_bytes=77824 selected_grids={5: 46}
fusion_method=early pred_boxes=16 gt_boxes=20
pred_scores_shape=(16,)
frame=13/41 receiver_sample=8/20 scenario=2026_07_15_01_26_56 timestamp=000084 cavs=[8, 12]
sgcp_constrained receiver=8 policy=all-cavs sources=[8, 12] clusters=20 ra=selective_edgecooper_global comm_bytes=78480 selected_grids={12: 54}
fusion_method=early pred_boxes=15 gt_boxes=29
pred_scores_shape=(15,)
frame=13/41 receiver_sample=9/20 scenario=2026_07_15_01_26_56 timestamp=000084 cavs=[9]
sgcp_constrained receiver=9 policy=all-cavs sources=[9] clusters=20 ra=selective_edgecooper_global comm_bytes=0 selected_grids={}
fusion_method=early pred_boxes=15 gt_boxes=19
pred_scores_shape=(15,)
frame=13/41 receiver_sample=10/20 scenario=2026_07_15_01_26_56 timestamp=000084 cavs=[10, 2]
sgcp_constrained receiver=10 policy=all-cavs sources=[10, 2] clusters=20 ra=selective_edgecooper_global comm_bytes=76640 selected_grids={2: 52}
fusion_method=early pred_boxes=30 gt_boxes=40
pred_scores_shape=(30,)
frame=13/41 receiver_sample=11/20 scenario=2026_07_15_01_26_56 timestamp=000084 cavs=[11, 9]
sgcp_constrained receiver=11 policy=all-cavs sources=[11, 9] clusters=20 ra=selective_edgecooper_global comm_bytes=77536 selected_grids={9: 52}
fusion_method=early pred_boxes=29 gt_boxes=35
pred_scores_shape=(29,)
frame=13/41 receiver_sample=12/20 scenario=2026_07_15_01_26_56 timestamp=000084 cavs=[12]
sgcp_constrained receiver=12 policy=all-cavs sources=[12] clusters=20 ra=selective_edgecooper_global comm_bytes=0 selected_grids={}
fusion_method=early pred_boxes=12 gt_boxes=14
pred_scores_shape=(12,)
frame=13/41 receiver_sample=13/20 scenario=2026_07_15_01_26_56 timestamp=000084 cavs=[13]
sgcp_constrained receiver=13 policy=all-cavs sources=[13] clusters=20 ra=selective_edgecooper_global comm_bytes=0 selected_grids={}
fusion_method=early pred_boxes=11 gt_boxes=14
pred_scores_shape=(11,)
frame=13/41 receiver_sample=14/20 scenario=2026_07_15_01_26_56 timestamp=000084 cavs=[14]
sgcp_constrained receiver=14 policy=all-cavs sources=[14] clusters=20 ra=selective_edgecooper_global comm_bytes=0 selected_grids={}
fusion_method=early pred_boxes=4 gt_boxes=3
pred_scores_shape=(4,)
frame=13/41 receiver_sample=15/20 scenario=2026_07_15_01_26_56 timestamp=000084 cavs=[15]
sgcp_constrained receiver=15 policy=all-cavs sources=[15] clusters=20 ra=selective_edgecooper_global comm_bytes=0 selected_grids={}
fusion_method=early pred_boxes=14 gt_boxes=8
pred_scores_shape=(14,)
frame=13/41 receiver_sample=16/20 scenario=2026_07_15_01_26_56 timestamp=000084 cavs=[16]
sgcp_constrained receiver=16 policy=all-cavs sources=[16] clusters=20 ra=selective_edgecooper_global comm_bytes=0 selected_grids={}
fusion_method=early pred_boxes=16 gt_boxes=21
pred_scores_shape=(16,)
frame=13/41 receiver_sample=17/20 scenario=2026_07_15_01_26_56 timestamp=000084 cavs=[17, 16]
sgcp_constrained receiver=17 policy=all-cavs sources=[17, 16] clusters=20 ra=selective_edgecooper_global comm_bytes=77456 selected_grids={16: 48}
fusion_method=early pred_boxes=26 gt_boxes=24
pred_scores_shape=(26,)
frame=13/41 receiver_sample=18/20 scenario=2026_07_15_01_26_56 timestamp=000084 cavs=[18]
sgcp_constrained receiver=18 policy=all-cavs sources=[18] clusters=20 ra=selective_edgecooper_global comm_bytes=0 selected_grids={}
fusion_method=early pred_boxes=14 gt_boxes=11
pred_scores_shape=(14,)
frame=13/41 receiver_sample=19/20 scenario=2026_07_15_01_26_56 timestamp=000084 cavs=[19, 20]
sgcp_constrained receiver=19 policy=all-cavs sources=[19, 20] clusters=20 ra=selective_edgecooper_global comm_bytes=78368 selected_grids={20: 51}
fusion_method=early pred_boxes=21 gt_boxes=29
pred_scores_shape=(21,)
frame=13/41 receiver_sample=20/20 scenario=2026_07_15_01_26_56 timestamp=000084 cavs=[20]
sgcp_constrained receiver=20 policy=all-cavs sources=[20] clusters=20 ra=selective_edgecooper_global comm_bytes=0 selected_grids={}
fusion_method=early pred_boxes=19 gt_boxes=18
pred_scores_shape=(19,)
frame=14/41 receiver_sample=1/20 scenario=2026_07_15_01_26_56 timestamp=000086 cavs=[1]
sgcp_constrained receiver=1 policy=all-cavs sources=[1] clusters=20 ra=selective_edgecooper_global comm_bytes=0 selected_grids={}
fusion_method=early pred_boxes=17 gt_boxes=16
pred_scores_shape=(17,)
frame=14/41 receiver_sample=2/20 scenario=2026_07_15_01_26_56 timestamp=000086 cavs=[2, 10]
sgcp_constrained receiver=2 policy=all-cavs sources=[2, 10] clusters=20 ra=selective_edgecooper_global comm_bytes=78656 selected_grids={10: 50}
fusion_method=early pred_boxes=32 gt_boxes=42
pred_scores_shape=(32,)
frame=14/41 receiver_sample=3/20 scenario=2026_07_15_01_26_56 timestamp=000086 cavs=[3, 18]
sgcp_constrained receiver=3 policy=all-cavs sources=[3, 18] clusters=20 ra=selective_edgecooper_global comm_bytes=78416 selected_grids={18: 53}
fusion_method=early pred_boxes=19 gt_boxes=17
pred_scores_shape=(19,)
frame=14/41 receiver_sample=4/20 scenario=2026_07_15_01_26_56 timestamp=000086 cavs=[4, 1]
sgcp_constrained receiver=4 policy=all-cavs sources=[4, 1] clusters=20 ra=selective_edgecooper_global comm_bytes=78624 selected_grids={1: 46}
fusion_method=early pred_boxes=20 gt_boxes=30
pred_scores_shape=(20,)
frame=14/41 receiver_sample=5/20 scenario=2026_07_15_01_26_56 timestamp=000086 cavs=[5]
sgcp_constrained receiver=5 policy=all-cavs sources=[5] clusters=20 ra=selective_edgecooper_global comm_bytes=0 selected_grids={}
fusion_method=early pred_boxes=8 gt_boxes=15
pred_scores_shape=(8,)
frame=14/41 receiver_sample=6/20 scenario=2026_07_15_01_26_56 timestamp=000086 cavs=[6, 15]
sgcp_constrained receiver=6 policy=all-cavs sources=[6, 15] clusters=20 ra=selective_edgecooper_global comm_bytes=75328 selected_grids={15: 50}
fusion_method=early pred_boxes=14 gt_boxes=19
pred_scores_shape=(14,)
frame=14/41 receiver_sample=7/20 scenario=2026_07_15_01_26_56 timestamp=000086 cavs=[7, 5]
sgcp_constrained receiver=7 policy=all-cavs sources=[7, 5] clusters=20 ra=selective_edgecooper_global comm_bytes=77344 selected_grids={5: 46}
fusion_method=early pred_boxes=11 gt_boxes=21
pred_scores_shape=(11,)
frame=14/41 receiver_sample=8/20 scenario=2026_07_15_01_26_56 timestamp=000086 cavs=[8]
sgcp_constrained receiver=8 policy=all-cavs sources=[8] clusters=20 ra=selective_edgecooper_global comm_bytes=0 selected_grids={}
fusion_method=early pred_boxes=12 gt_boxes=23
pred_scores_shape=(12,)
frame=14/41 receiver_sample=9/20 scenario=2026_07_15_01_26_56 timestamp=000086 cavs=[9]
sgcp_constrained receiver=9 policy=all-cavs sources=[9] clusters=20 ra=selective_edgecooper_global comm_bytes=0 selected_grids={}
fusion_method=early pred_boxes=16 gt_boxes=19
pred_scores_shape=(16,)
frame=14/41 receiver_sample=10/20 scenario=2026_07_15_01_26_56 timestamp=000086 cavs=[10]
sgcp_constrained receiver=10 policy=all-cavs sources=[10] clusters=20 ra=selective_edgecooper_global comm_bytes=0 selected_grids={}
fusion_method=early pred_boxes=16 gt_boxes=27
pred_scores_shape=(16,)
frame=14/41 receiver_sample=11/20 scenario=2026_07_15_01_26_56 timestamp=000086 cavs=[11, 9]
sgcp_constrained receiver=11 policy=all-cavs sources=[11, 9] clusters=20 ra=selective_edgecooper_global comm_bytes=77536 selected_grids={9: 51}
fusion_method=early pred_boxes=29 gt_boxes=36
pred_scores_shape=(29,)
frame=14/41 receiver_sample=12/20 scenario=2026_07_15_01_26_56 timestamp=000086 cavs=[12, 8]
sgcp_constrained receiver=12 policy=all-cavs sources=[12, 8] clusters=20 ra=selective_edgecooper_global comm_bytes=76608 selected_grids={8: 49}
fusion_method=early pred_boxes=17 gt_boxes=29
pred_scores_shape=(17,)
frame=14/41 receiver_sample=13/20 scenario=2026_07_15_01_26_56 timestamp=000086 cavs=[13]
sgcp_constrained receiver=13 policy=all-cavs sources=[13] clusters=20 ra=selective_edgecooper_global comm_bytes=0 selected_grids={}
fusion_method=early pred_boxes=11 gt_boxes=14
pred_scores_shape=(11,)
frame=14/41 receiver_sample=14/20 scenario=2026_07_15_01_26_56 timestamp=000086 cavs=[14]
sgcp_constrained receiver=14 policy=all-cavs sources=[14] clusters=20 ra=selective_edgecooper_global comm_bytes=0 selected_grids={}Format = auto
Extension = pcd
Format = auto
Extension = pcd
Format = auto
Extension = pcd
Format = auto
Extension = pcd
Format = auto
Extension = pcd
Format = auto
Extension = pcd
Format = auto
Extension = pcd
Format = auto
Extension = pcd
Format = auto
Extension = pcd
Format = auto
Extension = pcd
Format = auto
Extension = pcd
Format = auto
Extension = pcd
Format = auto
Extension = pcd
Format = auto
Extension = pcd
Format = auto
Extension = pcd
Format = auto
Extension = pcd
Format = auto
Extension = pcd
Format = auto
Extension = pcd
Format = auto
Extension = pcd
Format = auto
Extension = pcd
Format = auto
Extension = pcd
Format = auto
Extension = pcd
Format = auto
Extension = pcd
Format = auto
Extension = pcd
Format = auto
Extension = pcd
Format = auto
Extension = pcd
Format = auto
Extension = pcd
Format = auto
Extension = pcd
Format = auto
Extension = pcd
Format = auto
Extension = pcd
Format = auto
Extension = pcd
Format = auto
Extension = pcd
Format = auto
Extension = pcd
Format = auto
Extension = pcd
Format = auto
Extension = pcd
Format = auto
Extension = pcd
Format = auto
Extension = pcd
Format = auto
Extension = pcd
Format = auto
Extension = pcd
Format = auto
Extension = pcd

fusion_method=early pred_boxes=3 gt_boxes=2
pred_scores_shape=(3,)
frame=14/41 receiver_sample=15/20 scenario=2026_07_15_01_26_56 timestamp=000086 cavs=[15]
sgcp_constrained receiver=15 policy=all-cavs sources=[15] clusters=20 ra=selective_edgecooper_global comm_bytes=0 selected_grids={}
fusion_method=early pred_boxes=11 gt_boxes=8
pred_scores_shape=(11,)
frame=14/41 receiver_sample=16/20 scenario=2026_07_15_01_26_56 timestamp=000086 cavs=[16]
sgcp_constrained receiver=16 policy=all-cavs sources=[16] clusters=20 ra=selective_edgecooper_global comm_bytes=0 selected_grids={}
fusion_method=early pred_boxes=18 gt_boxes=22
pred_scores_shape=(18,)
frame=14/41 receiver_sample=17/20 scenario=2026_07_15_01_26_56 timestamp=000086 cavs=[17, 16]
sgcp_constrained receiver=17 policy=all-cavs sources=[17, 16] clusters=20 ra=selective_edgecooper_global comm_bytes=77472 selected_grids={16: 50}
fusion_method=early pred_boxes=25 gt_boxes=23
pred_scores_shape=(25,)
frame=14/41 receiver_sample=18/20 scenario=2026_07_15_01_26_56 timestamp=000086 cavs=[18]
sgcp_constrained receiver=18 policy=all-cavs sources=[18] clusters=20 ra=selective_edgecooper_global comm_bytes=0 selected_grids={}
fusion_method=early pred_boxes=14 gt_boxes=10
pred_scores_shape=(14,)
frame=14/41 receiver_sample=19/20 scenario=2026_07_15_01_26_56 timestamp=000086 cavs=[19, 20]
sgcp_constrained receiver=19 policy=all-cavs sources=[19, 20] clusters=20 ra=selective_edgecooper_global comm_bytes=78384 selected_grids={20: 51}
fusion_method=early pred_boxes=22 gt_boxes=29
pred_scores_shape=(22,)
frame=14/41 receiver_sample=20/20 scenario=2026_07_15_01_26_56 timestamp=000086 cavs=[20]
sgcp_constrained receiver=20 policy=all-cavs sources=[20] clusters=20 ra=selective_edgecooper_global comm_bytes=0 selected_grids={}
fusion_method=early pred_boxes=20 gt_boxes=18
pred_scores_shape=(20,)
frame=15/41 receiver_sample=1/20 scenario=2026_07_15_01_26_56 timestamp=000088 cavs=[1]
sgcp_constrained receiver=1 policy=all-cavs sources=[1] clusters=20 ra=selective_edgecooper_global comm_bytes=0 selected_grids={}
fusion_method=early pred_boxes=16 gt_boxes=16
pred_scores_shape=(16,)
frame=15/41 receiver_sample=2/20 scenario=2026_07_15_01_26_56 timestamp=000088 cavs=[2]
sgcp_constrained receiver=2 policy=all-cavs sources=[2] clusters=20 ra=selective_edgecooper_global comm_bytes=0 selected_grids={}
fusion_method=early pred_boxes=18 gt_boxes=25
pred_scores_shape=(18,)
frame=15/41 receiver_sample=3/20 scenario=2026_07_15_01_26_56 timestamp=000088 cavs=[3, 18]
sgcp_constrained receiver=3 policy=all-cavs sources=[3, 18] clusters=20 ra=selective_edgecooper_global comm_bytes=77968 selected_grids={18: 55}
fusion_method=early pred_boxes=18 gt_boxes=17
pred_scores_shape=(18,)
frame=15/41 receiver_sample=4/20 scenario=2026_07_15_01_26_56 timestamp=000088 cavs=[4, 1]
sgcp_constrained receiver=4 policy=all-cavs sources=[4, 1] clusters=20 ra=selective_edgecooper_global comm_bytes=78592 selected_grids={1: 46}
fusion_method=early pred_boxes=21 gt_boxes=30
pred_scores_shape=(21,)
frame=15/41 receiver_sample=5/20 scenario=2026_07_15_01_26_56 timestamp=000088 cavs=[5]
sgcp_constrained receiver=5 policy=all-cavs sources=[5] clusters=20 ra=selective_edgecooper_global comm_bytes=0 selected_grids={}
fusion_method=early pred_boxes=9 gt_boxes=15
pred_scores_shape=(9,)
frame=15/41 receiver_sample=6/20 scenario=2026_07_15_01_26_56 timestamp=000088 cavs=[6, 15]
sgcp_constrained receiver=6 policy=all-cavs sources=[6, 15] clusters=20 ra=selective_edgecooper_global comm_bytes=75648 selected_grids={15: 50}
fusion_method=early pred_boxes=15 gt_boxes=19
pred_scores_shape=(15,)
frame=15/41 receiver_sample=7/20 scenario=2026_07_15_01_26_56 timestamp=000088 cavs=[7, 5]
sgcp_constrained receiver=7 policy=all-cavs sources=[7, 5] clusters=20 ra=selective_edgecooper_global comm_bytes=77520 selected_grids={5: 48}
fusion_method=early pred_boxes=12 gt_boxes=21
pred_scores_shape=(12,)
frame=15/41 receiver_sample=8/20 scenario=2026_07_15_01_26_56 timestamp=000088 cavs=[8, 12]
sgcp_constrained receiver=8 policy=all-cavs sources=[8, 12] clusters=20 ra=selective_edgecooper_global comm_bytes=78704 selected_grids={12: 56}
fusion_method=early pred_boxes=17 gt_boxes=30
pred_scores_shape=(17,)
frame=15/41 receiver_sample=9/20 scenario=2026_07_15_01_26_56 timestamp=000088 cavs=[9]
sgcp_constrained receiver=9 policy=all-cavs sources=[9] clusters=20 ra=selective_edgecooper_global comm_bytes=0 selected_grids={}
fusion_method=early pred_boxes=15 gt_boxes=19
pred_scores_shape=(15,)
frame=15/41 receiver_sample=10/20 scenario=2026_07_15_01_26_56 timestamp=000088 cavs=[10, 2]
sgcp_constrained receiver=10 policy=all-cavs sources=[10, 2] clusters=20 ra=selective_edgecooper_global comm_bytes=77072 selected_grids={2: 53}
fusion_method=early pred_boxes=29 gt_boxes=40
pred_scores_shape=(29,)
frame=15/41 receiver_sample=11/20 scenario=2026_07_15_01_26_56 timestamp=000088 cavs=[11, 9]
sgcp_constrained receiver=11 policy=all-cavs sources=[11, 9] clusters=20 ra=selective_edgecooper_global comm_bytes=77504 selected_grids={9: 50}
fusion_method=early pred_boxes=29 gt_boxes=36
pred_scores_shape=(29,)
frame=15/41 receiver_sample=12/20 scenario=2026_07_15_01_26_56 timestamp=000088 cavs=[12]
sgcp_constrained receiver=12 policy=all-cavs sources=[12] clusters=20 ra=selective_edgecooper_global comm_bytes=0 selected_grids={}
fusion_method=early pred_boxes=12 gt_boxes=14
pred_scores_shape=(12,)
frame=15/41 receiver_sample=13/20 scenario=2026_07_15_01_26_56 timestamp=000088 cavs=[13]
sgcp_constrained receiver=13 policy=all-cavs sources=[13] clusters=20 ra=selective_edgecooper_global comm_bytes=0 selected_grids={}
fusion_method=early pred_boxes=10 gt_boxes=14
pred_scores_shape=(10,)
frame=15/41 receiver_sample=14/20 scenario=2026_07_15_01_26_56 timestamp=000088 cavs=[14]
sgcp_constrained receiver=14 policy=all-cavs sources=[14] clusters=20 ra=selective_edgecooper_global comm_bytes=0 selected_grids={}
fusion_method=early pred_boxes=2 gt_boxes=2
pred_scores_shape=(2,)
frame=15/41 receiver_sample=15/20 scenario=2026_07_15_01_26_56 timestamp=000088 cavs=[15]
sgcp_constrained receiver=15 policy=all-cavs sources=[15] clusters=20 ra=selective_edgecooper_global comm_bytes=0 selected_grids={}
fusion_method=early pred_boxes=12 gt_boxes=8
pred_scores_shape=(12,)
frame=15/41 receiver_sample=16/20 scenario=2026_07_15_01_26_56 timestamp=000088 cavs=[16]
sgcp_constrained receiver=16 policy=all-cavs sources=[16] clusters=20 ra=selective_edgecooper_global comm_bytes=0 selected_grids={}
fusion_method=early pred_boxes=14 gt_boxes=23
pred_scores_shape=(14,)
frame=15/41 receiver_sample=17/20 scenario=2026_07_15_01_26_56 timestamp=000088 cavs=[17, 16]
sgcp_constrained receiver=17 policy=all-cavs sources=[17, 16] clusters=20 ra=selective_edgecooper_global comm_bytes=77744 selected_grids={16: 53}
fusion_method=early pred_boxes=23 gt_boxes=24
pred_scores_shape=(23,)
frame=15/41 receiver_sample=18/20 scenario=2026_07_15_01_26_56 timestamp=000088 cavs=[18]
sgcp_constrained receiver=18 policy=all-cavs sources=[18] clusters=20 ra=selective_edgecooper_global comm_bytes=0 selected_grids={}
fusion_method=early pred_boxes=14 gt_boxes=10
pred_scores_shape=(14,)
frame=15/41 receiver_sample=19/20 scenario=2026_07_15_01_26_56 timestamp=000088 cavs=[19, 20]
sgcp_constrained receiver=19 policy=all-cavs sources=[19, 20] clusters=20 ra=selective_edgecooper_global comm_bytes=78352 selected_grids={20: 53}
fusion_method=early pred_boxes=22 gt_boxes=30
pred_scores_shape=(22,)
frame=15/41 receiver_sample=20/20 scenario=2026_07_15_01_26_56 timestamp=000088 cavs=[20]
sgcp_constrained receiver=20 policy=all-cavs sources=[20] clusters=20 ra=selective_edgecooper_global comm_bytes=0 selected_grids={}
fusion_method=early pred_boxes=19 gt_boxes=19
pred_scores_shape=(19,)
frame=16/41 receiver_sample=1/20 scenario=2026_07_15_01_26_56 timestamp=000090 cavs=[1]
sgcp_constrained receiver=1 policy=all-cavs sources=[1] clusters=20 ra=selective_edgecooper_global comm_bytes=0 selected_grids={}
fusion_method=early pred_boxes=16 gt_boxes=17
pred_scores_shape=(16,)Format = auto
Extension = pcd
Format = auto
Extension = pcd
Format = auto
Extension = pcd
Format = auto
Extension = pcd
Format = auto
Extension = pcd
Format = auto
Extension = pcd
Format = auto
Extension = pcd
Format = auto
Extension = pcd
Format = auto
Extension = pcd
Format = auto
Extension = pcd
Format = auto
Extension = pcd
Format = auto
Extension = pcd
Format = auto
Extension = pcd
Format = auto
Extension = pcd
Format = auto
Extension = pcd
Format = auto
Extension = pcd
Format = auto
Extension = pcd
Format = auto
Extension = pcd
Format = auto
Extension = pcd
Format = auto
Extension = pcd

frame=16/41 receiver_sample=2/20 scenario=2026_07_15_01_26_56 timestamp=000090 cavs=[2]
sgcp_constrained receiver=2 policy=all-cavs sources=[2] clusters=20 ra=selective_edgecooper_global comm_bytes=0 selected_grids={}
fusion_method=early pred_boxes=16 gt_boxes=24
pred_scores_shape=(16,)
frame=16/41 receiver_sample=3/20 scenario=2026_07_15_01_26_56 timestamp=000090 cavs=[3]
sgcp_constrained receiver=3 policy=all-cavs sources=[3] clusters=20 ra=selective_edgecooper_global comm_bytes=0 selected_grids={}
fusion_method=early pred_boxes=15 gt_boxes=6
pred_scores_shape=(15,)
frame=16/41 receiver_sample=4/20 scenario=2026_07_15_01_26_56 timestamp=000090 cavs=[4, 1]
sgcp_constrained receiver=4 policy=all-cavs sources=[4, 1] clusters=20 ra=selective_edgecooper_global comm_bytes=78576 selected_grids={1: 45}
fusion_method=early pred_boxes=22 gt_boxes=31
pred_scores_shape=(22,)
frame=16/41 receiver_sample=5/20 scenario=2026_07_15_01_26_56 timestamp=000090 cavs=[5]
sgcp_constrained receiver=5 policy=all-cavs sources=[5] clusters=20 ra=selective_edgecooper_global comm_bytes=0 selected_grids={}
fusion_method=early pred_boxes=4 gt_boxes=14
pred_scores_shape=(4,)
frame=16/41 receiver_sample=6/20 scenario=2026_07_15_01_26_56 timestamp=000090 cavs=[6, 15]
sgcp_constrained receiver=6 policy=all-cavs sources=[6, 15] clusters=20 ra=selective_edgecooper_global comm_bytes=75424 selected_grids={15: 48}
fusion_method=early pred_boxes=16 gt_boxes=19
pred_scores_shape=(16,)
frame=16/41 receiver_sample=7/20 scenario=2026_07_15_01_26_56 timestamp=000090 cavs=[7, 5]
sgcp_constrained receiver=7 policy=all-cavs sources=[7, 5] clusters=20 ra=selective_edgecooper_global comm_bytes=77296 selected_grids={5: 47}
fusion_method=early pred_boxes=13 gt_boxes=20
pred_scores_shape=(13,)
frame=16/41 receiver_sample=8/20 scenario=2026_07_15_01_26_56 timestamp=000090 cavs=[8, 12]
sgcp_constrained receiver=8 policy=all-cavs sources=[8, 12] clusters=20 ra=selective_edgecooper_global comm_bytes=79008 selected_grids={12: 61}
fusion_method=early pred_boxes=16 gt_boxes=28
pred_scores_shape=(16,)
frame=16/41 receiver_sample=9/20 scenario=2026_07_15_01_26_56 timestamp=000090 cavs=[9]
sgcp_constrained receiver=9 policy=all-cavs sources=[9] clusters=20 ra=selective_edgecooper_global comm_bytes=0 selected_grids={}
fusion_method=early pred_boxes=15 gt_boxes=19
pred_scores_shape=(15,)
frame=16/41 receiver_sample=10/20 scenario=2026_07_15_01_26_56 timestamp=000090 cavs=[10, 2]
sgcp_constrained receiver=10 policy=all-cavs sources=[10, 2] clusters=20 ra=selective_edgecooper_global comm_bytes=77072 selected_grids={2: 53}
fusion_method=early pred_boxes=31 gt_boxes=39
pred_scores_shape=(31,)
frame=16/41 receiver_sample=11/20 scenario=2026_07_15_01_26_56 timestamp=000090 cavs=[11, 9]
sgcp_constrained receiver=11 policy=all-cavs sources=[11, 9] clusters=20 ra=selective_edgecooper_global comm_bytes=77488 selected_grids={9: 50}
fusion_method=early pred_boxes=32 gt_boxes=36
pred_scores_shape=(32,)
frame=16/41 receiver_sample=12/20 scenario=2026_07_15_01_26_56 timestamp=000090 cavs=[12]
sgcp_constrained receiver=12 policy=all-cavs sources=[12] clusters=20 ra=selective_edgecooper_global comm_bytes=0 selected_grids={}
fusion_method=early pred_boxes=9 gt_boxes=14
pred_scores_shape=(9,)
frame=16/41 receiver_sample=13/20 scenario=2026_07_15_01_26_56 timestamp=000090 cavs=[13]
sgcp_constrained receiver=13 policy=all-cavs sources=[13] clusters=20 ra=selective_edgecooper_global comm_bytes=0 selected_grids={}
fusion_method=early pred_boxes=10 gt_boxes=14
pred_scores_shape=(10,)
frame=16/41 receiver_sample=14/20 scenario=2026_07_15_01_26_56 timestamp=000090 cavs=[14]
sgcp_constrained receiver=14 policy=all-cavs sources=[14] clusters=20 ra=selective_edgecooper_global comm_bytes=0 selected_grids={}
fusion_method=early pred_boxes=3 gt_boxes=2
pred_scores_shape=(3,)
frame=16/41 receiver_sample=15/20 scenario=2026_07_15_01_26_56 timestamp=000090 cavs=[15]
sgcp_constrained receiver=15 policy=all-cavs sources=[15] clusters=20 ra=selective_edgecooper_global comm_bytes=0 selected_grids={}
fusion_method=early pred_boxes=12 gt_boxes=8
pred_scores_shape=(12,)
frame=16/41 receiver_sample=16/20 scenario=2026_07_15_01_26_56 timestamp=000090 cavs=[16]
sgcp_constrained receiver=16 policy=all-cavs sources=[16] clusters=20 ra=selective_edgecooper_global comm_bytes=0 selected_grids={}
fusion_method=early pred_boxes=18 gt_boxes=23
pred_scores_shape=(18,)
frame=16/41 receiver_sample=17/20 scenario=2026_07_15_01_26_56 timestamp=000090 cavs=[17, 16]
sgcp_constrained receiver=17 policy=all-cavs sources=[17, 16] clusters=20 ra=selective_edgecooper_global comm_bytes=77696 selected_grids={16: 55}
fusion_method=early pred_boxes=23 gt_boxes=24
pred_scores_shape=(23,)
frame=16/41 receiver_sample=18/20 scenario=2026_07_15_01_26_56 timestamp=000090 cavs=[18, 3]
sgcp_constrained receiver=18 policy=all-cavs sources=[18, 3] clusters=20 ra=selective_edgecooper_global comm_bytes=79200 selected_grids={3: 65}
fusion_method=early pred_boxes=21 gt_boxes=16
pred_scores_shape=(21,)
frame=16/41 receiver_sample=19/20 scenario=2026_07_15_01_26_56 timestamp=000090 cavs=[19, 20]
sgcp_constrained receiver=19 policy=all-cavs sources=[19, 20] clusters=20 ra=selective_edgecooper_global comm_bytes=78384 selected_grids={20: 53}
fusion_method=early pred_boxes=22 gt_boxes=29
pred_scores_shape=(22,)
frame=16/41 receiver_sample=20/20 scenario=2026_07_15_01_26_56 timestamp=000090 cavs=[20]
sgcp_constrained receiver=20 policy=all-cavs sources=[20] clusters=20 ra=selective_edgecooper_global comm_bytes=0 selected_grids={}
fusion_method=early pred_boxes=20 gt_boxes=19
pred_scores_shape=(20,)
frame=17/41 receiver_sample=1/20 scenario=2026_07_15_01_26_56 timestamp=000092 cavs=[1]
sgcp_constrained receiver=1 policy=all-cavs sources=[1] clusters=20 ra=selective_edgecooper_global comm_bytes=0 selected_grids={}
fusion_method=early pred_boxes=14 gt_boxes=17
pred_scores_shape=(14,)
frame=17/41 receiver_sample=2/20 scenario=2026_07_15_01_26_56 timestamp=000092 cavs=[2]
sgcp_constrained receiver=2 policy=all-cavs sources=[2] clusters=20 ra=selective_edgecooper_global comm_bytes=0 selected_grids={}
fusion_method=early pred_boxes=17 gt_boxes=24
pred_scores_shape=(17,)
frame=17/41 receiver_sample=3/20 scenario=2026_07_15_01_26_56 timestamp=000092 cavs=[3]
sgcp_constrained receiver=3 policy=all-cavs sources=[3] clusters=20 ra=selective_edgecooper_global comm_bytes=0 selected_grids={}
fusion_method=early pred_boxes=15 gt_boxes=6
pred_scores_shape=(15,)
frame=17/41 receiver_sample=4/20 scenario=2026_07_15_01_26_56 timestamp=000092 cavs=[4, 1]
sgcp_constrained receiver=4 policy=all-cavs sources=[4, 1] clusters=20 ra=selective_edgecooper_global comm_bytes=78544 selected_grids={1: 46}
fusion_method=early pred_boxes=20 gt_boxes=31
pred_scores_shape=(20,)
frame=17/41 receiver_sample=5/20 scenario=2026_07_15_01_26_56 timestamp=000092 cavs=[5]
sgcp_constrained receiver=5 policy=all-cavs sources=[5] clusters=20 ra=selective_edgecooper_global comm_bytes=0 selected_grids={}
fusion_method=early pred_boxes=6 gt_boxes=14
pred_scores_shape=(6,)
frame=17/41 receiver_sample=6/20 scenario=2026_07_15_01_26_56 timestamp=000092 cavs=[6, 15]
sgcp_constrained receiver=6 policy=all-cavs sources=[6, 15] clusters=20 ra=selective_edgecooper_global comm_bytes=75296 selected_grids={15: 48}
fusion_method=early pred_boxes=15 gt_boxes=19
pred_scores_shape=(15,)
frame=17/41 receiver_sample=7/20 scenario=2026_07_15_01_26_56 timestamp=000092 cavs=[7, 5]
sgcp_constrained receiver=7 policy=all-cavs sources=[7, 5] clusters=20 ra=selective_edgecooper_global comm_bytes=77568 selected_grids={5: 47}
fusion_method=early pred_boxes=12 gt_boxes=19
pred_scores_shape=(12,)
frame=17/41 receiver_sample=8/20 scenario=2026_07_15_01_26_56 timestamp=000092 cavs=[8, 12]
sgcp_constrained receiver=8 policy=all-cavs sources=[8, 12] clusters=20 ra=selective_edgecooper_global comm_bytes=79344 selected_grids={12: 58}
fusion_method=early pred_boxes=16 gt_boxes=29
pred_scores_shape=(16,)
frame=17/41 receiver_sample=9/20 scenario=2026_07_15_01_26_56 timestamp=000092 cavs=[9]Format = auto
Extension = pcd
Format = auto
Extension = pcd
Format = auto
Extension = pcd
Format = auto
Extension = pcd
Format = auto
Extension = pcd
Format = auto
Extension = pcd
Format = auto
Extension = pcd
Format = auto
Extension = pcd
Format = auto
Extension = pcd
Format = auto
Extension = pcd
Format = auto
Extension = pcd
Format = auto
Extension = pcd
Format = auto
Extension = pcd
Format = auto
Extension = pcd
Format = auto
Extension = pcd
Format = auto
Extension = pcd
Format = auto
Extension = pcd
Format = auto
Extension = pcd
Format = auto
Extension = pcd
Format = auto
Extension = pcd

sgcp_constrained receiver=9 policy=all-cavs sources=[9] clusters=20 ra=selective_edgecooper_global comm_bytes=0 selected_grids={}
fusion_method=early pred_boxes=16 gt_boxes=19
pred_scores_shape=(16,)
frame=17/41 receiver_sample=10/20 scenario=2026_07_15_01_26_56 timestamp=000092 cavs=[10, 2]
sgcp_constrained receiver=10 policy=all-cavs sources=[10, 2] clusters=20 ra=selective_edgecooper_global comm_bytes=77056 selected_grids={2: 54}
fusion_method=early pred_boxes=30 gt_boxes=39
pred_scores_shape=(30,)
frame=17/41 receiver_sample=11/20 scenario=2026_07_15_01_26_56 timestamp=000092 cavs=[11, 9]
sgcp_constrained receiver=11 policy=all-cavs sources=[11, 9] clusters=20 ra=selective_edgecooper_global comm_bytes=77488 selected_grids={9: 50}
fusion_method=early pred_boxes=30 gt_boxes=35
pred_scores_shape=(30,)
frame=17/41 receiver_sample=12/20 scenario=2026_07_15_01_26_56 timestamp=000092 cavs=[12]
sgcp_constrained receiver=12 policy=all-cavs sources=[12] clusters=20 ra=selective_edgecooper_global comm_bytes=0 selected_grids={}
fusion_method=early pred_boxes=8 gt_boxes=12
pred_scores_shape=(8,)
frame=17/41 receiver_sample=13/20 scenario=2026_07_15_01_26_56 timestamp=000092 cavs=[13]
sgcp_constrained receiver=13 policy=all-cavs sources=[13] clusters=20 ra=selective_edgecooper_global comm_bytes=0 selected_grids={}
fusion_method=early pred_boxes=10 gt_boxes=14
pred_scores_shape=(10,)
frame=17/41 receiver_sample=14/20 scenario=2026_07_15_01_26_56 timestamp=000092 cavs=[14]
sgcp_constrained receiver=14 policy=all-cavs sources=[14] clusters=20 ra=selective_edgecooper_global comm_bytes=0 selected_grids={}
fusion_method=early pred_boxes=5 gt_boxes=2
pred_scores_shape=(5,)
frame=17/41 receiver_sample=15/20 scenario=2026_07_15_01_26_56 timestamp=000092 cavs=[15]
sgcp_constrained receiver=15 policy=all-cavs sources=[15] clusters=20 ra=selective_edgecooper_global comm_bytes=0 selected_grids={}
fusion_method=early pred_boxes=14 gt_boxes=8
pred_scores_shape=(14,)
frame=17/41 receiver_sample=16/20 scenario=2026_07_15_01_26_56 timestamp=000092 cavs=[16]
sgcp_constrained receiver=16 policy=all-cavs sources=[16] clusters=20 ra=selective_edgecooper_global comm_bytes=0 selected_grids={}
fusion_method=early pred_boxes=16 gt_boxes=22
pred_scores_shape=(16,)
frame=17/41 receiver_sample=17/20 scenario=2026_07_15_01_26_56 timestamp=000092 cavs=[17, 16]
sgcp_constrained receiver=17 policy=all-cavs sources=[17, 16] clusters=20 ra=selective_edgecooper_global comm_bytes=77680 selected_grids={16: 56}
fusion_method=early pred_boxes=22 gt_boxes=23
pred_scores_shape=(22,)
frame=17/41 receiver_sample=18/20 scenario=2026_07_15_01_26_56 timestamp=000092 cavs=[18, 3]
sgcp_constrained receiver=18 policy=all-cavs sources=[18, 3] clusters=20 ra=selective_edgecooper_global comm_bytes=79280 selected_grids={3: 65}
fusion_method=early pred_boxes=16 gt_boxes=16
pred_scores_shape=(16,)
frame=17/41 receiver_sample=19/20 scenario=2026_07_15_01_26_56 timestamp=000092 cavs=[19, 20]
sgcp_constrained receiver=19 policy=all-cavs sources=[19, 20] clusters=20 ra=selective_edgecooper_global comm_bytes=78384 selected_grids={20: 53}
fusion_method=early pred_boxes=22 gt_boxes=29
pred_scores_shape=(22,)
frame=17/41 receiver_sample=20/20 scenario=2026_07_15_01_26_56 timestamp=000092 cavs=[20]
sgcp_constrained receiver=20 policy=all-cavs sources=[20] clusters=20 ra=selective_edgecooper_global comm_bytes=0 selected_grids={}
fusion_method=early pred_boxes=20 gt_boxes=19
pred_scores_shape=(20,)
frame=18/41 receiver_sample=1/20 scenario=2026_07_15_01_26_56 timestamp=000094 cavs=[1]
sgcp_constrained receiver=1 policy=all-cavs sources=[1] clusters=20 ra=selective_edgecooper_global comm_bytes=0 selected_grids={}
fusion_method=early pred_boxes=17 gt_boxes=17
pred_scores_shape=(17,)
frame=18/41 receiver_sample=2/20 scenario=2026_07_15_01_26_56 timestamp=000094 cavs=[2]
sgcp_constrained receiver=2 policy=all-cavs sources=[2] clusters=20 ra=selective_edgecooper_global comm_bytes=0 selected_grids={}
fusion_method=early pred_boxes=17 gt_boxes=23
pred_scores_shape=(17,)
frame=18/41 receiver_sample=3/20 scenario=2026_07_15_01_26_56 timestamp=000094 cavs=[3]
sgcp_constrained receiver=3 policy=all-cavs sources=[3] clusters=20 ra=selective_edgecooper_global comm_bytes=0 selected_grids={}
fusion_method=early pred_boxes=14 gt_boxes=7
pred_scores_shape=(14,)
frame=18/41 receiver_sample=4/20 scenario=2026_07_15_01_26_56 timestamp=000094 cavs=[4, 1]
sgcp_constrained receiver=4 policy=all-cavs sources=[4, 1] clusters=20 ra=selective_edgecooper_global comm_bytes=78560 selected_grids={1: 47}
fusion_method=early pred_boxes=22 gt_boxes=31
pred_scores_shape=(22,)
frame=18/41 receiver_sample=5/20 scenario=2026_07_15_01_26_56 timestamp=000094 cavs=[5]
sgcp_constrained receiver=5 policy=all-cavs sources=[5] clusters=20 ra=selective_edgecooper_global comm_bytes=0 selected_grids={}
fusion_method=early pred_boxes=3 gt_boxes=14
pred_scores_shape=(3,)
frame=18/41 receiver_sample=6/20 scenario=2026_07_15_01_26_56 timestamp=000094 cavs=[6, 15]
sgcp_constrained receiver=6 policy=all-cavs sources=[6, 15] clusters=20 ra=selective_edgecooper_global comm_bytes=75360 selected_grids={15: 47}
fusion_method=early pred_boxes=16 gt_boxes=20
pred_scores_shape=(16,)
frame=18/41 receiver_sample=7/20 scenario=2026_07_15_01_26_56 timestamp=000094 cavs=[7, 5]
sgcp_constrained receiver=7 policy=all-cavs sources=[7, 5] clusters=20 ra=selective_edgecooper_global comm_bytes=77664 selected_grids={5: 48}
fusion_method=early pred_boxes=15 gt_boxes=19
pred_scores_shape=(15,)
frame=18/41 receiver_sample=8/20 scenario=2026_07_15_01_26_56 timestamp=000094 cavs=[8, 12]
sgcp_constrained receiver=8 policy=all-cavs sources=[8, 12] clusters=20 ra=selective_edgecooper_global comm_bytes=79520 selected_grids={12: 60}
fusion_method=early pred_boxes=16 gt_boxes=29
pred_scores_shape=(16,)
frame=18/41 receiver_sample=9/20 scenario=2026_07_15_01_26_56 timestamp=000094 cavs=[9]
sgcp_constrained receiver=9 policy=all-cavs sources=[9] clusters=20 ra=selective_edgecooper_global comm_bytes=0 selected_grids={}
fusion_method=early pred_boxes=15 gt_boxes=19
pred_scores_shape=(15,)
frame=18/41 receiver_sample=10/20 scenario=2026_07_15_01_26_56 timestamp=000094 cavs=[10, 2]
sgcp_constrained receiver=10 policy=all-cavs sources=[10, 2] clusters=20 ra=selective_edgecooper_global comm_bytes=77104 selected_grids={2: 53}
fusion_method=early pred_boxes=30 gt_boxes=39
pred_scores_shape=(30,)
frame=18/41 receiver_sample=11/20 scenario=2026_07_15_01_26_56 timestamp=000094 cavs=[11, 9]
sgcp_constrained receiver=11 policy=all-cavs sources=[11, 9] clusters=20 ra=selective_edgecooper_global comm_bytes=77472 selected_grids={9: 50}
fusion_method=early pred_boxes=28 gt_boxes=34
pred_scores_shape=(28,)
frame=18/41 receiver_sample=12/20 scenario=2026_07_15_01_26_56 timestamp=000094 cavs=[12]
sgcp_constrained receiver=12 policy=all-cavs sources=[12] clusters=20 ra=selective_edgecooper_global comm_bytes=0 selected_grids={}
fusion_method=early pred_boxes=10 gt_boxes=15
pred_scores_shape=(10,)
frame=18/41 receiver_sample=13/20 scenario=2026_07_15_01_26_56 timestamp=000094 cavs=[13]
sgcp_constrained receiver=13 policy=all-cavs sources=[13] clusters=20 ra=selective_edgecooper_global comm_bytes=0 selected_grids={}
fusion_method=early pred_boxes=10 gt_boxes=14
pred_scores_shape=(10,)
frame=18/41 receiver_sample=14/20 scenario=2026_07_15_01_26_56 timestamp=000094 cavs=[14]
sgcp_constrained receiver=14 policy=all-cavs sources=[14] clusters=20 ra=selective_edgecooper_global comm_bytes=0 selected_grids={}
fusion_method=early pred_boxes=2 gt_boxes=2
pred_scores_shape=(2,)
frame=18/41 receiver_sample=15/20 scenario=2026_07_15_01_26_56 timestamp=000094 cavs=[15]
sgcp_constrained receiver=15 policy=all-cavs sources=[15] clusters=20 ra=selective_edgecooper_global comm_bytes=0 selected_grids={}
fusion_method=early pred_boxes=13 gt_boxes=9
pred_scores_shape=(13,)
frame=18/41 receiver_sample=16/20 scenario=2026_07_15_01_26_56 timestamp=000094 cavs=[16]
sgcp_constrained receiver=16 policy=all-cavs sources=[16] clusters=20 ra=selective_edgecooper_global comm_bytes=0 selected_grids={}Format = auto
Extension = pcd
Format = auto
Extension = pcd
Format = auto
Extension = pcd
Format = auto
Extension = pcd
Format = auto
Extension = pcd
Format = auto
Extension = pcd
Format = auto
Extension = pcd
Format = auto
Extension = pcd
Format = auto
Extension = pcd
Format = auto
Extension = pcd
Format = auto
Extension = pcd
Format = auto
Extension = pcd
Format = auto
Extension = pcd
Format = auto
Extension = pcd
Format = auto
Extension = pcd
Format = auto
Extension = pcd
Format = auto
Extension = pcd
Format = auto
Extension = pcd
Format = auto
Extension = pcd
Format = auto
Extension = pcd
Format = auto
Extension = pcd
Format = auto
Extension = pcd
Format = auto
Extension = pcd
Format = auto
Extension = pcd
Format = auto
Extension = pcd
Format = auto
Extension = pcd
Format = auto
Extension = pcd
Format = auto
Extension = pcd
Format = auto
Extension = pcd
Format = auto
Extension = pcd
Format = auto
Extension = pcd
Format = auto
Extension = pcd
Format = auto
Extension = pcd
Format = auto
Extension = pcd
Format = auto
Extension = pcd
Format = auto
Extension = pcd
Format = auto
Extension = pcd
Format = auto
Extension = pcd
Format = auto
Extension = pcd
Format = auto
Extension = pcd

fusion_method=early pred_boxes=16 gt_boxes=22
pred_scores_shape=(16,)
frame=18/41 receiver_sample=17/20 scenario=2026_07_15_01_26_56 timestamp=000094 cavs=[17, 16]
sgcp_constrained receiver=17 policy=all-cavs sources=[17, 16] clusters=20 ra=selective_edgecooper_global comm_bytes=77552 selected_grids={16: 53}
fusion_method=early pred_boxes=20 gt_boxes=23
pred_scores_shape=(20,)
frame=18/41 receiver_sample=18/20 scenario=2026_07_15_01_26_56 timestamp=000094 cavs=[18, 3]
sgcp_constrained receiver=18 policy=all-cavs sources=[18, 3] clusters=20 ra=selective_edgecooper_global comm_bytes=79328 selected_grids={3: 67}
fusion_method=early pred_boxes=18 gt_boxes=17
pred_scores_shape=(18,)
frame=18/41 receiver_sample=19/20 scenario=2026_07_15_01_26_56 timestamp=000094 cavs=[19, 20]
sgcp_constrained receiver=19 policy=all-cavs sources=[19, 20] clusters=20 ra=selective_edgecooper_global comm_bytes=78368 selected_grids={20: 53}
fusion_method=early pred_boxes=21 gt_boxes=29
pred_scores_shape=(21,)
frame=18/41 receiver_sample=20/20 scenario=2026_07_15_01_26_56 timestamp=000094 cavs=[20]
sgcp_constrained receiver=20 policy=all-cavs sources=[20] clusters=20 ra=selective_edgecooper_global comm_bytes=0 selected_grids={}
fusion_method=early pred_boxes=19 gt_boxes=19
pred_scores_shape=(19,)
frame=19/41 receiver_sample=1/20 scenario=2026_07_15_01_26_56 timestamp=000096 cavs=[1]
sgcp_constrained receiver=1 policy=all-cavs sources=[1] clusters=20 ra=selective_edgecooper_global comm_bytes=0 selected_grids={}
fusion_method=early pred_boxes=16 gt_boxes=17
pred_scores_shape=(16,)
frame=19/41 receiver_sample=2/20 scenario=2026_07_15_01_26_56 timestamp=000096 cavs=[2, 10]
sgcp_constrained receiver=2 policy=all-cavs sources=[2, 10] clusters=20 ra=selective_edgecooper_global comm_bytes=78672 selected_grids={10: 51}
fusion_method=early pred_boxes=32 gt_boxes=40
pred_scores_shape=(32,)
frame=19/41 receiver_sample=3/20 scenario=2026_07_15_01_26_56 timestamp=000096 cavs=[3]
sgcp_constrained receiver=3 policy=all-cavs sources=[3] clusters=20 ra=selective_edgecooper_global comm_bytes=0 selected_grids={}
fusion_method=early pred_boxes=13 gt_boxes=7
pred_scores_shape=(13,)
frame=19/41 receiver_sample=4/20 scenario=2026_07_15_01_26_56 timestamp=000096 cavs=[4, 1]
sgcp_constrained receiver=4 policy=all-cavs sources=[4, 1] clusters=20 ra=selective_edgecooper_global comm_bytes=78544 selected_grids={1: 46}
fusion_method=early pred_boxes=22 gt_boxes=31
pred_scores_shape=(22,)
frame=19/41 receiver_sample=5/20 scenario=2026_07_15_01_26_56 timestamp=000096 cavs=[5]
sgcp_constrained receiver=5 policy=all-cavs sources=[5] clusters=20 ra=selective_edgecooper_global comm_bytes=0 selected_grids={}
fusion_method=early pred_boxes=6 gt_boxes=15
pred_scores_shape=(6,)
frame=19/41 receiver_sample=6/20 scenario=2026_07_15_01_26_56 timestamp=000096 cavs=[6, 15]
sgcp_constrained receiver=6 policy=all-cavs sources=[6, 15] clusters=20 ra=selective_edgecooper_global comm_bytes=75888 selected_grids={15: 49}
fusion_method=early pred_boxes=17 gt_boxes=19
pred_scores_shape=(17,)
frame=19/41 receiver_sample=7/20 scenario=2026_07_15_01_26_56 timestamp=000096 cavs=[7, 5]
sgcp_constrained receiver=7 policy=all-cavs sources=[7, 5] clusters=20 ra=selective_edgecooper_global comm_bytes=77424 selected_grids={5: 51}
fusion_method=early pred_boxes=13 gt_boxes=20
pred_scores_shape=(13,)
frame=19/41 receiver_sample=8/20 scenario=2026_07_15_01_26_56 timestamp=000096 cavs=[8, 12]
sgcp_constrained receiver=8 policy=all-cavs sources=[8, 12] clusters=20 ra=selective_edgecooper_global comm_bytes=79328 selected_grids={12: 58}
fusion_method=early pred_boxes=18 gt_boxes=27
pred_scores_shape=(18,)
frame=19/41 receiver_sample=9/20 scenario=2026_07_15_01_26_56 timestamp=000096 cavs=[9]
sgcp_constrained receiver=9 policy=all-cavs sources=[9] clusters=20 ra=selective_edgecooper_global comm_bytes=0 selected_grids={}
fusion_method=early pred_boxes=14 gt_boxes=19
pred_scores_shape=(14,)
frame=19/41 receiver_sample=10/20 scenario=2026_07_15_01_26_56 timestamp=000096 cavs=[10]
sgcp_constrained receiver=10 policy=all-cavs sources=[10] clusters=20 ra=selective_edgecooper_global comm_bytes=0 selected_grids={}
fusion_method=early pred_boxes=17 gt_boxes=26
pred_scores_shape=(17,)
frame=19/41 receiver_sample=11/20 scenario=2026_07_15_01_26_56 timestamp=000096 cavs=[11, 9]
sgcp_constrained receiver=11 policy=all-cavs sources=[11, 9] clusters=20 ra=selective_edgecooper_global comm_bytes=77456 selected_grids={9: 50}
fusion_method=early pred_boxes=26 gt_boxes=34
pred_scores_shape=(26,)
frame=19/41 receiver_sample=12/20 scenario=2026_07_15_01_26_56 timestamp=000096 cavs=[12]
sgcp_constrained receiver=12 policy=all-cavs sources=[12] clusters=20 ra=selective_edgecooper_global comm_bytes=0 selected_grids={}
fusion_method=early pred_boxes=11 gt_boxes=14
pred_scores_shape=(11,)
frame=19/41 receiver_sample=13/20 scenario=2026_07_15_01_26_56 timestamp=000096 cavs=[13]
sgcp_constrained receiver=13 policy=all-cavs sources=[13] clusters=20 ra=selective_edgecooper_global comm_bytes=0 selected_grids={}
fusion_method=early pred_boxes=8 gt_boxes=14
pred_scores_shape=(8,)
frame=19/41 receiver_sample=14/20 scenario=2026_07_15_01_26_56 timestamp=000096 cavs=[14]
sgcp_constrained receiver=14 policy=all-cavs sources=[14] clusters=20 ra=selective_edgecooper_global comm_bytes=0 selected_grids={}
fusion_method=early pred_boxes=3 gt_boxes=2
pred_scores_shape=(3,)
frame=19/41 receiver_sample=15/20 scenario=2026_07_15_01_26_56 timestamp=000096 cavs=[15]
sgcp_constrained receiver=15 policy=all-cavs sources=[15] clusters=20 ra=selective_edgecooper_global comm_bytes=0 selected_grids={}
fusion_method=early pred_boxes=14 gt_boxes=8
pred_scores_shape=(14,)
frame=19/41 receiver_sample=16/20 scenario=2026_07_15_01_26_56 timestamp=000096 cavs=[16]
sgcp_constrained receiver=16 policy=all-cavs sources=[16] clusters=20 ra=selective_edgecooper_global comm_bytes=0 selected_grids={}
fusion_method=early pred_boxes=18 gt_boxes=22
pred_scores_shape=(18,)
frame=19/41 receiver_sample=17/20 scenario=2026_07_15_01_26_56 timestamp=000096 cavs=[17, 16]
sgcp_constrained receiver=17 policy=all-cavs sources=[17, 16] clusters=20 ra=selective_edgecooper_global comm_bytes=73728 selected_grids={16: 53}
fusion_method=early pred_boxes=24 gt_boxes=23
pred_scores_shape=(24,)
frame=19/41 receiver_sample=18/20 scenario=2026_07_15_01_26_56 timestamp=000096 cavs=[18, 3]
sgcp_constrained receiver=18 policy=all-cavs sources=[18, 3] clusters=20 ra=selective_edgecooper_global comm_bytes=79408 selected_grids={3: 65}
fusion_method=early pred_boxes=18 gt_boxes=16
pred_scores_shape=(18,)
frame=19/41 receiver_sample=19/20 scenario=2026_07_15_01_26_56 timestamp=000096 cavs=[19, 20]
sgcp_constrained receiver=19 policy=all-cavs sources=[19, 20] clusters=20 ra=selective_edgecooper_global comm_bytes=78320 selected_grids={20: 55}
fusion_method=early pred_boxes=22 gt_boxes=29
pred_scores_shape=(22,)
frame=19/41 receiver_sample=20/20 scenario=2026_07_15_01_26_56 timestamp=000096 cavs=[20]
sgcp_constrained receiver=20 policy=all-cavs sources=[20] clusters=20 ra=selective_edgecooper_global comm_bytes=0 selected_grids={}
fusion_method=early pred_boxes=19 gt_boxes=19
pred_scores_shape=(19,)
frame=20/41 receiver_sample=1/20 scenario=2026_07_15_01_26_56 timestamp=000098 cavs=[1]
sgcp_constrained receiver=1 policy=all-cavs sources=[1] clusters=20 ra=selective_edgecooper_global comm_bytes=0 selected_grids={}
fusion_method=early pred_boxes=17 gt_boxes=16
pred_scores_shape=(17,)
frame=20/41 receiver_sample=2/20 scenario=2026_07_15_01_26_56 timestamp=000098 cavs=[2, 10]
sgcp_constrained receiver=2 policy=all-cavs sources=[2, 10] clusters=20 ra=selective_edgecooper_global comm_bytes=78688 selected_grids={10: 52}
fusion_method=early pred_boxes=28 gt_boxes=39
pred_scores_shape=(28,)
frame=20/41 receiver_sample=3/20 scenario=2026_07_15_01_26_56 timestamp=000098 cavs=[3]
sgcp_constrained receiver=3 policy=all-cavs sources=[3] clusters=20 ra=selective_edgecooper_global comm_bytes=0 selected_grids={}
fusion_method=early pred_boxes=14 gt_boxes=6Format = auto
Extension = pcd
Format = auto
Extension = pcd
Format = auto
Extension = pcd
Format = auto
Extension = pcd
Format = auto
Extension = pcd
Format = auto
Extension = pcd
Format = auto
Extension = pcd
Format = auto
Extension = pcd
Format = auto
Extension = pcd
Format = auto
Extension = pcd
Format = auto
Extension = pcd
Format = auto
Extension = pcd
Format = auto
Extension = pcd
Format = auto
Extension = pcd
Format = auto
Extension = pcd
Format = auto
Extension = pcd
Format = auto
Extension = pcd
Format = auto
Extension = pcd
Format = auto
Extension = pcd
Format = auto
Extension = pcd

pred_scores_shape=(14,)
frame=20/41 receiver_sample=4/20 scenario=2026_07_15_01_26_56 timestamp=000098 cavs=[4, 1]
sgcp_constrained receiver=4 policy=all-cavs sources=[4, 1] clusters=20 ra=selective_edgecooper_global comm_bytes=78528 selected_grids={1: 45}
fusion_method=early pred_boxes=21 gt_boxes=30
pred_scores_shape=(21,)
frame=20/41 receiver_sample=5/20 scenario=2026_07_15_01_26_56 timestamp=000098 cavs=[5]
sgcp_constrained receiver=5 policy=all-cavs sources=[5] clusters=20 ra=selective_edgecooper_global comm_bytes=0 selected_grids={}
fusion_method=early pred_boxes=8 gt_boxes=15
pred_scores_shape=(8,)
frame=20/41 receiver_sample=6/20 scenario=2026_07_15_01_26_56 timestamp=000098 cavs=[6, 15]
sgcp_constrained receiver=6 policy=all-cavs sources=[6, 15] clusters=20 ra=selective_edgecooper_global comm_bytes=75808 selected_grids={15: 49}
fusion_method=early pred_boxes=15 gt_boxes=19
pred_scores_shape=(15,)
frame=20/41 receiver_sample=7/20 scenario=2026_07_15_01_26_56 timestamp=000098 cavs=[7, 5]
sgcp_constrained receiver=7 policy=all-cavs sources=[7, 5] clusters=20 ra=selective_edgecooper_global comm_bytes=77344 selected_grids={5: 48}
fusion_method=early pred_boxes=15 gt_boxes=20
pred_scores_shape=(15,)
frame=20/41 receiver_sample=8/20 scenario=2026_07_15_01_26_56 timestamp=000098 cavs=[8, 12]
sgcp_constrained receiver=8 policy=all-cavs sources=[8, 12] clusters=20 ra=selective_edgecooper_global comm_bytes=79440 selected_grids={12: 55}
fusion_method=early pred_boxes=13 gt_boxes=26
pred_scores_shape=(13,)
frame=20/41 receiver_sample=9/20 scenario=2026_07_15_01_26_56 timestamp=000098 cavs=[9]
sgcp_constrained receiver=9 policy=all-cavs sources=[9] clusters=20 ra=selective_edgecooper_global comm_bytes=0 selected_grids={}
fusion_method=early pred_boxes=15 gt_boxes=19
pred_scores_shape=(15,)
frame=20/41 receiver_sample=10/20 scenario=2026_07_15_01_26_56 timestamp=000098 cavs=[10]
sgcp_constrained receiver=10 policy=all-cavs sources=[10] clusters=20 ra=selective_edgecooper_global comm_bytes=0 selected_grids={}
fusion_method=early pred_boxes=18 gt_boxes=25
pred_scores_shape=(18,)
frame=20/41 receiver_sample=11/20 scenario=2026_07_15_01_26_56 timestamp=000098 cavs=[11, 9]
sgcp_constrained receiver=11 policy=all-cavs sources=[11, 9] clusters=20 ra=selective_edgecooper_global comm_bytes=77456 selected_grids={9: 50}
fusion_method=early pred_boxes=28 gt_boxes=34
pred_scores_shape=(28,)
frame=20/41 receiver_sample=12/20 scenario=2026_07_15_01_26_56 timestamp=000098 cavs=[12]
sgcp_constrained receiver=12 policy=all-cavs sources=[12] clusters=20 ra=selective_edgecooper_global comm_bytes=0 selected_grids={}
fusion_method=early pred_boxes=10 gt_boxes=13
pred_scores_shape=(10,)
frame=20/41 receiver_sample=13/20 scenario=2026_07_15_01_26_56 timestamp=000098 cavs=[13]
sgcp_constrained receiver=13 policy=all-cavs sources=[13] clusters=20 ra=selective_edgecooper_global comm_bytes=0 selected_grids={}
fusion_method=early pred_boxes=8 gt_boxes=14
pred_scores_shape=(8,)
frame=20/41 receiver_sample=14/20 scenario=2026_07_15_01_26_56 timestamp=000098 cavs=[14]
sgcp_constrained receiver=14 policy=all-cavs sources=[14] clusters=20 ra=selective_edgecooper_global comm_bytes=0 selected_grids={}
fusion_method=early pred_boxes=3 gt_boxes=2
pred_scores_shape=(3,)
frame=20/41 receiver_sample=15/20 scenario=2026_07_15_01_26_56 timestamp=000098 cavs=[15]
sgcp_constrained receiver=15 policy=all-cavs sources=[15] clusters=20 ra=selective_edgecooper_global comm_bytes=0 selected_grids={}
fusion_method=early pred_boxes=12 gt_boxes=8
pred_scores_shape=(12,)
frame=20/41 receiver_sample=16/20 scenario=2026_07_15_01_26_56 timestamp=000098 cavs=[16]
sgcp_constrained receiver=16 policy=all-cavs sources=[16] clusters=20 ra=selective_edgecooper_global comm_bytes=0 selected_grids={}
fusion_method=early pred_boxes=16 gt_boxes=22
pred_scores_shape=(16,)
frame=20/41 receiver_sample=17/20 scenario=2026_07_15_01_26_56 timestamp=000098 cavs=[17, 16]
sgcp_constrained receiver=17 policy=all-cavs sources=[17, 16] clusters=20 ra=selective_edgecooper_global comm_bytes=72976 selected_grids={16: 56}
fusion_method=early pred_boxes=22 gt_boxes=23
pred_scores_shape=(22,)
frame=20/41 receiver_sample=18/20 scenario=2026_07_15_01_26_56 timestamp=000098 cavs=[18, 3]
sgcp_constrained receiver=18 policy=all-cavs sources=[18, 3] clusters=20 ra=selective_edgecooper_global comm_bytes=79456 selected_grids={3: 66}
fusion_method=early pred_boxes=20 gt_boxes=15
pred_scores_shape=(20,)
frame=20/41 receiver_sample=19/20 scenario=2026_07_15_01_26_56 timestamp=000098 cavs=[19, 20]
sgcp_constrained receiver=19 policy=all-cavs sources=[19, 20] clusters=20 ra=selective_edgecooper_global comm_bytes=78320 selected_grids={20: 55}
fusion_method=early pred_boxes=22 gt_boxes=29
pred_scores_shape=(22,)
frame=20/41 receiver_sample=20/20 scenario=2026_07_15_01_26_56 timestamp=000098 cavs=[20]
sgcp_constrained receiver=20 policy=all-cavs sources=[20] clusters=20 ra=selective_edgecooper_global comm_bytes=0 selected_grids={}
fusion_method=early pred_boxes=20 gt_boxes=19
pred_scores_shape=(20,)
frame=21/41 receiver_sample=1/20 scenario=2026_07_15_01_26_56 timestamp=000100 cavs=[1]
sgcp_constrained receiver=1 policy=all-cavs sources=[1] clusters=20 ra=selective_edgecooper_global comm_bytes=0 selected_grids={}
fusion_method=early pred_boxes=18 gt_boxes=16
pred_scores_shape=(18,)
frame=21/41 receiver_sample=2/20 scenario=2026_07_15_01_26_56 timestamp=000100 cavs=[2, 10]
sgcp_constrained receiver=2 policy=all-cavs sources=[2, 10] clusters=20 ra=selective_edgecooper_global comm_bytes=78656 selected_grids={10: 51}
fusion_method=early pred_boxes=31 gt_boxes=39
pred_scores_shape=(31,)
frame=21/41 receiver_sample=3/20 scenario=2026_07_15_01_26_56 timestamp=000100 cavs=[3]
sgcp_constrained receiver=3 policy=all-cavs sources=[3] clusters=20 ra=selective_edgecooper_global comm_bytes=0 selected_grids={}
fusion_method=early pred_boxes=13 gt_boxes=6
pred_scores_shape=(13,)
frame=21/41 receiver_sample=4/20 scenario=2026_07_15_01_26_56 timestamp=000100 cavs=[4, 1]
sgcp_constrained receiver=4 policy=all-cavs sources=[4, 1] clusters=20 ra=selective_edgecooper_global comm_bytes=78544 selected_grids={1: 45}
fusion_method=early pred_boxes=23 gt_boxes=30
pred_scores_shape=(23,)
frame=21/41 receiver_sample=5/20 scenario=2026_07_15_01_26_56 timestamp=000100 cavs=[5]
sgcp_constrained receiver=5 policy=all-cavs sources=[5] clusters=20 ra=selective_edgecooper_global comm_bytes=0 selected_grids={}
fusion_method=early pred_boxes=10 gt_boxes=15
pred_scores_shape=(10,)
frame=21/41 receiver_sample=6/20 scenario=2026_07_15_01_26_56 timestamp=000100 cavs=[6, 15]
sgcp_constrained receiver=6 policy=all-cavs sources=[6, 15] clusters=20 ra=selective_edgecooper_global comm_bytes=75840 selected_grids={15: 48}
fusion_method=early pred_boxes=15 gt_boxes=20
pred_scores_shape=(15,)
frame=21/41 receiver_sample=7/20 scenario=2026_07_15_01_26_56 timestamp=000100 cavs=[7, 5]
sgcp_constrained receiver=7 policy=all-cavs sources=[7, 5] clusters=20 ra=selective_edgecooper_global comm_bytes=77008 selected_grids={5: 48}
fusion_method=early pred_boxes=14 gt_boxes=20
pred_scores_shape=(14,)
frame=21/41 receiver_sample=8/20 scenario=2026_07_15_01_26_56 timestamp=000100 cavs=[8, 12]
sgcp_constrained receiver=8 policy=all-cavs sources=[8, 12] clusters=20 ra=selective_edgecooper_global comm_bytes=79424 selected_grids={12: 55}
fusion_method=early pred_boxes=15 gt_boxes=25
pred_scores_shape=(15,)
frame=21/41 receiver_sample=9/20 scenario=2026_07_15_01_26_56 timestamp=000100 cavs=[9]
sgcp_constrained receiver=9 policy=all-cavs sources=[9] clusters=20 ra=selective_edgecooper_global comm_bytes=0 selected_grids={}
fusion_method=early pred_boxes=15 gt_boxes=18
pred_scores_shape=(15,)
frame=21/41 receiver_sample=10/20 scenario=2026_07_15_01_26_56 timestamp=000100 cavs=[10]
sgcp_constrained receiver=10 policy=all-cavs sources=[10] clusters=20 ra=selective_edgecooper_global comm_bytes=0 selected_grids={}
fusion_method=early pred_boxes=19 gt_boxes=25
pred_scores_shape=(19,)
frame=21/41 receiver_sample=11/20 scenario=2026_07_15_01_26_56 timestamp=000100 cavs=[11, 9]Format = auto
Extension = pcd
Format = auto
Extension = pcd
Format = auto
Extension = pcd
Format = auto
Extension = pcd
Format = auto
Extension = pcd
Format = auto
Extension = pcd
Format = auto
Extension = pcd
Format = auto
Extension = pcd
Format = auto
Extension = pcd
Format = auto
Extension = pcd
Format = auto
Extension = pcd
Format = auto
Extension = pcd
Format = auto
Extension = pcd
Format = auto
Extension = pcd
Format = auto
Extension = pcd
Format = auto
Extension = pcd
Format = auto
Extension = pcd
Format = auto
Extension = pcd
Format = auto
Extension = pcd
Format = auto
Extension = pcd

sgcp_constrained receiver=11 policy=all-cavs sources=[11, 9] clusters=20 ra=selective_edgecooper_global comm_bytes=77424 selected_grids={9: 50}
fusion_method=early pred_boxes=28 gt_boxes=32
pred_scores_shape=(28,)
frame=21/41 receiver_sample=12/20 scenario=2026_07_15_01_26_56 timestamp=000100 cavs=[12]
sgcp_constrained receiver=12 policy=all-cavs sources=[12] clusters=20 ra=selective_edgecooper_global comm_bytes=0 selected_grids={}
fusion_method=early pred_boxes=10 gt_boxes=12
pred_scores_shape=(10,)
frame=21/41 receiver_sample=13/20 scenario=2026_07_15_01_26_56 timestamp=000100 cavs=[13]
sgcp_constrained receiver=13 policy=all-cavs sources=[13] clusters=20 ra=selective_edgecooper_global comm_bytes=0 selected_grids={}
fusion_method=early pred_boxes=8 gt_boxes=14
pred_scores_shape=(8,)
frame=21/41 receiver_sample=14/20 scenario=2026_07_15_01_26_56 timestamp=000100 cavs=[14]
sgcp_constrained receiver=14 policy=all-cavs sources=[14] clusters=20 ra=selective_edgecooper_global comm_bytes=0 selected_grids={}
fusion_method=early pred_boxes=4 gt_boxes=2
pred_scores_shape=(4,)
frame=21/41 receiver_sample=15/20 scenario=2026_07_15_01_26_56 timestamp=000100 cavs=[15]
sgcp_constrained receiver=15 policy=all-cavs sources=[15] clusters=20 ra=selective_edgecooper_global comm_bytes=0 selected_grids={}
fusion_method=early pred_boxes=12 gt_boxes=8
pred_scores_shape=(12,)
frame=21/41 receiver_sample=16/20 scenario=2026_07_15_01_26_56 timestamp=000100 cavs=[16, 17]
sgcp_constrained receiver=16 policy=all-cavs sources=[16, 17] clusters=20 ra=selective_edgecooper_global comm_bytes=72496 selected_grids={17: 58}
fusion_method=early pred_boxes=23 gt_boxes=22
pred_scores_shape=(23,)
frame=21/41 receiver_sample=17/20 scenario=2026_07_15_01_26_56 timestamp=000100 cavs=[17]
sgcp_constrained receiver=17 policy=all-cavs sources=[17] clusters=20 ra=selective_edgecooper_global comm_bytes=0 selected_grids={}
fusion_method=early pred_boxes=18 gt_boxes=12
pred_scores_shape=(18,)
frame=21/41 receiver_sample=18/20 scenario=2026_07_15_01_26_56 timestamp=000100 cavs=[18, 3]
sgcp_constrained receiver=18 policy=all-cavs sources=[18, 3] clusters=20 ra=selective_edgecooper_global comm_bytes=79600 selected_grids={3: 65}
fusion_method=early pred_boxes=19 gt_boxes=15
pred_scores_shape=(19,)
frame=21/41 receiver_sample=19/20 scenario=2026_07_15_01_26_56 timestamp=000100 cavs=[19, 20]
sgcp_constrained receiver=19 policy=all-cavs sources=[19, 20] clusters=20 ra=selective_edgecooper_global comm_bytes=78288 selected_grids={20: 55}
fusion_method=early pred_boxes=22 gt_boxes=28
pred_scores_shape=(22,)
frame=21/41 receiver_sample=20/20 scenario=2026_07_15_01_26_56 timestamp=000100 cavs=[20]
sgcp_constrained receiver=20 policy=all-cavs sources=[20] clusters=20 ra=selective_edgecooper_global comm_bytes=0 selected_grids={}
fusion_method=early pred_boxes=20 gt_boxes=19
pred_scores_shape=(20,)
frame=22/41 receiver_sample=1/20 scenario=2026_07_15_01_26_56 timestamp=000102 cavs=[1]
sgcp_constrained receiver=1 policy=all-cavs sources=[1] clusters=20 ra=selective_edgecooper_global comm_bytes=0 selected_grids={}
fusion_method=early pred_boxes=17 gt_boxes=16
pred_scores_shape=(17,)
frame=22/41 receiver_sample=2/20 scenario=2026_07_15_01_26_56 timestamp=000102 cavs=[2, 10]
sgcp_constrained receiver=2 policy=all-cavs sources=[2, 10] clusters=20 ra=selective_edgecooper_global comm_bytes=78672 selected_grids={10: 51}
fusion_method=early pred_boxes=30 gt_boxes=40
pred_scores_shape=(30,)
frame=22/41 receiver_sample=3/20 scenario=2026_07_15_01_26_56 timestamp=000102 cavs=[3]
sgcp_constrained receiver=3 policy=all-cavs sources=[3] clusters=20 ra=selective_edgecooper_global comm_bytes=0 selected_grids={}
fusion_method=early pred_boxes=13 gt_boxes=5
pred_scores_shape=(13,)
frame=22/41 receiver_sample=4/20 scenario=2026_07_15_01_26_56 timestamp=000102 cavs=[4, 1]
sgcp_constrained receiver=4 policy=all-cavs sources=[4, 1] clusters=20 ra=selective_edgecooper_global comm_bytes=78560 selected_grids={1: 46}
fusion_method=early pred_boxes=23 gt_boxes=30
pred_scores_shape=(23,)
frame=22/41 receiver_sample=5/20 scenario=2026_07_15_01_26_56 timestamp=000102 cavs=[5]
sgcp_constrained receiver=5 policy=all-cavs sources=[5] clusters=20 ra=selective_edgecooper_global comm_bytes=0 selected_grids={}
fusion_method=early pred_boxes=11 gt_boxes=18
pred_scores_shape=(11,)
frame=22/41 receiver_sample=6/20 scenario=2026_07_15_01_26_56 timestamp=000102 cavs=[6, 15]
sgcp_constrained receiver=6 policy=all-cavs sources=[6, 15] clusters=20 ra=selective_edgecooper_global comm_bytes=76032 selected_grids={15: 48}
fusion_method=early pred_boxes=16 gt_boxes=22
pred_scores_shape=(16,)
frame=22/41 receiver_sample=7/20 scenario=2026_07_15_01_26_56 timestamp=000102 cavs=[7, 5]
sgcp_constrained receiver=7 policy=all-cavs sources=[7, 5] clusters=20 ra=selective_edgecooper_global comm_bytes=77648 selected_grids={5: 50}
fusion_method=early pred_boxes=14 gt_boxes=22
pred_scores_shape=(14,)
frame=22/41 receiver_sample=8/20 scenario=2026_07_15_01_26_56 timestamp=000102 cavs=[8, 12]
sgcp_constrained receiver=8 policy=all-cavs sources=[8, 12] clusters=20 ra=selective_edgecooper_global comm_bytes=79360 selected_grids={12: 55}
fusion_method=early pred_boxes=14 gt_boxes=26
pred_scores_shape=(14,)
frame=22/41 receiver_sample=9/20 scenario=2026_07_15_01_26_56 timestamp=000102 cavs=[9]
sgcp_constrained receiver=9 policy=all-cavs sources=[9] clusters=20 ra=selective_edgecooper_global comm_bytes=0 selected_grids={}
fusion_method=early pred_boxes=15 gt_boxes=19
pred_scores_shape=(15,)
frame=22/41 receiver_sample=10/20 scenario=2026_07_15_01_26_56 timestamp=000102 cavs=[10]
sgcp_constrained receiver=10 policy=all-cavs sources=[10] clusters=20 ra=selective_edgecooper_global comm_bytes=0 selected_grids={}
fusion_method=early pred_boxes=21 gt_boxes=25
pred_scores_shape=(21,)
frame=22/41 receiver_sample=11/20 scenario=2026_07_15_01_26_56 timestamp=000102 cavs=[11, 9]
sgcp_constrained receiver=11 policy=all-cavs sources=[11, 9] clusters=20 ra=selective_edgecooper_global comm_bytes=77424 selected_grids={9: 50}
fusion_method=early pred_boxes=29 gt_boxes=32
pred_scores_shape=(29,)
frame=22/41 receiver_sample=12/20 scenario=2026_07_15_01_26_56 timestamp=000102 cavs=[12]
sgcp_constrained receiver=12 policy=all-cavs sources=[12] clusters=20 ra=selective_edgecooper_global comm_bytes=0 selected_grids={}
fusion_method=early pred_boxes=9 gt_boxes=11
pred_scores_shape=(9,)
frame=22/41 receiver_sample=13/20 scenario=2026_07_15_01_26_56 timestamp=000102 cavs=[13]
sgcp_constrained receiver=13 policy=all-cavs sources=[13] clusters=20 ra=selective_edgecooper_global comm_bytes=0 selected_grids={}
fusion_method=early pred_boxes=9 gt_boxes=12
pred_scores_shape=(9,)
frame=22/41 receiver_sample=14/20 scenario=2026_07_15_01_26_56 timestamp=000102 cavs=[14]
sgcp_constrained receiver=14 policy=all-cavs sources=[14] clusters=20 ra=selective_edgecooper_global comm_bytes=0 selected_grids={}
fusion_method=early pred_boxes=4 gt_boxes=2
pred_scores_shape=(4,)
frame=22/41 receiver_sample=15/20 scenario=2026_07_15_01_26_56 timestamp=000102 cavs=[15]
sgcp_constrained receiver=15 policy=all-cavs sources=[15] clusters=20 ra=selective_edgecooper_global comm_bytes=0 selected_grids={}
fusion_method=early pred_boxes=12 gt_boxes=10
pred_scores_shape=(12,)
frame=22/41 receiver_sample=16/20 scenario=2026_07_15_01_26_56 timestamp=000102 cavs=[16, 17]
sgcp_constrained receiver=16 policy=all-cavs sources=[16, 17] clusters=20 ra=selective_edgecooper_global comm_bytes=71936 selected_grids={17: 57}
fusion_method=early pred_boxes=21 gt_boxes=22
pred_scores_shape=(21,)
frame=22/41 receiver_sample=17/20 scenario=2026_07_15_01_26_56 timestamp=000102 cavs=[17]
sgcp_constrained receiver=17 policy=all-cavs sources=[17] clusters=20 ra=selective_edgecooper_global comm_bytes=0 selected_grids={}
fusion_method=early pred_boxes=16 gt_boxes=13
pred_scores_shape=(16,)
frame=22/41 receiver_sample=18/20 scenario=2026_07_15_01_26_56 timestamp=000102 cavs=[18, 3]
sgcp_constrained receiver=18 policy=all-cavs sources=[18, 3] clusters=20 ra=selective_edgecooper_global comm_bytes=79920 selected_grids={3: 67}Format = auto
Extension = pcd
Format = auto
Extension = pcd
Format = auto
Extension = pcd
Format = auto
Extension = pcd
Format = auto
Extension = pcd
Format = auto
Extension = pcd
Format = auto
Extension = pcd
Format = auto
Extension = pcd
Format = auto
Extension = pcd
Format = auto
Extension = pcd
Format = auto
Extension = pcd
Format = auto
Extension = pcd
Format = auto
Extension = pcd
Format = auto
Extension = pcd
Format = auto
Extension = pcd
Format = auto
Extension = pcd
Format = auto
Extension = pcd
Format = auto
Extension = pcd
Format = auto
Extension = pcd
Format = auto
Extension = pcd
Format = auto
Extension = pcd
Format = auto
Extension = pcd
Format = auto
Extension = pcd
Format = auto
Extension = pcd
Format = auto
Extension = pcd
Format = auto
Extension = pcd
Format = auto
Extension = pcd
Format = auto
Extension = pcd
Format = auto
Extension = pcd
Format = auto
Extension = pcd
Format = auto
Extension = pcd
Format = auto
Extension = pcd
Format = auto
Extension = pcd
Format = auto
Extension = pcd
Format = auto
Extension = pcd
Format = auto
Extension = pcd
Format = auto
Extension = pcd
Format = auto
Extension = pcd
Format = auto
Extension = pcd
Format = auto
Extension = pcd

fusion_method=early pred_boxes=17 gt_boxes=14
pred_scores_shape=(17,)
frame=22/41 receiver_sample=19/20 scenario=2026_07_15_01_26_56 timestamp=000102 cavs=[19, 20]
sgcp_constrained receiver=19 policy=all-cavs sources=[19, 20] clusters=20 ra=selective_edgecooper_global comm_bytes=78272 selected_grids={20: 55}
fusion_method=early pred_boxes=22 gt_boxes=28
pred_scores_shape=(22,)
frame=22/41 receiver_sample=20/20 scenario=2026_07_15_01_26_56 timestamp=000102 cavs=[20]
sgcp_constrained receiver=20 policy=all-cavs sources=[20] clusters=20 ra=selective_edgecooper_global comm_bytes=0 selected_grids={}
fusion_method=early pred_boxes=20 gt_boxes=19
pred_scores_shape=(20,)
frame=23/41 receiver_sample=1/20 scenario=2026_07_15_01_26_56 timestamp=000104 cavs=[1]
sgcp_constrained receiver=1 policy=all-cavs sources=[1] clusters=20 ra=selective_edgecooper_global comm_bytes=0 selected_grids={}
fusion_method=early pred_boxes=18 gt_boxes=16
pred_scores_shape=(18,)
frame=23/41 receiver_sample=2/20 scenario=2026_07_15_01_26_56 timestamp=000104 cavs=[2, 10]
sgcp_constrained receiver=2 policy=all-cavs sources=[2, 10] clusters=20 ra=selective_edgecooper_global comm_bytes=78688 selected_grids={10: 53}
fusion_method=early pred_boxes=27 gt_boxes=39
pred_scores_shape=(27,)
frame=23/41 receiver_sample=3/20 scenario=2026_07_15_01_26_56 timestamp=000104 cavs=[3]
sgcp_constrained receiver=3 policy=all-cavs sources=[3] clusters=20 ra=selective_edgecooper_global comm_bytes=0 selected_grids={}
fusion_method=early pred_boxes=13 gt_boxes=5
pred_scores_shape=(13,)
frame=23/41 receiver_sample=4/20 scenario=2026_07_15_01_26_56 timestamp=000104 cavs=[4, 1]
sgcp_constrained receiver=4 policy=all-cavs sources=[4, 1] clusters=20 ra=selective_edgecooper_global comm_bytes=78560 selected_grids={1: 46}
fusion_method=early pred_boxes=21 gt_boxes=30
pred_scores_shape=(21,)
frame=23/41 receiver_sample=5/20 scenario=2026_07_15_01_26_56 timestamp=000104 cavs=[5, 19]
sgcp_constrained receiver=5 policy=all-cavs sources=[5, 19] clusters=20 ra=selective_edgecooper_global comm_bytes=74816 selected_grids={19: 58}
fusion_method=early pred_boxes=14 gt_boxes=23
pred_scores_shape=(14,)
frame=23/41 receiver_sample=6/20 scenario=2026_07_15_01_26_56 timestamp=000104 cavs=[6, 15]
sgcp_constrained receiver=6 policy=all-cavs sources=[6, 15] clusters=20 ra=selective_edgecooper_global comm_bytes=75808 selected_grids={15: 49}
fusion_method=early pred_boxes=17 gt_boxes=23
pred_scores_shape=(17,)
frame=23/41 receiver_sample=7/20 scenario=2026_07_15_01_26_56 timestamp=000104 cavs=[7, 17]
sgcp_constrained receiver=7 policy=all-cavs sources=[7, 17] clusters=20 ra=selective_edgecooper_global comm_bytes=79136 selected_grids={17: 59}
fusion_method=early pred_boxes=20 gt_boxes=15
pred_scores_shape=(20,)
frame=23/41 receiver_sample=8/20 scenario=2026_07_15_01_26_56 timestamp=000104 cavs=[8, 12]
sgcp_constrained receiver=8 policy=all-cavs sources=[8, 12] clusters=20 ra=selective_edgecooper_global comm_bytes=79776 selected_grids={12: 58}
fusion_method=early pred_boxes=13 gt_boxes=25
pred_scores_shape=(13,)
frame=23/41 receiver_sample=9/20 scenario=2026_07_15_01_26_56 timestamp=000104 cavs=[9]
sgcp_constrained receiver=9 policy=all-cavs sources=[9] clusters=20 ra=selective_edgecooper_global comm_bytes=0 selected_grids={}
fusion_method=early pred_boxes=16 gt_boxes=19
pred_scores_shape=(16,)
frame=23/41 receiver_sample=10/20 scenario=2026_07_15_01_26_56 timestamp=000104 cavs=[10]
sgcp_constrained receiver=10 policy=all-cavs sources=[10] clusters=20 ra=selective_edgecooper_global comm_bytes=0 selected_grids={}
fusion_method=early pred_boxes=19 gt_boxes=25
pred_scores_shape=(19,)
frame=23/41 receiver_sample=11/20 scenario=2026_07_15_01_26_56 timestamp=000104 cavs=[11, 9]
sgcp_constrained receiver=11 policy=all-cavs sources=[11, 9] clusters=20 ra=selective_edgecooper_global comm_bytes=77424 selected_grids={9: 50}
fusion_method=early pred_boxes=26 gt_boxes=32
pred_scores_shape=(26,)
frame=23/41 receiver_sample=12/20 scenario=2026_07_15_01_26_56 timestamp=000104 cavs=[12]
sgcp_constrained receiver=12 policy=all-cavs sources=[12] clusters=20 ra=selective_edgecooper_global comm_bytes=0 selected_grids={}
fusion_method=early pred_boxes=10 gt_boxes=11
pred_scores_shape=(10,)
frame=23/41 receiver_sample=13/20 scenario=2026_07_15_01_26_56 timestamp=000104 cavs=[13]
sgcp_constrained receiver=13 policy=all-cavs sources=[13] clusters=20 ra=selective_edgecooper_global comm_bytes=0 selected_grids={}
fusion_method=early pred_boxes=8 gt_boxes=13
pred_scores_shape=(8,)
frame=23/41 receiver_sample=14/20 scenario=2026_07_15_01_26_56 timestamp=000104 cavs=[14]
sgcp_constrained receiver=14 policy=all-cavs sources=[14] clusters=20 ra=selective_edgecooper_global comm_bytes=0 selected_grids={}
fusion_method=early pred_boxes=4 gt_boxes=1
pred_scores_shape=(4,)
frame=23/41 receiver_sample=15/20 scenario=2026_07_15_01_26_56 timestamp=000104 cavs=[15]
sgcp_constrained receiver=15 policy=all-cavs sources=[15] clusters=20 ra=selective_edgecooper_global comm_bytes=0 selected_grids={}
fusion_method=early pred_boxes=15 gt_boxes=12
pred_scores_shape=(15,)
frame=23/41 receiver_sample=16/20 scenario=2026_07_15_01_26_56 timestamp=000104 cavs=[16, 20]
sgcp_constrained receiver=16 policy=all-cavs sources=[16, 20] clusters=20 ra=selective_edgecooper_global comm_bytes=73392 selected_grids={20: 50}
fusion_method=early pred_boxes=25 gt_boxes=28
pred_scores_shape=(25,)
frame=23/41 receiver_sample=17/20 scenario=2026_07_15_01_26_56 timestamp=000104 cavs=[17]
sgcp_constrained receiver=17 policy=all-cavs sources=[17] clusters=20 ra=selective_edgecooper_global comm_bytes=0 selected_grids={}
fusion_method=early pred_boxes=15 gt_boxes=14
pred_scores_shape=(15,)
frame=23/41 receiver_sample=18/20 scenario=2026_07_15_01_26_56 timestamp=000104 cavs=[18, 3]
sgcp_constrained receiver=18 policy=all-cavs sources=[18, 3] clusters=20 ra=selective_edgecooper_global comm_bytes=79424 selected_grids={3: 67}
fusion_method=early pred_boxes=19 gt_boxes=14
pred_scores_shape=(19,)
frame=23/41 receiver_sample=19/20 scenario=2026_07_15_01_26_56 timestamp=000104 cavs=[19]
sgcp_constrained receiver=19 policy=all-cavs sources=[19] clusters=20 ra=selective_edgecooper_global comm_bytes=0 selected_grids={}
fusion_method=early pred_boxes=10 gt_boxes=13
pred_scores_shape=(10,)
frame=23/41 receiver_sample=20/20 scenario=2026_07_15_01_26_56 timestamp=000104 cavs=[20]
sgcp_constrained receiver=20 policy=all-cavs sources=[20] clusters=20 ra=selective_edgecooper_global comm_bytes=0 selected_grids={}
fusion_method=early pred_boxes=19 gt_boxes=19
pred_scores_shape=(19,)
frame=24/41 receiver_sample=1/20 scenario=2026_07_15_01_26_56 timestamp=000106 cavs=[1]
sgcp_constrained receiver=1 policy=all-cavs sources=[1] clusters=20 ra=selective_edgecooper_global comm_bytes=0 selected_grids={}
fusion_method=early pred_boxes=19 gt_boxes=16
pred_scores_shape=(19,)
frame=24/41 receiver_sample=2/20 scenario=2026_07_15_01_26_56 timestamp=000106 cavs=[2, 10]
sgcp_constrained receiver=2 policy=all-cavs sources=[2, 10] clusters=20 ra=selective_edgecooper_global comm_bytes=78688 selected_grids={10: 53}
fusion_method=early pred_boxes=26 gt_boxes=39
pred_scores_shape=(26,)
frame=24/41 receiver_sample=3/20 scenario=2026_07_15_01_26_56 timestamp=000106 cavs=[3]
sgcp_constrained receiver=3 policy=all-cavs sources=[3] clusters=20 ra=selective_edgecooper_global comm_bytes=0 selected_grids={}
fusion_method=early pred_boxes=14 gt_boxes=5
pred_scores_shape=(14,)
frame=24/41 receiver_sample=4/20 scenario=2026_07_15_01_26_56 timestamp=000106 cavs=[4, 1]
sgcp_constrained receiver=4 policy=all-cavs sources=[4, 1] clusters=20 ra=selective_edgecooper_global comm_bytes=78528 selected_grids={1: 46}
fusion_method=early pred_boxes=22 gt_boxes=30
pred_scores_shape=(22,)
frame=24/41 receiver_sample=5/20 scenario=2026_07_15_01_26_56 timestamp=000106 cavs=[5, 19]
sgcp_constrained receiver=5 policy=all-cavs sources=[5, 19] clusters=20 ra=selective_edgecooper_global comm_bytes=76928 selected_grids={19: 61}
fusion_method=early pred_boxes=18 gt_boxes=22Format = auto
Extension = pcd
Format = auto
Extension = pcd
Format = auto
Extension = pcd
Format = auto
Extension = pcd
Format = auto
Extension = pcd
Format = auto
Extension = pcd
Format = auto
Extension = pcd
Format = auto
Extension = pcd
Format = auto
Extension = pcd
Format = auto
Extension = pcd
Format = auto
Extension = pcd
Format = auto
Extension = pcd
Format = auto
Extension = pcd
Format = auto
Extension = pcd
Format = auto
Extension = pcd
Format = auto
Extension = pcd
Format = auto
Extension = pcd
Format = auto
Extension = pcd
Format = auto
Extension = pcd
Format = auto
Extension = pcd

pred_scores_shape=(18,)
frame=24/41 receiver_sample=6/20 scenario=2026_07_15_01_26_56 timestamp=000106 cavs=[6, 15]
sgcp_constrained receiver=6 policy=all-cavs sources=[6, 15] clusters=20 ra=selective_edgecooper_global comm_bytes=75680 selected_grids={15: 49}
fusion_method=early pred_boxes=14 gt_boxes=23
pred_scores_shape=(14,)
frame=24/41 receiver_sample=7/20 scenario=2026_07_15_01_26_56 timestamp=000106 cavs=[7, 17]
sgcp_constrained receiver=7 policy=all-cavs sources=[7, 17] clusters=20 ra=selective_edgecooper_global comm_bytes=79360 selected_grids={17: 62}
fusion_method=early pred_boxes=18 gt_boxes=14
pred_scores_shape=(18,)
frame=24/41 receiver_sample=8/20 scenario=2026_07_15_01_26_56 timestamp=000106 cavs=[8, 12]
sgcp_constrained receiver=8 policy=all-cavs sources=[8, 12] clusters=20 ra=selective_edgecooper_global comm_bytes=79744 selected_grids={12: 56}
fusion_method=early pred_boxes=15 gt_boxes=25
pred_scores_shape=(15,)
frame=24/41 receiver_sample=9/20 scenario=2026_07_15_01_26_56 timestamp=000106 cavs=[9]
sgcp_constrained receiver=9 policy=all-cavs sources=[9] clusters=20 ra=selective_edgecooper_global comm_bytes=0 selected_grids={}
fusion_method=early pred_boxes=15 gt_boxes=19
pred_scores_shape=(15,)
frame=24/41 receiver_sample=10/20 scenario=2026_07_15_01_26_56 timestamp=000106 cavs=[10]
sgcp_constrained receiver=10 policy=all-cavs sources=[10] clusters=20 ra=selective_edgecooper_global comm_bytes=0 selected_grids={}
fusion_method=early pred_boxes=20 gt_boxes=25
pred_scores_shape=(20,)
frame=24/41 receiver_sample=11/20 scenario=2026_07_15_01_26_56 timestamp=000106 cavs=[11, 9]
sgcp_constrained receiver=11 policy=all-cavs sources=[11, 9] clusters=20 ra=selective_edgecooper_global comm_bytes=77440 selected_grids={9: 51}
fusion_method=early pred_boxes=28 gt_boxes=32
pred_scores_shape=(28,)
frame=24/41 receiver_sample=12/20 scenario=2026_07_15_01_26_56 timestamp=000106 cavs=[12]
sgcp_constrained receiver=12 policy=all-cavs sources=[12] clusters=20 ra=selective_edgecooper_global comm_bytes=0 selected_grids={}
fusion_method=early pred_boxes=8 gt_boxes=11
pred_scores_shape=(8,)
frame=24/41 receiver_sample=13/20 scenario=2026_07_15_01_26_56 timestamp=000106 cavs=[13]
sgcp_constrained receiver=13 policy=all-cavs sources=[13] clusters=20 ra=selective_edgecooper_global comm_bytes=0 selected_grids={}
fusion_method=early pred_boxes=8 gt_boxes=13
pred_scores_shape=(8,)
frame=24/41 receiver_sample=14/20 scenario=2026_07_15_01_26_56 timestamp=000106 cavs=[14]
sgcp_constrained receiver=14 policy=all-cavs sources=[14] clusters=20 ra=selective_edgecooper_global comm_bytes=0 selected_grids={}
fusion_method=early pred_boxes=4 gt_boxes=1
pred_scores_shape=(4,)
frame=24/41 receiver_sample=15/20 scenario=2026_07_15_01_26_56 timestamp=000106 cavs=[15]
sgcp_constrained receiver=15 policy=all-cavs sources=[15] clusters=20 ra=selective_edgecooper_global comm_bytes=0 selected_grids={}
fusion_method=early pred_boxes=14 gt_boxes=12
pred_scores_shape=(14,)
frame=24/41 receiver_sample=16/20 scenario=2026_07_15_01_26_56 timestamp=000106 cavs=[16, 20]
sgcp_constrained receiver=16 policy=all-cavs sources=[16, 20] clusters=20 ra=selective_edgecooper_global comm_bytes=73424 selected_grids={20: 51}
fusion_method=early pred_boxes=24 gt_boxes=28
pred_scores_shape=(24,)
frame=24/41 receiver_sample=17/20 scenario=2026_07_15_01_26_56 timestamp=000106 cavs=[17]
sgcp_constrained receiver=17 policy=all-cavs sources=[17] clusters=20 ra=selective_edgecooper_global comm_bytes=0 selected_grids={}
fusion_method=early pred_boxes=15 gt_boxes=14
pred_scores_shape=(15,)
frame=24/41 receiver_sample=18/20 scenario=2026_07_15_01_26_56 timestamp=000106 cavs=[18, 3]
sgcp_constrained receiver=18 policy=all-cavs sources=[18, 3] clusters=20 ra=selective_edgecooper_global comm_bytes=79776 selected_grids={3: 65}
fusion_method=early pred_boxes=17 gt_boxes=14
pred_scores_shape=(17,)
frame=24/41 receiver_sample=19/20 scenario=2026_07_15_01_26_56 timestamp=000106 cavs=[19]
sgcp_constrained receiver=19 policy=all-cavs sources=[19] clusters=20 ra=selective_edgecooper_global comm_bytes=0 selected_grids={}
fusion_method=early pred_boxes=11 gt_boxes=15
pred_scores_shape=(11,)
frame=24/41 receiver_sample=20/20 scenario=2026_07_15_01_26_56 timestamp=000106 cavs=[20]
sgcp_constrained receiver=20 policy=all-cavs sources=[20] clusters=20 ra=selective_edgecooper_global comm_bytes=0 selected_grids={}
fusion_method=early pred_boxes=20 gt_boxes=19
pred_scores_shape=(20,)
frame=25/41 receiver_sample=1/20 scenario=2026_07_15_01_26_56 timestamp=000108 cavs=[1]
sgcp_constrained receiver=1 policy=all-cavs sources=[1] clusters=20 ra=selective_edgecooper_global comm_bytes=0 selected_grids={}
fusion_method=early pred_boxes=18 gt_boxes=16
pred_scores_shape=(18,)
frame=25/41 receiver_sample=2/20 scenario=2026_07_15_01_26_56 timestamp=000108 cavs=[2, 10]
sgcp_constrained receiver=2 policy=all-cavs sources=[2, 10] clusters=20 ra=selective_edgecooper_global comm_bytes=78656 selected_grids={10: 54}
fusion_method=early pred_boxes=25 gt_boxes=39
pred_scores_shape=(25,)
frame=25/41 receiver_sample=3/20 scenario=2026_07_15_01_26_56 timestamp=000108 cavs=[3]
sgcp_constrained receiver=3 policy=all-cavs sources=[3] clusters=20 ra=selective_edgecooper_global comm_bytes=0 selected_grids={}
fusion_method=early pred_boxes=13 gt_boxes=5
pred_scores_shape=(13,)
frame=25/41 receiver_sample=4/20 scenario=2026_07_15_01_26_56 timestamp=000108 cavs=[4, 1]
sgcp_constrained receiver=4 policy=all-cavs sources=[4, 1] clusters=20 ra=selective_edgecooper_global comm_bytes=78528 selected_grids={1: 46}
fusion_method=early pred_boxes=23 gt_boxes=30
pred_scores_shape=(23,)
frame=25/41 receiver_sample=5/20 scenario=2026_07_15_01_26_56 timestamp=000108 cavs=[5, 19]
sgcp_constrained receiver=5 policy=all-cavs sources=[5, 19] clusters=20 ra=selective_edgecooper_global comm_bytes=76976 selected_grids={19: 61}
fusion_method=early pred_boxes=20 gt_boxes=23
pred_scores_shape=(20,)
frame=25/41 receiver_sample=6/20 scenario=2026_07_15_01_26_56 timestamp=000108 cavs=[6, 15]
sgcp_constrained receiver=6 policy=all-cavs sources=[6, 15] clusters=20 ra=selective_edgecooper_global comm_bytes=76032 selected_grids={15: 49}
fusion_method=early pred_boxes=16 gt_boxes=24
pred_scores_shape=(16,)
frame=25/41 receiver_sample=7/20 scenario=2026_07_15_01_26_56 timestamp=000108 cavs=[7, 17]
sgcp_constrained receiver=7 policy=all-cavs sources=[7, 17] clusters=20 ra=selective_edgecooper_global comm_bytes=79456 selected_grids={17: 62}
fusion_method=early pred_boxes=19 gt_boxes=15
pred_scores_shape=(19,)
frame=25/41 receiver_sample=8/20 scenario=2026_07_15_01_26_56 timestamp=000108 cavs=[8]
sgcp_constrained receiver=8 policy=all-cavs sources=[8] clusters=20 ra=selective_edgecooper_global comm_bytes=0 selected_grids={}
fusion_method=early pred_boxes=12 gt_boxes=23
pred_scores_shape=(12,)
frame=25/41 receiver_sample=9/20 scenario=2026_07_15_01_26_56 timestamp=000108 cavs=[9]
sgcp_constrained receiver=9 policy=all-cavs sources=[9] clusters=20 ra=selective_edgecooper_global comm_bytes=0 selected_grids={}
fusion_method=early pred_boxes=14 gt_boxes=19
pred_scores_shape=(14,)
frame=25/41 receiver_sample=10/20 scenario=2026_07_15_01_26_56 timestamp=000108 cavs=[10]
sgcp_constrained receiver=10 policy=all-cavs sources=[10] clusters=20 ra=selective_edgecooper_global comm_bytes=0 selected_grids={}
fusion_method=early pred_boxes=20 gt_boxes=25
pred_scores_shape=(20,)
frame=25/41 receiver_sample=11/20 scenario=2026_07_15_01_26_56 timestamp=000108 cavs=[11, 9]
sgcp_constrained receiver=11 policy=all-cavs sources=[11, 9] clusters=20 ra=selective_edgecooper_global comm_bytes=77456 selected_grids={9: 51}
fusion_method=early pred_boxes=28 gt_boxes=32
pred_scores_shape=(28,)
frame=25/41 receiver_sample=12/20 scenario=2026_07_15_01_26_56 timestamp=000108 cavs=[12, 8]
sgcp_constrained receiver=12 policy=all-cavs sources=[12, 8] clusters=20 ra=selective_edgecooper_global comm_bytes=76512 selected_grids={8: 50}
fusion_method=early pred_boxes=16 gt_boxes=30
pred_scores_shape=(16,)
frame=25/41 receiver_sample=13/20 scenario=2026_07_15_01_26_56 timestamp=000108 cavs=[13]Format = auto
Extension = pcd
Format = auto
Extension = pcd
Format = auto
Extension = pcd
Format = auto
Extension = pcd
Format = auto
Extension = pcd
Format = auto
Extension = pcd
Format = auto
Extension = pcd
Format = auto
Extension = pcd
Format = auto
Extension = pcd
Format = auto
Extension = pcd
Format = auto
Extension = pcd
Format = auto
Extension = pcd
Format = auto
Extension = pcd
Format = auto
Extension = pcd
Format = auto
Extension = pcd
Format = auto
Extension = pcd
Format = auto
Extension = pcd
Format = auto
Extension = pcd
Format = auto
Extension = pcd
Format = auto
Extension = pcd

sgcp_constrained receiver=13 policy=all-cavs sources=[13] clusters=20 ra=selective_edgecooper_global comm_bytes=0 selected_grids={}
fusion_method=early pred_boxes=7 gt_boxes=13
pred_scores_shape=(7,)
frame=25/41 receiver_sample=14/20 scenario=2026_07_15_01_26_56 timestamp=000108 cavs=[14]
sgcp_constrained receiver=14 policy=all-cavs sources=[14] clusters=20 ra=selective_edgecooper_global comm_bytes=0 selected_grids={}
fusion_method=early pred_boxes=4 gt_boxes=1
pred_scores_shape=(4,)
frame=25/41 receiver_sample=15/20 scenario=2026_07_15_01_26_56 timestamp=000108 cavs=[15]
sgcp_constrained receiver=15 policy=all-cavs sources=[15] clusters=20 ra=selective_edgecooper_global comm_bytes=0 selected_grids={}
fusion_method=early pred_boxes=12 gt_boxes=13
pred_scores_shape=(12,)
frame=25/41 receiver_sample=16/20 scenario=2026_07_15_01_26_56 timestamp=000108 cavs=[16, 20]
sgcp_constrained receiver=16 policy=all-cavs sources=[16, 20] clusters=20 ra=selective_edgecooper_global comm_bytes=73440 selected_grids={20: 51}
fusion_method=early pred_boxes=27 gt_boxes=29
pred_scores_shape=(27,)
frame=25/41 receiver_sample=17/20 scenario=2026_07_15_01_26_56 timestamp=000108 cavs=[17]
sgcp_constrained receiver=17 policy=all-cavs sources=[17] clusters=20 ra=selective_edgecooper_global comm_bytes=0 selected_grids={}
fusion_method=early pred_boxes=18 gt_boxes=13
pred_scores_shape=(18,)
frame=25/41 receiver_sample=18/20 scenario=2026_07_15_01_26_56 timestamp=000108 cavs=[18, 3]
sgcp_constrained receiver=18 policy=all-cavs sources=[18, 3] clusters=20 ra=selective_edgecooper_global comm_bytes=79552 selected_grids={3: 66}
fusion_method=early pred_boxes=17 gt_boxes=14
pred_scores_shape=(17,)
frame=25/41 receiver_sample=19/20 scenario=2026_07_15_01_26_56 timestamp=000108 cavs=[19]
sgcp_constrained receiver=19 policy=all-cavs sources=[19] clusters=20 ra=selective_edgecooper_global comm_bytes=0 selected_grids={}
fusion_method=early pred_boxes=11 gt_boxes=15
pred_scores_shape=(11,)
frame=25/41 receiver_sample=20/20 scenario=2026_07_15_01_26_56 timestamp=000108 cavs=[20]
sgcp_constrained receiver=20 policy=all-cavs sources=[20] clusters=20 ra=selective_edgecooper_global comm_bytes=0 selected_grids={}
fusion_method=early pred_boxes=18 gt_boxes=19
pred_scores_shape=(18,)
frame=26/41 receiver_sample=1/20 scenario=2026_07_15_01_26_56 timestamp=000110 cavs=[1]
sgcp_constrained receiver=1 policy=all-cavs sources=[1] clusters=20 ra=selective_edgecooper_global comm_bytes=0 selected_grids={}
fusion_method=early pred_boxes=14 gt_boxes=16
pred_scores_shape=(14,)
frame=26/41 receiver_sample=2/20 scenario=2026_07_15_01_26_56 timestamp=000110 cavs=[2, 10]
sgcp_constrained receiver=2 policy=all-cavs sources=[2, 10] clusters=20 ra=selective_edgecooper_global comm_bytes=78672 selected_grids={10: 54}
fusion_method=early pred_boxes=29 gt_boxes=39
pred_scores_shape=(29,)
frame=26/41 receiver_sample=3/20 scenario=2026_07_15_01_26_56 timestamp=000110 cavs=[3]
sgcp_constrained receiver=3 policy=all-cavs sources=[3] clusters=20 ra=selective_edgecooper_global comm_bytes=0 selected_grids={}
fusion_method=early pred_boxes=13 gt_boxes=4
pred_scores_shape=(13,)
frame=26/41 receiver_sample=4/20 scenario=2026_07_15_01_26_56 timestamp=000110 cavs=[4, 1]
sgcp_constrained receiver=4 policy=all-cavs sources=[4, 1] clusters=20 ra=selective_edgecooper_global comm_bytes=78528 selected_grids={1: 46}
fusion_method=early pred_boxes=22 gt_boxes=30
pred_scores_shape=(22,)
frame=26/41 receiver_sample=5/20 scenario=2026_07_15_01_26_56 timestamp=000110 cavs=[5, 17]
sgcp_constrained receiver=5 policy=all-cavs sources=[5, 17] clusters=20 ra=selective_edgecooper_global comm_bytes=78912 selected_grids={17: 62}
fusion_method=early pred_boxes=21 gt_boxes=25
pred_scores_shape=(21,)
frame=26/41 receiver_sample=6/20 scenario=2026_07_15_01_26_56 timestamp=000110 cavs=[6, 15]
sgcp_constrained receiver=6 policy=all-cavs sources=[6, 15] clusters=20 ra=selective_edgecooper_global comm_bytes=76160 selected_grids={15: 48}
fusion_method=early pred_boxes=18 gt_boxes=24
pred_scores_shape=(18,)
frame=26/41 receiver_sample=7/20 scenario=2026_07_15_01_26_56 timestamp=000110 cavs=[7, 12]
sgcp_constrained receiver=7 policy=all-cavs sources=[7, 12] clusters=20 ra=selective_edgecooper_global comm_bytes=79088 selected_grids={12: 55}
fusion_method=early pred_boxes=19 gt_boxes=20
pred_scores_shape=(19,)
frame=26/41 receiver_sample=8/20 scenario=2026_07_15_01_26_56 timestamp=000110 cavs=[8, 11]
sgcp_constrained receiver=8 policy=all-cavs sources=[8, 11] clusters=20 ra=selective_edgecooper_global comm_bytes=76416 selected_grids={11: 55}
fusion_method=early pred_boxes=23 gt_boxes=31
pred_scores_shape=(23,)
frame=26/41 receiver_sample=9/20 scenario=2026_07_15_01_26_56 timestamp=000110 cavs=[9]
sgcp_constrained receiver=9 policy=all-cavs sources=[9] clusters=20 ra=selective_edgecooper_global comm_bytes=0 selected_grids={}
fusion_method=early pred_boxes=15 gt_boxes=19
pred_scores_shape=(15,)
frame=26/41 receiver_sample=10/20 scenario=2026_07_15_01_26_56 timestamp=000110 cavs=[10]
sgcp_constrained receiver=10 policy=all-cavs sources=[10] clusters=20 ra=selective_edgecooper_global comm_bytes=0 selected_grids={}
fusion_method=early pred_boxes=19 gt_boxes=25
pred_scores_shape=(19,)
frame=26/41 receiver_sample=11/20 scenario=2026_07_15_01_26_56 timestamp=000110 cavs=[11]
sgcp_constrained receiver=11 policy=all-cavs sources=[11] clusters=20 ra=selective_edgecooper_global comm_bytes=0 selected_grids={}
fusion_method=early pred_boxes=16 gt_boxes=22
pred_scores_shape=(16,)
frame=26/41 receiver_sample=12/20 scenario=2026_07_15_01_26_56 timestamp=000110 cavs=[12]
sgcp_constrained receiver=12 policy=all-cavs sources=[12] clusters=20 ra=selective_edgecooper_global comm_bytes=0 selected_grids={}
fusion_method=early pred_boxes=9 gt_boxes=12
pred_scores_shape=(9,)
frame=26/41 receiver_sample=13/20 scenario=2026_07_15_01_26_56 timestamp=000110 cavs=[13, 9]
sgcp_constrained receiver=13 policy=all-cavs sources=[13, 9] clusters=20 ra=selective_edgecooper_global comm_bytes=71728 selected_grids={9: 48}
fusion_method=early pred_boxes=16 gt_boxes=27
pred_scores_shape=(16,)
frame=26/41 receiver_sample=14/20 scenario=2026_07_15_01_26_56 timestamp=000110 cavs=[14]
sgcp_constrained receiver=14 policy=all-cavs sources=[14] clusters=20 ra=selective_edgecooper_global comm_bytes=0 selected_grids={}
fusion_method=early pred_boxes=4 gt_boxes=1
pred_scores_shape=(4,)
frame=26/41 receiver_sample=15/20 scenario=2026_07_15_01_26_56 timestamp=000110 cavs=[15]
sgcp_constrained receiver=15 policy=all-cavs sources=[15] clusters=20 ra=selective_edgecooper_global comm_bytes=0 selected_grids={}
fusion_method=early pred_boxes=12 gt_boxes=13
pred_scores_shape=(12,)
frame=26/41 receiver_sample=16/20 scenario=2026_07_15_01_26_56 timestamp=000110 cavs=[16]
sgcp_constrained receiver=16 policy=all-cavs sources=[16] clusters=20 ra=selective_edgecooper_global comm_bytes=0 selected_grids={}
fusion_method=early pred_boxes=16 gt_boxes=21
pred_scores_shape=(16,)
frame=26/41 receiver_sample=17/20 scenario=2026_07_15_01_26_56 timestamp=000110 cavs=[17]
sgcp_constrained receiver=17 policy=all-cavs sources=[17] clusters=20 ra=selective_edgecooper_global comm_bytes=0 selected_grids={}
fusion_method=early pred_boxes=16 gt_boxes=14
pred_scores_shape=(16,)
frame=26/41 receiver_sample=18/20 scenario=2026_07_15_01_26_56 timestamp=000110 cavs=[18, 3]
sgcp_constrained receiver=18 policy=all-cavs sources=[18, 3] clusters=20 ra=selective_edgecooper_global comm_bytes=79872 selected_grids={3: 65}
fusion_method=early pred_boxes=19 gt_boxes=13
pred_scores_shape=(19,)
frame=26/41 receiver_sample=19/20 scenario=2026_07_15_01_26_56 timestamp=000110 cavs=[19, 20]
sgcp_constrained receiver=19 policy=all-cavs sources=[19, 20] clusters=20 ra=selective_edgecooper_global comm_bytes=78192 selected_grids={20: 56}
fusion_method=early pred_boxes=21 gt_boxes=29
pred_scores_shape=(21,)
frame=26/41 receiver_sample=20/20 scenario=2026_07_15_01_26_56 timestamp=000110 cavs=[20]
sgcp_constrained receiver=20 policy=all-cavs sources=[20] clusters=20 ra=selective_edgecooper_global comm_bytes=0 selected_grids={}Format = auto
Extension = pcd
Format = auto
Extension = pcd
Format = auto
Extension = pcd
Format = auto
Extension = pcd
Format = auto
Extension = pcd
Format = auto
Extension = pcd
Format = auto
Extension = pcd
Format = auto
Extension = pcd
Format = auto
Extension = pcd
Format = auto
Extension = pcd
Format = auto
Extension = pcd
Format = auto
Extension = pcd
Format = auto
Extension = pcd
Format = auto
Extension = pcd
Format = auto
Extension = pcd
Format = auto
Extension = pcd
Format = auto
Extension = pcd
Format = auto
Extension = pcd
Format = auto
Extension = pcd
Format = auto
Extension = pcd
Format = auto
Extension = pcd
Format = auto
Extension = pcd
Format = auto
Extension = pcd
Format = auto
Extension = pcd
Format = auto
Extension = pcd
Format = auto
Extension = pcd
Format = auto
Extension = pcd
Format = auto
Extension = pcd
Format = auto
Extension = pcd
Format = auto
Extension = pcd
Format = auto
Extension = pcd
Format = auto
Extension = pcd
Format = auto
Extension = pcd
Format = auto
Extension = pcd
Format = auto
Extension = pcd
Format = auto
Extension = pcd
Format = auto
Extension = pcd
Format = auto
Extension = pcd
Format = auto
Extension = pcd
Format = auto
Extension = pcd

fusion_method=early pred_boxes=18 gt_boxes=19
pred_scores_shape=(18,)
frame=27/41 receiver_sample=1/20 scenario=2026_07_15_01_26_56 timestamp=000112 cavs=[1]
sgcp_constrained receiver=1 policy=all-cavs sources=[1] clusters=20 ra=selective_edgecooper_global comm_bytes=0 selected_grids={}
fusion_method=early pred_boxes=14 gt_boxes=16
pred_scores_shape=(14,)
frame=27/41 receiver_sample=2/20 scenario=2026_07_15_01_26_56 timestamp=000112 cavs=[2]
sgcp_constrained receiver=2 policy=all-cavs sources=[2] clusters=20 ra=selective_edgecooper_global comm_bytes=0 selected_grids={}
fusion_method=early pred_boxes=13 gt_boxes=23
pred_scores_shape=(13,)
frame=27/41 receiver_sample=3/20 scenario=2026_07_15_01_26_56 timestamp=000112 cavs=[3]
sgcp_constrained receiver=3 policy=all-cavs sources=[3] clusters=20 ra=selective_edgecooper_global comm_bytes=0 selected_grids={}
fusion_method=early pred_boxes=15 gt_boxes=4
pred_scores_shape=(15,)
frame=27/41 receiver_sample=4/20 scenario=2026_07_15_01_26_56 timestamp=000112 cavs=[4, 1]
sgcp_constrained receiver=4 policy=all-cavs sources=[4, 1] clusters=20 ra=selective_edgecooper_global comm_bytes=78512 selected_grids={1: 45}
fusion_method=early pred_boxes=22 gt_boxes=30
pred_scores_shape=(22,)
frame=27/41 receiver_sample=5/20 scenario=2026_07_15_01_26_56 timestamp=000112 cavs=[5]
sgcp_constrained receiver=5 policy=all-cavs sources=[5] clusters=20 ra=selective_edgecooper_global comm_bytes=0 selected_grids={}
fusion_method=early pred_boxes=12 gt_boxes=16
pred_scores_shape=(12,)
frame=27/41 receiver_sample=6/20 scenario=2026_07_15_01_26_56 timestamp=000112 cavs=[6]
sgcp_constrained receiver=6 policy=all-cavs sources=[6] clusters=20 ra=selective_edgecooper_global comm_bytes=0 selected_grids={}
fusion_method=early pred_boxes=12 gt_boxes=16
pred_scores_shape=(12,)
frame=27/41 receiver_sample=7/20 scenario=2026_07_15_01_26_56 timestamp=000112 cavs=[7]
sgcp_constrained receiver=7 policy=all-cavs sources=[7] clusters=20 ra=selective_edgecooper_global comm_bytes=0 selected_grids={}
fusion_method=early pred_boxes=14 gt_boxes=13
pred_scores_shape=(14,)
frame=27/41 receiver_sample=8/20 scenario=2026_07_15_01_26_56 timestamp=000112 cavs=[8, 12]
sgcp_constrained receiver=8 policy=all-cavs sources=[8, 12] clusters=20 ra=selective_edgecooper_global comm_bytes=80176 selected_grids={12: 58}
fusion_method=early pred_boxes=16 gt_boxes=27
pred_scores_shape=(16,)
frame=27/41 receiver_sample=9/20 scenario=2026_07_15_01_26_56 timestamp=000112 cavs=[9]
sgcp_constrained receiver=9 policy=all-cavs sources=[9] clusters=20 ra=selective_edgecooper_global comm_bytes=0 selected_grids={}
fusion_method=early pred_boxes=13 gt_boxes=19
pred_scores_shape=(13,)
frame=27/41 receiver_sample=10/20 scenario=2026_07_15_01_26_56 timestamp=000112 cavs=[10, 5]
sgcp_constrained receiver=10 policy=all-cavs sources=[10, 5] clusters=20 ra=selective_edgecooper_global comm_bytes=77456 selected_grids={5: 51}
fusion_method=early pred_boxes=24 gt_boxes=37
pred_scores_shape=(24,)
frame=27/41 receiver_sample=11/20 scenario=2026_07_15_01_26_56 timestamp=000112 cavs=[11, 9]
sgcp_constrained receiver=11 policy=all-cavs sources=[11, 9] clusters=20 ra=selective_edgecooper_global comm_bytes=77488 selected_grids={9: 51}
fusion_method=early pred_boxes=27 gt_boxes=32
pred_scores_shape=(27,)
frame=27/41 receiver_sample=12/20 scenario=2026_07_15_01_26_56 timestamp=000112 cavs=[12]
sgcp_constrained receiver=12 policy=all-cavs sources=[12] clusters=20 ra=selective_edgecooper_global comm_bytes=0 selected_grids={}
fusion_method=early pred_boxes=8 gt_boxes=10
pred_scores_shape=(8,)
frame=27/41 receiver_sample=13/20 scenario=2026_07_15_01_26_56 timestamp=000112 cavs=[13, 19]
sgcp_constrained receiver=13 policy=all-cavs sources=[13, 19] clusters=20 ra=selective_edgecooper_global comm_bytes=74432 selected_grids={19: 57}
fusion_method=early pred_boxes=14 gt_boxes=26
pred_scores_shape=(14,)
frame=27/41 receiver_sample=14/20 scenario=2026_07_15_01_26_56 timestamp=000112 cavs=[14]
sgcp_constrained receiver=14 policy=all-cavs sources=[14] clusters=20 ra=selective_edgecooper_global comm_bytes=0 selected_grids={}
fusion_method=early pred_boxes=3 gt_boxes=1
pred_scores_shape=(3,)
frame=27/41 receiver_sample=15/20 scenario=2026_07_15_01_26_56 timestamp=000112 cavs=[15, 2]
sgcp_constrained receiver=15 policy=all-cavs sources=[15, 2] clusters=20 ra=selective_edgecooper_global comm_bytes=77648 selected_grids={2: 54}
fusion_method=early pred_boxes=23 gt_boxes=29
pred_scores_shape=(23,)
frame=27/41 receiver_sample=16/20 scenario=2026_07_15_01_26_56 timestamp=000112 cavs=[16]
sgcp_constrained receiver=16 policy=all-cavs sources=[16] clusters=20 ra=selective_edgecooper_global comm_bytes=0 selected_grids={}
fusion_method=early pred_boxes=17 gt_boxes=21
pred_scores_shape=(17,)
frame=27/41 receiver_sample=17/20 scenario=2026_07_15_01_26_56 timestamp=000112 cavs=[17, 7]
sgcp_constrained receiver=17 policy=all-cavs sources=[17, 7] clusters=20 ra=selective_edgecooper_global comm_bytes=78128 selected_grids={7: 56}
fusion_method=early pred_boxes=21 gt_boxes=16
pred_scores_shape=(21,)
frame=27/41 receiver_sample=18/20 scenario=2026_07_15_01_26_56 timestamp=000112 cavs=[18, 3]
sgcp_constrained receiver=18 policy=all-cavs sources=[18, 3] clusters=20 ra=selective_edgecooper_global comm_bytes=79696 selected_grids={3: 64}
fusion_method=early pred_boxes=19 gt_boxes=12
pred_scores_shape=(19,)
frame=27/41 receiver_sample=19/20 scenario=2026_07_15_01_26_56 timestamp=000112 cavs=[19]
sgcp_constrained receiver=19 policy=all-cavs sources=[19] clusters=20 ra=selective_edgecooper_global comm_bytes=0 selected_grids={}
fusion_method=early pred_boxes=13 gt_boxes=15
pred_scores_shape=(13,)
frame=27/41 receiver_sample=20/20 scenario=2026_07_15_01_26_56 timestamp=000112 cavs=[20, 16]
sgcp_constrained receiver=20 policy=all-cavs sources=[20, 16] clusters=20 ra=selective_edgecooper_global comm_bytes=73616 selected_grids={16: 54}
fusion_method=early pred_boxes=25 gt_boxes=30
pred_scores_shape=(25,)
frame=28/41 receiver_sample=1/20 scenario=2026_07_15_01_26_56 timestamp=000114 cavs=[1]
sgcp_constrained receiver=1 policy=all-cavs sources=[1] clusters=20 ra=selective_edgecooper_global comm_bytes=0 selected_grids={}
fusion_method=early pred_boxes=16 gt_boxes=16
pred_scores_shape=(16,)
frame=28/41 receiver_sample=2/20 scenario=2026_07_15_01_26_56 timestamp=000114 cavs=[2]
sgcp_constrained receiver=2 policy=all-cavs sources=[2] clusters=20 ra=selective_edgecooper_global comm_bytes=0 selected_grids={}
fusion_method=early pred_boxes=14 gt_boxes=23
pred_scores_shape=(14,)
frame=28/41 receiver_sample=3/20 scenario=2026_07_15_01_26_56 timestamp=000114 cavs=[3]
sgcp_constrained receiver=3 policy=all-cavs sources=[3] clusters=20 ra=selective_edgecooper_global comm_bytes=0 selected_grids={}
fusion_method=early pred_boxes=13 gt_boxes=4
pred_scores_shape=(13,)
frame=28/41 receiver_sample=4/20 scenario=2026_07_15_01_26_56 timestamp=000114 cavs=[4, 1]
sgcp_constrained receiver=4 policy=all-cavs sources=[4, 1] clusters=20 ra=selective_edgecooper_global comm_bytes=78512 selected_grids={1: 45}
fusion_method=early pred_boxes=24 gt_boxes=30
pred_scores_shape=(24,)
frame=28/41 receiver_sample=5/20 scenario=2026_07_15_01_26_56 timestamp=000114 cavs=[5, 17]
sgcp_constrained receiver=5 policy=all-cavs sources=[5, 17] clusters=20 ra=selective_edgecooper_global comm_bytes=79168 selected_grids={17: 64}
fusion_method=early pred_boxes=24 gt_boxes=25
pred_scores_shape=(24,)
frame=28/41 receiver_sample=6/20 scenario=2026_07_15_01_26_56 timestamp=000114 cavs=[6, 15]
sgcp_constrained receiver=6 policy=all-cavs sources=[6, 15] clusters=20 ra=selective_edgecooper_global comm_bytes=75984 selected_grids={15: 49}
fusion_method=early pred_boxes=17 gt_boxes=24
pred_scores_shape=(17,)
frame=28/41 receiver_sample=7/20 scenario=2026_07_15_01_26_56 timestamp=000114 cavs=[7, 12]
sgcp_constrained receiver=7 policy=all-cavs sources=[7, 12] clusters=20 ra=selective_edgecooper_global comm_bytes=79376 selected_grids={12: 53}
fusion_method=early pred_boxes=17 gt_boxes=21
pred_scores_shape=(17,)Format = auto
Extension = pcd
Format = auto
Extension = pcd
Format = auto
Extension = pcd
Format = auto
Extension = pcd
Format = auto
Extension = pcd
Format = auto
Extension = pcd
Format = auto
Extension = pcd
Format = auto
Extension = pcd
Format = auto
Extension = pcd
Format = auto
Extension = pcd
Format = auto
Extension = pcd
Format = auto
Extension = pcd
Format = auto
Extension = pcd
Format = auto
Extension = pcd
Format = auto
Extension = pcd
Format = auto
Extension = pcd
Format = auto
Extension = pcd
Format = auto
Extension = pcd
Format = auto
Extension = pcd
Format = auto
Extension = pcd

frame=28/41 receiver_sample=8/20 scenario=2026_07_15_01_26_56 timestamp=000114 cavs=[8, 2]
sgcp_constrained receiver=8 policy=all-cavs sources=[8, 2] clusters=20 ra=selective_edgecooper_global comm_bytes=75776 selected_grids={2: 53}
fusion_method=early pred_boxes=18 gt_boxes=35
pred_scores_shape=(18,)
frame=28/41 receiver_sample=9/20 scenario=2026_07_15_01_26_56 timestamp=000114 cavs=[9]
sgcp_constrained receiver=9 policy=all-cavs sources=[9] clusters=20 ra=selective_edgecooper_global comm_bytes=0 selected_grids={}
fusion_method=early pred_boxes=13 gt_boxes=18
pred_scores_shape=(13,)
frame=28/41 receiver_sample=10/20 scenario=2026_07_15_01_26_56 timestamp=000114 cavs=[10]
sgcp_constrained receiver=10 policy=all-cavs sources=[10] clusters=20 ra=selective_edgecooper_global comm_bytes=0 selected_grids={}
fusion_method=early pred_boxes=20 gt_boxes=25
pred_scores_shape=(20,)
frame=28/41 receiver_sample=11/20 scenario=2026_07_15_01_26_56 timestamp=000114 cavs=[11, 9]
sgcp_constrained receiver=11 policy=all-cavs sources=[11, 9] clusters=20 ra=selective_edgecooper_global comm_bytes=77472 selected_grids={9: 51}
fusion_method=early pred_boxes=29 gt_boxes=32
pred_scores_shape=(29,)
frame=28/41 receiver_sample=12/20 scenario=2026_07_15_01_26_56 timestamp=000114 cavs=[12]
sgcp_constrained receiver=12 policy=all-cavs sources=[12] clusters=20 ra=selective_edgecooper_global comm_bytes=0 selected_grids={}
fusion_method=early pred_boxes=8 gt_boxes=12
pred_scores_shape=(8,)
frame=28/41 receiver_sample=13/20 scenario=2026_07_15_01_26_56 timestamp=000114 cavs=[13, 10]
sgcp_constrained receiver=13 policy=all-cavs sources=[13, 10] clusters=20 ra=selective_edgecooper_global comm_bytes=77168 selected_grids={10: 50}
fusion_method=early pred_boxes=17 gt_boxes=32
pred_scores_shape=(17,)
frame=28/41 receiver_sample=14/20 scenario=2026_07_15_01_26_56 timestamp=000114 cavs=[14]
sgcp_constrained receiver=14 policy=all-cavs sources=[14] clusters=20 ra=selective_edgecooper_global comm_bytes=0 selected_grids={}
fusion_method=early pred_boxes=3 gt_boxes=2
pred_scores_shape=(3,)
frame=28/41 receiver_sample=15/20 scenario=2026_07_15_01_26_56 timestamp=000114 cavs=[15]
sgcp_constrained receiver=15 policy=all-cavs sources=[15] clusters=20 ra=selective_edgecooper_global comm_bytes=0 selected_grids={}
fusion_method=early pred_boxes=15 gt_boxes=13
pred_scores_shape=(15,)
frame=28/41 receiver_sample=16/20 scenario=2026_07_15_01_26_56 timestamp=000114 cavs=[16]
sgcp_constrained receiver=16 policy=all-cavs sources=[16] clusters=20 ra=selective_edgecooper_global comm_bytes=0 selected_grids={}
fusion_method=early pred_boxes=15 gt_boxes=21
pred_scores_shape=(15,)
frame=28/41 receiver_sample=17/20 scenario=2026_07_15_01_26_56 timestamp=000114 cavs=[17]
sgcp_constrained receiver=17 policy=all-cavs sources=[17] clusters=20 ra=selective_edgecooper_global comm_bytes=0 selected_grids={}
fusion_method=early pred_boxes=14 gt_boxes=13
pred_scores_shape=(14,)
frame=28/41 receiver_sample=18/20 scenario=2026_07_15_01_26_56 timestamp=000114 cavs=[18, 3]
sgcp_constrained receiver=18 policy=all-cavs sources=[18, 3] clusters=20 ra=selective_edgecooper_global comm_bytes=79568 selected_grids={3: 65}
fusion_method=early pred_boxes=17 gt_boxes=13
pred_scores_shape=(17,)
frame=28/41 receiver_sample=19/20 scenario=2026_07_15_01_26_56 timestamp=000114 cavs=[19, 20]
sgcp_constrained receiver=19 policy=all-cavs sources=[19, 20] clusters=20 ra=selective_edgecooper_global comm_bytes=78208 selected_grids={20: 56}
fusion_method=early pred_boxes=19 gt_boxes=29
pred_scores_shape=(19,)
frame=28/41 receiver_sample=20/20 scenario=2026_07_15_01_26_56 timestamp=000114 cavs=[20]
sgcp_constrained receiver=20 policy=all-cavs sources=[20] clusters=20 ra=selective_edgecooper_global comm_bytes=0 selected_grids={}
fusion_method=early pred_boxes=18 gt_boxes=19
pred_scores_shape=(18,)
frame=29/41 receiver_sample=1/20 scenario=2026_07_15_01_26_56 timestamp=000116 cavs=[1]
sgcp_constrained receiver=1 policy=all-cavs sources=[1] clusters=20 ra=selective_edgecooper_global comm_bytes=0 selected_grids={}
fusion_method=early pred_boxes=17 gt_boxes=16
pred_scores_shape=(17,)
frame=29/41 receiver_sample=2/20 scenario=2026_07_15_01_26_56 timestamp=000116 cavs=[2]
sgcp_constrained receiver=2 policy=all-cavs sources=[2] clusters=20 ra=selective_edgecooper_global comm_bytes=0 selected_grids={}
fusion_method=early pred_boxes=14 gt_boxes=24
pred_scores_shape=(14,)
frame=29/41 receiver_sample=3/20 scenario=2026_07_15_01_26_56 timestamp=000116 cavs=[3]
sgcp_constrained receiver=3 policy=all-cavs sources=[3] clusters=20 ra=selective_edgecooper_global comm_bytes=0 selected_grids={}
fusion_method=early pred_boxes=12 gt_boxes=4
pred_scores_shape=(12,)
frame=29/41 receiver_sample=4/20 scenario=2026_07_15_01_26_56 timestamp=000116 cavs=[4, 1]
sgcp_constrained receiver=4 policy=all-cavs sources=[4, 1] clusters=20 ra=selective_edgecooper_global comm_bytes=78512 selected_grids={1: 45}
fusion_method=early pred_boxes=22 gt_boxes=30
pred_scores_shape=(22,)
frame=29/41 receiver_sample=5/20 scenario=2026_07_15_01_26_56 timestamp=000116 cavs=[5, 17]
sgcp_constrained receiver=5 policy=all-cavs sources=[5, 17] clusters=20 ra=selective_edgecooper_global comm_bytes=79264 selected_grids={17: 60}
fusion_method=early pred_boxes=28 gt_boxes=24
pred_scores_shape=(28,)
frame=29/41 receiver_sample=6/20 scenario=2026_07_15_01_26_56 timestamp=000116 cavs=[6, 15]
sgcp_constrained receiver=6 policy=all-cavs sources=[6, 15] clusters=20 ra=selective_edgecooper_global comm_bytes=76064 selected_grids={15: 49}
fusion_method=early pred_boxes=16 gt_boxes=24
pred_scores_shape=(16,)
frame=29/41 receiver_sample=7/20 scenario=2026_07_15_01_26_56 timestamp=000116 cavs=[7, 12]
sgcp_constrained receiver=7 policy=all-cavs sources=[7, 12] clusters=20 ra=selective_edgecooper_global comm_bytes=79152 selected_grids={12: 54}
fusion_method=early pred_boxes=19 gt_boxes=20
pred_scores_shape=(19,)
frame=29/41 receiver_sample=8/20 scenario=2026_07_15_01_26_56 timestamp=000116 cavs=[8, 2]
sgcp_constrained receiver=8 policy=all-cavs sources=[8, 2] clusters=20 ra=selective_edgecooper_global comm_bytes=75776 selected_grids={2: 52}
fusion_method=early pred_boxes=18 gt_boxes=35
pred_scores_shape=(18,)
frame=29/41 receiver_sample=9/20 scenario=2026_07_15_01_26_56 timestamp=000116 cavs=[9]
sgcp_constrained receiver=9 policy=all-cavs sources=[9] clusters=20 ra=selective_edgecooper_global comm_bytes=0 selected_grids={}
fusion_method=early pred_boxes=13 gt_boxes=18
pred_scores_shape=(13,)
frame=29/41 receiver_sample=10/20 scenario=2026_07_15_01_26_56 timestamp=000116 cavs=[10]
sgcp_constrained receiver=10 policy=all-cavs sources=[10] clusters=20 ra=selective_edgecooper_global comm_bytes=0 selected_grids={}
fusion_method=early pred_boxes=19 gt_boxes=25
pred_scores_shape=(19,)
frame=29/41 receiver_sample=11/20 scenario=2026_07_15_01_26_56 timestamp=000116 cavs=[11, 9]
sgcp_constrained receiver=11 policy=all-cavs sources=[11, 9] clusters=20 ra=selective_edgecooper_global comm_bytes=77456 selected_grids={9: 52}
fusion_method=early pred_boxes=27 gt_boxes=32
pred_scores_shape=(27,)
frame=29/41 receiver_sample=12/20 scenario=2026_07_15_01_26_56 timestamp=000116 cavs=[12]
sgcp_constrained receiver=12 policy=all-cavs sources=[12] clusters=20 ra=selective_edgecooper_global comm_bytes=0 selected_grids={}
fusion_method=early pred_boxes=7 gt_boxes=10
pred_scores_shape=(7,)
frame=29/41 receiver_sample=13/20 scenario=2026_07_15_01_26_56 timestamp=000116 cavs=[13, 10]
sgcp_constrained receiver=13 policy=all-cavs sources=[13, 10] clusters=20 ra=selective_edgecooper_global comm_bytes=77488 selected_grids={10: 52}
fusion_method=early pred_boxes=18 gt_boxes=32
pred_scores_shape=(18,)
frame=29/41 receiver_sample=14/20 scenario=2026_07_15_01_26_56 timestamp=000116 cavs=[14]
sgcp_constrained receiver=14 policy=all-cavs sources=[14] clusters=20 ra=selective_edgecooper_global comm_bytes=0 selected_grids={}
fusion_method=early pred_boxes=4 gt_boxes=2
pred_scores_shape=(4,)
frame=29/41 receiver_sample=15/20 scenario=2026_07_15_01_26_56 timestamp=000116 cavs=[15]Format = auto
Extension = pcd
Format = auto
Extension = pcd
Format = auto
Extension = pcd
Format = auto
Extension = pcd
Format = auto
Extension = pcd
Format = auto
Extension = pcd
Format = auto
Extension = pcd
Format = auto
Extension = pcd
Format = auto
Extension = pcd
Format = auto
Extension = pcd
Format = auto
Extension = pcd
Format = auto
Extension = pcd
Format = auto
Extension = pcd
Format = auto
Extension = pcd
Format = auto
Extension = pcd
Format = auto
Extension = pcd
Format = auto
Extension = pcd
Format = auto
Extension = pcd
Format = auto
Extension = pcd
Format = auto
Extension = pcd
Format = auto
Extension = pcd
Format = auto
Extension = pcd
Format = auto
Extension = pcd
Format = auto
Extension = pcd
Format = auto
Extension = pcd
Format = auto
Extension = pcd
Format = auto
Extension = pcd
Format = auto
Extension = pcd
Format = auto
Extension = pcd
Format = auto
Extension = pcd
Format = auto
Extension = pcd
Format = auto
Extension = pcd
Format = auto
Extension = pcd
Format = auto
Extension = pcd
Format = auto
Extension = pcd
Format = auto
Extension = pcd
Format = auto
Extension = pcd
Format = auto
Extension = pcd
Format = auto
Extension = pcd
Format = auto
Extension = pcd

sgcp_constrained receiver=15 policy=all-cavs sources=[15] clusters=20 ra=selective_edgecooper_global comm_bytes=0 selected_grids={}
fusion_method=early pred_boxes=16 gt_boxes=13
pred_scores_shape=(16,)
frame=29/41 receiver_sample=16/20 scenario=2026_07_15_01_26_56 timestamp=000116 cavs=[16]
sgcp_constrained receiver=16 policy=all-cavs sources=[16] clusters=20 ra=selective_edgecooper_global comm_bytes=0 selected_grids={}
fusion_method=early pred_boxes=15 gt_boxes=20
pred_scores_shape=(15,)
frame=29/41 receiver_sample=17/20 scenario=2026_07_15_01_26_56 timestamp=000116 cavs=[17]
sgcp_constrained receiver=17 policy=all-cavs sources=[17] clusters=20 ra=selective_edgecooper_global comm_bytes=0 selected_grids={}
fusion_method=early pred_boxes=16 gt_boxes=13
pred_scores_shape=(16,)
frame=29/41 receiver_sample=18/20 scenario=2026_07_15_01_26_56 timestamp=000116 cavs=[18, 3]
sgcp_constrained receiver=18 policy=all-cavs sources=[18, 3] clusters=20 ra=selective_edgecooper_global comm_bytes=79744 selected_grids={3: 65}
fusion_method=early pred_boxes=15 gt_boxes=12
pred_scores_shape=(15,)
frame=29/41 receiver_sample=19/20 scenario=2026_07_15_01_26_56 timestamp=000116 cavs=[19, 20]
sgcp_constrained receiver=19 policy=all-cavs sources=[19, 20] clusters=20 ra=selective_edgecooper_global comm_bytes=78208 selected_grids={20: 56}
fusion_method=early pred_boxes=19 gt_boxes=29
pred_scores_shape=(19,)
frame=29/41 receiver_sample=20/20 scenario=2026_07_15_01_26_56 timestamp=000116 cavs=[20]
sgcp_constrained receiver=20 policy=all-cavs sources=[20] clusters=20 ra=selective_edgecooper_global comm_bytes=0 selected_grids={}
fusion_method=early pred_boxes=18 gt_boxes=19
pred_scores_shape=(18,)
frame=30/41 receiver_sample=1/20 scenario=2026_07_15_01_26_56 timestamp=000118 cavs=[1]
sgcp_constrained receiver=1 policy=all-cavs sources=[1] clusters=20 ra=selective_edgecooper_global comm_bytes=0 selected_grids={}
fusion_method=early pred_boxes=20 gt_boxes=16
pred_scores_shape=(20,)
frame=30/41 receiver_sample=2/20 scenario=2026_07_15_01_26_56 timestamp=000118 cavs=[2]
sgcp_constrained receiver=2 policy=all-cavs sources=[2] clusters=20 ra=selective_edgecooper_global comm_bytes=0 selected_grids={}
fusion_method=early pred_boxes=14 gt_boxes=24
pred_scores_shape=(14,)
frame=30/41 receiver_sample=3/20 scenario=2026_07_15_01_26_56 timestamp=000118 cavs=[3]
sgcp_constrained receiver=3 policy=all-cavs sources=[3] clusters=20 ra=selective_edgecooper_global comm_bytes=0 selected_grids={}
fusion_method=early pred_boxes=12 gt_boxes=4
pred_scores_shape=(12,)
frame=30/41 receiver_sample=4/20 scenario=2026_07_15_01_26_56 timestamp=000118 cavs=[4, 1]
sgcp_constrained receiver=4 policy=all-cavs sources=[4, 1] clusters=20 ra=selective_edgecooper_global comm_bytes=78512 selected_grids={1: 45}
fusion_method=early pred_boxes=25 gt_boxes=29
pred_scores_shape=(25,)
frame=30/41 receiver_sample=5/20 scenario=2026_07_15_01_26_56 timestamp=000118 cavs=[5, 17]
sgcp_constrained receiver=5 policy=all-cavs sources=[5, 17] clusters=20 ra=selective_edgecooper_global comm_bytes=79296 selected_grids={17: 60}
fusion_method=early pred_boxes=24 gt_boxes=24
pred_scores_shape=(24,)
frame=30/41 receiver_sample=6/20 scenario=2026_07_15_01_26_56 timestamp=000118 cavs=[6, 15]
sgcp_constrained receiver=6 policy=all-cavs sources=[6, 15] clusters=20 ra=selective_edgecooper_global comm_bytes=76464 selected_grids={15: 50}
fusion_method=early pred_boxes=17 gt_boxes=23
pred_scores_shape=(17,)
frame=30/41 receiver_sample=7/20 scenario=2026_07_15_01_26_56 timestamp=000118 cavs=[7, 12]
sgcp_constrained receiver=7 policy=all-cavs sources=[7, 12] clusters=20 ra=selective_edgecooper_global comm_bytes=79504 selected_grids={12: 53}
fusion_method=early pred_boxes=18 gt_boxes=21
pred_scores_shape=(18,)
frame=30/41 receiver_sample=8/20 scenario=2026_07_15_01_26_56 timestamp=000118 cavs=[8, 2]
sgcp_constrained receiver=8 policy=all-cavs sources=[8, 2] clusters=20 ra=selective_edgecooper_global comm_bytes=75920 selected_grids={2: 53}
fusion_method=early pred_boxes=21 gt_boxes=35
pred_scores_shape=(21,)
frame=30/41 receiver_sample=9/20 scenario=2026_07_15_01_26_56 timestamp=000118 cavs=[9]
sgcp_constrained receiver=9 policy=all-cavs sources=[9] clusters=20 ra=selective_edgecooper_global comm_bytes=0 selected_grids={}
fusion_method=early pred_boxes=13 gt_boxes=17
pred_scores_shape=(13,)
frame=30/41 receiver_sample=10/20 scenario=2026_07_15_01_26_56 timestamp=000118 cavs=[10]
sgcp_constrained receiver=10 policy=all-cavs sources=[10] clusters=20 ra=selective_edgecooper_global comm_bytes=0 selected_grids={}
fusion_method=early pred_boxes=19 gt_boxes=26
pred_scores_shape=(19,)
frame=30/41 receiver_sample=11/20 scenario=2026_07_15_01_26_56 timestamp=000118 cavs=[11, 9]
sgcp_constrained receiver=11 policy=all-cavs sources=[11, 9] clusters=20 ra=selective_edgecooper_global comm_bytes=77456 selected_grids={9: 51}
fusion_method=early pred_boxes=26 gt_boxes=31
pred_scores_shape=(26,)
frame=30/41 receiver_sample=12/20 scenario=2026_07_15_01_26_56 timestamp=000118 cavs=[12]
sgcp_constrained receiver=12 policy=all-cavs sources=[12] clusters=20 ra=selective_edgecooper_global comm_bytes=0 selected_grids={}
fusion_method=early pred_boxes=8 gt_boxes=11
pred_scores_shape=(8,)
frame=30/41 receiver_sample=13/20 scenario=2026_07_15_01_26_56 timestamp=000118 cavs=[13, 10]
sgcp_constrained receiver=13 policy=all-cavs sources=[13, 10] clusters=20 ra=selective_edgecooper_global comm_bytes=77136 selected_grids={10: 51}
fusion_method=early pred_boxes=16 gt_boxes=32
pred_scores_shape=(16,)
frame=30/41 receiver_sample=14/20 scenario=2026_07_15_01_26_56 timestamp=000118 cavs=[14]
sgcp_constrained receiver=14 policy=all-cavs sources=[14] clusters=20 ra=selective_edgecooper_global comm_bytes=0 selected_grids={}
fusion_method=early pred_boxes=4 gt_boxes=1
pred_scores_shape=(4,)
frame=30/41 receiver_sample=15/20 scenario=2026_07_15_01_26_56 timestamp=000118 cavs=[15]
sgcp_constrained receiver=15 policy=all-cavs sources=[15] clusters=20 ra=selective_edgecooper_global comm_bytes=0 selected_grids={}
fusion_method=early pred_boxes=13 gt_boxes=12
pred_scores_shape=(13,)
frame=30/41 receiver_sample=16/20 scenario=2026_07_15_01_26_56 timestamp=000118 cavs=[16]
sgcp_constrained receiver=16 policy=all-cavs sources=[16] clusters=20 ra=selective_edgecooper_global comm_bytes=0 selected_grids={}
fusion_method=early pred_boxes=11 gt_boxes=21
pred_scores_shape=(11,)
frame=30/41 receiver_sample=17/20 scenario=2026_07_15_01_26_56 timestamp=000118 cavs=[17]
sgcp_constrained receiver=17 policy=all-cavs sources=[17] clusters=20 ra=selective_edgecooper_global comm_bytes=0 selected_grids={}
fusion_method=early pred_boxes=14 gt_boxes=13
pred_scores_shape=(14,)
frame=30/41 receiver_sample=18/20 scenario=2026_07_15_01_26_56 timestamp=000118 cavs=[18, 3]
sgcp_constrained receiver=18 policy=all-cavs sources=[18, 3] clusters=20 ra=selective_edgecooper_global comm_bytes=79696 selected_grids={3: 64}
fusion_method=early pred_boxes=17 gt_boxes=11
pred_scores_shape=(17,)
frame=30/41 receiver_sample=19/20 scenario=2026_07_15_01_26_56 timestamp=000118 cavs=[19, 20]
sgcp_constrained receiver=19 policy=all-cavs sources=[19, 20] clusters=20 ra=selective_edgecooper_global comm_bytes=78208 selected_grids={20: 56}
fusion_method=early pred_boxes=22 gt_boxes=29
pred_scores_shape=(22,)
frame=30/41 receiver_sample=20/20 scenario=2026_07_15_01_26_56 timestamp=000118 cavs=[20]
sgcp_constrained receiver=20 policy=all-cavs sources=[20] clusters=20 ra=selective_edgecooper_global comm_bytes=0 selected_grids={}
fusion_method=early pred_boxes=18 gt_boxes=19
pred_scores_shape=(18,)
frame=31/41 receiver_sample=1/20 scenario=2026_07_15_01_26_56 timestamp=000120 cavs=[1]
sgcp_constrained receiver=1 policy=all-cavs sources=[1] clusters=20 ra=selective_edgecooper_global comm_bytes=0 selected_grids={}
fusion_method=early pred_boxes=18 gt_boxes=16
pred_scores_shape=(18,)
frame=31/41 receiver_sample=2/20 scenario=2026_07_15_01_26_56 timestamp=000120 cavs=[2]
sgcp_constrained receiver=2 policy=all-cavs sources=[2] clusters=20 ra=selective_edgecooper_global comm_bytes=0 selected_grids={}Format = auto
Extension = pcd
Format = auto
Extension = pcd
Format = auto
Extension = pcd
Format = auto
Extension = pcd
Format = auto
Extension = pcd
Format = auto
Extension = pcd
Format = auto
Extension = pcd
Format = auto
Extension = pcd
Format = auto
Extension = pcd
Format = auto
Extension = pcd
Format = auto
Extension = pcd
Format = auto
Extension = pcd
Format = auto
Extension = pcd
Format = auto
Extension = pcd
Format = auto
Extension = pcd
Format = auto
Extension = pcd
Format = auto
Extension = pcd
Format = auto
Extension = pcd
Format = auto
Extension = pcd
Format = auto
Extension = pcd

fusion_method=early pred_boxes=13 gt_boxes=24
pred_scores_shape=(13,)
frame=31/41 receiver_sample=3/20 scenario=2026_07_15_01_26_56 timestamp=000120 cavs=[3]
sgcp_constrained receiver=3 policy=all-cavs sources=[3] clusters=20 ra=selective_edgecooper_global comm_bytes=0 selected_grids={}
fusion_method=early pred_boxes=12 gt_boxes=4
pred_scores_shape=(12,)
frame=31/41 receiver_sample=4/20 scenario=2026_07_15_01_26_56 timestamp=000120 cavs=[4, 1]
sgcp_constrained receiver=4 policy=all-cavs sources=[4, 1] clusters=20 ra=selective_edgecooper_global comm_bytes=78528 selected_grids={1: 45}
fusion_method=early pred_boxes=25 gt_boxes=29
pred_scores_shape=(25,)
frame=31/41 receiver_sample=5/20 scenario=2026_07_15_01_26_56 timestamp=000120 cavs=[5, 17]
sgcp_constrained receiver=5 policy=all-cavs sources=[5, 17] clusters=20 ra=selective_edgecooper_global comm_bytes=79408 selected_grids={17: 60}
fusion_method=early pred_boxes=24 gt_boxes=24
pred_scores_shape=(24,)
frame=31/41 receiver_sample=6/20 scenario=2026_07_15_01_26_56 timestamp=000120 cavs=[6, 15]
sgcp_constrained receiver=6 policy=all-cavs sources=[6, 15] clusters=20 ra=selective_edgecooper_global comm_bytes=76224 selected_grids={15: 49}
fusion_method=early pred_boxes=16 gt_boxes=23
pred_scores_shape=(16,)
frame=31/41 receiver_sample=7/20 scenario=2026_07_15_01_26_56 timestamp=000120 cavs=[7, 12]
sgcp_constrained receiver=7 policy=all-cavs sources=[7, 12] clusters=20 ra=selective_edgecooper_global comm_bytes=79456 selected_grids={12: 55}
fusion_method=early pred_boxes=18 gt_boxes=21
pred_scores_shape=(18,)
frame=31/41 receiver_sample=8/20 scenario=2026_07_15_01_26_56 timestamp=000120 cavs=[8, 2]
sgcp_constrained receiver=8 policy=all-cavs sources=[8, 2] clusters=20 ra=selective_edgecooper_global comm_bytes=75904 selected_grids={2: 53}
fusion_method=early pred_boxes=21 gt_boxes=34
pred_scores_shape=(21,)
frame=31/41 receiver_sample=9/20 scenario=2026_07_15_01_26_56 timestamp=000120 cavs=[9]
sgcp_constrained receiver=9 policy=all-cavs sources=[9] clusters=20 ra=selective_edgecooper_global comm_bytes=0 selected_grids={}
fusion_method=early pred_boxes=13 gt_boxes=17
pred_scores_shape=(13,)
frame=31/41 receiver_sample=10/20 scenario=2026_07_15_01_26_56 timestamp=000120 cavs=[10]
sgcp_constrained receiver=10 policy=all-cavs sources=[10] clusters=20 ra=selective_edgecooper_global comm_bytes=0 selected_grids={}
fusion_method=early pred_boxes=19 gt_boxes=26
pred_scores_shape=(19,)
frame=31/41 receiver_sample=11/20 scenario=2026_07_15_01_26_56 timestamp=000120 cavs=[11, 9]
sgcp_constrained receiver=11 policy=all-cavs sources=[11, 9] clusters=20 ra=selective_edgecooper_global comm_bytes=77472 selected_grids={9: 51}
fusion_method=early pred_boxes=27 gt_boxes=31
pred_scores_shape=(27,)
frame=31/41 receiver_sample=12/20 scenario=2026_07_15_01_26_56 timestamp=000120 cavs=[12]
sgcp_constrained receiver=12 policy=all-cavs sources=[12] clusters=20 ra=selective_edgecooper_global comm_bytes=0 selected_grids={}
fusion_method=early pred_boxes=10 gt_boxes=10
pred_scores_shape=(10,)
frame=31/41 receiver_sample=13/20 scenario=2026_07_15_01_26_56 timestamp=000120 cavs=[13, 10]
sgcp_constrained receiver=13 policy=all-cavs sources=[13, 10] clusters=20 ra=selective_edgecooper_global comm_bytes=77152 selected_grids={10: 52}
fusion_method=early pred_boxes=19 gt_boxes=32
pred_scores_shape=(19,)
frame=31/41 receiver_sample=14/20 scenario=2026_07_15_01_26_56 timestamp=000120 cavs=[14]
sgcp_constrained receiver=14 policy=all-cavs sources=[14] clusters=20 ra=selective_edgecooper_global comm_bytes=0 selected_grids={}
fusion_method=early pred_boxes=3 gt_boxes=1
pred_scores_shape=(3,)
frame=31/41 receiver_sample=15/20 scenario=2026_07_15_01_26_56 timestamp=000120 cavs=[15]
sgcp_constrained receiver=15 policy=all-cavs sources=[15] clusters=20 ra=selective_edgecooper_global comm_bytes=0 selected_grids={}
fusion_method=early pred_boxes=14 gt_boxes=12
pred_scores_shape=(14,)
frame=31/41 receiver_sample=16/20 scenario=2026_07_15_01_26_56 timestamp=000120 cavs=[16]
sgcp_constrained receiver=16 policy=all-cavs sources=[16] clusters=20 ra=selective_edgecooper_global comm_bytes=0 selected_grids={}
fusion_method=early pred_boxes=14 gt_boxes=20
pred_scores_shape=(14,)
frame=31/41 receiver_sample=17/20 scenario=2026_07_15_01_26_56 timestamp=000120 cavs=[17]
sgcp_constrained receiver=17 policy=all-cavs sources=[17] clusters=20 ra=selective_edgecooper_global comm_bytes=0 selected_grids={}
fusion_method=early pred_boxes=15 gt_boxes=13
pred_scores_shape=(15,)
frame=31/41 receiver_sample=18/20 scenario=2026_07_15_01_26_56 timestamp=000120 cavs=[18, 3]
sgcp_constrained receiver=18 policy=all-cavs sources=[18, 3] clusters=20 ra=selective_edgecooper_global comm_bytes=79120 selected_grids={3: 60}
fusion_method=early pred_boxes=17 gt_boxes=12
pred_scores_shape=(17,)
frame=31/41 receiver_sample=19/20 scenario=2026_07_15_01_26_56 timestamp=000120 cavs=[19, 20]
sgcp_constrained receiver=19 policy=all-cavs sources=[19, 20] clusters=20 ra=selective_edgecooper_global comm_bytes=78240 selected_grids={20: 56}
fusion_method=early pred_boxes=19 gt_boxes=30
pred_scores_shape=(19,)
frame=31/41 receiver_sample=20/20 scenario=2026_07_15_01_26_56 timestamp=000120 cavs=[20]
sgcp_constrained receiver=20 policy=all-cavs sources=[20] clusters=20 ra=selective_edgecooper_global comm_bytes=0 selected_grids={}
fusion_method=early pred_boxes=17 gt_boxes=19
pred_scores_shape=(17,)
frame=32/41 receiver_sample=1/20 scenario=2026_07_15_01_26_56 timestamp=000122 cavs=[1]
sgcp_constrained receiver=1 policy=all-cavs sources=[1] clusters=20 ra=selective_edgecooper_global comm_bytes=0 selected_grids={}
fusion_method=early pred_boxes=17 gt_boxes=16
pred_scores_shape=(17,)
frame=32/41 receiver_sample=2/20 scenario=2026_07_15_01_26_56 timestamp=000122 cavs=[2]
sgcp_constrained receiver=2 policy=all-cavs sources=[2] clusters=20 ra=selective_edgecooper_global comm_bytes=0 selected_grids={}
fusion_method=early pred_boxes=13 gt_boxes=24
pred_scores_shape=(13,)
frame=32/41 receiver_sample=3/20 scenario=2026_07_15_01_26_56 timestamp=000122 cavs=[3]
sgcp_constrained receiver=3 policy=all-cavs sources=[3] clusters=20 ra=selective_edgecooper_global comm_bytes=0 selected_grids={}
fusion_method=early pred_boxes=12 gt_boxes=4
pred_scores_shape=(12,)
frame=32/41 receiver_sample=4/20 scenario=2026_07_15_01_26_56 timestamp=000122 cavs=[4, 1]
sgcp_constrained receiver=4 policy=all-cavs sources=[4, 1] clusters=20 ra=selective_edgecooper_global comm_bytes=78496 selected_grids={1: 45}
fusion_method=early pred_boxes=22 gt_boxes=30
pred_scores_shape=(22,)
frame=32/41 receiver_sample=5/20 scenario=2026_07_15_01_26_56 timestamp=000122 cavs=[5, 17]
sgcp_constrained receiver=5 policy=all-cavs sources=[5, 17] clusters=20 ra=selective_edgecooper_global comm_bytes=79344 selected_grids={17: 60}
fusion_method=early pred_boxes=24 gt_boxes=23
pred_scores_shape=(24,)
frame=32/41 receiver_sample=6/20 scenario=2026_07_15_01_26_56 timestamp=000122 cavs=[6, 15]
sgcp_constrained receiver=6 policy=all-cavs sources=[6, 15] clusters=20 ra=selective_edgecooper_global comm_bytes=76224 selected_grids={15: 49}
fusion_method=early pred_boxes=16 gt_boxes=23
pred_scores_shape=(16,)
frame=32/41 receiver_sample=7/20 scenario=2026_07_15_01_26_56 timestamp=000122 cavs=[7, 12]
sgcp_constrained receiver=7 policy=all-cavs sources=[7, 12] clusters=20 ra=selective_edgecooper_global comm_bytes=79504 selected_grids={12: 53}
fusion_method=early pred_boxes=18 gt_boxes=21
pred_scores_shape=(18,)
frame=32/41 receiver_sample=8/20 scenario=2026_07_15_01_26_56 timestamp=000122 cavs=[8, 2]
sgcp_constrained receiver=8 policy=all-cavs sources=[8, 2] clusters=20 ra=selective_edgecooper_global comm_bytes=75936 selected_grids={2: 53}
fusion_method=early pred_boxes=21 gt_boxes=34
pred_scores_shape=(21,)
frame=32/41 receiver_sample=9/20 scenario=2026_07_15_01_26_56 timestamp=000122 cavs=[9]
sgcp_constrained receiver=9 policy=all-cavs sources=[9] clusters=20 ra=selective_edgecooper_global comm_bytes=0 selected_grids={}
fusion_method=early pred_boxes=14 gt_boxes=16Format = auto
Extension = pcd
Format = auto
Extension = pcd
Format = auto
Extension = pcd
Format = auto
Extension = pcd
Format = auto
Extension = pcd
Format = auto
Extension = pcd
Format = auto
Extension = pcd
Format = auto
Extension = pcd
Format = auto
Extension = pcd
Format = auto
Extension = pcd
Format = auto
Extension = pcd
Format = auto
Extension = pcd
Format = auto
Extension = pcd
Format = auto
Extension = pcd
Format = auto
Extension = pcd
Format = auto
Extension = pcd
Format = auto
Extension = pcd
Format = auto
Extension = pcd
Format = auto
Extension = pcd
Format = auto
Extension = pcd

pred_scores_shape=(14,)
frame=32/41 receiver_sample=10/20 scenario=2026_07_15_01_26_56 timestamp=000122 cavs=[10]
sgcp_constrained receiver=10 policy=all-cavs sources=[10] clusters=20 ra=selective_edgecooper_global comm_bytes=0 selected_grids={}
fusion_method=early pred_boxes=20 gt_boxes=25
pred_scores_shape=(20,)
frame=32/41 receiver_sample=11/20 scenario=2026_07_15_01_26_56 timestamp=000122 cavs=[11, 9]
sgcp_constrained receiver=11 policy=all-cavs sources=[11, 9] clusters=20 ra=selective_edgecooper_global comm_bytes=77424 selected_grids={9: 50}
fusion_method=early pred_boxes=26 gt_boxes=30
pred_scores_shape=(26,)
frame=32/41 receiver_sample=12/20 scenario=2026_07_15_01_26_56 timestamp=000122 cavs=[12]
sgcp_constrained receiver=12 policy=all-cavs sources=[12] clusters=20 ra=selective_edgecooper_global comm_bytes=0 selected_grids={}
fusion_method=early pred_boxes=9 gt_boxes=9
pred_scores_shape=(9,)
frame=32/41 receiver_sample=13/20 scenario=2026_07_15_01_26_56 timestamp=000122 cavs=[13, 10]
sgcp_constrained receiver=13 policy=all-cavs sources=[13, 10] clusters=20 ra=selective_edgecooper_global comm_bytes=77520 selected_grids={10: 53}
fusion_method=early pred_boxes=19 gt_boxes=32
pred_scores_shape=(19,)
frame=32/41 receiver_sample=14/20 scenario=2026_07_15_01_26_56 timestamp=000122 cavs=[14]
sgcp_constrained receiver=14 policy=all-cavs sources=[14] clusters=20 ra=selective_edgecooper_global comm_bytes=0 selected_grids={}
fusion_method=early pred_boxes=3 gt_boxes=1
pred_scores_shape=(3,)
frame=32/41 receiver_sample=15/20 scenario=2026_07_15_01_26_56 timestamp=000122 cavs=[15]
sgcp_constrained receiver=15 policy=all-cavs sources=[15] clusters=20 ra=selective_edgecooper_global comm_bytes=0 selected_grids={}
fusion_method=early pred_boxes=14 gt_boxes=12
pred_scores_shape=(14,)
frame=32/41 receiver_sample=16/20 scenario=2026_07_15_01_26_56 timestamp=000122 cavs=[16]
sgcp_constrained receiver=16 policy=all-cavs sources=[16] clusters=20 ra=selective_edgecooper_global comm_bytes=0 selected_grids={}
fusion_method=early pred_boxes=13 gt_boxes=20
pred_scores_shape=(13,)
frame=32/41 receiver_sample=17/20 scenario=2026_07_15_01_26_56 timestamp=000122 cavs=[17]
sgcp_constrained receiver=17 policy=all-cavs sources=[17] clusters=20 ra=selective_edgecooper_global comm_bytes=0 selected_grids={}
fusion_method=early pred_boxes=14 gt_boxes=13
pred_scores_shape=(14,)
frame=32/41 receiver_sample=18/20 scenario=2026_07_15_01_26_56 timestamp=000122 cavs=[18, 3]
sgcp_constrained receiver=18 policy=all-cavs sources=[18, 3] clusters=20 ra=selective_edgecooper_global comm_bytes=79136 selected_grids={3: 64}
fusion_method=early pred_boxes=15 gt_boxes=11
pred_scores_shape=(15,)
frame=32/41 receiver_sample=19/20 scenario=2026_07_15_01_26_56 timestamp=000122 cavs=[19, 20]
sgcp_constrained receiver=19 policy=all-cavs sources=[19, 20] clusters=20 ra=selective_edgecooper_global comm_bytes=78176 selected_grids={20: 54}
fusion_method=early pred_boxes=18 gt_boxes=30
pred_scores_shape=(18,)
frame=32/41 receiver_sample=20/20 scenario=2026_07_15_01_26_56 timestamp=000122 cavs=[20]
sgcp_constrained receiver=20 policy=all-cavs sources=[20] clusters=20 ra=selective_edgecooper_global comm_bytes=0 selected_grids={}
fusion_method=early pred_boxes=18 gt_boxes=19
pred_scores_shape=(18,)
frame=33/41 receiver_sample=1/20 scenario=2026_07_15_01_26_56 timestamp=000124 cavs=[1]
sgcp_constrained receiver=1 policy=all-cavs sources=[1] clusters=20 ra=selective_edgecooper_global comm_bytes=0 selected_grids={}
fusion_method=early pred_boxes=18 gt_boxes=16
pred_scores_shape=(18,)
frame=33/41 receiver_sample=2/20 scenario=2026_07_15_01_26_56 timestamp=000124 cavs=[2, 8]
sgcp_constrained receiver=2 policy=all-cavs sources=[2, 8] clusters=20 ra=selective_edgecooper_global comm_bytes=76720 selected_grids={8: 53}
fusion_method=early pred_boxes=15 gt_boxes=38
pred_scores_shape=(15,)
frame=33/41 receiver_sample=3/20 scenario=2026_07_15_01_26_56 timestamp=000124 cavs=[3]
sgcp_constrained receiver=3 policy=all-cavs sources=[3] clusters=20 ra=selective_edgecooper_global comm_bytes=0 selected_grids={}
fusion_method=early pred_boxes=10 gt_boxes=5
pred_scores_shape=(10,)
frame=33/41 receiver_sample=4/20 scenario=2026_07_15_01_26_56 timestamp=000124 cavs=[4, 1]
sgcp_constrained receiver=4 policy=all-cavs sources=[4, 1] clusters=20 ra=selective_edgecooper_global comm_bytes=78496 selected_grids={1: 45}
fusion_method=early pred_boxes=24 gt_boxes=30
pred_scores_shape=(24,)
frame=33/41 receiver_sample=5/20 scenario=2026_07_15_01_26_56 timestamp=000124 cavs=[5, 16]
sgcp_constrained receiver=5 policy=all-cavs sources=[5, 16] clusters=20 ra=selective_edgecooper_global comm_bytes=78096 selected_grids={16: 56}
fusion_method=early pred_boxes=25 gt_boxes=29
pred_scores_shape=(25,)
frame=33/41 receiver_sample=6/20 scenario=2026_07_15_01_26_56 timestamp=000124 cavs=[6, 15]
sgcp_constrained receiver=6 policy=all-cavs sources=[6, 15] clusters=20 ra=selective_edgecooper_global comm_bytes=76176 selected_grids={15: 49}
fusion_method=early pred_boxes=17 gt_boxes=23
pred_scores_shape=(17,)
frame=33/41 receiver_sample=7/20 scenario=2026_07_15_01_26_56 timestamp=000124 cavs=[7]
sgcp_constrained receiver=7 policy=all-cavs sources=[7] clusters=20 ra=selective_edgecooper_global comm_bytes=0 selected_grids={}
fusion_method=early pred_boxes=13 gt_boxes=14
pred_scores_shape=(13,)
frame=33/41 receiver_sample=8/20 scenario=2026_07_15_01_26_56 timestamp=000124 cavs=[8]
sgcp_constrained receiver=8 policy=all-cavs sources=[8] clusters=20 ra=selective_edgecooper_global comm_bytes=0 selected_grids={}
fusion_method=early pred_boxes=13 gt_boxes=21
pred_scores_shape=(13,)
frame=33/41 receiver_sample=9/20 scenario=2026_07_15_01_26_56 timestamp=000124 cavs=[9]
sgcp_constrained receiver=9 policy=all-cavs sources=[9] clusters=20 ra=selective_edgecooper_global comm_bytes=0 selected_grids={}
fusion_method=early pred_boxes=14 gt_boxes=17
pred_scores_shape=(14,)
frame=33/41 receiver_sample=10/20 scenario=2026_07_15_01_26_56 timestamp=000124 cavs=[10]
sgcp_constrained receiver=10 policy=all-cavs sources=[10] clusters=20 ra=selective_edgecooper_global comm_bytes=0 selected_grids={}
fusion_method=early pred_boxes=20 gt_boxes=25
pred_scores_shape=(20,)
frame=33/41 receiver_sample=11/20 scenario=2026_07_15_01_26_56 timestamp=000124 cavs=[11, 9]
sgcp_constrained receiver=11 policy=all-cavs sources=[11, 9] clusters=20 ra=selective_edgecooper_global comm_bytes=77472 selected_grids={9: 52}
fusion_method=early pred_boxes=28 gt_boxes=31
pred_scores_shape=(28,)
frame=33/41 receiver_sample=12/20 scenario=2026_07_15_01_26_56 timestamp=000124 cavs=[12]
sgcp_constrained receiver=12 policy=all-cavs sources=[12] clusters=20 ra=selective_edgecooper_global comm_bytes=0 selected_grids={}
fusion_method=early pred_boxes=9 gt_boxes=10
pred_scores_shape=(9,)
frame=33/41 receiver_sample=13/20 scenario=2026_07_15_01_26_56 timestamp=000124 cavs=[13, 10]
sgcp_constrained receiver=13 policy=all-cavs sources=[13, 10] clusters=20 ra=selective_edgecooper_global comm_bytes=77504 selected_grids={10: 52}
fusion_method=early pred_boxes=16 gt_boxes=32
pred_scores_shape=(16,)
frame=33/41 receiver_sample=14/20 scenario=2026_07_15_01_26_56 timestamp=000124 cavs=[14]
sgcp_constrained receiver=14 policy=all-cavs sources=[14] clusters=20 ra=selective_edgecooper_global comm_bytes=0 selected_grids={}
fusion_method=early pred_boxes=2 gt_boxes=1
pred_scores_shape=(2,)
frame=33/41 receiver_sample=15/20 scenario=2026_07_15_01_26_56 timestamp=000124 cavs=[15]
sgcp_constrained receiver=15 policy=all-cavs sources=[15] clusters=20 ra=selective_edgecooper_global comm_bytes=0 selected_grids={}
fusion_method=early pred_boxes=16 gt_boxes=12
pred_scores_shape=(16,)
frame=33/41 receiver_sample=16/20 scenario=2026_07_15_01_26_56 timestamp=000124 cavs=[16]
sgcp_constrained receiver=16 policy=all-cavs sources=[16] clusters=20 ra=selective_edgecooper_global comm_bytes=0 selected_grids={}
fusion_method=early pred_boxes=16 gt_boxes=20
pred_scores_shape=(16,)
frame=33/41 receiver_sample=17/20 scenario=2026_07_15_01_26_56 timestamp=000124 cavs=[17, 7]Format = auto
Extension = pcd
Format = auto
Extension = pcd
Format = auto
Extension = pcd
Format = auto
Extension = pcd
Format = auto
Extension = pcd
Format = auto
Extension = pcd
Format = auto
Extension = pcd
Format = auto
Extension = pcd
Format = auto
Extension = pcd
Format = auto
Extension = pcd
Format = auto
Extension = pcd
Format = auto
Extension = pcd
Format = auto
Extension = pcd
Format = auto
Extension = pcd
Format = auto
Extension = pcd
Format = auto
Extension = pcd
Format = auto
Extension = pcd
Format = auto
Extension = pcd
Format = auto
Extension = pcd
Format = auto
Extension = pcd
Format = auto
Extension = pcd
Format = auto
Extension = pcd
Format = auto
Extension = pcd
Format = auto
Extension = pcd
Format = auto
Extension = pcd
Format = auto
Extension = pcd
Format = auto
Extension = pcd
Format = auto
Extension = pcd
Format = auto
Extension = pcd
Format = auto
Extension = pcd
Format = auto
Extension = pcd
Format = auto
Extension = pcd
Format = auto
Extension = pcd
Format = auto
Extension = pcd
Format = auto
Extension = pcd
Format = auto
Extension = pcd
Format = auto
Extension = pcd
Format = auto
Extension = pcd
Format = auto
Extension = pcd
Format = auto
Extension = pcd

sgcp_constrained receiver=17 policy=all-cavs sources=[17, 7] clusters=20 ra=selective_edgecooper_global comm_bytes=77968 selected_grids={7: 55}
fusion_method=early pred_boxes=19 gt_boxes=16
pred_scores_shape=(19,)
frame=33/41 receiver_sample=18/20 scenario=2026_07_15_01_26_56 timestamp=000124 cavs=[18, 3]
sgcp_constrained receiver=18 policy=all-cavs sources=[18, 3] clusters=20 ra=selective_edgecooper_global comm_bytes=79856 selected_grids={3: 64}
fusion_method=early pred_boxes=15 gt_boxes=12
pred_scores_shape=(15,)
frame=33/41 receiver_sample=19/20 scenario=2026_07_15_01_26_56 timestamp=000124 cavs=[19, 20]
sgcp_constrained receiver=19 policy=all-cavs sources=[19, 20] clusters=20 ra=selective_edgecooper_global comm_bytes=78176 selected_grids={20: 54}
fusion_method=early pred_boxes=19 gt_boxes=30
pred_scores_shape=(19,)
frame=33/41 receiver_sample=20/20 scenario=2026_07_15_01_26_56 timestamp=000124 cavs=[20]
sgcp_constrained receiver=20 policy=all-cavs sources=[20] clusters=20 ra=selective_edgecooper_global comm_bytes=0 selected_grids={}
fusion_method=early pred_boxes=17 gt_boxes=19
pred_scores_shape=(17,)
frame=34/41 receiver_sample=1/20 scenario=2026_07_15_01_26_56 timestamp=000126 cavs=[1, 8]
sgcp_constrained receiver=1 policy=all-cavs sources=[1, 8] clusters=20 ra=selective_edgecooper_global comm_bytes=70656 selected_grids={8: 53}
fusion_method=early pred_boxes=16 gt_boxes=29
pred_scores_shape=(16,)
frame=34/41 receiver_sample=2/20 scenario=2026_07_15_01_26_56 timestamp=000126 cavs=[2, 10]
sgcp_constrained receiver=2 policy=all-cavs sources=[2, 10] clusters=20 ra=selective_edgecooper_global comm_bytes=78576 selected_grids={10: 53}
fusion_method=early pred_boxes=27 gt_boxes=41
pred_scores_shape=(27,)
frame=34/41 receiver_sample=3/20 scenario=2026_07_15_01_26_56 timestamp=000126 cavs=[3]
sgcp_constrained receiver=3 policy=all-cavs sources=[3] clusters=20 ra=selective_edgecooper_global comm_bytes=0 selected_grids={}
fusion_method=early pred_boxes=11 gt_boxes=5
pred_scores_shape=(11,)
frame=34/41 receiver_sample=4/20 scenario=2026_07_15_01_26_56 timestamp=000126 cavs=[4, 12]
sgcp_constrained receiver=4 policy=all-cavs sources=[4, 12] clusters=20 ra=selective_edgecooper_global comm_bytes=76880 selected_grids={12: 54}
fusion_method=early pred_boxes=11 gt_boxes=31
pred_scores_shape=(11,)
frame=34/41 receiver_sample=5/20 scenario=2026_07_15_01_26_56 timestamp=000126 cavs=[5, 17]
sgcp_constrained receiver=5 policy=all-cavs sources=[5, 17] clusters=20 ra=selective_edgecooper_global comm_bytes=79232 selected_grids={17: 58}
fusion_method=early pred_boxes=26 gt_boxes=25
pred_scores_shape=(26,)
frame=34/41 receiver_sample=6/20 scenario=2026_07_15_01_26_56 timestamp=000126 cavs=[6, 15]
sgcp_constrained receiver=6 policy=all-cavs sources=[6, 15] clusters=20 ra=selective_edgecooper_global comm_bytes=76544 selected_grids={15: 48}
fusion_method=early pred_boxes=17 gt_boxes=24
pred_scores_shape=(17,)
frame=34/41 receiver_sample=7/20 scenario=2026_07_15_01_26_56 timestamp=000126 cavs=[7, 16]
sgcp_constrained receiver=7 policy=all-cavs sources=[7, 16] clusters=20 ra=selective_edgecooper_global comm_bytes=79504 selected_grids={16: 56}
fusion_method=early pred_boxes=16 gt_boxes=19
pred_scores_shape=(16,)
frame=34/41 receiver_sample=8/20 scenario=2026_07_15_01_26_56 timestamp=000126 cavs=[8]
sgcp_constrained receiver=8 policy=all-cavs sources=[8] clusters=20 ra=selective_edgecooper_global comm_bytes=0 selected_grids={}
fusion_method=early pred_boxes=12 gt_boxes=20
pred_scores_shape=(12,)
frame=34/41 receiver_sample=9/20 scenario=2026_07_15_01_26_56 timestamp=000126 cavs=[9]
sgcp_constrained receiver=9 policy=all-cavs sources=[9] clusters=20 ra=selective_edgecooper_global comm_bytes=0 selected_grids={}
fusion_method=early pred_boxes=13 gt_boxes=16
pred_scores_shape=(13,)
frame=34/41 receiver_sample=10/20 scenario=2026_07_15_01_26_56 timestamp=000126 cavs=[10]
sgcp_constrained receiver=10 policy=all-cavs sources=[10] clusters=20 ra=selective_edgecooper_global comm_bytes=0 selected_grids={}
fusion_method=early pred_boxes=20 gt_boxes=25
pred_scores_shape=(20,)
frame=34/41 receiver_sample=11/20 scenario=2026_07_15_01_26_56 timestamp=000126 cavs=[11, 9]
sgcp_constrained receiver=11 policy=all-cavs sources=[11, 9] clusters=20 ra=selective_edgecooper_global comm_bytes=77472 selected_grids={9: 53}
fusion_method=early pred_boxes=25 gt_boxes=30
pred_scores_shape=(25,)
frame=34/41 receiver_sample=12/20 scenario=2026_07_15_01_26_56 timestamp=000126 cavs=[12]
sgcp_constrained receiver=12 policy=all-cavs sources=[12] clusters=20 ra=selective_edgecooper_global comm_bytes=0 selected_grids={}
fusion_method=early pred_boxes=7 gt_boxes=11
pred_scores_shape=(7,)
frame=34/41 receiver_sample=13/20 scenario=2026_07_15_01_26_56 timestamp=000126 cavs=[13, 14]
sgcp_constrained receiver=13 policy=all-cavs sources=[13, 14] clusters=20 ra=selective_edgecooper_global comm_bytes=76048 selected_grids={14: 56}
fusion_method=early pred_boxes=10 gt_boxes=12
pred_scores_shape=(10,)
frame=34/41 receiver_sample=14/20 scenario=2026_07_15_01_26_56 timestamp=000126 cavs=[14]
sgcp_constrained receiver=14 policy=all-cavs sources=[14] clusters=20 ra=selective_edgecooper_global comm_bytes=0 selected_grids={}
fusion_method=early pred_boxes=4 gt_boxes=1
pred_scores_shape=(4,)
frame=34/41 receiver_sample=15/20 scenario=2026_07_15_01_26_56 timestamp=000126 cavs=[15]
sgcp_constrained receiver=15 policy=all-cavs sources=[15] clusters=20 ra=selective_edgecooper_global comm_bytes=0 selected_grids={}
fusion_method=early pred_boxes=15 gt_boxes=13
pred_scores_shape=(15,)
frame=34/41 receiver_sample=16/20 scenario=2026_07_15_01_26_56 timestamp=000126 cavs=[16]
sgcp_constrained receiver=16 policy=all-cavs sources=[16] clusters=20 ra=selective_edgecooper_global comm_bytes=0 selected_grids={}
fusion_method=early pred_boxes=15 gt_boxes=19
pred_scores_shape=(15,)
frame=34/41 receiver_sample=17/20 scenario=2026_07_15_01_26_56 timestamp=000126 cavs=[17]
sgcp_constrained receiver=17 policy=all-cavs sources=[17] clusters=20 ra=selective_edgecooper_global comm_bytes=0 selected_grids={}
fusion_method=early pred_boxes=14 gt_boxes=12
pred_scores_shape=(14,)
frame=34/41 receiver_sample=18/20 scenario=2026_07_15_01_26_56 timestamp=000126 cavs=[18, 3]
sgcp_constrained receiver=18 policy=all-cavs sources=[18, 3] clusters=20 ra=selective_edgecooper_global comm_bytes=79264 selected_grids={3: 64}
fusion_method=early pred_boxes=15 gt_boxes=13
pred_scores_shape=(15,)
frame=34/41 receiver_sample=19/20 scenario=2026_07_15_01_26_56 timestamp=000126 cavs=[19, 20]
sgcp_constrained receiver=19 policy=all-cavs sources=[19, 20] clusters=20 ra=selective_edgecooper_global comm_bytes=78208 selected_grids={20: 54}
fusion_method=early pred_boxes=19 gt_boxes=30
pred_scores_shape=(19,)
frame=34/41 receiver_sample=20/20 scenario=2026_07_15_01_26_56 timestamp=000126 cavs=[20]
sgcp_constrained receiver=20 policy=all-cavs sources=[20] clusters=20 ra=selective_edgecooper_global comm_bytes=0 selected_grids={}
fusion_method=early pred_boxes=18 gt_boxes=19
pred_scores_shape=(18,)
frame=35/41 receiver_sample=1/20 scenario=2026_07_15_01_26_56 timestamp=000128 cavs=[1]
sgcp_constrained receiver=1 policy=all-cavs sources=[1] clusters=20 ra=selective_edgecooper_global comm_bytes=0 selected_grids={}
fusion_method=early pred_boxes=18 gt_boxes=15
pred_scores_shape=(18,)
frame=35/41 receiver_sample=2/20 scenario=2026_07_15_01_26_56 timestamp=000128 cavs=[2, 1]
sgcp_constrained receiver=2 policy=all-cavs sources=[2, 1] clusters=20 ra=selective_edgecooper_global comm_bytes=74784 selected_grids={1: 43}
fusion_method=early pred_boxes=17 gt_boxes=29
pred_scores_shape=(17,)
frame=35/41 receiver_sample=3/20 scenario=2026_07_15_01_26_56 timestamp=000128 cavs=[3]
sgcp_constrained receiver=3 policy=all-cavs sources=[3] clusters=20 ra=selective_edgecooper_global comm_bytes=0 selected_grids={}
fusion_method=early pred_boxes=10 gt_boxes=5
pred_scores_shape=(10,)
frame=35/41 receiver_sample=4/20 scenario=2026_07_15_01_26_56 timestamp=000128 cavs=[4, 12]
sgcp_constrained receiver=4 policy=all-cavs sources=[4, 12] clusters=20 ra=selective_edgecooper_global comm_bytes=77200 selected_grids={12: 54}Format = auto
Extension = pcd
Format = auto
Extension = pcd
Format = auto
Extension = pcd
Format = auto
Extension = pcd
Format = auto
Extension = pcd
Format = auto
Extension = pcd
Format = auto
Extension = pcd
Format = auto
Extension = pcd
Format = auto
Extension = pcd
Format = auto
Extension = pcd
Format = auto
Extension = pcd
Format = auto
Extension = pcd
Format = auto
Extension = pcd
Format = auto
Extension = pcd
Format = auto
Extension = pcd
Format = auto
Extension = pcd
Format = auto
Extension = pcd
Format = auto
Extension = pcd
Format = auto
Extension = pcd
Format = auto
Extension = pcd

fusion_method=early pred_boxes=11 gt_boxes=30
pred_scores_shape=(11,)
frame=35/41 receiver_sample=5/20 scenario=2026_07_15_01_26_56 timestamp=000128 cavs=[5, 17]
sgcp_constrained receiver=5 policy=all-cavs sources=[5, 17] clusters=20 ra=selective_edgecooper_global comm_bytes=79216 selected_grids={17: 58}
fusion_method=early pred_boxes=23 gt_boxes=24
pred_scores_shape=(23,)
frame=35/41 receiver_sample=6/20 scenario=2026_07_15_01_26_56 timestamp=000128 cavs=[6, 15]
sgcp_constrained receiver=6 policy=all-cavs sources=[6, 15] clusters=20 ra=selective_edgecooper_global comm_bytes=76528 selected_grids={15: 47}
fusion_method=early pred_boxes=15 gt_boxes=24
pred_scores_shape=(15,)
frame=35/41 receiver_sample=7/20 scenario=2026_07_15_01_26_56 timestamp=000128 cavs=[7, 16]
sgcp_constrained receiver=7 policy=all-cavs sources=[7, 16] clusters=20 ra=selective_edgecooper_global comm_bytes=79504 selected_grids={16: 50}
fusion_method=early pred_boxes=18 gt_boxes=19
pred_scores_shape=(18,)
frame=35/41 receiver_sample=8/20 scenario=2026_07_15_01_26_56 timestamp=000128 cavs=[8, 10]
sgcp_constrained receiver=8 policy=all-cavs sources=[8, 10] clusters=20 ra=selective_edgecooper_global comm_bytes=77904 selected_grids={10: 55}
fusion_method=early pred_boxes=19 gt_boxes=27
pred_scores_shape=(19,)
frame=35/41 receiver_sample=9/20 scenario=2026_07_15_01_26_56 timestamp=000128 cavs=[9]
sgcp_constrained receiver=9 policy=all-cavs sources=[9] clusters=20 ra=selective_edgecooper_global comm_bytes=0 selected_grids={}
fusion_method=early pred_boxes=13 gt_boxes=16
pred_scores_shape=(13,)
frame=35/41 receiver_sample=10/20 scenario=2026_07_15_01_26_56 timestamp=000128 cavs=[10]
sgcp_constrained receiver=10 policy=all-cavs sources=[10] clusters=20 ra=selective_edgecooper_global comm_bytes=0 selected_grids={}
fusion_method=early pred_boxes=20 gt_boxes=25
pred_scores_shape=(20,)
frame=35/41 receiver_sample=11/20 scenario=2026_07_15_01_26_56 timestamp=000128 cavs=[11, 9]
sgcp_constrained receiver=11 policy=all-cavs sources=[11, 9] clusters=20 ra=selective_edgecooper_global comm_bytes=77456 selected_grids={9: 54}
fusion_method=early pred_boxes=26 gt_boxes=30
pred_scores_shape=(26,)
frame=35/41 receiver_sample=12/20 scenario=2026_07_15_01_26_56 timestamp=000128 cavs=[12]
sgcp_constrained receiver=12 policy=all-cavs sources=[12] clusters=20 ra=selective_edgecooper_global comm_bytes=0 selected_grids={}
fusion_method=early pred_boxes=6 gt_boxes=11
pred_scores_shape=(6,)
frame=35/41 receiver_sample=13/20 scenario=2026_07_15_01_26_56 timestamp=000128 cavs=[13, 14]
sgcp_constrained receiver=13 policy=all-cavs sources=[13, 14] clusters=20 ra=selective_edgecooper_global comm_bytes=75104 selected_grids={14: 54}
fusion_method=early pred_boxes=9 gt_boxes=10
pred_scores_shape=(9,)
frame=35/41 receiver_sample=14/20 scenario=2026_07_15_01_26_56 timestamp=000128 cavs=[14]
sgcp_constrained receiver=14 policy=all-cavs sources=[14] clusters=20 ra=selective_edgecooper_global comm_bytes=0 selected_grids={}
fusion_method=early pred_boxes=4 gt_boxes=1
pred_scores_shape=(4,)
frame=35/41 receiver_sample=15/20 scenario=2026_07_15_01_26_56 timestamp=000128 cavs=[15]
sgcp_constrained receiver=15 policy=all-cavs sources=[15] clusters=20 ra=selective_edgecooper_global comm_bytes=0 selected_grids={}
fusion_method=early pred_boxes=14 gt_boxes=13
pred_scores_shape=(14,)
frame=35/41 receiver_sample=16/20 scenario=2026_07_15_01_26_56 timestamp=000128 cavs=[16]
sgcp_constrained receiver=16 policy=all-cavs sources=[16] clusters=20 ra=selective_edgecooper_global comm_bytes=0 selected_grids={}
fusion_method=early pred_boxes=13 gt_boxes=20
pred_scores_shape=(13,)
frame=35/41 receiver_sample=17/20 scenario=2026_07_15_01_26_56 timestamp=000128 cavs=[17]
sgcp_constrained receiver=17 policy=all-cavs sources=[17] clusters=20 ra=selective_edgecooper_global comm_bytes=0 selected_grids={}
fusion_method=early pred_boxes=13 gt_boxes=12
pred_scores_shape=(13,)
frame=35/41 receiver_sample=18/20 scenario=2026_07_15_01_26_56 timestamp=000128 cavs=[18, 3]
sgcp_constrained receiver=18 policy=all-cavs sources=[18, 3] clusters=20 ra=selective_edgecooper_global comm_bytes=80080 selected_grids={3: 64}
fusion_method=early pred_boxes=18 gt_boxes=12
pred_scores_shape=(18,)
frame=35/41 receiver_sample=19/20 scenario=2026_07_15_01_26_56 timestamp=000128 cavs=[19, 20]
sgcp_constrained receiver=19 policy=all-cavs sources=[19, 20] clusters=20 ra=selective_edgecooper_global comm_bytes=78224 selected_grids={20: 54}
fusion_method=early pred_boxes=18 gt_boxes=30
pred_scores_shape=(18,)
frame=35/41 receiver_sample=20/20 scenario=2026_07_15_01_26_56 timestamp=000128 cavs=[20]
sgcp_constrained receiver=20 policy=all-cavs sources=[20] clusters=20 ra=selective_edgecooper_global comm_bytes=0 selected_grids={}
fusion_method=early pred_boxes=16 gt_boxes=19
pred_scores_shape=(16,)
frame=36/41 receiver_sample=1/20 scenario=2026_07_15_01_26_56 timestamp=000130 cavs=[1]
sgcp_constrained receiver=1 policy=all-cavs sources=[1] clusters=20 ra=selective_edgecooper_global comm_bytes=0 selected_grids={}
fusion_method=early pred_boxes=19 gt_boxes=15
pred_scores_shape=(19,)
frame=36/41 receiver_sample=2/20 scenario=2026_07_15_01_26_56 timestamp=000130 cavs=[2, 1]
sgcp_constrained receiver=2 policy=all-cavs sources=[2, 1] clusters=20 ra=selective_edgecooper_global comm_bytes=74800 selected_grids={1: 44}
fusion_method=early pred_boxes=16 gt_boxes=29
pred_scores_shape=(16,)
frame=36/41 receiver_sample=3/20 scenario=2026_07_15_01_26_56 timestamp=000130 cavs=[3]
sgcp_constrained receiver=3 policy=all-cavs sources=[3] clusters=20 ra=selective_edgecooper_global comm_bytes=0 selected_grids={}
fusion_method=early pred_boxes=9 gt_boxes=5
pred_scores_shape=(9,)
frame=36/41 receiver_sample=4/20 scenario=2026_07_15_01_26_56 timestamp=000130 cavs=[4, 12]
sgcp_constrained receiver=4 policy=all-cavs sources=[4, 12] clusters=20 ra=selective_edgecooper_global comm_bytes=77568 selected_grids={12: 54}
fusion_method=early pred_boxes=12 gt_boxes=30
pred_scores_shape=(12,)
frame=36/41 receiver_sample=5/20 scenario=2026_07_15_01_26_56 timestamp=000130 cavs=[5, 16]
sgcp_constrained receiver=5 policy=all-cavs sources=[5, 16] clusters=20 ra=selective_edgecooper_global comm_bytes=78496 selected_grids={16: 57}
fusion_method=early pred_boxes=27 gt_boxes=30
pred_scores_shape=(27,)
frame=36/41 receiver_sample=6/20 scenario=2026_07_15_01_26_56 timestamp=000130 cavs=[6, 15]
sgcp_constrained receiver=6 policy=all-cavs sources=[6, 15] clusters=20 ra=selective_edgecooper_global comm_bytes=76320 selected_grids={15: 48}
fusion_method=early pred_boxes=17 gt_boxes=23
pred_scores_shape=(17,)
frame=36/41 receiver_sample=7/20 scenario=2026_07_15_01_26_56 timestamp=000130 cavs=[7, 17]
sgcp_constrained receiver=7 policy=all-cavs sources=[7, 17] clusters=20 ra=selective_edgecooper_global comm_bytes=79728 selected_grids={17: 56}
fusion_method=early pred_boxes=18 gt_boxes=15
pred_scores_shape=(18,)
frame=36/41 receiver_sample=8/20 scenario=2026_07_15_01_26_56 timestamp=000130 cavs=[8, 10]
sgcp_constrained receiver=8 policy=all-cavs sources=[8, 10] clusters=20 ra=selective_edgecooper_global comm_bytes=77904 selected_grids={10: 55}
fusion_method=early pred_boxes=18 gt_boxes=27
pred_scores_shape=(18,)
frame=36/41 receiver_sample=9/20 scenario=2026_07_15_01_26_56 timestamp=000130 cavs=[9]
sgcp_constrained receiver=9 policy=all-cavs sources=[9] clusters=20 ra=selective_edgecooper_global comm_bytes=0 selected_grids={}
fusion_method=early pred_boxes=13 gt_boxes=17
pred_scores_shape=(13,)
frame=36/41 receiver_sample=10/20 scenario=2026_07_15_01_26_56 timestamp=000130 cavs=[10]
sgcp_constrained receiver=10 policy=all-cavs sources=[10] clusters=20 ra=selective_edgecooper_global comm_bytes=0 selected_grids={}
fusion_method=early pred_boxes=20 gt_boxes=25
pred_scores_shape=(20,)
frame=36/41 receiver_sample=11/20 scenario=2026_07_15_01_26_56 timestamp=000130 cavs=[11, 9]
sgcp_constrained receiver=11 policy=all-cavs sources=[11, 9] clusters=20 ra=selective_edgecooper_global comm_bytes=77472 selected_grids={9: 55}
fusion_method=early pred_boxes=27 gt_boxes=31Format = auto
Extension = pcd
Format = auto
Extension = pcd
Format = auto
Extension = pcd
Format = auto
Extension = pcd
Format = auto
Extension = pcd
Format = auto
Extension = pcd
Format = auto
Extension = pcd
Format = auto
Extension = pcd
Format = auto
Extension = pcd
Format = auto
Extension = pcd
Format = auto
Extension = pcd
Format = auto
Extension = pcd
Format = auto
Extension = pcd
Format = auto
Extension = pcd
Format = auto
Extension = pcd
Format = auto
Extension = pcd
Format = auto
Extension = pcd
Format = auto
Extension = pcd
Format = auto
Extension = pcd
Format = auto
Extension = pcd

pred_scores_shape=(27,)
frame=36/41 receiver_sample=12/20 scenario=2026_07_15_01_26_56 timestamp=000130 cavs=[12]
sgcp_constrained receiver=12 policy=all-cavs sources=[12] clusters=20 ra=selective_edgecooper_global comm_bytes=0 selected_grids={}
fusion_method=early pred_boxes=9 gt_boxes=11
pred_scores_shape=(9,)
frame=36/41 receiver_sample=13/20 scenario=2026_07_15_01_26_56 timestamp=000130 cavs=[13, 14]
sgcp_constrained receiver=13 policy=all-cavs sources=[13, 14] clusters=20 ra=selective_edgecooper_global comm_bytes=75568 selected_grids={14: 54}
fusion_method=early pred_boxes=9 gt_boxes=11
pred_scores_shape=(9,)
frame=36/41 receiver_sample=14/20 scenario=2026_07_15_01_26_56 timestamp=000130 cavs=[14]
sgcp_constrained receiver=14 policy=all-cavs sources=[14] clusters=20 ra=selective_edgecooper_global comm_bytes=0 selected_grids={}
fusion_method=early pred_boxes=4 gt_boxes=1
pred_scores_shape=(4,)
frame=36/41 receiver_sample=15/20 scenario=2026_07_15_01_26_56 timestamp=000130 cavs=[15]
sgcp_constrained receiver=15 policy=all-cavs sources=[15] clusters=20 ra=selective_edgecooper_global comm_bytes=0 selected_grids={}
fusion_method=early pred_boxes=14 gt_boxes=12
pred_scores_shape=(14,)
frame=36/41 receiver_sample=16/20 scenario=2026_07_15_01_26_56 timestamp=000130 cavs=[16]
sgcp_constrained receiver=16 policy=all-cavs sources=[16] clusters=20 ra=selective_edgecooper_global comm_bytes=0 selected_grids={}
fusion_method=early pred_boxes=13 gt_boxes=20
pred_scores_shape=(13,)
frame=36/41 receiver_sample=17/20 scenario=2026_07_15_01_26_56 timestamp=000130 cavs=[17]
sgcp_constrained receiver=17 policy=all-cavs sources=[17] clusters=20 ra=selective_edgecooper_global comm_bytes=0 selected_grids={}
fusion_method=early pred_boxes=16 gt_boxes=13
pred_scores_shape=(16,)
frame=36/41 receiver_sample=18/20 scenario=2026_07_15_01_26_56 timestamp=000130 cavs=[18, 3]
sgcp_constrained receiver=18 policy=all-cavs sources=[18, 3] clusters=20 ra=selective_edgecooper_global comm_bytes=79248 selected_grids={3: 64}
fusion_method=early pred_boxes=14 gt_boxes=12
pred_scores_shape=(14,)
frame=36/41 receiver_sample=19/20 scenario=2026_07_15_01_26_56 timestamp=000130 cavs=[19, 20]
sgcp_constrained receiver=19 policy=all-cavs sources=[19, 20] clusters=20 ra=selective_edgecooper_global comm_bytes=78224 selected_grids={20: 53}
fusion_method=early pred_boxes=18 gt_boxes=30
pred_scores_shape=(18,)
frame=36/41 receiver_sample=20/20 scenario=2026_07_15_01_26_56 timestamp=000130 cavs=[20]
sgcp_constrained receiver=20 policy=all-cavs sources=[20] clusters=20 ra=selective_edgecooper_global comm_bytes=0 selected_grids={}
fusion_method=early pred_boxes=17 gt_boxes=19
pred_scores_shape=(17,)
frame=37/41 receiver_sample=1/20 scenario=2026_07_15_01_26_56 timestamp=000132 cavs=[1]
sgcp_constrained receiver=1 policy=all-cavs sources=[1] clusters=20 ra=selective_edgecooper_global comm_bytes=0 selected_grids={}
fusion_method=early pred_boxes=17 gt_boxes=15
pred_scores_shape=(17,)
frame=37/41 receiver_sample=2/20 scenario=2026_07_15_01_26_56 timestamp=000132 cavs=[2, 1]
sgcp_constrained receiver=2 policy=all-cavs sources=[2, 1] clusters=20 ra=selective_edgecooper_global comm_bytes=74800 selected_grids={1: 44}
fusion_method=early pred_boxes=17 gt_boxes=29
pred_scores_shape=(17,)
frame=37/41 receiver_sample=3/20 scenario=2026_07_15_01_26_56 timestamp=000132 cavs=[3]
sgcp_constrained receiver=3 policy=all-cavs sources=[3] clusters=20 ra=selective_edgecooper_global comm_bytes=0 selected_grids={}
fusion_method=early pred_boxes=11 gt_boxes=4
pred_scores_shape=(11,)
frame=37/41 receiver_sample=4/20 scenario=2026_07_15_01_26_56 timestamp=000132 cavs=[4, 12]
sgcp_constrained receiver=4 policy=all-cavs sources=[4, 12] clusters=20 ra=selective_edgecooper_global comm_bytes=77424 selected_grids={12: 55}
fusion_method=early pred_boxes=11 gt_boxes=30
pred_scores_shape=(11,)
frame=37/41 receiver_sample=5/20 scenario=2026_07_15_01_26_56 timestamp=000132 cavs=[5, 16]
sgcp_constrained receiver=5 policy=all-cavs sources=[5, 16] clusters=20 ra=selective_edgecooper_global comm_bytes=78608 selected_grids={16: 58}
fusion_method=early pred_boxes=22 gt_boxes=29
pred_scores_shape=(22,)
frame=37/41 receiver_sample=6/20 scenario=2026_07_15_01_26_56 timestamp=000132 cavs=[6, 15]
sgcp_constrained receiver=6 policy=all-cavs sources=[6, 15] clusters=20 ra=selective_edgecooper_global comm_bytes=76736 selected_grids={15: 49}
fusion_method=early pred_boxes=15 gt_boxes=22
pred_scores_shape=(15,)
frame=37/41 receiver_sample=7/20 scenario=2026_07_15_01_26_56 timestamp=000132 cavs=[7, 17]
sgcp_constrained receiver=7 policy=all-cavs sources=[7, 17] clusters=20 ra=selective_edgecooper_global comm_bytes=79744 selected_grids={17: 57}
fusion_method=early pred_boxes=18 gt_boxes=15
pred_scores_shape=(18,)
frame=37/41 receiver_sample=8/20 scenario=2026_07_15_01_26_56 timestamp=000132 cavs=[8]
sgcp_constrained receiver=8 policy=all-cavs sources=[8] clusters=20 ra=selective_edgecooper_global comm_bytes=0 selected_grids={}
fusion_method=early pred_boxes=12 gt_boxes=21
pred_scores_shape=(12,)
frame=37/41 receiver_sample=9/20 scenario=2026_07_15_01_26_56 timestamp=000132 cavs=[9]
sgcp_constrained receiver=9 policy=all-cavs sources=[9] clusters=20 ra=selective_edgecooper_global comm_bytes=0 selected_grids={}
fusion_method=early pred_boxes=14 gt_boxes=17
pred_scores_shape=(14,)
frame=37/41 receiver_sample=10/20 scenario=2026_07_15_01_26_56 timestamp=000132 cavs=[10, 8]
sgcp_constrained receiver=10 policy=all-cavs sources=[10, 8] clusters=20 ra=selective_edgecooper_global comm_bytes=75600 selected_grids={8: 52}
fusion_method=early pred_boxes=21 gt_boxes=31
pred_scores_shape=(21,)
frame=37/41 receiver_sample=11/20 scenario=2026_07_15_01_26_56 timestamp=000132 cavs=[11, 9]
sgcp_constrained receiver=11 policy=all-cavs sources=[11, 9] clusters=20 ra=selective_edgecooper_global comm_bytes=77440 selected_grids={9: 53}
fusion_method=early pred_boxes=27 gt_boxes=31
pred_scores_shape=(27,)
frame=37/41 receiver_sample=12/20 scenario=2026_07_15_01_26_56 timestamp=000132 cavs=[12]
sgcp_constrained receiver=12 policy=all-cavs sources=[12] clusters=20 ra=selective_edgecooper_global comm_bytes=0 selected_grids={}
fusion_method=early pred_boxes=7 gt_boxes=10
pred_scores_shape=(7,)
frame=37/41 receiver_sample=13/20 scenario=2026_07_15_01_26_56 timestamp=000132 cavs=[13, 14]
sgcp_constrained receiver=13 policy=all-cavs sources=[13, 14] clusters=20 ra=selective_edgecooper_global comm_bytes=75088 selected_grids={14: 54}
fusion_method=early pred_boxes=10 gt_boxes=11
pred_scores_shape=(10,)
frame=37/41 receiver_sample=14/20 scenario=2026_07_15_01_26_56 timestamp=000132 cavs=[14]
sgcp_constrained receiver=14 policy=all-cavs sources=[14] clusters=20 ra=selective_edgecooper_global comm_bytes=0 selected_grids={}
fusion_method=early pred_boxes=5 gt_boxes=1
pred_scores_shape=(5,)
frame=37/41 receiver_sample=15/20 scenario=2026_07_15_01_26_56 timestamp=000132 cavs=[15]
sgcp_constrained receiver=15 policy=all-cavs sources=[15] clusters=20 ra=selective_edgecooper_global comm_bytes=0 selected_grids={}
fusion_method=early pred_boxes=13 gt_boxes=12
pred_scores_shape=(13,)
frame=37/41 receiver_sample=16/20 scenario=2026_07_15_01_26_56 timestamp=000132 cavs=[16]
sgcp_constrained receiver=16 policy=all-cavs sources=[16] clusters=20 ra=selective_edgecooper_global comm_bytes=0 selected_grids={}
fusion_method=early pred_boxes=13 gt_boxes=20
pred_scores_shape=(13,)
frame=37/41 receiver_sample=17/20 scenario=2026_07_15_01_26_56 timestamp=000132 cavs=[17]
sgcp_constrained receiver=17 policy=all-cavs sources=[17] clusters=20 ra=selective_edgecooper_global comm_bytes=0 selected_grids={}
fusion_method=early pred_boxes=15 gt_boxes=13
pred_scores_shape=(15,)
frame=37/41 receiver_sample=18/20 scenario=2026_07_15_01_26_56 timestamp=000132 cavs=[18, 3]
sgcp_constrained receiver=18 policy=all-cavs sources=[18, 3] clusters=20 ra=selective_edgecooper_global comm_bytes=80080 selected_grids={3: 65}
fusion_method=early pred_boxes=17 gt_boxes=11
pred_scores_shape=(17,)
frame=37/41 receiver_sample=19/20 scenario=2026_07_15_01_26_56 timestamp=000132 cavs=[19, 20]Format = auto
Extension = pcd
Format = auto
Extension = pcd
Format = auto
Extension = pcd
Format = auto
Extension = pcd
Format = auto
Extension = pcd
Format = auto
Extension = pcd
Format = auto
Extension = pcd
Format = auto
Extension = pcd
Format = auto
Extension = pcd
Format = auto
Extension = pcd
Format = auto
Extension = pcd
Format = auto
Extension = pcd
Format = auto
Extension = pcd
Format = auto
Extension = pcd
Format = auto
Extension = pcd
Format = auto
Extension = pcd
Format = auto
Extension = pcd
Format = auto
Extension = pcd
Format = auto
Extension = pcd
Format = auto
Extension = pcd
Format = auto
Extension = pcd
Format = auto
Extension = pcd
Format = auto
Extension = pcd
Format = auto
Extension = pcd
Format = auto
Extension = pcd
Format = auto
Extension = pcd
Format = auto
Extension = pcd
Format = auto
Extension = pcd
Format = auto
Extension = pcd
Format = auto
Extension = pcd
Format = auto
Extension = pcd
Format = auto
Extension = pcd
Format = auto
Extension = pcd
Format = auto
Extension = pcd
Format = auto
Extension = pcd
Format = auto
Extension = pcd
Format = auto
Extension = pcd
Format = auto
Extension = pcd
Format = auto
Extension = pcd
Format = auto
Extension = pcd

sgcp_constrained receiver=19 policy=all-cavs sources=[19, 20] clusters=20 ra=selective_edgecooper_global comm_bytes=78256 selected_grids={20: 53}
fusion_method=early pred_boxes=18 gt_boxes=30
pred_scores_shape=(18,)
frame=37/41 receiver_sample=20/20 scenario=2026_07_15_01_26_56 timestamp=000132 cavs=[20]
sgcp_constrained receiver=20 policy=all-cavs sources=[20] clusters=20 ra=selective_edgecooper_global comm_bytes=0 selected_grids={}
fusion_method=early pred_boxes=16 gt_boxes=19
pred_scores_shape=(16,)
frame=38/41 receiver_sample=1/20 scenario=2026_07_15_01_26_56 timestamp=000134 cavs=[1]
sgcp_constrained receiver=1 policy=all-cavs sources=[1] clusters=20 ra=selective_edgecooper_global comm_bytes=0 selected_grids={}
fusion_method=early pred_boxes=18 gt_boxes=15
pred_scores_shape=(18,)
frame=38/41 receiver_sample=2/20 scenario=2026_07_15_01_26_56 timestamp=000134 cavs=[2, 1]
sgcp_constrained receiver=2 policy=all-cavs sources=[2, 1] clusters=20 ra=selective_edgecooper_global comm_bytes=74816 selected_grids={1: 43}
fusion_method=early pred_boxes=16 gt_boxes=29
pred_scores_shape=(16,)
frame=38/41 receiver_sample=3/20 scenario=2026_07_15_01_26_56 timestamp=000134 cavs=[3]
sgcp_constrained receiver=3 policy=all-cavs sources=[3] clusters=20 ra=selective_edgecooper_global comm_bytes=0 selected_grids={}
fusion_method=early pred_boxes=10 gt_boxes=4
pred_scores_shape=(10,)
frame=38/41 receiver_sample=4/20 scenario=2026_07_15_01_26_56 timestamp=000134 cavs=[4, 12]
sgcp_constrained receiver=4 policy=all-cavs sources=[4, 12] clusters=20 ra=selective_edgecooper_global comm_bytes=77696 selected_grids={12: 54}
fusion_method=early pred_boxes=12 gt_boxes=30
pred_scores_shape=(12,)
frame=38/41 receiver_sample=5/20 scenario=2026_07_15_01_26_56 timestamp=000134 cavs=[5, 16]
sgcp_constrained receiver=5 policy=all-cavs sources=[5, 16] clusters=20 ra=selective_edgecooper_global comm_bytes=78496 selected_grids={16: 55}
fusion_method=early pred_boxes=26 gt_boxes=32
pred_scores_shape=(26,)
frame=38/41 receiver_sample=6/20 scenario=2026_07_15_01_26_56 timestamp=000134 cavs=[6, 15]
sgcp_constrained receiver=6 policy=all-cavs sources=[6, 15] clusters=20 ra=selective_edgecooper_global comm_bytes=76384 selected_grids={15: 50}
fusion_method=early pred_boxes=16 gt_boxes=25
pred_scores_shape=(16,)
frame=38/41 receiver_sample=7/20 scenario=2026_07_15_01_26_56 timestamp=000134 cavs=[7, 17]
sgcp_constrained receiver=7 policy=all-cavs sources=[7, 17] clusters=20 ra=selective_edgecooper_global comm_bytes=79904 selected_grids={17: 57}
fusion_method=early pred_boxes=18 gt_boxes=16
pred_scores_shape=(18,)
frame=38/41 receiver_sample=8/20 scenario=2026_07_15_01_26_56 timestamp=000134 cavs=[8]
sgcp_constrained receiver=8 policy=all-cavs sources=[8] clusters=20 ra=selective_edgecooper_global comm_bytes=0 selected_grids={}
fusion_method=early pred_boxes=13 gt_boxes=21
pred_scores_shape=(13,)
frame=38/41 receiver_sample=9/20 scenario=2026_07_15_01_26_56 timestamp=000134 cavs=[9]
sgcp_constrained receiver=9 policy=all-cavs sources=[9] clusters=20 ra=selective_edgecooper_global comm_bytes=0 selected_grids={}
fusion_method=early pred_boxes=14 gt_boxes=18
pred_scores_shape=(14,)
frame=38/41 receiver_sample=10/20 scenario=2026_07_15_01_26_56 timestamp=000134 cavs=[10, 8]
sgcp_constrained receiver=10 policy=all-cavs sources=[10, 8] clusters=20 ra=selective_edgecooper_global comm_bytes=75600 selected_grids={8: 52}
fusion_method=early pred_boxes=20 gt_boxes=30
pred_scores_shape=(20,)
frame=38/41 receiver_sample=11/20 scenario=2026_07_15_01_26_56 timestamp=000134 cavs=[11, 9]
sgcp_constrained receiver=11 policy=all-cavs sources=[11, 9] clusters=20 ra=selective_edgecooper_global comm_bytes=77472 selected_grids={9: 53}
fusion_method=early pred_boxes=26 gt_boxes=31
pred_scores_shape=(26,)
frame=38/41 receiver_sample=12/20 scenario=2026_07_15_01_26_56 timestamp=000134 cavs=[12]
sgcp_constrained receiver=12 policy=all-cavs sources=[12] clusters=20 ra=selective_edgecooper_global comm_bytes=0 selected_grids={}
fusion_method=early pred_boxes=7 gt_boxes=11
pred_scores_shape=(7,)
frame=38/41 receiver_sample=13/20 scenario=2026_07_15_01_26_56 timestamp=000134 cavs=[13, 14]
sgcp_constrained receiver=13 policy=all-cavs sources=[13, 14] clusters=20 ra=selective_edgecooper_global comm_bytes=74944 selected_grids={14: 54}
fusion_method=early pred_boxes=8 gt_boxes=11
pred_scores_shape=(8,)
frame=38/41 receiver_sample=14/20 scenario=2026_07_15_01_26_56 timestamp=000134 cavs=[14]
sgcp_constrained receiver=14 policy=all-cavs sources=[14] clusters=20 ra=selective_edgecooper_global comm_bytes=0 selected_grids={}
fusion_method=early pred_boxes=4 gt_boxes=1
pred_scores_shape=(4,)
frame=38/41 receiver_sample=15/20 scenario=2026_07_15_01_26_56 timestamp=000134 cavs=[15]
sgcp_constrained receiver=15 policy=all-cavs sources=[15] clusters=20 ra=selective_edgecooper_global comm_bytes=0 selected_grids={}
fusion_method=early pred_boxes=14 gt_boxes=15
pred_scores_shape=(14,)
frame=38/41 receiver_sample=16/20 scenario=2026_07_15_01_26_56 timestamp=000134 cavs=[16]
sgcp_constrained receiver=16 policy=all-cavs sources=[16] clusters=20 ra=selective_edgecooper_global comm_bytes=0 selected_grids={}
fusion_method=early pred_boxes=13 gt_boxes=20
pred_scores_shape=(13,)
frame=38/41 receiver_sample=17/20 scenario=2026_07_15_01_26_56 timestamp=000134 cavs=[17]
sgcp_constrained receiver=17 policy=all-cavs sources=[17] clusters=20 ra=selective_edgecooper_global comm_bytes=0 selected_grids={}
fusion_method=early pred_boxes=15 gt_boxes=13
pred_scores_shape=(15,)
frame=38/41 receiver_sample=18/20 scenario=2026_07_15_01_26_56 timestamp=000134 cavs=[18, 3]
sgcp_constrained receiver=18 policy=all-cavs sources=[18, 3] clusters=20 ra=selective_edgecooper_global comm_bytes=79840 selected_grids={3: 64}
fusion_method=early pred_boxes=15 gt_boxes=11
pred_scores_shape=(15,)
frame=38/41 receiver_sample=19/20 scenario=2026_07_15_01_26_56 timestamp=000134 cavs=[19, 20]
sgcp_constrained receiver=19 policy=all-cavs sources=[19, 20] clusters=20 ra=selective_edgecooper_global comm_bytes=78320 selected_grids={20: 53}
fusion_method=early pred_boxes=17 gt_boxes=29
pred_scores_shape=(17,)
frame=38/41 receiver_sample=20/20 scenario=2026_07_15_01_26_56 timestamp=000134 cavs=[20]
sgcp_constrained receiver=20 policy=all-cavs sources=[20] clusters=20 ra=selective_edgecooper_global comm_bytes=0 selected_grids={}
fusion_method=early pred_boxes=17 gt_boxes=19
pred_scores_shape=(17,)
frame=39/41 receiver_sample=1/20 scenario=2026_07_15_01_26_56 timestamp=000136 cavs=[1]
sgcp_constrained receiver=1 policy=all-cavs sources=[1] clusters=20 ra=selective_edgecooper_global comm_bytes=0 selected_grids={}
fusion_method=early pred_boxes=17 gt_boxes=16
pred_scores_shape=(17,)
frame=39/41 receiver_sample=2/20 scenario=2026_07_15_01_26_56 timestamp=000136 cavs=[2, 1]
sgcp_constrained receiver=2 policy=all-cavs sources=[2, 1] clusters=20 ra=selective_edgecooper_global comm_bytes=74816 selected_grids={1: 43}
fusion_method=early pred_boxes=16 gt_boxes=30
pred_scores_shape=(16,)
frame=39/41 receiver_sample=3/20 scenario=2026_07_15_01_26_56 timestamp=000136 cavs=[3]
sgcp_constrained receiver=3 policy=all-cavs sources=[3] clusters=20 ra=selective_edgecooper_global comm_bytes=0 selected_grids={}
fusion_method=early pred_boxes=11 gt_boxes=5
pred_scores_shape=(11,)
frame=39/41 receiver_sample=4/20 scenario=2026_07_15_01_26_56 timestamp=000136 cavs=[4, 12]
sgcp_constrained receiver=4 policy=all-cavs sources=[4, 12] clusters=20 ra=selective_edgecooper_global comm_bytes=78112 selected_grids={12: 52}
fusion_method=early pred_boxes=11 gt_boxes=30
pred_scores_shape=(11,)
frame=39/41 receiver_sample=5/20 scenario=2026_07_15_01_26_56 timestamp=000136 cavs=[5, 16]
sgcp_constrained receiver=5 policy=all-cavs sources=[5, 16] clusters=20 ra=selective_edgecooper_global comm_bytes=78752 selected_grids={16: 56}
fusion_method=early pred_boxes=24 gt_boxes=31
pred_scores_shape=(24,)
frame=39/41 receiver_sample=6/20 scenario=2026_07_15_01_26_56 timestamp=000136 cavs=[6, 15]
sgcp_constrained receiver=6 policy=all-cavs sources=[6, 15] clusters=20 ra=selective_edgecooper_global comm_bytes=76464 selected_grids={15: 49}Format = auto
Extension = pcd
Format = auto
Extension = pcd
Format = auto
Extension = pcd
Format = auto
Extension = pcd
Format = auto
Extension = pcd
Format = auto
Extension = pcd
Format = auto
Extension = pcd
Format = auto
Extension = pcd
Format = auto
Extension = pcd
Format = auto
Extension = pcd
Format = auto
Extension = pcd
Format = auto
Extension = pcd
Format = auto
Extension = pcd
Format = auto
Extension = pcd
Format = auto
Extension = pcd
Format = auto
Extension = pcd
Format = auto
Extension = pcd
Format = auto
Extension = pcd
Format = auto
Extension = pcd
Format = auto
Extension = pcd

fusion_method=early pred_boxes=16 gt_boxes=25
pred_scores_shape=(16,)
frame=39/41 receiver_sample=7/20 scenario=2026_07_15_01_26_56 timestamp=000136 cavs=[7, 17]
sgcp_constrained receiver=7 policy=all-cavs sources=[7, 17] clusters=20 ra=selective_edgecooper_global comm_bytes=79856 selected_grids={17: 57}
fusion_method=early pred_boxes=19 gt_boxes=16
pred_scores_shape=(19,)
frame=39/41 receiver_sample=8/20 scenario=2026_07_15_01_26_56 timestamp=000136 cavs=[8]
sgcp_constrained receiver=8 policy=all-cavs sources=[8] clusters=20 ra=selective_edgecooper_global comm_bytes=0 selected_grids={}
fusion_method=early pred_boxes=13 gt_boxes=21
pred_scores_shape=(13,)
frame=39/41 receiver_sample=9/20 scenario=2026_07_15_01_26_56 timestamp=000136 cavs=[9]
sgcp_constrained receiver=9 policy=all-cavs sources=[9] clusters=20 ra=selective_edgecooper_global comm_bytes=0 selected_grids={}
fusion_method=early pred_boxes=13 gt_boxes=18
pred_scores_shape=(13,)
frame=39/41 receiver_sample=10/20 scenario=2026_07_15_01_26_56 timestamp=000136 cavs=[10, 8]
sgcp_constrained receiver=10 policy=all-cavs sources=[10, 8] clusters=20 ra=selective_edgecooper_global comm_bytes=75632 selected_grids={8: 52}
fusion_method=early pred_boxes=22 gt_boxes=30
pred_scores_shape=(22,)
frame=39/41 receiver_sample=11/20 scenario=2026_07_15_01_26_56 timestamp=000136 cavs=[11, 9]
sgcp_constrained receiver=11 policy=all-cavs sources=[11, 9] clusters=20 ra=selective_edgecooper_global comm_bytes=77488 selected_grids={9: 53}
fusion_method=early pred_boxes=25 gt_boxes=31
pred_scores_shape=(25,)
frame=39/41 receiver_sample=12/20 scenario=2026_07_15_01_26_56 timestamp=000136 cavs=[12]
sgcp_constrained receiver=12 policy=all-cavs sources=[12] clusters=20 ra=selective_edgecooper_global comm_bytes=0 selected_grids={}
fusion_method=early pred_boxes=8 gt_boxes=10
pred_scores_shape=(8,)
frame=39/41 receiver_sample=13/20 scenario=2026_07_15_01_26_56 timestamp=000136 cavs=[13]
sgcp_constrained receiver=13 policy=all-cavs sources=[13] clusters=20 ra=selective_edgecooper_global comm_bytes=0 selected_grids={}
fusion_method=early pred_boxes=7 gt_boxes=10
pred_scores_shape=(7,)
frame=39/41 receiver_sample=14/20 scenario=2026_07_15_01_26_56 timestamp=000136 cavs=[14, 13]
sgcp_constrained receiver=14 policy=all-cavs sources=[14, 13] clusters=20 ra=selective_edgecooper_global comm_bytes=74912 selected_grids={13: 55}
fusion_method=early pred_boxes=6 gt_boxes=3
pred_scores_shape=(6,)
frame=39/41 receiver_sample=15/20 scenario=2026_07_15_01_26_56 timestamp=000136 cavs=[15]
sgcp_constrained receiver=15 policy=all-cavs sources=[15] clusters=20 ra=selective_edgecooper_global comm_bytes=0 selected_grids={}
fusion_method=early pred_boxes=14 gt_boxes=15
pred_scores_shape=(14,)
frame=39/41 receiver_sample=16/20 scenario=2026_07_15_01_26_56 timestamp=000136 cavs=[16]
sgcp_constrained receiver=16 policy=all-cavs sources=[16] clusters=20 ra=selective_edgecooper_global comm_bytes=0 selected_grids={}
fusion_method=early pred_boxes=14 gt_boxes=20
pred_scores_shape=(14,)
frame=39/41 receiver_sample=17/20 scenario=2026_07_15_01_26_56 timestamp=000136 cavs=[17]
sgcp_constrained receiver=17 policy=all-cavs sources=[17] clusters=20 ra=selective_edgecooper_global comm_bytes=0 selected_grids={}
fusion_method=early pred_boxes=15 gt_boxes=13
pred_scores_shape=(15,)
frame=39/41 receiver_sample=18/20 scenario=2026_07_15_01_26_56 timestamp=000136 cavs=[18, 3]
sgcp_constrained receiver=18 policy=all-cavs sources=[18, 3] clusters=20 ra=selective_edgecooper_global comm_bytes=79920 selected_grids={3: 61}
fusion_method=early pred_boxes=15 gt_boxes=12
pred_scores_shape=(15,)
frame=39/41 receiver_sample=19/20 scenario=2026_07_15_01_26_56 timestamp=000136 cavs=[19, 20]
sgcp_constrained receiver=19 policy=all-cavs sources=[19, 20] clusters=20 ra=selective_edgecooper_global comm_bytes=78384 selected_grids={20: 52}
fusion_method=early pred_boxes=17 gt_boxes=29
pred_scores_shape=(17,)
frame=39/41 receiver_sample=20/20 scenario=2026_07_15_01_26_56 timestamp=000136 cavs=[20]
sgcp_constrained receiver=20 policy=all-cavs sources=[20] clusters=20 ra=selective_edgecooper_global comm_bytes=0 selected_grids={}
fusion_method=early pred_boxes=18 gt_boxes=19
pred_scores_shape=(18,)
frame=40/41 receiver_sample=1/20 scenario=2026_07_15_01_26_56 timestamp=000138 cavs=[1]
sgcp_constrained receiver=1 policy=all-cavs sources=[1] clusters=20 ra=selective_edgecooper_global comm_bytes=0 selected_grids={}
fusion_method=early pred_boxes=19 gt_boxes=16
pred_scores_shape=(19,)
frame=40/41 receiver_sample=2/20 scenario=2026_07_15_01_26_56 timestamp=000138 cavs=[2, 1]
sgcp_constrained receiver=2 policy=all-cavs sources=[2, 1] clusters=20 ra=selective_edgecooper_global comm_bytes=74768 selected_grids={1: 43}
fusion_method=early pred_boxes=14 gt_boxes=29
pred_scores_shape=(14,)
frame=40/41 receiver_sample=3/20 scenario=2026_07_15_01_26_56 timestamp=000138 cavs=[3]
sgcp_constrained receiver=3 policy=all-cavs sources=[3] clusters=20 ra=selective_edgecooper_global comm_bytes=0 selected_grids={}
fusion_method=early pred_boxes=10 gt_boxes=5
pred_scores_shape=(10,)
frame=40/41 receiver_sample=4/20 scenario=2026_07_15_01_26_56 timestamp=000138 cavs=[4, 12]
sgcp_constrained receiver=4 policy=all-cavs sources=[4, 12] clusters=20 ra=selective_edgecooper_global comm_bytes=77984 selected_grids={12: 53}
fusion_method=early pred_boxes=14 gt_boxes=30
pred_scores_shape=(14,)
frame=40/41 receiver_sample=5/20 scenario=2026_07_15_01_26_56 timestamp=000138 cavs=[5, 16]
sgcp_constrained receiver=5 policy=all-cavs sources=[5, 16] clusters=20 ra=selective_edgecooper_global comm_bytes=79008 selected_grids={16: 55}
fusion_method=early pred_boxes=24 gt_boxes=30
pred_scores_shape=(24,)
frame=40/41 receiver_sample=6/20 scenario=2026_07_15_01_26_56 timestamp=000138 cavs=[6, 15]
sgcp_constrained receiver=6 policy=all-cavs sources=[6, 15] clusters=20 ra=selective_edgecooper_global comm_bytes=76528 selected_grids={15: 50}
fusion_method=early pred_boxes=17 gt_boxes=26
pred_scores_shape=(17,)
frame=40/41 receiver_sample=7/20 scenario=2026_07_15_01_26_56 timestamp=000138 cavs=[7, 17]
sgcp_constrained receiver=7 policy=all-cavs sources=[7, 17] clusters=20 ra=selective_edgecooper_global comm_bytes=79824 selected_grids={17: 58}
fusion_method=early pred_boxes=18 gt_boxes=16
pred_scores_shape=(18,)
frame=40/41 receiver_sample=8/20 scenario=2026_07_15_01_26_56 timestamp=000138 cavs=[8]
sgcp_constrained receiver=8 policy=all-cavs sources=[8] clusters=20 ra=selective_edgecooper_global comm_bytes=0 selected_grids={}
fusion_method=early pred_boxes=12 gt_boxes=21
pred_scores_shape=(12,)
frame=40/41 receiver_sample=9/20 scenario=2026_07_15_01_26_56 timestamp=000138 cavs=[9]
sgcp_constrained receiver=9 policy=all-cavs sources=[9] clusters=20 ra=selective_edgecooper_global comm_bytes=0 selected_grids={}
fusion_method=early pred_boxes=13 gt_boxes=18
pred_scores_shape=(13,)
frame=40/41 receiver_sample=10/20 scenario=2026_07_15_01_26_56 timestamp=000138 cavs=[10, 8]
sgcp_constrained receiver=10 policy=all-cavs sources=[10, 8] clusters=20 ra=selective_edgecooper_global comm_bytes=75600 selected_grids={8: 52}
fusion_method=early pred_boxes=20 gt_boxes=30
pred_scores_shape=(20,)
frame=40/41 receiver_sample=11/20 scenario=2026_07_15_01_26_56 timestamp=000138 cavs=[11, 9]
sgcp_constrained receiver=11 policy=all-cavs sources=[11, 9] clusters=20 ra=selective_edgecooper_global comm_bytes=77456 selected_grids={9: 53}
fusion_method=early pred_boxes=27 gt_boxes=30
pred_scores_shape=(27,)
frame=40/41 receiver_sample=12/20 scenario=2026_07_15_01_26_56 timestamp=000138 cavs=[12]
sgcp_constrained receiver=12 policy=all-cavs sources=[12] clusters=20 ra=selective_edgecooper_global comm_bytes=0 selected_grids={}
fusion_method=early pred_boxes=12 gt_boxes=10
pred_scores_shape=(12,)
frame=40/41 receiver_sample=13/20 scenario=2026_07_15_01_26_56 timestamp=000138 cavs=[13]
sgcp_constrained receiver=13 policy=all-cavs sources=[13] clusters=20 ra=selective_edgecooper_global comm_bytes=0 selected_grids={}
fusion_method=early pred_boxes=10 gt_boxes=10Format = auto
Extension = pcd
Format = auto
Extension = pcd
Format = auto
Extension = pcd
Format = auto
Extension = pcd
Format = auto
Extension = pcd
Format = auto
Extension = pcd
Format = auto
Extension = pcd
Format = auto
Extension = pcd
Format = auto
Extension = pcd
Format = auto
Extension = pcd
Format = auto
Extension = pcd
Format = auto
Extension = pcd
Format = auto
Extension = pcd
Format = auto
Extension = pcd
Format = auto
Extension = pcd
Format = auto
Extension = pcd
Format = auto
Extension = pcd
Format = auto
Extension = pcd
Format = auto
Extension = pcd
Format = auto
Extension = pcd

pred_scores_shape=(10,)
frame=40/41 receiver_sample=14/20 scenario=2026_07_15_01_26_56 timestamp=000138 cavs=[14, 13]
sgcp_constrained receiver=14 policy=all-cavs sources=[14, 13] clusters=20 ra=selective_edgecooper_global comm_bytes=74656 selected_grids={13: 56}
fusion_method=early pred_boxes=6 gt_boxes=3
pred_scores_shape=(6,)
frame=40/41 receiver_sample=15/20 scenario=2026_07_15_01_26_56 timestamp=000138 cavs=[15]
sgcp_constrained receiver=15 policy=all-cavs sources=[15] clusters=20 ra=selective_edgecooper_global comm_bytes=0 selected_grids={}
fusion_method=early pred_boxes=14 gt_boxes=15
pred_scores_shape=(14,)
frame=40/41 receiver_sample=16/20 scenario=2026_07_15_01_26_56 timestamp=000138 cavs=[16]
sgcp_constrained receiver=16 policy=all-cavs sources=[16] clusters=20 ra=selective_edgecooper_global comm_bytes=0 selected_grids={}
fusion_method=early pred_boxes=17 gt_boxes=20
pred_scores_shape=(17,)
frame=40/41 receiver_sample=17/20 scenario=2026_07_15_01_26_56 timestamp=000138 cavs=[17]
sgcp_constrained receiver=17 policy=all-cavs sources=[17] clusters=20 ra=selective_edgecooper_global comm_bytes=0 selected_grids={}
fusion_method=early pred_boxes=14 gt_boxes=13
pred_scores_shape=(14,)
frame=40/41 receiver_sample=18/20 scenario=2026_07_15_01_26_56 timestamp=000138 cavs=[18, 3]
sgcp_constrained receiver=18 policy=all-cavs sources=[18, 3] clusters=20 ra=selective_edgecooper_global comm_bytes=79824 selected_grids={3: 63}
fusion_method=early pred_boxes=16 gt_boxes=12
pred_scores_shape=(16,)
frame=40/41 receiver_sample=19/20 scenario=2026_07_15_01_26_56 timestamp=000138 cavs=[19, 20]
sgcp_constrained receiver=19 policy=all-cavs sources=[19, 20] clusters=20 ra=selective_edgecooper_global comm_bytes=78416 selected_grids={20: 52}
fusion_method=early pred_boxes=17 gt_boxes=29
pred_scores_shape=(17,)
frame=40/41 receiver_sample=20/20 scenario=2026_07_15_01_26_56 timestamp=000138 cavs=[20]
sgcp_constrained receiver=20 policy=all-cavs sources=[20] clusters=20 ra=selective_edgecooper_global comm_bytes=0 selected_grids={}
fusion_method=early pred_boxes=16 gt_boxes=19
pred_scores_shape=(16,)
frame=41/41 receiver_sample=1/20 scenario=2026_07_15_01_26_56 timestamp=000140 cavs=[1]
sgcp_constrained receiver=1 policy=all-cavs sources=[1] clusters=20 ra=selective_edgecooper_global comm_bytes=0 selected_grids={}
fusion_method=early pred_boxes=18 gt_boxes=16
pred_scores_shape=(18,)
frame=41/41 receiver_sample=2/20 scenario=2026_07_15_01_26_56 timestamp=000140 cavs=[2, 1]
sgcp_constrained receiver=2 policy=all-cavs sources=[2, 1] clusters=20 ra=selective_edgecooper_global comm_bytes=74768 selected_grids={1: 42}
fusion_method=early pred_boxes=14 gt_boxes=29
pred_scores_shape=(14,)
frame=41/41 receiver_sample=3/20 scenario=2026_07_15_01_26_56 timestamp=000140 cavs=[3]
sgcp_constrained receiver=3 policy=all-cavs sources=[3] clusters=20 ra=selective_edgecooper_global comm_bytes=0 selected_grids={}
fusion_method=early pred_boxes=9 gt_boxes=5
pred_scores_shape=(9,)
frame=41/41 receiver_sample=4/20 scenario=2026_07_15_01_26_56 timestamp=000140 cavs=[4, 12]
sgcp_constrained receiver=4 policy=all-cavs sources=[4, 12] clusters=20 ra=selective_edgecooper_global comm_bytes=78208 selected_grids={12: 53}
fusion_method=early pred_boxes=11 gt_boxes=30
pred_scores_shape=(11,)
frame=41/41 receiver_sample=5/20 scenario=2026_07_15_01_26_56 timestamp=000140 cavs=[5, 16]
sgcp_constrained receiver=5 policy=all-cavs sources=[5, 16] clusters=20 ra=selective_edgecooper_global comm_bytes=78992 selected_grids={16: 56}
fusion_method=early pred_boxes=19 gt_boxes=32
pred_scores_shape=(19,)
frame=41/41 receiver_sample=6/20 scenario=2026_07_15_01_26_56 timestamp=000140 cavs=[6, 15]
sgcp_constrained receiver=6 policy=all-cavs sources=[6, 15] clusters=20 ra=selective_edgecooper_global comm_bytes=76704 selected_grids={15: 50}
fusion_method=early pred_boxes=17 gt_boxes=24
pred_scores_shape=(17,)
frame=41/41 receiver_sample=7/20 scenario=2026_07_15_01_26_56 timestamp=000140 cavs=[7, 17]
sgcp_constrained receiver=7 policy=all-cavs sources=[7, 17] clusters=20 ra=selective_edgecooper_global comm_bytes=79872 selected_grids={17: 58}
fusion_method=early pred_boxes=18 gt_boxes=15
pred_scores_shape=(18,)
frame=41/41 receiver_sample=8/20 scenario=2026_07_15_01_26_56 timestamp=000140 cavs=[8]
sgcp_constrained receiver=8 policy=all-cavs sources=[8] clusters=20 ra=selective_edgecooper_global comm_bytes=0 selected_grids={}
fusion_method=early pred_boxes=11 gt_boxes=22
pred_scores_shape=(11,)
frame=41/41 receiver_sample=9/20 scenario=2026_07_15_01_26_56 timestamp=000140 cavs=[9]
sgcp_constrained receiver=9 policy=all-cavs sources=[9] clusters=20 ra=selective_edgecooper_global comm_bytes=0 selected_grids={}
fusion_method=early pred_boxes=13 gt_boxes=18
pred_scores_shape=(13,)
frame=41/41 receiver_sample=10/20 scenario=2026_07_15_01_26_56 timestamp=000140 cavs=[10, 8]
sgcp_constrained receiver=10 policy=all-cavs sources=[10, 8] clusters=20 ra=selective_edgecooper_global comm_bytes=75584 selected_grids={8: 50}
fusion_method=early pred_boxes=23 gt_boxes=30
pred_scores_shape=(23,)
frame=41/41 receiver_sample=11/20 scenario=2026_07_15_01_26_56 timestamp=000140 cavs=[11, 9]
sgcp_constrained receiver=11 policy=all-cavs sources=[11, 9] clusters=20 ra=selective_edgecooper_global comm_bytes=77440 selected_grids={9: 52}
fusion_method=early pred_boxes=26 gt_boxes=30
pred_scores_shape=(26,)
frame=41/41 receiver_sample=12/20 scenario=2026_07_15_01_26_56 timestamp=000140 cavs=[12]
sgcp_constrained receiver=12 policy=all-cavs sources=[12] clusters=20 ra=selective_edgecooper_global comm_bytes=0 selected_grids={}
fusion_method=early pred_boxes=7 gt_boxes=10
pred_scores_shape=(7,)
frame=41/41 receiver_sample=13/20 scenario=2026_07_15_01_26_56 timestamp=000140 cavs=[13, 14]
sgcp_constrained receiver=13 policy=all-cavs sources=[13, 14] clusters=20 ra=selective_edgecooper_global comm_bytes=74480 selected_grids={14: 57}
fusion_method=early pred_boxes=10 gt_boxes=11
pred_scores_shape=(10,)
frame=41/41 receiver_sample=14/20 scenario=2026_07_15_01_26_56 timestamp=000140 cavs=[14]
sgcp_constrained receiver=14 policy=all-cavs sources=[14] clusters=20 ra=selective_edgecooper_global comm_bytes=0 selected_grids={}
fusion_method=early pred_boxes=2 gt_boxes=2
pred_scores_shape=(2,)
frame=41/41 receiver_sample=15/20 scenario=2026_07_15_01_26_56 timestamp=000140 cavs=[15]
sgcp_constrained receiver=15 policy=all-cavs sources=[15] clusters=20 ra=selective_edgecooper_global comm_bytes=0 selected_grids={}
fusion_method=early pred_boxes=14 gt_boxes=14
pred_scores_shape=(14,)
frame=41/41 receiver_sample=16/20 scenario=2026_07_15_01_26_56 timestamp=000140 cavs=[16]
sgcp_constrained receiver=16 policy=all-cavs sources=[16] clusters=20 ra=selective_edgecooper_global comm_bytes=0 selected_grids={}
fusion_method=early pred_boxes=13 gt_boxes=20
pred_scores_shape=(13,)
frame=41/41 receiver_sample=17/20 scenario=2026_07_15_01_26_56 timestamp=000140 cavs=[17]
sgcp_constrained receiver=17 policy=all-cavs sources=[17] clusters=20 ra=selective_edgecooper_global comm_bytes=0 selected_grids={}
fusion_method=early pred_boxes=14 gt_boxes=13
pred_scores_shape=(14,)
frame=41/41 receiver_sample=18/20 scenario=2026_07_15_01_26_56 timestamp=000140 cavs=[18, 3]
sgcp_constrained receiver=18 policy=all-cavs sources=[18, 3] clusters=20 ra=selective_edgecooper_global comm_bytes=79952 selected_grids={3: 62}
fusion_method=early pred_boxes=16 gt_boxes=11
pred_scores_shape=(16,)
frame=41/41 receiver_sample=19/20 scenario=2026_07_15_01_26_56 timestamp=000140 cavs=[19, 20]
sgcp_constrained receiver=19 policy=all-cavs sources=[19, 20] clusters=20 ra=selective_edgecooper_global comm_bytes=78384 selected_grids={20: 52}
fusion_method=early pred_boxes=17 gt_boxes=29
pred_scores_shape=(17,)
frame=41/41 receiver_sample=20/20 scenario=2026_07_15_01_26_56 timestamp=000140 cavs=[20]
sgcp_constrained receiver=20 policy=all-cavs sources=[20] clusters=20 ra=selective_edgecooper_global comm_bytes=0 selected_grids={}
fusion_method=early pred_boxes=16 gt_boxes=18
pred_scores_shape=(16,)
conda.exe : C:\Users\sakakibara\miniconda3\envs\opencda\lib\site-packages\torch\nn\functional.py:1806: UserWarning: nn.
functional.sigmoid is deprecated. Use torch.sigmoid instead.
At C:\Users\sakakibara\miniconda3\shell\condabin\Conda.psm1:194 char:17
+ ...             & $Env:CONDA_EXE $Env:_CE_M $Env:_CE_CONDA $Command @Othe ...
+                 ~~~~~~~~~~~~~~~~~~~~~~~~~~~~~~~~~~~~~~~~~~~~~~~~~~~~~~~~~
    + CategoryInfo          : NotSpecified: (C:\Users\sakaki...igmoid instead.:String) [], RemoteException
    + FullyQualifiedErrorId : NativeCommandError
 
  warnings.warn("nn.functional.sigmoid is deprecated. Use torch.sigmoid instead.")
cp counter: 820
Evaluate final average precision results:
  - Fusion method: early
  - The Average Precision at IOU 0.3 is 0.32, The Average Precision at IOU 0.5 is 0.26, The Average Precision at IOU 0.7 is 0.11
sgcp_summary frames=820 avg_comm_bytes=35680.14 total_comm_bytes=29257712 avg_source_cavs=1.46 avg_selected_grids=24.26
