scenario_id,timestamp,receiver_id,receiver_policy,coperception_yaml,resource_allocation,gt_scope,upload_mode,grid_selection_mode,grid_score_mode,coverage_fallback,coverage_fallback_replacements,routing_hint_replacements,routing_hints_csv,clustering,cluster_count,selective_frame_deadline_ms,selective_global_budget_bytes,selective_global_admitted_bytes,selective_global_candidate_bytes,selective_global_admitted_links,selective_global_candidate_links,cluster_member_ids,source_cav_ids,uploaded_source_ids,selected_grid_counts_json,point_counts_json,communication_bytes,frame_comm_time_ms,num_channels,bandwidth_mhz,communication_deadline_ms,sgcp_frame_mbps_budget,sgcp_frame_budget_bytes,sgcp_frame_budget_original_bytes,sgcp_frame_budget_admitted_bytes,upload_density_cap_rho,edgecooper_pmax_density_cap_rho,local_preserving_output,local_preserving_extra_calls,local_preserving_extra_point_counts_json,upload_density_cap_seed,max_senders_per_receiver,channel_estimator,ns3_tb_size_bytes,ns3_slot_duration_ms,ns3_subchannel_prbs,ns3_symbols_per_slot,ns3_mcs,pcs_rounds_requested,pcs_rounds_accepted,pcs_round_comm_time_ms_json,pcs_round_comm_bytes_json,channel_allocation,missing_channel_sources,pred_boxes,gt_boxes,skipped
2026_07_29_02_32_08,000060,1,all-cavs,docs\doc_workspace\SGCP\artifacts\early_from_late_checkpoint_20260719\enable_coperception_early_from_attentive.yaml,selective_edgecooper_global_pmax,full-frame,grid,,,,,,,singleton,20,60.0,1078800,1078800,1507424,49,49,1,1;2;8;11,2;8;11,"{""2"": 12, ""8"": 12, ""11"": 12}","{""1"": 13948, ""2"": 1181, ""8"": 909, ""11"": 1486}",57216,3.182202447163515,10,40.0,60.0,,,,,2.0,2.0,1,1,"{""1"": 13948}",,2,ns3,899,0.5,10,12,28,,,[],[],,2;8;11,30,72,
2026_07_29_02_32_08,000060,2,all-cavs,docs\doc_workspace\SGCP\artifacts\early_from_late_checkpoint_20260719\enable_coperception_early_from_attentive.yaml,selective_edgecooper_global_pmax,full-frame,grid,,,,,,,singleton,20,60.0,1078800,1078800,1507424,49,49,2,2;1;10;11,1;10;11,"{""1"": 13, ""10"": 13, ""11"": 11}","{""1"": 732, ""2"": 13829, ""10"": 1960, ""11"": 733}",54800,3.0478309232480534,10,40.0,60.0,,,,,2.0,2.0,1,1,"{""2"": 13829}",,2,ns3,899,0.5,10,12,28,,,[],[],,1;10;11,28,72,
2026_07_29_02_32_08,000060,3,all-cavs,docs\doc_workspace\SGCP\artifacts\early_from_late_checkpoint_20260719\enable_coperception_early_from_attentive.yaml,selective_edgecooper_global_pmax,full-frame,grid,,,,,,,singleton,20,60.0,1078800,1078800,1507424,49,49,3,3;17;18,17;18,"{""17"": 13, ""18"": 13}","{""3"": 14168, ""17"": 1196, ""18"": 1611}",44912,2.4978865406006676,10,40.0,60.0,,,,,2.0,2.0,1,1,"{""3"": 14168}",,2,ns3,899,0.5,10,12,28,,,[],[],,17;18,19,65,
2026_07_29_02_32_08,000060,4,all-cavs,docs\doc_workspace\SGCP\artifacts\early_from_late_checkpoint_20260719\enable_coperception_early_from_attentive.yaml,selective_edgecooper_global_pmax,full-frame,grid,,,,,,,singleton,20,60.0,1078800,1078800,1507424,49,49,4,4;1;7;12,1;7;12,"{""1"": 13, ""7"": 12, ""12"": 12}","{""1"": 2043, ""4"": 13839, ""7"": 1679, ""12"": 1064}",76576,4.258954393770857,10,40.0,60.0,,,,,2.0,2.0,1,1,"{""4"": 13839}",,2,ns3,899,0.5,10,12,28,,,[],[],,1;7;12,33,71,
2026_07_29_02_32_08,000060,5,all-cavs,docs\doc_workspace\SGCP\artifacts\early_from_late_checkpoint_20260719\enable_coperception_early_from_attentive.yaml,selective_edgecooper_global_pmax,full-frame,grid,,,,,,,singleton,20,60.0,1078800,1078800,1507424,49,49,5,5;7;13;20,7;13;20,"{""7"": 12, ""13"": 12, ""20"": 12}","{""5"": 13942, ""7"": 1521, ""13"": 1915, ""20"": 1034}",71520,3.977753058954394,10,40.0,60.0,,,,,2.0,2.0,1,1,"{""5"": 13942}",,2,ns3,899,0.5,10,12,28,,,[],[],,7;13;20,25,48,
2026_07_29_02_32_08,000060,6,all-cavs,docs\doc_workspace\SGCP\artifacts\early_from_late_checkpoint_20260719\enable_coperception_early_from_attentive.yaml,selective_edgecooper_global_pmax,full-frame,grid,,,,,,,singleton,20,60.0,1078800,1078800,1507424,49,49,6,6;15,15,"{""15"": 13}","{""6"": 12973, ""15"": 1263}",20208,1.1239154616240266,10,40.0,60.0,,,,,2.0,2.0,1,1,"{""6"": 12973}",,2,ns3,899,0.5,10,12,28,,,[],[],,15,13,49,
2026_07_29_02_32_08,000060,7,all-cavs,docs\doc_workspace\SGCP\artifacts\early_from_late_checkpoint_20260719\enable_coperception_early_from_attentive.yaml,selective_edgecooper_global_pmax,full-frame,grid,,,,,,,singleton,20,60.0,1078800,1078800,1507424,49,49,7,7;4;12;20,4;12;20,"{""4"": 12, ""12"": 13, ""20"": 13}","{""4"": 1166, ""7"": 13936, ""12"": 1851, ""20"": 1061}",65248,3.6289210233592883,10,40.0,60.0,,,,,2.0,2.0,1,1,"{""7"": 13936}",,2,ns3,899,0.5,10,12,28,,,[],[],,4;12;20,32,51,
2026_07_29_02_32_08,000060,8,all-cavs,docs\doc_workspace\SGCP\artifacts\early_from_late_checkpoint_20260719\enable_coperception_early_from_attentive.yaml,selective_edgecooper_global_pmax,full-frame,grid,,,,,,,singleton,20,60.0,1078800,1078800,1507424,49,49,8,8;1;4;11,1;4;11,"{""1"": 12, ""4"": 12, ""11"": 12}","{""1"": 1233, ""4"": 1707, ""8"": 13742, ""11"": 1556}",71936,4.000889877641824,10,40.0,60.0,,,,,2.0,2.0,1,1,"{""8"": 13742}",,2,ns3,899,0.5,10,12,28,,,[],[],,1;4;11,31,47,
2026_07_29_02_32_08,000060,9,all-cavs,docs\doc_workspace\SGCP\artifacts\early_from_late_checkpoint_20260719\enable_coperception_early_from_attentive.yaml,selective_edgecooper_global_pmax,full-frame,grid,,,,,,,singleton,20,60.0,1078800,1078800,1507424,49,49,9,9;5;13;19,5;13;19,"{""5"": 13, ""13"": 12, ""19"": 12}","{""5"": 1456, ""9"": 13819, ""13"": 1031, ""19"": 621}",49728,2.7657397107897665,10,40.0,60.0,,,,,2.0,2.0,1,1,"{""9"": 13819}",,2,ns3,899,0.5,10,12,28,,,[],[],,5;13;19,23,54,
2026_07_29_02_32_08,000060,10,all-cavs,docs\doc_workspace\SGCP\artifacts\early_from_late_checkpoint_20260719\enable_coperception_early_from_attentive.yaml,selective_edgecooper_global_pmax,full-frame,grid,,,,,,,singleton,20,60.0,1078800,1078800,1507424,49,49,10,10;8;16;19,8;16;19,"{""8"": 13, ""16"": 12, ""19"": 13}","{""8"": 1390, ""10"": 14073, ""16"": 2168, ""19"": 970}",72448,4.0293659621802,10,40.0,60.0,,,,,2.0,2.0,1,1,"{""10"": 14073}",,2,ns3,899,0.5,10,12,28,,,[],[],,8;16;19,27,66,
2026_07_29_02_32_08,000060,11,all-cavs,docs\doc_workspace\SGCP\artifacts\early_from_late_checkpoint_20260719\enable_coperception_early_from_attentive.yaml,selective_edgecooper_global_pmax,full-frame,grid,,,,,,,singleton,20,60.0,1078800,1078800,1507424,49,49,11,11;2;8;9,2;8;9,"{""2"": 12, ""8"": 13, ""9"": 13}","{""2"": 1152, ""8"": 1033, ""9"": 2141, ""11"": 13866}",69216,3.849610678531702,10,40.0,60.0,,,,,2.0,2.0,1,1,"{""11"": 13866}",,2,ns3,899,0.5,10,12,28,,,[],[],,2;8;9,27,69,
2026_07_29_02_32_08,000060,12,all-cavs,docs\doc_workspace\SGCP\artifacts\early_from_late_checkpoint_20260719\enable_coperception_early_from_attentive.yaml,selective_edgecooper_global_pmax,full-frame,grid,,,,,,,singleton,20,60.0,1078800,1078800,1507424,49,49,12,12;4;7,4;7,"{""4"": 12, ""7"": 13}","{""4"": 893, ""7"": 1888, ""12"": 13881}",44496,2.4747497219132373,10,40.0,60.0,,,,,2.0,2.0,1,1,"{""12"": 13881}",,2,ns3,899,0.5,10,12,28,,,[],[],,4;7,27,53,
2026_07_29_02_32_08,000060,13,all-cavs,docs\doc_workspace\SGCP\artifacts\early_from_late_checkpoint_20260719\enable_coperception_early_from_attentive.yaml,selective_edgecooper_global_pmax,full-frame,grid,,,,,,,singleton,20,60.0,1078800,1078800,1507424,49,49,13,13;5;10;19,5;10;19,"{""5"": 13, ""10"": 12, ""19"": 11}","{""5"": 1610, ""10"": 1327, ""13"": 13569, ""19"": 484}",54736,3.0442714126807564,10,40.0,60.0,,,,,2.0,2.0,1,1,"{""13"": 13569}",,2,ns3,899,0.5,10,12,28,,,[],[],,5;10;19,23,55,
2026_07_29_02_32_08,000060,14,all-cavs,docs\doc_workspace\SGCP\artifacts\early_from_late_checkpoint_20260719\enable_coperception_early_from_attentive.yaml,selective_edgecooper_global_pmax,full-frame,grid,,,,,,,singleton,20,60.0,1078800,1078800,1507424,49,49,14,14,,{},"{""14"": 14331}",0,0.0,10,40.0,60.0,,,,,2.0,2.0,0,,{},,2,ns3,899,0.5,10,12,28,,,[],[],,,3,7,
2026_07_29_02_32_08,000060,15,all-cavs,docs\doc_workspace\SGCP\artifacts\early_from_late_checkpoint_20260719\enable_coperception_early_from_attentive.yaml,selective_edgecooper_global_pmax,full-frame,grid,,,,,,,singleton,20,60.0,1078800,1078800,1507424,49,49,15,15;6,6,"{""6"": 13}","{""6"": 1908, ""15"": 13458}",30528,1.6978865406006673,10,40.0,60.0,,,,,2.0,2.0,1,1,"{""15"": 13458}",,2,ns3,899,0.5,10,12,28,,,[],[],,6,17,59,
2026_07_29_02_32_08,000060,16,all-cavs,docs\doc_workspace\SGCP\artifacts\early_from_late_checkpoint_20260719\enable_coperception_early_from_attentive.yaml,selective_edgecooper_global_pmax,full-frame,grid,,,,,,,singleton,20,60.0,1078800,1078800,1507424,49,49,16,16;3;10;20,3;10;20,"{""3"": 12, ""10"": 13, ""20"": 11}","{""3"": 2000, ""10"": 2070, ""16"": 13819, ""20"": 672}",75872,4.219799777530589,10,40.0,60.0,,,,,2.0,2.0,1,1,"{""16"": 13819}",,2,ns3,899,0.5,10,12,28,,,[],[],,3;10;20,32,64,
2026_07_29_02_32_08,000060,17,all-cavs,docs\doc_workspace\SGCP\artifacts\early_from_late_checkpoint_20260719\enable_coperception_early_from_attentive.yaml,selective_edgecooper_global_pmax,full-frame,grid,,,,,,,singleton,20,60.0,1078800,1078800,1507424,49,49,17,17;3;18,3;18,"{""3"": 13, ""18"": 13}","{""3"": 1026, ""17"": 14142, ""18"": 1508}",40544,2.254949944382647,10,40.0,60.0,,,,,2.0,2.0,1,1,"{""17"": 14142}",,2,ns3,899,0.5,10,12,28,,,[],[],,3;18,17,65,
2026_07_29_02_32_08,000060,18,all-cavs,docs\doc_workspace\SGCP\artifacts\early_from_late_checkpoint_20260719\enable_coperception_early_from_attentive.yaml,selective_edgecooper_global_pmax,full-frame,grid,,,,,,,singleton,20,60.0,1078800,1078800,1507424,49,49,18,18;3;17,3;17,"{""3"": 13, ""17"": 12}","{""3"": 1953, ""17"": 1659, ""18"": 14258}",57792,3.214238042269188,10,40.0,60.0,,,,,2.0,2.0,1,1,"{""18"": 14258}",,2,ns3,899,0.5,10,12,28,,,[],[],,3;17,17,49,
2026_07_29_02_32_08,000060,19,all-cavs,docs\doc_workspace\SGCP\artifacts\early_from_late_checkpoint_20260719\enable_coperception_early_from_attentive.yaml,selective_edgecooper_global_pmax,full-frame,grid,,,,,,,singleton,20,60.0,1078800,1078800,1507424,49,49,19,19;9;13;16,9;13;16,"{""9"": 12, ""13"": 13, ""16"": 13}","{""9"": 774, ""13"": 1078, ""16"": 2444, ""19"": 13725}",68736,3.8229143492769744,10,40.0,60.0,,,,,2.0,2.0,1,1,"{""19"": 13725}",,2,ns3,899,0.5,10,12,28,,,[],[],,9;13;16,22,54,
2026_07_29_02_32_08,000060,20,all-cavs,docs\doc_workspace\SGCP\artifacts\early_from_late_checkpoint_20260719\enable_coperception_early_from_attentive.yaml,selective_edgecooper_global_pmax,full-frame,grid,,,,,,,singleton,20,60.0,1078800,1078800,1507424,49,49,20,20;5;9;16,5;9;16,"{""5"": 12, ""9"": 13, ""16"": 12}","{""5"": 739, ""9"": 1612, ""16"": 917, ""20"": 13918}",52288,2.9081201334816464,10,40.0,60.0,,,,,2.0,2.0,1,1,"{""20"": 13918}",,2,ns3,899,0.5,10,12,28,,,[],[],,5;9;16,27,62,
2026_07_29_02_32_08,000062,1,all-cavs,docs\doc_workspace\SGCP\artifacts\early_from_late_checkpoint_20260719\enable_coperception_early_from_attentive.yaml,selective_edgecooper_global_pmax,full-frame,grid,,,,,,,singleton,20,60.0,1078800,1078800,1510496,49,49,1,1;2;8;11,2;8;11,"{""2"": 13, ""8"": 12, ""11"": 13}","{""1"": 13948, ""2"": 1199, ""8"": 911, ""11"": 1478}",57408,3.1928809788654062,10,40.0,60.0,,,,,2.0,2.0,1,1,"{""1"": 13948}",,2,ns3,899,0.5,10,12,28,,,[],[],,2;8;11,33,72,
2026_07_29_02_32_08,000062,2,all-cavs,docs\doc_workspace\SGCP\artifacts\early_from_late_checkpoint_20260719\enable_coperception_early_from_attentive.yaml,selective_edgecooper_global_pmax,full-frame,grid,,,,,,,singleton,20,60.0,1078800,1078800,1510496,49,49,2,2;1;10;11,1;10;11,"{""1"": 12, ""10"": 13, ""11"": 11}","{""1"": 706, ""2"": 13829, ""10"": 1970, ""11"": 716}",54272,3.018464961067853,10,40.0,60.0,,,,,2.0,2.0,1,1,"{""2"": 13829}",,2,ns3,899,0.5,10,12,28,,,[],[],,1;10;11,31,72,
2026_07_29_02_32_08,000062,3,all-cavs,docs\doc_workspace\SGCP\artifacts\early_from_late_checkpoint_20260719\enable_coperception_early_from_attentive.yaml,selective_edgecooper_global_pmax,full-frame,grid,,,,,,,singleton,20,60.0,1078800,1078800,1510496,49,49,3,3;17;18,17;18,"{""17"": 13, ""18"": 13}","{""3"": 14164, ""17"": 1267, ""18"": 1659}",46816,2.603781979977753,10,40.0,60.0,,,,,2.0,2.0,1,1,"{""3"": 14164}",,2,ns3,899,0.5,10,12,28,,,[],[],,17;18,20,65,
2026_07_29_02_32_08,000062,4,all-cavs,docs\doc_workspace\SGCP\artifacts\early_from_late_checkpoint_20260719\enable_coperception_early_from_attentive.yaml,selective_edgecooper_global_pmax,full-frame,grid,,,,,,,singleton,20,60.0,1078800,1078800,1510496,49,49,4,4;1;7;12,1;7;12,"{""1"": 13, ""7"": 12, ""12"": 12}","{""1"": 1861, ""4"": 13826, ""7"": 1686, ""12"": 1061}",73728,4.10055617352614,10,40.0,60.0,,,,,2.0,2.0,1,1,"{""4"": 13826}",,2,ns3,899,0.5,10,12,28,,,[],[],,1;7;12,29,71,
2026_07_29_02_32_08,000062,5,all-cavs,docs\doc_workspace\SGCP\artifacts\early_from_late_checkpoint_20260719\enable_coperception_early_from_attentive.yaml,selective_edgecooper_global_pmax,full-frame,grid,,,,,,,singleton,20,60.0,1078800,1078800,1510496,49,49,5,5;7;13;20,7;13;20,"{""7"": 13, ""13"": 12, ""20"": 12}","{""5"": 13942, ""7"": 1598, ""13"": 1916, ""20"": 1038}",72832,4.050723025583982,10,40.0,60.0,,,,,2.0,2.0,1,1,"{""5"": 13942}",,2,ns3,899,0.5,10,12,28,,,[],[],,7;13;20,25,48,
2026_07_29_02_32_08,000062,6,all-cavs,docs\doc_workspace\SGCP\artifacts\early_from_late_checkpoint_20260719\enable_coperception_early_from_attentive.yaml,selective_edgecooper_global_pmax,full-frame,grid,,,,,,,singleton,20,60.0,1078800,1078800,1510496,49,49,6,6;15,15,"{""15"": 13}","{""6"": 13002, ""15"": 1238}",19808,1.1016685205784205,10,40.0,60.0,,,,,2.0,2.0,1,1,"{""6"": 13002}",,2,ns3,899,0.5,10,12,28,,,[],[],,15,13,49,
2026_07_29_02_32_08,000062,7,all-cavs,docs\doc_workspace\SGCP\artifacts\early_from_late_checkpoint_20260719\enable_coperception_early_from_attentive.yaml,selective_edgecooper_global_pmax,full-frame,grid,,,,,,,singleton,20,60.0,1078800,1078800,1510496,49,49,7,7;4;12;20,4;12;20,"{""4"": 13, ""12"": 13, ""20"": 12}","{""4"": 1296, ""7"": 13932, ""12"": 1715, ""20"": 1001}",64192,3.570189098998888,10,40.0,60.0,,,,,2.0,2.0,1,1,"{""7"": 13932}",,2,ns3,899,0.5,10,12,28,,,[],[],,4;12;20,31,51,
2026_07_29_02_32_08,000062,8,all-cavs,docs\doc_workspace\SGCP\artifacts\early_from_late_checkpoint_20260719\enable_coperception_early_from_attentive.yaml,selective_edgecooper_global_pmax,full-frame,grid,,,,,,,singleton,20,60.0,1078800,1078800,1510496,49,49,8,8;1;2;4,1;2;4,"{""1"": 12, ""2"": 13, ""4"": 12}","{""1"": 1266, ""2"": 1632, ""4"": 1681, ""8"": 13742}",73264,4.0747497219132365,10,40.0,60.0,,,,,2.0,2.0,1,1,"{""8"": 13742}",,2,ns3,899,0.5,10,12,28,,,[],[],,1;2;4,28,47,
2026_07_29_02_32_08,000062,9,all-cavs,docs\doc_workspace\SGCP\artifacts\early_from_late_checkpoint_20260719\enable_coperception_early_from_attentive.yaml,selective_edgecooper_global_pmax,full-frame,grid,,,,,,,singleton,20,60.0,1078800,1078800,1510496,49,49,9,9;5;13;19,5;13;19,"{""5"": 13, ""13"": 12, ""19"": 12}","{""5"": 1458, ""9"": 13818, ""13"": 1029, ""19"": 616}",49648,2.7612903225806456,10,40.0,60.0,,,,,2.0,2.0,1,1,"{""9"": 13818}",,2,ns3,899,0.5,10,12,28,,,[],[],,5;13;19,21,54,
2026_07_29_02_32_08,000062,10,all-cavs,docs\doc_workspace\SGCP\artifacts\early_from_late_checkpoint_20260719\enable_coperception_early_from_attentive.yaml,selective_edgecooper_global_pmax,full-frame,grid,,,,,,,singleton,20,60.0,1078800,1078800,1510496,49,49,10,10;8;16;19,8;16;19,"{""8"": 13, ""16"": 12, ""19"": 13}","{""8"": 1363, ""10"": 14074, ""16"": 2159, ""19"": 959}",71696,3.9875417130144606,10,40.0,60.0,,,,,2.0,2.0,1,1,"{""10"": 14074}",,2,ns3,899,0.5,10,12,28,,,[],[],,8;16;19,27,67,
2026_07_29_02_32_08,000062,11,all-cavs,docs\doc_workspace\SGCP\artifacts\early_from_late_checkpoint_20260719\enable_coperception_early_from_attentive.yaml,selective_edgecooper_global_pmax,full-frame,grid,,,,,,,singleton,20,60.0,1078800,1078800,1510496,49,49,11,11;2;8;9,2;8;9,"{""2"": 12, ""8"": 13, ""9"": 13}","{""2"": 1144, ""8"": 1035, ""9"": 2141, ""11"": 13869}",69120,3.8442714126807567,10,40.0,60.0,,,,,2.0,2.0,1,1,"{""11"": 13869}",,2,ns3,899,0.5,10,12,28,,,[],[],,2;8;9,27,69,
2026_07_29_02_32_08,000062,12,all-cavs,docs\doc_workspace\SGCP\artifacts\early_from_late_checkpoint_20260719\enable_coperception_early_from_attentive.yaml,selective_edgecooper_global_pmax,full-frame,grid,,,,,,,singleton,20,60.0,1078800,1078800,1510496,49,49,12,12;4;7,4;7,"{""4"": 12, ""7"": 13}","{""4"": 823, ""7"": 1885, ""12"": 13882}",43328,2.409788654060067,10,40.0,60.0,,,,,2.0,2.0,1,1,"{""12"": 13882}",,2,ns3,899,0.5,10,12,28,,,[],[],,4;7,21,53,
2026_07_29_02_32_08,000062,13,all-cavs,docs\doc_workspace\SGCP\artifacts\early_from_late_checkpoint_20260719\enable_coperception_early_from_attentive.yaml,selective_edgecooper_global_pmax,full-frame,grid,,,,,,,singleton,20,60.0,1078800,1078800,1510496,49,49,13,13;5;10;19,5;10;19,"{""5"": 13, ""10"": 12, ""19"": 11}","{""5"": 1615, ""10"": 1321, ""13"": 13569, ""19"": 474}",54560,3.0344827586206895,10,40.0,60.0,,,,,2.0,2.0,1,1,"{""13"": 13569}",,2,ns3,899,0.5,10,12,28,,,[],[],,5;10;19,24,55,
2026_07_29_02_32_08,000062,14,all-cavs,docs\doc_workspace\SGCP\artifacts\early_from_late_checkpoint_20260719\enable_coperception_early_from_attentive.yaml,selective_edgecooper_global_pmax,full-frame,grid,,,,,,,singleton,20,60.0,1078800,1078800,1510496,49,49,14,14,,{},"{""14"": 14313}",0,0.0,10,40.0,60.0,,,,,2.0,2.0,0,,{},,2,ns3,899,0.5,10,12,28,,,[],[],,,3,7,
2026_07_29_02_32_08,000062,15,all-cavs,docs\doc_workspace\SGCP\artifacts\early_from_late_checkpoint_20260719\enable_coperception_early_from_attentive.yaml,selective_edgecooper_global_pmax,full-frame,grid,,,,,,,singleton,20,60.0,1078800,1078800,1510496,49,49,15,15;6,6,"{""6"": 13}","{""6"": 1849, ""15"": 13488}",29584,1.6453837597330367,10,40.0,60.0,,,,,2.0,2.0,1,1,"{""15"": 13488}",,2,ns3,899,0.5,10,12,28,,,[],[],,6,16,60,
2026_07_29_02_32_08,000062,16,all-cavs,docs\doc_workspace\SGCP\artifacts\early_from_late_checkpoint_20260719\enable_coperception_early_from_attentive.yaml,selective_edgecooper_global_pmax,full-frame,grid,,,,,,,singleton,20,60.0,1078800,1078800,1510496,49,49,16,16;3;10;20,3;10;20,"{""3"": 13, ""10"": 13, ""20"": 12}","{""3"": 2122, ""10"": 2191, ""16"": 13788, ""20"": 685}",79968,4.4476084538375975,10,40.0,60.0,,,,,2.0,2.0,1,1,"{""16"": 13788}",,2,ns3,899,0.5,10,12,28,,,[],[],,3;10;20,34,66,
2026_07_29_02_32_08,000062,17,all-cavs,docs\doc_workspace\SGCP\artifacts\early_from_late_checkpoint_20260719\enable_coperception_early_from_attentive.yaml,selective_edgecooper_global_pmax,full-frame,grid,,,,,,,singleton,20,60.0,1078800,1078800,1510496,49,49,17,17;3;18,3;18,"{""3"": 12, ""18"": 13}","{""3"": 999, ""17"": 14128, ""18"": 1536}",40560,2.2558398220244715,10,40.0,60.0,,,,,2.0,2.0,1,1,"{""17"": 14128}",,2,ns3,899,0.5,10,12,28,,,[],[],,3;18,21,65,
2026_07_29_02_32_08,000062,18,all-cavs,docs\doc_workspace\SGCP\artifacts\early_from_late_checkpoint_20260719\enable_coperception_early_from_attentive.yaml,selective_edgecooper_global_pmax,full-frame,grid,,,,,,,singleton,20,60.0,1078800,1078800,1510496,49,49,18,18;3;17,3;17,"{""3"": 12, ""17"": 12}","{""3"": 1960, ""17"": 1677, ""18"": 14261}",58192,3.236484983314794,10,40.0,60.0,,,,,2.0,2.0,1,1,"{""18"": 14261}",,2,ns3,899,0.5,10,12,28,,,[],[],,3;17,17,49,
2026_07_29_02_32_08,000062,19,all-cavs,docs\doc_workspace\SGCP\artifacts\early_from_late_checkpoint_20260719\enable_coperception_early_from_attentive.yaml,selective_edgecooper_global_pmax,full-frame,grid,,,,,,,singleton,20,60.0,1078800,1078800,1510496,49,49,19,19;9;13;16,9;13;16,"{""9"": 12, ""13"": 13, ""16"": 12}","{""9"": 797, ""13"": 1098, ""16"": 2313, ""19"": 13710}",67328,3.7446051167964405,10,40.0,60.0,,,,,2.0,2.0,1,1,"{""19"": 13710}",,2,ns3,899,0.5,10,12,28,,,[],[],,9;13;16,22,54,
2026_07_29_02_32_08,000062,20,all-cavs,docs\doc_workspace\SGCP\artifacts\early_from_late_checkpoint_20260719\enable_coperception_early_from_attentive.yaml,selective_edgecooper_global_pmax,full-frame,grid,,,,,,,singleton,20,60.0,1078800,1078800,1510496,49,49,20,20;5;9;16,5;9;16,"{""5"": 12, ""9"": 13, ""16"": 12}","{""5"": 738, ""9"": 1612, ""16"": 931, ""20"": 13916}",52496,2.919688542825362,10,40.0,60.0,,,,,2.0,2.0,1,1,"{""20"": 13916}",,2,ns3,899,0.5,10,12,28,,,[],[],,5;9;16,28,62,
2026_07_29_02_32_08,000064,1,all-cavs,docs\doc_workspace\SGCP\artifacts\early_from_late_checkpoint_20260719\enable_coperception_early_from_attentive.yaml,selective_edgecooper_global_pmax,full-frame,grid,,,,,,,singleton,20,60.0,1078800,1078800,1561120,50,50,1,1;2;8;11,2;8;11,"{""2"": 12, ""8"": 11, ""11"": 12}","{""1"": 13948, ""2"": 1215, ""8"": 877, ""11"": 1307}",54384,3.024694104560623,10,40.0,60.0,,,,,2.0,2.0,1,1,"{""1"": 13948}",,2,ns3,899,0.5,10,12,28,,,[],[],,2;8;11,30,72,
2026_07_29_02_32_08,000064,2,all-cavs,docs\doc_workspace\SGCP\artifacts\early_from_late_checkpoint_20260719\enable_coperception_early_from_attentive.yaml,selective_edgecooper_global_pmax,full-frame,grid,,,,,,,singleton,20,60.0,1078800,1078800,1561120,50,50,2,2;1;10;11,1;10;11,"{""1"": 11, ""10"": 12, ""11"": 10}","{""1"": 684, ""2"": 13829, ""10"": 1877, ""11"": 670}",51696,2.875194660734149,10,40.0,60.0,,,,,2.0,2.0,1,1,"{""2"": 13829}",,2,ns3,899,0.5,10,12,28,,,[],[],,1;10;11,29,72,
2026_07_29_02_32_08,000064,3,all-cavs,docs\doc_workspace\SGCP\artifacts\early_from_late_checkpoint_20260719\enable_coperception_early_from_attentive.yaml,selective_edgecooper_global_pmax,full-frame,grid,,,,,,,singleton,20,60.0,1078800,1078800,1561120,50,50,3,3;16;17;18,16;17;18,"{""16"": 12, ""17"": 12, ""18"": 12}","{""3"": 14159, ""16"": 1915, ""17"": 1127, ""18"": 1618}",74560,4.146829810901001,10,40.0,60.0,,,,,2.0,2.0,1,1,"{""3"": 14159}",,2,ns3,899,0.5,10,12,28,,,[],[],,16;17;18,24,65,
2026_07_29_02_32_08,000064,4,all-cavs,docs\doc_workspace\SGCP\artifacts\early_from_late_checkpoint_20260719\enable_coperception_early_from_attentive.yaml,selective_edgecooper_global_pmax,full-frame,grid,,,,,,,singleton,20,60.0,1078800,1078800,1561120,50,50,4,4;1;7;12,1;7;12,"{""1"": 12, ""7"": 11, ""12"": 12}","{""1"": 1897, ""4"": 13808, ""7"": 1606, ""12"": 1060}",73008,4.060511679644049,10,40.0,60.0,,,,,2.0,2.0,1,1,"{""4"": 13808}",,2,ns3,899,0.5,10,12,28,,,[],[],,1;7;12,29,71,
2026_07_29_02_32_08,000064,5,all-cavs,docs\doc_workspace\SGCP\artifacts\early_from_late_checkpoint_20260719\enable_coperception_early_from_attentive.yaml,selective_edgecooper_global_pmax,full-frame,grid,,,,,,,singleton,20,60.0,1078800,1078800,1561120,50,50,5,5;7;13;20,7;13;20,"{""7"": 12, ""13"": 12, ""20"": 12}","{""5"": 13941, ""7"": 1525, ""13"": 1965, ""20"": 1011}",72016,4.005339265850946,10,40.0,60.0,,,,,2.0,2.0,1,1,"{""5"": 13941}",,2,ns3,899,0.5,10,12,28,,,[],[],,7;13;20,26,47,
2026_07_29_02_32_08,000064,6,all-cavs,docs\doc_workspace\SGCP\artifacts\early_from_late_checkpoint_20260719\enable_coperception_early_from_attentive.yaml,selective_edgecooper_global_pmax,full-frame,grid,,,,,,,singleton,20,60.0,1078800,1078800,1561120,50,50,6,6;15,15,"{""15"": 12}","{""6"": 13022, ""15"": 1147}",18352,1.0206896551724136,10,40.0,60.0,,,,,2.0,2.0,1,1,"{""6"": 13022}",,2,ns3,899,0.5,10,12,28,,,[],[],,15,13,49,
2026_07_29_02_32_08,000064,7,all-cavs,docs\doc_workspace\SGCP\artifacts\early_from_late_checkpoint_20260719\enable_coperception_early_from_attentive.yaml,selective_edgecooper_global_pmax,full-frame,grid,,,,,,,singleton,20,60.0,1078800,1078800,1561120,50,50,7,7;4;5;12,4;5;12,"{""4"": 12, ""5"": 12, ""12"": 12}","{""4"": 1167, ""5"": 1095, ""7"": 13939, ""12"": 1722}",63744,3.5452725250278085,10,40.0,60.0,,,,,2.0,2.0,1,1,"{""7"": 13939}",,2,ns3,899,0.5,10,12,28,,,[],[],,4;5;12,30,51,
2026_07_29_02_32_08,000064,8,all-cavs,docs\doc_workspace\SGCP\artifacts\early_from_late_checkpoint_20260719\enable_coperception_early_from_attentive.yaml,selective_edgecooper_global_pmax,full-frame,grid,,,,,,,singleton,20,60.0,1078800,1078800,1561120,50,50,8,8;1;2;4,1;2;4,"{""1"": 11, ""2"": 12, ""4"": 12}","{""1"": 1217, ""2"": 1530, ""4"": 1678, ""8"": 13743}",70800,3.937708565072302,10,40.0,60.0,,,,,2.0,2.0,1,1,"{""8"": 13743}",,2,ns3,899,0.5,10,12,28,,,[],[],,1;2;4,28,47,
2026_07_29_02_32_08,000064,9,all-cavs,docs\doc_workspace\SGCP\artifacts\early_from_late_checkpoint_20260719\enable_coperception_early_from_attentive.yaml,selective_edgecooper_global_pmax,full-frame,grid,,,,,,,singleton,20,60.0,1078800,1078800,1561120,50,50,9,9;11;13;19,11;13;19,"{""11"": 12, ""13"": 10, ""19"": 10}","{""9"": 13818, ""11"": 2093, ""13"": 907, ""19"": 545}",56720,3.154616240266963,10,40.0,60.0,,,,,2.0,2.0,1,1,"{""9"": 13818}",,2,ns3,899,0.5,10,12,28,,,[],[],,11;13;19,24,54,
2026_07_29_02_32_08,000064,10,all-cavs,docs\doc_workspace\SGCP\artifacts\early_from_late_checkpoint_20260719\enable_coperception_early_from_attentive.yaml,selective_edgecooper_global_pmax,full-frame,grid,,,,,,,singleton,20,60.0,1078800,1078800,1561120,50,50,10,10;8;16;19,8;16;19,"{""8"": 12, ""16"": 11, ""19"": 12}","{""8"": 1324, ""10"": 14075, ""16"": 1974, ""19"": 894}",67072,3.7303670745272526,10,40.0,60.0,,,,,2.0,2.0,1,1,"{""10"": 14075}",,2,ns3,899,0.5,10,12,28,,,[],[],,8;16;19,26,67,
2026_07_29_02_32_08,000064,11,all-cavs,docs\doc_workspace\SGCP\artifacts\early_from_late_checkpoint_20260719\enable_coperception_early_from_attentive.yaml,selective_edgecooper_global_pmax,full-frame,grid,,,,,,,singleton,20,60.0,1078800,1078800,1561120,50,50,11,11;2;8;9,2;8;9,"{""2"": 11, ""8"": 12, ""9"": 12}","{""2"": 1072, ""8"": 1001, ""9"": 2043, ""11"": 13865}",65856,3.6627363737486096,10,40.0,60.0,,,,,2.0,2.0,1,1,"{""11"": 13865}",,2,ns3,899,0.5,10,12,28,,,[],[],,2;8;9,27,69,
2026_07_29_02_32_08,000064,12,all-cavs,docs\doc_workspace\SGCP\artifacts\early_from_late_checkpoint_20260719\enable_coperception_early_from_attentive.yaml,selective_edgecooper_global_pmax,full-frame,grid,,,,,,,singleton,20,60.0,1078800,1078800,1561120,50,50,12,12;4;7,4;7,"{""4"": 12, ""7"": 12}","{""4"": 759, ""7"": 1805, ""12"": 13868}",41024,2.281646273637375,10,40.0,60.0,,,,,2.0,2.0,1,1,"{""12"": 13868}",,2,ns3,899,0.5,10,12,28,,,[],[],,4;7,22,54,
2026_07_29_02_32_08,000064,13,all-cavs,docs\doc_workspace\SGCP\artifacts\early_from_late_checkpoint_20260719\enable_coperception_early_from_attentive.yaml,selective_edgecooper_global_pmax,full-frame,grid,,,,,,,singleton,20,60.0,1078800,1078800,1561120,50,50,13,13;5;10;19,5;10;19,"{""5"": 12, ""10"": 12, ""19"": 10}","{""5"": 1556, ""10"": 1297, ""13"": 13570, ""19"": 452}",52880,2.9410456062291437,10,40.0,60.0,,,,,2.0,2.0,1,1,"{""13"": 13570}",,2,ns3,899,0.5,10,12,28,,,[],[],,5;10;19,22,55,
2026_07_29_02_32_08,000064,14,all-cavs,docs\doc_workspace\SGCP\artifacts\early_from_late_checkpoint_20260719\enable_coperception_early_from_attentive.yaml,selective_edgecooper_global_pmax,full-frame,grid,,,,,,,singleton,20,60.0,1078800,1078800,1561120,50,50,14,14,,{},"{""14"": 14309}",0,0.0,10,40.0,60.0,,,,,2.0,2.0,0,,{},,2,ns3,899,0.5,10,12,28,,,[],[],,,3,7,
2026_07_29_02_32_08,000064,15,all-cavs,docs\doc_workspace\SGCP\artifacts\early_from_late_checkpoint_20260719\enable_coperception_early_from_attentive.yaml,selective_edgecooper_global_pmax,full-frame,grid,,,,,,,singleton,20,60.0,1078800,1078800,1561120,50,50,15,15;6,6,"{""6"": 12}","{""6"": 1821, ""15"": 13466}",29136,1.6204671857619577,10,40.0,60.0,,,,,2.0,2.0,1,1,"{""15"": 13466}",,2,ns3,899,0.5,10,12,28,,,[],[],,6,16,61,
2026_07_29_02_32_08,000064,16,all-cavs,docs\doc_workspace\SGCP\artifacts\early_from_late_checkpoint_20260719\enable_coperception_early_from_attentive.yaml,selective_edgecooper_global_pmax,full-frame,grid,,,,,,,singleton,20,60.0,1078800,1078800,1561120,50,50,16,16;3;10;20,3;10;20,"{""3"": 12, ""10"": 12, ""20"": 10}","{""3"": 1967, ""10"": 2097, ""16"": 13804, ""20"": 628}",75072,4.175305895439377,10,40.0,60.0,,,,,2.0,2.0,1,1,"{""16"": 13804}",,2,ns3,899,0.5,10,12,28,,,[],[],,3;10;20,34,68,
2026_07_29_02_32_08,000064,17,all-cavs,docs\doc_workspace\SGCP\artifacts\early_from_late_checkpoint_20260719\enable_coperception_early_from_attentive.yaml,selective_edgecooper_global_pmax,full-frame,grid,,,,,,,singleton,20,60.0,1078800,1078800,1561120,50,50,17,17;3;18,3;18,"{""3"": 11, ""18"": 12}","{""3"": 912, ""17"": 14138, ""18"": 1527}",39024,2.1704115684093437,10,40.0,60.0,,,,,2.0,2.0,1,1,"{""17"": 14138}",,2,ns3,899,0.5,10,12,28,,,[],[],,3;18,17,65,
2026_07_29_02_32_08,000064,18,all-cavs,docs\doc_workspace\SGCP\artifacts\early_from_late_checkpoint_20260719\enable_coperception_early_from_attentive.yaml,selective_edgecooper_global_pmax,full-frame,grid,,,,,,,singleton,20,60.0,1078800,1078800,1561120,50,50,18,18;3;17,3;17,"{""3"": 12, ""17"": 12}","{""3"": 1831, ""17"": 1745, ""18"": 14230}",57216,3.182202447163515,10,40.0,60.0,,,,,2.0,2.0,1,1,"{""18"": 14230}",,2,ns3,899,0.5,10,12,28,,,[],[],,3;17,17,47,
2026_07_29_02_32_08,000064,19,all-cavs,docs\doc_workspace\SGCP\artifacts\early_from_late_checkpoint_20260719\enable_coperception_early_from_attentive.yaml,selective_edgecooper_global_pmax,full-frame,grid,,,,,,,singleton,20,60.0,1078800,1078800,1561120,50,50,19,19;9;13;20,9;13;20,"{""9"": 11, ""13"": 12, ""20"": 12}","{""9"": 766, ""13"": 1100, ""19"": 13703, ""20"": 2213}",65264,3.6298109010011124,10,40.0,60.0,,,,,2.0,2.0,1,1,"{""19"": 13703}",,2,ns3,899,0.5,10,12,28,,,[],[],,9;13;20,21,54,
2026_07_29_02_32_08,000064,20,all-cavs,docs\doc_workspace\SGCP\artifacts\early_from_late_checkpoint_20260719\enable_coperception_early_from_attentive.yaml,selective_edgecooper_global_pmax,full-frame,grid,,,,,,,singleton,20,60.0,1078800,1078800,1561120,50,50,20,20;5;9;16,5;9;16,"{""5"": 11, ""9"": 12, ""16"": 11}","{""5"": 720, ""9"": 1551, ""16"": 915, ""20"": 13917}",50976,2.835150166852058,10,40.0,60.0,,,,,2.0,2.0,1,1,"{""20"": 13917}",,2,ns3,899,0.5,10,12,28,,,[],[],,5;9;16,27,62,
2026_07_29_02_32_08,000066,1,all-cavs,docs\doc_workspace\SGCP\artifacts\early_from_late_checkpoint_20260719\enable_coperception_early_from_attentive.yaml,selective_edgecooper_global_pmax,full-frame,grid,,,,,,,singleton,20,60.0,1078800,1078800,1628800,50,50,1,1;2;4;8,2;4;8,"{""2"": 11, ""4"": 11, ""8"": 8}","{""1"": 13953, ""2"": 1421, ""4"": 1901, ""8"": 802}",65984,3.6698553948832036,10,40.0,60.0,,,,,2.0,2.0,1,1,"{""1"": 13953}",,2,ns3,899,0.5,10,12,28,,,[],[],,2;4;8,33,72,
2026_07_29_02_32_08,000066,2,all-cavs,docs\doc_workspace\SGCP\artifacts\early_from_late_checkpoint_20260719\enable_coperception_early_from_attentive.yaml,selective_edgecooper_global_pmax,full-frame,grid,,,,,,,singleton,20,60.0,1078800,1078800,1628800,50,50,2,2;1;10;11,1;10;11,"{""1"": 11, ""10"": 11, ""11"": 9}","{""1"": 686, ""2"": 13825, ""10"": 1767, ""11"": 721}",50784,2.8244716351501666,10,40.0,60.0,,,,,2.0,2.0,1,1,"{""2"": 13825}",,2,ns3,899,0.5,10,12,28,,,[],[],,1;10;11,30,72,
2026_07_29_02_32_08,000066,3,all-cavs,docs\doc_workspace\SGCP\artifacts\early_from_late_checkpoint_20260719\enable_coperception_early_from_attentive.yaml,selective_edgecooper_global_pmax,full-frame,grid,,,,,,,singleton,20,60.0,1078800,1078800,1628800,50,50,3,3;16;17;18,16;17;18,"{""16"": 11, ""17"": 11, ""18"": 11}","{""3"": 14131, ""16"": 1764, ""17"": 1073, ""18"": 1621}",71328,3.967074527252503,10,40.0,60.0,,,,,2.0,2.0,1,1,"{""3"": 14131}",,2,ns3,899,0.5,10,12,28,,,[],[],,16;17;18,24,65,
2026_07_29_02_32_08,000066,4,all-cavs,docs\doc_workspace\SGCP\artifacts\early_from_late_checkpoint_20260719\enable_coperception_early_from_attentive.yaml,selective_edgecooper_global_pmax,full-frame,grid,,,,,,,singleton,20,60.0,1078800,1078800,1628800,50,50,4,4;1;7;12,1;7;12,"{""1"": 11, ""7"": 11, ""12"": 11}","{""1"": 1811, ""4"": 13813, ""7"": 1608, ""12"": 1006}",70800,3.937708565072302,10,40.0,60.0,,,,,2.0,2.0,1,1,"{""4"": 13813}",,2,ns3,899,0.5,10,12,28,,,[],[],,1;7;12,27,71,
2026_07_29_02_32_08,000066,5,all-cavs,docs\doc_workspace\SGCP\artifacts\early_from_late_checkpoint_20260719\enable_coperception_early_from_attentive.yaml,selective_edgecooper_global_pmax,full-frame,grid,,,,,,,singleton,20,60.0,1078800,1078800,1628800,50,50,5,5;13;19;20,13;19;20,"{""13"": 11, ""19"": 10, ""20"": 10}","{""5"": 13943, ""13"": 1728, ""19"": 1150, ""20"": 1045}",62768,3.4909899888765294,10,40.0,60.0,,,,,2.0,2.0,1,1,"{""5"": 13943}",,2,ns3,899,0.5,10,12,28,,,[],[],,13;19;20,23,47,
2026_07_29_02_32_08,000066,6,all-cavs,docs\doc_workspace\SGCP\artifacts\early_from_late_checkpoint_20260719\enable_coperception_early_from_attentive.yaml,selective_edgecooper_global_pmax,full-frame,grid,,,,,,,singleton,20,60.0,1078800,1078800,1628800,50,50,6,6;15,15,"{""15"": 11}","{""6"": 13048, ""15"": 1105}",17680,0.9833147942157953,10,40.0,60.0,,,,,2.0,2.0,1,1,"{""6"": 13048}",,2,ns3,899,0.5,10,12,28,,,[],[],,15,13,50,
2026_07_29_02_32_08,000066,7,all-cavs,docs\doc_workspace\SGCP\artifacts\early_from_late_checkpoint_20260719\enable_coperception_early_from_attentive.yaml,selective_edgecooper_global_pmax,full-frame,grid,,,,,,,singleton,20,60.0,1078800,1078800,1628800,50,50,7,7;4;5;12,4;5;12,"{""4"": 11, ""5"": 11, ""12"": 11}","{""4"": 1071, ""5"": 1043, ""7"": 13940, ""12"": 1669}",60528,3.3664071190211344,10,40.0,60.0,,,,,2.0,2.0,1,1,"{""7"": 13940}",,2,ns3,899,0.5,10,12,28,,,[],[],,4;5;12,33,51,
2026_07_29_02_32_08,000066,8,all-cavs,docs\doc_workspace\SGCP\artifacts\early_from_late_checkpoint_20260719\enable_coperception_early_from_attentive.yaml,selective_edgecooper_global_pmax,full-frame,grid,,,,,,,singleton,20,60.0,1078800,1078800,1628800,50,50,8,8;1;11;12,1;11;12,"{""1"": 11, ""11"": 11, ""12"": 11}","{""1"": 1179, ""8"": 13743, ""11"": 1525, ""12"": 1912}",73856,4.107675194660734,10,40.0,60.0,,,,,2.0,2.0,1,1,"{""8"": 13743}",,2,ns3,899,0.5,10,12,28,,,[],[],,1;11;12,30,47,
2026_07_29_02_32_08,000066,9,all-cavs,docs\doc_workspace\SGCP\artifacts\early_from_late_checkpoint_20260719\enable_coperception_early_from_attentive.yaml,selective_edgecooper_global_pmax,full-frame,grid,,,,,,,singleton,20,60.0,1078800,1078800,1628800,50,50,9,9;11;13,11;13,"{""11"": 11, ""13"": 11}","{""9"": 13815, ""11"": 1932, ""13"": 1007}",47024,2.6153503893214682,10,40.0,60.0,,,,,2.0,2.0,1,1,"{""9"": 13815}",,2,ns3,899,0.5,10,12,28,,,[],[],,11;13,24,53,
2026_07_29_02_32_08,000066,10,all-cavs,docs\doc_workspace\SGCP\artifacts\early_from_late_checkpoint_20260719\enable_coperception_early_from_attentive.yaml,selective_edgecooper_global_pmax,full-frame,grid,,,,,,,singleton,20,60.0,1078800,1078800,1628800,50,50,10,10;8;16;19,8;16;19,"{""8"": 11, ""16"": 11, ""19"": 11}","{""8"": 1280, ""10"": 14050, ""16"": 1981, ""19"": 836}",65552,3.6458286985539488,10,40.0,60.0,,,,,2.0,2.0,1,1,"{""10"": 14050}",,2,ns3,899,0.5,10,12,28,,,[],[],,8;16;19,30,67,
2026_07_29_02_32_08,000066,11,all-cavs,docs\doc_workspace\SGCP\artifacts\early_from_late_checkpoint_20260719\enable_coperception_early_from_attentive.yaml,selective_edgecooper_global_pmax,full-frame,grid,,,,,,,singleton,20,60.0,1078800,1078800,1628800,50,50,11,11;2;8;9,2;8;9,"{""2"": 10, ""8"": 11, ""9"": 11}","{""2"": 982, ""8"": 964, ""9"": 1843, ""11"": 13866}",60624,3.37174638487208,10,40.0,60.0,,,,,2.0,2.0,1,1,"{""11"": 13866}",,2,ns3,899,0.5,10,12,28,,,[],[],,2;8;9,25,69,
2026_07_29_02_32_08,000066,12,all-cavs,docs\doc_workspace\SGCP\artifacts\early_from_late_checkpoint_20260719\enable_coperception_early_from_attentive.yaml,selective_edgecooper_global_pmax,full-frame,grid,,,,,,,singleton,20,60.0,1078800,1078800,1628800,50,50,12,12;4;7,4;7,"{""4"": 11, ""7"": 11}","{""4"": 731, ""7"": 1714, ""12"": 13863}",39120,2.175750834260289,10,40.0,60.0,,,,,2.0,2.0,1,1,"{""12"": 13863}",,2,ns3,899,0.5,10,12,28,,,[],[],,4;7,23,54,
2026_07_29_02_32_08,000066,13,all-cavs,docs\doc_workspace\SGCP\artifacts\early_from_late_checkpoint_20260719\enable_coperception_early_from_attentive.yaml,selective_edgecooper_global_pmax,full-frame,grid,,,,,,,singleton,20,60.0,1078800,1078800,1628800,50,50,13,13;5;10;19,5;10;19,"{""5"": 11, ""10"": 11, ""19"": 9}","{""5"": 1493, ""10"": 1263, ""13"": 13570, ""19"": 407}",50608,2.8146829810901,10,40.0,60.0,,,,,2.0,2.0,1,1,"{""13"": 13570}",,2,ns3,899,0.5,10,12,28,,,[],[],,5;10;19,25,55,
2026_07_29_02_32_08,000066,14,all-cavs,docs\doc_workspace\SGCP\artifacts\early_from_late_checkpoint_20260719\enable_coperception_early_from_attentive.yaml,selective_edgecooper_global_pmax,full-frame,grid,,,,,,,singleton,20,60.0,1078800,1078800,1628800,50,50,14,14,,{},"{""14"": 14292}",0,0.0,10,40.0,60.0,,,,,2.0,2.0,0,,{},,2,ns3,899,0.5,10,12,28,,,[],[],,,3,7,
2026_07_29_02_32_08,000066,15,all-cavs,docs\doc_workspace\SGCP\artifacts\early_from_late_checkpoint_20260719\enable_coperception_early_from_attentive.yaml,selective_edgecooper_global_pmax,full-frame,grid,,,,,,,singleton,20,60.0,1078800,1078800,1628800,50,50,15,15;6,6,"{""6"": 11}","{""6"": 1745, ""15"": 13477}",27920,1.5528364849833147,10,40.0,60.0,,,,,2.0,2.0,1,1,"{""15"": 13477}",,2,ns3,899,0.5,10,12,28,,,[],[],,6,16,61,
2026_07_29_02_32_08,000066,16,all-cavs,docs\doc_workspace\SGCP\artifacts\early_from_late_checkpoint_20260719\enable_coperception_early_from_attentive.yaml,selective_edgecooper_global_pmax,full-frame,grid,,,,,,,singleton,20,60.0,1078800,1078800,1628800,50,50,16,16;3;10;20,3;10;20,"{""3"": 11, ""10"": 11, ""20"": 11}","{""3"": 1828, ""10"": 1965, ""16"": 13800, ""20"": 708}",72016,4.005339265850946,10,40.0,60.0,,,,,2.0,2.0,1,1,"{""16"": 13800}",,2,ns3,899,0.5,10,12,28,,,[],[],,3;10;20,32,68,
2026_07_29_02_32_08,000066,17,all-cavs,docs\doc_workspace\SGCP\artifacts\early_from_late_checkpoint_20260719\enable_coperception_early_from_attentive.yaml,selective_edgecooper_global_pmax,full-frame,grid,,,,,,,singleton,20,60.0,1078800,1078800,1628800,50,50,17,17;3;16;18,3;16;18,"{""3"": 11, ""16"": 11, ""18"": 11}","{""3"": 789, ""16"": 1934, ""17"": 14142, ""18"": 1472}",67120,3.733036707452725,10,40.0,60.0,,,,,2.0,2.0,1,1,"{""17"": 14142}",,2,ns3,899,0.5,10,12,28,,,[],[],,3;16;18,24,65,
2026_07_29_02_32_08,000066,18,all-cavs,docs\doc_workspace\SGCP\artifacts\early_from_late_checkpoint_20260719\enable_coperception_early_from_attentive.yaml,selective_edgecooper_global_pmax,full-frame,grid,,,,,,,singleton,20,60.0,1078800,1078800,1628800,50,50,18,18;3;17,3;17,"{""3"": 11, ""17"": 11}","{""3"": 1845, ""17"": 1666, ""18"": 14247}",56176,3.124360400444939,10,40.0,60.0,,,,,2.0,2.0,1,1,"{""18"": 14247}",,2,ns3,899,0.5,10,12,28,,,[],[],,3;17,17,47,
2026_07_29_02_32_08,000066,19,all-cavs,docs\doc_workspace\SGCP\artifacts\early_from_late_checkpoint_20260719\enable_coperception_early_from_attentive.yaml,selective_edgecooper_global_pmax,full-frame,grid,,,,,,,singleton,20,60.0,1078800,1078800,1628800,50,50,19,19;9;13;20,9;13;20,"{""9"": 11, ""13"": 11, ""20"": 11}","{""9"": 771, ""13"": 1050, ""19"": 13700, ""20"": 2113}",62944,3.5007786429365964,10,40.0,60.0,,,,,2.0,2.0,1,1,"{""19"": 13700}",,2,ns3,899,0.5,10,12,28,,,[],[],,9;13;20,18,54,
2026_07_29_02_32_08,000066,20,all-cavs,docs\doc_workspace\SGCP\artifacts\early_from_late_checkpoint_20260719\enable_coperception_early_from_attentive.yaml,selective_edgecooper_global_pmax,full-frame,grid,,,,,,,singleton,20,60.0,1078800,1078800,1628800,50,50,20,20;5;7;9,5;7;9,"{""5"": 10, ""7"": 10, ""9"": 11}","{""5"": 750, ""7"": 1251, ""9"": 1497, ""20"": 13915}",55968,3.1127919911012234,10,40.0,60.0,,,,,2.0,2.0,1,1,"{""20"": 13915}",,2,ns3,899,0.5,10,12,28,,,[],[],,5;7;9,26,62,
2026_07_29_02_32_08,000068,1,all-cavs,docs\doc_workspace\SGCP\artifacts\early_from_late_checkpoint_20260719\enable_coperception_early_from_attentive.yaml,selective_edgecooper_global_pmax,full-frame,grid,,,,,,,singleton,20,60.0,1078800,1078800,1632208,50,50,1,1;2;4;8,2;4;8,"{""2"": 11, ""4"": 11, ""8"": 9}","{""1"": 13961, ""2"": 1417, ""4"": 1895, ""8"": 843}",66480,3.6974416017797553,10,40.0,60.0,,,,,2.0,2.0,1,1,"{""1"": 13961}",,2,ns3,899,0.5,10,12,28,,,[],[],,2;4;8,31,72,
2026_07_29_02_32_08,000068,2,all-cavs,docs\doc_workspace\SGCP\artifacts\early_from_late_checkpoint_20260719\enable_coperception_early_from_attentive.yaml,selective_edgecooper_global_pmax,full-frame,grid,,,,,,,singleton,20,60.0,1078800,1078800,1632208,50,50,2,2;1;10;11,1;10;11,"{""1"": 11, ""10"": 11, ""11"": 10}","{""1"": 697, ""2"": 13833, ""10"": 1787, ""11"": 783}",52272,2.9072302558398224,10,40.0,60.0,,,,,2.0,2.0,1,1,"{""2"": 13833}",,2,ns3,899,0.5,10,12,28,,,[],[],,1;10;11,31,72,
2026_07_29_02_32_08,000068,3,all-cavs,docs\doc_workspace\SGCP\artifacts\early_from_late_checkpoint_20260719\enable_coperception_early_from_attentive.yaml,selective_edgecooper_global_pmax,full-frame,grid,,,,,,,singleton,20,60.0,1078800,1078800,1632208,50,50,3,3;16;17;18,16;17;18,"{""16"": 11, ""17"": 11, ""18"": 11}","{""3"": 14123, ""16"": 1776, ""17"": 935, ""18"": 1623}",69344,3.856729699666296,10,40.0,60.0,,,,,2.0,2.0,1,1,"{""3"": 14123}",,2,ns3,899,0.5,10,12,28,,,[],[],,16;17;18,22,65,
2026_07_29_02_32_08,000068,4,all-cavs,docs\doc_workspace\SGCP\artifacts\early_from_late_checkpoint_20260719\enable_coperception_early_from_attentive.yaml,selective_edgecooper_global_pmax,full-frame,grid,,,,,,,singleton,20,60.0,1078800,1078800,1632208,50,50,4,4;1;7;12,1;7;12,"{""1"": 11, ""7"": 11, ""12"": 11}","{""1"": 1824, ""4"": 13791, ""7"": 1619, ""12"": 985}",70848,3.940378197997775,10,40.0,60.0,,,,,2.0,2.0,1,1,"{""4"": 13791}",,2,ns3,899,0.5,10,12,28,,,[],[],,1;7;12,26,70,
2026_07_29_02_32_08,000068,5,all-cavs,docs\doc_workspace\SGCP\artifacts\early_from_late_checkpoint_20260719\enable_coperception_early_from_attentive.yaml,selective_edgecooper_global_pmax,full-frame,grid,,,,,,,singleton,20,60.0,1078800,1078800,1632208,50,50,5,5;13;19;20,13;19;20,"{""13"": 11, ""19"": 10, ""20"": 11}","{""5"": 13943, ""13"": 1728, ""19"": 1149, ""20"": 1136}",64208,3.571078976640712,10,40.0,60.0,,,,,2.0,2.0,1,1,"{""5"": 13943}",,2,ns3,899,0.5,10,12,28,,,[],[],,13;19;20,24,47,
2026_07_29_02_32_08,000068,6,all-cavs,docs\doc_workspace\SGCP\artifacts\early_from_late_checkpoint_20260719\enable_coperception_early_from_attentive.yaml,selective_edgecooper_global_pmax,full-frame,grid,,,,,,,singleton,20,60.0,1078800,1078800,1632208,50,50,6,6;15,15,"{""15"": 11}","{""6"": 13088, ""15"": 1100}",17600,0.978865406006674,10,40.0,60.0,,,,,2.0,2.0,1,1,"{""6"": 13088}",,2,ns3,899,0.5,10,12,28,,,[],[],,15,15,50,
2026_07_29_02_32_08,000068,7,all-cavs,docs\doc_workspace\SGCP\artifacts\early_from_late_checkpoint_20260719\enable_coperception_early_from_attentive.yaml,selective_edgecooper_global_pmax,full-frame,grid,,,,,,,singleton,20,60.0,1078800,1078800,1632208,50,50,7,7;4;5;12,4;5;12,"{""4"": 11, ""5"": 11, ""12"": 11}","{""4"": 1080, ""5"": 1060, ""7"": 13949, ""12"": 1588}",59648,3.317463848720801,10,40.0,60.0,,,,,2.0,2.0,1,1,"{""7"": 13949}",,2,ns3,899,0.5,10,12,28,,,[],[],,4;5;12,28,51,
2026_07_29_02_32_08,000068,8,all-cavs,docs\doc_workspace\SGCP\artifacts\early_from_late_checkpoint_20260719\enable_coperception_early_from_attentive.yaml,selective_edgecooper_global_pmax,full-frame,grid,,,,,,,singleton,20,60.0,1078800,1078800,1632208,50,50,8,8;1;11;12,1;11;12,"{""1"": 11, ""11"": 11, ""12"": 11}","{""1"": 1228, ""8"": 13743, ""11"": 1413, ""12"": 1918}",72944,4.056952169076752,10,40.0,60.0,,,,,2.0,2.0,1,1,"{""8"": 13743}",,2,ns3,899,0.5,10,12,28,,,[],[],,1;11;12,31,47,
2026_07_29_02_32_08,000068,9,all-cavs,docs\doc_workspace\SGCP\artifacts\early_from_late_checkpoint_20260719\enable_coperception_early_from_attentive.yaml,selective_edgecooper_global_pmax,full-frame,grid,,,,,,,singleton,20,60.0,1078800,1078800,1632208,50,50,9,9;11;13,11;13,"{""11"": 11, ""13"": 11}","{""9"": 13817, ""11"": 1930, ""13"": 1053}",47728,2.6545050055617354,10,40.0,60.0,,,,,2.0,2.0,1,1,"{""9"": 13817}",,2,ns3,899,0.5,10,12,28,,,[],[],,11;13,24,53,
2026_07_29_02_32_08,000068,10,all-cavs,docs\doc_workspace\SGCP\artifacts\early_from_late_checkpoint_20260719\enable_coperception_early_from_attentive.yaml,selective_edgecooper_global_pmax,full-frame,grid,,,,,,,singleton,20,60.0,1078800,1078800,1632208,50,50,10,10;8;16;19,8;16;19,"{""8"": 11, ""16"": 11, ""19"": 11}","{""8"": 1292, ""10"": 14059, ""16"": 1965, ""19"": 834}",65456,3.6404894327030033,10,40.0,60.0,,,,,2.0,2.0,1,1,"{""10"": 14059}",,2,ns3,899,0.5,10,12,28,,,[],[],,8;16;19,26,67,
2026_07_29_02_32_08,000068,11,all-cavs,docs\doc_workspace\SGCP\artifacts\early_from_late_checkpoint_20260719\enable_coperception_early_from_attentive.yaml,selective_edgecooper_global_pmax,full-frame,grid,,,,,,,singleton,20,60.0,1078800,1078800,1632208,50,50,11,11;2;8;9,2;8;9,"{""2"": 11, ""8"": 11, ""9"": 11}","{""2"": 987, ""8"": 967, ""9"": 1843, ""11"": 13865}",60752,3.378865406006674,10,40.0,60.0,,,,,2.0,2.0,1,1,"{""11"": 13865}",,2,ns3,899,0.5,10,12,28,,,[],[],,2;8;9,25,69,
2026_07_29_02_32_08,000068,12,all-cavs,docs\doc_workspace\SGCP\artifacts\early_from_late_checkpoint_20260719\enable_coperception_early_from_attentive.yaml,selective_edgecooper_global_pmax,full-frame,grid,,,,,,,singleton,20,60.0,1078800,1078800,1632208,50,50,12,12;4;7,4;7,"{""4"": 11, ""7"": 11}","{""4"": 810, ""7"": 1625, ""12"": 13886}",38960,2.1668520578420467,10,40.0,60.0,,,,,2.0,2.0,1,1,"{""12"": 13886}",,2,ns3,899,0.5,10,12,28,,,[],[],,4;7,23,54,
2026_07_29_02_32_08,000068,13,all-cavs,docs\doc_workspace\SGCP\artifacts\early_from_late_checkpoint_20260719\enable_coperception_early_from_attentive.yaml,selective_edgecooper_global_pmax,full-frame,grid,,,,,,,singleton,20,60.0,1078800,1078800,1632208,50,50,13,13;5;10;19,5;10;19,"{""5"": 11, ""10"": 11, ""19"": 9}","{""5"": 1497, ""10"": 1231, ""13"": 13572, ""19"": 435}",50608,2.8146829810901,10,40.0,60.0,,,,,2.0,2.0,1,1,"{""13"": 13572}",,2,ns3,899,0.5,10,12,28,,,[],[],,5;10;19,22,55,
2026_07_29_02_32_08,000068,14,all-cavs,docs\doc_workspace\SGCP\artifacts\early_from_late_checkpoint_20260719\enable_coperception_early_from_attentive.yaml,selective_edgecooper_global_pmax,full-frame,grid,,,,,,,singleton,20,60.0,1078800,1078800,1632208,50,50,14,14,,{},"{""14"": 14299}",0,0.0,10,40.0,60.0,,,,,2.0,2.0,0,,{},,2,ns3,899,0.5,10,12,28,,,[],[],,,3,7,
2026_07_29_02_32_08,000068,15,all-cavs,docs\doc_workspace\SGCP\artifacts\early_from_late_checkpoint_20260719\enable_coperception_early_from_attentive.yaml,selective_edgecooper_global_pmax,full-frame,grid,,,,,,,singleton,20,60.0,1078800,1078800,1632208,50,50,15,15;6,6,"{""6"": 11}","{""6"": 1774, ""15"": 13482}",28384,1.578642936596218,10,40.0,60.0,,,,,2.0,2.0,1,1,"{""15"": 13482}",,2,ns3,899,0.5,10,12,28,,,[],[],,6,16,62,
2026_07_29_02_32_08,000068,16,all-cavs,docs\doc_workspace\SGCP\artifacts\early_from_late_checkpoint_20260719\enable_coperception_early_from_attentive.yaml,selective_edgecooper_global_pmax,full-frame,grid,,,,,,,singleton,20,60.0,1078800,1078800,1632208,50,50,16,16;3;10;20,3;10;20,"{""3"": 11, ""10"": 11, ""20"": 11}","{""3"": 1772, ""10"": 1960, ""16"": 13828, ""20"": 692}",70784,3.936818687430478,10,40.0,60.0,,,,,2.0,2.0,1,1,"{""16"": 13828}",,2,ns3,899,0.5,10,12,28,,,[],[],,3;10;20,34,69,
2026_07_29_02_32_08,000068,17,all-cavs,docs\doc_workspace\SGCP\artifacts\early_from_late_checkpoint_20260719\enable_coperception_early_from_attentive.yaml,selective_edgecooper_global_pmax,full-frame,grid,,,,,,,singleton,20,60.0,1078800,1078800,1632208,50,50,17,17;3;16;18,3;16;18,"{""3"": 11, ""16"": 11, ""18"": 11}","{""3"": 773, ""16"": 1934, ""17"": 14134, ""18"": 1529}",67776,3.7695216907675198,10,40.0,60.0,,,,,2.0,2.0,1,1,"{""17"": 14134}",,2,ns3,899,0.5,10,12,28,,,[],[],,3;16;18,24,65,
2026_07_29_02_32_08,000068,18,all-cavs,docs\doc_workspace\SGCP\artifacts\early_from_late_checkpoint_20260719\enable_coperception_early_from_attentive.yaml,selective_edgecooper_global_pmax,full-frame,grid,,,,,,,singleton,20,60.0,1078800,1078800,1632208,50,50,18,18;3;17,3;17,"{""3"": 11, ""17"": 11}","{""3"": 1764, ""17"": 1689, ""18"": 14222}",55248,3.072747497219132,10,40.0,60.0,,,,,2.0,2.0,1,1,"{""18"": 14222}",,2,ns3,899,0.5,10,12,28,,,[],[],,3;17,17,47,
2026_07_29_02_32_08,000068,19,all-cavs,docs\doc_workspace\SGCP\artifacts\early_from_late_checkpoint_20260719\enable_coperception_early_from_attentive.yaml,selective_edgecooper_global_pmax,full-frame,grid,,,,,,,singleton,20,60.0,1078800,1078800,1632208,50,50,19,19;9;13;20,9;13;20,"{""9"": 11, ""13"": 11, ""20"": 11}","{""9"": 772, ""13"": 1027, ""19"": 13694, ""20"": 2093}",62272,3.4634037819799777,10,40.0,60.0,,,,,2.0,2.0,1,1,"{""19"": 13694}",,2,ns3,899,0.5,10,12,28,,,[],[],,9;13;20,21,54,
2026_07_29_02_32_08,000068,20,all-cavs,docs\doc_workspace\SGCP\artifacts\early_from_late_checkpoint_20260719\enable_coperception_early_from_attentive.yaml,selective_edgecooper_global_pmax,full-frame,grid,,,,,,,singleton,20,60.0,1078800,1078800,1632208,50,50,20,20;5;7;9,5;7;9,"{""5"": 10, ""7"": 11, ""9"": 11}","{""5"": 773, ""7"": 1323, ""9"": 1497, ""20"": 13918}",57488,3.1973303670745272,10,40.0,60.0,,,,,2.0,2.0,1,1,"{""20"": 13918}",,2,ns3,899,0.5,10,12,28,,,[],[],,5;7;9,27,62,
2026_07_29_02_32_08,000070,1,all-cavs,docs\doc_workspace\SGCP\artifacts\early_from_late_checkpoint_20260719\enable_coperception_early_from_attentive.yaml,selective_edgecooper_global_pmax,full-frame,grid,,,,,,,singleton,20,60.0,1078800,1078800,1637056,50,50,1,1;2;4;8,2;4;8,"{""2"": 11, ""4"": 11, ""8"": 9}","{""1"": 13972, ""2"": 1490, ""4"": 1895, ""8"": 819}",67264,3.7410456062291435,10,40.0,60.0,,,,,2.0,2.0,1,1,"{""1"": 13972}",,2,ns3,899,0.5,10,12,28,,,[],[],,2;4;8,32,72,
2026_07_29_02_32_08,000070,2,all-cavs,docs\doc_workspace\SGCP\artifacts\early_from_late_checkpoint_20260719\enable_coperception_early_from_attentive.yaml,selective_edgecooper_global_pmax,full-frame,grid,,,,,,,singleton,20,60.0,1078800,1078800,1637056,50,50,2,2;1;10;11,1;10;11,"{""1"": 11, ""10"": 11, ""11"": 9}","{""1"": 703, ""2"": 13827, ""10"": 1779, ""11"": 706}",51008,2.8369299221357065,10,40.0,60.0,,,,,2.0,2.0,1,1,"{""2"": 13827}",,2,ns3,899,0.5,10,12,28,,,[],[],,1;10;11,32,72,
2026_07_29_02_32_08,000070,3,all-cavs,docs\doc_workspace\SGCP\artifacts\early_from_late_checkpoint_20260719\enable_coperception_early_from_attentive.yaml,selective_edgecooper_global_pmax,full-frame,grid,,,,,,,singleton,20,60.0,1078800,1078800,1637056,50,50,3,3;16;17;18,16;17;18,"{""16"": 10, ""17"": 11, ""18"": 11}","{""3"": 14097, ""16"": 1699, ""17"": 859, ""18"": 1634}",67072,3.7303670745272526,10,40.0,60.0,,,,,2.0,2.0,1,1,"{""3"": 14097}",,2,ns3,899,0.5,10,12,28,,,[],[],,16;17;18,21,65,
2026_07_29_02_32_08,000070,4,all-cavs,docs\doc_workspace\SGCP\artifacts\early_from_late_checkpoint_20260719\enable_coperception_early_from_attentive.yaml,selective_edgecooper_global_pmax,full-frame,grid,,,,,,,singleton,20,60.0,1078800,1078800,1637056,50,50,4,4;1;7;12,1;7;12,"{""1"": 11, ""7"": 11, ""12"": 11}","{""1"": 1821, ""4"": 13808, ""7"": 1622, ""12"": 1054}",71952,4.001779755283649,10,40.0,60.0,,,,,2.0,2.0,1,1,"{""4"": 13808}",,2,ns3,899,0.5,10,12,28,,,[],[],,1;7;12,31,71,
2026_07_29_02_32_08,000070,5,all-cavs,docs\doc_workspace\SGCP\artifacts\early_from_late_checkpoint_20260719\enable_coperception_early_from_attentive.yaml,selective_edgecooper_global_pmax,full-frame,grid,,,,,,,singleton,20,60.0,1078800,1078800,1637056,50,50,5,5;13;19;20,13;19;20,"{""13"": 11, ""19"": 10, ""20"": 10}","{""5"": 13943, ""13"": 1721, ""19"": 1121, ""20"": 1130}",63552,3.5345939933259176,10,40.0,60.0,,,,,2.0,2.0,1,1,"{""5"": 13943}",,2,ns3,899,0.5,10,12,28,,,[],[],,13;19;20,26,47,
2026_07_29_02_32_08,000070,6,all-cavs,docs\doc_workspace\SGCP\artifacts\early_from_late_checkpoint_20260719\enable_coperception_early_from_attentive.yaml,selective_edgecooper_global_pmax,full-frame,grid,,,,,,,singleton,20,60.0,1078800,1078800,1637056,50,50,6,6;15,15,"{""15"": 11}","{""6"": 13093, ""15"": 1114}",17824,0.9913236929922137,10,40.0,60.0,,,,,2.0,2.0,1,1,"{""6"": 13093}",,2,ns3,899,0.5,10,12,28,,,[],[],,15,14,50,
2026_07_29_02_32_08,000070,7,all-cavs,docs\doc_workspace\SGCP\artifacts\early_from_late_checkpoint_20260719\enable_coperception_early_from_attentive.yaml,selective_edgecooper_global_pmax,full-frame,grid,,,,,,,singleton,20,60.0,1078800,1078800,1637056,50,50,7,7;4;5;12,4;5;12,"{""4"": 11, ""5"": 11, ""12"": 11}","{""4"": 1060, ""5"": 1096, ""7"": 13960, ""12"": 1685}",61456,3.418020022246941,10,40.0,60.0,,,,,2.0,2.0,1,1,"{""7"": 13960}",,2,ns3,899,0.5,10,12,28,,,[],[],,4;5;12,28,51,
2026_07_29_02_32_08,000070,8,all-cavs,docs\doc_workspace\SGCP\artifacts\early_from_late_checkpoint_20260719\enable_coperception_early_from_attentive.yaml,selective_edgecooper_global_pmax,full-frame,grid,,,,,,,singleton,20,60.0,1078800,1078800,1637056,50,50,8,8;1;11;12,1;11;12,"{""1"": 11, ""11"": 11, ""12"": 11}","{""1"": 1207, ""8"": 13746, ""11"": 1414, ""12"": 1927}",72768,4.047163515016685,10,40.0,60.0,,,,,2.0,2.0,1,1,"{""8"": 13746}",,2,ns3,899,0.5,10,12,28,,,[],[],,1;11;12,34,47,
2026_07_29_02_32_08,000070,9,all-cavs,docs\doc_workspace\SGCP\artifacts\early_from_late_checkpoint_20260719\enable_coperception_early_from_attentive.yaml,selective_edgecooper_global_pmax,full-frame,grid,,,,,,,singleton,20,60.0,1078800,1078800,1637056,50,50,9,9;11;13,11;13,"{""11"": 11, ""13"": 11}","{""9"": 13816, ""11"": 1929, ""13"": 1007}",46976,2.6126807563959953,10,40.0,60.0,,,,,2.0,2.0,1,1,"{""9"": 13816}",,2,ns3,899,0.5,10,12,28,,,[],[],,11;13,26,53,
2026_07_29_02_32_08,000070,10,all-cavs,docs\doc_workspace\SGCP\artifacts\early_from_late_checkpoint_20260719\enable_coperception_early_from_attentive.yaml,selective_edgecooper_global_pmax,full-frame,grid,,,,,,,singleton,20,60.0,1078800,1078800,1637056,50,50,10,10;8;16;19,8;16;19,"{""8"": 11, ""16"": 11, ""19"": 11}","{""8"": 1316, ""10"": 14027, ""16"": 1876, ""19"": 839}",64496,3.587096774193548,10,40.0,60.0,,,,,2.0,2.0,1,1,"{""10"": 14027}",,2,ns3,899,0.5,10,12,28,,,[],[],,8;16;19,30,66,
2026_07_29_02_32_08,000070,11,all-cavs,docs\doc_workspace\SGCP\artifacts\early_from_late_checkpoint_20260719\enable_coperception_early_from_attentive.yaml,selective_edgecooper_global_pmax,full-frame,grid,,,,,,,singleton,20,60.0,1078800,1078800,1637056,50,50,11,11;2;8;9,2;8;9,"{""2"": 10, ""8"": 11, ""9"": 11}","{""2"": 985, ""8"": 964, ""9"": 1841, ""11"": 13862}",60640,3.3726362625139044,10,40.0,60.0,,,,,2.0,2.0,1,1,"{""11"": 13862}",,2,ns3,899,0.5,10,12,28,,,[],[],,2;8;9,26,69,
2026_07_29_02_32_08,000070,12,all-cavs,docs\doc_workspace\SGCP\artifacts\early_from_late_checkpoint_20260719\enable_coperception_early_from_attentive.yaml,selective_edgecooper_global_pmax,full-frame,grid,,,,,,,singleton,20,60.0,1078800,1078800,1637056,50,50,12,12;4;7,4;7,"{""4"": 11, ""7"": 11}","{""4"": 784, ""7"": 1638, ""12"": 13891}",38752,2.1552836484983313,10,40.0,60.0,,,,,2.0,2.0,1,1,"{""12"": 13891}",,2,ns3,899,0.5,10,12,28,,,[],[],,4;7,22,54,
2026_07_29_02_32_08,000070,13,all-cavs,docs\doc_workspace\SGCP\artifacts\early_from_late_checkpoint_20260719\enable_coperception_early_from_attentive.yaml,selective_edgecooper_global_pmax,full-frame,grid,,,,,,,singleton,20,60.0,1078800,1078800,1637056,50,50,13,13;5;10;19,5;10;19,"{""5"": 11, ""10"": 11, ""19"": 10}","{""5"": 1510, ""10"": 1287, ""13"": 13574, ""19"": 457}",52064,2.8956618464961066,10,40.0,60.0,,,,,2.0,2.0,1,1,"{""13"": 13574}",,2,ns3,899,0.5,10,12,28,,,[],[],,5;10;19,23,55,
2026_07_29_02_32_08,000070,14,all-cavs,docs\doc_workspace\SGCP\artifacts\early_from_late_checkpoint_20260719\enable_coperception_early_from_attentive.yaml,selective_edgecooper_global_pmax,full-frame,grid,,,,,,,singleton,20,60.0,1078800,1078800,1637056,50,50,14,14,,{},"{""14"": 14308}",0,0.0,10,40.0,60.0,,,,,2.0,2.0,0,,{},,2,ns3,899,0.5,10,12,28,,,[],[],,,3,7,
2026_07_29_02_32_08,000070,15,all-cavs,docs\doc_workspace\SGCP\artifacts\early_from_late_checkpoint_20260719\enable_coperception_early_from_attentive.yaml,selective_edgecooper_global_pmax,full-frame,grid,,,,,,,singleton,20,60.0,1078800,1078800,1637056,50,50,15,15;6,6,"{""6"": 11}","{""6"": 1800, ""15"": 13489}",28800,1.6017797552836486,10,40.0,60.0,,,,,2.0,2.0,1,1,"{""15"": 13489}",,2,ns3,899,0.5,10,12,28,,,[],[],,6,17,62,
2026_07_29_02_32_08,000070,16,all-cavs,docs\doc_workspace\SGCP\artifacts\early_from_late_checkpoint_20260719\enable_coperception_early_from_attentive.yaml,selective_edgecooper_global_pmax,full-frame,grid,,,,,,,singleton,20,60.0,1078800,1078800,1637056,50,50,16,16;3;10;20,3;10;20,"{""3"": 11, ""10"": 11, ""20"": 11}","{""3"": 1695, ""10"": 1968, ""16"": 13833, ""20"": 692}",69680,3.875417130144605,10,40.0,60.0,,,,,2.0,2.0,1,1,"{""16"": 13833}",,2,ns3,899,0.5,10,12,28,,,[],[],,3;10;20,33,69,
2026_07_29_02_32_08,000070,17,all-cavs,docs\doc_workspace\SGCP\artifacts\early_from_late_checkpoint_20260719\enable_coperception_early_from_attentive.yaml,selective_edgecooper_global_pmax,full-frame,grid,,,,,,,singleton,20,60.0,1078800,1078800,1637056,50,50,17,17;3;16;18,3;16;18,"{""3"": 11, ""16"": 11, ""18"": 11}","{""3"": 786, ""16"": 1910, ""17"": 14129, ""18"": 1581}",68432,3.8060066740823135,10,40.0,60.0,,,,,2.0,2.0,1,1,"{""17"": 14129}",,2,ns3,899,0.5,10,12,28,,,[],[],,3;16;18,24,65,
2026_07_29_02_32_08,000070,18,all-cavs,docs\doc_workspace\SGCP\artifacts\early_from_late_checkpoint_20260719\enable_coperception_early_from_attentive.yaml,selective_edgecooper_global_pmax,full-frame,grid,,,,,,,singleton,20,60.0,1078800,1078800,1637056,50,50,18,18;3;17,3;17,"{""3"": 11, ""17"": 11}","{""3"": 1831, ""17"": 1746, ""18"": 14222}",57232,3.183092324805339,10,40.0,60.0,,,,,2.0,2.0,1,1,"{""18"": 14222}",,2,ns3,899,0.5,10,12,28,,,[],[],,3;17,18,46,
2026_07_29_02_32_08,000070,19,all-cavs,docs\doc_workspace\SGCP\artifacts\early_from_late_checkpoint_20260719\enable_coperception_early_from_attentive.yaml,selective_edgecooper_global_pmax,full-frame,grid,,,,,,,singleton,20,60.0,1078800,1078800,1637056,50,50,19,19;9;13;20,9;13;20,"{""9"": 11, ""13"": 11, ""20"": 11}","{""9"": 777, ""13"": 1010, ""19"": 13707, ""20"": 2068}",61680,3.4304783092324804,10,40.0,60.0,,,,,2.0,2.0,1,1,"{""19"": 13707}",,2,ns3,899,0.5,10,12,28,,,[],[],,9;13;20,21,54,
2026_07_29_02_32_08,000070,20,all-cavs,docs\doc_workspace\SGCP\artifacts\early_from_late_checkpoint_20260719\enable_coperception_early_from_attentive.yaml,selective_edgecooper_global_pmax,full-frame,grid,,,,,,,singleton,20,60.0,1078800,1078800,1637056,50,50,20,20;5;7;9,5;7;9,"{""5"": 10, ""7"": 10, ""9"": 11}","{""5"": 785, ""7"": 1289, ""9"": 1498, ""20"": 13917}",57152,3.178642936596218,10,40.0,60.0,,,,,2.0,2.0,1,1,"{""20"": 13917}",,2,ns3,899,0.5,10,12,28,,,[],[],,5;7;9,28,62,
2026_07_29_02_32_08,000072,1,all-cavs,docs\doc_workspace\SGCP\artifacts\early_from_late_checkpoint_20260719\enable_coperception_early_from_attentive.yaml,selective_edgecooper_global_pmax,full-frame,grid,,,,,,,singleton,20,60.0,1078800,1078800,1637792,50,50,1,1;2;4;8,2;4;8,"{""2"": 11, ""4"": 11, ""8"": 9}","{""1"": 13979, ""2"": 1463, ""4"": 1885, ""8"": 819}",66672,3.7081201334816463,10,40.0,60.0,,,,,2.0,2.0,1,1,"{""1"": 13979}",,2,ns3,899,0.5,10,12,28,,,[],[],,2;4;8,33,71,
2026_07_29_02_32_08,000072,2,all-cavs,docs\doc_workspace\SGCP\artifacts\early_from_late_checkpoint_20260719\enable_coperception_early_from_attentive.yaml,selective_edgecooper_global_pmax,full-frame,grid,,,,,,,singleton,20,60.0,1078800,1078800,1637792,50,50,2,2;1;10;11,1;10;11,"{""1"": 11, ""10"": 11, ""11"": 9}","{""1"": 705, ""2"": 13830, ""10"": 1802, ""11"": 613}",49920,2.7764182424916575,10,40.0,60.0,,,,,2.0,2.0,1,1,"{""2"": 13830}",,2,ns3,899,0.5,10,12,28,,,[],[],,1;10;11,30,72,
2026_07_29_02_32_08,000072,3,all-cavs,docs\doc_workspace\SGCP\artifacts\early_from_late_checkpoint_20260719\enable_coperception_early_from_attentive.yaml,selective_edgecooper_global_pmax,full-frame,grid,,,,,,,singleton,20,60.0,1078800,1078800,1637792,50,50,3,3;16;17;18,16;17;18,"{""16"": 10, ""17"": 11, ""18"": 11}","{""3"": 14068, ""16"": 1725, ""17"": 853, ""18"": 1629}",67312,3.743715239154616,10,40.0,60.0,,,,,2.0,2.0,1,1,"{""3"": 14068}",,2,ns3,899,0.5,10,12,28,,,[],[],,16;17;18,21,65,
2026_07_29_02_32_08,000072,4,all-cavs,docs\doc_workspace\SGCP\artifacts\early_from_late_checkpoint_20260719\enable_coperception_early_from_attentive.yaml,selective_edgecooper_global_pmax,full-frame,grid,,,,,,,singleton,20,60.0,1078800,1078800,1637792,50,50,4,4;1;7;12,1;7;12,"{""1"": 11, ""7"": 11, ""12"": 11}","{""1"": 1818, ""4"": 13811, ""7"": 1614, ""12"": 1059}",71856,3.996440489432703,10,40.0,60.0,,,,,2.0,2.0,1,1,"{""4"": 13811}",,2,ns3,899,0.5,10,12,28,,,[],[],,1;7;12,30,71,
2026_07_29_02_32_08,000072,5,all-cavs,docs\doc_workspace\SGCP\artifacts\early_from_late_checkpoint_20260719\enable_coperception_early_from_attentive.yaml,selective_edgecooper_global_pmax,full-frame,grid,,,,,,,singleton,20,60.0,1078800,1078800,1637792,50,50,5,5;13;19;20,13;19;20,"{""13"": 11, ""19"": 10, ""20"": 10}","{""5"": 13965, ""13"": 1722, ""19"": 1113, ""20"": 1117}",63232,3.5167964404894327,10,40.0,60.0,,,,,2.0,2.0,1,1,"{""5"": 13965}",,2,ns3,899,0.5,10,12,28,,,[],[],,13;19;20,23,47,
2026_07_29_02_32_08,000072,6,all-cavs,docs\doc_workspace\SGCP\artifacts\early_from_late_checkpoint_20260719\enable_coperception_early_from_attentive.yaml,selective_edgecooper_global_pmax,full-frame,grid,,,,,,,singleton,20,60.0,1078800,1078800,1637792,50,50,6,6;15,15,"{""15"": 11}","{""6"": 13135, ""15"": 1072}",17152,0.9539488320355951,10,40.0,60.0,,,,,2.0,2.0,1,1,"{""6"": 13135}",,2,ns3,899,0.5,10,12,28,,,[],[],,15,14,50,
2026_07_29_02_32_08,000072,7,all-cavs,docs\doc_workspace\SGCP\artifacts\early_from_late_checkpoint_20260719\enable_coperception_early_from_attentive.yaml,selective_edgecooper_global_pmax,full-frame,grid,,,,,,,singleton,20,60.0,1078800,1078800,1637792,50,50,7,7;4;5;12,4;5;12,"{""4"": 11, ""5"": 11, ""12"": 11}","{""4"": 1045, ""5"": 1108, ""7"": 13959, ""12"": 1587}",59840,3.3281423804226917,10,40.0,60.0,,,,,2.0,2.0,1,1,"{""7"": 13959}",,2,ns3,899,0.5,10,12,28,,,[],[],,4;5;12,28,51,
2026_07_29_02_32_08,000072,8,all-cavs,docs\doc_workspace\SGCP\artifacts\early_from_late_checkpoint_20260719\enable_coperception_early_from_attentive.yaml,selective_edgecooper_global_pmax,full-frame,grid,,,,,,,singleton,20,60.0,1078800,1078800,1637792,50,50,8,8;1;11;12,1;11;12,"{""1"": 11, ""11"": 11, ""12"": 11}","{""1"": 1176, ""8"": 13744, ""11"": 1414, ""12"": 1930}",72320,4.022246941045606,10,40.0,60.0,,,,,2.0,2.0,1,1,"{""8"": 13744}",,2,ns3,899,0.5,10,12,28,,,[],[],,1;11;12,34,48,
2026_07_29_02_32_08,000072,9,all-cavs,docs\doc_workspace\SGCP\artifacts\early_from_late_checkpoint_20260719\enable_coperception_early_from_attentive.yaml,selective_edgecooper_global_pmax,full-frame,grid,,,,,,,singleton,20,60.0,1078800,1078800,1637792,50,50,9,9;11;13,11;13,"{""11"": 11, ""13"": 11}","{""9"": 13817, ""11"": 1980, ""13"": 1010}",47840,2.660734149054505,10,40.0,60.0,,,,,2.0,2.0,1,1,"{""9"": 13817}",,2,ns3,899,0.5,10,12,28,,,[],[],,11;13,25,53,
2026_07_29_02_32_08,000072,10,all-cavs,docs\doc_workspace\SGCP\artifacts\early_from_late_checkpoint_20260719\enable_coperception_early_from_attentive.yaml,selective_edgecooper_global_pmax,full-frame,grid,,,,,,,singleton,20,60.0,1078800,1078800,1637792,50,50,10,10;8;16;19,8;16;19,"{""8"": 11, ""16"": 11, ""19"": 11}","{""8"": 1336, ""10"": 14033, ""16"": 1950, ""19"": 817}",65648,3.651167964404894,10,40.0,60.0,,,,,2.0,2.0,1,1,"{""10"": 14033}",,2,ns3,899,0.5,10,12,28,,,[],[],,8;16;19,29,68,
2026_07_29_02_32_08,000072,11,all-cavs,docs\doc_workspace\SGCP\artifacts\early_from_late_checkpoint_20260719\enable_coperception_early_from_attentive.yaml,selective_edgecooper_global_pmax,full-frame,grid,,,,,,,singleton,20,60.0,1078800,1078800,1637792,50,50,11,11;2;8;9,2;8;9,"{""2"": 11, ""8"": 11, ""9"": 11}","{""2"": 1054, ""8"": 964, ""9"": 1840, ""11"": 13861}",61728,3.4331479421579534,10,40.0,60.0,,,,,2.0,2.0,1,1,"{""11"": 13861}",,2,ns3,899,0.5,10,12,28,,,[],[],,2;8;9,29,68,
2026_07_29_02_32_08,000072,12,all-cavs,docs\doc_workspace\SGCP\artifacts\early_from_late_checkpoint_20260719\enable_coperception_early_from_attentive.yaml,selective_edgecooper_global_pmax,full-frame,grid,,,,,,,singleton,20,60.0,1078800,1078800,1637792,50,50,12,12;4;7,4;7,"{""4"": 11, ""7"": 11}","{""4"": 934, ""7"": 1671, ""12"": 13906}",41680,2.318131256952169,10,40.0,60.0,,,,,2.0,2.0,1,1,"{""12"": 13906}",,2,ns3,899,0.5,10,12,28,,,[],[],,4;7,23,55,
2026_07_29_02_32_08,000072,13,all-cavs,docs\doc_workspace\SGCP\artifacts\early_from_late_checkpoint_20260719\enable_coperception_early_from_attentive.yaml,selective_edgecooper_global_pmax,full-frame,grid,,,,,,,singleton,20,60.0,1078800,1078800,1637792,50,50,13,13;5;10;19,5;10;19,"{""5"": 11, ""10"": 11, ""19"": 10}","{""5"": 1522, ""10"": 1224, ""13"": 13566, ""19"": 494}",51840,2.883203559510567,10,40.0,60.0,,,,,2.0,2.0,1,1,"{""13"": 13566}",,2,ns3,899,0.5,10,12,28,,,[],[],,5;10;19,24,55,
2026_07_29_02_32_08,000072,14,all-cavs,docs\doc_workspace\SGCP\artifacts\early_from_late_checkpoint_20260719\enable_coperception_early_from_attentive.yaml,selective_edgecooper_global_pmax,full-frame,grid,,,,,,,singleton,20,60.0,1078800,1078800,1637792,50,50,14,14,,{},"{""14"": 14267}",0,0.0,10,40.0,60.0,,,,,2.0,2.0,0,,{},,2,ns3,899,0.5,10,12,28,,,[],[],,,3,7,
2026_07_29_02_32_08,000072,15,all-cavs,docs\doc_workspace\SGCP\artifacts\early_from_late_checkpoint_20260719\enable_coperception_early_from_attentive.yaml,selective_edgecooper_global_pmax,full-frame,grid,,,,,,,singleton,20,60.0,1078800,1078800,1637792,50,50,15,15;6,6,"{""6"": 11}","{""6"": 1811, ""15"": 13501}",28976,1.6115684093437153,10,40.0,60.0,,,,,2.0,2.0,1,1,"{""15"": 13501}",,2,ns3,899,0.5,10,12,28,,,[],[],,6,16,62,
2026_07_29_02_32_08,000072,16,all-cavs,docs\doc_workspace\SGCP\artifacts\early_from_late_checkpoint_20260719\enable_coperception_early_from_attentive.yaml,selective_edgecooper_global_pmax,full-frame,grid,,,,,,,singleton,20,60.0,1078800,1078800,1637792,50,50,16,16;3;10;20,3;10;20,"{""3"": 11, ""10"": 11, ""20"": 11}","{""3"": 1659, ""10"": 1968, ""16"": 13827, ""20"": 659}",68576,3.814015572858732,10,40.0,60.0,,,,,2.0,2.0,1,1,"{""16"": 13827}",,2,ns3,899,0.5,10,12,28,,,[],[],,3;10;20,29,70,
2026_07_29_02_32_08,000072,17,all-cavs,docs\doc_workspace\SGCP\artifacts\early_from_late_checkpoint_20260719\enable_coperception_early_from_attentive.yaml,selective_edgecooper_global_pmax,full-frame,grid,,,,,,,singleton,20,60.0,1078800,1078800,1637792,50,50,17,17;3;16;18,3;16;18,"{""3"": 11, ""16"": 11, ""18"": 11}","{""3"": 840, ""16"": 1901, ""17"": 14140, ""18"": 1619}",69760,3.8798665183537264,10,40.0,60.0,,,,,2.0,2.0,1,1,"{""17"": 14140}",,2,ns3,899,0.5,10,12,28,,,[],[],,3;16;18,23,65,
2026_07_29_02_32_08,000072,18,all-cavs,docs\doc_workspace\SGCP\artifacts\early_from_late_checkpoint_20260719\enable_coperception_early_from_attentive.yaml,selective_edgecooper_global_pmax,full-frame,grid,,,,,,,singleton,20,60.0,1078800,1078800,1637792,50,50,18,18;3;17,3;17,"{""3"": 11, ""17"": 11}","{""3"": 1644, ""17"": 1840, ""18"": 14223}",55744,3.100333704115684,10,40.0,60.0,,,,,2.0,2.0,1,1,"{""18"": 14223}",,2,ns3,899,0.5,10,12,28,,,[],[],,3;17,17,45,
2026_07_29_02_32_08,000072,19,all-cavs,docs\doc_workspace\SGCP\artifacts\early_from_late_checkpoint_20260719\enable_coperception_early_from_attentive.yaml,selective_edgecooper_global_pmax,full-frame,grid,,,,,,,singleton,20,60.0,1078800,1078800,1637792,50,50,19,19;9;13;20,9;13;20,"{""9"": 11, ""13"": 11, ""20"": 11}","{""9"": 761, ""13"": 1012, ""19"": 13702, ""20"": 2067}",61440,3.417130144605117,10,40.0,60.0,,,,,2.0,2.0,1,1,"{""19"": 13702}",,2,ns3,899,0.5,10,12,28,,,[],[],,9;13;20,21,54,
2026_07_29_02_32_08,000072,20,all-cavs,docs\doc_workspace\SGCP\artifacts\early_from_late_checkpoint_20260719\enable_coperception_early_from_attentive.yaml,selective_edgecooper_global_pmax,full-frame,grid,,,,,,,singleton,20,60.0,1078800,1078800,1637792,50,50,20,20;5;7;9,5;7;9,"{""5"": 10, ""7"": 10, ""9"": 11}","{""5"": 778, ""7"": 1298, ""9"": 1503, ""20"": 13917}",57264,3.1848720800889874,10,40.0,60.0,,,,,2.0,2.0,1,1,"{""20"": 13917}",,2,ns3,899,0.5,10,12,28,,,[],[],,5;7;9,29,61,
2026_07_29_02_32_08,000074,1,all-cavs,docs\doc_workspace\SGCP\artifacts\early_from_late_checkpoint_20260719\enable_coperception_early_from_attentive.yaml,selective_edgecooper_global_pmax,full-frame,grid,,,,,,,singleton,20,60.0,1078800,1078800,1648160,50,50,1,1;2;4;8,2;4;8,"{""2"": 11, ""4"": 11, ""8"": 9}","{""1"": 13979, ""2"": 1411, ""4"": 1881, ""8"": 820}",65792,3.6591768631813126,10,40.0,60.0,,,,,2.0,2.0,1,1,"{""1"": 13979}",,2,ns3,899,0.5,10,12,28,,,[],[],,2;4;8,33,70,
2026_07_29_02_32_08,000074,2,all-cavs,docs\doc_workspace\SGCP\artifacts\early_from_late_checkpoint_20260719\enable_coperception_early_from_attentive.yaml,selective_edgecooper_global_pmax,full-frame,grid,,,,,,,singleton,20,60.0,1078800,1078800,1648160,50,50,2,2;1;10;11,1;10;11,"{""1"": 10, ""10"": 11, ""11"": 9}","{""1"": 683, ""2"": 13831, ""10"": 1832, ""11"": 611}",50016,2.781757508342603,10,40.0,60.0,,,,,2.0,2.0,1,1,"{""2"": 13831}",,2,ns3,899,0.5,10,12,28,,,[],[],,1;10;11,33,72,
2026_07_29_02_32_08,000074,3,all-cavs,docs\doc_workspace\SGCP\artifacts\early_from_late_checkpoint_20260719\enable_coperception_early_from_attentive.yaml,selective_edgecooper_global_pmax,full-frame,grid,,,,,,,singleton,20,60.0,1078800,1078800,1648160,50,50,3,3;16;17;18,16;17;18,"{""16"": 10, ""17"": 11, ""18"": 11}","{""3"": 14058, ""16"": 1705, ""17"": 836, ""18"": 1619}",66560,3.701890989988877,10,40.0,60.0,,,,,2.0,2.0,1,1,"{""3"": 14058}",,2,ns3,899,0.5,10,12,28,,,[],[],,16;17;18,22,65,
2026_07_29_02_32_08,000074,4,all-cavs,docs\doc_workspace\SGCP\artifacts\early_from_late_checkpoint_20260719\enable_coperception_early_from_attentive.yaml,selective_edgecooper_global_pmax,full-frame,grid,,,,,,,singleton,20,60.0,1078800,1078800,1648160,50,50,4,4;1;7;12,1;7;12,"{""1"": 11, ""7"": 11, ""12"": 11}","{""1"": 1849, ""4"": 13788, ""7"": 1639, ""12"": 1020}",72128,4.011568409343715,10,40.0,60.0,,,,,2.0,2.0,1,1,"{""4"": 13788}",,2,ns3,899,0.5,10,12,28,,,[],[],,1;7;12,29,71,
2026_07_29_02_32_08,000074,5,all-cavs,docs\doc_workspace\SGCP\artifacts\early_from_late_checkpoint_20260719\enable_coperception_early_from_attentive.yaml,selective_edgecooper_global_pmax,full-frame,grid,,,,,,,singleton,20,60.0,1078800,1078800,1648160,50,50,5,5;13;19;20,13;19;20,"{""13"": 11, ""19"": 11, ""20"": 10}","{""5"": 13965, ""13"": 1599, ""19"": 1223, ""20"": 1122}",63104,3.509677419354839,10,40.0,60.0,,,,,2.0,2.0,1,1,"{""5"": 13965}",,2,ns3,899,0.5,10,12,28,,,[],[],,13;19;20,25,47,
2026_07_29_02_32_08,000074,6,all-cavs,docs\doc_workspace\SGCP\artifacts\early_from_late_checkpoint_20260719\enable_coperception_early_from_attentive.yaml,selective_edgecooper_global_pmax,full-frame,grid,,,,,,,singleton,20,60.0,1078800,1078800,1648160,50,50,6,6;15,15,"{""15"": 11}","{""6"": 13165, ""15"": 1100}",17600,0.978865406006674,10,40.0,60.0,,,,,2.0,2.0,1,1,"{""6"": 13165}",,2,ns3,899,0.5,10,12,28,,,[],[],,15,15,50,
2026_07_29_02_32_08,000074,7,all-cavs,docs\doc_workspace\SGCP\artifacts\early_from_late_checkpoint_20260719\enable_coperception_early_from_attentive.yaml,selective_edgecooper_global_pmax,full-frame,grid,,,,,,,singleton,20,60.0,1078800,1078800,1648160,50,50,7,7;4;5;12,4;5;12,"{""4"": 10, ""5"": 11, ""12"": 11}","{""4"": 1120, ""5"": 1094, ""7"": 13968, ""12"": 1543}",60112,3.343270300333704,10,40.0,60.0,,,,,2.0,2.0,1,1,"{""7"": 13968}",,2,ns3,899,0.5,10,12,28,,,[],[],,4;5;12,30,50,
2026_07_29_02_32_08,000074,8,all-cavs,docs\doc_workspace\SGCP\artifacts\early_from_late_checkpoint_20260719\enable_coperception_early_from_attentive.yaml,selective_edgecooper_global_pmax,full-frame,grid,,,,,,,singleton,20,60.0,1078800,1078800,1648160,50,50,8,8;2;11;12,2;11;12,"{""2"": 11, ""11"": 11, ""12"": 11}","{""2"": 1709, ""8"": 13742, ""11"": 1371, ""12"": 1929}",80144,4.457397107897664,10,40.0,60.0,,,,,2.0,2.0,1,1,"{""8"": 13742}",,2,ns3,899,0.5,10,12,28,,,[],[],,2;11;12,31,48,
2026_07_29_02_32_08,000074,9,all-cavs,docs\doc_workspace\SGCP\artifacts\early_from_late_checkpoint_20260719\enable_coperception_early_from_attentive.yaml,selective_edgecooper_global_pmax,full-frame,grid,,,,,,,singleton,20,60.0,1078800,1078800,1648160,50,50,9,9;11;13,11;13,"{""11"": 11, ""13"": 10}","{""9"": 13820, ""11"": 1978, ""13"": 1024}",48032,2.671412680756396,10,40.0,60.0,,,,,2.0,2.0,1,1,"{""9"": 13820}",,2,ns3,899,0.5,10,12,28,,,[],[],,11;13,27,53,
2026_07_29_02_32_08,000074,10,all-cavs,docs\doc_workspace\SGCP\artifacts\early_from_late_checkpoint_20260719\enable_coperception_early_from_attentive.yaml,selective_edgecooper_global_pmax,full-frame,grid,,,,,,,singleton,20,60.0,1078800,1078800,1648160,50,50,10,10;8;16;19,8;16;19,"{""8"": 11, ""16"": 10, ""19"": 11}","{""8"": 1333, ""10"": 14016, ""16"": 1831, ""19"": 809}",63568,3.5354838709677416,10,40.0,60.0,,,,,2.0,2.0,1,1,"{""10"": 14016}",,2,ns3,899,0.5,10,12,28,,,[],[],,8;16;19,29,68,
2026_07_29_02_32_08,000074,11,all-cavs,docs\doc_workspace\SGCP\artifacts\early_from_late_checkpoint_20260719\enable_coperception_early_from_attentive.yaml,selective_edgecooper_global_pmax,full-frame,grid,,,,,,,singleton,20,60.0,1078800,1078800,1648160,50,50,11,11;1;8;9,1;8;9,"{""1"": 10, ""8"": 11, ""9"": 11}","{""1"": 733, ""8"": 964, ""9"": 1757, ""11"": 13860}",55264,3.0736373748609567,10,40.0,60.0,,,,,2.0,2.0,1,1,"{""11"": 13860}",,2,ns3,899,0.5,10,12,28,,,[],[],,1;8;9,31,68,
2026_07_29_02_32_08,000074,12,all-cavs,docs\doc_workspace\SGCP\artifacts\early_from_late_checkpoint_20260719\enable_coperception_early_from_attentive.yaml,selective_edgecooper_global_pmax,full-frame,grid,,,,,,,singleton,20,60.0,1078800,1078800,1648160,50,50,12,12;4;7,4;7,"{""4"": 11, ""7"": 11}","{""4"": 946, ""7"": 1701, ""12"": 13902}",42352,2.3555061179087877,10,40.0,60.0,,,,,2.0,2.0,1,1,"{""12"": 13902}",,2,ns3,899,0.5,10,12,28,,,[],[],,4;7,23,55,
2026_07_29_02_32_08,000074,13,all-cavs,docs\doc_workspace\SGCP\artifacts\early_from_late_checkpoint_20260719\enable_coperception_early_from_attentive.yaml,selective_edgecooper_global_pmax,full-frame,grid,,,,,,,singleton,20,60.0,1078800,1078800,1648160,50,50,13,13;5;10;19,5;10;19,"{""5"": 11, ""10"": 11, ""19"": 10}","{""5"": 1512, ""10"": 1223, ""13"": 13577, ""19"": 503}",51808,2.8814238042269187,10,40.0,60.0,,,,,2.0,2.0,1,1,"{""13"": 13577}",,2,ns3,899,0.5,10,12,28,,,[],[],,5;10;19,21,55,
2026_07_29_02_32_08,000074,14,all-cavs,docs\doc_workspace\SGCP\artifacts\early_from_late_checkpoint_20260719\enable_coperception_early_from_attentive.yaml,selective_edgecooper_global_pmax,full-frame,grid,,,,,,,singleton,20,60.0,1078800,1078800,1648160,50,50,14,14,,{},"{""14"": 14272}",0,0.0,10,40.0,60.0,,,,,2.0,2.0,0,,{},,2,ns3,899,0.5,10,12,28,,,[],[],,,3,7,
2026_07_29_02_32_08,000074,15,all-cavs,docs\doc_workspace\SGCP\artifacts\early_from_late_checkpoint_20260719\enable_coperception_early_from_attentive.yaml,selective_edgecooper_global_pmax,full-frame,grid,,,,,,,singleton,20,60.0,1078800,1078800,1648160,50,50,15,15;6,6,"{""6"": 11}","{""6"": 1814, ""15"": 13494}",29024,1.614238042269188,10,40.0,60.0,,,,,2.0,2.0,1,1,"{""15"": 13494}",,2,ns3,899,0.5,10,12,28,,,[],[],,6,16,62,
2026_07_29_02_32_08,000074,16,all-cavs,docs\doc_workspace\SGCP\artifacts\early_from_late_checkpoint_20260719\enable_coperception_early_from_attentive.yaml,selective_edgecooper_global_pmax,full-frame,grid,,,,,,,singleton,20,60.0,1078800,1078800,1648160,50,50,16,16;3;10;20,3;10;20,"{""3"": 11, ""10"": 11, ""20"": 11}","{""3"": 1605, ""10"": 1986, ""16"": 13876, ""20"": 677}",68288,3.7979977753058956,10,40.0,60.0,,,,,2.0,2.0,1,1,"{""16"": 13876}",,2,ns3,899,0.5,10,12,28,,,[],[],,3;10;20,31,71,
2026_07_29_02_32_08,000074,17,all-cavs,docs\doc_workspace\SGCP\artifacts\early_from_late_checkpoint_20260719\enable_coperception_early_from_attentive.yaml,selective_edgecooper_global_pmax,full-frame,grid,,,,,,,singleton,20,60.0,1078800,1078800,1648160,50,50,17,17;3;16;18,3;16;18,"{""3"": 11, ""16"": 11, ""18"": 11}","{""3"": 867, ""16"": 1888, ""17"": 14148, ""18"": 1657}",70592,3.926140155728587,10,40.0,60.0,,,,,2.0,2.0,1,1,"{""17"": 14148}",,2,ns3,899,0.5,10,12,28,,,[],[],,3;16;18,25,65,
2026_07_29_02_32_08,000074,18,all-cavs,docs\doc_workspace\SGCP\artifacts\early_from_late_checkpoint_20260719\enable_coperception_early_from_attentive.yaml,selective_edgecooper_global_pmax,full-frame,grid,,,,,,,singleton,20,60.0,1078800,1078800,1648160,50,50,18,18;3;17,3;17,"{""3"": 11, ""17"": 11}","{""3"": 1660, ""17"": 1848, ""18"": 14193}",56128,3.1216907675194663,10,40.0,60.0,,,,,2.0,2.0,1,1,"{""18"": 14193}",,2,ns3,899,0.5,10,12,28,,,[],[],,3;17,16,45,
2026_07_29_02_32_08,000074,19,all-cavs,docs\doc_workspace\SGCP\artifacts\early_from_late_checkpoint_20260719\enable_coperception_early_from_attentive.yaml,selective_edgecooper_global_pmax,full-frame,grid,,,,,,,singleton,20,60.0,1078800,1078800,1648160,50,50,19,19;9;13;20,9;13;20,"{""9"": 11, ""13"": 11, ""20"": 11}","{""9"": 739, ""13"": 1004, ""19"": 13703, ""20"": 2064}",60912,3.3877641824249163,10,40.0,60.0,,,,,2.0,2.0,1,1,"{""19"": 13703}",,2,ns3,899,0.5,10,12,28,,,[],[],,9;13;20,21,53,
2026_07_29_02_32_08,000074,20,all-cavs,docs\doc_workspace\SGCP\artifacts\early_from_late_checkpoint_20260719\enable_coperception_early_from_attentive.yaml,selective_edgecooper_global_pmax,full-frame,grid,,,,,,,singleton,20,60.0,1078800,1078800,1648160,50,50,20,20;5;7;9,5;7;9,"{""5"": 10, ""7"": 10, ""9"": 11}","{""5"": 772, ""7"": 1312, ""9"": 1502, ""20"": 13916}",57376,3.1911012235817577,10,40.0,60.0,,,,,2.0,2.0,1,1,"{""20"": 13916}",,2,ns3,899,0.5,10,12,28,,,[],[],,5;7;9,29,61,
2026_07_29_02_32_08,000076,1,all-cavs,docs\doc_workspace\SGCP\artifacts\early_from_late_checkpoint_20260719\enable_coperception_early_from_attentive.yaml,selective_edgecooper_global_pmax,full-frame,grid,,,,,,,singleton,20,60.0,1078800,1078800,1662416,51,51,1,1;2;4;8,2;4;8,"{""2"": 11, ""4"": 11, ""8"": 8}","{""1"": 13981, ""2"": 1364, ""4"": 1881, ""8"": 805}",64800,3.604004449388209,10,40.0,60.0,,,,,2.0,2.0,1,1,"{""1"": 13981}",,2,ns3,899,0.5,10,12,28,,,[],[],,2;4;8,34,70,
2026_07_29_02_32_08,000076,2,all-cavs,docs\doc_workspace\SGCP\artifacts\early_from_late_checkpoint_20260719\enable_coperception_early_from_attentive.yaml,selective_edgecooper_global_pmax,full-frame,grid,,,,,,,singleton,20,60.0,1078800,1078800,1662416,51,51,2,2;1;10;11,1;10;11,"{""1"": 10, ""10"": 11, ""11"": 8}","{""1"": 679, ""2"": 13829, ""10"": 1763, ""11"": 590}",48512,2.6981090100111236,10,40.0,60.0,,,,,2.0,2.0,1,1,"{""2"": 13829}",,2,ns3,899,0.5,10,12,28,,,[],[],,1;10;11,28,72,
2026_07_29_02_32_08,000076,3,all-cavs,docs\doc_workspace\SGCP\artifacts\early_from_late_checkpoint_20260719\enable_coperception_early_from_attentive.yaml,selective_edgecooper_global_pmax,full-frame,grid,,,,,,,singleton,20,60.0,1078800,1078800,1662416,51,51,3,3;16;17;18,16;17;18,"{""16"": 10, ""17"": 11, ""18"": 11}","{""3"": 14035, ""16"": 1607, ""17"": 850, ""18"": 1616}",65168,3.624471635150167,10,40.0,60.0,,,,,2.0,2.0,1,1,"{""3"": 14035}",,2,ns3,899,0.5,10,12,28,,,[],[],,16;17;18,25,64,
2026_07_29_02_32_08,000076,4,all-cavs,docs\doc_workspace\SGCP\artifacts\early_from_late_checkpoint_20260719\enable_coperception_early_from_attentive.yaml,selective_edgecooper_global_pmax,full-frame,grid,,,,,,,singleton,20,60.0,1078800,1078800,1662416,51,51,4,4;1;7;12,1;7;12,"{""1"": 11, ""7"": 11, ""12"": 10}","{""1"": 1902, ""4"": 13778, ""7"": 1642, ""12"": 979}",72368,4.024916573971079,10,40.0,60.0,,,,,2.0,2.0,1,1,"{""4"": 13778}",,2,ns3,899,0.5,10,12,28,,,[],[],,1;7;12,34,71,
2026_07_29_02_32_08,000076,5,all-cavs,docs\doc_workspace\SGCP\artifacts\early_from_late_checkpoint_20260719\enable_coperception_early_from_attentive.yaml,selective_edgecooper_global_pmax,full-frame,grid,,,,,,,singleton,20,60.0,1078800,1078800,1662416,51,51,5,5;13;19;20,13;19;20,"{""13"": 11, ""19"": 10, ""20"": 10}","{""5"": 13972, ""13"": 1711, ""19"": 1067, ""20"": 1112}",62240,3.461624026696329,10,40.0,60.0,,,,,2.0,2.0,1,1,"{""5"": 13972}",,2,ns3,899,0.5,10,12,28,,,[],[],,13;19;20,26,47,
2026_07_29_02_32_08,000076,6,all-cavs,docs\doc_workspace\SGCP\artifacts\early_from_late_checkpoint_20260719\enable_coperception_early_from_attentive.yaml,selective_edgecooper_global_pmax,full-frame,grid,,,,,,,singleton,20,60.0,1078800,1078800,1662416,51,51,6,6;15,15,"{""15"": 11}","{""6"": 13188, ""15"": 1117}",17872,0.9939933259176864,10,40.0,60.0,,,,,2.0,2.0,1,1,"{""6"": 13188}",,2,ns3,899,0.5,10,12,28,,,[],[],,15,15,51,
2026_07_29_02_32_08,000076,7,all-cavs,docs\doc_workspace\SGCP\artifacts\early_from_late_checkpoint_20260719\enable_coperception_early_from_attentive.yaml,selective_edgecooper_global_pmax,full-frame,grid,,,,,,,singleton,20,60.0,1078800,1078800,1662416,51,51,7,7;4;5;12,4;5;12,"{""4"": 10, ""5"": 11, ""12"": 11}","{""4"": 1136, ""5"": 1091, ""7"": 13977, ""12"": 1389}",57856,3.217797552836485,10,40.0,60.0,,,,,2.0,2.0,1,1,"{""7"": 13977}",,2,ns3,899,0.5,10,12,28,,,[],[],,4;5;12,30,49,
2026_07_29_02_32_08,000076,8,all-cavs,docs\doc_workspace\SGCP\artifacts\early_from_late_checkpoint_20260719\enable_coperception_early_from_attentive.yaml,selective_edgecooper_global_pmax,full-frame,grid,,,,,,,singleton,20,60.0,1078800,1078800,1662416,51,51,8,8;2;11;12,2;11;12,"{""2"": 11, ""11"": 11, ""12"": 11}","{""2"": 1709, ""8"": 13741, ""11"": 1365, ""12"": 1933}",80112,4.4556173526140155,10,40.0,60.0,,,,,2.0,2.0,1,1,"{""8"": 13741}",,2,ns3,899,0.5,10,12,28,,,[],[],,2;11;12,32,48,
2026_07_29_02_32_08,000076,9,all-cavs,docs\doc_workspace\SGCP\artifacts\early_from_late_checkpoint_20260719\enable_coperception_early_from_attentive.yaml,selective_edgecooper_global_pmax,full-frame,grid,,,,,,,singleton,20,60.0,1078800,1078800,1662416,51,51,9,9;11;13,11;13,"{""11"": 11, ""13"": 10}","{""9"": 13819, ""11"": 1974, ""13"": 1038}",48192,2.6803114571746383,10,40.0,60.0,,,,,2.0,2.0,1,1,"{""9"": 13819}",,2,ns3,899,0.5,10,12,28,,,[],[],,11;13,27,53,
2026_07_29_02_32_08,000076,10,all-cavs,docs\doc_workspace\SGCP\artifacts\early_from_late_checkpoint_20260719\enable_coperception_early_from_attentive.yaml,selective_edgecooper_global_pmax,full-frame,grid,,,,,,,singleton,20,60.0,1078800,1078800,1662416,51,51,10,10;8;16;19,8;16;19,"{""8"": 11, ""16"": 11, ""19"": 11}","{""8"": 1357, ""10"": 13999, ""16"": 2022, ""19"": 799}",66848,3.717908787541713,10,40.0,60.0,,,,,2.0,2.0,1,1,"{""10"": 13999}",,2,ns3,899,0.5,10,12,28,,,[],[],,8;16;19,28,69,
2026_07_29_02_32_08,000076,11,all-cavs,docs\doc_workspace\SGCP\artifacts\early_from_late_checkpoint_20260719\enable_coperception_early_from_attentive.yaml,selective_edgecooper_global_pmax,full-frame,grid,,,,,,,singleton,20,60.0,1078800,1078800,1662416,51,51,11,11;1;2;10,1;2;10,"{""1"": 10, ""2"": 10, ""10"": 10}","{""1"": 755, ""2"": 882, ""10"": 1491, ""11"": 13862}",50048,2.7835372636262514,10,40.0,60.0,,,,,2.0,2.0,1,1,"{""11"": 13862}",,2,ns3,899,0.5,10,12,28,,,[],[],,1;2;10,30,68,
2026_07_29_02_32_08,000076,12,all-cavs,docs\doc_workspace\SGCP\artifacts\early_from_late_checkpoint_20260719\enable_coperception_early_from_attentive.yaml,selective_edgecooper_global_pmax,full-frame,grid,,,,,,,singleton,20,60.0,1078800,1078800,1662416,51,51,12,12;4;7;8,4;7;8,"{""4"": 10, ""7"": 11, ""8"": 11}","{""4"": 773, ""7"": 1724, ""8"": 1410, ""12"": 13921}",62512,3.4767519466073415,10,40.0,60.0,,,,,2.0,2.0,1,1,"{""12"": 13921}",,2,ns3,899,0.5,10,12,28,,,[],[],,4;7;8,28,55,
2026_07_29_02_32_08,000076,13,all-cavs,docs\doc_workspace\SGCP\artifacts\early_from_late_checkpoint_20260719\enable_coperception_early_from_attentive.yaml,selective_edgecooper_global_pmax,full-frame,grid,,,,,,,singleton,20,60.0,1078800,1078800,1662416,51,51,13,13;5;9;19,5;9;19,"{""5"": 11, ""9"": 11, ""19"": 10}","{""5"": 1541, ""9"": 836, ""13"": 13582, ""19"": 512}",46224,2.570856507230256,10,40.0,60.0,,,,,2.0,2.0,1,1,"{""13"": 13582}",,2,ns3,899,0.5,10,12,28,,,[],[],,5;9;19,18,55,
2026_07_29_02_32_08,000076,14,all-cavs,docs\doc_workspace\SGCP\artifacts\early_from_late_checkpoint_20260719\enable_coperception_early_from_attentive.yaml,selective_edgecooper_global_pmax,full-frame,grid,,,,,,,singleton,20,60.0,1078800,1078800,1662416,51,51,14,14,,{},"{""14"": 14276}",0,0.0,10,40.0,60.0,,,,,2.0,2.0,0,,{},,2,ns3,899,0.5,10,12,28,,,[],[],,,3,7,
2026_07_29_02_32_08,000076,15,all-cavs,docs\doc_workspace\SGCP\artifacts\early_from_late_checkpoint_20260719\enable_coperception_early_from_attentive.yaml,selective_edgecooper_global_pmax,full-frame,grid,,,,,,,singleton,20,60.0,1078800,1078800,1662416,51,51,15,15;6,6,"{""6"": 11}","{""6"": 1808, ""15"": 13485}",28928,1.6088987764182425,10,40.0,60.0,,,,,2.0,2.0,1,1,"{""15"": 13485}",,2,ns3,899,0.5,10,12,28,,,[],[],,6,17,62,
2026_07_29_02_32_08,000076,16,all-cavs,docs\doc_workspace\SGCP\artifacts\early_from_late_checkpoint_20260719\enable_coperception_early_from_attentive.yaml,selective_edgecooper_global_pmax,full-frame,grid,,,,,,,singleton,20,60.0,1078800,1078800,1662416,51,51,16,16;10;17;20,10;17;20,"{""10"": 11, ""17"": 11, ""20"": 9}","{""10"": 1997, ""16"": 13891, ""17"": 1641, ""20"": 439}",65232,3.628031145717464,10,40.0,60.0,,,,,2.0,2.0,1,1,"{""16"": 13891}",,2,ns3,899,0.5,10,12,28,,,[],[],,10;17;20,32,70,
2026_07_29_02_32_08,000076,17,all-cavs,docs\doc_workspace\SGCP\artifacts\early_from_late_checkpoint_20260719\enable_coperception_early_from_attentive.yaml,selective_edgecooper_global_pmax,full-frame,grid,,,,,,,singleton,20,60.0,1078800,1078800,1662416,51,51,17,17;3;16;18,3;16;18,"{""3"": 11, ""16"": 10, ""18"": 11}","{""3"": 870, ""16"": 1694, ""17"": 14123, ""18"": 1684}",67968,3.7802002224694107,10,40.0,60.0,,,,,2.0,2.0,1,1,"{""17"": 14123}",,2,ns3,899,0.5,10,12,28,,,[],[],,3;16;18,24,65,
2026_07_29_02_32_08,000076,18,all-cavs,docs\doc_workspace\SGCP\artifacts\early_from_late_checkpoint_20260719\enable_coperception_early_from_attentive.yaml,selective_edgecooper_global_pmax,full-frame,grid,,,,,,,singleton,20,60.0,1078800,1078800,1662416,51,51,18,18;3;17,3;17,"{""3"": 11, ""17"": 11}","{""3"": 1702, ""17"": 1828, ""18"": 14179}",56480,3.1412680756395996,10,40.0,60.0,,,,,2.0,2.0,1,1,"{""18"": 14179}",,2,ns3,899,0.5,10,12,28,,,[],[],,3;17,17,44,
2026_07_29_02_32_08,000076,19,all-cavs,docs\doc_workspace\SGCP\artifacts\early_from_late_checkpoint_20260719\enable_coperception_early_from_attentive.yaml,selective_edgecooper_global_pmax,full-frame,grid,,,,,,,singleton,20,60.0,1078800,1078800,1662416,51,51,19,19;9;13;20,9;13;20,"{""9"": 11, ""13"": 10, ""20"": 11}","{""9"": 741, ""13"": 968, ""19"": 13702, ""20"": 2066}",60400,3.3592880978865405,10,40.0,60.0,,,,,2.0,2.0,1,1,"{""19"": 13702}",,2,ns3,899,0.5,10,12,28,,,[],[],,9;13;20,21,53,
2026_07_29_02_32_08,000076,20,all-cavs,docs\doc_workspace\SGCP\artifacts\early_from_late_checkpoint_20260719\enable_coperception_early_from_attentive.yaml,selective_edgecooper_global_pmax,full-frame,grid,,,,,,,singleton,20,60.0,1078800,1078800,1662416,51,51,20,20;5;7;9,5;7;9,"{""5"": 10, ""7"": 10, ""9"": 11}","{""5"": 743, ""7"": 1318, ""9"": 1504, ""20"": 13918}",57040,3.172413793103448,10,40.0,60.0,,,,,2.0,2.0,1,1,"{""20"": 13918}",,2,ns3,899,0.5,10,12,28,,,[],[],,5;7;9,31,61,
2026_07_29_02_32_08,000078,1,all-cavs,docs\doc_workspace\SGCP\artifacts\early_from_late_checkpoint_20260719\enable_coperception_early_from_attentive.yaml,selective_edgecooper_global_pmax,full-frame,grid,,,,,,,singleton,20,60.0,1078800,1078800,1665872,51,51,1,1;2;4;8,2;4;8,"{""2"": 10, ""4"": 10, ""8"": 9}","{""1"": 13979, ""2"": 1329, ""4"": 1768, ""8"": 819}",62656,3.48476084538376,10,40.0,60.0,,,,,2.0,2.0,1,1,"{""1"": 13979}",,2,ns3,899,0.5,10,12,28,,,[],[],,2;4;8,33,70,
2026_07_29_02_32_08,000078,2,all-cavs,docs\doc_workspace\SGCP\artifacts\early_from_late_checkpoint_20260719\enable_coperception_early_from_attentive.yaml,selective_edgecooper_global_pmax,full-frame,grid,,,,,,,singleton,20,60.0,1078800,1078800,1665872,51,51,2,2;1;10;11,1;10;11,"{""1"": 10, ""10"": 11, ""11"": 8}","{""1"": 665, ""2"": 13847, ""10"": 1806, ""11"": 623}",49504,2.7532814238042267,10,40.0,60.0,,,,,2.0,2.0,1,1,"{""2"": 13847}",,2,ns3,899,0.5,10,12,28,,,[],[],,1;10;11,29,71,
2026_07_29_02_32_08,000078,3,all-cavs,docs\doc_workspace\SGCP\artifacts\early_from_late_checkpoint_20260719\enable_coperception_early_from_attentive.yaml,selective_edgecooper_global_pmax,full-frame,grid,,,,,,,singleton,20,60.0,1078800,1078800,1665872,51,51,3,3;16;17;18,16;17;18,"{""16"": 10, ""17"": 11, ""18"": 11}","{""3"": 14039, ""16"": 1544, ""17"": 898, ""18"": 1618}",64960,3.6129032258064515,10,40.0,60.0,,,,,2.0,2.0,1,1,"{""3"": 14039}",,2,ns3,899,0.5,10,12,28,,,[],[],,16;17;18,22,64,
2026_07_29_02_32_08,000078,4,all-cavs,docs\doc_workspace\SGCP\artifacts\early_from_late_checkpoint_20260719\enable_coperception_early_from_attentive.yaml,selective_edgecooper_global_pmax,full-frame,grid,,,,,,,singleton,20,60.0,1078800,1078800,1665872,51,51,4,4;1;7;12,1;7;12,"{""1"": 11, ""7"": 11, ""12"": 10}","{""1"": 1916, ""4"": 13750, ""7"": 1635, ""12"": 1000}",72816,4.049833147942158,10,40.0,60.0,,,,,2.0,2.0,1,1,"{""4"": 13750}",,2,ns3,899,0.5,10,12,28,,,[],[],,1;7;12,33,71,
2026_07_29_02_32_08,000078,5,all-cavs,docs\doc_workspace\SGCP\artifacts\early_from_late_checkpoint_20260719\enable_coperception_early_from_attentive.yaml,selective_edgecooper_global_pmax,full-frame,grid,,,,,,,singleton,20,60.0,1078800,1078800,1665872,51,51,5,5;13;19;20,13;19;20,"{""13"": 11, ""19"": 11, ""20"": 10}","{""5"": 13966, ""13"": 1603, ""19"": 1256, ""20"": 1088}",63152,3.5123470522803113,10,40.0,60.0,,,,,2.0,2.0,1,1,"{""5"": 13966}",,2,ns3,899,0.5,10,12,28,,,[],[],,13;19;20,26,47,
2026_07_29_02_32_08,000078,6,all-cavs,docs\doc_workspace\SGCP\artifacts\early_from_late_checkpoint_20260719\enable_coperception_early_from_attentive.yaml,selective_edgecooper_global_pmax,full-frame,grid,,,,,,,singleton,20,60.0,1078800,1078800,1665872,51,51,6,6;15,15,"{""15"": 11}","{""6"": 13194, ""15"": 1135}",18160,1.0100111234705227,10,40.0,60.0,,,,,2.0,2.0,1,1,"{""6"": 13194}",,2,ns3,899,0.5,10,12,28,,,[],[],,15,15,51,
2026_07_29_02_32_08,000078,7,all-cavs,docs\doc_workspace\SGCP\artifacts\early_from_late_checkpoint_20260719\enable_coperception_early_from_attentive.yaml,selective_edgecooper_global_pmax,full-frame,grid,,,,,,,singleton,20,60.0,1078800,1078800,1665872,51,51,7,7;4;5;12,4;5;12,"{""4"": 11, ""5"": 11, ""12"": 11}","{""4"": 1214, ""5"": 1107, ""7"": 13961, ""12"": 1459}",60480,3.363737486095662,10,40.0,60.0,,,,,2.0,2.0,1,1,"{""7"": 13961}",,2,ns3,899,0.5,10,12,28,,,[],[],,4;5;12,31,49,
2026_07_29_02_32_08,000078,8,all-cavs,docs\doc_workspace\SGCP\artifacts\early_from_late_checkpoint_20260719\enable_coperception_early_from_attentive.yaml,selective_edgecooper_global_pmax,full-frame,grid,,,,,,,singleton,20,60.0,1078800,1078800,1665872,51,51,8,8;2;11;12,2;11;12,"{""2"": 11, ""11"": 11, ""12"": 11}","{""2"": 1708, ""8"": 13738, ""11"": 1356, ""12"": 1933}",79952,4.4467185761957735,10,40.0,60.0,,,,,2.0,2.0,1,1,"{""8"": 13738}",,2,ns3,899,0.5,10,12,28,,,[],[],,2;11;12,30,48,
2026_07_29_02_32_08,000078,9,all-cavs,docs\doc_workspace\SGCP\artifacts\early_from_late_checkpoint_20260719\enable_coperception_early_from_attentive.yaml,selective_edgecooper_global_pmax,full-frame,grid,,,,,,,singleton,20,60.0,1078800,1078800,1665872,51,51,9,9;11;13,11;13,"{""11"": 11, ""13"": 10}","{""9"": 13821, ""11"": 1918, ""13"": 1015}",46928,2.6100111234705228,10,40.0,60.0,,,,,2.0,2.0,1,1,"{""9"": 13821}",,2,ns3,899,0.5,10,12,28,,,[],[],,11;13,28,53,
2026_07_29_02_32_08,000078,10,all-cavs,docs\doc_workspace\SGCP\artifacts\early_from_late_checkpoint_20260719\enable_coperception_early_from_attentive.yaml,selective_edgecooper_global_pmax,full-frame,grid,,,,,,,singleton,20,60.0,1078800,1078800,1665872,51,51,10,10;8;16;19,8;16;19,"{""8"": 11, ""16"": 11, ""19"": 11}","{""8"": 1374, ""10"": 13996, ""16"": 2017, ""19"": 786}",66832,3.7170189098998887,10,40.0,60.0,,,,,2.0,2.0,1,1,"{""10"": 13996}",,2,ns3,899,0.5,10,12,28,,,[],[],,8;16;19,30,70,
2026_07_29_02_32_08,000078,11,all-cavs,docs\doc_workspace\SGCP\artifacts\early_from_late_checkpoint_20260719\enable_coperception_early_from_attentive.yaml,selective_edgecooper_global_pmax,full-frame,grid,,,,,,,singleton,20,60.0,1078800,1078800,1665872,51,51,11,11;1;2;10,1;2;10,"{""1"": 11, ""2"": 11, ""10"": 10}","{""1"": 816, ""2"": 911, ""10"": 1491, ""11"": 13862}",51488,2.863626251390434,10,40.0,60.0,,,,,2.0,2.0,1,1,"{""11"": 13862}",,2,ns3,899,0.5,10,12,28,,,[],[],,1;2;10,31,69,
2026_07_29_02_32_08,000078,12,all-cavs,docs\doc_workspace\SGCP\artifacts\early_from_late_checkpoint_20260719\enable_coperception_early_from_attentive.yaml,selective_edgecooper_global_pmax,full-frame,grid,,,,,,,singleton,20,60.0,1078800,1078800,1665872,51,51,12,12;4;7;8,4;7;8,"{""4"": 10, ""7"": 11, ""8"": 11}","{""4"": 797, ""7"": 1735, ""8"": 1415, ""12"": 13942}",63152,3.5123470522803113,10,40.0,60.0,,,,,2.0,2.0,1,1,"{""12"": 13942}",,2,ns3,899,0.5,10,12,28,,,[],[],,4;7;8,29,55,
2026_07_29_02_32_08,000078,13,all-cavs,docs\doc_workspace\SGCP\artifacts\early_from_late_checkpoint_20260719\enable_coperception_early_from_attentive.yaml,selective_edgecooper_global_pmax,full-frame,grid,,,,,,,singleton,20,60.0,1078800,1078800,1665872,51,51,13,13;5;9;19,5;9;19,"{""5"": 11, ""9"": 11, ""19"": 10}","{""5"": 1567, ""9"": 782, ""13"": 13583, ""19"": 599}",47168,2.6233592880978867,10,40.0,60.0,,,,,2.0,2.0,1,1,"{""13"": 13583}",,2,ns3,899,0.5,10,12,28,,,[],[],,5;9;19,18,55,
2026_07_29_02_32_08,000078,14,all-cavs,docs\doc_workspace\SGCP\artifacts\early_from_late_checkpoint_20260719\enable_coperception_early_from_attentive.yaml,selective_edgecooper_global_pmax,full-frame,grid,,,,,,,singleton,20,60.0,1078800,1078800,1665872,51,51,14,14,,{},"{""14"": 14292}",0,0.0,10,40.0,60.0,,,,,2.0,2.0,0,,{},,2,ns3,899,0.5,10,12,28,,,[],[],,,5,8,
2026_07_29_02_32_08,000078,15,all-cavs,docs\doc_workspace\SGCP\artifacts\early_from_late_checkpoint_20260719\enable_coperception_early_from_attentive.yaml,selective_edgecooper_global_pmax,full-frame,grid,,,,,,,singleton,20,60.0,1078800,1078800,1665872,51,51,15,15;6,6,"{""6"": 11}","{""6"": 1632, ""15"": 13505}",26112,1.4522803114571747,10,40.0,60.0,,,,,2.0,2.0,1,1,"{""15"": 13505}",,2,ns3,899,0.5,10,12,28,,,[],[],,6,18,62,
2026_07_29_02_32_08,000078,16,all-cavs,docs\doc_workspace\SGCP\artifacts\early_from_late_checkpoint_20260719\enable_coperception_early_from_attentive.yaml,selective_edgecooper_global_pmax,full-frame,grid,,,,,,,singleton,20,60.0,1078800,1078800,1665872,51,51,16,16;10;17;20,10;17;20,"{""10"": 11, ""17"": 11, ""20"": 9}","{""10"": 2007, ""16"": 13902, ""17"": 1785, ""20"": 455}",67952,3.779310344827586,10,40.0,60.0,,,,,2.0,2.0,1,1,"{""16"": 13902}",,2,ns3,899,0.5,10,12,28,,,[],[],,10;17;20,33,69,
2026_07_29_02_32_08,000078,17,all-cavs,docs\doc_workspace\SGCP\artifacts\early_from_late_checkpoint_20260719\enable_coperception_early_from_attentive.yaml,selective_edgecooper_global_pmax,full-frame,grid,,,,,,,singleton,20,60.0,1078800,1078800,1665872,51,51,17,17;3;16;18,3;16;18,"{""3"": 11, ""16"": 10, ""18"": 11}","{""3"": 896, ""16"": 1686, ""17"": 14122, ""18"": 1712}",68704,3.821134593993326,10,40.0,60.0,,,,,2.0,2.0,1,1,"{""17"": 14122}",,2,ns3,899,0.5,10,12,28,,,[],[],,3;16;18,25,65,
2026_07_29_02_32_08,000078,18,all-cavs,docs\doc_workspace\SGCP\artifacts\early_from_late_checkpoint_20260719\enable_coperception_early_from_attentive.yaml,selective_edgecooper_global_pmax,full-frame,grid,,,,,,,singleton,20,60.0,1078800,1078800,1665872,51,51,18,18;3;17,3;17,"{""3"": 11, ""17"": 11}","{""3"": 1508, ""17"": 1819, ""18"": 14179}",53232,2.960622914349277,10,40.0,60.0,,,,,2.0,2.0,1,1,"{""18"": 14179}",,2,ns3,899,0.5,10,12,28,,,[],[],,3;17,16,44,
2026_07_29_02_32_08,000078,19,all-cavs,docs\doc_workspace\SGCP\artifacts\early_from_late_checkpoint_20260719\enable_coperception_early_from_attentive.yaml,selective_edgecooper_global_pmax,full-frame,grid,,,,,,,singleton,20,60.0,1078800,1078800,1665872,51,51,19,19;9;13;20,9;13;20,"{""9"": 10, ""13"": 11, ""20"": 11}","{""9"": 744, ""13"": 966, ""19"": 13702, ""20"": 2066}",60416,3.360177975528365,10,40.0,60.0,,,,,2.0,2.0,1,1,"{""19"": 13702}",,2,ns3,899,0.5,10,12,28,,,[],[],,9;13;20,21,53,
2026_07_29_02_32_08,000078,20,all-cavs,docs\doc_workspace\SGCP\artifacts\early_from_late_checkpoint_20260719\enable_coperception_early_from_attentive.yaml,selective_edgecooper_global_pmax,full-frame,grid,,,,,,,singleton,20,60.0,1078800,1078800,1665872,51,51,20,20;5;7;9,5;7;9,"{""5"": 10, ""7"": 10, ""9"": 11}","{""5"": 754, ""7"": 1282, ""9"": 1410, ""20"": 13917}",55136,3.0665183537263627,10,40.0,60.0,,,,,2.0,2.0,1,1,"{""20"": 13917}",,2,ns3,899,0.5,10,12,28,,,[],[],,5;7;9,29,61,
2026_07_29_02_32_08,000080,1,all-cavs,docs\doc_workspace\SGCP\artifacts\early_from_late_checkpoint_20260719\enable_coperception_early_from_attentive.yaml,selective_edgecooper_global_pmax,full-frame,grid,,,,,,,singleton,20,60.0,1078800,1078800,1578912,49,49,1,1;2;4;8,2;4;8,"{""2"": 12, ""4"": 12, ""8"": 10}","{""1"": 13978, ""2"": 1488, ""4"": 1994, ""8"": 853}",69360,3.85761957730812,10,40.0,60.0,,,,,2.0,2.0,1,1,"{""1"": 13978}",,2,ns3,899,0.5,10,12,28,,,[],[],,2;4;8,35,71,
2026_07_29_02_32_08,000080,2,all-cavs,docs\doc_workspace\SGCP\artifacts\early_from_late_checkpoint_20260719\enable_coperception_early_from_attentive.yaml,selective_edgecooper_global_pmax,full-frame,grid,,,,,,,singleton,20,60.0,1078800,1078800,1578912,49,49,2,2;1;11,1;11,"{""1"": 11, ""11"": 12}","{""1"": 674, ""2"": 13848, ""11"": 999}",26768,1.488765294771969,10,40.0,60.0,,,,,2.0,2.0,1,1,"{""2"": 13848}",,2,ns3,899,0.5,10,12,28,,,[],[],,1;11,24,71,
2026_07_29_02_32_08,000080,3,all-cavs,docs\doc_workspace\SGCP\artifacts\early_from_late_checkpoint_20260719\enable_coperception_early_from_attentive.yaml,selective_edgecooper_global_pmax,full-frame,grid,,,,,,,singleton,20,60.0,1078800,1078800,1578912,49,49,3,3;16;17;18,16;17;18,"{""16"": 11, ""17"": 12, ""18"": 12}","{""3"": 14029, ""16"": 1764, ""17"": 968, ""18"": 1804}",72576,4.036484983314794,10,40.0,60.0,,,,,2.0,2.0,1,1,"{""3"": 14029}",,2,ns3,899,0.5,10,12,28,,,[],[],,16;17;18,24,64,
2026_07_29_02_32_08,000080,4,all-cavs,docs\doc_workspace\SGCP\artifacts\early_from_late_checkpoint_20260719\enable_coperception_early_from_attentive.yaml,selective_edgecooper_global_pmax,full-frame,grid,,,,,,,singleton,20,60.0,1078800,1078800,1578912,49,49,4,4;1;7;12,1;7;12,"{""1"": 12, ""7"": 12, ""12"": 12}","{""1"": 2030, ""4"": 13748, ""7"": 1650, ""12"": 1191}",77936,4.334593993325917,10,40.0,60.0,,,,,2.0,2.0,1,1,"{""4"": 13748}",,2,ns3,899,0.5,10,12,28,,,[],[],,1;7;12,31,71,
2026_07_29_02_32_08,000080,5,all-cavs,docs\doc_workspace\SGCP\artifacts\early_from_late_checkpoint_20260719\enable_coperception_early_from_attentive.yaml,selective_edgecooper_global_pmax,full-frame,grid,,,,,,,singleton,20,60.0,1078800,1078800,1578912,49,49,5,5;13;19;20,13;19;20,"{""13"": 12, ""19"": 11, ""20"": 12}","{""5"": 13962, ""13"": 1810, ""19"": 1137, ""20"": 1232}",66864,3.718798665183537,10,40.0,60.0,,,,,2.0,2.0,1,1,"{""5"": 13962}",,2,ns3,899,0.5,10,12,28,,,[],[],,13;19;20,24,47,
2026_07_29_02_32_08,000080,6,all-cavs,docs\doc_workspace\SGCP\artifacts\early_from_late_checkpoint_20260719\enable_coperception_early_from_attentive.yaml,selective_edgecooper_global_pmax,full-frame,grid,,,,,,,singleton,20,60.0,1078800,1078800,1578912,49,49,6,6;15,15,"{""15"": 12}","{""6"": 13205, ""15"": 1316}",21056,1.171078976640712,10,40.0,60.0,,,,,2.0,2.0,1,1,"{""6"": 13205}",,2,ns3,899,0.5,10,12,28,,,[],[],,15,15,51,
2026_07_29_02_32_08,000080,7,all-cavs,docs\doc_workspace\SGCP\artifacts\early_from_late_checkpoint_20260719\enable_coperception_early_from_attentive.yaml,selective_edgecooper_global_pmax,full-frame,grid,,,,,,,singleton,20,60.0,1078800,1078800,1578912,49,49,7,7;4;12;20,4;12;20,"{""4"": 12, ""12"": 12, ""20"": 12}","{""4"": 1239, ""7"": 13974, ""12"": 1558, ""20"": 1176}",63568,3.5354838709677416,10,40.0,60.0,,,,,2.0,2.0,1,1,"{""7"": 13974}",,2,ns3,899,0.5,10,12,28,,,[],[],,4;12;20,30,49,
2026_07_29_02_32_08,000080,8,all-cavs,docs\doc_workspace\SGCP\artifacts\early_from_late_checkpoint_20260719\enable_coperception_early_from_attentive.yaml,selective_edgecooper_global_pmax,full-frame,grid,,,,,,,singleton,20,60.0,1078800,1078800,1578912,49,49,8,8;2;11;12,2;11;12,"{""2"": 12, ""11"": 11, ""12"": 12}","{""2"": 1783, ""8"": 13737, ""11"": 1454, ""12"": 2064}",84816,4.7172413793103445,10,40.0,60.0,,,,,2.0,2.0,1,1,"{""8"": 13737}",,2,ns3,899,0.5,10,12,28,,,[],[],,2;11;12,28,48,
2026_07_29_02_32_08,000080,9,all-cavs,docs\doc_workspace\SGCP\artifacts\early_from_late_checkpoint_20260719\enable_coperception_early_from_attentive.yaml,selective_edgecooper_global_pmax,full-frame,grid,,,,,,,singleton,20,60.0,1078800,1078800,1578912,49,49,9,9;5;11;13,5;11;13,"{""5"": 12, ""11"": 12, ""13"": 10}","{""5"": 1505, ""9"": 13820, ""11"": 2099, ""13"": 1040}",74304,4.132591768631813,10,40.0,60.0,,,,,2.0,2.0,1,1,"{""9"": 13820}",,2,ns3,899,0.5,10,12,28,,,[],[],,5;11;13,30,53,
2026_07_29_02_32_08,000080,10,all-cavs,docs\doc_workspace\SGCP\artifacts\early_from_late_checkpoint_20260719\enable_coperception_early_from_attentive.yaml,selective_edgecooper_global_pmax,full-frame,grid,,,,,,,singleton,20,60.0,1078800,1078800,1578912,49,49,10,10;8;16;19,8;16;19,"{""8"": 12, ""16"": 12, ""19"": 12}","{""8"": 1450, ""10"": 13976, ""16"": 2217, ""19"": 825}",71872,3.9973303670745275,10,40.0,60.0,,,,,2.0,2.0,1,1,"{""10"": 13976}",,2,ns3,899,0.5,10,12,28,,,[],[],,8;16;19,35,70,
2026_07_29_02_32_08,000080,11,all-cavs,docs\doc_workspace\SGCP\artifacts\early_from_late_checkpoint_20260719\enable_coperception_early_from_attentive.yaml,selective_edgecooper_global_pmax,full-frame,grid,,,,,,,singleton,20,60.0,1078800,1078800,1578912,49,49,11,11;1;2;10,1;2;10,"{""1"": 12, ""2"": 11, ""10"": 12}","{""1"": 839, ""2"": 929, ""10"": 1753, ""11"": 13866}",56336,3.1332591768631812,10,40.0,60.0,,,,,2.0,2.0,1,1,"{""11"": 13866}",,2,ns3,899,0.5,10,12,28,,,[],[],,1;2;10,30,68,
2026_07_29_02_32_08,000080,12,all-cavs,docs\doc_workspace\SGCP\artifacts\early_from_late_checkpoint_20260719\enable_coperception_early_from_attentive.yaml,selective_edgecooper_global_pmax,full-frame,grid,,,,,,,singleton,20,60.0,1078800,1078800,1578912,49,49,12,12;4;7;8,4;7;8,"{""4"": 11, ""7"": 12, ""8"": 12}","{""4"": 832, ""7"": 1866, ""8"": 1478, ""12"": 13953}",66816,3.7161290322580647,10,40.0,60.0,,,,,2.0,2.0,1,1,"{""12"": 13953}",,2,ns3,899,0.5,10,12,28,,,[],[],,4;7;8,29,55,
2026_07_29_02_32_08,000080,13,all-cavs,docs\doc_workspace\SGCP\artifacts\early_from_late_checkpoint_20260719\enable_coperception_early_from_attentive.yaml,selective_edgecooper_global_pmax,full-frame,grid,,,,,,,singleton,20,60.0,1078800,1078800,1578912,49,49,13,13;5;9;19,5;9;19,"{""5"": 12, ""9"": 12, ""19"": 11}","{""5"": 1656, ""9"": 896, ""13"": 13628, ""19"": 521}",49168,2.734593993325918,10,40.0,60.0,,,,,2.0,2.0,1,1,"{""13"": 13628}",,2,ns3,899,0.5,10,12,28,,,[],[],,5;9;19,18,55,
2026_07_29_02_32_08,000080,14,all-cavs,docs\doc_workspace\SGCP\artifacts\early_from_late_checkpoint_20260719\enable_coperception_early_from_attentive.yaml,selective_edgecooper_global_pmax,full-frame,grid,,,,,,,singleton,20,60.0,1078800,1078800,1578912,49,49,14,14,,{},"{""14"": 14250}",0,0.0,10,40.0,60.0,,,,,2.0,2.0,0,,{},,2,ns3,899,0.5,10,12,28,,,[],[],,,3,8,
2026_07_29_02_32_08,000080,15,all-cavs,docs\doc_workspace\SGCP\artifacts\early_from_late_checkpoint_20260719\enable_coperception_early_from_attentive.yaml,selective_edgecooper_global_pmax,full-frame,grid,,,,,,,singleton,20,60.0,1078800,1078800,1578912,49,49,15,15;6,6,"{""6"": 12}","{""6"": 1755, ""15"": 13527}",28080,1.5617352614015574,10,40.0,60.0,,,,,2.0,2.0,1,1,"{""15"": 13527}",,2,ns3,899,0.5,10,12,28,,,[],[],,6,17,62,
2026_07_29_02_32_08,000080,16,all-cavs,docs\doc_workspace\SGCP\artifacts\early_from_late_checkpoint_20260719\enable_coperception_early_from_attentive.yaml,selective_edgecooper_global_pmax,full-frame,grid,,,,,,,singleton,20,60.0,1078800,1078800,1578912,49,49,16,16;10;17;20,10;17;20,"{""10"": 12, ""17"": 12, ""20"": 11}","{""10"": 2179, ""16"": 13918, ""17"": 1909, ""20"": 481}",73104,4.0658509454949945,10,40.0,60.0,,,,,2.0,2.0,1,1,"{""16"": 13918}",,2,ns3,899,0.5,10,12,28,,,[],[],,10;17;20,32,69,
2026_07_29_02_32_08,000080,17,all-cavs,docs\doc_workspace\SGCP\artifacts\early_from_late_checkpoint_20260719\enable_coperception_early_from_attentive.yaml,selective_edgecooper_global_pmax,full-frame,grid,,,,,,,singleton,20,60.0,1078800,1078800,1578912,49,49,17,17;3;16,3;16,"{""3"": 12, ""16"": 12}","{""3"": 983, ""16"": 1777, ""17"": 14129}",44160,2.4560622914349275,10,40.0,60.0,,,,,2.0,2.0,1,1,"{""17"": 14129}",,2,ns3,899,0.5,10,12,28,,,[],[],,3;16,23,65,
2026_07_29_02_32_08,000080,18,all-cavs,docs\doc_workspace\SGCP\artifacts\early_from_late_checkpoint_20260719\enable_coperception_early_from_attentive.yaml,selective_edgecooper_global_pmax,full-frame,grid,,,,,,,singleton,20,60.0,1078800,1078800,1578912,49,49,18,18;3,3,"{""3"": 12}","{""3"": 1790, ""18"": 14175}",28640,1.592880978865406,10,40.0,60.0,,,,,2.0,2.0,1,1,"{""18"": 14175}",,2,ns3,899,0.5,10,12,28,,,[],[],,3,16,43,
2026_07_29_02_32_08,000080,19,all-cavs,docs\doc_workspace\SGCP\artifacts\early_from_late_checkpoint_20260719\enable_coperception_early_from_attentive.yaml,selective_edgecooper_global_pmax,full-frame,grid,,,,,,,singleton,20,60.0,1078800,1078800,1578912,49,49,19,19;9;10;13,9;10;13,"{""9"": 11, ""10"": 11, ""13"": 12}","{""9"": 561, ""10"": 1113, ""13"": 1153, ""19"": 13698}",45232,2.5156840934371525,10,40.0,60.0,,,,,2.0,2.0,1,1,"{""19"": 13698}",,2,ns3,899,0.5,10,12,28,,,[],[],,9;10;13,20,55,
2026_07_29_02_32_08,000080,20,all-cavs,docs\doc_workspace\SGCP\artifacts\early_from_late_checkpoint_20260719\enable_coperception_early_from_attentive.yaml,selective_edgecooper_global_pmax,full-frame,grid,,,,,,,singleton,20,60.0,1078800,1078800,1578912,49,49,20,20;5;7;9,5;7;9,"{""5"": 11, ""7"": 11, ""9"": 12}","{""5"": 781, ""7"": 1372, ""9"": 1481, ""20"": 13916}",58144,3.2338153503893214,10,40.0,60.0,,,,,2.0,2.0,1,1,"{""20"": 13916}",,2,ns3,899,0.5,10,12,28,,,[],[],,5;7;9,30,60,
2026_07_29_02_32_08,000082,1,all-cavs,docs\doc_workspace\SGCP\artifacts\early_from_late_checkpoint_20260719\enable_coperception_early_from_attentive.yaml,selective_edgecooper_global_pmax,full-frame,grid,,,,,,,singleton,20,60.0,1078800,1078800,1597664,48,48,1,1;2;4;8,2;4;8,"{""2"": 11, ""4"": 12, ""8"": 10}","{""1"": 13971, ""2"": 1303, ""4"": 1967, ""8"": 863}",66128,3.6778642936596215,10,40.0,60.0,,,,,2.0,2.0,1,1,"{""1"": 13971}",,2,ns3,899,0.5,10,12,28,,,[],[],,2;4;8,36,71,
2026_07_29_02_32_08,000082,2,all-cavs,docs\doc_workspace\SGCP\artifacts\early_from_late_checkpoint_20260719\enable_coperception_early_from_attentive.yaml,selective_edgecooper_global_pmax,full-frame,grid,,,,,,,singleton,20,60.0,1078800,1078800,1597664,48,48,2,2;1;10;11,1;10;11,"{""1"": 12, ""10"": 12, ""11"": 9}","{""1"": 696, ""2"": 13847, ""10"": 1958, ""11"": 646}",52800,2.9365962180200222,10,40.0,60.0,,,,,2.0,2.0,1,1,"{""2"": 13847}",,2,ns3,899,0.5,10,12,28,,,[],[],,1;10;11,28,71,
2026_07_29_02_32_08,000082,3,all-cavs,docs\doc_workspace\SGCP\artifacts\early_from_late_checkpoint_20260719\enable_coperception_early_from_attentive.yaml,selective_edgecooper_global_pmax,full-frame,grid,,,,,,,singleton,20,60.0,1078800,1078800,1597664,48,48,3,3;16;17;18,16;17;18,"{""16"": 12, ""17"": 12, ""18"": 12}","{""3"": 14024, ""16"": 1929, ""17"": 970, ""18"": 1744}",74288,4.131701890989989,10,40.0,60.0,,,,,2.0,2.0,1,1,"{""3"": 14024}",,2,ns3,899,0.5,10,12,28,,,[],[],,16;17;18,23,64,
2026_07_29_02_32_08,000082,4,all-cavs,docs\doc_workspace\SGCP\artifacts\early_from_late_checkpoint_20260719\enable_coperception_early_from_attentive.yaml,selective_edgecooper_global_pmax,full-frame,grid,,,,,,,singleton,20,60.0,1078800,1078800,1597664,48,48,4,4;1;7;12,1;7;12,"{""1"": 12, ""7"": 12, ""12"": 12}","{""1"": 2020, ""4"": 13746, ""7"": 1634, ""12"": 1196}",77600,4.3159065628476085,10,40.0,60.0,,,,,2.0,2.0,1,1,"{""4"": 13746}",,2,ns3,899,0.5,10,12,28,,,[],[],,1;7;12,33,71,
2026_07_29_02_32_08,000082,5,all-cavs,docs\doc_workspace\SGCP\artifacts\early_from_late_checkpoint_20260719\enable_coperception_early_from_attentive.yaml,selective_edgecooper_global_pmax,full-frame,grid,,,,,,,singleton,20,60.0,1078800,1078800,1597664,48,48,5,5;13;19;20,13;19;20,"{""13"": 12, ""19"": 11, ""20"": 12}","{""5"": 13982, ""13"": 1836, ""19"": 1124, ""20"": 1210}",66720,3.710789766407119,10,40.0,60.0,,,,,2.0,2.0,1,1,"{""5"": 13982}",,2,ns3,899,0.5,10,12,28,,,[],[],,13;19;20,27,47,
2026_07_29_02_32_08,000082,6,all-cavs,docs\doc_workspace\SGCP\artifacts\early_from_late_checkpoint_20260719\enable_coperception_early_from_attentive.yaml,selective_edgecooper_global_pmax,full-frame,grid,,,,,,,singleton,20,60.0,1078800,1078800,1597664,48,48,6,6;15,15,"{""15"": 12}","{""6"": 13207, ""15"": 1348}",21568,1.1995550611790877,10,40.0,60.0,,,,,2.0,2.0,1,1,"{""6"": 13207}",,2,ns3,899,0.5,10,12,28,,,[],[],,15,15,51,
2026_07_29_02_32_08,000082,7,all-cavs,docs\doc_workspace\SGCP\artifacts\early_from_late_checkpoint_20260719\enable_coperception_early_from_attentive.yaml,selective_edgecooper_global_pmax,full-frame,grid,,,,,,,singleton,20,60.0,1078800,1078800,1597664,48,48,7,7;4;5;12,4;5;12,"{""4"": 11, ""5"": 12, ""12"": 12}","{""4"": 1238, ""5"": 1149, ""7"": 13990, ""12"": 1570}",63312,3.5212458286985537,10,40.0,60.0,,,,,2.0,2.0,1,1,"{""7"": 13990}",,2,ns3,899,0.5,10,12,28,,,[],[],,4;5;12,33,49,
2026_07_29_02_32_08,000082,8,all-cavs,docs\doc_workspace\SGCP\artifacts\early_from_late_checkpoint_20260719\enable_coperception_early_from_attentive.yaml,selective_edgecooper_global_pmax,full-frame,grid,,,,,,,singleton,20,60.0,1078800,1078800,1597664,48,48,8,8;2;11;12,2;11;12,"{""2"": 12, ""11"": 11, ""12"": 12}","{""2"": 1779, ""8"": 13735, ""11"": 1455, ""12"": 2062}",84736,4.7127919911012235,10,40.0,60.0,,,,,2.0,2.0,1,1,"{""8"": 13735}",,2,ns3,899,0.5,10,12,28,,,[],[],,2;11;12,29,48,
2026_07_29_02_32_08,000082,9,all-cavs,docs\doc_workspace\SGCP\artifacts\early_from_late_checkpoint_20260719\enable_coperception_early_from_attentive.yaml,selective_edgecooper_global_pmax,full-frame,grid,,,,,,,singleton,20,60.0,1078800,1078800,1597664,48,48,9,9;11;13,11;13,"{""11"": 12, ""13"": 12}","{""9"": 13820, ""11"": 2093, ""13"": 1119}",51392,2.8582869855394883,10,40.0,60.0,,,,,2.0,2.0,1,1,"{""9"": 13820}",,2,ns3,899,0.5,10,12,28,,,[],[],,11;13,28,53,
2026_07_29_02_32_08,000082,10,all-cavs,docs\doc_workspace\SGCP\artifacts\early_from_late_checkpoint_20260719\enable_coperception_early_from_attentive.yaml,selective_edgecooper_global_pmax,full-frame,grid,,,,,,,singleton,20,60.0,1078800,1078800,1597664,48,48,10,10;8;16;19,8;16;19,"{""8"": 12, ""16"": 11, ""19"": 12}","{""8"": 1454, ""10"": 13992, ""16"": 2113, ""19"": 822}",70224,3.9056729699666293,10,40.0,60.0,,,,,2.0,2.0,1,1,"{""10"": 13992}",,2,ns3,899,0.5,10,12,28,,,[],[],,8;16;19,35,69,
2026_07_29_02_32_08,000082,11,all-cavs,docs\doc_workspace\SGCP\artifacts\early_from_late_checkpoint_20260719\enable_coperception_early_from_attentive.yaml,selective_edgecooper_global_pmax,full-frame,grid,,,,,,,singleton,20,60.0,1078800,1078800,1597664,48,48,11,11;1;8;10,1;8;10,"{""1"": 12, ""8"": 12, ""10"": 12}","{""1"": 792, ""8"": 967, ""10"": 1679, ""11"": 13864}",55008,3.0593993325917688,10,40.0,60.0,,,,,2.0,2.0,1,1,"{""11"": 13864}",,2,ns3,899,0.5,10,12,28,,,[],[],,1;8;10,31,69,
2026_07_29_02_32_08,000082,12,all-cavs,docs\doc_workspace\SGCP\artifacts\early_from_late_checkpoint_20260719\enable_coperception_early_from_attentive.yaml,selective_edgecooper_global_pmax,full-frame,grid,,,,,,,singleton,20,60.0,1078800,1078800,1597664,48,48,12,12;4;7,4;7,"{""4"": 11, ""7"": 12}","{""4"": 1098, ""7"": 1850, ""12"": 13970}",47168,2.6233592880978867,10,40.0,60.0,,,,,2.0,2.0,1,1,"{""12"": 13970}",,2,ns3,899,0.5,10,12,28,,,[],[],,4;7,24,54,
2026_07_29_02_32_08,000082,13,all-cavs,docs\doc_workspace\SGCP\artifacts\early_from_late_checkpoint_20260719\enable_coperception_early_from_attentive.yaml,selective_edgecooper_global_pmax,full-frame,grid,,,,,,,singleton,20,60.0,1078800,1078800,1597664,48,48,13,13;5;9;19,5;9;19,"{""5"": 12, ""9"": 12, ""19"": 11}","{""5"": 1664, ""9"": 810, ""13"": 13604, ""19"": 652}",50016,2.781757508342603,10,40.0,60.0,,,,,2.0,2.0,1,1,"{""13"": 13604}",,2,ns3,899,0.5,10,12,28,,,[],[],,5;9;19,21,56,
2026_07_29_02_32_08,000082,14,all-cavs,docs\doc_workspace\SGCP\artifacts\early_from_late_checkpoint_20260719\enable_coperception_early_from_attentive.yaml,selective_edgecooper_global_pmax,full-frame,grid,,,,,,,singleton,20,60.0,1078800,1078800,1597664,48,48,14,14,,{},"{""14"": 14197}",0,0.0,10,40.0,60.0,,,,,2.0,2.0,0,,{},,2,ns3,899,0.5,10,12,28,,,[],[],,,4,8,
2026_07_29_02_32_08,000082,15,all-cavs,docs\doc_workspace\SGCP\artifacts\early_from_late_checkpoint_20260719\enable_coperception_early_from_attentive.yaml,selective_edgecooper_global_pmax,full-frame,grid,,,,,,,singleton,20,60.0,1078800,1078800,1597664,48,48,15,15;6,6,"{""6"": 12}","{""6"": 1777, ""15"": 13530}",28432,1.5813125695216907,10,40.0,60.0,,,,,2.0,2.0,1,1,"{""15"": 13530}",,2,ns3,899,0.5,10,12,28,,,[],[],,6,18,62,
2026_07_29_02_32_08,000082,16,all-cavs,docs\doc_workspace\SGCP\artifacts\early_from_late_checkpoint_20260719\enable_coperception_early_from_attentive.yaml,selective_edgecooper_global_pmax,full-frame,grid,,,,,,,singleton,20,60.0,1078800,1078800,1597664,48,48,16,16;10;17;20,10;17;20,"{""10"": 12, ""17"": 12, ""20"": 12}","{""10"": 2200, ""16"": 13943, ""17"": 1845, ""20"": 524}",73104,4.0658509454949945,10,40.0,60.0,,,,,2.0,2.0,1,1,"{""16"": 13943}",,2,ns3,899,0.5,10,12,28,,,[],[],,10;17;20,36,70,
2026_07_29_02_32_08,000082,17,all-cavs,docs\doc_workspace\SGCP\artifacts\early_from_late_checkpoint_20260719\enable_coperception_early_from_attentive.yaml,selective_edgecooper_global_pmax,full-frame,grid,,,,,,,singleton,20,60.0,1078800,1078800,1597664,48,48,17,17;3;16,3;16,"{""3"": 11, ""16"": 11}","{""3"": 950, ""16"": 1701, ""17"": 14138}",42416,2.3590656284760847,10,40.0,60.0,,,,,2.0,2.0,1,1,"{""17"": 14138}",,2,ns3,899,0.5,10,12,28,,,[],[],,3;16,24,65,
2026_07_29_02_32_08,000082,18,all-cavs,docs\doc_workspace\SGCP\artifacts\early_from_late_checkpoint_20260719\enable_coperception_early_from_attentive.yaml,selective_edgecooper_global_pmax,full-frame,grid,,,,,,,singleton,20,60.0,1078800,1078800,1597664,48,48,18,18;3,3,"{""3"": 12}","{""3"": 1829, ""18"": 14147}",29264,1.6275862068965516,10,40.0,60.0,,,,,2.0,2.0,1,1,"{""18"": 14147}",,2,ns3,899,0.5,10,12,28,,,[],[],,3,16,43,
2026_07_29_02_32_08,000082,19,all-cavs,docs\doc_workspace\SGCP\artifacts\early_from_late_checkpoint_20260719\enable_coperception_early_from_attentive.yaml,selective_edgecooper_global_pmax,full-frame,grid,,,,,,,singleton,20,60.0,1078800,1078800,1597664,48,48,19,19;9;13;20,9;13;20,"{""9"": 12, ""13"": 12, ""20"": 12}","{""9"": 839, ""13"": 1106, ""19"": 13698, ""20"": 2209}",66464,3.6965517241379313,10,40.0,60.0,,,,,2.0,2.0,1,1,"{""19"": 13698}",,2,ns3,899,0.5,10,12,28,,,[],[],,9;13;20,25,55,
2026_07_29_02_32_08,000082,20,all-cavs,docs\doc_workspace\SGCP\artifacts\early_from_late_checkpoint_20260719\enable_coperception_early_from_attentive.yaml,selective_edgecooper_global_pmax,full-frame,grid,,,,,,,singleton,20,60.0,1078800,1078800,1597664,48,48,20,20;5;7;9,5;7;9,"{""5"": 11, ""7"": 11, ""9"": 12}","{""5"": 791, ""7"": 1371, ""9"": 1473, ""20"": 13917}",58160,3.2347052280311455,10,40.0,60.0,,,,,2.0,2.0,1,1,"{""20"": 13917}",,2,ns3,899,0.5,10,12,28,,,[],[],,5;7;9,30,60,
2026_07_29_02_32_08,000084,1,all-cavs,docs\doc_workspace\SGCP\artifacts\early_from_late_checkpoint_20260719\enable_coperception_early_from_attentive.yaml,selective_edgecooper_global_pmax,full-frame,grid,,,,,,,singleton,20,60.0,1078800,1078800,1573568,48,48,1,1;2;4;8,2;4;8,"{""2"": 12, ""4"": 12, ""8"": 11}","{""1"": 13971, ""2"": 1384, ""4"": 1988, ""8"": 878}",68000,3.781979977753059,10,40.0,60.0,,,,,2.0,2.0,1,1,"{""1"": 13971}",,2,ns3,899,0.5,10,12,28,,,[],[],,2;4;8,35,71,
2026_07_29_02_32_08,000084,2,all-cavs,docs\doc_workspace\SGCP\artifacts\early_from_late_checkpoint_20260719\enable_coperception_early_from_attentive.yaml,selective_edgecooper_global_pmax,full-frame,grid,,,,,,,singleton,20,60.0,1078800,1078800,1573568,48,48,2,2;1;10;11,1;10;11,"{""1"": 12, ""10"": 12, ""11"": 9}","{""1"": 695, ""2"": 13827, ""10"": 1954, ""11"": 660}",52944,2.9446051167964407,10,40.0,60.0,,,,,2.0,2.0,1,1,"{""2"": 13827}",,2,ns3,899,0.5,10,12,28,,,[],[],,1;10;11,31,71,
2026_07_29_02_32_08,000084,3,all-cavs,docs\doc_workspace\SGCP\artifacts\early_from_late_checkpoint_20260719\enable_coperception_early_from_attentive.yaml,selective_edgecooper_global_pmax,full-frame,grid,,,,,,,singleton,20,60.0,1078800,1078800,1573568,48,48,3,3;16;17;18,16;17;18,"{""16"": 12, ""17"": 12, ""18"": 13}","{""3"": 14039, ""16"": 1829, ""17"": 893, ""18"": 1813}",72560,4.03559510567297,10,40.0,60.0,,,,,2.0,2.0,1,1,"{""3"": 14039}",,2,ns3,899,0.5,10,12,28,,,[],[],,16;17;18,23,64,
2026_07_29_02_32_08,000084,4,all-cavs,docs\doc_workspace\SGCP\artifacts\early_from_late_checkpoint_20260719\enable_coperception_early_from_attentive.yaml,selective_edgecooper_global_pmax,full-frame,grid,,,,,,,singleton,20,60.0,1078800,1078800,1573568,48,48,4,4;1;7;12,1;7;12,"{""1"": 13, ""7"": 12, ""12"": 12}","{""1"": 2008, ""4"": 13751, ""7"": 1636, ""12"": 1099}",75888,4.220689655172413,10,40.0,60.0,,,,,2.0,2.0,1,1,"{""4"": 13751}",,2,ns3,899,0.5,10,12,28,,,[],[],,1;7;12,35,71,
2026_07_29_02_32_08,000084,5,all-cavs,docs\doc_workspace\SGCP\artifacts\early_from_late_checkpoint_20260719\enable_coperception_early_from_attentive.yaml,selective_edgecooper_global_pmax,full-frame,grid,,,,,,,singleton,20,60.0,1078800,1078800,1573568,48,48,5,5;7;13;20,7;13;20,"{""7"": 12, ""13"": 12, ""20"": 12}","{""5"": 13992, ""7"": 1693, ""13"": 1903, ""20"": 956}",72832,4.050723025583982,10,40.0,60.0,,,,,2.0,2.0,1,1,"{""5"": 13992}",,2,ns3,899,0.5,10,12,28,,,[],[],,7;13;20,26,47,
2026_07_29_02_32_08,000084,6,all-cavs,docs\doc_workspace\SGCP\artifacts\early_from_late_checkpoint_20260719\enable_coperception_early_from_attentive.yaml,selective_edgecooper_global_pmax,full-frame,grid,,,,,,,singleton,20,60.0,1078800,1078800,1573568,48,48,6,6;15,15,"{""15"": 12}","{""6"": 13227, ""15"": 1352}",21632,1.203114571746385,10,40.0,60.0,,,,,2.0,2.0,1,1,"{""6"": 13227}",,2,ns3,899,0.5,10,12,28,,,[],[],,15,16,51,
2026_07_29_02_32_08,000084,7,all-cavs,docs\doc_workspace\SGCP\artifacts\early_from_late_checkpoint_20260719\enable_coperception_early_from_attentive.yaml,selective_edgecooper_global_pmax,full-frame,grid,,,,,,,singleton,20,60.0,1078800,1078800,1573568,48,48,7,7;4;12,4;12,"{""4"": 12, ""12"": 12}","{""4"": 1295, ""7"": 13956, ""12"": 1538}",45328,2.521023359288098,10,40.0,60.0,,,,,2.0,2.0,1,1,"{""7"": 13956}",,2,ns3,899,0.5,10,12,28,,,[],[],,4;12,28,49,
2026_07_29_02_32_08,000084,8,all-cavs,docs\doc_workspace\SGCP\artifacts\early_from_late_checkpoint_20260719\enable_coperception_early_from_attentive.yaml,selective_edgecooper_global_pmax,full-frame,grid,,,,,,,singleton,20,60.0,1078800,1078800,1573568,48,48,8,8;2;11;12,2;11;12,"{""2"": 12, ""11"": 11, ""12"": 12}","{""2"": 1777, ""8"": 13732, ""11"": 1458, ""12"": 2059}",84704,4.7110122358175754,10,40.0,60.0,,,,,2.0,2.0,1,1,"{""8"": 13732}",,2,ns3,899,0.5,10,12,28,,,[],[],,2;11;12,28,48,
2026_07_29_02_32_08,000084,9,all-cavs,docs\doc_workspace\SGCP\artifacts\early_from_late_checkpoint_20260719\enable_coperception_early_from_attentive.yaml,selective_edgecooper_global_pmax,full-frame,grid,,,,,,,singleton,20,60.0,1078800,1078800,1573568,48,48,9,9;11;13;19,11;13;19,"{""11"": 12, ""13"": 11, ""19"": 11}","{""9"": 13819, ""11"": 2086, ""13"": 1011, ""19"": 596}",59088,3.286318131256952,10,40.0,60.0,,,,,2.0,2.0,1,1,"{""9"": 13819}",,2,ns3,899,0.5,10,12,28,,,[],[],,11;13;19,28,53,
2026_07_29_02_32_08,000084,10,all-cavs,docs\doc_workspace\SGCP\artifacts\early_from_late_checkpoint_20260719\enable_coperception_early_from_attentive.yaml,selective_edgecooper_global_pmax,full-frame,grid,,,,,,,singleton,20,60.0,1078800,1078800,1573568,48,48,10,10;8;19;20,8;19;20,"{""8"": 13, ""19"": 13, ""20"": 12}","{""8"": 1457, ""10"": 13992, ""19"": 857, ""20"": 2026}",69440,3.8620689655172415,10,40.0,60.0,,,,,2.0,2.0,1,1,"{""10"": 13992}",,2,ns3,899,0.5,10,12,28,,,[],[],,8;19;20,33,69,
2026_07_29_02_32_08,000084,11,all-cavs,docs\doc_workspace\SGCP\artifacts\early_from_late_checkpoint_20260719\enable_coperception_early_from_attentive.yaml,selective_edgecooper_global_pmax,full-frame,grid,,,,,,,singleton,20,60.0,1078800,1078800,1573568,48,48,11,11;1;8;10,1;8;10,"{""1"": 12, ""8"": 12, ""10"": 12}","{""1"": 806, ""8"": 962, ""10"": 1683, ""11"": 13867}",55216,3.0709677419354837,10,40.0,60.0,,,,,2.0,2.0,1,1,"{""11"": 13867}",,2,ns3,899,0.5,10,12,28,,,[],[],,1;8;10,30,69,
2026_07_29_02_32_08,000084,12,all-cavs,docs\doc_workspace\SGCP\artifacts\early_from_late_checkpoint_20260719\enable_coperception_early_from_attentive.yaml,selective_edgecooper_global_pmax,full-frame,grid,,,,,,,singleton,20,60.0,1078800,1078800,1573568,48,48,12,12;4;7,4;7,"{""4"": 12, ""7"": 13}","{""4"": 1154, ""7"": 1906, ""12"": 14013}",48960,2.7230255839822024,10,40.0,60.0,,,,,2.0,2.0,1,1,"{""12"": 14013}",,2,ns3,899,0.5,10,12,28,,,[],[],,4;7,24,53,
2026_07_29_02_32_08,000084,13,all-cavs,docs\doc_workspace\SGCP\artifacts\early_from_late_checkpoint_20260719\enable_coperception_early_from_attentive.yaml,selective_edgecooper_global_pmax,full-frame,grid,,,,,,,singleton,20,60.0,1078800,1078800,1573568,48,48,13,13;5;9;19,5;9;19,"{""5"": 13, ""9"": 13, ""19"": 12}","{""5"": 1738, ""9"": 810, ""13"": 13586, ""19"": 694}",51872,2.8849833147942157,10,40.0,60.0,,,,,2.0,2.0,1,1,"{""13"": 13586}",,2,ns3,899,0.5,10,12,28,,,[],[],,5;9;19,21,56,
2026_07_29_02_32_08,000084,14,all-cavs,docs\doc_workspace\SGCP\artifacts\early_from_late_checkpoint_20260719\enable_coperception_early_from_attentive.yaml,selective_edgecooper_global_pmax,full-frame,grid,,,,,,,singleton,20,60.0,1078800,1078800,1573568,48,48,14,14,,{},"{""14"": 14192}",0,0.0,10,40.0,60.0,,,,,2.0,2.0,0,,{},,2,ns3,899,0.5,10,12,28,,,[],[],,,4,8,
2026_07_29_02_32_08,000084,15,all-cavs,docs\doc_workspace\SGCP\artifacts\early_from_late_checkpoint_20260719\enable_coperception_early_from_attentive.yaml,selective_edgecooper_global_pmax,full-frame,grid,,,,,,,singleton,20,60.0,1078800,1078800,1573568,48,48,15,15;6,6,"{""6"": 13}","{""6"": 1893, ""15"": 13532}",30288,1.6845383759733037,10,40.0,60.0,,,,,2.0,2.0,1,1,"{""15"": 13532}",,2,ns3,899,0.5,10,12,28,,,[],[],,6,17,60,
2026_07_29_02_32_08,000084,16,all-cavs,docs\doc_workspace\SGCP\artifacts\early_from_late_checkpoint_20260719\enable_coperception_early_from_attentive.yaml,selective_edgecooper_global_pmax,full-frame,grid,,,,,,,singleton,20,60.0,1078800,1078800,1573568,48,48,16,16;5;9;17,5;9;17,"{""5"": 12, ""9"": 13, ""17"": 13}","{""5"": 744, ""9"": 2033, ""16"": 13981, ""17"": 1886}",74608,4.149499443826474,10,40.0,60.0,,,,,2.0,2.0,1,1,"{""16"": 13981}",,2,ns3,899,0.5,10,12,28,,,[],[],,5;9;17,32,71,
2026_07_29_02_32_08,000084,17,all-cavs,docs\doc_workspace\SGCP\artifacts\early_from_late_checkpoint_20260719\enable_coperception_early_from_attentive.yaml,selective_edgecooper_global_pmax,full-frame,grid,,,,,,,singleton,20,60.0,1078800,1078800,1573568,48,48,17,17;3;16,3;16,"{""3"": 12, ""16"": 12}","{""3"": 1029, ""16"": 1804, ""17"": 14146}",45328,2.521023359288098,10,40.0,60.0,,,,,2.0,2.0,1,1,"{""17"": 14146}",,2,ns3,899,0.5,10,12,28,,,[],[],,3;16,23,65,
2026_07_29_02_32_08,000084,18,all-cavs,docs\doc_workspace\SGCP\artifacts\early_from_late_checkpoint_20260719\enable_coperception_early_from_attentive.yaml,selective_edgecooper_global_pmax,full-frame,grid,,,,,,,singleton,20,60.0,1078800,1078800,1573568,48,48,18,18;3,3,"{""3"": 12}","{""3"": 1835, ""18"": 14130}",29360,1.6329254727474973,10,40.0,60.0,,,,,2.0,2.0,1,1,"{""18"": 14130}",,2,ns3,899,0.5,10,12,28,,,[],[],,3,15,42,
2026_07_29_02_32_08,000084,19,all-cavs,docs\doc_workspace\SGCP\artifacts\early_from_late_checkpoint_20260719\enable_coperception_early_from_attentive.yaml,selective_edgecooper_global_pmax,full-frame,grid,,,,,,,singleton,20,60.0,1078800,1078800,1573568,48,48,19,19;9;13;20,9;13;20,"{""9"": 12, ""13"": 12, ""20"": 12}","{""9"": 912, ""13"": 1074, ""19"": 13697, ""20"": 2217}",67248,3.740155728587319,10,40.0,60.0,,,,,2.0,2.0,1,1,"{""19"": 13697}",,2,ns3,899,0.5,10,12,28,,,[],[],,9;13;20,22,55,
2026_07_29_02_32_08,000084,20,all-cavs,docs\doc_workspace\SGCP\artifacts\early_from_late_checkpoint_20260719\enable_coperception_early_from_attentive.yaml,selective_edgecooper_global_pmax,full-frame,grid,,,,,,,singleton,20,60.0,1078800,1078800,1573568,48,48,20,20;5;10;16,5;10;16,"{""5"": 12, ""10"": 12, ""16"": 12}","{""5"": 754, ""10"": 1444, ""16"": 1146, ""20"": 13917}",53504,2.9757508342602894,10,40.0,60.0,,,,,2.0,2.0,1,1,"{""20"": 13917}",,2,ns3,899,0.5,10,12,28,,,[],[],,5;10;16,29,60,
2026_07_29_02_32_08,000086,1,all-cavs,docs\doc_workspace\SGCP\artifacts\early_from_late_checkpoint_20260719\enable_coperception_early_from_attentive.yaml,selective_edgecooper_global_pmax,full-frame,grid,,,,,,,singleton,20,60.0,1078800,1078800,1541216,48,48,1,1;2;4;8,2;4;8,"{""2"": 12, ""4"": 12, ""8"": 11}","{""1"": 13972, ""2"": 1369, ""4"": 1994, ""8"": 893}",68096,3.7873192436040046,10,40.0,60.0,,,,,2.0,2.0,1,1,"{""1"": 13972}",,2,ns3,899,0.5,10,12,28,,,[],[],,2;4;8,35,71,
2026_07_29_02_32_08,000086,2,all-cavs,docs\doc_workspace\SGCP\artifacts\early_from_late_checkpoint_20260719\enable_coperception_early_from_attentive.yaml,selective_edgecooper_global_pmax,full-frame,grid,,,,,,,singleton,20,60.0,1078800,1078800,1541216,48,48,2,2;1;11,1;11,"{""1"": 12, ""11"": 13}","{""1"": 709, ""2"": 13830, ""11"": 1066}",28400,1.5795328142380423,10,40.0,60.0,,,,,2.0,2.0,1,1,"{""2"": 13830}",,2,ns3,899,0.5,10,12,28,,,[],[],,1;11,21,71,
2026_07_29_02_32_08,000086,3,all-cavs,docs\doc_workspace\SGCP\artifacts\early_from_late_checkpoint_20260719\enable_coperception_early_from_attentive.yaml,selective_edgecooper_global_pmax,full-frame,grid,,,,,,,singleton,20,60.0,1078800,1078800,1541216,48,48,3,3;16;17;18,16;17;18,"{""16"": 12, ""17"": 12, ""18"": 13}","{""3"": 14064, ""16"": 1751, ""17"": 932, ""18"": 1814}",71952,4.001779755283649,10,40.0,60.0,,,,,2.0,2.0,1,1,"{""3"": 14064}",,2,ns3,899,0.5,10,12,28,,,[],[],,16;17;18,26,63,
2026_07_29_02_32_08,000086,4,all-cavs,docs\doc_workspace\SGCP\artifacts\early_from_late_checkpoint_20260719\enable_coperception_early_from_attentive.yaml,selective_edgecooper_global_pmax,full-frame,grid,,,,,,,singleton,20,60.0,1078800,1078800,1541216,48,48,4,4;1;7;12,1;7;12,"{""1"": 13, ""7"": 12, ""12"": 12}","{""1"": 2077, ""4"": 13760, ""7"": 1629, ""12"": 1109}",77040,4.28476084538376,10,40.0,60.0,,,,,2.0,2.0,1,1,"{""4"": 13760}",,2,ns3,899,0.5,10,12,28,,,[],[],,1;7;12,33,70,
2026_07_29_02_32_08,000086,5,all-cavs,docs\doc_workspace\SGCP\artifacts\early_from_late_checkpoint_20260719\enable_coperception_early_from_attentive.yaml,selective_edgecooper_global_pmax,full-frame,grid,,,,,,,singleton,20,60.0,1078800,1078800,1541216,48,48,5,5;13;16;20,13;16;20,"{""13"": 12, ""16"": 12, ""20"": 11}","{""5"": 13991, ""13"": 1905, ""16"": 1493, ""20"": 787}",66960,3.7241379310344827,10,40.0,60.0,,,,,2.0,2.0,1,1,"{""5"": 13991}",,2,ns3,899,0.5,10,12,28,,,[],[],,13;16;20,29,47,
2026_07_29_02_32_08,000086,6,all-cavs,docs\doc_workspace\SGCP\artifacts\early_from_late_checkpoint_20260719\enable_coperception_early_from_attentive.yaml,selective_edgecooper_global_pmax,full-frame,grid,,,,,,,singleton,20,60.0,1078800,1078800,1541216,48,48,6,6;15,15,"{""15"": 13}","{""6"": 13258, ""15"": 1340}",21440,1.1924360400444938,10,40.0,60.0,,,,,2.0,2.0,1,1,"{""6"": 13258}",,2,ns3,899,0.5,10,12,28,,,[],[],,15,15,52,
2026_07_29_02_32_08,000086,7,all-cavs,docs\doc_workspace\SGCP\artifacts\early_from_late_checkpoint_20260719\enable_coperception_early_from_attentive.yaml,selective_edgecooper_global_pmax,full-frame,grid,,,,,,,singleton,20,60.0,1078800,1078800,1541216,48,48,7,7;4;5;12,4;5;12,"{""4"": 12, ""5"": 13, ""12"": 13}","{""4"": 1304, ""5"": 1224, ""7"": 13954, ""12"": 1655}",66928,3.722358175750834,10,40.0,60.0,,,,,2.0,2.0,1,1,"{""7"": 13954}",,2,ns3,899,0.5,10,12,28,,,[],[],,4;5;12,26,49,
2026_07_29_02_32_08,000086,8,all-cavs,docs\doc_workspace\SGCP\artifacts\early_from_late_checkpoint_20260719\enable_coperception_early_from_attentive.yaml,selective_edgecooper_global_pmax,full-frame,grid,,,,,,,singleton,20,60.0,1078800,1078800,1541216,48,48,8,8;2;11;12,2;11;12,"{""2"": 12, ""11"": 11, ""12"": 12}","{""2"": 1854, ""8"": 13733, ""11"": 1359, ""12"": 2079}",84672,4.7092324805339265,10,40.0,60.0,,,,,2.0,2.0,1,1,"{""8"": 13733}",,2,ns3,899,0.5,10,12,28,,,[],[],,2;11;12,30,47,
2026_07_29_02_32_08,000086,9,all-cavs,docs\doc_workspace\SGCP\artifacts\early_from_late_checkpoint_20260719\enable_coperception_early_from_attentive.yaml,selective_edgecooper_global_pmax,full-frame,grid,,,,,,,singleton,20,60.0,1078800,1078800,1541216,48,48,9,9;11;13;19,11;13;19,"{""11"": 12, ""13"": 12, ""19"": 11}","{""9"": 13816, ""11"": 2084, ""13"": 1072, ""19"": 594}",60000,3.3370411568409346,10,40.0,60.0,,,,,2.0,2.0,1,1,"{""9"": 13816}",,2,ns3,899,0.5,10,12,28,,,[],[],,11;13;19,27,54,
2026_07_29_02_32_08,000086,10,all-cavs,docs\doc_workspace\SGCP\artifacts\early_from_late_checkpoint_20260719\enable_coperception_early_from_attentive.yaml,selective_edgecooper_global_pmax,full-frame,grid,,,,,,,singleton,20,60.0,1078800,1078800,1541216,48,48,10,10;5;8;9,5;8;9,"{""5"": 13, ""8"": 13, ""9"": 12}","{""5"": 1571, ""8"": 1526, ""9"": 778, ""10"": 14000}",62000,3.4482758620689653,10,40.0,60.0,,,,,2.0,2.0,1,1,"{""10"": 14000}",,2,ns3,899,0.5,10,12,28,,,[],[],,5;8;9,35,68,
2026_07_29_02_32_08,000086,11,all-cavs,docs\doc_workspace\SGCP\artifacts\early_from_late_checkpoint_20260719\enable_coperception_early_from_attentive.yaml,selective_edgecooper_global_pmax,full-frame,grid,,,,,,,singleton,20,60.0,1078800,1078800,1541216,48,48,11,11;1;8;10,1;8;10,"{""1"": 13, ""8"": 13, ""10"": 12}","{""1"": 861, ""8"": 988, ""10"": 1677, ""11"": 13863}",56416,3.1377085650723027,10,40.0,60.0,,,,,2.0,2.0,1,1,"{""11"": 13863}",,2,ns3,899,0.5,10,12,28,,,[],[],,1;8;10,33,68,
2026_07_29_02_32_08,000086,12,all-cavs,docs\doc_workspace\SGCP\artifacts\early_from_late_checkpoint_20260719\enable_coperception_early_from_attentive.yaml,selective_edgecooper_global_pmax,full-frame,grid,,,,,,,singleton,20,60.0,1078800,1078800,1541216,48,48,12,12;4;7,4;7,"{""4"": 13, ""7"": 13}","{""4"": 1210, ""7"": 1920, ""12"": 14037}",50080,2.7853170189099,10,40.0,60.0,,,,,2.0,2.0,1,1,"{""12"": 14037}",,2,ns3,899,0.5,10,12,28,,,[],[],,4;7,22,53,
2026_07_29_02_32_08,000086,13,all-cavs,docs\doc_workspace\SGCP\artifacts\early_from_late_checkpoint_20260719\enable_coperception_early_from_attentive.yaml,selective_edgecooper_global_pmax,full-frame,grid,,,,,,,singleton,20,60.0,1078800,1078800,1541216,48,48,13,13;9;10;19,9;10;19,"{""9"": 13, ""10"": 12, ""19"": 12}","{""9"": 653, ""10"": 1234, ""13"": 13599, ""19"": 599}",39776,2.2122358175750834,10,40.0,60.0,,,,,2.0,2.0,1,1,"{""13"": 13599}",,2,ns3,899,0.5,10,12,28,,,[],[],,9;10;19,22,56,
2026_07_29_02_32_08,000086,14,all-cavs,docs\doc_workspace\SGCP\artifacts\early_from_late_checkpoint_20260719\enable_coperception_early_from_attentive.yaml,selective_edgecooper_global_pmax,full-frame,grid,,,,,,,singleton,20,60.0,1078800,1078800,1541216,48,48,14,14,,{},"{""14"": 14194}",0,0.0,10,40.0,60.0,,,,,2.0,2.0,0,,{},,2,ns3,899,0.5,10,12,28,,,[],[],,,5,8,
2026_07_29_02_32_08,000086,15,all-cavs,docs\doc_workspace\SGCP\artifacts\early_from_late_checkpoint_20260719\enable_coperception_early_from_attentive.yaml,selective_edgecooper_global_pmax,full-frame,grid,,,,,,,singleton,20,60.0,1078800,1078800,1541216,48,48,15,15;6,6,"{""6"": 13}","{""6"": 1914, ""15"": 13534}",30624,1.703225806451613,10,40.0,60.0,,,,,2.0,2.0,1,1,"{""15"": 13534}",,2,ns3,899,0.5,10,12,28,,,[],[],,6,16,61,
2026_07_29_02_32_08,000086,16,all-cavs,docs\doc_workspace\SGCP\artifacts\early_from_late_checkpoint_20260719\enable_coperception_early_from_attentive.yaml,selective_edgecooper_global_pmax,full-frame,grid,,,,,,,singleton,20,60.0,1078800,1078800,1541216,48,48,16,16;9;17;20,9;17;20,"{""9"": 13, ""17"": 13, ""20"": 12}","{""9"": 2414, ""16"": 13995, ""17"": 1845, ""20"": 662}",78736,4.379087875417131,10,40.0,60.0,,,,,2.0,2.0,1,1,"{""16"": 13995}",,2,ns3,899,0.5,10,12,28,,,[],[],,9;17;20,32,71,
2026_07_29_02_32_08,000086,17,all-cavs,docs\doc_workspace\SGCP\artifacts\early_from_late_checkpoint_20260719\enable_coperception_early_from_attentive.yaml,selective_edgecooper_global_pmax,full-frame,grid,,,,,,,singleton,20,60.0,1078800,1078800,1541216,48,48,17,17;3;16,3;16,"{""3"": 12, ""16"": 13}","{""3"": 1072, ""16"": 1712, ""17"": 14140}",44544,2.47741935483871,10,40.0,60.0,,,,,2.0,2.0,1,1,"{""17"": 14140}",,2,ns3,899,0.5,10,12,28,,,[],[],,3;16,23,65,
2026_07_29_02_32_08,000086,18,all-cavs,docs\doc_workspace\SGCP\artifacts\early_from_late_checkpoint_20260719\enable_coperception_early_from_attentive.yaml,selective_edgecooper_global_pmax,full-frame,grid,,,,,,,singleton,20,60.0,1078800,1078800,1541216,48,48,18,18;3,3,"{""3"": 13}","{""3"": 2049, ""18"": 14119}",32784,1.8233592880978866,10,40.0,60.0,,,,,2.0,2.0,1,1,"{""18"": 14119}",,2,ns3,899,0.5,10,12,28,,,[],[],,3,16,41,
2026_07_29_02_32_08,000086,19,all-cavs,docs\doc_workspace\SGCP\artifacts\early_from_late_checkpoint_20260719\enable_coperception_early_from_attentive.yaml,selective_edgecooper_global_pmax,full-frame,grid,,,,,,,singleton,20,60.0,1078800,1078800,1541216,48,48,19,19;10;13;20,10;13;20,"{""10"": 12, ""13"": 12, ""20"": 13}","{""10"": 1175, ""13"": 1185, ""19"": 13697, ""20"": 2345}",75280,4.1868743047830925,10,40.0,60.0,,,,,2.0,2.0,1,1,"{""19"": 13697}",,2,ns3,899,0.5,10,12,28,,,[],[],,10;13;20,27,55,
2026_07_29_02_32_08,000086,20,all-cavs,docs\doc_workspace\SGCP\artifacts\early_from_late_checkpoint_20260719\enable_coperception_early_from_attentive.yaml,selective_edgecooper_global_pmax,full-frame,grid,,,,,,,singleton,20,60.0,1078800,1078800,1541216,48,48,20,20;5;7;19,5;7;19,"{""5"": 12, ""7"": 12, ""19"": 13}","{""5"": 780, ""7"": 1487, ""19"": 1675, ""20"": 13917}",63072,3.5078976640711903,10,40.0,60.0,,,,,2.0,2.0,1,1,"{""20"": 13917}",,2,ns3,899,0.5,10,12,28,,,[],[],,5;7;19,29,60,
2026_07_29_02_32_08,000088,1,all-cavs,docs\doc_workspace\SGCP\artifacts\early_from_late_checkpoint_20260719\enable_coperception_early_from_attentive.yaml,selective_edgecooper_global_pmax,full-frame,grid,,,,,,,singleton,20,60.0,1078800,1078800,1549856,48,48,1,1;2;4;8,2;4;8,"{""2"": 12, ""4"": 12, ""8"": 11}","{""1"": 13967, ""2"": 1377, ""4"": 2007, ""8"": 911}",68720,3.82202447163515,10,40.0,60.0,,,,,2.0,2.0,1,1,"{""1"": 13967}",,2,ns3,899,0.5,10,12,28,,,[],[],,2;4;8,33,71,
2026_07_29_02_32_08,000088,2,all-cavs,docs\doc_workspace\SGCP\artifacts\early_from_late_checkpoint_20260719\enable_coperception_early_from_attentive.yaml,selective_edgecooper_global_pmax,full-frame,grid,,,,,,,singleton,20,60.0,1078800,1078800,1549856,48,48,2,2;1;11,1;11,"{""1"": 12, ""11"": 13}","{""1"": 735, ""2"": 13828, ""11"": 1061}",28736,1.5982202447163516,10,40.0,60.0,,,,,2.0,2.0,1,1,"{""2"": 13828}",,2,ns3,899,0.5,10,12,28,,,[],[],,1;11,23,71,
2026_07_29_02_32_08,000088,3,all-cavs,docs\doc_workspace\SGCP\artifacts\early_from_late_checkpoint_20260719\enable_coperception_early_from_attentive.yaml,selective_edgecooper_global_pmax,full-frame,grid,,,,,,,singleton,20,60.0,1078800,1078800,1549856,48,48,3,3;16;17;18,16;17;18,"{""16"": 12, ""17"": 12, ""18"": 13}","{""3"": 14078, ""16"": 1846, ""17"": 1006, ""18"": 1845}",75152,4.179755283648499,10,40.0,60.0,,,,,2.0,2.0,1,1,"{""3"": 14078}",,2,ns3,899,0.5,10,12,28,,,[],[],,16;17;18,24,63,
2026_07_29_02_32_08,000088,4,all-cavs,docs\doc_workspace\SGCP\artifacts\early_from_late_checkpoint_20260719\enable_coperception_early_from_attentive.yaml,selective_edgecooper_global_pmax,full-frame,grid,,,,,,,singleton,20,60.0,1078800,1078800,1549856,48,48,4,4;1;7;12,1;7;12,"{""1"": 13, ""7"": 12, ""12"": 12}","{""1"": 2060, ""4"": 13764, ""7"": 1625, ""12"": 1111}",76736,4.267853170189099,10,40.0,60.0,,,,,2.0,2.0,1,1,"{""4"": 13764}",,2,ns3,899,0.5,10,12,28,,,[],[],,1;7;12,32,70,
2026_07_29_02_32_08,000088,5,all-cavs,docs\doc_workspace\SGCP\artifacts\early_from_late_checkpoint_20260719\enable_coperception_early_from_attentive.yaml,selective_edgecooper_global_pmax,full-frame,grid,,,,,,,singleton,20,60.0,1078800,1078800,1549856,48,48,5,5;13;16;20,13;16;20,"{""13"": 12, ""16"": 12, ""20"": 11}","{""5"": 14010, ""13"": 1959, ""16"": 1474, ""20"": 773}",67296,3.742825361512792,10,40.0,60.0,,,,,2.0,2.0,1,1,"{""5"": 14010}",,2,ns3,899,0.5,10,12,28,,,[],[],,13;16;20,29,47,
2026_07_29_02_32_08,000088,6,all-cavs,docs\doc_workspace\SGCP\artifacts\early_from_late_checkpoint_20260719\enable_coperception_early_from_attentive.yaml,selective_edgecooper_global_pmax,full-frame,grid,,,,,,,singleton,20,60.0,1078800,1078800,1549856,48,48,6,6;15,15,"{""15"": 12}","{""6"": 13280, ""15"": 1395}",22320,1.2413793103448276,10,40.0,60.0,,,,,2.0,2.0,1,1,"{""6"": 13280}",,2,ns3,899,0.5,10,12,28,,,[],[],,15,15,51,
2026_07_29_02_32_08,000088,7,all-cavs,docs\doc_workspace\SGCP\artifacts\early_from_late_checkpoint_20260719\enable_coperception_early_from_attentive.yaml,selective_edgecooper_global_pmax,full-frame,grid,,,,,,,singleton,20,60.0,1078800,1078800,1549856,48,48,7,7;4;5;12,4;5;12,"{""4"": 12, ""5"": 13, ""12"": 13}","{""4"": 1212, ""5"": 1238, ""7"": 13968, ""12"": 1626}",65216,3.62714126807564,10,40.0,60.0,,,,,2.0,2.0,1,1,"{""7"": 13968}",,2,ns3,899,0.5,10,12,28,,,[],[],,4;5;12,28,48,
2026_07_29_02_32_08,000088,8,all-cavs,docs\doc_workspace\SGCP\artifacts\early_from_late_checkpoint_20260719\enable_coperception_early_from_attentive.yaml,selective_edgecooper_global_pmax,full-frame,grid,,,,,,,singleton,20,60.0,1078800,1078800,1549856,48,48,8,8;2;11;12,2;11;12,"{""2"": 12, ""11"": 11, ""12"": 12}","{""2"": 1858, ""8"": 13735, ""11"": 1360, ""12"": 2101}",85104,4.733259176863181,10,40.0,60.0,,,,,2.0,2.0,1,1,"{""8"": 13735}",,2,ns3,899,0.5,10,12,28,,,[],[],,2;11;12,29,47,
2026_07_29_02_32_08,000088,9,all-cavs,docs\doc_workspace\SGCP\artifacts\early_from_late_checkpoint_20260719\enable_coperception_early_from_attentive.yaml,selective_edgecooper_global_pmax,full-frame,grid,,,,,,,singleton,20,60.0,1078800,1078800,1549856,48,48,9,9;11;13;19,11;13;19,"{""11"": 12, ""13"": 12, ""19"": 12}","{""9"": 13816, ""11"": 2091, ""13"": 1144, ""19"": 669}",62464,3.4740823136818686,10,40.0,60.0,,,,,2.0,2.0,1,1,"{""9"": 13816}",,2,ns3,899,0.5,10,12,28,,,[],[],,11;13;19,26,54,
2026_07_29_02_32_08,000088,10,all-cavs,docs\doc_workspace\SGCP\artifacts\early_from_late_checkpoint_20260719\enable_coperception_early_from_attentive.yaml,selective_edgecooper_global_pmax,full-frame,grid,,,,,,,singleton,20,60.0,1078800,1078800,1549856,48,48,10,10;5;8;9,5;8;9,"{""5"": 13, ""8"": 13, ""9"": 12}","{""5"": 1584, ""8"": 1525, ""9"": 783, ""10"": 13995}",62272,3.4634037819799777,10,40.0,60.0,,,,,2.0,2.0,1,1,"{""10"": 13995}",,2,ns3,899,0.5,10,12,28,,,[],[],,5;8;9,35,67,
2026_07_29_02_32_08,000088,11,all-cavs,docs\doc_workspace\SGCP\artifacts\early_from_late_checkpoint_20260719\enable_coperception_early_from_attentive.yaml,selective_edgecooper_global_pmax,full-frame,grid,,,,,,,singleton,20,60.0,1078800,1078800,1549856,48,48,11,11;1;8;10,1;8;10,"{""1"": 12, ""8"": 13, ""10"": 12}","{""1"": 815, ""8"": 1006, ""10"": 1673, ""11"": 13866}",55904,3.1092324805339264,10,40.0,60.0,,,,,2.0,2.0,1,1,"{""11"": 13866}",,2,ns3,899,0.5,10,12,28,,,[],[],,1;8;10,31,68,
2026_07_29_02_32_08,000088,12,all-cavs,docs\doc_workspace\SGCP\artifacts\early_from_late_checkpoint_20260719\enable_coperception_early_from_attentive.yaml,selective_edgecooper_global_pmax,full-frame,grid,,,,,,,singleton,20,60.0,1078800,1078800,1549856,48,48,12,12;4;7,4;7,"{""4"": 12, ""7"": 13}","{""4"": 1153, ""7"": 1828, ""12"": 14084}",47696,2.652725250278087,10,40.0,60.0,,,,,2.0,2.0,1,1,"{""12"": 14084}",,2,ns3,899,0.5,10,12,28,,,[],[],,4;7,25,53,
2026_07_29_02_32_08,000088,13,all-cavs,docs\doc_workspace\SGCP\artifacts\early_from_late_checkpoint_20260719\enable_coperception_early_from_attentive.yaml,selective_edgecooper_global_pmax,full-frame,grid,,,,,,,singleton,20,60.0,1078800,1078800,1549856,48,48,13,13;9;10;19,9;10;19,"{""9"": 13, ""10"": 12, ""19"": 12}","{""9"": 640, ""10"": 1267, ""13"": 13598, ""19"": 598}",40080,2.229143492769744,10,40.0,60.0,,,,,2.0,2.0,1,1,"{""13"": 13598}",,2,ns3,899,0.5,10,12,28,,,[],[],,9;10;19,21,56,
2026_07_29_02_32_08,000088,14,all-cavs,docs\doc_workspace\SGCP\artifacts\early_from_late_checkpoint_20260719\enable_coperception_early_from_attentive.yaml,selective_edgecooper_global_pmax,full-frame,grid,,,,,,,singleton,20,60.0,1078800,1078800,1549856,48,48,14,14,,{},"{""14"": 14168}",0,0.0,10,40.0,60.0,,,,,2.0,2.0,0,,{},,2,ns3,899,0.5,10,12,28,,,[],[],,,4,9,
2026_07_29_02_32_08,000088,15,all-cavs,docs\doc_workspace\SGCP\artifacts\early_from_late_checkpoint_20260719\enable_coperception_early_from_attentive.yaml,selective_edgecooper_global_pmax,full-frame,grid,,,,,,,singleton,20,60.0,1078800,1078800,1549856,48,48,15,15;6,6,"{""6"": 13}","{""6"": 1928, ""15"": 13521}",30848,1.7156840934371524,10,40.0,60.0,,,,,2.0,2.0,1,1,"{""15"": 13521}",,2,ns3,899,0.5,10,12,28,,,[],[],,6,15,61,
2026_07_29_02_32_08,000088,16,all-cavs,docs\doc_workspace\SGCP\artifacts\early_from_late_checkpoint_20260719\enable_coperception_early_from_attentive.yaml,selective_edgecooper_global_pmax,full-frame,grid,,,,,,,singleton,20,60.0,1078800,1078800,1549856,48,48,16,16;9;17;20,9;17;20,"{""9"": 13, ""17"": 13, ""20"": 12}","{""9"": 2413, ""16"": 14006, ""17"": 1791, ""20"": 705}",78544,4.368409343715239,10,40.0,60.0,,,,,2.0,2.0,1,1,"{""16"": 14006}",,2,ns3,899,0.5,10,12,28,,,[],[],,9;17;20,31,71,
2026_07_29_02_32_08,000088,17,all-cavs,docs\doc_workspace\SGCP\artifacts\early_from_late_checkpoint_20260719\enable_coperception_early_from_attentive.yaml,selective_edgecooper_global_pmax,full-frame,grid,,,,,,,singleton,20,60.0,1078800,1078800,1549856,48,48,17,17;3;16,3;16,"{""3"": 12, ""16"": 12}","{""3"": 1026, ""16"": 1730, ""17"": 14155}",44096,2.4525027808676305,10,40.0,60.0,,,,,2.0,2.0,1,1,"{""17"": 14155}",,2,ns3,899,0.5,10,12,28,,,[],[],,3;16,23,65,
2026_07_29_02_32_08,000088,18,all-cavs,docs\doc_workspace\SGCP\artifacts\early_from_late_checkpoint_20260719\enable_coperception_early_from_attentive.yaml,selective_edgecooper_global_pmax,full-frame,grid,,,,,,,singleton,20,60.0,1078800,1078800,1549856,48,48,18,18;3,3,"{""3"": 12}","{""3"": 1875, ""18"": 14101}",30000,1.6685205784204673,10,40.0,60.0,,,,,2.0,2.0,1,1,"{""18"": 14101}",,2,ns3,899,0.5,10,12,28,,,[],[],,3,16,41,
2026_07_29_02_32_08,000088,19,all-cavs,docs\doc_workspace\SGCP\artifacts\early_from_late_checkpoint_20260719\enable_coperception_early_from_attentive.yaml,selective_edgecooper_global_pmax,full-frame,grid,,,,,,,singleton,20,60.0,1078800,1078800,1549856,48,48,19,19;10;13;20,10;13;20,"{""10"": 12, ""13"": 12, ""20"": 12}","{""10"": 1175, ""13"": 1211, ""19"": 13696, ""20"": 2292}",74848,4.162847608453838,10,40.0,60.0,,,,,2.0,2.0,1,1,"{""19"": 13696}",,2,ns3,899,0.5,10,12,28,,,[],[],,10;13;20,25,55,
2026_07_29_02_32_08,000088,20,all-cavs,docs\doc_workspace\SGCP\artifacts\early_from_late_checkpoint_20260719\enable_coperception_early_from_attentive.yaml,selective_edgecooper_global_pmax,full-frame,grid,,,,,,,singleton,20,60.0,1078800,1078800,1549856,48,48,20,20;5;7;19,5;7;19,"{""5"": 12, ""7"": 12, ""19"": 13}","{""5"": 736, ""7"": 1513, ""19"": 1674, ""20"": 13915}",62768,3.4909899888765294,10,40.0,60.0,,,,,2.0,2.0,1,1,"{""20"": 13915}",,2,ns3,899,0.5,10,12,28,,,[],[],,5;7;19,29,60,
2026_07_29_02_32_08,000090,1,all-cavs,docs\doc_workspace\SGCP\artifacts\early_from_late_checkpoint_20260719\enable_coperception_early_from_attentive.yaml,selective_edgecooper_global_pmax,full-frame,grid,,,,,,,singleton,20,60.0,1078800,1078800,1554928,48,48,1,1;2;4;8,2;4;8,"{""2"": 12, ""4"": 12, ""8"": 11}","{""1"": 13964, ""2"": 1386, ""4"": 2016, ""8"": 895}",68752,3.8238042269187984,10,40.0,60.0,,,,,2.0,2.0,1,1,"{""1"": 13964}",,2,ns3,899,0.5,10,12,28,,,[],[],,2;4;8,32,72,
2026_07_29_02_32_08,000090,2,all-cavs,docs\doc_workspace\SGCP\artifacts\early_from_late_checkpoint_20260719\enable_coperception_early_from_attentive.yaml,selective_edgecooper_global_pmax,full-frame,grid,,,,,,,singleton,20,60.0,1078800,1078800,1554928,48,48,2,2;1;11,1;11,"{""1"": 12, ""11"": 13}","{""1"": 731, ""2"": 13829, ""11"": 1047}",28448,1.582202447163515,10,40.0,60.0,,,,,2.0,2.0,1,1,"{""2"": 13829}",,2,ns3,899,0.5,10,12,28,,,[],[],,1;11,22,71,
2026_07_29_02_32_08,000090,3,all-cavs,docs\doc_workspace\SGCP\artifacts\early_from_late_checkpoint_20260719\enable_coperception_early_from_attentive.yaml,selective_edgecooper_global_pmax,full-frame,grid,,,,,,,singleton,20,60.0,1078800,1078800,1554928,48,48,3,3;16;17;18,16;17;18,"{""16"": 12, ""17"": 12, ""18"": 13}","{""3"": 14069, ""16"": 1855, ""17"": 988, ""18"": 1882}",75600,4.204671857619577,10,40.0,60.0,,,,,2.0,2.0,1,1,"{""3"": 14069}",,2,ns3,899,0.5,10,12,28,,,[],[],,16;17;18,24,63,
2026_07_29_02_32_08,000090,4,all-cavs,docs\doc_workspace\SGCP\artifacts\early_from_late_checkpoint_20260719\enable_coperception_early_from_attentive.yaml,selective_edgecooper_global_pmax,full-frame,grid,,,,,,,singleton,20,60.0,1078800,1078800,1554928,48,48,4,4;1;7;12,1;7;12,"{""1"": 13, ""7"": 12, ""12"": 12}","{""1"": 2056, ""4"": 13767, ""7"": 1627, ""12"": 1118}",76816,4.272302558398221,10,40.0,60.0,,,,,2.0,2.0,1,1,"{""4"": 13767}",,2,ns3,899,0.5,10,12,28,,,[],[],,1;7;12,31,69,
2026_07_29_02_32_08,000090,5,all-cavs,docs\doc_workspace\SGCP\artifacts\early_from_late_checkpoint_20260719\enable_coperception_early_from_attentive.yaml,selective_edgecooper_global_pmax,full-frame,grid,,,,,,,singleton,20,60.0,1078800,1078800,1554928,48,48,5,5;13;16;20,13;16;20,"{""13"": 12, ""16"": 12, ""20"": 11}","{""5"": 14019, ""13"": 1969, ""16"": 1437, ""20"": 791}",67152,3.7348164627363736,10,40.0,60.0,,,,,2.0,2.0,1,1,"{""5"": 14019}",,2,ns3,899,0.5,10,12,28,,,[],[],,13;16;20,29,47,
2026_07_29_02_32_08,000090,6,all-cavs,docs\doc_workspace\SGCP\artifacts\early_from_late_checkpoint_20260719\enable_coperception_early_from_attentive.yaml,selective_edgecooper_global_pmax,full-frame,grid,,,,,,,singleton,20,60.0,1078800,1078800,1554928,48,48,6,6;15,15,"{""15"": 12}","{""6"": 13267, ""15"": 1408}",22528,1.2529477196885428,10,40.0,60.0,,,,,2.0,2.0,1,1,"{""6"": 13267}",,2,ns3,899,0.5,10,12,28,,,[],[],,15,15,52,
2026_07_29_02_32_08,000090,7,all-cavs,docs\doc_workspace\SGCP\artifacts\early_from_late_checkpoint_20260719\enable_coperception_early_from_attentive.yaml,selective_edgecooper_global_pmax,full-frame,grid,,,,,,,singleton,20,60.0,1078800,1078800,1554928,48,48,7,7;4;5;12,4;5;12,"{""4"": 12, ""5"": 13, ""12"": 13}","{""4"": 1285, ""5"": 1252, ""7"": 13956, ""12"": 1613}",66400,3.6929922135706343,10,40.0,60.0,,,,,2.0,2.0,1,1,"{""7"": 13956}",,2,ns3,899,0.5,10,12,28,,,[],[],,4;5;12,30,47,
2026_07_29_02_32_08,000090,8,all-cavs,docs\doc_workspace\SGCP\artifacts\early_from_late_checkpoint_20260719\enable_coperception_early_from_attentive.yaml,selective_edgecooper_global_pmax,full-frame,grid,,,,,,,singleton,20,60.0,1078800,1078800,1554928,48,48,8,8;2;11;12,2;11;12,"{""2"": 12, ""11"": 11, ""12"": 12}","{""2"": 1866, ""8"": 13735, ""11"": 1360, ""12"": 2112}",85408,4.750166852057842,10,40.0,60.0,,,,,2.0,2.0,1,1,"{""8"": 13735}",,2,ns3,899,0.5,10,12,28,,,[],[],,2;11;12,28,47,
2026_07_29_02_32_08,000090,9,all-cavs,docs\doc_workspace\SGCP\artifacts\early_from_late_checkpoint_20260719\enable_coperception_early_from_attentive.yaml,selective_edgecooper_global_pmax,full-frame,grid,,,,,,,singleton,20,60.0,1078800,1078800,1554928,48,48,9,9;11;13;19,11;13;19,"{""11"": 12, ""13"": 12, ""19"": 11}","{""9"": 13814, ""11"": 2092, ""13"": 1101, ""19"": 596}",60624,3.37174638487208,10,40.0,60.0,,,,,2.0,2.0,1,1,"{""9"": 13814}",,2,ns3,899,0.5,10,12,28,,,[],[],,11;13;19,26,54,
2026_07_29_02_32_08,000090,10,all-cavs,docs\doc_workspace\SGCP\artifacts\early_from_late_checkpoint_20260719\enable_coperception_early_from_attentive.yaml,selective_edgecooper_global_pmax,full-frame,grid,,,,,,,singleton,20,60.0,1078800,1078800,1554928,48,48,10,10;5;8;9,5;8;9,"{""5"": 13, ""8"": 13, ""9"": 12}","{""5"": 1628, ""8"": 1521, ""9"": 793, ""10"": 13989}",63072,3.5078976640711903,10,40.0,60.0,,,,,2.0,2.0,1,1,"{""10"": 13989}",,2,ns3,899,0.5,10,12,28,,,[],[],,5;8;9,39,68,
2026_07_29_02_32_08,000090,11,all-cavs,docs\doc_workspace\SGCP\artifacts\early_from_late_checkpoint_20260719\enable_coperception_early_from_attentive.yaml,selective_edgecooper_global_pmax,full-frame,grid,,,,,,,singleton,20,60.0,1078800,1078800,1554928,48,48,11,11;1;8;10,1;8;10,"{""1"": 12, ""8"": 13, ""10"": 12}","{""1"": 813, ""8"": 1005, ""10"": 1669, ""11"": 13865}",55792,3.1030033370411565,10,40.0,60.0,,,,,2.0,2.0,1,1,"{""11"": 13865}",,2,ns3,899,0.5,10,12,28,,,[],[],,1;8;10,37,68,
2026_07_29_02_32_08,000090,12,all-cavs,docs\doc_workspace\SGCP\artifacts\early_from_late_checkpoint_20260719\enable_coperception_early_from_attentive.yaml,selective_edgecooper_global_pmax,full-frame,grid,,,,,,,singleton,20,60.0,1078800,1078800,1554928,48,48,12,12;4;7,4;7,"{""4"": 12, ""7"": 12}","{""4"": 1166, ""7"": 1833, ""12"": 14081}",47984,2.6687430478309233,10,40.0,60.0,,,,,2.0,2.0,1,1,"{""12"": 14081}",,2,ns3,899,0.5,10,12,28,,,[],[],,4;7,22,53,
2026_07_29_02_32_08,000090,13,all-cavs,docs\doc_workspace\SGCP\artifacts\early_from_late_checkpoint_20260719\enable_coperception_early_from_attentive.yaml,selective_edgecooper_global_pmax,full-frame,grid,,,,,,,singleton,20,60.0,1078800,1078800,1554928,48,48,13,13;9;10;19,9;10;19,"{""9"": 13, ""10"": 12, ""19"": 12}","{""9"": 675, ""10"": 1318, ""13"": 13587, ""19"": 543}",40576,2.2567296996662956,10,40.0,60.0,,,,,2.0,2.0,1,1,"{""13"": 13587}",,2,ns3,899,0.5,10,12,28,,,[],[],,9;10;19,22,56,
2026_07_29_02_32_08,000090,14,all-cavs,docs\doc_workspace\SGCP\artifacts\early_from_late_checkpoint_20260719\enable_coperception_early_from_attentive.yaml,selective_edgecooper_global_pmax,full-frame,grid,,,,,,,singleton,20,60.0,1078800,1078800,1554928,48,48,14,14,,{},"{""14"": 14121}",0,0.0,10,40.0,60.0,,,,,2.0,2.0,0,,{},,2,ns3,899,0.5,10,12,28,,,[],[],,,3,9,
2026_07_29_02_32_08,000090,15,all-cavs,docs\doc_workspace\SGCP\artifacts\early_from_late_checkpoint_20260719\enable_coperception_early_from_attentive.yaml,selective_edgecooper_global_pmax,full-frame,grid,,,,,,,singleton,20,60.0,1078800,1078800,1554928,48,48,15,15;6,6,"{""6"": 13}","{""6"": 1876, ""15"": 13534}",30016,1.6694104560622915,10,40.0,60.0,,,,,2.0,2.0,1,1,"{""15"": 13534}",,2,ns3,899,0.5,10,12,28,,,[],[],,6,15,61,
2026_07_29_02_32_08,000090,16,all-cavs,docs\doc_workspace\SGCP\artifacts\early_from_late_checkpoint_20260719\enable_coperception_early_from_attentive.yaml,selective_edgecooper_global_pmax,full-frame,grid,,,,,,,singleton,20,60.0,1078800,1078800,1554928,48,48,16,16;9;17;20,9;17;20,"{""9"": 13, ""17"": 13, ""20"": 11}","{""9"": 2410, ""16"": 13992, ""17"": 1763, ""20"": 611}",76544,4.257174638487208,10,40.0,60.0,,,,,2.0,2.0,1,1,"{""16"": 13992}",,2,ns3,899,0.5,10,12,28,,,[],[],,9;17;20,35,69,
2026_07_29_02_32_08,000090,17,all-cavs,docs\doc_workspace\SGCP\artifacts\early_from_late_checkpoint_20260719\enable_coperception_early_from_attentive.yaml,selective_edgecooper_global_pmax,full-frame,grid,,,,,,,singleton,20,60.0,1078800,1078800,1554928,48,48,17,17;3;16,3;16,"{""3"": 12, ""16"": 12}","{""3"": 1040, ""16"": 1684, ""17"": 14164}",43584,2.4240266963292547,10,40.0,60.0,,,,,2.0,2.0,1,1,"{""17"": 14164}",,2,ns3,899,0.5,10,12,28,,,[],[],,3;16,24,65,
2026_07_29_02_32_08,000090,18,all-cavs,docs\doc_workspace\SGCP\artifacts\early_from_late_checkpoint_20260719\enable_coperception_early_from_attentive.yaml,selective_edgecooper_global_pmax,full-frame,grid,,,,,,,singleton,20,60.0,1078800,1078800,1554928,48,48,18,18;3,3,"{""3"": 12}","{""3"": 1905, ""18"": 14109}",30480,1.6952169076751946,10,40.0,60.0,,,,,2.0,2.0,1,1,"{""18"": 14109}",,2,ns3,899,0.5,10,12,28,,,[],[],,3,14,41,
2026_07_29_02_32_08,000090,19,all-cavs,docs\doc_workspace\SGCP\artifacts\early_from_late_checkpoint_20260719\enable_coperception_early_from_attentive.yaml,selective_edgecooper_global_pmax,full-frame,grid,,,,,,,singleton,20,60.0,1078800,1078800,1554928,48,48,19,19;10;13;20,10;13;20,"{""10"": 12, ""13"": 12, ""20"": 12}","{""10"": 1175, ""13"": 1252, ""19"": 13697, ""20"": 2291}",75488,4.1984427141268075,10,40.0,60.0,,,,,2.0,2.0,1,1,"{""19"": 13697}",,2,ns3,899,0.5,10,12,28,,,[],[],,10;13;20,24,55,
2026_07_29_02_32_08,000090,20,all-cavs,docs\doc_workspace\SGCP\artifacts\early_from_late_checkpoint_20260719\enable_coperception_early_from_attentive.yaml,selective_edgecooper_global_pmax,full-frame,grid,,,,,,,singleton,20,60.0,1078800,1078800,1554928,48,48,20,20;5;7;19,5;7;19,"{""5"": 12, ""7"": 12, ""19"": 13}","{""5"": 739, ""7"": 1545, ""19"": 1687, ""20"": 13914}",63536,3.533704115684093,10,40.0,60.0,,,,,2.0,2.0,1,1,"{""20"": 13914}",,2,ns3,899,0.5,10,12,28,,,[],[],,5;7;19,29,60,
2026_07_29_02_32_08,000092,1,all-cavs,docs\doc_workspace\SGCP\artifacts\early_from_late_checkpoint_20260719\enable_coperception_early_from_attentive.yaml,selective_edgecooper_global_pmax,full-frame,grid,,,,,,,singleton,20,60.0,1078800,1078800,1566304,49,49,1,1;2;4;8,2;4;8,"{""2"": 12, ""4"": 12, ""8"": 11}","{""1"": 13964, ""2"": 1390, ""4"": 2025, ""8"": 891}",68896,3.831813125695217,10,40.0,60.0,,,,,2.0,2.0,1,1,"{""1"": 13964}",,2,ns3,899,0.5,10,12,28,,,[],[],,2;4;8,34,72,
2026_07_29_02_32_08,000092,2,all-cavs,docs\doc_workspace\SGCP\artifacts\early_from_late_checkpoint_20260719\enable_coperception_early_from_attentive.yaml,selective_edgecooper_global_pmax,full-frame,grid,,,,,,,singleton,20,60.0,1078800,1078800,1566304,49,49,2,2;1;10;11,1;10;11,"{""1"": 12, ""10"": 12, ""11"": 9}","{""1"": 660, ""2"": 13837, ""10"": 2038, ""11"": 637}",53360,2.967741935483871,10,40.0,60.0,,,,,2.0,2.0,1,1,"{""2"": 13837}",,2,ns3,899,0.5,10,12,28,,,[],[],,1;10;11,31,71,
2026_07_29_02_32_08,000092,3,all-cavs,docs\doc_workspace\SGCP\artifacts\early_from_late_checkpoint_20260719\enable_coperception_early_from_attentive.yaml,selective_edgecooper_global_pmax,full-frame,grid,,,,,,,singleton,20,60.0,1078800,1078800,1566304,49,49,3,3;16;17;18,16;17;18,"{""16"": 12, ""17"": 12, ""18"": 12}","{""3"": 14099, ""16"": 1848, ""17"": 1035, ""18"": 1894}",76432,4.250945494994439,10,40.0,60.0,,,,,2.0,2.0,1,1,"{""3"": 14099}",,2,ns3,899,0.5,10,12,28,,,[],[],,16;17;18,25,63,
2026_07_29_02_32_08,000092,4,all-cavs,docs\doc_workspace\SGCP\artifacts\early_from_late_checkpoint_20260719\enable_coperception_early_from_attentive.yaml,selective_edgecooper_global_pmax,full-frame,grid,,,,,,,singleton,20,60.0,1078800,1078800,1566304,49,49,4,4;1;7;12,1;7;12,"{""1"": 12, ""7"": 12, ""12"": 12}","{""1"": 1957, ""4"": 13767, ""7"": 1614, ""12"": 1215}",76576,4.258954393770857,10,40.0,60.0,,,,,2.0,2.0,1,1,"{""4"": 13767}",,2,ns3,899,0.5,10,12,28,,,[],[],,1;7;12,31,69,
2026_07_29_02_32_08,000092,5,all-cavs,docs\doc_workspace\SGCP\artifacts\early_from_late_checkpoint_20260719\enable_coperception_early_from_attentive.yaml,selective_edgecooper_global_pmax,full-frame,grid,,,,,,,singleton,20,60.0,1078800,1078800,1566304,49,49,5,5;13;16;20,13;16;20,"{""13"": 12, ""16"": 12, ""20"": 10}","{""5"": 14008, ""13"": 1980, ""16"": 1452, ""20"": 772}",67264,3.7410456062291435,10,40.0,60.0,,,,,2.0,2.0,1,1,"{""5"": 14008}",,2,ns3,899,0.5,10,12,28,,,[],[],,13;16;20,29,47,
2026_07_29_02_32_08,000092,6,all-cavs,docs\doc_workspace\SGCP\artifacts\early_from_late_checkpoint_20260719\enable_coperception_early_from_attentive.yaml,selective_edgecooper_global_pmax,full-frame,grid,,,,,,,singleton,20,60.0,1078800,1078800,1566304,49,49,6,6;15,15,"{""15"": 12}","{""6"": 13289, ""15"": 1412}",22592,1.2565072302558398,10,40.0,60.0,,,,,2.0,2.0,1,1,"{""6"": 13289}",,2,ns3,899,0.5,10,12,28,,,[],[],,15,15,52,
2026_07_29_02_32_08,000092,7,all-cavs,docs\doc_workspace\SGCP\artifacts\early_from_late_checkpoint_20260719\enable_coperception_early_from_attentive.yaml,selective_edgecooper_global_pmax,full-frame,grid,,,,,,,singleton,20,60.0,1078800,1078800,1566304,49,49,7,7;4;5;12,4;5;12,"{""4"": 12, ""5"": 12, ""12"": 12}","{""4"": 1175, ""5"": 1182, ""7"": 13967, ""12"": 1612}",63504,3.5319243604004447,10,40.0,60.0,,,,,2.0,2.0,1,1,"{""7"": 13967}",,2,ns3,899,0.5,10,12,28,,,[],[],,4;5;12,30,47,
2026_07_29_02_32_08,000092,8,all-cavs,docs\doc_workspace\SGCP\artifacts\early_from_late_checkpoint_20260719\enable_coperception_early_from_attentive.yaml,selective_edgecooper_global_pmax,full-frame,grid,,,,,,,singleton,20,60.0,1078800,1078800,1566304,49,49,8,8;2;11;12,2;11;12,"{""2"": 12, ""11"": 12, ""12"": 12}","{""2"": 1772, ""8"": 13736, ""11"": 1530, ""12"": 2133}",86960,4.8364849833147945,10,40.0,60.0,,,,,2.0,2.0,1,1,"{""8"": 13736}",,2,ns3,899,0.5,10,12,28,,,[],[],,2;11;12,30,47,
2026_07_29_02_32_08,000092,9,all-cavs,docs\doc_workspace\SGCP\artifacts\early_from_late_checkpoint_20260719\enable_coperception_early_from_attentive.yaml,selective_edgecooper_global_pmax,full-frame,grid,,,,,,,singleton,20,60.0,1078800,1078800,1566304,49,49,9,9;11;13;19,11;13;19,"{""11"": 12, ""13"": 12, ""19"": 11}","{""9"": 13812, ""11"": 2100, ""13"": 1144, ""19"": 582}",61216,3.4046718576195776,10,40.0,60.0,,,,,2.0,2.0,1,1,"{""9"": 13812}",,2,ns3,899,0.5,10,12,28,,,[],[],,11;13;19,28,54,
2026_07_29_02_32_08,000092,10,all-cavs,docs\doc_workspace\SGCP\artifacts\early_from_late_checkpoint_20260719\enable_coperception_early_from_attentive.yaml,selective_edgecooper_global_pmax,full-frame,grid,,,,,,,singleton,20,60.0,1078800,1078800,1566304,49,49,10,10;5;8;9,5;8;9,"{""5"": 12, ""8"": 13, ""9"": 12}","{""5"": 1616, ""8"": 1463, ""9"": 793, ""10"": 13986}",61952,3.445606229143493,10,40.0,60.0,,,,,2.0,2.0,1,1,"{""10"": 13986}",,2,ns3,899,0.5,10,12,28,,,[],[],,5;8;9,35,68,
2026_07_29_02_32_08,000092,11,all-cavs,docs\doc_workspace\SGCP\artifacts\early_from_late_checkpoint_20260719\enable_coperception_early_from_attentive.yaml,selective_edgecooper_global_pmax,full-frame,grid,,,,,,,singleton,20,60.0,1078800,1078800,1566304,49,49,11,11;1;8;10,1;8;10,"{""1"": 12, ""8"": 12, ""10"": 12}","{""1"": 812, ""8"": 968, ""10"": 1666, ""11"": 13865}",55136,3.0665183537263627,10,40.0,60.0,,,,,2.0,2.0,1,1,"{""11"": 13865}",,2,ns3,899,0.5,10,12,28,,,[],[],,1;8;10,31,68,
2026_07_29_02_32_08,000092,12,all-cavs,docs\doc_workspace\SGCP\artifacts\early_from_late_checkpoint_20260719\enable_coperception_early_from_attentive.yaml,selective_edgecooper_global_pmax,full-frame,grid,,,,,,,singleton,20,60.0,1078800,1078800,1566304,49,49,12,12;4;7,4;7,"{""4"": 12, ""7"": 12}","{""4"": 1170, ""7"": 1827, ""12"": 14115}",47952,2.666963292547275,10,40.0,60.0,,,,,2.0,2.0,1,1,"{""12"": 14115}",,2,ns3,899,0.5,10,12,28,,,[],[],,4;7,25,53,
2026_07_29_02_32_08,000092,13,all-cavs,docs\doc_workspace\SGCP\artifacts\early_from_late_checkpoint_20260719\enable_coperception_early_from_attentive.yaml,selective_edgecooper_global_pmax,full-frame,grid,,,,,,,singleton,20,60.0,1078800,1078800,1566304,49,49,13,13;9;10;19,9;10;19,"{""9"": 12, ""10"": 12, ""19"": 12}","{""9"": 682, ""10"": 1295, ""13"": 13577, ""19"": 560}",40592,2.25761957730812,10,40.0,60.0,,,,,2.0,2.0,1,1,"{""13"": 13577}",,2,ns3,899,0.5,10,12,28,,,[],[],,9;10;19,21,56,
2026_07_29_02_32_08,000092,14,all-cavs,docs\doc_workspace\SGCP\artifacts\early_from_late_checkpoint_20260719\enable_coperception_early_from_attentive.yaml,selective_edgecooper_global_pmax,full-frame,grid,,,,,,,singleton,20,60.0,1078800,1078800,1566304,49,49,14,14,,{},"{""14"": 14072}",0,0.0,10,40.0,60.0,,,,,2.0,2.0,0,,{},,2,ns3,899,0.5,10,12,28,,,[],[],,,4,9,
2026_07_29_02_32_08,000092,15,all-cavs,docs\doc_workspace\SGCP\artifacts\early_from_late_checkpoint_20260719\enable_coperception_early_from_attentive.yaml,selective_edgecooper_global_pmax,full-frame,grid,,,,,,,singleton,20,60.0,1078800,1078800,1566304,49,49,15,15;6,6,"{""6"": 12}","{""6"": 1682, ""15"": 13570}",26912,1.4967741935483871,10,40.0,60.0,,,,,2.0,2.0,1,1,"{""15"": 13570}",,2,ns3,899,0.5,10,12,28,,,[],[],,6,15,61,
2026_07_29_02_32_08,000092,16,all-cavs,docs\doc_workspace\SGCP\artifacts\early_from_late_checkpoint_20260719\enable_coperception_early_from_attentive.yaml,selective_edgecooper_global_pmax,full-frame,grid,,,,,,,singleton,20,60.0,1078800,1078800,1566304,49,49,16,16;3;17;20,3;17;20,"{""3"": 12, ""17"": 12, ""20"": 12}","{""3"": 1629, ""16"": 14026, ""17"": 1474, ""20"": 860}",63408,3.526585094549499,10,40.0,60.0,,,,,2.0,2.0,1,1,"{""16"": 14026}",,2,ns3,899,0.5,10,12,28,,,[],[],,3;17;20,29,69,
2026_07_29_02_32_08,000092,17,all-cavs,docs\doc_workspace\SGCP\artifacts\early_from_late_checkpoint_20260719\enable_coperception_early_from_attentive.yaml,selective_edgecooper_global_pmax,full-frame,grid,,,,,,,singleton,20,60.0,1078800,1078800,1566304,49,49,17,17;3;16,3;16,"{""3"": 12, ""16"": 12}","{""3"": 1066, ""16"": 1730, ""17"": 14182}",44736,2.4880978865406007,10,40.0,60.0,,,,,2.0,2.0,1,1,"{""17"": 14182}",,2,ns3,899,0.5,10,12,28,,,[],[],,3;16,25,65,
2026_07_29_02_32_08,000092,18,all-cavs,docs\doc_workspace\SGCP\artifacts\early_from_late_checkpoint_20260719\enable_coperception_early_from_attentive.yaml,selective_edgecooper_global_pmax,full-frame,grid,,,,,,,singleton,20,60.0,1078800,1078800,1566304,49,49,18,18;3,3,"{""3"": 12}","{""3"": 1807, ""18"": 14082}",28912,1.6080088987764183,10,40.0,60.0,,,,,2.0,2.0,1,1,"{""18"": 14082}",,2,ns3,899,0.5,10,12,28,,,[],[],,3,15,40,
2026_07_29_02_32_08,000092,19,all-cavs,docs\doc_workspace\SGCP\artifacts\early_from_late_checkpoint_20260719\enable_coperception_early_from_attentive.yaml,selective_edgecooper_global_pmax,full-frame,grid,,,,,,,singleton,20,60.0,1078800,1078800,1566304,49,49,19,19;9;13;20,9;13;20,"{""9"": 12, ""13"": 12, ""20"": 12}","{""9"": 898, ""13"": 1200, ""19"": 13697, ""20"": 2291}",70224,3.9056729699666293,10,40.0,60.0,,,,,2.0,2.0,1,1,"{""19"": 13697}",,2,ns3,899,0.5,10,12,28,,,[],[],,9;13;20,22,56,
2026_07_29_02_32_08,000092,20,all-cavs,docs\doc_workspace\SGCP\artifacts\early_from_late_checkpoint_20260719\enable_coperception_early_from_attentive.yaml,selective_edgecooper_global_pmax,full-frame,grid,,,,,,,singleton,20,60.0,1078800,1078800,1566304,49,49,20,20;5;7;19,5;7;19,"{""5"": 12, ""7"": 12, ""19"": 12}","{""5"": 651, ""7"": 1567, ""19"": 1668, ""20"": 13912}",62176,3.458064516129032,10,40.0,60.0,,,,,2.0,2.0,1,1,"{""20"": 13912}",,2,ns3,899,0.5,10,12,28,,,[],[],,5;7;19,28,59,
2026_07_29_02_32_08,000094,1,all-cavs,docs\doc_workspace\SGCP\artifacts\early_from_late_checkpoint_20260719\enable_coperception_early_from_attentive.yaml,selective_edgecooper_global_pmax,full-frame,grid,,,,,,,singleton,20,60.0,1078800,1078800,1497440,48,48,1,1;2;4;8,2;4;8,"{""2"": 13, ""4"": 13, ""8"": 11}","{""1"": 13962, ""2"": 1470, ""4"": 2130, ""8"": 891}",71856,3.996440489432703,10,40.0,60.0,,,,,2.0,2.0,1,1,"{""1"": 13962}",,2,ns3,899,0.5,10,12,28,,,[],[],,2;4;8,33,72,
2026_07_29_02_32_08,000094,2,all-cavs,docs\doc_workspace\SGCP\artifacts\early_from_late_checkpoint_20260719\enable_coperception_early_from_attentive.yaml,selective_edgecooper_global_pmax,full-frame,grid,,,,,,,singleton,20,60.0,1078800,1078800,1497440,48,48,2,2;1;11,1;11,"{""1"": 13, ""11"": 13}","{""1"": 737, ""2"": 13842, ""11"": 1032}",28304,1.5741935483870968,10,40.0,60.0,,,,,2.0,2.0,1,1,"{""2"": 13842}",,2,ns3,899,0.5,10,12,28,,,[],[],,1;11,21,70,
2026_07_29_02_32_08,000094,3,all-cavs,docs\doc_workspace\SGCP\artifacts\early_from_late_checkpoint_20260719\enable_coperception_early_from_attentive.yaml,selective_edgecooper_global_pmax,full-frame,grid,,,,,,,singleton,20,60.0,1078800,1078800,1497440,48,48,3,3;16;17;18,16;17;18,"{""16"": 13, ""17"": 13, ""18"": 13}","{""3"": 14104, ""16"": 1961, ""17"": 1144, ""18"": 1934}",80624,4.484093437152391,10,40.0,60.0,,,,,2.0,2.0,1,1,"{""3"": 14104}",,2,ns3,899,0.5,10,12,28,,,[],[],,16;17;18,26,61,
2026_07_29_02_32_08,000094,4,all-cavs,docs\doc_workspace\SGCP\artifacts\early_from_late_checkpoint_20260719\enable_coperception_early_from_attentive.yaml,selective_edgecooper_global_pmax,full-frame,grid,,,,,,,singleton,20,60.0,1078800,1078800,1497440,48,48,4,4;1;7;12,1;7;12,"{""1"": 13, ""7"": 13, ""12"": 12}","{""1"": 2060, ""4"": 13766, ""7"": 1703, ""12"": 1218}",79696,4.432480533926586,10,40.0,60.0,,,,,2.0,2.0,1,1,"{""4"": 13766}",,2,ns3,899,0.5,10,12,28,,,[],[],,1;7;12,31,69,
2026_07_29_02_32_08,000094,5,all-cavs,docs\doc_workspace\SGCP\artifacts\early_from_late_checkpoint_20260719\enable_coperception_early_from_attentive.yaml,selective_edgecooper_global_pmax,full-frame,grid,,,,,,,singleton,20,60.0,1078800,1078800,1497440,48,48,5,5;7;13;20,7;13;20,"{""7"": 13, ""13"": 13, ""20"": 13}","{""5"": 13985, ""7"": 1807, ""13"": 2193, ""20"": 931}",78896,4.387986651835373,10,40.0,60.0,,,,,2.0,2.0,1,1,"{""5"": 13985}",,2,ns3,899,0.5,10,12,28,,,[],[],,7;13;20,30,48,
2026_07_29_02_32_08,000094,6,all-cavs,docs\doc_workspace\SGCP\artifacts\early_from_late_checkpoint_20260719\enable_coperception_early_from_attentive.yaml,selective_edgecooper_global_pmax,full-frame,grid,,,,,,,singleton,20,60.0,1078800,1078800,1497440,48,48,6,6;15,15,"{""15"": 13}","{""6"": 13290, ""15"": 1435}",22960,1.2769744160177976,10,40.0,60.0,,,,,2.0,2.0,1,1,"{""6"": 13290}",,2,ns3,899,0.5,10,12,28,,,[],[],,15,15,52,
2026_07_29_02_32_08,000094,7,all-cavs,docs\doc_workspace\SGCP\artifacts\early_from_late_checkpoint_20260719\enable_coperception_early_from_attentive.yaml,selective_edgecooper_global_pmax,full-frame,grid,,,,,,,singleton,20,60.0,1078800,1078800,1497440,48,48,7,7;4;12;20,4;12;20,"{""4"": 12, ""12"": 13, ""20"": 12}","{""4"": 1254, ""7"": 13950, ""12"": 1777, ""20"": 1390}",70736,3.934149054505005,10,40.0,60.0,,,,,2.0,2.0,1,1,"{""7"": 13950}",,2,ns3,899,0.5,10,12,28,,,[],[],,4;12;20,30,47,
2026_07_29_02_32_08,000094,8,all-cavs,docs\doc_workspace\SGCP\artifacts\early_from_late_checkpoint_20260719\enable_coperception_early_from_attentive.yaml,selective_edgecooper_global_pmax,full-frame,grid,,,,,,,singleton,20,60.0,1078800,1078800,1497440,48,48,8,8;1;11;12,1;11;12,"{""1"": 13, ""11"": 13, ""12"": 13}","{""1"": 1191, ""8"": 13735, ""11"": 1739, ""12"": 2255}",82960,4.614015572858731,10,40.0,60.0,,,,,2.0,2.0,1,1,"{""8"": 13735}",,2,ns3,899,0.5,10,12,28,,,[],[],,1;11;12,31,47,
2026_07_29_02_32_08,000094,9,all-cavs,docs\doc_workspace\SGCP\artifacts\early_from_late_checkpoint_20260719\enable_coperception_early_from_attentive.yaml,selective_edgecooper_global_pmax,full-frame,grid,,,,,,,singleton,20,60.0,1078800,1078800,1497440,48,48,9,9;5;13;19,5;13;19,"{""5"": 13, ""13"": 13, ""19"": 12}","{""5"": 1767, ""9"": 13811, ""13"": 1243, ""19"": 725}",59760,3.3236929922135703,10,40.0,60.0,,,,,2.0,2.0,1,1,"{""9"": 13811}",,2,ns3,899,0.5,10,12,28,,,[],[],,5;13;19,26,54,
2026_07_29_02_32_08,000094,10,all-cavs,docs\doc_workspace\SGCP\artifacts\early_from_late_checkpoint_20260719\enable_coperception_early_from_attentive.yaml,selective_edgecooper_global_pmax,full-frame,grid,,,,,,,singleton,20,60.0,1078800,1078800,1497440,48,48,10,10;5;8;9,5;8;9,"{""5"": 13, ""8"": 13, ""9"": 12}","{""5"": 1715, ""8"": 1513, ""9"": 794, ""10"": 13987}",64352,3.5790878754171302,10,40.0,60.0,,,,,2.0,2.0,1,1,"{""10"": 13987}",,2,ns3,899,0.5,10,12,28,,,[],[],,5;8;9,36,68,
2026_07_29_02_32_08,000094,11,all-cavs,docs\doc_workspace\SGCP\artifacts\early_from_late_checkpoint_20260719\enable_coperception_early_from_attentive.yaml,selective_edgecooper_global_pmax,full-frame,grid,,,,,,,singleton,20,60.0,1078800,1078800,1497440,48,48,11,11;2;8;10,2;8;10,"{""2"": 13, ""8"": 13, ""10"": 13}","{""2"": 1160, ""8"": 998, ""10"": 1855, ""11"": 13867}",64208,3.571078976640712,10,40.0,60.0,,,,,2.0,2.0,1,1,"{""11"": 13867}",,2,ns3,899,0.5,10,12,28,,,[],[],,2;8;10,32,68,
2026_07_29_02_32_08,000094,12,all-cavs,docs\doc_workspace\SGCP\artifacts\early_from_late_checkpoint_20260719\enable_coperception_early_from_attentive.yaml,selective_edgecooper_global_pmax,full-frame,grid,,,,,,,singleton,20,60.0,1078800,1078800,1497440,48,48,12,12;4;7,4;7,"{""4"": 13, ""7"": 13}","{""4"": 1254, ""7"": 1902, ""12"": 14132}",50496,2.8084538375973302,10,40.0,60.0,,,,,2.0,2.0,1,1,"{""12"": 14132}",,2,ns3,899,0.5,10,12,28,,,[],[],,4;7,24,53,
2026_07_29_02_32_08,000094,13,all-cavs,docs\doc_workspace\SGCP\artifacts\early_from_late_checkpoint_20260719\enable_coperception_early_from_attentive.yaml,selective_edgecooper_global_pmax,full-frame,grid,,,,,,,singleton,20,60.0,1078800,1078800,1497440,48,48,13,13;9;10;19,9;10;19,"{""9"": 13, ""10"": 13, ""19"": 13}","{""9"": 692, ""10"": 1356, ""13"": 13577, ""19"": 586}",42144,2.3439377085650723,10,40.0,60.0,,,,,2.0,2.0,1,1,"{""13"": 13577}",,2,ns3,899,0.5,10,12,28,,,[],[],,9;10;19,24,56,
2026_07_29_02_32_08,000094,14,all-cavs,docs\doc_workspace\SGCP\artifacts\early_from_late_checkpoint_20260719\enable_coperception_early_from_attentive.yaml,selective_edgecooper_global_pmax,full-frame,grid,,,,,,,singleton,20,60.0,1078800,1078800,1497440,48,48,14,14,,{},"{""14"": 14008}",0,0.0,10,40.0,60.0,,,,,2.0,2.0,0,,{},,2,ns3,899,0.5,10,12,28,,,[],[],,,5,9,
2026_07_29_02_32_08,000094,15,all-cavs,docs\doc_workspace\SGCP\artifacts\early_from_late_checkpoint_20260719\enable_coperception_early_from_attentive.yaml,selective_edgecooper_global_pmax,full-frame,grid,,,,,,,singleton,20,60.0,1078800,1078800,1497440,48,48,15,15;6,6,"{""6"": 13}","{""6"": 1985, ""15"": 13568}",31760,1.7664071190211346,10,40.0,60.0,,,,,2.0,2.0,1,1,"{""15"": 13568}",,2,ns3,899,0.5,10,12,28,,,[],[],,6,17,61,
2026_07_29_02_32_08,000094,16,all-cavs,docs\doc_workspace\SGCP\artifacts\early_from_late_checkpoint_20260719\enable_coperception_early_from_attentive.yaml,selective_edgecooper_global_pmax,full-frame,grid,,,,,,,singleton,20,60.0,1078800,1078800,1497440,48,48,16,16;3;17;20,3;17;20,"{""3"": 13, ""17"": 13, ""20"": 13}","{""3"": 1707, ""16"": 14054, ""17"": 1474, ""20"": 953}",66144,3.678754171301446,10,40.0,60.0,,,,,2.0,2.0,1,1,"{""16"": 14054}",,2,ns3,899,0.5,10,12,28,,,[],[],,3;17;20,35,69,
2026_07_29_02_32_08,000094,17,all-cavs,docs\doc_workspace\SGCP\artifacts\early_from_late_checkpoint_20260719\enable_coperception_early_from_attentive.yaml,selective_edgecooper_global_pmax,full-frame,grid,,,,,,,singleton,20,60.0,1078800,1078800,1497440,48,48,17,17;3;16,3;16,"{""3"": 13, ""16"": 13}","{""3"": 1113, ""16"": 1689, ""17"": 14181}",44832,2.493437152391546,10,40.0,60.0,,,,,2.0,2.0,1,1,"{""17"": 14181}",,2,ns3,899,0.5,10,12,28,,,[],[],,3;16,24,66,
2026_07_29_02_32_08,000094,18,all-cavs,docs\doc_workspace\SGCP\artifacts\early_from_late_checkpoint_20260719\enable_coperception_early_from_attentive.yaml,selective_edgecooper_global_pmax,full-frame,grid,,,,,,,singleton,20,60.0,1078800,1078800,1497440,48,48,18,18;3,3,"{""3"": 13}","{""3"": 1998, ""18"": 14076}",31968,1.77797552836485,10,40.0,60.0,,,,,2.0,2.0,1,1,"{""18"": 14076}",,2,ns3,899,0.5,10,12,28,,,[],[],,3,16,39,
2026_07_29_02_32_08,000094,19,all-cavs,docs\doc_workspace\SGCP\artifacts\early_from_late_checkpoint_20260719\enable_coperception_early_from_attentive.yaml,selective_edgecooper_global_pmax,full-frame,grid,,,,,,,singleton,20,60.0,1078800,1078800,1497440,48,48,19,19;9;10;13,9;10;13,"{""9"": 13, ""10"": 13, ""13"": 13}","{""9"": 589, ""10"": 1294, ""13"": 1260, ""19"": 13695}",50288,2.7968854282536153,10,40.0,60.0,,,,,2.0,2.0,1,1,"{""19"": 13695}",,2,ns3,899,0.5,10,12,28,,,[],[],,9;10;13,23,56,
2026_07_29_02_32_08,000094,20,all-cavs,docs\doc_workspace\SGCP\artifacts\early_from_late_checkpoint_20260719\enable_coperception_early_from_attentive.yaml,selective_edgecooper_global_pmax,full-frame,grid,,,,,,,singleton,20,60.0,1078800,1078800,1497440,48,48,20,20;5;16;19,5;16;19,"{""5"": 12, ""16"": 12, ""19"": 13}","{""5"": 729, ""16"": 1095, ""19"": 1727, ""20"": 13905}",56816,3.1599555061179085,10,40.0,60.0,,,,,2.0,2.0,1,1,"{""20"": 13905}",,2,ns3,899,0.5,10,12,28,,,[],[],,5;16;19,28,59,
2026_07_29_02_32_08,000096,1,all-cavs,docs\doc_workspace\SGCP\artifacts\early_from_late_checkpoint_20260719\enable_coperception_early_from_attentive.yaml,selective_edgecooper_global_pmax,full-frame,grid,,,,,,,singleton,20,60.0,1078800,1078800,1558304,49,49,1,1;2;4;8,2;4;8,"{""2"": 12, ""4"": 12, ""8"": 11}","{""1"": 13962, ""2"": 1384, ""4"": 2020, ""8"": 884}",68608,3.8157953281423804,10,40.0,60.0,,,,,2.0,2.0,1,1,"{""1"": 13962}",,2,ns3,899,0.5,10,12,28,,,[],[],,2;4;8,35,72,
2026_07_29_02_32_08,000096,2,all-cavs,docs\doc_workspace\SGCP\artifacts\early_from_late_checkpoint_20260719\enable_coperception_early_from_attentive.yaml,selective_edgecooper_global_pmax,full-frame,grid,,,,,,,singleton,20,60.0,1078800,1078800,1558304,49,49,2,2;1;10;11,1;10;11,"{""1"": 12, ""10"": 12, ""11"": 10}","{""1"": 683, ""2"": 13853, ""10"": 2026, ""11"": 608}",53072,2.9517241379310346,10,40.0,60.0,,,,,2.0,2.0,1,1,"{""2"": 13853}",,2,ns3,899,0.5,10,12,28,,,[],[],,1;10;11,28,70,
2026_07_29_02_32_08,000096,3,all-cavs,docs\doc_workspace\SGCP\artifacts\early_from_late_checkpoint_20260719\enable_coperception_early_from_attentive.yaml,selective_edgecooper_global_pmax,full-frame,grid,,,,,,,singleton,20,60.0,1078800,1078800,1558304,49,49,3,3;16;17;18,16;17;18,"{""16"": 12, ""17"": 12, ""18"": 13}","{""3"": 14114, ""16"": 1860, ""17"": 1102, ""18"": 1919}",78096,4.34349276974416,10,40.0,60.0,,,,,2.0,2.0,1,1,"{""3"": 14114}",,2,ns3,899,0.5,10,12,28,,,[],[],,16;17;18,25,61,
2026_07_29_02_32_08,000096,4,all-cavs,docs\doc_workspace\SGCP\artifacts\early_from_late_checkpoint_20260719\enable_coperception_early_from_attentive.yaml,selective_edgecooper_global_pmax,full-frame,grid,,,,,,,singleton,20,60.0,1078800,1078800,1558304,49,49,4,4;1;7;12,1;7;12,"{""1"": 12, ""7"": 12, ""12"": 12}","{""1"": 1972, ""4"": 13769, ""7"": 1600, ""12"": 1234}",76896,4.276751946607342,10,40.0,60.0,,,,,2.0,2.0,1,1,"{""4"": 13769}",,2,ns3,899,0.5,10,12,28,,,[],[],,1;7;12,32,69,
2026_07_29_02_32_08,000096,5,all-cavs,docs\doc_workspace\SGCP\artifacts\early_from_late_checkpoint_20260719\enable_coperception_early_from_attentive.yaml,selective_edgecooper_global_pmax,full-frame,grid,,,,,,,singleton,20,60.0,1078800,1078800,1558304,49,49,5,5;7;13;20,7;13;20,"{""7"": 12, ""13"": 12, ""20"": 12}","{""5"": 14010, ""7"": 1708, ""13"": 2038, ""20"": 825}",73136,4.0676307007786425,10,40.0,60.0,,,,,2.0,2.0,1,1,"{""5"": 14010}",,2,ns3,899,0.5,10,12,28,,,[],[],,7;13;20,25,48,
2026_07_29_02_32_08,000096,6,all-cavs,docs\doc_workspace\SGCP\artifacts\early_from_late_checkpoint_20260719\enable_coperception_early_from_attentive.yaml,selective_edgecooper_global_pmax,full-frame,grid,,,,,,,singleton,20,60.0,1078800,1078800,1558304,49,49,6,6;15,15,"{""15"": 13}","{""6"": 13277, ""15"": 1310}",20960,1.1657397107897665,10,40.0,60.0,,,,,2.0,2.0,1,1,"{""6"": 13277}",,2,ns3,899,0.5,10,12,28,,,[],[],,15,15,52,
2026_07_29_02_32_08,000096,7,all-cavs,docs\doc_workspace\SGCP\artifacts\early_from_late_checkpoint_20260719\enable_coperception_early_from_attentive.yaml,selective_edgecooper_global_pmax,full-frame,grid,,,,,,,singleton,20,60.0,1078800,1078800,1558304,49,49,7,7;4;5;12,4;5;12,"{""4"": 12, ""5"": 12, ""12"": 12}","{""4"": 1264, ""5"": 1252, ""7"": 13966, ""12"": 1600}",65856,3.6627363737486096,10,40.0,60.0,,,,,2.0,2.0,1,1,"{""7"": 13966}",,2,ns3,899,0.5,10,12,28,,,[],[],,4;5;12,30,47,
2026_07_29_02_32_08,000096,8,all-cavs,docs\doc_workspace\SGCP\artifacts\early_from_late_checkpoint_20260719\enable_coperception_early_from_attentive.yaml,selective_edgecooper_global_pmax,full-frame,grid,,,,,,,singleton,20,60.0,1078800,1078800,1558304,49,49,8,8;1;11;12,1;11;12,"{""1"": 12, ""11"": 12, ""12"": 12}","{""1"": 1179, ""8"": 13737, ""11"": 1636, ""12"": 2137}",79232,4.406674082313682,10,40.0,60.0,,,,,2.0,2.0,1,1,"{""8"": 13737}",,2,ns3,899,0.5,10,12,28,,,[],[],,1;11;12,30,47,
2026_07_29_02_32_08,000096,9,all-cavs,docs\doc_workspace\SGCP\artifacts\early_from_late_checkpoint_20260719\enable_coperception_early_from_attentive.yaml,selective_edgecooper_global_pmax,full-frame,grid,,,,,,,singleton,20,60.0,1078800,1078800,1558304,49,49,9,9;13;19,13;19,"{""13"": 12, ""19"": 12}","{""9"": 13810, ""13"": 1204, ""19"": 749}",31248,1.7379310344827585,10,40.0,60.0,,,,,2.0,2.0,1,1,"{""9"": 13810}",,2,ns3,899,0.5,10,12,28,,,[],[],,13;19,21,54,
2026_07_29_02_32_08,000096,10,all-cavs,docs\doc_workspace\SGCP\artifacts\early_from_late_checkpoint_20260719\enable_coperception_early_from_attentive.yaml,selective_edgecooper_global_pmax,full-frame,grid,,,,,,,singleton,20,60.0,1078800,1078800,1558304,49,49,10,10;5;9;11,5;9;11,"{""5"": 12, ""9"": 12, ""11"": 12}","{""5"": 1684, ""9"": 779, ""10"": 13986, ""11"": 1766}",67664,3.76329254727475,10,40.0,60.0,,,,,2.0,2.0,1,1,"{""10"": 13986}",,2,ns3,899,0.5,10,12,28,,,[],[],,5;9;11,32,68,
2026_07_29_02_32_08,000096,11,all-cavs,docs\doc_workspace\SGCP\artifacts\early_from_late_checkpoint_20260719\enable_coperception_early_from_attentive.yaml,selective_edgecooper_global_pmax,full-frame,grid,,,,,,,singleton,20,60.0,1078800,1078800,1558304,49,49,11,11;2;8;10,2;8;10,"{""2"": 12, ""8"": 12, ""10"": 12}","{""2"": 1157, ""8"": 965, ""10"": 1739, ""11"": 13865}",61776,3.435817575083426,10,40.0,60.0,,,,,2.0,2.0,1,1,"{""11"": 13865}",,2,ns3,899,0.5,10,12,28,,,[],[],,2;8;10,31,68,
2026_07_29_02_32_08,000096,12,all-cavs,docs\doc_workspace\SGCP\artifacts\early_from_late_checkpoint_20260719\enable_coperception_early_from_attentive.yaml,selective_edgecooper_global_pmax,full-frame,grid,,,,,,,singleton,20,60.0,1078800,1078800,1558304,49,49,12,12;4;7;8,4;7;8,"{""4"": 12, ""7"": 12, ""8"": 13}","{""4"": 907, ""7"": 1749, ""8"": 1561, ""12"": 14132}",67472,3.7526140155728585,10,40.0,60.0,,,,,2.0,2.0,1,1,"{""12"": 14132}",,2,ns3,899,0.5,10,12,28,,,[],[],,4;7;8,30,53,
2026_07_29_02_32_08,000096,13,all-cavs,docs\doc_workspace\SGCP\artifacts\early_from_late_checkpoint_20260719\enable_coperception_early_from_attentive.yaml,selective_edgecooper_global_pmax,full-frame,grid,,,,,,,singleton,20,60.0,1078800,1078800,1558304,49,49,13,13;9;10;19,9;10;19,"{""9"": 13, ""10"": 12, ""19"": 12}","{""9"": 684, ""10"": 1301, ""13"": 13525, ""19"": 613}",41568,2.311902113459399,10,40.0,60.0,,,,,2.0,2.0,1,1,"{""13"": 13525}",,2,ns3,899,0.5,10,12,28,,,[],[],,9;10;19,21,54,
2026_07_29_02_32_08,000096,14,all-cavs,docs\doc_workspace\SGCP\artifacts\early_from_late_checkpoint_20260719\enable_coperception_early_from_attentive.yaml,selective_edgecooper_global_pmax,full-frame,grid,,,,,,,singleton,20,60.0,1078800,1078800,1558304,49,49,14,14,,{},"{""14"": 13863}",0,0.0,10,40.0,60.0,,,,,2.0,2.0,0,,{},,2,ns3,899,0.5,10,12,28,,,[],[],,,4,9,
2026_07_29_02_32_08,000096,15,all-cavs,docs\doc_workspace\SGCP\artifacts\early_from_late_checkpoint_20260719\enable_coperception_early_from_attentive.yaml,selective_edgecooper_global_pmax,full-frame,grid,,,,,,,singleton,20,60.0,1078800,1078800,1558304,49,49,15,15;6,6,"{""6"": 12}","{""6"": 1883, ""15"": 13554}",30128,1.6756395995550613,10,40.0,60.0,,,,,2.0,2.0,1,1,"{""15"": 13554}",,2,ns3,899,0.5,10,12,28,,,[],[],,6,18,61,
2026_07_29_02_32_08,000096,16,all-cavs,docs\doc_workspace\SGCP\artifacts\early_from_late_checkpoint_20260719\enable_coperception_early_from_attentive.yaml,selective_edgecooper_global_pmax,full-frame,grid,,,,,,,singleton,20,60.0,1078800,1078800,1558304,49,49,16,16;3;17;20,3;17;20,"{""3"": 12, ""17"": 12, ""20"": 12}","{""3"": 1602, ""16"": 14023, ""17"": 1360, ""20"": 905}",61872,3.4411568409343714,10,40.0,60.0,,,,,2.0,2.0,1,1,"{""16"": 14023}",,2,ns3,899,0.5,10,12,28,,,[],[],,3;17;20,31,69,
2026_07_29_02_32_08,000096,17,all-cavs,docs\doc_workspace\SGCP\artifacts\early_from_late_checkpoint_20260719\enable_coperception_early_from_attentive.yaml,selective_edgecooper_global_pmax,full-frame,grid,,,,,,,singleton,20,60.0,1078800,1078800,1558304,49,49,17,17;3;16,3;16,"{""3"": 12, ""16"": 12}","{""3"": 1143, ""16"": 1641, ""17"": 14183}",44544,2.47741935483871,10,40.0,60.0,,,,,2.0,2.0,1,1,"{""17"": 14183}",,2,ns3,899,0.5,10,12,28,,,[],[],,3;16,23,66,
2026_07_29_02_32_08,000096,18,all-cavs,docs\doc_workspace\SGCP\artifacts\early_from_late_checkpoint_20260719\enable_coperception_early_from_attentive.yaml,selective_edgecooper_global_pmax,full-frame,grid,,,,,,,singleton,20,60.0,1078800,1078800,1558304,49,49,18,18;3,3,"{""3"": 12}","{""3"": 1840, ""18"": 14073}",29440,1.6373748609566185,10,40.0,60.0,,,,,2.0,2.0,1,1,"{""18"": 14073}",,2,ns3,899,0.5,10,12,28,,,[],[],,3,16,39,
2026_07_29_02_32_08,000096,19,all-cavs,docs\doc_workspace\SGCP\artifacts\early_from_late_checkpoint_20260719\enable_coperception_early_from_attentive.yaml,selective_edgecooper_global_pmax,full-frame,grid,,,,,,,singleton,20,60.0,1078800,1078800,1558304,49,49,19,19;9;13;20,9;13;20,"{""9"": 12, ""13"": 12, ""20"": 12}","{""9"": 894, ""13"": 1282, ""19"": 13696, ""20"": 2294}",71520,3.977753058954394,10,40.0,60.0,,,,,2.0,2.0,1,1,"{""19"": 13696}",,2,ns3,899,0.5,10,12,28,,,[],[],,9;13;20,20,56,
2026_07_29_02_32_08,000096,20,all-cavs,docs\doc_workspace\SGCP\artifacts\early_from_late_checkpoint_20260719\enable_coperception_early_from_attentive.yaml,selective_edgecooper_global_pmax,full-frame,grid,,,,,,,singleton,20,60.0,1078800,1078800,1558304,49,49,20,20;5;16;19,5;16;19,"{""5"": 12, ""16"": 12, ""19"": 12}","{""5"": 733, ""16"": 1111, ""19"": 1638, ""20"": 13901}",55712,3.0985539488320355,10,40.0,60.0,,,,,2.0,2.0,1,1,"{""20"": 13901}",,2,ns3,899,0.5,10,12,28,,,[],[],,5;16;19,29,59,
2026_07_29_02_32_08,000098,1,all-cavs,docs\doc_workspace\SGCP\artifacts\early_from_late_checkpoint_20260719\enable_coperception_early_from_attentive.yaml,selective_edgecooper_global_pmax,full-frame,grid,,,,,,,singleton,20,60.0,1078800,1078800,1637904,49,49,1,1;2;4;8,2;4;8,"{""2"": 11, ""4"": 11, ""8"": 10}","{""1"": 13964, ""2"": 1272, ""4"": 1899, ""8"": 850}",64336,3.578197997775306,10,40.0,60.0,,,,,2.0,2.0,1,1,"{""1"": 13964}",,2,ns3,899,0.5,10,12,28,,,[],[],,2;4;8,32,72,
2026_07_29_02_32_08,000098,2,all-cavs,docs\doc_workspace\SGCP\artifacts\early_from_late_checkpoint_20260719\enable_coperception_early_from_attentive.yaml,selective_edgecooper_global_pmax,full-frame,grid,,,,,,,singleton,20,60.0,1078800,1078800,1637904,49,49,2,2;1;10;15,1;10;15,"{""1"": 11, ""10"": 11, ""15"": 12}","{""1"": 869, ""2"": 13857, ""10"": 1790, ""15"": 1458}",65872,3.6636262513904336,10,40.0,60.0,,,,,2.0,2.0,1,1,"{""2"": 13857}",,2,ns3,899,0.5,10,12,28,,,[],[],,1;10;15,26,70,
2026_07_29_02_32_08,000098,3,all-cavs,docs\doc_workspace\SGCP\artifacts\early_from_late_checkpoint_20260719\enable_coperception_early_from_attentive.yaml,selective_edgecooper_global_pmax,full-frame,grid,,,,,,,singleton,20,60.0,1078800,1078800,1637904,49,49,3,3;16;17;18,16;17;18,"{""16"": 11, ""17"": 12, ""18"": 12}","{""3"": 14132, ""16"": 1708, ""17"": 1145, ""18"": 1813}",74656,4.152169076751947,10,40.0,60.0,,,,,2.0,2.0,1,1,"{""3"": 14132}",,2,ns3,899,0.5,10,12,28,,,[],[],,16;17;18,24,61,
2026_07_29_02_32_08,000098,4,all-cavs,docs\doc_workspace\SGCP\artifacts\early_from_late_checkpoint_20260719\enable_coperception_early_from_attentive.yaml,selective_edgecooper_global_pmax,full-frame,grid,,,,,,,singleton,20,60.0,1078800,1078800,1637904,49,49,4,4;1;7;12,1;7;12,"{""1"": 12, ""7"": 11, ""12"": 11}","{""1"": 1982, ""4"": 13767, ""7"": 1498, ""12"": 1159}",74224,4.128142380422692,10,40.0,60.0,,,,,2.0,2.0,1,1,"{""4"": 13767}",,2,ns3,899,0.5,10,12,28,,,[],[],,1;7;12,32,69,
2026_07_29_02_32_08,000098,5,all-cavs,docs\doc_workspace\SGCP\artifacts\early_from_late_checkpoint_20260719\enable_coperception_early_from_attentive.yaml,selective_edgecooper_global_pmax,full-frame,grid,,,,,,,singleton,20,60.0,1078800,1078800,1637904,49,49,5,5;7;19;20,7;19;20,"{""7"": 11, ""19"": 11, ""20"": 11}","{""5"": 13978, ""7"": 1634, ""19"": 1695, ""20"": 735}",65024,3.6164627363737485,10,40.0,60.0,,,,,2.0,2.0,1,1,"{""5"": 13978}",,2,ns3,899,0.5,10,12,28,,,[],[],,7;19;20,25,48,
2026_07_29_02_32_08,000098,6,all-cavs,docs\doc_workspace\SGCP\artifacts\early_from_late_checkpoint_20260719\enable_coperception_early_from_attentive.yaml,selective_edgecooper_global_pmax,full-frame,grid,,,,,,,singleton,20,60.0,1078800,1078800,1637904,49,49,6,6;15,15,"{""15"": 12}","{""6"": 13298, ""15"": 1189}",19024,1.0580645161290323,10,40.0,60.0,,,,,2.0,2.0,1,1,"{""6"": 13298}",,2,ns3,899,0.5,10,12,28,,,[],[],,15,16,53,
2026_07_29_02_32_08,000098,7,all-cavs,docs\doc_workspace\SGCP\artifacts\early_from_late_checkpoint_20260719\enable_coperception_early_from_attentive.yaml,selective_edgecooper_global_pmax,full-frame,grid,,,,,,,singleton,20,60.0,1078800,1078800,1637904,49,49,7,7;4;5;12,4;5;12,"{""4"": 11, ""5"": 12, ""12"": 12}","{""4"": 1197, ""5"": 1253, ""7"": 13937, ""12"": 1771}",67536,3.7561735261401554,10,40.0,60.0,,,,,2.0,2.0,1,1,"{""7"": 13937}",,2,ns3,899,0.5,10,12,28,,,[],[],,4;5;12,29,46,
2026_07_29_02_32_08,000098,8,all-cavs,docs\doc_workspace\SGCP\artifacts\early_from_late_checkpoint_20260719\enable_coperception_early_from_attentive.yaml,selective_edgecooper_global_pmax,full-frame,grid,,,,,,,singleton,20,60.0,1078800,1078800,1637904,49,49,8,8;1;11;12,1;11;12,"{""1"": 11, ""11"": 11, ""12"": 11}","{""1"": 1258, ""8"": 13742, ""11"": 1422, ""12"": 1974}",74464,4.141490545050056,10,40.0,60.0,,,,,2.0,2.0,1,1,"{""8"": 13742}",,2,ns3,899,0.5,10,12,28,,,[],[],,1;11;12,30,47,
2026_07_29_02_32_08,000098,9,all-cavs,docs\doc_workspace\SGCP\artifacts\early_from_late_checkpoint_20260719\enable_coperception_early_from_attentive.yaml,selective_edgecooper_global_pmax,full-frame,grid,,,,,,,singleton,20,60.0,1078800,1078800,1637904,49,49,9,9;11;13,11;13,"{""11"": 11, ""13"": 11}","{""9"": 13810, ""11"": 1918, ""13"": 1262}",50880,2.829810901001112,10,40.0,60.0,,,,,2.0,2.0,1,1,"{""9"": 13810}",,2,ns3,899,0.5,10,12,28,,,[],[],,11;13,26,54,
2026_07_29_02_32_08,000098,10,all-cavs,docs\doc_workspace\SGCP\artifacts\early_from_late_checkpoint_20260719\enable_coperception_early_from_attentive.yaml,selective_edgecooper_global_pmax,full-frame,grid,,,,,,,singleton,20,60.0,1078800,1078800,1637904,49,49,10,10;5;8;9,5;8;9,"{""5"": 12, ""8"": 12, ""9"": 11}","{""5"": 1722, ""8"": 1452, ""9"": 747, ""10"": 13986}",62736,3.489210233592881,10,40.0,60.0,,,,,2.0,2.0,1,1,"{""10"": 13986}",,2,ns3,899,0.5,10,12,28,,,[],[],,5;8;9,31,68,
2026_07_29_02_32_08,000098,11,all-cavs,docs\doc_workspace\SGCP\artifacts\early_from_late_checkpoint_20260719\enable_coperception_early_from_attentive.yaml,selective_edgecooper_global_pmax,full-frame,grid,,,,,,,singleton,20,60.0,1078800,1078800,1637904,49,49,11,11;2;8;10,2;8;10,"{""2"": 11, ""8"": 12, ""10"": 11}","{""2"": 1102, ""8"": 965, ""10"": 1612, ""11"": 13864}",58864,3.2738598442714126,10,40.0,60.0,,,,,2.0,2.0,1,1,"{""11"": 13864}",,2,ns3,899,0.5,10,12,28,,,[],[],,2;8;10,28,68,
2026_07_29_02_32_08,000098,12,all-cavs,docs\doc_workspace\SGCP\artifacts\early_from_late_checkpoint_20260719\enable_coperception_early_from_attentive.yaml,selective_edgecooper_global_pmax,full-frame,grid,,,,,,,singleton,20,60.0,1078800,1078800,1637904,49,49,12,12;4;7,4;7,"{""4"": 11, ""7"": 12}","{""4"": 1148, ""7"": 1728, ""12"": 14159}",46016,2.5592880978865407,10,40.0,60.0,,,,,2.0,2.0,1,1,"{""12"": 14159}",,2,ns3,899,0.5,10,12,28,,,[],[],,4;7,22,53,
2026_07_29_02_32_08,000098,13,all-cavs,docs\doc_workspace\SGCP\artifacts\early_from_late_checkpoint_20260719\enable_coperception_early_from_attentive.yaml,selective_edgecooper_global_pmax,full-frame,grid,,,,,,,singleton,20,60.0,1078800,1078800,1637904,49,49,13,13;9;10;19,9;10;19,"{""9"": 12, ""10"": 11, ""19"": 11}","{""9"": 692, ""10"": 1294, ""13"": 13562, ""19"": 634}",41920,2.331479421579533,10,40.0,60.0,,,,,2.0,2.0,1,1,"{""13"": 13562}",,2,ns3,899,0.5,10,12,28,,,[],[],,9;10;19,21,53,
2026_07_29_02_32_08,000098,14,all-cavs,docs\doc_workspace\SGCP\artifacts\early_from_late_checkpoint_20260719\enable_coperception_early_from_attentive.yaml,selective_edgecooper_global_pmax,full-frame,grid,,,,,,,singleton,20,60.0,1078800,1078800,1637904,49,49,14,14,,{},"{""14"": 13798}",0,0.0,10,40.0,60.0,,,,,2.0,2.0,0,,{},,2,ns3,899,0.5,10,12,28,,,[],[],,,4,9,
2026_07_29_02_32_08,000098,15,all-cavs,docs\doc_workspace\SGCP\artifacts\early_from_late_checkpoint_20260719\enable_coperception_early_from_attentive.yaml,selective_edgecooper_global_pmax,full-frame,grid,,,,,,,singleton,20,60.0,1078800,1078800,1637904,49,49,15,15;2;6,2;6,"{""2"": 11, ""6"": 11}","{""2"": 1922, ""6"": 1769, ""15"": 13584}",59056,3.2845383759733036,10,40.0,60.0,,,,,2.0,2.0,1,1,"{""15"": 13584}",,2,ns3,899,0.5,10,12,28,,,[],[],,2;6,22,61,
2026_07_29_02_32_08,000098,16,all-cavs,docs\doc_workspace\SGCP\artifacts\early_from_late_checkpoint_20260719\enable_coperception_early_from_attentive.yaml,selective_edgecooper_global_pmax,full-frame,grid,,,,,,,singleton,20,60.0,1078800,1078800,1637904,49,49,16,16;3;17;20,3;17;20,"{""3"": 11, ""17"": 12, ""20"": 11}","{""3"": 1615, ""16"": 14050, ""17"": 1288, ""20"": 906}",60944,3.3895439377085648,10,40.0,60.0,,,,,2.0,2.0,1,1,"{""16"": 14050}",,2,ns3,899,0.5,10,12,28,,,[],[],,3;17;20,27,69,
2026_07_29_02_32_08,000098,17,all-cavs,docs\doc_workspace\SGCP\artifacts\early_from_late_checkpoint_20260719\enable_coperception_early_from_attentive.yaml,selective_edgecooper_global_pmax,full-frame,grid,,,,,,,singleton,20,60.0,1078800,1078800,1637904,49,49,17,17;3;16,3;16,"{""3"": 11, ""16"": 11}","{""3"": 1094, ""16"": 1485, ""17"": 14193}",41264,2.2949944382647387,10,40.0,60.0,,,,,2.0,2.0,1,1,"{""17"": 14193}",,2,ns3,899,0.5,10,12,28,,,[],[],,3;16,24,66,
2026_07_29_02_32_08,000098,18,all-cavs,docs\doc_workspace\SGCP\artifacts\early_from_late_checkpoint_20260719\enable_coperception_early_from_attentive.yaml,selective_edgecooper_global_pmax,full-frame,grid,,,,,,,singleton,20,60.0,1078800,1078800,1637904,49,49,18,18;3,3,"{""3"": 11}","{""3"": 1720, ""18"": 14055}",27520,1.5305895439377086,10,40.0,60.0,,,,,2.0,2.0,1,1,"{""18"": 14055}",,2,ns3,899,0.5,10,12,28,,,[],[],,3,15,37,
2026_07_29_02_32_08,000098,19,all-cavs,docs\doc_workspace\SGCP\artifacts\early_from_late_checkpoint_20260719\enable_coperception_early_from_attentive.yaml,selective_edgecooper_global_pmax,full-frame,grid,,,,,,,singleton,20,60.0,1078800,1078800,1637904,49,49,19,19;9;13;20,9;13;20,"{""9"": 11, ""13"": 12, ""20"": 11}","{""9"": 857, ""13"": 1329, ""19"": 13696, ""20"": 2119}",68880,3.8309232480533923,10,40.0,60.0,,,,,2.0,2.0,1,1,"{""19"": 13696}",,2,ns3,899,0.5,10,12,28,,,[],[],,9;13;20,23,56,
2026_07_29_02_32_08,000098,20,all-cavs,docs\doc_workspace\SGCP\artifacts\early_from_late_checkpoint_20260719\enable_coperception_early_from_attentive.yaml,selective_edgecooper_global_pmax,full-frame,grid,,,,,,,singleton,20,60.0,1078800,1078800,1637904,49,49,20,20;5;16;19,5;16;19,"{""5"": 11, ""16"": 11, ""19"": 12}","{""5"": 623, ""16"": 1197, ""19"": 1654, ""20"": 13901}",55584,3.0914349276974415,10,40.0,60.0,,,,,2.0,2.0,1,1,"{""20"": 13901}",,2,ns3,899,0.5,10,12,28,,,[],[],,5;16;19,26,59,
2026_07_29_02_32_08,000100,1,all-cavs,docs\doc_workspace\SGCP\artifacts\early_from_late_checkpoint_20260719\enable_coperception_early_from_attentive.yaml,selective_edgecooper_global_pmax,full-frame,grid,,,,,,,singleton,20,60.0,1078800,1078800,1698032,50,50,1,1;2;4;8,2;4;8,"{""2"": 10, ""4"": 11, ""8"": 9}","{""1"": 13960, ""2"": 1138, ""4"": 1891, ""8"": 848}",62032,3.450055617352614,10,40.0,60.0,,,,,2.0,2.0,1,1,"{""1"": 13960}",,2,ns3,899,0.5,10,12,28,,,[],[],,2;4;8,32,72,
2026_07_29_02_32_08,000100,2,all-cavs,docs\doc_workspace\SGCP\artifacts\early_from_late_checkpoint_20260719\enable_coperception_early_from_attentive.yaml,selective_edgecooper_global_pmax,full-frame,grid,,,,,,,singleton,20,60.0,1078800,1078800,1698032,50,50,2,2;1;10;15,1;10;15,"{""1"": 10, ""10"": 10, ""15"": 11}","{""1"": 847, ""2"": 13841, ""10"": 1664, ""15"": 1402}",62608,3.482091212458287,10,40.0,60.0,,,,,2.0,2.0,1,1,"{""2"": 13841}",,2,ns3,899,0.5,10,12,28,,,[],[],,1;10;15,28,70,
2026_07_29_02_32_08,000100,3,all-cavs,docs\doc_workspace\SGCP\artifacts\early_from_late_checkpoint_20260719\enable_coperception_early_from_attentive.yaml,selective_edgecooper_global_pmax,full-frame,grid,,,,,,,singleton,20,60.0,1078800,1078800,1698032,50,50,3,3;16;17;18,16;17;18,"{""16"": 11, ""17"": 11, ""18"": 11}","{""3"": 14146, ""16"": 1653, ""17"": 1034, ""18"": 1699}",70176,3.9030033370411568,10,40.0,60.0,,,,,2.0,2.0,1,1,"{""3"": 14146}",,2,ns3,899,0.5,10,12,28,,,[],[],,16;17;18,23,61,
2026_07_29_02_32_08,000100,4,all-cavs,docs\doc_workspace\SGCP\artifacts\early_from_late_checkpoint_20260719\enable_coperception_early_from_attentive.yaml,selective_edgecooper_global_pmax,full-frame,grid,,,,,,,singleton,20,60.0,1078800,1078800,1698032,50,50,4,4;1;7;12,1;7;12,"{""1"": 11, ""7"": 11, ""12"": 10}","{""1"": 1880, ""4"": 13767, ""7"": 1494, ""12"": 1075}",71184,3.959065628476085,10,40.0,60.0,,,,,2.0,2.0,1,1,"{""4"": 13767}",,2,ns3,899,0.5,10,12,28,,,[],[],,1;7;12,33,68,
2026_07_29_02_32_08,000100,5,all-cavs,docs\doc_workspace\SGCP\artifacts\early_from_late_checkpoint_20260719\enable_coperception_early_from_attentive.yaml,selective_edgecooper_global_pmax,full-frame,grid,,,,,,,singleton,20,60.0,1078800,1078800,1698032,50,50,5,5;7;16;19,7;16;19,"{""7"": 11, ""16"": 11, ""19"": 11}","{""5"": 13987, ""7"": 1539, ""16"": 1170, ""19"": 1707}",70656,3.929699666295884,10,40.0,60.0,,,,,2.0,2.0,1,1,"{""5"": 13987}",,2,ns3,899,0.5,10,12,28,,,[],[],,7;16;19,27,48,
2026_07_29_02_32_08,000100,6,all-cavs,docs\doc_workspace\SGCP\artifacts\early_from_late_checkpoint_20260719\enable_coperception_early_from_attentive.yaml,selective_edgecooper_global_pmax,full-frame,grid,,,,,,,singleton,20,60.0,1078800,1078800,1698032,50,50,6,6;15,15,"{""15"": 11}","{""6"": 13332, ""15"": 1214}",19424,1.0803114571746384,10,40.0,60.0,,,,,2.0,2.0,1,1,"{""6"": 13332}",,2,ns3,899,0.5,10,12,28,,,[],[],,15,16,53,
2026_07_29_02_32_08,000100,7,all-cavs,docs\doc_workspace\SGCP\artifacts\early_from_late_checkpoint_20260719\enable_coperception_early_from_attentive.yaml,selective_edgecooper_global_pmax,full-frame,grid,,,,,,,singleton,20,60.0,1078800,1078800,1698032,50,50,7,7;4;5;12,4;5;12,"{""4"": 10, ""5"": 11, ""12"": 11}","{""4"": 1090, ""5"": 1189, ""7"": 13964, ""12"": 1696}",63600,3.53726362625139,10,40.0,60.0,,,,,2.0,2.0,1,1,"{""7"": 13964}",,2,ns3,899,0.5,10,12,28,,,[],[],,4;5;12,32,47,
2026_07_29_02_32_08,000100,8,all-cavs,docs\doc_workspace\SGCP\artifacts\early_from_late_checkpoint_20260719\enable_coperception_early_from_attentive.yaml,selective_edgecooper_global_pmax,full-frame,grid,,,,,,,singleton,20,60.0,1078800,1078800,1698032,50,50,8,8;1;11;12,1;11;12,"{""1"": 11, ""11"": 11, ""12"": 11}","{""1"": 1280, ""8"": 13738, ""11"": 1421, ""12"": 1973}",74784,4.159288097886541,10,40.0,60.0,,,,,2.0,2.0,1,1,"{""8"": 13738}",,2,ns3,899,0.5,10,12,28,,,[],[],,1;11;12,31,47,
2026_07_29_02_32_08,000100,9,all-cavs,docs\doc_workspace\SGCP\artifacts\early_from_late_checkpoint_20260719\enable_coperception_early_from_attentive.yaml,selective_edgecooper_global_pmax,full-frame,grid,,,,,,,singleton,20,60.0,1078800,1078800,1698032,50,50,9,9;11;13,11;13,"{""11"": 11, ""13"": 11}","{""9"": 13806, ""11"": 1918, ""13"": 1269}",50992,2.8360400444938825,10,40.0,60.0,,,,,2.0,2.0,1,1,"{""9"": 13806}",,2,ns3,899,0.5,10,12,28,,,[],[],,11;13,25,54,
2026_07_29_02_32_08,000100,10,all-cavs,docs\doc_workspace\SGCP\artifacts\early_from_late_checkpoint_20260719\enable_coperception_early_from_attentive.yaml,selective_edgecooper_global_pmax,full-frame,grid,,,,,,,singleton,20,60.0,1078800,1078800,1698032,50,50,10,10;5;8;9,5;8;9,"{""5"": 11, ""8"": 11, ""9"": 11}","{""5"": 1661, ""8"": 1408, ""9"": 744, ""10"": 13984}",61008,3.3931034482758617,10,40.0,60.0,,,,,2.0,2.0,1,1,"{""10"": 13984}",,2,ns3,899,0.5,10,12,28,,,[],[],,5;8;9,29,68,
2026_07_29_02_32_08,000100,11,all-cavs,docs\doc_workspace\SGCP\artifacts\early_from_late_checkpoint_20260719\enable_coperception_early_from_attentive.yaml,selective_edgecooper_global_pmax,full-frame,grid,,,,,,,singleton,20,60.0,1078800,1078800,1698032,50,50,11,11;2;8;10,2;8;10,"{""2"": 10, ""8"": 11, ""10"": 10}","{""2"": 1057, ""8"": 931, ""10"": 1479, ""11"": 13862}",55472,3.0852057842046716,10,40.0,60.0,,,,,2.0,2.0,1,1,"{""11"": 13862}",,2,ns3,899,0.5,10,12,28,,,[],[],,2;8;10,29,68,
2026_07_29_02_32_08,000100,12,all-cavs,docs\doc_workspace\SGCP\artifacts\early_from_late_checkpoint_20260719\enable_coperception_early_from_attentive.yaml,selective_edgecooper_global_pmax,full-frame,grid,,,,,,,singleton,20,60.0,1078800,1078800,1698032,50,50,12,12;4;7,4;7,"{""4"": 10, ""7"": 11}","{""4"": 1097, ""7"": 1715, ""12"": 14139}",44992,2.5023359288097886,10,40.0,60.0,,,,,2.0,2.0,1,1,"{""12"": 14139}",,2,ns3,899,0.5,10,12,28,,,[],[],,4;7,21,53,
2026_07_29_02_32_08,000100,13,all-cavs,docs\doc_workspace\SGCP\artifacts\early_from_late_checkpoint_20260719\enable_coperception_early_from_attentive.yaml,selective_edgecooper_global_pmax,full-frame,grid,,,,,,,singleton,20,60.0,1078800,1078800,1698032,50,50,13,13;9;10;19,9;10;19,"{""9"": 11, ""10"": 10, ""19"": 10}","{""9"": 711, ""10"": 1183, ""13"": 13544, ""19"": 673}",41072,2.2843159065628478,10,40.0,60.0,,,,,2.0,2.0,1,1,"{""13"": 13544}",,2,ns3,899,0.5,10,12,28,,,[],[],,9;10;19,21,52,
2026_07_29_02_32_08,000100,14,all-cavs,docs\doc_workspace\SGCP\artifacts\early_from_late_checkpoint_20260719\enable_coperception_early_from_attentive.yaml,selective_edgecooper_global_pmax,full-frame,grid,,,,,,,singleton,20,60.0,1078800,1078800,1698032,50,50,14,14,,{},"{""14"": 13829}",0,0.0,10,40.0,60.0,,,,,2.0,2.0,0,,{},,2,ns3,899,0.5,10,12,28,,,[],[],,,4,9,
2026_07_29_02_32_08,000100,15,all-cavs,docs\doc_workspace\SGCP\artifacts\early_from_late_checkpoint_20260719\enable_coperception_early_from_attentive.yaml,selective_edgecooper_global_pmax,full-frame,grid,,,,,,,singleton,20,60.0,1078800,1078800,1698032,50,50,15,15;2;6,2;6,"{""2"": 11, ""6"": 11}","{""2"": 1909, ""6"": 1780, ""15"": 13585}",59024,3.282758620689655,10,40.0,60.0,,,,,2.0,2.0,1,1,"{""15"": 13585}",,2,ns3,899,0.5,10,12,28,,,[],[],,2;6,24,61,
2026_07_29_02_32_08,000100,16,all-cavs,docs\doc_workspace\SGCP\artifacts\early_from_late_checkpoint_20260719\enable_coperception_early_from_attentive.yaml,selective_edgecooper_global_pmax,full-frame,grid,,,,,,,singleton,20,60.0,1078800,1078800,1698032,50,50,16,16;3;17;20,3;17;20,"{""3"": 11, ""17"": 11, ""20"": 10}","{""3"": 1602, ""16"": 14037, ""17"": 1148, ""20"": 917}",58672,3.2631813125695217,10,40.0,60.0,,,,,2.0,2.0,1,1,"{""16"": 14037}",,2,ns3,899,0.5,10,12,28,,,[],[],,3;17;20,28,69,
2026_07_29_02_32_08,000100,17,all-cavs,docs\doc_workspace\SGCP\artifacts\early_from_late_checkpoint_20260719\enable_coperception_early_from_attentive.yaml,selective_edgecooper_global_pmax,full-frame,grid,,,,,,,singleton,20,60.0,1078800,1078800,1698032,50,50,17,17;3;16;20,3;16;20,"{""3"": 10, ""16"": 10, ""20"": 10}","{""3"": 1038, ""16"": 1101, ""17"": 14181, ""20"": 1274}",54608,3.0371523915461625,10,40.0,60.0,,,,,2.0,2.0,1,1,"{""17"": 14181}",,2,ns3,899,0.5,10,12,28,,,[],[],,3;16;20,26,66,
2026_07_29_02_32_08,000100,18,all-cavs,docs\doc_workspace\SGCP\artifacts\early_from_late_checkpoint_20260719\enable_coperception_early_from_attentive.yaml,selective_edgecooper_global_pmax,full-frame,grid,,,,,,,singleton,20,60.0,1078800,1078800,1698032,50,50,18,18;3,3,"{""3"": 11}","{""3"": 1616, ""18"": 14037}",25856,1.4380422691879866,10,40.0,60.0,,,,,2.0,2.0,1,1,"{""18"": 14037}",,2,ns3,899,0.5,10,12,28,,,[],[],,3,14,37,
2026_07_29_02_32_08,000100,19,all-cavs,docs\doc_workspace\SGCP\artifacts\early_from_late_checkpoint_20260719\enable_coperception_early_from_attentive.yaml,selective_edgecooper_global_pmax,full-frame,grid,,,,,,,singleton,20,60.0,1078800,1078800,1698032,50,50,19,19;9;13;20,9;13;20,"{""9"": 10, ""13"": 11, ""20"": 11}","{""9"": 802, ""13"": 1285, ""19"": 13697, ""20"": 2119}",67296,3.742825361512792,10,40.0,60.0,,,,,2.0,2.0,1,1,"{""19"": 13697}",,2,ns3,899,0.5,10,12,28,,,[],[],,9;13;20,23,56,
2026_07_29_02_32_08,000100,20,all-cavs,docs\doc_workspace\SGCP\artifacts\early_from_late_checkpoint_20260719\enable_coperception_early_from_attentive.yaml,selective_edgecooper_global_pmax,full-frame,grid,,,,,,,singleton,20,60.0,1078800,1078800,1698032,50,50,20,20;5;17;19,5;17;19,"{""5"": 10, ""17"": 11, ""19"": 11}","{""5"": 577, ""17"": 1904, ""19"": 1603, ""20"": 13900}",65344,3.634260289210234,10,40.0,60.0,,,,,2.0,2.0,1,1,"{""20"": 13900}",,2,ns3,899,0.5,10,12,28,,,[],[],,5;17;19,31,59,
2026_07_29_02_32_08,000102,1,all-cavs,docs\doc_workspace\SGCP\artifacts\early_from_late_checkpoint_20260719\enable_coperception_early_from_attentive.yaml,selective_edgecooper_global_pmax,full-frame,grid,,,,,,,singleton,20,60.0,1078800,1078800,1614064,50,50,1,1;2;4;8,2;4;8,"{""2"": 11, ""4"": 12, ""8"": 10}","{""1"": 13962, ""2"": 1231, ""4"": 1990, ""8"": 852}",65168,3.624471635150167,10,40.0,60.0,,,,,2.0,2.0,1,1,"{""1"": 13962}",,2,ns3,899,0.5,10,12,28,,,[],[],,2;4;8,30,72,
2026_07_29_02_32_08,000102,2,all-cavs,docs\doc_workspace\SGCP\artifacts\early_from_late_checkpoint_20260719\enable_coperception_early_from_attentive.yaml,selective_edgecooper_global_pmax,full-frame,grid,,,,,,,singleton,20,60.0,1078800,1078800,1614064,50,50,2,2;1;11;15,1;11;15,"{""1"": 11, ""11"": 11, ""15"": 12}","{""1"": 632, ""2"": 13837, ""11"": 926, ""15"": 1448}",48096,2.674972191323693,10,40.0,60.0,,,,,2.0,2.0,1,1,"{""2"": 13837}",,2,ns3,899,0.5,10,12,28,,,[],[],,1;11;15,25,70,
2026_07_29_02_32_08,000102,3,all-cavs,docs\doc_workspace\SGCP\artifacts\early_from_late_checkpoint_20260719\enable_coperception_early_from_attentive.yaml,selective_edgecooper_global_pmax,full-frame,grid,,,,,,,singleton,20,60.0,1078800,1078800,1614064,50,50,3,3;16;17;18,16;17;18,"{""16"": 12, ""17"": 10, ""18"": 12}","{""3"": 14165, ""16"": 1773, ""17"": 981, ""18"": 1736}",71840,3.995550611790879,10,40.0,60.0,,,,,2.0,2.0,1,1,"{""3"": 14165}",,2,ns3,899,0.5,10,12,28,,,[],[],,16;17;18,25,61,
2026_07_29_02_32_08,000102,4,all-cavs,docs\doc_workspace\SGCP\artifacts\early_from_late_checkpoint_20260719\enable_coperception_early_from_attentive.yaml,selective_edgecooper_global_pmax,full-frame,grid,,,,,,,singleton,20,60.0,1078800,1078800,1614064,50,50,4,4;1;7;12,1;7;12,"{""1"": 12, ""7"": 11, ""12"": 11}","{""1"": 2028, ""4"": 13767, ""7"": 1503, ""12"": 1224}",76080,4.231368186874305,10,40.0,60.0,,,,,2.0,2.0,1,1,"{""4"": 13767}",,2,ns3,899,0.5,10,12,28,,,[],[],,1;7;12,33,66,
2026_07_29_02_32_08,000102,5,all-cavs,docs\doc_workspace\SGCP\artifacts\early_from_late_checkpoint_20260719\enable_coperception_early_from_attentive.yaml,selective_edgecooper_global_pmax,full-frame,grid,,,,,,,singleton,20,60.0,1078800,1078800,1614064,50,50,5,5;16;19;20,16;19;20,"{""16"": 11, ""19"": 12, ""20"": 10}","{""5"": 14011, ""16"": 1361, ""19"": 1817, ""20"": 690}",61888,3.442046718576196,10,40.0,60.0,,,,,2.0,2.0,1,1,"{""5"": 14011}",,2,ns3,899,0.5,10,12,28,,,[],[],,16;19;20,26,49,
2026_07_29_02_32_08,000102,6,all-cavs,docs\doc_workspace\SGCP\artifacts\early_from_late_checkpoint_20260719\enable_coperception_early_from_attentive.yaml,selective_edgecooper_global_pmax,full-frame,grid,,,,,,,singleton,20,60.0,1078800,1078800,1614064,50,50,6,6;15,15,"{""15"": 12}","{""6"": 13347, ""15"": 1202}",19232,1.0696329254727475,10,40.0,60.0,,,,,2.0,2.0,1,1,"{""6"": 13347}",,2,ns3,899,0.5,10,12,28,,,[],[],,15,16,52,
2026_07_29_02_32_08,000102,7,all-cavs,docs\doc_workspace\SGCP\artifacts\early_from_late_checkpoint_20260719\enable_coperception_early_from_attentive.yaml,selective_edgecooper_global_pmax,full-frame,grid,,,,,,,singleton,20,60.0,1078800,1078800,1614064,50,50,7,7;4;5;12,4;5;12,"{""4"": 11, ""5"": 12, ""12"": 12}","{""4"": 1166, ""5"": 1272, ""7"": 13941, ""12"": 1796}",67744,3.7677419354838713,10,40.0,60.0,,,,,2.0,2.0,1,1,"{""7"": 13941}",,2,ns3,899,0.5,10,12,28,,,[],[],,4;5;12,29,48,
2026_07_29_02_32_08,000102,8,all-cavs,docs\doc_workspace\SGCP\artifacts\early_from_late_checkpoint_20260719\enable_coperception_early_from_attentive.yaml,selective_edgecooper_global_pmax,full-frame,grid,,,,,,,singleton,20,60.0,1078800,1078800,1614064,50,50,8,8;1;11;12,1;11;12,"{""1"": 11, ""11"": 11, ""12"": 12}","{""1"": 1303, ""8"": 13738, ""11"": 1420, ""12"": 1992}",75440,4.1957730812013345,10,40.0,60.0,,,,,2.0,2.0,1,1,"{""8"": 13738}",,2,ns3,899,0.5,10,12,28,,,[],[],,1;11;12,31,47,
2026_07_29_02_32_08,000102,9,all-cavs,docs\doc_workspace\SGCP\artifacts\early_from_late_checkpoint_20260719\enable_coperception_early_from_attentive.yaml,selective_edgecooper_global_pmax,full-frame,grid,,,,,,,singleton,20,60.0,1078800,1078800,1614064,50,50,9,9;11;13,11;13,"{""11"": 11, ""13"": 12}","{""9"": 13806, ""11"": 1918, ""13"": 1364}",52512,2.920578420467186,10,40.0,60.0,,,,,2.0,2.0,1,1,"{""9"": 13806}",,2,ns3,899,0.5,10,12,28,,,[],[],,11;13,27,54,
2026_07_29_02_32_08,000102,10,all-cavs,docs\doc_workspace\SGCP\artifacts\early_from_late_checkpoint_20260719\enable_coperception_early_from_attentive.yaml,selective_edgecooper_global_pmax,full-frame,grid,,,,,,,singleton,20,60.0,1078800,1078800,1614064,50,50,10,10;5;8;9,5;8;9,"{""5"": 12, ""8"": 12, ""9"": 11}","{""5"": 1789, ""8"": 1464, ""9"": 743, ""10"": 13984}",63936,3.5559510567297,10,40.0,60.0,,,,,2.0,2.0,1,1,"{""10"": 13984}",,2,ns3,899,0.5,10,12,28,,,[],[],,5;8;9,30,68,
2026_07_29_02_32_08,000102,11,all-cavs,docs\doc_workspace\SGCP\artifacts\early_from_late_checkpoint_20260719\enable_coperception_early_from_attentive.yaml,selective_edgecooper_global_pmax,full-frame,grid,,,,,,,singleton,20,60.0,1078800,1078800,1614064,50,50,11,11;2;8;10,2;8;10,"{""2"": 11, ""8"": 12, ""10"": 12}","{""2"": 1116, ""8"": 966, ""10"": 1735, ""11"": 13862}",61072,3.3966629588431587,10,40.0,60.0,,,,,2.0,2.0,1,1,"{""11"": 13862}",,2,ns3,899,0.5,10,12,28,,,[],[],,2;8;10,27,68,
2026_07_29_02_32_08,000102,12,all-cavs,docs\doc_workspace\SGCP\artifacts\early_from_late_checkpoint_20260719\enable_coperception_early_from_attentive.yaml,selective_edgecooper_global_pmax,full-frame,grid,,,,,,,singleton,20,60.0,1078800,1078800,1614064,50,50,12,12;4;7,4;7,"{""4"": 11, ""7"": 12}","{""4"": 1221, ""7"": 1823, ""12"": 14169}",48704,2.7087875417130145,10,40.0,60.0,,,,,2.0,2.0,1,1,"{""12"": 14169}",,2,ns3,899,0.5,10,12,28,,,[],[],,4;7,23,52,
2026_07_29_02_32_08,000102,13,all-cavs,docs\doc_workspace\SGCP\artifacts\early_from_late_checkpoint_20260719\enable_coperception_early_from_attentive.yaml,selective_edgecooper_global_pmax,full-frame,grid,,,,,,,singleton,20,60.0,1078800,1078800,1614064,50,50,13,13;9;10;19,9;10;19,"{""9"": 12, ""10"": 11, ""19"": 11}","{""9"": 739, ""10"": 1243, ""13"": 13542, ""19"": 728}",43360,2.4115684093437153,10,40.0,60.0,,,,,2.0,2.0,1,1,"{""13"": 13542}",,2,ns3,899,0.5,10,12,28,,,[],[],,9;10;19,22,52,
2026_07_29_02_32_08,000102,14,all-cavs,docs\doc_workspace\SGCP\artifacts\early_from_late_checkpoint_20260719\enable_coperception_early_from_attentive.yaml,selective_edgecooper_global_pmax,full-frame,grid,,,,,,,singleton,20,60.0,1078800,1078800,1614064,50,50,14,14,,{},"{""14"": 13768}",0,0.0,10,40.0,60.0,,,,,2.0,2.0,0,,{},,2,ns3,899,0.5,10,12,28,,,[],[],,,5,9,
2026_07_29_02_32_08,000102,15,all-cavs,docs\doc_workspace\SGCP\artifacts\early_from_late_checkpoint_20260719\enable_coperception_early_from_attentive.yaml,selective_edgecooper_global_pmax,full-frame,grid,,,,,,,singleton,20,60.0,1078800,1078800,1614064,50,50,15,15;2;6,2;6,"{""2"": 12, ""6"": 12}","{""2"": 1716, ""6"": 1896, ""15"": 13594}",57792,3.214238042269188,10,40.0,60.0,,,,,2.0,2.0,1,1,"{""15"": 13594}",,2,ns3,899,0.5,10,12,28,,,[],[],,2;6,25,60,
2026_07_29_02_32_08,000102,16,all-cavs,docs\doc_workspace\SGCP\artifacts\early_from_late_checkpoint_20260719\enable_coperception_early_from_attentive.yaml,selective_edgecooper_global_pmax,full-frame,grid,,,,,,,singleton,20,60.0,1078800,1078800,1614064,50,50,16,16;3;17;20,3;17;20,"{""3"": 12, ""17"": 12, ""20"": 11}","{""3"": 1682, ""16"": 14049, ""17"": 1180, ""20"": 1032}",62304,3.465183537263626,10,40.0,60.0,,,,,2.0,2.0,1,1,"{""16"": 14049}",,2,ns3,899,0.5,10,12,28,,,[],[],,3;17;20,27,69,
2026_07_29_02_32_08,000102,17,all-cavs,docs\doc_workspace\SGCP\artifacts\early_from_late_checkpoint_20260719\enable_coperception_early_from_attentive.yaml,selective_edgecooper_global_pmax,full-frame,grid,,,,,,,singleton,20,60.0,1078800,1078800,1614064,50,50,17,17;3;16;20,3;16;20,"{""3"": 11, ""16"": 11, ""20"": 11}","{""3"": 1163, ""16"": 953, ""17"": 14188, ""20"": 1482}",57568,3.2017797552836487,10,40.0,60.0,,,,,2.0,2.0,1,1,"{""17"": 14188}",,2,ns3,899,0.5,10,12,28,,,[],[],,3;16;20,25,66,
2026_07_29_02_32_08,000102,18,all-cavs,docs\doc_workspace\SGCP\artifacts\early_from_late_checkpoint_20260719\enable_coperception_early_from_attentive.yaml,selective_edgecooper_global_pmax,full-frame,grid,,,,,,,singleton,20,60.0,1078800,1078800,1614064,50,50,18,18;3,3,"{""3"": 11}","{""3"": 1713, ""18"": 14030}",27408,1.524360400444939,10,40.0,60.0,,,,,2.0,2.0,1,1,"{""18"": 14030}",,2,ns3,899,0.5,10,12,28,,,[],[],,3,13,36,
2026_07_29_02_32_08,000102,19,all-cavs,docs\doc_workspace\SGCP\artifacts\early_from_late_checkpoint_20260719\enable_coperception_early_from_attentive.yaml,selective_edgecooper_global_pmax,full-frame,grid,,,,,,,singleton,20,60.0,1078800,1078800,1614064,50,50,19,19;9;10;13,9;10;13,"{""9"": 11, ""10"": 11, ""13"": 11}","{""9"": 633, ""10"": 1110, ""13"": 1339, ""19"": 13698}",49312,2.7426028921023358,10,40.0,60.0,,,,,2.0,2.0,1,1,"{""19"": 13698}",,2,ns3,899,0.5,10,12,28,,,[],[],,9;10;13,22,56,
2026_07_29_02_32_08,000102,20,all-cavs,docs\doc_workspace\SGCP\artifacts\early_from_late_checkpoint_20260719\enable_coperception_early_from_attentive.yaml,selective_edgecooper_global_pmax,full-frame,grid,,,,,,,singleton,20,60.0,1078800,1078800,1614064,50,50,20,20;5;17;19,5;17;19,"{""5"": 11, ""17"": 12, ""19"": 12}","{""5"": 567, ""17"": 2053, ""19"": 1714, ""20"": 13900}",69344,3.856729699666296,10,40.0,60.0,,,,,2.0,2.0,1,1,"{""20"": 13900}",,2,ns3,899,0.5,10,12,28,,,[],[],,5;17;19,31,58,
2026_07_29_02_32_08,000104,1,all-cavs,docs\doc_workspace\SGCP\artifacts\early_from_late_checkpoint_20260719\enable_coperception_early_from_attentive.yaml,selective_edgecooper_global_pmax,full-frame,grid,,,,,,,singleton,20,60.0,1078800,1078800,1674576,51,51,1,1;2;4;8,2;4;8,"{""2"": 11, ""4"": 11, ""8"": 10}","{""1"": 13965, ""2"": 1314, ""4"": 1867, ""8"": 852}",64528,3.5888765294771967,10,40.0,60.0,,,,,2.0,2.0,1,1,"{""1"": 13965}",,2,ns3,899,0.5,10,12,28,,,[],[],,2;4;8,33,72,
2026_07_29_02_32_08,000104,2,all-cavs,docs\doc_workspace\SGCP\artifacts\early_from_late_checkpoint_20260719\enable_coperception_early_from_attentive.yaml,selective_edgecooper_global_pmax,full-frame,grid,,,,,,,singleton,20,60.0,1078800,1078800,1674576,51,51,2,2;1;11;15,1;11;15,"{""1"": 11, ""11"": 11, ""15"": 11}","{""1"": 634, ""2"": 13840, ""11"": 922, ""15"": 1380}",46976,2.6126807563959953,10,40.0,60.0,,,,,2.0,2.0,1,1,"{""2"": 13840}",,2,ns3,899,0.5,10,12,28,,,[],[],,1;11;15,24,70,
2026_07_29_02_32_08,000104,3,all-cavs,docs\doc_workspace\SGCP\artifacts\early_from_late_checkpoint_20260719\enable_coperception_early_from_attentive.yaml,selective_edgecooper_global_pmax,full-frame,grid,,,,,,,singleton,20,60.0,1078800,1078800,1674576,51,51,3,3;16;17;18,16;17;18,"{""16"": 11, ""17"": 10, ""18"": 12}","{""3"": 14162, ""16"": 1673, ""17"": 1001, ""18"": 1701}",70000,3.89321468298109,10,40.0,60.0,,,,,2.0,2.0,1,1,"{""3"": 14162}",,2,ns3,899,0.5,10,12,28,,,[],[],,16;17;18,21,61,
2026_07_29_02_32_08,000104,4,all-cavs,docs\doc_workspace\SGCP\artifacts\early_from_late_checkpoint_20260719\enable_coperception_early_from_attentive.yaml,selective_edgecooper_global_pmax,full-frame,grid,,,,,,,singleton,20,60.0,1078800,1078800,1674576,51,51,4,4;1;7;12,1;7;12,"{""1"": 11, ""7"": 11, ""12"": 11}","{""1"": 1920, ""4"": 13768, ""7"": 1441, ""12"": 1315}",74816,4.161067853170189,10,40.0,60.0,,,,,2.0,2.0,1,1,"{""4"": 13768}",,2,ns3,899,0.5,10,12,28,,,[],[],,1;7;12,32,66,
2026_07_29_02_32_08,000104,5,all-cavs,docs\doc_workspace\SGCP\artifacts\early_from_late_checkpoint_20260719\enable_coperception_early_from_attentive.yaml,selective_edgecooper_global_pmax,full-frame,grid,,,,,,,singleton,20,60.0,1078800,1078800,1674576,51,51,5,5;9;16;20,9;16;20,"{""9"": 11, ""16"": 11, ""20"": 8}","{""5"": 14010, ""9"": 1736, ""16"": 1365, ""20"": 586}",58992,3.2809788654060066,10,40.0,60.0,,,,,2.0,2.0,1,1,"{""5"": 14010}",,2,ns3,899,0.5,10,12,28,,,[],[],,9;16;20,26,49,
2026_07_29_02_32_08,000104,6,all-cavs,docs\doc_workspace\SGCP\artifacts\early_from_late_checkpoint_20260719\enable_coperception_early_from_attentive.yaml,selective_edgecooper_global_pmax,full-frame,grid,,,,,,,singleton,20,60.0,1078800,1078800,1674576,51,51,6,6;15,15,"{""15"": 11}","{""6"": 13341, ""15"": 1202}",19232,1.0696329254727475,10,40.0,60.0,,,,,2.0,2.0,1,1,"{""6"": 13341}",,2,ns3,899,0.5,10,12,28,,,[],[],,15,17,52,
2026_07_29_02_32_08,000104,7,all-cavs,docs\doc_workspace\SGCP\artifacts\early_from_late_checkpoint_20260719\enable_coperception_early_from_attentive.yaml,selective_edgecooper_global_pmax,full-frame,grid,,,,,,,singleton,20,60.0,1078800,1078800,1674576,51,51,7,7;4;5;12,4;5;12,"{""4"": 11, ""5"": 11, ""12"": 11}","{""4"": 1171, ""5"": 1169, ""7"": 13958, ""12"": 1688}",64448,3.5844271412680757,10,40.0,60.0,,,,,2.0,2.0,1,1,"{""7"": 13958}",,2,ns3,899,0.5,10,12,28,,,[],[],,4;5;12,30,48,
2026_07_29_02_32_08,000104,8,all-cavs,docs\doc_workspace\SGCP\artifacts\early_from_late_checkpoint_20260719\enable_coperception_early_from_attentive.yaml,selective_edgecooper_global_pmax,full-frame,grid,,,,,,,singleton,20,60.0,1078800,1078800,1674576,51,51,8,8;1;11;12,1;11;12,"{""1"": 11, ""11"": 11, ""12"": 11}","{""1"": 1297, ""8"": 13736, ""11"": 1344, ""12"": 1973}",73824,4.105895439377086,10,40.0,60.0,,,,,2.0,2.0,1,1,"{""8"": 13736}",,2,ns3,899,0.5,10,12,28,,,[],[],,1;11;12,30,47,
2026_07_29_02_32_08,000104,9,all-cavs,docs\doc_workspace\SGCP\artifacts\early_from_late_checkpoint_20260719\enable_coperception_early_from_attentive.yaml,selective_edgecooper_global_pmax,full-frame,grid,,,,,,,singleton,20,60.0,1078800,1078800,1674576,51,51,9,9;11;13;19,11;13;19,"{""11"": 11, ""13"": 11, ""19"": 10}","{""9"": 13805, ""11"": 1921, ""13"": 1314, ""19"": 561}",60736,3.37797552836485,10,40.0,60.0,,,,,2.0,2.0,1,1,"{""9"": 13805}",,2,ns3,899,0.5,10,12,28,,,[],[],,11;13;19,25,54,
2026_07_29_02_32_08,000104,10,all-cavs,docs\doc_workspace\SGCP\artifacts\early_from_late_checkpoint_20260719\enable_coperception_early_from_attentive.yaml,selective_edgecooper_global_pmax,full-frame,grid,,,,,,,singleton,20,60.0,1078800,1078800,1674576,51,51,10,10;5;8;13,5;8;13,"{""5"": 11, ""8"": 12, ""13"": 11}","{""5"": 1705, ""8"": 1464, ""10"": 13985, ""13"": 1199}",69888,3.8869855394883204,10,40.0,60.0,,,,,2.0,2.0,1,1,"{""10"": 13985}",,2,ns3,899,0.5,10,12,28,,,[],[],,5;8;13,30,68,
2026_07_29_02_32_08,000104,11,all-cavs,docs\doc_workspace\SGCP\artifacts\early_from_late_checkpoint_20260719\enable_coperception_early_from_attentive.yaml,selective_edgecooper_global_pmax,full-frame,grid,,,,,,,singleton,20,60.0,1078800,1078800,1674576,51,51,11,11;2;8;10,2;8;10,"{""2"": 11, ""8"": 11, ""10"": 11}","{""2"": 1114, ""8"": 930, ""10"": 1607, ""11"": 13863}",58416,3.2489432703003334,10,40.0,60.0,,,,,2.0,2.0,1,1,"{""11"": 13863}",,2,ns3,899,0.5,10,12,28,,,[],[],,2;8;10,26,68,
2026_07_29_02_32_08,000104,12,all-cavs,docs\doc_workspace\SGCP\artifacts\early_from_late_checkpoint_20260719\enable_coperception_early_from_attentive.yaml,selective_edgecooper_global_pmax,full-frame,grid,,,,,,,singleton,20,60.0,1078800,1078800,1674576,51,51,12,12;4;7,4;7,"{""4"": 11, ""7"": 11}","{""4"": 1254, ""7"": 1721, ""12"": 14167}",47600,2.6473859844271415,10,40.0,60.0,,,,,2.0,2.0,1,1,"{""12"": 14167}",,2,ns3,899,0.5,10,12,28,,,[],[],,4;7,21,52,
2026_07_29_02_32_08,000104,13,all-cavs,docs\doc_workspace\SGCP\artifacts\early_from_late_checkpoint_20260719\enable_coperception_early_from_attentive.yaml,selective_edgecooper_global_pmax,full-frame,grid,,,,,,,singleton,20,60.0,1078800,1078800,1674576,51,51,13,13;9;10;19,9;10;19,"{""9"": 11, ""10"": 11, ""19"": 11}","{""9"": 727, ""10"": 1254, ""13"": 13509, ""19"": 727}",43328,2.409788654060067,10,40.0,60.0,,,,,2.0,2.0,1,1,"{""13"": 13509}",,2,ns3,899,0.5,10,12,28,,,[],[],,9;10;19,21,52,
2026_07_29_02_32_08,000104,14,all-cavs,docs\doc_workspace\SGCP\artifacts\early_from_late_checkpoint_20260719\enable_coperception_early_from_attentive.yaml,selective_edgecooper_global_pmax,full-frame,grid,,,,,,,singleton,20,60.0,1078800,1078800,1674576,51,51,14,14,,{},"{""14"": 13699}",0,0.0,10,40.0,60.0,,,,,2.0,2.0,0,,{},,2,ns3,899,0.5,10,12,28,,,[],[],,,4,9,
2026_07_29_02_32_08,000104,15,all-cavs,docs\doc_workspace\SGCP\artifacts\early_from_late_checkpoint_20260719\enable_coperception_early_from_attentive.yaml,selective_edgecooper_global_pmax,full-frame,grid,,,,,,,singleton,20,60.0,1078800,1078800,1674576,51,51,15,15;2;6,2;6,"{""2"": 11, ""6"": 11}","{""2"": 1807, ""6"": 1806, ""15"": 13579}",57808,3.215127919911012,10,40.0,60.0,,,,,2.0,2.0,1,1,"{""15"": 13579}",,2,ns3,899,0.5,10,12,28,,,[],[],,2;6,22,60,
2026_07_29_02_32_08,000104,16,all-cavs,docs\doc_workspace\SGCP\artifacts\early_from_late_checkpoint_20260719\enable_coperception_early_from_attentive.yaml,selective_edgecooper_global_pmax,full-frame,grid,,,,,,,singleton,20,60.0,1078800,1078800,1674576,51,51,16,16;3;7;20,3;7;20,"{""3"": 11, ""7"": 11, ""20"": 11}","{""3"": 1491, ""7"": 1648, ""16"": 14100, ""20"": 962}",65616,3.6493882091212457,10,40.0,60.0,,,,,2.0,2.0,1,1,"{""16"": 14100}",,2,ns3,899,0.5,10,12,28,,,[],[],,3;7;20,27,69,
2026_07_29_02_32_08,000104,17,all-cavs,docs\doc_workspace\SGCP\artifacts\early_from_late_checkpoint_20260719\enable_coperception_early_from_attentive.yaml,selective_edgecooper_global_pmax,full-frame,grid,,,,,,,singleton,20,60.0,1078800,1078800,1674576,51,51,17,17;3;16;20,3;16;20,"{""3"": 11, ""16"": 11, ""20"": 11}","{""3"": 1240, ""16"": 838, ""17"": 14180, ""20"": 1588}",58656,3.2622914349276977,10,40.0,60.0,,,,,2.0,2.0,1,1,"{""17"": 14180}",,2,ns3,899,0.5,10,12,28,,,[],[],,3;16;20,28,66,
2026_07_29_02_32_08,000104,18,all-cavs,docs\doc_workspace\SGCP\artifacts\early_from_late_checkpoint_20260719\enable_coperception_early_from_attentive.yaml,selective_edgecooper_global_pmax,full-frame,grid,,,,,,,singleton,20,60.0,1078800,1078800,1674576,51,51,18,18;3,3,"{""3"": 11}","{""3"": 1742, ""18"": 13996}",27872,1.550166852057842,10,40.0,60.0,,,,,2.0,2.0,1,1,"{""18"": 13996}",,2,ns3,899,0.5,10,12,28,,,[],[],,3,14,36,
2026_07_29_02_32_08,000104,19,all-cavs,docs\doc_workspace\SGCP\artifacts\early_from_late_checkpoint_20260719\enable_coperception_early_from_attentive.yaml,selective_edgecooper_global_pmax,full-frame,grid,,,,,,,singleton,20,60.0,1078800,1078800,1674576,51,51,19,19;9;10;13,9;10;13,"{""9"": 11, ""10"": 11, ""13"": 11}","{""9"": 632, ""10"": 1112, ""13"": 1370, ""19"": 13695}",49824,2.771078976640712,10,40.0,60.0,,,,,2.0,2.0,1,1,"{""19"": 13695}",,2,ns3,899,0.5,10,12,28,,,[],[],,9;10;13,23,56,
2026_07_29_02_32_08,000104,20,all-cavs,docs\doc_workspace\SGCP\artifacts\early_from_late_checkpoint_20260719\enable_coperception_early_from_attentive.yaml,selective_edgecooper_global_pmax,full-frame,grid,,,,,,,singleton,20,60.0,1078800,1078800,1674576,51,51,20,20;5;17;19,5;17;19,"{""5"": 11, ""17"": 11, ""19"": 12}","{""5"": 547, ""17"": 1905, ""19"": 1688, ""20"": 13895}",66240,3.6840934371523915,10,40.0,60.0,,,,,2.0,2.0,1,1,"{""20"": 13895}",,2,ns3,899,0.5,10,12,28,,,[],[],,5;17;19,30,58,
2026_07_29_02_32_08,000106,1,all-cavs,docs\doc_workspace\SGCP\artifacts\early_from_late_checkpoint_20260719\enable_coperception_early_from_attentive.yaml,selective_edgecooper_global_pmax,full-frame,grid,,,,,,,singleton,20,60.0,1078800,1078800,1768912,51,51,1,1;2;4;8,2;4;8,"{""2"": 10, ""4"": 10, ""8"": 9}","{""1"": 13961, ""2"": 1220, ""4"": 1751, ""8"": 815}",60576,3.3690767519466074,10,40.0,60.0,,,,,2.0,2.0,1,1,"{""1"": 13961}",,2,ns3,899,0.5,10,12,28,,,[],[],,2;4;8,33,71,
2026_07_29_02_32_08,000106,2,all-cavs,docs\doc_workspace\SGCP\artifacts\early_from_late_checkpoint_20260719\enable_coperception_early_from_attentive.yaml,selective_edgecooper_global_pmax,full-frame,grid,,,,,,,singleton,20,60.0,1078800,1078800,1768912,51,51,2,2;1;10;15,1;10;15,"{""1"": 10, ""10"": 10, ""15"": 11}","{""1"": 758, ""2"": 13835, ""10"": 1590, ""15"": 1354}",59232,3.2943270300333705,10,40.0,60.0,,,,,2.0,2.0,1,1,"{""2"": 13835}",,2,ns3,899,0.5,10,12,28,,,[],[],,1;10;15,29,70,
2026_07_29_02_32_08,000106,3,all-cavs,docs\doc_workspace\SGCP\artifacts\early_from_late_checkpoint_20260719\enable_coperception_early_from_attentive.yaml,selective_edgecooper_global_pmax,full-frame,grid,,,,,,,singleton,20,60.0,1078800,1078800,1768912,51,51,3,3;16;17;18,16;17;18,"{""16"": 11, ""17"": 10, ""18"": 11}","{""3"": 14165, ""16"": 1671, ""17"": 1012, ""18"": 1608}",68656,3.818464961067853,10,40.0,60.0,,,,,2.0,2.0,1,1,"{""3"": 14165}",,2,ns3,899,0.5,10,12,28,,,[],[],,16;17;18,21,60,
2026_07_29_02_32_08,000106,4,all-cavs,docs\doc_workspace\SGCP\artifacts\early_from_late_checkpoint_20260719\enable_coperception_early_from_attentive.yaml,selective_edgecooper_global_pmax,full-frame,grid,,,,,,,singleton,20,60.0,1078800,1078800,1768912,51,51,4,4;1;7;12,1;7;12,"{""1"": 11, ""7"": 10, ""12"": 10}","{""1"": 1921, ""4"": 13767, ""7"": 1317, ""12"": 1219}",71312,3.9661846496106787,10,40.0,60.0,,,,,2.0,2.0,1,1,"{""4"": 13767}",,2,ns3,899,0.5,10,12,28,,,[],[],,1;7;12,31,66,
2026_07_29_02_32_08,000106,5,all-cavs,docs\doc_workspace\SGCP\artifacts\early_from_late_checkpoint_20260719\enable_coperception_early_from_attentive.yaml,selective_edgecooper_global_pmax,full-frame,grid,,,,,,,singleton,20,60.0,1078800,1078800,1768912,51,51,5,5;7;16;19,7;16;19,"{""7"": 10, ""16"": 10, ""19"": 11}","{""5"": 13998, ""7"": 1354, ""16"": 1131, ""19"": 1740}",67600,3.7597330367074524,10,40.0,60.0,,,,,2.0,2.0,1,1,"{""5"": 13998}",,2,ns3,899,0.5,10,12,28,,,[],[],,7;16;19,23,49,
2026_07_29_02_32_08,000106,6,all-cavs,docs\doc_workspace\SGCP\artifacts\early_from_late_checkpoint_20260719\enable_coperception_early_from_attentive.yaml,selective_edgecooper_global_pmax,full-frame,grid,,,,,,,singleton,20,60.0,1078800,1078800,1768912,51,51,6,6;15,15,"{""15"": 11}","{""6"": 13350, ""15"": 1242}",19872,1.1052280311457174,10,40.0,60.0,,,,,2.0,2.0,1,1,"{""6"": 13350}",,2,ns3,899,0.5,10,12,28,,,[],[],,15,18,52,
2026_07_29_02_32_08,000106,7,all-cavs,docs\doc_workspace\SGCP\artifacts\early_from_late_checkpoint_20260719\enable_coperception_early_from_attentive.yaml,selective_edgecooper_global_pmax,full-frame,grid,,,,,,,singleton,20,60.0,1078800,1078800,1768912,51,51,7,7;4;5;12,4;5;12,"{""4"": 10, ""5"": 11, ""12"": 10}","{""4"": 1071, ""5"": 1056, ""7"": 13947, ""12"": 1583}",59360,3.3014460511679644,10,40.0,60.0,,,,,2.0,2.0,1,1,"{""7"": 13947}",,2,ns3,899,0.5,10,12,28,,,[],[],,4;5;12,28,48,
2026_07_29_02_32_08,000106,8,all-cavs,docs\doc_workspace\SGCP\artifacts\early_from_late_checkpoint_20260719\enable_coperception_early_from_attentive.yaml,selective_edgecooper_global_pmax,full-frame,grid,,,,,,,singleton,20,60.0,1078800,1078800,1768912,51,51,8,8;1;11;12,1;11;12,"{""1"": 10, ""11"": 10, ""12"": 10}","{""1"": 1277, ""8"": 13737, ""11"": 1319, ""12"": 1772}",69888,3.8869855394883204,10,40.0,60.0,,,,,2.0,2.0,1,1,"{""8"": 13737}",,2,ns3,899,0.5,10,12,28,,,[],[],,1;11;12,29,47,
2026_07_29_02_32_08,000106,9,all-cavs,docs\doc_workspace\SGCP\artifacts\early_from_late_checkpoint_20260719\enable_coperception_early_from_attentive.yaml,selective_edgecooper_global_pmax,full-frame,grid,,,,,,,singleton,20,60.0,1078800,1078800,1768912,51,51,9,9;11;13,11;13,"{""11"": 10, ""13"": 10}","{""9"": 13808, ""11"": 1777, ""13"": 1236}",48208,2.6812013348164627,10,40.0,60.0,,,,,2.0,2.0,1,1,"{""9"": 13808}",,2,ns3,899,0.5,10,12,28,,,[],[],,11;13,27,54,
2026_07_29_02_32_08,000106,10,all-cavs,docs\doc_workspace\SGCP\artifacts\early_from_late_checkpoint_20260719\enable_coperception_early_from_attentive.yaml,selective_edgecooper_global_pmax,full-frame,grid,,,,,,,singleton,20,60.0,1078800,1078800,1768912,51,51,10,10;5;11;13,5;11;13,"{""5"": 10, ""11"": 11, ""13"": 10}","{""5"": 1611, ""10"": 13984, ""11"": 1593, ""13"": 1130}",69344,3.856729699666296,10,40.0,60.0,,,,,2.0,2.0,1,1,"{""10"": 13984}",,2,ns3,899,0.5,10,12,28,,,[],[],,5;11;13,28,67,
2026_07_29_02_32_08,000106,11,all-cavs,docs\doc_workspace\SGCP\artifacts\early_from_late_checkpoint_20260719\enable_coperception_early_from_attentive.yaml,selective_edgecooper_global_pmax,full-frame,grid,,,,,,,singleton,20,60.0,1078800,1078800,1768912,51,51,11,11;2;8;10,2;8;10,"{""2"": 10, ""8"": 11, ""10"": 10}","{""2"": 1063, ""8"": 931, ""10"": 1475, ""11"": 13864}",55504,3.08698553948832,10,40.0,60.0,,,,,2.0,2.0,1,1,"{""11"": 13864}",,2,ns3,899,0.5,10,12,28,,,[],[],,2;8;10,27,68,
2026_07_29_02_32_08,000106,12,all-cavs,docs\doc_workspace\SGCP\artifacts\early_from_late_checkpoint_20260719\enable_coperception_early_from_attentive.yaml,selective_edgecooper_global_pmax,full-frame,grid,,,,,,,singleton,20,60.0,1078800,1078800,1768912,51,51,12,12;4;7;8,4;7;8,"{""4"": 10, ""7"": 10, ""8"": 11}","{""4"": 994, ""7"": 1597, ""8"": 1468, ""12"": 14191}",64944,3.612013348164627,10,40.0,60.0,,,,,2.0,2.0,1,1,"{""12"": 14191}",,2,ns3,899,0.5,10,12,28,,,[],[],,4;7;8,28,52,
2026_07_29_02_32_08,000106,13,all-cavs,docs\doc_workspace\SGCP\artifacts\early_from_late_checkpoint_20260719\enable_coperception_early_from_attentive.yaml,selective_edgecooper_global_pmax,full-frame,grid,,,,,,,singleton,20,60.0,1078800,1078800,1768912,51,51,13,13;9;10;19,9;10;19,"{""9"": 11, ""10"": 10, ""19"": 10}","{""9"": 735, ""10"": 1210, ""13"": 13477, ""19"": 728}",42768,2.378642936596218,10,40.0,60.0,,,,,2.0,2.0,1,1,"{""13"": 13477}",,2,ns3,899,0.5,10,12,28,,,[],[],,9;10;19,18,52,
2026_07_29_02_32_08,000106,14,all-cavs,docs\doc_workspace\SGCP\artifacts\early_from_late_checkpoint_20260719\enable_coperception_early_from_attentive.yaml,selective_edgecooper_global_pmax,full-frame,grid,,,,,,,singleton,20,60.0,1078800,1078800,1768912,51,51,14,14,,{},"{""14"": 13689}",0,0.0,10,40.0,60.0,,,,,2.0,2.0,0,,{},,2,ns3,899,0.5,10,12,28,,,[],[],,,4,8,
2026_07_29_02_32_08,000106,15,all-cavs,docs\doc_workspace\SGCP\artifacts\early_from_late_checkpoint_20260719\enable_coperception_early_from_attentive.yaml,selective_edgecooper_global_pmax,full-frame,grid,,,,,,,singleton,20,60.0,1078800,1078800,1768912,51,51,15,15;2;6,2;6,"{""2"": 10, ""6"": 10}","{""2"": 1645, ""6"": 1662, ""15"": 13589}",52912,2.942825361512792,10,40.0,60.0,,,,,2.0,2.0,1,1,"{""15"": 13589}",,2,ns3,899,0.5,10,12,28,,,[],[],,2;6,22,61,
2026_07_29_02_32_08,000106,16,all-cavs,docs\doc_workspace\SGCP\artifacts\early_from_late_checkpoint_20260719\enable_coperception_early_from_attentive.yaml,selective_edgecooper_global_pmax,full-frame,grid,,,,,,,singleton,20,60.0,1078800,1078800,1768912,51,51,16,16;3;17;20,3;17;20,"{""3"": 10, ""17"": 10, ""20"": 10}","{""3"": 1507, ""16"": 14127, ""17"": 983, ""20"": 1054}",56704,3.153726362625139,10,40.0,60.0,,,,,2.0,2.0,1,1,"{""16"": 14127}",,2,ns3,899,0.5,10,12,28,,,[],[],,3;17;20,28,69,
2026_07_29_02_32_08,000106,17,all-cavs,docs\doc_workspace\SGCP\artifacts\early_from_late_checkpoint_20260719\enable_coperception_early_from_attentive.yaml,selective_edgecooper_global_pmax,full-frame,grid,,,,,,,singleton,20,60.0,1078800,1078800,1768912,51,51,17,17;3;16;20,3;16;20,"{""3"": 10, ""16"": 10, ""20"": 10}","{""3"": 1192, ""16"": 826, ""17"": 14174, ""20"": 1448}",55456,3.0843159065628476,10,40.0,60.0,,,,,2.0,2.0,1,1,"{""17"": 14174}",,2,ns3,899,0.5,10,12,28,,,[],[],,3;16;20,26,65,
2026_07_29_02_32_08,000106,18,all-cavs,docs\doc_workspace\SGCP\artifacts\early_from_late_checkpoint_20260719\enable_coperception_early_from_attentive.yaml,selective_edgecooper_global_pmax,full-frame,grid,,,,,,,singleton,20,60.0,1078800,1078800,1768912,51,51,18,18;3,3,"{""3"": 10}","{""3"": 1692, ""18"": 13959}",27072,1.5056729699666296,10,40.0,60.0,,,,,2.0,2.0,1,1,"{""18"": 13959}",,2,ns3,899,0.5,10,12,28,,,[],[],,3,14,36,
2026_07_29_02_32_08,000106,19,all-cavs,docs\doc_workspace\SGCP\artifacts\early_from_late_checkpoint_20260719\enable_coperception_early_from_attentive.yaml,selective_edgecooper_global_pmax,full-frame,grid,,,,,,,singleton,20,60.0,1078800,1078800,1768912,51,51,19,19;9;13;20,9;13;20,"{""9"": 10, ""13"": 10, ""20"": 10}","{""9"": 807, ""13"": 1301, ""19"": 13699, ""20"": 1927}",64560,3.590656284760845,10,40.0,60.0,,,,,2.0,2.0,1,1,"{""19"": 13699}",,2,ns3,899,0.5,10,12,28,,,[],[],,9;13;20,23,56,
2026_07_29_02_32_08,000106,20,all-cavs,docs\doc_workspace\SGCP\artifacts\early_from_late_checkpoint_20260719\enable_coperception_early_from_attentive.yaml,selective_edgecooper_global_pmax,full-frame,grid,,,,,,,singleton,20,60.0,1078800,1078800,1768912,51,51,20,20;5;17;19,5;17;19,"{""5"": 10, ""17"": 11, ""19"": 11}","{""5"": 523, ""17"": 1859, ""19"": 1670, ""20"": 13893}",64832,3.6057842046718576,10,40.0,60.0,,,,,2.0,2.0,1,1,"{""20"": 13893}",,2,ns3,899,0.5,10,12,28,,,[],[],,5;17;19,31,58,
2026_07_29_02_32_08,000108,1,all-cavs,docs\doc_workspace\SGCP\artifacts\early_from_late_checkpoint_20260719\enable_coperception_early_from_attentive.yaml,selective_edgecooper_global_pmax,full-frame,grid,,,,,,,singleton,20,60.0,1078800,1078800,1759312,51,51,1,1;2;4;8,2;4;8,"{""2"": 10, ""4"": 10, ""8"": 9}","{""1"": 13963, ""2"": 1221, ""4"": 1747, ""8"": 815}",60528,3.3664071190211344,10,40.0,60.0,,,,,2.0,2.0,1,1,"{""1"": 13963}",,2,ns3,899,0.5,10,12,28,,,[],[],,2;4;8,31,71,
2026_07_29_02_32_08,000108,2,all-cavs,docs\doc_workspace\SGCP\artifacts\early_from_late_checkpoint_20260719\enable_coperception_early_from_attentive.yaml,selective_edgecooper_global_pmax,full-frame,grid,,,,,,,singleton,20,60.0,1078800,1078800,1759312,51,51,2,2;1;10;15,1;10;15,"{""1"": 10, ""10"": 10, ""15"": 11}","{""1"": 758, ""2"": 13835, ""10"": 1590, ""15"": 1378}",59616,3.3156840934371523,10,40.0,60.0,,,,,2.0,2.0,1,1,"{""2"": 13835}",,2,ns3,899,0.5,10,12,28,,,[],[],,1;10;15,27,70,
2026_07_29_02_32_08,000108,3,all-cavs,docs\doc_workspace\SGCP\artifacts\early_from_late_checkpoint_20260719\enable_coperception_early_from_attentive.yaml,selective_edgecooper_global_pmax,full-frame,grid,,,,,,,singleton,20,60.0,1078800,1078800,1759312,51,51,3,3;16;17;18,16;17;18,"{""16"": 11, ""17"": 10, ""18"": 11}","{""3"": 14165, ""16"": 1687, ""17"": 1036, ""18"": 1622}",69520,3.8665183537263625,10,40.0,60.0,,,,,2.0,2.0,1,1,"{""3"": 14165}",,2,ns3,899,0.5,10,12,28,,,[],[],,16;17;18,21,60,
2026_07_29_02_32_08,000108,4,all-cavs,docs\doc_workspace\SGCP\artifacts\early_from_late_checkpoint_20260719\enable_coperception_early_from_attentive.yaml,selective_edgecooper_global_pmax,full-frame,grid,,,,,,,singleton,20,60.0,1078800,1078800,1759312,51,51,4,4;1;7;12,1;7;12,"{""1"": 11, ""7"": 10, ""12"": 10}","{""1"": 1922, ""4"": 13767, ""7"": 1316, ""12"": 1265}",72048,4.007119021134594,10,40.0,60.0,,,,,2.0,2.0,1,1,"{""4"": 13767}",,2,ns3,899,0.5,10,12,28,,,[],[],,1;7;12,31,66,
2026_07_29_02_32_08,000108,5,all-cavs,docs\doc_workspace\SGCP\artifacts\early_from_late_checkpoint_20260719\enable_coperception_early_from_attentive.yaml,selective_edgecooper_global_pmax,full-frame,grid,,,,,,,singleton,20,60.0,1078800,1078800,1759312,51,51,5,5;7;9;16,7;9;16,"{""7"": 10, ""9"": 10, ""16"": 10}","{""5"": 14001, ""7"": 1487, ""9"": 1656, ""16"": 1168}",68976,3.8362625139043383,10,40.0,60.0,,,,,2.0,2.0,1,1,"{""5"": 14001}",,2,ns3,899,0.5,10,12,28,,,[],[],,7;9;16,28,50,
2026_07_29_02_32_08,000108,6,all-cavs,docs\doc_workspace\SGCP\artifacts\early_from_late_checkpoint_20260719\enable_coperception_early_from_attentive.yaml,selective_edgecooper_global_pmax,full-frame,grid,,,,,,,singleton,20,60.0,1078800,1078800,1759312,51,51,6,6;15,15,"{""15"": 11}","{""6"": 13375, ""15"": 1288}",20608,1.1461624026696329,10,40.0,60.0,,,,,2.0,2.0,1,1,"{""6"": 13375}",,2,ns3,899,0.5,10,12,28,,,[],[],,15,18,52,
2026_07_29_02_32_08,000108,7,all-cavs,docs\doc_workspace\SGCP\artifacts\early_from_late_checkpoint_20260719\enable_coperception_early_from_attentive.yaml,selective_edgecooper_global_pmax,full-frame,grid,,,,,,,singleton,20,60.0,1078800,1078800,1759312,51,51,7,7;4;5;12,4;5;12,"{""4"": 10, ""5"": 11, ""12"": 11}","{""4"": 1050, ""5"": 1147, ""7"": 13964, ""12"": 1742}",63024,3.5052280311457173,10,40.0,60.0,,,,,2.0,2.0,1,1,"{""7"": 13964}",,2,ns3,899,0.5,10,12,28,,,[],[],,4;5;12,28,47,
2026_07_29_02_32_08,000108,8,all-cavs,docs\doc_workspace\SGCP\artifacts\early_from_late_checkpoint_20260719\enable_coperception_early_from_attentive.yaml,selective_edgecooper_global_pmax,full-frame,grid,,,,,,,singleton,20,60.0,1078800,1078800,1759312,51,51,8,8;1;11;12,1;11;12,"{""1"": 10, ""11"": 10, ""12"": 10}","{""1"": 1257, ""8"": 13736, ""11"": 1227, ""12"": 1779}",68208,3.793548387096774,10,40.0,60.0,,,,,2.0,2.0,1,1,"{""8"": 13736}",,2,ns3,899,0.5,10,12,28,,,[],[],,1;11;12,30,47,
2026_07_29_02_32_08,000108,9,all-cavs,docs\doc_workspace\SGCP\artifacts\early_from_late_checkpoint_20260719\enable_coperception_early_from_attentive.yaml,selective_edgecooper_global_pmax,full-frame,grid,,,,,,,singleton,20,60.0,1078800,1078800,1759312,51,51,9,9;11;13;19,11;13;19,"{""11"": 10, ""13"": 10, ""19"": 10}","{""9"": 13808, ""11"": 1780, ""13"": 1275, ""19"": 612}",58672,3.2631813125695217,10,40.0,60.0,,,,,2.0,2.0,1,1,"{""9"": 13808}",,2,ns3,899,0.5,10,12,28,,,[],[],,11;13;19,25,54,
2026_07_29_02_32_08,000108,10,all-cavs,docs\doc_workspace\SGCP\artifacts\early_from_late_checkpoint_20260719\enable_coperception_early_from_attentive.yaml,selective_edgecooper_global_pmax,full-frame,grid,,,,,,,singleton,20,60.0,1078800,1078800,1759312,51,51,10,10;5;8;13,5;8;13,"{""5"": 11, ""8"": 11, ""13"": 11}","{""5"": 1834, ""8"": 1406, ""10"": 13984, ""13"": 1354}",73504,4.088097886540601,10,40.0,60.0,,,,,2.0,2.0,1,1,"{""10"": 13984}",,2,ns3,899,0.5,10,12,28,,,[],[],,5;8;13,30,67,
2026_07_29_02_32_08,000108,11,all-cavs,docs\doc_workspace\SGCP\artifacts\early_from_late_checkpoint_20260719\enable_coperception_early_from_attentive.yaml,selective_edgecooper_global_pmax,full-frame,grid,,,,,,,singleton,20,60.0,1078800,1078800,1759312,51,51,11,11;2;8;10,2;8;10,"{""2"": 10, ""8"": 11, ""10"": 10}","{""2"": 1055, ""8"": 930, ""10"": 1474, ""11"": 13866}",55344,3.0780867630700777,10,40.0,60.0,,,,,2.0,2.0,1,1,"{""11"": 13866}",,2,ns3,899,0.5,10,12,28,,,[],[],,2;8;10,25,66,
2026_07_29_02_32_08,000108,12,all-cavs,docs\doc_workspace\SGCP\artifacts\early_from_late_checkpoint_20260719\enable_coperception_early_from_attentive.yaml,selective_edgecooper_global_pmax,full-frame,grid,,,,,,,singleton,20,60.0,1078800,1078800,1759312,51,51,12,12;4;7,4;7,"{""4"": 10, ""7"": 10}","{""4"": 1239, ""7"": 1606, ""12"": 14221}",45520,2.531701890989989,10,40.0,60.0,,,,,2.0,2.0,1,1,"{""12"": 14221}",,2,ns3,899,0.5,10,12,28,,,[],[],,4;7,20,52,
2026_07_29_02_32_08,000108,13,all-cavs,docs\doc_workspace\SGCP\artifacts\early_from_late_checkpoint_20260719\enable_coperception_early_from_attentive.yaml,selective_edgecooper_global_pmax,full-frame,grid,,,,,,,singleton,20,60.0,1078800,1078800,1759312,51,51,13,13;9;10;19,9;10;19,"{""9"": 11, ""10"": 10, ""19"": 10}","{""9"": 740, ""10"": 1225, ""13"": 13485, ""19"": 740}",43280,2.4071190211345943,10,40.0,60.0,,,,,2.0,2.0,1,1,"{""13"": 13485}",,2,ns3,899,0.5,10,12,28,,,[],[],,9;10;19,19,52,
2026_07_29_02_32_08,000108,14,all-cavs,docs\doc_workspace\SGCP\artifacts\early_from_late_checkpoint_20260719\enable_coperception_early_from_attentive.yaml,selective_edgecooper_global_pmax,full-frame,grid,,,,,,,singleton,20,60.0,1078800,1078800,1759312,51,51,14,14,,{},"{""14"": 13688}",0,0.0,10,40.0,60.0,,,,,2.0,2.0,0,,{},,2,ns3,899,0.5,10,12,28,,,[],[],,,5,8,
2026_07_29_02_32_08,000108,15,all-cavs,docs\doc_workspace\SGCP\artifacts\early_from_late_checkpoint_20260719\enable_coperception_early_from_attentive.yaml,selective_edgecooper_global_pmax,full-frame,grid,,,,,,,singleton,20,60.0,1078800,1078800,1759312,51,51,15,15;2;6,2;6,"{""2"": 10, ""6"": 10}","{""2"": 1638, ""6"": 1516, ""15"": 13579}",50464,2.8066740823136818,10,40.0,60.0,,,,,2.0,2.0,1,1,"{""15"": 13579}",,2,ns3,899,0.5,10,12,28,,,[],[],,2;6,22,61,
2026_07_29_02_32_08,000108,16,all-cavs,docs\doc_workspace\SGCP\artifacts\early_from_late_checkpoint_20260719\enable_coperception_early_from_attentive.yaml,selective_edgecooper_global_pmax,full-frame,grid,,,,,,,singleton,20,60.0,1078800,1078800,1759312,51,51,16,16;3;17;20,3;17;20,"{""3"": 10, ""17"": 11, ""20"": 10}","{""3"": 1549, ""16"": 14144, ""17"": 1048, ""20"": 1088}",58960,3.279199110122358,10,40.0,60.0,,,,,2.0,2.0,1,1,"{""16"": 14144}",,2,ns3,899,0.5,10,12,28,,,[],[],,3;17;20,27,69,
2026_07_29_02_32_08,000108,17,all-cavs,docs\doc_workspace\SGCP\artifacts\early_from_late_checkpoint_20260719\enable_coperception_early_from_attentive.yaml,selective_edgecooper_global_pmax,full-frame,grid,,,,,,,singleton,20,60.0,1078800,1078800,1759312,51,51,17,17;3;16;20,3;16;20,"{""3"": 10, ""16"": 9, ""20"": 10}","{""3"": 1209, ""16"": 687, ""17"": 14203, ""20"": 1532}",54848,3.0505005561735263,10,40.0,60.0,,,,,2.0,2.0,1,1,"{""17"": 14203}",,2,ns3,899,0.5,10,12,28,,,[],[],,3;16;20,24,65,
2026_07_29_02_32_08,000108,18,all-cavs,docs\doc_workspace\SGCP\artifacts\early_from_late_checkpoint_20260719\enable_coperception_early_from_attentive.yaml,selective_edgecooper_global_pmax,full-frame,grid,,,,,,,singleton,20,60.0,1078800,1078800,1759312,51,51,18,18;3,3,"{""3"": 10}","{""3"": 1632, ""18"": 13935}",26112,1.4522803114571747,10,40.0,60.0,,,,,2.0,2.0,1,1,"{""18"": 13935}",,2,ns3,899,0.5,10,12,28,,,[],[],,3,14,35,
2026_07_29_02_32_08,000108,19,all-cavs,docs\doc_workspace\SGCP\artifacts\early_from_late_checkpoint_20260719\enable_coperception_early_from_attentive.yaml,selective_edgecooper_global_pmax,full-frame,grid,,,,,,,singleton,20,60.0,1078800,1078800,1759312,51,51,19,19;9;13;20,9;13;20,"{""9"": 10, ""13"": 10, ""20"": 10}","{""9"": 803, ""13"": 1313, ""19"": 13701, ""20"": 1926}",64672,3.596885428253615,10,40.0,60.0,,,,,2.0,2.0,1,1,"{""19"": 13701}",,2,ns3,899,0.5,10,12,28,,,[],[],,9;13;20,23,56,
2026_07_29_02_32_08,000108,20,all-cavs,docs\doc_workspace\SGCP\artifacts\early_from_late_checkpoint_20260719\enable_coperception_early_from_attentive.yaml,selective_edgecooper_global_pmax,full-frame,grid,,,,,,,singleton,20,60.0,1078800,1078800,1759312,51,51,20,20;5;17;19,5;17;19,"{""5"": 10, ""17"": 11, ""19"": 11}","{""5"": 516, ""17"": 1905, ""19"": 1635, ""20"": 13890}",64896,3.6093437152391545,10,40.0,60.0,,,,,2.0,2.0,1,1,"{""20"": 13890}",,2,ns3,899,0.5,10,12,28,,,[],[],,5;17;19,30,58,
2026_07_29_02_32_08,000110,1,all-cavs,docs\doc_workspace\SGCP\artifacts\early_from_late_checkpoint_20260719\enable_coperception_early_from_attentive.yaml,selective_edgecooper_global_pmax,full-frame,grid,,,,,,,singleton,20,60.0,1078800,1078800,1754048,50,50,1,1;2;4;8,2;4;8,"{""2"": 10, ""4"": 11, ""8"": 9}","{""1"": 13963, ""2"": 1221, ""4"": 1859, ""8"": 815}",62320,3.46607341490545,10,40.0,60.0,,,,,2.0,2.0,1,1,"{""1"": 13963}",,2,ns3,899,0.5,10,12,28,,,[],[],,2;4;8,31,70,
2026_07_29_02_32_08,000110,2,all-cavs,docs\doc_workspace\SGCP\artifacts\early_from_late_checkpoint_20260719\enable_coperception_early_from_attentive.yaml,selective_edgecooper_global_pmax,full-frame,grid,,,,,,,singleton,20,60.0,1078800,1078800,1754048,50,50,2,2;1;10;15,1;10;15,"{""1"": 10, ""10"": 10, ""15"": 11}","{""1"": 758, ""2"": 13834, ""10"": 1590, ""15"": 1410}",60128,3.3441601779755286,10,40.0,60.0,,,,,2.0,2.0,1,1,"{""2"": 13834}",,2,ns3,899,0.5,10,12,28,,,[],[],,1;10;15,28,71,
2026_07_29_02_32_08,000110,3,all-cavs,docs\doc_workspace\SGCP\artifacts\early_from_late_checkpoint_20260719\enable_coperception_early_from_attentive.yaml,selective_edgecooper_global_pmax,full-frame,grid,,,,,,,singleton,20,60.0,1078800,1078800,1754048,50,50,3,3;16;17;18,16;17;18,"{""16"": 11, ""17"": 11, ""18"": 11}","{""3"": 14164, ""16"": 1697, ""17"": 1115, ""18"": 1644}",71296,3.9652947719688547,10,40.0,60.0,,,,,2.0,2.0,1,1,"{""3"": 14164}",,2,ns3,899,0.5,10,12,28,,,[],[],,16;17;18,21,60,
2026_07_29_02_32_08,000110,4,all-cavs,docs\doc_workspace\SGCP\artifacts\early_from_late_checkpoint_20260719\enable_coperception_early_from_attentive.yaml,selective_edgecooper_global_pmax,full-frame,grid,,,,,,,singleton,20,60.0,1078800,1078800,1754048,50,50,4,4;1;7;12,1;7;12,"{""1"": 11, ""7"": 10, ""12"": 10}","{""1"": 1921, ""4"": 13764, ""7"": 1304, ""12"": 1264}",71824,3.9946607341490545,10,40.0,60.0,,,,,2.0,2.0,1,1,"{""4"": 13764}",,2,ns3,899,0.5,10,12,28,,,[],[],,1;7;12,29,65,
2026_07_29_02_32_08,000110,5,all-cavs,docs\doc_workspace\SGCP\artifacts\early_from_late_checkpoint_20260719\enable_coperception_early_from_attentive.yaml,selective_edgecooper_global_pmax,full-frame,grid,,,,,,,singleton,20,60.0,1078800,1078800,1754048,50,50,5,5;9;16;17,9;16;17,"{""9"": 10, ""16"": 10, ""17"": 10}","{""5"": 13943, ""9"": 1704, ""16"": 1030, ""17"": 1648}",70112,3.89944382647386,10,40.0,60.0,,,,,2.0,2.0,1,1,"{""5"": 13943}",,2,ns3,899,0.5,10,12,28,,,[],[],,9;16;17,28,50,
2026_07_29_02_32_08,000110,6,all-cavs,docs\doc_workspace\SGCP\artifacts\early_from_late_checkpoint_20260719\enable_coperception_early_from_attentive.yaml,selective_edgecooper_global_pmax,full-frame,grid,,,,,,,singleton,20,60.0,1078800,1078800,1754048,50,50,6,6;15,15,"{""15"": 11}","{""6"": 13370, ""15"": 1296}",20736,1.1532814238042268,10,40.0,60.0,,,,,2.0,2.0,1,1,"{""6"": 13370}",,2,ns3,899,0.5,10,12,28,,,[],[],,15,18,52,
2026_07_29_02_32_08,000110,7,all-cavs,docs\doc_workspace\SGCP\artifacts\early_from_late_checkpoint_20260719\enable_coperception_early_from_attentive.yaml,selective_edgecooper_global_pmax,full-frame,grid,,,,,,,singleton,20,60.0,1078800,1078800,1754048,50,50,7,7;4;5;12,4;5;12,"{""4"": 10, ""5"": 11, ""12"": 11}","{""4"": 1025, ""5"": 1186, ""7"": 13968, ""12"": 1753}",63424,3.5274749721913237,10,40.0,60.0,,,,,2.0,2.0,1,1,"{""7"": 13968}",,2,ns3,899,0.5,10,12,28,,,[],[],,4;5;12,27,47,
2026_07_29_02_32_08,000110,8,all-cavs,docs\doc_workspace\SGCP\artifacts\early_from_late_checkpoint_20260719\enable_coperception_early_from_attentive.yaml,selective_edgecooper_global_pmax,full-frame,grid,,,,,,,singleton,20,60.0,1078800,1078800,1754048,50,50,8,8;1;11;12,1;11;12,"{""1"": 10, ""11"": 10, ""12"": 10}","{""1"": 1256, ""8"": 13735, ""11"": 1227, ""12"": 1780}",68208,3.793548387096774,10,40.0,60.0,,,,,2.0,2.0,1,1,"{""8"": 13735}",,2,ns3,899,0.5,10,12,28,,,[],[],,1;11;12,27,47,
2026_07_29_02_32_08,000110,9,all-cavs,docs\doc_workspace\SGCP\artifacts\early_from_late_checkpoint_20260719\enable_coperception_early_from_attentive.yaml,selective_edgecooper_global_pmax,full-frame,grid,,,,,,,singleton,20,60.0,1078800,1078800,1754048,50,50,9,9;11;13,11;13,"{""11"": 10, ""13"": 11}","{""9"": 13807, ""11"": 1782, ""13"": 1354}",50176,2.7906562847608454,10,40.0,60.0,,,,,2.0,2.0,1,1,"{""9"": 13807}",,2,ns3,899,0.5,10,12,28,,,[],[],,11;13,24,53,
2026_07_29_02_32_08,000110,10,all-cavs,docs\doc_workspace\SGCP\artifacts\early_from_late_checkpoint_20260719\enable_coperception_early_from_attentive.yaml,selective_edgecooper_global_pmax,full-frame,grid,,,,,,,singleton,20,60.0,1078800,1078800,1754048,50,50,10,10;5;8;19,5;8;19,"{""5"": 11, ""8"": 11, ""19"": 11}","{""5"": 1862, ""8"": 1406, ""10"": 13981, ""19"": 761}",64464,3.5853170189098997,10,40.0,60.0,,,,,2.0,2.0,1,1,"{""10"": 13981}",,2,ns3,899,0.5,10,12,28,,,[],[],,5;8;19,30,67,
2026_07_29_02_32_08,000110,11,all-cavs,docs\doc_workspace\SGCP\artifacts\early_from_late_checkpoint_20260719\enable_coperception_early_from_attentive.yaml,selective_edgecooper_global_pmax,full-frame,grid,,,,,,,singleton,20,60.0,1078800,1078800,1754048,50,50,11,11;2;8;10,2;8;10,"{""2"": 10, ""8"": 11, ""10"": 10}","{""2"": 1043, ""8"": 928, ""10"": 1473, ""11"": 13867}",55104,3.0647385984427142,10,40.0,60.0,,,,,2.0,2.0,1,1,"{""11"": 13867}",,2,ns3,899,0.5,10,12,28,,,[],[],,2;8;10,25,66,
2026_07_29_02_32_08,000110,12,all-cavs,docs\doc_workspace\SGCP\artifacts\early_from_late_checkpoint_20260719\enable_coperception_early_from_attentive.yaml,selective_edgecooper_global_pmax,full-frame,grid,,,,,,,singleton,20,60.0,1078800,1078800,1754048,50,50,12,12;4;7,4;7,"{""4"": 10, ""7"": 10}","{""4"": 1276, ""7"": 1592, ""12"": 14224}",45888,2.5521690767519467,10,40.0,60.0,,,,,2.0,2.0,1,1,"{""12"": 14224}",,2,ns3,899,0.5,10,12,28,,,[],[],,4;7,22,53,
2026_07_29_02_32_08,000110,13,all-cavs,docs\doc_workspace\SGCP\artifacts\early_from_late_checkpoint_20260719\enable_coperception_early_from_attentive.yaml,selective_edgecooper_global_pmax,full-frame,grid,,,,,,,singleton,20,60.0,1078800,1078800,1754048,50,50,13,13;9;10;19,9;10;19,"{""9"": 11, ""10"": 10, ""19"": 10}","{""9"": 747, ""10"": 1262, ""13"": 13465, ""19"": 770}",44464,2.472969966629589,10,40.0,60.0,,,,,2.0,2.0,1,1,"{""13"": 13465}",,2,ns3,899,0.5,10,12,28,,,[],[],,9;10;19,22,52,
2026_07_29_02_32_08,000110,14,all-cavs,docs\doc_workspace\SGCP\artifacts\early_from_late_checkpoint_20260719\enable_coperception_early_from_attentive.yaml,selective_edgecooper_global_pmax,full-frame,grid,,,,,,,singleton,20,60.0,1078800,1078800,1754048,50,50,14,14,,{},"{""14"": 13691}",0,0.0,10,40.0,60.0,,,,,2.0,2.0,0,,{},,2,ns3,899,0.5,10,12,28,,,[],[],,,4,8,
2026_07_29_02_32_08,000110,15,all-cavs,docs\doc_workspace\SGCP\artifacts\early_from_late_checkpoint_20260719\enable_coperception_early_from_attentive.yaml,selective_edgecooper_global_pmax,full-frame,grid,,,,,,,singleton,20,60.0,1078800,1078800,1754048,50,50,15,15;2;6,2;6,"{""2"": 10, ""6"": 10}","{""2"": 1625, ""6"": 1527, ""15"": 13612}",50432,2.8048943270300333,10,40.0,60.0,,,,,2.0,2.0,1,1,"{""15"": 13612}",,2,ns3,899,0.5,10,12,28,,,[],[],,2;6,22,61,
2026_07_29_02_32_08,000110,16,all-cavs,docs\doc_workspace\SGCP\artifacts\early_from_late_checkpoint_20260719\enable_coperception_early_from_attentive.yaml,selective_edgecooper_global_pmax,full-frame,grid,,,,,,,singleton,20,60.0,1078800,1078800,1754048,50,50,16,16;3;7;20,3;7;20,"{""3"": 10, ""7"": 11, ""20"": 11}","{""3"": 1468, ""7"": 1736, ""16"": 14162, ""20"": 963}",66672,3.7081201334816463,10,40.0,60.0,,,,,2.0,2.0,1,1,"{""16"": 14162}",,2,ns3,899,0.5,10,12,28,,,[],[],,3;7;20,33,66,
2026_07_29_02_32_08,000110,17,all-cavs,docs\doc_workspace\SGCP\artifacts\early_from_late_checkpoint_20260719\enable_coperception_early_from_attentive.yaml,selective_edgecooper_global_pmax,full-frame,grid,,,,,,,singleton,20,60.0,1078800,1078800,1754048,50,50,17,17;3;16;20,3;16;20,"{""3"": 10, ""16"": 9, ""20"": 10}","{""3"": 1229, ""16"": 689, ""17"": 14197, ""20"": 1543}",55376,3.079866518353726,10,40.0,60.0,,,,,2.0,2.0,1,1,"{""17"": 14197}",,2,ns3,899,0.5,10,12,28,,,[],[],,3;16;20,24,65,
2026_07_29_02_32_08,000110,18,all-cavs,docs\doc_workspace\SGCP\artifacts\early_from_late_checkpoint_20260719\enable_coperception_early_from_attentive.yaml,selective_edgecooper_global_pmax,full-frame,grid,,,,,,,singleton,20,60.0,1078800,1078800,1754048,50,50,18,18;3,3,"{""3"": 10}","{""3"": 1713, ""18"": 13932}",27408,1.524360400444939,10,40.0,60.0,,,,,2.0,2.0,1,1,"{""18"": 13932}",,2,ns3,899,0.5,10,12,28,,,[],[],,3,14,34,
2026_07_29_02_32_08,000110,19,all-cavs,docs\doc_workspace\SGCP\artifacts\early_from_late_checkpoint_20260719\enable_coperception_early_from_attentive.yaml,selective_edgecooper_global_pmax,full-frame,grid,,,,,,,singleton,20,60.0,1078800,1078800,1754048,50,50,19,19;9;13;20,9;13;20,"{""9"": 10, ""13"": 10, ""20"": 10}","{""9"": 800, ""13"": 1343, ""19"": 13701, ""20"": 1928}",65136,3.6226918798665184,10,40.0,60.0,,,,,2.0,2.0,1,1,"{""19"": 13701}",,2,ns3,899,0.5,10,12,28,,,[],[],,9;13;20,23,56,
2026_07_29_02_32_08,000110,20,all-cavs,docs\doc_workspace\SGCP\artifacts\early_from_late_checkpoint_20260719\enable_coperception_early_from_attentive.yaml,selective_edgecooper_global_pmax,full-frame,grid,,,,,,,singleton,20,60.0,1078800,1078800,1754048,50,50,20,20;5;17;19,5;17;19,"{""5"": 10, ""17"": 11, ""19"": 11}","{""5"": 461, ""17"": 1852, ""19"": 1789, ""20"": 13887}",65632,3.65027808676307,10,40.0,60.0,,,,,2.0,2.0,1,1,"{""20"": 13887}",,2,ns3,899,0.5,10,12,28,,,[],[],,5;17;19,30,58,
2026_07_29_02_32_08,000112,1,all-cavs,docs\doc_workspace\SGCP\artifacts\early_from_late_checkpoint_20260719\enable_coperception_early_from_attentive.yaml,selective_edgecooper_global_pmax,full-frame,grid,,,,,,,singleton,20,60.0,1078800,1078800,1769328,50,50,1,1;2;4;8,2;4;8,"{""2"": 10, ""4"": 11, ""8"": 9}","{""1"": 13966, ""2"": 1220, ""4"": 1774, ""8"": 816}",60960,3.3904338153503892,10,40.0,60.0,,,,,2.0,2.0,1,1,"{""1"": 13966}",,2,ns3,899,0.5,10,12,28,,,[],[],,2;4;8,33,70,
2026_07_29_02_32_08,000112,2,all-cavs,docs\doc_workspace\SGCP\artifacts\early_from_late_checkpoint_20260719\enable_coperception_early_from_attentive.yaml,selective_edgecooper_global_pmax,full-frame,grid,,,,,,,singleton,20,60.0,1078800,1078800,1769328,50,50,2,2;1;10;15,1;10;15,"{""1"": 10, ""10"": 10, ""15"": 11}","{""1"": 758, ""2"": 13834, ""10"": 1591, ""15"": 1417}",60256,3.3512791991101225,10,40.0,60.0,,,,,2.0,2.0,1,1,"{""2"": 13834}",,2,ns3,899,0.5,10,12,28,,,[],[],,1;10;15,27,71,
2026_07_29_02_32_08,000112,3,all-cavs,docs\doc_workspace\SGCP\artifacts\early_from_late_checkpoint_20260719\enable_coperception_early_from_attentive.yaml,selective_edgecooper_global_pmax,full-frame,grid,,,,,,,singleton,20,60.0,1078800,1078800,1769328,50,50,3,3;16;17;18,16;17;18,"{""16"": 11, ""17"": 10, ""18"": 11}","{""3"": 14163, ""16"": 1625, ""17"": 1105, ""18"": 1532}",68192,3.79265850945495,10,40.0,60.0,,,,,2.0,2.0,1,1,"{""3"": 14163}",,2,ns3,899,0.5,10,12,28,,,[],[],,16;17;18,19,60,
2026_07_29_02_32_08,000112,4,all-cavs,docs\doc_workspace\SGCP\artifacts\early_from_late_checkpoint_20260719\enable_coperception_early_from_attentive.yaml,selective_edgecooper_global_pmax,full-frame,grid,,,,,,,singleton,20,60.0,1078800,1078800,1769328,50,50,4,4;1;7;12,1;7;12,"{""1"": 11, ""7"": 10, ""12"": 10}","{""1"": 1922, ""4"": 13764, ""7"": 1289, ""12"": 1266}",71632,3.9839822024471636,10,40.0,60.0,,,,,2.0,2.0,1,1,"{""4"": 13764}",,2,ns3,899,0.5,10,12,28,,,[],[],,1;7;12,29,65,
2026_07_29_02_32_08,000112,5,all-cavs,docs\doc_workspace\SGCP\artifacts\early_from_late_checkpoint_20260719\enable_coperception_early_from_attentive.yaml,selective_edgecooper_global_pmax,full-frame,grid,,,,,,,singleton,20,60.0,1078800,1078800,1769328,50,50,5,5;9;17;20,9;17;20,"{""9"": 11, ""17"": 11, ""20"": 9}","{""5"": 13968, ""9"": 1836, ""17"": 1868, ""20"": 620}",69184,3.8478309232480536,10,40.0,60.0,,,,,2.0,2.0,1,1,"{""5"": 13968}",,2,ns3,899,0.5,10,12,28,,,[],[],,9;17;20,29,51,
2026_07_29_02_32_08,000112,6,all-cavs,docs\doc_workspace\SGCP\artifacts\early_from_late_checkpoint_20260719\enable_coperception_early_from_attentive.yaml,selective_edgecooper_global_pmax,full-frame,grid,,,,,,,singleton,20,60.0,1078800,1078800,1769328,50,50,6,6;15,15,"{""15"": 11}","{""6"": 13375, ""15"": 1319}",21104,1.1737486095661847,10,40.0,60.0,,,,,2.0,2.0,1,1,"{""6"": 13375}",,2,ns3,899,0.5,10,12,28,,,[],[],,15,18,52,
2026_07_29_02_32_08,000112,7,all-cavs,docs\doc_workspace\SGCP\artifacts\early_from_late_checkpoint_20260719\enable_coperception_early_from_attentive.yaml,selective_edgecooper_global_pmax,full-frame,grid,,,,,,,singleton,20,60.0,1078800,1078800,1769328,50,50,7,7;4;12;16,4;12;16,"{""4"": 10, ""12"": 11, ""16"": 10}","{""4"": 1084, ""7"": 13948, ""12"": 1747, ""16"": 1401}",67712,3.7659621802002228,10,40.0,60.0,,,,,2.0,2.0,1,1,"{""7"": 13948}",,2,ns3,899,0.5,10,12,28,,,[],[],,4;12;16,26,47,
2026_07_29_02_32_08,000112,8,all-cavs,docs\doc_workspace\SGCP\artifacts\early_from_late_checkpoint_20260719\enable_coperception_early_from_attentive.yaml,selective_edgecooper_global_pmax,full-frame,grid,,,,,,,singleton,20,60.0,1078800,1078800,1769328,50,50,8,8;1;11;12,1;11;12,"{""1"": 10, ""11"": 10, ""12"": 10}","{""1"": 1281, ""8"": 13735, ""11"": 1303, ""12"": 1782}",69856,3.885205784204672,10,40.0,60.0,,,,,2.0,2.0,1,1,"{""8"": 13735}",,2,ns3,899,0.5,10,12,28,,,[],[],,1;11;12,29,47,
2026_07_29_02_32_08,000112,9,all-cavs,docs\doc_workspace\SGCP\artifacts\early_from_late_checkpoint_20260719\enable_coperception_early_from_attentive.yaml,selective_edgecooper_global_pmax,full-frame,grid,,,,,,,singleton,20,60.0,1078800,1078800,1769328,50,50,9,9;11;13,11;13,"{""11"": 10, ""13"": 10}","{""9"": 13808, ""11"": 1784, ""13"": 1288}",49152,2.7337041156840933,10,40.0,60.0,,,,,2.0,2.0,1,1,"{""9"": 13808}",,2,ns3,899,0.5,10,12,28,,,[],[],,11;13,26,53,
2026_07_29_02_32_08,000112,10,all-cavs,docs\doc_workspace\SGCP\artifacts\early_from_late_checkpoint_20260719\enable_coperception_early_from_attentive.yaml,selective_edgecooper_global_pmax,full-frame,grid,,,,,,,singleton,20,60.0,1078800,1078800,1769328,50,50,10,10;5;8;19,5;8;19,"{""5"": 11, ""8"": 11, ""19"": 11}","{""5"": 1898, ""8"": 1405, ""10"": 13981, ""19"": 761}",65024,3.6164627363737485,10,40.0,60.0,,,,,2.0,2.0,1,1,"{""10"": 13981}",,2,ns3,899,0.5,10,12,28,,,[],[],,5;8;19,30,67,
2026_07_29_02_32_08,000112,11,all-cavs,docs\doc_workspace\SGCP\artifacts\early_from_late_checkpoint_20260719\enable_coperception_early_from_attentive.yaml,selective_edgecooper_global_pmax,full-frame,grid,,,,,,,singleton,20,60.0,1078800,1078800,1769328,50,50,11,11;2;8;10,2;8;10,"{""2"": 10, ""8"": 11, ""10"": 10}","{""2"": 1049, ""8"": 929, ""10"": 1405, ""11"": 13865}",54128,3.010456062291435,10,40.0,60.0,,,,,2.0,2.0,1,1,"{""11"": 13865}",,2,ns3,899,0.5,10,12,28,,,[],[],,2;8;10,26,66,
2026_07_29_02_32_08,000112,12,all-cavs,docs\doc_workspace\SGCP\artifacts\early_from_late_checkpoint_20260719\enable_coperception_early_from_attentive.yaml,selective_edgecooper_global_pmax,full-frame,grid,,,,,,,singleton,20,60.0,1078800,1078800,1769328,50,50,12,12;4;7,4;7,"{""4"": 10, ""7"": 10}","{""4"": 1296, ""7"": 1480, ""12"": 14224}",44416,2.4703003337041154,10,40.0,60.0,,,,,2.0,2.0,1,1,"{""12"": 14224}",,2,ns3,899,0.5,10,12,28,,,[],[],,4;7,20,54,
2026_07_29_02_32_08,000112,13,all-cavs,docs\doc_workspace\SGCP\artifacts\early_from_late_checkpoint_20260719\enable_coperception_early_from_attentive.yaml,selective_edgecooper_global_pmax,full-frame,grid,,,,,,,singleton,20,60.0,1078800,1078800,1769328,50,50,13,13;9;10;19,9;10;19,"{""9"": 11, ""10"": 10, ""19"": 9}","{""9"": 868, ""10"": 1380, ""13"": 13451, ""19"": 542}",44640,2.4827586206896552,10,40.0,60.0,,,,,2.0,2.0,1,1,"{""13"": 13451}",,2,ns3,899,0.5,10,12,28,,,[],[],,9;10;19,23,52,
2026_07_29_02_32_08,000112,14,all-cavs,docs\doc_workspace\SGCP\artifacts\early_from_late_checkpoint_20260719\enable_coperception_early_from_attentive.yaml,selective_edgecooper_global_pmax,full-frame,grid,,,,,,,singleton,20,60.0,1078800,1078800,1769328,50,50,14,14,,{},"{""14"": 13707}",0,0.0,10,40.0,60.0,,,,,2.0,2.0,0,,{},,2,ns3,899,0.5,10,12,28,,,[],[],,,4,8,
2026_07_29_02_32_08,000112,15,all-cavs,docs\doc_workspace\SGCP\artifacts\early_from_late_checkpoint_20260719\enable_coperception_early_from_attentive.yaml,selective_edgecooper_global_pmax,full-frame,grid,,,,,,,singleton,20,60.0,1078800,1078800,1769328,50,50,15,15;2;6,2;6,"{""2"": 10, ""6"": 10}","{""2"": 1591, ""6"": 1548, ""15"": 13611}",50224,2.7933259176863183,10,40.0,60.0,,,,,2.0,2.0,1,1,"{""15"": 13611}",,2,ns3,899,0.5,10,12,28,,,[],[],,2;6,22,61,
2026_07_29_02_32_08,000112,16,all-cavs,docs\doc_workspace\SGCP\artifacts\early_from_late_checkpoint_20260719\enable_coperception_early_from_attentive.yaml,selective_edgecooper_global_pmax,full-frame,grid,,,,,,,singleton,20,60.0,1078800,1078800,1769328,50,50,16,16;3;5;7,3;5;7,"{""3"": 10, ""5"": 10, ""7"": 11}","{""3"": 1480, ""5"": 879, ""7"": 1768, ""16"": 14170}",66032,3.672525027808676,10,40.0,60.0,,,,,2.0,2.0,1,1,"{""16"": 14170}",,2,ns3,899,0.5,10,12,28,,,[],[],,3;5;7,31,67,
2026_07_29_02_32_08,000112,17,all-cavs,docs\doc_workspace\SGCP\artifacts\early_from_late_checkpoint_20260719\enable_coperception_early_from_attentive.yaml,selective_edgecooper_global_pmax,full-frame,grid,,,,,,,singleton,20,60.0,1078800,1078800,1769328,50,50,17,17;3;16;20,3;16;20,"{""3"": 10, ""16"": 10, ""20"": 10}","{""3"": 1178, ""16"": 848, ""17"": 14206, ""20"": 1540}",57056,3.1733036707452724,10,40.0,60.0,,,,,2.0,2.0,1,1,"{""17"": 14206}",,2,ns3,899,0.5,10,12,28,,,[],[],,3;16;20,25,65,
2026_07_29_02_32_08,000112,18,all-cavs,docs\doc_workspace\SGCP\artifacts\early_from_late_checkpoint_20260719\enable_coperception_early_from_attentive.yaml,selective_edgecooper_global_pmax,full-frame,grid,,,,,,,singleton,20,60.0,1078800,1078800,1769328,50,50,18,18;3,3,"{""3"": 11}","{""3"": 1728, ""18"": 13919}",27648,1.5377085650723026,10,40.0,60.0,,,,,2.0,2.0,1,1,"{""18"": 13919}",,2,ns3,899,0.5,10,12,28,,,[],[],,3,13,34,
2026_07_29_02_32_08,000112,19,all-cavs,docs\doc_workspace\SGCP\artifacts\early_from_late_checkpoint_20260719\enable_coperception_early_from_attentive.yaml,selective_edgecooper_global_pmax,full-frame,grid,,,,,,,singleton,20,60.0,1078800,1078800,1769328,50,50,19,19;9;13;20,9;13;20,"{""9"": 10, ""13"": 10, ""20"": 10}","{""9"": 797, ""13"": 1352, ""19"": 13708, ""20"": 1927}",65216,3.62714126807564,10,40.0,60.0,,,,,2.0,2.0,1,1,"{""19"": 13708}",,2,ns3,899,0.5,10,12,28,,,[],[],,9;13;20,24,55,
2026_07_29_02_32_08,000112,20,all-cavs,docs\doc_workspace\SGCP\artifacts\early_from_late_checkpoint_20260719\enable_coperception_early_from_attentive.yaml,selective_edgecooper_global_pmax,full-frame,grid,,,,,,,singleton,20,60.0,1078800,1078800,1769328,50,50,20,20;5;17;19,5;17;19,"{""5"": 10, ""17"": 11, ""19"": 11}","{""5"": 510, ""17"": 1850, ""19"": 1788, ""20"": 13886}",66368,3.6912124582869854,10,40.0,60.0,,,,,2.0,2.0,1,1,"{""20"": 13886}",,2,ns3,899,0.5,10,12,28,,,[],[],,5;17;19,30,59,
2026_07_29_02_32_08,000114,1,all-cavs,docs\doc_workspace\SGCP\artifacts\early_from_late_checkpoint_20260719\enable_coperception_early_from_attentive.yaml,selective_edgecooper_global_pmax,full-frame,grid,,,,,,,singleton,20,60.0,1078800,1078800,1655216,51,51,1,1;4;8;15,4;8;15,"{""4"": 11, ""8"": 9, ""15"": 11}","{""1"": 13967, ""4"": 1854, ""8"": 879, ""15"": 1615}",69568,3.8691879866518355,10,40.0,60.0,,,,,2.0,2.0,1,1,"{""1"": 13967}",,2,ns3,899,0.5,10,12,28,,,[],[],,4;8;15,33,69,
2026_07_29_02_32_08,000114,2,all-cavs,docs\doc_workspace\SGCP\artifacts\early_from_late_checkpoint_20260719\enable_coperception_early_from_attentive.yaml,selective_edgecooper_global_pmax,full-frame,grid,,,,,,,singleton,20,60.0,1078800,1078800,1655216,51,51,2,2;1;11;15,1;11;15,"{""1"": 11, ""11"": 11, ""15"": 11}","{""1"": 623, ""2"": 13835, ""11"": 924, ""15"": 1422}",47504,2.642046718576196,10,40.0,60.0,,,,,2.0,2.0,1,1,"{""2"": 13835}",,2,ns3,899,0.5,10,12,28,,,[],[],,1;11;15,22,70,
2026_07_29_02_32_08,000114,3,all-cavs,docs\doc_workspace\SGCP\artifacts\early_from_late_checkpoint_20260719\enable_coperception_early_from_attentive.yaml,selective_edgecooper_global_pmax,full-frame,grid,,,,,,,singleton,20,60.0,1078800,1078800,1655216,51,51,3,3;16;17;18,16;17;18,"{""16"": 11, ""17"": 11, ""18"": 11}","{""3"": 14168, ""16"": 1667, ""17"": 1161, ""18"": 1481}",68944,3.8344827586206893,10,40.0,60.0,,,,,2.0,2.0,1,1,"{""3"": 14168}",,2,ns3,899,0.5,10,12,28,,,[],[],,16;17;18,20,60,
2026_07_29_02_32_08,000114,4,all-cavs,docs\doc_workspace\SGCP\artifacts\early_from_late_checkpoint_20260719\enable_coperception_early_from_attentive.yaml,selective_edgecooper_global_pmax,full-frame,grid,,,,,,,singleton,20,60.0,1078800,1078800,1655216,51,51,4,4;1;7;12,1;7;12,"{""1"": 11, ""7"": 11, ""12"": 11}","{""1"": 1923, ""4"": 13763, ""7"": 1413, ""12"": 1378}",75424,4.1948832035595105,10,40.0,60.0,,,,,2.0,2.0,1,1,"{""4"": 13763}",,2,ns3,899,0.5,10,12,28,,,[],[],,1;7;12,31,65,
2026_07_29_02_32_08,000114,5,all-cavs,docs\doc_workspace\SGCP\artifacts\early_from_late_checkpoint_20260719\enable_coperception_early_from_attentive.yaml,selective_edgecooper_global_pmax,full-frame,grid,,,,,,,singleton,20,60.0,1078800,1078800,1655216,51,51,5,5;7;16;20,7;16;20,"{""7"": 11, ""16"": 11, ""20"": 9}","{""5"": 13956, ""7"": 1701, ""16"": 1475, ""20"": 609}",60560,3.368186874304783,10,40.0,60.0,,,,,2.0,2.0,1,1,"{""5"": 13956}",,2,ns3,899,0.5,10,12,28,,,[],[],,7;16;20,24,52,
2026_07_29_02_32_08,000114,6,all-cavs,docs\doc_workspace\SGCP\artifacts\early_from_late_checkpoint_20260719\enable_coperception_early_from_attentive.yaml,selective_edgecooper_global_pmax,full-frame,grid,,,,,,,singleton,20,60.0,1078800,1078800,1655216,51,51,6,6;15,15,"{""15"": 11}","{""6"": 13389, ""15"": 1417}",22672,1.260956618464961,10,40.0,60.0,,,,,2.0,2.0,1,1,"{""6"": 13389}",,2,ns3,899,0.5,10,12,28,,,[],[],,15,17,52,
2026_07_29_02_32_08,000114,7,all-cavs,docs\doc_workspace\SGCP\artifacts\early_from_late_checkpoint_20260719\enable_coperception_early_from_attentive.yaml,selective_edgecooper_global_pmax,full-frame,grid,,,,,,,singleton,20,60.0,1078800,1078800,1655216,51,51,7,7;4;12,4;12,"{""4"": 10, ""12"": 11}","{""4"": 1066, ""7"": 13945, ""12"": 1745}",44976,2.5014460511679646,10,40.0,60.0,,,,,2.0,2.0,1,1,"{""7"": 13945}",,2,ns3,899,0.5,10,12,28,,,[],[],,4;12,26,47,
2026_07_29_02_32_08,000114,8,all-cavs,docs\doc_workspace\SGCP\artifacts\early_from_late_checkpoint_20260719\enable_coperception_early_from_attentive.yaml,selective_edgecooper_global_pmax,full-frame,grid,,,,,,,singleton,20,60.0,1078800,1078800,1655216,51,51,8,8;2;11;12,2;11;12,"{""2"": 11, ""11"": 10, ""12"": 11}","{""2"": 1729, ""8"": 13736, ""11"": 1235, ""12"": 1975}",79024,4.395105672969967,10,40.0,60.0,,,,,2.0,2.0,1,1,"{""8"": 13736}",,2,ns3,899,0.5,10,12,28,,,[],[],,2;11;12,28,47,
2026_07_29_02_32_08,000114,9,all-cavs,docs\doc_workspace\SGCP\artifacts\early_from_late_checkpoint_20260719\enable_coperception_early_from_attentive.yaml,selective_edgecooper_global_pmax,full-frame,grid,,,,,,,singleton,20,60.0,1078800,1078800,1655216,51,51,9,9;11;13;19,11;13;19,"{""11"": 11, ""13"": 11, ""19"": 10}","{""9"": 13808, ""11"": 1933, ""13"": 1440, ""19"": 543}",62656,3.48476084538376,10,40.0,60.0,,,,,2.0,2.0,1,1,"{""9"": 13808}",,2,ns3,899,0.5,10,12,28,,,[],[],,11;13;19,25,53,
2026_07_29_02_32_08,000114,10,all-cavs,docs\doc_workspace\SGCP\artifacts\early_from_late_checkpoint_20260719\enable_coperception_early_from_attentive.yaml,selective_edgecooper_global_pmax,full-frame,grid,,,,,,,singleton,20,60.0,1078800,1078800,1655216,51,51,10,10;5;8;19,5;8;19,"{""5"": 11, ""8"": 11, ""19"": 11}","{""5"": 1938, ""8"": 1405, ""10"": 13979, ""19"": 761}",65664,3.6520578420467187,10,40.0,60.0,,,,,2.0,2.0,1,1,"{""10"": 13979}",,2,ns3,899,0.5,10,12,28,,,[],[],,5;8;19,31,68,
2026_07_29_02_32_08,000114,11,all-cavs,docs\doc_workspace\SGCP\artifacts\early_from_late_checkpoint_20260719\enable_coperception_early_from_attentive.yaml,selective_edgecooper_global_pmax,full-frame,grid,,,,,,,singleton,20,60.0,1078800,1078800,1655216,51,51,11,11;2;8;10,2;8;10,"{""2"": 11, ""8"": 11, ""10"": 11}","{""2"": 1092, ""8"": 931, ""10"": 1424, ""11"": 13870}",55152,3.0674082313681867,10,40.0,60.0,,,,,2.0,2.0,1,1,"{""11"": 13870}",,2,ns3,899,0.5,10,12,28,,,[],[],,2;8;10,27,66,
2026_07_29_02_32_08,000114,12,all-cavs,docs\doc_workspace\SGCP\artifacts\early_from_late_checkpoint_20260719\enable_coperception_early_from_attentive.yaml,selective_edgecooper_global_pmax,full-frame,grid,,,,,,,singleton,20,60.0,1078800,1078800,1655216,51,51,12,12;4;7,4;7,"{""4"": 11, ""7"": 11}","{""4"": 1321, ""7"": 1601, ""12"": 14210}",46752,2.600222469410456,10,40.0,60.0,,,,,2.0,2.0,1,1,"{""12"": 14210}",,2,ns3,899,0.5,10,12,28,,,[],[],,4;7,21,54,
2026_07_29_02_32_08,000114,13,all-cavs,docs\doc_workspace\SGCP\artifacts\early_from_late_checkpoint_20260719\enable_coperception_early_from_attentive.yaml,selective_edgecooper_global_pmax,full-frame,grid,,,,,,,singleton,20,60.0,1078800,1078800,1655216,51,51,13,13;9;10;19,9;10;19,"{""9"": 11, ""10"": 11, ""19"": 10}","{""9"": 766, ""10"": 1454, ""13"": 13423, ""19"": 690}",46560,2.589543937708565,10,40.0,60.0,,,,,2.0,2.0,1,1,"{""13"": 13423}",,2,ns3,899,0.5,10,12,28,,,[],[],,9;10;19,22,53,
2026_07_29_02_32_08,000114,14,all-cavs,docs\doc_workspace\SGCP\artifacts\early_from_late_checkpoint_20260719\enable_coperception_early_from_attentive.yaml,selective_edgecooper_global_pmax,full-frame,grid,,,,,,,singleton,20,60.0,1078800,1078800,1655216,51,51,14,14,,{},"{""14"": 13734}",0,0.0,10,40.0,60.0,,,,,2.0,2.0,0,,{},,2,ns3,899,0.5,10,12,28,,,[],[],,,4,8,
2026_07_29_02_32_08,000114,15,all-cavs,docs\doc_workspace\SGCP\artifacts\early_from_late_checkpoint_20260719\enable_coperception_early_from_attentive.yaml,selective_edgecooper_global_pmax,full-frame,grid,,,,,,,singleton,20,60.0,1078800,1078800,1655216,51,51,15,15;1;2;6,1;2;6,"{""1"": 11, ""2"": 11, ""6"": 11}","{""1"": 1418, ""2"": 1672, ""6"": 1705, ""15"": 13613}",76720,4.266963292547275,10,40.0,60.0,,,,,2.0,2.0,1,1,"{""15"": 13613}",,2,ns3,899,0.5,10,12,28,,,[],[],,1;2;6,27,61,
2026_07_29_02_32_08,000114,16,all-cavs,docs\doc_workspace\SGCP\artifacts\early_from_late_checkpoint_20260719\enable_coperception_early_from_attentive.yaml,selective_edgecooper_global_pmax,full-frame,grid,,,,,,,singleton,20,60.0,1078800,1078800,1655216,51,51,16,16;3;5;20,3;5;20,"{""3"": 11, ""5"": 10, ""20"": 11}","{""3"": 1454, ""5"": 753, ""16"": 14201, ""20"": 1037}",51904,2.886763070077864,10,40.0,60.0,,,,,2.0,2.0,1,1,"{""16"": 14201}",,2,ns3,899,0.5,10,12,28,,,[],[],,3;5;20,33,67,
2026_07_29_02_32_08,000114,17,all-cavs,docs\doc_workspace\SGCP\artifacts\early_from_late_checkpoint_20260719\enable_coperception_early_from_attentive.yaml,selective_edgecooper_global_pmax,full-frame,grid,,,,,,,singleton,20,60.0,1078800,1078800,1655216,51,51,17,17;3;16;20,3;16;20,"{""3"": 11, ""16"": 11, ""20"": 11}","{""3"": 1288, ""16"": 863, ""17"": 14215, ""20"": 1601}",60032,3.338820912124583,10,40.0,60.0,,,,,2.0,2.0,1,1,"{""17"": 14215}",,2,ns3,899,0.5,10,12,28,,,[],[],,3;16;20,25,64,
2026_07_29_02_32_08,000114,18,all-cavs,docs\doc_workspace\SGCP\artifacts\early_from_late_checkpoint_20260719\enable_coperception_early_from_attentive.yaml,selective_edgecooper_global_pmax,full-frame,grid,,,,,,,singleton,20,60.0,1078800,1078800,1655216,51,51,18,18;3,3,"{""3"": 11}","{""3"": 1820, ""18"": 13932}",29120,1.6195773081201335,10,40.0,60.0,,,,,2.0,2.0,1,1,"{""18"": 13932}",,2,ns3,899,0.5,10,12,28,,,[],[],,3,14,33,
2026_07_29_02_32_08,000114,19,all-cavs,docs\doc_workspace\SGCP\artifacts\early_from_late_checkpoint_20260719\enable_coperception_early_from_attentive.yaml,selective_edgecooper_global_pmax,full-frame,grid,,,,,,,singleton,20,60.0,1078800,1078800,1655216,51,51,19,19;9;10;13,9;10;13,"{""9"": 11, ""10"": 11, ""13"": 11}","{""9"": 535, ""10"": 1189, ""13"": 1485, ""19"": 13709}",51344,2.855617352614016,10,40.0,60.0,,,,,2.0,2.0,1,1,"{""19"": 13709}",,2,ns3,899,0.5,10,12,28,,,[],[],,9;10;13,23,55,
2026_07_29_02_32_08,000114,20,all-cavs,docs\doc_workspace\SGCP\artifacts\early_from_late_checkpoint_20260719\enable_coperception_early_from_attentive.yaml,selective_edgecooper_global_pmax,full-frame,grid,,,,,,,singleton,20,60.0,1078800,1078800,1655216,51,51,20,20;5;9;17,5;9;17,"{""5"": 11, ""9"": 11, ""17"": 11}","{""5"": 621, ""9"": 1584, ""17"": 1809, ""20"": 13882}",64224,3.5719688542825363,10,40.0,60.0,,,,,2.0,2.0,1,1,"{""20"": 13882}",,2,ns3,899,0.5,10,12,28,,,[],[],,5;9;17,31,59,
2026_07_29_02_32_08,000116,1,all-cavs,docs\doc_workspace\SGCP\artifacts\early_from_late_checkpoint_20260719\enable_coperception_early_from_attentive.yaml,selective_edgecooper_global_pmax,full-frame,grid,,,,,,,singleton,20,60.0,1078800,1078800,1699968,50,50,1,1;4;8;15,4;8;15,"{""4"": 11, ""8"": 9, ""15"": 11}","{""1"": 13967, ""4"": 1849, ""8"": 881, ""15"": 1594}",69184,3.8478309232480536,10,40.0,60.0,,,,,2.0,2.0,1,1,"{""1"": 13967}",,2,ns3,899,0.5,10,12,28,,,[],[],,4;8;15,32,69,
2026_07_29_02_32_08,000116,2,all-cavs,docs\doc_workspace\SGCP\artifacts\early_from_late_checkpoint_20260719\enable_coperception_early_from_attentive.yaml,selective_edgecooper_global_pmax,full-frame,grid,,,,,,,singleton,20,60.0,1078800,1078800,1699968,50,50,2,2;10;11;15,10;11;15,"{""10"": 10, ""11"": 9, ""15"": 11}","{""2"": 13837, ""10"": 1778, ""11"": 751, ""15"": 1406}",62960,3.5016685205784204,10,40.0,60.0,,,,,2.0,2.0,1,1,"{""2"": 13837}",,2,ns3,899,0.5,10,12,28,,,[],[],,10;11;15,27,70,
2026_07_29_02_32_08,000116,3,all-cavs,docs\doc_workspace\SGCP\artifacts\early_from_late_checkpoint_20260719\enable_coperception_early_from_attentive.yaml,selective_edgecooper_global_pmax,full-frame,grid,,,,,,,singleton,20,60.0,1078800,1078800,1699968,50,50,3,3;16;17;18,16;17;18,"{""16"": 10, ""17"": 10, ""18"": 11}","{""3"": 14174, ""16"": 1620, ""17"": 1149, ""18"": 1467}",67776,3.7695216907675198,10,40.0,60.0,,,,,2.0,2.0,1,1,"{""3"": 14174}",,2,ns3,899,0.5,10,12,28,,,[],[],,16;17;18,18,59,
2026_07_29_02_32_08,000116,4,all-cavs,docs\doc_workspace\SGCP\artifacts\early_from_late_checkpoint_20260719\enable_coperception_early_from_attentive.yaml,selective_edgecooper_global_pmax,full-frame,grid,,,,,,,singleton,20,60.0,1078800,1078800,1699968,50,50,4,4;1;7;12,1;7;12,"{""1"": 11, ""7"": 10, ""12"": 10}","{""1"": 1921, ""4"": 13762, ""7"": 1276, ""12"": 1279}",71616,3.9830923248053396,10,40.0,60.0,,,,,2.0,2.0,1,1,"{""4"": 13762}",,2,ns3,899,0.5,10,12,28,,,[],[],,1;7;12,30,65,
2026_07_29_02_32_08,000116,5,all-cavs,docs\doc_workspace\SGCP\artifacts\early_from_late_checkpoint_20260719\enable_coperception_early_from_attentive.yaml,selective_edgecooper_global_pmax,full-frame,grid,,,,,,,singleton,20,60.0,1078800,1078800,1699968,50,50,5,5;7;9;20,7;9;20,"{""7"": 10, ""9"": 11, ""20"": 10}","{""5"": 13961, ""7"": 1585, ""9"": 1781, ""20"": 797}",66608,3.7045606229143493,10,40.0,60.0,,,,,2.0,2.0,1,1,"{""5"": 13961}",,2,ns3,899,0.5,10,12,28,,,[],[],,7;9;20,25,52,
2026_07_29_02_32_08,000116,6,all-cavs,docs\doc_workspace\SGCP\artifacts\early_from_late_checkpoint_20260719\enable_coperception_early_from_attentive.yaml,selective_edgecooper_global_pmax,full-frame,grid,,,,,,,singleton,20,60.0,1078800,1078800,1699968,50,50,6,6;15,15,"{""15"": 10}","{""6"": 13394, ""15"": 1361}",21776,1.2111234705228031,10,40.0,60.0,,,,,2.0,2.0,1,1,"{""6"": 13394}",,2,ns3,899,0.5,10,12,28,,,[],[],,15,17,52,
2026_07_29_02_32_08,000116,7,all-cavs,docs\doc_workspace\SGCP\artifacts\early_from_late_checkpoint_20260719\enable_coperception_early_from_attentive.yaml,selective_edgecooper_global_pmax,full-frame,grid,,,,,,,singleton,20,60.0,1078800,1078800,1699968,50,50,7,7;4;12,4;12,"{""4"": 10, ""12"": 11}","{""4"": 1051, ""7"": 13940, ""12"": 1815}",45856,2.550389321468298,10,40.0,60.0,,,,,2.0,2.0,1,1,"{""7"": 13940}",,2,ns3,899,0.5,10,12,28,,,[],[],,4;12,24,47,
2026_07_29_02_32_08,000116,8,all-cavs,docs\doc_workspace\SGCP\artifacts\early_from_late_checkpoint_20260719\enable_coperception_early_from_attentive.yaml,selective_edgecooper_global_pmax,full-frame,grid,,,,,,,singleton,20,60.0,1078800,1078800,1699968,50,50,8,8;1;11;12,1;11;12,"{""1"": 10, ""11"": 11, ""12"": 10}","{""1"": 1256, ""8"": 13740, ""11"": 1242, ""12"": 1810}",68928,3.8335928809788653,10,40.0,60.0,,,,,2.0,2.0,1,1,"{""8"": 13740}",,2,ns3,899,0.5,10,12,28,,,[],[],,1;11;12,27,47,
2026_07_29_02_32_08,000116,9,all-cavs,docs\doc_workspace\SGCP\artifacts\early_from_late_checkpoint_20260719\enable_coperception_early_from_attentive.yaml,selective_edgecooper_global_pmax,full-frame,grid,,,,,,,singleton,20,60.0,1078800,1078800,1699968,50,50,9,9;11;13,11;13,"{""11"": 10, ""13"": 11}","{""9"": 13806, ""11"": 1788, ""13"": 1471}",52144,2.900111234705228,10,40.0,60.0,,,,,2.0,2.0,1,1,"{""9"": 13806}",,2,ns3,899,0.5,10,12,28,,,[],[],,11;13,22,54,
2026_07_29_02_32_08,000116,10,all-cavs,docs\doc_workspace\SGCP\artifacts\early_from_late_checkpoint_20260719\enable_coperception_early_from_attentive.yaml,selective_edgecooper_global_pmax,full-frame,grid,,,,,,,singleton,20,60.0,1078800,1078800,1699968,50,50,10,10;5;8;19,5;8;19,"{""5"": 11, ""8"": 11, ""19"": 11}","{""5"": 1956, ""8"": 1405, ""10"": 13979, ""19"": 761}",65952,3.668075639599555,10,40.0,60.0,,,,,2.0,2.0,1,1,"{""10"": 13979}",,2,ns3,899,0.5,10,12,28,,,[],[],,5;8;19,27,67,
2026_07_29_02_32_08,000116,11,all-cavs,docs\doc_workspace\SGCP\artifacts\early_from_late_checkpoint_20260719\enable_coperception_early_from_attentive.yaml,selective_edgecooper_global_pmax,full-frame,grid,,,,,,,singleton,20,60.0,1078800,1078800,1699968,50,50,11,11;2;8;10,2;8;10,"{""2"": 11, ""8"": 11, ""10"": 10}","{""2"": 1085, ""8"": 932, ""10"": 1405, ""11"": 13869}",54752,3.0451612903225804,10,40.0,60.0,,,,,2.0,2.0,1,1,"{""11"": 13869}",,2,ns3,899,0.5,10,12,28,,,[],[],,2;8;10,26,66,
2026_07_29_02_32_08,000116,12,all-cavs,docs\doc_workspace\SGCP\artifacts\early_from_late_checkpoint_20260719\enable_coperception_early_from_attentive.yaml,selective_edgecooper_global_pmax,full-frame,grid,,,,,,,singleton,20,60.0,1078800,1078800,1699968,50,50,12,12;4;7,4;7,"{""4"": 10, ""7"": 11}","{""4"": 1263, ""7"": 1615, ""12"": 14231}",46048,2.561067853170189,10,40.0,60.0,,,,,2.0,2.0,1,1,"{""12"": 14231}",,2,ns3,899,0.5,10,12,28,,,[],[],,4;7,18,52,
2026_07_29_02_32_08,000116,13,all-cavs,docs\doc_workspace\SGCP\artifacts\early_from_late_checkpoint_20260719\enable_coperception_early_from_attentive.yaml,selective_edgecooper_global_pmax,full-frame,grid,,,,,,,singleton,20,60.0,1078800,1078800,1699968,50,50,13,13;9;10;19,9;10;19,"{""9"": 11, ""10"": 10, ""19"": 9}","{""9"": 782, ""10"": 1393, ""13"": 13407, ""19"": 670}",45520,2.531701890989989,10,40.0,60.0,,,,,2.0,2.0,1,1,"{""13"": 13407}",,2,ns3,899,0.5,10,12,28,,,[],[],,9;10;19,22,53,
2026_07_29_02_32_08,000116,14,all-cavs,docs\doc_workspace\SGCP\artifacts\early_from_late_checkpoint_20260719\enable_coperception_early_from_attentive.yaml,selective_edgecooper_global_pmax,full-frame,grid,,,,,,,singleton,20,60.0,1078800,1078800,1699968,50,50,14,14,,{},"{""14"": 13736}",0,0.0,10,40.0,60.0,,,,,2.0,2.0,0,,{},,2,ns3,899,0.5,10,12,28,,,[],[],,,4,8,
2026_07_29_02_32_08,000116,15,all-cavs,docs\doc_workspace\SGCP\artifacts\early_from_late_checkpoint_20260719\enable_coperception_early_from_attentive.yaml,selective_edgecooper_global_pmax,full-frame,grid,,,,,,,singleton,20,60.0,1078800,1078800,1699968,50,50,15,15;1;2;6,1;2;6,"{""1"": 10, ""2"": 11, ""6"": 10}","{""1"": 1302, ""2"": 1667, ""6"": 1524, ""15"": 13632}",71888,3.9982202447163515,10,40.0,60.0,,,,,2.0,2.0,1,1,"{""15"": 13632}",,2,ns3,899,0.5,10,12,28,,,[],[],,1;2;6,26,61,
2026_07_29_02_32_08,000116,16,all-cavs,docs\doc_workspace\SGCP\artifacts\early_from_late_checkpoint_20260719\enable_coperception_early_from_attentive.yaml,selective_edgecooper_global_pmax,full-frame,grid,,,,,,,singleton,20,60.0,1078800,1078800,1699968,50,50,16,16;3;17;20,3;17;20,"{""3"": 11, ""17"": 11, ""20"": 11}","{""3"": 1611, ""16"": 14185, ""17"": 1005, ""20"": 1243}",61744,3.4340378197997774,10,40.0,60.0,,,,,2.0,2.0,1,1,"{""16"": 14185}",,2,ns3,899,0.5,10,12,28,,,[],[],,3;17;20,28,67,
2026_07_29_02_32_08,000116,17,all-cavs,docs\doc_workspace\SGCP\artifacts\early_from_late_checkpoint_20260719\enable_coperception_early_from_attentive.yaml,selective_edgecooper_global_pmax,full-frame,grid,,,,,,,singleton,20,60.0,1078800,1078800,1699968,50,50,17,17;3;5;16,3;5;16,"{""3"": 10, ""5"": 11, ""16"": 10}","{""3"": 1251, ""5"": 1368, ""16"": 739, ""17"": 14228}",53728,2.988209121245829,10,40.0,60.0,,,,,2.0,2.0,1,1,"{""17"": 14228}",,2,ns3,899,0.5,10,12,28,,,[],[],,3;5;16,21,64,
2026_07_29_02_32_08,000116,18,all-cavs,docs\doc_workspace\SGCP\artifacts\early_from_late_checkpoint_20260719\enable_coperception_early_from_attentive.yaml,selective_edgecooper_global_pmax,full-frame,grid,,,,,,,singleton,20,60.0,1078800,1078800,1699968,50,50,18,18;3,3,"{""3"": 10}","{""3"": 1741, ""18"": 13909}",27856,1.5492769744160177,10,40.0,60.0,,,,,2.0,2.0,1,1,"{""18"": 13909}",,2,ns3,899,0.5,10,12,28,,,[],[],,3,14,33,
2026_07_29_02_32_08,000116,19,all-cavs,docs\doc_workspace\SGCP\artifacts\early_from_late_checkpoint_20260719\enable_coperception_early_from_attentive.yaml,selective_edgecooper_global_pmax,full-frame,grid,,,,,,,singleton,20,60.0,1078800,1078800,1699968,50,50,19,19;9;13;20,9;13;20,"{""9"": 10, ""13"": 10, ""20"": 10}","{""9"": 787, ""13"": 1441, ""19"": 13714, ""20"": 1927}",66480,3.6974416017797553,10,40.0,60.0,,,,,2.0,2.0,1,1,"{""19"": 13714}",,2,ns3,899,0.5,10,12,28,,,[],[],,9;13;20,22,54,
2026_07_29_02_32_08,000116,20,all-cavs,docs\doc_workspace\SGCP\artifacts\early_from_late_checkpoint_20260719\enable_coperception_early_from_attentive.yaml,selective_edgecooper_global_pmax,full-frame,grid,,,,,,,singleton,20,60.0,1078800,1078800,1699968,50,50,20,20;5;16;19,5;16;19,"{""5"": 10, ""16"": 10, ""19"": 11}","{""5"": 541, ""16"": 1307, ""19"": 1776, ""20"": 13882}",57984,3.224916573971079,10,40.0,60.0,,,,,2.0,2.0,1,1,"{""20"": 13882}",,2,ns3,899,0.5,10,12,28,,,[],[],,5;16;19,26,59,
2026_07_29_02_32_08,000118,1,all-cavs,docs\doc_workspace\SGCP\artifacts\early_from_late_checkpoint_20260719\enable_coperception_early_from_attentive.yaml,selective_edgecooper_global_pmax,full-frame,grid,,,,,,,singleton,20,60.0,1078800,1078800,1701744,50,50,1,1;4;8;15,4;8;15,"{""4"": 10, ""8"": 9, ""15"": 11}","{""1"": 13967, ""4"": 1742, ""8"": 883, ""15"": 1550}",66800,3.71523915461624,10,40.0,60.0,,,,,2.0,2.0,1,1,"{""1"": 13967}",,2,ns3,899,0.5,10,12,28,,,[],[],,4;8;15,36,69,
2026_07_29_02_32_08,000118,2,all-cavs,docs\doc_workspace\SGCP\artifacts\early_from_late_checkpoint_20260719\enable_coperception_early_from_attentive.yaml,selective_edgecooper_global_pmax,full-frame,grid,,,,,,,singleton,20,60.0,1078800,1078800,1701744,50,50,2,2;10;11;15,10;11;15,"{""10"": 10, ""11"": 9, ""15"": 11}","{""2"": 13838, ""10"": 1778, ""11"": 751, ""15"": 1379}",62528,3.477641824249166,10,40.0,60.0,,,,,2.0,2.0,1,1,"{""2"": 13838}",,2,ns3,899,0.5,10,12,28,,,[],[],,10;11;15,28,70,
2026_07_29_02_32_08,000118,3,all-cavs,docs\doc_workspace\SGCP\artifacts\early_from_late_checkpoint_20260719\enable_coperception_early_from_attentive.yaml,selective_edgecooper_global_pmax,full-frame,grid,,,,,,,singleton,20,60.0,1078800,1078800,1701744,50,50,3,3;16;17;18,16;17;18,"{""16"": 10, ""17"": 11, ""18"": 11}","{""3"": 14179, ""16"": 1632, ""17"": 1171, ""18"": 1462}",68240,3.7953281423804226,10,40.0,60.0,,,,,2.0,2.0,1,1,"{""3"": 14179}",,2,ns3,899,0.5,10,12,28,,,[],[],,16;17;18,18,59,
2026_07_29_02_32_08,000118,4,all-cavs,docs\doc_workspace\SGCP\artifacts\early_from_late_checkpoint_20260719\enable_coperception_early_from_attentive.yaml,selective_edgecooper_global_pmax,full-frame,grid,,,,,,,singleton,20,60.0,1078800,1078800,1701744,50,50,4,4;1;7;12,1;7;12,"{""1"": 11, ""7"": 11, ""12"": 11}","{""1"": 1922, ""4"": 13761, ""7"": 1403, ""12"": 1363}",75008,4.17174638487208,10,40.0,60.0,,,,,2.0,2.0,1,1,"{""4"": 13761}",,2,ns3,899,0.5,10,12,28,,,[],[],,1;7;12,29,65,
2026_07_29_02_32_08,000118,5,all-cavs,docs\doc_workspace\SGCP\artifacts\early_from_late_checkpoint_20260719\enable_coperception_early_from_attentive.yaml,selective_edgecooper_global_pmax,full-frame,grid,,,,,,,singleton,20,60.0,1078800,1078800,1701744,50,50,5,5;7;9;20,7;9;20,"{""7"": 11, ""9"": 11, ""20"": 9}","{""5"": 13928, ""7"": 1642, ""9"": 1882, ""20"": 738}",68192,3.79265850945495,10,40.0,60.0,,,,,2.0,2.0,1,1,"{""5"": 13928}",,2,ns3,899,0.5,10,12,28,,,[],[],,7;9;20,24,53,
2026_07_29_02_32_08,000118,6,all-cavs,docs\doc_workspace\SGCP\artifacts\early_from_late_checkpoint_20260719\enable_coperception_early_from_attentive.yaml,selective_edgecooper_global_pmax,full-frame,grid,,,,,,,singleton,20,60.0,1078800,1078800,1701744,50,50,6,6;15,15,"{""15"": 10}","{""6"": 13431, ""15"": 1341}",21456,1.193325917686318,10,40.0,60.0,,,,,2.0,2.0,1,1,"{""6"": 13431}",,2,ns3,899,0.5,10,12,28,,,[],[],,15,17,53,
2026_07_29_02_32_08,000118,7,all-cavs,docs\doc_workspace\SGCP\artifacts\early_from_late_checkpoint_20260719\enable_coperception_early_from_attentive.yaml,selective_edgecooper_global_pmax,full-frame,grid,,,,,,,singleton,20,60.0,1078800,1078800,1701744,50,50,7,7;4;12,4;12,"{""4"": 11, ""12"": 10}","{""4"": 1058, ""7"": 13934, ""12"": 1676}",43744,2.432925472747497,10,40.0,60.0,,,,,2.0,2.0,1,1,"{""7"": 13934}",,2,ns3,899,0.5,10,12,28,,,[],[],,4;12,28,46,
2026_07_29_02_32_08,000118,8,all-cavs,docs\doc_workspace\SGCP\artifacts\early_from_late_checkpoint_20260719\enable_coperception_early_from_attentive.yaml,selective_edgecooper_global_pmax,full-frame,grid,,,,,,,singleton,20,60.0,1078800,1078800,1701744,50,50,8,8;1;11;12,1;11;12,"{""1"": 10, ""11"": 11, ""12"": 10}","{""1"": 1258, ""8"": 13741, ""11"": 1327, ""12"": 1811}",70336,3.911902113459399,10,40.0,60.0,,,,,2.0,2.0,1,1,"{""8"": 13741}",,2,ns3,899,0.5,10,12,28,,,[],[],,1;11;12,27,47,
2026_07_29_02_32_08,000118,9,all-cavs,docs\doc_workspace\SGCP\artifacts\early_from_late_checkpoint_20260719\enable_coperception_early_from_attentive.yaml,selective_edgecooper_global_pmax,full-frame,grid,,,,,,,singleton,20,60.0,1078800,1078800,1701744,50,50,9,9;11;13,11;13,"{""11"": 10, ""13"": 11}","{""9"": 13807, ""11"": 1788, ""13"": 1503}",52656,2.9285873192436043,10,40.0,60.0,,,,,2.0,2.0,1,1,"{""9"": 13807}",,2,ns3,899,0.5,10,12,28,,,[],[],,11;13,24,54,
2026_07_29_02_32_08,000118,10,all-cavs,docs\doc_workspace\SGCP\artifacts\early_from_late_checkpoint_20260719\enable_coperception_early_from_attentive.yaml,selective_edgecooper_global_pmax,full-frame,grid,,,,,,,singleton,20,60.0,1078800,1078800,1701744,50,50,10,10;5;8;19,5;8;19,"{""5"": 11, ""8"": 11, ""19"": 11}","{""5"": 1959, ""8"": 1405, ""10"": 13979, ""19"": 761}",66000,3.6707452725250276,10,40.0,60.0,,,,,2.0,2.0,1,1,"{""10"": 13979}",,2,ns3,899,0.5,10,12,28,,,[],[],,5;8;19,29,67,
2026_07_29_02_32_08,000118,11,all-cavs,docs\doc_workspace\SGCP\artifacts\early_from_late_checkpoint_20260719\enable_coperception_early_from_attentive.yaml,selective_edgecooper_global_pmax,full-frame,grid,,,,,,,singleton,20,60.0,1078800,1078800,1701744,50,50,11,11;2;8;10,2;8;10,"{""2"": 11, ""8"": 11, ""10"": 10}","{""2"": 1084, ""8"": 934, ""10"": 1405, ""11"": 13873}",54768,3.046051167964405,10,40.0,60.0,,,,,2.0,2.0,1,1,"{""11"": 13873}",,2,ns3,899,0.5,10,12,28,,,[],[],,2;8;10,27,66,
2026_07_29_02_32_08,000118,12,all-cavs,docs\doc_workspace\SGCP\artifacts\early_from_late_checkpoint_20260719\enable_coperception_early_from_attentive.yaml,selective_edgecooper_global_pmax,full-frame,grid,,,,,,,singleton,20,60.0,1078800,1078800,1701744,50,50,12,12;4;7,4;7,"{""4"": 10, ""7"": 11}","{""4"": 1295, ""7"": 1639, ""12"": 14223}",46944,2.610901001112347,10,40.0,60.0,,,,,2.0,2.0,1,1,"{""12"": 14223}",,2,ns3,899,0.5,10,12,28,,,[],[],,4;7,22,52,
2026_07_29_02_32_08,000118,13,all-cavs,docs\doc_workspace\SGCP\artifacts\early_from_late_checkpoint_20260719\enable_coperception_early_from_attentive.yaml,selective_edgecooper_global_pmax,full-frame,grid,,,,,,,singleton,20,60.0,1078800,1078800,1701744,50,50,13,13;9;10;19,9;10;19,"{""9"": 11, ""10"": 11, ""19"": 9}","{""9"": 789, ""10"": 1408, ""13"": 13365, ""19"": 690}",46192,2.5690767519466076,10,40.0,60.0,,,,,2.0,2.0,1,1,"{""13"": 13365}",,2,ns3,899,0.5,10,12,28,,,[],[],,9;10;19,22,53,
2026_07_29_02_32_08,000118,14,all-cavs,docs\doc_workspace\SGCP\artifacts\early_from_late_checkpoint_20260719\enable_coperception_early_from_attentive.yaml,selective_edgecooper_global_pmax,full-frame,grid,,,,,,,singleton,20,60.0,1078800,1078800,1701744,50,50,14,14,,{},"{""14"": 13766}",0,0.0,10,40.0,60.0,,,,,2.0,2.0,0,,{},,2,ns3,899,0.5,10,12,28,,,[],[],,,6,8,
2026_07_29_02_32_08,000118,15,all-cavs,docs\doc_workspace\SGCP\artifacts\early_from_late_checkpoint_20260719\enable_coperception_early_from_attentive.yaml,selective_edgecooper_global_pmax,full-frame,grid,,,,,,,singleton,20,60.0,1078800,1078800,1701744,50,50,15,15;1;2;6,1;2;6,"{""1"": 10, ""2"": 11, ""6"": 10}","{""1"": 1286, ""2"": 1656, ""6"": 1570, ""15"": 13659}",72192,4.015127919911012,10,40.0,60.0,,,,,2.0,2.0,1,1,"{""15"": 13659}",,2,ns3,899,0.5,10,12,28,,,[],[],,1;2;6,28,62,
2026_07_29_02_32_08,000118,16,all-cavs,docs\doc_workspace\SGCP\artifacts\early_from_late_checkpoint_20260719\enable_coperception_early_from_attentive.yaml,selective_edgecooper_global_pmax,full-frame,grid,,,,,,,singleton,20,60.0,1078800,1078800,1701744,50,50,16,16;3;17;20,3;17;20,"{""3"": 11, ""17"": 10, ""20"": 11}","{""3"": 1579, ""16"": 14217, ""17"": 918, ""20"": 1256}",60048,3.339710789766407,10,40.0,60.0,,,,,2.0,2.0,1,1,"{""16"": 14217}",,2,ns3,899,0.5,10,12,28,,,[],[],,3;17;20,28,67,
2026_07_29_02_32_08,000118,17,all-cavs,docs\doc_workspace\SGCP\artifacts\early_from_late_checkpoint_20260719\enable_coperception_early_from_attentive.yaml,selective_edgecooper_global_pmax,full-frame,grid,,,,,,,singleton,20,60.0,1078800,1078800,1701744,50,50,17,17;3;5;16,3;5;16,"{""3"": 10, ""5"": 11, ""16"": 10}","{""3"": 1161, ""5"": 1323, ""16"": 655, ""17"": 14236}",50224,2.7933259176863183,10,40.0,60.0,,,,,2.0,2.0,1,1,"{""17"": 14236}",,2,ns3,899,0.5,10,12,28,,,[],[],,3;5;16,21,65,
2026_07_29_02_32_08,000118,18,all-cavs,docs\doc_workspace\SGCP\artifacts\early_from_late_checkpoint_20260719\enable_coperception_early_from_attentive.yaml,selective_edgecooper_global_pmax,full-frame,grid,,,,,,,singleton,20,60.0,1078800,1078800,1701744,50,50,18,18;3,3,"{""3"": 10}","{""3"": 1753, ""18"": 13918}",28048,1.559955506117909,10,40.0,60.0,,,,,2.0,2.0,1,1,"{""18"": 13918}",,2,ns3,899,0.5,10,12,28,,,[],[],,3,13,32,
2026_07_29_02_32_08,000118,19,all-cavs,docs\doc_workspace\SGCP\artifacts\early_from_late_checkpoint_20260719\enable_coperception_early_from_attentive.yaml,selective_edgecooper_global_pmax,full-frame,grid,,,,,,,singleton,20,60.0,1078800,1078800,1701744,50,50,19,19;9;13;20,9;13;20,"{""9"": 10, ""13"": 10, ""20"": 10}","{""9"": 787, ""13"": 1452, ""19"": 13713, ""20"": 1919}",66528,3.7001112347052283,10,40.0,60.0,,,,,2.0,2.0,1,1,"{""19"": 13713}",,2,ns3,899,0.5,10,12,28,,,[],[],,9;13;20,23,54,
2026_07_29_02_32_08,000118,20,all-cavs,docs\doc_workspace\SGCP\artifacts\early_from_late_checkpoint_20260719\enable_coperception_early_from_attentive.yaml,selective_edgecooper_global_pmax,full-frame,grid,,,,,,,singleton,20,60.0,1078800,1078800,1701744,50,50,20,20;5;16;19,5;16;19,"{""5"": 10, ""16"": 11, ""19"": 11}","{""5"": 530, ""16"": 1310, ""19"": 1841, ""20"": 13879}",58896,3.275639599555061,10,40.0,60.0,,,,,2.0,2.0,1,1,"{""20"": 13879}",,2,ns3,899,0.5,10,12,28,,,[],[],,5;16;19,27,60,
2026_07_29_02_32_08,000120,1,all-cavs,docs\doc_workspace\SGCP\artifacts\early_from_late_checkpoint_20260719\enable_coperception_early_from_attentive.yaml,selective_edgecooper_global_pmax,full-frame,grid,,,,,,,singleton,20,60.0,1078800,1078800,1685488,51,51,1,1;4;8;15,4;8;15,"{""4"": 11, ""8"": 9, ""15"": 11}","{""1"": 13970, ""4"": 1847, ""8"": 882, ""15"": 1524}",68048,3.7846496106785317,10,40.0,60.0,,,,,2.0,2.0,1,1,"{""1"": 13970}",,2,ns3,899,0.5,10,12,28,,,[],[],,4;8;15,33,69,
2026_07_29_02_32_08,000120,2,all-cavs,docs\doc_workspace\SGCP\artifacts\early_from_late_checkpoint_20260719\enable_coperception_early_from_attentive.yaml,selective_edgecooper_global_pmax,full-frame,grid,,,,,,,singleton,20,60.0,1078800,1078800,1685488,51,51,2,2;1;11;15,1;11;15,"{""1"": 10, ""11"": 10, ""15"": 11}","{""1"": 606, ""2"": 13838, ""11"": 878, ""15"": 1344}",45248,2.5165739710789765,10,40.0,60.0,,,,,2.0,2.0,1,1,"{""2"": 13838}",,2,ns3,899,0.5,10,12,28,,,[],[],,1;11;15,21,70,
2026_07_29_02_32_08,000120,3,all-cavs,docs\doc_workspace\SGCP\artifacts\early_from_late_checkpoint_20260719\enable_coperception_early_from_attentive.yaml,selective_edgecooper_global_pmax,full-frame,grid,,,,,,,singleton,20,60.0,1078800,1078800,1685488,51,51,3,3;16;17;18,16;17;18,"{""16"": 10, ""17"": 11, ""18"": 11}","{""3"": 14172, ""16"": 1549, ""17"": 1208, ""18"": 1447}",67264,3.7410456062291435,10,40.0,60.0,,,,,2.0,2.0,1,1,"{""3"": 14172}",,2,ns3,899,0.5,10,12,28,,,[],[],,16;17;18,18,59,
2026_07_29_02_32_08,000120,4,all-cavs,docs\doc_workspace\SGCP\artifacts\early_from_late_checkpoint_20260719\enable_coperception_early_from_attentive.yaml,selective_edgecooper_global_pmax,full-frame,grid,,,,,,,singleton,20,60.0,1078800,1078800,1685488,51,51,4,4;1;7;12,1;7;12,"{""1"": 11, ""7"": 11, ""12"": 11}","{""1"": 1922, ""4"": 13760, ""7"": 1358, ""12"": 1350}",74080,4.120133481646274,10,40.0,60.0,,,,,2.0,2.0,1,1,"{""4"": 13760}",,2,ns3,899,0.5,10,12,28,,,[],[],,1;7;12,28,65,
2026_07_29_02_32_08,000120,5,all-cavs,docs\doc_workspace\SGCP\artifacts\early_from_late_checkpoint_20260719\enable_coperception_early_from_attentive.yaml,selective_edgecooper_global_pmax,full-frame,grid,,,,,,,singleton,20,60.0,1078800,1078800,1685488,51,51,5,5;7;17;20,7;17;20,"{""7"": 11, ""17"": 11, ""20"": 9}","{""5"": 13911, ""7"": 1671, ""17"": 1776, ""20"": 736}",66928,3.722358175750834,10,40.0,60.0,,,,,2.0,2.0,1,1,"{""5"": 13911}",,2,ns3,899,0.5,10,12,28,,,[],[],,7;17;20,27,54,
2026_07_29_02_32_08,000120,6,all-cavs,docs\doc_workspace\SGCP\artifacts\early_from_late_checkpoint_20260719\enable_coperception_early_from_attentive.yaml,selective_edgecooper_global_pmax,full-frame,grid,,,,,,,singleton,20,60.0,1078800,1078800,1685488,51,51,6,6;15,15,"{""15"": 10}","{""6"": 13438, ""15"": 1400}",22400,1.2458286985539488,10,40.0,60.0,,,,,2.0,2.0,1,1,"{""6"": 13438}",,2,ns3,899,0.5,10,12,28,,,[],[],,15,16,54,
2026_07_29_02_32_08,000120,7,all-cavs,docs\doc_workspace\SGCP\artifacts\early_from_late_checkpoint_20260719\enable_coperception_early_from_attentive.yaml,selective_edgecooper_global_pmax,full-frame,grid,,,,,,,singleton,20,60.0,1078800,1078800,1685488,51,51,7,7;4;12;20,4;12;20,"{""4"": 10, ""12"": 10, ""20"": 10}","{""4"": 972, ""7"": 13924, ""12"": 1607, ""20"": 1057}",58176,3.23559510567297,10,40.0,60.0,,,,,2.0,2.0,1,1,"{""7"": 13924}",,2,ns3,899,0.5,10,12,28,,,[],[],,4;12;20,30,46,
2026_07_29_02_32_08,000120,8,all-cavs,docs\doc_workspace\SGCP\artifacts\early_from_late_checkpoint_20260719\enable_coperception_early_from_attentive.yaml,selective_edgecooper_global_pmax,full-frame,grid,,,,,,,singleton,20,60.0,1078800,1078800,1685488,51,51,8,8;2;11;12,2;11;12,"{""2"": 11, ""11"": 10, ""12"": 11}","{""2"": 1754, ""8"": 13743, ""11"": 1210, ""12"": 2013}",79632,4.428921023359289,10,40.0,60.0,,,,,2.0,2.0,1,1,"{""8"": 13743}",,2,ns3,899,0.5,10,12,28,,,[],[],,2;11;12,28,47,
2026_07_29_02_32_08,000120,9,all-cavs,docs\doc_workspace\SGCP\artifacts\early_from_late_checkpoint_20260719\enable_coperception_early_from_attentive.yaml,selective_edgecooper_global_pmax,full-frame,grid,,,,,,,singleton,20,60.0,1078800,1078800,1685488,51,51,9,9;11;13,11;13,"{""11"": 11, ""13"": 11}","{""9"": 13808, ""11"": 1934, ""13"": 1562}",55936,3.111012235817575,10,40.0,60.0,,,,,2.0,2.0,1,1,"{""9"": 13808}",,2,ns3,899,0.5,10,12,28,,,[],[],,11;13,24,53,
2026_07_29_02_32_08,000120,10,all-cavs,docs\doc_workspace\SGCP\artifacts\early_from_late_checkpoint_20260719\enable_coperception_early_from_attentive.yaml,selective_edgecooper_global_pmax,full-frame,grid,,,,,,,singleton,20,60.0,1078800,1078800,1685488,51,51,10,10;5;8;19,5;8;19,"{""5"": 11, ""8"": 11, ""19"": 11}","{""5"": 1966, ""8"": 1405, ""10"": 13976, ""19"": 761}",66112,3.6769744160177975,10,40.0,60.0,,,,,2.0,2.0,1,1,"{""10"": 13976}",,2,ns3,899,0.5,10,12,28,,,[],[],,5;8;19,28,67,
2026_07_29_02_32_08,000120,11,all-cavs,docs\doc_workspace\SGCP\artifacts\early_from_late_checkpoint_20260719\enable_coperception_early_from_attentive.yaml,selective_edgecooper_global_pmax,full-frame,grid,,,,,,,singleton,20,60.0,1078800,1078800,1685488,51,51,11,11;2;8;10,2;8;10,"{""2"": 11, ""8"": 11, ""10"": 10}","{""2"": 1062, ""8"": 932, ""10"": 1471, ""11"": 13874}",55440,3.083426028921023,10,40.0,60.0,,,,,2.0,2.0,1,1,"{""11"": 13874}",,2,ns3,899,0.5,10,12,28,,,[],[],,2;8;10,26,66,
2026_07_29_02_32_08,000120,12,all-cavs,docs\doc_workspace\SGCP\artifacts\early_from_late_checkpoint_20260719\enable_coperception_early_from_attentive.yaml,selective_edgecooper_global_pmax,full-frame,grid,,,,,,,singleton,20,60.0,1078800,1078800,1685488,51,51,12,12;4;7,4;7,"{""4"": 10, ""7"": 11}","{""4"": 1321, ""7"": 1605, ""12"": 14223}",46816,2.603781979977753,10,40.0,60.0,,,,,2.0,2.0,1,1,"{""12"": 14223}",,2,ns3,899,0.5,10,12,28,,,[],[],,4;7,20,52,
2026_07_29_02_32_08,000120,13,all-cavs,docs\doc_workspace\SGCP\artifacts\early_from_late_checkpoint_20260719\enable_coperception_early_from_attentive.yaml,selective_edgecooper_global_pmax,full-frame,grid,,,,,,,singleton,20,60.0,1078800,1078800,1685488,51,51,13,13;9;10;19,9;10;19,"{""9"": 11, ""10"": 11, ""19"": 10}","{""9"": 911, ""10"": 1453, ""13"": 13367, ""19"": 598}",47392,2.635817575083426,10,40.0,60.0,,,,,2.0,2.0,1,1,"{""13"": 13367}",,2,ns3,899,0.5,10,12,28,,,[],[],,9;10;19,22,53,
2026_07_29_02_32_08,000120,14,all-cavs,docs\doc_workspace\SGCP\artifacts\early_from_late_checkpoint_20260719\enable_coperception_early_from_attentive.yaml,selective_edgecooper_global_pmax,full-frame,grid,,,,,,,singleton,20,60.0,1078800,1078800,1685488,51,51,14,14,,{},"{""14"": 13795}",0,0.0,10,40.0,60.0,,,,,2.0,2.0,0,,{},,2,ns3,899,0.5,10,12,28,,,[],[],,,6,8,
2026_07_29_02_32_08,000120,15,all-cavs,docs\doc_workspace\SGCP\artifacts\early_from_late_checkpoint_20260719\enable_coperception_early_from_attentive.yaml,selective_edgecooper_global_pmax,full-frame,grid,,,,,,,singleton,20,60.0,1078800,1078800,1685488,51,51,15,15;1;2;6,1;2;6,"{""1"": 11, ""2"": 11, ""6"": 11}","{""1"": 1348, ""2"": 1621, ""6"": 1743, ""15"": 13667}",75392,4.193103448275862,10,40.0,60.0,,,,,2.0,2.0,1,1,"{""15"": 13667}",,2,ns3,899,0.5,10,12,28,,,[],[],,1;2;6,27,62,
2026_07_29_02_32_08,000120,16,all-cavs,docs\doc_workspace\SGCP\artifacts\early_from_late_checkpoint_20260719\enable_coperception_early_from_attentive.yaml,selective_edgecooper_global_pmax,full-frame,grid,,,,,,,singleton,20,60.0,1078800,1078800,1685488,51,51,16,16;3;17;20,3;17;20,"{""3"": 11, ""17"": 11, ""20"": 11}","{""3"": 1584, ""16"": 14237, ""17"": 857, ""20"": 1275}",59456,3.30678531701891,10,40.0,60.0,,,,,2.0,2.0,1,1,"{""16"": 14237}",,2,ns3,899,0.5,10,12,28,,,[],[],,3;17;20,27,66,
2026_07_29_02_32_08,000120,17,all-cavs,docs\doc_workspace\SGCP\artifacts\early_from_late_checkpoint_20260719\enable_coperception_early_from_attentive.yaml,selective_edgecooper_global_pmax,full-frame,grid,,,,,,,singleton,20,60.0,1078800,1078800,1685488,51,51,17,17;3;5;16,3;5;16,"{""3"": 10, ""5"": 11, ""16"": 10}","{""3"": 1180, ""5"": 1310, ""16"": 660, ""17"": 14265}",50400,2.803114571746385,10,40.0,60.0,,,,,2.0,2.0,1,1,"{""17"": 14265}",,2,ns3,899,0.5,10,12,28,,,[],[],,3;5;16,22,64,
2026_07_29_02_32_08,000120,18,all-cavs,docs\doc_workspace\SGCP\artifacts\early_from_late_checkpoint_20260719\enable_coperception_early_from_attentive.yaml,selective_edgecooper_global_pmax,full-frame,grid,,,,,,,singleton,20,60.0,1078800,1078800,1685488,51,51,18,18;3,3,"{""3"": 11}","{""3"": 1847, ""18"": 13889}",29552,1.6436040044493883,10,40.0,60.0,,,,,2.0,2.0,1,1,"{""18"": 13889}",,2,ns3,899,0.5,10,12,28,,,[],[],,3,12,31,
2026_07_29_02_32_08,000120,19,all-cavs,docs\doc_workspace\SGCP\artifacts\early_from_late_checkpoint_20260719\enable_coperception_early_from_attentive.yaml,selective_edgecooper_global_pmax,full-frame,grid,,,,,,,singleton,20,60.0,1078800,1078800,1685488,51,51,19,19;9;10;13,9;10;13,"{""9"": 10, ""10"": 11, ""13"": 10}","{""9"": 514, ""10"": 1148, ""13"": 1483, ""19"": 13711}",50320,2.798665183537264,10,40.0,60.0,,,,,2.0,2.0,1,1,"{""19"": 13711}",,2,ns3,899,0.5,10,12,28,,,[],[],,9;10;13,23,54,
2026_07_29_02_32_08,000120,20,all-cavs,docs\doc_workspace\SGCP\artifacts\early_from_late_checkpoint_20260719\enable_coperception_early_from_attentive.yaml,selective_edgecooper_global_pmax,full-frame,grid,,,,,,,singleton,20,60.0,1078800,1078800,1685488,51,51,20,20;5;16;19,5;16;19,"{""5"": 10, ""16"": 11, ""19"": 11}","{""5"": 606, ""16"": 1316, ""19"": 1841, ""20"": 13881}",60208,3.3486095661846496,10,40.0,60.0,,,,,2.0,2.0,1,1,"{""20"": 13881}",,2,ns3,899,0.5,10,12,28,,,[],[],,5;16;19,29,60,
2026_07_29_02_32_08,000122,1,all-cavs,docs\doc_workspace\SGCP\artifacts\early_from_late_checkpoint_20260719\enable_coperception_early_from_attentive.yaml,selective_edgecooper_global_pmax,full-frame,grid,,,,,,,singleton,20,60.0,1078800,1078800,1822560,51,51,1,1;4;8;15,4;8;15,"{""4"": 10, ""8"": 8, ""15"": 10}","{""1"": 13965, ""4"": 1741, ""8"": 824, ""15"": 1405}",63520,3.532814238042269,10,40.0,60.0,,,,,2.0,2.0,1,1,"{""1"": 13965}",,2,ns3,899,0.5,10,12,28,,,[],[],,4;8;15,34,69,
2026_07_29_02_32_08,000122,2,all-cavs,docs\doc_workspace\SGCP\artifacts\early_from_late_checkpoint_20260719\enable_coperception_early_from_attentive.yaml,selective_edgecooper_global_pmax,full-frame,grid,,,,,,,singleton,20,60.0,1078800,1078800,1822560,51,51,2,2;10;11;15,10;11;15,"{""10"": 10, ""11"": 8, ""15"": 10}","{""2"": 13840, ""10"": 1778, ""11"": 688, ""15"": 1284}",60000,3.3370411568409346,10,40.0,60.0,,,,,2.0,2.0,1,1,"{""2"": 13840}",,2,ns3,899,0.5,10,12,28,,,[],[],,10;11;15,28,69,
2026_07_29_02_32_08,000122,3,all-cavs,docs\doc_workspace\SGCP\artifacts\early_from_late_checkpoint_20260719\enable_coperception_early_from_attentive.yaml,selective_edgecooper_global_pmax,full-frame,grid,,,,,,,singleton,20,60.0,1078800,1078800,1822560,51,51,3,3;16;17;18,16;17;18,"{""16"": 10, ""17"": 10, ""18"": 10}","{""3"": 14186, ""16"": 1560, ""17"": 1100, ""18"": 1302}",63392,3.525695216907675,10,40.0,60.0,,,,,2.0,2.0,1,1,"{""3"": 14186}",,2,ns3,899,0.5,10,12,28,,,[],[],,16;17;18,20,57,
2026_07_29_02_32_08,000122,4,all-cavs,docs\doc_workspace\SGCP\artifacts\early_from_late_checkpoint_20260719\enable_coperception_early_from_attentive.yaml,selective_edgecooper_global_pmax,full-frame,grid,,,,,,,singleton,20,60.0,1078800,1078800,1822560,51,51,4,4;1;7;12,1;7;12,"{""1"": 10, ""7"": 10, ""12"": 10}","{""1"": 1789, ""4"": 13763, ""7"": 1222, ""12"": 1252}",68208,3.793548387096774,10,40.0,60.0,,,,,2.0,2.0,1,1,"{""4"": 13763}",,2,ns3,899,0.5,10,12,28,,,[],[],,1;7;12,26,65,
2026_07_29_02_32_08,000122,5,all-cavs,docs\doc_workspace\SGCP\artifacts\early_from_late_checkpoint_20260719\enable_coperception_early_from_attentive.yaml,selective_edgecooper_global_pmax,full-frame,grid,,,,,,,singleton,20,60.0,1078800,1078800,1822560,51,51,5,5;10;17;20,10;17;20,"{""10"": 10, ""17"": 10, ""20"": 10}","{""5"": 13861, ""10"": 1739, ""17"": 1580, ""20"": 719}",64608,3.593325917686318,10,40.0,60.0,,,,,2.0,2.0,1,1,"{""5"": 13861}",,2,ns3,899,0.5,10,12,28,,,[],[],,10;17;20,27,58,
2026_07_29_02_32_08,000122,6,all-cavs,docs\doc_workspace\SGCP\artifacts\early_from_late_checkpoint_20260719\enable_coperception_early_from_attentive.yaml,selective_edgecooper_global_pmax,full-frame,grid,,,,,,,singleton,20,60.0,1078800,1078800,1822560,51,51,6,6;15,15,"{""15"": 10}","{""6"": 13422, ""15"": 1288}",20608,1.1461624026696329,10,40.0,60.0,,,,,2.0,2.0,1,1,"{""6"": 13422}",,2,ns3,899,0.5,10,12,28,,,[],[],,15,16,54,
2026_07_29_02_32_08,000122,7,all-cavs,docs\doc_workspace\SGCP\artifacts\early_from_late_checkpoint_20260719\enable_coperception_early_from_attentive.yaml,selective_edgecooper_global_pmax,full-frame,grid,,,,,,,singleton,20,60.0,1078800,1078800,1822560,51,51,7,7;4;12,4;12,"{""4"": 10, ""12"": 10}","{""4"": 1045, ""7"": 13939, ""12"": 1592}",42192,2.3466073414905453,10,40.0,60.0,,,,,2.0,2.0,1,1,"{""7"": 13939}",,2,ns3,899,0.5,10,12,28,,,[],[],,4;12,26,46,
2026_07_29_02_32_08,000122,8,all-cavs,docs\doc_workspace\SGCP\artifacts\early_from_late_checkpoint_20260719\enable_coperception_early_from_attentive.yaml,selective_edgecooper_global_pmax,full-frame,grid,,,,,,,singleton,20,60.0,1078800,1078800,1822560,51,51,8,8;1;11;12,1;11;12,"{""1"": 9, ""11"": 10, ""12"": 10}","{""1"": 1208, ""8"": 13746, ""11"": 1227, ""12"": 1814}",67984,3.7810901001112347,10,40.0,60.0,,,,,2.0,2.0,1,1,"{""8"": 13746}",,2,ns3,899,0.5,10,12,28,,,[],[],,1;11;12,29,47,
2026_07_29_02_32_08,000122,9,all-cavs,docs\doc_workspace\SGCP\artifacts\early_from_late_checkpoint_20260719\enable_coperception_early_from_attentive.yaml,selective_edgecooper_global_pmax,full-frame,grid,,,,,,,singleton,20,60.0,1078800,1078800,1822560,51,51,9,9;11;13,11;13,"{""11"": 10, ""13"": 10}","{""9"": 13806, ""11"": 1788, ""13"": 1459}",51952,2.889432703003337,10,40.0,60.0,,,,,2.0,2.0,1,1,"{""9"": 13806}",,2,ns3,899,0.5,10,12,28,,,[],[],,11;13,21,53,
2026_07_29_02_32_08,000122,10,all-cavs,docs\doc_workspace\SGCP\artifacts\early_from_late_checkpoint_20260719\enable_coperception_early_from_attentive.yaml,selective_edgecooper_global_pmax,full-frame,grid,,,,,,,singleton,20,60.0,1078800,1078800,1822560,51,51,10,10;5;8;19,5;8;19,"{""5"": 10, ""8"": 10, ""19"": 10}","{""5"": 1819, ""8"": 1336, ""10"": 13976, ""19"": 707}",61792,3.4367074527252504,10,40.0,60.0,,,,,2.0,2.0,1,1,"{""10"": 13976}",,2,ns3,899,0.5,10,12,28,,,[],[],,5;8;19,28,67,
2026_07_29_02_32_08,000122,11,all-cavs,docs\doc_workspace\SGCP\artifacts\early_from_late_checkpoint_20260719\enable_coperception_early_from_attentive.yaml,selective_edgecooper_global_pmax,full-frame,grid,,,,,,,singleton,20,60.0,1078800,1078800,1822560,51,51,11,11;2;8;10,2;8;10,"{""2"": 10, ""8"": 10, ""10"": 10}","{""2"": 1014, ""8"": 894, ""10"": 1471, ""11"": 13872}",54064,3.006896551724138,10,40.0,60.0,,,,,2.0,2.0,1,1,"{""11"": 13872}",,2,ns3,899,0.5,10,12,28,,,[],[],,2;8;10,28,66,
2026_07_29_02_32_08,000122,12,all-cavs,docs\doc_workspace\SGCP\artifacts\early_from_late_checkpoint_20260719\enable_coperception_early_from_attentive.yaml,selective_edgecooper_global_pmax,full-frame,grid,,,,,,,singleton,20,60.0,1078800,1078800,1822560,51,51,12,12;4;7,4;7,"{""4"": 10, ""7"": 10}","{""4"": 1358, ""7"": 1492, ""12"": 14209}",45600,2.53615127919911,10,40.0,60.0,,,,,2.0,2.0,1,1,"{""12"": 14209}",,2,ns3,899,0.5,10,12,28,,,[],[],,4;7,20,52,
2026_07_29_02_32_08,000122,13,all-cavs,docs\doc_workspace\SGCP\artifacts\early_from_late_checkpoint_20260719\enable_coperception_early_from_attentive.yaml,selective_edgecooper_global_pmax,full-frame,grid,,,,,,,singleton,20,60.0,1078800,1078800,1822560,51,51,13,13;9;14;19,9;14;19,"{""9"": 10, ""14"": 10, ""19"": 10}","{""9"": 1242, ""13"": 13373, ""14"": 1816, ""19"": 778}",61376,3.41357063403782,10,40.0,60.0,,,,,2.0,2.0,1,1,"{""13"": 13373}",,2,ns3,899,0.5,10,12,28,,,[],[],,9;14;19,18,54,
2026_07_29_02_32_08,000122,14,all-cavs,docs\doc_workspace\SGCP\artifacts\early_from_late_checkpoint_20260719\enable_coperception_early_from_attentive.yaml,selective_edgecooper_global_pmax,full-frame,grid,,,,,,,singleton,20,60.0,1078800,1078800,1822560,51,51,14,14;13,13,"{""13"": 10}","{""13"": 1660, ""14"": 13767}",26560,1.4771968854282536,10,40.0,60.0,,,,,2.0,2.0,1,1,"{""14"": 13767}",,2,ns3,899,0.5,10,12,28,,,[],[],,13,7,8,
2026_07_29_02_32_08,000122,15,all-cavs,docs\doc_workspace\SGCP\artifacts\early_from_late_checkpoint_20260719\enable_coperception_early_from_attentive.yaml,selective_edgecooper_global_pmax,full-frame,grid,,,,,,,singleton,20,60.0,1078800,1078800,1822560,51,51,15,15;1;2;6,1;2;6,"{""1"": 10, ""2"": 10, ""6"": 10}","{""1"": 1347, ""2"": 1520, ""6"": 1593, ""15"": 13668}",71360,3.9688542825361517,10,40.0,60.0,,,,,2.0,2.0,1,1,"{""15"": 13668}",,2,ns3,899,0.5,10,12,28,,,[],[],,1;2;6,27,62,
2026_07_29_02_32_08,000122,16,all-cavs,docs\doc_workspace\SGCP\artifacts\early_from_late_checkpoint_20260719\enable_coperception_early_from_attentive.yaml,selective_edgecooper_global_pmax,full-frame,grid,,,,,,,singleton,20,60.0,1078800,1078800,1822560,51,51,16,16;3;17;20,3;17;20,"{""3"": 10, ""17"": 9, ""20"": 10}","{""3"": 1481, ""16"": 14235, ""17"": 775, ""20"": 1261}",56272,3.1296996662958843,10,40.0,60.0,,,,,2.0,2.0,1,1,"{""16"": 14235}",,2,ns3,899,0.5,10,12,28,,,[],[],,3;17;20,23,66,
2026_07_29_02_32_08,000122,17,all-cavs,docs\doc_workspace\SGCP\artifacts\early_from_late_checkpoint_20260719\enable_coperception_early_from_attentive.yaml,selective_edgecooper_global_pmax,full-frame,grid,,,,,,,singleton,20,60.0,1078800,1078800,1822560,51,51,17,17;3;5;16,3;5;16,"{""3"": 10, ""5"": 10, ""16"": 10}","{""3"": 1192, ""5"": 1232, ""16"": 668, ""17"": 14263}",49472,2.751501668520578,10,40.0,60.0,,,,,2.0,2.0,1,1,"{""17"": 14263}",,2,ns3,899,0.5,10,12,28,,,[],[],,3;5;16,21,64,
2026_07_29_02_32_08,000122,18,all-cavs,docs\doc_workspace\SGCP\artifacts\early_from_late_checkpoint_20260719\enable_coperception_early_from_attentive.yaml,selective_edgecooper_global_pmax,full-frame,grid,,,,,,,singleton,20,60.0,1078800,1078800,1822560,51,51,18,18;3,3,"{""3"": 10}","{""3"": 1710, ""18"": 13912}",27360,1.521690767519466,10,40.0,60.0,,,,,2.0,2.0,1,1,"{""18"": 13912}",,2,ns3,899,0.5,10,12,28,,,[],[],,3,12,30,
2026_07_29_02_32_08,000122,19,all-cavs,docs\doc_workspace\SGCP\artifacts\early_from_late_checkpoint_20260719\enable_coperception_early_from_attentive.yaml,selective_edgecooper_global_pmax,full-frame,grid,,,,,,,singleton,20,60.0,1078800,1078800,1822560,51,51,19,19;9;13;20,9;13;20,"{""9"": 9, ""13"": 10, ""20"": 10}","{""9"": 731, ""13"": 1517, ""19"": 13713, ""20"": 1879}",66032,3.672525027808676,10,40.0,60.0,,,,,2.0,2.0,1,1,"{""19"": 13713}",,2,ns3,899,0.5,10,12,28,,,[],[],,9;13;20,23,54,
2026_07_29_02_32_08,000122,20,all-cavs,docs\doc_workspace\SGCP\artifacts\early_from_late_checkpoint_20260719\enable_coperception_early_from_attentive.yaml,selective_edgecooper_global_pmax,full-frame,grid,,,,,,,singleton,20,60.0,1078800,1078800,1822560,51,51,20,20;5;16;19,5;16;19,"{""5"": 9, ""16"": 10, ""19"": 10}","{""5"": 649, ""16"": 1180, ""19"": 1699, ""20"": 13882}",56448,3.139488320355951,10,40.0,60.0,,,,,2.0,2.0,1,1,"{""20"": 13882}",,2,ns3,899,0.5,10,12,28,,,[],[],,5;16;19,26,60,
2026_07_29_02_32_08,000124,1,all-cavs,docs\doc_workspace\SGCP\artifacts\early_from_late_checkpoint_20260719\enable_coperception_early_from_attentive.yaml,selective_edgecooper_global_pmax,full-frame,grid,,,,,,,singleton,20,60.0,1078800,1078800,1814624,51,51,1,1;4;8;15,4;8;15,"{""4"": 10, ""8"": 8, ""15"": 10}","{""1"": 13963, ""4"": 1747, ""8"": 823, ""15"": 1405}",63600,3.53726362625139,10,40.0,60.0,,,,,2.0,2.0,1,1,"{""1"": 13963}",,2,ns3,899,0.5,10,12,28,,,[],[],,4;8;15,30,69,
2026_07_29_02_32_08,000124,2,all-cavs,docs\doc_workspace\SGCP\artifacts\early_from_late_checkpoint_20260719\enable_coperception_early_from_attentive.yaml,selective_edgecooper_global_pmax,full-frame,grid,,,,,,,singleton,20,60.0,1078800,1078800,1814624,51,51,2,2;10;11;15,10;11;15,"{""10"": 10, ""11"": 8, ""15"": 10}","{""2"": 13842, ""10"": 1778, ""11"": 688, ""15"": 1272}",59808,3.3263626251390432,10,40.0,60.0,,,,,2.0,2.0,1,1,"{""2"": 13842}",,2,ns3,899,0.5,10,12,28,,,[],[],,10;11;15,29,69,
2026_07_29_02_32_08,000124,3,all-cavs,docs\doc_workspace\SGCP\artifacts\early_from_late_checkpoint_20260719\enable_coperception_early_from_attentive.yaml,selective_edgecooper_global_pmax,full-frame,grid,,,,,,,singleton,20,60.0,1078800,1078800,1814624,51,51,3,3;16;17;18,16;17;18,"{""16"": 10, ""17"": 10, ""18"": 10}","{""3"": 14209, ""16"": 1552, ""17"": 1129, ""18"": 1272}",63248,3.5176863181312568,10,40.0,60.0,,,,,2.0,2.0,1,1,"{""3"": 14209}",,2,ns3,899,0.5,10,12,28,,,[],[],,16;17;18,17,56,
2026_07_29_02_32_08,000124,4,all-cavs,docs\doc_workspace\SGCP\artifacts\early_from_late_checkpoint_20260719\enable_coperception_early_from_attentive.yaml,selective_edgecooper_global_pmax,full-frame,grid,,,,,,,singleton,20,60.0,1078800,1078800,1814624,51,51,4,4;1;7;12,1;7;12,"{""1"": 10, ""7"": 10, ""12"": 10}","{""1"": 1789, ""4"": 13764, ""7"": 1208, ""12"": 1297}",68704,3.821134593993326,10,40.0,60.0,,,,,2.0,2.0,1,1,"{""4"": 13764}",,2,ns3,899,0.5,10,12,28,,,[],[],,1;7;12,27,65,
2026_07_29_02_32_08,000124,5,all-cavs,docs\doc_workspace\SGCP\artifacts\early_from_late_checkpoint_20260719\enable_coperception_early_from_attentive.yaml,selective_edgecooper_global_pmax,full-frame,grid,,,,,,,singleton,20,60.0,1078800,1078800,1814624,51,51,5,5;10;17;20,10;17;20,"{""10"": 10, ""17"": 10, ""20"": 10}","{""5"": 13797, ""10"": 1767, ""17"": 1576, ""20"": 726}",65104,3.62091212458287,10,40.0,60.0,,,,,2.0,2.0,1,1,"{""5"": 13797}",,2,ns3,899,0.5,10,12,28,,,[],[],,10;17;20,28,58,
2026_07_29_02_32_08,000124,6,all-cavs,docs\doc_workspace\SGCP\artifacts\early_from_late_checkpoint_20260719\enable_coperception_early_from_attentive.yaml,selective_edgecooper_global_pmax,full-frame,grid,,,,,,,singleton,20,60.0,1078800,1078800,1814624,51,51,6,6;15,15,"{""15"": 9}","{""6"": 13423, ""15"": 1262}",20192,1.1230255839822023,10,40.0,60.0,,,,,2.0,2.0,1,1,"{""6"": 13423}",,2,ns3,899,0.5,10,12,28,,,[],[],,15,16,54,
2026_07_29_02_32_08,000124,7,all-cavs,docs\doc_workspace\SGCP\artifacts\early_from_late_checkpoint_20260719\enable_coperception_early_from_attentive.yaml,selective_edgecooper_global_pmax,full-frame,grid,,,,,,,singleton,20,60.0,1078800,1078800,1814624,51,51,7,7;4;12,4;12,"{""4"": 10, ""12"": 10}","{""4"": 1029, ""7"": 13921, ""12"": 1652}",42896,2.385761957730812,10,40.0,60.0,,,,,2.0,2.0,1,1,"{""7"": 13921}",,2,ns3,899,0.5,10,12,28,,,[],[],,4;12,24,45,
2026_07_29_02_32_08,000124,8,all-cavs,docs\doc_workspace\SGCP\artifacts\early_from_late_checkpoint_20260719\enable_coperception_early_from_attentive.yaml,selective_edgecooper_global_pmax,full-frame,grid,,,,,,,singleton,20,60.0,1078800,1078800,1814624,51,51,8,8;1;7;11,1;7;11,"{""1"": 9, ""7"": 10, ""11"": 10}","{""1"": 1208, ""7"": 1581, ""8"": 13745, ""11"": 1227}",64256,3.573748609566185,10,40.0,60.0,,,,,2.0,2.0,1,1,"{""8"": 13745}",,2,ns3,899,0.5,10,12,28,,,[],[],,1;7;11,29,47,
2026_07_29_02_32_08,000124,9,all-cavs,docs\doc_workspace\SGCP\artifacts\early_from_late_checkpoint_20260719\enable_coperception_early_from_attentive.yaml,selective_edgecooper_global_pmax,full-frame,grid,,,,,,,singleton,20,60.0,1078800,1078800,1814624,51,51,9,9;11;13,11;13,"{""11"": 10, ""13"": 10}","{""9"": 13807, ""11"": 1788, ""13"": 1457}",51920,2.8876529477196886,10,40.0,60.0,,,,,2.0,2.0,1,1,"{""9"": 13807}",,2,ns3,899,0.5,10,12,28,,,[],[],,11;13,24,53,
2026_07_29_02_32_08,000124,10,all-cavs,docs\doc_workspace\SGCP\artifacts\early_from_late_checkpoint_20260719\enable_coperception_early_from_attentive.yaml,selective_edgecooper_global_pmax,full-frame,grid,,,,,,,singleton,20,60.0,1078800,1078800,1814624,51,51,10,10;5;8;19,5;8;19,"{""5"": 10, ""8"": 10, ""19"": 10}","{""5"": 1801, ""8"": 1336, ""10"": 13972, ""19"": 707}",61504,3.420689655172414,10,40.0,60.0,,,,,2.0,2.0,1,1,"{""10"": 13972}",,2,ns3,899,0.5,10,12,28,,,[],[],,5;8;19,27,67,
2026_07_29_02_32_08,000124,11,all-cavs,docs\doc_workspace\SGCP\artifacts\early_from_late_checkpoint_20260719\enable_coperception_early_from_attentive.yaml,selective_edgecooper_global_pmax,full-frame,grid,,,,,,,singleton,20,60.0,1078800,1078800,1814624,51,51,11,11;2;8;10,2;8;10,"{""2"": 10, ""8"": 10, ""10"": 10}","{""2"": 1014, ""8"": 893, ""10"": 1471, ""11"": 13875}",54048,3.0060066740823137,10,40.0,60.0,,,,,2.0,2.0,1,1,"{""11"": 13875}",,2,ns3,899,0.5,10,12,28,,,[],[],,2;8;10,28,66,
2026_07_29_02_32_08,000124,12,all-cavs,docs\doc_workspace\SGCP\artifacts\early_from_late_checkpoint_20260719\enable_coperception_early_from_attentive.yaml,selective_edgecooper_global_pmax,full-frame,grid,,,,,,,singleton,20,60.0,1078800,1078800,1814624,51,51,12,12;4;7,4;7,"{""4"": 10, ""7"": 10}","{""4"": 1138, ""7"": 1543, ""12"": 14179}",42896,2.385761957730812,10,40.0,60.0,,,,,2.0,2.0,1,1,"{""12"": 14179}",,2,ns3,899,0.5,10,12,28,,,[],[],,4;7,20,52,
2026_07_29_02_32_08,000124,13,all-cavs,docs\doc_workspace\SGCP\artifacts\early_from_late_checkpoint_20260719\enable_coperception_early_from_attentive.yaml,selective_edgecooper_global_pmax,full-frame,grid,,,,,,,singleton,20,60.0,1078800,1078800,1814624,51,51,13,13;9;14;19,9;14;19,"{""9"": 10, ""14"": 10, ""19"": 10}","{""9"": 1248, ""13"": 13342, ""14"": 1818, ""19"": 805}",61936,3.4447163515016683,10,40.0,60.0,,,,,2.0,2.0,1,1,"{""13"": 13342}",,2,ns3,899,0.5,10,12,28,,,[],[],,9;14;19,19,54,
2026_07_29_02_32_08,000124,14,all-cavs,docs\doc_workspace\SGCP\artifacts\early_from_late_checkpoint_20260719\enable_coperception_early_from_attentive.yaml,selective_edgecooper_global_pmax,full-frame,grid,,,,,,,singleton,20,60.0,1078800,1078800,1814624,51,51,14,14;13,13,"{""13"": 10}","{""13"": 1665, ""14"": 13747}",26640,1.4816462736373748,10,40.0,60.0,,,,,2.0,2.0,1,1,"{""14"": 13747}",,2,ns3,899,0.5,10,12,28,,,[],[],,13,7,8,
2026_07_29_02_32_08,000124,15,all-cavs,docs\doc_workspace\SGCP\artifacts\early_from_late_checkpoint_20260719\enable_coperception_early_from_attentive.yaml,selective_edgecooper_global_pmax,full-frame,grid,,,,,,,singleton,20,60.0,1078800,1078800,1814624,51,51,15,15;1;2;6,1;2;6,"{""1"": 10, ""2"": 10, ""6"": 10}","{""1"": 1340, ""2"": 1506, ""6"": 1596, ""15"": 13675}",71072,3.9528364849833153,10,40.0,60.0,,,,,2.0,2.0,1,1,"{""15"": 13675}",,2,ns3,899,0.5,10,12,28,,,[],[],,1;2;6,25,62,
2026_07_29_02_32_08,000124,16,all-cavs,docs\doc_workspace\SGCP\artifacts\early_from_late_checkpoint_20260719\enable_coperception_early_from_attentive.yaml,selective_edgecooper_global_pmax,full-frame,grid,,,,,,,singleton,20,60.0,1078800,1078800,1814624,51,51,16,16;3;17;20,3;17;20,"{""3"": 10, ""17"": 9, ""20"": 10}","{""3"": 1458, ""16"": 14256, ""17"": 757, ""20"": 1321}",56576,3.146607341490545,10,40.0,60.0,,,,,2.0,2.0,1,1,"{""16"": 14256}",,2,ns3,899,0.5,10,12,28,,,[],[],,3;17;20,23,66,
2026_07_29_02_32_08,000124,17,all-cavs,docs\doc_workspace\SGCP\artifacts\early_from_late_checkpoint_20260719\enable_coperception_early_from_attentive.yaml,selective_edgecooper_global_pmax,full-frame,grid,,,,,,,singleton,20,60.0,1078800,1078800,1814624,51,51,17,17;3;5;16,3;5;16,"{""3"": 10, ""5"": 10, ""16"": 10}","{""3"": 1217, ""5"": 1229, ""16"": 649, ""17"": 14254}",49520,2.754171301446051,10,40.0,60.0,,,,,2.0,2.0,1,1,"{""17"": 14254}",,2,ns3,899,0.5,10,12,28,,,[],[],,3;5;16,20,64,
2026_07_29_02_32_08,000124,18,all-cavs,docs\doc_workspace\SGCP\artifacts\early_from_late_checkpoint_20260719\enable_coperception_early_from_attentive.yaml,selective_edgecooper_global_pmax,full-frame,grid,,,,,,,singleton,20,60.0,1078800,1078800,1814624,51,51,18,18;3,3,"{""3"": 10}","{""3"": 1743, ""18"": 13863}",27888,1.5510567296996662,10,40.0,60.0,,,,,2.0,2.0,1,1,"{""18"": 13863}",,2,ns3,899,0.5,10,12,28,,,[],[],,3,11,30,
2026_07_29_02_32_08,000124,19,all-cavs,docs\doc_workspace\SGCP\artifacts\early_from_late_checkpoint_20260719\enable_coperception_early_from_attentive.yaml,selective_edgecooper_global_pmax,full-frame,grid,,,,,,,singleton,20,60.0,1078800,1078800,1814624,51,51,19,19;9;13;20,9;13;20,"{""9"": 9, ""13"": 10, ""20"": 10}","{""9"": 731, ""13"": 1527, ""19"": 13712, ""20"": 1879}",66192,3.6814238042269185,10,40.0,60.0,,,,,2.0,2.0,1,1,"{""19"": 13712}",,2,ns3,899,0.5,10,12,28,,,[],[],,9;13;20,23,54,
2026_07_29_02_32_08,000124,20,all-cavs,docs\doc_workspace\SGCP\artifacts\early_from_late_checkpoint_20260719\enable_coperception_early_from_attentive.yaml,selective_edgecooper_global_pmax,full-frame,grid,,,,,,,singleton,20,60.0,1078800,1078800,1814624,51,51,20,20;5;16;19,5;16;19,"{""5"": 9, ""16"": 10, ""19"": 10}","{""5"": 638, ""16"": 1463, ""19"": 1699, ""20"": 13887}",60800,3.381535038932147,10,40.0,60.0,,,,,2.0,2.0,1,1,"{""20"": 13887}",,2,ns3,899,0.5,10,12,28,,,[],[],,5;16;19,28,60,
2026_07_29_02_32_08,000126,1,all-cavs,docs\doc_workspace\SGCP\artifacts\early_from_late_checkpoint_20260719\enable_coperception_early_from_attentive.yaml,selective_edgecooper_global_pmax,full-frame,grid,,,,,,,singleton,20,60.0,1078800,1078800,1818480,51,51,1,1;4;8;15,4;8;15,"{""4"": 10, ""8"": 8, ""15"": 10}","{""1"": 13963, ""4"": 1769, ""8"": 823, ""15"": 1390}",63712,3.54349276974416,10,40.0,60.0,,,,,2.0,2.0,1,1,"{""1"": 13963}",,2,ns3,899,0.5,10,12,28,,,[],[],,4;8;15,32,69,
2026_07_29_02_32_08,000126,2,all-cavs,docs\doc_workspace\SGCP\artifacts\early_from_late_checkpoint_20260719\enable_coperception_early_from_attentive.yaml,selective_edgecooper_global_pmax,full-frame,grid,,,,,,,singleton,20,60.0,1078800,1078800,1818480,51,51,2,2;10;11;15,10;11;15,"{""10"": 10, ""11"": 8, ""15"": 10}","{""2"": 13842, ""10"": 1778, ""11"": 688, ""15"": 1349}",61040,3.3948832035595102,10,40.0,60.0,,,,,2.0,2.0,1,1,"{""2"": 13842}",,2,ns3,899,0.5,10,12,28,,,[],[],,10;11;15,28,69,
2026_07_29_02_32_08,000126,3,all-cavs,docs\doc_workspace\SGCP\artifacts\early_from_late_checkpoint_20260719\enable_coperception_early_from_attentive.yaml,selective_edgecooper_global_pmax,full-frame,grid,,,,,,,singleton,20,60.0,1078800,1078800,1818480,51,51,3,3;16;17;18,16;17;18,"{""16"": 10, ""17"": 9, ""18"": 10}","{""3"": 14202, ""16"": 1567, ""17"": 1077, ""18"": 1234}",62048,3.4509454949944383,10,40.0,60.0,,,,,2.0,2.0,1,1,"{""3"": 14202}",,2,ns3,899,0.5,10,12,28,,,[],[],,16;17;18,17,56,
2026_07_29_02_32_08,000126,4,all-cavs,docs\doc_workspace\SGCP\artifacts\early_from_late_checkpoint_20260719\enable_coperception_early_from_attentive.yaml,selective_edgecooper_global_pmax,full-frame,grid,,,,,,,singleton,20,60.0,1078800,1078800,1818480,51,51,4,4;1;7;12,1;7;12,"{""1"": 10, ""7"": 10, ""12"": 10}","{""1"": 1791, ""4"": 13765, ""7"": 1192, ""12"": 1383}",69856,3.885205784204672,10,40.0,60.0,,,,,2.0,2.0,1,1,"{""4"": 13765}",,2,ns3,899,0.5,10,12,28,,,[],[],,1;7;12,27,65,
2026_07_29_02_32_08,000126,5,all-cavs,docs\doc_workspace\SGCP\artifacts\early_from_late_checkpoint_20260719\enable_coperception_early_from_attentive.yaml,selective_edgecooper_global_pmax,full-frame,grid,,,,,,,singleton,20,60.0,1078800,1078800,1818480,51,51,5,5;10;17;20,10;17;20,"{""10"": 10, ""17"": 10, ""20"": 9}","{""5"": 13815, ""10"": 1760, ""17"": 1545, ""20"": 754}",64944,3.612013348164627,10,40.0,60.0,,,,,2.0,2.0,1,1,"{""5"": 13815}",,2,ns3,899,0.5,10,12,28,,,[],[],,10;17;20,28,59,
2026_07_29_02_32_08,000126,6,all-cavs,docs\doc_workspace\SGCP\artifacts\early_from_late_checkpoint_20260719\enable_coperception_early_from_attentive.yaml,selective_edgecooper_global_pmax,full-frame,grid,,,,,,,singleton,20,60.0,1078800,1078800,1818480,51,51,6,6;15,15,"{""15"": 10}","{""6"": 13428, ""15"": 1387}",22192,1.2342602892102335,10,40.0,60.0,,,,,2.0,2.0,1,1,"{""6"": 13428}",,2,ns3,899,0.5,10,12,28,,,[],[],,15,16,55,
2026_07_29_02_32_08,000126,7,all-cavs,docs\doc_workspace\SGCP\artifacts\early_from_late_checkpoint_20260719\enable_coperception_early_from_attentive.yaml,selective_edgecooper_global_pmax,full-frame,grid,,,,,,,singleton,20,60.0,1078800,1078800,1818480,51,51,7,7;4;12,4;12,"{""4"": 10, ""12"": 10}","{""4"": 1027, ""7"": 13938, ""12"": 1671}",43168,2.400889877641824,10,40.0,60.0,,,,,2.0,2.0,1,1,"{""7"": 13938}",,2,ns3,899,0.5,10,12,28,,,[],[],,4;12,28,45,
2026_07_29_02_32_08,000126,8,all-cavs,docs\doc_workspace\SGCP\artifacts\early_from_late_checkpoint_20260719\enable_coperception_early_from_attentive.yaml,selective_edgecooper_global_pmax,full-frame,grid,,,,,,,singleton,20,60.0,1078800,1078800,1818480,51,51,8,8;1;7;11,1;7;11,"{""1"": 9, ""7"": 10, ""11"": 10}","{""1"": 1206, ""7"": 1585, ""8"": 13746, ""11"": 1227}",64288,3.5755283648498333,10,40.0,60.0,,,,,2.0,2.0,1,1,"{""8"": 13746}",,2,ns3,899,0.5,10,12,28,,,[],[],,1;7;11,29,46,
2026_07_29_02_32_08,000126,9,all-cavs,docs\doc_workspace\SGCP\artifacts\early_from_late_checkpoint_20260719\enable_coperception_early_from_attentive.yaml,selective_edgecooper_global_pmax,full-frame,grid,,,,,,,singleton,20,60.0,1078800,1078800,1818480,51,51,9,9;11;13,11;13,"{""11"": 10, ""13"": 10}","{""9"": 13806, ""11"": 1788, ""13"": 1463}",52016,2.892992213570634,10,40.0,60.0,,,,,2.0,2.0,1,1,"{""9"": 13806}",,2,ns3,899,0.5,10,12,28,,,[],[],,11;13,21,53,
2026_07_29_02_32_08,000126,10,all-cavs,docs\doc_workspace\SGCP\artifacts\early_from_late_checkpoint_20260719\enable_coperception_early_from_attentive.yaml,selective_edgecooper_global_pmax,full-frame,grid,,,,,,,singleton,20,60.0,1078800,1078800,1818480,51,51,10,10;5;8;19,5;8;19,"{""5"": 10, ""8"": 10, ""19"": 10}","{""5"": 1796, ""8"": 1336, ""10"": 13972, ""19"": 707}",61424,3.4162402669632925,10,40.0,60.0,,,,,2.0,2.0,1,1,"{""10"": 13972}",,2,ns3,899,0.5,10,12,28,,,[],[],,5;8;19,30,67,
2026_07_29_02_32_08,000126,11,all-cavs,docs\doc_workspace\SGCP\artifacts\early_from_late_checkpoint_20260719\enable_coperception_early_from_attentive.yaml,selective_edgecooper_global_pmax,full-frame,grid,,,,,,,singleton,20,60.0,1078800,1078800,1818480,51,51,11,11;2;8;10,2;8;10,"{""2"": 10, ""8"": 10, ""10"": 10}","{""2"": 1013, ""8"": 892, ""10"": 1471, ""11"": 13876}",54016,3.004226918798665,10,40.0,60.0,,,,,2.0,2.0,1,1,"{""11"": 13876}",,2,ns3,899,0.5,10,12,28,,,[],[],,2;8;10,26,66,
2026_07_29_02_32_08,000126,12,all-cavs,docs\doc_workspace\SGCP\artifacts\early_from_late_checkpoint_20260719\enable_coperception_early_from_attentive.yaml,selective_edgecooper_global_pmax,full-frame,grid,,,,,,,singleton,20,60.0,1078800,1078800,1818480,51,51,12,12;4;7,4;7,"{""4"": 10, ""7"": 10}","{""4"": 1128, ""7"": 1561, ""12"": 14162}",43024,2.392880978865406,10,40.0,60.0,,,,,2.0,2.0,1,1,"{""12"": 14162}",,2,ns3,899,0.5,10,12,28,,,[],[],,4;7,19,52,
2026_07_29_02_32_08,000126,13,all-cavs,docs\doc_workspace\SGCP\artifacts\early_from_late_checkpoint_20260719\enable_coperception_early_from_attentive.yaml,selective_edgecooper_global_pmax,full-frame,grid,,,,,,,singleton,20,60.0,1078800,1078800,1818480,51,51,13,13;9;14;19,9;14;19,"{""9"": 10, ""14"": 10, ""19"": 10}","{""9"": 1357, ""13"": 13344, ""14"": 1777, ""19"": 757}",62256,3.462513904338153,10,40.0,60.0,,,,,2.0,2.0,1,1,"{""13"": 13344}",,2,ns3,899,0.5,10,12,28,,,[],[],,9;14;19,16,54,
2026_07_29_02_32_08,000126,14,all-cavs,docs\doc_workspace\SGCP\artifacts\early_from_late_checkpoint_20260719\enable_coperception_early_from_attentive.yaml,selective_edgecooper_global_pmax,full-frame,grid,,,,,,,singleton,20,60.0,1078800,1078800,1818480,51,51,14,14;13,13,"{""13"": 9}","{""13"": 1468, ""14"": 13686}",23488,1.3063403781979976,10,40.0,60.0,,,,,2.0,2.0,1,1,"{""14"": 13686}",,2,ns3,899,0.5,10,12,28,,,[],[],,13,7,8,
2026_07_29_02_32_08,000126,15,all-cavs,docs\doc_workspace\SGCP\artifacts\early_from_late_checkpoint_20260719\enable_coperception_early_from_attentive.yaml,selective_edgecooper_global_pmax,full-frame,grid,,,,,,,singleton,20,60.0,1078800,1078800,1818480,51,51,15,15;1;2;6,1;2;6,"{""1"": 10, ""2"": 10, ""6"": 10}","{""1"": 1334, ""2"": 1479, ""6"": 1607, ""15"": 13678}",70720,3.933259176863181,10,40.0,60.0,,,,,2.0,2.0,1,1,"{""15"": 13678}",,2,ns3,899,0.5,10,12,28,,,[],[],,1;2;6,26,62,
2026_07_29_02_32_08,000126,16,all-cavs,docs\doc_workspace\SGCP\artifacts\early_from_late_checkpoint_20260719\enable_coperception_early_from_attentive.yaml,selective_edgecooper_global_pmax,full-frame,grid,,,,,,,singleton,20,60.0,1078800,1078800,1818480,51,51,16,16;3;17;20,3;17;20,"{""3"": 10, ""17"": 9, ""20"": 10}","{""3"": 1429, ""16"": 14263, ""17"": 714, ""20"": 1320}",55408,3.0816462736373746,10,40.0,60.0,,,,,2.0,2.0,1,1,"{""16"": 14263}",,2,ns3,899,0.5,10,12,28,,,[],[],,3;17;20,25,66,
2026_07_29_02_32_08,000126,17,all-cavs,docs\doc_workspace\SGCP\artifacts\early_from_late_checkpoint_20260719\enable_coperception_early_from_attentive.yaml,selective_edgecooper_global_pmax,full-frame,grid,,,,,,,singleton,20,60.0,1078800,1078800,1818480,51,51,17,17;3;5;16,3;5;16,"{""3"": 10, ""5"": 10, ""16"": 10}","{""3"": 1249, ""5"": 1156, ""16"": 683, ""17"": 14251}",49408,2.7479421579532812,10,40.0,60.0,,,,,2.0,2.0,1,1,"{""17"": 14251}",,2,ns3,899,0.5,10,12,28,,,[],[],,3;5;16,19,64,
2026_07_29_02_32_08,000126,18,all-cavs,docs\doc_workspace\SGCP\artifacts\early_from_late_checkpoint_20260719\enable_coperception_early_from_attentive.yaml,selective_edgecooper_global_pmax,full-frame,grid,,,,,,,singleton,20,60.0,1078800,1078800,1818480,51,51,18,18;3,3,"{""3"": 10}","{""3"": 1651, ""18"": 13842}",26416,1.4691879866518354,10,40.0,60.0,,,,,2.0,2.0,1,1,"{""18"": 13842}",,2,ns3,899,0.5,10,12,28,,,[],[],,3,13,29,
2026_07_29_02_32_08,000126,19,all-cavs,docs\doc_workspace\SGCP\artifacts\early_from_late_checkpoint_20260719\enable_coperception_early_from_attentive.yaml,selective_edgecooper_global_pmax,full-frame,grid,,,,,,,singleton,20,60.0,1078800,1078800,1818480,51,51,19,19;9;13;20,9;13;20,"{""9"": 9, ""13"": 10, ""20"": 10}","{""9"": 733, ""13"": 1545, ""19"": 13710, ""20"": 1897}",66800,3.71523915461624,10,40.0,60.0,,,,,2.0,2.0,1,1,"{""19"": 13710}",,2,ns3,899,0.5,10,12,28,,,[],[],,9;13;20,23,54,
2026_07_29_02_32_08,000126,20,all-cavs,docs\doc_workspace\SGCP\artifacts\early_from_late_checkpoint_20260719\enable_coperception_early_from_attentive.yaml,selective_edgecooper_global_pmax,full-frame,grid,,,,,,,singleton,20,60.0,1078800,1078800,1818480,51,51,20,20;5;16;19,5;16;19,"{""5"": 9, ""16"": 10, ""19"": 10}","{""5"": 659, ""16"": 1553, ""19"": 1699, ""20"": 13888}",62576,3.4803114571746385,10,40.0,60.0,,,,,2.0,2.0,1,1,"{""20"": 13888}",,2,ns3,899,0.5,10,12,28,,,[],[],,5;16;19,28,59,
2026_07_29_02_32_08,000128,1,all-cavs,docs\doc_workspace\SGCP\artifacts\early_from_late_checkpoint_20260719\enable_coperception_early_from_attentive.yaml,selective_edgecooper_global_pmax,full-frame,grid,,,,,,,singleton,20,60.0,1078800,1078800,1783200,50,50,1,1;4;8;15,4;8;15,"{""4"": 10, ""8"": 9, ""15"": 10}","{""1"": 13966, ""4"": 1775, ""8"": 880, ""15"": 1333}",63808,3.548832035595106,10,40.0,60.0,,,,,2.0,2.0,1,1,"{""1"": 13966}",,2,ns3,899,0.5,10,12,28,,,[],[],,4;8;15,29,69,
2026_07_29_02_32_08,000128,2,all-cavs,docs\doc_workspace\SGCP\artifacts\early_from_late_checkpoint_20260719\enable_coperception_early_from_attentive.yaml,selective_edgecooper_global_pmax,full-frame,grid,,,,,,,singleton,20,60.0,1078800,1078800,1783200,50,50,2,2;10;11;15,10;11;15,"{""10"": 10, ""11"": 9, ""15"": 10}","{""2"": 13841, ""10"": 1778, ""11"": 751, ""15"": 1201}",59680,3.3192436040044493,10,40.0,60.0,,,,,2.0,2.0,1,1,"{""2"": 13841}",,2,ns3,899,0.5,10,12,28,,,[],[],,10;11;15,28,69,
2026_07_29_02_32_08,000128,3,all-cavs,docs\doc_workspace\SGCP\artifacts\early_from_late_checkpoint_20260719\enable_coperception_early_from_attentive.yaml,selective_edgecooper_global_pmax,full-frame,grid,,,,,,,singleton,20,60.0,1078800,1078800,1783200,50,50,3,3;16;17;18,16;17;18,"{""16"": 10, ""17"": 10, ""18"": 11}","{""3"": 14211, ""16"": 1574, ""17"": 1196, ""18"": 1291}",64976,3.6137931034482755,10,40.0,60.0,,,,,2.0,2.0,1,1,"{""3"": 14211}",,2,ns3,899,0.5,10,12,28,,,[],[],,16;17;18,19,56,
2026_07_29_02_32_08,000128,4,all-cavs,docs\doc_workspace\SGCP\artifacts\early_from_late_checkpoint_20260719\enable_coperception_early_from_attentive.yaml,selective_edgecooper_global_pmax,full-frame,grid,,,,,,,singleton,20,60.0,1078800,1078800,1783200,50,50,4,4;1;8;12,1;8;12,"{""1"": 11, ""8"": 9, ""12"": 10}","{""1"": 1917, ""4"": 13766, ""8"": 637, ""12"": 1300}",61664,3.4295884315906564,10,40.0,60.0,,,,,2.0,2.0,1,1,"{""4"": 13766}",,2,ns3,899,0.5,10,12,28,,,[],[],,1;8;12,30,65,
2026_07_29_02_32_08,000128,5,all-cavs,docs\doc_workspace\SGCP\artifacts\early_from_late_checkpoint_20260719\enable_coperception_early_from_attentive.yaml,selective_edgecooper_global_pmax,full-frame,grid,,,,,,,singleton,20,60.0,1078800,1078800,1783200,50,50,5,5;7;10;20,7;10;20,"{""7"": 10, ""10"": 10, ""20"": 10}","{""5"": 13773, ""7"": 1561, ""10"": 1779, ""20"": 797}",66192,3.6814238042269185,10,40.0,60.0,,,,,2.0,2.0,1,1,"{""5"": 13773}",,2,ns3,899,0.5,10,12,28,,,[],[],,7;10;20,29,63,
2026_07_29_02_32_08,000128,6,all-cavs,docs\doc_workspace\SGCP\artifacts\early_from_late_checkpoint_20260719\enable_coperception_early_from_attentive.yaml,selective_edgecooper_global_pmax,full-frame,grid,,,,,,,singleton,20,60.0,1078800,1078800,1783200,50,50,6,6,,{},"{""6"": 13449}",0,0.0,10,40.0,60.0,,,,,2.0,2.0,0,,{},,2,ns3,899,0.5,10,12,28,,,[],[],,,15,54,
2026_07_29_02_32_08,000128,7,all-cavs,docs\doc_workspace\SGCP\artifacts\early_from_late_checkpoint_20260719\enable_coperception_early_from_attentive.yaml,selective_edgecooper_global_pmax,full-frame,grid,,,,,,,singleton,20,60.0,1078800,1078800,1783200,50,50,7,7;4;12,4;12,"{""4"": 10, ""12"": 11}","{""4"": 930, ""7"": 13947, ""12"": 1826}",44096,2.4525027808676305,10,40.0,60.0,,,,,2.0,2.0,1,1,"{""7"": 13947}",,2,ns3,899,0.5,10,12,28,,,[],[],,4;12,28,45,
2026_07_29_02_32_08,000128,8,all-cavs,docs\doc_workspace\SGCP\artifacts\early_from_late_checkpoint_20260719\enable_coperception_early_from_attentive.yaml,selective_edgecooper_global_pmax,full-frame,grid,,,,,,,singleton,20,60.0,1078800,1078800,1783200,50,50,8,8;1;2;7,1;2;7,"{""1"": 10, ""2"": 10, ""7"": 10}","{""1"": 1186, ""2"": 1268, ""7"": 1586, ""8"": 13744}",64640,3.5951056729699666,10,40.0,60.0,,,,,2.0,2.0,1,1,"{""8"": 13744}",,2,ns3,899,0.5,10,12,28,,,[],[],,1;2;7,27,46,
2026_07_29_02_32_08,000128,9,all-cavs,docs\doc_workspace\SGCP\artifacts\early_from_late_checkpoint_20260719\enable_coperception_early_from_attentive.yaml,selective_edgecooper_global_pmax,full-frame,grid,,,,,,,singleton,20,60.0,1078800,1078800,1783200,50,50,9,9;11;13,11;13,"{""11"": 10, ""13"": 10}","{""9"": 13807, ""11"": 1788, ""13"": 1600}",54208,3.014905450500556,10,40.0,60.0,,,,,2.0,2.0,1,1,"{""9"": 13807}",,2,ns3,899,0.5,10,12,28,,,[],[],,11;13,21,53,
2026_07_29_02_32_08,000128,10,all-cavs,docs\doc_workspace\SGCP\artifacts\early_from_late_checkpoint_20260719\enable_coperception_early_from_attentive.yaml,selective_edgecooper_global_pmax,full-frame,grid,,,,,,,singleton,20,60.0,1078800,1078800,1783200,50,50,10,10;5;8;19,5;8;19,"{""5"": 11, ""8"": 11, ""19"": 10}","{""5"": 1903, ""8"": 1405, ""10"": 13970, ""19"": 703}",64176,3.5692992213570633,10,40.0,60.0,,,,,2.0,2.0,1,1,"{""10"": 13970}",,2,ns3,899,0.5,10,12,28,,,[],[],,5;8;19,30,67,
2026_07_29_02_32_08,000128,11,all-cavs,docs\doc_workspace\SGCP\artifacts\early_from_late_checkpoint_20260719\enable_coperception_early_from_attentive.yaml,selective_edgecooper_global_pmax,full-frame,grid,,,,,,,singleton,20,60.0,1078800,1078800,1783200,50,50,11,11;2;10;15,2;10;15,"{""2"": 10, ""10"": 10, ""15"": 11}","{""2"": 846, ""10"": 1471, ""11"": 13874, ""15"": 1487}",60864,3.3850945494994438,10,40.0,60.0,,,,,2.0,2.0,1,1,"{""11"": 13874}",,2,ns3,899,0.5,10,12,28,,,[],[],,2;10;15,26,65,
2026_07_29_02_32_08,000128,12,all-cavs,docs\doc_workspace\SGCP\artifacts\early_from_late_checkpoint_20260719\enable_coperception_early_from_attentive.yaml,selective_edgecooper_global_pmax,full-frame,grid,,,,,,,singleton,20,60.0,1078800,1078800,1783200,50,50,12,12;4;7,4;7,"{""4"": 10, ""7"": 10}","{""4"": 1261, ""7"": 1583, ""12"": 14176}",45504,2.5308120133481644,10,40.0,60.0,,,,,2.0,2.0,1,1,"{""12"": 14176}",,2,ns3,899,0.5,10,12,28,,,[],[],,4;7,20,52,
2026_07_29_02_32_08,000128,13,all-cavs,docs\doc_workspace\SGCP\artifacts\early_from_late_checkpoint_20260719\enable_coperception_early_from_attentive.yaml,selective_edgecooper_global_pmax,full-frame,grid,,,,,,,singleton,20,60.0,1078800,1078800,1783200,50,50,13,13;9;14;19,9;14;19,"{""9"": 11, ""14"": 11, ""19"": 10}","{""9"": 1453, ""13"": 13359, ""14"": 1805, ""19"": 734}",63872,3.552391546162403,10,40.0,60.0,,,,,2.0,2.0,1,1,"{""13"": 13359}",,2,ns3,899,0.5,10,12,28,,,[],[],,9;14;19,17,54,
2026_07_29_02_32_08,000128,14,all-cavs,docs\doc_workspace\SGCP\artifacts\early_from_late_checkpoint_20260719\enable_coperception_early_from_attentive.yaml,selective_edgecooper_global_pmax,full-frame,grid,,,,,,,singleton,20,60.0,1078800,1078800,1783200,50,50,14,14;13,13,"{""13"": 10}","{""13"": 1536, ""14"": 13699}",24576,1.3668520578420467,10,40.0,60.0,,,,,2.0,2.0,1,1,"{""14"": 13699}",,2,ns3,899,0.5,10,12,28,,,[],[],,13,7,8,
2026_07_29_02_32_08,000128,15,all-cavs,docs\doc_workspace\SGCP\artifacts\early_from_late_checkpoint_20260719\enable_coperception_early_from_attentive.yaml,selective_edgecooper_global_pmax,full-frame,grid,,,,,,,singleton,20,60.0,1078800,1078800,1783200,50,50,15,15;1;6;11,1;6;11,"{""1"": 10, ""6"": 10, ""11"": 10}","{""1"": 1287, ""6"": 1587, ""11"": 1695, ""15"": 13694}",73104,4.0658509454949945,10,40.0,60.0,,,,,2.0,2.0,1,1,"{""15"": 13694}",,2,ns3,899,0.5,10,12,28,,,[],[],,1;6;11,26,61,
2026_07_29_02_32_08,000128,16,all-cavs,docs\doc_workspace\SGCP\artifacts\early_from_late_checkpoint_20260719\enable_coperception_early_from_attentive.yaml,selective_edgecooper_global_pmax,full-frame,grid,,,,,,,singleton,20,60.0,1078800,1078800,1783200,50,50,16,16;3;17;20,3;17;20,"{""3"": 10, ""17"": 10, ""20"": 10}","{""3"": 1425, ""16"": 14256, ""17"": 721, ""20"": 1349}",55920,3.1101223581757504,10,40.0,60.0,,,,,2.0,2.0,1,1,"{""16"": 14256}",,2,ns3,899,0.5,10,12,28,,,[],[],,3;17;20,24,66,
2026_07_29_02_32_08,000128,17,all-cavs,docs\doc_workspace\SGCP\artifacts\early_from_late_checkpoint_20260719\enable_coperception_early_from_attentive.yaml,selective_edgecooper_global_pmax,full-frame,grid,,,,,,,singleton,20,60.0,1078800,1078800,1783200,50,50,17,17;3;5;16,3;5;16,"{""3"": 10, ""5"": 10, ""16"": 10}","{""3"": 1285, ""5"": 1206, ""16"": 694, ""17"": 14246}",50960,2.834260289210234,10,40.0,60.0,,,,,2.0,2.0,1,1,"{""17"": 14246}",,2,ns3,899,0.5,10,12,28,,,[],[],,3;5;16,19,64,
2026_07_29_02_32_08,000128,18,all-cavs,docs\doc_workspace\SGCP\artifacts\early_from_late_checkpoint_20260719\enable_coperception_early_from_attentive.yaml,selective_edgecooper_global_pmax,full-frame,grid,,,,,,,singleton,20,60.0,1078800,1078800,1783200,50,50,18,18;3,3,"{""3"": 10}","{""3"": 1664, ""18"": 13836}",26624,1.4807563959955505,10,40.0,60.0,,,,,2.0,2.0,1,1,"{""18"": 13836}",,2,ns3,899,0.5,10,12,28,,,[],[],,3,12,29,
2026_07_29_02_32_08,000128,19,all-cavs,docs\doc_workspace\SGCP\artifacts\early_from_late_checkpoint_20260719\enable_coperception_early_from_attentive.yaml,selective_edgecooper_global_pmax,full-frame,grid,,,,,,,singleton,20,60.0,1078800,1078800,1783200,50,50,19,19;9;13;20,9;13;20,"{""9"": 10, ""13"": 10, ""20"": 10}","{""9"": 793, ""13"": 1569, ""19"": 13711, ""20"": 1900}",68192,3.79265850945495,10,40.0,60.0,,,,,2.0,2.0,1,1,"{""19"": 13711}",,2,ns3,899,0.5,10,12,28,,,[],[],,9;13;20,22,54,
2026_07_29_02_32_08,000128,20,all-cavs,docs\doc_workspace\SGCP\artifacts\early_from_late_checkpoint_20260719\enable_coperception_early_from_attentive.yaml,selective_edgecooper_global_pmax,full-frame,grid,,,,,,,singleton,20,60.0,1078800,1078800,1783200,50,50,20,20;5;16;19,5;16;19,"{""5"": 10, ""16"": 10, ""19"": 11}","{""5"": 687, ""16"": 1581, ""19"": 1841, ""20"": 13891}",65744,3.6565072302558397,10,40.0,60.0,,,,,2.0,2.0,1,1,"{""20"": 13891}",,2,ns3,899,0.5,10,12,28,,,[],[],,5;16;19,28,59,
2026_07_29_02_32_08,000130,1,all-cavs,docs\doc_workspace\SGCP\artifacts\early_from_late_checkpoint_20260719\enable_coperception_early_from_attentive.yaml,selective_edgecooper_global_pmax,full-frame,grid,,,,,,,singleton,20,60.0,1078800,1078800,1838944,51,51,1,1;4;8;15,4;8;15,"{""4"": 10, ""8"": 8, ""15"": 10}","{""1"": 13963, ""4"": 1775, ""8"": 823, ""15"": 1301}",62384,3.469632925472747,10,40.0,60.0,,,,,2.0,2.0,1,1,"{""1"": 13963}",,2,ns3,899,0.5,10,12,28,,,[],[],,4;8;15,29,68,
2026_07_29_02_32_08,000130,2,all-cavs,docs\doc_workspace\SGCP\artifacts\early_from_late_checkpoint_20260719\enable_coperception_early_from_attentive.yaml,selective_edgecooper_global_pmax,full-frame,grid,,,,,,,singleton,20,60.0,1078800,1078800,1838944,51,51,2,2;1;8;11,1;8;11,"{""1"": 9, ""8"": 10, ""11"": 9}","{""1"": 481, ""2"": 13841, ""8"": 909, ""11"": 814}",35264,1.961290322580645,10,40.0,60.0,,,,,2.0,2.0,1,1,"{""2"": 13841}",,2,ns3,899,0.5,10,12,28,,,[],[],,1;8;11,27,69,
2026_07_29_02_32_08,000130,3,all-cavs,docs\doc_workspace\SGCP\artifacts\early_from_late_checkpoint_20260719\enable_coperception_early_from_attentive.yaml,selective_edgecooper_global_pmax,full-frame,grid,,,,,,,singleton,20,60.0,1078800,1078800,1838944,51,51,3,3;16;17;18,16;17;18,"{""16"": 10, ""17"": 9, ""18"": 10}","{""3"": 14208, ""16"": 1599, ""17"": 1075, ""18"": 1156}",61280,3.4082313681868746,10,40.0,60.0,,,,,2.0,2.0,1,1,"{""3"": 14208}",,2,ns3,899,0.5,10,12,28,,,[],[],,16;17;18,19,56,
2026_07_29_02_32_08,000130,4,all-cavs,docs\doc_workspace\SGCP\artifacts\early_from_late_checkpoint_20260719\enable_coperception_early_from_attentive.yaml,selective_edgecooper_global_pmax,full-frame,grid,,,,,,,singleton,20,60.0,1078800,1078800,1838944,51,51,4,4;1;7;12,1;7;12,"{""1"": 10, ""7"": 10, ""12"": 10}","{""1"": 1791, ""4"": 13768, ""7"": 1271, ""12"": 1352}",70624,3.9279199110122356,10,40.0,60.0,,,,,2.0,2.0,1,1,"{""4"": 13768}",,2,ns3,899,0.5,10,12,28,,,[],[],,1;7;12,28,65,
2026_07_29_02_32_08,000130,5,all-cavs,docs\doc_workspace\SGCP\artifacts\early_from_late_checkpoint_20260719\enable_coperception_early_from_attentive.yaml,selective_edgecooper_global_pmax,full-frame,grid,,,,,,,singleton,20,60.0,1078800,1078800,1838944,51,51,5,5;17;19;20,17;19;20,"{""17"": 10, ""19"": 10, ""20"": 9}","{""5"": 13772, ""17"": 1491, ""19"": 1827, ""20"": 942}",68160,3.7908787541713016,10,40.0,60.0,,,,,2.0,2.0,1,1,"{""5"": 13772}",,2,ns3,899,0.5,10,12,28,,,[],[],,17;19;20,28,65,
2026_07_29_02_32_08,000130,6,all-cavs,docs\doc_workspace\SGCP\artifacts\early_from_late_checkpoint_20260719\enable_coperception_early_from_attentive.yaml,selective_edgecooper_global_pmax,full-frame,grid,,,,,,,singleton,20,60.0,1078800,1078800,1838944,51,51,6,6;15,15,"{""15"": 10}","{""6"": 13441, ""15"": 1340}",21440,1.1924360400444938,10,40.0,60.0,,,,,2.0,2.0,1,1,"{""6"": 13441}",,2,ns3,899,0.5,10,12,28,,,[],[],,15,14,54,
2026_07_29_02_32_08,000130,7,all-cavs,docs\doc_workspace\SGCP\artifacts\early_from_late_checkpoint_20260719\enable_coperception_early_from_attentive.yaml,selective_edgecooper_global_pmax,full-frame,grid,,,,,,,singleton,20,60.0,1078800,1078800,1838944,51,51,7,7;4;12,4;12,"{""4"": 9, ""12"": 10}","{""4"": 870, ""7"": 13955, ""12"": 1678}",40768,2.267408231368187,10,40.0,60.0,,,,,2.0,2.0,1,1,"{""7"": 13955}",,2,ns3,899,0.5,10,12,28,,,[],[],,4;12,26,45,
2026_07_29_02_32_08,000130,8,all-cavs,docs\doc_workspace\SGCP\artifacts\early_from_late_checkpoint_20260719\enable_coperception_early_from_attentive.yaml,selective_edgecooper_global_pmax,full-frame,grid,,,,,,,singleton,20,60.0,1078800,1078800,1838944,51,51,8,8;2;7;10,2;7;10,"{""2"": 10, ""7"": 10, ""10"": 10}","{""2"": 1588, ""7"": 1559, ""8"": 13744, ""10"": 1712}",77744,4.3239154616240265,10,40.0,60.0,,,,,2.0,2.0,1,1,"{""8"": 13744}",,2,ns3,899,0.5,10,12,28,,,[],[],,2;7;10,29,46,
2026_07_29_02_32_08,000130,9,all-cavs,docs\doc_workspace\SGCP\artifacts\early_from_late_checkpoint_20260719\enable_coperception_early_from_attentive.yaml,selective_edgecooper_global_pmax,full-frame,grid,,,,,,,singleton,20,60.0,1078800,1078800,1838944,51,51,9,9;11;13,11;13,"{""11"": 10, ""13"": 10}","{""9"": 13808, ""11"": 1788, ""13"": 1598}",54176,3.0131256952169077,10,40.0,60.0,,,,,2.0,2.0,1,1,"{""9"": 13808}",,2,ns3,899,0.5,10,12,28,,,[],[],,11;13,22,53,
2026_07_29_02_32_08,000130,10,all-cavs,docs\doc_workspace\SGCP\artifacts\early_from_late_checkpoint_20260719\enable_coperception_early_from_attentive.yaml,selective_edgecooper_global_pmax,full-frame,grid,,,,,,,singleton,20,60.0,1078800,1078800,1838944,51,51,10,10;5;8;19,5;8;19,"{""5"": 10, ""8"": 10, ""19"": 10}","{""5"": 1791, ""8"": 1337, ""10"": 13970, ""19"": 684}",60992,3.3922135706340377,10,40.0,60.0,,,,,2.0,2.0,1,1,"{""10"": 13970}",,2,ns3,899,0.5,10,12,28,,,[],[],,5;8;19,28,67,
2026_07_29_02_32_08,000130,11,all-cavs,docs\doc_workspace\SGCP\artifacts\early_from_late_checkpoint_20260719\enable_coperception_early_from_attentive.yaml,selective_edgecooper_global_pmax,full-frame,grid,,,,,,,singleton,20,60.0,1078800,1078800,1838944,51,51,11,11;2;10;15,2;10;15,"{""2"": 9, ""10"": 9, ""15"": 10}","{""2"": 798, ""10"": 1373, ""11"": 13872, ""15"": 1404}",57200,3.1813125695216904,10,40.0,60.0,,,,,2.0,2.0,1,1,"{""11"": 13872}",,2,ns3,899,0.5,10,12,28,,,[],[],,2;10;15,25,64,
2026_07_29_02_32_08,000130,12,all-cavs,docs\doc_workspace\SGCP\artifacts\early_from_late_checkpoint_20260719\enable_coperception_early_from_attentive.yaml,selective_edgecooper_global_pmax,full-frame,grid,,,,,,,singleton,20,60.0,1078800,1078800,1838944,51,51,12,12;4;7,4;7,"{""4"": 10, ""7"": 10}","{""4"": 1304, ""7"": 1586, ""12"": 14172}",46240,2.57174638487208,10,40.0,60.0,,,,,2.0,2.0,1,1,"{""12"": 14172}",,2,ns3,899,0.5,10,12,28,,,[],[],,4;7,20,52,
2026_07_29_02_32_08,000130,13,all-cavs,docs\doc_workspace\SGCP\artifacts\early_from_late_checkpoint_20260719\enable_coperception_early_from_attentive.yaml,selective_edgecooper_global_pmax,full-frame,grid,,,,,,,singleton,20,60.0,1078800,1078800,1838944,51,51,13,13;9;10;14,9;10;14,"{""9"": 10, ""10"": 9, ""14"": 10}","{""9"": 1005, ""10"": 1504, ""13"": 13355, ""14"": 1736}",67920,3.7775305895439377,10,40.0,60.0,,,,,2.0,2.0,1,1,"{""13"": 13355}",,2,ns3,899,0.5,10,12,28,,,[],[],,9;10;14,21,53,
2026_07_29_02_32_08,000130,14,all-cavs,docs\doc_workspace\SGCP\artifacts\early_from_late_checkpoint_20260719\enable_coperception_early_from_attentive.yaml,selective_edgecooper_global_pmax,full-frame,grid,,,,,,,singleton,20,60.0,1078800,1078800,1838944,51,51,14,14;13,13,"{""13"": 10}","{""13"": 1514, ""14"": 13658}",24224,1.3472747497219133,10,40.0,60.0,,,,,2.0,2.0,1,1,"{""14"": 13658}",,2,ns3,899,0.5,10,12,28,,,[],[],,13,7,8,
2026_07_29_02_32_08,000130,15,all-cavs,docs\doc_workspace\SGCP\artifacts\early_from_late_checkpoint_20260719\enable_coperception_early_from_attentive.yaml,selective_edgecooper_global_pmax,full-frame,grid,,,,,,,singleton,20,60.0,1078800,1078800,1838944,51,51,15,15;1;6;11,1;6;11,"{""1"": 10, ""6"": 9, ""11"": 10}","{""1"": 1276, ""6"": 1449, ""11"": 1659, ""15"": 13715}",70144,3.9012235817575083,10,40.0,60.0,,,,,2.0,2.0,1,1,"{""15"": 13715}",,2,ns3,899,0.5,10,12,28,,,[],[],,1;6;11,27,61,
2026_07_29_02_32_08,000130,16,all-cavs,docs\doc_workspace\SGCP\artifacts\early_from_late_checkpoint_20260719\enable_coperception_early_from_attentive.yaml,selective_edgecooper_global_pmax,full-frame,grid,,,,,,,singleton,20,60.0,1078800,1078800,1838944,51,51,16,16;3;17;20,3;17;20,"{""3"": 10, ""17"": 10, ""20"": 9}","{""3"": 1419, ""16"": 14242, ""17"": 633, ""20"": 1308}",53760,2.9899888765294773,10,40.0,60.0,,,,,2.0,2.0,1,1,"{""16"": 14242}",,2,ns3,899,0.5,10,12,28,,,[],[],,3;17;20,22,65,
2026_07_29_02_32_08,000130,17,all-cavs,docs\doc_workspace\SGCP\artifacts\early_from_late_checkpoint_20260719\enable_coperception_early_from_attentive.yaml,selective_edgecooper_global_pmax,full-frame,grid,,,,,,,singleton,20,60.0,1078800,1078800,1838944,51,51,17,17;3;5;16,3;5;16,"{""3"": 10, ""5"": 10, ""16"": 10}","{""3"": 1285, ""5"": 1150, ""16"": 689, ""17"": 14246}",49984,2.7799777530589544,10,40.0,60.0,,,,,2.0,2.0,1,1,"{""17"": 14246}",,2,ns3,899,0.5,10,12,28,,,[],[],,3;5;16,22,64,
2026_07_29_02_32_08,000130,18,all-cavs,docs\doc_workspace\SGCP\artifacts\early_from_late_checkpoint_20260719\enable_coperception_early_from_attentive.yaml,selective_edgecooper_global_pmax,full-frame,grid,,,,,,,singleton,20,60.0,1078800,1078800,1838944,51,51,18,18;3,3,"{""3"": 10}","{""3"": 1681, ""18"": 13840}",26896,1.495884315906563,10,40.0,60.0,,,,,2.0,2.0,1,1,"{""18"": 13840}",,2,ns3,899,0.5,10,12,28,,,[],[],,3,12,29,
2026_07_29_02_32_08,000130,19,all-cavs,docs\doc_workspace\SGCP\artifacts\early_from_late_checkpoint_20260719\enable_coperception_early_from_attentive.yaml,selective_edgecooper_global_pmax,full-frame,grid,,,,,,,singleton,20,60.0,1078800,1078800,1838944,51,51,19,19;9;13;20,9;13;20,"{""9"": 9, ""13"": 10, ""20"": 10}","{""9"": 740, ""13"": 1568, ""19"": 13712, ""20"": 1785}",65488,3.642269187986652,10,40.0,60.0,,,,,2.0,2.0,1,1,"{""19"": 13712}",,2,ns3,899,0.5,10,12,28,,,[],[],,9;13;20,25,54,
2026_07_29_02_32_08,000130,20,all-cavs,docs\doc_workspace\SGCP\artifacts\early_from_late_checkpoint_20260719\enable_coperception_early_from_attentive.yaml,selective_edgecooper_global_pmax,full-frame,grid,,,,,,,singleton,20,60.0,1078800,1078800,1838944,51,51,20,20;5;16;19,5;16;19,"{""5"": 9, ""16"": 10, ""19"": 10}","{""5"": 629, ""16"": 1681, ""19"": 1697, ""20"": 13896}",64112,3.5657397107897664,10,40.0,60.0,,,,,2.0,2.0,1,1,"{""20"": 13896}",,2,ns3,899,0.5,10,12,28,,,[],[],,5;16;19,28,59,
2026_07_29_02_32_08,000132,1,all-cavs,docs\doc_workspace\SGCP\artifacts\early_from_late_checkpoint_20260719\enable_coperception_early_from_attentive.yaml,selective_edgecooper_global_pmax,full-frame,grid,,,,,,,singleton,20,60.0,1078800,1078800,1854064,51,51,1,1;4;8;15,4;8;15,"{""4"": 10, ""8"": 9, ""15"": 10}","{""1"": 13966, ""4"": 1765, ""8"": 866, ""15"": 1308}",63024,3.5052280311457173,10,40.0,60.0,,,,,2.0,2.0,1,1,"{""1"": 13966}",,2,ns3,899,0.5,10,12,28,,,[],[],,4;8;15,29,68,
2026_07_29_02_32_08,000132,2,all-cavs,docs\doc_workspace\SGCP\artifacts\early_from_late_checkpoint_20260719\enable_coperception_early_from_attentive.yaml,selective_edgecooper_global_pmax,full-frame,grid,,,,,,,singleton,20,60.0,1078800,1078800,1854064,51,51,2,2;10;11;15,10;11;15,"{""10"": 10, ""11"": 8, ""15"": 10}","{""2"": 13843, ""10"": 1778, ""11"": 688, ""15"": 1169}",58160,3.2347052280311455,10,40.0,60.0,,,,,2.0,2.0,1,1,"{""2"": 13843}",,2,ns3,899,0.5,10,12,28,,,[],[],,10;11;15,26,69,
2026_07_29_02_32_08,000132,3,all-cavs,docs\doc_workspace\SGCP\artifacts\early_from_late_checkpoint_20260719\enable_coperception_early_from_attentive.yaml,selective_edgecooper_global_pmax,full-frame,grid,,,,,,,singleton,20,60.0,1078800,1078800,1854064,51,51,3,3;16;17;18,16;17;18,"{""16"": 10, ""17"": 10, ""18"": 10}","{""3"": 14211, ""16"": 1594, ""17"": 1011, ""18"": 1108}",59408,3.304115684093437,10,40.0,60.0,,,,,2.0,2.0,1,1,"{""3"": 14211}",,2,ns3,899,0.5,10,12,28,,,[],[],,16;17;18,19,56,
2026_07_29_02_32_08,000132,4,all-cavs,docs\doc_workspace\SGCP\artifacts\early_from_late_checkpoint_20260719\enable_coperception_early_from_attentive.yaml,selective_edgecooper_global_pmax,full-frame,grid,,,,,,,singleton,20,60.0,1078800,1078800,1854064,51,51,4,4;1;8;12,1;8;12,"{""1"": 11, ""8"": 8, ""12"": 10}","{""1"": 1915, ""4"": 13769, ""8"": 600, ""12"": 1403}",62688,3.4865406006674085,10,40.0,60.0,,,,,2.0,2.0,1,1,"{""4"": 13769}",,2,ns3,899,0.5,10,12,28,,,[],[],,1;8;12,31,65,
2026_07_29_02_32_08,000132,5,all-cavs,docs\doc_workspace\SGCP\artifacts\early_from_late_checkpoint_20260719\enable_coperception_early_from_attentive.yaml,selective_edgecooper_global_pmax,full-frame,grid,,,,,,,singleton,20,60.0,1078800,1078800,1854064,51,51,5,5;7;10;16,7;10;16,"{""7"": 10, ""10"": 10, ""16"": 10}","{""5"": 13786, ""7"": 1538, ""10"": 1630, ""16"": 1384}",72832,4.050723025583982,10,40.0,60.0,,,,,2.0,2.0,1,1,"{""5"": 13786}",,2,ns3,899,0.5,10,12,28,,,[],[],,7;10;16,34,66,
2026_07_29_02_32_08,000132,6,all-cavs,docs\doc_workspace\SGCP\artifacts\early_from_late_checkpoint_20260719\enable_coperception_early_from_attentive.yaml,selective_edgecooper_global_pmax,full-frame,grid,,,,,,,singleton,20,60.0,1078800,1078800,1854064,51,51,6,6,,{},"{""6"": 13449}",0,0.0,10,40.0,60.0,,,,,2.0,2.0,0,,{},,2,ns3,899,0.5,10,12,28,,,[],[],,,12,54,
2026_07_29_02_32_08,000132,7,all-cavs,docs\doc_workspace\SGCP\artifacts\early_from_late_checkpoint_20260719\enable_coperception_early_from_attentive.yaml,selective_edgecooper_global_pmax,full-frame,grid,,,,,,,singleton,20,60.0,1078800,1078800,1854064,51,51,7,7;4;12;20,4;12;20,"{""4"": 9, ""12"": 10, ""20"": 9}","{""4"": 837, ""7"": 13953, ""12"": 1691, ""20"": 1094}",57952,3.2231368186874305,10,40.0,60.0,,,,,2.0,2.0,1,1,"{""7"": 13953}",,2,ns3,899,0.5,10,12,28,,,[],[],,4;12;20,26,45,
2026_07_29_02_32_08,000132,8,all-cavs,docs\doc_workspace\SGCP\artifacts\early_from_late_checkpoint_20260719\enable_coperception_early_from_attentive.yaml,selective_edgecooper_global_pmax,full-frame,grid,,,,,,,singleton,20,60.0,1078800,1078800,1854064,51,51,8,8;1;2;7,1;2;7,"{""1"": 9, ""2"": 10, ""7"": 10}","{""1"": 1156, ""2"": 1269, ""7"": 1560, ""8"": 13745}",63760,3.5461624026696326,10,40.0,60.0,,,,,2.0,2.0,1,1,"{""8"": 13745}",,2,ns3,899,0.5,10,12,28,,,[],[],,1;2;7,26,47,
2026_07_29_02_32_08,000132,9,all-cavs,docs\doc_workspace\SGCP\artifacts\early_from_late_checkpoint_20260719\enable_coperception_early_from_attentive.yaml,selective_edgecooper_global_pmax,full-frame,grid,,,,,,,singleton,20,60.0,1078800,1078800,1854064,51,51,9,9;11;13,11;13,"{""11"": 10, ""13"": 10}","{""9"": 13808, ""11"": 1788, ""13"": 1595}",54128,3.010456062291435,10,40.0,60.0,,,,,2.0,2.0,1,1,"{""9"": 13808}",,2,ns3,899,0.5,10,12,28,,,[],[],,11;13,22,53,
2026_07_29_02_32_08,000132,10,all-cavs,docs\doc_workspace\SGCP\artifacts\early_from_late_checkpoint_20260719\enable_coperception_early_from_attentive.yaml,selective_edgecooper_global_pmax,full-frame,grid,,,,,,,singleton,20,60.0,1078800,1078800,1854064,51,51,10,10;5;8;19,5;8;19,"{""5"": 10, ""8"": 10, ""19"": 10}","{""5"": 1818, ""8"": 1336, ""10"": 13969, ""19"": 684}",61408,3.4153503893214685,10,40.0,60.0,,,,,2.0,2.0,1,1,"{""10"": 13969}",,2,ns3,899,0.5,10,12,28,,,[],[],,5;8;19,27,66,
2026_07_29_02_32_08,000132,11,all-cavs,docs\doc_workspace\SGCP\artifacts\early_from_late_checkpoint_20260719\enable_coperception_early_from_attentive.yaml,selective_edgecooper_global_pmax,full-frame,grid,,,,,,,singleton,20,60.0,1078800,1078800,1854064,51,51,11,11;2;10;15,2;10;15,"{""2"": 9, ""10"": 9, ""15"": 10}","{""2"": 800, ""10"": 1374, ""11"": 13871, ""15"": 1397}",57136,3.1777530589543934,10,40.0,60.0,,,,,2.0,2.0,1,1,"{""11"": 13871}",,2,ns3,899,0.5,10,12,28,,,[],[],,2;10;15,25,64,
2026_07_29_02_32_08,000132,12,all-cavs,docs\doc_workspace\SGCP\artifacts\early_from_late_checkpoint_20260719\enable_coperception_early_from_attentive.yaml,selective_edgecooper_global_pmax,full-frame,grid,,,,,,,singleton,20,60.0,1078800,1078800,1854064,51,51,12,12;4;7,4;7,"{""4"": 10, ""7"": 10}","{""4"": 1291, ""7"": 1609, ""12"": 14167}",46400,2.5806451612903225,10,40.0,60.0,,,,,2.0,2.0,1,1,"{""12"": 14167}",,2,ns3,899,0.5,10,12,28,,,[],[],,4;7,20,52,
2026_07_29_02_32_08,000132,13,all-cavs,docs\doc_workspace\SGCP\artifacts\early_from_late_checkpoint_20260719\enable_coperception_early_from_attentive.yaml,selective_edgecooper_global_pmax,full-frame,grid,,,,,,,singleton,20,60.0,1078800,1078800,1854064,51,51,13,13;9;14;19,9;14;19,"{""9"": 10, ""14"": 10, ""19"": 10}","{""9"": 1311, ""13"": 13368, ""14"": 1718, ""19"": 978}",64112,3.5657397107897664,10,40.0,60.0,,,,,2.0,2.0,1,1,"{""13"": 13368}",,2,ns3,899,0.5,10,12,28,,,[],[],,9;14;19,17,53,
2026_07_29_02_32_08,000132,14,all-cavs,docs\doc_workspace\SGCP\artifacts\early_from_late_checkpoint_20260719\enable_coperception_early_from_attentive.yaml,selective_edgecooper_global_pmax,full-frame,grid,,,,,,,singleton,20,60.0,1078800,1078800,1854064,51,51,14,14;13,13,"{""13"": 10}","{""13"": 1344, ""14"": 13649}",21504,1.1959955506117907,10,40.0,60.0,,,,,2.0,2.0,1,1,"{""14"": 13649}",,2,ns3,899,0.5,10,12,28,,,[],[],,13,7,8,
2026_07_29_02_32_08,000132,15,all-cavs,docs\doc_workspace\SGCP\artifacts\early_from_late_checkpoint_20260719\enable_coperception_early_from_attentive.yaml,selective_edgecooper_global_pmax,full-frame,grid,,,,,,,singleton,20,60.0,1078800,1078800,1854064,51,51,15,15;1;6;11,1;6;11,"{""1"": 10, ""6"": 10, ""11"": 10}","{""1"": 1247, ""6"": 1604, ""11"": 1646, ""15"": 13706}",71952,4.001779755283649,10,40.0,60.0,,,,,2.0,2.0,1,1,"{""15"": 13706}",,2,ns3,899,0.5,10,12,28,,,[],[],,1;6;11,25,61,
2026_07_29_02_32_08,000132,16,all-cavs,docs\doc_workspace\SGCP\artifacts\early_from_late_checkpoint_20260719\enable_coperception_early_from_attentive.yaml,selective_edgecooper_global_pmax,full-frame,grid,,,,,,,singleton,20,60.0,1078800,1078800,1854064,51,51,16,16;3;17;20,3;17;20,"{""3"": 10, ""17"": 9, ""20"": 10}","{""3"": 1370, ""16"": 14257, ""17"": 628, ""20"": 1348}",53536,2.977530589543938,10,40.0,60.0,,,,,2.0,2.0,1,1,"{""16"": 14257}",,2,ns3,899,0.5,10,12,28,,,[],[],,3;17;20,23,64,
2026_07_29_02_32_08,000132,17,all-cavs,docs\doc_workspace\SGCP\artifacts\early_from_late_checkpoint_20260719\enable_coperception_early_from_attentive.yaml,selective_edgecooper_global_pmax,full-frame,grid,,,,,,,singleton,20,60.0,1078800,1078800,1854064,51,51,17,17;3;5;16,3;5;16,"{""3"": 10, ""5"": 10, ""16"": 10}","{""3"": 1291, ""5"": 1070, ""16"": 795, ""17"": 14246}",50496,2.8084538375973302,10,40.0,60.0,,,,,2.0,2.0,1,1,"{""17"": 14246}",,2,ns3,899,0.5,10,12,28,,,[],[],,3;5;16,22,64,
2026_07_29_02_32_08,000132,18,all-cavs,docs\doc_workspace\SGCP\artifacts\early_from_late_checkpoint_20260719\enable_coperception_early_from_attentive.yaml,selective_edgecooper_global_pmax,full-frame,grid,,,,,,,singleton,20,60.0,1078800,1078800,1854064,51,51,18,18;3,3,"{""3"": 10}","{""3"": 1689, ""18"": 13832}",27024,1.5030033370411569,10,40.0,60.0,,,,,2.0,2.0,1,1,"{""18"": 13832}",,2,ns3,899,0.5,10,12,28,,,[],[],,3,12,29,
2026_07_29_02_32_08,000132,19,all-cavs,docs\doc_workspace\SGCP\artifacts\early_from_late_checkpoint_20260719\enable_coperception_early_from_attentive.yaml,selective_edgecooper_global_pmax,full-frame,grid,,,,,,,singleton,20,60.0,1078800,1078800,1854064,51,51,19,19;9;13;20,9;13;20,"{""9"": 10, ""13"": 10, ""20"": 10}","{""9"": 802, ""13"": 1563, ""19"": 13710, ""20"": 1913}",68448,3.806896551724138,10,40.0,60.0,,,,,2.0,2.0,1,1,"{""19"": 13710}",,2,ns3,899,0.5,10,12,28,,,[],[],,9;13;20,23,54,
2026_07_29_02_32_08,000132,20,all-cavs,docs\doc_workspace\SGCP\artifacts\early_from_late_checkpoint_20260719\enable_coperception_early_from_attentive.yaml,selective_edgecooper_global_pmax,full-frame,grid,,,,,,,singleton,20,60.0,1078800,1078800,1854064,51,51,20,20;5;17;19,5;17;19,"{""5"": 9, ""17"": 10, ""19"": 10}","{""5"": 657, ""17"": 1699, ""19"": 1696, ""20"": 13905}",64832,3.6057842046718576,10,40.0,60.0,,,,,2.0,2.0,1,1,"{""20"": 13905}",,2,ns3,899,0.5,10,12,28,,,[],[],,5;17;19,28,59,
2026_07_29_02_32_08,000134,1,all-cavs,docs\doc_workspace\SGCP\artifacts\early_from_late_checkpoint_20260719\enable_coperception_early_from_attentive.yaml,selective_edgecooper_global_pmax,full-frame,grid,,,,,,,singleton,20,60.0,1078800,1078800,1857872,51,51,1,1;4;8;15,4;8;15,"{""4"": 10, ""8"": 9, ""15"": 10}","{""1"": 13962, ""4"": 1754, ""8"": 867, ""15"": 1306}",62832,3.4945494994438264,10,40.0,60.0,,,,,2.0,2.0,1,1,"{""1"": 13962}",,2,ns3,899,0.5,10,12,28,,,[],[],,4;8;15,32,68,
2026_07_29_02_32_08,000134,2,all-cavs,docs\doc_workspace\SGCP\artifacts\early_from_late_checkpoint_20260719\enable_coperception_early_from_attentive.yaml,selective_edgecooper_global_pmax,full-frame,grid,,,,,,,singleton,20,60.0,1078800,1078800,1857872,51,51,2,2;10;11;15,10;11;15,"{""10"": 10, ""11"": 8, ""15"": 10}","{""2"": 13843, ""10"": 1778, ""11"": 688, ""15"": 1168}",58144,3.2338153503893214,10,40.0,60.0,,,,,2.0,2.0,1,1,"{""2"": 13843}",,2,ns3,899,0.5,10,12,28,,,[],[],,10;11;15,26,69,
2026_07_29_02_32_08,000134,3,all-cavs,docs\doc_workspace\SGCP\artifacts\early_from_late_checkpoint_20260719\enable_coperception_early_from_attentive.yaml,selective_edgecooper_global_pmax,full-frame,grid,,,,,,,singleton,20,60.0,1078800,1078800,1857872,51,51,3,3;16;17;18,16;17;18,"{""16"": 10, ""17"": 10, ""18"": 10}","{""3"": 14215, ""16"": 1493, ""17"": 1023, ""18"": 1086}",57632,3.2053392658509456,10,40.0,60.0,,,,,2.0,2.0,1,1,"{""3"": 14215}",,2,ns3,899,0.5,10,12,28,,,[],[],,16;17;18,16,56,
2026_07_29_02_32_08,000134,4,all-cavs,docs\doc_workspace\SGCP\artifacts\early_from_late_checkpoint_20260719\enable_coperception_early_from_attentive.yaml,selective_edgecooper_global_pmax,full-frame,grid,,,,,,,singleton,20,60.0,1078800,1078800,1857872,51,51,4,4;1;8;12,1;8;12,"{""1"": 10, ""8"": 9, ""12"": 10}","{""1"": 1831, ""4"": 13769, ""8"": 707, ""12"": 1436}",63584,3.536373748609566,10,40.0,60.0,,,,,2.0,2.0,1,1,"{""4"": 13769}",,2,ns3,899,0.5,10,12,28,,,[],[],,1;8;12,32,65,
2026_07_29_02_32_08,000134,5,all-cavs,docs\doc_workspace\SGCP\artifacts\early_from_late_checkpoint_20260719\enable_coperception_early_from_attentive.yaml,selective_edgecooper_global_pmax,full-frame,grid,,,,,,,singleton,20,60.0,1078800,1078800,1857872,51,51,5,5;7;10;16,7;10;16,"{""7"": 10, ""10"": 10, ""16"": 10}","{""5"": 13811, ""7"": 1422, ""10"": 1651, ""16"": 1359}",70912,3.943937708565073,10,40.0,60.0,,,,,2.0,2.0,1,1,"{""5"": 13811}",,2,ns3,899,0.5,10,12,28,,,[],[],,7;10;16,30,68,
2026_07_29_02_32_08,000134,6,all-cavs,docs\doc_workspace\SGCP\artifacts\early_from_late_checkpoint_20260719\enable_coperception_early_from_attentive.yaml,selective_edgecooper_global_pmax,full-frame,grid,,,,,,,singleton,20,60.0,1078800,1078800,1857872,51,51,6,6,,{},"{""6"": 13441}",0,0.0,10,40.0,60.0,,,,,2.0,2.0,0,,{},,2,ns3,899,0.5,10,12,28,,,[],[],,,12,54,
2026_07_29_02_32_08,000134,7,all-cavs,docs\doc_workspace\SGCP\artifacts\early_from_late_checkpoint_20260719\enable_coperception_early_from_attentive.yaml,selective_edgecooper_global_pmax,full-frame,grid,,,,,,,singleton,20,60.0,1078800,1078800,1857872,51,51,7,7;4;12;20,4;12;20,"{""4"": 10, ""12"": 10, ""20"": 10}","{""4"": 931, ""7"": 13949, ""12"": 1706, ""20"": 1154}",60656,3.3735261401557284,10,40.0,60.0,,,,,2.0,2.0,1,1,"{""7"": 13949}",,2,ns3,899,0.5,10,12,28,,,[],[],,4;12;20,29,45,
2026_07_29_02_32_08,000134,8,all-cavs,docs\doc_workspace\SGCP\artifacts\early_from_late_checkpoint_20260719\enable_coperception_early_from_attentive.yaml,selective_edgecooper_global_pmax,full-frame,grid,,,,,,,singleton,20,60.0,1078800,1078800,1857872,51,51,8,8;1;2;7,1;2;7,"{""1"": 10, ""2"": 10, ""7"": 10}","{""1"": 1186, ""2"": 1268, ""7"": 1573, ""8"": 13744}",64432,3.5835372636262512,10,40.0,60.0,,,,,2.0,2.0,1,1,"{""8"": 13744}",,2,ns3,899,0.5,10,12,28,,,[],[],,1;2;7,26,47,
2026_07_29_02_32_08,000134,9,all-cavs,docs\doc_workspace\SGCP\artifacts\early_from_late_checkpoint_20260719\enable_coperception_early_from_attentive.yaml,selective_edgecooper_global_pmax,full-frame,grid,,,,,,,singleton,20,60.0,1078800,1078800,1857872,51,51,9,9;11;13,11;13,"{""11"": 10, ""13"": 10}","{""9"": 13808, ""11"": 1788, ""13"": 1616}",54464,3.029143492769744,10,40.0,60.0,,,,,2.0,2.0,1,1,"{""9"": 13808}",,2,ns3,899,0.5,10,12,28,,,[],[],,11;13,22,52,
2026_07_29_02_32_08,000134,10,all-cavs,docs\doc_workspace\SGCP\artifacts\early_from_late_checkpoint_20260719\enable_coperception_early_from_attentive.yaml,selective_edgecooper_global_pmax,full-frame,grid,,,,,,,singleton,20,60.0,1078800,1078800,1857872,51,51,10,10;5;8;19,5;8;19,"{""5"": 10, ""8"": 10, ""19"": 10}","{""5"": 1835, ""8"": 1335, ""10"": 13968, ""19"": 684}",61664,3.4295884315906564,10,40.0,60.0,,,,,2.0,2.0,1,1,"{""10"": 13968}",,2,ns3,899,0.5,10,12,28,,,[],[],,5;8;19,29,66,
2026_07_29_02_32_08,000134,11,all-cavs,docs\doc_workspace\SGCP\artifacts\early_from_late_checkpoint_20260719\enable_coperception_early_from_attentive.yaml,selective_edgecooper_global_pmax,full-frame,grid,,,,,,,singleton,20,60.0,1078800,1078800,1857872,51,51,11,11;2;10;15,2;10;15,"{""2"": 10, ""10"": 10, ""15"": 10}","{""2"": 865, ""10"": 1406, ""11"": 13868, ""15"": 1386}",58512,3.254282536151279,10,40.0,60.0,,,,,2.0,2.0,1,1,"{""11"": 13868}",,2,ns3,899,0.5,10,12,28,,,[],[],,2;10;15,25,63,
2026_07_29_02_32_08,000134,12,all-cavs,docs\doc_workspace\SGCP\artifacts\early_from_late_checkpoint_20260719\enable_coperception_early_from_attentive.yaml,selective_edgecooper_global_pmax,full-frame,grid,,,,,,,singleton,20,60.0,1078800,1078800,1857872,51,51,12,12;4;7,4;7,"{""4"": 10, ""7"": 10}","{""4"": 1221, ""7"": 1624, ""12"": 14175}",45520,2.531701890989989,10,40.0,60.0,,,,,2.0,2.0,1,1,"{""12"": 14175}",,2,ns3,899,0.5,10,12,28,,,[],[],,4;7,20,52,
2026_07_29_02_32_08,000134,13,all-cavs,docs\doc_workspace\SGCP\artifacts\early_from_late_checkpoint_20260719\enable_coperception_early_from_attentive.yaml,selective_edgecooper_global_pmax,full-frame,grid,,,,,,,singleton,20,60.0,1078800,1078800,1857872,51,51,13,13;9;14;19,9;14;19,"{""9"": 10, ""14"": 10, ""19"": 10}","{""9"": 1344, ""13"": 13362, ""14"": 1692, ""19"": 1009}",64720,3.5995550611790876,10,40.0,60.0,,,,,2.0,2.0,1,1,"{""13"": 13362}",,2,ns3,899,0.5,10,12,28,,,[],[],,9;14;19,17,53,
2026_07_29_02_32_08,000134,14,all-cavs,docs\doc_workspace\SGCP\artifacts\early_from_late_checkpoint_20260719\enable_coperception_early_from_attentive.yaml,selective_edgecooper_global_pmax,full-frame,grid,,,,,,,singleton,20,60.0,1078800,1078800,1857872,51,51,14,14;13,13,"{""13"": 10}","{""13"": 1318, ""14"": 13673}",21088,1.1728587319243604,10,40.0,60.0,,,,,2.0,2.0,1,1,"{""14"": 13673}",,2,ns3,899,0.5,10,12,28,,,[],[],,13,7,8,
2026_07_29_02_32_08,000134,15,all-cavs,docs\doc_workspace\SGCP\artifacts\early_from_late_checkpoint_20260719\enable_coperception_early_from_attentive.yaml,selective_edgecooper_global_pmax,full-frame,grid,,,,,,,singleton,20,60.0,1078800,1078800,1857872,51,51,15,15;1;6;11,1;6;11,"{""1"": 10, ""6"": 10, ""11"": 10}","{""1"": 1228, ""6"": 1604, ""11"": 1635, ""15"": 13725}",71472,3.975083426028921,10,40.0,60.0,,,,,2.0,2.0,1,1,"{""15"": 13725}",,2,ns3,899,0.5,10,12,28,,,[],[],,1;6;11,24,61,
2026_07_29_02_32_08,000134,16,all-cavs,docs\doc_workspace\SGCP\artifacts\early_from_late_checkpoint_20260719\enable_coperception_early_from_attentive.yaml,selective_edgecooper_global_pmax,full-frame,grid,,,,,,,singleton,20,60.0,1078800,1078800,1857872,51,51,16,16;3;17;20,3;17;20,"{""3"": 10, ""17"": 10, ""20"": 10}","{""3"": 1304, ""16"": 14271, ""17"": 636, ""20"": 1369}",52944,2.9446051167964407,10,40.0,60.0,,,,,2.0,2.0,1,1,"{""16"": 14271}",,2,ns3,899,0.5,10,12,28,,,[],[],,3;17;20,23,64,
2026_07_29_02_32_08,000134,17,all-cavs,docs\doc_workspace\SGCP\artifacts\early_from_late_checkpoint_20260719\enable_coperception_early_from_attentive.yaml,selective_edgecooper_global_pmax,full-frame,grid,,,,,,,singleton,20,60.0,1078800,1078800,1857872,51,51,17,17;3;5;16,3;5;16,"{""3"": 10, ""5"": 10, ""16"": 10}","{""3"": 1291, ""5"": 1047, ""16"": 779, ""17"": 14252}",49872,2.773748609566185,10,40.0,60.0,,,,,2.0,2.0,1,1,"{""17"": 14252}",,2,ns3,899,0.5,10,12,28,,,[],[],,3;5;16,22,64,
2026_07_29_02_32_08,000134,18,all-cavs,docs\doc_workspace\SGCP\artifacts\early_from_late_checkpoint_20260719\enable_coperception_early_from_attentive.yaml,selective_edgecooper_global_pmax,full-frame,grid,,,,,,,singleton,20,60.0,1078800,1078800,1857872,51,51,18,18;3,3,"{""3"": 10}","{""3"": 1699, ""18"": 13828}",27184,1.5119021134593993,10,40.0,60.0,,,,,2.0,2.0,1,1,"{""18"": 13828}",,2,ns3,899,0.5,10,12,28,,,[],[],,3,12,29,
2026_07_29_02_32_08,000134,19,all-cavs,docs\doc_workspace\SGCP\artifacts\early_from_late_checkpoint_20260719\enable_coperception_early_from_attentive.yaml,selective_edgecooper_global_pmax,full-frame,grid,,,,,,,singleton,20,60.0,1078800,1078800,1857872,51,51,19,19;9;13;20,9;13;20,"{""9"": 10, ""13"": 10, ""20"": 10}","{""9"": 804, ""13"": 1583, ""19"": 13710, ""20"": 1909}",68736,3.8229143492769744,10,40.0,60.0,,,,,2.0,2.0,1,1,"{""19"": 13710}",,2,ns3,899,0.5,10,12,28,,,[],[],,9;13;20,24,54,
2026_07_29_02_32_08,000134,20,all-cavs,docs\doc_workspace\SGCP\artifacts\early_from_late_checkpoint_20260719\enable_coperception_early_from_attentive.yaml,selective_edgecooper_global_pmax,full-frame,grid,,,,,,,singleton,20,60.0,1078800,1078800,1857872,51,51,20,20;5;17;19,5;17;19,"{""5"": 9, ""17"": 10, ""19"": 10}","{""5"": 640, ""17"": 1693, ""19"": 1694, ""20"": 13917}",64432,3.5835372636262512,10,40.0,60.0,,,,,2.0,2.0,1,1,"{""20"": 13917}",,2,ns3,899,0.5,10,12,28,,,[],[],,5;17;19,28,59,
2026_07_29_02_32_08,000136,1,all-cavs,docs\doc_workspace\SGCP\artifacts\early_from_late_checkpoint_20260719\enable_coperception_early_from_attentive.yaml,selective_edgecooper_global_pmax,full-frame,grid,,,,,,,singleton,20,60.0,1078800,1078800,1864800,51,51,1,1;4;8;15,4;8;15,"{""4"": 10, ""8"": 9, ""15"": 10}","{""1"": 13964, ""4"": 1738, ""8"": 868, ""15"": 1301}",62512,3.4767519466073415,10,40.0,60.0,,,,,2.0,2.0,1,1,"{""1"": 13964}",,2,ns3,899,0.5,10,12,28,,,[],[],,4;8;15,31,68,
2026_07_29_02_32_08,000136,2,all-cavs,docs\doc_workspace\SGCP\artifacts\early_from_late_checkpoint_20260719\enable_coperception_early_from_attentive.yaml,selective_edgecooper_global_pmax,full-frame,grid,,,,,,,singleton,20,60.0,1078800,1078800,1864800,51,51,2,2;10;11;15,10;11;15,"{""10"": 10, ""11"": 8, ""15"": 10}","{""2"": 13843, ""10"": 1779, ""11"": 686, ""15"": 1153}",57888,3.2195773081201335,10,40.0,60.0,,,,,2.0,2.0,1,1,"{""2"": 13843}",,2,ns3,899,0.5,10,12,28,,,[],[],,10;11;15,25,69,
2026_07_29_02_32_08,000136,3,all-cavs,docs\doc_workspace\SGCP\artifacts\early_from_late_checkpoint_20260719\enable_coperception_early_from_attentive.yaml,selective_edgecooper_global_pmax,full-frame,grid,,,,,,,singleton,20,60.0,1078800,1078800,1864800,51,51,3,3;16;17;18,16;17;18,"{""16"": 10, ""17"": 10, ""18"": 10}","{""3"": 14205, ""16"": 1511, ""17"": 1076, ""18"": 1183}",60320,3.3548387096774195,10,40.0,60.0,,,,,2.0,2.0,1,1,"{""3"": 14205}",,2,ns3,899,0.5,10,12,28,,,[],[],,16;17;18,16,56,
2026_07_29_02_32_08,000136,4,all-cavs,docs\doc_workspace\SGCP\artifacts\early_from_late_checkpoint_20260719\enable_coperception_early_from_attentive.yaml,selective_edgecooper_global_pmax,full-frame,grid,,,,,,,singleton,20,60.0,1078800,1078800,1864800,51,51,4,4;1;8;12,1;8;12,"{""1"": 10, ""8"": 8, ""12"": 10}","{""1"": 1829, ""4"": 13765, ""8"": 683, ""12"": 1471}",63728,3.544382647385984,10,40.0,60.0,,,,,2.0,2.0,1,1,"{""4"": 13765}",,2,ns3,899,0.5,10,12,28,,,[],[],,1;8;12,32,65,
2026_07_29_02_32_08,000136,5,all-cavs,docs\doc_workspace\SGCP\artifacts\early_from_late_checkpoint_20260719\enable_coperception_early_from_attentive.yaml,selective_edgecooper_global_pmax,full-frame,grid,,,,,,,singleton,20,60.0,1078800,1078800,1864800,51,51,5,5;7;10;16,7;10;16,"{""7"": 10, ""10"": 10, ""16"": 10}","{""5"": 13798, ""7"": 1451, ""10"": 1691, ""16"": 1297}",71024,3.9501668520578423,10,40.0,60.0,,,,,2.0,2.0,1,1,"{""5"": 13798}",,2,ns3,899,0.5,10,12,28,,,[],[],,7;10;16,32,68,
2026_07_29_02_32_08,000136,6,all-cavs,docs\doc_workspace\SGCP\artifacts\early_from_late_checkpoint_20260719\enable_coperception_early_from_attentive.yaml,selective_edgecooper_global_pmax,full-frame,grid,,,,,,,singleton,20,60.0,1078800,1078800,1864800,51,51,6,6,,{},"{""6"": 13434}",0,0.0,10,40.0,60.0,,,,,2.0,2.0,0,,{},,2,ns3,899,0.5,10,12,28,,,[],[],,,13,54,
2026_07_29_02_32_08,000136,7,all-cavs,docs\doc_workspace\SGCP\artifacts\early_from_late_checkpoint_20260719\enable_coperception_early_from_attentive.yaml,selective_edgecooper_global_pmax,full-frame,grid,,,,,,,singleton,20,60.0,1078800,1078800,1864800,51,51,7,7;4;12;20,4;12;20,"{""4"": 10, ""12"": 10, ""20"": 10}","{""4"": 978, ""7"": 13939, ""12"": 1584, ""20"": 1153}",59440,3.3058954393770854,10,40.0,60.0,,,,,2.0,2.0,1,1,"{""7"": 13939}",,2,ns3,899,0.5,10,12,28,,,[],[],,4;12;20,28,45,
2026_07_29_02_32_08,000136,8,all-cavs,docs\doc_workspace\SGCP\artifacts\early_from_late_checkpoint_20260719\enable_coperception_early_from_attentive.yaml,selective_edgecooper_global_pmax,full-frame,grid,,,,,,,singleton,20,60.0,1078800,1078800,1864800,51,51,8,8;1;2;7,1;2;7,"{""1"": 10, ""2"": 10, ""7"": 10}","{""1"": 1185, ""2"": 1268, ""7"": 1585, ""8"": 13744}",64608,3.593325917686318,10,40.0,60.0,,,,,2.0,2.0,1,1,"{""8"": 13744}",,2,ns3,899,0.5,10,12,28,,,[],[],,1;2;7,28,47,
2026_07_29_02_32_08,000136,9,all-cavs,docs\doc_workspace\SGCP\artifacts\early_from_late_checkpoint_20260719\enable_coperception_early_from_attentive.yaml,selective_edgecooper_global_pmax,full-frame,grid,,,,,,,singleton,20,60.0,1078800,1078800,1864800,51,51,9,9;11;13,11;13,"{""11"": 10, ""13"": 10}","{""9"": 13807, ""11"": 1788, ""13"": 1625}",54608,3.0371523915461625,10,40.0,60.0,,,,,2.0,2.0,1,1,"{""9"": 13807}",,2,ns3,899,0.5,10,12,28,,,[],[],,11;13,23,53,
2026_07_29_02_32_08,000136,10,all-cavs,docs\doc_workspace\SGCP\artifacts\early_from_late_checkpoint_20260719\enable_coperception_early_from_attentive.yaml,selective_edgecooper_global_pmax,full-frame,grid,,,,,,,singleton,20,60.0,1078800,1078800,1864800,51,51,10,10;5;8;19,5;8;19,"{""5"": 10, ""8"": 10, ""19"": 10}","{""5"": 1860, ""8"": 1336, ""10"": 13966, ""19"": 684}",62080,3.4527252502780867,10,40.0,60.0,,,,,2.0,2.0,1,1,"{""10"": 13966}",,2,ns3,899,0.5,10,12,28,,,[],[],,5;8;19,29,65,
2026_07_29_02_32_08,000136,11,all-cavs,docs\doc_workspace\SGCP\artifacts\early_from_late_checkpoint_20260719\enable_coperception_early_from_attentive.yaml,selective_edgecooper_global_pmax,full-frame,grid,,,,,,,singleton,20,60.0,1078800,1078800,1864800,51,51,11,11;2;10;15,2;10;15,"{""2"": 9, ""10"": 9, ""15"": 10}","{""2"": 801, ""10"": 1376, ""11"": 13869, ""15"": 1370}",56752,3.1563959955506116,10,40.0,60.0,,,,,2.0,2.0,1,1,"{""11"": 13869}",,2,ns3,899,0.5,10,12,28,,,[],[],,2;10;15,25,64,
2026_07_29_02_32_08,000136,12,all-cavs,docs\doc_workspace\SGCP\artifacts\early_from_late_checkpoint_20260719\enable_coperception_early_from_attentive.yaml,selective_edgecooper_global_pmax,full-frame,grid,,,,,,,singleton,20,60.0,1078800,1078800,1864800,51,51,12,12;4;7,4;7,"{""4"": 10, ""7"": 10}","{""4"": 1247, ""7"": 1633, ""12"": 14198}",46080,2.5628476084538376,10,40.0,60.0,,,,,2.0,2.0,1,1,"{""12"": 14198}",,2,ns3,899,0.5,10,12,28,,,[],[],,4;7,20,51,
2026_07_29_02_32_08,000136,13,all-cavs,docs\doc_workspace\SGCP\artifacts\early_from_late_checkpoint_20260719\enable_coperception_early_from_attentive.yaml,selective_edgecooper_global_pmax,full-frame,grid,,,,,,,singleton,20,60.0,1078800,1078800,1864800,51,51,13,13;9;14;19,9;14;19,"{""9"": 10, ""14"": 10, ""19"": 10}","{""9"": 1371, ""13"": 13374, ""14"": 1669, ""19"": 1036}",65216,3.62714126807564,10,40.0,60.0,,,,,2.0,2.0,1,1,"{""13"": 13374}",,2,ns3,899,0.5,10,12,28,,,[],[],,9;14;19,17,52,
2026_07_29_02_32_08,000136,14,all-cavs,docs\doc_workspace\SGCP\artifacts\early_from_late_checkpoint_20260719\enable_coperception_early_from_attentive.yaml,selective_edgecooper_global_pmax,full-frame,grid,,,,,,,singleton,20,60.0,1078800,1078800,1864800,51,51,14,14;13,13,"{""13"": 10}","{""13"": 1300, ""14"": 13664}",20800,1.1568409343715238,10,40.0,60.0,,,,,2.0,2.0,1,1,"{""14"": 13664}",,2,ns3,899,0.5,10,12,28,,,[],[],,13,7,8,
2026_07_29_02_32_08,000136,15,all-cavs,docs\doc_workspace\SGCP\artifacts\early_from_late_checkpoint_20260719\enable_coperception_early_from_attentive.yaml,selective_edgecooper_global_pmax,full-frame,grid,,,,,,,singleton,20,60.0,1078800,1078800,1864800,51,51,15,15;1;6;11,1;6;11,"{""1"": 10, ""6"": 10, ""11"": 10}","{""1"": 1217, ""6"": 1614, ""11"": 1621, ""15"": 13717}",71232,3.9617352614015577,10,40.0,60.0,,,,,2.0,2.0,1,1,"{""15"": 13717}",,2,ns3,899,0.5,10,12,28,,,[],[],,1;6;11,23,61,
2026_07_29_02_32_08,000136,16,all-cavs,docs\doc_workspace\SGCP\artifacts\early_from_late_checkpoint_20260719\enable_coperception_early_from_attentive.yaml,selective_edgecooper_global_pmax,full-frame,grid,,,,,,,singleton,20,60.0,1078800,1078800,1864800,51,51,16,16;3;17;20,3;17;20,"{""3"": 10, ""17"": 9, ""20"": 10}","{""3"": 1271, ""16"": 14267, ""17"": 652, ""20"": 1401}",53184,2.957953281423804,10,40.0,60.0,,,,,2.0,2.0,1,1,"{""16"": 14267}",,2,ns3,899,0.5,10,12,28,,,[],[],,3;17;20,23,64,
2026_07_29_02_32_08,000136,17,all-cavs,docs\doc_workspace\SGCP\artifacts\early_from_late_checkpoint_20260719\enable_coperception_early_from_attentive.yaml,selective_edgecooper_global_pmax,full-frame,grid,,,,,,,singleton,20,60.0,1078800,1078800,1864800,51,51,17,17;3;5;16,3;5;16,"{""3"": 10, ""5"": 10, ""16"": 10}","{""3"": 1306, ""5"": 1022, ""16"": 785, ""17"": 14256}",49808,2.770189098998888,10,40.0,60.0,,,,,2.0,2.0,1,1,"{""17"": 14256}",,2,ns3,899,0.5,10,12,28,,,[],[],,3;5;16,21,64,
2026_07_29_02_32_08,000136,18,all-cavs,docs\doc_workspace\SGCP\artifacts\early_from_late_checkpoint_20260719\enable_coperception_early_from_attentive.yaml,selective_edgecooper_global_pmax,full-frame,grid,,,,,,,singleton,20,60.0,1078800,1078800,1864800,51,51,18,18;3,3,"{""3"": 10}","{""3"": 1666, ""18"": 13783}",26656,1.482536151279199,10,40.0,60.0,,,,,2.0,2.0,1,1,"{""18"": 13783}",,2,ns3,899,0.5,10,12,28,,,[],[],,3,11,29,
2026_07_29_02_32_08,000136,19,all-cavs,docs\doc_workspace\SGCP\artifacts\early_from_late_checkpoint_20260719\enable_coperception_early_from_attentive.yaml,selective_edgecooper_global_pmax,full-frame,grid,,,,,,,singleton,20,60.0,1078800,1078800,1864800,51,51,19,19;9;13;20,9;13;20,"{""9"": 10, ""13"": 10, ""20"": 10}","{""9"": 754, ""13"": 1590, ""19"": 13711, ""20"": 1906}",68000,3.781979977753059,10,40.0,60.0,,,,,2.0,2.0,1,1,"{""19"": 13711}",,2,ns3,899,0.5,10,12,28,,,[],[],,9;13;20,24,54,
2026_07_29_02_32_08,000136,20,all-cavs,docs\doc_workspace\SGCP\artifacts\early_from_late_checkpoint_20260719\enable_coperception_early_from_attentive.yaml,selective_edgecooper_global_pmax,full-frame,grid,,,,,,,singleton,20,60.0,1078800,1078800,1864800,51,51,20,20;5;17;19,5;17;19,"{""5"": 9, ""17"": 10, ""19"": 10}","{""5"": 655, ""17"": 1704, ""19"": 1695, ""20"": 13920}",64864,3.607563959955506,10,40.0,60.0,,,,,2.0,2.0,1,1,"{""20"": 13920}",,2,ns3,899,0.5,10,12,28,,,[],[],,5;17;19,27,58,
2026_07_29_02_32_08,000138,1,all-cavs,docs\doc_workspace\SGCP\artifacts\early_from_late_checkpoint_20260719\enable_coperception_early_from_attentive.yaml,selective_edgecooper_global_pmax,full-frame,grid,,,,,,,singleton,20,60.0,1078800,1078800,1871168,51,51,1,1;4;8;15,4;8;15,"{""4"": 10, ""8"": 9, ""15"": 10}","{""1"": 13965, ""4"": 1722, ""8"": 869, ""15"": 1285}",62016,3.4491657397107898,10,40.0,60.0,,,,,2.0,2.0,1,1,"{""1"": 13965}",,2,ns3,899,0.5,10,12,28,,,[],[],,4;8;15,30,68,
2026_07_29_02_32_08,000138,2,all-cavs,docs\doc_workspace\SGCP\artifacts\early_from_late_checkpoint_20260719\enable_coperception_early_from_attentive.yaml,selective_edgecooper_global_pmax,full-frame,grid,,,,,,,singleton,20,60.0,1078800,1078800,1871168,51,51,2,2;10;11;15,10;11;15,"{""10"": 10, ""11"": 8, ""15"": 10}","{""2"": 13843, ""10"": 1779, ""11"": 685, ""15"": 1076}",56640,3.150166852057842,10,40.0,60.0,,,,,2.0,2.0,1,1,"{""2"": 13843}",,2,ns3,899,0.5,10,12,28,,,[],[],,10;11;15,26,69,
2026_07_29_02_32_08,000138,3,all-cavs,docs\doc_workspace\SGCP\artifacts\early_from_late_checkpoint_20260719\enable_coperception_early_from_attentive.yaml,selective_edgecooper_global_pmax,full-frame,grid,,,,,,,singleton,20,60.0,1078800,1078800,1871168,51,51,3,3;16;17;18,16;17;18,"{""16"": 10, ""17"": 10, ""18"": 10}","{""3"": 14250, ""16"": 1515, ""17"": 1085, ""18"": 1162}",60192,3.3477196885428255,10,40.0,60.0,,,,,2.0,2.0,1,1,"{""3"": 14250}",,2,ns3,899,0.5,10,12,28,,,[],[],,16;17;18,20,55,
2026_07_29_02_32_08,000138,4,all-cavs,docs\doc_workspace\SGCP\artifacts\early_from_late_checkpoint_20260719\enable_coperception_early_from_attentive.yaml,selective_edgecooper_global_pmax,full-frame,grid,,,,,,,singleton,20,60.0,1078800,1078800,1871168,51,51,4,4;1;8;12,1;8;12,"{""1"": 11, ""8"": 8, ""12"": 10}","{""1"": 1829, ""4"": 13763, ""8"": 683, ""12"": 1504}",64256,3.573748609566185,10,40.0,60.0,,,,,2.0,2.0,1,1,"{""4"": 13763}",,2,ns3,899,0.5,10,12,28,,,[],[],,1;8;12,30,65,
2026_07_29_02_32_08,000138,5,all-cavs,docs\doc_workspace\SGCP\artifacts\early_from_late_checkpoint_20260719\enable_coperception_early_from_attentive.yaml,selective_edgecooper_global_pmax,full-frame,grid,,,,,,,singleton,20,60.0,1078800,1078800,1871168,51,51,5,5;7;10;16,7;10;16,"{""7"": 10, ""10"": 10, ""16"": 10}","{""5"": 13823, ""7"": 1473, ""10"": 1702, ""16"": 1269}",71104,3.954616240266964,10,40.0,60.0,,,,,2.0,2.0,1,1,"{""5"": 13823}",,2,ns3,899,0.5,10,12,28,,,[],[],,7;10;16,36,68,
2026_07_29_02_32_08,000138,6,all-cavs,docs\doc_workspace\SGCP\artifacts\early_from_late_checkpoint_20260719\enable_coperception_early_from_attentive.yaml,selective_edgecooper_global_pmax,full-frame,grid,,,,,,,singleton,20,60.0,1078800,1078800,1871168,51,51,6,6,,{},"{""6"": 13453}",0,0.0,10,40.0,60.0,,,,,2.0,2.0,0,,{},,2,ns3,899,0.5,10,12,28,,,[],[],,,13,54,
2026_07_29_02_32_08,000138,7,all-cavs,docs\doc_workspace\SGCP\artifacts\early_from_late_checkpoint_20260719\enable_coperception_early_from_attentive.yaml,selective_edgecooper_global_pmax,full-frame,grid,,,,,,,singleton,20,60.0,1078800,1078800,1871168,51,51,7,7;4;12;20,4;12;20,"{""4"": 10, ""12"": 10, ""20"": 10}","{""4"": 1089, ""7"": 13937, ""12"": 1736, ""20"": 1149}",63584,3.536373748609566,10,40.0,60.0,,,,,2.0,2.0,1,1,"{""7"": 13937}",,2,ns3,899,0.5,10,12,28,,,[],[],,4;12;20,25,45,
2026_07_29_02_32_08,000138,8,all-cavs,docs\doc_workspace\SGCP\artifacts\early_from_late_checkpoint_20260719\enable_coperception_early_from_attentive.yaml,selective_edgecooper_global_pmax,full-frame,grid,,,,,,,singleton,20,60.0,1078800,1078800,1871168,51,51,8,8;1;2;7,1;2;7,"{""1"": 10, ""2"": 10, ""7"": 10}","{""1"": 1188, ""2"": 1268, ""7"": 1585, ""8"": 13742}",64656,3.5959955506117907,10,40.0,60.0,,,,,2.0,2.0,1,1,"{""8"": 13742}",,2,ns3,899,0.5,10,12,28,,,[],[],,1;2;7,28,47,
2026_07_29_02_32_08,000138,9,all-cavs,docs\doc_workspace\SGCP\artifacts\early_from_late_checkpoint_20260719\enable_coperception_early_from_attentive.yaml,selective_edgecooper_global_pmax,full-frame,grid,,,,,,,singleton,20,60.0,1078800,1078800,1871168,51,51,9,9;11;13,11;13,"{""11"": 10, ""13"": 10}","{""9"": 13808, ""11"": 1788, ""13"": 1635}",54768,3.046051167964405,10,40.0,60.0,,,,,2.0,2.0,1,1,"{""9"": 13808}",,2,ns3,899,0.5,10,12,28,,,[],[],,11;13,25,53,
2026_07_29_02_32_08,000138,10,all-cavs,docs\doc_workspace\SGCP\artifacts\early_from_late_checkpoint_20260719\enable_coperception_early_from_attentive.yaml,selective_edgecooper_global_pmax,full-frame,grid,,,,,,,singleton,20,60.0,1078800,1078800,1871168,51,51,10,10;5;8;19,5;8;19,"{""5"": 10, ""8"": 10, ""19"": 10}","{""5"": 1852, ""8"": 1336, ""10"": 13966, ""19"": 684}",61952,3.445606229143493,10,40.0,60.0,,,,,2.0,2.0,1,1,"{""10"": 13966}",,2,ns3,899,0.5,10,12,28,,,[],[],,5;8;19,31,65,
2026_07_29_02_32_08,000138,11,all-cavs,docs\doc_workspace\SGCP\artifacts\early_from_late_checkpoint_20260719\enable_coperception_early_from_attentive.yaml,selective_edgecooper_global_pmax,full-frame,grid,,,,,,,singleton,20,60.0,1078800,1078800,1871168,51,51,11,11;2;10;15,2;10;15,"{""2"": 10, ""10"": 9, ""15"": 10}","{""2"": 824, ""10"": 1380, ""11"": 13868, ""15"": 1352}",56896,3.16440489432703,10,40.0,60.0,,,,,2.0,2.0,1,1,"{""11"": 13868}",,2,ns3,899,0.5,10,12,28,,,[],[],,2;10;15,23,64,
2026_07_29_02_32_08,000138,12,all-cavs,docs\doc_workspace\SGCP\artifacts\early_from_late_checkpoint_20260719\enable_coperception_early_from_attentive.yaml,selective_edgecooper_global_pmax,full-frame,grid,,,,,,,singleton,20,60.0,1078800,1078800,1871168,51,51,12,12;4;7,4;7,"{""4"": 10, ""7"": 10}","{""4"": 1293, ""7"": 1646, ""12"": 14180}",47024,2.6153503893214682,10,40.0,60.0,,,,,2.0,2.0,1,1,"{""12"": 14180}",,2,ns3,899,0.5,10,12,28,,,[],[],,4;7,20,51,
2026_07_29_02_32_08,000138,13,all-cavs,docs\doc_workspace\SGCP\artifacts\early_from_late_checkpoint_20260719\enable_coperception_early_from_attentive.yaml,selective_edgecooper_global_pmax,full-frame,grid,,,,,,,singleton,20,60.0,1078800,1078800,1871168,51,51,13,13;9;14;19,9;14;19,"{""9"": 10, ""14"": 10, ""19"": 9}","{""9"": 1497, ""13"": 13373, ""14"": 1643, ""19"": 917}",64912,3.6102335928809786,10,40.0,60.0,,,,,2.0,2.0,1,1,"{""13"": 13373}",,2,ns3,899,0.5,10,12,28,,,[],[],,9;14;19,16,52,
2026_07_29_02_32_08,000138,14,all-cavs,docs\doc_workspace\SGCP\artifacts\early_from_late_checkpoint_20260719\enable_coperception_early_from_attentive.yaml,selective_edgecooper_global_pmax,full-frame,grid,,,,,,,singleton,20,60.0,1078800,1078800,1871168,51,51,14,14;13,13,"{""13"": 10}","{""13"": 1266, ""14"": 13679}",20256,1.1265850945494993,10,40.0,60.0,,,,,2.0,2.0,1,1,"{""14"": 13679}",,2,ns3,899,0.5,10,12,28,,,[],[],,13,7,8,
2026_07_29_02_32_08,000138,15,all-cavs,docs\doc_workspace\SGCP\artifacts\early_from_late_checkpoint_20260719\enable_coperception_early_from_attentive.yaml,selective_edgecooper_global_pmax,full-frame,grid,,,,,,,singleton,20,60.0,1078800,1078800,1871168,51,51,15,15;1;6;11,1;6;11,"{""1"": 10, ""6"": 10, ""11"": 10}","{""1"": 1181, ""6"": 1610, ""11"": 1606, ""15"": 13742}",70352,3.912791991101223,10,40.0,60.0,,,,,2.0,2.0,1,1,"{""15"": 13742}",,2,ns3,899,0.5,10,12,28,,,[],[],,1;6;11,25,61,
2026_07_29_02_32_08,000138,16,all-cavs,docs\doc_workspace\SGCP\artifacts\early_from_late_checkpoint_20260719\enable_coperception_early_from_attentive.yaml,selective_edgecooper_global_pmax,full-frame,grid,,,,,,,singleton,20,60.0,1078800,1078800,1871168,51,51,16,16;3;17;20,3;17;20,"{""3"": 10, ""17"": 10, ""20"": 10}","{""3"": 1331, ""16"": 14255, ""17"": 681, ""20"": 1416}",54848,3.0505005561735263,10,40.0,60.0,,,,,2.0,2.0,1,1,"{""16"": 14255}",,2,ns3,899,0.5,10,12,28,,,[],[],,3;17;20,19,64,
2026_07_29_02_32_08,000138,17,all-cavs,docs\doc_workspace\SGCP\artifacts\early_from_late_checkpoint_20260719\enable_coperception_early_from_attentive.yaml,selective_edgecooper_global_pmax,full-frame,grid,,,,,,,singleton,20,60.0,1078800,1078800,1871168,51,51,17,17;3;5;16,3;5;16,"{""3"": 10, ""5"": 10, ""16"": 8}","{""3"": 1302, ""5"": 1070, ""16"": 615, ""17"": 14254}",47792,2.6580645161290324,10,40.0,60.0,,,,,2.0,2.0,1,1,"{""17"": 14254}",,2,ns3,899,0.5,10,12,28,,,[],[],,3;5;16,19,64,
2026_07_29_02_32_08,000138,18,all-cavs,docs\doc_workspace\SGCP\artifacts\early_from_late_checkpoint_20260719\enable_coperception_early_from_attentive.yaml,selective_edgecooper_global_pmax,full-frame,grid,,,,,,,singleton,20,60.0,1078800,1078800,1871168,51,51,18,18;3,3,"{""3"": 10}","{""3"": 1664, ""18"": 13764}",26624,1.4807563959955505,10,40.0,60.0,,,,,2.0,2.0,1,1,"{""18"": 13764}",,2,ns3,899,0.5,10,12,28,,,[],[],,3,12,28,
2026_07_29_02_32_08,000138,19,all-cavs,docs\doc_workspace\SGCP\artifacts\early_from_late_checkpoint_20260719\enable_coperception_early_from_attentive.yaml,selective_edgecooper_global_pmax,full-frame,grid,,,,,,,singleton,20,60.0,1078800,1078800,1871168,51,51,19,19;9;13;20,9;13;20,"{""9"": 10, ""13"": 10, ""20"": 10}","{""9"": 804, ""13"": 1598, ""19"": 13710, ""20"": 1902}",68864,3.8300333704115683,10,40.0,60.0,,,,,2.0,2.0,1,1,"{""19"": 13710}",,2,ns3,899,0.5,10,12,28,,,[],[],,9;13;20,24,54,
2026_07_29_02_32_08,000138,20,all-cavs,docs\doc_workspace\SGCP\artifacts\early_from_late_checkpoint_20260719\enable_coperception_early_from_attentive.yaml,selective_edgecooper_global_pmax,full-frame,grid,,,,,,,singleton,20,60.0,1078800,1078800,1871168,51,51,20,20;5;17;19,5;17;19,"{""5"": 9, ""17"": 10, ""19"": 10}","{""5"": 639, ""17"": 1548, ""19"": 1692, ""20"": 13925}",62064,3.4518353726362623,10,40.0,60.0,,,,,2.0,2.0,1,1,"{""20"": 13925}",,2,ns3,899,0.5,10,12,28,,,[],[],,5;17;19,28,58,
2026_07_29_02_32_08,000140,1,all-cavs,docs\doc_workspace\SGCP\artifacts\early_from_late_checkpoint_20260719\enable_coperception_early_from_attentive.yaml,selective_edgecooper_global_pmax,full-frame,grid,,,,,,,singleton,20,60.0,1078800,1078800,1799136,49,49,1,1;4;8;15,4;8;15,"{""4"": 11, ""8"": 9, ""15"": 11}","{""1"": 13965, ""4"": 1827, ""8"": 873, ""15"": 1259}",63344,3.5230255839822022,10,40.0,60.0,,,,,2.0,2.0,1,1,"{""1"": 13965}",,2,ns3,899,0.5,10,12,28,,,[],[],,4;8;15,30,67,
2026_07_29_02_32_08,000140,2,all-cavs,docs\doc_workspace\SGCP\artifacts\early_from_late_checkpoint_20260719\enable_coperception_early_from_attentive.yaml,selective_edgecooper_global_pmax,full-frame,grid,,,,,,,singleton,20,60.0,1078800,1078800,1799136,49,49,2,2;10;11;15,10;11;15,"{""10"": 10, ""11"": 9, ""15"": 11}","{""2"": 13844, ""10"": 1780, ""11"": 745, ""15"": 1122}",58352,3.2453837597330364,10,40.0,60.0,,,,,2.0,2.0,1,1,"{""2"": 13844}",,2,ns3,899,0.5,10,12,28,,,[],[],,10;11;15,26,68,
2026_07_29_02_32_08,000140,3,all-cavs,docs\doc_workspace\SGCP\artifacts\early_from_late_checkpoint_20260719\enable_coperception_early_from_attentive.yaml,selective_edgecooper_global_pmax,full-frame,grid,,,,,,,singleton,20,60.0,1078800,1078800,1799136,49,49,3,3;16;17;18,16;17;18,"{""16"": 10, ""17"": 10, ""18"": 11}","{""3"": 14273, ""16"": 1539, ""17"": 1132, ""18"": 1156}",61232,3.4055617352614016,10,40.0,60.0,,,,,2.0,2.0,1,1,"{""3"": 14273}",,2,ns3,899,0.5,10,12,28,,,[],[],,16;17;18,19,55,
2026_07_29_02_32_08,000140,4,all-cavs,docs\doc_workspace\SGCP\artifacts\early_from_late_checkpoint_20260719\enable_coperception_early_from_attentive.yaml,selective_edgecooper_global_pmax,full-frame,grid,,,,,,,singleton,20,60.0,1078800,1078800,1799136,49,49,4,4;1;8;12,1;8;12,"{""1"": 11, ""8"": 9, ""12"": 11}","{""1"": 1939, ""4"": 13760, ""8"": 732, ""12"": 1720}",70256,3.9074527252502778,10,40.0,60.0,,,,,2.0,2.0,1,1,"{""4"": 13760}",,2,ns3,899,0.5,10,12,28,,,[],[],,1;8;12,31,65,
2026_07_29_02_32_08,000140,5,all-cavs,docs\doc_workspace\SGCP\artifacts\early_from_late_checkpoint_20260719\enable_coperception_early_from_attentive.yaml,selective_edgecooper_global_pmax,full-frame,grid,,,,,,,singleton,20,60.0,1078800,1078800,1799136,49,49,5,5;7;10;16,7;10;16,"{""7"": 11, ""10"": 10, ""16"": 10}","{""5"": 13867, ""7"": 1643, ""10"": 1739, ""16"": 1030}",70592,3.926140155728587,10,40.0,60.0,,,,,2.0,2.0,1,1,"{""5"": 13867}",,2,ns3,899,0.5,10,12,28,,,[],[],,7;10;16,33,69,
2026_07_29_02_32_08,000140,6,all-cavs,docs\doc_workspace\SGCP\artifacts\early_from_late_checkpoint_20260719\enable_coperception_early_from_attentive.yaml,selective_edgecooper_global_pmax,full-frame,grid,,,,,,,singleton,20,60.0,1078800,1078800,1799136,49,49,6,6,,{},"{""6"": 13449}",0,0.0,10,40.0,60.0,,,,,2.0,2.0,0,,{},,2,ns3,899,0.5,10,12,28,,,[],[],,,13,53,
2026_07_29_02_32_08,000140,7,all-cavs,docs\doc_workspace\SGCP\artifacts\early_from_late_checkpoint_20260719\enable_coperception_early_from_attentive.yaml,selective_edgecooper_global_pmax,full-frame,grid,,,,,,,singleton,20,60.0,1078800,1078800,1799136,49,49,7,7;4;20,4;20,"{""4"": 10, ""20"": 10}","{""4"": 1091, ""7"": 13930, ""20"": 1147}",35808,1.9915461624026698,10,40.0,60.0,,,,,2.0,2.0,1,1,"{""7"": 13930}",,2,ns3,899,0.5,10,12,28,,,[],[],,4;20,25,45,
2026_07_29_02_32_08,000140,8,all-cavs,docs\doc_workspace\SGCP\artifacts\early_from_late_checkpoint_20260719\enable_coperception_early_from_attentive.yaml,selective_edgecooper_global_pmax,full-frame,grid,,,,,,,singleton,20,60.0,1078800,1078800,1799136,49,49,8,8;1;2;7,1;2;7,"{""1"": 11, ""2"": 11, ""7"": 11}","{""1"": 1246, ""2"": 1268, ""7"": 1731, ""8"": 13743}",67920,3.7775305895439377,10,40.0,60.0,,,,,2.0,2.0,1,1,"{""8"": 13743}",,2,ns3,899,0.5,10,12,28,,,[],[],,1;2;7,28,47,
2026_07_29_02_32_08,000140,9,all-cavs,docs\doc_workspace\SGCP\artifacts\early_from_late_checkpoint_20260719\enable_coperception_early_from_attentive.yaml,selective_edgecooper_global_pmax,full-frame,grid,,,,,,,singleton,20,60.0,1078800,1078800,1799136,49,49,9,9;11;13,11;13,"{""11"": 11, ""13"": 11}","{""9"": 13807, ""11"": 1935, ""13"": 1803}",59808,3.3263626251390432,10,40.0,60.0,,,,,2.0,2.0,1,1,"{""9"": 13807}",,2,ns3,899,0.5,10,12,28,,,[],[],,11;13,24,53,
2026_07_29_02_32_08,000140,10,all-cavs,docs\doc_workspace\SGCP\artifacts\early_from_late_checkpoint_20260719\enable_coperception_early_from_attentive.yaml,selective_edgecooper_global_pmax,full-frame,grid,,,,,,,singleton,20,60.0,1078800,1078800,1799136,49,49,10,10;5;8;19,5;8;19,"{""5"": 11, ""8"": 11, ""19"": 11}","{""5"": 2037, ""8"": 1408, ""10"": 13967, ""19"": 747}",67072,3.7303670745272526,10,40.0,60.0,,,,,2.0,2.0,1,1,"{""10"": 13967}",,2,ns3,899,0.5,10,12,28,,,[],[],,5;8;19,30,65,
2026_07_29_02_32_08,000140,11,all-cavs,docs\doc_workspace\SGCP\artifacts\early_from_late_checkpoint_20260719\enable_coperception_early_from_attentive.yaml,selective_edgecooper_global_pmax,full-frame,grid,,,,,,,singleton,20,60.0,1078800,1078800,1799136,49,49,11,11;2;10;15,2;10;15,"{""2"": 10, ""10"": 10, ""15"": 11}","{""2"": 864, ""10"": 1417, ""11"": 13871, ""15"": 1336}",57872,3.218687430478309,10,40.0,60.0,,,,,2.0,2.0,1,1,"{""11"": 13871}",,2,ns3,899,0.5,10,12,28,,,[],[],,2;10;15,23,64,
2026_07_29_02_32_08,000140,12,all-cavs,docs\doc_workspace\SGCP\artifacts\early_from_late_checkpoint_20260719\enable_coperception_early_from_attentive.yaml,selective_edgecooper_global_pmax,full-frame,grid,,,,,,,singleton,20,60.0,1078800,1078800,1799136,49,49,12,12;4,4,"{""4"": 11}","{""4"": 1549, ""12"": 14185}",24784,1.3784204671857618,10,40.0,60.0,,,,,2.0,2.0,1,1,"{""12"": 14185}",,2,ns3,899,0.5,10,12,28,,,[],[],,4,15,51,
2026_07_29_02_32_08,000140,13,all-cavs,docs\doc_workspace\SGCP\artifacts\early_from_late_checkpoint_20260719\enable_coperception_early_from_attentive.yaml,selective_edgecooper_global_pmax,full-frame,grid,,,,,,,singleton,20,60.0,1078800,1078800,1799136,49,49,13,13;9;14;19,9;14;19,"{""9"": 11, ""14"": 11, ""19"": 10}","{""9"": 1605, ""13"": 13344, ""14"": 1805, ""19"": 960}",69920,3.888765294771969,10,40.0,60.0,,,,,2.0,2.0,1,1,"{""13"": 13344}",,2,ns3,899,0.5,10,12,28,,,[],[],,9;14;19,18,52,
2026_07_29_02_32_08,000140,14,all-cavs,docs\doc_workspace\SGCP\artifacts\early_from_late_checkpoint_20260719\enable_coperception_early_from_attentive.yaml,selective_edgecooper_global_pmax,full-frame,grid,,,,,,,singleton,20,60.0,1078800,1078800,1799136,49,49,14,14;13,13,"{""13"": 11}","{""13"": 1257, ""14"": 13666}",20112,1.118576195773081,10,40.0,60.0,,,,,2.0,2.0,1,1,"{""14"": 13666}",,2,ns3,899,0.5,10,12,28,,,[],[],,13,7,8,
2026_07_29_02_32_08,000140,15,all-cavs,docs\doc_workspace\SGCP\artifacts\early_from_late_checkpoint_20260719\enable_coperception_early_from_attentive.yaml,selective_edgecooper_global_pmax,full-frame,grid,,,,,,,singleton,20,60.0,1078800,1078800,1799136,49,49,15,15;1;6;11,1;6;11,"{""1"": 10, ""6"": 11, ""11"": 11}","{""1"": 1249, ""6"": 1659, ""11"": 1652, ""15"": 13738}",72960,4.057842046718576,10,40.0,60.0,,,,,2.0,2.0,1,1,"{""15"": 13738}",,2,ns3,899,0.5,10,12,28,,,[],[],,1;6;11,25,60,
2026_07_29_02_32_08,000140,16,all-cavs,docs\doc_workspace\SGCP\artifacts\early_from_late_checkpoint_20260719\enable_coperception_early_from_attentive.yaml,selective_edgecooper_global_pmax,full-frame,grid,,,,,,,singleton,20,60.0,1078800,1078800,1799136,49,49,16,16;3;17;20,3;17;20,"{""3"": 11, ""17"": 11, ""20"": 11}","{""3"": 1521, ""16"": 14271, ""17"": 755, ""20"": 1536}",60992,3.3922135706340377,10,40.0,60.0,,,,,2.0,2.0,1,1,"{""16"": 14271}",,2,ns3,899,0.5,10,12,28,,,[],[],,3;17;20,23,64,
2026_07_29_02_32_08,000140,17,all-cavs,docs\doc_workspace\SGCP\artifacts\early_from_late_checkpoint_20260719\enable_coperception_early_from_attentive.yaml,selective_edgecooper_global_pmax,full-frame,grid,,,,,,,singleton,20,60.0,1078800,1078800,1799136,49,49,17,17;3;5;16,3;5;16,"{""3"": 10, ""5"": 11, ""16"": 10}","{""3"": 1302, ""5"": 1102, ""16"": 673, ""17"": 14258}",49232,2.7381535038932148,10,40.0,60.0,,,,,2.0,2.0,1,1,"{""17"": 14258}",,2,ns3,899,0.5,10,12,28,,,[],[],,3;5;16,21,64,
2026_07_29_02_32_08,000140,18,all-cavs,docs\doc_workspace\SGCP\artifacts\early_from_late_checkpoint_20260719\enable_coperception_early_from_attentive.yaml,selective_edgecooper_global_pmax,full-frame,grid,,,,,,,singleton,20,60.0,1078800,1078800,1799136,49,49,18,18;3,3,"{""3"": 11}","{""3"": 1709, ""18"": 13756}",27344,1.5208008898776417,10,40.0,60.0,,,,,2.0,2.0,1,1,"{""18"": 13756}",,2,ns3,899,0.5,10,12,28,,,[],[],,3,12,28,
2026_07_29_02_32_08,000140,19,all-cavs,docs\doc_workspace\SGCP\artifacts\early_from_late_checkpoint_20260719\enable_coperception_early_from_attentive.yaml,selective_edgecooper_global_pmax,full-frame,grid,,,,,,,singleton,20,60.0,1078800,1078800,1799136,49,49,19,19;9;13;20,9;13;20,"{""9"": 10, ""13"": 10, ""20"": 10}","{""9"": 804, ""13"": 1603, ""19"": 13709, ""20"": 1900}",68912,3.832703003337041,10,40.0,60.0,,,,,2.0,2.0,1,1,"{""19"": 13709}",,2,ns3,899,0.5,10,12,28,,,[],[],,9;13;20,23,54,
2026_07_29_02_32_08,000140,20,all-cavs,docs\doc_workspace\SGCP\artifacts\early_from_late_checkpoint_20260719\enable_coperception_early_from_attentive.yaml,selective_edgecooper_global_pmax,full-frame,grid,,,,,,,singleton,20,60.0,1078800,1078800,1799136,49,49,20,20;5;7;19,5;7;19,"{""5"": 10, ""7"": 11, ""19"": 11}","{""5"": 975, ""7"": 1710, ""19"": 1833, ""20"": 13922}",72288,4.020467185761958,10,40.0,60.0,,,,,2.0,2.0,1,1,"{""20"": 13922}",,2,ns3,899,0.5,10,12,28,,,[],[],,5;7;19,26,57,
