scenario_id,timestamp,receiver_id,receiver_policy,coperception_yaml,resource_allocation,gt_scope,upload_mode,grid_selection_mode,grid_score_mode,coverage_fallback,coverage_fallback_replacements,routing_hint_replacements,routing_hints_csv,clustering,cluster_count,selective_frame_deadline_ms,selective_global_budget_bytes,selective_global_admitted_bytes,selective_global_candidate_bytes,selective_global_admitted_links,selective_global_candidate_links,cluster_member_ids,source_cav_ids,uploaded_source_ids,selected_grid_counts_json,point_counts_json,communication_bytes,frame_comm_time_ms,num_channels,bandwidth_mhz,communication_deadline_ms,sgcp_frame_mbps_budget,sgcp_frame_budget_bytes,sgcp_frame_budget_original_bytes,sgcp_frame_budget_admitted_bytes,upload_density_cap_rho,edgecooper_pmax_density_cap_rho,local_preserving_output,local_preserving_extra_calls,local_preserving_extra_point_counts_json,upload_density_cap_seed,max_senders_per_receiver,channel_estimator,ns3_tb_size_bytes,ns3_slot_duration_ms,ns3_subchannel_prbs,ns3_symbols_per_slot,ns3_mcs,pcs_rounds_requested,pcs_rounds_accepted,pcs_round_comm_time_ms_json,pcs_round_comm_bytes_json,channel_allocation,missing_channel_sources,pred_boxes,gt_boxes,skipped
2026_07_29_02_32_08,000060,1,all-cavs,docs\doc_workspace\SGCP\artifacts\early_from_late_checkpoint_20260719\enable_coperception_early_from_attentive.yaml,fullperception_pcs,full-frame,grid,utility,utility,none,0,0,,singleton,20,,,,,,,1;4,1;4,4,"{""4"": 7}","{""1"": 13948, ""4"": 6741}",107856,59.995550611790875,10,40.0,60.0,,,,,,,1,1,"{""1"": 13948}",,2,ns3,899,0.5,10,12,28,1,1,[59.995550611790875],[874640],4>1:5,,27,72,
2026_07_29_02_32_08,000060,2,all-cavs,docs\doc_workspace\SGCP\artifacts\early_from_late_checkpoint_20260719\enable_coperception_early_from_attentive.yaml,fullperception_pcs,full-frame,grid,utility,utility,none,0,0,,singleton,20,,,,,,,2,2,,{},"{""2"": 13829}",0,59.995550611790875,10,40.0,60.0,,,,,,,0,,{},,2,ns3,899,0.5,10,12,28,1,1,[59.995550611790875],[874640],,,22,72,
2026_07_29_02_32_08,000060,3,all-cavs,docs\doc_workspace\SGCP\artifacts\early_from_late_checkpoint_20260719\enable_coperception_early_from_attentive.yaml,fullperception_pcs,full-frame,grid,utility,utility,none,0,0,,singleton,20,,,,,,,3;18,3,,{},"{""3"": 14168}",0,59.995550611790875,10,40.0,60.0,,,,,,,0,,{},,2,ns3,899,0.5,10,12,28,1,1,[59.995550611790875],[874640],,,18,65,
2026_07_29_02_32_08,000060,4,all-cavs,docs\doc_workspace\SGCP\artifacts\early_from_late_checkpoint_20260719\enable_coperception_early_from_attentive.yaml,fullperception_pcs,full-frame,grid,utility,utility,none,0,0,,singleton,20,,,,,,,1;4,4,,{},"{""4"": 13839}",0,59.995550611790875,10,40.0,60.0,,,,,,,0,,{},,2,ns3,899,0.5,10,12,28,1,1,[59.995550611790875],[874640],,,20,71,
2026_07_29_02_32_08,000060,5,all-cavs,docs\doc_workspace\SGCP\artifacts\early_from_late_checkpoint_20260719\enable_coperception_early_from_attentive.yaml,fullperception_pcs,full-frame,grid,utility,utility,none,0,0,,singleton,20,,,,,,,5;9;10,5;9;10,9;10,"{""9"": 6, ""10"": 30}","{""5"": 13942, ""9"": 6742, ""10"": 5554}",196736,59.995550611790875,10,40.0,60.0,,,,,,,1,1,"{""5"": 13942}",,2,ns3,899,0.5,10,12,28,1,1,[59.995550611790875],[874640],9>5:2;10>5:1,,25,48,
2026_07_29_02_32_08,000060,6,all-cavs,docs\doc_workspace\SGCP\artifacts\early_from_late_checkpoint_20260719\enable_coperception_early_from_attentive.yaml,fullperception_pcs,full-frame,grid,utility,utility,none,0,0,,singleton,20,,,,,,,6;15,6,,{},"{""6"": 12973}",0,59.995550611790875,10,40.0,60.0,,,,,,,0,,{},,2,ns3,899,0.5,10,12,28,1,1,[59.995550611790875],[874640],,,12,49,
2026_07_29_02_32_08,000060,7,all-cavs,docs\doc_workspace\SGCP\artifacts\early_from_late_checkpoint_20260719\enable_coperception_early_from_attentive.yaml,fullperception_pcs,full-frame,grid,utility,utility,none,0,0,,singleton,20,,,,,,,7,7,,{},"{""7"": 13936}",0,59.995550611790875,10,40.0,60.0,,,,,,,0,,{},,2,ns3,899,0.5,10,12,28,1,1,[59.995550611790875],[874640],,,24,51,
2026_07_29_02_32_08,000060,8,all-cavs,docs\doc_workspace\SGCP\artifacts\early_from_late_checkpoint_20260719\enable_coperception_early_from_attentive.yaml,fullperception_pcs,full-frame,grid,utility,utility,none,0,0,,singleton,20,,,,,,,8;11,8,,{},"{""8"": 13742}",0,59.995550611790875,10,40.0,60.0,,,,,,,0,,{},,2,ns3,899,0.5,10,12,28,1,1,[59.995550611790875],[874640],,,21,47,
2026_07_29_02_32_08,000060,9,all-cavs,docs\doc_workspace\SGCP\artifacts\early_from_late_checkpoint_20260719\enable_coperception_early_from_attentive.yaml,fullperception_pcs,full-frame,grid,utility,utility,none,0,0,,singleton,20,,,,,,,5;9,9,,{},"{""9"": 13819}",0,59.995550611790875,10,40.0,60.0,,,,,,,0,,{},,2,ns3,899,0.5,10,12,28,1,1,[59.995550611790875],[874640],,,19,54,
2026_07_29_02_32_08,000060,10,all-cavs,docs\doc_workspace\SGCP\artifacts\early_from_late_checkpoint_20260719\enable_coperception_early_from_attentive.yaml,fullperception_pcs,full-frame,grid,utility,utility,none,0,0,,singleton,20,,,,,,,5;10,10,,{},"{""10"": 14073}",0,59.995550611790875,10,40.0,60.0,,,,,,,0,,{},,2,ns3,899,0.5,10,12,28,1,1,[59.995550611790875],[874640],,,22,66,
2026_07_29_02_32_08,000060,11,all-cavs,docs\doc_workspace\SGCP\artifacts\early_from_late_checkpoint_20260719\enable_coperception_early_from_attentive.yaml,fullperception_pcs,full-frame,grid,utility,utility,none,0,0,,singleton,20,,,,,,,8;11,11;8,8,"{""8"": 23}","{""8"": 1919, ""11"": 13866}",30704,59.995550611790875,10,40.0,60.0,,,,,,,1,1,"{""11"": 13866}",,2,ns3,899,0.5,10,12,28,1,1,[59.995550611790875],[874640],8>11:4,,22,69,
2026_07_29_02_32_08,000060,12,all-cavs,docs\doc_workspace\SGCP\artifacts\early_from_late_checkpoint_20260719\enable_coperception_early_from_attentive.yaml,fullperception_pcs,full-frame,grid,utility,utility,none,0,0,,singleton,20,,,,,,,12,12,,{},"{""12"": 13881}",0,59.995550611790875,10,40.0,60.0,,,,,,,0,,{},,2,ns3,899,0.5,10,12,28,1,1,[59.995550611790875],[874640],,,21,53,
2026_07_29_02_32_08,000060,13,all-cavs,docs\doc_workspace\SGCP\artifacts\early_from_late_checkpoint_20260719\enable_coperception_early_from_attentive.yaml,fullperception_pcs,full-frame,grid,utility,utility,none,0,0,,singleton,20,,,,,,,13,13,,{},"{""13"": 13569}",0,59.995550611790875,10,40.0,60.0,,,,,,,0,,{},,2,ns3,899,0.5,10,12,28,1,1,[59.995550611790875],[874640],,,12,55,
2026_07_29_02_32_08,000060,14,all-cavs,docs\doc_workspace\SGCP\artifacts\early_from_late_checkpoint_20260719\enable_coperception_early_from_attentive.yaml,fullperception_pcs,full-frame,grid,utility,utility,none,0,0,,singleton,20,,,,,,,14,14,,{},"{""14"": 14331}",0,59.995550611790875,10,40.0,60.0,,,,,,,0,,{},,2,ns3,899,0.5,10,12,28,1,1,[59.995550611790875],[874640],,,3,7,
2026_07_29_02_32_08,000060,15,all-cavs,docs\doc_workspace\SGCP\artifacts\early_from_late_checkpoint_20260719\enable_coperception_early_from_attentive.yaml,fullperception_pcs,full-frame,grid,utility,utility,none,0,0,,singleton,20,,,,,,,6;15,15;6,6,"{""6"": 6}","{""6"": 6741, ""15"": 13458}",107856,59.995550611790875,10,40.0,60.0,,,,,,,1,1,"{""15"": 13458}",,2,ns3,899,0.5,10,12,28,1,1,[59.995550611790875],[874640],6>15:0,,17,59,
2026_07_29_02_32_08,000060,16,all-cavs,docs\doc_workspace\SGCP\artifacts\early_from_late_checkpoint_20260719\enable_coperception_early_from_attentive.yaml,fullperception_pcs,full-frame,grid,utility,utility,none,0,0,,singleton,20,,,,,,,16;19,16,,{},"{""16"": 13819}",0,59.995550611790875,10,40.0,60.0,,,,,,,0,,{},,2,ns3,899,0.5,10,12,28,1,1,[59.995550611790875],[874640],,,26,64,
2026_07_29_02_32_08,000060,17,all-cavs,docs\doc_workspace\SGCP\artifacts\early_from_late_checkpoint_20260719\enable_coperception_early_from_attentive.yaml,fullperception_pcs,full-frame,grid,utility,utility,none,0,0,,singleton,20,,,,,,,17;18,17,,{},"{""17"": 14142}",0,59.995550611790875,10,40.0,60.0,,,,,,,0,,{},,2,ns3,899,0.5,10,12,28,1,1,[59.995550611790875],[874640],,,17,65,
2026_07_29_02_32_08,000060,18,all-cavs,docs\doc_workspace\SGCP\artifacts\early_from_late_checkpoint_20260719\enable_coperception_early_from_attentive.yaml,fullperception_pcs,full-frame,grid,utility,utility,none,0,0,,singleton,20,,,,,,,3;17;18,18;3;17,3;17,"{""3"": 4, ""17"": 15}","{""3"": 6742, ""17"": 6742, ""18"": 14258}",215744,59.995550611790875,10,40.0,60.0,,,,,,,1,1,"{""18"": 14258}",,2,ns3,899,0.5,10,12,28,1,1,[59.995550611790875],[874640],3>18:0;17>18:3,,18,49,
2026_07_29_02_32_08,000060,19,all-cavs,docs\doc_workspace\SGCP\artifacts\early_from_late_checkpoint_20260719\enable_coperception_early_from_attentive.yaml,fullperception_pcs,full-frame,grid,utility,utility,none,0,0,,singleton,20,,,,,,,16;19;20,19;16;20,16;20,"{""16"": 4, ""20"": 18}","{""16"": 6742, ""19"": 13725, ""20"": 6742}",215744,59.995550611790875,10,40.0,60.0,,,,,,,1,1,"{""19"": 13725}",,2,ns3,899,0.5,10,12,28,1,1,[59.995550611790875],[874640],16>19:7;20>19:6,,24,54,
2026_07_29_02_32_08,000060,20,all-cavs,docs\doc_workspace\SGCP\artifacts\early_from_late_checkpoint_20260719\enable_coperception_early_from_attentive.yaml,fullperception_pcs,full-frame,grid,utility,utility,none,0,0,,singleton,20,,,,,,,19;20,20,,{},"{""20"": 13918}",0,59.995550611790875,10,40.0,60.0,,,,,,,0,,{},,2,ns3,899,0.5,10,12,28,1,1,[59.995550611790875],[874640],,,22,62,
2026_07_29_02_32_08,000062,1,all-cavs,docs\doc_workspace\SGCP\artifacts\early_from_late_checkpoint_20260719\enable_coperception_early_from_attentive.yaml,fullperception_pcs,full-frame,grid,utility,utility,none,0,0,,singleton,20,,,,,,,1;4,1;4,4,"{""4"": 8}","{""1"": 13948, ""4"": 6738}",107808,59.995550611790875,10,40.0,60.0,,,,,,,1,1,"{""1"": 13948}",,2,ns3,899,0.5,10,12,28,1,1,[59.995550611790875],[875744],4>1:5,,25,72,
2026_07_29_02_32_08,000062,2,all-cavs,docs\doc_workspace\SGCP\artifacts\early_from_late_checkpoint_20260719\enable_coperception_early_from_attentive.yaml,fullperception_pcs,full-frame,grid,utility,utility,none,0,0,,singleton,20,,,,,,,2,2,,{},"{""2"": 13829}",0,59.995550611790875,10,40.0,60.0,,,,,,,0,,{},,2,ns3,899,0.5,10,12,28,1,1,[59.995550611790875],[875744],,,21,72,
2026_07_29_02_32_08,000062,3,all-cavs,docs\doc_workspace\SGCP\artifacts\early_from_late_checkpoint_20260719\enable_coperception_early_from_attentive.yaml,fullperception_pcs,full-frame,grid,utility,utility,none,0,0,,singleton,20,,,,,,,3;18,3,,{},"{""3"": 14164}",0,59.995550611790875,10,40.0,60.0,,,,,,,0,,{},,2,ns3,899,0.5,10,12,28,1,1,[59.995550611790875],[875744],,,20,65,
2026_07_29_02_32_08,000062,4,all-cavs,docs\doc_workspace\SGCP\artifacts\early_from_late_checkpoint_20260719\enable_coperception_early_from_attentive.yaml,fullperception_pcs,full-frame,grid,utility,utility,none,0,0,,singleton,20,,,,,,,1;4,4,,{},"{""4"": 13826}",0,59.995550611790875,10,40.0,60.0,,,,,,,0,,{},,2,ns3,899,0.5,10,12,28,1,1,[59.995550611790875],[875744],,,18,71,
2026_07_29_02_32_08,000062,5,all-cavs,docs\doc_workspace\SGCP\artifacts\early_from_late_checkpoint_20260719\enable_coperception_early_from_attentive.yaml,fullperception_pcs,full-frame,grid,utility,utility,none,0,0,,singleton,20,,,,,,,5;9;10,5;9;10,9;10,"{""9"": 6, ""10"": 31}","{""5"": 13942, ""9"": 6742, ""10"": 5631}",197968,59.995550611790875,10,40.0,60.0,,,,,,,1,1,"{""5"": 13942}",,2,ns3,899,0.5,10,12,28,1,1,[59.995550611790875],[875744],9>5:2;10>5:1,,26,48,
2026_07_29_02_32_08,000062,6,all-cavs,docs\doc_workspace\SGCP\artifacts\early_from_late_checkpoint_20260719\enable_coperception_early_from_attentive.yaml,fullperception_pcs,full-frame,grid,utility,utility,none,0,0,,singleton,20,,,,,,,6;15,6,,{},"{""6"": 13002}",0,59.995550611790875,10,40.0,60.0,,,,,,,0,,{},,2,ns3,899,0.5,10,12,28,1,1,[59.995550611790875],[875744],,,12,49,
2026_07_29_02_32_08,000062,7,all-cavs,docs\doc_workspace\SGCP\artifacts\early_from_late_checkpoint_20260719\enable_coperception_early_from_attentive.yaml,fullperception_pcs,full-frame,grid,utility,utility,none,0,0,,singleton,20,,,,,,,7,7,,{},"{""7"": 13932}",0,59.995550611790875,10,40.0,60.0,,,,,,,0,,{},,2,ns3,899,0.5,10,12,28,1,1,[59.995550611790875],[875744],,,24,51,
2026_07_29_02_32_08,000062,8,all-cavs,docs\doc_workspace\SGCP\artifacts\early_from_late_checkpoint_20260719\enable_coperception_early_from_attentive.yaml,fullperception_pcs,full-frame,grid,utility,utility,none,0,0,,singleton,20,,,,,,,8;11,8,,{},"{""8"": 13742}",0,59.995550611790875,10,40.0,60.0,,,,,,,0,,{},,2,ns3,899,0.5,10,12,28,1,1,[59.995550611790875],[875744],,,22,47,
2026_07_29_02_32_08,000062,9,all-cavs,docs\doc_workspace\SGCP\artifacts\early_from_late_checkpoint_20260719\enable_coperception_early_from_attentive.yaml,fullperception_pcs,full-frame,grid,utility,utility,none,0,0,,singleton,20,,,,,,,5;9,9,,{},"{""9"": 13818}",0,59.995550611790875,10,40.0,60.0,,,,,,,0,,{},,2,ns3,899,0.5,10,12,28,1,1,[59.995550611790875],[875744],,,17,54,
2026_07_29_02_32_08,000062,10,all-cavs,docs\doc_workspace\SGCP\artifacts\early_from_late_checkpoint_20260719\enable_coperception_early_from_attentive.yaml,fullperception_pcs,full-frame,grid,utility,utility,none,0,0,,singleton,20,,,,,,,5;10,10,,{},"{""10"": 14074}",0,59.995550611790875,10,40.0,60.0,,,,,,,0,,{},,2,ns3,899,0.5,10,12,28,1,1,[59.995550611790875],[875744],,,22,67,
2026_07_29_02_32_08,000062,11,all-cavs,docs\doc_workspace\SGCP\artifacts\early_from_late_checkpoint_20260719\enable_coperception_early_from_attentive.yaml,fullperception_pcs,full-frame,grid,utility,utility,none,0,0,,singleton,20,,,,,,,8;11,11;8,8,"{""8"": 23}","{""8"": 1916, ""11"": 13869}",30656,59.995550611790875,10,40.0,60.0,,,,,,,1,1,"{""11"": 13869}",,2,ns3,899,0.5,10,12,28,1,1,[59.995550611790875],[875744],8>11:3,,20,69,
2026_07_29_02_32_08,000062,12,all-cavs,docs\doc_workspace\SGCP\artifacts\early_from_late_checkpoint_20260719\enable_coperception_early_from_attentive.yaml,fullperception_pcs,full-frame,grid,utility,utility,none,0,0,,singleton,20,,,,,,,12,12,,{},"{""12"": 13882}",0,59.995550611790875,10,40.0,60.0,,,,,,,0,,{},,2,ns3,899,0.5,10,12,28,1,1,[59.995550611790875],[875744],,,15,53,
2026_07_29_02_32_08,000062,13,all-cavs,docs\doc_workspace\SGCP\artifacts\early_from_late_checkpoint_20260719\enable_coperception_early_from_attentive.yaml,fullperception_pcs,full-frame,grid,utility,utility,none,0,0,,singleton,20,,,,,,,13,13,,{},"{""13"": 13569}",0,59.995550611790875,10,40.0,60.0,,,,,,,0,,{},,2,ns3,899,0.5,10,12,28,1,1,[59.995550611790875],[875744],,,12,55,
2026_07_29_02_32_08,000062,14,all-cavs,docs\doc_workspace\SGCP\artifacts\early_from_late_checkpoint_20260719\enable_coperception_early_from_attentive.yaml,fullperception_pcs,full-frame,grid,utility,utility,none,0,0,,singleton,20,,,,,,,14,14,,{},"{""14"": 14313}",0,59.995550611790875,10,40.0,60.0,,,,,,,0,,{},,2,ns3,899,0.5,10,12,28,1,1,[59.995550611790875],[875744],,,3,7,
2026_07_29_02_32_08,000062,15,all-cavs,docs\doc_workspace\SGCP\artifacts\early_from_late_checkpoint_20260719\enable_coperception_early_from_attentive.yaml,fullperception_pcs,full-frame,grid,utility,utility,none,0,0,,singleton,20,,,,,,,6;15,15;6,6,"{""6"": 6}","{""6"": 6740, ""15"": 13488}",107840,59.995550611790875,10,40.0,60.0,,,,,,,1,1,"{""15"": 13488}",,2,ns3,899,0.5,10,12,28,1,1,[59.995550611790875],[875744],6>15:0,,16,60,
2026_07_29_02_32_08,000062,16,all-cavs,docs\doc_workspace\SGCP\artifacts\early_from_late_checkpoint_20260719\enable_coperception_early_from_attentive.yaml,fullperception_pcs,full-frame,grid,utility,utility,none,0,0,,singleton,20,,,,,,,16;19,16,,{},"{""16"": 13788}",0,59.995550611790875,10,40.0,60.0,,,,,,,0,,{},,2,ns3,899,0.5,10,12,28,1,1,[59.995550611790875],[875744],,,23,66,
2026_07_29_02_32_08,000062,17,all-cavs,docs\doc_workspace\SGCP\artifacts\early_from_late_checkpoint_20260719\enable_coperception_early_from_attentive.yaml,fullperception_pcs,full-frame,grid,utility,utility,none,0,0,,singleton,20,,,,,,,17;18,17,,{},"{""17"": 14128}",0,59.995550611790875,10,40.0,60.0,,,,,,,0,,{},,2,ns3,899,0.5,10,12,28,1,1,[59.995550611790875],[875744],,,21,65,
2026_07_29_02_32_08,000062,18,all-cavs,docs\doc_workspace\SGCP\artifacts\early_from_late_checkpoint_20260719\enable_coperception_early_from_attentive.yaml,fullperception_pcs,full-frame,grid,utility,utility,none,0,0,,singleton,20,,,,,,,3;17;18,18;3;17,3;17,"{""3"": 6, ""17"": 13}","{""3"": 6742, ""17"": 6742, ""18"": 14261}",215744,59.995550611790875,10,40.0,60.0,,,,,,,1,1,"{""18"": 14261}",,2,ns3,899,0.5,10,12,28,1,1,[59.995550611790875],[875744],3>18:0;17>18:4,,17,49,
2026_07_29_02_32_08,000062,19,all-cavs,docs\doc_workspace\SGCP\artifacts\early_from_late_checkpoint_20260719\enable_coperception_early_from_attentive.yaml,fullperception_pcs,full-frame,grid,utility,utility,none,0,0,,singleton,20,,,,,,,16;19;20,19;16;20,16;20,"{""16"": 5, ""20"": 18}","{""16"": 6741, ""19"": 13710, ""20"": 6742}",215728,59.995550611790875,10,40.0,60.0,,,,,,,1,1,"{""19"": 13710}",,2,ns3,899,0.5,10,12,28,1,1,[59.995550611790875],[875744],16>19:7;20>19:6,,19,54,
2026_07_29_02_32_08,000062,20,all-cavs,docs\doc_workspace\SGCP\artifacts\early_from_late_checkpoint_20260719\enable_coperception_early_from_attentive.yaml,fullperception_pcs,full-frame,grid,utility,utility,none,0,0,,singleton,20,,,,,,,19;20,20,,{},"{""20"": 13916}",0,59.995550611790875,10,40.0,60.0,,,,,,,0,,{},,2,ns3,899,0.5,10,12,28,1,1,[59.995550611790875],[875744],,,24,62,
2026_07_29_02_32_08,000064,1,all-cavs,docs\doc_workspace\SGCP\artifacts\early_from_late_checkpoint_20260719\enable_coperception_early_from_attentive.yaml,fullperception_pcs,full-frame,grid,utility,utility,none,0,0,,singleton,20,,,,,,,1;2;4,1;2;4,2;4,"{""2"": 24, ""4"": 8}","{""1"": 13948, ""2"": 3794, ""4"": 6741}",168560,59.995550611790875,10,40.0,60.0,,,,,,,1,1,"{""1"": 13948}",,2,ns3,899,0.5,10,12,28,1,1,[59.995550611790875],[1016048],2>1:1;4>1:8,,32,72,
2026_07_29_02_32_08,000064,2,all-cavs,docs\doc_workspace\SGCP\artifacts\early_from_late_checkpoint_20260719\enable_coperception_early_from_attentive.yaml,fullperception_pcs,full-frame,grid,utility,utility,none,0,0,,singleton,20,,,,,,,1;2,2,,{},"{""2"": 13829}",0,59.995550611790875,10,40.0,60.0,,,,,,,0,,{},,2,ns3,899,0.5,10,12,28,1,1,[59.995550611790875],[1016048],,,21,72,
2026_07_29_02_32_08,000064,3,all-cavs,docs\doc_workspace\SGCP\artifacts\early_from_late_checkpoint_20260719\enable_coperception_early_from_attentive.yaml,fullperception_pcs,full-frame,grid,utility,utility,none,0,0,,singleton,20,,,,,,,3;18,3,,{},"{""3"": 14159}",0,59.995550611790875,10,40.0,60.0,,,,,,,0,,{},,2,ns3,899,0.5,10,12,28,1,1,[59.995550611790875],[1016048],,,18,65,
2026_07_29_02_32_08,000064,4,all-cavs,docs\doc_workspace\SGCP\artifacts\early_from_late_checkpoint_20260719\enable_coperception_early_from_attentive.yaml,fullperception_pcs,full-frame,grid,utility,utility,none,0,0,,singleton,20,,,,,,,1;4,4,,{},"{""4"": 13808}",0,59.995550611790875,10,40.0,60.0,,,,,,,0,,{},,2,ns3,899,0.5,10,12,28,1,1,[59.995550611790875],[1016048],,,19,71,
2026_07_29_02_32_08,000064,5,all-cavs,docs\doc_workspace\SGCP\artifacts\early_from_late_checkpoint_20260719\enable_coperception_early_from_attentive.yaml,fullperception_pcs,full-frame,grid,utility,utility,none,0,0,,singleton,20,,,,,,,5;7;13,5;7;13,7;13,"{""7"": 7, ""13"": 6}","{""5"": 13941, ""7"": 6741, ""13"": 6742}",215728,59.995550611790875,10,40.0,60.0,,,,,,,1,1,"{""5"": 13941}",,2,ns3,899,0.5,10,12,28,1,1,[59.995550611790875],[1016048],7>5:5;13>5:7,,23,47,
2026_07_29_02_32_08,000064,6,all-cavs,docs\doc_workspace\SGCP\artifacts\early_from_late_checkpoint_20260719\enable_coperception_early_from_attentive.yaml,fullperception_pcs,full-frame,grid,utility,utility,none,0,0,,singleton,20,,,,,,,6;15,6,,{},"{""6"": 13022}",0,59.995550611790875,10,40.0,60.0,,,,,,,0,,{},,2,ns3,899,0.5,10,12,28,1,1,[59.995550611790875],[1016048],,,12,49,
2026_07_29_02_32_08,000064,7,all-cavs,docs\doc_workspace\SGCP\artifacts\early_from_late_checkpoint_20260719\enable_coperception_early_from_attentive.yaml,fullperception_pcs,full-frame,grid,utility,utility,none,0,0,,singleton,20,,,,,,,5;7,7,,{},"{""7"": 13939}",0,59.995550611790875,10,40.0,60.0,,,,,,,0,,{},,2,ns3,899,0.5,10,12,28,1,1,[59.995550611790875],[1016048],,,24,51,
2026_07_29_02_32_08,000064,8,all-cavs,docs\doc_workspace\SGCP\artifacts\early_from_late_checkpoint_20260719\enable_coperception_early_from_attentive.yaml,fullperception_pcs,full-frame,grid,utility,utility,none,0,0,,singleton,20,,,,,,,8;11,8,,{},"{""8"": 13743}",0,59.995550611790875,10,40.0,60.0,,,,,,,0,,{},,2,ns3,899,0.5,10,12,28,1,1,[59.995550611790875],[1016048],,,23,47,
2026_07_29_02_32_08,000064,9,all-cavs,docs\doc_workspace\SGCP\artifacts\early_from_late_checkpoint_20260719\enable_coperception_early_from_attentive.yaml,fullperception_pcs,full-frame,grid,utility,utility,none,0,0,,singleton,20,,,,,,,9;16,9;16,16,"{""16"": 3}","{""9"": 13818, ""16"": 6738}",107808,59.995550611790875,10,40.0,60.0,,,,,,,1,1,"{""9"": 13818}",,2,ns3,899,0.5,10,12,28,1,1,[59.995550611790875],[1016048],16>9:6,,22,54,
2026_07_29_02_32_08,000064,10,all-cavs,docs\doc_workspace\SGCP\artifacts\early_from_late_checkpoint_20260719\enable_coperception_early_from_attentive.yaml,fullperception_pcs,full-frame,grid,utility,utility,none,0,0,,singleton,20,,,,,,,10;20,10,,{},"{""10"": 14075}",0,59.995550611790875,10,40.0,60.0,,,,,,,0,,{},,2,ns3,899,0.5,10,12,28,1,1,[59.995550611790875],[1016048],,,22,67,
2026_07_29_02_32_08,000064,11,all-cavs,docs\doc_workspace\SGCP\artifacts\early_from_late_checkpoint_20260719\enable_coperception_early_from_attentive.yaml,fullperception_pcs,full-frame,grid,utility,utility,none,0,0,,singleton,20,,,,,,,8;11,11;8,8,"{""8"": 23}","{""8"": 1914, ""11"": 13865}",30624,59.995550611790875,10,40.0,60.0,,,,,,,1,1,"{""11"": 13865}",,2,ns3,899,0.5,10,12,28,1,1,[59.995550611790875],[1016048],8>11:3,,22,69,
2026_07_29_02_32_08,000064,12,all-cavs,docs\doc_workspace\SGCP\artifacts\early_from_late_checkpoint_20260719\enable_coperception_early_from_attentive.yaml,fullperception_pcs,full-frame,grid,utility,utility,none,0,0,,singleton,20,,,,,,,12,12,,{},"{""12"": 13868}",0,59.995550611790875,10,40.0,60.0,,,,,,,0,,{},,2,ns3,899,0.5,10,12,28,1,1,[59.995550611790875],[1016048],,,17,54,
2026_07_29_02_32_08,000064,13,all-cavs,docs\doc_workspace\SGCP\artifacts\early_from_late_checkpoint_20260719\enable_coperception_early_from_attentive.yaml,fullperception_pcs,full-frame,grid,utility,utility,none,0,0,,singleton,20,,,,,,,5;13,13,,{},"{""13"": 13570}",0,59.995550611790875,10,40.0,60.0,,,,,,,0,,{},,2,ns3,899,0.5,10,12,28,1,1,[59.995550611790875],[1016048],,,12,55,
2026_07_29_02_32_08,000064,14,all-cavs,docs\doc_workspace\SGCP\artifacts\early_from_late_checkpoint_20260719\enable_coperception_early_from_attentive.yaml,fullperception_pcs,full-frame,grid,utility,utility,none,0,0,,singleton,20,,,,,,,14,14,,{},"{""14"": 14309}",0,59.995550611790875,10,40.0,60.0,,,,,,,0,,{},,2,ns3,899,0.5,10,12,28,1,1,[59.995550611790875],[1016048],,,3,7,
2026_07_29_02_32_08,000064,15,all-cavs,docs\doc_workspace\SGCP\artifacts\early_from_late_checkpoint_20260719\enable_coperception_early_from_attentive.yaml,fullperception_pcs,full-frame,grid,utility,utility,none,0,0,,singleton,20,,,,,,,6;15,15;6,6,"{""6"": 6}","{""6"": 6736, ""15"": 13466}",107776,59.995550611790875,10,40.0,60.0,,,,,,,1,1,"{""15"": 13466}",,2,ns3,899,0.5,10,12,28,1,1,[59.995550611790875],[1016048],6>15:0,,16,61,
2026_07_29_02_32_08,000064,16,all-cavs,docs\doc_workspace\SGCP\artifacts\early_from_late_checkpoint_20260719\enable_coperception_early_from_attentive.yaml,fullperception_pcs,full-frame,grid,utility,utility,none,0,0,,singleton,20,,,,,,,9;16,16,,{},"{""16"": 13804}",0,59.995550611790875,10,40.0,60.0,,,,,,,0,,{},,2,ns3,899,0.5,10,12,28,1,1,[59.995550611790875],[1016048],,,24,68,
2026_07_29_02_32_08,000064,17,all-cavs,docs\doc_workspace\SGCP\artifacts\early_from_late_checkpoint_20260719\enable_coperception_early_from_attentive.yaml,fullperception_pcs,full-frame,grid,utility,utility,none,0,0,,singleton,20,,,,,,,17;18,17,,{},"{""17"": 14138}",0,59.995550611790875,10,40.0,60.0,,,,,,,0,,{},,2,ns3,899,0.5,10,12,28,1,1,[59.995550611790875],[1016048],,,17,65,
2026_07_29_02_32_08,000064,18,all-cavs,docs\doc_workspace\SGCP\artifacts\early_from_late_checkpoint_20260719\enable_coperception_early_from_attentive.yaml,fullperception_pcs,full-frame,grid,utility,utility,none,0,0,,singleton,20,,,,,,,3;17;18,18;3;17,3;17,"{""3"": 6, ""17"": 12}","{""3"": 6742, ""17"": 6742, ""18"": 14230}",215744,59.995550611790875,10,40.0,60.0,,,,,,,1,1,"{""18"": 14230}",,2,ns3,899,0.5,10,12,28,1,1,[59.995550611790875],[1016048],3>18:0;17>18:4,,18,47,
2026_07_29_02_32_08,000064,19,all-cavs,docs\doc_workspace\SGCP\artifacts\early_from_late_checkpoint_20260719\enable_coperception_early_from_attentive.yaml,fullperception_pcs,full-frame,grid,utility,utility,none,0,0,,singleton,20,,,,,,,19;20,19,,{},"{""19"": 13703}",0,59.995550611790875,10,40.0,60.0,,,,,,,0,,{},,2,ns3,899,0.5,10,12,28,1,1,[59.995550611790875],[1016048],,,11,54,
2026_07_29_02_32_08,000064,20,all-cavs,docs\doc_workspace\SGCP\artifacts\early_from_late_checkpoint_20260719\enable_coperception_early_from_attentive.yaml,fullperception_pcs,full-frame,grid,utility,utility,none,0,0,,singleton,20,,,,,,,10;19;20,20;10;19,10;19,"{""10"": 3, ""19"": 46}","{""10"": 6742, ""19"": 3871, ""20"": 13917}",169808,59.995550611790875,10,40.0,60.0,,,,,,,1,1,"{""20"": 13917}",,2,ns3,899,0.5,10,12,28,1,1,[59.995550611790875],[1016048],10>20:2;19>20:9,,28,62,
2026_07_29_02_32_08,000066,1,all-cavs,docs\doc_workspace\SGCP\artifacts\early_from_late_checkpoint_20260719\enable_coperception_early_from_attentive.yaml,fullperception_pcs,full-frame,grid,utility,utility,none,0,0,,singleton,20,,,,,,,1;2;4,1;2;4,2;4,"{""2"": 24, ""4"": 6}","{""1"": 13953, ""2"": 3791, ""4"": 6739}",168480,59.995550611790875,10,40.0,60.0,,,,,,,1,1,"{""1"": 13953}",,2,ns3,899,0.5,10,12,28,1,1,[59.995550611790875],[937904],2>1:1;4>1:7,,27,72,
2026_07_29_02_32_08,000066,2,all-cavs,docs\doc_workspace\SGCP\artifacts\early_from_late_checkpoint_20260719\enable_coperception_early_from_attentive.yaml,fullperception_pcs,full-frame,grid,utility,utility,none,0,0,,singleton,20,,,,,,,1;2,2,,{},"{""2"": 13825}",0,59.995550611790875,10,40.0,60.0,,,,,,,0,,{},,2,ns3,899,0.5,10,12,28,1,1,[59.995550611790875],[937904],,,21,72,
2026_07_29_02_32_08,000066,3,all-cavs,docs\doc_workspace\SGCP\artifacts\early_from_late_checkpoint_20260719\enable_coperception_early_from_attentive.yaml,fullperception_pcs,full-frame,grid,utility,utility,none,0,0,,singleton,20,,,,,,,3;18,3,,{},"{""3"": 14131}",0,59.995550611790875,10,40.0,60.0,,,,,,,0,,{},,2,ns3,899,0.5,10,12,28,1,1,[59.995550611790875],[937904],,,19,65,
2026_07_29_02_32_08,000066,4,all-cavs,docs\doc_workspace\SGCP\artifacts\early_from_late_checkpoint_20260719\enable_coperception_early_from_attentive.yaml,fullperception_pcs,full-frame,grid,utility,utility,none,0,0,,singleton,20,,,,,,,1;4,4,,{},"{""4"": 13813}",0,59.995550611790875,10,40.0,60.0,,,,,,,0,,{},,2,ns3,899,0.5,10,12,28,1,1,[59.995550611790875],[937904],,,20,71,
2026_07_29_02_32_08,000066,5,all-cavs,docs\doc_workspace\SGCP\artifacts\early_from_late_checkpoint_20260719\enable_coperception_early_from_attentive.yaml,fullperception_pcs,full-frame,grid,utility,utility,none,0,0,,singleton,20,,,,,,,5;7;10,5;7;10,7;10,"{""7"": 7, ""10"": 33}","{""5"": 13943, ""7"": 6740, ""10"": 5731}",199536,59.995550611790875,10,40.0,60.0,,,,,,,1,1,"{""5"": 13943}",,2,ns3,899,0.5,10,12,28,1,1,[59.995550611790875],[937904],7>5:5;10>5:2,,28,47,
2026_07_29_02_32_08,000066,6,all-cavs,docs\doc_workspace\SGCP\artifacts\early_from_late_checkpoint_20260719\enable_coperception_early_from_attentive.yaml,fullperception_pcs,full-frame,grid,utility,utility,none,0,0,,singleton,20,,,,,,,6;15,6,,{},"{""6"": 13048}",0,59.995550611790875,10,40.0,60.0,,,,,,,0,,{},,2,ns3,899,0.5,10,12,28,1,1,[59.995550611790875],[937904],,,12,50,
2026_07_29_02_32_08,000066,7,all-cavs,docs\doc_workspace\SGCP\artifacts\early_from_late_checkpoint_20260719\enable_coperception_early_from_attentive.yaml,fullperception_pcs,full-frame,grid,utility,utility,none,0,0,,singleton,20,,,,,,,5;7,7,,{},"{""7"": 13940}",0,59.995550611790875,10,40.0,60.0,,,,,,,0,,{},,2,ns3,899,0.5,10,12,28,1,1,[59.995550611790875],[937904],,,25,51,
2026_07_29_02_32_08,000066,8,all-cavs,docs\doc_workspace\SGCP\artifacts\early_from_late_checkpoint_20260719\enable_coperception_early_from_attentive.yaml,fullperception_pcs,full-frame,grid,utility,utility,none,0,0,,singleton,20,,,,,,,8;11,8,,{},"{""8"": 13743}",0,59.995550611790875,10,40.0,60.0,,,,,,,0,,{},,2,ns3,899,0.5,10,12,28,1,1,[59.995550611790875],[937904],,,23,47,
2026_07_29_02_32_08,000066,9,all-cavs,docs\doc_workspace\SGCP\artifacts\early_from_late_checkpoint_20260719\enable_coperception_early_from_attentive.yaml,fullperception_pcs,full-frame,grid,utility,utility,none,0,0,,singleton,20,,,,,,,9;16,9;16,16,"{""16"": 4}","{""9"": 13815, ""16"": 6741}",107856,59.995550611790875,10,40.0,60.0,,,,,,,1,1,"{""9"": 13815}",,2,ns3,899,0.5,10,12,28,1,1,[59.995550611790875],[937904],16>9:6,,21,53,
2026_07_29_02_32_08,000066,10,all-cavs,docs\doc_workspace\SGCP\artifacts\early_from_late_checkpoint_20260719\enable_coperception_early_from_attentive.yaml,fullperception_pcs,full-frame,grid,utility,utility,none,0,0,,singleton,20,,,,,,,5;10,10,,{},"{""10"": 14050}",0,59.995550611790875,10,40.0,60.0,,,,,,,0,,{},,2,ns3,899,0.5,10,12,28,1,1,[59.995550611790875],[937904],,,23,67,
2026_07_29_02_32_08,000066,11,all-cavs,docs\doc_workspace\SGCP\artifacts\early_from_late_checkpoint_20260719\enable_coperception_early_from_attentive.yaml,fullperception_pcs,full-frame,grid,utility,utility,none,0,0,,singleton,20,,,,,,,8;11,11;8,8,"{""8"": 23}","{""8"": 1912, ""11"": 13866}",30592,59.995550611790875,10,40.0,60.0,,,,,,,1,1,"{""11"": 13866}",,2,ns3,899,0.5,10,12,28,1,1,[59.995550611790875],[937904],8>11:3,,22,69,
2026_07_29_02_32_08,000066,12,all-cavs,docs\doc_workspace\SGCP\artifacts\early_from_late_checkpoint_20260719\enable_coperception_early_from_attentive.yaml,fullperception_pcs,full-frame,grid,utility,utility,none,0,0,,singleton,20,,,,,,,12,12,,{},"{""12"": 13863}",0,59.995550611790875,10,40.0,60.0,,,,,,,0,,{},,2,ns3,899,0.5,10,12,28,1,1,[59.995550611790875],[937904],,,13,54,
2026_07_29_02_32_08,000066,13,all-cavs,docs\doc_workspace\SGCP\artifacts\early_from_late_checkpoint_20260719\enable_coperception_early_from_attentive.yaml,fullperception_pcs,full-frame,grid,utility,utility,none,0,0,,singleton,20,,,,,,,13,13,,{},"{""13"": 13570}",0,59.995550611790875,10,40.0,60.0,,,,,,,0,,{},,2,ns3,899,0.5,10,12,28,1,1,[59.995550611790875],[937904],,,12,55,
2026_07_29_02_32_08,000066,14,all-cavs,docs\doc_workspace\SGCP\artifacts\early_from_late_checkpoint_20260719\enable_coperception_early_from_attentive.yaml,fullperception_pcs,full-frame,grid,utility,utility,none,0,0,,singleton,20,,,,,,,14,14,,{},"{""14"": 14292}",0,59.995550611790875,10,40.0,60.0,,,,,,,0,,{},,2,ns3,899,0.5,10,12,28,1,1,[59.995550611790875],[937904],,,3,7,
2026_07_29_02_32_08,000066,15,all-cavs,docs\doc_workspace\SGCP\artifacts\early_from_late_checkpoint_20260719\enable_coperception_early_from_attentive.yaml,fullperception_pcs,full-frame,grid,utility,utility,none,0,0,,singleton,20,,,,,,,6;15,15;6,6,"{""6"": 8}","{""6"": 6742, ""15"": 13477}",107872,59.995550611790875,10,40.0,60.0,,,,,,,1,1,"{""15"": 13477}",,2,ns3,899,0.5,10,12,28,1,1,[59.995550611790875],[937904],6>15:0,,16,61,
2026_07_29_02_32_08,000066,16,all-cavs,docs\doc_workspace\SGCP\artifacts\early_from_late_checkpoint_20260719\enable_coperception_early_from_attentive.yaml,fullperception_pcs,full-frame,grid,utility,utility,none,0,0,,singleton,20,,,,,,,9;16,16,,{},"{""16"": 13800}",0,59.995550611790875,10,40.0,60.0,,,,,,,0,,{},,2,ns3,899,0.5,10,12,28,1,1,[59.995550611790875],[937904],,,23,68,
2026_07_29_02_32_08,000066,17,all-cavs,docs\doc_workspace\SGCP\artifacts\early_from_late_checkpoint_20260719\enable_coperception_early_from_attentive.yaml,fullperception_pcs,full-frame,grid,utility,utility,none,0,0,,singleton,20,,,,,,,17;18,17,,{},"{""17"": 14142}",0,59.995550611790875,10,40.0,60.0,,,,,,,0,,{},,2,ns3,899,0.5,10,12,28,1,1,[59.995550611790875],[937904],,,19,65,
2026_07_29_02_32_08,000066,18,all-cavs,docs\doc_workspace\SGCP\artifacts\early_from_late_checkpoint_20260719\enable_coperception_early_from_attentive.yaml,fullperception_pcs,full-frame,grid,utility,utility,none,0,0,,singleton,20,,,,,,,3;17;18,18;3;17,3;17,"{""3"": 3, ""17"": 11}","{""3"": 6742, ""17"": 6742, ""18"": 14247}",215744,59.995550611790875,10,40.0,60.0,,,,,,,1,1,"{""18"": 14247}",,2,ns3,899,0.5,10,12,28,1,1,[59.995550611790875],[937904],3>18:0;17>18:4,,17,47,
2026_07_29_02_32_08,000066,19,all-cavs,docs\doc_workspace\SGCP\artifacts\early_from_late_checkpoint_20260719\enable_coperception_early_from_attentive.yaml,fullperception_pcs,full-frame,grid,utility,utility,none,0,0,,singleton,20,,,,,,,19;20,19;20,20,"{""20"": 19}","{""19"": 13700, ""20"": 6739}",107824,59.995550611790875,10,40.0,60.0,,,,,,,1,1,"{""19"": 13700}",,2,ns3,899,0.5,10,12,28,1,1,[59.995550611790875],[937904],20>19:8,,21,54,
2026_07_29_02_32_08,000066,20,all-cavs,docs\doc_workspace\SGCP\artifacts\early_from_late_checkpoint_20260719\enable_coperception_early_from_attentive.yaml,fullperception_pcs,full-frame,grid,utility,utility,none,0,0,,singleton,20,,,,,,,19;20,20,,{},"{""20"": 13915}",0,59.995550611790875,10,40.0,60.0,,,,,,,0,,{},,2,ns3,899,0.5,10,12,28,1,1,[59.995550611790875],[937904],,,24,62,
2026_07_29_02_32_08,000068,1,all-cavs,docs\doc_workspace\SGCP\artifacts\early_from_late_checkpoint_20260719\enable_coperception_early_from_attentive.yaml,fullperception_pcs,full-frame,grid,utility,utility,none,0,0,,singleton,20,,,,,,,1;2;4,1;2;4,2;4,"{""2"": 24, ""4"": 7}","{""1"": 13961, ""2"": 3801, ""4"": 6741}",168672,59.995550611790875,10,40.0,60.0,,,,,,,1,1,"{""1"": 13961}",,2,ns3,899,0.5,10,12,28,1,1,[59.995550611790875],[938624],2>1:1;4>1:7,,30,72,
2026_07_29_02_32_08,000068,2,all-cavs,docs\doc_workspace\SGCP\artifacts\early_from_late_checkpoint_20260719\enable_coperception_early_from_attentive.yaml,fullperception_pcs,full-frame,grid,utility,utility,none,0,0,,singleton,20,,,,,,,1;2,2,,{},"{""2"": 13833}",0,59.995550611790875,10,40.0,60.0,,,,,,,0,,{},,2,ns3,899,0.5,10,12,28,1,1,[59.995550611790875],[938624],,,21,72,
2026_07_29_02_32_08,000068,3,all-cavs,docs\doc_workspace\SGCP\artifacts\early_from_late_checkpoint_20260719\enable_coperception_early_from_attentive.yaml,fullperception_pcs,full-frame,grid,utility,utility,none,0,0,,singleton,20,,,,,,,3;18,3,,{},"{""3"": 14123}",0,59.995550611790875,10,40.0,60.0,,,,,,,0,,{},,2,ns3,899,0.5,10,12,28,1,1,[59.995550611790875],[938624],,,18,65,
2026_07_29_02_32_08,000068,4,all-cavs,docs\doc_workspace\SGCP\artifacts\early_from_late_checkpoint_20260719\enable_coperception_early_from_attentive.yaml,fullperception_pcs,full-frame,grid,utility,utility,none,0,0,,singleton,20,,,,,,,1;4,4,,{},"{""4"": 13791}",0,59.995550611790875,10,40.0,60.0,,,,,,,0,,{},,2,ns3,899,0.5,10,12,28,1,1,[59.995550611790875],[938624],,,17,70,
2026_07_29_02_32_08,000068,5,all-cavs,docs\doc_workspace\SGCP\artifacts\early_from_late_checkpoint_20260719\enable_coperception_early_from_attentive.yaml,fullperception_pcs,full-frame,grid,utility,utility,none,0,0,,singleton,20,,,,,,,5;7;10,5;7;10,7;10,"{""7"": 7, ""10"": 32}","{""5"": 13943, ""7"": 6739, ""10"": 5777}",200256,59.995550611790875,10,40.0,60.0,,,,,,,1,1,"{""5"": 13943}",,2,ns3,899,0.5,10,12,28,1,1,[59.995550611790875],[938624],7>5:5;10>5:2,,28,47,
2026_07_29_02_32_08,000068,6,all-cavs,docs\doc_workspace\SGCP\artifacts\early_from_late_checkpoint_20260719\enable_coperception_early_from_attentive.yaml,fullperception_pcs,full-frame,grid,utility,utility,none,0,0,,singleton,20,,,,,,,6;15,6,,{},"{""6"": 13088}",0,59.995550611790875,10,40.0,60.0,,,,,,,0,,{},,2,ns3,899,0.5,10,12,28,1,1,[59.995550611790875],[938624],,,13,50,
2026_07_29_02_32_08,000068,7,all-cavs,docs\doc_workspace\SGCP\artifacts\early_from_late_checkpoint_20260719\enable_coperception_early_from_attentive.yaml,fullperception_pcs,full-frame,grid,utility,utility,none,0,0,,singleton,20,,,,,,,5;7,7,,{},"{""7"": 13949}",0,59.995550611790875,10,40.0,60.0,,,,,,,0,,{},,2,ns3,899,0.5,10,12,28,1,1,[59.995550611790875],[938624],,,21,51,
2026_07_29_02_32_08,000068,8,all-cavs,docs\doc_workspace\SGCP\artifacts\early_from_late_checkpoint_20260719\enable_coperception_early_from_attentive.yaml,fullperception_pcs,full-frame,grid,utility,utility,none,0,0,,singleton,20,,,,,,,8;11,8,,{},"{""8"": 13743}",0,59.995550611790875,10,40.0,60.0,,,,,,,0,,{},,2,ns3,899,0.5,10,12,28,1,1,[59.995550611790875],[938624],,,21,47,
2026_07_29_02_32_08,000068,9,all-cavs,docs\doc_workspace\SGCP\artifacts\early_from_late_checkpoint_20260719\enable_coperception_early_from_attentive.yaml,fullperception_pcs,full-frame,grid,utility,utility,none,0,0,,singleton,20,,,,,,,9;16,9;16,16,"{""16"": 4}","{""9"": 13817, ""16"": 6742}",107872,59.995550611790875,10,40.0,60.0,,,,,,,1,1,"{""9"": 13817}",,2,ns3,899,0.5,10,12,28,1,1,[59.995550611790875],[938624],16>9:6,,20,53,
2026_07_29_02_32_08,000068,10,all-cavs,docs\doc_workspace\SGCP\artifacts\early_from_late_checkpoint_20260719\enable_coperception_early_from_attentive.yaml,fullperception_pcs,full-frame,grid,utility,utility,none,0,0,,singleton,20,,,,,,,5;10,10,,{},"{""10"": 14059}",0,59.995550611790875,10,40.0,60.0,,,,,,,0,,{},,2,ns3,899,0.5,10,12,28,1,1,[59.995550611790875],[938624],,,20,67,
2026_07_29_02_32_08,000068,11,all-cavs,docs\doc_workspace\SGCP\artifacts\early_from_late_checkpoint_20260719\enable_coperception_early_from_attentive.yaml,fullperception_pcs,full-frame,grid,utility,utility,none,0,0,,singleton,20,,,,,,,8;11,11;8,8,"{""8"": 23}","{""8"": 1904, ""11"": 13865}",30464,59.995550611790875,10,40.0,60.0,,,,,,,1,1,"{""11"": 13865}",,2,ns3,899,0.5,10,12,28,1,1,[59.995550611790875],[938624],8>11:3,,21,69,
2026_07_29_02_32_08,000068,12,all-cavs,docs\doc_workspace\SGCP\artifacts\early_from_late_checkpoint_20260719\enable_coperception_early_from_attentive.yaml,fullperception_pcs,full-frame,grid,utility,utility,none,0,0,,singleton,20,,,,,,,12,12,,{},"{""12"": 13886}",0,59.995550611790875,10,40.0,60.0,,,,,,,0,,{},,2,ns3,899,0.5,10,12,28,1,1,[59.995550611790875],[938624],,,14,54,
2026_07_29_02_32_08,000068,13,all-cavs,docs\doc_workspace\SGCP\artifacts\early_from_late_checkpoint_20260719\enable_coperception_early_from_attentive.yaml,fullperception_pcs,full-frame,grid,utility,utility,none,0,0,,singleton,20,,,,,,,13,13,,{},"{""13"": 13572}",0,59.995550611790875,10,40.0,60.0,,,,,,,0,,{},,2,ns3,899,0.5,10,12,28,1,1,[59.995550611790875],[938624],,,12,55,
2026_07_29_02_32_08,000068,14,all-cavs,docs\doc_workspace\SGCP\artifacts\early_from_late_checkpoint_20260719\enable_coperception_early_from_attentive.yaml,fullperception_pcs,full-frame,grid,utility,utility,none,0,0,,singleton,20,,,,,,,14,14,,{},"{""14"": 14299}",0,59.995550611790875,10,40.0,60.0,,,,,,,0,,{},,2,ns3,899,0.5,10,12,28,1,1,[59.995550611790875],[938624],,,3,7,
2026_07_29_02_32_08,000068,15,all-cavs,docs\doc_workspace\SGCP\artifacts\early_from_late_checkpoint_20260719\enable_coperception_early_from_attentive.yaml,fullperception_pcs,full-frame,grid,utility,utility,none,0,0,,singleton,20,,,,,,,6;15,15;6,6,"{""6"": 9}","{""6"": 6734, ""15"": 13482}",107744,59.995550611790875,10,40.0,60.0,,,,,,,1,1,"{""15"": 13482}",,2,ns3,899,0.5,10,12,28,1,1,[59.995550611790875],[938624],6>15:0,,16,62,
2026_07_29_02_32_08,000068,16,all-cavs,docs\doc_workspace\SGCP\artifacts\early_from_late_checkpoint_20260719\enable_coperception_early_from_attentive.yaml,fullperception_pcs,full-frame,grid,utility,utility,none,0,0,,singleton,20,,,,,,,9;16,16,,{},"{""16"": 13828}",0,59.995550611790875,10,40.0,60.0,,,,,,,0,,{},,2,ns3,899,0.5,10,12,28,1,1,[59.995550611790875],[938624],,,22,69,
2026_07_29_02_32_08,000068,17,all-cavs,docs\doc_workspace\SGCP\artifacts\early_from_late_checkpoint_20260719\enable_coperception_early_from_attentive.yaml,fullperception_pcs,full-frame,grid,utility,utility,none,0,0,,singleton,20,,,,,,,17;18,17,,{},"{""17"": 14134}",0,59.995550611790875,10,40.0,60.0,,,,,,,0,,{},,2,ns3,899,0.5,10,12,28,1,1,[59.995550611790875],[938624],,,16,65,
2026_07_29_02_32_08,000068,18,all-cavs,docs\doc_workspace\SGCP\artifacts\early_from_late_checkpoint_20260719\enable_coperception_early_from_attentive.yaml,fullperception_pcs,full-frame,grid,utility,utility,none,0,0,,singleton,20,,,,,,,3;17;18,18;3;17,3;17,"{""3"": 5, ""17"": 10}","{""3"": 6742, ""17"": 6742, ""18"": 14222}",215744,59.995550611790875,10,40.0,60.0,,,,,,,1,1,"{""18"": 14222}",,2,ns3,899,0.5,10,12,28,1,1,[59.995550611790875],[938624],3>18:0;17>18:4,,16,47,
2026_07_29_02_32_08,000068,19,all-cavs,docs\doc_workspace\SGCP\artifacts\early_from_late_checkpoint_20260719\enable_coperception_early_from_attentive.yaml,fullperception_pcs,full-frame,grid,utility,utility,none,0,0,,singleton,20,,,,,,,19;20,19;20,20,"{""20"": 18}","{""19"": 13694, ""20"": 6742}",107872,59.995550611790875,10,40.0,60.0,,,,,,,1,1,"{""19"": 13694}",,2,ns3,899,0.5,10,12,28,1,1,[59.995550611790875],[938624],20>19:8,,22,54,
2026_07_29_02_32_08,000068,20,all-cavs,docs\doc_workspace\SGCP\artifacts\early_from_late_checkpoint_20260719\enable_coperception_early_from_attentive.yaml,fullperception_pcs,full-frame,grid,utility,utility,none,0,0,,singleton,20,,,,,,,19;20,20,,{},"{""20"": 13918}",0,59.995550611790875,10,40.0,60.0,,,,,,,0,,{},,2,ns3,899,0.5,10,12,28,1,1,[59.995550611790875],[938624],,,25,62,
2026_07_29_02_32_08,000070,1,all-cavs,docs\doc_workspace\SGCP\artifacts\early_from_late_checkpoint_20260719\enable_coperception_early_from_attentive.yaml,fullperception_pcs,full-frame,grid,utility,utility,none,0,0,,singleton,20,,,,,,,1;4,1;4,4,"{""4"": 6}","{""1"": 13972, ""4"": 6739}",107824,59.995550611790875,10,40.0,60.0,,,,,,,1,1,"{""1"": 13972}",,2,ns3,899,0.5,10,12,28,1,1,[59.995550611790875],[878464],4>1:6,,28,72,
2026_07_29_02_32_08,000070,2,all-cavs,docs\doc_workspace\SGCP\artifacts\early_from_late_checkpoint_20260719\enable_coperception_early_from_attentive.yaml,fullperception_pcs,full-frame,grid,utility,utility,none,0,0,,singleton,20,,,,,,,2,2,,{},"{""2"": 13827}",0,59.995550611790875,10,40.0,60.0,,,,,,,0,,{},,2,ns3,899,0.5,10,12,28,1,1,[59.995550611790875],[878464],,,22,72,
2026_07_29_02_32_08,000070,3,all-cavs,docs\doc_workspace\SGCP\artifacts\early_from_late_checkpoint_20260719\enable_coperception_early_from_attentive.yaml,fullperception_pcs,full-frame,grid,utility,utility,none,0,0,,singleton,20,,,,,,,3;18,3,,{},"{""3"": 14097}",0,59.995550611790875,10,40.0,60.0,,,,,,,0,,{},,2,ns3,899,0.5,10,12,28,1,1,[59.995550611790875],[878464],,,18,65,
2026_07_29_02_32_08,000070,4,all-cavs,docs\doc_workspace\SGCP\artifacts\early_from_late_checkpoint_20260719\enable_coperception_early_from_attentive.yaml,fullperception_pcs,full-frame,grid,utility,utility,none,0,0,,singleton,20,,,,,,,1;4,4,,{},"{""4"": 13808}",0,59.995550611790875,10,40.0,60.0,,,,,,,0,,{},,2,ns3,899,0.5,10,12,28,1,1,[59.995550611790875],[878464],,,21,71,
2026_07_29_02_32_08,000070,5,all-cavs,docs\doc_workspace\SGCP\artifacts\early_from_late_checkpoint_20260719\enable_coperception_early_from_attentive.yaml,fullperception_pcs,full-frame,grid,utility,utility,none,0,0,,singleton,20,,,,,,,5;7;10,5;7;10,7;10,"{""7"": 8, ""10"": 32}","{""5"": 13943, ""7"": 6741, ""10"": 5816}",200912,59.995550611790875,10,40.0,60.0,,,,,,,1,1,"{""5"": 13943}",,2,ns3,899,0.5,10,12,28,1,1,[59.995550611790875],[878464],7>5:4;10>5:1,,27,47,
2026_07_29_02_32_08,000070,6,all-cavs,docs\doc_workspace\SGCP\artifacts\early_from_late_checkpoint_20260719\enable_coperception_early_from_attentive.yaml,fullperception_pcs,full-frame,grid,utility,utility,none,0,0,,singleton,20,,,,,,,6;15,6,,{},"{""6"": 13093}",0,59.995550611790875,10,40.0,60.0,,,,,,,0,,{},,2,ns3,899,0.5,10,12,28,1,1,[59.995550611790875],[878464],,,12,50,
2026_07_29_02_32_08,000070,7,all-cavs,docs\doc_workspace\SGCP\artifacts\early_from_late_checkpoint_20260719\enable_coperception_early_from_attentive.yaml,fullperception_pcs,full-frame,grid,utility,utility,none,0,0,,singleton,20,,,,,,,5;7,7,,{},"{""7"": 13960}",0,59.995550611790875,10,40.0,60.0,,,,,,,0,,{},,2,ns3,899,0.5,10,12,28,1,1,[59.995550611790875],[878464],,,21,51,
2026_07_29_02_32_08,000070,8,all-cavs,docs\doc_workspace\SGCP\artifacts\early_from_late_checkpoint_20260719\enable_coperception_early_from_attentive.yaml,fullperception_pcs,full-frame,grid,utility,utility,none,0,0,,singleton,20,,,,,,,8;11,8,,{},"{""8"": 13746}",0,59.995550611790875,10,40.0,60.0,,,,,,,0,,{},,2,ns3,899,0.5,10,12,28,1,1,[59.995550611790875],[878464],,,22,47,
2026_07_29_02_32_08,000070,9,all-cavs,docs\doc_workspace\SGCP\artifacts\early_from_late_checkpoint_20260719\enable_coperception_early_from_attentive.yaml,fullperception_pcs,full-frame,grid,utility,utility,none,0,0,,singleton,20,,,,,,,9;16,9;16,16,"{""16"": 5}","{""9"": 13816, ""16"": 6741}",107856,59.995550611790875,10,40.0,60.0,,,,,,,1,1,"{""9"": 13816}",,2,ns3,899,0.5,10,12,28,1,1,[59.995550611790875],[878464],16>9:5,,20,53,
2026_07_29_02_32_08,000070,10,all-cavs,docs\doc_workspace\SGCP\artifacts\early_from_late_checkpoint_20260719\enable_coperception_early_from_attentive.yaml,fullperception_pcs,full-frame,grid,utility,utility,none,0,0,,singleton,20,,,,,,,5;10,10,,{},"{""10"": 14027}",0,59.995550611790875,10,40.0,60.0,,,,,,,0,,{},,2,ns3,899,0.5,10,12,28,1,1,[59.995550611790875],[878464],,,22,66,
2026_07_29_02_32_08,000070,11,all-cavs,docs\doc_workspace\SGCP\artifacts\early_from_late_checkpoint_20260719\enable_coperception_early_from_attentive.yaml,fullperception_pcs,full-frame,grid,utility,utility,none,0,0,,singleton,20,,,,,,,8;11,11;8,8,"{""8"": 23}","{""8"": 1901, ""11"": 13862}",30416,59.995550611790875,10,40.0,60.0,,,,,,,1,1,"{""11"": 13862}",,2,ns3,899,0.5,10,12,28,1,1,[59.995550611790875],[878464],8>11:2,,19,69,
2026_07_29_02_32_08,000070,12,all-cavs,docs\doc_workspace\SGCP\artifacts\early_from_late_checkpoint_20260719\enable_coperception_early_from_attentive.yaml,fullperception_pcs,full-frame,grid,utility,utility,none,0,0,,singleton,20,,,,,,,12,12,,{},"{""12"": 13891}",0,59.995550611790875,10,40.0,60.0,,,,,,,0,,{},,2,ns3,899,0.5,10,12,28,1,1,[59.995550611790875],[878464],,,12,54,
2026_07_29_02_32_08,000070,13,all-cavs,docs\doc_workspace\SGCP\artifacts\early_from_late_checkpoint_20260719\enable_coperception_early_from_attentive.yaml,fullperception_pcs,full-frame,grid,utility,utility,none,0,0,,singleton,20,,,,,,,13,13,,{},"{""13"": 13574}",0,59.995550611790875,10,40.0,60.0,,,,,,,0,,{},,2,ns3,899,0.5,10,12,28,1,1,[59.995550611790875],[878464],,,12,55,
2026_07_29_02_32_08,000070,14,all-cavs,docs\doc_workspace\SGCP\artifacts\early_from_late_checkpoint_20260719\enable_coperception_early_from_attentive.yaml,fullperception_pcs,full-frame,grid,utility,utility,none,0,0,,singleton,20,,,,,,,14,14,,{},"{""14"": 14308}",0,59.995550611790875,10,40.0,60.0,,,,,,,0,,{},,2,ns3,899,0.5,10,12,28,1,1,[59.995550611790875],[878464],,,3,7,
2026_07_29_02_32_08,000070,15,all-cavs,docs\doc_workspace\SGCP\artifacts\early_from_late_checkpoint_20260719\enable_coperception_early_from_attentive.yaml,fullperception_pcs,full-frame,grid,utility,utility,none,0,0,,singleton,20,,,,,,,6;15,15;6,6,"{""6"": 13}","{""6"": 6742, ""15"": 13489}",107872,59.995550611790875,10,40.0,60.0,,,,,,,1,1,"{""15"": 13489}",,2,ns3,899,0.5,10,12,28,1,1,[59.995550611790875],[878464],6>15:0,,17,62,
2026_07_29_02_32_08,000070,16,all-cavs,docs\doc_workspace\SGCP\artifacts\early_from_late_checkpoint_20260719\enable_coperception_early_from_attentive.yaml,fullperception_pcs,full-frame,grid,utility,utility,none,0,0,,singleton,20,,,,,,,9;16,16,,{},"{""16"": 13833}",0,59.995550611790875,10,40.0,60.0,,,,,,,0,,{},,2,ns3,899,0.5,10,12,28,1,1,[59.995550611790875],[878464],,,26,69,
2026_07_29_02_32_08,000070,17,all-cavs,docs\doc_workspace\SGCP\artifacts\early_from_late_checkpoint_20260719\enable_coperception_early_from_attentive.yaml,fullperception_pcs,full-frame,grid,utility,utility,none,0,0,,singleton,20,,,,,,,17;18,17,,{},"{""17"": 14129}",0,59.995550611790875,10,40.0,60.0,,,,,,,0,,{},,2,ns3,899,0.5,10,12,28,1,1,[59.995550611790875],[878464],,,19,65,
2026_07_29_02_32_08,000070,18,all-cavs,docs\doc_workspace\SGCP\artifacts\early_from_late_checkpoint_20260719\enable_coperception_early_from_attentive.yaml,fullperception_pcs,full-frame,grid,utility,utility,none,0,0,,singleton,20,,,,,,,3;17;18,18;3;17,3;17,"{""3"": 6, ""17"": 9}","{""3"": 6742, ""17"": 6741, ""18"": 14222}",215728,59.995550611790875,10,40.0,60.0,,,,,,,1,1,"{""18"": 14222}",,2,ns3,899,0.5,10,12,28,1,1,[59.995550611790875],[878464],3>18:0;17>18:3,,18,46,
2026_07_29_02_32_08,000070,19,all-cavs,docs\doc_workspace\SGCP\artifacts\early_from_late_checkpoint_20260719\enable_coperception_early_from_attentive.yaml,fullperception_pcs,full-frame,grid,utility,utility,none,0,0,,singleton,20,,,,,,,19;20,19;20,20,"{""20"": 18}","{""19"": 13707, ""20"": 6741}",107856,59.995550611790875,10,40.0,60.0,,,,,,,1,1,"{""19"": 13707}",,2,ns3,899,0.5,10,12,28,1,1,[59.995550611790875],[878464],20>19:7,,22,54,
2026_07_29_02_32_08,000070,20,all-cavs,docs\doc_workspace\SGCP\artifacts\early_from_late_checkpoint_20260719\enable_coperception_early_from_attentive.yaml,fullperception_pcs,full-frame,grid,utility,utility,none,0,0,,singleton,20,,,,,,,19;20,20,,{},"{""20"": 13917}",0,59.995550611790875,10,40.0,60.0,,,,,,,0,,{},,2,ns3,899,0.5,10,12,28,1,1,[59.995550611790875],[878464],,,25,62,
2026_07_29_02_32_08,000072,1,all-cavs,docs\doc_workspace\SGCP\artifacts\early_from_late_checkpoint_20260719\enable_coperception_early_from_attentive.yaml,fullperception_pcs,full-frame,grid,utility,utility,none,0,0,,singleton,20,,,,,,,1;4,1;4,4,"{""4"": 6}","{""1"": 13979, ""4"": 6742}",107872,59.995550611790875,10,40.0,60.0,,,,,,,1,1,"{""1"": 13979}",,2,ns3,899,0.5,10,12,28,1,1,[59.995550611790875],[782272],4>1:6,,30,71,
2026_07_29_02_32_08,000072,2,all-cavs,docs\doc_workspace\SGCP\artifacts\early_from_late_checkpoint_20260719\enable_coperception_early_from_attentive.yaml,fullperception_pcs,full-frame,grid,utility,utility,none,0,0,,singleton,20,,,,,,,2,2,,{},"{""2"": 13830}",0,59.995550611790875,10,40.0,60.0,,,,,,,0,,{},,2,ns3,899,0.5,10,12,28,1,1,[59.995550611790875],[782272],,,21,72,
2026_07_29_02_32_08,000072,3,all-cavs,docs\doc_workspace\SGCP\artifacts\early_from_late_checkpoint_20260719\enable_coperception_early_from_attentive.yaml,fullperception_pcs,full-frame,grid,utility,utility,none,0,0,,singleton,20,,,,,,,3;18,3,,{},"{""3"": 14068}",0,59.995550611790875,10,40.0,60.0,,,,,,,0,,{},,2,ns3,899,0.5,10,12,28,1,1,[59.995550611790875],[782272],,,19,65,
2026_07_29_02_32_08,000072,4,all-cavs,docs\doc_workspace\SGCP\artifacts\early_from_late_checkpoint_20260719\enable_coperception_early_from_attentive.yaml,fullperception_pcs,full-frame,grid,utility,utility,none,0,0,,singleton,20,,,,,,,1;4,4,,{},"{""4"": 13811}",0,59.995550611790875,10,40.0,60.0,,,,,,,0,,{},,2,ns3,899,0.5,10,12,28,1,1,[59.995550611790875],[782272],,,17,71,
2026_07_29_02_32_08,000072,5,all-cavs,docs\doc_workspace\SGCP\artifacts\early_from_late_checkpoint_20260719\enable_coperception_early_from_attentive.yaml,fullperception_pcs,full-frame,grid,utility,utility,none,0,0,,singleton,20,,,,,,,5;7;10,5;7;10,7;10,"{""7"": 8, ""10"": 33}","{""5"": 13965, ""7"": 6739, ""10"": 5879}",201888,59.995550611790875,10,40.0,60.0,,,,,,,1,1,"{""5"": 13965}",,2,ns3,899,0.5,10,12,28,1,1,[59.995550611790875],[782272],7>5:4;10>5:1,,29,47,
2026_07_29_02_32_08,000072,6,all-cavs,docs\doc_workspace\SGCP\artifacts\early_from_late_checkpoint_20260719\enable_coperception_early_from_attentive.yaml,fullperception_pcs,full-frame,grid,utility,utility,none,0,0,,singleton,20,,,,,,,6;15,6;15,15,"{""15"": 9}","{""6"": 13135, ""15"": 677}",10832,59.995550611790875,10,40.0,60.0,,,,,,,1,1,"{""6"": 13135}",,2,ns3,899,0.5,10,12,28,1,1,[59.995550611790875],[782272],15>6:0,,16,50,
2026_07_29_02_32_08,000072,7,all-cavs,docs\doc_workspace\SGCP\artifacts\early_from_late_checkpoint_20260719\enable_coperception_early_from_attentive.yaml,fullperception_pcs,full-frame,grid,utility,utility,none,0,0,,singleton,20,,,,,,,5;7,7,,{},"{""7"": 13959}",0,59.995550611790875,10,40.0,60.0,,,,,,,0,,{},,2,ns3,899,0.5,10,12,28,1,1,[59.995550611790875],[782272],,,22,51,
2026_07_29_02_32_08,000072,8,all-cavs,docs\doc_workspace\SGCP\artifacts\early_from_late_checkpoint_20260719\enable_coperception_early_from_attentive.yaml,fullperception_pcs,full-frame,grid,utility,utility,none,0,0,,singleton,20,,,,,,,8;11,8,,{},"{""8"": 13744}",0,59.995550611790875,10,40.0,60.0,,,,,,,0,,{},,2,ns3,899,0.5,10,12,28,1,1,[59.995550611790875],[782272],,,22,48,
2026_07_29_02_32_08,000072,9,all-cavs,docs\doc_workspace\SGCP\artifacts\early_from_late_checkpoint_20260719\enable_coperception_early_from_attentive.yaml,fullperception_pcs,full-frame,grid,utility,utility,none,0,0,,singleton,20,,,,,,,9;16,9;16,16,"{""16"": 7}","{""9"": 13817, ""16"": 6742}",107872,59.995550611790875,10,40.0,60.0,,,,,,,1,1,"{""9"": 13817}",,2,ns3,899,0.5,10,12,28,1,1,[59.995550611790875],[782272],16>9:5,,22,53,
2026_07_29_02_32_08,000072,10,all-cavs,docs\doc_workspace\SGCP\artifacts\early_from_late_checkpoint_20260719\enable_coperception_early_from_attentive.yaml,fullperception_pcs,full-frame,grid,utility,utility,none,0,0,,singleton,20,,,,,,,5;10,10,,{},"{""10"": 14033}",0,59.995550611790875,10,40.0,60.0,,,,,,,0,,{},,2,ns3,899,0.5,10,12,28,1,1,[59.995550611790875],[782272],,,22,68,
2026_07_29_02_32_08,000072,11,all-cavs,docs\doc_workspace\SGCP\artifacts\early_from_late_checkpoint_20260719\enable_coperception_early_from_attentive.yaml,fullperception_pcs,full-frame,grid,utility,utility,none,0,0,,singleton,20,,,,,,,8;11,11;8,8,"{""8"": 23}","{""8"": 1888, ""11"": 13861}",30208,59.995550611790875,10,40.0,60.0,,,,,,,1,1,"{""11"": 13861}",,2,ns3,899,0.5,10,12,28,1,1,[59.995550611790875],[782272],8>11:2,,22,68,
2026_07_29_02_32_08,000072,12,all-cavs,docs\doc_workspace\SGCP\artifacts\early_from_late_checkpoint_20260719\enable_coperception_early_from_attentive.yaml,fullperception_pcs,full-frame,grid,utility,utility,none,0,0,,singleton,20,,,,,,,12,12,,{},"{""12"": 13906}",0,59.995550611790875,10,40.0,60.0,,,,,,,0,,{},,2,ns3,899,0.5,10,12,28,1,1,[59.995550611790875],[782272],,,14,55,
2026_07_29_02_32_08,000072,13,all-cavs,docs\doc_workspace\SGCP\artifacts\early_from_late_checkpoint_20260719\enable_coperception_early_from_attentive.yaml,fullperception_pcs,full-frame,grid,utility,utility,none,0,0,,singleton,20,,,,,,,13,13,,{},"{""13"": 13566}",0,59.995550611790875,10,40.0,60.0,,,,,,,0,,{},,2,ns3,899,0.5,10,12,28,1,1,[59.995550611790875],[782272],,,11,55,
2026_07_29_02_32_08,000072,14,all-cavs,docs\doc_workspace\SGCP\artifacts\early_from_late_checkpoint_20260719\enable_coperception_early_from_attentive.yaml,fullperception_pcs,full-frame,grid,utility,utility,none,0,0,,singleton,20,,,,,,,14,14,,{},"{""14"": 14267}",0,59.995550611790875,10,40.0,60.0,,,,,,,0,,{},,2,ns3,899,0.5,10,12,28,1,1,[59.995550611790875],[782272],,,3,7,
2026_07_29_02_32_08,000072,15,all-cavs,docs\doc_workspace\SGCP\artifacts\early_from_late_checkpoint_20260719\enable_coperception_early_from_attentive.yaml,fullperception_pcs,full-frame,grid,utility,utility,none,0,0,,singleton,20,,,,,,,6;15,15,,{},"{""15"": 13501}",0,59.995550611790875,10,40.0,60.0,,,,,,,0,,{},,2,ns3,899,0.5,10,12,28,1,1,[59.995550611790875],[782272],,,16,62,
2026_07_29_02_32_08,000072,16,all-cavs,docs\doc_workspace\SGCP\artifacts\early_from_late_checkpoint_20260719\enable_coperception_early_from_attentive.yaml,fullperception_pcs,full-frame,grid,utility,utility,none,0,0,,singleton,20,,,,,,,9;16,16,,{},"{""16"": 13827}",0,59.995550611790875,10,40.0,60.0,,,,,,,0,,{},,2,ns3,899,0.5,10,12,28,1,1,[59.995550611790875],[782272],,,24,70,
2026_07_29_02_32_08,000072,17,all-cavs,docs\doc_workspace\SGCP\artifacts\early_from_late_checkpoint_20260719\enable_coperception_early_from_attentive.yaml,fullperception_pcs,full-frame,grid,utility,utility,none,0,0,,singleton,20,,,,,,,17;18,17,,{},"{""17"": 14140}",0,59.995550611790875,10,40.0,60.0,,,,,,,0,,{},,2,ns3,899,0.5,10,12,28,1,1,[59.995550611790875],[782272],,,19,65,
2026_07_29_02_32_08,000072,18,all-cavs,docs\doc_workspace\SGCP\artifacts\early_from_late_checkpoint_20260719\enable_coperception_early_from_attentive.yaml,fullperception_pcs,full-frame,grid,utility,utility,none,0,0,,singleton,20,,,,,,,3;17;18,18;3;17,3;17,"{""3"": 6, ""17"": 9}","{""3"": 6742, ""17"": 6742, ""18"": 14223}",215744,59.995550611790875,10,40.0,60.0,,,,,,,1,1,"{""18"": 14223}",,2,ns3,899,0.5,10,12,28,1,1,[59.995550611790875],[782272],3>18:0;17>18:3,,17,45,
2026_07_29_02_32_08,000072,19,all-cavs,docs\doc_workspace\SGCP\artifacts\early_from_late_checkpoint_20260719\enable_coperception_early_from_attentive.yaml,fullperception_pcs,full-frame,grid,utility,utility,none,0,0,,singleton,20,,,,,,,19;20,19;20,20,"{""20"": 18}","{""19"": 13702, ""20"": 6741}",107856,59.995550611790875,10,40.0,60.0,,,,,,,1,1,"{""19"": 13702}",,2,ns3,899,0.5,10,12,28,1,1,[59.995550611790875],[782272],20>19:7,,24,54,
2026_07_29_02_32_08,000072,20,all-cavs,docs\doc_workspace\SGCP\artifacts\early_from_late_checkpoint_20260719\enable_coperception_early_from_attentive.yaml,fullperception_pcs,full-frame,grid,utility,utility,none,0,0,,singleton,20,,,,,,,19;20,20,,{},"{""20"": 13917}",0,59.995550611790875,10,40.0,60.0,,,,,,,0,,{},,2,ns3,899,0.5,10,12,28,1,1,[59.995550611790875],[782272],,,24,61,
2026_07_29_02_32_08,000074,1,all-cavs,docs\doc_workspace\SGCP\artifacts\early_from_late_checkpoint_20260719\enable_coperception_early_from_attentive.yaml,fullperception_pcs,full-frame,grid,utility,utility,none,0,0,,singleton,20,,,,,,,1;4,1;4,4,"{""4"": 5}","{""1"": 13979, ""4"": 6742}",107872,59.995550611790875,10,40.0,60.0,,,,,,,1,1,"{""1"": 13979}",,2,ns3,899,0.5,10,12,28,1,1,[59.995550611790875],[783280],4>1:6,,29,70,
2026_07_29_02_32_08,000074,2,all-cavs,docs\doc_workspace\SGCP\artifacts\early_from_late_checkpoint_20260719\enable_coperception_early_from_attentive.yaml,fullperception_pcs,full-frame,grid,utility,utility,none,0,0,,singleton,20,,,,,,,2,2,,{},"{""2"": 13831}",0,59.995550611790875,10,40.0,60.0,,,,,,,0,,{},,2,ns3,899,0.5,10,12,28,1,1,[59.995550611790875],[783280],,,21,72,
2026_07_29_02_32_08,000074,3,all-cavs,docs\doc_workspace\SGCP\artifacts\early_from_late_checkpoint_20260719\enable_coperception_early_from_attentive.yaml,fullperception_pcs,full-frame,grid,utility,utility,none,0,0,,singleton,20,,,,,,,3;18,3,,{},"{""3"": 14058}",0,59.995550611790875,10,40.0,60.0,,,,,,,0,,{},,2,ns3,899,0.5,10,12,28,1,1,[59.995550611790875],[783280],,,20,65,
2026_07_29_02_32_08,000074,4,all-cavs,docs\doc_workspace\SGCP\artifacts\early_from_late_checkpoint_20260719\enable_coperception_early_from_attentive.yaml,fullperception_pcs,full-frame,grid,utility,utility,none,0,0,,singleton,20,,,,,,,1;4,4,,{},"{""4"": 13788}",0,59.995550611790875,10,40.0,60.0,,,,,,,0,,{},,2,ns3,899,0.5,10,12,28,1,1,[59.995550611790875],[783280],,,19,71,
2026_07_29_02_32_08,000074,5,all-cavs,docs\doc_workspace\SGCP\artifacts\early_from_late_checkpoint_20260719\enable_coperception_early_from_attentive.yaml,fullperception_pcs,full-frame,grid,utility,utility,none,0,0,,singleton,20,,,,,,,5;7;10,5;7;10,7;10,"{""7"": 8, ""10"": 33}","{""5"": 13965, ""7"": 6741, ""10"": 5929}",202720,59.995550611790875,10,40.0,60.0,,,,,,,1,1,"{""5"": 13965}",,2,ns3,899,0.5,10,12,28,1,1,[59.995550611790875],[783280],7>5:4;10>5:1,,27,47,
2026_07_29_02_32_08,000074,6,all-cavs,docs\doc_workspace\SGCP\artifacts\early_from_late_checkpoint_20260719\enable_coperception_early_from_attentive.yaml,fullperception_pcs,full-frame,grid,utility,utility,none,0,0,,singleton,20,,,,,,,6;15,6;15,15,"{""15"": 8}","{""6"": 13165, ""15"": 707}",11312,59.995550611790875,10,40.0,60.0,,,,,,,1,1,"{""6"": 13165}",,2,ns3,899,0.5,10,12,28,1,1,[59.995550611790875],[783280],15>6:0,,17,50,
2026_07_29_02_32_08,000074,7,all-cavs,docs\doc_workspace\SGCP\artifacts\early_from_late_checkpoint_20260719\enable_coperception_early_from_attentive.yaml,fullperception_pcs,full-frame,grid,utility,utility,none,0,0,,singleton,20,,,,,,,5;7,7,,{},"{""7"": 13968}",0,59.995550611790875,10,40.0,60.0,,,,,,,0,,{},,2,ns3,899,0.5,10,12,28,1,1,[59.995550611790875],[783280],,,22,50,
2026_07_29_02_32_08,000074,8,all-cavs,docs\doc_workspace\SGCP\artifacts\early_from_late_checkpoint_20260719\enable_coperception_early_from_attentive.yaml,fullperception_pcs,full-frame,grid,utility,utility,none,0,0,,singleton,20,,,,,,,8;11,8,,{},"{""8"": 13742}",0,59.995550611790875,10,40.0,60.0,,,,,,,0,,{},,2,ns3,899,0.5,10,12,28,1,1,[59.995550611790875],[783280],,,24,48,
2026_07_29_02_32_08,000074,9,all-cavs,docs\doc_workspace\SGCP\artifacts\early_from_late_checkpoint_20260719\enable_coperception_early_from_attentive.yaml,fullperception_pcs,full-frame,grid,utility,utility,none,0,0,,singleton,20,,,,,,,9;16,9;16,16,"{""16"": 9}","{""9"": 13820, ""16"": 6742}",107872,59.995550611790875,10,40.0,60.0,,,,,,,1,1,"{""9"": 13820}",,2,ns3,899,0.5,10,12,28,1,1,[59.995550611790875],[783280],16>9:5,,23,53,
2026_07_29_02_32_08,000074,10,all-cavs,docs\doc_workspace\SGCP\artifacts\early_from_late_checkpoint_20260719\enable_coperception_early_from_attentive.yaml,fullperception_pcs,full-frame,grid,utility,utility,none,0,0,,singleton,20,,,,,,,5;10,10,,{},"{""10"": 14016}",0,59.995550611790875,10,40.0,60.0,,,,,,,0,,{},,2,ns3,899,0.5,10,12,28,1,1,[59.995550611790875],[783280],,,21,68,
2026_07_29_02_32_08,000074,11,all-cavs,docs\doc_workspace\SGCP\artifacts\early_from_late_checkpoint_20260719\enable_coperception_early_from_attentive.yaml,fullperception_pcs,full-frame,grid,utility,utility,none,0,0,,singleton,20,,,,,,,8;11,11;8,8,"{""8"": 23}","{""8"": 1868, ""11"": 13860}",29888,59.995550611790875,10,40.0,60.0,,,,,,,1,1,"{""11"": 13860}",,2,ns3,899,0.5,10,12,28,1,1,[59.995550611790875],[783280],8>11:2,,24,68,
2026_07_29_02_32_08,000074,12,all-cavs,docs\doc_workspace\SGCP\artifacts\early_from_late_checkpoint_20260719\enable_coperception_early_from_attentive.yaml,fullperception_pcs,full-frame,grid,utility,utility,none,0,0,,singleton,20,,,,,,,12,12,,{},"{""12"": 13902}",0,59.995550611790875,10,40.0,60.0,,,,,,,0,,{},,2,ns3,899,0.5,10,12,28,1,1,[59.995550611790875],[783280],,,13,55,
2026_07_29_02_32_08,000074,13,all-cavs,docs\doc_workspace\SGCP\artifacts\early_from_late_checkpoint_20260719\enable_coperception_early_from_attentive.yaml,fullperception_pcs,full-frame,grid,utility,utility,none,0,0,,singleton,20,,,,,,,13,13,,{},"{""13"": 13577}",0,59.995550611790875,10,40.0,60.0,,,,,,,0,,{},,2,ns3,899,0.5,10,12,28,1,1,[59.995550611790875],[783280],,,12,55,
2026_07_29_02_32_08,000074,14,all-cavs,docs\doc_workspace\SGCP\artifacts\early_from_late_checkpoint_20260719\enable_coperception_early_from_attentive.yaml,fullperception_pcs,full-frame,grid,utility,utility,none,0,0,,singleton,20,,,,,,,14,14,,{},"{""14"": 14272}",0,59.995550611790875,10,40.0,60.0,,,,,,,0,,{},,2,ns3,899,0.5,10,12,28,1,1,[59.995550611790875],[783280],,,3,7,
2026_07_29_02_32_08,000074,15,all-cavs,docs\doc_workspace\SGCP\artifacts\early_from_late_checkpoint_20260719\enable_coperception_early_from_attentive.yaml,fullperception_pcs,full-frame,grid,utility,utility,none,0,0,,singleton,20,,,,,,,6;15,15,,{},"{""15"": 13494}",0,59.995550611790875,10,40.0,60.0,,,,,,,0,,{},,2,ns3,899,0.5,10,12,28,1,1,[59.995550611790875],[783280],,,16,62,
2026_07_29_02_32_08,000074,16,all-cavs,docs\doc_workspace\SGCP\artifacts\early_from_late_checkpoint_20260719\enable_coperception_early_from_attentive.yaml,fullperception_pcs,full-frame,grid,utility,utility,none,0,0,,singleton,20,,,,,,,9;16,16,,{},"{""16"": 13876}",0,59.995550611790875,10,40.0,60.0,,,,,,,0,,{},,2,ns3,899,0.5,10,12,28,1,1,[59.995550611790875],[783280],,,23,71,
2026_07_29_02_32_08,000074,17,all-cavs,docs\doc_workspace\SGCP\artifacts\early_from_late_checkpoint_20260719\enable_coperception_early_from_attentive.yaml,fullperception_pcs,full-frame,grid,utility,utility,none,0,0,,singleton,20,,,,,,,17;18,17,,{},"{""17"": 14148}",0,59.995550611790875,10,40.0,60.0,,,,,,,0,,{},,2,ns3,899,0.5,10,12,28,1,1,[59.995550611790875],[783280],,,21,65,
2026_07_29_02_32_08,000074,18,all-cavs,docs\doc_workspace\SGCP\artifacts\early_from_late_checkpoint_20260719\enable_coperception_early_from_attentive.yaml,fullperception_pcs,full-frame,grid,utility,utility,none,0,0,,singleton,20,,,,,,,3;17;18,18;3;17,3;17,"{""3"": 8, ""17"": 8}","{""3"": 6742, ""17"": 6742, ""18"": 14193}",215744,59.995550611790875,10,40.0,60.0,,,,,,,1,1,"{""18"": 14193}",,2,ns3,899,0.5,10,12,28,1,1,[59.995550611790875],[783280],3>18:0;17>18:3,,17,45,
2026_07_29_02_32_08,000074,19,all-cavs,docs\doc_workspace\SGCP\artifacts\early_from_late_checkpoint_20260719\enable_coperception_early_from_attentive.yaml,fullperception_pcs,full-frame,grid,utility,utility,none,0,0,,singleton,20,,,,,,,19;20,19;20,20,"{""20"": 17}","{""19"": 13703, ""20"": 6742}",107872,59.995550611790875,10,40.0,60.0,,,,,,,1,1,"{""19"": 13703}",,2,ns3,899,0.5,10,12,28,1,1,[59.995550611790875],[783280],20>19:7,,24,53,
2026_07_29_02_32_08,000074,20,all-cavs,docs\doc_workspace\SGCP\artifacts\early_from_late_checkpoint_20260719\enable_coperception_early_from_attentive.yaml,fullperception_pcs,full-frame,grid,utility,utility,none,0,0,,singleton,20,,,,,,,19;20,20,,{},"{""20"": 13916}",0,59.995550611790875,10,40.0,60.0,,,,,,,0,,{},,2,ns3,899,0.5,10,12,28,1,1,[59.995550611790875],[783280],,,25,61,
2026_07_29_02_32_08,000076,1,all-cavs,docs\doc_workspace\SGCP\artifacts\early_from_late_checkpoint_20260719\enable_coperception_early_from_attentive.yaml,fullperception_pcs,full-frame,grid,utility,utility,none,0,0,,singleton,20,,,,,,,1;4,1;4,4,"{""4"": 6}","{""1"": 13981, ""4"": 6742}",107872,59.995550611790875,10,40.0,60.0,,,,,,,1,1,"{""1"": 13981}",,2,ns3,899,0.5,10,12,28,1,1,[59.995550611790875],[783664],4>1:6,,28,70,
2026_07_29_02_32_08,000076,2,all-cavs,docs\doc_workspace\SGCP\artifacts\early_from_late_checkpoint_20260719\enable_coperception_early_from_attentive.yaml,fullperception_pcs,full-frame,grid,utility,utility,none,0,0,,singleton,20,,,,,,,2,2,,{},"{""2"": 13829}",0,59.995550611790875,10,40.0,60.0,,,,,,,0,,{},,2,ns3,899,0.5,10,12,28,1,1,[59.995550611790875],[783664],,,22,72,
2026_07_29_02_32_08,000076,3,all-cavs,docs\doc_workspace\SGCP\artifacts\early_from_late_checkpoint_20260719\enable_coperception_early_from_attentive.yaml,fullperception_pcs,full-frame,grid,utility,utility,none,0,0,,singleton,20,,,,,,,3;18,3,,{},"{""3"": 14035}",0,59.995550611790875,10,40.0,60.0,,,,,,,0,,{},,2,ns3,899,0.5,10,12,28,1,1,[59.995550611790875],[783664],,,19,64,
2026_07_29_02_32_08,000076,4,all-cavs,docs\doc_workspace\SGCP\artifacts\early_from_late_checkpoint_20260719\enable_coperception_early_from_attentive.yaml,fullperception_pcs,full-frame,grid,utility,utility,none,0,0,,singleton,20,,,,,,,1;4,4,,{},"{""4"": 13778}",0,59.995550611790875,10,40.0,60.0,,,,,,,0,,{},,2,ns3,899,0.5,10,12,28,1,1,[59.995550611790875],[783664],,,19,71,
2026_07_29_02_32_08,000076,5,all-cavs,docs\doc_workspace\SGCP\artifacts\early_from_late_checkpoint_20260719\enable_coperception_early_from_attentive.yaml,fullperception_pcs,full-frame,grid,utility,utility,none,0,0,,singleton,20,,,,,,,5;7;10,5;7;10,7;10,"{""7"": 3, ""10"": 33}","{""5"": 13972, ""7"": 6741, ""10"": 5965}",203296,59.995550611790875,10,40.0,60.0,,,,,,,1,1,"{""5"": 13972}",,2,ns3,899,0.5,10,12,28,1,1,[59.995550611790875],[783664],7>5:4;10>5:1,,27,47,
2026_07_29_02_32_08,000076,6,all-cavs,docs\doc_workspace\SGCP\artifacts\early_from_late_checkpoint_20260719\enable_coperception_early_from_attentive.yaml,fullperception_pcs,full-frame,grid,utility,utility,none,0,0,,singleton,20,,,,,,,6;15,6;15,15,"{""15"": 9}","{""6"": 13188, ""15"": 700}",11200,59.995550611790875,10,40.0,60.0,,,,,,,1,1,"{""6"": 13188}",,2,ns3,899,0.5,10,12,28,1,1,[59.995550611790875],[783664],15>6:0,,17,51,
2026_07_29_02_32_08,000076,7,all-cavs,docs\doc_workspace\SGCP\artifacts\early_from_late_checkpoint_20260719\enable_coperception_early_from_attentive.yaml,fullperception_pcs,full-frame,grid,utility,utility,none,0,0,,singleton,20,,,,,,,5;7,7,,{},"{""7"": 13977}",0,59.995550611790875,10,40.0,60.0,,,,,,,0,,{},,2,ns3,899,0.5,10,12,28,1,1,[59.995550611790875],[783664],,,24,49,
2026_07_29_02_32_08,000076,8,all-cavs,docs\doc_workspace\SGCP\artifacts\early_from_late_checkpoint_20260719\enable_coperception_early_from_attentive.yaml,fullperception_pcs,full-frame,grid,utility,utility,none,0,0,,singleton,20,,,,,,,8;11,8,,{},"{""8"": 13741}",0,59.995550611790875,10,40.0,60.0,,,,,,,0,,{},,2,ns3,899,0.5,10,12,28,1,1,[59.995550611790875],[783664],,,26,48,
2026_07_29_02_32_08,000076,9,all-cavs,docs\doc_workspace\SGCP\artifacts\early_from_late_checkpoint_20260719\enable_coperception_early_from_attentive.yaml,fullperception_pcs,full-frame,grid,utility,utility,none,0,0,,singleton,20,,,,,,,9;16,9;16,16,"{""16"": 4}","{""9"": 13819, ""16"": 6742}",107872,59.995550611790875,10,40.0,60.0,,,,,,,1,1,"{""9"": 13819}",,2,ns3,899,0.5,10,12,28,1,1,[59.995550611790875],[783664],16>9:5,,21,53,
2026_07_29_02_32_08,000076,10,all-cavs,docs\doc_workspace\SGCP\artifacts\early_from_late_checkpoint_20260719\enable_coperception_early_from_attentive.yaml,fullperception_pcs,full-frame,grid,utility,utility,none,0,0,,singleton,20,,,,,,,5;10,10,,{},"{""10"": 13999}",0,59.995550611790875,10,40.0,60.0,,,,,,,0,,{},,2,ns3,899,0.5,10,12,28,1,1,[59.995550611790875],[783664],,,19,69,
2026_07_29_02_32_08,000076,11,all-cavs,docs\doc_workspace\SGCP\artifacts\early_from_late_checkpoint_20260719\enable_coperception_early_from_attentive.yaml,fullperception_pcs,full-frame,grid,utility,utility,none,0,0,,singleton,20,,,,,,,8;11,11;8,8,"{""8"": 23}","{""8"": 1868, ""11"": 13862}",29888,59.995550611790875,10,40.0,60.0,,,,,,,1,1,"{""11"": 13862}",,2,ns3,899,0.5,10,12,28,1,1,[59.995550611790875],[783664],8>11:2,,24,68,
2026_07_29_02_32_08,000076,12,all-cavs,docs\doc_workspace\SGCP\artifacts\early_from_late_checkpoint_20260719\enable_coperception_early_from_attentive.yaml,fullperception_pcs,full-frame,grid,utility,utility,none,0,0,,singleton,20,,,,,,,12,12,,{},"{""12"": 13921}",0,59.995550611790875,10,40.0,60.0,,,,,,,0,,{},,2,ns3,899,0.5,10,12,28,1,1,[59.995550611790875],[783664],,,11,55,
2026_07_29_02_32_08,000076,13,all-cavs,docs\doc_workspace\SGCP\artifacts\early_from_late_checkpoint_20260719\enable_coperception_early_from_attentive.yaml,fullperception_pcs,full-frame,grid,utility,utility,none,0,0,,singleton,20,,,,,,,13,13,,{},"{""13"": 13582}",0,59.995550611790875,10,40.0,60.0,,,,,,,0,,{},,2,ns3,899,0.5,10,12,28,1,1,[59.995550611790875],[783664],,,11,55,
2026_07_29_02_32_08,000076,14,all-cavs,docs\doc_workspace\SGCP\artifacts\early_from_late_checkpoint_20260719\enable_coperception_early_from_attentive.yaml,fullperception_pcs,full-frame,grid,utility,utility,none,0,0,,singleton,20,,,,,,,14,14,,{},"{""14"": 14276}",0,59.995550611790875,10,40.0,60.0,,,,,,,0,,{},,2,ns3,899,0.5,10,12,28,1,1,[59.995550611790875],[783664],,,3,7,
2026_07_29_02_32_08,000076,15,all-cavs,docs\doc_workspace\SGCP\artifacts\early_from_late_checkpoint_20260719\enable_coperception_early_from_attentive.yaml,fullperception_pcs,full-frame,grid,utility,utility,none,0,0,,singleton,20,,,,,,,6;15,15,,{},"{""15"": 13485}",0,59.995550611790875,10,40.0,60.0,,,,,,,0,,{},,2,ns3,899,0.5,10,12,28,1,1,[59.995550611790875],[783664],,,16,62,
2026_07_29_02_32_08,000076,16,all-cavs,docs\doc_workspace\SGCP\artifacts\early_from_late_checkpoint_20260719\enable_coperception_early_from_attentive.yaml,fullperception_pcs,full-frame,grid,utility,utility,none,0,0,,singleton,20,,,,,,,9;16,16,,{},"{""16"": 13891}",0,59.995550611790875,10,40.0,60.0,,,,,,,0,,{},,2,ns3,899,0.5,10,12,28,1,1,[59.995550611790875],[783664],,,26,70,
2026_07_29_02_32_08,000076,17,all-cavs,docs\doc_workspace\SGCP\artifacts\early_from_late_checkpoint_20260719\enable_coperception_early_from_attentive.yaml,fullperception_pcs,full-frame,grid,utility,utility,none,0,0,,singleton,20,,,,,,,17;18,17,,{},"{""17"": 14123}",0,59.995550611790875,10,40.0,60.0,,,,,,,0,,{},,2,ns3,899,0.5,10,12,28,1,1,[59.995550611790875],[783664],,,19,65,
2026_07_29_02_32_08,000076,18,all-cavs,docs\doc_workspace\SGCP\artifacts\early_from_late_checkpoint_20260719\enable_coperception_early_from_attentive.yaml,fullperception_pcs,full-frame,grid,utility,utility,none,0,0,,singleton,20,,,,,,,3;17;18,18;3;17,3;17,"{""3"": 10, ""17"": 6}","{""3"": 6742, ""17"": 6742, ""18"": 14179}",215744,59.995550611790875,10,40.0,60.0,,,,,,,1,1,"{""18"": 14179}",,2,ns3,899,0.5,10,12,28,1,1,[59.995550611790875],[783664],3>18:0;17>18:3,,17,44,
2026_07_29_02_32_08,000076,19,all-cavs,docs\doc_workspace\SGCP\artifacts\early_from_late_checkpoint_20260719\enable_coperception_early_from_attentive.yaml,fullperception_pcs,full-frame,grid,utility,utility,none,0,0,,singleton,20,,,,,,,19;20,19;20,20,"{""20"": 17}","{""19"": 13702, ""20"": 6737}",107792,59.995550611790875,10,40.0,60.0,,,,,,,1,1,"{""19"": 13702}",,2,ns3,899,0.5,10,12,28,1,1,[59.995550611790875],[783664],20>19:7,,23,53,
2026_07_29_02_32_08,000076,20,all-cavs,docs\doc_workspace\SGCP\artifacts\early_from_late_checkpoint_20260719\enable_coperception_early_from_attentive.yaml,fullperception_pcs,full-frame,grid,utility,utility,none,0,0,,singleton,20,,,,,,,19;20,20,,{},"{""20"": 13918}",0,59.995550611790875,10,40.0,60.0,,,,,,,0,,{},,2,ns3,899,0.5,10,12,28,1,1,[59.995550611790875],[783664],,,25,61,
2026_07_29_02_32_08,000078,1,all-cavs,docs\doc_workspace\SGCP\artifacts\early_from_late_checkpoint_20260719\enable_coperception_early_from_attentive.yaml,fullperception_pcs,full-frame,grid,utility,utility,none,0,0,,singleton,20,,,,,,,1;4,1;4,4,"{""4"": 5}","{""1"": 13979, ""4"": 6740}",107840,59.995550611790875,10,40.0,60.0,,,,,,,1,1,"{""1"": 13979}",,2,ns3,899,0.5,10,12,28,1,1,[59.995550611790875],[1078272],4>1:8,,27,70,
2026_07_29_02_32_08,000078,2,all-cavs,docs\doc_workspace\SGCP\artifacts\early_from_late_checkpoint_20260719\enable_coperception_early_from_attentive.yaml,fullperception_pcs,full-frame,grid,utility,utility,none,0,0,,singleton,20,,,,,,,2;8,2,,{},"{""2"": 13847}",0,59.995550611790875,10,40.0,60.0,,,,,,,0,,{},,2,ns3,899,0.5,10,12,28,1,1,[59.995550611790875],[1078272],,,21,71,
2026_07_29_02_32_08,000078,3,all-cavs,docs\doc_workspace\SGCP\artifacts\early_from_late_checkpoint_20260719\enable_coperception_early_from_attentive.yaml,fullperception_pcs,full-frame,grid,utility,utility,none,0,0,,singleton,20,,,,,,,3;18,3,,{},"{""3"": 14039}",0,59.995550611790875,10,40.0,60.0,,,,,,,0,,{},,2,ns3,899,0.5,10,12,28,1,1,[59.995550611790875],[1078272],,,18,64,
2026_07_29_02_32_08,000078,4,all-cavs,docs\doc_workspace\SGCP\artifacts\early_from_late_checkpoint_20260719\enable_coperception_early_from_attentive.yaml,fullperception_pcs,full-frame,grid,utility,utility,none,0,0,,singleton,20,,,,,,,1;4,4,,{},"{""4"": 13750}",0,59.995550611790875,10,40.0,60.0,,,,,,,0,,{},,2,ns3,899,0.5,10,12,28,1,1,[59.995550611790875],[1078272],,,20,71,
2026_07_29_02_32_08,000078,5,all-cavs,docs\doc_workspace\SGCP\artifacts\early_from_late_checkpoint_20260719\enable_coperception_early_from_attentive.yaml,fullperception_pcs,full-frame,grid,utility,utility,none,0,0,,singleton,20,,,,,,,5;7;10,5;7;10,7;10,"{""7"": 4, ""10"": 32}","{""5"": 13966, ""7"": 6742, ""10"": 6010}",204032,59.995550611790875,10,40.0,60.0,,,,,,,1,1,"{""5"": 13966}",,2,ns3,899,0.5,10,12,28,1,1,[59.995550611790875],[1078272],7>5:5;10>5:2,,31,47,
2026_07_29_02_32_08,000078,6,all-cavs,docs\doc_workspace\SGCP\artifacts\early_from_late_checkpoint_20260719\enable_coperception_early_from_attentive.yaml,fullperception_pcs,full-frame,grid,utility,utility,none,0,0,,singleton,20,,,,,,,6;15,6;15,15,"{""15"": 9}","{""6"": 13194, ""15"": 707}",11312,59.995550611790875,10,40.0,60.0,,,,,,,1,1,"{""6"": 13194}",,2,ns3,899,0.5,10,12,28,1,1,[59.995550611790875],[1078272],15>6:1,,17,51,
2026_07_29_02_32_08,000078,7,all-cavs,docs\doc_workspace\SGCP\artifacts\early_from_late_checkpoint_20260719\enable_coperception_early_from_attentive.yaml,fullperception_pcs,full-frame,grid,utility,utility,none,0,0,,singleton,20,,,,,,,5;7,7,,{},"{""7"": 13961}",0,59.995550611790875,10,40.0,60.0,,,,,,,0,,{},,2,ns3,899,0.5,10,12,28,1,1,[59.995550611790875],[1078272],,,23,49,
2026_07_29_02_32_08,000078,8,all-cavs,docs\doc_workspace\SGCP\artifacts\early_from_late_checkpoint_20260719\enable_coperception_early_from_attentive.yaml,fullperception_pcs,full-frame,grid,utility,utility,none,0,0,,singleton,20,,,,,,,2;8;12,8;2;12,2;12,"{""2"": 6, ""12"": 8}","{""2"": 6742, ""8"": 13738, ""12"": 6741}",215728,59.995550611790875,10,40.0,60.0,,,,,,,1,1,"{""8"": 13738}",,2,ns3,899,0.5,10,12,28,1,1,[59.995550611790875],[1078272],2>8:0;12>8:4,,28,48,
2026_07_29_02_32_08,000078,9,all-cavs,docs\doc_workspace\SGCP\artifacts\early_from_late_checkpoint_20260719\enable_coperception_early_from_attentive.yaml,fullperception_pcs,full-frame,grid,utility,utility,none,0,0,,singleton,20,,,,,,,9;11;16,9;11;16,11;16,"{""11"": 6, ""16"": 8}","{""9"": 13821, ""11"": 6742, ""16"": 6742}",215744,59.995550611790875,10,40.0,60.0,,,,,,,1,1,"{""9"": 13821}",,2,ns3,899,0.5,10,12,28,1,1,[59.995550611790875],[1078272],11>9:3;16>9:7,,27,53,
2026_07_29_02_32_08,000078,10,all-cavs,docs\doc_workspace\SGCP\artifacts\early_from_late_checkpoint_20260719\enable_coperception_early_from_attentive.yaml,fullperception_pcs,full-frame,grid,utility,utility,none,0,0,,singleton,20,,,,,,,5;10,10,,{},"{""10"": 13996}",0,59.995550611790875,10,40.0,60.0,,,,,,,0,,{},,2,ns3,899,0.5,10,12,28,1,1,[59.995550611790875],[1078272],,,22,70,
2026_07_29_02_32_08,000078,11,all-cavs,docs\doc_workspace\SGCP\artifacts\early_from_late_checkpoint_20260719\enable_coperception_early_from_attentive.yaml,fullperception_pcs,full-frame,grid,utility,utility,none,0,0,,singleton,20,,,,,,,9;11,11,,{},"{""11"": 13862}",0,59.995550611790875,10,40.0,60.0,,,,,,,0,,{},,2,ns3,899,0.5,10,12,28,1,1,[59.995550611790875],[1078272],,,19,69,
2026_07_29_02_32_08,000078,12,all-cavs,docs\doc_workspace\SGCP\artifacts\early_from_late_checkpoint_20260719\enable_coperception_early_from_attentive.yaml,fullperception_pcs,full-frame,grid,utility,utility,none,0,0,,singleton,20,,,,,,,8;12,12,,{},"{""12"": 13942}",0,59.995550611790875,10,40.0,60.0,,,,,,,0,,{},,2,ns3,899,0.5,10,12,28,1,1,[59.995550611790875],[1078272],,,12,55,
2026_07_29_02_32_08,000078,13,all-cavs,docs\doc_workspace\SGCP\artifacts\early_from_late_checkpoint_20260719\enable_coperception_early_from_attentive.yaml,fullperception_pcs,full-frame,grid,utility,utility,none,0,0,,singleton,20,,,,,,,13,13,,{},"{""13"": 13583}",0,59.995550611790875,10,40.0,60.0,,,,,,,0,,{},,2,ns3,899,0.5,10,12,28,1,1,[59.995550611790875],[1078272],,,13,55,
2026_07_29_02_32_08,000078,14,all-cavs,docs\doc_workspace\SGCP\artifacts\early_from_late_checkpoint_20260719\enable_coperception_early_from_attentive.yaml,fullperception_pcs,full-frame,grid,utility,utility,none,0,0,,singleton,20,,,,,,,14,14,,{},"{""14"": 14292}",0,59.995550611790875,10,40.0,60.0,,,,,,,0,,{},,2,ns3,899,0.5,10,12,28,1,1,[59.995550611790875],[1078272],,,5,8,
2026_07_29_02_32_08,000078,15,all-cavs,docs\doc_workspace\SGCP\artifacts\early_from_late_checkpoint_20260719\enable_coperception_early_from_attentive.yaml,fullperception_pcs,full-frame,grid,utility,utility,none,0,0,,singleton,20,,,,,,,6;15,15,,{},"{""15"": 13505}",0,59.995550611790875,10,40.0,60.0,,,,,,,0,,{},,2,ns3,899,0.5,10,12,28,1,1,[59.995550611790875],[1078272],,,17,62,
2026_07_29_02_32_08,000078,16,all-cavs,docs\doc_workspace\SGCP\artifacts\early_from_late_checkpoint_20260719\enable_coperception_early_from_attentive.yaml,fullperception_pcs,full-frame,grid,utility,utility,none,0,0,,singleton,20,,,,,,,9;16,16,,{},"{""16"": 13902}",0,59.995550611790875,10,40.0,60.0,,,,,,,0,,{},,2,ns3,899,0.5,10,12,28,1,1,[59.995550611790875],[1078272],,,24,69,
2026_07_29_02_32_08,000078,17,all-cavs,docs\doc_workspace\SGCP\artifacts\early_from_late_checkpoint_20260719\enable_coperception_early_from_attentive.yaml,fullperception_pcs,full-frame,grid,utility,utility,none,0,0,,singleton,20,,,,,,,17;18,17,,{},"{""17"": 14122}",0,59.995550611790875,10,40.0,60.0,,,,,,,0,,{},,2,ns3,899,0.5,10,12,28,1,1,[59.995550611790875],[1078272],,,22,65,
2026_07_29_02_32_08,000078,18,all-cavs,docs\doc_workspace\SGCP\artifacts\early_from_late_checkpoint_20260719\enable_coperception_early_from_attentive.yaml,fullperception_pcs,full-frame,grid,utility,utility,none,0,0,,singleton,20,,,,,,,3;17;18,18;3;17,3;17,"{""3"": 10, ""17"": 6}","{""3"": 6742, ""17"": 6742, ""18"": 14179}",215744,59.995550611790875,10,40.0,60.0,,,,,,,1,1,"{""18"": 14179}",,2,ns3,899,0.5,10,12,28,1,1,[59.995550611790875],[1078272],3>18:1;17>18:6,,16,44,
2026_07_29_02_32_08,000078,19,all-cavs,docs\doc_workspace\SGCP\artifacts\early_from_late_checkpoint_20260719\enable_coperception_early_from_attentive.yaml,fullperception_pcs,full-frame,grid,utility,utility,none,0,0,,singleton,20,,,,,,,19;20,19;20,20,"{""20"": 16}","{""19"": 13702, ""20"": 6742}",107872,59.995550611790875,10,40.0,60.0,,,,,,,1,1,"{""19"": 13702}",,2,ns3,899,0.5,10,12,28,1,1,[59.995550611790875],[1078272],20>19:9,,22,53,
2026_07_29_02_32_08,000078,20,all-cavs,docs\doc_workspace\SGCP\artifacts\early_from_late_checkpoint_20260719\enable_coperception_early_from_attentive.yaml,fullperception_pcs,full-frame,grid,utility,utility,none,0,0,,singleton,20,,,,,,,19;20,20,,{},"{""20"": 13917}",0,59.995550611790875,10,40.0,60.0,,,,,,,0,,{},,2,ns3,899,0.5,10,12,28,1,1,[59.995550611790875],[1078272],,,24,61,
2026_07_29_02_32_08,000080,1,all-cavs,docs\doc_workspace\SGCP\artifacts\early_from_late_checkpoint_20260719\enable_coperception_early_from_attentive.yaml,fullperception_pcs,full-frame,grid,utility,utility,none,0,0,,singleton,20,,,,,,,1;4,1;4,4,"{""4"": 6}","{""1"": 13978, ""4"": 6741}",107856,59.995550611790875,10,40.0,60.0,,,,,,,1,1,"{""1"": 13978}",,2,ns3,899,0.5,10,12,28,1,1,[59.995550611790875],[980016],4>1:6,,28,71,
2026_07_29_02_32_08,000080,2,all-cavs,docs\doc_workspace\SGCP\artifacts\early_from_late_checkpoint_20260719\enable_coperception_early_from_attentive.yaml,fullperception_pcs,full-frame,grid,utility,utility,none,0,0,,singleton,20,,,,,,,2;10,2,,{},"{""2"": 13848}",0,59.995550611790875,10,40.0,60.0,,,,,,,0,,{},,2,ns3,899,0.5,10,12,28,1,1,[59.995550611790875],[980016],,,22,71,
2026_07_29_02_32_08,000080,3,all-cavs,docs\doc_workspace\SGCP\artifacts\early_from_late_checkpoint_20260719\enable_coperception_early_from_attentive.yaml,fullperception_pcs,full-frame,grid,utility,utility,none,0,0,,singleton,20,,,,,,,3;18,3,,{},"{""3"": 14029}",0,59.995550611790875,10,40.0,60.0,,,,,,,0,,{},,2,ns3,899,0.5,10,12,28,1,1,[59.995550611790875],[980016],,,21,64,
2026_07_29_02_32_08,000080,4,all-cavs,docs\doc_workspace\SGCP\artifacts\early_from_late_checkpoint_20260719\enable_coperception_early_from_attentive.yaml,fullperception_pcs,full-frame,grid,utility,utility,none,0,0,,singleton,20,,,,,,,1;4,4,,{},"{""4"": 13748}",0,59.995550611790875,10,40.0,60.0,,,,,,,0,,{},,2,ns3,899,0.5,10,12,28,1,1,[59.995550611790875],[980016],,,18,71,
2026_07_29_02_32_08,000080,5,all-cavs,docs\doc_workspace\SGCP\artifacts\early_from_late_checkpoint_20260719\enable_coperception_early_from_attentive.yaml,fullperception_pcs,full-frame,grid,utility,utility,none,0,0,,singleton,20,,,,,,,5;7;13,5;7;13,7;13,"{""7"": 5, ""13"": 7}","{""5"": 13962, ""7"": 6741, ""13"": 6742}",215728,59.995550611790875,10,40.0,60.0,,,,,,,1,1,"{""5"": 13962}",,2,ns3,899,0.5,10,12,28,1,1,[59.995550611790875],[980016],7>5:4;13>5:7,,20,47,
2026_07_29_02_32_08,000080,6,all-cavs,docs\doc_workspace\SGCP\artifacts\early_from_late_checkpoint_20260719\enable_coperception_early_from_attentive.yaml,fullperception_pcs,full-frame,grid,utility,utility,none,0,0,,singleton,20,,,,,,,6;15,6;15,15,"{""15"": 8}","{""6"": 13205, ""15"": 575}",9200,59.995550611790875,10,40.0,60.0,,,,,,,1,1,"{""6"": 13205}",,2,ns3,899,0.5,10,12,28,1,1,[59.995550611790875],[980016],15>6:0,,16,51,
2026_07_29_02_32_08,000080,7,all-cavs,docs\doc_workspace\SGCP\artifacts\early_from_late_checkpoint_20260719\enable_coperception_early_from_attentive.yaml,fullperception_pcs,full-frame,grid,utility,utility,none,0,0,,singleton,20,,,,,,,5;7,7,,{},"{""7"": 13974}",0,59.995550611790875,10,40.0,60.0,,,,,,,0,,{},,2,ns3,899,0.5,10,12,28,1,1,[59.995550611790875],[980016],,,24,49,
2026_07_29_02_32_08,000080,8,all-cavs,docs\doc_workspace\SGCP\artifacts\early_from_late_checkpoint_20260719\enable_coperception_early_from_attentive.yaml,fullperception_pcs,full-frame,grid,utility,utility,none,0,0,,singleton,20,,,,,,,8;12,8;12,12,"{""12"": 6}","{""8"": 13737, ""12"": 6742}",107872,59.995550611790875,10,40.0,60.0,,,,,,,1,1,"{""8"": 13737}",,2,ns3,899,0.5,10,12,28,1,1,[59.995550611790875],[980016],12>8:2,,26,48,
2026_07_29_02_32_08,000080,9,all-cavs,docs\doc_workspace\SGCP\artifacts\early_from_late_checkpoint_20260719\enable_coperception_early_from_attentive.yaml,fullperception_pcs,full-frame,grid,utility,utility,none,0,0,,singleton,20,,,,,,,9;11;16,9;11;16,11;16,"{""11"": 4, ""16"": 5}","{""9"": 13820, ""11"": 6742, ""16"": 6742}",215744,59.995550611790875,10,40.0,60.0,,,,,,,1,1,"{""9"": 13820}",,2,ns3,899,0.5,10,12,28,1,1,[59.995550611790875],[980016],11>9:3;16>9:5,,28,53,
2026_07_29_02_32_08,000080,10,all-cavs,docs\doc_workspace\SGCP\artifacts\early_from_late_checkpoint_20260719\enable_coperception_early_from_attentive.yaml,fullperception_pcs,full-frame,grid,utility,utility,none,0,0,,singleton,20,,,,,,,2;10,10;2,2,"{""2"": 6}","{""2"": 6742, ""10"": 13976}",107872,59.995550611790875,10,40.0,60.0,,,,,,,1,1,"{""10"": 13976}",,2,ns3,899,0.5,10,12,28,1,1,[59.995550611790875],[980016],2>10:1,,26,70,
2026_07_29_02_32_08,000080,11,all-cavs,docs\doc_workspace\SGCP\artifacts\early_from_late_checkpoint_20260719\enable_coperception_early_from_attentive.yaml,fullperception_pcs,full-frame,grid,utility,utility,none,0,0,,singleton,20,,,,,,,9;11,11,,{},"{""11"": 13866}",0,59.995550611790875,10,40.0,60.0,,,,,,,0,,{},,2,ns3,899,0.5,10,12,28,1,1,[59.995550611790875],[980016],,,21,68,
2026_07_29_02_32_08,000080,12,all-cavs,docs\doc_workspace\SGCP\artifacts\early_from_late_checkpoint_20260719\enable_coperception_early_from_attentive.yaml,fullperception_pcs,full-frame,grid,utility,utility,none,0,0,,singleton,20,,,,,,,8;12,12,,{},"{""12"": 13953}",0,59.995550611790875,10,40.0,60.0,,,,,,,0,,{},,2,ns3,899,0.5,10,12,28,1,1,[59.995550611790875],[980016],,,12,55,
2026_07_29_02_32_08,000080,13,all-cavs,docs\doc_workspace\SGCP\artifacts\early_from_late_checkpoint_20260719\enable_coperception_early_from_attentive.yaml,fullperception_pcs,full-frame,grid,utility,utility,none,0,0,,singleton,20,,,,,,,5;13,13,,{},"{""13"": 13628}",0,59.995550611790875,10,40.0,60.0,,,,,,,0,,{},,2,ns3,899,0.5,10,12,28,1,1,[59.995550611790875],[980016],,,13,55,
2026_07_29_02_32_08,000080,14,all-cavs,docs\doc_workspace\SGCP\artifacts\early_from_late_checkpoint_20260719\enable_coperception_early_from_attentive.yaml,fullperception_pcs,full-frame,grid,utility,utility,none,0,0,,singleton,20,,,,,,,14,14,,{},"{""14"": 14250}",0,59.995550611790875,10,40.0,60.0,,,,,,,0,,{},,2,ns3,899,0.5,10,12,28,1,1,[59.995550611790875],[980016],,,3,8,
2026_07_29_02_32_08,000080,15,all-cavs,docs\doc_workspace\SGCP\artifacts\early_from_late_checkpoint_20260719\enable_coperception_early_from_attentive.yaml,fullperception_pcs,full-frame,grid,utility,utility,none,0,0,,singleton,20,,,,,,,6;15,15,,{},"{""15"": 13527}",0,59.995550611790875,10,40.0,60.0,,,,,,,0,,{},,2,ns3,899,0.5,10,12,28,1,1,[59.995550611790875],[980016],,,15,62,
2026_07_29_02_32_08,000080,16,all-cavs,docs\doc_workspace\SGCP\artifacts\early_from_late_checkpoint_20260719\enable_coperception_early_from_attentive.yaml,fullperception_pcs,full-frame,grid,utility,utility,none,0,0,,singleton,20,,,,,,,9;16,16,,{},"{""16"": 13918}",0,59.995550611790875,10,40.0,60.0,,,,,,,0,,{},,2,ns3,899,0.5,10,12,28,1,1,[59.995550611790875],[980016],,,25,69,
2026_07_29_02_32_08,000080,17,all-cavs,docs\doc_workspace\SGCP\artifacts\early_from_late_checkpoint_20260719\enable_coperception_early_from_attentive.yaml,fullperception_pcs,full-frame,grid,utility,utility,none,0,0,,singleton,20,,,,,,,17,17,,{},"{""17"": 14129}",0,59.995550611790875,10,40.0,60.0,,,,,,,0,,{},,2,ns3,899,0.5,10,12,28,1,1,[59.995550611790875],[980016],,,21,65,
2026_07_29_02_32_08,000080,18,all-cavs,docs\doc_workspace\SGCP\artifacts\early_from_late_checkpoint_20260719\enable_coperception_early_from_attentive.yaml,fullperception_pcs,full-frame,grid,utility,utility,none,0,0,,singleton,20,,,,,,,3;18,18;3,3,"{""3"": 11}","{""3"": 6742, ""18"": 14175}",107872,59.995550611790875,10,40.0,60.0,,,,,,,1,1,"{""18"": 14175}",,2,ns3,899,0.5,10,12,28,1,1,[59.995550611790875],[980016],3>18:0,,16,43,
2026_07_29_02_32_08,000080,19,all-cavs,docs\doc_workspace\SGCP\artifacts\early_from_late_checkpoint_20260719\enable_coperception_early_from_attentive.yaml,fullperception_pcs,full-frame,grid,utility,utility,none,0,0,,singleton,20,,,,,,,19;20,19;20,20,"{""20"": 17}","{""19"": 13698, ""20"": 6742}",107872,59.995550611790875,10,40.0,60.0,,,,,,,1,1,"{""19"": 13698}",,2,ns3,899,0.5,10,12,28,1,1,[59.995550611790875],[980016],20>19:8,,23,55,
2026_07_29_02_32_08,000080,20,all-cavs,docs\doc_workspace\SGCP\artifacts\early_from_late_checkpoint_20260719\enable_coperception_early_from_attentive.yaml,fullperception_pcs,full-frame,grid,utility,utility,none,0,0,,singleton,20,,,,,,,19;20,20,,{},"{""20"": 13916}",0,59.995550611790875,10,40.0,60.0,,,,,,,0,,{},,2,ns3,899,0.5,10,12,28,1,1,[59.995550611790875],[980016],,,25,60,
2026_07_29_02_32_08,000082,1,all-cavs,docs\doc_workspace\SGCP\artifacts\early_from_late_checkpoint_20260719\enable_coperception_early_from_attentive.yaml,fullperception_pcs,full-frame,grid,utility,utility,none,0,0,,singleton,20,,,,,,,1;4,1;4,4,"{""4"": 7}","{""1"": 13971, ""4"": 6742}",107872,59.995550611790875,10,40.0,60.0,,,,,,,1,1,"{""1"": 13971}",,2,ns3,899,0.5,10,12,28,1,1,[59.995550611790875],[1041648],4>1:7,,28,71,
2026_07_29_02_32_08,000082,2,all-cavs,docs\doc_workspace\SGCP\artifacts\early_from_late_checkpoint_20260719\enable_coperception_early_from_attentive.yaml,fullperception_pcs,full-frame,grid,utility,utility,none,0,0,,singleton,20,,,,,,,2;8,2,,{},"{""2"": 13847}",0,59.995550611790875,10,40.0,60.0,,,,,,,0,,{},,2,ns3,899,0.5,10,12,28,1,1,[59.995550611790875],[1041648],,,19,71,
2026_07_29_02_32_08,000082,3,all-cavs,docs\doc_workspace\SGCP\artifacts\early_from_late_checkpoint_20260719\enable_coperception_early_from_attentive.yaml,fullperception_pcs,full-frame,grid,utility,utility,none,0,0,,singleton,20,,,,,,,3;18,3,,{},"{""3"": 14024}",0,59.995550611790875,10,40.0,60.0,,,,,,,0,,{},,2,ns3,899,0.5,10,12,28,1,1,[59.995550611790875],[1041648],,,17,64,
2026_07_29_02_32_08,000082,4,all-cavs,docs\doc_workspace\SGCP\artifacts\early_from_late_checkpoint_20260719\enable_coperception_early_from_attentive.yaml,fullperception_pcs,full-frame,grid,utility,utility,none,0,0,,singleton,20,,,,,,,1;4,4,,{},"{""4"": 13746}",0,59.995550611790875,10,40.0,60.0,,,,,,,0,,{},,2,ns3,899,0.5,10,12,28,1,1,[59.995550611790875],[1041648],,,21,71,
2026_07_29_02_32_08,000082,5,all-cavs,docs\doc_workspace\SGCP\artifacts\early_from_late_checkpoint_20260719\enable_coperception_early_from_attentive.yaml,fullperception_pcs,full-frame,grid,utility,utility,none,0,0,,singleton,20,,,,,,,5;7;13,5;7;13,7;13,"{""7"": 6, ""13"": 7}","{""5"": 13982, ""7"": 6742, ""13"": 6742}",215744,59.995550611790875,10,40.0,60.0,,,,,,,1,1,"{""5"": 13982}",,2,ns3,899,0.5,10,12,28,1,1,[59.995550611790875],[1041648],7>5:5;13>5:8,,24,47,
2026_07_29_02_32_08,000082,6,all-cavs,docs\doc_workspace\SGCP\artifacts\early_from_late_checkpoint_20260719\enable_coperception_early_from_attentive.yaml,fullperception_pcs,full-frame,grid,utility,utility,none,0,0,,singleton,20,,,,,,,6;15,6;15,15,"{""15"": 8}","{""6"": 13207, ""15"": 583}",9328,59.995550611790875,10,40.0,60.0,,,,,,,1,1,"{""6"": 13207}",,2,ns3,899,0.5,10,12,28,1,1,[59.995550611790875],[1041648],15>6:0,,15,51,
2026_07_29_02_32_08,000082,7,all-cavs,docs\doc_workspace\SGCP\artifacts\early_from_late_checkpoint_20260719\enable_coperception_early_from_attentive.yaml,fullperception_pcs,full-frame,grid,utility,utility,none,0,0,,singleton,20,,,,,,,5;7,7,,{},"{""7"": 13990}",0,59.995550611790875,10,40.0,60.0,,,,,,,0,,{},,2,ns3,899,0.5,10,12,28,1,1,[59.995550611790875],[1041648],,,25,49,
2026_07_29_02_32_08,000082,8,all-cavs,docs\doc_workspace\SGCP\artifacts\early_from_late_checkpoint_20260719\enable_coperception_early_from_attentive.yaml,fullperception_pcs,full-frame,grid,utility,utility,none,0,0,,singleton,20,,,,,,,2;8;12,8;2;12,2;12,"{""2"": 5, ""12"": 8}","{""2"": 6742, ""8"": 13735, ""12"": 6742}",215744,59.995550611790875,10,40.0,60.0,,,,,,,1,1,"{""8"": 13735}",,2,ns3,899,0.5,10,12,28,1,1,[59.995550611790875],[1041648],2>8:1;12>8:3,,27,48,
2026_07_29_02_32_08,000082,9,all-cavs,docs\doc_workspace\SGCP\artifacts\early_from_late_checkpoint_20260719\enable_coperception_early_from_attentive.yaml,fullperception_pcs,full-frame,grid,utility,utility,none,0,0,,singleton,20,,,,,,,9;11;16,9;11;16,11;16,"{""11"": 5, ""16"": 7}","{""9"": 13820, ""11"": 6741, ""16"": 6742}",215728,59.995550611790875,10,40.0,60.0,,,,,,,1,1,"{""9"": 13820}",,2,ns3,899,0.5,10,12,28,1,1,[59.995550611790875],[1041648],11>9:4;16>9:6,,31,53,
2026_07_29_02_32_08,000082,10,all-cavs,docs\doc_workspace\SGCP\artifacts\early_from_late_checkpoint_20260719\enable_coperception_early_from_attentive.yaml,fullperception_pcs,full-frame,grid,utility,utility,none,0,0,,singleton,20,,,,,,,10;20,10,,{},"{""10"": 13992}",0,59.995550611790875,10,40.0,60.0,,,,,,,0,,{},,2,ns3,899,0.5,10,12,28,1,1,[59.995550611790875],[1041648],,,23,69,
2026_07_29_02_32_08,000082,11,all-cavs,docs\doc_workspace\SGCP\artifacts\early_from_late_checkpoint_20260719\enable_coperception_early_from_attentive.yaml,fullperception_pcs,full-frame,grid,utility,utility,none,0,0,,singleton,20,,,,,,,9;11,11,,{},"{""11"": 13864}",0,59.995550611790875,10,40.0,60.0,,,,,,,0,,{},,2,ns3,899,0.5,10,12,28,1,1,[59.995550611790875],[1041648],,,20,69,
2026_07_29_02_32_08,000082,12,all-cavs,docs\doc_workspace\SGCP\artifacts\early_from_late_checkpoint_20260719\enable_coperception_early_from_attentive.yaml,fullperception_pcs,full-frame,grid,utility,utility,none,0,0,,singleton,20,,,,,,,8;12,12,,{},"{""12"": 13970}",0,59.995550611790875,10,40.0,60.0,,,,,,,0,,{},,2,ns3,899,0.5,10,12,28,1,1,[59.995550611790875],[1041648],,,15,54,
2026_07_29_02_32_08,000082,13,all-cavs,docs\doc_workspace\SGCP\artifacts\early_from_late_checkpoint_20260719\enable_coperception_early_from_attentive.yaml,fullperception_pcs,full-frame,grid,utility,utility,none,0,0,,singleton,20,,,,,,,5;13,13,,{},"{""13"": 13604}",0,59.995550611790875,10,40.0,60.0,,,,,,,0,,{},,2,ns3,899,0.5,10,12,28,1,1,[59.995550611790875],[1041648],,,12,56,
2026_07_29_02_32_08,000082,14,all-cavs,docs\doc_workspace\SGCP\artifacts\early_from_late_checkpoint_20260719\enable_coperception_early_from_attentive.yaml,fullperception_pcs,full-frame,grid,utility,utility,none,0,0,,singleton,20,,,,,,,14,14,,{},"{""14"": 14197}",0,59.995550611790875,10,40.0,60.0,,,,,,,0,,{},,2,ns3,899,0.5,10,12,28,1,1,[59.995550611790875],[1041648],,,4,8,
2026_07_29_02_32_08,000082,15,all-cavs,docs\doc_workspace\SGCP\artifacts\early_from_late_checkpoint_20260719\enable_coperception_early_from_attentive.yaml,fullperception_pcs,full-frame,grid,utility,utility,none,0,0,,singleton,20,,,,,,,6;15,15,,{},"{""15"": 13530}",0,59.995550611790875,10,40.0,60.0,,,,,,,0,,{},,2,ns3,899,0.5,10,12,28,1,1,[59.995550611790875],[1041648],,,17,62,
2026_07_29_02_32_08,000082,16,all-cavs,docs\doc_workspace\SGCP\artifacts\early_from_late_checkpoint_20260719\enable_coperception_early_from_attentive.yaml,fullperception_pcs,full-frame,grid,utility,utility,none,0,0,,singleton,20,,,,,,,9;16,16,,{},"{""16"": 13943}",0,59.995550611790875,10,40.0,60.0,,,,,,,0,,{},,2,ns3,899,0.5,10,12,28,1,1,[59.995550611790875],[1041648],,,27,70,
2026_07_29_02_32_08,000082,17,all-cavs,docs\doc_workspace\SGCP\artifacts\early_from_late_checkpoint_20260719\enable_coperception_early_from_attentive.yaml,fullperception_pcs,full-frame,grid,utility,utility,none,0,0,,singleton,20,,,,,,,17,17,,{},"{""17"": 14138}",0,59.995550611790875,10,40.0,60.0,,,,,,,0,,{},,2,ns3,899,0.5,10,12,28,1,1,[59.995550611790875],[1041648],,,20,65,
2026_07_29_02_32_08,000082,18,all-cavs,docs\doc_workspace\SGCP\artifacts\early_from_late_checkpoint_20260719\enable_coperception_early_from_attentive.yaml,fullperception_pcs,full-frame,grid,utility,utility,none,0,0,,singleton,20,,,,,,,3;18,18;3,3,"{""3"": 14}","{""3"": 6742, ""18"": 14147}",107872,59.995550611790875,10,40.0,60.0,,,,,,,1,1,"{""18"": 14147}",,2,ns3,899,0.5,10,12,28,1,1,[59.995550611790875],[1041648],3>18:0,,19,43,
2026_07_29_02_32_08,000082,19,all-cavs,docs\doc_workspace\SGCP\artifacts\early_from_late_checkpoint_20260719\enable_coperception_early_from_attentive.yaml,fullperception_pcs,full-frame,grid,utility,utility,none,0,0,,singleton,20,,,,,,,19;20,19,,{},"{""19"": 13698}",0,59.995550611790875,10,40.0,60.0,,,,,,,0,,{},,2,ns3,899,0.5,10,12,28,1,1,[59.995550611790875],[1041648],,,13,55,
2026_07_29_02_32_08,000082,20,all-cavs,docs\doc_workspace\SGCP\artifacts\early_from_late_checkpoint_20260719\enable_coperception_early_from_attentive.yaml,fullperception_pcs,full-frame,grid,utility,utility,none,0,0,,singleton,20,,,,,,,10;19;20,20;10;19,10;19,"{""10"": 5, ""19"": 44}","{""10"": 6742, ""19"": 3843, ""20"": 13917}",169360,59.995550611790875,10,40.0,60.0,,,,,,,1,1,"{""20"": 13917}",,2,ns3,899,0.5,10,12,28,1,1,[59.995550611790875],[1041648],10>20:2;19>20:9,,29,60,
2026_07_29_02_32_08,000084,1,all-cavs,docs\doc_workspace\SGCP\artifacts\early_from_late_checkpoint_20260719\enable_coperception_early_from_attentive.yaml,fullperception_pcs,full-frame,grid,utility,utility,none,0,0,,singleton,20,,,,,,,1;4,1;4,4,"{""4"": 4}","{""1"": 13971, ""4"": 6741}",107856,59.995550611790875,10,40.0,60.0,,,,,,,1,1,"{""1"": 13971}",,2,ns3,899,0.5,10,12,28,1,1,[59.995550611790875],[737792],4>1:6,,32,71,
2026_07_29_02_32_08,000084,2,all-cavs,docs\doc_workspace\SGCP\artifacts\early_from_late_checkpoint_20260719\enable_coperception_early_from_attentive.yaml,fullperception_pcs,full-frame,grid,utility,utility,none,0,0,,singleton,20,,,,,,,2,2,,{},"{""2"": 13827}",0,59.995550611790875,10,40.0,60.0,,,,,,,0,,{},,2,ns3,899,0.5,10,12,28,1,1,[59.995550611790875],[737792],,,21,71,
2026_07_29_02_32_08,000084,3,all-cavs,docs\doc_workspace\SGCP\artifacts\early_from_late_checkpoint_20260719\enable_coperception_early_from_attentive.yaml,fullperception_pcs,full-frame,grid,utility,utility,none,0,0,,singleton,20,,,,,,,3;17;18,3;17;18,17;18,"{""17"": 10, ""18"": 35}","{""3"": 14039, ""17"": 6740, ""18"": 3214}",159264,59.995550611790875,10,40.0,60.0,,,,,,,1,1,"{""3"": 14039}",,2,ns3,899,0.5,10,12,28,1,1,[59.995550611790875],[737792],17>3:0;18>3:3,,21,64,
2026_07_29_02_32_08,000084,4,all-cavs,docs\doc_workspace\SGCP\artifacts\early_from_late_checkpoint_20260719\enable_coperception_early_from_attentive.yaml,fullperception_pcs,full-frame,grid,utility,utility,none,0,0,,singleton,20,,,,,,,1;4,4,,{},"{""4"": 13751}",0,59.995550611790875,10,40.0,60.0,,,,,,,0,,{},,2,ns3,899,0.5,10,12,28,1,1,[59.995550611790875],[737792],,,19,71,
2026_07_29_02_32_08,000084,5,all-cavs,docs\doc_workspace\SGCP\artifacts\early_from_late_checkpoint_20260719\enable_coperception_early_from_attentive.yaml,fullperception_pcs,full-frame,grid,utility,utility,none,0,0,,singleton,20,,,,,,,5;7;13,5;7;13,7;13,"{""7"": 6, ""13"": 7}","{""5"": 13992, ""7"": 6741, ""13"": 6742}",215728,59.995550611790875,10,40.0,60.0,,,,,,,1,1,"{""5"": 13992}",,2,ns3,899,0.5,10,12,28,1,1,[59.995550611790875],[737792],7>5:4;13>5:7,,23,47,
2026_07_29_02_32_08,000084,6,all-cavs,docs\doc_workspace\SGCP\artifacts\early_from_late_checkpoint_20260719\enable_coperception_early_from_attentive.yaml,fullperception_pcs,full-frame,grid,utility,utility,none,0,0,,singleton,20,,,,,,,6;15,6;15,15,"{""15"": 8}","{""6"": 13227, ""15"": 581}",9296,59.995550611790875,10,40.0,60.0,,,,,,,1,1,"{""6"": 13227}",,2,ns3,899,0.5,10,12,28,1,1,[59.995550611790875],[737792],15>6:0,,15,51,
2026_07_29_02_32_08,000084,7,all-cavs,docs\doc_workspace\SGCP\artifacts\early_from_late_checkpoint_20260719\enable_coperception_early_from_attentive.yaml,fullperception_pcs,full-frame,grid,utility,utility,none,0,0,,singleton,20,,,,,,,5;7,7,,{},"{""7"": 13956}",0,59.995550611790875,10,40.0,60.0,,,,,,,0,,{},,2,ns3,899,0.5,10,12,28,1,1,[59.995550611790875],[737792],,,23,49,
2026_07_29_02_32_08,000084,8,all-cavs,docs\doc_workspace\SGCP\artifacts\early_from_late_checkpoint_20260719\enable_coperception_early_from_attentive.yaml,fullperception_pcs,full-frame,grid,utility,utility,none,0,0,,singleton,20,,,,,,,8;11,8,,{},"{""8"": 13732}",0,59.995550611790875,10,40.0,60.0,,,,,,,0,,{},,2,ns3,899,0.5,10,12,28,1,1,[59.995550611790875],[737792],,,23,48,
2026_07_29_02_32_08,000084,9,all-cavs,docs\doc_workspace\SGCP\artifacts\early_from_late_checkpoint_20260719\enable_coperception_early_from_attentive.yaml,fullperception_pcs,full-frame,grid,utility,utility,none,0,0,,singleton,20,,,,,,,9;20,9,,{},"{""9"": 13819}",0,59.995550611790875,10,40.0,60.0,,,,,,,0,,{},,2,ns3,899,0.5,10,12,28,1,1,[59.995550611790875],[737792],,,19,53,
2026_07_29_02_32_08,000084,10,all-cavs,docs\doc_workspace\SGCP\artifacts\early_from_late_checkpoint_20260719\enable_coperception_early_from_attentive.yaml,fullperception_pcs,full-frame,grid,utility,utility,none,0,0,,singleton,20,,,,,,,10;20,10,,{},"{""10"": 13992}",0,59.995550611790875,10,40.0,60.0,,,,,,,0,,{},,2,ns3,899,0.5,10,12,28,1,1,[59.995550611790875],[737792],,,24,69,
2026_07_29_02_32_08,000084,11,all-cavs,docs\doc_workspace\SGCP\artifacts\early_from_late_checkpoint_20260719\enable_coperception_early_from_attentive.yaml,fullperception_pcs,full-frame,grid,utility,utility,none,0,0,,singleton,20,,,,,,,8;11,11;8,8,"{""8"": 23}","{""8"": 1869, ""11"": 13867}",29904,59.995550611790875,10,40.0,60.0,,,,,,,1,1,"{""11"": 13867}",,2,ns3,899,0.5,10,12,28,1,1,[59.995550611790875],[737792],8>11:2,,24,69,
2026_07_29_02_32_08,000084,12,all-cavs,docs\doc_workspace\SGCP\artifacts\early_from_late_checkpoint_20260719\enable_coperception_early_from_attentive.yaml,fullperception_pcs,full-frame,grid,utility,utility,none,0,0,,singleton,20,,,,,,,12,12,,{},"{""12"": 14013}",0,59.995550611790875,10,40.0,60.0,,,,,,,0,,{},,2,ns3,899,0.5,10,12,28,1,1,[59.995550611790875],[737792],,,14,53,
2026_07_29_02_32_08,000084,13,all-cavs,docs\doc_workspace\SGCP\artifacts\early_from_late_checkpoint_20260719\enable_coperception_early_from_attentive.yaml,fullperception_pcs,full-frame,grid,utility,utility,none,0,0,,singleton,20,,,,,,,5;13,13,,{},"{""13"": 13586}",0,59.995550611790875,10,40.0,60.0,,,,,,,0,,{},,2,ns3,899,0.5,10,12,28,1,1,[59.995550611790875],[737792],,,12,56,
2026_07_29_02_32_08,000084,14,all-cavs,docs\doc_workspace\SGCP\artifacts\early_from_late_checkpoint_20260719\enable_coperception_early_from_attentive.yaml,fullperception_pcs,full-frame,grid,utility,utility,none,0,0,,singleton,20,,,,,,,14,14,,{},"{""14"": 14192}",0,59.995550611790875,10,40.0,60.0,,,,,,,0,,{},,2,ns3,899,0.5,10,12,28,1,1,[59.995550611790875],[737792],,,4,8,
2026_07_29_02_32_08,000084,15,all-cavs,docs\doc_workspace\SGCP\artifacts\early_from_late_checkpoint_20260719\enable_coperception_early_from_attentive.yaml,fullperception_pcs,full-frame,grid,utility,utility,none,0,0,,singleton,20,,,,,,,6;15,15,,{},"{""15"": 13532}",0,59.995550611790875,10,40.0,60.0,,,,,,,0,,{},,2,ns3,899,0.5,10,12,28,1,1,[59.995550611790875],[737792],,,16,60,
2026_07_29_02_32_08,000084,16,all-cavs,docs\doc_workspace\SGCP\artifacts\early_from_late_checkpoint_20260719\enable_coperception_early_from_attentive.yaml,fullperception_pcs,full-frame,grid,utility,utility,none,0,0,,singleton,20,,,,,,,16,16,,{},"{""16"": 13981}",0,59.995550611790875,10,40.0,60.0,,,,,,,0,,{},,2,ns3,899,0.5,10,12,28,1,1,[59.995550611790875],[737792],,,25,71,
2026_07_29_02_32_08,000084,17,all-cavs,docs\doc_workspace\SGCP\artifacts\early_from_late_checkpoint_20260719\enable_coperception_early_from_attentive.yaml,fullperception_pcs,full-frame,grid,utility,utility,none,0,0,,singleton,20,,,,,,,3;17,17,,{},"{""17"": 14146}",0,59.995550611790875,10,40.0,60.0,,,,,,,0,,{},,2,ns3,899,0.5,10,12,28,1,1,[59.995550611790875],[737792],,,18,65,
2026_07_29_02_32_08,000084,18,all-cavs,docs\doc_workspace\SGCP\artifacts\early_from_late_checkpoint_20260719\enable_coperception_early_from_attentive.yaml,fullperception_pcs,full-frame,grid,utility,utility,none,0,0,,singleton,20,,,,,,,3;18,18,,{},"{""18"": 14130}",0,59.995550611790875,10,40.0,60.0,,,,,,,0,,{},,2,ns3,899,0.5,10,12,28,1,1,[59.995550611790875],[737792],,,14,42,
2026_07_29_02_32_08,000084,19,all-cavs,docs\doc_workspace\SGCP\artifacts\early_from_late_checkpoint_20260719\enable_coperception_early_from_attentive.yaml,fullperception_pcs,full-frame,grid,utility,utility,none,0,0,,singleton,20,,,,,,,19,19,,{},"{""19"": 13697}",0,59.995550611790875,10,40.0,60.0,,,,,,,0,,{},,2,ns3,899,0.5,10,12,28,1,1,[59.995550611790875],[737792],,,16,55,
2026_07_29_02_32_08,000084,20,all-cavs,docs\doc_workspace\SGCP\artifacts\early_from_late_checkpoint_20260719\enable_coperception_early_from_attentive.yaml,fullperception_pcs,full-frame,grid,utility,utility,none,0,0,,singleton,20,,,,,,,9;10;20,20;9;10,9;10,"{""9"": 5, ""10"": 7}","{""9"": 6742, ""10"": 6742, ""20"": 13917}",215744,59.995550611790875,10,40.0,60.0,,,,,,,1,1,"{""20"": 13917}",,2,ns3,899,0.5,10,12,28,1,1,[59.995550611790875],[737792],9>20:5;10>20:1,,27,60,
2026_07_29_02_32_08,000086,1,all-cavs,docs\doc_workspace\SGCP\artifacts\early_from_late_checkpoint_20260719\enable_coperception_early_from_attentive.yaml,fullperception_pcs,full-frame,grid,utility,utility,none,0,0,,singleton,20,,,,,,,1;4,1;4,4,"{""4"": 6}","{""1"": 13972, ""4"": 6742}",107872,59.995550611790875,10,40.0,60.0,,,,,,,1,1,"{""1"": 13972}",,2,ns3,899,0.5,10,12,28,1,1,[59.995550611790875],[739024],4>1:6,,30,71,
2026_07_29_02_32_08,000086,2,all-cavs,docs\doc_workspace\SGCP\artifacts\early_from_late_checkpoint_20260719\enable_coperception_early_from_attentive.yaml,fullperception_pcs,full-frame,grid,utility,utility,none,0,0,,singleton,20,,,,,,,2,2,,{},"{""2"": 13830}",0,59.995550611790875,10,40.0,60.0,,,,,,,0,,{},,2,ns3,899,0.5,10,12,28,1,1,[59.995550611790875],[739024],,,19,71,
2026_07_29_02_32_08,000086,3,all-cavs,docs\doc_workspace\SGCP\artifacts\early_from_late_checkpoint_20260719\enable_coperception_early_from_attentive.yaml,fullperception_pcs,full-frame,grid,utility,utility,none,0,0,,singleton,20,,,,,,,3;16;18,3;16;18,16;18,"{""16"": 5, ""18"": 35}","{""3"": 14064, ""16"": 6742, ""18"": 3260}",160032,59.995550611790875,10,40.0,60.0,,,,,,,1,1,"{""3"": 14064}",,2,ns3,899,0.5,10,12,28,1,1,[59.995550611790875],[739024],16>3:5;18>3:0,,22,63,
2026_07_29_02_32_08,000086,4,all-cavs,docs\doc_workspace\SGCP\artifacts\early_from_late_checkpoint_20260719\enable_coperception_early_from_attentive.yaml,fullperception_pcs,full-frame,grid,utility,utility,none,0,0,,singleton,20,,,,,,,1;4,4,,{},"{""4"": 13760}",0,59.995550611790875,10,40.0,60.0,,,,,,,0,,{},,2,ns3,899,0.5,10,12,28,1,1,[59.995550611790875],[739024],,,20,70,
2026_07_29_02_32_08,000086,5,all-cavs,docs\doc_workspace\SGCP\artifacts\early_from_late_checkpoint_20260719\enable_coperception_early_from_attentive.yaml,fullperception_pcs,full-frame,grid,utility,utility,none,0,0,,singleton,20,,,,,,,5;7;13,5;7;13,7;13,"{""7"": 7, ""13"": 8}","{""5"": 13991, ""7"": 6742, ""13"": 6742}",215744,59.995550611790875,10,40.0,60.0,,,,,,,1,1,"{""5"": 13991}",,2,ns3,899,0.5,10,12,28,1,1,[59.995550611790875],[739024],7>5:3;13>5:7,,26,47,
2026_07_29_02_32_08,000086,6,all-cavs,docs\doc_workspace\SGCP\artifacts\early_from_late_checkpoint_20260719\enable_coperception_early_from_attentive.yaml,fullperception_pcs,full-frame,grid,utility,utility,none,0,0,,singleton,20,,,,,,,6;15,6;15,15,"{""15"": 8}","{""6"": 13258, ""15"": 608}",9728,59.995550611790875,10,40.0,60.0,,,,,,,1,1,"{""6"": 13258}",,2,ns3,899,0.5,10,12,28,1,1,[59.995550611790875],[739024],15>6:0,,16,52,
2026_07_29_02_32_08,000086,7,all-cavs,docs\doc_workspace\SGCP\artifacts\early_from_late_checkpoint_20260719\enable_coperception_early_from_attentive.yaml,fullperception_pcs,full-frame,grid,utility,utility,none,0,0,,singleton,20,,,,,,,5;7,7,,{},"{""7"": 13954}",0,59.995550611790875,10,40.0,60.0,,,,,,,0,,{},,2,ns3,899,0.5,10,12,28,1,1,[59.995550611790875],[739024],,,22,49,
2026_07_29_02_32_08,000086,8,all-cavs,docs\doc_workspace\SGCP\artifacts\early_from_late_checkpoint_20260719\enable_coperception_early_from_attentive.yaml,fullperception_pcs,full-frame,grid,utility,utility,none,0,0,,singleton,20,,,,,,,8;11,8,,{},"{""8"": 13733}",0,59.995550611790875,10,40.0,60.0,,,,,,,0,,{},,2,ns3,899,0.5,10,12,28,1,1,[59.995550611790875],[739024],,,23,47,
2026_07_29_02_32_08,000086,9,all-cavs,docs\doc_workspace\SGCP\artifacts\early_from_late_checkpoint_20260719\enable_coperception_early_from_attentive.yaml,fullperception_pcs,full-frame,grid,utility,utility,none,0,0,,singleton,20,,,,,,,9;20,9,,{},"{""9"": 13816}",0,59.995550611790875,10,40.0,60.0,,,,,,,0,,{},,2,ns3,899,0.5,10,12,28,1,1,[59.995550611790875],[739024],,,19,54,
2026_07_29_02_32_08,000086,10,all-cavs,docs\doc_workspace\SGCP\artifacts\early_from_late_checkpoint_20260719\enable_coperception_early_from_attentive.yaml,fullperception_pcs,full-frame,grid,utility,utility,none,0,0,,singleton,20,,,,,,,10;20,10,,{},"{""10"": 14000}",0,59.995550611790875,10,40.0,60.0,,,,,,,0,,{},,2,ns3,899,0.5,10,12,28,1,1,[59.995550611790875],[739024],,,25,68,
2026_07_29_02_32_08,000086,11,all-cavs,docs\doc_workspace\SGCP\artifacts\early_from_late_checkpoint_20260719\enable_coperception_early_from_attentive.yaml,fullperception_pcs,full-frame,grid,utility,utility,none,0,0,,singleton,20,,,,,,,8;11,11;8,8,"{""8"": 23}","{""8"": 1869, ""11"": 13863}",29904,59.995550611790875,10,40.0,60.0,,,,,,,1,1,"{""11"": 13863}",,2,ns3,899,0.5,10,12,28,1,1,[59.995550611790875],[739024],8>11:2,,25,68,
2026_07_29_02_32_08,000086,12,all-cavs,docs\doc_workspace\SGCP\artifacts\early_from_late_checkpoint_20260719\enable_coperception_early_from_attentive.yaml,fullperception_pcs,full-frame,grid,utility,utility,none,0,0,,singleton,20,,,,,,,12,12,,{},"{""12"": 14037}",0,59.995550611790875,10,40.0,60.0,,,,,,,0,,{},,2,ns3,899,0.5,10,12,28,1,1,[59.995550611790875],[739024],,,12,53,
2026_07_29_02_32_08,000086,13,all-cavs,docs\doc_workspace\SGCP\artifacts\early_from_late_checkpoint_20260719\enable_coperception_early_from_attentive.yaml,fullperception_pcs,full-frame,grid,utility,utility,none,0,0,,singleton,20,,,,,,,5;13,13,,{},"{""13"": 13599}",0,59.995550611790875,10,40.0,60.0,,,,,,,0,,{},,2,ns3,899,0.5,10,12,28,1,1,[59.995550611790875],[739024],,,13,56,
2026_07_29_02_32_08,000086,14,all-cavs,docs\doc_workspace\SGCP\artifacts\early_from_late_checkpoint_20260719\enable_coperception_early_from_attentive.yaml,fullperception_pcs,full-frame,grid,utility,utility,none,0,0,,singleton,20,,,,,,,14,14,,{},"{""14"": 14194}",0,59.995550611790875,10,40.0,60.0,,,,,,,0,,{},,2,ns3,899,0.5,10,12,28,1,1,[59.995550611790875],[739024],,,5,8,
2026_07_29_02_32_08,000086,15,all-cavs,docs\doc_workspace\SGCP\artifacts\early_from_late_checkpoint_20260719\enable_coperception_early_from_attentive.yaml,fullperception_pcs,full-frame,grid,utility,utility,none,0,0,,singleton,20,,,,,,,6;15,15,,{},"{""15"": 13534}",0,59.995550611790875,10,40.0,60.0,,,,,,,0,,{},,2,ns3,899,0.5,10,12,28,1,1,[59.995550611790875],[739024],,,16,61,
2026_07_29_02_32_08,000086,16,all-cavs,docs\doc_workspace\SGCP\artifacts\early_from_late_checkpoint_20260719\enable_coperception_early_from_attentive.yaml,fullperception_pcs,full-frame,grid,utility,utility,none,0,0,,singleton,20,,,,,,,3;16,16,,{},"{""16"": 13995}",0,59.995550611790875,10,40.0,60.0,,,,,,,0,,{},,2,ns3,899,0.5,10,12,28,1,1,[59.995550611790875],[739024],,,23,71,
2026_07_29_02_32_08,000086,17,all-cavs,docs\doc_workspace\SGCP\artifacts\early_from_late_checkpoint_20260719\enable_coperception_early_from_attentive.yaml,fullperception_pcs,full-frame,grid,utility,utility,none,0,0,,singleton,20,,,,,,,17,17,,{},"{""17"": 14140}",0,59.995550611790875,10,40.0,60.0,,,,,,,0,,{},,2,ns3,899,0.5,10,12,28,1,1,[59.995550611790875],[739024],,,20,65,
2026_07_29_02_32_08,000086,18,all-cavs,docs\doc_workspace\SGCP\artifacts\early_from_late_checkpoint_20260719\enable_coperception_early_from_attentive.yaml,fullperception_pcs,full-frame,grid,utility,utility,none,0,0,,singleton,20,,,,,,,3;18,18,,{},"{""18"": 14119}",0,59.995550611790875,10,40.0,60.0,,,,,,,0,,{},,2,ns3,899,0.5,10,12,28,1,1,[59.995550611790875],[739024],,,14,41,
2026_07_29_02_32_08,000086,19,all-cavs,docs\doc_workspace\SGCP\artifacts\early_from_late_checkpoint_20260719\enable_coperception_early_from_attentive.yaml,fullperception_pcs,full-frame,grid,utility,utility,none,0,0,,singleton,20,,,,,,,19,19,,{},"{""19"": 13697}",0,59.995550611790875,10,40.0,60.0,,,,,,,0,,{},,2,ns3,899,0.5,10,12,28,1,1,[59.995550611790875],[739024],,,14,55,
2026_07_29_02_32_08,000086,20,all-cavs,docs\doc_workspace\SGCP\artifacts\early_from_late_checkpoint_20260719\enable_coperception_early_from_attentive.yaml,fullperception_pcs,full-frame,grid,utility,utility,none,0,0,,singleton,20,,,,,,,9;10;20,20;9;10,9;10,"{""9"": 5, ""10"": 6}","{""9"": 6742, ""10"": 6742, ""20"": 13917}",215744,59.995550611790875,10,40.0,60.0,,,,,,,1,1,"{""20"": 13917}",,2,ns3,899,0.5,10,12,28,1,1,[59.995550611790875],[739024],9>20:4;10>20:1,,30,60,
2026_07_29_02_32_08,000088,1,all-cavs,docs\doc_workspace\SGCP\artifacts\early_from_late_checkpoint_20260719\enable_coperception_early_from_attentive.yaml,fullperception_pcs,full-frame,grid,utility,utility,none,0,0,,singleton,20,,,,,,,1;4,1;4,4,"{""4"": 4}","{""1"": 13967, ""4"": 6742}",107872,59.995550611790875,10,40.0,60.0,,,,,,,1,1,"{""1"": 13967}",,2,ns3,899,0.5,10,12,28,1,1,[59.995550611790875],[881696],4>1:7,,28,71,
2026_07_29_02_32_08,000088,2,all-cavs,docs\doc_workspace\SGCP\artifacts\early_from_late_checkpoint_20260719\enable_coperception_early_from_attentive.yaml,fullperception_pcs,full-frame,grid,utility,utility,none,0,0,,singleton,20,,,,,,,2,2,,{},"{""2"": 13828}",0,59.995550611790875,10,40.0,60.0,,,,,,,0,,{},,2,ns3,899,0.5,10,12,28,1,1,[59.995550611790875],[881696],,,19,71,
2026_07_29_02_32_08,000088,3,all-cavs,docs\doc_workspace\SGCP\artifacts\early_from_late_checkpoint_20260719\enable_coperception_early_from_attentive.yaml,fullperception_pcs,full-frame,grid,utility,utility,none,0,0,,singleton,20,,,,,,,3;17;18,3;17;18,17;18,"{""17"": 25, ""18"": 36}","{""3"": 14078, ""17"": 3354, ""18"": 3283}",106192,59.995550611790875,10,40.0,60.0,,,,,,,1,1,"{""3"": 14078}",,2,ns3,899,0.5,10,12,28,1,1,[59.995550611790875],[881696],17>3:0;18>3:3,,24,63,
2026_07_29_02_32_08,000088,4,all-cavs,docs\doc_workspace\SGCP\artifacts\early_from_late_checkpoint_20260719\enable_coperception_early_from_attentive.yaml,fullperception_pcs,full-frame,grid,utility,utility,none,0,0,,singleton,20,,,,,,,1;4,4,,{},"{""4"": 13764}",0,59.995550611790875,10,40.0,60.0,,,,,,,0,,{},,2,ns3,899,0.5,10,12,28,1,1,[59.995550611790875],[881696],,,19,70,
2026_07_29_02_32_08,000088,5,all-cavs,docs\doc_workspace\SGCP\artifacts\early_from_late_checkpoint_20260719\enable_coperception_early_from_attentive.yaml,fullperception_pcs,full-frame,grid,utility,utility,none,0,0,,singleton,20,,,,,,,5;7;13,5;7;13,7;13,"{""7"": 6, ""13"": 6}","{""5"": 14010, ""7"": 6742, ""13"": 6742}",215744,59.995550611790875,10,40.0,60.0,,,,,,,1,1,"{""5"": 14010}",,2,ns3,899,0.5,10,12,28,1,1,[59.995550611790875],[881696],7>5:5;13>5:8,,23,47,
2026_07_29_02_32_08,000088,6,all-cavs,docs\doc_workspace\SGCP\artifacts\early_from_late_checkpoint_20260719\enable_coperception_early_from_attentive.yaml,fullperception_pcs,full-frame,grid,utility,utility,none,0,0,,singleton,20,,,,,,,6;15,6;15,15,"{""15"": 9}","{""6"": 13280, ""15"": 726}",11616,59.995550611790875,10,40.0,60.0,,,,,,,1,1,"{""6"": 13280}",,2,ns3,899,0.5,10,12,28,1,1,[59.995550611790875],[881696],15>6:0,,15,51,
2026_07_29_02_32_08,000088,7,all-cavs,docs\doc_workspace\SGCP\artifacts\early_from_late_checkpoint_20260719\enable_coperception_early_from_attentive.yaml,fullperception_pcs,full-frame,grid,utility,utility,none,0,0,,singleton,20,,,,,,,5;7,7,,{},"{""7"": 13968}",0,59.995550611790875,10,40.0,60.0,,,,,,,0,,{},,2,ns3,899,0.5,10,12,28,1,1,[59.995550611790875],[881696],,,24,48,
2026_07_29_02_32_08,000088,8,all-cavs,docs\doc_workspace\SGCP\artifacts\early_from_late_checkpoint_20260719\enable_coperception_early_from_attentive.yaml,fullperception_pcs,full-frame,grid,utility,utility,none,0,0,,singleton,20,,,,,,,8;12,8,,{},"{""8"": 13735}",0,59.995550611790875,10,40.0,60.0,,,,,,,0,,{},,2,ns3,899,0.5,10,12,28,1,1,[59.995550611790875],[881696],,,25,47,
2026_07_29_02_32_08,000088,9,all-cavs,docs\doc_workspace\SGCP\artifacts\early_from_late_checkpoint_20260719\enable_coperception_early_from_attentive.yaml,fullperception_pcs,full-frame,grid,utility,utility,none,0,0,,singleton,20,,,,,,,9;11;16,9;11;16,11;16,"{""11"": 5, ""16"": 4}","{""9"": 13816, ""11"": 6742, ""16"": 6740}",215712,59.995550611790875,10,40.0,60.0,,,,,,,1,1,"{""9"": 13816}",,2,ns3,899,0.5,10,12,28,1,1,[59.995550611790875],[881696],11>9:2;16>9:6,,28,54,
2026_07_29_02_32_08,000088,10,all-cavs,docs\doc_workspace\SGCP\artifacts\early_from_late_checkpoint_20260719\enable_coperception_early_from_attentive.yaml,fullperception_pcs,full-frame,grid,utility,utility,none,0,0,,singleton,20,,,,,,,10;20,10,,{},"{""10"": 13995}",0,59.995550611790875,10,40.0,60.0,,,,,,,0,,{},,2,ns3,899,0.5,10,12,28,1,1,[59.995550611790875],[881696],,,23,67,
2026_07_29_02_32_08,000088,11,all-cavs,docs\doc_workspace\SGCP\artifacts\early_from_late_checkpoint_20260719\enable_coperception_early_from_attentive.yaml,fullperception_pcs,full-frame,grid,utility,utility,none,0,0,,singleton,20,,,,,,,9;11,11,,{},"{""11"": 13866}",0,59.995550611790875,10,40.0,60.0,,,,,,,0,,{},,2,ns3,899,0.5,10,12,28,1,1,[59.995550611790875],[881696],,,21,68,
2026_07_29_02_32_08,000088,12,all-cavs,docs\doc_workspace\SGCP\artifacts\early_from_late_checkpoint_20260719\enable_coperception_early_from_attentive.yaml,fullperception_pcs,full-frame,grid,utility,utility,none,0,0,,singleton,20,,,,,,,8;12,12;8,8,"{""8"": 36}","{""8"": 3447, ""12"": 14084}",55152,59.995550611790875,10,40.0,60.0,,,,,,,1,1,"{""12"": 14084}",,2,ns3,899,0.5,10,12,28,1,1,[59.995550611790875],[881696],8>12:4,,26,53,
2026_07_29_02_32_08,000088,13,all-cavs,docs\doc_workspace\SGCP\artifacts\early_from_late_checkpoint_20260719\enable_coperception_early_from_attentive.yaml,fullperception_pcs,full-frame,grid,utility,utility,none,0,0,,singleton,20,,,,,,,5;13,13,,{},"{""13"": 13598}",0,59.995550611790875,10,40.0,60.0,,,,,,,0,,{},,2,ns3,899,0.5,10,12,28,1,1,[59.995550611790875],[881696],,,12,56,
2026_07_29_02_32_08,000088,14,all-cavs,docs\doc_workspace\SGCP\artifacts\early_from_late_checkpoint_20260719\enable_coperception_early_from_attentive.yaml,fullperception_pcs,full-frame,grid,utility,utility,none,0,0,,singleton,20,,,,,,,14,14,,{},"{""14"": 14168}",0,59.995550611790875,10,40.0,60.0,,,,,,,0,,{},,2,ns3,899,0.5,10,12,28,1,1,[59.995550611790875],[881696],,,4,9,
2026_07_29_02_32_08,000088,15,all-cavs,docs\doc_workspace\SGCP\artifacts\early_from_late_checkpoint_20260719\enable_coperception_early_from_attentive.yaml,fullperception_pcs,full-frame,grid,utility,utility,none,0,0,,singleton,20,,,,,,,6;15,15,,{},"{""15"": 13521}",0,59.995550611790875,10,40.0,60.0,,,,,,,0,,{},,2,ns3,899,0.5,10,12,28,1,1,[59.995550611790875],[881696],,,15,61,
2026_07_29_02_32_08,000088,16,all-cavs,docs\doc_workspace\SGCP\artifacts\early_from_late_checkpoint_20260719\enable_coperception_early_from_attentive.yaml,fullperception_pcs,full-frame,grid,utility,utility,none,0,0,,singleton,20,,,,,,,9;16,16,,{},"{""16"": 14006}",0,59.995550611790875,10,40.0,60.0,,,,,,,0,,{},,2,ns3,899,0.5,10,12,28,1,1,[59.995550611790875],[881696],,,25,71,
2026_07_29_02_32_08,000088,17,all-cavs,docs\doc_workspace\SGCP\artifacts\early_from_late_checkpoint_20260719\enable_coperception_early_from_attentive.yaml,fullperception_pcs,full-frame,grid,utility,utility,none,0,0,,singleton,20,,,,,,,3;17,17,,{},"{""17"": 14155}",0,59.995550611790875,10,40.0,60.0,,,,,,,0,,{},,2,ns3,899,0.5,10,12,28,1,1,[59.995550611790875],[881696],,,20,65,
2026_07_29_02_32_08,000088,18,all-cavs,docs\doc_workspace\SGCP\artifacts\early_from_late_checkpoint_20260719\enable_coperception_early_from_attentive.yaml,fullperception_pcs,full-frame,grid,utility,utility,none,0,0,,singleton,20,,,,,,,3;18,18,,{},"{""18"": 14101}",0,59.995550611790875,10,40.0,60.0,,,,,,,0,,{},,2,ns3,899,0.5,10,12,28,1,1,[59.995550611790875],[881696],,,15,41,
2026_07_29_02_32_08,000088,19,all-cavs,docs\doc_workspace\SGCP\artifacts\early_from_late_checkpoint_20260719\enable_coperception_early_from_attentive.yaml,fullperception_pcs,full-frame,grid,utility,utility,none,0,0,,singleton,20,,,,,,,19;20,19,,{},"{""19"": 13696}",0,59.995550611790875,10,40.0,60.0,,,,,,,0,,{},,2,ns3,899,0.5,10,12,28,1,1,[59.995550611790875],[881696],,,16,55,
2026_07_29_02_32_08,000088,20,all-cavs,docs\doc_workspace\SGCP\artifacts\early_from_late_checkpoint_20260719\enable_coperception_early_from_attentive.yaml,fullperception_pcs,full-frame,grid,utility,utility,none,0,0,,singleton,20,,,,,,,10;19;20,20;10;19,10;19,"{""10"": 5, ""19"": 46}","{""10"": 6742, ""19"": 3846, ""20"": 13915}",169408,59.995550611790875,10,40.0,60.0,,,,,,,1,1,"{""20"": 13915}",,2,ns3,899,0.5,10,12,28,1,1,[59.995550611790875],[881696],10>20:1;19>20:9,,30,60,
2026_07_29_02_32_08,000090,1,all-cavs,docs\doc_workspace\SGCP\artifacts\early_from_late_checkpoint_20260719\enable_coperception_early_from_attentive.yaml,fullperception_pcs,full-frame,grid,utility,utility,none,0,0,,singleton,20,,,,,,,1;4,1;4,4,"{""4"": 4}","{""1"": 13964, ""4"": 6741}",107856,59.995550611790875,10,40.0,60.0,,,,,,,1,1,"{""1"": 13964}",,2,ns3,899,0.5,10,12,28,1,1,[59.995550611790875],[810736],4>1:6,,27,72,
2026_07_29_02_32_08,000090,2,all-cavs,docs\doc_workspace\SGCP\artifacts\early_from_late_checkpoint_20260719\enable_coperception_early_from_attentive.yaml,fullperception_pcs,full-frame,grid,utility,utility,none,0,0,,singleton,20,,,,,,,2,2,,{},"{""2"": 13829}",0,59.995550611790875,10,40.0,60.0,,,,,,,0,,{},,2,ns3,899,0.5,10,12,28,1,1,[59.995550611790875],[810736],,,19,71,
2026_07_29_02_32_08,000090,3,all-cavs,docs\doc_workspace\SGCP\artifacts\early_from_late_checkpoint_20260719\enable_coperception_early_from_attentive.yaml,fullperception_pcs,full-frame,grid,utility,utility,none,0,0,,singleton,20,,,,,,,3;17;18,3;17;18,17;18,"{""17"": 8, ""18"": 35}","{""3"": 14069, ""17"": 6741, ""18"": 3325}",161056,59.995550611790875,10,40.0,60.0,,,,,,,1,1,"{""3"": 14069}",,2,ns3,899,0.5,10,12,28,1,1,[59.995550611790875],[810736],17>3:0;18>3:2,,21,63,
2026_07_29_02_32_08,000090,4,all-cavs,docs\doc_workspace\SGCP\artifacts\early_from_late_checkpoint_20260719\enable_coperception_early_from_attentive.yaml,fullperception_pcs,full-frame,grid,utility,utility,none,0,0,,singleton,20,,,,,,,1;4,4,,{},"{""4"": 13767}",0,59.995550611790875,10,40.0,60.0,,,,,,,0,,{},,2,ns3,899,0.5,10,12,28,1,1,[59.995550611790875],[810736],,,20,69,
2026_07_29_02_32_08,000090,5,all-cavs,docs\doc_workspace\SGCP\artifacts\early_from_late_checkpoint_20260719\enable_coperception_early_from_attentive.yaml,fullperception_pcs,full-frame,grid,utility,utility,none,0,0,,singleton,20,,,,,,,5;7;13,5;7;13,7;13,"{""7"": 6, ""13"": 6}","{""5"": 14019, ""7"": 6742, ""13"": 6742}",215744,59.995550611790875,10,40.0,60.0,,,,,,,1,1,"{""5"": 14019}",,2,ns3,899,0.5,10,12,28,1,1,[59.995550611790875],[810736],7>5:5;13>5:7,,22,47,
2026_07_29_02_32_08,000090,6,all-cavs,docs\doc_workspace\SGCP\artifacts\early_from_late_checkpoint_20260719\enable_coperception_early_from_attentive.yaml,fullperception_pcs,full-frame,grid,utility,utility,none,0,0,,singleton,20,,,,,,,6;15,6;15,15,"{""15"": 10}","{""6"": 13267, ""15"": 3451}",55216,59.995550611790875,10,40.0,60.0,,,,,,,1,1,"{""6"": 13267}",,2,ns3,899,0.5,10,12,28,1,1,[59.995550611790875],[810736],15>6:0,,18,52,
2026_07_29_02_32_08,000090,7,all-cavs,docs\doc_workspace\SGCP\artifacts\early_from_late_checkpoint_20260719\enable_coperception_early_from_attentive.yaml,fullperception_pcs,full-frame,grid,utility,utility,none,0,0,,singleton,20,,,,,,,5;7,7,,{},"{""7"": 13956}",0,59.995550611790875,10,40.0,60.0,,,,,,,0,,{},,2,ns3,899,0.5,10,12,28,1,1,[59.995550611790875],[810736],,,23,47,
2026_07_29_02_32_08,000090,8,all-cavs,docs\doc_workspace\SGCP\artifacts\early_from_late_checkpoint_20260719\enable_coperception_early_from_attentive.yaml,fullperception_pcs,full-frame,grid,utility,utility,none,0,0,,singleton,20,,,,,,,8;12,8,,{},"{""8"": 13735}",0,59.995550611790875,10,40.0,60.0,,,,,,,0,,{},,2,ns3,899,0.5,10,12,28,1,1,[59.995550611790875],[810736],,,24,47,
2026_07_29_02_32_08,000090,9,all-cavs,docs\doc_workspace\SGCP\artifacts\early_from_late_checkpoint_20260719\enable_coperception_early_from_attentive.yaml,fullperception_pcs,full-frame,grid,utility,utility,none,0,0,,singleton,20,,,,,,,9;20,9,,{},"{""9"": 13814}",0,59.995550611790875,10,40.0,60.0,,,,,,,0,,{},,2,ns3,899,0.5,10,12,28,1,1,[59.995550611790875],[810736],,,19,54,
2026_07_29_02_32_08,000090,10,all-cavs,docs\doc_workspace\SGCP\artifacts\early_from_late_checkpoint_20260719\enable_coperception_early_from_attentive.yaml,fullperception_pcs,full-frame,grid,utility,utility,none,0,0,,singleton,20,,,,,,,10;20,10,,{},"{""10"": 13989}",0,59.995550611790875,10,40.0,60.0,,,,,,,0,,{},,2,ns3,899,0.5,10,12,28,1,1,[59.995550611790875],[810736],,,23,68,
2026_07_29_02_32_08,000090,11,all-cavs,docs\doc_workspace\SGCP\artifacts\early_from_late_checkpoint_20260719\enable_coperception_early_from_attentive.yaml,fullperception_pcs,full-frame,grid,utility,utility,none,0,0,,singleton,20,,,,,,,11,11,,{},"{""11"": 13865}",0,59.995550611790875,10,40.0,60.0,,,,,,,0,,{},,2,ns3,899,0.5,10,12,28,1,1,[59.995550611790875],[810736],,,22,68,
2026_07_29_02_32_08,000090,12,all-cavs,docs\doc_workspace\SGCP\artifacts\early_from_late_checkpoint_20260719\enable_coperception_early_from_attentive.yaml,fullperception_pcs,full-frame,grid,utility,utility,none,0,0,,singleton,20,,,,,,,8;12,12;8,8,"{""8"": 36}","{""8"": 3446, ""12"": 14081}",55136,59.995550611790875,10,40.0,60.0,,,,,,,1,1,"{""12"": 14081}",,2,ns3,899,0.5,10,12,28,1,1,[59.995550611790875],[810736],8>12:3,,25,53,
2026_07_29_02_32_08,000090,13,all-cavs,docs\doc_workspace\SGCP\artifacts\early_from_late_checkpoint_20260719\enable_coperception_early_from_attentive.yaml,fullperception_pcs,full-frame,grid,utility,utility,none,0,0,,singleton,20,,,,,,,5;13,13,,{},"{""13"": 13587}",0,59.995550611790875,10,40.0,60.0,,,,,,,0,,{},,2,ns3,899,0.5,10,12,28,1,1,[59.995550611790875],[810736],,,12,56,
2026_07_29_02_32_08,000090,14,all-cavs,docs\doc_workspace\SGCP\artifacts\early_from_late_checkpoint_20260719\enable_coperception_early_from_attentive.yaml,fullperception_pcs,full-frame,grid,utility,utility,none,0,0,,singleton,20,,,,,,,14,14,,{},"{""14"": 14121}",0,59.995550611790875,10,40.0,60.0,,,,,,,0,,{},,2,ns3,899,0.5,10,12,28,1,1,[59.995550611790875],[810736],,,3,9,
2026_07_29_02_32_08,000090,15,all-cavs,docs\doc_workspace\SGCP\artifacts\early_from_late_checkpoint_20260719\enable_coperception_early_from_attentive.yaml,fullperception_pcs,full-frame,grid,utility,utility,none,0,0,,singleton,20,,,,,,,6;15,15,,{},"{""15"": 13534}",0,59.995550611790875,10,40.0,60.0,,,,,,,0,,{},,2,ns3,899,0.5,10,12,28,1,1,[59.995550611790875],[810736],,,15,61,
2026_07_29_02_32_08,000090,16,all-cavs,docs\doc_workspace\SGCP\artifacts\early_from_late_checkpoint_20260719\enable_coperception_early_from_attentive.yaml,fullperception_pcs,full-frame,grid,utility,utility,none,0,0,,singleton,20,,,,,,,16,16,,{},"{""16"": 13992}",0,59.995550611790875,10,40.0,60.0,,,,,,,0,,{},,2,ns3,899,0.5,10,12,28,1,1,[59.995550611790875],[810736],,,26,69,
2026_07_29_02_32_08,000090,17,all-cavs,docs\doc_workspace\SGCP\artifacts\early_from_late_checkpoint_20260719\enable_coperception_early_from_attentive.yaml,fullperception_pcs,full-frame,grid,utility,utility,none,0,0,,singleton,20,,,,,,,3;17,17,,{},"{""17"": 14164}",0,59.995550611790875,10,40.0,60.0,,,,,,,0,,{},,2,ns3,899,0.5,10,12,28,1,1,[59.995550611790875],[810736],,,20,65,
2026_07_29_02_32_08,000090,18,all-cavs,docs\doc_workspace\SGCP\artifacts\early_from_late_checkpoint_20260719\enable_coperception_early_from_attentive.yaml,fullperception_pcs,full-frame,grid,utility,utility,none,0,0,,singleton,20,,,,,,,3;18,18,,{},"{""18"": 14109}",0,59.995550611790875,10,40.0,60.0,,,,,,,0,,{},,2,ns3,899,0.5,10,12,28,1,1,[59.995550611790875],[810736],,,14,41,
2026_07_29_02_32_08,000090,19,all-cavs,docs\doc_workspace\SGCP\artifacts\early_from_late_checkpoint_20260719\enable_coperception_early_from_attentive.yaml,fullperception_pcs,full-frame,grid,utility,utility,none,0,0,,singleton,20,,,,,,,19,19,,{},"{""19"": 13697}",0,59.995550611790875,10,40.0,60.0,,,,,,,0,,{},,2,ns3,899,0.5,10,12,28,1,1,[59.995550611790875],[810736],,,15,55,
2026_07_29_02_32_08,000090,20,all-cavs,docs\doc_workspace\SGCP\artifacts\early_from_late_checkpoint_20260719\enable_coperception_early_from_attentive.yaml,fullperception_pcs,full-frame,grid,utility,utility,none,0,0,,singleton,20,,,,,,,9;10;20,20;9;10,9;10,"{""9"": 5, ""10"": 6}","{""9"": 6742, ""10"": 6741, ""20"": 13914}",215728,59.995550611790875,10,40.0,60.0,,,,,,,1,1,"{""20"": 13914}",,2,ns3,899,0.5,10,12,28,1,1,[59.995550611790875],[810736],9>20:4;10>20:1,,28,60,
2026_07_29_02_32_08,000092,1,all-cavs,docs\doc_workspace\SGCP\artifacts\early_from_late_checkpoint_20260719\enable_coperception_early_from_attentive.yaml,fullperception_pcs,full-frame,grid,utility,utility,none,0,0,,singleton,20,,,,,,,1;4,1;4,4,"{""4"": 5}","{""1"": 13964, ""4"": 6741}",107856,59.995550611790875,10,40.0,60.0,,,,,,,1,1,"{""1"": 13964}",,2,ns3,899,0.5,10,12,28,1,1,[59.995550611790875],[757008],4>1:6,,24,72,
2026_07_29_02_32_08,000092,2,all-cavs,docs\doc_workspace\SGCP\artifacts\early_from_late_checkpoint_20260719\enable_coperception_early_from_attentive.yaml,fullperception_pcs,full-frame,grid,utility,utility,none,0,0,,singleton,20,,,,,,,2,2,,{},"{""2"": 13837}",0,59.995550611790875,10,40.0,60.0,,,,,,,0,,{},,2,ns3,899,0.5,10,12,28,1,1,[59.995550611790875],[757008],,,19,71,
2026_07_29_02_32_08,000092,3,all-cavs,docs\doc_workspace\SGCP\artifacts\early_from_late_checkpoint_20260719\enable_coperception_early_from_attentive.yaml,fullperception_pcs,full-frame,grid,utility,utility,none,0,0,,singleton,20,,,,,,,3;17;18,3;17;18,17;18,"{""17"": 7, ""18"": 38}","{""3"": 14099, ""17"": 6742, ""18"": 2823}",153040,59.995550611790875,10,40.0,60.0,,,,,,,1,1,"{""3"": 14099}",,2,ns3,899,0.5,10,12,28,1,1,[59.995550611790875],[757008],17>3:0;18>3:2,,18,63,
2026_07_29_02_32_08,000092,4,all-cavs,docs\doc_workspace\SGCP\artifacts\early_from_late_checkpoint_20260719\enable_coperception_early_from_attentive.yaml,fullperception_pcs,full-frame,grid,utility,utility,none,0,0,,singleton,20,,,,,,,1;4,4,,{},"{""4"": 13767}",0,59.995550611790875,10,40.0,60.0,,,,,,,0,,{},,2,ns3,899,0.5,10,12,28,1,1,[59.995550611790875],[757008],,,19,69,
2026_07_29_02_32_08,000092,5,all-cavs,docs\doc_workspace\SGCP\artifacts\early_from_late_checkpoint_20260719\enable_coperception_early_from_attentive.yaml,fullperception_pcs,full-frame,grid,utility,utility,none,0,0,,singleton,20,,,,,,,5;7;13,5;7;13,7;13,"{""7"": 5, ""13"": 6}","{""5"": 14008, ""7"": 6742, ""13"": 6742}",215744,59.995550611790875,10,40.0,60.0,,,,,,,1,1,"{""5"": 14008}",,2,ns3,899,0.5,10,12,28,1,1,[59.995550611790875],[757008],7>5:3;13>5:7,,24,47,
2026_07_29_02_32_08,000092,6,all-cavs,docs\doc_workspace\SGCP\artifacts\early_from_late_checkpoint_20260719\enable_coperception_early_from_attentive.yaml,fullperception_pcs,full-frame,grid,utility,utility,none,0,0,,singleton,20,,,,,,,6;15,6;15,15,"{""15"": 8}","{""6"": 13289, ""15"": 596}",9536,59.995550611790875,10,40.0,60.0,,,,,,,1,1,"{""6"": 13289}",,2,ns3,899,0.5,10,12,28,1,1,[59.995550611790875],[757008],15>6:0,,18,52,
2026_07_29_02_32_08,000092,7,all-cavs,docs\doc_workspace\SGCP\artifacts\early_from_late_checkpoint_20260719\enable_coperception_early_from_attentive.yaml,fullperception_pcs,full-frame,grid,utility,utility,none,0,0,,singleton,20,,,,,,,5;7,7,,{},"{""7"": 13967}",0,59.995550611790875,10,40.0,60.0,,,,,,,0,,{},,2,ns3,899,0.5,10,12,28,1,1,[59.995550611790875],[757008],,,23,47,
2026_07_29_02_32_08,000092,8,all-cavs,docs\doc_workspace\SGCP\artifacts\early_from_late_checkpoint_20260719\enable_coperception_early_from_attentive.yaml,fullperception_pcs,full-frame,grid,utility,utility,none,0,0,,singleton,20,,,,,,,8;12,8,,{},"{""8"": 13736}",0,59.995550611790875,10,40.0,60.0,,,,,,,0,,{},,2,ns3,899,0.5,10,12,28,1,1,[59.995550611790875],[757008],,,23,47,
2026_07_29_02_32_08,000092,9,all-cavs,docs\doc_workspace\SGCP\artifacts\early_from_late_checkpoint_20260719\enable_coperception_early_from_attentive.yaml,fullperception_pcs,full-frame,grid,utility,utility,none,0,0,,singleton,20,,,,,,,9;20,9,,{},"{""9"": 13812}",0,59.995550611790875,10,40.0,60.0,,,,,,,0,,{},,2,ns3,899,0.5,10,12,28,1,1,[59.995550611790875],[757008],,,20,54,
2026_07_29_02_32_08,000092,10,all-cavs,docs\doc_workspace\SGCP\artifacts\early_from_late_checkpoint_20260719\enable_coperception_early_from_attentive.yaml,fullperception_pcs,full-frame,grid,utility,utility,none,0,0,,singleton,20,,,,,,,10;20,10,,{},"{""10"": 13986}",0,59.995550611790875,10,40.0,60.0,,,,,,,0,,{},,2,ns3,899,0.5,10,12,28,1,1,[59.995550611790875],[757008],,,24,68,
2026_07_29_02_32_08,000092,11,all-cavs,docs\doc_workspace\SGCP\artifacts\early_from_late_checkpoint_20260719\enable_coperception_early_from_attentive.yaml,fullperception_pcs,full-frame,grid,utility,utility,none,0,0,,singleton,20,,,,,,,11,11,,{},"{""11"": 13865}",0,59.995550611790875,10,40.0,60.0,,,,,,,0,,{},,2,ns3,899,0.5,10,12,28,1,1,[59.995550611790875],[757008],,,19,68,
2026_07_29_02_32_08,000092,12,all-cavs,docs\doc_workspace\SGCP\artifacts\early_from_late_checkpoint_20260719\enable_coperception_early_from_attentive.yaml,fullperception_pcs,full-frame,grid,utility,utility,none,0,0,,singleton,20,,,,,,,8;12,12;8,8,"{""8"": 36}","{""8"": 3443, ""12"": 14115}",55088,59.995550611790875,10,40.0,60.0,,,,,,,1,1,"{""12"": 14115}",,2,ns3,899,0.5,10,12,28,1,1,[59.995550611790875],[757008],8>12:4,,25,53,
2026_07_29_02_32_08,000092,13,all-cavs,docs\doc_workspace\SGCP\artifacts\early_from_late_checkpoint_20260719\enable_coperception_early_from_attentive.yaml,fullperception_pcs,full-frame,grid,utility,utility,none,0,0,,singleton,20,,,,,,,5;13,13,,{},"{""13"": 13577}",0,59.995550611790875,10,40.0,60.0,,,,,,,0,,{},,2,ns3,899,0.5,10,12,28,1,1,[59.995550611790875],[757008],,,11,56,
2026_07_29_02_32_08,000092,14,all-cavs,docs\doc_workspace\SGCP\artifacts\early_from_late_checkpoint_20260719\enable_coperception_early_from_attentive.yaml,fullperception_pcs,full-frame,grid,utility,utility,none,0,0,,singleton,20,,,,,,,14,14,,{},"{""14"": 14072}",0,59.995550611790875,10,40.0,60.0,,,,,,,0,,{},,2,ns3,899,0.5,10,12,28,1,1,[59.995550611790875],[757008],,,4,9,
2026_07_29_02_32_08,000092,15,all-cavs,docs\doc_workspace\SGCP\artifacts\early_from_late_checkpoint_20260719\enable_coperception_early_from_attentive.yaml,fullperception_pcs,full-frame,grid,utility,utility,none,0,0,,singleton,20,,,,,,,6;15,15,,{},"{""15"": 13570}",0,59.995550611790875,10,40.0,60.0,,,,,,,0,,{},,2,ns3,899,0.5,10,12,28,1,1,[59.995550611790875],[757008],,,14,61,
2026_07_29_02_32_08,000092,16,all-cavs,docs\doc_workspace\SGCP\artifacts\early_from_late_checkpoint_20260719\enable_coperception_early_from_attentive.yaml,fullperception_pcs,full-frame,grid,utility,utility,none,0,0,,singleton,20,,,,,,,16,16,,{},"{""16"": 14026}",0,59.995550611790875,10,40.0,60.0,,,,,,,0,,{},,2,ns3,899,0.5,10,12,28,1,1,[59.995550611790875],[757008],,,24,69,
2026_07_29_02_32_08,000092,17,all-cavs,docs\doc_workspace\SGCP\artifacts\early_from_late_checkpoint_20260719\enable_coperception_early_from_attentive.yaml,fullperception_pcs,full-frame,grid,utility,utility,none,0,0,,singleton,20,,,,,,,3;17,17,,{},"{""17"": 14182}",0,59.995550611790875,10,40.0,60.0,,,,,,,0,,{},,2,ns3,899,0.5,10,12,28,1,1,[59.995550611790875],[757008],,,20,65,
2026_07_29_02_32_08,000092,18,all-cavs,docs\doc_workspace\SGCP\artifacts\early_from_late_checkpoint_20260719\enable_coperception_early_from_attentive.yaml,fullperception_pcs,full-frame,grid,utility,utility,none,0,0,,singleton,20,,,,,,,3;18,18,,{},"{""18"": 14082}",0,59.995550611790875,10,40.0,60.0,,,,,,,0,,{},,2,ns3,899,0.5,10,12,28,1,1,[59.995550611790875],[757008],,,14,40,
2026_07_29_02_32_08,000092,19,all-cavs,docs\doc_workspace\SGCP\artifacts\early_from_late_checkpoint_20260719\enable_coperception_early_from_attentive.yaml,fullperception_pcs,full-frame,grid,utility,utility,none,0,0,,singleton,20,,,,,,,19,19,,{},"{""19"": 13697}",0,59.995550611790875,10,40.0,60.0,,,,,,,0,,{},,2,ns3,899,0.5,10,12,28,1,1,[59.995550611790875],[757008],,,15,56,
2026_07_29_02_32_08,000092,20,all-cavs,docs\doc_workspace\SGCP\artifacts\early_from_late_checkpoint_20260719\enable_coperception_early_from_attentive.yaml,fullperception_pcs,full-frame,grid,utility,utility,none,0,0,,singleton,20,,,,,,,9;10;20,20;9;10,9;10,"{""9"": 5, ""10"": 5}","{""9"": 6742, ""10"": 6742, ""20"": 13912}",215744,59.995550611790875,10,40.0,60.0,,,,,,,1,1,"{""20"": 13912}",,2,ns3,899,0.5,10,12,28,1,1,[59.995550611790875],[757008],9>20:5;10>20:1,,28,59,
2026_07_29_02_32_08,000094,1,all-cavs,docs\doc_workspace\SGCP\artifacts\early_from_late_checkpoint_20260719\enable_coperception_early_from_attentive.yaml,fullperception_pcs,full-frame,grid,utility,utility,none,0,0,,singleton,20,,,,,,,1;4,1;4,4,"{""4"": 5}","{""1"": 13962, ""4"": 6741}",107856,59.995550611790875,10,40.0,60.0,,,,,,,1,1,"{""1"": 13962}",,2,ns3,899,0.5,10,12,28,1,1,[59.995550611790875],[758480],4>1:6,,24,72,
2026_07_29_02_32_08,000094,2,all-cavs,docs\doc_workspace\SGCP\artifacts\early_from_late_checkpoint_20260719\enable_coperception_early_from_attentive.yaml,fullperception_pcs,full-frame,grid,utility,utility,none,0,0,,singleton,20,,,,,,,2,2,,{},"{""2"": 13842}",0,59.995550611790875,10,40.0,60.0,,,,,,,0,,{},,2,ns3,899,0.5,10,12,28,1,1,[59.995550611790875],[758480],,,19,70,
2026_07_29_02_32_08,000094,3,all-cavs,docs\doc_workspace\SGCP\artifacts\early_from_late_checkpoint_20260719\enable_coperception_early_from_attentive.yaml,fullperception_pcs,full-frame,grid,utility,utility,none,0,0,,singleton,20,,,,,,,3;17;18,3;17;18,17;18,"{""17"": 6, ""18"": 38}","{""3"": 14104, ""17"": 6740, ""18"": 2866}",153696,59.995550611790875,10,40.0,60.0,,,,,,,1,1,"{""3"": 14104}",,2,ns3,899,0.5,10,12,28,1,1,[59.995550611790875],[758480],17>3:0;18>3:4,,21,61,
2026_07_29_02_32_08,000094,4,all-cavs,docs\doc_workspace\SGCP\artifacts\early_from_late_checkpoint_20260719\enable_coperception_early_from_attentive.yaml,fullperception_pcs,full-frame,grid,utility,utility,none,0,0,,singleton,20,,,,,,,1;4,4,,{},"{""4"": 13766}",0,59.995550611790875,10,40.0,60.0,,,,,,,0,,{},,2,ns3,899,0.5,10,12,28,1,1,[59.995550611790875],[758480],,,19,69,
2026_07_29_02_32_08,000094,5,all-cavs,docs\doc_workspace\SGCP\artifacts\early_from_late_checkpoint_20260719\enable_coperception_early_from_attentive.yaml,fullperception_pcs,full-frame,grid,utility,utility,none,0,0,,singleton,20,,,,,,,5;7;13,5;7;13,7;13,"{""7"": 6, ""13"": 5}","{""5"": 13985, ""7"": 6742, ""13"": 6742}",215744,59.995550611790875,10,40.0,60.0,,,,,,,1,1,"{""5"": 13985}",,2,ns3,899,0.5,10,12,28,1,1,[59.995550611790875],[758480],7>5:2;13>5:7,,28,48,
2026_07_29_02_32_08,000094,6,all-cavs,docs\doc_workspace\SGCP\artifacts\early_from_late_checkpoint_20260719\enable_coperception_early_from_attentive.yaml,fullperception_pcs,full-frame,grid,utility,utility,none,0,0,,singleton,20,,,,,,,6;15,6;15,15,"{""15"": 9}","{""6"": 13290, ""15"": 649}",10384,59.995550611790875,10,40.0,60.0,,,,,,,1,1,"{""6"": 13290}",,2,ns3,899,0.5,10,12,28,1,1,[59.995550611790875],[758480],15>6:0,,17,52,
2026_07_29_02_32_08,000094,7,all-cavs,docs\doc_workspace\SGCP\artifacts\early_from_late_checkpoint_20260719\enable_coperception_early_from_attentive.yaml,fullperception_pcs,full-frame,grid,utility,utility,none,0,0,,singleton,20,,,,,,,5;7,7,,{},"{""7"": 13950}",0,59.995550611790875,10,40.0,60.0,,,,,,,0,,{},,2,ns3,899,0.5,10,12,28,1,1,[59.995550611790875],[758480],,,24,47,
2026_07_29_02_32_08,000094,8,all-cavs,docs\doc_workspace\SGCP\artifacts\early_from_late_checkpoint_20260719\enable_coperception_early_from_attentive.yaml,fullperception_pcs,full-frame,grid,utility,utility,none,0,0,,singleton,20,,,,,,,8;12,8,,{},"{""8"": 13735}",0,59.995550611790875,10,40.0,60.0,,,,,,,0,,{},,2,ns3,899,0.5,10,12,28,1,1,[59.995550611790875],[758480],,,24,47,
2026_07_29_02_32_08,000094,9,all-cavs,docs\doc_workspace\SGCP\artifacts\early_from_late_checkpoint_20260719\enable_coperception_early_from_attentive.yaml,fullperception_pcs,full-frame,grid,utility,utility,none,0,0,,singleton,20,,,,,,,9;20,9,,{},"{""9"": 13811}",0,59.995550611790875,10,40.0,60.0,,,,,,,0,,{},,2,ns3,899,0.5,10,12,28,1,1,[59.995550611790875],[758480],,,20,54,
2026_07_29_02_32_08,000094,10,all-cavs,docs\doc_workspace\SGCP\artifacts\early_from_late_checkpoint_20260719\enable_coperception_early_from_attentive.yaml,fullperception_pcs,full-frame,grid,utility,utility,none,0,0,,singleton,20,,,,,,,10;20,10,,{},"{""10"": 13987}",0,59.995550611790875,10,40.0,60.0,,,,,,,0,,{},,2,ns3,899,0.5,10,12,28,1,1,[59.995550611790875],[758480],,,23,68,
2026_07_29_02_32_08,000094,11,all-cavs,docs\doc_workspace\SGCP\artifacts\early_from_late_checkpoint_20260719\enable_coperception_early_from_attentive.yaml,fullperception_pcs,full-frame,grid,utility,utility,none,0,0,,singleton,20,,,,,,,11,11,,{},"{""11"": 13867}",0,59.995550611790875,10,40.0,60.0,,,,,,,0,,{},,2,ns3,899,0.5,10,12,28,1,1,[59.995550611790875],[758480],,,20,68,
2026_07_29_02_32_08,000094,12,all-cavs,docs\doc_workspace\SGCP\artifacts\early_from_late_checkpoint_20260719\enable_coperception_early_from_attentive.yaml,fullperception_pcs,full-frame,grid,utility,utility,none,0,0,,singleton,20,,,,,,,8;12,12;8,8,"{""8"": 36}","{""8"": 3441, ""12"": 14132}",55056,59.995550611790875,10,40.0,60.0,,,,,,,1,1,"{""12"": 14132}",,2,ns3,899,0.5,10,12,28,1,1,[59.995550611790875],[758480],8>12:3,,25,53,
2026_07_29_02_32_08,000094,13,all-cavs,docs\doc_workspace\SGCP\artifacts\early_from_late_checkpoint_20260719\enable_coperception_early_from_attentive.yaml,fullperception_pcs,full-frame,grid,utility,utility,none,0,0,,singleton,20,,,,,,,5;13,13,,{},"{""13"": 13577}",0,59.995550611790875,10,40.0,60.0,,,,,,,0,,{},,2,ns3,899,0.5,10,12,28,1,1,[59.995550611790875],[758480],,,14,56,
2026_07_29_02_32_08,000094,14,all-cavs,docs\doc_workspace\SGCP\artifacts\early_from_late_checkpoint_20260719\enable_coperception_early_from_attentive.yaml,fullperception_pcs,full-frame,grid,utility,utility,none,0,0,,singleton,20,,,,,,,14,14,,{},"{""14"": 14008}",0,59.995550611790875,10,40.0,60.0,,,,,,,0,,{},,2,ns3,899,0.5,10,12,28,1,1,[59.995550611790875],[758480],,,5,9,
2026_07_29_02_32_08,000094,15,all-cavs,docs\doc_workspace\SGCP\artifacts\early_from_late_checkpoint_20260719\enable_coperception_early_from_attentive.yaml,fullperception_pcs,full-frame,grid,utility,utility,none,0,0,,singleton,20,,,,,,,6;15,15,,{},"{""15"": 13568}",0,59.995550611790875,10,40.0,60.0,,,,,,,0,,{},,2,ns3,899,0.5,10,12,28,1,1,[59.995550611790875],[758480],,,16,61,
2026_07_29_02_32_08,000094,16,all-cavs,docs\doc_workspace\SGCP\artifacts\early_from_late_checkpoint_20260719\enable_coperception_early_from_attentive.yaml,fullperception_pcs,full-frame,grid,utility,utility,none,0,0,,singleton,20,,,,,,,16,16,,{},"{""16"": 14054}",0,59.995550611790875,10,40.0,60.0,,,,,,,0,,{},,2,ns3,899,0.5,10,12,28,1,1,[59.995550611790875],[758480],,,24,69,
2026_07_29_02_32_08,000094,17,all-cavs,docs\doc_workspace\SGCP\artifacts\early_from_late_checkpoint_20260719\enable_coperception_early_from_attentive.yaml,fullperception_pcs,full-frame,grid,utility,utility,none,0,0,,singleton,20,,,,,,,3;17,17,,{},"{""17"": 14181}",0,59.995550611790875,10,40.0,60.0,,,,,,,0,,{},,2,ns3,899,0.5,10,12,28,1,1,[59.995550611790875],[758480],,,19,66,
2026_07_29_02_32_08,000094,18,all-cavs,docs\doc_workspace\SGCP\artifacts\early_from_late_checkpoint_20260719\enable_coperception_early_from_attentive.yaml,fullperception_pcs,full-frame,grid,utility,utility,none,0,0,,singleton,20,,,,,,,3;18,18,,{},"{""18"": 14076}",0,59.995550611790875,10,40.0,60.0,,,,,,,0,,{},,2,ns3,899,0.5,10,12,28,1,1,[59.995550611790875],[758480],,,15,39,
2026_07_29_02_32_08,000094,19,all-cavs,docs\doc_workspace\SGCP\artifacts\early_from_late_checkpoint_20260719\enable_coperception_early_from_attentive.yaml,fullperception_pcs,full-frame,grid,utility,utility,none,0,0,,singleton,20,,,,,,,19,19,,{},"{""19"": 13695}",0,59.995550611790875,10,40.0,60.0,,,,,,,0,,{},,2,ns3,899,0.5,10,12,28,1,1,[59.995550611790875],[758480],,,16,56,
2026_07_29_02_32_08,000094,20,all-cavs,docs\doc_workspace\SGCP\artifacts\early_from_late_checkpoint_20260719\enable_coperception_early_from_attentive.yaml,fullperception_pcs,full-frame,grid,utility,utility,none,0,0,,singleton,20,,,,,,,9;10;20,20;9;10,9;10,"{""9"": 5, ""10"": 5}","{""9"": 6742, ""10"": 6742, ""20"": 13905}",215744,59.995550611790875,10,40.0,60.0,,,,,,,1,1,"{""20"": 13905}",,2,ns3,899,0.5,10,12,28,1,1,[59.995550611790875],[758480],9>20:5;10>20:1,,28,59,
2026_07_29_02_32_08,000096,1,all-cavs,docs\doc_workspace\SGCP\artifacts\early_from_late_checkpoint_20260719\enable_coperception_early_from_attentive.yaml,fullperception_pcs,full-frame,grid,utility,utility,none,0,0,,singleton,20,,,,,,,1;4,1;4,4,"{""4"": 6}","{""1"": 13962, ""4"": 6742}",107872,59.995550611790875,10,40.0,60.0,,,,,,,1,1,"{""1"": 13962}",,2,ns3,899,0.5,10,12,28,1,1,[59.995550611790875],[695664],4>1:6,,27,72,
2026_07_29_02_32_08,000096,2,all-cavs,docs\doc_workspace\SGCP\artifacts\early_from_late_checkpoint_20260719\enable_coperception_early_from_attentive.yaml,fullperception_pcs,full-frame,grid,utility,utility,none,0,0,,singleton,20,,,,,,,2,2,,{},"{""2"": 13853}",0,59.995550611790875,10,40.0,60.0,,,,,,,0,,{},,2,ns3,899,0.5,10,12,28,1,1,[59.995550611790875],[695664],,,18,70,
2026_07_29_02_32_08,000096,3,all-cavs,docs\doc_workspace\SGCP\artifacts\early_from_late_checkpoint_20260719\enable_coperception_early_from_attentive.yaml,fullperception_pcs,full-frame,grid,utility,utility,none,0,0,,singleton,20,,,,,,,3;18,3;18,18,"{""18"": 39}","{""3"": 14114, ""18"": 2911}",46576,59.995550611790875,10,40.0,60.0,,,,,,,1,1,"{""3"": 14114}",,2,ns3,899,0.5,10,12,28,1,1,[59.995550611790875],[695664],18>3:3,,19,61,
2026_07_29_02_32_08,000096,4,all-cavs,docs\doc_workspace\SGCP\artifacts\early_from_late_checkpoint_20260719\enable_coperception_early_from_attentive.yaml,fullperception_pcs,full-frame,grid,utility,utility,none,0,0,,singleton,20,,,,,,,1;4,4,,{},"{""4"": 13769}",0,59.995550611790875,10,40.0,60.0,,,,,,,0,,{},,2,ns3,899,0.5,10,12,28,1,1,[59.995550611790875],[695664],,,22,69,
2026_07_29_02_32_08,000096,5,all-cavs,docs\doc_workspace\SGCP\artifacts\early_from_late_checkpoint_20260719\enable_coperception_early_from_attentive.yaml,fullperception_pcs,full-frame,grid,utility,utility,none,0,0,,singleton,20,,,,,,,5;13,5;13,13,"{""13"": 5}","{""5"": 14010, ""13"": 6742}",107872,59.995550611790875,10,40.0,60.0,,,,,,,1,1,"{""5"": 14010}",,2,ns3,899,0.5,10,12,28,1,1,[59.995550611790875],[695664],13>5:7,,20,48,
2026_07_29_02_32_08,000096,6,all-cavs,docs\doc_workspace\SGCP\artifacts\early_from_late_checkpoint_20260719\enable_coperception_early_from_attentive.yaml,fullperception_pcs,full-frame,grid,utility,utility,none,0,0,,singleton,20,,,,,,,6;15,6;15,15,"{""15"": 10}","{""6"": 13277, ""15"": 691}",11056,59.995550611790875,10,40.0,60.0,,,,,,,1,1,"{""6"": 13277}",,2,ns3,899,0.5,10,12,28,1,1,[59.995550611790875],[695664],15>6:0,,17,52,
2026_07_29_02_32_08,000096,7,all-cavs,docs\doc_workspace\SGCP\artifacts\early_from_late_checkpoint_20260719\enable_coperception_early_from_attentive.yaml,fullperception_pcs,full-frame,grid,utility,utility,none,0,0,,singleton,20,,,,,,,7;16,7,,{},"{""7"": 13966}",0,59.995550611790875,10,40.0,60.0,,,,,,,0,,{},,2,ns3,899,0.5,10,12,28,1,1,[59.995550611790875],[695664],,,22,47,
2026_07_29_02_32_08,000096,8,all-cavs,docs\doc_workspace\SGCP\artifacts\early_from_late_checkpoint_20260719\enable_coperception_early_from_attentive.yaml,fullperception_pcs,full-frame,grid,utility,utility,none,0,0,,singleton,20,,,,,,,8;12,8,,{},"{""8"": 13737}",0,59.995550611790875,10,40.0,60.0,,,,,,,0,,{},,2,ns3,899,0.5,10,12,28,1,1,[59.995550611790875],[695664],,,23,47,
2026_07_29_02_32_08,000096,9,all-cavs,docs\doc_workspace\SGCP\artifacts\early_from_late_checkpoint_20260719\enable_coperception_early_from_attentive.yaml,fullperception_pcs,full-frame,grid,utility,utility,none,0,0,,singleton,20,,,,,,,9;20,9,,{},"{""9"": 13810}",0,59.995550611790875,10,40.0,60.0,,,,,,,0,,{},,2,ns3,899,0.5,10,12,28,1,1,[59.995550611790875],[695664],,,20,54,
2026_07_29_02_32_08,000096,10,all-cavs,docs\doc_workspace\SGCP\artifacts\early_from_late_checkpoint_20260719\enable_coperception_early_from_attentive.yaml,fullperception_pcs,full-frame,grid,utility,utility,none,0,0,,singleton,20,,,,,,,10;20,10,,{},"{""10"": 13986}",0,59.995550611790875,10,40.0,60.0,,,,,,,0,,{},,2,ns3,899,0.5,10,12,28,1,1,[59.995550611790875],[695664],,,24,68,
2026_07_29_02_32_08,000096,11,all-cavs,docs\doc_workspace\SGCP\artifacts\early_from_late_checkpoint_20260719\enable_coperception_early_from_attentive.yaml,fullperception_pcs,full-frame,grid,utility,utility,none,0,0,,singleton,20,,,,,,,11,11,,{},"{""11"": 13865}",0,59.995550611790875,10,40.0,60.0,,,,,,,0,,{},,2,ns3,899,0.5,10,12,28,1,1,[59.995550611790875],[695664],,,21,68,
2026_07_29_02_32_08,000096,12,all-cavs,docs\doc_workspace\SGCP\artifacts\early_from_late_checkpoint_20260719\enable_coperception_early_from_attentive.yaml,fullperception_pcs,full-frame,grid,utility,utility,none,0,0,,singleton,20,,,,,,,8;12,12;8,8,"{""8"": 36}","{""8"": 3443, ""12"": 14132}",55088,59.995550611790875,10,40.0,60.0,,,,,,,1,1,"{""12"": 14132}",,2,ns3,899,0.5,10,12,28,1,1,[59.995550611790875],[695664],8>12:2,,25,53,
2026_07_29_02_32_08,000096,13,all-cavs,docs\doc_workspace\SGCP\artifacts\early_from_late_checkpoint_20260719\enable_coperception_early_from_attentive.yaml,fullperception_pcs,full-frame,grid,utility,utility,none,0,0,,singleton,20,,,,,,,5;13,13,,{},"{""13"": 13525}",0,59.995550611790875,10,40.0,60.0,,,,,,,0,,{},,2,ns3,899,0.5,10,12,28,1,1,[59.995550611790875],[695664],,,11,54,
2026_07_29_02_32_08,000096,14,all-cavs,docs\doc_workspace\SGCP\artifacts\early_from_late_checkpoint_20260719\enable_coperception_early_from_attentive.yaml,fullperception_pcs,full-frame,grid,utility,utility,none,0,0,,singleton,20,,,,,,,14,14,,{},"{""14"": 13863}",0,59.995550611790875,10,40.0,60.0,,,,,,,0,,{},,2,ns3,899,0.5,10,12,28,1,1,[59.995550611790875],[695664],,,4,9,
2026_07_29_02_32_08,000096,15,all-cavs,docs\doc_workspace\SGCP\artifacts\early_from_late_checkpoint_20260719\enable_coperception_early_from_attentive.yaml,fullperception_pcs,full-frame,grid,utility,utility,none,0,0,,singleton,20,,,,,,,6;15,15,,{},"{""15"": 13554}",0,59.995550611790875,10,40.0,60.0,,,,,,,0,,{},,2,ns3,899,0.5,10,12,28,1,1,[59.995550611790875],[695664],,,16,61,
2026_07_29_02_32_08,000096,16,all-cavs,docs\doc_workspace\SGCP\artifacts\early_from_late_checkpoint_20260719\enable_coperception_early_from_attentive.yaml,fullperception_pcs,full-frame,grid,utility,utility,none,0,0,,singleton,20,,,,,,,7;16;17,16;7;17,7;17,"{""7"": 5, ""17"": 31}","{""7"": 6742, ""16"": 14023, ""17"": 2724}",151456,59.995550611790875,10,40.0,60.0,,,,,,,1,1,"{""16"": 14023}",,2,ns3,899,0.5,10,12,28,1,1,[59.995550611790875],[695664],7>16:5;17>16:0,,31,69,
2026_07_29_02_32_08,000096,17,all-cavs,docs\doc_workspace\SGCP\artifacts\early_from_late_checkpoint_20260719\enable_coperception_early_from_attentive.yaml,fullperception_pcs,full-frame,grid,utility,utility,none,0,0,,singleton,20,,,,,,,16;17,17,,{},"{""17"": 14183}",0,59.995550611790875,10,40.0,60.0,,,,,,,0,,{},,2,ns3,899,0.5,10,12,28,1,1,[59.995550611790875],[695664],,,20,66,
2026_07_29_02_32_08,000096,18,all-cavs,docs\doc_workspace\SGCP\artifacts\early_from_late_checkpoint_20260719\enable_coperception_early_from_attentive.yaml,fullperception_pcs,full-frame,grid,utility,utility,none,0,0,,singleton,20,,,,,,,3;18,18,,{},"{""18"": 14073}",0,59.995550611790875,10,40.0,60.0,,,,,,,0,,{},,2,ns3,899,0.5,10,12,28,1,1,[59.995550611790875],[695664],,,14,39,
2026_07_29_02_32_08,000096,19,all-cavs,docs\doc_workspace\SGCP\artifacts\early_from_late_checkpoint_20260719\enable_coperception_early_from_attentive.yaml,fullperception_pcs,full-frame,grid,utility,utility,none,0,0,,singleton,20,,,,,,,19,19,,{},"{""19"": 13696}",0,59.995550611790875,10,40.0,60.0,,,,,,,0,,{},,2,ns3,899,0.5,10,12,28,1,1,[59.995550611790875],[695664],,,13,56,
2026_07_29_02_32_08,000096,20,all-cavs,docs\doc_workspace\SGCP\artifacts\early_from_late_checkpoint_20260719\enable_coperception_early_from_attentive.yaml,fullperception_pcs,full-frame,grid,utility,utility,none,0,0,,singleton,20,,,,,,,9;10;20,20;9;10,9;10,"{""9"": 5, ""10"": 5}","{""9"": 6742, ""10"": 6742, ""20"": 13901}",215744,59.995550611790875,10,40.0,60.0,,,,,,,1,1,"{""20"": 13901}",,2,ns3,899,0.5,10,12,28,1,1,[59.995550611790875],[695664],9>20:4;10>20:1,,27,59,
2026_07_29_02_32_08,000098,1,all-cavs,docs\doc_workspace\SGCP\artifacts\early_from_late_checkpoint_20260719\enable_coperception_early_from_attentive.yaml,fullperception_pcs,full-frame,grid,utility,utility,none,0,0,,singleton,20,,,,,,,1;4,1;4,4,"{""4"": 6}","{""1"": 13964, ""4"": 6741}",107856,59.995550611790875,10,40.0,60.0,,,,,,,1,1,"{""1"": 13964}",,2,ns3,899,0.5,10,12,28,1,1,[59.995550611790875],[823072],4>1:7,,26,72,
2026_07_29_02_32_08,000098,2,all-cavs,docs\doc_workspace\SGCP\artifacts\early_from_late_checkpoint_20260719\enable_coperception_early_from_attentive.yaml,fullperception_pcs,full-frame,grid,utility,utility,none,0,0,,singleton,20,,,,,,,2;10,2,,{},"{""2"": 13857}",0,59.995550611790875,10,40.0,60.0,,,,,,,0,,{},,2,ns3,899,0.5,10,12,28,1,1,[59.995550611790875],[823072],,,18,70,
2026_07_29_02_32_08,000098,3,all-cavs,docs\doc_workspace\SGCP\artifacts\early_from_late_checkpoint_20260719\enable_coperception_early_from_attentive.yaml,fullperception_pcs,full-frame,grid,utility,utility,none,0,0,,singleton,20,,,,,,,3;17;18,3;17;18,17;18,"{""17"": 7, ""18"": 37}","{""3"": 14132, ""17"": 6740, ""18"": 2961}",155216,59.995550611790875,10,40.0,60.0,,,,,,,1,1,"{""3"": 14132}",,2,ns3,899,0.5,10,12,28,1,1,[59.995550611790875],[823072],17>3:0;18>3:3,,19,61,
2026_07_29_02_32_08,000098,4,all-cavs,docs\doc_workspace\SGCP\artifacts\early_from_late_checkpoint_20260719\enable_coperception_early_from_attentive.yaml,fullperception_pcs,full-frame,grid,utility,utility,none,0,0,,singleton,20,,,,,,,1;4,4,,{},"{""4"": 13767}",0,59.995550611790875,10,40.0,60.0,,,,,,,0,,{},,2,ns3,899,0.5,10,12,28,1,1,[59.995550611790875],[823072],,,19,69,
2026_07_29_02_32_08,000098,5,all-cavs,docs\doc_workspace\SGCP\artifacts\early_from_late_checkpoint_20260719\enable_coperception_early_from_attentive.yaml,fullperception_pcs,full-frame,grid,utility,utility,none,0,0,,singleton,20,,,,,,,5;7,5;7,7,"{""7"": 6}","{""5"": 13978, ""7"": 6741}",107856,59.995550611790875,10,40.0,60.0,,,,,,,1,1,"{""5"": 13978}",,2,ns3,899,0.5,10,12,28,1,1,[59.995550611790875],[823072],7>5:4,,22,48,
2026_07_29_02_32_08,000098,6,all-cavs,docs\doc_workspace\SGCP\artifacts\early_from_late_checkpoint_20260719\enable_coperception_early_from_attentive.yaml,fullperception_pcs,full-frame,grid,utility,utility,none,0,0,,singleton,20,,,,,,,6;15,6;15,15,"{""15"": 10}","{""6"": 13298, ""15"": 705}",11280,59.995550611790875,10,40.0,60.0,,,,,,,1,1,"{""6"": 13298}",,2,ns3,899,0.5,10,12,28,1,1,[59.995550611790875],[823072],15>6:0,,17,53,
2026_07_29_02_32_08,000098,7,all-cavs,docs\doc_workspace\SGCP\artifacts\early_from_late_checkpoint_20260719\enable_coperception_early_from_attentive.yaml,fullperception_pcs,full-frame,grid,utility,utility,none,0,0,,singleton,20,,,,,,,5;7,7,,{},"{""7"": 13937}",0,59.995550611790875,10,40.0,60.0,,,,,,,0,,{},,2,ns3,899,0.5,10,12,28,1,1,[59.995550611790875],[823072],,,25,46,
2026_07_29_02_32_08,000098,8,all-cavs,docs\doc_workspace\SGCP\artifacts\early_from_late_checkpoint_20260719\enable_coperception_early_from_attentive.yaml,fullperception_pcs,full-frame,grid,utility,utility,none,0,0,,singleton,20,,,,,,,8;12,8,,{},"{""8"": 13742}",0,59.995550611790875,10,40.0,60.0,,,,,,,0,,{},,2,ns3,899,0.5,10,12,28,1,1,[59.995550611790875],[823072],,,23,47,
2026_07_29_02_32_08,000098,9,all-cavs,docs\doc_workspace\SGCP\artifacts\early_from_late_checkpoint_20260719\enable_coperception_early_from_attentive.yaml,fullperception_pcs,full-frame,grid,utility,utility,none,0,0,,singleton,20,,,,,,,9;20,9,,{},"{""9"": 13810}",0,59.995550611790875,10,40.0,60.0,,,,,,,0,,{},,2,ns3,899,0.5,10,12,28,1,1,[59.995550611790875],[823072],,,19,54,
2026_07_29_02_32_08,000098,10,all-cavs,docs\doc_workspace\SGCP\artifacts\early_from_late_checkpoint_20260719\enable_coperception_early_from_attentive.yaml,fullperception_pcs,full-frame,grid,utility,utility,none,0,0,,singleton,20,,,,,,,2;10;11,10;2;11,2;11,"{""2"": 4, ""11"": 6}","{""2"": 6741, ""10"": 13986, ""11"": 6742}",215728,59.995550611790875,10,40.0,60.0,,,,,,,1,1,"{""10"": 13986}",,2,ns3,899,0.5,10,12,28,1,1,[59.995550611790875],[823072],2>10:2;11>10:1,,26,68,
2026_07_29_02_32_08,000098,11,all-cavs,docs\doc_workspace\SGCP\artifacts\early_from_late_checkpoint_20260719\enable_coperception_early_from_attentive.yaml,fullperception_pcs,full-frame,grid,utility,utility,none,0,0,,singleton,20,,,,,,,10;11,11,,{},"{""11"": 13864}",0,59.995550611790875,10,40.0,60.0,,,,,,,0,,{},,2,ns3,899,0.5,10,12,28,1,1,[59.995550611790875],[823072],,,19,68,
2026_07_29_02_32_08,000098,12,all-cavs,docs\doc_workspace\SGCP\artifacts\early_from_late_checkpoint_20260719\enable_coperception_early_from_attentive.yaml,fullperception_pcs,full-frame,grid,utility,utility,none,0,0,,singleton,20,,,,,,,8;12,12;8,8,"{""8"": 37}","{""8"": 3480, ""12"": 14159}",55680,59.995550611790875,10,40.0,60.0,,,,,,,1,1,"{""12"": 14159}",,2,ns3,899,0.5,10,12,28,1,1,[59.995550611790875],[823072],8>12:5,,26,53,
2026_07_29_02_32_08,000098,13,all-cavs,docs\doc_workspace\SGCP\artifacts\early_from_late_checkpoint_20260719\enable_coperception_early_from_attentive.yaml,fullperception_pcs,full-frame,grid,utility,utility,none,0,0,,singleton,20,,,,,,,13,13,,{},"{""13"": 13562}",0,59.995550611790875,10,40.0,60.0,,,,,,,0,,{},,2,ns3,899,0.5,10,12,28,1,1,[59.995550611790875],[823072],,,8,53,
2026_07_29_02_32_08,000098,14,all-cavs,docs\doc_workspace\SGCP\artifacts\early_from_late_checkpoint_20260719\enable_coperception_early_from_attentive.yaml,fullperception_pcs,full-frame,grid,utility,utility,none,0,0,,singleton,20,,,,,,,14,14,,{},"{""14"": 13798}",0,59.995550611790875,10,40.0,60.0,,,,,,,0,,{},,2,ns3,899,0.5,10,12,28,1,1,[59.995550611790875],[823072],,,4,9,
2026_07_29_02_32_08,000098,15,all-cavs,docs\doc_workspace\SGCP\artifacts\early_from_late_checkpoint_20260719\enable_coperception_early_from_attentive.yaml,fullperception_pcs,full-frame,grid,utility,utility,none,0,0,,singleton,20,,,,,,,6;15,15,,{},"{""15"": 13584}",0,59.995550611790875,10,40.0,60.0,,,,,,,0,,{},,2,ns3,899,0.5,10,12,28,1,1,[59.995550611790875],[823072],,,15,61,
2026_07_29_02_32_08,000098,16,all-cavs,docs\doc_workspace\SGCP\artifacts\early_from_late_checkpoint_20260719\enable_coperception_early_from_attentive.yaml,fullperception_pcs,full-frame,grid,utility,utility,none,0,0,,singleton,20,,,,,,,16,16,,{},"{""16"": 14050}",0,59.995550611790875,10,40.0,60.0,,,,,,,0,,{},,2,ns3,899,0.5,10,12,28,1,1,[59.995550611790875],[823072],,,23,69,
2026_07_29_02_32_08,000098,17,all-cavs,docs\doc_workspace\SGCP\artifacts\early_from_late_checkpoint_20260719\enable_coperception_early_from_attentive.yaml,fullperception_pcs,full-frame,grid,utility,utility,none,0,0,,singleton,20,,,,,,,3;17,17,,{},"{""17"": 14193}",0,59.995550611790875,10,40.0,60.0,,,,,,,0,,{},,2,ns3,899,0.5,10,12,28,1,1,[59.995550611790875],[823072],,,21,66,
2026_07_29_02_32_08,000098,18,all-cavs,docs\doc_workspace\SGCP\artifacts\early_from_late_checkpoint_20260719\enable_coperception_early_from_attentive.yaml,fullperception_pcs,full-frame,grid,utility,utility,none,0,0,,singleton,20,,,,,,,3;18,18,,{},"{""18"": 14055}",0,59.995550611790875,10,40.0,60.0,,,,,,,0,,{},,2,ns3,899,0.5,10,12,28,1,1,[59.995550611790875],[823072],,,13,37,
2026_07_29_02_32_08,000098,19,all-cavs,docs\doc_workspace\SGCP\artifacts\early_from_late_checkpoint_20260719\enable_coperception_early_from_attentive.yaml,fullperception_pcs,full-frame,grid,utility,utility,none,0,0,,singleton,20,,,,,,,19;20,19,,{},"{""19"": 13696}",0,59.995550611790875,10,40.0,60.0,,,,,,,0,,{},,2,ns3,899,0.5,10,12,28,1,1,[59.995550611790875],[823072],,,14,56,
2026_07_29_02_32_08,000098,20,all-cavs,docs\doc_workspace\SGCP\artifacts\early_from_late_checkpoint_20260719\enable_coperception_early_from_attentive.yaml,fullperception_pcs,full-frame,grid,utility,utility,none,0,0,,singleton,20,,,,,,,9;19;20,20;9;19,9;19,"{""9"": 5, ""19"": 45}","{""9"": 6742, ""19"": 3849, ""20"": 13901}",169456,59.995550611790875,10,40.0,60.0,,,,,,,1,1,"{""20"": 13901}",,2,ns3,899,0.5,10,12,28,1,1,[59.995550611790875],[823072],9>20:6;19>20:8,,31,59,
2026_07_29_02_32_08,000100,1,all-cavs,docs\doc_workspace\SGCP\artifacts\early_from_late_checkpoint_20260719\enable_coperception_early_from_attentive.yaml,fullperception_pcs,full-frame,grid,utility,utility,none,0,0,,singleton,20,,,,,,,1;4,1;4,4,"{""4"": 4}","{""1"": 13960, ""4"": 6742}",107872,59.995550611790875,10,40.0,60.0,,,,,,,1,1,"{""1"": 13960}",,2,ns3,899,0.5,10,12,28,1,1,[59.995550611790875],[822576],4>1:6,,25,72,
2026_07_29_02_32_08,000100,2,all-cavs,docs\doc_workspace\SGCP\artifacts\early_from_late_checkpoint_20260719\enable_coperception_early_from_attentive.yaml,fullperception_pcs,full-frame,grid,utility,utility,none,0,0,,singleton,20,,,,,,,2;10,2,,{},"{""2"": 13841}",0,59.995550611790875,10,40.0,60.0,,,,,,,0,,{},,2,ns3,899,0.5,10,12,28,1,1,[59.995550611790875],[822576],,,18,70,
2026_07_29_02_32_08,000100,3,all-cavs,docs\doc_workspace\SGCP\artifacts\early_from_late_checkpoint_20260719\enable_coperception_early_from_attentive.yaml,fullperception_pcs,full-frame,grid,utility,utility,none,0,0,,singleton,20,,,,,,,3;17;18,3;17;18,17;18,"{""17"": 6, ""18"": 39}","{""3"": 14146, ""17"": 6740, ""18"": 2996}",155776,59.995550611790875,10,40.0,60.0,,,,,,,1,1,"{""3"": 14146}",,2,ns3,899,0.5,10,12,28,1,1,[59.995550611790875],[822576],17>3:0;18>3:2,,20,61,
2026_07_29_02_32_08,000100,4,all-cavs,docs\doc_workspace\SGCP\artifacts\early_from_late_checkpoint_20260719\enable_coperception_early_from_attentive.yaml,fullperception_pcs,full-frame,grid,utility,utility,none,0,0,,singleton,20,,,,,,,1;4,4,,{},"{""4"": 13767}",0,59.995550611790875,10,40.0,60.0,,,,,,,0,,{},,2,ns3,899,0.5,10,12,28,1,1,[59.995550611790875],[822576],,,20,68,
2026_07_29_02_32_08,000100,5,all-cavs,docs\doc_workspace\SGCP\artifacts\early_from_late_checkpoint_20260719\enable_coperception_early_from_attentive.yaml,fullperception_pcs,full-frame,grid,utility,utility,none,0,0,,singleton,20,,,,,,,5;7,5;7,7,"{""7"": 7}","{""5"": 13987, ""7"": 6742}",107872,59.995550611790875,10,40.0,60.0,,,,,,,1,1,"{""5"": 13987}",,2,ns3,899,0.5,10,12,28,1,1,[59.995550611790875],[822576],7>5:3,,23,48,
2026_07_29_02_32_08,000100,6,all-cavs,docs\doc_workspace\SGCP\artifacts\early_from_late_checkpoint_20260719\enable_coperception_early_from_attentive.yaml,fullperception_pcs,full-frame,grid,utility,utility,none,0,0,,singleton,20,,,,,,,6;15,6;15,15,"{""15"": 10}","{""6"": 13332, ""15"": 640}",10240,59.995550611790875,10,40.0,60.0,,,,,,,1,1,"{""6"": 13332}",,2,ns3,899,0.5,10,12,28,1,1,[59.995550611790875],[822576],15>6:0,,18,53,
2026_07_29_02_32_08,000100,7,all-cavs,docs\doc_workspace\SGCP\artifacts\early_from_late_checkpoint_20260719\enable_coperception_early_from_attentive.yaml,fullperception_pcs,full-frame,grid,utility,utility,none,0,0,,singleton,20,,,,,,,5;7,7,,{},"{""7"": 13964}",0,59.995550611790875,10,40.0,60.0,,,,,,,0,,{},,2,ns3,899,0.5,10,12,28,1,1,[59.995550611790875],[822576],,,25,47,
2026_07_29_02_32_08,000100,8,all-cavs,docs\doc_workspace\SGCP\artifacts\early_from_late_checkpoint_20260719\enable_coperception_early_from_attentive.yaml,fullperception_pcs,full-frame,grid,utility,utility,none,0,0,,singleton,20,,,,,,,8;12,8,,{},"{""8"": 13738}",0,59.995550611790875,10,40.0,60.0,,,,,,,0,,{},,2,ns3,899,0.5,10,12,28,1,1,[59.995550611790875],[822576],,,25,47,
2026_07_29_02_32_08,000100,9,all-cavs,docs\doc_workspace\SGCP\artifacts\early_from_late_checkpoint_20260719\enable_coperception_early_from_attentive.yaml,fullperception_pcs,full-frame,grid,utility,utility,none,0,0,,singleton,20,,,,,,,9;20,9,,{},"{""9"": 13806}",0,59.995550611790875,10,40.0,60.0,,,,,,,0,,{},,2,ns3,899,0.5,10,12,28,1,1,[59.995550611790875],[822576],,,17,54,
2026_07_29_02_32_08,000100,10,all-cavs,docs\doc_workspace\SGCP\artifacts\early_from_late_checkpoint_20260719\enable_coperception_early_from_attentive.yaml,fullperception_pcs,full-frame,grid,utility,utility,none,0,0,,singleton,20,,,,,,,2;10;11,10;2;11,2;11,"{""2"": 5, ""11"": 6}","{""2"": 6741, ""10"": 13984, ""11"": 6742}",215728,59.995550611790875,10,40.0,60.0,,,,,,,1,1,"{""10"": 13984}",,2,ns3,899,0.5,10,12,28,1,1,[59.995550611790875],[822576],2>10:2;11>10:1,,26,68,
2026_07_29_02_32_08,000100,11,all-cavs,docs\doc_workspace\SGCP\artifacts\early_from_late_checkpoint_20260719\enable_coperception_early_from_attentive.yaml,fullperception_pcs,full-frame,grid,utility,utility,none,0,0,,singleton,20,,,,,,,10;11,11,,{},"{""11"": 13862}",0,59.995550611790875,10,40.0,60.0,,,,,,,0,,{},,2,ns3,899,0.5,10,12,28,1,1,[59.995550611790875],[822576],,,19,68,
2026_07_29_02_32_08,000100,12,all-cavs,docs\doc_workspace\SGCP\artifacts\early_from_late_checkpoint_20260719\enable_coperception_early_from_attentive.yaml,fullperception_pcs,full-frame,grid,utility,utility,none,0,0,,singleton,20,,,,,,,8;12,12;8,8,"{""8"": 37}","{""8"": 3476, ""12"": 14139}",55616,59.995550611790875,10,40.0,60.0,,,,,,,1,1,"{""12"": 14139}",,2,ns3,899,0.5,10,12,28,1,1,[59.995550611790875],[822576],8>12:4,,28,53,
2026_07_29_02_32_08,000100,13,all-cavs,docs\doc_workspace\SGCP\artifacts\early_from_late_checkpoint_20260719\enable_coperception_early_from_attentive.yaml,fullperception_pcs,full-frame,grid,utility,utility,none,0,0,,singleton,20,,,,,,,13,13,,{},"{""13"": 13544}",0,59.995550611790875,10,40.0,60.0,,,,,,,0,,{},,2,ns3,899,0.5,10,12,28,1,1,[59.995550611790875],[822576],,,12,52,
2026_07_29_02_32_08,000100,14,all-cavs,docs\doc_workspace\SGCP\artifacts\early_from_late_checkpoint_20260719\enable_coperception_early_from_attentive.yaml,fullperception_pcs,full-frame,grid,utility,utility,none,0,0,,singleton,20,,,,,,,14,14,,{},"{""14"": 13829}",0,59.995550611790875,10,40.0,60.0,,,,,,,0,,{},,2,ns3,899,0.5,10,12,28,1,1,[59.995550611790875],[822576],,,4,9,
2026_07_29_02_32_08,000100,15,all-cavs,docs\doc_workspace\SGCP\artifacts\early_from_late_checkpoint_20260719\enable_coperception_early_from_attentive.yaml,fullperception_pcs,full-frame,grid,utility,utility,none,0,0,,singleton,20,,,,,,,6;15,15,,{},"{""15"": 13585}",0,59.995550611790875,10,40.0,60.0,,,,,,,0,,{},,2,ns3,899,0.5,10,12,28,1,1,[59.995550611790875],[822576],,,15,61,
2026_07_29_02_32_08,000100,16,all-cavs,docs\doc_workspace\SGCP\artifacts\early_from_late_checkpoint_20260719\enable_coperception_early_from_attentive.yaml,fullperception_pcs,full-frame,grid,utility,utility,none,0,0,,singleton,20,,,,,,,16,16,,{},"{""16"": 14037}",0,59.995550611790875,10,40.0,60.0,,,,,,,0,,{},,2,ns3,899,0.5,10,12,28,1,1,[59.995550611790875],[822576],,,25,69,
2026_07_29_02_32_08,000100,17,all-cavs,docs\doc_workspace\SGCP\artifacts\early_from_late_checkpoint_20260719\enable_coperception_early_from_attentive.yaml,fullperception_pcs,full-frame,grid,utility,utility,none,0,0,,singleton,20,,,,,,,3;17,17,,{},"{""17"": 14181}",0,59.995550611790875,10,40.0,60.0,,,,,,,0,,{},,2,ns3,899,0.5,10,12,28,1,1,[59.995550611790875],[822576],,,20,66,
2026_07_29_02_32_08,000100,18,all-cavs,docs\doc_workspace\SGCP\artifacts\early_from_late_checkpoint_20260719\enable_coperception_early_from_attentive.yaml,fullperception_pcs,full-frame,grid,utility,utility,none,0,0,,singleton,20,,,,,,,3;18,18,,{},"{""18"": 14037}",0,59.995550611790875,10,40.0,60.0,,,,,,,0,,{},,2,ns3,899,0.5,10,12,28,1,1,[59.995550611790875],[822576],,,12,37,
2026_07_29_02_32_08,000100,19,all-cavs,docs\doc_workspace\SGCP\artifacts\early_from_late_checkpoint_20260719\enable_coperception_early_from_attentive.yaml,fullperception_pcs,full-frame,grid,utility,utility,none,0,0,,singleton,20,,,,,,,19;20,19,,{},"{""19"": 13697}",0,59.995550611790875,10,40.0,60.0,,,,,,,0,,{},,2,ns3,899,0.5,10,12,28,1,1,[59.995550611790875],[822576],,,14,56,
2026_07_29_02_32_08,000100,20,all-cavs,docs\doc_workspace\SGCP\artifacts\early_from_late_checkpoint_20260719\enable_coperception_early_from_attentive.yaml,fullperception_pcs,full-frame,grid,utility,utility,none,0,0,,singleton,20,,,,,,,9;19;20,20;9;19,9;19,"{""9"": 5, ""19"": 44}","{""9"": 6742, ""19"": 3850, ""20"": 13900}",169472,59.995550611790875,10,40.0,60.0,,,,,,,1,1,"{""20"": 13900}",,2,ns3,899,0.5,10,12,28,1,1,[59.995550611790875],[822576],9>20:5;19>20:7,,30,59,
2026_07_29_02_32_08,000102,1,all-cavs,docs\doc_workspace\SGCP\artifacts\early_from_late_checkpoint_20260719\enable_coperception_early_from_attentive.yaml,fullperception_pcs,full-frame,grid,utility,utility,none,0,0,,singleton,20,,,,,,,1;4,1;4,4,"{""4"": 5}","{""1"": 13962, ""4"": 6742}",107872,59.995550611790875,10,40.0,60.0,,,,,,,1,1,"{""1"": 13962}",,2,ns3,899,0.5,10,12,28,1,1,[59.995550611790875],[824528],4>1:6,,27,72,
2026_07_29_02_32_08,000102,2,all-cavs,docs\doc_workspace\SGCP\artifacts\early_from_late_checkpoint_20260719\enable_coperception_early_from_attentive.yaml,fullperception_pcs,full-frame,grid,utility,utility,none,0,0,,singleton,20,,,,,,,2;10,2,,{},"{""2"": 13837}",0,59.995550611790875,10,40.0,60.0,,,,,,,0,,{},,2,ns3,899,0.5,10,12,28,1,1,[59.995550611790875],[824528],,,18,70,
2026_07_29_02_32_08,000102,3,all-cavs,docs\doc_workspace\SGCP\artifacts\early_from_late_checkpoint_20260719\enable_coperception_early_from_attentive.yaml,fullperception_pcs,full-frame,grid,utility,utility,none,0,0,,singleton,20,,,,,,,3;17;18,3;17;18,17;18,"{""17"": 6, ""18"": 39}","{""3"": 14165, ""17"": 6742, ""18"": 3027}",156304,59.995550611790875,10,40.0,60.0,,,,,,,1,1,"{""3"": 14165}",,2,ns3,899,0.5,10,12,28,1,1,[59.995550611790875],[824528],17>3:0;18>3:2,,18,61,
2026_07_29_02_32_08,000102,4,all-cavs,docs\doc_workspace\SGCP\artifacts\early_from_late_checkpoint_20260719\enable_coperception_early_from_attentive.yaml,fullperception_pcs,full-frame,grid,utility,utility,none,0,0,,singleton,20,,,,,,,1;4,4,,{},"{""4"": 13767}",0,59.995550611790875,10,40.0,60.0,,,,,,,0,,{},,2,ns3,899,0.5,10,12,28,1,1,[59.995550611790875],[824528],,,19,66,
2026_07_29_02_32_08,000102,5,all-cavs,docs\doc_workspace\SGCP\artifacts\early_from_late_checkpoint_20260719\enable_coperception_early_from_attentive.yaml,fullperception_pcs,full-frame,grid,utility,utility,none,0,0,,singleton,20,,,,,,,5;7,5;7,7,"{""7"": 4}","{""5"": 14011, ""7"": 6742}",107872,59.995550611790875,10,40.0,60.0,,,,,,,1,1,"{""5"": 14011}",,2,ns3,899,0.5,10,12,28,1,1,[59.995550611790875],[824528],7>5:3,,22,49,
2026_07_29_02_32_08,000102,6,all-cavs,docs\doc_workspace\SGCP\artifacts\early_from_late_checkpoint_20260719\enable_coperception_early_from_attentive.yaml,fullperception_pcs,full-frame,grid,utility,utility,none,0,0,,singleton,20,,,,,,,6;15,6;15,15,"{""15"": 11}","{""6"": 13347, ""15"": 730}",11680,59.995550611790875,10,40.0,60.0,,,,,,,1,1,"{""6"": 13347}",,2,ns3,899,0.5,10,12,28,1,1,[59.995550611790875],[824528],15>6:0,,17,52,
2026_07_29_02_32_08,000102,7,all-cavs,docs\doc_workspace\SGCP\artifacts\early_from_late_checkpoint_20260719\enable_coperception_early_from_attentive.yaml,fullperception_pcs,full-frame,grid,utility,utility,none,0,0,,singleton,20,,,,,,,5;7,7,,{},"{""7"": 13941}",0,59.995550611790875,10,40.0,60.0,,,,,,,0,,{},,2,ns3,899,0.5,10,12,28,1,1,[59.995550611790875],[824528],,,23,48,
2026_07_29_02_32_08,000102,8,all-cavs,docs\doc_workspace\SGCP\artifacts\early_from_late_checkpoint_20260719\enable_coperception_early_from_attentive.yaml,fullperception_pcs,full-frame,grid,utility,utility,none,0,0,,singleton,20,,,,,,,8;12,8,,{},"{""8"": 13738}",0,59.995550611790875,10,40.0,60.0,,,,,,,0,,{},,2,ns3,899,0.5,10,12,28,1,1,[59.995550611790875],[824528],,,24,47,
2026_07_29_02_32_08,000102,9,all-cavs,docs\doc_workspace\SGCP\artifacts\early_from_late_checkpoint_20260719\enable_coperception_early_from_attentive.yaml,fullperception_pcs,full-frame,grid,utility,utility,none,0,0,,singleton,20,,,,,,,9;20,9,,{},"{""9"": 13806}",0,59.995550611790875,10,40.0,60.0,,,,,,,0,,{},,2,ns3,899,0.5,10,12,28,1,1,[59.995550611790875],[824528],,,19,54,
2026_07_29_02_32_08,000102,10,all-cavs,docs\doc_workspace\SGCP\artifacts\early_from_late_checkpoint_20260719\enable_coperception_early_from_attentive.yaml,fullperception_pcs,full-frame,grid,utility,utility,none,0,0,,singleton,20,,,,,,,2;10;11,10;2;11,2;11,"{""2"": 3, ""11"": 5}","{""2"": 6742, ""10"": 13984, ""11"": 6741}",215728,59.995550611790875,10,40.0,60.0,,,,,,,1,1,"{""10"": 13984}",,2,ns3,899,0.5,10,12,28,1,1,[59.995550611790875],[824528],2>10:2;11>10:1,,25,68,
2026_07_29_02_32_08,000102,11,all-cavs,docs\doc_workspace\SGCP\artifacts\early_from_late_checkpoint_20260719\enable_coperception_early_from_attentive.yaml,fullperception_pcs,full-frame,grid,utility,utility,none,0,0,,singleton,20,,,,,,,10;11,11,,{},"{""11"": 13862}",0,59.995550611790875,10,40.0,60.0,,,,,,,0,,{},,2,ns3,899,0.5,10,12,28,1,1,[59.995550611790875],[824528],,,20,68,
2026_07_29_02_32_08,000102,12,all-cavs,docs\doc_workspace\SGCP\artifacts\early_from_late_checkpoint_20260719\enable_coperception_early_from_attentive.yaml,fullperception_pcs,full-frame,grid,utility,utility,none,0,0,,singleton,20,,,,,,,8;12,12;8,8,"{""8"": 38}","{""8"": 3475, ""12"": 14169}",55600,59.995550611790875,10,40.0,60.0,,,,,,,1,1,"{""12"": 14169}",,2,ns3,899,0.5,10,12,28,1,1,[59.995550611790875],[824528],8>12:5,,23,52,
2026_07_29_02_32_08,000102,13,all-cavs,docs\doc_workspace\SGCP\artifacts\early_from_late_checkpoint_20260719\enable_coperception_early_from_attentive.yaml,fullperception_pcs,full-frame,grid,utility,utility,none,0,0,,singleton,20,,,,,,,13,13,,{},"{""13"": 13542}",0,59.995550611790875,10,40.0,60.0,,,,,,,0,,{},,2,ns3,899,0.5,10,12,28,1,1,[59.995550611790875],[824528],,,11,52,
2026_07_29_02_32_08,000102,14,all-cavs,docs\doc_workspace\SGCP\artifacts\early_from_late_checkpoint_20260719\enable_coperception_early_from_attentive.yaml,fullperception_pcs,full-frame,grid,utility,utility,none,0,0,,singleton,20,,,,,,,14,14,,{},"{""14"": 13768}",0,59.995550611790875,10,40.0,60.0,,,,,,,0,,{},,2,ns3,899,0.5,10,12,28,1,1,[59.995550611790875],[824528],,,5,9,
2026_07_29_02_32_08,000102,15,all-cavs,docs\doc_workspace\SGCP\artifacts\early_from_late_checkpoint_20260719\enable_coperception_early_from_attentive.yaml,fullperception_pcs,full-frame,grid,utility,utility,none,0,0,,singleton,20,,,,,,,6;15,15,,{},"{""15"": 13594}",0,59.995550611790875,10,40.0,60.0,,,,,,,0,,{},,2,ns3,899,0.5,10,12,28,1,1,[59.995550611790875],[824528],,,15,60,
2026_07_29_02_32_08,000102,16,all-cavs,docs\doc_workspace\SGCP\artifacts\early_from_late_checkpoint_20260719\enable_coperception_early_from_attentive.yaml,fullperception_pcs,full-frame,grid,utility,utility,none,0,0,,singleton,20,,,,,,,16,16,,{},"{""16"": 14049}",0,59.995550611790875,10,40.0,60.0,,,,,,,0,,{},,2,ns3,899,0.5,10,12,28,1,1,[59.995550611790875],[824528],,,21,69,
2026_07_29_02_32_08,000102,17,all-cavs,docs\doc_workspace\SGCP\artifacts\early_from_late_checkpoint_20260719\enable_coperception_early_from_attentive.yaml,fullperception_pcs,full-frame,grid,utility,utility,none,0,0,,singleton,20,,,,,,,3;17,17,,{},"{""17"": 14188}",0,59.995550611790875,10,40.0,60.0,,,,,,,0,,{},,2,ns3,899,0.5,10,12,28,1,1,[59.995550611790875],[824528],,,19,66,
2026_07_29_02_32_08,000102,18,all-cavs,docs\doc_workspace\SGCP\artifacts\early_from_late_checkpoint_20260719\enable_coperception_early_from_attentive.yaml,fullperception_pcs,full-frame,grid,utility,utility,none,0,0,,singleton,20,,,,,,,3;18,18,,{},"{""18"": 14030}",0,59.995550611790875,10,40.0,60.0,,,,,,,0,,{},,2,ns3,899,0.5,10,12,28,1,1,[59.995550611790875],[824528],,,11,36,
2026_07_29_02_32_08,000102,19,all-cavs,docs\doc_workspace\SGCP\artifacts\early_from_late_checkpoint_20260719\enable_coperception_early_from_attentive.yaml,fullperception_pcs,full-frame,grid,utility,utility,none,0,0,,singleton,20,,,,,,,19;20,19,,{},"{""19"": 13698}",0,59.995550611790875,10,40.0,60.0,,,,,,,0,,{},,2,ns3,899,0.5,10,12,28,1,1,[59.995550611790875],[824528],,,15,56,
2026_07_29_02_32_08,000102,20,all-cavs,docs\doc_workspace\SGCP\artifacts\early_from_late_checkpoint_20260719\enable_coperception_early_from_attentive.yaml,fullperception_pcs,full-frame,grid,utility,utility,none,0,0,,singleton,20,,,,,,,9;19;20,20;9;19,9;19,"{""9"": 5, ""19"": 44}","{""9"": 6742, ""19"": 3850, ""20"": 13900}",169472,59.995550611790875,10,40.0,60.0,,,,,,,1,1,"{""20"": 13900}",,2,ns3,899,0.5,10,12,28,1,1,[59.995550611790875],[824528],9>20:4;19>20:7,,30,58,
2026_07_29_02_32_08,000104,1,all-cavs,docs\doc_workspace\SGCP\artifacts\early_from_late_checkpoint_20260719\enable_coperception_early_from_attentive.yaml,fullperception_pcs,full-frame,grid,utility,utility,none,0,0,,singleton,20,,,,,,,1;4,1;4,4,"{""4"": 6}","{""1"": 13965, ""4"": 6742}",107872,59.995550611790875,10,40.0,60.0,,,,,,,1,1,"{""1"": 13965}",,2,ns3,899,0.5,10,12,28,1,1,[59.995550611790875],[1029168],4>1:7,,25,72,
2026_07_29_02_32_08,000104,2,all-cavs,docs\doc_workspace\SGCP\artifacts\early_from_late_checkpoint_20260719\enable_coperception_early_from_attentive.yaml,fullperception_pcs,full-frame,grid,utility,utility,none,0,0,,singleton,20,,,,,,,2;15,2,,{},"{""2"": 13840}",0,59.995550611790875,10,40.0,60.0,,,,,,,0,,{},,2,ns3,899,0.5,10,12,28,1,1,[59.995550611790875],[1029168],,,20,70,
2026_07_29_02_32_08,000104,3,all-cavs,docs\doc_workspace\SGCP\artifacts\early_from_late_checkpoint_20260719\enable_coperception_early_from_attentive.yaml,fullperception_pcs,full-frame,grid,utility,utility,none,0,0,,singleton,20,,,,,,,3;17;18,3;17;18,17;18,"{""17"": 5, ""18"": 39}","{""3"": 14162, ""17"": 6741, ""18"": 3071}",156992,59.995550611790875,10,40.0,60.0,,,,,,,1,1,"{""3"": 14162}",,2,ns3,899,0.5,10,12,28,1,1,[59.995550611790875],[1029168],17>3:0;18>3:1,,17,61,
2026_07_29_02_32_08,000104,4,all-cavs,docs\doc_workspace\SGCP\artifacts\early_from_late_checkpoint_20260719\enable_coperception_early_from_attentive.yaml,fullperception_pcs,full-frame,grid,utility,utility,none,0,0,,singleton,20,,,,,,,1;4,4,,{},"{""4"": 13768}",0,59.995550611790875,10,40.0,60.0,,,,,,,0,,{},,2,ns3,899,0.5,10,12,28,1,1,[59.995550611790875],[1029168],,,19,66,
2026_07_29_02_32_08,000104,5,all-cavs,docs\doc_workspace\SGCP\artifacts\early_from_late_checkpoint_20260719\enable_coperception_early_from_attentive.yaml,fullperception_pcs,full-frame,grid,utility,utility,none,0,0,,singleton,20,,,,,,,5;7,5;7,7,"{""7"": 5}","{""5"": 14010, ""7"": 6742}",107872,59.995550611790875,10,40.0,60.0,,,,,,,1,1,"{""5"": 14010}",,2,ns3,899,0.5,10,12,28,1,1,[59.995550611790875],[1029168],7>5:3,,23,49,
2026_07_29_02_32_08,000104,6,all-cavs,docs\doc_workspace\SGCP\artifacts\early_from_late_checkpoint_20260719\enable_coperception_early_from_attentive.yaml,fullperception_pcs,full-frame,grid,utility,utility,none,0,0,,singleton,20,,,,,,,6;15,6,,{},"{""6"": 13341}",0,59.995550611790875,10,40.0,60.0,,,,,,,0,,{},,2,ns3,899,0.5,10,12,28,1,1,[59.995550611790875],[1029168],,,15,52,
2026_07_29_02_32_08,000104,7,all-cavs,docs\doc_workspace\SGCP\artifacts\early_from_late_checkpoint_20260719\enable_coperception_early_from_attentive.yaml,fullperception_pcs,full-frame,grid,utility,utility,none,0,0,,singleton,20,,,,,,,5;7,7,,{},"{""7"": 13958}",0,59.995550611790875,10,40.0,60.0,,,,,,,0,,{},,2,ns3,899,0.5,10,12,28,1,1,[59.995550611790875],[1029168],,,21,48,
2026_07_29_02_32_08,000104,8,all-cavs,docs\doc_workspace\SGCP\artifacts\early_from_late_checkpoint_20260719\enable_coperception_early_from_attentive.yaml,fullperception_pcs,full-frame,grid,utility,utility,none,0,0,,singleton,20,,,,,,,8;12,8,,{},"{""8"": 13736}",0,59.995550611790875,10,40.0,60.0,,,,,,,0,,{},,2,ns3,899,0.5,10,12,28,1,1,[59.995550611790875],[1029168],,,25,47,
2026_07_29_02_32_08,000104,9,all-cavs,docs\doc_workspace\SGCP\artifacts\early_from_late_checkpoint_20260719\enable_coperception_early_from_attentive.yaml,fullperception_pcs,full-frame,grid,utility,utility,none,0,0,,singleton,20,,,,,,,9;20,9,,{},"{""9"": 13805}",0,59.995550611790875,10,40.0,60.0,,,,,,,0,,{},,2,ns3,899,0.5,10,12,28,1,1,[59.995550611790875],[1029168],,,18,54,
2026_07_29_02_32_08,000104,10,all-cavs,docs\doc_workspace\SGCP\artifacts\early_from_late_checkpoint_20260719\enable_coperception_early_from_attentive.yaml,fullperception_pcs,full-frame,grid,utility,utility,none,0,0,,singleton,20,,,,,,,10;11;13,10;11;13,11;13,"{""11"": 6, ""13"": 4}","{""10"": 13985, ""11"": 6741, ""13"": 6742}",215728,59.995550611790875,10,40.0,60.0,,,,,,,1,1,"{""10"": 13985}",,2,ns3,899,0.5,10,12,28,1,1,[59.995550611790875],[1029168],11>10:2;13>10:5,,26,68,
2026_07_29_02_32_08,000104,11,all-cavs,docs\doc_workspace\SGCP\artifacts\early_from_late_checkpoint_20260719\enable_coperception_early_from_attentive.yaml,fullperception_pcs,full-frame,grid,utility,utility,none,0,0,,singleton,20,,,,,,,10;11,11,,{},"{""11"": 13863}",0,59.995550611790875,10,40.0,60.0,,,,,,,0,,{},,2,ns3,899,0.5,10,12,28,1,1,[59.995550611790875],[1029168],,,18,68,
2026_07_29_02_32_08,000104,12,all-cavs,docs\doc_workspace\SGCP\artifacts\early_from_late_checkpoint_20260719\enable_coperception_early_from_attentive.yaml,fullperception_pcs,full-frame,grid,utility,utility,none,0,0,,singleton,20,,,,,,,8;12,12;8,8,"{""8"": 38}","{""8"": 3473, ""12"": 14167}",55568,59.995550611790875,10,40.0,60.0,,,,,,,1,1,"{""12"": 14167}",,2,ns3,899,0.5,10,12,28,1,1,[59.995550611790875],[1029168],8>12:4,,28,52,
2026_07_29_02_32_08,000104,13,all-cavs,docs\doc_workspace\SGCP\artifacts\early_from_late_checkpoint_20260719\enable_coperception_early_from_attentive.yaml,fullperception_pcs,full-frame,grid,utility,utility,none,0,0,,singleton,20,,,,,,,10;13,13,,{},"{""13"": 13509}",0,59.995550611790875,10,40.0,60.0,,,,,,,0,,{},,2,ns3,899,0.5,10,12,28,1,1,[59.995550611790875],[1029168],,,10,52,
2026_07_29_02_32_08,000104,14,all-cavs,docs\doc_workspace\SGCP\artifacts\early_from_late_checkpoint_20260719\enable_coperception_early_from_attentive.yaml,fullperception_pcs,full-frame,grid,utility,utility,none,0,0,,singleton,20,,,,,,,14,14,,{},"{""14"": 13699}",0,59.995550611790875,10,40.0,60.0,,,,,,,0,,{},,2,ns3,899,0.5,10,12,28,1,1,[59.995550611790875],[1029168],,,4,9,
2026_07_29_02_32_08,000104,15,all-cavs,docs\doc_workspace\SGCP\artifacts\early_from_late_checkpoint_20260719\enable_coperception_early_from_attentive.yaml,fullperception_pcs,full-frame,grid,utility,utility,none,0,0,,singleton,20,,,,,,,2;6;15,15;2;6,2;6,"{""2"": 6, ""6"": 4}","{""2"": 6741, ""6"": 6740, ""15"": 13579}",215696,59.995550611790875,10,40.0,60.0,,,,,,,1,1,"{""15"": 13579}",,2,ns3,899,0.5,10,12,28,1,1,[59.995550611790875],[1029168],2>15:1;6>15:0,,26,60,
2026_07_29_02_32_08,000104,16,all-cavs,docs\doc_workspace\SGCP\artifacts\early_from_late_checkpoint_20260719\enable_coperception_early_from_attentive.yaml,fullperception_pcs,full-frame,grid,utility,utility,none,0,0,,singleton,20,,,,,,,16,16,,{},"{""16"": 14100}",0,59.995550611790875,10,40.0,60.0,,,,,,,0,,{},,2,ns3,899,0.5,10,12,28,1,1,[59.995550611790875],[1029168],,,20,69,
2026_07_29_02_32_08,000104,17,all-cavs,docs\doc_workspace\SGCP\artifacts\early_from_late_checkpoint_20260719\enable_coperception_early_from_attentive.yaml,fullperception_pcs,full-frame,grid,utility,utility,none,0,0,,singleton,20,,,,,,,3;17,17,,{},"{""17"": 14180}",0,59.995550611790875,10,40.0,60.0,,,,,,,0,,{},,2,ns3,899,0.5,10,12,28,1,1,[59.995550611790875],[1029168],,,21,66,
2026_07_29_02_32_08,000104,18,all-cavs,docs\doc_workspace\SGCP\artifacts\early_from_late_checkpoint_20260719\enable_coperception_early_from_attentive.yaml,fullperception_pcs,full-frame,grid,utility,utility,none,0,0,,singleton,20,,,,,,,3;18,18,,{},"{""18"": 13996}",0,59.995550611790875,10,40.0,60.0,,,,,,,0,,{},,2,ns3,899,0.5,10,12,28,1,1,[59.995550611790875],[1029168],,,12,36,
2026_07_29_02_32_08,000104,19,all-cavs,docs\doc_workspace\SGCP\artifacts\early_from_late_checkpoint_20260719\enable_coperception_early_from_attentive.yaml,fullperception_pcs,full-frame,grid,utility,utility,none,0,0,,singleton,20,,,,,,,19;20,19,,{},"{""19"": 13695}",0,59.995550611790875,10,40.0,60.0,,,,,,,0,,{},,2,ns3,899,0.5,10,12,28,1,1,[59.995550611790875],[1029168],,,18,56,
2026_07_29_02_32_08,000104,20,all-cavs,docs\doc_workspace\SGCP\artifacts\early_from_late_checkpoint_20260719\enable_coperception_early_from_attentive.yaml,fullperception_pcs,full-frame,grid,utility,utility,none,0,0,,singleton,20,,,,,,,9;19;20,20;9;19,9;19,"{""9"": 5, ""19"": 44}","{""9"": 6742, ""19"": 3848, ""20"": 13895}",169440,59.995550611790875,10,40.0,60.0,,,,,,,1,1,"{""20"": 13895}",,2,ns3,899,0.5,10,12,28,1,1,[59.995550611790875],[1029168],9>20:6;19>20:8,,28,58,
2026_07_29_02_32_08,000106,1,all-cavs,docs\doc_workspace\SGCP\artifacts\early_from_late_checkpoint_20260719\enable_coperception_early_from_attentive.yaml,fullperception_pcs,full-frame,grid,utility,utility,none,0,0,,singleton,20,,,,,,,1;4,1;4,4,"{""4"": 5}","{""1"": 13961, ""4"": 6742}",107872,59.995550611790875,10,40.0,60.0,,,,,,,1,1,"{""1"": 13961}",,2,ns3,899,0.5,10,12,28,1,1,[59.995550611790875],[965120],4>1:7,,26,71,
2026_07_29_02_32_08,000106,2,all-cavs,docs\doc_workspace\SGCP\artifacts\early_from_late_checkpoint_20260719\enable_coperception_early_from_attentive.yaml,fullperception_pcs,full-frame,grid,utility,utility,none,0,0,,singleton,20,,,,,,,2;15,2,,{},"{""2"": 13835}",0,59.995550611790875,10,40.0,60.0,,,,,,,0,,{},,2,ns3,899,0.5,10,12,28,1,1,[59.995550611790875],[965120],,,20,70,
2026_07_29_02_32_08,000106,3,all-cavs,docs\doc_workspace\SGCP\artifacts\early_from_late_checkpoint_20260719\enable_coperception_early_from_attentive.yaml,fullperception_pcs,full-frame,grid,utility,utility,none,0,0,,singleton,20,,,,,,,3;17;18,3;17;18,17;18,"{""17"": 6, ""18"": 39}","{""3"": 14165, ""17"": 6741, ""18"": 3096}",157392,59.995550611790875,10,40.0,60.0,,,,,,,1,1,"{""3"": 14165}",,2,ns3,899,0.5,10,12,28,1,1,[59.995550611790875],[965120],17>3:0;18>3:1,,21,60,
2026_07_29_02_32_08,000106,4,all-cavs,docs\doc_workspace\SGCP\artifacts\early_from_late_checkpoint_20260719\enable_coperception_early_from_attentive.yaml,fullperception_pcs,full-frame,grid,utility,utility,none,0,0,,singleton,20,,,,,,,1;4,4,,{},"{""4"": 13767}",0,59.995550611790875,10,40.0,60.0,,,,,,,0,,{},,2,ns3,899,0.5,10,12,28,1,1,[59.995550611790875],[965120],,,19,66,
2026_07_29_02_32_08,000106,5,all-cavs,docs\doc_workspace\SGCP\artifacts\early_from_late_checkpoint_20260719\enable_coperception_early_from_attentive.yaml,fullperception_pcs,full-frame,grid,utility,utility,none,0,0,,singleton,20,,,,,,,5;19,5,,{},"{""5"": 13998}",0,59.995550611790875,10,40.0,60.0,,,,,,,0,,{},,2,ns3,899,0.5,10,12,28,1,1,[59.995550611790875],[965120],,,19,49,
2026_07_29_02_32_08,000106,6,all-cavs,docs\doc_workspace\SGCP\artifacts\early_from_late_checkpoint_20260719\enable_coperception_early_from_attentive.yaml,fullperception_pcs,full-frame,grid,utility,utility,none,0,0,,singleton,20,,,,,,,6;15,6,,{},"{""6"": 13350}",0,59.995550611790875,10,40.0,60.0,,,,,,,0,,{},,2,ns3,899,0.5,10,12,28,1,1,[59.995550611790875],[965120],,,15,52,
2026_07_29_02_32_08,000106,7,all-cavs,docs\doc_workspace\SGCP\artifacts\early_from_late_checkpoint_20260719\enable_coperception_early_from_attentive.yaml,fullperception_pcs,full-frame,grid,utility,utility,none,0,0,,singleton,20,,,,,,,7;12,7,,{},"{""7"": 13947}",0,59.995550611790875,10,40.0,60.0,,,,,,,0,,{},,2,ns3,899,0.5,10,12,28,1,1,[59.995550611790875],[965120],,,24,48,
2026_07_29_02_32_08,000106,8,all-cavs,docs\doc_workspace\SGCP\artifacts\early_from_late_checkpoint_20260719\enable_coperception_early_from_attentive.yaml,fullperception_pcs,full-frame,grid,utility,utility,none,0,0,,singleton,20,,,,,,,8;12,8,,{},"{""8"": 13737}",0,59.995550611790875,10,40.0,60.0,,,,,,,0,,{},,2,ns3,899,0.5,10,12,28,1,1,[59.995550611790875],[965120],,,24,47,
2026_07_29_02_32_08,000106,9,all-cavs,docs\doc_workspace\SGCP\artifacts\early_from_late_checkpoint_20260719\enable_coperception_early_from_attentive.yaml,fullperception_pcs,full-frame,grid,utility,utility,none,0,0,,singleton,20,,,,,,,9;11,9;11,11,"{""11"": 7}","{""9"": 13808, ""11"": 6742}",107872,59.995550611790875,10,40.0,60.0,,,,,,,1,1,"{""9"": 13808}",,2,ns3,899,0.5,10,12,28,1,1,[59.995550611790875],[965120],11>9:3,,24,54,
2026_07_29_02_32_08,000106,10,all-cavs,docs\doc_workspace\SGCP\artifacts\early_from_late_checkpoint_20260719\enable_coperception_early_from_attentive.yaml,fullperception_pcs,full-frame,grid,utility,utility,none,0,0,,singleton,20,,,,,,,10;13,10;13,13,"{""13"": 5}","{""10"": 13984, ""13"": 6742}",107872,59.995550611790875,10,40.0,60.0,,,,,,,1,1,"{""10"": 13984}",,2,ns3,899,0.5,10,12,28,1,1,[59.995550611790875],[965120],13>10:4,,25,67,
2026_07_29_02_32_08,000106,11,all-cavs,docs\doc_workspace\SGCP\artifacts\early_from_late_checkpoint_20260719\enable_coperception_early_from_attentive.yaml,fullperception_pcs,full-frame,grid,utility,utility,none,0,0,,singleton,20,,,,,,,9;11,11,,{},"{""11"": 13864}",0,59.995550611790875,10,40.0,60.0,,,,,,,0,,{},,2,ns3,899,0.5,10,12,28,1,1,[59.995550611790875],[965120],,,18,68,
2026_07_29_02_32_08,000106,12,all-cavs,docs\doc_workspace\SGCP\artifacts\early_from_late_checkpoint_20260719\enable_coperception_early_from_attentive.yaml,fullperception_pcs,full-frame,grid,utility,utility,none,0,0,,singleton,20,,,,,,,7;8;12,12;7;8,7;8,"{""7"": 28, ""8"": 39}","{""7"": 4611, ""8"": 3475, ""12"": 14191}",129376,59.995550611790875,10,40.0,60.0,,,,,,,1,1,"{""12"": 14191}",,2,ns3,899,0.5,10,12,28,1,1,[59.995550611790875],[965120],7>12:2;8>12:5,,34,52,
2026_07_29_02_32_08,000106,13,all-cavs,docs\doc_workspace\SGCP\artifacts\early_from_late_checkpoint_20260719\enable_coperception_early_from_attentive.yaml,fullperception_pcs,full-frame,grid,utility,utility,none,0,0,,singleton,20,,,,,,,10;13,13,,{},"{""13"": 13477}",0,59.995550611790875,10,40.0,60.0,,,,,,,0,,{},,2,ns3,899,0.5,10,12,28,1,1,[59.995550611790875],[965120],,,11,52,
2026_07_29_02_32_08,000106,14,all-cavs,docs\doc_workspace\SGCP\artifacts\early_from_late_checkpoint_20260719\enable_coperception_early_from_attentive.yaml,fullperception_pcs,full-frame,grid,utility,utility,none,0,0,,singleton,20,,,,,,,14,14,,{},"{""14"": 13689}",0,59.995550611790875,10,40.0,60.0,,,,,,,0,,{},,2,ns3,899,0.5,10,12,28,1,1,[59.995550611790875],[965120],,,4,8,
2026_07_29_02_32_08,000106,15,all-cavs,docs\doc_workspace\SGCP\artifacts\early_from_late_checkpoint_20260719\enable_coperception_early_from_attentive.yaml,fullperception_pcs,full-frame,grid,utility,utility,none,0,0,,singleton,20,,,,,,,2;6;15,15;2;6,2;6,"{""2"": 6, ""6"": 5}","{""2"": 6740, ""6"": 6742, ""15"": 13589}",215712,59.995550611790875,10,40.0,60.0,,,,,,,1,1,"{""15"": 13589}",,2,ns3,899,0.5,10,12,28,1,1,[59.995550611790875],[965120],2>15:1;6>15:0,,24,61,
2026_07_29_02_32_08,000106,16,all-cavs,docs\doc_workspace\SGCP\artifacts\early_from_late_checkpoint_20260719\enable_coperception_early_from_attentive.yaml,fullperception_pcs,full-frame,grid,utility,utility,none,0,0,,singleton,20,,,,,,,16,16,,{},"{""16"": 14127}",0,59.995550611790875,10,40.0,60.0,,,,,,,0,,{},,2,ns3,899,0.5,10,12,28,1,1,[59.995550611790875],[965120],,,21,69,
2026_07_29_02_32_08,000106,17,all-cavs,docs\doc_workspace\SGCP\artifacts\early_from_late_checkpoint_20260719\enable_coperception_early_from_attentive.yaml,fullperception_pcs,full-frame,grid,utility,utility,none,0,0,,singleton,20,,,,,,,3;17,17,,{},"{""17"": 14174}",0,59.995550611790875,10,40.0,60.0,,,,,,,0,,{},,2,ns3,899,0.5,10,12,28,1,1,[59.995550611790875],[965120],,,19,65,
2026_07_29_02_32_08,000106,18,all-cavs,docs\doc_workspace\SGCP\artifacts\early_from_late_checkpoint_20260719\enable_coperception_early_from_attentive.yaml,fullperception_pcs,full-frame,grid,utility,utility,none,0,0,,singleton,20,,,,,,,3;18,18,,{},"{""18"": 13959}",0,59.995550611790875,10,40.0,60.0,,,,,,,0,,{},,2,ns3,899,0.5,10,12,28,1,1,[59.995550611790875],[965120],,,12,36,
2026_07_29_02_32_08,000106,19,all-cavs,docs\doc_workspace\SGCP\artifacts\early_from_late_checkpoint_20260719\enable_coperception_early_from_attentive.yaml,fullperception_pcs,full-frame,grid,utility,utility,none,0,0,,singleton,20,,,,,,,5;19;20,19;5;20,5;20,"{""5"": 26, ""20"": 11}","{""5"": 1949, ""19"": 13699, ""20"": 6740}",139024,59.995550611790875,10,40.0,60.0,,,,,,,1,1,"{""19"": 13699}",,2,ns3,899,0.5,10,12,28,1,1,[59.995550611790875],[965120],5>19:6;20>19:8,,25,56,
2026_07_29_02_32_08,000106,20,all-cavs,docs\doc_workspace\SGCP\artifacts\early_from_late_checkpoint_20260719\enable_coperception_early_from_attentive.yaml,fullperception_pcs,full-frame,grid,utility,utility,none,0,0,,singleton,20,,,,,,,19;20,20,,{},"{""20"": 13893}",0,59.995550611790875,10,40.0,60.0,,,,,,,0,,{},,2,ns3,899,0.5,10,12,28,1,1,[59.995550611790875],[965120],,,23,58,
2026_07_29_02_32_08,000108,1,all-cavs,docs\doc_workspace\SGCP\artifacts\early_from_late_checkpoint_20260719\enable_coperception_early_from_attentive.yaml,fullperception_pcs,full-frame,grid,utility,utility,none,0,0,,singleton,20,,,,,,,1;4,1;4,4,"{""4"": 6}","{""1"": 13963, ""4"": 6742}",107872,59.995550611790875,10,40.0,60.0,,,,,,,1,1,"{""1"": 13963}",,2,ns3,899,0.5,10,12,28,1,1,[59.995550611790875],[1025616],4>1:8,,27,71,
2026_07_29_02_32_08,000108,2,all-cavs,docs\doc_workspace\SGCP\artifacts\early_from_late_checkpoint_20260719\enable_coperception_early_from_attentive.yaml,fullperception_pcs,full-frame,grid,utility,utility,none,0,0,,singleton,20,,,,,,,2;10,2,,{},"{""2"": 13835}",0,59.995550611790875,10,40.0,60.0,,,,,,,0,,{},,2,ns3,899,0.5,10,12,28,1,1,[59.995550611790875],[1025616],,,21,70,
2026_07_29_02_32_08,000108,3,all-cavs,docs\doc_workspace\SGCP\artifacts\early_from_late_checkpoint_20260719\enable_coperception_early_from_attentive.yaml,fullperception_pcs,full-frame,grid,utility,utility,none,0,0,,singleton,20,,,,,,,3;16;17,3;16;17,16;17,"{""16"": 6, ""17"": 5}","{""3"": 14165, ""16"": 6742, ""17"": 6738}",215680,59.995550611790875,10,40.0,60.0,,,,,,,1,1,"{""3"": 14165}",,2,ns3,899,0.5,10,12,28,1,1,[59.995550611790875],[1025616],16>3:6;17>3:0,,18,60,
2026_07_29_02_32_08,000108,4,all-cavs,docs\doc_workspace\SGCP\artifacts\early_from_late_checkpoint_20260719\enable_coperception_early_from_attentive.yaml,fullperception_pcs,full-frame,grid,utility,utility,none,0,0,,singleton,20,,,,,,,1;4,4,,{},"{""4"": 13767}",0,59.995550611790875,10,40.0,60.0,,,,,,,0,,{},,2,ns3,899,0.5,10,12,28,1,1,[59.995550611790875],[1025616],,,19,66,
2026_07_29_02_32_08,000108,5,all-cavs,docs\doc_workspace\SGCP\artifacts\early_from_late_checkpoint_20260719\enable_coperception_early_from_attentive.yaml,fullperception_pcs,full-frame,grid,utility,utility,none,0,0,,singleton,20,,,,,,,5;19,5,,{},"{""5"": 14001}",0,59.995550611790875,10,40.0,60.0,,,,,,,0,,{},,2,ns3,899,0.5,10,12,28,1,1,[59.995550611790875],[1025616],,,22,50,
2026_07_29_02_32_08,000108,6,all-cavs,docs\doc_workspace\SGCP\artifacts\early_from_late_checkpoint_20260719\enable_coperception_early_from_attentive.yaml,fullperception_pcs,full-frame,grid,utility,utility,none,0,0,,singleton,20,,,,,,,6;15,6,,{},"{""6"": 13375}",0,59.995550611790875,10,40.0,60.0,,,,,,,0,,{},,2,ns3,899,0.5,10,12,28,1,1,[59.995550611790875],[1025616],,,14,52,
2026_07_29_02_32_08,000108,7,all-cavs,docs\doc_workspace\SGCP\artifacts\early_from_late_checkpoint_20260719\enable_coperception_early_from_attentive.yaml,fullperception_pcs,full-frame,grid,utility,utility,none,0,0,,singleton,20,,,,,,,7;12,7,,{},"{""7"": 13964}",0,59.995550611790875,10,40.0,60.0,,,,,,,0,,{},,2,ns3,899,0.5,10,12,28,1,1,[59.995550611790875],[1025616],,,22,47,
2026_07_29_02_32_08,000108,8,all-cavs,docs\doc_workspace\SGCP\artifacts\early_from_late_checkpoint_20260719\enable_coperception_early_from_attentive.yaml,fullperception_pcs,full-frame,grid,utility,utility,none,0,0,,singleton,20,,,,,,,8;12,8,,{},"{""8"": 13736}",0,59.995550611790875,10,40.0,60.0,,,,,,,0,,{},,2,ns3,899,0.5,10,12,28,1,1,[59.995550611790875],[1025616],,,24,47,
2026_07_29_02_32_08,000108,9,all-cavs,docs\doc_workspace\SGCP\artifacts\early_from_late_checkpoint_20260719\enable_coperception_early_from_attentive.yaml,fullperception_pcs,full-frame,grid,utility,utility,none,0,0,,singleton,20,,,,,,,9;11,9;11,11,"{""11"": 7}","{""9"": 13808, ""11"": 6742}",107872,59.995550611790875,10,40.0,60.0,,,,,,,1,1,"{""9"": 13808}",,2,ns3,899,0.5,10,12,28,1,1,[59.995550611790875],[1025616],11>9:3,,24,54,
2026_07_29_02_32_08,000108,10,all-cavs,docs\doc_workspace\SGCP\artifacts\early_from_late_checkpoint_20260719\enable_coperception_early_from_attentive.yaml,fullperception_pcs,full-frame,grid,utility,utility,none,0,0,,singleton,20,,,,,,,2;10;13,10;2;13,2;13,"{""2"": 4, ""13"": 6}","{""2"": 6742, ""10"": 13984, ""13"": 6742}",215744,59.995550611790875,10,40.0,60.0,,,,,,,1,1,"{""10"": 13984}",,2,ns3,899,0.5,10,12,28,1,1,[59.995550611790875],[1025616],2>10:2;13>10:5,,28,67,
2026_07_29_02_32_08,000108,11,all-cavs,docs\doc_workspace\SGCP\artifacts\early_from_late_checkpoint_20260719\enable_coperception_early_from_attentive.yaml,fullperception_pcs,full-frame,grid,utility,utility,none,0,0,,singleton,20,,,,,,,9;11,11,,{},"{""11"": 13866}",0,59.995550611790875,10,40.0,60.0,,,,,,,0,,{},,2,ns3,899,0.5,10,12,28,1,1,[59.995550611790875],[1025616],,,18,66,
2026_07_29_02_32_08,000108,12,all-cavs,docs\doc_workspace\SGCP\artifacts\early_from_late_checkpoint_20260719\enable_coperception_early_from_attentive.yaml,fullperception_pcs,full-frame,grid,utility,utility,none,0,0,,singleton,20,,,,,,,7;8;12,12;7;8,7;8,"{""7"": 28, ""8"": 39}","{""7"": 4527, ""8"": 3473, ""12"": 14221}",128000,59.995550611790875,10,40.0,60.0,,,,,,,1,1,"{""12"": 14221}",,2,ns3,899,0.5,10,12,28,1,1,[59.995550611790875],[1025616],7>12:1;8>12:4,,33,52,
2026_07_29_02_32_08,000108,13,all-cavs,docs\doc_workspace\SGCP\artifacts\early_from_late_checkpoint_20260719\enable_coperception_early_from_attentive.yaml,fullperception_pcs,full-frame,grid,utility,utility,none,0,0,,singleton,20,,,,,,,10;13,13,,{},"{""13"": 13485}",0,59.995550611790875,10,40.0,60.0,,,,,,,0,,{},,2,ns3,899,0.5,10,12,28,1,1,[59.995550611790875],[1025616],,,10,52,
2026_07_29_02_32_08,000108,14,all-cavs,docs\doc_workspace\SGCP\artifacts\early_from_late_checkpoint_20260719\enable_coperception_early_from_attentive.yaml,fullperception_pcs,full-frame,grid,utility,utility,none,0,0,,singleton,20,,,,,,,14,14,,{},"{""14"": 13688}",0,59.995550611790875,10,40.0,60.0,,,,,,,0,,{},,2,ns3,899,0.5,10,12,28,1,1,[59.995550611790875],[1025616],,,5,8,
2026_07_29_02_32_08,000108,15,all-cavs,docs\doc_workspace\SGCP\artifacts\early_from_late_checkpoint_20260719\enable_coperception_early_from_attentive.yaml,fullperception_pcs,full-frame,grid,utility,utility,none,0,0,,singleton,20,,,,,,,6;15,15;6,6,"{""6"": 5}","{""6"": 6742, ""15"": 13579}",107872,59.995550611790875,10,40.0,60.0,,,,,,,1,1,"{""15"": 13579}",,2,ns3,899,0.5,10,12,28,1,1,[59.995550611790875],[1025616],6>15:0,,17,61,
2026_07_29_02_32_08,000108,16,all-cavs,docs\doc_workspace\SGCP\artifacts\early_from_late_checkpoint_20260719\enable_coperception_early_from_attentive.yaml,fullperception_pcs,full-frame,grid,utility,utility,none,0,0,,singleton,20,,,,,,,3;16,16,,{},"{""16"": 14144}",0,59.995550611790875,10,40.0,60.0,,,,,,,0,,{},,2,ns3,899,0.5,10,12,28,1,1,[59.995550611790875],[1025616],,,23,69,
2026_07_29_02_32_08,000108,17,all-cavs,docs\doc_workspace\SGCP\artifacts\early_from_late_checkpoint_20260719\enable_coperception_early_from_attentive.yaml,fullperception_pcs,full-frame,grid,utility,utility,none,0,0,,singleton,20,,,,,,,3;17,17,,{},"{""17"": 14203}",0,59.995550611790875,10,40.0,60.0,,,,,,,0,,{},,2,ns3,899,0.5,10,12,28,1,1,[59.995550611790875],[1025616],,,19,65,
2026_07_29_02_32_08,000108,18,all-cavs,docs\doc_workspace\SGCP\artifacts\early_from_late_checkpoint_20260719\enable_coperception_early_from_attentive.yaml,fullperception_pcs,full-frame,grid,utility,utility,none,0,0,,singleton,20,,,,,,,18,18,,{},"{""18"": 13935}",0,59.995550611790875,10,40.0,60.0,,,,,,,0,,{},,2,ns3,899,0.5,10,12,28,1,1,[59.995550611790875],[1025616],,,12,35,
2026_07_29_02_32_08,000108,19,all-cavs,docs\doc_workspace\SGCP\artifacts\early_from_late_checkpoint_20260719\enable_coperception_early_from_attentive.yaml,fullperception_pcs,full-frame,grid,utility,utility,none,0,0,,singleton,20,,,,,,,5;19;20,19;5;20,5;20,"{""5"": 26, ""20"": 11}","{""5"": 2170, ""19"": 13701, ""20"": 6741}",142576,59.995550611790875,10,40.0,60.0,,,,,,,1,1,"{""19"": 13701}",,2,ns3,899,0.5,10,12,28,1,1,[59.995550611790875],[1025616],5>19:7;20>19:9,,24,56,
2026_07_29_02_32_08,000108,20,all-cavs,docs\doc_workspace\SGCP\artifacts\early_from_late_checkpoint_20260719\enable_coperception_early_from_attentive.yaml,fullperception_pcs,full-frame,grid,utility,utility,none,0,0,,singleton,20,,,,,,,19;20,20,,{},"{""20"": 13890}",0,59.995550611790875,10,40.0,60.0,,,,,,,0,,{},,2,ns3,899,0.5,10,12,28,1,1,[59.995550611790875],[1025616],,,22,58,
2026_07_29_02_32_08,000110,1,all-cavs,docs\doc_workspace\SGCP\artifacts\early_from_late_checkpoint_20260719\enable_coperception_early_from_attentive.yaml,fullperception_pcs,full-frame,grid,utility,utility,none,0,0,,singleton,20,,,,,,,1;4,1;4,4,"{""4"": 5}","{""1"": 13963, ""4"": 6741}",107856,59.995550611790875,10,40.0,60.0,,,,,,,1,1,"{""1"": 13963}",,2,ns3,899,0.5,10,12,28,1,1,[59.995550611790875],[858448],4>1:6,,26,70,
2026_07_29_02_32_08,000110,2,all-cavs,docs\doc_workspace\SGCP\artifacts\early_from_late_checkpoint_20260719\enable_coperception_early_from_attentive.yaml,fullperception_pcs,full-frame,grid,utility,utility,none,0,0,,singleton,20,,,,,,,2;10,2,,{},"{""2"": 13834}",0,59.995550611790875,10,40.0,60.0,,,,,,,0,,{},,2,ns3,899,0.5,10,12,28,1,1,[59.995550611790875],[858448],,,21,71,
2026_07_29_02_32_08,000110,3,all-cavs,docs\doc_workspace\SGCP\artifacts\early_from_late_checkpoint_20260719\enable_coperception_early_from_attentive.yaml,fullperception_pcs,full-frame,grid,utility,utility,none,0,0,,singleton,20,,,,,,,3;18,3;18,18,"{""18"": 41}","{""3"": 14164, ""18"": 3725}",59600,59.995550611790875,10,40.0,60.0,,,,,,,1,1,"{""3"": 14164}",,2,ns3,899,0.5,10,12,28,1,1,[59.995550611790875],[858448],18>3:2,,19,60,
2026_07_29_02_32_08,000110,4,all-cavs,docs\doc_workspace\SGCP\artifacts\early_from_late_checkpoint_20260719\enable_coperception_early_from_attentive.yaml,fullperception_pcs,full-frame,grid,utility,utility,none,0,0,,singleton,20,,,,,,,1;4,4,,{},"{""4"": 13764}",0,59.995550611790875,10,40.0,60.0,,,,,,,0,,{},,2,ns3,899,0.5,10,12,28,1,1,[59.995550611790875],[858448],,,18,65,
2026_07_29_02_32_08,000110,5,all-cavs,docs\doc_workspace\SGCP\artifacts\early_from_late_checkpoint_20260719\enable_coperception_early_from_attentive.yaml,fullperception_pcs,full-frame,grid,utility,utility,none,0,0,,singleton,20,,,,,,,5;17,5,,{},"{""5"": 13943}",0,59.995550611790875,10,40.0,60.0,,,,,,,0,,{},,2,ns3,899,0.5,10,12,28,1,1,[59.995550611790875],[858448],,,21,50,
2026_07_29_02_32_08,000110,6,all-cavs,docs\doc_workspace\SGCP\artifacts\early_from_late_checkpoint_20260719\enable_coperception_early_from_attentive.yaml,fullperception_pcs,full-frame,grid,utility,utility,none,0,0,,singleton,20,,,,,,,6;15,6;15,15,"{""15"": 22}","{""6"": 13370, ""15"": 2191}",35056,59.995550611790875,10,40.0,60.0,,,,,,,1,1,"{""6"": 13370}",,2,ns3,899,0.5,10,12,28,1,1,[59.995550611790875],[858448],15>6:0,,19,52,
2026_07_29_02_32_08,000110,7,all-cavs,docs\doc_workspace\SGCP\artifacts\early_from_late_checkpoint_20260719\enable_coperception_early_from_attentive.yaml,fullperception_pcs,full-frame,grid,utility,utility,none,0,0,,singleton,20,,,,,,,7;16,7,,{},"{""7"": 13968}",0,59.995550611790875,10,40.0,60.0,,,,,,,0,,{},,2,ns3,899,0.5,10,12,28,1,1,[59.995550611790875],[858448],,,22,47,
2026_07_29_02_32_08,000110,8,all-cavs,docs\doc_workspace\SGCP\artifacts\early_from_late_checkpoint_20260719\enable_coperception_early_from_attentive.yaml,fullperception_pcs,full-frame,grid,utility,utility,none,0,0,,singleton,20,,,,,,,8;12,8,,{},"{""8"": 13735}",0,59.995550611790875,10,40.0,60.0,,,,,,,0,,{},,2,ns3,899,0.5,10,12,28,1,1,[59.995550611790875],[858448],,,23,47,
2026_07_29_02_32_08,000110,9,all-cavs,docs\doc_workspace\SGCP\artifacts\early_from_late_checkpoint_20260719\enable_coperception_early_from_attentive.yaml,fullperception_pcs,full-frame,grid,utility,utility,none,0,0,,singleton,20,,,,,,,9;20,9,,{},"{""9"": 13807}",0,59.995550611790875,10,40.0,60.0,,,,,,,0,,{},,2,ns3,899,0.5,10,12,28,1,1,[59.995550611790875],[858448],,,18,53,
2026_07_29_02_32_08,000110,10,all-cavs,docs\doc_workspace\SGCP\artifacts\early_from_late_checkpoint_20260719\enable_coperception_early_from_attentive.yaml,fullperception_pcs,full-frame,grid,utility,utility,none,0,0,,singleton,20,,,,,,,2;10;11,10;2;11,2;11,"{""2"": 4, ""11"": 6}","{""2"": 6741, ""10"": 13981, ""11"": 6741}",215712,59.995550611790875,10,40.0,60.0,,,,,,,1,1,"{""10"": 13981}",,2,ns3,899,0.5,10,12,28,1,1,[59.995550611790875],[858448],2>10:2;11>10:1,,26,67,
2026_07_29_02_32_08,000110,11,all-cavs,docs\doc_workspace\SGCP\artifacts\early_from_late_checkpoint_20260719\enable_coperception_early_from_attentive.yaml,fullperception_pcs,full-frame,grid,utility,utility,none,0,0,,singleton,20,,,,,,,10;11,11,,{},"{""11"": 13867}",0,59.995550611790875,10,40.0,60.0,,,,,,,0,,{},,2,ns3,899,0.5,10,12,28,1,1,[59.995550611790875],[858448],,,18,66,
2026_07_29_02_32_08,000110,12,all-cavs,docs\doc_workspace\SGCP\artifacts\early_from_late_checkpoint_20260719\enable_coperception_early_from_attentive.yaml,fullperception_pcs,full-frame,grid,utility,utility,none,0,0,,singleton,20,,,,,,,8;12,12;8,8,"{""8"": 39}","{""8"": 3435, ""12"": 14224}",54960,59.995550611790875,10,40.0,60.0,,,,,,,1,1,"{""12"": 14224}",,2,ns3,899,0.5,10,12,28,1,1,[59.995550611790875],[858448],8>12:3,,29,53,
2026_07_29_02_32_08,000110,13,all-cavs,docs\doc_workspace\SGCP\artifacts\early_from_late_checkpoint_20260719\enable_coperception_early_from_attentive.yaml,fullperception_pcs,full-frame,grid,utility,utility,none,0,0,,singleton,20,,,,,,,13,13,,{},"{""13"": 13465}",0,59.995550611790875,10,40.0,60.0,,,,,,,0,,{},,2,ns3,899,0.5,10,12,28,1,1,[59.995550611790875],[858448],,,11,52,
2026_07_29_02_32_08,000110,14,all-cavs,docs\doc_workspace\SGCP\artifacts\early_from_late_checkpoint_20260719\enable_coperception_early_from_attentive.yaml,fullperception_pcs,full-frame,grid,utility,utility,none,0,0,,singleton,20,,,,,,,14,14,,{},"{""14"": 13691}",0,59.995550611790875,10,40.0,60.0,,,,,,,0,,{},,2,ns3,899,0.5,10,12,28,1,1,[59.995550611790875],[858448],,,4,8,
2026_07_29_02_32_08,000110,15,all-cavs,docs\doc_workspace\SGCP\artifacts\early_from_late_checkpoint_20260719\enable_coperception_early_from_attentive.yaml,fullperception_pcs,full-frame,grid,utility,utility,none,0,0,,singleton,20,,,,,,,6;15,15,,{},"{""15"": 13612}",0,59.995550611790875,10,40.0,60.0,,,,,,,0,,{},,2,ns3,899,0.5,10,12,28,1,1,[59.995550611790875],[858448],,,17,61,
2026_07_29_02_32_08,000110,16,all-cavs,docs\doc_workspace\SGCP\artifacts\early_from_late_checkpoint_20260719\enable_coperception_early_from_attentive.yaml,fullperception_pcs,full-frame,grid,utility,utility,none,0,0,,singleton,20,,,,,,,7;16,16;7,7,"{""7"": 4}","{""7"": 6742, ""16"": 14162}",107872,59.995550611790875,10,40.0,60.0,,,,,,,1,1,"{""16"": 14162}",,2,ns3,899,0.5,10,12,28,1,1,[59.995550611790875],[858448],7>16:5,,26,66,
2026_07_29_02_32_08,000110,17,all-cavs,docs\doc_workspace\SGCP\artifacts\early_from_late_checkpoint_20260719\enable_coperception_early_from_attentive.yaml,fullperception_pcs,full-frame,grid,utility,utility,none,0,0,,singleton,20,,,,,,,5;17,17;5,5,"{""5"": 3}","{""5"": 6742, ""17"": 14197}",107872,59.995550611790875,10,40.0,60.0,,,,,,,1,1,"{""17"": 14197}",,2,ns3,899,0.5,10,12,28,1,1,[59.995550611790875],[858448],5>17:0,,20,65,
2026_07_29_02_32_08,000110,18,all-cavs,docs\doc_workspace\SGCP\artifacts\early_from_late_checkpoint_20260719\enable_coperception_early_from_attentive.yaml,fullperception_pcs,full-frame,grid,utility,utility,none,0,0,,singleton,20,,,,,,,3;18,18,,{},"{""18"": 13932}",0,59.995550611790875,10,40.0,60.0,,,,,,,0,,{},,2,ns3,899,0.5,10,12,28,1,1,[59.995550611790875],[858448],,,12,34,
2026_07_29_02_32_08,000110,19,all-cavs,docs\doc_workspace\SGCP\artifacts\early_from_late_checkpoint_20260719\enable_coperception_early_from_attentive.yaml,fullperception_pcs,full-frame,grid,utility,utility,none,0,0,,singleton,20,,,,,,,19;20,19,,{},"{""19"": 13701}",0,59.995550611790875,10,40.0,60.0,,,,,,,0,,{},,2,ns3,899,0.5,10,12,28,1,1,[59.995550611790875],[858448],,,18,56,
2026_07_29_02_32_08,000110,20,all-cavs,docs\doc_workspace\SGCP\artifacts\early_from_late_checkpoint_20260719\enable_coperception_early_from_attentive.yaml,fullperception_pcs,full-frame,grid,utility,utility,none,0,0,,singleton,20,,,,,,,9;19;20,20;9;19,9;19,"{""9"": 5, ""19"": 45}","{""9"": 6742, ""19"": 3853, ""20"": 13887}",169520,59.995550611790875,10,40.0,60.0,,,,,,,1,1,"{""20"": 13887}",,2,ns3,899,0.5,10,12,28,1,1,[59.995550611790875],[858448],9>20:4;19>20:7,,27,58,
2026_07_29_02_32_08,000112,1,all-cavs,docs\doc_workspace\SGCP\artifacts\early_from_late_checkpoint_20260719\enable_coperception_early_from_attentive.yaml,fullperception_pcs,full-frame,grid,utility,utility,none,0,0,,singleton,20,,,,,,,1;4,1;4,4,"{""4"": 7}","{""1"": 13966, ""4"": 6742}",107872,59.995550611790875,10,40.0,60.0,,,,,,,1,1,"{""1"": 13966}",,2,ns3,899,0.5,10,12,28,1,1,[59.995550611790875],[804960],4>1:6,,27,70,
2026_07_29_02_32_08,000112,2,all-cavs,docs\doc_workspace\SGCP\artifacts\early_from_late_checkpoint_20260719\enable_coperception_early_from_attentive.yaml,fullperception_pcs,full-frame,grid,utility,utility,none,0,0,,singleton,20,,,,,,,2;10,2,,{},"{""2"": 13834}",0,59.995550611790875,10,40.0,60.0,,,,,,,0,,{},,2,ns3,899,0.5,10,12,28,1,1,[59.995550611790875],[804960],,,20,71,
2026_07_29_02_32_08,000112,3,all-cavs,docs\doc_workspace\SGCP\artifacts\early_from_late_checkpoint_20260719\enable_coperception_early_from_attentive.yaml,fullperception_pcs,full-frame,grid,utility,utility,none,0,0,,singleton,20,,,,,,,3;18,3;18,18,"{""18"": 43}","{""3"": 14163, ""18"": 3304}",52864,59.995550611790875,10,40.0,60.0,,,,,,,1,1,"{""3"": 14163}",,2,ns3,899,0.5,10,12,28,1,1,[59.995550611790875],[804960],18>3:2,,17,60,
2026_07_29_02_32_08,000112,4,all-cavs,docs\doc_workspace\SGCP\artifacts\early_from_late_checkpoint_20260719\enable_coperception_early_from_attentive.yaml,fullperception_pcs,full-frame,grid,utility,utility,none,0,0,,singleton,20,,,,,,,1;4,4,,{},"{""4"": 13764}",0,59.995550611790875,10,40.0,60.0,,,,,,,0,,{},,2,ns3,899,0.5,10,12,28,1,1,[59.995550611790875],[804960],,,19,65,
2026_07_29_02_32_08,000112,5,all-cavs,docs\doc_workspace\SGCP\artifacts\early_from_late_checkpoint_20260719\enable_coperception_early_from_attentive.yaml,fullperception_pcs,full-frame,grid,utility,utility,none,0,0,,singleton,20,,,,,,,5;17,5,,{},"{""5"": 13968}",0,59.995550611790875,10,40.0,60.0,,,,,,,0,,{},,2,ns3,899,0.5,10,12,28,1,1,[59.995550611790875],[804960],,,21,51,
2026_07_29_02_32_08,000112,6,all-cavs,docs\doc_workspace\SGCP\artifacts\early_from_late_checkpoint_20260719\enable_coperception_early_from_attentive.yaml,fullperception_pcs,full-frame,grid,utility,utility,none,0,0,,singleton,20,,,,,,,6;15,6;15,15,"{""15"": 23}","{""6"": 13375, ""15"": 2260}",36160,59.995550611790875,10,40.0,60.0,,,,,,,1,1,"{""6"": 13375}",,2,ns3,899,0.5,10,12,28,1,1,[59.995550611790875],[804960],15>6:0,,21,52,
2026_07_29_02_32_08,000112,7,all-cavs,docs\doc_workspace\SGCP\artifacts\early_from_late_checkpoint_20260719\enable_coperception_early_from_attentive.yaml,fullperception_pcs,full-frame,grid,utility,utility,none,0,0,,singleton,20,,,,,,,7;16,7,,{},"{""7"": 13948}",0,59.995550611790875,10,40.0,60.0,,,,,,,0,,{},,2,ns3,899,0.5,10,12,28,1,1,[59.995550611790875],[804960],,,20,47,
2026_07_29_02_32_08,000112,8,all-cavs,docs\doc_workspace\SGCP\artifacts\early_from_late_checkpoint_20260719\enable_coperception_early_from_attentive.yaml,fullperception_pcs,full-frame,grid,utility,utility,none,0,0,,singleton,20,,,,,,,8;12,8,,{},"{""8"": 13735}",0,59.995550611790875,10,40.0,60.0,,,,,,,0,,{},,2,ns3,899,0.5,10,12,28,1,1,[59.995550611790875],[804960],,,24,47,
2026_07_29_02_32_08,000112,9,all-cavs,docs\doc_workspace\SGCP\artifacts\early_from_late_checkpoint_20260719\enable_coperception_early_from_attentive.yaml,fullperception_pcs,full-frame,grid,utility,utility,none,0,0,,singleton,20,,,,,,,9;20,9,,{},"{""9"": 13808}",0,59.995550611790875,10,40.0,60.0,,,,,,,0,,{},,2,ns3,899,0.5,10,12,28,1,1,[59.995550611790875],[804960],,,18,53,
2026_07_29_02_32_08,000112,10,all-cavs,docs\doc_workspace\SGCP\artifacts\early_from_late_checkpoint_20260719\enable_coperception_early_from_attentive.yaml,fullperception_pcs,full-frame,grid,utility,utility,none,0,0,,singleton,20,,,,,,,2;10;11,10;2;11,2;11,"{""2"": 4, ""11"": 6}","{""2"": 6742, ""10"": 13981, ""11"": 6742}",215744,59.995550611790875,10,40.0,60.0,,,,,,,1,1,"{""10"": 13981}",,2,ns3,899,0.5,10,12,28,1,1,[59.995550611790875],[804960],2>10:2;11>10:1,,25,67,
2026_07_29_02_32_08,000112,11,all-cavs,docs\doc_workspace\SGCP\artifacts\early_from_late_checkpoint_20260719\enable_coperception_early_from_attentive.yaml,fullperception_pcs,full-frame,grid,utility,utility,none,0,0,,singleton,20,,,,,,,10;11,11,,{},"{""11"": 13865}",0,59.995550611790875,10,40.0,60.0,,,,,,,0,,{},,2,ns3,899,0.5,10,12,28,1,1,[59.995550611790875],[804960],,,18,66,
2026_07_29_02_32_08,000112,12,all-cavs,docs\doc_workspace\SGCP\artifacts\early_from_late_checkpoint_20260719\enable_coperception_early_from_attentive.yaml,fullperception_pcs,full-frame,grid,utility,utility,none,0,0,,singleton,20,,,,,,,8;12,12;8,8,"{""8"": 40}","{""8"": 3472, ""12"": 14224}",55552,59.995550611790875,10,40.0,60.0,,,,,,,1,1,"{""12"": 14224}",,2,ns3,899,0.5,10,12,28,1,1,[59.995550611790875],[804960],8>12:4,,30,54,
2026_07_29_02_32_08,000112,13,all-cavs,docs\doc_workspace\SGCP\artifacts\early_from_late_checkpoint_20260719\enable_coperception_early_from_attentive.yaml,fullperception_pcs,full-frame,grid,utility,utility,none,0,0,,singleton,20,,,,,,,13,13,,{},"{""13"": 13451}",0,59.995550611790875,10,40.0,60.0,,,,,,,0,,{},,2,ns3,899,0.5,10,12,28,1,1,[59.995550611790875],[804960],,,12,52,
2026_07_29_02_32_08,000112,14,all-cavs,docs\doc_workspace\SGCP\artifacts\early_from_late_checkpoint_20260719\enable_coperception_early_from_attentive.yaml,fullperception_pcs,full-frame,grid,utility,utility,none,0,0,,singleton,20,,,,,,,14,14,,{},"{""14"": 13707}",0,59.995550611790875,10,40.0,60.0,,,,,,,0,,{},,2,ns3,899,0.5,10,12,28,1,1,[59.995550611790875],[804960],,,4,8,
2026_07_29_02_32_08,000112,15,all-cavs,docs\doc_workspace\SGCP\artifacts\early_from_late_checkpoint_20260719\enable_coperception_early_from_attentive.yaml,fullperception_pcs,full-frame,grid,utility,utility,none,0,0,,singleton,20,,,,,,,6;15,15,,{},"{""15"": 13611}",0,59.995550611790875,10,40.0,60.0,,,,,,,0,,{},,2,ns3,899,0.5,10,12,28,1,1,[59.995550611790875],[804960],,,16,61,
2026_07_29_02_32_08,000112,16,all-cavs,docs\doc_workspace\SGCP\artifacts\early_from_late_checkpoint_20260719\enable_coperception_early_from_attentive.yaml,fullperception_pcs,full-frame,grid,utility,utility,none,0,0,,singleton,20,,,,,,,7;16,16;7,7,"{""7"": 4}","{""7"": 6741, ""16"": 14170}",107856,59.995550611790875,10,40.0,60.0,,,,,,,1,1,"{""16"": 14170}",,2,ns3,899,0.5,10,12,28,1,1,[59.995550611790875],[804960],7>16:5,,26,67,
2026_07_29_02_32_08,000112,17,all-cavs,docs\doc_workspace\SGCP\artifacts\early_from_late_checkpoint_20260719\enable_coperception_early_from_attentive.yaml,fullperception_pcs,full-frame,grid,utility,utility,none,0,0,,singleton,20,,,,,,,5;17,17;5,5,"{""5"": 39}","{""5"": 3706, ""17"": 14206}",59296,59.995550611790875,10,40.0,60.0,,,,,,,1,1,"{""17"": 14206}",,2,ns3,899,0.5,10,12,28,1,1,[59.995550611790875],[804960],5>17:0,,34,65,
2026_07_29_02_32_08,000112,18,all-cavs,docs\doc_workspace\SGCP\artifacts\early_from_late_checkpoint_20260719\enable_coperception_early_from_attentive.yaml,fullperception_pcs,full-frame,grid,utility,utility,none,0,0,,singleton,20,,,,,,,3;18,18,,{},"{""18"": 13919}",0,59.995550611790875,10,40.0,60.0,,,,,,,0,,{},,2,ns3,899,0.5,10,12,28,1,1,[59.995550611790875],[804960],,,11,34,
2026_07_29_02_32_08,000112,19,all-cavs,docs\doc_workspace\SGCP\artifacts\early_from_late_checkpoint_20260719\enable_coperception_early_from_attentive.yaml,fullperception_pcs,full-frame,grid,utility,utility,none,0,0,,singleton,20,,,,,,,19;20,19,,{},"{""19"": 13708}",0,59.995550611790875,10,40.0,60.0,,,,,,,0,,{},,2,ns3,899,0.5,10,12,28,1,1,[59.995550611790875],[804960],,,19,55,
2026_07_29_02_32_08,000112,20,all-cavs,docs\doc_workspace\SGCP\artifacts\early_from_late_checkpoint_20260719\enable_coperception_early_from_attentive.yaml,fullperception_pcs,full-frame,grid,utility,utility,none,0,0,,singleton,20,,,,,,,9;19;20,20;9;19,9;19,"{""9"": 5, ""19"": 45}","{""9"": 6742, ""19"": 3859, ""20"": 13886}",169616,59.995550611790875,10,40.0,60.0,,,,,,,1,1,"{""20"": 13886}",,2,ns3,899,0.5,10,12,28,1,1,[59.995550611790875],[804960],9>20:3;19>20:7,,28,59,
2026_07_29_02_32_08,000114,1,all-cavs,docs\doc_workspace\SGCP\artifacts\early_from_late_checkpoint_20260719\enable_coperception_early_from_attentive.yaml,fullperception_pcs,full-frame,grid,utility,utility,none,0,0,,singleton,20,,,,,,,1;4,1;4,4,"{""4"": 6}","{""1"": 13967, ""4"": 6740}",107840,59.995550611790875,10,40.0,60.0,,,,,,,1,1,"{""1"": 13967}",,2,ns3,899,0.5,10,12,28,1,1,[59.995550611790875],[858176],4>1:6,,29,69,
2026_07_29_02_32_08,000114,2,all-cavs,docs\doc_workspace\SGCP\artifacts\early_from_late_checkpoint_20260719\enable_coperception_early_from_attentive.yaml,fullperception_pcs,full-frame,grid,utility,utility,none,0,0,,singleton,20,,,,,,,2;10,2,,{},"{""2"": 13835}",0,59.995550611790875,10,40.0,60.0,,,,,,,0,,{},,2,ns3,899,0.5,10,12,28,1,1,[59.995550611790875],[858176],,,19,70,
2026_07_29_02_32_08,000114,3,all-cavs,docs\doc_workspace\SGCP\artifacts\early_from_late_checkpoint_20260719\enable_coperception_early_from_attentive.yaml,fullperception_pcs,full-frame,grid,utility,utility,none,0,0,,singleton,20,,,,,,,3;16;18,3;16;18,16;18,"{""16"": 6, ""18"": 42}","{""3"": 14168, ""16"": 6742, ""18"": 3310}",160832,59.995550611790875,10,40.0,60.0,,,,,,,1,1,"{""3"": 14168}",,2,ns3,899,0.5,10,12,28,1,1,[59.995550611790875],[858176],16>3:7;18>3:3,,17,60,
2026_07_29_02_32_08,000114,4,all-cavs,docs\doc_workspace\SGCP\artifacts\early_from_late_checkpoint_20260719\enable_coperception_early_from_attentive.yaml,fullperception_pcs,full-frame,grid,utility,utility,none,0,0,,singleton,20,,,,,,,1;4,4,,{},"{""4"": 13763}",0,59.995550611790875,10,40.0,60.0,,,,,,,0,,{},,2,ns3,899,0.5,10,12,28,1,1,[59.995550611790875],[858176],,,18,65,
2026_07_29_02_32_08,000114,5,all-cavs,docs\doc_workspace\SGCP\artifacts\early_from_late_checkpoint_20260719\enable_coperception_early_from_attentive.yaml,fullperception_pcs,full-frame,grid,utility,utility,none,0,0,,singleton,20,,,,,,,5;17,5,,{},"{""5"": 13956}",0,59.995550611790875,10,40.0,60.0,,,,,,,0,,{},,2,ns3,899,0.5,10,12,28,1,1,[59.995550611790875],[858176],,,18,52,
2026_07_29_02_32_08,000114,6,all-cavs,docs\doc_workspace\SGCP\artifacts\early_from_late_checkpoint_20260719\enable_coperception_early_from_attentive.yaml,fullperception_pcs,full-frame,grid,utility,utility,none,0,0,,singleton,20,,,,,,,6;15,6;15,15,"{""15"": 23}","{""6"": 13389, ""15"": 2315}",37040,59.995550611790875,10,40.0,60.0,,,,,,,1,1,"{""6"": 13389}",,2,ns3,899,0.5,10,12,28,1,1,[59.995550611790875],[858176],15>6:0,,21,52,
2026_07_29_02_32_08,000114,7,all-cavs,docs\doc_workspace\SGCP\artifacts\early_from_late_checkpoint_20260719\enable_coperception_early_from_attentive.yaml,fullperception_pcs,full-frame,grid,utility,utility,none,0,0,,singleton,20,,,,,,,7;12,7,,{},"{""7"": 13945}",0,59.995550611790875,10,40.0,60.0,,,,,,,0,,{},,2,ns3,899,0.5,10,12,28,1,1,[59.995550611790875],[858176],,,18,47,
2026_07_29_02_32_08,000114,8,all-cavs,docs\doc_workspace\SGCP\artifacts\early_from_late_checkpoint_20260719\enable_coperception_early_from_attentive.yaml,fullperception_pcs,full-frame,grid,utility,utility,none,0,0,,singleton,20,,,,,,,8;12,8,,{},"{""8"": 13736}",0,59.995550611790875,10,40.0,60.0,,,,,,,0,,{},,2,ns3,899,0.5,10,12,28,1,1,[59.995550611790875],[858176],,,25,47,
2026_07_29_02_32_08,000114,9,all-cavs,docs\doc_workspace\SGCP\artifacts\early_from_late_checkpoint_20260719\enable_coperception_early_from_attentive.yaml,fullperception_pcs,full-frame,grid,utility,utility,none,0,0,,singleton,20,,,,,,,9;20,9,,{},"{""9"": 13808}",0,59.995550611790875,10,40.0,60.0,,,,,,,0,,{},,2,ns3,899,0.5,10,12,28,1,1,[59.995550611790875],[858176],,,18,53,
2026_07_29_02_32_08,000114,10,all-cavs,docs\doc_workspace\SGCP\artifacts\early_from_late_checkpoint_20260719\enable_coperception_early_from_attentive.yaml,fullperception_pcs,full-frame,grid,utility,utility,none,0,0,,singleton,20,,,,,,,2;10;11,10;2;11,2;11,"{""2"": 4, ""11"": 6}","{""2"": 6742, ""10"": 13979, ""11"": 6739}",215696,59.995550611790875,10,40.0,60.0,,,,,,,1,1,"{""10"": 13979}",,2,ns3,899,0.5,10,12,28,1,1,[59.995550611790875],[858176],2>10:3;11>10:2,,27,68,
2026_07_29_02_32_08,000114,11,all-cavs,docs\doc_workspace\SGCP\artifacts\early_from_late_checkpoint_20260719\enable_coperception_early_from_attentive.yaml,fullperception_pcs,full-frame,grid,utility,utility,none,0,0,,singleton,20,,,,,,,10;11,11,,{},"{""11"": 13870}",0,59.995550611790875,10,40.0,60.0,,,,,,,0,,{},,2,ns3,899,0.5,10,12,28,1,1,[59.995550611790875],[858176],,,18,66,
2026_07_29_02_32_08,000114,12,all-cavs,docs\doc_workspace\SGCP\artifacts\early_from_late_checkpoint_20260719\enable_coperception_early_from_attentive.yaml,fullperception_pcs,full-frame,grid,utility,utility,none,0,0,,singleton,20,,,,,,,7;8;12,12;7;8,7;8,"{""7"": 27, ""8"": 40}","{""7"": 4212, ""8"": 3472, ""12"": 14210}",122944,59.995550611790875,10,40.0,60.0,,,,,,,1,1,"{""12"": 14210}",,2,ns3,899,0.5,10,12,28,1,1,[59.995550611790875],[858176],7>12:1;8>12:5,,35,54,
2026_07_29_02_32_08,000114,13,all-cavs,docs\doc_workspace\SGCP\artifacts\early_from_late_checkpoint_20260719\enable_coperception_early_from_attentive.yaml,fullperception_pcs,full-frame,grid,utility,utility,none,0,0,,singleton,20,,,,,,,13,13,,{},"{""13"": 13423}",0,59.995550611790875,10,40.0,60.0,,,,,,,0,,{},,2,ns3,899,0.5,10,12,28,1,1,[59.995550611790875],[858176],,,12,53,
2026_07_29_02_32_08,000114,14,all-cavs,docs\doc_workspace\SGCP\artifacts\early_from_late_checkpoint_20260719\enable_coperception_early_from_attentive.yaml,fullperception_pcs,full-frame,grid,utility,utility,none,0,0,,singleton,20,,,,,,,14,14,,{},"{""14"": 13734}",0,59.995550611790875,10,40.0,60.0,,,,,,,0,,{},,2,ns3,899,0.5,10,12,28,1,1,[59.995550611790875],[858176],,,4,8,
2026_07_29_02_32_08,000114,15,all-cavs,docs\doc_workspace\SGCP\artifacts\early_from_late_checkpoint_20260719\enable_coperception_early_from_attentive.yaml,fullperception_pcs,full-frame,grid,utility,utility,none,0,0,,singleton,20,,,,,,,6;15,15,,{},"{""15"": 13613}",0,59.995550611790875,10,40.0,60.0,,,,,,,0,,{},,2,ns3,899,0.5,10,12,28,1,1,[59.995550611790875],[858176],,,16,61,
2026_07_29_02_32_08,000114,16,all-cavs,docs\doc_workspace\SGCP\artifacts\early_from_late_checkpoint_20260719\enable_coperception_early_from_attentive.yaml,fullperception_pcs,full-frame,grid,utility,utility,none,0,0,,singleton,20,,,,,,,3;16,16,,{},"{""16"": 14201}",0,59.995550611790875,10,40.0,60.0,,,,,,,0,,{},,2,ns3,899,0.5,10,12,28,1,1,[59.995550611790875],[858176],,,24,67,
2026_07_29_02_32_08,000114,17,all-cavs,docs\doc_workspace\SGCP\artifacts\early_from_late_checkpoint_20260719\enable_coperception_early_from_attentive.yaml,fullperception_pcs,full-frame,grid,utility,utility,none,0,0,,singleton,20,,,,,,,5;17,17;5,5,"{""5"": 40}","{""5"": 2761, ""17"": 14215}",44176,59.995550611790875,10,40.0,60.0,,,,,,,1,1,"{""17"": 14215}",,2,ns3,899,0.5,10,12,28,1,1,[59.995550611790875],[858176],5>17:0,,34,64,
2026_07_29_02_32_08,000114,18,all-cavs,docs\doc_workspace\SGCP\artifacts\early_from_late_checkpoint_20260719\enable_coperception_early_from_attentive.yaml,fullperception_pcs,full-frame,grid,utility,utility,none,0,0,,singleton,20,,,,,,,3;18,18,,{},"{""18"": 13932}",0,59.995550611790875,10,40.0,60.0,,,,,,,0,,{},,2,ns3,899,0.5,10,12,28,1,1,[59.995550611790875],[858176],,,13,33,
2026_07_29_02_32_08,000114,19,all-cavs,docs\doc_workspace\SGCP\artifacts\early_from_late_checkpoint_20260719\enable_coperception_early_from_attentive.yaml,fullperception_pcs,full-frame,grid,utility,utility,none,0,0,,singleton,20,,,,,,,19;20,19,,{},"{""19"": 13709}",0,59.995550611790875,10,40.0,60.0,,,,,,,0,,{},,2,ns3,899,0.5,10,12,28,1,1,[59.995550611790875],[858176],,,19,55,
2026_07_29_02_32_08,000114,20,all-cavs,docs\doc_workspace\SGCP\artifacts\early_from_late_checkpoint_20260719\enable_coperception_early_from_attentive.yaml,fullperception_pcs,full-frame,grid,utility,utility,none,0,0,,singleton,20,,,,,,,9;19;20,20;9;19,9;19,"{""9"": 5, ""19"": 45}","{""9"": 6742, ""19"": 3861, ""20"": 13882}",169648,59.995550611790875,10,40.0,60.0,,,,,,,1,1,"{""20"": 13882}",,2,ns3,899,0.5,10,12,28,1,1,[59.995550611790875],[858176],9>20:4;19>20:8,,28,59,
2026_07_29_02_32_08,000116,1,all-cavs,docs\doc_workspace\SGCP\artifacts\early_from_late_checkpoint_20260719\enable_coperception_early_from_attentive.yaml,fullperception_pcs,full-frame,grid,utility,utility,none,0,0,,singleton,20,,,,,,,1;4,1;4,4,"{""4"": 6}","{""1"": 13967, ""4"": 6742}",107872,59.995550611790875,10,40.0,60.0,,,,,,,1,1,"{""1"": 13967}",,2,ns3,899,0.5,10,12,28,1,1,[59.995550611790875],[836640],4>1:7,,29,69,
2026_07_29_02_32_08,000116,2,all-cavs,docs\doc_workspace\SGCP\artifacts\early_from_late_checkpoint_20260719\enable_coperception_early_from_attentive.yaml,fullperception_pcs,full-frame,grid,utility,utility,none,0,0,,singleton,20,,,,,,,2;10,2,,{},"{""2"": 13837}",0,59.995550611790875,10,40.0,60.0,,,,,,,0,,{},,2,ns3,899,0.5,10,12,28,1,1,[59.995550611790875],[836640],,,18,70,
2026_07_29_02_32_08,000116,3,all-cavs,docs\doc_workspace\SGCP\artifacts\early_from_late_checkpoint_20260719\enable_coperception_early_from_attentive.yaml,fullperception_pcs,full-frame,grid,utility,utility,none,0,0,,singleton,20,,,,,,,3;16;18,3;16;18,16;18,"{""16"": 5, ""18"": 43}","{""3"": 14174, ""16"": 6742, ""18"": 3300}",160672,59.995550611790875,10,40.0,60.0,,,,,,,1,1,"{""3"": 14174}",,2,ns3,899,0.5,10,12,28,1,1,[59.995550611790875],[836640],16>3:6;18>3:3,,18,59,
2026_07_29_02_32_08,000116,4,all-cavs,docs\doc_workspace\SGCP\artifacts\early_from_late_checkpoint_20260719\enable_coperception_early_from_attentive.yaml,fullperception_pcs,full-frame,grid,utility,utility,none,0,0,,singleton,20,,,,,,,1;4,4,,{},"{""4"": 13762}",0,59.995550611790875,10,40.0,60.0,,,,,,,0,,{},,2,ns3,899,0.5,10,12,28,1,1,[59.995550611790875],[836640],,,19,65,
2026_07_29_02_32_08,000116,5,all-cavs,docs\doc_workspace\SGCP\artifacts\early_from_late_checkpoint_20260719\enable_coperception_early_from_attentive.yaml,fullperception_pcs,full-frame,grid,utility,utility,none,0,0,,singleton,20,,,,,,,5;17,5,,{},"{""5"": 13961}",0,59.995550611790875,10,40.0,60.0,,,,,,,0,,{},,2,ns3,899,0.5,10,12,28,1,1,[59.995550611790875],[836640],,,21,52,
2026_07_29_02_32_08,000116,6,all-cavs,docs\doc_workspace\SGCP\artifacts\early_from_late_checkpoint_20260719\enable_coperception_early_from_attentive.yaml,fullperception_pcs,full-frame,grid,utility,utility,none,0,0,,singleton,20,,,,,,,6;15,6;15,15,"{""15"": 24}","{""6"": 13394, ""15"": 2392}",38272,59.995550611790875,10,40.0,60.0,,,,,,,1,1,"{""6"": 13394}",,2,ns3,899,0.5,10,12,28,1,1,[59.995550611790875],[836640],15>6:0,,18,52,
2026_07_29_02_32_08,000116,7,all-cavs,docs\doc_workspace\SGCP\artifacts\early_from_late_checkpoint_20260719\enable_coperception_early_from_attentive.yaml,fullperception_pcs,full-frame,grid,utility,utility,none,0,0,,singleton,20,,,,,,,7;20,7,,{},"{""7"": 13940}",0,59.995550611790875,10,40.0,60.0,,,,,,,0,,{},,2,ns3,899,0.5,10,12,28,1,1,[59.995550611790875],[836640],,,18,47,
2026_07_29_02_32_08,000116,8,all-cavs,docs\doc_workspace\SGCP\artifacts\early_from_late_checkpoint_20260719\enable_coperception_early_from_attentive.yaml,fullperception_pcs,full-frame,grid,utility,utility,none,0,0,,singleton,20,,,,,,,8;12,8,,{},"{""8"": 13740}",0,59.995550611790875,10,40.0,60.0,,,,,,,0,,{},,2,ns3,899,0.5,10,12,28,1,1,[59.995550611790875],[836640],,,23,47,
2026_07_29_02_32_08,000116,9,all-cavs,docs\doc_workspace\SGCP\artifacts\early_from_late_checkpoint_20260719\enable_coperception_early_from_attentive.yaml,fullperception_pcs,full-frame,grid,utility,utility,none,0,0,,singleton,20,,,,,,,9;20,9,,{},"{""9"": 13806}",0,59.995550611790875,10,40.0,60.0,,,,,,,0,,{},,2,ns3,899,0.5,10,12,28,1,1,[59.995550611790875],[836640],,,17,54,
2026_07_29_02_32_08,000116,10,all-cavs,docs\doc_workspace\SGCP\artifacts\early_from_late_checkpoint_20260719\enable_coperception_early_from_attentive.yaml,fullperception_pcs,full-frame,grid,utility,utility,none,0,0,,singleton,20,,,,,,,2;10;11,10;2;11,2;11,"{""2"": 4, ""11"": 6}","{""2"": 6742, ""10"": 13979, ""11"": 6742}",215744,59.995550611790875,10,40.0,60.0,,,,,,,1,1,"{""10"": 13979}",,2,ns3,899,0.5,10,12,28,1,1,[59.995550611790875],[836640],2>10:3;11>10:2,,25,67,
2026_07_29_02_32_08,000116,11,all-cavs,docs\doc_workspace\SGCP\artifacts\early_from_late_checkpoint_20260719\enable_coperception_early_from_attentive.yaml,fullperception_pcs,full-frame,grid,utility,utility,none,0,0,,singleton,20,,,,,,,10;11,11,,{},"{""11"": 13869}",0,59.995550611790875,10,40.0,60.0,,,,,,,0,,{},,2,ns3,899,0.5,10,12,28,1,1,[59.995550611790875],[836640],,,18,66,
2026_07_29_02_32_08,000116,12,all-cavs,docs\doc_workspace\SGCP\artifacts\early_from_late_checkpoint_20260719\enable_coperception_early_from_attentive.yaml,fullperception_pcs,full-frame,grid,utility,utility,none,0,0,,singleton,20,,,,,,,8;12,12;8,8,"{""8"": 40}","{""8"": 3476, ""12"": 14231}",55616,59.995550611790875,10,40.0,60.0,,,,,,,1,1,"{""12"": 14231}",,2,ns3,899,0.5,10,12,28,1,1,[59.995550611790875],[836640],8>12:5,,29,52,
2026_07_29_02_32_08,000116,13,all-cavs,docs\doc_workspace\SGCP\artifacts\early_from_late_checkpoint_20260719\enable_coperception_early_from_attentive.yaml,fullperception_pcs,full-frame,grid,utility,utility,none,0,0,,singleton,20,,,,,,,13,13,,{},"{""13"": 13407}",0,59.995550611790875,10,40.0,60.0,,,,,,,0,,{},,2,ns3,899,0.5,10,12,28,1,1,[59.995550611790875],[836640],,,12,53,
2026_07_29_02_32_08,000116,14,all-cavs,docs\doc_workspace\SGCP\artifacts\early_from_late_checkpoint_20260719\enable_coperception_early_from_attentive.yaml,fullperception_pcs,full-frame,grid,utility,utility,none,0,0,,singleton,20,,,,,,,14,14,,{},"{""14"": 13736}",0,59.995550611790875,10,40.0,60.0,,,,,,,0,,{},,2,ns3,899,0.5,10,12,28,1,1,[59.995550611790875],[836640],,,4,8,
2026_07_29_02_32_08,000116,15,all-cavs,docs\doc_workspace\SGCP\artifacts\early_from_late_checkpoint_20260719\enable_coperception_early_from_attentive.yaml,fullperception_pcs,full-frame,grid,utility,utility,none,0,0,,singleton,20,,,,,,,6;15,15,,{},"{""15"": 13632}",0,59.995550611790875,10,40.0,60.0,,,,,,,0,,{},,2,ns3,899,0.5,10,12,28,1,1,[59.995550611790875],[836640],,,17,61,
2026_07_29_02_32_08,000116,16,all-cavs,docs\doc_workspace\SGCP\artifacts\early_from_late_checkpoint_20260719\enable_coperception_early_from_attentive.yaml,fullperception_pcs,full-frame,grid,utility,utility,none,0,0,,singleton,20,,,,,,,3;16,16,,{},"{""16"": 14185}",0,59.995550611790875,10,40.0,60.0,,,,,,,0,,{},,2,ns3,899,0.5,10,12,28,1,1,[59.995550611790875],[836640],,,20,67,
2026_07_29_02_32_08,000116,17,all-cavs,docs\doc_workspace\SGCP\artifacts\early_from_late_checkpoint_20260719\enable_coperception_early_from_attentive.yaml,fullperception_pcs,full-frame,grid,utility,utility,none,0,0,,singleton,20,,,,,,,5;17,17;5,5,"{""5"": 38}","{""5"": 2670, ""17"": 14228}",42720,59.995550611790875,10,40.0,60.0,,,,,,,1,1,"{""17"": 14228}",,2,ns3,899,0.5,10,12,28,1,1,[59.995550611790875],[836640],5>17:0,,32,64,
2026_07_29_02_32_08,000116,18,all-cavs,docs\doc_workspace\SGCP\artifacts\early_from_late_checkpoint_20260719\enable_coperception_early_from_attentive.yaml,fullperception_pcs,full-frame,grid,utility,utility,none,0,0,,singleton,20,,,,,,,3;18,18,,{},"{""18"": 13909}",0,59.995550611790875,10,40.0,60.0,,,,,,,0,,{},,2,ns3,899,0.5,10,12,28,1,1,[59.995550611790875],[836640],,,13,33,
2026_07_29_02_32_08,000116,19,all-cavs,docs\doc_workspace\SGCP\artifacts\early_from_late_checkpoint_20260719\enable_coperception_early_from_attentive.yaml,fullperception_pcs,full-frame,grid,utility,utility,none,0,0,,singleton,20,,,,,,,19,19,,{},"{""19"": 13714}",0,59.995550611790875,10,40.0,60.0,,,,,,,0,,{},,2,ns3,899,0.5,10,12,28,1,1,[59.995550611790875],[836640],,,19,54,
2026_07_29_02_32_08,000116,20,all-cavs,docs\doc_workspace\SGCP\artifacts\early_from_late_checkpoint_20260719\enable_coperception_early_from_attentive.yaml,fullperception_pcs,full-frame,grid,utility,utility,none,0,0,,singleton,20,,,,,,,7;9;20,20;7;9,7;9,"{""7"": 14, ""9"": 5}","{""7"": 6742, ""9"": 6742, ""20"": 13882}",215744,59.995550611790875,10,40.0,60.0,,,,,,,1,1,"{""20"": 13882}",,2,ns3,899,0.5,10,12,28,1,1,[59.995550611790875],[836640],7>20:1;9>20:4,,24,59,
2026_07_29_02_32_08,000118,1,all-cavs,docs\doc_workspace\SGCP\artifacts\early_from_late_checkpoint_20260719\enable_coperception_early_from_attentive.yaml,fullperception_pcs,full-frame,grid,utility,utility,none,0,0,,singleton,20,,,,,,,1;4,1;4,4,"{""4"": 5}","{""1"": 13967, ""4"": 6737}",107792,59.995550611790875,10,40.0,60.0,,,,,,,1,1,"{""1"": 13967}",,2,ns3,899,0.5,10,12,28,1,1,[59.995550611790875],[836368],4>1:7,,29,69,
2026_07_29_02_32_08,000118,2,all-cavs,docs\doc_workspace\SGCP\artifacts\early_from_late_checkpoint_20260719\enable_coperception_early_from_attentive.yaml,fullperception_pcs,full-frame,grid,utility,utility,none,0,0,,singleton,20,,,,,,,2;10,2,,{},"{""2"": 13838}",0,59.995550611790875,10,40.0,60.0,,,,,,,0,,{},,2,ns3,899,0.5,10,12,28,1,1,[59.995550611790875],[836368],,,19,70,
2026_07_29_02_32_08,000118,3,all-cavs,docs\doc_workspace\SGCP\artifacts\early_from_late_checkpoint_20260719\enable_coperception_early_from_attentive.yaml,fullperception_pcs,full-frame,grid,utility,utility,none,0,0,,singleton,20,,,,,,,3;16;18,3;16;18,16;18,"{""16"": 5, ""18"": 44}","{""3"": 14179, ""16"": 6742, ""18"": 3357}",161584,59.995550611790875,10,40.0,60.0,,,,,,,1,1,"{""3"": 14179}",,2,ns3,899,0.5,10,12,28,1,1,[59.995550611790875],[836368],16>3:6;18>3:3,,18,59,
2026_07_29_02_32_08,000118,4,all-cavs,docs\doc_workspace\SGCP\artifacts\early_from_late_checkpoint_20260719\enable_coperception_early_from_attentive.yaml,fullperception_pcs,full-frame,grid,utility,utility,none,0,0,,singleton,20,,,,,,,1;4,4,,{},"{""4"": 13761}",0,59.995550611790875,10,40.0,60.0,,,,,,,0,,{},,2,ns3,899,0.5,10,12,28,1,1,[59.995550611790875],[836368],,,18,65,
2026_07_29_02_32_08,000118,5,all-cavs,docs\doc_workspace\SGCP\artifacts\early_from_late_checkpoint_20260719\enable_coperception_early_from_attentive.yaml,fullperception_pcs,full-frame,grid,utility,utility,none,0,0,,singleton,20,,,,,,,5;17,5,,{},"{""5"": 13928}",0,59.995550611790875,10,40.0,60.0,,,,,,,0,,{},,2,ns3,899,0.5,10,12,28,1,1,[59.995550611790875],[836368],,,21,53,
2026_07_29_02_32_08,000118,6,all-cavs,docs\doc_workspace\SGCP\artifacts\early_from_late_checkpoint_20260719\enable_coperception_early_from_attentive.yaml,fullperception_pcs,full-frame,grid,utility,utility,none,0,0,,singleton,20,,,,,,,6;15,6;15,15,"{""15"": 24}","{""6"": 13431, ""15"": 2431}",38896,59.995550611790875,10,40.0,60.0,,,,,,,1,1,"{""6"": 13431}",,2,ns3,899,0.5,10,12,28,1,1,[59.995550611790875],[836368],15>6:0,,21,53,
2026_07_29_02_32_08,000118,7,all-cavs,docs\doc_workspace\SGCP\artifacts\early_from_late_checkpoint_20260719\enable_coperception_early_from_attentive.yaml,fullperception_pcs,full-frame,grid,utility,utility,none,0,0,,singleton,20,,,,,,,7;20,7,,{},"{""7"": 13934}",0,59.995550611790875,10,40.0,60.0,,,,,,,0,,{},,2,ns3,899,0.5,10,12,28,1,1,[59.995550611790875],[836368],,,20,46,
2026_07_29_02_32_08,000118,8,all-cavs,docs\doc_workspace\SGCP\artifacts\early_from_late_checkpoint_20260719\enable_coperception_early_from_attentive.yaml,fullperception_pcs,full-frame,grid,utility,utility,none,0,0,,singleton,20,,,,,,,8;12,8,,{},"{""8"": 13741}",0,59.995550611790875,10,40.0,60.0,,,,,,,0,,{},,2,ns3,899,0.5,10,12,28,1,1,[59.995550611790875],[836368],,,25,47,
2026_07_29_02_32_08,000118,9,all-cavs,docs\doc_workspace\SGCP\artifacts\early_from_late_checkpoint_20260719\enable_coperception_early_from_attentive.yaml,fullperception_pcs,full-frame,grid,utility,utility,none,0,0,,singleton,20,,,,,,,9;20,9,,{},"{""9"": 13807}",0,59.995550611790875,10,40.0,60.0,,,,,,,0,,{},,2,ns3,899,0.5,10,12,28,1,1,[59.995550611790875],[836368],,,17,54,
2026_07_29_02_32_08,000118,10,all-cavs,docs\doc_workspace\SGCP\artifacts\early_from_late_checkpoint_20260719\enable_coperception_early_from_attentive.yaml,fullperception_pcs,full-frame,grid,utility,utility,none,0,0,,singleton,20,,,,,,,2;10;11,10;2;11,2;11,"{""2"": 4, ""11"": 5}","{""2"": 6742, ""10"": 13979, ""11"": 6742}",215744,59.995550611790875,10,40.0,60.0,,,,,,,1,1,"{""10"": 13979}",,2,ns3,899,0.5,10,12,28,1,1,[59.995550611790875],[836368],2>10:3;11>10:2,,24,67,
2026_07_29_02_32_08,000118,11,all-cavs,docs\doc_workspace\SGCP\artifacts\early_from_late_checkpoint_20260719\enable_coperception_early_from_attentive.yaml,fullperception_pcs,full-frame,grid,utility,utility,none,0,0,,singleton,20,,,,,,,10;11,11,,{},"{""11"": 13873}",0,59.995550611790875,10,40.0,60.0,,,,,,,0,,{},,2,ns3,899,0.5,10,12,28,1,1,[59.995550611790875],[836368],,,18,66,
2026_07_29_02_32_08,000118,12,all-cavs,docs\doc_workspace\SGCP\artifacts\early_from_late_checkpoint_20260719\enable_coperception_early_from_attentive.yaml,fullperception_pcs,full-frame,grid,utility,utility,none,0,0,,singleton,20,,,,,,,8;12,12;8,8,"{""8"": 40}","{""8"": 3473, ""12"": 14223}",55568,59.995550611790875,10,40.0,60.0,,,,,,,1,1,"{""12"": 14223}",,2,ns3,899,0.5,10,12,28,1,1,[59.995550611790875],[836368],8>12:5,,27,52,
2026_07_29_02_32_08,000118,13,all-cavs,docs\doc_workspace\SGCP\artifacts\early_from_late_checkpoint_20260719\enable_coperception_early_from_attentive.yaml,fullperception_pcs,full-frame,grid,utility,utility,none,0,0,,singleton,20,,,,,,,13,13,,{},"{""13"": 13365}",0,59.995550611790875,10,40.0,60.0,,,,,,,0,,{},,2,ns3,899,0.5,10,12,28,1,1,[59.995550611790875],[836368],,,12,53,
2026_07_29_02_32_08,000118,14,all-cavs,docs\doc_workspace\SGCP\artifacts\early_from_late_checkpoint_20260719\enable_coperception_early_from_attentive.yaml,fullperception_pcs,full-frame,grid,utility,utility,none,0,0,,singleton,20,,,,,,,14,14,,{},"{""14"": 13766}",0,59.995550611790875,10,40.0,60.0,,,,,,,0,,{},,2,ns3,899,0.5,10,12,28,1,1,[59.995550611790875],[836368],,,6,8,
2026_07_29_02_32_08,000118,15,all-cavs,docs\doc_workspace\SGCP\artifacts\early_from_late_checkpoint_20260719\enable_coperception_early_from_attentive.yaml,fullperception_pcs,full-frame,grid,utility,utility,none,0,0,,singleton,20,,,,,,,6;15,15,,{},"{""15"": 13659}",0,59.995550611790875,10,40.0,60.0,,,,,,,0,,{},,2,ns3,899,0.5,10,12,28,1,1,[59.995550611790875],[836368],,,17,62,
2026_07_29_02_32_08,000118,16,all-cavs,docs\doc_workspace\SGCP\artifacts\early_from_late_checkpoint_20260719\enable_coperception_early_from_attentive.yaml,fullperception_pcs,full-frame,grid,utility,utility,none,0,0,,singleton,20,,,,,,,3;16,16,,{},"{""16"": 14217}",0,59.995550611790875,10,40.0,60.0,,,,,,,0,,{},,2,ns3,899,0.5,10,12,28,1,1,[59.995550611790875],[836368],,,19,67,
2026_07_29_02_32_08,000118,17,all-cavs,docs\doc_workspace\SGCP\artifacts\early_from_late_checkpoint_20260719\enable_coperception_early_from_attentive.yaml,fullperception_pcs,full-frame,grid,utility,utility,none,0,0,,singleton,20,,,,,,,5;17,17;5,5,"{""5"": 38}","{""5"": 2566, ""17"": 14236}",41056,59.995550611790875,10,40.0,60.0,,,,,,,1,1,"{""17"": 14236}",,2,ns3,899,0.5,10,12,28,1,1,[59.995550611790875],[836368],5>17:0,,34,65,
2026_07_29_02_32_08,000118,18,all-cavs,docs\doc_workspace\SGCP\artifacts\early_from_late_checkpoint_20260719\enable_coperception_early_from_attentive.yaml,fullperception_pcs,full-frame,grid,utility,utility,none,0,0,,singleton,20,,,,,,,3;18,18,,{},"{""18"": 13918}",0,59.995550611790875,10,40.0,60.0,,,,,,,0,,{},,2,ns3,899,0.5,10,12,28,1,1,[59.995550611790875],[836368],,,12,32,
2026_07_29_02_32_08,000118,19,all-cavs,docs\doc_workspace\SGCP\artifacts\early_from_late_checkpoint_20260719\enable_coperception_early_from_attentive.yaml,fullperception_pcs,full-frame,grid,utility,utility,none,0,0,,singleton,20,,,,,,,19,19,,{},"{""19"": 13713}",0,59.995550611790875,10,40.0,60.0,,,,,,,0,,{},,2,ns3,899,0.5,10,12,28,1,1,[59.995550611790875],[836368],,,20,54,
2026_07_29_02_32_08,000118,20,all-cavs,docs\doc_workspace\SGCP\artifacts\early_from_late_checkpoint_20260719\enable_coperception_early_from_attentive.yaml,fullperception_pcs,full-frame,grid,utility,utility,none,0,0,,singleton,20,,,,,,,7;9;20,20;7;9,7;9,"{""7"": 12, ""9"": 5}","{""7"": 6741, ""9"": 6742, ""20"": 13879}",215728,59.995550611790875,10,40.0,60.0,,,,,,,1,1,"{""20"": 13879}",,2,ns3,899,0.5,10,12,28,1,1,[59.995550611790875],[836368],7>20:1;9>20:4,,23,60,
2026_07_29_02_32_08,000120,1,all-cavs,docs\doc_workspace\SGCP\artifacts\early_from_late_checkpoint_20260719\enable_coperception_early_from_attentive.yaml,fullperception_pcs,full-frame,grid,utility,utility,none,0,0,,singleton,20,,,,,,,1;4,1;4,4,"{""4"": 6}","{""1"": 13970, ""4"": 6740}",107840,59.995550611790875,10,40.0,60.0,,,,,,,1,1,"{""1"": 13970}",,2,ns3,899,0.5,10,12,28,1,1,[59.995550611790875],[893264],4>1:6,,28,69,
2026_07_29_02_32_08,000120,2,all-cavs,docs\doc_workspace\SGCP\artifacts\early_from_late_checkpoint_20260719\enable_coperception_early_from_attentive.yaml,fullperception_pcs,full-frame,grid,utility,utility,none,0,0,,singleton,20,,,,,,,2;10,2,,{},"{""2"": 13838}",0,59.995550611790875,10,40.0,60.0,,,,,,,0,,{},,2,ns3,899,0.5,10,12,28,1,1,[59.995550611790875],[893264],,,19,70,
2026_07_29_02_32_08,000120,3,all-cavs,docs\doc_workspace\SGCP\artifacts\early_from_late_checkpoint_20260719\enable_coperception_early_from_attentive.yaml,fullperception_pcs,full-frame,grid,utility,utility,none,0,0,,singleton,20,,,,,,,3;17;18,3;17;18,17;18,"{""17"": 5, ""18"": 46}","{""3"": 14172, ""17"": 6742, ""18"": 3386}",162048,59.995550611790875,10,40.0,60.0,,,,,,,1,1,"{""3"": 14172}",,2,ns3,899,0.5,10,12,28,1,1,[59.995550611790875],[893264],17>3:0;18>3:2,,19,59,
2026_07_29_02_32_08,000120,4,all-cavs,docs\doc_workspace\SGCP\artifacts\early_from_late_checkpoint_20260719\enable_coperception_early_from_attentive.yaml,fullperception_pcs,full-frame,grid,utility,utility,none,0,0,,singleton,20,,,,,,,1;4,4,,{},"{""4"": 13760}",0,59.995550611790875,10,40.0,60.0,,,,,,,0,,{},,2,ns3,899,0.5,10,12,28,1,1,[59.995550611790875],[893264],,,19,65,
2026_07_29_02_32_08,000120,5,all-cavs,docs\doc_workspace\SGCP\artifacts\early_from_late_checkpoint_20260719\enable_coperception_early_from_attentive.yaml,fullperception_pcs,full-frame,grid,utility,utility,none,0,0,,singleton,20,,,,,,,5;19,5,,{},"{""5"": 13911}",0,59.995550611790875,10,40.0,60.0,,,,,,,0,,{},,2,ns3,899,0.5,10,12,28,1,1,[59.995550611790875],[893264],,,21,54,
2026_07_29_02_32_08,000120,6,all-cavs,docs\doc_workspace\SGCP\artifacts\early_from_late_checkpoint_20260719\enable_coperception_early_from_attentive.yaml,fullperception_pcs,full-frame,grid,utility,utility,none,0,0,,singleton,20,,,,,,,6;15,6;15,15,"{""15"": 23}","{""6"": 13438, ""15"": 2417}",38672,59.995550611790875,10,40.0,60.0,,,,,,,1,1,"{""6"": 13438}",,2,ns3,899,0.5,10,12,28,1,1,[59.995550611790875],[893264],15>6:0,,21,54,
2026_07_29_02_32_08,000120,7,all-cavs,docs\doc_workspace\SGCP\artifacts\early_from_late_checkpoint_20260719\enable_coperception_early_from_attentive.yaml,fullperception_pcs,full-frame,grid,utility,utility,none,0,0,,singleton,20,,,,,,,7;12,7,,{},"{""7"": 13924}",0,59.995550611790875,10,40.0,60.0,,,,,,,0,,{},,2,ns3,899,0.5,10,12,28,1,1,[59.995550611790875],[893264],,,25,46,
2026_07_29_02_32_08,000120,8,all-cavs,docs\doc_workspace\SGCP\artifacts\early_from_late_checkpoint_20260719\enable_coperception_early_from_attentive.yaml,fullperception_pcs,full-frame,grid,utility,utility,none,0,0,,singleton,20,,,,,,,8;12,8,,{},"{""8"": 13743}",0,59.995550611790875,10,40.0,60.0,,,,,,,0,,{},,2,ns3,899,0.5,10,12,28,1,1,[59.995550611790875],[893264],,,24,47,
2026_07_29_02_32_08,000120,9,all-cavs,docs\doc_workspace\SGCP\artifacts\early_from_late_checkpoint_20260719\enable_coperception_early_from_attentive.yaml,fullperception_pcs,full-frame,grid,utility,utility,none,0,0,,singleton,20,,,,,,,9;11,9;11,11,"{""11"": 6}","{""9"": 13808, ""11"": 6742}",107872,59.995550611790875,10,40.0,60.0,,,,,,,1,1,"{""9"": 13808}",,2,ns3,899,0.5,10,12,28,1,1,[59.995550611790875],[893264],11>9:3,,23,53,
2026_07_29_02_32_08,000120,10,all-cavs,docs\doc_workspace\SGCP\artifacts\early_from_late_checkpoint_20260719\enable_coperception_early_from_attentive.yaml,fullperception_pcs,full-frame,grid,utility,utility,none,0,0,,singleton,20,,,,,,,2;10;13,10;2;13,2;13,"{""2"": 4, ""13"": 6}","{""2"": 6742, ""10"": 13976, ""13"": 6742}",215744,59.995550611790875,10,40.0,60.0,,,,,,,1,1,"{""10"": 13976}",,2,ns3,899,0.5,10,12,28,1,1,[59.995550611790875],[893264],2>10:2;13>10:5,,26,67,
2026_07_29_02_32_08,000120,11,all-cavs,docs\doc_workspace\SGCP\artifacts\early_from_late_checkpoint_20260719\enable_coperception_early_from_attentive.yaml,fullperception_pcs,full-frame,grid,utility,utility,none,0,0,,singleton,20,,,,,,,9;11,11,,{},"{""11"": 13874}",0,59.995550611790875,10,40.0,60.0,,,,,,,0,,{},,2,ns3,899,0.5,10,12,28,1,1,[59.995550611790875],[893264],,,18,66,
2026_07_29_02_32_08,000120,12,all-cavs,docs\doc_workspace\SGCP\artifacts\early_from_late_checkpoint_20260719\enable_coperception_early_from_attentive.yaml,fullperception_pcs,full-frame,grid,utility,utility,none,0,0,,singleton,20,,,,,,,7;8;12,12;7;8,7;8,"{""7"": 26, ""8"": 40}","{""7"": 3933, ""8"": 3477, ""12"": 14223}",118560,59.995550611790875,10,40.0,60.0,,,,,,,1,1,"{""12"": 14223}",,2,ns3,899,0.5,10,12,28,1,1,[59.995550611790875],[893264],7>12:1;8>12:4,,33,52,
2026_07_29_02_32_08,000120,13,all-cavs,docs\doc_workspace\SGCP\artifacts\early_from_late_checkpoint_20260719\enable_coperception_early_from_attentive.yaml,fullperception_pcs,full-frame,grid,utility,utility,none,0,0,,singleton,20,,,,,,,10;13,13,,{},"{""13"": 13367}",0,59.995550611790875,10,40.0,60.0,,,,,,,0,,{},,2,ns3,899,0.5,10,12,28,1,1,[59.995550611790875],[893264],,,9,53,
2026_07_29_02_32_08,000120,14,all-cavs,docs\doc_workspace\SGCP\artifacts\early_from_late_checkpoint_20260719\enable_coperception_early_from_attentive.yaml,fullperception_pcs,full-frame,grid,utility,utility,none,0,0,,singleton,20,,,,,,,14,14,,{},"{""14"": 13795}",0,59.995550611790875,10,40.0,60.0,,,,,,,0,,{},,2,ns3,899,0.5,10,12,28,1,1,[59.995550611790875],[893264],,,6,8,
2026_07_29_02_32_08,000120,15,all-cavs,docs\doc_workspace\SGCP\artifacts\early_from_late_checkpoint_20260719\enable_coperception_early_from_attentive.yaml,fullperception_pcs,full-frame,grid,utility,utility,none,0,0,,singleton,20,,,,,,,6;15,15,,{},"{""15"": 13667}",0,59.995550611790875,10,40.0,60.0,,,,,,,0,,{},,2,ns3,899,0.5,10,12,28,1,1,[59.995550611790875],[893264],,,19,62,
2026_07_29_02_32_08,000120,16,all-cavs,docs\doc_workspace\SGCP\artifacts\early_from_late_checkpoint_20260719\enable_coperception_early_from_attentive.yaml,fullperception_pcs,full-frame,grid,utility,utility,none,0,0,,singleton,20,,,,,,,16,16,,{},"{""16"": 14237}",0,59.995550611790875,10,40.0,60.0,,,,,,,0,,{},,2,ns3,899,0.5,10,12,28,1,1,[59.995550611790875],[893264],,,21,66,
2026_07_29_02_32_08,000120,17,all-cavs,docs\doc_workspace\SGCP\artifacts\early_from_late_checkpoint_20260719\enable_coperception_early_from_attentive.yaml,fullperception_pcs,full-frame,grid,utility,utility,none,0,0,,singleton,20,,,,,,,3;17,17,,{},"{""17"": 14265}",0,59.995550611790875,10,40.0,60.0,,,,,,,0,,{},,2,ns3,899,0.5,10,12,28,1,1,[59.995550611790875],[893264],,,18,64,
2026_07_29_02_32_08,000120,18,all-cavs,docs\doc_workspace\SGCP\artifacts\early_from_late_checkpoint_20260719\enable_coperception_early_from_attentive.yaml,fullperception_pcs,full-frame,grid,utility,utility,none,0,0,,singleton,20,,,,,,,3;18,18,,{},"{""18"": 13889}",0,59.995550611790875,10,40.0,60.0,,,,,,,0,,{},,2,ns3,899,0.5,10,12,28,1,1,[59.995550611790875],[893264],,,12,31,
2026_07_29_02_32_08,000120,19,all-cavs,docs\doc_workspace\SGCP\artifacts\early_from_late_checkpoint_20260719\enable_coperception_early_from_attentive.yaml,fullperception_pcs,full-frame,grid,utility,utility,none,0,0,,singleton,20,,,,,,,5;19;20,19;5;20,5;20,"{""5"": 27, ""20"": 24}","{""5"": 2170, ""19"": 13711, ""20"": 6738}",142528,59.995550611790875,10,40.0,60.0,,,,,,,1,1,"{""19"": 13711}",,2,ns3,899,0.5,10,12,28,1,1,[59.995550611790875],[893264],5>19:8;20>19:7,,23,54,
2026_07_29_02_32_08,000120,20,all-cavs,docs\doc_workspace\SGCP\artifacts\early_from_late_checkpoint_20260719\enable_coperception_early_from_attentive.yaml,fullperception_pcs,full-frame,grid,utility,utility,none,0,0,,singleton,20,,,,,,,19;20,20,,{},"{""20"": 13881}",0,59.995550611790875,10,40.0,60.0,,,,,,,0,,{},,2,ns3,899,0.5,10,12,28,1,1,[59.995550611790875],[893264],,,22,60,
2026_07_29_02_32_08,000122,1,all-cavs,docs\doc_workspace\SGCP\artifacts\early_from_late_checkpoint_20260719\enable_coperception_early_from_attentive.yaml,fullperception_pcs,full-frame,grid,utility,utility,none,0,0,,singleton,20,,,,,,,1;4,1;4,4,"{""4"": 7}","{""1"": 13965, ""4"": 6741}",107856,59.995550611790875,10,40.0,60.0,,,,,,,1,1,"{""1"": 13965}",,2,ns3,899,0.5,10,12,28,1,1,[59.995550611790875],[867728],4>1:6,,29,69,
2026_07_29_02_32_08,000122,2,all-cavs,docs\doc_workspace\SGCP\artifacts\early_from_late_checkpoint_20260719\enable_coperception_early_from_attentive.yaml,fullperception_pcs,full-frame,grid,utility,utility,none,0,0,,singleton,20,,,,,,,2;15,2,,{},"{""2"": 13840}",0,59.995550611790875,10,40.0,60.0,,,,,,,0,,{},,2,ns3,899,0.5,10,12,28,1,1,[59.995550611790875],[867728],,,20,69,
2026_07_29_02_32_08,000122,3,all-cavs,docs\doc_workspace\SGCP\artifacts\early_from_late_checkpoint_20260719\enable_coperception_early_from_attentive.yaml,fullperception_pcs,full-frame,grid,utility,utility,none,0,0,,singleton,20,,,,,,,3;16;17,3;16;17,16;17,"{""16"": 5, ""17"": 6}","{""3"": 14186, ""16"": 6742, ""17"": 6742}",215744,59.995550611790875,10,40.0,60.0,,,,,,,1,1,"{""3"": 14186}",,2,ns3,899,0.5,10,12,28,1,1,[59.995550611790875],[867728],16>3:1;17>3:0,,16,57,
2026_07_29_02_32_08,000122,4,all-cavs,docs\doc_workspace\SGCP\artifacts\early_from_late_checkpoint_20260719\enable_coperception_early_from_attentive.yaml,fullperception_pcs,full-frame,grid,utility,utility,none,0,0,,singleton,20,,,,,,,1;4,4,,{},"{""4"": 13763}",0,59.995550611790875,10,40.0,60.0,,,,,,,0,,{},,2,ns3,899,0.5,10,12,28,1,1,[59.995550611790875],[867728],,,19,65,
2026_07_29_02_32_08,000122,5,all-cavs,docs\doc_workspace\SGCP\artifacts\early_from_late_checkpoint_20260719\enable_coperception_early_from_attentive.yaml,fullperception_pcs,full-frame,grid,utility,utility,none,0,0,,singleton,20,,,,,,,5;7,5;7,7,"{""7"": 30}","{""5"": 13861, ""7"": 2848}",45568,59.995550611790875,10,40.0,60.0,,,,,,,1,1,"{""5"": 13861}",,2,ns3,899,0.5,10,12,28,1,1,[59.995550611790875],[867728],7>5:2,,22,58,
2026_07_29_02_32_08,000122,6,all-cavs,docs\doc_workspace\SGCP\artifacts\early_from_late_checkpoint_20260719\enable_coperception_early_from_attentive.yaml,fullperception_pcs,full-frame,grid,utility,utility,none,0,0,,singleton,20,,,,,,,6;15,6,,{},"{""6"": 13422}",0,59.995550611790875,10,40.0,60.0,,,,,,,0,,{},,2,ns3,899,0.5,10,12,28,1,1,[59.995550611790875],[867728],,,14,54,
2026_07_29_02_32_08,000122,7,all-cavs,docs\doc_workspace\SGCP\artifacts\early_from_late_checkpoint_20260719\enable_coperception_early_from_attentive.yaml,fullperception_pcs,full-frame,grid,utility,utility,none,0,0,,singleton,20,,,,,,,5;7,7,,{},"{""7"": 13939}",0,59.995550611790875,10,40.0,60.0,,,,,,,0,,{},,2,ns3,899,0.5,10,12,28,1,1,[59.995550611790875],[867728],,,21,46,
2026_07_29_02_32_08,000122,8,all-cavs,docs\doc_workspace\SGCP\artifacts\early_from_late_checkpoint_20260719\enable_coperception_early_from_attentive.yaml,fullperception_pcs,full-frame,grid,utility,utility,none,0,0,,singleton,20,,,,,,,8;12,8,,{},"{""8"": 13746}",0,59.995550611790875,10,40.0,60.0,,,,,,,0,,{},,2,ns3,899,0.5,10,12,28,1,1,[59.995550611790875],[867728],,,25,47,
2026_07_29_02_32_08,000122,9,all-cavs,docs\doc_workspace\SGCP\artifacts\early_from_late_checkpoint_20260719\enable_coperception_early_from_attentive.yaml,fullperception_pcs,full-frame,grid,utility,utility,none,0,0,,singleton,20,,,,,,,9;20,9,,{},"{""9"": 13806}",0,59.995550611790875,10,40.0,60.0,,,,,,,0,,{},,2,ns3,899,0.5,10,12,28,1,1,[59.995550611790875],[867728],,,17,53,
2026_07_29_02_32_08,000122,10,all-cavs,docs\doc_workspace\SGCP\artifacts\early_from_late_checkpoint_20260719\enable_coperception_early_from_attentive.yaml,fullperception_pcs,full-frame,grid,utility,utility,none,0,0,,singleton,20,,,,,,,10;20,10,,{},"{""10"": 13976}",0,59.995550611790875,10,40.0,60.0,,,,,,,0,,{},,2,ns3,899,0.5,10,12,28,1,1,[59.995550611790875],[867728],,,23,67,
2026_07_29_02_32_08,000122,11,all-cavs,docs\doc_workspace\SGCP\artifacts\early_from_late_checkpoint_20260719\enable_coperception_early_from_attentive.yaml,fullperception_pcs,full-frame,grid,utility,utility,none,0,0,,singleton,20,,,,,,,11,11,,{},"{""11"": 13872}",0,59.995550611790875,10,40.0,60.0,,,,,,,0,,{},,2,ns3,899,0.5,10,12,28,1,1,[59.995550611790875],[867728],,,18,66,
2026_07_29_02_32_08,000122,12,all-cavs,docs\doc_workspace\SGCP\artifacts\early_from_late_checkpoint_20260719\enable_coperception_early_from_attentive.yaml,fullperception_pcs,full-frame,grid,utility,utility,none,0,0,,singleton,20,,,,,,,8;12,12;8,8,"{""8"": 40}","{""8"": 3477, ""12"": 14209}",55632,59.995550611790875,10,40.0,60.0,,,,,,,1,1,"{""12"": 14209}",,2,ns3,899,0.5,10,12,28,1,1,[59.995550611790875],[867728],8>12:4,,31,52,
2026_07_29_02_32_08,000122,13,all-cavs,docs\doc_workspace\SGCP\artifacts\early_from_late_checkpoint_20260719\enable_coperception_early_from_attentive.yaml,fullperception_pcs,full-frame,grid,utility,utility,none,0,0,,singleton,20,,,,,,,13;14,13,,{},"{""13"": 13373}",0,59.995550611790875,10,40.0,60.0,,,,,,,0,,{},,2,ns3,899,0.5,10,12,28,1,1,[59.995550611790875],[867728],,,10,54,
2026_07_29_02_32_08,000122,14,all-cavs,docs\doc_workspace\SGCP\artifacts\early_from_late_checkpoint_20260719\enable_coperception_early_from_attentive.yaml,fullperception_pcs,full-frame,grid,utility,utility,none,0,0,,singleton,20,,,,,,,13;14,14;13,13,"{""13"": 5}","{""13"": 6742, ""14"": 13767}",107872,59.995550611790875,10,40.0,60.0,,,,,,,1,1,"{""14"": 13767}",,2,ns3,899,0.5,10,12,28,1,1,[59.995550611790875],[867728],13>14:7,,7,8,
2026_07_29_02_32_08,000122,15,all-cavs,docs\doc_workspace\SGCP\artifacts\early_from_late_checkpoint_20260719\enable_coperception_early_from_attentive.yaml,fullperception_pcs,full-frame,grid,utility,utility,none,0,0,,singleton,20,,,,,,,2;6;15,15;2;6,2;6,"{""2"": 6, ""6"": 27}","{""2"": 6742, ""6"": 715, ""15"": 13668}",119312,59.995550611790875,10,40.0,60.0,,,,,,,1,1,"{""15"": 13668}",,2,ns3,899,0.5,10,12,28,1,1,[59.995550611790875],[867728],2>15:1;6>15:0,,24,62,
2026_07_29_02_32_08,000122,16,all-cavs,docs\doc_workspace\SGCP\artifacts\early_from_late_checkpoint_20260719\enable_coperception_early_from_attentive.yaml,fullperception_pcs,full-frame,grid,utility,utility,none,0,0,,singleton,20,,,,,,,3;16,16,,{},"{""16"": 14235}",0,59.995550611790875,10,40.0,60.0,,,,,,,0,,{},,2,ns3,899,0.5,10,12,28,1,1,[59.995550611790875],[867728],,,19,66,
2026_07_29_02_32_08,000122,17,all-cavs,docs\doc_workspace\SGCP\artifacts\early_from_late_checkpoint_20260719\enable_coperception_early_from_attentive.yaml,fullperception_pcs,full-frame,grid,utility,utility,none,0,0,,singleton,20,,,,,,,3;17,17,,{},"{""17"": 14263}",0,59.995550611790875,10,40.0,60.0,,,,,,,0,,{},,2,ns3,899,0.5,10,12,28,1,1,[59.995550611790875],[867728],,,17,64,
2026_07_29_02_32_08,000122,18,all-cavs,docs\doc_workspace\SGCP\artifacts\early_from_late_checkpoint_20260719\enable_coperception_early_from_attentive.yaml,fullperception_pcs,full-frame,grid,utility,utility,none,0,0,,singleton,20,,,,,,,18,18,,{},"{""18"": 13912}",0,59.995550611790875,10,40.0,60.0,,,,,,,0,,{},,2,ns3,899,0.5,10,12,28,1,1,[59.995550611790875],[867728],,,12,30,
2026_07_29_02_32_08,000122,19,all-cavs,docs\doc_workspace\SGCP\artifacts\early_from_late_checkpoint_20260719\enable_coperception_early_from_attentive.yaml,fullperception_pcs,full-frame,grid,utility,utility,none,0,0,,singleton,20,,,,,,,19,19,,{},"{""19"": 13713}",0,59.995550611790875,10,40.0,60.0,,,,,,,0,,{},,2,ns3,899,0.5,10,12,28,1,1,[59.995550611790875],[867728],,,19,54,
2026_07_29_02_32_08,000122,20,all-cavs,docs\doc_workspace\SGCP\artifacts\early_from_late_checkpoint_20260719\enable_coperception_early_from_attentive.yaml,fullperception_pcs,full-frame,grid,utility,utility,none,0,0,,singleton,20,,,,,,,9;10;20,20;9;10,9;10,"{""9"": 5, ""10"": 5}","{""9"": 6742, ""10"": 6742, ""20"": 13882}",215744,59.995550611790875,10,40.0,60.0,,,,,,,1,1,"{""20"": 13882}",,2,ns3,899,0.5,10,12,28,1,1,[59.995550611790875],[867728],9>20:5;10>20:3,,24,60,
2026_07_29_02_32_08,000124,1,all-cavs,docs\doc_workspace\SGCP\artifacts\early_from_late_checkpoint_20260719\enable_coperception_early_from_attentive.yaml,fullperception_pcs,full-frame,grid,utility,utility,none,0,0,,singleton,20,,,,,,,1;4,1;4,4,"{""4"": 6}","{""1"": 13963, ""4"": 6742}",107872,59.995550611790875,10,40.0,60.0,,,,,,,1,1,"{""1"": 13963}",,2,ns3,899,0.5,10,12,28,1,1,[59.995550611790875],[999488],4>1:6,,26,69,
2026_07_29_02_32_08,000124,2,all-cavs,docs\doc_workspace\SGCP\artifacts\early_from_late_checkpoint_20260719\enable_coperception_early_from_attentive.yaml,fullperception_pcs,full-frame,grid,utility,utility,none,0,0,,singleton,20,,,,,,,2;15,2,,{},"{""2"": 13842}",0,59.995550611790875,10,40.0,60.0,,,,,,,0,,{},,2,ns3,899,0.5,10,12,28,1,1,[59.995550611790875],[999488],,,20,69,
2026_07_29_02_32_08,000124,3,all-cavs,docs\doc_workspace\SGCP\artifacts\early_from_late_checkpoint_20260719\enable_coperception_early_from_attentive.yaml,fullperception_pcs,full-frame,grid,utility,utility,none,0,0,,singleton,20,,,,,,,3;16;17,3;16;17,16;17,"{""16"": 4, ""17"": 5}","{""3"": 14209, ""16"": 6742, ""17"": 6741}",215728,59.995550611790875,10,40.0,60.0,,,,,,,1,1,"{""3"": 14209}",,2,ns3,899,0.5,10,12,28,1,1,[59.995550611790875],[999488],16>3:1;17>3:0,,15,56,
2026_07_29_02_32_08,000124,4,all-cavs,docs\doc_workspace\SGCP\artifacts\early_from_late_checkpoint_20260719\enable_coperception_early_from_attentive.yaml,fullperception_pcs,full-frame,grid,utility,utility,none,0,0,,singleton,20,,,,,,,1;4,4,,{},"{""4"": 13764}",0,59.995550611790875,10,40.0,60.0,,,,,,,0,,{},,2,ns3,899,0.5,10,12,28,1,1,[59.995550611790875],[999488],,,17,65,
2026_07_29_02_32_08,000124,5,all-cavs,docs\doc_workspace\SGCP\artifacts\early_from_late_checkpoint_20260719\enable_coperception_early_from_attentive.yaml,fullperception_pcs,full-frame,grid,utility,utility,none,0,0,,singleton,20,,,,,,,5,5,,{},"{""5"": 13797}",0,59.995550611790875,10,40.0,60.0,,,,,,,0,,{},,2,ns3,899,0.5,10,12,28,1,1,[59.995550611790875],[999488],,,24,58,
2026_07_29_02_32_08,000124,6,all-cavs,docs\doc_workspace\SGCP\artifacts\early_from_late_checkpoint_20260719\enable_coperception_early_from_attentive.yaml,fullperception_pcs,full-frame,grid,utility,utility,none,0,0,,singleton,20,,,,,,,6;15,6,,{},"{""6"": 13423}",0,59.995550611790875,10,40.0,60.0,,,,,,,0,,{},,2,ns3,899,0.5,10,12,28,1,1,[59.995550611790875],[999488],,,14,54,
2026_07_29_02_32_08,000124,7,all-cavs,docs\doc_workspace\SGCP\artifacts\early_from_late_checkpoint_20260719\enable_coperception_early_from_attentive.yaml,fullperception_pcs,full-frame,grid,utility,utility,none,0,0,,singleton,20,,,,,,,7;12,7;12,12,"{""12"": 32}","{""7"": 13921, ""12"": 6658}",106528,59.995550611790875,10,40.0,60.0,,,,,,,1,1,"{""7"": 13921}",,2,ns3,899,0.5,10,12,28,1,1,[59.995550611790875],[999488],12>7:2,,21,45,
2026_07_29_02_32_08,000124,8,all-cavs,docs\doc_workspace\SGCP\artifacts\early_from_late_checkpoint_20260719\enable_coperception_early_from_attentive.yaml,fullperception_pcs,full-frame,grid,utility,utility,none,0,0,,singleton,20,,,,,,,8;11,8,,{},"{""8"": 13745}",0,59.995550611790875,10,40.0,60.0,,,,,,,0,,{},,2,ns3,899,0.5,10,12,28,1,1,[59.995550611790875],[999488],,,26,47,
2026_07_29_02_32_08,000124,9,all-cavs,docs\doc_workspace\SGCP\artifacts\early_from_late_checkpoint_20260719\enable_coperception_early_from_attentive.yaml,fullperception_pcs,full-frame,grid,utility,utility,none,0,0,,singleton,20,,,,,,,9;20,9,,{},"{""9"": 13807}",0,59.995550611790875,10,40.0,60.0,,,,,,,0,,{},,2,ns3,899,0.5,10,12,28,1,1,[59.995550611790875],[999488],,,17,53,
2026_07_29_02_32_08,000124,10,all-cavs,docs\doc_workspace\SGCP\artifacts\early_from_late_checkpoint_20260719\enable_coperception_early_from_attentive.yaml,fullperception_pcs,full-frame,grid,utility,utility,none,0,0,,singleton,20,,,,,,,10;20,10,,{},"{""10"": 13972}",0,59.995550611790875,10,40.0,60.0,,,,,,,0,,{},,2,ns3,899,0.5,10,12,28,1,1,[59.995550611790875],[999488],,,20,67,
2026_07_29_02_32_08,000124,11,all-cavs,docs\doc_workspace\SGCP\artifacts\early_from_late_checkpoint_20260719\enable_coperception_early_from_attentive.yaml,fullperception_pcs,full-frame,grid,utility,utility,none,0,0,,singleton,20,,,,,,,8;11,11;8,8,"{""8"": 23}","{""8"": 1878, ""11"": 13875}",30048,59.995550611790875,10,40.0,60.0,,,,,,,1,1,"{""11"": 13875}",,2,ns3,899,0.5,10,12,28,1,1,[59.995550611790875],[999488],8>11:4,,22,66,
2026_07_29_02_32_08,000124,12,all-cavs,docs\doc_workspace\SGCP\artifacts\early_from_late_checkpoint_20260719\enable_coperception_early_from_attentive.yaml,fullperception_pcs,full-frame,grid,utility,utility,none,0,0,,singleton,20,,,,,,,7;12,12,,{},"{""12"": 14179}",0,59.995550611790875,10,40.0,60.0,,,,,,,0,,{},,2,ns3,899,0.5,10,12,28,1,1,[59.995550611790875],[999488],,,12,52,
2026_07_29_02_32_08,000124,13,all-cavs,docs\doc_workspace\SGCP\artifacts\early_from_late_checkpoint_20260719\enable_coperception_early_from_attentive.yaml,fullperception_pcs,full-frame,grid,utility,utility,none,0,0,,singleton,20,,,,,,,13;14,13,,{},"{""13"": 13342}",0,59.995550611790875,10,40.0,60.0,,,,,,,0,,{},,2,ns3,899,0.5,10,12,28,1,1,[59.995550611790875],[999488],,,11,54,
2026_07_29_02_32_08,000124,14,all-cavs,docs\doc_workspace\SGCP\artifacts\early_from_late_checkpoint_20260719\enable_coperception_early_from_attentive.yaml,fullperception_pcs,full-frame,grid,utility,utility,none,0,0,,singleton,20,,,,,,,13;14,14;13,13,"{""13"": 6}","{""13"": 6742, ""14"": 13747}",107872,59.995550611790875,10,40.0,60.0,,,,,,,1,1,"{""14"": 13747}",,2,ns3,899,0.5,10,12,28,1,1,[59.995550611790875],[999488],13>14:7,,6,8,
2026_07_29_02_32_08,000124,15,all-cavs,docs\doc_workspace\SGCP\artifacts\early_from_late_checkpoint_20260719\enable_coperception_early_from_attentive.yaml,fullperception_pcs,full-frame,grid,utility,utility,none,0,0,,singleton,20,,,,,,,2;6;15,15;2;6,2;6,"{""2"": 6, ""6"": 6}","{""2"": 6742, ""6"": 6739, ""15"": 13675}",215696,59.995550611790875,10,40.0,60.0,,,,,,,1,1,"{""15"": 13675}",,2,ns3,899,0.5,10,12,28,1,1,[59.995550611790875],[999488],2>15:1;6>15:0,,25,62,
2026_07_29_02_32_08,000124,16,all-cavs,docs\doc_workspace\SGCP\artifacts\early_from_late_checkpoint_20260719\enable_coperception_early_from_attentive.yaml,fullperception_pcs,full-frame,grid,utility,utility,none,0,0,,singleton,20,,,,,,,3;16,16,,{},"{""16"": 14256}",0,59.995550611790875,10,40.0,60.0,,,,,,,0,,{},,2,ns3,899,0.5,10,12,28,1,1,[59.995550611790875],[999488],,,16,66,
2026_07_29_02_32_08,000124,17,all-cavs,docs\doc_workspace\SGCP\artifacts\early_from_late_checkpoint_20260719\enable_coperception_early_from_attentive.yaml,fullperception_pcs,full-frame,grid,utility,utility,none,0,0,,singleton,20,,,,,,,3;17,17,,{},"{""17"": 14254}",0,59.995550611790875,10,40.0,60.0,,,,,,,0,,{},,2,ns3,899,0.5,10,12,28,1,1,[59.995550611790875],[999488],,,19,64,
2026_07_29_02_32_08,000124,18,all-cavs,docs\doc_workspace\SGCP\artifacts\early_from_late_checkpoint_20260719\enable_coperception_early_from_attentive.yaml,fullperception_pcs,full-frame,grid,utility,utility,none,0,0,,singleton,20,,,,,,,18,18,,{},"{""18"": 13863}",0,59.995550611790875,10,40.0,60.0,,,,,,,0,,{},,2,ns3,899,0.5,10,12,28,1,1,[59.995550611790875],[999488],,,10,30,
2026_07_29_02_32_08,000124,19,all-cavs,docs\doc_workspace\SGCP\artifacts\early_from_late_checkpoint_20260719\enable_coperception_early_from_attentive.yaml,fullperception_pcs,full-frame,grid,utility,utility,none,0,0,,singleton,20,,,,,,,19,19,,{},"{""19"": 13712}",0,59.995550611790875,10,40.0,60.0,,,,,,,0,,{},,2,ns3,899,0.5,10,12,28,1,1,[59.995550611790875],[999488],,,20,54,
2026_07_29_02_32_08,000124,20,all-cavs,docs\doc_workspace\SGCP\artifacts\early_from_late_checkpoint_20260719\enable_coperception_early_from_attentive.yaml,fullperception_pcs,full-frame,grid,utility,utility,none,0,0,,singleton,20,,,,,,,9;10;20,20;9;10,9;10,"{""9"": 6, ""10"": 5}","{""9"": 6742, ""10"": 6742, ""20"": 13887}",215744,59.995550611790875,10,40.0,60.0,,,,,,,1,1,"{""20"": 13887}",,2,ns3,899,0.5,10,12,28,1,1,[59.995550611790875],[999488],9>20:5;10>20:3,,24,60,
2026_07_29_02_32_08,000126,1,all-cavs,docs\doc_workspace\SGCP\artifacts\early_from_late_checkpoint_20260719\enable_coperception_early_from_attentive.yaml,fullperception_pcs,full-frame,grid,utility,utility,none,0,0,,singleton,20,,,,,,,1;4,1;4,4,"{""4"": 5}","{""1"": 13963, ""4"": 6741}",107856,59.995550611790875,10,40.0,60.0,,,,,,,1,1,"{""1"": 13963}",,2,ns3,899,0.5,10,12,28,1,1,[59.995550611790875],[989280],4>1:6,,24,69,
2026_07_29_02_32_08,000126,2,all-cavs,docs\doc_workspace\SGCP\artifacts\early_from_late_checkpoint_20260719\enable_coperception_early_from_attentive.yaml,fullperception_pcs,full-frame,grid,utility,utility,none,0,0,,singleton,20,,,,,,,2;15,2,,{},"{""2"": 13842}",0,59.995550611790875,10,40.0,60.0,,,,,,,0,,{},,2,ns3,899,0.5,10,12,28,1,1,[59.995550611790875],[989280],,,19,69,
2026_07_29_02_32_08,000126,3,all-cavs,docs\doc_workspace\SGCP\artifacts\early_from_late_checkpoint_20260719\enable_coperception_early_from_attentive.yaml,fullperception_pcs,full-frame,grid,utility,utility,none,0,0,,singleton,20,,,,,,,3;16;17,3;16;17,16;17,"{""16"": 5, ""17"": 6}","{""3"": 14202, ""16"": 6742, ""17"": 6742}",215744,59.995550611790875,10,40.0,60.0,,,,,,,1,1,"{""3"": 14202}",,2,ns3,899,0.5,10,12,28,1,1,[59.995550611790875],[989280],16>3:1;17>3:0,,14,56,
2026_07_29_02_32_08,000126,4,all-cavs,docs\doc_workspace\SGCP\artifacts\early_from_late_checkpoint_20260719\enable_coperception_early_from_attentive.yaml,fullperception_pcs,full-frame,grid,utility,utility,none,0,0,,singleton,20,,,,,,,1;4,4,,{},"{""4"": 13765}",0,59.995550611790875,10,40.0,60.0,,,,,,,0,,{},,2,ns3,899,0.5,10,12,28,1,1,[59.995550611790875],[989280],,,18,65,
2026_07_29_02_32_08,000126,5,all-cavs,docs\doc_workspace\SGCP\artifacts\early_from_late_checkpoint_20260719\enable_coperception_early_from_attentive.yaml,fullperception_pcs,full-frame,grid,utility,utility,none,0,0,,singleton,20,,,,,,,5,5,,{},"{""5"": 13815}",0,59.995550611790875,10,40.0,60.0,,,,,,,0,,{},,2,ns3,899,0.5,10,12,28,1,1,[59.995550611790875],[989280],,,23,59,
2026_07_29_02_32_08,000126,6,all-cavs,docs\doc_workspace\SGCP\artifacts\early_from_late_checkpoint_20260719\enable_coperception_early_from_attentive.yaml,fullperception_pcs,full-frame,grid,utility,utility,none,0,0,,singleton,20,,,,,,,6;15,6,,{},"{""6"": 13428}",0,59.995550611790875,10,40.0,60.0,,,,,,,0,,{},,2,ns3,899,0.5,10,12,28,1,1,[59.995550611790875],[989280],,,13,55,
2026_07_29_02_32_08,000126,7,all-cavs,docs\doc_workspace\SGCP\artifacts\early_from_late_checkpoint_20260719\enable_coperception_early_from_attentive.yaml,fullperception_pcs,full-frame,grid,utility,utility,none,0,0,,singleton,20,,,,,,,7;12,7;12,12,"{""12"": 32}","{""7"": 13938, ""12"": 6021}",96336,59.995550611790875,10,40.0,60.0,,,,,,,1,1,"{""7"": 13938}",,2,ns3,899,0.5,10,12,28,1,1,[59.995550611790875],[989280],12>7:2,,22,45,
2026_07_29_02_32_08,000126,8,all-cavs,docs\doc_workspace\SGCP\artifacts\early_from_late_checkpoint_20260719\enable_coperception_early_from_attentive.yaml,fullperception_pcs,full-frame,grid,utility,utility,none,0,0,,singleton,20,,,,,,,8;11,8,,{},"{""8"": 13746}",0,59.995550611790875,10,40.0,60.0,,,,,,,0,,{},,2,ns3,899,0.5,10,12,28,1,1,[59.995550611790875],[989280],,,25,46,
2026_07_29_02_32_08,000126,9,all-cavs,docs\doc_workspace\SGCP\artifacts\early_from_late_checkpoint_20260719\enable_coperception_early_from_attentive.yaml,fullperception_pcs,full-frame,grid,utility,utility,none,0,0,,singleton,20,,,,,,,9;20,9,,{},"{""9"": 13806}",0,59.995550611790875,10,40.0,60.0,,,,,,,0,,{},,2,ns3,899,0.5,10,12,28,1,1,[59.995550611790875],[989280],,,17,53,
2026_07_29_02_32_08,000126,10,all-cavs,docs\doc_workspace\SGCP\artifacts\early_from_late_checkpoint_20260719\enable_coperception_early_from_attentive.yaml,fullperception_pcs,full-frame,grid,utility,utility,none,0,0,,singleton,20,,,,,,,10;20,10,,{},"{""10"": 13972}",0,59.995550611790875,10,40.0,60.0,,,,,,,0,,{},,2,ns3,899,0.5,10,12,28,1,1,[59.995550611790875],[989280],,,22,67,
2026_07_29_02_32_08,000126,11,all-cavs,docs\doc_workspace\SGCP\artifacts\early_from_late_checkpoint_20260719\enable_coperception_early_from_attentive.yaml,fullperception_pcs,full-frame,grid,utility,utility,none,0,0,,singleton,20,,,,,,,8;11,11;8,8,"{""8"": 23}","{""8"": 1878, ""11"": 13876}",30048,59.995550611790875,10,40.0,60.0,,,,,,,1,1,"{""11"": 13876}",,2,ns3,899,0.5,10,12,28,1,1,[59.995550611790875],[989280],8>11:4,,21,66,
2026_07_29_02_32_08,000126,12,all-cavs,docs\doc_workspace\SGCP\artifacts\early_from_late_checkpoint_20260719\enable_coperception_early_from_attentive.yaml,fullperception_pcs,full-frame,grid,utility,utility,none,0,0,,singleton,20,,,,,,,7;12,12,,{},"{""12"": 14162}",0,59.995550611790875,10,40.0,60.0,,,,,,,0,,{},,2,ns3,899,0.5,10,12,28,1,1,[59.995550611790875],[989280],,,12,52,
2026_07_29_02_32_08,000126,13,all-cavs,docs\doc_workspace\SGCP\artifacts\early_from_late_checkpoint_20260719\enable_coperception_early_from_attentive.yaml,fullperception_pcs,full-frame,grid,utility,utility,none,0,0,,singleton,20,,,,,,,13;14,13,,{},"{""13"": 13344}",0,59.995550611790875,10,40.0,60.0,,,,,,,0,,{},,2,ns3,899,0.5,10,12,28,1,1,[59.995550611790875],[989280],,,10,54,
2026_07_29_02_32_08,000126,14,all-cavs,docs\doc_workspace\SGCP\artifacts\early_from_late_checkpoint_20260719\enable_coperception_early_from_attentive.yaml,fullperception_pcs,full-frame,grid,utility,utility,none,0,0,,singleton,20,,,,,,,13;14,14;13,13,"{""13"": 6}","{""13"": 6742, ""14"": 13686}",107872,59.995550611790875,10,40.0,60.0,,,,,,,1,1,"{""14"": 13686}",,2,ns3,899,0.5,10,12,28,1,1,[59.995550611790875],[989280],13>14:7,,6,8,
2026_07_29_02_32_08,000126,15,all-cavs,docs\doc_workspace\SGCP\artifacts\early_from_late_checkpoint_20260719\enable_coperception_early_from_attentive.yaml,fullperception_pcs,full-frame,grid,utility,utility,none,0,0,,singleton,20,,,,,,,2;6;15,15;2;6,2;6,"{""2"": 4, ""6"": 6}","{""2"": 6741, ""6"": 6739, ""15"": 13678}",215680,59.995550611790875,10,40.0,60.0,,,,,,,1,1,"{""15"": 13678}",,2,ns3,899,0.5,10,12,28,1,1,[59.995550611790875],[989280],2>15:1;6>15:0,,23,62,
2026_07_29_02_32_08,000126,16,all-cavs,docs\doc_workspace\SGCP\artifacts\early_from_late_checkpoint_20260719\enable_coperception_early_from_attentive.yaml,fullperception_pcs,full-frame,grid,utility,utility,none,0,0,,singleton,20,,,,,,,3;16,16,,{},"{""16"": 14263}",0,59.995550611790875,10,40.0,60.0,,,,,,,0,,{},,2,ns3,899,0.5,10,12,28,1,1,[59.995550611790875],[989280],,,20,66,
2026_07_29_02_32_08,000126,17,all-cavs,docs\doc_workspace\SGCP\artifacts\early_from_late_checkpoint_20260719\enable_coperception_early_from_attentive.yaml,fullperception_pcs,full-frame,grid,utility,utility,none,0,0,,singleton,20,,,,,,,3;17,17,,{},"{""17"": 14251}",0,59.995550611790875,10,40.0,60.0,,,,,,,0,,{},,2,ns3,899,0.5,10,12,28,1,1,[59.995550611790875],[989280],,,17,64,
2026_07_29_02_32_08,000126,18,all-cavs,docs\doc_workspace\SGCP\artifacts\early_from_late_checkpoint_20260719\enable_coperception_early_from_attentive.yaml,fullperception_pcs,full-frame,grid,utility,utility,none,0,0,,singleton,20,,,,,,,18,18,,{},"{""18"": 13842}",0,59.995550611790875,10,40.0,60.0,,,,,,,0,,{},,2,ns3,899,0.5,10,12,28,1,1,[59.995550611790875],[989280],,,10,29,
2026_07_29_02_32_08,000126,19,all-cavs,docs\doc_workspace\SGCP\artifacts\early_from_late_checkpoint_20260719\enable_coperception_early_from_attentive.yaml,fullperception_pcs,full-frame,grid,utility,utility,none,0,0,,singleton,20,,,,,,,19,19,,{},"{""19"": 13710}",0,59.995550611790875,10,40.0,60.0,,,,,,,0,,{},,2,ns3,899,0.5,10,12,28,1,1,[59.995550611790875],[989280],,,20,54,
2026_07_29_02_32_08,000126,20,all-cavs,docs\doc_workspace\SGCP\artifacts\early_from_late_checkpoint_20260719\enable_coperception_early_from_attentive.yaml,fullperception_pcs,full-frame,grid,utility,utility,none,0,0,,singleton,20,,,,,,,9;10;20,20;9;10,9;10,"{""9"": 5, ""10"": 5}","{""9"": 6742, ""10"": 6742, ""20"": 13888}",215744,59.995550611790875,10,40.0,60.0,,,,,,,1,1,"{""20"": 13888}",,2,ns3,899,0.5,10,12,28,1,1,[59.995550611790875],[989280],9>20:5;10>20:3,,24,59,
2026_07_29_02_32_08,000128,1,all-cavs,docs\doc_workspace\SGCP\artifacts\early_from_late_checkpoint_20260719\enable_coperception_early_from_attentive.yaml,fullperception_pcs,full-frame,grid,utility,utility,none,0,0,,singleton,20,,,,,,,1;4,1;4,4,"{""4"": 4}","{""1"": 13966, ""4"": 6739}",107824,59.995550611790875,10,40.0,60.0,,,,,,,1,1,"{""1"": 13966}",,2,ns3,899,0.5,10,12,28,1,1,[59.995550611790875],[983728],4>1:6,,24,69,
2026_07_29_02_32_08,000128,2,all-cavs,docs\doc_workspace\SGCP\artifacts\early_from_late_checkpoint_20260719\enable_coperception_early_from_attentive.yaml,fullperception_pcs,full-frame,grid,utility,utility,none,0,0,,singleton,20,,,,,,,2;15,2,,{},"{""2"": 13841}",0,59.995550611790875,10,40.0,60.0,,,,,,,0,,{},,2,ns3,899,0.5,10,12,28,1,1,[59.995550611790875],[983728],,,19,69,
2026_07_29_02_32_08,000128,3,all-cavs,docs\doc_workspace\SGCP\artifacts\early_from_late_checkpoint_20260719\enable_coperception_early_from_attentive.yaml,fullperception_pcs,full-frame,grid,utility,utility,none,0,0,,singleton,20,,,,,,,3;16;17,3;16;17,16;17,"{""16"": 3, ""17"": 6}","{""3"": 14211, ""16"": 6742, ""17"": 6742}",215744,59.995550611790875,10,40.0,60.0,,,,,,,1,1,"{""3"": 14211}",,2,ns3,899,0.5,10,12,28,1,1,[59.995550611790875],[983728],16>3:1;17>3:0,,14,56,
2026_07_29_02_32_08,000128,4,all-cavs,docs\doc_workspace\SGCP\artifacts\early_from_late_checkpoint_20260719\enable_coperception_early_from_attentive.yaml,fullperception_pcs,full-frame,grid,utility,utility,none,0,0,,singleton,20,,,,,,,1;4,4,,{},"{""4"": 13766}",0,59.995550611790875,10,40.0,60.0,,,,,,,0,,{},,2,ns3,899,0.5,10,12,28,1,1,[59.995550611790875],[983728],,,17,65,
2026_07_29_02_32_08,000128,5,all-cavs,docs\doc_workspace\SGCP\artifacts\early_from_late_checkpoint_20260719\enable_coperception_early_from_attentive.yaml,fullperception_pcs,full-frame,grid,utility,utility,none,0,0,,singleton,20,,,,,,,5,5,,{},"{""5"": 13773}",0,59.995550611790875,10,40.0,60.0,,,,,,,0,,{},,2,ns3,899,0.5,10,12,28,1,1,[59.995550611790875],[983728],,,23,63,
2026_07_29_02_32_08,000128,6,all-cavs,docs\doc_workspace\SGCP\artifacts\early_from_late_checkpoint_20260719\enable_coperception_early_from_attentive.yaml,fullperception_pcs,full-frame,grid,utility,utility,none,0,0,,singleton,20,,,,,,,6;15,6,,{},"{""6"": 13449}",0,59.995550611790875,10,40.0,60.0,,,,,,,0,,{},,2,ns3,899,0.5,10,12,28,1,1,[59.995550611790875],[983728],,,15,54,
2026_07_29_02_32_08,000128,7,all-cavs,docs\doc_workspace\SGCP\artifacts\early_from_late_checkpoint_20260719\enable_coperception_early_from_attentive.yaml,fullperception_pcs,full-frame,grid,utility,utility,none,0,0,,singleton,20,,,,,,,7;12,7;12,12,"{""12"": 32}","{""7"": 13947, ""12"": 5673}",90768,59.995550611790875,10,40.0,60.0,,,,,,,1,1,"{""7"": 13947}",,2,ns3,899,0.5,10,12,28,1,1,[59.995550611790875],[983728],12>7:2,,22,45,
2026_07_29_02_32_08,000128,8,all-cavs,docs\doc_workspace\SGCP\artifacts\early_from_late_checkpoint_20260719\enable_coperception_early_from_attentive.yaml,fullperception_pcs,full-frame,grid,utility,utility,none,0,0,,singleton,20,,,,,,,8;11,8,,{},"{""8"": 13744}",0,59.995550611790875,10,40.0,60.0,,,,,,,0,,{},,2,ns3,899,0.5,10,12,28,1,1,[59.995550611790875],[983728],,,25,46,
2026_07_29_02_32_08,000128,9,all-cavs,docs\doc_workspace\SGCP\artifacts\early_from_late_checkpoint_20260719\enable_coperception_early_from_attentive.yaml,fullperception_pcs,full-frame,grid,utility,utility,none,0,0,,singleton,20,,,,,,,9;20,9,,{},"{""9"": 13807}",0,59.995550611790875,10,40.0,60.0,,,,,,,0,,{},,2,ns3,899,0.5,10,12,28,1,1,[59.995550611790875],[983728],,,16,53,
2026_07_29_02_32_08,000128,10,all-cavs,docs\doc_workspace\SGCP\artifacts\early_from_late_checkpoint_20260719\enable_coperception_early_from_attentive.yaml,fullperception_pcs,full-frame,grid,utility,utility,none,0,0,,singleton,20,,,,,,,10;20,10,,{},"{""10"": 13970}",0,59.995550611790875,10,40.0,60.0,,,,,,,0,,{},,2,ns3,899,0.5,10,12,28,1,1,[59.995550611790875],[983728],,,20,67,
2026_07_29_02_32_08,000128,11,all-cavs,docs\doc_workspace\SGCP\artifacts\early_from_late_checkpoint_20260719\enable_coperception_early_from_attentive.yaml,fullperception_pcs,full-frame,grid,utility,utility,none,0,0,,singleton,20,,,,,,,8;11,11;8,8,"{""8"": 23}","{""8"": 1878, ""11"": 13874}",30048,59.995550611790875,10,40.0,60.0,,,,,,,1,1,"{""11"": 13874}",,2,ns3,899,0.5,10,12,28,1,1,[59.995550611790875],[983728],8>11:4,,21,65,
2026_07_29_02_32_08,000128,12,all-cavs,docs\doc_workspace\SGCP\artifacts\early_from_late_checkpoint_20260719\enable_coperception_early_from_attentive.yaml,fullperception_pcs,full-frame,grid,utility,utility,none,0,0,,singleton,20,,,,,,,7;12,12,,{},"{""12"": 14176}",0,59.995550611790875,10,40.0,60.0,,,,,,,0,,{},,2,ns3,899,0.5,10,12,28,1,1,[59.995550611790875],[983728],,,13,52,
2026_07_29_02_32_08,000128,13,all-cavs,docs\doc_workspace\SGCP\artifacts\early_from_late_checkpoint_20260719\enable_coperception_early_from_attentive.yaml,fullperception_pcs,full-frame,grid,utility,utility,none,0,0,,singleton,20,,,,,,,13;14,13,,{},"{""13"": 13359}",0,59.995550611790875,10,40.0,60.0,,,,,,,0,,{},,2,ns3,899,0.5,10,12,28,1,1,[59.995550611790875],[983728],,,10,54,
2026_07_29_02_32_08,000128,14,all-cavs,docs\doc_workspace\SGCP\artifacts\early_from_late_checkpoint_20260719\enable_coperception_early_from_attentive.yaml,fullperception_pcs,full-frame,grid,utility,utility,none,0,0,,singleton,20,,,,,,,13;14,14;13,13,"{""13"": 6}","{""13"": 6742, ""14"": 13699}",107872,59.995550611790875,10,40.0,60.0,,,,,,,1,1,"{""14"": 13699}",,2,ns3,899,0.5,10,12,28,1,1,[59.995550611790875],[983728],13>14:7,,7,8,
2026_07_29_02_32_08,000128,15,all-cavs,docs\doc_workspace\SGCP\artifacts\early_from_late_checkpoint_20260719\enable_coperception_early_from_attentive.yaml,fullperception_pcs,full-frame,grid,utility,utility,none,0,0,,singleton,20,,,,,,,2;6;15,15;2;6,2;6,"{""2"": 4, ""6"": 5}","{""2"": 6741, ""6"": 6742, ""15"": 13694}",215728,59.995550611790875,10,40.0,60.0,,,,,,,1,1,"{""15"": 13694}",,2,ns3,899,0.5,10,12,28,1,1,[59.995550611790875],[983728],2>15:1;6>15:0,,24,61,
2026_07_29_02_32_08,000128,16,all-cavs,docs\doc_workspace\SGCP\artifacts\early_from_late_checkpoint_20260719\enable_coperception_early_from_attentive.yaml,fullperception_pcs,full-frame,grid,utility,utility,none,0,0,,singleton,20,,,,,,,3;16,16,,{},"{""16"": 14256}",0,59.995550611790875,10,40.0,60.0,,,,,,,0,,{},,2,ns3,899,0.5,10,12,28,1,1,[59.995550611790875],[983728],,,16,66,
2026_07_29_02_32_08,000128,17,all-cavs,docs\doc_workspace\SGCP\artifacts\early_from_late_checkpoint_20260719\enable_coperception_early_from_attentive.yaml,fullperception_pcs,full-frame,grid,utility,utility,none,0,0,,singleton,20,,,,,,,3;17,17,,{},"{""17"": 14246}",0,59.995550611790875,10,40.0,60.0,,,,,,,0,,{},,2,ns3,899,0.5,10,12,28,1,1,[59.995550611790875],[983728],,,18,64,
2026_07_29_02_32_08,000128,18,all-cavs,docs\doc_workspace\SGCP\artifacts\early_from_late_checkpoint_20260719\enable_coperception_early_from_attentive.yaml,fullperception_pcs,full-frame,grid,utility,utility,none,0,0,,singleton,20,,,,,,,18,18,,{},"{""18"": 13836}",0,59.995550611790875,10,40.0,60.0,,,,,,,0,,{},,2,ns3,899,0.5,10,12,28,1,1,[59.995550611790875],[983728],,,10,29,
2026_07_29_02_32_08,000128,19,all-cavs,docs\doc_workspace\SGCP\artifacts\early_from_late_checkpoint_20260719\enable_coperception_early_from_attentive.yaml,fullperception_pcs,full-frame,grid,utility,utility,none,0,0,,singleton,20,,,,,,,19,19,,{},"{""19"": 13711}",0,59.995550611790875,10,40.0,60.0,,,,,,,0,,{},,2,ns3,899,0.5,10,12,28,1,1,[59.995550611790875],[983728],,,17,54,
2026_07_29_02_32_08,000128,20,all-cavs,docs\doc_workspace\SGCP\artifacts\early_from_late_checkpoint_20260719\enable_coperception_early_from_attentive.yaml,fullperception_pcs,full-frame,grid,utility,utility,none,0,0,,singleton,20,,,,,,,9;10;20,20;9;10,9;10,"{""9"": 7, ""10"": 5}","{""9"": 6742, ""10"": 6742, ""20"": 13891}",215744,59.995550611790875,10,40.0,60.0,,,,,,,1,1,"{""20"": 13891}",,2,ns3,899,0.5,10,12,28,1,1,[59.995550611790875],[983728],9>20:5;10>20:3,,26,59,
2026_07_29_02_32_08,000130,1,all-cavs,docs\doc_workspace\SGCP\artifacts\early_from_late_checkpoint_20260719\enable_coperception_early_from_attentive.yaml,fullperception_pcs,full-frame,grid,utility,utility,none,0,0,,singleton,20,,,,,,,1;4,1;4,4,"{""4"": 4}","{""1"": 13963, ""4"": 6737}",107792,59.995550611790875,10,40.0,60.0,,,,,,,1,1,"{""1"": 13963}",,2,ns3,899,0.5,10,12,28,1,1,[59.995550611790875],[1010608],4>1:5,,24,68,
2026_07_29_02_32_08,000130,2,all-cavs,docs\doc_workspace\SGCP\artifacts\early_from_late_checkpoint_20260719\enable_coperception_early_from_attentive.yaml,fullperception_pcs,full-frame,grid,utility,utility,none,0,0,,singleton,20,,,,,,,2;15,2,,{},"{""2"": 13841}",0,59.995550611790875,10,40.0,60.0,,,,,,,0,,{},,2,ns3,899,0.5,10,12,28,1,1,[59.995550611790875],[1010608],,,19,69,
2026_07_29_02_32_08,000130,3,all-cavs,docs\doc_workspace\SGCP\artifacts\early_from_late_checkpoint_20260719\enable_coperception_early_from_attentive.yaml,fullperception_pcs,full-frame,grid,utility,utility,none,0,0,,singleton,20,,,,,,,3;16;17,3;16;17,16;17,"{""16"": 7, ""17"": 5}","{""3"": 14208, ""16"": 6742, ""17"": 6742}",215744,59.995550611790875,10,40.0,60.0,,,,,,,1,1,"{""3"": 14208}",,2,ns3,899,0.5,10,12,28,1,1,[59.995550611790875],[1010608],16>3:1;17>3:0,,18,56,
2026_07_29_02_32_08,000130,4,all-cavs,docs\doc_workspace\SGCP\artifacts\early_from_late_checkpoint_20260719\enable_coperception_early_from_attentive.yaml,fullperception_pcs,full-frame,grid,utility,utility,none,0,0,,singleton,20,,,,,,,1;4,4,,{},"{""4"": 13768}",0,59.995550611790875,10,40.0,60.0,,,,,,,0,,{},,2,ns3,899,0.5,10,12,28,1,1,[59.995550611790875],[1010608],,,16,65,
2026_07_29_02_32_08,000130,5,all-cavs,docs\doc_workspace\SGCP\artifacts\early_from_late_checkpoint_20260719\enable_coperception_early_from_attentive.yaml,fullperception_pcs,full-frame,grid,utility,utility,none,0,0,,singleton,20,,,,,,,5;19,5,,{},"{""5"": 13772}",0,59.995550611790875,10,40.0,60.0,,,,,,,0,,{},,2,ns3,899,0.5,10,12,28,1,1,[59.995550611790875],[1010608],,,20,65,
2026_07_29_02_32_08,000130,6,all-cavs,docs\doc_workspace\SGCP\artifacts\early_from_late_checkpoint_20260719\enable_coperception_early_from_attentive.yaml,fullperception_pcs,full-frame,grid,utility,utility,none,0,0,,singleton,20,,,,,,,6;15,6,,{},"{""6"": 13441}",0,59.995550611790875,10,40.0,60.0,,,,,,,0,,{},,2,ns3,899,0.5,10,12,28,1,1,[59.995550611790875],[1010608],,,12,54,
2026_07_29_02_32_08,000130,7,all-cavs,docs\doc_workspace\SGCP\artifacts\early_from_late_checkpoint_20260719\enable_coperception_early_from_attentive.yaml,fullperception_pcs,full-frame,grid,utility,utility,none,0,0,,singleton,20,,,,,,,7;12,7;12,12,"{""12"": 30}","{""7"": 13955, ""12"": 5264}",84224,59.995550611790875,10,40.0,60.0,,,,,,,1,1,"{""7"": 13955}",,2,ns3,899,0.5,10,12,28,1,1,[59.995550611790875],[1010608],12>7:2,,23,45,
2026_07_29_02_32_08,000130,8,all-cavs,docs\doc_workspace\SGCP\artifacts\early_from_late_checkpoint_20260719\enable_coperception_early_from_attentive.yaml,fullperception_pcs,full-frame,grid,utility,utility,none,0,0,,singleton,20,,,,,,,8;11,8,,{},"{""8"": 13744}",0,59.995550611790875,10,40.0,60.0,,,,,,,0,,{},,2,ns3,899,0.5,10,12,28,1,1,[59.995550611790875],[1010608],,,25,46,
2026_07_29_02_32_08,000130,9,all-cavs,docs\doc_workspace\SGCP\artifacts\early_from_late_checkpoint_20260719\enable_coperception_early_from_attentive.yaml,fullperception_pcs,full-frame,grid,utility,utility,none,0,0,,singleton,20,,,,,,,9;11,9,,{},"{""9"": 13808}",0,59.995550611790875,10,40.0,60.0,,,,,,,0,,{},,2,ns3,899,0.5,10,12,28,1,1,[59.995550611790875],[1010608],,,18,53,
2026_07_29_02_32_08,000130,10,all-cavs,docs\doc_workspace\SGCP\artifacts\early_from_late_checkpoint_20260719\enable_coperception_early_from_attentive.yaml,fullperception_pcs,full-frame,grid,utility,utility,none,0,0,,singleton,20,,,,,,,10,10,,{},"{""10"": 13970}",0,59.995550611790875,10,40.0,60.0,,,,,,,0,,{},,2,ns3,899,0.5,10,12,28,1,1,[59.995550611790875],[1010608],,,19,67,
2026_07_29_02_32_08,000130,11,all-cavs,docs\doc_workspace\SGCP\artifacts\early_from_late_checkpoint_20260719\enable_coperception_early_from_attentive.yaml,fullperception_pcs,full-frame,grid,utility,utility,none,0,0,,singleton,20,,,,,,,8;9;11,11;8;9,8;9,"{""8"": 23, ""9"": 6}","{""8"": 1878, ""9"": 6742, ""11"": 13872}",137920,59.995550611790875,10,40.0,60.0,,,,,,,1,1,"{""11"": 13872}",,2,ns3,899,0.5,10,12,28,1,1,[59.995550611790875],[1010608],8>11:4;9>11:3,,27,64,
2026_07_29_02_32_08,000130,12,all-cavs,docs\doc_workspace\SGCP\artifacts\early_from_late_checkpoint_20260719\enable_coperception_early_from_attentive.yaml,fullperception_pcs,full-frame,grid,utility,utility,none,0,0,,singleton,20,,,,,,,7;12,12,,{},"{""12"": 14172}",0,59.995550611790875,10,40.0,60.0,,,,,,,0,,{},,2,ns3,899,0.5,10,12,28,1,1,[59.995550611790875],[1010608],,,12,52,
2026_07_29_02_32_08,000130,13,all-cavs,docs\doc_workspace\SGCP\artifacts\early_from_late_checkpoint_20260719\enable_coperception_early_from_attentive.yaml,fullperception_pcs,full-frame,grid,utility,utility,none,0,0,,singleton,20,,,,,,,13;14,13,,{},"{""13"": 13355}",0,59.995550611790875,10,40.0,60.0,,,,,,,0,,{},,2,ns3,899,0.5,10,12,28,1,1,[59.995550611790875],[1010608],,,10,53,
2026_07_29_02_32_08,000130,14,all-cavs,docs\doc_workspace\SGCP\artifacts\early_from_late_checkpoint_20260719\enable_coperception_early_from_attentive.yaml,fullperception_pcs,full-frame,grid,utility,utility,none,0,0,,singleton,20,,,,,,,13;14,14;13,13,"{""13"": 4}","{""13"": 6742, ""14"": 13658}",107872,59.995550611790875,10,40.0,60.0,,,,,,,1,1,"{""14"": 13658}",,2,ns3,899,0.5,10,12,28,1,1,[59.995550611790875],[1010608],13>14:7,,7,8,
2026_07_29_02_32_08,000130,15,all-cavs,docs\doc_workspace\SGCP\artifacts\early_from_late_checkpoint_20260719\enable_coperception_early_from_attentive.yaml,fullperception_pcs,full-frame,grid,utility,utility,none,0,0,,singleton,20,,,,,,,2;6;15,15;2;6,2;6,"{""2"": 4, ""6"": 4}","{""2"": 6742, ""6"": 6742, ""15"": 13715}",215744,59.995550611790875,10,40.0,60.0,,,,,,,1,1,"{""15"": 13715}",,2,ns3,899,0.5,10,12,28,1,1,[59.995550611790875],[1010608],2>15:1;6>15:0,,19,61,
2026_07_29_02_32_08,000130,16,all-cavs,docs\doc_workspace\SGCP\artifacts\early_from_late_checkpoint_20260719\enable_coperception_early_from_attentive.yaml,fullperception_pcs,full-frame,grid,utility,utility,none,0,0,,singleton,20,,,,,,,3;16,16,,{},"{""16"": 14242}",0,59.995550611790875,10,40.0,60.0,,,,,,,0,,{},,2,ns3,899,0.5,10,12,28,1,1,[59.995550611790875],[1010608],,,15,65,
2026_07_29_02_32_08,000130,17,all-cavs,docs\doc_workspace\SGCP\artifacts\early_from_late_checkpoint_20260719\enable_coperception_early_from_attentive.yaml,fullperception_pcs,full-frame,grid,utility,utility,none,0,0,,singleton,20,,,,,,,3;17,17,,{},"{""17"": 14246}",0,59.995550611790875,10,40.0,60.0,,,,,,,0,,{},,2,ns3,899,0.5,10,12,28,1,1,[59.995550611790875],[1010608],,,18,64,
2026_07_29_02_32_08,000130,18,all-cavs,docs\doc_workspace\SGCP\artifacts\early_from_late_checkpoint_20260719\enable_coperception_early_from_attentive.yaml,fullperception_pcs,full-frame,grid,utility,utility,none,0,0,,singleton,20,,,,,,,18,18,,{},"{""18"": 13840}",0,59.995550611790875,10,40.0,60.0,,,,,,,0,,{},,2,ns3,899,0.5,10,12,28,1,1,[59.995550611790875],[1010608],,,11,29,
2026_07_29_02_32_08,000130,19,all-cavs,docs\doc_workspace\SGCP\artifacts\early_from_late_checkpoint_20260719\enable_coperception_early_from_attentive.yaml,fullperception_pcs,full-frame,grid,utility,utility,none,0,0,,singleton,20,,,,,,,5;19;20,19;5;20,5;20,"{""5"": 27, ""20"": 24}","{""5"": 2200, ""19"": 13712, ""20"": 6632}",141312,59.995550611790875,10,40.0,60.0,,,,,,,1,1,"{""19"": 13712}",,2,ns3,899,0.5,10,12,28,1,1,[59.995550611790875],[1010608],5>19:8;20>19:6,,26,54,
2026_07_29_02_32_08,000130,20,all-cavs,docs\doc_workspace\SGCP\artifacts\early_from_late_checkpoint_20260719\enable_coperception_early_from_attentive.yaml,fullperception_pcs,full-frame,grid,utility,utility,none,0,0,,singleton,20,,,,,,,19;20,20,,{},"{""20"": 13896}",0,59.995550611790875,10,40.0,60.0,,,,,,,0,,{},,2,ns3,899,0.5,10,12,28,1,1,[59.995550611790875],[1010608],,,21,59,
2026_07_29_02_32_08,000132,1,all-cavs,docs\doc_workspace\SGCP\artifacts\early_from_late_checkpoint_20260719\enable_coperception_early_from_attentive.yaml,fullperception_pcs,full-frame,grid,utility,utility,none,0,0,,singleton,20,,,,,,,1;4,1;4,4,"{""4"": 5}","{""1"": 13966, ""4"": 6742}",107872,59.995550611790875,10,40.0,60.0,,,,,,,1,1,"{""1"": 13966}",,2,ns3,899,0.5,10,12,28,1,1,[59.995550611790875],[875760],4>1:6,,24,68,
2026_07_29_02_32_08,000132,2,all-cavs,docs\doc_workspace\SGCP\artifacts\early_from_late_checkpoint_20260719\enable_coperception_early_from_attentive.yaml,fullperception_pcs,full-frame,grid,utility,utility,none,0,0,,singleton,20,,,,,,,2;10,2,,{},"{""2"": 13843}",0,59.995550611790875,10,40.0,60.0,,,,,,,0,,{},,2,ns3,899,0.5,10,12,28,1,1,[59.995550611790875],[875760],,,19,69,
2026_07_29_02_32_08,000132,3,all-cavs,docs\doc_workspace\SGCP\artifacts\early_from_late_checkpoint_20260719\enable_coperception_early_from_attentive.yaml,fullperception_pcs,full-frame,grid,utility,utility,none,0,0,,singleton,20,,,,,,,3;16;17,3;16;17,16;17,"{""16"": 5, ""17"": 5}","{""3"": 14211, ""16"": 6742, ""17"": 6741}",215728,59.995550611790875,10,40.0,60.0,,,,,,,1,1,"{""3"": 14211}",,2,ns3,899,0.5,10,12,28,1,1,[59.995550611790875],[875760],16>3:5;17>3:3,,16,56,
2026_07_29_02_32_08,000132,4,all-cavs,docs\doc_workspace\SGCP\artifacts\early_from_late_checkpoint_20260719\enable_coperception_early_from_attentive.yaml,fullperception_pcs,full-frame,grid,utility,utility,none,0,0,,singleton,20,,,,,,,1;4,4,,{},"{""4"": 13769}",0,59.995550611790875,10,40.0,60.0,,,,,,,0,,{},,2,ns3,899,0.5,10,12,28,1,1,[59.995550611790875],[875760],,,18,65,
2026_07_29_02_32_08,000132,5,all-cavs,docs\doc_workspace\SGCP\artifacts\early_from_late_checkpoint_20260719\enable_coperception_early_from_attentive.yaml,fullperception_pcs,full-frame,grid,utility,utility,none,0,0,,singleton,20,,,,,,,5;9,5,,{},"{""5"": 13786}",0,59.995550611790875,10,40.0,60.0,,,,,,,0,,{},,2,ns3,899,0.5,10,12,28,1,1,[59.995550611790875],[875760],,,28,66,
2026_07_29_02_32_08,000132,6,all-cavs,docs\doc_workspace\SGCP\artifacts\early_from_late_checkpoint_20260719\enable_coperception_early_from_attentive.yaml,fullperception_pcs,full-frame,grid,utility,utility,none,0,0,,singleton,20,,,,,,,6;15,6;15,15,"{""15"": 10}","{""6"": 13449, ""15"": 577}",9232,59.995550611790875,10,40.0,60.0,,,,,,,1,1,"{""6"": 13449}",,2,ns3,899,0.5,10,12,28,1,1,[59.995550611790875],[875760],15>6:3,,19,54,
2026_07_29_02_32_08,000132,7,all-cavs,docs\doc_workspace\SGCP\artifacts\early_from_late_checkpoint_20260719\enable_coperception_early_from_attentive.yaml,fullperception_pcs,full-frame,grid,utility,utility,none,0,0,,singleton,20,,,,,,,7;12,7;12,12,"{""12"": 30}","{""7"": 13953, ""12"": 4834}",77344,59.995550611790875,10,40.0,60.0,,,,,,,1,1,"{""7"": 13953}",,2,ns3,899,0.5,10,12,28,1,1,[59.995550611790875],[875760],12>7:0,,22,45,
2026_07_29_02_32_08,000132,8,all-cavs,docs\doc_workspace\SGCP\artifacts\early_from_late_checkpoint_20260719\enable_coperception_early_from_attentive.yaml,fullperception_pcs,full-frame,grid,utility,utility,none,0,0,,singleton,20,,,,,,,8,8,,{},"{""8"": 13745}",0,59.995550611790875,10,40.0,60.0,,,,,,,0,,{},,2,ns3,899,0.5,10,12,28,1,1,[59.995550611790875],[875760],,,23,47,
2026_07_29_02_32_08,000132,9,all-cavs,docs\doc_workspace\SGCP\artifacts\early_from_late_checkpoint_20260719\enable_coperception_early_from_attentive.yaml,fullperception_pcs,full-frame,grid,utility,utility,none,0,0,,singleton,20,,,,,,,5;9;11,9;5;11,5;11,"{""5"": 27, ""11"": 6}","{""5"": 2233, ""9"": 13808, ""11"": 6742}",143600,59.995550611790875,10,40.0,60.0,,,,,,,1,1,"{""9"": 13808}",,2,ns3,899,0.5,10,12,28,1,1,[59.995550611790875],[875760],5>9:4;11>9:2,,32,53,
2026_07_29_02_32_08,000132,10,all-cavs,docs\doc_workspace\SGCP\artifacts\early_from_late_checkpoint_20260719\enable_coperception_early_from_attentive.yaml,fullperception_pcs,full-frame,grid,utility,utility,none,0,0,,singleton,20,,,,,,,2;10,10;2,2,"{""2"": 4}","{""2"": 6742, ""10"": 13969}",107872,59.995550611790875,10,40.0,60.0,,,,,,,1,1,"{""10"": 13969}",,2,ns3,899,0.5,10,12,28,1,1,[59.995550611790875],[875760],2>10:1,,22,66,
2026_07_29_02_32_08,000132,11,all-cavs,docs\doc_workspace\SGCP\artifacts\early_from_late_checkpoint_20260719\enable_coperception_early_from_attentive.yaml,fullperception_pcs,full-frame,grid,utility,utility,none,0,0,,singleton,20,,,,,,,9;11,11,,{},"{""11"": 13871}",0,59.995550611790875,10,40.0,60.0,,,,,,,0,,{},,2,ns3,899,0.5,10,12,28,1,1,[59.995550611790875],[875760],,,17,64,
2026_07_29_02_32_08,000132,12,all-cavs,docs\doc_workspace\SGCP\artifacts\early_from_late_checkpoint_20260719\enable_coperception_early_from_attentive.yaml,fullperception_pcs,full-frame,grid,utility,utility,none,0,0,,singleton,20,,,,,,,7;12,12,,{},"{""12"": 14167}",0,59.995550611790875,10,40.0,60.0,,,,,,,0,,{},,2,ns3,899,0.5,10,12,28,1,1,[59.995550611790875],[875760],,,13,52,
2026_07_29_02_32_08,000132,13,all-cavs,docs\doc_workspace\SGCP\artifacts\early_from_late_checkpoint_20260719\enable_coperception_early_from_attentive.yaml,fullperception_pcs,full-frame,grid,utility,utility,none,0,0,,singleton,20,,,,,,,13;14,13,,{},"{""13"": 13368}",0,59.995550611790875,10,40.0,60.0,,,,,,,0,,{},,2,ns3,899,0.5,10,12,28,1,1,[59.995550611790875],[875760],,,9,53,
2026_07_29_02_32_08,000132,14,all-cavs,docs\doc_workspace\SGCP\artifacts\early_from_late_checkpoint_20260719\enable_coperception_early_from_attentive.yaml,fullperception_pcs,full-frame,grid,utility,utility,none,0,0,,singleton,20,,,,,,,13;14,14;13,13,"{""13"": 6}","{""13"": 6742, ""14"": 13649}",107872,59.995550611790875,10,40.0,60.0,,,,,,,1,1,"{""14"": 13649}",,2,ns3,899,0.5,10,12,28,1,1,[59.995550611790875],[875760],13>14:8,,6,8,
2026_07_29_02_32_08,000132,15,all-cavs,docs\doc_workspace\SGCP\artifacts\early_from_late_checkpoint_20260719\enable_coperception_early_from_attentive.yaml,fullperception_pcs,full-frame,grid,utility,utility,none,0,0,,singleton,20,,,,,,,6;15,15,,{},"{""15"": 13706}",0,59.995550611790875,10,40.0,60.0,,,,,,,0,,{},,2,ns3,899,0.5,10,12,28,1,1,[59.995550611790875],[875760],,,16,61,
2026_07_29_02_32_08,000132,16,all-cavs,docs\doc_workspace\SGCP\artifacts\early_from_late_checkpoint_20260719\enable_coperception_early_from_attentive.yaml,fullperception_pcs,full-frame,grid,utility,utility,none,0,0,,singleton,20,,,,,,,3;16,16,,{},"{""16"": 14257}",0,59.995550611790875,10,40.0,60.0,,,,,,,0,,{},,2,ns3,899,0.5,10,12,28,1,1,[59.995550611790875],[875760],,,19,64,
2026_07_29_02_32_08,000132,17,all-cavs,docs\doc_workspace\SGCP\artifacts\early_from_late_checkpoint_20260719\enable_coperception_early_from_attentive.yaml,fullperception_pcs,full-frame,grid,utility,utility,none,0,0,,singleton,20,,,,,,,3;17,17,,{},"{""17"": 14246}",0,59.995550611790875,10,40.0,60.0,,,,,,,0,,{},,2,ns3,899,0.5,10,12,28,1,1,[59.995550611790875],[875760],,,18,64,
2026_07_29_02_32_08,000132,18,all-cavs,docs\doc_workspace\SGCP\artifacts\early_from_late_checkpoint_20260719\enable_coperception_early_from_attentive.yaml,fullperception_pcs,full-frame,grid,utility,utility,none,0,0,,singleton,20,,,,,,,18,18,,{},"{""18"": 13832}",0,59.995550611790875,10,40.0,60.0,,,,,,,0,,{},,2,ns3,899,0.5,10,12,28,1,1,[59.995550611790875],[875760],,,9,29,
2026_07_29_02_32_08,000132,19,all-cavs,docs\doc_workspace\SGCP\artifacts\early_from_late_checkpoint_20260719\enable_coperception_early_from_attentive.yaml,fullperception_pcs,full-frame,grid,utility,utility,none,0,0,,singleton,20,,,,,,,19;20,19;20,20,"{""20"": 24}","{""19"": 13710, ""20"": 6640}",106240,59.995550611790875,10,40.0,60.0,,,,,,,1,1,"{""19"": 13710}",,2,ns3,899,0.5,10,12,28,1,1,[59.995550611790875],[875760],20>19:7,,24,54,
2026_07_29_02_32_08,000132,20,all-cavs,docs\doc_workspace\SGCP\artifacts\early_from_late_checkpoint_20260719\enable_coperception_early_from_attentive.yaml,fullperception_pcs,full-frame,grid,utility,utility,none,0,0,,singleton,20,,,,,,,19;20,20,,{},"{""20"": 13905}",0,59.995550611790875,10,40.0,60.0,,,,,,,0,,{},,2,ns3,899,0.5,10,12,28,1,1,[59.995550611790875],[875760],,,21,59,
2026_07_29_02_32_08,000134,1,all-cavs,docs\doc_workspace\SGCP\artifacts\early_from_late_checkpoint_20260719\enable_coperception_early_from_attentive.yaml,fullperception_pcs,full-frame,grid,utility,utility,none,0,0,,singleton,20,,,,,,,1;4,1;4,4,"{""4"": 4}","{""1"": 13962, ""4"": 6742}",107872,59.995550611790875,10,40.0,60.0,,,,,,,1,1,"{""1"": 13962}",,2,ns3,899,0.5,10,12,28,1,1,[59.995550611790875],[870608],4>1:6,,26,68,
2026_07_29_02_32_08,000134,2,all-cavs,docs\doc_workspace\SGCP\artifacts\early_from_late_checkpoint_20260719\enable_coperception_early_from_attentive.yaml,fullperception_pcs,full-frame,grid,utility,utility,none,0,0,,singleton,20,,,,,,,2;10,2,,{},"{""2"": 13843}",0,59.995550611790875,10,40.0,60.0,,,,,,,0,,{},,2,ns3,899,0.5,10,12,28,1,1,[59.995550611790875],[870608],,,19,69,
2026_07_29_02_32_08,000134,3,all-cavs,docs\doc_workspace\SGCP\artifacts\early_from_late_checkpoint_20260719\enable_coperception_early_from_attentive.yaml,fullperception_pcs,full-frame,grid,utility,utility,none,0,0,,singleton,20,,,,,,,3;16;17,3;16;17,16;17,"{""16"": 5, ""17"": 5}","{""3"": 14215, ""16"": 6742, ""17"": 6739}",215696,59.995550611790875,10,40.0,60.0,,,,,,,1,1,"{""3"": 14215}",,2,ns3,899,0.5,10,12,28,1,1,[59.995550611790875],[870608],16>3:4;17>3:3,,15,56,
2026_07_29_02_32_08,000134,4,all-cavs,docs\doc_workspace\SGCP\artifacts\early_from_late_checkpoint_20260719\enable_coperception_early_from_attentive.yaml,fullperception_pcs,full-frame,grid,utility,utility,none,0,0,,singleton,20,,,,,,,1;4,4,,{},"{""4"": 13769}",0,59.995550611790875,10,40.0,60.0,,,,,,,0,,{},,2,ns3,899,0.5,10,12,28,1,1,[59.995550611790875],[870608],,,19,65,
2026_07_29_02_32_08,000134,5,all-cavs,docs\doc_workspace\SGCP\artifacts\early_from_late_checkpoint_20260719\enable_coperception_early_from_attentive.yaml,fullperception_pcs,full-frame,grid,utility,utility,none,0,0,,singleton,20,,,,,,,5;9,5,,{},"{""5"": 13811}",0,59.995550611790875,10,40.0,60.0,,,,,,,0,,{},,2,ns3,899,0.5,10,12,28,1,1,[59.995550611790875],[870608],,,20,68,
2026_07_29_02_32_08,000134,6,all-cavs,docs\doc_workspace\SGCP\artifacts\early_from_late_checkpoint_20260719\enable_coperception_early_from_attentive.yaml,fullperception_pcs,full-frame,grid,utility,utility,none,0,0,,singleton,20,,,,,,,6;15,6;15,15,"{""15"": 10}","{""6"": 13441, ""15"": 590}",9440,59.995550611790875,10,40.0,60.0,,,,,,,1,1,"{""6"": 13441}",,2,ns3,899,0.5,10,12,28,1,1,[59.995550611790875],[870608],15>6:3,,20,54,
2026_07_29_02_32_08,000134,7,all-cavs,docs\doc_workspace\SGCP\artifacts\early_from_late_checkpoint_20260719\enable_coperception_early_from_attentive.yaml,fullperception_pcs,full-frame,grid,utility,utility,none,0,0,,singleton,20,,,,,,,7;12,7;12,12,"{""12"": 29}","{""7"": 13949, ""12"": 4453}",71248,59.995550611790875,10,40.0,60.0,,,,,,,1,1,"{""7"": 13949}",,2,ns3,899,0.5,10,12,28,1,1,[59.995550611790875],[870608],12>7:0,,22,45,
2026_07_29_02_32_08,000134,8,all-cavs,docs\doc_workspace\SGCP\artifacts\early_from_late_checkpoint_20260719\enable_coperception_early_from_attentive.yaml,fullperception_pcs,full-frame,grid,utility,utility,none,0,0,,singleton,20,,,,,,,8,8,,{},"{""8"": 13744}",0,59.995550611790875,10,40.0,60.0,,,,,,,0,,{},,2,ns3,899,0.5,10,12,28,1,1,[59.995550611790875],[870608],,,23,47,
2026_07_29_02_32_08,000134,9,all-cavs,docs\doc_workspace\SGCP\artifacts\early_from_late_checkpoint_20260719\enable_coperception_early_from_attentive.yaml,fullperception_pcs,full-frame,grid,utility,utility,none,0,0,,singleton,20,,,,,,,5;9;11,9;5;11,5;11,"{""5"": 27, ""11"": 6}","{""5"": 2260, ""9"": 13808, ""11"": 6742}",144032,59.995550611790875,10,40.0,60.0,,,,,,,1,1,"{""9"": 13808}",,2,ns3,899,0.5,10,12,28,1,1,[59.995550611790875],[870608],5>9:5;11>9:2,,32,52,
2026_07_29_02_32_08,000134,10,all-cavs,docs\doc_workspace\SGCP\artifacts\early_from_late_checkpoint_20260719\enable_coperception_early_from_attentive.yaml,fullperception_pcs,full-frame,grid,utility,utility,none,0,0,,singleton,20,,,,,,,2;10,10;2,2,"{""2"": 3}","{""2"": 6742, ""10"": 13968}",107872,59.995550611790875,10,40.0,60.0,,,,,,,1,1,"{""10"": 13968}",,2,ns3,899,0.5,10,12,28,1,1,[59.995550611790875],[870608],2>10:1,,22,66,
2026_07_29_02_32_08,000134,11,all-cavs,docs\doc_workspace\SGCP\artifacts\early_from_late_checkpoint_20260719\enable_coperception_early_from_attentive.yaml,fullperception_pcs,full-frame,grid,utility,utility,none,0,0,,singleton,20,,,,,,,9;11,11,,{},"{""11"": 13868}",0,59.995550611790875,10,40.0,60.0,,,,,,,0,,{},,2,ns3,899,0.5,10,12,28,1,1,[59.995550611790875],[870608],,,17,63,
2026_07_29_02_32_08,000134,12,all-cavs,docs\doc_workspace\SGCP\artifacts\early_from_late_checkpoint_20260719\enable_coperception_early_from_attentive.yaml,fullperception_pcs,full-frame,grid,utility,utility,none,0,0,,singleton,20,,,,,,,7;12,12,,{},"{""12"": 14175}",0,59.995550611790875,10,40.0,60.0,,,,,,,0,,{},,2,ns3,899,0.5,10,12,28,1,1,[59.995550611790875],[870608],,,13,52,
2026_07_29_02_32_08,000134,13,all-cavs,docs\doc_workspace\SGCP\artifacts\early_from_late_checkpoint_20260719\enable_coperception_early_from_attentive.yaml,fullperception_pcs,full-frame,grid,utility,utility,none,0,0,,singleton,20,,,,,,,13;14,13,,{},"{""13"": 13362}",0,59.995550611790875,10,40.0,60.0,,,,,,,0,,{},,2,ns3,899,0.5,10,12,28,1,1,[59.995550611790875],[870608],,,10,53,
2026_07_29_02_32_08,000134,14,all-cavs,docs\doc_workspace\SGCP\artifacts\early_from_late_checkpoint_20260719\enable_coperception_early_from_attentive.yaml,fullperception_pcs,full-frame,grid,utility,utility,none,0,0,,singleton,20,,,,,,,13;14,14;13,13,"{""13"": 5}","{""13"": 6742, ""14"": 13673}",107872,59.995550611790875,10,40.0,60.0,,,,,,,1,1,"{""14"": 13673}",,2,ns3,899,0.5,10,12,28,1,1,[59.995550611790875],[870608],13>14:8,,6,8,
2026_07_29_02_32_08,000134,15,all-cavs,docs\doc_workspace\SGCP\artifacts\early_from_late_checkpoint_20260719\enable_coperception_early_from_attentive.yaml,fullperception_pcs,full-frame,grid,utility,utility,none,0,0,,singleton,20,,,,,,,6;15,15,,{},"{""15"": 13725}",0,59.995550611790875,10,40.0,60.0,,,,,,,0,,{},,2,ns3,899,0.5,10,12,28,1,1,[59.995550611790875],[870608],,,17,61,
2026_07_29_02_32_08,000134,16,all-cavs,docs\doc_workspace\SGCP\artifacts\early_from_late_checkpoint_20260719\enable_coperception_early_from_attentive.yaml,fullperception_pcs,full-frame,grid,utility,utility,none,0,0,,singleton,20,,,,,,,3;16,16,,{},"{""16"": 14271}",0,59.995550611790875,10,40.0,60.0,,,,,,,0,,{},,2,ns3,899,0.5,10,12,28,1,1,[59.995550611790875],[870608],,,18,64,
2026_07_29_02_32_08,000134,17,all-cavs,docs\doc_workspace\SGCP\artifacts\early_from_late_checkpoint_20260719\enable_coperception_early_from_attentive.yaml,fullperception_pcs,full-frame,grid,utility,utility,none,0,0,,singleton,20,,,,,,,3;17,17,,{},"{""17"": 14252}",0,59.995550611790875,10,40.0,60.0,,,,,,,0,,{},,2,ns3,899,0.5,10,12,28,1,1,[59.995550611790875],[870608],,,18,64,
2026_07_29_02_32_08,000134,18,all-cavs,docs\doc_workspace\SGCP\artifacts\early_from_late_checkpoint_20260719\enable_coperception_early_from_attentive.yaml,fullperception_pcs,full-frame,grid,utility,utility,none,0,0,,singleton,20,,,,,,,18,18,,{},"{""18"": 13828}",0,59.995550611790875,10,40.0,60.0,,,,,,,0,,{},,2,ns3,899,0.5,10,12,28,1,1,[59.995550611790875],[870608],,,10,29,
2026_07_29_02_32_08,000134,19,all-cavs,docs\doc_workspace\SGCP\artifacts\early_from_late_checkpoint_20260719\enable_coperception_early_from_attentive.yaml,fullperception_pcs,full-frame,grid,utility,utility,none,0,0,,singleton,20,,,,,,,19;20,19;20,20,"{""20"": 24}","{""19"": 13710, ""20"": 6661}",106576,59.995550611790875,10,40.0,60.0,,,,,,,1,1,"{""19"": 13710}",,2,ns3,899,0.5,10,12,28,1,1,[59.995550611790875],[870608],20>19:7,,25,54,
2026_07_29_02_32_08,000134,20,all-cavs,docs\doc_workspace\SGCP\artifacts\early_from_late_checkpoint_20260719\enable_coperception_early_from_attentive.yaml,fullperception_pcs,full-frame,grid,utility,utility,none,0,0,,singleton,20,,,,,,,19;20,20,,{},"{""20"": 13917}",0,59.995550611790875,10,40.0,60.0,,,,,,,0,,{},,2,ns3,899,0.5,10,12,28,1,1,[59.995550611790875],[870608],,,21,59,
2026_07_29_02_32_08,000136,1,all-cavs,docs\doc_workspace\SGCP\artifacts\early_from_late_checkpoint_20260719\enable_coperception_early_from_attentive.yaml,fullperception_pcs,full-frame,grid,utility,utility,none,0,0,,singleton,20,,,,,,,1;4,1;4,4,"{""4"": 5}","{""1"": 13964, ""4"": 6741}",107856,59.995550611790875,10,40.0,60.0,,,,,,,1,1,"{""1"": 13964}",,2,ns3,899,0.5,10,12,28,1,1,[59.995550611790875],[865920],4>1:6,,26,68,
2026_07_29_02_32_08,000136,2,all-cavs,docs\doc_workspace\SGCP\artifacts\early_from_late_checkpoint_20260719\enable_coperception_early_from_attentive.yaml,fullperception_pcs,full-frame,grid,utility,utility,none,0,0,,singleton,20,,,,,,,2;10,2,,{},"{""2"": 13843}",0,59.995550611790875,10,40.0,60.0,,,,,,,0,,{},,2,ns3,899,0.5,10,12,28,1,1,[59.995550611790875],[865920],,,19,69,
2026_07_29_02_32_08,000136,3,all-cavs,docs\doc_workspace\SGCP\artifacts\early_from_late_checkpoint_20260719\enable_coperception_early_from_attentive.yaml,fullperception_pcs,full-frame,grid,utility,utility,none,0,0,,singleton,20,,,,,,,3;16;17,3;16;17,16;17,"{""16"": 5, ""17"": 5}","{""3"": 14205, ""16"": 6742, ""17"": 6742}",215744,59.995550611790875,10,40.0,60.0,,,,,,,1,1,"{""3"": 14205}",,2,ns3,899,0.5,10,12,28,1,1,[59.995550611790875],[865920],16>3:4;17>3:3,,15,56,
2026_07_29_02_32_08,000136,4,all-cavs,docs\doc_workspace\SGCP\artifacts\early_from_late_checkpoint_20260719\enable_coperception_early_from_attentive.yaml,fullperception_pcs,full-frame,grid,utility,utility,none,0,0,,singleton,20,,,,,,,1;4,4,,{},"{""4"": 13765}",0,59.995550611790875,10,40.0,60.0,,,,,,,0,,{},,2,ns3,899,0.5,10,12,28,1,1,[59.995550611790875],[865920],,,18,65,
2026_07_29_02_32_08,000136,5,all-cavs,docs\doc_workspace\SGCP\artifacts\early_from_late_checkpoint_20260719\enable_coperception_early_from_attentive.yaml,fullperception_pcs,full-frame,grid,utility,utility,none,0,0,,singleton,20,,,,,,,5;9,5,,{},"{""5"": 13798}",0,59.995550611790875,10,40.0,60.0,,,,,,,0,,{},,2,ns3,899,0.5,10,12,28,1,1,[59.995550611790875],[865920],,,25,68,
2026_07_29_02_32_08,000136,6,all-cavs,docs\doc_workspace\SGCP\artifacts\early_from_late_checkpoint_20260719\enable_coperception_early_from_attentive.yaml,fullperception_pcs,full-frame,grid,utility,utility,none,0,0,,singleton,20,,,,,,,6;15,6;15,15,"{""15"": 10}","{""6"": 13434, ""15"": 605}",9680,59.995550611790875,10,40.0,60.0,,,,,,,1,1,"{""6"": 13434}",,2,ns3,899,0.5,10,12,28,1,1,[59.995550611790875],[865920],15>6:3,,19,54,
2026_07_29_02_32_08,000136,7,all-cavs,docs\doc_workspace\SGCP\artifacts\early_from_late_checkpoint_20260719\enable_coperception_early_from_attentive.yaml,fullperception_pcs,full-frame,grid,utility,utility,none,0,0,,singleton,20,,,,,,,7;12,7;12,12,"{""12"": 28}","{""7"": 13939, ""12"": 4102}",65632,59.995550611790875,10,40.0,60.0,,,,,,,1,1,"{""7"": 13939}",,2,ns3,899,0.5,10,12,28,1,1,[59.995550611790875],[865920],12>7:0,,22,45,
2026_07_29_02_32_08,000136,8,all-cavs,docs\doc_workspace\SGCP\artifacts\early_from_late_checkpoint_20260719\enable_coperception_early_from_attentive.yaml,fullperception_pcs,full-frame,grid,utility,utility,none,0,0,,singleton,20,,,,,,,8,8,,{},"{""8"": 13744}",0,59.995550611790875,10,40.0,60.0,,,,,,,0,,{},,2,ns3,899,0.5,10,12,28,1,1,[59.995550611790875],[865920],,,25,47,
2026_07_29_02_32_08,000136,9,all-cavs,docs\doc_workspace\SGCP\artifacts\early_from_late_checkpoint_20260719\enable_coperception_early_from_attentive.yaml,fullperception_pcs,full-frame,grid,utility,utility,none,0,0,,singleton,20,,,,,,,5;9;11,9;5;11,5;11,"{""5"": 27, ""11"": 5}","{""5"": 2281, ""9"": 13807, ""11"": 6740}",144336,59.995550611790875,10,40.0,60.0,,,,,,,1,1,"{""9"": 13807}",,2,ns3,899,0.5,10,12,28,1,1,[59.995550611790875],[865920],5>9:5;11>9:2,,31,53,
2026_07_29_02_32_08,000136,10,all-cavs,docs\doc_workspace\SGCP\artifacts\early_from_late_checkpoint_20260719\enable_coperception_early_from_attentive.yaml,fullperception_pcs,full-frame,grid,utility,utility,none,0,0,,singleton,20,,,,,,,2;10,10;2,2,"{""2"": 5}","{""2"": 6741, ""10"": 13966}",107856,59.995550611790875,10,40.0,60.0,,,,,,,1,1,"{""10"": 13966}",,2,ns3,899,0.5,10,12,28,1,1,[59.995550611790875],[865920],2>10:1,,22,65,
2026_07_29_02_32_08,000136,11,all-cavs,docs\doc_workspace\SGCP\artifacts\early_from_late_checkpoint_20260719\enable_coperception_early_from_attentive.yaml,fullperception_pcs,full-frame,grid,utility,utility,none,0,0,,singleton,20,,,,,,,9;11,11,,{},"{""11"": 13869}",0,59.995550611790875,10,40.0,60.0,,,,,,,0,,{},,2,ns3,899,0.5,10,12,28,1,1,[59.995550611790875],[865920],,,17,64,
2026_07_29_02_32_08,000136,12,all-cavs,docs\doc_workspace\SGCP\artifacts\early_from_late_checkpoint_20260719\enable_coperception_early_from_attentive.yaml,fullperception_pcs,full-frame,grid,utility,utility,none,0,0,,singleton,20,,,,,,,7;12,12,,{},"{""12"": 14198}",0,59.995550611790875,10,40.0,60.0,,,,,,,0,,{},,2,ns3,899,0.5,10,12,28,1,1,[59.995550611790875],[865920],,,14,51,
2026_07_29_02_32_08,000136,13,all-cavs,docs\doc_workspace\SGCP\artifacts\early_from_late_checkpoint_20260719\enable_coperception_early_from_attentive.yaml,fullperception_pcs,full-frame,grid,utility,utility,none,0,0,,singleton,20,,,,,,,13;14,13,,{},"{""13"": 13374}",0,59.995550611790875,10,40.0,60.0,,,,,,,0,,{},,2,ns3,899,0.5,10,12,28,1,1,[59.995550611790875],[865920],,,9,52,
2026_07_29_02_32_08,000136,14,all-cavs,docs\doc_workspace\SGCP\artifacts\early_from_late_checkpoint_20260719\enable_coperception_early_from_attentive.yaml,fullperception_pcs,full-frame,grid,utility,utility,none,0,0,,singleton,20,,,,,,,13;14,14;13,13,"{""13"": 5}","{""13"": 6742, ""14"": 13664}",107872,59.995550611790875,10,40.0,60.0,,,,,,,1,1,"{""14"": 13664}",,2,ns3,899,0.5,10,12,28,1,1,[59.995550611790875],[865920],13>14:8,,6,8,
2026_07_29_02_32_08,000136,15,all-cavs,docs\doc_workspace\SGCP\artifacts\early_from_late_checkpoint_20260719\enable_coperception_early_from_attentive.yaml,fullperception_pcs,full-frame,grid,utility,utility,none,0,0,,singleton,20,,,,,,,6;15,15,,{},"{""15"": 13717}",0,59.995550611790875,10,40.0,60.0,,,,,,,0,,{},,2,ns3,899,0.5,10,12,28,1,1,[59.995550611790875],[865920],,,17,61,
2026_07_29_02_32_08,000136,16,all-cavs,docs\doc_workspace\SGCP\artifacts\early_from_late_checkpoint_20260719\enable_coperception_early_from_attentive.yaml,fullperception_pcs,full-frame,grid,utility,utility,none,0,0,,singleton,20,,,,,,,3;16,16,,{},"{""16"": 14267}",0,59.995550611790875,10,40.0,60.0,,,,,,,0,,{},,2,ns3,899,0.5,10,12,28,1,1,[59.995550611790875],[865920],,,17,64,
2026_07_29_02_32_08,000136,17,all-cavs,docs\doc_workspace\SGCP\artifacts\early_from_late_checkpoint_20260719\enable_coperception_early_from_attentive.yaml,fullperception_pcs,full-frame,grid,utility,utility,none,0,0,,singleton,20,,,,,,,3;17,17,,{},"{""17"": 14256}",0,59.995550611790875,10,40.0,60.0,,,,,,,0,,{},,2,ns3,899,0.5,10,12,28,1,1,[59.995550611790875],[865920],,,17,64,
2026_07_29_02_32_08,000136,18,all-cavs,docs\doc_workspace\SGCP\artifacts\early_from_late_checkpoint_20260719\enable_coperception_early_from_attentive.yaml,fullperception_pcs,full-frame,grid,utility,utility,none,0,0,,singleton,20,,,,,,,18,18,,{},"{""18"": 13783}",0,59.995550611790875,10,40.0,60.0,,,,,,,0,,{},,2,ns3,899,0.5,10,12,28,1,1,[59.995550611790875],[865920],,,9,29,
2026_07_29_02_32_08,000136,19,all-cavs,docs\doc_workspace\SGCP\artifacts\early_from_late_checkpoint_20260719\enable_coperception_early_from_attentive.yaml,fullperception_pcs,full-frame,grid,utility,utility,none,0,0,,singleton,20,,,,,,,19;20,19;20,20,"{""20"": 24}","{""19"": 13711, ""20"": 6684}",106944,59.995550611790875,10,40.0,60.0,,,,,,,1,1,"{""19"": 13711}",,2,ns3,899,0.5,10,12,28,1,1,[59.995550611790875],[865920],20>19:7,,24,54,
2026_07_29_02_32_08,000136,20,all-cavs,docs\doc_workspace\SGCP\artifacts\early_from_late_checkpoint_20260719\enable_coperception_early_from_attentive.yaml,fullperception_pcs,full-frame,grid,utility,utility,none,0,0,,singleton,20,,,,,,,19;20,20,,{},"{""20"": 13920}",0,59.995550611790875,10,40.0,60.0,,,,,,,0,,{},,2,ns3,899,0.5,10,12,28,1,1,[59.995550611790875],[865920],,,22,58,
2026_07_29_02_32_08,000138,1,all-cavs,docs\doc_workspace\SGCP\artifacts\early_from_late_checkpoint_20260719\enable_coperception_early_from_attentive.yaml,fullperception_pcs,full-frame,grid,utility,utility,none,0,0,,singleton,20,,,,,,,1;4,1;4,4,"{""4"": 5}","{""1"": 13965, ""4"": 6741}",107856,59.995550611790875,10,40.0,60.0,,,,,,,1,1,"{""1"": 13965}",,2,ns3,899,0.5,10,12,28,1,1,[59.995550611790875],[861968],4>1:6,,25,68,
2026_07_29_02_32_08,000138,2,all-cavs,docs\doc_workspace\SGCP\artifacts\early_from_late_checkpoint_20260719\enable_coperception_early_from_attentive.yaml,fullperception_pcs,full-frame,grid,utility,utility,none,0,0,,singleton,20,,,,,,,2;10,2,,{},"{""2"": 13843}",0,59.995550611790875,10,40.0,60.0,,,,,,,0,,{},,2,ns3,899,0.5,10,12,28,1,1,[59.995550611790875],[861968],,,19,69,
2026_07_29_02_32_08,000138,3,all-cavs,docs\doc_workspace\SGCP\artifacts\early_from_late_checkpoint_20260719\enable_coperception_early_from_attentive.yaml,fullperception_pcs,full-frame,grid,utility,utility,none,0,0,,singleton,20,,,,,,,3;16;17,3;16;17,16;17,"{""16"": 5, ""17"": 5}","{""3"": 14250, ""16"": 6742, ""17"": 6742}",215744,59.995550611790875,10,40.0,60.0,,,,,,,1,1,"{""3"": 14250}",,2,ns3,899,0.5,10,12,28,1,1,[59.995550611790875],[861968],16>3:3;17>3:4,,15,55,
2026_07_29_02_32_08,000138,4,all-cavs,docs\doc_workspace\SGCP\artifacts\early_from_late_checkpoint_20260719\enable_coperception_early_from_attentive.yaml,fullperception_pcs,full-frame,grid,utility,utility,none,0,0,,singleton,20,,,,,,,1;4,4,,{},"{""4"": 13763}",0,59.995550611790875,10,40.0,60.0,,,,,,,0,,{},,2,ns3,899,0.5,10,12,28,1,1,[59.995550611790875],[861968],,,17,65,
2026_07_29_02_32_08,000138,5,all-cavs,docs\doc_workspace\SGCP\artifacts\early_from_late_checkpoint_20260719\enable_coperception_early_from_attentive.yaml,fullperception_pcs,full-frame,grid,utility,utility,none,0,0,,singleton,20,,,,,,,5;9,5,,{},"{""5"": 13823}",0,59.995550611790875,10,40.0,60.0,,,,,,,0,,{},,2,ns3,899,0.5,10,12,28,1,1,[59.995550611790875],[861968],,,27,68,
2026_07_29_02_32_08,000138,6,all-cavs,docs\doc_workspace\SGCP\artifacts\early_from_late_checkpoint_20260719\enable_coperception_early_from_attentive.yaml,fullperception_pcs,full-frame,grid,utility,utility,none,0,0,,singleton,20,,,,,,,6;15,6;15,15,"{""15"": 10}","{""6"": 13453, ""15"": 620}",9920,59.995550611790875,10,40.0,60.0,,,,,,,1,1,"{""6"": 13453}",,2,ns3,899,0.5,10,12,28,1,1,[59.995550611790875],[861968],15>6:3,,19,54,
2026_07_29_02_32_08,000138,7,all-cavs,docs\doc_workspace\SGCP\artifacts\early_from_late_checkpoint_20260719\enable_coperception_early_from_attentive.yaml,fullperception_pcs,full-frame,grid,utility,utility,none,0,0,,singleton,20,,,,,,,7;12,7;12,12,"{""12"": 28}","{""7"": 13937, ""12"": 3700}",59200,59.995550611790875,10,40.0,60.0,,,,,,,1,1,"{""7"": 13937}",,2,ns3,899,0.5,10,12,28,1,1,[59.995550611790875],[861968],12>7:0,,20,45,
2026_07_29_02_32_08,000138,8,all-cavs,docs\doc_workspace\SGCP\artifacts\early_from_late_checkpoint_20260719\enable_coperception_early_from_attentive.yaml,fullperception_pcs,full-frame,grid,utility,utility,none,0,0,,singleton,20,,,,,,,8,8,,{},"{""8"": 13742}",0,59.995550611790875,10,40.0,60.0,,,,,,,0,,{},,2,ns3,899,0.5,10,12,28,1,1,[59.995550611790875],[861968],,,24,47,
2026_07_29_02_32_08,000138,9,all-cavs,docs\doc_workspace\SGCP\artifacts\early_from_late_checkpoint_20260719\enable_coperception_early_from_attentive.yaml,fullperception_pcs,full-frame,grid,utility,utility,none,0,0,,singleton,20,,,,,,,5;9;11,9;5;11,5;11,"{""5"": 27, ""11"": 6}","{""5"": 2400, ""9"": 13808, ""11"": 6742}",146272,59.995550611790875,10,40.0,60.0,,,,,,,1,1,"{""9"": 13808}",,2,ns3,899,0.5,10,12,28,1,1,[59.995550611790875],[861968],5>9:5;11>9:2,,31,53,
2026_07_29_02_32_08,000138,10,all-cavs,docs\doc_workspace\SGCP\artifacts\early_from_late_checkpoint_20260719\enable_coperception_early_from_attentive.yaml,fullperception_pcs,full-frame,grid,utility,utility,none,0,0,,singleton,20,,,,,,,2;10,10;2,2,"{""2"": 5}","{""2"": 6742, ""10"": 13966}",107872,59.995550611790875,10,40.0,60.0,,,,,,,1,1,"{""10"": 13966}",,2,ns3,899,0.5,10,12,28,1,1,[59.995550611790875],[861968],2>10:1,,26,65,
2026_07_29_02_32_08,000138,11,all-cavs,docs\doc_workspace\SGCP\artifacts\early_from_late_checkpoint_20260719\enable_coperception_early_from_attentive.yaml,fullperception_pcs,full-frame,grid,utility,utility,none,0,0,,singleton,20,,,,,,,9;11,11,,{},"{""11"": 13868}",0,59.995550611790875,10,40.0,60.0,,,,,,,0,,{},,2,ns3,899,0.5,10,12,28,1,1,[59.995550611790875],[861968],,,17,64,
2026_07_29_02_32_08,000138,12,all-cavs,docs\doc_workspace\SGCP\artifacts\early_from_late_checkpoint_20260719\enable_coperception_early_from_attentive.yaml,fullperception_pcs,full-frame,grid,utility,utility,none,0,0,,singleton,20,,,,,,,7;12,12,,{},"{""12"": 14180}",0,59.995550611790875,10,40.0,60.0,,,,,,,0,,{},,2,ns3,899,0.5,10,12,28,1,1,[59.995550611790875],[861968],,,12,51,
2026_07_29_02_32_08,000138,13,all-cavs,docs\doc_workspace\SGCP\artifacts\early_from_late_checkpoint_20260719\enable_coperception_early_from_attentive.yaml,fullperception_pcs,full-frame,grid,utility,utility,none,0,0,,singleton,20,,,,,,,13;14,13,,{},"{""13"": 13373}",0,59.995550611790875,10,40.0,60.0,,,,,,,0,,{},,2,ns3,899,0.5,10,12,28,1,1,[59.995550611790875],[861968],,,11,52,
2026_07_29_02_32_08,000138,14,all-cavs,docs\doc_workspace\SGCP\artifacts\early_from_late_checkpoint_20260719\enable_coperception_early_from_attentive.yaml,fullperception_pcs,full-frame,grid,utility,utility,none,0,0,,singleton,20,,,,,,,13;14,14;13,13,"{""13"": 4}","{""13"": 6742, ""14"": 13679}",107872,59.995550611790875,10,40.0,60.0,,,,,,,1,1,"{""14"": 13679}",,2,ns3,899,0.5,10,12,28,1,1,[59.995550611790875],[861968],13>14:8,,6,8,
2026_07_29_02_32_08,000138,15,all-cavs,docs\doc_workspace\SGCP\artifacts\early_from_late_checkpoint_20260719\enable_coperception_early_from_attentive.yaml,fullperception_pcs,full-frame,grid,utility,utility,none,0,0,,singleton,20,,,,,,,6;15,15,,{},"{""15"": 13742}",0,59.995550611790875,10,40.0,60.0,,,,,,,0,,{},,2,ns3,899,0.5,10,12,28,1,1,[59.995550611790875],[861968],,,19,61,
2026_07_29_02_32_08,000138,16,all-cavs,docs\doc_workspace\SGCP\artifacts\early_from_late_checkpoint_20260719\enable_coperception_early_from_attentive.yaml,fullperception_pcs,full-frame,grid,utility,utility,none,0,0,,singleton,20,,,,,,,3;16,16,,{},"{""16"": 14255}",0,59.995550611790875,10,40.0,60.0,,,,,,,0,,{},,2,ns3,899,0.5,10,12,28,1,1,[59.995550611790875],[861968],,,16,64,
2026_07_29_02_32_08,000138,17,all-cavs,docs\doc_workspace\SGCP\artifacts\early_from_late_checkpoint_20260719\enable_coperception_early_from_attentive.yaml,fullperception_pcs,full-frame,grid,utility,utility,none,0,0,,singleton,20,,,,,,,3;17,17,,{},"{""17"": 14254}",0,59.995550611790875,10,40.0,60.0,,,,,,,0,,{},,2,ns3,899,0.5,10,12,28,1,1,[59.995550611790875],[861968],,,18,64,
2026_07_29_02_32_08,000138,18,all-cavs,docs\doc_workspace\SGCP\artifacts\early_from_late_checkpoint_20260719\enable_coperception_early_from_attentive.yaml,fullperception_pcs,full-frame,grid,utility,utility,none,0,0,,singleton,20,,,,,,,18,18,,{},"{""18"": 13764}",0,59.995550611790875,10,40.0,60.0,,,,,,,0,,{},,2,ns3,899,0.5,10,12,28,1,1,[59.995550611790875],[861968],,,7,28,
2026_07_29_02_32_08,000138,19,all-cavs,docs\doc_workspace\SGCP\artifacts\early_from_late_checkpoint_20260719\enable_coperception_early_from_attentive.yaml,fullperception_pcs,full-frame,grid,utility,utility,none,0,0,,singleton,20,,,,,,,19;20,19;20,20,"{""20"": 24}","{""19"": 13710, ""20"": 6702}",107232,59.995550611790875,10,40.0,60.0,,,,,,,1,1,"{""19"": 13710}",,2,ns3,899,0.5,10,12,28,1,1,[59.995550611790875],[861968],20>19:7,,24,54,
2026_07_29_02_32_08,000138,20,all-cavs,docs\doc_workspace\SGCP\artifacts\early_from_late_checkpoint_20260719\enable_coperception_early_from_attentive.yaml,fullperception_pcs,full-frame,grid,utility,utility,none,0,0,,singleton,20,,,,,,,19;20,20,,{},"{""20"": 13925}",0,59.995550611790875,10,40.0,60.0,,,,,,,0,,{},,2,ns3,899,0.5,10,12,28,1,1,[59.995550611790875],[861968],,,21,58,
2026_07_29_02_32_08,000140,1,all-cavs,docs\doc_workspace\SGCP\artifacts\early_from_late_checkpoint_20260719\enable_coperception_early_from_attentive.yaml,fullperception_pcs,full-frame,grid,utility,utility,none,0,0,,singleton,20,,,,,,,1;4,1;4,4,"{""4"": 6}","{""1"": 13965, ""4"": 6742}",107872,59.995550611790875,10,40.0,60.0,,,,,,,1,1,"{""1"": 13965}",,2,ns3,899,0.5,10,12,28,1,1,[59.995550611790875],[808768],4>1:5,,25,67,
2026_07_29_02_32_08,000140,2,all-cavs,docs\doc_workspace\SGCP\artifacts\early_from_late_checkpoint_20260719\enable_coperception_early_from_attentive.yaml,fullperception_pcs,full-frame,grid,utility,utility,none,0,0,,singleton,20,,,,,,,2;10,2,,{},"{""2"": 13844}",0,59.995550611790875,10,40.0,60.0,,,,,,,0,,{},,2,ns3,899,0.5,10,12,28,1,1,[59.995550611790875],[808768],,,19,68,
2026_07_29_02_32_08,000140,3,all-cavs,docs\doc_workspace\SGCP\artifacts\early_from_late_checkpoint_20260719\enable_coperception_early_from_attentive.yaml,fullperception_pcs,full-frame,grid,utility,utility,none,0,0,,singleton,20,,,,,,,3;16;17,3;16;17,16;17,"{""16"": 6, ""17"": 5}","{""3"": 14273, ""16"": 6742, ""17"": 6741}",215728,59.995550611790875,10,40.0,60.0,,,,,,,1,1,"{""3"": 14273}",,2,ns3,899,0.5,10,12,28,1,1,[59.995550611790875],[808768],16>3:2;17>3:3,,16,55,
2026_07_29_02_32_08,000140,4,all-cavs,docs\doc_workspace\SGCP\artifacts\early_from_late_checkpoint_20260719\enable_coperception_early_from_attentive.yaml,fullperception_pcs,full-frame,grid,utility,utility,none,0,0,,singleton,20,,,,,,,1;4,4,,{},"{""4"": 13760}",0,59.995550611790875,10,40.0,60.0,,,,,,,0,,{},,2,ns3,899,0.5,10,12,28,1,1,[59.995550611790875],[808768],,,17,65,
2026_07_29_02_32_08,000140,5,all-cavs,docs\doc_workspace\SGCP\artifacts\early_from_late_checkpoint_20260719\enable_coperception_early_from_attentive.yaml,fullperception_pcs,full-frame,grid,utility,utility,none,0,0,,singleton,20,,,,,,,5;9,5,,{},"{""5"": 13867}",0,59.995550611790875,10,40.0,60.0,,,,,,,0,,{},,2,ns3,899,0.5,10,12,28,1,1,[59.995550611790875],[808768],,,23,69,
2026_07_29_02_32_08,000140,6,all-cavs,docs\doc_workspace\SGCP\artifacts\early_from_late_checkpoint_20260719\enable_coperception_early_from_attentive.yaml,fullperception_pcs,full-frame,grid,utility,utility,none,0,0,,singleton,20,,,,,,,6;15,6;15,15,"{""15"": 11}","{""6"": 13449, ""15"": 620}",9920,59.995550611790875,10,40.0,60.0,,,,,,,1,1,"{""6"": 13449}",,2,ns3,899,0.5,10,12,28,1,1,[59.995550611790875],[808768],15>6:2,,20,53,
2026_07_29_02_32_08,000140,7,all-cavs,docs\doc_workspace\SGCP\artifacts\early_from_late_checkpoint_20260719\enable_coperception_early_from_attentive.yaml,fullperception_pcs,full-frame,grid,utility,utility,none,0,0,,singleton,20,,,,,,,7,7,,{},"{""7"": 13930}",0,59.995550611790875,10,40.0,60.0,,,,,,,0,,{},,2,ns3,899,0.5,10,12,28,1,1,[59.995550611790875],[808768],,,20,45,
2026_07_29_02_32_08,000140,8,all-cavs,docs\doc_workspace\SGCP\artifacts\early_from_late_checkpoint_20260719\enable_coperception_early_from_attentive.yaml,fullperception_pcs,full-frame,grid,utility,utility,none,0,0,,singleton,20,,,,,,,8,8,,{},"{""8"": 13743}",0,59.995550611790875,10,40.0,60.0,,,,,,,0,,{},,2,ns3,899,0.5,10,12,28,1,1,[59.995550611790875],[808768],,,24,47,
2026_07_29_02_32_08,000140,9,all-cavs,docs\doc_workspace\SGCP\artifacts\early_from_late_checkpoint_20260719\enable_coperception_early_from_attentive.yaml,fullperception_pcs,full-frame,grid,utility,utility,none,0,0,,singleton,20,,,,,,,5;9;11,9;5;11,5;11,"{""5"": 26, ""11"": 5}","{""5"": 2765, ""9"": 13807, ""11"": 6741}",152096,59.995550611790875,10,40.0,60.0,,,,,,,1,1,"{""9"": 13807}",,2,ns3,899,0.5,10,12,28,1,1,[59.995550611790875],[808768],5>9:4;11>9:1,,32,53,
2026_07_29_02_32_08,000140,10,all-cavs,docs\doc_workspace\SGCP\artifacts\early_from_late_checkpoint_20260719\enable_coperception_early_from_attentive.yaml,fullperception_pcs,full-frame,grid,utility,utility,none,0,0,,singleton,20,,,,,,,2;10,10;2,2,"{""2"": 5}","{""2"": 6742, ""10"": 13967}",107872,59.995550611790875,10,40.0,60.0,,,,,,,1,1,"{""10"": 13967}",,2,ns3,899,0.5,10,12,28,1,1,[59.995550611790875],[808768],2>10:0,,26,65,
2026_07_29_02_32_08,000140,11,all-cavs,docs\doc_workspace\SGCP\artifacts\early_from_late_checkpoint_20260719\enable_coperception_early_from_attentive.yaml,fullperception_pcs,full-frame,grid,utility,utility,none,0,0,,singleton,20,,,,,,,9;11,11,,{},"{""11"": 13871}",0,59.995550611790875,10,40.0,60.0,,,,,,,0,,{},,2,ns3,899,0.5,10,12,28,1,1,[59.995550611790875],[808768],,,16,64,
2026_07_29_02_32_08,000140,12,all-cavs,docs\doc_workspace\SGCP\artifacts\early_from_late_checkpoint_20260719\enable_coperception_early_from_attentive.yaml,fullperception_pcs,full-frame,grid,utility,utility,none,0,0,,singleton,20,,,,,,,12,12,,{},"{""12"": 14185}",0,59.995550611790875,10,40.0,60.0,,,,,,,0,,{},,2,ns3,899,0.5,10,12,28,1,1,[59.995550611790875],[808768],,,12,51,
2026_07_29_02_32_08,000140,13,all-cavs,docs\doc_workspace\SGCP\artifacts\early_from_late_checkpoint_20260719\enable_coperception_early_from_attentive.yaml,fullperception_pcs,full-frame,grid,utility,utility,none,0,0,,singleton,20,,,,,,,13;14,13,,{},"{""13"": 13344}",0,59.995550611790875,10,40.0,60.0,,,,,,,0,,{},,2,ns3,899,0.5,10,12,28,1,1,[59.995550611790875],[808768],,,12,52,
2026_07_29_02_32_08,000140,14,all-cavs,docs\doc_workspace\SGCP\artifacts\early_from_late_checkpoint_20260719\enable_coperception_early_from_attentive.yaml,fullperception_pcs,full-frame,grid,utility,utility,none,0,0,,singleton,20,,,,,,,13;14,14;13,13,"{""13"": 6}","{""13"": 6742, ""14"": 13666}",107872,59.995550611790875,10,40.0,60.0,,,,,,,1,1,"{""14"": 13666}",,2,ns3,899,0.5,10,12,28,1,1,[59.995550611790875],[808768],13>14:7,,6,8,
2026_07_29_02_32_08,000140,15,all-cavs,docs\doc_workspace\SGCP\artifacts\early_from_late_checkpoint_20260719\enable_coperception_early_from_attentive.yaml,fullperception_pcs,full-frame,grid,utility,utility,none,0,0,,singleton,20,,,,,,,6;15,15,,{},"{""15"": 13738}",0,59.995550611790875,10,40.0,60.0,,,,,,,0,,{},,2,ns3,899,0.5,10,12,28,1,1,[59.995550611790875],[808768],,,17,60,
2026_07_29_02_32_08,000140,16,all-cavs,docs\doc_workspace\SGCP\artifacts\early_from_late_checkpoint_20260719\enable_coperception_early_from_attentive.yaml,fullperception_pcs,full-frame,grid,utility,utility,none,0,0,,singleton,20,,,,,,,3;16,16,,{},"{""16"": 14271}",0,59.995550611790875,10,40.0,60.0,,,,,,,0,,{},,2,ns3,899,0.5,10,12,28,1,1,[59.995550611790875],[808768],,,14,64,
2026_07_29_02_32_08,000140,17,all-cavs,docs\doc_workspace\SGCP\artifacts\early_from_late_checkpoint_20260719\enable_coperception_early_from_attentive.yaml,fullperception_pcs,full-frame,grid,utility,utility,none,0,0,,singleton,20,,,,,,,3;17,17,,{},"{""17"": 14258}",0,59.995550611790875,10,40.0,60.0,,,,,,,0,,{},,2,ns3,899,0.5,10,12,28,1,1,[59.995550611790875],[808768],,,15,64,
2026_07_29_02_32_08,000140,18,all-cavs,docs\doc_workspace\SGCP\artifacts\early_from_late_checkpoint_20260719\enable_coperception_early_from_attentive.yaml,fullperception_pcs,full-frame,grid,utility,utility,none,0,0,,singleton,20,,,,,,,18,18,,{},"{""18"": 13756}",0,59.995550611790875,10,40.0,60.0,,,,,,,0,,{},,2,ns3,899,0.5,10,12,28,1,1,[59.995550611790875],[808768],,,9,28,
2026_07_29_02_32_08,000140,19,all-cavs,docs\doc_workspace\SGCP\artifacts\early_from_late_checkpoint_20260719\enable_coperception_early_from_attentive.yaml,fullperception_pcs,full-frame,grid,utility,utility,none,0,0,,singleton,20,,,,,,,19;20,19;20,20,"{""20"": 24}","{""19"": 13709, ""20"": 6713}",107408,59.995550611790875,10,40.0,60.0,,,,,,,1,1,"{""19"": 13709}",,2,ns3,899,0.5,10,12,28,1,1,[59.995550611790875],[808768],20>19:6,,23,54,
2026_07_29_02_32_08,000140,20,all-cavs,docs\doc_workspace\SGCP\artifacts\early_from_late_checkpoint_20260719\enable_coperception_early_from_attentive.yaml,fullperception_pcs,full-frame,grid,utility,utility,none,0,0,,singleton,20,,,,,,,19;20,20,,{},"{""20"": 13922}",0,59.995550611790875,10,40.0,60.0,,,,,,,0,,{},,2,ns3,899,0.5,10,12,28,1,1,[59.995550611790875],[808768],,,19,57,
