line_no,channel,status,tx_rnti,dst_l2_id,harq_id,tb_size,tbler,sinr_avg,sinr_min,reason,frame,subframe,slot
308,PSCCH,OK,2,1,,,0,15.9428,15.7145,,10,1,0
311,PSCCH,OK,2,1,,,0,14.4732,14.1697,,10,1,0
315,PSCCH,FAIL,2,1,,,1,0.0119078,0.0108439,decoded_overlap,10,1,0
318,PSCCH,FAIL,2,1,,,1,0.0463154,0.0457663,decoded_overlap,10,1,0
320,PSCCH,OK,2,1,,,0,10.7099,10.0699,,10,1,0
323,PSCCH,OK,2,1,,,0,14.0304,13.4719,,10,1,0
326,PSCCH,OK,2,1,,,0,6.83645,6.46717,,10,1,0
330,PSCCH,FAIL,2,1,,,1,0.0812478,0.0794439,decoded_overlap,10,1,0
333,PSCCH,FAIL,2,1,,,1,0.100189,0.0790181,decoded_overlap,10,1,0
336,PSCCH,FAIL,2,1,,,1,0.535742,0.488185,decoded_overlap,10,1,0
338,PSCCH,OK,2,1,,,0,2.10814,1.98529,,10,1,0
341,PSCCH,OK,2,1,,,0,16.8861,15.7308,,10,1,0
345,PSCCH,FAIL,2,1,,,1,0.111918,0.105631,decoded_overlap,10,1,0
348,PSCCH,FAIL,2,1,,,1,0.219423,0.1019,decoded_overlap,10,1,0
351,PSCCH,FAIL,2,1,,,0.687838,0.787531,0.767036,decoded_overlap,10,1,0
353,PSCCH,OK,2,1,,,0.0015,1.12878,1.07716,,10,1,0
357,PSCCH,FAIL,2,1,,,1,0.0137113,0.0135989,decoded_overlap,10,1,0
360,PSCCH,FAIL,2,1,,,1,0.0876858,0.0765162,decoded_overlap,10,1,0
362,PSCCH,OK,2,1,,,0,1.56346,1.2648,,10,1,0
365,PSSCH,OK,2,1,1,4069,0,4382.79,25.2931,,,,
367,PSSCH,FAIL,16,5,0,3494,1,11.623,6.76225,decode_fail,,,
373,PSCCH,OK,14,9,,,0.125375,0.98929,0.866631,,10,1,1
375,PSCCH,FAIL,5,16,,,0.967105,0.695922,0.538794,decoded_overlap,10,1,1
377,PSCCH,FAIL,4,1,,,1,0.105627,0.0809339,decoded_overlap,10,1,1
379,PSCCH,OK,5,16,,,0,5.88728,5.69803,,10,1,1
381,PSCCH,FAIL,14,9,,,1,0.13412,0.13152,decoded_overlap,10,1,1
383,PSCCH,FAIL,4,1,,,1,0.0277285,0.0252915,decoded_overlap,10,1,1
385,PSCCH,OK,4,1,,,0.0015,1.30336,1.23376,,10,1,1
387,PSCCH,FAIL,14,9,,,1,0.49248,0.477125,decoded_overlap,10,1,1
389,PSCCH,FAIL,5,16,,,1,0.116762,0.0923785,decoded_overlap,10,1,1
391,PSCCH,OK,14,9,,,0,6.65338,6.50961,,10,1,1
393,PSCCH,FAIL,4,1,,,1,0.143739,0.139762,decoded_overlap,10,1,1
395,PSCCH,FAIL,5,16,,,1,0.00502961,0.00419223,decoded_overlap,10,1,1
397,PSCCH,OK,4,1,,,0,25.1611,21.6814,,10,1,1
399,PSCCH,FAIL,14,9,,,1,0.0247566,0.0197167,decoded_overlap,10,1,1
401,PSCCH,FAIL,5,16,,,1,0.01454,0.0143487,decoded_overlap,10,1,1
403,PSCCH,OK,5,16,,,0,1.49509,1.3069,,10,1,1
405,PSCCH,FAIL,4,1,,,1,0.403536,0.3213,decoded_overlap,10,1,1
407,PSCCH,FAIL,14,9,,,1,0.130456,0.117392,decoded_overlap,10,1,1
409,PSCCH,OK,14,9,,,0,19.0271,15.6349,,10,1,1
411,PSCCH,FAIL,4,1,,,1,0.0265254,0.0211904,decoded_overlap,10,1,1
413,PSCCH,FAIL,5,16,,,1,0.0254587,0.02115,decoded_overlap,10,1,1
415,PSCCH,OK,14,9,,,0,1.95532,1.71701,,10,1,1
417,PSCCH,FAIL,5,16,,,1,0.368829,0.346559,decoded_overlap,10,1,1
419,PSCCH,FAIL,4,1,,,1,0.0750406,0.068351,decoded_overlap,10,1,1
421,PSCCH,OK,5,16,,,0,2.12082,2.06431,,10,1,1
423,PSCCH,FAIL,14,9,,,1,0.431262,0.430405,decoded_overlap,10,1,1
425,PSCCH,FAIL,4,1,,,1,0.0195152,0.0138165,decoded_overlap,10,1,1
427,PSCCH,OK,14,9,,,0,1.96169,1.72006,,10,1,1
429,PSCCH,FAIL,4,1,,,1,0.435608,0.41293,decoded_overlap,10,1,1
431,PSCCH,FAIL,5,16,,,1,0.0368817,0.0177252,decoded_overlap,10,1,1
433,PSCCH,OK,4,1,,,0,14.6893,10.9588,,10,1,1
435,PSCCH,FAIL,14,9,,,1,0.067832,0.0472474,decoded_overlap,10,1,1
437,PSCCH,FAIL,5,16,,,1,0.00270484,0.00212998,decoded_overlap,10,1,1
439,PSCCH,OK,14,9,,,0,2.109,2.00402,,10,1,1
441,PSCCH,FAIL,5,16,,,1,0.396142,0.374806,decoded_overlap,10,1,1
443,PSCCH,FAIL,4,1,,,1,0.0396388,0.0391481,decoded_overlap,10,1,1
445,PSCCH,OK,5,16,,,0,2.91213,2.82726,,10,1,1
447,PSCCH,FAIL,4,1,,,1,0.26504,0.260486,decoded_overlap,10,1,1
449,PSCCH,FAIL,14,9,,,1,0.0483917,0.0456516,decoded_overlap,10,1,1
451,PSCCH,OK,14,9,,,0,6.61572,5.72401,,10,1,1
453,PSCCH,FAIL,4,1,,,1,0.149424,0.128355,decoded_overlap,10,1,1
455,PSCCH,FAIL,5,16,,,1,0.00224562,0.0017105,decoded_overlap,10,1,1
457,PSCCH,OK,4,1,,,0.0015,1.18297,0.998182,,10,1,1
459,PSCCH,FAIL,5,16,,,0.687838,0.712408,0.61101,decoded_overlap,10,1,1
461,PSCCH,FAIL,14,9,,,1,0.0465681,0.0419276,decoded_overlap,10,1,1
463,PSCCH,OK,14,9,,,0,1.97586,1.79503,,10,1,1
465,PSCCH,FAIL,5,16,,,1,0.326153,0.295757,decoded_overlap,10,1,1
467,PSCCH,FAIL,4,1,,,1,0.0998135,0.0971392,decoded_overlap,10,1,1
469,PSCCH,OK,5,16,,,0,4.45807,4.01034,,10,1,1
471,PSCCH,FAIL,4,1,,,1,0.159887,0.115785,decoded_overlap,10,1,1
473,PSCCH,FAIL,14,9,,,1,0.0495032,0.0489323,decoded_overlap,10,1,1
475,PSCCH,OK,14,9,,,0,3.62212,3.51652,,10,1,1
477,PSCCH,FAIL,4,1,,,1,0.253467,0.249121,decoded_overlap,10,1,1
479,PSCCH,FAIL,5,16,,,1,0.0143791,0.0142797,decoded_overlap,10,1,1
487,PSSCH,OK,14,9,1,4069,0.00678268,33.8429,11.9132,,,,
489,PSSCH,FAIL,5,16,0,4069,1,4.32968,2.92494,decode_fail,,,
494,PSCCH,OK,14,9,,,0,1.59521,1.41724,,10,2,0
498,PSCCH,FAIL,5,1,,,0.967105,0.630863,0.548944,decoded_overlap,10,2,0
500,PSCCH,OK,5,1,,,0,7.20998,7.07427,,10,2,0
504,PSCCH,FAIL,14,9,,,1,0.138708,0.135744,decoded_overlap,10,2,0
506,PSCCH,OK,14,9,,,0,6.50176,6.27878,,10,2,0
510,PSCCH,FAIL,5,1,,,1,0.153982,0.143043,decoded_overlap,10,2,0
512,PSCCH,OK,5,1,,,0,2.95503,2.84223,,10,2,0
516,PSCCH,FAIL,14,9,,,1,0.338514,0.332438,decoded_overlap,10,2,0
518,PSCCH,OK,14,9,,,0,48.6127,39.2342,,10,2,0
522,PSCCH,FAIL,5,1,,,1,0.020919,0.0168519,decoded_overlap,10,2,0
525,PSCCH,OK,5,1,,,0.125375,1.00229,0.894421,,10,2,0
527,PSCCH,FAIL,14,9,,,0.125375,0.994192,0.934934,decoded_overlap,10,2,0
530,PSCCH,OK,5,1,,,0,58.6343,57.0074,,10,2,0
534,PSCCH,FAIL,14,9,,,1,0.0169604,0.0164788,decoded_overlap,10,2,0
536,PSCCH,OK,14,9,,,0,111.556,99.4934,,10,2,0
540,PSCCH,FAIL,5,1,,,1,0.00900268,0.0081777,decoded_overlap,10,2,0
543,PSCCH,OK,14,9,,,0,10.0243,9.46868,,10,2,0
545,PSCCH,FAIL,5,1,,,1,0.0998182,0.0970726,decoded_overlap,10,2,0
549,PSCCH,OK,5,1,,,0,1.77762,1.73494,,10,2,0
551,PSCCH,FAIL,14,9,,,0.967105,0.56262,0.548896,decoded_overlap,10,2,0
554,PSCCH,OK,14,9,,,0,24.5713,12.9098,,10,2,0
558,PSCCH,FAIL,5,1,,,1,0.0468782,0.0244836,decoded_overlap,10,2,0
560,PSCCH,OK,14,9,,,0,71.9324,57.0505,,10,2,0
564,PSCCH,FAIL,5,1,,,1,0.0141667,0.0107841,decoded_overlap,10,2,0
566,PSCCH,OK,14,9,,,0,1.98538,1.97494,,10,2,0
570,PSCCH,FAIL,5,1,,,1,0.503659,0.497288,decoded_overlap,10,2,0
573,PSCCH,OK,5,1,,,0,32.2924,30.0015,,10,2,0
575,PSCCH,FAIL,14,9,,,1,0.0310316,0.0288698,decoded_overlap,10,2,0
578,PSCCH,OK,5,1,,,0,20.783,19.9201,,10,2,0
582,PSCCH,FAIL,14,9,,,1,0.0480973,0.046242,decoded_overlap,10,2,0
584,PSCCH,OK,5,1,,,0,2.85104,2.77125,,10,2,0
588,PSCCH,FAIL,14,9,,,1,0.350852,0.341376,decoded_overlap,10,2,0
591,PSCCH,OK,14,9,,,0,30.6008,30.1659,,10,2,0
593,PSCCH,FAIL,5,1,,,1,0.032678,0.0324612,decoded_overlap,10,2,0
597,PSSCH,FAIL,14,9,4,4069,1,42.2213,0.18734,decode_fail,,,
673,PSSCH,FAIL,13,,,,,,,decode_fail,,,
676,PSSCH,FAIL,14,19,3,867,1,4.76374,1.35977,decode_fail,,,
678,PSSCH,FAIL,3,21,1,2307,1,2.63872,0.605967,decode_fail,,,
685,PSCCH,OK,5,1,,,0,1.57347,1.40612,,10,3,0
687,PSCCH,FAIL,20,1,,,0.967105,0.637976,0.583812,decoded_overlap,10,3,0
690,PSCCH,OK,5,1,,,0,7.2205,6.29986,,10,3,0
692,PSCCH,FAIL,20,1,,,1,0.139347,0.124321,decoded_overlap,10,3,0
695,PSCCH,OK,20,1,,,0,38.2497,11.3854,,10,3,0
697,PSCCH,FAIL,5,1,,,1,0.0391694,0.011559,decoded_overlap,10,3,0
700,PSCCH,OK,20,1,,,0,3.74535,2.7749,,10,3,0
702,PSCCH,FAIL,5,1,,,1,0.27181,0.239144,decoded_overlap,10,3,0
705,PSCCH,OK,20,1,,,0,13.5103,13.1535,,10,3,0
707,PSCCH,FAIL,5,1,,,1,0.0739215,0.072743,decoded_overlap,10,3,0
710,PSCCH,OK,20,1,,,0,4.077,4.06269,,10,3,0
712,PSCCH,FAIL,5,1,,,1,0.245109,0.242926,decoded_overlap,10,3,0
715,PSCCH,OK,20,1,,,0,7.48378,7.12544,,10,3,0
717,PSCCH,FAIL,5,1,,,1,0.133731,0.127639,decoded_overlap,10,3,0
720,PSCCH,OK,5,1,,,0,2.09147,2.05723,,10,3,0
722,PSCCH,FAIL,20,1,,,1,0.478141,0.466962,decoded_overlap,10,3,0
725,PSCCH,OK,20,1,,,0,1.51043,0.7191,,10,3,0
727,PSCCH,FAIL,5,1,,,0.687838,0.761692,0.431822,decoded_overlap,10,3,0
730,PSCCH,OK,5,1,,,0,2.24939,2.18879,,10,3,0
732,PSCCH,FAIL,20,1,,,1,0.444615,0.432373,decoded_overlap,10,3,0
735,PSCCH,OK,20,1,,,0.0015,1.29295,0.72884,,10,3,0
737,PSCCH,FAIL,5,1,,,0.687838,0.837291,0.584865,decoded_overlap,10,3,0
740,PSCCH,OK,20,1,,,0,2869.19,2228.4,,10,3,0
742,PSCCH,FAIL,5,1,,,1,0.000350133,0.00029912,decoded_overlap,10,3,0
745,PSCCH,OK,5,1,,,0,8.22598,7.09628,,10,3,0
747,PSCCH,FAIL,20,1,,,1,0.122334,0.109047,decoded_overlap,10,3,0
750,PSCCH,OK,5,1,,,0,8.35494,7.97783,,10,3,0
752,PSCCH,FAIL,20,1,,,1,0.119788,0.114541,decoded_overlap,10,3,0
755,PSCCH,OK,20,1,,,0,2216.27,1170.25,,10,3,0
757,PSCCH,FAIL,5,1,,,1,0.000481974,0.000322048,decoded_overlap,10,3,0
760,PSCCH,OK,5,1,,,0,2.05626,1.99703,,10,3,0
762,PSCCH,FAIL,20,1,,,1,0.486371,0.479232,decoded_overlap,10,3,0
765,PSCCH,OK,5,1,,,0,11.2155,8.47827,,10,3,0
767,PSCCH,FAIL,20,1,,,1,0.0917776,0.0696822,decoded_overlap,10,3,0
770,PSCCH,OK,5,1,,,0,5.58885,5.45469,,10,3,0
772,PSCCH,FAIL,20,1,,,1,0.178829,0.174272,decoded_overlap,10,3,0
783,PSCCH,OK,3,1,,,0,1.94592,1.86698,,10,3,1
785,PSCCH,FAIL,21,12,,,1,0.514078,0.503383,decoded_overlap,10,3,1
789,PSCCH,OK,3,1,,,0,1.71122,1.66529,,10,3,1
791,PSCCH,FAIL,21,12,,,0.967105,0.584522,0.570263,decoded_overlap,10,3,1
795,PSCCH,OK,3,1,,,0,2.24392,2.12795,,10,3,1
797,PSCCH,FAIL,21,12,,,1,0.446186,0.420989,decoded_overlap,10,3,1
801,PSCCH,OK,21,12,,,0,9.61921,9.27729,,10,3,1
803,PSCCH,FAIL,3,1,,,1,0.104006,0.100443,decoded_overlap,10,3,1
806,PSCCH,OK,21,12,,,0,182.054,171.933,,10,3,1
809,PSCCH,FAIL,3,1,,,1,0.0054788,0.00516694,decoded_overlap,10,3,1
813,PSCCH,OK,21,12,,,0,3.98123,3.77234,,10,3,1
815,PSCCH,FAIL,3,1,,,1,0.251348,0.243442,decoded_overlap,10,3,1
819,PSCCH,OK,21,12,,,0,5.64684,4.98245,,10,3,1
821,PSCCH,FAIL,3,1,,,1,0.178086,0.158763,decoded_overlap,10,3,1
825,PSCCH,OK,21,12,,,0,2.29983,2.1745,,10,3,1
827,PSCCH,FAIL,3,1,,,1,0.435081,0.419656,decoded_overlap,10,3,1
831,PSCCH,OK,3,1,,,0,14.6556,12.2414,,10,3,1
833,PSCCH,FAIL,21,12,,,1,0.0690286,0.0570529,decoded_overlap,10,3,1
837,PSCCH,OK,21,12,,,0,38.3551,35.9287,,10,3,1
839,PSCCH,FAIL,3,1,,,1,0.0261105,0.0245478,decoded_overlap,10,3,1
843,PSCCH,OK,21,12,,,0,1.9761,1.75794,,10,3,1
845,PSCCH,FAIL,3,1,,,1,0.508555,0.455347,decoded_overlap,10,3,1
849,PSCCH,OK,21,12,,,0,9.61649,9.17798,,10,3,1
851,PSCCH,FAIL,3,1,,,1,0.104042,0.10137,decoded_overlap,10,3,1
855,PSCCH,OK,21,12,,,0,2.69006,2.66147,,10,3,1
857,PSCCH,FAIL,3,1,,,1,0.371711,0.368327,decoded_overlap,10,3,1
861,PSCCH,OK,21,12,,,0,19.9224,18.4003,,10,3,1
863,PSCCH,FAIL,3,1,,,1,0.0502517,0.047766,decoded_overlap,10,3,1
867,PSCCH,OK,21,12,,,0,77.9342,53.6941,,10,3,1
869,PSCCH,FAIL,3,1,,,1,0.013568,0.00884393,decoded_overlap,10,3,1
873,PSCCH,OK,3,1,,,0.0015,1.26777,1.26678,,10,3,1
875,PSCCH,FAIL,21,12,,,0.687838,0.78844,0.787097,decoded_overlap,10,3,1
879,PSCCH,OK,21,12,,,0.0015,1.57122,0.397378,,10,3,1
881,PSCCH,FAIL,3,1,,,0.125375,1.16722,0.203601,decoded_overlap,10,3,1
883,PSSCH,FAIL,3,1,0,4069,1,0.996152,0.453465,decode_fail,,,
885,PSSCH,FAIL,21,12,2,4069,1,41.8664,1.13753,decode_fail,,,
887,PSSCH,FAIL,19,14,1,2403,1,0.972274,0.4916,decode_fail,,,
889,PSSCH,OK,5,16,2,369,0.0001,30.9809,30.3669,,,,
897,PSCCH,FAIL,14,9,,,0.687838,0.843,0.779701,decoded_overlap,10,4,0
899,PSCCH,FAIL,19,1,,,1,0.0854113,0.0831169,decoded_overlap,10,4,0
903,PSCCH,FAIL,19,1,,,1,0.13041,0.123312,decoded_overlap,10,4,0
905,PSCCH,FAIL,14,9,,,1,0.0382016,0.0348565,decoded_overlap,10,4,0
909,PSCCH,FAIL,14,9,,,0.967105,0.660624,0.650154,decoded_overlap,10,4,0
911,PSCCH,FAIL,19,1,,,1,0.11227,0.107919,decoded_overlap,10,4,0
914,PSCCH,OK,19,1,,,0,27.1489,25.6378,,10,4,0
917,PSCCH,FAIL,14,9,,,1,0.0111622,0.0109387,decoded_overlap,10,4,0
921,PSCCH,FAIL,14,9,,,0.687838,0.839168,0.829013,decoded_overlap,10,4,0
923,PSCCH,FAIL,19,1,,,1,0.0415758,0.0413508,decoded_overlap,10,4,0
927,PSCCH,FAIL,14,9,,,1,0.00377458,0.00352449,decoded_overlap,10,4,0
929,PSCCH,FAIL,19,1,,,1,0.000101081,8.70311e-05,decoded_overlap,10,4,0
933,PSCCH,FAIL,19,1,,,1,0.257363,0.226922,decoded_overlap,10,4,0
935,PSCCH,FAIL,14,9,,,1,0.112254,0.107114,decoded_overlap,10,4,0
938,PSCCH,OK,14,9,,,0,2.60727,2.16955,,10,4,0
941,PSCCH,FAIL,19,1,,,1,0.0308128,0.0306809,decoded_overlap,10,4,0
944,PSCCH,OK,14,9,,,0.125375,0.991827,0.958409,,10,4,0
947,PSCCH,FAIL,19,1,,,1,0.194981,0.190535,decoded_overlap,10,4,0
950,PSCCH,OK,14,9,,,0.0015,1.17983,1.16715,,10,4,0
952,PSCCH,FAIL,19,1,,,0.967105,0.607326,0.55873,decoded_overlap,10,4,0
957,PSCCH,FAIL,14,9,,,1,0.293131,0.280116,decoded_overlap,10,4,0
959,PSCCH,FAIL,19,1,,,1,0.0407894,0.0402716,decoded_overlap,10,4,0
963,PSCCH,FAIL,14,9,,,1,0.307973,0.289205,decoded_overlap,10,4,0
965,PSCCH,FAIL,19,1,,,1,0.307068,0.244708,decoded_overlap,10,4,0
968,PSCCH,OK,14,9,,,0,3.31503,2.87033,,10,4,0
971,PSCCH,FAIL,19,1,,,1,0.10913,0.0817497,decoded_overlap,10,4,0
974,PSCCH,OK,19,1,,,0,2.83054,2.77299,,10,4,0
976,PSCCH,FAIL,14,9,,,1,0.29042,0.273413,decoded_overlap,10,4,0
981,PSCCH,FAIL,14,9,,,1,0.276251,0.26222,decoded_overlap,10,4,0
983,PSCCH,FAIL,19,1,,,1,0.205589,0.20451,decoded_overlap,10,4,0
987,PSCCH,FAIL,19,1,,,1,0.313395,0.284694,decoded_overlap,10,4,0
989,PSCCH,FAIL,14,9,,,1,0.0258484,0.0219724,decoded_overlap,10,4,0
992,PSCCH,OK,14,9,,,0,2.58807,2.21737,,10,4,0
994,PSCCH,FAIL,19,1,,,1,0.347031,0.307423,decoded_overlap,10,4,0
1000,PSSCH,FAIL,14,9,5,4057,1,100.527,0.761914,decode_fail,,,
1008,PSCCH,OK,2,1,,,0,24.4962,22.7631,,10,4,1
1010,PSCCH,FAIL,20,2,,,1,0.0318219,0.0301355,decoded_overlap,10,4,1
1012,PSCCH,FAIL,4,1,,,1,0.00852328,0.0076231,decoded_overlap,10,4,1
1014,PSCCH,OK,4,1,,,0.125375,0.933193,0.909208,,10,4,1
1016,PSCCH,FAIL,20,2,,,1,0.435015,0.391736,decoded_overlap,10,4,1
1018,PSCCH,FAIL,2,1,,,1,0.272974,0.25937,decoded_overlap,10,4,1
1020,PSCCH,OK,20,2,,,0.0015,1.24441,1.22221,,10,4,1
1022,PSCCH,FAIL,2,1,,,1,0.329912,0.329351,decoded_overlap,10,4,1
1024,PSCCH,FAIL,4,1,,,1,0.246113,0.239185,decoded_overlap,10,4,1
1026,PSCCH,OK,4,1,,,0,2.48497,2.19098,,10,4,1
1028,PSCCH,FAIL,20,2,,,1,0.219891,0.203935,decoded_overlap,10,4,1
1030,PSCCH,FAIL,2,1,,,1,0.12086,0.101224,decoded_overlap,10,4,1
1032,PSCCH,OK,4,1,,,0.0015,1.18424,1.1559,,10,4,1
1034,PSCCH,FAIL,20,2,,,1,0.421895,0.409488,decoded_overlap,10,4,1
1036,PSCCH,FAIL,2,1,,,1,0.192104,0.189549,decoded_overlap,10,4,1
1038,PSCCH,OK,2,1,,,0.125375,1.09488,0.782325,,10,4,1
1040,PSCCH,FAIL,4,1,,,1,0.40646,0.272657,decoded_overlap,10,4,1
1042,PSCCH,FAIL,20,2,,,1,0.24468,0.238852,decoded_overlap,10,4,1
1044,PSCCH,OK,4,1,,,0.0015,1.20709,1.07327,,10,4,1
1046,PSCCH,FAIL,20,2,,,1,0.373465,0.231449,decoded_overlap,10,4,1
1048,PSCCH,FAIL,2,1,,,1,0.229056,0.163802,decoded_overlap,10,4,1
1050,PSCCH,OK,20,2,,,0.0015,1.38245,1.12434,,10,4,1
1052,PSCCH,FAIL,4,1,,,1,0.285402,0.273171,decoded_overlap,10,4,1
1054,PSCCH,FAIL,2,1,,,1,0.248871,0.223017,decoded_overlap,10,4,1
1056,PSCCH,OK,20,2,,,0,4.83366,4.4357,,10,4,1
1058,PSCCH,FAIL,4,1,,,1,0.135467,0.119382,decoded_overlap,10,4,1
1060,PSCCH,FAIL,2,1,,,1,0.0554042,0.0534483,decoded_overlap,10,4,1
1062,PSCCH,OK,4,1,,,0.0015,1.15586,1.07035,,10,4,1
1064,PSCCH,FAIL,2,1,,,0.687838,0.842435,0.78481,decoded_overlap,10,4,1
1066,PSCCH,FAIL,20,2,,,1,0.00720263,0.00538787,decoded_overlap,10,4,1
1068,PSCCH,OK,4,1,,,0,2.5612,2.31219,,10,4,1
1070,PSCCH,FAIL,2,1,,,1,0.167939,0.161443,decoded_overlap,10,4,1
1072,PSCCH,FAIL,20,2,,,1,0.159252,0.154001,decoded_overlap,10,4,1
1074,PSCCH,OK,20,2,,,0.0015,1.3422,1.32223,,10,4,1
1076,PSCCH,FAIL,4,1,,,1,0.43867,0.435327,decoded_overlap,10,4,1
1078,PSCCH,FAIL,2,1,,,1,0.139,0.137487,decoded_overlap,10,4,1
1080,PSCCH,OK,20,2,,,0.0015,1.11659,1.01707,,10,4,1
1082,PSCCH,FAIL,4,1,,,0.687838,0.837066,0.780271,decoded_overlap,10,4,1
1084,PSCCH,FAIL,2,1,,,1,0.0177166,0.0143462,decoded_overlap,10,4,1
1086,PSCCH,OK,4,1,,,0.0015,1.39544,1.36193,,10,4,1
1088,PSCCH,FAIL,20,2,,,1,0.552055,0.534967,decoded_overlap,10,4,1
1090,PSCCH,FAIL,2,1,,,1,0.0659076,0.0645019,decoded_overlap,10,4,1
1092,PSCCH,OK,20,2,,,0,1.91235,1.87459,,10,4,1
1094,PSCCH,FAIL,4,1,,,1,0.348529,0.328136,decoded_overlap,10,4,1
1096,PSCCH,FAIL,2,1,,,1,0.0929174,0.0858505,decoded_overlap,10,4,1
1098,PSCCH,OK,20,2,,,0,2.16046,1.91589,,10,4,1
1100,PSCCH,FAIL,2,1,,,1,0.264222,0.247316,decoded_overlap,10,4,1
1102,PSCCH,FAIL,4,1,,,1,0.121039,0.109771,decoded_overlap,10,4,1
1104,PSCCH,FAIL,20,2,,,0.967105,0.671578,0.612924,error_model,10,4,1
1106,PSCCH,FAIL,4,1,,,1,0.473682,0.432011,error_model,10,4,1
1108,PSCCH,FAIL,2,1,,,1,0.384734,0.345677,error_model,10,4,1
1110,PSCCH,OK,2,1,,,0.0015,1.28202,1.21674,,10,4,1
1112,PSCCH,FAIL,4,1,,,0.687838,0.775822,0.732189,decoded_overlap,10,4,1
1114,PSCCH,FAIL,20,2,,,1,0.00161964,0.00159018,decoded_overlap,10,4,1
1116,PSSCH,FAIL,2,1,2,4069,1,16.1338,13.104,decode_fail,,,
1121,PSCCH,OK,14,17,,,0,25580.4,23701.9,,10,5,0
1126,PSCCH,OK,14,17,,,0,56200.9,56115.6,,10,5,0
1131,PSCCH,OK,14,17,,,0,34411.2,33992.3,,10,5,0
1136,PSCCH,OK,14,17,,,0,12209.5,11875.4,,10,5,0
1141,PSCCH,OK,14,17,,,0,84189.1,82828.7,,10,5,0
1146,PSCCH,OK,14,17,,,0,618.752,495.794,,10,5,0
1151,PSCCH,OK,14,17,,,0,4901.48,4880.03,,10,5,0
1156,PSCCH,OK,14,17,,,0,1210210.0,1025790.0,,10,5,0
1161,PSCCH,OK,14,17,,,0,123138,118918,,10,5,0
1166,PSCCH,OK,14,17,,,0,11434.3,11333.2,,10,5,0
1171,PSCCH,OK,14,17,,,0,79790.3,74687.5,,10,5,0
1176,PSCCH,OK,14,17,,,0,51359.3,51047.4,,10,5,0
1181,PSCCH,OK,14,17,,,0,103276,100048,,10,5,0
1186,PSCCH,OK,14,17,,,0,333303,322390,,10,5,0
1191,PSCCH,OK,14,17,,,0,92.4916,82.4791,,10,5,0
1196,PSCCH,OK,14,17,,,0,228257,227698,,10,5,0
1201,PSCCH,OK,14,17,,,0,64668.2,63880.8,,10,5,0
1206,PSSCH,FAIL,2,1,3,2083,1,3.41501,1.21244,decode_fail,,,
1208,PSSCH,FAIL,21,3,0,3155,1,14.5188,6.72208,decode_fail,,,
1210,PSSCH,FAIL,13,,,,,,,decode_fail,,,
1218,PSCCH,FAIL,16,1,,,0.687838,0.749241,0.655659,decoded_overlap,10,5,1
1223,PSCCH,FAIL,16,1,,,1,0.360227,0.349527,decoded_overlap,10,5,1
1229,PSCCH,FAIL,16,1,,,1,0.0120748,0.0119655,decoded_overlap,10,5,1
1232,PSCCH,OK,16,1,,,0,2.92046,2.81279,,10,5,1
1238,PSCCH,FAIL,16,1,,,1,0.00943758,0.00860026,decoded_overlap,10,5,1
1244,PSCCH,FAIL,16,1,,,1,0.0383054,0.0376675,decoded_overlap,10,5,1
1249,PSCCH,FAIL,16,1,,,1,0.0819958,0.0678862,decoded_overlap,10,5,1
1252,PSCCH,OK,16,1,,,0,1.68397,1.64442,,10,5,1
1258,PSCCH,FAIL,16,1,,,1,0.356418,0.321817,decoded_overlap,10,5,1
1264,PSCCH,FAIL,16,1,,,1,0.120472,0.108447,decoded_overlap,10,5,1
1269,PSCCH,FAIL,16,1,,,1,0.0287702,0.0216435,decoded_overlap,10,5,1
1272,PSCCH,OK,16,1,,,0,1.98067,1.84874,,10,5,1
1279,PSCCH,FAIL,16,1,,,1,0.0650294,0.0630562,decoded_overlap,10,5,1
1284,PSCCH,FAIL,16,1,,,1,0.00957304,0.00948537,decoded_overlap,10,5,1
1288,PSCCH,FAIL,16,1,,,1,0.459146,0.359206,decoded_overlap,10,5,1
1292,PSCCH,OK,16,1,,,0,23.4569,20.5271,,10,5,1
1298,PSCCH,FAIL,16,1,,,1,0.240315,0.235785,decoded_overlap,10,5,1
1303,PSSCH,FAIL,20,1,2,2083,1,1.41961,0.488791,decode_fail,,,
1305,PSCCH,OK,3,1,,,0,2.17198,2.07835,,10,6,0
1307,PSCCH,FAIL,16,1,,,1,0.315963,0.297664,decoded_overlap,10,6,0
1309,PSCCH,FAIL,19,1,,,1,0.081551,0.0765496,decoded_overlap,10,6,0
1311,PSCCH,OK,3,1,,,0,2.21608,2.21164,,10,6,0
1313,PSCCH,FAIL,16,1,,,1,0.317766,0.302484,decoded_overlap,10,6,0
1315,PSCCH,FAIL,19,1,,,1,0.0750955,0.0668163,decoded_overlap,10,6,0
1317,PSCCH,OK,16,1,,,0,2.75944,2.74907,,10,6,0
1319,PSCCH,FAIL,3,1,,,1,0.326613,0.324828,decoded_overlap,10,6,0
1321,PSCCH,FAIL,19,1,,,1,0.0201951,0.0198218,decoded_overlap,10,6,0
1323,PSCCH,OK,16,1,,,0,1.41404,1.36893,,10,6,0
1325,PSCCH,FAIL,19,1,,,0.967105,0.677252,0.668935,decoded_overlap,10,6,0
1327,PSCCH,FAIL,3,1,,,1,0.0106223,0.00937154,decoded_overlap,10,6,0
1329,PSCCH,OK,16,1,,,0.0015,1.15367,0.981924,,10,6,0
1331,PSCCH,FAIL,3,1,,,0.967105,0.635572,0.552892,decoded_overlap,10,6,0
1333,PSCCH,FAIL,19,1,,,1,0.0842689,0.0780465,decoded_overlap,10,6,0
1335,PSCCH,OK,3,1,,,0,2.04192,1.99452,,10,6,0
1337,PSCCH,FAIL,16,1,,,1,0.430044,0.422649,decoded_overlap,10,6,0
1339,PSCCH,FAIL,19,1,,,1,0.028722,0.0284755,decoded_overlap,10,6,0
1341,PSCCH,OK,19,1,,,0.0015,1.15205,1.05411,,10,6,0
1343,PSCCH,FAIL,3,1,,,0.967105,0.559572,0.541793,decoded_overlap,10,6,0
1345,PSCCH,FAIL,16,1,,,1,0.118745,0.116363,decoded_overlap,10,6,0
1347,PSCCH,OK,16,1,,,0,1.44791,1.33092,,10,6,0
1349,PSCCH,FAIL,3,1,,,1,0.500592,0.49608,decoded_overlap,10,6,0
1351,PSCCH,FAIL,19,1,,,1,0.0815804,0.0602113,decoded_overlap,10,6,0
1353,PSCCH,OK,19,1,,,0,2.30115,2.293,,10,6,0
1355,PSCCH,FAIL,16,1,,,1,0.375592,0.36773,decoded_overlap,10,6,0
1357,PSCCH,FAIL,3,1,,,1,0.0308146,0.0247142,decoded_overlap,10,6,0
1359,PSCCH,FAIL,3,1,,,0.125375,1.00762,1.00209,error_model,10,6,0
1361,PSCCH,OK,19,1,,,0.687838,0.875342,0.862446,,10,6,0
1363,PSCCH,FAIL,16,1,,,1,0.0323214,0.0319106,decoded_overlap,10,6,0
1365,PSCCH,OK,16,1,,,0,1.5388,1.47368,,10,6,0
1367,PSCCH,FAIL,19,1,,,1,0.348944,0.316396,decoded_overlap,10,6,0
1369,PSCCH,FAIL,3,1,,,1,0.156726,0.14851,decoded_overlap,10,6,0
1371,PSCCH,OK,16,1,,,0.125375,0.92463,0.904333,,10,6,0
1373,PSCCH,FAIL,3,1,,,1,0.469393,0.46484,decoded_overlap,10,6,0
1375,PSCCH,FAIL,19,1,,,1,0.250287,0.235964,decoded_overlap,10,6,0
1377,PSCCH,OK,19,1,,,0,1.85042,1.79296,,10,6,0
1379,PSCCH,FAIL,16,1,,,1,0.302003,0.288449,decoded_overlap,10,6,0
1381,PSCCH,FAIL,3,1,,,1,0.135036,0.134786,decoded_overlap,10,6,0
1383,PSCCH,OK,19,1,,,0,5.41221,5.20883,,10,6,0
1385,PSCCH,FAIL,3,1,,,1,0.144184,0.140102,decoded_overlap,10,6,0
1387,PSCCH,FAIL,16,1,,,1,0.0309124,0.0300983,decoded_overlap,10,6,0
1389,PSCCH,OK,19,1,,,0,2.87599,2.54787,,10,6,0
1391,PSCCH,FAIL,3,1,,,1,0.33743,0.299063,decoded_overlap,10,6,0
1393,PSCCH,FAIL,16,1,,,1,0.00683251,0.00597901,decoded_overlap,10,6,0
1395,PSCCH,OK,16,1,,,0,5.64506,4.77368,,10,6,0
1397,PSCCH,FAIL,3,1,,,1,0.157726,0.135123,decoded_overlap,10,6,0
1399,PSCCH,FAIL,19,1,,,1,0.0156963,0.014957,decoded_overlap,10,6,0
1401,PSCCH,OK,16,1,,,0,5.30822,4.91084,,10,6,0
1403,PSCCH,FAIL,3,1,,,1,0.129063,0.124291,decoded_overlap,10,6,0
1405,PSCCH,FAIL,19,1,,,1,0.0466149,0.0388155,decoded_overlap,10,6,0
1407,PSCCH,OK,3,1,,,0,27.0626,25.2701,,10,6,0
1409,PSCCH,FAIL,16,1,,,1,0.0323604,0.0293344,decoded_overlap,10,6,0
1411,PSCCH,FAIL,19,1,,,1,0.004386,0.00429916,decoded_overlap,10,6,0
1413,PSSCH,FAIL,3,1,2,4069,1,2.90524,2.09933,decode_fail,,,
1417,PSCCH,OK,5,1,,,0,4561.08,3852.02,,10,6,1
1419,PSCCH,OK,5,1,,,0,110896,110747,,10,6,1
1421,PSCCH,OK,5,1,,,0,5221.8,4590.56,,10,6,1
1423,PSCCH,OK,5,1,,,0,106576,105657,,10,6,1
1425,PSCCH,OK,5,1,,,0,4928.57,4838.9,,10,6,1
1427,PSCCH,OK,5,1,,,0,1952.17,1948.35,,10,6,1
1429,PSCCH,OK,5,1,,,0,14506.7,14266.1,,10,6,1
1431,PSCCH,OK,5,1,,,0,23636.8,23550.3,,10,6,1
1433,PSCCH,OK,5,1,,,0,15561.4,12199.5,,10,6,1
1435,PSCCH,OK,5,1,,,0,28657.5,28538.2,,10,6,1
1437,PSCCH,OK,5,1,,,0,22104.6,18398.2,,10,6,1
1439,PSCCH,OK,5,1,,,0,4425.17,4068.06,,10,6,1
1441,PSCCH,OK,5,1,,,0,3595.32,3453.48,,10,6,1
1443,PSCCH,OK,5,1,,,0,24700.8,24197,,10,6,1
1445,PSCCH,OK,5,1,,,0,1266500.0,1224440.0,,10,6,1
1447,PSCCH,OK,5,1,,,0,688.776,597.901,,10,6,1
1449,PSCCH,OK,5,1,,,0,7786.71,7758.56,,10,6,1
1451,PSCCH,OK,5,1,,,0,466219,420670,,10,6,1
1453,PSCCH,OK,5,1,,,0,236041,231660,,10,6,1
1455,PSCCH,OK,5,1,,,0,10919.8,10441.6,,10,6,1
1457,PSSCH,OK,5,1,4,4069,0,752.477,398.078,,,,
1506,PSSCH,FAIL,5,1,5,2083,1,949.774,0.33706,decode_fail,,,
1508,PSSCH,FAIL,21,12,3,2334,1,9943.52,6.52783,decode_fail,,,
1511,PSCCH,OK,3,1,,,0,3.82839,3.55037,,10,8,0
1514,PSCCH,FAIL,19,1,,,1,0.0639579,0.0621523,decoded_overlap,10,8,0
1516,PSCCH,OK,3,1,,,0,2.62416,2.23991,,10,8,0
1519,PSCCH,FAIL,19,1,,,1,0.0860357,0.0813766,decoded_overlap,10,8,0
1522,PSCCH,FAIL,3,1,,,1,0.356721,0.315312,decoded_overlap,10,8,0
1524,PSCCH,FAIL,19,1,,,1,0.0254448,0.0230168,decoded_overlap,10,8,0
1526,PSCCH,OK,19,1,,,0,4.01664,3.81478,,10,8,0
1529,PSCCH,FAIL,3,1,,,1,0.0156605,0.0149194,decoded_overlap,10,8,0
1531,PSCCH,OK,3,1,,,0.125375,1.00263,0.976762,,10,8,0
1534,PSCCH,FAIL,19,1,,,1,0.209387,0.208601,decoded_overlap,10,8,0
1537,PSCCH,FAIL,3,1,,,1,0.180991,0.162194,decoded_overlap,10,8,0
1539,PSCCH,FAIL,19,1,,,1,0.0102384,0.0102085,decoded_overlap,10,8,0
1542,PSCCH,FAIL,3,1,,,1,0.358678,0.338719,decoded_overlap,10,8,0
1544,PSCCH,FAIL,19,1,,,1,0.114375,0.0888257,decoded_overlap,10,8,0
1546,PSCCH,OK,19,1,,,0.125375,1.00795,0.879738,,10,8,0
1548,PSCCH,FAIL,3,1,,,0.125375,0.990756,0.864343,decoded_overlap,10,8,0
1551,PSCCH,OK,19,1,,,0,3.11821,3.02115,,10,8,0
1554,PSCCH,FAIL,3,1,,,1,0.0235592,0.0165985,decoded_overlap,10,8,0
1557,PSCCH,FAIL,3,1,,,1,0.264294,0.252096,decoded_overlap,10,8,0
1559,PSCCH,FAIL,19,1,,,1,0.0427846,0.0415731,decoded_overlap,10,8,0
1561,PSCCH,OK,3,1,,,0,3.84828,3.6958,,10,8,0
1563,PSCCH,FAIL,19,1,,,1,0.228819,0.220922,decoded_overlap,10,8,0
1567,PSCCH,FAIL,3,1,,,1,0.0688785,0.0660986,decoded_overlap,10,8,0
1569,PSCCH,FAIL,19,1,,,1,0.0111738,0.0109738,decoded_overlap,10,8,0
1571,PSCCH,OK,19,1,,,0,1.97847,1.96895,,10,8,0
1574,PSCCH,FAIL,3,1,,,1,0.183566,0.182328,decoded_overlap,10,8,0
1576,PSCCH,OK,19,1,,,0,1.72255,1.49876,,10,8,0
1579,PSCCH,FAIL,3,1,,,1,0.205573,0.194941,decoded_overlap,10,8,0
1581,PSCCH,OK,19,1,,,0.0015,1.34597,1.26549,,10,8,0
1584,PSCCH,FAIL,3,1,,,1,0.00355802,0.00355002,decoded_overlap,10,8,0
1587,PSCCH,FAIL,19,1,,,1,0.356539,0.336091,decoded_overlap,10,8,0
1589,PSCCH,FAIL,3,1,,,1,0.306362,0.260919,decoded_overlap,10,8,0
1592,PSCCH,FAIL,3,1,,,1,0.328752,0.317221,decoded_overlap,10,8,0
1594,PSCCH,FAIL,19,1,,,1,0.131224,0.129534,decoded_overlap,10,8,0
1596,PSCCH,OK,3,1,,,0,94.4811,93.6664,,10,8,0
1598,PSCCH,FAIL,19,1,,,1,0.00913309,0.00903322,decoded_overlap,10,8,0
1601,PSSCH,FAIL,3,1,3,4069,1,3.568,1.69769,decode_fail,,,
1605,PSCCH,OK,16,1,,,0,16450.9,16299.8,,10,9,0
1607,PSCCH,OK,16,1,,,0,33330.4,32902.6,,10,9,0
1609,PSCCH,OK,16,1,,,0,1691.64,1689.92,,10,9,0
1611,PSCCH,OK,16,1,,,0,368657,367226,,10,9,0
1613,PSCCH,OK,16,1,,,0,1180520.0,1093710.0,,10,9,0
1615,PSCCH,OK,16,1,,,0,17468.1,15185.2,,10,9,0
1617,PSCCH,OK,16,1,,,0,4798.74,4793.57,,10,9,0
1619,PSCCH,OK,16,1,,,0,1819.56,1626.72,,10,9,0
1621,PSCCH,OK,16,1,,,0,86544.9,81370,,10,9,0
1623,PSCCH,OK,16,1,,,0,19054.5,18522.5,,10,9,0
1625,PSCCH,OK,16,1,,,0,1726.59,1622.78,,10,9,0
1627,PSCCH,OK,16,1,,,0,23822.6,21796.7,,10,9,0
1629,PSCCH,OK,16,1,,,0,33517.9,32649.5,,10,9,0
1631,PSCCH,OK,16,1,,,0,127350,127229,,10,9,0
1633,PSCCH,OK,16,1,,,0,3046.08,2862.34,,10,9,0
1635,PSCCH,OK,16,1,,,0,3027.51,2850.74,,10,9,0
1637,PSCCH,OK,16,1,,,0,26066.2,25117.9,,10,9,0
1639,PSCCH,OK,16,1,,,0,267263,246188,,10,9,0
1641,PSCCH,OK,16,1,,,0,412735,400017,,10,9,0
1643,PSCCH,OK,16,1,,,0,7821.4,7091.66,,10,9,0
1645,PSSCH,OK,16,1,3,4069,0,1423.01,1173.28,,,,
1648,PSCCH,OK,14,17,,,0,25580.4,23701.9,,10,9,1
1651,PSCCH,OK,14,17,,,0,13772.6,13467.5,,10,9,1
1654,PSCCH,OK,14,17,,,0,34411.2,33992.3,,10,9,1
1657,PSCCH,OK,14,17,,,0,3119.7,3027.23,,10,9,1
1659,PSCCH,OK,14,17,,,0,84189.1,82828.7,,10,9,1
1662,PSCCH,OK,14,17,,,0,765.84,666.461,,10,9,1
1666,PSCCH,OK,14,17,,,0,7982.07,7901.87,,10,9,1
1668,PSCCH,OK,14,17,,,0,892743,756669,,10,9,1
1671,PSCCH,OK,14,17,,,0,228109,223366,,10,9,1
1674,PSCCH,OK,14,17,,,0,15257.2,14953.9,,10,9,1
1677,PSCCH,OK,14,17,,,0,55048,52834.6,,10,9,1
1681,PSCCH,OK,14,17,,,0,12897.6,11332.9,,10,9,1
1683,PSCCH,OK,14,17,,,0,87681.5,87442.2,,10,9,1
1686,PSCCH,OK,14,17,,,0,54075.9,51597.3,,10,9,1
1689,PSCCH,OK,14,17,,,0,333303,322390,,10,9,1
1693,PSCCH,OK,14,17,,,0,622.777,618.065,,10,9,1
1695,PSCCH,OK,14,17,,,0,346759,344926,,10,9,1
1698,PSCCH,OK,14,17,,,0,64668.2,63880.8,,10,9,1
1702,PSCCH,OK,14,17,,,0,467451,449710,,10,9,1
1710,PSSCH,FAIL,3,1,4,2083,1,10.396,3.88996,decode_fail,,,
1712,PSSCH,FAIL,14,17,6,4069,1,14483.9,1.81204,decode_fail,,,
1754,PSSCH,FAIL,16,1,4,2083,1,4.04857,3.83926,decode_fail,,,
1757,PSCCH,OK,14,17,,,0,25580.4,23701.9,,11,2,1
1759,PSCCH,OK,14,17,,,0,13772.6,13467.5,,11,2,1
1761,PSCCH,OK,14,17,,,0,45075,44982.2,,11,2,1
1763,PSCCH,OK,14,17,,,0,34411.2,33992.3,,11,2,1
1765,PSCCH,OK,14,17,,,0,9151.75,9077.51,,11,2,1
1767,PSCCH,OK,14,17,,,0,84189.1,82828.7,,11,2,1
1769,PSCCH,OK,14,17,,,0,813.726,636.354,,11,2,1
1771,PSCCH,OK,14,17,,,0,6553.37,6495.4,,11,2,1
1773,PSCCH,OK,14,17,,,0,1037610.0,899536,,11,2,1
1775,PSCCH,OK,14,17,,,0,157745,156764,,11,2,1
1777,PSCCH,OK,14,17,,,0,16508.8,16483,,11,2,1
1779,PSCCH,OK,14,17,,,0,40775.9,37988.5,,11,2,1
1781,PSCCH,OK,14,17,,,0,15307.4,14646.2,,11,2,1
1783,PSCCH,OK,14,17,,,0,14016.2,12919.9,,11,2,1
1785,PSCCH,OK,14,17,,,0,105446,102414,,11,2,1
1787,PSCCH,OK,14,17,,,0,333303,322390,,11,2,1
1789,PSCCH,OK,14,17,,,0,269.254,259.866,,11,2,1
1791,PSCCH,OK,14,17,,,0,273552,267751,,11,2,1
1793,PSCCH,OK,14,17,,,0,64668.2,63880.8,,11,2,1
1795,PSCCH,OK,14,17,,,0,467451,449710,,11,2,1
1797,PSSCH,OK,14,17,7,4069,0,38796.3,32239,,,,
1823,PSSCH,OK,5,16,6,4,0,110238,106169,,,,
1846,PSSCH,OK,14,17,8,1060,0,138185,133367,,,,
1869,PSSCH,OK,14,9,9,6,0,1957700.0,1863090.0,,,,
1894,PSSCH,OK,21,12,4,4,0,484124,477019,,,,
1917,PSSCH,OK,20,2,4,4,0,39566.1,37296,,,,
1941,PSSCH,OK,14,17,10,8,0,417464,414047,,,,
2061,PSCCH,OK,14,17,,,0,2.51246,2.31693,,20,1,1
2063,PSCCH,FAIL,16,1,,,1,0.398932,0.369702,decoded_overlap,20,1,1
2065,PSCCH,OK,16,1,,,0.0015,1.27284,0.994817,,20,1,1
2067,PSCCH,FAIL,14,17,,,0.687838,0.800767,0.653354,decoded_overlap,20,1,1
2069,PSCCH,OK,14,17,,,0,11.5405,11.5049,,20,1,1
2071,PSCCH,FAIL,16,1,,,1,0.086633,0.0860066,decoded_overlap,20,1,1
2073,PSCCH,OK,16,1,,,0,5.81471,5.37069,,20,1,1
2075,PSCCH,FAIL,14,17,,,1,0.172231,0.165748,decoded_overlap,20,1,1
2077,PSCCH,OK,16,1,,,0,65.5377,61.0803,,20,1,1
2079,PSCCH,FAIL,14,17,,,1,0.0152919,0.0141078,decoded_overlap,20,1,1
2081,PSCCH,OK,14,17,,,0,2.15716,2.0175,,20,1,1
2083,PSCCH,FAIL,16,1,,,1,0.4644,0.433562,decoded_overlap,20,1,1
2085,PSCCH,OK,16,1,,,0.0015,1.14186,0.79267,,20,1,1
2087,PSCCH,FAIL,14,17,,,0.125375,0.906008,0.702004,decoded_overlap,20,1,1
2089,PSCCH,OK,16,1,,,0,10.3019,9.70227,,20,1,1
2091,PSCCH,FAIL,14,17,,,1,0.0971232,0.0907754,decoded_overlap,20,1,1
2093,PSCCH,OK,14,17,,,0,8.89194,8.75633,,20,1,1
2095,PSCCH,FAIL,16,1,,,1,0.112484,0.109284,decoded_overlap,20,1,1
2097,PSCCH,OK,14,17,,,0,3.27195,2.71224,,20,1,1
2099,PSCCH,FAIL,16,1,,,1,0.309585,0.258284,decoded_overlap,20,1,1
2101,PSCCH,OK,14,17,,,0,6.93687,6.92949,,20,1,1
2103,PSCCH,FAIL,16,1,,,1,0.144068,0.143713,decoded_overlap,20,1,1
2105,PSCCH,OK,14,17,,,0,2.04546,1.80089,,20,1,1
2107,PSCCH,FAIL,16,1,,,1,0.491009,0.454973,decoded_overlap,20,1,1
2109,PSCCH,OK,16,1,,,0,2.123,1.91479,,20,1,1
2111,PSCCH,FAIL,14,17,,,1,0.473403,0.418149,decoded_overlap,20,1,1
2113,PSCCH,OK,14,17,,,0,27.1271,26.1733,,20,1,1
2115,PSCCH,FAIL,16,1,,,1,0.0368344,0.0352922,decoded_overlap,20,1,1
2117,PSCCH,OK,14,17,,,0,61.8006,57.4061,,20,1,1
2119,PSCCH,FAIL,16,1,,,1,0.0162168,0.0149455,decoded_overlap,20,1,1
2121,PSCCH,OK,16,1,,,0,3.37024,3.35259,,20,1,1
2123,PSCCH,FAIL,14,17,,,1,0.296623,0.294798,decoded_overlap,20,1,1
2125,PSCCH,OK,14,17,,,0,1.5536,1.38551,,20,1,1
2127,PSCCH,FAIL,16,1,,,0.967105,0.646548,0.58602,decoded_overlap,20,1,1
2129,PSCCH,OK,16,1,,,0,4.71922,4.50559,,20,1,1
2131,PSCCH,FAIL,14,17,,,1,0.21208,0.202348,decoded_overlap,20,1,1
2133,PSCCH,OK,14,17,,,0,9.49256,8.45637,,20,1,1
2135,PSCCH,FAIL,16,1,,,1,0.105733,0.0982352,decoded_overlap,20,1,1
2137,PSSCH,OK,14,17,13,4069,0,61.6021,19.5713,,,,
2145,PSCCH,FAIL,2,1,,,1,0.516577,0.504995,decoded_overlap,20,2,0
2149,PSCCH,FAIL,2,1,,,1,0.144513,0.132528,decoded_overlap,20,2,0
2152,PSCCH,OK,2,1,,,0.0015,1.295,1.08361,,20,2,0
2157,PSCCH,FAIL,2,1,,,0.967105,0.669911,0.608254,decoded_overlap,20,2,0
2161,PSCCH,FAIL,2,1,,,1,0.0408928,0.0236752,decoded_overlap,20,2,0
2165,PSCCH,FAIL,2,1,,,1,0.433737,0.426815,decoded_overlap,20,2,0
2168,PSCCH,OK,2,1,,,0,2.78267,2.68946,,20,2,0
2172,PSCCH,OK,2,1,,,0,7.84931,2.72947,,20,2,0
2176,PSCCH,OK,2,1,,,0,3.3193,2.89461,,20,2,0
2180,PSCCH,OK,2,1,,,0,2.72227,2.48582,,20,2,0
2184,PSCCH,OK,2,1,,,0,3.4788,3.43213,,20,2,0
2189,PSCCH,FAIL,2,1,,,1,0.312349,0.261206,decoded_overlap,20,2,0
2193,PSCCH,FAIL,2,1,,,1,0.474187,0.469099,decoded_overlap,20,2,0
2196,PSCCH,OK,2,1,,,0,5.35553,4.25216,,20,2,0
2200,PSCCH,OK,2,1,,,0,2.60628,2.5362,,20,2,0
2204,PSCCH,OK,2,1,,,0,1.73485,1.66754,,20,2,0
2209,PSCCH,FAIL,2,1,,,1,0.521234,0.508912,decoded_overlap,20,2,0
2212,PSCCH,OK,2,1,,,0,5.83748,4.18594,,20,2,0
2216,PSSCH,FAIL,13,,,,,,,decode_fail,,,
2219,PSSCH,FAIL,3,21,5,2467,1,18.2574,13.0214,decode_fail,,,
2228,PSCCH,FAIL,16,5,,,1,0.291984,0.287793,decoded_overlap,20,2,1
2230,PSCCH,FAIL,19,1,,,1,0.143253,0.142547,decoded_overlap,20,2,1
2235,PSCCH,FAIL,19,1,,,0.967105,0.587565,0.509906,decoded_overlap,20,2,1
2237,PSCCH,FAIL,16,5,,,1,0.00226717,0.00210354,decoded_overlap,20,2,1
2241,PSCCH,OK,16,5,,,0,5.43537,5.24152,,20,2,1
2244,PSCCH,FAIL,19,1,,,1,0.0602438,0.0569345,decoded_overlap,20,2,1
2248,PSCCH,OK,16,5,,,0,4.13435,4.08738,,20,2,1
2250,PSCCH,FAIL,19,1,,,1,0.222327,0.215002,decoded_overlap,20,2,1
2256,PSCCH,FAIL,16,5,,,1,0.285171,0.252909,decoded_overlap,20,2,1
2258,PSCCH,FAIL,19,1,,,1,0.0159428,0.0080939,decoded_overlap,20,2,1
2263,PSCCH,FAIL,16,5,,,1,0.0831602,0.0801075,decoded_overlap,20,2,1
2265,PSCCH,FAIL,19,1,,,1,0.00949957,0.00946863,decoded_overlap,20,2,1
2270,PSCCH,FAIL,16,5,,,1,0.485051,0.463423,decoded_overlap,20,2,1
2272,PSCCH,FAIL,19,1,,,1,0.0297202,0.00671044,decoded_overlap,20,2,1
2276,PSCCH,OK,19,1,,,0,2.20466,1.75276,,20,2,1
2279,PSCCH,FAIL,16,5,,,1,0.0852674,0.0742187,decoded_overlap,20,2,1
2283,PSCCH,OK,19,1,,,0,2.25035,2.06623,,20,2,1
2286,PSCCH,FAIL,16,5,,,1,0.150071,0.146066,decoded_overlap,20,2,1
2291,PSCCH,FAIL,16,5,,,1,0.0966136,0.0937177,decoded_overlap,20,2,1
2293,PSCCH,FAIL,19,1,,,1,0.00992521,0.00988142,decoded_overlap,20,2,1
2298,PSCCH,FAIL,16,5,,,1,0.529758,0.420755,decoded_overlap,20,2,1
2300,PSCCH,FAIL,19,1,,,1,0.00890581,0.00325889,decoded_overlap,20,2,1
2305,PSCCH,FAIL,16,5,,,1,0.334691,0.273997,decoded_overlap,20,2,1
2307,PSCCH,FAIL,19,1,,,1,0.124299,0.0996962,decoded_overlap,20,2,1
2311,PSCCH,OK,19,1,,,0,2.73684,2.41814,,20,2,1
2314,PSCCH,FAIL,16,5,,,1,0.00450841,0.00307158,decoded_overlap,20,2,1
2319,PSCCH,FAIL,19,1,,,0.687838,0.851322,0.564895,decoded_overlap,20,2,1
2321,PSCCH,FAIL,16,5,,,1,0.0168727,0.016248,decoded_overlap,20,2,1
2325,PSCCH,OK,16,5,,,0.0015,1.37528,1.35276,,20,2,1
2328,PSCCH,FAIL,19,1,,,1,0.102787,0.102224,decoded_overlap,20,2,1
2332,PSCCH,OK,16,5,,,0,3.744,3.57346,,20,2,1
2334,PSCCH,FAIL,19,1,,,1,0.253498,0.240526,decoded_overlap,20,2,1
2339,PSSCH,FAIL,21,3,5,3155,1,1.97827,1.48705,decode_fail,,,
2341,PSSCH,FAIL,16,5,5,4006,1,4.14568,2.47643,decode_fail,,,
2349,PSCCH,OK,21,12,,,0,2.46869,2.38344,,20,3,0
2351,PSCCH,FAIL,20,1,,,1,0.405226,0.39084,decoded_overlap,20,3,0
2355,PSCCH,OK,20,1,,,0,2.86604,2.74987,,20,3,0
2357,PSCCH,FAIL,21,12,,,1,0.349025,0.343235,decoded_overlap,20,3,0
2361,PSCCH,OK,21,12,,,0,364.538,320.684,,20,3,0
2363,PSCCH,FAIL,20,1,,,1,0.00276146,0.00240064,decoded_overlap,20,3,0
2367,PSCCH,OK,20,1,,,0,13.6252,9.40278,,20,3,0
2369,PSCCH,FAIL,21,12,,,1,0.0773657,0.0531503,decoded_overlap,20,3,0
2373,PSCCH,OK,21,12,,,0,5.82142,5.39839,,20,3,0
2375,PSCCH,FAIL,20,1,,,1,0.172188,0.158624,decoded_overlap,20,3,0
2379,PSCCH,OK,21,12,,,0,5.94984,5.69485,,20,3,0
2381,PSCCH,FAIL,20,1,,,1,0.168182,0.161563,decoded_overlap,20,3,0
2385,PSCCH,OK,20,1,,,0,1.89114,1.68818,,20,3,0
2387,PSCCH,FAIL,21,12,,,1,0.531509,0.47196,decoded_overlap,20,3,0
2391,PSCCH,OK,21,12,,,0,32.9481,32.0982,,20,3,0
2393,PSCCH,FAIL,20,1,,,1,0.0303562,0.0296287,decoded_overlap,20,3,0
2397,PSCCH,OK,21,12,,,0,86.8933,16.4064,,20,3,0
2399,PSCCH,FAIL,20,1,,,1,0.0229637,0.00531967,decoded_overlap,20,3,0
2403,PSCCH,OK,20,1,,,0,10.7734,9.15541,,20,3,0
2405,PSCCH,FAIL,21,12,,,1,0.0937936,0.0788427,decoded_overlap,20,3,0
2409,PSCCH,OK,21,12,,,0,55.1893,52.4421,,20,3,0
2411,PSCCH,FAIL,20,1,,,1,0.0181388,0.017083,decoded_overlap,20,3,0
2415,PSCCH,OK,20,1,,,0,2.80098,2.48869,,20,3,0
2417,PSCCH,FAIL,21,12,,,1,0.359106,0.316335,decoded_overlap,20,3,0
2421,PSCCH,OK,21,12,,,0,1.9163,1.7909,,20,3,0
2423,PSCCH,FAIL,20,1,,,1,0.522598,0.491282,decoded_overlap,20,3,0
2427,PSCCH,OK,20,1,,,0,4.46724,4.15283,,20,3,0
2429,PSCCH,FAIL,21,12,,,1,0.224511,0.203726,decoded_overlap,20,3,0
2433,PSCCH,OK,21,12,,,0.0015,1.3396,1.10081,,20,3,0
2435,PSCCH,FAIL,20,1,,,0.687838,0.755858,0.640958,decoded_overlap,20,3,0
2439,PSCCH,OK,20,1,,,0,3.39636,3.26265,,20,3,0
2441,PSCCH,FAIL,21,12,,,1,0.294645,0.279047,decoded_overlap,20,3,0
2445,PSCCH,OK,20,1,,,0,15.9879,13.1856,,20,3,0
2447,PSCCH,FAIL,21,12,,,1,0.0634451,0.0522077,decoded_overlap,20,3,0
2451,PSSCH,FAIL,21,12,6,4069,1,26.974,2.24732,decode_fail,,,
2453,PSSCH,FAIL,5,16,7,3446,1,1.76505,1.03718,decode_fail,,,
2457,PSCCH,OK,3,1,,,0,2.15039,1.99337,,20,3,1
2459,PSCCH,FAIL,14,17,,,1,0.183555,0.181242,decoded_overlap,20,3,1
2462,PSCCH,FAIL,5,1,,,1,0.0577145,0.0565699,decoded_overlap,20,3,1
2464,PSCCH,OK,5,1,,,0.687838,0.712811,0.662662,,20,3,1
2466,PSCCH,FAIL,3,1,,,0.967105,0.657772,0.629471,decoded_overlap,20,3,1
2469,PSCCH,FAIL,14,17,,,1,0.0960789,0.0863493,decoded_overlap,20,3,1
2471,PSCCH,OK,3,1,,,0,1.42492,1.4194,,20,3,1
2473,PSCCH,FAIL,5,1,,,1,0.206193,0.184067,decoded_overlap,20,3,1
2476,PSCCH,FAIL,14,17,,,1,0.0912112,0.0702245,decoded_overlap,20,3,1
2479,PSCCH,FAIL,14,17,,,1,0.471337,0.468836,decoded_overlap,20,3,1
2481,PSCCH,FAIL,5,1,,,1,0.0284117,0.0275427,decoded_overlap,20,3,1
2483,PSCCH,FAIL,3,1,,,1,0.0148535,0.0113763,decoded_overlap,20,3,1
2486,PSCCH,FAIL,14,17,,,1,0.426907,0.374527,decoded_overlap,20,3,1
2488,PSCCH,FAIL,5,1,,,1,0.0610787,0.0480945,decoded_overlap,20,3,1
2490,PSCCH,FAIL,3,1,,,1,0.0547948,0.0537555,decoded_overlap,20,3,1
2492,PSCCH,FAIL,3,1,,,0.967105,0.686935,0.640133,error_model,20,3,1
2494,PSCCH,FAIL,5,1,,,0.967105,0.640782,0.580744,error_model,20,3,1
2497,PSCCH,FAIL,14,17,,,1,0.0797836,0.0755518,error_model,20,3,1
2500,PSCCH,FAIL,14,17,,,1,0.220715,0.216371,decoded_overlap,20,3,1
2502,PSCCH,FAIL,3,1,,,1,0.03235,0.0319369,decoded_overlap,20,3,1
2504,PSCCH,FAIL,5,1,,,1,0.00330311,0.0031157,decoded_overlap,20,3,1
2506,PSCCH,OK,14,17,,,0,5.71257,5.5303,,20,3,1
2509,PSCCH,FAIL,3,1,,,1,0.0660604,0.0628818,decoded_overlap,20,3,1
2511,PSCCH,FAIL,5,1,,,1,0.0157884,0.0116941,decoded_overlap,20,3,1
2513,PSCCH,OK,5,1,,,0.125375,0.900552,0.875302,,20,3,1
2516,PSCCH,FAIL,3,1,,,1,0.146495,0.122495,decoded_overlap,20,3,1
2518,PSCCH,FAIL,14,17,,,1,0.0988292,0.0626954,decoded_overlap,20,3,1
2521,PSCCH,FAIL,14,17,,,1,0.427661,0.345531,decoded_overlap,20,3,1
2523,PSCCH,FAIL,3,1,,,1,0.148457,0.116302,decoded_overlap,20,3,1
2525,PSCCH,FAIL,5,1,,,1,0.0639654,0.0585679,decoded_overlap,20,3,1
2527,PSCCH,OK,3,1,,,0,2.5858,2.32827,,20,3,1
2529,PSCCH,FAIL,14,17,,,1,0.170578,0.149037,decoded_overlap,20,3,1
2532,PSCCH,FAIL,5,1,,,1,0.0318864,0.0318094,decoded_overlap,20,3,1
2534,PSCCH,FAIL,14,17,,,0.687838,0.749208,0.686307,error_model,20,3,1
2537,PSCCH,FAIL,5,1,,,1,0.14452,0.141073,error_model,20,3,1
2539,PSCCH,FAIL,3,1,,,1,0.111239,0.0997475,error_model,20,3,1
2541,PSCCH,OK,5,1,,,0,28.2153,25.1612,,20,3,1
2543,PSCCH,FAIL,14,17,,,1,0.0327191,0.0307768,decoded_overlap,20,3,1
2546,PSCCH,FAIL,3,1,,,1,0.00062052,0.00061024,decoded_overlap,20,3,1
2548,PSCCH,FAIL,5,1,,,0.967105,0.662249,0.645583,error_model,20,3,1
2551,PSCCH,FAIL,3,1,,,1,0.236783,0.232735,error_model,20,3,1
2553,PSCCH,FAIL,14,17,,,1,0.0755161,0.0735333,error_model,20,3,1
2556,PSCCH,FAIL,5,1,,,1,0.422791,0.409883,decoded_overlap,20,3,1
2558,PSCCH,FAIL,3,1,,,1,0.372559,0.361448,decoded_overlap,20,3,1
2560,PSCCH,FAIL,14,17,,,1,0.00638946,0.00256944,decoded_overlap,20,3,1
2562,PSCCH,OK,5,1,,,0,1.66097,1.26391,,20,3,1
2565,PSCCH,FAIL,14,17,,,1,0.127384,0.111196,decoded_overlap,20,3,1
2567,PSCCH,FAIL,3,1,,,1,0.0185306,0.0162553,decoded_overlap,20,3,1
2569,PSCCH,OK,3,1,,,0.125375,1.10309,1.08359,,20,3,1
2571,PSCCH,FAIL,14,17,,,0.967105,0.557391,0.533046,decoded_overlap,20,3,1
2574,PSCCH,FAIL,5,1,,,1,0.00110427,0.00104631,decoded_overlap,20,3,1
2576,PSSCH,FAIL,3,1,6,4069,1,1.05479,0.446897,decode_fail,,,
2622,PSSCH,OK,13,,,,,,,,,,
2672,PSSCH,FAIL,12,1,1,2083,1,480.951,5.30889,decode_fail,,,
2674,PSSCH,FAIL,19,16,7,2275,1,6915.32,6.80714,decode_fail,,,
2680,PSCCH,OK,3,1,,,0,2.88559,2.87524,,20,5,0
2682,PSCCH,FAIL,4,1,,,1,0.122059,0.115529,decoded_overlap,20,5,0
2684,PSCCH,FAIL,20,2,,,1,0.0919661,0.0862968,decoded_overlap,20,5,0
2686,PSCCH,FAIL,16,1,,,1,0.0687988,0.0684631,decoded_overlap,20,5,0
2688,PSCCH,FAIL,20,2,,,0.125375,0.904549,0.823371,error_model,20,5,0
2690,PSCCH,FAIL,4,1,,,1,0.312642,0.297572,error_model,20,5,0
2692,PSCCH,FAIL,3,1,,,1,0.302277,0.296791,error_model,20,5,0
2694,PSCCH,FAIL,16,1,,,1,0.0585043,0.0405404,error_model,20,5,0
2696,PSCCH,OK,16,1,,,0,6.19155,4.85598,,20,5,0
2698,PSCCH,FAIL,20,2,,,1,0.139173,0.0937237,decoded_overlap,20,5,0
2700,PSCCH,FAIL,4,1,,,1,0.0206639,0.0195611,decoded_overlap,20,5,0
2702,PSCCH,FAIL,3,1,,,1,0.000523133,0.000509463,decoded_overlap,20,5,0
2704,PSCCH,OK,3,1,,,0.0015,1.15038,0.946045,,20,5,0
2706,PSCCH,FAIL,4,1,,,1,0.378914,0.316746,decoded_overlap,20,5,0
2708,PSCCH,FAIL,16,1,,,1,0.187177,0.160879,decoded_overlap,20,5,0
2710,PSCCH,FAIL,20,2,,,1,0.0368167,0.0343619,decoded_overlap,20,5,0
2712,PSCCH,OK,4,1,,,0,1.74547,1.72938,,20,5,0
2714,PSCCH,FAIL,20,2,,,1,0.549368,0.544475,decoded_overlap,20,5,0
2716,PSCCH,FAIL,16,1,,,1,0.00829596,0.00818997,decoded_overlap,20,5,0
2718,PSCCH,FAIL,3,1,,,1,0.00142427,0.00133624,decoded_overlap,20,5,0
2720,PSCCH,OK,4,1,,,0,4.21047,3.88331,,20,5,0
2722,PSCCH,FAIL,20,2,,,1,0.0991508,0.082157,decoded_overlap,20,5,0
2724,PSCCH,FAIL,3,1,,,1,0.088691,0.0855576,decoded_overlap,20,5,0
2726,PSCCH,FAIL,16,1,,,1,0.0210736,0.0196394,decoded_overlap,20,5,0
2728,PSCCH,OK,3,1,,,0.0015,1.29707,1.14279,,20,5,0
2730,PSCCH,FAIL,16,1,,,0.967105,0.582226,0.495553,decoded_overlap,20,5,0
2732,PSCCH,FAIL,20,2,,,1,0.0364186,0.0337451,decoded_overlap,20,5,0
2734,PSCCH,FAIL,4,1,,,1,0.0351363,0.0324066,decoded_overlap,20,5,0
2736,PSCCH,FAIL,4,1,,,0.967105,0.562509,0.5548,error_model,20,5,0
2738,PSCCH,FAIL,3,1,,,1,0.35394,0.336122,error_model,20,5,0
2740,PSCCH,FAIL,16,1,,,1,0.310681,0.30187,error_model,20,5,0
2742,PSCCH,FAIL,20,2,,,1,0.164949,0.164346,error_model,20,5,0
2744,PSCCH,OK,20,2,,,0,2.27439,2.23595,,20,5,0
2746,PSCCH,FAIL,3,1,,,1,0.315964,0.310534,decoded_overlap,20,5,0
2748,PSCCH,FAIL,4,1,,,1,0.0417572,0.0405689,decoded_overlap,20,5,0
2750,PSCCH,FAIL,16,1,,,1,0.0258792,0.0258347,decoded_overlap,20,5,0
2752,PSCCH,OK,4,1,,,0,1.57098,1.28436,,20,5,0
2754,PSCCH,FAIL,3,1,,,1,0.253909,0.139548,decoded_overlap,20,5,0
2756,PSCCH,FAIL,16,1,,,1,0.235062,0.214774,decoded_overlap,20,5,0
2758,PSCCH,FAIL,20,2,,,1,0.00218855,0.00216794,decoded_overlap,20,5,0
2760,PSCCH,OK,4,1,,,0,2.2856,2.05508,,20,5,0
2762,PSCCH,FAIL,20,2,,,1,0.316119,0.276263,decoded_overlap,20,5,0
2764,PSCCH,FAIL,16,1,,,1,0.0386127,0.0349069,decoded_overlap,20,5,0
2766,PSCCH,FAIL,3,1,,,1,0.0287522,0.0271305,decoded_overlap,20,5,0
2768,PSCCH,OK,16,1,,,0.687838,0.819349,0.67036,,20,5,0
2770,PSCCH,FAIL,3,1,,,1,0.323572,0.255714,decoded_overlap,20,5,0
2772,PSCCH,FAIL,20,2,,,1,0.255011,0.224551,decoded_overlap,20,5,0
2774,PSCCH,FAIL,4,1,,,1,0.11705,0.0914048,decoded_overlap,20,5,0
2776,PSCCH,FAIL,4,1,,,0.125375,1.00554,0.917536,error_model,20,5,0
2778,PSCCH,FAIL,3,1,,,0.687838,0.746889,0.640118,error_model,20,5,0
2780,PSCCH,FAIL,20,2,,,1,0.0779697,0.061777,error_model,20,5,0
2782,PSCCH,FAIL,16,1,,,1,9.50703e-05,5.92786e-05,error_model,20,5,0
2784,PSCCH,OK,3,1,,,0.125375,1.1087,1.1033,,20,5,0
2786,PSCCH,FAIL,20,2,,,1,0.471865,0.461888,decoded_overlap,20,5,0
2788,PSCCH,FAIL,4,1,,,1,0.166922,0.163629,decoded_overlap,20,5,0
2790,PSCCH,FAIL,16,1,,,1,0.0107199,0.00989862,decoded_overlap,20,5,0
2792,PSCCH,FAIL,20,2,,,0.687838,0.806389,0.80364,error_model,20,5,0
2794,PSCCH,FAIL,16,1,,,1,0.355585,0.348416,error_model,20,5,0
2796,PSCCH,FAIL,4,1,,,1,0.243803,0.232501,error_model,20,5,0
2798,PSCCH,FAIL,3,1,,,1,0.105334,0.100585,error_model,20,5,0
2800,PSCCH,OK,16,1,,,0.125375,1.08638,0.999815,,20,5,0
2802,PSCCH,FAIL,3,1,,,0.967105,0.587702,0.550973,decoded_overlap,20,5,0
2804,PSCCH,FAIL,20,2,,,1,0.101582,0.0971303,decoded_overlap,20,5,0
2806,PSCCH,FAIL,4,1,,,1,0.0177296,0.0166158,decoded_overlap,20,5,0
2808,PSCCH,OK,3,1,,,0,14.4503,14.2234,,20,5,0
2810,PSCCH,FAIL,16,1,,,1,0.0471027,0.0460956,decoded_overlap,20,5,0
2812,PSCCH,FAIL,4,1,,,1,0.0183482,0.0173435,decoded_overlap,20,5,0
2814,PSCCH,FAIL,20,2,,,1,0.00173948,0.00169954,decoded_overlap,20,5,0
2816,PSSCH,FAIL,3,1,8,4069,1,3.57036,2.86462,decode_fail,,,
2823,PSCCH,OK,19,1,,,0,2403.77,2392.82,,20,5,1
2827,PSCCH,OK,19,1,,,0,27109.5,27102,,20,5,1
2831,PSCCH,OK,19,1,,,0,7050.88,6697.27,,20,5,1
2835,PSCCH,OK,19,1,,,0,287205,265176,,20,5,1
2839,PSCCH,OK,19,1,,,0,1231.56,906.296,,20,5,1
2843,PSCCH,OK,19,1,,,0,2019.16,1869.71,,20,5,1
2847,PSCCH,OK,19,1,,,0,3352.9,2719.98,,20,5,1
2851,PSCCH,OK,19,1,,,0,225224,192884,,20,5,1
2855,PSCCH,OK,19,1,,,0,99212.4,95362.2,,20,5,1
2859,PSCCH,OK,19,1,,,0,6427.99,6337.34,,20,5,1
2863,PSCCH,OK,19,1,,,0,5086.92,5025.25,,20,5,1
2867,PSCCH,OK,19,1,,,0,12891.1,11143.5,,20,5,1
2871,PSCCH,OK,19,1,,,0,18676.7,16101.2,,20,5,1
2875,PSCCH,OK,19,1,,,0,246895,243144,,20,5,1
2879,PSCCH,OK,19,1,,,0,103805,90819,,20,5,1
2883,PSCCH,OK,19,1,,,0,1910.08,1876.83,,20,5,1
2887,PSCCH,OK,19,1,,,0,68966.4,68549.9,,20,5,1
2891,PSCCH,OK,19,1,,,0,8286.1,7172.57,,20,5,1
2895,PSSCH,FAIL,19,1,8,4069,1,122.757,0.0105967,decode_fail,,,
2899,PSCCH,OK,2,1,,,0,3.93766,3.76949,,20,6,0
2901,PSCCH,FAIL,14,17,,,1,0.16508,0.15507,decoded_overlap,20,6,0
2903,PSCCH,FAIL,16,1,,,1,0.0649385,0.0632385,decoded_overlap,20,6,0
2906,PSCCH,OK,14,17,,,0.125375,1.01533,0.887358,,20,6,0
2908,PSCCH,FAIL,2,1,,,0.125375,0.936217,0.850536,decoded_overlap,20,6,0
2910,PSCCH,FAIL,16,1,,,1,0.0141622,0.014032,decoded_overlap,20,6,0
2913,PSCCH,OK,16,1,,,0.125375,0.918928,0.600372,,20,6,0
2915,PSCCH,FAIL,2,1,,,0.967105,0.665675,0.433138,decoded_overlap,20,6,0
2917,PSCCH,FAIL,14,17,,,1,0.155362,0.150785,decoded_overlap,20,6,0
2920,PSCCH,OK,16,1,,,0,9.18203,9.13468,,20,6,0
2922,PSCCH,FAIL,2,1,,,1,0.0993099,0.0984295,decoded_overlap,20,6,0
2924,PSCCH,FAIL,14,17,,,1,0.00793911,0.00631278,decoded_overlap,20,6,0
2927,PSCCH,OK,14,17,,,0.0015,1.28577,1.19538,,20,6,0
2929,PSCCH,FAIL,2,1,,,1,0.288598,0.280345,decoded_overlap,20,6,0
2931,PSCCH,FAIL,16,1,,,1,0.272106,0.252264,decoded_overlap,20,6,0
2934,PSCCH,OK,16,1,,,0,3.13914,2.62366,,20,6,0
2936,PSCCH,FAIL,14,17,,,1,0.177936,0.0783689,decoded_overlap,20,6,0
2938,PSCCH,FAIL,2,1,,,1,0.106155,0.0561335,decoded_overlap,20,6,0
2941,PSCCH,OK,2,1,,,0,8.66768,8.6166,,20,6,0
2943,PSCCH,FAIL,16,1,,,1,0.113704,0.113181,decoded_overlap,20,6,0
2945,PSCCH,FAIL,14,17,,,1,0.00133018,0.00119059,decoded_overlap,20,6,0
2948,PSCCH,OK,14,17,,,0,6.64675,6.50241,,20,6,0
2950,PSCCH,FAIL,16,1,,,1,0.142051,0.135567,decoded_overlap,20,6,0
2952,PSCCH,FAIL,2,1,,,1,0.00649009,0.00638636,decoded_overlap,20,6,0
2955,PSCCH,OK,14,17,,,0,7.49427,7.29931,,20,6,0
2957,PSCCH,FAIL,16,1,,,1,0.0895859,0.0875709,decoded_overlap,20,6,0
2959,PSCCH,FAIL,2,1,,,1,0.0368256,0.0367859,decoded_overlap,20,6,0
2962,PSCCH,OK,14,17,,,0,7.86362,7.66652,,20,6,0
2964,PSCCH,FAIL,2,1,,,1,0.072156,0.0715057,decoded_overlap,20,6,0
2966,PSCCH,FAIL,16,1,,,1,0.0476896,0.0462247,decoded_overlap,20,6,0
2969,PSCCH,FAIL,2,1,,,0.687838,0.804581,0.746045,error_model,20,6,0
2971,PSCCH,FAIL,14,17,,,0.967105,0.671787,0.613917,error_model,20,6,0
2973,PSCCH,FAIL,16,1,,,1,0.180445,0.177305,error_model,20,6,0
2976,PSCCH,OK,2,1,,,0,4.59864,4.53478,,20,6,0
2978,PSCCH,FAIL,16,1,,,1,0.138704,0.135263,decoded_overlap,20,6,0
2980,PSCCH,FAIL,14,17,,,1,0.0602406,0.0599351,decoded_overlap,20,6,0
2983,PSCCH,OK,14,17,,,0,23.0546,22.3312,,20,6,0
2985,PSCCH,FAIL,16,1,,,1,0.0354442,0.0340004,decoded_overlap,20,6,0
2987,PSCCH,FAIL,2,1,,,1,0.00739922,0.00694974,decoded_overlap,20,6,0
2990,PSCCH,OK,14,17,,,0,5.47415,4.67545,,20,6,0
2992,PSCCH,FAIL,2,1,,,1,0.144856,0.125067,decoded_overlap,20,6,0
2994,PSCCH,FAIL,16,1,,,1,0.0300662,0.0242612,decoded_overlap,20,6,0
2997,PSCCH,OK,16,1,,,0,1.62105,1.49254,,20,6,0
2999,PSCCH,FAIL,2,1,,,0.967105,0.56344,0.504884,decoded_overlap,20,6,0
3001,PSCCH,FAIL,14,17,,,1,0.0223845,0.0199624,decoded_overlap,20,6,0
3004,PSCCH,OK,16,1,,,0,1.75905,1.49835,,20,6,0
3006,PSCCH,FAIL,14,17,,,1,0.444693,0.351885,decoded_overlap,20,6,0
3008,PSCCH,FAIL,2,1,,,1,0.0610207,0.0567876,decoded_overlap,20,6,0
3011,PSCCH,OK,14,17,,,0,4.41018,4.35146,,20,6,0
3013,PSCCH,FAIL,2,1,,,1,0.102764,0.0989817,decoded_overlap,20,6,0
3015,PSCCH,FAIL,16,1,,,1,0.100924,0.0954811,decoded_overlap,20,6,0
3017,PSSCH,FAIL,2,1,6,4069,1,7.27492,3.77106,decode_fail,,,
3021,PSSCH,FAIL,14,17,15,4069,1,2.6305,0.568587,decode_fail,,,
3024,PSCCH,FAIL,3,1,,,1,0.346662,0.323282,decoded_overlap,20,6,1
3027,PSCCH,FAIL,5,1,,,1,0.0939628,0.093047,decoded_overlap,20,6,1
3029,PSCCH,FAIL,19,1,,,1,0.00773405,0.00758488,decoded_overlap,20,6,1
3031,PSCCH,OK,5,1,,,0.125375,0.969564,0.966914,,20,6,1
3033,PSCCH,FAIL,3,1,,,1,0.43576,0.433678,decoded_overlap,20,6,1
3037,PSCCH,FAIL,19,1,,,1,0.0138941,0.0135713,decoded_overlap,20,6,1
3040,PSCCH,FAIL,3,1,,,1,0.336641,0.303191,decoded_overlap,20,6,1
3043,PSCCH,FAIL,5,1,,,1,0.0143274,0.0128433,decoded_overlap,20,6,1
3045,PSCCH,FAIL,19,1,,,1,0.00633373,0.00358562,decoded_overlap,20,6,1
3049,PSCCH,FAIL,19,1,,,1,0.0313669,0.0306828,decoded_overlap,20,6,1
3051,PSCCH,FAIL,3,1,,,1,0.0117174,0.0111989,decoded_overlap,20,6,1
3053,PSCCH,FAIL,5,1,,,1,0.00424625,0.00415219,decoded_overlap,20,6,1
3056,PSCCH,FAIL,5,1,,,1,0.166133,0.152254,decoded_overlap,20,6,1
3058,PSCCH,FAIL,3,1,,,1,0.123443,0.118025,decoded_overlap,20,6,1
3061,PSCCH,FAIL,19,1,,,1,0.0703587,0.0533535,decoded_overlap,20,6,1
3063,PSCCH,OK,19,1,,,0,4.1332,4.01556,,20,6,1
3066,PSCCH,FAIL,3,1,,,1,0.024922,0.0237625,decoded_overlap,20,6,1
3068,PSCCH,FAIL,5,1,,,1,0.00741299,0.00728717,decoded_overlap,20,6,1
3072,PSCCH,FAIL,19,1,,,1,0.234614,0.1372,decoded_overlap,20,6,1
3074,PSCCH,FAIL,5,1,,,1,0.214407,0.157827,decoded_overlap,20,6,1
3076,PSCCH,FAIL,3,1,,,1,0.0869572,0.084271,decoded_overlap,20,6,1
3079,PSCCH,FAIL,19,1,,,1,0.439746,0.430496,error_model,20,6,1
3081,PSCCH,FAIL,3,1,,,1,0.431984,0.423283,error_model,20,6,1
3083,PSCCH,FAIL,5,1,,,1,0.309471,0.306071,error_model,20,6,1
3089,PSCCH,FAIL,5,1,,,1,0.0564485,0.0548212,decoded_overlap,20,6,1
3091,PSCCH,FAIL,3,1,,,1,0.0434926,0.0221918,decoded_overlap,20,6,1
3093,PSCCH,FAIL,19,1,,,1,0.0386786,0.037156,decoded_overlap,20,6,1
3097,PSCCH,FAIL,3,1,,,1,0.0691024,0.0594797,decoded_overlap,20,6,1
3099,PSCCH,FAIL,19,1,,,1,0.0557209,0.0509579,decoded_overlap,20,6,1
3101,PSCCH,FAIL,5,1,,,1,0.00707243,0.00699058,decoded_overlap,20,6,1
3104,PSCCH,FAIL,19,1,,,1,0.455299,0.447503,decoded_overlap,20,6,1
3106,PSCCH,FAIL,3,1,,,1,0.108858,0.104173,decoded_overlap,20,6,1
3108,PSCCH,FAIL,5,1,,,1,0.0481492,0.033553,decoded_overlap,20,6,1
3111,PSCCH,OK,19,1,,,0.687838,0.747177,0.683854,,20,6,1
3113,PSCCH,FAIL,5,1,,,1,0.26484,0.254597,decoded_overlap,20,6,1
3116,PSCCH,FAIL,3,1,,,1,0.208828,0.192854,decoded_overlap,20,6,1
3119,PSCCH,OK,5,1,,,0,2.63789,2.39383,,20,6,1
3121,PSCCH,FAIL,19,1,,,1,0.242742,0.220541,decoded_overlap,20,6,1
3125,PSCCH,FAIL,3,1,,,1,0.00345766,0.00344156,decoded_overlap,20,6,1
3127,PSCCH,FAIL,3,1,,,0.967105,0.66539,0.540488,error_model,20,6,1
3130,PSCCH,FAIL,19,1,,,1,0.311633,0.249773,error_model,20,6,1
3133,PSCCH,FAIL,5,1,,,1,0.00178449,0.00108821,error_model,20,6,1
3135,PSCCH,OK,5,1,,,0,1.46382,1.32421,,20,6,1
3139,PSCCH,FAIL,3,1,,,1,0.0721305,0.0665785,decoded_overlap,20,6,1
3141,PSCCH,FAIL,19,1,,,1,0.050766,0.0466583,decoded_overlap,20,6,1
3143,PSCCH,OK,5,1,,,0,1.48262,1.35654,,20,6,1
3146,PSCCH,FAIL,19,1,,,1,0.132633,0.129388,decoded_overlap,20,6,1
3149,PSCCH,FAIL,3,1,,,1,0.00289305,0.00266994,decoded_overlap,20,6,1
3151,PSSCH,FAIL,2,1,7,2083,1,1.89775,1.12453,decode_fail,,,
3155,PSCCH,OK,4,1,,,0,13289.6,12677,,20,7,0
3157,PSCCH,OK,4,1,,,0,80937.9,75416.7,,20,7,0
3159,PSCCH,OK,4,1,,,0,189842,179464,,20,7,0
3161,PSCCH,OK,4,1,,,0,55933.1,55029.4,,20,7,0
3163,PSCCH,OK,4,1,,,0,47652.1,43748.6,,20,7,0
3165,PSCCH,OK,4,1,,,0,22509.6,22474.4,,20,7,0
3167,PSCCH,OK,4,1,,,0,94082.1,93061.1,,20,7,0
3169,PSCCH,OK,4,1,,,0,12602.8,11865.1,,20,7,0
3171,PSCCH,OK,4,1,,,0,15840,15470.4,,20,7,0
3173,PSCCH,OK,4,1,,,0,3191.55,3126.03,,20,7,0
3175,PSCCH,OK,4,1,,,0,77958.7,77466.1,,20,7,0
3177,PSCCH,OK,4,1,,,0,556893,544252,,20,7,0
3179,PSCCH,OK,4,1,,,0,28248.1,22279.1,,20,7,0
3181,PSCCH,OK,4,1,,,0,4565.31,3162.17,,20,7,0
3183,PSCCH,OK,4,1,,,0,262471,253690,,20,7,0
3185,PSCCH,OK,4,1,,,0,53544.5,52759.9,,20,7,0
3187,PSCCH,OK,4,1,,,0,12169.2,12044.2,,20,7,0
3189,PSCCH,OK,4,1,,,0,12138.9,11632.5,,20,7,0
3191,PSCCH,OK,4,1,,,0,312100,226717,,20,7,0
3193,PSCCH,OK,4,1,,,0,23057,22019.6,,20,7,0
3195,PSSCH,OK,4,1,4,4069,0,680.165,32.4057,,,,
3244,PSSCH,FAIL,4,1,5,2083,1,710.279,0.0500216,decode_fail,,,
3268,PSSCH,OK,14,17,1,1060,0,100179,60082.8,,,,
3313,PSSCH,FAIL,16,1,9,2083,1,1151.36,0.77054,decode_fail,,,
3315,PSSCH,FAIL,3,1,10,2083,1,2506.94,1.17266,decode_fail,,,
3317,PSCCH,OK,5,1,,,0,16985.7,16762.6,,21,1,0
3320,PSCCH,OK,5,1,,,0,51604.7,45464.3,,21,1,0
3324,PSCCH,OK,5,1,,,0,2757.67,2650.51,,21,1,0
3326,PSCCH,OK,5,1,,,0,182418,172379,,21,1,0
3330,PSCCH,OK,5,1,,,0,6929.67,6899.64,,21,1,0
3332,PSCCH,OK,5,1,,,0,5446.22,5309.3,,21,1,0
3335,PSCCH,OK,5,1,,,0,10191.7,9284.56,,21,1,0
3339,PSCCH,OK,5,1,,,0,18409.7,18329.5,,21,1,0
3342,PSCCH,OK,5,1,,,0,10654.1,9501.1,,21,1,0
3344,PSCCH,OK,5,1,,,0,16971.9,16889,,21,1,0
3347,PSCCH,OK,5,1,,,0,12666.7,12657.4,,21,1,0
3351,PSCCH,OK,5,1,,,0,9639.5,9363.62,,21,1,0
3354,PSCCH,OK,5,1,,,0,2684.83,1517.02,,21,1,0
3357,PSCCH,OK,5,1,,,0,13700.7,13527.8,,21,1,0
3359,PSCCH,OK,5,1,,,0,915487,831938,,21,1,0
3363,PSCCH,OK,5,1,,,0,5338.49,2863.89,,21,1,0
3365,PSCCH,OK,5,1,,,0,27599.6,23305,,21,1,0
3368,PSCCH,OK,5,1,,,0,365254,323092,,21,1,0
3371,PSCCH,OK,5,1,,,0,10654.2,10382.7,,21,1,0
3376,PSSCH,FAIL,5,1,10,4069,1,699.791,2.77751,decode_fail,,,
3399,PSSCH,OK,5,1,11,2083,0,3641.64,3295.79,,,,
3424,PSSCH,OK,21,12,9,4,0,48126.6,38470.9,,,,
3447,PSSCH,OK,20,2,9,4,0,83702.3,77515.4,,,,
3471,PSSCH,OK,14,17,4,8,0,315997,278503,,,,
3587,PSCCH,OK,20,1,,,0,10291.3,9618.22,,30,1,0
3589,PSCCH,OK,20,1,,,0,161202,155072,,30,1,0
3591,PSCCH,OK,20,1,,,0,2872.61,2598.52,,30,1,0
3593,PSCCH,OK,20,1,,,0,312100,226717,,30,1,0
3595,PSCCH,OK,20,1,,,0,113950,84830.9,,30,1,0
3597,PSCCH,OK,20,1,,,0,6186.28,5648.41,,30,1,0
3599,PSCCH,OK,20,1,,,0,16585.7,16548.5,,30,1,0
3601,PSCCH,OK,20,1,,,0,37995,36802.7,,30,1,0
3603,PSCCH,OK,20,1,,,0,11213.2,11041.3,,30,1,0
3605,PSCCH,OK,20,1,,,0,8977.81,8880.51,,30,1,0
3607,PSCCH,OK,20,1,,,0,14570.3,14154.7,,30,1,0
3609,PSCCH,OK,20,1,,,0,1939.31,1767.96,,30,1,0
3611,PSCCH,OK,20,1,,,0,852365,839017,,30,1,0
3613,PSCCH,OK,20,1,,,0,54861,48746.9,,30,1,0
3615,PSCCH,OK,20,1,,,0,30475.6,29314,,30,1,0
3617,PSCCH,OK,20,1,,,0,347163,327900,,30,1,0
3619,PSCCH,OK,20,1,,,0,120004,117807,,30,1,0
3621,PSCCH,OK,20,1,,,0,32931.8,32808.9,,30,1,0
3623,PSCCH,OK,20,1,,,0,78068.8,77534.8,,30,1,0
3625,PSCCH,OK,20,1,,,0,5771.72,5691.13,,30,1,0
3627,PSSCH,OK,20,1,11,4069,0,552.142,316.351,,,,
3632,PSCCH,OK,2,1,,,0,98441.3,97697.9,,30,1,1
3635,PSCCH,OK,2,1,,,0,75019.7,74966.8,,30,1,1
3638,PSCCH,OK,2,1,,,0,80937.9,75416.7,,30,1,1
3641,PSCCH,OK,2,1,,,0,57305.6,54628.3,,30,1,1
3645,PSCCH,OK,2,1,,,0,41048.9,39752.5,,30,1,1
3647,PSCCH,OK,2,1,,,0,7592.59,7202.18,,30,1,1
3650,PSCCH,OK,2,1,,,0,53659.7,53209.2,,30,1,1
3654,PSCCH,OK,2,1,,,0,5535.41,5255.08,,30,1,1
3657,PSCCH,OK,2,1,,,0,5064.12,5046.35,,30,1,1
3660,PSCCH,OK,2,1,,,0,4828.64,4735.8,,30,1,1
3662,PSCCH,OK,2,1,,,0,74789.7,72767.6,,30,1,1
3665,PSCCH,OK,2,1,,,0,198396,181181,,30,1,1
3669,PSCCH,OK,2,1,,,0,239.628,236.736,,30,1,1
3672,PSCCH,OK,2,1,,,0,28431.1,26637.7,,30,1,1
3675,PSCCH,OK,2,1,,,0,20187.8,19630.1,,30,1,1
3677,PSCCH,OK,2,1,,,0,5849.84,5125.72,,30,1,1
3681,PSCCH,OK,2,1,,,0,23016.5,23008.8,,30,1,1
3683,PSCCH,OK,2,1,,,0,161202,155072,,30,1,1
3687,PSCCH,OK,2,1,,,0,56246.1,56091.1,,30,1,1
3697,PSSCH,FAIL,2,1,9,4069,1,9816.46,3.67057,decode_fail,,,
3704,PSCCH,OK,2,1,,,0,2.70127,2.55468,,30,2,0
3707,PSCCH,FAIL,14,17,,,1,0.136119,0.121065,decoded_overlap,30,2,0
3709,PSCCH,OK,2,1,,,0,1.87685,1.84761,,30,2,0
3711,PSCCH,FAIL,14,17,,,1,0.524158,0.516352,decoded_overlap,30,2,0
3714,PSCCH,OK,2,1,,,0.125375,1.01394,0.895393,,30,2,0
3717,PSCCH,FAIL,14,17,,,1,0.109235,0.108205,decoded_overlap,30,2,0
3719,PSCCH,OK,14,17,,,0.0015,1.37632,1.34977,,30,2,0
3721,PSCCH,FAIL,2,1,,,0.967105,0.632403,0.630196,decoded_overlap,30,2,0
3724,PSCCH,OK,2,1,,,0,1.78849,1.74439,,30,2,0
3727,PSCCH,FAIL,14,17,,,1,0.137202,0.132789,decoded_overlap,30,2,0
3729,PSCCH,OK,2,1,,,0,4.33626,4.28397,,30,2,0
3732,PSCCH,FAIL,14,17,,,1,0.0401631,0.0375045,decoded_overlap,30,2,0
3734,PSCCH,OK,14,17,,,0,74.3002,67.8716,,30,2,0
3737,PSCCH,FAIL,2,1,,,1,0.00271383,0.00259002,decoded_overlap,30,2,0
3739,PSCCH,OK,14,17,,,0,6.51008,5.90232,,30,2,0
3742,PSCCH,FAIL,2,1,,,1,0.0378085,0.0374713,decoded_overlap,30,2,0
3745,PSCCH,FAIL,14,17,,,0.967105,0.637664,0.636466,decoded_overlap,30,2,0
3747,PSCCH,FAIL,2,1,,,1,0.145384,0.144831,decoded_overlap,30,2,0
3749,PSCCH,OK,2,1,,,0.0015,1.19705,1.11758,,30,2,0
3751,PSCCH,FAIL,14,17,,,1,0.545886,0.479812,decoded_overlap,30,2,0
3754,PSCCH,OK,2,1,,,0,13.029,11.3408,,30,2,0
3756,PSCCH,FAIL,14,17,,,1,0.075724,0.0656861,decoded_overlap,30,2,0
3759,PSCCH,OK,14,17,,,0,2.52068,2.04989,,30,2,0
3762,PSCCH,FAIL,2,1,,,1,0.000705643,0.000540374,decoded_overlap,30,2,0
3765,PSCCH,FAIL,14,17,,,1,0.114858,0.0836112,decoded_overlap,30,2,0
3767,PSCCH,FAIL,2,1,,,1,0.0374567,0.0299382,decoded_overlap,30,2,0
3769,PSCCH,OK,14,17,,,0,20.1814,18.9493,,30,2,0
3771,PSCCH,FAIL,2,1,,,1,0.0295019,0.0290905,decoded_overlap,30,2,0
3775,PSCCH,FAIL,2,1,,,1,0.138114,0.0879102,decoded_overlap,30,2,0
3777,PSCCH,FAIL,14,17,,,1,0.00745584,0.00620202,decoded_overlap,30,2,0
3779,PSCCH,OK,14,17,,,0.0015,1.25138,1.07262,,30,2,0
3782,PSCCH,FAIL,2,1,,,1,0.0459799,0.0457106,decoded_overlap,30,2,0
3785,PSCCH,FAIL,2,1,,,1,0.396048,0.340047,decoded_overlap,30,2,0
3787,PSCCH,FAIL,14,17,,,1,0.170222,0.156403,decoded_overlap,30,2,0
3789,PSCCH,OK,14,17,,,0,6.79094,6.37482,,30,2,0
3791,PSCCH,FAIL,2,1,,,1,0.130837,0.1229,decoded_overlap,30,2,0
3794,PSSCH,FAIL,2,1,10,4069,1,11.814,3.41389,decode_fail,,,
3796,PSSCH,FAIL,5,16,12,3446,1,15.2399,4.47545,decode_fail,,,
3798,PSSCH,FAIL,14,17,0,4069,1,12.5763,4.64883,decode_fail,,,
3805,PSCCH,OK,16,1,,,0,1.50609,1.42726,,30,2,1
3807,PSCCH,FAIL,20,2,,,0.967105,0.664989,0.61646,decoded_overlap,30,2,1
3810,PSCCH,OK,20,2,,,0,1.62292,1.54046,,30,2,1
3812,PSCCH,FAIL,16,1,,,0.967105,0.61674,0.588566,decoded_overlap,30,2,1
3815,PSCCH,OK,20,2,,,0,4.36266,3.24325,,30,2,1
3817,PSCCH,FAIL,16,1,,,1,0.234579,0.194521,decoded_overlap,30,2,1
3820,PSCCH,OK,16,1,,,0.125375,1.06877,0.771104,,30,2,1
3822,PSCCH,FAIL,20,2,,,0.125375,0.97481,0.706263,decoded_overlap,30,2,1
3825,PSCCH,OK,20,2,,,0,3.92942,3.49351,,30,2,1
3827,PSCCH,FAIL,16,1,,,1,0.25614,0.225418,decoded_overlap,30,2,1
3830,PSCCH,OK,16,1,,,0,3.35833,3.05086,,30,2,1
3832,PSCCH,FAIL,20,2,,,1,0.29886,0.269795,decoded_overlap,30,2,1
3835,PSCCH,OK,20,2,,,0,8.64668,7.27489,,30,2,1
3837,PSCCH,FAIL,16,1,,,1,0.116986,0.0972867,decoded_overlap,30,2,1
3840,PSCCH,OK,20,2,,,0,29.4245,25.4962,,30,2,1
3842,PSCCH,FAIL,16,1,,,1,0.0341933,0.0300599,decoded_overlap,30,2,1
3845,PSCCH,OK,16,1,,,0,2.39495,2.35303,,30,2,1
3847,PSCCH,FAIL,20,2,,,1,0.417504,0.411384,decoded_overlap,30,2,1
3850,PSCCH,OK,20,2,,,0,14.5,13.7315,,30,2,1
3852,PSCCH,FAIL,16,1,,,1,0.0689753,0.0661255,decoded_overlap,30,2,1
3855,PSCCH,OK,16,1,,,0,22.7306,18.3483,,30,2,1
3857,PSCCH,FAIL,20,2,,,1,0.0447279,0.0359822,decoded_overlap,30,2,1
3860,PSCCH,OK,20,2,,,0,10.5267,9.89266,,30,2,1
3862,PSCCH,FAIL,16,1,,,1,0.0951462,0.0892008,decoded_overlap,30,2,1
3865,PSCCH,OK,20,2,,,0.125375,1.04366,0.908018,,30,2,1
3867,PSCCH,FAIL,16,1,,,0.125375,0.963771,0.868692,decoded_overlap,30,2,1
3870,PSCCH,OK,20,2,,,0,6.84465,6.10709,,30,2,1
3872,PSCCH,FAIL,16,1,,,1,0.146729,0.131136,decoded_overlap,30,2,1
3875,PSCCH,OK,20,2,,,0,19.2866,18.9116,,30,2,1
3877,PSCCH,FAIL,16,1,,,1,0.0518479,0.0509566,decoded_overlap,30,2,1
3880,PSCCH,OK,20,2,,,0,5.73121,5.47469,,30,2,1
3882,PSCCH,FAIL,16,1,,,1,0.174612,0.166036,decoded_overlap,30,2,1
3885,PSCCH,OK,16,1,,,0,3.09367,3.05331,,30,2,1
3887,PSCCH,FAIL,20,2,,,1,0.32326,0.318642,decoded_overlap,30,2,1
3890,PSCCH,OK,16,1,,,0,8.9233,8.04862,,30,2,1
3892,PSCCH,FAIL,20,2,,,1,0.112486,0.101997,decoded_overlap,30,2,1
3894,PSSCH,FAIL,16,1,11,4069,1,0.993298,0.394889,decode_fail,,,
3896,PSSCH,FAIL,9,1,2,2083,1,1.2798,1.0667,decode_fail,,,
3898,PSSCH,FAIL,20,2,10,4069,1,1.49266,0.610279,decode_fail,,,
3907,PSCCH,FAIL,14,17,,,1,0.175338,0.15179,error_model,30,3,0
3909,PSCCH,FAIL,4,1,,,1,0.139513,0.133432,error_model,30,3,0
3912,PSCCH,OK,4,1,,,0,2.30737,2.24344,,30,3,0
3915,PSCCH,FAIL,14,17,,,1,0.0809414,0.0679236,decoded_overlap,30,3,0
3920,PSCCH,FAIL,4,1,,,1,0.0678683,0.0673539,decoded_overlap,30,3,0
3923,PSCCH,FAIL,14,17,,,1,0.0345692,0.0337566,decoded_overlap,30,3,0
3926,PSCCH,OK,4,1,,,0,8.42241,6.83449,,30,3,0
3928,PSCCH,FAIL,14,17,,,1,0.102509,0.0916022,decoded_overlap,30,3,0
3935,PSCCH,FAIL,14,17,,,1,0.122798,0.114542,decoded_overlap,30,3,0
3937,PSCCH,FAIL,4,1,,,1,0.0928217,0.0826767,decoded_overlap,30,3,0
3941,PSCCH,FAIL,4,1,,,1,0.38036,0.377401,decoded_overlap,30,3,0
3944,PSCCH,FAIL,14,17,,,1,0.00404022,0.00335866,decoded_overlap,30,3,0
3947,PSCCH,OK,4,1,,,0,7.8376,7.34545,,30,3,0
3951,PSCCH,FAIL,14,17,,,1,0.0162191,0.0155573,decoded_overlap,30,3,0
3954,PSCCH,FAIL,14,17,,,0.687838,0.703817,0.685335,error_model,30,3,0
3958,PSCCH,FAIL,4,1,,,1,0.00659707,0.00489909,error_model,30,3,0
3962,PSCCH,FAIL,14,17,,,1,0.436447,0.428923,error_model,30,3,0
3965,PSCCH,FAIL,4,1,,,1,0.0509994,0.0504544,error_model,30,3,0
3969,PSCCH,FAIL,4,1,,,1,0.379412,0.370279,decoded_overlap,30,3,0
3971,PSCCH,FAIL,14,17,,,1,0.198494,0.163474,decoded_overlap,30,3,0
3975,PSCCH,OK,4,1,,,0,7.4568,7.10098,,30,3,0
3978,PSCCH,FAIL,14,17,,,1,0.0152773,0.0149695,decoded_overlap,30,3,0
3983,PSCCH,FAIL,14,17,,,1,0.153344,0.148115,decoded_overlap,30,3,0
3985,PSCCH,FAIL,4,1,,,1,0.0373804,0.0299739,decoded_overlap,30,3,0
3989,PSCCH,OK,4,1,,,0.125375,1.05083,1.02749,,30,3,0
3992,PSCCH,FAIL,14,17,,,1,0.171096,0.170486,decoded_overlap,30,3,0
3997,PSCCH,FAIL,14,17,,,1,0.216668,0.207605,decoded_overlap,30,3,0
4000,PSCCH,FAIL,4,1,,,1,0.014411,0.0140012,decoded_overlap,30,3,0
4003,PSCCH,FAIL,4,1,,,0.125375,0.901491,0.897063,error_model,30,3,0
4007,PSCCH,FAIL,14,17,,,1,0.0698939,0.0657353,error_model,30,3,0
4010,PSCCH,OK,4,1,,,0,3.43333,2.58371,,30,3,0
4012,PSCCH,FAIL,14,17,,,1,0.268481,0.196056,decoded_overlap,30,3,0
4016,PSSCH,FAIL,19,16,11,2403,1,1.65136,0.786877,decode_fail,,,
4023,PSCCH,OK,5,1,,,0,1.41223,1.3058,,30,3,1
4027,PSCCH,OK,5,1,,,0,2.73893,2.69313,,30,3,1
4035,PSCCH,FAIL,5,1,,,1,0.412397,0.387503,decoded_overlap,30,3,1
4038,PSCCH,OK,5,1,,,0,7.01351,6.82084,,30,3,1
4044,PSCCH,FAIL,5,1,,,1,0.0698949,0.0595691,decoded_overlap,30,3,1
4049,PSCCH,FAIL,5,1,,,1,0.0967525,0.0623893,decoded_overlap,30,3,1
4052,PSCCH,OK,5,1,,,0,28.5706,20.7101,,30,3,1
4057,PSCCH,OK,5,1,,,0,6.0075,5.52252,,30,3,1
4065,PSCCH,FAIL,5,1,,,1,0.51675,0.493687,decoded_overlap,30,3,1
4070,PSCCH,FAIL,5,1,,,1,0.0102378,0.009979,decoded_overlap,30,3,1
4075,PSCCH,FAIL,5,1,,,0.967105,0.61313,0.523371,decoded_overlap,30,3,1
4080,PSCCH,FAIL,5,1,,,0.687838,0.802294,0.651094,decoded_overlap,30,3,1
4083,PSCCH,OK,5,1,,,0.0015,1.21555,0.816222,,30,3,1
4090,PSCCH,FAIL,5,1,,,1,0.00163265,0.000467709,decoded_overlap,30,3,1
4094,PSCCH,FAIL,5,1,,,0.687838,0.779323,0.644013,decoded_overlap,30,3,1
4098,PSCCH,OK,5,1,,,0,4.74242,4.51593,,30,3,1
4104,PSCCH,FAIL,5,1,,,1,0.450584,0.263392,decoded_overlap,30,3,1
4109,PSSCH,FAIL,12,1,2,2083,1,1.79952,0.697013,decode_fail,,,
4111,PSSCH,FAIL,3,21,11,2563,1,49.5485,3.03353,decode_fail,,,
4118,PSCCH,OK,4,1,,,0,13289.6,12677,,30,4,0
4122,PSCCH,OK,4,1,,,0,107172,106057,,30,4,0
4128,PSCCH,OK,4,1,,,0,67788.1,65690.7,,30,4,0
4132,PSCCH,OK,4,1,,,0,146837,145784,,30,4,0
4138,PSCCH,OK,4,1,,,0,47652.1,43748.6,,30,4,0
4143,PSCCH,OK,4,1,,,0,31270.8,31245.3,,30,4,0
4147,PSCCH,OK,4,1,,,0,110876,107995,,30,4,0
4153,PSCCH,OK,4,1,,,0,14426.8,14022.9,,30,4,0
4158,PSCCH,OK,4,1,,,0,687.956,606.057,,30,4,0
4162,PSCCH,OK,4,1,,,0,3344.7,3341.67,,30,4,0
4167,PSCCH,OK,4,1,,,0,80892.2,80136.4,,30,4,0
4173,PSCCH,OK,4,1,,,0,15850.4,15642.6,,30,4,0
4178,PSCCH,OK,4,1,,,0,4965.86,4451.4,,30,4,0
4182,PSCCH,OK,4,1,,,0,216037,215056,,30,4,0
4188,PSCCH,OK,4,1,,,0,47639.4,47466.5,,30,4,0
4191,PSCCH,OK,4,1,,,0,19910,19692.7,,30,4,0
4197,PSCCH,OK,4,1,,,0,378647,350358,,30,4,0
4203,PSSCH,FAIL,13,,,,,,,decode_fail,,,
4206,PSSCH,FAIL,21,3,11,3123,1,3.30976,0.204877,decode_fail,,,
4208,PSSCH,FAIL,19,14,13,2131,1,5.11718,0.590864,decode_fail,,,
4214,PSCCH,OK,3,1,,,0,1.42086,1.20921,,30,4,1
4216,PSCCH,FAIL,21,12,,,0.687838,0.710648,0.608992,decoded_overlap,30,4,1
4220,PSCCH,OK,3,1,,,0,4.74161,4.29323,,30,4,1
4222,PSCCH,FAIL,21,12,,,1,0.211558,0.195619,decoded_overlap,30,4,1
4226,PSCCH,OK,3,1,,,0,16.7019,11.3797,,30,4,1
4228,PSCCH,FAIL,21,12,,,1,0.0614826,0.0491338,decoded_overlap,30,4,1
4232,PSCCH,OK,21,12,,,0.125375,1.10043,1.00877,,30,4,1
4234,PSCCH,FAIL,3,1,,,0.125375,0.911527,0.834605,decoded_overlap,30,4,1
4238,PSCCH,OK,21,12,,,0,99.6153,56.1248,,30,4,1
4240,PSCCH,FAIL,3,1,,,1,0.0113833,0.00577608,decoded_overlap,30,4,1
4244,PSCCH,OK,3,1,,,0,3.36922,1.58173,,30,4,1
4246,PSCCH,FAIL,21,12,,,1,0.355546,0.164112,decoded_overlap,30,4,1
4250,PSCCH,OK,21,12,,,0,15.2435,14.5308,,30,4,1
4252,PSCCH,FAIL,3,1,,,1,0.065681,0.0616068,decoded_overlap,30,4,1
4256,PSCCH,OK,21,12,,,0,9.97149,9.93243,,30,4,1
4258,PSCCH,FAIL,3,1,,,1,0.100275,0.100056,decoded_overlap,30,4,1
4262,PSCCH,OK,21,12,,,0,1.57245,1.50145,,30,4,1
4264,PSCCH,FAIL,3,1,,,0.967105,0.636379,0.609835,decoded_overlap,30,4,1
4268,PSCCH,OK,21,12,,,0,5.64541,4.4002,,30,4,1
4270,PSCCH,FAIL,3,1,,,1,0.179383,0.161452,decoded_overlap,30,4,1
4274,PSCCH,OK,21,12,,,0,12.3464,11.3219,,30,4,1
4276,PSCCH,FAIL,3,1,,,1,0.0812351,0.0745092,decoded_overlap,30,4,1
4280,PSCCH,OK,3,1,,,0,2.2087,2.12909,,30,4,1
4282,PSCCH,FAIL,21,12,,,1,0.452895,0.437537,decoded_overlap,30,4,1
4286,PSCCH,OK,21,12,,,0,20.5395,18.7907,,30,4,1
4288,PSCCH,FAIL,3,1,,,1,0.048746,0.046758,decoded_overlap,30,4,1
4292,PSCCH,OK,21,12,,,0.0015,1.17162,1.05387,,30,4,1
4294,PSCCH,FAIL,3,1,,,0.687838,0.857278,0.771329,decoded_overlap,30,4,1
4298,PSCCH,OK,21,12,,,0,1.65141,1.58812,,30,4,1
4300,PSCCH,FAIL,3,1,,,0.967105,0.605664,0.583247,decoded_overlap,30,4,1
4304,PSCCH,OK,3,1,,,0,51.8761,45.6556,,30,4,1
4306,PSCCH,FAIL,21,12,,,1,0.0193981,0.0170068,decoded_overlap,30,4,1
4310,PSCCH,OK,3,1,,,0,3.88847,3.54945,,30,4,1
4312,PSCCH,FAIL,21,12,,,1,0.257263,0.247111,decoded_overlap,30,4,1
4316,PSSCH,FAIL,13,,,,,,,decode_fail,,,
4319,PSSCH,FAIL,21,12,12,4069,1,4.1296,0.826115,decode_fail,,,
4326,PSCCH,OK,19,1,,,0,3331.71,3328.09,,30,5,0
4330,PSCCH,OK,19,1,,,0,13202.8,11692.4,,30,5,0
4332,PSCCH,OK,19,1,,,0,245145,243192,,30,5,0
4338,PSCCH,OK,19,1,,,0,10943.2,9843.67,,30,5,0
4340,PSCCH,OK,19,1,,,0,141124,140905,,30,5,0
4346,PSCCH,OK,19,1,,,0,4287.17,3510,,30,5,0
4350,PSCCH,OK,19,1,,,0,216.961,214.401,,30,5,0
4352,PSCCH,OK,19,1,,,0,13024.8,12025.4,,30,5,0
4357,PSCCH,OK,19,1,,,0,488804,461214,,30,5,0
4361,PSCCH,OK,19,1,,,0,40312.6,39755.5,,30,5,0
4366,PSCCH,OK,19,1,,,0,1616.24,1609,,30,5,0
4370,PSCCH,OK,19,1,,,0,7574.5,6630.18,,30,5,0
4373,PSCCH,OK,19,1,,,0,14029.4,11914.7,,30,5,0
4378,PSCCH,OK,19,1,,,0,184983,177835,,30,5,0
4381,PSCCH,OK,19,1,,,0,17798.2,14894,,30,5,0
4384,PSCCH,OK,19,1,,,0,314220,305246,,30,5,0
4390,PSCCH,OK,19,1,,,0,1261.81,1217.42,,30,5,0
4392,PSCCH,OK,19,1,,,0,68459.7,64274.1,,30,5,0
4398,PSSCH,FAIL,17,1,2,2083,1,4.91306,1.33459,decode_fail,,,
4400,PSSCH,FAIL,21,12,13,2334,1,9.73581,0.849544,decode_fail,,,
4405,PSCCH,FAIL,16,5,,,1,0.0590912,0.0397862,decoded_overlap,30,5,1
4408,PSCCH,FAIL,16,5,,,1,0.277098,0.238489,decoded_overlap,30,5,1
4410,PSCCH,OK,16,5,,,0,1.41602,1.40949,,30,5,1
4413,PSCCH,OK,16,5,,,0,21.8997,20.7742,,30,5,1
4417,PSCCH,FAIL,16,5,,,0.967105,0.660369,0.625819,decoded_overlap,30,5,1
4420,PSCCH,FAIL,16,5,,,0.967105,0.558467,0.422506,decoded_overlap,30,5,1
4423,PSCCH,FAIL,16,5,,,1,0.00447136,0.00437159,decoded_overlap,30,5,1
4425,PSCCH,OK,16,5,,,0,24.0402,21.8005,,30,5,1
4428,PSCCH,OK,16,5,,,0,2.39757,2.26197,,30,5,1
4432,PSCCH,FAIL,16,5,,,0.967105,0.560774,0.505761,decoded_overlap,30,5,1
4435,PSCCH,FAIL,16,5,,,1,0.311117,0.260147,decoded_overlap,30,5,1
4438,PSCCH,FAIL,16,5,,,1,0.225178,0.216778,decoded_overlap,30,5,1
4440,PSCCH,OK,16,5,,,0,1.76182,1.72673,,30,5,1
4443,PSCCH,OK,16,5,,,0,77.9106,65.0513,,30,5,1
4447,PSCCH,FAIL,16,5,,,0.687838,0.720822,0.652129,decoded_overlap,30,5,1
4449,PSCCH,OK,16,5,,,0.0015,1.35612,1.33208,,30,5,1
4452,PSCCH,OK,16,5,,,0,9.39948,8.82579,,30,5,1
4455,PSCCH,OK,16,5,,,0,11.5191,10.6677,,30,5,1
4459,PSCCH,FAIL,16,5,,,0.687838,0.711011,0.650675,decoded_overlap,30,5,1
4461,PSSCH,OK,2,1,11,2083,0,53.6499,19.4599,,,,
4463,PSSCH,FAIL,16,5,10,3926,1,33390.1,9.89684,decode_fail,,,
4487,PSSCH,OK,20,1,12,2083,0,1732.86,1050.39,,,,
4491,PSCCH,OK,14,17,,,0.0015,1.38538,1.28431,,30,6,1
4493,PSCCH,FAIL,16,1,,,0.687838,0.723055,0.681047,decoded_overlap,30,6,1
4495,PSCCH,OK,16,1,,,0,1.75944,1.3901,,30,6,1
4497,PSCCH,FAIL,14,17,,,0.967105,0.579567,0.466017,decoded_overlap,30,6,1
4499,PSCCH,OK,14,17,,,0,12.7188,11.0829,,30,6,1
4501,PSCCH,FAIL,16,1,,,1,0.0789673,0.0735978,decoded_overlap,30,6,1
4503,PSCCH,OK,16,1,,,0,8.57612,8.56796,,30,6,1
4505,PSCCH,FAIL,14,17,,,1,0.116595,0.116444,decoded_overlap,30,6,1
4507,PSCCH,OK,16,1,,,0,14.725,11.6758,,30,6,1
4509,PSCCH,FAIL,14,17,,,1,0.0695606,0.0527016,decoded_overlap,30,6,1
4511,PSCCH,OK,14,17,,,0,2.65025,2.50443,,30,6,1
4513,PSCCH,FAIL,16,1,,,1,0.377772,0.357572,decoded_overlap,30,6,1
4515,PSCCH,OK,14,17,,,0,1.56516,0.964618,,30,6,1
4517,PSCCH,FAIL,16,1,,,0.967105,0.691274,0.421376,decoded_overlap,30,6,1
4519,PSCCH,OK,16,1,,,0,19.1039,17.7278,,30,6,1
4521,PSCCH,FAIL,14,17,,,1,0.0522661,0.0479142,decoded_overlap,30,6,1
4523,PSCCH,OK,14,17,,,0,10.9746,10.9202,,30,6,1
4525,PSCCH,FAIL,16,1,,,1,0.0911194,0.0908239,decoded_overlap,30,6,1
4527,PSCCH,OK,14,17,,,0,8.73795,8.39479,,30,6,1
4529,PSCCH,FAIL,16,1,,,1,0.114506,0.110186,decoded_overlap,30,6,1
4531,PSCCH,OK,14,17,,,0,5.56715,5.54839,,30,6,1
4533,PSCCH,FAIL,16,1,,,1,0.179515,0.178058,decoded_overlap,30,6,1
4535,PSCCH,OK,14,17,,,0,3.14293,2.76871,,30,6,1
4537,PSCCH,FAIL,16,1,,,1,0.319503,0.295911,decoded_overlap,30,6,1
4539,PSCCH,OK,16,1,,,0,1.79226,1.76985,,30,6,1
4541,PSCCH,FAIL,14,17,,,0.967105,0.557944,0.543842,decoded_overlap,30,6,1
4543,PSCCH,OK,14,17,,,0,744.544,701.324,,30,6,1
4545,PSCCH,FAIL,16,1,,,1,0.00128728,0.00123559,decoded_overlap,30,6,1
4547,PSCCH,OK,14,17,,,0,111.263,108.923,,30,6,1
4549,PSCCH,FAIL,16,1,,,1,0.00898741,0.0088599,decoded_overlap,30,6,1
4551,PSCCH,OK,16,1,,,0,31.6598,28.8626,,30,6,1
4553,PSCCH,FAIL,14,17,,,1,0.0314728,0.0288701,decoded_overlap,30,6,1
4555,PSCCH,OK,14,17,,,0.0015,1.26883,1.18809,,30,6,1
4557,PSCCH,FAIL,16,1,,,0.687838,0.789136,0.754049,decoded_overlap,30,6,1
4559,PSCCH,OK,16,1,,,0,3.66072,3.09772,,30,6,1
4561,PSCCH,FAIL,14,17,,,1,0.27652,0.227404,decoded_overlap,30,6,1
4563,PSCCH,OK,14,17,,,0,20.2473,18.7694,,30,6,1
4565,PSCCH,FAIL,16,1,,,1,0.0494867,0.0463186,decoded_overlap,30,6,1
4573,PSSCH,OK,14,17,2,4069,0,61.4301,27.9021,,,,
4578,PSCCH,OK,19,1,,,0,3227.83,3220.68,,30,7,0
4580,PSCCH,OK,19,1,,,0,19156,18799.5,,30,7,0
4582,PSCCH,OK,19,1,,,0,179859,178246,,30,7,0
4584,PSCCH,OK,19,1,,,0,12612.7,11230.9,,30,7,0
4586,PSCCH,OK,19,1,,,0,142861,142009,,30,7,0
4588,PSCCH,OK,19,1,,,0,8043.63,7004.98,,30,7,0
4590,PSCCH,OK,19,1,,,0,393.975,386.884,,30,7,0
4592,PSCCH,OK,19,1,,,0,10567.6,10166.2,,30,7,0
4594,PSCCH,OK,19,1,,,0,662917,654216,,30,7,0
4596,PSCCH,OK,19,1,,,0,38700.3,38163,,30,7,0
4598,PSCCH,OK,19,1,,,0,546.681,474.693,,30,7,0
4600,PSCCH,OK,19,1,,,0,5371.44,4542.7,,30,7,0
4602,PSCCH,OK,19,1,,,0,4366.39,4258.77,,30,7,0
4604,PSCCH,OK,19,1,,,0,136257,135232,,30,7,0
4606,PSCCH,OK,19,1,,,0,29211.4,25470.1,,30,7,0
4608,PSCCH,OK,19,1,,,0,243234,238813,,30,7,0
4610,PSCCH,OK,19,1,,,0,153212,145354,,30,7,0
4612,PSCCH,OK,19,1,,,0,2293.73,2256.32,,30,7,0
4614,PSCCH,OK,19,1,,,0,85262.1,84499.4,,30,7,0
4616,PSCCH,OK,19,1,,,0,3821.78,3464.97,,30,7,0
4619,PSSCH,OK,19,1,14,4069,0,319.952,317.275,,,,
4622,PSCCH,OK,3,1,,,0,3.66801,3.39182,,30,7,1
4624,PSCCH,FAIL,16,1,,,1,0.273078,0.259555,decoded_overlap,30,7,1
4626,PSCCH,OK,3,1,,,0,2.13602,1.75606,,30,7,1
4628,PSCCH,FAIL,16,1,,,1,0.474729,0.393719,decoded_overlap,30,7,1
4630,PSCCH,OK,16,1,,,0,2.25208,2.11212,,30,7,1
4632,PSCCH,FAIL,3,1,,,1,0.444541,0.427205,decoded_overlap,30,7,1
4634,PSCCH,OK,16,1,,,0,703.228,490.73,,30,7,1
4636,PSCCH,FAIL,3,1,,,1,0.00145776,0.00122472,decoded_overlap,30,7,1
4638,PSCCH,OK,3,1,,,0,8.64027,8.22016,,30,7,1
4640,PSCCH,FAIL,16,1,,,1,0.115823,0.111601,decoded_overlap,30,7,1
4642,PSCCH,OK,16,1,,,0,2.52314,2.24642,,30,7,1
4644,PSCCH,FAIL,3,1,,,1,0.398784,0.346479,decoded_overlap,30,7,1
4646,PSCCH,OK,3,1,,,0.0015,1.36449,1.16482,,30,7,1
4648,PSCCH,FAIL,16,1,,,0.687838,0.738504,0.651847,decoded_overlap,30,7,1
4650,PSCCH,OK,3,1,,,0.125375,1.08847,0.934459,,30,7,1
4652,PSCCH,FAIL,16,1,,,0.125375,0.926309,0.805633,decoded_overlap,30,7,1
4654,PSCCH,OK,16,1,,,0,3.01529,2.86232,,30,7,1
4656,PSCCH,FAIL,3,1,,,1,0.331923,0.314785,decoded_overlap,30,7,1
4658,PSCCH,OK,3,1,,,0,8.31644,7.87551,,30,7,1
4660,PSCCH,FAIL,16,1,,,1,0.120279,0.114728,decoded_overlap,30,7,1
4662,PSCCH,OK,16,1,,,0,2.75228,1.87775,,30,7,1
4664,PSCCH,FAIL,3,1,,,1,0.382448,0.26263,decoded_overlap,30,7,1
4666,PSCCH,OK,3,1,,,0,5.69324,4.53172,,30,7,1
4668,PSCCH,FAIL,16,1,,,1,0.178002,0.15537,decoded_overlap,30,7,1
4670,PSCCH,OK,16,1,,,0,2.81901,2.79132,,30,7,1
4672,PSCCH,FAIL,3,1,,,1,0.354729,0.353194,decoded_overlap,30,7,1
4674,PSCCH,OK,3,1,,,0,5.81448,5.73263,,30,7,1
4676,PSCCH,FAIL,16,1,,,1,0.171885,0.16851,decoded_overlap,30,7,1
4678,PSCCH,OK,3,1,,,0,29.6386,29.5508,,30,7,1
4680,PSCCH,FAIL,16,1,,,1,0.0337342,0.0335836,decoded_overlap,30,7,1
4682,PSCCH,OK,16,1,,,0,1.78169,1.74568,,30,7,1
4684,PSCCH,FAIL,3,1,,,0.967105,0.561198,0.544728,decoded_overlap,30,7,1
4686,PSCCH,OK,16,1,,,0.125375,1.03472,1.01792,,30,7,1
4688,PSCCH,FAIL,3,1,,,0.125375,0.966549,0.950491,decoded_overlap,30,7,1
4690,PSCCH,OK,16,1,,,0,104.734,100.228,,30,7,1
4692,PSCCH,FAIL,3,1,,,1,0.00955661,0.00882926,decoded_overlap,30,7,1
4694,PSCCH,OK,3,1,,,0,5.92364,4.82675,,30,7,1
4696,PSCCH,FAIL,16,1,,,1,0.171576,0.138693,decoded_overlap,30,7,1
4704,PSSCH,FAIL,3,1,13,4069,1,3.06939,2.40706,decode_fail,,,
4707,PSCCH,OK,3,1,,,0,2.55289,2.48518,,30,8,0
4709,PSCCH,FAIL,5,1,,,1,0.391743,0.386566,decoded_overlap,30,8,0
4712,PSCCH,OK,5,1,,,0,8.50827,7.58512,,30,8,0
4714,PSCCH,FAIL,3,1,,,1,0.117836,0.111733,decoded_overlap,30,8,0
4717,PSCCH,OK,3,1,,,0,46.3354,43.1448,,30,8,0
4719,PSCCH,FAIL,5,1,,,1,0.0215946,0.0211297,decoded_overlap,30,8,0
4722,PSCCH,OK,3,1,,,0.0015,1.29669,1.24317,,30,8,0
4724,PSCCH,FAIL,5,1,,,0.687838,0.769621,0.756519,decoded_overlap,30,8,0
4727,PSCCH,OK,3,1,,,0,3.22689,2.19165,,30,8,0
4729,PSCCH,FAIL,5,1,,,1,0.325299,0.227749,decoded_overlap,30,8,0
4732,PSCCH,OK,5,1,,,0.0015,1.2477,0.824517,,30,8,0
4734,PSCCH,FAIL,3,1,,,0.687838,0.864219,0.508285,decoded_overlap,30,8,0
4737,PSCCH,OK,5,1,,,0,6.46923,6.09017,,30,8,0
4739,PSCCH,FAIL,3,1,,,1,0.154678,0.149548,decoded_overlap,30,8,0
4742,PSCCH,OK,5,1,,,0,1.57268,1.3749,,30,8,0
4744,PSCCH,FAIL,3,1,,,0.967105,0.639456,0.574259,decoded_overlap,30,8,0
4747,PSCCH,OK,5,1,,,0.125375,1.01366,0.86759,,30,8,0
4749,PSCCH,FAIL,3,1,,,0.125375,0.998151,0.819992,decoded_overlap,30,8,0
4752,PSCCH,OK,3,1,,,0,358.479,335.742,,30,8,0
4754,PSCCH,FAIL,5,1,,,1,0.00274778,0.00265555,decoded_overlap,30,8,0
4757,PSCCH,OK,3,1,,,0.0015,1.41678,1.07731,,30,8,0
4759,PSCCH,FAIL,5,1,,,0.687838,0.726784,0.54281,decoded_overlap,30,8,0
4762,PSCCH,OK,5,1,,,0,1.5036,1.46269,,30,8,0
4764,PSCCH,FAIL,3,1,,,0.967105,0.665151,0.646944,decoded_overlap,30,8,0
4767,PSCCH,OK,5,1,,,0,90.9177,71.8775,,30,8,0
4769,PSCCH,FAIL,3,1,,,1,0.011141,0.00971489,decoded_overlap,30,8,0
4772,PSCCH,OK,3,1,,,0,79.5962,78.4315,,30,8,0
4774,PSCCH,FAIL,5,1,,,1,0.012561,0.0121098,decoded_overlap,30,8,0
4777,PSCCH,OK,5,1,,,0,16.5596,15.6809,,30,8,0
4779,PSCCH,FAIL,3,1,,,1,0.0604341,0.0577142,decoded_overlap,30,8,0
4782,PSCCH,OK,3,1,,,0,1.66269,1.64707,,30,8,0
4784,PSCCH,FAIL,5,1,,,0.967105,0.601448,0.596143,decoded_overlap,30,8,0
4787,PSCCH,OK,5,1,,,0,48.7314,45.4138,,30,8,0
4789,PSCCH,FAIL,3,1,,,1,0.0205543,0.0191789,decoded_overlap,30,8,0
4792,PSCCH,OK,3,1,,,0,111.769,53.5287,,30,8,0
4794,PSCCH,FAIL,5,1,,,1,0.0121175,0.00368656,decoded_overlap,30,8,0
4796,PSSCH,FAIL,3,1,14,4069,1,1.47859,0.823783,decode_fail,,,
4802,PSCCH,OK,19,1,,,0,3148.42,3143.26,,30,8,1
4804,PSCCH,OK,19,1,,,0,19262.7,18475,,30,8,1
4806,PSCCH,OK,19,1,,,0,184687,182832,,30,8,1
4808,PSCCH,OK,19,1,,,0,12976,11465.2,,30,8,1
4810,PSCCH,OK,19,1,,,0,184826,183445,,30,8,1
4812,PSCCH,OK,19,1,,,0,9621.8,8794.5,,30,8,1
4814,PSCCH,OK,19,1,,,0,215.237,214.253,,30,8,1
4816,PSCCH,OK,19,1,,,0,10627.9,9180.36,,30,8,1
4818,PSCCH,OK,19,1,,,0,248954,192047,,30,8,1
4820,PSCCH,OK,19,1,,,0,35834.7,35791.5,,30,8,1
4822,PSCCH,OK,19,1,,,0,8746.58,8552.79,,30,8,1
4824,PSCCH,OK,19,1,,,0,3045.33,2380.76,,30,8,1
4826,PSCCH,OK,19,1,,,0,5674.37,4375.27,,30,8,1
4828,PSCCH,OK,19,1,,,0,185536,162236,,30,8,1
4830,PSCCH,OK,19,1,,,0,33442.5,27459.5,,30,8,1
4832,PSCCH,OK,19,1,,,0,384746,383744,,30,8,1
4834,PSCCH,OK,19,1,,,0,50072.5,45628.4,,30,8,1
4836,PSCCH,OK,19,1,,,0,2113.85,2063.93,,30,8,1
4838,PSCCH,OK,19,1,,,0,74811,72007.5,,30,8,1
4840,PSCCH,OK,19,1,,,0,6310.26,5625.09,,30,8,1
4842,PSSCH,OK,19,1,15,4069,0,318.368,314.88,,,,
4853,PSCCH,OK,5,1,,,0,5728.84,5166.41,,30,9,1
4856,PSCCH,OK,5,1,,,0,55692.7,55512.1,,30,9,1
4860,PSCCH,OK,5,1,,,0,6659.76,5777.99,,30,9,1
4862,PSCCH,OK,5,1,,,0,205273,204248,,30,9,1
4866,PSCCH,OK,5,1,,,0,7563.78,7442.26,,30,9,1
4869,PSCCH,OK,5,1,,,0,1045.89,994.127,,30,9,1
4872,PSCCH,OK,5,1,,,0,1526.48,1359.36,,30,9,1
4875,PSCCH,OK,5,1,,,0,12493.4,11720.4,,30,9,1
4878,PSCCH,OK,5,1,,,0,8659.4,7808.62,,30,9,1
4881,PSCCH,OK,5,1,,,0,6831.82,6580.54,,30,9,1
4883,PSCCH,OK,5,1,,,0,6420.96,6398.27,,30,9,1
4887,PSCCH,OK,5,1,,,0,6104.23,5720.59,,30,9,1
4890,PSCCH,OK,5,1,,,0,64894.4,59825.3,,30,9,1
4893,PSCCH,OK,5,1,,,0,11337.9,11084.5,,30,9,1
4895,PSCCH,OK,5,1,,,0,1799350.0,1751600.0,,30,9,1
4899,PSCCH,OK,5,1,,,0,2607.53,2559.61,,30,9,1
4901,PSCCH,OK,5,1,,,0,78218,75140.2,,30,9,1
4904,PSCCH,OK,5,1,,,0,150122,147625,,30,9,1
4908,PSCCH,OK,5,1,,,0,1668.12,1016.06,,30,9,1
4910,PSSCH,FAIL,19,1,0,2083,1,1.21947,0.696172,decode_fail,,,
4912,PSSCH,FAIL,5,1,15,4069,1,240.33,0.643187,decode_fail,,,
4968,PSSCH,FAIL,3,1,15,2083,1,2.25691,0.545398,decode_fail,,,
4970,PSSCH,FAIL,14,17,6,1060,1,5.30335,3.94053,decode_fail,,,
4994,PSSCH,OK,5,1,0,2083,0,837.159,368.757,,,,
5022,PSSCH,OK,20,2,14,4,0,17151.1,15118.5,,,,
5047,PSSCH,OK,21,12,14,4,0,211029,191079,,,,
5070,PSSCH,OK,14,17,7,8,0,552179,512322,,,,
5188,PSCCH,OK,5,1,,,0,3437.58,3179.99,,40,1,0
5191,PSCCH,OK,5,1,,,0,6839.38,6677.89,,40,1,0
5193,PSCCH,OK,5,1,,,0,159225,159157,,40,1,0
5197,PSCCH,OK,5,1,,,0,4427.79,2489.97,,40,1,0
5200,PSCCH,OK,5,1,,,0,215.906,185.938,,40,1,0
5203,PSCCH,OK,5,1,,,0,4571.38,4303.65,,40,1,0
5205,PSCCH,OK,5,1,,,0,22333.7,20511.1,,40,1,0
5208,PSCCH,OK,5,1,,,0,28690.7,24544.8,,40,1,0
5211,PSCCH,OK,5,1,,,0,16592.2,13916.9,,40,1,0
5215,PSCCH,OK,5,1,,,0,7558.85,7478.51,,40,1,0
5218,PSCCH,OK,5,1,,,0,922.092,778.78,,40,1,0
5220,PSCCH,OK,5,1,,,0,6630.84,4957.71,,40,1,0
5223,PSCCH,OK,5,1,,,0,17355.4,16793.4,,40,1,0
5226,PSCCH,OK,5,1,,,0,492515,453085,,40,1,0
5230,PSCCH,OK,5,1,,,0,2150.98,1702.88,,40,1,0
5232,PSCCH,OK,5,1,,,0,21251.5,20242.7,,40,1,0
5235,PSCCH,OK,5,1,,,0,336998,333286,,40,1,0
5238,PSCCH,OK,5,1,,,0,307521,298751,,40,1,0
5242,PSCCH,OK,5,1,,,0,2369.79,1259.99,,40,1,0
5244,PSSCH,FAIL,5,1,1,4069,1,348.04,0.0134308,decode_fail,,,
5254,PSCCH,OK,16,1,,,0,3517.75,3219.44,,40,1,1
5259,PSCCH,OK,16,1,,,0,18330.4,18224.3,,40,1,1
5263,PSCCH,OK,16,1,,,0,197281,195833,,40,1,1
5268,PSCCH,OK,16,1,,,0,1677350.0,1609770.0,,40,1,1
5274,PSCCH,OK,16,1,,,0,31948.7,31348.9,,40,1,1
5279,PSCCH,OK,16,1,,,0,1853.09,1762.62,,40,1,1
5283,PSCCH,OK,16,1,,,0,6412.35,6347.51,,40,1,1
5288,PSCCH,OK,16,1,,,0,137378,135193,,40,1,1
5294,PSCCH,OK,16,1,,,0,14771.9,14658.1,,40,1,1
5298,PSCCH,OK,16,1,,,0,1653.86,1644.89,,40,1,1
5304,PSCCH,OK,16,1,,,0,28652.2,27991.6,,40,1,1
5308,PSCCH,OK,16,1,,,0,94463.8,79920.1,,40,1,1
5314,PSCCH,OK,16,1,,,0,1118.28,998.897,,40,1,1
5319,PSCCH,OK,16,1,,,0,8395.21,8378.18,,40,1,1
5323,PSCCH,OK,16,1,,,0,8529.3,8343.99,,40,1,1
5328,PSCCH,OK,16,1,,,0,224808,204291,,40,1,1
5334,PSCCH,OK,16,1,,,0,25221.9,23838.6,,40,1,1
5340,PSSCH,FAIL,12,1,3,2083,1,1.65091,0.52958,decode_fail,,,
5342,PSSCH,FAIL,19,14,1,2083,1,3.6415,1.18066,decode_fail,,,
5344,PSSCH,FAIL,3,21,1,2691,1,9.68493,0.341558,decode_fail,,,
5370,PSSCH,OK,16,5,0,3094,0,109557,104152,,,,
5376,PSCCH,OK,2,1,,,0,6.0321,5.89519,,40,2,1
5378,PSCCH,FAIL,20,2,,,1,0.165786,0.163904,decoded_overlap,40,2,1
5382,PSCCH,OK,2,1,,,0,9.67016,7.85538,,40,2,1
5386,PSCCH,FAIL,20,2,,,1,0.104846,0.0885652,decoded_overlap,40,2,1
5389,PSCCH,OK,20,2,,,0,3.17134,2.57428,,40,2,1
5392,PSCCH,FAIL,2,1,,,1,0.321706,0.249148,decoded_overlap,40,2,1
5397,PSCCH,OK,20,2,,,0,3.11327,2.71862,,40,2,1
5399,PSCCH,FAIL,2,1,,,1,0.324004,0.275013,decoded_overlap,40,2,1
5403,PSCCH,OK,2,1,,,0,14.4914,14.211,,40,2,1
5407,PSCCH,FAIL,20,2,,,1,0.068969,0.0671476,decoded_overlap,40,2,1
5411,PSCCH,OK,2,1,,,0,33.907,16.7101,,40,2,1
5413,PSCCH,FAIL,20,2,,,1,0.0331172,0.0206256,decoded_overlap,40,2,1
5417,PSCCH,OK,2,1,,,0,3.99124,3.05225,,40,2,1
5421,PSCCH,FAIL,20,2,,,1,0.259068,0.184114,decoded_overlap,40,2,1
5425,PSCCH,OK,20,2,,,0,4.92519,4.65327,,40,2,1
5427,PSCCH,FAIL,2,1,,,1,0.203127,0.192683,decoded_overlap,40,2,1
5431,PSCCH,OK,20,2,,,0,4.3095,3.15527,,40,2,1
5435,PSCCH,FAIL,2,1,,,1,0.240475,0.175911,decoded_overlap,40,2,1
5438,PSCCH,OK,2,1,,,0,45.5755,43.7882,,40,2,1
5442,PSCCH,FAIL,20,2,,,1,0.0219417,0.0209982,decoded_overlap,40,2,1
5446,PSCCH,OK,20,2,,,0,1.58497,1.50066,,40,2,1
5448,PSCCH,FAIL,2,1,,,0.967105,0.631486,0.607516,decoded_overlap,40,2,1
5452,PSCCH,OK,20,2,,,0,9.05005,7.35348,,40,2,1
5456,PSCCH,FAIL,2,1,,,1,0.112666,0.0878751,decoded_overlap,40,2,1
5460,PSCCH,OK,20,2,,,0,14.935,5.12327,,40,2,1
5462,PSCCH,FAIL,2,1,,,1,0.0872048,0.037934,decoded_overlap,40,2,1
5467,PSCCH,OK,20,2,,,0,9.53212,8.45285,,40,2,1
5469,PSCCH,FAIL,2,1,,,1,0.105844,0.0896427,decoded_overlap,40,2,1
5473,PSCCH,OK,20,2,,,0,3.47086,3.1824,,40,2,1
5477,PSCCH,FAIL,2,1,,,1,0.289049,0.261784,decoded_overlap,40,2,1
5481,PSCCH,OK,20,2,,,0,3.85814,0.948499,,40,2,1
5483,PSCCH,FAIL,2,1,,,1,0.440742,0.0997368,decoded_overlap,40,2,1
5497,PSSCH,FAIL,2,1,12,4069,1,1.80802,0.535807,decode_fail,,,
5501,PSSCH,FAIL,21,3,2,3123,1,3.4691,0.797887,decode_fail,,,
5508,PSCCH,OK,2,1,,,0,2.73119,2.65787,,40,3,0
5510,PSCCH,FAIL,5,1,,,1,0.183123,0.181886,decoded_overlap,40,3,0
5512,PSCCH,FAIL,16,1,,,1,0.127716,0.125349,decoded_overlap,40,3,0
5515,PSCCH,OK,2,1,,,0,3.04835,2.82001,,40,3,0
5517,PSCCH,FAIL,5,1,,,1,0.276894,0.246982,decoded_overlap,40,3,0
5519,PSCCH,FAIL,16,1,,,1,0.031943,0.0281095,decoded_overlap,40,3,0
5522,PSCCH,OK,16,1,,,0,1.44162,1.29599,,40,3,0
5524,PSCCH,FAIL,5,1,,,1,0.311451,0.290616,decoded_overlap,40,3,0
5526,PSCCH,FAIL,2,1,,,1,0.210059,0.153015,decoded_overlap,40,3,0
5529,PSCCH,FAIL,16,1,,,0.967105,0.624012,0.459701,error_model,40,3,0
5531,PSCCH,FAIL,2,1,,,1,0.501585,0.457343,error_model,40,3,0
5533,PSCCH,FAIL,5,1,,,1,0.400976,0.309172,error_model,40,3,0
5536,PSCCH,OK,2,1,,,0,2.9122,2.21474,,40,3,0
5538,PSCCH,FAIL,16,1,,,1,0.297295,0.238716,decoded_overlap,40,3,0
5540,PSCCH,FAIL,5,1,,,1,0.0317469,0.0237353,decoded_overlap,40,3,0
5543,PSCCH,OK,2,1,,,0,1.63716,1.51176,,40,3,0
5545,PSCCH,FAIL,5,1,,,1,0.318442,0.275415,decoded_overlap,40,3,0
5547,PSCCH,FAIL,16,1,,,1,0.16075,0.159418,decoded_overlap,40,3,0
5550,PSCCH,OK,16,1,,,0,5.69172,5.58741,,40,3,0
5552,PSCCH,FAIL,5,1,,,1,0.14374,0.142274,decoded_overlap,40,3,0
5554,PSCCH,FAIL,2,1,,,1,0.024353,0.0227887,decoded_overlap,40,3,0
5557,PSCCH,OK,5,1,,,0,1.47947,1.40099,,40,3,0
5559,PSCCH,FAIL,16,1,,,0.967105,0.609521,0.590197,decoded_overlap,40,3,0
5561,PSCCH,FAIL,2,1,,,1,0.0254131,0.0233419,decoded_overlap,40,3,0
5564,PSCCH,OK,5,1,,,0,3.65034,2.92194,,40,3,0
5566,PSCCH,FAIL,2,1,,,1,0.149499,0.130641,decoded_overlap,40,3,0
5568,PSCCH,FAIL,16,1,,,1,0.0952503,0.0844031,decoded_overlap,40,3,0
5571,PSCCH,OK,2,1,,,0.0015,1.32568,1.2682,,40,3,0
5573,PSCCH,FAIL,16,1,,,1,0.476832,0.434627,decoded_overlap,40,3,0
5575,PSCCH,FAIL,5,1,,,1,0.120401,0.115366,decoded_overlap,40,3,0
5578,PSCCH,OK,2,1,,,0.125375,0.988989,0.882709,,40,3,0
5580,PSCCH,FAIL,16,1,,,0.125375,0.953248,0.865176,decoded_overlap,40,3,0
5582,PSCCH,FAIL,5,1,,,1,0.0160894,0.0113688,decoded_overlap,40,3,0
5585,PSCCH,OK,16,1,,,0,4.9931,4.85101,,40,3,0
5587,PSCCH,FAIL,5,1,,,1,0.115947,0.10741,decoded_overlap,40,3,0
5589,PSCCH,FAIL,2,1,,,1,0.0673175,0.0542339,decoded_overlap,40,3,0
5592,PSCCH,OK,5,1,,,0,6.52792,5.95406,,40,3,0
5594,PSCCH,FAIL,2,1,,,1,0.096571,0.0915035,decoded_overlap,40,3,0
5596,PSCCH,FAIL,16,1,,,1,0.0472047,0.0404429,decoded_overlap,40,3,0
5599,PSCCH,OK,16,1,,,0.125375,1.01705,0.842564,,40,3,0
5601,PSCCH,FAIL,2,1,,,0.125375,0.905514,0.732336,decoded_overlap,40,3,0
5603,PSCCH,FAIL,5,1,,,1,0.0246054,0.0210438,decoded_overlap,40,3,0
5606,PSCCH,OK,5,1,,,0,3.08383,2.89209,,40,3,0
5608,PSCCH,FAIL,2,1,,,1,0.164742,0.147508,decoded_overlap,40,3,0
5610,PSCCH,FAIL,16,1,,,1,0.115696,0.114767,decoded_overlap,40,3,0
5613,PSCCH,OK,5,1,,,0.687838,0.731809,0.704298,,40,3,0
5615,PSCCH,FAIL,16,1,,,0.967105,0.629635,0.628612,decoded_overlap,40,3,0
5617,PSCCH,FAIL,2,1,,,1,0.236367,0.220202,decoded_overlap,40,3,0
5620,PSCCH,OK,2,1,,,0.0015,1.22223,1.18477,,40,3,0
5622,PSCCH,FAIL,16,1,,,0.687838,0.708144,0.704929,decoded_overlap,40,3,0
5624,PSCCH,FAIL,5,1,,,1,0.0368493,0.0281444,decoded_overlap,40,3,0
5626,PSSCH,FAIL,2,1,14,4069,1,2.34898,1.77338,decode_fail,,,
5634,PSCCH,OK,3,1,,,0,3.8396,3.61644,,40,3,1
5636,PSCCH,FAIL,20,1,,,1,0.260699,0.250243,decoded_overlap,40,3,1
5638,PSCCH,OK,20,1,,,0,2.27864,2.21321,,40,3,1
5640,PSCCH,FAIL,3,1,,,1,0.439267,0.411276,decoded_overlap,40,3,1
5642,PSCCH,OK,20,1,,,0,2.14841,1.90853,,40,3,1
5644,PSCCH,FAIL,3,1,,,1,0.467939,0.416972,decoded_overlap,40,3,1
5646,PSCCH,OK,20,1,,,0,8.51943,7.79895,,40,3,1
5648,PSCCH,FAIL,3,1,,,1,0.11779,0.106394,decoded_overlap,40,3,1
5650,PSCCH,OK,3,1,,,0,10.4795,5.98768,,40,3,1
5652,PSCCH,FAIL,20,1,,,1,0.104136,0.0655849,decoded_overlap,40,3,1
5654,PSCCH,OK,20,1,,,0,124.09,117.76,,40,3,1
5656,PSCCH,FAIL,3,1,,,1,0.00802632,0.00778361,decoded_overlap,40,3,1
5658,PSCCH,OK,3,1,,,0.0015,1.36642,1.04558,,40,3,1
5660,PSCCH,FAIL,20,1,,,0.687838,0.743794,0.654447,decoded_overlap,40,3,1
5662,PSCCH,OK,3,1,,,0,3.12087,1.93766,,40,3,1
5664,PSCCH,FAIL,20,1,,,1,0.346547,0.222392,decoded_overlap,40,3,1
5666,PSCCH,OK,3,1,,,0.125375,1.01428,0.891129,,40,3,1
5668,PSCCH,FAIL,20,1,,,0.125375,0.9918,0.873725,decoded_overlap,40,3,1
5670,PSCCH,OK,3,1,,,0,1.65467,1.45829,,40,3,1
5672,PSCCH,FAIL,20,1,,,0.967105,0.60829,0.529814,decoded_overlap,40,3,1
5674,PSCCH,OK,3,1,,,0,5.63569,5.22103,,40,3,1
5676,PSCCH,FAIL,20,1,,,1,0.17768,0.169045,decoded_overlap,40,3,1
5678,PSCCH,OK,20,1,,,0,12.9333,10.5922,,40,3,1
5680,PSCCH,FAIL,3,1,,,1,0.0784843,0.0644045,decoded_overlap,40,3,1
5682,PSCCH,OK,20,1,,,0,6.74531,5.97336,,40,3,1
5684,PSCCH,FAIL,3,1,,,1,0.149125,0.131406,decoded_overlap,40,3,1
5686,PSCCH,OK,20,1,,,0,4.60978,3.37149,,40,3,1
5688,PSCCH,FAIL,3,1,,,1,0.222962,0.17684,decoded_overlap,40,3,1
5690,PSCCH,OK,20,1,,,0,110.984,105.174,,40,3,1
5692,PSCCH,FAIL,3,1,,,1,0.00901714,0.0085178,decoded_overlap,40,3,1
5694,PSCCH,OK,3,1,,,0,3.99694,3.59912,,40,3,1
5696,PSCCH,FAIL,20,1,,,1,0.251466,0.222314,decoded_overlap,40,3,1
5698,PSCCH,OK,20,1,,,0,9.65916,8.57071,,40,3,1
5700,PSCCH,FAIL,3,1,,,1,0.104056,0.0927328,decoded_overlap,40,3,1
5702,PSCCH,OK,3,1,,,0,2.29066,2.23023,,40,3,1
5704,PSCCH,FAIL,20,1,,,1,0.436598,0.43195,decoded_overlap,40,3,1
5706,PSCCH,OK,3,1,,,0,130.708,111.906,,40,3,1
5708,PSCCH,FAIL,20,1,,,1,0.00769953,0.00694778,decoded_overlap,40,3,1
5710,PSSCH,FAIL,3,1,0,4069,1,4.33052,1.02506,decode_fail,,,
5717,PSCCH,OK,5,1,,,0.0015,1.26168,0.926469,,40,4,0
5719,PSCCH,FAIL,14,17,,,0.687838,0.815231,0.648443,decoded_overlap,40,4,0
5722,PSCCH,OK,14,17,,,0,30.8826,21.0087,,40,4,0
5726,PSCCH,FAIL,5,1,,,1,0.0338755,0.0245498,decoded_overlap,40,4,0
5728,PSCCH,OK,5,1,,,0,37.7989,29.6037,,40,4,0
5732,PSCCH,FAIL,14,17,,,1,0.0270737,0.0209228,decoded_overlap,40,4,0
5735,PSCCH,OK,14,17,,,0,2.64478,2.06319,,40,4,0
5737,PSCCH,FAIL,5,1,,,1,0.391415,0.276055,decoded_overlap,40,4,0
5740,PSCCH,OK,14,17,,,0,1.87861,1.69086,,40,4,0
5744,PSCCH,FAIL,5,1,,,1,0.530846,0.509864,decoded_overlap,40,4,0
5746,PSCCH,OK,5,1,,,0,477.967,371.34,,40,4,0
5750,PSCCH,FAIL,14,17,,,1,0.0019409,0.00162885,decoded_overlap,40,4,0
5752,PSCCH,OK,14,17,,,0,68.1866,66.616,,40,4,0
5756,PSCCH,FAIL,5,1,,,1,0.0146683,0.0143017,decoded_overlap,40,4,0
5759,PSCCH,OK,14,17,,,0,2.25567,1.61084,,40,4,0
5761,PSCCH,FAIL,5,1,,,1,0.465026,0.3172,decoded_overlap,40,4,0
5764,PSCCH,OK,14,17,,,0,1.95922,1.62761,,40,4,0
5768,PSCCH,FAIL,5,1,,,1,0.514163,0.471174,decoded_overlap,40,4,0
5770,PSCCH,OK,14,17,,,0,2.91632,2.86942,,40,4,0
5774,PSCCH,FAIL,5,1,,,1,0.342914,0.335966,decoded_overlap,40,4,0
5776,PSCCH,OK,5,1,,,0,5.02517,4.6184,,40,4,0
5780,PSCCH,FAIL,14,17,,,1,0.199598,0.180965,decoded_overlap,40,4,0
5782,PSCCH,OK,5,1,,,0,10.1954,9.92747,,40,4,0
5786,PSCCH,FAIL,14,17,,,1,0.0981021,0.09642,decoded_overlap,40,4,0
5788,PSCCH,OK,14,17,,,0,64.9687,45.9361,,40,4,0
5792,PSCCH,FAIL,5,1,,,1,0.0161636,0.0109124,decoded_overlap,40,4,0
5794,PSCCH,OK,5,1,,,0,36.2837,35.9891,,40,4,0
5798,PSCCH,FAIL,14,17,,,1,0.0275033,0.0273064,decoded_overlap,40,4,0
5800,PSCCH,OK,5,1,,,0,4.95417,4.93413,,40,4,0
5804,PSCCH,FAIL,14,17,,,1,0.201848,0.200481,decoded_overlap,40,4,0
5806,PSCCH,OK,5,1,,,0,3.65568,3.6255,,40,4,0
5810,PSCCH,FAIL,14,17,,,1,0.273546,0.272627,decoded_overlap,40,4,0
5812,PSCCH,OK,14,17,,,0,175.825,166.15,,40,4,0
5816,PSCCH,FAIL,5,1,,,1,0.00569165,0.00540197,decoded_overlap,40,4,0
5820,PSSCH,FAIL,13,,,,,,,decode_fail,,,
5823,PSSCH,FAIL,14,17,9,4069,1,104.759,10.2014,decode_fail,,,
5827,PSCCH,OK,3,1,,,0,2.05196,0.830587,,40,4,1
5831,PSCCH,FAIL,5,16,,,1,0.235471,0.129658,decoded_overlap,40,4,1
5833,PSCCH,FAIL,4,1,,,1,0.209727,0.117101,decoded_overlap,40,4,1
5837,PSCCH,FAIL,4,1,,,0.687838,0.830591,0.730392,error_model,40,4,1
5839,PSCCH,FAIL,5,16,,,1,0.552735,0.523998,error_model,40,4,1
5841,PSCCH,FAIL,3,1,,,1,0.236107,0.220042,error_model,40,4,1
5846,PSCCH,OK,3,1,,,0.0015,1.13957,1.06815,,40,4,1
5848,PSCCH,FAIL,4,1,,,0.967105,0.591304,0.579641,decoded_overlap,40,4,1
5851,PSCCH,FAIL,5,16,,,1,0.106376,0.0883197,decoded_overlap,40,4,1
5855,PSCCH,OK,4,1,,,0,4.05611,3.87959,,40,4,1
5857,PSCCH,FAIL,3,1,,,1,0.207744,0.198119,decoded_overlap,40,4,1
5860,PSCCH,FAIL,5,16,,,1,0.0265167,0.022851,decoded_overlap,40,4,1
5864,PSCCH,OK,4,1,,,0,3.99052,3.95042,,40,4,1
5866,PSCCH,FAIL,3,1,,,1,0.193581,0.189705,decoded_overlap,40,4,1
5869,PSCCH,FAIL,5,16,,,1,0.0397134,0.039315,decoded_overlap,40,4,1
5873,PSCCH,OK,3,1,,,0,5.10503,4.46044,,40,4,1
5875,PSCCH,FAIL,5,16,,,1,0.129167,0.101184,decoded_overlap,40,4,1
5877,PSCCH,FAIL,4,1,,,1,0.0543829,0.0426941,decoded_overlap,40,4,1
5882,PSCCH,OK,5,16,,,0.0015,1.26055,1.25172,,40,4,1
5884,PSCCH,FAIL,4,1,,,1,0.410001,0.400113,decoded_overlap,40,4,1
5886,PSCCH,FAIL,3,1,,,1,0.178651,0.175672,decoded_overlap,40,4,1
5891,PSCCH,OK,5,16,,,0.125375,1.09193,0.838074,,40,4,1
5893,PSCCH,FAIL,3,1,,,1,0.511639,0.426502,decoded_overlap,40,4,1
5896,PSCCH,FAIL,4,1,,,1,0.167967,0.145955,decoded_overlap,40,4,1
5900,PSCCH,OK,4,1,,,0.0015,1.35823,1.31585,,40,4,1
5902,PSCCH,FAIL,3,1,,,1,0.498389,0.475652,decoded_overlap,40,4,1
5904,PSCCH,FAIL,5,16,,,1,0.100772,0.0990329,decoded_overlap,40,4,1
5909,PSCCH,OK,4,1,,,0,26.3161,22.8101,,40,4,1
5911,PSCCH,FAIL,3,1,,,1,0.037945,0.0338213,decoded_overlap,40,4,1
5914,PSCCH,FAIL,5,16,,,1,0.000288063,0.000250717,decoded_overlap,40,4,1
5918,PSCCH,OK,5,16,,,0,2.48339,2.31895,,40,4,1
5921,PSCCH,FAIL,3,1,,,1,0.299314,0.270352,decoded_overlap,40,4,1
5923,PSCCH,FAIL,4,1,,,1,0.0606318,0.0591954,decoded_overlap,40,4,1
5927,PSCCH,OK,5,16,,,0,1.85657,1.81117,,40,4,1
5929,PSCCH,FAIL,4,1,,,1,0.534275,0.519814,decoded_overlap,40,4,1
5932,PSCCH,FAIL,3,1,,,1,0.00190881,0.00185571,decoded_overlap,40,4,1
5936,PSCCH,OK,3,1,,,0.125375,1.06063,0.823265,,40,4,1
5938,PSCCH,FAIL,4,1,,,0.687838,0.743933,0.592922,decoded_overlap,40,4,1
5941,PSCCH,FAIL,5,16,,,1,0.0679037,0.0533892,decoded_overlap,40,4,1
5945,PSCCH,FAIL,4,1,,,0.687838,0.831897,0.798929,error_model,40,4,1
5947,PSCCH,FAIL,5,16,,,0.967105,0.689527,0.658589,error_model,40,4,1
5949,PSCCH,FAIL,3,1,,,1,0.159961,0.156227,error_model,40,4,1
5954,PSCCH,OK,5,16,,,0.125375,1.0993,1.07379,,40,4,1
5956,PSCCH,FAIL,3,1,,,0.687838,0.825656,0.815591,decoded_overlap,40,4,1
5959,PSCCH,FAIL,4,1,,,1,0.0247331,0.0217288,decoded_overlap,40,4,1
5963,PSSCH,FAIL,3,1,2,4069,1,1.33163,0.263915,decode_fail,,,
5967,PSSCH,FAIL,5,16,3,3926,1,1.42028,0.652795,decode_fail,,,
5972,PSCCH,OK,21,12,,,0,3.41323,2.52614,,40,5,0
5974,PSCCH,FAIL,4,1,,,1,0.300485,0.241869,decoded_overlap,40,5,0
5978,PSCCH,OK,4,1,,,0,2.51396,1.75177,,40,5,0
5980,PSCCH,FAIL,21,12,,,1,0.414215,0.303387,decoded_overlap,40,5,0
5984,PSCCH,OK,21,12,,,0,7.2536,6.98931,,40,5,0
5986,PSCCH,FAIL,4,1,,,1,0.13793,0.133462,decoded_overlap,40,5,0
5990,PSCCH,OK,4,1,,,0,5.94089,5.35709,,40,5,0
5992,PSCCH,FAIL,21,12,,,1,0.169063,0.151474,decoded_overlap,40,5,0
5996,PSCCH,OK,21,12,,,0,3.51271,3.04742,,40,5,0
5998,PSCCH,FAIL,4,1,,,1,0.286829,0.249995,decoded_overlap,40,5,0
6002,PSCCH,OK,21,12,,,0,4.1904,3.86269,,40,5,0
6004,PSCCH,FAIL,4,1,,,1,0.239236,0.221597,decoded_overlap,40,5,0
6008,PSCCH,OK,4,1,,,0,15.8823,15.0366,,40,5,0
6010,PSCCH,FAIL,21,12,,,1,0.0630324,0.0595622,decoded_overlap,40,5,0
6014,PSCCH,OK,21,12,,,0,10.4307,10.1248,,40,5,0
6016,PSCCH,FAIL,4,1,,,1,0.0958943,0.0929201,decoded_overlap,40,5,0
6020,PSCCH,OK,21,12,,,0,3.143,2.7955,,40,5,0
6022,PSCCH,FAIL,4,1,,,1,0.320081,0.279186,decoded_overlap,40,5,0
6026,PSCCH,OK,21,12,,,0,6.38045,6.26756,,40,5,0
6028,PSCCH,FAIL,4,1,,,1,0.156744,0.154316,decoded_overlap,40,5,0
6032,PSCCH,OK,21,12,,,0,70.9531,59.2909,,40,5,0
6034,PSCCH,FAIL,4,1,,,1,0.0142821,0.0117214,decoded_overlap,40,5,0
6038,PSCCH,OK,21,12,,,0,3.36678,3.02889,,40,5,0
6040,PSCCH,FAIL,4,1,,,1,0.298191,0.268504,decoded_overlap,40,5,0
6044,PSCCH,OK,4,1,,,0,9.08688,8.76841,,40,5,0
6046,PSCCH,FAIL,21,12,,,1,0.1101,0.106368,decoded_overlap,40,5,0
6050,PSCCH,OK,21,12,,,0,9.92697,8.34003,,40,5,0
6052,PSCCH,FAIL,4,1,,,1,0.10176,0.0874083,decoded_overlap,40,5,0
6056,PSCCH,OK,4,1,,,0,3.7692,3.67698,,40,5,0
6058,PSCCH,FAIL,21,12,,,1,0.265271,0.262525,decoded_overlap,40,5,0
6062,PSCCH,OK,4,1,,,0,1.8414,1.27532,,40,5,0
6064,PSCCH,FAIL,21,12,,,0.967105,0.572308,0.381235,decoded_overlap,40,5,0
6068,PSCCH,OK,4,1,,,0,371.374,348.441,,40,5,0
6070,PSCCH,FAIL,21,12,,,1,0.00270229,0.00230085,decoded_overlap,40,5,0
6072,PSSCH,FAIL,13,,,,,,,decode_fail,,,
6075,PSSCH,FAIL,21,12,15,4069,1,3.26398,1.41258,decode_fail,,,
6077,PSSCH,FAIL,9,19,5,899,1,13.7698,11.5543,decode_fail,,,
6083,PSCCH,OK,19,1,,,0,4529.64,4505.62,,40,5,1
6085,PSCCH,OK,19,1,,,0,41885.1,34992.6,,40,5,1
6087,PSCCH,OK,19,1,,,0,174457,173342,,40,5,1
6089,PSCCH,OK,19,1,,,0,9919.7,8751.92,,40,5,1
6091,PSCCH,OK,19,1,,,0,291388,291137,,40,5,1
6093,PSCCH,OK,19,1,,,0,10675.1,10535.9,,40,5,1
6095,PSCCH,OK,19,1,,,0,2853.56,2799.72,,40,5,1
6097,PSCCH,OK,19,1,,,0,15581.5,15182.7,,40,5,1
6099,PSCCH,OK,19,1,,,0,145689,122705,,40,5,1
6101,PSCCH,OK,19,1,,,0,58361.4,58347,,40,5,1
6103,PSCCH,OK,19,1,,,0,10447.5,7167.5,,40,5,1
6105,PSCCH,OK,19,1,,,0,14791.8,13850.7,,40,5,1
6107,PSCCH,OK,19,1,,,0,12777,11220.3,,40,5,1
6109,PSCCH,OK,19,1,,,0,80127.5,72765.6,,40,5,1
6111,PSCCH,OK,19,1,,,0,13315.2,12608.6,,40,5,1
6113,PSCCH,OK,19,1,,,0,395447,373901,,40,5,1
6115,PSCCH,OK,19,1,,,0,14286.2,7606.42,,40,5,1
6117,PSCCH,OK,19,1,,,0,1611.88,1598.03,,40,5,1
6119,PSCCH,OK,19,1,,,0,19156,15623.9,,40,5,1
6121,PSCCH,OK,19,1,,,0,3190.18,1880.72,,40,5,1
6123,PSSCH,OK,19,1,3,4069,0,468.911,448.626,,,,
6125,PSCCH,OK,3,1,,,0,108256,81799.3,,40,6,0
6127,PSCCH,OK,3,1,,,0,55865.6,47246.8,,40,6,0
6129,PSCCH,OK,3,1,,,0,138762,137084,,40,6,0
6131,PSCCH,OK,3,1,,,0,5555.78,4790.52,,40,6,0
6133,PSCCH,OK,3,1,,,0,270430,252009,,40,6,0
6135,PSCCH,OK,3,1,,,0,458.333,442.302,,40,6,0
6137,PSCCH,OK,3,1,,,0,14675.4,12781.7,,40,6,0
6139,PSCCH,OK,3,1,,,0,244294,211300,,40,6,0
6141,PSCCH,OK,3,1,,,0,4459.42,4375.2,,40,6,0
6143,PSCCH,OK,3,1,,,0,10183.5,10171,,40,6,0
6145,PSCCH,OK,3,1,,,0,95305.9,93264.3,,40,6,0
6147,PSCCH,OK,3,1,,,0,42149.2,39858.3,,40,6,0
6149,PSCCH,OK,3,1,,,0,25134,24722.1,,40,6,0
6151,PSCCH,OK,3,1,,,0,13577,13449.5,,40,6,0
6153,PSCCH,OK,3,1,,,0,1725.68,1699.64,,40,6,0
6155,PSCCH,OK,3,1,,,0,71909.8,70525.4,,40,6,0
6157,PSCCH,OK,3,1,,,0,3242.62,2960.18,,40,6,0
6159,PSCCH,OK,3,1,,,0,195695,193983,,40,6,0
6161,PSCCH,OK,3,1,,,0,5470.88,5447.09,,40,6,0
6163,PSCCH,OK,3,1,,,0,376820,356783,,40,6,0
6171,PSSCH,OK,3,1,3,4069,0,7803.08,13.0257,,,,
6176,PSCCH,OK,16,1,,,0,3.69006,2.98428,,40,6,1
6182,PSCCH,FAIL,16,1,,,1,0.32017,0.310704,decoded_overlap,40,6,1
6187,PSCCH,FAIL,16,1,,,1,0.154084,0.145451,decoded_overlap,40,6,1
6191,PSCCH,OK,16,1,,,0,1.44829,1.35124,,40,6,1
6196,PSCCH,OK,16,1,,,0,6.24631,5.87106,,40,6,1
6202,PSCCH,FAIL,16,1,,,1,0.0214313,0.014565,decoded_overlap,40,6,1
6207,PSCCH,FAIL,16,1,,,1,0.393041,0.378148,decoded_overlap,40,6,1
6211,PSCCH,OK,16,1,,,0,5.16238,5.04121,,40,6,1
6217,PSCCH,FAIL,16,1,,,0.125375,0.920692,0.877936,decoded_overlap,40,6,1
6222,PSCCH,FAIL,16,1,,,1,0.0366704,0.0335403,decoded_overlap,40,6,1
6226,PSCCH,OK,16,1,,,0,58.0605,54.5898,,40,6,1
6232,PSCCH,FAIL,16,1,,,1,0.104494,0.0974321,decoded_overlap,40,6,1
6236,PSCCH,OK,16,1,,,0.125375,1.01586,0.910749,,40,6,1
6242,PSCCH,FAIL,16,1,,,1,0.0332982,0.0171199,decoded_overlap,40,6,1
6247,PSCCH,FAIL,16,1,,,1,0.219388,0.208478,decoded_overlap,40,6,1
6251,PSCCH,OK,16,1,,,0,3.34383,2.84557,,40,6,1
6256,PSCCH,OK,16,1,,,0,7.3354,6.41421,,40,6,1
6269,PSSCH,FAIL,20,2,1,705,1,8.63152,1.40324,decode_fail,,,
6271,PSSCH,FAIL,21,12,0,2334,1,17.9702,12.6261,decode_fail,,,
6275,PSCCH,OK,14,17,,,0,15037.2,12998.7,,40,7,1
6277,PSCCH,OK,14,17,,,0,8952.31,7127.51,,40,7,1
6279,PSCCH,OK,14,17,,,0,20649,20406,,40,7,1
6281,PSCCH,OK,14,17,,,0,5558.33,4502.16,,40,7,1
6283,PSCCH,OK,14,17,,,0,18775.6,18552.3,,40,7,1
6285,PSCCH,OK,14,17,,,0,33282.5,31917.7,,40,7,1
6287,PSCCH,OK,14,17,,,0,153.138,141.926,,40,7,1
6289,PSCCH,OK,14,17,,,0,279.618,113.857,,40,7,1
6291,PSCCH,OK,14,17,,,0,1162960.0,1153730.0,,40,7,1
6293,PSCCH,OK,14,17,,,0,136397,99721.2,,40,7,1
6295,PSCCH,OK,14,17,,,0,11249.1,11247.5,,40,7,1
6297,PSCCH,OK,14,17,,,0,42429.3,42118.6,,40,7,1
6299,PSCCH,OK,14,17,,,0,14103.4,12442.9,,40,7,1
6301,PSCCH,OK,14,17,,,0,16396.3,15968.6,,40,7,1
6303,PSCCH,OK,14,17,,,0,75987.2,75775.2,,40,7,1
6305,PSCCH,OK,14,17,,,0,344239,339695,,40,7,1
6307,PSCCH,OK,14,17,,,0,943.47,901.256,,40,7,1
6309,PSCCH,OK,14,17,,,0,169796,167883,,40,7,1
6311,PSCCH,OK,14,17,,,0,79581.8,78286,,40,7,1
6313,PSCCH,OK,14,17,,,0,388816,384095,,40,7,1
6315,PSSCH,OK,14,17,10,4069,0,36832.5,33969.5,,,,
6339,PSSCH,OK,3,1,4,2083,0,4417.65,106.713,,,,
6343,PSCCH,OK,19,1,,,0,5140.6,5097,,40,8,1
6345,PSCCH,OK,19,1,,,0,5296.24,4124.02,,40,8,1
6347,PSCCH,OK,19,1,,,0,242025,239343,,40,8,1
6349,PSCCH,OK,19,1,,,0,21593.8,21196.1,,40,8,1
6351,PSCCH,OK,19,1,,,0,329806,329413,,40,8,1
6353,PSCCH,OK,19,1,,,0,17853,17817.4,,40,8,1
6355,PSCCH,OK,19,1,,,0,354.114,338.736,,40,8,1
6357,PSCCH,OK,19,1,,,0,15042.4,14646.6,,40,8,1
6359,PSCCH,OK,19,1,,,0,207183,191682,,40,8,1
6361,PSCCH,OK,19,1,,,0,65459.9,65413.1,,40,8,1
6363,PSCCH,OK,19,1,,,0,12128.7,10008.5,,40,8,1
6365,PSCCH,OK,19,1,,,0,90.9328,32.3506,,40,8,1
6367,PSCCH,OK,19,1,,,0,11342.5,9182.4,,40,8,1
6369,PSCCH,OK,19,1,,,0,142336,132802,,40,8,1
6371,PSCCH,OK,19,1,,,0,18579.5,17795.3,,40,8,1
6373,PSCCH,OK,19,1,,,0,187635,183989,,40,8,1
6375,PSCCH,OK,19,1,,,0,133002,117114,,40,8,1
6377,PSCCH,OK,19,1,,,0,1817.43,1729.31,,40,8,1
6379,PSCCH,OK,19,1,,,0,49496.2,45578.6,,40,8,1
6381,PSCCH,OK,19,1,,,0,9117.31,8892.63,,40,8,1
6389,PSSCH,OK,19,1,4,4069,0,528.301,509.894,,,,
6391,PSCCH,OK,19,1,,,0,5264.56,5232.84,,40,9,0
6393,PSCCH,OK,19,1,,,0,6069.36,4604.26,,40,9,0
6395,PSCCH,OK,19,1,,,0,181569,178634,,40,9,0
6397,PSCCH,OK,19,1,,,0,19970.7,19111.6,,40,9,0
6399,PSCCH,OK,19,1,,,0,334638,334191,,40,9,0
6401,PSCCH,OK,19,1,,,0,18407.5,18095.5,,40,9,0
6403,PSCCH,OK,19,1,,,0,231.011,228.212,,40,9,0
6405,PSCCH,OK,19,1,,,0,12054,11925.9,,40,9,0
6407,PSCCH,OK,19,1,,,0,95326.6,65670.1,,40,9,0
6409,PSCCH,OK,19,1,,,0,67286.9,67280.2,,40,9,0
6411,PSCCH,OK,19,1,,,0,6304.76,4738.37,,40,9,0
6413,PSCCH,OK,19,1,,,0,1908.9,1195.82,,40,9,0
6415,PSCCH,OK,19,1,,,0,15680.7,13576.2,,40,9,0
6417,PSCCH,OK,19,1,,,0,101701,91424.2,,40,9,0
6419,PSCCH,OK,19,1,,,0,14425.9,12500.1,,40,9,0
6421,PSCCH,OK,19,1,,,0,135160,132021,,40,9,0
6423,PSCCH,OK,19,1,,,0,113165,93772.2,,40,9,0
6425,PSCCH,OK,19,1,,,0,1875.99,1833.85,,40,9,0
6427,PSCCH,OK,19,1,,,0,56138.8,49509.4,,40,9,0
6429,PSCCH,OK,19,1,,,0,9124.94,8270.25,,40,9,0
6432,PSSCH,OK,19,1,5,4069,0,534.866,521.099,,,,
6473,PSSCH,FAIL,4,1,11,2083,1,219.226,0.0114196,decode_fail,,,
6475,PSSCH,FAIL,16,1,3,2083,1,678.435,0.505952,decode_fail,,,
6478,PSCCH,OK,14,17,,,0,15037.2,12998.7,,41,2,0
6480,PSCCH,OK,14,17,,,0,8952.31,7127.51,,41,2,0
6482,PSCCH,OK,14,17,,,0,7875.65,7777.3,,41,2,0
6484,PSCCH,OK,14,17,,,0,5558.33,4502.16,,41,2,0
6486,PSCCH,OK,14,17,,,0,16389.5,16330.1,,41,2,0
6488,PSCCH,OK,14,17,,,0,33282.5,31917.7,,41,2,0
6490,PSCCH,OK,14,17,,,0,523.048,491.776,,41,2,0
6492,PSCCH,OK,14,17,,,0,308.652,143.777,,41,2,0
6494,PSCCH,OK,14,17,,,0,1275000.0,1255540.0,,41,2,0
6496,PSCCH,OK,14,17,,,0,345555,336599,,41,2,0
6498,PSCCH,OK,14,17,,,0,12353.8,12299.9,,41,2,0
6500,PSCCH,OK,14,17,,,0,42395.1,42091.1,,41,2,0
6502,PSCCH,OK,14,17,,,0,13777.1,12875.5,,41,2,0
6504,PSCCH,OK,14,17,,,0,7772.51,6381.95,,41,2,0
6506,PSCCH,OK,14,17,,,0,52515.5,52404,,41,2,0
6508,PSCCH,OK,14,17,,,0,344239,339695,,41,2,0
6510,PSCCH,OK,14,17,,,0,2059.91,2038.37,,41,2,0
6512,PSCCH,OK,14,17,,,0,163548,156985,,41,2,0
6514,PSCCH,OK,14,17,,,0,79581.8,78286,,41,2,0
6516,PSCCH,OK,14,17,,,0,388816,384095,,41,2,0
6518,PSSCH,OK,14,17,13,4069,0,36832.5,33969.5,,,,
6542,PSSCH,OK,19,1,6,2083,0,666.414,659.977,,,,
6571,PSSCH,OK,14,17,12,1060,0,121713,116679,,,,
6596,PSSCH,OK,20,2,3,4,0,79234.6,72165.6,,,,
6619,PSSCH,OK,21,12,3,4,0,294266,276988,,,,
6643,PSSCH,OK,14,17,14,8,0,365649,360987,,,,
6757,PSCCH,OK,14,17,,,0,15037.2,12998.7,,50,1,0
6759,PSCCH,OK,14,17,,,0,8952.31,7127.51,,50,1,0
6761,PSCCH,OK,14,17,,,0,82380.1,81908.4,,50,1,0
6763,PSCCH,OK,14,17,,,0,5558.33,4502.16,,50,1,0
6765,PSCCH,OK,14,17,,,0,1682.04,1519.42,,50,1,0
6767,PSCCH,OK,14,17,,,0,36898.9,36608.5,,50,1,0
6769,PSCCH,OK,14,17,,,0,441.204,343,,50,1,0
6771,PSCCH,OK,14,17,,,0,10316.6,9153.95,,50,1,0
6773,PSCCH,OK,14,17,,,0,1194320.0,1179870.0,,50,1,0
6775,PSCCH,OK,14,17,,,0,17663.6,9952.69,,50,1,0
6777,PSCCH,OK,14,17,,,0,10021.2,10007.6,,50,1,0
6779,PSCCH,OK,14,17,,,0,40033.1,39875.2,,50,1,0
6781,PSCCH,OK,14,17,,,0,20649.5,19756,,50,1,0
6783,PSCCH,OK,14,17,,,0,8829.8,6997.58,,50,1,0
6785,PSCCH,OK,14,17,,,0,59919.7,59714.5,,50,1,0
6787,PSCCH,OK,14,17,,,0,289255,286986,,50,1,0
6789,PSCCH,OK,14,17,,,0,1119.94,1026.56,,50,1,0
6791,PSCCH,OK,14,17,,,0,99815.9,88235.7,,50,1,0
6793,PSCCH,OK,14,17,,,0,79581.8,78286,,50,1,0
6795,PSCCH,OK,14,17,,,0,388816,384095,,50,1,0
6797,PSSCH,OK,14,17,15,4069,0,27116.5,23778.8,,,,
6824,PSSCH,OK,2,20,1,1603,0,34123.6,30311.2,,,,
6875,PSSCH,FAIL,21,3,4,3155,1,13055.8,3.85672,decode_fail,,,
6877,PSSCH,FAIL,19,16,7,2627,1,20.1616,17.727,decode_fail,,,
6887,PSCCH,FAIL,4,1,,,0.967105,0.634819,0.390781,decoded_overlap,50,2,1
6891,PSCCH,OK,4,1,,,0,53.8544,39.8948,,50,2,1
6897,PSCCH,FAIL,4,1,,,0.967105,0.557125,0.526826,decoded_overlap,50,2,1
6902,PSCCH,FAIL,4,1,,,0.687838,0.743582,0.602202,decoded_overlap,50,2,1
6905,PSCCH,OK,4,1,,,0,228.3,146.104,,50,2,1
6911,PSCCH,OK,4,1,,,0,10.7286,10.4763,,50,2,1
6917,PSCCH,FAIL,4,1,,,1,0.017804,0.0158999,decoded_overlap,50,2,1
6921,PSCCH,OK,4,1,,,0,50.5381,6.18276,,50,2,1
6927,PSCCH,FAIL,4,1,,,0.967105,0.563054,0.53286,decoded_overlap,50,2,1
6932,PSCCH,FAIL,4,1,,,1,0.00475732,0.00391743,decoded_overlap,50,2,1
6937,PSCCH,FAIL,4,1,,,1,0.0184937,0.017062,decoded_overlap,50,2,1
6941,PSCCH,OK,4,1,,,0.0015,1.34378,1.32756,,50,2,1
6947,PSCCH,FAIL,4,1,,,1,0.0296069,0.0288816,decoded_overlap,50,2,1
6951,PSCCH,OK,4,1,,,0,3.57571,3.44344,,50,2,1
6957,PSCCH,FAIL,4,1,,,1,0.0905747,0.077257,decoded_overlap,50,2,1
6961,PSCCH,OK,4,1,,,0,16.0284,13.8106,,50,2,1
6967,PSCCH,FAIL,4,1,,,0.967105,0.585714,0.575537,decoded_overlap,50,2,1
6969,PSSCH,FAIL,9,1,6,2083,1,2.87204,0.0754975,decode_fail,,,
6971,PSSCH,FAIL,13,,,,,,,decode_fail,,,
6974,PSSCH,FAIL,5,16,7,1955,1,2.75072,2.1978,decode_fail,,,
6981,PSCCH,OK,21,12,,,0,2.22051,1.66615,,50,3,0
6983,PSCCH,FAIL,16,1,,,1,0.245116,0.211971,decoded_overlap,50,3,0
6985,PSCCH,FAIL,9,14,,,1,0.133265,0.109341,decoded_overlap,50,3,0
6989,PSCCH,OK,21,12,,,0,1.754,1.67401,,50,3,0
6991,PSCCH,FAIL,16,1,,,1,0.496116,0.46265,decoded_overlap,50,3,0
6993,PSCCH,FAIL,9,14,,,1,0.0328129,0.0293051,decoded_overlap,50,3,0
6997,PSCCH,OK,21,12,,,0,4.16013,3.36084,,50,3,0
6999,PSCCH,FAIL,9,14,,,1,0.245115,0.172644,decoded_overlap,50,3,0
7001,PSCCH,FAIL,16,1,,,1,0.00170215,0.00160329,decoded_overlap,50,3,0
7005,PSCCH,OK,16,1,,,0,4.02439,3.96957,,50,3,0
7007,PSCCH,FAIL,21,12,,,1,0.187572,0.184881,decoded_overlap,50,3,0
7009,PSCCH,FAIL,9,14,,,1,0.0428526,0.0422969,decoded_overlap,50,3,0
7013,PSCCH,OK,16,1,,,0,64.648,62.1442,,50,3,0
7015,PSCCH,FAIL,9,14,,,1,0.0133463,0.012727,decoded_overlap,50,3,0
7017,PSCCH,FAIL,21,12,,,1,0.00207402,0.00200361,decoded_overlap,50,3,0
7021,PSCCH,OK,21,12,,,0.0015,1.21739,1.14434,,50,3,0
7023,PSCCH,FAIL,9,14,,,0.967105,0.561819,0.481556,decoded_overlap,50,3,0
7025,PSCCH,FAIL,16,1,,,1,0.101903,0.0741739,decoded_overlap,50,3,0
7029,PSCCH,OK,21,12,,,0,59.8515,49.4691,,50,3,0
7031,PSCCH,FAIL,9,14,,,1,0.00936685,0.00872911,decoded_overlap,50,3,0
7033,PSCCH,FAIL,16,1,,,1,0.00742373,0.00514708,decoded_overlap,50,3,0
7037,PSCCH,OK,21,12,,,0.125375,1.02061,1.00164,,50,3,0
7039,PSCCH,FAIL,9,14,,,1,0.467461,0.429623,decoded_overlap,50,3,0
7041,PSCCH,FAIL,16,1,,,1,0.214486,0.194079,decoded_overlap,50,3,0
7045,PSCCH,FAIL,21,12,,,0.967105,0.618175,0.52547,error_model,50,3,0
7047,PSCCH,FAIL,9,14,,,1,0.541453,0.421784,error_model,50,3,0
7049,PSCCH,FAIL,16,1,,,1,0.369088,0.33764,error_model,50,3,0
7053,PSCCH,OK,21,12,,,0,4.23663,3.60149,,50,3,0
7055,PSCCH,FAIL,9,14,,,1,0.135181,0.0938087,decoded_overlap,50,3,0
7057,PSCCH,FAIL,16,1,,,1,0.0795143,0.0691644,decoded_overlap,50,3,0
7061,PSCCH,OK,21,12,,,0,2.60453,2.1238,,50,3,0
7063,PSCCH,FAIL,16,1,,,1,0.348849,0.263618,decoded_overlap,50,3,0
7065,PSCCH,FAIL,9,14,,,1,0.0235015,0.0225816,decoded_overlap,50,3,0
7069,PSCCH,OK,9,14,,,0,5.63429,4.54572,,50,3,0
7071,PSCCH,FAIL,21,12,,,1,0.105594,0.0946984,decoded_overlap,50,3,0
7073,PSCCH,FAIL,16,1,,,1,0.0600181,0.0519199,decoded_overlap,50,3,0
7077,PSCCH,OK,9,14,,,0,17.0952,16.5309,,50,3,0
7079,PSCCH,FAIL,21,12,,,1,0.044263,0.0425709,decoded_overlap,50,3,0
7081,PSCCH,FAIL,16,1,,,1,0.0130662,0.0127506,decoded_overlap,50,3,0
7085,PSCCH,OK,9,14,,,0,3.89819,3.2823,,50,3,0
7087,PSCCH,FAIL,21,12,,,1,0.257673,0.215106,decoded_overlap,50,3,0
7089,PSCCH,FAIL,16,1,,,1,0.00120553,0.00113159,decoded_overlap,50,3,0
7093,PSCCH,OK,9,14,,,0.0015,1.11551,1.03193,,50,3,0
7095,PSCCH,FAIL,21,12,,,1,0.51852,0.501716,decoded_overlap,50,3,0
7097,PSCCH,FAIL,16,1,,,1,0.15176,0.122258,decoded_overlap,50,3,0
7101,PSCCH,OK,16,1,,,0,7.83517,7.81746,,50,3,0
7103,PSCCH,FAIL,9,14,,,1,0.123937,0.122685,decoded_overlap,50,3,0
7105,PSCCH,FAIL,21,12,,,1,0.00292027,0.0022089,decoded_overlap,50,3,0
7107,PSSCH,FAIL,12,1,4,2083,1,1.69876,1.00471,decode_fail,,,
7109,PSSCH,FAIL,9,14,7,4069,1,2.29565,0.0975365,decode_fail,,,
7115,PSCCH,OK,3,1,,,0,1.86881,1.57516,,50,3,1
7117,PSCCH,FAIL,14,17,,,1,0.397907,0.382001,decoded_overlap,50,3,1
7119,PSCCH,FAIL,20,1,,,1,0.0696525,0.0432838,decoded_overlap,50,3,1
7123,PSCCH,OK,20,1,,,0.125375,0.902848,0.867462,,50,3,1
7125,PSCCH,FAIL,3,1,,,0.967105,0.673276,0.64396,decoded_overlap,50,3,1
7127,PSCCH,FAIL,14,17,,,1,0.140651,0.138759,decoded_overlap,50,3,1
7131,PSCCH,OK,20,1,,,0,2.45549,2.20972,,50,3,1
7133,PSCCH,FAIL,3,1,,,1,0.382404,0.351336,decoded_overlap,50,3,1
7135,PSCCH,FAIL,14,17,,,1,0.0137284,0.0102388,decoded_overlap,50,3,1
7139,PSCCH,OK,20,1,,,0,8.35908,8.0886,,50,3,1
7141,PSCCH,FAIL,14,17,,,1,0.0680915,0.0645952,decoded_overlap,50,3,1
7143,PSCCH,FAIL,3,1,,,1,0.0450862,0.0442629,decoded_overlap,50,3,1
7147,PSCCH,OK,3,1,,,0,3.39635,2.91949,,50,3,1
7149,PSCCH,FAIL,14,17,,,1,0.188716,0.168592,decoded_overlap,50,3,1
7151,PSCCH,FAIL,20,1,,,1,0.0751544,0.0662767,decoded_overlap,50,3,1
7155,PSCCH,OK,20,1,,,0,17.5634,16.6294,,50,3,1
7157,PSCCH,FAIL,3,1,,,1,0.0410893,0.0398841,decoded_overlap,50,3,1
7159,PSCCH,FAIL,14,17,,,1,0.0146276,0.0107239,decoded_overlap,50,3,1
7163,PSCCH,OK,20,1,,,0,1.70627,1.56428,,50,3,1
7165,PSCCH,FAIL,3,1,,,0.967105,0.567522,0.510624,decoded_overlap,50,3,1
7167,PSCCH,FAIL,14,17,,,1,0.00833539,0.00695798,decoded_overlap,50,3,1
7171,PSCCH,OK,14,17,,,0,11.8237,8.50629,,50,3,1
7173,PSCCH,FAIL,3,1,,,1,0.0592126,0.0443567,decoded_overlap,50,3,1
7175,PSCCH,FAIL,20,1,,,1,0.0247095,0.0240133,decoded_overlap,50,3,1
7179,PSCCH,OK,14,17,,,0,13.1785,9.93895,,50,3,1
7181,PSCCH,FAIL,20,1,,,1,0.0526353,0.041019,decoded_overlap,50,3,1
7183,PSCCH,FAIL,3,1,,,1,0.0227212,0.0178505,decoded_overlap,50,3,1
7187,PSCCH,OK,20,1,,,0.0015,1.37183,1.35959,,50,3,1
7189,PSCCH,FAIL,3,1,,,1,0.290096,0.288836,decoded_overlap,50,3,1
7191,PSCCH,FAIL,14,17,,,1,0.244924,0.242642,decoded_overlap,50,3,1
7195,PSCCH,OK,14,17,,,0,1.65426,1.59338,,50,3,1
7197,PSCCH,FAIL,3,1,,,0.967105,0.597421,0.572599,decoded_overlap,50,3,1
7199,PSCCH,FAIL,20,1,,,1,0.00290691,0.00262803,decoded_overlap,50,3,1
7203,PSCCH,OK,20,1,,,0,2.01593,1.05263,,50,3,1
7205,PSCCH,FAIL,3,1,,,1,0.499154,0.32022,decoded_overlap,50,3,1
7207,PSCCH,FAIL,14,17,,,1,0.020834,0.0131505,decoded_overlap,50,3,1
7211,PSCCH,OK,14,17,,,0.0015,1.13161,1.00015,,50,3,1
7213,PSCCH,FAIL,3,1,,,1,0.312462,0.301179,decoded_overlap,50,3,1
7215,PSCCH,FAIL,20,1,,,1,0.302206,0.26575,decoded_overlap,50,3,1
7219,PSCCH,OK,20,1,,,0,5.26393,4.97996,,50,3,1
7221,PSCCH,FAIL,14,17,,,1,0.18037,0.167798,decoded_overlap,50,3,1
7223,PSCCH,FAIL,3,1,,,1,0.00709199,0.00698022,decoded_overlap,50,3,1
7227,PSCCH,OK,14,17,,,0,3.40115,3.10278,,50,3,1
7229,PSCCH,FAIL,3,1,,,1,0.249701,0.214685,decoded_overlap,50,3,1
7231,PSCCH,FAIL,20,1,,,1,0.0294986,0.0229481,decoded_overlap,50,3,1
7235,PSCCH,OK,20,1,,,0,8.12361,7.92279,,50,3,1
7237,PSCCH,FAIL,3,1,,,1,0.111642,0.108488,decoded_overlap,50,3,1
7239,PSCCH,FAIL,14,17,,,1,0.00925674,0.00845828,decoded_overlap,50,3,1
7243,PSSCH,FAIL,21,12,7,2334,1,11.5891,8.36439,decode_fail,,,
7245,PSSCH,FAIL,14,17,1,4069,1,2.22427,0.0728706,decode_fail,,,
7253,PSCCH,OK,20,2,,,0,1.92844,1.78179,,50,4,0
7255,PSCCH,FAIL,19,1,,,1,0.519591,0.481827,decoded_overlap,50,4,0
7258,PSCCH,OK,20,2,,,0,20.8003,18.8224,,50,4,0
7260,PSCCH,FAIL,19,1,,,1,0.0482282,0.0443144,decoded_overlap,50,4,0
7263,PSCCH,OK,19,1,,,0,3.13808,3.06343,,50,4,0
7265,PSCCH,FAIL,20,2,,,1,0.318804,0.306866,decoded_overlap,50,4,0
7268,PSCCH,OK,20,2,,,0,110.343,104.967,,50,4,0
7270,PSCCH,FAIL,19,1,,,1,0.00906717,0.0088399,decoded_overlap,50,4,0
7273,PSCCH,OK,19,1,,,0,5.31194,3.50389,,50,4,0
7275,PSCCH,FAIL,20,2,,,1,0.199662,0.133737,decoded_overlap,50,4,0
7278,PSCCH,OK,19,1,,,0,2.25869,1.75018,,50,4,0
7280,PSCCH,FAIL,20,2,,,1,0.453297,0.353988,decoded_overlap,50,4,0
7283,PSCCH,OK,20,2,,,0,13.5588,9.42371,,50,4,0
7285,PSCCH,FAIL,19,1,,,1,0.075443,0.0659402,decoded_overlap,50,4,0
7288,PSCCH,OK,20,2,,,0,7.17582,6.63888,,50,4,0
7290,PSCCH,FAIL,19,1,,,1,0.139678,0.128402,decoded_overlap,50,4,0
7293,PSCCH,OK,19,1,,,0,11.2769,8.01278,,50,4,0
7295,PSCCH,FAIL,20,2,,,1,0.0922319,0.0673028,decoded_overlap,50,4,0
7298,PSCCH,OK,19,1,,,0,8.19319,7.80246,,50,4,0
7300,PSCCH,FAIL,20,2,,,1,0.122158,0.116127,decoded_overlap,50,4,0
7303,PSCCH,OK,20,2,,,0,120.651,119.62,,50,4,0
7305,PSCCH,FAIL,19,1,,,1,0.00826179,0.00823164,decoded_overlap,50,4,0
7308,PSCCH,OK,19,1,,,0,6.42021,4.46278,,50,4,0
7310,PSCCH,FAIL,20,2,,,1,0.162502,0.115318,decoded_overlap,50,4,0
7313,PSCCH,OK,19,1,,,0,5.24305,4.47304,,50,4,0
7315,PSCCH,FAIL,20,2,,,1,0.19241,0.166859,decoded_overlap,50,4,0
7318,PSCCH,OK,19,1,,,0,1.7739,1.45023,,50,4,0
7320,PSCCH,FAIL,20,2,,,0.967105,0.574136,0.453378,decoded_overlap,50,4,0
7323,PSCCH,OK,20,2,,,0,1.68787,1.47182,,50,4,0
7325,PSCCH,FAIL,19,1,,,0.967105,0.59675,0.522551,decoded_overlap,50,4,0
7328,PSCCH,OK,19,1,,,0,2.60957,2.49236,,50,4,0
7330,PSCCH,FAIL,20,2,,,1,0.383404,0.374368,decoded_overlap,50,4,0
7333,PSCCH,OK,20,2,,,0,5.82225,5.69043,,50,4,0
7335,PSCCH,FAIL,19,1,,,1,0.171736,0.166902,decoded_overlap,50,4,0
7338,PSCCH,OK,20,2,,,0,3.80242,1.6089,,50,4,0
7340,PSCCH,FAIL,19,1,,,1,0.323736,0.158521,decoded_overlap,50,4,0
7342,PSSCH,FAIL,20,2,6,4069,1,6.48913,0.247457,decode_fail,,,
7344,PSSCH,FAIL,13,,,,,,,decode_fail,,,
7389,PSSCH,FAIL,20,2,7,705,1,5.59329,5.29713,decode_fail,,,
7391,PSSCH,FAIL,16,5,4,2934,0.999993,66848.1,2.2668,decode_fail,,,
7393,PSCCH,OK,2,1,,,0,11.5825,11.0888,,50,5,0
7398,PSCCH,FAIL,14,1,,,1,0.0864258,0.0815882,decoded_overlap,50,5,0
7400,PSCCH,OK,2,1,,,0.0015,1.23394,1.21773,,50,5,0
7402,PSCCH,FAIL,14,1,,,0.687838,0.810385,0.802366,decoded_overlap,50,5,0
7407,PSCCH,OK,2,1,,,0,13.243,12.2956,,50,5,0
7411,PSCCH,FAIL,14,1,,,1,0.0756674,0.0702949,decoded_overlap,50,5,0
7414,PSCCH,OK,14,1,,,0,1.99851,1.92403,,50,5,0
7417,PSCCH,FAIL,2,1,,,1,0.500581,0.484714,decoded_overlap,50,5,0
7421,PSCCH,OK,2,1,,,0,35.3453,23.9742,,50,5,0
7425,PSCCH,FAIL,14,1,,,1,0.0299065,0.0194402,decoded_overlap,50,5,0
7428,PSCCH,OK,2,1,,,0,126.453,64.8305,,50,5,0
7433,PSCCH,FAIL,14,1,,,1,0.00895217,0.0049149,decoded_overlap,50,5,0
7435,PSCCH,OK,14,1,,,0,123.688,100.106,,50,5,0
7440,PSCCH,FAIL,2,1,,,1,0.00840099,0.00548934,decoded_overlap,50,5,0
7442,PSCCH,OK,14,1,,,0,14.1121,10.3076,,50,5,0
7446,PSCCH,FAIL,2,1,,,1,0.0741106,0.0507455,decoded_overlap,50,5,0
7449,PSCCH,OK,14,1,,,0,3.51781,3.40101,,50,5,0
7453,PSCCH,FAIL,2,1,,,1,0.284295,0.276745,decoded_overlap,50,5,0
7456,PSCCH,OK,2,1,,,0,2.57012,2.43195,,50,5,0
7459,PSCCH,FAIL,14,1,,,1,0.389515,0.369954,decoded_overlap,50,5,0
7464,PSCCH,OK,2,1,,,0.0015,1.24606,0.816864,,50,5,0
7466,PSCCH,FAIL,14,1,,,0.687838,0.849401,0.577935,decoded_overlap,50,5,0
7470,PSCCH,OK,14,1,,,0,61.0534,53.8525,,50,5,0
7475,PSCCH,FAIL,2,1,,,1,0.0164601,0.0141251,decoded_overlap,50,5,0
7477,PSCCH,OK,2,1,,,0.0015,1.39542,1.33213,,50,5,0
7481,PSCCH,FAIL,14,1,,,0.687838,0.716931,0.702849,decoded_overlap,50,5,0
7484,PSCCH,OK,2,1,,,0,39.0999,23.2281,,50,5,0
7489,PSCCH,FAIL,14,1,,,1,0.0277352,0.0182328,decoded_overlap,50,5,0
7491,PSCCH,OK,14,1,,,0,34.0975,28.5768,,50,5,0
7495,PSCCH,FAIL,2,1,,,1,0.0296358,0.025298,decoded_overlap,50,5,0
7499,PSCCH,OK,2,1,,,0,2.04102,1.71117,,50,5,0
7501,PSCCH,FAIL,14,1,,,1,0.495721,0.416597,decoded_overlap,50,5,0
7505,PSSCH,FAIL,2,1,0,4069,1,5.06256,1.85656,decode_fail,,,
7510,PSCCH,OK,5,1,,,0.125375,0.93864,0.794812,,50,5,1
7512,PSCCH,FAIL,14,17,,,0.967105,0.642536,0.639756,decoded_overlap,50,5,1
7514,PSCCH,FAIL,4,1,,,1,0.145086,0.091703,decoded_overlap,50,5,1
7517,PSCCH,OK,5,1,,,0.125375,0.894601,0.84111,,50,5,1
7519,PSCCH,FAIL,14,17,,,1,0.360883,0.347678,decoded_overlap,50,5,1
7521,PSCCH,FAIL,4,1,,,1,0.356691,0.337629,decoded_overlap,50,5,1
7524,PSCCH,OK,4,1,,,0,1.57589,1.46735,,50,5,1
7526,PSCCH,FAIL,14,17,,,1,0.333061,0.314566,decoded_overlap,50,5,1
7528,PSCCH,FAIL,5,1,,,1,0.161026,0.156325,decoded_overlap,50,5,1
7531,PSCCH,OK,4,1,,,0.125375,0.914189,0.702488,,50,5,1
7533,PSCCH,FAIL,14,17,,,0.687838,0.796381,0.618309,decoded_overlap,50,5,1
7535,PSCCH,FAIL,5,1,,,1,0.0925902,0.0843154,decoded_overlap,50,5,1
7538,PSCCH,OK,4,1,,,0,3.6625,3.58358,,50,5,1
7540,PSCCH,FAIL,14,17,,,1,0.150153,0.142758,decoded_overlap,50,5,1
7542,PSCCH,FAIL,5,1,,,1,0.0916078,0.0883316,decoded_overlap,50,5,1
7545,PSCCH,OK,4,1,,,0,2.4903,2.21107,,50,5,1
7547,PSCCH,FAIL,5,1,,,1,0.403892,0.354422,decoded_overlap,50,5,1
7549,PSCCH,FAIL,14,17,,,1,3.34021e-05,2.83758e-05,decoded_overlap,50,5,1
7552,PSCCH,OK,14,17,,,0,20.1285,10.3295,,50,5,1
7554,PSCCH,FAIL,4,1,,,1,0.0279536,0.0161495,decoded_overlap,50,5,1
7556,PSCCH,FAIL,5,1,,,1,0.0265251,0.0155531,decoded_overlap,50,5,1
7559,PSCCH,OK,14,17,,,0.125375,1.06526,0.940346,,50,5,1
7561,PSCCH,FAIL,5,1,,,0.687838,0.755331,0.598981,decoded_overlap,50,5,1
7563,PSCCH,FAIL,4,1,,,1,0.060696,0.0506809,decoded_overlap,50,5,1
7566,PSCCH,OK,5,1,,,0,1.54641,1.42167,,50,5,1
7568,PSCCH,FAIL,14,17,,,1,0.451909,0.399722,decoded_overlap,50,5,1
7570,PSCCH,FAIL,4,1,,,1,0.0896989,0.0782017,decoded_overlap,50,5,1
7573,PSCCH,FAIL,4,1,,,0.125375,1.05104,0.929251,error_model,50,5,1
7575,PSCCH,FAIL,14,17,,,0.967105,0.573437,0.515594,error_model,50,5,1
7577,PSCCH,FAIL,5,1,,,1,0.142033,0.128303,error_model,50,5,1
7580,PSCCH,OK,4,1,,,0,15.043,14.364,,50,5,1
7582,PSCCH,FAIL,14,17,,,1,0.0586793,0.0552496,decoded_overlap,50,5,1
7584,PSCCH,FAIL,5,1,,,1,0.00702264,0.00652261,decoded_overlap,50,5,1
7587,PSCCH,OK,14,17,,,0,4.81433,3.71608,,50,5,1
7589,PSCCH,FAIL,4,1,,,1,0.145434,0.105198,decoded_overlap,50,5,1
7591,PSCCH,FAIL,5,1,,,1,0.0510844,0.0444479,decoded_overlap,50,5,1
7594,PSCCH,OK,4,1,,,0,4.79342,3.53981,,50,5,1
7596,PSCCH,FAIL,5,1,,,1,0.128492,0.0871261,decoded_overlap,50,5,1
7598,PSCCH,FAIL,14,17,,,1,0.0675837,0.0605635,decoded_overlap,50,5,1
7601,PSCCH,OK,14,17,,,0,8.26322,7.72753,,50,5,1
7603,PSCCH,FAIL,4,1,,,1,0.119475,0.10653,decoded_overlap,50,5,1
7605,PSCCH,FAIL,5,1,,,1,0.00153021,0.000436026,decoded_overlap,50,5,1
7608,PSCCH,OK,4,1,,,0.125375,0.996413,0.972635,,50,5,1
7610,PSCCH,FAIL,5,1,,,0.125375,0.980999,0.950289,decoded_overlap,50,5,1
7612,PSCCH,FAIL,14,17,,,1,0.00576021,0.00399867,decoded_overlap,50,5,1
7615,PSCCH,OK,5,1,,,0,1.44987,1.42659,,50,5,1
7617,PSCCH,FAIL,14,17,,,0.967105,0.621678,0.614782,decoded_overlap,50,5,1
7619,PSCCH,FAIL,4,1,,,1,0.0254902,0.0230901,decoded_overlap,50,5,1
7622,PSCCH,OK,14,17,,,0,5.6954,5.1544,,50,5,1
7624,PSCCH,FAIL,4,1,,,1,0.164603,0.152787,decoded_overlap,50,5,1
7626,PSCCH,FAIL,5,1,,,1,0.00856211,0.00489402,decoded_overlap,50,5,1
7632,PSSCH,FAIL,14,17,4,4069,1,13.283,0.816235,decode_fail,,,
7659,PSCCH,OK,9,14,,,0,19816.9,19746.3,,50,6,1
7663,PSCCH,OK,9,14,,,0,3394.29,3384.38,,50,6,1
7665,PSCCH,OK,9,14,,,0,195069,186812,,50,6,1
7669,PSCCH,OK,9,14,,,0,17456,17106.1,,50,6,1
7671,PSCCH,OK,9,14,,,0,132257,127080,,50,6,1
7675,PSCCH,OK,9,14,,,0,266.764,216.425,,50,6,1
7678,PSCCH,OK,9,14,,,0,3974.45,3839.29,,50,6,1
7680,PSCCH,OK,9,14,,,0,88572.7,88079.1,,50,6,1
7683,PSCCH,OK,9,14,,,0,33040,32035.1,,50,6,1
7687,PSCCH,OK,9,14,,,0,49584.1,48524.3,,50,6,1
7690,PSCCH,OK,9,14,,,0,711.72,577.058,,50,6,1
7692,PSCCH,OK,9,14,,,0,483960,186115,,50,6,1
7695,PSCCH,OK,9,14,,,0,65040,62364.9,,50,6,1
7698,PSCCH,OK,9,14,,,0,134262,131678,,50,6,1
7701,PSCCH,OK,9,14,,,0,2069580.0,1918500.0,,50,6,1
7705,PSCCH,OK,9,14,,,0,5428.7,4705.68,,50,6,1
7707,PSCCH,OK,9,14,,,0,102827,48903.8,,50,6,1
7711,PSCCH,OK,9,14,,,0,22555.4,22452.4,,50,6,1
7713,PSCCH,OK,9,14,,,0,108713,100246,,50,6,1
7716,PSSCH,FAIL,4,1,14,2083,1,1.82106,0.554575,decode_fail,,,
7718,PSSCH,OK,9,14,8,4069,0,37306.5,3.95342,,,,
7720,PSCCH,OK,3,1,,,0,3.40487,3.28002,,50,7,0
7722,PSCCH,FAIL,16,1,,,1,0.293972,0.275899,decoded_overlap,50,7,0
7724,PSCCH,OK,3,1,,,0,2.2884,2.00574,,50,7,0
7726,PSCCH,FAIL,16,1,,,1,0.440136,0.382019,decoded_overlap,50,7,0
7728,PSCCH,OK,16,1,,,0,19.2267,18.9429,,50,7,0
7730,PSCCH,FAIL,3,1,,,1,0.0520129,0.0516221,decoded_overlap,50,7,0
7732,PSCCH,OK,16,1,,,0,100.486,95.1382,,50,7,0
7734,PSCCH,FAIL,3,1,,,1,0.00996071,0.00950191,decoded_overlap,50,7,0
7736,PSCCH,OK,3,1,,,0,1.60596,1.44389,,50,7,0
7738,PSCCH,FAIL,16,1,,,0.967105,0.625391,0.575731,decoded_overlap,50,7,0
7740,PSCCH,OK,3,1,,,0,3.84922,2.73332,,50,7,0
7742,PSCCH,FAIL,16,1,,,1,0.272269,0.1836,decoded_overlap,50,7,0
7744,PSCCH,OK,3,1,,,0,1.75185,1.7432,,50,7,0
7746,PSCCH,FAIL,16,1,,,0.967105,0.570734,0.564162,decoded_overlap,50,7,0
7748,PSCCH,OK,3,1,,,0.125375,1.00093,0.967557,,50,7,0
7750,PSCCH,FAIL,16,1,,,0.125375,0.999448,0.971348,decoded_overlap,50,7,0
7752,PSCCH,OK,16,1,,,0,3.70819,3.08871,,50,7,0
7754,PSCCH,FAIL,3,1,,,1,0.27235,0.24267,decoded_overlap,50,7,0
7756,PSCCH,OK,3,1,,,0,5.61428,4.56833,,50,7,0
7758,PSCCH,FAIL,16,1,,,1,0.18064,0.150399,decoded_overlap,50,7,0
7760,PSCCH,OK,16,1,,,0,11.0594,7.8127,,50,7,0
7762,PSCCH,FAIL,3,1,,,1,0.0937886,0.0714915,decoded_overlap,50,7,0
7764,PSCCH,OK,16,1,,,0,2.0313,1.97096,,50,7,0
7766,PSCCH,FAIL,3,1,,,1,0.492406,0.482343,decoded_overlap,50,7,0
7768,PSCCH,OK,16,1,,,0,1.47076,1.31929,,50,7,0
7770,PSCCH,FAIL,3,1,,,0.967105,0.683013,0.613566,decoded_overlap,50,7,0
7772,PSCCH,FAIL,3,1,,,0.125375,1.08939,0.937892,error_model,50,7,0
7774,PSCCH,FAIL,16,1,,,0.125375,0.927301,0.777831,error_model,50,7,0
7776,PSCCH,OK,3,1,,,0,48.7636,48.2378,,50,7,0
7778,PSCCH,FAIL,16,1,,,1,0.020507,0.020264,decoded_overlap,50,7,0
7780,PSCCH,OK,3,1,,,0,1.71759,1.67909,,50,7,0
7782,PSCCH,FAIL,16,1,,,0.967105,0.582052,0.57614,decoded_overlap,50,7,0
7784,PSCCH,OK,16,1,,,0,1.51622,1.43254,,50,7,0
7786,PSCCH,FAIL,3,1,,,0.967105,0.660207,0.633151,decoded_overlap,50,7,0
7788,PSCCH,OK,16,1,,,0,31.6286,24.5234,,50,7,0
7790,PSCCH,FAIL,3,1,,,1,0.0321906,0.0271218,decoded_overlap,50,7,0
7792,PSCCH,OK,3,1,,,0,37.1848,34.6173,,50,7,0
7794,PSCCH,FAIL,16,1,,,1,0.0269402,0.0253314,decoded_overlap,50,7,0
7797,PSSCH,FAIL,3,1,8,4069,1,3.32092,2.29559,decode_fail,,,
7806,PSCCH,FAIL,19,1,,,1,0.499848,0.490397,decoded_overlap,50,7,1
7810,PSCCH,FAIL,19,1,,,1,0.370415,0.336238,decoded_overlap,50,7,1
7813,PSCCH,OK,19,1,,,0,41.2936,41.1266,,50,7,1
7818,PSCCH,FAIL,19,1,,,1,0.0185148,0.0183417,decoded_overlap,50,7,1
7822,PSCCH,FAIL,19,1,,,1,0.183468,0.132273,decoded_overlap,50,7,1
7826,PSCCH,FAIL,19,1,,,1,0.192966,0.154516,decoded_overlap,50,7,1
7830,PSCCH,FAIL,19,1,,,1,0.000785534,0.000614378,decoded_overlap,50,7,1
7832,PSCCH,OK,19,1,,,0,147.668,119.87,,50,7,1
7838,PSCCH,FAIL,19,1,,,1,0.527348,0.411273,decoded_overlap,50,7,1
7841,PSCCH,OK,19,1,,,0,7.92059,7.04223,,50,7,1
7846,PSCCH,FAIL,19,1,,,1,0.0704155,0.0679692,decoded_overlap,50,7,1
7850,PSCCH,FAIL,19,1,,,1,0.220663,0.210193,decoded_overlap,50,7,1
7854,PSCCH,FAIL,19,1,,,1,0.247938,0.227586,decoded_overlap,50,7,1
7857,PSCCH,OK,19,1,,,0,3.08035,2.87611,,50,7,1
7861,PSCCH,OK,19,1,,,0.125375,1.11104,0.723491,,50,7,1
7866,PSCCH,FAIL,19,1,,,1,0.25165,0.245316,decoded_overlap,50,7,1
7870,PSCCH,FAIL,19,1,,,1,0.192611,0.186287,decoded_overlap,50,7,1
7874,PSCCH,FAIL,19,1,,,1,0.101652,0.0642225,decoded_overlap,50,7,1
7876,PSSCH,FAIL,16,1,7,2083,1,1.40365,0.364452,decode_fail,,,
7878,PSSCH,FAIL,14,1,3,2083,1,10.3239,1.65614,decode_fail,,,
7882,PSCCH,OK,2,1,,,0,3.12772,3.04374,,50,8,1
7884,PSCCH,FAIL,3,1,,,1,0.116742,0.107025,decoded_overlap,50,8,1
7886,PSCCH,FAIL,9,14,,,1,0.0776104,0.0724384,decoded_overlap,50,8,1
7888,PSCCH,FAIL,5,1,,,1,0.0521315,0.0490331,decoded_overlap,50,8,1
7891,PSCCH,OK,5,1,,,0,2.04683,2.02605,,50,8,1
7893,PSCCH,FAIL,3,1,,,1,0.268931,0.262827,decoded_overlap,50,8,1
7895,PSCCH,FAIL,2,1,,,1,0.0512201,0.0510754,decoded_overlap,50,8,1
7898,PSCCH,FAIL,9,14,,,1,0.0231948,0.0227963,decoded_overlap,50,8,1
7900,PSCCH,OK,3,1,,,0.687838,0.817069,0.619094,,50,8,1
7902,PSCCH,FAIL,9,14,,,1,0.40589,0.386421,decoded_overlap,50,8,1
7904,PSCCH,FAIL,2,1,,,1,0.146369,0.127793,decoded_overlap,50,8,1
7907,PSCCH,FAIL,5,1,,,1,0.0593222,0.0533537,decoded_overlap,50,8,1
7909,PSCCH,OK,2,1,,,0.125375,1.07943,0.883106,,50,8,1
7911,PSCCH,FAIL,9,14,,,1,0.18483,0.123656,decoded_overlap,50,8,1
7913,PSCCH,FAIL,5,1,,,1,0.159311,0.118038,decoded_overlap,50,8,1
7915,PSCCH,FAIL,3,1,,,1,0.117931,0.107564,decoded_overlap,50,8,1
7918,PSCCH,OK,2,1,,,0,3.03851,2.99781,,50,8,1
7920,PSCCH,FAIL,5,1,,,1,0.13651,0.127419,decoded_overlap,50,8,1
7922,PSCCH,FAIL,3,1,,,1,0.106178,0.100614,decoded_overlap,50,8,1
7924,PSCCH,FAIL,9,14,,,1,0.0198543,0.0179952,decoded_overlap,50,8,1
7928,PSCCH,FAIL,9,14,,,1,0.521764,0.517439,error_model,50,8,1
7930,PSCCH,FAIL,5,1,,,1,0.212989,0.199732,error_model,50,8,1
7932,PSCCH,FAIL,3,1,,,1,0.0297938,0.0278333,error_model,50,8,1
7934,PSCCH,FAIL,2,1,,,1,0.0244172,0.0241264,error_model,50,8,1
7936,PSCCH,OK,9,14,,,0.125375,0.88659,0.786173,,50,8,1
7938,PSCCH,FAIL,3,1,,,1,0.276497,0.240059,decoded_overlap,50,8,1
7940,PSCCH,FAIL,5,1,,,1,0.261691,0.237416,decoded_overlap,50,8,1
7942,PSCCH,FAIL,2,1,,,1,0.0842133,0.0779382,decoded_overlap,50,8,1
7945,PSCCH,OK,2,1,,,0.687838,0.738723,0.687732,,50,8,1
7947,PSCCH,FAIL,3,1,,,1,0.432912,0.383293,decoded_overlap,50,8,1
7949,PSCCH,FAIL,9,14,,,1,0.267836,0.253062,decoded_overlap,50,8,1
7951,PSCCH,FAIL,5,1,,,1,0.0554591,0.0545866,decoded_overlap,50,8,1
7954,PSCCH,OK,2,1,,,0,1.62285,1.49878,,50,8,1
7956,PSCCH,FAIL,3,1,,,1,0.323397,0.306529,decoded_overlap,50,8,1
7959,PSCCH,FAIL,9,14,,,1,0.0385048,0.0373472,decoded_overlap,50,8,1
7961,PSCCH,FAIL,5,1,,,1,0.0193949,0.0169819,decoded_overlap,50,8,1
7963,PSCCH,OK,9,14,,,0,2.86434,2.09888,,50,8,1
7966,PSCCH,FAIL,3,1,,,1,0.0358274,0.0319813,decoded_overlap,50,8,1
7968,PSCCH,FAIL,2,1,,,1,0.0143841,0.0123219,decoded_overlap,50,8,1
7970,PSCCH,FAIL,5,1,,,1,0.00728495,0.0063807,decoded_overlap,50,8,1
7972,PSCCH,OK,9,14,,,0,1.98823,1.5462,,50,8,1
7975,PSCCH,FAIL,5,1,,,1,0.0713561,0.0620413,decoded_overlap,50,8,1
7977,PSCCH,FAIL,3,1,,,1,0.0706397,0.0547547,decoded_overlap,50,8,1
7979,PSCCH,FAIL,2,1,,,1,0.00257514,0.00209394,decoded_overlap,50,8,1
7981,PSCCH,OK,5,1,,,0.125375,0.888377,0.85977,,50,8,1
7984,PSCCH,FAIL,9,14,,,1,0.0942412,0.0924356,decoded_overlap,50,8,1
7986,PSCCH,FAIL,2,1,,,1,0.00685879,0.00516544,decoded_overlap,50,8,1
7988,PSCCH,FAIL,3,1,,,1,0.00133659,0.00130402,decoded_overlap,50,8,1
7990,PSCCH,OK,9,14,,,0,3.32357,2.95793,,50,8,1
7992,PSCCH,FAIL,3,1,,,1,0.261669,0.219424,decoded_overlap,50,8,1
7995,PSCCH,FAIL,2,1,,,1,0.0113538,0.0106632,decoded_overlap,50,8,1
7997,PSCCH,FAIL,5,1,,,1,0.000289693,4.70842e-05,decoded_overlap,50,8,1
7999,PSCCH,OK,5,1,,,0.0015,1.29306,1.1075,,50,8,1
8001,PSCCH,FAIL,9,14,,,1,0.172679,0.155016,decoded_overlap,50,8,1
8003,PSCCH,FAIL,3,1,,,1,0.16889,0.121893,decoded_overlap,50,8,1
8005,PSCCH,FAIL,2,1,,,1,0.124738,0.121721,decoded_overlap,50,8,1
8008,PSCCH,FAIL,5,1,,,1,0.468114,0.446805,error_model,50,8,1
8010,PSCCH,FAIL,2,1,,,1,0.362519,0.344047,error_model,50,8,1
8012,PSCCH,FAIL,3,1,,,1,0.260862,0.235185,error_model,50,8,1
8015,PSCCH,FAIL,9,14,,,1,0.0162254,0.0152581,error_model,50,8,1
8017,PSCCH,OK,3,1,,,0,9.21059,9.09868,,50,8,1
8019,PSCCH,FAIL,2,1,,,1,0.0558203,0.0507395,decoded_overlap,50,8,1
8021,PSCCH,FAIL,9,14,,,1,0.0450442,0.0390268,decoded_overlap,50,8,1
8023,PSCCH,FAIL,5,1,,,1,0.00172054,0.00134789,decoded_overlap,50,8,1
8026,PSSCH,FAIL,2,1,2,4069,1,4.21246,2.90796,decode_fail,,,
8028,PSSCH,FAIL,9,14,9,4069,1,6.40874,0.200034,decode_fail,,,
8050,PSSCH,OK,9,14,10,100,0,1413840.0,1030300.0,,,,
8074,PSSCH,OK,14,17,0,1060,0,87924.2,41416.5,,,,
8079,PSCCH,OK,3,1,,,0,38631,36953.8,,51,0,1
8081,PSCCH,OK,3,1,,,0,81983.9,80205.7,,51,0,1
8083,PSCCH,OK,3,1,,,0,53891.1,53492.2,,51,0,1
8085,PSCCH,OK,3,1,,,0,32270.9,31877.9,,51,0,1
8087,PSCCH,OK,3,1,,,0,78107.6,66530.9,,51,0,1
8089,PSCCH,OK,3,1,,,0,540.893,529.452,,51,0,1
8091,PSCCH,OK,3,1,,,0,16164.1,16100.6,,51,0,1
8093,PSCCH,OK,3,1,,,0,170265,165107,,51,0,1
8095,PSCCH,OK,3,1,,,0,7833.81,5076.09,,51,0,1
8097,PSCCH,OK,3,1,,,0,3361.26,2753.01,,51,0,1
8099,PSCCH,OK,3,1,,,0,89346.5,82037.4,,51,0,1
8101,PSCCH,OK,3,1,,,0,22771.8,20279.9,,51,0,1
8103,PSCCH,OK,3,1,,,0,50984.1,49771.5,,51,0,1
8105,PSCCH,OK,3,1,,,0,17029.3,15818.7,,51,0,1
8107,PSCCH,OK,3,1,,,0,3233.39,3233.38,,51,0,1
8109,PSCCH,OK,3,1,,,0,831247,770524,,51,0,1
8111,PSCCH,OK,3,1,,,0,1333.33,616.215,,51,0,1
8113,PSCCH,OK,3,1,,,0,286760,286503,,51,0,1
8115,PSCCH,OK,3,1,,,0,30076.4,28838,,51,0,1
8117,PSCCH,OK,3,1,,,0,2488780.0,2293240.0,,51,0,1
8119,PSSCH,OK,3,1,9,4069,0,2936.01,2080.35,,,,
8142,PSSCH,OK,2,1,3,2083,0,51137.9,39583.7,,,,
8144,PSCCH,OK,5,1,,,0,12868.7,11764.4,,51,1,1
8146,PSCCH,OK,5,1,,,0,81420.8,79514,,51,1,1
8148,PSCCH,OK,5,1,,,0,26038.3,25680.1,,51,1,1
8150,PSCCH,OK,5,1,,,0,180917,168492,,51,1,1
8152,PSCCH,OK,5,1,,,0,8116.1,8081.17,,51,1,1
8154,PSCCH,OK,5,1,,,0,1115.23,615.324,,51,1,1
8156,PSCCH,OK,5,1,,,0,48878.7,48051.2,,51,1,1
8158,PSCCH,OK,5,1,,,0,22035.1,21912.6,,51,1,1
8160,PSCCH,OK,5,1,,,0,23552.8,23501.1,,51,1,1
8162,PSCCH,OK,5,1,,,0,10811.8,9931.13,,51,1,1
8164,PSCCH,OK,5,1,,,0,12232.6,11920.3,,51,1,1
8166,PSCCH,OK,5,1,,,0,1256.75,1120.19,,51,1,1
8168,PSCCH,OK,5,1,,,0,7294.3,6651.62,,51,1,1
8170,PSCCH,OK,5,1,,,0,22812.2,21441.9,,51,1,1
8172,PSCCH,OK,5,1,,,0,151658,134913,,51,1,1
8174,PSCCH,OK,5,1,,,0,1570.6,129.479,,51,1,1
8176,PSCCH,OK,5,1,,,0,18858.7,18625.9,,51,1,1
8178,PSCCH,OK,5,1,,,0,332200,288031,,51,1,1
8180,PSCCH,OK,5,1,,,0,149714,146753,,51,1,1
8182,PSCCH,OK,5,1,,,0,9873.34,9337.95,,51,1,1
8185,PSSCH,OK,5,1,9,4069,0,1942.37,1170.43,,,,
8211,PSSCH,OK,21,12,8,4,0,63250.9,61273.9,,,,
8252,PSSCH,FAIL,5,1,10,2083,1,1128.36,0.28541,decode_fail,,,
8254,PSSCH,FAIL,3,1,10,2083,1,1339.72,1.17767,decode_fail,,,
8277,PSSCH,OK,20,2,8,4,0,82716.5,82234.4,,,,
8320,PSSCH,OK,14,17,5,8,0,440165,306631,,,,
8446,PSCCH,FAIL,14,1,,,0.687838,0.804594,0.778781,error_model,60,1,0
8451,PSCCH,FAIL,14,1,,,1,0.388373,0.386843,decoded_overlap,60,1,0
8455,PSCCH,FAIL,14,1,,,1,0.292631,0.288288,decoded_overlap,60,1,0
8459,PSCCH,FAIL,14,1,,,1,0.0630245,0.060521,decoded_overlap,60,1,0
8464,PSCCH,FAIL,14,1,,,1,0.0156027,0.014599,decoded_overlap,60,1,0
8466,PSCCH,OK,14,1,,,0,2.07687,2.00753,,60,1,0
8472,PSCCH,FAIL,14,1,,,1,0.00241011,0.0011567,decoded_overlap,60,1,0
8476,PSCCH,FAIL,14,1,,,1,0.00187723,0.0012905,decoded_overlap,60,1,0
8478,PSCCH,OK,14,1,,,0,3.62487,2.64303,,60,1,0
8482,PSCCH,OK,14,1,,,0.125375,0.914577,0.871565,,60,1,0
8486,PSCCH,OK,14,1,,,0,2.26614,2.07158,,60,1,0
8491,PSCCH,FAIL,14,1,,,1,0.482078,0.466321,decoded_overlap,60,1,0
8495,PSCCH,FAIL,14,1,,,0.687838,0.723511,0.699251,error_model,60,1,0
8499,PSCCH,FAIL,14,1,,,0.967105,0.661001,0.652694,decoded_overlap,60,1,0
8502,PSCCH,OK,14,1,,,0,1.54701,0.861915,,60,1,0
8508,PSCCH,FAIL,14,1,,,1,0.143681,0.117212,decoded_overlap,60,1,0
8512,PSCCH,FAIL,14,1,,,1,0.0907848,0.0776099,decoded_overlap,60,1,0
8514,PSCCH,OK,14,1,,,0,6.73731,6.49725,,60,1,0
8522,PSCCH,OK,5,1,,,0.687838,0.863179,0.776887,,60,1,1
8524,PSCCH,FAIL,14,17,,,0.967105,0.587979,0.566591,decoded_overlap,60,1,1
8526,PSCCH,FAIL,20,1,,,1,0.200629,0.176897,decoded_overlap,60,1,1
8530,PSCCH,OK,14,17,,,0,1.54055,1.50578,,60,1,1
8532,PSCCH,FAIL,5,1,,,1,0.277177,0.272522,decoded_overlap,60,1,1
8534,PSCCH,FAIL,20,1,,,1,0.214494,0.209119,decoded_overlap,60,1,1
8538,PSCCH,OK,20,1,,,0,3.60249,3.58037,,60,1,1
8540,PSCCH,FAIL,5,1,,,1,0.248905,0.248491,decoded_overlap,60,1,1
8542,PSCCH,FAIL,14,17,,,1,0.0183054,0.017363,decoded_overlap,60,1,1
8546,PSCCH,OK,14,17,,,0,21.074,20.2347,,60,1,1
8548,PSCCH,FAIL,5,1,,,1,0.0471313,0.0454367,decoded_overlap,60,1,1
8550,PSCCH,FAIL,20,1,,,1,0.000307898,0.000283874,decoded_overlap,60,1,1
8554,PSCCH,OK,20,1,,,0,1.55959,1.40193,,60,1,1
8556,PSCCH,FAIL,5,1,,,1,0.283511,0.264841,decoded_overlap,60,1,1
8558,PSCCH,FAIL,14,17,,,1,0.205152,0.190016,decoded_overlap,60,1,1
8562,PSCCH,OK,20,1,,,0,12.665,8.54144,,60,1,1
8564,PSCCH,FAIL,5,1,,,1,0.0836806,0.0532562,decoded_overlap,60,1,1
8566,PSCCH,FAIL,14,17,,,1,0.000234772,0.00018399,decoded_overlap,60,1,1
8570,PSCCH,OK,14,17,,,0,69.0498,65.8512,,60,1,1
8572,PSCCH,FAIL,5,1,,,1,0.0107578,0.0104679,decoded_overlap,60,1,1
8574,PSCCH,FAIL,20,1,,,1,0.00365357,0.00354177,decoded_overlap,60,1,1
8578,PSCCH,OK,14,17,,,0,2.74126,2.50363,,60,1,1
8580,PSCCH,FAIL,5,1,,,1,0.246995,0.226278,decoded_overlap,60,1,1
8582,PSCCH,FAIL,20,1,,,1,0.0751168,0.0662549,decoded_overlap,60,1,1
8586,PSCCH,OK,20,1,,,0.0015,1.35887,1.33544,,60,1,1
8588,PSCCH,FAIL,5,1,,,1,0.279777,0.259512,decoded_overlap,60,1,1
8590,PSCCH,FAIL,14,17,,,1,0.258701,0.235025,decoded_overlap,60,1,1
8594,PSCCH,OK,14,17,,,0,4.31616,4.10057,,60,1,1
8596,PSCCH,FAIL,5,1,,,1,0.208037,0.192469,decoded_overlap,60,1,1
8598,PSCCH,FAIL,20,1,,,1,0.0163344,0.0140148,decoded_overlap,60,1,1
8602,PSCCH,OK,20,1,,,0,6.24904,6.08474,,60,1,1
8604,PSCCH,FAIL,14,17,,,1,0.151614,0.144934,decoded_overlap,60,1,1
8606,PSCCH,FAIL,5,1,,,1,0.00638966,0.00587672,decoded_overlap,60,1,1
8610,PSCCH,OK,14,17,,,0.0015,1.30445,1.27089,,60,1,1
8612,PSCCH,FAIL,5,1,,,1,0.519569,0.478347,decoded_overlap,60,1,1
8614,PSCCH,FAIL,20,1,,,1,0.102006,0.0725524,decoded_overlap,60,1,1
8618,PSCCH,OK,14,17,,,0,1.93961,1.15224,,60,1,1
8620,PSCCH,FAIL,20,1,,,1,0.544239,0.374565,decoded_overlap,60,1,1
8622,PSCCH,FAIL,5,1,,,1,0.00411353,0.0023692,decoded_overlap,60,1,1
8626,PSCCH,OK,20,1,,,0.0015,1.3836,1.37441,,60,1,1
8628,PSCCH,FAIL,5,1,,,0.687838,0.720634,0.717313,decoded_overlap,60,1,1
8630,PSCCH,FAIL,14,17,,,1,0.00069729,0.000504245,decoded_overlap,60,1,1
8634,PSCCH,OK,5,1,,,0,3.38628,2.46536,,60,1,1
8636,PSCCH,FAIL,14,17,,,1,0.137204,0.0675633,decoded_overlap,60,1,1
8638,PSCCH,FAIL,20,1,,,1,0.128378,0.123935,decoded_overlap,60,1,1
8642,PSCCH,OK,14,17,,,0,36.3613,30.604,,60,1,1
8644,PSCCH,FAIL,5,1,,,1,0.0243236,0.0189632,decoded_overlap,60,1,1
8646,PSCCH,FAIL,20,1,,,1,0.00339756,0.00327015,decoded_overlap,60,1,1
8650,PSSCH,FAIL,14,17,2,4069,1,3.50469,0.582566,decode_fail,,,
8652,PSSCH,FAIL,16,19,9,2403,1,1.29416,0.387466,decode_fail,,,
8660,PSCCH,OK,14,17,,,0,2.2226,2.10106,,60,2,0
8664,PSCCH,FAIL,20,2,,,1,0.450711,0.415569,decoded_overlap,60,2,0
8668,PSCCH,OK,20,2,,,0,3.847,3.81198,,60,2,0
8672,PSCCH,FAIL,14,17,,,1,0.259937,0.257762,decoded_overlap,60,2,0
8676,PSCCH,OK,20,2,,,0,43.5959,41.0334,,60,2,0
8680,PSCCH,FAIL,14,17,,,1,0.0229665,0.0217715,decoded_overlap,60,2,0
8684,PSCCH,OK,20,2,,,0,14.7188,13.4985,,60,2,0
8688,PSCCH,FAIL,14,17,,,1,0.0680923,0.0637369,decoded_overlap,60,2,0
8692,PSCCH,OK,14,17,,,0,546.556,408.236,,60,2,0
8696,PSCCH,FAIL,20,2,,,1,0.00188377,0.00135216,decoded_overlap,60,2,0
8701,PSCCH,OK,20,2,,,0,7.26216,6.91066,,60,2,0
8703,PSCCH,FAIL,14,17,,,1,0.137901,0.125453,decoded_overlap,60,2,0
8708,PSCCH,OK,20,2,,,0,113.315,110.564,,60,2,0
8712,PSCCH,FAIL,14,17,,,1,0.00879163,0.00852104,decoded_overlap,60,2,0
8717,PSCCH,OK,14,17,,,0,13.153,11.6784,,60,2,0
8719,PSCCH,FAIL,20,2,,,1,0.0764845,0.0667691,decoded_overlap,60,2,0
8725,PSCCH,OK,20,2,,,0,1.55352,1.43668,,60,2,0
8727,PSCCH,FAIL,14,17,,,0.967105,0.64473,0.611558,decoded_overlap,60,2,0
8732,PSCCH,OK,14,17,,,0,21.3246,18.7619,,60,2,0
8736,PSCCH,FAIL,20,2,,,1,0.047191,0.0410035,decoded_overlap,60,2,0
8740,PSCCH,OK,14,17,,,0,33.1498,18.2133,,60,2,0
8744,PSCCH,FAIL,20,2,,,1,0.0334621,0.0210093,decoded_overlap,60,2,0
8749,PSCCH,OK,20,2,,,0,4.04874,3.77045,,60,2,0
8751,PSCCH,FAIL,14,17,,,1,0.247558,0.228224,decoded_overlap,60,2,0
8757,PSCCH,OK,14,17,,,0,1.67517,0.951636,,60,2,0
8759,PSCCH,FAIL,20,2,,,0.967105,0.653196,0.420713,decoded_overlap,60,2,0
8764,PSCCH,OK,20,2,,,0,26.9891,18.3178,,60,2,0
8768,PSCCH,FAIL,14,17,,,1,0.0389747,0.0269549,decoded_overlap,60,2,0
8772,PSCCH,OK,20,2,,,0,40.1994,10.1125,,60,2,0
8775,PSCCH,FAIL,14,17,,,1,0.0449906,0.00968972,decoded_overlap,60,2,0
8782,PSSCH,FAIL,13,,,,,,,decode_fail,,,
8791,PSCCH,OK,5,1,,,0,21002.7,20312.7,,60,2,1
8793,PSCCH,OK,5,1,,,0,85186,79744.9,,60,2,1
8797,PSCCH,OK,5,1,,,0,13657.2,13377.4,,60,2,1
8800,PSCCH,OK,5,1,,,0,73280.9,71465.7,,60,2,1
8803,PSCCH,OK,5,1,,,0,6251.69,6210.75,,60,2,1
8806,PSCCH,OK,5,1,,,0,203.808,104.536,,60,2,1
8809,PSCCH,OK,5,1,,,0,1738.97,1007.77,,60,2,1
8811,PSCCH,OK,5,1,,,0,19571.3,19517.9,,60,2,1
8814,PSCCH,OK,5,1,,,0,8207.04,8122.12,,60,2,1
8817,PSCCH,OK,5,1,,,0,9151.64,9017.88,,60,2,1
8821,PSCCH,OK,5,1,,,0,8913.79,8652.61,,60,2,1
8824,PSCCH,OK,5,1,,,0,14882.7,14435.9,,60,2,1
8826,PSCCH,OK,5,1,,,0,7976.94,5707.48,,60,2,1
8829,PSCCH,OK,5,1,,,0,581481,550932,,60,2,1
8833,PSCCH,OK,5,1,,,0,1367.38,664.081,,60,2,1
8835,PSCCH,OK,5,1,,,0,14927.6,14359.1,,60,2,1
8838,PSCCH,OK,5,1,,,0,276615,248703,,60,2,1
8842,PSCCH,OK,5,1,,,0,93336.2,89259,,60,2,1
8845,PSCCH,OK,5,1,,,0,3464.68,2332.94,,60,2,1
8847,PSSCH,FAIL,5,1,13,4069,1,843.707,0.0379455,decode_fail,,,
8849,PSSCH,FAIL,13,,,,,,,decode_fail,,,
8856,PSCCH,OK,3,1,,,0.687838,0.823492,0.740587,,60,3,0
8858,PSCCH,FAIL,9,14,,,1,0.54157,0.498235,decoded_overlap,60,3,0
8860,PSCCH,FAIL,21,12,,,1,0.246546,0.238426,decoded_overlap,60,3,0
8863,PSCCH,FAIL,21,12,,,0.125375,1.02903,0.981417,error_model,60,3,0
8865,PSCCH,FAIL,3,1,,,0.125375,0.911328,0.884125,error_model,60,3,0
8867,PSCCH,FAIL,9,14,,,1,0.0164565,0.0152761,error_model,60,3,0
8870,PSCCH,FAIL,3,1,,,0.125375,1.04596,0.993174,error_model,60,3,0
8872,PSCCH,FAIL,21,12,,,1,0.517041,0.49263,error_model,60,3,0
8874,PSCCH,FAIL,9,14,,,1,0.173904,0.172517,error_model,60,3,0
8877,PSCCH,OK,9,14,,,0,3.6882,3.09607,,60,3,0
8879,PSCCH,FAIL,21,12,,,1,0.222243,0.182522,decoded_overlap,60,3,0
8881,PSCCH,FAIL,3,1,,,1,0.0344386,0.0325749,decoded_overlap,60,3,0
8884,PSCCH,FAIL,9,14,,,0.967105,0.630289,0.601543,error_model,60,3,0
8886,PSCCH,FAIL,21,12,,,1,0.550254,0.426912,error_model,60,3,0
8888,PSCCH,FAIL,3,1,,,1,0.355417,0.256583,error_model,60,3,0
8891,PSCCH,OK,21,12,,,0,128.981,93.9055,,60,3,0
8893,PSCCH,FAIL,9,14,,,1,0.00646819,0.00471198,decoded_overlap,60,3,0
8895,PSCCH,FAIL,3,1,,,1,0.00153512,0.00106706,decoded_overlap,60,3,0
8898,PSCCH,OK,3,1,,,0,2.85093,2.80448,,60,3,0
8900,PSCCH,FAIL,21,12,,,1,0.204742,0.200117,decoded_overlap,60,3,0
8902,PSCCH,FAIL,9,14,,,1,0.098543,0.0982896,decoded_overlap,60,3,0
8905,PSCCH,OK,21,12,,,0.0015,1.24933,1.22913,,60,3,0
8907,PSCCH,FAIL,9,14,,,0.687838,0.754976,0.749036,decoded_overlap,60,3,0
8909,PSCCH,FAIL,3,1,,,1,0.0146235,0.00893721,decoded_overlap,60,3,0
8912,PSCCH,FAIL,3,1,,,0.687838,0.730269,0.693193,error_model,60,3,0
8914,PSCCH,FAIL,21,12,,,1,0.488676,0.462023,error_model,60,3,0
8916,PSCCH,FAIL,9,14,,,1,0.333062,0.329474,error_model,60,3,0
8919,PSCCH,OK,21,12,,,0.125375,1.0516,1.00375,,60,3,0
8921,PSCCH,FAIL,3,1,,,1,0.485556,0.43162,decoded_overlap,60,3,0
8923,PSCCH,FAIL,9,14,,,1,0.19204,0.17666,decoded_overlap,60,3,0
8926,PSCCH,OK,21,12,,,0,3.62678,2.96605,,60,3,0
8928,PSCCH,FAIL,3,1,,,1,0.262383,0.209018,decoded_overlap,60,3,0
8930,PSCCH,FAIL,9,14,,,1,0.0113159,0.010439,decoded_overlap,60,3,0
8933,PSCCH,OK,9,14,,,0,2.08804,1.94568,,60,3,0
8935,PSCCH,FAIL,21,12,,,1,0.364344,0.336676,decoded_overlap,60,3,0
8937,PSCCH,FAIL,3,1,,,1,0.0606742,0.0606365,decoded_overlap,60,3,0
8940,PSCCH,OK,9,14,,,0,8.64527,6.80784,,60,3,0
8942,PSCCH,FAIL,21,12,,,1,0.0899237,0.079999,decoded_overlap,60,3,0
8944,PSCCH,FAIL,3,1,,,1,0.023182,0.0157733,decoded_overlap,60,3,0
8947,PSCCH,OK,9,14,,,0,4.26153,4.22861,,60,3,0
8949,PSCCH,FAIL,21,12,,,1,0.205416,0.203662,decoded_overlap,60,3,0
8951,PSCCH,FAIL,3,1,,,1,0.0200397,0.0199378,decoded_overlap,60,3,0
8954,PSCCH,OK,9,14,,,0,7.05124,6.18846,,60,3,0
8956,PSCCH,FAIL,3,1,,,1,0.0899949,0.077531,decoded_overlap,60,3,0
8958,PSCCH,FAIL,21,12,,,1,0.044123,0.0427193,decoded_overlap,60,3,0
8961,PSCCH,FAIL,9,14,,,0.687838,0.787872,0.621483,error_model,60,3,0
8963,PSCCH,FAIL,21,12,,,1,0.544478,0.480408,error_model,60,3,0
8965,PSCCH,FAIL,3,1,,,1,0.270159,0.15219,error_model,60,3,0
8968,PSCCH,OK,3,1,,,0,2.86211,2.54398,,60,3,0
8970,PSCCH,FAIL,9,14,,,1,0.310693,0.273404,decoded_overlap,60,3,0
8972,PSCCH,FAIL,21,12,,,1,0.0237077,0.0167781,decoded_overlap,60,3,0
8978,PSSCH,FAIL,21,12,11,4069,1,1.64786,0.772587,decode_fail,,,
8984,PSCCH,OK,2,1,,,0,215323,206147,,60,3,1
8988,PSCCH,OK,2,1,,,0,79937.8,79255.9,,60,3,1
8992,PSCCH,OK,2,1,,,0,55034.4,50202,,60,3,1
8996,PSCCH,OK,2,1,,,0,68759.4,64771.6,,60,3,1
9000,PSCCH,OK,2,1,,,0,19210.5,18979.8,,60,3,1
9004,PSCCH,OK,2,1,,,0,10176.4,10136.7,,60,3,1
9008,PSCCH,OK,2,1,,,0,72515.9,57052,,60,3,1
9012,PSCCH,OK,2,1,,,0,2215.08,2127.8,,60,3,1
9016,PSCCH,OK,2,1,,,0,3498.56,3498.02,,60,3,1
9020,PSCCH,OK,2,1,,,0,3118.65,3046.78,,60,3,1
9024,PSCCH,OK,2,1,,,0,121688,116990,,60,3,1
9028,PSCCH,OK,2,1,,,0,184506,178728,,60,3,1
9032,PSCCH,OK,2,1,,,0,23650.1,23605.9,,60,3,1
9036,PSCCH,OK,2,1,,,0,2368.26,2082.34,,60,3,1
9040,PSCCH,OK,2,1,,,0,50398,50350.3,,60,3,1
9044,PSCCH,OK,2,1,,,0,3782.58,3698.82,,60,3,1
9048,PSCCH,OK,2,1,,,0,25598.2,25090.3,,60,3,1
9052,PSCCH,OK,2,1,,,0,90986.5,89989.2,,60,3,1
9058,PSSCH,FAIL,2,1,4,4069,1,10256.1,4.6476,decode_fail,,,
9064,PSCCH,OK,14,17,,,0,4.87519,4.45848,,60,4,0
9066,PSCCH,FAIL,16,1,,,1,0.205692,0.188468,decoded_overlap,60,4,0
9069,PSCCH,OK,16,1,,,0,6.84077,5.01217,,60,4,0
9071,PSCCH,FAIL,14,17,,,1,0.151618,0.109545,decoded_overlap,60,4,0
9074,PSCCH,OK,14,17,,,0,34.6537,31.4814,,60,4,0
9076,PSCCH,FAIL,16,1,,,1,0.0289281,0.0268893,decoded_overlap,60,4,0
9079,PSCCH,OK,16,1,,,0,37.7673,36.1054,,60,4,0
9081,PSCCH,FAIL,14,17,,,1,0.0264968,0.0253994,decoded_overlap,60,4,0
9084,PSCCH,OK,16,1,,,0,14.5876,12.8075,,60,4,0
9086,PSCCH,FAIL,14,17,,,1,0.0692085,0.0576528,decoded_overlap,60,4,0
9089,PSCCH,OK,14,17,,,0,2.50373,2.31983,,60,4,0
9091,PSCCH,FAIL,16,1,,,1,0.400209,0.374549,decoded_overlap,60,4,0
9094,PSCCH,OK,14,17,,,0.125375,1.08967,0.943363,,60,4,0
9096,PSCCH,FAIL,16,1,,,0.125375,0.923504,0.808718,decoded_overlap,60,4,0
9099,PSCCH,OK,16,1,,,0,72.6764,53.1361,,60,4,0
9101,PSCCH,FAIL,14,17,,,1,0.0138206,0.0100547,decoded_overlap,60,4,0
9104,PSCCH,OK,14,17,,,0,3.20935,3.20509,,60,4,0
9106,PSCCH,FAIL,16,1,,,1,0.311588,0.311182,decoded_overlap,60,4,0
9109,PSCCH,OK,14,17,,,0,10.1549,9.73741,,60,4,0
9111,PSCCH,FAIL,16,1,,,1,0.0985138,0.0962614,decoded_overlap,60,4,0
9114,PSCCH,OK,14,17,,,0,3.47234,3.17497,,60,4,0
9116,PSCCH,FAIL,16,1,,,1,0.288909,0.261516,decoded_overlap,60,4,0
9119,PSCCH,OK,16,1,,,0,5.70268,5.56759,,60,4,0
9121,PSCCH,FAIL,14,17,,,1,0.175371,0.173525,decoded_overlap,60,4,0
9124,PSCCH,OK,14,17,,,0,133.74,91.3683,,60,4,0
9126,PSCCH,FAIL,16,1,,,1,0.00786773,0.0052273,decoded_overlap,60,4,0
9129,PSCCH,OK,14,17,,,0,19.2278,18.5805,,60,4,0
9131,PSCCH,FAIL,16,1,,,1,0.0520215,0.0511809,decoded_overlap,60,4,0
9134,PSCCH,OK,16,1,,,0,30.3015,17.2254,,60,4,0
9136,PSCCH,FAIL,14,17,,,1,0.0363574,0.0212936,decoded_overlap,60,4,0
9139,PSCCH,OK,16,1,,,0,2.22003,2.21073,,60,4,0
9141,PSCCH,FAIL,14,17,,,1,0.450442,0.449637,decoded_overlap,60,4,0
9144,PSCCH,OK,16,1,,,0,3.7123,3.67444,,60,4,0
9146,PSCCH,FAIL,14,17,,,1,0.269388,0.265718,decoded_overlap,60,4,0
9149,PSCCH,OK,14,17,,,0,55.6331,47.9936,,60,4,0
9151,PSCCH,FAIL,16,1,,,1,0.0180875,0.0163059,decoded_overlap,60,4,0
9153,PSSCH,FAIL,12,1,5,2083,1,2.35051,2.14098,decode_fail,,,
9155,PSSCH,FAIL,14,17,8,4069,1,6.54658,0.335529,decode_fail,,,
9160,PSCCH,OK,4,1,,,0,4.95381,4.87781,,60,4,1
9162,PSCCH,FAIL,19,1,,,1,0.201797,0.197525,decoded_overlap,60,4,1
9164,PSCCH,OK,4,1,,,0,1.5933,1.48179,,60,4,1
9166,PSCCH,FAIL,19,1,,,0.967105,0.628696,0.59222,decoded_overlap,60,4,1
9168,PSCCH,OK,19,1,,,0,1.65731,1.64789,,60,4,1
9170,PSCCH,FAIL,4,1,,,0.967105,0.603389,0.596912,decoded_overlap,60,4,1
9172,PSCCH,OK,19,1,,,0,6.64172,6.43712,,60,4,1
9174,PSCCH,FAIL,4,1,,,1,0.150647,0.144549,decoded_overlap,60,4,1
9176,PSCCH,OK,4,1,,,0,6.32089,5.14882,,60,4,1
9178,PSCCH,FAIL,19,1,,,1,0.160842,0.129481,decoded_overlap,60,4,1
9180,PSCCH,OK,4,1,,,0,26.6439,26.0738,,60,4,1
9182,PSCCH,FAIL,19,1,,,1,0.0375061,0.0366505,decoded_overlap,60,4,1
9184,PSCCH,OK,4,1,,,0,15.7516,14.6142,,60,4,1
9186,PSCCH,FAIL,19,1,,,1,0.0636205,0.0589587,decoded_overlap,60,4,1
9188,PSCCH,OK,19,1,,,0,116.148,89.261,,60,4,1
9190,PSCCH,FAIL,4,1,,,1,0.00885955,0.00654809,decoded_overlap,60,4,1
9192,PSCCH,OK,19,1,,,0,69.5726,64.6263,,60,4,1
9194,PSCCH,FAIL,4,1,,,1,0.0143966,0.0133339,decoded_overlap,60,4,1
9196,PSCCH,OK,4,1,,,0,9.73712,6.26719,,60,4,1
9198,PSCCH,FAIL,19,1,,,1,0.111424,0.0633333,decoded_overlap,60,4,1
9200,PSCCH,OK,4,1,,,0,19.6836,9.74301,,60,4,1
9202,PSCCH,FAIL,19,1,,,1,0.0586412,0.0313257,decoded_overlap,60,4,1
9204,PSCCH,OK,4,1,,,0,165.861,128.223,,60,4,1
9206,PSCCH,FAIL,19,1,,,1,0.00612193,0.00536399,decoded_overlap,60,4,1
9208,PSCCH,OK,19,1,,,0,14.5126,14.4989,,60,4,1
9210,PSCCH,FAIL,4,1,,,1,0.0689018,0.0688745,decoded_overlap,60,4,1
9212,PSCCH,OK,19,1,,,0,2.58858,2.51613,,60,4,1
9214,PSCCH,FAIL,4,1,,,1,0.38629,0.381476,decoded_overlap,60,4,1
9216,PSCCH,OK,4,1,,,0,4.4472,4.43127,,60,4,1
9218,PSCCH,FAIL,19,1,,,1,0.224858,0.224557,decoded_overlap,60,4,1
9220,PSCCH,OK,19,1,,,0,1.50034,1.43025,,60,4,1
9222,PSCCH,FAIL,4,1,,,0.967105,0.667169,0.632924,decoded_overlap,60,4,1
9224,PSCCH,OK,4,1,,,0,11.7765,11.125,,60,4,1
9226,PSCCH,FAIL,19,1,,,1,0.0850465,0.0783551,decoded_overlap,60,4,1
9228,PSCCH,OK,4,1,,,0,9.44618,8.51572,,60,4,1
9230,PSCCH,FAIL,19,1,,,1,0.106261,0.0969327,decoded_overlap,60,4,1
9232,PSCCH,OK,4,1,,,0,12.3895,12.3182,,60,4,1
9234,PSCCH,FAIL,19,1,,,1,0.0806915,0.0799254,decoded_overlap,60,4,1
9236,PSSCH,FAIL,4,1,15,4069,1,5.36768,4.76705,decode_fail,,,
9240,PSCCH,OK,3,1,,,0,2.90128,2.51227,,60,5,0
9242,PSCCH,FAIL,4,1,,,1,0.346986,0.307923,decoded_overlap,60,5,0
9245,PSCCH,OK,3,1,,,0,2.23569,2.12752,,60,5,0
9247,PSCCH,FAIL,4,1,,,1,0.447854,0.42022,decoded_overlap,60,5,0
9250,PSCCH,OK,4,1,,,0,17.4912,14.72,,60,5,0
9252,PSCCH,FAIL,3,1,,,1,0.0578222,0.0485341,decoded_overlap,60,5,0
9255,PSCCH,OK,3,1,,,0,4.23006,3.64219,,60,5,0
9257,PSCCH,FAIL,4,1,,,1,0.238514,0.209242,decoded_overlap,60,5,0
9260,PSCCH,OK,4,1,,,0,6.30879,6.28152,,60,5,0
9262,PSCCH,FAIL,3,1,,,1,0.158474,0.157628,decoded_overlap,60,5,0
9265,PSCCH,OK,4,1,,,0,10.3685,9.52593,,60,5,0
9267,PSCCH,FAIL,3,1,,,1,0.0966515,0.0907057,decoded_overlap,60,5,0
9270,PSCCH,OK,3,1,,,0,27.7485,25.7154,,60,5,0
9272,PSCCH,FAIL,4,1,,,1,0.0361335,0.0327729,decoded_overlap,60,5,0
9275,PSCCH,OK,3,1,,,0,2.56097,2.27532,,60,5,0
9277,PSCCH,FAIL,4,1,,,1,0.39268,0.354717,decoded_overlap,60,5,0
9280,PSCCH,OK,3,1,,,0,1.67382,1.44751,,60,5,0
9282,PSCCH,FAIL,4,1,,,0.967105,0.603932,0.49803,decoded_overlap,60,5,0
9285,PSCCH,OK,4,1,,,0,4.27198,2.47135,,60,5,0
9287,PSCCH,FAIL,3,1,,,1,0.253425,0.171419,decoded_overlap,60,5,0
9290,PSCCH,OK,4,1,,,0,25.0169,23.0928,,60,5,0
9292,PSCCH,FAIL,3,1,,,1,0.0400752,0.0369213,decoded_overlap,60,5,0
9295,PSCCH,OK,3,1,,,0,2.34906,1.54779,,60,5,0
9297,PSCCH,FAIL,4,1,,,1,0.448632,0.314067,decoded_overlap,60,5,0
9300,PSCCH,OK,4,1,,,0,153.61,147.14,,60,5,0
9302,PSCCH,FAIL,3,1,,,1,0.00651151,0.0063126,decoded_overlap,60,5,0
9305,PSCCH,OK,3,1,,,0,21.2455,19.3887,,60,5,0
9307,PSCCH,FAIL,4,1,,,1,0.0472088,0.0434394,decoded_overlap,60,5,0
9310,PSCCH,OK,4,1,,,0,11.4665,7.30689,,60,5,0
9312,PSCCH,FAIL,3,1,,,1,0.094889,0.0548237,decoded_overlap,60,5,0
9315,PSCCH,OK,3,1,,,0,18.3834,18.0029,,60,5,0
9317,PSCCH,FAIL,4,1,,,1,0.0544066,0.0528053,decoded_overlap,60,5,0
9320,PSCCH,OK,4,1,,,0,8.66345,8.54518,,60,5,0
9322,PSCCH,FAIL,3,1,,,1,0.115449,0.112178,decoded_overlap,60,5,0
9325,PSCCH,OK,3,1,,,0,23.7804,23.0771,,60,5,0
9327,PSCCH,FAIL,4,1,,,1,0.0420658,0.0408167,decoded_overlap,60,5,0
9329,PSSCH,FAIL,3,1,13,4069,1,0.782731,0.164559,decode_fail,,,
9331,PSSCH,FAIL,14,1,9,2083,1,1.12173,0.974448,decode_fail,,,
9338,PSCCH,OK,5,16,,,0,14171.7,13002.8,,60,5,1
9342,PSCCH,OK,5,16,,,0,150992,146153,,60,5,1
9348,PSCCH,OK,5,16,,,0,352.682,149.149,,60,5,1
9351,PSCCH,OK,5,16,,,0,295679,292648,,60,5,1
9354,PSCCH,OK,5,16,,,0,6739.41,6719.29,,60,5,1
9359,PSCCH,OK,5,16,,,0,3818.66,2781.03,,60,5,1
9362,PSCCH,OK,5,16,,,0,36578.9,35924.4,,60,5,1
9368,PSCCH,OK,5,16,,,0,10347,10327.9,,60,5,1
9371,PSCCH,OK,5,16,,,0,7014.16,6604.3,,60,5,1
9375,PSCCH,OK,5,16,,,0,17478.8,16642.3,,60,5,1
9379,PSCCH,OK,5,16,,,0,8535.36,8506.96,,60,5,1
9384,PSCCH,OK,5,16,,,0,3683.11,3484.63,,60,5,1
9388,PSCCH,OK,5,16,,,0,52161.2,42886.1,,60,5,1
9390,PSCCH,OK,5,16,,,0,17785.4,16924.9,,60,5,1
9394,PSCCH,OK,5,16,,,0,545149,544138,,60,5,1
9400,PSCCH,OK,5,16,,,0,2515.72,2459.35,,60,5,1
9403,PSCCH,OK,5,16,,,0,10199.6,10040.4,,60,5,1
9406,PSCCH,OK,5,16,,,0,31354.7,30926.8,,60,5,1
9412,PSSCH,FAIL,19,14,12,1875,1,157.445,2.22808,decode_fail,,,
9414,PSSCH,FAIL,5,16,12,4069,1,10947.9,0.432318,decode_fail,,,
9416,PSCCH,OK,5,1,,,0,17842.6,17730.9,,60,6,0
9418,PSCCH,OK,5,1,,,0,150641,147599,,60,6,0
9420,PSCCH,OK,5,1,,,0,9546.39,8754.72,,60,6,0
9422,PSCCH,OK,5,1,,,0,255616,240653,,60,6,0
9424,PSCCH,OK,5,1,,,0,8273.45,7831.4,,60,6,0
9426,PSCCH,OK,5,1,,,0,97.3831,81.6247,,60,6,0
9428,PSCCH,OK,5,1,,,0,14773.6,14560.1,,60,6,0
9430,PSCCH,OK,5,1,,,0,9497.23,9431.46,,60,6,0
9432,PSCCH,OK,5,1,,,0,7934.88,6141.65,,60,6,0
9434,PSCCH,OK,5,1,,,0,6046.84,3226.25,,60,6,0
9436,PSCCH,OK,5,1,,,0,4390.73,4156.18,,60,6,0
9438,PSCCH,OK,5,1,,,0,431.802,419.912,,60,6,0
9440,PSCCH,OK,5,1,,,0,23787.9,16508.8,,60,6,0
9442,PSCCH,OK,5,1,,,0,14197.4,13151.5,,60,6,0
9444,PSCCH,OK,5,1,,,0,538645,535997,,60,6,0
9446,PSCCH,OK,5,1,,,0,2115.22,2097.95,,60,6,0
9448,PSCCH,OK,5,1,,,0,17298.4,17047.1,,60,6,0
9450,PSCCH,OK,5,1,,,0,273227,271954,,60,6,0
9452,PSCCH,OK,5,1,,,0,312212,301433,,60,6,0
9454,PSCCH,OK,5,1,,,0,7643.34,7405.19,,60,6,0
9456,PSSCH,OK,5,1,14,4069,0,1652.65,1568.99,,,,
9461,PSCCH,OK,2,1,,,0,6.28289,5.12135,,60,6,1
9464,PSCCH,FAIL,9,14,,,1,0.0615937,0.057066,decoded_overlap,60,6,1
9466,PSCCH,FAIL,3,1,,,1,0.0219628,0.0185911,decoded_overlap,60,6,1
9469,PSCCH,FAIL,3,1,,,0.687838,0.808736,0.795649,error_model,60,6,1
9471,PSCCH,FAIL,2,1,,,1,0.406674,0.383257,error_model,60,6,1
9474,PSCCH,FAIL,9,14,,,1,0.0625197,0.0608987,error_model,60,6,1
9477,PSCCH,OK,2,1,,,0,2.02445,1.74719,,60,6,1
9479,PSCCH,FAIL,3,1,,,1,0.190341,0.183179,decoded_overlap,60,6,1
9482,PSCCH,FAIL,9,14,,,1,0.0898588,0.0877807,decoded_overlap,60,6,1
9485,PSCCH,OK,9,14,,,0.687838,0.764696,0.727233,,60,6,1
9488,PSCCH,FAIL,3,1,,,1,0.139648,0.130377,decoded_overlap,60,6,1
9490,PSCCH,FAIL,2,1,,,1,0.0463629,0.0436571,decoded_overlap,60,6,1
9494,PSCCH,FAIL,2,1,,,1,0.0933805,0.0905504,decoded_overlap,60,6,1
9496,PSCCH,FAIL,9,14,,,1,0.0645266,0.0492625,decoded_overlap,60,6,1
9498,PSCCH,FAIL,3,1,,,1,0.00599444,0.00544901,decoded_overlap,60,6,1
9501,PSCCH,FAIL,2,1,,,0.125375,1.13352,0.777259,error_model,60,6,1
9503,PSCCH,FAIL,3,1,,,1,0.552515,0.401883,error_model,60,6,1
9506,PSCCH,FAIL,9,14,,,1,0.0646671,0.0507637,error_model,60,6,1
9509,PSCCH,OK,9,14,,,0.0015,1.17704,1.10612,,60,6,1
9512,PSCCH,FAIL,3,1,,,1,0.0244765,0.0173212,decoded_overlap,60,6,1
9514,PSCCH,FAIL,2,1,,,1,0.016954,0.0169229,decoded_overlap,60,6,1
9517,PSCCH,OK,9,14,,,0.125375,0.891741,0.830908,,60,6,1
9520,PSCCH,FAIL,3,1,,,1,0.117228,0.116033,decoded_overlap,60,6,1
9522,PSCCH,FAIL,2,1,,,1,0.0311971,0.028051,decoded_overlap,60,6,1
9525,PSCCH,OK,2,1,,,0,1.59707,1.46501,,60,6,1
9527,PSCCH,FAIL,3,1,,,1,0.254253,0.214964,decoded_overlap,60,6,1
9529,PSCCH,FAIL,9,14,,,1,0.160889,0.15317,decoded_overlap,60,6,1
9534,PSCCH,FAIL,2,1,,,1,0.238994,0.163042,decoded_overlap,60,6,1
9536,PSCCH,FAIL,3,1,,,1,0.184975,0.166033,decoded_overlap,60,6,1
9538,PSCCH,FAIL,9,14,,,1,0.0240737,0.0224174,decoded_overlap,60,6,1
9541,PSCCH,OK,9,14,,,0,3.28453,2.82174,,60,6,1
9543,PSCCH,FAIL,3,1,,,1,0.17218,0.152935,decoded_overlap,60,6,1
9546,PSCCH,FAIL,2,1,,,1,0.0011304,0.000837769,decoded_overlap,60,6,1
9549,PSCCH,OK,9,14,,,0,2.57706,2.56242,,60,6,1
9551,PSCCH,FAIL,2,1,,,1,0.242673,0.2424,decoded_overlap,60,6,1
9554,PSCCH,FAIL,3,1,,,1,0.0221372,0.0214412,decoded_overlap,60,6,1
9557,PSCCH,OK,9,14,,,0,2.64808,2.4337,,60,6,1
9560,PSCCH,FAIL,3,1,,,1,0.0838458,0.0785212,decoded_overlap,60,6,1
9562,PSCCH,FAIL,2,1,,,1,0.0071849,0.0068319,decoded_overlap,60,6,1
9565,PSCCH,FAIL,3,1,,,1,0.422409,0.377075,error_model,60,6,1
9567,PSCCH,FAIL,9,14,,,1,0.358949,0.346706,error_model,60,6,1
9569,PSCCH,FAIL,2,1,,,1,0.300737,0.233598,error_model,60,6,1
9573,PSCCH,OK,9,14,,,0.0015,1.23844,1.16783,,60,6,1
9575,PSCCH,FAIL,3,1,,,0.967105,0.589519,0.55849,decoded_overlap,60,6,1
9577,PSCCH,FAIL,2,1,,,1,0.0722993,0.0718909,decoded_overlap,60,6,1
9581,PSCCH,OK,9,14,,,0.0015,1.20367,1.1559,,60,6,1
9583,PSCCH,FAIL,2,1,,,1,0.468722,0.441921,decoded_overlap,60,6,1
9585,PSCCH,FAIL,3,1,,,1,0.152223,0.120887,decoded_overlap,60,6,1
9589,PSSCH,FAIL,2,1,6,4069,1,6.91249,1.38503,decode_fail,,,
9598,PSCCH,OK,19,1,,,0,2551.91,2493.69,,60,7,1
9600,PSCCH,OK,19,1,,,0,30380,30167.1,,60,7,1
9603,PSCCH,OK,19,1,,,0,114930,114119,,60,7,1
9606,PSCCH,OK,19,1,,,0,334772,321505,,60,7,1
9610,PSCCH,OK,19,1,,,0,6744.15,6048.89,,60,7,1
9613,PSCCH,OK,19,1,,,0,748.936,746.67,,60,7,1
9616,PSCCH,OK,19,1,,,0,3902.12,3006.24,,60,7,1
9618,PSCCH,OK,19,1,,,0,240179,239606,,60,7,1
9621,PSCCH,OK,19,1,,,0,154195,152896,,60,7,1
9624,PSCCH,OK,19,1,,,0,28431.2,28190.7,,60,7,1
9628,PSCCH,OK,19,1,,,0,3013.85,2445.55,,60,7,1
9631,PSCCH,OK,19,1,,,0,10957.8,6272.99,,60,7,1
9633,PSCCH,OK,19,1,,,0,172704,168458,,60,7,1
9636,PSCCH,OK,19,1,,,0,22500.9,21230.7,,60,7,1
9640,PSCCH,OK,19,1,,,0,190267,182340,,60,7,1
9642,PSCCH,OK,19,1,,,0,90653.9,84735.2,,60,7,1
9646,PSCCH,OK,19,1,,,0,2320.08,2216.46,,60,7,1
9649,PSCCH,OK,19,1,,,0,32953.2,29527.3,,60,7,1
9652,PSCCH,OK,19,1,,,0,5914.05,5525.93,,60,7,1
9654,PSSCH,FAIL,19,1,0,4069,1,102.714,0.0737843,decode_fail,,,
9656,PSSCH,FAIL,4,1,1,2083,1,10.9098,7.31659,decode_fail,,,
9658,PSCCH,OK,3,1,,,0.0015,1.35238,1.25068,,60,8,0
9660,PSCCH,FAIL,16,1,,,0.687838,0.741148,0.681489,decoded_overlap,60,8,0
9662,PSCCH,OK,3,1,,,0,2.28388,2.23396,,60,8,0
9664,PSCCH,FAIL,16,1,,,1,0.437922,0.428814,decoded_overlap,60,8,0
9666,PSCCH,OK,16,1,,,0,8.07532,7.6304,,60,8,0
9668,PSCCH,FAIL,3,1,,,1,0.124011,0.116472,decoded_overlap,60,8,0
9670,PSCCH,OK,16,1,,,0,67.137,56.3979,,60,8,0
9672,PSCCH,FAIL,3,1,,,1,0.0150775,0.0125196,decoded_overlap,60,8,0
9674,PSCCH,OK,16,1,,,0,1.69586,1.56139,,60,8,0
9676,PSCCH,FAIL,3,1,,,0.967105,0.591428,0.539057,decoded_overlap,60,8,0
9678,PSCCH,OK,16,1,,,0,4.32149,3.33419,,60,8,0
9680,PSCCH,FAIL,3,1,,,1,0.234441,0.204082,decoded_overlap,60,8,0
9682,PSCCH,OK,3,1,,,0,2.22728,1.75203,,60,8,0
9684,PSCCH,FAIL,16,1,,,1,0.460615,0.34907,decoded_overlap,60,8,0
9686,PSCCH,OK,16,1,,,0,3.17404,3.1505,,60,8,0
9688,PSCCH,FAIL,3,1,,,1,0.315054,0.314033,decoded_overlap,60,8,0
9690,PSCCH,OK,16,1,,,0,5.80275,5.2994,,60,8,0
9692,PSCCH,FAIL,3,1,,,1,0.173418,0.145289,decoded_overlap,60,8,0
9694,PSCCH,OK,3,1,,,0,1.58928,1.58327,,60,8,0
9696,PSCCH,FAIL,16,1,,,0.967105,0.628962,0.623414,decoded_overlap,60,8,0
9698,PSCCH,OK,16,1,,,0,1.43609,1.41495,,60,8,0
9700,PSCCH,FAIL,3,1,,,0.967105,0.696489,0.671655,decoded_overlap,60,8,0
9702,PSCCH,OK,16,1,,,0,3.7027,3.6482,,60,8,0
9704,PSCCH,FAIL,3,1,,,1,0.270082,0.266157,decoded_overlap,60,8,0
9706,PSCCH,OK,16,1,,,0,1.54098,1.37069,,60,8,0
9708,PSCCH,FAIL,3,1,,,0.967105,0.652455,0.579148,decoded_overlap,60,8,0
9710,PSCCH,OK,3,1,,,0,12.1328,10.912,,60,8,0
9712,PSCCH,FAIL,16,1,,,1,0.0827505,0.0731605,decoded_overlap,60,8,0
9714,PSCCH,OK,3,1,,,0,6.55308,6.49367,,60,8,0
9716,PSCCH,FAIL,16,1,,,1,0.152598,0.151782,decoded_overlap,60,8,0
9718,PSCCH,OK,16,1,,,0.125375,1.04111,1.03454,,60,8,0
9720,PSCCH,FAIL,3,1,,,0.125375,0.960262,0.9547,decoded_overlap,60,8,0
9722,PSCCH,OK,3,1,,,0,2.17962,2.10843,,60,8,0
9724,PSCCH,FAIL,16,1,,,1,0.458975,0.445415,decoded_overlap,60,8,0
9726,PSCCH,OK,16,1,,,0,21.8111,19.2226,,60,8,0
9728,PSCCH,FAIL,3,1,,,1,0.046188,0.0397335,decoded_overlap,60,8,0
9730,PSCCH,OK,3,1,,,0,67.3533,62.2725,,60,8,0
9732,PSCCH,FAIL,16,1,,,1,0.0148749,0.0140039,decoded_overlap,60,8,0
9734,PSSCH,FAIL,3,1,15,4069,1,2.29598,1.14161,decode_fail,,,
9738,PSCCH,OK,9,14,,,0,18506.6,18397.2,,60,8,1
9740,PSCCH,OK,9,14,,,0,105162,102249,,60,8,1
9744,PSCCH,OK,9,14,,,0,6719.31,6639.88,,60,8,1
9747,PSCCH,OK,9,14,,,0,21677.1,21430.8,,60,8,1
9749,PSCCH,OK,9,14,,,0,97337.7,96699.2,,60,8,1
9753,PSCCH,OK,9,14,,,0,2275.83,2091.24,,60,8,1
9756,PSCCH,OK,9,14,,,0,3154.41,3059.47,,60,8,1
9758,PSCCH,OK,9,14,,,0,35091.2,32481.9,,60,8,1
9761,PSCCH,OK,9,14,,,0,13460.8,13385.6,,60,8,1
9765,PSCCH,OK,9,14,,,0,32422,31219.9,,60,8,1
9768,PSCCH,OK,9,14,,,0,3378.78,3252.09,,60,8,1
9770,PSCCH,OK,9,14,,,0,744706,743531,,60,8,1
9773,PSCCH,OK,9,14,,,0,318248,305604,,60,8,1
9776,PSCCH,OK,9,14,,,0,228994,227765,,60,8,1
9779,PSCCH,OK,9,14,,,0,1026170.0,1017610.0,,60,8,1
9782,PSCCH,OK,9,14,,,0,10646.7,10207.2,,60,8,1
9785,PSCCH,OK,9,14,,,0,285819,269459,,60,8,1
9789,PSCCH,OK,9,14,,,0,35435.2,33744.2,,60,8,1
9791,PSCCH,OK,9,14,,,0,76004,75684.3,,60,8,1
9794,PSSCH,OK,2,1,7,2083,0,34.2825,24.033,,,,
9796,PSSCH,FAIL,9,14,15,3945,1,29739.1,12.5774,decode_fail,,,
9802,PSCCH,OK,5,16,,,0,20278.8,20189.9,,60,9,1
9804,PSCCH,OK,5,16,,,0,89542.3,87782.3,,60,9,1
9806,PSCCH,OK,5,16,,,0,3108.35,2057.84,,60,9,1
9808,PSCCH,OK,5,16,,,0,415737,410263,,60,9,1
9810,PSCCH,OK,5,16,,,0,2061.6,1703.02,,60,9,1
9812,PSCCH,OK,5,16,,,0,681.537,555.263,,60,9,1
9814,PSCCH,OK,5,16,,,0,12721.2,12159.2,,60,9,1
9816,PSCCH,OK,5,16,,,0,11502.9,11479.7,,60,9,1
9818,PSCCH,OK,5,16,,,0,18786.3,18094.4,,60,9,1
9820,PSCCH,OK,5,16,,,0,18873.5,18587.1,,60,9,1
9822,PSCCH,OK,5,16,,,0,7438.35,6906.86,,60,9,1
9824,PSCCH,OK,5,16,,,0,165.279,133.414,,60,9,1
9826,PSCCH,OK,5,16,,,0,61499.3,56742.3,,60,9,1
9828,PSCCH,OK,5,16,,,0,20157.6,19349.4,,60,9,1
9830,PSCCH,OK,5,16,,,0,490116,485363,,60,9,1
9832,PSCCH,OK,5,16,,,0,1722.99,1665.07,,60,9,1
9834,PSCCH,OK,5,16,,,0,10632.5,10579.7,,60,9,1
9836,PSCCH,OK,5,16,,,0,125690,110383,,60,9,1
9838,PSCCH,OK,5,16,,,0,150808,124791,,60,9,1
9840,PSCCH,OK,5,16,,,0,170.173,154.926,,60,9,1
9842,PSSCH,OK,5,16,15,4069,0,46324.6,44281.9,,,,
9865,PSSCH,OK,5,16,1,2380,0,82051.3,76046.7,,,,
9907,PSSCH,FAIL,19,1,1,2083,1,254.378,0.1135,decode_fail,,,
9909,PSSCH,OK,5,1,0,2083,0.602552,2556.43,8.32399,,,,
9943,PSSCH,OK,3,1,1,2083,0,2345.63,1215.79,,,,
9971,PSSCH,OK,16,1,12,2083,0,1737.81,1295.17,,,,
9995,PSSCH,OK,20,2,12,4,0,69459.4,68658.3,,,,
10021,PSSCH,OK,9,14,0,6,0,677599,675787,,,,
10044,PSSCH,OK,21,12,13,4,0,8807,8806.28,,,,
10067,PSSCH,OK,14,17,13,8,0,108695,89097.2,,,,
10091,PSSCH,OK,5,16,2,6,0,435055,431435,,,,
10208,PSCCH,OK,21,12,,,0,2.64283,2.23506,,70,1,0
10210,PSCCH,FAIL,20,2,,,1,0.382755,0.319496,decoded_overlap,70,1,0
10213,PSCCH,OK,21,12,,,0.0015,1.15602,1.11947,,70,1,0
10215,PSCCH,FAIL,20,2,,,0.687838,0.865328,0.841199,decoded_overlap,70,1,0
10218,PSCCH,OK,21,12,,,0,109.378,104.906,,70,1,0
10220,PSCCH,FAIL,20,2,,,1,0.00915739,0.00841113,decoded_overlap,70,1,0
10223,PSCCH,OK,20,2,,,0,14.8408,14.457,,70,1,0
10225,PSCCH,FAIL,21,12,,,1,0.067396,0.0659019,decoded_overlap,70,1,0
10228,PSCCH,OK,20,2,,,0,19813.6,5755.79,,70,1,0
10230,PSCCH,FAIL,21,12,,,1,7.09212e-05,2.06911e-05,decoded_overlap,70,1,0
10233,PSCCH,OK,21,12,,,0,3.97025,3.3513,,70,1,0
10235,PSCCH,FAIL,20,2,,,1,0.254538,0.215821,decoded_overlap,70,1,0
10238,PSCCH,OK,21,12,,,0,14.2336,13.9768,,70,1,0
10240,PSCCH,FAIL,20,2,,,1,0.0702563,0.0688731,decoded_overlap,70,1,0
10243,PSCCH,OK,20,2,,,0,10.2182,10.1071,,70,1,0
10245,PSCCH,FAIL,21,12,,,1,0.0978408,0.0972314,decoded_overlap,70,1,0
10248,PSCCH,OK,21,12,,,0,4.04689,2.61921,,70,1,0
10250,PSCCH,FAIL,20,2,,,1,0.26598,0.163003,decoded_overlap,70,1,0
10253,PSCCH,OK,21,12,,,0,12.2532,11.4123,,70,1,0
10255,PSCCH,FAIL,20,2,,,1,0.081683,0.0792621,decoded_overlap,70,1,0
10258,PSCCH,OK,20,2,,,0.0015,1.34047,1.28083,,70,1,0
10260,PSCCH,FAIL,21,12,,,0.687838,0.746563,0.713461,decoded_overlap,70,1,0
10263,PSCCH,OK,20,2,,,0,1.55635,1.45246,,70,1,0
10265,PSCCH,FAIL,21,12,,,0.967105,0.643556,0.602899,decoded_overlap,70,1,0
10268,PSCCH,OK,20,2,,,0,5.13061,4.92418,,70,1,0
10270,PSCCH,FAIL,21,12,,,1,0.195055,0.186308,decoded_overlap,70,1,0
10273,PSCCH,OK,21,12,,,0,6.99678,6.05685,,70,1,0
10275,PSCCH,FAIL,20,2,,,1,0.143888,0.127828,decoded_overlap,70,1,0
10278,PSCCH,OK,21,12,,,0,4.7573,4.63144,,70,1,0
10280,PSCCH,FAIL,20,2,,,1,0.210154,0.207327,decoded_overlap,70,1,0
10283,PSCCH,OK,20,2,,,0,10.4037,9.97253,,70,1,0
10285,PSCCH,FAIL,21,12,,,1,0.096213,0.0908033,decoded_overlap,70,1,0
10288,PSCCH,OK,21,12,,,0,5.60029,5.32644,,70,1,0
10290,PSCCH,FAIL,20,2,,,1,0.17874,0.169991,decoded_overlap,70,1,0
10293,PSCCH,OK,20,2,,,0,2.52119,2.46164,,70,1,0
10295,PSCCH,FAIL,21,12,,,1,0.396827,0.375568,decoded_overlap,70,1,0
10297,PSSCH,FAIL,19,9,4,2051,1,3.15752,2.50288,decode_fail,,,
10323,PSSCH,OK,13,,,,,,,,,,
10374,PSSCH,FAIL,21,3,14,3155,1,36267.6,3.08143,decode_fail,,,
10376,PSSCH,FAIL,14,9,12,2595,1,13128.1,8.55732,decode_fail,,,
10381,PSCCH,FAIL,5,1,,,0.967105,0.62018,0.546076,error_model,70,2,1
10386,PSCCH,FAIL,5,1,,,0.967105,0.690254,0.665532,error_model,70,2,1
10391,PSCCH,OK,5,1,,,0,2.02645,1.9437,,70,2,1
10398,PSCCH,FAIL,5,1,,,1,0.0141496,0.0125343,decoded_overlap,70,2,1
10402,PSCCH,FAIL,5,1,,,1,0.0290778,0.028728,decoded_overlap,70,2,1
10406,PSCCH,OK,5,1,,,0,1.73329,1.62247,,70,2,1
10413,PSCCH,FAIL,5,1,,,1,0.246296,0.237115,error_model,70,2,1
10417,PSCCH,FAIL,5,1,,,1,0.201923,0.170686,decoded_overlap,70,2,1
10421,PSCCH,OK,5,1,,,0.0015,1.18714,1.07931,,70,2,1
10428,PSCCH,FAIL,5,1,,,1,0.102425,0.0915446,decoded_overlap,70,2,1
10433,PSCCH,FAIL,5,1,,,1,0.0190589,0.0158648,decoded_overlap,70,2,1
10438,PSCCH,FAIL,5,1,,,1,0.0290637,0.0280606,decoded_overlap,70,2,1
10442,PSCCH,FAIL,5,1,,,1,0.464517,0.421287,decoded_overlap,70,2,1
10448,PSCCH,FAIL,5,1,,,1,0.00222784,0.00216986,decoded_overlap,70,2,1
10451,PSCCH,OK,5,1,,,0.125375,0.903461,0.882825,,70,2,1
10456,PSCCH,OK,5,1,,,0.0015,1.23113,1.04305,,70,2,1
10461,PSCCH,OK,5,1,,,0,60.85,46.3415,,70,2,1
10469,PSCCH,OK,14,17,,,0.0015,1.34409,1.27634,,70,3,0
10471,PSCCH,FAIL,4,1,,,0.687838,0.744652,0.708977,decoded_overlap,70,3,0
10474,PSCCH,OK,14,17,,,0,2.04584,1.90239,,70,3,0
10478,PSCCH,FAIL,4,1,,,1,0.489513,0.467416,decoded_overlap,70,3,0
10480,PSCCH,OK,4,1,,,0,19.923,12.1756,,70,3,0
10484,PSCCH,FAIL,14,17,,,1,0.0549839,0.0318199,decoded_overlap,70,3,0
10486,PSCCH,OK,14,17,,,0,2.10154,2.00125,,70,3,0
10490,PSCCH,FAIL,4,1,,,1,0.476267,0.453952,decoded_overlap,70,3,0
10493,PSCCH,OK,4,1,,,0,11.0874,10.5533,,70,3,0
10495,PSCCH,FAIL,14,17,,,1,0.0903132,0.0835597,decoded_overlap,70,3,0
10498,PSCCH,OK,4,1,,,0,752.484,660.505,,70,3,0
10502,PSCCH,FAIL,14,17,,,1,0.00132671,0.00118217,decoded_overlap,70,3,0
10505,PSCCH,OK,14,17,,,0,132.027,125.492,,70,3,0
10507,PSCCH,FAIL,4,1,,,1,0.00757823,0.00732609,decoded_overlap,70,3,0
10510,PSCCH,OK,14,17,,,0,87.6317,80.1401,,70,3,0
10514,PSCCH,FAIL,4,1,,,1,0.0114422,0.0104409,decoded_overlap,70,3,0
10517,PSCCH,OK,14,17,,,0.125375,1.11145,0.911718,,70,3,0
10519,PSCCH,FAIL,4,1,,,0.125375,0.91265,0.752484,decoded_overlap,70,3,0
10523,PSCCH,OK,4,1,,,0.125375,1.11789,0.849079,,70,3,0
10525,PSCCH,FAIL,14,17,,,0.125375,0.912667,0.773946,decoded_overlap,70,3,0
10528,PSCCH,OK,4,1,,,0,48.8586,45.5331,,70,3,0
10532,PSCCH,FAIL,14,17,,,1,0.0205042,0.0191987,decoded_overlap,70,3,0
10535,PSCCH,OK,14,17,,,0,8.00118,7.2688,,70,3,0
10537,PSCCH,FAIL,4,1,,,1,0.12528,0.117895,decoded_overlap,70,3,0
10540,PSCCH,OK,4,1,,,0,3.12946,2.89406,,70,3,0
10544,PSCCH,FAIL,14,17,,,1,0.320372,0.294575,decoded_overlap,70,3,0
10546,PSCCH,OK,14,17,,,0,19.275,16.8281,,70,3,0
10550,PSCCH,FAIL,4,1,,,1,0.0522134,0.0462415,decoded_overlap,70,3,0
10552,PSCCH,OK,4,1,,,0,13.7537,8.17315,,70,3,0
10556,PSCCH,FAIL,14,17,,,1,0.0806981,0.0463803,decoded_overlap,70,3,0
10558,PSCCH,OK,4,1,,,0,5.3691,5.08901,,70,3,0
10562,PSCCH,FAIL,14,17,,,1,0.186459,0.176887,decoded_overlap,70,3,0
10564,PSCCH,OK,14,17,,,0,19.3234,17.2065,,70,3,0
10568,PSCCH,FAIL,4,1,,,1,0.0519632,0.0476243,decoded_overlap,70,3,0
10572,PSSCH,FAIL,14,17,14,4069,1,4.19631,0.250696,decode_fail,,,
10577,PSCCH,OK,2,1,,,0,292886,262500,,70,3,1
10581,PSCCH,OK,2,1,,,0,101669,101113,,70,3,1
10583,PSCCH,OK,2,1,,,0,55034.4,50202,,70,3,1
10586,PSCCH,OK,2,1,,,0,61120.5,57086.3,,70,3,1
10590,PSCCH,OK,2,1,,,0,19576.5,18920.1,,70,3,1
10593,PSCCH,OK,2,1,,,0,20453.1,20259.9,,70,3,1
10595,PSCCH,OK,2,1,,,0,41154.1,28748.6,,70,3,1
10599,PSCCH,OK,2,1,,,0,1230.25,1189.98,,70,3,1
10602,PSCCH,OK,2,1,,,0,2894.05,2841.77,,70,3,1
10605,PSCCH,OK,2,1,,,0,3294.39,3088.92,,70,3,1
10607,PSCCH,OK,2,1,,,0,121688,116990,,70,3,1
10611,PSCCH,OK,2,1,,,0,68567.5,65809,,70,3,1
10614,PSCCH,OK,2,1,,,0,8320.15,5994.06,,70,3,1
10617,PSCCH,OK,2,1,,,0,294.261,274.695,,70,3,1
10619,PSCCH,OK,2,1,,,0,57769.5,57620.7,,70,3,1
10623,PSCCH,OK,2,1,,,0,32265.2,31838.4,,70,3,1
10626,PSCCH,OK,2,1,,,0,7521.72,6813.11,,70,3,1
10628,PSCCH,OK,2,1,,,0,14388.2,13981.5,,70,3,1
10631,PSCCH,OK,2,1,,,0,55542.9,54435.8,,70,3,1
10636,PSSCH,FAIL,2,1,9,4069,1,12210.9,2.57176,decode_fail,,,
10643,PSCCH,OK,3,1,,,0,1.41168,1.33591,,70,4,0
10647,PSCCH,OK,3,1,,,0,8.69961,4.46357,,70,4,0
10652,PSCCH,FAIL,3,1,,,1,0.205668,0.192086,decoded_overlap,70,4,0
10656,PSCCH,FAIL,3,1,,,1,0.0579079,0.0558759,decoded_overlap,70,4,0
10659,PSCCH,OK,3,1,,,0,3.25883,3.03627,,70,4,0
10664,PSCCH,FAIL,3,1,,,1,0.119213,0.109582,decoded_overlap,70,4,0
10668,PSCCH,FAIL,3,1,,,0.687838,0.813441,0.791248,decoded_overlap,70,4,0
10671,PSCCH,OK,3,1,,,0,1.8167,1.49707,,70,4,0
10676,PSCCH,FAIL,3,1,,,0.967105,0.681655,0.20897,decoded_overlap,70,4,0
10680,PSCCH,FAIL,3,1,,,1,0.297672,0.293552,decoded_overlap,70,4,0
10684,PSCCH,FAIL,3,1,,,1,0.128859,0.118784,decoded_overlap,70,4,0
10687,PSCCH,OK,3,1,,,0,2.03545,1.98273,,70,4,0
10692,PSCCH,FAIL,3,1,,,1,0.077553,0.0227088,decoded_overlap,70,4,0
10696,PSCCH,FAIL,3,1,,,1,0.263249,0.101818,decoded_overlap,70,4,0
10699,PSCCH,OK,3,1,,,0,7.30504,7.21263,,70,4,0
10704,PSCCH,FAIL,3,1,,,1,0.324467,0.314002,decoded_overlap,70,4,0
10707,PSCCH,OK,3,1,,,0.0015,1.32364,1.31972,,70,4,0
10711,PSCCH,OK,3,1,,,0,1150.81,1090.2,,70,4,0
10716,PSSCH,FAIL,12,1,6,2083,1,2.97864,2.57883,decode_fail,,,
10724,PSCCH,OK,14,17,,,0,2.22734,2.20303,,70,4,1
10726,PSCCH,FAIL,20,1,,,1,0.448897,0.445272,decoded_overlap,70,4,1
10729,PSCCH,OK,20,1,,,0.0015,1.14957,0.791643,,70,4,1
10731,PSCCH,FAIL,14,17,,,0.125375,0.896878,0.751662,decoded_overlap,70,4,1
10734,PSCCH,OK,14,17,,,0,23.2014,15.6687,,70,4,1
10736,PSCCH,FAIL,20,1,,,1,0.0457515,0.0297606,decoded_overlap,70,4,1
10739,PSCCH,OK,20,1,,,0,25.7827,23.3089,,70,4,1
10741,PSCCH,FAIL,14,17,,,1,0.0389436,0.0351086,decoded_overlap,70,4,1
10744,PSCCH,OK,20,1,,,0,15.0809,14.4771,,70,4,1
10746,PSCCH,FAIL,14,17,,,1,0.0664168,0.0609748,decoded_overlap,70,4,1
10749,PSCCH,OK,14,17,,,0,12.6481,11.7023,,70,4,1
10751,PSCCH,FAIL,20,1,,,1,0.0792452,0.0731014,decoded_overlap,70,4,1
10754,PSCCH,OK,20,1,,,0,3.17115,2.82908,,70,4,1
10756,PSCCH,FAIL,14,17,,,1,0.317247,0.274194,decoded_overlap,70,4,1
10759,PSCCH,OK,20,1,,,0,54.9319,53.8222,,70,4,1
10761,PSCCH,FAIL,14,17,,,1,0.0181731,0.0178044,decoded_overlap,70,4,1
10764,PSCCH,OK,14,17,,,0,16.9924,11.8026,,70,4,1
10766,PSCCH,FAIL,20,1,,,1,0.0618863,0.0419996,decoded_overlap,70,4,1
10769,PSCCH,OK,14,17,,,0,33.366,32.8623,,70,4,1
10771,PSCCH,FAIL,20,1,,,1,0.0299672,0.0295117,decoded_overlap,70,4,1
10774,PSCCH,OK,20,1,,,0,1.64428,1.63646,,70,4,1
10776,PSCCH,FAIL,14,17,,,0.967105,0.608124,0.606998,decoded_overlap,70,4,1
10779,PSCCH,OK,14,17,,,0,49.8845,42.1011,,70,4,1
10781,PSCCH,FAIL,20,1,,,1,0.0202243,0.0173509,decoded_overlap,70,4,1
10784,PSCCH,OK,20,1,,,0,12.863,12.4034,,70,4,1
10786,PSCCH,FAIL,14,17,,,1,0.0777963,0.0741522,decoded_overlap,70,4,1
10789,PSCCH,OK,14,17,,,0,66.2728,55.434,,70,4,1
10791,PSCCH,FAIL,20,1,,,1,0.0152018,0.0134832,decoded_overlap,70,4,1
10794,PSCCH,OK,14,17,,,0.0015,1.43034,0.696891,,70,4,1
10796,PSCCH,FAIL,20,1,,,0.687838,0.869866,0.332041,decoded_overlap,70,4,1
10799,PSCCH,OK,20,1,,,0,29.0404,17.2864,,70,4,1
10801,PSCCH,FAIL,14,17,,,1,0.0385834,0.0207756,decoded_overlap,70,4,1
10804,PSCCH,OK,14,17,,,0,2.1423,2.12633,,70,4,1
10806,PSCCH,FAIL,20,1,,,1,0.466794,0.462795,decoded_overlap,70,4,1
10809,PSCCH,OK,14,17,,,0,10814.1,10300.1,,70,4,1
10811,PSCCH,FAIL,20,1,,,1,9.15043e-05,8.82724e-05,decoded_overlap,70,4,1
10813,PSSCH,FAIL,17,1,6,2083,1,1.92682,1.5161,decode_fail,,,
10819,PSCCH,OK,4,1,,,0,14.3886,14.0658,,70,5,0
10824,PSCCH,OK,4,1,,,0,1.80663,1.43826,,70,5,0
10830,PSCCH,FAIL,4,1,,,1,0.321319,0.318339,decoded_overlap,70,5,0
10834,PSCCH,OK,4,1,,,0,4.07321,4.01778,,70,5,0
10839,PSCCH,OK,4,1,,,0,6.63569,6.60869,,70,5,0
10844,PSCCH,OK,4,1,,,0,22.0872,20.0535,,70,5,0
10850,PSCCH,FAIL,4,1,,,1,0.011582,0.00837838,decoded_overlap,70,5,0
10855,PSCCH,FAIL,4,1,,,1,0.0404481,0.0392744,decoded_overlap,70,5,0
10859,PSCCH,OK,4,1,,,0,3.64329,3.63611,,70,5,0
10864,PSCCH,OK,4,1,,,0,27.0297,24.788,,70,5,0
10869,PSCCH,OK,4,1,,,0,47.4897,41.2703,,70,5,0
10875,PSCCH,FAIL,4,1,,,1,0.314773,0.313249,decoded_overlap,70,5,0
10879,PSCCH,OK,4,1,,,0,1.63374,1.32897,,70,5,0
10885,PSCCH,FAIL,4,1,,,1,0.150048,0.121391,decoded_overlap,70,5,0
10889,PSCCH,OK,4,1,,,0,8.00359,7.29375,,70,5,0
10894,PSCCH,OK,4,1,,,0,1.45769,1.3039,,70,5,0
10899,PSCCH,OK,4,1,,,0,15.9886,12.5124,,70,5,0
10902,PSSCH,FAIL,4,1,3,4069,1,1.39208,0.415402,decode_fail,,,
10904,PSSCH,FAIL,14,1,15,2083,1,1.12799,0.304578,decode_fail,,,
10906,PSSCH,FAIL,5,16,3,1827,1,0.765947,0.53028,decode_fail,,,
10911,PSCCH,OK,5,1,,,0.687838,0.807838,0.783716,,70,5,1
10913,PSCCH,FAIL,9,1,,,0.687838,0.745268,0.741884,decoded_overlap,70,5,1
10915,PSCCH,FAIL,16,1,,,1,0.124371,0.114554,decoded_overlap,70,5,1
10917,PSCCH,FAIL,19,1,,,1,0.0158106,0.0155947,decoded_overlap,70,5,1
10920,PSCCH,OK,5,1,,,0,4.26347,3.51231,,70,5,1
10922,PSCCH,FAIL,19,1,,,1,0.146974,0.130299,decoded_overlap,70,5,1
10924,PSCCH,FAIL,16,1,,,1,0.0532237,0.041876,decoded_overlap,70,5,1
10926,PSCCH,FAIL,9,1,,,1,0.0133506,0.0104171,decoded_overlap,70,5,1
10929,PSCCH,OK,9,1,,,0.125375,1.01141,0.936902,,70,5,1
10931,PSCCH,FAIL,19,1,,,0.125375,0.902737,0.833613,decoded_overlap,70,5,1
10933,PSCCH,FAIL,16,1,,,1,0.01313,0.0126034,decoded_overlap,70,5,1
10935,PSCCH,FAIL,5,1,,,1,0.0104519,0.00964362,decoded_overlap,70,5,1
10938,PSCCH,OK,16,1,,,0,2.49547,2.44932,,70,5,1
10940,PSCCH,FAIL,5,1,,,1,0.350862,0.347785,decoded_overlap,70,5,1
10942,PSCCH,FAIL,19,1,,,1,0.0195699,0.0186986,decoded_overlap,70,5,1
10944,PSCCH,FAIL,9,1,,,1,0.00722319,0.00697245,decoded_overlap,70,5,1
10947,PSCCH,OK,9,1,,,0,1.4642,1.31585,,70,5,1
10949,PSCCH,FAIL,16,1,,,1,0.506178,0.413614,decoded_overlap,70,5,1
10951,PSCCH,FAIL,19,1,,,1,0.0500758,0.0444465,decoded_overlap,70,5,1
10953,PSCCH,FAIL,5,1,,,1,0.0244364,0.0230211,decoded_overlap,70,5,1
10956,PSCCH,FAIL,16,1,,,0.967105,0.664731,0.55702,error_model,70,5,1
10958,PSCCH,FAIL,5,1,,,1,0.417269,0.35994,error_model,70,5,1
10960,PSCCH,FAIL,9,1,,,1,0.208386,0.168404,error_model,70,5,1
10962,PSCCH,FAIL,19,1,,,1,0.157069,0.137372,error_model,70,5,1
10965,PSCCH,OK,5,1,,,0.125375,1.02835,0.981544,,70,5,1
10967,PSCCH,FAIL,16,1,,,1,0.217054,0.204435,decoded_overlap,70,5,1
10969,PSCCH,FAIL,9,1,,,1,0.193667,0.191018,decoded_overlap,70,5,1
10971,PSCCH,FAIL,19,1,,,1,0.179968,0.178181,decoded_overlap,70,5,1
10974,PSCCH,OK,19,1,,,0.125375,1.09273,1.03387,,70,5,1
10976,PSCCH,FAIL,9,1,,,0.967105,0.676604,0.58826,decoded_overlap,70,5,1
10978,PSCCH,FAIL,16,1,,,1,0.047319,0.0467729,decoded_overlap,70,5,1
10980,PSCCH,FAIL,5,1,,,1,0.0308008,0.0302374,decoded_overlap,70,5,1
10983,PSCCH,OK,9,1,,,0.0015,1.4013,1.17609,,70,5,1
10985,PSCCH,FAIL,5,1,,,1,0.437509,0.344987,decoded_overlap,70,5,1
10987,PSCCH,FAIL,19,1,,,1,0.0663458,0.0616031,decoded_overlap,70,5,1
10989,PSCCH,FAIL,16,1,,,1,0.0557899,0.0520289,decoded_overlap,70,5,1
10992,PSCCH,OK,9,1,,,0.125375,0.943505,0.915157,,70,5,1
10994,PSCCH,FAIL,16,1,,,0.687838,0.712154,0.686781,decoded_overlap,70,5,1
10996,PSCCH,FAIL,5,1,,,1,0.0922907,0.0920754,decoded_overlap,70,5,1
10998,PSCCH,FAIL,19,1,,,1,0.0143921,0.0130201,decoded_overlap,70,5,1
11001,PSCCH,OK,9,1,,,0,3.33262,3.08439,,70,5,1
11003,PSCCH,FAIL,19,1,,,1,0.196859,0.194995,decoded_overlap,70,5,1
11005,PSCCH,FAIL,16,1,,,1,0.0638121,0.0527701,decoded_overlap,70,5,1
11007,PSCCH,FAIL,5,1,,,1,0.00671822,0.00580145,decoded_overlap,70,5,1
11010,PSCCH,OK,9,1,,,0,8.59997,7.94675,,70,5,1
11012,PSCCH,FAIL,5,1,,,1,0.0559845,0.0506611,decoded_overlap,70,5,1
11014,PSCCH,FAIL,19,1,,,1,0.0533418,0.050485,decoded_overlap,70,5,1
11016,PSCCH,FAIL,16,1,,,1,0.00072154,0.00035752,decoded_overlap,70,5,1
11019,PSCCH,OK,9,1,,,0,11.2477,10.8903,,70,5,1
11021,PSCCH,FAIL,19,1,,,1,0.0650368,0.0589517,decoded_overlap,70,5,1
11023,PSCCH,FAIL,16,1,,,1,0.0186081,0.0163856,decoded_overlap,70,5,1
11025,PSCCH,FAIL,5,1,,,1,0.00237409,0.002186,decoded_overlap,70,5,1
11028,PSCCH,FAIL,5,1,,,0.687838,0.835991,0.752456,error_model,70,5,1
11030,PSCCH,FAIL,9,1,,,1,0.374346,0.355513,error_model,70,5,1
11032,PSCCH,FAIL,16,1,,,1,0.244121,0.218351,error_model,70,5,1
11034,PSCCH,FAIL,19,1,,,1,0.0829866,0.0694562,error_model,70,5,1
11037,PSCCH,OK,16,1,,,0,1.60058,1.47034,,70,5,1
11039,PSCCH,FAIL,5,1,,,1,0.268928,0.236046,decoded_overlap,70,5,1
11041,PSCCH,FAIL,19,1,,,1,0.104186,0.103359,decoded_overlap,70,5,1
11043,PSCCH,FAIL,9,1,,,1,0.085674,0.0715421,decoded_overlap,70,5,1
11046,PSCCH,OK,9,1,,,0,3.96476,3.67541,,70,5,1
11048,PSCCH,FAIL,16,1,,,1,0.17282,0.170108,decoded_overlap,70,5,1
11050,PSCCH,FAIL,5,1,,,1,0.033378,0.0169695,decoded_overlap,70,5,1
11052,PSCCH,FAIL,19,1,,,1,0.0226044,0.0198667,decoded_overlap,70,5,1
11056,PSSCH,FAIL,13,,,,,,,decode_fail,,,
11060,PSCCH,OK,14,17,,,0,23915.9,23760.7,,70,6,0
11064,PSCCH,OK,14,17,,,0,8655.47,5199.04,,70,6,0
11066,PSCCH,OK,14,17,,,0,95044.9,94890,,70,6,0
11070,PSCCH,OK,14,17,,,0,8514.75,8307.99,,70,6,0
11073,PSCCH,OK,14,17,,,0,4941.36,4080.82,,70,6,0
11075,PSCCH,OK,14,17,,,0,170504,158060,,70,6,0
11079,PSCCH,OK,14,17,,,0,173.712,153.808,,70,6,0
11082,PSCCH,OK,14,17,,,0,250.574,246.087,,70,6,0
11084,PSCCH,OK,14,17,,,0,648706,619538,,70,6,0
11087,PSCCH,OK,14,17,,,0,281874,274997,,70,6,0
11091,PSCCH,OK,14,17,,,0,24615.9,21880.9,,70,6,0
11093,PSCCH,OK,14,17,,,0,56217.3,52571.9,,70,6,0
11097,PSCCH,OK,14,17,,,0,26559.2,26228.5,,70,6,0
11099,PSCCH,OK,14,17,,,0,30206.8,29523.4,,70,6,0
11103,PSCCH,OK,14,17,,,0,66801.3,52230.8,,70,6,0
11105,PSCCH,OK,14,17,,,0,478468,475231,,70,6,0
11109,PSCCH,OK,14,17,,,0,1251.01,1244.29,,70,6,0
11111,PSCCH,OK,14,17,,,0,146536,140975,,70,6,0
11114,PSCCH,OK,14,17,,,0,966378,957589,,70,6,0
11119,PSSCH,FAIL,14,17,11,4069,1,17965.5,4.874,decode_fail,,,
11123,PSCCH,OK,5,1,,,0,22418,20961.9,,70,6,1
11126,PSCCH,OK,5,1,,,0,88046.5,68162.8,,70,6,1
11130,PSCCH,OK,5,1,,,0,261.592,86.4242,,70,6,1
11133,PSCCH,OK,5,1,,,0,6371.06,6251.1,,70,6,1
11136,PSCCH,OK,5,1,,,0,2161.07,1910.8,,70,6,1
11139,PSCCH,OK,5,1,,,0,16062.2,15944.8,,70,6,1
11141,PSCCH,OK,5,1,,,0,53020,48018.6,,70,6,1
11144,PSCCH,OK,5,1,,,0,5234.95,4731.1,,70,6,1
11147,PSCCH,OK,5,1,,,0,15630.7,14359.2,,70,6,1
11151,PSCCH,OK,5,1,,,0,9374.87,9139.18,,70,6,1
11154,PSCCH,OK,5,1,,,0,3847.9,3761.18,,70,6,1
11156,PSCCH,OK,5,1,,,0,10630.1,10060.7,,70,6,1
11159,PSCCH,OK,5,1,,,0,20867.9,20413.2,,70,6,1
11163,PSCCH,OK,5,1,,,0,20978,15742.3,,70,6,1
11166,PSCCH,OK,5,1,,,0,6799.66,6713.1,,70,6,1
11169,PSCCH,OK,5,1,,,0,16053,15619.2,,70,6,1
11171,PSCCH,OK,5,1,,,0,318647,313411,,70,6,1
11175,PSCCH,OK,5,1,,,0,199073,187514,,70,6,1
11178,PSCCH,OK,5,1,,,0,106.184,45.3998,,70,6,1
11180,PSSCH,FAIL,4,1,4,2083,1,3.79113,0.996963,decode_fail,,,
11182,PSSCH,FAIL,5,1,7,4069,1,896.433,0.154667,decode_fail,,,
11204,PSSCH,OK,14,17,4,1060,0,138864,132302,,,,
11207,PSCCH,OK,2,1,,,0,469314,467978,,70,7,1
11211,PSCCH,OK,2,1,,,0,82862.1,82501.1,,70,7,1
11213,PSCCH,OK,2,1,,,0,42075.1,33684.3,,70,7,1
11217,PSCCH,OK,2,1,,,0,16786.6,6148.67,,70,7,1
11220,PSCCH,OK,2,1,,,0,14291.2,12914.3,,70,7,1
11222,PSCCH,OK,2,1,,,0,17444.5,16864.9,,70,7,1
11225,PSCCH,OK,2,1,,,0,62622.3,57042.8,,70,7,1
11229,PSCCH,OK,2,1,,,0,4042.68,4026.61,,70,7,1
11232,PSCCH,OK,2,1,,,0,9477.52,8829.75,,70,7,1
11234,PSCCH,OK,2,1,,,0,107808,107692,,70,7,1
11237,PSCCH,OK,2,1,,,0,165109,150477,,70,7,1
11241,PSCCH,OK,2,1,,,0,8655.47,5199.04,,70,7,1
11244,PSCCH,OK,2,1,,,0,6.59238,6.1222,,70,7,1
11246,PSCCH,OK,2,1,,,0,61259.9,59560.4,,70,7,1
11250,PSCCH,OK,2,1,,,0,4561.49,3674.6,,70,7,1
11252,PSCCH,OK,2,1,,,0,5930.82,5707.91,,70,7,1
11256,PSCCH,OK,2,1,,,0,20139.1,20120,,70,7,1
11259,PSCCH,OK,2,1,,,0,10358.4,4116.57,,70,7,1
11262,PSCCH,OK,2,1,,,0,52067.2,50663.8,,70,7,1
11267,PSSCH,FAIL,2,1,8,4069,1,19456.7,9.11219,decode_fail,,,
11272,PSCCH,OK,3,1,,,0,81790.7,77760.2,,70,8,1
11274,PSCCH,OK,3,1,,,0,79652.8,79439.6,,70,8,1
11276,PSCCH,OK,3,1,,,0,65862.7,64436.4,,70,8,1
11278,PSCCH,OK,3,1,,,0,11458.4,10934.9,,70,8,1
11280,PSCCH,OK,3,1,,,0,66624.2,64145.2,,70,8,1
11282,PSCCH,OK,3,1,,,0,286.907,221.372,,70,8,1
11284,PSCCH,OK,3,1,,,0,13236.9,12346.6,,70,8,1
11286,PSCCH,OK,3,1,,,0,265658,264508,,70,8,1
11288,PSCCH,OK,3,1,,,0,2729.93,2691.54,,70,8,1
11290,PSCCH,OK,3,1,,,0,15995.2,15326.9,,70,8,1
11292,PSCCH,OK,3,1,,,0,62306.4,58616.9,,70,8,1
11294,PSCCH,OK,3,1,,,0,45482.9,43598.2,,70,8,1
11296,PSCCH,OK,3,1,,,0,97059.9,94538.2,,70,8,1
11298,PSCCH,OK,3,1,,,0,15663.2,15575.8,,70,8,1
11300,PSCCH,OK,3,1,,,0,8234.71,8210.17,,70,8,1
11302,PSCCH,OK,3,1,,,0,33030.3,24984,,70,8,1
11304,PSCCH,OK,3,1,,,0,1294.51,1269.55,,70,8,1
11306,PSCCH,OK,3,1,,,0,189452,179616,,70,8,1
11308,PSCCH,OK,3,1,,,0,5679.68,4814.32,,70,8,1
11310,PSCCH,OK,3,1,,,0,998740,954796,,70,8,1
11312,PSSCH,OK,3,1,3,4069,0,10138.5,5331.99,,,,
11315,PSCCH,OK,16,1,,,0,6110.1,6084.52,,70,9,0
11317,PSCCH,OK,16,1,,,0,34490.3,30399,,70,9,0
11319,PSCCH,OK,16,1,,,0,3465.82,3454.06,,70,9,0
11321,PSCCH,OK,16,1,,,0,824048,743852,,70,9,0
11323,PSCCH,OK,16,1,,,0,163264,159972,,70,9,0
11325,PSCCH,OK,16,1,,,0,13571.4,7328.92,,70,9,0
11327,PSCCH,OK,16,1,,,0,8670.87,8588.63,,70,9,0
11329,PSCCH,OK,16,1,,,0,76.4295,41.2129,,70,9,0
11331,PSCCH,OK,16,1,,,0,72125.8,67301.9,,70,9,0
11333,PSCCH,OK,16,1,,,0,17344.1,16410.1,,70,9,0
11335,PSCCH,OK,16,1,,,0,1352,1144.66,,70,9,0
11337,PSCCH,OK,16,1,,,0,36665.3,36636,,70,9,0
11339,PSCCH,OK,16,1,,,0,77833.2,76441.2,,70,9,0
11341,PSCCH,OK,16,1,,,0,54207.3,50846.1,,70,9,0
11343,PSCCH,OK,16,1,,,0,752.42,683.152,,70,9,0
11345,PSCCH,OK,16,1,,,0,8771.71,7539.19,,70,9,0
11347,PSCCH,OK,16,1,,,0,7268.96,4779.89,,70,9,0
11349,PSCCH,OK,16,1,,,0,368046,361872,,70,9,0
11351,PSCCH,OK,16,1,,,0,783549,730276,,70,9,0
11353,PSCCH,OK,16,1,,,0,31105.6,30776.4,,70,9,0
11356,PSSCH,OK,16,1,15,4069,0,578.485,467.16,,,,
11361,PSCCH,OK,19,1,,,0,4999.25,4924.99,,70,9,1
11364,PSCCH,OK,19,1,,,0,82642.6,80506.4,,70,9,1
11367,PSCCH,OK,19,1,,,0,10297.9,8575.21,,70,9,1
11369,PSCCH,OK,19,1,,,0,296854,291958,,70,9,1
11373,PSCCH,OK,19,1,,,0,4220.15,3956.73,,70,9,1
11376,PSCCH,OK,19,1,,,0,326.957,311.118,,70,9,1
11379,PSCCH,OK,19,1,,,0,4395.12,4253.15,,70,9,1
11381,PSCCH,OK,19,1,,,0,72776.9,17370,,70,9,1
11384,PSCCH,OK,19,1,,,0,158866,152579,,70,9,1
11388,PSCCH,OK,19,1,,,0,1914.97,1768.28,,70,9,1
11391,PSCCH,OK,19,1,,,0,1832.21,1599.32,,70,9,1
11394,PSCCH,OK,19,1,,,0,7666.35,7367.21,,70,9,1
11396,PSCCH,OK,19,1,,,0,201591,192228,,70,9,1
11399,PSCCH,OK,19,1,,,0,15588.1,15376.8,,70,9,1
11402,PSCCH,OK,19,1,,,0,309871,306823,,70,9,1
11405,PSCCH,OK,19,1,,,0,43957.3,37675.9,,70,9,1
11409,PSCCH,OK,19,1,,,0,892.706,784.637,,70,9,1
11412,PSCCH,OK,19,1,,,0,131299,128299,,70,9,1
11415,PSCCH,OK,19,1,,,0,3302.49,2211.03,,70,9,1
11420,PSSCH,OK,2,1,11,2083,0,191.361,157.285,,,,
11448,PSSCH,OK,19,1,7,2083,0,749.993,692.343,,,,
11450,PSCCH,OK,3,1,,,0,2.11752,2.0793,,71,0,1
11453,PSCCH,OK,3,1,,,0,3.45622,2.22978,,71,0,1
11457,PSCCH,FAIL,3,1,,,1,0.339296,0.328566,decoded_overlap,71,0,1
11459,PSCCH,OK,3,1,,,0,5.04139,4.67308,,71,0,1
11462,PSCCH,OK,3,1,,,0,2.91953,2.77289,,71,0,1
11465,PSCCH,OK,3,1,,,0,1.41075,1.33806,,71,0,1
11468,PSCCH,OK,3,1,,,0,1.58343,1.50364,,71,0,1
11472,PSCCH,FAIL,3,1,,,1,0.212464,0.21024,decoded_overlap,71,0,1
11474,PSCCH,OK,3,1,,,0,1.93236,1.78874,,71,0,1
11477,PSCCH,OK,3,1,,,0,8.9781,7.71552,,71,0,1
11480,PSCCH,OK,3,1,,,0,8.20778,8.05498,,71,0,1
11483,PSCCH,OK,3,1,,,0,21.1208,19.4972,,71,0,1
11486,PSCCH,OK,3,1,,,0,1.59734,1.5468,,71,0,1
11490,PSCCH,FAIL,3,1,,,1,0.0182608,0.0170118,decoded_overlap,71,0,1
11492,PSCCH,OK,3,1,,,0,79.7043,72.8831,,71,0,1
11496,PSCCH,FAIL,3,1,,,1,0.0849707,0.0806175,decoded_overlap,71,0,1
11499,PSCCH,FAIL,3,1,,,0.687838,0.702844,0.678878,decoded_overlap,71,0,1
11502,PSCCH,FAIL,3,1,,,1,0.0290704,0.0290365,decoded_overlap,71,0,1
11504,PSCCH,OK,3,1,,,0,269.329,222.665,,71,0,1
11508,PSSCH,FAIL,3,1,4,4069,1,4614.17,1.17134,decode_fail,,,
11556,PSSCH,OK,16,1,0,2083,0,866.854,725.034,,,,
11600,PSSCH,FAIL,20,2,1,4,1,3.11121,2.58663,decode_fail,,,
11602,PSSCH,OK,21,12,0,4,0.0183,59.6714,48.5983,,,,
11604,PSCCH,OK,3,1,,,0,1317.27,23.8678,,71,4,1
11606,PSCCH,OK,3,1,,,0,100588,100143,,71,4,1
11608,PSCCH,OK,3,1,,,0,39603.8,39046,,71,4,1
11610,PSCCH,OK,3,1,,,0,8882.84,8437.73,,71,4,1
11612,PSCCH,OK,3,1,,,0,127909,122458,,71,4,1
11614,PSCCH,OK,3,1,,,0,7.21118,4.32639,,71,4,1
11616,PSCCH,OK,3,1,,,0,10813.1,10580.1,,71,4,1
11618,PSCCH,OK,3,1,,,0,60180.6,55587.2,,71,4,1
11620,PSCCH,OK,3,1,,,0,1135.07,1070.44,,71,4,1
11622,PSCCH,OK,3,1,,,0,18090.6,17319.2,,71,4,1
11624,PSCCH,OK,3,1,,,0,11304.4,8701.62,,71,4,1
11626,PSCCH,OK,3,1,,,0,31846,30411.1,,71,4,1
11628,PSCCH,OK,3,1,,,0,89757.3,88006.1,,71,4,1
11630,PSCCH,OK,3,1,,,0,7494.08,7381.84,,71,4,1
11632,PSCCH,OK,3,1,,,0,8213.75,8204.13,,71,4,1
11634,PSCCH,OK,3,1,,,0,305111,282351,,71,4,1
11636,PSCCH,OK,3,1,,,0,5383.93,5054.21,,71,4,1
11638,PSCCH,OK,3,1,,,0,201234,185781,,71,4,1
11640,PSCCH,OK,3,1,,,0,4960.89,4739.11,,71,4,1
11642,PSCCH,OK,3,1,,,0,873946,873390,,71,4,1
11645,PSSCH,OK,3,1,5,4069,0,1091.15,1.24269,,,,
11669,PSSCH,OK,3,1,6,2083,0,3320.75,275.088,,,,
11693,PSSCH,OK,14,17,3,8,0,384701,379594,,,,
11816,PSCCH,OK,21,1,,,0.0015,1.11893,1.0728,,80,1,0
11818,PSCCH,FAIL,3,21,,,0.125375,0.894583,0.845242,decoded_overlap,80,1,0
11821,PSCCH,OK,3,21,,,0,1.64803,1.60024,,80,1,0
11823,PSCCH,FAIL,21,1,,,0.967105,0.606958,0.591293,decoded_overlap,80,1,0
11826,PSCCH,OK,3,21,,,0,1.80632,1.77645,,80,1,0
11828,PSCCH,FAIL,21,1,,,1,0.553681,0.541142,decoded_overlap,80,1,0
11831,PSCCH,OK,21,1,,,0.0015,1.38465,0.813027,,80,1,0
11833,PSCCH,FAIL,3,21,,,0.687838,0.789376,0.470529,decoded_overlap,80,1,0
11836,PSCCH,OK,21,1,,,0,3.80135,3.59174,,80,1,0
11838,PSCCH,FAIL,3,21,,,1,0.263475,0.245581,decoded_overlap,80,1,0
11841,PSCCH,OK,21,1,,,0,1476.42,1358.39,,80,1,0
11843,PSCCH,FAIL,3,21,,,1,0.000667063,0.000645642,decoded_overlap,80,1,0
11846,PSCCH,OK,21,1,,,0,2.11298,2.07249,,80,1,0
11848,PSCCH,FAIL,3,21,,,1,0.473216,0.466049,decoded_overlap,80,1,0
11851,PSCCH,OK,3,21,,,0,1.99387,1.97024,,80,1,0
11853,PSCCH,FAIL,21,1,,,1,0.50156,0.495256,decoded_overlap,80,1,0
11856,PSCCH,OK,21,1,,,0,29.112,27.3698,,80,1,0
11858,PSCCH,FAIL,3,21,,,1,0.034392,0.0322598,decoded_overlap,80,1,0
11861,PSCCH,OK,21,1,,,0,1.64961,1.27059,,80,1,0
11863,PSCCH,FAIL,3,21,,,0.967105,0.617866,0.513556,decoded_overlap,80,1,0
11866,PSCCH,OK,21,1,,,0,35.4556,31.9289,,80,1,0
11868,PSCCH,FAIL,3,21,,,1,0.0283367,0.0252523,decoded_overlap,80,1,0
11871,PSCCH,OK,21,1,,,0,2.60187,2.30515,,80,1,0
11873,PSCCH,FAIL,3,21,,,1,0.38632,0.346364,decoded_overlap,80,1,0
11876,PSCCH,OK,21,1,,,0,7.79956,7.64677,,80,1,0
11878,PSCCH,FAIL,3,21,,,1,0.128222,0.127149,decoded_overlap,80,1,0
11881,PSCCH,OK,3,21,,,0,1.43896,1.26076,,80,1,0
11883,PSCCH,FAIL,21,1,,,0.687838,0.700379,0.600775,decoded_overlap,80,1,0
11886,PSCCH,OK,21,1,,,0,2.79102,2.7442,,80,1,0
11888,PSCCH,FAIL,3,21,,,1,0.358255,0.352032,decoded_overlap,80,1,0
11891,PSCCH,OK,3,21,,,0.0015,1.20585,1.14499,,80,1,0
11893,PSCCH,FAIL,21,1,,,0.687838,0.829951,0.800048,decoded_overlap,80,1,0
11896,PSCCH,OK,3,21,,,0,1.465,1.32019,,80,1,0
11898,PSCCH,FAIL,21,1,,,0.967105,0.684044,0.651757,decoded_overlap,80,1,0
11901,PSCCH,OK,21,1,,,0,5.96854,3.61448,,80,1,0
11903,PSCCH,FAIL,3,21,,,1,0.178808,0.129376,decoded_overlap,80,1,0
11905,PSSCH,FAIL,21,1,3,4069,1,1.76931,0.323476,decode_fail,,,
11914,PSCCH,OK,2,1,,,0,61.0106,57.4791,,80,1,1
11916,PSCCH,FAIL,20,1,,,1,0.016412,0.015448,decoded_overlap,80,1,1
11920,PSCCH,OK,2,1,,,0,8.93639,8.85562,,80,1,1
11922,PSCCH,FAIL,20,1,,,1,0.111896,0.110126,decoded_overlap,80,1,1
11926,PSCCH,OK,20,1,,,0,4.48471,3.88974,,80,1,1
11928,PSCCH,FAIL,2,1,,,1,0.224626,0.196976,decoded_overlap,80,1,1
11932,PSCCH,OK,20,1,,,0,3.85295,3.25043,,80,1,1
11934,PSCCH,FAIL,2,1,,,1,0.261108,0.243131,decoded_overlap,80,1,1
11938,PSCCH,OK,2,1,,,0,6.00176,5.41385,,80,1,1
11940,PSCCH,FAIL,20,1,,,1,0.166924,0.160233,decoded_overlap,80,1,1
11944,PSCCH,OK,20,1,,,0,2.38449,2.16285,,80,1,1
11946,PSCCH,FAIL,2,1,,,1,0.420116,0.402106,decoded_overlap,80,1,1
11950,PSCCH,OK,2,1,,,0.0015,1.17672,1.03095,,80,1,1
11952,PSCCH,FAIL,20,1,,,0.687838,0.854614,0.766077,decoded_overlap,80,1,1
11956,PSCCH,OK,20,1,,,0,12.7076,9.76743,,80,1,1
11958,PSCCH,FAIL,2,1,,,1,0.0810084,0.0599678,decoded_overlap,80,1,1
11962,PSCCH,OK,20,1,,,0,2.30283,2.26271,,80,1,1
11964,PSCCH,FAIL,2,1,,,1,0.43416,0.426925,decoded_overlap,80,1,1
11968,PSCCH,OK,20,1,,,0,3.29781,3.00084,,80,1,1
11970,PSCCH,FAIL,2,1,,,1,0.304428,0.273371,decoded_overlap,80,1,1
11974,PSCCH,OK,2,1,,,0,85.5886,75.6525,,80,1,1
11976,PSCCH,FAIL,20,1,,,1,0.0117497,0.0102766,decoded_overlap,80,1,1
11980,PSCCH,OK,20,1,,,0,8.42577,7.9517,,80,1,1
11982,PSCCH,FAIL,2,1,,,1,0.118771,0.115797,decoded_overlap,80,1,1
11986,PSCCH,OK,20,1,,,0,12.6988,7.89886,,80,1,1
11988,PSCCH,FAIL,2,1,,,1,0.0857356,0.0513856,decoded_overlap,80,1,1
11992,PSCCH,OK,20,1,,,0,83.1704,82.1328,,80,1,1
11994,PSCCH,FAIL,2,1,,,1,0.0118869,0.011747,decoded_overlap,80,1,1
11998,PSCCH,OK,20,1,,,0,1.58073,1.30309,,80,1,1
12000,PSCCH,FAIL,2,1,,,0.967105,0.641366,0.532265,decoded_overlap,80,1,1
12004,PSCCH,OK,20,1,,,0,9.97995,9.72395,,80,1,1
12006,PSCCH,FAIL,2,1,,,1,0.100184,0.0984682,decoded_overlap,80,1,1
12010,PSCCH,OK,20,1,,,0,3.56446,3.44306,,80,1,1
12012,PSCCH,FAIL,2,1,,,1,0.280696,0.269271,decoded_overlap,80,1,1
12014,PSSCH,FAIL,2,1,12,4069,1,36.3219,5.46188,decode_fail,,,
12023,PSCCH,OK,3,21,,,0,32694.7,26966.7,,80,2,0
12027,PSCCH,OK,3,21,,,0,79160.2,78878.6,,80,2,0
12031,PSCCH,OK,3,21,,,0,65125.3,63897.4,,80,2,0
12036,PSCCH,OK,3,21,,,0,992.026,664.776,,80,2,0
12040,PSCCH,OK,3,21,,,0,30002.1,29782.6,,80,2,0
12043,PSCCH,OK,3,21,,,0,833.664,746.312,,80,2,0
12047,PSCCH,OK,3,21,,,0,3199.37,3146.06,,80,2,0
12051,PSCCH,OK,3,21,,,0,70242,67096.3,,80,2,0
12056,PSCCH,OK,3,21,,,0,2333.32,2259.31,,80,2,0
12059,PSCCH,OK,3,21,,,0,14838.3,14111.9,,80,2,0
12064,PSCCH,OK,3,21,,,0,4333.66,3082.21,,80,2,0
12066,PSCCH,OK,3,21,,,0,18003.9,17910.7,,80,2,0
12072,PSCCH,OK,3,21,,,0,5376.89,5362.81,,80,2,0
12074,PSCCH,OK,3,21,,,0,323872,307608,,80,2,0
12078,PSCCH,OK,3,21,,,0,7557.37,7100.35,,80,2,0
12083,PSCCH,OK,3,21,,,0,141787,131042,,80,2,0
12088,PSCCH,OK,3,21,,,0,2144.66,2044.31,,80,2,0
12090,PSCCH,OK,3,21,,,0,1208590.0,1201960.0,,80,2,0
12094,PSSCH,FAIL,13,,,,,,,decode_fail,,,
12097,PSSCH,FAIL,14,9,5,2595,0.999993,24.0788,17.1154,decode_fail,,,
12099,PSSCH,FAIL,3,21,9,4069,1,24316.4,0.840172,decode_fail,,,
12106,PSCCH,OK,16,1,,,0,9427.21,8989.14,,80,2,1
12109,PSCCH,OK,16,1,,,0,125109,122790,,80,2,1
12115,PSCCH,OK,16,1,,,0,2547.43,2536.16,,80,2,1
12117,PSCCH,OK,16,1,,,0,196955,183737,,80,2,1
12122,PSCCH,OK,16,1,,,0,60235.4,58216.5,,80,2,1
12125,PSCCH,OK,16,1,,,0,47703,40026,,80,2,1
12130,PSCCH,OK,16,1,,,0,5290.42,4664.3,,80,2,1
12135,PSCCH,OK,16,1,,,0,208.833,155.867,,80,2,1
12139,PSCCH,OK,16,1,,,0,65860.1,64830.2,,80,2,1
12143,PSCCH,OK,16,1,,,0,29469.9,28540.4,,80,2,1
12146,PSCCH,OK,16,1,,,0,4212.36,4080.92,,80,2,1
12150,PSCCH,OK,16,1,,,0,33986,33956.7,,80,2,1
12153,PSCCH,OK,16,1,,,0,66069.5,65675.4,,80,2,1
12159,PSCCH,OK,16,1,,,0,47796.2,36875.5,,80,2,1
12163,PSCCH,OK,16,1,,,0,119.385,29.704,,80,2,1
12167,PSCCH,OK,16,1,,,0,14165.5,13924,,80,2,1
12169,PSCCH,OK,16,1,,,0,11885.4,8668.21,,80,2,1
12173,PSCCH,OK,16,1,,,0,211335,194375,,80,2,1
12179,PSSCH,FAIL,21,3,6,3187,1,216.146,2.36338,decode_fail,,,
12181,PSSCH,FAIL,19,9,9,1827,1,1.34239,0.0714702,decode_fail,,,
12185,PSCCH,OK,5,16,,,0,31958.1,30285.1,,80,3,0
12188,PSCCH,OK,5,16,,,0,136664,114497,,80,3,0
12192,PSCCH,OK,5,16,,,0,918.462,701.224,,80,3,0
12195,PSCCH,OK,5,16,,,0,189514,187091,,80,3,0
12198,PSCCH,OK,5,16,,,0,9823.48,9104.29,,80,3,0
12200,PSCCH,OK,5,16,,,0,1089.82,797.668,,80,3,0
12203,PSCCH,OK,5,16,,,0,15294.9,15164.1,,80,3,0
12207,PSCCH,OK,5,16,,,0,47251.9,43759.9,,80,3,0
12210,PSCCH,OK,5,16,,,0,12972.5,11883.3,,80,3,0
12212,PSCCH,OK,5,16,,,0,3664.6,3394.51,,80,3,0
12216,PSCCH,OK,5,16,,,0,9210.66,9179.66,,80,3,0
12219,PSCCH,OK,5,16,,,0,2765.57,2334.77,,80,3,0
12222,PSCCH,OK,5,16,,,0,2827.86,2044.71,,80,3,0
12224,PSCCH,OK,5,16,,,0,7314.6,7178.25,,80,3,0
12227,PSCCH,OK,5,16,,,0,21983.8,21343.4,,80,3,0
12230,PSCCH,OK,5,16,,,0,17798.6,16967.6,,80,3,0
12234,PSCCH,OK,5,16,,,0,272060,267739,,80,3,0
12237,PSCCH,OK,5,16,,,0,280182,271882,,80,3,0
12240,PSCCH,OK,5,16,,,0,167.474,114.454,,80,3,0
12242,PSSCH,FAIL,16,19,2,2163,1,2.9446,2.52201,decode_fail,,,
12250,PSCCH,FAIL,3,1,,,0.687838,0.715017,0.680304,error_model,80,3,1
12252,PSCCH,FAIL,14,17,,,1,0.503648,0.470033,error_model,80,3,1
12254,PSCCH,FAIL,9,1,,,1,0.330815,0.303413,error_model,80,3,1
12257,PSCCH,OK,3,1,,,0,5.5556,4.05791,,80,3,1
12259,PSCCH,FAIL,14,17,,,1,0.118148,0.0707216,decoded_overlap,80,3,1
12261,PSCCH,FAIL,9,1,,,1,0.0545846,0.0515309,decoded_overlap,80,3,1
12264,PSCCH,OK,3,1,,,0,2.18656,2.09339,,80,3,1
12266,PSCCH,FAIL,9,1,,,1,0.187061,0.175497,decoded_overlap,80,3,1
12268,PSCCH,FAIL,14,17,,,1,0.185341,0.183994,decoded_overlap,80,3,1
12271,PSCCH,OK,9,1,,,0,8.62835,7.33497,,80,3,1
12273,PSCCH,FAIL,14,17,,,1,0.0630513,0.0578657,decoded_overlap,80,3,1
12275,PSCCH,FAIL,3,1,,,1,0.0475988,0.0369619,decoded_overlap,80,3,1
12278,PSCCH,OK,14,17,,,0,1.54922,1.35081,,80,3,1
12280,PSCCH,FAIL,3,1,,,1,0.313031,0.265174,decoded_overlap,80,3,1
12282,PSCCH,FAIL,9,1,,,1,0.183976,0.179683,decoded_overlap,80,3,1
12285,PSCCH,OK,3,1,,,0,3.32082,3.21519,,80,3,1
12287,PSCCH,FAIL,14,17,,,1,0.239421,0.227594,decoded_overlap,80,3,1
12289,PSCCH,FAIL,9,1,,,1,0.0397896,0.0380504,decoded_overlap,80,3,1
12292,PSCCH,OK,3,1,,,0,2.34956,2.3136,,80,3,1
12294,PSCCH,FAIL,9,1,,,1,0.380446,0.37283,decoded_overlap,80,3,1
12296,PSCCH,FAIL,14,17,,,1,0.0234549,0.0231989,decoded_overlap,80,3,1
12299,PSCCH,OK,9,1,,,0,3.29319,2.66834,,80,3,1
12301,PSCCH,FAIL,14,17,,,1,0.288342,0.244386,decoded_overlap,80,3,1
12303,PSCCH,FAIL,3,1,,,1,0.0116139,0.0104968,decoded_overlap,80,3,1
12306,PSCCH,OK,9,1,,,0.0015,1.12426,1.06334,,80,3,1
12308,PSCCH,FAIL,3,1,,,0.967105,0.679865,0.648282,decoded_overlap,80,3,1
12310,PSCCH,FAIL,14,17,,,1,0.0709413,0.069874,decoded_overlap,80,3,1
12313,PSCCH,OK,3,1,,,0,2.46233,2.33273,,80,3,1
12315,PSCCH,FAIL,14,17,,,1,0.251907,0.229441,decoded_overlap,80,3,1
12317,PSCCH,FAIL,9,1,,,1,0.0963363,0.0914555,decoded_overlap,80,3,1
12320,PSCCH,OK,9,1,,,0,3.5547,3.51912,,80,3,1
12322,PSCCH,FAIL,14,17,,,1,0.173401,0.168919,decoded_overlap,80,3,1
12324,PSCCH,FAIL,3,1,,,1,0.0773361,0.0759881,decoded_overlap,80,3,1
12327,PSCCH,OK,14,17,,,0,1.53915,1.49743,,80,3,1
12329,PSCCH,FAIL,9,1,,,0.967105,0.592684,0.588103,decoded_overlap,80,3,1
12331,PSCCH,FAIL,3,1,,,1,0.0222243,0.0185716,decoded_overlap,80,3,1
12334,PSCCH,OK,9,1,,,0,1.51075,1.43593,,80,3,1
12336,PSCCH,FAIL,3,1,,,1,0.329454,0.321683,decoded_overlap,80,3,1
12338,PSCCH,FAIL,14,17,,,1,0.177352,0.169298,decoded_overlap,80,3,1
12341,PSCCH,FAIL,3,1,,,0.967105,0.683034,0.573459,error_model,80,3,1
12343,PSCCH,FAIL,9,1,,,1,0.453869,0.404891,error_model,80,3,1
12345,PSCCH,FAIL,14,17,,,1,0.395899,0.359005,error_model,80,3,1
12348,PSCCH,OK,3,1,,,0.687838,0.717404,0.510555,,80,3,1
12350,PSCCH,FAIL,9,1,,,1,0.488199,0.210681,decoded_overlap,80,3,1
12352,PSCCH,FAIL,14,17,,,1,0.372506,0.283014,decoded_overlap,80,3,1
12355,PSCCH,OK,14,17,,,0,1.93739,1.89921,,80,3,1
12357,PSCCH,FAIL,9,1,,,1,0.432588,0.429732,decoded_overlap,80,3,1
12359,PSCCH,FAIL,3,1,,,1,0.0400532,0.0331576,decoded_overlap,80,3,1
12362,PSCCH,OK,3,1,,,0.0015,1.19719,1.19147,,80,3,1
12364,PSCCH,FAIL,14,17,,,0.687838,0.736151,0.729847,decoded_overlap,80,3,1
12366,PSCCH,FAIL,9,1,,,1,0.0321165,0.0317072,decoded_overlap,80,3,1
12368,PSSCH,FAIL,12,1,7,2083,1,1.61138,0.927345,decode_fail,,,
12374,PSCCH,OK,2,1,,,0,16.6037,16.0732,,80,4,0
12376,PSCCH,FAIL,3,21,,,1,0.0603023,0.0558471,decoded_overlap,80,4,0
12378,PSCCH,OK,2,1,,,0,1.46857,0.891428,,80,4,0
12380,PSCCH,FAIL,3,21,,,0.687838,0.738517,0.460547,decoded_overlap,80,4,0
12382,PSCCH,OK,2,1,,,0,6656.13,502.812,,80,4,0
12384,PSCCH,FAIL,3,21,,,1,0.000618718,3.41369e-05,decoded_overlap,80,4,0
12386,PSCCH,OK,3,21,,,0,4.57915,4.0987,,80,4,0
12388,PSCCH,FAIL,2,1,,,1,0.219295,0.200476,decoded_overlap,80,4,0
12390,PSCCH,OK,2,1,,,0,12.1949,10.51,,80,4,0
12392,PSCCH,FAIL,3,21,,,1,0.0829047,0.0661861,decoded_overlap,80,4,0
12394,PSCCH,OK,2,1,,,0,4.77781,4.1434,,80,4,0
12396,PSCCH,FAIL,3,21,,,1,0.210801,0.184835,decoded_overlap,80,4,0
12398,PSCCH,OK,3,21,,,0,69.7327,67.1584,,80,4,0
12400,PSCCH,FAIL,2,1,,,1,0.0143434,0.0138509,decoded_overlap,80,4,0
12402,PSCCH,OK,2,1,,,0,2.14144,1.95482,,80,4,0
12404,PSCCH,FAIL,3,21,,,1,0.468232,0.425524,decoded_overlap,80,4,0
12406,PSCCH,OK,3,21,,,0,10.6003,9.14312,,80,4,0
12408,PSCCH,FAIL,2,1,,,1,0.0948098,0.0876805,decoded_overlap,80,4,0
12410,PSCCH,OK,2,1,,,0,2.02827,1.95269,,80,4,0
12412,PSCCH,FAIL,3,21,,,1,0.493569,0.46252,decoded_overlap,80,4,0
12414,PSCCH,OK,2,1,,,0,1.96909,1.75803,,80,4,0
12416,PSCCH,FAIL,3,21,,,1,0.510213,0.459067,decoded_overlap,80,4,0
12418,PSCCH,OK,3,21,,,0,10.6786,6.80509,,80,4,0
12420,PSCCH,FAIL,2,1,,,1,0.101217,0.0621005,decoded_overlap,80,4,0
12422,PSCCH,OK,3,21,,,0,30.7484,30.5416,,80,4,0
12424,PSCCH,FAIL,2,1,,,1,0.0324692,0.0322486,decoded_overlap,80,4,0
12426,PSCCH,OK,2,1,,,0,5.67959,5.32921,,80,4,0
12428,PSCCH,FAIL,3,21,,,1,0.176167,0.171084,decoded_overlap,80,4,0
12430,PSCCH,OK,3,21,,,0,32.4601,27.1877,,80,4,0
12432,PSCCH,FAIL,2,1,,,1,0.0310816,0.0274484,decoded_overlap,80,4,0
12434,PSCCH,OK,2,1,,,0,1.59341,1.55659,,80,4,0
12436,PSCCH,FAIL,3,21,,,0.967105,0.627521,0.613929,decoded_overlap,80,4,0
12438,PSCCH,OK,3,21,,,0,5.87596,5.47866,,80,4,0
12440,PSCCH,FAIL,2,1,,,1,0.170508,0.158986,decoded_overlap,80,4,0
12442,PSCCH,OK,2,1,,,0,1.87794,0.558417,,80,4,0
12444,PSCCH,FAIL,3,21,,,0.967105,0.760905,0.278048,decoded_overlap,80,4,0
12446,PSCCH,OK,3,21,,,0,16.7994,16.3838,,80,4,0
12448,PSCCH,FAIL,2,1,,,1,0.0595508,0.0573243,decoded_overlap,80,4,0
12450,PSSCH,OK,2,1,14,4069,0,74.4697,16.2246,,,,
12452,PSSCH,FAIL,3,21,10,4069,1,13.2102,9.14021,decode_fail,,,
12460,PSCCH,FAIL,21,12,,,0.687838,0.758472,0.626372,error_model,80,4,1
12462,PSCCH,FAIL,20,2,,,1,0.123941,0.119485,error_model,80,4,1
12466,PSCCH,FAIL,20,2,,,0.687838,0.875588,0.776297,error_model,80,4,1
12468,PSCCH,FAIL,21,12,,,0.687838,0.870356,0.749544,error_model,80,4,1
12473,PSCCH,OK,20,2,,,0,2.42795,2.20027,,80,4,1
12475,PSCCH,FAIL,21,12,,,1,0.190989,0.172856,decoded_overlap,80,4,1
12480,PSCCH,OK,20,2,,,0,54.3542,42.1842,,80,4,1
12483,PSCCH,FAIL,21,12,,,1,0.00674527,0.00608349,decoded_overlap,80,4,1
12487,PSCCH,OK,21,12,,,0,1.44265,1.42396,,80,4,1
12490,PSCCH,FAIL,20,2,,,1,0.00589443,0.00573119,decoded_overlap,80,4,1
12494,PSCCH,OK,21,12,,,0,8.33352,8.17534,,80,4,1
12496,PSCCH,FAIL,20,2,,,1,0.111901,0.110661,decoded_overlap,80,4,1
12501,PSCCH,OK,20,2,,,0.125375,1.0318,0.983689,,80,4,1
12503,PSCCH,FAIL,21,12,,,1,0.538872,0.506299,decoded_overlap,80,4,1
12509,PSCCH,FAIL,21,12,,,1,0.0961165,0.0958528,decoded_overlap,80,4,1
12511,PSCCH,FAIL,20,2,,,1,0.0852804,0.0821487,decoded_overlap,80,4,1
12515,PSCCH,OK,21,12,,,0,3.36793,3.04215,,80,4,1
12518,PSCCH,FAIL,20,2,,,1,0.10757,0.103858,decoded_overlap,80,4,1
12522,PSCCH,OK,20,2,,,0.125375,1.09116,1.0522,,80,4,1
12524,PSCCH,FAIL,21,12,,,1,0.461128,0.424785,decoded_overlap,80,4,1
12530,PSCCH,FAIL,21,12,,,0.125375,0.915455,0.748826,decoded_overlap,80,4,1
12532,PSCCH,FAIL,20,2,,,1,0.00974777,0.00826747,decoded_overlap,80,4,1
12536,PSCCH,OK,20,2,,,0,14.3941,13.7517,,80,4,1
12538,PSCCH,FAIL,21,12,,,1,0.0656024,0.0626093,decoded_overlap,80,4,1
12544,PSCCH,FAIL,21,12,,,1,0.134778,0.128584,decoded_overlap,80,4,1
12546,PSCCH,FAIL,20,2,,,1,0.0701683,0.0656504,decoded_overlap,80,4,1
12550,PSCCH,OK,20,2,,,0,44.4328,40.5273,,80,4,1
12552,PSCCH,FAIL,21,12,,,1,0.0137437,0.0123619,decoded_overlap,80,4,1
12557,PSCCH,OK,20,2,,,0,4.56762,4.53362,,80,4,1
12559,PSCCH,FAIL,21,12,,,1,0.114101,0.106149,decoded_overlap,80,4,1
12564,PSCCH,OK,20,2,,,0,4.51493,3.7407,,80,4,1
12567,PSCCH,FAIL,21,12,,,1,0.0576499,0.0532033,decoded_overlap,80,4,1
12570,PSSCH,FAIL,14,1,6,2083,1,0.878646,0.383996,decode_fail,,,
12576,PSCCH,OK,5,1,,,0,1.7415,1.61073,,80,5,0
12578,PSCCH,FAIL,4,1,,,1,0.330283,0.324131,decoded_overlap,80,5,0
12580,PSCCH,FAIL,16,1,,,1,0.132391,0.115439,decoded_overlap,80,5,0
12583,PSCCH,FAIL,5,1,,,0.687838,0.731634,0.380243,error_model,80,5,0
12585,PSCCH,FAIL,16,1,,,1,0.523853,0.499529,error_model,80,5,0
12587,PSCCH,FAIL,4,1,,,1,0.336232,0.168605,error_model,80,5,0
12590,PSCCH,OK,16,1,,,0,1.49574,1.30562,,80,5,0
12592,PSCCH,FAIL,4,1,,,0.967105,0.632565,0.593513,decoded_overlap,80,5,0
12594,PSCCH,FAIL,5,1,,,1,0.0144184,0.0113292,decoded_overlap,80,5,0
12597,PSCCH,OK,4,1,,,0,2.23695,1.51488,,80,5,0
12599,PSCCH,FAIL,16,1,,,1,0.331561,0.196484,decoded_overlap,80,5,0
12601,PSCCH,FAIL,5,1,,,1,0.0778746,0.071658,decoded_overlap,80,5,0
12604,PSCCH,OK,4,1,,,0,16.1234,15.4194,,80,5,0
12606,PSCCH,FAIL,16,1,,,1,0.0535785,0.047825,decoded_overlap,80,5,0
12608,PSCCH,FAIL,5,1,,,1,0.00761916,0.00496885,decoded_overlap,80,5,0
12611,PSCCH,OK,4,1,,,0,9.54225,9.20486,,80,5,0
12613,PSCCH,FAIL,5,1,,,1,0.098919,0.0954502,decoded_overlap,80,5,0
12615,PSCCH,FAIL,16,1,,,1,0.00489801,0.0045057,decoded_overlap,80,5,0
12618,PSCCH,OK,5,1,,,0.0015,1.14091,0.807933,,80,5,0
12620,PSCCH,FAIL,16,1,,,0.967105,0.655358,0.444913,decoded_overlap,80,5,0
12622,PSCCH,FAIL,4,1,,,1,0.0890194,0.0831303,decoded_overlap,80,5,0
12625,PSCCH,OK,5,1,,,0,1.46834,1.34838,,80,5,0
12627,PSCCH,FAIL,16,1,,,1,0.320688,0.316788,decoded_overlap,80,5,0
12629,PSCCH,FAIL,4,1,,,1,0.19422,0.177595,decoded_overlap,80,5,0
12632,PSCCH,OK,5,1,,,0.687838,0.87008,0.81138,,80,5,0
12634,PSCCH,FAIL,4,1,,,0.687838,0.760557,0.742105,decoded_overlap,80,5,0
12636,PSCCH,FAIL,16,1,,,1,0.114763,0.105012,decoded_overlap,80,5,0
12639,PSCCH,OK,4,1,,,0.125375,0.977131,0.757966,,80,5,0
12641,PSCCH,FAIL,16,1,,,0.125375,0.959422,0.773275,decoded_overlap,80,5,0
12643,PSCCH,FAIL,5,1,,,1,0.0216573,0.0208584,decoded_overlap,80,5,0
12646,PSCCH,OK,4,1,,,0.0015,1.38748,1.0545,,80,5,0
12648,PSCCH,FAIL,5,1,,,1,0.337736,0.315236,decoded_overlap,80,5,0
12650,PSCCH,FAIL,16,1,,,1,0.205957,0.157092,decoded_overlap,80,5,0
12653,PSCCH,OK,5,1,,,0,6.17707,5.97778,,80,5,0
12655,PSCCH,FAIL,4,1,,,1,0.158414,0.152075,decoded_overlap,80,5,0
12657,PSCCH,FAIL,16,1,,,1,0.00256845,0.00137642,decoded_overlap,80,5,0
12660,PSCCH,OK,4,1,,,0,1.47445,1.40112,,80,5,0
12662,PSCCH,FAIL,5,1,,,0.967105,0.580512,0.567501,decoded_overlap,80,5,0
12664,PSCCH,FAIL,16,1,,,1,0.0385259,0.0218101,decoded_overlap,80,5,0
12667,PSCCH,FAIL,16,1,,,0.967105,0.609214,0.527,error_model,80,5,0
12669,PSCCH,FAIL,4,1,,,1,0.482476,0.448143,error_model,80,5,0
12671,PSCCH,FAIL,5,1,,,1,0.421824,0.411725,error_model,80,5,0
12674,PSCCH,OK,16,1,,,0.0015,1.13017,1.11514,,80,5,0
12676,PSCCH,FAIL,5,1,,,0.687838,0.796558,0.770324,decoded_overlap,80,5,0
12678,PSCCH,FAIL,4,1,,,1,0.0268433,0.0207442,decoded_overlap,80,5,0
12681,PSCCH,OK,16,1,,,0.125375,0.968978,0.967434,,80,5,0
12683,PSCCH,FAIL,4,1,,,1,0.467977,0.454636,decoded_overlap,80,5,0
12685,PSCCH,FAIL,5,1,,,1,0.233253,0.222385,decoded_overlap,80,5,0
12688,PSCCH,OK,4,1,,,0.0015,1.39732,1.32338,,80,5,0
12690,PSCCH,FAIL,16,1,,,1,0.541231,0.504722,decoded_overlap,80,5,0
12692,PSCCH,FAIL,5,1,,,1,0.071026,0.0662185,decoded_overlap,80,5,0
12698,PSCCH,FAIL,19,1,,,1,0.00341065,0.00335291,decoded_overlap,80,5,1
12701,PSCCH,OK,19,1,,,0,2.04292,2.0018,,80,5,1
12706,PSCCH,FAIL,19,1,,,1,0.182578,0.127677,decoded_overlap,80,5,1
12709,PSCCH,OK,19,1,,,0,3.65882,2.20076,,80,5,1
12714,PSCCH,FAIL,19,1,,,1,0.40643,0.37756,decoded_overlap,80,5,1
12718,PSCCH,FAIL,19,1,,,1,0.348145,0.292052,decoded_overlap,80,5,1
12722,PSCCH,FAIL,19,1,,,1,0.110182,0.0948843,decoded_overlap,80,5,1
12725,PSCCH,OK,19,1,,,0,126.266,125.919,,80,5,1
12729,PSCCH,OK,19,1,,,0,18.286,17.9587,,80,5,1
12733,PSCCH,OK,19,1,,,0,3.51567,3.31031,,80,5,1
12738,PSCCH,FAIL,19,1,,,1,0.0696575,0.0612999,decoded_overlap,80,5,1
12742,PSCCH,FAIL,19,1,,,1,0.304756,0.304352,decoded_overlap,80,5,1
12745,PSCCH,OK,19,1,,,0,6.96665,6.28542,,80,5,1
12749,PSCCH,OK,19,1,,,0,22.3695,21.4263,,80,5,1
12753,PSCCH,OK,19,1,,,0,37.9546,36.5446,,80,5,1
12757,PSCCH,OK,19,1,,,0,80.7557,71.5863,,80,5,1
12761,PSCCH,OK,19,1,,,0.0015,1.27565,1.19064,,80,5,1
12766,PSCCH,FAIL,19,1,,,1,0.387179,0.341751,decoded_overlap,80,5,1
12768,PSSCH,FAIL,20,1,6,2083,1,1.84526,0.0131786,decode_fail,,,
12771,PSCCH,FAIL,5,16,,,0.687838,0.778255,0.744961,error_model,80,6,0
12773,PSCCH,OK,14,17,,,0.687838,0.740333,0.73574,,80,6,0
12777,PSCCH,FAIL,5,16,,,1,0.487731,0.234347,decoded_overlap,80,6,0
12779,PSCCH,FAIL,14,17,,,1,0.151953,0.137572,decoded_overlap,80,6,0
12781,PSCCH,OK,14,17,,,0,11.8867,10.5439,,80,6,0
12784,PSCCH,FAIL,5,16,,,1,0.030342,0.0236954,decoded_overlap,80,6,0
12787,PSCCH,FAIL,5,16,,,0.967105,0.672972,0.658906,decoded_overlap,80,6,0
12789,PSCCH,FAIL,14,17,,,1,0.0204901,0.0204053,decoded_overlap,80,6,0
12791,PSCCH,OK,14,17,,,0,5.50979,5.38809,,80,6,0
12793,PSCCH,FAIL,5,16,,,1,0.165012,0.162334,decoded_overlap,80,6,0
12797,PSCCH,FAIL,5,16,,,1,0.114196,0.0984085,decoded_overlap,80,6,0
12799,PSCCH,FAIL,14,17,,,1,0.0231117,0.0220055,decoded_overlap,80,6,0
12802,PSCCH,FAIL,5,16,,,1,0.371284,0.370805,decoded_overlap,80,6,0
12804,PSCCH,FAIL,14,17,,,1,0.156418,0.15529,decoded_overlap,80,6,0
12806,PSCCH,OK,14,17,,,0,3.45493,3.16578,,80,6,0
12809,PSCCH,FAIL,5,16,,,1,0.11757,0.0749816,decoded_overlap,80,6,0
12811,PSCCH,OK,14,17,,,0,13.2742,12.63,,80,6,0
12813,PSCCH,FAIL,5,16,,,1,0.0366672,0.0309813,decoded_overlap,80,6,0
12817,PSCCH,FAIL,14,17,,,0.967105,0.649002,0.617519,decoded_overlap,80,6,0
12819,PSCCH,FAIL,5,16,,,1,0.0371252,0.0349983,decoded_overlap,80,6,0
12821,PSCCH,OK,14,17,,,0,13.5734,13.0571,,80,6,0
12823,PSCCH,FAIL,5,16,,,1,0.0640389,0.0616506,decoded_overlap,80,6,0
12827,PSCCH,FAIL,14,17,,,1,0.0228947,0.0209106,decoded_overlap,80,6,0
12829,PSCCH,FAIL,5,16,,,1,0.00273463,0.00206179,decoded_overlap,80,6,0
12831,PSCCH,OK,14,17,,,0,1.69297,1.68837,,80,6,0
12833,PSCCH,FAIL,5,16,,,1,0.299093,0.295425,decoded_overlap,80,6,0
12837,PSCCH,FAIL,5,16,,,0.967105,0.676839,0.646546,decoded_overlap,80,6,0
12839,PSCCH,FAIL,14,17,,,1,0.0541755,0.0505691,decoded_overlap,80,6,0
12841,PSCCH,OK,14,17,,,0,2.79054,2.04529,,80,6,0
12844,PSCCH,FAIL,5,16,,,1,0.00165647,0.000959779,decoded_overlap,80,6,0
12847,PSCCH,FAIL,5,16,,,1,0.525835,0.48931,decoded_overlap,80,6,0
12849,PSCCH,FAIL,14,17,,,1,0.0656234,0.0652108,decoded_overlap,80,6,0
12851,PSCCH,OK,5,16,,,0,1.46069,1.38519,,80,6,0
12853,PSCCH,FAIL,14,17,,,1,0.296834,0.277935,decoded_overlap,80,6,0
12856,PSCCH,OK,14,17,,,0,49.2458,45.3577,,80,6,0
12859,PSCCH,FAIL,5,16,,,1,0.0019884,0.00186544,decoded_overlap,80,6,0
12861,PSSCH,FAIL,20,2,7,3201,1,2.03601,0.568086,decode_fail,,,
12863,PSSCH,FAIL,14,17,2,4069,1,136.404,0.0382654,decode_fail,,,
12870,PSCCH,OK,4,1,,,0,5297.07,4678.4,,80,7,0
12872,PSCCH,OK,4,1,,,0,57587.7,35559.8,,80,7,0
12874,PSCCH,OK,4,1,,,0,133050,131106,,80,7,0
12876,PSCCH,OK,4,1,,,0,125088,124684,,80,7,0
12878,PSCCH,OK,4,1,,,0,24627.5,20997,,80,7,0
12880,PSCCH,OK,4,1,,,0,36184.1,35971.4,,80,7,0
12882,PSCCH,OK,4,1,,,0,191650,188428,,80,7,0
12884,PSCCH,OK,4,1,,,0,7834.15,7830.67,,80,7,0
12886,PSCCH,OK,4,1,,,0,3612.56,3477.92,,80,7,0
12888,PSCCH,OK,4,1,,,0,5438.12,5031.67,,80,7,0
12890,PSCCH,OK,4,1,,,0,48758.4,39537.9,,80,7,0
12892,PSCCH,OK,4,1,,,0,758640,741992,,80,7,0
12894,PSCCH,OK,4,1,,,0,7068.65,6783.19,,80,7,0
12896,PSCCH,OK,4,1,,,0,2837.31,2653.37,,80,7,0
12898,PSCCH,OK,4,1,,,0,624218,599537,,80,7,0
12900,PSCCH,OK,4,1,,,0,32083.3,29196.5,,80,7,0
12902,PSCCH,OK,4,1,,,0,101917,101054,,80,7,0
12904,PSCCH,OK,4,1,,,0,8989.08,8284.67,,80,7,0
12906,PSCCH,OK,4,1,,,0,244979,237923,,80,7,0
12908,PSCCH,OK,4,1,,,0,11251.7,7377.11,,80,7,0
12910,PSSCH,OK,4,1,6,4069,0,1257.02,467.84,,,,
12971,PSSCH,FAIL,2,1,15,2083,1,13.0459,9.73009,decode_fail,,,
12973,PSSCH,FAIL,21,12,5,2334,1,11029.9,0.876228,decode_fail,,,
12977,PSCCH,OK,3,1,,,0,1.53248,1.30099,,80,8,0
12979,PSCCH,FAIL,5,1,,,0.967105,0.661665,0.535863,decoded_overlap,80,8,0
12981,PSCCH,OK,5,1,,,0.0015,1.12779,0.970329,,80,8,0
12983,PSCCH,FAIL,3,1,,,0.125375,0.890521,0.83764,decoded_overlap,80,8,0
12985,PSCCH,OK,5,1,,,0,3.286,2.96651,,80,8,0
12987,PSCCH,FAIL,3,1,,,1,0.305798,0.272096,decoded_overlap,80,8,0
12989,PSCCH,OK,3,1,,,0,15.4015,12.6801,,80,8,0
12991,PSCCH,FAIL,5,1,,,1,0.0658709,0.0540309,decoded_overlap,80,8,0
12993,PSCCH,OK,3,1,,,0,17.7622,15.8484,,80,8,0
12995,PSCCH,FAIL,5,1,,,1,0.055868,0.0530257,decoded_overlap,80,8,0
12997,PSCCH,OK,5,1,,,0,1.64833,1.55583,,80,8,0
12999,PSCCH,FAIL,3,1,,,0.967105,0.607448,0.570098,decoded_overlap,80,8,0
13001,PSCCH,OK,5,1,,,0.0015,1.35184,1.04184,,80,8,0
13003,PSCCH,FAIL,3,1,,,0.687838,0.749583,0.667928,decoded_overlap,80,8,0
13005,PSCCH,OK,5,1,,,0,4.2848,3.99813,,80,8,0
13007,PSCCH,FAIL,3,1,,,1,0.233623,0.218883,decoded_overlap,80,8,0
13009,PSCCH,OK,3,1,,,0,1.87895,1.74335,,80,8,0
13011,PSCCH,FAIL,5,1,,,1,0.533132,0.500367,decoded_overlap,80,8,0
13013,PSCCH,OK,3,1,,,0,9.22455,8.35211,,80,8,0
13015,PSCCH,FAIL,5,1,,,1,0.108714,0.101008,decoded_overlap,80,8,0
13017,PSCCH,OK,3,1,,,0,49.7802,45.2009,,80,8,0
13019,PSCCH,FAIL,5,1,,,1,0.0200973,0.0187384,decoded_overlap,80,8,0
13021,PSCCH,OK,3,1,,,0,14.6537,14.5981,,80,8,0
13023,PSCCH,FAIL,5,1,,,1,0.068222,0.0677924,decoded_overlap,80,8,0
13025,PSCCH,OK,3,1,,,0,1.44838,1.09345,,80,8,0
13027,PSCCH,FAIL,5,1,,,0.687838,0.707024,0.569574,decoded_overlap,80,8,0
13029,PSCCH,OK,5,1,,,0,53.5868,47.9582,,80,8,0
13031,PSCCH,FAIL,3,1,,,1,0.0187061,0.0177466,decoded_overlap,80,8,0
13033,PSCCH,OK,3,1,,,0,908.498,689.9,,80,8,0
13035,PSCCH,FAIL,5,1,,,1,0.00113147,0.000841056,decoded_overlap,80,8,0
13037,PSCCH,OK,5,1,,,0,20.7853,19.3967,,80,8,0
13039,PSCCH,FAIL,3,1,,,1,0.048167,0.045404,decoded_overlap,80,8,0
13041,PSCCH,OK,5,1,,,0,1.65385,1.64374,,80,8,0
13043,PSCCH,FAIL,3,1,,,0.967105,0.604661,0.599262,decoded_overlap,80,8,0
13045,PSCCH,OK,5,1,,,0,28.3813,17.6656,,80,8,0
13047,PSCCH,FAIL,3,1,,,1,0.038096,0.0234673,decoded_overlap,80,8,0
13049,PSCCH,OK,3,1,,,0,339.708,326.231,,80,8,0
13051,PSCCH,FAIL,5,1,,,1,0.00294487,0.00282924,decoded_overlap,80,8,0
13053,PSSCH,FAIL,3,1,12,4069,1,1.58397,0.46541,decode_fail,,,
13094,PSSCH,FAIL,4,1,7,2083,1,851.028,0.29511,decode_fail,,,
13096,PSSCH,FAIL,5,16,13,1857,1,55534.8,1.00379,decode_fail,,,
13100,PSCCH,OK,19,1,,,0,3334.16,3083.66,,80,9,0
13103,PSCCH,OK,19,1,,,0,28056.7,27517.4,,80,9,0
13105,PSCCH,OK,19,1,,,0,165214,162947,,80,9,0
13109,PSCCH,OK,19,1,,,0,12364.5,11614.7,,80,9,0
13112,PSCCH,OK,19,1,,,0,318626,315938,,80,9,0
13115,PSCCH,OK,19,1,,,0,668.391,70.82,,80,9,0
13117,PSCCH,OK,19,1,,,0,690.151,656.16,,80,9,0
13120,PSCCH,OK,19,1,,,0,11261.2,9919.67,,80,9,0
13124,PSCCH,OK,19,1,,,0,196632,194066,,80,9,0
13126,PSCCH,OK,19,1,,,0,86405.1,85203,,80,9,0
13129,PSCCH,OK,19,1,,,0,7522.09,6678.28,,80,9,0
13133,PSCCH,OK,19,1,,,0,5143.14,4287.03,,80,9,0
13136,PSCCH,OK,19,1,,,0,25032.2,25019.9,,80,9,0
13138,PSCCH,OK,19,1,,,0,236113,220756,,80,9,0
13141,PSCCH,OK,19,1,,,0,21826.1,21285.3,,80,9,0
13144,PSCCH,OK,19,1,,,0,279077,267127,,80,9,0
13148,PSCCH,OK,19,1,,,0,2544.53,2338.4,,80,9,0
13151,PSCCH,OK,19,1,,,0,64103.3,62290.3,,80,9,0
13154,PSCCH,OK,19,1,,,0,19631.6,18825,,80,9,0
13156,PSSCH,FAIL,19,1,11,4069,1,135.425,0.226137,decode_fail,,,
13158,PSSCH,FAIL,16,1,4,2083,1,3.85228,2.86596,decode_fail,,,
13160,PSCCH,OK,14,17,,,0,20335,20078.5,,80,9,1
13162,PSCCH,OK,14,17,,,0,17693.8,17594.4,,80,9,1
13164,PSCCH,OK,14,17,,,0,108697,93840.7,,80,9,1
13166,PSCCH,OK,14,17,,,0,7068.65,6783.19,,80,9,1
13168,PSCCH,OK,14,17,,,0,4730.92,4439.12,,80,9,1
13170,PSCCH,OK,14,17,,,0,57153.2,33303.1,,80,9,1
13172,PSCCH,OK,14,17,,,0,14962.4,14640.9,,80,9,1
13174,PSCCH,OK,14,17,,,0,54.9699,48.7847,,80,9,1
13176,PSCCH,OK,14,17,,,0,1097120.0,992588,,80,9,1
13178,PSCCH,OK,14,17,,,0,48376.1,47659.9,,80,9,1
13180,PSCCH,OK,14,17,,,0,38337.7,33978.6,,80,9,1
13182,PSCCH,OK,14,17,,,0,27779.6,26963.8,,80,9,1
13184,PSCCH,OK,14,17,,,0,12298.8,11439,,80,9,1
13186,PSCCH,OK,14,17,,,0,41505.6,39867.2,,80,9,1
13188,PSCCH,OK,14,17,,,0,95273.1,89364.1,,80,9,1
13190,PSCCH,OK,14,17,,,0,253193,202632,,80,9,1
13192,PSCCH,OK,14,17,,,0,4409.93,4390.63,,80,9,1
13194,PSCCH,OK,14,17,,,0,138084,131570,,80,9,1
13196,PSCCH,OK,14,17,,,0,85708.4,80116,,80,9,1
13198,PSCCH,OK,14,17,,,0,1056110.0,1010590.0,,80,9,1
13200,PSSCH,OK,14,17,7,4069,0,44859.1,20543.9,,,,
13224,PSSCH,OK,14,17,8,1060,0,135026,79638.3,,,,
13233,PSCCH,OK,3,1,,,0,16288.9,14283.2,,81,1,0
13235,PSCCH,OK,3,1,,,0,90669.8,90426.3,,81,1,0
13237,PSCCH,OK,3,1,,,0,80395.4,77702.5,,81,1,0
13239,PSCCH,OK,3,1,,,0,138.394,100.208,,81,1,0
13241,PSCCH,OK,3,1,,,0,461281,443080,,81,1,0
13243,PSCCH,OK,3,1,,,0,2502.74,2411.23,,81,1,0
13245,PSCCH,OK,3,1,,,0,8643.55,8436.92,,81,1,0
13247,PSCCH,OK,3,1,,,0,192363,174620,,81,1,0
13249,PSCCH,OK,3,1,,,0,2803.28,2559.32,,81,1,0
13251,PSCCH,OK,3,1,,,0,35000.5,34203.6,,81,1,0
13253,PSCCH,OK,3,1,,,0,6195,5876,,81,1,0
13255,PSCCH,OK,3,1,,,0,25923.3,25694.6,,81,1,0
13257,PSCCH,OK,3,1,,,0,39980.8,38009.6,,81,1,0
13259,PSCCH,OK,3,1,,,0,18376.1,17927.6,,81,1,0
13261,PSCCH,OK,3,1,,,0,25710.6,20474.5,,81,1,0
13263,PSCCH,OK,3,1,,,0,42446.8,31626.9,,81,1,0
13265,PSCCH,OK,3,1,,,0,7035.04,7018.83,,81,1,0
13267,PSCCH,OK,3,1,,,0,230619,227804,,81,1,0
13269,PSCCH,OK,3,1,,,0,40517.7,40359,,81,1,0
13271,PSCCH,OK,3,1,,,0,1322080.0,990253,,81,1,0
13273,PSSCH,OK,3,1,13,4069,0,3229.69,1340.97,,,,
13276,PSCCH,OK,19,1,,,0,2739.36,2401.11,,81,1,1
13278,PSCCH,OK,19,1,,,0,26627.1,26591.9,,81,1,1
13280,PSCCH,OK,19,1,,,0,125586,115945,,81,1,1
13282,PSCCH,OK,19,1,,,0,10829.5,9945.27,,81,1,1
13284,PSCCH,OK,19,1,,,0,295228,290674,,81,1,1
13286,PSCCH,OK,19,1,,,0,8740.73,7038.06,,81,1,1
13288,PSCCH,OK,19,1,,,0,478.39,442.099,,81,1,1
13290,PSCCH,OK,19,1,,,0,5862.28,3900.48,,81,1,1
13292,PSCCH,OK,19,1,,,0,299850,285527,,81,1,1
13294,PSCCH,OK,19,1,,,0,137289,136400,,81,1,1
13296,PSCCH,OK,19,1,,,0,8326.28,8187.81,,81,1,1
13298,PSCCH,OK,19,1,,,0,1051.26,580.222,,81,1,1
13300,PSCCH,OK,19,1,,,0,22715.9,22713.6,,81,1,1
13302,PSCCH,OK,19,1,,,0,241877,233926,,81,1,1
13304,PSCCH,OK,19,1,,,0,30931.2,30799.7,,81,1,1
13306,PSCCH,OK,19,1,,,0,89904.7,88830.5,,81,1,1
13308,PSCCH,OK,19,1,,,0,71389.5,70351.6,,81,1,1
13310,PSCCH,OK,19,1,,,0,2478.94,2064.38,,81,1,1
13312,PSCCH,OK,19,1,,,0,65316.6,62514.6,,81,1,1
13314,PSCCH,OK,19,1,,,0,1610.72,804.961,,81,1,1
13322,PSSCH,OK,19,1,13,4069,0,285.985,167.663,,,,
13362,PSSCH,OK,5,1,12,2083,0,4095.89,3436.3,,,,
13406,PSSCH,FAIL,3,1,14,2083,1,697.215,3.5677,decode_fail,,,
13428,PSSCH,OK,3,21,15,6,0,1948930.0,1543070.0,,,,
13452,PSSCH,OK,20,2,5,4,0,101551,99032.9,,,,
13478,PSSCH,OK,21,12,8,4,0,31088.5,26896.6,,,,
13519,PSSCH,OK,5,16,14,4,0,347038,333537,,,,
13521,PSSCH,OK,14,17,9,8,0,563661,487352,,,,
13646,PSCCH,FAIL,21,1,,,0.687838,0.77428,0.774032,error_model,90,1,0
13649,PSCCH,FAIL,5,1,,,1,0.281874,0.274063,error_model,90,1,0
13651,PSCCH,FAIL,16,1,,,1,0.0834446,0.0811365,error_model,90,1,0
13655,PSCCH,FAIL,5,1,,,1,0.468807,0.361073,error_model,90,1,0
13657,PSCCH,FAIL,21,1,,,1,0.389786,0.352565,error_model,90,1,0
13659,PSCCH,FAIL,16,1,,,1,0.0354323,0.0281091,error_model,90,1,0
13662,PSCCH,OK,21,1,,,0,80.5959,24.9014,,90,1,0
13664,PSCCH,FAIL,16,1,,,1,0.00899354,0.000840355,decoded_overlap,90,1,0
13666,PSCCH,FAIL,5,1,,,1,0.00653238,0.00390516,decoded_overlap,90,1,0
13670,PSCCH,OK,16,1,,,0,3.7584,3.53308,,90,1,0
13672,PSCCH,FAIL,5,1,,,1,0.143628,0.137233,decoded_overlap,90,1,0
13675,PSCCH,FAIL,21,1,,,1,0.0161213,0.0110274,decoded_overlap,90,1,0
13679,PSCCH,FAIL,21,1,,,1,0.0355199,0.0183261,decoded_overlap,90,1,0
13681,PSCCH,FAIL,16,1,,,1,0.00876204,0.00845246,decoded_overlap,90,1,0
13683,PSCCH,FAIL,5,1,,,1,0.00427993,0.00408703,decoded_overlap,90,1,0
13686,PSCCH,OK,21,1,,,0,43.6872,31.5298,,90,1,0
13688,PSCCH,FAIL,5,1,,,1,0.0134558,0.0102455,decoded_overlap,90,1,0
13691,PSCCH,FAIL,16,1,,,1,0.00313256,0.00126776,decoded_overlap,90,1,0
13694,PSCCH,OK,21,1,,,0.125375,1.11204,1.10462,,90,1,0
13696,PSCCH,FAIL,5,1,,,0.967105,0.654804,0.649991,decoded_overlap,90,1,0
13698,PSCCH,FAIL,16,1,,,1,0.0614132,0.0574369,decoded_overlap,90,1,0
13702,PSCCH,OK,16,1,,,0.687838,0.837089,0.766963,,90,1,0
13704,PSCCH,FAIL,21,1,,,0.967105,0.568352,0.559261,decoded_overlap,90,1,0
13706,PSCCH,FAIL,5,1,,,1,0.121134,0.0926167,decoded_overlap,90,1,0
13710,PSCCH,OK,21,1,,,0,1.70245,1.68454,,90,1,0
13712,PSCCH,FAIL,16,1,,,1,0.298963,0.290973,decoded_overlap,90,1,0
13715,PSCCH,FAIL,5,1,,,1,0.0313296,0.0306461,decoded_overlap,90,1,0
13718,PSCCH,OK,5,1,,,0.125375,0.933844,0.922965,,90,1,0
13720,PSCCH,FAIL,21,1,,,1,0.444248,0.438817,decoded_overlap,90,1,0
13722,PSCCH,FAIL,16,1,,,1,0.122726,0.12175,decoded_overlap,90,1,0
13726,PSCCH,FAIL,16,1,,,0.687838,0.746642,0.732057,error_model,90,1,0
13729,PSCCH,FAIL,21,1,,,1,0.256289,0.251579,error_model,90,1,0
13731,PSCCH,FAIL,5,1,,,1,0.0165309,0.0160518,error_model,90,1,0
13735,PSCCH,FAIL,5,1,,,1,0.275136,0.209716,decoded_overlap,90,1,0
13737,PSCCH,FAIL,21,1,,,1,0.14207,0.136119,decoded_overlap,90,1,0
13739,PSCCH,FAIL,16,1,,,1,0.0321799,0.0256546,decoded_overlap,90,1,0
13743,PSCCH,FAIL,21,1,,,1,0.187178,0.156995,decoded_overlap,90,1,0
13745,PSCCH,FAIL,16,1,,,1,0.0196354,0.0166967,decoded_overlap,90,1,0
13747,PSCCH,FAIL,5,1,,,1,0.00102605,0.00090116,decoded_overlap,90,1,0
13750,PSCCH,FAIL,16,1,,,0.967105,0.599232,0.566084,error_model,90,1,0
13752,PSCCH,FAIL,5,1,,,0.967105,0.577343,0.530549,error_model,90,1,0
13754,PSCCH,FAIL,21,1,,,1,0.329295,0.317132,error_model,90,1,0
13758,PSCCH,OK,16,1,,,0,2.48331,2.31268,,90,1,0
13760,PSCCH,FAIL,5,1,,,1,0.379454,0.359518,decoded_overlap,90,1,0
13763,PSCCH,FAIL,21,1,,,1,0.00432988,0.00286912,decoded_overlap,90,1,0
13766,PSCCH,OK,16,1,,,0,2.40111,2.3309,,90,1,0
13768,PSCCH,FAIL,5,1,,,1,0.403915,0.387775,decoded_overlap,90,1,0
13771,PSCCH,FAIL,21,1,,,1,0.00150847,0.00142384,decoded_overlap,90,1,0
13778,PSCCH,OK,16,1,,,0,10363.2,9656.17,,90,1,1
13780,PSCCH,OK,16,1,,,0,10436.7,7983.63,,90,1,1
13782,PSCCH,OK,16,1,,,0,1979.93,687.051,,90,1,1
13784,PSCCH,OK,16,1,,,0,552694,535492,,90,1,1
13786,PSCCH,OK,16,1,,,0,220265,206561,,90,1,1
13788,PSCCH,OK,16,1,,,0,24737.3,22557.1,,90,1,1
13790,PSCCH,OK,16,1,,,0,7489.31,5698.42,,90,1,1
13792,PSCCH,OK,16,1,,,0,1258.4,1185.28,,90,1,1
13794,PSCCH,OK,16,1,,,0,78523.5,75191.4,,90,1,1
13796,PSCCH,OK,16,1,,,0,38209.5,37527,,90,1,1
13798,PSCCH,OK,16,1,,,0,2998.51,2872.75,,90,1,1
13800,PSCCH,OK,16,1,,,0,41613.3,41490.1,,90,1,1
13802,PSCCH,OK,16,1,,,0,58268.1,58040.6,,90,1,1
13804,PSCCH,OK,16,1,,,0,15405.8,14599,,90,1,1
13806,PSCCH,OK,16,1,,,0,874.126,724.679,,90,1,1
13808,PSCCH,OK,16,1,,,0,13191.1,11221.2,,90,1,1
13810,PSCCH,OK,16,1,,,0,17955.9,17800.7,,90,1,1
13812,PSCCH,OK,16,1,,,0,407216,369320,,90,1,1
13814,PSCCH,OK,16,1,,,0,479156,461883,,90,1,1
13816,PSCCH,OK,16,1,,,0,10807.3,9491.4,,90,1,1
13818,PSSCH,OK,16,1,9,4069,0,604.727,335.321,,,,
13823,PSCCH,FAIL,19,1,,,1,0.257854,0.243527,decoded_overlap,90,2,0
13826,PSCCH,OK,19,1,,,0,1.65322,1.28451,,90,2,0
13830,PSCCH,OK,19,1,,,0,16.0079,13.5135,,90,2,0
13835,PSCCH,FAIL,19,1,,,1,0.0173456,0.0168302,decoded_overlap,90,2,0
13838,PSCCH,OK,19,1,,,0.0015,1.14681,1.13805,,90,2,0
13843,PSCCH,FAIL,19,1,,,0.967105,0.662567,0.483793,decoded_overlap,90,2,0
13847,PSCCH,FAIL,19,1,,,1,0.146799,0.135877,decoded_overlap,90,2,0
13850,PSCCH,OK,19,1,,,0,375.837,293.918,,90,2,0
13854,PSCCH,OK,19,1,,,0,3.93387,3.90933,,90,2,0
13858,PSCCH,OK,19,1,,,0,1.44122,1.42349,,90,2,0
13863,PSCCH,FAIL,19,1,,,1,0.299832,0.277609,decoded_overlap,90,2,0
13867,PSCCH,FAIL,19,1,,,1,0.480122,0.474589,decoded_overlap,90,2,0
13870,PSCCH,OK,19,1,,,0,10.5767,9.93871,,90,2,0
13874,PSCCH,OK,19,1,,,0,242.493,175.992,,90,2,0
13878,PSCCH,OK,19,1,,,0,2.86468,1.27724,,90,2,0
13883,PSCCH,FAIL,19,1,,,1,0.0828032,0.0649581,decoded_overlap,90,2,0
13887,PSCCH,FAIL,19,1,,,1,0.159999,0.148785,decoded_overlap,90,2,0
13891,PSCCH,FAIL,19,1,,,1,0.183572,0.137208,decoded_overlap,90,2,0
13894,PSSCH,FAIL,9,1,5,2083,1,6.59361,4.05285,decode_fail,,,
13955,PSSCH,FAIL,13,,,,,,,decode_fail,,,
13958,PSSCH,FAIL,14,9,13,2563,1,139.459,2.27679,decode_fail,,,
13966,PSCCH,OK,21,12,,,0,60089.8,57586.8,,90,3,0
13968,PSCCH,OK,21,12,,,0,72970.6,69449.1,,90,3,0
13970,PSCCH,OK,21,12,,,0,2287720.0,1695440.0,,90,3,0
13972,PSCCH,OK,21,12,,,0,11251.7,7377.11,,90,3,0
13974,PSCCH,OK,21,12,,,0,12762,12232.9,,90,3,0
13976,PSCCH,OK,21,12,,,0,77947.6,23128.7,,90,3,0
13978,PSCCH,OK,21,12,,,0,78792.4,76002.4,,90,3,0
13980,PSCCH,OK,21,12,,,0,9766.32,9577.6,,90,3,0
13982,PSCCH,OK,21,12,,,0,73012.8,60499.5,,90,3,0
13984,PSCCH,OK,21,12,,,0,120700,119423,,90,3,0
13986,PSCCH,OK,21,12,,,0,13943,13918.2,,90,3,0
13988,PSCCH,OK,21,12,,,0,9444.85,8579.99,,90,3,0
13990,PSCCH,OK,21,12,,,0,26998.5,26723.7,,90,3,0
13992,PSCCH,OK,21,12,,,0,1056110.0,1010590.0,,90,3,0
13994,PSCCH,OK,21,12,,,0,9655.03,9428.61,,90,3,0
13996,PSCCH,OK,21,12,,,0,14477.2,13177.6,,90,3,0
13998,PSCCH,OK,21,12,,,0,270822,265770,,90,3,0
14000,PSCCH,OK,21,12,,,0,9047.67,8801.46,,90,3,0
14002,PSCCH,OK,21,12,,,0,11122,10409.1,,90,3,0
14004,PSCCH,OK,21,12,,,0,2846.2,2605.71,,90,3,0
14006,PSSCH,OK,21,12,10,4069,0,1093.34,312.44,,,,
14012,PSCCH,OK,2,1,,,0,19.6695,16.5727,,90,3,1
14014,PSCCH,FAIL,3,21,,,1,0.0320921,0.0315123,decoded_overlap,90,3,1
14016,PSCCH,FAIL,13,1,,,1,0.0179538,0.0138996,decoded_overlap,90,3,1
14018,PSCCH,OK,13,1,,,0,12.3537,9.37698,,90,3,1
14020,PSCCH,FAIL,3,21,,,1,0.0418304,0.0382677,decoded_overlap,90,3,1
14022,PSCCH,FAIL,2,1,,,1,0.0380296,0.0234622,decoded_overlap,90,3,1
14024,PSCCH,OK,2,1,,,0,2.01127,0.841946,,90,3,1
14026,PSCCH,FAIL,13,1,,,1,0.518335,0.262064,decoded_overlap,90,3,1
14028,PSCCH,FAIL,3,21,,,1,0.0314149,0.0191294,decoded_overlap,90,3,1
14030,PSCCH,OK,13,1,,,0.0015,1.19639,1.04512,,90,3,1
14032,PSCCH,FAIL,2,1,,,0.967105,0.653041,0.642505,decoded_overlap,90,3,1
14034,PSCCH,FAIL,3,21,,,1,0.0649367,0.0487045,decoded_overlap,90,3,1
14036,PSCCH,OK,13,1,,,0,4.41418,4.2284,,90,3,1
14038,PSCCH,FAIL,2,1,,,1,0.102531,0.0961196,decoded_overlap,90,3,1
14040,PSCCH,FAIL,3,21,,,1,0.101119,0.0965041,decoded_overlap,90,3,1
14042,PSCCH,OK,2,1,,,0,1.97407,1.87424,,90,3,1
14044,PSCCH,FAIL,13,1,,,1,0.389557,0.37764,decoded_overlap,90,3,1
14046,PSCCH,FAIL,3,21,,,1,0.0594147,0.053286,decoded_overlap,90,3,1
14048,PSCCH,OK,3,21,,,0,20.2861,19.6121,,90,3,1
14050,PSCCH,FAIL,2,1,,,1,0.0289997,0.0276949,decoded_overlap,90,3,1
14052,PSCCH,FAIL,13,1,,,1,0.019167,0.01761,decoded_overlap,90,3,1
14054,PSCCH,OK,13,1,,,0.125375,1.06715,0.81187,,90,3,1
14056,PSCCH,FAIL,2,1,,,1,0.425345,0.293238,decoded_overlap,90,3,1
14058,PSCCH,FAIL,3,21,,,1,0.23647,0.230566,decoded_overlap,90,3,1
14060,PSCCH,OK,3,21,,,0,18.3911,17.6507,,90,3,1
14062,PSCCH,FAIL,2,1,,,1,0.0384484,0.0370888,decoded_overlap,90,3,1
14064,PSCCH,FAIL,13,1,,,1,0.014776,0.0142795,decoded_overlap,90,3,1
14066,PSCCH,OK,2,1,,,0,1.52604,1.49604,,90,3,1
14068,PSCCH,FAIL,13,1,,,1,0.530544,0.515444,decoded_overlap,90,3,1
14070,PSCCH,FAIL,3,21,,,1,0.0518388,0.050094,decoded_overlap,90,3,1
14072,PSCCH,OK,3,21,,,0,3.36166,3.06876,,90,3,1
14074,PSCCH,FAIL,2,1,,,1,0.133501,0.121273,decoded_overlap,90,3,1
14076,PSCCH,FAIL,13,1,,,1,0.126072,0.119909,decoded_overlap,90,3,1
14078,PSCCH,OK,3,21,,,0,138.415,125.19,,90,3,1
14080,PSCCH,FAIL,13,1,,,1,0.00410728,0.00381951,decoded_overlap,90,3,1
14082,PSCCH,FAIL,2,1,,,1,0.0030708,0.00258727,decoded_overlap,90,3,1
14084,PSCCH,FAIL,13,1,,,0.687838,0.81494,0.772053,error_model,90,3,1
14086,PSCCH,FAIL,2,1,,,0.967105,0.696408,0.62622,error_model,90,3,1
14088,PSCCH,FAIL,3,21,,,1,0.164076,0.157159,error_model,90,3,1
14090,PSCCH,OK,3,21,,,0,10.7608,9.59998,,90,3,1
14092,PSCCH,FAIL,2,1,,,1,0.0761046,0.0674638,decoded_overlap,90,3,1
14094,PSCCH,FAIL,13,1,,,1,0.0149428,0.0131884,decoded_overlap,90,3,1
14096,PSCCH,OK,3,21,,,0,4.0004,2.3518,,90,3,1
14098,PSCCH,FAIL,2,1,,,1,0.240812,0.131474,decoded_overlap,90,3,1
14100,PSCCH,FAIL,13,1,,,1,0.0225286,0.021405,decoded_overlap,90,3,1
14102,PSCCH,OK,3,21,,,0,1.84553,1.75165,,90,3,1
14104,PSCCH,FAIL,13,1,,,1,0.263646,0.249976,decoded_overlap,90,3,1
14106,PSCCH,FAIL,2,1,,,1,0.166889,0.159733,decoded_overlap,90,3,1
14108,PSCCH,OK,13,1,,,0,4.82632,4.45112,,90,3,1
14110,PSCCH,FAIL,2,1,,,1,0.134011,0.120127,decoded_overlap,90,3,1
14112,PSCCH,FAIL,3,21,,,1,0.0569134,0.0553965,decoded_overlap,90,3,1
14114,PSCCH,OK,3,21,,,0,8.89768,7.87223,,90,3,1
14116,PSCCH,FAIL,2,1,,,1,0.0790533,0.0590488,decoded_overlap,90,3,1
14118,PSCCH,FAIL,13,1,,,1,0.0298714,0.0249229,decoded_overlap,90,3,1
14121,PSSCH,FAIL,2,1,0,4069,1,15.4536,3.68095,decode_fail,,,
14123,PSSCH,FAIL,3,21,0,4069,1,16.2199,7.4173,decode_fail,,,
14128,PSCCH,OK,2,13,,,0,9.8698,9.6123,,90,4,0
14132,PSCCH,FAIL,5,1,,,1,0.0508068,0.0485279,decoded_overlap,90,4,0
14134,PSCCH,FAIL,14,17,,,1,0.0396791,0.03953,decoded_overlap,90,4,0
14136,PSCCH,FAIL,19,1,,,1,0.00553625,0.00495632,decoded_overlap,90,4,0
14139,PSCCH,OK,19,1,,,0.125375,1.06828,1.04315,,90,4,0
14141,PSCCH,FAIL,14,17,,,1,0.531401,0.516898,decoded_overlap,90,4,0
14144,PSCCH,FAIL,2,13,,,1,0.153897,0.152634,decoded_overlap,90,4,0
14146,PSCCH,FAIL,5,1,,,1,0.0031796,0.00277817,decoded_overlap,90,4,0
14149,PSCCH,OK,5,1,,,0.125375,1.0364,0.766034,,90,4,0
14151,PSCCH,FAIL,2,13,,,1,0.550314,0.339845,decoded_overlap,90,4,0
14153,PSCCH,FAIL,19,1,,,1,0.113936,0.0922675,decoded_overlap,90,4,0
14156,PSCCH,FAIL,14,17,,,1,0.0461648,0.0372516,decoded_overlap,90,4,0
14159,PSCCH,OK,14,17,,,0,2.41893,1.81546,,90,4,0
14161,PSCCH,FAIL,2,13,,,1,0.399162,0.312098,decoded_overlap,90,4,0
14164,PSCCH,FAIL,5,1,,,1,0.00694061,0.00565741,decoded_overlap,90,4,0
14166,PSCCH,FAIL,19,1,,,1,0.00571634,0.00491017,decoded_overlap,90,4,0
14169,PSCCH,OK,2,13,,,0,1.57568,1.38661,,90,4,0
14171,PSCCH,FAIL,19,1,,,1,0.2542,0.225914,decoded_overlap,90,4,0
14173,PSCCH,FAIL,14,17,,,1,0.154447,0.152801,decoded_overlap,90,4,0
14176,PSCCH,FAIL,5,1,,,1,0.0557955,0.0462334,decoded_overlap,90,4,0
14178,PSCCH,OK,2,13,,,0,6.30255,6.08468,,90,4,0
14182,PSCCH,FAIL,5,1,,,1,0.130187,0.120237,decoded_overlap,90,4,0
14184,PSCCH,FAIL,19,1,,,1,0.0200825,0.0158909,decoded_overlap,90,4,0
14186,PSCCH,FAIL,14,17,,,1,0.00212466,0.00211535,decoded_overlap,90,4,0
14189,PSCCH,OK,14,17,,,0.125375,1.06295,0.975634,,90,4,0
14191,PSCCH,FAIL,19,1,,,0.687838,0.850587,0.803671,decoded_overlap,90,4,0
14194,PSCCH,FAIL,5,1,,,1,0.0241004,0.0178605,decoded_overlap,90,4,0
14196,PSCCH,FAIL,2,13,,,1,0.00212258,0.00207417,decoded_overlap,90,4,0
14198,PSCCH,OK,19,1,,,0,1.47651,1.07351,,90,4,0
14202,PSCCH,FAIL,14,17,,,0.967105,0.573953,0.46357,decoded_overlap,90,4,0
14204,PSCCH,FAIL,5,1,,,1,0.045996,0.0409229,decoded_overlap,90,4,0
14206,PSCCH,FAIL,2,13,,,1,0.00191624,0.000882757,decoded_overlap,90,4,0
14209,PSCCH,OK,14,17,,,0.687838,0.770766,0.622627,,90,4,0
14212,PSCCH,FAIL,5,1,,,1,0.427973,0.346282,decoded_overlap,90,4,0
14214,PSCCH,FAIL,19,1,,,1,0.214935,0.186928,decoded_overlap,90,4,0
14216,PSCCH,FAIL,2,13,,,1,0.101154,0.0880771,decoded_overlap,90,4,0
14219,PSCCH,OK,2,13,,,0,2.72221,2.67325,,90,4,0
14221,PSCCH,FAIL,14,17,,,1,0.269035,0.264137,decoded_overlap,90,4,0
14224,PSCCH,FAIL,5,1,,,1,0.0350669,0.0342588,decoded_overlap,90,4,0
14226,PSCCH,FAIL,19,1,,,1,0.0233258,0.0225712,decoded_overlap,90,4,0
14229,PSCCH,FAIL,2,13,,,0.967105,0.69436,0.654734,error_model,90,4,0
14231,PSCCH,FAIL,19,1,,,1,0.32805,0.322201,error_model,90,4,0
14233,PSCCH,FAIL,14,17,,,1,0.313104,0.298347,error_model,90,4,0
14236,PSCCH,FAIL,5,1,,,1,0.117232,0.112067,error_model,90,4,0
14239,PSCCH,FAIL,5,1,,,0.967105,0.589375,0.485598,error_model,90,4,0
14241,PSCCH,FAIL,14,17,,,0.967105,0.567197,0.552785,error_model,90,4,0
14243,PSCCH,FAIL,19,1,,,1,0.36523,0.3064,error_model,90,4,0
14246,PSCCH,FAIL,2,13,,,1,0.00149275,0.00143453,error_model,90,4,0
14248,PSCCH,OK,5,1,,,0,4.61592,3.38939,,90,4,0
14252,PSCCH,FAIL,2,13,,,1,0.102356,0.0578101,decoded_overlap,90,4,0
14254,PSCCH,FAIL,14,17,,,1,0.0536252,0.0503303,decoded_overlap,90,4,0
14256,PSCCH,FAIL,19,1,,,1,0.0405379,0.0392922,decoded_overlap,90,4,0
14259,PSCCH,OK,5,1,,,0,1.45967,1.4199,,90,4,0
14261,PSCCH,FAIL,14,17,,,1,0.245531,0.239983,decoded_overlap,90,4,0
14263,PSCCH,FAIL,2,13,,,1,0.202913,0.190759,decoded_overlap,90,4,0
14266,PSCCH,FAIL,19,1,,,1,0.0425955,0.0415794,decoded_overlap,90,4,0
14269,PSCCH,OK,14,17,,,0,11.5634,11.1581,,90,4,0
14271,PSCCH,FAIL,2,13,,,1,0.0815806,0.0772318,decoded_overlap,90,4,0
14274,PSCCH,FAIL,19,1,,,1,0.00422352,0.00355273,decoded_overlap,90,4,0
14276,PSCCH,FAIL,5,1,,,1,9.76025e-06,3.61762e-06,decoded_overlap,90,4,0
14285,PSCCH,OK,20,1,,,0,7743.74,6595.94,,90,4,1
14290,PSCCH,OK,20,1,,,0,19200.7,18928.9,,90,4,1
14295,PSCCH,OK,20,1,,,0,32151.2,31164.6,,90,4,1
14299,PSCCH,OK,20,1,,,0,244979,237923,,90,4,1
14305,PSCCH,OK,20,1,,,0,1377.66,1323.81,,90,4,1
14310,PSCCH,OK,20,1,,,0,7059.12,6942.69,,90,4,1
14314,PSCCH,OK,20,1,,,0,16222.1,15901.2,,90,4,1
14319,PSCCH,OK,20,1,,,0,67177,58676.2,,90,4,1
14325,PSCCH,OK,20,1,,,0,6812.96,6781.44,,90,4,1
14329,PSCCH,OK,20,1,,,0,62789.5,60923,,90,4,1
14335,PSCCH,OK,20,1,,,0,1116.61,1110.26,,90,4,1
14339,PSCCH,OK,20,1,,,0,407056,396041,,90,4,1
14345,PSCCH,OK,20,1,,,0,85708.4,80116,,90,4,1
14350,PSCCH,OK,20,1,,,0,2570.4,2483.11,,90,4,1
14354,PSCCH,OK,20,1,,,0,72783.1,62168,,90,4,1
14360,PSCCH,OK,20,1,,,0,87182.1,87106.1,,90,4,1
14364,PSCCH,OK,20,1,,,0,41351.8,39750.9,,90,4,1
14369,PSSCH,FAIL,5,1,2,2083,1,3.71986,0.281723,decode_fail,,,
14373,PSSCH,FAIL,21,1,12,2083,1,4.90676,0.411476,decode_fail,,,
14382,PSCCH,OK,4,1,,,0,5297.07,4678.4,,90,5,0
14385,PSCCH,OK,4,1,,,0,112800,109981,,90,5,0
14388,PSCCH,OK,4,1,,,0,75305.2,73931.3,,90,5,0
14394,PSCCH,OK,4,1,,,0,23989.3,22422,,90,5,0
14396,PSCCH,OK,4,1,,,0,46055.2,45976,,90,5,0
14400,PSCCH,OK,4,1,,,0,84535.6,71647.1,,90,5,0
14405,PSCCH,OK,4,1,,,0,6654.15,6652.68,,90,5,0
14410,PSCCH,OK,4,1,,,0,3551.74,3502.31,,90,5,0
14412,PSCCH,OK,4,1,,,0,10706.9,10622.9,,90,5,0
14417,PSCCH,OK,4,1,,,0,48758.4,39537.9,,90,5,0
14420,PSCCH,OK,4,1,,,0,1275780.0,1248370.0,,90,5,0
14426,PSCCH,OK,4,1,,,0,7068.65,6783.19,,90,5,0
14429,PSCCH,OK,4,1,,,0,1856.36,1723.35,,90,5,0
14432,PSCCH,OK,4,1,,,0,355012,334299,,90,5,0
14437,PSCCH,OK,4,1,,,0,29235.5,23576.6,,90,5,0
14440,PSCCH,OK,4,1,,,0,18976.3,18080.4,,90,5,0
14446,PSCCH,OK,4,1,,,0,9951.48,9403.51,,90,5,0
14448,PSCCH,OK,4,1,,,0,244979,237923,,90,5,0
14454,PSSCH,OK,21,3,9,3139,0.00509133,31.7974,10.5648,,,,
14459,PSCCH,FAIL,5,16,,,0.687838,0.818102,0.740158,error_model,90,5,1
14461,PSCCH,OK,3,1,,,0.687838,0.768804,0.762266,,90,5,1
14463,PSCCH,FAIL,20,2,,,1,0.130983,0.111272,decoded_overlap,90,5,1
14466,PSCCH,OK,5,16,,,0,2.3327,1.83166,,90,5,1
14468,PSCCH,FAIL,20,2,,,1,0.277475,0.250708,decoded_overlap,90,5,1
14470,PSCCH,FAIL,3,1,,,1,0.0942163,0.066405,decoded_overlap,90,5,1
14473,PSCCH,OK,20,2,,,0,4.78396,2.86334,,90,5,1
14475,PSCCH,FAIL,5,16,,,1,0.103302,0.0699319,decoded_overlap,90,5,1
14477,PSCCH,FAIL,3,1,,,1,0.0982174,0.0654505,decoded_overlap,90,5,1
14480,PSCCH,OK,3,1,,,0,21.6298,17.4341,,90,5,1
14482,PSCCH,FAIL,5,16,,,1,0.0313239,0.0261185,decoded_overlap,90,5,1
14484,PSCCH,FAIL,20,2,,,1,0.0146897,0.0118107,decoded_overlap,90,5,1
14487,PSCCH,OK,20,2,,,0,15.0317,14.5316,,90,5,1
14489,PSCCH,FAIL,5,16,,,1,0.0438958,0.040788,decoded_overlap,90,5,1
14491,PSCCH,FAIL,3,1,,,1,0.0206636,0.0196138,decoded_overlap,90,5,1
14494,PSCCH,OK,20,2,,,0,1.44085,1.38619,,90,5,1
14496,PSCCH,FAIL,5,16,,,1,0.407801,0.397481,decoded_overlap,90,5,1
14498,PSCCH,FAIL,3,1,,,1,0.136493,0.132402,decoded_overlap,90,5,1
14501,PSCCH,FAIL,3,1,,,0.967105,0.69656,0.614485,error_model,90,5,1
14503,PSCCH,FAIL,20,2,,,1,0.553405,0.507052,error_model,90,5,1
14505,PSCCH,FAIL,5,16,,,1,0.307411,0.254797,error_model,90,5,1
14508,PSCCH,OK,20,2,,,0.125375,1.01897,0.998652,,90,5,1
14510,PSCCH,FAIL,5,16,,,1,0.541427,0.512488,decoded_overlap,90,5,1
14512,PSCCH,FAIL,3,1,,,1,0.168491,0.148203,decoded_overlap,90,5,1
14515,PSCCH,OK,20,2,,,0,1.84171,1.65316,,90,5,1
14517,PSCCH,FAIL,3,1,,,1,0.268877,0.239413,decoded_overlap,90,5,1
14519,PSCCH,FAIL,5,16,,,1,0.163882,0.159579,decoded_overlap,90,5,1
14522,PSCCH,OK,5,16,,,0,5.94562,5.27558,,90,5,1
14524,PSCCH,FAIL,20,2,,,1,0.079215,0.0684381,decoded_overlap,90,5,1
14526,PSCCH,FAIL,3,1,,,1,0.0767304,0.0510991,decoded_overlap,90,5,1
14529,PSCCH,OK,20,2,,,0.125375,1.00131,0.736143,,90,5,1
14531,PSCCH,FAIL,3,1,,,0.687838,0.786219,0.575234,decoded_overlap,90,5,1
14533,PSCCH,FAIL,5,16,,,1,0.0731256,0.0590178,decoded_overlap,90,5,1
14536,PSCCH,OK,5,16,,,0,2.2501,2.1188,,90,5,1
14538,PSCCH,FAIL,3,1,,,1,0.38668,0.358922,decoded_overlap,90,5,1
14540,PSCCH,FAIL,20,2,,,1,0.0300101,0.0281124,decoded_overlap,90,5,1
14543,PSCCH,OK,20,2,,,0.0015,1.17712,1.09929,,90,5,1
14545,PSCCH,FAIL,5,16,,,0.687838,0.814626,0.755274,decoded_overlap,90,5,1
14547,PSCCH,FAIL,3,1,,,1,0.0110339,0.0102016,decoded_overlap,90,5,1
14550,PSCCH,OK,3,1,,,0,5.61993,5.59205,,90,5,1
14552,PSCCH,FAIL,20,2,,,1,0.175466,0.175157,decoded_overlap,90,5,1
14554,PSCCH,FAIL,5,16,,,1,0.00178743,0.00166484,decoded_overlap,90,5,1
14557,PSCCH,FAIL,20,2,,,0.687838,0.84896,0.792459,error_model,90,5,1
14559,PSCCH,FAIL,5,16,,,0.687838,0.735695,0.694538,error_model,90,5,1
14561,PSCCH,FAIL,3,1,,,1,0.132916,0.129504,error_model,90,5,1
14564,PSCCH,OK,5,16,,,0,1.60296,1.58028,,90,5,1
14566,PSCCH,FAIL,3,1,,,1,0.46014,0.448257,decoded_overlap,90,5,1
14568,PSCCH,FAIL,20,2,,,1,0.074208,0.0725458,decoded_overlap,90,5,1
14571,PSCCH,OK,3,1,,,0,93.6348,80.2242,,90,5,1
14573,PSCCH,FAIL,5,16,,,1,0.0103996,0.00966278,decoded_overlap,90,5,1
14575,PSCCH,FAIL,20,2,,,1,0.000334016,0.000289677,decoded_overlap,90,5,1
14592,PSCCH,OK,2,1,,,0,483794,475335,,90,6,0
14597,PSCCH,OK,2,1,,,0,15045,14423.5,,90,6,0
14601,PSCCH,OK,2,1,,,0,60667.1,58780.1,,90,6,0
14605,PSCCH,OK,2,1,,,0,77570.3,72605,,90,6,0
14609,PSCCH,OK,2,1,,,0,37933.6,37218.6,,90,6,0
14614,PSCCH,OK,2,1,,,0,2565.38,2021.59,,90,6,0
14616,PSCCH,OK,2,1,,,0,47776.5,38325.4,,90,6,0
14622,PSCCH,OK,2,1,,,0,2691.65,2543.85,,90,6,0
14625,PSCCH,OK,2,1,,,0,11639.9,10826.4,,90,6,0
14630,PSCCH,OK,2,1,,,0,3188.71,3113.48,,90,6,0
14632,PSCCH,OK,2,1,,,0,124902,122444,,90,6,0
14637,PSCCH,OK,2,1,,,0,37959.4,37178.8,,90,6,0
14642,PSCCH,OK,2,1,,,0,15797.1,15652.8,,90,6,0
14646,PSCCH,OK,2,1,,,0,80.8033,74.7869,,90,6,0
14649,PSCCH,OK,2,1,,,0,68517.3,66396.2,,90,6,0
14654,PSCCH,OK,2,1,,,0,35965.3,30639.3,,90,6,0
14658,PSCCH,OK,2,1,,,0,6343.42,4377.57,,90,6,0
14661,PSCCH,OK,2,1,,,0,34923.4,33757,,90,6,0
14664,PSSCH,FAIL,2,1,3,4069,1,16841.9,5.13099,decode_fail,,,
14673,PSCCH,OK,3,1,,,0.0015,1.21533,1.18364,,90,7,0
14675,PSCCH,FAIL,5,16,,,0.967105,0.661663,0.614658,decoded_overlap,90,7,0
14680,PSCCH,FAIL,5,16,,,1,0.100429,0.0652063,decoded_overlap,90,7,0
14682,PSCCH,FAIL,3,1,,,1,0.0849412,0.0563173,decoded_overlap,90,7,0
14685,PSCCH,OK,3,1,,,0,31.6215,29.2333,,90,7,0
14687,PSCCH,FAIL,5,16,,,1,0.0269785,0.0252069,decoded_overlap,90,7,0
14692,PSCCH,FAIL,5,16,,,1,0.538661,0.242477,decoded_overlap,90,7,0
14694,PSCCH,FAIL,3,1,,,1,0.345221,0.138572,decoded_overlap,90,7,0
14698,PSCCH,FAIL,5,16,,,1,0.245852,0.244782,decoded_overlap,90,7,0
14700,PSCCH,FAIL,3,1,,,1,0.205273,0.204854,decoded_overlap,90,7,0
14703,PSCCH,OK,3,1,,,0,2.18372,1.79822,,90,7,0
14706,PSCCH,FAIL,5,16,,,1,0.104118,0.0894165,decoded_overlap,90,7,0
14710,PSCCH,FAIL,5,16,,,1,0.329075,0.321551,decoded_overlap,90,7,0
14712,PSCCH,FAIL,3,1,,,1,0.301155,0.282119,decoded_overlap,90,7,0
14715,PSCCH,OK,3,1,,,0.0015,1.20037,1.15526,,90,7,0
14718,PSCCH,FAIL,5,16,,,1,0.0700588,0.0666298,decoded_overlap,90,7,0
14721,PSCCH,OK,5,16,,,0.125375,0.985038,0.90232,,90,7,0
14723,PSCCH,FAIL,3,1,,,0.125375,0.927771,0.835519,decoded_overlap,90,7,0
14728,PSCCH,FAIL,3,1,,,1,0.0519121,0.0514193,decoded_overlap,90,7,0
14730,PSCCH,FAIL,5,16,,,1,0.041639,0.036209,decoded_overlap,90,7,0
14734,PSCCH,FAIL,3,1,,,0.967105,0.610898,0.439982,decoded_overlap,90,7,0
14736,PSCCH,FAIL,5,16,,,1,0.140147,0.117804,decoded_overlap,90,7,0
14739,PSCCH,FAIL,5,16,,,0.687838,0.816057,0.738082,error_model,90,7,0
14741,PSCCH,FAIL,3,1,,,0.967105,0.623484,0.543997,error_model,90,7,0
14746,PSCCH,FAIL,5,16,,,0.125375,0.910024,0.826475,decoded_overlap,90,7,0
14748,PSCCH,FAIL,3,1,,,1,0.0137814,0.0127777,decoded_overlap,90,7,0
14751,PSCCH,OK,3,1,,,0,11.0378,10.1453,,90,7,0
14754,PSCCH,FAIL,5,16,,,1,0.00126979,0.00112919,decoded_overlap,90,7,0
14758,PSCCH,FAIL,3,1,,,0.967105,0.695318,0.558968,error_model,90,7,0
14760,PSCCH,FAIL,5,16,,,1,0.215704,0.21467,error_model,90,7,0
14763,PSCCH,OK,5,16,,,0.0015,1.12771,1.08165,,90,7,0
14766,PSCCH,FAIL,3,1,,,1,0.290655,0.274891,decoded_overlap,90,7,0
14769,PSCCH,OK,3,1,,,0,120.225,69.7289,,90,7,0
14771,PSCCH,FAIL,5,16,,,1,0.00570298,0.00379077,decoded_overlap,90,7,0
14776,PSSCH,FAIL,2,1,5,2083,1,18.8642,10.8646,decode_fail,,,
14780,PSCCH,OK,3,21,,,0,29342.2,29109.8,,90,7,1
14782,PSCCH,OK,3,21,,,0,24046,19628.9,,90,7,1
14784,PSCCH,OK,3,21,,,0,63817.5,63560.6,,90,7,1
14786,PSCCH,OK,3,21,,,0,1724.73,929.473,,90,7,1
14788,PSCCH,OK,3,21,,,0,488033,449828,,90,7,1
14790,PSCCH,OK,3,21,,,0,2984.1,2900.39,,90,7,1
14792,PSCCH,OK,3,21,,,0,9949.81,9709.22,,90,7,1
14794,PSCCH,OK,3,21,,,0,163576,135719,,90,7,1
14796,PSCCH,OK,3,21,,,0,2313.45,2034.67,,90,7,1
14798,PSCCH,OK,3,21,,,0,65798.2,65226.5,,90,7,1
14800,PSCCH,OK,3,21,,,0,7255.02,6792.18,,90,7,1
14802,PSCCH,OK,3,21,,,0,23998.6,23673.9,,90,7,1
14804,PSCCH,OK,3,21,,,0,44196.4,42018.5,,90,7,1
14806,PSCCH,OK,3,21,,,0,24903.5,21908.2,,90,7,1
14808,PSCCH,OK,3,21,,,0,9988,9976.78,,90,7,1
14810,PSCCH,OK,3,21,,,0,549850,513240,,90,7,1
14812,PSCCH,OK,3,21,,,0,8236.79,8057.6,,90,7,1
14814,PSCCH,OK,3,21,,,0,124582,122500,,90,7,1
14816,PSCCH,OK,3,21,,,0,2700.67,1480.32,,90,7,1
14818,PSCCH,OK,3,21,,,0,851567,541787,,90,7,1
14825,PSSCH,OK,3,21,2,4069,0,145931,54622,,,,
14828,PSCCH,OK,14,17,,,0.0015,1.34904,1.31369,,90,8,0
14830,PSCCH,FAIL,4,1,,,0.967105,0.678681,0.644761,decoded_overlap,90,8,0
14832,PSCCH,FAIL,19,1,,,1,0.0219934,0.0184409,decoded_overlap,90,8,0
14834,PSCCH,OK,4,1,,,0.0015,1.36044,1.2962,,90,8,0
14836,PSCCH,FAIL,19,1,,,1,0.377252,0.347141,decoded_overlap,90,8,0
14838,PSCCH,FAIL,14,17,,,1,0.176519,0.174707,decoded_overlap,90,8,0
14840,PSCCH,FAIL,19,1,,,0.125375,0.940849,0.930795,error_model,90,8,0
14842,PSCCH,FAIL,4,1,,,1,0.460617,0.442463,error_model,90,8,0
14844,PSCCH,FAIL,14,17,,,1,0.249892,0.242111,error_model,90,8,0
14846,PSCCH,OK,19,1,,,0,2.79775,2.62262,,90,8,0
14848,PSCCH,FAIL,4,1,,,1,0.313572,0.300411,decoded_overlap,90,8,0
14850,PSCCH,FAIL,14,17,,,1,0.0255205,0.0200215,decoded_overlap,90,8,0
14852,PSCCH,OK,14,17,,,0,1.70862,1.56953,,90,8,0
14854,PSCCH,FAIL,4,1,,,0.967105,0.584443,0.534669,decoded_overlap,90,8,0
14856,PSCCH,FAIL,19,1,,,1,0.00101263,0.000707955,decoded_overlap,90,8,0
14858,PSCCH,OK,4,1,,,0,15.4967,15.3268,,90,8,0
14860,PSCCH,FAIL,14,17,,,1,0.059572,0.0587534,decoded_overlap,90,8,0
14862,PSCCH,FAIL,19,1,,,1,0.00438963,0.004341,decoded_overlap,90,8,0
14864,PSCCH,OK,4,1,,,0,2.89266,2.85458,,90,8,0
14866,PSCCH,FAIL,19,1,,,1,0.327128,0.316893,decoded_overlap,90,8,0
14868,PSCCH,FAIL,14,17,,,1,0.0105307,0.00879718,decoded_overlap,90,8,0
14870,PSCCH,OK,14,17,,,0,2.46849,2.39158,,90,8,0
14872,PSCCH,FAIL,19,1,,,1,0.394703,0.377609,decoded_overlap,90,8,0
14874,PSCCH,FAIL,4,1,,,1,0.00545046,0.00462638,decoded_overlap,90,8,0
14876,PSCCH,OK,14,17,,,0.0015,1.29392,1.27085,,90,8,0
14878,PSCCH,FAIL,19,1,,,0.687838,0.726359,0.711299,decoded_overlap,90,8,0
14880,PSCCH,FAIL,4,1,,,1,0.0154597,0.0150344,decoded_overlap,90,8,0
14882,PSCCH,OK,14,17,,,0.125375,0.925035,0.852886,,90,8,0
14884,PSCCH,FAIL,19,1,,,0.967105,0.644319,0.610898,decoded_overlap,90,8,0
14886,PSCCH,FAIL,4,1,,,1,0.14678,0.140196,decoded_overlap,90,8,0
14888,PSCCH,OK,4,1,,,0,2.15987,1.89802,,90,8,0
14890,PSCCH,FAIL,14,17,,,1,0.432183,0.373925,decoded_overlap,90,8,0
14892,PSCCH,FAIL,19,1,,,1,0.0164837,0.0152008,decoded_overlap,90,8,0
14894,PSCCH,OK,4,1,,,0,25.3003,24.2432,,90,8,0
14896,PSCCH,FAIL,19,1,,,1,0.0202916,0.0185724,decoded_overlap,90,8,0
14898,PSCCH,FAIL,14,17,,,1,0.0185332,0.0172317,decoded_overlap,90,8,0
14900,PSCCH,OK,14,17,,,0,2.45005,2.38728,,90,8,0
14902,PSCCH,FAIL,19,1,,,1,0.332516,0.314111,decoded_overlap,90,8,0
14904,PSCCH,FAIL,4,1,,,1,0.0421023,0.0400598,decoded_overlap,90,8,0
14906,PSCCH,OK,4,1,,,0,3.33848,2.79459,,90,8,0
14908,PSCCH,FAIL,19,1,,,1,0.255612,0.231716,decoded_overlap,90,8,0
14910,PSCCH,FAIL,14,17,,,1,0.0294291,0.0184387,decoded_overlap,90,8,0
14912,PSCCH,OK,14,17,,,0,2.02879,1.91245,,90,8,0
14914,PSCCH,FAIL,19,1,,,1,0.456199,0.428775,decoded_overlap,90,8,0
14916,PSCCH,FAIL,4,1,,,1,0.0174957,0.0174912,decoded_overlap,90,8,0
14918,PSCCH,OK,4,1,,,0,11.4663,10.985,,90,8,0
14920,PSCCH,FAIL,19,1,,,1,0.0603223,0.0544555,decoded_overlap,90,8,0
14922,PSCCH,FAIL,14,17,,,1,0.0239655,0.0218161,decoded_overlap,90,8,0
14924,PSCCH,OK,4,1,,,0,3.50094,1.86034,,90,8,0
14926,PSCCH,FAIL,19,1,,,1,0.204182,0.137943,decoded_overlap,90,8,0
14928,PSCCH,FAIL,14,17,,,1,0.0751609,0.0374244,decoded_overlap,90,8,0
14930,PSCCH,OK,14,17,,,0,11.8424,11.6869,,90,8,0
14932,PSCCH,FAIL,4,1,,,1,0.0775323,0.0769116,decoded_overlap,90,8,0
14934,PSCCH,FAIL,19,1,,,1,0.00595152,0.00581326,decoded_overlap,90,8,0
14937,PSSCH,FAIL,14,17,14,4069,1,2.2531,1.86366,decode_fail,,,
14939,PSCCH,OK,5,16,,,0.0015,1.34438,1.33323,,90,8,1
14941,PSCCH,FAIL,3,1,,,0.687838,0.743824,0.73087,decoded_overlap,90,8,1
14943,PSCCH,OK,5,16,,,0,1.44643,1.23521,,90,8,1
14945,PSCCH,FAIL,3,1,,,0.967105,0.698217,0.592551,decoded_overlap,90,8,1
14947,PSCCH,OK,5,16,,,0,2.06066,2.02263,,90,8,1
14949,PSCCH,FAIL,3,1,,,1,0.485321,0.478786,decoded_overlap,90,8,1
14951,PSCCH,OK,3,1,,,0,110.343,94.448,,90,8,1
14953,PSCCH,FAIL,5,16,,,1,0.00916661,0.00765144,decoded_overlap,90,8,1
14955,PSCCH,OK,3,1,,,0,12.8538,11.1365,,90,8,1
14957,PSCCH,FAIL,5,16,,,1,0.0783335,0.0676302,decoded_overlap,90,8,1
14959,PSCCH,OK,5,16,,,0,4.18561,4.14214,,90,8,1
14961,PSCCH,FAIL,3,1,,,1,0.238872,0.237863,decoded_overlap,90,8,1
14963,PSCCH,OK,3,1,,,0,4.15169,3.18584,,90,8,1
14965,PSCCH,FAIL,5,16,,,1,0.248099,0.185054,decoded_overlap,90,8,1
14967,PSCCH,OK,5,16,,,0,4.34892,3.90296,,90,8,1
14969,PSCCH,FAIL,3,1,,,1,0.230543,0.214464,decoded_overlap,90,8,1
14971,PSCCH,OK,3,1,,,0,10.501,9.32447,,90,8,1
14973,PSCCH,FAIL,5,16,,,1,0.0955354,0.0900967,decoded_overlap,90,8,1
14975,PSCCH,OK,3,1,,,0.0015,1.14508,1.10313,,90,8,1
14977,PSCCH,FAIL,5,16,,,0.687838,0.873471,0.843545,decoded_overlap,90,8,1
14979,PSCCH,OK,3,1,,,0,4.03755,3.39464,,90,8,1
14981,PSCCH,FAIL,5,16,,,1,0.250998,0.204919,decoded_overlap,90,8,1
14983,PSCCH,OK,3,1,,,0,5.99356,4.63609,,90,8,1
14985,PSCCH,FAIL,5,16,,,1,0.171608,0.127215,decoded_overlap,90,8,1
14987,PSCCH,OK,3,1,,,0,1.46961,1.32771,,90,8,1
14989,PSCCH,FAIL,5,16,,,0.967105,0.682747,0.628843,decoded_overlap,90,8,1
14991,PSCCH,OK,5,16,,,0,5.07617,4.95772,,90,8,1
14993,PSCCH,FAIL,3,1,,,1,0.197029,0.191945,decoded_overlap,90,8,1
14995,PSCCH,OK,3,1,,,0,2498.91,1329.33,,90,8,1
14997,PSCCH,FAIL,5,16,,,1,0.000447326,0.000251525,decoded_overlap,90,8,1
14999,PSCCH,OK,5,16,,,0.125375,1.10548,1.05409,,90,8,1
15001,PSCCH,FAIL,3,1,,,0.125375,0.904996,0.874051,decoded_overlap,90,8,1
15003,PSCCH,OK,5,16,,,0,2.85979,2.74621,,90,8,1
15005,PSCCH,FAIL,3,1,,,1,0.349809,0.343341,decoded_overlap,90,8,1
15007,PSCCH,OK,5,16,,,0,53.5439,45.3852,,90,8,1
15009,PSCCH,FAIL,3,1,,,1,0.0188813,0.0158369,decoded_overlap,90,8,1
15011,PSCCH,OK,3,1,,,0,58.8659,41.8715,,90,8,1
15013,PSCCH,FAIL,5,16,,,1,0.0182491,0.0109617,decoded_overlap,90,8,1
15015,PSSCH,FAIL,5,16,3,4069,1,5.72633,4.73195,decode_fail,,,
15038,PSSCH,OK,5,16,5,2583,0,16578.3,15797.2,,,,
15043,PSCCH,OK,3,21,,,0,11326.1,10651.7,,91,0,0
15045,PSCCH,OK,3,21,,,0,35917.4,30461.7,,91,0,0
15047,PSCCH,OK,3,21,,,0,87782.1,87285.5,,91,0,0
15049,PSCCH,OK,3,21,,,0,10897.5,10610.2,,91,0,0
15051,PSCCH,OK,3,21,,,0,412825,394758,,91,0,0
15053,PSCCH,OK,3,21,,,0,6274.01,6246.82,,91,0,0
15055,PSCCH,OK,3,21,,,0,9094.3,9077.25,,91,0,0
15057,PSCCH,OK,3,21,,,0,176826,154446,,91,0,0
15059,PSCCH,OK,3,21,,,0,1801.92,1606.22,,91,0,0
15061,PSCCH,OK,3,21,,,0,19355.2,19069.8,,91,0,0
15063,PSCCH,OK,3,21,,,0,1113.18,945.063,,91,0,0
15065,PSCCH,OK,3,21,,,0,35568.8,33603.6,,91,0,0
15067,PSCCH,OK,3,21,,,0,39898.1,38471.1,,91,0,0
15069,PSCCH,OK,3,21,,,0,12317.3,11762,,91,0,0
15071,PSCCH,OK,3,21,,,0,6718.11,6671.78,,91,0,0
15073,PSCCH,OK,3,21,,,0,28861.7,19313.5,,91,0,0
15075,PSCCH,OK,3,21,,,0,6668.03,6410.5,,91,0,0
15077,PSCCH,OK,3,21,,,0,158032,156334,,91,0,0
15079,PSCCH,OK,3,21,,,0,26404.6,25673.8,,91,0,0
15081,PSCCH,OK,3,21,,,0,2723540.0,2225680.0,,91,0,0
15083,PSSCH,OK,3,21,5,4069,0,184512,64833.2,,,,
15086,PSCCH,OK,14,17,,,0,15533.9,14946.1,,91,0,1
15088,PSCCH,OK,14,17,,,0,15797.1,15652.8,,91,0,1
15090,PSCCH,OK,14,17,,,0,37908.7,37115.2,,91,0,1
15092,PSCCH,OK,14,17,,,0,21668.4,21194.9,,91,0,1
15094,PSCCH,OK,14,17,,,0,11211.3,10896.1,,91,0,1
15096,PSCCH,OK,14,17,,,0,92768.8,86634.7,,91,0,1
15098,PSCCH,OK,14,17,,,0,1914.71,1880.61,,91,0,1
15100,PSCCH,OK,14,17,,,0,395.982,303.408,,91,0,1
15102,PSCCH,OK,14,17,,,0,1007500.0,976019,,91,0,1
15104,PSCCH,OK,14,17,,,0,94428.2,92272.4,,91,0,1
15106,PSCCH,OK,14,17,,,0,30618.9,28598.2,,91,0,1
15108,PSCCH,OK,14,17,,,0,34258.9,29737.6,,91,0,1
15110,PSCCH,OK,14,17,,,0,34057.4,33188.2,,91,0,1
15112,PSCCH,OK,14,17,,,0,71339.7,67689.1,,91,0,1
15114,PSCCH,OK,14,17,,,0,63779.5,47445,,91,0,1
15116,PSCCH,OK,14,17,,,0,432029,427624,,91,0,1
15118,PSCCH,OK,14,17,,,0,2591.88,2349.09,,91,0,1
15120,PSCCH,OK,14,17,,,0,122527,122469,,91,0,1
15122,PSCCH,OK,14,17,,,0,65563.3,49107.4,,91,0,1
15124,PSCCH,OK,14,17,,,0,890534,880584,,91,0,1
15127,PSSCH,OK,14,17,1,4069,0,41004.2,37287.3,,,,
15151,PSSCH,OK,19,1,4,2083,0,1633.71,1454.92,,,,
15180,PSSCH,OK,4,1,10,2083,0,715.316,71.8365,,,,
15223,PSSCH,OK,3,1,6,2083,0,5342.96,5034.56,,,,
15246,PSSCH,OK,14,17,15,1124,0,143471,139164,,,,
15275,PSSCH,OK,3,21,7,1449,0,651863,630561,,,,
15299,PSSCH,OK,20,2,10,4,0,14331,13935.3,,,,
15324,PSSCH,OK,5,16,7,8,0,217333,211492,,,,
15347,PSSCH,OK,21,12,1,4,0,14217.2,11199.3,,,,
15371,PSSCH,OK,14,17,11,8,0,503484,498688,,,,
15395,PSSCH,OK,3,21,9,6,0,1906630.0,1896540.0,,,,
15519,PSCCH,OK,21,12,,,0.125375,1.03142,0.989869,,100,1,0
15521,PSCCH,FAIL,5,16,,,1,0.479283,0.45134,decoded_overlap,100,1,0
15523,PSCCH,FAIL,16,1,,,1,0.2026,0.200497,decoded_overlap,100,1,0
15526,PSCCH,FAIL,21,12,,,0.967105,0.617165,0.604453,error_model,100,1,0
15528,PSCCH,FAIL,16,1,,,1,0.553913,0.501937,error_model,100,1,0
15530,PSCCH,FAIL,5,16,,,1,0.356128,0.315293,error_model,100,1,0
15533,PSCCH,OK,21,12,,,0,490.91,432.683,,100,1,0
15535,PSCCH,FAIL,16,1,,,1,0.00187037,0.00183568,decoded_overlap,100,1,0
15537,PSCCH,FAIL,5,16,,,1,0.000175873,2.50876e-05,decoded_overlap,100,1,0
15540,PSCCH,OK,16,1,,,0,2.26528,2.25375,,100,1,0
15542,PSCCH,FAIL,21,12,,,1,0.198014,0.192314,decoded_overlap,100,1,0
15544,PSCCH,FAIL,5,16,,,1,0.164117,0.161024,decoded_overlap,100,1,0
15547,PSCCH,OK,21,12,,,0,9.31013,8.9906,,100,1,0
15549,PSCCH,FAIL,16,1,,,1,0.0968856,0.0937784,decoded_overlap,100,1,0
15551,PSCCH,FAIL,5,16,,,1,0.00876955,0.00819896,decoded_overlap,100,1,0
15554,PSCCH,OK,21,12,,,0,8.05588,5.13328,,100,1,0
15556,PSCCH,FAIL,16,1,,,1,0.0862049,0.0550832,decoded_overlap,100,1,0
15558,PSCCH,FAIL,5,16,,,1,0.0387656,0.0286762,decoded_overlap,100,1,0
15561,PSCCH,OK,5,16,,,0,2.42349,2.18954,,100,1,0
15563,PSCCH,FAIL,21,12,,,1,0.200302,0.182854,decoded_overlap,100,1,0
15565,PSCCH,FAIL,16,1,,,1,0.143934,0.136884,decoded_overlap,100,1,0
15568,PSCCH,OK,16,1,,,0,2.01797,1.91704,,100,1,0
15570,PSCCH,FAIL,5,16,,,1,0.278943,0.269513,decoded_overlap,100,1,0
15572,PSCCH,FAIL,21,12,,,1,0.127946,0.120766,decoded_overlap,100,1,0
15575,PSCCH,OK,21,12,,,0.125375,1.0136,0.995504,,100,1,0
15577,PSCCH,FAIL,16,1,,,1,0.461606,0.395997,decoded_overlap,100,1,0
15579,PSCCH,FAIL,5,16,,,1,0.221675,0.189775,decoded_overlap,100,1,0
15582,PSCCH,OK,21,12,,,0.125375,1.02656,0.899572,,100,1,0
15584,PSCCH,FAIL,5,16,,,1,0.525479,0.420433,decoded_overlap,100,1,0
15586,PSCCH,FAIL,16,1,,,1,0.178126,0.167971,decoded_overlap,100,1,0
15589,PSCCH,OK,21,12,,,0,1.7384,1.45207,,100,1,0
15591,PSCCH,FAIL,16,1,,,1,0.42661,0.346345,decoded_overlap,100,1,0
15593,PSCCH,FAIL,5,16,,,1,0.0743896,0.0672579,decoded_overlap,100,1,0
15596,PSCCH,OK,16,1,,,0.0015,1.36825,1.32516,,100,1,0
15598,PSCCH,FAIL,21,12,,,0.967105,0.668646,0.635625,decoded_overlap,100,1,0
15600,PSCCH,FAIL,5,16,,,1,0.0221729,0.0173985,decoded_overlap,100,1,0
15603,PSCCH,OK,5,16,,,0,3.52032,3.39658,,100,1,0
15605,PSCCH,FAIL,21,12,,,1,0.262565,0.25228,decoded_overlap,100,1,0
15607,PSCCH,FAIL,16,1,,,1,0.0135001,0.0131278,decoded_overlap,100,1,0
15610,PSCCH,OK,21,12,,,0,82.9953,76.168,,100,1,0
15612,PSCCH,FAIL,16,1,,,1,0.00775248,0.00664687,decoded_overlap,100,1,0
15614,PSCCH,FAIL,5,16,,,1,0.00427104,0.00419163,decoded_overlap,100,1,0
15617,PSCCH,FAIL,16,1,,,0.687838,0.854922,0.830254,error_model,100,1,0
15619,PSCCH,FAIL,21,12,,,0.967105,0.684805,0.665942,error_model,100,1,0
15621,PSCCH,FAIL,5,16,,,1,0.153013,0.151698,error_model,100,1,0
15624,PSCCH,OK,16,1,,,0,5.12417,4.90474,,100,1,0
15626,PSCCH,FAIL,5,16,,,1,0.193465,0.186193,decoded_overlap,100,1,0
15628,PSCCH,FAIL,21,12,,,1,0.00127884,0.00109048,decoded_overlap,100,1,0
15631,PSCCH,OK,16,1,,,0,3.0157,2.95367,,100,1,0
15633,PSCCH,FAIL,5,16,,,1,0.321409,0.318576,decoded_overlap,100,1,0
15635,PSCCH,FAIL,21,12,,,1,0.00584166,0.00566478,decoded_overlap,100,1,0
15639,PSSCH,FAIL,21,12,15,4069,1,2.04502,0.816469,decode_fail,,,
15643,PSCCH,FAIL,3,21,,,0.687838,0.853437,0.835463,error_model,100,1,1
15645,PSCCH,FAIL,5,1,,,1,0.417398,0.413732,error_model,100,1,1
15647,PSCCH,FAIL,16,1,,,1,0.230281,0.225917,error_model,100,1,1
15649,PSCCH,FAIL,20,1,,,1,0.061444,0.058426,error_model,100,1,1
15652,PSCCH,FAIL,16,1,,,0.687838,0.739541,0.673507,error_model,100,1,1
15654,PSCCH,FAIL,3,21,,,1,0.440736,0.400899,error_model,100,1,1
15656,PSCCH,FAIL,5,1,,,1,0.203328,0.198301,error_model,100,1,1
15658,PSCCH,FAIL,20,1,,,1,0.111783,0.101239,error_model,100,1,1
15661,PSCCH,OK,20,1,,,0,1.60784,0.973798,,100,1,1
15663,PSCCH,FAIL,16,1,,,1,0.307553,0.216086,decoded_overlap,100,1,1
15665,PSCCH,FAIL,5,1,,,1,0.0900242,0.0711719,decoded_overlap,100,1,1
15667,PSCCH,FAIL,3,21,,,1,0.0852578,0.063134,decoded_overlap,100,1,1
15670,PSCCH,OK,3,21,,,0,5.97844,5.86721,,100,1,1
15672,PSCCH,FAIL,16,1,,,1,0.145531,0.14335,decoded_overlap,100,1,1
15674,PSCCH,FAIL,5,1,,,1,0.0144352,0.0136897,decoded_overlap,100,1,1
15676,PSCCH,FAIL,20,1,,,1,0.00204478,0.00201884,decoded_overlap,100,1,1
15679,PSCCH,OK,3,21,,,0,2.99627,1.86246,,100,1,1
15681,PSCCH,FAIL,20,1,,,1,0.215257,0.127834,decoded_overlap,100,1,1
15683,PSCCH,FAIL,5,1,,,1,0.0677091,0.0590187,decoded_overlap,100,1,1
15685,PSCCH,FAIL,16,1,,,1,0.0223219,0.00753688,decoded_overlap,100,1,1
15688,PSCCH,OK,20,1,,,0.0015,1.17769,1.13283,,100,1,1
15690,PSCCH,FAIL,5,1,,,1,0.516507,0.489243,decoded_overlap,100,1,1
15692,PSCCH,FAIL,3,21,,,1,0.100051,0.0994965,decoded_overlap,100,1,1
15694,PSCCH,FAIL,16,1,,,1,0.0286154,0.0270567,decoded_overlap,100,1,1
15697,PSCCH,OK,16,1,,,0,1.66401,1.55659,,100,1,1
15699,PSCCH,FAIL,5,1,,,1,0.242642,0.234979,decoded_overlap,100,1,1
15701,PSCCH,FAIL,20,1,,,1,0.177348,0.175227,decoded_overlap,100,1,1
15703,PSCCH,FAIL,3,21,,,1,0.0305314,0.0294438,decoded_overlap,100,1,1
15706,PSCCH,FAIL,3,21,,,0.687838,0.712492,0.698251,error_model,100,1,1
15708,PSCCH,FAIL,20,1,,,0.967105,0.65621,0.615213,error_model,100,1,1
15710,PSCCH,FAIL,5,1,,,1,0.128511,0.109035,error_model,100,1,1
15712,PSCCH,FAIL,16,1,,,1,0.0800773,0.0744583,error_model,100,1,1
15715,PSCCH,OK,16,1,,,0.0015,1.38227,0.981076,,100,1,1
15717,PSCCH,FAIL,3,21,,,1,0.40224,0.221429,decoded_overlap,100,1,1
15719,PSCCH,FAIL,5,1,,,1,0.147411,0.135699,decoded_overlap,100,1,1
15721,PSCCH,FAIL,20,1,,,1,0.016556,0.0136219,decoded_overlap,100,1,1
15724,PSCCH,OK,20,1,,,0,4.19299,4.04632,,100,1,1
15726,PSCCH,FAIL,16,1,,,1,0.133781,0.128158,decoded_overlap,100,1,1
15728,PSCCH,FAIL,3,21,,,1,0.0511569,0.0472212,decoded_overlap,100,1,1
15730,PSCCH,FAIL,5,1,,,1,0.026685,0.0217756,decoded_overlap,100,1,1
15733,PSCCH,OK,20,1,,,0.687838,0.759481,0.491101,,100,1,1
15735,PSCCH,FAIL,3,21,,,1,0.475981,0.444081,decoded_overlap,100,1,1
15737,PSCCH,FAIL,16,1,,,1,0.269471,0.138165,decoded_overlap,100,1,1
15739,PSCCH,FAIL,5,1,,,1,0.0480281,0.0351177,decoded_overlap,100,1,1
15742,PSCCH,OK,5,1,,,0.125375,0.891404,0.857491,,100,1,1
15744,PSCCH,FAIL,3,21,,,0.967105,0.597907,0.57029,decoded_overlap,100,1,1
15746,PSCCH,FAIL,20,1,,,1,0.148391,0.146779,decoded_overlap,100,1,1
15748,PSCCH,FAIL,16,1,,,1,0.0260988,0.0259236,decoded_overlap,100,1,1
15751,PSCCH,OK,3,21,,,0,4.22068,4.19053,,100,1,1
15753,PSCCH,FAIL,20,1,,,1,0.198099,0.196893,decoded_overlap,100,1,1
15755,PSCCH,FAIL,16,1,,,1,0.01894,0.016118,decoded_overlap,100,1,1
15757,PSCCH,FAIL,5,1,,,1,0.00767823,0.00738259,decoded_overlap,100,1,1
15760,PSCCH,FAIL,16,1,,,0.125375,0.99575,0.86653,error_model,100,1,1
15762,PSCCH,FAIL,20,1,,,1,0.465347,0.360714,error_model,100,1,1
15764,PSCCH,FAIL,5,1,,,1,0.196747,0.191744,error_model,100,1,1
15766,PSCCH,FAIL,3,21,,,1,0.0219853,0.0147034,error_model,100,1,1
15769,PSCCH,OK,16,1,,,0,2.57101,2.46507,,100,1,1
15771,PSCCH,FAIL,5,1,,,1,0.169878,0.167592,decoded_overlap,100,1,1
15773,PSCCH,FAIL,20,1,,,1,0.0747255,0.0709096,decoded_overlap,100,1,1
15775,PSCCH,FAIL,3,21,,,1,0.069986,0.066009,decoded_overlap,100,1,1
15778,PSCCH,OK,3,21,,,0,46.7232,32.7872,,100,1,1
15780,PSCCH,FAIL,16,1,,,1,0.0104112,0.00360934,decoded_overlap,100,1,1
15782,PSCCH,FAIL,20,1,,,1,0.00870865,0.00848325,decoded_overlap,100,1,1
15784,PSCCH,FAIL,5,1,,,1,0.00301953,0.00293472,decoded_overlap,100,1,1
15788,PSSCH,FAIL,3,21,10,4069,1,42.8821,8.49708,decode_fail,,,
15791,PSCCH,OK,3,1,,,0,25470.5,25320,,100,2,0
15794,PSCCH,OK,3,1,,,0,55460.2,54299.1,,100,2,0
15797,PSCCH,OK,3,1,,,0,94644.9,93881.4,,100,2,0
15800,PSCCH,OK,3,1,,,0,10692.2,10243.6,,100,2,0
15803,PSCCH,OK,3,1,,,0,318004,316329,,100,2,0
15806,PSCCH,OK,3,1,,,0,2314.73,2216.85,,100,2,0
15809,PSCCH,OK,3,1,,,0,5798.85,5751.1,,100,2,0
15813,PSCCH,OK,3,1,,,0,145219,121397,,100,2,0
15816,PSCCH,OK,3,1,,,0,1020.08,1000.43,,100,2,0
15818,PSCCH,OK,3,1,,,0,18521.8,17247.1,,100,2,0
15822,PSCCH,OK,3,1,,,0,21211.9,16211.1,,100,2,0
15824,PSCCH,OK,3,1,,,0,30933.2,29550.4,,100,2,0
15828,PSCCH,OK,3,1,,,0,50471.7,49832.7,,100,2,0
15831,PSCCH,OK,3,1,,,0,13570.1,12927.7,,100,2,0
15834,PSCCH,OK,3,1,,,0,7904.9,7887.54,,100,2,0
15837,PSCCH,OK,3,1,,,0,989.185,816.423,,100,2,0
15840,PSCCH,OK,3,1,,,0,133553,128828,,100,2,0
15843,PSCCH,OK,3,1,,,0,13725.4,10426.5,,100,2,0
15845,PSCCH,OK,3,1,,,0,2133660.0,2126160.0,,100,2,0
15855,PSSCH,FAIL,3,1,8,4069,1,1011.95,2.09812,decode_fail,,,
15862,PSCCH,OK,5,16,,,0,31332.8,31247.5,,100,2,1
15864,PSCCH,OK,5,16,,,0,41936.9,39918.9,,100,2,1
15866,PSCCH,OK,5,16,,,0,11262.3,8860.87,,100,2,1
15868,PSCCH,OK,5,16,,,0,145985,131116,,100,2,1
15870,PSCCH,OK,5,16,,,0,1349.67,1289.51,,100,2,1
15872,PSCCH,OK,5,16,,,0,1452.68,1351.43,,100,2,1
15874,PSCCH,OK,5,16,,,0,16152.1,15355.9,,100,2,1
15876,PSCCH,OK,5,16,,,0,66436.7,65837.2,,100,2,1
15878,PSCCH,OK,5,16,,,0,9664.62,9618.59,,100,2,1
15880,PSCCH,OK,5,16,,,0,3115.04,2943.87,,100,2,1
15882,PSCCH,OK,5,16,,,0,3928.44,3914.01,,100,2,1
15884,PSCCH,OK,5,16,,,0,16943.3,15187.3,,100,2,1
15886,PSCCH,OK,5,16,,,0,12327.3,11414.2,,100,2,1
15888,PSCCH,OK,5,16,,,0,24417,24247.7,,100,2,1
15890,PSCCH,OK,5,16,,,0,172377,169118,,100,2,1
15892,PSCCH,OK,5,16,,,0,90.0213,43.1577,,100,2,1
15894,PSCCH,OK,5,16,,,0,7652.86,7223.11,,100,2,1
15896,PSCCH,OK,5,16,,,0,292684,292461,,100,2,1
15898,PSCCH,OK,5,16,,,0,253908,251870,,100,2,1
15900,PSCCH,OK,5,16,,,0,6512.35,6475.08,,100,2,1
15902,PSSCH,OK,5,16,10,4069,0,14909.7,12640.2,,,,
15926,PSSCH,OK,16,1,15,2083,0,1312.35,1108.48,,,,
15934,PSCCH,OK,2,13,,,0,5.78153,5.76916,,100,3,1
15937,PSCCH,FAIL,14,17,,,1,0.0396994,0.0382702,decoded_overlap,100,3,1
15939,PSCCH,FAIL,4,1,,,1,0.0276297,0.0254542,decoded_overlap,100,3,1
15941,PSCCH,FAIL,20,2,,,1,0.00773109,0.0073031,decoded_overlap,100,3,1
15944,PSCCH,FAIL,4,1,,,1,0.0426436,0.041598,decoded_overlap,100,3,1
15946,PSCCH,FAIL,2,13,,,1,0.0317249,0.0299295,decoded_overlap,100,3,1
15948,PSCCH,FAIL,14,17,,,1,0.0162952,0.0160876,decoded_overlap,100,3,1
15950,PSCCH,FAIL,20,2,,,1,0.000467683,0.000316227,decoded_overlap,100,3,1
15952,PSCCH,OK,20,2,,,0,1.56111,1.51438,,100,3,1
15954,PSCCH,FAIL,4,1,,,1,0.259408,0.21454,decoded_overlap,100,3,1
15956,PSCCH,FAIL,2,13,,,1,0.173985,0.148962,decoded_overlap,100,3,1
15959,PSCCH,FAIL,14,17,,,1,0.0187127,0.014704,decoded_overlap,100,3,1
15961,PSCCH,OK,14,17,,,0,1.76576,1.40712,,100,3,1
15963,PSCCH,FAIL,4,1,,,1,0.194958,0.186388,decoded_overlap,100,3,1
15966,PSCCH,FAIL,2,13,,,1,0.0896393,0.0864525,decoded_overlap,100,3,1
15968,PSCCH,FAIL,20,2,,,1,0.00746993,0.00702705,decoded_overlap,100,3,1
15971,PSCCH,FAIL,4,1,,,0.967105,0.597399,0.498196,error_model,100,3,1
15973,PSCCH,FAIL,2,13,,,1,0.0909765,0.0814785,error_model,100,3,1
15975,PSCCH,FAIL,20,2,,,1,0.0847833,0.0685859,error_model,100,3,1
15977,PSCCH,FAIL,14,17,,,1,0.000757202,0.000728969,error_model,100,3,1
15979,PSCCH,FAIL,2,13,,,0.687838,0.721423,0.672754,error_model,100,3,1
15981,PSCCH,FAIL,4,1,,,0.967105,0.690973,0.662265,error_model,100,3,1
15983,PSCCH,FAIL,20,2,,,1,0.154152,0.145644,error_model,100,3,1
15986,PSCCH,FAIL,14,17,,,1,0.000955679,0.000950874,error_model,100,3,1
15988,PSCCH,OK,14,17,,,0,6.20417,5.97756,,100,3,1
15991,PSCCH,FAIL,20,2,,,1,0.0477994,0.0466898,decoded_overlap,100,3,1
15993,PSCCH,FAIL,2,13,,,1,0.0035226,0.00349333,decoded_overlap,100,3,1
15995,PSCCH,FAIL,4,1,,,1,0.00208778,0.00137712,decoded_overlap,100,3,1
15998,PSCCH,FAIL,14,17,,,0.967105,0.612444,0.570826,decoded_overlap,100,3,1
16000,PSCCH,FAIL,2,13,,,1,0.041575,0.0313294,decoded_overlap,100,3,1
16002,PSCCH,FAIL,20,2,,,1,0.0203847,0.0189264,decoded_overlap,100,3,1
16004,PSCCH,FAIL,4,1,,,1,0.0153918,0.0124768,decoded_overlap,100,3,1
16006,PSCCH,FAIL,20,2,,,0.687838,0.87898,0.792488,error_model,100,3,1
16009,PSCCH,FAIL,14,17,,,1,0.140722,0.0911248,error_model,100,3,1
16011,PSCCH,FAIL,4,1,,,1,0.0936775,0.0884172,error_model,100,3,1
16013,PSCCH,FAIL,2,13,,,1,0.0550856,0.047399,error_model,100,3,1
16015,PSCCH,FAIL,2,13,,,0.967105,0.68266,0.638741,error_model,100,3,1
16017,PSCCH,FAIL,4,1,,,1,0.336293,0.31064,error_model,100,3,1
16020,PSCCH,FAIL,14,17,,,1,0.12487,0.113145,error_model,100,3,1
16022,PSCCH,FAIL,20,2,,,1,0.00168168,0.00142595,error_model,100,3,1
16024,PSCCH,OK,4,1,,,0,3.41096,2.94438,,100,3,1
16026,PSCCH,FAIL,20,2,,,1,0.232519,0.205514,decoded_overlap,100,3,1
16028,PSCCH,FAIL,14,17,,,1,0.0137775,0.0116353,decoded_overlap,100,3,1
16031,PSCCH,FAIL,2,13,,,1,0.0128742,0.0116633,decoded_overlap,100,3,1
16033,PSCCH,OK,14,17,,,0,2.19748,2.00168,,100,3,1
16036,PSCCH,FAIL,20,2,,,1,0.115409,0.110386,decoded_overlap,100,3,1
16038,PSCCH,FAIL,4,1,,,1,0.0893748,0.08087,decoded_overlap,100,3,1
16040,PSCCH,FAIL,2,13,,,1,7.91284e-05,5.42092e-05,decoded_overlap,100,3,1
16042,PSCCH,OK,20,2,,,0,1.68776,1.55838,,100,3,1
16044,PSCCH,FAIL,4,1,,,1,0.349282,0.337026,decoded_overlap,100,3,1
16046,PSCCH,FAIL,2,13,,,1,0.0777934,0.0713881,decoded_overlap,100,3,1
16048,PSCCH,FAIL,14,17,,,1,0.0289718,0.0186795,decoded_overlap,100,3,1
16051,PSCCH,OK,14,17,,,0.0015,1.129,1.11962,,100,3,1
16054,PSCCH,FAIL,20,2,,,1,0.0422379,0.0389734,decoded_overlap,100,3,1
16056,PSCCH,FAIL,2,13,,,1,0.0298991,0.0265153,decoded_overlap,100,3,1
16058,PSCCH,FAIL,4,1,,,1,0.00869567,0.00857756,decoded_overlap,100,3,1
16060,PSCCH,OK,20,2,,,0.125375,0.92839,0.915348,,100,3,1
16062,PSCCH,FAIL,4,1,,,1,0.445642,0.429197,decoded_overlap,100,3,1
16065,PSCCH,FAIL,14,17,,,1,0.0306535,0.0262298,decoded_overlap,100,3,1
16067,PSCCH,FAIL,2,13,,,1,0.02003,0.019636,decoded_overlap,100,3,1
16069,PSCCH,OK,20,2,,,0.0015,1.29903,1.28392,,100,3,1
16071,PSCCH,FAIL,14,17,,,1,0.505951,0.500422,decoded_overlap,100,3,1
16073,PSCCH,FAIL,4,1,,,1,0.0445064,0.0437273,decoded_overlap,100,3,1
16075,PSCCH,FAIL,2,13,,,1,0.0401702,0.0389586,decoded_overlap,100,3,1
16079,PSSCH,FAIL,21,3,2,3107,1,15.3716,12.477,decode_fail,,,
16081,PSSCH,FAIL,14,17,4,4069,1,1.35723,0.443534,decode_fail,,,
16085,PSCCH,OK,2,1,,,0,346831,345585,,100,4,0
16087,PSCCH,OK,2,1,,,0,57811.7,57151.3,,100,4,0
16089,PSCCH,OK,2,1,,,0,60667.1,58780.1,,100,4,0
16091,PSCCH,OK,2,1,,,0,44180.8,35149.1,,100,4,0
16093,PSCCH,OK,2,1,,,0,15707.9,15547.9,,100,4,0
16095,PSCCH,OK,2,1,,,0,3985.66,3974.58,,100,4,0
16097,PSCCH,OK,2,1,,,0,83974,80601.9,,100,4,0
16099,PSCCH,OK,2,1,,,0,2994.97,2951.62,,100,4,0
16101,PSCCH,OK,2,1,,,0,17428.9,14541.8,,100,4,0
16103,PSCCH,OK,2,1,,,0,2613.34,2094.41,,100,4,0
16105,PSCCH,OK,2,1,,,0,124902,122444,,100,4,0
16107,PSCCH,OK,2,1,,,0,29475,29357.7,,100,4,0
16109,PSCCH,OK,2,1,,,0,15797.1,15652.8,,100,4,0
16111,PSCCH,OK,2,1,,,0,45.0843,38.0751,,100,4,0
16113,PSCCH,OK,2,1,,,0,81439.3,72687,,100,4,0
16115,PSCCH,OK,2,1,,,0,22823.6,19624.3,,100,4,0
16117,PSCCH,OK,2,1,,,0,2346.19,2258.56,,100,4,0
16119,PSCCH,OK,2,1,,,0,14366,13850.9,,100,4,0
16121,PSCCH,OK,2,1,,,0,19200.7,18928.9,,100,4,0
16123,PSCCH,OK,2,1,,,0,87164.5,82627.7,,100,4,0
16125,PSSCH,OK,2,1,6,4069,0,35472.5,31865,,,,
16137,PSCCH,OK,3,1,,,0.125375,1.08582,1.04702,,100,4,1
16139,PSCCH,FAIL,13,1,,,0.687838,0.780068,0.765897,decoded_overlap,100,4,1
16141,PSCCH,FAIL,19,1,,,1,0.043033,0.0412655,decoded_overlap,100,4,1
16146,PSCCH,OK,13,1,,,0,35.0584,33.6487,,100,4,1
16148,PSCCH,FAIL,3,1,,,1,0.0245802,0.0241687,decoded_overlap,100,4,1
16150,PSCCH,FAIL,19,1,,,1,0.00376606,0.00367503,decoded_overlap,100,4,1
16155,PSCCH,OK,19,1,,,0,32.4299,25.5762,,100,4,1
16157,PSCCH,FAIL,3,1,,,1,0.0192821,0.0121566,decoded_overlap,100,4,1
16159,PSCCH,FAIL,13,1,,,1,0.0116957,0.0111694,decoded_overlap,100,4,1
16164,PSCCH,OK,13,1,,,0.0015,1.24901,1.14346,,100,4,1
16166,PSCCH,FAIL,3,1,,,0.687838,0.77189,0.709517,decoded_overlap,100,4,1
16168,PSCCH,FAIL,19,1,,,1,0.0098157,0.00873379,decoded_overlap,100,4,1
16173,PSCCH,OK,13,1,,,0,22.2708,19.0064,,100,4,1
16175,PSCCH,FAIL,3,1,,,1,0.045169,0.0360229,decoded_overlap,100,4,1
16177,PSCCH,FAIL,19,1,,,1,0.000337917,0.000283226,decoded_overlap,100,4,1
16182,PSCCH,OK,13,1,,,0,4.87439,4.4304,,100,4,1
16184,PSCCH,FAIL,19,1,,,1,0.0976791,0.0910814,decoded_overlap,100,4,1
16186,PSCCH,FAIL,3,1,,,1,0.0888045,0.0853465,decoded_overlap,100,4,1
16191,PSCCH,OK,19,1,,,0,4.6321,3.72978,,100,4,1
16193,PSCCH,FAIL,3,1,,,1,0.206353,0.174648,decoded_overlap,100,4,1
16195,PSCCH,FAIL,13,1,,,1,0.00865425,0.00848367,decoded_overlap,100,4,1
16200,PSCCH,OK,19,1,,,0,11.426,10.928,,100,4,1
16202,PSCCH,FAIL,13,1,,,1,0.076232,0.074597,decoded_overlap,100,4,1
16204,PSCCH,FAIL,3,1,,,1,0.00975728,0.00967047,decoded_overlap,100,4,1
16209,PSCCH,OK,3,1,,,0,5.01661,4.69556,,100,4,1
16211,PSCCH,FAIL,13,1,,,1,0.164654,0.152093,decoded_overlap,100,4,1
16213,PSCCH,FAIL,19,1,,,1,0.0256617,0.0251952,decoded_overlap,100,4,1
16218,PSCCH,OK,19,1,,,0,1.7087,1.64975,,100,4,1
16220,PSCCH,FAIL,3,1,,,1,0.332715,0.315381,decoded_overlap,100,4,1
16222,PSCCH,FAIL,13,1,,,1,0.135883,0.133653,decoded_overlap,100,4,1
16227,PSCCH,OK,19,1,,,0.125375,1.00795,0.95433,,100,4,1
16229,PSCCH,FAIL,3,1,,,0.687838,0.803475,0.748067,decoded_overlap,100,4,1
16231,PSCCH,FAIL,13,1,,,1,0.0558217,0.0551757,decoded_overlap,100,4,1
16236,PSCCH,OK,3,1,,,0,2.05439,2.01657,,100,4,1
16238,PSCCH,FAIL,19,1,,,1,0.486401,0.478866,decoded_overlap,100,4,1
16240,PSCCH,FAIL,13,1,,,1,0.000188115,7.68352e-05,decoded_overlap,100,4,1
16245,PSCCH,OK,3,1,,,0,3.23579,2.47509,,100,4,1
16247,PSCCH,FAIL,19,1,,,1,0.311866,0.238998,decoded_overlap,100,4,1
16249,PSCCH,FAIL,13,1,,,1,0.00291991,0.00255739,decoded_overlap,100,4,1
16254,PSCCH,OK,13,1,,,0,10.6073,10.4464,,100,4,1
16256,PSCCH,FAIL,19,1,,,1,0.0813301,0.0810383,decoded_overlap,100,4,1
16258,PSCCH,FAIL,3,1,,,1,0.0110638,0.0101042,decoded_overlap,100,4,1
16263,PSCCH,OK,3,1,,,0,26.4903,26.2164,,100,4,1
16265,PSCCH,FAIL,13,1,,,1,0.0354447,0.0349023,decoded_overlap,100,4,1
16267,PSCCH,FAIL,19,1,,,1,0.00215149,0.00207095,decoded_overlap,100,4,1
16319,PSSCH,FAIL,14,9,3,2579,1,10462.5,11.7473,decode_fail,,,
16321,PSSCH,FAIL,21,12,0,2334,1,3.70783,2.63344,decode_fail,,,
16328,PSCCH,FAIL,21,1,,,1,0.375892,0.355038,error_model,100,5,1
16330,PSCCH,FAIL,5,1,,,1,0.262651,0.257256,error_model,100,5,1
16332,PSCCH,FAIL,14,17,,,1,0.162107,0.158905,error_model,100,5,1
16337,PSCCH,OK,5,1,,,0.0015,1.12211,1.0933,,100,5,1
16339,PSCCH,FAIL,21,1,,,1,0.308479,0.283007,decoded_overlap,100,5,1
16342,PSCCH,FAIL,14,17,,,1,0.0623591,0.056462,decoded_overlap,100,5,1
16347,PSCCH,OK,21,1,,,0,8.42878,7.50981,,100,5,1
16350,PSCCH,FAIL,14,17,,,1,0.022942,0.0222065,decoded_overlap,100,5,1
16353,PSCCH,FAIL,5,1,,,1,0.0115997,0.00864494,decoded_overlap,100,5,1
16358,PSCCH,FAIL,5,1,,,1,0.274055,0.257905,decoded_overlap,100,5,1
16360,PSCCH,FAIL,21,1,,,1,0.164942,0.163952,decoded_overlap,100,5,1
16362,PSCCH,FAIL,14,17,,,1,0.0462005,0.0444111,decoded_overlap,100,5,1
16367,PSCCH,OK,21,1,,,0,2.38604,2.19537,,100,5,1
16369,PSCCH,FAIL,14,17,,,1,0.206959,0.188033,decoded_overlap,100,5,1
16373,PSCCH,FAIL,5,1,,,1,0.0111044,0.0108799,decoded_overlap,100,5,1
16377,PSCCH,OK,21,1,,,0,5.03206,3.97054,,100,5,1
16381,PSCCH,FAIL,5,1,,,1,0.0413835,0.0324848,decoded_overlap,100,5,1
16383,PSCCH,FAIL,14,17,,,1,0.00326977,0.00321609,decoded_overlap,100,5,1
16387,PSCCH,FAIL,5,1,,,1,0.478528,0.410394,error_model,100,5,1
16391,PSCCH,FAIL,21,1,,,1,0.270873,0.244423,error_model,100,5,1
16393,PSCCH,FAIL,14,17,,,1,0.00874588,0.00603417,error_model,100,5,1
16397,PSCCH,OK,21,1,,,0.687838,0.876906,0.875455,,100,5,1
16399,PSCCH,FAIL,14,17,,,1,0.441577,0.429607,decoded_overlap,100,5,1
16403,PSCCH,FAIL,5,1,,,1,0.0327771,0.0327411,decoded_overlap,100,5,1
16407,PSCCH,FAIL,21,1,,,0.967105,0.64179,0.607181,error_model,100,5,1
16410,PSCCH,FAIL,14,17,,,1,0.23453,0.22539,error_model,100,5,1
16412,PSCCH,FAIL,5,1,,,1,0.118757,0.0948284,error_model,100,5,1
16418,PSCCH,FAIL,21,1,,,1,0.442562,0.396525,error_model,100,5,1
16420,PSCCH,FAIL,14,17,,,1,0.173347,0.157849,error_model,100,5,1
16423,PSCCH,FAIL,5,1,,,1,0.0342096,0.0313665,error_model,100,5,1
16428,PSCCH,FAIL,14,17,,,1,0.191742,0.18283,decoded_overlap,100,5,1
16430,PSCCH,FAIL,5,1,,,1,0.0981317,0.0956074,decoded_overlap,100,5,1
16432,PSCCH,FAIL,21,1,,,1,0.0305308,0.030221,decoded_overlap,100,5,1
16437,PSCCH,OK,14,17,,,0.687838,0.716972,0.705125,,100,5,1
16440,PSCCH,FAIL,21,1,,,1,0.225481,0.221313,decoded_overlap,100,5,1
16443,PSCCH,FAIL,5,1,,,1,0.00268338,0.00242158,decoded_overlap,100,5,1
16448,PSCCH,FAIL,21,1,,,1,0.289986,0.243841,error_model,100,5,1
16450,PSCCH,FAIL,5,1,,,1,0.270525,0.264047,error_model,100,5,1
16452,PSCCH,FAIL,14,17,,,1,0.26332,0.255704,error_model,100,5,1
16457,PSCCH,OK,5,1,,,0.125375,1.00159,0.890154,,100,5,1
16460,PSCCH,FAIL,14,17,,,1,0.133968,0.120377,decoded_overlap,100,5,1
16463,PSCCH,FAIL,21,1,,,1,0.0337044,0.0328131,decoded_overlap,100,5,1
16465,PSSCH,FAIL,13,,,,,,,decode_fail,,,
16471,PSCCH,OK,3,21,,,0,2.44251,2.36823,,100,6,0
16473,PSCCH,FAIL,4,1,,,1,0.409784,0.380434,decoded_overlap,100,6,0
16476,PSCCH,OK,4,1,,,0,13.0454,12.5413,,100,6,0
16478,PSCCH,FAIL,3,21,,,1,0.0767172,0.0730433,decoded_overlap,100,6,0
16481,PSCCH,OK,4,1,,,0,42.7896,26.2443,,100,6,0
16483,PSCCH,FAIL,3,21,,,1,0.0256279,0.0146004,decoded_overlap,100,6,0
16486,PSCCH,OK,3,21,,,0,4.75804,4.39863,,100,6,0
16488,PSCCH,FAIL,4,1,,,1,0.210566,0.198355,decoded_overlap,100,6,0
16491,PSCCH,OK,4,1,,,0,67.7749,58.1055,,100,6,0
16493,PSCCH,FAIL,3,21,,,1,0.0148837,0.0126067,decoded_overlap,100,6,0
16496,PSCCH,OK,4,1,,,0,11.6863,11.5084,,100,6,0
16498,PSCCH,FAIL,3,21,,,1,0.0855616,0.0843792,decoded_overlap,100,6,0
16501,PSCCH,OK,3,21,,,0,46.7401,33.3493,,100,6,0
16503,PSCCH,FAIL,4,1,,,1,0.0222619,0.0162397,decoded_overlap,100,6,0
16506,PSCCH,OK,4,1,,,0,3.01052,2.21625,,100,6,0
16508,PSCCH,FAIL,3,21,,,1,0.342016,0.261313,decoded_overlap,100,6,0
16511,PSCCH,OK,3,21,,,0,12.4231,12.1692,,100,6,0
16513,PSCCH,FAIL,4,1,,,1,0.0804867,0.0789432,decoded_overlap,100,6,0
16516,PSCCH,OK,4,1,,,0,44.4869,9.10074,,100,6,0
16518,PSCCH,FAIL,3,21,,,1,0.0504184,0.00561356,decoded_overlap,100,6,0
16521,PSCCH,OK,4,1,,,0,11.3069,9.67971,,100,6,0
16523,PSCCH,FAIL,3,21,,,1,0.0893763,0.0750614,decoded_overlap,100,6,0
16526,PSCCH,OK,3,21,,,0,3.05215,3.03734,,100,6,0
16528,PSCCH,FAIL,4,1,,,1,0.32762,0.326943,decoded_overlap,100,6,0
16531,PSCCH,OK,3,21,,,0,16.4796,15.2492,,100,6,0
16533,PSCCH,FAIL,4,1,,,1,0.060786,0.0557859,decoded_overlap,100,6,0
16536,PSCCH,OK,4,1,,,0,77.4472,70.8808,,100,6,0
16538,PSCCH,FAIL,3,21,,,1,0.0129708,0.011428,decoded_overlap,100,6,0
16541,PSCCH,OK,3,21,,,0,65.8784,62.2079,,100,6,0
16543,PSCCH,FAIL,4,1,,,1,0.0151962,0.014396,decoded_overlap,100,6,0
16546,PSCCH,OK,4,1,,,0.0015,1.22392,1.08061,,100,6,0
16548,PSCCH,FAIL,3,21,,,0.687838,0.835012,0.587268,decoded_overlap,100,6,0
16551,PSCCH,OK,3,21,,,0,23.8384,22.2977,,100,6,0
16553,PSCCH,FAIL,4,1,,,1,0.0420056,0.0398163,decoded_overlap,100,6,0
16556,PSCCH,OK,3,21,,,0,23.8315,23.1948,,100,6,0
16558,PSCCH,FAIL,4,1,,,1,0.0419723,0.0409404,decoded_overlap,100,6,0
16562,PSSCH,FAIL,3,21,11,4069,1,18.9601,15.8906,decode_fail,,,
16565,PSCCH,OK,5,16,,,0,21990.5,21141.3,,100,6,1
16569,PSCCH,OK,5,16,,,0,170501,169902,,100,6,1
16572,PSCCH,OK,5,16,,,0,1509.93,955.639,,100,6,1
16575,PSCCH,OK,5,16,,,0,2713.15,2335.3,,100,6,1
16578,PSCCH,OK,5,16,,,0,714.391,712.633,,100,6,1
16581,PSCCH,OK,5,16,,,0,12989.2,11591.6,,100,6,1
16583,PSCCH,OK,5,16,,,0,47836.2,47341.2,,100,6,1
16587,PSCCH,OK,5,16,,,0,7393.58,7363.02,,100,6,1
16590,PSCCH,OK,5,16,,,0,1765.24,887.967,,100,6,1
16593,PSCCH,OK,5,16,,,0,6746.41,6608.7,,100,6,1
16596,PSCCH,OK,5,16,,,0,11170.2,9737.38,,100,6,1
16599,PSCCH,OK,5,16,,,0,1816.58,768.688,,100,6,1
16601,PSCCH,OK,5,16,,,0,19117.3,19108.7,,100,6,1
16605,PSCCH,OK,5,16,,,0,237753,200453,,100,6,1
16608,PSCCH,OK,5,16,,,0,3326.14,3196.78,,100,6,1
16611,PSCCH,OK,5,16,,,0,9543.13,9447.78,,100,6,1
16613,PSCCH,OK,5,16,,,0,172748,165316,,100,6,1
16617,PSCCH,OK,5,16,,,0,297559,293313,,100,6,1
16620,PSCCH,OK,5,16,,,0,1071.37,980.343,,100,6,1
16624,PSSCH,FAIL,5,16,11,4069,1,5554.15,0.125501,decode_fail,,,
16632,PSCCH,OK,2,1,,,0,346831,345585,,100,7,1
16634,PSCCH,OK,2,1,,,0,78292.5,75423.6,,100,7,1
16636,PSCCH,OK,2,1,,,0,957508,951933,,100,7,1
16638,PSCCH,OK,2,1,,,0,172276,171496,,100,7,1
16640,PSCCH,OK,2,1,,,0,38888.3,37952.6,,100,7,1
16642,PSCCH,OK,2,1,,,0,11780.4,11763.8,,100,7,1
16644,PSCCH,OK,2,1,,,0,77075.4,72658.5,,100,7,1
16646,PSCCH,OK,2,1,,,0,2267.83,2216.79,,100,7,1
16648,PSCCH,OK,2,1,,,0,10471.5,7615.35,,100,7,1
16650,PSCCH,OK,2,1,,,0,4909.76,4465.42,,100,7,1
16652,PSCCH,OK,2,1,,,0,22992.1,22102.3,,100,7,1
16654,PSCCH,OK,2,1,,,0,22097.3,22097.2,,100,7,1
16656,PSCCH,OK,2,1,,,0,19346.9,17215.5,,100,7,1
16658,PSCCH,OK,2,1,,,0,54.3803,52.7839,,100,7,1
16660,PSCCH,OK,2,1,,,0,54964.7,53152.4,,100,7,1
16662,PSCCH,OK,2,1,,,0,14456,12621.3,,100,7,1
16664,PSCCH,OK,2,1,,,0,2223.06,2127.7,,100,7,1
16666,PSCCH,OK,2,1,,,0,26061.5,25737.5,,100,7,1
16668,PSCCH,OK,2,1,,,0,45852.6,41518.1,,100,7,1
16670,PSCCH,OK,2,1,,,0,77677.6,71053.3,,100,7,1
16672,PSSCH,OK,2,1,10,4069,0,35472.5,31865,,,,
16677,PSCCH,OK,14,17,,,0,15533.9,14946.1,,100,8,0
16682,PSCCH,OK,14,17,,,0,19346.9,17215.5,,100,8,0
16686,PSCCH,OK,14,17,,,0,47129.7,45135.8,,100,8,0
16692,PSCCH,OK,14,17,,,0,21668.4,21194.9,,100,8,0
16696,PSCCH,OK,14,17,,,0,27762.7,25115.8,,100,8,0
16702,PSCCH,OK,14,17,,,0,740.488,638.434,,100,8,0
16707,PSCCH,OK,14,17,,,0,63.9217,47.2264,,100,8,0
16711,PSCCH,OK,14,17,,,0,570144,548183,,100,8,0
16716,PSCCH,OK,14,17,,,0,145944,143540,,100,8,0
16721,PSCCH,OK,14,17,,,0,37393.6,36151.9,,100,8,0
16726,PSCCH,OK,14,17,,,0,34258.9,29737.6,,100,8,0
16732,PSCCH,OK,14,17,,,0,21936,21646.5,,100,8,0
16736,PSCCH,OK,14,17,,,0,41524.7,38362.5,,100,8,0
16742,PSCCH,OK,14,17,,,0,31836.4,20003.5,,100,8,0
16746,PSCCH,OK,14,17,,,0,347711,342691,,100,8,0
16752,PSCCH,OK,14,17,,,0,1684.92,1311.43,,100,8,0
16757,PSCCH,OK,14,17,,,0,94341,94293.8,,100,8,0
16767,PSSCH,FAIL,21,1,3,2083,1,1.95801,0.279229,decode_fail,,,
16771,PSSCH,FAIL,14,17,6,4069,1,15152.1,0.29839,decode_fail,,,
16814,PSSCH,FAIL,13,,,,,,,decode_fail,,,
16817,PSSCH,FAIL,5,16,12,2247,1,4.74738,3.87217,decode_fail,,,
16820,PSCCH,OK,3,1,,,0,5.00402,4.97199,,100,9,0
16822,PSCCH,FAIL,19,1,,,1,0.19979,0.198091,decoded_overlap,100,9,0
16824,PSCCH,OK,3,1,,,0,3.05769,3.03342,,100,9,0
16826,PSCCH,FAIL,19,1,,,1,0.327049,0.32068,decoded_overlap,100,9,0
16828,PSCCH,OK,3,1,,,0,5.42407,5.29463,,100,9,0
16830,PSCCH,FAIL,19,1,,,1,0.184391,0.180113,decoded_overlap,100,9,0
16832,PSCCH,OK,19,1,,,0,25.7788,25.5301,,100,9,0
16834,PSCCH,FAIL,3,1,,,1,0.0387882,0.0382693,decoded_overlap,100,9,0
16836,PSCCH,OK,3,1,,,0,66.4372,57.1288,,100,9,0
16838,PSCCH,FAIL,19,1,,,1,0.015214,0.0125401,decoded_overlap,100,9,0
16840,PSCCH,OK,3,1,,,0,31.2202,30.0111,,100,9,0
16842,PSCCH,FAIL,19,1,,,1,0.031621,0.0309481,decoded_overlap,100,9,0
16844,PSCCH,OK,19,1,,,0,1.58651,1.53114,,100,9,0
16846,PSCCH,FAIL,3,1,,,0.967105,0.630464,0.60772,decoded_overlap,100,9,0
16848,PSCCH,OK,19,1,,,0.0015,1.20504,1.00867,,100,9,0
16850,PSCCH,FAIL,3,1,,,0.687838,0.843093,0.672517,decoded_overlap,100,9,0
16852,PSCCH,OK,19,1,,,0,62.7913,62.1297,,100,9,0
16854,PSCCH,FAIL,3,1,,,1,0.0159157,0.0156581,decoded_overlap,100,9,0
16856,PSCCH,OK,3,1,,,0,44.7774,34.9282,,100,9,0
16858,PSCCH,FAIL,19,1,,,1,0.0230104,0.0164397,decoded_overlap,100,9,0
16860,PSCCH,OK,3,1,,,0,4.05632,0.89034,,100,9,0
16862,PSCCH,FAIL,19,1,,,1,0.431981,0.0999989,decoded_overlap,100,9,0
16864,PSCCH,OK,19,1,,,0.0015,1.17649,1.12377,,100,9,0
16866,PSCCH,FAIL,3,1,,,0.687838,0.850533,0.818285,decoded_overlap,100,9,0
16868,PSCCH,OK,19,1,,,0,1.55721,1.38763,,100,9,0
16870,PSCCH,FAIL,3,1,,,0.967105,0.643976,0.613475,decoded_overlap,100,9,0
16872,PSCCH,OK,3,1,,,0.0015,1.35567,1.32785,,100,9,0
16874,PSCCH,FAIL,19,1,,,0.687838,0.737632,0.728819,decoded_overlap,100,9,0
16876,PSCCH,OK,19,1,,,0,45.6964,37.7274,,100,9,0
16878,PSCCH,FAIL,3,1,,,1,0.0222039,0.0181139,decoded_overlap,100,9,0
16880,PSCCH,OK,3,1,,,0,2.93547,2.85015,,100,9,0
16882,PSCCH,FAIL,19,1,,,1,0.340777,0.330767,decoded_overlap,100,9,0
16884,PSCCH,OK,3,1,,,0,4.3891,3.96331,,100,9,0
16886,PSCCH,FAIL,19,1,,,1,0.228527,0.20885,decoded_overlap,100,9,0
16888,PSCCH,OK,19,1,,,0,2.72461,2.51134,,100,9,0
16890,PSCCH,FAIL,3,1,,,1,0.368772,0.322354,decoded_overlap,100,9,0
16892,PSCCH,OK,3,1,,,0,475.398,439.921,,100,9,0
16894,PSCCH,FAIL,19,1,,,1,0.00210708,0.00198588,decoded_overlap,100,9,0
16896,PSSCH,FAIL,3,1,13,4069,1,5.49748,4.90782,decode_fail,,,
16899,PSCCH,OK,3,21,,,0,5.09317,5.0112,,100,9,1
16901,PSCCH,FAIL,19,1,,,1,0.196311,0.192792,decoded_overlap,100,9,1
16904,PSCCH,OK,3,21,,,0,2.92754,2.76831,,100,9,1
16906,PSCCH,FAIL,19,1,,,1,0.342139,0.318563,decoded_overlap,100,9,1
16909,PSCCH,OK,3,21,,,0,8.25918,8.22989,,100,9,1
16911,PSCCH,FAIL,19,1,,,1,0.121063,0.120411,decoded_overlap,100,9,1
16914,PSCCH,OK,19,1,,,0,22.0957,21.8938,,100,9,1
16916,PSCCH,FAIL,3,21,,,1,0.0452535,0.0446802,decoded_overlap,100,9,1
16919,PSCCH,OK,3,21,,,0,20.6805,20.3259,,100,9,1
16921,PSCCH,FAIL,19,1,,,1,0.0483618,0.0464894,decoded_overlap,100,9,1
16924,PSCCH,OK,19,1,,,0.0015,1.36587,1.35597,,100,9,1
16926,PSCCH,FAIL,3,21,,,0.687838,0.728736,0.71397,decoded_overlap,100,9,1
16929,PSCCH,OK,19,1,,,0.125375,1.0679,1.06504,,100,9,1
16931,PSCCH,FAIL,3,21,,,0.125375,0.936124,0.932093,decoded_overlap,100,9,1
16934,PSCCH,OK,19,1,,,0,5.62749,4.88729,,100,9,1
16936,PSCCH,FAIL,3,21,,,1,0.178873,0.15876,decoded_overlap,100,9,1
16939,PSCCH,OK,19,1,,,0,55.4071,54.4252,,100,9,1
16941,PSCCH,FAIL,3,21,,,1,0.0180366,0.0175826,decoded_overlap,100,9,1
16944,PSCCH,OK,3,21,,,0,17.6267,11.29,,100,9,1
16946,PSCCH,FAIL,19,1,,,1,0.0620728,0.0342012,decoded_overlap,100,9,1
16949,PSCCH,OK,3,21,,,0,8.1805,1.37577,,100,9,1
16951,PSCCH,FAIL,19,1,,,1,0.216153,0.0755532,decoded_overlap,100,9,1
16954,PSCCH,FAIL,19,1,,,0.125375,1.0115,0.976257,error_model,100,9,1
16956,PSCCH,OK,3,21,,,0.125375,0.988994,0.959427,,100,9,1
16959,PSCCH,OK,3,21,,,0.125375,1.05138,0.892024,,100,9,1
16961,PSCCH,FAIL,19,1,,,0.125375,0.961013,0.81363,decoded_overlap,100,9,1
16964,PSCCH,OK,19,1,,,0,43.2367,34.7036,,100,9,1
16966,PSCCH,FAIL,3,21,,,1,0.0235472,0.0188923,decoded_overlap,100,9,1
16969,PSCCH,OK,3,21,,,0,3.63546,3.53639,,100,9,1
16971,PSCCH,FAIL,19,1,,,1,0.275153,0.267225,decoded_overlap,100,9,1
16974,PSCCH,OK,3,21,,,0,4.65143,4.30593,,100,9,1
16976,PSCCH,FAIL,19,1,,,1,0.21527,0.202014,decoded_overlap,100,9,1
16979,PSCCH,OK,19,1,,,0,3.20968,2.61616,,100,9,1
16981,PSCCH,FAIL,3,21,,,1,0.317933,0.245198,decoded_overlap,100,9,1
16984,PSCCH,OK,3,21,,,0,707.256,691.399,,100,9,1
16986,PSCCH,FAIL,19,1,,,1,0.00141371,0.0013997,decoded_overlap,100,9,1
16988,PSSCH,FAIL,14,17,2,1124,1,2.15542,1.74477,decode_fail,,,
16990,PSSCH,FAIL,3,21,14,4069,1,533.251,1.44106,decode_fail,,,
17014,PSSCH,OK,2,1,9,2083,0,55339.3,53108.3,,,,
17055,PSSCH,OK,3,21,0,1705,0,665.053,543.944,,,,
17094,PSSCH,OK,3,1,15,2083,0,2383.57,1541.98,,,,
17118,PSSCH,OK,21,12,7,4,0,71105.1,61935.2,,,,
17142,PSSCH,OK,14,17,7,8,0,308432,250321,,,,
17167,PSSCH,OK,20,2,2,4,0,9529.23,560.66,,,,
17190,PSSCH,OK,5,16,14,8,0,249696,223735,,,,
17219,PSSCH,OK,3,21,1,6,0,1437900.0,1422360.0,,,,
