scenario_id,timestamp,receiver_id,receiver_policy,resource_allocation,upload_mode,grid_selection_mode,grid_score_mode,coverage_fallback,coverage_fallback_replacements,routing_hint_replacements,routing_hints_csv,clustering,cluster_count,selective_frame_deadline_ms,cluster_member_ids,source_cav_ids,uploaded_source_ids,selected_grid_counts_json,point_counts_json,communication_bytes,frame_comm_time_ms,num_channels,bandwidth_mhz,channel_estimator,ns3_tb_size_bytes,ns3_slot_duration_ms,ns3_subchannel_prbs,ns3_symbols_per_slot,ns3_mcs,pcs_rounds_requested,pcs_rounds_accepted,pcs_round_comm_time_ms_json,pcs_round_comm_bytes_json,channel_allocation,missing_channel_sources,pred_boxes,gt_boxes,skipped
2026_07_15_01_26_56,000060,1,all-cavs,selective_edgecooper_global,grid,,,,,,,singleton,20,200.0,1,1,,{},"{""1"": 4918}",0,0.0,10,40.0,ns3,899,0.5,10,12,28,,,[],[],,,15,16,
2026_07_15_01_26_56,000060,2,all-cavs,selective_edgecooper_global,grid,,,,,,,singleton,20,200.0,2,2;8,8,"{""8"": 54}","{""2"": 4863, ""8"": 4813}",77008,4.282981090100112,10,40.0,ns3,899,0.5,10,12,28,,,[],[],,8,21,38,
2026_07_15_01_26_56,000060,3,all-cavs,selective_edgecooper_global,grid,,,,,,,singleton,20,200.0,3,3;18,18,"{""18"": 56}","{""3"": 4977, ""18"": 4885}",78160,4.347052280311457,10,40.0,ns3,899,0.5,10,12,28,,,[],[],,18,21,19,
2026_07_15_01_26_56,000060,4,all-cavs,selective_edgecooper_global,grid,,,,,,,singleton,20,200.0,4,4;1,1,"{""1"": 45}","{""1"": 4899, ""4"": 4886}",78384,4.359510567296996,10,40.0,ns3,899,0.5,10,12,28,,,[],[],,1,22,29,
2026_07_15_01_26_56,000060,5,all-cavs,selective_edgecooper_global,grid,,,,,,,singleton,20,200.0,5,5,,{},"{""5"": 4909}",0,0.0,10,40.0,ns3,899,0.5,10,12,28,,,[],[],,,12,15,
2026_07_15_01_26_56,000060,6,all-cavs,selective_edgecooper_global,grid,,,,,,,singleton,20,200.0,6,6;15,15,"{""15"": 49}","{""6"": 4556, ""15"": 4711}",75376,4.1922135706340375,10,40.0,ns3,899,0.5,10,12,28,,,[],[],,15,13,17,
2026_07_15_01_26_56,000060,7,all-cavs,selective_edgecooper_global,grid,,,,,,,singleton,20,200.0,7,7;12,12,"{""12"": 57}","{""7"": 4908, ""12"": 4732}",75712,4.210901001112346,10,40.0,ns3,899,0.5,10,12,28,,,[],[],,12,21,29,
2026_07_15_01_26_56,000060,8,all-cavs,selective_edgecooper_global,grid,,,,,,,singleton,20,200.0,8,8,,{},"{""8"": 4838}",0,0.0,10,40.0,ns3,899,0.5,10,12,28,,,[],[],,,8,23,
2026_07_15_01_26_56,000060,9,all-cavs,selective_edgecooper_global,grid,,,,,,,singleton,20,200.0,9,9,,{},"{""9"": 4858}",0,0.0,10,40.0,ns3,899,0.5,10,12,28,,,[],[],,,16,19,
2026_07_15_01_26_56,000060,10,all-cavs,selective_edgecooper_global,grid,,,,,,,singleton,20,200.0,10,10,,{},"{""10"": 4953}",0,0.0,10,40.0,ns3,899,0.5,10,12,28,,,[],[],,,18,30,
2026_07_15_01_26_56,000060,11,all-cavs,selective_edgecooper_global,grid,,,,,,,singleton,20,200.0,11,11;9,9,"{""9"": 48}","{""9"": 4847, ""11"": 4909}",77552,4.313236929922136,10,40.0,ns3,899,0.5,10,12,28,,,[],[],,9,29,33,
2026_07_15_01_26_56,000060,12,all-cavs,selective_edgecooper_global,grid,,,,,,,singleton,20,200.0,12,12,,{},"{""12"": 4891}",0,0.0,10,40.0,ns3,899,0.5,10,12,28,,,[],[],,,12,21,
2026_07_15_01_26_56,000060,13,all-cavs,selective_edgecooper_global,grid,,,,,,,singleton,20,200.0,13,13;10,10,"{""10"": 52}","{""10"": 4838, ""13"": 4793}",77408,4.305228031145718,10,40.0,ns3,899,0.5,10,12,28,,,[],[],,10,18,35,
2026_07_15_01_26_56,000060,14,all-cavs,selective_edgecooper_global,grid,,,,,,,singleton,20,200.0,14,14,,{},"{""14"": 5044}",0,0.0,10,40.0,ns3,899,0.5,10,12,28,,,[],[],,,2,4,
2026_07_15_01_26_56,000060,15,all-cavs,selective_edgecooper_global,grid,,,,,,,singleton,20,200.0,15,15,,{},"{""15"": 4740}",0,0.0,10,40.0,ns3,899,0.5,10,12,28,,,[],[],,,15,9,
2026_07_15_01_26_56,000060,16,all-cavs,selective_edgecooper_global,grid,,,,,,,singleton,20,200.0,16,16;20,20,"{""20"": 48}","{""16"": 4857, ""20"": 2285}",36560,2.0333704115684093,10,40.0,ns3,899,0.5,10,12,28,,,[],[],,20,18,24,
2026_07_15_01_26_56,000060,17,all-cavs,selective_edgecooper_global,grid,,,,,,,singleton,20,200.0,17,17,,{},"{""17"": 4967}",0,0.0,10,40.0,ns3,899,0.5,10,12,28,,,[],[],,,16,13,
2026_07_15_01_26_56,000060,18,all-cavs,selective_edgecooper_global,grid,,,,,,,singleton,20,200.0,18,18,,{},"{""18"": 5003}",0,0.0,10,40.0,ns3,899,0.5,10,12,28,,,[],[],,,16,12,
2026_07_15_01_26_56,000060,19,all-cavs,selective_edgecooper_global,grid,,,,,,,singleton,20,200.0,19,19;5,5,"{""5"": 52}","{""5"": 4881, ""19"": 4844}",78096,4.34349276974416,10,40.0,ns3,899,0.5,10,12,28,,,[],[],,5,20,17,
2026_07_15_01_26_56,000060,20,all-cavs,selective_edgecooper_global,grid,,,,,,,singleton,20,200.0,20,20,,{},"{""20"": 4909}",0,0.0,10,40.0,ns3,899,0.5,10,12,28,,,[],[],,,14,18,
2026_07_15_01_26_56,000062,1,all-cavs,selective_edgecooper_global,grid,,,,,,,singleton,20,200.0,1,1,,{},"{""1"": 4921}",0,0.0,10,40.0,ns3,899,0.5,10,12,28,,,[],[],,,14,16,
2026_07_15_01_26_56,000062,2,all-cavs,selective_edgecooper_global,grid,,,,,,,singleton,20,200.0,2,2;8,8,"{""8"": 53}","{""2"": 4862, ""8"": 4803}",76848,4.274082313681869,10,40.0,ns3,899,0.5,10,12,28,,,[],[],,8,24,40,
2026_07_15_01_26_56,000062,3,all-cavs,selective_edgecooper_global,grid,,,,,,,singleton,20,200.0,3,3;18,18,"{""18"": 52}","{""3"": 4976, ""18"": 4903}",78448,4.363070077864293,10,40.0,ns3,899,0.5,10,12,28,,,[],[],,18,20,19,
2026_07_15_01_26_56,000062,4,all-cavs,selective_edgecooper_global,grid,,,,,,,singleton,20,200.0,4,4;1,1,"{""1"": 46}","{""1"": 4902, ""4"": 4848}",78432,4.362180200222469,10,40.0,ns3,899,0.5,10,12,28,,,[],[],,1,24,30,
2026_07_15_01_26_56,000062,5,all-cavs,selective_edgecooper_global,grid,,,,,,,singleton,20,200.0,5,5,,{},"{""5"": 4912}",0,0.0,10,40.0,ns3,899,0.5,10,12,28,,,[],[],,,12,15,
2026_07_15_01_26_56,000062,6,all-cavs,selective_edgecooper_global,grid,,,,,,,singleton,20,200.0,6,6;15,15,"{""15"": 49}","{""6"": 4561, ""15"": 4722}",75552,4.2020022246941044,10,40.0,ns3,899,0.5,10,12,28,,,[],[],,15,14,17,
2026_07_15_01_26_56,000062,7,all-cavs,selective_edgecooper_global,grid,,,,,,,singleton,20,200.0,7,7;12,12,"{""12"": 56}","{""7"": 4906, ""12"": 4733}",75728,4.211790878754171,10,40.0,ns3,899,0.5,10,12,28,,,[],[],,12,20,28,
2026_07_15_01_26_56,000062,8,all-cavs,selective_edgecooper_global,grid,,,,,,,singleton,20,200.0,8,8,,{},"{""8"": 4838}",0,0.0,10,40.0,ns3,899,0.5,10,12,28,,,[],[],,,14,24,
2026_07_15_01_26_56,000062,9,all-cavs,selective_edgecooper_global,grid,,,,,,,singleton,20,200.0,9,9,,{},"{""9"": 4859}",0,0.0,10,40.0,ns3,899,0.5,10,12,28,,,[],[],,,16,19,
2026_07_15_01_26_56,000062,10,all-cavs,selective_edgecooper_global,grid,,,,,,,singleton,20,200.0,10,10,,{},"{""10"": 4955}",0,0.0,10,40.0,ns3,899,0.5,10,12,28,,,[],[],,,14,29,
2026_07_15_01_26_56,000062,11,all-cavs,selective_edgecooper_global,grid,,,,,,,singleton,20,200.0,11,11;9,9,"{""9"": 48}","{""9"": 4848, ""11"": 4909}",77568,4.31412680756396,10,40.0,ns3,899,0.5,10,12,28,,,[],[],,9,29,33,
2026_07_15_01_26_56,000062,12,all-cavs,selective_edgecooper_global,grid,,,,,,,singleton,20,200.0,12,12,,{},"{""12"": 4894}",0,0.0,10,40.0,ns3,899,0.5,10,12,28,,,[],[],,,11,19,
2026_07_15_01_26_56,000062,13,all-cavs,selective_edgecooper_global,grid,,,,,,,singleton,20,200.0,13,13;10,10,"{""10"": 51}","{""10"": 4836, ""13"": 4793}",77376,4.303448275862069,10,40.0,ns3,899,0.5,10,12,28,,,[],[],,10,19,35,
2026_07_15_01_26_56,000062,14,all-cavs,selective_edgecooper_global,grid,,,,,,,singleton,20,200.0,14,14,,{},"{""14"": 5042}",0,0.0,10,40.0,ns3,899,0.5,10,12,28,,,[],[],,,3,4,
2026_07_15_01_26_56,000062,15,all-cavs,selective_edgecooper_global,grid,,,,,,,singleton,20,200.0,15,15,,{},"{""15"": 4745}",0,0.0,10,40.0,ns3,899,0.5,10,12,28,,,[],[],,,10,9,
2026_07_15_01_26_56,000062,16,all-cavs,selective_edgecooper_global,grid,,,,,,,singleton,20,200.0,16,16;20,20,"{""20"": 48}","{""16"": 4866, ""20"": 2281}",36496,2.0298109010011123,10,40.0,ns3,899,0.5,10,12,28,,,[],[],,20,16,24,
2026_07_15_01_26_56,000062,17,all-cavs,selective_edgecooper_global,grid,,,,,,,singleton,20,200.0,17,17,,{},"{""17"": 4985}",0,0.0,10,40.0,ns3,899,0.5,10,12,28,,,[],[],,,16,12,
2026_07_15_01_26_56,000062,18,all-cavs,selective_edgecooper_global,grid,,,,,,,singleton,20,200.0,18,18,,{},"{""18"": 5017}",0,0.0,10,40.0,ns3,899,0.5,10,12,28,,,[],[],,,16,12,
2026_07_15_01_26_56,000062,19,all-cavs,selective_edgecooper_global,grid,,,,,,,singleton,20,200.0,19,19;5,5,"{""5"": 53}","{""5"": 4883, ""19"": 4823}",78128,4.345272525027808,10,40.0,ns3,899,0.5,10,12,28,,,[],[],,5,15,16,
2026_07_15_01_26_56,000062,20,all-cavs,selective_edgecooper_global,grid,,,,,,,singleton,20,200.0,20,20,,{},"{""20"": 4908}",0,0.0,10,40.0,ns3,899,0.5,10,12,28,,,[],[],,,14,19,
2026_07_15_01_26_56,000064,1,all-cavs,selective_edgecooper_global,grid,,,,,,,singleton,20,200.0,1,1;2,2,"{""2"": 51}","{""1"": 4921, ""2"": 4384}",70144,3.9012235817575083,10,40.0,ns3,899,0.5,10,12,28,,,[],[],,2,22,31,
2026_07_15_01_26_56,000064,2,all-cavs,selective_edgecooper_global,grid,,,,,,,singleton,20,200.0,2,2,,{},"{""2"": 4878}",0,0.0,10,40.0,ns3,899,0.5,10,12,28,,,[],[],,,16,26,
2026_07_15_01_26_56,000064,3,all-cavs,selective_edgecooper_global,grid,,,,,,,singleton,20,200.0,3,3;18,18,"{""18"": 54}","{""3"": 4976, ""18"": 4908}",78528,4.367519466073414,10,40.0,ns3,899,0.5,10,12,28,,,[],[],,18,19,19,
2026_07_15_01_26_56,000064,4,all-cavs,selective_edgecooper_global,grid,,,,,,,singleton,20,200.0,4,4,,{},"{""4"": 4872}",0,0.0,10,40.0,ns3,899,0.5,10,12,28,,,[],[],,,12,26,
2026_07_15_01_26_56,000064,5,all-cavs,selective_edgecooper_global,grid,,,,,,,singleton,20,200.0,5,5,,{},"{""5"": 4913}",0,0.0,10,40.0,ns3,899,0.5,10,12,28,,,[],[],,,12,15,
2026_07_15_01_26_56,000064,6,all-cavs,selective_edgecooper_global,grid,,,,,,,singleton,20,200.0,6,6;15,15,"{""15"": 49}","{""6"": 4595, ""15"": 4719}",75504,4.1993325917686315,10,40.0,ns3,899,0.5,10,12,28,,,[],[],,15,15,17,
2026_07_15_01_26_56,000064,7,all-cavs,selective_edgecooper_global,grid,,,,,,,singleton,20,200.0,7,7;12,12,"{""12"": 55}","{""7"": 4911, ""12"": 4743}",75888,4.220689655172413,10,40.0,ns3,899,0.5,10,12,28,,,[],[],,12,18,27,
2026_07_15_01_26_56,000064,8,all-cavs,selective_edgecooper_global,grid,,,,,,,singleton,20,200.0,8,8,,{},"{""8"": 4837}",0,0.0,10,40.0,ns3,899,0.5,10,12,28,,,[],[],,,11,24,
2026_07_15_01_26_56,000064,9,all-cavs,selective_edgecooper_global,grid,,,,,,,singleton,20,200.0,9,9,,{},"{""9"": 4856}",0,0.0,10,40.0,ns3,899,0.5,10,12,28,,,[],[],,,17,19,
2026_07_15_01_26_56,000064,10,all-cavs,selective_edgecooper_global,grid,,,,,,,singleton,20,200.0,10,10;8,8,"{""8"": 53}","{""8"": 4705, ""10"": 4948}",75280,4.1868743047830925,10,40.0,ns3,899,0.5,10,12,28,,,[],[],,8,16,33,
2026_07_15_01_26_56,000064,11,all-cavs,selective_edgecooper_global,grid,,,,,,,singleton,20,200.0,11,11;9,9,"{""9"": 49}","{""9"": 4845, ""11"": 4912}",77520,4.3114571746384875,10,40.0,ns3,899,0.5,10,12,28,,,[],[],,9,28,33,
2026_07_15_01_26_56,000064,12,all-cavs,selective_edgecooper_global,grid,,,,,,,singleton,20,200.0,12,12,,{},"{""12"": 4896}",0,0.0,10,40.0,ns3,899,0.5,10,12,28,,,[],[],,,8,18,
2026_07_15_01_26_56,000064,13,all-cavs,selective_edgecooper_global,grid,,,,,,,singleton,20,200.0,13,13,,{},"{""13"": 4794}",0,0.0,10,40.0,ns3,899,0.5,10,12,28,,,[],[],,,11,15,
2026_07_15_01_26_56,000064,14,all-cavs,selective_edgecooper_global,grid,,,,,,,singleton,20,200.0,14,14,,{},"{""14"": 5060}",0,0.0,10,40.0,ns3,899,0.5,10,12,28,,,[],[],,,3,4,
2026_07_15_01_26_56,000064,15,all-cavs,selective_edgecooper_global,grid,,,,,,,singleton,20,200.0,15,15,,{},"{""15"": 4750}",0,0.0,10,40.0,ns3,899,0.5,10,12,28,,,[],[],,,13,9,
2026_07_15_01_26_56,000064,16,all-cavs,selective_edgecooper_global,grid,,,,,,,singleton,20,200.0,16,16;20,20,"{""20"": 47}","{""16"": 4850, ""20"": 2281}",36496,2.0298109010011123,10,40.0,ns3,899,0.5,10,12,28,,,[],[],,20,17,24,
2026_07_15_01_26_56,000064,17,all-cavs,selective_edgecooper_global,grid,,,,,,,singleton,20,200.0,17,17,,{},"{""17"": 4966}",0,0.0,10,40.0,ns3,899,0.5,10,12,28,,,[],[],,,17,12,
2026_07_15_01_26_56,000064,18,all-cavs,selective_edgecooper_global,grid,,,,,,,singleton,20,200.0,18,18,,{},"{""18"": 5016}",0,0.0,10,40.0,ns3,899,0.5,10,12,28,,,[],[],,,16,12,
2026_07_15_01_26_56,000064,19,all-cavs,selective_edgecooper_global,grid,,,,,,,singleton,20,200.0,19,19;5,5,"{""5"": 53}","{""5"": 4884, ""19"": 4819}",78144,4.346162402669632,10,40.0,ns3,899,0.5,10,12,28,,,[],[],,5,14,17,
2026_07_15_01_26_56,000064,20,all-cavs,selective_edgecooper_global,grid,,,,,,,singleton,20,200.0,20,20,,{},"{""20"": 4908}",0,0.0,10,40.0,ns3,899,0.5,10,12,28,,,[],[],,,15,19,
2026_07_15_01_26_56,000066,1,all-cavs,selective_edgecooper_global,grid,,,,,,,singleton,20,200.0,1,1;2,2,"{""2"": 52}","{""1"": 4922, ""2"": 4392}",70272,3.9083426028921022,10,40.0,ns3,899,0.5,10,12,28,,,[],[],,2,25,31,
2026_07_15_01_26_56,000066,2,all-cavs,selective_edgecooper_global,grid,,,,,,,singleton,20,200.0,2,2,,{},"{""2"": 4878}",0,0.0,10,40.0,ns3,899,0.5,10,12,28,,,[],[],,,18,24,
2026_07_15_01_26_56,000066,3,all-cavs,selective_edgecooper_global,grid,,,,,,,singleton,20,200.0,3,3;18,18,"{""18"": 51}","{""3"": 4982, ""18"": 4891}",78256,4.352391546162402,10,40.0,ns3,899,0.5,10,12,28,,,[],[],,18,19,19,
2026_07_15_01_26_56,000066,4,all-cavs,selective_edgecooper_global,grid,,,,,,,singleton,20,200.0,4,4,,{},"{""4"": 4866}",0,0.0,10,40.0,ns3,899,0.5,10,12,28,,,[],[],,,13,25,
2026_07_15_01_26_56,000066,5,all-cavs,selective_edgecooper_global,grid,,,,,,,singleton,20,200.0,5,5,,{},"{""5"": 4912}",0,0.0,10,40.0,ns3,899,0.5,10,12,28,,,[],[],,,13,15,
2026_07_15_01_26_56,000066,6,all-cavs,selective_edgecooper_global,grid,,,,,,,singleton,20,200.0,6,6;15,15,"{""15"": 49}","{""6"": 4590, ""15"": 4709}",75344,4.1904338153503895,10,40.0,ns3,899,0.5,10,12,28,,,[],[],,15,14,17,
2026_07_15_01_26_56,000066,7,all-cavs,selective_edgecooper_global,grid,,,,,,,singleton,20,200.0,7,7;12,12,"{""12"": 53}","{""7"": 4902, ""12"": 4739}",75824,4.217130144605116,10,40.0,ns3,899,0.5,10,12,28,,,[],[],,12,18,29,
2026_07_15_01_26_56,000066,8,all-cavs,selective_edgecooper_global,grid,,,,,,,singleton,20,200.0,8,8,,{},"{""8"": 4838}",0,0.0,10,40.0,ns3,899,0.5,10,12,28,,,[],[],,,11,24,
2026_07_15_01_26_56,000066,9,all-cavs,selective_edgecooper_global,grid,,,,,,,singleton,20,200.0,9,9,,{},"{""9"": 4856}",0,0.0,10,40.0,ns3,899,0.5,10,12,28,,,[],[],,,16,18,
2026_07_15_01_26_56,000066,10,all-cavs,selective_edgecooper_global,grid,,,,,,,singleton,20,200.0,10,10;8,8,"{""8"": 52}","{""8"": 4706, ""10"": 4946}",75296,4.1877641824249165,10,40.0,ns3,899,0.5,10,12,28,,,[],[],,8,22,34,
2026_07_15_01_26_56,000066,11,all-cavs,selective_edgecooper_global,grid,,,,,,,singleton,20,200.0,11,11;9,9,"{""9"": 50}","{""9"": 4845, ""11"": 4913}",77520,4.3114571746384875,10,40.0,ns3,899,0.5,10,12,28,,,[],[],,9,28,33,
2026_07_15_01_26_56,000066,12,all-cavs,selective_edgecooper_global,grid,,,,,,,singleton,20,200.0,12,12,,{},"{""12"": 4884}",0,0.0,10,40.0,ns3,899,0.5,10,12,28,,,[],[],,,9,18,
2026_07_15_01_26_56,000066,13,all-cavs,selective_edgecooper_global,grid,,,,,,,singleton,20,200.0,13,13,,{},"{""13"": 4794}",0,0.0,10,40.0,ns3,899,0.5,10,12,28,,,[],[],,,11,15,
2026_07_15_01_26_56,000066,14,all-cavs,selective_edgecooper_global,grid,,,,,,,singleton,20,200.0,14,14,,{},"{""14"": 5042}",0,0.0,10,40.0,ns3,899,0.5,10,12,28,,,[],[],,,4,4,
2026_07_15_01_26_56,000066,15,all-cavs,selective_edgecooper_global,grid,,,,,,,singleton,20,200.0,15,15,,{},"{""15"": 4740}",0,0.0,10,40.0,ns3,899,0.5,10,12,28,,,[],[],,,12,9,
2026_07_15_01_26_56,000066,16,all-cavs,selective_edgecooper_global,grid,,,,,,,singleton,20,200.0,16,16,,{},"{""16"": 4854}",0,0.0,10,40.0,ns3,899,0.5,10,12,28,,,[],[],,,18,23,
2026_07_15_01_26_56,000066,17,all-cavs,selective_edgecooper_global,grid,,,,,,,singleton,20,200.0,17,17;16,16,"{""16"": 53}","{""16"": 4836, ""17"": 4984}",77376,4.303448275862069,10,40.0,ns3,899,0.5,10,12,28,,,[],[],,16,23,27,
2026_07_15_01_26_56,000066,18,all-cavs,selective_edgecooper_global,grid,,,,,,,singleton,20,200.0,18,18,,{},"{""18"": 5001}",0,0.0,10,40.0,ns3,899,0.5,10,12,28,,,[],[],,,14,12,
2026_07_15_01_26_56,000066,19,all-cavs,selective_edgecooper_global,grid,,,,,,,singleton,20,200.0,19,19;5,5,"{""5"": 53}","{""5"": 4883, ""19"": 4818}",78128,4.345272525027808,10,40.0,ns3,899,0.5,10,12,28,,,[],[],,5,13,17,
2026_07_15_01_26_56,000066,20,all-cavs,selective_edgecooper_global,grid,,,,,,,singleton,20,200.0,20,20,,{},"{""20"": 4909}",0,0.0,10,40.0,ns3,899,0.5,10,12,28,,,[],[],,,17,19,
2026_07_15_01_26_56,000068,1,all-cavs,selective_edgecooper_global,grid,,,,,,,singleton,20,200.0,1,1,,{},"{""1"": 4924}",0,0.0,10,40.0,ns3,899,0.5,10,12,28,,,[],[],,,16,16,
2026_07_15_01_26_56,000068,2,all-cavs,selective_edgecooper_global,grid,,,,,,,singleton,20,200.0,2,2;8,8,"{""8"": 53}","{""2"": 4870, ""8"": 4802}",76832,4.273192436040045,10,40.0,ns3,899,0.5,10,12,28,,,[],[],,8,19,38,
2026_07_15_01_26_56,000068,3,all-cavs,selective_edgecooper_global,grid,,,,,,,singleton,20,200.0,3,3;18,18,"{""18"": 54}","{""3"": 4987, ""18"": 4906}",78496,4.365739710789766,10,40.0,ns3,899,0.5,10,12,28,,,[],[],,18,17,18,
2026_07_15_01_26_56,000068,4,all-cavs,selective_edgecooper_global,grid,,,,,,,singleton,20,200.0,4,4;1,1,"{""1"": 46}","{""1"": 4905, ""4"": 4848}",78480,4.364849833147942,10,40.0,ns3,899,0.5,10,12,28,,,[],[],,1,24,30,
2026_07_15_01_26_56,000068,5,all-cavs,selective_edgecooper_global,grid,,,,,,,singleton,20,200.0,5,5,,{},"{""5"": 4912}",0,0.0,10,40.0,ns3,899,0.5,10,12,28,,,[],[],,,12,16,
2026_07_15_01_26_56,000068,6,all-cavs,selective_edgecooper_global,grid,,,,,,,singleton,20,200.0,6,6;15,15,"{""15"": 50}","{""6"": 4599, ""15"": 4712}",75392,4.193103448275862,10,40.0,ns3,899,0.5,10,12,28,,,[],[],,15,13,16,
2026_07_15_01_26_56,000068,7,all-cavs,selective_edgecooper_global,grid,,,,,,,singleton,20,200.0,7,7;12,12,"{""12"": 53}","{""7"": 4901, ""12"": 4737}",75792,4.215350389321468,10,40.0,ns3,899,0.5,10,12,28,,,[],[],,12,18,27,
2026_07_15_01_26_56,000068,8,all-cavs,selective_edgecooper_global,grid,,,,,,,singleton,20,200.0,8,8,,{},"{""8"": 4838}",0,0.0,10,40.0,ns3,899,0.5,10,12,28,,,[],[],,,13,23,
2026_07_15_01_26_56,000068,9,all-cavs,selective_edgecooper_global,grid,,,,,,,singleton,20,200.0,9,9,,{},"{""9"": 4858}",0,0.0,10,40.0,ns3,899,0.5,10,12,28,,,[],[],,,16,19,
2026_07_15_01_26_56,000068,10,all-cavs,selective_edgecooper_global,grid,,,,,,,singleton,20,200.0,10,10,,{},"{""10"": 4934}",0,0.0,10,40.0,ns3,899,0.5,10,12,28,,,[],[],,,14,27,
2026_07_15_01_26_56,000068,11,all-cavs,selective_edgecooper_global,grid,,,,,,,singleton,20,200.0,11,11;9,9,"{""9"": 50}","{""9"": 4847, ""11"": 4911}",77552,4.313236929922136,10,40.0,ns3,899,0.5,10,12,28,,,[],[],,9,28,33,
2026_07_15_01_26_56,000068,12,all-cavs,selective_edgecooper_global,grid,,,,,,,singleton,20,200.0,12,12,,{},"{""12"": 4882}",0,0.0,10,40.0,ns3,899,0.5,10,12,28,,,[],[],,,9,19,
2026_07_15_01_26_56,000068,13,all-cavs,selective_edgecooper_global,grid,,,,,,,singleton,20,200.0,13,13,,{},"{""13"": 4795}",0,0.0,10,40.0,ns3,899,0.5,10,12,28,,,[],[],,,11,15,
2026_07_15_01_26_56,000068,14,all-cavs,selective_edgecooper_global,grid,,,,,,,singleton,20,200.0,14,14,,{},"{""14"": 5028}",0,0.0,10,40.0,ns3,899,0.5,10,12,28,,,[],[],,,3,4,
2026_07_15_01_26_56,000068,15,all-cavs,selective_edgecooper_global,grid,,,,,,,singleton,20,200.0,15,15,,{},"{""15"": 4743}",0,0.0,10,40.0,ns3,899,0.5,10,12,28,,,[],[],,,15,8,
2026_07_15_01_26_56,000068,16,all-cavs,selective_edgecooper_global,grid,,,,,,,singleton,20,200.0,16,16;10,10,"{""10"": 54}","{""10"": 4892, ""16"": 4887}",78272,4.353281423804226,10,40.0,ns3,899,0.5,10,12,28,,,[],[],,10,25,37,
2026_07_15_01_26_56,000068,17,all-cavs,selective_edgecooper_global,grid,,,,,,,singleton,20,200.0,17,17,,{},"{""17"": 4976}",0,0.0,10,40.0,ns3,899,0.5,10,12,28,,,[],[],,,17,12,
2026_07_15_01_26_56,000068,18,all-cavs,selective_edgecooper_global,grid,,,,,,,singleton,20,200.0,18,18,,{},"{""18"": 5012}",0,0.0,10,40.0,ns3,899,0.5,10,12,28,,,[],[],,,13,11,
2026_07_15_01_26_56,000068,19,all-cavs,selective_edgecooper_global,grid,,,,,,,singleton,20,200.0,19,19;5,5,"{""5"": 53}","{""5"": 4883, ""19"": 4818}",78128,4.345272525027808,10,40.0,ns3,899,0.5,10,12,28,,,[],[],,5,15,16,
2026_07_15_01_26_56,000068,20,all-cavs,selective_edgecooper_global,grid,,,,,,,singleton,20,200.0,20,20,,{},"{""20"": 4909}",0,0.0,10,40.0,ns3,899,0.5,10,12,28,,,[],[],,,18,19,
2026_07_15_01_26_56,000070,1,all-cavs,selective_edgecooper_global,grid,,,,,,,singleton,20,200.0,1,1,,{},"{""1"": 4925}",0,0.0,10,40.0,ns3,899,0.5,10,12,28,,,[],[],,,14,16,
2026_07_15_01_26_56,000070,2,all-cavs,selective_edgecooper_global,grid,,,,,,,singleton,20,200.0,2,2;8,8,"{""8"": 54}","{""2"": 4882, ""8"": 4802}",76832,4.273192436040045,10,40.0,ns3,899,0.5,10,12,28,,,[],[],,8,20,40,
2026_07_15_01_26_56,000070,3,all-cavs,selective_edgecooper_global,grid,,,,,,,singleton,20,200.0,3,3;18,18,"{""18"": 52}","{""3"": 4953, ""18"": 4945}",79120,4.400444938820913,10,40.0,ns3,899,0.5,10,12,28,,,[],[],,18,20,18,
2026_07_15_01_26_56,000070,4,all-cavs,selective_edgecooper_global,grid,,,,,,,singleton,20,200.0,4,4;1,1,"{""1"": 46}","{""1"": 4906, ""4"": 4851}",78496,4.365739710789766,10,40.0,ns3,899,0.5,10,12,28,,,[],[],,1,23,31,
2026_07_15_01_26_56,000070,5,all-cavs,selective_edgecooper_global,grid,,,,,,,singleton,20,200.0,5,5,,{},"{""5"": 4907}",0,0.0,10,40.0,ns3,899,0.5,10,12,28,,,[],[],,,13,15,
2026_07_15_01_26_56,000070,6,all-cavs,selective_edgecooper_global,grid,,,,,,,singleton,20,200.0,6,6;15,15,"{""15"": 48}","{""6"": 4608, ""15"": 4711}",75376,4.1922135706340375,10,40.0,ns3,899,0.5,10,12,28,,,[],[],,15,16,16,
2026_07_15_01_26_56,000070,7,all-cavs,selective_edgecooper_global,grid,,,,,,,singleton,20,200.0,7,7;12,12,"{""12"": 55}","{""7"": 4909, ""12"": 4759}",76144,4.234927697441602,10,40.0,ns3,899,0.5,10,12,28,,,[],[],,12,18,28,
2026_07_15_01_26_56,000070,8,all-cavs,selective_edgecooper_global,grid,,,,,,,singleton,20,200.0,8,8,,{},"{""8"": 4840}",0,0.0,10,40.0,ns3,899,0.5,10,12,28,,,[],[],,,12,24,
2026_07_15_01_26_56,000070,9,all-cavs,selective_edgecooper_global,grid,,,,,,,singleton,20,200.0,9,9,,{},"{""9"": 4857}",0,0.0,10,40.0,ns3,899,0.5,10,12,28,,,[],[],,,16,18,
2026_07_15_01_26_56,000070,10,all-cavs,selective_edgecooper_global,grid,,,,,,,singleton,20,200.0,10,10,,{},"{""10"": 4949}",0,0.0,10,40.0,ns3,899,0.5,10,12,28,,,[],[],,,15,28,
2026_07_15_01_26_56,000070,11,all-cavs,selective_edgecooper_global,grid,,,,,,,singleton,20,200.0,11,11;9,9,"{""9"": 50}","{""9"": 4846, ""11"": 4909}",77536,4.312347052280312,10,40.0,ns3,899,0.5,10,12,28,,,[],[],,9,29,32,
2026_07_15_01_26_56,000070,12,all-cavs,selective_edgecooper_global,grid,,,,,,,singleton,20,200.0,12,12,,{},"{""12"": 4888}",0,0.0,10,40.0,ns3,899,0.5,10,12,28,,,[],[],,,10,19,
2026_07_15_01_26_56,000070,13,all-cavs,selective_edgecooper_global,grid,,,,,,,singleton,20,200.0,13,13,,{},"{""13"": 4795}",0,0.0,10,40.0,ns3,899,0.5,10,12,28,,,[],[],,,11,15,
2026_07_15_01_26_56,000070,14,all-cavs,selective_edgecooper_global,grid,,,,,,,singleton,20,200.0,14,14,,{},"{""14"": 5031}",0,0.0,10,40.0,ns3,899,0.5,10,12,28,,,[],[],,,3,4,
2026_07_15_01_26_56,000070,15,all-cavs,selective_edgecooper_global,grid,,,,,,,singleton,20,200.0,15,15,,{},"{""15"": 4740}",0,0.0,10,40.0,ns3,899,0.5,10,12,28,,,[],[],,,15,8,
2026_07_15_01_26_56,000070,16,all-cavs,selective_edgecooper_global,grid,,,,,,,singleton,20,200.0,16,16;10,10,"{""10"": 54}","{""10"": 4934, ""16"": 4856}",78944,4.390656284760846,10,40.0,ns3,899,0.5,10,12,28,,,[],[],,10,17,40,
2026_07_15_01_26_56,000070,17,all-cavs,selective_edgecooper_global,grid,,,,,,,singleton,20,200.0,17,17,,{},"{""17"": 4972}",0,0.0,10,40.0,ns3,899,0.5,10,12,28,,,[],[],,,16,12,
2026_07_15_01_26_56,000070,18,all-cavs,selective_edgecooper_global,grid,,,,,,,singleton,20,200.0,18,18,,{},"{""18"": 5042}",0,0.0,10,40.0,ns3,899,0.5,10,12,28,,,[],[],,,14,11,
2026_07_15_01_26_56,000070,19,all-cavs,selective_edgecooper_global,grid,,,,,,,singleton,20,200.0,19,19;5,5,"{""5"": 52}","{""5"": 4878, ""19"": 4824}",78048,4.340823136818687,10,40.0,ns3,899,0.5,10,12,28,,,[],[],,5,16,17,
2026_07_15_01_26_56,000070,20,all-cavs,selective_edgecooper_global,grid,,,,,,,singleton,20,200.0,20,20,,{},"{""20"": 4909}",0,0.0,10,40.0,ns3,899,0.5,10,12,28,,,[],[],,,18,19,
2026_07_15_01_26_56,000072,1,all-cavs,selective_edgecooper_global,grid,,,,,,,singleton,20,200.0,1,1,,{},"{""1"": 4928}",0,0.0,10,40.0,ns3,899,0.5,10,12,28,,,[],[],,,15,15,
2026_07_15_01_26_56,000072,2,all-cavs,selective_edgecooper_global,grid,,,,,,,singleton,20,200.0,2,2;8,8,"{""8"": 54}","{""2"": 4864, ""8"": 4804}",76864,4.274972191323693,10,40.0,ns3,899,0.5,10,12,28,,,[],[],,8,22,42,
2026_07_15_01_26_56,000072,3,all-cavs,selective_edgecooper_global,grid,,,,,,,singleton,20,200.0,3,3;18,18,"{""18"": 52}","{""3"": 4951, ""18"": 4907}",78512,4.36662958843159,10,40.0,ns3,899,0.5,10,12,28,,,[],[],,18,20,18,
2026_07_15_01_26_56,000072,4,all-cavs,selective_edgecooper_global,grid,,,,,,,singleton,20,200.0,4,4;1,1,"{""1"": 47}","{""1"": 4910, ""4"": 4868}",78560,4.369299221357063,10,40.0,ns3,899,0.5,10,12,28,,,[],[],,1,20,29,
2026_07_15_01_26_56,000072,5,all-cavs,selective_edgecooper_global,grid,,,,,,,singleton,20,200.0,5,5,,{},"{""5"": 4908}",0,0.0,10,40.0,ns3,899,0.5,10,12,28,,,[],[],,,9,15,
2026_07_15_01_26_56,000072,6,all-cavs,selective_edgecooper_global,grid,,,,,,,singleton,20,200.0,6,6;15,15,"{""15"": 49}","{""6"": 4599, ""15"": 4729}",75664,4.208231368186874,10,40.0,ns3,899,0.5,10,12,28,,,[],[],,15,15,18,
2026_07_15_01_26_56,000072,7,all-cavs,selective_edgecooper_global,grid,,,,,,,singleton,20,200.0,7,7;12,12,"{""12"": 54}","{""7"": 4909, ""12"": 4765}",76240,4.240266963292548,10,40.0,ns3,899,0.5,10,12,28,,,[],[],,12,17,27,
2026_07_15_01_26_56,000072,8,all-cavs,selective_edgecooper_global,grid,,,,,,,singleton,20,200.0,8,8,,{},"{""8"": 4842}",0,0.0,10,40.0,ns3,899,0.5,10,12,28,,,[],[],,,12,24,
2026_07_15_01_26_56,000072,9,all-cavs,selective_edgecooper_global,grid,,,,,,,singleton,20,200.0,9,9,,{},"{""9"": 4857}",0,0.0,10,40.0,ns3,899,0.5,10,12,28,,,[],[],,,16,18,
2026_07_15_01_26_56,000072,10,all-cavs,selective_edgecooper_global,grid,,,,,,,singleton,20,200.0,10,10,,{},"{""10"": 4930}",0,0.0,10,40.0,ns3,899,0.5,10,12,28,,,[],[],,,17,26,
2026_07_15_01_26_56,000072,11,all-cavs,selective_edgecooper_global,grid,,,,,,,singleton,20,200.0,11,11;9,9,"{""9"": 50}","{""9"": 4847, ""11"": 4908}",77552,4.313236929922136,10,40.0,ns3,899,0.5,10,12,28,,,[],[],,9,28,32,
2026_07_15_01_26_56,000072,12,all-cavs,selective_edgecooper_global,grid,,,,,,,singleton,20,200.0,12,12,,{},"{""12"": 4892}",0,0.0,10,40.0,ns3,899,0.5,10,12,28,,,[],[],,,8,15,
2026_07_15_01_26_56,000072,13,all-cavs,selective_edgecooper_global,grid,,,,,,,singleton,20,200.0,13,13,,{},"{""13"": 4800}",0,0.0,10,40.0,ns3,899,0.5,10,12,28,,,[],[],,,10,14,
2026_07_15_01_26_56,000072,14,all-cavs,selective_edgecooper_global,grid,,,,,,,singleton,20,200.0,14,14,,{},"{""14"": 5044}",0,0.0,10,40.0,ns3,899,0.5,10,12,28,,,[],[],,,3,4,
2026_07_15_01_26_56,000072,15,all-cavs,selective_edgecooper_global,grid,,,,,,,singleton,20,200.0,15,15,,{},"{""15"": 4748}",0,0.0,10,40.0,ns3,899,0.5,10,12,28,,,[],[],,,11,9,
2026_07_15_01_26_56,000072,16,all-cavs,selective_edgecooper_global,grid,,,,,,,singleton,20,200.0,16,16;10,10,"{""10"": 55}","{""10"": 4920, ""16"": 4868}",78720,4.378197997775306,10,40.0,ns3,899,0.5,10,12,28,,,[],[],,10,22,39,
2026_07_15_01_26_56,000072,17,all-cavs,selective_edgecooper_global,grid,,,,,,,singleton,20,200.0,17,17,,{},"{""17"": 4977}",0,0.0,10,40.0,ns3,899,0.5,10,12,28,,,[],[],,,17,12,
2026_07_15_01_26_56,000072,18,all-cavs,selective_edgecooper_global,grid,,,,,,,singleton,20,200.0,18,18,,{},"{""18"": 5002}",0,0.0,10,40.0,ns3,899,0.5,10,12,28,,,[],[],,,13,11,
2026_07_15_01_26_56,000072,19,all-cavs,selective_edgecooper_global,grid,,,,,,,singleton,20,200.0,19,19;5,5,"{""5"": 52}","{""5"": 4878, ""19"": 4826}",78048,4.340823136818687,10,40.0,ns3,899,0.5,10,12,28,,,[],[],,5,15,17,
2026_07_15_01_26_56,000072,20,all-cavs,selective_edgecooper_global,grid,,,,,,,singleton,20,200.0,20,20,,{},"{""20"": 4907}",0,0.0,10,40.0,ns3,899,0.5,10,12,28,,,[],[],,,18,19,
2026_07_15_01_26_56,000074,1,all-cavs,selective_edgecooper_global,grid,,,,,,,singleton,20,200.0,1,1,,{},"{""1"": 4931}",0,0.0,10,40.0,ns3,899,0.5,10,12,28,,,[],[],,,17,15,
2026_07_15_01_26_56,000074,2,all-cavs,selective_edgecooper_global,grid,,,,,,,singleton,20,200.0,2,2;8,8,"{""8"": 53}","{""2"": 4872, ""8"": 4804}",76864,4.274972191323693,10,40.0,ns3,899,0.5,10,12,28,,,[],[],,8,23,42,
2026_07_15_01_26_56,000074,3,all-cavs,selective_edgecooper_global,grid,,,,,,,singleton,20,200.0,3,3;18,18,"{""18"": 52}","{""3"": 4963, ""18"": 4879}",78064,4.341713014460511,10,40.0,ns3,899,0.5,10,12,28,,,[],[],,18,19,18,
2026_07_15_01_26_56,000074,4,all-cavs,selective_edgecooper_global,grid,,,,,,,singleton,20,200.0,4,4;1,1,"{""1"": 46}","{""1"": 4913, ""4"": 4850}",78608,4.371968854282536,10,40.0,ns3,899,0.5,10,12,28,,,[],[],,1,24,29,
2026_07_15_01_26_56,000074,5,all-cavs,selective_edgecooper_global,grid,,,,,,,singleton,20,200.0,5,5,,{},"{""5"": 4914}",0,0.0,10,40.0,ns3,899,0.5,10,12,28,,,[],[],,,12,16,
2026_07_15_01_26_56,000074,6,all-cavs,selective_edgecooper_global,grid,,,,,,,singleton,20,200.0,6,6;15,15,"{""15"": 47}","{""6"": 4599, ""15"": 4723}",75568,4.2028921023359285,10,40.0,ns3,899,0.5,10,12,28,,,[],[],,15,15,18,
2026_07_15_01_26_56,000074,7,all-cavs,selective_edgecooper_global,grid,,,,,,,singleton,20,200.0,7,7;12,12,"{""12"": 53}","{""7"": 4926, ""12"": 4757}",76112,4.233147942157954,10,40.0,ns3,899,0.5,10,12,28,,,[],[],,12,20,28,
2026_07_15_01_26_56,000074,8,all-cavs,selective_edgecooper_global,grid,,,,,,,singleton,20,200.0,8,8,,{},"{""8"": 4842}",0,0.0,10,40.0,ns3,899,0.5,10,12,28,,,[],[],,,14,24,
2026_07_15_01_26_56,000074,9,all-cavs,selective_edgecooper_global,grid,,,,,,,singleton,20,200.0,9,9,,{},"{""9"": 4857}",0,0.0,10,40.0,ns3,899,0.5,10,12,28,,,[],[],,,15,18,
2026_07_15_01_26_56,000074,10,all-cavs,selective_edgecooper_global,grid,,,,,,,singleton,20,200.0,10,10,,{},"{""10"": 4948}",0,0.0,10,40.0,ns3,899,0.5,10,12,28,,,[],[],,,17,26,
2026_07_15_01_26_56,000074,11,all-cavs,selective_edgecooper_global,grid,,,,,,,singleton,20,200.0,11,11;9,9,"{""9"": 50}","{""9"": 4847, ""11"": 4906}",77552,4.313236929922136,10,40.0,ns3,899,0.5,10,12,28,,,[],[],,9,27,31,
2026_07_15_01_26_56,000074,12,all-cavs,selective_edgecooper_global,grid,,,,,,,singleton,20,200.0,12,12,,{},"{""12"": 4881}",0,0.0,10,40.0,ns3,899,0.5,10,12,28,,,[],[],,,10,18,
2026_07_15_01_26_56,000074,13,all-cavs,selective_edgecooper_global,grid,,,,,,,singleton,20,200.0,13,13,,{},"{""13"": 4800}",0,0.0,10,40.0,ns3,899,0.5,10,12,28,,,[],[],,,9,15,
2026_07_15_01_26_56,000074,14,all-cavs,selective_edgecooper_global,grid,,,,,,,singleton,20,200.0,14,14,,{},"{""14"": 5017}",0,0.0,10,40.0,ns3,899,0.5,10,12,28,,,[],[],,,3,4,
2026_07_15_01_26_56,000074,15,all-cavs,selective_edgecooper_global,grid,,,,,,,singleton,20,200.0,15,15,,{},"{""15"": 4753}",0,0.0,10,40.0,ns3,899,0.5,10,12,28,,,[],[],,,12,9,
2026_07_15_01_26_56,000074,16,all-cavs,selective_edgecooper_global,grid,,,,,,,singleton,20,200.0,16,16;10,10,"{""10"": 55}","{""10"": 4940, ""16"": 4872}",79040,4.395995550611791,10,40.0,ns3,899,0.5,10,12,28,,,[],[],,10,28,38,
2026_07_15_01_26_56,000074,17,all-cavs,selective_edgecooper_global,grid,,,,,,,singleton,20,200.0,17,17,,{},"{""17"": 4954}",0,0.0,10,40.0,ns3,899,0.5,10,12,28,,,[],[],,,18,12,
2026_07_15_01_26_56,000074,18,all-cavs,selective_edgecooper_global,grid,,,,,,,singleton,20,200.0,18,18,,{},"{""18"": 4980}",0,0.0,10,40.0,ns3,899,0.5,10,12,28,,,[],[],,,12,11,
2026_07_15_01_26_56,000074,19,all-cavs,selective_edgecooper_global,grid,,,,,,,singleton,20,200.0,19,19;5,5,"{""5"": 51}","{""5"": 4894, ""19"": 4825}",78304,4.355061179087875,10,40.0,ns3,899,0.5,10,12,28,,,[],[],,5,14,17,
2026_07_15_01_26_56,000074,20,all-cavs,selective_edgecooper_global,grid,,,,,,,singleton,20,200.0,20,20,,{},"{""20"": 4907}",0,0.0,10,40.0,ns3,899,0.5,10,12,28,,,[],[],,,17,18,
2026_07_15_01_26_56,000076,1,all-cavs,selective_edgecooper_global,grid,,,,,,,singleton,20,200.0,1,1,,{},"{""1"": 4934}",0,0.0,10,40.0,ns3,899,0.5,10,12,28,,,[],[],,,15,16,
2026_07_15_01_26_56,000076,2,all-cavs,selective_edgecooper_global,grid,,,,,,,singleton,20,200.0,2,2;8,8,"{""8"": 53}","{""2"": 4873, ""8"": 4803}",76848,4.274082313681869,10,40.0,ns3,899,0.5,10,12,28,,,[],[],,8,21,41,
2026_07_15_01_26_56,000076,3,all-cavs,selective_edgecooper_global,grid,,,,,,,singleton,20,200.0,3,3;18,18,"{""18"": 53}","{""3"": 4935, ""18"": 4890}",78240,4.351501668520578,10,40.0,ns3,899,0.5,10,12,28,,,[],[],,18,21,18,
2026_07_15_01_26_56,000076,4,all-cavs,selective_edgecooper_global,grid,,,,,,,singleton,20,200.0,4,4;1,1,"{""1"": 46}","{""1"": 4916, ""4"": 4853}",78656,4.374638487208009,10,40.0,ns3,899,0.5,10,12,28,,,[],[],,1,21,29,
2026_07_15_01_26_56,000076,5,all-cavs,selective_edgecooper_global,grid,,,,,,,singleton,20,200.0,5,5,,{},"{""5"": 4910}",0,0.0,10,40.0,ns3,899,0.5,10,12,28,,,[],[],,,15,15,
2026_07_15_01_26_56,000076,6,all-cavs,selective_edgecooper_global,grid,,,,,,,singleton,20,200.0,6,6;15,15,"{""15"": 45}","{""6"": 4624, ""15"": 4721}",75536,4.20111234705228,10,40.0,ns3,899,0.5,10,12,28,,,[],[],,15,16,18,
2026_07_15_01_26_56,000076,7,all-cavs,selective_edgecooper_global,grid,,,,,,,singleton,20,200.0,7,7;12,12,"{""12"": 52}","{""7"": 4905, ""12"": 4791}",76656,4.263403781979978,10,40.0,ns3,899,0.5,10,12,28,,,[],[],,12,18,28,
2026_07_15_01_26_56,000076,8,all-cavs,selective_edgecooper_global,grid,,,,,,,singleton,20,200.0,8,8,,{},"{""8"": 4841}",0,0.0,10,40.0,ns3,899,0.5,10,12,28,,,[],[],,,13,24,
2026_07_15_01_26_56,000076,9,all-cavs,selective_edgecooper_global,grid,,,,,,,singleton,20,200.0,9,9,,{},"{""9"": 4859}",0,0.0,10,40.0,ns3,899,0.5,10,12,28,,,[],[],,,15,19,
2026_07_15_01_26_56,000076,10,all-cavs,selective_edgecooper_global,grid,,,,,,,singleton,20,200.0,10,10,,{},"{""10"": 4943}",0,0.0,10,40.0,ns3,899,0.5,10,12,28,,,[],[],,,20,25,
2026_07_15_01_26_56,000076,11,all-cavs,selective_edgecooper_global,grid,,,,,,,singleton,20,200.0,11,11;9,9,"{""9"": 51}","{""9"": 4848, ""11"": 4905}",77568,4.31412680756396,10,40.0,ns3,899,0.5,10,12,28,,,[],[],,9,28,32,
2026_07_15_01_26_56,000076,12,all-cavs,selective_edgecooper_global,grid,,,,,,,singleton,20,200.0,12,12,,{},"{""12"": 4903}",0,0.0,10,40.0,ns3,899,0.5,10,12,28,,,[],[],,,10,16,
2026_07_15_01_26_56,000076,13,all-cavs,selective_edgecooper_global,grid,,,,,,,singleton,20,200.0,13,13,,{},"{""13"": 4773}",0,0.0,10,40.0,ns3,899,0.5,10,12,28,,,[],[],,,11,15,
2026_07_15_01_26_56,000076,14,all-cavs,selective_edgecooper_global,grid,,,,,,,singleton,20,200.0,14,14,,{},"{""14"": 5022}",0,0.0,10,40.0,ns3,899,0.5,10,12,28,,,[],[],,,3,4,
2026_07_15_01_26_56,000076,15,all-cavs,selective_edgecooper_global,grid,,,,,,,singleton,20,200.0,15,15,,{},"{""15"": 4754}",0,0.0,10,40.0,ns3,899,0.5,10,12,28,,,[],[],,,14,9,
2026_07_15_01_26_56,000076,16,all-cavs,selective_edgecooper_global,grid,,,,,,,singleton,20,200.0,16,16;10,10,"{""10"": 56}","{""10"": 4933, ""16"": 4885}",78928,4.389766407119022,10,40.0,ns3,899,0.5,10,12,28,,,[],[],,10,24,37,
2026_07_15_01_26_56,000076,17,all-cavs,selective_edgecooper_global,grid,,,,,,,singleton,20,200.0,17,17,,{},"{""17"": 5003}",0,0.0,10,40.0,ns3,899,0.5,10,12,28,,,[],[],,,16,13,
2026_07_15_01_26_56,000076,18,all-cavs,selective_edgecooper_global,grid,,,,,,,singleton,20,200.0,18,18,,{},"{""18"": 4986}",0,0.0,10,40.0,ns3,899,0.5,10,12,28,,,[],[],,,13,11,
2026_07_15_01_26_56,000076,19,all-cavs,selective_edgecooper_global,grid,,,,,,,singleton,20,200.0,19,19;5,5,"{""5"": 52}","{""5"": 4889, ""19"": 4821}",78224,4.350611790878754,10,40.0,ns3,899,0.5,10,12,28,,,[],[],,5,15,16,
2026_07_15_01_26_56,000076,20,all-cavs,selective_edgecooper_global,grid,,,,,,,singleton,20,200.0,20,20,,{},"{""20"": 4906}",0,0.0,10,40.0,ns3,899,0.5,10,12,28,,,[],[],,,20,19,
2026_07_15_01_26_56,000078,1,all-cavs,selective_edgecooper_global,grid,,,,,,,singleton,20,200.0,1,1,,{},"{""1"": 4934}",0,0.0,10,40.0,ns3,899,0.5,10,12,28,,,[],[],,,17,16,
2026_07_15_01_26_56,000078,2,all-cavs,selective_edgecooper_global,grid,,,,,,,singleton,20,200.0,2,2;8,8,"{""8"": 53}","{""2"": 4851, ""8"": 4802}",76832,4.273192436040045,10,40.0,ns3,899,0.5,10,12,28,,,[],[],,8,19,40,
2026_07_15_01_26_56,000078,3,all-cavs,selective_edgecooper_global,grid,,,,,,,singleton,20,200.0,3,3,,{},"{""3"": 4932}",0,0.0,10,40.0,ns3,899,0.5,10,12,28,,,[],[],,,18,7,
2026_07_15_01_26_56,000078,4,all-cavs,selective_edgecooper_global,grid,,,,,,,singleton,20,200.0,4,4;1,1,"{""1"": 46}","{""1"": 4916, ""4"": 4858}",78656,4.374638487208009,10,40.0,ns3,899,0.5,10,12,28,,,[],[],,1,26,31,
2026_07_15_01_26_56,000078,5,all-cavs,selective_edgecooper_global,grid,,,,,,,singleton,20,200.0,5,5,,{},"{""5"": 4911}",0,0.0,10,40.0,ns3,899,0.5,10,12,28,,,[],[],,,10,15,
2026_07_15_01_26_56,000078,6,all-cavs,selective_edgecooper_global,grid,,,,,,,singleton,20,200.0,6,6;15,15,"{""15"": 44}","{""6"": 4635, ""15"": 4698}",75168,4.180645161290323,10,40.0,ns3,899,0.5,10,12,28,,,[],[],,15,16,19,
2026_07_15_01_26_56,000078,7,all-cavs,selective_edgecooper_global,grid,,,,,,,singleton,20,200.0,7,7;12,12,"{""12"": 53}","{""7"": 4919, ""12"": 4790}",76640,4.262513904338154,10,40.0,ns3,899,0.5,10,12,28,,,[],[],,12,18,26,
2026_07_15_01_26_56,000078,8,all-cavs,selective_edgecooper_global,grid,,,,,,,singleton,20,200.0,8,8,,{},"{""8"": 4841}",0,0.0,10,40.0,ns3,899,0.5,10,12,28,,,[],[],,,12,24,
2026_07_15_01_26_56,000078,9,all-cavs,selective_edgecooper_global,grid,,,,,,,singleton,20,200.0,9,9,,{},"{""9"": 4857}",0,0.0,10,40.0,ns3,899,0.5,10,12,28,,,[],[],,,16,19,
2026_07_15_01_26_56,000078,10,all-cavs,selective_edgecooper_global,grid,,,,,,,singleton,20,200.0,10,10,,{},"{""10"": 4935}",0,0.0,10,40.0,ns3,899,0.5,10,12,28,,,[],[],,,18,26,
2026_07_15_01_26_56,000078,11,all-cavs,selective_edgecooper_global,grid,,,,,,,singleton,20,200.0,11,11;9,9,"{""9"": 51}","{""9"": 4845, ""11"": 4907}",77520,4.3114571746384875,10,40.0,ns3,899,0.5,10,12,28,,,[],[],,9,30,33,
2026_07_15_01_26_56,000078,12,all-cavs,selective_edgecooper_global,grid,,,,,,,singleton,20,200.0,12,12,,{},"{""12"": 4895}",0,0.0,10,40.0,ns3,899,0.5,10,12,28,,,[],[],,,10,16,
2026_07_15_01_26_56,000078,13,all-cavs,selective_edgecooper_global,grid,,,,,,,singleton,20,200.0,13,13,,{},"{""13"": 4778}",0,0.0,10,40.0,ns3,899,0.5,10,12,28,,,[],[],,,11,14,
2026_07_15_01_26_56,000078,14,all-cavs,selective_edgecooper_global,grid,,,,,,,singleton,20,200.0,14,14,,{},"{""14"": 5015}",0,0.0,10,40.0,ns3,899,0.5,10,12,28,,,[],[],,,4,3,
2026_07_15_01_26_56,000078,15,all-cavs,selective_edgecooper_global,grid,,,,,,,singleton,20,200.0,15,15,,{},"{""15"": 4753}",0,0.0,10,40.0,ns3,899,0.5,10,12,28,,,[],[],,,13,9,
2026_07_15_01_26_56,000078,16,all-cavs,selective_edgecooper_global,grid,,,,,,,singleton,20,200.0,16,16;10,10,"{""10"": 51}","{""10"": 4922, ""16"": 4880}",78752,4.379977753058955,10,40.0,ns3,899,0.5,10,12,28,,,[],[],,10,24,37,
2026_07_15_01_26_56,000078,17,all-cavs,selective_edgecooper_global,grid,,,,,,,singleton,20,200.0,17,17;18,18,"{""18"": 54}","{""17"": 4995, ""18"": 4987}",79792,4.437819799777531,10,40.0,ns3,899,0.5,10,12,28,,,[],[],,18,19,18,
2026_07_15_01_26_56,000078,18,all-cavs,selective_edgecooper_global,grid,,,,,,,singleton,20,200.0,18,18,,{},"{""18"": 5018}",0,0.0,10,40.0,ns3,899,0.5,10,12,28,,,[],[],,,13,10,
2026_07_15_01_26_56,000078,19,all-cavs,selective_edgecooper_global,grid,,,,,,,singleton,20,200.0,19,19;5,5,"{""5"": 50}","{""5"": 4890, ""19"": 4823}",78240,4.351501668520578,10,40.0,ns3,899,0.5,10,12,28,,,[],[],,5,18,16,
2026_07_15_01_26_56,000078,20,all-cavs,selective_edgecooper_global,grid,,,,,,,singleton,20,200.0,20,20,,{},"{""20"": 4908}",0,0.0,10,40.0,ns3,899,0.5,10,12,28,,,[],[],,,19,19,
2026_07_15_01_26_56,000080,1,all-cavs,selective_edgecooper_global,grid,,,,,,,singleton,20,200.0,1,1,,{},"{""1"": 4933}",0,0.0,10,40.0,ns3,899,0.5,10,12,28,,,[],[],,,16,16,
2026_07_15_01_26_56,000080,2,all-cavs,selective_edgecooper_global,grid,,,,,,,singleton,20,200.0,2,2,,{},"{""2"": 4849}",0,0.0,10,40.0,ns3,899,0.5,10,12,28,,,[],[],,,18,25,
2026_07_15_01_26_56,000080,3,all-cavs,selective_edgecooper_global,grid,,,,,,,singleton,20,200.0,3,3;18,18,"{""18"": 54}","{""3"": 4937, ""18"": 4885}",78160,4.347052280311457,10,40.0,ns3,899,0.5,10,12,28,,,[],[],,18,19,18,
2026_07_15_01_26_56,000080,4,all-cavs,selective_edgecooper_global,grid,,,,,,,singleton,20,200.0,4,4;7,7,"{""7"": 58}","{""4"": 4847, ""7"": 4785}",76560,4.258064516129033,10,40.0,ns3,899,0.5,10,12,28,,,[],[],,7,20,35,
2026_07_15_01_26_56,000080,5,all-cavs,selective_edgecooper_global,grid,,,,,,,singleton,20,200.0,5,5,,{},"{""5"": 4916}",0,0.0,10,40.0,ns3,899,0.5,10,12,28,,,[],[],,,13,14,
2026_07_15_01_26_56,000080,6,all-cavs,selective_edgecooper_global,grid,,,,,,,singleton,20,200.0,6,6;15,15,"{""15"": 48}","{""6"": 4637, ""15"": 4697}",75152,4.179755283648499,10,40.0,ns3,899,0.5,10,12,28,,,[],[],,15,15,18,
2026_07_15_01_26_56,000080,7,all-cavs,selective_edgecooper_global,grid,,,,,,,singleton,20,200.0,7,7,,{},"{""7"": 4919}",0,0.0,10,40.0,ns3,899,0.5,10,12,28,,,[],[],,,13,15,
2026_07_15_01_26_56,000080,8,all-cavs,selective_edgecooper_global,grid,,,,,,,singleton,20,200.0,8,8,,{},"{""8"": 4839}",0,0.0,10,40.0,ns3,899,0.5,10,12,28,,,[],[],,,12,23,
2026_07_15_01_26_56,000080,9,all-cavs,selective_edgecooper_global,grid,,,,,,,singleton,20,200.0,9,9,,{},"{""9"": 4858}",0,0.0,10,40.0,ns3,899,0.5,10,12,28,,,[],[],,,15,19,
2026_07_15_01_26_56,000080,10,all-cavs,selective_edgecooper_global,grid,,,,,,,singleton,20,200.0,10,10;2,2,"{""2"": 48}","{""2"": 4774, ""10"": 4924}",76384,4.248275862068966,10,40.0,ns3,899,0.5,10,12,28,,,[],[],,2,31,41,
2026_07_15_01_26_56,000080,11,all-cavs,selective_edgecooper_global,grid,,,,,,,singleton,20,200.0,11,11;9,9,"{""9"": 51}","{""9"": 4846, ""11"": 4908}",77536,4.312347052280312,10,40.0,ns3,899,0.5,10,12,28,,,[],[],,9,29,35,
2026_07_15_01_26_56,000080,12,all-cavs,selective_edgecooper_global,grid,,,,,,,singleton,20,200.0,12,12;8,8,"{""8"": 51}","{""8"": 4797, ""12"": 4905}",76752,4.268743047830924,10,40.0,ns3,899,0.5,10,12,28,,,[],[],,8,18,30,
2026_07_15_01_26_56,000080,13,all-cavs,selective_edgecooper_global,grid,,,,,,,singleton,20,200.0,13,13,,{},"{""13"": 4772}",0,0.0,10,40.0,ns3,899,0.5,10,12,28,,,[],[],,,11,14,
2026_07_15_01_26_56,000080,14,all-cavs,selective_edgecooper_global,grid,,,,,,,singleton,20,200.0,14,14,,{},"{""14"": 5031}",0,0.0,10,40.0,ns3,899,0.5,10,12,28,,,[],[],,,4,3,
2026_07_15_01_26_56,000080,15,all-cavs,selective_edgecooper_global,grid,,,,,,,singleton,20,200.0,15,15,,{},"{""15"": 4751}",0,0.0,10,40.0,ns3,899,0.5,10,12,28,,,[],[],,,12,8,
2026_07_15_01_26_56,000080,16,all-cavs,selective_edgecooper_global,grid,,,,,,,singleton,20,200.0,16,16;17,17,"{""17"": 60}","{""16"": 4897, ""17"": 4842}",77472,4.308787541713015,10,40.0,ns3,899,0.5,10,12,28,,,[],[],,17,25,24,
2026_07_15_01_26_56,000080,17,all-cavs,selective_edgecooper_global,grid,,,,,,,singleton,20,200.0,17,17,,{},"{""17"": 4990}",0,0.0,10,40.0,ns3,899,0.5,10,12,28,,,[],[],,,16,13,
2026_07_15_01_26_56,000080,18,all-cavs,selective_edgecooper_global,grid,,,,,,,singleton,20,200.0,18,18,,{},"{""18"": 4986}",0,0.0,10,40.0,ns3,899,0.5,10,12,28,,,[],[],,,12,11,
2026_07_15_01_26_56,000080,19,all-cavs,selective_edgecooper_global,grid,,,,,,,singleton,20,200.0,19,19;5,5,"{""5"": 52}","{""5"": 4897, ""19"": 4821}",78352,4.357730812013348,10,40.0,ns3,899,0.5,10,12,28,,,[],[],,5,12,17,
2026_07_15_01_26_56,000080,20,all-cavs,selective_edgecooper_global,grid,,,,,,,singleton,20,200.0,20,20,,{},"{""20"": 4907}",0,0.0,10,40.0,ns3,899,0.5,10,12,28,,,[],[],,,21,19,
2026_07_15_01_26_56,000082,1,all-cavs,selective_edgecooper_global,grid,,,,,,,singleton,20,200.0,1,1,,{},"{""1"": 4932}",0,0.0,10,40.0,ns3,899,0.5,10,12,28,,,[],[],,,16,16,
2026_07_15_01_26_56,000082,2,all-cavs,selective_edgecooper_global,grid,,,,,,,singleton,20,200.0,2,2,,{},"{""2"": 4863}",0,0.0,10,40.0,ns3,899,0.5,10,12,28,,,[],[],,,17,23,
2026_07_15_01_26_56,000082,3,all-cavs,selective_edgecooper_global,grid,,,,,,,singleton,20,200.0,3,3;18,18,"{""18"": 58}","{""3"": 4948, ""18"": 4873}",77968,4.336373748609566,10,40.0,ns3,899,0.5,10,12,28,,,[],[],,18,18,18,
2026_07_15_01_26_56,000082,4,all-cavs,selective_edgecooper_global,grid,,,,,,,singleton,20,200.0,4,4;7,7,"{""7"": 57}","{""4"": 4841, ""7"": 4788}",76608,4.260734149054505,10,40.0,ns3,899,0.5,10,12,28,,,[],[],,7,21,35,
2026_07_15_01_26_56,000082,5,all-cavs,selective_edgecooper_global,grid,,,,,,,singleton,20,200.0,5,5,,{},"{""5"": 4913}",0,0.0,10,40.0,ns3,899,0.5,10,12,28,,,[],[],,,13,14,
2026_07_15_01_26_56,000082,6,all-cavs,selective_edgecooper_global,grid,,,,,,,singleton,20,200.0,6,6;15,15,"{""15"": 49}","{""6"": 4653, ""15"": 4704}",75264,4.185984427141268,10,40.0,ns3,899,0.5,10,12,28,,,[],[],,15,16,18,
2026_07_15_01_26_56,000082,7,all-cavs,selective_edgecooper_global,grid,,,,,,,singleton,20,200.0,7,7,,{},"{""7"": 4912}",0,0.0,10,40.0,ns3,899,0.5,10,12,28,,,[],[],,,10,16,
2026_07_15_01_26_56,000082,8,all-cavs,selective_edgecooper_global,grid,,,,,,,singleton,20,200.0,8,8,,{},"{""8"": 4838}",0,0.0,10,40.0,ns3,899,0.5,10,12,28,,,[],[],,,13,23,
2026_07_15_01_26_56,000082,9,all-cavs,selective_edgecooper_global,grid,,,,,,,singleton,20,200.0,9,9,,{},"{""9"": 4859}",0,0.0,10,40.0,ns3,899,0.5,10,12,28,,,[],[],,,15,19,
2026_07_15_01_26_56,000082,10,all-cavs,selective_edgecooper_global,grid,,,,,,,singleton,20,200.0,10,10;2,2,"{""2"": 50}","{""2"": 4788, ""10"": 4925}",76608,4.260734149054505,10,40.0,ns3,899,0.5,10,12,28,,,[],[],,2,32,39,
2026_07_15_01_26_56,000082,11,all-cavs,selective_edgecooper_global,grid,,,,,,,singleton,20,200.0,11,11;9,9,"{""9"": 51}","{""9"": 4847, ""11"": 4909}",77552,4.313236929922136,10,40.0,ns3,899,0.5,10,12,28,,,[],[],,9,25,35,
2026_07_15_01_26_56,000082,12,all-cavs,selective_edgecooper_global,grid,,,,,,,singleton,20,200.0,12,12;8,8,"{""8"": 50}","{""8"": 4795, ""12"": 4915}",76720,4.266963292547275,10,40.0,ns3,899,0.5,10,12,28,,,[],[],,8,18,31,
2026_07_15_01_26_56,000082,13,all-cavs,selective_edgecooper_global,grid,,,,,,,singleton,20,200.0,13,13,,{},"{""13"": 4801}",0,0.0,10,40.0,ns3,899,0.5,10,12,28,,,[],[],,,11,14,
2026_07_15_01_26_56,000082,14,all-cavs,selective_edgecooper_global,grid,,,,,,,singleton,20,200.0,14,14,,{},"{""14"": 4993}",0,0.0,10,40.0,ns3,899,0.5,10,12,28,,,[],[],,,4,3,
2026_07_15_01_26_56,000082,15,all-cavs,selective_edgecooper_global,grid,,,,,,,singleton,20,200.0,15,15,,{},"{""15"": 4758}",0,0.0,10,40.0,ns3,899,0.5,10,12,28,,,[],[],,,13,8,
2026_07_15_01_26_56,000082,16,all-cavs,selective_edgecooper_global,grid,,,,,,,singleton,20,200.0,16,16;17,17,"{""17"": 57}","{""16"": 4908, ""17"": 4819}",77104,4.288320355951057,10,40.0,ns3,899,0.5,10,12,28,,,[],[],,17,25,23,
2026_07_15_01_26_56,000082,17,all-cavs,selective_edgecooper_global,grid,,,,,,,singleton,20,200.0,17,17,,{},"{""17"": 4970}",0,0.0,10,40.0,ns3,899,0.5,10,12,28,,,[],[],,,18,13,
2026_07_15_01_26_56,000082,18,all-cavs,selective_edgecooper_global,grid,,,,,,,singleton,20,200.0,18,18,,{},"{""18"": 4961}",0,0.0,10,40.0,ns3,899,0.5,10,12,28,,,[],[],,,12,11,
2026_07_15_01_26_56,000082,19,all-cavs,selective_edgecooper_global,grid,,,,,,,singleton,20,200.0,19,19;5,5,"{""5"": 49}","{""5"": 4894, ""19"": 4822}",78304,4.355061179087875,10,40.0,ns3,899,0.5,10,12,28,,,[],[],,5,18,17,
2026_07_15_01_26_56,000082,20,all-cavs,selective_edgecooper_global,grid,,,,,,,singleton,20,200.0,20,20,,{},"{""20"": 4906}",0,0.0,10,40.0,ns3,899,0.5,10,12,28,,,[],[],,,21,18,
2026_07_15_01_26_56,000084,1,all-cavs,selective_edgecooper_global,grid,,,,,,,singleton,20,200.0,1,1,,{},"{""1"": 4932}",0,0.0,10,40.0,ns3,899,0.5,10,12,28,,,[],[],,,16,16,
2026_07_15_01_26_56,000084,2,all-cavs,selective_edgecooper_global,grid,,,,,,,singleton,20,200.0,2,2,,{},"{""2"": 4867}",0,0.0,10,40.0,ns3,899,0.5,10,12,28,,,[],[],,,16,24,
2026_07_15_01_26_56,000084,3,all-cavs,selective_edgecooper_global,grid,,,,,,,singleton,20,200.0,3,3;18,18,"{""18"": 56}","{""3"": 4935, ""18"": 4888}",78208,4.349721913236929,10,40.0,ns3,899,0.5,10,12,28,,,[],[],,18,18,18,
2026_07_15_01_26_56,000084,4,all-cavs,selective_edgecooper_global,grid,,,,,,,singleton,20,200.0,4,4;1,1,"{""1"": 46}","{""1"": 4914, ""4"": 4841}",78624,4.372858731924361,10,40.0,ns3,899,0.5,10,12,28,,,[],[],,1,22,31,
2026_07_15_01_26_56,000084,5,all-cavs,selective_edgecooper_global,grid,,,,,,,singleton,20,200.0,5,5,,{},"{""5"": 4932}",0,0.0,10,40.0,ns3,899,0.5,10,12,28,,,[],[],,,8,15,
2026_07_15_01_26_56,000084,6,all-cavs,selective_edgecooper_global,grid,,,,,,,singleton,20,200.0,6,6;15,15,"{""15"": 47}","{""6"": 4670, ""15"": 4713}",75408,4.1939933259176865,10,40.0,ns3,899,0.5,10,12,28,,,[],[],,15,16,18,
2026_07_15_01_26_56,000084,7,all-cavs,selective_edgecooper_global,grid,,,,,,,singleton,20,200.0,7,7;5,5,"{""5"": 46}","{""5"": 4864, ""7"": 4915}",77824,4.3283648498331475,10,40.0,ns3,899,0.5,10,12,28,,,[],[],,5,16,20,
2026_07_15_01_26_56,000084,8,all-cavs,selective_edgecooper_global,grid,,,,,,,singleton,20,200.0,8,8,,{},"{""8"": 4837}",0,0.0,10,40.0,ns3,899,0.5,10,12,28,,,[],[],,,11,23,
2026_07_15_01_26_56,000084,9,all-cavs,selective_edgecooper_global,grid,,,,,,,singleton,20,200.0,9,9,,{},"{""9"": 4858}",0,0.0,10,40.0,ns3,899,0.5,10,12,28,,,[],[],,,15,19,
2026_07_15_01_26_56,000084,10,all-cavs,selective_edgecooper_global,grid,,,,,,,singleton,20,200.0,10,10;2,2,"{""2"": 52}","{""2"": 4790, ""10"": 4914}",76640,4.262513904338154,10,40.0,ns3,899,0.5,10,12,28,,,[],[],,2,30,40,
2026_07_15_01_26_56,000084,11,all-cavs,selective_edgecooper_global,grid,,,,,,,singleton,20,200.0,11,11;9,9,"{""9"": 52}","{""9"": 4846, ""11"": 4909}",77536,4.312347052280312,10,40.0,ns3,899,0.5,10,12,28,,,[],[],,9,29,35,
2026_07_15_01_26_56,000084,12,all-cavs,selective_edgecooper_global,grid,,,,,,,singleton,20,200.0,12,12;8,8,"{""8"": 50}","{""8"": 4794, ""12"": 4926}",76704,4.266073414905451,10,40.0,ns3,899,0.5,10,12,28,,,[],[],,8,19,30,
2026_07_15_01_26_56,000084,13,all-cavs,selective_edgecooper_global,grid,,,,,,,singleton,20,200.0,13,13,,{},"{""13"": 4788}",0,0.0,10,40.0,ns3,899,0.5,10,12,28,,,[],[],,,11,14,
2026_07_15_01_26_56,000084,14,all-cavs,selective_edgecooper_global,grid,,,,,,,singleton,20,200.0,14,14,,{},"{""14"": 4994}",0,0.0,10,40.0,ns3,899,0.5,10,12,28,,,[],[],,,4,3,
2026_07_15_01_26_56,000084,15,all-cavs,selective_edgecooper_global,grid,,,,,,,singleton,20,200.0,15,15,,{},"{""15"": 4766}",0,0.0,10,40.0,ns3,899,0.5,10,12,28,,,[],[],,,14,8,
2026_07_15_01_26_56,000084,16,all-cavs,selective_edgecooper_global,grid,,,,,,,singleton,20,200.0,16,16;17,17,"{""17"": 58}","{""16"": 4906, ""17"": 4820}",77120,4.289210233592881,10,40.0,ns3,899,0.5,10,12,28,,,[],[],,17,26,23,
2026_07_15_01_26_56,000084,17,all-cavs,selective_edgecooper_global,grid,,,,,,,singleton,20,200.0,17,17,,{},"{""17"": 4976}",0,0.0,10,40.0,ns3,899,0.5,10,12,28,,,[],[],,,18,11,
2026_07_15_01_26_56,000084,18,all-cavs,selective_edgecooper_global,grid,,,,,,,singleton,20,200.0,18,18,,{},"{""18"": 4972}",0,0.0,10,40.0,ns3,899,0.5,10,12,28,,,[],[],,,14,11,
2026_07_15_01_26_56,000084,19,all-cavs,selective_edgecooper_global,grid,,,,,,,singleton,20,200.0,19,19;13,13,"{""13"": 58}","{""13"": 4189, ""19"": 4822}",67024,3.7276974416017796,10,40.0,ns3,899,0.5,10,12,28,,,[],[],,13,13,26,
2026_07_15_01_26_56,000084,20,all-cavs,selective_edgecooper_global,grid,,,,,,,singleton,20,200.0,20,20,,{},"{""20"": 4904}",0,0.0,10,40.0,ns3,899,0.5,10,12,28,,,[],[],,,19,18,
2026_07_15_01_26_56,000086,1,all-cavs,selective_edgecooper_global,grid,,,,,,,singleton,20,200.0,1,1,,{},"{""1"": 4932}",0,0.0,10,40.0,ns3,899,0.5,10,12,28,,,[],[],,,17,16,
2026_07_15_01_26_56,000086,2,all-cavs,selective_edgecooper_global,grid,,,,,,,singleton,20,200.0,2,2,,{},"{""2"": 4863}",0,0.0,10,40.0,ns3,899,0.5,10,12,28,,,[],[],,,17,25,
2026_07_15_01_26_56,000086,3,all-cavs,selective_edgecooper_global,grid,,,,,,,singleton,20,200.0,3,3;18,18,"{""18"": 53}","{""3"": 4939, ""18"": 4901}",78416,4.361290322580645,10,40.0,ns3,899,0.5,10,12,28,,,[],[],,18,19,17,
2026_07_15_01_26_56,000086,4,all-cavs,selective_edgecooper_global,grid,,,,,,,singleton,20,200.0,4,4;1,1,"{""1"": 46}","{""1"": 4914, ""4"": 4844}",78624,4.372858731924361,10,40.0,ns3,899,0.5,10,12,28,,,[],[],,1,20,30,
2026_07_15_01_26_56,000086,5,all-cavs,selective_edgecooper_global,grid,,,,,,,singleton,20,200.0,5,5,,{},"{""5"": 4915}",0,0.0,10,40.0,ns3,899,0.5,10,12,28,,,[],[],,,8,15,
2026_07_15_01_26_56,000086,6,all-cavs,selective_edgecooper_global,grid,,,,,,,singleton,20,200.0,6,6;15,15,"{""15"": 50}","{""6"": 4676, ""15"": 4708}",75328,4.189543937708565,10,40.0,ns3,899,0.5,10,12,28,,,[],[],,15,14,19,
2026_07_15_01_26_56,000086,7,all-cavs,selective_edgecooper_global,grid,,,,,,,singleton,20,200.0,7,7;5,5,"{""5"": 46}","{""5"": 4834, ""7"": 4928}",77344,4.301668520578421,10,40.0,ns3,899,0.5,10,12,28,,,[],[],,5,11,21,
2026_07_15_01_26_56,000086,8,all-cavs,selective_edgecooper_global,grid,,,,,,,singleton,20,200.0,8,8,,{},"{""8"": 4837}",0,0.0,10,40.0,ns3,899,0.5,10,12,28,,,[],[],,,12,23,
2026_07_15_01_26_56,000086,9,all-cavs,selective_edgecooper_global,grid,,,,,,,singleton,20,200.0,9,9,,{},"{""9"": 4858}",0,0.0,10,40.0,ns3,899,0.5,10,12,28,,,[],[],,,16,19,
2026_07_15_01_26_56,000086,10,all-cavs,selective_edgecooper_global,grid,,,,,,,singleton,20,200.0,10,10;2,2,"{""2"": 54}","{""2"": 4818, ""10"": 4926}",77088,4.287430478309233,10,40.0,ns3,899,0.5,10,12,28,,,[],[],,2,31,41,
2026_07_15_01_26_56,000086,11,all-cavs,selective_edgecooper_global,grid,,,,,,,singleton,20,200.0,11,11;9,9,"{""9"": 51}","{""9"": 4846, ""11"": 4910}",77536,4.312347052280312,10,40.0,ns3,899,0.5,10,12,28,,,[],[],,9,29,36,
2026_07_15_01_26_56,000086,12,all-cavs,selective_edgecooper_global,grid,,,,,,,singleton,20,200.0,12,12;8,8,"{""8"": 49}","{""8"": 4788, ""12"": 4938}",76608,4.260734149054505,10,40.0,ns3,899,0.5,10,12,28,,,[],[],,8,17,29,
2026_07_15_01_26_56,000086,13,all-cavs,selective_edgecooper_global,grid,,,,,,,singleton,20,200.0,13,13,,{},"{""13"": 4773}",0,0.0,10,40.0,ns3,899,0.5,10,12,28,,,[],[],,,11,14,
2026_07_15_01_26_56,000086,14,all-cavs,selective_edgecooper_global,grid,,,,,,,singleton,20,200.0,14,14,,{},"{""14"": 5015}",0,0.0,10,40.0,ns3,899,0.5,10,12,28,,,[],[],,,3,2,
2026_07_15_01_26_56,000086,15,all-cavs,selective_edgecooper_global,grid,,,,,,,singleton,20,200.0,15,15,,{},"{""15"": 4762}",0,0.0,10,40.0,ns3,899,0.5,10,12,28,,,[],[],,,11,8,
2026_07_15_01_26_56,000086,16,all-cavs,selective_edgecooper_global,grid,,,,,,,singleton,20,200.0,16,16;17,17,"{""17"": 57}","{""16"": 4917, ""17"": 4804}",76864,4.274972191323693,10,40.0,ns3,899,0.5,10,12,28,,,[],[],,17,23,23,
2026_07_15_01_26_56,000086,17,all-cavs,selective_edgecooper_global,grid,,,,,,,singleton,20,200.0,17,17,,{},"{""17"": 4971}",0,0.0,10,40.0,ns3,899,0.5,10,12,28,,,[],[],,,18,11,
2026_07_15_01_26_56,000086,18,all-cavs,selective_edgecooper_global,grid,,,,,,,singleton,20,200.0,18,18,,{},"{""18"": 4982}",0,0.0,10,40.0,ns3,899,0.5,10,12,28,,,[],[],,,14,10,
2026_07_15_01_26_56,000086,19,all-cavs,selective_edgecooper_global,grid,,,,,,,singleton,20,200.0,19,19;13,13,"{""13"": 56}","{""13"": 4200, ""19"": 4822}",67200,3.7374860956618465,10,40.0,ns3,899,0.5,10,12,28,,,[],[],,13,13,26,
2026_07_15_01_26_56,000086,20,all-cavs,selective_edgecooper_global,grid,,,,,,,singleton,20,200.0,20,20,,{},"{""20"": 4905}",0,0.0,10,40.0,ns3,899,0.5,10,12,28,,,[],[],,,20,18,
2026_07_15_01_26_56,000088,1,all-cavs,selective_edgecooper_global,grid,,,,,,,singleton,20,200.0,1,1,,{},"{""1"": 4930}",0,0.0,10,40.0,ns3,899,0.5,10,12,28,,,[],[],,,16,16,
2026_07_15_01_26_56,000088,2,all-cavs,selective_edgecooper_global,grid,,,,,,,singleton,20,200.0,2,2,,{},"{""2"": 4862}",0,0.0,10,40.0,ns3,899,0.5,10,12,28,,,[],[],,,18,25,
2026_07_15_01_26_56,000088,3,all-cavs,selective_edgecooper_global,grid,,,,,,,singleton,20,200.0,3,3;18,18,"{""18"": 55}","{""3"": 4952, ""18"": 4873}",77968,4.336373748609566,10,40.0,ns3,899,0.5,10,12,28,,,[],[],,18,18,17,
2026_07_15_01_26_56,000088,4,all-cavs,selective_edgecooper_global,grid,,,,,,,singleton,20,200.0,4,4;1,1,"{""1"": 46}","{""1"": 4912, ""4"": 4844}",78592,4.371078976640711,10,40.0,ns3,899,0.5,10,12,28,,,[],[],,1,21,30,
2026_07_15_01_26_56,000088,5,all-cavs,selective_edgecooper_global,grid,,,,,,,singleton,20,200.0,5,5,,{},"{""5"": 4933}",0,0.0,10,40.0,ns3,899,0.5,10,12,28,,,[],[],,,9,15,
2026_07_15_01_26_56,000088,6,all-cavs,selective_edgecooper_global,grid,,,,,,,singleton,20,200.0,6,6;15,15,"{""15"": 50}","{""6"": 4643, ""15"": 4728}",75648,4.2073414905450495,10,40.0,ns3,899,0.5,10,12,28,,,[],[],,15,15,19,
2026_07_15_01_26_56,000088,7,all-cavs,selective_edgecooper_global,grid,,,,,,,singleton,20,200.0,7,7;5,5,"{""5"": 48}","{""5"": 4845, ""7"": 4929}",77520,4.3114571746384875,10,40.0,ns3,899,0.5,10,12,28,,,[],[],,5,12,21,
2026_07_15_01_26_56,000088,8,all-cavs,selective_edgecooper_global,grid,,,,,,,singleton,20,200.0,8,8,,{},"{""8"": 4838}",0,0.0,10,40.0,ns3,899,0.5,10,12,28,,,[],[],,,15,23,
2026_07_15_01_26_56,000088,9,all-cavs,selective_edgecooper_global,grid,,,,,,,singleton,20,200.0,9,9,,{},"{""9"": 4856}",0,0.0,10,40.0,ns3,899,0.5,10,12,28,,,[],[],,,15,19,
2026_07_15_01_26_56,000088,10,all-cavs,selective_edgecooper_global,grid,,,,,,,singleton,20,200.0,10,10;2,2,"{""2"": 53}","{""2"": 4817, ""10"": 4929}",77072,4.286540600667409,10,40.0,ns3,899,0.5,10,12,28,,,[],[],,2,29,40,
2026_07_15_01_26_56,000088,11,all-cavs,selective_edgecooper_global,grid,,,,,,,singleton,20,200.0,11,11;9,9,"{""9"": 50}","{""9"": 4844, ""11"": 4912}",77504,4.310567296996663,10,40.0,ns3,899,0.5,10,12,28,,,[],[],,9,29,36,
2026_07_15_01_26_56,000088,12,all-cavs,selective_edgecooper_global,grid,,,,,,,singleton,20,200.0,12,12;8,8,"{""8"": 49}","{""8"": 4788, ""12"": 4937}",76608,4.260734149054505,10,40.0,ns3,899,0.5,10,12,28,,,[],[],,8,17,30,
2026_07_15_01_26_56,000088,13,all-cavs,selective_edgecooper_global,grid,,,,,,,singleton,20,200.0,13,13,,{},"{""13"": 4764}",0,0.0,10,40.0,ns3,899,0.5,10,12,28,,,[],[],,,10,14,
2026_07_15_01_26_56,000088,14,all-cavs,selective_edgecooper_global,grid,,,,,,,singleton,20,200.0,14,14,,{},"{""14"": 4998}",0,0.0,10,40.0,ns3,899,0.5,10,12,28,,,[],[],,,2,2,
2026_07_15_01_26_56,000088,15,all-cavs,selective_edgecooper_global,grid,,,,,,,singleton,20,200.0,15,15,,{},"{""15"": 4772}",0,0.0,10,40.0,ns3,899,0.5,10,12,28,,,[],[],,,12,8,
2026_07_15_01_26_56,000088,16,all-cavs,selective_edgecooper_global,grid,,,,,,,singleton,20,200.0,16,16;17,17,"{""17"": 59}","{""16"": 4929, ""17"": 4812}",76992,4.282091212458287,10,40.0,ns3,899,0.5,10,12,28,,,[],[],,17,23,24,
2026_07_15_01_26_56,000088,17,all-cavs,selective_edgecooper_global,grid,,,,,,,singleton,20,200.0,17,17,,{},"{""17"": 4985}",0,0.0,10,40.0,ns3,899,0.5,10,12,28,,,[],[],,,17,11,
2026_07_15_01_26_56,000088,18,all-cavs,selective_edgecooper_global,grid,,,,,,,singleton,20,200.0,18,18,,{},"{""18"": 4954}",0,0.0,10,40.0,ns3,899,0.5,10,12,28,,,[],[],,,14,10,
2026_07_15_01_26_56,000088,19,all-cavs,selective_edgecooper_global,grid,,,,,,,singleton,20,200.0,19,19;13,13,"{""13"": 59}","{""13"": 4229, ""19"": 4823}",67664,3.76329254727475,10,40.0,ns3,899,0.5,10,12,28,,,[],[],,13,13,26,
2026_07_15_01_26_56,000088,20,all-cavs,selective_edgecooper_global,grid,,,,,,,singleton,20,200.0,20,20,,{},"{""20"": 4903}",0,0.0,10,40.0,ns3,899,0.5,10,12,28,,,[],[],,,19,19,
2026_07_15_01_26_56,000090,1,all-cavs,selective_edgecooper_global,grid,,,,,,,singleton,20,200.0,1,1,,{},"{""1"": 4930}",0,0.0,10,40.0,ns3,899,0.5,10,12,28,,,[],[],,,16,17,
2026_07_15_01_26_56,000090,2,all-cavs,selective_edgecooper_global,grid,,,,,,,singleton,20,200.0,2,2,,{},"{""2"": 4862}",0,0.0,10,40.0,ns3,899,0.5,10,12,28,,,[],[],,,16,24,
2026_07_15_01_26_56,000090,3,all-cavs,selective_edgecooper_global,grid,,,,,,,singleton,20,200.0,3,3;18,18,"{""18"": 56}","{""3"": 4955, ""18"": 4872}",77952,4.3354838709677415,10,40.0,ns3,899,0.5,10,12,28,,,[],[],,18,17,16,
2026_07_15_01_26_56,000090,4,all-cavs,selective_edgecooper_global,grid,,,,,,,singleton,20,200.0,4,4;1,1,"{""1"": 45}","{""1"": 4911, ""4"": 4843}",78576,4.370189098998887,10,40.0,ns3,899,0.5,10,12,28,,,[],[],,1,22,31,
2026_07_15_01_26_56,000090,5,all-cavs,selective_edgecooper_global,grid,,,,,,,singleton,20,200.0,5,5,,{},"{""5"": 4919}",0,0.0,10,40.0,ns3,899,0.5,10,12,28,,,[],[],,,4,14,
2026_07_15_01_26_56,000090,6,all-cavs,selective_edgecooper_global,grid,,,,,,,singleton,20,200.0,6,6;15,15,"{""15"": 48}","{""6"": 4653, ""15"": 4714}",75424,4.1948832035595105,10,40.0,ns3,899,0.5,10,12,28,,,[],[],,15,16,19,
2026_07_15_01_26_56,000090,7,all-cavs,selective_edgecooper_global,grid,,,,,,,singleton,20,200.0,7,7;5,5,"{""5"": 47}","{""5"": 4831, ""7"": 4928}",77296,4.298998887652948,10,40.0,ns3,899,0.5,10,12,28,,,[],[],,5,13,20,
2026_07_15_01_26_56,000090,8,all-cavs,selective_edgecooper_global,grid,,,,,,,singleton,20,200.0,8,8,,{},"{""8"": 4837}",0,0.0,10,40.0,ns3,899,0.5,10,12,28,,,[],[],,,11,22,
2026_07_15_01_26_56,000090,9,all-cavs,selective_edgecooper_global,grid,,,,,,,singleton,20,200.0,9,9,,{},"{""9"": 4855}",0,0.0,10,40.0,ns3,899,0.5,10,12,28,,,[],[],,,15,19,
2026_07_15_01_26_56,000090,10,all-cavs,selective_edgecooper_global,grid,,,,,,,singleton,20,200.0,10,10;2,2,"{""2"": 53}","{""2"": 4817, ""10"": 4929}",77072,4.286540600667409,10,40.0,ns3,899,0.5,10,12,28,,,[],[],,2,31,39,
2026_07_15_01_26_56,000090,11,all-cavs,selective_edgecooper_global,grid,,,,,,,singleton,20,200.0,11,11;9,9,"{""9"": 50}","{""9"": 4843, ""11"": 4910}",77488,4.309677419354839,10,40.0,ns3,899,0.5,10,12,28,,,[],[],,9,32,36,
2026_07_15_01_26_56,000090,12,all-cavs,selective_edgecooper_global,grid,,,,,,,singleton,20,200.0,12,12;8,8,"{""8"": 49}","{""8"": 4788, ""12"": 4954}",76608,4.260734149054505,10,40.0,ns3,899,0.5,10,12,28,,,[],[],,8,16,29,
2026_07_15_01_26_56,000090,13,all-cavs,selective_edgecooper_global,grid,,,,,,,singleton,20,200.0,13,13,,{},"{""13"": 4769}",0,0.0,10,40.0,ns3,899,0.5,10,12,28,,,[],[],,,10,14,
2026_07_15_01_26_56,000090,14,all-cavs,selective_edgecooper_global,grid,,,,,,,singleton,20,200.0,14,14,,{},"{""14"": 4961}",0,0.0,10,40.0,ns3,899,0.5,10,12,28,,,[],[],,,3,2,
2026_07_15_01_26_56,000090,15,all-cavs,selective_edgecooper_global,grid,,,,,,,singleton,20,200.0,15,15,,{},"{""15"": 4768}",0,0.0,10,40.0,ns3,899,0.5,10,12,28,,,[],[],,,12,8,
2026_07_15_01_26_56,000090,16,all-cavs,selective_edgecooper_global,grid,,,,,,,singleton,20,200.0,16,16;17,17,"{""17"": 59}","{""16"": 4936, ""17"": 4820}",77120,4.289210233592881,10,40.0,ns3,899,0.5,10,12,28,,,[],[],,17,23,24,
2026_07_15_01_26_56,000090,17,all-cavs,selective_edgecooper_global,grid,,,,,,,singleton,20,200.0,17,17,,{},"{""17"": 5007}",0,0.0,10,40.0,ns3,899,0.5,10,12,28,,,[],[],,,16,11,
2026_07_15_01_26_56,000090,18,all-cavs,selective_edgecooper_global,grid,,,,,,,singleton,20,200.0,18,18,,{},"{""18"": 4954}",0,0.0,10,40.0,ns3,899,0.5,10,12,28,,,[],[],,,13,10,
2026_07_15_01_26_56,000090,19,all-cavs,selective_edgecooper_global,grid,,,,,,,singleton,20,200.0,19,19;13,13,"{""13"": 57}","{""13"": 4249, ""19"": 4824}",67984,3.7810901001112347,10,40.0,ns3,899,0.5,10,12,28,,,[],[],,13,14,25,
2026_07_15_01_26_56,000090,20,all-cavs,selective_edgecooper_global,grid,,,,,,,singleton,20,200.0,20,20,,{},"{""20"": 4905}",0,0.0,10,40.0,ns3,899,0.5,10,12,28,,,[],[],,,20,19,
2026_07_15_01_26_56,000092,1,all-cavs,selective_edgecooper_global,grid,,,,,,,singleton,20,200.0,1,1,,{},"{""1"": 4928}",0,0.0,10,40.0,ns3,899,0.5,10,12,28,,,[],[],,,14,17,
2026_07_15_01_26_56,000092,2,all-cavs,selective_edgecooper_global,grid,,,,,,,singleton,20,200.0,2,2,,{},"{""2"": 4860}",0,0.0,10,40.0,ns3,899,0.5,10,12,28,,,[],[],,,17,24,
2026_07_15_01_26_56,000092,3,all-cavs,selective_edgecooper_global,grid,,,,,,,singleton,20,200.0,3,3;18,18,"{""18"": 57}","{""3"": 4961, ""18"": 4868}",77888,4.3319243604004445,10,40.0,ns3,899,0.5,10,12,28,,,[],[],,18,17,16,
2026_07_15_01_26_56,000092,4,all-cavs,selective_edgecooper_global,grid,,,,,,,singleton,20,200.0,4,4;1,1,"{""1"": 46}","{""1"": 4909, ""4"": 4846}",78544,4.368409343715239,10,40.0,ns3,899,0.5,10,12,28,,,[],[],,1,20,31,
2026_07_15_01_26_56,000092,5,all-cavs,selective_edgecooper_global,grid,,,,,,,singleton,20,200.0,5,5,,{},"{""5"": 4934}",0,0.0,10,40.0,ns3,899,0.5,10,12,28,,,[],[],,,6,14,
2026_07_15_01_26_56,000092,6,all-cavs,selective_edgecooper_global,grid,,,,,,,singleton,20,200.0,6,6;15,15,"{""15"": 48}","{""6"": 4665, ""15"": 4706}",75296,4.1877641824249165,10,40.0,ns3,899,0.5,10,12,28,,,[],[],,15,15,19,
2026_07_15_01_26_56,000092,7,all-cavs,selective_edgecooper_global,grid,,,,,,,singleton,20,200.0,7,7;5,5,"{""5"": 47}","{""5"": 4848, ""7"": 4924}",77568,4.31412680756396,10,40.0,ns3,899,0.5,10,12,28,,,[],[],,5,12,19,
2026_07_15_01_26_56,000092,8,all-cavs,selective_edgecooper_global,grid,,,,,,,singleton,20,200.0,8,8,,{},"{""8"": 4838}",0,0.0,10,40.0,ns3,899,0.5,10,12,28,,,[],[],,,12,22,
2026_07_15_01_26_56,000092,9,all-cavs,selective_edgecooper_global,grid,,,,,,,singleton,20,200.0,9,9,,{},"{""9"": 4855}",0,0.0,10,40.0,ns3,899,0.5,10,12,28,,,[],[],,,16,19,
2026_07_15_01_26_56,000092,10,all-cavs,selective_edgecooper_global,grid,,,,,,,singleton,20,200.0,10,10;2,2,"{""2"": 54}","{""2"": 4816, ""10"": 4929}",77056,4.285650723025584,10,40.0,ns3,899,0.5,10,12,28,,,[],[],,2,30,39,
2026_07_15_01_26_56,000092,11,all-cavs,selective_edgecooper_global,grid,,,,,,,singleton,20,200.0,11,11;9,9,"{""9"": 50}","{""9"": 4843, ""11"": 4908}",77488,4.309677419354839,10,40.0,ns3,899,0.5,10,12,28,,,[],[],,9,30,35,
2026_07_15_01_26_56,000092,12,all-cavs,selective_edgecooper_global,grid,,,,,,,singleton,20,200.0,12,12;8,8,"{""8"": 49}","{""8"": 4788, ""12"": 4963}",76608,4.260734149054505,10,40.0,ns3,899,0.5,10,12,28,,,[],[],,8,18,29,
2026_07_15_01_26_56,000092,13,all-cavs,selective_edgecooper_global,grid,,,,,,,singleton,20,200.0,13,13,,{},"{""13"": 4781}",0,0.0,10,40.0,ns3,899,0.5,10,12,28,,,[],[],,,10,14,
2026_07_15_01_26_56,000092,14,all-cavs,selective_edgecooper_global,grid,,,,,,,singleton,20,200.0,14,14,,{},"{""14"": 4963}",0,0.0,10,40.0,ns3,899,0.5,10,12,28,,,[],[],,,5,2,
2026_07_15_01_26_56,000092,15,all-cavs,selective_edgecooper_global,grid,,,,,,,singleton,20,200.0,15,15,,{},"{""15"": 4770}",0,0.0,10,40.0,ns3,899,0.5,10,12,28,,,[],[],,,14,8,
2026_07_15_01_26_56,000092,16,all-cavs,selective_edgecooper_global,grid,,,,,,,singleton,20,200.0,16,16;17,17,"{""17"": 58}","{""16"": 4936, ""17"": 4721}",75536,4.20111234705228,10,40.0,ns3,899,0.5,10,12,28,,,[],[],,17,21,23,
2026_07_15_01_26_56,000092,17,all-cavs,selective_edgecooper_global,grid,,,,,,,singleton,20,200.0,17,17,,{},"{""17"": 5000}",0,0.0,10,40.0,ns3,899,0.5,10,12,28,,,[],[],,,17,11,
2026_07_15_01_26_56,000092,18,all-cavs,selective_edgecooper_global,grid,,,,,,,singleton,20,200.0,18,18,,{},"{""18"": 4954}",0,0.0,10,40.0,ns3,899,0.5,10,12,28,,,[],[],,,13,10,
2026_07_15_01_26_56,000092,19,all-cavs,selective_edgecooper_global,grid,,,,,,,singleton,20,200.0,19,19;13,13,"{""13"": 56}","{""13"": 4298, ""19"": 4823}",68768,3.824694104560623,10,40.0,ns3,899,0.5,10,12,28,,,[],[],,13,12,25,
2026_07_15_01_26_56,000092,20,all-cavs,selective_edgecooper_global,grid,,,,,,,singleton,20,200.0,20,20,,{},"{""20"": 4905}",0,0.0,10,40.0,ns3,899,0.5,10,12,28,,,[],[],,,20,19,
2026_07_15_01_26_56,000094,1,all-cavs,selective_edgecooper_global,grid,,,,,,,singleton,20,200.0,1,1,,{},"{""1"": 4929}",0,0.0,10,40.0,ns3,899,0.5,10,12,28,,,[],[],,,17,17,
2026_07_15_01_26_56,000094,2,all-cavs,selective_edgecooper_global,grid,,,,,,,singleton,20,200.0,2,2,,{},"{""2"": 4864}",0,0.0,10,40.0,ns3,899,0.5,10,12,28,,,[],[],,,17,23,
2026_07_15_01_26_56,000094,3,all-cavs,selective_edgecooper_global,grid,,,,,,,singleton,20,200.0,3,3;18,18,"{""18"": 57}","{""3"": 4964, ""18"": 4839}",77424,4.306117908787542,10,40.0,ns3,899,0.5,10,12,28,,,[],[],,18,16,17,
2026_07_15_01_26_56,000094,4,all-cavs,selective_edgecooper_global,grid,,,,,,,singleton,20,200.0,4,4;1,1,"{""1"": 47}","{""1"": 4910, ""4"": 4848}",78560,4.369299221357063,10,40.0,ns3,899,0.5,10,12,28,,,[],[],,1,22,31,
2026_07_15_01_26_56,000094,5,all-cavs,selective_edgecooper_global,grid,,,,,,,singleton,20,200.0,5,5,,{},"{""5"": 4943}",0,0.0,10,40.0,ns3,899,0.5,10,12,28,,,[],[],,,3,14,
2026_07_15_01_26_56,000094,6,all-cavs,selective_edgecooper_global,grid,,,,,,,singleton,20,200.0,6,6;15,15,"{""15"": 47}","{""6"": 4670, ""15"": 4710}",75360,4.1913236929922135,10,40.0,ns3,899,0.5,10,12,28,,,[],[],,15,16,20,
2026_07_15_01_26_56,000094,7,all-cavs,selective_edgecooper_global,grid,,,,,,,singleton,20,200.0,7,7;5,5,"{""5"": 48}","{""5"": 4854, ""7"": 4922}",77664,4.3194660734149055,10,40.0,ns3,899,0.5,10,12,28,,,[],[],,5,15,19,
2026_07_15_01_26_56,000094,8,all-cavs,selective_edgecooper_global,grid,,,,,,,singleton,20,200.0,8,8,,{},"{""8"": 4839}",0,0.0,10,40.0,ns3,899,0.5,10,12,28,,,[],[],,,12,21,
2026_07_15_01_26_56,000094,9,all-cavs,selective_edgecooper_global,grid,,,,,,,singleton,20,200.0,9,9,,{},"{""9"": 4854}",0,0.0,10,40.0,ns3,899,0.5,10,12,28,,,[],[],,,15,19,
2026_07_15_01_26_56,000094,10,all-cavs,selective_edgecooper_global,grid,,,,,,,singleton,20,200.0,10,10;2,2,"{""2"": 53}","{""2"": 4819, ""10"": 4929}",77104,4.288320355951057,10,40.0,ns3,899,0.5,10,12,28,,,[],[],,2,30,39,
2026_07_15_01_26_56,000094,11,all-cavs,selective_edgecooper_global,grid,,,,,,,singleton,20,200.0,11,11;9,9,"{""9"": 50}","{""9"": 4842, ""11"": 4907}",77472,4.308787541713015,10,40.0,ns3,899,0.5,10,12,28,,,[],[],,9,28,34,
2026_07_15_01_26_56,000094,12,all-cavs,selective_edgecooper_global,grid,,,,,,,singleton,20,200.0,12,12;8,8,"{""8"": 48}","{""8"": 4788, ""12"": 4976}",76608,4.260734149054505,10,40.0,ns3,899,0.5,10,12,28,,,[],[],,8,17,29,
2026_07_15_01_26_56,000094,13,all-cavs,selective_edgecooper_global,grid,,,,,,,singleton,20,200.0,13,13,,{},"{""13"": 4805}",0,0.0,10,40.0,ns3,899,0.5,10,12,28,,,[],[],,,10,14,
2026_07_15_01_26_56,000094,14,all-cavs,selective_edgecooper_global,grid,,,,,,,singleton,20,200.0,14,14,,{},"{""14"": 4947}",0,0.0,10,40.0,ns3,899,0.5,10,12,28,,,[],[],,,2,2,
2026_07_15_01_26_56,000094,15,all-cavs,selective_edgecooper_global,grid,,,,,,,singleton,20,200.0,15,15,,{},"{""15"": 4772}",0,0.0,10,40.0,ns3,899,0.5,10,12,28,,,[],[],,,13,9,
2026_07_15_01_26_56,000094,16,all-cavs,selective_edgecooper_global,grid,,,,,,,singleton,20,200.0,16,16;17,17,"{""17"": 57}","{""16"": 4936, ""17"": 4510}",72160,4.013348164627364,10,40.0,ns3,899,0.5,10,12,28,,,[],[],,17,23,23,
2026_07_15_01_26_56,000094,17,all-cavs,selective_edgecooper_global,grid,,,,,,,singleton,20,200.0,17,17,,{},"{""17"": 4995}",0,0.0,10,40.0,ns3,899,0.5,10,12,28,,,[],[],,,16,12,
2026_07_15_01_26_56,000094,18,all-cavs,selective_edgecooper_global,grid,,,,,,,singleton,20,200.0,18,18,,{},"{""18"": 4954}",0,0.0,10,40.0,ns3,899,0.5,10,12,28,,,[],[],,,12,10,
2026_07_15_01_26_56,000094,19,all-cavs,selective_edgecooper_global,grid,,,,,,,singleton,20,200.0,19,19;13,13,"{""13"": 55}","{""13"": 4362, ""19"": 4823}",69792,3.881646273637375,10,40.0,ns3,899,0.5,10,12,28,,,[],[],,13,14,25,
2026_07_15_01_26_56,000094,20,all-cavs,selective_edgecooper_global,grid,,,,,,,singleton,20,200.0,20,20,,{},"{""20"": 4905}",0,0.0,10,40.0,ns3,899,0.5,10,12,28,,,[],[],,,19,19,
2026_07_15_01_26_56,000096,1,all-cavs,selective_edgecooper_global,grid,,,,,,,singleton,20,200.0,1,1,,{},"{""1"": 4928}",0,0.0,10,40.0,ns3,899,0.5,10,12,28,,,[],[],,,16,17,
2026_07_15_01_26_56,000096,2,all-cavs,selective_edgecooper_global,grid,,,,,,,singleton,20,200.0,2,2;15,15,"{""15"": 48}","{""2"": 4866, ""15"": 4752}",76032,4.228698553948831,10,40.0,ns3,899,0.5,10,12,28,,,[],[],,15,22,25,
2026_07_15_01_26_56,000096,3,all-cavs,selective_edgecooper_global,grid,,,,,,,singleton,20,200.0,3,3;18,18,"{""18"": 55}","{""3"": 4970, ""18"": 4832}",77312,4.299888765294772,10,40.0,ns3,899,0.5,10,12,28,,,[],[],,18,16,16,
2026_07_15_01_26_56,000096,4,all-cavs,selective_edgecooper_global,grid,,,,,,,singleton,20,200.0,4,4;1,1,"{""1"": 46}","{""1"": 4909, ""4"": 4848}",78544,4.368409343715239,10,40.0,ns3,899,0.5,10,12,28,,,[],[],,1,22,31,
2026_07_15_01_26_56,000096,5,all-cavs,selective_edgecooper_global,grid,,,,,,,singleton,20,200.0,5,5,,{},"{""5"": 4933}",0,0.0,10,40.0,ns3,899,0.5,10,12,28,,,[],[],,,6,15,
2026_07_15_01_26_56,000096,6,all-cavs,selective_edgecooper_global,grid,,,,,,,singleton,20,200.0,6,6,,{},"{""6"": 4667}",0,0.0,10,40.0,ns3,899,0.5,10,12,28,,,[],[],,,12,15,
2026_07_15_01_26_56,000096,7,all-cavs,selective_edgecooper_global,grid,,,,,,,singleton,20,200.0,7,7;5,5,"{""5"": 51}","{""5"": 4839, ""7"": 4921}",77424,4.306117908787542,10,40.0,ns3,899,0.5,10,12,28,,,[],[],,5,13,20,
2026_07_15_01_26_56,000096,8,all-cavs,selective_edgecooper_global,grid,,,,,,,singleton,20,200.0,8,8,,{},"{""8"": 4839}",0,0.0,10,40.0,ns3,899,0.5,10,12,28,,,[],[],,,11,21,
2026_07_15_01_26_56,000096,9,all-cavs,selective_edgecooper_global,grid,,,,,,,singleton,20,200.0,9,9,,{},"{""9"": 4853}",0,0.0,10,40.0,ns3,899,0.5,10,12,28,,,[],[],,,14,19,
2026_07_15_01_26_56,000096,10,all-cavs,selective_edgecooper_global,grid,,,,,,,singleton,20,200.0,10,10,,{},"{""10"": 4930}",0,0.0,10,40.0,ns3,899,0.5,10,12,28,,,[],[],,,17,26,
2026_07_15_01_26_56,000096,11,all-cavs,selective_edgecooper_global,grid,,,,,,,singleton,20,200.0,11,11;9,9,"{""9"": 50}","{""9"": 4841, ""11"": 4909}",77456,4.307897664071191,10,40.0,ns3,899,0.5,10,12,28,,,[],[],,9,26,34,
2026_07_15_01_26_56,000096,12,all-cavs,selective_edgecooper_global,grid,,,,,,,singleton,20,200.0,12,12;8,8,"{""8"": 48}","{""8"": 4787, ""12"": 4975}",76592,4.259844271412681,10,40.0,ns3,899,0.5,10,12,28,,,[],[],,8,18,29,
2026_07_15_01_26_56,000096,13,all-cavs,selective_edgecooper_global,grid,,,,,,,singleton,20,200.0,13,13,,{},"{""13"": 4751}",0,0.0,10,40.0,ns3,899,0.5,10,12,28,,,[],[],,,8,14,
2026_07_15_01_26_56,000096,14,all-cavs,selective_edgecooper_global,grid,,,,,,,singleton,20,200.0,14,14,,{},"{""14"": 4923}",0,0.0,10,40.0,ns3,899,0.5,10,12,28,,,[],[],,,3,2,
2026_07_15_01_26_56,000096,15,all-cavs,selective_edgecooper_global,grid,,,,,,,singleton,20,200.0,15,15,,{},"{""15"": 4777}",0,0.0,10,40.0,ns3,899,0.5,10,12,28,,,[],[],,,14,8,
2026_07_15_01_26_56,000096,16,all-cavs,selective_edgecooper_global,grid,,,,,,,singleton,20,200.0,16,16;17,17,"{""17"": 57}","{""16"": 4944, ""17"": 4510}",72160,4.013348164627364,10,40.0,ns3,899,0.5,10,12,28,,,[],[],,17,24,23,
2026_07_15_01_26_56,000096,17,all-cavs,selective_edgecooper_global,grid,,,,,,,singleton,20,200.0,17,17,,{},"{""17"": 4995}",0,0.0,10,40.0,ns3,899,0.5,10,12,28,,,[],[],,,17,12,
2026_07_15_01_26_56,000096,18,all-cavs,selective_edgecooper_global,grid,,,,,,,singleton,20,200.0,18,18,,{},"{""18"": 4942}",0,0.0,10,40.0,ns3,899,0.5,10,12,28,,,[],[],,,12,9,
2026_07_15_01_26_56,000096,19,all-cavs,selective_edgecooper_global,grid,,,,,,,singleton,20,200.0,19,19;13,13,"{""13"": 56}","{""13"": 4353, ""19"": 4823}",69648,3.8736373748609565,10,40.0,ns3,899,0.5,10,12,28,,,[],[],,13,11,25,
2026_07_15_01_26_56,000096,20,all-cavs,selective_edgecooper_global,grid,,,,,,,singleton,20,200.0,20,20,,{},"{""20"": 4902}",0,0.0,10,40.0,ns3,899,0.5,10,12,28,,,[],[],,,19,19,
2026_07_15_01_26_56,000098,1,all-cavs,selective_edgecooper_global,grid,,,,,,,singleton,20,200.0,1,1,,{},"{""1"": 4927}",0,0.0,10,40.0,ns3,899,0.5,10,12,28,,,[],[],,,17,16,
2026_07_15_01_26_56,000098,2,all-cavs,selective_edgecooper_global,grid,,,,,,,singleton,20,200.0,2,2;15,15,"{""15"": 49}","{""2"": 4855, ""15"": 4758}",76128,4.234037819799778,10,40.0,ns3,899,0.5,10,12,28,,,[],[],,15,23,25,
2026_07_15_01_26_56,000098,3,all-cavs,selective_edgecooper_global,grid,,,,,,,singleton,20,200.0,3,3;18,18,"{""18"": 53}","{""3"": 4974, ""18"": 4832}",77312,4.299888765294772,10,40.0,ns3,899,0.5,10,12,28,,,[],[],,18,16,15,
2026_07_15_01_26_56,000098,4,all-cavs,selective_edgecooper_global,grid,,,,,,,singleton,20,200.0,4,4;1,1,"{""1"": 45}","{""1"": 4908, ""4"": 4850}",78528,4.367519466073414,10,40.0,ns3,899,0.5,10,12,28,,,[],[],,1,21,30,
2026_07_15_01_26_56,000098,5,all-cavs,selective_edgecooper_global,grid,,,,,,,singleton,20,200.0,5,5,,{},"{""5"": 4929}",0,0.0,10,40.0,ns3,899,0.5,10,12,28,,,[],[],,,8,15,
2026_07_15_01_26_56,000098,6,all-cavs,selective_edgecooper_global,grid,,,,,,,singleton,20,200.0,6,6,,{},"{""6"": 4670}",0,0.0,10,40.0,ns3,899,0.5,10,12,28,,,[],[],,,11,15,
2026_07_15_01_26_56,000098,7,all-cavs,selective_edgecooper_global,grid,,,,,,,singleton,20,200.0,7,7;5,5,"{""5"": 48}","{""5"": 4834, ""7"": 4921}",77344,4.301668520578421,10,40.0,ns3,899,0.5,10,12,28,,,[],[],,5,15,20,
2026_07_15_01_26_56,000098,8,all-cavs,selective_edgecooper_global,grid,,,,,,,singleton,20,200.0,8,8,,{},"{""8"": 4838}",0,0.0,10,40.0,ns3,899,0.5,10,12,28,,,[],[],,,11,21,
2026_07_15_01_26_56,000098,9,all-cavs,selective_edgecooper_global,grid,,,,,,,singleton,20,200.0,9,9,,{},"{""9"": 4853}",0,0.0,10,40.0,ns3,899,0.5,10,12,28,,,[],[],,,15,19,
2026_07_15_01_26_56,000098,10,all-cavs,selective_edgecooper_global,grid,,,,,,,singleton,20,200.0,10,10,,{},"{""10"": 4930}",0,0.0,10,40.0,ns3,899,0.5,10,12,28,,,[],[],,,18,25,
2026_07_15_01_26_56,000098,11,all-cavs,selective_edgecooper_global,grid,,,,,,,singleton,20,200.0,11,11;9,9,"{""9"": 50}","{""9"": 4841, ""11"": 4908}",77456,4.307897664071191,10,40.0,ns3,899,0.5,10,12,28,,,[],[],,9,28,34,
2026_07_15_01_26_56,000098,12,all-cavs,selective_edgecooper_global,grid,,,,,,,singleton,20,200.0,12,12;8,8,"{""8"": 48}","{""8"": 4786, ""12"": 4968}",76576,4.258954393770857,10,40.0,ns3,899,0.5,10,12,28,,,[],[],,8,12,28,
2026_07_15_01_26_56,000098,13,all-cavs,selective_edgecooper_global,grid,,,,,,,singleton,20,200.0,13,13,,{},"{""13"": 4779}",0,0.0,10,40.0,ns3,899,0.5,10,12,28,,,[],[],,,8,14,
2026_07_15_01_26_56,000098,14,all-cavs,selective_edgecooper_global,grid,,,,,,,singleton,20,200.0,14,14,,{},"{""14"": 4872}",0,0.0,10,40.0,ns3,899,0.5,10,12,28,,,[],[],,,3,2,
2026_07_15_01_26_56,000098,15,all-cavs,selective_edgecooper_global,grid,,,,,,,singleton,20,200.0,15,15,,{},"{""15"": 4783}",0,0.0,10,40.0,ns3,899,0.5,10,12,28,,,[],[],,,12,8,
2026_07_15_01_26_56,000098,16,all-cavs,selective_edgecooper_global,grid,,,,,,,singleton,20,200.0,16,16;17,17,"{""17"": 56}","{""16"": 4950, ""17"": 4481}",71696,3.9875417130144606,10,40.0,ns3,899,0.5,10,12,28,,,[],[],,17,25,23,
2026_07_15_01_26_56,000098,17,all-cavs,selective_edgecooper_global,grid,,,,,,,singleton,20,200.0,17,17,,{},"{""17"": 4986}",0,0.0,10,40.0,ns3,899,0.5,10,12,28,,,[],[],,,17,12,
2026_07_15_01_26_56,000098,18,all-cavs,selective_edgecooper_global,grid,,,,,,,singleton,20,200.0,18,18,,{},"{""18"": 4946}",0,0.0,10,40.0,ns3,899,0.5,10,12,28,,,[],[],,,11,9,
2026_07_15_01_26_56,000098,19,all-cavs,selective_edgecooper_global,grid,,,,,,,singleton,20,200.0,19,19;13,13,"{""13"": 56}","{""13"": 4417, ""19"": 4824}",70672,3.930589543937708,10,40.0,ns3,899,0.5,10,12,28,,,[],[],,13,13,25,
2026_07_15_01_26_56,000098,20,all-cavs,selective_edgecooper_global,grid,,,,,,,singleton,20,200.0,20,20,,{},"{""20"": 4903}",0,0.0,10,40.0,ns3,899,0.5,10,12,28,,,[],[],,,20,19,
2026_07_15_01_26_56,000100,1,all-cavs,selective_edgecooper_global,grid,,,,,,,singleton,20,200.0,1,1,,{},"{""1"": 4928}",0,0.0,10,40.0,ns3,899,0.5,10,12,28,,,[],[],,,18,16,
2026_07_15_01_26_56,000100,2,all-cavs,selective_edgecooper_global,grid,,,,,,,singleton,20,200.0,2,2;15,15,"{""15"": 48}","{""2"": 4859, ""15"": 4749}",75984,4.226028921023359,10,40.0,ns3,899,0.5,10,12,28,,,[],[],,15,22,25,
2026_07_15_01_26_56,000100,3,all-cavs,selective_edgecooper_global,grid,,,,,,,singleton,20,200.0,3,3;18,18,"{""18"": 56}","{""3"": 4983, ""18"": 4847}",77552,4.313236929922136,10,40.0,ns3,899,0.5,10,12,28,,,[],[],,18,16,15,
2026_07_15_01_26_56,000100,4,all-cavs,selective_edgecooper_global,grid,,,,,,,singleton,20,200.0,4,4;7,7,"{""7"": 58}","{""4"": 4850, ""7"": 4787}",76592,4.259844271412681,10,40.0,ns3,899,0.5,10,12,28,,,[],[],,7,19,32,
2026_07_15_01_26_56,000100,5,all-cavs,selective_edgecooper_global,grid,,,,,,,singleton,20,200.0,5,5;19,19,"{""19"": 58}","{""5"": 4916, ""19"": 4676}",74816,4.161067853170189,10,40.0,ns3,899,0.5,10,12,28,,,[],[],,19,17,22,
2026_07_15_01_26_56,000100,6,all-cavs,selective_edgecooper_global,grid,,,,,,,singleton,20,200.0,6,6,,{},"{""6"": 4673}",0,0.0,10,40.0,ns3,899,0.5,10,12,28,,,[],[],,,10,16,
2026_07_15_01_26_56,000100,7,all-cavs,selective_edgecooper_global,grid,,,,,,,singleton,20,200.0,7,7,,{},"{""7"": 4921}",0,0.0,10,40.0,ns3,899,0.5,10,12,28,,,[],[],,,13,12,
2026_07_15_01_26_56,000100,8,all-cavs,selective_edgecooper_global,grid,,,,,,,singleton,20,200.0,8,8,,{},"{""8"": 4837}",0,0.0,10,40.0,ns3,899,0.5,10,12,28,,,[],[],,,12,21,
2026_07_15_01_26_56,000100,9,all-cavs,selective_edgecooper_global,grid,,,,,,,singleton,20,200.0,9,9,,{},"{""9"": 4851}",0,0.0,10,40.0,ns3,899,0.5,10,12,28,,,[],[],,,15,18,
2026_07_15_01_26_56,000100,10,all-cavs,selective_edgecooper_global,grid,,,,,,,singleton,20,200.0,10,10;13,13,"{""13"": 51}","{""10"": 4928, ""13"": 4639}",74224,4.128142380422692,10,40.0,ns3,899,0.5,10,12,28,,,[],[],,13,21,31,
2026_07_15_01_26_56,000100,11,all-cavs,selective_edgecooper_global,grid,,,,,,,singleton,20,200.0,11,11;9,9,"{""9"": 50}","{""9"": 4839, ""11"": 4909}",77424,4.306117908787542,10,40.0,ns3,899,0.5,10,12,28,,,[],[],,9,28,32,
2026_07_15_01_26_56,000100,12,all-cavs,selective_edgecooper_global,grid,,,,,,,singleton,20,200.0,12,12;8,8,"{""8"": 47}","{""8"": 4770, ""12"": 4970}",76320,4.244716351501669,10,40.0,ns3,899,0.5,10,12,28,,,[],[],,8,16,27,
2026_07_15_01_26_56,000100,13,all-cavs,selective_edgecooper_global,grid,,,,,,,singleton,20,200.0,13,13,,{},"{""13"": 4758}",0,0.0,10,40.0,ns3,899,0.5,10,12,28,,,[],[],,,8,14,
2026_07_15_01_26_56,000100,14,all-cavs,selective_edgecooper_global,grid,,,,,,,singleton,20,200.0,14,14,,{},"{""14"": 4874}",0,0.0,10,40.0,ns3,899,0.5,10,12,28,,,[],[],,,4,2,
2026_07_15_01_26_56,000100,15,all-cavs,selective_edgecooper_global,grid,,,,,,,singleton,20,200.0,15,15,,{},"{""15"": 4775}",0,0.0,10,40.0,ns3,899,0.5,10,12,28,,,[],[],,,12,8,
2026_07_15_01_26_56,000100,16,all-cavs,selective_edgecooper_global,grid,,,,,,,singleton,20,200.0,16,16;17,17,"{""17"": 58}","{""16"": 4946, ""17"": 4531}",72496,4.032035595105673,10,40.0,ns3,899,0.5,10,12,28,,,[],[],,17,23,22,
2026_07_15_01_26_56,000100,17,all-cavs,selective_edgecooper_global,grid,,,,,,,singleton,20,200.0,17,17,,{},"{""17"": 4995}",0,0.0,10,40.0,ns3,899,0.5,10,12,28,,,[],[],,,18,12,
2026_07_15_01_26_56,000100,18,all-cavs,selective_edgecooper_global,grid,,,,,,,singleton,20,200.0,18,18,,{},"{""18"": 4944}",0,0.0,10,40.0,ns3,899,0.5,10,12,28,,,[],[],,,12,9,
2026_07_15_01_26_56,000100,19,all-cavs,selective_edgecooper_global,grid,,,,,,,singleton,20,200.0,19,19,,{},"{""19"": 4823}",0,0.0,10,40.0,ns3,899,0.5,10,12,28,,,[],[],,,10,13,
2026_07_15_01_26_56,000100,20,all-cavs,selective_edgecooper_global,grid,,,,,,,singleton,20,200.0,20,20,,{},"{""20"": 4903}",0,0.0,10,40.0,ns3,899,0.5,10,12,28,,,[],[],,,20,19,
2026_07_15_01_26_56,000102,1,all-cavs,selective_edgecooper_global,grid,,,,,,,singleton,20,200.0,1,1,,{},"{""1"": 4929}",0,0.0,10,40.0,ns3,899,0.5,10,12,28,,,[],[],,,17,16,
2026_07_15_01_26_56,000102,2,all-cavs,selective_edgecooper_global,grid,,,,,,,singleton,20,200.0,2,2;15,15,"{""15"": 48}","{""2"": 4850, ""15"": 4771}",76336,4.245606229143493,10,40.0,ns3,899,0.5,10,12,28,,,[],[],,15,22,26,
2026_07_15_01_26_56,000102,3,all-cavs,selective_edgecooper_global,grid,,,,,,,singleton,20,200.0,3,3;18,18,"{""18"": 51}","{""3"": 5003, ""18"": 4847}",77552,4.313236929922136,10,40.0,ns3,899,0.5,10,12,28,,,[],[],,18,16,14,
2026_07_15_01_26_56,000102,4,all-cavs,selective_edgecooper_global,grid,,,,,,,singleton,20,200.0,4,4;7,7,"{""7"": 58}","{""4"": 4850, ""7"": 4786}",76576,4.258954393770857,10,40.0,ns3,899,0.5,10,12,28,,,[],[],,7,20,31,
2026_07_15_01_26_56,000102,5,all-cavs,selective_edgecooper_global,grid,,,,,,,singleton,20,200.0,5,5;19,19,"{""19"": 58}","{""5"": 4958, ""19"": 4676}",74816,4.161067853170189,10,40.0,ns3,899,0.5,10,12,28,,,[],[],,19,18,24,
2026_07_15_01_26_56,000102,6,all-cavs,selective_edgecooper_global,grid,,,,,,,singleton,20,200.0,6,6,,{},"{""6"": 4681}",0,0.0,10,40.0,ns3,899,0.5,10,12,28,,,[],[],,,13,16,
2026_07_15_01_26_56,000102,7,all-cavs,selective_edgecooper_global,grid,,,,,,,singleton,20,200.0,7,7,,{},"{""7"": 4920}",0,0.0,10,40.0,ns3,899,0.5,10,12,28,,,[],[],,,16,12,
2026_07_15_01_26_56,000102,8,all-cavs,selective_edgecooper_global,grid,,,,,,,singleton,20,200.0,8,8,,{},"{""8"": 4837}",0,0.0,10,40.0,ns3,899,0.5,10,12,28,,,[],[],,,11,22,
2026_07_15_01_26_56,000102,9,all-cavs,selective_edgecooper_global,grid,,,,,,,singleton,20,200.0,9,9,,{},"{""9"": 4851}",0,0.0,10,40.0,ns3,899,0.5,10,12,28,,,[],[],,,15,19,
2026_07_15_01_26_56,000102,10,all-cavs,selective_edgecooper_global,grid,,,,,,,singleton,20,200.0,10,10;13,13,"{""13"": 54}","{""10"": 4929, ""13"": 4669}",74704,4.15483870967742,10,40.0,ns3,899,0.5,10,12,28,,,[],[],,13,23,31,
2026_07_15_01_26_56,000102,11,all-cavs,selective_edgecooper_global,grid,,,,,,,singleton,20,200.0,11,11;9,9,"{""9"": 50}","{""9"": 4839, ""11"": 4907}",77424,4.306117908787542,10,40.0,ns3,899,0.5,10,12,28,,,[],[],,9,29,32,
2026_07_15_01_26_56,000102,12,all-cavs,selective_edgecooper_global,grid,,,,,,,singleton,20,200.0,12,12;8,8,"{""8"": 48}","{""8"": 4781, ""12"": 4965}",76496,4.254505005561736,10,40.0,ns3,899,0.5,10,12,28,,,[],[],,8,15,28,
2026_07_15_01_26_56,000102,13,all-cavs,selective_edgecooper_global,grid,,,,,,,singleton,20,200.0,13,13,,{},"{""13"": 4787}",0,0.0,10,40.0,ns3,899,0.5,10,12,28,,,[],[],,,9,12,
2026_07_15_01_26_56,000102,14,all-cavs,selective_edgecooper_global,grid,,,,,,,singleton,20,200.0,14,14,,{},"{""14"": 4826}",0,0.0,10,40.0,ns3,899,0.5,10,12,28,,,[],[],,,4,2,
2026_07_15_01_26_56,000102,15,all-cavs,selective_edgecooper_global,grid,,,,,,,singleton,20,200.0,15,15,,{},"{""15"": 4798}",0,0.0,10,40.0,ns3,899,0.5,10,12,28,,,[],[],,,12,10,
2026_07_15_01_26_56,000102,16,all-cavs,selective_edgecooper_global,grid,,,,,,,singleton,20,200.0,16,16;17,17,"{""17"": 57}","{""16"": 4975, ""17"": 4496}",71936,4.000889877641824,10,40.0,ns3,899,0.5,10,12,28,,,[],[],,17,21,22,
2026_07_15_01_26_56,000102,17,all-cavs,selective_edgecooper_global,grid,,,,,,,singleton,20,200.0,17,17,,{},"{""17"": 4990}",0,0.0,10,40.0,ns3,899,0.5,10,12,28,,,[],[],,,16,13,
2026_07_15_01_26_56,000102,18,all-cavs,selective_edgecooper_global,grid,,,,,,,singleton,20,200.0,18,18,,{},"{""18"": 4936}",0,0.0,10,40.0,ns3,899,0.5,10,12,28,,,[],[],,,11,9,
2026_07_15_01_26_56,000102,19,all-cavs,selective_edgecooper_global,grid,,,,,,,singleton,20,200.0,19,19,,{},"{""19"": 4823}",0,0.0,10,40.0,ns3,899,0.5,10,12,28,,,[],[],,,10,13,
2026_07_15_01_26_56,000102,20,all-cavs,selective_edgecooper_global,grid,,,,,,,singleton,20,200.0,20,20,,{},"{""20"": 4902}",0,0.0,10,40.0,ns3,899,0.5,10,12,28,,,[],[],,,20,19,
2026_07_15_01_26_56,000104,1,all-cavs,selective_edgecooper_global,grid,,,,,,,singleton,20,200.0,1,1,,{},"{""1"": 4929}",0,0.0,10,40.0,ns3,899,0.5,10,12,28,,,[],[],,,18,16,
2026_07_15_01_26_56,000104,2,all-cavs,selective_edgecooper_global,grid,,,,,,,singleton,20,200.0,2,2;15,15,"{""15"": 49}","{""2"": 4849, ""15"": 4740}",75840,4.21802002224694,10,40.0,ns3,899,0.5,10,12,28,,,[],[],,15,25,27,
2026_07_15_01_26_56,000104,3,all-cavs,selective_edgecooper_global,grid,,,,,,,singleton,20,200.0,3,3;18,18,"{""18"": 57}","{""3"": 4979, ""18"": 4843}",77488,4.309677419354839,10,40.0,ns3,899,0.5,10,12,28,,,[],[],,18,16,14,
2026_07_15_01_26_56,000104,4,all-cavs,selective_edgecooper_global,grid,,,,,,,singleton,20,200.0,4,4;1,1,"{""1"": 46}","{""1"": 4910, ""4"": 4850}",78560,4.369299221357063,10,40.0,ns3,899,0.5,10,12,28,,,[],[],,1,21,30,
2026_07_15_01_26_56,000104,5,all-cavs,selective_edgecooper_global,grid,,,,,,,singleton,20,200.0,5,5,,{},"{""5"": 4936}",0,0.0,10,40.0,ns3,899,0.5,10,12,28,,,[],[],,,10,17,
2026_07_15_01_26_56,000104,6,all-cavs,selective_edgecooper_global,grid,,,,,,,singleton,20,200.0,6,6,,{},"{""6"": 4701}",0,0.0,10,40.0,ns3,899,0.5,10,12,28,,,[],[],,,11,16,
2026_07_15_01_26_56,000104,7,all-cavs,selective_edgecooper_global,grid,,,,,,,singleton,20,200.0,7,7;5,5,"{""5"": 48}","{""5"": 4821, ""7"": 4920}",77136,4.290100111234706,10,40.0,ns3,899,0.5,10,12,28,,,[],[],,5,14,21,
2026_07_15_01_26_56,000104,8,all-cavs,selective_edgecooper_global,grid,,,,,,,singleton,20,200.0,8,8,,{},"{""8"": 4837}",0,0.0,10,40.0,ns3,899,0.5,10,12,28,,,[],[],,,12,21,
2026_07_15_01_26_56,000104,9,all-cavs,selective_edgecooper_global,grid,,,,,,,singleton,20,200.0,9,9,,{},"{""9"": 4851}",0,0.0,10,40.0,ns3,899,0.5,10,12,28,,,[],[],,,16,19,
2026_07_15_01_26_56,000104,10,all-cavs,selective_edgecooper_global,grid,,,,,,,singleton,20,200.0,10,10;13,13,"{""13"": 53}","{""10"": 4930, ""13"": 4636}",74176,4.125472747497219,10,40.0,ns3,899,0.5,10,12,28,,,[],[],,13,20,31,
2026_07_15_01_26_56,000104,11,all-cavs,selective_edgecooper_global,grid,,,,,,,singleton,20,200.0,11,11;9,9,"{""9"": 50}","{""9"": 4839, ""11"": 4907}",77424,4.306117908787542,10,40.0,ns3,899,0.5,10,12,28,,,[],[],,9,26,32,
2026_07_15_01_26_56,000104,12,all-cavs,selective_edgecooper_global,grid,,,,,,,singleton,20,200.0,12,12;8,8,"{""8"": 49}","{""8"": 4781, ""12"": 4988}",76496,4.254505005561736,10,40.0,ns3,899,0.5,10,12,28,,,[],[],,8,20,27,
2026_07_15_01_26_56,000104,13,all-cavs,selective_edgecooper_global,grid,,,,,,,singleton,20,200.0,13,13,,{},"{""13"": 4747}",0,0.0,10,40.0,ns3,899,0.5,10,12,28,,,[],[],,,8,13,
2026_07_15_01_26_56,000104,14,all-cavs,selective_edgecooper_global,grid,,,,,,,singleton,20,200.0,14,14,,{},"{""14"": 4840}",0,0.0,10,40.0,ns3,899,0.5,10,12,28,,,[],[],,,4,1,
2026_07_15_01_26_56,000104,15,all-cavs,selective_edgecooper_global,grid,,,,,,,singleton,20,200.0,15,15,,{},"{""15"": 4777}",0,0.0,10,40.0,ns3,899,0.5,10,12,28,,,[],[],,,15,12,
2026_07_15_01_26_56,000104,16,all-cavs,selective_edgecooper_global,grid,,,,,,,singleton,20,200.0,16,16;17,17,"{""17"": 57}","{""16"": 4958, ""17"": 4460}",71360,3.9688542825361517,10,40.0,ns3,899,0.5,10,12,28,,,[],[],,17,23,21,
2026_07_15_01_26_56,000104,17,all-cavs,selective_edgecooper_global,grid,,,,,,,singleton,20,200.0,17,17,,{},"{""17"": 4979}",0,0.0,10,40.0,ns3,899,0.5,10,12,28,,,[],[],,,15,14,
2026_07_15_01_26_56,000104,18,all-cavs,selective_edgecooper_global,grid,,,,,,,singleton,20,200.0,18,18,,{},"{""18"": 4929}",0,0.0,10,40.0,ns3,899,0.5,10,12,28,,,[],[],,,11,9,
2026_07_15_01_26_56,000104,19,all-cavs,selective_edgecooper_global,grid,,,,,,,singleton,20,200.0,19,19,,{},"{""19"": 4823}",0,0.0,10,40.0,ns3,899,0.5,10,12,28,,,[],[],,,10,13,
2026_07_15_01_26_56,000104,20,all-cavs,selective_edgecooper_global,grid,,,,,,,singleton,20,200.0,20,20;19,19,"{""19"": 55}","{""19"": 4748, ""20"": 4900}",75968,4.225139043381534,10,40.0,ns3,899,0.5,10,12,28,,,[],[],,19,22,27,
2026_07_15_01_26_56,000106,1,all-cavs,selective_edgecooper_global,grid,,,,,,,singleton,20,200.0,1,1,,{},"{""1"": 4928}",0,0.0,10,40.0,ns3,899,0.5,10,12,28,,,[],[],,,19,16,
2026_07_15_01_26_56,000106,2,all-cavs,selective_edgecooper_global,grid,,,,,,,singleton,20,200.0,2,2;15,15,"{""15"": 49}","{""2"": 4856, ""15"": 4734}",75744,4.212680756395995,10,40.0,ns3,899,0.5,10,12,28,,,[],[],,15,24,27,
2026_07_15_01_26_56,000106,3,all-cavs,selective_edgecooper_global,grid,,,,,,,singleton,20,200.0,3,3;18,18,"{""18"": 54}","{""3"": 4995, ""18"": 4873}",77968,4.336373748609566,10,40.0,ns3,899,0.5,10,12,28,,,[],[],,18,17,14,
2026_07_15_01_26_56,000106,4,all-cavs,selective_edgecooper_global,grid,,,,,,,singleton,20,200.0,4,4;1,1,"{""1"": 46}","{""1"": 4908, ""4"": 4852}",78528,4.367519466073414,10,40.0,ns3,899,0.5,10,12,28,,,[],[],,1,22,30,
2026_07_15_01_26_56,000106,5,all-cavs,selective_edgecooper_global,grid,,,,,,,singleton,20,200.0,5,5,,{},"{""5"": 4951}",0,0.0,10,40.0,ns3,899,0.5,10,12,28,,,[],[],,,8,15,
2026_07_15_01_26_56,000106,6,all-cavs,selective_edgecooper_global,grid,,,,,,,singleton,20,200.0,6,6,,{},"{""6"": 4708}",0,0.0,10,40.0,ns3,899,0.5,10,12,28,,,[],[],,,10,16,
2026_07_15_01_26_56,000106,7,all-cavs,selective_edgecooper_global,grid,,,,,,,singleton,20,200.0,7,7;5,5,"{""5"": 50}","{""5"": 4833, ""7"": 4920}",77328,4.300778642936597,10,40.0,ns3,899,0.5,10,12,28,,,[],[],,5,16,19,
2026_07_15_01_26_56,000106,8,all-cavs,selective_edgecooper_global,grid,,,,,,,singleton,20,200.0,8,8,,{},"{""8"": 4836}",0,0.0,10,40.0,ns3,899,0.5,10,12,28,,,[],[],,,13,21,
2026_07_15_01_26_56,000106,9,all-cavs,selective_edgecooper_global,grid,,,,,,,singleton,20,200.0,9,9,,{},"{""9"": 4852}",0,0.0,10,40.0,ns3,899,0.5,10,12,28,,,[],[],,,15,19,
2026_07_15_01_26_56,000106,10,all-cavs,selective_edgecooper_global,grid,,,,,,,singleton,20,200.0,10,10;13,13,"{""13"": 56}","{""10"": 4930, ""13"": 4645}",74320,4.133481646273638,10,40.0,ns3,899,0.5,10,12,28,,,[],[],,13,20,31,
2026_07_15_01_26_56,000106,11,all-cavs,selective_edgecooper_global,grid,,,,,,,singleton,20,200.0,11,11;9,9,"{""9"": 51}","{""9"": 4840, ""11"": 4908}",77440,4.307007786429366,10,40.0,ns3,899,0.5,10,12,28,,,[],[],,9,28,32,
2026_07_15_01_26_56,000106,12,all-cavs,selective_edgecooper_global,grid,,,,,,,singleton,20,200.0,12,12;8,8,"{""8"": 49}","{""8"": 4780, ""12"": 4987}",76480,4.253615127919911,10,40.0,ns3,899,0.5,10,12,28,,,[],[],,8,18,27,
2026_07_15_01_26_56,000106,13,all-cavs,selective_edgecooper_global,grid,,,,,,,singleton,20,200.0,13,13,,{},"{""13"": 4753}",0,0.0,10,40.0,ns3,899,0.5,10,12,28,,,[],[],,,8,13,
2026_07_15_01_26_56,000106,14,all-cavs,selective_edgecooper_global,grid,,,,,,,singleton,20,200.0,14,14,,{},"{""14"": 4815}",0,0.0,10,40.0,ns3,899,0.5,10,12,28,,,[],[],,,4,1,
2026_07_15_01_26_56,000106,15,all-cavs,selective_edgecooper_global,grid,,,,,,,singleton,20,200.0,15,15,,{},"{""15"": 4779}",0,0.0,10,40.0,ns3,899,0.5,10,12,28,,,[],[],,,14,12,
2026_07_15_01_26_56,000106,16,all-cavs,selective_edgecooper_global,grid,,,,,,,singleton,20,200.0,16,16;17,17,"{""17"": 60}","{""16"": 4954, ""17"": 4453}",71248,3.9626251390433818,10,40.0,ns3,899,0.5,10,12,28,,,[],[],,17,21,21,
2026_07_15_01_26_56,000106,17,all-cavs,selective_edgecooper_global,grid,,,,,,,singleton,20,200.0,17,17,,{},"{""17"": 4994}",0,0.0,10,40.0,ns3,899,0.5,10,12,28,,,[],[],,,15,14,
2026_07_15_01_26_56,000106,18,all-cavs,selective_edgecooper_global,grid,,,,,,,singleton,20,200.0,18,18,,{},"{""18"": 4912}",0,0.0,10,40.0,ns3,899,0.5,10,12,28,,,[],[],,,11,9,
2026_07_15_01_26_56,000106,19,all-cavs,selective_edgecooper_global,grid,,,,,,,singleton,20,200.0,19,19,,{},"{""19"": 4823}",0,0.0,10,40.0,ns3,899,0.5,10,12,28,,,[],[],,,11,15,
2026_07_15_01_26_56,000106,20,all-cavs,selective_edgecooper_global,grid,,,,,,,singleton,20,200.0,20,20;19,19,"{""19"": 57}","{""19"": 4749, ""20"": 4900}",75984,4.226028921023359,10,40.0,ns3,899,0.5,10,12,28,,,[],[],,19,23,27,
2026_07_15_01_26_56,000108,1,all-cavs,selective_edgecooper_global,grid,,,,,,,singleton,20,200.0,1,1;11,11,"{""11"": 53}","{""1"": 4928, ""11"": 4606}",73696,4.098776418242492,10,40.0,ns3,899,0.5,10,12,28,,,[],[],,11,23,31,
2026_07_15_01_26_56,000108,2,all-cavs,selective_edgecooper_global,grid,,,,,,,singleton,20,200.0,2,2;15,15,"{""15"": 49}","{""2"": 4859, ""15"": 4744}",75904,4.221579532814237,10,40.0,ns3,899,0.5,10,12,28,,,[],[],,15,24,28,
2026_07_15_01_26_56,000108,3,all-cavs,selective_edgecooper_global,grid,,,,,,,singleton,20,200.0,3,3;18,18,"{""18"": 56}","{""3"": 4982, ""18"": 4884}",78144,4.346162402669632,10,40.0,ns3,899,0.5,10,12,28,,,[],[],,18,17,14,
2026_07_15_01_26_56,000108,4,all-cavs,selective_edgecooper_global,grid,,,,,,,singleton,20,200.0,4,4,,{},"{""4"": 4850}",0,0.0,10,40.0,ns3,899,0.5,10,12,28,,,[],[],,,11,26,
2026_07_15_01_26_56,000108,5,all-cavs,selective_edgecooper_global,grid,,,,,,,singleton,20,200.0,5,5,,{},"{""5"": 4929}",0,0.0,10,40.0,ns3,899,0.5,10,12,28,,,[],[],,,11,16,
2026_07_15_01_26_56,000108,6,all-cavs,selective_edgecooper_global,grid,,,,,,,singleton,20,200.0,6,6,,{},"{""6"": 4713}",0,0.0,10,40.0,ns3,899,0.5,10,12,28,,,[],[],,,11,16,
2026_07_15_01_26_56,000108,7,all-cavs,selective_edgecooper_global,grid,,,,,,,singleton,20,200.0,7,7,,{},"{""7"": 4919}",0,0.0,10,40.0,ns3,899,0.5,10,12,28,,,[],[],,,13,13,
2026_07_15_01_26_56,000108,8,all-cavs,selective_edgecooper_global,grid,,,,,,,singleton,20,200.0,8,8,,{},"{""8"": 4837}",0,0.0,10,40.0,ns3,899,0.5,10,12,28,,,[],[],,,12,23,
2026_07_15_01_26_56,000108,9,all-cavs,selective_edgecooper_global,grid,,,,,,,singleton,20,200.0,9,9;5,5,"{""5"": 49}","{""5"": 4706, ""9"": 4853}",75296,4.1877641824249165,10,40.0,ns3,899,0.5,10,12,28,,,[],[],,5,18,23,
2026_07_15_01_26_56,000108,10,all-cavs,selective_edgecooper_global,grid,,,,,,,singleton,20,200.0,10,10;13,13,"{""13"": 53}","{""10"": 4928, ""13"": 4654}",74464,4.141490545050056,10,40.0,ns3,899,0.5,10,12,28,,,[],[],,13,21,31,
2026_07_15_01_26_56,000108,11,all-cavs,selective_edgecooper_global,grid,,,,,,,singleton,20,200.0,11,11,,{},"{""11"": 4911}",0,0.0,10,40.0,ns3,899,0.5,10,12,28,,,[],[],,,17,21,
2026_07_15_01_26_56,000108,12,all-cavs,selective_edgecooper_global,grid,,,,,,,singleton,20,200.0,12,12;8,8,"{""8"": 50}","{""8"": 4782, ""12"": 4997}",76512,4.25539488320356,10,40.0,ns3,899,0.5,10,12,28,,,[],[],,8,16,30,
2026_07_15_01_26_56,000108,13,all-cavs,selective_edgecooper_global,grid,,,,,,,singleton,20,200.0,13,13,,{},"{""13"": 4757}",0,0.0,10,40.0,ns3,899,0.5,10,12,28,,,[],[],,,7,13,
2026_07_15_01_26_56,000108,14,all-cavs,selective_edgecooper_global,grid,,,,,,,singleton,20,200.0,14,14,,{},"{""14"": 4804}",0,0.0,10,40.0,ns3,899,0.5,10,12,28,,,[],[],,,4,1,
2026_07_15_01_26_56,000108,15,all-cavs,selective_edgecooper_global,grid,,,,,,,singleton,20,200.0,15,15,,{},"{""15"": 4792}",0,0.0,10,40.0,ns3,899,0.5,10,12,28,,,[],[],,,12,13,
2026_07_15_01_26_56,000108,16,all-cavs,selective_edgecooper_global,grid,,,,,,,singleton,20,200.0,16,16,,{},"{""16"": 4980}",0,0.0,10,40.0,ns3,899,0.5,10,12,28,,,[],[],,,14,21,
2026_07_15_01_26_56,000108,17,all-cavs,selective_edgecooper_global,grid,,,,,,,singleton,20,200.0,17,17;7,7,"{""7"": 57}","{""7"": 4887, ""17"": 4998}",78192,4.348832035595105,10,40.0,ns3,899,0.5,10,12,28,,,[],[],,7,25,16,
2026_07_15_01_26_56,000108,18,all-cavs,selective_edgecooper_global,grid,,,,,,,singleton,20,200.0,18,18,,{},"{""18"": 4916}",0,0.0,10,40.0,ns3,899,0.5,10,12,28,,,[],[],,,10,9,
2026_07_15_01_26_56,000108,19,all-cavs,selective_edgecooper_global,grid,,,,,,,singleton,20,200.0,19,19,,{},"{""19"": 4825}",0,0.0,10,40.0,ns3,899,0.5,10,12,28,,,[],[],,,11,15,
2026_07_15_01_26_56,000108,20,all-cavs,selective_edgecooper_global,grid,,,,,,,singleton,20,200.0,20,20;19,19,"{""19"": 57}","{""19"": 4751, ""20"": 4899}",76016,4.227808676307007,10,40.0,ns3,899,0.5,10,12,28,,,[],[],,19,20,27,
2026_07_15_01_26_56,000110,1,all-cavs,selective_edgecooper_global,grid,,,,,,,singleton,20,200.0,1,1,,{},"{""1"": 4928}",0,0.0,10,40.0,ns3,899,0.5,10,12,28,,,[],[],,,14,16,
2026_07_15_01_26_56,000110,2,all-cavs,selective_edgecooper_global,grid,,,,,,,singleton,20,200.0,2,2;15,15,"{""15"": 48}","{""2"": 4860, ""15"": 4767}",76272,4.242046718576196,10,40.0,ns3,899,0.5,10,12,28,,,[],[],,15,26,28,
2026_07_15_01_26_56,000110,3,all-cavs,selective_edgecooper_global,grid,,,,,,,singleton,20,200.0,3,3;18,18,"{""18"": 56}","{""3"": 4993, ""18"": 4866}",77856,4.330144605116796,10,40.0,ns3,899,0.5,10,12,28,,,[],[],,18,16,13,
2026_07_15_01_26_56,000110,4,all-cavs,selective_edgecooper_global,grid,,,,,,,singleton,20,200.0,4,4;12,12,"{""12"": 55}","{""4"": 4850, ""12"": 4560}",72960,4.057842046718576,10,40.0,ns3,899,0.5,10,12,28,,,[],[],,12,12,30,
2026_07_15_01_26_56,000110,5,all-cavs,selective_edgecooper_global,grid,,,,,,,singleton,20,200.0,5,5,,{},"{""5"": 4921}",0,0.0,10,40.0,ns3,899,0.5,10,12,28,,,[],[],,,11,16,
2026_07_15_01_26_56,000110,6,all-cavs,selective_edgecooper_global,grid,,,,,,,singleton,20,200.0,6,6,,{},"{""6"": 4713}",0,0.0,10,40.0,ns3,899,0.5,10,12,28,,,[],[],,,12,16,
2026_07_15_01_26_56,000110,7,all-cavs,selective_edgecooper_global,grid,,,,,,,singleton,20,200.0,7,7;5,5,"{""5"": 49}","{""5"": 4795, ""7"": 4919}",76720,4.266963292547275,10,40.0,ns3,899,0.5,10,12,28,,,[],[],,5,14,19,
2026_07_15_01_26_56,000110,8,all-cavs,selective_edgecooper_global,grid,,,,,,,singleton,20,200.0,8,8,,{},"{""8"": 4834}",0,0.0,10,40.0,ns3,899,0.5,10,12,28,,,[],[],,,12,23,
2026_07_15_01_26_56,000110,9,all-cavs,selective_edgecooper_global,grid,,,,,,,singleton,20,200.0,9,9,,{},"{""9"": 4854}",0,0.0,10,40.0,ns3,899,0.5,10,12,28,,,[],[],,,15,19,
2026_07_15_01_26_56,000110,10,all-cavs,selective_edgecooper_global,grid,,,,,,,singleton,20,200.0,10,10;8,8,"{""8"": 51}","{""8"": 4719, ""10"": 4929}",75504,4.1993325917686315,10,40.0,ns3,899,0.5,10,12,28,,,[],[],,8,21,32,
2026_07_15_01_26_56,000110,11,all-cavs,selective_edgecooper_global,grid,,,,,,,singleton,20,200.0,11,11;9,9,"{""9"": 51}","{""9"": 4842, ""11"": 4911}",77472,4.308787541713015,10,40.0,ns3,899,0.5,10,12,28,,,[],[],,9,26,33,
2026_07_15_01_26_56,000110,12,all-cavs,selective_edgecooper_global,grid,,,,,,,singleton,20,200.0,12,12,,{},"{""12"": 4997}",0,0.0,10,40.0,ns3,899,0.5,10,12,28,,,[],[],,,9,12,
2026_07_15_01_26_56,000110,13,all-cavs,selective_edgecooper_global,grid,,,,,,,singleton,20,200.0,13,13,,{},"{""13"": 4738}",0,0.0,10,40.0,ns3,899,0.5,10,12,28,,,[],[],,,7,13,
2026_07_15_01_26_56,000110,14,all-cavs,selective_edgecooper_global,grid,,,,,,,singleton,20,200.0,14,14,,{},"{""14"": 4841}",0,0.0,10,40.0,ns3,899,0.5,10,12,28,,,[],[],,,4,1,
2026_07_15_01_26_56,000110,15,all-cavs,selective_edgecooper_global,grid,,,,,,,singleton,20,200.0,15,15,,{},"{""15"": 4814}",0,0.0,10,40.0,ns3,899,0.5,10,12,28,,,[],[],,,12,13,
2026_07_15_01_26_56,000110,16,all-cavs,selective_edgecooper_global,grid,,,,,,,singleton,20,200.0,16,16;17,17,"{""17"": 59}","{""16"": 4974, ""17"": 4401}",70416,3.91635150166852,10,40.0,ns3,899,0.5,10,12,28,,,[],[],,17,23,21,
2026_07_15_01_26_56,000110,17,all-cavs,selective_edgecooper_global,grid,,,,,,,singleton,20,200.0,17,17,,{},"{""17"": 5003}",0,0.0,10,40.0,ns3,899,0.5,10,12,28,,,[],[],,,16,14,
2026_07_15_01_26_56,000110,18,all-cavs,selective_edgecooper_global,grid,,,,,,,singleton,20,200.0,18,18,,{},"{""18"": 4900}",0,0.0,10,40.0,ns3,899,0.5,10,12,28,,,[],[],,,11,9,
2026_07_15_01_26_56,000110,19,all-cavs,selective_edgecooper_global,grid,,,,,,,singleton,20,200.0,19,19,,{},"{""19"": 4826}",0,0.0,10,40.0,ns3,899,0.5,10,12,28,,,[],[],,,11,15,
2026_07_15_01_26_56,000110,20,all-cavs,selective_edgecooper_global,grid,,,,,,,singleton,20,200.0,20,20;19,19,"{""19"": 56}","{""19"": 4752, ""20"": 4898}",76032,4.228698553948831,10,40.0,ns3,899,0.5,10,12,28,,,[],[],,19,20,27,
2026_07_15_01_26_56,000112,1,all-cavs,selective_edgecooper_global,grid,,,,,,,singleton,20,200.0,1,1,,{},"{""1"": 4926}",0,0.0,10,40.0,ns3,899,0.5,10,12,28,,,[],[],,,14,16,
2026_07_15_01_26_56,000112,2,all-cavs,selective_edgecooper_global,grid,,,,,,,singleton,20,200.0,2,2;15,15,"{""15"": 47}","{""2"": 4859, ""15"": 4729}",75664,4.208231368186874,10,40.0,ns3,899,0.5,10,12,28,,,[],[],,15,24,28,
2026_07_15_01_26_56,000112,3,all-cavs,selective_edgecooper_global,grid,,,,,,,singleton,20,200.0,3,3;18,18,"{""18"": 57}","{""3"": 4983, ""18"": 4862}",77792,4.3265850945494995,10,40.0,ns3,899,0.5,10,12,28,,,[],[],,18,17,12,
2026_07_15_01_26_56,000112,4,all-cavs,selective_edgecooper_global,grid,,,,,,,singleton,20,200.0,4,4;12,12,"{""12"": 55}","{""4"": 4850, ""12"": 4627}",74032,4.117463848720801,10,40.0,ns3,899,0.5,10,12,28,,,[],[],,12,11,30,
2026_07_15_01_26_56,000112,5,all-cavs,selective_edgecooper_global,grid,,,,,,,singleton,20,200.0,5,5,,{},"{""5"": 4910}",0,0.0,10,40.0,ns3,899,0.5,10,12,28,,,[],[],,,12,16,
2026_07_15_01_26_56,000112,6,all-cavs,selective_edgecooper_global,grid,,,,,,,singleton,20,200.0,6,6,,{},"{""6"": 4686}",0,0.0,10,40.0,ns3,899,0.5,10,12,28,,,[],[],,,12,16,
2026_07_15_01_26_56,000112,7,all-cavs,selective_edgecooper_global,grid,,,,,,,singleton,20,200.0,7,7;5,5,"{""5"": 52}","{""5"": 4787, ""7"": 4917}",76592,4.259844271412681,10,40.0,ns3,899,0.5,10,12,28,,,[],[],,5,16,21,
2026_07_15_01_26_56,000112,8,all-cavs,selective_edgecooper_global,grid,,,,,,,singleton,20,200.0,8,8,,{},"{""8"": 4834}",0,0.0,10,40.0,ns3,899,0.5,10,12,28,,,[],[],,,11,22,
2026_07_15_01_26_56,000112,9,all-cavs,selective_edgecooper_global,grid,,,,,,,singleton,20,200.0,9,9,,{},"{""9"": 4855}",0,0.0,10,40.0,ns3,899,0.5,10,12,28,,,[],[],,,13,19,
2026_07_15_01_26_56,000112,10,all-cavs,selective_edgecooper_global,grid,,,,,,,singleton,20,200.0,10,10;8,8,"{""8"": 52}","{""8"": 4719, ""10"": 4928}",75504,4.1993325917686315,10,40.0,ns3,899,0.5,10,12,28,,,[],[],,8,20,32,
2026_07_15_01_26_56,000112,11,all-cavs,selective_edgecooper_global,grid,,,,,,,singleton,20,200.0,11,11;9,9,"{""9"": 51}","{""9"": 4843, ""11"": 4912}",77488,4.309677419354839,10,40.0,ns3,899,0.5,10,12,28,,,[],[],,9,27,32,
2026_07_15_01_26_56,000112,12,all-cavs,selective_edgecooper_global,grid,,,,,,,singleton,20,200.0,12,12,,{},"{""12"": 5013}",0,0.0,10,40.0,ns3,899,0.5,10,12,28,,,[],[],,,8,10,
2026_07_15_01_26_56,000112,13,all-cavs,selective_edgecooper_global,grid,,,,,,,singleton,20,200.0,13,13,,{},"{""13"": 4707}",0,0.0,10,40.0,ns3,899,0.5,10,12,28,,,[],[],,,8,11,
2026_07_15_01_26_56,000112,14,all-cavs,selective_edgecooper_global,grid,,,,,,,singleton,20,200.0,14,14,,{},"{""14"": 4813}",0,0.0,10,40.0,ns3,899,0.5,10,12,28,,,[],[],,,3,1,
2026_07_15_01_26_56,000112,15,all-cavs,selective_edgecooper_global,grid,,,,,,,singleton,20,200.0,15,15,,{},"{""15"": 4776}",0,0.0,10,40.0,ns3,899,0.5,10,12,28,,,[],[],,,14,13,
2026_07_15_01_26_56,000112,16,all-cavs,selective_edgecooper_global,grid,,,,,,,singleton,20,200.0,16,16;17,17,"{""17"": 58}","{""16"": 4976, ""17"": 4354}",69664,3.874527252502781,10,40.0,ns3,899,0.5,10,12,28,,,[],[],,17,23,21,
2026_07_15_01_26_56,000112,17,all-cavs,selective_edgecooper_global,grid,,,,,,,singleton,20,200.0,17,17,,{},"{""17"": 4995}",0,0.0,10,40.0,ns3,899,0.5,10,12,28,,,[],[],,,15,13,
2026_07_15_01_26_56,000112,18,all-cavs,selective_edgecooper_global,grid,,,,,,,singleton,20,200.0,18,18,,{},"{""18"": 4899}",0,0.0,10,40.0,ns3,899,0.5,10,12,28,,,[],[],,,11,8,
2026_07_15_01_26_56,000112,19,all-cavs,selective_edgecooper_global,grid,,,,,,,singleton,20,200.0,19,19,,{},"{""19"": 4827}",0,0.0,10,40.0,ns3,899,0.5,10,12,28,,,[],[],,,13,15,
2026_07_15_01_26_56,000112,20,all-cavs,selective_edgecooper_global,grid,,,,,,,singleton,20,200.0,20,20;19,19,"{""19"": 57}","{""19"": 4753, ""20"": 4898}",76048,4.229588431590657,10,40.0,ns3,899,0.5,10,12,28,,,[],[],,19,20,27,
2026_07_15_01_26_56,000114,1,all-cavs,selective_edgecooper_global,grid,,,,,,,singleton,20,200.0,1,1;15,15,"{""15"": 48}","{""1"": 4926, ""15"": 4704}",75264,4.185984427141268,10,40.0,ns3,899,0.5,10,12,28,,,[],[],,15,26,29,
2026_07_15_01_26_56,000114,2,all-cavs,selective_edgecooper_global,grid,,,,,,,singleton,20,200.0,2,2,,{},"{""2"": 4858}",0,0.0,10,40.0,ns3,899,0.5,10,12,28,,,[],[],,,14,23,
2026_07_15_01_26_56,000114,3,all-cavs,selective_edgecooper_global,grid,,,,,,,singleton,20,200.0,3,3;18,18,"{""18"": 57}","{""3"": 4978, ""18"": 4881}",78096,4.34349276974416,10,40.0,ns3,899,0.5,10,12,28,,,[],[],,18,16,13,
2026_07_15_01_26_56,000114,4,all-cavs,selective_edgecooper_global,grid,,,,,,,singleton,20,200.0,4,4;12,12,"{""12"": 53}","{""4"": 4851, ""12"": 4680}",74880,4.164627363737486,10,40.0,ns3,899,0.5,10,12,28,,,[],[],,12,11,30,
2026_07_15_01_26_56,000114,5,all-cavs,selective_edgecooper_global,grid,,,,,,,singleton,20,200.0,5,5,,{},"{""5"": 4909}",0,0.0,10,40.0,ns3,899,0.5,10,12,28,,,[],[],,,15,16,
2026_07_15_01_26_56,000114,6,all-cavs,selective_edgecooper_global,grid,,,,,,,singleton,20,200.0,6,6,,{},"{""6"": 4680}",0,0.0,10,40.0,ns3,899,0.5,10,12,28,,,[],[],,,11,16,
2026_07_15_01_26_56,000114,7,all-cavs,selective_edgecooper_global,grid,,,,,,,singleton,20,200.0,7,7;5,5,"{""5"": 52}","{""5"": 4771, ""7"": 4919}",76336,4.245606229143493,10,40.0,ns3,899,0.5,10,12,28,,,[],[],,5,12,23,
2026_07_15_01_26_56,000114,8,all-cavs,selective_edgecooper_global,grid,,,,,,,singleton,20,200.0,8,8,,{},"{""8"": 4834}",0,0.0,10,40.0,ns3,899,0.5,10,12,28,,,[],[],,,12,22,
2026_07_15_01_26_56,000114,9,all-cavs,selective_edgecooper_global,grid,,,,,,,singleton,20,200.0,9,9,,{},"{""9"": 4854}",0,0.0,10,40.0,ns3,899,0.5,10,12,28,,,[],[],,,13,18,
2026_07_15_01_26_56,000114,10,all-cavs,selective_edgecooper_global,grid,,,,,,,singleton,20,200.0,10,10;8,8,"{""8"": 53}","{""8"": 4719, ""10"": 4928}",75504,4.1993325917686315,10,40.0,ns3,899,0.5,10,12,28,,,[],[],,8,23,32,
2026_07_15_01_26_56,000114,11,all-cavs,selective_edgecooper_global,grid,,,,,,,singleton,20,200.0,11,11;9,9,"{""9"": 51}","{""9"": 4842, ""11"": 4911}",77472,4.308787541713015,10,40.0,ns3,899,0.5,10,12,28,,,[],[],,9,29,32,
2026_07_15_01_26_56,000114,12,all-cavs,selective_edgecooper_global,grid,,,,,,,singleton,20,200.0,12,12,,{},"{""12"": 5019}",0,0.0,10,40.0,ns3,899,0.5,10,12,28,,,[],[],,,8,12,
2026_07_15_01_26_56,000114,13,all-cavs,selective_edgecooper_global,grid,,,,,,,singleton,20,200.0,13,13,,{},"{""13"": 4726}",0,0.0,10,40.0,ns3,899,0.5,10,12,28,,,[],[],,,8,12,
2026_07_15_01_26_56,000114,14,all-cavs,selective_edgecooper_global,grid,,,,,,,singleton,20,200.0,14,14,,{},"{""14"": 4823}",0,0.0,10,40.0,ns3,899,0.5,10,12,28,,,[],[],,,3,2,
2026_07_15_01_26_56,000114,15,all-cavs,selective_edgecooper_global,grid,,,,,,,singleton,20,200.0,15,15,,{},"{""15"": 4789}",0,0.0,10,40.0,ns3,899,0.5,10,12,28,,,[],[],,,15,13,
2026_07_15_01_26_56,000114,16,all-cavs,selective_edgecooper_global,grid,,,,,,,singleton,20,200.0,16,16;17,17,"{""17"": 60}","{""16"": 4987, ""17"": 4310}",68960,3.8353726362625142,10,40.0,ns3,899,0.5,10,12,28,,,[],[],,17,19,21,
2026_07_15_01_26_56,000114,17,all-cavs,selective_edgecooper_global,grid,,,,,,,singleton,20,200.0,17,17,,{},"{""17"": 5006}",0,0.0,10,40.0,ns3,899,0.5,10,12,28,,,[],[],,,14,13,
2026_07_15_01_26_56,000114,18,all-cavs,selective_edgecooper_global,grid,,,,,,,singleton,20,200.0,18,18,,{},"{""18"": 4917}",0,0.0,10,40.0,ns3,899,0.5,10,12,28,,,[],[],,,10,9,
2026_07_15_01_26_56,000114,19,all-cavs,selective_edgecooper_global,grid,,,,,,,singleton,20,200.0,19,19,,{},"{""19"": 4828}",0,0.0,10,40.0,ns3,899,0.5,10,12,28,,,[],[],,,10,15,
2026_07_15_01_26_56,000114,20,all-cavs,selective_edgecooper_global,grid,,,,,,,singleton,20,200.0,20,20;19,19,"{""19"": 57}","{""19"": 4753, ""20"": 4899}",76048,4.229588431590657,10,40.0,ns3,899,0.5,10,12,28,,,[],[],,19,20,27,
2026_07_15_01_26_56,000116,1,all-cavs,selective_edgecooper_global,grid,,,,,,,singleton,20,200.0,1,1,,{},"{""1"": 4926}",0,0.0,10,40.0,ns3,899,0.5,10,12,28,,,[],[],,,17,16,
2026_07_15_01_26_56,000116,2,all-cavs,selective_edgecooper_global,grid,,,,,,,singleton,20,200.0,2,2;15,15,"{""15"": 48}","{""2"": 4858, ""15"": 4745}",75920,4.222469410456062,10,40.0,ns3,899,0.5,10,12,28,,,[],[],,15,23,29,
2026_07_15_01_26_56,000116,3,all-cavs,selective_edgecooper_global,grid,,,,,,,singleton,20,200.0,3,3;18,18,"{""18"": 61}","{""3"": 4990, ""18"": 4856}",77696,4.321245828698554,10,40.0,ns3,899,0.5,10,12,28,,,[],[],,18,16,12,
2026_07_15_01_26_56,000116,4,all-cavs,selective_edgecooper_global,grid,,,,,,,singleton,20,200.0,4,4;12,12,"{""12"": 54}","{""4"": 4849, ""12"": 4706}",75296,4.1877641824249165,10,40.0,ns3,899,0.5,10,12,28,,,[],[],,12,13,30,
2026_07_15_01_26_56,000116,5,all-cavs,selective_edgecooper_global,grid,,,,,,,singleton,20,200.0,5,5,,{},"{""5"": 4920}",0,0.0,10,40.0,ns3,899,0.5,10,12,28,,,[],[],,,15,14,
2026_07_15_01_26_56,000116,6,all-cavs,selective_edgecooper_global,grid,,,,,,,singleton,20,200.0,6,6,,{},"{""6"": 4710}",0,0.0,10,40.0,ns3,899,0.5,10,12,28,,,[],[],,,10,16,
2026_07_15_01_26_56,000116,7,all-cavs,selective_edgecooper_global,grid,,,,,,,singleton,20,200.0,7,7;5,5,"{""5"": 54}","{""5"": 4770, ""7"": 4918}",76320,4.244716351501669,10,40.0,ns3,899,0.5,10,12,28,,,[],[],,5,13,23,
2026_07_15_01_26_56,000116,8,all-cavs,selective_edgecooper_global,grid,,,,,,,singleton,20,200.0,8,8,,{},"{""8"": 4836}",0,0.0,10,40.0,ns3,899,0.5,10,12,28,,,[],[],,,12,22,
2026_07_15_01_26_56,000116,9,all-cavs,selective_edgecooper_global,grid,,,,,,,singleton,20,200.0,9,9,,{},"{""9"": 4853}",0,0.0,10,40.0,ns3,899,0.5,10,12,28,,,[],[],,,13,18,
2026_07_15_01_26_56,000116,10,all-cavs,selective_edgecooper_global,grid,,,,,,,singleton,20,200.0,10,10;8,8,"{""8"": 53}","{""8"": 4721, ""10"": 4925}",75536,4.20111234705228,10,40.0,ns3,899,0.5,10,12,28,,,[],[],,8,21,32,
2026_07_15_01_26_56,000116,11,all-cavs,selective_edgecooper_global,grid,,,,,,,singleton,20,200.0,11,11;9,9,"{""9"": 52}","{""9"": 4841, ""11"": 4911}",77456,4.307897664071191,10,40.0,ns3,899,0.5,10,12,28,,,[],[],,9,27,32,
2026_07_15_01_26_56,000116,12,all-cavs,selective_edgecooper_global,grid,,,,,,,singleton,20,200.0,12,12,,{},"{""12"": 4999}",0,0.0,10,40.0,ns3,899,0.5,10,12,28,,,[],[],,,7,10,
2026_07_15_01_26_56,000116,13,all-cavs,selective_edgecooper_global,grid,,,,,,,singleton,20,200.0,13,13,,{},"{""13"": 4746}",0,0.0,10,40.0,ns3,899,0.5,10,12,28,,,[],[],,,10,12,
2026_07_15_01_26_56,000116,14,all-cavs,selective_edgecooper_global,grid,,,,,,,singleton,20,200.0,14,14,,{},"{""14"": 4826}",0,0.0,10,40.0,ns3,899,0.5,10,12,28,,,[],[],,,4,2,
2026_07_15_01_26_56,000116,15,all-cavs,selective_edgecooper_global,grid,,,,,,,singleton,20,200.0,15,15,,{},"{""15"": 4804}",0,0.0,10,40.0,ns3,899,0.5,10,12,28,,,[],[],,,16,13,
2026_07_15_01_26_56,000116,16,all-cavs,selective_edgecooper_global,grid,,,,,,,singleton,20,200.0,16,16;17,17,"{""17"": 56}","{""16"": 4994, ""17"": 4314}",69024,3.838932146829811,10,40.0,ns3,899,0.5,10,12,28,,,[],[],,17,21,20,
2026_07_15_01_26_56,000116,17,all-cavs,selective_edgecooper_global,grid,,,,,,,singleton,20,200.0,17,17,,{},"{""17"": 5014}",0,0.0,10,40.0,ns3,899,0.5,10,12,28,,,[],[],,,16,13,
2026_07_15_01_26_56,000116,18,all-cavs,selective_edgecooper_global,grid,,,,,,,singleton,20,200.0,18,18,,{},"{""18"": 4888}",0,0.0,10,40.0,ns3,899,0.5,10,12,28,,,[],[],,,10,8,
2026_07_15_01_26_56,000116,19,all-cavs,selective_edgecooper_global,grid,,,,,,,singleton,20,200.0,19,19,,{},"{""19"": 4829}",0,0.0,10,40.0,ns3,899,0.5,10,12,28,,,[],[],,,11,15,
2026_07_15_01_26_56,000116,20,all-cavs,selective_edgecooper_global,grid,,,,,,,singleton,20,200.0,20,20;19,19,"{""19"": 57}","{""19"": 4623, ""20"": 4899}",73968,4.113904338153504,10,40.0,ns3,899,0.5,10,12,28,,,[],[],,19,20,27,
2026_07_15_01_26_56,000118,1,all-cavs,selective_edgecooper_global,grid,,,,,,,singleton,20,200.0,1,1,,{},"{""1"": 4927}",0,0.0,10,40.0,ns3,899,0.5,10,12,28,,,[],[],,,20,16,
2026_07_15_01_26_56,000118,2,all-cavs,selective_edgecooper_global,grid,,,,,,,singleton,20,200.0,2,2;15,15,"{""15"": 49}","{""2"": 4868, ""15"": 4756}",76096,4.232258064516129,10,40.0,ns3,899,0.5,10,12,28,,,[],[],,15,22,28,
2026_07_15_01_26_56,000118,3,all-cavs,selective_edgecooper_global,grid,,,,,,,singleton,20,200.0,3,3;18,18,"{""18"": 60}","{""3"": 4987, ""18"": 4776}",76416,4.250055617352614,10,40.0,ns3,899,0.5,10,12,28,,,[],[],,18,16,11,
2026_07_15_01_26_56,000118,4,all-cavs,selective_edgecooper_global,grid,,,,,,,singleton,20,200.0,4,4;12,12,"{""12"": 53}","{""4"": 4849, ""12"": 4740}",75840,4.21802002224694,10,40.0,ns3,899,0.5,10,12,28,,,[],[],,12,12,29,
2026_07_15_01_26_56,000118,5,all-cavs,selective_edgecooper_global,grid,,,,,,,singleton,20,200.0,5,5,,{},"{""5"": 4904}",0,0.0,10,40.0,ns3,899,0.5,10,12,28,,,[],[],,,17,14,
2026_07_15_01_26_56,000118,6,all-cavs,selective_edgecooper_global,grid,,,,,,,singleton,20,200.0,6,6,,{},"{""6"": 4718}",0,0.0,10,40.0,ns3,899,0.5,10,12,28,,,[],[],,,11,16,
2026_07_15_01_26_56,000118,7,all-cavs,selective_edgecooper_global,grid,,,,,,,singleton,20,200.0,7,7;5,5,"{""5"": 53}","{""5"": 4756, ""7"": 4916}",76096,4.232258064516129,10,40.0,ns3,899,0.5,10,12,28,,,[],[],,5,12,22,
2026_07_15_01_26_56,000118,8,all-cavs,selective_edgecooper_global,grid,,,,,,,singleton,20,200.0,8,8,,{},"{""8"": 4838}",0,0.0,10,40.0,ns3,899,0.5,10,12,28,,,[],[],,,13,22,
2026_07_15_01_26_56,000118,9,all-cavs,selective_edgecooper_global,grid,,,,,,,singleton,20,200.0,9,9,,{},"{""9"": 4853}",0,0.0,10,40.0,ns3,899,0.5,10,12,28,,,[],[],,,13,17,
2026_07_15_01_26_56,000118,10,all-cavs,selective_edgecooper_global,grid,,,,,,,singleton,20,200.0,10,10;8,8,"{""8"": 54}","{""8"": 4723, ""10"": 4926}",75568,4.2028921023359285,10,40.0,ns3,899,0.5,10,12,28,,,[],[],,8,22,33,
2026_07_15_01_26_56,000118,11,all-cavs,selective_edgecooper_global,grid,,,,,,,singleton,20,200.0,11,11;9,9,"{""9"": 51}","{""9"": 4841, ""11"": 4914}",77456,4.307897664071191,10,40.0,ns3,899,0.5,10,12,28,,,[],[],,9,26,31,
2026_07_15_01_26_56,000118,12,all-cavs,selective_edgecooper_global,grid,,,,,,,singleton,20,200.0,12,12,,{},"{""12"": 5018}",0,0.0,10,40.0,ns3,899,0.5,10,12,28,,,[],[],,,8,11,
2026_07_15_01_26_56,000118,13,all-cavs,selective_edgecooper_global,grid,,,,,,,singleton,20,200.0,13,13,,{},"{""13"": 4711}",0,0.0,10,40.0,ns3,899,0.5,10,12,28,,,[],[],,,7,12,
2026_07_15_01_26_56,000118,14,all-cavs,selective_edgecooper_global,grid,,,,,,,singleton,20,200.0,14,14,,{},"{""14"": 4863}",0,0.0,10,40.0,ns3,899,0.5,10,12,28,,,[],[],,,4,1,
2026_07_15_01_26_56,000118,15,all-cavs,selective_edgecooper_global,grid,,,,,,,singleton,20,200.0,15,15,,{},"{""15"": 4815}",0,0.0,10,40.0,ns3,899,0.5,10,12,28,,,[],[],,,13,12,
2026_07_15_01_26_56,000118,16,all-cavs,selective_edgecooper_global,grid,,,,,,,singleton,20,200.0,16,16;17,17,"{""17"": 56}","{""16"": 4998, ""17"": 4306}",68896,3.831813125695217,10,40.0,ns3,899,0.5,10,12,28,,,[],[],,17,16,21,
2026_07_15_01_26_56,000118,17,all-cavs,selective_edgecooper_global,grid,,,,,,,singleton,20,200.0,17,17,,{},"{""17"": 5023}",0,0.0,10,40.0,ns3,899,0.5,10,12,28,,,[],[],,,14,13,
2026_07_15_01_26_56,000118,18,all-cavs,selective_edgecooper_global,grid,,,,,,,singleton,20,200.0,18,18,,{},"{""18"": 4898}",0,0.0,10,40.0,ns3,899,0.5,10,12,28,,,[],[],,,10,7,
2026_07_15_01_26_56,000118,19,all-cavs,selective_edgecooper_global,grid,,,,,,,singleton,20,200.0,19,19,,{},"{""19"": 4828}",0,0.0,10,40.0,ns3,899,0.5,10,12,28,,,[],[],,,13,15,
2026_07_15_01_26_56,000118,20,all-cavs,selective_edgecooper_global,grid,,,,,,,singleton,20,200.0,20,20;19,19,"{""19"": 57}","{""19"": 4622, ""20"": 4899}",73952,4.11301446051168,10,40.0,ns3,899,0.5,10,12,28,,,[],[],,19,20,27,
2026_07_15_01_26_56,000120,1,all-cavs,selective_edgecooper_global,grid,,,,,,,singleton,20,200.0,1,1,,{},"{""1"": 4928}",0,0.0,10,40.0,ns3,899,0.5,10,12,28,,,[],[],,,18,16,
2026_07_15_01_26_56,000120,2,all-cavs,selective_edgecooper_global,grid,,,,,,,singleton,20,200.0,2,2;15,15,"{""15"": 49}","{""2"": 4867, ""15"": 4741}",75856,4.218909899888765,10,40.0,ns3,899,0.5,10,12,28,,,[],[],,15,22,28,
2026_07_15_01_26_56,000120,3,all-cavs,selective_edgecooper_global,grid,,,,,,,singleton,20,200.0,3,3;18,18,"{""18"": 57}","{""3"": 4986, ""18"": 4777}",76432,4.250945494994439,10,40.0,ns3,899,0.5,10,12,28,,,[],[],,18,15,12,
2026_07_15_01_26_56,000120,4,all-cavs,selective_edgecooper_global,grid,,,,,,,singleton,20,200.0,4,4;12,12,"{""12"": 55}","{""4"": 4848, ""12"": 4775}",76400,4.24916573971079,10,40.0,ns3,899,0.5,10,12,28,,,[],[],,12,12,30,
2026_07_15_01_26_56,000120,5,all-cavs,selective_edgecooper_global,grid,,,,,,,singleton,20,200.0,5,5,,{},"{""5"": 4901}",0,0.0,10,40.0,ns3,899,0.5,10,12,28,,,[],[],,,14,14,
2026_07_15_01_26_56,000120,6,all-cavs,selective_edgecooper_global,grid,,,,,,,singleton,20,200.0,6,6,,{},"{""6"": 4711}",0,0.0,10,40.0,ns3,899,0.5,10,12,28,,,[],[],,,10,16,
2026_07_15_01_26_56,000120,7,all-cavs,selective_edgecooper_global,grid,,,,,,,singleton,20,200.0,7,7;5,5,"{""5"": 54}","{""5"": 4736, ""7"": 4915}",75776,4.214460511679643,10,40.0,ns3,899,0.5,10,12,28,,,[],[],,5,17,23,
2026_07_15_01_26_56,000120,8,all-cavs,selective_edgecooper_global,grid,,,,,,,singleton,20,200.0,8,8,,{},"{""8"": 4837}",0,0.0,10,40.0,ns3,899,0.5,10,12,28,,,[],[],,,12,21,
2026_07_15_01_26_56,000120,9,all-cavs,selective_edgecooper_global,grid,,,,,,,singleton,20,200.0,9,9,,{},"{""9"": 4854}",0,0.0,10,40.0,ns3,899,0.5,10,12,28,,,[],[],,,13,17,
2026_07_15_01_26_56,000120,10,all-cavs,selective_edgecooper_global,grid,,,,,,,singleton,20,200.0,10,10;8,8,"{""8"": 54}","{""8"": 4722, ""10"": 4927}",75552,4.2020022246941044,10,40.0,ns3,899,0.5,10,12,28,,,[],[],,8,23,33,
2026_07_15_01_26_56,000120,11,all-cavs,selective_edgecooper_global,grid,,,,,,,singleton,20,200.0,11,11;9,9,"{""9"": 51}","{""9"": 4842, ""11"": 4913}",77472,4.308787541713015,10,40.0,ns3,899,0.5,10,12,28,,,[],[],,9,27,31,
2026_07_15_01_26_56,000120,12,all-cavs,selective_edgecooper_global,grid,,,,,,,singleton,20,200.0,12,12,,{},"{""12"": 5020}",0,0.0,10,40.0,ns3,899,0.5,10,12,28,,,[],[],,,10,10,
2026_07_15_01_26_56,000120,13,all-cavs,selective_edgecooper_global,grid,,,,,,,singleton,20,200.0,13,13,,{},"{""13"": 4704}",0,0.0,10,40.0,ns3,899,0.5,10,12,28,,,[],[],,,5,12,
2026_07_15_01_26_56,000120,14,all-cavs,selective_edgecooper_global,grid,,,,,,,singleton,20,200.0,14,14,,{},"{""14"": 4863}",0,0.0,10,40.0,ns3,899,0.5,10,12,28,,,[],[],,,3,1,
2026_07_15_01_26_56,000120,15,all-cavs,selective_edgecooper_global,grid,,,,,,,singleton,20,200.0,15,15,,{},"{""15"": 4811}",0,0.0,10,40.0,ns3,899,0.5,10,12,28,,,[],[],,,14,12,
2026_07_15_01_26_56,000120,16,all-cavs,selective_edgecooper_global,grid,,,,,,,singleton,20,200.0,16,16;17,17,"{""17"": 56}","{""16"": 4996, ""17"": 4300}",68800,3.8264738598442714,10,40.0,ns3,899,0.5,10,12,28,,,[],[],,17,16,20,
2026_07_15_01_26_56,000120,17,all-cavs,selective_edgecooper_global,grid,,,,,,,singleton,20,200.0,17,17,,{},"{""17"": 5031}",0,0.0,10,40.0,ns3,899,0.5,10,12,28,,,[],[],,,15,13,
2026_07_15_01_26_56,000120,18,all-cavs,selective_edgecooper_global,grid,,,,,,,singleton,20,200.0,18,18,,{},"{""18"": 4887}",0,0.0,10,40.0,ns3,899,0.5,10,12,28,,,[],[],,,11,8,
2026_07_15_01_26_56,000120,19,all-cavs,selective_edgecooper_global,grid,,,,,,,singleton,20,200.0,19,19,,{},"{""19"": 4830}",0,0.0,10,40.0,ns3,899,0.5,10,12,28,,,[],[],,,14,16,
2026_07_15_01_26_56,000120,20,all-cavs,selective_edgecooper_global,grid,,,,,,,singleton,20,200.0,20,20;19,19,"{""19"": 57}","{""19"": 4624, ""20"": 4901}",73984,4.114794215795328,10,40.0,ns3,899,0.5,10,12,28,,,[],[],,19,19,27,
2026_07_15_01_26_56,000122,1,all-cavs,selective_edgecooper_global,grid,,,,,,,singleton,20,200.0,1,1,,{},"{""1"": 4925}",0,0.0,10,40.0,ns3,899,0.5,10,12,28,,,[],[],,,17,16,
2026_07_15_01_26_56,000122,2,all-cavs,selective_edgecooper_global,grid,,,,,,,singleton,20,200.0,2,2;15,15,"{""15"": 49}","{""2"": 4867, ""15"": 4738}",75808,4.216240266963292,10,40.0,ns3,899,0.5,10,12,28,,,[],[],,15,22,28,
2026_07_15_01_26_56,000122,3,all-cavs,selective_edgecooper_global,grid,,,,,,,singleton,20,200.0,3,3;18,18,"{""18"": 58}","{""3"": 4990, ""18"": 4788}",76608,4.260734149054505,10,40.0,ns3,899,0.5,10,12,28,,,[],[],,18,15,11,
2026_07_15_01_26_56,000122,4,all-cavs,selective_edgecooper_global,grid,,,,,,,singleton,20,200.0,4,4;12,12,"{""12"": 53}","{""4"": 4847, ""12"": 4789}",76624,4.26162402669633,10,40.0,ns3,899,0.5,10,12,28,,,[],[],,12,12,31,
2026_07_15_01_26_56,000122,5,all-cavs,selective_edgecooper_global,grid,,,,,,,singleton,20,200.0,5,5,,{},"{""5"": 4902}",0,0.0,10,40.0,ns3,899,0.5,10,12,28,,,[],[],,,15,12,
2026_07_15_01_26_56,000122,6,all-cavs,selective_edgecooper_global,grid,,,,,,,singleton,20,200.0,6,6,,{},"{""6"": 4722}",0,0.0,10,40.0,ns3,899,0.5,10,12,28,,,[],[],,,11,17,
2026_07_15_01_26_56,000122,7,all-cavs,selective_edgecooper_global,grid,,,,,,,singleton,20,200.0,7,7;5,5,"{""5"": 50}","{""5"": 4741, ""7"": 4915}",75856,4.218909899888765,10,40.0,ns3,899,0.5,10,12,28,,,[],[],,5,14,24,
2026_07_15_01_26_56,000122,8,all-cavs,selective_edgecooper_global,grid,,,,,,,singleton,20,200.0,8,8,,{},"{""8"": 4838}",0,0.0,10,40.0,ns3,899,0.5,10,12,28,,,[],[],,,12,21,
2026_07_15_01_26_56,000122,9,all-cavs,selective_edgecooper_global,grid,,,,,,,singleton,20,200.0,9,9,,{},"{""9"": 4851}",0,0.0,10,40.0,ns3,899,0.5,10,12,28,,,[],[],,,14,16,
2026_07_15_01_26_56,000122,10,all-cavs,selective_edgecooper_global,grid,,,,,,,singleton,20,200.0,10,10;8,8,"{""8"": 54}","{""8"": 4723, ""10"": 4927}",75568,4.2028921023359285,10,40.0,ns3,899,0.5,10,12,28,,,[],[],,8,23,32,
2026_07_15_01_26_56,000122,11,all-cavs,selective_edgecooper_global,grid,,,,,,,singleton,20,200.0,11,11;9,9,"{""9"": 50}","{""9"": 4839, ""11"": 4911}",77424,4.306117908787542,10,40.0,ns3,899,0.5,10,12,28,,,[],[],,9,26,30,
2026_07_15_01_26_56,000122,12,all-cavs,selective_edgecooper_global,grid,,,,,,,singleton,20,200.0,12,12,,{},"{""12"": 5019}",0,0.0,10,40.0,ns3,899,0.5,10,12,28,,,[],[],,,9,9,
2026_07_15_01_26_56,000122,13,all-cavs,selective_edgecooper_global,grid,,,,,,,singleton,20,200.0,13,13,,{},"{""13"": 4698}",0,0.0,10,40.0,ns3,899,0.5,10,12,28,,,[],[],,,5,12,
2026_07_15_01_26_56,000122,14,all-cavs,selective_edgecooper_global,grid,,,,,,,singleton,20,200.0,14,14,,{},"{""14"": 4861}",0,0.0,10,40.0,ns3,899,0.5,10,12,28,,,[],[],,,3,1,
2026_07_15_01_26_56,000122,15,all-cavs,selective_edgecooper_global,grid,,,,,,,singleton,20,200.0,15,15,,{},"{""15"": 4812}",0,0.0,10,40.0,ns3,899,0.5,10,12,28,,,[],[],,,14,12,
2026_07_15_01_26_56,000122,16,all-cavs,selective_edgecooper_global,grid,,,,,,,singleton,20,200.0,16,16;17,17,"{""17"": 56}","{""16"": 4999, ""17"": 4291}",68656,3.818464961067853,10,40.0,ns3,899,0.5,10,12,28,,,[],[],,17,18,20,
2026_07_15_01_26_56,000122,17,all-cavs,selective_edgecooper_global,grid,,,,,,,singleton,20,200.0,17,17,,{},"{""17"": 5030}",0,0.0,10,40.0,ns3,899,0.5,10,12,28,,,[],[],,,14,13,
2026_07_15_01_26_56,000122,18,all-cavs,selective_edgecooper_global,grid,,,,,,,singleton,20,200.0,18,18,,{},"{""18"": 4895}",0,0.0,10,40.0,ns3,899,0.5,10,12,28,,,[],[],,,11,7,
2026_07_15_01_26_56,000122,19,all-cavs,selective_edgecooper_global,grid,,,,,,,singleton,20,200.0,19,19,,{},"{""19"": 4826}",0,0.0,10,40.0,ns3,899,0.5,10,12,28,,,[],[],,,13,16,
2026_07_15_01_26_56,000122,20,all-cavs,selective_edgecooper_global,grid,,,,,,,singleton,20,200.0,20,20;19,19,"{""19"": 57}","{""19"": 4618, ""20"": 4897}",73888,4.109454949944383,10,40.0,ns3,899,0.5,10,12,28,,,[],[],,19,20,27,
2026_07_15_01_26_56,000124,1,all-cavs,selective_edgecooper_global,grid,,,,,,,singleton,20,200.0,1,1,,{},"{""1"": 4925}",0,0.0,10,40.0,ns3,899,0.5,10,12,28,,,[],[],,,18,16,
2026_07_15_01_26_56,000124,2,all-cavs,selective_edgecooper_global,grid,,,,,,,singleton,20,200.0,2,2;15,15,"{""15"": 49}","{""2"": 4868, ""15"": 4736}",75776,4.214460511679643,10,40.0,ns3,899,0.5,10,12,28,,,[],[],,15,21,28,
2026_07_15_01_26_56,000124,3,all-cavs,selective_edgecooper_global,grid,,,,,,,singleton,20,200.0,3,3;18,18,"{""18"": 57}","{""3"": 4995, ""18"": 4787}",76592,4.259844271412681,10,40.0,ns3,899,0.5,10,12,28,,,[],[],,18,14,12,
2026_07_15_01_26_56,000124,4,all-cavs,selective_edgecooper_global,grid,,,,,,,singleton,20,200.0,4,4;12,12,"{""12"": 52}","{""4"": 4850, ""12"": 4785}",76560,4.258064516129033,10,40.0,ns3,899,0.5,10,12,28,,,[],[],,12,12,31,
2026_07_15_01_26_56,000124,5,all-cavs,selective_edgecooper_global,grid,,,,,,,singleton,20,200.0,5,5;19,19,"{""19"": 62}","{""5"": 4870, ""19"": 4823}",77168,4.291879866518354,10,40.0,ns3,899,0.5,10,12,28,,,[],[],,19,19,19,
2026_07_15_01_26_56,000124,6,all-cavs,selective_edgecooper_global,grid,,,,,,,singleton,20,200.0,6,6,,{},"{""6"": 4737}",0,0.0,10,40.0,ns3,899,0.5,10,12,28,,,[],[],,,11,17,
2026_07_15_01_26_56,000124,7,all-cavs,selective_edgecooper_global,grid,,,,,,,singleton,20,200.0,7,7,,{},"{""7"": 4910}",0,0.0,10,40.0,ns3,899,0.5,10,12,28,,,[],[],,,13,14,
2026_07_15_01_26_56,000124,8,all-cavs,selective_edgecooper_global,grid,,,,,,,singleton,20,200.0,8,8,,{},"{""8"": 4840}",0,0.0,10,40.0,ns3,899,0.5,10,12,28,,,[],[],,,13,21,
2026_07_15_01_26_56,000124,9,all-cavs,selective_edgecooper_global,grid,,,,,,,singleton,20,200.0,9,9,,{},"{""9"": 4854}",0,0.0,10,40.0,ns3,899,0.5,10,12,28,,,[],[],,,14,17,
2026_07_15_01_26_56,000124,10,all-cavs,selective_edgecooper_global,grid,,,,,,,singleton,20,200.0,10,10;8,8,"{""8"": 53}","{""8"": 4725, ""10"": 4926}",75600,4.204671857619577,10,40.0,ns3,899,0.5,10,12,28,,,[],[],,8,22,32,
2026_07_15_01_26_56,000124,11,all-cavs,selective_edgecooper_global,grid,,,,,,,singleton,20,200.0,11,11;9,9,"{""9"": 52}","{""9"": 4842, ""11"": 4910}",77472,4.308787541713015,10,40.0,ns3,899,0.5,10,12,28,,,[],[],,9,28,31,
2026_07_15_01_26_56,000124,12,all-cavs,selective_edgecooper_global,grid,,,,,,,singleton,20,200.0,12,12,,{},"{""12"": 4985}",0,0.0,10,40.0,ns3,899,0.5,10,12,28,,,[],[],,,9,10,
2026_07_15_01_26_56,000124,13,all-cavs,selective_edgecooper_global,grid,,,,,,,singleton,20,200.0,13,13,,{},"{""13"": 4711}",0,0.0,10,40.0,ns3,899,0.5,10,12,28,,,[],[],,,8,11,
2026_07_15_01_26_56,000124,14,all-cavs,selective_edgecooper_global,grid,,,,,,,singleton,20,200.0,14,14,,{},"{""14"": 4828}",0,0.0,10,40.0,ns3,899,0.5,10,12,28,,,[],[],,,2,1,
2026_07_15_01_26_56,000124,15,all-cavs,selective_edgecooper_global,grid,,,,,,,singleton,20,200.0,15,15,,{},"{""15"": 4813}",0,0.0,10,40.0,ns3,899,0.5,10,12,28,,,[],[],,,16,12,
2026_07_15_01_26_56,000124,16,all-cavs,selective_edgecooper_global,grid,,,,,,,singleton,20,200.0,16,16;20,20,"{""20"": 49}","{""16"": 5015, ""20"": 4722}",75552,4.2020022246941044,10,40.0,ns3,899,0.5,10,12,28,,,[],[],,20,25,29,
2026_07_15_01_26_56,000124,17,all-cavs,selective_edgecooper_global,grid,,,,,,,singleton,20,200.0,17,17;7,7,"{""7"": 55}","{""7"": 4873, ""17"": 5029}",77968,4.336373748609566,10,40.0,ns3,899,0.5,10,12,28,,,[],[],,7,19,16,
2026_07_15_01_26_56,000124,18,all-cavs,selective_edgecooper_global,grid,,,,,,,singleton,20,200.0,18,18,,{},"{""18"": 4891}",0,0.0,10,40.0,ns3,899,0.5,10,12,28,,,[],[],,,10,7,
2026_07_15_01_26_56,000124,19,all-cavs,selective_edgecooper_global,grid,,,,,,,singleton,20,200.0,19,19,,{},"{""19"": 4829}",0,0.0,10,40.0,ns3,899,0.5,10,12,28,,,[],[],,,12,16,
2026_07_15_01_26_56,000124,20,all-cavs,selective_edgecooper_global,grid,,,,,,,singleton,20,200.0,20,20,,{},"{""20"": 4897}",0,0.0,10,40.0,ns3,899,0.5,10,12,28,,,[],[],,,17,19,
2026_07_15_01_26_56,000126,1,all-cavs,selective_edgecooper_global,grid,,,,,,,singleton,20,200.0,1,1,,{},"{""1"": 4926}",0,0.0,10,40.0,ns3,899,0.5,10,12,28,,,[],[],,,18,16,
2026_07_15_01_26_56,000126,2,all-cavs,selective_edgecooper_global,grid,,,,,,,singleton,20,200.0,2,2,,{},"{""2"": 4870}",0,0.0,10,40.0,ns3,899,0.5,10,12,28,,,[],[],,,14,24,
2026_07_15_01_26_56,000126,3,all-cavs,selective_edgecooper_global,grid,,,,,,,singleton,20,200.0,3,3;18,18,"{""18"": 55}","{""3"": 4998, ""18"": 4780}",76480,4.253615127919911,10,40.0,ns3,899,0.5,10,12,28,,,[],[],,18,17,13,
2026_07_15_01_26_56,000126,4,all-cavs,selective_edgecooper_global,grid,,,,,,,singleton,20,200.0,4,4;12,12,"{""12"": 54}","{""4"": 4849, ""12"": 4805}",76880,4.275862068965518,10,40.0,ns3,899,0.5,10,12,28,,,[],[],,12,11,31,
2026_07_15_01_26_56,000126,5,all-cavs,selective_edgecooper_global,grid,,,,,,,singleton,20,200.0,5,5;19,19,"{""19"": 62}","{""5"": 4875, ""19"": 4822}",77152,4.29098998887653,10,40.0,ns3,899,0.5,10,12,28,,,[],[],,19,14,20,
2026_07_15_01_26_56,000126,6,all-cavs,selective_edgecooper_global,grid,,,,,,,singleton,20,200.0,6,6;15,15,"{""15"": 48}","{""6"": 4741, ""15"": 4784}",76544,4.257174638487208,10,40.0,ns3,899,0.5,10,12,28,,,[],[],,15,17,24,
2026_07_15_01_26_56,000126,7,all-cavs,selective_edgecooper_global,grid,,,,,,,singleton,20,200.0,7,7,,{},"{""7"": 4912}",0,0.0,10,40.0,ns3,899,0.5,10,12,28,,,[],[],,,12,14,
2026_07_15_01_26_56,000126,8,all-cavs,selective_edgecooper_global,grid,,,,,,,singleton,20,200.0,8,8,,{},"{""8"": 4840}",0,0.0,10,40.0,ns3,899,0.5,10,12,28,,,[],[],,,12,20,
2026_07_15_01_26_56,000126,9,all-cavs,selective_edgecooper_global,grid,,,,,,,singleton,20,200.0,9,9,,{},"{""9"": 4854}",0,0.0,10,40.0,ns3,899,0.5,10,12,28,,,[],[],,,13,16,
2026_07_15_01_26_56,000126,10,all-cavs,selective_edgecooper_global,grid,,,,,,,singleton,20,200.0,10,10;8,8,"{""8"": 53}","{""8"": 4725, ""10"": 4925}",75600,4.204671857619577,10,40.0,ns3,899,0.5,10,12,28,,,[],[],,8,23,32,
2026_07_15_01_26_56,000126,11,all-cavs,selective_edgecooper_global,grid,,,,,,,singleton,20,200.0,11,11;9,9,"{""9"": 53}","{""9"": 4842, ""11"": 4912}",77472,4.308787541713015,10,40.0,ns3,899,0.5,10,12,28,,,[],[],,9,25,30,
2026_07_15_01_26_56,000126,12,all-cavs,selective_edgecooper_global,grid,,,,,,,singleton,20,200.0,12,12,,{},"{""12"": 4992}",0,0.0,10,40.0,ns3,899,0.5,10,12,28,,,[],[],,,7,11,
2026_07_15_01_26_56,000126,13,all-cavs,selective_edgecooper_global,grid,,,,,,,singleton,20,200.0,13,13;14,14,"{""14"": 56}","{""13"": 4690, ""14"": 4753}",76048,4.229588431590657,10,40.0,ns3,899,0.5,10,12,28,,,[],[],,14,10,12,
2026_07_15_01_26_56,000126,14,all-cavs,selective_edgecooper_global,grid,,,,,,,singleton,20,200.0,14,14,,{},"{""14"": 4808}",0,0.0,10,40.0,ns3,899,0.5,10,12,28,,,[],[],,,4,1,
2026_07_15_01_26_56,000126,15,all-cavs,selective_edgecooper_global,grid,,,,,,,singleton,20,200.0,15,15,,{},"{""15"": 4825}",0,0.0,10,40.0,ns3,899,0.5,10,12,28,,,[],[],,,15,13,
2026_07_15_01_26_56,000126,16,all-cavs,selective_edgecooper_global,grid,,,,,,,singleton,20,200.0,16,16;20,20,"{""20"": 49}","{""16"": 5021, ""20"": 4736}",75776,4.214460511679643,10,40.0,ns3,899,0.5,10,12,28,,,[],[],,20,27,29,
2026_07_15_01_26_56,000126,17,all-cavs,selective_edgecooper_global,grid,,,,,,,singleton,20,200.0,17,17;7,7,"{""7"": 55}","{""7"": 4874, ""17"": 5026}",77984,4.33726362625139,10,40.0,ns3,899,0.5,10,12,28,,,[],[],,7,21,15,
2026_07_15_01_26_56,000126,18,all-cavs,selective_edgecooper_global,grid,,,,,,,singleton,20,200.0,18,18,,{},"{""18"": 4875}",0,0.0,10,40.0,ns3,899,0.5,10,12,28,,,[],[],,,8,8,
2026_07_15_01_26_56,000126,19,all-cavs,selective_edgecooper_global,grid,,,,,,,singleton,20,200.0,19,19,,{},"{""19"": 4829}",0,0.0,10,40.0,ns3,899,0.5,10,12,28,,,[],[],,,11,16,
2026_07_15_01_26_56,000126,20,all-cavs,selective_edgecooper_global,grid,,,,,,,singleton,20,200.0,20,20,,{},"{""20"": 4899}",0,0.0,10,40.0,ns3,899,0.5,10,12,28,,,[],[],,,18,19,
2026_07_15_01_26_56,000128,1,all-cavs,selective_edgecooper_global,grid,,,,,,,singleton,20,200.0,1,1,,{},"{""1"": 4925}",0,0.0,10,40.0,ns3,899,0.5,10,12,28,,,[],[],,,18,15,
2026_07_15_01_26_56,000128,2,all-cavs,selective_edgecooper_global,grid,,,,,,,singleton,20,200.0,2,2;1,1,"{""1"": 43}","{""1"": 4674, ""2"": 4861}",74784,4.159288097886541,10,40.0,ns3,899,0.5,10,12,28,,,[],[],,1,17,29,
2026_07_15_01_26_56,000128,3,all-cavs,selective_edgecooper_global,grid,,,,,,,singleton,20,200.0,3,3;18,18,"{""18"": 57}","{""3"": 5008, ""18"": 4773}",76368,4.247385984427142,10,40.0,ns3,899,0.5,10,12,28,,,[],[],,18,14,12,
2026_07_15_01_26_56,000128,4,all-cavs,selective_edgecooper_global,grid,,,,,,,singleton,20,200.0,4,4;12,12,"{""12"": 54}","{""4"": 4851, ""12"": 4825}",77200,4.293659621802003,10,40.0,ns3,899,0.5,10,12,28,,,[],[],,12,11,30,
2026_07_15_01_26_56,000128,5,all-cavs,selective_edgecooper_global,grid,,,,,,,singleton,20,200.0,5,5;19,19,"{""19"": 62}","{""5"": 4864, ""19"": 4821}",77136,4.290100111234706,10,40.0,ns3,899,0.5,10,12,28,,,[],[],,19,16,20,
2026_07_15_01_26_56,000128,6,all-cavs,selective_edgecooper_global,grid,,,,,,,singleton,20,200.0,6,6;15,15,"{""15"": 47}","{""6"": 4741, ""15"": 4783}",76528,4.256284760845384,10,40.0,ns3,899,0.5,10,12,28,,,[],[],,15,15,24,
2026_07_15_01_26_56,000128,7,all-cavs,selective_edgecooper_global,grid,,,,,,,singleton,20,200.0,7,7,,{},"{""7"": 4910}",0,0.0,10,40.0,ns3,899,0.5,10,12,28,,,[],[],,,14,13,
2026_07_15_01_26_56,000128,8,all-cavs,selective_edgecooper_global,grid,,,,,,,singleton,20,200.0,8,8,,{},"{""8"": 4840}",0,0.0,10,40.0,ns3,899,0.5,10,12,28,,,[],[],,,13,20,
2026_07_15_01_26_56,000128,9,all-cavs,selective_edgecooper_global,grid,,,,,,,singleton,20,200.0,9,9,,{},"{""9"": 4853}",0,0.0,10,40.0,ns3,899,0.5,10,12,28,,,[],[],,,13,16,
2026_07_15_01_26_56,000128,10,all-cavs,selective_edgecooper_global,grid,,,,,,,singleton,20,200.0,10,10;8,8,"{""8"": 53}","{""8"": 4725, ""10"": 4923}",75600,4.204671857619577,10,40.0,ns3,899,0.5,10,12,28,,,[],[],,8,23,31,
2026_07_15_01_26_56,000128,11,all-cavs,selective_edgecooper_global,grid,,,,,,,singleton,20,200.0,11,11;9,9,"{""9"": 54}","{""9"": 4841, ""11"": 4912}",77456,4.307897664071191,10,40.0,ns3,899,0.5,10,12,28,,,[],[],,9,26,30,
2026_07_15_01_26_56,000128,12,all-cavs,selective_edgecooper_global,grid,,,,,,,singleton,20,200.0,12,12,,{},"{""12"": 4996}",0,0.0,10,40.0,ns3,899,0.5,10,12,28,,,[],[],,,6,11,
2026_07_15_01_26_56,000128,13,all-cavs,selective_edgecooper_global,grid,,,,,,,singleton,20,200.0,13,13,,{},"{""13"": 4698}",0,0.0,10,40.0,ns3,899,0.5,10,12,28,,,[],[],,,7,9,
2026_07_15_01_26_56,000128,14,all-cavs,selective_edgecooper_global,grid,,,,,,,singleton,20,200.0,14,14;13,13,"{""13"": 55}","{""13"": 4676, ""14"": 4842}",74816,4.161067853170189,10,40.0,ns3,899,0.5,10,12,28,,,[],[],,13,7,2,
2026_07_15_01_26_56,000128,15,all-cavs,selective_edgecooper_global,grid,,,,,,,singleton,20,200.0,15,15,,{},"{""15"": 4821}",0,0.0,10,40.0,ns3,899,0.5,10,12,28,,,[],[],,,14,13,
2026_07_15_01_26_56,000128,16,all-cavs,selective_edgecooper_global,grid,,,,,,,singleton,20,200.0,16,16;20,20,"{""20"": 49}","{""16"": 5018, ""20"": 4750}",76000,4.226918798665183,10,40.0,ns3,899,0.5,10,12,28,,,[],[],,20,25,30,
2026_07_15_01_26_56,000128,17,all-cavs,selective_edgecooper_global,grid,,,,,,,singleton,20,200.0,17,17;7,7,"{""7"": 54}","{""7"": 4873, ""17"": 5026}",77968,4.336373748609566,10,40.0,ns3,899,0.5,10,12,28,,,[],[],,7,20,15,
2026_07_15_01_26_56,000128,18,all-cavs,selective_edgecooper_global,grid,,,,,,,singleton,20,200.0,18,18,,{},"{""18"": 4870}",0,0.0,10,40.0,ns3,899,0.5,10,12,28,,,[],[],,,8,7,
2026_07_15_01_26_56,000128,19,all-cavs,selective_edgecooper_global,grid,,,,,,,singleton,20,200.0,19,19,,{},"{""19"": 4830}",0,0.0,10,40.0,ns3,899,0.5,10,12,28,,,[],[],,,11,16,
2026_07_15_01_26_56,000128,20,all-cavs,selective_edgecooper_global,grid,,,,,,,singleton,20,200.0,20,20,,{},"{""20"": 4900}",0,0.0,10,40.0,ns3,899,0.5,10,12,28,,,[],[],,,16,19,
2026_07_15_01_26_56,000130,1,all-cavs,selective_edgecooper_global,grid,,,,,,,singleton,20,200.0,1,1;15,15,"{""15"": 48}","{""1"": 4928, ""15"": 4712}",75392,4.193103448275862,10,40.0,ns3,899,0.5,10,12,28,,,[],[],,15,25,27,
2026_07_15_01_26_56,000130,2,all-cavs,selective_edgecooper_global,grid,,,,,,,singleton,20,200.0,2,2,,{},"{""2"": 4853}",0,0.0,10,40.0,ns3,899,0.5,10,12,28,,,[],[],,,13,25,
2026_07_15_01_26_56,000130,3,all-cavs,selective_edgecooper_global,grid,,,,,,,singleton,20,200.0,3,3;18,18,"{""18"": 51}","{""3"": 4993, ""18"": 4785}",76560,4.258064516129033,10,40.0,ns3,899,0.5,10,12,28,,,[],[],,18,13,12,
2026_07_15_01_26_56,000130,4,all-cavs,selective_edgecooper_global,grid,,,,,,,singleton,20,200.0,4,4;12,12,"{""12"": 54}","{""4"": 4849, ""12"": 4848}",77568,4.31412680756396,10,40.0,ns3,899,0.5,10,12,28,,,[],[],,12,12,30,
2026_07_15_01_26_56,000130,5,all-cavs,selective_edgecooper_global,grid,,,,,,,singleton,20,200.0,5,5;19,19,"{""19"": 62}","{""5"": 4841, ""19"": 4825}",77200,4.293659621802003,10,40.0,ns3,899,0.5,10,12,28,,,[],[],,19,20,20,
2026_07_15_01_26_56,000130,6,all-cavs,selective_edgecooper_global,grid,,,,,,,singleton,20,200.0,6,6,,{},"{""6"": 4745}",0,0.0,10,40.0,ns3,899,0.5,10,12,28,,,[],[],,,10,16,
2026_07_15_01_26_56,000130,7,all-cavs,selective_edgecooper_global,grid,,,,,,,singleton,20,200.0,7,7,,{},"{""7"": 4910}",0,0.0,10,40.0,ns3,899,0.5,10,12,28,,,[],[],,,13,12,
2026_07_15_01_26_56,000130,8,all-cavs,selective_edgecooper_global,grid,,,,,,,singleton,20,200.0,8,8,,{},"{""8"": 4840}",0,0.0,10,40.0,ns3,899,0.5,10,12,28,,,[],[],,,12,20,
2026_07_15_01_26_56,000130,9,all-cavs,selective_edgecooper_global,grid,,,,,,,singleton,20,200.0,9,9,,{},"{""9"": 4854}",0,0.0,10,40.0,ns3,899,0.5,10,12,28,,,[],[],,,13,17,
2026_07_15_01_26_56,000130,10,all-cavs,selective_edgecooper_global,grid,,,,,,,singleton,20,200.0,10,10;8,8,"{""8"": 52}","{""8"": 4725, ""10"": 4923}",75600,4.204671857619577,10,40.0,ns3,899,0.5,10,12,28,,,[],[],,8,22,31,
2026_07_15_01_26_56,000130,11,all-cavs,selective_edgecooper_global,grid,,,,,,,singleton,20,200.0,11,11;9,9,"{""9"": 55}","{""9"": 4842, ""11"": 4912}",77472,4.308787541713015,10,40.0,ns3,899,0.5,10,12,28,,,[],[],,9,27,31,
2026_07_15_01_26_56,000130,12,all-cavs,selective_edgecooper_global,grid,,,,,,,singleton,20,200.0,12,12,,{},"{""12"": 4999}",0,0.0,10,40.0,ns3,899,0.5,10,12,28,,,[],[],,,9,11,
2026_07_15_01_26_56,000130,13,all-cavs,selective_edgecooper_global,grid,,,,,,,singleton,20,200.0,13,13,,{},"{""13"": 4679}",0,0.0,10,40.0,ns3,899,0.5,10,12,28,,,[],[],,,7,10,
2026_07_15_01_26_56,000130,14,all-cavs,selective_edgecooper_global,grid,,,,,,,singleton,20,200.0,14,14;13,13,"{""13"": 54}","{""13"": 4651, ""14"": 4881}",74416,4.138820912124583,10,40.0,ns3,899,0.5,10,12,28,,,[],[],,13,7,2,
2026_07_15_01_26_56,000130,15,all-cavs,selective_edgecooper_global,grid,,,,,,,singleton,20,200.0,15,15,,{},"{""15"": 4809}",0,0.0,10,40.0,ns3,899,0.5,10,12,28,,,[],[],,,14,12,
2026_07_15_01_26_56,000130,16,all-cavs,selective_edgecooper_global,grid,,,,,,,singleton,20,200.0,16,16;20,20,"{""20"": 48}","{""16"": 5017, ""20"": 4749}",75984,4.226028921023359,10,40.0,ns3,899,0.5,10,12,28,,,[],[],,20,22,30,
2026_07_15_01_26_56,000130,17,all-cavs,selective_edgecooper_global,grid,,,,,,,singleton,20,200.0,17,17;7,7,"{""7"": 54}","{""7"": 4873, ""17"": 5023}",77968,4.336373748609566,10,40.0,ns3,899,0.5,10,12,28,,,[],[],,7,21,15,
2026_07_15_01_26_56,000130,18,all-cavs,selective_edgecooper_global,grid,,,,,,,singleton,20,200.0,18,18,,{},"{""18"": 4877}",0,0.0,10,40.0,ns3,899,0.5,10,12,28,,,[],[],,,9,7,
2026_07_15_01_26_56,000130,19,all-cavs,selective_edgecooper_global,grid,,,,,,,singleton,20,200.0,19,19,,{},"{""19"": 4829}",0,0.0,10,40.0,ns3,899,0.5,10,12,28,,,[],[],,,11,16,
2026_07_15_01_26_56,000130,20,all-cavs,selective_edgecooper_global,grid,,,,,,,singleton,20,200.0,20,20,,{},"{""20"": 4900}",0,0.0,10,40.0,ns3,899,0.5,10,12,28,,,[],[],,,17,19,
2026_07_15_01_26_56,000132,1,all-cavs,selective_edgecooper_global,grid,,,,,,,singleton,20,200.0,1,1;11,11,"{""11"": 53}","{""1"": 4928, ""11"": 4605}",73680,4.097886540600668,10,40.0,ns3,899,0.5,10,12,28,,,[],[],,11,19,29,
2026_07_15_01_26_56,000132,2,all-cavs,selective_edgecooper_global,grid,,,,,,,singleton,20,200.0,2,2,,{},"{""2"": 4855}",0,0.0,10,40.0,ns3,899,0.5,10,12,28,,,[],[],,,17,25,
2026_07_15_01_26_56,000132,3,all-cavs,selective_edgecooper_global,grid,,,,,,,singleton,20,200.0,3,3;18,18,"{""18"": 53}","{""3"": 5009, ""18"": 4774}",76384,4.248275862068966,10,40.0,ns3,899,0.5,10,12,28,,,[],[],,18,14,11,
2026_07_15_01_26_56,000132,4,all-cavs,selective_edgecooper_global,grid,,,,,,,singleton,20,200.0,4,4;12,12,"{""12"": 55}","{""4"": 4850, ""12"": 4839}",77424,4.306117908787542,10,40.0,ns3,899,0.5,10,12,28,,,[],[],,12,11,30,
2026_07_15_01_26_56,000132,5,all-cavs,selective_edgecooper_global,grid,,,,,,,singleton,20,200.0,5,5,,{},"{""5"": 4861}",0,0.0,10,40.0,ns3,899,0.5,10,12,28,,,[],[],,,19,13,
2026_07_15_01_26_56,000132,6,all-cavs,selective_edgecooper_global,grid,,,,,,,singleton,20,200.0,6,6;15,15,"{""15"": 49}","{""6"": 4741, ""15"": 4796}",76736,4.267853170189099,10,40.0,ns3,899,0.5,10,12,28,,,[],[],,15,15,22,
2026_07_15_01_26_56,000132,7,all-cavs,selective_edgecooper_global,grid,,,,,,,singleton,20,200.0,7,7,,{},"{""7"": 4911}",0,0.0,10,40.0,ns3,899,0.5,10,12,28,,,[],[],,,13,12,
2026_07_15_01_26_56,000132,8,all-cavs,selective_edgecooper_global,grid,,,,,,,singleton,20,200.0,8,8,,{},"{""8"": 4840}",0,0.0,10,40.0,ns3,899,0.5,10,12,28,,,[],[],,,12,21,
2026_07_15_01_26_56,000132,9,all-cavs,selective_edgecooper_global,grid,,,,,,,singleton,20,200.0,9,9;5,5,"{""5"": 52}","{""5"": 4768, ""9"": 4852}",76288,4.24293659621802,10,40.0,ns3,899,0.5,10,12,28,,,[],[],,5,18,20,
2026_07_15_01_26_56,000132,10,all-cavs,selective_edgecooper_global,grid,,,,,,,singleton,20,200.0,10,10;8,8,"{""8"": 52}","{""8"": 4725, ""10"": 4923}",75600,4.204671857619577,10,40.0,ns3,899,0.5,10,12,28,,,[],[],,8,21,31,
2026_07_15_01_26_56,000132,11,all-cavs,selective_edgecooper_global,grid,,,,,,,singleton,20,200.0,11,11,,{},"{""11"": 4910}",0,0.0,10,40.0,ns3,899,0.5,10,12,28,,,[],[],,,18,20,
2026_07_15_01_26_56,000132,12,all-cavs,selective_edgecooper_global,grid,,,,,,,singleton,20,200.0,12,12,,{},"{""12"": 4979}",0,0.0,10,40.0,ns3,899,0.5,10,12,28,,,[],[],,,7,10,
2026_07_15_01_26_56,000132,13,all-cavs,selective_edgecooper_global,grid,,,,,,,singleton,20,200.0,13,13;19,19,"{""19"": 57}","{""13"": 4705, ""19"": 4606}",73696,4.098776418242492,10,40.0,ns3,899,0.5,10,12,28,,,[],[],,19,14,26,
2026_07_15_01_26_56,000132,14,all-cavs,selective_edgecooper_global,grid,,,,,,,singleton,20,200.0,14,14,,{},"{""14"": 4852}",0,0.0,10,40.0,ns3,899,0.5,10,12,28,,,[],[],,,5,1,
2026_07_15_01_26_56,000132,15,all-cavs,selective_edgecooper_global,grid,,,,,,,singleton,20,200.0,15,15,,{},"{""15"": 4844}",0,0.0,10,40.0,ns3,899,0.5,10,12,28,,,[],[],,,13,12,
2026_07_15_01_26_56,000132,16,all-cavs,selective_edgecooper_global,grid,,,,,,,singleton,20,200.0,16,16;20,20,"{""20"": 48}","{""16"": 5008, ""20"": 4788}",76608,4.260734149054505,10,40.0,ns3,899,0.5,10,12,28,,,[],[],,20,23,30,
2026_07_15_01_26_56,000132,17,all-cavs,selective_edgecooper_global,grid,,,,,,,singleton,20,200.0,17,17;7,7,"{""7"": 54}","{""7"": 4874, ""17"": 5022}",77984,4.33726362625139,10,40.0,ns3,899,0.5,10,12,28,,,[],[],,7,22,15,
2026_07_15_01_26_56,000132,18,all-cavs,selective_edgecooper_global,grid,,,,,,,singleton,20,200.0,18,18,,{},"{""18"": 4859}",0,0.0,10,40.0,ns3,899,0.5,10,12,28,,,[],[],,,8,7,
2026_07_15_01_26_56,000132,19,all-cavs,selective_edgecooper_global,grid,,,,,,,singleton,20,200.0,19,19,,{},"{""19"": 4829}",0,0.0,10,40.0,ns3,899,0.5,10,12,28,,,[],[],,,11,16,
2026_07_15_01_26_56,000132,20,all-cavs,selective_edgecooper_global,grid,,,,,,,singleton,20,200.0,20,20,,{},"{""20"": 4901}",0,0.0,10,40.0,ns3,899,0.5,10,12,28,,,[],[],,,16,19,
2026_07_15_01_26_56,000134,1,all-cavs,selective_edgecooper_global,grid,,,,,,,singleton,20,200.0,1,1;11,11,"{""11"": 53}","{""1"": 4927, ""11"": 4604}",73664,4.096996662958843,10,40.0,ns3,899,0.5,10,12,28,,,[],[],,11,21,29,
2026_07_15_01_26_56,000134,2,all-cavs,selective_edgecooper_global,grid,,,,,,,singleton,20,200.0,2,2,,{},"{""2"": 4855}",0,0.0,10,40.0,ns3,899,0.5,10,12,28,,,[],[],,,17,25,
2026_07_15_01_26_56,000134,3,all-cavs,selective_edgecooper_global,grid,,,,,,,singleton,20,200.0,3,3;18,18,"{""18"": 56}","{""3"": 4995, ""18"": 4767}",76272,4.242046718576196,10,40.0,ns3,899,0.5,10,12,28,,,[],[],,18,12,11,
2026_07_15_01_26_56,000134,4,all-cavs,selective_edgecooper_global,grid,,,,,,,singleton,20,200.0,4,4;12,12,"{""12"": 54}","{""4"": 4848, ""12"": 4856}",77696,4.321245828698554,10,40.0,ns3,899,0.5,10,12,28,,,[],[],,12,12,30,
2026_07_15_01_26_56,000134,5,all-cavs,selective_edgecooper_global,grid,,,,,,,singleton,20,200.0,5,5,,{},"{""5"": 4855}",0,0.0,10,40.0,ns3,899,0.5,10,12,28,,,[],[],,,15,16,
2026_07_15_01_26_56,000134,6,all-cavs,selective_edgecooper_global,grid,,,,,,,singleton,20,200.0,6,6;15,15,"{""15"": 50}","{""6"": 4734, ""15"": 4774}",76384,4.248275862068966,10,40.0,ns3,899,0.5,10,12,28,,,[],[],,15,16,25,
2026_07_15_01_26_56,000134,7,all-cavs,selective_edgecooper_global,grid,,,,,,,singleton,20,200.0,7,7,,{},"{""7"": 4911}",0,0.0,10,40.0,ns3,899,0.5,10,12,28,,,[],[],,,13,13,
2026_07_15_01_26_56,000134,8,all-cavs,selective_edgecooper_global,grid,,,,,,,singleton,20,200.0,8,8,,{},"{""8"": 4840}",0,0.0,10,40.0,ns3,899,0.5,10,12,28,,,[],[],,,13,21,
2026_07_15_01_26_56,000134,9,all-cavs,selective_edgecooper_global,grid,,,,,,,singleton,20,200.0,9,9;5,5,"{""5"": 53}","{""5"": 4763, ""9"": 4854}",76208,4.238487208008899,10,40.0,ns3,899,0.5,10,12,28,,,[],[],,5,17,21,
2026_07_15_01_26_56,000134,10,all-cavs,selective_edgecooper_global,grid,,,,,,,singleton,20,200.0,10,10;8,8,"{""8"": 52}","{""8"": 4725, ""10"": 4923}",75600,4.204671857619577,10,40.0,ns3,899,0.5,10,12,28,,,[],[],,8,20,30,
2026_07_15_01_26_56,000134,11,all-cavs,selective_edgecooper_global,grid,,,,,,,singleton,20,200.0,11,11,,{},"{""11"": 4909}",0,0.0,10,40.0,ns3,899,0.5,10,12,28,,,[],[],,,17,20,
2026_07_15_01_26_56,000134,12,all-cavs,selective_edgecooper_global,grid,,,,,,,singleton,20,200.0,12,12,,{},"{""12"": 4992}",0,0.0,10,40.0,ns3,899,0.5,10,12,28,,,[],[],,,7,11,
2026_07_15_01_26_56,000134,13,all-cavs,selective_edgecooper_global,grid,,,,,,,singleton,20,200.0,13,13;19,19,"{""19"": 56}","{""13"": 4701, ""19"": 4606}",73696,4.098776418242492,10,40.0,ns3,899,0.5,10,12,28,,,[],[],,19,13,26,
2026_07_15_01_26_56,000134,14,all-cavs,selective_edgecooper_global,grid,,,,,,,singleton,20,200.0,14,14,,{},"{""14"": 4863}",0,0.0,10,40.0,ns3,899,0.5,10,12,28,,,[],[],,,4,1,
2026_07_15_01_26_56,000134,15,all-cavs,selective_edgecooper_global,grid,,,,,,,singleton,20,200.0,15,15,,{},"{""15"": 4817}",0,0.0,10,40.0,ns3,899,0.5,10,12,28,,,[],[],,,14,15,
2026_07_15_01_26_56,000134,16,all-cavs,selective_edgecooper_global,grid,,,,,,,singleton,20,200.0,16,16;20,20,"{""20"": 48}","{""16"": 5006, ""20"": 4787}",76592,4.259844271412681,10,40.0,ns3,899,0.5,10,12,28,,,[],[],,20,24,30,
2026_07_15_01_26_56,000134,17,all-cavs,selective_edgecooper_global,grid,,,,,,,singleton,20,200.0,17,17;7,7,"{""7"": 54}","{""7"": 4871, ""17"": 5034}",77936,4.334593993325917,10,40.0,ns3,899,0.5,10,12,28,,,[],[],,7,20,16,
2026_07_15_01_26_56,000134,18,all-cavs,selective_edgecooper_global,grid,,,,,,,singleton,20,200.0,18,18,,{},"{""18"": 4848}",0,0.0,10,40.0,ns3,899,0.5,10,12,28,,,[],[],,,9,7,
2026_07_15_01_26_56,000134,19,all-cavs,selective_edgecooper_global,grid,,,,,,,singleton,20,200.0,19,19,,{},"{""19"": 4830}",0,0.0,10,40.0,ns3,899,0.5,10,12,28,,,[],[],,,10,16,
2026_07_15_01_26_56,000134,20,all-cavs,selective_edgecooper_global,grid,,,,,,,singleton,20,200.0,20,20,,{},"{""20"": 4905}",0,0.0,10,40.0,ns3,899,0.5,10,12,28,,,[],[],,,17,19,
2026_07_15_01_26_56,000136,1,all-cavs,selective_edgecooper_global,grid,,,,,,,singleton,20,200.0,1,1;11,11,"{""11"": 53}","{""1"": 4927, ""11"": 4606}",73696,4.098776418242492,10,40.0,ns3,899,0.5,10,12,28,,,[],[],,11,21,30,
2026_07_15_01_26_56,000136,2,all-cavs,selective_edgecooper_global,grid,,,,,,,singleton,20,200.0,2,2,,{},"{""2"": 4856}",0,0.0,10,40.0,ns3,899,0.5,10,12,28,,,[],[],,,15,25,
2026_07_15_01_26_56,000136,3,all-cavs,selective_edgecooper_global,grid,,,,,,,singleton,20,200.0,3,3;18,18,"{""18"": 58}","{""3"": 5020, ""18"": 4775}",76400,4.24916573971079,10,40.0,ns3,899,0.5,10,12,28,,,[],[],,18,13,12,
2026_07_15_01_26_56,000136,4,all-cavs,selective_edgecooper_global,grid,,,,,,,singleton,20,200.0,4,4;12,12,"{""12"": 52}","{""4"": 4848, ""12"": 4882}",78112,4.344382647385984,10,40.0,ns3,899,0.5,10,12,28,,,[],[],,12,11,30,
2026_07_15_01_26_56,000136,5,all-cavs,selective_edgecooper_global,grid,,,,,,,singleton,20,200.0,5,5,,{},"{""5"": 4863}",0,0.0,10,40.0,ns3,899,0.5,10,12,28,,,[],[],,,10,16,
2026_07_15_01_26_56,000136,6,all-cavs,selective_edgecooper_global,grid,,,,,,,singleton,20,200.0,6,6;15,15,"{""15"": 49}","{""6"": 4740, ""15"": 4779}",76464,4.252725250278087,10,40.0,ns3,899,0.5,10,12,28,,,[],[],,15,16,25,
2026_07_15_01_26_56,000136,7,all-cavs,selective_edgecooper_global,grid,,,,,,,singleton,20,200.0,7,7,,{},"{""7"": 4911}",0,0.0,10,40.0,ns3,899,0.5,10,12,28,,,[],[],,,13,14,
2026_07_15_01_26_56,000136,8,all-cavs,selective_edgecooper_global,grid,,,,,,,singleton,20,200.0,8,8,,{},"{""8"": 4842}",0,0.0,10,40.0,ns3,899,0.5,10,12,28,,,[],[],,,13,21,
2026_07_15_01_26_56,000136,9,all-cavs,selective_edgecooper_global,grid,,,,,,,singleton,20,200.0,9,9;5,5,"{""5"": 53}","{""5"": 4780, ""9"": 4855}",76480,4.253615127919911,10,40.0,ns3,899,0.5,10,12,28,,,[],[],,5,17,21,
2026_07_15_01_26_56,000136,10,all-cavs,selective_edgecooper_global,grid,,,,,,,singleton,20,200.0,10,10;8,8,"{""8"": 52}","{""8"": 4727, ""10"": 4922}",75632,4.2064516129032254,10,40.0,ns3,899,0.5,10,12,28,,,[],[],,8,22,30,
2026_07_15_01_26_56,000136,11,all-cavs,selective_edgecooper_global,grid,,,,,,,singleton,20,200.0,11,11,,{},"{""11"": 4911}",0,0.0,10,40.0,ns3,899,0.5,10,12,28,,,[],[],,,15,20,
2026_07_15_01_26_56,000136,12,all-cavs,selective_edgecooper_global,grid,,,,,,,singleton,20,200.0,12,12,,{},"{""12"": 5003}",0,0.0,10,40.0,ns3,899,0.5,10,12,28,,,[],[],,,8,10,
2026_07_15_01_26_56,000136,13,all-cavs,selective_edgecooper_global,grid,,,,,,,singleton,20,200.0,13,13;19,19,"{""19"": 56}","{""13"": 4710, ""19"": 4608}",73728,4.10055617352614,10,40.0,ns3,899,0.5,10,12,28,,,[],[],,19,12,25,
2026_07_15_01_26_56,000136,14,all-cavs,selective_edgecooper_global,grid,,,,,,,singleton,20,200.0,14,14,,{},"{""14"": 4844}",0,0.0,10,40.0,ns3,899,0.5,10,12,28,,,[],[],,,3,2,
2026_07_15_01_26_56,000136,15,all-cavs,selective_edgecooper_global,grid,,,,,,,singleton,20,200.0,15,15,,{},"{""15"": 4814}",0,0.0,10,40.0,ns3,899,0.5,10,12,28,,,[],[],,,14,15,
2026_07_15_01_26_56,000136,16,all-cavs,selective_edgecooper_global,grid,,,,,,,singleton,20,200.0,16,16;20,20,"{""20"": 47}","{""16"": 5014, ""20"": 4786}",76576,4.258954393770857,10,40.0,ns3,899,0.5,10,12,28,,,[],[],,20,25,30,
2026_07_15_01_26_56,000136,17,all-cavs,selective_edgecooper_global,grid,,,,,,,singleton,20,200.0,17,17;7,7,"{""7"": 56}","{""7"": 4873, ""17"": 5030}",77968,4.336373748609566,10,40.0,ns3,899,0.5,10,12,28,,,[],[],,7,18,16,
2026_07_15_01_26_56,000136,18,all-cavs,selective_edgecooper_global,grid,,,,,,,singleton,20,200.0,18,18,,{},"{""18"": 4850}",0,0.0,10,40.0,ns3,899,0.5,10,12,28,,,[],[],,,9,7,
2026_07_15_01_26_56,000136,19,all-cavs,selective_edgecooper_global,grid,,,,,,,singleton,20,200.0,19,19,,{},"{""19"": 4831}",0,0.0,10,40.0,ns3,899,0.5,10,12,28,,,[],[],,,11,15,
2026_07_15_01_26_56,000136,20,all-cavs,selective_edgecooper_global,grid,,,,,,,singleton,20,200.0,20,20,,{},"{""20"": 4909}",0,0.0,10,40.0,ns3,899,0.5,10,12,28,,,[],[],,,18,19,
2026_07_15_01_26_56,000138,1,all-cavs,selective_edgecooper_global,grid,,,,,,,singleton,20,200.0,1,1;11,11,"{""11"": 52}","{""1"": 4925, ""11"": 4604}",73664,4.096996662958843,10,40.0,ns3,899,0.5,10,12,28,,,[],[],,11,21,30,
2026_07_15_01_26_56,000138,2,all-cavs,selective_edgecooper_global,grid,,,,,,,singleton,20,200.0,2,2,,{},"{""2"": 4857}",0,0.0,10,40.0,ns3,899,0.5,10,12,28,,,[],[],,,15,24,
2026_07_15_01_26_56,000138,3,all-cavs,selective_edgecooper_global,grid,,,,,,,singleton,20,200.0,3,3;18,18,"{""18"": 60}","{""3"": 5007, ""18"": 4770}",76320,4.244716351501669,10,40.0,ns3,899,0.5,10,12,28,,,[],[],,18,12,12,
2026_07_15_01_26_56,000138,4,all-cavs,selective_edgecooper_global,grid,,,,,,,singleton,20,200.0,4,4;12,12,"{""12"": 53}","{""4"": 4852, ""12"": 4874}",77984,4.33726362625139,10,40.0,ns3,899,0.5,10,12,28,,,[],[],,12,14,30,
2026_07_15_01_26_56,000138,5,all-cavs,selective_edgecooper_global,grid,,,,,,,singleton,20,200.0,5,5,,{},"{""5"": 4861}",0,0.0,10,40.0,ns3,899,0.5,10,12,28,,,[],[],,,16,14,
2026_07_15_01_26_56,000138,6,all-cavs,selective_edgecooper_global,grid,,,,,,,singleton,20,200.0,6,6;15,15,"{""15"": 50}","{""6"": 4715, ""15"": 4783}",76528,4.256284760845384,10,40.0,ns3,899,0.5,10,12,28,,,[],[],,15,17,26,
2026_07_15_01_26_56,000138,7,all-cavs,selective_edgecooper_global,grid,,,,,,,singleton,20,200.0,7,7,,{},"{""7"": 4910}",0,0.0,10,40.0,ns3,899,0.5,10,12,28,,,[],[],,,13,14,
2026_07_15_01_26_56,000138,8,all-cavs,selective_edgecooper_global,grid,,,,,,,singleton,20,200.0,8,8,,{},"{""8"": 4840}",0,0.0,10,40.0,ns3,899,0.5,10,12,28,,,[],[],,,12,21,
2026_07_15_01_26_56,000138,9,all-cavs,selective_edgecooper_global,grid,,,,,,,singleton,20,200.0,9,9;5,5,"{""5"": 51}","{""5"": 4775, ""9"": 4853}",76400,4.24916573971079,10,40.0,ns3,899,0.5,10,12,28,,,[],[],,5,17,20,
2026_07_15_01_26_56,000138,10,all-cavs,selective_edgecooper_global,grid,,,,,,,singleton,20,200.0,10,10;8,8,"{""8"": 52}","{""8"": 4725, ""10"": 4921}",75600,4.204671857619577,10,40.0,ns3,899,0.5,10,12,28,,,[],[],,8,20,30,
2026_07_15_01_26_56,000138,11,all-cavs,selective_edgecooper_global,grid,,,,,,,singleton,20,200.0,11,11,,{},"{""11"": 4909}",0,0.0,10,40.0,ns3,899,0.5,10,12,28,,,[],[],,,16,19,
2026_07_15_01_26_56,000138,12,all-cavs,selective_edgecooper_global,grid,,,,,,,singleton,20,200.0,12,12,,{},"{""12"": 4989}",0,0.0,10,40.0,ns3,899,0.5,10,12,28,,,[],[],,,12,10,
2026_07_15_01_26_56,000138,13,all-cavs,selective_edgecooper_global,grid,,,,,,,singleton,20,200.0,13,13;19,19,"{""19"": 57}","{""13"": 4698, ""19"": 4611}",73776,4.103225806451613,10,40.0,ns3,899,0.5,10,12,28,,,[],[],,19,14,26,
2026_07_15_01_26_56,000138,14,all-cavs,selective_edgecooper_global,grid,,,,,,,singleton,20,200.0,14,14,,{},"{""14"": 4852}",0,0.0,10,40.0,ns3,899,0.5,10,12,28,,,[],[],,,3,2,
2026_07_15_01_26_56,000138,15,all-cavs,selective_edgecooper_global,grid,,,,,,,singleton,20,200.0,15,15,,{},"{""15"": 4815}",0,0.0,10,40.0,ns3,899,0.5,10,12,28,,,[],[],,,14,15,
2026_07_15_01_26_56,000138,16,all-cavs,selective_edgecooper_global,grid,,,,,,,singleton,20,200.0,16,16;20,20,"{""20"": 47}","{""16"": 5023, ""20"": 4786}",76576,4.258954393770857,10,40.0,ns3,899,0.5,10,12,28,,,[],[],,20,28,30,
2026_07_15_01_26_56,000138,17,all-cavs,selective_edgecooper_global,grid,,,,,,,singleton,20,200.0,17,17;7,7,"{""7"": 56}","{""7"": 4872, ""17"": 5027}",77952,4.3354838709677415,10,40.0,ns3,899,0.5,10,12,28,,,[],[],,7,20,16,
2026_07_15_01_26_56,000138,18,all-cavs,selective_edgecooper_global,grid,,,,,,,singleton,20,200.0,18,18,,{},"{""18"": 4852}",0,0.0,10,40.0,ns3,899,0.5,10,12,28,,,[],[],,,8,7,
2026_07_15_01_26_56,000138,19,all-cavs,selective_edgecooper_global,grid,,,,,,,singleton,20,200.0,19,19,,{},"{""19"": 4828}",0,0.0,10,40.0,ns3,899,0.5,10,12,28,,,[],[],,,10,16,
2026_07_15_01_26_56,000138,20,all-cavs,selective_edgecooper_global,grid,,,,,,,singleton,20,200.0,20,20,,{},"{""20"": 4910}",0,0.0,10,40.0,ns3,899,0.5,10,12,28,,,[],[],,,16,19,
2026_07_15_01_26_56,000140,1,all-cavs,selective_edgecooper_global,grid,,,,,,,singleton,20,200.0,1,1;15,15,"{""15"": 50}","{""1"": 4926, ""15"": 4690}",75040,4.173526140155729,10,40.0,ns3,899,0.5,10,12,28,,,[],[],,15,24,30,
2026_07_15_01_26_56,000140,2,all-cavs,selective_edgecooper_global,grid,,,,,,,singleton,20,200.0,2,2;11,11,"{""11"": 52}","{""2"": 4856, ""11"": 2819}",45104,2.5085650723025585,10,40.0,ns3,899,0.5,10,12,28,,,[],[],,11,16,36,
2026_07_15_01_26_56,000140,3,all-cavs,selective_edgecooper_global,grid,,,,,,,singleton,20,200.0,3,3;18,18,"{""18"": 63}","{""3"": 5016, ""18"": 4791}",76656,4.263403781979978,10,40.0,ns3,899,0.5,10,12,28,,,[],[],,18,11,11,
2026_07_15_01_26_56,000140,4,all-cavs,selective_edgecooper_global,grid,,,,,,,singleton,20,200.0,4,4;12,12,"{""12"": 53}","{""4"": 4847, ""12"": 4888}",78208,4.349721913236929,10,40.0,ns3,899,0.5,10,12,28,,,[],[],,12,11,30,
2026_07_15_01_26_56,000140,5,all-cavs,selective_edgecooper_global,grid,,,,,,,singleton,20,200.0,5,5,,{},"{""5"": 4881}",0,0.0,10,40.0,ns3,899,0.5,10,12,28,,,[],[],,,10,14,
2026_07_15_01_26_56,000140,6,all-cavs,selective_edgecooper_global,grid,,,,,,,singleton,20,200.0,6,6,,{},"{""6"": 4723}",0,0.0,10,40.0,ns3,899,0.5,10,12,28,,,[],[],,,10,15,
2026_07_15_01_26_56,000140,7,all-cavs,selective_edgecooper_global,grid,,,,,,,singleton,20,200.0,7,7,,{},"{""7"": 4910}",0,0.0,10,40.0,ns3,899,0.5,10,12,28,,,[],[],,,13,13,
2026_07_15_01_26_56,000140,8,all-cavs,selective_edgecooper_global,grid,,,,,,,singleton,20,200.0,8,8,,{},"{""8"": 4839}",0,0.0,10,40.0,ns3,899,0.5,10,12,28,,,[],[],,,11,22,
2026_07_15_01_26_56,000140,9,all-cavs,selective_edgecooper_global,grid,,,,,,,singleton,20,200.0,9,9;5,5,"{""5"": 52}","{""5"": 4814, ""9"": 4852}",77024,4.283870967741936,10,40.0,ns3,899,0.5,10,12,28,,,[],[],,5,19,21,
2026_07_15_01_26_56,000140,10,all-cavs,selective_edgecooper_global,grid,,,,,,,singleton,20,200.0,10,10;8,8,"{""8"": 50}","{""8"": 4724, ""10"": 4922}",75584,4.2037819799777525,10,40.0,ns3,899,0.5,10,12,28,,,[],[],,8,23,30,
2026_07_15_01_26_56,000140,11,all-cavs,selective_edgecooper_global,grid,,,,,,,singleton,20,200.0,11,11,,{},"{""11"": 4910}",0,0.0,10,40.0,ns3,899,0.5,10,12,28,,,[],[],,,17,19,
2026_07_15_01_26_56,000140,12,all-cavs,selective_edgecooper_global,grid,,,,,,,singleton,20,200.0,12,12,,{},"{""12"": 4995}",0,0.0,10,40.0,ns3,899,0.5,10,12,28,,,[],[],,,7,10,
2026_07_15_01_26_56,000140,13,all-cavs,selective_edgecooper_global,grid,,,,,,,singleton,20,200.0,13,13;19,19,"{""19"": 56}","{""13"": 4683, ""19"": 4610}",73760,4.102335928809789,10,40.0,ns3,899,0.5,10,12,28,,,[],[],,19,13,25,
2026_07_15_01_26_56,000140,14,all-cavs,selective_edgecooper_global,grid,,,,,,,singleton,20,200.0,14,14,,{},"{""14"": 4847}",0,0.0,10,40.0,ns3,899,0.5,10,12,28,,,[],[],,,2,2,
2026_07_15_01_26_56,000140,15,all-cavs,selective_edgecooper_global,grid,,,,,,,singleton,20,200.0,15,15,,{},"{""15"": 4825}",0,0.0,10,40.0,ns3,899,0.5,10,12,28,,,[],[],,,14,14,
2026_07_15_01_26_56,000140,16,all-cavs,selective_edgecooper_global,grid,,,,,,,singleton,20,200.0,16,16;20,20,"{""20"": 47}","{""16"": 5013, ""20"": 4784}",76544,4.257174638487208,10,40.0,ns3,899,0.5,10,12,28,,,[],[],,20,20,30,
2026_07_15_01_26_56,000140,17,all-cavs,selective_edgecooper_global,grid,,,,,,,singleton,20,200.0,17,17;7,7,"{""7"": 54}","{""7"": 4870, ""17"": 5029}",77920,4.333704115684093,10,40.0,ns3,899,0.5,10,12,28,,,[],[],,7,21,16,
2026_07_15_01_26_56,000140,18,all-cavs,selective_edgecooper_global,grid,,,,,,,singleton,20,200.0,18,18,,{},"{""18"": 4865}",0,0.0,10,40.0,ns3,899,0.5,10,12,28,,,[],[],,,6,6,
2026_07_15_01_26_56,000140,19,all-cavs,selective_edgecooper_global,grid,,,,,,,singleton,20,200.0,19,19,,{},"{""19"": 4828}",0,0.0,10,40.0,ns3,899,0.5,10,12,28,,,[],[],,,9,16,
2026_07_15_01_26_56,000140,20,all-cavs,selective_edgecooper_global,grid,,,,,,,singleton,20,200.0,20,20,,{},"{""20"": 4909}",0,0.0,10,40.0,ns3,899,0.5,10,12,28,,,[],[],,,16,18,
