scenario_id,timestamp,receiver_id,receiver_policy,resource_allocation,upload_mode,grid_selection_mode,grid_score_mode,coverage_fallback,coverage_fallback_replacements,routing_hint_replacements,routing_hints_csv,clustering,cluster_count,selective_frame_deadline_ms,cluster_member_ids,source_cav_ids,uploaded_source_ids,selected_grid_counts_json,point_counts_json,communication_bytes,frame_comm_time_ms,num_channels,bandwidth_mhz,channel_estimator,ns3_tb_size_bytes,ns3_slot_duration_ms,ns3_subchannel_prbs,ns3_symbols_per_slot,ns3_mcs,pcs_rounds_requested,pcs_rounds_accepted,pcs_round_comm_time_ms_json,pcs_round_comm_bytes_json,channel_allocation,missing_channel_sources,pred_boxes,gt_boxes,skipped
2026_07_15_01_26_56,000060,1,all-cavs,selective_edgecooper_global,grid,,,,,,,singleton,20,100.0,1,1;7,7,"{""7"": 55}","{""1"": 4918, ""7"": 4880}",78080,4.342602892102335,10,40.0,ns3,899,0.5,10,12,28,,,[],[],,7,27,29,
2026_07_15_01_26_56,000060,2,all-cavs,selective_edgecooper_global,grid,,,,,,,singleton,20,100.0,2,2;6,6,"{""6"": 57}","{""2"": 4863, ""6"": 4556}",72896,4.054282536151279,10,40.0,ns3,899,0.5,10,12,28,,,[],[],,6,23,30,
2026_07_15_01_26_56,000060,3,all-cavs,selective_edgecooper_global,grid,,,,,,,singleton,20,100.0,3,3;18,18,"{""18"": 56}","{""3"": 4977, ""18"": 4885}",78160,4.347052280311457,10,40.0,ns3,899,0.5,10,12,28,,,[],[],,18,21,19,
2026_07_15_01_26_56,000060,4,all-cavs,selective_edgecooper_global,grid,,,,,,,singleton,20,100.0,4,4;10,10,"{""10"": 55}","{""4"": 4886, ""10"": 4949}",79184,4.40400444938821,10,40.0,ns3,899,0.5,10,12,28,,,[],[],,10,17,34,
2026_07_15_01_26_56,000060,5,all-cavs,selective_edgecooper_global,grid,,,,,,,singleton,20,100.0,5,5;8,8,"{""8"": 55}","{""5"": 4909, ""8"": 4804}",76864,4.274972191323693,10,40.0,ns3,899,0.5,10,12,28,,,[],[],,8,16,32,
2026_07_15_01_26_56,000060,6,all-cavs,selective_edgecooper_global,grid,,,,,,,singleton,20,100.0,6,6,,{},"{""6"": 4556}",0,0.0,10,40.0,ns3,899,0.5,10,12,28,,,[],[],,,10,13,
2026_07_15_01_26_56,000060,7,all-cavs,selective_edgecooper_global,grid,,,,,,,singleton,20,100.0,7,7,,{},"{""7"": 4908}",0,0.0,10,40.0,ns3,899,0.5,10,12,28,,,[],[],,,13,14,
2026_07_15_01_26_56,000060,8,all-cavs,selective_edgecooper_global,grid,,,,,,,singleton,20,100.0,8,8,,{},"{""8"": 4838}",0,0.0,10,40.0,ns3,899,0.5,10,12,28,,,[],[],,,8,23,
2026_07_15_01_26_56,000060,9,all-cavs,selective_edgecooper_global,grid,,,,,,,singleton,20,100.0,9,9,,{},"{""9"": 4858}",0,0.0,10,40.0,ns3,899,0.5,10,12,28,,,[],[],,,16,19,
2026_07_15_01_26_56,000060,10,all-cavs,selective_edgecooper_global,grid,,,,,,,singleton,20,100.0,10,10,,{},"{""10"": 4953}",0,0.0,10,40.0,ns3,899,0.5,10,12,28,,,[],[],,,18,30,
2026_07_15_01_26_56,000060,11,all-cavs,selective_edgecooper_global,grid,,,,,,,singleton,20,100.0,11,11;15,15,"{""15"": 50}","{""11"": 4909, ""15"": 4738}",75808,4.216240266963292,10,40.0,ns3,899,0.5,10,12,28,,,[],[],,15,23,25,
2026_07_15_01_26_56,000060,12,all-cavs,selective_edgecooper_global,grid,,,,,,,singleton,20,100.0,12,12,,{},"{""12"": 4891}",0,0.0,10,40.0,ns3,899,0.5,10,12,28,,,[],[],,,12,21,
2026_07_15_01_26_56,000060,13,all-cavs,selective_edgecooper_global,grid,,,,,,,singleton,20,100.0,13,13,,{},"{""13"": 4793}",0,0.0,10,40.0,ns3,899,0.5,10,12,28,,,[],[],,,10,15,
2026_07_15_01_26_56,000060,14,all-cavs,selective_edgecooper_global,grid,,,,,,,singleton,20,100.0,14,14;19,19,"{""19"": 57}","{""14"": 5044, ""19"": 4844}",77504,4.310567296996663,10,40.0,ns3,899,0.5,10,12,28,,,[],[],,19,2,5,
2026_07_15_01_26_56,000060,15,all-cavs,selective_edgecooper_global,grid,,,,,,,singleton,20,100.0,15,15,,{},"{""15"": 4740}",0,0.0,10,40.0,ns3,899,0.5,10,12,28,,,[],[],,,15,9,
2026_07_15_01_26_56,000060,16,all-cavs,selective_edgecooper_global,grid,,,,,,,singleton,20,100.0,16,16;12,12,"{""12"": 57}","{""12"": 4883, ""16"": 4857}",78128,4.345272525027808,10,40.0,ns3,899,0.5,10,12,28,,,[],[],,12,15,32,
2026_07_15_01_26_56,000060,17,all-cavs,selective_edgecooper_global,grid,,,,,,,singleton,20,100.0,17,17,,{},"{""17"": 4967}",0,0.0,10,40.0,ns3,899,0.5,10,12,28,,,[],[],,,16,13,
2026_07_15_01_26_56,000060,18,all-cavs,selective_edgecooper_global,grid,,,,,,,singleton,20,100.0,18,18,,{},"{""18"": 5003}",0,0.0,10,40.0,ns3,899,0.5,10,12,28,,,[],[],,,16,12,
2026_07_15_01_26_56,000060,19,all-cavs,selective_edgecooper_global,grid,,,,,,,singleton,20,100.0,19,19,,{},"{""19"": 4844}",0,0.0,10,40.0,ns3,899,0.5,10,12,28,,,[],[],,,8,13,
2026_07_15_01_26_56,000060,20,all-cavs,selective_edgecooper_global,grid,,,,,,,singleton,20,100.0,20,20;17,17,"{""17"": 61}","{""17"": 4915, ""20"": 4909}",78640,4.373748609566185,10,40.0,ns3,899,0.5,10,12,28,,,[],[],,17,24,23,
2026_07_15_01_26_56,000062,1,all-cavs,selective_edgecooper_global,grid,,,,,,,singleton,20,100.0,1,1;15,15,"{""15"": 49}","{""1"": 4921, ""15"": 4728}",75648,4.2073414905450495,10,40.0,ns3,899,0.5,10,12,28,,,[],[],,15,25,25,
2026_07_15_01_26_56,000062,2,all-cavs,selective_edgecooper_global,grid,,,,,,,singleton,20,100.0,2,2;8,8,"{""8"": 53}","{""2"": 4862, ""8"": 4803}",76848,4.274082313681869,10,40.0,ns3,899,0.5,10,12,28,,,[],[],,8,24,40,
2026_07_15_01_26_56,000062,3,all-cavs,selective_edgecooper_global,grid,,,,,,,singleton,20,100.0,3,3;18,18,"{""18"": 52}","{""3"": 4976, ""18"": 4903}",78448,4.363070077864293,10,40.0,ns3,899,0.5,10,12,28,,,[],[],,18,20,19,
2026_07_15_01_26_56,000062,4,all-cavs,selective_edgecooper_global,grid,,,,,,,singleton,20,100.0,4,4,,{},"{""4"": 4848}",0,0.0,10,40.0,ns3,899,0.5,10,12,28,,,[],[],,,13,25,
2026_07_15_01_26_56,000062,5,all-cavs,selective_edgecooper_global,grid,,,,,,,singleton,20,100.0,5,5,,{},"{""5"": 4912}",0,0.0,10,40.0,ns3,899,0.5,10,12,28,,,[],[],,,12,15,
2026_07_15_01_26_56,000062,6,all-cavs,selective_edgecooper_global,grid,,,,,,,singleton,20,100.0,6,6,,{},"{""6"": 4561}",0,0.0,10,40.0,ns3,899,0.5,10,12,28,,,[],[],,,9,13,
2026_07_15_01_26_56,000062,7,all-cavs,selective_edgecooper_global,grid,,,,,,,singleton,20,100.0,7,7,,{},"{""7"": 4906}",0,0.0,10,40.0,ns3,899,0.5,10,12,28,,,[],[],,,12,14,
2026_07_15_01_26_56,000062,8,all-cavs,selective_edgecooper_global,grid,,,,,,,singleton,20,100.0,8,8,,{},"{""8"": 4838}",0,0.0,10,40.0,ns3,899,0.5,10,12,28,,,[],[],,,14,24,
2026_07_15_01_26_56,000062,9,all-cavs,selective_edgecooper_global,grid,,,,,,,singleton,20,100.0,9,9,,{},"{""9"": 4859}",0,0.0,10,40.0,ns3,899,0.5,10,12,28,,,[],[],,,16,19,
2026_07_15_01_26_56,000062,10,all-cavs,selective_edgecooper_global,grid,,,,,,,singleton,20,100.0,10,10;5,5,"{""5"": 48}","{""5"": 4806, ""10"": 4955}",76896,4.276751946607342,10,40.0,ns3,899,0.5,10,12,28,,,[],[],,5,15,39,
2026_07_15_01_26_56,000062,11,all-cavs,selective_edgecooper_global,grid,,,,,,,singleton,20,100.0,11,11;12,12,"{""12"": 57}","{""11"": 4909, ""12"": 4887}",78192,4.348832035595105,10,40.0,ns3,899,0.5,10,12,28,,,[],[],,12,18,32,
2026_07_15_01_26_56,000062,12,all-cavs,selective_edgecooper_global,grid,,,,,,,singleton,20,100.0,12,12,,{},"{""12"": 4894}",0,0.0,10,40.0,ns3,899,0.5,10,12,28,,,[],[],,,11,19,
2026_07_15_01_26_56,000062,13,all-cavs,selective_edgecooper_global,grid,,,,,,,singleton,20,100.0,13,13;16,16,"{""16"": 56}","{""13"": 4793, ""16"": 4854}",77664,4.3194660734149055,10,40.0,ns3,899,0.5,10,12,28,,,[],[],,16,19,31,
2026_07_15_01_26_56,000062,14,all-cavs,selective_edgecooper_global,grid,,,,,,,singleton,20,100.0,14,14;19,19,"{""19"": 55}","{""14"": 5042, ""19"": 4823}",77168,4.291879866518354,10,40.0,ns3,899,0.5,10,12,28,,,[],[],,19,3,5,
2026_07_15_01_26_56,000062,15,all-cavs,selective_edgecooper_global,grid,,,,,,,singleton,20,100.0,15,15,,{},"{""15"": 4745}",0,0.0,10,40.0,ns3,899,0.5,10,12,28,,,[],[],,,10,9,
2026_07_15_01_26_56,000062,16,all-cavs,selective_edgecooper_global,grid,,,,,,,singleton,20,100.0,16,16,,{},"{""16"": 4866}",0,0.0,10,40.0,ns3,899,0.5,10,12,28,,,[],[],,,10,23,
2026_07_15_01_26_56,000062,17,all-cavs,selective_edgecooper_global,grid,,,,,,,singleton,20,100.0,17,17;7,7,"{""7"": 55}","{""7"": 4893, ""17"": 4985}",78288,4.354171301446051,10,40.0,ns3,899,0.5,10,12,28,,,[],[],,7,25,18,
2026_07_15_01_26_56,000062,18,all-cavs,selective_edgecooper_global,grid,,,,,,,singleton,20,100.0,18,18,,{},"{""18"": 5017}",0,0.0,10,40.0,ns3,899,0.5,10,12,28,,,[],[],,,16,12,
2026_07_15_01_26_56,000062,19,all-cavs,selective_edgecooper_global,grid,,,,,,,singleton,20,100.0,19,19,,{},"{""19"": 4823}",0,0.0,10,40.0,ns3,899,0.5,10,12,28,,,[],[],,,8,12,
2026_07_15_01_26_56,000062,20,all-cavs,selective_edgecooper_global,grid,,,,,,,singleton,20,100.0,20,20;9,9,"{""9"": 46}","{""9"": 4714, ""20"": 4908}",75424,4.1948832035595105,10,40.0,ns3,899,0.5,10,12,28,,,[],[],,9,22,31,
2026_07_15_01_26_56,000064,1,all-cavs,selective_edgecooper_global,grid,,,,,,,singleton,20,100.0,1,1,,{},"{""1"": 4921}",0,0.0,10,40.0,ns3,899,0.5,10,12,28,,,[],[],,,15,15,
2026_07_15_01_26_56,000064,2,all-cavs,selective_edgecooper_global,grid,,,,,,,singleton,20,100.0,2,2;8,8,"{""8"": 54}","{""2"": 4878, ""8"": 4803}",76848,4.274082313681869,10,40.0,ns3,899,0.5,10,12,28,,,[],[],,8,21,41,
2026_07_15_01_26_56,000064,3,all-cavs,selective_edgecooper_global,grid,,,,,,,singleton,20,100.0,3,3;18,18,"{""18"": 54}","{""3"": 4976, ""18"": 4908}",78528,4.367519466073414,10,40.0,ns3,899,0.5,10,12,28,,,[],[],,18,19,19,
2026_07_15_01_26_56,000064,4,all-cavs,selective_edgecooper_global,grid,,,,,,,singleton,20,100.0,4,4,,{},"{""4"": 4872}",0,0.0,10,40.0,ns3,899,0.5,10,12,28,,,[],[],,,12,26,
2026_07_15_01_26_56,000064,5,all-cavs,selective_edgecooper_global,grid,,,,,,,singleton,20,100.0,5,5,,{},"{""5"": 4913}",0,0.0,10,40.0,ns3,899,0.5,10,12,28,,,[],[],,,12,15,
2026_07_15_01_26_56,000064,6,all-cavs,selective_edgecooper_global,grid,,,,,,,singleton,20,100.0,6,6,,{},"{""6"": 4595}",0,0.0,10,40.0,ns3,899,0.5,10,12,28,,,[],[],,,10,13,
2026_07_15_01_26_56,000064,7,all-cavs,selective_edgecooper_global,grid,,,,,,,singleton,20,100.0,7,7;5,5,"{""5"": 50}","{""5"": 4834, ""7"": 4911}",77344,4.301668520578421,10,40.0,ns3,899,0.5,10,12,28,,,[],[],,5,11,22,
2026_07_15_01_26_56,000064,8,all-cavs,selective_edgecooper_global,grid,,,,,,,singleton,20,100.0,8,8,,{},"{""8"": 4837}",0,0.0,10,40.0,ns3,899,0.5,10,12,28,,,[],[],,,11,24,
2026_07_15_01_26_56,000064,9,all-cavs,selective_edgecooper_global,grid,,,,,,,singleton,20,100.0,9,9,,{},"{""9"": 4856}",0,0.0,10,40.0,ns3,899,0.5,10,12,28,,,[],[],,,17,19,
2026_07_15_01_26_56,000064,10,all-cavs,selective_edgecooper_global,grid,,,,,,,singleton,20,100.0,10,10;1,1,"{""1"": 43}","{""1"": 4856, ""10"": 4948}",77696,4.321245828698554,10,40.0,ns3,899,0.5,10,12,28,,,[],[],,1,27,33,
2026_07_15_01_26_56,000064,11,all-cavs,selective_edgecooper_global,grid,,,,,,,singleton,20,100.0,11,11;15,15,"{""15"": 50}","{""11"": 4912, ""15"": 4747}",75952,4.22424916573971,10,40.0,ns3,899,0.5,10,12,28,,,[],[],,15,26,25,
2026_07_15_01_26_56,000064,12,all-cavs,selective_edgecooper_global,grid,,,,,,,singleton,20,100.0,12,12,,{},"{""12"": 4896}",0,0.0,10,40.0,ns3,899,0.5,10,12,28,,,[],[],,,8,18,
2026_07_15_01_26_56,000064,13,all-cavs,selective_edgecooper_global,grid,,,,,,,singleton,20,100.0,13,13;20,20,"{""20"": 49}","{""13"": 4794, ""20"": 4884}",78144,4.346162402669632,10,40.0,ns3,899,0.5,10,12,28,,,[],[],,20,20,28,
2026_07_15_01_26_56,000064,14,all-cavs,selective_edgecooper_global,grid,,,,,,,singleton,20,100.0,14,14;19,19,"{""19"": 59}","{""14"": 5060, ""19"": 4819}",77104,4.288320355951057,10,40.0,ns3,899,0.5,10,12,28,,,[],[],,19,3,4,
2026_07_15_01_26_56,000064,15,all-cavs,selective_edgecooper_global,grid,,,,,,,singleton,20,100.0,15,15,,{},"{""15"": 4750}",0,0.0,10,40.0,ns3,899,0.5,10,12,28,,,[],[],,,13,9,
2026_07_15_01_26_56,000064,16,all-cavs,selective_edgecooper_global,grid,,,,,,,singleton,20,100.0,16,16;4,4,"{""4"": 57}","{""4"": 4847, ""16"": 4850}",77552,4.313236929922136,10,40.0,ns3,899,0.5,10,12,28,,,[],[],,4,17,33,
2026_07_15_01_26_56,000064,17,all-cavs,selective_edgecooper_global,grid,,,,,,,singleton,20,100.0,17,17;12,12,"{""12"": 59}","{""12"": 4896, ""17"": 4966}",78336,4.356840934371523,10,40.0,ns3,899,0.5,10,12,28,,,[],[],,12,25,31,
2026_07_15_01_26_56,000064,18,all-cavs,selective_edgecooper_global,grid,,,,,,,singleton,20,100.0,18,18,,{},"{""18"": 5016}",0,0.0,10,40.0,ns3,899,0.5,10,12,28,,,[],[],,,16,12,
2026_07_15_01_26_56,000064,19,all-cavs,selective_edgecooper_global,grid,,,,,,,singleton,20,100.0,19,19,,{},"{""19"": 4819}",0,0.0,10,40.0,ns3,899,0.5,10,12,28,,,[],[],,,9,12,
2026_07_15_01_26_56,000064,20,all-cavs,selective_edgecooper_global,grid,,,,,,,singleton,20,100.0,20,20,,{},"{""20"": 4908}",0,0.0,10,40.0,ns3,899,0.5,10,12,28,,,[],[],,,15,19,
2026_07_15_01_26_56,000066,1,all-cavs,selective_edgecooper_global,grid,,,,,,,singleton,20,100.0,1,1;7,7,"{""7"": 58}","{""1"": 4922, ""7"": 4872}",77952,4.3354838709677415,10,40.0,ns3,899,0.5,10,12,28,,,[],[],,7,27,30,
2026_07_15_01_26_56,000066,2,all-cavs,selective_edgecooper_global,grid,,,,,,,singleton,20,100.0,2,2;8,8,"{""8"": 53}","{""2"": 4878, ""8"": 4802}",76832,4.273192436040045,10,40.0,ns3,899,0.5,10,12,28,,,[],[],,8,22,41,
2026_07_15_01_26_56,000066,3,all-cavs,selective_edgecooper_global,grid,,,,,,,singleton,20,100.0,3,3;18,18,"{""18"": 51}","{""3"": 4982, ""18"": 4891}",78256,4.352391546162402,10,40.0,ns3,899,0.5,10,12,28,,,[],[],,18,19,19,
2026_07_15_01_26_56,000066,4,all-cavs,selective_edgecooper_global,grid,,,,,,,singleton,20,100.0,4,4,,{},"{""4"": 4866}",0,0.0,10,40.0,ns3,899,0.5,10,12,28,,,[],[],,,13,25,
2026_07_15_01_26_56,000066,5,all-cavs,selective_edgecooper_global,grid,,,,,,,singleton,20,100.0,5,5,,{},"{""5"": 4912}",0,0.0,10,40.0,ns3,899,0.5,10,12,28,,,[],[],,,13,15,
2026_07_15_01_26_56,000066,6,all-cavs,selective_edgecooper_global,grid,,,,,,,singleton,20,100.0,6,6,,{},"{""6"": 4590}",0,0.0,10,40.0,ns3,899,0.5,10,12,28,,,[],[],,,11,13,
2026_07_15_01_26_56,000066,7,all-cavs,selective_edgecooper_global,grid,,,,,,,singleton,20,100.0,7,7,,{},"{""7"": 4902}",0,0.0,10,40.0,ns3,899,0.5,10,12,28,,,[],[],,,11,15,
2026_07_15_01_26_56,000066,8,all-cavs,selective_edgecooper_global,grid,,,,,,,singleton,20,100.0,8,8,,{},"{""8"": 4838}",0,0.0,10,40.0,ns3,899,0.5,10,12,28,,,[],[],,,11,24,
2026_07_15_01_26_56,000066,9,all-cavs,selective_edgecooper_global,grid,,,,,,,singleton,20,100.0,9,9,,{},"{""9"": 4856}",0,0.0,10,40.0,ns3,899,0.5,10,12,28,,,[],[],,,16,18,
2026_07_15_01_26_56,000066,10,all-cavs,selective_edgecooper_global,grid,,,,,,,singleton,20,100.0,10,10;5,5,"{""5"": 48}","{""5"": 4806, ""10"": 4946}",76896,4.276751946607342,10,40.0,ns3,899,0.5,10,12,28,,,[],[],,5,20,41,
2026_07_15_01_26_56,000066,11,all-cavs,selective_edgecooper_global,grid,,,,,,,singleton,20,100.0,11,11;15,15,"{""15"": 50}","{""11"": 4913, ""15"": 4737}",75792,4.215350389321468,10,40.0,ns3,899,0.5,10,12,28,,,[],[],,15,26,25,
2026_07_15_01_26_56,000066,12,all-cavs,selective_edgecooper_global,grid,,,,,,,singleton,20,100.0,12,12,,{},"{""12"": 4884}",0,0.0,10,40.0,ns3,899,0.5,10,12,28,,,[],[],,,9,18,
2026_07_15_01_26_56,000066,13,all-cavs,selective_edgecooper_global,grid,,,,,,,singleton,20,100.0,13,13;20,20,"{""20"": 49}","{""13"": 4794, ""20"": 4885}",78160,4.347052280311457,10,40.0,ns3,899,0.5,10,12,28,,,[],[],,20,19,28,
2026_07_15_01_26_56,000066,14,all-cavs,selective_edgecooper_global,grid,,,,,,,singleton,20,100.0,14,14;19,19,"{""19"": 58}","{""14"": 5042, ""19"": 4818}",77088,4.287430478309233,10,40.0,ns3,899,0.5,10,12,28,,,[],[],,19,3,4,
2026_07_15_01_26_56,000066,15,all-cavs,selective_edgecooper_global,grid,,,,,,,singleton,20,100.0,15,15,,{},"{""15"": 4740}",0,0.0,10,40.0,ns3,899,0.5,10,12,28,,,[],[],,,12,9,
2026_07_15_01_26_56,000066,16,all-cavs,selective_edgecooper_global,grid,,,,,,,singleton,20,100.0,16,16;4,4,"{""4"": 58}","{""4"": 4843, ""16"": 4854}",77488,4.309677419354839,10,40.0,ns3,899,0.5,10,12,28,,,[],[],,4,19,35,
2026_07_15_01_26_56,000066,17,all-cavs,selective_edgecooper_global,grid,,,,,,,singleton,20,100.0,17,17;12,12,"{""12"": 57}","{""12"": 4884, ""17"": 4984}",78144,4.346162402669632,10,40.0,ns3,899,0.5,10,12,28,,,[],[],,12,23,31,
2026_07_15_01_26_56,000066,18,all-cavs,selective_edgecooper_global,grid,,,,,,,singleton,20,100.0,18,18,,{},"{""18"": 5001}",0,0.0,10,40.0,ns3,899,0.5,10,12,28,,,[],[],,,14,12,
2026_07_15_01_26_56,000066,19,all-cavs,selective_edgecooper_global,grid,,,,,,,singleton,20,100.0,19,19,,{},"{""19"": 4818}",0,0.0,10,40.0,ns3,899,0.5,10,12,28,,,[],[],,,8,12,
2026_07_15_01_26_56,000066,20,all-cavs,selective_edgecooper_global,grid,,,,,,,singleton,20,100.0,20,20,,{},"{""20"": 4909}",0,0.0,10,40.0,ns3,899,0.5,10,12,28,,,[],[],,,17,19,
2026_07_15_01_26_56,000068,1,all-cavs,selective_edgecooper_global,grid,,,,,,,singleton,20,100.0,1,1;15,15,"{""15"": 50}","{""1"": 4924, ""15"": 4720}",75520,4.2002224694104555,10,40.0,ns3,899,0.5,10,12,28,,,[],[],,15,28,24,
2026_07_15_01_26_56,000068,2,all-cavs,selective_edgecooper_global,grid,,,,,,,singleton,20,100.0,2,2,,{},"{""2"": 4870}",0,0.0,10,40.0,ns3,899,0.5,10,12,28,,,[],[],,,17,23,
2026_07_15_01_26_56,000068,3,all-cavs,selective_edgecooper_global,grid,,,,,,,singleton,20,100.0,3,3;18,18,"{""18"": 54}","{""3"": 4987, ""18"": 4906}",78496,4.365739710789766,10,40.0,ns3,899,0.5,10,12,28,,,[],[],,18,17,18,
2026_07_15_01_26_56,000068,4,all-cavs,selective_edgecooper_global,grid,,,,,,,singleton,20,100.0,4,4;11,11,"{""11"": 54}","{""4"": 4848, ""11"": 4900}",78400,4.36040044493882,10,40.0,ns3,899,0.5,10,12,28,,,[],[],,11,28,30,
2026_07_15_01_26_56,000068,5,all-cavs,selective_edgecooper_global,grid,,,,,,,singleton,20,100.0,5,5,,{},"{""5"": 4912}",0,0.0,10,40.0,ns3,899,0.5,10,12,28,,,[],[],,,12,16,
2026_07_15_01_26_56,000068,6,all-cavs,selective_edgecooper_global,grid,,,,,,,singleton,20,100.0,6,6;2,2,"{""2"": 56}","{""2"": 4869, ""6"": 4599}",77904,4.332814238042269,10,40.0,ns3,899,0.5,10,12,28,,,[],[],,2,20,30,
2026_07_15_01_26_56,000068,7,all-cavs,selective_edgecooper_global,grid,,,,,,,singleton,20,100.0,7,7,,{},"{""7"": 4901}",0,0.0,10,40.0,ns3,899,0.5,10,12,28,,,[],[],,,13,15,
2026_07_15_01_26_56,000068,8,all-cavs,selective_edgecooper_global,grid,,,,,,,singleton,20,100.0,8,8,,{},"{""8"": 4838}",0,0.0,10,40.0,ns3,899,0.5,10,12,28,,,[],[],,,13,23,
2026_07_15_01_26_56,000068,9,all-cavs,selective_edgecooper_global,grid,,,,,,,singleton,20,100.0,9,9;8,8,"{""8"": 54}","{""8"": 4820, ""9"": 4858}",77120,4.289210233592881,10,40.0,ns3,899,0.5,10,12,28,,,[],[],,8,21,41,
2026_07_15_01_26_56,000068,10,all-cavs,selective_edgecooper_global,grid,,,,,,,singleton,20,100.0,10,10,,{},"{""10"": 4934}",0,0.0,10,40.0,ns3,899,0.5,10,12,28,,,[],[],,,14,27,
2026_07_15_01_26_56,000068,11,all-cavs,selective_edgecooper_global,grid,,,,,,,singleton,20,100.0,11,11,,{},"{""11"": 4911}",0,0.0,10,40.0,ns3,899,0.5,10,12,28,,,[],[],,,17,20,
2026_07_15_01_26_56,000068,12,all-cavs,selective_edgecooper_global,grid,,,,,,,singleton,20,100.0,12,12,,{},"{""12"": 4882}",0,0.0,10,40.0,ns3,899,0.5,10,12,28,,,[],[],,,9,19,
2026_07_15_01_26_56,000068,13,all-cavs,selective_edgecooper_global,grid,,,,,,,singleton,20,100.0,13,13;10,10,"{""10"": 53}","{""10"": 4808, ""13"": 4795}",76928,4.27853170189099,10,40.0,ns3,899,0.5,10,12,28,,,[],[],,10,20,34,
2026_07_15_01_26_56,000068,14,all-cavs,selective_edgecooper_global,grid,,,,,,,singleton,20,100.0,14,14,,{},"{""14"": 5028}",0,0.0,10,40.0,ns3,899,0.5,10,12,28,,,[],[],,,3,4,
2026_07_15_01_26_56,000068,15,all-cavs,selective_edgecooper_global,grid,,,,,,,singleton,20,100.0,15,15,,{},"{""15"": 4743}",0,0.0,10,40.0,ns3,899,0.5,10,12,28,,,[],[],,,15,8,
2026_07_15_01_26_56,000068,16,all-cavs,selective_edgecooper_global,grid,,,,,,,singleton,20,100.0,16,16;12,12,"{""12"": 55}","{""12"": 4880, ""16"": 4887}",78080,4.342602892102335,10,40.0,ns3,899,0.5,10,12,28,,,[],[],,12,16,34,
2026_07_15_01_26_56,000068,17,all-cavs,selective_edgecooper_global,grid,,,,,,,singleton,20,100.0,17,17;7,7,"{""7"": 56}","{""7"": 4890, ""17"": 4976}",78240,4.351501668520578,10,40.0,ns3,899,0.5,10,12,28,,,[],[],,7,25,17,
2026_07_15_01_26_56,000068,18,all-cavs,selective_edgecooper_global,grid,,,,,,,singleton,20,100.0,18,18,,{},"{""18"": 5012}",0,0.0,10,40.0,ns3,899,0.5,10,12,28,,,[],[],,,13,11,
2026_07_15_01_26_56,000068,19,all-cavs,selective_edgecooper_global,grid,,,,,,,singleton,20,100.0,19,19;5,5,"{""5"": 53}","{""5"": 4883, ""19"": 4818}",78128,4.345272525027808,10,40.0,ns3,899,0.5,10,12,28,,,[],[],,5,15,16,
2026_07_15_01_26_56,000068,20,all-cavs,selective_edgecooper_global,grid,,,,,,,singleton,20,100.0,20,20,,{},"{""20"": 4909}",0,0.0,10,40.0,ns3,899,0.5,10,12,28,,,[],[],,,18,19,
2026_07_15_01_26_56,000070,1,all-cavs,selective_edgecooper_global,grid,,,,,,,singleton,20,100.0,1,1;15,15,"{""15"": 48}","{""1"": 4925, ""15"": 4716}",75456,4.1966629588431585,10,40.0,ns3,899,0.5,10,12,28,,,[],[],,15,28,24,
2026_07_15_01_26_56,000070,2,all-cavs,selective_edgecooper_global,grid,,,,,,,singleton,20,100.0,2,2;5,5,"{""5"": 52}","{""2"": 4882, ""5"": 4906}",78496,4.365739710789766,10,40.0,ns3,899,0.5,10,12,28,,,[],[],,5,22,35,
2026_07_15_01_26_56,000070,3,all-cavs,selective_edgecooper_global,grid,,,,,,,singleton,20,100.0,3,3;18,18,"{""18"": 52}","{""3"": 4953, ""18"": 4945}",79120,4.400444938820913,10,40.0,ns3,899,0.5,10,12,28,,,[],[],,18,20,18,
2026_07_15_01_26_56,000070,4,all-cavs,selective_edgecooper_global,grid,,,,,,,singleton,20,100.0,4,4;9,9,"{""9"": 50}","{""4"": 4851, ""9"": 4855}",77680,4.3203559510567295,10,40.0,ns3,899,0.5,10,12,28,,,[],[],,9,14,32,
2026_07_15_01_26_56,000070,5,all-cavs,selective_edgecooper_global,grid,,,,,,,singleton,20,100.0,5,5,,{},"{""5"": 4907}",0,0.0,10,40.0,ns3,899,0.5,10,12,28,,,[],[],,,13,15,
2026_07_15_01_26_56,000070,6,all-cavs,selective_edgecooper_global,grid,,,,,,,singleton,20,100.0,6,6,,{},"{""6"": 4608}",0,0.0,10,40.0,ns3,899,0.5,10,12,28,,,[],[],,,10,13,
2026_07_15_01_26_56,000070,7,all-cavs,selective_edgecooper_global,grid,,,,,,,singleton,20,100.0,7,7,,{},"{""7"": 4909}",0,0.0,10,40.0,ns3,899,0.5,10,12,28,,,[],[],,,10,15,
2026_07_15_01_26_56,000070,8,all-cavs,selective_edgecooper_global,grid,,,,,,,singleton,20,100.0,8,8,,{},"{""8"": 4840}",0,0.0,10,40.0,ns3,899,0.5,10,12,28,,,[],[],,,12,24,
2026_07_15_01_26_56,000070,9,all-cavs,selective_edgecooper_global,grid,,,,,,,singleton,20,100.0,9,9,,{},"{""9"": 4857}",0,0.0,10,40.0,ns3,899,0.5,10,12,28,,,[],[],,,16,18,
2026_07_15_01_26_56,000070,10,all-cavs,selective_edgecooper_global,grid,,,,,,,singleton,20,100.0,10,10;8,8,"{""8"": 53}","{""8"": 4708, ""10"": 4949}",75328,4.189543937708565,10,40.0,ns3,899,0.5,10,12,28,,,[],[],,8,16,32,
2026_07_15_01_26_56,000070,11,all-cavs,selective_edgecooper_global,grid,,,,,,,singleton,20,100.0,11,11,,{},"{""11"": 4909}",0,0.0,10,40.0,ns3,899,0.5,10,12,28,,,[],[],,,18,20,
2026_07_15_01_26_56,000070,12,all-cavs,selective_edgecooper_global,grid,,,,,,,singleton,20,100.0,12,12,,{},"{""12"": 4888}",0,0.0,10,40.0,ns3,899,0.5,10,12,28,,,[],[],,,10,19,
2026_07_15_01_26_56,000070,13,all-cavs,selective_edgecooper_global,grid,,,,,,,singleton,20,100.0,13,13;16,16,"{""16"": 52}","{""13"": 4795, ""16"": 4845}",77520,4.3114571746384875,10,40.0,ns3,899,0.5,10,12,28,,,[],[],,16,17,30,
2026_07_15_01_26_56,000070,14,all-cavs,selective_edgecooper_global,grid,,,,,,,singleton,20,100.0,14,14;19,19,"{""19"": 59}","{""14"": 5031, ""19"": 4824}",77184,4.292769744160178,10,40.0,ns3,899,0.5,10,12,28,,,[],[],,19,3,5,
2026_07_15_01_26_56,000070,15,all-cavs,selective_edgecooper_global,grid,,,,,,,singleton,20,100.0,15,15,,{},"{""15"": 4740}",0,0.0,10,40.0,ns3,899,0.5,10,12,28,,,[],[],,,15,8,
2026_07_15_01_26_56,000070,16,all-cavs,selective_edgecooper_global,grid,,,,,,,singleton,20,100.0,16,16,,{},"{""16"": 4856}",0,0.0,10,40.0,ns3,899,0.5,10,12,28,,,[],[],,,14,24,
2026_07_15_01_26_56,000070,17,all-cavs,selective_edgecooper_global,grid,,,,,,,singleton,20,100.0,17,17;12,12,"{""12"": 59}","{""12"": 4888, ""17"": 4972}",78208,4.349721913236929,10,40.0,ns3,899,0.5,10,12,28,,,[],[],,12,25,32,
2026_07_15_01_26_56,000070,18,all-cavs,selective_edgecooper_global,grid,,,,,,,singleton,20,100.0,18,18,,{},"{""18"": 5042}",0,0.0,10,40.0,ns3,899,0.5,10,12,28,,,[],[],,,14,11,
2026_07_15_01_26_56,000070,19,all-cavs,selective_edgecooper_global,grid,,,,,,,singleton,20,100.0,19,19,,{},"{""19"": 4824}",0,0.0,10,40.0,ns3,899,0.5,10,12,28,,,[],[],,,10,13,
2026_07_15_01_26_56,000070,20,all-cavs,selective_edgecooper_global,grid,,,,,,,singleton,20,100.0,20,20;11,11,"{""11"": 56}","{""11"": 4896, ""20"": 4909}",78336,4.356840934371523,10,40.0,ns3,899,0.5,10,12,28,,,[],[],,11,31,31,
2026_07_15_01_26_56,000072,1,all-cavs,selective_edgecooper_global,grid,,,,,,,singleton,20,100.0,1,1;15,15,"{""15"": 49}","{""1"": 4928, ""15"": 4725}",75600,4.204671857619577,10,40.0,ns3,899,0.5,10,12,28,,,[],[],,15,25,24,
2026_07_15_01_26_56,000072,2,all-cavs,selective_edgecooper_global,grid,,,,,,,singleton,20,100.0,2,2;5,5,"{""5"": 52}","{""2"": 4864, ""5"": 4907}",78512,4.36662958843159,10,40.0,ns3,899,0.5,10,12,28,,,[],[],,5,27,38,
2026_07_15_01_26_56,000072,3,all-cavs,selective_edgecooper_global,grid,,,,,,,singleton,20,100.0,3,3;18,18,"{""18"": 52}","{""3"": 4951, ""18"": 4907}",78512,4.36662958843159,10,40.0,ns3,899,0.5,10,12,28,,,[],[],,18,20,18,
2026_07_15_01_26_56,000072,4,all-cavs,selective_edgecooper_global,grid,,,,,,,singleton,20,100.0,4,4;9,9,"{""9"": 50}","{""4"": 4868, ""9"": 4855}",77680,4.3203559510567295,10,40.0,ns3,899,0.5,10,12,28,,,[],[],,9,11,30,
2026_07_15_01_26_56,000072,5,all-cavs,selective_edgecooper_global,grid,,,,,,,singleton,20,100.0,5,5,,{},"{""5"": 4908}",0,0.0,10,40.0,ns3,899,0.5,10,12,28,,,[],[],,,9,15,
2026_07_15_01_26_56,000072,6,all-cavs,selective_edgecooper_global,grid,,,,,,,singleton,20,100.0,6,6,,{},"{""6"": 4599}",0,0.0,10,40.0,ns3,899,0.5,10,12,28,,,[],[],,,11,14,
2026_07_15_01_26_56,000072,7,all-cavs,selective_edgecooper_global,grid,,,,,,,singleton,20,100.0,7,7,,{},"{""7"": 4909}",0,0.0,10,40.0,ns3,899,0.5,10,12,28,,,[],[],,,11,16,
2026_07_15_01_26_56,000072,8,all-cavs,selective_edgecooper_global,grid,,,,,,,singleton,20,100.0,8,8,,{},"{""8"": 4842}",0,0.0,10,40.0,ns3,899,0.5,10,12,28,,,[],[],,,12,24,
2026_07_15_01_26_56,000072,9,all-cavs,selective_edgecooper_global,grid,,,,,,,singleton,20,100.0,9,9,,{},"{""9"": 4857}",0,0.0,10,40.0,ns3,899,0.5,10,12,28,,,[],[],,,16,18,
2026_07_15_01_26_56,000072,10,all-cavs,selective_edgecooper_global,grid,,,,,,,singleton,20,100.0,10,10;8,8,"{""8"": 53}","{""8"": 4708, ""10"": 4930}",75328,4.189543937708565,10,40.0,ns3,899,0.5,10,12,28,,,[],[],,8,23,33,
2026_07_15_01_26_56,000072,11,all-cavs,selective_edgecooper_global,grid,,,,,,,singleton,20,100.0,11,11,,{},"{""11"": 4908}",0,0.0,10,40.0,ns3,899,0.5,10,12,28,,,[],[],,,17,20,
2026_07_15_01_26_56,000072,12,all-cavs,selective_edgecooper_global,grid,,,,,,,singleton,20,100.0,12,12,,{},"{""12"": 4892}",0,0.0,10,40.0,ns3,899,0.5,10,12,28,,,[],[],,,8,15,
2026_07_15_01_26_56,000072,13,all-cavs,selective_edgecooper_global,grid,,,,,,,singleton,20,100.0,13,13;16,16,"{""16"": 52}","{""13"": 4800, ""16"": 4857}",77712,4.3221357063403785,10,40.0,ns3,899,0.5,10,12,28,,,[],[],,16,14,29,
2026_07_15_01_26_56,000072,14,all-cavs,selective_edgecooper_global,grid,,,,,,,singleton,20,100.0,14,14;19,19,"{""19"": 60}","{""14"": 5044, ""19"": 4826}",77216,4.294549499443827,10,40.0,ns3,899,0.5,10,12,28,,,[],[],,19,3,5,
2026_07_15_01_26_56,000072,15,all-cavs,selective_edgecooper_global,grid,,,,,,,singleton,20,100.0,15,15,,{},"{""15"": 4748}",0,0.0,10,40.0,ns3,899,0.5,10,12,28,,,[],[],,,11,9,
2026_07_15_01_26_56,000072,16,all-cavs,selective_edgecooper_global,grid,,,,,,,singleton,20,100.0,16,16,,{},"{""16"": 4868}",0,0.0,10,40.0,ns3,899,0.5,10,12,28,,,[],[],,,18,24,
2026_07_15_01_26_56,000072,17,all-cavs,selective_edgecooper_global,grid,,,,,,,singleton,20,100.0,17,17;12,12,"{""12"": 58}","{""12"": 4892, ""17"": 4977}",78272,4.353281423804226,10,40.0,ns3,899,0.5,10,12,28,,,[],[],,12,26,28,
2026_07_15_01_26_56,000072,18,all-cavs,selective_edgecooper_global,grid,,,,,,,singleton,20,100.0,18,18,,{},"{""18"": 5002}",0,0.0,10,40.0,ns3,899,0.5,10,12,28,,,[],[],,,13,11,
2026_07_15_01_26_56,000072,19,all-cavs,selective_edgecooper_global,grid,,,,,,,singleton,20,100.0,19,19,,{},"{""19"": 4826}",0,0.0,10,40.0,ns3,899,0.5,10,12,28,,,[],[],,,11,13,
2026_07_15_01_26_56,000072,20,all-cavs,selective_edgecooper_global,grid,,,,,,,singleton,20,100.0,20,20;11,11,"{""11"": 55}","{""11"": 4894, ""20"": 4907}",78304,4.355061179087875,10,40.0,ns3,899,0.5,10,12,28,,,[],[],,11,31,30,
2026_07_15_01_26_56,000074,1,all-cavs,selective_edgecooper_global,grid,,,,,,,singleton,20,100.0,1,1;19,19,"{""19"": 57}","{""1"": 4931, ""19"": 4817}",77072,4.286540600667409,10,40.0,ns3,899,0.5,10,12,28,,,[],[],,19,16,25,
2026_07_15_01_26_56,000074,2,all-cavs,selective_edgecooper_global,grid,,,,,,,singleton,20,100.0,2,2;8,8,"{""8"": 53}","{""2"": 4872, ""8"": 4804}",76864,4.274972191323693,10,40.0,ns3,899,0.5,10,12,28,,,[],[],,8,23,42,
2026_07_15_01_26_56,000074,3,all-cavs,selective_edgecooper_global,grid,,,,,,,singleton,20,100.0,3,3;18,18,"{""18"": 52}","{""3"": 4963, ""18"": 4879}",78064,4.341713014460511,10,40.0,ns3,899,0.5,10,12,28,,,[],[],,18,19,18,
2026_07_15_01_26_56,000074,4,all-cavs,selective_edgecooper_global,grid,,,,,,,singleton,20,100.0,4,4,,{},"{""4"": 4850}",0,0.0,10,40.0,ns3,899,0.5,10,12,28,,,[],[],,,13,25,
2026_07_15_01_26_56,000074,5,all-cavs,selective_edgecooper_global,grid,,,,,,,singleton,20,100.0,5,5,,{},"{""5"": 4914}",0,0.0,10,40.0,ns3,899,0.5,10,12,28,,,[],[],,,12,16,
2026_07_15_01_26_56,000074,6,all-cavs,selective_edgecooper_global,grid,,,,,,,singleton,20,100.0,6,6,,{},"{""6"": 4599}",0,0.0,10,40.0,ns3,899,0.5,10,12,28,,,[],[],,,11,14,
2026_07_15_01_26_56,000074,7,all-cavs,selective_edgecooper_global,grid,,,,,,,singleton,20,100.0,7,7,,{},"{""7"": 4926}",0,0.0,10,40.0,ns3,899,0.5,10,12,28,,,[],[],,,11,16,
2026_07_15_01_26_56,000074,8,all-cavs,selective_edgecooper_global,grid,,,,,,,singleton,20,100.0,8,8,,{},"{""8"": 4842}",0,0.0,10,40.0,ns3,899,0.5,10,12,28,,,[],[],,,14,24,
2026_07_15_01_26_56,000074,9,all-cavs,selective_edgecooper_global,grid,,,,,,,singleton,20,100.0,9,9,,{},"{""9"": 4857}",0,0.0,10,40.0,ns3,899,0.5,10,12,28,,,[],[],,,15,18,
2026_07_15_01_26_56,000074,10,all-cavs,selective_edgecooper_global,grid,,,,,,,singleton,20,100.0,10,10;5,5,"{""5"": 46}","{""5"": 4801, ""10"": 4948}",76816,4.272302558398221,10,40.0,ns3,899,0.5,10,12,28,,,[],[],,5,22,38,
2026_07_15_01_26_56,000074,11,all-cavs,selective_edgecooper_global,grid,,,,,,,singleton,20,100.0,11,11;15,15,"{""15"": 47}","{""11"": 4906, ""15"": 4748}",75968,4.225139043381534,10,40.0,ns3,899,0.5,10,12,28,,,[],[],,15,27,24,
2026_07_15_01_26_56,000074,12,all-cavs,selective_edgecooper_global,grid,,,,,,,singleton,20,100.0,12,12,,{},"{""12"": 4881}",0,0.0,10,40.0,ns3,899,0.5,10,12,28,,,[],[],,,10,18,
2026_07_15_01_26_56,000074,13,all-cavs,selective_edgecooper_global,grid,,,,,,,singleton,20,100.0,13,13;14,14,"{""14"": 61}","{""13"": 4800, ""14"": 5017}",80272,4.464516129032258,10,40.0,ns3,899,0.5,10,12,28,,,[],[],,14,10,15,
2026_07_15_01_26_56,000074,14,all-cavs,selective_edgecooper_global,grid,,,,,,,singleton,20,100.0,14,14,,{},"{""14"": 5017}",0,0.0,10,40.0,ns3,899,0.5,10,12,28,,,[],[],,,3,4,
2026_07_15_01_26_56,000074,15,all-cavs,selective_edgecooper_global,grid,,,,,,,singleton,20,100.0,15,15,,{},"{""15"": 4753}",0,0.0,10,40.0,ns3,899,0.5,10,12,28,,,[],[],,,12,9,
2026_07_15_01_26_56,000074,16,all-cavs,selective_edgecooper_global,grid,,,,,,,singleton,20,100.0,16,16;12,12,"{""12"": 56}","{""12"": 4880, ""16"": 4872}",78080,4.342602892102335,10,40.0,ns3,899,0.5,10,12,28,,,[],[],,12,21,33,
2026_07_15_01_26_56,000074,17,all-cavs,selective_edgecooper_global,grid,,,,,,,singleton,20,100.0,17,17,,{},"{""17"": 4954}",0,0.0,10,40.0,ns3,899,0.5,10,12,28,,,[],[],,,18,12,
2026_07_15_01_26_56,000074,18,all-cavs,selective_edgecooper_global,grid,,,,,,,singleton,20,100.0,18,18,,{},"{""18"": 4980}",0,0.0,10,40.0,ns3,899,0.5,10,12,28,,,[],[],,,12,11,
2026_07_15_01_26_56,000074,19,all-cavs,selective_edgecooper_global,grid,,,,,,,singleton,20,100.0,19,19,,{},"{""19"": 4825}",0,0.0,10,40.0,ns3,899,0.5,10,12,28,,,[],[],,,10,13,
2026_07_15_01_26_56,000074,20,all-cavs,selective_edgecooper_global,grid,,,,,,,singleton,20,100.0,20,20;7,7,"{""7"": 57}","{""7"": 4576, ""20"": 4907}",73216,4.0720800889877635,10,40.0,ns3,899,0.5,10,12,28,,,[],[],,7,23,25,
2026_07_15_01_26_56,000076,1,all-cavs,selective_edgecooper_global,grid,,,,,,,singleton,20,100.0,1,1;19,19,"{""19"": 56}","{""1"": 4934, ""19"": 4813}",77008,4.282981090100112,10,40.0,ns3,899,0.5,10,12,28,,,[],[],,19,15,25,
2026_07_15_01_26_56,000076,2,all-cavs,selective_edgecooper_global,grid,,,,,,,singleton,20,100.0,2,2;8,8,"{""8"": 53}","{""2"": 4873, ""8"": 4803}",76848,4.274082313681869,10,40.0,ns3,899,0.5,10,12,28,,,[],[],,8,21,41,
2026_07_15_01_26_56,000076,3,all-cavs,selective_edgecooper_global,grid,,,,,,,singleton,20,100.0,3,3;18,18,"{""18"": 53}","{""3"": 4935, ""18"": 4890}",78240,4.351501668520578,10,40.0,ns3,899,0.5,10,12,28,,,[],[],,18,21,18,
2026_07_15_01_26_56,000076,4,all-cavs,selective_edgecooper_global,grid,,,,,,,singleton,20,100.0,4,4,,{},"{""4"": 4853}",0,0.0,10,40.0,ns3,899,0.5,10,12,28,,,[],[],,,8,24,
2026_07_15_01_26_56,000076,5,all-cavs,selective_edgecooper_global,grid,,,,,,,singleton,20,100.0,5,5,,{},"{""5"": 4910}",0,0.0,10,40.0,ns3,899,0.5,10,12,28,,,[],[],,,15,15,
2026_07_15_01_26_56,000076,6,all-cavs,selective_edgecooper_global,grid,,,,,,,singleton,20,100.0,6,6,,{},"{""6"": 4624}",0,0.0,10,40.0,ns3,899,0.5,10,12,28,,,[],[],,,11,14,
2026_07_15_01_26_56,000076,7,all-cavs,selective_edgecooper_global,grid,,,,,,,singleton,20,100.0,7,7,,{},"{""7"": 4905}",0,0.0,10,40.0,ns3,899,0.5,10,12,28,,,[],[],,,14,17,
2026_07_15_01_26_56,000076,8,all-cavs,selective_edgecooper_global,grid,,,,,,,singleton,20,100.0,8,8,,{},"{""8"": 4841}",0,0.0,10,40.0,ns3,899,0.5,10,12,28,,,[],[],,,13,24,
2026_07_15_01_26_56,000076,9,all-cavs,selective_edgecooper_global,grid,,,,,,,singleton,20,100.0,9,9,,{},"{""9"": 4859}",0,0.0,10,40.0,ns3,899,0.5,10,12,28,,,[],[],,,15,19,
2026_07_15_01_26_56,000076,10,all-cavs,selective_edgecooper_global,grid,,,,,,,singleton,20,100.0,10,10;5,5,"{""5"": 47}","{""5"": 4796, ""10"": 4943}",76736,4.267853170189099,10,40.0,ns3,899,0.5,10,12,28,,,[],[],,5,23,36,
2026_07_15_01_26_56,000076,11,all-cavs,selective_edgecooper_global,grid,,,,,,,singleton,20,100.0,11,11;15,15,"{""15"": 45}","{""11"": 4905, ""15"": 4750}",76000,4.226918798665183,10,40.0,ns3,899,0.5,10,12,28,,,[],[],,15,27,25,
2026_07_15_01_26_56,000076,12,all-cavs,selective_edgecooper_global,grid,,,,,,,singleton,20,100.0,12,12,,{},"{""12"": 4903}",0,0.0,10,40.0,ns3,899,0.5,10,12,28,,,[],[],,,10,16,
2026_07_15_01_26_56,000076,13,all-cavs,selective_edgecooper_global,grid,,,,,,,singleton,20,100.0,13,13,,{},"{""13"": 4773}",0,0.0,10,40.0,ns3,899,0.5,10,12,28,,,[],[],,,11,15,
2026_07_15_01_26_56,000076,14,all-cavs,selective_edgecooper_global,grid,,,,,,,singleton,20,100.0,14,14;9,9,"{""9"": 53}","{""9"": 4859, ""14"": 5022}",77744,4.3239154616240265,10,40.0,ns3,899,0.5,10,12,28,,,[],[],,9,3,5,
2026_07_15_01_26_56,000076,15,all-cavs,selective_edgecooper_global,grid,,,,,,,singleton,20,100.0,15,15,,{},"{""15"": 4754}",0,0.0,10,40.0,ns3,899,0.5,10,12,28,,,[],[],,,14,9,
2026_07_15_01_26_56,000076,16,all-cavs,selective_edgecooper_global,grid,,,,,,,singleton,20,100.0,16,16;12,12,"{""12"": 55}","{""12"": 4891, ""16"": 4885}",78256,4.352391546162402,10,40.0,ns3,899,0.5,10,12,28,,,[],[],,12,22,32,
2026_07_15_01_26_56,000076,17,all-cavs,selective_edgecooper_global,grid,,,,,,,singleton,20,100.0,17,17,,{},"{""17"": 5003}",0,0.0,10,40.0,ns3,899,0.5,10,12,28,,,[],[],,,16,13,
2026_07_15_01_26_56,000076,18,all-cavs,selective_edgecooper_global,grid,,,,,,,singleton,20,100.0,18,18,,{},"{""18"": 4986}",0,0.0,10,40.0,ns3,899,0.5,10,12,28,,,[],[],,,13,11,
2026_07_15_01_26_56,000076,19,all-cavs,selective_edgecooper_global,grid,,,,,,,singleton,20,100.0,19,19,,{},"{""19"": 4821}",0,0.0,10,40.0,ns3,899,0.5,10,12,28,,,[],[],,,10,13,
2026_07_15_01_26_56,000076,20,all-cavs,selective_edgecooper_global,grid,,,,,,,singleton,20,100.0,20,20;7,7,"{""7"": 54}","{""7"": 4565, ""20"": 4906}",73040,4.0622914349276975,10,40.0,ns3,899,0.5,10,12,28,,,[],[],,7,24,25,
2026_07_15_01_26_56,000078,1,all-cavs,selective_edgecooper_global,grid,,,,,,,singleton,20,100.0,1,1;19,19,"{""19"": 57}","{""1"": 4934, ""19"": 4815}",77040,4.28476084538376,10,40.0,ns3,899,0.5,10,12,28,,,[],[],,19,19,25,
2026_07_15_01_26_56,000078,2,all-cavs,selective_edgecooper_global,grid,,,,,,,singleton,20,100.0,2,2;8,8,"{""8"": 53}","{""2"": 4851, ""8"": 4802}",76832,4.273192436040045,10,40.0,ns3,899,0.5,10,12,28,,,[],[],,8,19,40,
2026_07_15_01_26_56,000078,3,all-cavs,selective_edgecooper_global,grid,,,,,,,singleton,20,100.0,3,3,,{},"{""3"": 4932}",0,0.0,10,40.0,ns3,899,0.5,10,12,28,,,[],[],,,18,7,
2026_07_15_01_26_56,000078,4,all-cavs,selective_edgecooper_global,grid,,,,,,,singleton,20,100.0,4,4,,{},"{""4"": 4858}",0,0.0,10,40.0,ns3,899,0.5,10,12,28,,,[],[],,,13,27,
2026_07_15_01_26_56,000078,5,all-cavs,selective_edgecooper_global,grid,,,,,,,singleton,20,100.0,5,5,,{},"{""5"": 4911}",0,0.0,10,40.0,ns3,899,0.5,10,12,28,,,[],[],,,10,15,
2026_07_15_01_26_56,000078,6,all-cavs,selective_edgecooper_global,grid,,,,,,,singleton,20,100.0,6,6,,{},"{""6"": 4635}",0,0.0,10,40.0,ns3,899,0.5,10,12,28,,,[],[],,,11,15,
2026_07_15_01_26_56,000078,7,all-cavs,selective_edgecooper_global,grid,,,,,,,singleton,20,100.0,7,7,,{},"{""7"": 4919}",0,0.0,10,40.0,ns3,899,0.5,10,12,28,,,[],[],,,10,14,
2026_07_15_01_26_56,000078,8,all-cavs,selective_edgecooper_global,grid,,,,,,,singleton,20,100.0,8,8,,{},"{""8"": 4841}",0,0.0,10,40.0,ns3,899,0.5,10,12,28,,,[],[],,,12,24,
2026_07_15_01_26_56,000078,9,all-cavs,selective_edgecooper_global,grid,,,,,,,singleton,20,100.0,9,9,,{},"{""9"": 4857}",0,0.0,10,40.0,ns3,899,0.5,10,12,28,,,[],[],,,16,19,
2026_07_15_01_26_56,000078,10,all-cavs,selective_edgecooper_global,grid,,,,,,,singleton,20,100.0,10,10;5,5,"{""5"": 45}","{""5"": 4798, ""10"": 4935}",76768,4.269632925472748,10,40.0,ns3,899,0.5,10,12,28,,,[],[],,5,23,37,
2026_07_15_01_26_56,000078,11,all-cavs,selective_edgecooper_global,grid,,,,,,,singleton,20,100.0,11,11;15,15,"{""15"": 45}","{""11"": 4907, ""15"": 4749}",75984,4.226028921023359,10,40.0,ns3,899,0.5,10,12,28,,,[],[],,15,25,25,
2026_07_15_01_26_56,000078,12,all-cavs,selective_edgecooper_global,grid,,,,,,,singleton,20,100.0,12,12,,{},"{""12"": 4895}",0,0.0,10,40.0,ns3,899,0.5,10,12,28,,,[],[],,,10,16,
2026_07_15_01_26_56,000078,13,all-cavs,selective_edgecooper_global,grid,,,,,,,singleton,20,100.0,13,13,,{},"{""13"": 4778}",0,0.0,10,40.0,ns3,899,0.5,10,12,28,,,[],[],,,11,14,
2026_07_15_01_26_56,000078,14,all-cavs,selective_edgecooper_global,grid,,,,,,,singleton,20,100.0,14,14;9,9,"{""9"": 53}","{""9"": 4857, ""14"": 5015}",77712,4.3221357063403785,10,40.0,ns3,899,0.5,10,12,28,,,[],[],,9,4,5,
2026_07_15_01_26_56,000078,15,all-cavs,selective_edgecooper_global,grid,,,,,,,singleton,20,100.0,15,15,,{},"{""15"": 4753}",0,0.0,10,40.0,ns3,899,0.5,10,12,28,,,[],[],,,13,9,
2026_07_15_01_26_56,000078,16,all-cavs,selective_edgecooper_global,grid,,,,,,,singleton,20,100.0,16,16;12,12,"{""12"": 55}","{""12"": 4894, ""16"": 4880}",78304,4.355061179087875,10,40.0,ns3,899,0.5,10,12,28,,,[],[],,12,17,34,
2026_07_15_01_26_56,000078,17,all-cavs,selective_edgecooper_global,grid,,,,,,,singleton,20,100.0,17,17;18,18,"{""18"": 54}","{""17"": 4995, ""18"": 4987}",79792,4.437819799777531,10,40.0,ns3,899,0.5,10,12,28,,,[],[],,18,19,18,
2026_07_15_01_26_56,000078,18,all-cavs,selective_edgecooper_global,grid,,,,,,,singleton,20,100.0,18,18,,{},"{""18"": 5018}",0,0.0,10,40.0,ns3,899,0.5,10,12,28,,,[],[],,,13,10,
2026_07_15_01_26_56,000078,19,all-cavs,selective_edgecooper_global,grid,,,,,,,singleton,20,100.0,19,19,,{},"{""19"": 4823}",0,0.0,10,40.0,ns3,899,0.5,10,12,28,,,[],[],,,10,13,
2026_07_15_01_26_56,000078,20,all-cavs,selective_edgecooper_global,grid,,,,,,,singleton,20,100.0,20,20;7,7,"{""7"": 55}","{""7"": 4592, ""20"": 4908}",73472,4.086318131256952,10,40.0,ns3,899,0.5,10,12,28,,,[],[],,7,23,23,
2026_07_15_01_26_56,000080,1,all-cavs,selective_edgecooper_global,grid,,,,,,,singleton,20,100.0,1,1;19,19,"{""19"": 59}","{""1"": 4933, ""19"": 4813}",77008,4.282981090100112,10,40.0,ns3,899,0.5,10,12,28,,,[],[],,19,18,25,
2026_07_15_01_26_56,000080,2,all-cavs,selective_edgecooper_global,grid,,,,,,,singleton,20,100.0,2,2;15,15,"{""15"": 47}","{""2"": 4849, ""15"": 4738}",75808,4.216240266963292,10,40.0,ns3,899,0.5,10,12,28,,,[],[],,15,24,29,
2026_07_15_01_26_56,000080,3,all-cavs,selective_edgecooper_global,grid,,,,,,,singleton,20,100.0,3,3;18,18,"{""18"": 54}","{""3"": 4937, ""18"": 4885}",78160,4.347052280311457,10,40.0,ns3,899,0.5,10,12,28,,,[],[],,18,19,18,
2026_07_15_01_26_56,000080,4,all-cavs,selective_edgecooper_global,grid,,,,,,,singleton,20,100.0,4,4;5,5,"{""5"": 52}","{""4"": 4847, ""5"": 4914}",78624,4.372858731924361,10,40.0,ns3,899,0.5,10,12,28,,,[],[],,5,13,34,
2026_07_15_01_26_56,000080,5,all-cavs,selective_edgecooper_global,grid,,,,,,,singleton,20,100.0,5,5,,{},"{""5"": 4916}",0,0.0,10,40.0,ns3,899,0.5,10,12,28,,,[],[],,,13,14,
2026_07_15_01_26_56,000080,6,all-cavs,selective_edgecooper_global,grid,,,,,,,singleton,20,100.0,6,6,,{},"{""6"": 4637}",0,0.0,10,40.0,ns3,899,0.5,10,12,28,,,[],[],,,11,15,
2026_07_15_01_26_56,000080,7,all-cavs,selective_edgecooper_global,grid,,,,,,,singleton,20,100.0,7,7,,{},"{""7"": 4919}",0,0.0,10,40.0,ns3,899,0.5,10,12,28,,,[],[],,,13,15,
2026_07_15_01_26_56,000080,8,all-cavs,selective_edgecooper_global,grid,,,,,,,singleton,20,100.0,8,8,,{},"{""8"": 4839}",0,0.0,10,40.0,ns3,899,0.5,10,12,28,,,[],[],,,12,23,
2026_07_15_01_26_56,000080,9,all-cavs,selective_edgecooper_global,grid,,,,,,,singleton,20,100.0,9,9,,{},"{""9"": 4858}",0,0.0,10,40.0,ns3,899,0.5,10,12,28,,,[],[],,,15,19,
2026_07_15_01_26_56,000080,10,all-cavs,selective_edgecooper_global,grid,,,,,,,singleton,20,100.0,10,10;12,12,"{""12"": 55}","{""10"": 4924, ""12"": 4879}",78064,4.341713014460511,10,40.0,ns3,899,0.5,10,12,28,,,[],[],,12,15,31,
2026_07_15_01_26_56,000080,11,all-cavs,selective_edgecooper_global,grid,,,,,,,singleton,20,100.0,11,11,,{},"{""11"": 4908}",0,0.0,10,40.0,ns3,899,0.5,10,12,28,,,[],[],,,19,21,
2026_07_15_01_26_56,000080,12,all-cavs,selective_edgecooper_global,grid,,,,,,,singleton,20,100.0,12,12,,{},"{""12"": 4905}",0,0.0,10,40.0,ns3,899,0.5,10,12,28,,,[],[],,,10,16,
2026_07_15_01_26_56,000080,13,all-cavs,selective_edgecooper_global,grid,,,,,,,singleton,20,100.0,13,13;8,8,"{""8"": 55}","{""8"": 4837, ""13"": 4772}",77392,4.304338153503894,10,40.0,ns3,899,0.5,10,12,28,,,[],[],,8,16,30,
2026_07_15_01_26_56,000080,14,all-cavs,selective_edgecooper_global,grid,,,,,,,singleton,20,100.0,14,14;9,9,"{""9"": 53}","{""9"": 4858, ""14"": 5031}",77728,4.3230255839822025,10,40.0,ns3,899,0.5,10,12,28,,,[],[],,9,4,5,
2026_07_15_01_26_56,000080,15,all-cavs,selective_edgecooper_global,grid,,,,,,,singleton,20,100.0,15,15,,{},"{""15"": 4751}",0,0.0,10,40.0,ns3,899,0.5,10,12,28,,,[],[],,,12,8,
2026_07_15_01_26_56,000080,16,all-cavs,selective_edgecooper_global,grid,,,,,,,singleton,20,100.0,16,16,,{},"{""16"": 4897}",0,0.0,10,40.0,ns3,899,0.5,10,12,28,,,[],[],,,17,22,
2026_07_15_01_26_56,000080,17,all-cavs,selective_edgecooper_global,grid,,,,,,,singleton,20,100.0,17,17,,{},"{""17"": 4990}",0,0.0,10,40.0,ns3,899,0.5,10,12,28,,,[],[],,,16,13,
2026_07_15_01_26_56,000080,18,all-cavs,selective_edgecooper_global,grid,,,,,,,singleton,20,100.0,18,18,,{},"{""18"": 4986}",0,0.0,10,40.0,ns3,899,0.5,10,12,28,,,[],[],,,12,11,
2026_07_15_01_26_56,000080,19,all-cavs,selective_edgecooper_global,grid,,,,,,,singleton,20,100.0,19,19,,{},"{""19"": 4821}",0,0.0,10,40.0,ns3,899,0.5,10,12,28,,,[],[],,,10,13,
2026_07_15_01_26_56,000080,20,all-cavs,selective_edgecooper_global,grid,,,,,,,singleton,20,100.0,20,20;11,11,"{""11"": 55}","{""11"": 4896, ""20"": 4907}",78336,4.356840934371523,10,40.0,ns3,899,0.5,10,12,28,,,[],[],,11,31,29,
2026_07_15_01_26_56,000082,1,all-cavs,selective_edgecooper_global,grid,,,,,,,singleton,20,100.0,1,1;19,19,"{""19"": 59}","{""1"": 4932, ""19"": 4814}",77024,4.283870967741936,10,40.0,ns3,899,0.5,10,12,28,,,[],[],,19,18,25,
2026_07_15_01_26_56,000082,2,all-cavs,selective_edgecooper_global,grid,,,,,,,singleton,20,100.0,2,2;15,15,"{""15"": 48}","{""2"": 4863, ""15"": 4743}",75888,4.220689655172413,10,40.0,ns3,899,0.5,10,12,28,,,[],[],,15,27,27,
2026_07_15_01_26_56,000082,3,all-cavs,selective_edgecooper_global,grid,,,,,,,singleton,20,100.0,3,3;18,18,"{""18"": 58}","{""3"": 4948, ""18"": 4873}",77968,4.336373748609566,10,40.0,ns3,899,0.5,10,12,28,,,[],[],,18,18,18,
2026_07_15_01_26_56,000082,4,all-cavs,selective_edgecooper_global,grid,,,,,,,singleton,20,100.0,4,4;5,5,"{""5"": 49}","{""4"": 4841, ""5"": 4912}",78592,4.371078976640711,10,40.0,ns3,899,0.5,10,12,28,,,[],[],,5,15,34,
2026_07_15_01_26_56,000082,5,all-cavs,selective_edgecooper_global,grid,,,,,,,singleton,20,100.0,5,5,,{},"{""5"": 4913}",0,0.0,10,40.0,ns3,899,0.5,10,12,28,,,[],[],,,13,14,
2026_07_15_01_26_56,000082,6,all-cavs,selective_edgecooper_global,grid,,,,,,,singleton,20,100.0,6,6,,{},"{""6"": 4653}",0,0.0,10,40.0,ns3,899,0.5,10,12,28,,,[],[],,,11,15,
2026_07_15_01_26_56,000082,7,all-cavs,selective_edgecooper_global,grid,,,,,,,singleton,20,100.0,7,7,,{},"{""7"": 4912}",0,0.0,10,40.0,ns3,899,0.5,10,12,28,,,[],[],,,10,16,
2026_07_15_01_26_56,000082,8,all-cavs,selective_edgecooper_global,grid,,,,,,,singleton,20,100.0,8,8,,{},"{""8"": 4838}",0,0.0,10,40.0,ns3,899,0.5,10,12,28,,,[],[],,,13,23,
2026_07_15_01_26_56,000082,9,all-cavs,selective_edgecooper_global,grid,,,,,,,singleton,20,100.0,9,9,,{},"{""9"": 4859}",0,0.0,10,40.0,ns3,899,0.5,10,12,28,,,[],[],,,15,19,
2026_07_15_01_26_56,000082,10,all-cavs,selective_edgecooper_global,grid,,,,,,,singleton,20,100.0,10,10,,{},"{""10"": 4925}",0,0.0,10,40.0,ns3,899,0.5,10,12,28,,,[],[],,,16,26,
2026_07_15_01_26_56,000082,11,all-cavs,selective_edgecooper_global,grid,,,,,,,singleton,20,100.0,11,11,,{},"{""11"": 4909}",0,0.0,10,40.0,ns3,899,0.5,10,12,28,,,[],[],,,17,21,
2026_07_15_01_26_56,000082,12,all-cavs,selective_edgecooper_global,grid,,,,,,,singleton,20,100.0,12,12;7,7,"{""7"": 56}","{""7"": 4838, ""12"": 4915}",77408,4.305228031145718,10,40.0,ns3,899,0.5,10,12,28,,,[],[],,7,20,31,
2026_07_15_01_26_56,000082,13,all-cavs,selective_edgecooper_global,grid,,,,,,,singleton,20,100.0,13,13;8,8,"{""8"": 54}","{""8"": 4836, ""13"": 4801}",77376,4.303448275862069,10,40.0,ns3,899,0.5,10,12,28,,,[],[],,8,15,30,
2026_07_15_01_26_56,000082,14,all-cavs,selective_edgecooper_global,grid,,,,,,,singleton,20,100.0,14,14;9,9,"{""9"": 53}","{""9"": 4859, ""14"": 4993}",77744,4.3239154616240265,10,40.0,ns3,899,0.5,10,12,28,,,[],[],,9,4,5,
2026_07_15_01_26_56,000082,15,all-cavs,selective_edgecooper_global,grid,,,,,,,singleton,20,100.0,15,15,,{},"{""15"": 4758}",0,0.0,10,40.0,ns3,899,0.5,10,12,28,,,[],[],,,13,8,
2026_07_15_01_26_56,000082,16,all-cavs,selective_edgecooper_global,grid,,,,,,,singleton,20,100.0,16,16,,{},"{""16"": 4908}",0,0.0,10,40.0,ns3,899,0.5,10,12,28,,,[],[],,,17,22,
2026_07_15_01_26_56,000082,17,all-cavs,selective_edgecooper_global,grid,,,,,,,singleton,20,100.0,17,17,,{},"{""17"": 4970}",0,0.0,10,40.0,ns3,899,0.5,10,12,28,,,[],[],,,18,13,
2026_07_15_01_26_56,000082,18,all-cavs,selective_edgecooper_global,grid,,,,,,,singleton,20,100.0,18,18,,{},"{""18"": 4961}",0,0.0,10,40.0,ns3,899,0.5,10,12,28,,,[],[],,,12,11,
2026_07_15_01_26_56,000082,19,all-cavs,selective_edgecooper_global,grid,,,,,,,singleton,20,100.0,19,19,,{},"{""19"": 4822}",0,0.0,10,40.0,ns3,899,0.5,10,12,28,,,[],[],,,10,13,
2026_07_15_01_26_56,000082,20,all-cavs,selective_edgecooper_global,grid,,,,,,,singleton,20,100.0,20,20;11,11,"{""11"": 55}","{""11"": 4897, ""20"": 4906}",78352,4.357730812013348,10,40.0,ns3,899,0.5,10,12,28,,,[],[],,11,31,28,
2026_07_15_01_26_56,000084,1,all-cavs,selective_edgecooper_global,grid,,,,,,,singleton,20,100.0,1,1;19,19,"{""19"": 61}","{""1"": 4932, ""19"": 4814}",77024,4.283870967741936,10,40.0,ns3,899,0.5,10,12,28,,,[],[],,19,18,25,
2026_07_15_01_26_56,000084,2,all-cavs,selective_edgecooper_global,grid,,,,,,,singleton,20,100.0,2,2;15,15,"{""15"": 46}","{""2"": 4867, ""15"": 4750}",76000,4.226918798665183,10,40.0,ns3,899,0.5,10,12,28,,,[],[],,15,25,28,
2026_07_15_01_26_56,000084,3,all-cavs,selective_edgecooper_global,grid,,,,,,,singleton,20,100.0,3,3;18,18,"{""18"": 56}","{""3"": 4935, ""18"": 4888}",78208,4.349721913236929,10,40.0,ns3,899,0.5,10,12,28,,,[],[],,18,18,18,
2026_07_15_01_26_56,000084,4,all-cavs,selective_edgecooper_global,grid,,,,,,,singleton,20,100.0,4,4;5,5,"{""5"": 49}","{""4"": 4841, ""5"": 4931}",78896,4.387986651835373,10,40.0,ns3,899,0.5,10,12,28,,,[],[],,5,13,34,
2026_07_15_01_26_56,000084,5,all-cavs,selective_edgecooper_global,grid,,,,,,,singleton,20,100.0,5,5,,{},"{""5"": 4932}",0,0.0,10,40.0,ns3,899,0.5,10,12,28,,,[],[],,,8,15,
2026_07_15_01_26_56,000084,6,all-cavs,selective_edgecooper_global,grid,,,,,,,singleton,20,100.0,6,6,,{},"{""6"": 4670}",0,0.0,10,40.0,ns3,899,0.5,10,12,28,,,[],[],,,11,15,
2026_07_15_01_26_56,000084,7,all-cavs,selective_edgecooper_global,grid,,,,,,,singleton,20,100.0,7,7,,{},"{""7"": 4915}",0,0.0,10,40.0,ns3,899,0.5,10,12,28,,,[],[],,,14,14,
2026_07_15_01_26_56,000084,8,all-cavs,selective_edgecooper_global,grid,,,,,,,singleton,20,100.0,8,8,,{},"{""8"": 4837}",0,0.0,10,40.0,ns3,899,0.5,10,12,28,,,[],[],,,11,23,
2026_07_15_01_26_56,000084,9,all-cavs,selective_edgecooper_global,grid,,,,,,,singleton,20,100.0,9,9,,{},"{""9"": 4858}",0,0.0,10,40.0,ns3,899,0.5,10,12,28,,,[],[],,,15,19,
2026_07_15_01_26_56,000084,10,all-cavs,selective_edgecooper_global,grid,,,,,,,singleton,20,100.0,10,10,,{},"{""10"": 4914}",0,0.0,10,40.0,ns3,899,0.5,10,12,28,,,[],[],,,19,27,
2026_07_15_01_26_56,000084,11,all-cavs,selective_edgecooper_global,grid,,,,,,,singleton,20,100.0,11,11,,{},"{""11"": 4909}",0,0.0,10,40.0,ns3,899,0.5,10,12,28,,,[],[],,,20,20,
2026_07_15_01_26_56,000084,12,all-cavs,selective_edgecooper_global,grid,,,,,,,singleton,20,100.0,12,12;17,17,"{""17"": 64}","{""12"": 4926, ""17"": 4976}",79616,4.428031145717464,10,40.0,ns3,899,0.5,10,12,28,,,[],[],,17,11,20,
2026_07_15_01_26_56,000084,13,all-cavs,selective_edgecooper_global,grid,,,,,,,singleton,20,100.0,13,13;8,8,"{""8"": 54}","{""8"": 4835, ""13"": 4788}",77360,4.302558398220245,10,40.0,ns3,899,0.5,10,12,28,,,[],[],,8,15,30,
2026_07_15_01_26_56,000084,14,all-cavs,selective_edgecooper_global,grid,,,,,,,singleton,20,100.0,14,14;9,9,"{""9"": 54}","{""9"": 4858, ""14"": 4994}",77728,4.3230255839822025,10,40.0,ns3,899,0.5,10,12,28,,,[],[],,9,5,5,
2026_07_15_01_26_56,000084,15,all-cavs,selective_edgecooper_global,grid,,,,,,,singleton,20,100.0,15,15,,{},"{""15"": 4766}",0,0.0,10,40.0,ns3,899,0.5,10,12,28,,,[],[],,,14,8,
2026_07_15_01_26_56,000084,16,all-cavs,selective_edgecooper_global,grid,,,,,,,singleton,20,100.0,16,16,,{},"{""16"": 4906}",0,0.0,10,40.0,ns3,899,0.5,10,12,28,,,[],[],,,16,21,
2026_07_15_01_26_56,000084,17,all-cavs,selective_edgecooper_global,grid,,,,,,,singleton,20,100.0,17,17,,{},"{""17"": 4976}",0,0.0,10,40.0,ns3,899,0.5,10,12,28,,,[],[],,,18,11,
2026_07_15_01_26_56,000084,18,all-cavs,selective_edgecooper_global,grid,,,,,,,singleton,20,100.0,18,18,,{},"{""18"": 4972}",0,0.0,10,40.0,ns3,899,0.5,10,12,28,,,[],[],,,14,11,
2026_07_15_01_26_56,000084,19,all-cavs,selective_edgecooper_global,grid,,,,,,,singleton,20,100.0,19,19,,{},"{""19"": 4822}",0,0.0,10,40.0,ns3,899,0.5,10,12,28,,,[],[],,,10,14,
2026_07_15_01_26_56,000084,20,all-cavs,selective_edgecooper_global,grid,,,,,,,singleton,20,100.0,20,20;11,11,"{""11"": 55}","{""11"": 4897, ""20"": 4904}",78352,4.357730812013348,10,40.0,ns3,899,0.5,10,12,28,,,[],[],,11,30,27,
2026_07_15_01_26_56,000086,1,all-cavs,selective_edgecooper_global,grid,,,,,,,singleton,20,100.0,1,1;19,19,"{""19"": 61}","{""1"": 4932, ""19"": 4814}",77024,4.283870967741936,10,40.0,ns3,899,0.5,10,12,28,,,[],[],,19,19,25,
2026_07_15_01_26_56,000086,2,all-cavs,selective_edgecooper_global,grid,,,,,,,singleton,20,100.0,2,2;15,15,"{""15"": 49}","{""2"": 4863, ""15"": 4745}",75920,4.222469410456062,10,40.0,ns3,899,0.5,10,12,28,,,[],[],,15,24,27,
2026_07_15_01_26_56,000086,3,all-cavs,selective_edgecooper_global,grid,,,,,,,singleton,20,100.0,3,3;18,18,"{""18"": 53}","{""3"": 4939, ""18"": 4901}",78416,4.361290322580645,10,40.0,ns3,899,0.5,10,12,28,,,[],[],,18,19,17,
2026_07_15_01_26_56,000086,4,all-cavs,selective_edgecooper_global,grid,,,,,,,singleton,20,100.0,4,4;10,10,"{""10"": 51}","{""4"": 4844, ""10"": 4923}",78768,4.380867630700779,10,40.0,ns3,899,0.5,10,12,28,,,[],[],,10,17,34,
2026_07_15_01_26_56,000086,5,all-cavs,selective_edgecooper_global,grid,,,,,,,singleton,20,100.0,5,5,,{},"{""5"": 4915}",0,0.0,10,40.0,ns3,899,0.5,10,12,28,,,[],[],,,8,15,
2026_07_15_01_26_56,000086,6,all-cavs,selective_edgecooper_global,grid,,,,,,,singleton,20,100.0,6,6,,{},"{""6"": 4676}",0,0.0,10,40.0,ns3,899,0.5,10,12,28,,,[],[],,,10,15,
2026_07_15_01_26_56,000086,7,all-cavs,selective_edgecooper_global,grid,,,,,,,singleton,20,100.0,7,7,,{},"{""7"": 4928}",0,0.0,10,40.0,ns3,899,0.5,10,12,28,,,[],[],,,11,16,
2026_07_15_01_26_56,000086,8,all-cavs,selective_edgecooper_global,grid,,,,,,,singleton,20,100.0,8,8,,{},"{""8"": 4837}",0,0.0,10,40.0,ns3,899,0.5,10,12,28,,,[],[],,,12,23,
2026_07_15_01_26_56,000086,9,all-cavs,selective_edgecooper_global,grid,,,,,,,singleton,20,100.0,9,9;5,5,"{""5"": 45}","{""5"": 4539, ""9"": 4858}",72624,4.039154616240267,10,40.0,ns3,899,0.5,10,12,28,,,[],[],,5,19,23,
2026_07_15_01_26_56,000086,10,all-cavs,selective_edgecooper_global,grid,,,,,,,singleton,20,100.0,10,10,,{},"{""10"": 4926}",0,0.0,10,40.0,ns3,899,0.5,10,12,28,,,[],[],,,16,27,
2026_07_15_01_26_56,000086,11,all-cavs,selective_edgecooper_global,grid,,,,,,,singleton,20,100.0,11,11,,{},"{""11"": 4910}",0,0.0,10,40.0,ns3,899,0.5,10,12,28,,,[],[],,,21,20,
2026_07_15_01_26_56,000086,12,all-cavs,selective_edgecooper_global,grid,,,,,,,singleton,20,100.0,12,12;11,11,"{""11"": 53}","{""11"": 4904, ""12"": 4938}",78464,4.363959955506117,10,40.0,ns3,899,0.5,10,12,28,,,[],[],,11,15,26,
2026_07_15_01_26_56,000086,13,all-cavs,selective_edgecooper_global,grid,,,,,,,singleton,20,100.0,13,13;8,8,"{""8"": 54}","{""8"": 4835, ""13"": 4773}",77360,4.302558398220245,10,40.0,ns3,899,0.5,10,12,28,,,[],[],,8,16,30,
2026_07_15_01_26_56,000086,14,all-cavs,selective_edgecooper_global,grid,,,,,,,singleton,20,100.0,14,14,,{},"{""14"": 5015}",0,0.0,10,40.0,ns3,899,0.5,10,12,28,,,[],[],,,3,2,
2026_07_15_01_26_56,000086,15,all-cavs,selective_edgecooper_global,grid,,,,,,,singleton,20,100.0,15,15,,{},"{""15"": 4762}",0,0.0,10,40.0,ns3,899,0.5,10,12,28,,,[],[],,,11,8,
2026_07_15_01_26_56,000086,16,all-cavs,selective_edgecooper_global,grid,,,,,,,singleton,20,100.0,16,16;17,17,"{""17"": 57}","{""16"": 4917, ""17"": 4804}",76864,4.274972191323693,10,40.0,ns3,899,0.5,10,12,28,,,[],[],,17,23,23,
2026_07_15_01_26_56,000086,17,all-cavs,selective_edgecooper_global,grid,,,,,,,singleton,20,100.0,17,17,,{},"{""17"": 4971}",0,0.0,10,40.0,ns3,899,0.5,10,12,28,,,[],[],,,18,11,
2026_07_15_01_26_56,000086,18,all-cavs,selective_edgecooper_global,grid,,,,,,,singleton,20,100.0,18,18,,{},"{""18"": 4982}",0,0.0,10,40.0,ns3,899,0.5,10,12,28,,,[],[],,,14,10,
2026_07_15_01_26_56,000086,19,all-cavs,selective_edgecooper_global,grid,,,,,,,singleton,20,100.0,19,19,,{},"{""19"": 4822}",0,0.0,10,40.0,ns3,899,0.5,10,12,28,,,[],[],,,10,14,
2026_07_15_01_26_56,000086,20,all-cavs,selective_edgecooper_global,grid,,,,,,,singleton,20,100.0,20,20;7,7,"{""7"": 57}","{""7"": 4641, ""20"": 4905}",74256,4.129922135706341,10,40.0,ns3,899,0.5,10,12,28,,,[],[],,7,23,26,
2026_07_15_01_26_56,000088,1,all-cavs,selective_edgecooper_global,grid,,,,,,,singleton,20,100.0,1,1;15,15,"{""15"": 49}","{""1"": 4930, ""15"": 4724}",75584,4.2037819799777525,10,40.0,ns3,899,0.5,10,12,28,,,[],[],,15,28,24,
2026_07_15_01_26_56,000088,2,all-cavs,selective_edgecooper_global,grid,,,,,,,singleton,20,100.0,2,2;5,5,"{""5"": 51}","{""2"": 4862, ""5"": 4930}",78880,4.387096774193549,10,40.0,ns3,899,0.5,10,12,28,,,[],[],,5,22,38,
2026_07_15_01_26_56,000088,3,all-cavs,selective_edgecooper_global,grid,,,,,,,singleton,20,100.0,3,3;18,18,"{""18"": 55}","{""3"": 4952, ""18"": 4873}",77968,4.336373748609566,10,40.0,ns3,899,0.5,10,12,28,,,[],[],,18,18,17,
2026_07_15_01_26_56,000088,4,all-cavs,selective_edgecooper_global,grid,,,,,,,singleton,20,100.0,4,4,,{},"{""4"": 4844}",0,0.0,10,40.0,ns3,899,0.5,10,12,28,,,[],[],,,12,26,
2026_07_15_01_26_56,000088,5,all-cavs,selective_edgecooper_global,grid,,,,,,,singleton,20,100.0,5,5,,{},"{""5"": 4933}",0,0.0,10,40.0,ns3,899,0.5,10,12,28,,,[],[],,,9,15,
2026_07_15_01_26_56,000088,6,all-cavs,selective_edgecooper_global,grid,,,,,,,singleton,20,100.0,6,6,,{},"{""6"": 4643}",0,0.0,10,40.0,ns3,899,0.5,10,12,28,,,[],[],,,11,15,
2026_07_15_01_26_56,000088,7,all-cavs,selective_edgecooper_global,grid,,,,,,,singleton,20,100.0,7,7,,{},"{""7"": 4929}",0,0.0,10,40.0,ns3,899,0.5,10,12,28,,,[],[],,,12,16,
2026_07_15_01_26_56,000088,8,all-cavs,selective_edgecooper_global,grid,,,,,,,singleton,20,100.0,8,8,,{},"{""8"": 4838}",0,0.0,10,40.0,ns3,899,0.5,10,12,28,,,[],[],,,15,23,
2026_07_15_01_26_56,000088,9,all-cavs,selective_edgecooper_global,grid,,,,,,,singleton,20,100.0,9,9,,{},"{""9"": 4856}",0,0.0,10,40.0,ns3,899,0.5,10,12,28,,,[],[],,,15,19,
2026_07_15_01_26_56,000088,10,all-cavs,selective_edgecooper_global,grid,,,,,,,singleton,20,100.0,10,10,,{},"{""10"": 4929}",0,0.0,10,40.0,ns3,899,0.5,10,12,28,,,[],[],,,17,26,
2026_07_15_01_26_56,000088,11,all-cavs,selective_edgecooper_global,grid,,,,,,,singleton,20,100.0,11,11,,{},"{""11"": 4912}",0,0.0,10,40.0,ns3,899,0.5,10,12,28,,,[],[],,,18,21,
2026_07_15_01_26_56,000088,12,all-cavs,selective_edgecooper_global,grid,,,,,,,singleton,20,100.0,12,12;7,7,"{""7"": 58}","{""7"": 4847, ""12"": 4937}",77552,4.313236929922136,10,40.0,ns3,899,0.5,10,12,28,,,[],[],,7,17,25,
2026_07_15_01_26_56,000088,13,all-cavs,selective_edgecooper_global,grid,,,,,,,singleton,20,100.0,13,13,,{},"{""13"": 4764}",0,0.0,10,40.0,ns3,899,0.5,10,12,28,,,[],[],,,10,14,
2026_07_15_01_26_56,000088,14,all-cavs,selective_edgecooper_global,grid,,,,,,,singleton,20,100.0,14,14;9,9,"{""9"": 52}","{""9"": 4856, ""14"": 4998}",77696,4.321245828698554,10,40.0,ns3,899,0.5,10,12,28,,,[],[],,9,2,5,
2026_07_15_01_26_56,000088,15,all-cavs,selective_edgecooper_global,grid,,,,,,,singleton,20,100.0,15,15,,{},"{""15"": 4772}",0,0.0,10,40.0,ns3,899,0.5,10,12,28,,,[],[],,,12,8,
2026_07_15_01_26_56,000088,16,all-cavs,selective_edgecooper_global,grid,,,,,,,singleton,20,100.0,16,16;17,17,"{""17"": 59}","{""16"": 4929, ""17"": 4812}",76992,4.282091212458287,10,40.0,ns3,899,0.5,10,12,28,,,[],[],,17,23,24,
2026_07_15_01_26_56,000088,17,all-cavs,selective_edgecooper_global,grid,,,,,,,singleton,20,100.0,17,17,,{},"{""17"": 4985}",0,0.0,10,40.0,ns3,899,0.5,10,12,28,,,[],[],,,17,11,
2026_07_15_01_26_56,000088,18,all-cavs,selective_edgecooper_global,grid,,,,,,,singleton,20,100.0,18,18,,{},"{""18"": 4954}",0,0.0,10,40.0,ns3,899,0.5,10,12,28,,,[],[],,,14,10,
2026_07_15_01_26_56,000088,19,all-cavs,selective_edgecooper_global,grid,,,,,,,singleton,20,100.0,19,19;8,8,"{""8"": 55}","{""8"": 4838, ""19"": 4823}",77408,4.305228031145718,10,40.0,ns3,899,0.5,10,12,28,,,[],[],,8,20,37,
2026_07_15_01_26_56,000088,20,all-cavs,selective_edgecooper_global,grid,,,,,,,singleton,20,100.0,20,20;11,11,"{""11"": 56}","{""11"": 4899, ""20"": 4903}",78384,4.359510567296996,10,40.0,ns3,899,0.5,10,12,28,,,[],[],,11,30,28,
2026_07_15_01_26_56,000090,1,all-cavs,selective_edgecooper_global,grid,,,,,,,singleton,20,100.0,1,1,,{},"{""1"": 4930}",0,0.0,10,40.0,ns3,899,0.5,10,12,28,,,[],[],,,16,17,
2026_07_15_01_26_56,000090,2,all-cavs,selective_edgecooper_global,grid,,,,,,,singleton,20,100.0,2,2,,{},"{""2"": 4862}",0,0.0,10,40.0,ns3,899,0.5,10,12,28,,,[],[],,,16,24,
2026_07_15_01_26_56,000090,3,all-cavs,selective_edgecooper_global,grid,,,,,,,singleton,20,100.0,3,3;5,5,"{""5"": 47}","{""3"": 4955, ""5"": 4900}",78400,4.36040044493882,10,40.0,ns3,899,0.5,10,12,28,,,[],[],,5,19,14,
2026_07_15_01_26_56,000090,4,all-cavs,selective_edgecooper_global,grid,,,,,,,singleton,20,100.0,4,4,,{},"{""4"": 4843}",0,0.0,10,40.0,ns3,899,0.5,10,12,28,,,[],[],,,12,27,
2026_07_15_01_26_56,000090,5,all-cavs,selective_edgecooper_global,grid,,,,,,,singleton,20,100.0,5,5,,{},"{""5"": 4919}",0,0.0,10,40.0,ns3,899,0.5,10,12,28,,,[],[],,,4,14,
2026_07_15_01_26_56,000090,6,all-cavs,selective_edgecooper_global,grid,,,,,,,singleton,20,100.0,6,6;1,1,"{""1"": 49}","{""1"": 4930, ""6"": 4653}",78880,4.387096774193549,10,40.0,ns3,899,0.5,10,12,28,,,[],[],,1,26,25,
2026_07_15_01_26_56,000090,7,all-cavs,selective_edgecooper_global,grid,,,,,,,singleton,20,100.0,7,7,,{},"{""7"": 4928}",0,0.0,10,40.0,ns3,899,0.5,10,12,28,,,[],[],,,12,15,
2026_07_15_01_26_56,000090,8,all-cavs,selective_edgecooper_global,grid,,,,,,,singleton,20,100.0,8,8,,{},"{""8"": 4837}",0,0.0,10,40.0,ns3,899,0.5,10,12,28,,,[],[],,,11,22,
2026_07_15_01_26_56,000090,9,all-cavs,selective_edgecooper_global,grid,,,,,,,singleton,20,100.0,9,9,,{},"{""9"": 4855}",0,0.0,10,40.0,ns3,899,0.5,10,12,28,,,[],[],,,15,19,
2026_07_15_01_26_56,000090,10,all-cavs,selective_edgecooper_global,grid,,,,,,,singleton,20,100.0,10,10,,{},"{""10"": 4929}",0,0.0,10,40.0,ns3,899,0.5,10,12,28,,,[],[],,,18,27,
2026_07_15_01_26_56,000090,11,all-cavs,selective_edgecooper_global,grid,,,,,,,singleton,20,100.0,11,11;15,15,"{""15"": 50}","{""11"": 4910, ""15"": 4763}",76208,4.238487208008899,10,40.0,ns3,899,0.5,10,12,28,,,[],[],,15,27,24,
2026_07_15_01_26_56,000090,12,all-cavs,selective_edgecooper_global,grid,,,,,,,singleton,20,100.0,12,12;2,2,"{""2"": 55}","{""2"": 4860, ""12"": 4954}",77760,4.3248053392658505,10,40.0,ns3,899,0.5,10,12,28,,,[],[],,2,13,19,
2026_07_15_01_26_56,000090,13,all-cavs,selective_edgecooper_global,grid,,,,,,,singleton,20,100.0,13,13,,{},"{""13"": 4769}",0,0.0,10,40.0,ns3,899,0.5,10,12,28,,,[],[],,,10,14,
2026_07_15_01_26_56,000090,14,all-cavs,selective_edgecooper_global,grid,,,,,,,singleton,20,100.0,14,14;9,9,"{""9"": 52}","{""9"": 4855, ""14"": 4961}",77680,4.3203559510567295,10,40.0,ns3,899,0.5,10,12,28,,,[],[],,9,3,5,
2026_07_15_01_26_56,000090,15,all-cavs,selective_edgecooper_global,grid,,,,,,,singleton,20,100.0,15,15,,{},"{""15"": 4768}",0,0.0,10,40.0,ns3,899,0.5,10,12,28,,,[],[],,,12,8,
2026_07_15_01_26_56,000090,16,all-cavs,selective_edgecooper_global,grid,,,,,,,singleton,20,100.0,16,16;13,13,"{""13"": 58}","{""13"": 4769, ""16"": 4936}",76304,4.243826473859845,10,40.0,ns3,899,0.5,10,12,28,,,[],[],,13,23,34,
2026_07_15_01_26_56,000090,17,all-cavs,selective_edgecooper_global,grid,,,,,,,singleton,20,100.0,17,17;18,18,"{""18"": 57}","{""17"": 5007, ""18"": 4935}",78960,4.39154616240267,10,40.0,ns3,899,0.5,10,12,28,,,[],[],,18,19,16,
2026_07_15_01_26_56,000090,18,all-cavs,selective_edgecooper_global,grid,,,,,,,singleton,20,100.0,18,18,,{},"{""18"": 4954}",0,0.0,10,40.0,ns3,899,0.5,10,12,28,,,[],[],,,13,10,
2026_07_15_01_26_56,000090,19,all-cavs,selective_edgecooper_global,grid,,,,,,,singleton,20,100.0,19,19;8,8,"{""8"": 54}","{""8"": 4837, ""19"": 4824}",77392,4.304338153503894,10,40.0,ns3,899,0.5,10,12,28,,,[],[],,8,19,35,
2026_07_15_01_26_56,000090,20,all-cavs,selective_edgecooper_global,grid,,,,,,,singleton,20,100.0,20,20;7,7,"{""7"": 57}","{""7"": 4642, ""20"": 4905}",74272,4.130812013348165,10,40.0,ns3,899,0.5,10,12,28,,,[],[],,7,23,25,
2026_07_15_01_26_56,000092,1,all-cavs,selective_edgecooper_global,grid,,,,,,,singleton,20,100.0,1,1;19,19,"{""19"": 60}","{""1"": 4928, ""19"": 4815}",77040,4.28476084538376,10,40.0,ns3,899,0.5,10,12,28,,,[],[],,19,16,25,
2026_07_15_01_26_56,000092,2,all-cavs,selective_edgecooper_global,grid,,,,,,,singleton,20,100.0,2,2;15,15,"{""15"": 48}","{""2"": 4860, ""15"": 4746}",75936,4.223359288097886,10,40.0,ns3,899,0.5,10,12,28,,,[],[],,15,23,26,
2026_07_15_01_26_56,000092,3,all-cavs,selective_edgecooper_global,grid,,,,,,,singleton,20,100.0,3,3;5,5,"{""5"": 47}","{""3"": 4961, ""5"": 4910}",78560,4.369299221357063,10,40.0,ns3,899,0.5,10,12,28,,,[],[],,5,21,14,
2026_07_15_01_26_56,000092,4,all-cavs,selective_edgecooper_global,grid,,,,,,,singleton,20,100.0,4,4,,{},"{""4"": 4846}",0,0.0,10,40.0,ns3,899,0.5,10,12,28,,,[],[],,,11,27,
2026_07_15_01_26_56,000092,5,all-cavs,selective_edgecooper_global,grid,,,,,,,singleton,20,100.0,5,5,,{},"{""5"": 4934}",0,0.0,10,40.0,ns3,899,0.5,10,12,28,,,[],[],,,6,14,
2026_07_15_01_26_56,000092,6,all-cavs,selective_edgecooper_global,grid,,,,,,,singleton,20,100.0,6,6,,{},"{""6"": 4665}",0,0.0,10,40.0,ns3,899,0.5,10,12,28,,,[],[],,,11,15,
2026_07_15_01_26_56,000092,7,all-cavs,selective_edgecooper_global,grid,,,,,,,singleton,20,100.0,7,7,,{},"{""7"": 4924}",0,0.0,10,40.0,ns3,899,0.5,10,12,28,,,[],[],,,13,14,
2026_07_15_01_26_56,000092,8,all-cavs,selective_edgecooper_global,grid,,,,,,,singleton,20,100.0,8,8,,{},"{""8"": 4838}",0,0.0,10,40.0,ns3,899,0.5,10,12,28,,,[],[],,,12,22,
2026_07_15_01_26_56,000092,9,all-cavs,selective_edgecooper_global,grid,,,,,,,singleton,20,100.0,9,9,,{},"{""9"": 4855}",0,0.0,10,40.0,ns3,899,0.5,10,12,28,,,[],[],,,16,19,
2026_07_15_01_26_56,000092,10,all-cavs,selective_edgecooper_global,grid,,,,,,,singleton,20,100.0,10,10;12,12,"{""12"": 57}","{""10"": 4929, ""12"": 4942}",79072,4.39777530589544,10,40.0,ns3,899,0.5,10,12,28,,,[],[],,12,16,30,
2026_07_15_01_26_56,000092,11,all-cavs,selective_edgecooper_global,grid,,,,,,,singleton,20,100.0,11,11,,{},"{""11"": 4908}",0,0.0,10,40.0,ns3,899,0.5,10,12,28,,,[],[],,,17,20,
2026_07_15_01_26_56,000092,12,all-cavs,selective_edgecooper_global,grid,,,,,,,singleton,20,100.0,12,12,,{},"{""12"": 4963}",0,0.0,10,40.0,ns3,899,0.5,10,12,28,,,[],[],,,8,12,
2026_07_15_01_26_56,000092,13,all-cavs,selective_edgecooper_global,grid,,,,,,,singleton,20,100.0,13,13;8,8,"{""8"": 53}","{""8"": 4836, ""13"": 4781}",77376,4.303448275862069,10,40.0,ns3,899,0.5,10,12,28,,,[],[],,8,17,29,
2026_07_15_01_26_56,000092,14,all-cavs,selective_edgecooper_global,grid,,,,,,,singleton,20,100.0,14,14;9,9,"{""9"": 52}","{""9"": 4855, ""14"": 4963}",77680,4.3203559510567295,10,40.0,ns3,899,0.5,10,12,28,,,[],[],,9,5,5,
2026_07_15_01_26_56,000092,15,all-cavs,selective_edgecooper_global,grid,,,,,,,singleton,20,100.0,15,15,,{},"{""15"": 4770}",0,0.0,10,40.0,ns3,899,0.5,10,12,28,,,[],[],,,14,8,
2026_07_15_01_26_56,000092,16,all-cavs,selective_edgecooper_global,grid,,,,,,,singleton,20,100.0,16,16;4,4,"{""4"": 56}","{""4"": 4834, ""16"": 4936}",77344,4.301668520578421,10,40.0,ns3,899,0.5,10,12,28,,,[],[],,4,21,40,
2026_07_15_01_26_56,000092,17,all-cavs,selective_edgecooper_global,grid,,,,,,,singleton,20,100.0,17,17;18,18,"{""18"": 58}","{""17"": 5000, ""18"": 4937}",78992,4.393325917686319,10,40.0,ns3,899,0.5,10,12,28,,,[],[],,18,20,16,
2026_07_15_01_26_56,000092,18,all-cavs,selective_edgecooper_global,grid,,,,,,,singleton,20,100.0,18,18,,{},"{""18"": 4954}",0,0.0,10,40.0,ns3,899,0.5,10,12,28,,,[],[],,,13,10,
2026_07_15_01_26_56,000092,19,all-cavs,selective_edgecooper_global,grid,,,,,,,singleton,20,100.0,19,19,,{},"{""19"": 4823}",0,0.0,10,40.0,ns3,899,0.5,10,12,28,,,[],[],,,9,13,
2026_07_15_01_26_56,000092,20,all-cavs,selective_edgecooper_global,grid,,,,,,,singleton,20,100.0,20,20;11,11,"{""11"": 55}","{""11"": 4896, ""20"": 4905}",78336,4.356840934371523,10,40.0,ns3,899,0.5,10,12,28,,,[],[],,11,31,28,
2026_07_15_01_26_56,000094,1,all-cavs,selective_edgecooper_global,grid,,,,,,,singleton,20,100.0,1,1;19,19,"{""19"": 60}","{""1"": 4929, ""19"": 4815}",77040,4.28476084538376,10,40.0,ns3,899,0.5,10,12,28,,,[],[],,19,19,25,
2026_07_15_01_26_56,000094,2,all-cavs,selective_edgecooper_global,grid,,,,,,,singleton,20,100.0,2,2;15,15,"{""15"": 47}","{""2"": 4864, ""15"": 4748}",75968,4.225139043381534,10,40.0,ns3,899,0.5,10,12,28,,,[],[],,15,24,26,
2026_07_15_01_26_56,000094,3,all-cavs,selective_edgecooper_global,grid,,,,,,,singleton,20,100.0,3,3;18,18,"{""18"": 57}","{""3"": 4964, ""18"": 4839}",77424,4.306117908787542,10,40.0,ns3,899,0.5,10,12,28,,,[],[],,18,16,17,
2026_07_15_01_26_56,000094,4,all-cavs,selective_edgecooper_global,grid,,,,,,,singleton,20,100.0,4,4,,{},"{""4"": 4848}",0,0.0,10,40.0,ns3,899,0.5,10,12,28,,,[],[],,,12,27,
2026_07_15_01_26_56,000094,5,all-cavs,selective_edgecooper_global,grid,,,,,,,singleton,20,100.0,5,5,,{},"{""5"": 4943}",0,0.0,10,40.0,ns3,899,0.5,10,12,28,,,[],[],,,3,14,
2026_07_15_01_26_56,000094,6,all-cavs,selective_edgecooper_global,grid,,,,,,,singleton,20,100.0,6,6,,{},"{""6"": 4670}",0,0.0,10,40.0,ns3,899,0.5,10,12,28,,,[],[],,,10,15,
2026_07_15_01_26_56,000094,7,all-cavs,selective_edgecooper_global,grid,,,,,,,singleton,20,100.0,7,7;5,5,"{""5"": 48}","{""5"": 4854, ""7"": 4922}",77664,4.3194660734149055,10,40.0,ns3,899,0.5,10,12,28,,,[],[],,5,15,19,
2026_07_15_01_26_56,000094,8,all-cavs,selective_edgecooper_global,grid,,,,,,,singleton,20,100.0,8,8,,{},"{""8"": 4839}",0,0.0,10,40.0,ns3,899,0.5,10,12,28,,,[],[],,,12,21,
2026_07_15_01_26_56,000094,9,all-cavs,selective_edgecooper_global,grid,,,,,,,singleton,20,100.0,9,9,,{},"{""9"": 4854}",0,0.0,10,40.0,ns3,899,0.5,10,12,28,,,[],[],,,15,19,
2026_07_15_01_26_56,000094,10,all-cavs,selective_edgecooper_global,grid,,,,,,,singleton,20,100.0,10,10,,{},"{""10"": 4929}",0,0.0,10,40.0,ns3,899,0.5,10,12,28,,,[],[],,,18,27,
2026_07_15_01_26_56,000094,11,all-cavs,selective_edgecooper_global,grid,,,,,,,singleton,20,100.0,11,11,,{},"{""11"": 4907}",0,0.0,10,40.0,ns3,899,0.5,10,12,28,,,[],[],,,17,19,
2026_07_15_01_26_56,000094,12,all-cavs,selective_edgecooper_global,grid,,,,,,,singleton,20,100.0,12,12;17,17,"{""17"": 65}","{""12"": 4976, ""17"": 4995}",79920,4.4449388209121246,10,40.0,ns3,899,0.5,10,12,28,,,[],[],,17,9,22,
2026_07_15_01_26_56,000094,13,all-cavs,selective_edgecooper_global,grid,,,,,,,singleton,20,100.0,13,13;8,8,"{""8"": 52}","{""8"": 4837, ""13"": 4805}",77392,4.304338153503894,10,40.0,ns3,899,0.5,10,12,28,,,[],[],,8,14,29,
2026_07_15_01_26_56,000094,14,all-cavs,selective_edgecooper_global,grid,,,,,,,singleton,20,100.0,14,14;9,9,"{""9"": 52}","{""9"": 4854, ""14"": 4947}",77664,4.3194660734149055,10,40.0,ns3,899,0.5,10,12,28,,,[],[],,9,3,5,
2026_07_15_01_26_56,000094,15,all-cavs,selective_edgecooper_global,grid,,,,,,,singleton,20,100.0,15,15,,{},"{""15"": 4772}",0,0.0,10,40.0,ns3,899,0.5,10,12,28,,,[],[],,,13,9,
2026_07_15_01_26_56,000094,16,all-cavs,selective_edgecooper_global,grid,,,,,,,singleton,20,100.0,16,16;4,4,"{""4"": 56}","{""4"": 4836, ""16"": 4936}",77376,4.303448275862069,10,40.0,ns3,899,0.5,10,12,28,,,[],[],,4,23,40,
2026_07_15_01_26_56,000094,17,all-cavs,selective_edgecooper_global,grid,,,,,,,singleton,20,100.0,17,17,,{},"{""17"": 4995}",0,0.0,10,40.0,ns3,899,0.5,10,12,28,,,[],[],,,16,12,
2026_07_15_01_26_56,000094,18,all-cavs,selective_edgecooper_global,grid,,,,,,,singleton,20,100.0,18,18,,{},"{""18"": 4954}",0,0.0,10,40.0,ns3,899,0.5,10,12,28,,,[],[],,,12,10,
2026_07_15_01_26_56,000094,19,all-cavs,selective_edgecooper_global,grid,,,,,,,singleton,20,100.0,19,19,,{},"{""19"": 4823}",0,0.0,10,40.0,ns3,899,0.5,10,12,28,,,[],[],,,10,13,
2026_07_15_01_26_56,000094,20,all-cavs,selective_edgecooper_global,grid,,,,,,,singleton,20,100.0,20,20;11,11,"{""11"": 55}","{""11"": 4896, ""20"": 4905}",78336,4.356840934371523,10,40.0,ns3,899,0.5,10,12,28,,,[],[],,11,29,28,
2026_07_15_01_26_56,000096,1,all-cavs,selective_edgecooper_global,grid,,,,,,,singleton,20,100.0,1,1,,{},"{""1"": 4928}",0,0.0,10,40.0,ns3,899,0.5,10,12,28,,,[],[],,,16,17,
2026_07_15_01_26_56,000096,2,all-cavs,selective_edgecooper_global,grid,,,,,,,singleton,20,100.0,2,2;15,15,"{""15"": 48}","{""2"": 4866, ""15"": 4752}",76032,4.228698553948831,10,40.0,ns3,899,0.5,10,12,28,,,[],[],,15,22,25,
2026_07_15_01_26_56,000096,3,all-cavs,selective_edgecooper_global,grid,,,,,,,singleton,20,100.0,3,3;18,18,"{""18"": 55}","{""3"": 4970, ""18"": 4832}",77312,4.299888765294772,10,40.0,ns3,899,0.5,10,12,28,,,[],[],,18,16,16,
2026_07_15_01_26_56,000096,4,all-cavs,selective_edgecooper_global,grid,,,,,,,singleton,20,100.0,4,4,,{},"{""4"": 4848}",0,0.0,10,40.0,ns3,899,0.5,10,12,28,,,[],[],,,13,26,
2026_07_15_01_26_56,000096,5,all-cavs,selective_edgecooper_global,grid,,,,,,,singleton,20,100.0,5,5,,{},"{""5"": 4933}",0,0.0,10,40.0,ns3,899,0.5,10,12,28,,,[],[],,,6,15,
2026_07_15_01_26_56,000096,6,all-cavs,selective_edgecooper_global,grid,,,,,,,singleton,20,100.0,6,6;1,1,"{""1"": 50}","{""1"": 4928, ""6"": 4667}",78848,4.3853170189099,10,40.0,ns3,899,0.5,10,12,28,,,[],[],,1,26,26,
2026_07_15_01_26_56,000096,7,all-cavs,selective_edgecooper_global,grid,,,,,,,singleton,20,100.0,7,7;5,5,"{""5"": 51}","{""5"": 4839, ""7"": 4921}",77424,4.306117908787542,10,40.0,ns3,899,0.5,10,12,28,,,[],[],,5,13,20,
2026_07_15_01_26_56,000096,8,all-cavs,selective_edgecooper_global,grid,,,,,,,singleton,20,100.0,8,8,,{},"{""8"": 4839}",0,0.0,10,40.0,ns3,899,0.5,10,12,28,,,[],[],,,11,21,
2026_07_15_01_26_56,000096,9,all-cavs,selective_edgecooper_global,grid,,,,,,,singleton,20,100.0,9,9,,{},"{""9"": 4853}",0,0.0,10,40.0,ns3,899,0.5,10,12,28,,,[],[],,,14,19,
2026_07_15_01_26_56,000096,10,all-cavs,selective_edgecooper_global,grid,,,,,,,singleton,20,100.0,10,10,,{},"{""10"": 4930}",0,0.0,10,40.0,ns3,899,0.5,10,12,28,,,[],[],,,17,26,
2026_07_15_01_26_56,000096,11,all-cavs,selective_edgecooper_global,grid,,,,,,,singleton,20,100.0,11,11,,{},"{""11"": 4909}",0,0.0,10,40.0,ns3,899,0.5,10,12,28,,,[],[],,,16,19,
2026_07_15_01_26_56,000096,12,all-cavs,selective_edgecooper_global,grid,,,,,,,singleton,20,100.0,12,12,,{},"{""12"": 4975}",0,0.0,10,40.0,ns3,899,0.5,10,12,28,,,[],[],,,11,14,
2026_07_15_01_26_56,000096,13,all-cavs,selective_edgecooper_global,grid,,,,,,,singleton,20,100.0,13,13;10,10,"{""10"": 50}","{""10"": 4770, ""13"": 4751}",76320,4.244716351501669,10,40.0,ns3,899,0.5,10,12,28,,,[],[],,10,17,33,
2026_07_15_01_26_56,000096,14,all-cavs,selective_edgecooper_global,grid,,,,,,,singleton,20,100.0,14,14;9,9,"{""9"": 52}","{""9"": 4853, ""14"": 4923}",77648,4.3185761957730815,10,40.0,ns3,899,0.5,10,12,28,,,[],[],,9,3,5,
2026_07_15_01_26_56,000096,15,all-cavs,selective_edgecooper_global,grid,,,,,,,singleton,20,100.0,15,15,,{},"{""15"": 4777}",0,0.0,10,40.0,ns3,899,0.5,10,12,28,,,[],[],,,14,8,
2026_07_15_01_26_56,000096,16,all-cavs,selective_edgecooper_global,grid,,,,,,,singleton,20,100.0,16,16;12,12,"{""12"": 60}","{""12"": 4975, ""16"": 4944}",79600,4.42714126807564,10,40.0,ns3,899,0.5,10,12,28,,,[],[],,12,18,31,
2026_07_15_01_26_56,000096,17,all-cavs,selective_edgecooper_global,grid,,,,,,,singleton,20,100.0,17,17,,{},"{""17"": 4995}",0,0.0,10,40.0,ns3,899,0.5,10,12,28,,,[],[],,,17,12,
2026_07_15_01_26_56,000096,18,all-cavs,selective_edgecooper_global,grid,,,,,,,singleton,20,100.0,18,18,,{},"{""18"": 4942}",0,0.0,10,40.0,ns3,899,0.5,10,12,28,,,[],[],,,12,9,
2026_07_15_01_26_56,000096,19,all-cavs,selective_edgecooper_global,grid,,,,,,,singleton,20,100.0,19,19;8,8,"{""8"": 53}","{""8"": 4839, ""19"": 4823}",77424,4.306117908787542,10,40.0,ns3,899,0.5,10,12,28,,,[],[],,8,20,34,
2026_07_15_01_26_56,000096,20,all-cavs,selective_edgecooper_global,grid,,,,,,,singleton,20,100.0,20,20;11,11,"{""11"": 55}","{""11"": 4898, ""20"": 4902}",78368,4.358620689655172,10,40.0,ns3,899,0.5,10,12,28,,,[],[],,11,30,28,
2026_07_15_01_26_56,000098,1,all-cavs,selective_edgecooper_global,grid,,,,,,,singleton,20,100.0,1,1;15,15,"{""15"": 49}","{""1"": 4927, ""15"": 4729}",75664,4.208231368186874,10,40.0,ns3,899,0.5,10,12,28,,,[],[],,15,27,24,
2026_07_15_01_26_56,000098,2,all-cavs,selective_edgecooper_global,grid,,,,,,,singleton,20,100.0,2,2;5,5,"{""5"": 52}","{""2"": 4855, ""5"": 4929}",78864,4.386206896551725,10,40.0,ns3,899,0.5,10,12,28,,,[],[],,5,20,36,
2026_07_15_01_26_56,000098,3,all-cavs,selective_edgecooper_global,grid,,,,,,,singleton,20,100.0,3,3;18,18,"{""18"": 53}","{""3"": 4974, ""18"": 4832}",77312,4.299888765294772,10,40.0,ns3,899,0.5,10,12,28,,,[],[],,18,16,15,
2026_07_15_01_26_56,000098,4,all-cavs,selective_edgecooper_global,grid,,,,,,,singleton,20,100.0,4,4,,{},"{""4"": 4850}",0,0.0,10,40.0,ns3,899,0.5,10,12,28,,,[],[],,,10,26,
2026_07_15_01_26_56,000098,5,all-cavs,selective_edgecooper_global,grid,,,,,,,singleton,20,100.0,5,5,,{},"{""5"": 4929}",0,0.0,10,40.0,ns3,899,0.5,10,12,28,,,[],[],,,8,15,
2026_07_15_01_26_56,000098,6,all-cavs,selective_edgecooper_global,grid,,,,,,,singleton,20,100.0,6,6,,{},"{""6"": 4670}",0,0.0,10,40.0,ns3,899,0.5,10,12,28,,,[],[],,,11,15,
2026_07_15_01_26_56,000098,7,all-cavs,selective_edgecooper_global,grid,,,,,,,singleton,20,100.0,7,7,,{},"{""7"": 4921}",0,0.0,10,40.0,ns3,899,0.5,10,12,28,,,[],[],,,14,12,
2026_07_15_01_26_56,000098,8,all-cavs,selective_edgecooper_global,grid,,,,,,,singleton,20,100.0,8,8,,{},"{""8"": 4838}",0,0.0,10,40.0,ns3,899,0.5,10,12,28,,,[],[],,,11,21,
2026_07_15_01_26_56,000098,9,all-cavs,selective_edgecooper_global,grid,,,,,,,singleton,20,100.0,9,9,,{},"{""9"": 4853}",0,0.0,10,40.0,ns3,899,0.5,10,12,28,,,[],[],,,15,19,
2026_07_15_01_26_56,000098,10,all-cavs,selective_edgecooper_global,grid,,,,,,,singleton,20,100.0,10,10,,{},"{""10"": 4930}",0,0.0,10,40.0,ns3,899,0.5,10,12,28,,,[],[],,,18,25,
2026_07_15_01_26_56,000098,11,all-cavs,selective_edgecooper_global,grid,,,,,,,singleton,20,100.0,11,11,,{},"{""11"": 4908}",0,0.0,10,40.0,ns3,899,0.5,10,12,28,,,[],[],,,17,19,
2026_07_15_01_26_56,000098,12,all-cavs,selective_edgecooper_global,grid,,,,,,,singleton,20,100.0,12,12,,{},"{""12"": 4968}",0,0.0,10,40.0,ns3,899,0.5,10,12,28,,,[],[],,,10,13,
2026_07_15_01_26_56,000098,13,all-cavs,selective_edgecooper_global,grid,,,,,,,singleton,20,100.0,13,13;10,10,"{""10"": 50}","{""10"": 4771, ""13"": 4779}",76336,4.245606229143493,10,40.0,ns3,899,0.5,10,12,28,,,[],[],,10,17,32,
2026_07_15_01_26_56,000098,14,all-cavs,selective_edgecooper_global,grid,,,,,,,singleton,20,100.0,14,14;9,9,"{""9"": 52}","{""9"": 4853, ""14"": 4872}",77648,4.3185761957730815,10,40.0,ns3,899,0.5,10,12,28,,,[],[],,9,6,5,
2026_07_15_01_26_56,000098,15,all-cavs,selective_edgecooper_global,grid,,,,,,,singleton,20,100.0,15,15,,{},"{""15"": 4783}",0,0.0,10,40.0,ns3,899,0.5,10,12,28,,,[],[],,,12,8,
2026_07_15_01_26_56,000098,16,all-cavs,selective_edgecooper_global,grid,,,,,,,singleton,20,100.0,16,16;12,12,"{""12"": 57}","{""12"": 4968, ""16"": 4950}",79488,4.42091212458287,10,40.0,ns3,899,0.5,10,12,28,,,[],[],,12,18,30,
2026_07_15_01_26_56,000098,17,all-cavs,selective_edgecooper_global,grid,,,,,,,singleton,20,100.0,17,17;4,4,"{""4"": 59}","{""4"": 4850, ""17"": 4986}",77600,4.3159065628476085,10,40.0,ns3,899,0.5,10,12,28,,,[],[],,4,29,36,
2026_07_15_01_26_56,000098,18,all-cavs,selective_edgecooper_global,grid,,,,,,,singleton,20,100.0,18,18,,{},"{""18"": 4946}",0,0.0,10,40.0,ns3,899,0.5,10,12,28,,,[],[],,,11,9,
2026_07_15_01_26_56,000098,19,all-cavs,selective_edgecooper_global,grid,,,,,,,singleton,20,100.0,19,19;8,8,"{""8"": 53}","{""8"": 4838, ""19"": 4824}",77408,4.305228031145718,10,40.0,ns3,899,0.5,10,12,28,,,[],[],,8,21,34,
2026_07_15_01_26_56,000098,20,all-cavs,selective_edgecooper_global,grid,,,,,,,singleton,20,100.0,20,20;11,11,"{""11"": 55}","{""11"": 4897, ""20"": 4903}",78352,4.357730812013348,10,40.0,ns3,899,0.5,10,12,28,,,[],[],,11,30,28,
2026_07_15_01_26_56,000100,1,all-cavs,selective_edgecooper_global,grid,,,,,,,singleton,20,100.0,1,1;15,15,"{""15"": 48}","{""1"": 4928, ""15"": 4722}",75552,4.2020022246941044,10,40.0,ns3,899,0.5,10,12,28,,,[],[],,15,26,24,
2026_07_15_01_26_56,000100,2,all-cavs,selective_edgecooper_global,grid,,,,,,,singleton,20,100.0,2,2,,{},"{""2"": 4859}",0,0.0,10,40.0,ns3,899,0.5,10,12,28,,,[],[],,,15,23,
2026_07_15_01_26_56,000100,3,all-cavs,selective_edgecooper_global,grid,,,,,,,singleton,20,100.0,3,3;18,18,"{""18"": 56}","{""3"": 4983, ""18"": 4847}",77552,4.313236929922136,10,40.0,ns3,899,0.5,10,12,28,,,[],[],,18,16,15,
2026_07_15_01_26_56,000100,4,all-cavs,selective_edgecooper_global,grid,,,,,,,singleton,20,100.0,4,4,,{},"{""4"": 4850}",0,0.0,10,40.0,ns3,899,0.5,10,12,28,,,[],[],,,10,26,
2026_07_15_01_26_56,000100,5,all-cavs,selective_edgecooper_global,grid,,,,,,,singleton,20,100.0,5,5,,{},"{""5"": 4916}",0,0.0,10,40.0,ns3,899,0.5,10,12,28,,,[],[],,,10,15,
2026_07_15_01_26_56,000100,6,all-cavs,selective_edgecooper_global,grid,,,,,,,singleton,20,100.0,6,6;2,2,"{""2"": 53}","{""2"": 4854, ""6"": 4673}",77664,4.3194660734149055,10,40.0,ns3,899,0.5,10,12,28,,,[],[],,2,23,31,
2026_07_15_01_26_56,000100,7,all-cavs,selective_edgecooper_global,grid,,,,,,,singleton,20,100.0,7,7;4,4,"{""4"": 55}","{""4"": 4667, ""7"": 4921}",74672,4.153058954393771,10,40.0,ns3,899,0.5,10,12,28,,,[],[],,4,20,25,
2026_07_15_01_26_56,000100,8,all-cavs,selective_edgecooper_global,grid,,,,,,,singleton,20,100.0,8,8,,{},"{""8"": 4837}",0,0.0,10,40.0,ns3,899,0.5,10,12,28,,,[],[],,,12,21,
2026_07_15_01_26_56,000100,9,all-cavs,selective_edgecooper_global,grid,,,,,,,singleton,20,100.0,9,9,,{},"{""9"": 4851}",0,0.0,10,40.0,ns3,899,0.5,10,12,28,,,[],[],,,15,18,
2026_07_15_01_26_56,000100,10,all-cavs,selective_edgecooper_global,grid,,,,,,,singleton,20,100.0,10,10;5,5,"{""5"": 47}","{""5"": 4843, ""10"": 4928}",77488,4.309677419354839,10,40.0,ns3,899,0.5,10,12,28,,,[],[],,5,21,38,
2026_07_15_01_26_56,000100,11,all-cavs,selective_edgecooper_global,grid,,,,,,,singleton,20,100.0,11,11,,{},"{""11"": 4909}",0,0.0,10,40.0,ns3,899,0.5,10,12,28,,,[],[],,,15,19,
2026_07_15_01_26_56,000100,12,all-cavs,selective_edgecooper_global,grid,,,,,,,singleton,20,100.0,12,12,,{},"{""12"": 4970}",0,0.0,10,40.0,ns3,899,0.5,10,12,28,,,[],[],,,10,12,
2026_07_15_01_26_56,000100,13,all-cavs,selective_edgecooper_global,grid,,,,,,,singleton,20,100.0,13,13,,{},"{""13"": 4758}",0,0.0,10,40.0,ns3,899,0.5,10,12,28,,,[],[],,,8,14,
2026_07_15_01_26_56,000100,14,all-cavs,selective_edgecooper_global,grid,,,,,,,singleton,20,100.0,14,14;9,9,"{""9"": 52}","{""9"": 4851, ""14"": 4874}",77616,4.316796440489433,10,40.0,ns3,899,0.5,10,12,28,,,[],[],,9,7,6,
2026_07_15_01_26_56,000100,15,all-cavs,selective_edgecooper_global,grid,,,,,,,singleton,20,100.0,15,15,,{},"{""15"": 4775}",0,0.0,10,40.0,ns3,899,0.5,10,12,28,,,[],[],,,12,8,
2026_07_15_01_26_56,000100,16,all-cavs,selective_edgecooper_global,grid,,,,,,,singleton,20,100.0,16,16;12,12,"{""12"": 57}","{""12"": 4970, ""16"": 4946}",79520,4.422691879866519,10,40.0,ns3,899,0.5,10,12,28,,,[],[],,12,19,28,
2026_07_15_01_26_56,000100,17,all-cavs,selective_edgecooper_global,grid,,,,,,,singleton,20,100.0,17,17,,{},"{""17"": 4995}",0,0.0,10,40.0,ns3,899,0.5,10,12,28,,,[],[],,,18,12,
2026_07_15_01_26_56,000100,18,all-cavs,selective_edgecooper_global,grid,,,,,,,singleton,20,100.0,18,18,,{},"{""18"": 4944}",0,0.0,10,40.0,ns3,899,0.5,10,12,28,,,[],[],,,12,9,
2026_07_15_01_26_56,000100,19,all-cavs,selective_edgecooper_global,grid,,,,,,,singleton,20,100.0,19,19;8,8,"{""8"": 53}","{""8"": 4837, ""19"": 4823}",77392,4.304338153503894,10,40.0,ns3,899,0.5,10,12,28,,,[],[],,8,21,34,
2026_07_15_01_26_56,000100,20,all-cavs,selective_edgecooper_global,grid,,,,,,,singleton,20,100.0,20,20;11,11,"{""11"": 55}","{""11"": 4897, ""20"": 4903}",78352,4.357730812013348,10,40.0,ns3,899,0.5,10,12,28,,,[],[],,11,30,28,
2026_07_15_01_26_56,000102,1,all-cavs,selective_edgecooper_global,grid,,,,,,,singleton,20,100.0,1,1;19,19,"{""19"": 59}","{""1"": 4929, ""19"": 4815}",77040,4.28476084538376,10,40.0,ns3,899,0.5,10,12,28,,,[],[],,19,19,24,
2026_07_15_01_26_56,000102,2,all-cavs,selective_edgecooper_global,grid,,,,,,,singleton,20,100.0,2,2;5,5,"{""5"": 54}","{""2"": 4850, ""5"": 4958}",79328,4.412013348164628,10,40.0,ns3,899,0.5,10,12,28,,,[],[],,5,25,38,
2026_07_15_01_26_56,000102,3,all-cavs,selective_edgecooper_global,grid,,,,,,,singleton,20,100.0,3,3;20,20,"{""20"": 53}","{""3"": 5003, ""20"": 4874}",77984,4.33726362625139,10,40.0,ns3,899,0.5,10,12,28,,,[],[],,20,28,23,
2026_07_15_01_26_56,000102,4,all-cavs,selective_edgecooper_global,grid,,,,,,,singleton,20,100.0,4,4,,{},"{""4"": 4850}",0,0.0,10,40.0,ns3,899,0.5,10,12,28,,,[],[],,,10,26,
2026_07_15_01_26_56,000102,5,all-cavs,selective_edgecooper_global,grid,,,,,,,singleton,20,100.0,5,5,,{},"{""5"": 4958}",0,0.0,10,40.0,ns3,899,0.5,10,12,28,,,[],[],,,11,18,
2026_07_15_01_26_56,000102,6,all-cavs,selective_edgecooper_global,grid,,,,,,,singleton,20,100.0,6,6,,{},"{""6"": 4681}",0,0.0,10,40.0,ns3,899,0.5,10,12,28,,,[],[],,,13,16,
2026_07_15_01_26_56,000102,7,all-cavs,selective_edgecooper_global,grid,,,,,,,singleton,20,100.0,7,7;11,11,"{""11"": 56}","{""7"": 4920, ""11"": 4905}",78480,4.364849833147942,10,40.0,ns3,899,0.5,10,12,28,,,[],[],,11,16,18,
2026_07_15_01_26_56,000102,8,all-cavs,selective_edgecooper_global,grid,,,,,,,singleton,20,100.0,8,8,,{},"{""8"": 4837}",0,0.0,10,40.0,ns3,899,0.5,10,12,28,,,[],[],,,11,22,
2026_07_15_01_26_56,000102,9,all-cavs,selective_edgecooper_global,grid,,,,,,,singleton,20,100.0,9,9,,{},"{""9"": 4851}",0,0.0,10,40.0,ns3,899,0.5,10,12,28,,,[],[],,,15,19,
2026_07_15_01_26_56,000102,10,all-cavs,selective_edgecooper_global,grid,,,,,,,singleton,20,100.0,10,10;12,12,"{""12"": 53}","{""10"": 4929, ""12"": 4948}",79168,4.403114571746385,10,40.0,ns3,899,0.5,10,12,28,,,[],[],,12,20,28,
2026_07_15_01_26_56,000102,11,all-cavs,selective_edgecooper_global,grid,,,,,,,singleton,20,100.0,11,11,,{},"{""11"": 4907}",0,0.0,10,40.0,ns3,899,0.5,10,12,28,,,[],[],,,17,20,
2026_07_15_01_26_56,000102,12,all-cavs,selective_edgecooper_global,grid,,,,,,,singleton,20,100.0,12,12,,{},"{""12"": 4965}",0,0.0,10,40.0,ns3,899,0.5,10,12,28,,,[],[],,,9,11,
2026_07_15_01_26_56,000102,13,all-cavs,selective_edgecooper_global,grid,,,,,,,singleton,20,100.0,13,13,,{},"{""13"": 4787}",0,0.0,10,40.0,ns3,899,0.5,10,12,28,,,[],[],,,9,12,
2026_07_15_01_26_56,000102,14,all-cavs,selective_edgecooper_global,grid,,,,,,,singleton,20,100.0,14,14;9,9,"{""9"": 51}","{""9"": 4850, ""14"": 4826}",77600,4.3159065628476085,10,40.0,ns3,899,0.5,10,12,28,,,[],[],,9,3,7,
2026_07_15_01_26_56,000102,15,all-cavs,selective_edgecooper_global,grid,,,,,,,singleton,20,100.0,15,15;8,8,"{""8"": 53}","{""8"": 4837, ""15"": 4798}",77392,4.304338153503894,10,40.0,ns3,899,0.5,10,12,28,,,[],[],,8,26,29,
2026_07_15_01_26_56,000102,16,all-cavs,selective_edgecooper_global,grid,,,,,,,singleton,20,100.0,16,16;13,13,"{""13"": 59}","{""13"": 4787, ""16"": 4975}",76592,4.259844271412681,10,40.0,ns3,899,0.5,10,12,28,,,[],[],,13,22,32,
2026_07_15_01_26_56,000102,17,all-cavs,selective_edgecooper_global,grid,,,,,,,singleton,20,100.0,17,17;18,18,"{""18"": 54}","{""17"": 4990, ""18"": 4934}",78944,4.390656284760846,10,40.0,ns3,899,0.5,10,12,28,,,[],[],,18,18,18,
2026_07_15_01_26_56,000102,18,all-cavs,selective_edgecooper_global,grid,,,,,,,singleton,20,100.0,18,18,,{},"{""18"": 4936}",0,0.0,10,40.0,ns3,899,0.5,10,12,28,,,[],[],,,11,9,
2026_07_15_01_26_56,000102,19,all-cavs,selective_edgecooper_global,grid,,,,,,,singleton,20,100.0,19,19,,{},"{""19"": 4823}",0,0.0,10,40.0,ns3,899,0.5,10,12,28,,,[],[],,,10,13,
2026_07_15_01_26_56,000102,20,all-cavs,selective_edgecooper_global,grid,,,,,,,singleton,20,100.0,20,20,,{},"{""20"": 4902}",0,0.0,10,40.0,ns3,899,0.5,10,12,28,,,[],[],,,20,19,
2026_07_15_01_26_56,000104,1,all-cavs,selective_edgecooper_global,grid,,,,,,,singleton,20,100.0,1,1;19,19,"{""19"": 59}","{""1"": 4929, ""19"": 4815}",77040,4.28476084538376,10,40.0,ns3,899,0.5,10,12,28,,,[],[],,19,20,24,
2026_07_15_01_26_56,000104,2,all-cavs,selective_edgecooper_global,grid,,,,,,,singleton,20,100.0,2,2;5,5,"{""5"": 52}","{""2"": 4849, ""5"": 4936}",78976,4.392436040044494,10,40.0,ns3,899,0.5,10,12,28,,,[],[],,5,21,36,
2026_07_15_01_26_56,000104,3,all-cavs,selective_edgecooper_global,grid,,,,,,,singleton,20,100.0,3,3;20,20,"{""20"": 54}","{""3"": 4979, ""20"": 4876}",78016,4.339043381535038,10,40.0,ns3,899,0.5,10,12,28,,,[],[],,20,28,23,
2026_07_15_01_26_56,000104,4,all-cavs,selective_edgecooper_global,grid,,,,,,,singleton,20,100.0,4,4,,{},"{""4"": 4850}",0,0.0,10,40.0,ns3,899,0.5,10,12,28,,,[],[],,,11,26,
2026_07_15_01_26_56,000104,5,all-cavs,selective_edgecooper_global,grid,,,,,,,singleton,20,100.0,5,5,,{},"{""5"": 4936}",0,0.0,10,40.0,ns3,899,0.5,10,12,28,,,[],[],,,10,17,
2026_07_15_01_26_56,000104,6,all-cavs,selective_edgecooper_global,grid,,,,,,,singleton,20,100.0,6,6,,{},"{""6"": 4701}",0,0.0,10,40.0,ns3,899,0.5,10,12,28,,,[],[],,,11,16,
2026_07_15_01_26_56,000104,7,all-cavs,selective_edgecooper_global,grid,,,,,,,singleton,20,100.0,7,7;11,11,"{""11"": 56}","{""7"": 4920, ""11"": 4905}",78480,4.364849833147942,10,40.0,ns3,899,0.5,10,12,28,,,[],[],,11,15,18,
2026_07_15_01_26_56,000104,8,all-cavs,selective_edgecooper_global,grid,,,,,,,singleton,20,100.0,8,8,,{},"{""8"": 4837}",0,0.0,10,40.0,ns3,899,0.5,10,12,28,,,[],[],,,12,21,
2026_07_15_01_26_56,000104,9,all-cavs,selective_edgecooper_global,grid,,,,,,,singleton,20,100.0,9,9,,{},"{""9"": 4851}",0,0.0,10,40.0,ns3,899,0.5,10,12,28,,,[],[],,,16,19,
2026_07_15_01_26_56,000104,10,all-cavs,selective_edgecooper_global,grid,,,,,,,singleton,20,100.0,10,10;12,12,"{""12"": 56}","{""10"": 4930, ""12"": 4970}",79520,4.422691879866519,10,40.0,ns3,899,0.5,10,12,28,,,[],[],,12,19,28,
2026_07_15_01_26_56,000104,11,all-cavs,selective_edgecooper_global,grid,,,,,,,singleton,20,100.0,11,11,,{},"{""11"": 4907}",0,0.0,10,40.0,ns3,899,0.5,10,12,28,,,[],[],,,17,20,
2026_07_15_01_26_56,000104,12,all-cavs,selective_edgecooper_global,grid,,,,,,,singleton,20,100.0,12,12,,{},"{""12"": 4988}",0,0.0,10,40.0,ns3,899,0.5,10,12,28,,,[],[],,,10,11,
2026_07_15_01_26_56,000104,13,all-cavs,selective_edgecooper_global,grid,,,,,,,singleton,20,100.0,13,13,,{},"{""13"": 4747}",0,0.0,10,40.0,ns3,899,0.5,10,12,28,,,[],[],,,8,13,
2026_07_15_01_26_56,000104,14,all-cavs,selective_edgecooper_global,grid,,,,,,,singleton,20,100.0,14,14;9,9,"{""9"": 51}","{""9"": 4850, ""14"": 4840}",77600,4.3159065628476085,10,40.0,ns3,899,0.5,10,12,28,,,[],[],,9,6,6,
2026_07_15_01_26_56,000104,15,all-cavs,selective_edgecooper_global,grid,,,,,,,singleton,20,100.0,15,15;8,8,"{""8"": 54}","{""8"": 4837, ""15"": 4777}",77392,4.304338153503894,10,40.0,ns3,899,0.5,10,12,28,,,[],[],,8,26,30,
2026_07_15_01_26_56,000104,16,all-cavs,selective_edgecooper_global,grid,,,,,,,singleton,20,100.0,16,16;13,13,"{""13"": 58}","{""13"": 4747, ""16"": 4958}",75952,4.22424916573971,10,40.0,ns3,899,0.5,10,12,28,,,[],[],,13,20,32,
2026_07_15_01_26_56,000104,17,all-cavs,selective_edgecooper_global,grid,,,,,,,singleton,20,100.0,17,17;18,18,"{""18"": 59}","{""17"": 4979, ""18"": 4925}",78800,4.382647385984428,10,40.0,ns3,899,0.5,10,12,28,,,[],[],,18,20,19,
2026_07_15_01_26_56,000104,18,all-cavs,selective_edgecooper_global,grid,,,,,,,singleton,20,100.0,18,18,,{},"{""18"": 4929}",0,0.0,10,40.0,ns3,899,0.5,10,12,28,,,[],[],,,11,9,
2026_07_15_01_26_56,000104,19,all-cavs,selective_edgecooper_global,grid,,,,,,,singleton,20,100.0,19,19,,{},"{""19"": 4823}",0,0.0,10,40.0,ns3,899,0.5,10,12,28,,,[],[],,,10,13,
2026_07_15_01_26_56,000104,20,all-cavs,selective_edgecooper_global,grid,,,,,,,singleton,20,100.0,20,20,,{},"{""20"": 4900}",0,0.0,10,40.0,ns3,899,0.5,10,12,28,,,[],[],,,19,19,
2026_07_15_01_26_56,000106,1,all-cavs,selective_edgecooper_global,grid,,,,,,,singleton,20,100.0,1,1;19,19,"{""19"": 61}","{""1"": 4928, ""19"": 4815}",77040,4.28476084538376,10,40.0,ns3,899,0.5,10,12,28,,,[],[],,19,19,25,
2026_07_15_01_26_56,000106,2,all-cavs,selective_edgecooper_global,grid,,,,,,,singleton,20,100.0,2,2;5,5,"{""5"": 54}","{""2"": 4856, ""5"": 4951}",79216,4.405784204671858,10,40.0,ns3,899,0.5,10,12,28,,,[],[],,5,22,35,
2026_07_15_01_26_56,000106,3,all-cavs,selective_edgecooper_global,grid,,,,,,,singleton,20,100.0,3,3,,{},"{""3"": 4995}",0,0.0,10,40.0,ns3,899,0.5,10,12,28,,,[],[],,,14,5,
2026_07_15_01_26_56,000106,4,all-cavs,selective_edgecooper_global,grid,,,,,,,singleton,20,100.0,4,4,,{},"{""4"": 4852}",0,0.0,10,40.0,ns3,899,0.5,10,12,28,,,[],[],,,11,26,
2026_07_15_01_26_56,000106,5,all-cavs,selective_edgecooper_global,grid,,,,,,,singleton,20,100.0,5,5,,{},"{""5"": 4951}",0,0.0,10,40.0,ns3,899,0.5,10,12,28,,,[],[],,,8,15,
2026_07_15_01_26_56,000106,6,all-cavs,selective_edgecooper_global,grid,,,,,,,singleton,20,100.0,6,6,,{},"{""6"": 4708}",0,0.0,10,40.0,ns3,899,0.5,10,12,28,,,[],[],,,10,16,
2026_07_15_01_26_56,000106,7,all-cavs,selective_edgecooper_global,grid,,,,,,,singleton,20,100.0,7,7,,{},"{""7"": 4920}",0,0.0,10,40.0,ns3,899,0.5,10,12,28,,,[],[],,,13,11,
2026_07_15_01_26_56,000106,8,all-cavs,selective_edgecooper_global,grid,,,,,,,singleton,20,100.0,8,8,,{},"{""8"": 4836}",0,0.0,10,40.0,ns3,899,0.5,10,12,28,,,[],[],,,13,21,
2026_07_15_01_26_56,000106,9,all-cavs,selective_edgecooper_global,grid,,,,,,,singleton,20,100.0,9,9,,{},"{""9"": 4852}",0,0.0,10,40.0,ns3,899,0.5,10,12,28,,,[],[],,,15,19,
2026_07_15_01_26_56,000106,10,all-cavs,selective_edgecooper_global,grid,,,,,,,singleton,20,100.0,10,10;12,12,"{""12"": 54}","{""10"": 4930, ""12"": 4967}",79472,4.420022246941046,10,40.0,ns3,899,0.5,10,12,28,,,[],[],,12,19,28,
2026_07_15_01_26_56,000106,11,all-cavs,selective_edgecooper_global,grid,,,,,,,singleton,20,100.0,11,11;6,6,"{""6"": 64}","{""6"": 4708, ""11"": 4908}",75328,4.189543937708565,10,40.0,ns3,899,0.5,10,12,28,,,[],[],,6,29,32,
2026_07_15_01_26_56,000106,12,all-cavs,selective_edgecooper_global,grid,,,,,,,singleton,20,100.0,12,12,,{},"{""12"": 4987}",0,0.0,10,40.0,ns3,899,0.5,10,12,28,,,[],[],,,8,11,
2026_07_15_01_26_56,000106,13,all-cavs,selective_edgecooper_global,grid,,,,,,,singleton,20,100.0,13,13,,{},"{""13"": 4753}",0,0.0,10,40.0,ns3,899,0.5,10,12,28,,,[],[],,,8,13,
2026_07_15_01_26_56,000106,14,all-cavs,selective_edgecooper_global,grid,,,,,,,singleton,20,100.0,14,14;9,9,"{""9"": 52}","{""9"": 4850, ""14"": 4815}",77600,4.3159065628476085,10,40.0,ns3,899,0.5,10,12,28,,,[],[],,9,7,6,
2026_07_15_01_26_56,000106,15,all-cavs,selective_edgecooper_global,grid,,,,,,,singleton,20,100.0,15,15;8,8,"{""8"": 54}","{""8"": 4836, ""15"": 4779}",77376,4.303448275862069,10,40.0,ns3,899,0.5,10,12,28,,,[],[],,8,27,31,
2026_07_15_01_26_56,000106,16,all-cavs,selective_edgecooper_global,grid,,,,,,,singleton,20,100.0,16,16;3,3,"{""3"": 60}","{""3"": 4863, ""16"": 4954}",77808,4.3274749721913235,10,40.0,ns3,899,0.5,10,12,28,,,[],[],,3,21,24,
2026_07_15_01_26_56,000106,17,all-cavs,selective_edgecooper_global,grid,,,,,,,singleton,20,100.0,17,17;18,18,"{""18"": 56}","{""17"": 4994, ""18"": 4910}",78560,4.369299221357063,10,40.0,ns3,899,0.5,10,12,28,,,[],[],,18,19,19,
2026_07_15_01_26_56,000106,18,all-cavs,selective_edgecooper_global,grid,,,,,,,singleton,20,100.0,18,18,,{},"{""18"": 4912}",0,0.0,10,40.0,ns3,899,0.5,10,12,28,,,[],[],,,11,9,
2026_07_15_01_26_56,000106,19,all-cavs,selective_edgecooper_global,grid,,,,,,,singleton,20,100.0,19,19,,{},"{""19"": 4823}",0,0.0,10,40.0,ns3,899,0.5,10,12,28,,,[],[],,,11,15,
2026_07_15_01_26_56,000106,20,all-cavs,selective_edgecooper_global,grid,,,,,,,singleton,20,100.0,20,20;13,13,"{""13"": 57}","{""13"": 4712, ""20"": 4900}",75392,4.193103448275862,10,40.0,ns3,899,0.5,10,12,28,,,[],[],,13,24,25,
2026_07_15_01_26_56,000108,1,all-cavs,selective_edgecooper_global,grid,,,,,,,singleton,20,100.0,1,1;19,19,"{""19"": 61}","{""1"": 4928, ""19"": 4817}",77072,4.286540600667409,10,40.0,ns3,899,0.5,10,12,28,,,[],[],,19,19,25,
2026_07_15_01_26_56,000108,2,all-cavs,selective_edgecooper_global,grid,,,,,,,singleton,20,100.0,2,2;5,5,"{""5"": 54}","{""2"": 4859, ""5"": 4929}",78864,4.386206896551725,10,40.0,ns3,899,0.5,10,12,28,,,[],[],,5,20,35,
2026_07_15_01_26_56,000108,3,all-cavs,selective_edgecooper_global,grid,,,,,,,singleton,20,100.0,3,3,,{},"{""3"": 4982}",0,0.0,10,40.0,ns3,899,0.5,10,12,28,,,[],[],,,13,5,
2026_07_15_01_26_56,000108,4,all-cavs,selective_edgecooper_global,grid,,,,,,,singleton,20,100.0,4,4,,{},"{""4"": 4850}",0,0.0,10,40.0,ns3,899,0.5,10,12,28,,,[],[],,,11,26,
2026_07_15_01_26_56,000108,5,all-cavs,selective_edgecooper_global,grid,,,,,,,singleton,20,100.0,5,5,,{},"{""5"": 4929}",0,0.0,10,40.0,ns3,899,0.5,10,12,28,,,[],[],,,11,16,
2026_07_15_01_26_56,000108,6,all-cavs,selective_edgecooper_global,grid,,,,,,,singleton,20,100.0,6,6,,{},"{""6"": 4713}",0,0.0,10,40.0,ns3,899,0.5,10,12,28,,,[],[],,,11,16,
2026_07_15_01_26_56,000108,7,all-cavs,selective_edgecooper_global,grid,,,,,,,singleton,20,100.0,7,7,,{},"{""7"": 4919}",0,0.0,10,40.0,ns3,899,0.5,10,12,28,,,[],[],,,13,13,
2026_07_15_01_26_56,000108,8,all-cavs,selective_edgecooper_global,grid,,,,,,,singleton,20,100.0,8,8,,{},"{""8"": 4837}",0,0.0,10,40.0,ns3,899,0.5,10,12,28,,,[],[],,,12,23,
2026_07_15_01_26_56,000108,9,all-cavs,selective_edgecooper_global,grid,,,,,,,singleton,20,100.0,9,9,,{},"{""9"": 4853}",0,0.0,10,40.0,ns3,899,0.5,10,12,28,,,[],[],,,14,19,
2026_07_15_01_26_56,000108,10,all-cavs,selective_edgecooper_global,grid,,,,,,,singleton,20,100.0,10,10;12,12,"{""12"": 54}","{""10"": 4928, ""12"": 4978}",79648,4.429810901001113,10,40.0,ns3,899,0.5,10,12,28,,,[],[],,12,19,29,
2026_07_15_01_26_56,000108,11,all-cavs,selective_edgecooper_global,grid,,,,,,,singleton,20,100.0,11,11;6,6,"{""6"": 64}","{""6"": 4713, ""11"": 4911}",75408,4.1939933259176865,10,40.0,ns3,899,0.5,10,12,28,,,[],[],,6,27,32,
2026_07_15_01_26_56,000108,12,all-cavs,selective_edgecooper_global,grid,,,,,,,singleton,20,100.0,12,12,,{},"{""12"": 4997}",0,0.0,10,40.0,ns3,899,0.5,10,12,28,,,[],[],,,10,12,
2026_07_15_01_26_56,000108,13,all-cavs,selective_edgecooper_global,grid,,,,,,,singleton,20,100.0,13,13,,{},"{""13"": 4757}",0,0.0,10,40.0,ns3,899,0.5,10,12,28,,,[],[],,,7,13,
2026_07_15_01_26_56,000108,14,all-cavs,selective_edgecooper_global,grid,,,,,,,singleton,20,100.0,14,14;9,9,"{""9"": 52}","{""9"": 4851, ""14"": 4804}",77616,4.316796440489433,10,40.0,ns3,899,0.5,10,12,28,,,[],[],,9,5,6,
2026_07_15_01_26_56,000108,15,all-cavs,selective_edgecooper_global,grid,,,,,,,singleton,20,100.0,15,15;8,8,"{""8"": 55}","{""8"": 4837, ""15"": 4792}",77392,4.304338153503894,10,40.0,ns3,899,0.5,10,12,28,,,[],[],,8,23,32,
2026_07_15_01_26_56,000108,16,all-cavs,selective_edgecooper_global,grid,,,,,,,singleton,20,100.0,16,16;3,3,"{""3"": 61}","{""3"": 4852, ""16"": 4980}",77632,4.317686318131257,10,40.0,ns3,899,0.5,10,12,28,,,[],[],,3,19,25,
2026_07_15_01_26_56,000108,17,all-cavs,selective_edgecooper_global,grid,,,,,,,singleton,20,100.0,17,17;18,18,"{""18"": 58}","{""17"": 4998, ""18"": 4912}",78592,4.371078976640711,10,40.0,ns3,899,0.5,10,12,28,,,[],[],,18,22,18,
2026_07_15_01_26_56,000108,18,all-cavs,selective_edgecooper_global,grid,,,,,,,singleton,20,100.0,18,18,,{},"{""18"": 4916}",0,0.0,10,40.0,ns3,899,0.5,10,12,28,,,[],[],,,10,9,
2026_07_15_01_26_56,000108,19,all-cavs,selective_edgecooper_global,grid,,,,,,,singleton,20,100.0,19,19,,{},"{""19"": 4825}",0,0.0,10,40.0,ns3,899,0.5,10,12,28,,,[],[],,,11,15,
2026_07_15_01_26_56,000108,20,all-cavs,selective_edgecooper_global,grid,,,,,,,singleton,20,100.0,20,20;7,7,"{""7"": 56}","{""7"": 4639, ""20"": 4899}",74224,4.128142380422692,10,40.0,ns3,899,0.5,10,12,28,,,[],[],,7,23,24,
2026_07_15_01_26_56,000110,1,all-cavs,selective_edgecooper_global,grid,,,,,,,singleton,20,100.0,1,1;19,19,"{""19"": 60}","{""1"": 4928, ""19"": 4818}",77088,4.287430478309233,10,40.0,ns3,899,0.5,10,12,28,,,[],[],,19,17,25,
2026_07_15_01_26_56,000110,2,all-cavs,selective_edgecooper_global,grid,,,,,,,singleton,20,100.0,2,2;5,5,"{""5"": 53}","{""2"": 4860, ""5"": 4921}",78736,4.379087875417131,10,40.0,ns3,899,0.5,10,12,28,,,[],[],,5,25,36,
2026_07_15_01_26_56,000110,3,all-cavs,selective_edgecooper_global,grid,,,,,,,singleton,20,100.0,3,3;18,18,"{""18"": 56}","{""3"": 4993, ""18"": 4866}",77856,4.330144605116796,10,40.0,ns3,899,0.5,10,12,28,,,[],[],,18,16,13,
2026_07_15_01_26_56,000110,4,all-cavs,selective_edgecooper_global,grid,,,,,,,singleton,20,100.0,4,4,,{},"{""4"": 4850}",0,0.0,10,40.0,ns3,899,0.5,10,12,28,,,[],[],,,11,26,
2026_07_15_01_26_56,000110,5,all-cavs,selective_edgecooper_global,grid,,,,,,,singleton,20,100.0,5,5,,{},"{""5"": 4921}",0,0.0,10,40.0,ns3,899,0.5,10,12,28,,,[],[],,,11,16,
2026_07_15_01_26_56,000110,6,all-cavs,selective_edgecooper_global,grid,,,,,,,singleton,20,100.0,6,6,,{},"{""6"": 4713}",0,0.0,10,40.0,ns3,899,0.5,10,12,28,,,[],[],,,12,16,
2026_07_15_01_26_56,000110,7,all-cavs,selective_edgecooper_global,grid,,,,,,,singleton,20,100.0,7,7,,{},"{""7"": 4919}",0,0.0,10,40.0,ns3,899,0.5,10,12,28,,,[],[],,,15,12,
2026_07_15_01_26_56,000110,8,all-cavs,selective_edgecooper_global,grid,,,,,,,singleton,20,100.0,8,8,,{},"{""8"": 4834}",0,0.0,10,40.0,ns3,899,0.5,10,12,28,,,[],[],,,12,23,
2026_07_15_01_26_56,000110,9,all-cavs,selective_edgecooper_global,grid,,,,,,,singleton,20,100.0,9,9,,{},"{""9"": 4854}",0,0.0,10,40.0,ns3,899,0.5,10,12,28,,,[],[],,,15,19,
2026_07_15_01_26_56,000110,10,all-cavs,selective_edgecooper_global,grid,,,,,,,singleton,20,100.0,10,10;12,12,"{""12"": 56}","{""10"": 4929, ""12"": 4982}",79712,4.43337041156841,10,40.0,ns3,899,0.5,10,12,28,,,[],[],,12,18,29,
2026_07_15_01_26_56,000110,11,all-cavs,selective_edgecooper_global,grid,,,,,,,singleton,20,100.0,11,11;6,6,"{""6"": 62}","{""6"": 4713, ""11"": 4911}",75408,4.1939933259176865,10,40.0,ns3,899,0.5,10,12,28,,,[],[],,6,26,33,
2026_07_15_01_26_56,000110,12,all-cavs,selective_edgecooper_global,grid,,,,,,,singleton,20,100.0,12,12,,{},"{""12"": 4997}",0,0.0,10,40.0,ns3,899,0.5,10,12,28,,,[],[],,,9,12,
2026_07_15_01_26_56,000110,13,all-cavs,selective_edgecooper_global,grid,,,,,,,singleton,20,100.0,13,13,,{},"{""13"": 4738}",0,0.0,10,40.0,ns3,899,0.5,10,12,28,,,[],[],,,7,13,
2026_07_15_01_26_56,000110,14,all-cavs,selective_edgecooper_global,grid,,,,,,,singleton,20,100.0,14,14;9,9,"{""9"": 52}","{""9"": 4852, ""14"": 4841}",77632,4.317686318131257,10,40.0,ns3,899,0.5,10,12,28,,,[],[],,9,6,6,
2026_07_15_01_26_56,000110,15,all-cavs,selective_edgecooper_global,grid,,,,,,,singleton,20,100.0,15,15;8,8,"{""8"": 55}","{""8"": 4834, ""15"": 4814}",77344,4.301668520578421,10,40.0,ns3,899,0.5,10,12,28,,,[],[],,8,24,32,
2026_07_15_01_26_56,000110,16,all-cavs,selective_edgecooper_global,grid,,,,,,,singleton,20,100.0,16,16;4,4,"{""4"": 58}","{""4"": 4848, ""16"": 4974}",77568,4.31412680756396,10,40.0,ns3,899,0.5,10,12,28,,,[],[],,4,20,40,
2026_07_15_01_26_56,000110,17,all-cavs,selective_edgecooper_global,grid,,,,,,,singleton,20,100.0,17,17,,{},"{""17"": 5003}",0,0.0,10,40.0,ns3,899,0.5,10,12,28,,,[],[],,,16,14,
2026_07_15_01_26_56,000110,18,all-cavs,selective_edgecooper_global,grid,,,,,,,singleton,20,100.0,18,18,,{},"{""18"": 4900}",0,0.0,10,40.0,ns3,899,0.5,10,12,28,,,[],[],,,11,9,
2026_07_15_01_26_56,000110,19,all-cavs,selective_edgecooper_global,grid,,,,,,,singleton,20,100.0,19,19,,{},"{""19"": 4826}",0,0.0,10,40.0,ns3,899,0.5,10,12,28,,,[],[],,,11,15,
2026_07_15_01_26_56,000110,20,all-cavs,selective_edgecooper_global,grid,,,,,,,singleton,20,100.0,20,20;7,7,"{""7"": 55}","{""7"": 4641, ""20"": 4898}",74256,4.129922135706341,10,40.0,ns3,899,0.5,10,12,28,,,[],[],,7,22,23,
2026_07_15_01_26_56,000112,1,all-cavs,selective_edgecooper_global,grid,,,,,,,singleton,20,100.0,1,1;19,19,"{""19"": 61}","{""1"": 4926, ""19"": 4819}",77104,4.288320355951057,10,40.0,ns3,899,0.5,10,12,28,,,[],[],,19,17,25,
2026_07_15_01_26_56,000112,2,all-cavs,selective_edgecooper_global,grid,,,,,,,singleton,20,100.0,2,2,,{},"{""2"": 4859}",0,0.0,10,40.0,ns3,899,0.5,10,12,28,,,[],[],,,13,23,
2026_07_15_01_26_56,000112,3,all-cavs,selective_edgecooper_global,grid,,,,,,,singleton,20,100.0,3,3,,{},"{""3"": 4983}",0,0.0,10,40.0,ns3,899,0.5,10,12,28,,,[],[],,,15,4,
2026_07_15_01_26_56,000112,4,all-cavs,selective_edgecooper_global,grid,,,,,,,singleton,20,100.0,4,4,,{},"{""4"": 4850}",0,0.0,10,40.0,ns3,899,0.5,10,12,28,,,[],[],,,11,26,
2026_07_15_01_26_56,000112,5,all-cavs,selective_edgecooper_global,grid,,,,,,,singleton,20,100.0,5,5,,{},"{""5"": 4910}",0,0.0,10,40.0,ns3,899,0.5,10,12,28,,,[],[],,,12,16,
2026_07_15_01_26_56,000112,6,all-cavs,selective_edgecooper_global,grid,,,,,,,singleton,20,100.0,6,6;11,11,"{""11"": 56}","{""6"": 4686, ""11"": 4912}",78592,4.371078976640711,10,40.0,ns3,899,0.5,10,12,28,,,[],[],,11,26,32,
2026_07_15_01_26_56,000112,7,all-cavs,selective_edgecooper_global,grid,,,,,,,singleton,20,100.0,7,7;4,4,"{""4"": 55}","{""4"": 4670, ""7"": 4917}",74720,4.155728587319244,10,40.0,ns3,899,0.5,10,12,28,,,[],[],,4,21,25,
2026_07_15_01_26_56,000112,8,all-cavs,selective_edgecooper_global,grid,,,,,,,singleton,20,100.0,8,8,,{},"{""8"": 4834}",0,0.0,10,40.0,ns3,899,0.5,10,12,28,,,[],[],,,11,22,
2026_07_15_01_26_56,000112,9,all-cavs,selective_edgecooper_global,grid,,,,,,,singleton,20,100.0,9,9,,{},"{""9"": 4855}",0,0.0,10,40.0,ns3,899,0.5,10,12,28,,,[],[],,,13,19,
2026_07_15_01_26_56,000112,10,all-cavs,selective_edgecooper_global,grid,,,,,,,singleton,20,100.0,10,10;5,5,"{""5"": 51}","{""5"": 4841, ""10"": 4928}",77456,4.307897664071191,10,40.0,ns3,899,0.5,10,12,28,,,[],[],,5,24,37,
2026_07_15_01_26_56,000112,11,all-cavs,selective_edgecooper_global,grid,,,,,,,singleton,20,100.0,11,11,,{},"{""11"": 4912}",0,0.0,10,40.0,ns3,899,0.5,10,12,28,,,[],[],,,17,21,
2026_07_15_01_26_56,000112,12,all-cavs,selective_edgecooper_global,grid,,,,,,,singleton,20,100.0,12,12,,{},"{""12"": 5013}",0,0.0,10,40.0,ns3,899,0.5,10,12,28,,,[],[],,,8,10,
2026_07_15_01_26_56,000112,13,all-cavs,selective_edgecooper_global,grid,,,,,,,singleton,20,100.0,13,13,,{},"{""13"": 4707}",0,0.0,10,40.0,ns3,899,0.5,10,12,28,,,[],[],,,8,11,
2026_07_15_01_26_56,000112,14,all-cavs,selective_edgecooper_global,grid,,,,,,,singleton,20,100.0,14,14;9,9,"{""9"": 52}","{""9"": 4852, ""14"": 4813}",77632,4.317686318131257,10,40.0,ns3,899,0.5,10,12,28,,,[],[],,9,3,6,
2026_07_15_01_26_56,000112,15,all-cavs,selective_edgecooper_global,grid,,,,,,,singleton,20,100.0,15,15;8,8,"{""8"": 55}","{""8"": 4833, ""15"": 4776}",77328,4.300778642936597,10,40.0,ns3,899,0.5,10,12,28,,,[],[],,8,25,32,
2026_07_15_01_26_56,000112,16,all-cavs,selective_edgecooper_global,grid,,,,,,,singleton,20,100.0,16,16;12,12,"{""12"": 59}","{""12"": 5013, ""16"": 4976}",80208,4.460956618464961,10,40.0,ns3,899,0.5,10,12,28,,,[],[],,12,18,27,
2026_07_15_01_26_56,000112,17,all-cavs,selective_edgecooper_global,grid,,,,,,,singleton,20,100.0,17,17;18,18,"{""18"": 59}","{""17"": 4995, ""18"": 4896}",78336,4.356840934371523,10,40.0,ns3,899,0.5,10,12,28,,,[],[],,18,21,18,
2026_07_15_01_26_56,000112,18,all-cavs,selective_edgecooper_global,grid,,,,,,,singleton,20,100.0,18,18,,{},"{""18"": 4899}",0,0.0,10,40.0,ns3,899,0.5,10,12,28,,,[],[],,,11,8,
2026_07_15_01_26_56,000112,19,all-cavs,selective_edgecooper_global,grid,,,,,,,singleton,20,100.0,19,19,,{},"{""19"": 4827}",0,0.0,10,40.0,ns3,899,0.5,10,12,28,,,[],[],,,13,15,
2026_07_15_01_26_56,000112,20,all-cavs,selective_edgecooper_global,grid,,,,,,,singleton,20,100.0,20,20;2,2,"{""2"": 53}","{""2"": 4850, ""20"": 4898}",77600,4.3159065628476085,10,40.0,ns3,899,0.5,10,12,28,,,[],[],,2,23,31,
2026_07_15_01_26_56,000114,1,all-cavs,selective_edgecooper_global,grid,,,,,,,singleton,20,100.0,1,1;19,19,"{""19"": 61}","{""1"": 4926, ""19"": 4820}",77120,4.289210233592881,10,40.0,ns3,899,0.5,10,12,28,,,[],[],,19,18,25,
2026_07_15_01_26_56,000114,2,all-cavs,selective_edgecooper_global,grid,,,,,,,singleton,20,100.0,2,2,,{},"{""2"": 4858}",0,0.0,10,40.0,ns3,899,0.5,10,12,28,,,[],[],,,14,23,
2026_07_15_01_26_56,000114,3,all-cavs,selective_edgecooper_global,grid,,,,,,,singleton,20,100.0,3,3,,{},"{""3"": 4978}",0,0.0,10,40.0,ns3,899,0.5,10,12,28,,,[],[],,,13,4,
2026_07_15_01_26_56,000114,4,all-cavs,selective_edgecooper_global,grid,,,,,,,singleton,20,100.0,4,4,,{},"{""4"": 4851}",0,0.0,10,40.0,ns3,899,0.5,10,12,28,,,[],[],,,11,26,
2026_07_15_01_26_56,000114,5,all-cavs,selective_edgecooper_global,grid,,,,,,,singleton,20,100.0,5,5,,{},"{""5"": 4909}",0,0.0,10,40.0,ns3,899,0.5,10,12,28,,,[],[],,,15,16,
2026_07_15_01_26_56,000114,6,all-cavs,selective_edgecooper_global,grid,,,,,,,singleton,20,100.0,6,6,,{},"{""6"": 4680}",0,0.0,10,40.0,ns3,899,0.5,10,12,28,,,[],[],,,11,16,
2026_07_15_01_26_56,000114,7,all-cavs,selective_edgecooper_global,grid,,,,,,,singleton,20,100.0,7,7,,{},"{""7"": 4919}",0,0.0,10,40.0,ns3,899,0.5,10,12,28,,,[],[],,,13,14,
2026_07_15_01_26_56,000114,8,all-cavs,selective_edgecooper_global,grid,,,,,,,singleton,20,100.0,8,8,,{},"{""8"": 4834}",0,0.0,10,40.0,ns3,899,0.5,10,12,28,,,[],[],,,12,22,
2026_07_15_01_26_56,000114,9,all-cavs,selective_edgecooper_global,grid,,,,,,,singleton,20,100.0,9,9,,{},"{""9"": 4854}",0,0.0,10,40.0,ns3,899,0.5,10,12,28,,,[],[],,,13,18,
2026_07_15_01_26_56,000114,10,all-cavs,selective_edgecooper_global,grid,,,,,,,singleton,20,100.0,10,10;5,5,"{""5"": 51}","{""5"": 4837, ""10"": 4928}",77392,4.304338153503894,10,40.0,ns3,899,0.5,10,12,28,,,[],[],,5,27,37,
2026_07_15_01_26_56,000114,11,all-cavs,selective_edgecooper_global,grid,,,,,,,singleton,20,100.0,11,11,,{},"{""11"": 4911}",0,0.0,10,40.0,ns3,899,0.5,10,12,28,,,[],[],,,19,21,
2026_07_15_01_26_56,000114,12,all-cavs,selective_edgecooper_global,grid,,,,,,,singleton,20,100.0,12,12;11,11,"{""11"": 54}","{""11"": 4905, ""12"": 5019}",78480,4.364849833147942,10,40.0,ns3,899,0.5,10,12,28,,,[],[],,11,18,28,
2026_07_15_01_26_56,000114,13,all-cavs,selective_edgecooper_global,grid,,,,,,,singleton,20,100.0,13,13,,{},"{""13"": 4726}",0,0.0,10,40.0,ns3,899,0.5,10,12,28,,,[],[],,,8,12,
2026_07_15_01_26_56,000114,14,all-cavs,selective_edgecooper_global,grid,,,,,,,singleton,20,100.0,14,14;9,9,"{""9"": 52}","{""9"": 4851, ""14"": 4823}",77616,4.316796440489433,10,40.0,ns3,899,0.5,10,12,28,,,[],[],,9,3,6,
2026_07_15_01_26_56,000114,15,all-cavs,selective_edgecooper_global,grid,,,,,,,singleton,20,100.0,15,15;8,8,"{""8"": 56}","{""8"": 4833, ""15"": 4789}",77328,4.300778642936597,10,40.0,ns3,899,0.5,10,12,28,,,[],[],,8,26,32,
2026_07_15_01_26_56,000114,16,all-cavs,selective_edgecooper_global,grid,,,,,,,singleton,20,100.0,16,16;4,4,"{""4"": 58}","{""4"": 4849, ""16"": 4987}",77584,4.3150166852057845,10,40.0,ns3,899,0.5,10,12,28,,,[],[],,4,17,41,
2026_07_15_01_26_56,000114,17,all-cavs,selective_edgecooper_global,grid,,,,,,,singleton,20,100.0,17,17;18,18,"{""18"": 59}","{""17"": 5006, ""18"": 4915}",78640,4.373748609566185,10,40.0,ns3,899,0.5,10,12,28,,,[],[],,18,19,18,
2026_07_15_01_26_56,000114,18,all-cavs,selective_edgecooper_global,grid,,,,,,,singleton,20,100.0,18,18,,{},"{""18"": 4917}",0,0.0,10,40.0,ns3,899,0.5,10,12,28,,,[],[],,,10,9,
2026_07_15_01_26_56,000114,19,all-cavs,selective_edgecooper_global,grid,,,,,,,singleton,20,100.0,19,19,,{},"{""19"": 4828}",0,0.0,10,40.0,ns3,899,0.5,10,12,28,,,[],[],,,10,15,
2026_07_15_01_26_56,000114,20,all-cavs,selective_edgecooper_global,grid,,,,,,,singleton,20,100.0,20,20;2,2,"{""2"": 53}","{""2"": 4849, ""20"": 4899}",77584,4.3150166852057845,10,40.0,ns3,899,0.5,10,12,28,,,[],[],,2,25,31,
2026_07_15_01_26_56,000116,1,all-cavs,selective_edgecooper_global,grid,,,,,,,singleton,20,100.0,1,1;19,19,"{""19"": 62}","{""1"": 4926, ""19"": 4821}",77136,4.290100111234706,10,40.0,ns3,899,0.5,10,12,28,,,[],[],,19,18,25,
2026_07_15_01_26_56,000116,2,all-cavs,selective_edgecooper_global,grid,,,,,,,singleton,20,100.0,2,2,,{},"{""2"": 4858}",0,0.0,10,40.0,ns3,899,0.5,10,12,28,,,[],[],,,14,24,
2026_07_15_01_26_56,000116,3,all-cavs,selective_edgecooper_global,grid,,,,,,,singleton,20,100.0,3,3;18,18,"{""18"": 61}","{""3"": 4990, ""18"": 4856}",77696,4.321245828698554,10,40.0,ns3,899,0.5,10,12,28,,,[],[],,18,16,12,
2026_07_15_01_26_56,000116,4,all-cavs,selective_edgecooper_global,grid,,,,,,,singleton,20,100.0,4,4;17,17,"{""17"": 61}","{""4"": 4849, ""17"": 5012}",80192,4.4600667408231365,10,40.0,ns3,899,0.5,10,12,28,,,[],[],,17,26,33,
2026_07_15_01_26_56,000116,5,all-cavs,selective_edgecooper_global,grid,,,,,,,singleton,20,100.0,5,5,,{},"{""5"": 4920}",0,0.0,10,40.0,ns3,899,0.5,10,12,28,,,[],[],,,15,14,
2026_07_15_01_26_56,000116,6,all-cavs,selective_edgecooper_global,grid,,,,,,,singleton,20,100.0,6,6,,{},"{""6"": 4710}",0,0.0,10,40.0,ns3,899,0.5,10,12,28,,,[],[],,,10,16,
2026_07_15_01_26_56,000116,7,all-cavs,selective_edgecooper_global,grid,,,,,,,singleton,20,100.0,7,7,,{},"{""7"": 4918}",0,0.0,10,40.0,ns3,899,0.5,10,12,28,,,[],[],,,14,14,
2026_07_15_01_26_56,000116,8,all-cavs,selective_edgecooper_global,grid,,,,,,,singleton,20,100.0,8,8,,{},"{""8"": 4836}",0,0.0,10,40.0,ns3,899,0.5,10,12,28,,,[],[],,,12,22,
2026_07_15_01_26_56,000116,9,all-cavs,selective_edgecooper_global,grid,,,,,,,singleton,20,100.0,9,9,,{},"{""9"": 4853}",0,0.0,10,40.0,ns3,899,0.5,10,12,28,,,[],[],,,13,18,
2026_07_15_01_26_56,000116,10,all-cavs,selective_edgecooper_global,grid,,,,,,,singleton,20,100.0,10,10,,{},"{""10"": 4925}",0,0.0,10,40.0,ns3,899,0.5,10,12,28,,,[],[],,,19,25,
2026_07_15_01_26_56,000116,11,all-cavs,selective_edgecooper_global,grid,,,,,,,singleton,20,100.0,11,11,,{},"{""11"": 4911}",0,0.0,10,40.0,ns3,899,0.5,10,12,28,,,[],[],,,18,21,
2026_07_15_01_26_56,000116,12,all-cavs,selective_edgecooper_global,grid,,,,,,,singleton,20,100.0,12,12;5,5,"{""5"": 57}","{""5"": 4919, ""12"": 4999}",78704,4.377308120133482,10,40.0,ns3,899,0.5,10,12,28,,,[],[],,5,14,18,
2026_07_15_01_26_56,000116,13,all-cavs,selective_edgecooper_global,grid,,,,,,,singleton,20,100.0,13,13;2,2,"{""2"": 53}","{""2"": 4850, ""13"": 4746}",77600,4.3159065628476085,10,40.0,ns3,899,0.5,10,12,28,,,[],[],,2,14,25,
2026_07_15_01_26_56,000116,14,all-cavs,selective_edgecooper_global,grid,,,,,,,singleton,20,100.0,14,14;9,9,"{""9"": 53}","{""9"": 4851, ""14"": 4826}",77616,4.316796440489433,10,40.0,ns3,899,0.5,10,12,28,,,[],[],,9,5,6,
2026_07_15_01_26_56,000116,15,all-cavs,selective_edgecooper_global,grid,,,,,,,singleton,20,100.0,15,15;8,8,"{""8"": 56}","{""8"": 4835, ""15"": 4804}",77360,4.302558398220245,10,40.0,ns3,899,0.5,10,12,28,,,[],[],,8,27,32,
2026_07_15_01_26_56,000116,16,all-cavs,selective_edgecooper_global,grid,,,,,,,singleton,20,100.0,16,16;7,7,"{""7"": 55}","{""7"": 4754, ""16"": 4994}",76064,4.230478309232481,10,40.0,ns3,899,0.5,10,12,28,,,[],[],,7,22,21,
2026_07_15_01_26_56,000116,17,all-cavs,selective_edgecooper_global,grid,,,,,,,singleton,20,100.0,17,17,,{},"{""17"": 5014}",0,0.0,10,40.0,ns3,899,0.5,10,12,28,,,[],[],,,16,13,
2026_07_15_01_26_56,000116,18,all-cavs,selective_edgecooper_global,grid,,,,,,,singleton,20,100.0,18,18,,{},"{""18"": 4888}",0,0.0,10,40.0,ns3,899,0.5,10,12,28,,,[],[],,,10,8,
2026_07_15_01_26_56,000116,19,all-cavs,selective_edgecooper_global,grid,,,,,,,singleton,20,100.0,19,19,,{},"{""19"": 4829}",0,0.0,10,40.0,ns3,899,0.5,10,12,28,,,[],[],,,11,15,
2026_07_15_01_26_56,000116,20,all-cavs,selective_edgecooper_global,grid,,,,,,,singleton,20,100.0,20,20;11,11,"{""11"": 53}","{""11"": 4858, ""20"": 4899}",77728,4.3230255839822025,10,40.0,ns3,899,0.5,10,12,28,,,[],[],,11,31,31,
2026_07_15_01_26_56,000118,1,all-cavs,selective_edgecooper_global,grid,,,,,,,singleton,20,100.0,1,1;19,19,"{""19"": 62}","{""1"": 4927, ""19"": 4820}",77120,4.289210233592881,10,40.0,ns3,899,0.5,10,12,28,,,[],[],,19,20,25,
2026_07_15_01_26_56,000118,2,all-cavs,selective_edgecooper_global,grid,,,,,,,singleton,20,100.0,2,2,,{},"{""2"": 4868}",0,0.0,10,40.0,ns3,899,0.5,10,12,28,,,[],[],,,14,24,
2026_07_15_01_26_56,000118,3,all-cavs,selective_edgecooper_global,grid,,,,,,,singleton,20,100.0,3,3;18,18,"{""18"": 60}","{""3"": 4987, ""18"": 4776}",76416,4.250055617352614,10,40.0,ns3,899,0.5,10,12,28,,,[],[],,18,16,11,
2026_07_15_01_26_56,000118,4,all-cavs,selective_edgecooper_global,grid,,,,,,,singleton,20,100.0,4,4,,{},"{""4"": 4849}",0,0.0,10,40.0,ns3,899,0.5,10,12,28,,,[],[],,,12,25,
2026_07_15_01_26_56,000118,5,all-cavs,selective_edgecooper_global,grid,,,,,,,singleton,20,100.0,5,5,,{},"{""5"": 4904}",0,0.0,10,40.0,ns3,899,0.5,10,12,28,,,[],[],,,17,14,
2026_07_15_01_26_56,000118,6,all-cavs,selective_edgecooper_global,grid,,,,,,,singleton,20,100.0,6,6;2,2,"{""2"": 53}","{""2"": 4862, ""6"": 4718}",77792,4.3265850945494995,10,40.0,ns3,899,0.5,10,12,28,,,[],[],,2,23,32,
2026_07_15_01_26_56,000118,7,all-cavs,selective_edgecooper_global,grid,,,,,,,singleton,20,100.0,7,7;8,8,"{""8"": 54}","{""7"": 4916, ""8"": 4806}",76896,4.276751946607342,10,40.0,ns3,899,0.5,10,12,28,,,[],[],,8,19,25,
2026_07_15_01_26_56,000118,8,all-cavs,selective_edgecooper_global,grid,,,,,,,singleton,20,100.0,8,8,,{},"{""8"": 4838}",0,0.0,10,40.0,ns3,899,0.5,10,12,28,,,[],[],,,13,22,
2026_07_15_01_26_56,000118,9,all-cavs,selective_edgecooper_global,grid,,,,,,,singleton,20,100.0,9,9,,{},"{""9"": 4853}",0,0.0,10,40.0,ns3,899,0.5,10,12,28,,,[],[],,,13,17,
2026_07_15_01_26_56,000118,10,all-cavs,selective_edgecooper_global,grid,,,,,,,singleton,20,100.0,10,10,,{},"{""10"": 4926}",0,0.0,10,40.0,ns3,899,0.5,10,12,28,,,[],[],,,19,26,
2026_07_15_01_26_56,000118,11,all-cavs,selective_edgecooper_global,grid,,,,,,,singleton,20,100.0,11,11;15,15,"{""15"": 49}","{""11"": 4914, ""15"": 4797}",76752,4.268743047830924,10,40.0,ns3,899,0.5,10,12,28,,,[],[],,15,24,27,
2026_07_15_01_26_56,000118,12,all-cavs,selective_edgecooper_global,grid,,,,,,,singleton,20,100.0,12,12;5,5,"{""5"": 56}","{""5"": 4903, ""12"": 5018}",78448,4.363070077864293,10,40.0,ns3,899,0.5,10,12,28,,,[],[],,5,18,18,
2026_07_15_01_26_56,000118,13,all-cavs,selective_edgecooper_global,grid,,,,,,,singleton,20,100.0,13,13,,{},"{""13"": 4711}",0,0.0,10,40.0,ns3,899,0.5,10,12,28,,,[],[],,,7,12,
2026_07_15_01_26_56,000118,14,all-cavs,selective_edgecooper_global,grid,,,,,,,singleton,20,100.0,14,14;9,9,"{""9"": 52}","{""9"": 4850, ""14"": 4863}",77600,4.3159065628476085,10,40.0,ns3,899,0.5,10,12,28,,,[],[],,9,5,5,
2026_07_15_01_26_56,000118,15,all-cavs,selective_edgecooper_global,grid,,,,,,,singleton,20,100.0,15,15,,{},"{""15"": 4815}",0,0.0,10,40.0,ns3,899,0.5,10,12,28,,,[],[],,,13,12,
2026_07_15_01_26_56,000118,16,all-cavs,selective_edgecooper_global,grid,,,,,,,singleton,20,100.0,16,16;13,13,"{""13"": 59}","{""13"": 4711, ""16"": 4998}",75376,4.1922135706340375,10,40.0,ns3,899,0.5,10,12,28,,,[],[],,13,14,32,
2026_07_15_01_26_56,000118,17,all-cavs,selective_edgecooper_global,grid,,,,,,,singleton,20,100.0,17,17;20,20,"{""20"": 52}","{""17"": 5023, ""20"": 4845}",77520,4.3114571746384875,10,40.0,ns3,899,0.5,10,12,28,,,[],[],,20,23,24,
2026_07_15_01_26_56,000118,18,all-cavs,selective_edgecooper_global,grid,,,,,,,singleton,20,100.0,18,18,,{},"{""18"": 4898}",0,0.0,10,40.0,ns3,899,0.5,10,12,28,,,[],[],,,10,7,
2026_07_15_01_26_56,000118,19,all-cavs,selective_edgecooper_global,grid,,,,,,,singleton,20,100.0,19,19,,{},"{""19"": 4828}",0,0.0,10,40.0,ns3,899,0.5,10,12,28,,,[],[],,,13,15,
2026_07_15_01_26_56,000118,20,all-cavs,selective_edgecooper_global,grid,,,,,,,singleton,20,100.0,20,20,,{},"{""20"": 4899}",0,0.0,10,40.0,ns3,899,0.5,10,12,28,,,[],[],,,18,19,
2026_07_15_01_26_56,000120,1,all-cavs,selective_edgecooper_global,grid,,,,,,,singleton,20,100.0,1,1;6,6,"{""6"": 60}","{""1"": 4928, ""6"": 4705}",75280,4.1868743047830925,10,40.0,ns3,899,0.5,10,12,28,,,[],[],,6,28,30,
2026_07_15_01_26_56,000120,2,all-cavs,selective_edgecooper_global,grid,,,,,,,singleton,20,100.0,2,2;15,15,"{""15"": 49}","{""2"": 4867, ""15"": 4741}",75856,4.218909899888765,10,40.0,ns3,899,0.5,10,12,28,,,[],[],,15,22,28,
2026_07_15_01_26_56,000120,3,all-cavs,selective_edgecooper_global,grid,,,,,,,singleton,20,100.0,3,3;18,18,"{""18"": 57}","{""3"": 4986, ""18"": 4777}",76432,4.250945494994439,10,40.0,ns3,899,0.5,10,12,28,,,[],[],,18,15,12,
2026_07_15_01_26_56,000120,4,all-cavs,selective_edgecooper_global,grid,,,,,,,singleton,20,100.0,4,4,,{},"{""4"": 4848}",0,0.0,10,40.0,ns3,899,0.5,10,12,28,,,[],[],,,12,25,
2026_07_15_01_26_56,000120,5,all-cavs,selective_edgecooper_global,grid,,,,,,,singleton,20,100.0,5,5,,{},"{""5"": 4901}",0,0.0,10,40.0,ns3,899,0.5,10,12,28,,,[],[],,,14,14,
2026_07_15_01_26_56,000120,6,all-cavs,selective_edgecooper_global,grid,,,,,,,singleton,20,100.0,6,6,,{},"{""6"": 4711}",0,0.0,10,40.0,ns3,899,0.5,10,12,28,,,[],[],,,10,16,
2026_07_15_01_26_56,000120,7,all-cavs,selective_edgecooper_global,grid,,,,,,,singleton,20,100.0,7,7,,{},"{""7"": 4915}",0,0.0,10,40.0,ns3,899,0.5,10,12,28,,,[],[],,,13,14,
2026_07_15_01_26_56,000120,8,all-cavs,selective_edgecooper_global,grid,,,,,,,singleton,20,100.0,8,8,,{},"{""8"": 4837}",0,0.0,10,40.0,ns3,899,0.5,10,12,28,,,[],[],,,12,21,
2026_07_15_01_26_56,000120,9,all-cavs,selective_edgecooper_global,grid,,,,,,,singleton,20,100.0,9,9,,{},"{""9"": 4854}",0,0.0,10,40.0,ns3,899,0.5,10,12,28,,,[],[],,,13,17,
2026_07_15_01_26_56,000120,10,all-cavs,selective_edgecooper_global,grid,,,,,,,singleton,20,100.0,10,10,,{},"{""10"": 4927}",0,0.0,10,40.0,ns3,899,0.5,10,12,28,,,[],[],,,19,26,
2026_07_15_01_26_56,000120,11,all-cavs,selective_edgecooper_global,grid,,,,,,,singleton,20,100.0,11,11,,{},"{""11"": 4913}",0,0.0,10,40.0,ns3,899,0.5,10,12,28,,,[],[],,,18,21,
2026_07_15_01_26_56,000120,12,all-cavs,selective_edgecooper_global,grid,,,,,,,singleton,20,100.0,12,12;5,5,"{""5"": 57}","{""5"": 4900, ""12"": 5020}",78400,4.36040044493882,10,40.0,ns3,899,0.5,10,12,28,,,[],[],,5,23,17,
2026_07_15_01_26_56,000120,13,all-cavs,selective_edgecooper_global,grid,,,,,,,singleton,20,100.0,13,13,,{},"{""13"": 4704}",0,0.0,10,40.0,ns3,899,0.5,10,12,28,,,[],[],,,5,12,
2026_07_15_01_26_56,000120,14,all-cavs,selective_edgecooper_global,grid,,,,,,,singleton,20,100.0,14,14;9,9,"{""9"": 52}","{""9"": 4851, ""14"": 4863}",77616,4.316796440489433,10,40.0,ns3,899,0.5,10,12,28,,,[],[],,9,4,5,
2026_07_15_01_26_56,000120,15,all-cavs,selective_edgecooper_global,grid,,,,,,,singleton,20,100.0,15,15,,{},"{""15"": 4811}",0,0.0,10,40.0,ns3,899,0.5,10,12,28,,,[],[],,,14,12,
2026_07_15_01_26_56,000120,16,all-cavs,selective_edgecooper_global,grid,,,,,,,singleton,20,100.0,16,16;10,10,"{""10"": 55}","{""10"": 4918, ""16"": 4996}",78688,4.376418242491658,10,40.0,ns3,899,0.5,10,12,28,,,[],[],,10,27,41,
2026_07_15_01_26_56,000120,17,all-cavs,selective_edgecooper_global,grid,,,,,,,singleton,20,100.0,17,17;7,7,"{""7"": 56}","{""7"": 4878, ""17"": 5031}",78048,4.340823136818687,10,40.0,ns3,899,0.5,10,12,28,,,[],[],,7,21,16,
2026_07_15_01_26_56,000120,18,all-cavs,selective_edgecooper_global,grid,,,,,,,singleton,20,100.0,18,18,,{},"{""18"": 4887}",0,0.0,10,40.0,ns3,899,0.5,10,12,28,,,[],[],,,11,8,
2026_07_15_01_26_56,000120,19,all-cavs,selective_edgecooper_global,grid,,,,,,,singleton,20,100.0,19,19;8,8,"{""8"": 58}","{""8"": 4837, ""19"": 4830}",77392,4.304338153503894,10,40.0,ns3,899,0.5,10,12,28,,,[],[],,8,25,36,
2026_07_15_01_26_56,000120,20,all-cavs,selective_edgecooper_global,grid,,,,,,,singleton,20,100.0,20,20;11,11,"{""11"": 53}","{""11"": 4860, ""20"": 4901}",77760,4.3248053392658505,10,40.0,ns3,899,0.5,10,12,28,,,[],[],,11,30,31,
2026_07_15_01_26_56,000122,1,all-cavs,selective_edgecooper_global,grid,,,,,,,singleton,20,100.0,1,1;6,6,"{""6"": 60}","{""1"": 4925, ""6"": 4715}",75440,4.1957730812013345,10,40.0,ns3,899,0.5,10,12,28,,,[],[],,6,27,31,
2026_07_15_01_26_56,000122,2,all-cavs,selective_edgecooper_global,grid,,,,,,,singleton,20,100.0,2,2;15,15,"{""15"": 49}","{""2"": 4867, ""15"": 4738}",75808,4.216240266963292,10,40.0,ns3,899,0.5,10,12,28,,,[],[],,15,22,28,
2026_07_15_01_26_56,000122,3,all-cavs,selective_edgecooper_global,grid,,,,,,,singleton,20,100.0,3,3;18,18,"{""18"": 58}","{""3"": 4990, ""18"": 4788}",76608,4.260734149054505,10,40.0,ns3,899,0.5,10,12,28,,,[],[],,18,15,11,
2026_07_15_01_26_56,000122,4,all-cavs,selective_edgecooper_global,grid,,,,,,,singleton,20,100.0,4,4,,{},"{""4"": 4847}",0,0.0,10,40.0,ns3,899,0.5,10,12,28,,,[],[],,,10,26,
2026_07_15_01_26_56,000122,5,all-cavs,selective_edgecooper_global,grid,,,,,,,singleton,20,100.0,5,5,,{},"{""5"": 4902}",0,0.0,10,40.0,ns3,899,0.5,10,12,28,,,[],[],,,15,12,
2026_07_15_01_26_56,000122,6,all-cavs,selective_edgecooper_global,grid,,,,,,,singleton,20,100.0,6,6,,{},"{""6"": 4722}",0,0.0,10,40.0,ns3,899,0.5,10,12,28,,,[],[],,,11,17,
2026_07_15_01_26_56,000122,7,all-cavs,selective_edgecooper_global,grid,,,,,,,singleton,20,100.0,7,7,,{},"{""7"": 4915}",0,0.0,10,40.0,ns3,899,0.5,10,12,28,,,[],[],,,12,14,
2026_07_15_01_26_56,000122,8,all-cavs,selective_edgecooper_global,grid,,,,,,,singleton,20,100.0,8,8,,{},"{""8"": 4838}",0,0.0,10,40.0,ns3,899,0.5,10,12,28,,,[],[],,,12,21,
2026_07_15_01_26_56,000122,9,all-cavs,selective_edgecooper_global,grid,,,,,,,singleton,20,100.0,9,9,,{},"{""9"": 4851}",0,0.0,10,40.0,ns3,899,0.5,10,12,28,,,[],[],,,14,16,
2026_07_15_01_26_56,000122,10,all-cavs,selective_edgecooper_global,grid,,,,,,,singleton,20,100.0,10,10,,{},"{""10"": 4927}",0,0.0,10,40.0,ns3,899,0.5,10,12,28,,,[],[],,,20,25,
2026_07_15_01_26_56,000122,11,all-cavs,selective_edgecooper_global,grid,,,,,,,singleton,20,100.0,11,11,,{},"{""11"": 4911}",0,0.0,10,40.0,ns3,899,0.5,10,12,28,,,[],[],,,17,21,
2026_07_15_01_26_56,000122,12,all-cavs,selective_edgecooper_global,grid,,,,,,,singleton,20,100.0,12,12;5,5,"{""5"": 54}","{""5"": 4902, ""12"": 5019}",78432,4.362180200222469,10,40.0,ns3,899,0.5,10,12,28,,,[],[],,5,19,17,
2026_07_15_01_26_56,000122,13,all-cavs,selective_edgecooper_global,grid,,,,,,,singleton,20,100.0,13,13,,{},"{""13"": 4698}",0,0.0,10,40.0,ns3,899,0.5,10,12,28,,,[],[],,,5,12,
2026_07_15_01_26_56,000122,14,all-cavs,selective_edgecooper_global,grid,,,,,,,singleton,20,100.0,14,14;9,9,"{""9"": 51}","{""9"": 4849, ""14"": 4861}",77584,4.3150166852057845,10,40.0,ns3,899,0.5,10,12,28,,,[],[],,9,4,5,
2026_07_15_01_26_56,000122,15,all-cavs,selective_edgecooper_global,grid,,,,,,,singleton,20,100.0,15,15,,{},"{""15"": 4812}",0,0.0,10,40.0,ns3,899,0.5,10,12,28,,,[],[],,,14,12,
2026_07_15_01_26_56,000122,16,all-cavs,selective_edgecooper_global,grid,,,,,,,singleton,20,100.0,16,16;10,10,"{""10"": 55}","{""10"": 4918, ""16"": 4999}",78688,4.376418242491658,10,40.0,ns3,899,0.5,10,12,28,,,[],[],,10,29,40,
2026_07_15_01_26_56,000122,17,all-cavs,selective_edgecooper_global,grid,,,,,,,singleton,20,100.0,17,17;7,7,"{""7"": 56}","{""7"": 4876, ""17"": 5030}",78016,4.339043381535038,10,40.0,ns3,899,0.5,10,12,28,,,[],[],,7,21,16,
2026_07_15_01_26_56,000122,18,all-cavs,selective_edgecooper_global,grid,,,,,,,singleton,20,100.0,18,18,,{},"{""18"": 4895}",0,0.0,10,40.0,ns3,899,0.5,10,12,28,,,[],[],,,11,7,
2026_07_15_01_26_56,000122,19,all-cavs,selective_edgecooper_global,grid,,,,,,,singleton,20,100.0,19,19;8,8,"{""8"": 58}","{""8"": 4838, ""19"": 4826}",77408,4.305228031145718,10,40.0,ns3,899,0.5,10,12,28,,,[],[],,8,23,36,
2026_07_15_01_26_56,000122,20,all-cavs,selective_edgecooper_global,grid,,,,,,,singleton,20,100.0,20,20;11,11,"{""11"": 53}","{""11"": 4858, ""20"": 4897}",77728,4.3230255839822025,10,40.0,ns3,899,0.5,10,12,28,,,[],[],,11,31,31,
2026_07_15_01_26_56,000124,1,all-cavs,selective_edgecooper_global,grid,,,,,,,singleton,20,100.0,1,1;5,5,"{""5"": 53}","{""1"": 4925, ""5"": 4870}",77920,4.333704115684093,10,40.0,ns3,899,0.5,10,12,28,,,[],[],,5,33,25,
2026_07_15_01_26_56,000124,2,all-cavs,selective_edgecooper_global,grid,,,,,,,singleton,20,100.0,2,2;15,15,"{""15"": 49}","{""2"": 4868, ""15"": 4736}",75776,4.214460511679643,10,40.0,ns3,899,0.5,10,12,28,,,[],[],,15,21,28,
2026_07_15_01_26_56,000124,3,all-cavs,selective_edgecooper_global,grid,,,,,,,singleton,20,100.0,3,3,,{},"{""3"": 4995}",0,0.0,10,40.0,ns3,899,0.5,10,12,28,,,[],[],,,10,5,
2026_07_15_01_26_56,000124,4,all-cavs,selective_edgecooper_global,grid,,,,,,,singleton,20,100.0,4,4;12,12,"{""12"": 52}","{""4"": 4850, ""12"": 4785}",76560,4.258064516129033,10,40.0,ns3,899,0.5,10,12,28,,,[],[],,12,12,31,
2026_07_15_01_26_56,000124,5,all-cavs,selective_edgecooper_global,grid,,,,,,,singleton,20,100.0,5,5,,{},"{""5"": 4870}",0,0.0,10,40.0,ns3,899,0.5,10,12,28,,,[],[],,,18,13,
2026_07_15_01_26_56,000124,6,all-cavs,selective_edgecooper_global,grid,,,,,,,singleton,20,100.0,6,6,,{},"{""6"": 4737}",0,0.0,10,40.0,ns3,899,0.5,10,12,28,,,[],[],,,11,17,
2026_07_15_01_26_56,000124,7,all-cavs,selective_edgecooper_global,grid,,,,,,,singleton,20,100.0,7,7,,{},"{""7"": 4910}",0,0.0,10,40.0,ns3,899,0.5,10,12,28,,,[],[],,,13,14,
2026_07_15_01_26_56,000124,8,all-cavs,selective_edgecooper_global,grid,,,,,,,singleton,20,100.0,8,8,,{},"{""8"": 4840}",0,0.0,10,40.0,ns3,899,0.5,10,12,28,,,[],[],,,13,21,
2026_07_15_01_26_56,000124,9,all-cavs,selective_edgecooper_global,grid,,,,,,,singleton,20,100.0,9,9,,{},"{""9"": 4854}",0,0.0,10,40.0,ns3,899,0.5,10,12,28,,,[],[],,,14,17,
2026_07_15_01_26_56,000124,10,all-cavs,selective_edgecooper_global,grid,,,,,,,singleton,20,100.0,10,10,,{},"{""10"": 4926}",0,0.0,10,40.0,ns3,899,0.5,10,12,28,,,[],[],,,20,25,
2026_07_15_01_26_56,000124,11,all-cavs,selective_edgecooper_global,grid,,,,,,,singleton,20,100.0,11,11,,{},"{""11"": 4910}",0,0.0,10,40.0,ns3,899,0.5,10,12,28,,,[],[],,,18,21,
2026_07_15_01_26_56,000124,12,all-cavs,selective_edgecooper_global,grid,,,,,,,singleton,20,100.0,12,12,,{},"{""12"": 4985}",0,0.0,10,40.0,ns3,899,0.5,10,12,28,,,[],[],,,9,10,
2026_07_15_01_26_56,000124,13,all-cavs,selective_edgecooper_global,grid,,,,,,,singleton,20,100.0,13,13,,{},"{""13"": 4711}",0,0.0,10,40.0,ns3,899,0.5,10,12,28,,,[],[],,,8,11,
2026_07_15_01_26_56,000124,14,all-cavs,selective_edgecooper_global,grid,,,,,,,singleton,20,100.0,14,14;9,9,"{""9"": 53}","{""9"": 4852, ""14"": 4828}",77632,4.317686318131257,10,40.0,ns3,899,0.5,10,12,28,,,[],[],,9,4,5,
2026_07_15_01_26_56,000124,15,all-cavs,selective_edgecooper_global,grid,,,,,,,singleton,20,100.0,15,15,,{},"{""15"": 4813}",0,0.0,10,40.0,ns3,899,0.5,10,12,28,,,[],[],,,16,12,
2026_07_15_01_26_56,000124,16,all-cavs,selective_edgecooper_global,grid,,,,,,,singleton,20,100.0,16,16;7,7,"{""7"": 54}","{""7"": 4800, ""16"": 5015}",76800,4.271412680756396,10,40.0,ns3,899,0.5,10,12,28,,,[],[],,7,18,21,
2026_07_15_01_26_56,000124,17,all-cavs,selective_edgecooper_global,grid,,,,,,,singleton,20,100.0,17,17;18,18,"{""18"": 61}","{""17"": 5029, ""18"": 4891}",78256,4.352391546162402,10,40.0,ns3,899,0.5,10,12,28,,,[],[],,18,15,18,
2026_07_15_01_26_56,000124,18,all-cavs,selective_edgecooper_global,grid,,,,,,,singleton,20,100.0,18,18,,{},"{""18"": 4891}",0,0.0,10,40.0,ns3,899,0.5,10,12,28,,,[],[],,,10,7,
2026_07_15_01_26_56,000124,19,all-cavs,selective_edgecooper_global,grid,,,,,,,singleton,20,100.0,19,19;8,8,"{""8"": 57}","{""8"": 4840, ""19"": 4829}",77440,4.307007786429366,10,40.0,ns3,899,0.5,10,12,28,,,[],[],,8,22,36,
2026_07_15_01_26_56,000124,20,all-cavs,selective_edgecooper_global,grid,,,,,,,singleton,20,100.0,20,20;11,11,"{""11"": 53}","{""11"": 4858, ""20"": 4897}",77728,4.3230255839822025,10,40.0,ns3,899,0.5,10,12,28,,,[],[],,11,30,31,
2026_07_15_01_26_56,000126,1,all-cavs,selective_edgecooper_global,grid,,,,,,,singleton,20,100.0,1,1;5,5,"{""5"": 56}","{""1"": 4926, ""5"": 4875}",78000,4.338153503893214,10,40.0,ns3,899,0.5,10,12,28,,,[],[],,5,28,25,
2026_07_15_01_26_56,000126,2,all-cavs,selective_edgecooper_global,grid,,,,,,,singleton,20,100.0,2,2,,{},"{""2"": 4870}",0,0.0,10,40.0,ns3,899,0.5,10,12,28,,,[],[],,,14,24,
2026_07_15_01_26_56,000126,3,all-cavs,selective_edgecooper_global,grid,,,,,,,singleton,20,100.0,3,3,,{},"{""3"": 4998}",0,0.0,10,40.0,ns3,899,0.5,10,12,28,,,[],[],,,11,5,
2026_07_15_01_26_56,000126,4,all-cavs,selective_edgecooper_global,grid,,,,,,,singleton,20,100.0,4,4;12,12,"{""12"": 54}","{""4"": 4849, ""12"": 4805}",76880,4.275862068965518,10,40.0,ns3,899,0.5,10,12,28,,,[],[],,12,11,31,
2026_07_15_01_26_56,000126,5,all-cavs,selective_edgecooper_global,grid,,,,,,,singleton,20,100.0,5,5,,{},"{""5"": 4875}",0,0.0,10,40.0,ns3,899,0.5,10,12,28,,,[],[],,,14,14,
2026_07_15_01_26_56,000126,6,all-cavs,selective_edgecooper_global,grid,,,,,,,singleton,20,100.0,6,6,,{},"{""6"": 4741}",0,0.0,10,40.0,ns3,899,0.5,10,12,28,,,[],[],,,11,16,
2026_07_15_01_26_56,000126,7,all-cavs,selective_edgecooper_global,grid,,,,,,,singleton,20,100.0,7,7,,{},"{""7"": 4912}",0,0.0,10,40.0,ns3,899,0.5,10,12,28,,,[],[],,,12,14,
2026_07_15_01_26_56,000126,8,all-cavs,selective_edgecooper_global,grid,,,,,,,singleton,20,100.0,8,8,,{},"{""8"": 4840}",0,0.0,10,40.0,ns3,899,0.5,10,12,28,,,[],[],,,12,20,
2026_07_15_01_26_56,000126,9,all-cavs,selective_edgecooper_global,grid,,,,,,,singleton,20,100.0,9,9,,{},"{""9"": 4854}",0,0.0,10,40.0,ns3,899,0.5,10,12,28,,,[],[],,,13,16,
2026_07_15_01_26_56,000126,10,all-cavs,selective_edgecooper_global,grid,,,,,,,singleton,20,100.0,10,10;15,15,"{""15"": 52}","{""10"": 4925, ""15"": 4825}",77200,4.293659621802003,10,40.0,ns3,899,0.5,10,12,28,,,[],[],,15,33,32,
2026_07_15_01_26_56,000126,11,all-cavs,selective_edgecooper_global,grid,,,,,,,singleton,20,100.0,11,11,,{},"{""11"": 4912}",0,0.0,10,40.0,ns3,899,0.5,10,12,28,,,[],[],,,16,21,
2026_07_15_01_26_56,000126,12,all-cavs,selective_edgecooper_global,grid,,,,,,,singleton,20,100.0,12,12,,{},"{""12"": 4992}",0,0.0,10,40.0,ns3,899,0.5,10,12,28,,,[],[],,,7,11,
2026_07_15_01_26_56,000126,13,all-cavs,selective_edgecooper_global,grid,,,,,,,singleton,20,100.0,13,13;2,2,"{""2"": 53}","{""2"": 4862, ""13"": 4690}",77792,4.3265850945494995,10,40.0,ns3,899,0.5,10,12,28,,,[],[],,2,13,25,
2026_07_15_01_26_56,000126,14,all-cavs,selective_edgecooper_global,grid,,,,,,,singleton,20,100.0,14,14;9,9,"{""9"": 54}","{""9"": 4852, ""14"": 4808}",77632,4.317686318131257,10,40.0,ns3,899,0.5,10,12,28,,,[],[],,9,4,5,
2026_07_15_01_26_56,000126,15,all-cavs,selective_edgecooper_global,grid,,,,,,,singleton,20,100.0,15,15,,{},"{""15"": 4825}",0,0.0,10,40.0,ns3,899,0.5,10,12,28,,,[],[],,,15,13,
2026_07_15_01_26_56,000126,16,all-cavs,selective_edgecooper_global,grid,,,,,,,singleton,20,100.0,16,16;7,7,"{""7"": 54}","{""7"": 4801, ""16"": 5021}",76816,4.272302558398221,10,40.0,ns3,899,0.5,10,12,28,,,[],[],,7,20,20,
2026_07_15_01_26_56,000126,17,all-cavs,selective_edgecooper_global,grid,,,,,,,singleton,20,100.0,17,17;18,18,"{""18"": 60}","{""17"": 5026, ""18"": 4875}",78000,4.338153503893214,10,40.0,ns3,899,0.5,10,12,28,,,[],[],,18,19,17,
2026_07_15_01_26_56,000126,18,all-cavs,selective_edgecooper_global,grid,,,,,,,singleton,20,100.0,18,18,,{},"{""18"": 4875}",0,0.0,10,40.0,ns3,899,0.5,10,12,28,,,[],[],,,8,8,
2026_07_15_01_26_56,000126,19,all-cavs,selective_edgecooper_global,grid,,,,,,,singleton,20,100.0,19,19;8,8,"{""8"": 57}","{""8"": 4840, ""19"": 4829}",77440,4.307007786429366,10,40.0,ns3,899,0.5,10,12,28,,,[],[],,8,21,35,
2026_07_15_01_26_56,000126,20,all-cavs,selective_edgecooper_global,grid,,,,,,,singleton,20,100.0,20,20;11,11,"{""11"": 53}","{""11"": 4860, ""20"": 4899}",77760,4.3248053392658505,10,40.0,ns3,899,0.5,10,12,28,,,[],[],,11,29,32,
2026_07_15_01_26_56,000128,1,all-cavs,selective_edgecooper_global,grid,,,,,,,singleton,20,100.0,1,1;5,5,"{""5"": 56}","{""1"": 4925, ""5"": 4864}",77824,4.3283648498331475,10,40.0,ns3,899,0.5,10,12,28,,,[],[],,5,30,25,
2026_07_15_01_26_56,000128,2,all-cavs,selective_edgecooper_global,grid,,,,,,,singleton,20,100.0,2,2,,{},"{""2"": 4861}",0,0.0,10,40.0,ns3,899,0.5,10,12,28,,,[],[],,,13,25,
2026_07_15_01_26_56,000128,3,all-cavs,selective_edgecooper_global,grid,,,,,,,singleton,20,100.0,3,3;7,7,"{""7"": 59}","{""3"": 5008, ""7"": 4910}",78560,4.369299221357063,10,40.0,ns3,899,0.5,10,12,28,,,[],[],,7,24,16,
2026_07_15_01_26_56,000128,4,all-cavs,selective_edgecooper_global,grid,,,,,,,singleton,20,100.0,4,4;12,12,"{""12"": 54}","{""4"": 4851, ""12"": 4825}",77200,4.293659621802003,10,40.0,ns3,899,0.5,10,12,28,,,[],[],,12,11,30,
2026_07_15_01_26_56,000128,5,all-cavs,selective_edgecooper_global,grid,,,,,,,singleton,20,100.0,5,5,,{},"{""5"": 4864}",0,0.0,10,40.0,ns3,899,0.5,10,12,28,,,[],[],,,14,13,
2026_07_15_01_26_56,000128,6,all-cavs,selective_edgecooper_global,grid,,,,,,,singleton,20,100.0,6,6,,{},"{""6"": 4741}",0,0.0,10,40.0,ns3,899,0.5,10,12,28,,,[],[],,,11,16,
2026_07_15_01_26_56,000128,7,all-cavs,selective_edgecooper_global,grid,,,,,,,singleton,20,100.0,7,7,,{},"{""7"": 4910}",0,0.0,10,40.0,ns3,899,0.5,10,12,28,,,[],[],,,14,13,
2026_07_15_01_26_56,000128,8,all-cavs,selective_edgecooper_global,grid,,,,,,,singleton,20,100.0,8,8,,{},"{""8"": 4840}",0,0.0,10,40.0,ns3,899,0.5,10,12,28,,,[],[],,,13,20,
2026_07_15_01_26_56,000128,9,all-cavs,selective_edgecooper_global,grid,,,,,,,singleton,20,100.0,9,9,,{},"{""9"": 4853}",0,0.0,10,40.0,ns3,899,0.5,10,12,28,,,[],[],,,13,16,
2026_07_15_01_26_56,000128,10,all-cavs,selective_edgecooper_global,grid,,,,,,,singleton,20,100.0,10,10;15,15,"{""15"": 51}","{""10"": 4923, ""15"": 4821}",77136,4.290100111234706,10,40.0,ns3,899,0.5,10,12,28,,,[],[],,15,30,32,
2026_07_15_01_26_56,000128,11,all-cavs,selective_edgecooper_global,grid,,,,,,,singleton,20,100.0,11,11,,{},"{""11"": 4912}",0,0.0,10,40.0,ns3,899,0.5,10,12,28,,,[],[],,,17,21,
2026_07_15_01_26_56,000128,12,all-cavs,selective_edgecooper_global,grid,,,,,,,singleton,20,100.0,12,12,,{},"{""12"": 4996}",0,0.0,10,40.0,ns3,899,0.5,10,12,28,,,[],[],,,6,11,
2026_07_15_01_26_56,000128,13,all-cavs,selective_edgecooper_global,grid,,,,,,,singleton,20,100.0,13,13;2,2,"{""2"": 53}","{""2"": 4853, ""13"": 4698}",77648,4.3185761957730815,10,40.0,ns3,899,0.5,10,12,28,,,[],[],,2,14,25,
2026_07_15_01_26_56,000128,14,all-cavs,selective_edgecooper_global,grid,,,,,,,singleton,20,100.0,14,14;9,9,"{""9"": 55}","{""9"": 4852, ""14"": 4842}",77632,4.317686318131257,10,40.0,ns3,899,0.5,10,12,28,,,[],[],,9,5,5,
2026_07_15_01_26_56,000128,15,all-cavs,selective_edgecooper_global,grid,,,,,,,singleton,20,100.0,15,15,,{},"{""15"": 4821}",0,0.0,10,40.0,ns3,899,0.5,10,12,28,,,[],[],,,14,13,
2026_07_15_01_26_56,000128,16,all-cavs,selective_edgecooper_global,grid,,,,,,,singleton,20,100.0,16,16,,{},"{""16"": 5018}",0,0.0,10,40.0,ns3,899,0.5,10,12,28,,,[],[],,,13,20,
2026_07_15_01_26_56,000128,17,all-cavs,selective_edgecooper_global,grid,,,,,,,singleton,20,100.0,17,17;18,18,"{""18"": 62}","{""17"": 5026, ""18"": 4869}",77904,4.332814238042269,10,40.0,ns3,899,0.5,10,12,28,,,[],[],,18,18,17,
2026_07_15_01_26_56,000128,18,all-cavs,selective_edgecooper_global,grid,,,,,,,singleton,20,100.0,18,18,,{},"{""18"": 4870}",0,0.0,10,40.0,ns3,899,0.5,10,12,28,,,[],[],,,8,7,
2026_07_15_01_26_56,000128,19,all-cavs,selective_edgecooper_global,grid,,,,,,,singleton,20,100.0,19,19;8,8,"{""8"": 57}","{""8"": 4840, ""19"": 4830}",77440,4.307007786429366,10,40.0,ns3,899,0.5,10,12,28,,,[],[],,8,21,34,
2026_07_15_01_26_56,000128,20,all-cavs,selective_edgecooper_global,grid,,,,,,,singleton,20,100.0,20,20;11,11,"{""11"": 53}","{""11"": 4860, ""20"": 4900}",77760,4.3248053392658505,10,40.0,ns3,899,0.5,10,12,28,,,[],[],,11,28,32,
2026_07_15_01_26_56,000130,1,all-cavs,selective_edgecooper_global,grid,,,,,,,singleton,20,100.0,1,1;5,5,"{""5"": 55}","{""1"": 4928, ""5"": 4841}",77456,4.307897664071191,10,40.0,ns3,899,0.5,10,12,28,,,[],[],,5,28,24,
2026_07_15_01_26_56,000130,2,all-cavs,selective_edgecooper_global,grid,,,,,,,singleton,20,100.0,2,2,,{},"{""2"": 4853}",0,0.0,10,40.0,ns3,899,0.5,10,12,28,,,[],[],,,13,25,
2026_07_15_01_26_56,000130,3,all-cavs,selective_edgecooper_global,grid,,,,,,,singleton,20,100.0,3,3,,{},"{""3"": 4993}",0,0.0,10,40.0,ns3,899,0.5,10,12,28,,,[],[],,,9,5,
2026_07_15_01_26_56,000130,4,all-cavs,selective_edgecooper_global,grid,,,,,,,singleton,20,100.0,4,4,,{},"{""4"": 4849}",0,0.0,10,40.0,ns3,899,0.5,10,12,28,,,[],[],,,11,25,
2026_07_15_01_26_56,000130,5,all-cavs,selective_edgecooper_global,grid,,,,,,,singleton,20,100.0,5,5,,{},"{""5"": 4841}",0,0.0,10,40.0,ns3,899,0.5,10,12,28,,,[],[],,,19,13,
2026_07_15_01_26_56,000130,6,all-cavs,selective_edgecooper_global,grid,,,,,,,singleton,20,100.0,6,6,,{},"{""6"": 4745}",0,0.0,10,40.0,ns3,899,0.5,10,12,28,,,[],[],,,10,16,
2026_07_15_01_26_56,000130,7,all-cavs,selective_edgecooper_global,grid,,,,,,,singleton,20,100.0,7,7,,{},"{""7"": 4910}",0,0.0,10,40.0,ns3,899,0.5,10,12,28,,,[],[],,,13,12,
2026_07_15_01_26_56,000130,8,all-cavs,selective_edgecooper_global,grid,,,,,,,singleton,20,100.0,8,8,,{},"{""8"": 4840}",0,0.0,10,40.0,ns3,899,0.5,10,12,28,,,[],[],,,12,20,
2026_07_15_01_26_56,000130,9,all-cavs,selective_edgecooper_global,grid,,,,,,,singleton,20,100.0,9,9,,{},"{""9"": 4854}",0,0.0,10,40.0,ns3,899,0.5,10,12,28,,,[],[],,,13,17,
2026_07_15_01_26_56,000130,10,all-cavs,selective_edgecooper_global,grid,,,,,,,singleton,20,100.0,10,10;15,15,"{""15"": 52}","{""10"": 4923, ""15"": 4809}",76944,4.279421579532815,10,40.0,ns3,899,0.5,10,12,28,,,[],[],,15,32,32,
2026_07_15_01_26_56,000130,11,all-cavs,selective_edgecooper_global,grid,,,,,,,singleton,20,100.0,11,11;12,12,"{""12"": 57}","{""11"": 4912, ""12"": 4998}",79968,4.4476084538375975,10,40.0,ns3,899,0.5,10,12,28,,,[],[],,12,17,25,
2026_07_15_01_26_56,000130,12,all-cavs,selective_edgecooper_global,grid,,,,,,,singleton,20,100.0,12,12,,{},"{""12"": 4999}",0,0.0,10,40.0,ns3,899,0.5,10,12,28,,,[],[],,,9,11,
2026_07_15_01_26_56,000130,13,all-cavs,selective_edgecooper_global,grid,,,,,,,singleton,20,100.0,13,13;2,2,"{""2"": 51}","{""2"": 4845, ""13"": 4679}",77520,4.3114571746384875,10,40.0,ns3,899,0.5,10,12,28,,,[],[],,2,13,25,
2026_07_15_01_26_56,000130,14,all-cavs,selective_edgecooper_global,grid,,,,,,,singleton,20,100.0,14,14;9,9,"{""9"": 56}","{""9"": 4853, ""14"": 4881}",77648,4.3185761957730815,10,40.0,ns3,899,0.5,10,12,28,,,[],[],,9,6,5,
2026_07_15_01_26_56,000130,15,all-cavs,selective_edgecooper_global,grid,,,,,,,singleton,20,100.0,15,15,,{},"{""15"": 4809}",0,0.0,10,40.0,ns3,899,0.5,10,12,28,,,[],[],,,14,12,
2026_07_15_01_26_56,000130,16,all-cavs,selective_edgecooper_global,grid,,,,,,,singleton,20,100.0,16,16;7,7,"{""7"": 54}","{""7"": 4811, ""16"": 5017}",76976,4.281201334816463,10,40.0,ns3,899,0.5,10,12,28,,,[],[],,7,19,21,
2026_07_15_01_26_56,000130,17,all-cavs,selective_edgecooper_global,grid,,,,,,,singleton,20,100.0,17,17;18,18,"{""18"": 57}","{""17"": 5023, ""18"": 4877}",78032,4.339933259176863,10,40.0,ns3,899,0.5,10,12,28,,,[],[],,18,18,18,
2026_07_15_01_26_56,000130,18,all-cavs,selective_edgecooper_global,grid,,,,,,,singleton,20,100.0,18,18,,{},"{""18"": 4877}",0,0.0,10,40.0,ns3,899,0.5,10,12,28,,,[],[],,,9,7,
2026_07_15_01_26_56,000130,19,all-cavs,selective_edgecooper_global,grid,,,,,,,singleton,20,100.0,19,19;8,8,"{""8"": 56}","{""8"": 4840, ""19"": 4829}",77440,4.307007786429366,10,40.0,ns3,899,0.5,10,12,28,,,[],[],,8,20,34,
2026_07_15_01_26_56,000130,20,all-cavs,selective_edgecooper_global,grid,,,,,,,singleton,20,100.0,20,20;3,3,"{""3"": 64}","{""3"": 4987, ""20"": 4900}",79792,4.437819799777531,10,40.0,ns3,899,0.5,10,12,28,,,[],[],,3,26,23,
2026_07_15_01_26_56,000132,1,all-cavs,selective_edgecooper_global,grid,,,,,,,singleton,20,100.0,1,1;5,5,"{""5"": 57}","{""1"": 4928, ""5"": 4861}",77776,4.3256952169076754,10,40.0,ns3,899,0.5,10,12,28,,,[],[],,5,31,24,
2026_07_15_01_26_56,000132,2,all-cavs,selective_edgecooper_global,grid,,,,,,,singleton,20,100.0,2,2,,{},"{""2"": 4855}",0,0.0,10,40.0,ns3,899,0.5,10,12,28,,,[],[],,,17,25,
2026_07_15_01_26_56,000132,3,all-cavs,selective_edgecooper_global,grid,,,,,,,singleton,20,100.0,3,3,,{},"{""3"": 5009}",0,0.0,10,40.0,ns3,899,0.5,10,12,28,,,[],[],,,11,4,
2026_07_15_01_26_56,000132,4,all-cavs,selective_edgecooper_global,grid,,,,,,,singleton,20,100.0,4,4,,{},"{""4"": 4850}",0,0.0,10,40.0,ns3,899,0.5,10,12,28,,,[],[],,,9,25,
2026_07_15_01_26_56,000132,5,all-cavs,selective_edgecooper_global,grid,,,,,,,singleton,20,100.0,5,5,,{},"{""5"": 4861}",0,0.0,10,40.0,ns3,899,0.5,10,12,28,,,[],[],,,19,13,
2026_07_15_01_26_56,000132,6,all-cavs,selective_edgecooper_global,grid,,,,,,,singleton,20,100.0,6,6,,{},"{""6"": 4741}",0,0.0,10,40.0,ns3,899,0.5,10,12,28,,,[],[],,,10,15,
2026_07_15_01_26_56,000132,7,all-cavs,selective_edgecooper_global,grid,,,,,,,singleton,20,100.0,7,7,,{},"{""7"": 4911}",0,0.0,10,40.0,ns3,899,0.5,10,12,28,,,[],[],,,13,12,
2026_07_15_01_26_56,000132,8,all-cavs,selective_edgecooper_global,grid,,,,,,,singleton,20,100.0,8,8,,{},"{""8"": 4840}",0,0.0,10,40.0,ns3,899,0.5,10,12,28,,,[],[],,,12,21,
2026_07_15_01_26_56,000132,9,all-cavs,selective_edgecooper_global,grid,,,,,,,singleton,20,100.0,9,9,,{},"{""9"": 4852}",0,0.0,10,40.0,ns3,899,0.5,10,12,28,,,[],[],,,14,17,
2026_07_15_01_26_56,000132,10,all-cavs,selective_edgecooper_global,grid,,,,,,,singleton,20,100.0,10,10;15,15,"{""15"": 52}","{""10"": 4923, ""15"": 4842}",77472,4.308787541713015,10,40.0,ns3,899,0.5,10,12,28,,,[],[],,15,31,32,
2026_07_15_01_26_56,000132,11,all-cavs,selective_edgecooper_global,grid,,,,,,,singleton,20,100.0,11,11;12,12,"{""12"": 58}","{""11"": 4910, ""12"": 4978}",79648,4.429810901001113,10,40.0,ns3,899,0.5,10,12,28,,,[],[],,12,18,24,
2026_07_15_01_26_56,000132,12,all-cavs,selective_edgecooper_global,grid,,,,,,,singleton,20,100.0,12,12,,{},"{""12"": 4979}",0,0.0,10,40.0,ns3,899,0.5,10,12,28,,,[],[],,,7,10,
2026_07_15_01_26_56,000132,13,all-cavs,selective_edgecooper_global,grid,,,,,,,singleton,20,100.0,13,13;2,2,"{""2"": 52}","{""2"": 4847, ""13"": 4705}",77552,4.313236929922136,10,40.0,ns3,899,0.5,10,12,28,,,[],[],,2,17,25,
2026_07_15_01_26_56,000132,14,all-cavs,selective_edgecooper_global,grid,,,,,,,singleton,20,100.0,14,14;9,9,"{""9"": 55}","{""9"": 4852, ""14"": 4852}",77632,4.317686318131257,10,40.0,ns3,899,0.5,10,12,28,,,[],[],,9,5,5,
2026_07_15_01_26_56,000132,15,all-cavs,selective_edgecooper_global,grid,,,,,,,singleton,20,100.0,15,15,,{},"{""15"": 4844}",0,0.0,10,40.0,ns3,899,0.5,10,12,28,,,[],[],,,13,12,
2026_07_15_01_26_56,000132,16,all-cavs,selective_edgecooper_global,grid,,,,,,,singleton,20,100.0,16,16;7,7,"{""7"": 54}","{""7"": 4807, ""16"": 5008}",76912,4.277641824249166,10,40.0,ns3,899,0.5,10,12,28,,,[],[],,7,19,21,
2026_07_15_01_26_56,000132,17,all-cavs,selective_edgecooper_global,grid,,,,,,,singleton,20,100.0,17,17;18,18,"{""18"": 58}","{""17"": 5022, ""18"": 4859}",77744,4.3239154616240265,10,40.0,ns3,899,0.5,10,12,28,,,[],[],,18,20,18,
2026_07_15_01_26_56,000132,18,all-cavs,selective_edgecooper_global,grid,,,,,,,singleton,20,100.0,18,18,,{},"{""18"": 4859}",0,0.0,10,40.0,ns3,899,0.5,10,12,28,,,[],[],,,8,7,
2026_07_15_01_26_56,000132,19,all-cavs,selective_edgecooper_global,grid,,,,,,,singleton,20,100.0,19,19;8,8,"{""8"": 56}","{""8"": 4840, ""19"": 4829}",77440,4.307007786429366,10,40.0,ns3,899,0.5,10,12,28,,,[],[],,8,20,35,
2026_07_15_01_26_56,000132,20,all-cavs,selective_edgecooper_global,grid,,,,,,,singleton,20,100.0,20,20;3,3,"{""3"": 64}","{""3"": 5003, ""20"": 4901}",80048,4.4520578420467185,10,40.0,ns3,899,0.5,10,12,28,,,[],[],,3,25,23,
2026_07_15_01_26_56,000134,1,all-cavs,selective_edgecooper_global,grid,,,,,,,singleton,20,100.0,1,1,,{},"{""1"": 4927}",0,0.0,10,40.0,ns3,899,0.5,10,12,28,,,[],[],,,18,15,
2026_07_15_01_26_56,000134,2,all-cavs,selective_edgecooper_global,grid,,,,,,,singleton,20,100.0,2,2,,{},"{""2"": 4855}",0,0.0,10,40.0,ns3,899,0.5,10,12,28,,,[],[],,,17,25,
2026_07_15_01_26_56,000134,3,all-cavs,selective_edgecooper_global,grid,,,,,,,singleton,20,100.0,3,3;18,18,"{""18"": 56}","{""3"": 4995, ""18"": 4767}",76272,4.242046718576196,10,40.0,ns3,899,0.5,10,12,28,,,[],[],,18,12,11,
2026_07_15_01_26_56,000134,4,all-cavs,selective_edgecooper_global,grid,,,,,,,singleton,20,100.0,4,4;17,17,"{""17"": 61}","{""4"": 4848, ""17"": 5034}",80544,4.47964404894327,10,40.0,ns3,899,0.5,10,12,28,,,[],[],,17,22,31,
2026_07_15_01_26_56,000134,5,all-cavs,selective_edgecooper_global,grid,,,,,,,singleton,20,100.0,5,5,,{},"{""5"": 4855}",0,0.0,10,40.0,ns3,899,0.5,10,12,28,,,[],[],,,15,16,
2026_07_15_01_26_56,000134,6,all-cavs,selective_edgecooper_global,grid,,,,,,,singleton,20,100.0,6,6;15,15,"{""15"": 50}","{""6"": 4734, ""15"": 4774}",76384,4.248275862068966,10,40.0,ns3,899,0.5,10,12,28,,,[],[],,15,16,25,
2026_07_15_01_26_56,000134,7,all-cavs,selective_edgecooper_global,grid,,,,,,,singleton,20,100.0,7,7,,{},"{""7"": 4911}",0,0.0,10,40.0,ns3,899,0.5,10,12,28,,,[],[],,,13,13,
2026_07_15_01_26_56,000134,8,all-cavs,selective_edgecooper_global,grid,,,,,,,singleton,20,100.0,8,8,,{},"{""8"": 4840}",0,0.0,10,40.0,ns3,899,0.5,10,12,28,,,[],[],,,13,21,
2026_07_15_01_26_56,000134,9,all-cavs,selective_edgecooper_global,grid,,,,,,,singleton,20,100.0,9,9,,{},"{""9"": 4854}",0,0.0,10,40.0,ns3,899,0.5,10,12,28,,,[],[],,,14,18,
2026_07_15_01_26_56,000134,10,all-cavs,selective_edgecooper_global,grid,,,,,,,singleton,20,100.0,10,10,,{},"{""10"": 4923}",0,0.0,10,40.0,ns3,899,0.5,10,12,28,,,[],[],,,20,24,
2026_07_15_01_26_56,000134,11,all-cavs,selective_edgecooper_global,grid,,,,,,,singleton,20,100.0,11,11;5,5,"{""5"": 57}","{""5"": 4852, ""11"": 4909}",77632,4.317686318131257,10,40.0,ns3,899,0.5,10,12,28,,,[],[],,5,16,27,
2026_07_15_01_26_56,000134,12,all-cavs,selective_edgecooper_global,grid,,,,,,,singleton,20,100.0,12,12,,{},"{""12"": 4992}",0,0.0,10,40.0,ns3,899,0.5,10,12,28,,,[],[],,,7,11,
2026_07_15_01_26_56,000134,13,all-cavs,selective_edgecooper_global,grid,,,,,,,singleton,20,100.0,13,13;2,2,"{""2"": 52}","{""2"": 4847, ""13"": 4701}",77552,4.313236929922136,10,40.0,ns3,899,0.5,10,12,28,,,[],[],,2,13,25,
2026_07_15_01_26_56,000134,14,all-cavs,selective_edgecooper_global,grid,,,,,,,singleton,20,100.0,14,14;9,9,"{""9"": 55}","{""9"": 4854, ""14"": 4863}",77664,4.3194660734149055,10,40.0,ns3,899,0.5,10,12,28,,,[],[],,9,4,5,
2026_07_15_01_26_56,000134,15,all-cavs,selective_edgecooper_global,grid,,,,,,,singleton,20,100.0,15,15,,{},"{""15"": 4817}",0,0.0,10,40.0,ns3,899,0.5,10,12,28,,,[],[],,,14,15,
2026_07_15_01_26_56,000134,16,all-cavs,selective_edgecooper_global,grid,,,,,,,singleton,20,100.0,16,16;10,10,"{""10"": 54}","{""10"": 4916, ""16"": 5006}",78656,4.374638487208009,10,40.0,ns3,899,0.5,10,12,28,,,[],[],,10,28,40,
2026_07_15_01_26_56,000134,17,all-cavs,selective_edgecooper_global,grid,,,,,,,singleton,20,100.0,17,17,,{},"{""17"": 5034}",0,0.0,10,40.0,ns3,899,0.5,10,12,28,,,[],[],,,15,13,
2026_07_15_01_26_56,000134,18,all-cavs,selective_edgecooper_global,grid,,,,,,,singleton,20,100.0,18,18,,{},"{""18"": 4848}",0,0.0,10,40.0,ns3,899,0.5,10,12,28,,,[],[],,,9,7,
2026_07_15_01_26_56,000134,19,all-cavs,selective_edgecooper_global,grid,,,,,,,singleton,20,100.0,19,19;8,8,"{""8"": 56}","{""8"": 4840, ""19"": 4830}",77440,4.307007786429366,10,40.0,ns3,899,0.5,10,12,28,,,[],[],,8,20,35,
2026_07_15_01_26_56,000134,20,all-cavs,selective_edgecooper_global,grid,,,,,,,singleton,20,100.0,20,20;12,12,"{""12"": 56}","{""12"": 4973, ""20"": 4905}",79568,4.425361512791992,10,40.0,ns3,899,0.5,10,12,28,,,[],[],,12,18,22,
2026_07_15_01_26_56,000136,1,all-cavs,selective_edgecooper_global,grid,,,,,,,singleton,20,100.0,1,1,,{},"{""1"": 4927}",0,0.0,10,40.0,ns3,899,0.5,10,12,28,,,[],[],,,17,16,
2026_07_15_01_26_56,000136,2,all-cavs,selective_edgecooper_global,grid,,,,,,,singleton,20,100.0,2,2,,{},"{""2"": 4856}",0,0.0,10,40.0,ns3,899,0.5,10,12,28,,,[],[],,,15,25,
2026_07_15_01_26_56,000136,3,all-cavs,selective_edgecooper_global,grid,,,,,,,singleton,20,100.0,3,3;18,18,"{""18"": 58}","{""3"": 5020, ""18"": 4775}",76400,4.24916573971079,10,40.0,ns3,899,0.5,10,12,28,,,[],[],,18,13,12,
2026_07_15_01_26_56,000136,4,all-cavs,selective_edgecooper_global,grid,,,,,,,singleton,20,100.0,4,4;17,17,"{""17"": 61}","{""4"": 4848, ""17"": 5030}",80480,4.476084538375973,10,40.0,ns3,899,0.5,10,12,28,,,[],[],,17,22,31,
2026_07_15_01_26_56,000136,5,all-cavs,selective_edgecooper_global,grid,,,,,,,singleton,20,100.0,5,5,,{},"{""5"": 4863}",0,0.0,10,40.0,ns3,899,0.5,10,12,28,,,[],[],,,10,16,
2026_07_15_01_26_56,000136,6,all-cavs,selective_edgecooper_global,grid,,,,,,,singleton,20,100.0,6,6;15,15,"{""15"": 49}","{""6"": 4740, ""15"": 4779}",76464,4.252725250278087,10,40.0,ns3,899,0.5,10,12,28,,,[],[],,15,16,25,
2026_07_15_01_26_56,000136,7,all-cavs,selective_edgecooper_global,grid,,,,,,,singleton,20,100.0,7,7,,{},"{""7"": 4911}",0,0.0,10,40.0,ns3,899,0.5,10,12,28,,,[],[],,,13,14,
2026_07_15_01_26_56,000136,8,all-cavs,selective_edgecooper_global,grid,,,,,,,singleton,20,100.0,8,8,,{},"{""8"": 4842}",0,0.0,10,40.0,ns3,899,0.5,10,12,28,,,[],[],,,13,21,
2026_07_15_01_26_56,000136,9,all-cavs,selective_edgecooper_global,grid,,,,,,,singleton,20,100.0,9,9,,{},"{""9"": 4855}",0,0.0,10,40.0,ns3,899,0.5,10,12,28,,,[],[],,,13,18,
2026_07_15_01_26_56,000136,10,all-cavs,selective_edgecooper_global,grid,,,,,,,singleton,20,100.0,10,10,,{},"{""10"": 4922}",0,0.0,10,40.0,ns3,899,0.5,10,12,28,,,[],[],,,20,24,
2026_07_15_01_26_56,000136,11,all-cavs,selective_edgecooper_global,grid,,,,,,,singleton,20,100.0,11,11;5,5,"{""5"": 57}","{""5"": 4859, ""11"": 4911}",77744,4.3239154616240265,10,40.0,ns3,899,0.5,10,12,28,,,[],[],,5,17,27,
2026_07_15_01_26_56,000136,12,all-cavs,selective_edgecooper_global,grid,,,,,,,singleton,20,100.0,12,12,,{},"{""12"": 5003}",0,0.0,10,40.0,ns3,899,0.5,10,12,28,,,[],[],,,8,10,
2026_07_15_01_26_56,000136,13,all-cavs,selective_edgecooper_global,grid,,,,,,,singleton,20,100.0,13,13;2,2,"{""2"": 53}","{""2"": 4848, ""13"": 4710}",77568,4.31412680756396,10,40.0,ns3,899,0.5,10,12,28,,,[],[],,2,13,25,
2026_07_15_01_26_56,000136,14,all-cavs,selective_edgecooper_global,grid,,,,,,,singleton,20,100.0,14,14;9,9,"{""9"": 55}","{""9"": 4855, ""14"": 4844}",77680,4.3203559510567295,10,40.0,ns3,899,0.5,10,12,28,,,[],[],,9,5,5,
2026_07_15_01_26_56,000136,15,all-cavs,selective_edgecooper_global,grid,,,,,,,singleton,20,100.0,15,15,,{},"{""15"": 4814}",0,0.0,10,40.0,ns3,899,0.5,10,12,28,,,[],[],,,14,15,
2026_07_15_01_26_56,000136,16,all-cavs,selective_edgecooper_global,grid,,,,,,,singleton,20,100.0,16,16;10,10,"{""10"": 54}","{""10"": 4916, ""16"": 5014}",78656,4.374638487208009,10,40.0,ns3,899,0.5,10,12,28,,,[],[],,10,28,40,
2026_07_15_01_26_56,000136,17,all-cavs,selective_edgecooper_global,grid,,,,,,,singleton,20,100.0,17,17,,{},"{""17"": 5030}",0,0.0,10,40.0,ns3,899,0.5,10,12,28,,,[],[],,,15,13,
2026_07_15_01_26_56,000136,18,all-cavs,selective_edgecooper_global,grid,,,,,,,singleton,20,100.0,18,18,,{},"{""18"": 4850}",0,0.0,10,40.0,ns3,899,0.5,10,12,28,,,[],[],,,9,7,
2026_07_15_01_26_56,000136,19,all-cavs,selective_edgecooper_global,grid,,,,,,,singleton,20,100.0,19,19;8,8,"{""8"": 56}","{""8"": 4842, ""19"": 4831}",77472,4.308787541713015,10,40.0,ns3,899,0.5,10,12,28,,,[],[],,8,20,34,
2026_07_15_01_26_56,000136,20,all-cavs,selective_edgecooper_global,grid,,,,,,,singleton,20,100.0,20,20;12,12,"{""12"": 55}","{""12"": 4985, ""20"": 4909}",79760,4.436040044493883,10,40.0,ns3,899,0.5,10,12,28,,,[],[],,12,19,21,
2026_07_15_01_26_56,000138,1,all-cavs,selective_edgecooper_global,grid,,,,,,,singleton,20,100.0,1,1,,{},"{""1"": 4925}",0,0.0,10,40.0,ns3,899,0.5,10,12,28,,,[],[],,,19,16,
2026_07_15_01_26_56,000138,2,all-cavs,selective_edgecooper_global,grid,,,,,,,singleton,20,100.0,2,2,,{},"{""2"": 4857}",0,0.0,10,40.0,ns3,899,0.5,10,12,28,,,[],[],,,15,24,
2026_07_15_01_26_56,000138,3,all-cavs,selective_edgecooper_global,grid,,,,,,,singleton,20,100.0,3,3;18,18,"{""18"": 60}","{""3"": 5007, ""18"": 4770}",76320,4.244716351501669,10,40.0,ns3,899,0.5,10,12,28,,,[],[],,18,12,12,
2026_07_15_01_26_56,000138,4,all-cavs,selective_edgecooper_global,grid,,,,,,,singleton,20,100.0,4,4;17,17,"{""17"": 62}","{""4"": 4852, ""17"": 5027}",80432,4.4734149054505,10,40.0,ns3,899,0.5,10,12,28,,,[],[],,17,22,31,
2026_07_15_01_26_56,000138,5,all-cavs,selective_edgecooper_global,grid,,,,,,,singleton,20,100.0,5,5,,{},"{""5"": 4861}",0,0.0,10,40.0,ns3,899,0.5,10,12,28,,,[],[],,,16,14,
2026_07_15_01_26_56,000138,6,all-cavs,selective_edgecooper_global,grid,,,,,,,singleton,20,100.0,6,6;15,15,"{""15"": 50}","{""6"": 4715, ""15"": 4783}",76528,4.256284760845384,10,40.0,ns3,899,0.5,10,12,28,,,[],[],,15,17,26,
2026_07_15_01_26_56,000138,7,all-cavs,selective_edgecooper_global,grid,,,,,,,singleton,20,100.0,7,7,,{},"{""7"": 4910}",0,0.0,10,40.0,ns3,899,0.5,10,12,28,,,[],[],,,13,14,
2026_07_15_01_26_56,000138,8,all-cavs,selective_edgecooper_global,grid,,,,,,,singleton,20,100.0,8,8,,{},"{""8"": 4840}",0,0.0,10,40.0,ns3,899,0.5,10,12,28,,,[],[],,,12,21,
2026_07_15_01_26_56,000138,9,all-cavs,selective_edgecooper_global,grid,,,,,,,singleton,20,100.0,9,9,,{},"{""9"": 4853}",0,0.0,10,40.0,ns3,899,0.5,10,12,28,,,[],[],,,13,18,
2026_07_15_01_26_56,000138,10,all-cavs,selective_edgecooper_global,grid,,,,,,,singleton,20,100.0,10,10,,{},"{""10"": 4921}",0,0.0,10,40.0,ns3,899,0.5,10,12,28,,,[],[],,,19,24,
2026_07_15_01_26_56,000138,11,all-cavs,selective_edgecooper_global,grid,,,,,,,singleton,20,100.0,11,11;5,5,"{""5"": 55}","{""5"": 4860, ""11"": 4909}",77760,4.3248053392658505,10,40.0,ns3,899,0.5,10,12,28,,,[],[],,5,18,26,
2026_07_15_01_26_56,000138,12,all-cavs,selective_edgecooper_global,grid,,,,,,,singleton,20,100.0,12,12,,{},"{""12"": 4989}",0,0.0,10,40.0,ns3,899,0.5,10,12,28,,,[],[],,,12,10,
2026_07_15_01_26_56,000138,13,all-cavs,selective_edgecooper_global,grid,,,,,,,singleton,20,100.0,13,13;2,2,"{""2"": 53}","{""2"": 4849, ""13"": 4698}",77584,4.3150166852057845,10,40.0,ns3,899,0.5,10,12,28,,,[],[],,2,17,25,
2026_07_15_01_26_56,000138,14,all-cavs,selective_edgecooper_global,grid,,,,,,,singleton,20,100.0,14,14;9,9,"{""9"": 55}","{""9"": 4853, ""14"": 4852}",77648,4.3185761957730815,10,40.0,ns3,899,0.5,10,12,28,,,[],[],,9,5,5,
2026_07_15_01_26_56,000138,15,all-cavs,selective_edgecooper_global,grid,,,,,,,singleton,20,100.0,15,15,,{},"{""15"": 4815}",0,0.0,10,40.0,ns3,899,0.5,10,12,28,,,[],[],,,14,15,
2026_07_15_01_26_56,000138,16,all-cavs,selective_edgecooper_global,grid,,,,,,,singleton,20,100.0,16,16;10,10,"{""10"": 54}","{""10"": 4915, ""16"": 5023}",78640,4.373748609566185,10,40.0,ns3,899,0.5,10,12,28,,,[],[],,10,33,40,
2026_07_15_01_26_56,000138,17,all-cavs,selective_edgecooper_global,grid,,,,,,,singleton,20,100.0,17,17,,{},"{""17"": 5027}",0,0.0,10,40.0,ns3,899,0.5,10,12,28,,,[],[],,,14,13,
2026_07_15_01_26_56,000138,18,all-cavs,selective_edgecooper_global,grid,,,,,,,singleton,20,100.0,18,18,,{},"{""18"": 4852}",0,0.0,10,40.0,ns3,899,0.5,10,12,28,,,[],[],,,8,7,
2026_07_15_01_26_56,000138,19,all-cavs,selective_edgecooper_global,grid,,,,,,,singleton,20,100.0,19,19;8,8,"{""8"": 56}","{""8"": 4840, ""19"": 4828}",77440,4.307007786429366,10,40.0,ns3,899,0.5,10,12,28,,,[],[],,8,19,35,
2026_07_15_01_26_56,000138,20,all-cavs,selective_edgecooper_global,grid,,,,,,,singleton,20,100.0,20,20;12,12,"{""12"": 56}","{""12"": 4979, ""20"": 4910}",79664,4.430700778642937,10,40.0,ns3,899,0.5,10,12,28,,,[],[],,12,17,21,
2026_07_15_01_26_56,000140,1,all-cavs,selective_edgecooper_global,grid,,,,,,,singleton,20,100.0,1,1;19,19,"{""19"": 60}","{""1"": 4926, ""19"": 4820}",77120,4.289210233592881,10,40.0,ns3,899,0.5,10,12,28,,,[],[],,19,20,25,
2026_07_15_01_26_56,000140,2,all-cavs,selective_edgecooper_global,grid,,,,,,,singleton,20,100.0,2,2,,{},"{""2"": 4856}",0,0.0,10,40.0,ns3,899,0.5,10,12,28,,,[],[],,,14,24,
2026_07_15_01_26_56,000140,3,all-cavs,selective_edgecooper_global,grid,,,,,,,singleton,20,100.0,3,3;18,18,"{""18"": 63}","{""3"": 5016, ""18"": 4791}",76656,4.263403781979978,10,40.0,ns3,899,0.5,10,12,28,,,[],[],,18,11,11,
2026_07_15_01_26_56,000140,4,all-cavs,selective_edgecooper_global,grid,,,,,,,singleton,20,100.0,4,4,,{},"{""4"": 4847}",0,0.0,10,40.0,ns3,899,0.5,10,12,28,,,[],[],,,10,25,
2026_07_15_01_26_56,000140,5,all-cavs,selective_edgecooper_global,grid,,,,,,,singleton,20,100.0,5,5,,{},"{""5"": 4881}",0,0.0,10,40.0,ns3,899,0.5,10,12,28,,,[],[],,,10,14,
2026_07_15_01_26_56,000140,6,all-cavs,selective_edgecooper_global,grid,,,,,,,singleton,20,100.0,6,6;15,15,"{""15"": 50}","{""6"": 4723, ""15"": 4794}",76704,4.266073414905451,10,40.0,ns3,899,0.5,10,12,28,,,[],[],,15,17,24,
2026_07_15_01_26_56,000140,7,all-cavs,selective_edgecooper_global,grid,,,,,,,singleton,20,100.0,7,7;8,8,"{""8"": 50}","{""7"": 4910, ""8"": 4807}",76912,4.277641824249166,10,40.0,ns3,899,0.5,10,12,28,,,[],[],,8,18,23,
2026_07_15_01_26_56,000140,8,all-cavs,selective_edgecooper_global,grid,,,,,,,singleton,20,100.0,8,8,,{},"{""8"": 4839}",0,0.0,10,40.0,ns3,899,0.5,10,12,28,,,[],[],,,11,22,
2026_07_15_01_26_56,000140,9,all-cavs,selective_edgecooper_global,grid,,,,,,,singleton,20,100.0,9,9,,{},"{""9"": 4852}",0,0.0,10,40.0,ns3,899,0.5,10,12,28,,,[],[],,,13,18,
2026_07_15_01_26_56,000140,10,all-cavs,selective_edgecooper_global,grid,,,,,,,singleton,20,100.0,10,10,,{},"{""10"": 4922}",0,0.0,10,40.0,ns3,899,0.5,10,12,28,,,[],[],,,20,24,
2026_07_15_01_26_56,000140,11,all-cavs,selective_edgecooper_global,grid,,,,,,,singleton,20,100.0,11,11;5,5,"{""5"": 56}","{""5"": 4878, ""11"": 4910}",78048,4.340823136818687,10,40.0,ns3,899,0.5,10,12,28,,,[],[],,5,20,25,
2026_07_15_01_26_56,000140,12,all-cavs,selective_edgecooper_global,grid,,,,,,,singleton,20,100.0,12,12,,{},"{""12"": 4995}",0,0.0,10,40.0,ns3,899,0.5,10,12,28,,,[],[],,,7,10,
2026_07_15_01_26_56,000140,13,all-cavs,selective_edgecooper_global,grid,,,,,,,singleton,20,100.0,13,13;2,2,"{""2"": 53}","{""2"": 4848, ""13"": 4683}",77568,4.31412680756396,10,40.0,ns3,899,0.5,10,12,28,,,[],[],,2,12,25,
2026_07_15_01_26_56,000140,14,all-cavs,selective_edgecooper_global,grid,,,,,,,singleton,20,100.0,14,14;9,9,"{""9"": 54}","{""9"": 4852, ""14"": 4847}",77632,4.317686318131257,10,40.0,ns3,899,0.5,10,12,28,,,[],[],,9,5,5,
2026_07_15_01_26_56,000140,15,all-cavs,selective_edgecooper_global,grid,,,,,,,singleton,20,100.0,15,15,,{},"{""15"": 4825}",0,0.0,10,40.0,ns3,899,0.5,10,12,28,,,[],[],,,14,14,
2026_07_15_01_26_56,000140,16,all-cavs,selective_edgecooper_global,grid,,,,,,,singleton,20,100.0,16,16;17,17,"{""17"": 56}","{""16"": 5013, ""17"": 3696}",59136,3.288987764182425,10,40.0,ns3,899,0.5,10,12,28,,,[],[],,17,15,21,
2026_07_15_01_26_56,000140,17,all-cavs,selective_edgecooper_global,grid,,,,,,,singleton,20,100.0,17,17,,{},"{""17"": 5029}",0,0.0,10,40.0,ns3,899,0.5,10,12,28,,,[],[],,,14,13,
2026_07_15_01_26_56,000140,18,all-cavs,selective_edgecooper_global,grid,,,,,,,singleton,20,100.0,18,18,,{},"{""18"": 4865}",0,0.0,10,40.0,ns3,899,0.5,10,12,28,,,[],[],,,6,6,
2026_07_15_01_26_56,000140,19,all-cavs,selective_edgecooper_global,grid,,,,,,,singleton,20,100.0,19,19,,{},"{""19"": 4828}",0,0.0,10,40.0,ns3,899,0.5,10,12,28,,,[],[],,,9,16,
2026_07_15_01_26_56,000140,20,all-cavs,selective_edgecooper_global,grid,,,,,,,singleton,20,100.0,20,20;12,12,"{""12"": 56}","{""12"": 4988, ""20"": 4909}",79808,4.438709677419355,10,40.0,ns3,899,0.5,10,12,28,,,[],[],,12,17,20,
