line_no,frame_index,trace_layer,event,request_id,source_node,target_node,tb_size,subchannel_start,subchannel_num,slot,harq_id,sinr,tbler,reason,raw_event,timestamp,area_id,upload_type,plan_index,pkt_id,matched
450,1,PHY,PSSCH_DECODE_OK,68,2,1,4069,,,,1,37.006,0,,[NRSL_PHY_EVENT] event=PSSCH_DECODE_OK request_ids=68 txRnti=2 sender_l2_id=2 receiver_l2_id=1 harq_id=1 tb_size=4069 tbler=0 sinr=37.006 sinrMin=28.1006 reason=,000062,14_1,leader_to_rsu,68,68,1
451,1,HARQ,HARQ_ACK,68,2,1,,,,,1,,,,[NRSL_HARQ_EVENT] event=HARQ_ACK request_ids=68 txRnti=2 sender_l2_id=2 receiver_l2_id=1 rxRnti=1 harq_id=1 bwp_id=0,000062,14_1,leader_to_rsu,68,68,1
453,1,PHY,PSSCH_DECODE_FAIL,76,16,5,4069,,,,0,10.0637,1,decode_fail,[NRSL_PHY_EVENT] event=PSSCH_DECODE_FAIL request_ids=76 txRnti=16 sender_l2_id=16 receiver_l2_id=5 harq_id=0 tb_size=4069 tbler=1 sinr=10.0637 sinrMin=6.08603 reason=decode_fail,000062,18_7,member_to_leader,76,76,1
454,1,HARQ,HARQ_NACK,76,16,5,,,,,0,,,,[NRSL_HARQ_EVENT] event=HARQ_NACK request_ids=76 txRnti=16 sender_l2_id=16 receiver_l2_id=5 rxRnti=5 harq_id=0 bwp_id=0,000062,18_7,member_to_leader,76,76,1
602,1,PHY,PSSCH_DECODE_FAIL,86,14,9,4069,,,,1,7.42046,1,decode_fail,[NRSL_PHY_EVENT] event=PSSCH_DECODE_FAIL request_ids=86 txRnti=14 sender_l2_id=14 receiver_l2_id=9 harq_id=1 tb_size=4069 tbler=1 sinr=7.42046 sinrMin=2.29256 reason=decode_fail,000062,12_10,member_to_leader,86,86,1
603,1,HARQ,HARQ_NACK,86,14,9,,,,,1,,,,[NRSL_HARQ_EVENT] event=HARQ_NACK request_ids=86 txRnti=14 sender_l2_id=14 receiver_l2_id=9 rxRnti=9 harq_id=1 bwp_id=0,000062,12_10,member_to_leader,86,86,1
727,1,PHY,PSSCH_DECODE_FAIL,64,17,1,2083,,,,0,2.40252,1,decode_fail,[NRSL_PHY_EVENT] event=PSSCH_DECODE_FAIL request_ids=64 txRnti=17 sender_l2_id=17 receiver_l2_id=1 harq_id=0 tb_size=2083 tbler=1 sinr=2.40252 sinrMin=0.976877 reason=decode_fail,000062,12_9,leader_to_rsu,64,64,1
728,1,HARQ,HARQ_NACK,64,17,1,,,,,0,,,,[NRSL_HARQ_EVENT] event=HARQ_NACK request_ids=64 txRnti=17 sender_l2_id=17 receiver_l2_id=1 rxRnti=1 harq_id=0 bwp_id=0,000062,12_9,leader_to_rsu,64,64,1
730,1,PHY,PSSCH_DECODE_FAIL,86,14,9,4069,,,,4,3.80514,1,decode_fail,[NRSL_PHY_EVENT] event=PSSCH_DECODE_FAIL request_ids=86 txRnti=14 sender_l2_id=14 receiver_l2_id=9 harq_id=4 tb_size=4069 tbler=1 sinr=3.80514 sinrMin=0.244544 reason=decode_fail,000062,12_10,member_to_leader,86,86,1
731,1,HARQ,HARQ_NACK,86,14,9,,,,,4,,,,[NRSL_HARQ_EVENT] event=HARQ_NACK request_ids=86 txRnti=14 sender_l2_id=14 receiver_l2_id=9 rxRnti=9 harq_id=4 bwp_id=0,000062,12_10,member_to_leader,86,86,1
858,1,PHY,PSSCH_DECODE_FAIL,67,13,1,2083,,,,0,0.504588,1,sci2_decode_fail,[NRSL_PHY_EVENT] event=PSSCH_DECODE_FAIL request_ids=67 txRnti=13 sender_l2_id=13 receiver_l2_id=1 harq_id=0 tb_size=2083 tbler=1 sinr=0.504588 sinrMin=0.240161 reason=sci2_decode_fail,000062,13_0,leader_to_rsu,67,67,1
1124,1,PHY,PSSCH_DECODE_FAIL,79,3,1,4069,,,,0,0.254605,1,sci2_decode_fail,[NRSL_PHY_EVENT] event=PSSCH_DECODE_FAIL request_ids=79 txRnti=3 sender_l2_id=3 receiver_l2_id=1 harq_id=0 tb_size=4069 tbler=1 sinr=0.254605 sinrMin=0.183667 reason=sci2_decode_fail,000062,12_4,leader_to_rsu,79,79,1
1126,1,PHY,PSSCH_DECODE_FAIL,113,7,1,2083,,,,0,0.0432811,1,sci2_decode_fail,[NRSL_PHY_EVENT] event=PSSCH_DECODE_FAIL request_ids=113 txRnti=7 sender_l2_id=7 receiver_l2_id=1 harq_id=0 tb_size=2083 tbler=1 sinr=0.0432811 sinrMin=0.0399284 reason=sci2_decode_fail,000062,6_13,leader_to_rsu,113,113,1
1128,1,PHY,PSSCH_DECODE_FAIL,80,5,16,4069,,,,2,4.82535,1,decode_fail,[NRSL_PHY_EVENT] event=PSSCH_DECODE_FAIL request_ids=80 txRnti=5 sender_l2_id=5 receiver_l2_id=16 harq_id=2 tb_size=4069 tbler=1 sinr=4.82535 sinrMin=4.11809 reason=decode_fail,000062,17_5,member_to_leader,80,80,1
1129,1,HARQ,HARQ_NACK,80,5,16,,,,,2,,,,[NRSL_HARQ_EVENT] event=HARQ_NACK request_ids=80 txRnti=5 sender_l2_id=5 receiver_l2_id=16 rxRnti=16 harq_id=2 bwp_id=0,000062,17_5,member_to_leader,80,80,1
1280,1,PHY,PSSCH_DECODE_FAIL,86,14,9,1945,,,,5,11.538,1,decode_fail,[NRSL_PHY_EVENT] event=PSSCH_DECODE_FAIL request_ids=86 txRnti=14 sender_l2_id=14 receiver_l2_id=9 harq_id=5 tb_size=1945 tbler=1 sinr=11.538 sinrMin=3.4254 reason=decode_fail,000062,12_10,member_to_leader,86,86,1
1281,1,HARQ,HARQ_NACK,86,14,9,,,,,5,,,,[NRSL_HARQ_EVENT] event=HARQ_NACK request_ids=86 txRnti=14 sender_l2_id=14 receiver_l2_id=9 rxRnti=9 harq_id=5 bwp_id=0,000062,12_10,member_to_leader,86,86,1
1471,1,PHY,PSSCH_DECODE_FAIL,83,2,1,4069,,,,2,6.83991,1,decode_fail,[NRSL_PHY_EVENT] event=PSSCH_DECODE_FAIL request_ids=83 txRnti=2 sender_l2_id=2 receiver_l2_id=1 harq_id=2 tb_size=4069 tbler=1 sinr=6.83991 sinrMin=5.96883 reason=decode_fail,000062,15_3,leader_to_rsu,83,83,1
1472,1,HARQ,HARQ_NACK,83,2,1,,,,,2,,,,[NRSL_HARQ_EVENT] event=HARQ_NACK request_ids=83 txRnti=2 sender_l2_id=2 receiver_l2_id=1 rxRnti=1 harq_id=2 bwp_id=0,000062,15_3,leader_to_rsu,83,83,1
1638,1,PHY,PSSCH_DECODE_FAIL,65,13,4,4069,,,,1,0.797448,1,decode_fail,[NRSL_PHY_EVENT] event=PSSCH_DECODE_FAIL request_ids=65 txRnti=13 sender_l2_id=13 receiver_l2_id=4 harq_id=1 tb_size=4069 tbler=1 sinr=0.797448 sinrMin=0.449219 reason=decode_fail,000062,13_2,member_to_leader,65,65,1
1639,1,HARQ,HARQ_NACK,65,13,4,,,,,1,,,,[NRSL_HARQ_EVENT] event=HARQ_NACK request_ids=65 txRnti=13 sender_l2_id=13 receiver_l2_id=4 rxRnti=4 harq_id=1 bwp_id=0,000062,13_2,member_to_leader,65,65,1
1796,1,PHY,PSSCH_DECODE_FAIL,116,6,1,2083,,,,0,0.186885,1,sci2_decode_fail,[NRSL_PHY_EVENT] event=PSSCH_DECODE_FAIL request_ids=116 txRnti=6 sender_l2_id=6 receiver_l2_id=1 harq_id=0 tb_size=2083 tbler=1 sinr=0.186885 sinrMin=0.116252 reason=sci2_decode_fail,000062,9_6,leader_to_rsu,116,116,1
1892,1,PHY,PSSCH_DECODE_FAIL,112,14,1,2083,,,,7,0.155267,1,sci2_decode_fail,[NRSL_PHY_EVENT] event=PSSCH_DECODE_FAIL request_ids=112 txRnti=14 sender_l2_id=14 receiver_l2_id=1 harq_id=7 tb_size=2083 tbler=1 sinr=0.155267 sinrMin=0.0990326 reason=sci2_decode_fail,000062,12_7,leader_to_rsu,112,112,1
1894,1,PHY,PSSCH_DECODE_FAIL,69,3,21,4069,,,,5,90.5426,1,decode_fail,[NRSL_PHY_EVENT] event=PSSCH_DECODE_FAIL request_ids=69 txRnti=3 sender_l2_id=3 receiver_l2_id=21 harq_id=5 tb_size=4069 tbler=1 sinr=90.5426 sinrMin=2.35287 reason=decode_fail,000062,11_7,member_to_leader,69,69,1
1895,1,HARQ,HARQ_NACK,69,3,21,,,,,5,,,,[NRSL_HARQ_EVENT] event=HARQ_NACK request_ids=69 txRnti=3 sender_l2_id=3 receiver_l2_id=21 rxRnti=21 harq_id=5 bwp_id=0,000062,11_7,member_to_leader,69,69,1
2045,1,PHY,PSSCH_DECODE_FAIL,91,21,3,4069,,,,5,10.813,1,decode_fail,[NRSL_PHY_EVENT] event=PSSCH_DECODE_FAIL request_ids=91 txRnti=21 sender_l2_id=21 receiver_l2_id=3 harq_id=5 tb_size=4069 tbler=1 sinr=10.813 sinrMin=1.88619 reason=decode_fail,000062,11_5,member_to_leader,91,91,1
2046,1,HARQ,HARQ_NACK,91,21,3,,,,,5,,,,[NRSL_HARQ_EVENT] event=HARQ_NACK request_ids=91 txRnti=21 sender_l2_id=21 receiver_l2_id=3 rxRnti=3 harq_id=5 bwp_id=0,000062,11_5,member_to_leader,91,91,1
2172,1,PHY,PSSCH_DECODE_FAIL,98,2,1,2083,,,,4,7.94796,1,decode_fail,[NRSL_PHY_EVENT] event=PSSCH_DECODE_FAIL request_ids=98 txRnti=2 sender_l2_id=2 receiver_l2_id=1 harq_id=4 tb_size=2083 tbler=1 sinr=7.94796 sinrMin=6.72016 reason=decode_fail,000062,15_2,leader_to_rsu,98,98,1
2173,1,HARQ,HARQ_NACK,98,2,1,,,,,4,,,,[NRSL_HARQ_EVENT] event=HARQ_NACK request_ids=98 txRnti=2 sender_l2_id=2 receiver_l2_id=1 rxRnti=1 harq_id=4 bwp_id=0,000062,15_2,leader_to_rsu,98,98,1
2175,1,PHY,PSSCH_DECODE_FAIL,69,3,21,4069,,,,8,3.89971,1,decode_fail,[NRSL_PHY_EVENT] event=PSSCH_DECODE_FAIL request_ids=69 txRnti=3 sender_l2_id=3 receiver_l2_id=21 harq_id=8 tb_size=4069 tbler=1 sinr=3.89971 sinrMin=2.68997 reason=decode_fail,000062,11_7,member_to_leader,69,69,1
2176,1,HARQ,HARQ_NACK,69,3,21,,,,,8,,,,[NRSL_HARQ_EVENT] event=HARQ_NACK request_ids=69 txRnti=3 sender_l2_id=3 receiver_l2_id=21 rxRnti=21 harq_id=8 bwp_id=0,000062,11_7,member_to_leader,69,69,1
2315,1,PHY,PSSCH_DECODE_FAIL,99,21,12,4069,,,,3,11.2792,1,decode_fail,[NRSL_PHY_EVENT] event=PSSCH_DECODE_FAIL request_ids=99 txRnti=21 sender_l2_id=21 receiver_l2_id=12 harq_id=3 tb_size=4069 tbler=1 sinr=11.2792 sinrMin=0.454532 reason=decode_fail,000062,11_8,member_to_leader,99,99,1
2316,1,HARQ,HARQ_NACK,99,21,12,,,,,3,,,,[NRSL_HARQ_EVENT] event=HARQ_NACK request_ids=99 txRnti=21 sender_l2_id=21 receiver_l2_id=12 rxRnti=12 harq_id=3 bwp_id=0,000062,11_8,member_to_leader,99,99,1
2450,1,PHY,PSSCH_DECODE_FAIL,120,21,1,2083,,,,4,2.081,1,decode_fail,[NRSL_PHY_EVENT] event=PSSCH_DECODE_FAIL request_ids=120 txRnti=21 sender_l2_id=21 receiver_l2_id=1 harq_id=4 tb_size=2083 tbler=1 sinr=2.081 sinrMin=1.42305 reason=decode_fail,000062,11_6,leader_to_rsu,120,120,1
2451,1,HARQ,HARQ_NACK,120,21,1,,,,,4,,,,[NRSL_HARQ_EVENT] event=HARQ_NACK request_ids=120 txRnti=21 sender_l2_id=21 receiver_l2_id=1 rxRnti=1 harq_id=4 bwp_id=0,000062,11_6,leader_to_rsu,120,120,1
2453,1,PHY,PSSCH_DECODE_FAIL,95,16,5,4069,,,,6,5.48382,1,decode_fail,[NRSL_PHY_EVENT] event=PSSCH_DECODE_FAIL request_ids=95 txRnti=16 sender_l2_id=16 receiver_l2_id=5 harq_id=6 tb_size=4069 tbler=1 sinr=5.48382 sinrMin=4.56586 reason=decode_fail,000062,16_8,member_to_leader,95,95,1
2454,1,HARQ,HARQ_NACK,95,16,5,,,,,6,,,,[NRSL_HARQ_EVENT] event=HARQ_NACK request_ids=95 txRnti=16 sender_l2_id=16 receiver_l2_id=5 rxRnti=5 harq_id=6 bwp_id=0,000062,16_8,member_to_leader,95,95,1
2456,1,PHY,PSSCH_DECODE_FAIL,111,3,14,1945,,,,6,0.796361,1,decode_fail,[NRSL_PHY_EVENT] event=PSSCH_DECODE_FAIL request_ids=111 txRnti=3 sender_l2_id=3 receiver_l2_id=14 harq_id=6 tb_size=1945 tbler=1 sinr=0.796361 sinrMin=0.512007 reason=decode_fail,000062,12_7,member_to_leader,111,111,1
2457,1,HARQ,HARQ_NACK,111,3,14,,,,,6,,,,[NRSL_HARQ_EVENT] event=HARQ_NACK request_ids=111 txRnti=3 sender_l2_id=3 receiver_l2_id=14 rxRnti=14 harq_id=6 bwp_id=0,000062,12_7,member_to_leader,111,111,1
2502,1,PHY,PSSCH_DECODE_OK,109,16,5,4069,,,,8,187079,0,,[NRSL_PHY_EVENT] event=PSSCH_DECODE_OK request_ids=109 txRnti=16 sender_l2_id=16 receiver_l2_id=5 harq_id=8 tb_size=4069 tbler=0 sinr=187079 sinrMin=147228 reason=,000062,16_4,member_to_leader,109,109,1
2503,1,HARQ,HARQ_ACK,109,16,5,,,,,8,,,,[NRSL_HARQ_EVENT] event=HARQ_ACK request_ids=109 txRnti=16 sender_l2_id=16 receiver_l2_id=5 rxRnti=5 harq_id=8 bwp_id=0,000062,16_4,member_to_leader,109,109,1
2610,1,PHY,PSSCH_DECODE_FAIL,104,5,1,4069,,,,7,0.514277,1,sci2_decode_fail,[NRSL_PHY_EVENT] event=PSSCH_DECODE_FAIL request_ids=104 txRnti=5 sender_l2_id=5 receiver_l2_id=1 harq_id=7 tb_size=4069 tbler=1 sinr=0.514277 sinrMin=0.0395632 reason=sci2_decode_fail,000062,17_7,leader_to_rsu,104,104,1
2612,1,PHY,PSSCH_DECODE_FAIL,114,12,1,2083,,,,1,0.512852,1,sci2_decode_fail,[NRSL_PHY_EVENT] event=PSSCH_DECODE_FAIL request_ids=114 txRnti=12 sender_l2_id=12 receiver_l2_id=1 harq_id=1 tb_size=2083 tbler=1 sinr=0.512852 sinrMin=0.0964143 reason=sci2_decode_fail,000062,10_6,leader_to_rsu,114,114,1
2614,1,PHY,PSSCH_DECODE_FAIL,91,21,3,1945,,,,6,16.1533,1,decode_fail,[NRSL_PHY_EVENT] event=PSSCH_DECODE_FAIL request_ids=91 txRnti=21 sender_l2_id=21 receiver_l2_id=3 harq_id=6 tb_size=1945 tbler=1 sinr=16.1533 sinrMin=15.1798 reason=decode_fail,000062,11_5,member_to_leader,91,91,1
2615,1,HARQ,HARQ_NACK,91,21,3,,,,,6,,,,[NRSL_HARQ_EVENT] event=HARQ_NACK request_ids=91 txRnti=21 sender_l2_id=21 receiver_l2_id=3 rxRnti=3 harq_id=6 bwp_id=0,000062,11_5,member_to_leader,91,91,1
2617,1,PHY,PSSCH_DECODE_FAIL,63,14,17,4069,,,,8,1502.59,1,decode_fail,[NRSL_PHY_EVENT] event=PSSCH_DECODE_FAIL request_ids=63 txRnti=14 sender_l2_id=14 receiver_l2_id=17 harq_id=8 tb_size=4069 tbler=1 sinr=1502.59 sinrMin=0.425091 reason=decode_fail,000062,12_9,member_to_leader,63,63,1
2618,1,HARQ,HARQ_NACK,63,14,17,,,,,8,,,,[NRSL_HARQ_EVENT] event=HARQ_NACK request_ids=63 txRnti=14 sender_l2_id=14 receiver_l2_id=17 rxRnti=17 harq_id=8 bwp_id=0,000062,12_9,member_to_leader,63,63,1
2695,1,PHY,PSSCH_DECODE_FAIL,124,20,1,2083,,,,4,3.77403,1,decode_fail,[NRSL_PHY_EVENT] event=PSSCH_DECODE_FAIL request_ids=124 txRnti=20 sender_l2_id=20 receiver_l2_id=1 harq_id=4 tb_size=2083 tbler=1 sinr=3.77403 sinrMin=0.377013 reason=decode_fail,000062,14_2,leader_to_rsu,124,124,1
2696,1,HARQ,HARQ_NACK,124,20,1,,,,,4,,,,[NRSL_HARQ_EVENT] event=HARQ_NACK request_ids=124 txRnti=20 sender_l2_id=20 receiver_l2_id=1 rxRnti=1 harq_id=4 bwp_id=0,000062,14_2,leader_to_rsu,124,124,1
2699,1,PHY,PSSCH_DECODE_FAIL,65,13,4,1945,,,,3,12.7104,1,decode_fail,[NRSL_PHY_EVENT] event=PSSCH_DECODE_FAIL request_ids=65 txRnti=13 sender_l2_id=13 receiver_l2_id=4 harq_id=3 tb_size=1945 tbler=1 sinr=12.7104 sinrMin=1.32608 reason=decode_fail,000062,13_2,member_to_leader,65,65,1
2700,1,HARQ,HARQ_NACK,65,13,4,,,,,3,,,,[NRSL_HARQ_EVENT] event=HARQ_NACK request_ids=65 txRnti=13 sender_l2_id=13 receiver_l2_id=4 rxRnti=4 harq_id=3 bwp_id=0,000062,13_2,member_to_leader,65,65,1
2763,1,PHY,PSSCH_DECODE_FAIL,92,3,1,4069,,,,7,1812.14,1,decode_fail,[NRSL_PHY_EVENT] event=PSSCH_DECODE_FAIL request_ids=92 txRnti=3 sender_l2_id=3 receiver_l2_id=1 harq_id=7 tb_size=4069 tbler=1 sinr=1812.14 sinrMin=4.23867 reason=decode_fail,000062,11_5,leader_to_rsu,92,92,1
2764,1,HARQ,HARQ_NACK,92,3,1,,,,,7,,,,[NRSL_HARQ_EVENT] event=HARQ_NACK request_ids=92 txRnti=3 sender_l2_id=3 receiver_l2_id=1 rxRnti=1 harq_id=7 bwp_id=0,000062,11_5,leader_to_rsu,92,92,1
2766,1,PHY,PSSCH_DECODE_FAIL,93,19,14,1945,,,,7,2.00247,1,decode_fail,[NRSL_PHY_EVENT] event=PSSCH_DECODE_FAIL request_ids=93 txRnti=19 sender_l2_id=19 receiver_l2_id=14 harq_id=7 tb_size=1945 tbler=1 sinr=2.00247 sinrMin=1.57532 reason=decode_fail,000062,13_9,member_to_leader,93,93,1
2767,1,HARQ,HARQ_NACK,93,19,14,,,,,7,,,,[NRSL_HARQ_EVENT] event=HARQ_NACK request_ids=93 txRnti=19 sender_l2_id=19 receiver_l2_id=14 rxRnti=14 harq_id=7 bwp_id=0,000062,13_9,member_to_leader,93,93,1
2861,1,PHY,PSSCH_DECODE_FAIL,99,21,12,1945,,,,7,5.78382,1,decode_fail,[NRSL_PHY_EVENT] event=PSSCH_DECODE_FAIL request_ids=99 txRnti=21 sender_l2_id=21 receiver_l2_id=12 harq_id=7 tb_size=1945 tbler=1 sinr=5.78382 sinrMin=0.0304828 reason=decode_fail,000062,11_8,member_to_leader,99,99,1
2862,1,HARQ,HARQ_NACK,99,21,12,,,,,7,,,,[NRSL_HARQ_EVENT] event=HARQ_NACK request_ids=99 txRnti=21 sender_l2_id=21 receiver_l2_id=12 rxRnti=12 harq_id=7 bwp_id=0,000062,11_8,member_to_leader,99,99,1
2864,1,PHY,PSSCH_DECODE_FAIL,105,5,16,4069,,,,8,35.9535,1,decode_fail,[NRSL_PHY_EVENT] event=PSSCH_DECODE_FAIL request_ids=105 txRnti=5 sender_l2_id=5 receiver_l2_id=16 harq_id=8 tb_size=4069 tbler=1 sinr=35.9535 sinrMin=4.91835 reason=decode_fail,000062,16_5,member_to_leader,105,105,1
2865,1,HARQ,HARQ_NACK,105,5,16,,,,,8,,,,[NRSL_HARQ_EVENT] event=HARQ_NACK request_ids=105 txRnti=5 sender_l2_id=5 receiver_l2_id=16 rxRnti=16 harq_id=8 bwp_id=0,000062,16_5,member_to_leader,105,105,1
2969,1,PHY,PSSCH_DECODE_FAIL,102,19,1,2083,,,,9,0.0228634,1,sci2_decode_fail,[NRSL_PHY_EVENT] event=PSSCH_DECODE_FAIL request_ids=102 txRnti=19 sender_l2_id=19 receiver_l2_id=1 harq_id=9 tb_size=2083 tbler=1 sinr=0.0228634 sinrMin=0.019234 reason=sci2_decode_fail,000062,15_9,leader_to_rsu,102,102,1
3030,1,PHY,PSSCH_DECODE_FAIL,63,14,17,1945,,,,10,22.2909,1,decode_fail,[NRSL_PHY_EVENT] event=PSSCH_DECODE_FAIL request_ids=63 txRnti=14 sender_l2_id=14 receiver_l2_id=17 harq_id=10 tb_size=1945 tbler=1 sinr=22.2909 sinrMin=15.1722 reason=decode_fail,000062,12_9,member_to_leader,63,63,1
3031,1,HARQ,HARQ_NACK,63,14,17,,,,,10,,,,[NRSL_HARQ_EVENT] event=HARQ_NACK request_ids=63 txRnti=14 sender_l2_id=14 receiver_l2_id=17 rxRnti=17 harq_id=10 bwp_id=0,000062,12_9,member_to_leader,63,63,1
3033,1,PHY,PSSCH_DECODE_FAIL,119,3,21,3890,,,,10,61278.9,1,decode_fail,[NRSL_PHY_EVENT] event=PSSCH_DECODE_FAIL request_ids=119 txRnti=3 sender_l2_id=3 receiver_l2_id=21 harq_id=10 tb_size=3890 tbler=1 sinr=61278.9 sinrMin=1.60402 reason=decode_fail,000062,11_6,member_to_leader,119,119,1
3034,1,HARQ,HARQ_NACK,119,3,21,,,,,10,,,,[NRSL_HARQ_EVENT] event=HARQ_NACK request_ids=119 txRnti=3 sender_l2_id=3 receiver_l2_id=21 rxRnti=21 harq_id=10 bwp_id=0,000062,11_6,member_to_leader,119,119,1
3114,1,PHY,PSSCH_DECODE_FAIL,110,5,1,4069,,,,9,1.47422,1,decode_fail,[NRSL_PHY_EVENT] event=PSSCH_DECODE_FAIL request_ids=110 txRnti=5 sender_l2_id=5 receiver_l2_id=1 harq_id=9 tb_size=4069 tbler=1 sinr=1.47422 sinrMin=0.459583 reason=decode_fail,000062,16_4,leader_to_rsu,110,110,1
3115,1,HARQ,HARQ_NACK,110,5,1,,,,,9,,,,[NRSL_HARQ_EVENT] event=HARQ_NACK request_ids=110 txRnti=5 sender_l2_id=5 receiver_l2_id=1 rxRnti=1 harq_id=9 bwp_id=0,000062,16_4,leader_to_rsu,110,110,1
3174,1,PHY,PSSCH_DECODE_FAIL,101,3,1,2083,,,,11,3.84607,1,decode_fail,[NRSL_PHY_EVENT] event=PSSCH_DECODE_FAIL request_ids=101 txRnti=3 sender_l2_id=3 receiver_l2_id=1 harq_id=11 tb_size=2083 tbler=1 sinr=3.84607 sinrMin=3.43135 reason=decode_fail,000062,11_4,leader_to_rsu,101,101,1
3175,1,HARQ,HARQ_NACK,101,3,1,,,,,11,,,,[NRSL_HARQ_EVENT] event=HARQ_NACK request_ids=101 txRnti=3 sender_l2_id=3 receiver_l2_id=1 rxRnti=1 harq_id=11 bwp_id=0,000062,11_4,leader_to_rsu,101,101,1
3177,1,PHY,PSSCH_DECODE_OK,109,16,5,4069,,,,9,27242,0,,[NRSL_PHY_EVENT] event=PSSCH_DECODE_OK request_ids=109 txRnti=16 sender_l2_id=16 receiver_l2_id=5 harq_id=9 tb_size=4069 tbler=0 sinr=27242 sinrMin=42.2067 reason=,000062,16_4,member_to_leader,109,109,1
3178,1,HARQ,HARQ_ACK,109,16,5,,,,,9,,,,[NRSL_HARQ_EVENT] event=HARQ_ACK request_ids=109 txRnti=16 sender_l2_id=16 receiver_l2_id=5 rxRnti=5 harq_id=9 bwp_id=0,000062,16_4,member_to_leader,109,109,1
3226,1,PHY,PSSCH_DECODE_OK,109,16,5,4069,,,,11,93731.6,0,,[NRSL_PHY_EVENT] event=PSSCH_DECODE_OK request_ids=109 txRnti=16 sender_l2_id=16 receiver_l2_id=5 harq_id=11 tb_size=4069 tbler=0 sinr=93731.6 sinrMin=70604.8 reason=,000062,16_4,member_to_leader,109,109,1
3227,1,HARQ,HARQ_ACK,109,16,5,,,,,11,,,,[NRSL_HARQ_EVENT] event=HARQ_ACK request_ids=109 txRnti=16 sender_l2_id=16 receiver_l2_id=5 rxRnti=5 harq_id=11 bwp_id=0,000062,16_4,member_to_leader,109,109,1
3311,1,PHY,PSSCH_DECODE_FAIL,117,5,16,4069,,,,10,2.27508,1,decode_fail,[NRSL_PHY_EVENT] event=PSSCH_DECODE_FAIL request_ids=117 txRnti=5 sender_l2_id=5 receiver_l2_id=16 harq_id=10 tb_size=4069 tbler=1 sinr=2.27508 sinrMin=0.727137 reason=decode_fail,000062,16_6,member_to_leader,117,117,1
3312,1,HARQ,HARQ_NACK,117,5,16,,,,,10,,,,[NRSL_HARQ_EVENT] event=HARQ_NACK request_ids=117 txRnti=5 sender_l2_id=5 receiver_l2_id=16 rxRnti=16 harq_id=10 bwp_id=0,000062,16_6,member_to_leader,117,117,1
3373,1,PHY,PSSCH_DECODE_FAIL,122,5,1,2083,,,,11,1.72292,1,decode_fail,[NRSL_PHY_EVENT] event=PSSCH_DECODE_FAIL request_ids=122 txRnti=5 sender_l2_id=5 receiver_l2_id=1 harq_id=11 tb_size=2083 tbler=1 sinr=1.72292 sinrMin=0.556251 reason=decode_fail,000062,15_7,leader_to_rsu,122,122,1
3374,1,HARQ,HARQ_NACK,122,5,1,,,,,11,,,,[NRSL_HARQ_EVENT] event=HARQ_NACK request_ids=122 txRnti=5 sender_l2_id=5 receiver_l2_id=1 rxRnti=1 harq_id=11 bwp_id=0,000062,15_7,leader_to_rsu,122,122,1
3376,1,PHY,PSSCH_DECODE_FAIL,108,16,1,4069,,,,10,741.562,1,decode_fail,[NRSL_PHY_EVENT] event=PSSCH_DECODE_FAIL request_ids=108 txRnti=16 sender_l2_id=16 receiver_l2_id=1 harq_id=10 tb_size=4069 tbler=1 sinr=741.562 sinrMin=0.432966 reason=decode_fail,000062,15_8,leader_to_rsu,108,108,1
3377,1,HARQ,HARQ_NACK,108,16,1,,,,,10,,,,[NRSL_HARQ_EVENT] event=HARQ_NACK request_ids=108 txRnti=16 sender_l2_id=16 receiver_l2_id=1 rxRnti=1 harq_id=10 bwp_id=0,000062,15_8,leader_to_rsu,108,108,1
3436,1,PHY,PSSCH_DECODE_FAIL,118,16,1,2083,,,,13,13.5089,1,decode_fail,[NRSL_PHY_EVENT] event=PSSCH_DECODE_FAIL request_ids=118 txRnti=16 sender_l2_id=16 receiver_l2_id=1 harq_id=13 tb_size=2083 tbler=1 sinr=13.5089 sinrMin=3.20979 reason=decode_fail,000062,16_6,leader_to_rsu,118,118,1
3437,1,HARQ,HARQ_NACK,118,16,1,,,,,13,,,,[NRSL_HARQ_EVENT] event=HARQ_NACK request_ids=118 txRnti=16 sender_l2_id=16 receiver_l2_id=1 rxRnti=1 harq_id=13 bwp_id=0,000062,16_6,leader_to_rsu,118,118,1
3500,1,PHY,PSSCH_DECODE_OK,97,20,2,3890,,,,7,2820.57,0,,[NRSL_PHY_EVENT] event=PSSCH_DECODE_OK request_ids=97 txRnti=20 sender_l2_id=20 receiver_l2_id=2 harq_id=7 tb_size=3890 tbler=0 sinr=2820.57 sinrMin=0.0953888 reason=,000062,15_2,member_to_leader,97,97,1
3501,1,HARQ,HARQ_ACK,97,20,2,,,,,7,,,,[NRSL_HARQ_EVENT] event=HARQ_ACK request_ids=97 txRnti=20 sender_l2_id=20 receiver_l2_id=2 rxRnti=2 harq_id=7 bwp_id=0,000062,15_2,member_to_leader,97,97,1
3503,1,PHY,PSSCH_DECODE_OK,86,14,9,6,,,,11,442.183,0,,[NRSL_PHY_EVENT] event=PSSCH_DECODE_OK request_ids=86 txRnti=14 sender_l2_id=14 receiver_l2_id=9 harq_id=11 tb_size=6 tbler=0 sinr=442.183 sinrMin=397.887 reason=,000062,12_10,member_to_leader,86,86,1
3504,1,HARQ,HARQ_ACK,86,14,9,,,,,11,,,,[NRSL_HARQ_EVENT] event=HARQ_ACK request_ids=86 txRnti=14 sender_l2_id=14 receiver_l2_id=9 rxRnti=9 harq_id=11 bwp_id=0,000062,12_10,member_to_leader,86,86,1
3548,1,PHY,PSSCH_DECODE_OK,121,16,5,4069,,,,12,90551.3,0,,[NRSL_PHY_EVENT] event=PSSCH_DECODE_OK request_ids=121 txRnti=16 sender_l2_id=16 receiver_l2_id=5 harq_id=12 tb_size=4069 tbler=0 sinr=90551.3 sinrMin=21369.7 reason=,000062,15_7,member_to_leader,121,121,1
3549,1,HARQ,HARQ_ACK,121,16,5,,,,,12,,,,[NRSL_HARQ_EVENT] event=HARQ_ACK request_ids=121 txRnti=16 sender_l2_id=16 receiver_l2_id=5 rxRnti=5 harq_id=12 bwp_id=0,000062,15_7,member_to_leader,121,121,1
3572,1,PHY,PSSCH_DECODE_OK,117,5,16,1937,,,,13,146568,0,,[NRSL_PHY_EVENT] event=PSSCH_DECODE_OK request_ids=117 txRnti=5 sender_l2_id=5 receiver_l2_id=16 harq_id=13 tb_size=1937 tbler=0 sinr=146568 sinrMin=136443 reason=,000062,16_6,member_to_leader,117,117,1
3573,1,HARQ,HARQ_ACK,117,5,16,,,,,13,,,,[NRSL_HARQ_EVENT] event=HARQ_ACK request_ids=117 txRnti=5 sender_l2_id=5 receiver_l2_id=16 rxRnti=16 harq_id=13 bwp_id=0,000062,16_6,member_to_leader,117,117,1
3620,1,PHY,PSSCH_DECODE_OK,107,19,16,6,,,,10,179.403,0,,[NRSL_PHY_EVENT] event=PSSCH_DECODE_OK request_ids=107 txRnti=19 sender_l2_id=19 receiver_l2_id=16 harq_id=10 tb_size=6 tbler=0 sinr=179.403 sinrMin=158.839 reason=,000062,15_8,member_to_leader,107,107,1
3621,1,HARQ,HARQ_ACK,107,19,16,,,,,10,,,,[NRSL_HARQ_EVENT] event=HARQ_ACK request_ids=107 txRnti=19 sender_l2_id=19 receiver_l2_id=16 rxRnti=16 harq_id=10 bwp_id=0,000062,15_8,member_to_leader,107,107,1
3666,1,PHY,PSSCH_DECODE_OK,121,16,5,3882,,,,14,127863,0,,[NRSL_PHY_EVENT] event=PSSCH_DECODE_OK request_ids=121 txRnti=16 sender_l2_id=16 receiver_l2_id=5 harq_id=14 tb_size=3882 tbler=0 sinr=127863 sinrMin=100878 reason=,000062,15_7,member_to_leader,121,121,1
3667,1,HARQ,HARQ_ACK,121,16,5,,,,,14,,,,[NRSL_HARQ_EVENT] event=HARQ_ACK request_ids=121 txRnti=16 sender_l2_id=16 receiver_l2_id=5 rxRnti=5 harq_id=14 bwp_id=0,000062,15_7,member_to_leader,121,121,1
3725,1,PHY,PSSCH_DECODE_OK,91,21,3,6,,,,8,1207760.0,0,,[NRSL_PHY_EVENT] event=PSSCH_DECODE_OK request_ids=91 txRnti=21 sender_l2_id=21 receiver_l2_id=3 harq_id=8 tb_size=6 tbler=0 sinr=1.20776e+06 sinrMin=1.19842e+06 reason=,000062,11_5,member_to_leader,91,91,1
3726,1,HARQ,HARQ_ACK,91,21,3,,,,,8,,,,[NRSL_HARQ_EVENT] event=HARQ_ACK request_ids=91 txRnti=21 sender_l2_id=21 receiver_l2_id=3 rxRnti=3 harq_id=8 bwp_id=0,000062,11_5,member_to_leader,91,91,1
3728,1,PHY,PSSCH_DECODE_OK,63,14,17,6,,,,13,1009060.0,0,,[NRSL_PHY_EVENT] event=PSSCH_DECODE_OK request_ids=63 txRnti=14 sender_l2_id=14 receiver_l2_id=17 harq_id=13 tb_size=6 tbler=0 sinr=1.00906e+06 sinrMin=1.00461e+06 reason=,000062,12_9,member_to_leader,63,63,1
3729,1,HARQ,HARQ_ACK,63,14,17,,,,,13,,,,[NRSL_HARQ_EVENT] event=HARQ_ACK request_ids=63 txRnti=14 sender_l2_id=14 receiver_l2_id=17 rxRnti=17 harq_id=13 bwp_id=0,000062,12_9,member_to_leader,63,63,1
3772,1,PHY,PSSCH_DECODE_OK,65,13,4,6,,,,4,406790,0,,[NRSL_PHY_EVENT] event=PSSCH_DECODE_OK request_ids=65 txRnti=13 sender_l2_id=13 receiver_l2_id=4 harq_id=4 tb_size=6 tbler=0 sinr=406790 sinrMin=359136 reason=,000062,13_2,member_to_leader,65,65,1
3773,1,HARQ,HARQ_ACK,65,13,4,,,,,4,,,,[NRSL_HARQ_EVENT] event=HARQ_ACK request_ids=65 txRnti=13 sender_l2_id=13 receiver_l2_id=4 rxRnti=4 harq_id=4 bwp_id=0,000062,13_2,member_to_leader,65,65,1
3775,1,PHY,PSSCH_DECODE_OK,99,21,12,6,,,,9,598084,0,,[NRSL_PHY_EVENT] event=PSSCH_DECODE_OK request_ids=99 txRnti=21 sender_l2_id=21 receiver_l2_id=12 harq_id=9 tb_size=6 tbler=0 sinr=598084 sinrMin=568114 reason=,000062,11_8,member_to_leader,99,99,1
3776,1,HARQ,HARQ_ACK,99,21,12,,,,,9,,,,[NRSL_HARQ_EVENT] event=HARQ_ACK request_ids=99 txRnti=21 sender_l2_id=21 receiver_l2_id=12 rxRnti=12 harq_id=9 bwp_id=0,000062,11_8,member_to_leader,99,99,1
3800,1,PHY,PSSCH_DECODE_OK,72,14,19,6,,,,12,225654,0,,[NRSL_PHY_EVENT] event=PSSCH_DECODE_OK request_ids=72 txRnti=14 sender_l2_id=14 receiver_l2_id=19 harq_id=12 tb_size=6 tbler=0 sinr=225654 sinrMin=223181 reason=,000062,14_11,member_to_leader,72,72,1
3801,1,HARQ,HARQ_ACK,72,14,19,,,,,12,,,,[NRSL_HARQ_EVENT] event=HARQ_ACK request_ids=72 txRnti=14 sender_l2_id=14 receiver_l2_id=19 rxRnti=19 harq_id=12 bwp_id=0,000062,14_11,member_to_leader,72,72,1
3844,1,PHY,PSSCH_DECODE_OK,123,2,20,10,,,,8,43975.5,0,,[NRSL_PHY_EVENT] event=PSSCH_DECODE_OK request_ids=123 txRnti=2 sender_l2_id=2 receiver_l2_id=20 harq_id=8 tb_size=10 tbler=0 sinr=43975.5 sinrMin=43655.1 reason=,000062,14_2,member_to_leader,123,123,1
3845,1,HARQ,HARQ_ACK,123,2,20,,,,,8,,,,[NRSL_HARQ_EVENT] event=HARQ_ACK request_ids=123 txRnti=2 sender_l2_id=2 receiver_l2_id=20 rxRnti=20 harq_id=8 bwp_id=0,000062,14_2,member_to_leader,123,123,1
3847,1,PHY,PSSCH_DECODE_OK,119,3,21,10,,,,13,1688910.0,0,,[NRSL_PHY_EVENT] event=PSSCH_DECODE_OK request_ids=119 txRnti=3 sender_l2_id=3 receiver_l2_id=21 harq_id=13 tb_size=10 tbler=0 sinr=1.68891e+06 sinrMin=1.5135e+06 reason=,000062,11_6,member_to_leader,119,119,1
3848,1,HARQ,HARQ_ACK,119,3,21,,,,,13,,,,[NRSL_HARQ_EVENT] event=HARQ_ACK request_ids=119 txRnti=3 sender_l2_id=3 receiver_l2_id=21 rxRnti=21 harq_id=13 bwp_id=0,000062,11_6,member_to_leader,119,119,1
3892,1,PHY,PSSCH_DECODE_OK,97,20,2,10,,,,8,15555.7,0,,[NRSL_PHY_EVENT] event=PSSCH_DECODE_OK request_ids=97 txRnti=20 sender_l2_id=20 receiver_l2_id=2 harq_id=8 tb_size=10 tbler=0 sinr=15555.7 sinrMin=14197.4 reason=,000062,15_2,member_to_leader,97,97,1
3893,1,HARQ,HARQ_ACK,97,20,2,,,,,8,,,,[NRSL_HARQ_EVENT] event=HARQ_ACK request_ids=97 txRnti=20 sender_l2_id=20 receiver_l2_id=2 rxRnti=2 harq_id=8 bwp_id=0,000062,15_2,member_to_leader,97,97,1
3895,1,PHY,PSSCH_DECODE_OK,121,16,5,18,,,,15,555421,0,,[NRSL_PHY_EVENT] event=PSSCH_DECODE_OK request_ids=121 txRnti=16 sender_l2_id=16 receiver_l2_id=5 harq_id=15 tb_size=18 tbler=0 sinr=555421 sinrMin=482628 reason=,000062,15_7,member_to_leader,121,121,1
3896,1,HARQ,HARQ_ACK,121,16,5,,,,,15,,,,[NRSL_HARQ_EVENT] event=HARQ_ACK request_ids=121 txRnti=16 sender_l2_id=16 receiver_l2_id=5 rxRnti=5 harq_id=15 bwp_id=0,000062,15_7,member_to_leader,121,121,1
3926,1,PHY,PSSCH_DECODE_OK,117,5,16,14,,,,14,713656,0,,[NRSL_PHY_EVENT] event=PSSCH_DECODE_OK request_ids=117 txRnti=5 sender_l2_id=5 receiver_l2_id=16 harq_id=14 tb_size=14 tbler=0 sinr=713656 sinrMin=596668 reason=,000062,16_6,member_to_leader,117,117,1
3927,1,HARQ,HARQ_ACK,117,5,16,,,,,14,,,,[NRSL_HARQ_EVENT] event=HARQ_ACK request_ids=117 txRnti=5 sender_l2_id=5 receiver_l2_id=16 rxRnti=16 harq_id=14 bwp_id=0,000062,16_6,member_to_leader,117,117,1
4171,2,PHY,PSSCH_DECODE_FAIL,130,2,1,4069,,,,10,5.82095,1,decode_fail,[NRSL_PHY_EVENT] event=PSSCH_DECODE_FAIL request_ids=130 txRnti=2 sender_l2_id=2 receiver_l2_id=1 harq_id=10 tb_size=4069 tbler=1 sinr=5.82095 sinrMin=4.21587 reason=decode_fail,000064,14_1,leader_to_rsu,130,130,1
4172,2,HARQ,HARQ_NACK,130,2,1,,,,,10,,,,[NRSL_HARQ_EVENT] event=HARQ_NACK request_ids=130 txRnti=2 sender_l2_id=2 receiver_l2_id=1 rxRnti=1 harq_id=10 bwp_id=0,000064,14_1,leader_to_rsu,130,130,1
4174,2,PHY,PSSCH_DECODE_FAIL,168,3,14,4069,,,,14,8.08563,1,decode_fail,[NRSL_PHY_EVENT] event=PSSCH_DECODE_FAIL request_ids=168 txRnti=3 sender_l2_id=3 receiver_l2_id=14 harq_id=14 tb_size=4069 tbler=1 sinr=8.08563 sinrMin=6.10883 reason=decode_fail,000064,12_7,member_to_leader,168,168,1
4175,2,HARQ,HARQ_NACK,168,3,14,,,,,14,,,,[NRSL_HARQ_EVENT] event=HARQ_NACK request_ids=168 txRnti=3 sender_l2_id=3 receiver_l2_id=14 rxRnti=14 harq_id=14 bwp_id=0,000064,12_7,member_to_leader,168,168,1
4289,2,PHY,PSSCH_DECODE_FAIL,140,16,5,4069,,,,2,3.27132,1,decode_fail,[NRSL_PHY_EVENT] event=PSSCH_DECODE_FAIL request_ids=140 txRnti=16 sender_l2_id=16 receiver_l2_id=5 harq_id=2 tb_size=4069 tbler=1 sinr=3.27132 sinrMin=0.860798 reason=decode_fail,000064,17_5,member_to_leader,140,140,1
4290,2,HARQ,HARQ_NACK,140,16,5,,,,,2,,,,[NRSL_HARQ_EVENT] event=HARQ_NACK request_ids=140 txRnti=16 sender_l2_id=16 receiver_l2_id=5 rxRnti=5 harq_id=2 bwp_id=0,000064,17_5,member_to_leader,140,140,1
4433,2,PHY,PSSCH_DECODE_FAIL,131,3,21,4069,,,,1,27.4231,1,decode_fail,[NRSL_PHY_EVENT] event=PSSCH_DECODE_FAIL request_ids=131 txRnti=3 sender_l2_id=3 receiver_l2_id=21 harq_id=1 tb_size=4069 tbler=1 sinr=27.4231 sinrMin=9.80702 reason=decode_fail,000064,11_7,member_to_leader,131,131,1
4434,2,HARQ,HARQ_NACK,131,3,21,,,,,1,,,,[NRSL_HARQ_EVENT] event=HARQ_NACK request_ids=131 txRnti=3 sender_l2_id=3 receiver_l2_id=21 rxRnti=21 harq_id=1 bwp_id=0,000064,11_7,member_to_leader,131,131,1
4578,2,PHY,PSSCH_DECODE_FAIL,131,3,21,4069,,,,2,3.51859,1,decode_fail,[NRSL_PHY_EVENT] event=PSSCH_DECODE_FAIL request_ids=131 txRnti=3 sender_l2_id=3 receiver_l2_id=21 harq_id=2 tb_size=4069 tbler=1 sinr=3.51859 sinrMin=2.24742 reason=decode_fail,000064,11_7,member_to_leader,131,131,1
4579,2,HARQ,HARQ_NACK,131,3,21,,,,,2,,,,[NRSL_HARQ_EVENT] event=HARQ_NACK request_ids=131 txRnti=3 sender_l2_id=3 receiver_l2_id=21 rxRnti=21 harq_id=2 bwp_id=0,000064,11_7,member_to_leader,131,131,1
4892,2,PHY,PSSCH_DECODE_FAIL,129,13,1,2083,,,,6,0.0767055,1,sci2_decode_fail,[NRSL_PHY_EVENT] event=PSSCH_DECODE_FAIL request_ids=129 txRnti=13 sender_l2_id=13 receiver_l2_id=1 harq_id=6 tb_size=2083 tbler=1 sinr=0.0767055 sinrMin=0.0205972 reason=sci2_decode_fail,000064,13_0,leader_to_rsu,129,129,1
4894,2,PHY,PSSCH_DECODE_FAIL,182,21,1,2083,,,,13,0.638245,0.936151,sci2_decode_fail,[NRSL_PHY_EVENT] event=PSSCH_DECODE_FAIL request_ids=182 txRnti=21 sender_l2_id=21 receiver_l2_id=1 harq_id=13 tb_size=2083 tbler=0.936151 sinr=0.638245 sinrMin=0.235562 reason=sci2_decode_fail,000064,11_6,leader_to_rsu,182,182,1
5278,2,PHY,PSSCH_DECODE_FAIL,139,2,1,4069,,,,11,1.2365,1,decode_fail,[NRSL_PHY_EVENT] event=PSSCH_DECODE_FAIL request_ids=139 txRnti=2 sender_l2_id=2 receiver_l2_id=1 harq_id=11 tb_size=4069 tbler=1 sinr=1.2365 sinrMin=0.804567 reason=decode_fail,000064,14_3,leader_to_rsu,139,139,1
5279,2,HARQ,HARQ_NACK,139,2,1,,,,,11,,,,[NRSL_HARQ_EVENT] event=HARQ_NACK request_ids=139 txRnti=2 sender_l2_id=2 receiver_l2_id=1 rxRnti=1 harq_id=11 bwp_id=0,000064,14_3,leader_to_rsu,139,139,1
5281,2,PHY,PSSCH_DECODE_FAIL,175,12,1,2083,,,,3,0.0592472,1,sci2_decode_fail,[NRSL_PHY_EVENT] event=PSSCH_DECODE_FAIL request_ids=175 txRnti=12 sender_l2_id=12 receiver_l2_id=1 harq_id=3 tb_size=2083 tbler=1 sinr=0.0592472 sinrMin=0.0114761 reason=sci2_decode_fail,000064,10_6,leader_to_rsu,175,175,1
5406,2,PHY,PSSCH_DECODE_FAIL,128,4,1,4069,,,,3,0.321578,1,sci2_decode_fail,[NRSL_PHY_EVENT] event=PSSCH_DECODE_FAIL request_ids=128 txRnti=4 sender_l2_id=4 receiver_l2_id=1 harq_id=3 tb_size=4069 tbler=1 sinr=0.321578 sinrMin=0.000535342 reason=sci2_decode_fail,000064,13_2,leader_to_rsu,128,128,1
5408,2,PHY,PSSCH_DECODE_FAIL,157,2,1,2083,,,,1,11.5345,1,decode_fail,[NRSL_PHY_EVENT] event=PSSCH_DECODE_FAIL request_ids=157 txRnti=2 sender_l2_id=2 receiver_l2_id=1 harq_id=1 tb_size=2083 tbler=1 sinr=11.5345 sinrMin=8.26229 reason=decode_fail,000064,15_2,leader_to_rsu,157,157,1
5409,2,HARQ,HARQ_NACK,157,2,1,,,,,1,,,,[NRSL_HARQ_EVENT] event=HARQ_NACK request_ids=157 txRnti=2 sender_l2_id=2 receiver_l2_id=1 rxRnti=1 harq_id=1 bwp_id=0,000064,15_2,leader_to_rsu,157,157,1
5411,2,PHY,PSSCH_DECODE_FAIL,142,5,16,4069,,,,0,1.62387,1,decode_fail,[NRSL_PHY_EVENT] event=PSSCH_DECODE_FAIL request_ids=142 txRnti=5 sender_l2_id=5 receiver_l2_id=16 harq_id=0 tb_size=4069 tbler=1 sinr=1.62387 sinrMin=0.747635 reason=decode_fail,000064,18_7,member_to_leader,142,142,1
5412,2,HARQ,HARQ_NACK,142,5,16,,,,,0,,,,[NRSL_HARQ_EVENT] event=HARQ_NACK request_ids=142 txRnti=5 sender_l2_id=5 receiver_l2_id=16 rxRnti=16 harq_id=0 bwp_id=0,000064,18_7,member_to_leader,142,142,1
5566,2,PHY,PSSCH_DECODE_FAIL,178,6,1,2083,,,,1,0.0498999,1,sci2_decode_fail,[NRSL_PHY_EVENT] event=PSSCH_DECODE_FAIL request_ids=178 txRnti=6 sender_l2_id=6 receiver_l2_id=1 harq_id=1 tb_size=2083 tbler=1 sinr=0.0498999 sinrMin=0.0421489 reason=sci2_decode_fail,000064,9_6,leader_to_rsu,178,178,1
5568,2,PHY,PSSCH_DECODE_FAIL,140,16,5,4069,,,,3,1.38901,1,decode_fail,[NRSL_PHY_EVENT] event=PSSCH_DECODE_FAIL request_ids=140 txRnti=16 sender_l2_id=16 receiver_l2_id=5 harq_id=3 tb_size=4069 tbler=1 sinr=1.38901 sinrMin=0.342255 reason=decode_fail,000064,17_5,member_to_leader,140,140,1
5569,2,HARQ,HARQ_NACK,140,16,5,,,,,3,,,,[NRSL_HARQ_EVENT] event=HARQ_NACK request_ids=140 txRnti=16 sender_l2_id=16 receiver_l2_id=5 rxRnti=5 harq_id=3 bwp_id=0,000064,17_5,member_to_leader,140,140,1
5571,2,PHY,PSSCH_DECODE_FAIL,125,14,17,4069,,,,1,2.12198,1,decode_fail,[NRSL_PHY_EVENT] event=PSSCH_DECODE_FAIL request_ids=125 txRnti=14 sender_l2_id=14 receiver_l2_id=17 harq_id=1 tb_size=4069 tbler=1 sinr=2.12198 sinrMin=1.41555 reason=decode_fail,000064,12_9,member_to_leader,125,125,1
5572,2,HARQ,HARQ_NACK,125,14,17,,,,,1,,,,[NRSL_HARQ_EVENT] event=HARQ_NACK request_ids=125 txRnti=14 sender_l2_id=14 receiver_l2_id=17 rxRnti=17 harq_id=1 bwp_id=0,000064,12_9,member_to_leader,125,125,1
5696,2,PHY,PSSCH_DECODE_FAIL,150,3,1,4069,,,,4,1.70454,1,decode_fail,[NRSL_PHY_EVENT] event=PSSCH_DECODE_FAIL request_ids=150 txRnti=3 sender_l2_id=3 receiver_l2_id=1 harq_id=4 tb_size=4069 tbler=1 sinr=1.70454 sinrMin=0.768943 reason=decode_fail,000064,12_5,leader_to_rsu,150,150,1
5697,2,HARQ,HARQ_NACK,150,3,1,,,,,4,,,,[NRSL_HARQ_EVENT] event=HARQ_NACK request_ids=150 txRnti=3 sender_l2_id=3 receiver_l2_id=1 rxRnti=1 harq_id=4 bwp_id=0,000064,12_5,leader_to_rsu,150,150,1
5739,2,PHY,PSSCH_DECODE_FAIL,184,20,1,2083,,,,12,226.318,1,decode_fail,[NRSL_PHY_EVENT] event=PSSCH_DECODE_FAIL request_ids=184 txRnti=20 sender_l2_id=20 receiver_l2_id=1 harq_id=12 tb_size=2083 tbler=1 sinr=226.318 sinrMin=0.447642 reason=decode_fail,000064,14_2,leader_to_rsu,184,184,1
5740,2,HARQ,HARQ_NACK,184,20,1,,,,,12,,,,[NRSL_HARQ_EVENT] event=HARQ_NACK request_ids=184 txRnti=20 sender_l2_id=20 receiver_l2_id=1 rxRnti=1 harq_id=12 bwp_id=0,000064,14_2,leader_to_rsu,184,184,1
5742,2,PHY,PSSCH_DECODE_FAIL,135,14,19,1945,,,,2,7355.18,1,decode_fail,[NRSL_PHY_EVENT] event=PSSCH_DECODE_FAIL request_ids=135 txRnti=14 sender_l2_id=14 receiver_l2_id=19 harq_id=2 tb_size=1945 tbler=1 sinr=7355.18 sinrMin=2.82354 reason=decode_fail,000064,14_11,member_to_leader,135,135,1
5743,2,HARQ,HARQ_NACK,135,14,19,,,,,2,,,,[NRSL_HARQ_EVENT] event=HARQ_NACK request_ids=135 txRnti=14 sender_l2_id=14 receiver_l2_id=19 rxRnti=19 harq_id=2 bwp_id=0,000064,14_11,member_to_leader,135,135,1
5837,2,PHY,PSSCH_DECODE_FAIL,133,4,1,4069,,,,4,0.304996,1,sci2_decode_fail,[NRSL_PHY_EVENT] event=PSSCH_DECODE_FAIL request_ids=133 txRnti=4 sender_l2_id=4 receiver_l2_id=1 harq_id=4 tb_size=4069 tbler=1 sinr=0.304996 sinrMin=0.00175477 reason=sci2_decode_fail,000064,13_3,leader_to_rsu,133,133,1
5839,2,PHY,PSSCH_DECODE_FAIL,168,3,14,1945,,,,5,2.5667,1,decode_fail,[NRSL_PHY_EVENT] event=PSSCH_DECODE_FAIL request_ids=168 txRnti=3 sender_l2_id=3 receiver_l2_id=14 harq_id=5 tb_size=1945 tbler=1 sinr=2.5667 sinrMin=0.881954 reason=decode_fail,000064,12_7,member_to_leader,168,168,1
5840,2,HARQ,HARQ_NACK,168,3,14,,,,,5,,,,[NRSL_HARQ_EVENT] event=HARQ_NACK request_ids=168 txRnti=3 sender_l2_id=3 receiver_l2_id=14 rxRnti=14 harq_id=5 bwp_id=0,000064,12_7,member_to_leader,168,168,1
5842,2,PHY,PSSCH_DECODE_FAIL,142,5,16,4069,,,,2,3.23221,1,decode_fail,[NRSL_PHY_EVENT] event=PSSCH_DECODE_FAIL request_ids=142 txRnti=5 sender_l2_id=5 receiver_l2_id=16 harq_id=2 tb_size=4069 tbler=1 sinr=3.23221 sinrMin=1.36221 reason=decode_fail,000064,18_7,member_to_leader,142,142,1
5843,2,HARQ,HARQ_NACK,142,5,16,,,,,2,,,,[NRSL_HARQ_EVENT] event=HARQ_NACK request_ids=142 txRnti=5 sender_l2_id=5 receiver_l2_id=16 rxRnti=16 harq_id=2 bwp_id=0,000064,18_7,member_to_leader,142,142,1
5927,2,PHY,PSSCH_DECODE_FAIL,163,5,1,4069,,,,5,13.193,1,decode_fail,[NRSL_PHY_EVENT] event=PSSCH_DECODE_FAIL request_ids=163 txRnti=5 sender_l2_id=5 receiver_l2_id=1 harq_id=5 tb_size=4069 tbler=1 sinr=13.193 sinrMin=9.66283 reason=decode_fail,000064,17_7,leader_to_rsu,163,163,1
5928,2,HARQ,HARQ_NACK,163,5,1,,,,,5,,,,[NRSL_HARQ_EVENT] event=HARQ_NACK request_ids=163 txRnti=5 sender_l2_id=5 receiver_l2_id=1 rxRnti=1 harq_id=5 bwp_id=0,000064,17_7,leader_to_rsu,163,163,1
6009,2,PHY,PSSCH_DECODE_FAIL,165,16,1,4069,,,,4,3.18676,1,decode_fail,[NRSL_PHY_EVENT] event=PSSCH_DECODE_FAIL request_ids=165 txRnti=16 sender_l2_id=16 receiver_l2_id=1 harq_id=4 tb_size=4069 tbler=1 sinr=3.18676 sinrMin=1.4545 reason=decode_fail,000064,16_5,leader_to_rsu,165,165,1
6010,2,HARQ,HARQ_NACK,165,16,1,,,,,4,,,,[NRSL_HARQ_EVENT] event=HARQ_NACK request_ids=165 txRnti=16 sender_l2_id=16 receiver_l2_id=1 rxRnti=1 harq_id=4 bwp_id=0,000064,16_5,leader_to_rsu,165,165,1
6012,2,PHY,PSSCH_DECODE_FAIL,156,20,2,4069,,,,15,10.2704,1,decode_fail,[NRSL_PHY_EVENT] event=PSSCH_DECODE_FAIL request_ids=156 txRnti=20 sender_l2_id=20 receiver_l2_id=2 harq_id=15 tb_size=4069 tbler=1 sinr=10.2704 sinrMin=3.27848 reason=decode_fail,000064,15_2,member_to_leader,156,156,1
6013,2,HARQ,HARQ_NACK,156,20,2,,,,,15,,,,[NRSL_HARQ_EVENT] event=HARQ_NACK request_ids=156 txRnti=20 sender_l2_id=20 receiver_l2_id=2 rxRnti=2 harq_id=15 bwp_id=0,000064,15_2,member_to_leader,156,156,1
6184,2,PHY,PSSCH_DECODE_FAIL,162,4,1,2083,,,,5,0.10591,1,sci2_decode_fail,[NRSL_PHY_EVENT] event=PSSCH_DECODE_FAIL request_ids=162 txRnti=4 sender_l2_id=4 receiver_l2_id=1 harq_id=5 tb_size=2083 tbler=1 sinr=0.10591 sinrMin=0.00185138 reason=sci2_decode_fail,000064,12_3,leader_to_rsu,162,162,1
6186,2,PHY,PSSCH_DECODE_FAIL,140,16,5,4069,,,,5,19.1241,1,decode_fail,[NRSL_PHY_EVENT] event=PSSCH_DECODE_FAIL request_ids=140 txRnti=16 sender_l2_id=16 receiver_l2_id=5 harq_id=5 tb_size=4069 tbler=1 sinr=19.1241 sinrMin=3.00853 reason=decode_fail,000064,17_5,member_to_leader,140,140,1
6187,2,HARQ,HARQ_NACK,140,16,5,,,,,5,,,,[NRSL_HARQ_EVENT] event=HARQ_NACK request_ids=140 txRnti=16 sender_l2_id=16 receiver_l2_id=5 rxRnti=5 harq_id=5 bwp_id=0,000064,17_5,member_to_leader,140,140,1
6189,2,PHY,PSSCH_DECODE_FAIL,176,14,9,4069,,,,5,2.20691,1,decode_fail,[NRSL_PHY_EVENT] event=PSSCH_DECODE_FAIL request_ids=176 txRnti=14 sender_l2_id=14 receiver_l2_id=9 harq_id=5 tb_size=4069 tbler=1 sinr=2.20691 sinrMin=1.52213 reason=decode_fail,000064,12_10,member_to_leader,176,176,1
6190,2,HARQ,HARQ_NACK,176,14,9,,,,,5,,,,[NRSL_HARQ_EVENT] event=HARQ_NACK request_ids=176 txRnti=14 sender_l2_id=14 receiver_l2_id=9 rxRnti=9 harq_id=5 bwp_id=0,000064,12_10,member_to_leader,176,176,1
6284,2,PHY,PSSCH_DECODE_OK,154,16,5,4069,,,,8,6110.75,0,,[NRSL_PHY_EVENT] event=PSSCH_DECODE_OK request_ids=154 txRnti=16 sender_l2_id=16 receiver_l2_id=5 harq_id=8 tb_size=4069 tbler=0 sinr=6110.75 sinrMin=26.1381 reason=,000064,16_8,member_to_leader,154,154,1
6285,2,HARQ,HARQ_ACK,154,16,5,,,,,8,,,,[NRSL_HARQ_EVENT] event=HARQ_ACK request_ids=154 txRnti=16 sender_l2_id=16 receiver_l2_id=5 rxRnti=5 harq_id=8 bwp_id=0,000064,16_8,member_to_leader,154,154,1
6287,2,PHY,PSSCH_DECODE_FAIL,176,14,9,1945,,,,7,5.64388,1,decode_fail,[NRSL_PHY_EVENT] event=PSSCH_DECODE_FAIL request_ids=176 txRnti=14 sender_l2_id=14 receiver_l2_id=9 harq_id=7 tb_size=1945 tbler=1 sinr=5.64388 sinrMin=4.47983 reason=decode_fail,000064,12_10,member_to_leader,176,176,1
6288,2,HARQ,HARQ_NACK,176,14,9,,,,,7,,,,[NRSL_HARQ_EVENT] event=HARQ_NACK request_ids=176 txRnti=14 sender_l2_id=14 receiver_l2_id=9 rxRnti=9 harq_id=7 bwp_id=0,000064,12_10,member_to_leader,176,176,1
6290,2,PHY,PSSCH_DECODE_FAIL,158,21,12,4069,,,,15,5.02372,1,decode_fail,[NRSL_PHY_EVENT] event=PSSCH_DECODE_FAIL request_ids=158 txRnti=21 sender_l2_id=21 receiver_l2_id=12 harq_id=15 tb_size=4069 tbler=1 sinr=5.02372 sinrMin=0.345958 reason=decode_fail,000064,11_8,member_to_leader,158,158,1
6291,2,HARQ,HARQ_NACK,158,21,12,,,,,15,,,,[NRSL_HARQ_EVENT] event=HARQ_NACK request_ids=158 txRnti=21 sender_l2_id=21 receiver_l2_id=12 rxRnti=12 harq_id=15 bwp_id=0,000064,11_8,member_to_leader,158,158,1
6433,2,PHY,PSSCH_DECODE_FAIL,153,3,1,4069,,,,6,1.36783,1,decode_fail,[NRSL_PHY_EVENT] event=PSSCH_DECODE_FAIL request_ids=153 txRnti=3 sender_l2_id=3 receiver_l2_id=1 harq_id=6 tb_size=4069 tbler=1 sinr=1.36783 sinrMin=0.947335 reason=decode_fail,000064,11_5,leader_to_rsu,153,153,1
6434,2,HARQ,HARQ_NACK,153,3,1,,,,,6,,,,[NRSL_HARQ_EVENT] event=HARQ_NACK request_ids=153 txRnti=3 sender_l2_id=3 receiver_l2_id=1 rxRnti=1 harq_id=6 bwp_id=0,000064,11_5,leader_to_rsu,153,153,1
6436,2,PHY,PSSCH_DECODE_FAIL,125,14,17,4069,,,,6,11.1076,1,decode_fail,[NRSL_PHY_EVENT] event=PSSCH_DECODE_FAIL request_ids=125 txRnti=14 sender_l2_id=14 receiver_l2_id=17 harq_id=6 tb_size=4069 tbler=1 sinr=11.1076 sinrMin=7.5075 reason=decode_fail,000064,12_9,member_to_leader,125,125,1
6437,2,HARQ,HARQ_NACK,125,14,17,,,,,6,,,,[NRSL_HARQ_EVENT] event=HARQ_NACK request_ids=125 txRnti=14 sender_l2_id=14 receiver_l2_id=17 rxRnti=17 harq_id=6 bwp_id=0,000064,12_9,member_to_leader,125,125,1
6517,2,PHY,PSSCH_DECODE_FAIL,170,16,5,4069,,,,9,2.89122,1,decode_fail,[NRSL_PHY_EVENT] event=PSSCH_DECODE_FAIL request_ids=170 txRnti=16 sender_l2_id=16 receiver_l2_id=5 harq_id=9 tb_size=4069 tbler=1 sinr=2.89122 sinrMin=1.51399 reason=decode_fail,000064,16_4,member_to_leader,170,170,1
6518,2,HARQ,HARQ_NACK,170,16,5,,,,,9,,,,[NRSL_HARQ_EVENT] event=HARQ_NACK request_ids=170 txRnti=16 sender_l2_id=16 receiver_l2_id=5 rxRnti=5 harq_id=9 bwp_id=0,000064,16_4,member_to_leader,170,170,1
6612,2,PHY,PSSCH_DECODE_FAIL,156,20,2,3890,,,,0,1.82574,1,decode_fail,[NRSL_PHY_EVENT] event=PSSCH_DECODE_FAIL request_ids=156 txRnti=20 sender_l2_id=20 receiver_l2_id=2 harq_id=0 tb_size=3890 tbler=1 sinr=1.82574 sinrMin=1.07133 reason=decode_fail,000064,15_2,member_to_leader,156,156,1
6613,2,HARQ,HARQ_NACK,156,20,2,,,,,0,,,,[NRSL_HARQ_EVENT] event=HARQ_NACK request_ids=156 txRnti=20 sender_l2_id=20 receiver_l2_id=2 rxRnti=2 harq_id=0 bwp_id=0,000064,15_2,member_to_leader,156,156,1
6615,2,PHY,PSSCH_DECODE_FAIL,172,19,14,1945,,,,3,3.44576,1,decode_fail,[NRSL_PHY_EVENT] event=PSSCH_DECODE_FAIL request_ids=172 txRnti=19 sender_l2_id=19 receiver_l2_id=14 harq_id=3 tb_size=1945 tbler=1 sinr=3.44576 sinrMin=1.94028 reason=decode_fail,000064,13_9,member_to_leader,172,172,1
6616,2,HARQ,HARQ_NACK,172,19,14,,,,,3,,,,[NRSL_HARQ_EVENT] event=HARQ_NACK request_ids=172 txRnti=19 sender_l2_id=19 receiver_l2_id=14 rxRnti=14 harq_id=3 bwp_id=0,000064,13_9,member_to_leader,172,172,1
6618,2,PHY,PSSCH_DECODE_OK,181,3,21,3890,,,,9,109.653,0,,[NRSL_PHY_EVENT] event=PSSCH_DECODE_OK request_ids=181 txRnti=3 sender_l2_id=3 receiver_l2_id=21 harq_id=9 tb_size=3890 tbler=0 sinr=109.653 sinrMin=33.7916 reason=,000064,11_6,member_to_leader,181,181,1
6619,2,HARQ,HARQ_ACK,181,3,21,,,,,9,,,,[NRSL_HARQ_EVENT] event=HARQ_ACK request_ids=181 txRnti=3 sender_l2_id=3 receiver_l2_id=21 rxRnti=21 harq_id=9 bwp_id=0,000064,11_6,member_to_leader,181,181,1
6663,2,PHY,PSSCH_DECODE_FAIL,160,19,1,2083,,,,5,147.494,0.936151,sci2_decode_fail,[NRSL_PHY_EVENT] event=PSSCH_DECODE_FAIL request_ids=160 txRnti=19 sender_l2_id=19 receiver_l2_id=1 harq_id=5 tb_size=2083 tbler=0.936151 sinr=147.494 sinrMin=0.00742024 reason=sci2_decode_fail,000064,15_9,leader_to_rsu,160,160,1
6665,2,PHY,PSSCH_DECODE_FAIL,152,21,3,1945,,,,0,39337.3,1,decode_fail,[NRSL_PHY_EVENT] event=PSSCH_DECODE_FAIL request_ids=152 txRnti=21 sender_l2_id=21 receiver_l2_id=3 harq_id=0 tb_size=1945 tbler=1 sinr=39337.3 sinrMin=4.62183 reason=decode_fail,000064,11_5,member_to_leader,152,152,1
6666,2,HARQ,HARQ_NACK,152,21,3,,,,,0,,,,[NRSL_HARQ_EVENT] event=HARQ_NACK request_ids=152 txRnti=21 sender_l2_id=21 receiver_l2_id=3 rxRnti=3 harq_id=0 bwp_id=0,000064,11_5,member_to_leader,152,152,1
6726,2,PHY,PSSCH_DECODE_FAIL,127,13,4,1945,,,,8,2.58454,1,decode_fail,[NRSL_PHY_EVENT] event=PSSCH_DECODE_FAIL request_ids=127 txRnti=13 sender_l2_id=13 receiver_l2_id=4 harq_id=8 tb_size=1945 tbler=1 sinr=2.58454 sinrMin=1.59175 reason=decode_fail,000064,13_2,member_to_leader,127,127,1
6727,2,HARQ,HARQ_NACK,127,13,4,,,,,8,,,,[NRSL_HARQ_EVENT] event=HARQ_NACK request_ids=127 txRnti=13 sender_l2_id=13 receiver_l2_id=4 rxRnti=4 harq_id=8 bwp_id=0,000064,13_2,member_to_leader,127,127,1
6729,2,PHY,PSSCH_DECODE_FAIL,164,5,16,4069,,,,7,61606.3,1,decode_fail,[NRSL_PHY_EVENT] event=PSSCH_DECODE_FAIL request_ids=164 txRnti=5 sender_l2_id=5 receiver_l2_id=16 harq_id=7 tb_size=4069 tbler=1 sinr=61606.3 sinrMin=3.62931 reason=decode_fail,000064,16_5,member_to_leader,164,164,1
6730,2,HARQ,HARQ_NACK,164,5,16,,,,,7,,,,[NRSL_HARQ_EVENT] event=HARQ_NACK request_ids=164 txRnti=5 sender_l2_id=5 receiver_l2_id=16 rxRnti=16 harq_id=7 bwp_id=0,000064,16_5,member_to_leader,164,164,1
6825,2,PHY,PSSCH_DECODE_FAIL,171,5,1,4069,,,,6,0.963231,0.936151,sci2_decode_fail,[NRSL_PHY_EVENT] event=PSSCH_DECODE_FAIL request_ids=171 txRnti=5 sender_l2_id=5 receiver_l2_id=1 harq_id=6 tb_size=4069 tbler=0.936151 sinr=0.963231 sinrMin=0.187718 reason=sci2_decode_fail,000064,16_4,leader_to_rsu,171,171,1
6827,2,PHY,PSSCH_DECODE_FAIL,161,3,1,2083,,,,7,2.70016,1,decode_fail,[NRSL_PHY_EVENT] event=PSSCH_DECODE_FAIL request_ids=161 txRnti=3 sender_l2_id=3 receiver_l2_id=1 harq_id=7 tb_size=2083 tbler=1 sinr=2.70016 sinrMin=2.57812 reason=decode_fail,000064,11_4,leader_to_rsu,161,161,1
6828,2,HARQ,HARQ_NACK,161,3,1,,,,,7,,,,[NRSL_HARQ_EVENT] event=HARQ_NACK request_ids=161 txRnti=3 sender_l2_id=3 receiver_l2_id=1 rxRnti=1 harq_id=7 bwp_id=0,000064,11_4,leader_to_rsu,161,161,1
6902,2,PHY,PSSCH_DECODE_FAIL,170,16,5,4069,,,,11,47799.5,1,decode_fail,[NRSL_PHY_EVENT] event=PSSCH_DECODE_FAIL request_ids=170 txRnti=16 sender_l2_id=16 receiver_l2_id=5 harq_id=11 tb_size=4069 tbler=1 sinr=47799.5 sinrMin=11.0796 reason=decode_fail,000064,16_4,member_to_leader,170,170,1
6903,2,HARQ,HARQ_NACK,170,16,5,,,,,11,,,,[NRSL_HARQ_EVENT] event=HARQ_NACK request_ids=170 txRnti=16 sender_l2_id=16 receiver_l2_id=5 rxRnti=5 harq_id=11 bwp_id=0,000064,16_4,member_to_leader,170,170,1
6905,2,PHY,PSSCH_DECODE_FAIL,158,21,12,1945,,,,1,2.13912,1,decode_fail,[NRSL_PHY_EVENT] event=PSSCH_DECODE_FAIL request_ids=158 txRnti=21 sender_l2_id=21 receiver_l2_id=12 harq_id=1 tb_size=1945 tbler=1 sinr=2.13912 sinrMin=1.18481 reason=decode_fail,000064,11_8,member_to_leader,158,158,1
6906,2,HARQ,HARQ_NACK,158,21,12,,,,,1,,,,[NRSL_HARQ_EVENT] event=HARQ_NACK request_ids=158 txRnti=21 sender_l2_id=21 receiver_l2_id=12 rxRnti=12 harq_id=1 bwp_id=0,000064,11_8,member_to_leader,158,158,1
6908,2,PHY,PSSCH_DECODE_FAIL,125,14,17,1945,,,,8,2.12395,1,decode_fail,[NRSL_PHY_EVENT] event=PSSCH_DECODE_FAIL request_ids=125 txRnti=14 sender_l2_id=14 receiver_l2_id=17 harq_id=8 tb_size=1945 tbler=1 sinr=2.12395 sinrMin=1.81768 reason=decode_fail,000064,12_9,member_to_leader,125,125,1
6909,2,HARQ,HARQ_NACK,125,14,17,,,,,8,,,,[NRSL_HARQ_EVENT] event=HARQ_NACK request_ids=125 txRnti=14 sender_l2_id=14 receiver_l2_id=17 rxRnti=17 harq_id=8 bwp_id=0,000064,12_9,member_to_leader,125,125,1
6953,2,PHY,PSSCH_DECODE_OK,164,5,16,4069,,,,8,125394,0,,[NRSL_PHY_EVENT] event=PSSCH_DECODE_OK request_ids=164 txRnti=5 sender_l2_id=5 receiver_l2_id=16 harq_id=8 tb_size=4069 tbler=0 sinr=125394 sinrMin=31855.8 reason=,000064,16_5,member_to_leader,164,164,1
6954,2,HARQ,HARQ_ACK,164,5,16,,,,,8,,,,[NRSL_HARQ_EVENT] event=HARQ_ACK request_ids=164 txRnti=5 sender_l2_id=5 receiver_l2_id=16 rxRnti=16 harq_id=8 bwp_id=0,000064,16_5,member_to_leader,164,164,1
6978,2,PHY,PSSCH_DECODE_OK,186,5,1,2083,,,,9,4881.93,0,,[NRSL_PHY_EVENT] event=PSSCH_DECODE_OK request_ids=186 txRnti=5 sender_l2_id=5 receiver_l2_id=1 harq_id=9 tb_size=2083 tbler=0 sinr=4881.93 sinrMin=4060.28 reason=,000064,15_7,leader_to_rsu,186,186,1
6979,2,HARQ,HARQ_ACK,186,5,1,,,,,9,,,,[NRSL_HARQ_EVENT] event=HARQ_ACK request_ids=186 txRnti=5 sender_l2_id=5 receiver_l2_id=1 rxRnti=1 harq_id=9 bwp_id=0,000064,15_7,leader_to_rsu,186,186,1
7008,2,PHY,PSSCH_DECODE_OK,180,16,1,2083,,,,10,1804.98,0,,[NRSL_PHY_EVENT] event=PSSCH_DECODE_OK request_ids=180 txRnti=16 sender_l2_id=16 receiver_l2_id=1 harq_id=10 tb_size=2083 tbler=0 sinr=1804.98 sinrMin=1746.35 reason=,000064,16_6,leader_to_rsu,180,180,1
7009,2,HARQ,HARQ_ACK,180,16,1,,,,,10,,,,[NRSL_HARQ_EVENT] event=HARQ_ACK request_ids=180 txRnti=16 sender_l2_id=16 receiver_l2_id=1 rxRnti=1 harq_id=10 bwp_id=0,000064,16_6,leader_to_rsu,180,180,1
7058,2,PHY,PSSCH_DECODE_OK,170,16,5,4069,,,,13,126228,0,,[NRSL_PHY_EVENT] event=PSSCH_DECODE_OK request_ids=170 txRnti=16 sender_l2_id=16 receiver_l2_id=5 harq_id=13 tb_size=4069 tbler=0 sinr=126228 sinrMin=48110.4 reason=,000064,16_4,member_to_leader,170,170,1
7059,2,HARQ,HARQ_ACK,170,16,5,,,,,13,,,,[NRSL_HARQ_EVENT] event=HARQ_ACK request_ids=170 txRnti=16 sender_l2_id=16 receiver_l2_id=5 rxRnti=5 harq_id=13 bwp_id=0,000064,16_4,member_to_leader,170,170,1
7104,2,PHY,PSSCH_DECODE_OK,179,5,16,4069,,,,10,127178,0,,[NRSL_PHY_EVENT] event=PSSCH_DECODE_OK request_ids=179 txRnti=5 sender_l2_id=5 receiver_l2_id=16 harq_id=10 tb_size=4069 tbler=0 sinr=127178 sinrMin=37361 reason=,000064,16_6,member_to_leader,179,179,1
7105,2,HARQ,HARQ_ACK,179,5,16,,,,,10,,,,[NRSL_HARQ_EVENT] event=HARQ_ACK request_ids=179 txRnti=5 sender_l2_id=5 receiver_l2_id=16 rxRnti=16 harq_id=10 bwp_id=0,000064,16_6,member_to_leader,179,179,1
7167,2,PHY,PSSCH_DECODE_OK,179,5,16,4069,,,,11,132135,0,,[NRSL_PHY_EVENT] event=PSSCH_DECODE_OK request_ids=179 txRnti=5 sender_l2_id=5 receiver_l2_id=16 harq_id=11 tb_size=4069 tbler=0 sinr=132135 sinrMin=5.70059 reason=,000064,16_6,member_to_leader,179,179,1
7168,2,HARQ,HARQ_ACK,179,5,16,,,,,11,,,,[NRSL_HARQ_EVENT] event=HARQ_ACK request_ids=179 txRnti=5 sender_l2_id=5 receiver_l2_id=16 rxRnti=16 harq_id=11 bwp_id=0,000064,16_6,member_to_leader,179,179,1
7170,2,PHY,PSSCH_DECODE_FAIL,183,2,20,10,,,,0,2.89092,1,decode_fail,[NRSL_PHY_EVENT] event=PSSCH_DECODE_FAIL request_ids=183 txRnti=2 sender_l2_id=2 receiver_l2_id=20 harq_id=0 tb_size=10 tbler=1 sinr=2.89092 sinrMin=2.87711 reason=decode_fail,000064,14_2,member_to_leader,183,183,1
7171,2,HARQ,HARQ_NACK,183,2,20,,,,,0,,,,[NRSL_HARQ_EVENT] event=HARQ_NACK request_ids=183 txRnti=2 sender_l2_id=2 receiver_l2_id=20 rxRnti=20 harq_id=0 bwp_id=0,000064,14_2,member_to_leader,183,183,1
7213,2,PHY,PSSCH_DECODE_OK,166,19,16,6,,,,6,351150,0,,[NRSL_PHY_EVENT] event=PSSCH_DECODE_OK request_ids=166 txRnti=19 sender_l2_id=19 receiver_l2_id=16 harq_id=6 tb_size=6 tbler=0 sinr=351150 sinrMin=299521 reason=,000064,15_8,member_to_leader,166,166,1
7214,2,HARQ,HARQ_ACK,166,19,16,,,,,6,,,,[NRSL_HARQ_EVENT] event=HARQ_ACK request_ids=166 txRnti=19 sender_l2_id=19 receiver_l2_id=16 rxRnti=16 harq_id=6 bwp_id=0,000064,15_8,member_to_leader,166,166,1
7240,2,PHY,PSSCH_DECODE_OK,168,3,14,6,,,,10,155856,0,,[NRSL_PHY_EVENT] event=PSSCH_DECODE_OK request_ids=168 txRnti=3 sender_l2_id=3 receiver_l2_id=14 harq_id=10 tb_size=6 tbler=0 sinr=155856 sinrMin=154761 reason=,000064,12_7,member_to_leader,168,168,1
7241,2,HARQ,HARQ_ACK,168,3,14,,,,,10,,,,[NRSL_HARQ_EVENT] event=HARQ_ACK request_ids=168 txRnti=3 sender_l2_id=3 receiver_l2_id=14 rxRnti=14 harq_id=10 bwp_id=0,000064,12_7,member_to_leader,168,168,1
7265,2,PHY,PSSCH_DECODE_OK,172,19,14,6,,,,7,137795,0,,[NRSL_PHY_EVENT] event=PSSCH_DECODE_OK request_ids=172 txRnti=19 sender_l2_id=19 receiver_l2_id=14 harq_id=7 tb_size=6 tbler=0 sinr=137795 sinrMin=128818 reason=,000064,13_9,member_to_leader,172,172,1
7266,2,HARQ,HARQ_ACK,172,19,14,,,,,7,,,,[NRSL_HARQ_EVENT] event=HARQ_ACK request_ids=172 txRnti=19 sender_l2_id=19 receiver_l2_id=14 rxRnti=14 harq_id=7 bwp_id=0,000064,13_9,member_to_leader,172,172,1
7327,2,PHY,PSSCH_DECODE_OK,152,21,3,6,,,,2,5517.74,0,,[NRSL_PHY_EVENT] event=PSSCH_DECODE_OK request_ids=152 txRnti=21 sender_l2_id=21 receiver_l2_id=3 harq_id=2 tb_size=6 tbler=0 sinr=5517.74 sinrMin=4928.16 reason=,000064,11_5,member_to_leader,152,152,1
7328,2,HARQ,HARQ_ACK,152,21,3,,,,,2,,,,[NRSL_HARQ_EVENT] event=HARQ_ACK request_ids=152 txRnti=21 sender_l2_id=21 receiver_l2_id=3 rxRnti=3 harq_id=2 bwp_id=0,000064,11_5,member_to_leader,152,152,1
7330,2,PHY,PSSCH_DECODE_OK,185,16,5,4069,,,,12,133074,0,,[NRSL_PHY_EVENT] event=PSSCH_DECODE_OK request_ids=185 txRnti=16 sender_l2_id=16 receiver_l2_id=5 harq_id=12 tb_size=4069 tbler=0 sinr=133074 sinrMin=2.93005 reason=,000064,15_7,member_to_leader,185,185,1
7331,2,HARQ,HARQ_ACK,185,16,5,,,,,12,,,,[NRSL_HARQ_EVENT] event=HARQ_ACK request_ids=185 txRnti=16 sender_l2_id=16 receiver_l2_id=5 rxRnti=5 harq_id=12 bwp_id=0,000064,15_7,member_to_leader,185,185,1
7356,2,PHY,PSSCH_DECODE_OK,176,14,9,6,,,,10,701540,0,,[NRSL_PHY_EVENT] event=PSSCH_DECODE_OK request_ids=176 txRnti=14 sender_l2_id=14 receiver_l2_id=9 harq_id=10 tb_size=6 tbler=0 sinr=701540 sinrMin=540866 reason=,000064,12_10,member_to_leader,176,176,1
7357,2,HARQ,HARQ_ACK,176,14,9,,,,,10,,,,[NRSL_HARQ_EVENT] event=HARQ_ACK request_ids=176 txRnti=14 sender_l2_id=14 receiver_l2_id=9 rxRnti=9 harq_id=10 bwp_id=0,000064,12_10,member_to_leader,176,176,1
7383,2,PHY,PSSCH_DECODE_OK,181,3,21,10,,,,11,1601330.0,0,,[NRSL_PHY_EVENT] event=PSSCH_DECODE_OK request_ids=181 txRnti=3 sender_l2_id=3 receiver_l2_id=21 harq_id=11 tb_size=10 tbler=0 sinr=1.60133e+06 sinrMin=1.43111e+06 reason=,000064,11_6,member_to_leader,181,181,1
7384,2,HARQ,HARQ_ACK,181,3,21,,,,,11,,,,[NRSL_HARQ_EVENT] event=HARQ_ACK request_ids=181 txRnti=3 sender_l2_id=3 receiver_l2_id=21 rxRnti=21 harq_id=11 bwp_id=0,000064,11_6,member_to_leader,181,181,1
7408,2,PHY,PSSCH_DECODE_OK,127,13,4,6,,,,9,48576.2,0,,[NRSL_PHY_EVENT] event=PSSCH_DECODE_OK request_ids=127 txRnti=13 sender_l2_id=13 receiver_l2_id=4 harq_id=9 tb_size=6 tbler=0 sinr=48576.2 sinrMin=42841.5 reason=,000064,13_2,member_to_leader,127,127,1
7409,2,HARQ,HARQ_ACK,127,13,4,,,,,9,,,,[NRSL_HARQ_EVENT] event=HARQ_ACK request_ids=127 txRnti=13 sender_l2_id=13 receiver_l2_id=4 rxRnti=4 harq_id=9 bwp_id=0,000064,13_2,member_to_leader,127,127,1
7484,2,PHY,PSSCH_DECODE_FAIL,156,20,2,10,,,,1,9.87532,1,decode_fail,[NRSL_PHY_EVENT] event=PSSCH_DECODE_FAIL request_ids=156 txRnti=20 sender_l2_id=20 receiver_l2_id=2 harq_id=1 tb_size=10 tbler=1 sinr=9.87532 sinrMin=9.67164 reason=decode_fail,000064,15_2,member_to_leader,156,156,1
7485,2,HARQ,HARQ_NACK,156,20,2,,,,,1,,,,[NRSL_HARQ_EVENT] event=HARQ_NACK request_ids=156 txRnti=20 sender_l2_id=20 receiver_l2_id=2 rxRnti=2 harq_id=1 bwp_id=0,000064,15_2,member_to_leader,156,156,1
7527,2,PHY,PSSCH_DECODE_OK,158,21,12,6,,,,5,421182,0,,[NRSL_PHY_EVENT] event=PSSCH_DECODE_OK request_ids=158 txRnti=21 sender_l2_id=21 receiver_l2_id=12 harq_id=5 tb_size=6 tbler=0 sinr=421182 sinrMin=402109 reason=,000064,11_8,member_to_leader,158,158,1
7528,2,HARQ,HARQ_ACK,158,21,12,,,,,5,,,,[NRSL_HARQ_EVENT] event=HARQ_ACK request_ids=158 txRnti=21 sender_l2_id=21 receiver_l2_id=12 rxRnti=12 harq_id=5 bwp_id=0,000064,11_8,member_to_leader,158,158,1
7530,2,PHY,PSSCH_DECODE_OK,125,14,17,6,,,,11,1043410.0,0,,[NRSL_PHY_EVENT] event=PSSCH_DECODE_OK request_ids=125 txRnti=14 sender_l2_id=14 receiver_l2_id=17 harq_id=11 tb_size=6 tbler=0 sinr=1.04341e+06 sinrMin=1.00293e+06 reason=,000064,12_9,member_to_leader,125,125,1
7531,2,HARQ,HARQ_ACK,125,14,17,,,,,11,,,,[NRSL_HARQ_EVENT] event=HARQ_ACK request_ids=125 txRnti=14 sender_l2_id=14 receiver_l2_id=17 rxRnti=17 harq_id=11 bwp_id=0,000064,12_9,member_to_leader,125,125,1
7556,2,PHY,PSSCH_DECODE_OK,179,5,16,14,,,,13,1235420.0,0,,[NRSL_PHY_EVENT] event=PSSCH_DECODE_OK request_ids=179 txRnti=5 sender_l2_id=5 receiver_l2_id=16 harq_id=13 tb_size=14 tbler=0 sinr=1.23542e+06 sinrMin=1.16556e+06 reason=,000064,16_6,member_to_leader,179,179,1
7557,2,HARQ,HARQ_ACK,179,5,16,,,,,13,,,,[NRSL_HARQ_EVENT] event=HARQ_ACK request_ids=179 txRnti=5 sender_l2_id=5 receiver_l2_id=16 rxRnti=16 harq_id=13 bwp_id=0,000064,16_6,member_to_leader,179,179,1
7581,2,PHY,PSSCH_DECODE_OK,185,16,5,18,,,,15,1143720.0,0,,[NRSL_PHY_EVENT] event=PSSCH_DECODE_OK request_ids=185 txRnti=16 sender_l2_id=16 receiver_l2_id=5 harq_id=15 tb_size=18 tbler=0 sinr=1.14372e+06 sinrMin=957736 reason=,000064,15_7,member_to_leader,185,185,1
7582,2,HARQ,HARQ_ACK,185,16,5,,,,,15,,,,[NRSL_HARQ_EVENT] event=HARQ_ACK request_ids=185 txRnti=16 sender_l2_id=16 receiver_l2_id=5 rxRnti=5 harq_id=15 bwp_id=0,000064,15_7,member_to_leader,185,185,1
7775,3,PHY,PSSCH_DECODE_OK,193,20,1,4069,,,,2,444.04,0,,[NRSL_PHY_EVENT] event=PSSCH_DECODE_OK request_ids=193 txRnti=20 sender_l2_id=20 receiver_l2_id=1 harq_id=2 tb_size=4069 tbler=0 sinr=444.04 sinrMin=157.212 reason=,000066,15_4,leader_to_rsu,193,193,1
7776,3,HARQ,HARQ_ACK,193,20,1,,,,,2,,,,[NRSL_HARQ_EVENT] event=HARQ_ACK request_ids=193 txRnti=20 sender_l2_id=20 receiver_l2_id=1 rxRnti=1 harq_id=2 bwp_id=0,000066,15_4,leader_to_rsu,193,193,1
8045,3,PHY,PSSCH_DECODE_FAIL,191,13,1,2083,,,,10,0.262821,1,sci2_decode_fail,[NRSL_PHY_EVENT] event=PSSCH_DECODE_FAIL request_ids=191 txRnti=13 sender_l2_id=13 receiver_l2_id=1 harq_id=10 tb_size=2083 tbler=1 sinr=0.262821 sinrMin=0.189121 reason=sci2_decode_fail,000066,13_0,leader_to_rsu,191,191,1
8237,3,PHY,PSSCH_DECODE_FAIL,206,2,20,4069,,,,3,0.444462,1,sci2_decode_fail,[NRSL_PHY_EVENT] event=PSSCH_DECODE_FAIL request_ids=206 txRnti=2 sender_l2_id=2 receiver_l2_id=20 harq_id=3 tb_size=4069 tbler=1 sinr=0.444462 sinrMin=0.249238 reason=sci2_decode_fail,000066,15_3,member_to_leader,206,206,1
8303,3,PHY,PSSCH_DECODE_FAIL,236,7,1,2083,,,,2,1.3774,1,decode_fail,[NRSL_PHY_EVENT] event=PSSCH_DECODE_FAIL request_ids=236 txRnti=7 sender_l2_id=7 receiver_l2_id=1 harq_id=2 tb_size=2083 tbler=1 sinr=1.3774 sinrMin=1.21349 reason=decode_fail,000066,6_13,leader_to_rsu,236,236,1
8304,3,HARQ,HARQ_NACK,236,7,1,,,,,2,,,,[NRSL_HARQ_EVENT] event=HARQ_NACK request_ids=236 txRnti=7 sender_l2_id=7 receiver_l2_id=1 rxRnti=1 harq_id=2 bwp_id=0,000066,6_13,leader_to_rsu,236,236,1
8306,3,PHY,PSSCH_DECODE_OK,230,19,16,4069,,,,8,14185,0,,[NRSL_PHY_EVENT] event=PSSCH_DECODE_OK request_ids=230 txRnti=19 sender_l2_id=19 receiver_l2_id=16 harq_id=8 tb_size=4069 tbler=0 sinr=14185 sinrMin=103.647 reason=,000066,15_8,member_to_leader,230,230,1
8307,3,HARQ,HARQ_ACK,230,19,16,,,,,8,,,,[NRSL_HARQ_EVENT] event=HARQ_ACK request_ids=230 txRnti=19 sender_l2_id=19 receiver_l2_id=16 rxRnti=16 harq_id=8 bwp_id=0,000066,15_8,member_to_leader,230,230,1
8701,3,PHY,PSSCH_DECODE_FAIL,192,2,1,4069,,,,2,1.58556,1,decode_fail,[NRSL_PHY_EVENT] event=PSSCH_DECODE_FAIL request_ids=192 txRnti=2 sender_l2_id=2 receiver_l2_id=1 harq_id=2 tb_size=4069 tbler=1 sinr=1.58556 sinrMin=0.887118 reason=decode_fail,000066,14_1,leader_to_rsu,192,192,1
8702,3,HARQ,HARQ_NACK,192,2,1,,,,,2,,,,[NRSL_HARQ_EVENT] event=HARQ_NACK request_ids=192 txRnti=2 sender_l2_id=2 receiver_l2_id=1 rxRnti=1 harq_id=2 bwp_id=0,000066,14_1,leader_to_rsu,192,192,1
8704,3,PHY,PSSCH_DECODE_FAIL,222,21,12,4069,,,,9,0.471246,1,sci2_decode_fail,[NRSL_PHY_EVENT] event=PSSCH_DECODE_FAIL request_ids=222 txRnti=21 sender_l2_id=21 receiver_l2_id=12 harq_id=9 tb_size=4069 tbler=1 sinr=0.471246 sinrMin=0.182581 reason=sci2_decode_fail,000066,11_8,member_to_leader,222,222,1
8706,3,PHY,PSSCH_DECODE_FAIL,187,14,17,4069,,,,13,1.38933,1,decode_fail,[NRSL_PHY_EVENT] event=PSSCH_DECODE_FAIL request_ids=187 txRnti=14 sender_l2_id=14 receiver_l2_id=17 harq_id=13 tb_size=4069 tbler=1 sinr=1.38933 sinrMin=1.01824 reason=decode_fail,000066,12_9,member_to_leader,187,187,1
8707,3,HARQ,HARQ_NACK,187,14,17,,,,,13,,,,[NRSL_HARQ_EVENT] event=HARQ_NACK request_ids=187 txRnti=14 sender_l2_id=14 receiver_l2_id=17 rxRnti=17 harq_id=13 bwp_id=0,000066,12_9,member_to_leader,187,187,1
8878,3,PHY,PSSCH_DECODE_FAIL,188,17,1,2083,,,,2,0.103725,1,sci2_decode_fail,[NRSL_PHY_EVENT] event=PSSCH_DECODE_FAIL request_ids=188 txRnti=17 sender_l2_id=17 receiver_l2_id=1 harq_id=2 tb_size=2083 tbler=1 sinr=0.103725 sinrMin=0.0562969 reason=sci2_decode_fail,000066,12_9,leader_to_rsu,188,188,1
8880,3,PHY,PSSCH_DECODE_FAIL,204,5,16,4069,,,,0,4.03031,1,decode_fail,[NRSL_PHY_EVENT] event=PSSCH_DECODE_FAIL request_ids=204 txRnti=5 sender_l2_id=5 receiver_l2_id=16 harq_id=0 tb_size=4069 tbler=1 sinr=4.03031 sinrMin=0.309608 reason=decode_fail,000066,18_7,member_to_leader,204,204,1
8881,3,HARQ,HARQ_NACK,204,5,16,,,,,0,,,,[NRSL_HARQ_EVENT] event=HARQ_NACK request_ids=204 txRnti=5 sender_l2_id=5 receiver_l2_id=16 rxRnti=16 harq_id=0 bwp_id=0,000066,18_7,member_to_leader,204,204,1
8962,3,PHY,PSSCH_DECODE_FAIL,217,14,1,4069,,,,14,37.8405,1,decode_fail,[NRSL_PHY_EVENT] event=PSSCH_DECODE_FAIL request_ids=217 txRnti=14 sender_l2_id=14 receiver_l2_id=1 harq_id=14 tb_size=4069 tbler=1 sinr=37.8405 sinrMin=4.70764 reason=decode_fail,000066,13_9,leader_to_rsu,217,217,1
8963,3,HARQ,HARQ_NACK,217,14,1,,,,,14,,,,[NRSL_HARQ_EVENT] event=HARQ_NACK request_ids=217 txRnti=14 sender_l2_id=14 receiver_l2_id=1 rxRnti=1 harq_id=14 bwp_id=0,000066,13_9,leader_to_rsu,217,217,1
9090,3,PHY,PSSCH_DECODE_FAIL,237,12,1,2083,,,,5,0.886612,1,decode_fail,[NRSL_PHY_EVENT] event=PSSCH_DECODE_FAIL request_ids=237 txRnti=12 sender_l2_id=12 receiver_l2_id=1 harq_id=5 tb_size=2083 tbler=1 sinr=0.886612 sinrMin=0.465219 reason=decode_fail,000066,10_6,leader_to_rsu,237,237,1
9091,3,HARQ,HARQ_NACK,237,12,1,,,,,5,,,,[NRSL_HARQ_EVENT] event=HARQ_NACK request_ids=237 txRnti=12 sender_l2_id=12 receiver_l2_id=1 rxRnti=1 harq_id=5 bwp_id=0,000066,10_6,leader_to_rsu,237,237,1
9093,3,PHY,PSSCH_DECODE_FAIL,200,20,2,4069,,,,6,0.684377,0.936151,sci2_decode_fail,[NRSL_PHY_EVENT] event=PSSCH_DECODE_FAIL request_ids=200 txRnti=20 sender_l2_id=20 receiver_l2_id=2 harq_id=6 tb_size=4069 tbler=0.936151 sinr=0.684377 sinrMin=0.33629 reason=sci2_decode_fail,000066,14_3,member_to_leader,200,200,1
9095,3,PHY,PSSCH_DECODE_FAIL,187,14,17,4069,,,,15,2.73694,1,decode_fail,[NRSL_PHY_EVENT] event=PSSCH_DECODE_FAIL request_ids=187 txRnti=14 sender_l2_id=14 receiver_l2_id=17 harq_id=15 tb_size=4069 tbler=1 sinr=2.73694 sinrMin=1.21982 reason=decode_fail,000066,12_9,member_to_leader,187,187,1
9096,3,HARQ,HARQ_NACK,187,14,17,,,,,15,,,,[NRSL_HARQ_EVENT] event=HARQ_NACK request_ids=187 txRnti=14 sender_l2_id=14 receiver_l2_id=17 rxRnti=17 harq_id=15 bwp_id=0,000066,12_9,member_to_leader,187,187,1
9098,3,PHY,PSSCH_DECODE_FAIL,194,3,21,4069,,,,1,6.54801,1,decode_fail,[NRSL_PHY_EVENT] event=PSSCH_DECODE_FAIL request_ids=194 txRnti=3 sender_l2_id=3 receiver_l2_id=21 harq_id=1 tb_size=4069 tbler=1 sinr=6.54801 sinrMin=3.33166 reason=decode_fail,000066,11_7,member_to_leader,194,194,1
9099,3,HARQ,HARQ_NACK,194,3,21,,,,,1,,,,[NRSL_HARQ_EVENT] event=HARQ_NACK request_ids=194 txRnti=3 sender_l2_id=3 receiver_l2_id=21 rxRnti=21 harq_id=1 bwp_id=0,000066,11_7,member_to_leader,194,194,1
9215,3,PHY,PSSCH_DECODE_FAIL,189,13,4,4069,,,,12,2.0686,1,decode_fail,[NRSL_PHY_EVENT] event=PSSCH_DECODE_FAIL request_ids=189 txRnti=13 sender_l2_id=13 receiver_l2_id=4 harq_id=12 tb_size=4069 tbler=1 sinr=2.0686 sinrMin=0.38188 reason=decode_fail,000066,13_2,member_to_leader,189,189,1
9216,3,HARQ,HARQ_NACK,189,13,4,,,,,12,,,,[NRSL_HARQ_EVENT] event=HARQ_NACK request_ids=189 txRnti=13 sender_l2_id=13 receiver_l2_id=4 rxRnti=4 harq_id=12 bwp_id=0,000066,13_2,member_to_leader,189,189,1
9218,3,PHY,PSSCH_DECODE_FAIL,216,19,14,4069,,,,11,3.8104,1,decode_fail,[NRSL_PHY_EVENT] event=PSSCH_DECODE_FAIL request_ids=216 txRnti=19 sender_l2_id=19 receiver_l2_id=14 harq_id=11 tb_size=4069 tbler=1 sinr=3.8104 sinrMin=2.94366 reason=decode_fail,000066,13_9,member_to_leader,216,216,1
9219,3,HARQ,HARQ_NACK,216,19,14,,,,,11,,,,[NRSL_HARQ_EVENT] event=HARQ_NACK request_ids=216 txRnti=19 sender_l2_id=19 receiver_l2_id=14 rxRnti=14 harq_id=11 bwp_id=0,000066,13_9,member_to_leader,216,216,1
9360,3,PHY,PSSCH_DECODE_FAIL,246,20,1,2083,,,,5,0.0998612,1,sci2_decode_fail,[NRSL_PHY_EVENT] event=PSSCH_DECODE_FAIL request_ids=246 txRnti=20 sender_l2_id=20 receiver_l2_id=1 harq_id=5 tb_size=2083 tbler=1 sinr=0.0998612 sinrMin=0.0139482 reason=sci2_decode_fail,000066,14_2,leader_to_rsu,246,246,1
9460,3,PHY,PSSCH_DECODE_FAIL,201,2,1,4069,,,,6,6315.35,1,decode_fail,[NRSL_PHY_EVENT] event=PSSCH_DECODE_FAIL request_ids=201 txRnti=2 sender_l2_id=2 receiver_l2_id=1 harq_id=6 tb_size=4069 tbler=1 sinr=6315.35 sinrMin=0.427501 reason=decode_fail,000066,14_3,leader_to_rsu,201,201,1
9461,3,HARQ,HARQ_NACK,201,2,1,,,,,6,,,,[NRSL_HARQ_EVENT] event=HARQ_NACK request_ids=201 txRnti=2 sender_l2_id=2 receiver_l2_id=1 rxRnti=1 harq_id=6 bwp_id=0,000066,14_3,leader_to_rsu,201,201,1
9464,3,PHY,PSSCH_DECODE_FAIL,189,13,4,1945,,,,13,0.999173,1,decode_fail,[NRSL_PHY_EVENT] event=PSSCH_DECODE_FAIL request_ids=189 txRnti=13 sender_l2_id=13 receiver_l2_id=4 harq_id=13 tb_size=1945 tbler=1 sinr=0.999173 sinrMin=0.725129 reason=decode_fail,000066,13_2,member_to_leader,189,189,1
9465,3,HARQ,HARQ_NACK,189,13,4,,,,,13,,,,[NRSL_HARQ_EVENT] event=HARQ_NACK request_ids=189 txRnti=13 sender_l2_id=13 receiver_l2_id=4 rxRnti=4 harq_id=13 bwp_id=0,000066,13_2,member_to_leader,189,189,1
9467,3,PHY,PSSCH_DECODE_FAIL,222,21,12,1945,,,,10,0.714155,0.936151,sci2_decode_fail,[NRSL_PHY_EVENT] event=PSSCH_DECODE_FAIL request_ids=222 txRnti=21 sender_l2_id=21 receiver_l2_id=12 harq_id=10 tb_size=1945 tbler=0.936151 sinr=0.714155 sinrMin=0.607623 reason=sci2_decode_fail,000066,11_8,member_to_leader,222,222,1
9573,3,PHY,PSSCH_DECODE_FAIL,226,4,1,2083,,,,8,1.37036,1,decode_fail,[NRSL_PHY_EVENT] event=PSSCH_DECODE_FAIL request_ids=226 txRnti=4 sender_l2_id=4 receiver_l2_id=1 harq_id=8 tb_size=2083 tbler=1 sinr=1.37036 sinrMin=0.799429 reason=decode_fail,000066,12_3,leader_to_rsu,226,226,1
9574,3,HARQ,HARQ_NACK,226,4,1,,,,,8,,,,[NRSL_HARQ_EVENT] event=HARQ_NACK request_ids=226 txRnti=4 sender_l2_id=4 receiver_l2_id=1 rxRnti=1 harq_id=8 bwp_id=0,000066,12_3,leader_to_rsu,226,226,1
9576,3,PHY,PSSCH_DECODE_FAIL,238,14,9,4069,,,,0,13.7105,1,decode_fail,[NRSL_PHY_EVENT] event=PSSCH_DECODE_FAIL request_ids=238 txRnti=14 sender_l2_id=14 receiver_l2_id=9 harq_id=0 tb_size=4069 tbler=1 sinr=13.7105 sinrMin=2.24625 reason=decode_fail,000066,12_10,member_to_leader,238,238,1
9577,3,HARQ,HARQ_NACK,238,14,9,,,,,0,,,,[NRSL_HARQ_EVENT] event=HARQ_NACK request_ids=238 txRnti=14 sender_l2_id=14 receiver_l2_id=9 rxRnti=9 harq_id=0 bwp_id=0,000066,12_10,member_to_leader,238,238,1
9579,3,PHY,PSSCH_DECODE_FAIL,194,3,21,4069,,,,4,6.10079,1,decode_fail,[NRSL_PHY_EVENT] event=PSSCH_DECODE_FAIL request_ids=194 txRnti=3 sender_l2_id=3 receiver_l2_id=21 harq_id=4 tb_size=4069 tbler=1 sinr=6.10079 sinrMin=3.51707 reason=decode_fail,000066,11_7,member_to_leader,194,194,1
9580,3,HARQ,HARQ_NACK,194,3,21,,,,,4,,,,[NRSL_HARQ_EVENT] event=HARQ_NACK request_ids=194 txRnti=3 sender_l2_id=3 receiver_l2_id=21 rxRnti=21 harq_id=4 bwp_id=0,000066,11_7,member_to_leader,194,194,1
9662,3,PHY,PSSCH_DECODE_FAIL,208,5,1,4069,,,,1,9.30885,1,decode_fail,[NRSL_PHY_EVENT] event=PSSCH_DECODE_FAIL request_ids=208 txRnti=5 sender_l2_id=5 receiver_l2_id=1 harq_id=1 tb_size=4069 tbler=1 sinr=9.30885 sinrMin=7.06211 reason=decode_fail,000066,16_7,leader_to_rsu,208,208,1
9663,3,HARQ,HARQ_NACK,208,5,1,,,,,1,,,,[NRSL_HARQ_EVENT] event=HARQ_NACK request_ids=208 txRnti=5 sender_l2_id=5 receiver_l2_id=1 rxRnti=1 harq_id=1 bwp_id=0,000066,16_7,leader_to_rsu,208,208,1
9723,3,PHY,PSSCH_DECODE_FAIL,204,5,16,4069,,,,3,27253.9,1,decode_fail,[NRSL_PHY_EVENT] event=PSSCH_DECODE_FAIL request_ids=204 txRnti=5 sender_l2_id=5 receiver_l2_id=16 harq_id=3 tb_size=4069 tbler=1 sinr=27253.9 sinrMin=0.0273613 reason=decode_fail,000066,18_7,member_to_leader,204,204,1
9724,3,HARQ,HARQ_NACK,204,5,16,,,,,3,,,,[NRSL_HARQ_EVENT] event=HARQ_NACK request_ids=204 txRnti=5 sender_l2_id=5 receiver_l2_id=16 rxRnti=16 harq_id=3 bwp_id=0,000066,18_7,member_to_leader,204,204,1
9726,3,PHY,PSSCH_DECODE_OK,187,14,17,1945,,,,1,1061.8,0,,[NRSL_PHY_EVENT] event=PSSCH_DECODE_OK request_ids=187 txRnti=14 sender_l2_id=14 receiver_l2_id=17 harq_id=1 tb_size=1945 tbler=0 sinr=1061.8 sinrMin=802.942 reason=,000066,12_9,member_to_leader,187,187,1
9727,3,HARQ,HARQ_ACK,187,14,17,,,,,1,,,,[NRSL_HARQ_EVENT] event=HARQ_ACK request_ids=187 txRnti=14 sender_l2_id=14 receiver_l2_id=17 rxRnti=17 harq_id=1 bwp_id=0,000066,12_9,member_to_leader,187,187,1
9893,3,PHY,PSSCH_DECODE_OK,242,16,1,2083,,,,7,961.817,0,,[NRSL_PHY_EVENT] event=PSSCH_DECODE_OK request_ids=242 txRnti=16 sender_l2_id=16 receiver_l2_id=1 harq_id=7 tb_size=2083 tbler=0 sinr=961.817 sinrMin=675.389 reason=,000066,16_6,leader_to_rsu,242,242,1
9894,3,HARQ,HARQ_ACK,242,16,1,,,,,7,,,,[NRSL_HARQ_EVENT] event=HARQ_ACK request_ids=242 txRnti=16 sender_l2_id=16 receiver_l2_id=1 rxRnti=1 harq_id=7 bwp_id=0,000066,16_6,leader_to_rsu,242,242,1
10026,3,PHY,PSSCH_DECODE_FAIL,221,2,1,2083,,,,8,10.5806,1,decode_fail,[NRSL_PHY_EVENT] event=PSSCH_DECODE_FAIL request_ids=221 txRnti=2 sender_l2_id=2 receiver_l2_id=1 harq_id=8 tb_size=2083 tbler=1 sinr=10.5806 sinrMin=6.18741 reason=decode_fail,000066,15_2,leader_to_rsu,221,221,1
10027,3,HARQ,HARQ_NACK,221,2,1,,,,,8,,,,[NRSL_HARQ_EVENT] event=HARQ_NACK request_ids=221 txRnti=2 sender_l2_id=2 receiver_l2_id=1 rxRnti=1 harq_id=8 bwp_id=0,000066,15_2,leader_to_rsu,221,221,1
10029,3,PHY,PSSCH_DECODE_FAIL,198,9,19,1945,,,,8,0.367309,1,sci2_decode_fail,[NRSL_PHY_EVENT] event=PSSCH_DECODE_FAIL request_ids=198 txRnti=9 sender_l2_id=9 receiver_l2_id=19 harq_id=8 tb_size=1945 tbler=1 sinr=0.367309 sinrMin=0.212064 reason=sci2_decode_fail,000066,14_11,member_to_leader,198,198,1
10091,3,PHY,PSSCH_DECODE_FAIL,210,19,1,4069,,,,0,168.311,1,decode_fail,[NRSL_PHY_EVENT] event=PSSCH_DECODE_FAIL request_ids=210 txRnti=19 sender_l2_id=19 receiver_l2_id=1 harq_id=0 tb_size=4069 tbler=1 sinr=168.311 sinrMin=0.0368228 reason=decode_fail,000066,14_10,leader_to_rsu,210,210,1
10092,3,HARQ,HARQ_NACK,210,19,1,,,,,0,,,,[NRSL_HARQ_EVENT] event=HARQ_NACK request_ids=210 txRnti=19 sender_l2_id=19 receiver_l2_id=1 rxRnti=1 harq_id=0 bwp_id=0,000066,14_10,leader_to_rsu,210,210,1
10094,3,PHY,PSSCH_DECODE_FAIL,225,3,1,2083,,,,8,17.4946,1,decode_fail,[NRSL_PHY_EVENT] event=PSSCH_DECODE_FAIL request_ids=225 txRnti=3 sender_l2_id=3 receiver_l2_id=1 harq_id=8 tb_size=2083 tbler=1 sinr=17.4946 sinrMin=3.87392 reason=decode_fail,000066,11_4,leader_to_rsu,225,225,1
10095,3,HARQ,HARQ_NACK,225,3,1,,,,,8,,,,[NRSL_HARQ_EVENT] event=HARQ_NACK request_ids=225 txRnti=3 sender_l2_id=3 receiver_l2_id=1 rxRnti=1 harq_id=8 bwp_id=0,000066,11_4,leader_to_rsu,225,225,1
10138,3,PHY,PSSCH_DECODE_OK,218,16,5,4069,,,,9,139386,0,,[NRSL_PHY_EVENT] event=PSSCH_DECODE_OK request_ids=218 txRnti=16 sender_l2_id=16 receiver_l2_id=5 harq_id=9 tb_size=4069 tbler=0 sinr=139386 sinrMin=251.784 reason=,000066,16_8,member_to_leader,218,218,1
10139,3,HARQ,HARQ_ACK,218,16,5,,,,,9,,,,[NRSL_HARQ_EVENT] event=HARQ_ACK request_ids=218 txRnti=16 sender_l2_id=16 receiver_l2_id=5 rxRnti=5 harq_id=9 bwp_id=0,000066,16_8,member_to_leader,218,218,1
10234,3,PHY,PSSCH_DECODE_OK,218,16,5,4069,,,,6,55.843,0.00678268,,[NRSL_PHY_EVENT] event=PSSCH_DECODE_OK request_ids=218 txRnti=16 sender_l2_id=16 receiver_l2_id=5 harq_id=6 tb_size=4069 tbler=0.00678268 sinr=55.843 sinrMin=4.39892 reason=,000066,16_8,member_to_leader,218,218,1
10235,3,HARQ,HARQ_ACK,218,16,5,,,,,6,,,,[NRSL_HARQ_EVENT] event=HARQ_ACK request_ids=218 txRnti=16 sender_l2_id=16 receiver_l2_id=5 rxRnti=5 harq_id=6 bwp_id=0,000066,16_8,member_to_leader,218,218,1
10237,3,PHY,PSSCH_DECODE_FAIL,238,14,9,1945,,,,4,21.8347,1,decode_fail,[NRSL_PHY_EVENT] event=PSSCH_DECODE_FAIL request_ids=238 txRnti=14 sender_l2_id=14 receiver_l2_id=9 harq_id=4 tb_size=1945 tbler=1 sinr=21.8347 sinrMin=11.9558 reason=decode_fail,000066,12_10,member_to_leader,238,238,1
10238,3,HARQ,HARQ_NACK,238,14,9,,,,,4,,,,[NRSL_HARQ_EVENT] event=HARQ_NACK request_ids=238 txRnti=14 sender_l2_id=14 receiver_l2_id=9 rxRnti=9 harq_id=4 bwp_id=0,000066,12_10,member_to_leader,238,238,1
10240,3,PHY,PSSCH_DECODE_FAIL,243,3,21,4069,,,,5,28.052,1,decode_fail,[NRSL_PHY_EVENT] event=PSSCH_DECODE_FAIL request_ids=243 txRnti=3 sender_l2_id=3 receiver_l2_id=21 harq_id=5 tb_size=4069 tbler=1 sinr=28.052 sinrMin=3.25504 reason=decode_fail,000066,11_6,member_to_leader,243,243,1
10241,3,HARQ,HARQ_NACK,243,3,21,,,,,5,,,,[NRSL_HARQ_EVENT] event=HARQ_NACK request_ids=243 txRnti=3 sender_l2_id=3 receiver_l2_id=21 rxRnti=21 harq_id=5 bwp_id=0,000066,11_6,member_to_leader,243,243,1
10285,3,PHY,PSSCH_DECODE_OK,245,2,20,3890,,,,10,8010.51,0,,[NRSL_PHY_EVENT] event=PSSCH_DECODE_OK request_ids=245 txRnti=2 sender_l2_id=2 receiver_l2_id=20 harq_id=10 tb_size=3890 tbler=0 sinr=8010.51 sinrMin=7669.41 reason=,000066,14_2,member_to_leader,245,245,1
10286,3,HARQ,HARQ_ACK,245,2,20,,,,,10,,,,[NRSL_HARQ_EVENT] event=HARQ_ACK request_ids=245 txRnti=2 sender_l2_id=2 receiver_l2_id=20 rxRnti=20 harq_id=10 bwp_id=0,000066,14_2,member_to_leader,245,245,1
10367,3,PHY,PSSCH_DECODE_FAIL,227,5,1,4069,,,,4,4.56355,1,decode_fail,[NRSL_PHY_EVENT] event=PSSCH_DECODE_FAIL request_ids=227 txRnti=5 sender_l2_id=5 receiver_l2_id=1 harq_id=4 tb_size=4069 tbler=1 sinr=4.56355 sinrMin=2.50187 reason=decode_fail,000066,17_7,leader_to_rsu,227,227,1
10368,3,HARQ,HARQ_NACK,227,5,1,,,,,4,,,,[NRSL_HARQ_EVENT] event=HARQ_NACK request_ids=227 txRnti=5 sender_l2_id=5 receiver_l2_id=1 rxRnti=1 harq_id=4 bwp_id=0,000066,17_7,leader_to_rsu,227,227,1
10411,3,PHY,PSSCH_DECODE_OK,228,5,16,4069,,,,5,127869,0,,[NRSL_PHY_EVENT] event=PSSCH_DECODE_OK request_ids=228 txRnti=5 sender_l2_id=5 receiver_l2_id=16 harq_id=5 tb_size=4069 tbler=0 sinr=127869 sinrMin=34456.3 reason=,000066,16_5,member_to_leader,228,228,1
10412,3,HARQ,HARQ_ACK,228,5,16,,,,,5,,,,[NRSL_HARQ_EVENT] event=HARQ_ACK request_ids=228 txRnti=5 sender_l2_id=5 receiver_l2_id=16 rxRnti=16 harq_id=5 bwp_id=0,000066,16_5,member_to_leader,228,228,1
10472,3,PHY,PSSCH_DECODE_FAIL,235,5,1,4069,,,,6,1198.79,1,decode_fail,[NRSL_PHY_EVENT] event=PSSCH_DECODE_FAIL request_ids=235 txRnti=5 sender_l2_id=5 receiver_l2_id=1 harq_id=6 tb_size=4069 tbler=1 sinr=1198.79 sinrMin=4.31691 reason=decode_fail,000066,16_4,leader_to_rsu,235,235,1
10473,3,HARQ,HARQ_NACK,235,5,1,,,,,6,,,,[NRSL_HARQ_EVENT] event=HARQ_NACK request_ids=235 txRnti=5 sender_l2_id=5 receiver_l2_id=1 rxRnti=1 harq_id=6 bwp_id=0,000066,16_4,leader_to_rsu,235,235,1
10515,3,PHY,PSSCH_DECODE_OK,243,3,21,3890,,,,6,148862,0,,[NRSL_PHY_EVENT] event=PSSCH_DECODE_OK request_ids=243 txRnti=3 sender_l2_id=3 receiver_l2_id=21 harq_id=6 tb_size=3890 tbler=0 sinr=148862 sinrMin=134948 reason=,000066,11_6,member_to_leader,243,243,1
10516,3,HARQ,HARQ_ACK,243,3,21,,,,,6,,,,[NRSL_HARQ_EVENT] event=HARQ_ACK request_ids=243 txRnti=3 sender_l2_id=3 receiver_l2_id=21 rxRnti=21 harq_id=6 bwp_id=0,000066,11_6,member_to_leader,243,243,1
10543,3,PHY,PSSCH_DECODE_OK,214,21,3,6,,,,12,1734100.0,0,,[NRSL_PHY_EVENT] event=PSSCH_DECODE_OK request_ids=214 txRnti=21 sender_l2_id=21 receiver_l2_id=3 harq_id=12 tb_size=6 tbler=0 sinr=1.7341e+06 sinrMin=1.69585e+06 reason=,000066,11_5,member_to_leader,214,214,1
10544,3,HARQ,HARQ_ACK,214,21,3,,,,,12,,,,[NRSL_HARQ_EVENT] event=HARQ_ACK request_ids=214 txRnti=21 sender_l2_id=21 receiver_l2_id=3 rxRnti=3 harq_id=12 bwp_id=0,000066,11_5,member_to_leader,214,214,1
10569,3,PHY,PSSCH_DECODE_OK,232,3,14,6,,,,9,189882,0,,[NRSL_PHY_EVENT] event=PSSCH_DECODE_OK request_ids=232 txRnti=3 sender_l2_id=3 receiver_l2_id=14 harq_id=9 tb_size=6 tbler=0 sinr=189882 sinrMin=184753 reason=,000066,12_7,member_to_leader,232,232,1
10570,3,HARQ,HARQ_ACK,232,3,14,,,,,9,,,,[NRSL_HARQ_EVENT] event=HARQ_ACK request_ids=232 txRnti=3 sender_l2_id=3 receiver_l2_id=14 rxRnti=14 harq_id=9 bwp_id=0,000066,12_7,member_to_leader,232,232,1
10706,3,PHY,PSSCH_DECODE_FAIL,248,5,1,2083,,,,8,3.35081,1,decode_fail,[NRSL_PHY_EVENT] event=PSSCH_DECODE_FAIL request_ids=248 txRnti=5 sender_l2_id=5 receiver_l2_id=1 harq_id=8 tb_size=2083 tbler=1 sinr=3.35081 sinrMin=2.15746 reason=decode_fail,000066,15_7,leader_to_rsu,248,248,1
10707,3,HARQ,HARQ_NACK,248,5,1,,,,,8,,,,[NRSL_HARQ_EVENT] event=HARQ_NACK request_ids=248 txRnti=5 sender_l2_id=5 receiver_l2_id=1 rxRnti=1 harq_id=8 bwp_id=0,000066,15_7,leader_to_rsu,248,248,1
10735,3,PHY,PSSCH_DECODE_OK,230,19,16,6,,,,3,99525,0,,[NRSL_PHY_EVENT] event=PSSCH_DECODE_OK request_ids=230 txRnti=19 sender_l2_id=19 receiver_l2_id=16 harq_id=3 tb_size=6 tbler=0 sinr=99525 sinrMin=95693.7 reason=,000066,15_8,member_to_leader,230,230,1
10736,3,HARQ,HARQ_ACK,230,19,16,,,,,3,,,,[NRSL_HARQ_EVENT] event=HARQ_ACK request_ids=230 txRnti=19 sender_l2_id=19 receiver_l2_id=16 rxRnti=16 harq_id=3 bwp_id=0,000066,15_8,member_to_leader,230,230,1
10760,3,PHY,PSSCH_DECODE_OK,222,21,12,6,,,,13,185531,0,,[NRSL_PHY_EVENT] event=PSSCH_DECODE_OK request_ids=222 txRnti=21 sender_l2_id=21 receiver_l2_id=12 harq_id=13 tb_size=6 tbler=0 sinr=185531 sinrMin=172536 reason=,000066,11_8,member_to_leader,222,222,1
10761,3,HARQ,HARQ_ACK,222,21,12,,,,,13,,,,[NRSL_HARQ_EVENT] event=HARQ_ACK request_ids=222 txRnti=21 sender_l2_id=21 receiver_l2_id=12 rxRnti=12 harq_id=13 bwp_id=0,000066,11_8,member_to_leader,222,222,1
10850,3,PHY,PSSCH_DECODE_OK,220,20,2,10,,,,10,47.549,0.0498,,[NRSL_PHY_EVENT] event=PSSCH_DECODE_OK request_ids=220 txRnti=20 sender_l2_id=20 receiver_l2_id=2 harq_id=10 tb_size=10 tbler=0.0498 sinr=47.549 sinrMin=32.1669 reason=,000066,15_2,member_to_leader,220,220,1
10851,3,HARQ,HARQ_ACK,220,20,2,,,,,10,,,,[NRSL_HARQ_EVENT] event=HARQ_ACK request_ids=220 txRnti=20 sender_l2_id=20 receiver_l2_id=2 rxRnti=2 harq_id=10 bwp_id=0,000066,15_2,member_to_leader,220,220,1
10853,3,PHY,PSSCH_DECODE_FAIL,241,5,16,4069,,,,9,23390.6,1,decode_fail,[NRSL_PHY_EVENT] event=PSSCH_DECODE_FAIL request_ids=241 txRnti=5 sender_l2_id=5 receiver_l2_id=16 harq_id=9 tb_size=4069 tbler=1 sinr=23390.6 sinrMin=0.0129551 reason=decode_fail,000066,16_6,member_to_leader,241,241,1
10854,3,HARQ,HARQ_NACK,241,5,16,,,,,9,,,,[NRSL_HARQ_EVENT] event=HARQ_NACK request_ids=241 txRnti=5 sender_l2_id=5 receiver_l2_id=16 rxRnti=16 harq_id=9 bwp_id=0,000066,16_6,member_to_leader,241,241,1
10856,3,PHY,PSSCH_DECODE_OK,187,14,17,6,,,,2,3052.52,0,,[NRSL_PHY_EVENT] event=PSSCH_DECODE_OK request_ids=187 txRnti=14 sender_l2_id=14 receiver_l2_id=17 harq_id=2 tb_size=6 tbler=0 sinr=3052.52 sinrMin=3010.94 reason=,000066,12_9,member_to_leader,187,187,1
10857,3,HARQ,HARQ_ACK,187,14,17,,,,,2,,,,[NRSL_HARQ_EVENT] event=HARQ_ACK request_ids=187 txRnti=14 sender_l2_id=14 receiver_l2_id=17 rxRnti=17 harq_id=2 bwp_id=0,000066,12_9,member_to_leader,187,187,1
10884,3,PHY,PSSCH_DECODE_OK,189,13,4,6,,,,14,53330.5,0,,[NRSL_PHY_EVENT] event=PSSCH_DECODE_OK request_ids=189 txRnti=13 sender_l2_id=13 receiver_l2_id=4 harq_id=14 tb_size=6 tbler=0 sinr=53330.5 sinrMin=47333.6 reason=,000066,13_2,member_to_leader,189,189,1
10885,3,HARQ,HARQ_ACK,189,13,4,,,,,14,,,,[NRSL_HARQ_EVENT] event=HARQ_ACK request_ids=189 txRnti=13 sender_l2_id=13 receiver_l2_id=4 rxRnti=4 harq_id=14 bwp_id=0,000066,13_2,member_to_leader,189,189,1
10909,3,PHY,PSSCH_DECODE_OK,198,9,19,6,,,,9,185980,0,,[NRSL_PHY_EVENT] event=PSSCH_DECODE_OK request_ids=198 txRnti=9 sender_l2_id=9 receiver_l2_id=19 harq_id=9 tb_size=6 tbler=0 sinr=185980 sinrMin=150968 reason=,000066,14_11,member_to_leader,198,198,1
10910,3,HARQ,HARQ_ACK,198,9,19,,,,,9,,,,[NRSL_HARQ_EVENT] event=HARQ_ACK request_ids=198 txRnti=9 sender_l2_id=9 receiver_l2_id=19 rxRnti=19 harq_id=9 bwp_id=0,000066,14_11,member_to_leader,198,198,1
10971,3,PHY,PSSCH_DECODE_OK,247,16,5,4069,,,,12,69977.2,0,,[NRSL_PHY_EVENT] event=PSSCH_DECODE_OK request_ids=247 txRnti=16 sender_l2_id=16 receiver_l2_id=5 harq_id=12 tb_size=4069 tbler=0 sinr=69977.2 sinrMin=13.3668 reason=,000066,15_7,member_to_leader,247,247,1
10972,3,HARQ,HARQ_ACK,247,16,5,,,,,12,,,,[NRSL_HARQ_EVENT] event=HARQ_ACK request_ids=247 txRnti=16 sender_l2_id=16 receiver_l2_id=5 rxRnti=5 harq_id=12 bwp_id=0,000066,15_7,member_to_leader,247,247,1
10974,3,PHY,PSSCH_DECODE_OK,238,14,9,6,,,,5,543.91,0,,[NRSL_PHY_EVENT] event=PSSCH_DECODE_OK request_ids=238 txRnti=14 sender_l2_id=14 receiver_l2_id=9 harq_id=5 tb_size=6 tbler=0 sinr=543.91 sinrMin=457.657 reason=,000066,12_10,member_to_leader,238,238,1
10975,3,HARQ,HARQ_ACK,238,14,9,,,,,5,,,,[NRSL_HARQ_EVENT] event=HARQ_ACK request_ids=238 txRnti=14 sender_l2_id=14 receiver_l2_id=9 rxRnti=9 harq_id=5 bwp_id=0,000066,12_10,member_to_leader,238,238,1
11019,3,PHY,PSSCH_DECODE_OK,247,16,5,3882,,,,14,72875.6,0,,[NRSL_PHY_EVENT] event=PSSCH_DECODE_OK request_ids=247 txRnti=16 sender_l2_id=16 receiver_l2_id=5 harq_id=14 tb_size=3882 tbler=0 sinr=72875.6 sinrMin=35760.3 reason=,000066,15_7,member_to_leader,247,247,1
11020,3,HARQ,HARQ_ACK,247,16,5,,,,,14,,,,[NRSL_HARQ_EVENT] event=HARQ_ACK request_ids=247 txRnti=16 sender_l2_id=16 receiver_l2_id=5 rxRnti=5 harq_id=14 bwp_id=0,000066,15_7,member_to_leader,247,247,1
11063,3,PHY,PSSCH_DECODE_OK,241,5,16,4069,,,,10,42101.7,0,,[NRSL_PHY_EVENT] event=PSSCH_DECODE_OK request_ids=241 txRnti=5 sender_l2_id=5 receiver_l2_id=16 harq_id=10 tb_size=4069 tbler=0 sinr=42101.7 sinrMin=15232.2 reason=,000066,16_6,member_to_leader,241,241,1
11064,3,HARQ,HARQ_ACK,241,5,16,,,,,10,,,,[NRSL_HARQ_EVENT] event=HARQ_ACK request_ids=241 txRnti=5 sender_l2_id=5 receiver_l2_id=16 rxRnti=16 harq_id=10 bwp_id=0,000066,16_6,member_to_leader,241,241,1
11088,3,PHY,PSSCH_DECODE_OK,243,3,21,10,,,,7,1922940.0,0,,[NRSL_PHY_EVENT] event=PSSCH_DECODE_OK request_ids=243 txRnti=3 sender_l2_id=3 receiver_l2_id=21 harq_id=7 tb_size=10 tbler=0 sinr=1.92294e+06 sinrMin=1.85648e+06 reason=,000066,11_6,member_to_leader,243,243,1
11089,3,HARQ,HARQ_ACK,243,3,21,,,,,7,,,,[NRSL_HARQ_EVENT] event=HARQ_ACK request_ids=243 txRnti=3 sender_l2_id=3 receiver_l2_id=21 rxRnti=21 harq_id=7 bwp_id=0,000066,11_6,member_to_leader,243,243,1
11132,3,PHY,PSSCH_DECODE_OK,241,5,16,1937,,,,11,69683.1,0,,[NRSL_PHY_EVENT] event=PSSCH_DECODE_OK request_ids=241 txRnti=5 sender_l2_id=5 receiver_l2_id=16 harq_id=11 tb_size=1937 tbler=0 sinr=69683.1 sinrMin=3.86937 reason=,000066,16_6,member_to_leader,241,241,1
11133,3,HARQ,HARQ_ACK,241,5,16,,,,,11,,,,[NRSL_HARQ_EVENT] event=HARQ_ACK request_ids=241 txRnti=5 sender_l2_id=5 receiver_l2_id=16 rxRnti=16 harq_id=11 bwp_id=0,000066,16_6,member_to_leader,241,241,1
11135,3,PHY,PSSCH_DECODE_FAIL,245,2,20,10,,,,9,1.54524,1,decode_fail,[NRSL_PHY_EVENT] event=PSSCH_DECODE_FAIL request_ids=245 txRnti=2 sender_l2_id=2 receiver_l2_id=20 harq_id=9 tb_size=10 tbler=1 sinr=1.54524 sinrMin=1.52867 reason=decode_fail,000066,14_2,member_to_leader,245,245,1
11136,3,HARQ,HARQ_NACK,245,2,20,,,,,9,,,,[NRSL_HARQ_EVENT] event=HARQ_NACK request_ids=245 txRnti=2 sender_l2_id=2 receiver_l2_id=20 rxRnti=20 harq_id=9 bwp_id=0,000066,14_2,member_to_leader,245,245,1
11160,3,PHY,PSSCH_DECODE_OK,247,16,5,18,,,,15,457371,0,,[NRSL_PHY_EVENT] event=PSSCH_DECODE_OK request_ids=247 txRnti=16 sender_l2_id=16 receiver_l2_id=5 harq_id=15 tb_size=18 tbler=0 sinr=457371 sinrMin=270801 reason=,000066,15_7,member_to_leader,247,247,1
11161,3,HARQ,HARQ_ACK,247,16,5,,,,,15,,,,[NRSL_HARQ_EVENT] event=HARQ_ACK request_ids=247 txRnti=16 sender_l2_id=16 receiver_l2_id=5 rxRnti=5 harq_id=15 bwp_id=0,000066,15_7,member_to_leader,247,247,1
11185,3,PHY,PSSCH_DECODE_OK,241,5,16,14,,,,12,1260000.0,0,,[NRSL_PHY_EVENT] event=PSSCH_DECODE_OK request_ids=241 txRnti=5 sender_l2_id=5 receiver_l2_id=16 harq_id=12 tb_size=14 tbler=0 sinr=1.26e+06 sinrMin=1.14877e+06 reason=,000066,16_6,member_to_leader,241,241,1
11186,3,HARQ,HARQ_ACK,241,5,16,,,,,12,,,,[NRSL_HARQ_EVENT] event=HARQ_ACK request_ids=241 txRnti=5 sender_l2_id=5 receiver_l2_id=16 rxRnti=16 harq_id=12 bwp_id=0,000066,16_6,member_to_leader,241,241,1
11556,4,PHY,PSSCH_DECODE_FAIL,300,14,9,4069,,,,6,8.11564,1,decode_fail,[NRSL_PHY_EVENT] event=PSSCH_DECODE_FAIL request_ids=300 txRnti=14 sender_l2_id=14 receiver_l2_id=9 harq_id=6 tb_size=4069 tbler=1 sinr=8.11564 sinrMin=4.66499 reason=decode_fail,000068,12_10,member_to_leader,300,300,1
11557,4,HARQ,HARQ_NACK,300,14,9,,,,,6,,,,[NRSL_HARQ_EVENT] event=HARQ_NACK request_ids=300 txRnti=14 sender_l2_id=14 receiver_l2_id=9 rxRnti=9 harq_id=6 bwp_id=0,000068,12_10,member_to_leader,300,300,1
11673,4,PHY,PSSCH_DECODE_FAIL,276,21,3,4069,,,,14,6.01975,1,decode_fail,[NRSL_PHY_EVENT] event=PSSCH_DECODE_FAIL request_ids=276 txRnti=21 sender_l2_id=21 receiver_l2_id=3 harq_id=14 tb_size=4069 tbler=1 sinr=6.01975 sinrMin=5.09754 reason=decode_fail,000068,11_5,member_to_leader,276,276,1
11674,4,HARQ,HARQ_NACK,276,21,3,,,,,14,,,,[NRSL_HARQ_EVENT] event=HARQ_NACK request_ids=276 txRnti=21 sender_l2_id=21 receiver_l2_id=3 rxRnti=3 harq_id=14 bwp_id=0,000068,11_5,member_to_leader,276,276,1
11677,4,PHY,PSSCH_DECODE_FAIL,251,13,4,4069,,,,15,1.13357,1,decode_fail,[NRSL_PHY_EVENT] event=PSSCH_DECODE_FAIL request_ids=251 txRnti=13 sender_l2_id=13 receiver_l2_id=4 harq_id=15 tb_size=4069 tbler=1 sinr=1.13357 sinrMin=0.280168 reason=decode_fail,000068,13_2,member_to_leader,251,251,1
11678,4,HARQ,HARQ_NACK,251,13,4,,,,,15,,,,[NRSL_HARQ_EVENT] event=HARQ_NACK request_ids=251 txRnti=13 sender_l2_id=13 receiver_l2_id=4 rxRnti=4 harq_id=15 bwp_id=0,000068,13_2,member_to_leader,251,251,1
11827,4,PHY,PSSCH_DECODE_FAIL,250,17,1,2083,,,,3,0.116978,1,sci2_decode_fail,[NRSL_PHY_EVENT] event=PSSCH_DECODE_FAIL request_ids=250 txRnti=17 sender_l2_id=17 receiver_l2_id=1 harq_id=3 tb_size=2083 tbler=1 sinr=0.116978 sinrMin=0.0619633 reason=sci2_decode_fail,000068,12_9,leader_to_rsu,250,250,1
11829,4,PHY,PSSCH_DECODE_FAIL,284,21,12,4069,,,,1,1.3129,0.263598,sci2_decode_fail,[NRSL_PHY_EVENT] event=PSSCH_DECODE_FAIL request_ids=284 txRnti=21 sender_l2_id=21 receiver_l2_id=12 harq_id=1 tb_size=4069 tbler=0.263598 sinr=1.3129 sinrMin=0.0731604 reason=sci2_decode_fail,000068,11_8,member_to_leader,284,284,1
11985,4,PHY,PSSCH_DECODE_FAIL,254,2,1,4069,,,,12,3.38143,1,decode_fail,[NRSL_PHY_EVENT] event=PSSCH_DECODE_FAIL request_ids=254 txRnti=2 sender_l2_id=2 receiver_l2_id=1 harq_id=12 tb_size=4069 tbler=1 sinr=3.38143 sinrMin=0.69097 reason=decode_fail,000068,14_1,leader_to_rsu,254,254,1
11986,4,HARQ,HARQ_NACK,254,2,1,,,,,12,,,,[NRSL_HARQ_EVENT] event=HARQ_NACK request_ids=254 txRnti=2 sender_l2_id=2 receiver_l2_id=1 rxRnti=1 harq_id=12 bwp_id=0,000068,14_1,leader_to_rsu,254,254,1
11988,4,PHY,PSSCH_DECODE_FAIL,284,21,12,1945,,,,5,0.328415,1,sci2_decode_fail,[NRSL_PHY_EVENT] event=PSSCH_DECODE_FAIL request_ids=284 txRnti=21 sender_l2_id=21 receiver_l2_id=12 harq_id=5 tb_size=1945 tbler=1 sinr=0.328415 sinrMin=0.217233 reason=sci2_decode_fail,000068,11_8,member_to_leader,284,284,1
11990,4,PHY,PSSCH_DECODE_FAIL,249,14,17,4069,,,,10,0.751663,0.936151,sci2_decode_fail,[NRSL_PHY_EVENT] event=PSSCH_DECODE_FAIL request_ids=249 txRnti=14 sender_l2_id=14 receiver_l2_id=17 harq_id=10 tb_size=4069 tbler=0.936151 sinr=0.751663 sinrMin=0.473179 reason=sci2_decode_fail,000068,12_9,member_to_leader,249,249,1
11992,4,PHY,PSSCH_DECODE_FAIL,258,9,19,4069,,,,12,0.90482,0.263598,sci2_decode_fail,[NRSL_PHY_EVENT] event=PSSCH_DECODE_FAIL request_ids=258 txRnti=9 sender_l2_id=9 receiver_l2_id=19 harq_id=12 tb_size=4069 tbler=0.263598 sinr=0.90482 sinrMin=0.557738 reason=sci2_decode_fail,000068,14_11,member_to_leader,258,258,1
12107,4,PHY,PSSCH_DECODE_FAIL,256,21,1,4069,,,,15,4.47629,1,decode_fail,[NRSL_PHY_EVENT] event=PSSCH_DECODE_FAIL request_ids=256 txRnti=21 sender_l2_id=21 receiver_l2_id=1 harq_id=15 tb_size=4069 tbler=1 sinr=4.47629 sinrMin=0.622026 reason=decode_fail,000068,11_7,leader_to_rsu,256,256,1
12108,4,HARQ,HARQ_NACK,256,21,1,,,,,15,,,,[NRSL_HARQ_EVENT] event=HARQ_NACK request_ids=256 txRnti=21 sender_l2_id=21 receiver_l2_id=1 rxRnti=1 harq_id=15 bwp_id=0,000068,11_7,leader_to_rsu,256,256,1
12252,4,PHY,PSSCH_DECODE_FAIL,265,2,1,4069,,,,13,4.14355,1,decode_fail,[NRSL_PHY_EVENT] event=PSSCH_DECODE_FAIL request_ids=265 txRnti=2 sender_l2_id=2 receiver_l2_id=1 harq_id=13 tb_size=4069 tbler=1 sinr=4.14355 sinrMin=3.28743 reason=decode_fail,000068,14_3,leader_to_rsu,265,265,1
12253,4,HARQ,HARQ_NACK,265,2,1,,,,,13,,,,[NRSL_HARQ_EVENT] event=HARQ_NACK request_ids=265 txRnti=2 sender_l2_id=2 receiver_l2_id=1 rxRnti=1 harq_id=13 bwp_id=0,000068,14_3,leader_to_rsu,265,265,1
12406,4,PHY,PSSCH_DECODE_FAIL,252,4,1,4069,,,,9,0.936549,1,decode_fail,[NRSL_PHY_EVENT] event=PSSCH_DECODE_FAIL request_ids=252 txRnti=4 sender_l2_id=4 receiver_l2_id=1 harq_id=9 tb_size=4069 tbler=1 sinr=0.936549 sinrMin=0.248775 reason=decode_fail,000068,13_2,leader_to_rsu,252,252,1
12407,4,HARQ,HARQ_NACK,252,4,1,,,,,9,,,,[NRSL_HARQ_EVENT] event=HARQ_NACK request_ids=252 txRnti=4 sender_l2_id=4 receiver_l2_id=1 rxRnti=1 harq_id=9 bwp_id=0,000068,13_2,leader_to_rsu,252,252,1
12409,4,PHY,PSSCH_DECODE_FAIL,279,14,1,2083,,,,8,0.516881,1,sci2_decode_fail,[NRSL_PHY_EVENT] event=PSSCH_DECODE_FAIL request_ids=279 txRnti=14 sender_l2_id=14 receiver_l2_id=1 harq_id=8 tb_size=2083 tbler=1 sinr=0.516881 sinrMin=0.288715 reason=sci2_decode_fail,000068,13_9,leader_to_rsu,279,279,1
12563,4,PHY,PSSCH_DECODE_FAIL,276,21,3,4069,,,,2,1.95296,1,decode_fail,[NRSL_PHY_EVENT] event=PSSCH_DECODE_FAIL request_ids=276 txRnti=21 sender_l2_id=21 receiver_l2_id=3 harq_id=2 tb_size=4069 tbler=1 sinr=1.95296 sinrMin=1.18886 reason=decode_fail,000068,11_5,member_to_leader,276,276,1
12564,4,HARQ,HARQ_NACK,276,21,3,,,,,2,,,,[NRSL_HARQ_EVENT] event=HARQ_NACK request_ids=276 txRnti=21 sender_l2_id=21 receiver_l2_id=3 rxRnti=3 harq_id=2 bwp_id=0,000068,11_5,member_to_leader,276,276,1
12738,4,PHY,PSSCH_DECODE_FAIL,308,7,1,2083,,,,4,0.0148018,1,sci2_decode_fail,[NRSL_PHY_EVENT] event=PSSCH_DECODE_FAIL request_ids=308 txRnti=7 sender_l2_id=7 receiver_l2_id=1 harq_id=4 tb_size=2083 tbler=1 sinr=0.0148018 sinrMin=0.0125415 reason=sci2_decode_fail,000068,6_12,leader_to_rsu,308,308,1
12740,4,PHY,PSSCH_DECODE_FAIL,255,3,21,4069,,,,11,6.50536,1,decode_fail,[NRSL_PHY_EVENT] event=PSSCH_DECODE_FAIL request_ids=255 txRnti=3 sender_l2_id=3 receiver_l2_id=21 harq_id=11 tb_size=4069 tbler=1 sinr=6.50536 sinrMin=1.04838 reason=decode_fail,000068,11_7,member_to_leader,255,255,1
12741,4,HARQ,HARQ_NACK,255,3,21,,,,,11,,,,[NRSL_HARQ_EVENT] event=HARQ_NACK request_ids=255 txRnti=3 sender_l2_id=3 receiver_l2_id=21 rxRnti=21 harq_id=11 bwp_id=0,000068,11_7,member_to_leader,255,255,1
12807,4,PHY,PSSCH_DECODE_FAIL,307,20,1,2083,,,,14,1.24018,1,decode_fail,[NRSL_PHY_EVENT] event=PSSCH_DECODE_FAIL request_ids=307 txRnti=20 sender_l2_id=20 receiver_l2_id=1 harq_id=14 tb_size=2083 tbler=1 sinr=1.24018 sinrMin=0.959522 reason=decode_fail,000068,14_2,leader_to_rsu,307,307,1
12808,4,HARQ,HARQ_NACK,307,20,1,,,,,14,,,,[NRSL_HARQ_EVENT] event=HARQ_NACK request_ids=307 txRnti=20 sender_l2_id=20 receiver_l2_id=1 rxRnti=1 harq_id=14 bwp_id=0,000068,14_2,leader_to_rsu,307,307,1
12810,4,PHY,PSSCH_DECODE_FAIL,270,5,1,4069,,,,0,451.39,1,decode_fail,[NRSL_PHY_EVENT] event=PSSCH_DECODE_FAIL request_ids=270 txRnti=5 sender_l2_id=5 receiver_l2_id=1 harq_id=0 tb_size=4069 tbler=1 sinr=451.39 sinrMin=0.534228 reason=decode_fail,000068,16_7,leader_to_rsu,270,270,1
12811,4,HARQ,HARQ_NACK,270,5,1,,,,,0,,,,[NRSL_HARQ_EVENT] event=HARQ_NACK request_ids=270 txRnti=5 sender_l2_id=5 receiver_l2_id=1 rxRnti=1 harq_id=0 bwp_id=0,000068,16_7,leader_to_rsu,270,270,1
12900,4,PHY,PSSCH_DECODE_FAIL,277,3,1,4069,,,,13,2059.66,1,decode_fail,[NRSL_PHY_EVENT] event=PSSCH_DECODE_FAIL request_ids=277 txRnti=3 sender_l2_id=3 receiver_l2_id=1 harq_id=13 tb_size=4069 tbler=1 sinr=2059.66 sinrMin=0.142008 reason=decode_fail,000068,11_5,leader_to_rsu,277,277,1
12901,4,HARQ,HARQ_NACK,277,3,1,,,,,13,,,,[NRSL_HARQ_EVENT] event=HARQ_NACK request_ids=277 txRnti=3 sender_l2_id=3 receiver_l2_id=1 rxRnti=1 harq_id=13 bwp_id=0,000068,11_5,leader_to_rsu,277,277,1
12904,4,PHY,PSSCH_DECODE_FAIL,251,13,4,1945,,,,2,0.647647,1,decode_fail,[NRSL_PHY_EVENT] event=PSSCH_DECODE_FAIL request_ids=251 txRnti=13 sender_l2_id=13 receiver_l2_id=4 harq_id=2 tb_size=1945 tbler=1 sinr=0.647647 sinrMin=0.589869 reason=decode_fail,000068,13_2,member_to_leader,251,251,1
12905,4,HARQ,HARQ_NACK,251,13,4,,,,,2,,,,[NRSL_HARQ_EVENT] event=HARQ_NACK request_ids=251 txRnti=13 sender_l2_id=13 receiver_l2_id=4 rxRnti=4 harq_id=2 bwp_id=0,000068,13_2,member_to_leader,251,251,1
13034,4,PHY,PSSCH_DECODE_FAIL,283,2,1,2083,,,,14,4.07346,1,decode_fail,[NRSL_PHY_EVENT] event=PSSCH_DECODE_FAIL request_ids=283 txRnti=2 sender_l2_id=2 receiver_l2_id=1 harq_id=14 tb_size=2083 tbler=1 sinr=4.07346 sinrMin=1.92038 reason=decode_fail,000068,15_2,leader_to_rsu,283,283,1
13035,4,HARQ,HARQ_NACK,283,2,1,,,,,14,,,,[NRSL_HARQ_EVENT] event=HARQ_NACK request_ids=283 txRnti=2 sender_l2_id=2 receiver_l2_id=1 rxRnti=1 harq_id=14 bwp_id=0,000068,15_2,leader_to_rsu,283,283,1
13037,4,PHY,PSSCH_DECODE_FAIL,305,21,1,2083,,,,3,1.10725,1,decode_fail,[NRSL_PHY_EVENT] event=PSSCH_DECODE_FAIL request_ids=305 txRnti=21 sender_l2_id=21 receiver_l2_id=1 harq_id=3 tb_size=2083 tbler=1 sinr=1.10725 sinrMin=0.212776 reason=decode_fail,000068,11_6,leader_to_rsu,305,305,1
13038,4,HARQ,HARQ_NACK,305,21,1,,,,,3,,,,[NRSL_HARQ_EVENT] event=HARQ_NACK request_ids=305 txRnti=21 sender_l2_id=21 receiver_l2_id=1 rxRnti=1 harq_id=3 bwp_id=0,000068,11_6,leader_to_rsu,305,305,1
13120,4,PHY,PSSCH_DECODE_FAIL,273,19,1,4069,,,,9,0.84711,1,sci2_decode_fail,[NRSL_PHY_EVENT] event=PSSCH_DECODE_FAIL request_ids=273 txRnti=19 sender_l2_id=19 receiver_l2_id=1 harq_id=9 tb_size=4069 tbler=1 sinr=0.84711 sinrMin=0.149483 reason=sci2_decode_fail,000068,14_10,leader_to_rsu,273,273,1
13122,4,PHY,PSSCH_DECODE_FAIL,260,16,5,4069,,,,3,0.872109,1,decode_fail,[NRSL_PHY_EVENT] event=PSSCH_DECODE_FAIL request_ids=260 txRnti=16 sender_l2_id=16 receiver_l2_id=5 harq_id=3 tb_size=4069 tbler=1 sinr=0.872109 sinrMin=0.470934 reason=decode_fail,000068,18_7,member_to_leader,260,260,1
13123,4,HARQ,HARQ_NACK,260,16,5,,,,,3,,,,[NRSL_HARQ_EVENT] event=HARQ_NACK request_ids=260 txRnti=16 sender_l2_id=16 receiver_l2_id=5 rxRnti=5 harq_id=3 bwp_id=0,000068,18_7,member_to_leader,260,260,1
13167,4,PHY,PSSCH_DECODE_OK,291,16,1,4069,,,,4,1368.8,0,,[NRSL_PHY_EVENT] event=PSSCH_DECODE_OK request_ids=291 txRnti=16 sender_l2_id=16 receiver_l2_id=1 harq_id=4 tb_size=4069 tbler=0 sinr=1368.8 sinrMin=34.8626 reason=,000068,15_8,leader_to_rsu,291,291,1
13168,4,HARQ,HARQ_ACK,291,16,1,,,,,4,,,,[NRSL_HARQ_EVENT] event=HARQ_ACK request_ids=291 txRnti=16 sender_l2_id=16 receiver_l2_id=1 rxRnti=1 harq_id=4 bwp_id=0,000068,15_8,leader_to_rsu,291,291,1
13310,4,PHY,PSSCH_DECODE_FAIL,255,3,21,4069,,,,14,11.6561,1,decode_fail,[NRSL_PHY_EVENT] event=PSSCH_DECODE_FAIL request_ids=255 txRnti=3 sender_l2_id=3 receiver_l2_id=21 harq_id=14 tb_size=4069 tbler=1 sinr=11.6561 sinrMin=5.64096 reason=decode_fail,000068,11_7,member_to_leader,255,255,1
13311,4,HARQ,HARQ_NACK,255,3,21,,,,,14,,,,[NRSL_HARQ_EVENT] event=HARQ_NACK request_ids=255 txRnti=3 sender_l2_id=3 receiver_l2_id=21 rxRnti=21 harq_id=14 bwp_id=0,000068,11_7,member_to_leader,255,255,1
13483,4,PHY,PSSCH_DECODE_FAIL,288,4,1,2083,,,,11,4.17623,1,decode_fail,[NRSL_PHY_EVENT] event=PSSCH_DECODE_FAIL request_ids=288 txRnti=4 sender_l2_id=4 receiver_l2_id=1 harq_id=11 tb_size=2083 tbler=1 sinr=4.17623 sinrMin=2.22506 reason=decode_fail,000068,12_3,leader_to_rsu,288,288,1
13484,4,HARQ,HARQ_NACK,288,4,1,,,,,11,,,,[NRSL_HARQ_EVENT] event=HARQ_NACK request_ids=288 txRnti=4 sender_l2_id=4 receiver_l2_id=1 rxRnti=1 harq_id=11 bwp_id=0,000068,12_3,leader_to_rsu,288,288,1
13546,4,PHY,PSSCH_DECODE_FAIL,286,19,1,2083,,,,11,0.829773,1,decode_fail,[NRSL_PHY_EVENT] event=PSSCH_DECODE_FAIL request_ids=286 txRnti=19 sender_l2_id=19 receiver_l2_id=1 harq_id=11 tb_size=2083 tbler=1 sinr=0.829773 sinrMin=0.662077 reason=decode_fail,000068,15_9,leader_to_rsu,286,286,1
13547,4,HARQ,HARQ_NACK,286,19,1,,,,,11,,,,[NRSL_HARQ_EVENT] event=HARQ_NACK request_ids=286 txRnti=19 sender_l2_id=19 receiver_l2_id=1 rxRnti=1 harq_id=11 bwp_id=0,000068,15_9,leader_to_rsu,286,286,1
13549,4,PHY,PSSCH_DECODE_FAIL,282,20,2,4069,,,,1,3640.42,1,decode_fail,[NRSL_PHY_EVENT] event=PSSCH_DECODE_FAIL request_ids=282 txRnti=20 sender_l2_id=20 receiver_l2_id=2 harq_id=1 tb_size=4069 tbler=1 sinr=3640.42 sinrMin=1.07916 reason=decode_fail,000068,15_2,member_to_leader,282,282,1
13550,4,HARQ,HARQ_NACK,282,20,2,,,,,1,,,,[NRSL_HARQ_EVENT] event=HARQ_NACK request_ids=282 txRnti=20 sender_l2_id=20 receiver_l2_id=2 rxRnti=2 harq_id=1 bwp_id=0,000068,15_2,member_to_leader,282,282,1
13635,4,PHY,PSSCH_DECODE_FAIL,287,5,1,4069,,,,2,7.98421,1,decode_fail,[NRSL_PHY_EVENT] event=PSSCH_DECODE_FAIL request_ids=287 txRnti=5 sender_l2_id=5 receiver_l2_id=1 harq_id=2 tb_size=4069 tbler=1 sinr=7.98421 sinrMin=1.88679 reason=decode_fail,000068,17_7,leader_to_rsu,287,287,1
13636,4,HARQ,HARQ_NACK,287,5,1,,,,,2,,,,[NRSL_HARQ_EVENT] event=HARQ_NACK request_ids=287 txRnti=5 sender_l2_id=5 receiver_l2_id=1 rxRnti=1 harq_id=2 bwp_id=0,000068,17_7,leader_to_rsu,287,287,1
13747,4,PHY,PSSCH_DECODE_FAIL,282,20,2,3890,,,,2,0.673885,0.936151,sci2_decode_fail,[NRSL_PHY_EVENT] event=PSSCH_DECODE_FAIL request_ids=282 txRnti=20 sender_l2_id=20 receiver_l2_id=2 harq_id=2 tb_size=3890 tbler=0.936151 sinr=0.673885 sinrMin=0.315409 reason=sci2_decode_fail,000068,15_2,member_to_leader,282,282,1
13749,4,PHY,PSSCH_DECODE_FAIL,292,5,16,4069,,,,4,1.43741,1,decode_fail,[NRSL_PHY_EVENT] event=PSSCH_DECODE_FAIL request_ids=292 txRnti=5 sender_l2_id=5 receiver_l2_id=16 harq_id=4 tb_size=4069 tbler=1 sinr=1.43741 sinrMin=0.680104 reason=decode_fail,000068,16_4,member_to_leader,292,292,1
13750,4,HARQ,HARQ_NACK,292,5,16,,,,,4,,,,[NRSL_HARQ_EVENT] event=HARQ_NACK request_ids=292 txRnti=5 sender_l2_id=5 receiver_l2_id=16 rxRnti=16 harq_id=4 bwp_id=0,000068,16_4,member_to_leader,292,292,1
13752,4,PHY,PSSCH_DECODE_OK,255,3,21,4069,,,,1,821.802,0,,[NRSL_PHY_EVENT] event=PSSCH_DECODE_OK request_ids=255 txRnti=3 sender_l2_id=3 receiver_l2_id=21 harq_id=1 tb_size=4069 tbler=0 sinr=821.802 sinrMin=392.607 reason=,000068,11_7,member_to_leader,255,255,1
13753,4,HARQ,HARQ_ACK,255,3,21,,,,,1,,,,[NRSL_HARQ_EVENT] event=HARQ_ACK request_ids=255 txRnti=3 sender_l2_id=3 receiver_l2_id=21 rxRnti=21 harq_id=1 bwp_id=0,000068,11_7,member_to_leader,255,255,1
13796,4,PHY,PSSCH_DECODE_FAIL,294,3,1,2083,,,,2,1208.2,1,decode_fail,[NRSL_PHY_EVENT] event=PSSCH_DECODE_FAIL request_ids=294 txRnti=3 sender_l2_id=3 receiver_l2_id=1 harq_id=2 tb_size=2083 tbler=1 sinr=1208.2 sinrMin=0.695824 reason=decode_fail,000068,11_4,leader_to_rsu,294,294,1
13797,4,HARQ,HARQ_NACK,294,3,1,,,,,2,,,,[NRSL_HARQ_EVENT] event=HARQ_NACK request_ids=294 txRnti=3 sender_l2_id=3 receiver_l2_id=1 rxRnti=1 harq_id=2 bwp_id=0,000068,11_4,leader_to_rsu,294,294,1
13799,4,PHY,PSSCH_DECODE_FAIL,296,5,1,2083,,,,5,1564.79,1,decode_fail,[NRSL_PHY_EVENT] event=PSSCH_DECODE_FAIL request_ids=296 txRnti=5 sender_l2_id=5 receiver_l2_id=1 harq_id=5 tb_size=2083 tbler=1 sinr=1564.79 sinrMin=1.21737 reason=decode_fail,000068,16_5,leader_to_rsu,296,296,1
13800,4,HARQ,HARQ_NACK,296,5,1,,,,,5,,,,[NRSL_HARQ_EVENT] event=HARQ_NACK request_ids=296 txRnti=5 sender_l2_id=5 receiver_l2_id=1 rxRnti=1 harq_id=5 bwp_id=0,000068,16_5,leader_to_rsu,296,296,1
13825,4,PHY,PSSCH_DECODE_OK,290,19,16,1945,,,,15,54328.1,0,,[NRSL_PHY_EVENT] event=PSSCH_DECODE_OK request_ids=290 txRnti=19 sender_l2_id=19 receiver_l2_id=16 harq_id=15 tb_size=1945 tbler=0 sinr=54328.1 sinrMin=53498.3 reason=,000068,15_8,member_to_leader,290,290,1
13826,4,HARQ,HARQ_ACK,290,19,16,,,,,15,,,,[NRSL_HARQ_EVENT] event=HARQ_ACK request_ids=290 txRnti=19 sender_l2_id=19 receiver_l2_id=16 rxRnti=16 harq_id=15 bwp_id=0,000068,15_8,member_to_leader,290,290,1
13997,4,PHY,PSSCH_DECODE_FAIL,284,21,12,6,,,,7,16.0199,1,decode_fail,[NRSL_PHY_EVENT] event=PSSCH_DECODE_FAIL request_ids=284 txRnti=21 sender_l2_id=21 receiver_l2_id=12 harq_id=7 tb_size=6 tbler=1 sinr=16.0199 sinrMin=6.4982 reason=decode_fail,000068,11_8,member_to_leader,284,284,1
13998,4,HARQ,HARQ_NACK,284,21,12,,,,,7,,,,[NRSL_HARQ_EVENT] event=HARQ_NACK request_ids=284 txRnti=21 sender_l2_id=21 receiver_l2_id=12 rxRnti=12 harq_id=7 bwp_id=0,000068,11_8,member_to_leader,284,284,1
14000,4,PHY,PSSCH_DECODE_OK,302,5,16,4069,,,,7,58.1013,0,,[NRSL_PHY_EVENT] event=PSSCH_DECODE_OK request_ids=302 txRnti=5 sender_l2_id=5 receiver_l2_id=16 harq_id=7 tb_size=4069 tbler=0 sinr=58.1013 sinrMin=0.732489 reason=,000068,16_6,member_to_leader,302,302,1
14001,4,HARQ,HARQ_ACK,302,5,16,,,,,7,,,,[NRSL_HARQ_EVENT] event=HARQ_ACK request_ids=302 txRnti=5 sender_l2_id=5 receiver_l2_id=16 rxRnti=16 harq_id=7 bwp_id=0,000068,16_6,member_to_leader,302,302,1
14061,4,PHY,PSSCH_DECODE_FAIL,303,16,1,2083,,,,9,7.47462,1,decode_fail,[NRSL_PHY_EVENT] event=PSSCH_DECODE_FAIL request_ids=303 txRnti=16 sender_l2_id=16 receiver_l2_id=1 harq_id=9 tb_size=2083 tbler=1 sinr=7.47462 sinrMin=2.28901 reason=decode_fail,000068,16_6,leader_to_rsu,303,303,1
14062,4,HARQ,HARQ_NACK,303,16,1,,,,,9,,,,[NRSL_HARQ_EVENT] event=HARQ_NACK request_ids=303 txRnti=16 sender_l2_id=16 receiver_l2_id=1 rxRnti=1 harq_id=9 bwp_id=0,000068,16_6,leader_to_rsu,303,303,1
14108,4,PHY,PSSCH_DECODE_OK,304,3,21,4069,,,,0,120843,0,,[NRSL_PHY_EVENT] event=PSSCH_DECODE_OK request_ids=304 txRnti=3 sender_l2_id=3 receiver_l2_id=21 harq_id=0 tb_size=4069 tbler=0 sinr=120843 sinrMin=114070 reason=,000068,11_6,member_to_leader,304,304,1
14109,4,HARQ,HARQ_ACK,304,3,21,,,,,0,,,,[NRSL_HARQ_EVENT] event=HARQ_ACK request_ids=304 txRnti=3 sender_l2_id=3 receiver_l2_id=21 rxRnti=21 harq_id=0 bwp_id=0,000068,11_6,member_to_leader,304,304,1
14206,4,PHY,PSSCH_DECODE_FAIL,280,16,5,4069,,,,6,6.50497,1,decode_fail,[NRSL_PHY_EVENT] event=PSSCH_DECODE_FAIL request_ids=280 txRnti=16 sender_l2_id=16 receiver_l2_id=5 harq_id=6 tb_size=4069 tbler=1 sinr=6.50497 sinrMin=2.68561 reason=decode_fail,000068,16_8,member_to_leader,280,280,1
14207,4,HARQ,HARQ_NACK,280,16,5,,,,,6,,,,[NRSL_HARQ_EVENT] event=HARQ_NACK request_ids=280 txRnti=16 sender_l2_id=16 receiver_l2_id=5 rxRnti=5 harq_id=6 bwp_id=0,000068,16_8,member_to_leader,280,280,1
14209,4,PHY,PSSCH_DECODE_OK,300,14,9,6,,,,13,113.529,0,,[NRSL_PHY_EVENT] event=PSSCH_DECODE_OK request_ids=300 txRnti=14 sender_l2_id=14 receiver_l2_id=9 harq_id=13 tb_size=6 tbler=0 sinr=113.529 sinrMin=101.597 reason=,000068,12_10,member_to_leader,300,300,1
14210,4,HARQ,HARQ_ACK,300,14,9,,,,,13,,,,[NRSL_HARQ_EVENT] event=HARQ_ACK request_ids=300 txRnti=14 sender_l2_id=14 receiver_l2_id=9 rxRnti=9 harq_id=13 bwp_id=0,000068,12_10,member_to_leader,300,300,1
14271,4,PHY,PSSCH_DECODE_OK,295,16,5,4069,,,,11,80085,0,,[NRSL_PHY_EVENT] event=PSSCH_DECODE_OK request_ids=295 txRnti=16 sender_l2_id=16 receiver_l2_id=5 harq_id=11 tb_size=4069 tbler=0 sinr=80085 sinrMin=0.673565 reason=,000068,16_5,member_to_leader,295,295,1
14272,4,HARQ,HARQ_ACK,295,16,5,,,,,11,,,,[NRSL_HARQ_EVENT] event=HARQ_ACK request_ids=295 txRnti=16 sender_l2_id=16 receiver_l2_id=5 rxRnti=5 harq_id=11 bwp_id=0,000068,16_5,member_to_leader,295,295,1
14274,4,PHY,PSSCH_DECODE_FAIL,258,9,19,6,,,,15,3.25437,1,decode_fail,[NRSL_PHY_EVENT] event=PSSCH_DECODE_FAIL request_ids=258 txRnti=9 sender_l2_id=9 receiver_l2_id=19 harq_id=15 tb_size=6 tbler=1 sinr=3.25437 sinrMin=2.43342 reason=decode_fail,000068,14_11,member_to_leader,258,258,1
14275,4,HARQ,HARQ_NACK,258,9,19,,,,,15,,,,[NRSL_HARQ_EVENT] event=HARQ_NACK request_ids=258 txRnti=9 sender_l2_id=9 receiver_l2_id=19 rxRnti=19 harq_id=15 bwp_id=0,000068,14_11,member_to_leader,258,258,1
14336,4,PHY,PSSCH_DECODE_FAIL,278,19,14,6,,,,12,8.21807,1,decode_fail,[NRSL_PHY_EVENT] event=PSSCH_DECODE_FAIL request_ids=278 txRnti=19 sender_l2_id=19 receiver_l2_id=14 harq_id=12 tb_size=6 tbler=1 sinr=8.21807 sinrMin=4.26804 reason=decode_fail,000068,13_9,member_to_leader,278,278,1
14337,4,HARQ,HARQ_NACK,278,19,14,,,,,12,,,,[NRSL_HARQ_EVENT] event=HARQ_NACK request_ids=278 txRnti=19 sender_l2_id=19 receiver_l2_id=14 rxRnti=14 harq_id=12 bwp_id=0,000068,13_9,member_to_leader,278,278,1
14339,4,PHY,PSSCH_DECODE_OK,304,3,21,3890,,,,4,107201,0,,[NRSL_PHY_EVENT] event=PSSCH_DECODE_OK request_ids=304 txRnti=3 sender_l2_id=3 receiver_l2_id=21 harq_id=4 tb_size=3890 tbler=0 sinr=107201 sinrMin=16.0214 reason=,000068,11_6,member_to_leader,304,304,1
14340,4,HARQ,HARQ_ACK,304,3,21,,,,,4,,,,[NRSL_HARQ_EVENT] event=HARQ_ACK request_ids=304 txRnti=3 sender_l2_id=3 receiver_l2_id=21 rxRnti=21 harq_id=4 bwp_id=0,000068,11_6,member_to_leader,304,304,1
14363,4,PHY,PSSCH_DECODE_OK,302,5,16,1937,,,,9,122184,0,,[NRSL_PHY_EVENT] event=PSSCH_DECODE_OK request_ids=302 txRnti=5 sender_l2_id=5 receiver_l2_id=16 harq_id=9 tb_size=1937 tbler=0 sinr=122184 sinrMin=87041.5 reason=,000068,16_6,member_to_leader,302,302,1
14364,4,HARQ,HARQ_ACK,302,5,16,,,,,9,,,,[NRSL_HARQ_EVENT] event=HARQ_ACK request_ids=302 txRnti=5 sender_l2_id=5 receiver_l2_id=16 rxRnti=16 harq_id=9 bwp_id=0,000068,16_6,member_to_leader,302,302,1
14408,4,PHY,PSSCH_DECODE_OK,295,16,5,4069,,,,10,92416.3,0,,[NRSL_PHY_EVENT] event=PSSCH_DECODE_OK request_ids=295 txRnti=16 sender_l2_id=16 receiver_l2_id=5 harq_id=10 tb_size=4069 tbler=0 sinr=92416.3 sinrMin=50841.4 reason=,000068,16_5,member_to_leader,295,295,1
14409,4,HARQ,HARQ_ACK,295,16,5,,,,,10,,,,[NRSL_HARQ_EVENT] event=HARQ_ACK request_ids=295 txRnti=16 sender_l2_id=16 receiver_l2_id=5 rxRnti=5 harq_id=10 bwp_id=0,000068,16_5,member_to_leader,295,295,1
14435,4,PHY,PSSCH_DECODE_OK,276,21,3,6,,,,4,1057110.0,0,,[NRSL_PHY_EVENT] event=PSSCH_DECODE_OK request_ids=276 txRnti=21 sender_l2_id=21 receiver_l2_id=3 harq_id=4 tb_size=6 tbler=0 sinr=1.05711e+06 sinrMin=1.04804e+06 reason=,000068,11_5,member_to_leader,276,276,1
14436,4,HARQ,HARQ_ACK,276,21,3,,,,,4,,,,[NRSL_HARQ_EVENT] event=HARQ_ACK request_ids=276 txRnti=21 sender_l2_id=21 receiver_l2_id=3 rxRnti=3 harq_id=4 bwp_id=0,000068,11_5,member_to_leader,276,276,1
14497,4,PHY,PSSCH_DECODE_OK,251,13,4,6,,,,3,81.8951,0,,[NRSL_PHY_EVENT] event=PSSCH_DECODE_OK request_ids=251 txRnti=13 sender_l2_id=13 receiver_l2_id=4 harq_id=3 tb_size=6 tbler=0 sinr=81.8951 sinrMin=67.907 reason=,000068,13_2,member_to_leader,251,251,1
14498,4,HARQ,HARQ_ACK,251,13,4,,,,,3,,,,[NRSL_HARQ_EVENT] event=HARQ_ACK request_ids=251 txRnti=13 sender_l2_id=13 receiver_l2_id=4 rxRnti=4 harq_id=3 bwp_id=0,000068,13_2,member_to_leader,251,251,1
14500,4,PHY,PSSCH_DECODE_OK,306,2,20,3890,,,,3,8212.42,0,,[NRSL_PHY_EVENT] event=PSSCH_DECODE_OK request_ids=306 txRnti=2 sender_l2_id=2 receiver_l2_id=20 harq_id=3 tb_size=3890 tbler=0 sinr=8212.42 sinrMin=0.0317171 reason=,000068,14_2,member_to_leader,306,306,1
14501,4,HARQ,HARQ_ACK,306,2,20,,,,,3,,,,[NRSL_HARQ_EVENT] event=HARQ_ACK request_ids=306 txRnti=2 sender_l2_id=2 receiver_l2_id=20 rxRnti=20 harq_id=3 bwp_id=0,000068,14_2,member_to_leader,306,306,1
14525,4,PHY,PSSCH_DECODE_OK,249,14,17,6,,,,14,2494090.0,0,,[NRSL_PHY_EVENT] event=PSSCH_DECODE_OK request_ids=249 txRnti=14 sender_l2_id=14 receiver_l2_id=17 harq_id=14 tb_size=6 tbler=0 sinr=2.49409e+06 sinrMin=2.01149e+06 reason=,000068,12_9,member_to_leader,249,249,1
14526,4,HARQ,HARQ_ACK,249,14,17,,,,,14,,,,[NRSL_HARQ_EVENT] event=HARQ_ACK request_ids=249 txRnti=14 sender_l2_id=14 receiver_l2_id=17 rxRnti=17 harq_id=14 bwp_id=0,000068,12_9,member_to_leader,249,249,1
14550,4,PHY,PSSCH_DECODE_OK,295,16,5,1937,,,,13,85099.6,0,,[NRSL_PHY_EVENT] event=PSSCH_DECODE_OK request_ids=295 txRnti=16 sender_l2_id=16 receiver_l2_id=5 harq_id=13 tb_size=1937 tbler=0 sinr=85099.6 sinrMin=77613.4 reason=,000068,16_5,member_to_leader,295,295,1
14551,4,HARQ,HARQ_ACK,295,16,5,,,,,13,,,,[NRSL_HARQ_EVENT] event=HARQ_ACK request_ids=295 txRnti=16 sender_l2_id=16 receiver_l2_id=5 rxRnti=5 harq_id=13 bwp_id=0,000068,16_5,member_to_leader,295,295,1
14576,4,PHY,PSSCH_DECODE_OK,282,20,2,10,,,,3,91495.6,0,,[NRSL_PHY_EVENT] event=PSSCH_DECODE_OK request_ids=282 txRnti=20 sender_l2_id=20 receiver_l2_id=2 harq_id=3 tb_size=10 tbler=0 sinr=91495.6 sinrMin=91327.5 reason=,000068,15_2,member_to_leader,282,282,1
14577,4,HARQ,HARQ_ACK,282,20,2,,,,,3,,,,[NRSL_HARQ_EVENT] event=HARQ_ACK request_ids=282 txRnti=20 sender_l2_id=20 receiver_l2_id=2 rxRnti=2 harq_id=3 bwp_id=0,000068,15_2,member_to_leader,282,282,1
14600,4,PHY,PSSCH_DECODE_OK,290,19,16,6,,,,13,221177,0,,[NRSL_PHY_EVENT] event=PSSCH_DECODE_OK request_ids=290 txRnti=19 sender_l2_id=19 receiver_l2_id=16 harq_id=13 tb_size=6 tbler=0 sinr=221177 sinrMin=220326 reason=,000068,15_8,member_to_leader,290,290,1
14601,4,HARQ,HARQ_ACK,290,19,16,,,,,13,,,,[NRSL_HARQ_EVENT] event=HARQ_ACK request_ids=290 txRnti=19 sender_l2_id=19 receiver_l2_id=16 rxRnti=16 harq_id=13 bwp_id=0,000068,15_8,member_to_leader,290,290,1
14626,4,PHY,PSSCH_DECODE_OK,304,3,21,10,,,,3,1039840.0,0,,[NRSL_PHY_EVENT] event=PSSCH_DECODE_OK request_ids=304 txRnti=3 sender_l2_id=3 receiver_l2_id=21 harq_id=3 tb_size=10 tbler=0 sinr=1.03984e+06 sinrMin=1.02855e+06 reason=,000068,11_6,member_to_leader,304,304,1
14627,4,HARQ,HARQ_ACK,304,3,21,,,,,3,,,,[NRSL_HARQ_EVENT] event=HARQ_ACK request_ids=304 txRnti=3 sender_l2_id=3 receiver_l2_id=21 rxRnti=21 harq_id=3 bwp_id=0,000068,11_6,member_to_leader,304,304,1
14650,4,PHY,PSSCH_DECODE_OK,302,5,16,14,,,,10,1101810.0,0,,[NRSL_PHY_EVENT] event=PSSCH_DECODE_OK request_ids=302 txRnti=5 sender_l2_id=5 receiver_l2_id=16 harq_id=10 tb_size=14 tbler=0 sinr=1.10181e+06 sinrMin=1.07021e+06 reason=,000068,16_6,member_to_leader,302,302,1
14651,4,HARQ,HARQ_ACK,302,5,16,,,,,10,,,,[NRSL_HARQ_EVENT] event=HARQ_ACK request_ids=302 txRnti=5 sender_l2_id=5 receiver_l2_id=16 rxRnti=16 harq_id=10 bwp_id=0,000068,16_6,member_to_leader,302,302,1
14676,4,PHY,PSSCH_DECODE_OK,306,2,20,10,,,,2,91953.5,0,,[NRSL_PHY_EVENT] event=PSSCH_DECODE_OK request_ids=306 txRnti=2 sender_l2_id=2 receiver_l2_id=20 harq_id=2 tb_size=10 tbler=0 sinr=91953.5 sinrMin=91926.4 reason=,000068,14_2,member_to_leader,306,306,1
14677,4,HARQ,HARQ_ACK,306,2,20,,,,,2,,,,[NRSL_HARQ_EVENT] event=HARQ_ACK request_ids=306 txRnti=2 sender_l2_id=2 receiver_l2_id=20 rxRnti=20 harq_id=2 bwp_id=0,000068,14_2,member_to_leader,306,306,1
14700,4,PHY,PSSCH_DECODE_OK,295,16,5,14,,,,12,656203,0,,[NRSL_PHY_EVENT] event=PSSCH_DECODE_OK request_ids=295 txRnti=16 sender_l2_id=16 receiver_l2_id=5 harq_id=12 tb_size=14 tbler=0 sinr=656203 sinrMin=615340 reason=,000068,16_5,member_to_leader,295,295,1
14701,4,HARQ,HARQ_ACK,295,16,5,,,,,12,,,,[NRSL_HARQ_EVENT] event=HARQ_ACK request_ids=295 txRnti=16 sender_l2_id=16 receiver_l2_id=5 rxRnti=5 harq_id=12 bwp_id=0,000068,16_5,member_to_leader,295,295,1
14924,5,PHY,PSSCH_DECODE_FAIL,315,21,1,4069,,,,11,5.14719,1,decode_fail,[NRSL_PHY_EVENT] event=PSSCH_DECODE_FAIL request_ids=315 txRnti=21 sender_l2_id=21 receiver_l2_id=1 harq_id=11 tb_size=4069 tbler=1 sinr=5.14719 sinrMin=4.25059 reason=decode_fail,000070,11_7,leader_to_rsu,315,315,1
14925,5,HARQ,HARQ_NACK,315,21,1,,,,,11,,,,[NRSL_HARQ_EVENT] event=HARQ_NACK request_ids=315 txRnti=21 sender_l2_id=21 receiver_l2_id=1 rxRnti=1 harq_id=11 bwp_id=0,000070,11_7,leader_to_rsu,315,315,1
15069,5,PHY,PSSCH_DECODE_FAIL,319,2,1,4069,,,,4,11.9601,1,decode_fail,[NRSL_PHY_EVENT] event=PSSCH_DECODE_FAIL request_ids=319 txRnti=2 sender_l2_id=2 receiver_l2_id=1 harq_id=4 tb_size=4069 tbler=1 sinr=11.9601 sinrMin=10.4971 reason=decode_fail,000070,14_1,leader_to_rsu,319,319,1
15070,5,HARQ,HARQ_NACK,319,2,1,,,,,4,,,,[NRSL_HARQ_EVENT] event=HARQ_NACK request_ids=319 txRnti=2 sender_l2_id=2 receiver_l2_id=1 rxRnti=1 harq_id=4 bwp_id=0,000070,14_1,leader_to_rsu,319,319,1
15114,5,PHY,PSSCH_DECODE_OK,309,14,17,4069,,,,3,126562,0,,[NRSL_PHY_EVENT] event=PSSCH_DECODE_OK request_ids=309 txRnti=14 sender_l2_id=14 receiver_l2_id=17 harq_id=3 tb_size=4069 tbler=0 sinr=126562 sinrMin=41581 reason=,000070,12_9,member_to_leader,309,309,1
15115,5,HARQ,HARQ_ACK,309,14,17,,,,,3,,,,[NRSL_HARQ_EVENT] event=HARQ_ACK request_ids=309 txRnti=14 sender_l2_id=14 receiver_l2_id=17 rxRnti=17 harq_id=3 bwp_id=0,000070,12_9,member_to_leader,309,309,1
15299,5,PHY,PSSCH_DECODE_FAIL,364,14,9,4069,,,,15,1.59491,1,decode_fail,[NRSL_PHY_EVENT] event=PSSCH_DECODE_FAIL request_ids=364 txRnti=14 sender_l2_id=14 receiver_l2_id=9 harq_id=15 tb_size=4069 tbler=1 sinr=1.59491 sinrMin=1.3997 reason=decode_fail,000070,12_10,member_to_leader,364,364,1
15300,5,HARQ,HARQ_NACK,364,14,9,,,,,15,,,,[NRSL_HARQ_EVENT] event=HARQ_NACK request_ids=364 txRnti=14 sender_l2_id=14 receiver_l2_id=9 rxRnti=9 harq_id=15 bwp_id=0,000070,12_10,member_to_leader,364,364,1
15364,5,PHY,PSSCH_DECODE_FAIL,368,21,1,2083,,,,10,21.3158,1,decode_fail,[NRSL_PHY_EVENT] event=PSSCH_DECODE_FAIL request_ids=368 txRnti=21 sender_l2_id=21 receiver_l2_id=1 harq_id=10 tb_size=2083 tbler=1 sinr=21.3158 sinrMin=11.5018 reason=decode_fail,000070,11_6,leader_to_rsu,368,368,1
15365,5,HARQ,HARQ_NACK,368,21,1,,,,,10,,,,[NRSL_HARQ_EVENT] event=HARQ_NACK request_ids=368 txRnti=21 sender_l2_id=21 receiver_l2_id=1 rxRnti=1 harq_id=10 bwp_id=0,000070,11_6,leader_to_rsu,368,368,1
15367,5,PHY,PSSCH_DECODE_FAIL,323,20,2,4069,,,,7,5710.57,1,decode_fail,[NRSL_PHY_EVENT] event=PSSCH_DECODE_FAIL request_ids=323 txRnti=20 sender_l2_id=20 receiver_l2_id=2 harq_id=7 tb_size=4069 tbler=1 sinr=5710.57 sinrMin=1.12802 reason=decode_fail,000070,14_3,member_to_leader,323,323,1
15368,5,HARQ,HARQ_NACK,323,20,2,,,,,7,,,,[NRSL_HARQ_EVENT] event=HARQ_NACK request_ids=323 txRnti=20 sender_l2_id=20 receiver_l2_id=2 rxRnti=2 harq_id=7 bwp_id=0,000070,14_3,member_to_leader,323,323,1
15418,5,PHY,PSSCH_DECODE_OK,333,9,14,4069,,,,2,65425.1,0,,[NRSL_PHY_EVENT] event=PSSCH_DECODE_OK request_ids=333 txRnti=9 sender_l2_id=9 receiver_l2_id=14 harq_id=2 tb_size=4069 tbler=0 sinr=65425.1 sinrMin=51131.8 reason=,000070,12_11,member_to_leader,333,333,1
15419,5,HARQ,HARQ_ACK,333,9,14,,,,,2,,,,[NRSL_HARQ_EVENT] event=HARQ_ACK request_ids=333 txRnti=9 sender_l2_id=9 receiver_l2_id=14 rxRnti=14 harq_id=2 bwp_id=0,000070,12_11,member_to_leader,333,333,1
15589,5,PHY,PSSCH_DECODE_FAIL,314,3,21,4069,,,,5,3.09293,1,decode_fail,[NRSL_PHY_EVENT] event=PSSCH_DECODE_FAIL request_ids=314 txRnti=3 sender_l2_id=3 receiver_l2_id=21 harq_id=5 tb_size=4069 tbler=1 sinr=3.09293 sinrMin=2.48378 reason=decode_fail,000070,11_7,member_to_leader,314,314,1
15590,5,HARQ,HARQ_NACK,314,3,21,,,,,5,,,,[NRSL_HARQ_EVENT] event=HARQ_NACK request_ids=314 txRnti=3 sender_l2_id=3 receiver_l2_id=21 rxRnti=21 harq_id=5 bwp_id=0,000070,11_7,member_to_leader,314,314,1
15767,5,PHY,PSSCH_DECODE_FAIL,313,13,1,2083,,,,5,0.0355743,1,sci2_decode_fail,[NRSL_PHY_EVENT] event=PSSCH_DECODE_FAIL request_ids=313 txRnti=13 sender_l2_id=13 receiver_l2_id=1 harq_id=5 tb_size=2083 tbler=1 sinr=0.0355743 sinrMin=0.0119529 reason=sci2_decode_fail,000070,13_0,leader_to_rsu,313,313,1
15769,5,PHY,PSSCH_DECODE_FAIL,361,6,1,2083,,,,4,0.0706549,1,sci2_decode_fail,[NRSL_PHY_EVENT] event=PSSCH_DECODE_FAIL request_ids=361 txRnti=6 sender_l2_id=6 receiver_l2_id=1 harq_id=4 tb_size=2083 tbler=1 sinr=0.0706549 sinrMin=0.0321598 reason=sci2_decode_fail,000070,9_6,leader_to_rsu,361,361,1
15941,5,PHY,PSSCH_DECODE_FAIL,324,2,1,4069,,,,6,1.86359,1,decode_fail,[NRSL_PHY_EVENT] event=PSSCH_DECODE_FAIL request_ids=324 txRnti=2 sender_l2_id=2 receiver_l2_id=1 harq_id=6 tb_size=4069 tbler=1 sinr=1.86359 sinrMin=0.854147 reason=decode_fail,000070,14_3,leader_to_rsu,324,324,1
15942,5,HARQ,HARQ_NACK,324,2,1,,,,,6,,,,[NRSL_HARQ_EVENT] event=HARQ_NACK request_ids=324 txRnti=2 sender_l2_id=2 receiver_l2_id=1 rxRnti=1 harq_id=6 bwp_id=0,000070,14_3,leader_to_rsu,324,324,1
15944,5,PHY,PSSCH_DECODE_FAIL,360,12,1,2083,,,,9,0.0949351,1,sci2_decode_fail,[NRSL_PHY_EVENT] event=PSSCH_DECODE_FAIL request_ids=360 txRnti=12 sender_l2_id=12 receiver_l2_id=1 harq_id=9 tb_size=2083 tbler=1 sinr=0.0949351 sinrMin=0.074614 reason=sci2_decode_fail,000070,10_6,leader_to_rsu,360,360,1
15946,5,PHY,PSSCH_DECODE_FAIL,310,17,1,2083,,,,4,0.101706,1,sci2_decode_fail,[NRSL_PHY_EVENT] event=PSSCH_DECODE_FAIL request_ids=310 txRnti=17 sender_l2_id=17 receiver_l2_id=1 harq_id=4 tb_size=2083 tbler=1 sinr=0.101706 sinrMin=0.081873 reason=sci2_decode_fail,000070,12_9,leader_to_rsu,310,310,1
15948,5,PHY,PSSCH_DECODE_FAIL,337,21,3,4069,,,,8,1.79154,1,decode_fail,[NRSL_PHY_EVENT] event=PSSCH_DECODE_FAIL request_ids=337 txRnti=21 sender_l2_id=21 receiver_l2_id=3 harq_id=8 tb_size=4069 tbler=1 sinr=1.79154 sinrMin=1.21884 reason=decode_fail,000070,11_5,member_to_leader,337,337,1
15949,5,HARQ,HARQ_NACK,337,21,3,,,,,8,,,,[NRSL_HARQ_EVENT] event=HARQ_NACK request_ids=337 txRnti=21 sender_l2_id=21 receiver_l2_id=3 rxRnti=3 harq_id=8 bwp_id=0,000070,11_5,member_to_leader,337,337,1
16116,5,PHY,PSSCH_DECODE_FAIL,316,4,1,4069,,,,13,2.4195,1,decode_fail,[NRSL_PHY_EVENT] event=PSSCH_DECODE_FAIL request_ids=316 txRnti=4 sender_l2_id=4 receiver_l2_id=1 harq_id=13 tb_size=4069 tbler=1 sinr=2.4195 sinrMin=0.776909 reason=decode_fail,000070,13_3,leader_to_rsu,316,316,1
16117,5,HARQ,HARQ_NACK,316,4,1,,,,,13,,,,[NRSL_HARQ_EVENT] event=HARQ_NACK request_ids=316 txRnti=4 sender_l2_id=4 receiver_l2_id=1 rxRnti=1 harq_id=13 bwp_id=0,000070,13_3,leader_to_rsu,316,316,1
16199,5,PHY,PSSCH_DECODE_FAIL,311,13,4,4069,,,,6,1.63685,1,decode_fail,[NRSL_PHY_EVENT] event=PSSCH_DECODE_FAIL request_ids=311 txRnti=13 sender_l2_id=13 receiver_l2_id=4 harq_id=6 tb_size=4069 tbler=1 sinr=1.63685 sinrMin=0.981953 reason=decode_fail,000070,13_2,member_to_leader,311,311,1
16200,5,HARQ,HARQ_NACK,311,13,4,,,,,6,,,,[NRSL_HARQ_EVENT] event=HARQ_NACK request_ids=311 txRnti=13 sender_l2_id=13 receiver_l2_id=4 rxRnti=4 harq_id=6 bwp_id=0,000070,13_2,member_to_leader,311,311,1
16202,5,PHY,PSSCH_DECODE_OK,317,16,5,4069,,,,2,7641.53,0,,[NRSL_PHY_EVENT] event=PSSCH_DECODE_OK request_ids=317 txRnti=16 sender_l2_id=16 receiver_l2_id=5 harq_id=2 tb_size=4069 tbler=0 sinr=7641.53 sinrMin=2439.66 reason=,000070,18_7,member_to_leader,317,317,1
16203,5,HARQ,HARQ_ACK,317,16,5,,,,,2,,,,[NRSL_HARQ_EVENT] event=HARQ_ACK request_ids=317 txRnti=16 sender_l2_id=16 receiver_l2_id=5 rxRnti=5 harq_id=2 bwp_id=0,000070,18_7,member_to_leader,317,317,1
16339,5,PHY,PSSCH_DECODE_FAIL,349,4,1,2083,,,,14,0.827361,0.936151,sci2_decode_fail,[NRSL_PHY_EVENT] event=PSSCH_DECODE_FAIL request_ids=349 txRnti=4 sender_l2_id=4 receiver_l2_id=1 harq_id=14 tb_size=2083 tbler=0.936151 sinr=0.827361 sinrMin=0.4477 reason=sci2_decode_fail,000070,12_3,leader_to_rsu,349,349,1
16341,5,PHY,PSSCH_DECODE_FAIL,333,9,14,1945,,,,3,3.33276,1,decode_fail,[NRSL_PHY_EVENT] event=PSSCH_DECODE_FAIL request_ids=333 txRnti=9 sender_l2_id=9 receiver_l2_id=14 harq_id=3 tb_size=1945 tbler=1 sinr=3.33276 sinrMin=2.97963 reason=decode_fail,000070,12_11,member_to_leader,333,333,1
16342,5,HARQ,HARQ_NACK,333,9,14,,,,,3,,,,[NRSL_HARQ_EVENT] event=HARQ_NACK request_ids=333 txRnti=9 sender_l2_id=9 receiver_l2_id=14 rxRnti=14 harq_id=3 bwp_id=0,000070,12_11,member_to_leader,333,333,1
16344,5,PHY,PSSCH_DECODE_FAIL,325,5,16,4069,,,,0,1.27107,1,decode_fail,[NRSL_PHY_EVENT] event=PSSCH_DECODE_FAIL request_ids=325 txRnti=5 sender_l2_id=5 receiver_l2_id=16 harq_id=0 tb_size=4069 tbler=1 sinr=1.27107 sinrMin=0.465728 reason=decode_fail,000070,17_5,member_to_leader,325,325,1
16345,5,HARQ,HARQ_NACK,325,5,16,,,,,0,,,,[NRSL_HARQ_EVENT] event=HARQ_NACK request_ids=325 txRnti=5 sender_l2_id=5 receiver_l2_id=16 rxRnti=16 harq_id=0 bwp_id=0,000070,17_5,member_to_leader,325,325,1
16423,5,PHY,PSSCH_DECODE_FAIL,311,13,4,1945,,,,7,6.52644,1,decode_fail,[NRSL_PHY_EVENT] event=PSSCH_DECODE_FAIL request_ids=311 txRnti=13 sender_l2_id=13 receiver_l2_id=4 harq_id=7 tb_size=1945 tbler=1 sinr=6.52644 sinrMin=5.29818 reason=decode_fail,000070,13_2,member_to_leader,311,311,1
16424,5,HARQ,HARQ_NACK,311,13,4,,,,,7,,,,[NRSL_HARQ_EVENT] event=HARQ_NACK request_ids=311 txRnti=13 sender_l2_id=13 receiver_l2_id=4 rxRnti=4 harq_id=7 bwp_id=0,000070,13_2,member_to_leader,311,311,1
16426,5,PHY,PSSCH_DECODE_FAIL,309,14,17,1945,,,,7,4.35229,1,decode_fail,[NRSL_PHY_EVENT] event=PSSCH_DECODE_FAIL request_ids=309 txRnti=14 sender_l2_id=14 receiver_l2_id=17 harq_id=7 tb_size=1945 tbler=1 sinr=4.35229 sinrMin=3.85843 reason=decode_fail,000070,12_9,member_to_leader,309,309,1
16427,5,HARQ,HARQ_NACK,309,14,17,,,,,7,,,,[NRSL_HARQ_EVENT] event=HARQ_NACK request_ids=309 txRnti=14 sender_l2_id=14 receiver_l2_id=17 rxRnti=17 harq_id=7 bwp_id=0,000070,12_9,member_to_leader,309,309,1
16561,5,PHY,PSSCH_DECODE_FAIL,366,7,1,2083,,,,6,0.0445462,1,sci2_decode_fail,[NRSL_PHY_EVENT] event=PSSCH_DECODE_FAIL request_ids=366 txRnti=7 sender_l2_id=7 receiver_l2_id=1 harq_id=6 tb_size=2083 tbler=1 sinr=0.0445462 sinrMin=0.0342765 reason=sci2_decode_fail,000070,6_12,leader_to_rsu,366,366,1
16563,5,PHY,PSSCH_DECODE_FAIL,364,14,9,1945,,,,5,6.93681,1,decode_fail,[NRSL_PHY_EVENT] event=PSSCH_DECODE_FAIL request_ids=364 txRnti=14 sender_l2_id=14 receiver_l2_id=9 harq_id=5 tb_size=1945 tbler=1 sinr=6.93681 sinrMin=5.19408 reason=decode_fail,000070,12_10,member_to_leader,364,364,1
16564,5,HARQ,HARQ_NACK,364,14,9,,,,,5,,,,[NRSL_HARQ_EVENT] event=HARQ_NACK request_ids=364 txRnti=14 sender_l2_id=14 receiver_l2_id=9 rxRnti=9 harq_id=5 bwp_id=0,000070,12_10,member_to_leader,364,364,1
16676,5,PHY,PSSCH_DECODE_FAIL,346,21,12,4069,,,,12,0.759202,0.936151,sci2_decode_fail,[NRSL_PHY_EVENT] event=PSSCH_DECODE_FAIL request_ids=346 txRnti=21 sender_l2_id=21 receiver_l2_id=12 harq_id=12 tb_size=4069 tbler=0.936151 sinr=0.759202 sinrMin=0.174797 reason=sci2_decode_fail,000070,11_8,member_to_leader,346,346,1
16799,5,PHY,PSSCH_DECODE_FAIL,344,2,1,2083,,,,8,6.4417,1,decode_fail,[NRSL_PHY_EVENT] event=PSSCH_DECODE_FAIL request_ids=344 txRnti=2 sender_l2_id=2 receiver_l2_id=1 harq_id=8 tb_size=2083 tbler=1 sinr=6.4417 sinrMin=4.18142 reason=decode_fail,000070,15_2,leader_to_rsu,344,344,1
16800,5,HARQ,HARQ_NACK,344,2,1,,,,,8,,,,[NRSL_HARQ_EVENT] event=HARQ_NACK request_ids=344 txRnti=2 sender_l2_id=2 receiver_l2_id=1 rxRnti=1 harq_id=8 bwp_id=0,000070,15_2,leader_to_rsu,344,344,1
16862,5,PHY,PSSCH_DECODE_FAIL,328,20,1,2083,,,,9,0.235583,1,sci2_decode_fail,[NRSL_PHY_EVENT] event=PSSCH_DECODE_FAIL request_ids=328 txRnti=20 sender_l2_id=20 receiver_l2_id=1 harq_id=9 tb_size=2083 tbler=1 sinr=0.235583 sinrMin=0.0817448 reason=sci2_decode_fail,000070,15_3,leader_to_rsu,328,328,1
16864,5,PHY,PSSCH_DECODE_OK,314,3,21,4069,,,,10,34483.8,0,,[NRSL_PHY_EVENT] event=PSSCH_DECODE_OK request_ids=314 txRnti=3 sender_l2_id=3 receiver_l2_id=21 harq_id=10 tb_size=4069 tbler=0 sinr=34483.8 sinrMin=102.93 reason=,000070,11_7,member_to_leader,314,314,1
16865,5,HARQ,HARQ_ACK,314,3,21,,,,,10,,,,[NRSL_HARQ_EVENT] event=HARQ_ACK request_ids=314 txRnti=3 sender_l2_id=3 receiver_l2_id=21 rxRnti=21 harq_id=10 bwp_id=0,000070,11_7,member_to_leader,314,314,1
16909,5,PHY,PSSCH_DECODE_FAIL,365,9,1,2083,,,,4,221.68,1,decode_fail,[NRSL_PHY_EVENT] event=PSSCH_DECODE_FAIL request_ids=365 txRnti=9 sender_l2_id=9 receiver_l2_id=1 harq_id=4 tb_size=2083 tbler=1 sinr=221.68 sinrMin=0.478372 reason=decode_fail,000070,12_10,leader_to_rsu,365,365,1
16910,5,HARQ,HARQ_NACK,365,9,1,,,,,4,,,,[NRSL_HARQ_EVENT] event=HARQ_NACK request_ids=365 txRnti=9 sender_l2_id=9 receiver_l2_id=1 rxRnti=1 harq_id=4 bwp_id=0,000070,12_10,leader_to_rsu,365,365,1
16912,5,PHY,PSSCH_DECODE_FAIL,352,19,16,1945,,,,5,22269.5,1,decode_fail,[NRSL_PHY_EVENT] event=PSSCH_DECODE_FAIL request_ids=352 txRnti=19 sender_l2_id=19 receiver_l2_id=16 harq_id=5 tb_size=1945 tbler=1 sinr=22269.5 sinrMin=5.17099 reason=decode_fail,000070,15_8,member_to_leader,352,352,1
16913,5,HARQ,HARQ_NACK,352,19,16,,,,,5,,,,[NRSL_HARQ_EVENT] event=HARQ_NACK request_ids=352 txRnti=19 sender_l2_id=19 receiver_l2_id=16 rxRnti=16 harq_id=5 bwp_id=0,000070,15_8,member_to_leader,352,352,1
17006,5,PHY,PSSCH_DECODE_FAIL,343,20,2,3890,,,,10,1.52779,1,decode_fail,[NRSL_PHY_EVENT] event=PSSCH_DECODE_FAIL request_ids=343 txRnti=20 sender_l2_id=20 receiver_l2_id=2 harq_id=10 tb_size=3890 tbler=1 sinr=1.52779 sinrMin=0.756565 reason=decode_fail,000070,15_2,member_to_leader,343,343,1
17007,5,HARQ,HARQ_NACK,343,20,2,,,,,10,,,,[NRSL_HARQ_EVENT] event=HARQ_NACK request_ids=343 txRnti=20 sender_l2_id=20 receiver_l2_id=2 rxRnti=2 harq_id=10 bwp_id=0,000070,15_2,member_to_leader,343,343,1
17009,5,PHY,PSSCH_DECODE_FAIL,329,19,9,1945,,,,9,6.67718,1,decode_fail,[NRSL_PHY_EVENT] event=PSSCH_DECODE_FAIL request_ids=329 txRnti=19 sender_l2_id=19 receiver_l2_id=9 harq_id=9 tb_size=1945 tbler=1 sinr=6.67718 sinrMin=4.26695 reason=decode_fail,000070,14_11,member_to_leader,329,329,1
17010,5,HARQ,HARQ_NACK,329,19,9,,,,,9,,,,[NRSL_HARQ_EVENT] event=HARQ_NACK request_ids=329 txRnti=19 sender_l2_id=19 receiver_l2_id=9 rxRnti=9 harq_id=9 bwp_id=0,000070,14_11,member_to_leader,329,329,1
17090,5,PHY,PSSCH_DECODE_FAIL,317,16,5,4069,,,,1,37281.7,1,decode_fail,[NRSL_PHY_EVENT] event=PSSCH_DECODE_FAIL request_ids=317 txRnti=16 sender_l2_id=16 receiver_l2_id=5 harq_id=1 tb_size=4069 tbler=1 sinr=37281.7 sinrMin=0.833746 reason=decode_fail,000070,18_7,member_to_leader,317,317,1
17091,5,HARQ,HARQ_NACK,317,16,5,,,,,1,,,,[NRSL_HARQ_EVENT] event=HARQ_NACK request_ids=317 txRnti=16 sender_l2_id=16 receiver_l2_id=5 rxRnti=5 harq_id=1 bwp_id=0,000070,18_7,member_to_leader,317,317,1
17093,5,PHY,PSSCH_DECODE_FAIL,327,2,20,1945,,,,10,0.106899,1,sci2_decode_fail,[NRSL_PHY_EVENT] event=PSSCH_DECODE_FAIL request_ids=327 txRnti=2 sender_l2_id=2 receiver_l2_id=20 harq_id=10 tb_size=1945 tbler=1 sinr=0.106899 sinrMin=0.0669116 reason=sci2_decode_fail,000070,15_3,member_to_leader,327,327,1
17138,5,PHY,PSSCH_DECODE_OK,348,5,1,4069,,,,1,4025.32,0,,[NRSL_PHY_EVENT] event=PSSCH_DECODE_OK request_ids=348 txRnti=5 sender_l2_id=5 receiver_l2_id=1 harq_id=1 tb_size=4069 tbler=0 sinr=4025.32 sinrMin=1520.24 reason=,000070,17_7,leader_to_rsu,348,348,1
17139,5,HARQ,HARQ_ACK,348,5,1,,,,,1,,,,[NRSL_HARQ_EVENT] event=HARQ_ACK request_ids=348 txRnti=5 sender_l2_id=5 receiver_l2_id=1 rxRnti=1 harq_id=1 bwp_id=0,000070,17_7,leader_to_rsu,348,348,1
17184,5,PHY,PSSCH_DECODE_OK,367,3,21,4069,,,,11,89178.6,0,,[NRSL_PHY_EVENT] event=PSSCH_DECODE_OK request_ids=367 txRnti=3 sender_l2_id=3 receiver_l2_id=21 harq_id=11 tb_size=4069 tbler=0 sinr=89178.6 sinrMin=87930.5 reason=,000070,11_6,member_to_leader,367,367,1
17185,5,HARQ,HARQ_ACK,367,3,21,,,,,11,,,,[NRSL_HARQ_EVENT] event=HARQ_ACK request_ids=367 txRnti=3 sender_l2_id=3 receiver_l2_id=21 rxRnti=21 harq_id=11 bwp_id=0,000070,11_6,member_to_leader,367,367,1
17262,5,PHY,PSSCH_DECODE_OK,337,21,3,1945,,,,0,715.083,0,,[NRSL_PHY_EVENT] event=PSSCH_DECODE_OK request_ids=337 txRnti=21 sender_l2_id=21 receiver_l2_id=3 harq_id=0 tb_size=1945 tbler=0 sinr=715.083 sinrMin=653.444 reason=,000070,11_5,member_to_leader,337,337,1
17263,5,HARQ,HARQ_ACK,337,21,3,,,,,0,,,,[NRSL_HARQ_EVENT] event=HARQ_ACK request_ids=337 txRnti=21 sender_l2_id=21 receiver_l2_id=3 rxRnti=3 harq_id=0 bwp_id=0,000070,11_5,member_to_leader,337,337,1
17265,5,PHY,PSSCH_DECODE_FAIL,339,19,14,1945,,,,14,14.4969,1,decode_fail,[NRSL_PHY_EVENT] event=PSSCH_DECODE_FAIL request_ids=339 txRnti=19 sender_l2_id=19 receiver_l2_id=14 harq_id=14 tb_size=1945 tbler=1 sinr=14.4969 sinrMin=5.5732 reason=decode_fail,000070,13_9,member_to_leader,339,339,1
17266,5,HARQ,HARQ_NACK,339,19,14,,,,,14,,,,[NRSL_HARQ_EVENT] event=HARQ_NACK request_ids=339 txRnti=19 sender_l2_id=19 receiver_l2_id=14 rxRnti=14 harq_id=14 bwp_id=0,000070,13_9,member_to_leader,339,339,1
17326,5,PHY,PSSCH_DECODE_FAIL,353,16,1,4069,,,,3,1072.11,1,decode_fail,[NRSL_PHY_EVENT] event=PSSCH_DECODE_FAIL request_ids=353 txRnti=16 sender_l2_id=16 receiver_l2_id=1 harq_id=3 tb_size=4069 tbler=1 sinr=1072.11 sinrMin=0.0651999 reason=decode_fail,000070,15_8,leader_to_rsu,353,353,1
17327,5,HARQ,HARQ_NACK,353,16,1,,,,,3,,,,[NRSL_HARQ_EVENT] event=HARQ_NACK request_ids=353 txRnti=16 sender_l2_id=16 receiver_l2_id=1 rxRnti=1 harq_id=3 bwp_id=0,000070,15_8,leader_to_rsu,353,353,1
17329,5,PHY,PSSCH_DECODE_FAIL,346,21,12,1945,,,,14,5.23807,1,decode_fail,[NRSL_PHY_EVENT] event=PSSCH_DECODE_FAIL request_ids=346 txRnti=21 sender_l2_id=21 receiver_l2_id=12 harq_id=14 tb_size=1945 tbler=1 sinr=5.23807 sinrMin=1.66332 reason=decode_fail,000070,11_8,member_to_leader,346,346,1
17330,5,HARQ,HARQ_NACK,346,21,12,,,,,14,,,,[NRSL_HARQ_EVENT] event=HARQ_NACK request_ids=346 txRnti=21 sender_l2_id=21 receiver_l2_id=12 rxRnti=12 harq_id=14 bwp_id=0,000070,11_8,member_to_leader,346,346,1
17409,5,PHY,PSSCH_DECODE_FAIL,350,3,1,4069,,,,12,3.25636,1,decode_fail,[NRSL_PHY_EVENT] event=PSSCH_DECODE_FAIL request_ids=350 txRnti=3 sender_l2_id=3 receiver_l2_id=1 harq_id=12 tb_size=4069 tbler=1 sinr=3.25636 sinrMin=1.50923 reason=decode_fail,000070,11_4,leader_to_rsu,350,350,1
17410,5,HARQ,HARQ_NACK,350,3,1,,,,,12,,,,[NRSL_HARQ_EVENT] event=HARQ_NACK request_ids=350 txRnti=3 sender_l2_id=3 receiver_l2_id=1 rxRnti=1 harq_id=12 bwp_id=0,000070,11_4,leader_to_rsu,350,350,1
17412,5,PHY,PSSCH_DECODE_OK,341,16,5,4069,,,,4,189.448,0,,[NRSL_PHY_EVENT] event=PSSCH_DECODE_OK request_ids=341 txRnti=16 sender_l2_id=16 receiver_l2_id=5 harq_id=4 tb_size=4069 tbler=0 sinr=189.448 sinrMin=69.7452 reason=,000070,16_8,member_to_leader,341,341,1
17413,5,HARQ,HARQ_ACK,341,16,5,,,,,4,,,,[NRSL_HARQ_EVENT] event=HARQ_ACK request_ids=341 txRnti=16 sender_l2_id=16 receiver_l2_id=5 rxRnti=5 harq_id=4 bwp_id=0,000070,16_8,member_to_leader,341,341,1
17458,5,PHY,PSSCH_DECODE_OK,354,5,16,4069,,,,3,123807,0,,[NRSL_PHY_EVENT] event=PSSCH_DECODE_OK request_ids=354 txRnti=5 sender_l2_id=5 receiver_l2_id=16 harq_id=3 tb_size=4069 tbler=0 sinr=123807 sinrMin=37252.7 reason=,000070,16_5,member_to_leader,354,354,1
17459,5,HARQ,HARQ_ACK,354,5,16,,,,,3,,,,[NRSL_HARQ_EVENT] event=HARQ_ACK request_ids=354 txRnti=5 sender_l2_id=5 receiver_l2_id=16 rxRnti=16 harq_id=3 bwp_id=0,000070,16_5,member_to_leader,354,354,1
17503,5,PHY,PSSCH_DECODE_OK,355,16,1,4069,,,,5,1309.06,0,,[NRSL_PHY_EVENT] event=PSSCH_DECODE_OK request_ids=355 txRnti=16 sender_l2_id=16 receiver_l2_id=1 harq_id=5 tb_size=4069 tbler=0 sinr=1309.06 sinrMin=521.208 reason=,000070,16_5,leader_to_rsu,355,355,1
17504,5,HARQ,HARQ_ACK,355,16,1,,,,,5,,,,[NRSL_HARQ_EVENT] event=HARQ_ACK request_ids=355 txRnti=16 sender_l2_id=16 receiver_l2_id=1 rxRnti=1 harq_id=5 bwp_id=0,000070,16_5,leader_to_rsu,355,355,1
17533,5,PHY,PSSCH_DECODE_OK,363,5,1,2083,,,,4,7093.89,0,,[NRSL_PHY_EVENT] event=PSSCH_DECODE_OK request_ids=363 txRnti=5 sender_l2_id=5 receiver_l2_id=1 harq_id=4 tb_size=2083 tbler=0 sinr=7093.89 sinrMin=2987.08 reason=,000070,16_6,leader_to_rsu,363,363,1
17534,5,HARQ,HARQ_ACK,363,5,1,,,,,4,,,,[NRSL_HARQ_EVENT] event=HARQ_ACK request_ids=363 txRnti=5 sender_l2_id=5 receiver_l2_id=1 rxRnti=1 harq_id=4 bwp_id=0,000070,16_6,leader_to_rsu,363,363,1
17558,5,PHY,PSSCH_DECODE_OK,358,16,1,2083,,,,7,1097.74,0,,[NRSL_PHY_EVENT] event=PSSCH_DECODE_OK request_ids=358 txRnti=16 sender_l2_id=16 receiver_l2_id=1 harq_id=7 tb_size=2083 tbler=0 sinr=1097.74 sinrMin=699.244 reason=,000070,15_5,leader_to_rsu,358,358,1
17559,5,HARQ,HARQ_ACK,358,16,1,,,,,7,,,,[NRSL_HARQ_EVENT] event=HARQ_ACK request_ids=358 txRnti=16 sender_l2_id=16 receiver_l2_id=1 rxRnti=1 harq_id=7 bwp_id=0,000070,15_5,leader_to_rsu,358,358,1
17604,5,PHY,PSSCH_DECODE_OK,367,3,21,3890,,,,13,89231.3,0,,[NRSL_PHY_EVENT] event=PSSCH_DECODE_OK request_ids=367 txRnti=3 sender_l2_id=3 receiver_l2_id=21 harq_id=13 tb_size=3890 tbler=0 sinr=89231.3 sinrMin=87621.9 reason=,000070,11_6,member_to_leader,367,367,1
17605,5,HARQ,HARQ_ACK,367,3,21,,,,,13,,,,[NRSL_HARQ_EVENT] event=HARQ_ACK request_ids=367 txRnti=3 sender_l2_id=3 receiver_l2_id=21 rxRnti=21 harq_id=13 bwp_id=0,000070,11_6,member_to_leader,367,367,1
17648,5,PHY,PSSCH_DECODE_OK,351,3,1,2083,,,,15,5807.05,0.00339711,,[NRSL_PHY_EVENT] event=PSSCH_DECODE_OK request_ids=351 txRnti=3 sender_l2_id=3 receiver_l2_id=1 harq_id=15 tb_size=2083 tbler=0.00339711 sinr=5807.05 sinrMin=0.117945 reason=,000070,12_7,leader_to_rsu,351,351,1
17649,5,HARQ,HARQ_ACK,351,3,1,,,,,15,,,,[NRSL_HARQ_EVENT] event=HARQ_ACK request_ids=351 txRnti=3 sender_l2_id=3 receiver_l2_id=1 rxRnti=1 harq_id=15 bwp_id=0,000070,12_7,leader_to_rsu,351,351,1
17652,5,PHY,PSSCH_DECODE_OK,311,13,4,6,,,,8,42.8902,0.0283,,[NRSL_PHY_EVENT] event=PSSCH_DECODE_OK request_ids=311 txRnti=13 sender_l2_id=13 receiver_l2_id=4 harq_id=8 tb_size=6 tbler=0.0283 sinr=42.8902 sinrMin=40.013 reason=,000070,13_2,member_to_leader,311,311,1
17653,5,HARQ,HARQ_ACK,311,13,4,,,,,8,,,,[NRSL_HARQ_EVENT] event=HARQ_ACK request_ids=311 txRnti=13 sender_l2_id=13 receiver_l2_id=4 rxRnti=4 harq_id=8 bwp_id=0,000070,13_2,member_to_leader,311,311,1
17741,5,PHY,PSSCH_DECODE_OK,341,16,5,4069,,,,8,56847.7,0,,[NRSL_PHY_EVENT] event=PSSCH_DECODE_OK request_ids=341 txRnti=16 sender_l2_id=16 receiver_l2_id=5 harq_id=8 tb_size=4069 tbler=0 sinr=56847.7 sinrMin=36606.3 reason=,000070,16_8,member_to_leader,341,341,1
17742,5,HARQ,HARQ_ACK,341,16,5,,,,,8,,,,[NRSL_HARQ_EVENT] event=HARQ_ACK request_ids=341 txRnti=16 sender_l2_id=16 receiver_l2_id=5 rxRnti=5 harq_id=8 bwp_id=0,000070,16_8,member_to_leader,341,341,1
17786,5,PHY,PSSCH_DECODE_OK,354,5,16,3890,,,,5,95099.9,0,,[NRSL_PHY_EVENT] event=PSSCH_DECODE_OK request_ids=354 txRnti=5 sender_l2_id=5 receiver_l2_id=16 harq_id=5 tb_size=3890 tbler=0 sinr=95099.9 sinrMin=85719 reason=,000070,16_5,member_to_leader,354,354,1
17787,5,HARQ,HARQ_ACK,354,5,16,,,,,5,,,,[NRSL_HARQ_EVENT] event=HARQ_ACK request_ids=354 txRnti=5 sender_l2_id=5 receiver_l2_id=16 rxRnti=16 harq_id=5 bwp_id=0,000070,16_5,member_to_leader,354,354,1
17832,5,PHY,PSSCH_DECODE_OK,356,16,5,4069,,,,9,67265.8,0,,[NRSL_PHY_EVENT] event=PSSCH_DECODE_OK request_ids=356 txRnti=16 sender_l2_id=16 receiver_l2_id=5 harq_id=9 tb_size=4069 tbler=0 sinr=67265.8 sinrMin=49958.4 reason=,000070,16_4,member_to_leader,356,356,1
17833,5,HARQ,HARQ_ACK,356,16,5,,,,,9,,,,[NRSL_HARQ_EVENT] event=HARQ_ACK request_ids=356 txRnti=16 sender_l2_id=16 receiver_l2_id=5 rxRnti=5 harq_id=9 bwp_id=0,000070,16_4,member_to_leader,356,356,1
17857,5,PHY,PSSCH_DECODE_OK,343,20,2,10,,,,13,74196.1,0,,[NRSL_PHY_EVENT] event=PSSCH_DECODE_OK request_ids=343 txRnti=20 sender_l2_id=20 receiver_l2_id=2 harq_id=13 tb_size=10 tbler=0 sinr=74196.1 sinrMin=74110.1 reason=,000070,15_2,member_to_leader,343,343,1
17858,5,HARQ,HARQ_ACK,343,20,2,,,,,13,,,,[NRSL_HARQ_EVENT] event=HARQ_ACK request_ids=343 txRnti=20 sender_l2_id=20 receiver_l2_id=2 rxRnti=2 harq_id=13 bwp_id=0,000070,15_2,member_to_leader,343,343,1
17881,5,PHY,PSSCH_DECODE_OK,309,14,17,6,,,,6,722744,0,,[NRSL_PHY_EVENT] event=PSSCH_DECODE_OK request_ids=309 txRnti=14 sender_l2_id=14 receiver_l2_id=17 harq_id=6 tb_size=6 tbler=0 sinr=722744 sinrMin=693247 reason=,000070,12_9,member_to_leader,309,309,1
17882,5,HARQ,HARQ_ACK,309,14,17,,,,,6,,,,[NRSL_HARQ_EVENT] event=HARQ_ACK request_ids=309 txRnti=14 sender_l2_id=14 receiver_l2_id=17 rxRnti=17 harq_id=6 bwp_id=0,000070,12_9,member_to_leader,309,309,1
17926,5,PHY,PSSCH_DECODE_OK,356,16,5,4069,,,,6,96818,0,,[NRSL_PHY_EVENT] event=PSSCH_DECODE_OK request_ids=356 txRnti=16 sender_l2_id=16 receiver_l2_id=5 harq_id=6 tb_size=4069 tbler=0 sinr=96818 sinrMin=55471.8 reason=,000070,16_4,member_to_leader,356,356,1
17927,5,HARQ,HARQ_ACK,356,16,5,,,,,6,,,,[NRSL_HARQ_EVENT] event=HARQ_ACK request_ids=356 txRnti=16 sender_l2_id=16 receiver_l2_id=5 rxRnti=5 harq_id=6 bwp_id=0,000070,16_4,member_to_leader,356,356,1
17952,5,PHY,PSSCH_DECODE_OK,329,19,9,6,,,,15,251657,0,,[NRSL_PHY_EVENT] event=PSSCH_DECODE_OK request_ids=329 txRnti=19 sender_l2_id=19 receiver_l2_id=9 harq_id=15 tb_size=6 tbler=0 sinr=251657 sinrMin=232890 reason=,000070,14_11,member_to_leader,329,329,1
17953,5,HARQ,HARQ_ACK,329,19,9,,,,,15,,,,[NRSL_HARQ_EVENT] event=HARQ_ACK request_ids=329 txRnti=19 sender_l2_id=19 receiver_l2_id=9 rxRnti=9 harq_id=15 bwp_id=0,000070,14_11,member_to_leader,329,329,1
17994,5,PHY,PSSCH_DECODE_OK,337,21,3,6,,,,1,924267,0,,[NRSL_PHY_EVENT] event=PSSCH_DECODE_OK request_ids=337 txRnti=21 sender_l2_id=21 receiver_l2_id=3 harq_id=1 tb_size=6 tbler=0 sinr=924267 sinrMin=922251 reason=,000070,11_5,member_to_leader,337,337,1
17995,5,HARQ,HARQ_ACK,337,21,3,,,,,1,,,,[NRSL_HARQ_EVENT] event=HARQ_ACK request_ids=337 txRnti=21 sender_l2_id=21 receiver_l2_id=3 rxRnti=3 harq_id=1 bwp_id=0,000070,11_5,member_to_leader,337,337,1
17997,5,PHY,PSSCH_DECODE_OK,339,19,14,6,,,,12,127317,0,,[NRSL_PHY_EVENT] event=PSSCH_DECODE_OK request_ids=339 txRnti=19 sender_l2_id=19 receiver_l2_id=14 harq_id=12 tb_size=6 tbler=0 sinr=127317 sinrMin=127064 reason=,000070,13_9,member_to_leader,339,339,1
17998,5,HARQ,HARQ_ACK,339,19,14,,,,,12,,,,[NRSL_HARQ_EVENT] event=HARQ_ACK request_ids=339 txRnti=19 sender_l2_id=19 receiver_l2_id=14 rxRnti=14 harq_id=12 bwp_id=0,000070,13_9,member_to_leader,339,339,1
18026,5,PHY,PSSCH_DECODE_OK,352,19,16,6,,,,11,223088,0,,[NRSL_PHY_EVENT] event=PSSCH_DECODE_OK request_ids=352 txRnti=19 sender_l2_id=19 receiver_l2_id=16 harq_id=11 tb_size=6 tbler=0 sinr=223088 sinrMin=214402 reason=,000070,15_8,member_to_leader,352,352,1
18027,5,HARQ,HARQ_ACK,352,19,16,,,,,11,,,,[NRSL_HARQ_EVENT] event=HARQ_ACK request_ids=352 txRnti=19 sender_l2_id=19 receiver_l2_id=16 rxRnti=16 harq_id=11 bwp_id=0,000070,15_8,member_to_leader,352,352,1
18050,5,PHY,PSSCH_DECODE_OK,327,2,20,6,,,,9,74196.1,0,,[NRSL_PHY_EVENT] event=PSSCH_DECODE_OK request_ids=327 txRnti=2 sender_l2_id=2 receiver_l2_id=20 harq_id=9 tb_size=6 tbler=0 sinr=74196.1 sinrMin=74110.1 reason=,000070,15_3,member_to_leader,327,327,1
18051,5,HARQ,HARQ_ACK,327,2,20,,,,,9,,,,[NRSL_HARQ_EVENT] event=HARQ_ACK request_ids=327 txRnti=2 sender_l2_id=2 receiver_l2_id=20 rxRnti=20 harq_id=9 bwp_id=0,000070,15_3,member_to_leader,327,327,1
18111,5,PHY,PSSCH_DECODE_OK,356,16,5,4069,,,,11,71599.8,0,,[NRSL_PHY_EVENT] event=PSSCH_DECODE_OK request_ids=356 txRnti=16 sender_l2_id=16 receiver_l2_id=5 harq_id=11 tb_size=4069 tbler=0 sinr=71599.8 sinrMin=10.6495 reason=,000070,16_4,member_to_leader,356,356,1
18112,5,HARQ,HARQ_ACK,356,16,5,,,,,11,,,,[NRSL_HARQ_EVENT] event=HARQ_ACK request_ids=356 txRnti=16 sender_l2_id=16 receiver_l2_id=5 rxRnti=5 harq_id=11 bwp_id=0,000070,16_4,member_to_leader,356,356,1
18114,5,PHY,PSSCH_DECODE_OK,346,21,12,6,,,,5,43.9848,0.0187,,[NRSL_PHY_EVENT] event=PSSCH_DECODE_OK request_ids=346 txRnti=21 sender_l2_id=21 receiver_l2_id=12 harq_id=5 tb_size=6 tbler=0.0187 sinr=43.9848 sinrMin=40.3888 reason=,000070,11_8,member_to_leader,346,346,1
18115,5,HARQ,HARQ_ACK,346,21,12,,,,,5,,,,[NRSL_HARQ_EVENT] event=HARQ_ACK request_ids=346 txRnti=21 sender_l2_id=21 receiver_l2_id=12 rxRnti=12 harq_id=5 bwp_id=0,000070,11_8,member_to_leader,346,346,1
18161,5,PHY,PSSCH_DECODE_OK,362,16,5,4069,,,,10,66889.2,0,,[NRSL_PHY_EVENT] event=PSSCH_DECODE_OK request_ids=362 txRnti=16 sender_l2_id=16 receiver_l2_id=5 harq_id=10 tb_size=4069 tbler=0 sinr=66889.2 sinrMin=26615.9 reason=,000070,16_6,member_to_leader,362,362,1
18162,5,HARQ,HARQ_ACK,362,16,5,,,,,10,,,,[NRSL_HARQ_EVENT] event=HARQ_ACK request_ids=362 txRnti=16 sender_l2_id=16 receiver_l2_id=5 rxRnti=5 harq_id=10 bwp_id=0,000070,16_6,member_to_leader,362,362,1
18185,5,PHY,PSSCH_DECODE_OK,367,3,21,10,,,,14,927638,0,,[NRSL_PHY_EVENT] event=PSSCH_DECODE_OK request_ids=367 txRnti=3 sender_l2_id=3 receiver_l2_id=21 harq_id=14 tb_size=10 tbler=0 sinr=927638 sinrMin=923938 reason=,000070,11_6,member_to_leader,367,367,1
18186,5,HARQ,HARQ_ACK,367,3,21,,,,,14,,,,[NRSL_HARQ_EVENT] event=HARQ_ACK request_ids=367 txRnti=3 sender_l2_id=3 receiver_l2_id=21 rxRnti=21 harq_id=14 bwp_id=0,000070,11_6,member_to_leader,367,367,1
18230,5,PHY,PSSCH_DECODE_OK,362,16,5,3882,,,,13,86835.9,0,,[NRSL_PHY_EVENT] event=PSSCH_DECODE_OK request_ids=362 txRnti=16 sender_l2_id=16 receiver_l2_id=5 harq_id=13 tb_size=3882 tbler=0 sinr=86835.9 sinrMin=35341.2 reason=,000070,16_6,member_to_leader,362,362,1
18231,5,HARQ,HARQ_ACK,362,16,5,,,,,13,,,,[NRSL_HARQ_EVENT] event=HARQ_ACK request_ids=362 txRnti=16 sender_l2_id=16 receiver_l2_id=5 rxRnti=5 harq_id=13 bwp_id=0,000070,16_6,member_to_leader,362,362,1
18255,5,PHY,PSSCH_DECODE_OK,354,5,16,10,,,,6,1107100.0,0,,[NRSL_PHY_EVENT] event=PSSCH_DECODE_OK request_ids=354 txRnti=5 sender_l2_id=5 receiver_l2_id=16 harq_id=6 tb_size=10 tbler=0 sinr=1.1071e+06 sinrMin=1.02144e+06 reason=,000070,16_5,member_to_leader,354,354,1
18256,5,HARQ,HARQ_ACK,354,5,16,,,,,6,,,,[NRSL_HARQ_EVENT] event=HARQ_ACK request_ids=354 txRnti=5 sender_l2_id=5 receiver_l2_id=16 rxRnti=16 harq_id=6 bwp_id=0,000070,16_5,member_to_leader,354,354,1
18280,5,PHY,PSSCH_DECODE_OK,362,16,5,18,,,,12,1454370.0,0,,[NRSL_PHY_EVENT] event=PSSCH_DECODE_OK request_ids=362 txRnti=16 sender_l2_id=16 receiver_l2_id=5 harq_id=12 tb_size=18 tbler=0 sinr=1.45437e+06 sinrMin=1.40004e+06 reason=,000070,16_6,member_to_leader,362,362,1
18281,5,HARQ,HARQ_ACK,362,16,5,,,,,12,,,,[NRSL_HARQ_EVENT] event=HARQ_ACK request_ids=362 txRnti=16 sender_l2_id=16 receiver_l2_id=5 rxRnti=5 harq_id=12 bwp_id=0,000070,16_6,member_to_leader,362,362,1
18507,6,PHY,PSSCH_DECODE_OK,426,14,9,4069,,,,9,35.8275,0.00678268,,[NRSL_PHY_EVENT] event=PSSCH_DECODE_OK request_ids=426 txRnti=14 sender_l2_id=14 receiver_l2_id=9 harq_id=9 tb_size=4069 tbler=0.00678268 sinr=35.8275 sinrMin=17.9059 reason=,000072,12_10,member_to_leader,426,426,1
18508,6,HARQ,HARQ_ACK,426,14,9,,,,,9,,,,[NRSL_HARQ_EVENT] event=HARQ_ACK request_ids=426 txRnti=14 sender_l2_id=14 receiver_l2_id=9 rxRnti=9 harq_id=9 bwp_id=0,000072,12_10,member_to_leader,426,426,1
18724,6,PHY,PSSCH_DECODE_OK,413,19,14,4069,,,,1,12274.3,0,,[NRSL_PHY_EVENT] event=PSSCH_DECODE_OK request_ids=413 txRnti=19 sender_l2_id=19 receiver_l2_id=14 harq_id=1 tb_size=4069 tbler=0 sinr=12274.3 sinrMin=12067.3 reason=,000072,13_9,member_to_leader,413,413,1
18725,6,HARQ,HARQ_ACK,413,19,14,,,,,1,,,,[NRSL_HARQ_EVENT] event=HARQ_ACK request_ids=413 txRnti=19 sender_l2_id=19 receiver_l2_id=14 rxRnti=14 harq_id=1 bwp_id=0,000072,13_9,member_to_leader,413,413,1
18868,6,PHY,PSSCH_DECODE_FAIL,382,3,1,4069,,,,1,0.630539,1,sci2_decode_fail,[NRSL_PHY_EVENT] event=PSSCH_DECODE_FAIL request_ids=382 txRnti=3 sender_l2_id=3 receiver_l2_id=1 harq_id=1 tb_size=4069 tbler=1 sinr=0.630539 sinrMin=0.162238 reason=sci2_decode_fail,000072,12_4,leader_to_rsu,382,382,1
18870,6,PHY,PSSCH_DECODE_FAIL,397,5,16,4069,,,,9,2.49494,1,decode_fail,[NRSL_PHY_EVENT] event=PSSCH_DECODE_FAIL request_ids=397 txRnti=5 sender_l2_id=5 receiver_l2_id=16 harq_id=9 tb_size=4069 tbler=1 sinr=2.49494 sinrMin=1.52056 reason=decode_fail,000072,16_8,member_to_leader,397,397,1
18871,6,HARQ,HARQ_NACK,397,5,16,,,,,9,,,,[NRSL_HARQ_EVENT] event=HARQ_NACK request_ids=397 txRnti=5 sender_l2_id=5 receiver_l2_id=16 rxRnti=16 harq_id=9 bwp_id=0,000072,16_8,member_to_leader,397,397,1
18873,6,PHY,PSSCH_DECODE_FAIL,369,14,17,4069,,,,12,3.15984,1,decode_fail,[NRSL_PHY_EVENT] event=PSSCH_DECODE_FAIL request_ids=369 txRnti=14 sender_l2_id=14 receiver_l2_id=17 harq_id=12 tb_size=4069 tbler=1 sinr=3.15984 sinrMin=2.48578 reason=decode_fail,000072,12_9,member_to_leader,369,369,1
18874,6,HARQ,HARQ_NACK,369,14,17,,,,,12,,,,[NRSL_HARQ_EVENT] event=HARQ_NACK request_ids=369 txRnti=14 sender_l2_id=14 receiver_l2_id=17 rxRnti=17 harq_id=12 bwp_id=0,000072,12_9,member_to_leader,369,369,1
19057,6,PHY,PSSCH_DECODE_FAIL,418,12,1,2083,,,,11,0.111075,1,sci2_decode_fail,[NRSL_PHY_EVENT] event=PSSCH_DECODE_FAIL request_ids=418 txRnti=12 sender_l2_id=12 receiver_l2_id=1 harq_id=11 tb_size=2083 tbler=1 sinr=0.111075 sinrMin=0.0971007 reason=sci2_decode_fail,000072,10_6,leader_to_rsu,418,418,1
19060,6,PHY,PSSCH_DECODE_FAIL,373,13,1,2083,,,,10,0.141749,1,sci2_decode_fail,[NRSL_PHY_EVENT] event=PSSCH_DECODE_FAIL request_ids=373 txRnti=13 sender_l2_id=13 receiver_l2_id=1 harq_id=10 tb_size=2083 tbler=1 sinr=0.141749 sinrMin=0.117758 reason=sci2_decode_fail,000072,13_0,leader_to_rsu,373,373,1
19062,6,PHY,PSSCH_DECODE_FAIL,383,16,5,4069,,,,2,1.8331,1,decode_fail,[NRSL_PHY_EVENT] event=PSSCH_DECODE_FAIL request_ids=383 txRnti=16 sender_l2_id=16 receiver_l2_id=5 harq_id=2 tb_size=4069 tbler=1 sinr=1.8331 sinrMin=0.803672 reason=decode_fail,000072,17_5,member_to_leader,383,383,1
19063,6,HARQ,HARQ_NACK,383,16,5,,,,,2,,,,[NRSL_HARQ_EVENT] event=HARQ_NACK request_ids=383 txRnti=16 sender_l2_id=16 receiver_l2_id=5 rxRnti=5 harq_id=2 bwp_id=0,000072,17_5,member_to_leader,383,383,1
19173,6,PHY,PSSCH_DECODE_FAIL,370,17,1,2083,,,,5,0.992441,0.936151,sci2_decode_fail,[NRSL_PHY_EVENT] event=PSSCH_DECODE_FAIL request_ids=370 txRnti=17 sender_l2_id=17 receiver_l2_id=1 harq_id=5 tb_size=2083 tbler=0.936151 sinr=0.992441 sinrMin=0.110915 reason=sci2_decode_fail,000072,12_9,leader_to_rsu,370,370,1
19175,6,PHY,PSSCH_DECODE_FAIL,425,21,1,2083,,,,7,4.36959,1,decode_fail,[NRSL_PHY_EVENT] event=PSSCH_DECODE_FAIL request_ids=425 txRnti=21 sender_l2_id=21 receiver_l2_id=1 harq_id=7 tb_size=2083 tbler=1 sinr=4.36959 sinrMin=2.84598 reason=decode_fail,000072,11_6,leader_to_rsu,425,425,1
19176,6,HARQ,HARQ_NACK,425,21,1,,,,,7,,,,[NRSL_HARQ_EVENT] event=HARQ_NACK request_ids=425 txRnti=21 sender_l2_id=21 receiver_l2_id=1 rxRnti=1 harq_id=7 bwp_id=0,000072,11_6,leader_to_rsu,425,425,1
19178,6,PHY,PSSCH_DECODE_FAIL,383,16,5,4069,,,,1,3.57962,1,decode_fail,[NRSL_PHY_EVENT] event=PSSCH_DECODE_FAIL request_ids=383 txRnti=16 sender_l2_id=16 receiver_l2_id=5 harq_id=1 tb_size=4069 tbler=1 sinr=3.57962 sinrMin=1.09792 reason=decode_fail,000072,17_5,member_to_leader,383,383,1
19179,6,HARQ,HARQ_NACK,383,16,5,,,,,1,,,,[NRSL_HARQ_EVENT] event=HARQ_NACK request_ids=383 txRnti=16 sender_l2_id=16 receiver_l2_id=5 rxRnti=5 harq_id=1 bwp_id=0,000072,17_5,member_to_leader,383,383,1
19225,6,PHY,PSSCH_DECODE_OK,385,20,2,4069,,,,14,9320.66,0,,[NRSL_PHY_EVENT] event=PSSCH_DECODE_OK request_ids=385 txRnti=20 sender_l2_id=20 receiver_l2_id=2 harq_id=14 tb_size=4069 tbler=0 sinr=9320.66 sinrMin=2882.89 reason=,000072,15_3,member_to_leader,385,385,1
19226,6,HARQ,HARQ_ACK,385,20,2,,,,,14,,,,[NRSL_HARQ_EVENT] event=HARQ_ACK request_ids=385 txRnti=20 sender_l2_id=20 receiver_l2_id=2 rxRnti=2 harq_id=14 bwp_id=0,000072,15_3,member_to_leader,385,385,1
19413,6,PHY,PSSCH_DECODE_FAIL,374,2,1,4069,,,,12,3.22006,1,decode_fail,[NRSL_PHY_EVENT] event=PSSCH_DECODE_FAIL request_ids=374 txRnti=2 sender_l2_id=2 receiver_l2_id=1 harq_id=12 tb_size=4069 tbler=1 sinr=3.22006 sinrMin=1.75787 reason=decode_fail,000072,14_1,leader_to_rsu,374,374,1
19414,6,HARQ,HARQ_NACK,374,2,1,,,,,12,,,,[NRSL_HARQ_EVENT] event=HARQ_NACK request_ids=374 txRnti=2 sender_l2_id=2 receiver_l2_id=1 rxRnti=1 harq_id=12 bwp_id=0,000072,14_1,leader_to_rsu,374,374,1
19416,6,PHY,PSSCH_DECODE_FAIL,426,14,9,4069,,,,11,19.0835,1,decode_fail,[NRSL_PHY_EVENT] event=PSSCH_DECODE_FAIL request_ids=426 txRnti=14 sender_l2_id=14 receiver_l2_id=9 harq_id=11 tb_size=4069 tbler=1 sinr=19.0835 sinrMin=6.79787 reason=decode_fail,000072,12_10,member_to_leader,426,426,1
19417,6,HARQ,HARQ_NACK,426,14,9,,,,,11,,,,[NRSL_HARQ_EVENT] event=HARQ_NACK request_ids=426 txRnti=14 sender_l2_id=14 receiver_l2_id=9 rxRnti=9 harq_id=11 bwp_id=0,000072,12_10,member_to_leader,426,426,1
19685,6,PHY,PSSCH_DECODE_FAIL,384,5,1,4069,,,,8,0.697922,1,sci2_decode_fail,[NRSL_PHY_EVENT] event=PSSCH_DECODE_FAIL request_ids=384 txRnti=5 sender_l2_id=5 receiver_l2_id=1 harq_id=8 tb_size=4069 tbler=1 sinr=0.697922 sinrMin=0.156828 reason=sci2_decode_fail,000072,17_5,leader_to_rsu,384,384,1
19687,6,PHY,PSSCH_DECODE_FAIL,414,14,1,2083,,,,14,0.836175,1,decode_fail,[NRSL_PHY_EVENT] event=PSSCH_DECODE_FAIL request_ids=414 txRnti=14 sender_l2_id=14 receiver_l2_id=1 harq_id=14 tb_size=2083 tbler=1 sinr=0.836175 sinrMin=0.606349 reason=decode_fail,000072,13_9,leader_to_rsu,414,414,1
19688,6,HARQ,HARQ_NACK,414,14,1,,,,,14,,,,[NRSL_HARQ_EVENT] event=HARQ_NACK request_ids=414 txRnti=14 sender_l2_id=14 receiver_l2_id=1 rxRnti=1 harq_id=14 bwp_id=0,000072,13_9,leader_to_rsu,414,414,1
19857,6,PHY,PSSCH_DECODE_FAIL,427,9,1,2083,,,,8,0.0440035,1,sci2_decode_fail,[NRSL_PHY_EVENT] event=PSSCH_DECODE_FAIL request_ids=427 txRnti=9 sender_l2_id=9 receiver_l2_id=1 harq_id=8 tb_size=2083 tbler=1 sinr=0.0440035 sinrMin=0.0130617 reason=sci2_decode_fail,000072,12_10,leader_to_rsu,427,427,1
19859,6,PHY,PSSCH_DECODE_FAIL,402,21,12,4069,,,,6,7.23435,1,decode_fail,[NRSL_PHY_EVENT] event=PSSCH_DECODE_FAIL request_ids=402 txRnti=21 sender_l2_id=21 receiver_l2_id=12 harq_id=6 tb_size=4069 tbler=1 sinr=7.23435 sinrMin=3.83572 reason=decode_fail,000072,11_8,member_to_leader,402,402,1
19860,6,HARQ,HARQ_NACK,402,21,12,,,,,6,,,,[NRSL_HARQ_EVENT] event=HARQ_NACK request_ids=402 txRnti=21 sender_l2_id=21 receiver_l2_id=12 rxRnti=12 harq_id=6 bwp_id=0,000072,11_8,member_to_leader,402,402,1
20011,6,PHY,PSSCH_DECODE_FAIL,375,3,21,4069,,,,4,1.88048,1,decode_fail,[NRSL_PHY_EVENT] event=PSSCH_DECODE_FAIL request_ids=375 txRnti=3 sender_l2_id=3 receiver_l2_id=21 harq_id=4 tb_size=4069 tbler=1 sinr=1.88048 sinrMin=1.52311 reason=decode_fail,000072,11_7,member_to_leader,375,375,1
20012,6,HARQ,HARQ_NACK,375,3,21,,,,,4,,,,[NRSL_HARQ_EVENT] event=HARQ_NACK request_ids=375 txRnti=3 sender_l2_id=3 receiver_l2_id=21 rxRnti=21 harq_id=4 bwp_id=0,000072,11_7,member_to_leader,375,375,1
20075,6,PHY,PSSCH_DECODE_FAIL,371,13,4,4069,,,,11,22814.9,1,decode_fail,[NRSL_PHY_EVENT] event=PSSCH_DECODE_FAIL request_ids=371 txRnti=13 sender_l2_id=13 receiver_l2_id=4 harq_id=11 tb_size=4069 tbler=1 sinr=22814.9 sinrMin=1.87146 reason=decode_fail,000072,13_2,member_to_leader,371,371,1
20076,6,HARQ,HARQ_NACK,371,13,4,,,,,11,,,,[NRSL_HARQ_EVENT] event=HARQ_NACK request_ids=371 txRnti=13 sender_l2_id=13 receiver_l2_id=4 rxRnti=4 harq_id=11 bwp_id=0,000072,13_2,member_to_leader,371,371,1
20078,6,PHY,PSSCH_DECODE_OK,426,14,9,1945,,,,15,468.846,0,,[NRSL_PHY_EVENT] event=PSSCH_DECODE_OK request_ids=426 txRnti=14 sender_l2_id=14 receiver_l2_id=9 harq_id=15 tb_size=1945 tbler=0 sinr=468.846 sinrMin=262.875 reason=,000072,12_10,member_to_leader,426,426,1
20079,6,HARQ,HARQ_ACK,426,14,9,,,,,15,,,,[NRSL_HARQ_EVENT] event=HARQ_ACK request_ids=426 txRnti=14 sender_l2_id=14 receiver_l2_id=9 rxRnti=9 harq_id=15 bwp_id=0,000072,12_10,member_to_leader,426,426,1
20231,6,PHY,PSSCH_DECODE_FAIL,404,4,1,2083,,,,1,0.0350651,1,sci2_decode_fail,[NRSL_PHY_EVENT] event=PSSCH_DECODE_FAIL request_ids=404 txRnti=4 sender_l2_id=4 receiver_l2_id=1 harq_id=1 tb_size=2083 tbler=1 sinr=0.0350651 sinrMin=0.016539 reason=sci2_decode_fail,000072,12_3,leader_to_rsu,404,404,1
20233,6,PHY,PSSCH_DECODE_FAIL,383,16,5,4069,,,,3,1.93298,1,decode_fail,[NRSL_PHY_EVENT] event=PSSCH_DECODE_FAIL request_ids=383 txRnti=16 sender_l2_id=16 receiver_l2_id=5 harq_id=3 tb_size=4069 tbler=1 sinr=1.93298 sinrMin=0.00245784 reason=decode_fail,000072,17_5,member_to_leader,383,383,1
20234,6,HARQ,HARQ_NACK,383,16,5,,,,,3,,,,[NRSL_HARQ_EVENT] event=HARQ_NACK request_ids=383 txRnti=16 sender_l2_id=16 receiver_l2_id=5 rxRnti=5 harq_id=3 bwp_id=0,000072,17_5,member_to_leader,383,383,1
20236,6,PHY,PSSCH_DECODE_FAIL,387,19,9,4069,,,,8,1.99445,1,decode_fail,[NRSL_PHY_EVENT] event=PSSCH_DECODE_FAIL request_ids=387 txRnti=19 sender_l2_id=19 receiver_l2_id=9 harq_id=8 tb_size=4069 tbler=1 sinr=1.99445 sinrMin=1.69616 reason=decode_fail,000072,14_11,member_to_leader,387,387,1
20237,6,HARQ,HARQ_NACK,387,19,9,,,,,8,,,,[NRSL_HARQ_EVENT] event=HARQ_NACK request_ids=387 txRnti=19 sender_l2_id=19 receiver_l2_id=9 rxRnti=9 harq_id=8 bwp_id=0,000072,14_11,member_to_leader,387,387,1
20294,6,PHY,PSSCH_DECODE_FAIL,415,19,1,2083,,,,7,324.931,1,decode_fail,[NRSL_PHY_EVENT] event=PSSCH_DECODE_FAIL request_ids=415 txRnti=19 sender_l2_id=19 receiver_l2_id=1 harq_id=7 tb_size=2083 tbler=1 sinr=324.931 sinrMin=0.0216272 reason=decode_fail,000072,15_9,leader_to_rsu,415,415,1
20295,6,HARQ,HARQ_NACK,415,19,1,,,,,7,,,,[NRSL_HARQ_EVENT] event=HARQ_NACK request_ids=415 txRnti=19 sender_l2_id=19 receiver_l2_id=1 rxRnti=1 harq_id=7 bwp_id=0,000072,15_9,leader_to_rsu,415,415,1
20297,6,PHY,PSSCH_DECODE_FAIL,420,7,1,2083,,,,8,0.247157,1,sci2_decode_fail,[NRSL_PHY_EVENT] event=PSSCH_DECODE_FAIL request_ids=420 txRnti=7 sender_l2_id=7 receiver_l2_id=1 harq_id=8 tb_size=2083 tbler=1 sinr=0.247157 sinrMin=0.0288685 reason=sci2_decode_fail,000072,6_12,leader_to_rsu,420,420,1
20299,6,PHY,PSSCH_DECODE_FAIL,402,21,12,1945,,,,11,16.2842,1,decode_fail,[NRSL_PHY_EVENT] event=PSSCH_DECODE_FAIL request_ids=402 txRnti=21 sender_l2_id=21 receiver_l2_id=12 harq_id=11 tb_size=1945 tbler=1 sinr=16.2842 sinrMin=13.1375 reason=decode_fail,000072,11_8,member_to_leader,402,402,1
20300,6,HARQ,HARQ_NACK,402,21,12,,,,,11,,,,[NRSL_HARQ_EVENT] event=HARQ_NACK request_ids=402 txRnti=21 sender_l2_id=21 receiver_l2_id=12 rxRnti=12 harq_id=11 bwp_id=0,000072,11_8,member_to_leader,402,402,1
20451,6,PHY,PSSCH_DECODE_FAIL,371,13,4,1945,,,,12,2.30758,1,decode_fail,[NRSL_PHY_EVENT] event=PSSCH_DECODE_FAIL request_ids=371 txRnti=13 sender_l2_id=13 receiver_l2_id=4 harq_id=12 tb_size=1945 tbler=1 sinr=2.30758 sinrMin=1.15039 reason=decode_fail,000072,13_2,member_to_leader,371,371,1
20452,6,HARQ,HARQ_NACK,371,13,4,,,,,12,,,,[NRSL_HARQ_EVENT] event=HARQ_NACK request_ids=371 txRnti=13 sender_l2_id=13 receiver_l2_id=4 rxRnti=4 harq_id=12 bwp_id=0,000072,13_2,member_to_leader,371,371,1
20454,6,PHY,PSSCH_DECODE_FAIL,375,3,21,4069,,,,5,7.25173,1,decode_fail,[NRSL_PHY_EVENT] event=PSSCH_DECODE_FAIL request_ids=375 txRnti=3 sender_l2_id=3 receiver_l2_id=21 harq_id=5 tb_size=4069 tbler=1 sinr=7.25173 sinrMin=3.54056 reason=decode_fail,000072,11_7,member_to_leader,375,375,1
20455,6,HARQ,HARQ_NACK,375,3,21,,,,,5,,,,[NRSL_HARQ_EVENT] event=HARQ_NACK request_ids=375 txRnti=3 sender_l2_id=3 receiver_l2_id=21 rxRnti=21 harq_id=5 bwp_id=0,000072,11_7,member_to_leader,375,375,1
20499,6,PHY,PSSCH_DECODE_OK,386,2,1,4069,,,,14,35703.6,0,,[NRSL_PHY_EVENT] event=PSSCH_DECODE_OK request_ids=386 txRnti=2 sender_l2_id=2 receiver_l2_id=1 harq_id=14 tb_size=4069 tbler=0 sinr=35703.6 sinrMin=33832.5 reason=,000072,15_3,leader_to_rsu,386,386,1
20500,6,HARQ,HARQ_ACK,386,2,1,,,,,14,,,,[NRSL_HARQ_EVENT] event=HARQ_ACK request_ids=386 txRnti=2 sender_l2_id=2 receiver_l2_id=1 rxRnti=1 harq_id=14 bwp_id=0,000072,15_3,leader_to_rsu,386,386,1
20705,6,PHY,PSSCH_DECODE_FAIL,369,14,17,1945,,,,0,5.84095,1,decode_fail,[NRSL_PHY_EVENT] event=PSSCH_DECODE_FAIL request_ids=369 txRnti=14 sender_l2_id=14 receiver_l2_id=17 harq_id=0 tb_size=1945 tbler=1 sinr=5.84095 sinrMin=4.78633 reason=decode_fail,000072,12_9,member_to_leader,369,369,1
20706,6,HARQ,HARQ_NACK,369,14,17,,,,,0,,,,[NRSL_HARQ_EVENT] event=HARQ_NACK request_ids=369 txRnti=14 sender_l2_id=14 receiver_l2_id=17 rxRnti=17 harq_id=0 bwp_id=0,000072,12_9,member_to_leader,369,369,1
20708,6,PHY,PSSCH_DECODE_FAIL,424,3,21,4069,,,,6,44502.1,1,decode_fail,[NRSL_PHY_EVENT] event=PSSCH_DECODE_FAIL request_ids=424 txRnti=3 sender_l2_id=3 receiver_l2_id=21 harq_id=6 tb_size=4069 tbler=1 sinr=44502.1 sinrMin=2.54414 reason=decode_fail,000072,11_6,member_to_leader,424,424,1
20709,6,HARQ,HARQ_NACK,424,3,21,,,,,6,,,,[NRSL_HARQ_EVENT] event=HARQ_NACK request_ids=424 txRnti=3 sender_l2_id=3 receiver_l2_id=21 rxRnti=21 harq_id=6 bwp_id=0,000072,11_6,member_to_leader,424,424,1
20770,6,PHY,PSSCH_DECODE_OK,395,21,3,1945,,,,10,146.867,0,,[NRSL_PHY_EVENT] event=PSSCH_DECODE_OK request_ids=395 txRnti=21 sender_l2_id=21 receiver_l2_id=3 harq_id=10 tb_size=1945 tbler=0 sinr=146.867 sinrMin=66.9104 reason=,000072,11_5,member_to_leader,395,395,1
20771,6,HARQ,HARQ_ACK,395,21,3,,,,,10,,,,[NRSL_HARQ_EVENT] event=HARQ_ACK request_ids=395 txRnti=21 sender_l2_id=21 receiver_l2_id=3 rxRnti=3 harq_id=10 bwp_id=0,000072,11_5,member_to_leader,395,395,1
20773,6,PHY,PSSCH_DECODE_OK,411,16,5,4069,,,,7,59064.1,0.00678268,,[NRSL_PHY_EVENT] event=PSSCH_DECODE_OK request_ids=411 txRnti=16 sender_l2_id=16 receiver_l2_id=5 harq_id=7 tb_size=4069 tbler=0.00678268 sinr=59064.1 sinrMin=4.3567 reason=,000072,18_7,member_to_leader,411,411,1
20774,6,HARQ,HARQ_ACK,411,16,5,,,,,7,,,,[NRSL_HARQ_EVENT] event=HARQ_ACK request_ids=411 txRnti=16 sender_l2_id=16 receiver_l2_id=5 rxRnti=5 harq_id=7 bwp_id=0,000072,18_7,member_to_leader,411,411,1
20821,6,PHY,PSSCH_DECODE_FAIL,429,20,1,2083,,,,1,1066.92,1,decode_fail,[NRSL_PHY_EVENT] event=PSSCH_DECODE_FAIL request_ids=429 txRnti=20 sender_l2_id=20 receiver_l2_id=1 harq_id=1 tb_size=2083 tbler=1 sinr=1066.92 sinrMin=2.95834 reason=decode_fail,000072,14_2,leader_to_rsu,429,429,1
20822,6,HARQ,HARQ_NACK,429,20,1,,,,,1,,,,[NRSL_HARQ_EVENT] event=HARQ_NACK request_ids=429 txRnti=20 sender_l2_id=20 receiver_l2_id=1 rxRnti=1 harq_id=1 bwp_id=0,000072,14_2,leader_to_rsu,429,429,1
20824,6,PHY,PSSCH_DECODE_OK,391,9,14,1945,,,,10,219679,0,,[NRSL_PHY_EVENT] event=PSSCH_DECODE_OK request_ids=391 txRnti=9 sender_l2_id=9 receiver_l2_id=14 harq_id=10 tb_size=1945 tbler=0 sinr=219679 sinrMin=18.4901 reason=,000072,12_11,member_to_leader,391,391,1
20825,6,HARQ,HARQ_ACK,391,9,14,,,,,10,,,,[NRSL_HARQ_EVENT] event=HARQ_ACK request_ids=391 txRnti=9 sender_l2_id=9 receiver_l2_id=14 rxRnti=14 harq_id=10 bwp_id=0,000072,12_11,member_to_leader,391,391,1
20891,6,PHY,PSSCH_DECODE_FAIL,417,16,1,2083,,,,9,0.063911,1,sci2_decode_fail,[NRSL_PHY_EVENT] event=PSSCH_DECODE_FAIL request_ids=417 txRnti=16 sender_l2_id=16 receiver_l2_id=1 harq_id=9 tb_size=2083 tbler=1 sinr=0.063911 sinrMin=0.0557486 reason=sci2_decode_fail,000072,16_5,leader_to_rsu,417,417,1
20893,6,PHY,PSSCH_DECODE_FAIL,378,2,20,4069,,,,1,4696.85,0.263598,sci2_decode_fail,[NRSL_PHY_EVENT] event=PSSCH_DECODE_FAIL request_ids=378 txRnti=2 sender_l2_id=2 receiver_l2_id=20 harq_id=1 tb_size=4069 tbler=0.263598 sinr=4696.85 sinrMin=0.0247374 reason=sci2_decode_fail,000072,14_3,member_to_leader,378,378,1
21025,6,PHY,PSSCH_DECODE_FAIL,387,19,9,1945,,,,5,1.04129,1,decode_fail,[NRSL_PHY_EVENT] event=PSSCH_DECODE_FAIL request_ids=387 txRnti=19 sender_l2_id=19 receiver_l2_id=9 harq_id=5 tb_size=1945 tbler=1 sinr=1.04129 sinrMin=0.825889 reason=decode_fail,000072,14_11,member_to_leader,387,387,1
21026,6,HARQ,HARQ_NACK,387,19,9,,,,,5,,,,[NRSL_HARQ_EVENT] event=HARQ_NACK request_ids=387 txRnti=19 sender_l2_id=19 receiver_l2_id=9 rxRnti=9 harq_id=5 bwp_id=0,000072,14_11,member_to_leader,387,387,1
21028,6,PHY,PSSCH_DECODE_FAIL,424,3,21,3890,,,,7,10.7374,1,decode_fail,[NRSL_PHY_EVENT] event=PSSCH_DECODE_FAIL request_ids=424 txRnti=3 sender_l2_id=3 receiver_l2_id=21 harq_id=7 tb_size=3890 tbler=1 sinr=10.7374 sinrMin=5.06781 reason=decode_fail,000072,11_6,member_to_leader,424,424,1
21029,6,HARQ,HARQ_NACK,424,3,21,,,,,7,,,,[NRSL_HARQ_EVENT] event=HARQ_NACK request_ids=424 txRnti=3 sender_l2_id=3 receiver_l2_id=21 rxRnti=21 harq_id=7 bwp_id=0,000072,11_6,member_to_leader,424,424,1
21051,6,PHY,PSSCH_DECODE_OK,400,2,1,2083,,,,15,60122.6,0,,[NRSL_PHY_EVENT] event=PSSCH_DECODE_OK request_ids=400 txRnti=2 sender_l2_id=2 receiver_l2_id=1 harq_id=15 tb_size=2083 tbler=0 sinr=60122.6 sinrMin=56421.1 reason=,000072,15_2,leader_to_rsu,400,400,1
21052,6,HARQ,HARQ_ACK,400,2,1,,,,,15,,,,[NRSL_HARQ_EVENT] event=HARQ_ACK request_ids=400 txRnti=2 sender_l2_id=2 receiver_l2_id=1 rxRnti=1 harq_id=15 bwp_id=0,000072,15_2,leader_to_rsu,400,400,1
21113,6,PHY,PSSCH_DECODE_FAIL,406,3,1,2083,,,,9,0.698803,0.936151,sci2_decode_fail,[NRSL_PHY_EVENT] event=PSSCH_DECODE_FAIL request_ids=406 txRnti=3 sender_l2_id=3 receiver_l2_id=1 harq_id=9 tb_size=2083 tbler=0.936151 sinr=0.698803 sinrMin=0.0678557 reason=sci2_decode_fail,000072,12_7,leader_to_rsu,406,406,1
21115,6,PHY,PSSCH_DECODE_FAIL,412,5,1,4069,,,,13,3271.33,1,decode_fail,[NRSL_PHY_EVENT] event=PSSCH_DECODE_FAIL request_ids=412 txRnti=5 sender_l2_id=5 receiver_l2_id=1 harq_id=13 tb_size=4069 tbler=1 sinr=3271.33 sinrMin=0.741378 reason=decode_fail,000072,18_7,leader_to_rsu,412,412,1
21116,6,HARQ,HARQ_NACK,412,5,1,,,,,13,,,,[NRSL_HARQ_EVENT] event=HARQ_NACK request_ids=412 txRnti=5 sender_l2_id=5 receiver_l2_id=1 rxRnti=1 harq_id=13 bwp_id=0,000072,18_7,leader_to_rsu,412,412,1
21159,6,PHY,PSSCH_DECODE_OK,428,2,20,4069,,,,0,9320.66,0,,[NRSL_PHY_EVENT] event=PSSCH_DECODE_OK request_ids=428 txRnti=2 sender_l2_id=2 receiver_l2_id=20 harq_id=0 tb_size=4069 tbler=0 sinr=9320.66 sinrMin=2882.89 reason=,000072,14_2,member_to_leader,428,428,1
21160,6,HARQ,HARQ_ACK,428,2,20,,,,,0,,,,[NRSL_HARQ_EVENT] event=HARQ_ACK request_ids=428 txRnti=2 sender_l2_id=2 receiver_l2_id=20 rxRnti=20 harq_id=0 bwp_id=0,000072,14_2,member_to_leader,428,428,1
21221,6,PHY,PSSCH_DECODE_OK,411,16,5,4069,,,,6,92363.9,0,,[NRSL_PHY_EVENT] event=PSSCH_DECODE_OK request_ids=411 txRnti=16 sender_l2_id=16 receiver_l2_id=5 harq_id=6 tb_size=4069 tbler=0 sinr=92363.9 sinrMin=2332.45 reason=,000072,18_7,member_to_leader,411,411,1
21222,6,HARQ,HARQ_ACK,411,16,5,,,,,6,,,,[NRSL_HARQ_EVENT] event=HARQ_ACK request_ids=411 txRnti=16 sender_l2_id=16 receiver_l2_id=5 rxRnti=5 harq_id=6 bwp_id=0,000072,18_7,member_to_leader,411,411,1
21265,6,PHY,PSSCH_DECODE_OK,416,5,16,4069,,,,15,72272.5,0,,[NRSL_PHY_EVENT] event=PSSCH_DECODE_OK request_ids=416 txRnti=5 sender_l2_id=5 receiver_l2_id=16 harq_id=15 tb_size=4069 tbler=0 sinr=72272.5 sinrMin=835.201 reason=,000072,16_5,member_to_leader,416,416,1
21266,6,HARQ,HARQ_ACK,416,5,16,,,,,15,,,,[NRSL_HARQ_EVENT] event=HARQ_ACK request_ids=416 txRnti=5 sender_l2_id=5 receiver_l2_id=16 rxRnti=16 harq_id=15 bwp_id=0,000072,16_5,member_to_leader,416,416,1
21405,6,PHY,PSSCH_DECODE_FAIL,423,5,1,2083,,,,1,0.215151,1,sci2_decode_fail,[NRSL_PHY_EVENT] event=PSSCH_DECODE_FAIL request_ids=423 txRnti=5 sender_l2_id=5 receiver_l2_id=1 harq_id=1 tb_size=2083 tbler=1 sinr=0.215151 sinrMin=0.117182 reason=sci2_decode_fail,000072,16_6,leader_to_rsu,423,423,1
21407,6,PHY,PSSCH_DECODE_FAIL,428,2,20,3890,,,,3,4696.96,1,decode_fail,[NRSL_PHY_EVENT] event=PSSCH_DECODE_FAIL request_ids=428 txRnti=2 sender_l2_id=2 receiver_l2_id=20 harq_id=3 tb_size=3890 tbler=1 sinr=4696.96 sinrMin=0.10492 reason=decode_fail,000072,14_2,member_to_leader,428,428,1
21408,6,HARQ,HARQ_NACK,428,2,20,,,,,3,,,,[NRSL_HARQ_EVENT] event=HARQ_NACK request_ids=428 txRnti=2 sender_l2_id=2 receiver_l2_id=20 rxRnti=20 harq_id=3 bwp_id=0,000072,14_2,member_to_leader,428,428,1
21433,6,PHY,PSSCH_DECODE_OK,416,5,16,1937,,,,3,145700,0,,[NRSL_PHY_EVENT] event=PSSCH_DECODE_OK request_ids=416 txRnti=5 sender_l2_id=5 receiver_l2_id=16 harq_id=3 tb_size=1937 tbler=0 sinr=145700 sinrMin=1095.96 reason=,000072,16_5,member_to_leader,416,416,1
21434,6,HARQ,HARQ_ACK,416,5,16,,,,,3,,,,[NRSL_HARQ_EVENT] event=HARQ_ACK request_ids=416 txRnti=5 sender_l2_id=5 receiver_l2_id=16 rxRnti=16 harq_id=3 bwp_id=0,000072,16_5,member_to_leader,416,416,1
21458,6,PHY,PSSCH_DECODE_OK,413,19,14,6,,,,10,122058,0,,[NRSL_PHY_EVENT] event=PSSCH_DECODE_OK request_ids=413 txRnti=19 sender_l2_id=19 receiver_l2_id=14 harq_id=10 tb_size=6 tbler=0 sinr=122058 sinrMin=121890 reason=,000072,13_9,member_to_leader,413,413,1
21459,6,HARQ,HARQ_ACK,413,19,14,,,,,10,,,,[NRSL_HARQ_EVENT] event=HARQ_ACK request_ids=413 txRnti=19 sender_l2_id=19 receiver_l2_id=14 rxRnti=14 harq_id=10 bwp_id=0,000072,13_9,member_to_leader,413,413,1
21520,6,PHY,PSSCH_DECODE_OK,422,16,5,4069,,,,11,87399.1,0,,[NRSL_PHY_EVENT] event=PSSCH_DECODE_OK request_ids=422 txRnti=16 sender_l2_id=16 receiver_l2_id=5 harq_id=11 tb_size=4069 tbler=0 sinr=87399.1 sinrMin=3.60069 reason=,000072,16_6,member_to_leader,422,422,1
21521,6,HARQ,HARQ_ACK,422,16,5,,,,,11,,,,[NRSL_HARQ_EVENT] event=HARQ_ACK request_ids=422 txRnti=16 sender_l2_id=16 receiver_l2_id=5 rxRnti=5 harq_id=11 bwp_id=0,000072,16_6,member_to_leader,422,422,1
21523,6,PHY,PSSCH_DECODE_OK,426,14,9,6,,,,3,255.662,0,,[NRSL_PHY_EVENT] event=PSSCH_DECODE_OK request_ids=426 txRnti=14 sender_l2_id=14 receiver_l2_id=9 harq_id=3 tb_size=6 tbler=0 sinr=255.662 sinrMin=192.426 reason=,000072,12_10,member_to_leader,426,426,1
21524,6,HARQ,HARQ_ACK,426,14,9,,,,,3,,,,[NRSL_HARQ_EVENT] event=HARQ_ACK request_ids=426 txRnti=14 sender_l2_id=14 receiver_l2_id=9 rxRnti=9 harq_id=3 bwp_id=0,000072,12_10,member_to_leader,426,426,1
21548,6,PHY,PSSCH_DECODE_OK,402,21,12,6,,,,8,449467,0,,[NRSL_PHY_EVENT] event=PSSCH_DECODE_OK request_ids=402 txRnti=21 sender_l2_id=21 receiver_l2_id=12 harq_id=8 tb_size=6 tbler=0 sinr=449467 sinrMin=443153 reason=,000072,11_8,member_to_leader,402,402,1
21549,6,HARQ,HARQ_ACK,402,21,12,,,,,8,,,,[NRSL_HARQ_EVENT] event=HARQ_ACK request_ids=402 txRnti=21 sender_l2_id=21 receiver_l2_id=12 rxRnti=12 harq_id=8 bwp_id=0,000072,11_8,member_to_leader,402,402,1
21592,6,PHY,PSSCH_DECODE_OK,422,16,5,4069,,,,10,95307.2,0,,[NRSL_PHY_EVENT] event=PSSCH_DECODE_OK request_ids=422 txRnti=16 sender_l2_id=16 receiver_l2_id=5 harq_id=10 tb_size=4069 tbler=0 sinr=95307.2 sinrMin=20.0657 reason=,000072,16_6,member_to_leader,422,422,1
21593,6,HARQ,HARQ_ACK,422,16,5,,,,,10,,,,[NRSL_HARQ_EVENT] event=HARQ_ACK request_ids=422 txRnti=16 sender_l2_id=16 receiver_l2_id=5 rxRnti=5 harq_id=10 bwp_id=0,000072,16_6,member_to_leader,422,422,1
21619,6,PHY,PSSCH_DECODE_OK,391,9,14,6,,,,12,1381380.0,0,,[NRSL_PHY_EVENT] event=PSSCH_DECODE_OK request_ids=391 txRnti=9 sender_l2_id=9 receiver_l2_id=14 harq_id=12 tb_size=6 tbler=0 sinr=1.38138e+06 sinrMin=1.25923e+06 reason=,000072,12_11,member_to_leader,391,391,1
21620,6,HARQ,HARQ_ACK,391,9,14,,,,,12,,,,[NRSL_HARQ_EVENT] event=HARQ_ACK request_ids=391 txRnti=9 sender_l2_id=9 receiver_l2_id=14 rxRnti=14 harq_id=12 bwp_id=0,000072,12_11,member_to_leader,391,391,1
21662,6,PHY,PSSCH_DECODE_OK,395,21,3,6,,,,9,1099510.0,0,,[NRSL_PHY_EVENT] event=PSSCH_DECODE_OK request_ids=395 txRnti=21 sender_l2_id=21 receiver_l2_id=3 harq_id=9 tb_size=6 tbler=0 sinr=1.09951e+06 sinrMin=1.09777e+06 reason=,000072,11_5,member_to_leader,395,395,1
21663,6,HARQ,HARQ_ACK,395,21,3,,,,,9,,,,[NRSL_HARQ_EVENT] event=HARQ_ACK request_ids=395 txRnti=21 sender_l2_id=21 receiver_l2_id=3 rxRnti=3 harq_id=9 bwp_id=0,000072,11_5,member_to_leader,395,395,1
21666,6,PHY,PSSCH_DECODE_OK,371,13,4,6,,,,13,999511,0,,[NRSL_PHY_EVENT] event=PSSCH_DECODE_OK request_ids=371 txRnti=13 sender_l2_id=13 receiver_l2_id=4 harq_id=13 tb_size=6 tbler=0 sinr=999511 sinrMin=986495 reason=,000072,13_2,member_to_leader,371,371,1
21667,6,HARQ,HARQ_ACK,371,13,4,,,,,13,,,,[NRSL_HARQ_EVENT] event=HARQ_ACK request_ids=371 txRnti=13 sender_l2_id=13 receiver_l2_id=4 rxRnti=4 harq_id=13 bwp_id=0,000072,13_2,member_to_leader,371,371,1
21693,6,PHY,PSSCH_DECODE_OK,369,14,17,6,,,,1,310831,0,,[NRSL_PHY_EVENT] event=PSSCH_DECODE_OK request_ids=369 txRnti=14 sender_l2_id=14 receiver_l2_id=17 harq_id=1 tb_size=6 tbler=0 sinr=310831 sinrMin=295120 reason=,000072,12_9,member_to_leader,369,369,1
21694,6,HARQ,HARQ_ACK,369,14,17,,,,,1,,,,[NRSL_HARQ_EVENT] event=HARQ_ACK request_ids=369 txRnti=14 sender_l2_id=14 receiver_l2_id=17 rxRnti=17 harq_id=1 bwp_id=0,000072,12_9,member_to_leader,369,369,1
21718,6,PHY,PSSCH_DECODE_OK,422,16,5,1937,,,,13,133585,0,,[NRSL_PHY_EVENT] event=PSSCH_DECODE_OK request_ids=422 txRnti=16 sender_l2_id=16 receiver_l2_id=5 harq_id=13 tb_size=1937 tbler=0 sinr=133585 sinrMin=25916.2 reason=,000072,16_6,member_to_leader,422,422,1
21719,6,HARQ,HARQ_ACK,422,16,5,,,,,13,,,,[NRSL_HARQ_EVENT] event=HARQ_ACK request_ids=422 txRnti=16 sender_l2_id=16 receiver_l2_id=5 rxRnti=5 harq_id=13 bwp_id=0,000072,16_6,member_to_leader,422,422,1
21742,6,PHY,PSSCH_DECODE_OK,387,19,9,6,,,,9,135355,0,,[NRSL_PHY_EVENT] event=PSSCH_DECODE_OK request_ids=387 txRnti=19 sender_l2_id=19 receiver_l2_id=9 harq_id=9 tb_size=6 tbler=0 sinr=135355 sinrMin=131227 reason=,000072,14_11,member_to_leader,387,387,1
21743,6,HARQ,HARQ_ACK,387,19,9,,,,,9,,,,[NRSL_HARQ_EVENT] event=HARQ_ACK request_ids=387 txRnti=19 sender_l2_id=19 receiver_l2_id=9 rxRnti=9 harq_id=9 bwp_id=0,000072,14_11,member_to_leader,387,387,1
21768,6,PHY,PSSCH_DECODE_OK,407,16,19,6,,,,12,129713,0,,[NRSL_PHY_EVENT] event=PSSCH_DECODE_OK request_ids=407 txRnti=16 sender_l2_id=16 receiver_l2_id=19 harq_id=12 tb_size=6 tbler=0 sinr=129713 sinrMin=125047 reason=,000072,15_8,member_to_leader,407,407,1
21769,6,HARQ,HARQ_ACK,407,16,19,,,,,12,,,,[NRSL_HARQ_EVENT] event=HARQ_ACK request_ids=407 txRnti=16 sender_l2_id=16 receiver_l2_id=19 rxRnti=19 harq_id=12 bwp_id=0,000072,15_8,member_to_leader,407,407,1
21810,6,PHY,PSSCH_DECODE_OK,399,20,2,10,,,,4,115872,0,,[NRSL_PHY_EVENT] event=PSSCH_DECODE_OK request_ids=399 txRnti=20 sender_l2_id=20 receiver_l2_id=2 harq_id=4 tb_size=10 tbler=0 sinr=115872 sinrMin=113265 reason=,000072,15_2,member_to_leader,399,399,1
21811,6,HARQ,HARQ_ACK,399,20,2,,,,,4,,,,[NRSL_HARQ_EVENT] event=HARQ_ACK request_ids=399 txRnti=20 sender_l2_id=20 receiver_l2_id=2 rxRnti=2 harq_id=4 bwp_id=0,000072,15_2,member_to_leader,399,399,1
21813,6,PHY,PSSCH_DECODE_OK,424,3,21,10,,,,10,764117,0,,[NRSL_PHY_EVENT] event=PSSCH_DECODE_OK request_ids=424 txRnti=3 sender_l2_id=3 receiver_l2_id=21 harq_id=10 tb_size=10 tbler=0 sinr=764117 sinrMin=756091 reason=,000072,11_6,member_to_leader,424,424,1
21814,6,HARQ,HARQ_ACK,424,3,21,,,,,10,,,,[NRSL_HARQ_EVENT] event=HARQ_ACK request_ids=424 txRnti=3 sender_l2_id=3 receiver_l2_id=21 rxRnti=21 harq_id=10 bwp_id=0,000072,11_6,member_to_leader,424,424,1
21840,6,PHY,PSSCH_DECODE_OK,428,2,20,10,,,,2,107038,0,,[NRSL_PHY_EVENT] event=PSSCH_DECODE_OK request_ids=428 txRnti=2 sender_l2_id=2 receiver_l2_id=20 harq_id=2 tb_size=10 tbler=0 sinr=107038 sinrMin=100697 reason=,000072,14_2,member_to_leader,428,428,1
21841,6,HARQ,HARQ_ACK,428,2,20,,,,,2,,,,[NRSL_HARQ_EVENT] event=HARQ_ACK request_ids=428 txRnti=2 sender_l2_id=2 receiver_l2_id=20 rxRnti=20 harq_id=2 bwp_id=0,000072,14_2,member_to_leader,428,428,1
21864,6,PHY,PSSCH_DECODE_OK,416,5,16,14,,,,4,262734,0,,[NRSL_PHY_EVENT] event=PSSCH_DECODE_OK request_ids=416 txRnti=5 sender_l2_id=5 receiver_l2_id=16 harq_id=4 tb_size=14 tbler=0 sinr=262734 sinrMin=91114.9 reason=,000072,16_5,member_to_leader,416,416,1
21865,6,HARQ,HARQ_ACK,416,5,16,,,,,4,,,,[NRSL_HARQ_EVENT] event=HARQ_ACK request_ids=416 txRnti=5 sender_l2_id=5 receiver_l2_id=16 rxRnti=16 harq_id=4 bwp_id=0,000072,16_5,member_to_leader,416,416,1
21889,6,PHY,PSSCH_DECODE_OK,422,16,5,14,,,,14,88147.9,0,,[NRSL_PHY_EVENT] event=PSSCH_DECODE_OK request_ids=422 txRnti=16 sender_l2_id=16 receiver_l2_id=5 harq_id=14 tb_size=14 tbler=0 sinr=88147.9 sinrMin=17035.2 reason=,000072,16_6,member_to_leader,422,422,1
21890,6,HARQ,HARQ_ACK,422,16,5,,,,,14,,,,[NRSL_HARQ_EVENT] event=HARQ_ACK request_ids=422 txRnti=16 sender_l2_id=16 receiver_l2_id=5 rxRnti=5 harq_id=14 bwp_id=0,000072,16_6,member_to_leader,422,422,1
22178,7,PHY,PSSCH_DECODE_FAIL,452,14,9,4069,,,,4,5.49604,1,decode_fail,[NRSL_PHY_EVENT] event=PSSCH_DECODE_FAIL request_ids=452 txRnti=14 sender_l2_id=14 receiver_l2_id=9 harq_id=4 tb_size=4069 tbler=1 sinr=5.49604 sinrMin=2.1691 reason=decode_fail,000074,12_11,member_to_leader,452,452,1
22179,7,HARQ,HARQ_NACK,452,14,9,,,,,4,,,,[NRSL_HARQ_EVENT] event=HARQ_NACK request_ids=452 txRnti=14 sender_l2_id=14 receiver_l2_id=9 rxRnti=9 harq_id=4 bwp_id=0,000074,12_11,member_to_leader,452,452,1
22226,7,PHY,PSSCH_DECODE_OK,437,21,1,4069,,,,12,10665.7,0,,[NRSL_PHY_EVENT] event=PSSCH_DECODE_OK request_ids=437 txRnti=21 sender_l2_id=21 receiver_l2_id=1 harq_id=12 tb_size=4069 tbler=0 sinr=10665.7 sinrMin=6993.62 reason=,000074,11_7,leader_to_rsu,437,437,1
22227,7,HARQ,HARQ_ACK,437,21,1,,,,,12,,,,[NRSL_HARQ_EVENT] event=HARQ_ACK request_ids=437 txRnti=21 sender_l2_id=21 receiver_l2_id=1 rxRnti=1 harq_id=12 bwp_id=0,000074,11_7,leader_to_rsu,437,437,1
22386,7,PHY,PSSCH_DECODE_FAIL,482,6,1,2083,,,,6,0.0528762,1,sci2_decode_fail,[NRSL_PHY_EVENT] event=PSSCH_DECODE_FAIL request_ids=482 txRnti=6 sender_l2_id=6 receiver_l2_id=1 harq_id=6 tb_size=2083 tbler=1 sinr=0.0528762 sinrMin=0.00846314 reason=sci2_decode_fail,000074,9_6,leader_to_rsu,482,482,1
22535,7,PHY,PSSCH_DECODE_FAIL,486,21,1,2083,,,,14,1.25553,1,decode_fail,[NRSL_PHY_EVENT] event=PSSCH_DECODE_FAIL request_ids=486 txRnti=21 sender_l2_id=21 receiver_l2_id=1 harq_id=14 tb_size=2083 tbler=1 sinr=1.25553 sinrMin=0.901966 reason=decode_fail,000074,11_6,leader_to_rsu,486,486,1
22536,7,HARQ,HARQ_NACK,486,21,1,,,,,14,,,,[NRSL_HARQ_EVENT] event=HARQ_NACK request_ids=486 txRnti=21 sender_l2_id=21 receiver_l2_id=1 rxRnti=1 harq_id=14 bwp_id=0,000074,11_6,leader_to_rsu,486,486,1
22538,7,PHY,PSSCH_DECODE_FAIL,452,14,9,4069,,,,5,4.86557,1,decode_fail,[NRSL_PHY_EVENT] event=PSSCH_DECODE_FAIL request_ids=452 txRnti=14 sender_l2_id=14 receiver_l2_id=9 harq_id=5 tb_size=4069 tbler=1 sinr=4.86557 sinrMin=1.17061 reason=decode_fail,000074,12_11,member_to_leader,452,452,1
22539,7,HARQ,HARQ_NACK,452,14,9,,,,,5,,,,[NRSL_HARQ_EVENT] event=HARQ_NACK request_ids=452 txRnti=14 sender_l2_id=14 receiver_l2_id=9 rxRnti=9 harq_id=5 bwp_id=0,000074,12_11,member_to_leader,452,452,1
22740,7,PHY,PSSCH_DECODE_FAIL,464,21,12,4069,,,,0,0.972431,1,decode_fail,[NRSL_PHY_EVENT] event=PSSCH_DECODE_FAIL request_ids=464 txRnti=21 sender_l2_id=21 receiver_l2_id=12 harq_id=0 tb_size=4069 tbler=1 sinr=0.972431 sinrMin=0.799988 reason=decode_fail,000074,11_8,member_to_leader,464,464,1
22741,7,HARQ,HARQ_NACK,464,21,12,,,,,0,,,,[NRSL_HARQ_EVENT] event=HARQ_NACK request_ids=464 txRnti=21 sender_l2_id=21 receiver_l2_id=12 rxRnti=12 harq_id=0 bwp_id=0,000074,11_8,member_to_leader,464,464,1
22856,7,PHY,PSSCH_DECODE_FAIL,459,14,1,4069,,,,7,4.99147,1,decode_fail,[NRSL_PHY_EVENT] event=PSSCH_DECODE_FAIL request_ids=459 txRnti=14 sender_l2_id=14 receiver_l2_id=1 harq_id=7 tb_size=4069 tbler=1 sinr=4.99147 sinrMin=3.84105 reason=decode_fail,000074,13_9,leader_to_rsu,459,459,1
22857,7,HARQ,HARQ_NACK,459,14,1,,,,,7,,,,[NRSL_HARQ_EVENT] event=HARQ_NACK request_ids=459 txRnti=14 sender_l2_id=14 receiver_l2_id=1 rxRnti=1 harq_id=7 bwp_id=0,000074,13_9,leader_to_rsu,459,459,1
22934,7,PHY,PSSCH_DECODE_FAIL,479,12,1,2083,,,,13,0.0726809,1,sci2_decode_fail,[NRSL_PHY_EVENT] event=PSSCH_DECODE_FAIL request_ids=479 txRnti=12 sender_l2_id=12 receiver_l2_id=1 harq_id=13 tb_size=2083 tbler=1 sinr=0.0726809 sinrMin=0.0586633 reason=sci2_decode_fail,000074,10_6,leader_to_rsu,479,479,1
22936,7,PHY,PSSCH_DECODE_FAIL,435,2,1,4069,,,,5,3691.93,1,decode_fail,[NRSL_PHY_EVENT] event=PSSCH_DECODE_FAIL request_ids=435 txRnti=2 sender_l2_id=2 receiver_l2_id=1 harq_id=5 tb_size=4069 tbler=1 sinr=3691.93 sinrMin=3.09359 reason=decode_fail,000074,14_1,leader_to_rsu,435,435,1
22937,7,HARQ,HARQ_NACK,435,2,1,,,,,5,,,,[NRSL_HARQ_EVENT] event=HARQ_NACK request_ids=435 txRnti=2 sender_l2_id=2 receiver_l2_id=1 rxRnti=1 harq_id=5 bwp_id=0,000074,14_1,leader_to_rsu,435,435,1
22939,7,PHY,PSSCH_DECODE_OK,452,14,9,1945,,,,10,271.721,0.00339711,,[NRSL_PHY_EVENT] event=PSSCH_DECODE_OK request_ids=452 txRnti=14 sender_l2_id=14 receiver_l2_id=9 harq_id=10 tb_size=1945 tbler=0.00339711 sinr=271.721 sinrMin=10.9699 reason=,000074,12_11,member_to_leader,452,452,1
22940,7,HARQ,HARQ_ACK,452,14,9,,,,,10,,,,[NRSL_HARQ_EVENT] event=HARQ_ACK request_ids=452 txRnti=14 sender_l2_id=14 receiver_l2_id=9 rxRnti=9 harq_id=10 bwp_id=0,000074,12_11,member_to_leader,452,452,1
23079,7,PHY,PSSCH_DECODE_FAIL,450,5,1,4069,,,,7,0.897442,0.936151,sci2_decode_fail,[NRSL_PHY_EVENT] event=PSSCH_DECODE_FAIL request_ids=450 txRnti=5 sender_l2_id=5 receiver_l2_id=1 harq_id=7 tb_size=4069 tbler=0.936151 sinr=0.897442 sinrMin=0.263676 reason=sci2_decode_fail,000074,16_7,leader_to_rsu,450,450,1
23081,7,PHY,PSSCH_DECODE_FAIL,478,14,1,2083,,,,9,0.457173,1,sci2_decode_fail,[NRSL_PHY_EVENT] event=PSSCH_DECODE_FAIL request_ids=478 txRnti=14 sender_l2_id=14 receiver_l2_id=1 harq_id=9 tb_size=2083 tbler=1 sinr=0.457173 sinrMin=0.363329 reason=sci2_decode_fail,000074,12_10,leader_to_rsu,478,478,1
23083,7,PHY,PSSCH_DECODE_FAIL,436,3,21,4069,,,,12,2.52804,1,decode_fail,[NRSL_PHY_EVENT] event=PSSCH_DECODE_FAIL request_ids=436 txRnti=3 sender_l2_id=3 receiver_l2_id=21 harq_id=12 tb_size=4069 tbler=1 sinr=2.52804 sinrMin=0.585612 reason=decode_fail,000074,11_7,member_to_leader,436,436,1
23084,7,HARQ,HARQ_NACK,436,3,21,,,,,12,,,,[NRSL_HARQ_EVENT] event=HARQ_NACK request_ids=436 txRnti=3 sender_l2_id=3 receiver_l2_id=21 rxRnti=21 harq_id=12 bwp_id=0,000074,11_7,member_to_leader,436,436,1
23197,7,PHY,PSSCH_DECODE_FAIL,446,20,2,4069,,,,7,4.24707,1,decode_fail,[NRSL_PHY_EVENT] event=PSSCH_DECODE_FAIL request_ids=446 txRnti=20 sender_l2_id=20 receiver_l2_id=2 harq_id=7 tb_size=4069 tbler=1 sinr=4.24707 sinrMin=3.75919 reason=decode_fail,000074,15_3,member_to_leader,446,446,1
23198,7,HARQ,HARQ_NACK,446,20,2,,,,,7,,,,[NRSL_HARQ_EVENT] event=HARQ_NACK request_ids=446 txRnti=20 sender_l2_id=20 receiver_l2_id=2 rxRnti=2 harq_id=7 bwp_id=0,000074,15_3,member_to_leader,446,446,1
23200,7,PHY,PSSCH_DECODE_FAIL,444,16,5,4069,,,,15,2.64569,1,decode_fail,[NRSL_PHY_EVENT] event=PSSCH_DECODE_FAIL request_ids=444 txRnti=16 sender_l2_id=16 receiver_l2_id=5 harq_id=15 tb_size=4069 tbler=1 sinr=2.64569 sinrMin=1.95886 reason=decode_fail,000074,17_5,member_to_leader,444,444,1
23201,7,HARQ,HARQ_NACK,444,16,5,,,,,15,,,,[NRSL_HARQ_EVENT] event=HARQ_NACK request_ids=444 txRnti=16 sender_l2_id=16 receiver_l2_id=5 rxRnti=5 harq_id=15 bwp_id=0,000074,17_5,member_to_leader,444,444,1
23515,7,PHY,PSSCH_DECODE_FAIL,441,2,20,4069,,,,6,0.705246,0.936151,sci2_decode_fail,[NRSL_PHY_EVENT] event=PSSCH_DECODE_FAIL request_ids=441 txRnti=2 sender_l2_id=2 receiver_l2_id=20 harq_id=6 tb_size=4069 tbler=0.936151 sinr=0.705246 sinrMin=0.334895 reason=sci2_decode_fail,000074,14_3,member_to_leader,441,441,1
23639,7,PHY,PSSCH_DECODE_FAIL,466,4,1,2083,,,,6,0.789705,0.936151,sci2_decode_fail,[NRSL_PHY_EVENT] event=PSSCH_DECODE_FAIL request_ids=466 txRnti=4 sender_l2_id=4 receiver_l2_id=1 harq_id=6 tb_size=2083 tbler=0.936151 sinr=0.789705 sinrMin=0.000135202 reason=sci2_decode_fail,000074,12_3,leader_to_rsu,466,466,1
23641,7,PHY,PSSCH_DECODE_FAIL,456,21,3,4069,,,,1,6.81593,1,decode_fail,[NRSL_PHY_EVENT] event=PSSCH_DECODE_FAIL request_ids=456 txRnti=21 sender_l2_id=21 receiver_l2_id=3 harq_id=1 tb_size=4069 tbler=1 sinr=6.81593 sinrMin=5.34352 reason=decode_fail,000074,11_5,member_to_leader,456,456,1
23642,7,HARQ,HARQ_NACK,456,21,3,,,,,1,,,,[NRSL_HARQ_EVENT] event=HARQ_NACK request_ids=456 txRnti=21 sender_l2_id=21 receiver_l2_id=3 rxRnti=3 harq_id=1 bwp_id=0,000074,11_5,member_to_leader,456,456,1
23644,7,PHY,PSSCH_DECODE_FAIL,444,16,5,4069,,,,0,0.959855,1,decode_fail,[NRSL_PHY_EVENT] event=PSSCH_DECODE_FAIL request_ids=444 txRnti=16 sender_l2_id=16 receiver_l2_id=5 harq_id=0 tb_size=4069 tbler=1 sinr=0.959855 sinrMin=0.492526 reason=decode_fail,000074,17_5,member_to_leader,444,444,1
23645,7,HARQ,HARQ_NACK,444,16,5,,,,,0,,,,[NRSL_HARQ_EVENT] event=HARQ_NACK request_ids=444 txRnti=16 sender_l2_id=16 receiver_l2_id=5 rxRnti=5 harq_id=0 bwp_id=0,000074,17_5,member_to_leader,444,444,1
23777,7,PHY,PSSCH_DECODE_FAIL,447,2,1,4069,,,,7,7.92729,1,decode_fail,[NRSL_PHY_EVENT] event=PSSCH_DECODE_FAIL request_ids=447 txRnti=2 sender_l2_id=2 receiver_l2_id=1 harq_id=7 tb_size=4069 tbler=1 sinr=7.92729 sinrMin=0.906498 reason=decode_fail,000074,15_3,leader_to_rsu,447,447,1
23778,7,HARQ,HARQ_NACK,447,2,1,,,,,7,,,,[NRSL_HARQ_EVENT] event=HARQ_NACK request_ids=447 txRnti=2 sender_l2_id=2 receiver_l2_id=1 rxRnti=1 harq_id=7 bwp_id=0,000074,15_3,leader_to_rsu,447,447,1
23780,7,PHY,PSSCH_DECODE_FAIL,464,21,12,1945,,,,2,0.435898,1,sci2_decode_fail,[NRSL_PHY_EVENT] event=PSSCH_DECODE_FAIL request_ids=464 txRnti=21 sender_l2_id=21 receiver_l2_id=12 harq_id=2 tb_size=1945 tbler=1 sinr=0.435898 sinrMin=0.0373919 reason=sci2_decode_fail,000074,11_8,member_to_leader,464,464,1
23876,7,PHY,PSSCH_DECODE_FAIL,448,19,16,1945,,,,2,1.29396,1,decode_fail,[NRSL_PHY_EVENT] event=PSSCH_DECODE_FAIL request_ids=448 txRnti=19 sender_l2_id=19 receiver_l2_id=16 harq_id=2 tb_size=1945 tbler=1 sinr=1.29396 sinrMin=1.15845 reason=decode_fail,000074,15_8,member_to_leader,448,448,1
23877,7,HARQ,HARQ_NACK,448,19,16,,,,,2,,,,[NRSL_HARQ_EVENT] event=HARQ_NACK request_ids=448 txRnti=19 sender_l2_id=19 receiver_l2_id=16 rxRnti=16 harq_id=2 bwp_id=0,000074,15_8,member_to_leader,448,448,1
23942,7,PHY,PSSCH_DECODE_FAIL,460,19,1,2083,,,,3,0.748521,1,decode_fail,[NRSL_PHY_EVENT] event=PSSCH_DECODE_FAIL request_ids=460 txRnti=19 sender_l2_id=19 receiver_l2_id=1 harq_id=3 tb_size=2083 tbler=1 sinr=0.748521 sinrMin=0.505294 reason=decode_fail,000074,15_9,leader_to_rsu,460,460,1
23943,7,HARQ,HARQ_NACK,460,19,1,,,,,3,,,,[NRSL_HARQ_EVENT] event=HARQ_NACK request_ids=460 txRnti=19 sender_l2_id=19 receiver_l2_id=1 rxRnti=1 harq_id=3 bwp_id=0,000074,15_9,leader_to_rsu,460,460,1
23945,7,PHY,PSSCH_DECODE_FAIL,477,9,14,4069,,,,14,55339.6,1,decode_fail,[NRSL_PHY_EVENT] event=PSSCH_DECODE_FAIL request_ids=477 txRnti=9 sender_l2_id=9 receiver_l2_id=14 harq_id=14 tb_size=4069 tbler=1 sinr=55339.6 sinrMin=10.2947 reason=decode_fail,000074,12_10,member_to_leader,477,477,1
23946,7,HARQ,HARQ_NACK,477,9,14,,,,,14,,,,[NRSL_HARQ_EVENT] event=HARQ_NACK request_ids=477 txRnti=9 sender_l2_id=9 receiver_l2_id=14 rxRnti=14 harq_id=14 bwp_id=0,000074,12_10,member_to_leader,477,477,1
24069,7,PHY,PSSCH_DECODE_FAIL,467,3,1,4069,,,,1,0.774682,0.936151,sci2_decode_fail,[NRSL_PHY_EVENT] event=PSSCH_DECODE_FAIL request_ids=467 txRnti=3 sender_l2_id=3 receiver_l2_id=1 harq_id=1 tb_size=4069 tbler=0.936151 sinr=0.774682 sinrMin=0.122522 reason=sci2_decode_fail,000074,11_4,leader_to_rsu,467,467,1
24071,7,PHY,PSSCH_DECODE_FAIL,446,20,2,4069,,,,10,0.656669,0.936151,sci2_decode_fail,[NRSL_PHY_EVENT] event=PSSCH_DECODE_FAIL request_ids=446 txRnti=20 sender_l2_id=20 receiver_l2_id=2 harq_id=10 tb_size=4069 tbler=0.936151 sinr=0.656669 sinrMin=0.331086 reason=sci2_decode_fail,000074,15_3,member_to_leader,446,446,1
24073,7,PHY,PSSCH_DECODE_FAIL,458,19,14,1945,,,,6,0.450002,1,sci2_decode_fail,[NRSL_PHY_EVENT] event=PSSCH_DECODE_FAIL request_ids=458 txRnti=19 sender_l2_id=19 receiver_l2_id=14 harq_id=6 tb_size=1945 tbler=1 sinr=0.450002 sinrMin=0.288893 reason=sci2_decode_fail,000074,13_9,member_to_leader,458,458,1
24228,7,PHY,PSSCH_DECODE_FAIL,489,4,13,1945,,,,7,3.14331,1,decode_fail,[NRSL_PHY_EVENT] event=PSSCH_DECODE_FAIL request_ids=489 txRnti=4 sender_l2_id=4 receiver_l2_id=13 harq_id=7 tb_size=1945 tbler=1 sinr=3.14331 sinrMin=2.28755 reason=decode_fail,000074,13_1,member_to_leader,489,489,1
24229,7,HARQ,HARQ_NACK,489,4,13,,,,,7,,,,[NRSL_HARQ_EVENT] event=HARQ_NACK request_ids=489 txRnti=4 sender_l2_id=4 receiver_l2_id=13 rxRnti=13 harq_id=7 bwp_id=0,000074,13_1,member_to_leader,489,489,1
24384,7,PHY,PSSCH_DECODE_FAIL,490,13,1,2083,,,,1,2.18248,1,decode_fail,[NRSL_PHY_EVENT] event=PSSCH_DECODE_FAIL request_ids=490 txRnti=13 sender_l2_id=13 receiver_l2_id=1 harq_id=1 tb_size=2083 tbler=1 sinr=2.18248 sinrMin=0.717929 reason=decode_fail,000074,13_1,leader_to_rsu,490,490,1
24385,7,HARQ,HARQ_NACK,490,13,1,,,,,1,,,,[NRSL_HARQ_EVENT] event=HARQ_NACK request_ids=490 txRnti=13 sender_l2_id=13 receiver_l2_id=1 rxRnti=1 harq_id=1 bwp_id=0,000074,13_1,leader_to_rsu,490,490,1
24387,7,PHY,PSSCH_DECODE_FAIL,462,20,2,3890,,,,12,8.27723,1,decode_fail,[NRSL_PHY_EVENT] event=PSSCH_DECODE_FAIL request_ids=462 txRnti=20 sender_l2_id=20 receiver_l2_id=2 harq_id=12 tb_size=3890 tbler=1 sinr=8.27723 sinrMin=0.718254 reason=decode_fail,000074,15_2,member_to_leader,462,462,1
24388,7,HARQ,HARQ_NACK,462,20,2,,,,,12,,,,[NRSL_HARQ_EVENT] event=HARQ_NACK request_ids=462 txRnti=20 sender_l2_id=20 receiver_l2_id=2 rxRnti=2 harq_id=12 bwp_id=0,000074,15_2,member_to_leader,462,462,1
24390,7,PHY,PSSCH_DECODE_FAIL,432,14,17,1945,,,,8,20.353,1,decode_fail,[NRSL_PHY_EVENT] event=PSSCH_DECODE_FAIL request_ids=432 txRnti=14 sender_l2_id=14 receiver_l2_id=17 harq_id=8 tb_size=1945 tbler=1 sinr=20.353 sinrMin=5.9739 reason=decode_fail,000074,12_9,member_to_leader,432,432,1
24391,7,HARQ,HARQ_NACK,432,14,17,,,,,8,,,,[NRSL_HARQ_EVENT] event=HARQ_NACK request_ids=432 txRnti=14 sender_l2_id=14 receiver_l2_id=17 rxRnti=17 harq_id=8 bwp_id=0,000074,12_9,member_to_leader,432,432,1
24437,7,PHY,PSSCH_DECODE_OK,487,2,20,4069,,,,9,10033.3,0,,[NRSL_PHY_EVENT] event=PSSCH_DECODE_OK request_ids=487 txRnti=2 sender_l2_id=2 receiver_l2_id=20 harq_id=9 tb_size=4069 tbler=0 sinr=10033.3 sinrMin=6714.35 reason=,000074,14_2,member_to_leader,487,487,1
24438,7,HARQ,HARQ_ACK,487,2,20,,,,,9,,,,[NRSL_HARQ_EVENT] event=HARQ_ACK request_ids=487 txRnti=2 sender_l2_id=2 receiver_l2_id=20 rxRnti=20 harq_id=9 bwp_id=0,000074,14_2,member_to_leader,487,487,1
24502,7,PHY,PSSCH_DECODE_FAIL,444,16,5,4069,,,,4,33628.4,1,decode_fail,[NRSL_PHY_EVENT] event=PSSCH_DECODE_FAIL request_ids=444 txRnti=16 sender_l2_id=16 receiver_l2_id=5 harq_id=4 tb_size=4069 tbler=1 sinr=33628.4 sinrMin=0.701691 reason=decode_fail,000074,17_5,member_to_leader,444,444,1
24503,7,HARQ,HARQ_NACK,444,16,5,,,,,4,,,,[NRSL_HARQ_EVENT] event=HARQ_NACK request_ids=444 txRnti=16 sender_l2_id=16 receiver_l2_id=5 rxRnti=5 harq_id=4 bwp_id=0,000074,17_5,member_to_leader,444,444,1
24505,7,PHY,PSSCH_DECODE_FAIL,468,19,9,1945,,,,8,2.9358,1,decode_fail,[NRSL_PHY_EVENT] event=PSSCH_DECODE_FAIL request_ids=468 txRnti=19 sender_l2_id=19 receiver_l2_id=9 harq_id=8 tb_size=1945 tbler=1 sinr=2.9358 sinrMin=2.14619 reason=decode_fail,000074,14_11,member_to_leader,468,468,1
24506,7,HARQ,HARQ_NACK,468,19,9,,,,,8,,,,[NRSL_HARQ_EVENT] event=HARQ_NACK request_ids=468 txRnti=19 sender_l2_id=19 receiver_l2_id=9 rxRnti=9 harq_id=8 bwp_id=0,000074,14_11,member_to_leader,468,468,1
24617,7,PHY,PSSCH_DECODE_FAIL,474,5,1,4069,,,,10,0.34234,1,sci2_decode_fail,[NRSL_PHY_EVENT] event=PSSCH_DECODE_FAIL request_ids=474 txRnti=5 sender_l2_id=5 receiver_l2_id=1 harq_id=10 tb_size=4069 tbler=1 sinr=0.34234 sinrMin=0.0424981 reason=sci2_decode_fail,000074,16_8,leader_to_rsu,474,474,1
24619,7,PHY,PSSCH_DECODE_FAIL,470,3,1,2083,,,,2,0.546892,1,sci2_decode_fail,[NRSL_PHY_EVENT] event=PSSCH_DECODE_FAIL request_ids=470 txRnti=3 sender_l2_id=3 receiver_l2_id=1 harq_id=2 tb_size=2083 tbler=1 sinr=0.546892 sinrMin=0.0178484 reason=sci2_decode_fail,000074,12_7,leader_to_rsu,470,470,1
24621,7,PHY,PSSCH_DECODE_FAIL,463,2,1,2083,,,,10,6.97767,1,decode_fail,[NRSL_PHY_EVENT] event=PSSCH_DECODE_FAIL request_ids=463 txRnti=2 sender_l2_id=2 receiver_l2_id=1 harq_id=10 tb_size=2083 tbler=1 sinr=6.97767 sinrMin=4.70444 reason=decode_fail,000074,15_2,leader_to_rsu,463,463,1
24622,7,HARQ,HARQ_NACK,463,2,1,,,,,10,,,,[NRSL_HARQ_EVENT] event=HARQ_NACK request_ids=463 txRnti=2 sender_l2_id=2 receiver_l2_id=1 rxRnti=1 harq_id=10 bwp_id=0,000074,15_2,leader_to_rsu,463,463,1
24728,7,PHY,PSSCH_DECODE_FAIL,430,13,4,1945,,,,2,3.67236,1,decode_fail,[NRSL_PHY_EVENT] event=PSSCH_DECODE_FAIL request_ids=430 txRnti=13 sender_l2_id=13 receiver_l2_id=4 harq_id=2 tb_size=1945 tbler=1 sinr=3.67236 sinrMin=2.42027 reason=decode_fail,000074,13_2,member_to_leader,430,430,1
24729,7,HARQ,HARQ_NACK,430,13,4,,,,,2,,,,[NRSL_HARQ_EVENT] event=HARQ_NACK request_ids=430 txRnti=13 sender_l2_id=13 receiver_l2_id=4 rxRnti=4 harq_id=2 bwp_id=0,000074,13_2,member_to_leader,430,430,1
24731,7,PHY,PSSCH_DECODE_FAIL,477,9,14,1945,,,,0,24.477,0.99963,decode_fail,[NRSL_PHY_EVENT] event=PSSCH_DECODE_FAIL request_ids=477 txRnti=9 sender_l2_id=9 receiver_l2_id=14 harq_id=0 tb_size=1945 tbler=0.99963 sinr=24.477 sinrMin=17.1442 reason=decode_fail,000074,12_10,member_to_leader,477,477,1
24732,7,HARQ,HARQ_NACK,477,9,14,,,,,0,,,,[NRSL_HARQ_EVENT] event=HARQ_NACK request_ids=477 txRnti=9 sender_l2_id=9 receiver_l2_id=14 rxRnti=14 harq_id=0 bwp_id=0,000074,12_10,member_to_leader,477,477,1
24833,7,PHY,PSSCH_DECODE_OK,436,3,21,4069,,,,0,51423.6,0,,[NRSL_PHY_EVENT] event=PSSCH_DECODE_OK request_ids=436 txRnti=3 sender_l2_id=3 receiver_l2_id=21 harq_id=0 tb_size=4069 tbler=0 sinr=51423.6 sinrMin=26269.2 reason=,000074,11_7,member_to_leader,436,436,1
24834,7,HARQ,HARQ_ACK,436,3,21,,,,,0,,,,[NRSL_HARQ_EVENT] event=HARQ_ACK request_ids=436 txRnti=3 sender_l2_id=3 receiver_l2_id=21 rxRnti=21 harq_id=0 bwp_id=0,000074,11_7,member_to_leader,436,436,1
24894,7,PHY,PSSCH_DECODE_FAIL,484,5,1,2083,,,,11,5.73463,1,decode_fail,[NRSL_PHY_EVENT] event=PSSCH_DECODE_FAIL request_ids=484 txRnti=5 sender_l2_id=5 receiver_l2_id=1 harq_id=11 tb_size=2083 tbler=1 sinr=5.73463 sinrMin=2.38125 reason=decode_fail,000074,16_6,leader_to_rsu,484,484,1
24895,7,HARQ,HARQ_NACK,484,5,1,,,,,11,,,,[NRSL_HARQ_EVENT] event=HARQ_NACK request_ids=484 txRnti=5 sender_l2_id=5 receiver_l2_id=1 rxRnti=1 harq_id=11 bwp_id=0,000074,16_6,leader_to_rsu,484,484,1
24940,7,PHY,PSSCH_DECODE_OK,487,2,20,3890,,,,13,10033.3,0,,[NRSL_PHY_EVENT] event=PSSCH_DECODE_OK request_ids=487 txRnti=2 sender_l2_id=2 receiver_l2_id=20 harq_id=13 tb_size=3890 tbler=0 sinr=10033.3 sinrMin=6714.35 reason=,000074,14_2,member_to_leader,487,487,1
24941,7,HARQ,HARQ_ACK,487,2,20,,,,,13,,,,[NRSL_HARQ_EVENT] event=HARQ_ACK request_ids=487 txRnti=2 sender_l2_id=2 receiver_l2_id=20 rxRnti=20 harq_id=13 bwp_id=0,000074,14_2,member_to_leader,487,487,1
25022,7,PHY,PSSCH_DECODE_OK,475,5,16,3890,,,,0,546.6,0,,[NRSL_PHY_EVENT] event=PSSCH_DECODE_OK request_ids=475 txRnti=5 sender_l2_id=5 receiver_l2_id=16 harq_id=0 tb_size=3890 tbler=0 sinr=546.6 sinrMin=81.9419 reason=,000074,16_5,member_to_leader,475,475,1
25023,7,HARQ,HARQ_ACK,475,5,16,,,,,0,,,,[NRSL_HARQ_EVENT] event=HARQ_ACK request_ids=475 txRnti=5 sender_l2_id=5 receiver_l2_id=16 rxRnti=16 harq_id=0 bwp_id=0,000074,16_5,member_to_leader,475,475,1
25025,7,PHY,PSSCH_DECODE_OK,485,3,21,4069,,,,4,864.637,0,,[NRSL_PHY_EVENT] event=PSSCH_DECODE_OK request_ids=485 txRnti=3 sender_l2_id=3 receiver_l2_id=21 harq_id=4 tb_size=4069 tbler=0 sinr=864.637 sinrMin=464.267 reason=,000074,11_6,member_to_leader,485,485,1
25026,7,HARQ,HARQ_ACK,485,3,21,,,,,4,,,,[NRSL_HARQ_EVENT] event=HARQ_ACK request_ids=485 txRnti=3 sender_l2_id=3 receiver_l2_id=21 rxRnti=21 harq_id=4 bwp_id=0,000074,11_6,member_to_leader,485,485,1
25089,7,PHY,PSSCH_DECODE_OK,483,16,5,4069,,,,6,55373.7,0,,[NRSL_PHY_EVENT] event=PSSCH_DECODE_OK request_ids=483 txRnti=16 sender_l2_id=16 receiver_l2_id=5 harq_id=6 tb_size=4069 tbler=0 sinr=55373.7 sinrMin=0.819727 reason=,000074,16_6,member_to_leader,483,483,1
25090,7,HARQ,HARQ_ACK,483,16,5,,,,,6,,,,[NRSL_HARQ_EVENT] event=HARQ_ACK request_ids=483 txRnti=16 sender_l2_id=16 receiver_l2_id=5 rxRnti=5 harq_id=6 bwp_id=0,000074,16_6,member_to_leader,483,483,1
25092,7,PHY,PSSCH_DECODE_OK,452,14,9,6,,,,12,395.261,0,,[NRSL_PHY_EVENT] event=PSSCH_DECODE_OK request_ids=452 txRnti=14 sender_l2_id=14 receiver_l2_id=9 harq_id=12 tb_size=6 tbler=0 sinr=395.261 sinrMin=354.086 reason=,000074,12_11,member_to_leader,452,452,1
25093,7,HARQ,HARQ_ACK,452,14,9,,,,,12,,,,[NRSL_HARQ_EVENT] event=HARQ_ACK request_ids=452 txRnti=14 sender_l2_id=14 receiver_l2_id=9 rxRnti=9 harq_id=12 bwp_id=0,000074,12_11,member_to_leader,452,452,1
25136,7,PHY,PSSCH_DECODE_OK,464,21,12,6,,,,15,131293,0,,[NRSL_PHY_EVENT] event=PSSCH_DECODE_OK request_ids=464 txRnti=21 sender_l2_id=21 receiver_l2_id=12 harq_id=15 tb_size=6 tbler=0 sinr=131293 sinrMin=120196 reason=,000074,11_8,member_to_leader,464,464,1
25137,7,HARQ,HARQ_ACK,464,21,12,,,,,15,,,,[NRSL_HARQ_EVENT] event=HARQ_ACK request_ids=464 txRnti=21 sender_l2_id=21 receiver_l2_id=12 rxRnti=12 harq_id=15 bwp_id=0,000074,11_8,member_to_leader,464,464,1
25139,7,PHY,PSSCH_DECODE_OK,448,19,16,6,,,,7,75258.4,0,,[NRSL_PHY_EVENT] event=PSSCH_DECODE_OK request_ids=448 txRnti=19 sender_l2_id=19 receiver_l2_id=16 harq_id=7 tb_size=6 tbler=0 sinr=75258.4 sinrMin=73853.3 reason=,000074,15_8,member_to_leader,448,448,1
25140,7,HARQ,HARQ_ACK,448,19,16,,,,,7,,,,[NRSL_HARQ_EVENT] event=HARQ_ACK request_ids=448 txRnti=19 sender_l2_id=19 receiver_l2_id=16 rxRnti=16 harq_id=7 bwp_id=0,000074,15_8,member_to_leader,448,448,1
25164,7,PHY,PSSCH_DECODE_OK,458,19,14,6,,,,5,29693.7,0,,[NRSL_PHY_EVENT] event=PSSCH_DECODE_OK request_ids=458 txRnti=19 sender_l2_id=19 receiver_l2_id=14 harq_id=5 tb_size=6 tbler=0 sinr=29693.7 sinrMin=22690.9 reason=,000074,13_9,member_to_leader,458,458,1
25165,7,HARQ,HARQ_ACK,458,19,14,,,,,5,,,,[NRSL_HARQ_EVENT] event=HARQ_ACK request_ids=458 txRnti=19 sender_l2_id=19 receiver_l2_id=14 rxRnti=14 harq_id=5 bwp_id=0,000074,13_9,member_to_leader,458,458,1
25243,7,PHY,PSSCH_DECODE_FAIL,462,20,2,10,,,,11,7.69203,1,decode_fail,[NRSL_PHY_EVENT] event=PSSCH_DECODE_FAIL request_ids=462 txRnti=20 sender_l2_id=20 receiver_l2_id=2 harq_id=11 tb_size=10 tbler=1 sinr=7.69203 sinrMin=6.96344 reason=decode_fail,000074,15_2,member_to_leader,462,462,1
25244,7,HARQ,HARQ_NACK,462,20,2,,,,,11,,,,[NRSL_HARQ_EVENT] event=HARQ_NACK request_ids=462 txRnti=20 sender_l2_id=20 receiver_l2_id=2 rxRnti=2 harq_id=11 bwp_id=0,000074,15_2,member_to_leader,462,462,1
25246,7,PHY,PSSCH_DECODE_OK,483,16,5,1937,,,,11,158.52,0,,[NRSL_PHY_EVENT] event=PSSCH_DECODE_OK request_ids=483 txRnti=16 sender_l2_id=16 receiver_l2_id=5 harq_id=11 tb_size=1937 tbler=0 sinr=158.52 sinrMin=92.9427 reason=,000074,16_6,member_to_leader,483,483,1
25247,7,HARQ,HARQ_ACK,483,16,5,,,,,11,,,,[NRSL_HARQ_EVENT] event=HARQ_ACK request_ids=483 txRnti=16 sender_l2_id=16 receiver_l2_id=5 rxRnti=5 harq_id=11 bwp_id=0,000074,16_6,member_to_leader,483,483,1
25249,7,PHY,PSSCH_DECODE_FAIL,485,3,21,3890,,,,3,21190.6,1,decode_fail,[NRSL_PHY_EVENT] event=PSSCH_DECODE_FAIL request_ids=485 txRnti=3 sender_l2_id=3 receiver_l2_id=21 harq_id=3 tb_size=3890 tbler=1 sinr=21190.6 sinrMin=4.26894 reason=decode_fail,000074,11_6,member_to_leader,485,485,1
25250,7,HARQ,HARQ_NACK,485,3,21,,,,,3,,,,[NRSL_HARQ_EVENT] event=HARQ_NACK request_ids=485 txRnti=3 sender_l2_id=3 receiver_l2_id=21 rxRnti=21 harq_id=3 bwp_id=0,000074,11_6,member_to_leader,485,485,1
25296,7,PHY,PSSCH_DECODE_OK,456,21,3,6,,,,7,584984,0,,[NRSL_PHY_EVENT] event=PSSCH_DECODE_OK request_ids=456 txRnti=21 sender_l2_id=21 receiver_l2_id=3 harq_id=7 tb_size=6 tbler=0 sinr=584984 sinrMin=565413 reason=,000074,11_5,member_to_leader,456,456,1
25297,7,HARQ,HARQ_ACK,456,21,3,,,,,7,,,,[NRSL_HARQ_EVENT] event=HARQ_ACK request_ids=456 txRnti=21 sender_l2_id=21 receiver_l2_id=3 rxRnti=3 harq_id=7 bwp_id=0,000074,11_5,member_to_leader,456,456,1
25299,7,PHY,PSSCH_DECODE_OK,432,14,17,6,,,,11,472191,0,,[NRSL_PHY_EVENT] event=PSSCH_DECODE_OK request_ids=432 txRnti=14 sender_l2_id=14 receiver_l2_id=17 harq_id=11 tb_size=6 tbler=0 sinr=472191 sinrMin=442990 reason=,000074,12_9,member_to_leader,432,432,1
25300,7,HARQ,HARQ_ACK,432,14,17,,,,,11,,,,[NRSL_HARQ_EVENT] event=HARQ_ACK request_ids=432 txRnti=14 sender_l2_id=14 receiver_l2_id=17 rxRnti=17 harq_id=11 bwp_id=0,000074,12_9,member_to_leader,432,432,1
25325,7,PHY,PSSCH_DECODE_OK,489,4,13,6,,,,8,606457,0,,[NRSL_PHY_EVENT] event=PSSCH_DECODE_OK request_ids=489 txRnti=4 sender_l2_id=4 receiver_l2_id=13 harq_id=8 tb_size=6 tbler=0 sinr=606457 sinrMin=599350 reason=,000074,13_1,member_to_leader,489,489,1
25326,7,HARQ,HARQ_ACK,489,4,13,,,,,8,,,,[NRSL_HARQ_EVENT] event=HARQ_ACK request_ids=489 txRnti=4 sender_l2_id=4 receiver_l2_id=13 rxRnti=13 harq_id=8 bwp_id=0,000074,13_1,member_to_leader,489,489,1
25368,7,PHY,PSSCH_DECODE_OK,430,13,4,6,,,,3,457847,0,,[NRSL_PHY_EVENT] event=PSSCH_DECODE_OK request_ids=430 txRnti=13 sender_l2_id=13 receiver_l2_id=4 harq_id=3 tb_size=6 tbler=0 sinr=457847 sinrMin=424303 reason=,000074,13_2,member_to_leader,430,430,1
25369,7,HARQ,HARQ_ACK,430,13,4,,,,,3,,,,[NRSL_HARQ_EVENT] event=HARQ_ACK request_ids=430 txRnti=13 sender_l2_id=13 receiver_l2_id=4 rxRnti=4 harq_id=3 bwp_id=0,000074,13_2,member_to_leader,430,430,1
25371,7,PHY,PSSCH_DECODE_OK,468,19,9,6,,,,10,324231,0,,[NRSL_PHY_EVENT] event=PSSCH_DECODE_OK request_ids=468 txRnti=19 sender_l2_id=19 receiver_l2_id=9 harq_id=10 tb_size=6 tbler=0 sinr=324231 sinrMin=268073 reason=,000074,14_11,member_to_leader,468,468,1
25372,7,HARQ,HARQ_ACK,468,19,9,,,,,10,,,,[NRSL_HARQ_EVENT] event=HARQ_ACK request_ids=468 txRnti=19 sender_l2_id=19 receiver_l2_id=9 rxRnti=9 harq_id=10 bwp_id=0,000074,14_11,member_to_leader,468,468,1
25396,7,PHY,PSSCH_DECODE_OK,477,9,14,6,,,,2,1312970.0,0,,[NRSL_PHY_EVENT] event=PSSCH_DECODE_OK request_ids=477 txRnti=9 sender_l2_id=9 receiver_l2_id=14 harq_id=2 tb_size=6 tbler=0 sinr=1.31297e+06 sinrMin=1.29614e+06 reason=,000074,12_10,member_to_leader,477,477,1
25397,7,HARQ,HARQ_ACK,477,9,14,,,,,2,,,,[NRSL_HARQ_EVENT] event=HARQ_ACK request_ids=477 txRnti=9 sender_l2_id=9 receiver_l2_id=14 rxRnti=14 harq_id=2 bwp_id=0,000074,12_10,member_to_leader,477,477,1
25421,7,PHY,PSSCH_DECODE_OK,487,2,20,10,,,,12,119728,0,,[NRSL_PHY_EVENT] event=PSSCH_DECODE_OK request_ids=487 txRnti=2 sender_l2_id=2 receiver_l2_id=20 harq_id=12 tb_size=10 tbler=0 sinr=119728 sinrMin=117879 reason=,000074,14_2,member_to_leader,487,487,1
25422,7,HARQ,HARQ_ACK,487,2,20,,,,,12,,,,[NRSL_HARQ_EVENT] event=HARQ_ACK request_ids=487 txRnti=2 sender_l2_id=2 receiver_l2_id=20 rxRnti=20 harq_id=12 bwp_id=0,000074,14_2,member_to_leader,487,487,1
25446,7,PHY,PSSCH_DECODE_OK,475,5,16,10,,,,13,657569,0,,[NRSL_PHY_EVENT] event=PSSCH_DECODE_OK request_ids=475 txRnti=5 sender_l2_id=5 receiver_l2_id=16 harq_id=13 tb_size=10 tbler=0 sinr=657569 sinrMin=655362 reason=,000074,16_5,member_to_leader,475,475,1
25447,7,HARQ,HARQ_ACK,475,5,16,,,,,13,,,,[NRSL_HARQ_EVENT] event=HARQ_ACK request_ids=475 txRnti=5 sender_l2_id=5 receiver_l2_id=16 rxRnti=16 harq_id=13 bwp_id=0,000074,16_5,member_to_leader,475,475,1
25471,7,PHY,PSSCH_DECODE_OK,483,16,5,14,,,,10,887929,0,,[NRSL_PHY_EVENT] event=PSSCH_DECODE_OK request_ids=483 txRnti=16 sender_l2_id=16 receiver_l2_id=5 harq_id=10 tb_size=14 tbler=0 sinr=887929 sinrMin=866591 reason=,000074,16_6,member_to_leader,483,483,1
25472,7,HARQ,HARQ_ACK,483,16,5,,,,,10,,,,[NRSL_HARQ_EVENT] event=HARQ_ACK request_ids=483 txRnti=16 sender_l2_id=16 receiver_l2_id=5 rxRnti=5 harq_id=10 bwp_id=0,000074,16_6,member_to_leader,483,483,1
25496,7,PHY,PSSCH_DECODE_OK,485,3,21,10,,,,5,431566,0,,[NRSL_PHY_EVENT] event=PSSCH_DECODE_OK request_ids=485 txRnti=3 sender_l2_id=3 receiver_l2_id=21 harq_id=5 tb_size=10 tbler=0 sinr=431566 sinrMin=388429 reason=,000074,11_6,member_to_leader,485,485,1
25497,7,HARQ,HARQ_ACK,485,3,21,,,,,5,,,,[NRSL_HARQ_EVENT] event=HARQ_ACK request_ids=485 txRnti=3 sender_l2_id=3 receiver_l2_id=21 rxRnti=21 harq_id=5 bwp_id=0,000074,11_6,member_to_leader,485,485,1
25793,8,PHY,PSSCH_DECODE_FAIL,536,14,1,2083,,,,14,0.0681393,1,sci2_decode_fail,[NRSL_PHY_EVENT] event=PSSCH_DECODE_FAIL request_ids=536 txRnti=14 sender_l2_id=14 receiver_l2_id=1 harq_id=14 tb_size=2083 tbler=1 sinr=0.0681393 sinrMin=0.0357271 reason=sci2_decode_fail,000076,13_9,leader_to_rsu,536,536,1
25795,8,PHY,PSSCH_DECODE_FAIL,502,2,20,4069,,,,11,0.74063,0.936151,sci2_decode_fail,[NRSL_PHY_EVENT] event=PSSCH_DECODE_FAIL request_ids=502 txRnti=2 sender_l2_id=2 receiver_l2_id=20 harq_id=11 tb_size=4069 tbler=0.936151 sinr=0.74063 sinrMin=0.472782 reason=sci2_decode_fail,000076,14_3,member_to_leader,502,502,1
25918,8,PHY,PSSCH_DECODE_FAIL,523,12,1,4069,,,,14,0.642955,1,sci2_decode_fail,[NRSL_PHY_EVENT] event=PSSCH_DECODE_FAIL request_ids=523 txRnti=12 sender_l2_id=12 receiver_l2_id=1 harq_id=14 tb_size=4069 tbler=1 sinr=0.642955 sinrMin=0.347196 reason=sci2_decode_fail,000076,11_8,leader_to_rsu,523,523,1
25920,8,PHY,PSSCH_DECODE_FAIL,548,6,1,2083,,,,7,0.373117,1,sci2_decode_fail,[NRSL_PHY_EVENT] event=PSSCH_DECODE_FAIL request_ids=548 txRnti=6 sender_l2_id=6 receiver_l2_id=1 harq_id=7 tb_size=2083 tbler=1 sinr=0.373117 sinrMin=0.322576 reason=sci2_decode_fail,000076,9_6,leader_to_rsu,548,548,1
26033,8,PHY,PSSCH_DECODE_FAIL,501,3,1,4069,,,,8,2.59573,1,decode_fail,[NRSL_PHY_EVENT] event=PSSCH_DECODE_FAIL request_ids=501 txRnti=3 sender_l2_id=3 receiver_l2_id=1 harq_id=8 tb_size=4069 tbler=1 sinr=2.59573 sinrMin=0.00347727 reason=decode_fail,000076,12_4,leader_to_rsu,501,501,1
26034,8,HARQ,HARQ_NACK,501,3,1,,,,,8,,,,[NRSL_HARQ_EVENT] event=HARQ_NACK request_ids=501 txRnti=3 sender_l2_id=3 receiver_l2_id=1 rxRnti=1 harq_id=8 bwp_id=0,000076,12_4,leader_to_rsu,501,501,1
26037,8,PHY,PSSCH_DECODE_FAIL,493,13,4,4069,,,,5,7.17016,1,decode_fail,[NRSL_PHY_EVENT] event=PSSCH_DECODE_FAIL request_ids=493 txRnti=13 sender_l2_id=13 receiver_l2_id=4 harq_id=5 tb_size=4069 tbler=1 sinr=7.17016 sinrMin=5.17954 reason=decode_fail,000076,13_2,member_to_leader,493,493,1
26038,8,HARQ,HARQ_NACK,493,13,4,,,,,5,,,,[NRSL_HARQ_EVENT] event=HARQ_NACK request_ids=493 txRnti=13 sender_l2_id=13 receiver_l2_id=4 rxRnti=4 harq_id=5 bwp_id=0,000076,13_2,member_to_leader,493,493,1
26233,8,PHY,PSSCH_DECODE_FAIL,511,14,9,4069,,,,15,8.45924,1,decode_fail,[NRSL_PHY_EVENT] event=PSSCH_DECODE_FAIL request_ids=511 txRnti=14 sender_l2_id=14 receiver_l2_id=9 harq_id=15 tb_size=4069 tbler=1 sinr=8.45924 sinrMin=4.06899 reason=decode_fail,000076,12_11,member_to_leader,511,511,1
26234,8,HARQ,HARQ_NACK,511,14,9,,,,,15,,,,[NRSL_HARQ_EVENT] event=HARQ_NACK request_ids=511 txRnti=14 sender_l2_id=14 receiver_l2_id=9 rxRnti=9 harq_id=15 bwp_id=0,000076,12_11,member_to_leader,511,511,1
26363,8,PHY,PSSCH_DECODE_FAIL,545,12,1,2083,,,,15,0.12856,1,sci2_decode_fail,[NRSL_PHY_EVENT] event=PSSCH_DECODE_FAIL request_ids=545 txRnti=12 sender_l2_id=12 receiver_l2_id=1 harq_id=15 tb_size=2083 tbler=1 sinr=0.12856 sinrMin=0.106641 reason=sci2_decode_fail,000076,10_6,leader_to_rsu,545,545,1
26529,8,PHY,PSSCH_DECODE_FAIL,495,2,1,4069,,,,14,4.91083,1,decode_fail,[NRSL_PHY_EVENT] event=PSSCH_DECODE_FAIL request_ids=495 txRnti=2 sender_l2_id=2 receiver_l2_id=1 harq_id=14 tb_size=4069 tbler=1 sinr=4.91083 sinrMin=3.41328 reason=decode_fail,000076,14_1,leader_to_rsu,495,495,1
26530,8,HARQ,HARQ_NACK,495,2,1,,,,,14,,,,[NRSL_HARQ_EVENT] event=HARQ_NACK request_ids=495 txRnti=2 sender_l2_id=2 receiver_l2_id=1 rxRnti=1 harq_id=14 bwp_id=0,000076,14_1,leader_to_rsu,495,495,1
26532,8,PHY,PSSCH_DECODE_FAIL,541,4,13,4069,,,,9,0.761604,0.936151,sci2_decode_fail,[NRSL_PHY_EVENT] event=PSSCH_DECODE_FAIL request_ids=541 txRnti=4 sender_l2_id=4 receiver_l2_id=13 harq_id=9 tb_size=4069 tbler=0.936151 sinr=0.761604 sinrMin=0.577671 reason=sci2_decode_fail,000076,13_1,member_to_leader,541,541,1
26734,8,PHY,PSSCH_DECODE_FAIL,497,21,1,4069,,,,4,0.808601,0.936151,sci2_decode_fail,[NRSL_PHY_EVENT] event=PSSCH_DECODE_FAIL request_ids=497 txRnti=21 sender_l2_id=21 receiver_l2_id=1 harq_id=4 tb_size=4069 tbler=0.936151 sinr=0.808601 sinrMin=0.206913 reason=sci2_decode_fail,000076,11_7,leader_to_rsu,497,497,1
26877,8,PHY,PSSCH_DECODE_FAIL,491,14,17,4069,,,,13,7.49158,1,decode_fail,[NRSL_PHY_EVENT] event=PSSCH_DECODE_FAIL request_ids=491 txRnti=14 sender_l2_id=14 receiver_l2_id=17 harq_id=13 tb_size=4069 tbler=1 sinr=7.49158 sinrMin=2.31793 reason=decode_fail,000076,12_9,member_to_leader,491,491,1
26878,8,HARQ,HARQ_NACK,491,14,17,,,,,13,,,,[NRSL_HARQ_EVENT] event=HARQ_NACK request_ids=491 txRnti=14 sender_l2_id=14 receiver_l2_id=17 rxRnti=17 harq_id=13 bwp_id=0,000076,12_9,member_to_leader,491,491,1
26880,8,PHY,PSSCH_DECODE_FAIL,496,3,21,4069,,,,6,4.12266,1,decode_fail,[NRSL_PHY_EVENT] event=PSSCH_DECODE_FAIL request_ids=496 txRnti=3 sender_l2_id=3 receiver_l2_id=21 harq_id=6 tb_size=4069 tbler=1 sinr=4.12266 sinrMin=1.79404 reason=decode_fail,000076,11_7,member_to_leader,496,496,1
26881,8,HARQ,HARQ_NACK,496,3,21,,,,,6,,,,[NRSL_HARQ_EVENT] event=HARQ_NACK request_ids=496 txRnti=3 sender_l2_id=3 receiver_l2_id=21 rxRnti=21 harq_id=6 bwp_id=0,000076,11_7,member_to_leader,496,496,1
27013,8,PHY,PSSCH_DECODE_FAIL,509,5,1,4069,,,,3,3.02465,1,decode_fail,[NRSL_PHY_EVENT] event=PSSCH_DECODE_FAIL request_ids=509 txRnti=5 sender_l2_id=5 receiver_l2_id=1 harq_id=3 tb_size=4069 tbler=1 sinr=3.02465 sinrMin=0.216255 reason=decode_fail,000076,16_7,leader_to_rsu,509,509,1
27014,8,HARQ,HARQ_NACK,509,5,1,,,,,3,,,,[NRSL_HARQ_EVENT] event=HARQ_NACK request_ids=509 txRnti=5 sender_l2_id=5 receiver_l2_id=1 rxRnti=1 harq_id=3 bwp_id=0,000076,16_7,leader_to_rsu,509,509,1
27016,8,PHY,PSSCH_DECODE_FAIL,540,9,1,2083,,,,4,0.103944,1,sci2_decode_fail,[NRSL_PHY_EVENT] event=PSSCH_DECODE_FAIL request_ids=540 txRnti=9 sender_l2_id=9 receiver_l2_id=1 harq_id=4 tb_size=2083 tbler=1 sinr=0.103944 sinrMin=0.0433402 reason=sci2_decode_fail,000076,14_13,leader_to_rsu,540,540,1
27018,8,PHY,PSSCH_DECODE_FAIL,522,21,12,1945,,,,8,0.0945441,1,sci2_decode_fail,[NRSL_PHY_EVENT] event=PSSCH_DECODE_FAIL request_ids=522 txRnti=21 sender_l2_id=21 receiver_l2_id=12 harq_id=8 tb_size=1945 tbler=1 sinr=0.0945441 sinrMin=0.0165142 reason=sci2_decode_fail,000076,11_8,member_to_leader,522,522,1
27020,8,PHY,PSSCH_DECODE_FAIL,535,19,14,4069,,,,0,2.43102,0.936151,sci2_decode_fail,[NRSL_PHY_EVENT] event=PSSCH_DECODE_FAIL request_ids=535 txRnti=19 sender_l2_id=19 receiver_l2_id=14 harq_id=0 tb_size=4069 tbler=0.936151 sinr=2.43102 sinrMin=0.0407206 reason=sci2_decode_fail,000076,13_9,member_to_leader,535,535,1
27170,8,PHY,PSSCH_DECODE_FAIL,506,20,1,2083,,,,0,0.0698819,1,sci2_decode_fail,[NRSL_PHY_EVENT] event=PSSCH_DECODE_FAIL request_ids=506 txRnti=20 sender_l2_id=20 receiver_l2_id=1 harq_id=0 tb_size=2083 tbler=1 sinr=0.0698819 sinrMin=0.0197498 reason=sci2_decode_fail,000076,15_4,leader_to_rsu,506,506,1
27172,8,PHY,PSSCH_DECODE_FAIL,511,14,9,4069,,,,0,1.96868,1,decode_fail,[NRSL_PHY_EVENT] event=PSSCH_DECODE_FAIL request_ids=511 txRnti=14 sender_l2_id=14 receiver_l2_id=9 harq_id=0 tb_size=4069 tbler=1 sinr=1.96868 sinrMin=1.56632 reason=decode_fail,000076,12_11,member_to_leader,511,511,1
27173,8,HARQ,HARQ_NACK,511,14,9,,,,,0,,,,[NRSL_HARQ_EVENT] event=HARQ_NACK request_ids=511 txRnti=14 sender_l2_id=14 receiver_l2_id=9 rxRnti=9 harq_id=0 bwp_id=0,000076,12_11,member_to_leader,511,511,1
27256,8,PHY,PSSCH_DECODE_OK,493,13,4,4069,,,,6,55.3427,0.00678268,,[NRSL_PHY_EVENT] event=PSSCH_DECODE_OK request_ids=493 txRnti=13 sender_l2_id=13 receiver_l2_id=4 harq_id=6 tb_size=4069 tbler=0.00678268 sinr=55.3427 sinrMin=14.9232 reason=,000076,13_2,member_to_leader,493,493,1
27257,8,HARQ,HARQ_ACK,493,13,4,,,,,6,,,,[NRSL_HARQ_EVENT] event=HARQ_ACK request_ids=493 txRnti=13 sender_l2_id=13 receiver_l2_id=4 rxRnti=4 harq_id=6 bwp_id=0,000076,13_2,member_to_leader,493,493,1
27259,8,PHY,PSSCH_DECODE_FAIL,496,3,21,4069,,,,10,19.4418,1,decode_fail,[NRSL_PHY_EVENT] event=PSSCH_DECODE_FAIL request_ids=496 txRnti=3 sender_l2_id=3 receiver_l2_id=21 harq_id=10 tb_size=4069 tbler=1 sinr=19.4418 sinrMin=9.38824 reason=decode_fail,000076,11_7,member_to_leader,496,496,1
27260,8,HARQ,HARQ_NACK,496,3,21,,,,,10,,,,[NRSL_HARQ_EVENT] event=HARQ_NACK request_ids=496 txRnti=3 sender_l2_id=3 receiver_l2_id=21 rxRnti=21 harq_id=10 bwp_id=0,000076,11_7,member_to_leader,496,496,1
27387,8,PHY,PSSCH_DECODE_FAIL,541,4,13,4069,,,,11,88.386,1,decode_fail,[NRSL_PHY_EVENT] event=PSSCH_DECODE_FAIL request_ids=541 txRnti=4 sender_l2_id=4 receiver_l2_id=13 harq_id=11 tb_size=4069 tbler=1 sinr=88.386 sinrMin=1.27522 reason=decode_fail,000076,13_1,member_to_leader,541,541,1
27388,8,HARQ,HARQ_NACK,541,4,13,,,,,11,,,,[NRSL_HARQ_EVENT] event=HARQ_NACK request_ids=541 txRnti=4 sender_l2_id=4 receiver_l2_id=13 rxRnti=13 harq_id=11 bwp_id=0,000076,13_1,member_to_leader,541,541,1
27528,8,PHY,PSSCH_DECODE_FAIL,508,2,1,4069,,,,15,4.18851,1,decode_fail,[NRSL_PHY_EVENT] event=PSSCH_DECODE_FAIL request_ids=508 txRnti=2 sender_l2_id=2 receiver_l2_id=1 harq_id=15 tb_size=4069 tbler=1 sinr=4.18851 sinrMin=1.76401 reason=decode_fail,000076,15_3,leader_to_rsu,508,508,1
27529,8,HARQ,HARQ_NACK,508,2,1,,,,,15,,,,[NRSL_HARQ_EVENT] event=HARQ_NACK request_ids=508 txRnti=2 sender_l2_id=2 receiver_l2_id=1 rxRnti=1 harq_id=15 bwp_id=0,000076,15_3,leader_to_rsu,508,508,1
27531,8,PHY,PSSCH_DECODE_FAIL,514,21,3,4069,,,,9,7.76358,1,decode_fail,[NRSL_PHY_EVENT] event=PSSCH_DECODE_FAIL request_ids=514 txRnti=21 sender_l2_id=21 receiver_l2_id=3 harq_id=9 tb_size=4069 tbler=1 sinr=7.76358 sinrMin=2.13191 reason=decode_fail,000076,11_5,member_to_leader,514,514,1
27532,8,HARQ,HARQ_NACK,514,21,3,,,,,9,,,,[NRSL_HARQ_EVENT] event=HARQ_NACK request_ids=514 txRnti=21 sender_l2_id=21 receiver_l2_id=3 rxRnti=3 harq_id=9 bwp_id=0,000076,11_5,member_to_leader,514,514,1
27650,8,PHY,PSSCH_DECODE_FAIL,525,3,1,4069,,,,7,0.678111,1,sci2_decode_fail,[NRSL_PHY_EVENT] event=PSSCH_DECODE_FAIL request_ids=525 txRnti=3 sender_l2_id=3 receiver_l2_id=1 harq_id=7 tb_size=4069 tbler=1 sinr=0.678111 sinrMin=0.104594 reason=sci2_decode_fail,000076,11_4,leader_to_rsu,525,525,1
27652,8,PHY,PSSCH_DECODE_FAIL,534,21,1,2083,,,,12,1.81848,1,decode_fail,[NRSL_PHY_EVENT] event=PSSCH_DECODE_FAIL request_ids=534 txRnti=21 sender_l2_id=21 receiver_l2_id=1 harq_id=12 tb_size=2083 tbler=1 sinr=1.81848 sinrMin=0.56328 reason=decode_fail,000076,11_6,leader_to_rsu,534,534,1
27653,8,HARQ,HARQ_NACK,534,21,1,,,,,12,,,,[NRSL_HARQ_EVENT] event=HARQ_NACK request_ids=534 txRnti=21 sender_l2_id=21 receiver_l2_id=1 rxRnti=1 harq_id=12 bwp_id=0,000076,11_6,leader_to_rsu,534,534,1
27655,8,PHY,PSSCH_DECODE_FAIL,504,16,5,4069,,,,3,12.2633,1,decode_fail,[NRSL_PHY_EVENT] event=PSSCH_DECODE_FAIL request_ids=504 txRnti=16 sender_l2_id=16 receiver_l2_id=5 harq_id=3 tb_size=4069 tbler=1 sinr=12.2633 sinrMin=2.53535 reason=decode_fail,000076,17_5,member_to_leader,504,504,1
27656,8,HARQ,HARQ_NACK,504,16,5,,,,,3,,,,[NRSL_HARQ_EVENT] event=HARQ_NACK request_ids=504 txRnti=16 sender_l2_id=16 receiver_l2_id=5 rxRnti=5 harq_id=3 bwp_id=0,000076,17_5,member_to_leader,504,504,1
27719,8,PHY,PSSCH_DECODE_OK,491,14,17,4069,,,,3,35729,0.842035,,[NRSL_PHY_EVENT] event=PSSCH_DECODE_OK request_ids=491 txRnti=14 sender_l2_id=14 receiver_l2_id=17 harq_id=3 tb_size=4069 tbler=0.842035 sinr=35729 sinrMin=9.40312 reason=,000076,12_9,member_to_leader,491,491,1
27720,8,HARQ,HARQ_ACK,491,14,17,,,,,3,,,,[NRSL_HARQ_EVENT] event=HARQ_ACK request_ids=491 txRnti=14 sender_l2_id=14 receiver_l2_id=17 rxRnti=17 harq_id=3 bwp_id=0,000076,12_9,member_to_leader,491,491,1
27722,8,PHY,PSSCH_DECODE_FAIL,502,2,20,1945,,,,0,5.39906,1,decode_fail,[NRSL_PHY_EVENT] event=PSSCH_DECODE_FAIL request_ids=502 txRnti=2 sender_l2_id=2 receiver_l2_id=20 harq_id=0 tb_size=1945 tbler=1 sinr=5.39906 sinrMin=3.68114 reason=decode_fail,000076,14_3,member_to_leader,502,502,1
27723,8,HARQ,HARQ_NACK,502,2,20,,,,,0,,,,[NRSL_HARQ_EVENT] event=HARQ_NACK request_ids=502 txRnti=2 sender_l2_id=2 receiver_l2_id=20 rxRnti=20 harq_id=0 bwp_id=0,000076,14_3,member_to_leader,502,502,1
27829,8,PHY,PSSCH_DECODE_FAIL,519,5,1,4069,,,,6,1.9597,1,decode_fail,[NRSL_PHY_EVENT] event=PSSCH_DECODE_FAIL request_ids=519 txRnti=5 sender_l2_id=5 receiver_l2_id=1 harq_id=6 tb_size=4069 tbler=1 sinr=1.9597 sinrMin=0.00909407 reason=decode_fail,000076,17_7,leader_to_rsu,519,519,1
27830,8,HARQ,HARQ_NACK,519,5,1,,,,,6,,,,[NRSL_HARQ_EVENT] event=HARQ_NACK request_ids=519 txRnti=5 sender_l2_id=5 receiver_l2_id=1 rxRnti=1 harq_id=6 bwp_id=0,000076,17_7,leader_to_rsu,519,519,1
27832,8,PHY,PSSCH_DECODE_FAIL,521,2,1,2083,,,,3,18.2583,1,decode_fail,[NRSL_PHY_EVENT] event=PSSCH_DECODE_FAIL request_ids=521 txRnti=2 sender_l2_id=2 receiver_l2_id=1 harq_id=3 tb_size=2083 tbler=1 sinr=18.2583 sinrMin=8.29722 reason=decode_fail,000076,15_2,leader_to_rsu,521,521,1
27833,8,HARQ,HARQ_NACK,521,2,1,,,,,3,,,,[NRSL_HARQ_EVENT] event=HARQ_NACK request_ids=521 txRnti=2 sender_l2_id=2 receiver_l2_id=1 rxRnti=1 harq_id=3 bwp_id=0,000076,15_2,leader_to_rsu,521,521,1
27835,8,PHY,PSSCH_DECODE_FAIL,511,14,9,1945,,,,1,9.05136,1,decode_fail,[NRSL_PHY_EVENT] event=PSSCH_DECODE_FAIL request_ids=511 txRnti=14 sender_l2_id=14 receiver_l2_id=9 harq_id=1 tb_size=1945 tbler=1 sinr=9.05136 sinrMin=8.2842 reason=decode_fail,000076,12_11,member_to_leader,511,511,1
27836,8,HARQ,HARQ_NACK,511,14,9,,,,,1,,,,[NRSL_HARQ_EVENT] event=HARQ_NACK request_ids=511 txRnti=14 sender_l2_id=14 receiver_l2_id=9 rxRnti=9 harq_id=1 bwp_id=0,000076,12_11,member_to_leader,511,511,1
27932,8,PHY,PSSCH_DECODE_FAIL,547,7,1,2083,,,,12,0.0316992,1,sci2_decode_fail,[NRSL_PHY_EVENT] event=PSSCH_DECODE_FAIL request_ids=547 txRnti=7 sender_l2_id=7 receiver_l2_id=1 harq_id=12 tb_size=2083 tbler=1 sinr=0.0316992 sinrMin=0.0200219 reason=sci2_decode_fail,000076,6_13,leader_to_rsu,547,547,1
27976,8,PHY,PSSCH_DECODE_OK,539,19,9,3890,,,,6,7234.64,0,,[NRSL_PHY_EVENT] event=PSSCH_DECODE_OK request_ids=539 txRnti=19 sender_l2_id=19 receiver_l2_id=9 harq_id=6 tb_size=3890 tbler=0 sinr=7234.64 sinrMin=442.367 reason=,000076,14_13,member_to_leader,539,539,1
27977,8,HARQ,HARQ_ACK,539,19,9,,,,,6,,,,[NRSL_HARQ_EVENT] event=HARQ_ACK request_ids=539 txRnti=19 sender_l2_id=19 receiver_l2_id=9 rxRnti=9 harq_id=6 bwp_id=0,000076,14_13,member_to_leader,539,539,1
28066,8,PHY,PSSCH_DECODE_FAIL,538,5,1,4069,,,,5,2168.28,1,decode_fail,[NRSL_PHY_EVENT] event=PSSCH_DECODE_FAIL request_ids=538 txRnti=5 sender_l2_id=5 receiver_l2_id=1 harq_id=5 tb_size=4069 tbler=1 sinr=2168.28 sinrMin=0.309667 reason=decode_fail,000076,16_5,leader_to_rsu,538,538,1
28067,8,HARQ,HARQ_NACK,538,5,1,,,,,5,,,,[NRSL_HARQ_EVENT] event=HARQ_NACK request_ids=538 txRnti=5 sender_l2_id=5 receiver_l2_id=1 rxRnti=1 harq_id=5 bwp_id=0,000076,16_5,leader_to_rsu,538,538,1
28069,8,PHY,PSSCH_DECODE_FAIL,528,19,1,2083,,,,3,0.0580616,1,sci2_decode_fail,[NRSL_PHY_EVENT] event=PSSCH_DECODE_FAIL request_ids=528 txRnti=19 sender_l2_id=19 receiver_l2_id=1 harq_id=3 tb_size=2083 tbler=1 sinr=0.0580616 sinrMin=0.0339611 reason=sci2_decode_fail,000076,15_8,leader_to_rsu,528,528,1
28071,8,PHY,PSSCH_DECODE_FAIL,544,16,1,2083,,,,4,0.584713,1,sci2_decode_fail,[NRSL_PHY_EVENT] event=PSSCH_DECODE_FAIL request_ids=544 txRnti=16 sender_l2_id=16 receiver_l2_id=1 harq_id=4 tb_size=2083 tbler=1 sinr=0.584713 sinrMin=0.304081 reason=sci2_decode_fail,000076,15_5,leader_to_rsu,544,544,1
28074,8,PHY,PSSCH_DECODE_FAIL,493,13,4,1945,,,,8,3.64056,1,decode_fail,[NRSL_PHY_EVENT] event=PSSCH_DECODE_FAIL request_ids=493 txRnti=13 sender_l2_id=13 receiver_l2_id=4 harq_id=8 tb_size=1945 tbler=1 sinr=3.64056 sinrMin=0.853897 reason=decode_fail,000076,13_2,member_to_leader,493,493,1
28075,8,HARQ,HARQ_NACK,493,13,4,,,,,8,,,,[NRSL_HARQ_EVENT] event=HARQ_NACK request_ids=493 txRnti=13 sender_l2_id=13 receiver_l2_id=4 rxRnti=4 harq_id=8 bwp_id=0,000076,13_2,member_to_leader,493,493,1
28157,8,PHY,PSSCH_DECODE_FAIL,529,5,16,4069,,,,7,12.8295,1,decode_fail,[NRSL_PHY_EVENT] event=PSSCH_DECODE_FAIL request_ids=529 txRnti=5 sender_l2_id=5 receiver_l2_id=16 harq_id=7 tb_size=4069 tbler=1 sinr=12.8295 sinrMin=6.51705 reason=decode_fail,000076,16_4,member_to_leader,529,529,1
28158,8,HARQ,HARQ_NACK,529,5,16,,,,,7,,,,[NRSL_HARQ_EVENT] event=HARQ_NACK request_ids=529 txRnti=5 sender_l2_id=5 receiver_l2_id=16 rxRnti=16 harq_id=7 bwp_id=0,000076,16_4,member_to_leader,529,529,1
28160,8,PHY,PSSCH_DECODE_OK,496,3,21,4069,,,,11,206.494,0,,[NRSL_PHY_EVENT] event=PSSCH_DECODE_OK request_ids=496 txRnti=3 sender_l2_id=3 receiver_l2_id=21 harq_id=11 tb_size=4069 tbler=0 sinr=206.494 sinrMin=24.2824 reason=,000076,11_7,member_to_leader,496,496,1
28161,8,HARQ,HARQ_ACK,496,3,21,,,,,11,,,,[NRSL_HARQ_EVENT] event=HARQ_ACK request_ids=496 txRnti=3 sender_l2_id=3 receiver_l2_id=21 rxRnti=21 harq_id=11 bwp_id=0,000076,11_7,member_to_leader,496,496,1
28185,8,PHY,PSSCH_DECODE_OK,524,4,1,2083,,,,14,8511.27,0,,[NRSL_PHY_EVENT] event=PSSCH_DECODE_OK request_ids=524 txRnti=4 sender_l2_id=4 receiver_l2_id=1 harq_id=14 tb_size=2083 tbler=0 sinr=8511.27 sinrMin=6113.2 reason=,000076,12_3,leader_to_rsu,524,524,1
28186,8,HARQ,HARQ_ACK,524,4,1,,,,,14,,,,[NRSL_HARQ_EVENT] event=HARQ_ACK request_ids=524 txRnti=4 sender_l2_id=4 receiver_l2_id=1 rxRnti=1 harq_id=14 bwp_id=0,000076,12_3,leader_to_rsu,524,524,1
28314,8,PHY,PSSCH_DECODE_FAIL,520,20,2,4069,,,,3,0.79017,0.263598,sci2_decode_fail,[NRSL_PHY_EVENT] event=PSSCH_DECODE_FAIL request_ids=520 txRnti=20 sender_l2_id=20 receiver_l2_id=2 harq_id=3 tb_size=4069 tbler=0.263598 sinr=0.79017 sinrMin=0.411805 reason=sci2_decode_fail,000076,15_2,member_to_leader,520,520,1
28316,8,PHY,PSSCH_DECODE_FAIL,491,14,17,1945,,,,4,10.7883,1,decode_fail,[NRSL_PHY_EVENT] event=PSSCH_DECODE_FAIL request_ids=491 txRnti=14 sender_l2_id=14 receiver_l2_id=17 harq_id=4 tb_size=1945 tbler=1 sinr=10.7883 sinrMin=9.44606 reason=decode_fail,000076,12_9,member_to_leader,491,491,1
28317,8,HARQ,HARQ_NACK,491,14,17,,,,,4,,,,[NRSL_HARQ_EVENT] event=HARQ_NACK request_ids=491 txRnti=14 sender_l2_id=14 receiver_l2_id=17 rxRnti=17 harq_id=4 bwp_id=0,000076,12_9,member_to_leader,491,491,1
28319,8,PHY,PSSCH_DECODE_FAIL,533,3,21,4069,,,,15,13.0257,1,decode_fail,[NRSL_PHY_EVENT] event=PSSCH_DECODE_FAIL request_ids=533 txRnti=3 sender_l2_id=3 receiver_l2_id=21 harq_id=15 tb_size=4069 tbler=1 sinr=13.0257 sinrMin=1.20136 reason=decode_fail,000076,11_6,member_to_leader,533,533,1
28320,8,HARQ,HARQ_NACK,533,3,21,,,,,15,,,,[NRSL_HARQ_EVENT] event=HARQ_NACK request_ids=533 txRnti=3 sender_l2_id=3 receiver_l2_id=21 rxRnti=21 harq_id=15 bwp_id=0,000076,11_6,member_to_leader,533,533,1
28362,8,PHY,PSSCH_DECODE_OK,537,16,5,4069,,,,7,19496.4,0,,[NRSL_PHY_EVENT] event=PSSCH_DECODE_OK request_ids=537 txRnti=16 sender_l2_id=16 receiver_l2_id=5 harq_id=7 tb_size=4069 tbler=0 sinr=19496.4 sinrMin=4907.26 reason=,000076,16_5,member_to_leader,537,537,1
28363,8,HARQ,HARQ_ACK,537,16,5,,,,,7,,,,[NRSL_HARQ_EVENT] event=HARQ_ACK request_ids=537 txRnti=16 sender_l2_id=16 receiver_l2_id=5 rxRnti=5 harq_id=7 bwp_id=0,000076,16_5,member_to_leader,537,537,1
28388,8,PHY,PSSCH_DECODE_OK,550,5,1,2083,,,,9,8772.21,0,,[NRSL_PHY_EVENT] event=PSSCH_DECODE_OK request_ids=550 txRnti=5 sender_l2_id=5 receiver_l2_id=1 harq_id=9 tb_size=2083 tbler=0 sinr=8772.21 sinrMin=1511.16 reason=,000076,16_6,leader_to_rsu,550,550,1
28389,8,HARQ,HARQ_ACK,550,5,1,,,,,9,,,,[NRSL_HARQ_EVENT] event=HARQ_ACK request_ids=550 txRnti=5 sender_l2_id=5 receiver_l2_id=1 rxRnti=1 harq_id=9 bwp_id=0,000076,16_6,leader_to_rsu,550,550,1
28451,8,PHY,PSSCH_DECODE_FAIL,543,3,1,2083,,,,12,2.77092,1,decode_fail,[NRSL_PHY_EVENT] event=PSSCH_DECODE_FAIL request_ids=543 txRnti=3 sender_l2_id=3 receiver_l2_id=1 harq_id=12 tb_size=2083 tbler=1 sinr=2.77092 sinrMin=1.88022 reason=decode_fail,000076,12_6,leader_to_rsu,543,543,1
28452,8,HARQ,HARQ_NACK,543,3,1,,,,,12,,,,[NRSL_HARQ_EVENT] event=HARQ_NACK request_ids=543 txRnti=3 sender_l2_id=3 receiver_l2_id=1 rxRnti=1 harq_id=12 bwp_id=0,000076,12_6,leader_to_rsu,543,543,1
28454,8,PHY,PSSCH_DECODE_FAIL,520,20,2,3890,,,,4,3343.91,1,decode_fail,[NRSL_PHY_EVENT] event=PSSCH_DECODE_FAIL request_ids=520 txRnti=20 sender_l2_id=20 receiver_l2_id=2 harq_id=4 tb_size=3890 tbler=1 sinr=3343.91 sinrMin=0.3712 reason=decode_fail,000076,15_2,member_to_leader,520,520,1
28455,8,HARQ,HARQ_NACK,520,20,2,,,,,4,,,,[NRSL_HARQ_EVENT] event=HARQ_NACK request_ids=520 txRnti=20 sender_l2_id=20 receiver_l2_id=2 rxRnti=2 harq_id=4 bwp_id=0,000076,15_2,member_to_leader,520,520,1
28534,8,PHY,PSSCH_DECODE_OK,529,5,16,3890,,,,8,29.7606,0,,[NRSL_PHY_EVENT] event=PSSCH_DECODE_OK request_ids=529 txRnti=5 sender_l2_id=5 receiver_l2_id=16 harq_id=8 tb_size=3890 tbler=0 sinr=29.7606 sinrMin=24.7028 reason=,000076,16_4,member_to_leader,529,529,1
28535,8,HARQ,HARQ_ACK,529,5,16,,,,,8,,,,[NRSL_HARQ_EVENT] event=HARQ_ACK request_ids=529 txRnti=5 sender_l2_id=5 receiver_l2_id=16 rxRnti=16 harq_id=8 bwp_id=0,000076,16_4,member_to_leader,529,529,1
28537,8,PHY,PSSCH_DECODE_OK,533,3,21,3890,,,,14,166.34,0,,[NRSL_PHY_EVENT] event=PSSCH_DECODE_OK request_ids=533 txRnti=3 sender_l2_id=3 receiver_l2_id=21 harq_id=14 tb_size=3890 tbler=0 sinr=166.34 sinrMin=103.664 reason=,000076,11_6,member_to_leader,533,533,1
28538,8,HARQ,HARQ_ACK,533,3,21,,,,,14,,,,[NRSL_HARQ_EVENT] event=HARQ_ACK request_ids=533 txRnti=3 sender_l2_id=3 receiver_l2_id=21 rxRnti=21 harq_id=14 bwp_id=0,000076,11_6,member_to_leader,533,533,1
28582,8,PHY,PSSCH_DECODE_OK,537,16,5,4069,,,,8,21035,0,,[NRSL_PHY_EVENT] event=PSSCH_DECODE_OK request_ids=537 txRnti=16 sender_l2_id=16 receiver_l2_id=5 harq_id=8 tb_size=4069 tbler=0 sinr=21035 sinrMin=9700.44 reason=,000076,16_5,member_to_leader,537,537,1
28583,8,HARQ,HARQ_ACK,537,16,5,,,,,8,,,,[NRSL_HARQ_EVENT] event=HARQ_ACK request_ids=537 txRnti=16 sender_l2_id=16 receiver_l2_id=5 rxRnti=5 harq_id=8 bwp_id=0,000076,16_5,member_to_leader,537,537,1
28609,8,PHY,PSSCH_DECODE_OK,522,21,12,6,,,,0,593336,0,,[NRSL_PHY_EVENT] event=PSSCH_DECODE_OK request_ids=522 txRnti=21 sender_l2_id=21 receiver_l2_id=12 harq_id=0 tb_size=6 tbler=0 sinr=593336 sinrMin=584584 reason=,000076,11_8,member_to_leader,522,522,1
28610,8,HARQ,HARQ_ACK,522,21,12,,,,,0,,,,[NRSL_HARQ_EVENT] event=HARQ_ACK request_ids=522 txRnti=21 sender_l2_id=21 receiver_l2_id=12 rxRnti=12 harq_id=0 bwp_id=0,000076,11_8,member_to_leader,522,522,1
28653,8,PHY,PSSCH_DECODE_OK,541,4,13,6,,,,15,457208,0,,[NRSL_PHY_EVENT] event=PSSCH_DECODE_OK request_ids=541 txRnti=4 sender_l2_id=4 receiver_l2_id=13 harq_id=15 tb_size=6 tbler=0 sinr=457208 sinrMin=447932 reason=,000076,13_1,member_to_leader,541,541,1
28654,8,HARQ,HARQ_ACK,541,4,13,,,,,15,,,,[NRSL_HARQ_EVENT] event=HARQ_ACK request_ids=541 txRnti=4 sender_l2_id=4 receiver_l2_id=13 rxRnti=13 harq_id=15 bwp_id=0,000076,13_1,member_to_leader,541,541,1
28656,8,PHY,PSSCH_DECODE_OK,502,2,20,6,,,,2,61273,0,,[NRSL_PHY_EVENT] event=PSSCH_DECODE_OK request_ids=502 txRnti=2 sender_l2_id=2 receiver_l2_id=20 harq_id=2 tb_size=6 tbler=0 sinr=61273 sinrMin=49059.8 reason=,000076,14_3,member_to_leader,502,502,1
28657,8,HARQ,HARQ_ACK,502,2,20,,,,,2,,,,[NRSL_HARQ_EVENT] event=HARQ_ACK request_ids=502 txRnti=2 sender_l2_id=2 receiver_l2_id=20 rxRnti=20 harq_id=2 bwp_id=0,000076,14_3,member_to_leader,502,502,1
28683,8,PHY,PSSCH_DECODE_OK,527,16,19,6,,,,6,90822.5,0,,[NRSL_PHY_EVENT] event=PSSCH_DECODE_OK request_ids=527 txRnti=16 sender_l2_id=16 receiver_l2_id=19 harq_id=6 tb_size=6 tbler=0 sinr=90822.5 sinrMin=90365.5 reason=,000076,15_8,member_to_leader,527,527,1
28684,8,HARQ,HARQ_ACK,527,16,19,,,,,6,,,,[NRSL_HARQ_EVENT] event=HARQ_ACK request_ids=527 txRnti=16 sender_l2_id=16 receiver_l2_id=19 rxRnti=19 harq_id=6 bwp_id=0,000076,15_8,member_to_leader,527,527,1
28746,8,PHY,PSSCH_DECODE_FAIL,493,13,4,6,,,,10,18.5918,1,decode_fail,[NRSL_PHY_EVENT] event=PSSCH_DECODE_FAIL request_ids=493 txRnti=13 sender_l2_id=13 receiver_l2_id=4 harq_id=10 tb_size=6 tbler=1 sinr=18.5918 sinrMin=17.8125 reason=decode_fail,000076,13_2,member_to_leader,493,493,1
28747,8,HARQ,HARQ_NACK,493,13,4,,,,,10,,,,[NRSL_HARQ_EVENT] event=HARQ_NACK request_ids=493 txRnti=13 sender_l2_id=13 receiver_l2_id=4 rxRnti=4 harq_id=10 bwp_id=0,000076,13_2,member_to_leader,493,493,1
28749,8,PHY,PSSCH_DECODE_OK,549,16,5,4069,,,,9,24639.5,0,,[NRSL_PHY_EVENT] event=PSSCH_DECODE_OK request_ids=549 txRnti=16 sender_l2_id=16 receiver_l2_id=5 harq_id=9 tb_size=4069 tbler=0 sinr=24639.5 sinrMin=5.61998 reason=,000076,16_6,member_to_leader,549,549,1
28750,8,HARQ,HARQ_ACK,549,16,5,,,,,9,,,,[NRSL_HARQ_EVENT] event=HARQ_ACK request_ids=549 txRnti=16 sender_l2_id=16 receiver_l2_id=5 rxRnti=5 harq_id=9 bwp_id=0,000076,16_6,member_to_leader,549,549,1
28774,8,PHY,PSSCH_DECODE_OK,535,19,14,6,,,,8,91044.8,0,,[NRSL_PHY_EVENT] event=PSSCH_DECODE_OK request_ids=535 txRnti=19 sender_l2_id=19 receiver_l2_id=14 harq_id=8 tb_size=6 tbler=0 sinr=91044.8 sinrMin=88686.4 reason=,000076,13_9,member_to_leader,535,535,1
28775,8,HARQ,HARQ_ACK,535,19,14,,,,,8,,,,[NRSL_HARQ_EVENT] event=HARQ_ACK request_ids=535 txRnti=19 sender_l2_id=19 receiver_l2_id=14 rxRnti=14 harq_id=8 bwp_id=0,000076,13_9,member_to_leader,535,535,1
28799,8,PHY,PSSCH_DECODE_OK,511,14,9,6,,,,2,716761,0,,[NRSL_PHY_EVENT] event=PSSCH_DECODE_OK request_ids=511 txRnti=14 sender_l2_id=14 receiver_l2_id=9 harq_id=2 tb_size=6 tbler=0 sinr=716761 sinrMin=716007 reason=,000076,12_11,member_to_leader,511,511,1
28800,8,HARQ,HARQ_ACK,511,14,9,,,,,2,,,,[NRSL_HARQ_EVENT] event=HARQ_ACK request_ids=511 txRnti=14 sender_l2_id=14 receiver_l2_id=9 rxRnti=9 harq_id=2 bwp_id=0,000076,12_11,member_to_leader,511,511,1
28824,8,PHY,PSSCH_DECODE_OK,514,21,3,6,,,,14,966514,0,,[NRSL_PHY_EVENT] event=PSSCH_DECODE_OK request_ids=514 txRnti=21 sender_l2_id=21 receiver_l2_id=3 harq_id=14 tb_size=6 tbler=0 sinr=966514 sinrMin=850695 reason=,000076,11_5,member_to_leader,514,514,1
28825,8,HARQ,HARQ_ACK,514,21,3,,,,,14,,,,[NRSL_HARQ_EVENT] event=HARQ_ACK request_ids=514 txRnti=21 sender_l2_id=21 receiver_l2_id=3 rxRnti=3 harq_id=14 bwp_id=0,000076,11_5,member_to_leader,514,514,1
28849,8,PHY,PSSCH_DECODE_OK,491,14,17,6,,,,5,411375,0,,[NRSL_PHY_EVENT] event=PSSCH_DECODE_OK request_ids=491 txRnti=14 sender_l2_id=14 receiver_l2_id=17 harq_id=5 tb_size=6 tbler=0 sinr=411375 sinrMin=390558 reason=,000076,12_9,member_to_leader,491,491,1
28850,8,HARQ,HARQ_ACK,491,14,17,,,,,5,,,,[NRSL_HARQ_EVENT] event=HARQ_ACK request_ids=491 txRnti=14 sender_l2_id=14 receiver_l2_id=17 rxRnti=17 harq_id=5 bwp_id=0,000076,12_9,member_to_leader,491,491,1
28873,8,PHY,PSSCH_DECODE_OK,539,19,9,10,,,,7,162268,0,,[NRSL_PHY_EVENT] event=PSSCH_DECODE_OK request_ids=539 txRnti=19 sender_l2_id=19 receiver_l2_id=9 harq_id=7 tb_size=10 tbler=0 sinr=162268 sinrMin=136876 reason=,000076,14_13,member_to_leader,539,539,1
28874,8,HARQ,HARQ_ACK,539,19,9,,,,,7,,,,[NRSL_HARQ_EVENT] event=HARQ_ACK request_ids=539 txRnti=19 sender_l2_id=19 receiver_l2_id=9 rxRnti=9 harq_id=7 bwp_id=0,000076,14_13,member_to_leader,539,539,1
28917,8,PHY,PSSCH_DECODE_OK,549,16,5,4069,,,,11,29287.7,0,,[NRSL_PHY_EVENT] event=PSSCH_DECODE_OK request_ids=549 txRnti=16 sender_l2_id=16 receiver_l2_id=5 harq_id=11 tb_size=4069 tbler=0 sinr=29287.7 sinrMin=20434 reason=,000076,16_6,member_to_leader,549,549,1
28918,8,HARQ,HARQ_ACK,549,16,5,,,,,11,,,,[NRSL_HARQ_EVENT] event=HARQ_ACK request_ids=549 txRnti=16 sender_l2_id=16 receiver_l2_id=5 rxRnti=5 harq_id=11 bwp_id=0,000076,16_6,member_to_leader,549,549,1
28944,8,PHY,PSSCH_DECODE_OK,549,16,5,1937,,,,10,16810,0,,[NRSL_PHY_EVENT] event=PSSCH_DECODE_OK request_ids=549 txRnti=16 sender_l2_id=16 receiver_l2_id=5 harq_id=10 tb_size=1937 tbler=0 sinr=16810 sinrMin=16051.9 reason=,000076,16_6,member_to_leader,549,549,1
28945,8,HARQ,HARQ_ACK,549,16,5,,,,,10,,,,[NRSL_HARQ_EVENT] event=HARQ_ACK request_ids=549 txRnti=16 sender_l2_id=16 receiver_l2_id=5 rxRnti=5 harq_id=10 bwp_id=0,000076,16_6,member_to_leader,549,549,1
28969,8,PHY,PSSCH_DECODE_OK,533,3,21,10,,,,1,1084480.0,0,,[NRSL_PHY_EVENT] event=PSSCH_DECODE_OK request_ids=533 txRnti=3 sender_l2_id=3 receiver_l2_id=21 harq_id=1 tb_size=10 tbler=0 sinr=1.08448e+06 sinrMin=1.01875e+06 reason=,000076,11_6,member_to_leader,533,533,1
28970,8,HARQ,HARQ_ACK,533,3,21,,,,,1,,,,[NRSL_HARQ_EVENT] event=HARQ_ACK request_ids=533 txRnti=3 sender_l2_id=3 receiver_l2_id=21 rxRnti=21 harq_id=1 bwp_id=0,000076,11_6,member_to_leader,533,533,1
28993,8,PHY,PSSCH_DECODE_OK,520,20,2,10,,,,6,108184,0,,[NRSL_PHY_EVENT] event=PSSCH_DECODE_OK request_ids=520 txRnti=20 sender_l2_id=20 receiver_l2_id=2 harq_id=6 tb_size=10 tbler=0 sinr=108184 sinrMin=98340.2 reason=,000076,15_2,member_to_leader,520,520,1
28994,8,HARQ,HARQ_ACK,520,20,2,,,,,6,,,,[NRSL_HARQ_EVENT] event=HARQ_ACK request_ids=520 txRnti=20 sender_l2_id=20 receiver_l2_id=2 rxRnti=2 harq_id=6 bwp_id=0,000076,15_2,member_to_leader,520,520,1
29017,8,PHY,PSSCH_DECODE_OK,529,5,16,10,,,,10,145496,0,,[NRSL_PHY_EVENT] event=PSSCH_DECODE_OK request_ids=529 txRnti=5 sender_l2_id=5 receiver_l2_id=16 harq_id=10 tb_size=10 tbler=0 sinr=145496 sinrMin=127405 reason=,000076,16_4,member_to_leader,529,529,1
29018,8,HARQ,HARQ_ACK,529,5,16,,,,,10,,,,[NRSL_HARQ_EVENT] event=HARQ_ACK request_ids=529 txRnti=5 sender_l2_id=5 receiver_l2_id=16 rxRnti=16 harq_id=10 bwp_id=0,000076,16_4,member_to_leader,529,529,1
29042,8,PHY,PSSCH_DECODE_OK,549,16,5,14,,,,12,133650,0,,[NRSL_PHY_EVENT] event=PSSCH_DECODE_OK request_ids=549 txRnti=16 sender_l2_id=16 receiver_l2_id=5 harq_id=12 tb_size=14 tbler=0 sinr=133650 sinrMin=126242 reason=,000076,16_6,member_to_leader,549,549,1
29043,8,HARQ,HARQ_ACK,549,16,5,,,,,12,,,,[NRSL_HARQ_EVENT] event=HARQ_ACK request_ids=549 txRnti=16 sender_l2_id=16 receiver_l2_id=5 rxRnti=5 harq_id=12 bwp_id=0,000076,16_6,member_to_leader,549,549,1
29440,9,PHY,PSSCH_DECODE_FAIL,556,21,1,4069,,,,2,6.88935,1,decode_fail,[NRSL_PHY_EVENT] event=PSSCH_DECODE_FAIL request_ids=556 txRnti=21 sender_l2_id=21 receiver_l2_id=1 harq_id=2 tb_size=4069 tbler=1 sinr=6.88935 sinrMin=3.66504 reason=decode_fail,000078,11_7,leader_to_rsu,556,556,1
29441,9,HARQ,HARQ_NACK,556,21,1,,,,,2,,,,[NRSL_HARQ_EVENT] event=HARQ_NACK request_ids=556 txRnti=21 sender_l2_id=21 receiver_l2_id=1 rxRnti=1 harq_id=2 bwp_id=0,000078,11_7,leader_to_rsu,556,556,1
29720,9,PHY,PSSCH_DECODE_FAIL,563,2,1,4069,,,,6,5.65172,1,decode_fail,[NRSL_PHY_EVENT] event=PSSCH_DECODE_FAIL request_ids=563 txRnti=2 sender_l2_id=2 receiver_l2_id=1 harq_id=6 tb_size=4069 tbler=1 sinr=5.65172 sinrMin=5.02146 reason=decode_fail,000078,14_3,leader_to_rsu,563,563,1
29721,9,HARQ,HARQ_NACK,563,2,1,,,,,6,,,,[NRSL_HARQ_EVENT] event=HARQ_NACK request_ids=563 txRnti=2 sender_l2_id=2 receiver_l2_id=1 rxRnti=1 harq_id=6 bwp_id=0,000078,14_3,leader_to_rsu,563,563,1
29723,9,PHY,PSSCH_DECODE_FAIL,574,14,9,4069,,,,7,6.03658,1,decode_fail,[NRSL_PHY_EVENT] event=PSSCH_DECODE_FAIL request_ids=574 txRnti=14 sender_l2_id=14 receiver_l2_id=9 harq_id=7 tb_size=4069 tbler=1 sinr=6.03658 sinrMin=4.6919 reason=decode_fail,000078,12_11,member_to_leader,574,574,1
29724,9,HARQ,HARQ_NACK,574,14,9,,,,,7,,,,[NRSL_HARQ_EVENT] event=HARQ_NACK request_ids=574 txRnti=14 sender_l2_id=14 receiver_l2_id=9 rxRnti=9 harq_id=7 bwp_id=0,000078,12_11,member_to_leader,574,574,1
29726,9,PHY,PSSCH_DECODE_FAIL,555,3,21,4069,,,,4,2.76207,1,decode_fail,[NRSL_PHY_EVENT] event=PSSCH_DECODE_FAIL request_ids=555 txRnti=3 sender_l2_id=3 receiver_l2_id=21 harq_id=4 tb_size=4069 tbler=1 sinr=2.76207 sinrMin=0.87548 reason=decode_fail,000078,11_7,member_to_leader,555,555,1
29727,9,HARQ,HARQ_NACK,555,3,21,,,,,4,,,,[NRSL_HARQ_EVENT] event=HARQ_NACK request_ids=555 txRnti=3 sender_l2_id=3 receiver_l2_id=21 rxRnti=21 harq_id=4 bwp_id=0,000078,11_7,member_to_leader,555,555,1
29844,9,PHY,PSSCH_DECODE_FAIL,559,3,1,4069,,,,2,5.32746,1,decode_fail,[NRSL_PHY_EVENT] event=PSSCH_DECODE_FAIL request_ids=559 txRnti=3 sender_l2_id=3 receiver_l2_id=1 harq_id=2 tb_size=4069 tbler=1 sinr=5.32746 sinrMin=4.08107 reason=decode_fail,000078,12_4,leader_to_rsu,559,559,1
29845,9,HARQ,HARQ_NACK,559,3,1,,,,,2,,,,[NRSL_HARQ_EVENT] event=HARQ_NACK request_ids=559 txRnti=3 sender_l2_id=3 receiver_l2_id=1 rxRnti=1 harq_id=2 bwp_id=0,000078,12_4,leader_to_rsu,559,559,1
29847,9,PHY,PSSCH_DECODE_FAIL,564,16,5,4069,,,,15,1.47433,1,decode_fail,[NRSL_PHY_EVENT] event=PSSCH_DECODE_FAIL request_ids=564 txRnti=16 sender_l2_id=16 receiver_l2_id=5 harq_id=15 tb_size=4069 tbler=1 sinr=1.47433 sinrMin=0.839644 reason=decode_fail,000078,17_5,member_to_leader,564,564,1
29848,9,HARQ,HARQ_NACK,564,16,5,,,,,15,,,,[NRSL_HARQ_EVENT] event=HARQ_NACK request_ids=564 txRnti=16 sender_l2_id=16 receiver_l2_id=5 rxRnti=5 harq_id=15 bwp_id=0,000078,17_5,member_to_leader,564,564,1
29850,9,PHY,PSSCH_DECODE_FAIL,598,19,9,4069,,,,11,1.03529,1,decode_fail,[NRSL_PHY_EVENT] event=PSSCH_DECODE_FAIL request_ids=598 txRnti=19 sender_l2_id=19 receiver_l2_id=9 harq_id=11 tb_size=4069 tbler=1 sinr=1.03529 sinrMin=0.655694 reason=decode_fail,000078,14_11,member_to_leader,598,598,1
29851,9,HARQ,HARQ_NACK,598,19,9,,,,,11,,,,[NRSL_HARQ_EVENT] event=HARQ_NACK request_ids=598 txRnti=19 sender_l2_id=19 receiver_l2_id=9 rxRnti=9 harq_id=11 bwp_id=0,000078,14_11,member_to_leader,598,598,1
29933,9,PHY,PSSCH_DECODE_FAIL,604,4,13,4069,,,,1,2.52183,1,decode_fail,[NRSL_PHY_EVENT] event=PSSCH_DECODE_FAIL request_ids=604 txRnti=4 sender_l2_id=4 receiver_l2_id=13 harq_id=1 tb_size=4069 tbler=1 sinr=2.52183 sinrMin=1.78563 reason=decode_fail,000078,13_1,member_to_leader,604,604,1
29934,9,HARQ,HARQ_NACK,604,4,13,,,,,1,,,,[NRSL_HARQ_EVENT] event=HARQ_NACK request_ids=604 txRnti=4 sender_l2_id=4 receiver_l2_id=13 rxRnti=13 harq_id=1 bwp_id=0,000078,13_1,member_to_leader,604,604,1
29936,9,PHY,PSSCH_DECODE_FAIL,594,16,19,4069,,,,13,1.15708,1,decode_fail,[NRSL_PHY_EVENT] event=PSSCH_DECODE_FAIL request_ids=594 txRnti=16 sender_l2_id=16 receiver_l2_id=19 harq_id=13 tb_size=4069 tbler=1 sinr=1.15708 sinrMin=0.991649 reason=decode_fail,000078,15_8,member_to_leader,594,594,1
29937,9,HARQ,HARQ_NACK,594,16,19,,,,,13,,,,[NRSL_HARQ_EVENT] event=HARQ_NACK request_ids=594 txRnti=16 sender_l2_id=16 receiver_l2_id=19 rxRnti=19 harq_id=13 bwp_id=0,000078,15_8,member_to_leader,594,594,1
30118,9,PHY,PSSCH_DECODE_FAIL,573,2,1,4069,,,,7,4.66342,1,decode_fail,[NRSL_PHY_EVENT] event=PSSCH_DECODE_FAIL request_ids=573 txRnti=2 sender_l2_id=2 receiver_l2_id=1 harq_id=7 tb_size=4069 tbler=1 sinr=4.66342 sinrMin=1.35319 reason=decode_fail,000078,14_1,leader_to_rsu,573,573,1
30119,9,HARQ,HARQ_NACK,573,2,1,,,,,7,,,,[NRSL_HARQ_EVENT] event=HARQ_NACK request_ids=573 txRnti=2 sender_l2_id=2 receiver_l2_id=1 rxRnti=1 harq_id=7 bwp_id=0,000078,14_1,leader_to_rsu,573,573,1
30121,9,PHY,PSSCH_DECODE_FAIL,554,17,1,2083,,,,8,0.0321201,1,sci2_decode_fail,[NRSL_PHY_EVENT] event=PSSCH_DECODE_FAIL request_ids=554 txRnti=17 sender_l2_id=17 receiver_l2_id=1 harq_id=8 tb_size=2083 tbler=1 sinr=0.0321201 sinrMin=0.0258291 reason=sci2_decode_fail,000078,12_9,leader_to_rsu,554,554,1
30123,9,PHY,PSSCH_DECODE_FAIL,578,21,1,2083,,,,3,0.244551,1,sci2_decode_fail,[NRSL_PHY_EVENT] event=PSSCH_DECODE_FAIL request_ids=578 txRnti=21 sender_l2_id=21 receiver_l2_id=1 harq_id=3 tb_size=2083 tbler=1 sinr=0.244551 sinrMin=0.138471 reason=sci2_decode_fail,000078,11_6,leader_to_rsu,578,578,1
30269,9,PHY,PSSCH_DECODE_FAIL,566,2,20,4069,,,,4,0.450083,1,sci2_decode_fail,[NRSL_PHY_EVENT] event=PSSCH_DECODE_FAIL request_ids=566 txRnti=2 sender_l2_id=2 receiver_l2_id=20 harq_id=4 tb_size=4069 tbler=1 sinr=0.450083 sinrMin=0.0177686 reason=sci2_decode_fail,000078,15_3,member_to_leader,566,566,1
30484,9,PHY,PSSCH_DECODE_FAIL,555,3,21,4069,,,,3,1.0245,1,decode_fail,[NRSL_PHY_EVENT] event=PSSCH_DECODE_FAIL request_ids=555 txRnti=3 sender_l2_id=3 receiver_l2_id=21 harq_id=3 tb_size=4069 tbler=1 sinr=1.0245 sinrMin=0.410384 reason=decode_fail,000078,11_7,member_to_leader,555,555,1
30485,9,HARQ,HARQ_NACK,555,3,21,,,,,3,,,,[NRSL_HARQ_EVENT] event=HARQ_NACK request_ids=555 txRnti=3 sender_l2_id=3 receiver_l2_id=21 rxRnti=21 harq_id=3 bwp_id=0,000078,11_7,member_to_leader,555,555,1
30674,9,PHY,PSSCH_DECODE_FAIL,610,6,1,2083,,,,8,0.0334294,1,sci2_decode_fail,[NRSL_PHY_EVENT] event=PSSCH_DECODE_FAIL request_ids=610 txRnti=6 sender_l2_id=6 receiver_l2_id=1 harq_id=8 tb_size=2083 tbler=1 sinr=0.0334294 sinrMin=0.0275167 reason=sci2_decode_fail,000078,9_6,leader_to_rsu,610,610,1
30676,9,PHY,PSSCH_DECODE_FAIL,608,12,1,2083,,,,1,0.0314908,1,sci2_decode_fail,[NRSL_PHY_EVENT] event=PSSCH_DECODE_FAIL request_ids=608 txRnti=12 sender_l2_id=12 receiver_l2_id=1 harq_id=1 tb_size=2083 tbler=1 sinr=0.0314908 sinrMin=0.0301869 reason=sci2_decode_fail,000078,10_6,leader_to_rsu,608,608,1
30678,9,PHY,PSSCH_DECODE_FAIL,553,14,17,4069,,,,8,0.6541,0.936151,sci2_decode_fail,[NRSL_PHY_EVENT] event=PSSCH_DECODE_FAIL request_ids=553 txRnti=14 sender_l2_id=14 receiver_l2_id=17 harq_id=8 tb_size=4069 tbler=0.936151 sinr=0.6541 sinrMin=0.461257 reason=sci2_decode_fail,000078,12_9,member_to_leader,553,553,1
30774,9,PHY,PSSCH_DECODE_OK,589,21,12,1945,,,,11,224.458,0,,[NRSL_PHY_EVENT] event=PSSCH_DECODE_OK request_ids=589 txRnti=21 sender_l2_id=21 receiver_l2_id=12 harq_id=11 tb_size=1945 tbler=0 sinr=224.458 sinrMin=205.26 reason=,000078,11_8,member_to_leader,589,589,1
30775,9,HARQ,HARQ_ACK,589,21,12,,,,,11,,,,[NRSL_HARQ_EVENT] event=HARQ_ACK request_ids=589 txRnti=21 sender_l2_id=21 receiver_l2_id=12 rxRnti=12 harq_id=11 bwp_id=0,000078,11_8,member_to_leader,589,589,1
30914,9,PHY,PSSCH_DECODE_FAIL,611,7,1,2083,,,,14,0.0423332,1,sci2_decode_fail,[NRSL_PHY_EVENT] event=PSSCH_DECODE_FAIL request_ids=611 txRnti=7 sender_l2_id=7 receiver_l2_id=1 harq_id=14 tb_size=2083 tbler=1 sinr=0.0423332 sinrMin=0.0322667 reason=sci2_decode_fail,000078,6_13,leader_to_rsu,611,611,1
30917,9,PHY,PSSCH_DECODE_FAIL,551,13,4,1945,,,,13,5.56711,1,decode_fail,[NRSL_PHY_EVENT] event=PSSCH_DECODE_FAIL request_ids=551 txRnti=13 sender_l2_id=13 receiver_l2_id=4 harq_id=13 tb_size=1945 tbler=1 sinr=5.56711 sinrMin=3.5854 reason=decode_fail,000078,13_2,member_to_leader,551,551,1
30918,9,HARQ,HARQ_NACK,551,13,4,,,,,13,,,,[NRSL_HARQ_EVENT] event=HARQ_NACK request_ids=551 txRnti=13 sender_l2_id=13 receiver_l2_id=4 rxRnti=4 harq_id=13 bwp_id=0,000078,13_2,member_to_leader,551,551,1
30920,9,PHY,PSSCH_DECODE_FAIL,583,16,5,4069,,,,4,1.27599,1,decode_fail,[NRSL_PHY_EVENT] event=PSSCH_DECODE_FAIL request_ids=583 txRnti=16 sender_l2_id=16 receiver_l2_id=5 harq_id=4 tb_size=4069 tbler=1 sinr=1.27599 sinrMin=0.0754344 reason=decode_fail,000078,16_8,member_to_leader,583,583,1
30921,9,HARQ,HARQ_NACK,583,16,5,,,,,4,,,,[NRSL_HARQ_EVENT] event=HARQ_NACK request_ids=583 txRnti=16 sender_l2_id=16 receiver_l2_id=5 rxRnti=5 harq_id=4 bwp_id=0,000078,16_8,member_to_leader,583,583,1
31047,9,PHY,PSSCH_DECODE_FAIL,576,16,1,4069,,,,1,0.706161,0.936151,sci2_decode_fail,[NRSL_PHY_EVENT] event=PSSCH_DECODE_FAIL request_ids=576 txRnti=16 sender_l2_id=16 receiver_l2_id=1 harq_id=1 tb_size=4069 tbler=0.936151 sinr=0.706161 sinrMin=0.0987416 reason=sci2_decode_fail,000078,15_6,leader_to_rsu,576,576,1
31049,9,PHY,PSSCH_DECODE_FAIL,604,4,13,1945,,,,3,6.08555,1,decode_fail,[NRSL_PHY_EVENT] event=PSSCH_DECODE_FAIL request_ids=604 txRnti=4 sender_l2_id=4 receiver_l2_id=13 harq_id=3 tb_size=1945 tbler=1 sinr=6.08555 sinrMin=5.71682 reason=decode_fail,000078,13_1,member_to_leader,604,604,1
31050,9,HARQ,HARQ_NACK,604,4,13,,,,,3,,,,[NRSL_HARQ_EVENT] event=HARQ_NACK request_ids=604 txRnti=4 sender_l2_id=4 receiver_l2_id=13 rxRnti=13 harq_id=3 bwp_id=0,000078,13_1,member_to_leader,604,604,1
31213,9,PHY,PSSCH_DECODE_FAIL,567,20,1,2083,,,,13,0.0236272,1,sci2_decode_fail,[NRSL_PHY_EVENT] event=PSSCH_DECODE_FAIL request_ids=567 txRnti=20 sender_l2_id=20 receiver_l2_id=1 harq_id=13 tb_size=2083 tbler=1 sinr=0.0236272 sinrMin=0.00900208 reason=sci2_decode_fail,000078,15_3,leader_to_rsu,567,567,1
31215,9,PHY,PSSCH_DECODE_FAIL,568,21,3,4069,,,,7,5.09001,1,decode_fail,[NRSL_PHY_EVENT] event=PSSCH_DECODE_FAIL request_ids=568 txRnti=21 sender_l2_id=21 receiver_l2_id=3 harq_id=7 tb_size=4069 tbler=1 sinr=5.09001 sinrMin=0.940092 reason=decode_fail,000078,11_5,member_to_leader,568,568,1
31216,9,HARQ,HARQ_NACK,568,21,3,,,,,7,,,,[NRSL_HARQ_EVENT] event=HARQ_NACK request_ids=568 txRnti=21 sender_l2_id=21 receiver_l2_id=3 rxRnti=3 harq_id=7 bwp_id=0,000078,11_5,member_to_leader,568,568,1
31218,9,PHY,PSSCH_DECODE_FAIL,606,9,14,1945,,,,10,2.31671,1,decode_fail,[NRSL_PHY_EVENT] event=PSSCH_DECODE_FAIL request_ids=606 txRnti=9 sender_l2_id=9 receiver_l2_id=14 harq_id=10 tb_size=1945 tbler=1 sinr=2.31671 sinrMin=0.10929 reason=decode_fail,000078,12_10,member_to_leader,606,606,1
31219,9,HARQ,HARQ_NACK,606,9,14,,,,,10,,,,[NRSL_HARQ_EVENT] event=HARQ_NACK request_ids=606 txRnti=9 sender_l2_id=9 receiver_l2_id=14 rxRnti=14 harq_id=10 bwp_id=0,000078,12_10,member_to_leader,606,606,1
31351,9,PHY,PSSCH_DECODE_FAIL,603,9,1,2083,,,,8,0.09942,1,sci2_decode_fail,[NRSL_PHY_EVENT] event=PSSCH_DECODE_FAIL request_ids=603 txRnti=9 sender_l2_id=9 receiver_l2_id=1 harq_id=8 tb_size=2083 tbler=1 sinr=0.09942 sinrMin=0.0144497 reason=sci2_decode_fail,000078,14_13,leader_to_rsu,603,603,1
31353,9,PHY,PSSCH_DECODE_FAIL,588,2,1,2083,,,,8,11.3802,1,decode_fail,[NRSL_PHY_EVENT] event=PSSCH_DECODE_FAIL request_ids=588 txRnti=2 sender_l2_id=2 receiver_l2_id=1 harq_id=8 tb_size=2083 tbler=1 sinr=11.3802 sinrMin=5.45051 reason=decode_fail,000078,15_2,leader_to_rsu,588,588,1
31354,9,HARQ,HARQ_NACK,588,2,1,,,,,8,,,,[NRSL_HARQ_EVENT] event=HARQ_NACK request_ids=588 txRnti=2 sender_l2_id=2 receiver_l2_id=1 rxRnti=1 harq_id=8 bwp_id=0,000078,15_2,leader_to_rsu,588,588,1
31469,9,PHY,PSSCH_DECODE_FAIL,553,14,17,1945,,,,11,0.393436,1,sci2_decode_fail,[NRSL_PHY_EVENT] event=PSSCH_DECODE_FAIL request_ids=553 txRnti=14 sender_l2_id=14 receiver_l2_id=17 harq_id=11 tb_size=1945 tbler=1 sinr=0.393436 sinrMin=0.10459 reason=sci2_decode_fail,000078,12_9,member_to_leader,553,553,1
31550,9,PHY,PSSCH_DECODE_FAIL,581,5,1,4069,,,,11,2.79127,1,decode_fail,[NRSL_PHY_EVENT] event=PSSCH_DECODE_FAIL request_ids=581 txRnti=5 sender_l2_id=5 receiver_l2_id=1 harq_id=11 tb_size=4069 tbler=1 sinr=2.79127 sinrMin=2.09986 reason=decode_fail,000078,17_7,leader_to_rsu,581,581,1
31551,9,HARQ,HARQ_NACK,581,5,1,,,,,11,,,,[NRSL_HARQ_EVENT] event=HARQ_NACK request_ids=581 txRnti=5 sender_l2_id=5 receiver_l2_id=1 rxRnti=1 harq_id=11 bwp_id=0,000078,17_7,leader_to_rsu,581,581,1
31596,9,PHY,PSSCH_DECODE_OK,577,3,21,3890,,,,9,114408,0,,[NRSL_PHY_EVENT] event=PSSCH_DECODE_OK request_ids=577 txRnti=3 sender_l2_id=3 receiver_l2_id=21 harq_id=9 tb_size=3890 tbler=0 sinr=114408 sinrMin=98369.5 reason=,000078,11_6,member_to_leader,577,577,1
31597,9,HARQ,HARQ_ACK,577,3,21,,,,,9,,,,[NRSL_HARQ_EVENT] event=HARQ_ACK request_ids=577 txRnti=3 sender_l2_id=3 receiver_l2_id=21 rxRnti=21 harq_id=9 bwp_id=0,000078,11_6,member_to_leader,577,577,1
31692,9,PHY,PSSCH_DECODE_FAIL,584,5,1,4069,,,,15,9.24519,1,decode_fail,[NRSL_PHY_EVENT] event=PSSCH_DECODE_FAIL request_ids=584 txRnti=5 sender_l2_id=5 receiver_l2_id=1 harq_id=15 tb_size=4069 tbler=1 sinr=9.24519 sinrMin=3.59529 reason=decode_fail,000078,16_8,leader_to_rsu,584,584,1
31693,9,HARQ,HARQ_NACK,584,5,1,,,,,15,,,,[NRSL_HARQ_EVENT] event=HARQ_NACK request_ids=584 txRnti=5 sender_l2_id=5 receiver_l2_id=1 rxRnti=1 harq_id=15 bwp_id=0,000078,16_8,leader_to_rsu,584,584,1
31695,9,PHY,PSSCH_DECODE_FAIL,587,20,2,4069,,,,9,1.32772,1,decode_fail,[NRSL_PHY_EVENT] event=PSSCH_DECODE_FAIL request_ids=587 txRnti=20 sender_l2_id=20 receiver_l2_id=2 harq_id=9 tb_size=4069 tbler=1 sinr=1.32772 sinrMin=0.0471906 reason=decode_fail,000078,15_2,member_to_leader,587,587,1
31696,9,HARQ,HARQ_NACK,587,20,2,,,,,9,,,,[NRSL_HARQ_EVENT] event=HARQ_NACK request_ids=587 txRnti=20 sender_l2_id=20 receiver_l2_id=2 rxRnti=2 harq_id=9 bwp_id=0,000078,15_2,member_to_leader,587,587,1
31698,9,PHY,PSSCH_DECODE_FAIL,598,19,9,1945,,,,13,3.65894,1,decode_fail,[NRSL_PHY_EVENT] event=PSSCH_DECODE_FAIL request_ids=598 txRnti=19 sender_l2_id=19 receiver_l2_id=9 harq_id=13 tb_size=1945 tbler=1 sinr=3.65894 sinrMin=2.32322 reason=decode_fail,000078,14_11,member_to_leader,598,598,1
31699,9,HARQ,HARQ_NACK,598,19,9,,,,,13,,,,[NRSL_HARQ_EVENT] event=HARQ_NACK request_ids=598 txRnti=19 sender_l2_id=19 receiver_l2_id=9 rxRnti=9 harq_id=13 bwp_id=0,000078,14_11,member_to_leader,598,598,1
31756,9,PHY,PSSCH_DECODE_FAIL,591,4,1,2083,,,,6,1387.38,1,decode_fail,[NRSL_PHY_EVENT] event=PSSCH_DECODE_FAIL request_ids=591 txRnti=4 sender_l2_id=4 receiver_l2_id=1 harq_id=6 tb_size=2083 tbler=1 sinr=1387.38 sinrMin=0.0501376 reason=decode_fail,000078,12_3,leader_to_rsu,591,591,1
31757,9,HARQ,HARQ_NACK,591,4,1,,,,,6,,,,[NRSL_HARQ_EVENT] event=HARQ_NACK request_ids=591 txRnti=4 sender_l2_id=4 receiver_l2_id=1 rxRnti=1 harq_id=6 bwp_id=0,000078,12_3,leader_to_rsu,591,591,1
31759,9,PHY,PSSCH_DECODE_OK,568,21,3,1945,,,,10,60970.7,0.00339711,,[NRSL_PHY_EVENT] event=PSSCH_DECODE_OK request_ids=568 txRnti=21 sender_l2_id=21 receiver_l2_id=3 harq_id=10 tb_size=1945 tbler=0.00339711 sinr=60970.7 sinrMin=15.1255 reason=,000078,11_5,member_to_leader,568,568,1
31760,9,HARQ,HARQ_ACK,568,21,3,,,,,10,,,,[NRSL_HARQ_EVENT] event=HARQ_ACK request_ids=568 txRnti=21 sender_l2_id=21 receiver_l2_id=3 rxRnti=3 harq_id=10 bwp_id=0,000078,11_5,member_to_leader,568,568,1
31762,9,PHY,PSSCH_DECODE_FAIL,594,16,19,1945,,,,8,2.14979,1,decode_fail,[NRSL_PHY_EVENT] event=PSSCH_DECODE_FAIL request_ids=594 txRnti=16 sender_l2_id=16 receiver_l2_id=19 harq_id=8 tb_size=1945 tbler=1 sinr=2.14979 sinrMin=0.421163 reason=decode_fail,000078,15_8,member_to_leader,594,594,1
31763,9,HARQ,HARQ_NACK,594,16,19,,,,,8,,,,[NRSL_HARQ_EVENT] event=HARQ_NACK request_ids=594 txRnti=16 sender_l2_id=16 receiver_l2_id=19 rxRnti=19 harq_id=8 bwp_id=0,000078,15_8,member_to_leader,594,594,1
31806,9,PHY,PSSCH_DECODE_FAIL,595,19,1,2083,,,,0,603.485,1,decode_fail,[NRSL_PHY_EVENT] event=PSSCH_DECODE_FAIL request_ids=595 txRnti=19 sender_l2_id=19 receiver_l2_id=1 harq_id=0 tb_size=2083 tbler=1 sinr=603.485 sinrMin=0.257451 reason=decode_fail,000078,15_8,leader_to_rsu,595,595,1
31807,9,HARQ,HARQ_NACK,595,19,1,,,,,0,,,,[NRSL_HARQ_EVENT] event=HARQ_NACK request_ids=595 txRnti=19 sender_l2_id=19 receiver_l2_id=1 rxRnti=1 harq_id=0 bwp_id=0,000078,15_8,leader_to_rsu,595,595,1
31809,9,PHY,PSSCH_DECODE_FAIL,602,16,1,2083,,,,6,1477.28,1,decode_fail,[NRSL_PHY_EVENT] event=PSSCH_DECODE_FAIL request_ids=602 txRnti=16 sender_l2_id=16 receiver_l2_id=1 harq_id=6 tb_size=2083 tbler=1 sinr=1477.28 sinrMin=2.82756 reason=decode_fail,000078,16_5,leader_to_rsu,602,602,1
31810,9,HARQ,HARQ_NACK,602,16,1,,,,,6,,,,[NRSL_HARQ_EVENT] event=HARQ_NACK request_ids=602 txRnti=16 sender_l2_id=16 receiver_l2_id=1 rxRnti=1 harq_id=6 bwp_id=0,000078,16_5,leader_to_rsu,602,602,1
31853,9,PHY,PSSCH_DECODE_OK,599,14,9,4069,,,,15,108712,0,,[NRSL_PHY_EVENT] event=PSSCH_DECODE_OK request_ids=599 txRnti=14 sender_l2_id=14 receiver_l2_id=9 harq_id=15 tb_size=4069 tbler=0 sinr=108712 sinrMin=9145.25 reason=,000078,14_11,member_to_leader,599,599,1
31854,9,HARQ,HARQ_ACK,599,14,9,,,,,15,,,,[NRSL_HARQ_EVENT] event=HARQ_ACK request_ids=599 txRnti=14 sender_l2_id=14 receiver_l2_id=9 rxRnti=9 harq_id=15 bwp_id=0,000078,14_11,member_to_leader,599,599,1
31936,9,PHY,PSSCH_DECODE_FAIL,587,20,2,3890,,,,12,1.4148,1,decode_fail,[NRSL_PHY_EVENT] event=PSSCH_DECODE_FAIL request_ids=587 txRnti=20 sender_l2_id=20 receiver_l2_id=2 harq_id=12 tb_size=3890 tbler=1 sinr=1.4148 sinrMin=0.0623446 reason=decode_fail,000078,15_2,member_to_leader,587,587,1
31937,9,HARQ,HARQ_NACK,587,20,2,,,,,12,,,,[NRSL_HARQ_EVENT] event=HARQ_NACK request_ids=587 txRnti=20 sender_l2_id=20 receiver_l2_id=2 rxRnti=2 harq_id=12 bwp_id=0,000078,15_2,member_to_leader,587,587,1
31959,9,PHY,PSSCH_DECODE_OK,613,5,1,2083,,,,1,9974.71,0,,[NRSL_PHY_EVENT] event=PSSCH_DECODE_OK request_ids=613 txRnti=5 sender_l2_id=5 receiver_l2_id=1 harq_id=1 tb_size=2083 tbler=0 sinr=9974.71 sinrMin=9697.61 reason=,000078,16_6,leader_to_rsu,613,613,1
31960,9,HARQ,HARQ_ACK,613,5,1,,,,,1,,,,[NRSL_HARQ_EVENT] event=HARQ_ACK request_ids=613 txRnti=5 sender_l2_id=5 receiver_l2_id=1 rxRnti=1 harq_id=1 bwp_id=0,000078,16_6,leader_to_rsu,613,613,1
32054,9,PHY,PSSCH_DECODE_FAIL,593,3,1,2083,,,,10,2.72846,1,decode_fail,[NRSL_PHY_EVENT] event=PSSCH_DECODE_FAIL request_ids=593 txRnti=3 sender_l2_id=3 receiver_l2_id=1 harq_id=10 tb_size=2083 tbler=1 sinr=2.72846 sinrMin=0.0261091 reason=decode_fail,000078,12_7,leader_to_rsu,593,593,1
32055,9,HARQ,HARQ_NACK,593,3,1,,,,,10,,,,[NRSL_HARQ_EVENT] event=HARQ_NACK request_ids=593 txRnti=3 sender_l2_id=3 receiver_l2_id=1 rxRnti=1 harq_id=10 bwp_id=0,000078,12_7,leader_to_rsu,593,593,1
32057,9,PHY,PSSCH_DECODE_FAIL,612,16,5,4069,,,,11,35.6037,1,decode_fail,[NRSL_PHY_EVENT] event=PSSCH_DECODE_FAIL request_ids=612 txRnti=16 sender_l2_id=16 receiver_l2_id=5 harq_id=11 tb_size=4069 tbler=1 sinr=35.6037 sinrMin=3.96001 reason=decode_fail,000078,16_6,member_to_leader,612,612,1
32058,9,HARQ,HARQ_NACK,612,16,5,,,,,11,,,,[NRSL_HARQ_EVENT] event=HARQ_NACK request_ids=612 txRnti=16 sender_l2_id=16 receiver_l2_id=5 rxRnti=5 harq_id=11 bwp_id=0,000078,16_6,member_to_leader,612,612,1
32060,9,PHY,PSSCH_DECODE_FAIL,599,14,9,3890,,,,13,35.0515,1,decode_fail,[NRSL_PHY_EVENT] event=PSSCH_DECODE_FAIL request_ids=599 txRnti=14 sender_l2_id=14 receiver_l2_id=9 harq_id=13 tb_size=3890 tbler=1 sinr=35.0515 sinrMin=0.504223 reason=decode_fail,000078,14_11,member_to_leader,599,599,1
32061,9,HARQ,HARQ_NACK,599,14,9,,,,,13,,,,[NRSL_HARQ_EVENT] event=HARQ_NACK request_ids=599 txRnti=14 sender_l2_id=14 receiver_l2_id=9 rxRnti=9 harq_id=13 bwp_id=0,000078,14_11,member_to_leader,599,599,1
32109,9,PHY,PSSCH_DECODE_OK,596,5,16,4069,,,,2,39283.4,0,,[NRSL_PHY_EVENT] event=PSSCH_DECODE_OK request_ids=596 txRnti=5 sender_l2_id=5 receiver_l2_id=16 harq_id=2 tb_size=4069 tbler=0 sinr=39283.4 sinrMin=1333.23 reason=,000078,16_4,member_to_leader,596,596,1
32110,9,HARQ,HARQ_ACK,596,5,16,,,,,2,,,,[NRSL_HARQ_EVENT] event=HARQ_ACK request_ids=596 txRnti=5 sender_l2_id=5 receiver_l2_id=16 rxRnti=16 harq_id=2 bwp_id=0,000078,16_4,member_to_leader,596,596,1
32153,9,PHY,PSSCH_DECODE_OK,596,5,16,4069,,,,3,32358.2,0,,[NRSL_PHY_EVENT] event=PSSCH_DECODE_OK request_ids=596 txRnti=5 sender_l2_id=5 receiver_l2_id=16 harq_id=3 tb_size=4069 tbler=0 sinr=32358.2 sinrMin=1437.35 reason=,000078,16_4,member_to_leader,596,596,1
32154,9,HARQ,HARQ_ACK,596,5,16,,,,,3,,,,[NRSL_HARQ_EVENT] event=HARQ_ACK request_ids=596 txRnti=5 sender_l2_id=5 receiver_l2_id=16 rxRnti=16 harq_id=3 bwp_id=0,000078,16_4,member_to_leader,596,596,1
32180,9,PHY,PSSCH_DECODE_OK,612,16,5,1937,,,,10,25088.3,0,,[NRSL_PHY_EVENT] event=PSSCH_DECODE_OK request_ids=612 txRnti=16 sender_l2_id=16 receiver_l2_id=5 harq_id=10 tb_size=1937 tbler=0 sinr=25088.3 sinrMin=6754.85 reason=,000078,16_6,member_to_leader,612,612,1
32181,9,HARQ,HARQ_ACK,612,16,5,,,,,10,,,,[NRSL_HARQ_EVENT] event=HARQ_ACK request_ids=612 txRnti=16 sender_l2_id=16 receiver_l2_id=5 rxRnti=5 harq_id=10 bwp_id=0,000078,16_6,member_to_leader,612,612,1
32205,9,PHY,PSSCH_DECODE_OK,606,9,14,6,,,,12,530826,0,,[NRSL_PHY_EVENT] event=PSSCH_DECODE_OK request_ids=606 txRnti=9 sender_l2_id=9 receiver_l2_id=14 harq_id=12 tb_size=6 tbler=0 sinr=530826 sinrMin=414312 reason=,000078,12_10,member_to_leader,606,606,1
32206,9,HARQ,HARQ_ACK,606,9,14,,,,,12,,,,[NRSL_HARQ_EVENT] event=HARQ_ACK request_ids=606 txRnti=9 sender_l2_id=9 receiver_l2_id=14 rxRnti=14 harq_id=12 bwp_id=0,000078,12_10,member_to_leader,606,606,1
32231,9,PHY,PSSCH_DECODE_OK,589,21,12,6,,,,6,1240550.0,0,,[NRSL_PHY_EVENT] event=PSSCH_DECODE_OK request_ids=589 txRnti=21 sender_l2_id=21 receiver_l2_id=12 harq_id=6 tb_size=6 tbler=0 sinr=1.24055e+06 sinrMin=900354 reason=,000078,11_8,member_to_leader,589,589,1
32232,9,HARQ,HARQ_ACK,589,21,12,,,,,6,,,,[NRSL_HARQ_EVENT] event=HARQ_ACK request_ids=589 txRnti=21 sender_l2_id=21 receiver_l2_id=12 rxRnti=12 harq_id=6 bwp_id=0,000078,11_8,member_to_leader,589,589,1
32257,9,PHY,PSSCH_DECODE_OK,551,13,4,6,,,,0,617713,0,,[NRSL_PHY_EVENT] event=PSSCH_DECODE_OK request_ids=551 txRnti=13 sender_l2_id=13 receiver_l2_id=4 harq_id=0 tb_size=6 tbler=0 sinr=617713 sinrMin=610102 reason=,000078,13_2,member_to_leader,551,551,1
32258,9,HARQ,HARQ_ACK,551,13,4,,,,,0,,,,[NRSL_HARQ_EVENT] event=HARQ_ACK request_ids=551 txRnti=13 sender_l2_id=13 receiver_l2_id=4 rxRnti=4 harq_id=0 bwp_id=0,000078,13_2,member_to_leader,551,551,1
32300,9,PHY,PSSCH_DECODE_OK,604,4,13,6,,,,5,542438,0,,[NRSL_PHY_EVENT] event=PSSCH_DECODE_OK request_ids=604 txRnti=4 sender_l2_id=4 receiver_l2_id=13 harq_id=5 tb_size=6 tbler=0 sinr=542438 sinrMin=535263 reason=,000078,13_1,member_to_leader,604,604,1
32301,9,HARQ,HARQ_ACK,604,4,13,,,,,5,,,,[NRSL_HARQ_EVENT] event=HARQ_ACK request_ids=604 txRnti=4 sender_l2_id=4 receiver_l2_id=13 rxRnti=13 harq_id=5 bwp_id=0,000078,13_1,member_to_leader,604,604,1
32303,9,PHY,PSSCH_DECODE_OK,579,19,14,6,,,,4,50283.9,0,,[NRSL_PHY_EVENT] event=PSSCH_DECODE_OK request_ids=579 txRnti=19 sender_l2_id=19 receiver_l2_id=14 harq_id=4 tb_size=6 tbler=0 sinr=50283.9 sinrMin=43843 reason=,000078,13_9,member_to_leader,579,579,1
32304,9,HARQ,HARQ_ACK,579,19,14,,,,,4,,,,[NRSL_HARQ_EVENT] event=HARQ_ACK request_ids=579 txRnti=19 sender_l2_id=19 receiver_l2_id=14 rxRnti=14 harq_id=4 bwp_id=0,000078,13_9,member_to_leader,579,579,1
32349,9,PHY,PSSCH_DECODE_OK,601,5,16,4069,,,,4,36990.5,0,,[NRSL_PHY_EVENT] event=PSSCH_DECODE_OK request_ids=601 txRnti=5 sender_l2_id=5 receiver_l2_id=16 harq_id=4 tb_size=4069 tbler=0 sinr=36990.5 sinrMin=7226.63 reason=,000078,16_5,member_to_leader,601,601,1
32350,9,HARQ,HARQ_ACK,601,5,16,,,,,4,,,,[NRSL_HARQ_EVENT] event=HARQ_ACK request_ids=601 txRnti=5 sender_l2_id=5 receiver_l2_id=16 rxRnti=16 harq_id=4 bwp_id=0,000078,16_5,member_to_leader,601,601,1
32373,9,PHY,PSSCH_DECODE_OK,585,2,13,6,,,,14,15678.8,0,,[NRSL_PHY_EVENT] event=PSSCH_DECODE_OK request_ids=585 txRnti=2 sender_l2_id=2 receiver_l2_id=13 harq_id=14 tb_size=6 tbler=0 sinr=15678.8 sinrMin=13380.4 reason=,000078,14_0,member_to_leader,585,585,1
32374,9,HARQ,HARQ_ACK,585,2,13,,,,,14,,,,[NRSL_HARQ_EVENT] event=HARQ_ACK request_ids=585 txRnti=2 sender_l2_id=2 receiver_l2_id=13 rxRnti=13 harq_id=14 bwp_id=0,000078,14_0,member_to_leader,585,585,1
32399,9,PHY,PSSCH_DECODE_OK,566,2,20,6,,,,11,41878.3,0,,[NRSL_PHY_EVENT] event=PSSCH_DECODE_OK request_ids=566 txRnti=2 sender_l2_id=2 receiver_l2_id=20 harq_id=11 tb_size=6 tbler=0 sinr=41878.3 sinrMin=22390.7 reason=,000078,15_3,member_to_leader,566,566,1
32400,9,HARQ,HARQ_ACK,566,2,20,,,,,11,,,,[NRSL_HARQ_EVENT] event=HARQ_ACK request_ids=566 txRnti=2 sender_l2_id=2 receiver_l2_id=20 rxRnti=20 harq_id=11 bwp_id=0,000078,15_3,member_to_leader,566,566,1
32444,9,PHY,PSSCH_DECODE_OK,598,19,9,6,,,,2,112622,0,,[NRSL_PHY_EVENT] event=PSSCH_DECODE_OK request_ids=598 txRnti=19 sender_l2_id=19 receiver_l2_id=9 harq_id=2 tb_size=6 tbler=0 sinr=112622 sinrMin=91189.2 reason=,000078,14_11,member_to_leader,598,598,1
32445,9,HARQ,HARQ_ACK,598,19,9,,,,,2,,,,[NRSL_HARQ_EVENT] event=HARQ_ACK request_ids=598 txRnti=19 sender_l2_id=19 receiver_l2_id=9 rxRnti=9 harq_id=2 bwp_id=0,000078,14_11,member_to_leader,598,598,1
32490,9,PHY,PSSCH_DECODE_OK,601,5,16,4069,,,,6,33531.4,0,,[NRSL_PHY_EVENT] event=PSSCH_DECODE_OK request_ids=601 txRnti=5 sender_l2_id=5 receiver_l2_id=16 harq_id=6 tb_size=4069 tbler=0 sinr=33531.4 sinrMin=7183.49 reason=,000078,16_5,member_to_leader,601,601,1
32491,9,HARQ,HARQ_ACK,601,5,16,,,,,6,,,,[NRSL_HARQ_EVENT] event=HARQ_ACK request_ids=601 txRnti=5 sender_l2_id=5 receiver_l2_id=16 rxRnti=16 harq_id=6 bwp_id=0,000078,16_5,member_to_leader,601,601,1
32532,9,PHY,PSSCH_DECODE_FAIL,601,5,16,1937,,,,7,56185.5,0.99963,decode_fail,[NRSL_PHY_EVENT] event=PSSCH_DECODE_FAIL request_ids=601 txRnti=5 sender_l2_id=5 receiver_l2_id=16 harq_id=7 tb_size=1937 tbler=0.99963 sinr=56185.5 sinrMin=0.158032 reason=decode_fail,000078,16_5,member_to_leader,601,601,1
32533,9,HARQ,HARQ_NACK,601,5,16,,,,,7,,,,[NRSL_HARQ_EVENT] event=HARQ_NACK request_ids=601 txRnti=5 sender_l2_id=5 receiver_l2_id=16 rxRnti=16 harq_id=7 bwp_id=0,000078,16_5,member_to_leader,601,601,1
32535,9,PHY,PSSCH_DECODE_OK,553,14,17,6,,,,0,208.04,0,,[NRSL_PHY_EVENT] event=PSSCH_DECODE_OK request_ids=553 txRnti=14 sender_l2_id=14 receiver_l2_id=17 harq_id=0 tb_size=6 tbler=0 sinr=208.04 sinrMin=171.478 reason=,000078,12_9,member_to_leader,553,553,1
32536,9,HARQ,HARQ_ACK,553,14,17,,,,,0,,,,[NRSL_HARQ_EVENT] event=HARQ_ACK request_ids=553 txRnti=14 sender_l2_id=14 receiver_l2_id=17 rxRnti=17 harq_id=0 bwp_id=0,000078,12_9,member_to_leader,553,553,1
32577,9,PHY,PSSCH_DECODE_OK,587,20,2,10,,,,11,10492.6,0,,[NRSL_PHY_EVENT] event=PSSCH_DECODE_OK request_ids=587 txRnti=20 sender_l2_id=20 receiver_l2_id=2 harq_id=11 tb_size=10 tbler=0 sinr=10492.6 sinrMin=4938.5 reason=,000078,15_2,member_to_leader,587,587,1
32578,9,HARQ,HARQ_ACK,587,20,2,,,,,11,,,,[NRSL_HARQ_EVENT] event=HARQ_ACK request_ids=587 txRnti=20 sender_l2_id=20 receiver_l2_id=2 rxRnti=2 harq_id=11 bwp_id=0,000078,15_2,member_to_leader,587,587,1
32580,9,PHY,PSSCH_DECODE_OK,577,3,21,10,,,,7,369335,0,,[NRSL_PHY_EVENT] event=PSSCH_DECODE_OK request_ids=577 txRnti=3 sender_l2_id=3 receiver_l2_id=21 harq_id=7 tb_size=10 tbler=0 sinr=369335 sinrMin=352997 reason=,000078,11_6,member_to_leader,577,577,1
32581,9,HARQ,HARQ_ACK,577,3,21,,,,,7,,,,[NRSL_HARQ_EVENT] event=HARQ_ACK request_ids=577 txRnti=3 sender_l2_id=3 receiver_l2_id=21 rxRnti=21 harq_id=7 bwp_id=0,000078,11_6,member_to_leader,577,577,1
32606,9,PHY,PSSCH_DECODE_OK,568,21,3,6,,,,4,727439,0,,[NRSL_PHY_EVENT] event=PSSCH_DECODE_OK request_ids=568 txRnti=21 sender_l2_id=21 receiver_l2_id=3 harq_id=4 tb_size=6 tbler=0 sinr=727439 sinrMin=703122 reason=,000078,11_5,member_to_leader,568,568,1
32607,9,HARQ,HARQ_ACK,568,21,3,,,,,4,,,,[NRSL_HARQ_EVENT] event=HARQ_ACK request_ids=568 txRnti=21 sender_l2_id=21 receiver_l2_id=3 rxRnti=3 harq_id=4 bwp_id=0,000078,11_5,member_to_leader,568,568,1
32632,9,PHY,PSSCH_DECODE_OK,599,14,9,10,,,,3,836702,0,,[NRSL_PHY_EVENT] event=PSSCH_DECODE_OK request_ids=599 txRnti=14 sender_l2_id=14 receiver_l2_id=9 harq_id=3 tb_size=10 tbler=0 sinr=836702 sinrMin=618660 reason=,000078,14_11,member_to_leader,599,599,1
32633,9,HARQ,HARQ_ACK,599,14,9,,,,,3,,,,[NRSL_HARQ_EVENT] event=HARQ_ACK request_ids=599 txRnti=14 sender_l2_id=14 receiver_l2_id=9 rxRnti=9 harq_id=3 bwp_id=0,000078,14_11,member_to_leader,599,599,1
32656,9,PHY,PSSCH_DECODE_OK,612,16,5,14,,,,14,435960,0,,[NRSL_PHY_EVENT] event=PSSCH_DECODE_OK request_ids=612 txRnti=16 sender_l2_id=16 receiver_l2_id=5 harq_id=14 tb_size=14 tbler=0 sinr=435960 sinrMin=384198 reason=,000078,16_6,member_to_leader,612,612,1
32657,9,HARQ,HARQ_ACK,612,16,5,,,,,14,,,,[NRSL_HARQ_EVENT] event=HARQ_ACK request_ids=612 txRnti=16 sender_l2_id=16 receiver_l2_id=5 rxRnti=5 harq_id=14 bwp_id=0,000078,16_6,member_to_leader,612,612,1
32681,9,PHY,PSSCH_DECODE_OK,601,5,16,14,,,,5,216004,0,,[NRSL_PHY_EVENT] event=PSSCH_DECODE_OK request_ids=601 txRnti=5 sender_l2_id=5 receiver_l2_id=16 harq_id=5 tb_size=14 tbler=0 sinr=216004 sinrMin=148646 reason=,000078,16_5,member_to_leader,601,601,1
32682,9,HARQ,HARQ_ACK,601,5,16,,,,,5,,,,[NRSL_HARQ_EVENT] event=HARQ_ACK request_ids=601 txRnti=5 sender_l2_id=5 receiver_l2_id=16 rxRnti=16 harq_id=5 bwp_id=0,000078,16_5,member_to_leader,601,601,1
33144,10,PHY,PSSCH_DECODE_FAIL,627,5,1,4069,,,,9,0.95223,1,decode_fail,[NRSL_PHY_EVENT] event=PSSCH_DECODE_FAIL request_ids=627 txRnti=5 sender_l2_id=5 receiver_l2_id=1 harq_id=9 tb_size=4069 tbler=1 sinr=0.95223 sinrMin=0.467576 reason=decode_fail,000080,17_5,leader_to_rsu,627,627,1
33145,10,HARQ,HARQ_NACK,627,5,1,,,,,9,,,,[NRSL_HARQ_EVENT] event=HARQ_NACK request_ids=627 txRnti=5 sender_l2_id=5 receiver_l2_id=1 rxRnti=1 harq_id=9 bwp_id=0,000080,17_5,leader_to_rsu,627,627,1
33147,10,PHY,PSSCH_DECODE_FAIL,671,7,1,2083,,,,15,0.0720991,1,sci2_decode_fail,[NRSL_PHY_EVENT] event=PSSCH_DECODE_FAIL request_ids=671 txRnti=7 sender_l2_id=7 receiver_l2_id=1 harq_id=15 tb_size=2083 tbler=1 sinr=0.0720991 sinrMin=0.0593848 reason=sci2_decode_fail,000080,6_12,leader_to_rsu,671,671,1
33149,10,PHY,PSSCH_DECODE_FAIL,660,9,14,4069,,,,13,3.63386,1,decode_fail,[NRSL_PHY_EVENT] event=PSSCH_DECODE_FAIL request_ids=660 txRnti=9 sender_l2_id=9 receiver_l2_id=14 harq_id=13 tb_size=4069 tbler=1 sinr=3.63386 sinrMin=0.10337 reason=decode_fail,000080,14_11,member_to_leader,660,660,1
33150,10,HARQ,HARQ_NACK,660,9,14,,,,,13,,,,[NRSL_HARQ_EVENT] event=HARQ_NACK request_ids=660 txRnti=9 sender_l2_id=9 receiver_l2_id=14 rxRnti=14 harq_id=13 bwp_id=0,000080,14_11,member_to_leader,660,660,1
33215,10,PHY,PSSCH_DECODE_FAIL,617,17,1,2083,,,,9,6.23898,1,decode_fail,[NRSL_PHY_EVENT] event=PSSCH_DECODE_FAIL request_ids=617 txRnti=17 sender_l2_id=17 receiver_l2_id=1 harq_id=9 tb_size=2083 tbler=1 sinr=6.23898 sinrMin=1.21268 reason=decode_fail,000080,12_9,leader_to_rsu,617,617,1
33216,10,HARQ,HARQ_NACK,617,17,1,,,,,9,,,,[NRSL_HARQ_EVENT] event=HARQ_NACK request_ids=617 txRnti=17 sender_l2_id=17 receiver_l2_id=1 rxRnti=1 harq_id=9 bwp_id=0,000080,12_9,leader_to_rsu,617,617,1
33218,10,PHY,PSSCH_DECODE_FAIL,618,3,21,4069,,,,13,19310.4,1,decode_fail,[NRSL_PHY_EVENT] event=PSSCH_DECODE_FAIL request_ids=618 txRnti=3 sender_l2_id=3 receiver_l2_id=21 harq_id=13 tb_size=4069 tbler=1 sinr=19310.4 sinrMin=1.25057 reason=decode_fail,000080,11_7,member_to_leader,618,618,1
33219,10,HARQ,HARQ_NACK,618,3,21,,,,,13,,,,[NRSL_HARQ_EVENT] event=HARQ_NACK request_ids=618 txRnti=3 sender_l2_id=3 receiver_l2_id=21 rxRnti=21 harq_id=13 bwp_id=0,000080,11_7,member_to_leader,618,618,1
33360,10,PHY,PSSCH_DECODE_FAIL,624,2,1,4069,,,,15,3.76438,1,decode_fail,[NRSL_PHY_EVENT] event=PSSCH_DECODE_FAIL request_ids=624 txRnti=2 sender_l2_id=2 receiver_l2_id=1 harq_id=15 tb_size=4069 tbler=1 sinr=3.76438 sinrMin=0.498591 reason=decode_fail,000080,14_3,leader_to_rsu,624,624,1
33361,10,HARQ,HARQ_NACK,624,2,1,,,,,15,,,,[NRSL_HARQ_EVENT] event=HARQ_NACK request_ids=624 txRnti=2 sender_l2_id=2 receiver_l2_id=1 rxRnti=1 harq_id=15 bwp_id=0,000080,14_3,leader_to_rsu,624,624,1
33363,10,PHY,PSSCH_DECODE_FAIL,631,21,3,4069,,,,9,3.32004,1,decode_fail,[NRSL_PHY_EVENT] event=PSSCH_DECODE_FAIL request_ids=631 txRnti=21 sender_l2_id=21 receiver_l2_id=3 harq_id=9 tb_size=4069 tbler=1 sinr=3.32004 sinrMin=2.77341 reason=decode_fail,000080,11_5,member_to_leader,631,631,1
33364,10,HARQ,HARQ_NACK,631,21,3,,,,,9,,,,[NRSL_HARQ_EVENT] event=HARQ_NACK request_ids=631 txRnti=21 sender_l2_id=21 receiver_l2_id=3 rxRnti=3 harq_id=9 bwp_id=0,000080,11_5,member_to_leader,631,631,1
33366,10,PHY,PSSCH_DECODE_FAIL,637,14,9,4069,,,,4,4.15744,1,decode_fail,[NRSL_PHY_EVENT] event=PSSCH_DECODE_FAIL request_ids=637 txRnti=14 sender_l2_id=14 receiver_l2_id=9 harq_id=4 tb_size=4069 tbler=1 sinr=4.15744 sinrMin=0.256501 reason=decode_fail,000080,12_11,member_to_leader,637,637,1
33367,10,HARQ,HARQ_NACK,637,14,9,,,,,4,,,,[NRSL_HARQ_EVENT] event=HARQ_NACK request_ids=637 txRnti=14 sender_l2_id=14 receiver_l2_id=9 rxRnti=9 harq_id=4 bwp_id=0,000080,12_11,member_to_leader,637,637,1
33648,10,PHY,PSSCH_DECODE_FAIL,672,6,1,2083,,,,9,0.786461,0.936151,sci2_decode_fail,[NRSL_PHY_EVENT] event=PSSCH_DECODE_FAIL request_ids=672 txRnti=6 sender_l2_id=6 receiver_l2_id=1 harq_id=9 tb_size=2083 tbler=0.936151 sinr=0.786461 sinrMin=0.062523 reason=sci2_decode_fail,000080,9_6,leader_to_rsu,672,672,1
33650,10,PHY,PSSCH_DECODE_FAIL,667,4,13,4069,,,,8,95.6324,1,decode_fail,[NRSL_PHY_EVENT] event=PSSCH_DECODE_FAIL request_ids=667 txRnti=4 sender_l2_id=4 receiver_l2_id=13 harq_id=8 tb_size=4069 tbler=1 sinr=95.6324 sinrMin=12.1398 reason=decode_fail,000080,13_1,member_to_leader,667,667,1
33651,10,HARQ,HARQ_NACK,667,4,13,,,,,8,,,,[NRSL_HARQ_EVENT] event=HARQ_NACK request_ids=667 txRnti=4 sender_l2_id=4 receiver_l2_id=13 rxRnti=13 harq_id=8 bwp_id=0,000080,13_1,member_to_leader,667,667,1
33820,10,PHY,PSSCH_DECODE_FAIL,637,14,9,4069,,,,10,3.78387,1,decode_fail,[NRSL_PHY_EVENT] event=PSSCH_DECODE_FAIL request_ids=637 txRnti=14 sender_l2_id=14 receiver_l2_id=9 harq_id=10 tb_size=4069 tbler=1 sinr=3.78387 sinrMin=0.0261241 reason=decode_fail,000080,12_11,member_to_leader,637,637,1
33821,10,HARQ,HARQ_NACK,637,14,9,,,,,10,,,,[NRSL_HARQ_EVENT] event=HARQ_NACK request_ids=637 txRnti=14 sender_l2_id=14 receiver_l2_id=9 rxRnti=9 harq_id=10 bwp_id=0,000080,12_11,member_to_leader,637,637,1
34139,10,PHY,PSSCH_DECODE_FAIL,630,20,1,2083,,,,0,0.0311262,1,sci2_decode_fail,[NRSL_PHY_EVENT] event=PSSCH_DECODE_FAIL request_ids=630 txRnti=20 sender_l2_id=20 receiver_l2_id=1 harq_id=0 tb_size=2083 tbler=1 sinr=0.0311262 sinrMin=0.0152514 reason=sci2_decode_fail,000080,15_3,leader_to_rsu,630,630,1
34142,10,PHY,PSSCH_DECODE_FAIL,614,13,4,4069,,,,1,1.07496,1,decode_fail,[NRSL_PHY_EVENT] event=PSSCH_DECODE_FAIL request_ids=614 txRnti=13 sender_l2_id=13 receiver_l2_id=4 harq_id=1 tb_size=4069 tbler=1 sinr=1.07496 sinrMin=0.826272 reason=decode_fail,000080,13_2,member_to_leader,614,614,1
34143,10,HARQ,HARQ_NACK,614,13,4,,,,,1,,,,[NRSL_HARQ_EVENT] event=HARQ_NACK request_ids=614 txRnti=13 sender_l2_id=13 receiver_l2_id=4 rxRnti=4 harq_id=1 bwp_id=0,000080,13_2,member_to_leader,614,614,1
34145,10,PHY,PSSCH_DECODE_FAIL,626,16,5,4069,,,,2,1.38857,1,decode_fail,[NRSL_PHY_EVENT] event=PSSCH_DECODE_FAIL request_ids=626 txRnti=16 sender_l2_id=16 receiver_l2_id=5 harq_id=2 tb_size=4069 tbler=1 sinr=1.38857 sinrMin=0.0967516 reason=decode_fail,000080,17_5,member_to_leader,626,626,1
34146,10,HARQ,HARQ_NACK,626,16,5,,,,,2,,,,[NRSL_HARQ_EVENT] event=HARQ_NACK request_ids=626 txRnti=16 sender_l2_id=16 receiver_l2_id=5 rxRnti=5 harq_id=2 bwp_id=0,000080,17_5,member_to_leader,626,626,1
34332,10,PHY,PSSCH_DECODE_FAIL,667,4,13,4069,,,,10,1.02953,1,decode_fail,[NRSL_PHY_EVENT] event=PSSCH_DECODE_FAIL request_ids=667 txRnti=4 sender_l2_id=4 receiver_l2_id=13 harq_id=10 tb_size=4069 tbler=1 sinr=1.02953 sinrMin=0.79744 reason=decode_fail,000080,13_1,member_to_leader,667,667,1
34333,10,HARQ,HARQ_NACK,667,4,13,,,,,10,,,,[NRSL_HARQ_EVENT] event=HARQ_NACK request_ids=667 txRnti=4 sender_l2_id=4 receiver_l2_id=13 rxRnti=13 harq_id=10 bwp_id=0,000080,13_1,member_to_leader,667,667,1
34335,10,PHY,PSSCH_DECODE_FAIL,644,2,13,1945,,,,4,0.015671,1,sci2_decode_fail,[NRSL_PHY_EVENT] event=PSSCH_DECODE_FAIL request_ids=644 txRnti=2 sender_l2_id=2 receiver_l2_id=13 harq_id=4 tb_size=1945 tbler=1 sinr=0.015671 sinrMin=0.00284323 reason=sci2_decode_fail,000080,14_0,member_to_leader,644,644,1
34337,10,PHY,PSSCH_DECODE_FAIL,618,3,21,4069,,,,12,1.93683,1,decode_fail,[NRSL_PHY_EVENT] event=PSSCH_DECODE_FAIL request_ids=618 txRnti=3 sender_l2_id=3 receiver_l2_id=21 harq_id=12 tb_size=4069 tbler=1 sinr=1.93683 sinrMin=0.939085 reason=decode_fail,000080,11_7,member_to_leader,618,618,1
34338,10,HARQ,HARQ_NACK,618,3,21,,,,,12,,,,[NRSL_HARQ_EVENT] event=HARQ_NACK request_ids=618 txRnti=3 sender_l2_id=3 receiver_l2_id=21 rxRnti=21 harq_id=12 bwp_id=0,000080,11_7,member_to_leader,618,618,1
34505,10,PHY,PSSCH_DECODE_FAIL,634,2,1,4069,,,,3,3.52314,1,decode_fail,[NRSL_PHY_EVENT] event=PSSCH_DECODE_FAIL request_ids=634 txRnti=2 sender_l2_id=2 receiver_l2_id=1 harq_id=3 tb_size=4069 tbler=1 sinr=3.52314 sinrMin=0.55251 reason=decode_fail,000080,14_1,leader_to_rsu,634,634,1
34506,10,HARQ,HARQ_NACK,634,2,1,,,,,3,,,,[NRSL_HARQ_EVENT] event=HARQ_NACK request_ids=634 txRnti=2 sender_l2_id=2 receiver_l2_id=1 rxRnti=1 harq_id=3 bwp_id=0,000080,14_1,leader_to_rsu,634,634,1
34551,10,PHY,PSSCH_DECODE_FAIL,668,13,1,2083,,,,4,556.691,1,decode_fail,[NRSL_PHY_EVENT] event=PSSCH_DECODE_FAIL request_ids=668 txRnti=13 sender_l2_id=13 receiver_l2_id=1 harq_id=4 tb_size=2083 tbler=1 sinr=556.691 sinrMin=0.930154 reason=decode_fail,000080,13_1,leader_to_rsu,668,668,1
34552,10,HARQ,HARQ_NACK,668,13,1,,,,,4,,,,[NRSL_HARQ_EVENT] event=HARQ_NACK request_ids=668 txRnti=13 sender_l2_id=13 receiver_l2_id=1 rxRnti=1 harq_id=4 bwp_id=0,000080,13_1,leader_to_rsu,668,668,1
34554,10,PHY,PSSCH_DECODE_OK,660,9,14,1945,,,,14,103533,0,,[NRSL_PHY_EVENT] event=PSSCH_DECODE_OK request_ids=660 txRnti=9 sender_l2_id=9 receiver_l2_id=14 harq_id=14 tb_size=1945 tbler=0 sinr=103533 sinrMin=269.611 reason=,000080,14_11,member_to_leader,660,660,1
34555,10,HARQ,HARQ_ACK,660,9,14,,,,,14,,,,[NRSL_HARQ_EVENT] event=HARQ_ACK request_ids=660 txRnti=9 sender_l2_id=9 receiver_l2_id=14 rxRnti=14 harq_id=14 bwp_id=0,000080,14_11,member_to_leader,660,660,1
34674,10,PHY,PSSCH_DECODE_FAIL,649,2,1,2083,,,,5,5.67982,1,decode_fail,[NRSL_PHY_EVENT] event=PSSCH_DECODE_FAIL request_ids=649 txRnti=2 sender_l2_id=2 receiver_l2_id=1 harq_id=5 tb_size=2083 tbler=1 sinr=5.67982 sinrMin=1.8405 reason=decode_fail,000080,15_2,leader_to_rsu,649,649,1
34675,10,HARQ,HARQ_NACK,649,2,1,,,,,5,,,,[NRSL_HARQ_EVENT] event=HARQ_NACK request_ids=649 txRnti=2 sender_l2_id=2 receiver_l2_id=1 rxRnti=1 harq_id=5 bwp_id=0,000080,15_2,leader_to_rsu,649,649,1
34677,10,PHY,PSSCH_DECODE_FAIL,650,21,12,1945,,,,2,58.3789,1,decode_fail,[NRSL_PHY_EVENT] event=PSSCH_DECODE_FAIL request_ids=650 txRnti=21 sender_l2_id=21 receiver_l2_id=12 harq_id=2 tb_size=1945 tbler=1 sinr=58.3789 sinrMin=5.32617 reason=decode_fail,000080,11_8,member_to_leader,650,650,1
34678,10,HARQ,HARQ_NACK,650,21,12,,,,,2,,,,[NRSL_HARQ_EVENT] event=HARQ_NACK request_ids=650 txRnti=21 sender_l2_id=21 receiver_l2_id=12 rxRnti=12 harq_id=2 bwp_id=0,000080,11_8,member_to_leader,650,650,1
34680,10,PHY,PSSCH_DECODE_FAIL,667,4,13,1945,,,,12,2.85587,1,decode_fail,[NRSL_PHY_EVENT] event=PSSCH_DECODE_FAIL request_ids=667 txRnti=4 sender_l2_id=4 receiver_l2_id=13 harq_id=12 tb_size=1945 tbler=1 sinr=2.85587 sinrMin=1.32488 reason=decode_fail,000080,13_1,member_to_leader,667,667,1
34681,10,HARQ,HARQ_NACK,667,4,13,,,,,12,,,,[NRSL_HARQ_EVENT] event=HARQ_NACK request_ids=667 txRnti=4 sender_l2_id=4 receiver_l2_id=13 rxRnti=13 harq_id=12 bwp_id=0,000080,13_1,member_to_leader,667,667,1
34683,10,PHY,PSSCH_DECODE_FAIL,635,5,16,4069,,,,14,1.24732,1,decode_fail,[NRSL_PHY_EVENT] event=PSSCH_DECODE_FAIL request_ids=635 txRnti=5 sender_l2_id=5 receiver_l2_id=16 harq_id=14 tb_size=4069 tbler=1 sinr=1.24732 sinrMin=0.269308 reason=decode_fail,000080,16_7,member_to_leader,635,635,1
34684,10,HARQ,HARQ_NACK,635,5,16,,,,,14,,,,[NRSL_HARQ_EVENT] event=HARQ_NACK request_ids=635 txRnti=5 sender_l2_id=5 receiver_l2_id=16 rxRnti=16 harq_id=14 bwp_id=0,000080,16_7,member_to_leader,635,635,1
34809,10,PHY,PSSCH_DECODE_FAIL,655,19,1,2083,,,,11,0.0543219,1,sci2_decode_fail,[NRSL_PHY_EVENT] event=PSSCH_DECODE_FAIL request_ids=655 txRnti=19 sender_l2_id=19 receiver_l2_id=1 harq_id=11 tb_size=2083 tbler=1 sinr=0.0543219 sinrMin=0.0354535 reason=sci2_decode_fail,000080,15_8,leader_to_rsu,655,655,1
34811,10,PHY,PSSCH_DECODE_FAIL,675,14,9,4069,,,,9,6.76925,1,decode_fail,[NRSL_PHY_EVENT] event=PSSCH_DECODE_FAIL request_ids=675 txRnti=14 sender_l2_id=14 receiver_l2_id=9 harq_id=9 tb_size=4069 tbler=1 sinr=6.76925 sinrMin=0.914725 reason=decode_fail,000080,12_10,member_to_leader,675,675,1
34812,10,HARQ,HARQ_NACK,675,14,9,,,,,9,,,,[NRSL_HARQ_EVENT] event=HARQ_NACK request_ids=675 txRnti=14 sender_l2_id=14 receiver_l2_id=9 rxRnti=9 harq_id=9 bwp_id=0,000080,12_10,member_to_leader,675,675,1
34939,10,PHY,PSSCH_DECODE_FAIL,614,13,4,4069,,,,5,2.33287,1,decode_fail,[NRSL_PHY_EVENT] event=PSSCH_DECODE_FAIL request_ids=614 txRnti=13 sender_l2_id=13 receiver_l2_id=4 harq_id=5 tb_size=4069 tbler=1 sinr=2.33287 sinrMin=1.39607 reason=decode_fail,000080,13_2,member_to_leader,614,614,1
34940,10,HARQ,HARQ_NACK,614,13,4,,,,,5,,,,[NRSL_HARQ_EVENT] event=HARQ_NACK request_ids=614 txRnti=13 sender_l2_id=13 receiver_l2_id=4 rxRnti=4 harq_id=5 bwp_id=0,000080,13_2,member_to_leader,614,614,1
34942,10,PHY,PSSCH_DECODE_OK,616,14,17,1945,,,,8,82.4314,0,,[NRSL_PHY_EVENT] event=PSSCH_DECODE_OK request_ids=616 txRnti=14 sender_l2_id=14 receiver_l2_id=17 harq_id=8 tb_size=1945 tbler=0 sinr=82.4314 sinrMin=76.0813 reason=,000080,12_9,member_to_leader,616,616,1
34943,10,HARQ,HARQ_ACK,616,14,17,,,,,8,,,,[NRSL_HARQ_EVENT] event=HARQ_ACK request_ids=616 txRnti=14 sender_l2_id=14 receiver_l2_id=17 rxRnti=17 harq_id=8 bwp_id=0,000080,12_9,member_to_leader,616,616,1
35034,10,PHY,PSSCH_DECODE_FAIL,652,4,1,2083,,,,11,0.661888,1,sci2_decode_fail,[NRSL_PHY_EVENT] event=PSSCH_DECODE_FAIL request_ids=652 txRnti=4 sender_l2_id=4 receiver_l2_id=1 harq_id=11 tb_size=2083 tbler=1 sinr=0.661888 sinrMin=0.00280531 reason=sci2_decode_fail,000080,12_3,leader_to_rsu,652,652,1
35036,10,PHY,PSSCH_DECODE_FAIL,653,3,1,4069,,,,14,618.021,0.936151,sci2_decode_fail,[NRSL_PHY_EVENT] event=PSSCH_DECODE_FAIL request_ids=653 txRnti=3 sender_l2_id=3 receiver_l2_id=1 harq_id=14 tb_size=4069 tbler=0.936151 sinr=618.021 sinrMin=0.124828 reason=sci2_decode_fail,000080,12_7,leader_to_rsu,653,653,1
35151,10,PHY,PSSCH_DECODE_FAIL,641,21,1,2083,,,,5,2.57767,1,decode_fail,[NRSL_PHY_EVENT] event=PSSCH_DECODE_FAIL request_ids=641 txRnti=21 sender_l2_id=21 receiver_l2_id=1 harq_id=5 tb_size=2083 tbler=1 sinr=2.57767 sinrMin=2.18473 reason=decode_fail,000080,11_6,leader_to_rsu,641,641,1
35152,10,HARQ,HARQ_NACK,641,21,1,,,,,5,,,,[NRSL_HARQ_EVENT] event=HARQ_NACK request_ids=641 txRnti=21 sender_l2_id=21 receiver_l2_id=1 rxRnti=1 harq_id=5 bwp_id=0,000080,11_6,leader_to_rsu,641,641,1
35154,10,PHY,PSSCH_DECODE_FAIL,676,9,1,2083,,,,2,0.0186607,1,sci2_decode_fail,[NRSL_PHY_EVENT] event=PSSCH_DECODE_FAIL request_ids=676 txRnti=9 sender_l2_id=9 receiver_l2_id=1 harq_id=2 tb_size=2083 tbler=1 sinr=0.0186607 sinrMin=0.00787218 reason=sci2_decode_fail,000080,12_10,leader_to_rsu,676,676,1
35156,10,PHY,PSSCH_DECODE_FAIL,648,20,2,4069,,,,3,1.04751,1,decode_fail,[NRSL_PHY_EVENT] event=PSSCH_DECODE_FAIL request_ids=648 txRnti=20 sender_l2_id=20 receiver_l2_id=2 harq_id=3 tb_size=4069 tbler=1 sinr=1.04751 sinrMin=0.711908 reason=decode_fail,000080,15_2,member_to_leader,648,648,1
35157,10,HARQ,HARQ_NACK,648,20,2,,,,,3,,,,[NRSL_HARQ_EVENT] event=HARQ_NACK request_ids=648 txRnti=20 sender_l2_id=20 receiver_l2_id=2 rxRnti=2 harq_id=3 bwp_id=0,000080,15_2,member_to_leader,648,648,1
35257,10,PHY,PSSCH_DECODE_FAIL,656,3,1,2083,,,,0,0.72417,0.936151,sci2_decode_fail,[NRSL_PHY_EVENT] event=PSSCH_DECODE_FAIL request_ids=656 txRnti=3 sender_l2_id=3 receiver_l2_id=1 harq_id=0 tb_size=2083 tbler=0.936151 sinr=0.72417 sinrMin=0.6429 reason=sci2_decode_fail,000080,11_4,leader_to_rsu,656,656,1
35280,10,PHY,PSSCH_DECODE_OK,654,16,19,1945,,,,5,17043,0,,[NRSL_PHY_EVENT] event=PSSCH_DECODE_OK request_ids=654 txRnti=16 sender_l2_id=16 receiver_l2_id=19 harq_id=5 tb_size=1945 tbler=0 sinr=17043 sinrMin=12657.1 reason=,000080,15_8,member_to_leader,654,654,1
35281,10,HARQ,HARQ_ACK,654,16,19,,,,,5,,,,[NRSL_HARQ_EVENT] event=HARQ_ACK request_ids=654 txRnti=16 sender_l2_id=16 receiver_l2_id=19 rxRnti=19 harq_id=5 bwp_id=0,000080,15_8,member_to_leader,654,654,1
35377,10,PHY,PSSCH_DECODE_FAIL,640,3,21,4069,,,,2,23.4131,1,decode_fail,[NRSL_PHY_EVENT] event=PSSCH_DECODE_FAIL request_ids=640 txRnti=3 sender_l2_id=3 receiver_l2_id=21 harq_id=2 tb_size=4069 tbler=1 sinr=23.4131 sinrMin=16.0495 reason=decode_fail,000080,11_6,member_to_leader,640,640,1
35378,10,HARQ,HARQ_NACK,640,3,21,,,,,2,,,,[NRSL_HARQ_EVENT] event=HARQ_NACK request_ids=640 txRnti=3 sender_l2_id=3 receiver_l2_id=21 rxRnti=21 harq_id=2 bwp_id=0,000080,11_6,member_to_leader,640,640,1
35421,10,PHY,PSSCH_DECODE_OK,659,19,14,4069,,,,5,4228.97,0,,[NRSL_PHY_EVENT] event=PSSCH_DECODE_OK request_ids=659 txRnti=19 sender_l2_id=19 receiver_l2_id=14 harq_id=5 tb_size=4069 tbler=0 sinr=4228.97 sinrMin=4005.64 reason=,000080,14_11,member_to_leader,659,659,1
35422,10,HARQ,HARQ_ACK,659,19,14,,,,,5,,,,[NRSL_HARQ_EVENT] event=HARQ_ACK request_ids=659 txRnti=19 sender_l2_id=19 receiver_l2_id=14 rxRnti=14 harq_id=5 bwp_id=0,000080,14_11,member_to_leader,659,659,1
35498,10,PHY,PSSCH_DECODE_FAIL,669,16,1,2083,,,,8,0.993479,1,sci2_decode_fail,[NRSL_PHY_EVENT] event=PSSCH_DECODE_FAIL request_ids=669 txRnti=16 sender_l2_id=16 receiver_l2_id=1 harq_id=8 tb_size=2083 tbler=1 sinr=0.993479 sinrMin=0.048329 reason=sci2_decode_fail,000080,15_5,leader_to_rsu,669,669,1
35500,10,PHY,PSSCH_DECODE_FAIL,675,14,9,3890,,,,12,30351.3,1,decode_fail,[NRSL_PHY_EVENT] event=PSSCH_DECODE_FAIL request_ids=675 txRnti=14 sender_l2_id=14 receiver_l2_id=9 harq_id=12 tb_size=3890 tbler=1 sinr=30351.3 sinrMin=12.3808 reason=decode_fail,000080,12_10,member_to_leader,675,675,1
35501,10,HARQ,HARQ_NACK,675,14,9,,,,,12,,,,[NRSL_HARQ_EVENT] event=HARQ_NACK request_ids=675 txRnti=14 sender_l2_id=14 receiver_l2_id=9 rxRnti=9 harq_id=12 bwp_id=0,000080,12_10,member_to_leader,675,675,1
35503,10,PHY,PSSCH_DECODE_FAIL,629,2,20,1945,,,,7,1.33666,1,sci2_decode_fail,[NRSL_PHY_EVENT] event=PSSCH_DECODE_FAIL request_ids=629 txRnti=2 sender_l2_id=2 receiver_l2_id=20 harq_id=7 tb_size=1945 tbler=1 sinr=1.33666 sinrMin=0.0786967 reason=sci2_decode_fail,000080,15_3,member_to_leader,629,629,1
35546,10,PHY,PSSCH_DECODE_OK,657,5,16,4069,,,,0,12438.3,0,,[NRSL_PHY_EVENT] event=PSSCH_DECODE_OK request_ids=657 txRnti=5 sender_l2_id=5 receiver_l2_id=16 harq_id=0 tb_size=4069 tbler=0 sinr=12438.3 sinrMin=10217.9 reason=,000080,16_4,member_to_leader,657,657,1
35547,10,HARQ,HARQ_ACK,657,5,16,,,,,0,,,,[NRSL_HARQ_EVENT] event=HARQ_ACK request_ids=657 txRnti=5 sender_l2_id=5 receiver_l2_id=16 rxRnti=16 harq_id=0 bwp_id=0,000080,16_4,member_to_leader,657,657,1
35592,10,PHY,PSSCH_DECODE_OK,626,16,5,4069,,,,9,6373.61,0,,[NRSL_PHY_EVENT] event=PSSCH_DECODE_OK request_ids=626 txRnti=16 sender_l2_id=16 receiver_l2_id=5 harq_id=9 tb_size=4069 tbler=0 sinr=6373.61 sinrMin=2864.1 reason=,000080,17_5,member_to_leader,626,626,1
35593,10,HARQ,HARQ_ACK,626,16,5,,,,,9,,,,[NRSL_HARQ_EVENT] event=HARQ_ACK request_ids=626 txRnti=16 sender_l2_id=16 receiver_l2_id=5 rxRnti=5 harq_id=9 bwp_id=0,000080,17_5,member_to_leader,626,626,1
35637,10,PHY,PSSCH_DECODE_OK,640,3,21,3890,,,,4,85758.4,0,,[NRSL_PHY_EVENT] event=PSSCH_DECODE_OK request_ids=640 txRnti=3 sender_l2_id=3 receiver_l2_id=21 harq_id=4 tb_size=3890 tbler=0 sinr=85758.4 sinrMin=49108.2 reason=,000080,11_6,member_to_leader,640,640,1
35638,10,HARQ,HARQ_ACK,640,3,21,,,,,4,,,,[NRSL_HARQ_EVENT] event=HARQ_ACK request_ids=640 txRnti=3 sender_l2_id=3 receiver_l2_id=21 rxRnti=21 harq_id=4 bwp_id=0,000080,11_6,member_to_leader,640,640,1
35723,10,PHY,PSSCH_DECODE_FAIL,648,20,2,3890,,,,4,5.14075,1,decode_fail,[NRSL_PHY_EVENT] event=PSSCH_DECODE_FAIL request_ids=648 txRnti=20 sender_l2_id=20 receiver_l2_id=2 harq_id=4 tb_size=3890 tbler=1 sinr=5.14075 sinrMin=2.13611 reason=decode_fail,000080,15_2,member_to_leader,648,648,1
35724,10,HARQ,HARQ_NACK,648,20,2,,,,,4,,,,[NRSL_HARQ_EVENT] event=HARQ_NACK request_ids=648 txRnti=20 sender_l2_id=20 receiver_l2_id=2 rxRnti=2 harq_id=4 bwp_id=0,000080,15_2,member_to_leader,648,648,1
35767,10,PHY,PSSCH_DECODE_OK,663,19,14,4069,,,,9,4333.78,0,,[NRSL_PHY_EVENT] event=PSSCH_DECODE_OK request_ids=663 txRnti=19 sender_l2_id=19 receiver_l2_id=14 harq_id=9 tb_size=4069 tbler=0 sinr=4333.78 sinrMin=3256.64 reason=,000080,13_9,member_to_leader,663,663,1
35768,10,HARQ,HARQ_ACK,663,19,14,,,,,9,,,,[NRSL_HARQ_EVENT] event=HARQ_ACK request_ids=663 txRnti=19 sender_l2_id=19 receiver_l2_id=14 rxRnti=14 harq_id=9 bwp_id=0,000080,13_9,member_to_leader,663,663,1
35811,10,PHY,PSSCH_DECODE_OK,663,19,14,3890,,,,14,4133.42,0,,[NRSL_PHY_EVENT] event=PSSCH_DECODE_OK request_ids=663 txRnti=19 sender_l2_id=19 receiver_l2_id=14 harq_id=14 tb_size=3890 tbler=0 sinr=4133.42 sinrMin=3032.59 reason=,000080,13_9,member_to_leader,663,663,1
35812,10,HARQ,HARQ_ACK,663,19,14,,,,,14,,,,[NRSL_HARQ_EVENT] event=HARQ_ACK request_ids=663 txRnti=19 sender_l2_id=19 receiver_l2_id=14 rxRnti=14 harq_id=14 bwp_id=0,000080,13_9,member_to_leader,663,663,1
35855,10,PHY,PSSCH_DECODE_OK,665,5,16,4069,,,,1,22914.3,0,,[NRSL_PHY_EVENT] event=PSSCH_DECODE_OK request_ids=665 txRnti=5 sender_l2_id=5 receiver_l2_id=16 harq_id=1 tb_size=4069 tbler=0 sinr=22914.3 sinrMin=16024.6 reason=,000080,16_5,member_to_leader,665,665,1
35856,10,HARQ,HARQ_ACK,665,5,16,,,,,1,,,,[NRSL_HARQ_EVENT] event=HARQ_ACK request_ids=665 txRnti=5 sender_l2_id=5 receiver_l2_id=16 rxRnti=16 harq_id=1 bwp_id=0,000080,16_5,member_to_leader,665,665,1
35901,10,PHY,PSSCH_DECODE_OK,646,16,5,4069,,,,6,34718.7,0,,[NRSL_PHY_EVENT] event=PSSCH_DECODE_OK request_ids=646 txRnti=16 sender_l2_id=16 receiver_l2_id=5 harq_id=6 tb_size=4069 tbler=0 sinr=34718.7 sinrMin=33456.4 reason=,000080,16_8,member_to_leader,646,646,1
35902,10,HARQ,HARQ_ACK,646,16,5,,,,,6,,,,[NRSL_HARQ_EVENT] event=HARQ_ACK request_ids=646 txRnti=16 sender_l2_id=16 receiver_l2_id=5 rxRnti=5 harq_id=6 bwp_id=0,000080,16_8,member_to_leader,646,646,1
35925,10,PHY,PSSCH_DECODE_OK,667,4,13,6,,,,13,1430350.0,0,,[NRSL_PHY_EVENT] event=PSSCH_DECODE_OK request_ids=667 txRnti=4 sender_l2_id=4 receiver_l2_id=13 harq_id=13 tb_size=6 tbler=0 sinr=1.43035e+06 sinrMin=1.41091e+06 reason=,000080,13_1,member_to_leader,667,667,1
35926,10,HARQ,HARQ_ACK,667,4,13,,,,,13,,,,[NRSL_HARQ_EVENT] event=HARQ_ACK request_ids=667 txRnti=4 sender_l2_id=4 receiver_l2_id=13 rxRnti=13 harq_id=13 bwp_id=0,000080,13_1,member_to_leader,667,667,1
36008,10,PHY,PSSCH_DECODE_OK,631,21,3,6,,,,3,29401,0,,[NRSL_PHY_EVENT] event=PSSCH_DECODE_OK request_ids=631 txRnti=21 sender_l2_id=21 receiver_l2_id=3 harq_id=3 tb_size=6 tbler=0 sinr=29401 sinrMin=25332.8 reason=,000080,11_5,member_to_leader,631,631,1
36009,10,HARQ,HARQ_ACK,631,21,3,,,,,3,,,,[NRSL_HARQ_EVENT] event=HARQ_ACK request_ids=631 txRnti=21 sender_l2_id=21 receiver_l2_id=3 rxRnti=3 harq_id=3 bwp_id=0,000080,11_5,member_to_leader,631,631,1
36011,10,PHY,PSSCH_DECODE_FAIL,644,2,13,6,,,,9,21.2649,0.911347,decode_fail,[NRSL_PHY_EVENT] event=PSSCH_DECODE_FAIL request_ids=644 txRnti=2 sender_l2_id=2 receiver_l2_id=13 harq_id=9 tb_size=6 tbler=0.911347 sinr=21.2649 sinrMin=21.2036 reason=decode_fail,000080,14_0,member_to_leader,644,644,1
36012,10,HARQ,HARQ_NACK,644,2,13,,,,,9,,,,[NRSL_HARQ_EVENT] event=HARQ_NACK request_ids=644 txRnti=2 sender_l2_id=2 receiver_l2_id=13 rxRnti=13 harq_id=9 bwp_id=0,000080,14_0,member_to_leader,644,644,1
36014,10,PHY,PSSCH_DECODE_FAIL,665,5,16,4069,,,,2,23277.3,0.842035,decode_fail,[NRSL_PHY_EVENT] event=PSSCH_DECODE_FAIL request_ids=665 txRnti=5 sender_l2_id=5 receiver_l2_id=16 harq_id=2 tb_size=4069 tbler=0.842035 sinr=23277.3 sinrMin=0.539173 reason=decode_fail,000080,16_5,member_to_leader,665,665,1
36015,10,HARQ,HARQ_NACK,665,5,16,,,,,2,,,,[NRSL_HARQ_EVENT] event=HARQ_NACK request_ids=665 txRnti=5 sender_l2_id=5 receiver_l2_id=16 rxRnti=16 harq_id=2 bwp_id=0,000080,16_5,member_to_leader,665,665,1
36107,10,PHY,PSSCH_DECODE_OK,614,13,4,6,,,,7,46.8924,0.013,,[NRSL_PHY_EVENT] event=PSSCH_DECODE_OK request_ids=614 txRnti=13 sender_l2_id=13 receiver_l2_id=4 harq_id=7 tb_size=6 tbler=0.013 sinr=46.8924 sinrMin=43.2041 reason=,000080,13_2,member_to_leader,614,614,1
36108,10,HARQ,HARQ_ACK,614,13,4,,,,,7,,,,[NRSL_HARQ_EVENT] event=HARQ_ACK request_ids=614 txRnti=13 sender_l2_id=13 receiver_l2_id=4 rxRnti=4 harq_id=7 bwp_id=0,000080,13_2,member_to_leader,614,614,1
36110,10,PHY,PSSCH_DECODE_OK,646,16,5,4069,,,,11,19432.5,0.842035,,[NRSL_PHY_EVENT] event=PSSCH_DECODE_OK request_ids=646 txRnti=16 sender_l2_id=16 receiver_l2_id=5 harq_id=11 tb_size=4069 tbler=0.842035 sinr=19432.5 sinrMin=0.101395 reason=,000080,16_8,member_to_leader,646,646,1
36111,10,HARQ,HARQ_ACK,646,16,5,,,,,11,,,,[NRSL_HARQ_EVENT] event=HARQ_ACK request_ids=646 txRnti=16 sender_l2_id=16 receiver_l2_id=5 rxRnti=5 harq_id=11 bwp_id=0,000080,16_8,member_to_leader,646,646,1
36113,10,PHY,PSSCH_DECODE_FAIL,650,21,12,6,,,,1,8.06449,1,decode_fail,[NRSL_PHY_EVENT] event=PSSCH_DECODE_FAIL request_ids=650 txRnti=21 sender_l2_id=21 receiver_l2_id=12 harq_id=1 tb_size=6 tbler=1 sinr=8.06449 sinrMin=7.73613 reason=decode_fail,000080,11_8,member_to_leader,650,650,1
36114,10,HARQ,HARQ_NACK,650,21,12,,,,,1,,,,[NRSL_HARQ_EVENT] event=HARQ_NACK request_ids=650 txRnti=21 sender_l2_id=21 receiver_l2_id=12 rxRnti=12 harq_id=1 bwp_id=0,000080,11_8,member_to_leader,650,650,1
36156,10,PHY,PSSCH_DECODE_OK,616,14,17,6,,,,11,498119,0,,[NRSL_PHY_EVENT] event=PSSCH_DECODE_OK request_ids=616 txRnti=14 sender_l2_id=14 receiver_l2_id=17 harq_id=11 tb_size=6 tbler=0 sinr=498119 sinrMin=486835 reason=,000080,12_9,member_to_leader,616,616,1
36157,10,HARQ,HARQ_ACK,616,14,17,,,,,11,,,,[NRSL_HARQ_EVENT] event=HARQ_ACK request_ids=616 txRnti=14 sender_l2_id=14 receiver_l2_id=17 rxRnti=17 harq_id=11 bwp_id=0,000080,12_9,member_to_leader,616,616,1
36159,10,PHY,PSSCH_DECODE_OK,654,16,19,6,,,,10,106591,0,,[NRSL_PHY_EVENT] event=PSSCH_DECODE_OK request_ids=654 txRnti=16 sender_l2_id=16 receiver_l2_id=19 harq_id=10 tb_size=6 tbler=0 sinr=106591 sinrMin=101726 reason=,000080,15_8,member_to_leader,654,654,1
36160,10,HARQ,HARQ_ACK,654,16,19,,,,,10,,,,[NRSL_HARQ_EVENT] event=HARQ_ACK request_ids=654 txRnti=16 sender_l2_id=16 receiver_l2_id=19 rxRnti=19 harq_id=10 bwp_id=0,000080,15_8,member_to_leader,654,654,1
36184,10,PHY,PSSCH_DECODE_OK,665,5,16,1937,,,,3,66968.7,0,,[NRSL_PHY_EVENT] event=PSSCH_DECODE_OK request_ids=665 txRnti=5 sender_l2_id=5 receiver_l2_id=16 harq_id=3 tb_size=1937 tbler=0 sinr=66968.7 sinrMin=60000.2 reason=,000080,16_5,member_to_leader,665,665,1
36185,10,HARQ,HARQ_ACK,665,5,16,,,,,3,,,,[NRSL_HARQ_EVENT] event=HARQ_ACK request_ids=665 txRnti=5 sender_l2_id=5 receiver_l2_id=16 rxRnti=16 harq_id=3 bwp_id=0,000080,16_5,member_to_leader,665,665,1
36210,10,PHY,PSSCH_DECODE_OK,629,2,20,6,,,,10,142966,0,,[NRSL_PHY_EVENT] event=PSSCH_DECODE_OK request_ids=629 txRnti=2 sender_l2_id=2 receiver_l2_id=20 harq_id=10 tb_size=6 tbler=0 sinr=142966 sinrMin=140449 reason=,000080,15_3,member_to_leader,629,629,1
36211,10,HARQ,HARQ_ACK,629,2,20,,,,,10,,,,[NRSL_HARQ_EVENT] event=HARQ_ACK request_ids=629 txRnti=2 sender_l2_id=2 receiver_l2_id=20 rxRnti=20 harq_id=10 bwp_id=0,000080,15_3,member_to_leader,629,629,1
36236,10,PHY,PSSCH_DECODE_OK,675,14,9,10,,,,14,2088850.0,0,,[NRSL_PHY_EVENT] event=PSSCH_DECODE_OK request_ids=675 txRnti=14 sender_l2_id=14 receiver_l2_id=9 harq_id=14 tb_size=10 tbler=0 sinr=2.08885e+06 sinrMin=2.00669e+06 reason=,000080,12_10,member_to_leader,675,675,1
36237,10,HARQ,HARQ_ACK,675,14,9,,,,,14,,,,[NRSL_HARQ_EVENT] event=HARQ_ACK request_ids=675 txRnti=14 sender_l2_id=14 receiver_l2_id=9 rxRnti=9 harq_id=14 bwp_id=0,000080,12_10,member_to_leader,675,675,1
36280,10,PHY,PSSCH_DECODE_OK,648,20,2,10,,,,6,137089,0,,[NRSL_PHY_EVENT] event=PSSCH_DECODE_OK request_ids=648 txRnti=20 sender_l2_id=20 receiver_l2_id=2 harq_id=6 tb_size=10 tbler=0 sinr=137089 sinrMin=134270 reason=,000080,15_2,member_to_leader,648,648,1
36281,10,HARQ,HARQ_ACK,648,20,2,,,,,6,,,,[NRSL_HARQ_EVENT] event=HARQ_ACK request_ids=648 txRnti=20 sender_l2_id=20 receiver_l2_id=2 rxRnti=2 harq_id=6 bwp_id=0,000080,15_2,member_to_leader,648,648,1
36283,10,PHY,PSSCH_DECODE_OK,663,19,14,10,,,,1,55037.7,0,,[NRSL_PHY_EVENT] event=PSSCH_DECODE_OK request_ids=663 txRnti=19 sender_l2_id=19 receiver_l2_id=14 harq_id=1 tb_size=10 tbler=0 sinr=55037.7 sinrMin=53364 reason=,000080,13_9,member_to_leader,663,663,1
36284,10,HARQ,HARQ_ACK,663,19,14,,,,,1,,,,[NRSL_HARQ_EVENT] event=HARQ_ACK request_ids=663 txRnti=19 sender_l2_id=19 receiver_l2_id=14 rxRnti=14 harq_id=1 bwp_id=0,000080,13_9,member_to_leader,663,663,1
36328,10,PHY,PSSCH_DECODE_OK,673,16,5,4069,,,,12,24711.5,0,,[NRSL_PHY_EVENT] event=PSSCH_DECODE_OK request_ids=673 txRnti=16 sender_l2_id=16 receiver_l2_id=5 harq_id=12 tb_size=4069 tbler=0 sinr=24711.5 sinrMin=22160.6 reason=,000080,16_6,member_to_leader,673,673,1
36329,10,HARQ,HARQ_ACK,673,16,5,,,,,12,,,,[NRSL_HARQ_EVENT] event=HARQ_ACK request_ids=673 txRnti=16 sender_l2_id=16 receiver_l2_id=5 rxRnti=5 harq_id=12 bwp_id=0,000080,16_6,member_to_leader,673,673,1
36352,10,PHY,PSSCH_DECODE_OK,640,3,21,10,,,,3,377620,0,,[NRSL_PHY_EVENT] event=PSSCH_DECODE_OK request_ids=640 txRnti=3 sender_l2_id=3 receiver_l2_id=21 harq_id=3 tb_size=10 tbler=0 sinr=377620 sinrMin=372812 reason=,000080,11_6,member_to_leader,640,640,1
36353,10,HARQ,HARQ_ACK,640,3,21,,,,,3,,,,[NRSL_HARQ_EVENT] event=HARQ_ACK request_ids=640 txRnti=3 sender_l2_id=3 receiver_l2_id=21 rxRnti=21 harq_id=3 bwp_id=0,000080,11_6,member_to_leader,640,640,1
36397,10,PHY,PSSCH_DECODE_OK,673,16,5,4069,,,,14,23136,0,,[NRSL_PHY_EVENT] event=PSSCH_DECODE_OK request_ids=673 txRnti=16 sender_l2_id=16 receiver_l2_id=5 harq_id=14 tb_size=4069 tbler=0 sinr=23136 sinrMin=16255.4 reason=,000080,16_6,member_to_leader,673,673,1
36398,10,HARQ,HARQ_ACK,673,16,5,,,,,14,,,,[NRSL_HARQ_EVENT] event=HARQ_ACK request_ids=673 txRnti=16 sender_l2_id=16 receiver_l2_id=5 rxRnti=5 harq_id=14 bwp_id=0,000080,16_6,member_to_leader,673,673,1
36422,10,PHY,PSSCH_DECODE_OK,673,16,5,1937,,,,15,27551.7,0,,[NRSL_PHY_EVENT] event=PSSCH_DECODE_OK request_ids=673 txRnti=16 sender_l2_id=16 receiver_l2_id=5 harq_id=15 tb_size=1937 tbler=0 sinr=27551.7 sinrMin=19766.7 reason=,000080,16_6,member_to_leader,673,673,1
36423,10,HARQ,HARQ_ACK,673,16,5,,,,,15,,,,[NRSL_HARQ_EVENT] event=HARQ_ACK request_ids=673 txRnti=16 sender_l2_id=16 receiver_l2_id=5 rxRnti=5 harq_id=15 bwp_id=0,000080,16_6,member_to_leader,673,673,1
36447,10,PHY,PSSCH_DECODE_OK,665,5,16,14,,,,4,363415,0,,[NRSL_PHY_EVENT] event=PSSCH_DECODE_OK request_ids=665 txRnti=5 sender_l2_id=5 receiver_l2_id=16 harq_id=4 tb_size=14 tbler=0 sinr=363415 sinrMin=361825 reason=,000080,16_5,member_to_leader,665,665,1
36448,10,HARQ,HARQ_ACK,665,5,16,,,,,4,,,,[NRSL_HARQ_EVENT] event=HARQ_ACK request_ids=665 txRnti=5 sender_l2_id=5 receiver_l2_id=16 rxRnti=16 harq_id=4 bwp_id=0,000080,16_5,member_to_leader,665,665,1
36472,10,PHY,PSSCH_DECODE_OK,673,16,5,14,,,,13,275541,0,,[NRSL_PHY_EVENT] event=PSSCH_DECODE_OK request_ids=673 txRnti=16 sender_l2_id=16 receiver_l2_id=5 harq_id=13 tb_size=14 tbler=0 sinr=275541 sinrMin=273576 reason=,000080,16_6,member_to_leader,673,673,1
36473,10,HARQ,HARQ_ACK,673,16,5,,,,,13,,,,[NRSL_HARQ_EVENT] event=HARQ_ACK request_ids=673 txRnti=16 sender_l2_id=16 receiver_l2_id=5 rxRnti=5 harq_id=13 bwp_id=0,000080,16_6,member_to_leader,673,673,1
