Format = auto
Extension = pcd
Format = auto
Extension = pcd
Format = auto
Extension = pcd
Format = auto
Extension = pcd
Format = auto
Extension = pcd
Format = auto
Extension = pcd
Format = auto
Extension = pcd
Format = auto
Extension = pcd
Format = auto
Extension = pcd
Format = auto
Extension = pcd
Format = auto
Extension = pcd
Format = auto
Extension = pcd
Format = auto
Extension = pcd
Format = auto
Extension = pcd
Format = auto
Extension = pcd
Format = auto
Extension = pcd
Format = auto
Extension = pcd
Format = auto
Extension = pcd
Format = auto
Extension = pcd
Format = auto
Extension = pcd
Format = auto
Extension = pcd
Format = auto
Extension = pcd
Format = auto
Extension = pcd
Format = auto
Extension = pcd
Format = auto
Extension = pcd
Format = auto
Extension = pcd
Format = auto
Extension = pcd
Format = auto
Extension = pcd
Format = auto
Extension = pcd
Format = auto
Extension = pcd
Format = auto
Extension = pcd
Format = auto
Extension = pcd
Format = auto
Extension = pcd
Format = auto
Extension = pcd
Format = auto
Extension = pcd
Format = auto
Extension = pcd
Format = auto
Extension = pcd
Format = auto
Extension = pcd
Format = auto
Extension = pcd
Format = auto
Extension = pcd
Format = auto
Extension = pcd
Format = auto
Extension = pcd
Format = auto
Extension = pcd
Format = auto
Extension = pcd
Format = auto
Extension = pcd
Format = auto
Extension = pcd
Format = auto
Extension = pcd
Format = auto
Extension = pcd
Format = auto
Extension = pcd
Format = auto
Extension = pcd
Format = auto
Extension = pcd
Format = auto
Extension = pcd
Format = auto
Extension = pcd
Format = auto
Extension = pcd
Format = auto
Extension = pcd
Format = auto
Extension = pcd
Format = auto
Extension = pcd
Format = auto
Extension = pcd
Format = auto
Extension = pcd
Format = auto
Extension = pcd
resuming by loading epoch 10000
frame=1/41 late_source=1/20 scenario=2026_07_29_02_32_08 timestamp=000060 receiver=1 cavs=[1] pred_boxes=21 gt_boxes=41 comm_bytes=0
frame=1/41 late_source=2/20 scenario=2026_07_29_02_32_08 timestamp=000060 receiver=2 cavs=[2] pred_boxes=22 gt_boxes=35 comm_bytes=0
frame=1/41 late_source=3/20 scenario=2026_07_29_02_32_08 timestamp=000060 receiver=3 cavs=[3, 18] pred_boxes=7 gt_boxes=19 comm_bytes=166896
frame=1/41 late_source=4/20 scenario=2026_07_29_02_32_08 timestamp=000060 receiver=4 cavs=[4] pred_boxes=20 gt_boxes=39 comm_bytes=0
frame=1/41 late_source=5/20 scenario=2026_07_29_02_32_08 timestamp=000060 receiver=5 cavs=[5] pred_boxes=16 gt_boxes=33 comm_bytes=0
frame=1/41 late_source=6/20 scenario=2026_07_29_02_32_08 timestamp=000060 receiver=6 cavs=[6, 15] pred_boxes=12 gt_boxes=21 comm_bytes=16
frame=1/41 late_source=7/20 scenario=2026_07_29_02_32_08 timestamp=000060 receiver=7 cavs=[7, 8] pred_boxes=22 gt_boxes=59 comm_bytes=153088
frame=1/41 late_source=8/20 scenario=2026_07_29_02_32_08 timestamp=000060 receiver=8 cavs=[8] pred_boxes=29 gt_boxes=43 comm_bytes=0
frame=1/41 late_source=9/20 scenario=2026_07_29_02_32_08 timestamp=000060 receiver=9 cavs=[9] pred_boxes=13 gt_boxes=31 comm_bytes=0
frame=1/41 late_source=10/20 scenario=2026_07_29_02_32_08 timestamp=000060 receiver=10 cavs=[10, 5, 8] pred_boxes=20 gt_boxes=60 comm_bytes=300688
frame=1/41 late_source=11/20 scenario=2026_07_29_02_32_08 timestamp=000060 receiver=11 cavs=[11] pred_boxes=19 gt_boxes=40 comm_bytes=0
frame=1/41 late_source=12/20 scenario=2026_07_29_02_32_08 timestamp=000060 receiver=12 cavs=[12, 8] pred_boxes=17 gt_boxes=55 comm_bytes=153088
frame=1/41 late_source=13/20 scenario=2026_07_29_02_32_08 timestamp=000060 receiver=13 cavs=[13] pred_boxes=4 gt_boxes=18 comm_bytes=0
frame=1/41 late_source=14/20 scenario=2026_07_29_02_32_08 timestamp=000060 receiver=14 cavs=[14] pred_boxes=0 gt_boxes=0 comm_bytes=0
frame=1/41 late_source=15/20 scenario=2026_07_29_02_32_08 timestamp=000060 receiver=15 cavs=[15] pred_boxes=17 gt_boxes=21 comm_bytes=0
frame=1/41 late_source=16/20 scenario=2026_07_29_02_32_08 timestamp=000060 receiver=16 cavs=[16] pred_boxes=18 gt_boxes=32 comm_bytes=0
frame=1/41 late_source=17/20 scenario=2026_07_29_02_32_08 timestamp=000060 receiver=17 cavs=[17, 18] pred_boxes=11 gt_boxes=18 comm_bytes=155744
frame=1/41 late_source=18/20 scenario=2026_07_29_02_32_08 timestamp=000060 receiver=18 cavs=[18] pred_boxes=6 gt_boxes=7 comm_bytes=0
frame=1/41 late_source=19/20 scenario=2026_07_29_02_32_08 timestamp=000060 receiver=19 cavs=[19, 5] pred_boxes=3 gt_boxes=39 comm_bytes=149280
frame=1/41 late_source=20/20 scenario=2026_07_29_02_32_08 timestamp=000060 receiver=20 cavs=[20] pred_boxes=21 gt_boxes=31 comm_bytes=0
sgcp_late_fusion frame=1/41 scenario=2026_07_29_02_32_08 timestamp=000060 sources=20 fused_pred_boxes=78 fused_gt_boxes=71
frame=2/41 late_source=1/20 scenario=2026_07_29_02_32_08 timestamp=000062 receiver=1 cavs=[1, 8] pred_boxes=24 gt_boxes=49 comm_bytes=944
frame=2/41 late_source=2/20 scenario=2026_07_29_02_32_08 timestamp=000062 receiver=2 cavs=[2] pred_boxes=22 gt_boxes=35 comm_bytes=0
frame=2/41 late_source=3/20 scenario=2026_07_29_02_32_08 timestamp=000062 receiver=3 cavs=[3, 18] pred_boxes=10 gt_boxes=19 comm_bytes=155744
frame=2/41 late_source=4/20 scenario=2026_07_29_02_32_08 timestamp=000062 receiver=4 cavs=[4, 8] pred_boxes=21 gt_boxes=51 comm_bytes=153088
frame=2/41 late_source=5/20 scenario=2026_07_29_02_32_08 timestamp=000062 receiver=5 cavs=[5] pred_boxes=14 gt_boxes=32 comm_bytes=0
frame=2/41 late_source=6/20 scenario=2026_07_29_02_32_08 timestamp=000062 receiver=6 cavs=[6, 15] pred_boxes=13 gt_boxes=21 comm_bytes=6352
frame=2/41 late_source=7/20 scenario=2026_07_29_02_32_08 timestamp=000062 receiver=7 cavs=[7, 8] pred_boxes=22 gt_boxes=60 comm_bytes=153088
frame=2/41 late_source=8/20 scenario=2026_07_29_02_32_08 timestamp=000062 receiver=8 cavs=[8] pred_boxes=27 gt_boxes=43 comm_bytes=0
frame=2/41 late_source=9/20 scenario=2026_07_29_02_32_08 timestamp=000062 receiver=9 cavs=[9] pred_boxes=13 gt_boxes=31 comm_bytes=0
frame=2/41 late_source=10/20 scenario=2026_07_29_02_32_08 timestamp=000062 receiver=10 cavs=[10, 8] pred_boxes=20 gt_boxes=52 comm_bytes=153088
frame=2/41 late_source=11/20 scenario=2026_07_29_02_32_08 timestamp=000062 receiver=11 cavs=[11, 9] pred_boxes=19 gt_boxes=51 comm_bytes=64
frame=2/41 late_source=12/20 scenario=2026_07_29_02_32_08 timestamp=000062 receiver=12 cavs=[12, 8] pred_boxes=18 gt_boxes=55 comm_bytes=153088
frame=2/41 late_source=13/20 scenario=2026_07_29_02_32_08 timestamp=000062 receiver=13 cavs=[13] pred_boxes=4 gt_boxes=18 comm_bytes=0
Warning: len(pillar_features.shape) == 1
frame=2/41 late_source=14/20 scenario=2026_07_29_02_32_08 timestamp=000062 receiver=14 cavs=[14] pred_boxes=0 gt_boxes=0 comm_bytes=0
frame=2/41 late_source=15/20 scenario=2026_07_29_02_32_08 timestamp=000062 receiver=15 cavs=[15] pred_boxes=16 gt_boxes=21 comm_bytes=0
frame=2/41 late_source=16/20 scenario=2026_07_29_02_32_08 timestamp=000062 receiver=16 cavs=[16] pred_boxes=17 gt_boxes=32 comm_bytes=0
frame=2/41 late_source=17/20 scenario=2026_07_29_02_32_08 timestamp=000062 receiver=17 cavs=[17, 18] pred_boxes=9 gt_boxes=19 comm_bytes=155744
frame=2/41 late_source=18/20 scenario=2026_07_29_02_32_08 timestamp=000062 receiver=18 cavs=[18] pred_boxes=6 gt_boxes=7 comm_bytes=0
frame=2/41 late_source=19/20 scenario=2026_07_29_02_32_08 timestamp=000062 receiver=19 cavs=[19, 5] pred_boxes=5 gt_boxes=39 comm_bytes=147600
frame=2/41 late_source=20/20 scenario=2026_07_29_02_32_08 timestamp=000062 receiver=20 cavs=[20] pred_boxes=21 gt_boxes=31 comm_bytes=0
sgcp_late_fusion frame=2/41 scenario=2026_07_29_02_32_08 timestamp=000062 sources=20 fused_pred_boxes=81 fused_gt_boxes=71
frame=3/41 late_source=1/20 scenario=2026_07_29_02_32_08 timestamp=000064 receiver=1 cavs=[1] pred_boxes=22 gt_boxes=40 comm_bytes=0
frame=3/41 late_source=2/20 scenario=2026_07_29_02_32_08 timestamp=000064 receiver=2 cavs=[2] pred_boxes=20 gt_boxes=35 comm_bytes=0
frame=3/41 late_source=3/20 scenario=2026_07_29_02_32_08 timestamp=000064 receiver=3 cavs=[3, 18] pred_boxes=7 gt_boxes=19 comm_bytes=166848
frame=3/41 late_source=4/20 scenario=2026_07_29_02_32_08 timestamp=000064 receiver=4 cavs=[4] pred_boxes=22 gt_boxes=41 comm_bytes=0
frame=3/41 late_source=5/20 scenario=2026_07_29_02_32_08 timestamp=000064 receiver=5 cavs=[5] pred_boxes=14 gt_boxes=32 comm_bytes=0
frame=3/41 late_source=6/20 scenario=2026_07_29_02_32_08 timestamp=000064 receiver=6 cavs=[6] pred_boxes=12 gt_boxes=13 comm_bytes=0
frame=3/41 late_source=7/20 scenario=2026_07_29_02_32_08 timestamp=000064 receiver=7 cavs=[7, 8] pred_boxes=24 gt_boxes=60 comm_bytes=153088
frame=3/41 late_source=8/20 scenario=2026_07_29_02_32_08 timestamp=000064 receiver=8 cavs=[8] pred_boxes=26 gt_boxes=43 comm_bytes=0
frame=3/41 late_source=9/20 scenario=2026_07_29_02_32_08 timestamp=000064 receiver=9 cavs=[9] pred_boxes=9 gt_boxes=31 comm_bytes=0
frame=3/41 late_source=10/20 scenario=2026_07_29_02_32_08 timestamp=000064 receiver=10 cavs=[10, 5, 8] pred_boxes=17 gt_boxes=60 comm_bytes=300688
frame=3/41 late_source=11/20 scenario=2026_07_29_02_32_08 timestamp=000064 receiver=11 cavs=[11, 9] pred_boxes=20 gt_boxes=51 comm_bytes=64
frame=3/41 late_source=12/20 scenario=2026_07_29_02_32_08 timestamp=000064 receiver=12 cavs=[12, 8] pred_boxes=16 gt_boxes=54 comm_bytes=153088
frame=3/41 late_source=13/20 scenario=2026_07_29_02_32_08 timestamp=000064 receiver=13 cavs=[13] pred_boxes=3 gt_boxes=18 comm_bytes=0
frame=3/41 late_source=14/20 scenario=2026_07_29_02_32_08 timestamp=000064 receiver=14 cavs=[14] pred_boxes=0 gt_boxes=0 comm_bytes=0
frame=3/41 late_source=15/20 scenario=2026_07_29_02_32_08 timestamp=000064 receiver=15 cavs=[15] pred_boxes=17 gt_boxes=21 comm_bytes=0
frame=3/41 late_source=16/20 scenario=2026_07_29_02_32_08 timestamp=000064 receiver=16 cavs=[16] pred_boxes=15 gt_boxes=34 comm_bytes=0
frame=3/41 late_source=17/20 scenario=2026_07_29_02_32_08 timestamp=000064 receiver=17 cavs=[17, 18] pred_boxes=7 gt_boxes=18 comm_bytes=155728Format = auto
Extension = pcd
Format = auto
Extension = pcd
Format = auto
Extension = pcd
Format = auto
Extension = pcd
Format = auto
Extension = pcd
Format = auto
Extension = pcd
Format = auto
Extension = pcd
Format = auto
Extension = pcd
Format = auto
Extension = pcd
Format = auto
Extension = pcd
Format = auto
Extension = pcd
Format = auto
Extension = pcd
Format = auto
Extension = pcd
Format = auto
Extension = pcd
Format = auto
Extension = pcd
Format = auto
Extension = pcd
Format = auto
Extension = pcd
Format = auto
Extension = pcd
Format = auto
Extension = pcd
Format = auto
Extension = pcd
Format = auto
Extension = pcd
Format = auto
Extension = pcd
Format = auto
Extension = pcd
Format = auto
Extension = pcd
Format = auto
Extension = pcd
Format = auto
Extension = pcd
Format = auto
Extension = pcd
Format = auto
Extension = pcd
Format = auto
Extension = pcd
Format = auto
Extension = pcd
Format = auto
Extension = pcd
Format = auto
Extension = pcd
Format = auto
Extension = pcd
Format = auto
Extension = pcd
Format = auto
Extension = pcd
Format = auto
Extension = pcd
Format = auto
Extension = pcd
Format = auto
Extension = pcd
Format = auto
Extension = pcd
Format = auto
Extension = pcd
Format = auto
Extension = pcd
Format = auto
Extension = pcd
Format = auto
Extension = pcd
Format = auto
Extension = pcd
Format = auto
Extension = pcd
Format = auto
Extension = pcd
Format = auto
Extension = pcd
Format = auto
Extension = pcd
Format = auto
Extension = pcd
Format = auto
Extension = pcd
Format = auto
Extension = pcd
Format = auto
Extension = pcd
Format = auto
Extension = pcd
Format = auto
Extension = pcd
Format = auto
Extension = pcd
Format = auto
Extension = pcd
Format = auto
Extension = pcd
Format = auto
Extension = pcd
Format = auto
Extension = pcd
Format = auto
Extension = pcd

frame=3/41 late_source=18/20 scenario=2026_07_29_02_32_08 timestamp=000064 receiver=18 cavs=[18] pred_boxes=4 gt_boxes=7 comm_bytes=0
frame=3/41 late_source=19/20 scenario=2026_07_29_02_32_08 timestamp=000064 receiver=19 cavs=[19, 5] pred_boxes=5 gt_boxes=39 comm_bytes=149296
frame=3/41 late_source=20/20 scenario=2026_07_29_02_32_08 timestamp=000064 receiver=20 cavs=[20] pred_boxes=23 gt_boxes=31 comm_bytes=0
sgcp_late_fusion frame=3/41 scenario=2026_07_29_02_32_08 timestamp=000064 sources=20 fused_pred_boxes=80 fused_gt_boxes=71
frame=4/41 late_source=1/20 scenario=2026_07_29_02_32_08 timestamp=000066 receiver=1 cavs=[1] pred_boxes=21 gt_boxes=40 comm_bytes=0
frame=4/41 late_source=2/20 scenario=2026_07_29_02_32_08 timestamp=000066 receiver=2 cavs=[2] pred_boxes=19 gt_boxes=35 comm_bytes=0
frame=4/41 late_source=3/20 scenario=2026_07_29_02_32_08 timestamp=000066 receiver=3 cavs=[3, 18] pred_boxes=9 gt_boxes=19 comm_bytes=167040
frame=4/41 late_source=4/20 scenario=2026_07_29_02_32_08 timestamp=000066 receiver=4 cavs=[4, 8] pred_boxes=19 gt_boxes=50 comm_bytes=512
frame=4/41 late_source=5/20 scenario=2026_07_29_02_32_08 timestamp=000066 receiver=5 cavs=[5] pred_boxes=14 gt_boxes=33 comm_bytes=0
frame=4/41 late_source=6/20 scenario=2026_07_29_02_32_08 timestamp=000066 receiver=6 cavs=[6] pred_boxes=12 gt_boxes=14 comm_bytes=0
frame=4/41 late_source=7/20 scenario=2026_07_29_02_32_08 timestamp=000066 receiver=7 cavs=[7, 8] pred_boxes=24 gt_boxes=59 comm_bytes=153088
frame=4/41 late_source=8/20 scenario=2026_07_29_02_32_08 timestamp=000066 receiver=8 cavs=[8] pred_boxes=26 gt_boxes=42 comm_bytes=0
frame=4/41 late_source=9/20 scenario=2026_07_29_02_32_08 timestamp=000066 receiver=9 cavs=[9] pred_boxes=10 gt_boxes=30 comm_bytes=0
frame=4/41 late_source=10/20 scenario=2026_07_29_02_32_08 timestamp=000066 receiver=10 cavs=[10, 5, 8, 9] pred_boxes=21 gt_boxes=59 comm_bytes=301744
frame=4/41 late_source=11/20 scenario=2026_07_29_02_32_08 timestamp=000066 receiver=11 cavs=[11] pred_boxes=21 gt_boxes=42 comm_bytes=0
frame=4/41 late_source=12/20 scenario=2026_07_29_02_32_08 timestamp=000066 receiver=12 cavs=[12, 8] pred_boxes=15 gt_boxes=54 comm_bytes=153088
frame=4/41 late_source=13/20 scenario=2026_07_29_02_32_08 timestamp=000066 receiver=13 cavs=[13] pred_boxes=4 gt_boxes=18 comm_bytes=0
Warning: len(pillar_features.shape) == 1
frame=4/41 late_source=14/20 scenario=2026_07_29_02_32_08 timestamp=000066 receiver=14 cavs=[14] pred_boxes=0 gt_boxes=0 comm_bytes=0
frame=4/41 late_source=15/20 scenario=2026_07_29_02_32_08 timestamp=000066 receiver=15 cavs=[15] pred_boxes=18 gt_boxes=20 comm_bytes=0
frame=4/41 late_source=16/20 scenario=2026_07_29_02_32_08 timestamp=000066 receiver=16 cavs=[16] pred_boxes=19 gt_boxes=33 comm_bytes=0
frame=4/41 late_source=17/20 scenario=2026_07_29_02_32_08 timestamp=000066 receiver=17 cavs=[17, 18] pred_boxes=9 gt_boxes=18 comm_bytes=155728
frame=4/41 late_source=18/20 scenario=2026_07_29_02_32_08 timestamp=000066 receiver=18 cavs=[18] pred_boxes=4 gt_boxes=7 comm_bytes=0
frame=4/41 late_source=19/20 scenario=2026_07_29_02_32_08 timestamp=000066 receiver=19 cavs=[19, 5] pred_boxes=2 gt_boxes=40 comm_bytes=147600
frame=4/41 late_source=20/20 scenario=2026_07_29_02_32_08 timestamp=000066 receiver=20 cavs=[20] pred_boxes=22 gt_boxes=32 comm_bytes=0
sgcp_late_fusion frame=4/41 scenario=2026_07_29_02_32_08 timestamp=000066 sources=20 fused_pred_boxes=82 fused_gt_boxes=71
frame=5/41 late_source=1/20 scenario=2026_07_29_02_32_08 timestamp=000068 receiver=1 cavs=[1] pred_boxes=20 gt_boxes=40 comm_bytes=0
frame=5/41 late_source=2/20 scenario=2026_07_29_02_32_08 timestamp=000068 receiver=2 cavs=[2] pred_boxes=19 gt_boxes=34 comm_bytes=0
frame=5/41 late_source=3/20 scenario=2026_07_29_02_32_08 timestamp=000068 receiver=3 cavs=[3, 18] pred_boxes=8 gt_boxes=18 comm_bytes=166880
frame=5/41 late_source=4/20 scenario=2026_07_29_02_32_08 timestamp=000068 receiver=4 cavs=[4] pred_boxes=19 gt_boxes=41 comm_bytes=0
frame=5/41 late_source=5/20 scenario=2026_07_29_02_32_08 timestamp=000068 receiver=5 cavs=[5] pred_boxes=14 gt_boxes=33 comm_bytes=0
frame=5/41 late_source=6/20 scenario=2026_07_29_02_32_08 timestamp=000068 receiver=6 cavs=[6, 15] pred_boxes=12 gt_boxes=20 comm_bytes=32
frame=5/41 late_source=7/20 scenario=2026_07_29_02_32_08 timestamp=000068 receiver=7 cavs=[7, 8] pred_boxes=24 gt_boxes=58 comm_bytes=153088
frame=5/41 late_source=8/20 scenario=2026_07_29_02_32_08 timestamp=000068 receiver=8 cavs=[8] pred_boxes=28 gt_boxes=41 comm_bytes=0
frame=5/41 late_source=9/20 scenario=2026_07_29_02_32_08 timestamp=000068 receiver=9 cavs=[9] pred_boxes=10 gt_boxes=30 comm_bytes=0
frame=5/41 late_source=10/20 scenario=2026_07_29_02_32_08 timestamp=000068 receiver=10 cavs=[10, 5, 8] pred_boxes=17 gt_boxes=58 comm_bytes=300688
frame=5/41 late_source=11/20 scenario=2026_07_29_02_32_08 timestamp=000068 receiver=11 cavs=[11] pred_boxes=20 gt_boxes=42 comm_bytes=0
frame=5/41 late_source=12/20 scenario=2026_07_29_02_32_08 timestamp=000068 receiver=12 cavs=[12, 8] pred_boxes=12 gt_boxes=51 comm_bytes=153088
frame=5/41 late_source=13/20 scenario=2026_07_29_02_32_08 timestamp=000068 receiver=13 cavs=[13] pred_boxes=4 gt_boxes=18 comm_bytes=0
frame=5/41 late_source=14/20 scenario=2026_07_29_02_32_08 timestamp=000068 receiver=14 cavs=[14] pred_boxes=1 gt_boxes=0 comm_bytes=0
frame=5/41 late_source=15/20 scenario=2026_07_29_02_32_08 timestamp=000068 receiver=15 cavs=[15] pred_boxes=19 gt_boxes=20 comm_bytes=0
frame=5/41 late_source=16/20 scenario=2026_07_29_02_32_08 timestamp=000068 receiver=16 cavs=[16] pred_boxes=17 gt_boxes=33 comm_bytes=0
frame=5/41 late_source=17/20 scenario=2026_07_29_02_32_08 timestamp=000068 receiver=17 cavs=[17, 18] pred_boxes=7 gt_boxes=18 comm_bytes=155696
frame=5/41 late_source=18/20 scenario=2026_07_29_02_32_08 timestamp=000068 receiver=18 cavs=[18] pred_boxes=5 gt_boxes=7 comm_bytes=0
frame=5/41 late_source=19/20 scenario=2026_07_29_02_32_08 timestamp=000068 receiver=19 cavs=[19, 5] pred_boxes=4 gt_boxes=40 comm_bytes=147600
frame=5/41 late_source=20/20 scenario=2026_07_29_02_32_08 timestamp=000068 receiver=20 cavs=[20, 5] pred_boxes=22 gt_boxes=36 comm_bytes=1728
sgcp_late_fusion frame=5/41 scenario=2026_07_29_02_32_08 timestamp=000068 sources=20 fused_pred_boxes=79 fused_gt_boxes=71
frame=6/41 late_source=1/20 scenario=2026_07_29_02_32_08 timestamp=000070 receiver=1 cavs=[1] pred_boxes=21 gt_boxes=41 comm_bytes=0
frame=6/41 late_source=2/20 scenario=2026_07_29_02_32_08 timestamp=000070 receiver=2 cavs=[2] pred_boxes=18 gt_boxes=34 comm_bytes=0
frame=6/41 late_source=3/20 scenario=2026_07_29_02_32_08 timestamp=000070 receiver=3 cavs=[3, 18] pred_boxes=10 gt_boxes=18 comm_bytes=167024
frame=6/41 late_source=4/20 scenario=2026_07_29_02_32_08 timestamp=000070 receiver=4 cavs=[4] pred_boxes=21 gt_boxes=41 comm_bytes=0
frame=6/41 late_source=5/20 scenario=2026_07_29_02_32_08 timestamp=000070 receiver=5 cavs=[5] pred_boxes=15 gt_boxes=32 comm_bytes=0
frame=6/41 late_source=6/20 scenario=2026_07_29_02_32_08 timestamp=000070 receiver=6 cavs=[6, 15] pred_boxes=12 gt_boxes=20 comm_bytes=32
frame=6/41 late_source=7/20 scenario=2026_07_29_02_32_08 timestamp=000070 receiver=7 cavs=[7, 8] pred_boxes=20 gt_boxes=58 comm_bytes=153088
frame=6/41 late_source=8/20 scenario=2026_07_29_02_32_08 timestamp=000070 receiver=8 cavs=[8] pred_boxes=27 gt_boxes=41 comm_bytes=0
frame=6/41 late_source=9/20 scenario=2026_07_29_02_32_08 timestamp=000070 receiver=9 cavs=[9] pred_boxes=10 gt_boxes=31 comm_bytes=0
frame=6/41 late_source=10/20 scenario=2026_07_29_02_32_08 timestamp=000070 receiver=10 cavs=[10, 5, 8] pred_boxes=20 gt_boxes=58 comm_bytes=300608
frame=6/41 late_source=11/20 scenario=2026_07_29_02_32_08 timestamp=000070 receiver=11 cavs=[11] pred_boxes=19 gt_boxes=43 comm_bytes=0
frame=6/41 late_source=12/20 scenario=2026_07_29_02_32_08 timestamp=000070 receiver=12 cavs=[12, 8] pred_boxes=10 gt_boxes=52 comm_bytes=153088
frame=6/41 late_source=13/20 scenario=2026_07_29_02_32_08 timestamp=000070 receiver=13 cavs=[13] pred_boxes=4 gt_boxes=18 comm_bytes=0
frame=6/41 late_source=14/20 scenario=2026_07_29_02_32_08 timestamp=000070 receiver=14 cavs=[14] pred_boxes=0 gt_boxes=0 comm_bytes=0Format = auto
Extension = pcd
Format = auto
Extension = pcd
Format = auto
Extension = pcd
Format = auto
Extension = pcd
Format = auto
Extension = pcd
Format = auto
Extension = pcd
Format = auto
Extension = pcd
Format = auto
Extension = pcd
Format = auto
Extension = pcd
Format = auto
Extension = pcd
Format = auto
Extension = pcd
Format = auto
Extension = pcd
Format = auto
Extension = pcd
Format = auto
Extension = pcd
Format = auto
Extension = pcd
Format = auto
Extension = pcd
Format = auto
Extension = pcd
Format = auto
Extension = pcd
Format = auto
Extension = pcd
Format = auto
Extension = pcd
Format = auto
Extension = pcd
Format = auto
Extension = pcd
Format = auto
Extension = pcd
Format = auto
Extension = pcd
Format = auto
Extension = pcd
Format = auto
Extension = pcd
Format = auto
Extension = pcd
Format = auto
Extension = pcd
Format = auto
Extension = pcd
Format = auto
Extension = pcd
Format = auto
Extension = pcd
Format = auto
Extension = pcd
Format = auto
Extension = pcd
Format = auto
Extension = pcd
Format = auto
Extension = pcd
Format = auto
Extension = pcd
Format = auto
Extension = pcd
Format = auto
Extension = pcd
Format = auto
Extension = pcd
Format = auto
Extension = pcd
Format = auto
Extension = pcd
Format = auto
Extension = pcd
Format = auto
Extension = pcd
Format = auto
Extension = pcd
Format = auto
Extension = pcd
Format = auto
Extension = pcd
Format = auto
Extension = pcd
Format = auto
Extension = pcd
Format = auto
Extension = pcd
Format = auto
Extension = pcd
Format = auto
Extension = pcd
Format = auto
Extension = pcd
Format = auto
Extension = pcd
Format = auto
Extension = pcd
Format = auto
Extension = pcd
Format = auto
Extension = pcd
Format = auto
Extension = pcd
Format = auto
Extension = pcd
Format = auto
Extension = pcd
Format = auto
Extension = pcd

frame=6/41 late_source=15/20 scenario=2026_07_29_02_32_08 timestamp=000070 receiver=15 cavs=[15] pred_boxes=18 gt_boxes=20 comm_bytes=0
frame=6/41 late_source=16/20 scenario=2026_07_29_02_32_08 timestamp=000070 receiver=16 cavs=[16] pred_boxes=16 gt_boxes=34 comm_bytes=0
frame=6/41 late_source=17/20 scenario=2026_07_29_02_32_08 timestamp=000070 receiver=17 cavs=[17, 18] pred_boxes=9 gt_boxes=18 comm_bytes=155728
frame=6/41 late_source=18/20 scenario=2026_07_29_02_32_08 timestamp=000070 receiver=18 cavs=[18] pred_boxes=6 gt_boxes=7 comm_bytes=0
frame=6/41 late_source=19/20 scenario=2026_07_29_02_32_08 timestamp=000070 receiver=19 cavs=[19, 5] pred_boxes=3 gt_boxes=39 comm_bytes=147520
frame=6/41 late_source=20/20 scenario=2026_07_29_02_32_08 timestamp=000070 receiver=20 cavs=[20, 5] pred_boxes=22 gt_boxes=36 comm_bytes=1712
sgcp_late_fusion frame=6/41 scenario=2026_07_29_02_32_08 timestamp=000070 sources=20 fused_pred_boxes=83 fused_gt_boxes=71
frame=7/41 late_source=1/20 scenario=2026_07_29_02_32_08 timestamp=000072 receiver=1 cavs=[1] pred_boxes=23 gt_boxes=43 comm_bytes=0
frame=7/41 late_source=2/20 scenario=2026_07_29_02_32_08 timestamp=000072 receiver=2 cavs=[2] pred_boxes=23 gt_boxes=35 comm_bytes=0
frame=7/41 late_source=3/20 scenario=2026_07_29_02_32_08 timestamp=000072 receiver=3 cavs=[3, 18] pred_boxes=10 gt_boxes=18 comm_bytes=166864
frame=7/41 late_source=4/20 scenario=2026_07_29_02_32_08 timestamp=000072 receiver=4 cavs=[4] pred_boxes=16 gt_boxes=40 comm_bytes=0
frame=7/41 late_source=5/20 scenario=2026_07_29_02_32_08 timestamp=000072 receiver=5 cavs=[5] pred_boxes=13 gt_boxes=32 comm_bytes=0
frame=7/41 late_source=6/20 scenario=2026_07_29_02_32_08 timestamp=000072 receiver=6 cavs=[6] pred_boxes=13 gt_boxes=15 comm_bytes=0
frame=7/41 late_source=7/20 scenario=2026_07_29_02_32_08 timestamp=000072 receiver=7 cavs=[7, 8] pred_boxes=22 gt_boxes=57 comm_bytes=153088
frame=7/41 late_source=8/20 scenario=2026_07_29_02_32_08 timestamp=000072 receiver=8 cavs=[8] pred_boxes=28 gt_boxes=41 comm_bytes=0
frame=7/41 late_source=9/20 scenario=2026_07_29_02_32_08 timestamp=000072 receiver=9 cavs=[9] pred_boxes=13 gt_boxes=32 comm_bytes=0
frame=7/41 late_source=10/20 scenario=2026_07_29_02_32_08 timestamp=000072 receiver=10 cavs=[10, 5, 8] pred_boxes=18 gt_boxes=58 comm_bytes=300512
frame=7/41 late_source=11/20 scenario=2026_07_29_02_32_08 timestamp=000072 receiver=11 cavs=[11] pred_boxes=21 gt_boxes=43 comm_bytes=0
frame=7/41 late_source=12/20 scenario=2026_07_29_02_32_08 timestamp=000072 receiver=12 cavs=[12, 8] pred_boxes=16 gt_boxes=51 comm_bytes=153088
frame=7/41 late_source=13/20 scenario=2026_07_29_02_32_08 timestamp=000072 receiver=13 cavs=[13] pred_boxes=6 gt_boxes=18 comm_bytes=0
Warning: len(pillar_features.shape) == 1
frame=7/41 late_source=14/20 scenario=2026_07_29_02_32_08 timestamp=000072 receiver=14 cavs=[14] pred_boxes=0 gt_boxes=0 comm_bytes=0
frame=7/41 late_source=15/20 scenario=2026_07_29_02_32_08 timestamp=000072 receiver=15 cavs=[15] pred_boxes=19 gt_boxes=20 comm_bytes=0
frame=7/41 late_source=16/20 scenario=2026_07_29_02_32_08 timestamp=000072 receiver=16 cavs=[16, 5] pred_boxes=17 gt_boxes=37 comm_bytes=2096
frame=7/41 late_source=17/20 scenario=2026_07_29_02_32_08 timestamp=000072 receiver=17 cavs=[17, 18] pred_boxes=9 gt_boxes=18 comm_bytes=155728
frame=7/41 late_source=18/20 scenario=2026_07_29_02_32_08 timestamp=000072 receiver=18 cavs=[18] pred_boxes=5 gt_boxes=7 comm_bytes=0
frame=7/41 late_source=19/20 scenario=2026_07_29_02_32_08 timestamp=000072 receiver=19 cavs=[19, 5] pred_boxes=4 gt_boxes=38 comm_bytes=147424
frame=7/41 late_source=20/20 scenario=2026_07_29_02_32_08 timestamp=000072 receiver=20 cavs=[20] pred_boxes=21 gt_boxes=33 comm_bytes=0
sgcp_late_fusion frame=7/41 scenario=2026_07_29_02_32_08 timestamp=000072 sources=20 fused_pred_boxes=77 fused_gt_boxes=70
frame=8/41 late_source=1/20 scenario=2026_07_29_02_32_08 timestamp=000074 receiver=1 cavs=[1] pred_boxes=25 gt_boxes=44 comm_bytes=0
frame=8/41 late_source=2/20 scenario=2026_07_29_02_32_08 timestamp=000074 receiver=2 cavs=[2] pred_boxes=22 gt_boxes=35 comm_bytes=0
frame=8/41 late_source=3/20 scenario=2026_07_29_02_32_08 timestamp=000074 receiver=3 cavs=[3, 18] pred_boxes=8 gt_boxes=18 comm_bytes=166640
frame=8/41 late_source=4/20 scenario=2026_07_29_02_32_08 timestamp=000074 receiver=4 cavs=[4] pred_boxes=17 gt_boxes=39 comm_bytes=0
frame=8/41 late_source=5/20 scenario=2026_07_29_02_32_08 timestamp=000074 receiver=5 cavs=[5] pred_boxes=15 gt_boxes=29 comm_bytes=0
frame=8/41 late_source=6/20 scenario=2026_07_29_02_32_08 timestamp=000074 receiver=6 cavs=[6] pred_boxes=13 gt_boxes=15 comm_bytes=0
frame=8/41 late_source=7/20 scenario=2026_07_29_02_32_08 timestamp=000074 receiver=7 cavs=[7, 8] pred_boxes=23 gt_boxes=56 comm_bytes=153088
frame=8/41 late_source=8/20 scenario=2026_07_29_02_32_08 timestamp=000074 receiver=8 cavs=[8] pred_boxes=26 gt_boxes=41 comm_bytes=0
frame=8/41 late_source=9/20 scenario=2026_07_29_02_32_08 timestamp=000074 receiver=9 cavs=[9] pred_boxes=13 gt_boxes=32 comm_bytes=0
frame=8/41 late_source=10/20 scenario=2026_07_29_02_32_08 timestamp=000074 receiver=10 cavs=[10, 5, 8] pred_boxes=17 gt_boxes=58 comm_bytes=300336
frame=8/41 late_source=11/20 scenario=2026_07_29_02_32_08 timestamp=000074 receiver=11 cavs=[11] pred_boxes=21 gt_boxes=43 comm_bytes=0
frame=8/41 late_source=12/20 scenario=2026_07_29_02_32_08 timestamp=000074 receiver=12 cavs=[12, 8] pred_boxes=12 gt_boxes=47 comm_bytes=153520
frame=8/41 late_source=13/20 scenario=2026_07_29_02_32_08 timestamp=000074 receiver=13 cavs=[13] pred_boxes=3 gt_boxes=18 comm_bytes=0
frame=8/41 late_source=14/20 scenario=2026_07_29_02_32_08 timestamp=000074 receiver=14 cavs=[14] pred_boxes=0 gt_boxes=0 comm_bytes=0
frame=8/41 late_source=15/20 scenario=2026_07_29_02_32_08 timestamp=000074 receiver=15 cavs=[15] pred_boxes=16 gt_boxes=21 comm_bytes=0
frame=8/41 late_source=16/20 scenario=2026_07_29_02_32_08 timestamp=000074 receiver=16 cavs=[16] pred_boxes=18 gt_boxes=33 comm_bytes=0
frame=8/41 late_source=17/20 scenario=2026_07_29_02_32_08 timestamp=000074 receiver=17 cavs=[17, 18] pred_boxes=11 gt_boxes=18 comm_bytes=155728
frame=8/41 late_source=18/20 scenario=2026_07_29_02_32_08 timestamp=000074 receiver=18 cavs=[18] pred_boxes=6 gt_boxes=7 comm_bytes=0
frame=8/41 late_source=19/20 scenario=2026_07_29_02_32_08 timestamp=000074 receiver=19 cavs=[19, 5] pred_boxes=5 gt_boxes=38 comm_bytes=147248
frame=8/41 late_source=20/20 scenario=2026_07_29_02_32_08 timestamp=000074 receiver=20 cavs=[20, 5] pred_boxes=22 gt_boxes=34 comm_bytes=2240
sgcp_late_fusion frame=8/41 scenario=2026_07_29_02_32_08 timestamp=000074 sources=20 fused_pred_boxes=83 fused_gt_boxes=69
frame=9/41 late_source=1/20 scenario=2026_07_29_02_32_08 timestamp=000076 receiver=1 cavs=[1, 8] pred_boxes=25 gt_boxes=47 comm_bytes=912
frame=9/41 late_source=2/20 scenario=2026_07_29_02_32_08 timestamp=000076 receiver=2 cavs=[2] pred_boxes=19 gt_boxes=35 comm_bytes=0
frame=9/41 late_source=3/20 scenario=2026_07_29_02_32_08 timestamp=000076 receiver=3 cavs=[3, 18] pred_boxes=7 gt_boxes=18 comm_bytes=166560
frame=9/41 late_source=4/20 scenario=2026_07_29_02_32_08 timestamp=000076 receiver=4 cavs=[4] pred_boxes=17 gt_boxes=41 comm_bytes=0
frame=9/41 late_source=5/20 scenario=2026_07_29_02_32_08 timestamp=000076 receiver=5 cavs=[5] pred_boxes=17 gt_boxes=33 comm_bytes=0
frame=9/41 late_source=6/20 scenario=2026_07_29_02_32_08 timestamp=000076 receiver=6 cavs=[6] pred_boxes=13 gt_boxes=15 comm_bytes=0
frame=9/41 late_source=7/20 scenario=2026_07_29_02_32_08 timestamp=000076 receiver=7 cavs=[7, 8] pred_boxes=23 gt_boxes=56 comm_bytes=153088
frame=9/41 late_source=8/20 scenario=2026_07_29_02_32_08 timestamp=000076 receiver=8 cavs=[8] pred_boxes=29 gt_boxes=40 comm_bytes=0
frame=9/41 late_source=9/20 scenario=2026_07_29_02_32_08 timestamp=000076 receiver=9 cavs=[9, 5] pred_boxes=12 gt_boxes=41 comm_bytes=147008
frame=9/41 late_source=10/20 scenario=2026_07_29_02_32_08 timestamp=000076 receiver=10 cavs=[10, 8, 9] pred_boxes=18 gt_boxes=54 comm_bytes=153152
frame=9/41 late_source=11/20 scenario=2026_07_29_02_32_08 timestamp=000076 receiver=11 cavs=[11] pred_boxes=21 gt_boxes=43 comm_bytes=0Format = auto
Extension = pcd
Format = auto
Extension = pcd
Format = auto
Extension = pcd
Format = auto
Extension = pcd
Format = auto
Extension = pcd
Format = auto
Extension = pcd
Format = auto
Extension = pcd
Format = auto
Extension = pcd
Format = auto
Extension = pcd
Format = auto
Extension = pcd
Format = auto
Extension = pcd
Format = auto
Extension = pcd
Format = auto
Extension = pcd
Format = auto
Extension = pcd
Format = auto
Extension = pcd
Format = auto
Extension = pcd
Format = auto
Extension = pcd
Format = auto
Extension = pcd
Format = auto
Extension = pcd
Format = auto
Extension = pcd
Format = auto
Extension = pcd
Format = auto
Extension = pcd
Format = auto
Extension = pcd
Format = auto
Extension = pcd
Format = auto
Extension = pcd
Format = auto
Extension = pcd
Format = auto
Extension = pcd
Format = auto
Extension = pcd
Format = auto
Extension = pcd
Format = auto
Extension = pcd
Format = auto
Extension = pcd
Format = auto
Extension = pcd
Format = auto
Extension = pcd
Format = auto
Extension = pcd
Format = auto
Extension = pcd
Format = auto
Extension = pcd
Format = auto
Extension = pcd
Format = auto
Extension = pcd
Format = auto
Extension = pcd
Format = auto
Extension = pcd
Format = auto
Extension = pcd
Format = auto
Extension = pcd
Format = auto
Extension = pcd
Format = auto
Extension = pcd
Format = auto
Extension = pcd
Format = auto
Extension = pcd
Format = auto
Extension = pcd
Format = auto
Extension = pcd
Format = auto
Extension = pcd
Format = auto
Extension = pcd
Format = auto
Extension = pcd
Format = auto
Extension = pcd
Format = auto
Extension = pcd
Format = auto
Extension = pcd
Format = auto
Extension = pcd
Format = auto
Extension = pcd
Format = auto
Extension = pcd
Format = auto
Extension = pcd
Format = auto
Extension = pcd
Format = auto
Extension = pcd

frame=9/41 late_source=12/20 scenario=2026_07_29_02_32_08 timestamp=000076 receiver=12 cavs=[12, 8] pred_boxes=12 gt_boxes=46 comm_bytes=153088
frame=9/41 late_source=13/20 scenario=2026_07_29_02_32_08 timestamp=000076 receiver=13 cavs=[13] pred_boxes=6 gt_boxes=18 comm_bytes=0
frame=9/41 late_source=14/20 scenario=2026_07_29_02_32_08 timestamp=000076 receiver=14 cavs=[14] pred_boxes=0 gt_boxes=0 comm_bytes=0
frame=9/41 late_source=15/20 scenario=2026_07_29_02_32_08 timestamp=000076 receiver=15 cavs=[15] pred_boxes=15 gt_boxes=21 comm_bytes=0
frame=9/41 late_source=16/20 scenario=2026_07_29_02_32_08 timestamp=000076 receiver=16 cavs=[16, 5] pred_boxes=21 gt_boxes=37 comm_bytes=2240
frame=9/41 late_source=17/20 scenario=2026_07_29_02_32_08 timestamp=000076 receiver=17 cavs=[17, 18] pred_boxes=11 gt_boxes=19 comm_bytes=155744
frame=9/41 late_source=18/20 scenario=2026_07_29_02_32_08 timestamp=000076 receiver=18 cavs=[18] pred_boxes=7 gt_boxes=7 comm_bytes=0
frame=9/41 late_source=19/20 scenario=2026_07_29_02_32_08 timestamp=000076 receiver=19 cavs=[19, 5] pred_boxes=5 gt_boxes=40 comm_bytes=147008
frame=9/41 late_source=20/20 scenario=2026_07_29_02_32_08 timestamp=000076 receiver=20 cavs=[20] pred_boxes=23 gt_boxes=33 comm_bytes=0
sgcp_late_fusion frame=9/41 scenario=2026_07_29_02_32_08 timestamp=000076 sources=20 fused_pred_boxes=80 fused_gt_boxes=69
frame=10/41 late_source=1/20 scenario=2026_07_29_02_32_08 timestamp=000078 receiver=1 cavs=[1] pred_boxes=23 gt_boxes=43 comm_bytes=0
frame=10/41 late_source=2/20 scenario=2026_07_29_02_32_08 timestamp=000078 receiver=2 cavs=[2] pred_boxes=20 gt_boxes=34 comm_bytes=0
frame=10/41 late_source=3/20 scenario=2026_07_29_02_32_08 timestamp=000078 receiver=3 cavs=[3, 18] pred_boxes=8 gt_boxes=17 comm_bytes=170192
frame=10/41 late_source=4/20 scenario=2026_07_29_02_32_08 timestamp=000078 receiver=4 cavs=[4] pred_boxes=18 gt_boxes=39 comm_bytes=0
frame=10/41 late_source=5/20 scenario=2026_07_29_02_32_08 timestamp=000078 receiver=5 cavs=[5] pred_boxes=15 gt_boxes=31 comm_bytes=0
frame=10/41 late_source=6/20 scenario=2026_07_29_02_32_08 timestamp=000078 receiver=6 cavs=[6] pred_boxes=12 gt_boxes=15 comm_bytes=0
frame=10/41 late_source=7/20 scenario=2026_07_29_02_32_08 timestamp=000078 receiver=7 cavs=[7, 8] pred_boxes=25 gt_boxes=57 comm_bytes=153088
frame=10/41 late_source=8/20 scenario=2026_07_29_02_32_08 timestamp=000078 receiver=8 cavs=[8] pred_boxes=29 gt_boxes=40 comm_bytes=0
frame=10/41 late_source=9/20 scenario=2026_07_29_02_32_08 timestamp=000078 receiver=9 cavs=[9] pred_boxes=13 gt_boxes=33 comm_bytes=0
frame=10/41 late_source=10/20 scenario=2026_07_29_02_32_08 timestamp=000078 receiver=10 cavs=[10, 5, 8] pred_boxes=20 gt_boxes=58 comm_bytes=299968
frame=10/41 late_source=11/20 scenario=2026_07_29_02_32_08 timestamp=000078 receiver=11 cavs=[11, 9] pred_boxes=21 gt_boxes=55 comm_bytes=80
frame=10/41 late_source=12/20 scenario=2026_07_29_02_32_08 timestamp=000078 receiver=12 cavs=[12, 8] pred_boxes=12 gt_boxes=46 comm_bytes=153088
frame=10/41 late_source=13/20 scenario=2026_07_29_02_32_08 timestamp=000078 receiver=13 cavs=[13] pred_boxes=5 gt_boxes=18 comm_bytes=0
Warning: len(pillar_features.shape) == 1
frame=10/41 late_source=14/20 scenario=2026_07_29_02_32_08 timestamp=000078 receiver=14 cavs=[14] pred_boxes=0 gt_boxes=0 comm_bytes=0
frame=10/41 late_source=15/20 scenario=2026_07_29_02_32_08 timestamp=000078 receiver=15 cavs=[15] pred_boxes=16 gt_boxes=21 comm_bytes=0
frame=10/41 late_source=16/20 scenario=2026_07_29_02_32_08 timestamp=000078 receiver=16 cavs=[16] pred_boxes=20 gt_boxes=31 comm_bytes=0
frame=10/41 late_source=17/20 scenario=2026_07_29_02_32_08 timestamp=000078 receiver=17 cavs=[17, 18] pred_boxes=10 gt_boxes=19 comm_bytes=155504
frame=10/41 late_source=18/20 scenario=2026_07_29_02_32_08 timestamp=000078 receiver=18 cavs=[18] pred_boxes=6 gt_boxes=7 comm_bytes=0
frame=10/41 late_source=19/20 scenario=2026_07_29_02_32_08 timestamp=000078 receiver=19 cavs=[19, 5] pred_boxes=6 gt_boxes=39 comm_bytes=146880
frame=10/41 late_source=20/20 scenario=2026_07_29_02_32_08 timestamp=000078 receiver=20 cavs=[20] pred_boxes=23 gt_boxes=32 comm_bytes=0
sgcp_late_fusion frame=10/41 scenario=2026_07_29_02_32_08 timestamp=000078 sources=20 fused_pred_boxes=83 fused_gt_boxes=69
frame=11/41 late_source=1/20 scenario=2026_07_29_02_32_08 timestamp=000080 receiver=1 cavs=[1] pred_boxes=23 gt_boxes=42 comm_bytes=0
frame=11/41 late_source=2/20 scenario=2026_07_29_02_32_08 timestamp=000080 receiver=2 cavs=[2] pred_boxes=22 gt_boxes=35 comm_bytes=0
frame=11/41 late_source=3/20 scenario=2026_07_29_02_32_08 timestamp=000080 receiver=3 cavs=[3, 18] pred_boxes=8 gt_boxes=18 comm_bytes=102336
frame=11/41 late_source=4/20 scenario=2026_07_29_02_32_08 timestamp=000080 receiver=4 cavs=[4] pred_boxes=17 gt_boxes=37 comm_bytes=0
frame=11/41 late_source=5/20 scenario=2026_07_29_02_32_08 timestamp=000080 receiver=5 cavs=[5] pred_boxes=16 gt_boxes=33 comm_bytes=0
frame=11/41 late_source=6/20 scenario=2026_07_29_02_32_08 timestamp=000080 receiver=6 cavs=[6] pred_boxes=13 gt_boxes=16 comm_bytes=0
frame=11/41 late_source=7/20 scenario=2026_07_29_02_32_08 timestamp=000080 receiver=7 cavs=[7, 8] pred_boxes=22 gt_boxes=57 comm_bytes=153088
frame=11/41 late_source=8/20 scenario=2026_07_29_02_32_08 timestamp=000080 receiver=8 cavs=[8] pred_boxes=27 gt_boxes=38 comm_bytes=0
frame=11/41 late_source=9/20 scenario=2026_07_29_02_32_08 timestamp=000080 receiver=9 cavs=[9, 5] pred_boxes=14 gt_boxes=40 comm_bytes=146640
frame=11/41 late_source=10/20 scenario=2026_07_29_02_32_08 timestamp=000080 receiver=10 cavs=[10, 5, 8] pred_boxes=18 gt_boxes=57 comm_bytes=299728
frame=11/41 late_source=11/20 scenario=2026_07_29_02_32_08 timestamp=000080 receiver=11 cavs=[11, 9] pred_boxes=27 gt_boxes=54 comm_bytes=73200
frame=11/41 late_source=12/20 scenario=2026_07_29_02_32_08 timestamp=000080 receiver=12 cavs=[12, 8] pred_boxes=8 gt_boxes=45 comm_bytes=153088
frame=11/41 late_source=13/20 scenario=2026_07_29_02_32_08 timestamp=000080 receiver=13 cavs=[13] pred_boxes=4 gt_boxes=18 comm_bytes=0
Warning: len(pillar_features.shape) == 1
frame=11/41 late_source=14/20 scenario=2026_07_29_02_32_08 timestamp=000080 receiver=14 cavs=[14] pred_boxes=0 gt_boxes=0 comm_bytes=0
frame=11/41 late_source=15/20 scenario=2026_07_29_02_32_08 timestamp=000080 receiver=15 cavs=[15] pred_boxes=14 gt_boxes=21 comm_bytes=0
frame=11/41 late_source=16/20 scenario=2026_07_29_02_32_08 timestamp=000080 receiver=16 cavs=[16] pred_boxes=15 gt_boxes=32 comm_bytes=0
frame=11/41 late_source=17/20 scenario=2026_07_29_02_32_08 timestamp=000080 receiver=17 cavs=[17] pred_boxes=10 gt_boxes=20 comm_bytes=0
frame=11/41 late_source=18/20 scenario=2026_07_29_02_32_08 timestamp=000080 receiver=18 cavs=[18] pred_boxes=6 gt_boxes=7 comm_bytes=0
frame=11/41 late_source=19/20 scenario=2026_07_29_02_32_08 timestamp=000080 receiver=19 cavs=[19, 5] pred_boxes=5 gt_boxes=40 comm_bytes=150720
frame=11/41 late_source=20/20 scenario=2026_07_29_02_32_08 timestamp=000080 receiver=20 cavs=[20] pred_boxes=22 gt_boxes=32 comm_bytes=0
sgcp_late_fusion frame=11/41 scenario=2026_07_29_02_32_08 timestamp=000080 sources=20 fused_pred_boxes=80 fused_gt_boxes=70
frame=12/41 late_source=1/20 scenario=2026_07_29_02_32_08 timestamp=000082 receiver=1 cavs=[1] pred_boxes=24 gt_boxes=42 comm_bytes=0
frame=12/41 late_source=2/20 scenario=2026_07_29_02_32_08 timestamp=000082 receiver=2 cavs=[2] pred_boxes=20 gt_boxes=36 comm_bytes=0
frame=12/41 late_source=3/20 scenario=2026_07_29_02_32_08 timestamp=000082 receiver=3 cavs=[3, 18] pred_boxes=9 gt_boxes=19 comm_bytes=164848
frame=12/41 late_source=4/20 scenario=2026_07_29_02_32_08 timestamp=000082 receiver=4 cavs=[4] pred_boxes=17 gt_boxes=38 comm_bytes=0
frame=12/41 late_source=5/20 scenario=2026_07_29_02_32_08 timestamp=000082 receiver=5 cavs=[5] pred_boxes=14 gt_boxes=32 comm_bytes=0
frame=12/41 late_source=6/20 scenario=2026_07_29_02_32_08 timestamp=000082 receiver=6 cavs=[6, 15] pred_boxes=12 gt_boxes=22 comm_bytes=16
frame=12/41 late_source=7/20 scenario=2026_07_29_02_32_08 timestamp=000082 receiver=7 cavs=[7, 8] pred_boxes=24 gt_boxes=56 comm_bytes=153088Format = auto
Extension = pcd
Format = auto
Extension = pcd
Format = auto
Extension = pcd
Format = auto
Extension = pcd
Format = auto
Extension = pcd
Format = auto
Extension = pcd
Format = auto
Extension = pcd
Format = auto
Extension = pcd
Format = auto
Extension = pcd
Format = auto
Extension = pcd
Format = auto
Extension = pcd
Format = auto
Extension = pcd
Format = auto
Extension = pcd
Format = auto
Extension = pcd
Format = auto
Extension = pcd
Format = auto
Extension = pcd
Format = auto
Extension = pcd
Format = auto
Extension = pcd
Format = auto
Extension = pcd
Format = auto
Extension = pcd
Format = auto
Extension = pcd
Format = auto
Extension = pcd
Format = auto
Extension = pcd
Format = auto
Extension = pcd
Format = auto
Extension = pcd
Format = auto
Extension = pcd
Format = auto
Extension = pcd
Format = auto
Extension = pcd
Format = auto
Extension = pcd
Format = auto
Extension = pcd
Format = auto
Extension = pcd
Format = auto
Extension = pcd
Format = auto
Extension = pcd
Format = auto
Extension = pcd
Format = auto
Extension = pcd
Format = auto
Extension = pcd
Format = auto
Extension = pcd
Format = auto
Extension = pcd
Format = auto
Extension = pcd
Format = auto
Extension = pcd
Format = auto
Extension = pcd
Format = auto
Extension = pcd
Format = auto
Extension = pcd
Format = auto
Extension = pcd
Format = auto
Extension = pcd
Format = auto
Extension = pcd
Format = auto
Extension = pcd
Format = auto
Extension = pcd
Format = auto
Extension = pcd
Format = auto
Extension = pcd
Format = auto
Extension = pcd
Format = auto
Extension = pcd
Format = auto
Extension = pcd
Format = auto
Extension = pcd
Format = auto
Extension = pcd
Format = auto
Extension = pcd
Format = auto
Extension = pcd
Format = auto
Extension = pcd
Format = auto
Extension = pcd
Format = auto
Extension = pcd

frame=12/41 late_source=8/20 scenario=2026_07_29_02_32_08 timestamp=000082 receiver=8 cavs=[8] pred_boxes=26 gt_boxes=38 comm_bytes=0
frame=12/41 late_source=9/20 scenario=2026_07_29_02_32_08 timestamp=000082 receiver=9 cavs=[9, 5] pred_boxes=11 gt_boxes=40 comm_bytes=146544
frame=12/41 late_source=10/20 scenario=2026_07_29_02_32_08 timestamp=000082 receiver=10 cavs=[10, 5, 8] pred_boxes=21 gt_boxes=57 comm_bytes=314448
frame=12/41 late_source=11/20 scenario=2026_07_29_02_32_08 timestamp=000082 receiver=11 cavs=[11, 9] pred_boxes=24 gt_boxes=54 comm_bytes=224
frame=12/41 late_source=12/20 scenario=2026_07_29_02_32_08 timestamp=000082 receiver=12 cavs=[12, 8] pred_boxes=13 gt_boxes=46 comm_bytes=153088
frame=12/41 late_source=13/20 scenario=2026_07_29_02_32_08 timestamp=000082 receiver=13 cavs=[13] pred_boxes=5 gt_boxes=18 comm_bytes=0
Warning: len(pillar_features.shape) == 1
frame=12/41 late_source=14/20 scenario=2026_07_29_02_32_08 timestamp=000082 receiver=14 cavs=[14] pred_boxes=0 gt_boxes=0 comm_bytes=0
frame=12/41 late_source=15/20 scenario=2026_07_29_02_32_08 timestamp=000082 receiver=15 cavs=[15] pred_boxes=17 gt_boxes=22 comm_bytes=0
frame=12/41 late_source=16/20 scenario=2026_07_29_02_32_08 timestamp=000082 receiver=16 cavs=[16] pred_boxes=16 gt_boxes=33 comm_bytes=0
frame=12/41 late_source=17/20 scenario=2026_07_29_02_32_08 timestamp=000082 receiver=17 cavs=[17] pred_boxes=10 gt_boxes=19 comm_bytes=0
frame=12/41 late_source=18/20 scenario=2026_07_29_02_32_08 timestamp=000082 receiver=18 cavs=[18] pred_boxes=7 gt_boxes=7 comm_bytes=0
frame=12/41 late_source=19/20 scenario=2026_07_29_02_32_08 timestamp=000082 receiver=19 cavs=[19, 5] pred_boxes=4 gt_boxes=40 comm_bytes=146544
frame=12/41 late_source=20/20 scenario=2026_07_29_02_32_08 timestamp=000082 receiver=20 cavs=[20] pred_boxes=21 gt_boxes=32 comm_bytes=0
sgcp_late_fusion frame=12/41 scenario=2026_07_29_02_32_08 timestamp=000082 sources=20 fused_pred_boxes=82 fused_gt_boxes=70
frame=13/41 late_source=1/20 scenario=2026_07_29_02_32_08 timestamp=000084 receiver=1 cavs=[1] pred_boxes=27 gt_boxes=42 comm_bytes=0
frame=13/41 late_source=2/20 scenario=2026_07_29_02_32_08 timestamp=000084 receiver=2 cavs=[2] pred_boxes=18 gt_boxes=35 comm_bytes=0
frame=13/41 late_source=3/20 scenario=2026_07_29_02_32_08 timestamp=000084 receiver=3 cavs=[3, 18] pred_boxes=10 gt_boxes=19 comm_bytes=165888
frame=13/41 late_source=4/20 scenario=2026_07_29_02_32_08 timestamp=000084 receiver=4 cavs=[4] pred_boxes=19 gt_boxes=39 comm_bytes=0
frame=13/41 late_source=5/20 scenario=2026_07_29_02_32_08 timestamp=000084 receiver=5 cavs=[5] pred_boxes=16 gt_boxes=33 comm_bytes=0
frame=13/41 late_source=6/20 scenario=2026_07_29_02_32_08 timestamp=000084 receiver=6 cavs=[6, 15] pred_boxes=14 gt_boxes=22 comm_bytes=32
frame=13/41 late_source=7/20 scenario=2026_07_29_02_32_08 timestamp=000084 receiver=7 cavs=[7, 8] pred_boxes=23 gt_boxes=55 comm_bytes=153088
frame=13/41 late_source=8/20 scenario=2026_07_29_02_32_08 timestamp=000084 receiver=8 cavs=[8] pred_boxes=25 gt_boxes=37 comm_bytes=0
frame=13/41 late_source=9/20 scenario=2026_07_29_02_32_08 timestamp=000084 receiver=9 cavs=[9, 5] pred_boxes=14 gt_boxes=39 comm_bytes=146464
frame=13/41 late_source=10/20 scenario=2026_07_29_02_32_08 timestamp=000084 receiver=10 cavs=[10, 5, 8] pred_boxes=24 gt_boxes=55 comm_bytes=311520
frame=13/41 late_source=11/20 scenario=2026_07_29_02_32_08 timestamp=000084 receiver=11 cavs=[11] pred_boxes=22 gt_boxes=43 comm_bytes=0
frame=13/41 late_source=12/20 scenario=2026_07_29_02_32_08 timestamp=000084 receiver=12 cavs=[12, 8] pred_boxes=13 gt_boxes=45 comm_bytes=153088
frame=13/41 late_source=13/20 scenario=2026_07_29_02_32_08 timestamp=000084 receiver=13 cavs=[13] pred_boxes=5 gt_boxes=17 comm_bytes=0
Warning: len(pillar_features.shape) == 1
frame=13/41 late_source=14/20 scenario=2026_07_29_02_32_08 timestamp=000084 receiver=14 cavs=[14] pred_boxes=0 gt_boxes=0 comm_bytes=0
frame=13/41 late_source=15/20 scenario=2026_07_29_02_32_08 timestamp=000084 receiver=15 cavs=[15] pred_boxes=16 gt_boxes=22 comm_bytes=0
frame=13/41 late_source=16/20 scenario=2026_07_29_02_32_08 timestamp=000084 receiver=16 cavs=[16] pred_boxes=18 gt_boxes=32 comm_bytes=0
frame=13/41 late_source=17/20 scenario=2026_07_29_02_32_08 timestamp=000084 receiver=17 cavs=[17] pred_boxes=12 gt_boxes=19 comm_bytes=0
frame=13/41 late_source=18/20 scenario=2026_07_29_02_32_08 timestamp=000084 receiver=18 cavs=[18] pred_boxes=5 gt_boxes=7 comm_bytes=0
frame=13/41 late_source=19/20 scenario=2026_07_29_02_32_08 timestamp=000084 receiver=19 cavs=[19, 5] pred_boxes=3 gt_boxes=40 comm_bytes=146464
frame=13/41 late_source=20/20 scenario=2026_07_29_02_32_08 timestamp=000084 receiver=20 cavs=[20, 5] pred_boxes=21 gt_boxes=36 comm_bytes=2256
sgcp_late_fusion frame=13/41 scenario=2026_07_29_02_32_08 timestamp=000084 sources=20 fused_pred_boxes=82 fused_gt_boxes=70
frame=14/41 late_source=1/20 scenario=2026_07_29_02_32_08 timestamp=000086 receiver=1 cavs=[1] pred_boxes=26 gt_boxes=41 comm_bytes=0
frame=14/41 late_source=2/20 scenario=2026_07_29_02_32_08 timestamp=000086 receiver=2 cavs=[2] pred_boxes=21 gt_boxes=36 comm_bytes=0
frame=14/41 late_source=3/20 scenario=2026_07_29_02_32_08 timestamp=000086 receiver=3 cavs=[3, 18] pred_boxes=9 gt_boxes=19 comm_bytes=165632
frame=14/41 late_source=4/20 scenario=2026_07_29_02_32_08 timestamp=000086 receiver=4 cavs=[4] pred_boxes=19 gt_boxes=40 comm_bytes=0
frame=14/41 late_source=5/20 scenario=2026_07_29_02_32_08 timestamp=000086 receiver=5 cavs=[5] pred_boxes=15 gt_boxes=33 comm_bytes=0
frame=14/41 late_source=6/20 scenario=2026_07_29_02_32_08 timestamp=000086 receiver=6 cavs=[6] pred_boxes=14 gt_boxes=15 comm_bytes=0
frame=14/41 late_source=7/20 scenario=2026_07_29_02_32_08 timestamp=000086 receiver=7 cavs=[7, 8] pred_boxes=22 gt_boxes=55 comm_bytes=153088
frame=14/41 late_source=8/20 scenario=2026_07_29_02_32_08 timestamp=000086 receiver=8 cavs=[8] pred_boxes=27 gt_boxes=37 comm_bytes=0
frame=14/41 late_source=9/20 scenario=2026_07_29_02_32_08 timestamp=000086 receiver=9 cavs=[9, 5] pred_boxes=13 gt_boxes=39 comm_bytes=146320
frame=14/41 late_source=10/20 scenario=2026_07_29_02_32_08 timestamp=000086 receiver=10 cavs=[10, 5, 8] pred_boxes=18 gt_boxes=55 comm_bytes=314224
frame=14/41 late_source=11/20 scenario=2026_07_29_02_32_08 timestamp=000086 receiver=11 cavs=[11] pred_boxes=23 gt_boxes=42 comm_bytes=0
frame=14/41 late_source=12/20 scenario=2026_07_29_02_32_08 timestamp=000086 receiver=12 cavs=[12, 8] pred_boxes=12 gt_boxes=44 comm_bytes=153088
frame=14/41 late_source=13/20 scenario=2026_07_29_02_32_08 timestamp=000086 receiver=13 cavs=[13] pred_boxes=3 gt_boxes=15 comm_bytes=0
Warning: len(pillar_features.shape) == 1
frame=14/41 late_source=14/20 scenario=2026_07_29_02_32_08 timestamp=000086 receiver=14 cavs=[14] pred_boxes=0 gt_boxes=0 comm_bytes=0
frame=14/41 late_source=15/20 scenario=2026_07_29_02_32_08 timestamp=000086 receiver=15 cavs=[15] pred_boxes=15 gt_boxes=23 comm_bytes=0
frame=14/41 late_source=16/20 scenario=2026_07_29_02_32_08 timestamp=000086 receiver=16 cavs=[16] pred_boxes=16 gt_boxes=31 comm_bytes=0
frame=14/41 late_source=17/20 scenario=2026_07_29_02_32_08 timestamp=000086 receiver=17 cavs=[17] pred_boxes=10 gt_boxes=19 comm_bytes=0
frame=14/41 late_source=18/20 scenario=2026_07_29_02_32_08 timestamp=000086 receiver=18 cavs=[18] pred_boxes=5 gt_boxes=7 comm_bytes=0
frame=14/41 late_source=19/20 scenario=2026_07_29_02_32_08 timestamp=000086 receiver=19 cavs=[19, 5] pred_boxes=1 gt_boxes=40 comm_bytes=146320
frame=14/41 late_source=20/20 scenario=2026_07_29_02_32_08 timestamp=000086 receiver=20 cavs=[20, 9] pred_boxes=23 gt_boxes=38 comm_bytes=128
sgcp_late_fusion frame=14/41 scenario=2026_07_29_02_32_08 timestamp=000086 sources=20 fused_pred_boxes=75 fused_gt_boxes=70
frame=15/41 late_source=1/20 scenario=2026_07_29_02_32_08 timestamp=000088 receiver=1 cavs=[1] pred_boxes=24 gt_boxes=41 comm_bytes=0
frame=15/41 late_source=2/20 scenario=2026_07_29_02_32_08 timestamp=000088 receiver=2 cavs=[2] pred_boxes=19 gt_boxes=36 comm_bytes=0
frame=15/41 late_source=3/20 scenario=2026_07_29_02_32_08 timestamp=000088 receiver=3 cavs=[3, 18] pred_boxes=10 gt_boxes=19 comm_bytes=165264Format = auto
Extension = pcd
Format = auto
Extension = pcd
Format = auto
Extension = pcd
Format = auto
Extension = pcd
Format = auto
Extension = pcd
Format = auto
Extension = pcd
Format = auto
Extension = pcd
Format = auto
Extension = pcd
Format = auto
Extension = pcd
Format = auto
Extension = pcd
Format = auto
Extension = pcd
Format = auto
Extension = pcd
Format = auto
Extension = pcd
Format = auto
Extension = pcd
Format = auto
Extension = pcd
Format = auto
Extension = pcd
Format = auto
Extension = pcd
Format = auto
Extension = pcd
Format = auto
Extension = pcd
Format = auto
Extension = pcd
Format = auto
Extension = pcd
Format = auto
Extension = pcd
Format = auto
Extension = pcd
Format = auto
Extension = pcd
Format = auto
Extension = pcd
Format = auto
Extension = pcd
Format = auto
Extension = pcd
Format = auto
Extension = pcd
Format = auto
Extension = pcd
Format = auto
Extension = pcd
Format = auto
Extension = pcd
Format = auto
Extension = pcd
Format = auto
Extension = pcd
Format = auto
Extension = pcd
Format = auto
Extension = pcd
Format = auto
Extension = pcd
Format = auto
Extension = pcd
Format = auto
Extension = pcd
Format = auto
Extension = pcd
Format = auto
Extension = pcd

frame=15/41 late_source=4/20 scenario=2026_07_29_02_32_08 timestamp=000088 receiver=4 cavs=[4] pred_boxes=16 gt_boxes=40 comm_bytes=0
frame=15/41 late_source=5/20 scenario=2026_07_29_02_32_08 timestamp=000088 receiver=5 cavs=[5] pred_boxes=13 gt_boxes=33 comm_bytes=0
frame=15/41 late_source=6/20 scenario=2026_07_29_02_32_08 timestamp=000088 receiver=6 cavs=[6, 15] pred_boxes=13 gt_boxes=23 comm_bytes=4064
frame=15/41 late_source=7/20 scenario=2026_07_29_02_32_08 timestamp=000088 receiver=7 cavs=[7, 8] pred_boxes=25 gt_boxes=55 comm_bytes=153088
frame=15/41 late_source=8/20 scenario=2026_07_29_02_32_08 timestamp=000088 receiver=8 cavs=[8] pred_boxes=27 gt_boxes=37 comm_bytes=0
frame=15/41 late_source=9/20 scenario=2026_07_29_02_32_08 timestamp=000088 receiver=9 cavs=[9, 5] pred_boxes=14 gt_boxes=38 comm_bytes=146080
frame=15/41 late_source=10/20 scenario=2026_07_29_02_32_08 timestamp=000088 receiver=10 cavs=[10, 5, 8] pred_boxes=23 gt_boxes=55 comm_bytes=311136
frame=15/41 late_source=11/20 scenario=2026_07_29_02_32_08 timestamp=000088 receiver=11 cavs=[11] pred_boxes=23 gt_boxes=42 comm_bytes=0
frame=15/41 late_source=12/20 scenario=2026_07_29_02_32_08 timestamp=000088 receiver=12 cavs=[12, 8] pred_boxes=10 gt_boxes=44 comm_bytes=153088
frame=15/41 late_source=13/20 scenario=2026_07_29_02_32_08 timestamp=000088 receiver=13 cavs=[13] pred_boxes=3 gt_boxes=15 comm_bytes=0
frame=15/41 late_source=14/20 scenario=2026_07_29_02_32_08 timestamp=000088 receiver=14 cavs=[14] skipped=empty_pillars comm_bytes=0
frame=15/41 late_source=15/20 scenario=2026_07_29_02_32_08 timestamp=000088 receiver=15 cavs=[15] pred_boxes=15 gt_boxes=23 comm_bytes=0
frame=15/41 late_source=16/20 scenario=2026_07_29_02_32_08 timestamp=000088 receiver=16 cavs=[16] pred_boxes=17 gt_boxes=30 comm_bytes=0
frame=15/41 late_source=17/20 scenario=2026_07_29_02_32_08 timestamp=000088 receiver=17 cavs=[17] pred_boxes=10 gt_boxes=20 comm_bytes=0
frame=15/41 late_source=18/20 scenario=2026_07_29_02_32_08 timestamp=000088 receiver=18 cavs=[18] pred_boxes=4 gt_boxes=6 comm_bytes=0
frame=15/41 late_source=19/20 scenario=2026_07_29_02_32_08 timestamp=000088 receiver=19 cavs=[19, 5] pred_boxes=2 gt_boxes=40 comm_bytes=146080
frame=15/41 late_source=20/20 scenario=2026_07_29_02_32_08 timestamp=000088 receiver=20 cavs=[20] pred_boxes=23 gt_boxes=32 comm_bytes=0
sgcp_late_fusion frame=15/41 scenario=2026_07_29_02_32_08 timestamp=000088 sources=20 fused_pred_boxes=80 fused_gt_boxes=70
frame=16/41 late_source=1/20 scenario=2026_07_29_02_32_08 timestamp=000090 receiver=1 cavs=[1] pred_boxes=23 gt_boxes=40 comm_bytes=0
frame=16/41 late_source=2/20 scenario=2026_07_29_02_32_08 timestamp=000090 receiver=2 cavs=[2] pred_boxes=19 gt_boxes=36 comm_bytes=0
frame=16/41 late_source=3/20 scenario=2026_07_29_02_32_08 timestamp=000090 receiver=3 cavs=[3, 18] pred_boxes=9 gt_boxes=18 comm_bytes=169552
frame=16/41 late_source=4/20 scenario=2026_07_29_02_32_08 timestamp=000090 receiver=4 cavs=[4] pred_boxes=16 gt_boxes=40 comm_bytes=0
frame=16/41 late_source=5/20 scenario=2026_07_29_02_32_08 timestamp=000090 receiver=5 cavs=[5] pred_boxes=13 gt_boxes=34 comm_bytes=0
frame=16/41 late_source=6/20 scenario=2026_07_29_02_32_08 timestamp=000090 receiver=6 cavs=[6] pred_boxes=14 gt_boxes=15 comm_bytes=0
frame=16/41 late_source=7/20 scenario=2026_07_29_02_32_08 timestamp=000090 receiver=7 cavs=[7, 8] pred_boxes=24 gt_boxes=56 comm_bytes=153088
frame=16/41 late_source=8/20 scenario=2026_07_29_02_32_08 timestamp=000090 receiver=8 cavs=[8] pred_boxes=27 gt_boxes=38 comm_bytes=0
frame=16/41 late_source=9/20 scenario=2026_07_29_02_32_08 timestamp=000090 receiver=9 cavs=[9, 5] pred_boxes=16 gt_boxes=40 comm_bytes=145904
frame=16/41 late_source=10/20 scenario=2026_07_29_02_32_08 timestamp=000090 receiver=10 cavs=[10, 8] pred_boxes=24 gt_boxes=51 comm_bytes=165056
frame=16/41 late_source=11/20 scenario=2026_07_29_02_32_08 timestamp=000090 receiver=11 cavs=[11, 9] pred_boxes=23 gt_boxes=55 comm_bytes=256
frame=16/41 late_source=12/20 scenario=2026_07_29_02_32_08 timestamp=000090 receiver=12 cavs=[12, 8] pred_boxes=10 gt_boxes=46 comm_bytes=153088
frame=16/41 late_source=13/20 scenario=2026_07_29_02_32_08 timestamp=000090 receiver=13 cavs=[13, 5] pred_boxes=6 gt_boxes=37 comm_bytes=145904
frame=16/41 late_source=14/20 scenario=2026_07_29_02_32_08 timestamp=000090 receiver=14 cavs=[14] skipped=empty_pillars comm_bytes=0
frame=16/41 late_source=15/20 scenario=2026_07_29_02_32_08 timestamp=000090 receiver=15 cavs=[15] pred_boxes=16 gt_boxes=22 comm_bytes=0
frame=16/41 late_source=16/20 scenario=2026_07_29_02_32_08 timestamp=000090 receiver=16 cavs=[16] pred_boxes=17 gt_boxes=31 comm_bytes=0
frame=16/41 late_source=17/20 scenario=2026_07_29_02_32_08 timestamp=000090 receiver=17 cavs=[17] pred_boxes=11 gt_boxes=21 comm_bytes=0
frame=16/41 late_source=18/20 scenario=2026_07_29_02_32_08 timestamp=000090 receiver=18 cavs=[18] pred_boxes=6 gt_boxes=7 comm_bytes=0
frame=16/41 late_source=19/20 scenario=2026_07_29_02_32_08 timestamp=000090 receiver=19 cavs=[19, 5] pred_boxes=2 gt_boxes=39 comm_bytes=145904
frame=16/41 late_source=20/20 scenario=2026_07_29_02_32_08 timestamp=000090 receiver=20 cavs=[20, 9] pred_boxes=20 gt_boxes=38 comm_bytes=48
sgcp_late_fusion frame=16/41 scenario=2026_07_29_02_32_08 timestamp=000090 sources=20 fused_pred_boxes=81 fused_gt_boxes=71
frame=17/41 late_source=1/20 scenario=2026_07_29_02_32_08 timestamp=000092 receiver=1 cavs=[1] pred_boxes=20 gt_boxes=40 comm_bytes=0
frame=17/41 late_source=2/20 scenario=2026_07_29_02_32_08 timestamp=000092 receiver=2 cavs=[2] pred_boxes=21 gt_boxes=35 comm_bytes=0
frame=17/41 late_source=3/20 scenario=2026_07_29_02_32_08 timestamp=000092 receiver=3 cavs=[3, 18] pred_boxes=10 gt_boxes=18 comm_bytes=161984
frame=17/41 late_source=4/20 scenario=2026_07_29_02_32_08 timestamp=000092 receiver=4 cavs=[4] pred_boxes=16 gt_boxes=40 comm_bytes=0
frame=17/41 late_source=5/20 scenario=2026_07_29_02_32_08 timestamp=000092 receiver=5 cavs=[5] pred_boxes=16 gt_boxes=34 comm_bytes=0
frame=17/41 late_source=6/20 scenario=2026_07_29_02_32_08 timestamp=000092 receiver=6 cavs=[6, 15] pred_boxes=13 gt_boxes=23 comm_bytes=5984
frame=17/41 late_source=7/20 scenario=2026_07_29_02_32_08 timestamp=000092 receiver=7 cavs=[7, 8] pred_boxes=23 gt_boxes=56 comm_bytes=153088
frame=17/41 late_source=8/20 scenario=2026_07_29_02_32_08 timestamp=000092 receiver=8 cavs=[8] pred_boxes=28 gt_boxes=37 comm_bytes=0
frame=17/41 late_source=9/20 scenario=2026_07_29_02_32_08 timestamp=000092 receiver=9 cavs=[9, 5] pred_boxes=12 gt_boxes=39 comm_bytes=145776
frame=17/41 late_source=10/20 scenario=2026_07_29_02_32_08 timestamp=000092 receiver=10 cavs=[10, 5, 8] pred_boxes=22 gt_boxes=55 comm_bytes=310832
frame=17/41 late_source=11/20 scenario=2026_07_29_02_32_08 timestamp=000092 receiver=11 cavs=[11] pred_boxes=23 gt_boxes=42 comm_bytes=0
frame=17/41 late_source=12/20 scenario=2026_07_29_02_32_08 timestamp=000092 receiver=12 cavs=[12, 8] pred_boxes=9 gt_boxes=45 comm_bytes=153088
frame=17/41 late_source=13/20 scenario=2026_07_29_02_32_08 timestamp=000092 receiver=13 cavs=[13, 5] pred_boxes=5 gt_boxes=36 comm_bytes=145776
frame=17/41 late_source=14/20 scenario=2026_07_29_02_32_08 timestamp=000092 receiver=14 cavs=[14] skipped=empty_pillars comm_bytes=0
frame=17/41 late_source=15/20 scenario=2026_07_29_02_32_08 timestamp=000092 receiver=15 cavs=[15] pred_boxes=17 gt_boxes=22 comm_bytes=0
frame=17/41 late_source=16/20 scenario=2026_07_29_02_32_08 timestamp=000092 receiver=16 cavs=[16, 5] pred_boxes=17 gt_boxes=38 comm_bytes=2096
frame=17/41 late_source=17/20 scenario=2026_07_29_02_32_08 timestamp=000092 receiver=17 cavs=[17] pred_boxes=13 gt_boxes=20 comm_bytes=0
frame=17/41 late_source=18/20 scenario=2026_07_29_02_32_08 timestamp=000092 receiver=18 cavs=[18] pred_boxes=6 gt_boxes=7 comm_bytes=0
frame=17/41 late_source=19/20 scenario=2026_07_29_02_32_08 timestamp=000092 receiver=19 cavs=[19] pred_boxes=1 gt_boxes=23 comm_bytes=0
frame=17/41 late_source=20/20 scenario=2026_07_29_02_32_08 timestamp=000092 receiver=20 cavs=[20, 9] pred_boxes=23 gt_boxes=39 comm_bytes=176Format = auto
Extension = pcd
Format = auto
Extension = pcd
Format = auto
Extension = pcd
Format = auto
Extension = pcd
Format = auto
Extension = pcd
Format = auto
Extension = pcd
Format = auto
Extension = pcd
Format = auto
Extension = pcd
Format = auto
Extension = pcd
Format = auto
Extension = pcd
Format = auto
Extension = pcd
Format = auto
Extension = pcd
Format = auto
Extension = pcd
Format = auto
Extension = pcd
Format = auto
Extension = pcd
Format = auto
Extension = pcd
Format = auto
Extension = pcd
Format = auto
Extension = pcd
Format = auto
Extension = pcd
Format = auto
Extension = pcd
Format = auto
Extension = pcd
Format = auto
Extension = pcd
Format = auto
Extension = pcd
Format = auto
Extension = pcd
Format = auto
Extension = pcd
Format = auto
Extension = pcd
Format = auto
Extension = pcd
Format = auto
Extension = pcd
Format = auto
Extension = pcd
Format = auto
Extension = pcd
Format = auto
Extension = pcd
Format = auto
Extension = pcd
Format = auto
Extension = pcd
Format = auto
Extension = pcd
Format = auto
Extension = pcd
Format = auto
Extension = pcd
Format = auto
Extension = pcd
Format = auto
Extension = pcd
Format = auto
Extension = pcd
Format = auto
Extension = pcd
Format = auto
Extension = pcd
Format = auto
Extension = pcd
Format = auto
Extension = pcd
Format = auto
Extension = pcd
Format = auto
Extension = pcd
Format = auto
Extension = pcd
Format = auto
Extension = pcd
Format = auto
Extension = pcd
Format = auto
Extension = pcd
Format = auto
Extension = pcd
Format = auto
Extension = pcd
Format = auto
Extension = pcd
Format = auto
Extension = pcd
Format = auto
Extension = pcd
Format = auto
Extension = pcd
Format = auto
Extension = pcd
Format = auto
Extension = pcd
Format = auto
Extension = pcd
Format = auto
Extension = pcd
Format = auto
Extension = pcd

sgcp_late_fusion frame=17/41 scenario=2026_07_29_02_32_08 timestamp=000092 sources=20 fused_pred_boxes=80 fused_gt_boxes=71
frame=18/41 late_source=1/20 scenario=2026_07_29_02_32_08 timestamp=000094 receiver=1 cavs=[1] pred_boxes=20 gt_boxes=40 comm_bytes=0
frame=18/41 late_source=2/20 scenario=2026_07_29_02_32_08 timestamp=000094 receiver=2 cavs=[2] pred_boxes=20 gt_boxes=35 comm_bytes=0
frame=18/41 late_source=3/20 scenario=2026_07_29_02_32_08 timestamp=000094 receiver=3 cavs=[3, 18] pred_boxes=9 gt_boxes=19 comm_bytes=162528
frame=18/41 late_source=4/20 scenario=2026_07_29_02_32_08 timestamp=000094 receiver=4 cavs=[4] pred_boxes=16 gt_boxes=40 comm_bytes=0
frame=18/41 late_source=5/20 scenario=2026_07_29_02_32_08 timestamp=000094 receiver=5 cavs=[5] pred_boxes=18 gt_boxes=32 comm_bytes=0
frame=18/41 late_source=6/20 scenario=2026_07_29_02_32_08 timestamp=000094 receiver=6 cavs=[6, 15] pred_boxes=15 gt_boxes=25 comm_bytes=151760
frame=18/41 late_source=7/20 scenario=2026_07_29_02_32_08 timestamp=000094 receiver=7 cavs=[7, 8] pred_boxes=23 gt_boxes=55 comm_bytes=153088
frame=18/41 late_source=8/20 scenario=2026_07_29_02_32_08 timestamp=000094 receiver=8 cavs=[8] pred_boxes=29 gt_boxes=37 comm_bytes=0
frame=18/41 late_source=9/20 scenario=2026_07_29_02_32_08 timestamp=000094 receiver=9 cavs=[9, 5] pred_boxes=13 gt_boxes=39 comm_bytes=145648
frame=18/41 late_source=10/20 scenario=2026_07_29_02_32_08 timestamp=000094 receiver=10 cavs=[10, 8] pred_boxes=26 gt_boxes=49 comm_bytes=166896
frame=18/41 late_source=11/20 scenario=2026_07_29_02_32_08 timestamp=000094 receiver=11 cavs=[11] pred_boxes=24 gt_boxes=42 comm_bytes=0
frame=18/41 late_source=12/20 scenario=2026_07_29_02_32_08 timestamp=000094 receiver=12 cavs=[12, 8] pred_boxes=9 gt_boxes=44 comm_bytes=153088
frame=18/41 late_source=13/20 scenario=2026_07_29_02_32_08 timestamp=000094 receiver=13 cavs=[13, 5] pred_boxes=3 gt_boxes=35 comm_bytes=145648
frame=18/41 late_source=14/20 scenario=2026_07_29_02_32_08 timestamp=000094 receiver=14 cavs=[14] skipped=empty_pillars comm_bytes=0
frame=18/41 late_source=15/20 scenario=2026_07_29_02_32_08 timestamp=000094 receiver=15 cavs=[15] pred_boxes=17 gt_boxes=24 comm_bytes=0
frame=18/41 late_source=16/20 scenario=2026_07_29_02_32_08 timestamp=000094 receiver=16 cavs=[16] pred_boxes=15 gt_boxes=31 comm_bytes=0
frame=18/41 late_source=17/20 scenario=2026_07_29_02_32_08 timestamp=000094 receiver=17 cavs=[17] pred_boxes=12 gt_boxes=20 comm_bytes=0
frame=18/41 late_source=18/20 scenario=2026_07_29_02_32_08 timestamp=000094 receiver=18 cavs=[18] pred_boxes=6 gt_boxes=8 comm_bytes=0
frame=18/41 late_source=19/20 scenario=2026_07_29_02_32_08 timestamp=000094 receiver=19 cavs=[19] pred_boxes=1 gt_boxes=22 comm_bytes=0
frame=18/41 late_source=20/20 scenario=2026_07_29_02_32_08 timestamp=000094 receiver=20 cavs=[20, 9] pred_boxes=22 gt_boxes=39 comm_bytes=144
sgcp_late_fusion frame=18/41 scenario=2026_07_29_02_32_08 timestamp=000094 sources=20 fused_pred_boxes=80 fused_gt_boxes=71
frame=19/41 late_source=1/20 scenario=2026_07_29_02_32_08 timestamp=000096 receiver=1 cavs=[1, 8] pred_boxes=23 gt_boxes=45 comm_bytes=640
frame=19/41 late_source=2/20 scenario=2026_07_29_02_32_08 timestamp=000096 receiver=2 cavs=[2] pred_boxes=20 gt_boxes=36 comm_bytes=0
frame=19/41 late_source=3/20 scenario=2026_07_29_02_32_08 timestamp=000096 receiver=3 cavs=[3, 18] pred_boxes=9 gt_boxes=17 comm_bytes=159952
frame=19/41 late_source=4/20 scenario=2026_07_29_02_32_08 timestamp=000096 receiver=4 cavs=[4] pred_boxes=18 gt_boxes=39 comm_bytes=0
frame=19/41 late_source=5/20 scenario=2026_07_29_02_32_08 timestamp=000096 receiver=5 cavs=[5, 20] pred_boxes=18 gt_boxes=34 comm_bytes=29952
frame=19/41 late_source=6/20 scenario=2026_07_29_02_32_08 timestamp=000096 receiver=6 cavs=[6] pred_boxes=15 gt_boxes=15 comm_bytes=0
frame=19/41 late_source=7/20 scenario=2026_07_29_02_32_08 timestamp=000096 receiver=7 cavs=[7, 8] pred_boxes=24 gt_boxes=55 comm_bytes=153088
frame=19/41 late_source=8/20 scenario=2026_07_29_02_32_08 timestamp=000096 receiver=8 cavs=[8] pred_boxes=26 gt_boxes=37 comm_bytes=0
frame=19/41 late_source=9/20 scenario=2026_07_29_02_32_08 timestamp=000096 receiver=9 cavs=[9, 5] pred_boxes=12 gt_boxes=38 comm_bytes=145504
frame=19/41 late_source=10/20 scenario=2026_07_29_02_32_08 timestamp=000096 receiver=10 cavs=[10, 5] pred_boxes=22 gt_boxes=45 comm_bytes=145504
frame=19/41 late_source=11/20 scenario=2026_07_29_02_32_08 timestamp=000096 receiver=11 cavs=[11] pred_boxes=23 gt_boxes=42 comm_bytes=0
frame=19/41 late_source=12/20 scenario=2026_07_29_02_32_08 timestamp=000096 receiver=12 cavs=[12, 8] pred_boxes=9 gt_boxes=43 comm_bytes=153088
frame=19/41 late_source=13/20 scenario=2026_07_29_02_32_08 timestamp=000096 receiver=13 cavs=[13, 5] pred_boxes=2 gt_boxes=35 comm_bytes=145504
frame=19/41 late_source=14/20 scenario=2026_07_29_02_32_08 timestamp=000096 receiver=14 cavs=[14] skipped=empty_pillars comm_bytes=0
frame=19/41 late_source=15/20 scenario=2026_07_29_02_32_08 timestamp=000096 receiver=15 cavs=[15] pred_boxes=16 gt_boxes=24 comm_bytes=0
frame=19/41 late_source=16/20 scenario=2026_07_29_02_32_08 timestamp=000096 receiver=16 cavs=[16, 5] pred_boxes=17 gt_boxes=35 comm_bytes=145504
frame=19/41 late_source=17/20 scenario=2026_07_29_02_32_08 timestamp=000096 receiver=17 cavs=[17] pred_boxes=13 gt_boxes=21 comm_bytes=0
frame=19/41 late_source=18/20 scenario=2026_07_29_02_32_08 timestamp=000096 receiver=18 cavs=[18] pred_boxes=5 gt_boxes=8 comm_bytes=0
frame=19/41 late_source=19/20 scenario=2026_07_29_02_32_08 timestamp=000096 receiver=19 cavs=[19] pred_boxes=1 gt_boxes=22 comm_bytes=0
frame=19/41 late_source=20/20 scenario=2026_07_29_02_32_08 timestamp=000096 receiver=20 cavs=[20, 9] pred_boxes=21 gt_boxes=39 comm_bytes=64
sgcp_late_fusion frame=19/41 scenario=2026_07_29_02_32_08 timestamp=000096 sources=20 fused_pred_boxes=82 fused_gt_boxes=71
frame=20/41 late_source=1/20 scenario=2026_07_29_02_32_08 timestamp=000098 receiver=1 cavs=[1] pred_boxes=22 gt_boxes=41 comm_bytes=0
frame=20/41 late_source=2/20 scenario=2026_07_29_02_32_08 timestamp=000098 receiver=2 cavs=[2, 15] pred_boxes=21 gt_boxes=41 comm_bytes=144752
frame=20/41 late_source=3/20 scenario=2026_07_29_02_32_08 timestamp=000098 receiver=3 cavs=[3, 18] pred_boxes=8 gt_boxes=17 comm_bytes=163136
frame=20/41 late_source=4/20 scenario=2026_07_29_02_32_08 timestamp=000098 receiver=4 cavs=[4] pred_boxes=16 gt_boxes=39 comm_bytes=0
frame=20/41 late_source=5/20 scenario=2026_07_29_02_32_08 timestamp=000098 receiver=5 cavs=[5] pred_boxes=17 gt_boxes=31 comm_bytes=0
frame=20/41 late_source=6/20 scenario=2026_07_29_02_32_08 timestamp=000098 receiver=6 cavs=[6, 15] pred_boxes=14 gt_boxes=26 comm_bytes=1696
frame=20/41 late_source=7/20 scenario=2026_07_29_02_32_08 timestamp=000098 receiver=7 cavs=[7, 8] pred_boxes=24 gt_boxes=54 comm_bytes=153088
frame=20/41 late_source=8/20 scenario=2026_07_29_02_32_08 timestamp=000098 receiver=8 cavs=[8] pred_boxes=27 gt_boxes=38 comm_bytes=0
frame=20/41 late_source=9/20 scenario=2026_07_29_02_32_08 timestamp=000098 receiver=9 cavs=[9, 5] pred_boxes=12 gt_boxes=38 comm_bytes=145376
frame=20/41 late_source=10/20 scenario=2026_07_29_02_32_08 timestamp=000098 receiver=10 cavs=[10, 5, 8] pred_boxes=22 gt_boxes=55 comm_bytes=310432
frame=20/41 late_source=11/20 scenario=2026_07_29_02_32_08 timestamp=000098 receiver=11 cavs=[11] pred_boxes=21 gt_boxes=43 comm_bytes=0
frame=20/41 late_source=12/20 scenario=2026_07_29_02_32_08 timestamp=000098 receiver=12 cavs=[12, 8] pred_boxes=12 gt_boxes=41 comm_bytes=153088
frame=20/41 late_source=13/20 scenario=2026_07_29_02_32_08 timestamp=000098 receiver=13 cavs=[13, 19] pred_boxes=5 gt_boxes=26 comm_bytes=7152
frame=20/41 late_source=14/20 scenario=2026_07_29_02_32_08 timestamp=000098 receiver=14 cavs=[14] skipped=empty_pillars comm_bytes=0
frame=20/41 late_source=15/20 scenario=2026_07_29_02_32_08 timestamp=000098 receiver=15 cavs=[15] pred_boxes=16 gt_boxes=23 comm_bytes=0
frame=20/41 late_source=16/20 scenario=2026_07_29_02_32_08 timestamp=000098 receiver=16 cavs=[16] pred_boxes=16 gt_boxes=29 comm_bytes=0Format = auto
Extension = pcd
Format = auto
Extension = pcd
Format = auto
Extension = pcd
Format = auto
Extension = pcd
Format = auto
Extension = pcd
Format = auto
Extension = pcd
Format = auto
Extension = pcd
Format = auto
Extension = pcd
Format = auto
Extension = pcd
Format = auto
Extension = pcd
Format = auto
Extension = pcd
Format = auto
Extension = pcd
Format = auto
Extension = pcd
Format = auto
Extension = pcd
Format = auto
Extension = pcd
Format = auto
Extension = pcd
Format = auto
Extension = pcd
Format = auto
Extension = pcd
Format = auto
Extension = pcd
Format = auto
Extension = pcd
Format = auto
Extension = pcd
Format = auto
Extension = pcd
Format = auto
Extension = pcd
Format = auto
Extension = pcd
Format = auto
Extension = pcd
Format = auto
Extension = pcd
Format = auto
Extension = pcd
Format = auto
Extension = pcd
Format = auto
Extension = pcd
Format = auto
Extension = pcd
Format = auto
Extension = pcd
Format = auto
Extension = pcd
Format = auto
Extension = pcd
Format = auto
Extension = pcd
Format = auto
Extension = pcd
Format = auto
Extension = pcd
Format = auto
Extension = pcd
Format = auto
Extension = pcd
Format = auto
Extension = pcd
Format = auto
Extension = pcd
Format = auto
Extension = pcd
Format = auto
Extension = pcd
Format = auto
Extension = pcd
Format = auto
Extension = pcd
Format = auto
Extension = pcd
Format = auto
Extension = pcd
Format = auto
Extension = pcd
Format = auto
Extension = pcd
Format = auto
Extension = pcd
Format = auto
Extension = pcd
Format = auto
Extension = pcd
Format = auto
Extension = pcd
Format = auto
Extension = pcd
Format = auto
Extension = pcd
Format = auto
Extension = pcd
Format = auto
Extension = pcd
Format = auto
Extension = pcd
Format = auto
Extension = pcd
Format = auto
Extension = pcd
Format = auto
Extension = pcd

frame=20/41 late_source=17/20 scenario=2026_07_29_02_32_08 timestamp=000098 receiver=17 cavs=[17] pred_boxes=13 gt_boxes=22 comm_bytes=0
frame=20/41 late_source=18/20 scenario=2026_07_29_02_32_08 timestamp=000098 receiver=18 cavs=[18] pred_boxes=5 gt_boxes=8 comm_bytes=0
frame=20/41 late_source=19/20 scenario=2026_07_29_02_32_08 timestamp=000098 receiver=19 cavs=[19] pred_boxes=1 gt_boxes=22 comm_bytes=0
frame=20/41 late_source=20/20 scenario=2026_07_29_02_32_08 timestamp=000098 receiver=20 cavs=[20, 9] pred_boxes=23 gt_boxes=39 comm_bytes=80
sgcp_late_fusion frame=20/41 scenario=2026_07_29_02_32_08 timestamp=000098 sources=20 fused_pred_boxes=83 fused_gt_boxes=71
frame=21/41 late_source=1/20 scenario=2026_07_29_02_32_08 timestamp=000100 receiver=1 cavs=[1] pred_boxes=21 gt_boxes=39 comm_bytes=0
frame=21/41 late_source=2/20 scenario=2026_07_29_02_32_08 timestamp=000100 receiver=2 cavs=[2] pred_boxes=21 gt_boxes=36 comm_bytes=0
frame=21/41 late_source=3/20 scenario=2026_07_29_02_32_08 timestamp=000100 receiver=3 cavs=[3, 18] pred_boxes=9 gt_boxes=17 comm_bytes=163040
frame=21/41 late_source=4/20 scenario=2026_07_29_02_32_08 timestamp=000100 receiver=4 cavs=[4] pred_boxes=18 gt_boxes=39 comm_bytes=0
frame=21/41 late_source=5/20 scenario=2026_07_29_02_32_08 timestamp=000100 receiver=5 cavs=[5] pred_boxes=16 gt_boxes=33 comm_bytes=0
frame=21/41 late_source=6/20 scenario=2026_07_29_02_32_08 timestamp=000100 receiver=6 cavs=[6, 15] pred_boxes=15 gt_boxes=29 comm_bytes=6656
frame=21/41 late_source=7/20 scenario=2026_07_29_02_32_08 timestamp=000100 receiver=7 cavs=[7, 8] pred_boxes=26 gt_boxes=53 comm_bytes=153088
frame=21/41 late_source=8/20 scenario=2026_07_29_02_32_08 timestamp=000100 receiver=8 cavs=[8] pred_boxes=29 gt_boxes=39 comm_bytes=0
frame=21/41 late_source=9/20 scenario=2026_07_29_02_32_08 timestamp=000100 receiver=9 cavs=[9, 5] pred_boxes=12 gt_boxes=40 comm_bytes=145136
frame=21/41 late_source=10/20 scenario=2026_07_29_02_32_08 timestamp=000100 receiver=10 cavs=[10, 5, 8] pred_boxes=23 gt_boxes=59 comm_bytes=310192
frame=21/41 late_source=11/20 scenario=2026_07_29_02_32_08 timestamp=000100 receiver=11 cavs=[11] pred_boxes=22 gt_boxes=43 comm_bytes=0
frame=21/41 late_source=12/20 scenario=2026_07_29_02_32_08 timestamp=000100 receiver=12 cavs=[12, 8] pred_boxes=13 gt_boxes=39 comm_bytes=153600
frame=21/41 late_source=13/20 scenario=2026_07_29_02_32_08 timestamp=000100 receiver=13 cavs=[13] pred_boxes=4 gt_boxes=16 comm_bytes=0
frame=21/41 late_source=14/20 scenario=2026_07_29_02_32_08 timestamp=000100 receiver=14 cavs=[14] skipped=empty_pillars comm_bytes=0
frame=21/41 late_source=15/20 scenario=2026_07_29_02_32_08 timestamp=000100 receiver=15 cavs=[15] pred_boxes=15 gt_boxes=25 comm_bytes=0
frame=21/41 late_source=16/20 scenario=2026_07_29_02_32_08 timestamp=000100 receiver=16 cavs=[16, 5] pred_boxes=16 gt_boxes=35 comm_bytes=147088
frame=21/41 late_source=17/20 scenario=2026_07_29_02_32_08 timestamp=000100 receiver=17 cavs=[17] pred_boxes=12 gt_boxes=20 comm_bytes=0
frame=21/41 late_source=18/20 scenario=2026_07_29_02_32_08 timestamp=000100 receiver=18 cavs=[18] pred_boxes=3 gt_boxes=7 comm_bytes=0
frame=21/41 late_source=19/20 scenario=2026_07_29_02_32_08 timestamp=000100 receiver=19 cavs=[19] pred_boxes=1 gt_boxes=22 comm_bytes=0
frame=21/41 late_source=20/20 scenario=2026_07_29_02_32_08 timestamp=000100 receiver=20 cavs=[20] pred_boxes=23 gt_boxes=33 comm_bytes=0
sgcp_late_fusion frame=21/41 scenario=2026_07_29_02_32_08 timestamp=000100 sources=20 fused_pred_boxes=84 fused_gt_boxes=71
frame=22/41 late_source=1/20 scenario=2026_07_29_02_32_08 timestamp=000102 receiver=1 cavs=[1] pred_boxes=23 gt_boxes=40 comm_bytes=0
frame=22/41 late_source=2/20 scenario=2026_07_29_02_32_08 timestamp=000102 receiver=2 cavs=[2] pred_boxes=20 gt_boxes=36 comm_bytes=0
frame=22/41 late_source=3/20 scenario=2026_07_29_02_32_08 timestamp=000102 receiver=3 cavs=[3, 18] pred_boxes=11 gt_boxes=17 comm_bytes=155952
frame=22/41 late_source=4/20 scenario=2026_07_29_02_32_08 timestamp=000102 receiver=4 cavs=[4] pred_boxes=17 gt_boxes=39 comm_bytes=0
frame=22/41 late_source=5/20 scenario=2026_07_29_02_32_08 timestamp=000102 receiver=5 cavs=[5, 20] pred_boxes=20 gt_boxes=36 comm_bytes=28528
frame=22/41 late_source=6/20 scenario=2026_07_29_02_32_08 timestamp=000102 receiver=6 cavs=[6, 15] pred_boxes=14 gt_boxes=28 comm_bytes=16
frame=22/41 late_source=7/20 scenario=2026_07_29_02_32_08 timestamp=000102 receiver=7 cavs=[7, 8] pred_boxes=24 gt_boxes=52 comm_bytes=153088
frame=22/41 late_source=8/20 scenario=2026_07_29_02_32_08 timestamp=000102 receiver=8 cavs=[8] pred_boxes=29 gt_boxes=39 comm_bytes=0
frame=22/41 late_source=9/20 scenario=2026_07_29_02_32_08 timestamp=000102 receiver=9 cavs=[9, 5] pred_boxes=12 gt_boxes=40 comm_bytes=144864
frame=22/41 late_source=10/20 scenario=2026_07_29_02_32_08 timestamp=000102 receiver=10 cavs=[10, 5, 8] pred_boxes=23 gt_boxes=59 comm_bytes=297952
frame=22/41 late_source=11/20 scenario=2026_07_29_02_32_08 timestamp=000102 receiver=11 cavs=[11] pred_boxes=23 gt_boxes=41 comm_bytes=0
frame=22/41 late_source=12/20 scenario=2026_07_29_02_32_08 timestamp=000102 receiver=12 cavs=[12, 8] pred_boxes=11 gt_boxes=41 comm_bytes=153536
frame=22/41 late_source=13/20 scenario=2026_07_29_02_32_08 timestamp=000102 receiver=13 cavs=[13] pred_boxes=3 gt_boxes=15 comm_bytes=0
frame=22/41 late_source=14/20 scenario=2026_07_29_02_32_08 timestamp=000102 receiver=14 cavs=[14] skipped=empty_pillars comm_bytes=0
frame=22/41 late_source=15/20 scenario=2026_07_29_02_32_08 timestamp=000102 receiver=15 cavs=[15] pred_boxes=16 gt_boxes=25 comm_bytes=0
frame=22/41 late_source=16/20 scenario=2026_07_29_02_32_08 timestamp=000102 receiver=16 cavs=[16, 5] pred_boxes=16 gt_boxes=35 comm_bytes=144864
frame=22/41 late_source=17/20 scenario=2026_07_29_02_32_08 timestamp=000102 receiver=17 cavs=[17] pred_boxes=12 gt_boxes=21 comm_bytes=0
frame=22/41 late_source=18/20 scenario=2026_07_29_02_32_08 timestamp=000102 receiver=18 cavs=[18] pred_boxes=2 gt_boxes=6 comm_bytes=0
frame=22/41 late_source=19/20 scenario=2026_07_29_02_32_08 timestamp=000102 receiver=19 cavs=[19] pred_boxes=4 gt_boxes=23 comm_bytes=0
frame=22/41 late_source=20/20 scenario=2026_07_29_02_32_08 timestamp=000102 receiver=20 cavs=[20] pred_boxes=22 gt_boxes=33 comm_bytes=0
sgcp_late_fusion frame=22/41 scenario=2026_07_29_02_32_08 timestamp=000102 sources=20 fused_pred_boxes=78 fused_gt_boxes=71
frame=23/41 late_source=1/20 scenario=2026_07_29_02_32_08 timestamp=000104 receiver=1 cavs=[1] pred_boxes=22 gt_boxes=41 comm_bytes=0
frame=23/41 late_source=2/20 scenario=2026_07_29_02_32_08 timestamp=000104 receiver=2 cavs=[2, 1, 15] pred_boxes=18 gt_boxes=49 comm_bytes=144528
frame=23/41 late_source=3/20 scenario=2026_07_29_02_32_08 timestamp=000104 receiver=3 cavs=[3, 18] pred_boxes=10 gt_boxes=16 comm_bytes=155872
frame=23/41 late_source=4/20 scenario=2026_07_29_02_32_08 timestamp=000104 receiver=4 cavs=[4] pred_boxes=19 gt_boxes=39 comm_bytes=0
frame=23/41 late_source=5/20 scenario=2026_07_29_02_32_08 timestamp=000104 receiver=5 cavs=[5, 20] pred_boxes=19 gt_boxes=36 comm_bytes=27952
frame=23/41 late_source=6/20 scenario=2026_07_29_02_32_08 timestamp=000104 receiver=6 cavs=[6] pred_boxes=15 gt_boxes=17 comm_bytes=0
frame=23/41 late_source=7/20 scenario=2026_07_29_02_32_08 timestamp=000104 receiver=7 cavs=[7, 8] pred_boxes=25 gt_boxes=52 comm_bytes=153088
frame=23/41 late_source=8/20 scenario=2026_07_29_02_32_08 timestamp=000104 receiver=8 cavs=[8] pred_boxes=29 gt_boxes=39 comm_bytes=0
frame=23/41 late_source=9/20 scenario=2026_07_29_02_32_08 timestamp=000104 receiver=9 cavs=[9, 5] pred_boxes=14 gt_boxes=40 comm_bytes=144624
frame=23/41 late_source=10/20 scenario=2026_07_29_02_32_08 timestamp=000104 receiver=10 cavs=[10, 8] pred_boxes=23 gt_boxes=51 comm_bytes=153088
frame=23/41 late_source=11/20 scenario=2026_07_29_02_32_08 timestamp=000104 receiver=11 cavs=[11] pred_boxes=25 gt_boxes=41 comm_bytes=0
frame=23/41 late_source=12/20 scenario=2026_07_29_02_32_08 timestamp=000104 receiver=12 cavs=[12, 8] pred_boxes=12 gt_boxes=40 comm_bytes=153088
Format = auto
Extension = pcd
Format = auto
Extension = pcd
Format = auto
Extension = pcd
Format = auto
Extension = pcd
Format = auto
Extension = pcd
Format = auto
Extension = pcd
Format = auto
Extension = pcd
Format = auto
Extension = pcd
Format = auto
Extension = pcd
Format = auto
Extension = pcd
Format = auto
Extension = pcd
Format = auto
Extension = pcd
Format = auto
Extension = pcd
Format = auto
Extension = pcd
Format = auto
Extension = pcd
Format = auto
Extension = pcd
Format = auto
Extension = pcd
Format = auto
Extension = pcd
Format = auto
Extension = pcd
Format = auto
Extension = pcd
Format = auto
Extension = pcd
Format = auto
Extension = pcd
Format = auto
Extension = pcd
Format = auto
Extension = pcd
Format = auto
Extension = pcd
Format = auto
Extension = pcd
Format = auto
Extension = pcd
Format = auto
Extension = pcd
Format = auto
Extension = pcd
Format = auto
Extension = pcd
Format = auto
Extension = pcd
Format = auto
Extension = pcd
Format = auto
Extension = pcd
Format = auto
Extension = pcd
Format = auto
Extension = pcd
Format = auto
Extension = pcd
Format = auto
Extension = pcd
Format = auto
Extension = pcd
Format = auto
Extension = pcd
Format = auto
Extension = pcd
Format = auto
Extension = pcd
Format = auto
Extension = pcd
Format = auto
Extension = pcd
Format = auto
Extension = pcd
Format = auto
Extension = pcd
Format = auto
Extension = pcd
Format = auto
Extension = pcd
Format = auto
Extension = pcd
Format = auto
Extension = pcd
Format = auto
Extension = pcd
Format = auto
Extension = pcd
Format = auto
Extension = pcd
Format = auto
Extension = pcd
Format = auto
Extension = pcd
Format = auto
Extension = pcd
Format = auto
Extension = pcd
Format = auto
Extension = pcd
Format = auto
Extension = pcd
Format = auto
Extension = pcd
Format = auto
Extension = pcd
frame=23/41 late_source=13/20 scenario=2026_07_29_02_32_08 timestamp=000104 receiver=13 cavs=[13] pred_boxes=3 gt_boxes=15 comm_bytes=0
frame=23/41 late_source=14/20 scenario=2026_07_29_02_32_08 timestamp=000104 receiver=14 cavs=[14] skipped=empty_pillars comm_bytes=0
frame=23/41 late_source=15/20 scenario=2026_07_29_02_32_08 timestamp=000104 receiver=15 cavs=[15] pred_boxes=16 gt_boxes=25 comm_bytes=0
frame=23/41 late_source=16/20 scenario=2026_07_29_02_32_08 timestamp=000104 receiver=16 cavs=[16, 5] pred_boxes=18 gt_boxes=35 comm_bytes=146560
frame=23/41 late_source=17/20 scenario=2026_07_29_02_32_08 timestamp=000104 receiver=17 cavs=[17] pred_boxes=13 gt_boxes=21 comm_bytes=0
frame=23/41 late_source=18/20 scenario=2026_07_29_02_32_08 timestamp=000104 receiver=18 cavs=[18] pred_boxes=2 gt_boxes=6 comm_bytes=0
frame=23/41 late_source=19/20 scenario=2026_07_29_02_32_08 timestamp=000104 receiver=19 cavs=[19] pred_boxes=5 gt_boxes=22 comm_bytes=0
frame=23/41 late_source=20/20 scenario=2026_07_29_02_32_08 timestamp=000104 receiver=20 cavs=[20] pred_boxes=22 gt_boxes=33 comm_bytes=0
sgcp_late_fusion frame=23/41 scenario=2026_07_29_02_32_08 timestamp=000104 sources=20 fused_pred_boxes=84 fused_gt_boxes=71
frame=24/41 late_source=1/20 scenario=2026_07_29_02_32_08 timestamp=000106 receiver=1 cavs=[1, 8] pred_boxes=22 gt_boxes=47 comm_bytes=688
frame=24/41 late_source=2/20 scenario=2026_07_29_02_32_08 timestamp=000106 receiver=2 cavs=[2, 15] pred_boxes=19 gt_boxes=41 comm_bytes=144368
frame=24/41 late_source=3/20 scenario=2026_07_29_02_32_08 timestamp=000106 receiver=3 cavs=[3, 18] pred_boxes=10 gt_boxes=15 comm_bytes=155808
frame=24/41 late_source=4/20 scenario=2026_07_29_02_32_08 timestamp=000106 receiver=4 cavs=[4] pred_boxes=16 gt_boxes=39 comm_bytes=0
frame=24/41 late_source=5/20 scenario=2026_07_29_02_32_08 timestamp=000106 receiver=5 cavs=[5] pred_boxes=18 gt_boxes=31 comm_bytes=0
frame=24/41 late_source=6/20 scenario=2026_07_29_02_32_08 timestamp=000106 receiver=6 cavs=[6] pred_boxes=16 gt_boxes=17 comm_bytes=0
frame=24/41 late_source=7/20 scenario=2026_07_29_02_32_08 timestamp=000106 receiver=7 cavs=[7, 8] pred_boxes=24 gt_boxes=53 comm_bytes=153088
frame=24/41 late_source=8/20 scenario=2026_07_29_02_32_08 timestamp=000106 receiver=8 cavs=[8, 1] pred_boxes=27 gt_boxes=47 comm_bytes=36672
frame=24/41 late_source=9/20 scenario=2026_07_29_02_32_08 timestamp=000106 receiver=9 cavs=[9, 5] pred_boxes=12 gt_boxes=38 comm_bytes=144384
frame=24/41 late_source=10/20 scenario=2026_07_29_02_32_08 timestamp=000106 receiver=10 cavs=[10, 5] pred_boxes=20 gt_boxes=45 comm_bytes=144384
frame=24/41 late_source=11/20 scenario=2026_07_29_02_32_08 timestamp=000106 receiver=11 cavs=[11] pred_boxes=25 gt_boxes=40 comm_bytes=0
frame=24/41 late_source=12/20 scenario=2026_07_29_02_32_08 timestamp=000106 receiver=12 cavs=[12, 8] pred_boxes=12 gt_boxes=41 comm_bytes=153088
frame=24/41 late_source=13/20 scenario=2026_07_29_02_32_08 timestamp=000106 receiver=13 cavs=[13] pred_boxes=4 gt_boxes=14 comm_bytes=0
frame=24/41 late_source=14/20 scenario=2026_07_29_02_32_08 timestamp=000106 receiver=14 cavs=[14] skipped=empty_pillars comm_bytes=0
frame=24/41 late_source=15/20 scenario=2026_07_29_02_32_08 timestamp=000106 receiver=15 cavs=[15] pred_boxes=16 gt_boxes=25 comm_bytes=0
frame=24/41 late_source=16/20 scenario=2026_07_29_02_32_08 timestamp=000106 receiver=16 cavs=[16, 5] pred_boxes=18 gt_boxes=34 comm_bytes=146272
frame=24/41 late_source=17/20 scenario=2026_07_29_02_32_08 timestamp=000106 receiver=17 cavs=[17] pred_boxes=13 gt_boxes=21 comm_bytes=0
frame=24/41 late_source=18/20 scenario=2026_07_29_02_32_08 timestamp=000106 receiver=18 cavs=[18] pred_boxes=4 gt_boxes=5 comm_bytes=0
frame=24/41 late_source=19/20 scenario=2026_07_29_02_32_08 timestamp=000106 receiver=19 cavs=[19] pred_boxes=5 gt_boxes=22 comm_bytes=0
frame=24/41 late_source=20/20 scenario=2026_07_29_02_32_08 timestamp=000106 receiver=20 cavs=[20, 9] pred_boxes=22 gt_boxes=38 comm_bytes=48
sgcp_late_fusion frame=24/41 scenario=2026_07_29_02_32_08 timestamp=000106 sources=20 fused_pred_boxes=83 fused_gt_boxes=70
frame=25/41 late_source=1/20 scenario=2026_07_29_02_32_08 timestamp=000108 receiver=1 cavs=[1] pred_boxes=21 gt_boxes=41 comm_bytes=0
frame=25/41 late_source=2/20 scenario=2026_07_29_02_32_08 timestamp=000108 receiver=2 cavs=[2, 15] pred_boxes=20 gt_boxes=41 comm_bytes=144304
frame=25/41 late_source=3/20 scenario=2026_07_29_02_32_08 timestamp=000108 receiver=3 cavs=[3, 18] pred_boxes=9 gt_boxes=14 comm_bytes=153344
frame=25/41 late_source=4/20 scenario=2026_07_29_02_32_08 timestamp=000108 receiver=4 cavs=[4] pred_boxes=17 gt_boxes=39 comm_bytes=0
frame=25/41 late_source=5/20 scenario=2026_07_29_02_32_08 timestamp=000108 receiver=5 cavs=[5] pred_boxes=19 gt_boxes=33 comm_bytes=0
frame=25/41 late_source=6/20 scenario=2026_07_29_02_32_08 timestamp=000108 receiver=6 cavs=[6, 15] pred_boxes=16 gt_boxes=27 comm_bytes=144672
frame=25/41 late_source=7/20 scenario=2026_07_29_02_32_08 timestamp=000108 receiver=7 cavs=[7, 8] pred_boxes=26 gt_boxes=54 comm_bytes=153088
frame=25/41 late_source=8/20 scenario=2026_07_29_02_32_08 timestamp=000108 receiver=8 cavs=[8] pred_boxes=29 gt_boxes=40 comm_bytes=0
frame=25/41 late_source=9/20 scenario=2026_07_29_02_32_08 timestamp=000108 receiver=9 cavs=[9] pred_boxes=14 gt_boxes=30 comm_bytes=0
frame=25/41 late_source=10/20 scenario=2026_07_29_02_32_08 timestamp=000108 receiver=10 cavs=[10, 8, 9] pred_boxes=22 gt_boxes=51 comm_bytes=188816
frame=25/41 late_source=11/20 scenario=2026_07_29_02_32_08 timestamp=000108 receiver=11 cavs=[11] pred_boxes=24 gt_boxes=40 comm_bytes=0
frame=25/41 late_source=12/20 scenario=2026_07_29_02_32_08 timestamp=000108 receiver=12 cavs=[12, 8] pred_boxes=12 gt_boxes=41 comm_bytes=153088
frame=25/41 late_source=13/20 scenario=2026_07_29_02_32_08 timestamp=000108 receiver=13 cavs=[13] pred_boxes=0 gt_boxes=14 comm_bytes=0
frame=25/41 late_source=14/20 scenario=2026_07_29_02_32_08 timestamp=000108 receiver=14 cavs=[14] skipped=empty_pillars comm_bytes=0
frame=25/41 late_source=15/20 scenario=2026_07_29_02_32_08 timestamp=000108 receiver=15 cavs=[15] pred_boxes=17 gt_boxes=24 comm_bytes=0
frame=25/41 late_source=16/20 scenario=2026_07_29_02_32_08 timestamp=000108 receiver=16 cavs=[16, 5] pred_boxes=18 gt_boxes=35 comm_bytes=141488
frame=25/41 late_source=17/20 scenario=2026_07_29_02_32_08 timestamp=000108 receiver=17 cavs=[17] pred_boxes=12 gt_boxes=21 comm_bytes=0
frame=25/41 late_source=18/20 scenario=2026_07_29_02_32_08 timestamp=000108 receiver=18 cavs=[18] pred_boxes=4 gt_boxes=5 comm_bytes=0
frame=25/41 late_source=19/20 scenario=2026_07_29_02_32_08 timestamp=000108 receiver=19 cavs=[19] pred_boxes=6 gt_boxes=22 comm_bytes=0
frame=25/41 late_source=20/20 scenario=2026_07_29_02_32_08 timestamp=000108 receiver=20 cavs=[20] pred_boxes=20 gt_boxes=31 comm_bytes=0
sgcp_late_fusion frame=25/41 scenario=2026_07_29_02_32_08 timestamp=000108 sources=20 fused_pred_boxes=83 fused_gt_boxes=70
frame=26/41 late_source=1/20 scenario=2026_07_29_02_32_08 timestamp=000110 receiver=1 cavs=[1] pred_boxes=20 gt_boxes=41 comm_bytes=0
frame=26/41 late_source=2/20 scenario=2026_07_29_02_32_08 timestamp=000110 receiver=2 cavs=[2, 15] pred_boxes=19 gt_boxes=41 comm_bytes=144512
frame=26/41 late_source=3/20 scenario=2026_07_29_02_32_08 timestamp=000110 receiver=3 cavs=[3, 18] pred_boxes=7 gt_boxes=13 comm_bytes=146976
frame=26/41 late_source=4/20 scenario=2026_07_29_02_32_08 timestamp=000110 receiver=4 cavs=[4] pred_boxes=15 gt_boxes=40 comm_bytes=0
frame=26/41 late_source=5/20 scenario=2026_07_29_02_32_08 timestamp=000110 receiver=5 cavs=[5] pred_boxes=19 gt_boxes=31 comm_bytes=0
frame=26/41 late_source=6/20 scenario=2026_07_29_02_32_08 timestamp=000110 receiver=6 cavs=[6, 15] pred_boxes=16 gt_boxes=27 comm_bytes=146688
frame=26/41 late_source=7/20 scenario=2026_07_29_02_32_08 timestamp=000110 receiver=7 cavs=[7, 8] pred_boxes=27 gt_boxes=54 comm_bytes=153088
frame=26/41 late_source=8/20 scenario=2026_07_29_02_32_08 timestamp=000110 receiver=8 cavs=[8, 1] pred_boxes=26 gt_boxes=49 comm_bytes=36672
frame=26/41 late_source=9/20 scenario=2026_07_29_02_32_08 timestamp=000110 receiver=9 cavs=[9] pred_boxes=14 gt_boxes=30 comm_bytes=0Format = auto
Extension = pcd
Format = auto
Extension = pcd
Format = auto
Extension = pcd
Format = auto
Extension = pcd
Format = auto
Extension = pcd
Format = auto
Extension = pcd
Format = auto
Extension = pcd
Format = auto
Extension = pcd
Format = auto
Extension = pcd
Format = auto
Extension = pcd
Format = auto
Extension = pcd
Format = auto
Extension = pcd
Format = auto
Extension = pcd
Format = auto
Extension = pcd
Format = auto
Extension = pcd
Format = auto
Extension = pcd
Format = auto
Extension = pcd
Format = auto
Extension = pcd
Format = auto
Extension = pcd
Format = auto
Extension = pcd
Format = auto
Extension = pcd
Format = auto
Extension = pcd
Format = auto
Extension = pcd
Format = auto
Extension = pcd
Format = auto
Extension = pcd
Format = auto
Extension = pcd
Format = auto
Extension = pcd
Format = auto
Extension = pcd
Format = auto
Extension = pcd
Format = auto
Extension = pcd
Format = auto
Extension = pcd
Format = auto
Extension = pcd
Format = auto
Extension = pcd
Format = auto
Extension = pcd
Format = auto
Extension = pcd
Format = auto
Extension = pcd
Format = auto
Extension = pcd
Format = auto
Extension = pcd
Format = auto
Extension = pcd
Format = auto
Extension = pcd
Format = auto
Extension = pcd
Format = auto
Extension = pcd
Format = auto
Extension = pcd
Format = auto
Extension = pcd
Format = auto
Extension = pcd
Format = auto
Extension = pcd
Format = auto
Extension = pcd
Format = auto
Extension = pcd
Format = auto
Extension = pcd
Format = auto
Extension = pcd
Format = auto
Extension = pcd
Format = auto
Extension = pcd
Format = auto
Extension = pcd
Format = auto
Extension = pcd
Format = auto
Extension = pcd
Format = auto
Extension = pcd
Format = auto
Extension = pcd
Format = auto
Extension = pcd
Format = auto
Extension = pcd
Format = auto
Extension = pcd

frame=26/41 late_source=10/20 scenario=2026_07_29_02_32_08 timestamp=000110 receiver=10 cavs=[10, 8] pred_boxes=21 gt_boxes=51 comm_bytes=153088
frame=26/41 late_source=11/20 scenario=2026_07_29_02_32_08 timestamp=000110 receiver=11 cavs=[11] pred_boxes=21 gt_boxes=39 comm_bytes=0
frame=26/41 late_source=12/20 scenario=2026_07_29_02_32_08 timestamp=000110 receiver=12 cavs=[12, 8] pred_boxes=10 gt_boxes=42 comm_bytes=153088
frame=26/41 late_source=13/20 scenario=2026_07_29_02_32_08 timestamp=000110 receiver=13 cavs=[13] pred_boxes=2 gt_boxes=14 comm_bytes=0
frame=26/41 late_source=14/20 scenario=2026_07_29_02_32_08 timestamp=000110 receiver=14 cavs=[14] skipped=empty_pillars comm_bytes=0
frame=26/41 late_source=15/20 scenario=2026_07_29_02_32_08 timestamp=000110 receiver=15 cavs=[15] pred_boxes=16 gt_boxes=24 comm_bytes=0
frame=26/41 late_source=16/20 scenario=2026_07_29_02_32_08 timestamp=000110 receiver=16 cavs=[16] pred_boxes=18 gt_boxes=26 comm_bytes=0
frame=26/41 late_source=17/20 scenario=2026_07_29_02_32_08 timestamp=000110 receiver=17 cavs=[17] pred_boxes=10 gt_boxes=20 comm_bytes=0
frame=26/41 late_source=18/20 scenario=2026_07_29_02_32_08 timestamp=000110 receiver=18 cavs=[18] pred_boxes=4 gt_boxes=4 comm_bytes=0
frame=26/41 late_source=19/20 scenario=2026_07_29_02_32_08 timestamp=000110 receiver=19 cavs=[19] pred_boxes=5 gt_boxes=22 comm_bytes=0
frame=26/41 late_source=20/20 scenario=2026_07_29_02_32_08 timestamp=000110 receiver=20 cavs=[20, 19] pred_boxes=20 gt_boxes=38 comm_bytes=144688
sgcp_late_fusion frame=26/41 scenario=2026_07_29_02_32_08 timestamp=000110 sources=20 fused_pred_boxes=82 fused_gt_boxes=69
frame=27/41 late_source=1/20 scenario=2026_07_29_02_32_08 timestamp=000112 receiver=1 cavs=[1] pred_boxes=21 gt_boxes=42 comm_bytes=0
frame=27/41 late_source=2/20 scenario=2026_07_29_02_32_08 timestamp=000112 receiver=2 cavs=[2, 15] pred_boxes=20 gt_boxes=41 comm_bytes=144576
frame=27/41 late_source=3/20 scenario=2026_07_29_02_32_08 timestamp=000112 receiver=3 cavs=[3, 18] pred_boxes=10 gt_boxes=13 comm_bytes=156432
frame=27/41 late_source=4/20 scenario=2026_07_29_02_32_08 timestamp=000112 receiver=4 cavs=[4] pred_boxes=16 gt_boxes=40 comm_bytes=0
frame=27/41 late_source=5/20 scenario=2026_07_29_02_32_08 timestamp=000112 receiver=5 cavs=[5] pred_boxes=24 gt_boxes=32 comm_bytes=0
frame=27/41 late_source=6/20 scenario=2026_07_29_02_32_08 timestamp=000112 receiver=6 cavs=[6, 15] pred_boxes=15 gt_boxes=27 comm_bytes=144576
frame=27/41 late_source=7/20 scenario=2026_07_29_02_32_08 timestamp=000112 receiver=7 cavs=[7, 8] pred_boxes=23 gt_boxes=54 comm_bytes=153088
frame=27/41 late_source=8/20 scenario=2026_07_29_02_32_08 timestamp=000112 receiver=8 cavs=[8] pred_boxes=27 gt_boxes=41 comm_bytes=0
frame=27/41 late_source=9/20 scenario=2026_07_29_02_32_08 timestamp=000112 receiver=9 cavs=[9] pred_boxes=14 gt_boxes=30 comm_bytes=0
frame=27/41 late_source=10/20 scenario=2026_07_29_02_32_08 timestamp=000112 receiver=10 cavs=[10, 5, 8] pred_boxes=22 gt_boxes=58 comm_bytes=283264
frame=27/41 late_source=11/20 scenario=2026_07_29_02_32_08 timestamp=000112 receiver=11 cavs=[11] pred_boxes=21 gt_boxes=40 comm_bytes=0
frame=27/41 late_source=12/20 scenario=2026_07_29_02_32_08 timestamp=000112 receiver=12 cavs=[12, 4, 8] pred_boxes=12 gt_boxes=47 comm_bytes=196864
frame=27/41 late_source=13/20 scenario=2026_07_29_02_32_08 timestamp=000112 receiver=13 cavs=[13] pred_boxes=0 gt_boxes=14 comm_bytes=0
frame=27/41 late_source=14/20 scenario=2026_07_29_02_32_08 timestamp=000112 receiver=14 cavs=[14] skipped=empty_pillars comm_bytes=0
frame=27/41 late_source=15/20 scenario=2026_07_29_02_32_08 timestamp=000112 receiver=15 cavs=[15] pred_boxes=18 gt_boxes=24 comm_bytes=0
frame=27/41 late_source=16/20 scenario=2026_07_29_02_32_08 timestamp=000112 receiver=16 cavs=[16] pred_boxes=17 gt_boxes=26 comm_bytes=0
frame=27/41 late_source=17/20 scenario=2026_07_29_02_32_08 timestamp=000112 receiver=17 cavs=[17] pred_boxes=9 gt_boxes=21 comm_bytes=0
frame=27/41 late_source=18/20 scenario=2026_07_29_02_32_08 timestamp=000112 receiver=18 cavs=[18] pred_boxes=4 gt_boxes=4 comm_bytes=0
frame=27/41 late_source=19/20 scenario=2026_07_29_02_32_08 timestamp=000112 receiver=19 cavs=[19] pred_boxes=7 gt_boxes=22 comm_bytes=0
frame=27/41 late_source=20/20 scenario=2026_07_29_02_32_08 timestamp=000112 receiver=20 cavs=[20] pred_boxes=20 gt_boxes=30 comm_bytes=0
sgcp_late_fusion frame=27/41 scenario=2026_07_29_02_32_08 timestamp=000112 sources=20 fused_pred_boxes=84 fused_gt_boxes=69
frame=28/41 late_source=1/20 scenario=2026_07_29_02_32_08 timestamp=000114 receiver=1 cavs=[1] pred_boxes=24 gt_boxes=42 comm_bytes=0
frame=28/41 late_source=2/20 scenario=2026_07_29_02_32_08 timestamp=000114 receiver=2 cavs=[2, 1, 15] pred_boxes=21 gt_boxes=50 comm_bytes=177312
frame=28/41 late_source=3/20 scenario=2026_07_29_02_32_08 timestamp=000114 receiver=3 cavs=[3, 18] pred_boxes=8 gt_boxes=12 comm_bytes=154736
frame=28/41 late_source=4/20 scenario=2026_07_29_02_32_08 timestamp=000114 receiver=4 cavs=[4] pred_boxes=17 gt_boxes=39 comm_bytes=0
frame=28/41 late_source=5/20 scenario=2026_07_29_02_32_08 timestamp=000114 receiver=5 cavs=[5] pred_boxes=19 gt_boxes=33 comm_bytes=0
frame=28/41 late_source=6/20 scenario=2026_07_29_02_32_08 timestamp=000114 receiver=6 cavs=[6, 15] pred_boxes=15 gt_boxes=27 comm_bytes=32
frame=28/41 late_source=7/20 scenario=2026_07_29_02_32_08 timestamp=000114 receiver=7 cavs=[7, 8] pred_boxes=26 gt_boxes=54 comm_bytes=153088
frame=28/41 late_source=8/20 scenario=2026_07_29_02_32_08 timestamp=000114 receiver=8 cavs=[8] pred_boxes=27 gt_boxes=41 comm_bytes=0
frame=28/41 late_source=9/20 scenario=2026_07_29_02_32_08 timestamp=000114 receiver=9 cavs=[9, 5] pred_boxes=14 gt_boxes=38 comm_bytes=143584
frame=28/41 late_source=10/20 scenario=2026_07_29_02_32_08 timestamp=000114 receiver=10 cavs=[10, 5, 8] pred_boxes=25 gt_boxes=58 comm_bytes=296672
frame=28/41 late_source=11/20 scenario=2026_07_29_02_32_08 timestamp=000114 receiver=11 cavs=[11] pred_boxes=23 gt_boxes=40 comm_bytes=0
frame=28/41 late_source=12/20 scenario=2026_07_29_02_32_08 timestamp=000114 receiver=12 cavs=[12, 8] pred_boxes=8 gt_boxes=43 comm_bytes=153088
frame=28/41 late_source=13/20 scenario=2026_07_29_02_32_08 timestamp=000114 receiver=13 cavs=[13] pred_boxes=0 gt_boxes=14 comm_bytes=0
frame=28/41 late_source=14/20 scenario=2026_07_29_02_32_08 timestamp=000114 receiver=14 cavs=[14] skipped=empty_pillars comm_bytes=0
frame=28/41 late_source=15/20 scenario=2026_07_29_02_32_08 timestamp=000114 receiver=15 cavs=[15, 1] pred_boxes=18 gt_boxes=47 comm_bytes=288
frame=28/41 late_source=16/20 scenario=2026_07_29_02_32_08 timestamp=000114 receiver=16 cavs=[16] pred_boxes=12 gt_boxes=24 comm_bytes=0
frame=28/41 late_source=17/20 scenario=2026_07_29_02_32_08 timestamp=000114 receiver=17 cavs=[17] pred_boxes=12 gt_boxes=21 comm_bytes=0
frame=28/41 late_source=18/20 scenario=2026_07_29_02_32_08 timestamp=000114 receiver=18 cavs=[18] pred_boxes=4 gt_boxes=4 comm_bytes=0
frame=28/41 late_source=19/20 scenario=2026_07_29_02_32_08 timestamp=000114 receiver=19 cavs=[19] pred_boxes=6 gt_boxes=21 comm_bytes=0
frame=28/41 late_source=20/20 scenario=2026_07_29_02_32_08 timestamp=000114 receiver=20 cavs=[20] pred_boxes=21 gt_boxes=30 comm_bytes=0
sgcp_late_fusion frame=28/41 scenario=2026_07_29_02_32_08 timestamp=000114 sources=20 fused_pred_boxes=83 fused_gt_boxes=68
frame=29/41 late_source=1/20 scenario=2026_07_29_02_32_08 timestamp=000116 receiver=1 cavs=[1] pred_boxes=23 gt_boxes=42 comm_bytes=0
frame=29/41 late_source=2/20 scenario=2026_07_29_02_32_08 timestamp=000116 receiver=2 cavs=[2, 15] pred_boxes=21 gt_boxes=42 comm_bytes=152304
frame=29/41 late_source=3/20 scenario=2026_07_29_02_32_08 timestamp=000116 receiver=3 cavs=[3, 18] pred_boxes=9 gt_boxes=10 comm_bytes=164368
frame=29/41 late_source=4/20 scenario=2026_07_29_02_32_08 timestamp=000116 receiver=4 cavs=[4] pred_boxes=17 gt_boxes=40 comm_bytes=0
frame=29/41 late_source=5/20 scenario=2026_07_29_02_32_08 timestamp=000116 receiver=5 cavs=[5] pred_boxes=20 gt_boxes=32 comm_bytes=0
frame=29/41 late_source=6/20 scenario=2026_07_29_02_32_08 timestamp=000116 receiver=6 cavs=[6] pred_boxes=16 gt_boxes=16 comm_bytes=0Format = auto
Extension = pcd
Format = auto
Extension = pcd
Format = auto
Extension = pcd
Format = auto
Extension = pcd
Format = auto
Extension = pcd
Format = auto
Extension = pcd
Format = auto
Extension = pcd
Format = auto
Extension = pcd
Format = auto
Extension = pcd
Format = auto
Extension = pcd
Format = auto
Extension = pcd
Format = auto
Extension = pcd
Format = auto
Extension = pcd
Format = auto
Extension = pcd
Format = auto
Extension = pcd
Format = auto
Extension = pcd
Format = auto
Extension = pcd
Format = auto
Extension = pcd
Format = auto
Extension = pcd
Format = auto
Extension = pcd
Format = auto
Extension = pcd
Format = auto
Extension = pcd
Format = auto
Extension = pcd
Format = auto
Extension = pcd
Format = auto
Extension = pcd
Format = auto
Extension = pcd
Format = auto
Extension = pcd
Format = auto
Extension = pcd
Format = auto
Extension = pcd
Format = auto
Extension = pcd
Format = auto
Extension = pcd
Format = auto
Extension = pcd
Format = auto
Extension = pcd
Format = auto
Extension = pcd
Format = auto
Extension = pcd
Format = auto
Extension = pcd
Format = auto
Extension = pcd
Format = auto
Extension = pcd
Format = auto
Extension = pcd
Format = auto
Extension = pcd
Format = auto
Extension = pcd
Format = auto
Extension = pcd
Format = auto
Extension = pcd
Format = auto
Extension = pcd
Format = auto
Extension = pcd
Format = auto
Extension = pcd
Format = auto
Extension = pcd
Format = auto
Extension = pcd
Format = auto
Extension = pcd
Format = auto
Extension = pcd
Format = auto
Extension = pcd
Format = auto
Extension = pcd
Format = auto
Extension = pcd
Format = auto
Extension = pcd
Format = auto
Extension = pcd
Format = auto
Extension = pcd
Format = auto
Extension = pcd
Format = auto
Extension = pcd
Format = auto
Extension = pcd
Format = auto
Extension = pcd

frame=29/41 late_source=7/20 scenario=2026_07_29_02_32_08 timestamp=000116 receiver=7 cavs=[7, 8] pred_boxes=24 gt_boxes=54 comm_bytes=153088
frame=29/41 late_source=8/20 scenario=2026_07_29_02_32_08 timestamp=000116 receiver=8 cavs=[8] pred_boxes=28 gt_boxes=41 comm_bytes=0
frame=29/41 late_source=9/20 scenario=2026_07_29_02_32_08 timestamp=000116 receiver=9 cavs=[9] pred_boxes=14 gt_boxes=29 comm_bytes=0
frame=29/41 late_source=10/20 scenario=2026_07_29_02_32_08 timestamp=000116 receiver=10 cavs=[10, 5, 8] pred_boxes=23 gt_boxes=58 comm_bytes=308896
frame=29/41 late_source=11/20 scenario=2026_07_29_02_32_08 timestamp=000116 receiver=11 cavs=[11] pred_boxes=24 gt_boxes=40 comm_bytes=0
frame=29/41 late_source=12/20 scenario=2026_07_29_02_32_08 timestamp=000116 receiver=12 cavs=[12, 8] pred_boxes=11 gt_boxes=43 comm_bytes=153088
frame=29/41 late_source=13/20 scenario=2026_07_29_02_32_08 timestamp=000116 receiver=13 cavs=[13, 19] pred_boxes=2 gt_boxes=25 comm_bytes=288
frame=29/41 late_source=14/20 scenario=2026_07_29_02_32_08 timestamp=000116 receiver=14 cavs=[14] skipped=empty_pillars comm_bytes=0
frame=29/41 late_source=15/20 scenario=2026_07_29_02_32_08 timestamp=000116 receiver=15 cavs=[15] pred_boxes=18 gt_boxes=27 comm_bytes=0
frame=29/41 late_source=16/20 scenario=2026_07_29_02_32_08 timestamp=000116 receiver=16 cavs=[16, 5] pred_boxes=16 gt_boxes=33 comm_bytes=2928
frame=29/41 late_source=17/20 scenario=2026_07_29_02_32_08 timestamp=000116 receiver=17 cavs=[17, 5] pred_boxes=10 gt_boxes=33 comm_bytes=143840
frame=29/41 late_source=18/20 scenario=2026_07_29_02_32_08 timestamp=000116 receiver=18 cavs=[18] pred_boxes=3 gt_boxes=3 comm_bytes=0
frame=29/41 late_source=19/20 scenario=2026_07_29_02_32_08 timestamp=000116 receiver=19 cavs=[19] pred_boxes=4 gt_boxes=21 comm_bytes=0
frame=29/41 late_source=20/20 scenario=2026_07_29_02_32_08 timestamp=000116 receiver=20 cavs=[20] pred_boxes=19 gt_boxes=31 comm_bytes=0
sgcp_late_fusion frame=29/41 scenario=2026_07_29_02_32_08 timestamp=000116 sources=20 fused_pred_boxes=87 fused_gt_boxes=68
frame=30/41 late_source=1/20 scenario=2026_07_29_02_32_08 timestamp=000118 receiver=1 cavs=[1] pred_boxes=24 gt_boxes=41 comm_bytes=0
frame=30/41 late_source=2/20 scenario=2026_07_29_02_32_08 timestamp=000118 receiver=2 cavs=[2, 1, 15] pred_boxes=22 gt_boxes=49 comm_bytes=153648
frame=30/41 late_source=3/20 scenario=2026_07_29_02_32_08 timestamp=000118 receiver=3 cavs=[3, 18] pred_boxes=8 gt_boxes=10 comm_bytes=166368
frame=30/41 late_source=4/20 scenario=2026_07_29_02_32_08 timestamp=000118 receiver=4 cavs=[4] pred_boxes=17 gt_boxes=40 comm_bytes=0
frame=30/41 late_source=5/20 scenario=2026_07_29_02_32_08 timestamp=000118 receiver=5 cavs=[5] pred_boxes=19 gt_boxes=32 comm_bytes=0
frame=30/41 late_source=6/20 scenario=2026_07_29_02_32_08 timestamp=000118 receiver=6 cavs=[6] pred_boxes=13 gt_boxes=16 comm_bytes=0
frame=30/41 late_source=7/20 scenario=2026_07_29_02_32_08 timestamp=000118 receiver=7 cavs=[7, 8] pred_boxes=22 gt_boxes=54 comm_bytes=153088
frame=30/41 late_source=8/20 scenario=2026_07_29_02_32_08 timestamp=000118 receiver=8 cavs=[8] pred_boxes=28 gt_boxes=39 comm_bytes=0
frame=30/41 late_source=9/20 scenario=2026_07_29_02_32_08 timestamp=000118 receiver=9 cavs=[9] pred_boxes=14 gt_boxes=29 comm_bytes=0
frame=30/41 late_source=10/20 scenario=2026_07_29_02_32_08 timestamp=000118 receiver=10 cavs=[10, 5, 8] pred_boxes=25 gt_boxes=56 comm_bytes=308832
frame=30/41 late_source=11/20 scenario=2026_07_29_02_32_08 timestamp=000118 receiver=11 cavs=[11] pred_boxes=21 gt_boxes=40 comm_bytes=0
frame=30/41 late_source=12/20 scenario=2026_07_29_02_32_08 timestamp=000118 receiver=12 cavs=[12, 8] pred_boxes=12 gt_boxes=42 comm_bytes=153088
frame=30/41 late_source=13/20 scenario=2026_07_29_02_32_08 timestamp=000118 receiver=13 cavs=[13] pred_boxes=1 gt_boxes=14 comm_bytes=0
frame=30/41 late_source=14/20 scenario=2026_07_29_02_32_08 timestamp=000118 receiver=14 cavs=[14] skipped=empty_pillars comm_bytes=0
frame=30/41 late_source=15/20 scenario=2026_07_29_02_32_08 timestamp=000118 receiver=15 cavs=[15] pred_boxes=19 gt_boxes=26 comm_bytes=0
frame=30/41 late_source=16/20 scenario=2026_07_29_02_32_08 timestamp=000118 receiver=16 cavs=[16] pred_boxes=13 gt_boxes=24 comm_bytes=0
frame=30/41 late_source=17/20 scenario=2026_07_29_02_32_08 timestamp=000118 receiver=17 cavs=[17, 5] pred_boxes=10 gt_boxes=33 comm_bytes=143776
frame=30/41 late_source=18/20 scenario=2026_07_29_02_32_08 timestamp=000118 receiver=18 cavs=[18] pred_boxes=3 gt_boxes=3 comm_bytes=0
frame=30/41 late_source=19/20 scenario=2026_07_29_02_32_08 timestamp=000118 receiver=19 cavs=[19] pred_boxes=4 gt_boxes=21 comm_bytes=0
frame=30/41 late_source=20/20 scenario=2026_07_29_02_32_08 timestamp=000118 receiver=20 cavs=[20] pred_boxes=20 gt_boxes=30 comm_bytes=0
sgcp_late_fusion frame=30/41 scenario=2026_07_29_02_32_08 timestamp=000118 sources=20 fused_pred_boxes=81 fused_gt_boxes=68
frame=31/41 late_source=1/20 scenario=2026_07_29_02_32_08 timestamp=000120 receiver=1 cavs=[1] pred_boxes=22 gt_boxes=41 comm_bytes=0
frame=31/41 late_source=2/20 scenario=2026_07_29_02_32_08 timestamp=000120 receiver=2 cavs=[2, 15] pred_boxes=20 gt_boxes=41 comm_bytes=144656
frame=31/41 late_source=3/20 scenario=2026_07_29_02_32_08 timestamp=000120 receiver=3 cavs=[3, 18] pred_boxes=7 gt_boxes=10 comm_bytes=158048
frame=31/41 late_source=4/20 scenario=2026_07_29_02_32_08 timestamp=000120 receiver=4 cavs=[4] pred_boxes=18 gt_boxes=39 comm_bytes=0
frame=31/41 late_source=5/20 scenario=2026_07_29_02_32_08 timestamp=000120 receiver=5 cavs=[5] pred_boxes=17 gt_boxes=32 comm_bytes=0
frame=31/41 late_source=6/20 scenario=2026_07_29_02_32_08 timestamp=000120 receiver=6 cavs=[6] pred_boxes=13 gt_boxes=16 comm_bytes=0
frame=31/41 late_source=7/20 scenario=2026_07_29_02_32_08 timestamp=000120 receiver=7 cavs=[7, 8] pred_boxes=26 gt_boxes=55 comm_bytes=153088
frame=31/41 late_source=8/20 scenario=2026_07_29_02_32_08 timestamp=000120 receiver=8 cavs=[8] pred_boxes=28 gt_boxes=40 comm_bytes=0
frame=31/41 late_source=9/20 scenario=2026_07_29_02_32_08 timestamp=000120 receiver=9 cavs=[9, 5] pred_boxes=13 gt_boxes=38 comm_bytes=143776
frame=31/41 late_source=10/20 scenario=2026_07_29_02_32_08 timestamp=000120 receiver=10 cavs=[10] pred_boxes=23 gt_boxes=34 comm_bytes=0
frame=31/41 late_source=11/20 scenario=2026_07_29_02_32_08 timestamp=000120 receiver=11 cavs=[11] pred_boxes=20 gt_boxes=40 comm_bytes=0
frame=31/41 late_source=12/20 scenario=2026_07_29_02_32_08 timestamp=000120 receiver=12 cavs=[12, 8] pred_boxes=12 gt_boxes=43 comm_bytes=153184
frame=31/41 late_source=13/20 scenario=2026_07_29_02_32_08 timestamp=000120 receiver=13 cavs=[13, 19] pred_boxes=1 gt_boxes=25 comm_bytes=144688
frame=31/41 late_source=14/20 scenario=2026_07_29_02_32_08 timestamp=000120 receiver=14 cavs=[14] skipped=empty_pillars comm_bytes=0
frame=31/41 late_source=15/20 scenario=2026_07_29_02_32_08 timestamp=000120 receiver=15 cavs=[15] pred_boxes=18 gt_boxes=26 comm_bytes=0
frame=31/41 late_source=16/20 scenario=2026_07_29_02_32_08 timestamp=000120 receiver=16 cavs=[16] pred_boxes=14 gt_boxes=23 comm_bytes=0
frame=31/41 late_source=17/20 scenario=2026_07_29_02_32_08 timestamp=000120 receiver=17 cavs=[17, 5, 16] pred_boxes=9 gt_boxes=33 comm_bytes=181360
frame=31/41 late_source=18/20 scenario=2026_07_29_02_32_08 timestamp=000120 receiver=18 cavs=[18] pred_boxes=3 gt_boxes=3 comm_bytes=0
frame=31/41 late_source=19/20 scenario=2026_07_29_02_32_08 timestamp=000120 receiver=19 cavs=[19] pred_boxes=2 gt_boxes=21 comm_bytes=0
frame=31/41 late_source=20/20 scenario=2026_07_29_02_32_08 timestamp=000120 receiver=20 cavs=[20] pred_boxes=21 gt_boxes=30 comm_bytes=0
sgcp_late_fusion frame=31/41 scenario=2026_07_29_02_32_08 timestamp=000120 sources=20 fused_pred_boxes=80 fused_gt_boxes=68
frame=32/41 late_source=1/20 scenario=2026_07_29_02_32_08 timestamp=000122 receiver=1 cavs=[1] pred_boxes=22 gt_boxes=40 comm_bytes=0
frame=32/41 late_source=2/20 scenario=2026_07_29_02_32_08 timestamp=000122 receiver=2 cavs=[2, 15] pred_boxes=22 gt_boxes=41 comm_bytes=144688
frame=32/41 late_source=3/20 scenario=2026_07_29_02_32_08 timestamp=000122 receiver=3 cavs=[3, 18] pred_boxes=8 gt_boxes=10 comm_bytes=155408Format = auto
Extension = pcd
Format = auto
Extension = pcd
Format = auto
Extension = pcd
Format = auto
Extension = pcd
Format = auto
Extension = pcd
Format = auto
Extension = pcd
Format = auto
Extension = pcd
Format = auto
Extension = pcd
Format = auto
Extension = pcd
Format = auto
Extension = pcd
Format = auto
Extension = pcd
Format = auto
Extension = pcd
Format = auto
Extension = pcd
Format = auto
Extension = pcd
Format = auto
Extension = pcd
Format = auto
Extension = pcd
Format = auto
Extension = pcd
Format = auto
Extension = pcd
Format = auto
Extension = pcd
Format = auto
Extension = pcd
Format = auto
Extension = pcd
Format = auto
Extension = pcd
Format = auto
Extension = pcd
Format = auto
Extension = pcd
Format = auto
Extension = pcd
Format = auto
Extension = pcd
Format = auto
Extension = pcd
Format = auto
Extension = pcd
Format = auto
Extension = pcd
Format = auto
Extension = pcd
Format = auto
Extension = pcd
Format = auto
Extension = pcd
Format = auto
Extension = pcd
Format = auto
Extension = pcd
Format = auto
Extension = pcd
Format = auto
Extension = pcd
Format = auto
Extension = pcd
Format = auto
Extension = pcd
Format = auto
Extension = pcd
Format = auto
Extension = pcd

frame=32/41 late_source=4/20 scenario=2026_07_29_02_32_08 timestamp=000122 receiver=4 cavs=[4] pred_boxes=17 gt_boxes=40 comm_bytes=0
frame=32/41 late_source=5/20 scenario=2026_07_29_02_32_08 timestamp=000122 receiver=5 cavs=[5] pred_boxes=19 gt_boxes=32 comm_bytes=0
frame=32/41 late_source=6/20 scenario=2026_07_29_02_32_08 timestamp=000122 receiver=6 cavs=[6] pred_boxes=13 gt_boxes=16 comm_bytes=0
frame=32/41 late_source=7/20 scenario=2026_07_29_02_32_08 timestamp=000122 receiver=7 cavs=[7, 8] pred_boxes=27 gt_boxes=55 comm_bytes=153088
frame=32/41 late_source=8/20 scenario=2026_07_29_02_32_08 timestamp=000122 receiver=8 cavs=[8] pred_boxes=28 gt_boxes=40 comm_bytes=0
frame=32/41 late_source=9/20 scenario=2026_07_29_02_32_08 timestamp=000122 receiver=9 cavs=[9, 5] pred_boxes=15 gt_boxes=38 comm_bytes=143776
frame=32/41 late_source=10/20 scenario=2026_07_29_02_32_08 timestamp=000122 receiver=10 cavs=[10] pred_boxes=24 gt_boxes=35 comm_bytes=0
frame=32/41 late_source=11/20 scenario=2026_07_29_02_32_08 timestamp=000122 receiver=11 cavs=[11] pred_boxes=20 gt_boxes=41 comm_bytes=0
frame=32/41 late_source=12/20 scenario=2026_07_29_02_32_08 timestamp=000122 receiver=12 cavs=[12, 8] pred_boxes=9 gt_boxes=42 comm_bytes=153088
frame=32/41 late_source=13/20 scenario=2026_07_29_02_32_08 timestamp=000122 receiver=13 cavs=[13, 19] pred_boxes=0 gt_boxes=25 comm_bytes=144688
frame=32/41 late_source=14/20 scenario=2026_07_29_02_32_08 timestamp=000122 receiver=14 cavs=[14] skipped=empty_pillars comm_bytes=0
frame=32/41 late_source=15/20 scenario=2026_07_29_02_32_08 timestamp=000122 receiver=15 cavs=[15] pred_boxes=18 gt_boxes=27 comm_bytes=0
frame=32/41 late_source=16/20 scenario=2026_07_29_02_32_08 timestamp=000122 receiver=16 cavs=[16] pred_boxes=14 gt_boxes=22 comm_bytes=0
frame=32/41 late_source=17/20 scenario=2026_07_29_02_32_08 timestamp=000122 receiver=17 cavs=[17, 5, 16] pred_boxes=8 gt_boxes=33 comm_bytes=184064
frame=32/41 late_source=18/20 scenario=2026_07_29_02_32_08 timestamp=000122 receiver=18 cavs=[18] pred_boxes=1 gt_boxes=3 comm_bytes=0
frame=32/41 late_source=19/20 scenario=2026_07_29_02_32_08 timestamp=000122 receiver=19 cavs=[19] pred_boxes=3 gt_boxes=21 comm_bytes=0
frame=32/41 late_source=20/20 scenario=2026_07_29_02_32_08 timestamp=000122 receiver=20 cavs=[20] pred_boxes=21 gt_boxes=30 comm_bytes=0
sgcp_late_fusion frame=32/41 scenario=2026_07_29_02_32_08 timestamp=000122 sources=20 fused_pred_boxes=78 fused_gt_boxes=68
frame=33/41 late_source=1/20 scenario=2026_07_29_02_32_08 timestamp=000124 receiver=1 cavs=[1] pred_boxes=21 gt_boxes=40 comm_bytes=0
frame=33/41 late_source=2/20 scenario=2026_07_29_02_32_08 timestamp=000124 receiver=2 cavs=[2, 15] pred_boxes=21 gt_boxes=41 comm_bytes=123168
frame=33/41 late_source=3/20 scenario=2026_07_29_02_32_08 timestamp=000124 receiver=3 cavs=[3, 18] pred_boxes=9 gt_boxes=10 comm_bytes=156976
frame=33/41 late_source=4/20 scenario=2026_07_29_02_32_08 timestamp=000124 receiver=4 cavs=[4] pred_boxes=16 gt_boxes=39 comm_bytes=0
frame=33/41 late_source=5/20 scenario=2026_07_29_02_32_08 timestamp=000124 receiver=5 cavs=[5, 7] pred_boxes=20 gt_boxes=47 comm_bytes=69312
frame=33/41 late_source=6/20 scenario=2026_07_29_02_32_08 timestamp=000124 receiver=6 cavs=[6] pred_boxes=13 gt_boxes=16 comm_bytes=0
frame=33/41 late_source=7/20 scenario=2026_07_29_02_32_08 timestamp=000124 receiver=7 cavs=[7, 8] pred_boxes=21 gt_boxes=54 comm_bytes=153088
frame=33/41 late_source=8/20 scenario=2026_07_29_02_32_08 timestamp=000124 receiver=8 cavs=[8] pred_boxes=28 gt_boxes=38 comm_bytes=0
frame=33/41 late_source=9/20 scenario=2026_07_29_02_32_08 timestamp=000124 receiver=9 cavs=[9, 5] pred_boxes=13 gt_boxes=38 comm_bytes=143776
frame=33/41 late_source=10/20 scenario=2026_07_29_02_32_08 timestamp=000124 receiver=10 cavs=[10] pred_boxes=22 gt_boxes=34 comm_bytes=0
frame=33/41 late_source=11/20 scenario=2026_07_29_02_32_08 timestamp=000124 receiver=11 cavs=[11, 9] pred_boxes=21 gt_boxes=49 comm_bytes=240
frame=33/41 late_source=12/20 scenario=2026_07_29_02_32_08 timestamp=000124 receiver=12 cavs=[12] pred_boxes=9 gt_boxes=19 comm_bytes=0
frame=33/41 late_source=13/20 scenario=2026_07_29_02_32_08 timestamp=000124 receiver=13 cavs=[13, 19] pred_boxes=0 gt_boxes=24 comm_bytes=144688
frame=33/41 late_source=14/20 scenario=2026_07_29_02_32_08 timestamp=000124 receiver=14 cavs=[14] skipped=empty_pillars comm_bytes=0
frame=33/41 late_source=15/20 scenario=2026_07_29_02_32_08 timestamp=000124 receiver=15 cavs=[15] pred_boxes=19 gt_boxes=28 comm_bytes=0
frame=33/41 late_source=16/20 scenario=2026_07_29_02_32_08 timestamp=000124 receiver=16 cavs=[16, 5] pred_boxes=13 gt_boxes=33 comm_bytes=143776
frame=33/41 late_source=17/20 scenario=2026_07_29_02_32_08 timestamp=000124 receiver=17 cavs=[17, 5] pred_boxes=9 gt_boxes=33 comm_bytes=143776
frame=33/41 late_source=18/20 scenario=2026_07_29_02_32_08 timestamp=000124 receiver=18 cavs=[18] pred_boxes=1 gt_boxes=2 comm_bytes=0
frame=33/41 late_source=19/20 scenario=2026_07_29_02_32_08 timestamp=000124 receiver=19 cavs=[19] pred_boxes=2 gt_boxes=21 comm_bytes=0
frame=33/41 late_source=20/20 scenario=2026_07_29_02_32_08 timestamp=000124 receiver=20 cavs=[20] pred_boxes=20 gt_boxes=31 comm_bytes=0
sgcp_late_fusion frame=33/41 scenario=2026_07_29_02_32_08 timestamp=000124 sources=20 fused_pred_boxes=79 fused_gt_boxes=68
frame=34/41 late_source=1/20 scenario=2026_07_29_02_32_08 timestamp=000126 receiver=1 cavs=[1] pred_boxes=21 gt_boxes=40 comm_bytes=0
frame=34/41 late_source=2/20 scenario=2026_07_29_02_32_08 timestamp=000126 receiver=2 cavs=[2, 15] pred_boxes=21 gt_boxes=41 comm_bytes=140752
frame=34/41 late_source=3/20 scenario=2026_07_29_02_32_08 timestamp=000126 receiver=3 cavs=[3, 18] pred_boxes=9 gt_boxes=10 comm_bytes=158432
frame=34/41 late_source=4/20 scenario=2026_07_29_02_32_08 timestamp=000126 receiver=4 cavs=[4] pred_boxes=18 gt_boxes=38 comm_bytes=0
frame=34/41 late_source=5/20 scenario=2026_07_29_02_32_08 timestamp=000126 receiver=5 cavs=[5] pred_boxes=15 gt_boxes=32 comm_bytes=0
frame=34/41 late_source=6/20 scenario=2026_07_29_02_32_08 timestamp=000126 receiver=6 cavs=[6, 15] pred_boxes=15 gt_boxes=31 comm_bytes=140752
frame=34/41 late_source=7/20 scenario=2026_07_29_02_32_08 timestamp=000126 receiver=7 cavs=[7] pred_boxes=23 gt_boxes=39 comm_bytes=0
frame=34/41 late_source=8/20 scenario=2026_07_29_02_32_08 timestamp=000126 receiver=8 cavs=[8] pred_boxes=28 gt_boxes=38 comm_bytes=0
frame=34/41 late_source=9/20 scenario=2026_07_29_02_32_08 timestamp=000126 receiver=9 cavs=[9, 5] pred_boxes=12 gt_boxes=38 comm_bytes=143776
frame=34/41 late_source=10/20 scenario=2026_07_29_02_32_08 timestamp=000126 receiver=10 cavs=[10] pred_boxes=23 gt_boxes=34 comm_bytes=0
frame=34/41 late_source=11/20 scenario=2026_07_29_02_32_08 timestamp=000126 receiver=11 cavs=[11] pred_boxes=20 gt_boxes=40 comm_bytes=0
frame=34/41 late_source=12/20 scenario=2026_07_29_02_32_08 timestamp=000126 receiver=12 cavs=[12] pred_boxes=10 gt_boxes=18 comm_bytes=0
frame=34/41 late_source=13/20 scenario=2026_07_29_02_32_08 timestamp=000126 receiver=13 cavs=[13, 14, 19] pred_boxes=0 gt_boxes=24 comm_bytes=207408
frame=34/41 late_source=14/20 scenario=2026_07_29_02_32_08 timestamp=000126 receiver=14 cavs=[14] skipped=empty_pillars comm_bytes=0
frame=34/41 late_source=15/20 scenario=2026_07_29_02_32_08 timestamp=000126 receiver=15 cavs=[15] pred_boxes=21 gt_boxes=29 comm_bytes=0
frame=34/41 late_source=16/20 scenario=2026_07_29_02_32_08 timestamp=000126 receiver=16 cavs=[16, 5] pred_boxes=13 gt_boxes=33 comm_bytes=143776
frame=34/41 late_source=17/20 scenario=2026_07_29_02_32_08 timestamp=000126 receiver=17 cavs=[17, 5] pred_boxes=10 gt_boxes=33 comm_bytes=143776
frame=34/41 late_source=18/20 scenario=2026_07_29_02_32_08 timestamp=000126 receiver=18 cavs=[18] pred_boxes=2 gt_boxes=2 comm_bytes=0
frame=34/41 late_source=19/20 scenario=2026_07_29_02_32_08 timestamp=000126 receiver=19 cavs=[19, 9] pred_boxes=5 gt_boxes=34 comm_bytes=128
frame=34/41 late_source=20/20 scenario=2026_07_29_02_32_08 timestamp=000126 receiver=20 cavs=[20] pred_boxes=20 gt_boxes=32 comm_bytes=0Format = auto
Extension = pcd
Format = auto
Extension = pcd
Format = auto
Extension = pcd
Format = auto
Extension = pcd
Format = auto
Extension = pcd
Format = auto
Extension = pcd
Format = auto
Extension = pcd
Format = auto
Extension = pcd
Format = auto
Extension = pcd
Format = auto
Extension = pcd
Format = auto
Extension = pcd
Format = auto
Extension = pcd
Format = auto
Extension = pcd
Format = auto
Extension = pcd
Format = auto
Extension = pcd
Format = auto
Extension = pcd
Format = auto
Extension = pcd
Format = auto
Extension = pcd
Format = auto
Extension = pcd
Format = auto
Extension = pcd
Format = auto
Extension = pcd
Format = auto
Extension = pcd
Format = auto
Extension = pcd
Format = auto
Extension = pcd
Format = auto
Extension = pcd
Format = auto
Extension = pcd
Format = auto
Extension = pcd
Format = auto
Extension = pcd
Format = auto
Extension = pcd
Format = auto
Extension = pcd
Format = auto
Extension = pcd
Format = auto
Extension = pcd
Format = auto
Extension = pcd
Format = auto
Extension = pcd
Format = auto
Extension = pcd
Format = auto
Extension = pcd
Format = auto
Extension = pcd
Format = auto
Extension = pcd
Format = auto
Extension = pcd
Format = auto
Extension = pcd
Format = auto
Extension = pcd
Format = auto
Extension = pcd
Format = auto
Extension = pcd
Format = auto
Extension = pcd
Format = auto
Extension = pcd
Format = auto
Extension = pcd
Format = auto
Extension = pcd
Format = auto
Extension = pcd
Format = auto
Extension = pcd
Format = auto
Extension = pcd
Format = auto
Extension = pcd
Format = auto
Extension = pcd
Format = auto
Extension = pcd
Format = auto
Extension = pcd
Format = auto
Extension = pcd
Format = auto
Extension = pcd
Format = auto
Extension = pcd
Format = auto
Extension = pcd
Format = auto
Extension = pcd
Format = auto
Extension = pcd

sgcp_late_fusion frame=34/41 scenario=2026_07_29_02_32_08 timestamp=000126 sources=20 fused_pred_boxes=82 fused_gt_boxes=68
frame=35/41 late_source=1/20 scenario=2026_07_29_02_32_08 timestamp=000128 receiver=1 cavs=[1] pred_boxes=21 gt_boxes=41 comm_bytes=0
frame=35/41 late_source=2/20 scenario=2026_07_29_02_32_08 timestamp=000128 receiver=2 cavs=[2, 1, 15] pred_boxes=21 gt_boxes=48 comm_bytes=180720
frame=35/41 late_source=3/20 scenario=2026_07_29_02_32_08 timestamp=000128 receiver=3 cavs=[3, 18] pred_boxes=9 gt_boxes=10 comm_bytes=155168
frame=35/41 late_source=4/20 scenario=2026_07_29_02_32_08 timestamp=000128 receiver=4 cavs=[4] pred_boxes=15 gt_boxes=38 comm_bytes=0
frame=35/41 late_source=5/20 scenario=2026_07_29_02_32_08 timestamp=000128 receiver=5 cavs=[5] pred_boxes=16 gt_boxes=32 comm_bytes=0
frame=35/41 late_source=6/20 scenario=2026_07_29_02_32_08 timestamp=000128 receiver=6 cavs=[6, 15] pred_boxes=15 gt_boxes=30 comm_bytes=148016
frame=35/41 late_source=7/20 scenario=2026_07_29_02_32_08 timestamp=000128 receiver=7 cavs=[7] pred_boxes=24 gt_boxes=38 comm_bytes=0
frame=35/41 late_source=8/20 scenario=2026_07_29_02_32_08 timestamp=000128 receiver=8 cavs=[8] pred_boxes=28 gt_boxes=38 comm_bytes=0
frame=35/41 late_source=9/20 scenario=2026_07_29_02_32_08 timestamp=000128 receiver=9 cavs=[9] pred_boxes=14 gt_boxes=28 comm_bytes=0
frame=35/41 late_source=10/20 scenario=2026_07_29_02_32_08 timestamp=000128 receiver=10 cavs=[10, 8] pred_boxes=26 gt_boxes=49 comm_bytes=154176
frame=35/41 late_source=11/20 scenario=2026_07_29_02_32_08 timestamp=000128 receiver=11 cavs=[11, 9] pred_boxes=22 gt_boxes=48 comm_bytes=72784
frame=35/41 late_source=12/20 scenario=2026_07_29_02_32_08 timestamp=000128 receiver=12 cavs=[12] pred_boxes=11 gt_boxes=17 comm_bytes=0
frame=35/41 late_source=13/20 scenario=2026_07_29_02_32_08 timestamp=000128 receiver=13 cavs=[13, 19] pred_boxes=1 gt_boxes=24 comm_bytes=144688
Warning: len(pillar_features.shape) == 1
frame=35/41 late_source=14/20 scenario=2026_07_29_02_32_08 timestamp=000128 receiver=14 cavs=[14] pred_boxes=0 gt_boxes=1 comm_bytes=0
frame=35/41 late_source=15/20 scenario=2026_07_29_02_32_08 timestamp=000128 receiver=15 cavs=[15, 2] pred_boxes=20 gt_boxes=41 comm_bytes=79472
frame=35/41 late_source=16/20 scenario=2026_07_29_02_32_08 timestamp=000128 receiver=16 cavs=[16] pred_boxes=10 gt_boxes=22 comm_bytes=0
frame=35/41 late_source=17/20 scenario=2026_07_29_02_32_08 timestamp=000128 receiver=17 cavs=[17, 5] pred_boxes=11 gt_boxes=33 comm_bytes=143776
frame=35/41 late_source=18/20 scenario=2026_07_29_02_32_08 timestamp=000128 receiver=18 cavs=[18] pred_boxes=2 gt_boxes=2 comm_bytes=0
frame=35/41 late_source=19/20 scenario=2026_07_29_02_32_08 timestamp=000128 receiver=19 cavs=[19] pred_boxes=4 gt_boxes=21 comm_bytes=0
frame=35/41 late_source=20/20 scenario=2026_07_29_02_32_08 timestamp=000128 receiver=20 cavs=[20] pred_boxes=20 gt_boxes=32 comm_bytes=0
sgcp_late_fusion frame=35/41 scenario=2026_07_29_02_32_08 timestamp=000128 sources=20 fused_pred_boxes=80 fused_gt_boxes=68
frame=36/41 late_source=1/20 scenario=2026_07_29_02_32_08 timestamp=000130 receiver=1 cavs=[1] pred_boxes=22 gt_boxes=41 comm_bytes=0
frame=36/41 late_source=2/20 scenario=2026_07_29_02_32_08 timestamp=000130 receiver=2 cavs=[2, 1, 15] pred_boxes=22 gt_boxes=48 comm_bytes=180064
frame=36/41 late_source=3/20 scenario=2026_07_29_02_32_08 timestamp=000130 receiver=3 cavs=[3, 18] pred_boxes=8 gt_boxes=10 comm_bytes=156784
frame=36/41 late_source=4/20 scenario=2026_07_29_02_32_08 timestamp=000130 receiver=4 cavs=[4] pred_boxes=16 gt_boxes=37 comm_bytes=0
frame=36/41 late_source=5/20 scenario=2026_07_29_02_32_08 timestamp=000130 receiver=5 cavs=[5] pred_boxes=14 gt_boxes=31 comm_bytes=0
frame=36/41 late_source=6/20 scenario=2026_07_29_02_32_08 timestamp=000130 receiver=6 cavs=[6, 15] pred_boxes=16 gt_boxes=29 comm_bytes=147376
frame=36/41 late_source=7/20 scenario=2026_07_29_02_32_08 timestamp=000130 receiver=7 cavs=[7, 12] pred_boxes=24 gt_boxes=37 comm_bytes=73456
frame=36/41 late_source=8/20 scenario=2026_07_29_02_32_08 timestamp=000130 receiver=8 cavs=[8] pred_boxes=28 gt_boxes=38 comm_bytes=0
frame=36/41 late_source=9/20 scenario=2026_07_29_02_32_08 timestamp=000130 receiver=9 cavs=[9] pred_boxes=13 gt_boxes=29 comm_bytes=0
frame=36/41 late_source=10/20 scenario=2026_07_29_02_32_08 timestamp=000130 receiver=10 cavs=[10, 8] pred_boxes=23 gt_boxes=49 comm_bytes=153088
frame=36/41 late_source=11/20 scenario=2026_07_29_02_32_08 timestamp=000130 receiver=11 cavs=[11] pred_boxes=19 gt_boxes=39 comm_bytes=0
frame=36/41 late_source=12/20 scenario=2026_07_29_02_32_08 timestamp=000130 receiver=12 cavs=[12] pred_boxes=10 gt_boxes=16 comm_bytes=0
frame=36/41 late_source=13/20 scenario=2026_07_29_02_32_08 timestamp=000130 receiver=13 cavs=[13, 19] pred_boxes=0 gt_boxes=24 comm_bytes=144688
frame=36/41 late_source=14/20 scenario=2026_07_29_02_32_08 timestamp=000130 receiver=14 cavs=[14] pred_boxes=0 gt_boxes=1 comm_bytes=0
frame=36/41 late_source=15/20 scenario=2026_07_29_02_32_08 timestamp=000130 receiver=15 cavs=[15, 2] pred_boxes=18 gt_boxes=41 comm_bytes=79488
frame=36/41 late_source=16/20 scenario=2026_07_29_02_32_08 timestamp=000130 receiver=16 cavs=[16] pred_boxes=11 gt_boxes=22 comm_bytes=0
frame=36/41 late_source=17/20 scenario=2026_07_29_02_32_08 timestamp=000130 receiver=17 cavs=[17, 5] pred_boxes=10 gt_boxes=32 comm_bytes=143776
frame=36/41 late_source=18/20 scenario=2026_07_29_02_32_08 timestamp=000130 receiver=18 cavs=[18] pred_boxes=2 gt_boxes=2 comm_bytes=0
frame=36/41 late_source=19/20 scenario=2026_07_29_02_32_08 timestamp=000130 receiver=19 cavs=[19] pred_boxes=6 gt_boxes=21 comm_bytes=0
frame=36/41 late_source=20/20 scenario=2026_07_29_02_32_08 timestamp=000130 receiver=20 cavs=[20, 9] pred_boxes=21 gt_boxes=37 comm_bytes=80
sgcp_late_fusion frame=36/41 scenario=2026_07_29_02_32_08 timestamp=000130 sources=20 fused_pred_boxes=79 fused_gt_boxes=67
frame=37/41 late_source=1/20 scenario=2026_07_29_02_32_08 timestamp=000132 receiver=1 cavs=[1] pred_boxes=22 gt_boxes=41 comm_bytes=0
frame=37/41 late_source=2/20 scenario=2026_07_29_02_32_08 timestamp=000132 receiver=2 cavs=[2, 15] pred_boxes=20 gt_boxes=41 comm_bytes=147216
frame=37/41 late_source=3/20 scenario=2026_07_29_02_32_08 timestamp=000132 receiver=3 cavs=[3, 18] pred_boxes=6 gt_boxes=9 comm_bytes=167440
frame=37/41 late_source=4/20 scenario=2026_07_29_02_32_08 timestamp=000132 receiver=4 cavs=[4, 8, 12] pred_boxes=17 gt_boxes=46 comm_bytes=77856
frame=37/41 late_source=5/20 scenario=2026_07_29_02_32_08 timestamp=000132 receiver=5 cavs=[5] pred_boxes=18 gt_boxes=31 comm_bytes=0
frame=37/41 late_source=6/20 scenario=2026_07_29_02_32_08 timestamp=000132 receiver=6 cavs=[6, 15] pred_boxes=15 gt_boxes=29 comm_bytes=147232
frame=37/41 late_source=7/20 scenario=2026_07_29_02_32_08 timestamp=000132 receiver=7 cavs=[7, 12] pred_boxes=20 gt_boxes=36 comm_bytes=77456
frame=37/41 late_source=8/20 scenario=2026_07_29_02_32_08 timestamp=000132 receiver=8 cavs=[8] pred_boxes=29 gt_boxes=38 comm_bytes=0
frame=37/41 late_source=9/20 scenario=2026_07_29_02_32_08 timestamp=000132 receiver=9 cavs=[9] pred_boxes=13 gt_boxes=28 comm_bytes=0
frame=37/41 late_source=10/20 scenario=2026_07_29_02_32_08 timestamp=000132 receiver=10 cavs=[10, 8] pred_boxes=22 gt_boxes=49 comm_bytes=165056
frame=37/41 late_source=11/20 scenario=2026_07_29_02_32_08 timestamp=000132 receiver=11 cavs=[11] pred_boxes=19 gt_boxes=39 comm_bytes=0
frame=37/41 late_source=12/20 scenario=2026_07_29_02_32_08 timestamp=000132 receiver=12 cavs=[12] pred_boxes=11 gt_boxes=15 comm_bytes=0
frame=37/41 late_source=13/20 scenario=2026_07_29_02_32_08 timestamp=000132 receiver=13 cavs=[13, 9, 19] pred_boxes=2 gt_boxes=33 comm_bytes=217008
frame=37/41 late_source=14/20 scenario=2026_07_29_02_32_08 timestamp=000132 receiver=14 cavs=[14] pred_boxes=0 gt_boxes=1 comm_bytes=0
frame=37/41 late_source=15/20 scenario=2026_07_29_02_32_08 timestamp=000132 receiver=15 cavs=[15, 2] pred_boxes=19 gt_boxes=41 comm_bytes=79536
frame=37/41 late_source=16/20 scenario=2026_07_29_02_32_08 timestamp=000132 receiver=16 cavs=[16] pred_boxes=12 gt_boxes=22 comm_bytes=0Format = auto
Extension = pcd
Format = auto
Extension = pcd
Format = auto
Extension = pcd
Format = auto
Extension = pcd
Format = auto
Extension = pcd
Format = auto
Extension = pcd
Format = auto
Extension = pcd
Format = auto
Extension = pcd
Format = auto
Extension = pcd
Format = auto
Extension = pcd
Format = auto
Extension = pcd
Format = auto
Extension = pcd
Format = auto
Extension = pcd
Format = auto
Extension = pcd
Format = auto
Extension = pcd
Format = auto
Extension = pcd
Format = auto
Extension = pcd
Format = auto
Extension = pcd
Format = auto
Extension = pcd
Format = auto
Extension = pcd
Format = auto
Extension = pcd
Format = auto
Extension = pcd
Format = auto
Extension = pcd
Format = auto
Extension = pcd
Format = auto
Extension = pcd
Format = auto
Extension = pcd
Format = auto
Extension = pcd
Format = auto
Extension = pcd
Format = auto
Extension = pcd
Format = auto
Extension = pcd
Format = auto
Extension = pcd
Format = auto
Extension = pcd
Format = auto
Extension = pcd
Format = auto
Extension = pcd
Format = auto
Extension = pcd
Format = auto
Extension = pcd
Format = auto
Extension = pcd
Format = auto
Extension = pcd
Format = auto
Extension = pcd
Format = auto
Extension = pcd
Format = auto
Extension = pcd
Format = auto
Extension = pcd
Format = auto
Extension = pcd
Format = auto
Extension = pcd
Format = auto
Extension = pcd
Format = auto
Extension = pcd
Format = auto
Extension = pcd
Format = auto
Extension = pcd
Format = auto
Extension = pcd
Format = auto
Extension = pcd
Format = auto
Extension = pcd
Format = auto
Extension = pcd
Format = auto
Extension = pcd
Format = auto
Extension = pcd
Format = auto
Extension = pcd
Format = auto
Extension = pcd
Format = auto
Extension = pcd
Format = auto
Extension = pcd
Format = auto
Extension = pcd
Format = auto
Extension = pcd

frame=37/41 late_source=17/20 scenario=2026_07_29_02_32_08 timestamp=000132 receiver=17 cavs=[17] pred_boxes=10 gt_boxes=21 comm_bytes=0
frame=37/41 late_source=18/20 scenario=2026_07_29_02_32_08 timestamp=000132 receiver=18 cavs=[18] pred_boxes=2 gt_boxes=2 comm_bytes=0
frame=37/41 late_source=19/20 scenario=2026_07_29_02_32_08 timestamp=000132 receiver=19 cavs=[19] pred_boxes=5 gt_boxes=21 comm_bytes=0
frame=37/41 late_source=20/20 scenario=2026_07_29_02_32_08 timestamp=000132 receiver=20 cavs=[20] pred_boxes=22 gt_boxes=31 comm_bytes=0
sgcp_late_fusion frame=37/41 scenario=2026_07_29_02_32_08 timestamp=000132 sources=20 fused_pred_boxes=82 fused_gt_boxes=67
frame=38/41 late_source=1/20 scenario=2026_07_29_02_32_08 timestamp=000134 receiver=1 cavs=[1] pred_boxes=22 gt_boxes=40 comm_bytes=0
frame=38/41 late_source=2/20 scenario=2026_07_29_02_32_08 timestamp=000134 receiver=2 cavs=[2, 15] pred_boxes=21 gt_boxes=40 comm_bytes=147216
frame=38/41 late_source=3/20 scenario=2026_07_29_02_32_08 timestamp=000134 receiver=3 cavs=[3, 18] pred_boxes=6 gt_boxes=9 comm_bytes=163744
frame=38/41 late_source=4/20 scenario=2026_07_29_02_32_08 timestamp=000134 receiver=4 cavs=[4, 12] pred_boxes=17 gt_boxes=38 comm_bytes=80640
frame=38/41 late_source=5/20 scenario=2026_07_29_02_32_08 timestamp=000134 receiver=5 cavs=[5] pred_boxes=17 gt_boxes=31 comm_bytes=0
frame=38/41 late_source=6/20 scenario=2026_07_29_02_32_08 timestamp=000134 receiver=6 cavs=[6, 15] pred_boxes=18 gt_boxes=31 comm_bytes=153040
frame=38/41 late_source=7/20 scenario=2026_07_29_02_32_08 timestamp=000134 receiver=7 cavs=[7, 12] pred_boxes=22 gt_boxes=36 comm_bytes=80640
frame=38/41 late_source=8/20 scenario=2026_07_29_02_32_08 timestamp=000134 receiver=8 cavs=[8] pred_boxes=29 gt_boxes=38 comm_bytes=0
frame=38/41 late_source=9/20 scenario=2026_07_29_02_32_08 timestamp=000134 receiver=9 cavs=[9] pred_boxes=13 gt_boxes=29 comm_bytes=0
frame=38/41 late_source=10/20 scenario=2026_07_29_02_32_08 timestamp=000134 receiver=10 cavs=[10, 8] pred_boxes=21 gt_boxes=48 comm_bytes=165056
frame=38/41 late_source=11/20 scenario=2026_07_29_02_32_08 timestamp=000134 receiver=11 cavs=[11] pred_boxes=20 gt_boxes=39 comm_bytes=0
frame=38/41 late_source=12/20 scenario=2026_07_29_02_32_08 timestamp=000134 receiver=12 cavs=[12] pred_boxes=10 gt_boxes=15 comm_bytes=0
frame=38/41 late_source=13/20 scenario=2026_07_29_02_32_08 timestamp=000134 receiver=13 cavs=[13, 19] pred_boxes=0 gt_boxes=24 comm_bytes=144688
frame=38/41 late_source=14/20 scenario=2026_07_29_02_32_08 timestamp=000134 receiver=14 cavs=[14] pred_boxes=0 gt_boxes=1 comm_bytes=0
frame=38/41 late_source=15/20 scenario=2026_07_29_02_32_08 timestamp=000134 receiver=15 cavs=[15] pred_boxes=17 gt_boxes=27 comm_bytes=0
frame=38/41 late_source=16/20 scenario=2026_07_29_02_32_08 timestamp=000134 receiver=16 cavs=[16] pred_boxes=10 gt_boxes=22 comm_bytes=0
frame=38/41 late_source=17/20 scenario=2026_07_29_02_32_08 timestamp=000134 receiver=17 cavs=[17, 5] pred_boxes=11 gt_boxes=33 comm_bytes=143776
frame=38/41 late_source=18/20 scenario=2026_07_29_02_32_08 timestamp=000134 receiver=18 cavs=[18] pred_boxes=2 gt_boxes=2 comm_bytes=0
frame=38/41 late_source=19/20 scenario=2026_07_29_02_32_08 timestamp=000134 receiver=19 cavs=[19] pred_boxes=5 gt_boxes=21 comm_bytes=0
frame=38/41 late_source=20/20 scenario=2026_07_29_02_32_08 timestamp=000134 receiver=20 cavs=[20] pred_boxes=21 gt_boxes=31 comm_bytes=0
sgcp_late_fusion frame=38/41 scenario=2026_07_29_02_32_08 timestamp=000134 sources=20 fused_pred_boxes=79 fused_gt_boxes=67
frame=39/41 late_source=1/20 scenario=2026_07_29_02_32_08 timestamp=000136 receiver=1 cavs=[1] pred_boxes=23 gt_boxes=39 comm_bytes=0
frame=39/41 late_source=2/20 scenario=2026_07_29_02_32_08 timestamp=000136 receiver=2 cavs=[2, 15] pred_boxes=21 gt_boxes=41 comm_bytes=147184
frame=39/41 late_source=3/20 scenario=2026_07_29_02_32_08 timestamp=000136 receiver=3 cavs=[3, 18] pred_boxes=8 gt_boxes=9 comm_bytes=119008
frame=39/41 late_source=4/20 scenario=2026_07_29_02_32_08 timestamp=000136 receiver=4 cavs=[4, 12] pred_boxes=18 gt_boxes=38 comm_bytes=83152
frame=39/41 late_source=5/20 scenario=2026_07_29_02_32_08 timestamp=000136 receiver=5 cavs=[5] pred_boxes=18 gt_boxes=32 comm_bytes=0
frame=39/41 late_source=6/20 scenario=2026_07_29_02_32_08 timestamp=000136 receiver=6 cavs=[6, 15] pred_boxes=14 gt_boxes=31 comm_bytes=147184
frame=39/41 late_source=7/20 scenario=2026_07_29_02_32_08 timestamp=000136 receiver=7 cavs=[7, 12] pred_boxes=21 gt_boxes=35 comm_bytes=83152
frame=39/41 late_source=8/20 scenario=2026_07_29_02_32_08 timestamp=000136 receiver=8 cavs=[8] pred_boxes=28 gt_boxes=38 comm_bytes=0
frame=39/41 late_source=9/20 scenario=2026_07_29_02_32_08 timestamp=000136 receiver=9 cavs=[9] pred_boxes=12 gt_boxes=29 comm_bytes=0
frame=39/41 late_source=10/20 scenario=2026_07_29_02_32_08 timestamp=000136 receiver=10 cavs=[10, 8] pred_boxes=22 gt_boxes=48 comm_bytes=153088
frame=39/41 late_source=11/20 scenario=2026_07_29_02_32_08 timestamp=000136 receiver=11 cavs=[11] pred_boxes=19 gt_boxes=39 comm_bytes=0
frame=39/41 late_source=12/20 scenario=2026_07_29_02_32_08 timestamp=000136 receiver=12 cavs=[12] pred_boxes=7 gt_boxes=15 comm_bytes=0
frame=39/41 late_source=13/20 scenario=2026_07_29_02_32_08 timestamp=000136 receiver=13 cavs=[13, 19] pred_boxes=0 gt_boxes=24 comm_bytes=144688
frame=39/41 late_source=14/20 scenario=2026_07_29_02_32_08 timestamp=000136 receiver=14 cavs=[14] pred_boxes=0 gt_boxes=1 comm_bytes=0
frame=39/41 late_source=15/20 scenario=2026_07_29_02_32_08 timestamp=000136 receiver=15 cavs=[15] pred_boxes=21 gt_boxes=28 comm_bytes=0
frame=39/41 late_source=16/20 scenario=2026_07_29_02_32_08 timestamp=000136 receiver=16 cavs=[16, 3] pred_boxes=11 gt_boxes=22 comm_bytes=57536
frame=39/41 late_source=17/20 scenario=2026_07_29_02_32_08 timestamp=000136 receiver=17 cavs=[17, 5] pred_boxes=10 gt_boxes=33 comm_bytes=143744
frame=39/41 late_source=18/20 scenario=2026_07_29_02_32_08 timestamp=000136 receiver=18 cavs=[18] pred_boxes=2 gt_boxes=2 comm_bytes=0
frame=39/41 late_source=19/20 scenario=2026_07_29_02_32_08 timestamp=000136 receiver=19 cavs=[19] pred_boxes=5 gt_boxes=21 comm_bytes=0
frame=39/41 late_source=20/20 scenario=2026_07_29_02_32_08 timestamp=000136 receiver=20 cavs=[20, 9] pred_boxes=21 gt_boxes=37 comm_bytes=64
sgcp_late_fusion frame=39/41 scenario=2026_07_29_02_32_08 timestamp=000136 sources=20 fused_pred_boxes=81 fused_gt_boxes=67
frame=40/41 late_source=1/20 scenario=2026_07_29_02_32_08 timestamp=000138 receiver=1 cavs=[1] pred_boxes=22 gt_boxes=40 comm_bytes=0
frame=40/41 late_source=2/20 scenario=2026_07_29_02_32_08 timestamp=000138 receiver=2 cavs=[2, 15] pred_boxes=21 gt_boxes=41 comm_bytes=147120
frame=40/41 late_source=3/20 scenario=2026_07_29_02_32_08 timestamp=000138 receiver=3 cavs=[3, 17, 18] pred_boxes=11 gt_boxes=20 comm_bytes=201808
frame=40/41 late_source=4/20 scenario=2026_07_29_02_32_08 timestamp=000138 receiver=4 cavs=[4] pred_boxes=16 gt_boxes=38 comm_bytes=0
frame=40/41 late_source=5/20 scenario=2026_07_29_02_32_08 timestamp=000138 receiver=5 cavs=[5] pred_boxes=17 gt_boxes=33 comm_bytes=0
frame=40/41 late_source=6/20 scenario=2026_07_29_02_32_08 timestamp=000138 receiver=6 cavs=[6, 15] pred_boxes=15 gt_boxes=31 comm_bytes=147168
frame=40/41 late_source=7/20 scenario=2026_07_29_02_32_08 timestamp=000138 receiver=7 cavs=[7] pred_boxes=19 gt_boxes=36 comm_bytes=0
frame=40/41 late_source=8/20 scenario=2026_07_29_02_32_08 timestamp=000138 receiver=8 cavs=[8] pred_boxes=28 gt_boxes=38 comm_bytes=0
frame=40/41 late_source=9/20 scenario=2026_07_29_02_32_08 timestamp=000138 receiver=9 cavs=[9] pred_boxes=15 gt_boxes=29 comm_bytes=0
frame=40/41 late_source=10/20 scenario=2026_07_29_02_32_08 timestamp=000138 receiver=10 cavs=[10, 8] pred_boxes=22 gt_boxes=48 comm_bytes=154176
frame=40/41 late_source=11/20 scenario=2026_07_29_02_32_08 timestamp=000138 receiver=11 cavs=[11] pred_boxes=19 gt_boxes=39 comm_bytes=0
frame=40/41 late_source=12/20 scenario=2026_07_29_02_32_08 timestamp=000138 receiver=12 cavs=[12] pred_boxes=7 gt_boxes=14 comm_bytes=0
frame=40/41 late_source=13/20 scenario=2026_07_29_02_32_08 timestamp=000138 receiver=13 cavs=[13, 19] pred_boxes=0 gt_boxes=24 comm_bytes=144688Format = auto
Extension = pcd
Format = auto
Extension = pcd
Format = auto
Extension = pcd
Format = auto
Extension = pcd
Format = auto
Extension = pcd
Format = auto
Extension = pcd
Format = auto
Extension = pcd
Format = auto
Extension = pcd
Format = auto
Extension = pcd
Format = auto
Extension = pcd
Format = auto
Extension = pcd
Format = auto
Extension = pcd
Format = auto
Extension = pcd
Format = auto
Extension = pcd
Format = auto
Extension = pcd
Format = auto
Extension = pcd
Format = auto
Extension = pcd
Format = auto
Extension = pcd
Format = auto
Extension = pcd
Format = auto
Extension = pcd

frame=40/41 late_source=14/20 scenario=2026_07_29_02_32_08 timestamp=000138 receiver=14 cavs=[14] pred_boxes=0 gt_boxes=1 comm_bytes=0
frame=40/41 late_source=15/20 scenario=2026_07_29_02_32_08 timestamp=000138 receiver=15 cavs=[15] pred_boxes=22 gt_boxes=28 comm_bytes=0
frame=40/41 late_source=16/20 scenario=2026_07_29_02_32_08 timestamp=000138 receiver=16 cavs=[16, 5] pred_boxes=10 gt_boxes=33 comm_bytes=141920
frame=40/41 late_source=17/20 scenario=2026_07_29_02_32_08 timestamp=000138 receiver=17 cavs=[17, 5] pred_boxes=11 gt_boxes=33 comm_bytes=141920
frame=40/41 late_source=18/20 scenario=2026_07_29_02_32_08 timestamp=000138 receiver=18 cavs=[18] pred_boxes=2 gt_boxes=2 comm_bytes=0
frame=40/41 late_source=19/20 scenario=2026_07_29_02_32_08 timestamp=000138 receiver=19 cavs=[19] pred_boxes=5 gt_boxes=21 comm_bytes=0
frame=40/41 late_source=20/20 scenario=2026_07_29_02_32_08 timestamp=000138 receiver=20 cavs=[20] pred_boxes=22 gt_boxes=31 comm_bytes=0
sgcp_late_fusion frame=40/41 scenario=2026_07_29_02_32_08 timestamp=000138 sources=20 fused_pred_boxes=82 fused_gt_boxes=67
frame=41/41 late_source=1/20 scenario=2026_07_29_02_32_08 timestamp=000140 receiver=1 cavs=[1, 11] pred_boxes=23 gt_boxes=44 comm_bytes=40896
frame=41/41 late_source=2/20 scenario=2026_07_29_02_32_08 timestamp=000140 receiver=2 cavs=[2, 15] pred_boxes=20 gt_boxes=41 comm_bytes=147040
frame=41/41 late_source=3/20 scenario=2026_07_29_02_32_08 timestamp=000140 receiver=3 cavs=[3, 18] pred_boxes=4 gt_boxes=9 comm_bytes=156112
frame=41/41 late_source=4/20 scenario=2026_07_29_02_32_08 timestamp=000140 receiver=4 cavs=[4] pred_boxes=16 gt_boxes=38 comm_bytes=0
frame=41/41 late_source=5/20 scenario=2026_07_29_02_32_08 timestamp=000140 receiver=5 cavs=[5] pred_boxes=17 gt_boxes=33 comm_bytes=0
frame=41/41 late_source=6/20 scenario=2026_07_29_02_32_08 timestamp=000140 receiver=6 cavs=[6, 15] pred_boxes=14 gt_boxes=30 comm_bytes=147056
frame=41/41 late_source=7/20 scenario=2026_07_29_02_32_08 timestamp=000140 receiver=7 cavs=[7, 8] pred_boxes=18 gt_boxes=51 comm_bytes=153088
frame=41/41 late_source=8/20 scenario=2026_07_29_02_32_08 timestamp=000140 receiver=8 cavs=[8] pred_boxes=29 gt_boxes=37 comm_bytes=0
frame=41/41 late_source=9/20 scenario=2026_07_29_02_32_08 timestamp=000140 receiver=9 cavs=[9] pred_boxes=16 gt_boxes=28 comm_bytes=0
frame=41/41 late_source=10/20 scenario=2026_07_29_02_32_08 timestamp=000140 receiver=10 cavs=[10, 8, 9] pred_boxes=22 gt_boxes=48 comm_bytes=153168
frame=41/41 late_source=11/20 scenario=2026_07_29_02_32_08 timestamp=000140 receiver=11 cavs=[11] pred_boxes=19 gt_boxes=39 comm_bytes=0
frame=41/41 late_source=12/20 scenario=2026_07_29_02_32_08 timestamp=000140 receiver=12 cavs=[12, 4] pred_boxes=7 gt_boxes=38 comm_bytes=16
frame=41/41 late_source=13/20 scenario=2026_07_29_02_32_08 timestamp=000140 receiver=13 cavs=[13, 19] pred_boxes=0 gt_boxes=24 comm_bytes=144688
frame=41/41 late_source=14/20 scenario=2026_07_29_02_32_08 timestamp=000140 receiver=14 cavs=[14] pred_boxes=0 gt_boxes=1 comm_bytes=0
frame=41/41 late_source=15/20 scenario=2026_07_29_02_32_08 timestamp=000140 receiver=15 cavs=[15] pred_boxes=20 gt_boxes=28 comm_bytes=0
frame=41/41 late_source=16/20 scenario=2026_07_29_02_32_08 timestamp=000140 receiver=16 cavs=[16] pred_boxes=11 gt_boxes=22 comm_bytes=0
frame=41/41 late_source=17/20 scenario=2026_07_29_02_32_08 timestamp=000140 receiver=17 cavs=[17, 5] pred_boxes=12 gt_boxes=33 comm_bytes=136736
frame=41/41 late_source=18/20 scenario=2026_07_29_02_32_08 timestamp=000140 receiver=18 cavs=[18] pred_boxes=2 gt_boxes=2 comm_bytes=0
frame=41/41 late_source=19/20 scenario=2026_07_29_02_32_08 timestamp=000140 receiver=19 cavs=[19] pred_boxes=5 gt_boxes=21 comm_bytes=0
frame=41/41 late_source=20/20 scenario=2026_07_29_02_32_08 timestamp=000140 receiver=20 cavs=[20] pred_boxes=22 gt_boxes=31 comm_bytes=0
sgcp_late_fusion frame=41/41 scenario=2026_07_29_02_32_08 timestamp=000140 sources=20 fused_pred_boxes=78 fused_gt_boxes=66
cp counter: 41
Evaluate final average precision results:
  - Fusion method: early
  - The Average Precision at IOU 0.3 is 0.81, The Average Precision at IOU 0.5 is 0.74, The Average Precision at IOU 0.7 is 0.53
sgcp_summary frames=820 avg_comm_bytes=53940.00 total_comm_bytes=44230800 avg_source_cavs=1.44 avg_selected_grids=0.54
C:\Users\sakakibara\miniconda3\envs\opencda\lib\site-packages\torch\nn\functional.py:1806: UserWarning: nn.functional.sigmoid is deprecated. Use torch.sigmoid instead.
  warnings.warn("nn.functional.sigmoid is deprecated. Use torch.sigmoid instead.")
