scenario_id,timestamp,receiver_id,receiver_policy,coperception_yaml,resource_allocation,upload_mode,grid_selection_mode,grid_score_mode,coverage_fallback,coverage_fallback_replacements,routing_hint_replacements,routing_hints_csv,clustering,cluster_count,selective_frame_deadline_ms,cluster_member_ids,source_cav_ids,uploaded_source_ids,selected_grid_counts_json,point_counts_json,communication_bytes,frame_comm_time_ms,num_channels,bandwidth_mhz,communication_deadline_ms,sgcp_frame_mbps_budget,sgcp_frame_budget_bytes,sgcp_frame_budget_original_bytes,sgcp_frame_budget_admitted_bytes,upload_density_cap_rho,upload_density_cap_seed,max_senders_per_receiver,channel_estimator,ns3_tb_size_bytes,ns3_slot_duration_ms,ns3_subchannel_prbs,ns3_symbols_per_slot,ns3_mcs,pcs_rounds_requested,pcs_rounds_accepted,pcs_round_comm_time_ms_json,pcs_round_comm_bytes_json,channel_allocation,missing_channel_sources,pred_boxes,gt_boxes,skipped
2026_07_29_02_32_08,000060,1,all-cluster-heads,docs\doc_workspace\SGCP\artifacts\early_from_late_checkpoint_20260719\enable_coperception_early_from_attentive.yaml,dynamic_cv,grid,utility,utility,none,0,0,,potential_verified_cov_coalition_game,7,,1;2;8;11,1;2;11,2;11,"{""2"": 6, ""11"": 5}","{""1"": 13948, ""2"": 3206, ""11"": 3979}",114960,35.408231368186875,10,40.0,60.0,68.0,850000,579296,579296,10.0,sgcp-density-cap,1,ns3,899,0.5,10,12,28,,,[],[],2>1:8;11>1:0,,23,48,
2026_07_29_02_32_08,000060,10,all-cluster-heads,docs\doc_workspace\SGCP\artifacts\early_from_late_checkpoint_20260719\enable_coperception_early_from_attentive.yaml,dynamic_cv,grid,utility,utility,none,0,0,,potential_verified_cov_coalition_game,7,,9;10,10;9,9,"{""9"": 6}","{""9"": 3514, ""10"": 14073}",56224,31.270300333704114,10,40.0,60.0,68.0,850000,579296,579296,10.0,sgcp-density-cap,1,ns3,899,0.5,10,12,28,,,[],[],9>10:1,,20,40,
2026_07_29_02_32_08,000060,12,all-cluster-heads,docs\doc_workspace\SGCP\artifacts\early_from_late_checkpoint_20260719\enable_coperception_early_from_attentive.yaml,dynamic_cv,grid,utility,utility,none,0,0,,potential_verified_cov_coalition_game,7,,4;7;12,12;4;7,4;7,"{""4"": 6, ""7"": 6}","{""4"": 2410, ""7"": 4339, ""12"": 13881}",107984,38.61179087875417,10,40.0,60.0,68.0,850000,579296,579296,10.0,sgcp-density-cap,1,ns3,899,0.5,10,12,28,,,[],[],4>12:9;7>12:2,,20,52,
2026_07_29_02_32_08,000060,13,all-cluster-heads,docs\doc_workspace\SGCP\artifacts\early_from_late_checkpoint_20260719\enable_coperception_early_from_attentive.yaml,dynamic_cv,grid,utility,utility,none,0,0,,potential_verified_cov_coalition_game,7,,13;14;19,13;14,14,"{""14"": 6}","{""13"": 13569, ""14"": 5322}",85152,47.35928809788654,10,40.0,60.0,68.0,850000,579296,579296,10.0,sgcp-density-cap,1,ns3,899,0.5,10,12,28,,,[],[],14>13:3,,4,18,
2026_07_29_02_32_08,000060,15,all-cluster-heads,docs\doc_workspace\SGCP\artifacts\early_from_late_checkpoint_20260719\enable_coperception_early_from_attentive.yaml,dynamic_cv,grid,utility,utility,none,0,0,,potential_verified_cov_coalition_game,7,,6;15,15;6,6,"{""6"": 6}","{""6"": 4000, ""15"": 13458}",64000,35.595105672969964,10,40.0,60.0,68.0,850000,579296,579296,10.0,sgcp-density-cap,1,ns3,899,0.5,10,12,28,,,[],[],6>15:4,,17,21,
2026_07_29_02_32_08,000060,16,all-cluster-heads,docs\doc_workspace\SGCP\artifacts\early_from_late_checkpoint_20260719\enable_coperception_early_from_attentive.yaml,dynamic_cv,grid,utility,utility,none,0,0,,potential_verified_cov_coalition_game,7,,5;16;20,16;20,20,"{""20"": 6}","{""16"": 13819, ""20"": 2676}",42816,23.81312569521691,10,40.0,60.0,68.0,850000,579296,579296,10.0,sgcp-density-cap,1,ns3,899,0.5,10,12,28,,,[],[],20>16:5,,22,34,
2026_07_29_02_32_08,000060,17,all-cluster-heads,docs\doc_workspace\SGCP\artifacts\early_from_late_checkpoint_20260719\enable_coperception_early_from_attentive.yaml,dynamic_cv,grid,utility,utility,none,0,0,,potential_verified_cov_coalition_game,7,,3;17;18,17;3;18,3;18,"{""3"": 6, ""18"": 6}","{""3"": 4077, ""17"": 14142, ""18"": 2683}",108160,36.28031145717464,10,40.0,60.0,68.0,850000,579296,579296,10.0,sgcp-density-cap,1,ns3,899,0.5,10,12,28,,,[],[],3>17:6;18>17:7,,11,20,
2026_07_29_02_32_08,000062,1,all-cluster-heads,docs\doc_workspace\SGCP\artifacts\early_from_late_checkpoint_20260719\enable_coperception_early_from_attentive.yaml,dynamic_cv,grid,utility,utility,none,0,0,,potential_verified_cov_coalition_game,7,,1;2;8;11,1;2;11,2;11,"{""2"": 6, ""11"": 5}","{""1"": 13948, ""2"": 3180, ""11"": 4043}",115568,35.97775305895439,10,40.0,60.0,68.0,850000,577696,577696,10.0,sgcp-density-cap,1,ns3,899,0.5,10,12,28,,,[],[],2>1:8;11>1:0,,24,48,
2026_07_29_02_32_08,000062,10,all-cluster-heads,docs\doc_workspace\SGCP\artifacts\early_from_late_checkpoint_20260719\enable_coperception_early_from_attentive.yaml,dynamic_cv,grid,utility,utility,none,0,0,,potential_verified_cov_coalition_game,7,,9;10,10;9,9,"{""9"": 6}","{""9"": 3458, ""10"": 14074}",55328,30.771968854282537,10,40.0,60.0,68.0,850000,577696,577696,10.0,sgcp-density-cap,1,ns3,899,0.5,10,12,28,,,[],[],9>10:1,,19,38,
2026_07_29_02_32_08,000062,12,all-cluster-heads,docs\doc_workspace\SGCP\artifacts\early_from_late_checkpoint_20260719\enable_coperception_early_from_attentive.yaml,dynamic_cv,grid,utility,utility,none,0,0,,potential_verified_cov_coalition_game,7,,4;7;12,12;4;7,4;7,"{""4"": 6, ""7"": 6}","{""4"": 2462, ""7"": 4351, ""12"": 13882}",109008,38.71857619577308,10,40.0,60.0,68.0,850000,577696,577696,10.0,sgcp-density-cap,1,ns3,899,0.5,10,12,28,,,[],[],4>12:9;7>12:2,,21,53,
2026_07_29_02_32_08,000062,13,all-cluster-heads,docs\doc_workspace\SGCP\artifacts\early_from_late_checkpoint_20260719\enable_coperception_early_from_attentive.yaml,dynamic_cv,grid,utility,utility,none,0,0,,potential_verified_cov_coalition_game,7,,13;14;19,13;14,14,"{""14"": 6}","{""13"": 13569, ""14"": 5351}",85616,47.61735261401557,10,40.0,60.0,68.0,850000,577696,577696,10.0,sgcp-density-cap,1,ns3,899,0.5,10,12,28,,,[],[],14>13:3,,4,18,
2026_07_29_02_32_08,000062,15,all-cluster-heads,docs\doc_workspace\SGCP\artifacts\early_from_late_checkpoint_20260719\enable_coperception_early_from_attentive.yaml,dynamic_cv,grid,utility,utility,none,0,0,,potential_verified_cov_coalition_game,7,,6;15,15;6,6,"{""6"": 6}","{""6"": 3889, ""15"": 13488}",62224,34.607341490545046,10,40.0,60.0,68.0,850000,577696,577696,10.0,sgcp-density-cap,1,ns3,899,0.5,10,12,28,,,[],[],6>15:4,,16,21,
2026_07_29_02_32_08,000062,16,all-cluster-heads,docs\doc_workspace\SGCP\artifacts\early_from_late_checkpoint_20260719\enable_coperception_early_from_attentive.yaml,dynamic_cv,grid,utility,utility,none,0,0,,potential_verified_cov_coalition_game,7,,5;16;20,16;20,20,"{""20"": 6}","{""16"": 13788, ""20"": 2678}",42848,23.830923248053395,10,40.0,60.0,68.0,850000,577696,577696,10.0,sgcp-density-cap,1,ns3,899,0.5,10,12,28,,,[],[],20>16:5,,19,34,
2026_07_29_02_32_08,000062,17,all-cluster-heads,docs\doc_workspace\SGCP\artifacts\early_from_late_checkpoint_20260719\enable_coperception_early_from_attentive.yaml,dynamic_cv,grid,utility,utility,none,0,0,,potential_verified_cov_coalition_game,7,,3;17;18,17;3;18,3;18,"{""3"": 6, ""18"": 6}","{""3"": 4028, ""17"": 14128, ""18"": 2666}",107104,35.844271412680754,10,40.0,60.0,68.0,850000,577696,577696,10.0,sgcp-density-cap,1,ns3,899,0.5,10,12,28,,,[],[],3>17:6;18>17:7,,10,21,
2026_07_29_02_32_08,000064,1,all-cluster-heads,docs\doc_workspace\SGCP\artifacts\early_from_late_checkpoint_20260719\enable_coperception_early_from_attentive.yaml,dynamic_cv,grid,utility,utility,none,0,0,,potential_verified_cov_coalition_game,7,,1;2;8;11,1;2;11,2;11,"{""2"": 6, ""11"": 5}","{""1"": 13948, ""2"": 3183, ""11"": 3993}",114816,35.53281423804227,10,40.0,60.0,68.0,850000,576896,576896,10.0,sgcp-density-cap,1,ns3,899,0.5,10,12,28,,,[],[],2>1:8;11>1:0,,24,48,
2026_07_29_02_32_08,000064,10,all-cluster-heads,docs\doc_workspace\SGCP\artifacts\early_from_late_checkpoint_20260719\enable_coperception_early_from_attentive.yaml,dynamic_cv,grid,utility,utility,none,0,0,,potential_verified_cov_coalition_game,7,,9;10,10;9,9,"{""9"": 6}","{""9"": 3392, ""10"": 14075}",54272,30.184649610678534,10,40.0,60.0,68.0,850000,576896,576896,10.0,sgcp-density-cap,1,ns3,899,0.5,10,12,28,,,[],[],9>10:1,,15,40,
2026_07_29_02_32_08,000064,12,all-cluster-heads,docs\doc_workspace\SGCP\artifacts\early_from_late_checkpoint_20260719\enable_coperception_early_from_attentive.yaml,dynamic_cv,grid,utility,utility,none,0,0,,potential_verified_cov_coalition_game,7,,4;7;12,12;4;7,4;7,"{""4"": 6, ""7"": 6}","{""4"": 2501, ""7"": 4350, ""12"": 13868}",109616,38.70967741935484,10,40.0,60.0,68.0,850000,576896,576896,10.0,sgcp-density-cap,1,ns3,899,0.5,10,12,28,,,[],[],4>12:9;7>12:2,,19,54,
2026_07_29_02_32_08,000064,13,all-cluster-heads,docs\doc_workspace\SGCP\artifacts\early_from_late_checkpoint_20260719\enable_coperception_early_from_attentive.yaml,dynamic_cv,grid,utility,utility,none,0,0,,potential_verified_cov_coalition_game,7,,13;14;19,13;14,14,"{""14"": 6}","{""13"": 13570, ""14"": 5381}",86096,47.88431590656285,10,40.0,60.0,68.0,850000,576896,576896,10.0,sgcp-density-cap,1,ns3,899,0.5,10,12,28,,,[],[],14>13:3,,3,18,
2026_07_29_02_32_08,000064,15,all-cluster-heads,docs\doc_workspace\SGCP\artifacts\early_from_late_checkpoint_20260719\enable_coperception_early_from_attentive.yaml,dynamic_cv,grid,utility,utility,none,0,0,,potential_verified_cov_coalition_game,7,,6;15,15;6,6,"{""6"": 6}","{""6"": 3878, ""15"": 13466}",62048,34.509454949944384,10,40.0,60.0,68.0,850000,576896,576896,10.0,sgcp-density-cap,1,ns3,899,0.5,10,12,28,,,[],[],6>15:4,,17,21,
2026_07_29_02_32_08,000064,16,all-cluster-heads,docs\doc_workspace\SGCP\artifacts\early_from_late_checkpoint_20260719\enable_coperception_early_from_attentive.yaml,dynamic_cv,grid,utility,utility,none,0,0,,potential_verified_cov_coalition_game,7,,5;16;20,16;20,20,"{""20"": 6}","{""16"": 13804, ""20"": 2731}",43696,24.302558398220242,10,40.0,60.0,68.0,850000,576896,576896,10.0,sgcp-density-cap,1,ns3,899,0.5,10,12,28,,,[],[],20>16:5,,18,34,
2026_07_29_02_32_08,000064,17,all-cluster-heads,docs\doc_workspace\SGCP\artifacts\early_from_late_checkpoint_20260719\enable_coperception_early_from_attentive.yaml,dynamic_cv,grid,utility,utility,none,0,0,,potential_verified_cov_coalition_game,7,,3;17;18,17;3;18,3;18,"{""3"": 6, ""18"": 6}","{""3"": 4004, ""17"": 14138, ""18"": 2643}",106352,35.63070077864294,10,40.0,60.0,68.0,850000,576896,576896,10.0,sgcp-density-cap,1,ns3,899,0.5,10,12,28,,,[],[],3>17:6;18>17:7,,8,21,
2026_07_29_02_32_08,000066,1,all-cluster-heads,docs\doc_workspace\SGCP\artifacts\early_from_late_checkpoint_20260719\enable_coperception_early_from_attentive.yaml,dynamic_cv,grid,utility,utility,none,0,0,,potential_verified_cov_coalition_game,6,,1;2;8;11,1;2;11,2;11,"{""2"": 6, ""11"": 5}","{""1"": 13953, ""2"": 3181, ""11"": 3938}",113904,35.04338153503893,10,40.0,60.0,68.0,850000,618208,618208,10.0,sgcp-density-cap,1,ns3,899,0.5,10,12,28,,,[],[],2>1:8;11>1:0,,25,48,
2026_07_29_02_32_08,000066,12,all-cluster-heads,docs\doc_workspace\SGCP\artifacts\early_from_late_checkpoint_20260719\enable_coperception_early_from_attentive.yaml,dynamic_cv,grid,utility,utility,none,0,0,,potential_verified_cov_coalition_game,6,,4;7;12,12;4;7,4;7,"{""4"": 6, ""7"": 6}","{""4"": 2537, ""7"": 4352, ""12"": 13863}",110224,38.727474972191324,10,40.0,60.0,68.0,850000,618208,618208,10.0,sgcp-density-cap,1,ns3,899,0.5,10,12,28,,,[],[],4>12:9;7>12:1,,17,52,
2026_07_29_02_32_08,000066,15,all-cluster-heads,docs\doc_workspace\SGCP\artifacts\early_from_late_checkpoint_20260719\enable_coperception_early_from_attentive.yaml,dynamic_cv,grid,utility,utility,none,0,0,,potential_verified_cov_coalition_game,6,,6;15,15;6,6,"{""6"": 6}","{""6"": 3846, ""15"": 13477}",61536,34.224694104560626,10,40.0,60.0,68.0,850000,618208,618208,10.0,sgcp-density-cap,1,ns3,899,0.5,10,12,28,,,[],[],6>15:2,,18,20,
2026_07_29_02_32_08,000066,16,all-cluster-heads,docs\doc_workspace\SGCP\artifacts\early_from_late_checkpoint_20260719\enable_coperception_early_from_attentive.yaml,dynamic_cv,grid,utility,utility,none,0,0,,potential_verified_cov_coalition_game,6,,5;16;20,16;20,20,"{""20"": 6}","{""16"": 13800, ""20"": 2812}",44992,25.023359288097886,10,40.0,60.0,68.0,850000,618208,618208,10.0,sgcp-density-cap,1,ns3,899,0.5,10,12,28,,,[],[],20>16:3,,20,33,
2026_07_29_02_32_08,000066,17,all-cluster-heads,docs\doc_workspace\SGCP\artifacts\early_from_late_checkpoint_20260719\enable_coperception_early_from_attentive.yaml,dynamic_cv,grid,utility,utility,none,0,0,,potential_verified_cov_coalition_game,6,,3;14;17;18,17;3;14,3;14,"{""3"": 6, ""14"": 6}","{""3"": 3947, ""14"": 5527, ""17"": 14142}",151584,49.18353726362625,10,40.0,60.0,68.0,850000,618208,618208,10.0,sgcp-density-cap,1,ns3,899,0.5,10,12,28,,,[],[],3>17:6;14>17:4,,11,21,
2026_07_29_02_32_08,000066,19,all-cluster-heads,docs\doc_workspace\SGCP\artifacts\early_from_late_checkpoint_20260719\enable_coperception_early_from_attentive.yaml,dynamic_cv,grid,utility,utility,none,0,0,,potential_verified_cov_coalition_game,6,,9;10;13;19,19;10;13,10;13,"{""10"": 6, ""13"": 6}","{""10"": 4765, ""13"": 3733, ""19"": 13700}",135968,42.40266963292547,10,40.0,60.0,68.0,850000,618208,618208,10.0,sgcp-density-cap,1,ns3,899,0.5,10,12,28,,,[],[],10>19:5;13>19:7,,11,36,
2026_07_29_02_32_08,000068,1,all-cluster-heads,docs\doc_workspace\SGCP\artifacts\early_from_late_checkpoint_20260719\enable_coperception_early_from_attentive.yaml,dynamic_cv,grid,utility,utility,none,0,0,,potential_verified_cov_coalition_game,6,,1;4;12,1;4;12,4;12,"{""4"": 6, ""12"": 5}","{""1"": 13961, ""4"": 3506, ""12"": 4371}",126032,38.89655172413793,10,40.0,60.0,68.0,850000,628560,628560,10.0,sgcp-density-cap,1,ns3,899,0.5,10,12,28,,,[],[],4>1:8;12>1:0,,27,56,
2026_07_29_02_32_08,000068,11,all-cluster-heads,docs\doc_workspace\SGCP\artifacts\early_from_late_checkpoint_20260719\enable_coperception_early_from_attentive.yaml,dynamic_cv,grid,utility,utility,none,0,0,,potential_verified_cov_coalition_game,6,,2;8;11;19,11;8;19,8;19,"{""8"": 6, ""19"": 6}","{""8"": 3061, ""11"": 13865, ""19"": 3092}",98448,27.515016685205783,10,40.0,60.0,68.0,850000,628560,628560,10.0,sgcp-density-cap,1,ns3,899,0.5,10,12,28,,,[],[],8>11:7;19>11:1,,25,52,
2026_07_29_02_32_08,000068,13,all-cluster-heads,docs\doc_workspace\SGCP\artifacts\early_from_late_checkpoint_20260719\enable_coperception_early_from_attentive.yaml,dynamic_cv,grid,utility,utility,none,0,0,,potential_verified_cov_coalition_game,6,,9;10;13;14,13;10;14,10;14,"{""10"": 6, ""14"": 6}","{""10"": 5146, ""13"": 13572, ""14"": 5697}",173488,50.69632925472747,10,40.0,60.0,68.0,850000,628560,628560,10.0,sgcp-density-cap,1,ns3,899,0.5,10,12,28,,,[],[],10>13:6;14>13:2,,12,34,
2026_07_29_02_32_08,000068,15,all-cluster-heads,docs\doc_workspace\SGCP\artifacts\early_from_late_checkpoint_20260719\enable_coperception_early_from_attentive.yaml,dynamic_cv,grid,utility,utility,none,0,0,,potential_verified_cov_coalition_game,6,,6;15,15;6,6,"{""6"": 6}","{""6"": 3833, ""15"": 13482}",61328,34.10901001112347,10,40.0,60.0,68.0,850000,628560,628560,10.0,sgcp-density-cap,1,ns3,899,0.5,10,12,28,,,[],[],6>15:3,,18,20,
2026_07_29_02_32_08,000068,16,all-cluster-heads,docs\doc_workspace\SGCP\artifacts\early_from_late_checkpoint_20260719\enable_coperception_early_from_attentive.yaml,dynamic_cv,grid,utility,utility,none,0,0,,potential_verified_cov_coalition_game,6,,5;7;16;20,16;7,7,"{""7"": 6}","{""7"": 4145, ""16"": 13828}",66320,36.885428253615125,10,40.0,60.0,68.0,850000,628560,628560,10.0,sgcp-density-cap,1,ns3,899,0.5,10,12,28,,,[],[],7>16:4,,18,42,
2026_07_29_02_32_08,000068,17,all-cluster-heads,docs\doc_workspace\SGCP\artifacts\early_from_late_checkpoint_20260719\enable_coperception_early_from_attentive.yaml,dynamic_cv,grid,utility,utility,none,0,0,,potential_verified_cov_coalition_game,6,,3;17;18,17;3;18,3;18,"{""3"": 6, ""18"": 6}","{""3"": 3836, ""17"": 14134, ""18"": 2598}",102944,34.1357063403782,10,40.0,60.0,68.0,850000,628560,628560,10.0,sgcp-density-cap,1,ns3,899,0.5,10,12,28,,,[],[],3>17:5;18>17:9,,7,20,
2026_07_29_02_32_08,000070,11,all-cluster-heads,docs\doc_workspace\SGCP\artifacts\early_from_late_checkpoint_20260719\enable_coperception_early_from_attentive.yaml,dynamic_cv,grid,utility,utility,none,0,0,,potential_verified_cov_coalition_game,6,,1;2;11;19,11;1;19,1;19,"{""1"": 6, ""19"": 6}","{""1"": 3882, ""11"": 13862, ""19"": 3085}",111472,34.54505005561735,10,40.0,60.0,68.0,850000,615216,615216,10.0,sgcp-density-cap,1,ns3,899,0.5,10,12,28,,,[],[],1>11:0;19>11:8,,22,50,
2026_07_29_02_32_08,000070,12,all-cluster-heads,docs\doc_workspace\SGCP\artifacts\early_from_late_checkpoint_20260719\enable_coperception_early_from_attentive.yaml,dynamic_cv,grid,utility,utility,none,0,0,,potential_verified_cov_coalition_game,6,,4;7;8;12,12;7;8,7;8,"{""7"": 6, ""8"": 6}","{""7"": 4353, ""8"": 3097, ""12"": 13891}",119200,38.736373748609566,10,40.0,60.0,68.0,850000,615216,615216,10.0,sgcp-density-cap,1,ns3,899,0.5,10,12,28,,,[],[],7>12:1;8>12:7,,21,59,
2026_07_29_02_32_08,000070,13,all-cluster-heads,docs\doc_workspace\SGCP\artifacts\early_from_late_checkpoint_20260719\enable_coperception_early_from_attentive.yaml,dynamic_cv,grid,utility,utility,none,0,0,,potential_verified_cov_coalition_game,6,,9;10;13;14,13;10;14,10;14,"{""10"": 6, ""14"": 6}","{""10"": 5102, ""13"": 13574, ""14"": 5836}",175008,51.93325917686318,10,40.0,60.0,68.0,850000,615216,615216,10.0,sgcp-density-cap,1,ns3,899,0.5,10,12,28,,,[],[],10>13:6;14>13:2,,13,33,
2026_07_29_02_32_08,000070,15,all-cluster-heads,docs\doc_workspace\SGCP\artifacts\early_from_late_checkpoint_20260719\enable_coperception_early_from_attentive.yaml,dynamic_cv,grid,utility,utility,none,0,0,,potential_verified_cov_coalition_game,6,,6;15,15;6,6,"{""6"": 6}","{""6"": 3804, ""15"": 13489}",60864,33.85094549499444,10,40.0,60.0,68.0,850000,615216,615216,10.0,sgcp-density-cap,1,ns3,899,0.5,10,12,28,,,[],[],6>15:3,,18,20,
2026_07_29_02_32_08,000070,16,all-cluster-heads,docs\doc_workspace\SGCP\artifacts\early_from_late_checkpoint_20260719\enable_coperception_early_from_attentive.yaml,dynamic_cv,grid,utility,utility,none,0,0,,potential_verified_cov_coalition_game,6,,5;16;20,16;20,20,"{""20"": 6}","{""16"": 13833, ""20"": 2944}",47104,26.197997775305897,10,40.0,60.0,68.0,850000,615216,615216,10.0,sgcp-density-cap,1,ns3,899,0.5,10,12,28,,,[],[],20>16:4,,19,34,
2026_07_29_02_32_08,000070,17,all-cluster-heads,docs\doc_workspace\SGCP\artifacts\early_from_late_checkpoint_20260719\enable_coperception_early_from_attentive.yaml,dynamic_cv,grid,utility,utility,none,0,0,,potential_verified_cov_coalition_game,6,,3;17;18,17;3;18,3;18,"{""3"": 6, ""18"": 6}","{""3"": 3737, ""17"": 14129, ""18"": 2611}",101568,33.25472747497219,10,40.0,60.0,68.0,850000,615216,615216,10.0,sgcp-density-cap,1,ns3,899,0.5,10,12,28,,,[],[],3>17:5;18>17:9,,9,20,
2026_07_29_02_32_08,000072,11,all-cluster-heads,docs\doc_workspace\SGCP\artifacts\early_from_late_checkpoint_20260719\enable_coperception_early_from_attentive.yaml,dynamic_cv,grid,utility,utility,none,0,0,,potential_verified_cov_coalition_game,6,,1;2;11;19,11;1;19,1;19,"{""1"": 6, ""19"": 6}","{""1"": 3879, ""11"": 13861, ""19"": 3069}",111168,34.518353726362626,10,40.0,60.0,68.0,850000,610768,610768,10.0,sgcp-density-cap,1,ns3,899,0.5,10,12,28,,,[],[],1>11:0;19>11:8,,24,52,
2026_07_29_02_32_08,000072,12,all-cluster-heads,docs\doc_workspace\SGCP\artifacts\early_from_late_checkpoint_20260719\enable_coperception_early_from_attentive.yaml,dynamic_cv,grid,utility,utility,none,0,0,,potential_verified_cov_coalition_game,6,,4;7;8;12,12;7;8,7;8,"{""7"": 6, ""8"": 6}","{""7"": 4357, ""8"": 3085, ""12"": 13906}",119072,38.77196885428254,10,40.0,60.0,68.0,850000,610768,610768,10.0,sgcp-density-cap,1,ns3,899,0.5,10,12,28,,,[],[],7>12:1;8>12:7,,25,58,
2026_07_29_02_32_08,000072,13,all-cluster-heads,docs\doc_workspace\SGCP\artifacts\early_from_late_checkpoint_20260719\enable_coperception_early_from_attentive.yaml,dynamic_cv,grid,utility,utility,none,0,0,,potential_verified_cov_coalition_game,6,,9;10;13;14,13;10;14,10;14,"{""10"": 6, ""14"": 6}","{""10"": 5044, ""13"": 13566, ""14"": 5724}",172288,50.93659621802002,10,40.0,60.0,68.0,850000,610768,610768,10.0,sgcp-density-cap,1,ns3,899,0.5,10,12,28,,,[],[],10>13:6;14>13:2,,13,34,
2026_07_29_02_32_08,000072,15,all-cluster-heads,docs\doc_workspace\SGCP\artifacts\early_from_late_checkpoint_20260719\enable_coperception_early_from_attentive.yaml,dynamic_cv,grid,utility,utility,none,0,0,,potential_verified_cov_coalition_game,6,,6;15,15;6,6,"{""6"": 6}","{""6"": 3782, ""15"": 13501}",60512,33.6551724137931,10,40.0,60.0,68.0,850000,610768,610768,10.0,sgcp-density-cap,1,ns3,899,0.5,10,12,28,,,[],[],6>15:3,,18,20,
2026_07_29_02_32_08,000072,16,all-cluster-heads,docs\doc_workspace\SGCP\artifacts\early_from_late_checkpoint_20260719\enable_coperception_early_from_attentive.yaml,dynamic_cv,grid,utility,utility,none,0,0,,potential_verified_cov_coalition_game,6,,5;16;20,16;20,20,"{""20"": 6}","{""16"": 13827, ""20"": 3017}",48272,26.847608453837598,10,40.0,60.0,68.0,850000,610768,610768,10.0,sgcp-density-cap,1,ns3,899,0.5,10,12,28,,,[],[],20>16:4,,19,34,
2026_07_29_02_32_08,000072,17,all-cluster-heads,docs\doc_workspace\SGCP\artifacts\early_from_late_checkpoint_20260719\enable_coperception_early_from_attentive.yaml,dynamic_cv,grid,utility,utility,none,0,0,,potential_verified_cov_coalition_game,6,,3;17;18,17;3;18,3;18,"{""3"": 6, ""18"": 6}","{""3"": 3607, ""17"": 14140, ""18"": 2609}",99456,32.09788654060067,10,40.0,60.0,68.0,850000,610768,610768,10.0,sgcp-density-cap,1,ns3,899,0.5,10,12,28,,,[],[],3>17:5;18>17:9,,9,20,
2026_07_29_02_32_08,000074,4,all-cluster-heads,docs\doc_workspace\SGCP\artifacts\early_from_late_checkpoint_20260719\enable_coperception_early_from_attentive.yaml,dynamic_cv,grid,utility,utility,none,0,0,,potential_verified_cov_coalition_game,6,,4;8;12,4;8;12,8;12,"{""8"": 6, ""12"": 6}","{""4"": 13788, ""8"": 2862, ""12"": 3237}",97584,28.805339265850943,10,40.0,60.0,68.0,850000,602240,602240,10.0,sgcp-density-cap,1,ns3,899,0.5,10,12,28,,,[],[],8>4:8;12>4:0,,23,49,
2026_07_29_02_32_08,000074,11,all-cluster-heads,docs\doc_workspace\SGCP\artifacts\early_from_late_checkpoint_20260719\enable_coperception_early_from_attentive.yaml,dynamic_cv,grid,utility,utility,none,0,0,,potential_verified_cov_coalition_game,6,,1;2;11;19,11;1;19,1;19,"{""1"": 6, ""19"": 6}","{""1"": 3876, ""11"": 13860, ""19"": 3070}",111136,34.4916573971079,10,40.0,60.0,68.0,850000,602240,602240,10.0,sgcp-density-cap,1,ns3,899,0.5,10,12,28,,,[],[],1>11:1;19>11:7,,22,53,
2026_07_29_02_32_08,000074,13,all-cluster-heads,docs\doc_workspace\SGCP\artifacts\early_from_late_checkpoint_20260719\enable_coperception_early_from_attentive.yaml,dynamic_cv,grid,utility,utility,none,0,0,,potential_verified_cov_coalition_game,6,,9;10;13;14,13;10;14,10;14,"{""10"": 6, ""14"": 6}","{""10"": 4993, ""13"": 13577, ""14"": 5589}",169312,49.73526140155728,10,40.0,60.0,68.0,850000,602240,602240,10.0,sgcp-density-cap,1,ns3,899,0.5,10,12,28,,,[],[],10>13:6;14>13:2,,12,32,
2026_07_29_02_32_08,000074,15,all-cluster-heads,docs\doc_workspace\SGCP\artifacts\early_from_late_checkpoint_20260719\enable_coperception_early_from_attentive.yaml,dynamic_cv,grid,utility,utility,none,0,0,,potential_verified_cov_coalition_game,6,,6;15,15;6,6,"{""6"": 6}","{""6"": 3750, ""15"": 13494}",60000,33.370411568409345,10,40.0,60.0,68.0,850000,602240,602240,10.0,sgcp-density-cap,1,ns3,899,0.5,10,12,28,,,[],[],6>15:3,,17,21,
2026_07_29_02_32_08,000074,16,all-cluster-heads,docs\doc_workspace\SGCP\artifacts\early_from_late_checkpoint_20260719\enable_coperception_early_from_attentive.yaml,dynamic_cv,grid,utility,utility,none,0,0,,potential_verified_cov_coalition_game,6,,5;7;16;20,16;7;20,7;20,"{""7"": 6, ""20"": 6}","{""7"": 4111, ""16"": 13876, ""20"": 2614}",107600,36.58286985539488,10,40.0,60.0,68.0,850000,602240,602240,10.0,sgcp-density-cap,1,ns3,899,0.5,10,12,28,,,[],[],7>16:4;20>16:9,,19,42,
2026_07_29_02_32_08,000074,17,all-cluster-heads,docs\doc_workspace\SGCP\artifacts\early_from_late_checkpoint_20260719\enable_coperception_early_from_attentive.yaml,dynamic_cv,grid,utility,utility,none,0,0,,potential_verified_cov_coalition_game,6,,3;17;18,17;3,3,"{""3"": 6}","{""3"": 3538, ""17"": 14148}",56608,31.483870967741932,10,40.0,60.0,68.0,850000,602240,602240,10.0,sgcp-density-cap,1,ns3,899,0.5,10,12,28,,,[],[],3>17:5,,10,20,
2026_07_29_02_32_08,000076,4,all-cluster-heads,docs\doc_workspace\SGCP\artifacts\early_from_late_checkpoint_20260719\enable_coperception_early_from_attentive.yaml,dynamic_cv,grid,utility,utility,none,0,0,,potential_verified_cov_coalition_game,6,,4;8;12,4;8;12,8;12,"{""8"": 6, ""12"": 6}","{""4"": 13778, ""8"": 2846, ""12"": 3320}",98656,29.543937708565075,10,40.0,60.0,68.0,850000,600880,600880,10.0,sgcp-density-cap,1,ns3,899,0.5,10,12,28,,,[],[],8>4:8;12>4:0,,22,50,
2026_07_29_02_32_08,000076,11,all-cluster-heads,docs\doc_workspace\SGCP\artifacts\early_from_late_checkpoint_20260719\enable_coperception_early_from_attentive.yaml,dynamic_cv,grid,utility,utility,none,0,0,,potential_verified_cov_coalition_game,6,,1;2;11;19,11;1;19,1;19,"{""1"": 6, ""19"": 6}","{""1"": 3869, ""11"": 13862, ""19"": 3076}",111120,34.4293659621802,10,40.0,60.0,68.0,850000,600880,600880,10.0,sgcp-density-cap,1,ns3,899,0.5,10,12,28,,,[],[],1>11:1;19>11:7,,22,53,
2026_07_29_02_32_08,000076,13,all-cluster-heads,docs\doc_workspace\SGCP\artifacts\early_from_late_checkpoint_20260719\enable_coperception_early_from_attentive.yaml,dynamic_cv,grid,utility,utility,none,0,0,,potential_verified_cov_coalition_game,6,,9;10;13;14,13;10;14,10;14,"{""10"": 6, ""14"": 6}","{""10"": 4950, ""13"": 13582, ""14"": 5430}",166080,48.320355951056726,10,40.0,60.0,68.0,850000,600880,600880,10.0,sgcp-density-cap,1,ns3,899,0.5,10,12,28,,,[],[],10>13:6;14>13:2,,15,32,
2026_07_29_02_32_08,000076,15,all-cluster-heads,docs\doc_workspace\SGCP\artifacts\early_from_late_checkpoint_20260719\enable_coperception_early_from_attentive.yaml,dynamic_cv,grid,utility,utility,none,0,0,,potential_verified_cov_coalition_game,6,,6;15,15;6,6,"{""6"": 6}","{""6"": 3785, ""15"": 13485}",60560,33.68186874304783,10,40.0,60.0,68.0,850000,600880,600880,10.0,sgcp-density-cap,1,ns3,899,0.5,10,12,28,,,[],[],6>15:3,,15,22,
2026_07_29_02_32_08,000076,16,all-cluster-heads,docs\doc_workspace\SGCP\artifacts\early_from_late_checkpoint_20260719\enable_coperception_early_from_attentive.yaml,dynamic_cv,grid,utility,utility,none,0,0,,potential_verified_cov_coalition_game,6,,5;7;16;20,16;7;20,7;20,"{""7"": 6, ""20"": 6}","{""7"": 4086, ""16"": 13891, ""20"": 2701}",108592,36.360400444938826,10,40.0,60.0,68.0,850000,600880,600880,10.0,sgcp-density-cap,1,ns3,899,0.5,10,12,28,,,[],[],7>16:4;20>16:9,,19,42,
2026_07_29_02_32_08,000076,17,all-cluster-heads,docs\doc_workspace\SGCP\artifacts\early_from_late_checkpoint_20260719\enable_coperception_early_from_attentive.yaml,dynamic_cv,grid,utility,utility,none,0,0,,potential_verified_cov_coalition_game,6,,3;17;18,17;3,3,"{""3"": 6}","{""3"": 3492, ""17"": 14123}",55872,31.07452725250278,10,40.0,60.0,68.0,850000,600880,600880,10.0,sgcp-density-cap,1,ns3,899,0.5,10,12,28,,,[],[],3>17:5,,11,20,
2026_07_29_02_32_08,000078,4,all-cluster-heads,docs\doc_workspace\SGCP\artifacts\early_from_late_checkpoint_20260719\enable_coperception_early_from_attentive.yaml,dynamic_cv,grid,utility,utility,none,0,0,,potential_verified_cov_coalition_game,6,,4;8;12,4;8;12,8;12,"{""8"": 6, ""12"": 6}","{""4"": 13750, ""8"": 2859, ""12"": 3406}",100240,30.30923248053393,10,40.0,60.0,68.0,850000,602064,602064,10.0,sgcp-density-cap,1,ns3,899,0.5,10,12,28,,,[],[],8>4:8;12>4:0,,22,50,
2026_07_29_02_32_08,000078,11,all-cluster-heads,docs\doc_workspace\SGCP\artifacts\early_from_late_checkpoint_20260719\enable_coperception_early_from_attentive.yaml,dynamic_cv,grid,utility,utility,none,0,0,,potential_verified_cov_coalition_game,6,,1;2;11;19,11;1;19,1;19,"{""1"": 6, ""19"": 6}","{""1"": 3860, ""11"": 13862, ""19"": 3080}",111040,34.34927697441602,10,40.0,60.0,68.0,850000,602064,602064,10.0,sgcp-density-cap,1,ns3,899,0.5,10,12,28,,,[],[],1>11:1;19>11:7,,22,53,
2026_07_29_02_32_08,000078,13,all-cluster-heads,docs\doc_workspace\SGCP\artifacts\early_from_late_checkpoint_20260719\enable_coperception_early_from_attentive.yaml,dynamic_cv,grid,utility,utility,none,0,0,,potential_verified_cov_coalition_game,6,,9;10;13;14,13;10;14,10;14,"{""10"": 6, ""14"": 6}","{""10"": 4897, ""13"": 13583, ""14"": 5316}",163408,47.30589543937708,10,40.0,60.0,68.0,850000,602064,602064,10.0,sgcp-density-cap,1,ns3,899,0.5,10,12,28,,,[],[],10>13:6;14>13:2,,14,33,
2026_07_29_02_32_08,000078,15,all-cluster-heads,docs\doc_workspace\SGCP\artifacts\early_from_late_checkpoint_20260719\enable_coperception_early_from_attentive.yaml,dynamic_cv,grid,utility,utility,none,0,0,,potential_verified_cov_coalition_game,6,,6;15,15;6,6,"{""6"": 6}","{""6"": 3840, ""15"": 13505}",61440,34.17130144605117,10,40.0,60.0,68.0,850000,602064,602064,10.0,sgcp-density-cap,1,ns3,899,0.5,10,12,28,,,[],[],6>15:3,,16,22,
2026_07_29_02_32_08,000078,16,all-cluster-heads,docs\doc_workspace\SGCP\artifacts\early_from_late_checkpoint_20260719\enable_coperception_early_from_attentive.yaml,dynamic_cv,grid,utility,utility,none,0,0,,potential_verified_cov_coalition_game,6,,5;7;16;20,16;7;20,7;20,"{""7"": 6, ""20"": 6}","{""7"": 4113, ""16"": 13902, ""20"": 2762}",110000,36.60066740823137,10,40.0,60.0,68.0,850000,602064,602064,10.0,sgcp-density-cap,1,ns3,899,0.5,10,12,28,,,[],[],7>16:4;20>16:9,,24,42,
2026_07_29_02_32_08,000078,17,all-cluster-heads,docs\doc_workspace\SGCP\artifacts\early_from_late_checkpoint_20260719\enable_coperception_early_from_attentive.yaml,dynamic_cv,grid,utility,utility,none,0,0,,potential_verified_cov_coalition_game,6,,3;17;18,17;3,3,"{""3"": 6}","{""3"": 3496, ""17"": 14122}",55936,31.11012235817575,10,40.0,60.0,68.0,850000,602064,602064,10.0,sgcp-density-cap,1,ns3,899,0.5,10,12,28,,,[],[],3>17:5,,10,20,
2026_07_29_02_32_08,000080,11,all-cluster-heads,docs\doc_workspace\SGCP\artifacts\early_from_late_checkpoint_20260719\enable_coperception_early_from_attentive.yaml,dynamic_cv,grid,utility,utility,none,0,0,,potential_verified_cov_coalition_game,6,,1;2;11;19,11;1;19,1;19,"{""1"": 6, ""19"": 6}","{""1"": 3848, ""11"": 13866, ""19"": 3083}",110896,34.24249165739711,10,40.0,60.0,68.0,850000,619280,619280,10.0,sgcp-density-cap,1,ns3,899,0.5,10,12,28,,,[],[],1>11:0;19>11:9,,23,52,
2026_07_29_02_32_08,000080,12,all-cluster-heads,docs\doc_workspace\SGCP\artifacts\early_from_late_checkpoint_20260719\enable_coperception_early_from_attentive.yaml,dynamic_cv,grid,utility,utility,none,0,0,,potential_verified_cov_coalition_game,6,,4;7;8;12,12;7;8,7;8,"{""7"": 6, ""8"": 6}","{""7"": 4391, ""8"": 3093, ""12"": 13953}",119744,39.07452725250278,10,40.0,60.0,68.0,850000,619280,619280,10.0,sgcp-density-cap,1,ns3,899,0.5,10,12,28,,,[],[],7>12:1;8>12:8,,21,57,
2026_07_29_02_32_08,000080,13,all-cluster-heads,docs\doc_workspace\SGCP\artifacts\early_from_late_checkpoint_20260719\enable_coperception_early_from_attentive.yaml,dynamic_cv,grid,utility,utility,none,0,0,,potential_verified_cov_coalition_game,6,,9;10;13;14,13;10;14,10;14,"{""10"": 6, ""14"": 6}","{""10"": 4870, ""13"": 13628, ""14"": 5365}",163760,47.74193548387097,10,40.0,60.0,68.0,850000,619280,619280,10.0,sgcp-density-cap,1,ns3,899,0.5,10,12,28,,,[],[],10>13:6;14>13:2,,10,33,
2026_07_29_02_32_08,000080,15,all-cluster-heads,docs\doc_workspace\SGCP\artifacts\early_from_late_checkpoint_20260719\enable_coperception_early_from_attentive.yaml,dynamic_cv,grid,utility,utility,none,0,0,,potential_verified_cov_coalition_game,6,,6;15,15;6,6,"{""6"": 6}","{""6"": 3942, ""15"": 13527}",63072,35.07897664071191,10,40.0,60.0,68.0,850000,619280,619280,10.0,sgcp-density-cap,1,ns3,899,0.5,10,12,28,,,[],[],6>15:3,,14,22,
2026_07_29_02_32_08,000080,16,all-cluster-heads,docs\doc_workspace\SGCP\artifacts\early_from_late_checkpoint_20260719\enable_coperception_early_from_attentive.yaml,dynamic_cv,grid,utility,utility,none,0,0,,potential_verified_cov_coalition_game,6,,5;16;20,16;20,20,"{""20"": 6}","{""16"": 13918, ""20"": 3200}",51200,28.476084538375975,10,40.0,60.0,68.0,850000,619280,619280,10.0,sgcp-density-cap,1,ns3,899,0.5,10,12,28,,,[],[],20>16:4,,16,35,
2026_07_29_02_32_08,000080,17,all-cluster-heads,docs\doc_workspace\SGCP\artifacts\early_from_late_checkpoint_20260719\enable_coperception_early_from_attentive.yaml,dynamic_cv,grid,utility,utility,none,0,0,,potential_verified_cov_coalition_game,6,,3;17;18,17;3;18,3;18,"{""3"": 6, ""18"": 6}","{""3"": 3546, ""17"": 14129, ""18"": 3367}",110608,31.55506117908788,10,40.0,60.0,68.0,850000,619280,619280,10.0,sgcp-density-cap,1,ns3,899,0.5,10,12,28,,,[],[],3>17:5;18>17:7,,10,21,
2026_07_29_02_32_08,000082,1,all-cluster-heads,docs\doc_workspace\SGCP\artifacts\early_from_late_checkpoint_20260719\enable_coperception_early_from_attentive.yaml,dynamic_cv,grid,utility,utility,none,0,0,,potential_verified_cov_coalition_game,7,,1;2;8;11,1;2;11,2;11,"{""2"": 6, ""11"": 5}","{""1"": 13971, ""2"": 3080, ""11"": 3608}",107008,32.10678531701891,10,40.0,60.0,68.0,850000,599408,599408,10.0,sgcp-density-cap,1,ns3,899,0.5,10,12,28,,,[],[],2>1:9;11>1:0,,27,50,
2026_07_29_02_32_08,000082,10,all-cluster-heads,docs\doc_workspace\SGCP\artifacts\early_from_late_checkpoint_20260719\enable_coperception_early_from_attentive.yaml,dynamic_cv,grid,utility,utility,none,0,0,,potential_verified_cov_coalition_game,7,,9;10,10;9,9,"{""9"": 6}","{""9"": 3319, ""10"": 13992}",53104,29.535038932146833,10,40.0,60.0,68.0,850000,599408,599408,10.0,sgcp-density-cap,1,ns3,899,0.5,10,12,28,,,[],[],9>10:1,,20,38,
2026_07_29_02_32_08,000082,12,all-cluster-heads,docs\doc_workspace\SGCP\artifacts\early_from_late_checkpoint_20260719\enable_coperception_early_from_attentive.yaml,dynamic_cv,grid,utility,utility,none,0,0,,potential_verified_cov_coalition_game,7,,4;7;12,12;4;7,4;7,"{""4"": 6, ""7"": 6}","{""4"": 2996, ""7"": 4420, ""12"": 13970}",118656,39.33259176863181,10,40.0,60.0,68.0,850000,599408,599408,10.0,sgcp-density-cap,1,ns3,899,0.5,10,12,28,,,[],[],4>12:8;7>12:2,,17,50,
2026_07_29_02_32_08,000082,13,all-cluster-heads,docs\doc_workspace\SGCP\artifacts\early_from_late_checkpoint_20260719\enable_coperception_early_from_attentive.yaml,dynamic_cv,grid,utility,utility,none,0,0,,potential_verified_cov_coalition_game,7,,13;14;19,13;14,14,"{""14"": 6}","{""13"": 13604, ""14"": 5515}",88240,49.076751946607345,10,40.0,60.0,68.0,850000,599408,599408,10.0,sgcp-density-cap,1,ns3,899,0.5,10,12,28,,,[],[],14>13:3,,5,18,
2026_07_29_02_32_08,000082,15,all-cluster-heads,docs\doc_workspace\SGCP\artifacts\early_from_late_checkpoint_20260719\enable_coperception_early_from_attentive.yaml,dynamic_cv,grid,utility,utility,none,0,0,,potential_verified_cov_coalition_game,7,,6;15,15;6,6,"{""6"": 6}","{""6"": 4044, ""15"": 13530}",64704,35.98665183537263,10,40.0,60.0,68.0,850000,599408,599408,10.0,sgcp-density-cap,1,ns3,899,0.5,10,12,28,,,[],[],6>15:4,,17,22,
2026_07_29_02_32_08,000082,17,all-cluster-heads,docs\doc_workspace\SGCP\artifacts\early_from_late_checkpoint_20260719\enable_coperception_early_from_attentive.yaml,dynamic_cv,grid,utility,utility,none,0,0,,potential_verified_cov_coalition_game,7,,3;16;17;18,17;3;16,3;16,"{""3"": 6, ""16"": 6}","{""3"": 3607, ""16"": 5402, ""17"": 14138}",144144,48.07119021134594,10,40.0,60.0,68.0,850000,599408,599408,10.0,sgcp-density-cap,1,ns3,899,0.5,10,12,28,,,[],[],3>17:7;16>17:5,,11,33,
2026_07_29_02_32_08,000082,20,all-cluster-heads,docs\doc_workspace\SGCP\artifacts\early_from_late_checkpoint_20260719\enable_coperception_early_from_attentive.yaml,dynamic_cv,grid,utility,utility,none,0,0,,potential_verified_cov_coalition_game,7,,5;20,20;5,5,"{""5"": 6}","{""5"": 1472, ""20"": 13917}",23552,13.098998887652948,10,40.0,60.0,68.0,850000,599408,599408,10.0,sgcp-density-cap,1,ns3,899,0.5,10,12,28,,,[],[],5>20:6,,21,35,
2026_07_29_02_32_08,000084,1,all-cluster-heads,docs\doc_workspace\SGCP\artifacts\early_from_late_checkpoint_20260719\enable_coperception_early_from_attentive.yaml,dynamic_cv,grid,utility,utility,none,0,0,,potential_verified_cov_coalition_game,7,,1;2;8;11,1;2;11,2;11,"{""2"": 6, ""11"": 5}","{""1"": 13971, ""2"": 3030, ""11"": 3601}",106096,32.04449388209121,10,40.0,60.0,68.0,850000,598208,598208,10.0,sgcp-density-cap,1,ns3,899,0.5,10,12,28,,,[],[],2>1:9;11>1:0,,27,48,
2026_07_29_02_32_08,000084,10,all-cluster-heads,docs\doc_workspace\SGCP\artifacts\early_from_late_checkpoint_20260719\enable_coperception_early_from_attentive.yaml,dynamic_cv,grid,utility,utility,none,0,0,,potential_verified_cov_coalition_game,7,,9;10,10;9,9,"{""9"": 6}","{""9"": 3310, ""10"": 13992}",52960,29.454949944382648,10,40.0,60.0,68.0,850000,598208,598208,10.0,sgcp-density-cap,1,ns3,899,0.5,10,12,28,,,[],[],9>10:1,,23,37,
2026_07_29_02_32_08,000084,12,all-cluster-heads,docs\doc_workspace\SGCP\artifacts\early_from_late_checkpoint_20260719\enable_coperception_early_from_attentive.yaml,dynamic_cv,grid,utility,utility,none,0,0,,potential_verified_cov_coalition_game,7,,4;7;12,12;4;7,4;7,"{""4"": 6, ""7"": 6}","{""4"": 3035, ""7"": 4457, ""12"": 14013}",119872,39.66184649610679,10,40.0,60.0,68.0,850000,598208,598208,10.0,sgcp-density-cap,1,ns3,899,0.5,10,12,28,,,[],[],4>12:8;7>12:2,,16,49,
2026_07_29_02_32_08,000084,13,all-cluster-heads,docs\doc_workspace\SGCP\artifacts\early_from_late_checkpoint_20260719\enable_coperception_early_from_attentive.yaml,dynamic_cv,grid,utility,utility,none,0,0,,potential_verified_cov_coalition_game,7,,13;14;19,13;14,14,"{""14"": 6}","{""13"": 13586, ""14"": 5407}",86512,48.11568409343715,10,40.0,60.0,68.0,850000,598208,598208,10.0,sgcp-density-cap,1,ns3,899,0.5,10,12,28,,,[],[],14>13:3,,5,17,
2026_07_29_02_32_08,000084,15,all-cluster-heads,docs\doc_workspace\SGCP\artifacts\early_from_late_checkpoint_20260719\enable_coperception_early_from_attentive.yaml,dynamic_cv,grid,utility,utility,none,0,0,,potential_verified_cov_coalition_game,7,,6;15,15;6,6,"{""6"": 6}","{""6"": 4065, ""15"": 13532}",65040,36.17352614015573,10,40.0,60.0,68.0,850000,598208,598208,10.0,sgcp-density-cap,1,ns3,899,0.5,10,12,28,,,[],[],6>15:4,,16,22,
2026_07_29_02_32_08,000084,17,all-cluster-heads,docs\doc_workspace\SGCP\artifacts\early_from_late_checkpoint_20260719\enable_coperception_early_from_attentive.yaml,dynamic_cv,grid,utility,utility,none,0,0,,potential_verified_cov_coalition_game,7,,3;16;17;18,17;3;16,3;16,"{""3"": 6, ""16"": 6}","{""3"": 3634, ""16"": 5362, ""17"": 14146}",143936,47.71523915461624,10,40.0,60.0,68.0,850000,598208,598208,10.0,sgcp-density-cap,1,ns3,899,0.5,10,12,28,,,[],[],3>17:7;16>17:5,,12,32,
2026_07_29_02_32_08,000084,20,all-cluster-heads,docs\doc_workspace\SGCP\artifacts\early_from_late_checkpoint_20260719\enable_coperception_early_from_attentive.yaml,dynamic_cv,grid,utility,utility,none,0,0,,potential_verified_cov_coalition_game,7,,5;20,20;5,5,"{""5"": 6}","{""5"": 1487, ""20"": 13917}",23792,13.232480533926585,10,40.0,60.0,68.0,850000,598208,598208,10.0,sgcp-density-cap,1,ns3,899,0.5,10,12,28,,,[],[],5>20:6,,21,36,
2026_07_29_02_32_08,000086,1,all-cluster-heads,docs\doc_workspace\SGCP\artifacts\early_from_late_checkpoint_20260719\enable_coperception_early_from_attentive.yaml,dynamic_cv,grid,utility,utility,none,0,0,,potential_verified_cov_coalition_game,7,,1;2;8;11,1;2;11,2;11,"{""2"": 6, ""11"": 5}","{""1"": 13972, ""2"": 3029, ""11"": 3583}",105792,31.88431590656285,10,40.0,60.0,68.0,850000,596736,596736,10.0,sgcp-density-cap,1,ns3,899,0.5,10,12,28,,,[],[],2>1:9;11>1:0,,27,49,
2026_07_29_02_32_08,000086,10,all-cluster-heads,docs\doc_workspace\SGCP\artifacts\early_from_late_checkpoint_20260719\enable_coperception_early_from_attentive.yaml,dynamic_cv,grid,utility,utility,none,0,0,,potential_verified_cov_coalition_game,7,,9;10,10;9,9,"{""9"": 6}","{""9"": 3315, ""10"": 14000}",53040,29.499443826473858,10,40.0,60.0,68.0,850000,596736,596736,10.0,sgcp-density-cap,1,ns3,899,0.5,10,12,28,,,[],[],9>10:1,,21,39,
2026_07_29_02_32_08,000086,12,all-cluster-heads,docs\doc_workspace\SGCP\artifacts\early_from_late_checkpoint_20260719\enable_coperception_early_from_attentive.yaml,dynamic_cv,grid,utility,utility,none,0,0,,potential_verified_cov_coalition_game,7,,4;7;12,12;4;7,4;7,"{""4"": 6, ""7"": 6}","{""4"": 3066, ""7"": 4440, ""12"": 14037}",120096,39.51056729699666,10,40.0,60.0,68.0,850000,596736,596736,10.0,sgcp-density-cap,1,ns3,899,0.5,10,12,28,,,[],[],4>12:8;7>12:2,,17,50,
2026_07_29_02_32_08,000086,13,all-cluster-heads,docs\doc_workspace\SGCP\artifacts\early_from_late_checkpoint_20260719\enable_coperception_early_from_attentive.yaml,dynamic_cv,grid,utility,utility,none,0,0,,potential_verified_cov_coalition_game,7,,13;14;19,13;14,14,"{""14"": 6}","{""13"": 13599, ""14"": 5347}",85552,47.5817575083426,10,40.0,60.0,68.0,850000,596736,596736,10.0,sgcp-density-cap,1,ns3,899,0.5,10,12,28,,,[],[],14>13:3,,3,15,
2026_07_29_02_32_08,000086,15,all-cluster-heads,docs\doc_workspace\SGCP\artifacts\early_from_late_checkpoint_20260719\enable_coperception_early_from_attentive.yaml,dynamic_cv,grid,utility,utility,none,0,0,,potential_verified_cov_coalition_game,7,,6;15,15;6,6,"{""6"": 6}","{""6"": 4042, ""15"": 13534}",64672,35.96885428253615,10,40.0,60.0,68.0,850000,596736,596736,10.0,sgcp-density-cap,1,ns3,899,0.5,10,12,28,,,[],[],6>15:4,,15,23,
2026_07_29_02_32_08,000086,17,all-cluster-heads,docs\doc_workspace\SGCP\artifacts\early_from_late_checkpoint_20260719\enable_coperception_early_from_attentive.yaml,dynamic_cv,grid,utility,utility,none,0,0,,potential_verified_cov_coalition_game,7,,3;16;17;18,17;3;16,3;16,"{""3"": 6, ""16"": 6}","{""3"": 3672, ""16"": 5310, ""17"": 14140}",143712,47.25250278086763,10,40.0,60.0,68.0,850000,596736,596736,10.0,sgcp-density-cap,1,ns3,899,0.5,10,12,28,,,[],[],3>17:7;16>17:5,,10,31,
2026_07_29_02_32_08,000086,20,all-cluster-heads,docs\doc_workspace\SGCP\artifacts\early_from_late_checkpoint_20260719\enable_coperception_early_from_attentive.yaml,dynamic_cv,grid,utility,utility,none,0,0,,potential_verified_cov_coalition_game,7,,5;20,20;5,5,"{""5"": 6}","{""5"": 1492, ""20"": 13917}",23872,13.276974416017797,10,40.0,60.0,68.0,850000,596736,596736,10.0,sgcp-density-cap,1,ns3,899,0.5,10,12,28,,,[],[],5>20:6,,23,36,
2026_07_29_02_32_08,000088,1,all-cluster-heads,docs\doc_workspace\SGCP\artifacts\early_from_late_checkpoint_20260719\enable_coperception_early_from_attentive.yaml,dynamic_cv,grid,utility,utility,none,0,0,,potential_verified_cov_coalition_game,7,,1;2;8;11,1;2;11,2;11,"{""2"": 6, ""11"": 5}","{""1"": 13967, ""2"": 3015, ""11"": 3581}",105536,31.866518353726363,10,40.0,60.0,68.0,850000,595808,595808,10.0,sgcp-density-cap,1,ns3,899,0.5,10,12,28,,,[],[],2>1:9;11>1:0,,25,49,
2026_07_29_02_32_08,000088,10,all-cluster-heads,docs\doc_workspace\SGCP\artifacts\early_from_late_checkpoint_20260719\enable_coperception_early_from_attentive.yaml,dynamic_cv,grid,utility,utility,none,0,0,,potential_verified_cov_coalition_game,7,,9;10,10;9,9,"{""9"": 6}","{""9"": 3304, ""10"": 13995}",52864,29.401557285873192,10,40.0,60.0,68.0,850000,595808,595808,10.0,sgcp-density-cap,1,ns3,899,0.5,10,12,28,,,[],[],9>10:1,,22,39,
2026_07_29_02_32_08,000088,12,all-cluster-heads,docs\doc_workspace\SGCP\artifacts\early_from_late_checkpoint_20260719\enable_coperception_early_from_attentive.yaml,dynamic_cv,grid,utility,utility,none,0,0,,potential_verified_cov_coalition_game,7,,4;7;12,12;4;7,4;7,"{""4"": 6, ""7"": 5}","{""4"": 3121, ""7"": 4166, ""12"": 14084}",116592,37.07230255839822,10,40.0,60.0,68.0,850000,595808,595808,10.0,sgcp-density-cap,1,ns3,899,0.5,10,12,28,,,[],[],4>12:8;7>12:2,,16,50,
2026_07_29_02_32_08,000088,13,all-cluster-heads,docs\doc_workspace\SGCP\artifacts\early_from_late_checkpoint_20260719\enable_coperception_early_from_attentive.yaml,dynamic_cv,grid,utility,utility,none,0,0,,potential_verified_cov_coalition_game,7,,13;14;19,13;14,14,"{""14"": 6}","{""13"": 13598, ""14"": 5524}",88384,49.15684093437152,10,40.0,60.0,68.0,850000,595808,595808,10.0,sgcp-density-cap,1,ns3,899,0.5,10,12,28,,,[],[],14>13:3,,3,15,
2026_07_29_02_32_08,000088,15,all-cluster-heads,docs\doc_workspace\SGCP\artifacts\early_from_late_checkpoint_20260719\enable_coperception_early_from_attentive.yaml,dynamic_cv,grid,utility,utility,none,0,0,,potential_verified_cov_coalition_game,7,,6;15,15;6,6,"{""6"": 6}","{""6"": 4021, ""15"": 13521}",64336,35.78197997775306,10,40.0,60.0,68.0,850000,595808,595808,10.0,sgcp-density-cap,1,ns3,899,0.5,10,12,28,,,[],[],6>15:4,,15,23,
2026_07_29_02_32_08,000088,17,all-cluster-heads,docs\doc_workspace\SGCP\artifacts\early_from_late_checkpoint_20260719\enable_coperception_early_from_attentive.yaml,dynamic_cv,grid,utility,utility,none,0,0,,potential_verified_cov_coalition_game,7,,3;16;17;18,17;3;16,3;16,"{""3"": 6, ""16"": 6}","{""3"": 3731, ""16"": 5255, ""17"": 14155}",143776,46.76307007786429,10,40.0,60.0,68.0,850000,595808,595808,10.0,sgcp-density-cap,1,ns3,899,0.5,10,12,28,,,[],[],3>17:7;16>17:5,,10,30,
2026_07_29_02_32_08,000088,20,all-cluster-heads,docs\doc_workspace\SGCP\artifacts\early_from_late_checkpoint_20260719\enable_coperception_early_from_attentive.yaml,dynamic_cv,grid,utility,utility,none,0,0,,potential_verified_cov_coalition_game,7,,5;20,20;5,5,"{""5"": 6}","{""5"": 1520, ""20"": 13915}",24320,13.526140155728587,10,40.0,60.0,68.0,850000,595808,595808,10.0,sgcp-density-cap,1,ns3,899,0.5,10,12,28,,,[],[],5>20:6,,23,35,
2026_07_29_02_32_08,000090,1,all-cluster-heads,docs\doc_workspace\SGCP\artifacts\early_from_late_checkpoint_20260719\enable_coperception_early_from_attentive.yaml,dynamic_cv,grid,utility,utility,none,0,0,,potential_verified_cov_coalition_game,7,,1;2;8;11,1;8;11,8;11,"{""8"": 6, ""11"": 6}","{""1"": 13964, ""8"": 2335, ""11"": 4254}",105424,37.85539488320356,10,40.0,60.0,68.0,850000,602864,602864,10.0,sgcp-density-cap,1,ns3,899,0.5,10,12,28,,,[],[],8>1:9;11>1:0,,20,49,
2026_07_29_02_32_08,000090,10,all-cluster-heads,docs\doc_workspace\SGCP\artifacts\early_from_late_checkpoint_20260719\enable_coperception_early_from_attentive.yaml,dynamic_cv,grid,utility,utility,none,0,0,,potential_verified_cov_coalition_game,7,,9;10,10;9,9,"{""9"": 6}","{""9"": 3275, ""10"": 13989}",52400,29.14349276974416,10,40.0,60.0,68.0,850000,602864,602864,10.0,sgcp-density-cap,1,ns3,899,0.5,10,12,28,,,[],[],9>10:1,,23,39,
2026_07_29_02_32_08,000090,12,all-cluster-heads,docs\doc_workspace\SGCP\artifacts\early_from_late_checkpoint_20260719\enable_coperception_early_from_attentive.yaml,dynamic_cv,grid,utility,utility,none,0,0,,potential_verified_cov_coalition_game,7,,4;7;12,12;4;7,4;7,"{""4"": 6, ""7"": 5}","{""4"": 3147, ""7"": 4192, ""12"": 14081}",117424,37.30367074527253,10,40.0,60.0,68.0,850000,602864,602864,10.0,sgcp-density-cap,1,ns3,899,0.5,10,12,28,,,[],[],4>12:8;7>12:2,,15,50,
2026_07_29_02_32_08,000090,13,all-cluster-heads,docs\doc_workspace\SGCP\artifacts\early_from_late_checkpoint_20260719\enable_coperception_early_from_attentive.yaml,dynamic_cv,grid,utility,utility,none,0,0,,potential_verified_cov_coalition_game,7,,13;14;19,13;14,14,"{""14"": 6}","{""13"": 13587, ""14"": 5744}",91904,51.114571746384875,10,40.0,60.0,68.0,850000,602864,602864,10.0,sgcp-density-cap,1,ns3,899,0.5,10,12,28,,,[],[],14>13:3,,3,15,
2026_07_29_02_32_08,000090,15,all-cluster-heads,docs\doc_workspace\SGCP\artifacts\early_from_late_checkpoint_20260719\enable_coperception_early_from_attentive.yaml,dynamic_cv,grid,utility,utility,none,0,0,,potential_verified_cov_coalition_game,7,,6;15,15;6,6,"{""6"": 6}","{""6"": 4114, ""15"": 13534}",65824,36.60956618464961,10,40.0,60.0,68.0,850000,602864,602864,10.0,sgcp-density-cap,1,ns3,899,0.5,10,12,28,,,[],[],6>15:4,,16,23,
2026_07_29_02_32_08,000090,17,all-cluster-heads,docs\doc_workspace\SGCP\artifacts\early_from_late_checkpoint_20260719\enable_coperception_early_from_attentive.yaml,dynamic_cv,grid,utility,utility,none,0,0,,potential_verified_cov_coalition_game,7,,3;16;17;18,17;3;16,3;16,"{""3"": 6, ""16"": 6}","{""3"": 3877, ""16"": 5206, ""17"": 14164}",145328,46.327030033370406,10,40.0,60.0,68.0,850000,602864,602864,10.0,sgcp-density-cap,1,ns3,899,0.5,10,12,28,,,[],[],3>17:7;16>17:5,,11,31,
2026_07_29_02_32_08,000090,20,all-cluster-heads,docs\doc_workspace\SGCP\artifacts\early_from_late_checkpoint_20260719\enable_coperception_early_from_attentive.yaml,dynamic_cv,grid,utility,utility,none,0,0,,potential_verified_cov_coalition_game,7,,5;20,20;5,5,"{""5"": 6}","{""5"": 1535, ""20"": 13914}",24560,13.659621802002226,10,40.0,60.0,68.0,850000,602864,602864,10.0,sgcp-density-cap,1,ns3,899,0.5,10,12,28,,,[],[],5>20:6,,20,37,
2026_07_29_02_32_08,000092,1,all-cluster-heads,docs\doc_workspace\SGCP\artifacts\early_from_late_checkpoint_20260719\enable_coperception_early_from_attentive.yaml,dynamic_cv,grid,utility,utility,none,0,0,,potential_verified_cov_coalition_game,7,,1;2;8;11,1;8;11,8;11,"{""8"": 6, ""11"": 6}","{""1"": 13964, ""8"": 2335, ""11"": 4254}",105424,37.85539488320356,10,40.0,60.0,68.0,850000,610704,610704,10.0,sgcp-density-cap,1,ns3,899,0.5,10,12,28,,,[],[],8>1:9;11>1:0,,20,48,
2026_07_29_02_32_08,000092,10,all-cluster-heads,docs\doc_workspace\SGCP\artifacts\early_from_late_checkpoint_20260719\enable_coperception_early_from_attentive.yaml,dynamic_cv,grid,utility,utility,none,0,0,,potential_verified_cov_coalition_game,7,,9;10,10;9,9,"{""9"": 6}","{""9"": 3271, ""10"": 13986}",52336,29.107897664071192,10,40.0,60.0,68.0,850000,610704,610704,10.0,sgcp-density-cap,1,ns3,899,0.5,10,12,28,,,[],[],9>10:1,,22,39,
2026_07_29_02_32_08,000092,12,all-cluster-heads,docs\doc_workspace\SGCP\artifacts\early_from_late_checkpoint_20260719\enable_coperception_early_from_attentive.yaml,dynamic_cv,grid,utility,utility,none,0,0,,potential_verified_cov_coalition_game,7,,4;7;12,12;4;7,4;7,"{""4"": 6, ""7"": 5}","{""4"": 3175, ""7"": 4207, ""12"": 14115}",118112,37.437152391546164,10,40.0,60.0,68.0,850000,610704,610704,10.0,sgcp-density-cap,1,ns3,899,0.5,10,12,28,,,[],[],4>12:8;7>12:2,,14,50,
2026_07_29_02_32_08,000092,13,all-cluster-heads,docs\doc_workspace\SGCP\artifacts\early_from_late_checkpoint_20260719\enable_coperception_early_from_attentive.yaml,dynamic_cv,grid,utility,utility,none,0,0,,potential_verified_cov_coalition_game,7,,13;14;19,13;14,14,"{""14"": 6}","{""13"": 13577, ""14"": 5796}",92736,51.57730812013348,10,40.0,60.0,68.0,850000,610704,610704,10.0,sgcp-density-cap,1,ns3,899,0.5,10,12,28,,,[],[],14>13:3,,4,14,
2026_07_29_02_32_08,000092,15,all-cluster-heads,docs\doc_workspace\SGCP\artifacts\early_from_late_checkpoint_20260719\enable_coperception_early_from_attentive.yaml,dynamic_cv,grid,utility,utility,none,0,0,,potential_verified_cov_coalition_game,7,,6;15,15;6,6,"{""6"": 6}","{""6"": 4401, ""15"": 13570}",70416,39.1635150166852,10,40.0,60.0,68.0,850000,610704,610704,10.0,sgcp-density-cap,1,ns3,899,0.5,10,12,28,,,[],[],6>15:4,,18,23,
2026_07_29_02_32_08,000092,17,all-cluster-heads,docs\doc_workspace\SGCP\artifacts\early_from_late_checkpoint_20260719\enable_coperception_early_from_attentive.yaml,dynamic_cv,grid,utility,utility,none,0,0,,potential_verified_cov_coalition_game,7,,3;16;17;18,17;3;16,3;16,"{""3"": 6, ""16"": 6}","{""3"": 4032, ""16"": 5143, ""17"": 14182}",146800,45.76640711902114,10,40.0,60.0,68.0,850000,610704,610704,10.0,sgcp-density-cap,1,ns3,899,0.5,10,12,28,,,[],[],3>17:7;16>17:5,,12,30,
2026_07_29_02_32_08,000092,20,all-cluster-heads,docs\doc_workspace\SGCP\artifacts\early_from_late_checkpoint_20260719\enable_coperception_early_from_attentive.yaml,dynamic_cv,grid,utility,utility,none,0,0,,potential_verified_cov_coalition_game,7,,5;20,20;5,5,"{""5"": 6}","{""5"": 1555, ""20"": 13912}",24880,13.837597330367075,10,40.0,60.0,68.0,850000,610704,610704,10.0,sgcp-density-cap,1,ns3,899,0.5,10,12,28,,,[],[],5>20:6,,23,37,
2026_07_29_02_32_08,000094,1,all-cluster-heads,docs\doc_workspace\SGCP\artifacts\early_from_late_checkpoint_20260719\enable_coperception_early_from_attentive.yaml,dynamic_cv,grid,utility,utility,none,0,0,,potential_verified_cov_coalition_game,7,,1;2;8;11,1;8;11,8;11,"{""8"": 6, ""11"": 6}","{""1"": 13962, ""8"": 2335, ""11"": 4254}",105424,37.85539488320356,10,40.0,60.0,68.0,850000,614400,614400,10.0,sgcp-density-cap,1,ns3,899,0.5,10,12,28,,,[],[],8>1:9;11>1:0,,20,48,
2026_07_29_02_32_08,000094,10,all-cluster-heads,docs\doc_workspace\SGCP\artifacts\early_from_late_checkpoint_20260719\enable_coperception_early_from_attentive.yaml,dynamic_cv,grid,utility,utility,none,0,0,,potential_verified_cov_coalition_game,7,,9;10,10;9,9,"{""9"": 6}","{""9"": 3271, ""10"": 13987}",52336,29.107897664071192,10,40.0,60.0,68.0,850000,614400,614400,10.0,sgcp-density-cap,1,ns3,899,0.5,10,12,28,,,[],[],9>10:1,,21,40,
2026_07_29_02_32_08,000094,12,all-cluster-heads,docs\doc_workspace\SGCP\artifacts\early_from_late_checkpoint_20260719\enable_coperception_early_from_attentive.yaml,dynamic_cv,grid,utility,utility,none,0,0,,potential_verified_cov_coalition_game,7,,4;7;12,12;4;7,4;7,"{""4"": 6, ""7"": 5}","{""4"": 3253, ""7"": 4221, ""12"": 14132}",119584,37.56173526140156,10,40.0,60.0,68.0,850000,614400,614400,10.0,sgcp-density-cap,1,ns3,899,0.5,10,12,28,,,[],[],4>12:8;7>12:2,,14,49,
2026_07_29_02_32_08,000094,13,all-cluster-heads,docs\doc_workspace\SGCP\artifacts\early_from_late_checkpoint_20260719\enable_coperception_early_from_attentive.yaml,dynamic_cv,grid,utility,utility,none,0,0,,potential_verified_cov_coalition_game,7,,13;14;19,13;14,14,"{""14"": 6}","{""13"": 13577, ""14"": 5778}",92448,51.41713014460512,10,40.0,60.0,68.0,850000,614400,614400,10.0,sgcp-density-cap,1,ns3,899,0.5,10,12,28,,,[],[],14>13:3,,3,14,
2026_07_29_02_32_08,000094,15,all-cluster-heads,docs\doc_workspace\SGCP\artifacts\early_from_late_checkpoint_20260719\enable_coperception_early_from_attentive.yaml,dynamic_cv,grid,utility,utility,none,0,0,,potential_verified_cov_coalition_game,7,,6;15,15;6,6,"{""6"": 6}","{""6"": 4504, ""15"": 13568}",72064,40.080088987764185,10,40.0,60.0,68.0,850000,614400,614400,10.0,sgcp-density-cap,1,ns3,899,0.5,10,12,28,,,[],[],6>15:4,,18,25,
2026_07_29_02_32_08,000094,17,all-cluster-heads,docs\doc_workspace\SGCP\artifacts\early_from_late_checkpoint_20260719\enable_coperception_early_from_attentive.yaml,dynamic_cv,grid,utility,utility,none,0,0,,potential_verified_cov_coalition_game,7,,3;16;17;18,17;3;16,3;16,"{""3"": 6, ""16"": 6}","{""3"": 4191, ""16"": 5019, ""17"": 14181}",147360,44.66295884315907,10,40.0,60.0,68.0,850000,614400,614400,10.0,sgcp-density-cap,1,ns3,899,0.5,10,12,28,,,[],[],3>17:7;16>17:5,,13,31,
2026_07_29_02_32_08,000094,20,all-cluster-heads,docs\doc_workspace\SGCP\artifacts\early_from_late_checkpoint_20260719\enable_coperception_early_from_attentive.yaml,dynamic_cv,grid,utility,utility,none,0,0,,potential_verified_cov_coalition_game,7,,5;20,20;5,5,"{""5"": 6}","{""5"": 1574, ""20"": 13905}",25184,14.006674082313681,10,40.0,60.0,68.0,850000,614400,614400,10.0,sgcp-density-cap,1,ns3,899,0.5,10,12,28,,,[],[],5>20:6,,22,36,
2026_07_29_02_32_08,000096,1,all-cluster-heads,docs\doc_workspace\SGCP\artifacts\early_from_late_checkpoint_20260719\enable_coperception_early_from_attentive.yaml,dynamic_cv,grid,utility,utility,none,0,0,,potential_verified_cov_coalition_game,7,,1;2;8;11,1;8;11,8;11,"{""8"": 6, ""11"": 6}","{""1"": 13962, ""8"": 2335, ""11"": 4254}",105424,37.85539488320356,10,40.0,60.0,68.0,850000,613408,613408,10.0,sgcp-density-cap,1,ns3,899,0.5,10,12,28,,,[],[],8>1:9;11>1:0,,23,48,
2026_07_29_02_32_08,000096,10,all-cluster-heads,docs\doc_workspace\SGCP\artifacts\early_from_late_checkpoint_20260719\enable_coperception_early_from_attentive.yaml,dynamic_cv,grid,utility,utility,none,0,0,,potential_verified_cov_coalition_game,7,,9;10,10;9,9,"{""9"": 6}","{""9"": 3270, ""10"": 13986}",52320,29.09899888765295,10,40.0,60.0,68.0,850000,613408,613408,10.0,sgcp-density-cap,1,ns3,899,0.5,10,12,28,,,[],[],9>10:1,,22,40,
2026_07_29_02_32_08,000096,12,all-cluster-heads,docs\doc_workspace\SGCP\artifacts\early_from_late_checkpoint_20260719\enable_coperception_early_from_attentive.yaml,dynamic_cv,grid,utility,utility,none,0,0,,potential_verified_cov_coalition_game,7,,4;7;12,12;4;7,4;7,"{""4"": 6, ""7"": 5}","{""4"": 3309, ""7"": 4239, ""12"": 14132}",120768,37.72191323692992,10,40.0,60.0,68.0,850000,613408,613408,10.0,sgcp-density-cap,1,ns3,899,0.5,10,12,28,,,[],[],4>12:8;7>12:2,,13,49,
2026_07_29_02_32_08,000096,13,all-cluster-heads,docs\doc_workspace\SGCP\artifacts\early_from_late_checkpoint_20260719\enable_coperception_early_from_attentive.yaml,dynamic_cv,grid,utility,utility,none,0,0,,potential_verified_cov_coalition_game,7,,13;14;19,13;14,14,"{""14"": 6}","{""13"": 13525, ""14"": 5735}",91760,51.03448275862069,10,40.0,60.0,68.0,850000,613408,613408,10.0,sgcp-density-cap,1,ns3,899,0.5,10,12,28,,,[],[],14>13:3,,2,14,
2026_07_29_02_32_08,000096,15,all-cluster-heads,docs\doc_workspace\SGCP\artifacts\early_from_late_checkpoint_20260719\enable_coperception_early_from_attentive.yaml,dynamic_cv,grid,utility,utility,none,0,0,,potential_verified_cov_coalition_game,7,,6;15,15;6,6,"{""6"": 6}","{""6"": 4598, ""15"": 13554}",73568,40.91657397107898,10,40.0,60.0,68.0,850000,613408,613408,10.0,sgcp-density-cap,1,ns3,899,0.5,10,12,28,,,[],[],6>15:4,,17,25,
2026_07_29_02_32_08,000096,17,all-cluster-heads,docs\doc_workspace\SGCP\artifacts\early_from_late_checkpoint_20260719\enable_coperception_early_from_attentive.yaml,dynamic_cv,grid,utility,utility,none,0,0,,potential_verified_cov_coalition_game,7,,3;16;17;18,17;3;16,3;16,"{""3"": 6, ""16"": 6}","{""3"": 4222, ""16"": 4764, ""17"": 14183}",143776,42.39377085650723,10,40.0,60.0,68.0,850000,613408,613408,10.0,sgcp-density-cap,1,ns3,899,0.5,10,12,28,,,[],[],3>17:7;16>17:5,,14,31,
2026_07_29_02_32_08,000096,20,all-cluster-heads,docs\doc_workspace\SGCP\artifacts\early_from_late_checkpoint_20260719\enable_coperception_early_from_attentive.yaml,dynamic_cv,grid,utility,utility,none,0,0,,potential_verified_cov_coalition_game,7,,5;20,20;5,5,"{""5"": 6}","{""5"": 1612, ""20"": 13901}",25792,14.344827586206897,10,40.0,60.0,68.0,850000,613408,613408,10.0,sgcp-density-cap,1,ns3,899,0.5,10,12,28,,,[],[],5>20:6,,21,34,
2026_07_29_02_32_08,000098,1,all-cluster-heads,docs\doc_workspace\SGCP\artifacts\early_from_late_checkpoint_20260719\enable_coperception_early_from_attentive.yaml,dynamic_cv,grid,utility,utility,none,0,0,,potential_verified_cov_coalition_game,7,,1;2;8;11,1;8;11,8;11,"{""8"": 6, ""11"": 6}","{""1"": 13964, ""8"": 2335, ""11"": 4254}",105424,37.85539488320356,10,40.0,60.0,68.0,850000,612944,612944,10.0,sgcp-density-cap,1,ns3,899,0.5,10,12,28,,,[],[],8>1:9;11>1:0,,23,50,
2026_07_29_02_32_08,000098,10,all-cluster-heads,docs\doc_workspace\SGCP\artifacts\early_from_late_checkpoint_20260719\enable_coperception_early_from_attentive.yaml,dynamic_cv,grid,utility,utility,none,0,0,,potential_verified_cov_coalition_game,7,,9;10,10;9,9,"{""9"": 6}","{""9"": 3270, ""10"": 13986}",52320,29.09899888765295,10,40.0,60.0,68.0,850000,612944,612944,10.0,sgcp-density-cap,1,ns3,899,0.5,10,12,28,,,[],[],9>10:1,,22,40,
2026_07_29_02_32_08,000098,12,all-cluster-heads,docs\doc_workspace\SGCP\artifacts\early_from_late_checkpoint_20260719\enable_coperception_early_from_attentive.yaml,dynamic_cv,grid,utility,utility,none,0,0,,potential_verified_cov_coalition_game,7,,4;7;12,12;4;7,4;7,"{""4"": 6, ""7"": 5}","{""4"": 3395, ""7"": 4256, ""12"": 14159}",122416,37.87319243604004,10,40.0,60.0,68.0,850000,612944,612944,10.0,sgcp-density-cap,1,ns3,899,0.5,10,12,28,,,[],[],4>12:8;7>12:2,,13,49,
2026_07_29_02_32_08,000098,13,all-cluster-heads,docs\doc_workspace\SGCP\artifacts\early_from_late_checkpoint_20260719\enable_coperception_early_from_attentive.yaml,dynamic_cv,grid,utility,utility,none,0,0,,potential_verified_cov_coalition_game,7,,13;14;19,13;14,14,"{""14"": 6}","{""13"": 13562, ""14"": 5584}",89344,49.69076751946607,10,40.0,60.0,68.0,850000,612944,612944,10.0,sgcp-density-cap,1,ns3,899,0.5,10,12,28,,,[],[],14>13:3,,3,14,
2026_07_29_02_32_08,000098,15,all-cluster-heads,docs\doc_workspace\SGCP\artifacts\early_from_late_checkpoint_20260719\enable_coperception_early_from_attentive.yaml,dynamic_cv,grid,utility,utility,none,0,0,,potential_verified_cov_coalition_game,7,,6;15,15;6,6,"{""6"": 6}","{""6"": 4748, ""15"": 13584}",75968,42.25139043381535,10,40.0,60.0,68.0,850000,612944,612944,10.0,sgcp-density-cap,1,ns3,899,0.5,10,12,28,,,[],[],6>15:4,,17,26,
2026_07_29_02_32_08,000098,17,all-cluster-heads,docs\doc_workspace\SGCP\artifacts\early_from_late_checkpoint_20260719\enable_coperception_early_from_attentive.yaml,dynamic_cv,grid,utility,utility,none,0,0,,potential_verified_cov_coalition_game,7,,3;16;17;18,17;3;16,3;16,"{""3"": 6, ""16"": 6}","{""3"": 4331, ""16"": 4480, ""17"": 14193}",140976,39.86651835372636,10,40.0,60.0,68.0,850000,612944,612944,10.0,sgcp-density-cap,1,ns3,899,0.5,10,12,28,,,[],[],3>17:7;16>17:5,,12,31,
2026_07_29_02_32_08,000098,20,all-cluster-heads,docs\doc_workspace\SGCP\artifacts\early_from_late_checkpoint_20260719\enable_coperception_early_from_attentive.yaml,dynamic_cv,grid,utility,utility,none,0,0,,potential_verified_cov_coalition_game,7,,5;20,20;5,5,"{""5"": 6}","{""5"": 1656, ""20"": 13901}",26496,14.736373748609566,10,40.0,60.0,68.0,850000,612944,612944,10.0,sgcp-density-cap,1,ns3,899,0.5,10,12,28,,,[],[],5>20:6,,23,35,
2026_07_29_02_32_08,000100,1,all-cluster-heads,docs\doc_workspace\SGCP\artifacts\early_from_late_checkpoint_20260719\enable_coperception_early_from_attentive.yaml,dynamic_cv,grid,utility,utility,none,0,0,,potential_verified_cov_coalition_game,7,,1;2;8;11,1;8;11,8;11,"{""8"": 6, ""11"": 6}","{""1"": 13960, ""8"": 2335, ""11"": 4254}",105424,37.85539488320356,10,40.0,60.0,68.0,850000,614736,614736,10.0,sgcp-density-cap,1,ns3,899,0.5,10,12,28,,,[],[],8>1:9;11>1:0,,21,51,
2026_07_29_02_32_08,000100,10,all-cluster-heads,docs\doc_workspace\SGCP\artifacts\early_from_late_checkpoint_20260719\enable_coperception_early_from_attentive.yaml,dynamic_cv,grid,utility,utility,none,0,0,,potential_verified_cov_coalition_game,7,,9;10,10;9,9,"{""9"": 6}","{""9"": 3270, ""10"": 13984}",52320,29.09899888765295,10,40.0,60.0,68.0,850000,614736,614736,10.0,sgcp-density-cap,1,ns3,899,0.5,10,12,28,,,[],[],9>10:1,,22,38,
2026_07_29_02_32_08,000100,12,all-cluster-heads,docs\doc_workspace\SGCP\artifacts\early_from_late_checkpoint_20260719\enable_coperception_early_from_attentive.yaml,dynamic_cv,grid,utility,utility,none,0,0,,potential_verified_cov_coalition_game,7,,4;7;12,12;4;7,4;7,"{""4"": 6, ""7"": 5}","{""4"": 3478, ""7"": 4283, ""12"": 14139}",124176,38.11345939933259,10,40.0,60.0,68.0,850000,614736,614736,10.0,sgcp-density-cap,1,ns3,899,0.5,10,12,28,,,[],[],4>12:8;7>12:2,,14,49,
2026_07_29_02_32_08,000100,13,all-cluster-heads,docs\doc_workspace\SGCP\artifacts\early_from_late_checkpoint_20260719\enable_coperception_early_from_attentive.yaml,dynamic_cv,grid,utility,utility,none,0,0,,potential_verified_cov_coalition_game,7,,13;14;19,13;14,14,"{""14"": 6}","{""13"": 13544, ""14"": 5348}",85568,47.59065628476084,10,40.0,60.0,68.0,850000,614736,614736,10.0,sgcp-density-cap,1,ns3,899,0.5,10,12,28,,,[],[],14>13:3,,4,16,
2026_07_29_02_32_08,000100,15,all-cluster-heads,docs\doc_workspace\SGCP\artifacts\early_from_late_checkpoint_20260719\enable_coperception_early_from_attentive.yaml,dynamic_cv,grid,utility,utility,none,0,0,,potential_verified_cov_coalition_game,7,,6;15,15;6,6,"{""6"": 6}","{""6"": 4786, ""15"": 13585}",76576,42.58954393770856,10,40.0,60.0,68.0,850000,614736,614736,10.0,sgcp-density-cap,1,ns3,899,0.5,10,12,28,,,[],[],6>15:4,,16,29,
2026_07_29_02_32_08,000100,17,all-cluster-heads,docs\doc_workspace\SGCP\artifacts\early_from_late_checkpoint_20260719\enable_coperception_early_from_attentive.yaml,dynamic_cv,grid,utility,utility,none,0,0,,potential_verified_cov_coalition_game,7,,3;16;17;18,17;3;16,3;16,"{""3"": 6, ""16"": 6}","{""3"": 4472, ""16"": 4488, ""17"": 14181}",143360,39.937708565072306,10,40.0,60.0,68.0,850000,614736,614736,10.0,sgcp-density-cap,1,ns3,899,0.5,10,12,28,,,[],[],3>17:7;16>17:5,,15,27,
2026_07_29_02_32_08,000100,20,all-cluster-heads,docs\doc_workspace\SGCP\artifacts\early_from_late_checkpoint_20260719\enable_coperception_early_from_attentive.yaml,dynamic_cv,grid,utility,utility,none,0,0,,potential_verified_cov_coalition_game,7,,5;20,20;5,5,"{""5"": 6}","{""5"": 1707, ""20"": 13900}",27312,15.190211345939934,10,40.0,60.0,68.0,850000,614736,614736,10.0,sgcp-density-cap,1,ns3,899,0.5,10,12,28,,,[],[],5>20:6,,24,36,
2026_07_29_02_32_08,000102,1,all-cluster-heads,docs\doc_workspace\SGCP\artifacts\early_from_late_checkpoint_20260719\enable_coperception_early_from_attentive.yaml,dynamic_cv,grid,utility,utility,none,0,0,,potential_verified_cov_coalition_game,7,,1;2;8;11,1;8;11,8;11,"{""8"": 6, ""11"": 6}","{""1"": 13962, ""8"": 2335, ""11"": 4253}",105408,37.84649610678532,10,40.0,60.0,68.0,850000,611840,611840,10.0,sgcp-density-cap,1,ns3,899,0.5,10,12,28,,,[],[],8>1:9;11>1:0,,21,51,
2026_07_29_02_32_08,000102,10,all-cluster-heads,docs\doc_workspace\SGCP\artifacts\early_from_late_checkpoint_20260719\enable_coperception_early_from_attentive.yaml,dynamic_cv,grid,utility,utility,none,0,0,,potential_verified_cov_coalition_game,7,,9;10,10;9,9,"{""9"": 6}","{""9"": 3270, ""10"": 13984}",52320,29.09899888765295,10,40.0,60.0,68.0,850000,611840,611840,10.0,sgcp-density-cap,1,ns3,899,0.5,10,12,28,,,[],[],9>10:1,,22,38,
2026_07_29_02_32_08,000102,12,all-cluster-heads,docs\doc_workspace\SGCP\artifacts\early_from_late_checkpoint_20260719\enable_coperception_early_from_attentive.yaml,dynamic_cv,grid,utility,utility,none,0,0,,potential_verified_cov_coalition_game,7,,4;7;12,12;4;7,4;7,"{""4"": 6, ""7"": 5}","{""4"": 3544, ""7"": 4294, ""12"": 14169}",125408,38.21134593993326,10,40.0,60.0,68.0,850000,611840,611840,10.0,sgcp-density-cap,1,ns3,899,0.5,10,12,28,,,[],[],4>12:8;7>12:2,,12,48,
2026_07_29_02_32_08,000102,13,all-cluster-heads,docs\doc_workspace\SGCP\artifacts\early_from_late_checkpoint_20260719\enable_coperception_early_from_attentive.yaml,dynamic_cv,grid,utility,utility,none,0,0,,potential_verified_cov_coalition_game,7,,13;14;19,13;14,14,"{""14"": 6}","{""13"": 13542, ""14"": 5204}",83264,46.30923248053392,10,40.0,60.0,68.0,850000,611840,611840,10.0,sgcp-density-cap,1,ns3,899,0.5,10,12,28,,,[],[],14>13:3,,3,15,
2026_07_29_02_32_08,000102,15,all-cluster-heads,docs\doc_workspace\SGCP\artifacts\early_from_late_checkpoint_20260719\enable_coperception_early_from_attentive.yaml,dynamic_cv,grid,utility,utility,none,0,0,,potential_verified_cov_coalition_game,7,,6;15,15;6,6,"{""6"": 6}","{""6"": 4681, ""15"": 13594}",74896,41.6551724137931,10,40.0,60.0,68.0,850000,611840,611840,10.0,sgcp-density-cap,1,ns3,899,0.5,10,12,28,,,[],[],6>15:4,,17,28,
2026_07_29_02_32_08,000102,17,all-cluster-heads,docs\doc_workspace\SGCP\artifacts\early_from_late_checkpoint_20260719\enable_coperception_early_from_attentive.yaml,dynamic_cv,grid,utility,utility,none,0,0,,potential_verified_cov_coalition_game,7,,3;16;17;18,17;3;16,3;16,"{""3"": 6, ""16"": 6}","{""3"": 4438, ""16"": 4520, ""17"": 14188}",143328,40.222469410456064,10,40.0,60.0,68.0,850000,611840,611840,10.0,sgcp-density-cap,1,ns3,899,0.5,10,12,28,,,[],[],3>17:7;16>17:5,,15,28,
2026_07_29_02_32_08,000102,20,all-cluster-heads,docs\doc_workspace\SGCP\artifacts\early_from_late_checkpoint_20260719\enable_coperception_early_from_attentive.yaml,dynamic_cv,grid,utility,utility,none,0,0,,potential_verified_cov_coalition_game,7,,5;20,20;5,5,"{""5"": 6}","{""5"": 1701, ""20"": 13900}",27216,15.136818687430479,10,40.0,60.0,68.0,850000,611840,611840,10.0,sgcp-density-cap,1,ns3,899,0.5,10,12,28,,,[],[],5>20:6,,22,36,
2026_07_29_02_32_08,000104,1,all-cluster-heads,docs\doc_workspace\SGCP\artifacts\early_from_late_checkpoint_20260719\enable_coperception_early_from_attentive.yaml,dynamic_cv,grid,utility,utility,none,0,0,,potential_verified_cov_coalition_game,7,,1;2;8;11,1;2;11,2;11,"{""2"": 6, ""11"": 5}","{""1"": 13965, ""2"": 3028, ""11"": 3592}",105920,31.964404894327032,10,40.0,60.0,68.0,850000,613536,613536,10.0,sgcp-density-cap,1,ns3,899,0.5,10,12,28,,,[],[],2>1:9;11>1:0,,22,48,
2026_07_29_02_32_08,000104,10,all-cluster-heads,docs\doc_workspace\SGCP\artifacts\early_from_late_checkpoint_20260719\enable_coperception_early_from_attentive.yaml,dynamic_cv,grid,utility,utility,none,0,0,,potential_verified_cov_coalition_game,7,,9;10,10;9,9,"{""9"": 6}","{""9"": 3270, ""10"": 13985}",52320,29.09899888765295,10,40.0,60.0,68.0,850000,613536,613536,10.0,sgcp-density-cap,1,ns3,899,0.5,10,12,28,,,[],[],9>10:1,,22,38,
2026_07_29_02_32_08,000104,12,all-cluster-heads,docs\doc_workspace\SGCP\artifacts\early_from_late_checkpoint_20260719\enable_coperception_early_from_attentive.yaml,dynamic_cv,grid,utility,utility,none,0,0,,potential_verified_cov_coalition_game,7,,4;7;12,12;4;7,4;7,"{""4"": 6, ""7"": 5}","{""4"": 3603, ""7"": 4306, ""12"": 14167}",126544,38.318131256952164,10,40.0,60.0,68.0,850000,613536,613536,10.0,sgcp-density-cap,1,ns3,899,0.5,10,12,28,,,[],[],4>12:8;7>12:2,,14,48,
2026_07_29_02_32_08,000104,13,all-cluster-heads,docs\doc_workspace\SGCP\artifacts\early_from_late_checkpoint_20260719\enable_coperception_early_from_attentive.yaml,dynamic_cv,grid,utility,utility,none,0,0,,potential_verified_cov_coalition_game,7,,13;14;19,13;14,14,"{""14"": 6}","{""13"": 13509, ""14"": 5314}",85024,47.2880978865406,10,40.0,60.0,68.0,850000,613536,613536,10.0,sgcp-density-cap,1,ns3,899,0.5,10,12,28,,,[],[],14>13:3,,3,15,
2026_07_29_02_32_08,000104,15,all-cluster-heads,docs\doc_workspace\SGCP\artifacts\early_from_late_checkpoint_20260719\enable_coperception_early_from_attentive.yaml,dynamic_cv,grid,utility,utility,none,0,0,,potential_verified_cov_coalition_game,7,,6;15,15;6,6,"{""6"": 6}","{""6"": 4644, ""15"": 13579}",74304,41.32591768631813,10,40.0,60.0,68.0,850000,613536,613536,10.0,sgcp-density-cap,1,ns3,899,0.5,10,12,28,,,[],[],6>15:4,,17,28,
2026_07_29_02_32_08,000104,17,all-cluster-heads,docs\doc_workspace\SGCP\artifacts\early_from_late_checkpoint_20260719\enable_coperception_early_from_attentive.yaml,dynamic_cv,grid,utility,utility,none,0,0,,potential_verified_cov_coalition_game,7,,3;16;17;18,17;3;16,3;16,"{""3"": 6, ""16"": 6}","{""3"": 4389, ""16"": 4481, ""17"": 14180}",141920,39.875417130144605,10,40.0,60.0,68.0,850000,613536,613536,10.0,sgcp-density-cap,1,ns3,899,0.5,10,12,28,,,[],[],3>17:7;16>17:5,,12,28,
2026_07_29_02_32_08,000104,20,all-cluster-heads,docs\doc_workspace\SGCP\artifacts\early_from_late_checkpoint_20260719\enable_coperception_early_from_attentive.yaml,dynamic_cv,grid,utility,utility,none,0,0,,potential_verified_cov_coalition_game,7,,5;20,20;5,5,"{""5"": 6}","{""5"": 1719, ""20"": 13895}",27504,15.296996662958843,10,40.0,60.0,68.0,850000,613536,613536,10.0,sgcp-density-cap,1,ns3,899,0.5,10,12,28,,,[],[],5>20:6,,22,36,
2026_07_29_02_32_08,000106,11,all-cluster-heads,docs\doc_workspace\SGCP\artifacts\early_from_late_checkpoint_20260719\enable_coperception_early_from_attentive.yaml,dynamic_cv,grid,utility,utility,none,0,0,,potential_verified_cov_coalition_game,6,,1;2;11;19,11;1;19,1;19,"{""1"": 6, ""19"": 6}","{""1"": 3885, ""11"": 13864, ""19"": 3090}",111600,34.57174638487208,10,40.0,60.0,68.0,850000,645616,645616,10.0,sgcp-density-cap,1,ns3,899,0.5,10,12,28,,,[],[],1>11:0;19>11:9,,29,51,
2026_07_29_02_32_08,000106,12,all-cluster-heads,docs\doc_workspace\SGCP\artifacts\early_from_late_checkpoint_20260719\enable_coperception_early_from_attentive.yaml,dynamic_cv,grid,utility,utility,none,0,0,,potential_verified_cov_coalition_game,6,,4;7;8;12,12;4;7,4;7,"{""4"": 6, ""7"": 5}","{""4"": 3650, ""7"": 4315, ""12"": 14191}",127440,38.39822024471635,10,40.0,60.0,68.0,850000,645616,645616,10.0,sgcp-density-cap,1,ns3,899,0.5,10,12,28,,,[],[],4>12:8;7>12:1,,13,49,
2026_07_29_02_32_08,000106,13,all-cluster-heads,docs\doc_workspace\SGCP\artifacts\early_from_late_checkpoint_20260719\enable_coperception_early_from_attentive.yaml,dynamic_cv,grid,utility,utility,none,0,0,,potential_verified_cov_coalition_game,6,,9;10;13;14,13;10;14,10;14,"{""10"": 6, ""14"": 6}","{""10"": 4972, ""13"": 13477, ""14"": 5272}",163904,46.91434927697442,10,40.0,60.0,68.0,850000,645616,645616,10.0,sgcp-density-cap,1,ns3,899,0.5,10,12,28,,,[],[],10>13:6;14>13:2,,7,33,
2026_07_29_02_32_08,000106,15,all-cluster-heads,docs\doc_workspace\SGCP\artifacts\early_from_late_checkpoint_20260719\enable_coperception_early_from_attentive.yaml,dynamic_cv,grid,utility,utility,none,0,0,,potential_verified_cov_coalition_game,6,,6;15,15;6,6,"{""6"": 6}","{""6"": 4585, ""15"": 13589}",73360,40.80088987764183,10,40.0,60.0,68.0,850000,645616,645616,10.0,sgcp-density-cap,1,ns3,899,0.5,10,12,28,,,[],[],6>15:3,,17,28,
2026_07_29_02_32_08,000106,17,all-cluster-heads,docs\doc_workspace\SGCP\artifacts\early_from_late_checkpoint_20260719\enable_coperception_early_from_attentive.yaml,dynamic_cv,grid,utility,utility,none,0,0,,potential_verified_cov_coalition_game,6,,3;16;17;18,17;3;16,3;16,"{""3"": 6, ""16"": 6}","{""3"": 4396, ""16"": 4436, ""17"": 14174}",141312,39.47497219132369,10,40.0,60.0,68.0,850000,645616,645616,10.0,sgcp-density-cap,1,ns3,899,0.5,10,12,28,,,[],[],3>17:7;16>17:4,,13,28,
2026_07_29_02_32_08,000106,20,all-cluster-heads,docs\doc_workspace\SGCP\artifacts\early_from_late_checkpoint_20260719\enable_coperception_early_from_attentive.yaml,dynamic_cv,grid,utility,utility,none,0,0,,potential_verified_cov_coalition_game,6,,5;20,20;5,5,"{""5"": 6}","{""5"": 1750, ""20"": 13893}",28000,15.57285873192436,10,40.0,60.0,68.0,850000,645616,645616,10.0,sgcp-density-cap,1,ns3,899,0.5,10,12,28,,,[],[],5>20:5,,22,35,
2026_07_29_02_32_08,000108,11,all-cluster-heads,docs\doc_workspace\SGCP\artifacts\early_from_late_checkpoint_20260719\enable_coperception_early_from_attentive.yaml,dynamic_cv,grid,utility,utility,none,0,0,,potential_verified_cov_coalition_game,6,,1;2;11;19,11;1;19,1;19,"{""1"": 6, ""19"": 6}","{""1"": 3885, ""11"": 13866, ""19"": 3090}",111600,34.57174638487208,10,40.0,60.0,68.0,850000,644864,644864,10.0,sgcp-density-cap,1,ns3,899,0.5,10,12,28,,,[],[],1>11:0;19>11:9,,27,51,
2026_07_29_02_32_08,000108,12,all-cluster-heads,docs\doc_workspace\SGCP\artifacts\early_from_late_checkpoint_20260719\enable_coperception_early_from_attentive.yaml,dynamic_cv,grid,utility,utility,none,0,0,,potential_verified_cov_coalition_game,6,,4;7;8;12,12;4;7,4;7,"{""4"": 6, ""7"": 5}","{""4"": 3726, ""7"": 4325, ""12"": 14221}",128816,38.48720800889878,10,40.0,60.0,68.0,850000,644864,644864,10.0,sgcp-density-cap,1,ns3,899,0.5,10,12,28,,,[],[],4>12:8;7>12:1,,13,50,
2026_07_29_02_32_08,000108,13,all-cluster-heads,docs\doc_workspace\SGCP\artifacts\early_from_late_checkpoint_20260719\enable_coperception_early_from_attentive.yaml,dynamic_cv,grid,utility,utility,none,0,0,,potential_verified_cov_coalition_game,6,,9;10;13;14,13;10;14,10;14,"{""10"": 6, ""14"": 6}","{""10"": 4977, ""13"": 13485, ""14"": 5154}",162096,45.8642936596218,10,40.0,60.0,68.0,850000,644864,644864,10.0,sgcp-density-cap,1,ns3,899,0.5,10,12,28,,,[],[],10>13:6;14>13:2,,8,33,
2026_07_29_02_32_08,000108,15,all-cluster-heads,docs\doc_workspace\SGCP\artifacts\early_from_late_checkpoint_20260719\enable_coperception_early_from_attentive.yaml,dynamic_cv,grid,utility,utility,none,0,0,,potential_verified_cov_coalition_game,6,,6;15,15;6,6,"{""6"": 6}","{""6"": 4498, ""15"": 13579}",71968,40.026696329254726,10,40.0,60.0,68.0,850000,644864,644864,10.0,sgcp-density-cap,1,ns3,899,0.5,10,12,28,,,[],[],6>15:3,,17,27,
2026_07_29_02_32_08,000108,17,all-cluster-heads,docs\doc_workspace\SGCP\artifacts\early_from_late_checkpoint_20260719\enable_coperception_early_from_attentive.yaml,dynamic_cv,grid,utility,utility,none,0,0,,potential_verified_cov_coalition_game,6,,3;16;17;18,17;3;16,3;16,"{""3"": 6, ""16"": 6}","{""3"": 4436, ""16"": 4413, ""17"": 14203}",141584,39.47497219132369,10,40.0,60.0,68.0,850000,644864,644864,10.0,sgcp-density-cap,1,ns3,899,0.5,10,12,28,,,[],[],3>17:4;16>17:7,,12,28,
2026_07_29_02_32_08,000108,20,all-cluster-heads,docs\doc_workspace\SGCP\artifacts\early_from_late_checkpoint_20260719\enable_coperception_early_from_attentive.yaml,dynamic_cv,grid,utility,utility,none,0,0,,potential_verified_cov_coalition_game,6,,5;20,20;5,5,"{""5"": 6}","{""5"": 1800, ""20"": 13890}",28800,16.017797552836484,10,40.0,60.0,68.0,850000,644864,644864,10.0,sgcp-density-cap,1,ns3,899,0.5,10,12,28,,,[],[],5>20:5,,20,35,
2026_07_29_02_32_08,000110,1,all-cluster-heads,docs\doc_workspace\SGCP\artifacts\early_from_late_checkpoint_20260719\enable_coperception_early_from_attentive.yaml,dynamic_cv,grid,utility,utility,none,0,0,,potential_verified_cov_coalition_game,7,,1;2;8;11,1;11,11,"{""11"": 6}","{""1"": 13963, ""11"": 4251}",68016,37.82869855394883,10,40.0,60.0,68.0,850000,617712,617712,10.0,sgcp-density-cap,1,ns3,899,0.5,10,12,28,,,[],[],11>1:0,,21,47,
2026_07_29_02_32_08,000110,10,all-cluster-heads,docs\doc_workspace\SGCP\artifacts\early_from_late_checkpoint_20260719\enable_coperception_early_from_attentive.yaml,dynamic_cv,grid,utility,utility,none,0,0,,potential_verified_cov_coalition_game,7,,9;10,10;9,9,"{""9"": 6}","{""9"": 3270, ""10"": 13981}",52320,29.09899888765295,10,40.0,60.0,68.0,850000,617712,617712,10.0,sgcp-density-cap,1,ns3,899,0.5,10,12,28,,,[],[],9>10:1,,20,38,
2026_07_29_02_32_08,000110,12,all-cluster-heads,docs\doc_workspace\SGCP\artifacts\early_from_late_checkpoint_20260719\enable_coperception_early_from_attentive.yaml,dynamic_cv,grid,utility,utility,none,0,0,,potential_verified_cov_coalition_game,7,,4;7;12,12;4;7,4;7,"{""4"": 6, ""7"": 5}","{""4"": 3785, ""7"": 4347, ""12"": 14224}",130112,38.682981090100114,10,40.0,60.0,68.0,850000,617712,617712,10.0,sgcp-density-cap,1,ns3,899,0.5,10,12,28,,,[],[],4>12:8;7>12:2,,12,49,
2026_07_29_02_32_08,000110,13,all-cluster-heads,docs\doc_workspace\SGCP\artifacts\early_from_late_checkpoint_20260719\enable_coperception_early_from_attentive.yaml,dynamic_cv,grid,utility,utility,none,0,0,,potential_verified_cov_coalition_game,7,,13;14;19,13;14;19,14;19,"{""14"": 6, ""19"": 6}","{""13"": 13465, ""14"": 5181, ""19"": 2607}",124608,46.10456062291435,10,40.0,60.0,68.0,850000,617712,617712,10.0,sgcp-density-cap,1,ns3,899,0.5,10,12,28,,,[],[],14>13:3;19>13:9,,2,26,
2026_07_29_02_32_08,000110,15,all-cluster-heads,docs\doc_workspace\SGCP\artifacts\early_from_late_checkpoint_20260719\enable_coperception_early_from_attentive.yaml,dynamic_cv,grid,utility,utility,none,0,0,,potential_verified_cov_coalition_game,7,,6;15,15;6,6,"{""6"": 6}","{""6"": 4458, ""15"": 13612}",71328,39.67074527252503,10,40.0,60.0,68.0,850000,617712,617712,10.0,sgcp-density-cap,1,ns3,899,0.5,10,12,28,,,[],[],6>15:4,,17,27,
2026_07_29_02_32_08,000110,17,all-cluster-heads,docs\doc_workspace\SGCP\artifacts\early_from_late_checkpoint_20260719\enable_coperception_early_from_attentive.yaml,dynamic_cv,grid,utility,utility,none,0,0,,potential_verified_cov_coalition_game,7,,3;16;17;18,17;3;16,3;16,"{""3"": 6, ""16"": 6}","{""3"": 4469, ""16"": 4387, ""17"": 14197}",141696,39.768631813125694,10,40.0,60.0,68.0,850000,617712,617712,10.0,sgcp-density-cap,1,ns3,899,0.5,10,12,28,,,[],[],3>17:5;16>17:7,,10,26,
2026_07_29_02_32_08,000110,20,all-cluster-heads,docs\doc_workspace\SGCP\artifacts\early_from_late_checkpoint_20260719\enable_coperception_early_from_attentive.yaml,dynamic_cv,grid,utility,utility,none,0,0,,potential_verified_cov_coalition_game,7,,5;20,20;5,5,"{""5"": 6}","{""5"": 1852, ""20"": 13887}",29632,16.480533926585096,10,40.0,60.0,68.0,850000,617712,617712,10.0,sgcp-density-cap,1,ns3,899,0.5,10,12,28,,,[],[],5>20:6,,20,34,
2026_07_29_02_32_08,000112,1,all-cluster-heads,docs\doc_workspace\SGCP\artifacts\early_from_late_checkpoint_20260719\enable_coperception_early_from_attentive.yaml,dynamic_cv,grid,utility,utility,none,0,0,,potential_verified_cov_coalition_game,7,,1;2;8;11,1;11,11,"{""11"": 6}","{""1"": 13966, ""11"": 4251}",68016,37.82869855394883,10,40.0,60.0,68.0,850000,621680,621680,10.0,sgcp-density-cap,1,ns3,899,0.5,10,12,28,,,[],[],11>1:0,,21,47,
2026_07_29_02_32_08,000112,10,all-cluster-heads,docs\doc_workspace\SGCP\artifacts\early_from_late_checkpoint_20260719\enable_coperception_early_from_attentive.yaml,dynamic_cv,grid,utility,utility,none,0,0,,potential_verified_cov_coalition_game,7,,9;10,10;9,9,"{""9"": 6}","{""9"": 3270, ""10"": 13981}",52320,29.09899888765295,10,40.0,60.0,68.0,850000,621680,621680,10.0,sgcp-density-cap,1,ns3,899,0.5,10,12,28,,,[],[],9>10:1,,21,38,
2026_07_29_02_32_08,000112,12,all-cluster-heads,docs\doc_workspace\SGCP\artifacts\early_from_late_checkpoint_20260719\enable_coperception_early_from_attentive.yaml,dynamic_cv,grid,utility,utility,none,0,0,,potential_verified_cov_coalition_game,7,,4;7;12,12;4;7,4;7,"{""4"": 6, ""7"": 5}","{""4"": 3854, ""7"": 4356, ""12"": 14224}",131360,38.76307007786429,10,40.0,60.0,68.0,850000,621680,621680,10.0,sgcp-density-cap,1,ns3,899,0.5,10,12,28,,,[],[],4>12:8;7>12:2,,13,49,
2026_07_29_02_32_08,000112,13,all-cluster-heads,docs\doc_workspace\SGCP\artifacts\early_from_late_checkpoint_20260719\enable_coperception_early_from_attentive.yaml,dynamic_cv,grid,utility,utility,none,0,0,,potential_verified_cov_coalition_game,7,,13;14;19,13;14;19,14;19,"{""14"": 6, ""19"": 6}","{""13"": 13451, ""14"": 5272, ""19"": 2666}",127008,46.91434927697442,10,40.0,60.0,68.0,850000,621680,621680,10.0,sgcp-density-cap,1,ns3,899,0.5,10,12,28,,,[],[],14>13:3;19>13:9,,2,26,
2026_07_29_02_32_08,000112,15,all-cluster-heads,docs\doc_workspace\SGCP\artifacts\early_from_late_checkpoint_20260719\enable_coperception_early_from_attentive.yaml,dynamic_cv,grid,utility,utility,none,0,0,,potential_verified_cov_coalition_game,7,,6;15,15;6,6,"{""6"": 6}","{""6"": 4395, ""15"": 13611}",70320,39.11012235817575,10,40.0,60.0,68.0,850000,621680,621680,10.0,sgcp-density-cap,1,ns3,899,0.5,10,12,28,,,[],[],6>15:4,,19,27,
2026_07_29_02_32_08,000112,17,all-cluster-heads,docs\doc_workspace\SGCP\artifacts\early_from_late_checkpoint_20260719\enable_coperception_early_from_attentive.yaml,dynamic_cv,grid,utility,utility,none,0,0,,potential_verified_cov_coalition_game,7,,3;16;17;18,17;3;16,3;16,"{""3"": 6, ""16"": 6}","{""3"": 4526, ""16"": 4371, ""17"": 14206}",142352,40.275862068965516,10,40.0,60.0,68.0,850000,621680,621680,10.0,sgcp-density-cap,1,ns3,899,0.5,10,12,28,,,[],[],3>17:5;16>17:7,,11,26,
2026_07_29_02_32_08,000112,20,all-cluster-heads,docs\doc_workspace\SGCP\artifacts\early_from_late_checkpoint_20260719\enable_coperception_early_from_attentive.yaml,dynamic_cv,grid,utility,utility,none,0,0,,potential_verified_cov_coalition_game,7,,5;20,20;5,5,"{""5"": 6}","{""5"": 1894, ""20"": 13886}",30304,16.854282536151278,10,40.0,60.0,68.0,850000,621680,621680,10.0,sgcp-density-cap,1,ns3,899,0.5,10,12,28,,,[],[],5>20:6,,20,34,
2026_07_29_02_32_08,000114,1,all-cluster-heads,docs\doc_workspace\SGCP\artifacts\early_from_late_checkpoint_20260719\enable_coperception_early_from_attentive.yaml,dynamic_cv,grid,utility,utility,none,0,0,,potential_verified_cov_coalition_game,7,,1;2;8;11,1;11,11,"{""11"": 6}","{""1"": 13967, ""11"": 4251}",68016,37.82869855394883,10,40.0,60.0,68.0,850000,627808,627808,10.0,sgcp-density-cap,1,ns3,899,0.5,10,12,28,,,[],[],11>1:0,,25,47,
2026_07_29_02_32_08,000114,10,all-cluster-heads,docs\doc_workspace\SGCP\artifacts\early_from_late_checkpoint_20260719\enable_coperception_early_from_attentive.yaml,dynamic_cv,grid,utility,utility,none,0,0,,potential_verified_cov_coalition_game,7,,9;10,10;9,9,"{""9"": 6}","{""9"": 3270, ""10"": 13979}",52320,29.09899888765295,10,40.0,60.0,68.0,850000,627808,627808,10.0,sgcp-density-cap,1,ns3,899,0.5,10,12,28,,,[],[],9>10:1,,23,38,
2026_07_29_02_32_08,000114,12,all-cluster-heads,docs\doc_workspace\SGCP\artifacts\early_from_late_checkpoint_20260719\enable_coperception_early_from_attentive.yaml,dynamic_cv,grid,utility,utility,none,0,0,,potential_verified_cov_coalition_game,7,,4;7;12,12;4;7,4;7,"{""4"": 6, ""7"": 5}","{""4"": 3977, ""7"": 4367, ""12"": 14210}",133504,38.86095661846496,10,40.0,60.0,68.0,850000,627808,627808,10.0,sgcp-density-cap,1,ns3,899,0.5,10,12,28,,,[],[],4>12:8;7>12:2,,14,48,
2026_07_29_02_32_08,000114,13,all-cluster-heads,docs\doc_workspace\SGCP\artifacts\early_from_late_checkpoint_20260719\enable_coperception_early_from_attentive.yaml,dynamic_cv,grid,utility,utility,none,0,0,,potential_verified_cov_coalition_game,7,,13;14;19,13;14;19,14;19,"{""14"": 6, ""19"": 6}","{""13"": 13423, ""14"": 5363, ""19"": 2711}",129184,47.724137931034484,10,40.0,60.0,68.0,850000,627808,627808,10.0,sgcp-density-cap,1,ns3,899,0.5,10,12,28,,,[],[],14>13:3;19>13:9,,2,25,
2026_07_29_02_32_08,000114,15,all-cluster-heads,docs\doc_workspace\SGCP\artifacts\early_from_late_checkpoint_20260719\enable_coperception_early_from_attentive.yaml,dynamic_cv,grid,utility,utility,none,0,0,,potential_verified_cov_coalition_game,7,,6;15,15;6,6,"{""6"": 6}","{""6"": 4407, ""15"": 13613}",70512,39.21690767519466,10,40.0,60.0,68.0,850000,627808,627808,10.0,sgcp-density-cap,1,ns3,899,0.5,10,12,28,,,[],[],6>15:4,,18,27,
2026_07_29_02_32_08,000114,17,all-cluster-heads,docs\doc_workspace\SGCP\artifacts\early_from_late_checkpoint_20260719\enable_coperception_early_from_attentive.yaml,dynamic_cv,grid,utility,utility,none,0,0,,potential_verified_cov_coalition_game,7,,3;16;17;18,17;3;16,3;16,"{""3"": 6, ""16"": 6}","{""3"": 4595, ""16"": 4364, ""17"": 14215}",143344,40.88987764182425,10,40.0,60.0,68.0,850000,627808,627808,10.0,sgcp-density-cap,1,ns3,899,0.5,10,12,28,,,[],[],3>17:5;16>17:7,,12,24,
2026_07_29_02_32_08,000114,20,all-cluster-heads,docs\doc_workspace\SGCP\artifacts\early_from_late_checkpoint_20260719\enable_coperception_early_from_attentive.yaml,dynamic_cv,grid,utility,utility,none,0,0,,potential_verified_cov_coalition_game,7,,5;20,20;5,5,"{""5"": 6}","{""5"": 1933, ""20"": 13882}",30928,17.201334816462737,10,40.0,60.0,68.0,850000,627808,627808,10.0,sgcp-density-cap,1,ns3,899,0.5,10,12,28,,,[],[],5>20:6,,21,34,
2026_07_29_02_32_08,000116,1,all-cluster-heads,docs\doc_workspace\SGCP\artifacts\early_from_late_checkpoint_20260719\enable_coperception_early_from_attentive.yaml,dynamic_cv,grid,utility,utility,none,0,0,,potential_verified_cov_coalition_game,7,,1;2;8;11,1;11,11,"{""11"": 6}","{""1"": 13967, ""11"": 4251}",68016,37.82869855394883,10,40.0,60.0,68.0,850000,631776,631776,10.0,sgcp-density-cap,1,ns3,899,0.5,10,12,28,,,[],[],11>1:0,,23,47,
2026_07_29_02_32_08,000116,10,all-cluster-heads,docs\doc_workspace\SGCP\artifacts\early_from_late_checkpoint_20260719\enable_coperception_early_from_attentive.yaml,dynamic_cv,grid,utility,utility,none,0,0,,potential_verified_cov_coalition_game,7,,9;10,10;9,9,"{""9"": 6}","{""9"": 3270, ""10"": 13979}",52320,29.09899888765295,10,40.0,60.0,68.0,850000,631776,631776,10.0,sgcp-density-cap,1,ns3,899,0.5,10,12,28,,,[],[],9>10:1,,23,37,
2026_07_29_02_32_08,000116,12,all-cluster-heads,docs\doc_workspace\SGCP\artifacts\early_from_late_checkpoint_20260719\enable_coperception_early_from_attentive.yaml,dynamic_cv,grid,utility,utility,none,0,0,,potential_verified_cov_coalition_game,7,,4;7;12,12;4;7,4;7,"{""4"": 6, ""7"": 6}","{""4"": 3481, ""7"": 4965, ""12"": 14231}",135136,44.18242491657397,10,40.0,60.0,68.0,850000,631776,631776,10.0,sgcp-density-cap,1,ns3,899,0.5,10,12,28,,,[],[],4>12:8;7>12:2,,13,48,
2026_07_29_02_32_08,000116,13,all-cluster-heads,docs\doc_workspace\SGCP\artifacts\early_from_late_checkpoint_20260719\enable_coperception_early_from_attentive.yaml,dynamic_cv,grid,utility,utility,none,0,0,,potential_verified_cov_coalition_game,7,,13;14;19,13;14;19,14;19,"{""14"": 6, ""19"": 6}","{""13"": 13407, ""14"": 5393, ""19"": 2750}",130288,47.99110122358176,10,40.0,60.0,68.0,850000,631776,631776,10.0,sgcp-density-cap,1,ns3,899,0.5,10,12,28,,,[],[],14>13:3;19>13:9,,2,25,
2026_07_29_02_32_08,000116,15,all-cluster-heads,docs\doc_workspace\SGCP\artifacts\early_from_late_checkpoint_20260719\enable_coperception_early_from_attentive.yaml,dynamic_cv,grid,utility,utility,none,0,0,,potential_verified_cov_coalition_game,7,,6;15,15;6,6,"{""6"": 6}","{""6"": 4458, ""15"": 13632}",71328,39.67074527252503,10,40.0,60.0,68.0,850000,631776,631776,10.0,sgcp-density-cap,1,ns3,899,0.5,10,12,28,,,[],[],6>15:4,,18,28,
2026_07_29_02_32_08,000116,17,all-cluster-heads,docs\doc_workspace\SGCP\artifacts\early_from_late_checkpoint_20260719\enable_coperception_early_from_attentive.yaml,dynamic_cv,grid,utility,utility,none,0,0,,potential_verified_cov_coalition_game,7,,3;16;17;18,17;3;16,3;16,"{""3"": 6, ""16"": 6}","{""3"": 4634, ""16"": 4330, ""17"": 14228}",143424,41.23692992213571,10,40.0,60.0,68.0,850000,631776,631776,10.0,sgcp-density-cap,1,ns3,899,0.5,10,12,28,,,[],[],3>17:5;16>17:7,,11,23,
2026_07_29_02_32_08,000116,20,all-cluster-heads,docs\doc_workspace\SGCP\artifacts\early_from_late_checkpoint_20260719\enable_coperception_early_from_attentive.yaml,dynamic_cv,grid,utility,utility,none,0,0,,potential_verified_cov_coalition_game,7,,5;20,20;5,5,"{""5"": 6}","{""5"": 1954, ""20"": 13882}",31264,17.38820912124583,10,40.0,60.0,68.0,850000,631776,631776,10.0,sgcp-density-cap,1,ns3,899,0.5,10,12,28,,,[],[],5>20:6,,19,33,
2026_07_29_02_32_08,000118,1,all-cluster-heads,docs\doc_workspace\SGCP\artifacts\early_from_late_checkpoint_20260719\enable_coperception_early_from_attentive.yaml,dynamic_cv,grid,utility,utility,none,0,0,,potential_verified_cov_coalition_game,7,,1;2;8;11,1;11,11,"{""11"": 6}","{""1"": 13967, ""11"": 4251}",68016,37.82869855394883,10,40.0,60.0,68.0,850000,632992,632992,10.0,sgcp-density-cap,1,ns3,899,0.5,10,12,28,,,[],[],11>1:0,,24,46,
2026_07_29_02_32_08,000118,10,all-cluster-heads,docs\doc_workspace\SGCP\artifacts\early_from_late_checkpoint_20260719\enable_coperception_early_from_attentive.yaml,dynamic_cv,grid,utility,utility,none,0,0,,potential_verified_cov_coalition_game,7,,9;10,10;9,9,"{""9"": 6}","{""9"": 3270, ""10"": 13979}",52320,29.09899888765295,10,40.0,60.0,68.0,850000,632992,632992,10.0,sgcp-density-cap,1,ns3,899,0.5,10,12,28,,,[],[],9>10:1,,25,37,
2026_07_29_02_32_08,000118,12,all-cluster-heads,docs\doc_workspace\SGCP\artifacts\early_from_late_checkpoint_20260719\enable_coperception_early_from_attentive.yaml,dynamic_cv,grid,utility,utility,none,0,0,,potential_verified_cov_coalition_game,7,,4;7;12,12;4;7,4;7,"{""4"": 6, ""7"": 6}","{""4"": 3533, ""7"": 4963, ""12"": 14223}",135936,44.16462736373749,10,40.0,60.0,68.0,850000,632992,632992,10.0,sgcp-density-cap,1,ns3,899,0.5,10,12,28,,,[],[],4>12:8;7>12:2,,12,50,
2026_07_29_02_32_08,000118,13,all-cluster-heads,docs\doc_workspace\SGCP\artifacts\early_from_late_checkpoint_20260719\enable_coperception_early_from_attentive.yaml,dynamic_cv,grid,utility,utility,none,0,0,,potential_verified_cov_coalition_game,7,,13;14;19,13;14;19,14;19,"{""14"": 6, ""19"": 6}","{""13"": 13365, ""14"": 5352, ""19"": 2780}",130112,47.62625139043382,10,40.0,60.0,68.0,850000,632992,632992,10.0,sgcp-density-cap,1,ns3,899,0.5,10,12,28,,,[],[],14>13:3;19>13:9,,2,25,
2026_07_29_02_32_08,000118,15,all-cluster-heads,docs\doc_workspace\SGCP\artifacts\early_from_late_checkpoint_20260719\enable_coperception_early_from_attentive.yaml,dynamic_cv,grid,utility,utility,none,0,0,,potential_verified_cov_coalition_game,7,,6;15,15;6,6,"{""6"": 6}","{""6"": 4515, ""15"": 13659}",72240,40.17797552836485,10,40.0,60.0,68.0,850000,632992,632992,10.0,sgcp-density-cap,1,ns3,899,0.5,10,12,28,,,[],[],6>15:4,,19,28,
2026_07_29_02_32_08,000118,17,all-cluster-heads,docs\doc_workspace\SGCP\artifacts\early_from_late_checkpoint_20260719\enable_coperception_early_from_attentive.yaml,dynamic_cv,grid,utility,utility,none,0,0,,potential_verified_cov_coalition_game,7,,3;16;17;18,17;3;16,3;16,"{""3"": 6, ""16"": 6}","{""3"": 4724, ""16"": 4302, ""17"": 14236}",144416,42.03781979977753,10,40.0,60.0,68.0,850000,632992,632992,10.0,sgcp-density-cap,1,ns3,899,0.5,10,12,28,,,[],[],3>17:5;16>17:7,,11,24,
2026_07_29_02_32_08,000118,20,all-cluster-heads,docs\doc_workspace\SGCP\artifacts\early_from_late_checkpoint_20260719\enable_coperception_early_from_attentive.yaml,dynamic_cv,grid,utility,utility,none,0,0,,potential_verified_cov_coalition_game,7,,5;20,20;5,5,"{""5"": 6}","{""5"": 1872, ""20"": 13879}",29952,16.658509454949943,10,40.0,60.0,68.0,850000,632992,632992,10.0,sgcp-density-cap,1,ns3,899,0.5,10,12,28,,,[],[],5>20:6,,20,33,
2026_07_29_02_32_08,000120,1,all-cluster-heads,docs\doc_workspace\SGCP\artifacts\early_from_late_checkpoint_20260719\enable_coperception_early_from_attentive.yaml,dynamic_cv,grid,utility,utility,none,0,0,,potential_verified_cov_coalition_game,7,,1;2;8;11,1;11,11,"{""11"": 6}","{""1"": 13970, ""11"": 4251}",68016,37.82869855394883,10,40.0,60.0,68.0,850000,633904,633904,10.0,sgcp-density-cap,1,ns3,899,0.5,10,12,28,,,[],[],11>1:0,,22,46,
2026_07_29_02_32_08,000120,10,all-cluster-heads,docs\doc_workspace\SGCP\artifacts\early_from_late_checkpoint_20260719\enable_coperception_early_from_attentive.yaml,dynamic_cv,grid,utility,utility,none,0,0,,potential_verified_cov_coalition_game,7,,9;10,10;9,9,"{""9"": 6}","{""9"": 3270, ""10"": 13976}",52320,29.09899888765295,10,40.0,60.0,68.0,850000,633904,633904,10.0,sgcp-density-cap,1,ns3,899,0.5,10,12,28,,,[],[],9>10:1,,23,37,
2026_07_29_02_32_08,000120,12,all-cluster-heads,docs\doc_workspace\SGCP\artifacts\early_from_late_checkpoint_20260719\enable_coperception_early_from_attentive.yaml,dynamic_cv,grid,utility,utility,none,0,0,,potential_verified_cov_coalition_game,7,,4;7;12,12;4;7,4;7,"{""4"": 6, ""7"": 6}","{""4"": 3600, ""7"": 4952, ""12"": 14223}",136832,44.06674082313682,10,40.0,60.0,68.0,850000,633904,633904,10.0,sgcp-density-cap,1,ns3,899,0.5,10,12,28,,,[],[],4>12:8;7>12:2,,12,50,
2026_07_29_02_32_08,000120,13,all-cluster-heads,docs\doc_workspace\SGCP\artifacts\early_from_late_checkpoint_20260719\enable_coperception_early_from_attentive.yaml,dynamic_cv,grid,utility,utility,none,0,0,,potential_verified_cov_coalition_game,7,,13;14;19,13;14;19,14;19,"{""14"": 6, ""19"": 6}","{""13"": 13367, ""14"": 5328, ""19"": 2809}",130192,47.41268075639599,10,40.0,60.0,68.0,850000,633904,633904,10.0,sgcp-density-cap,1,ns3,899,0.5,10,12,28,,,[],[],14>13:3;19>13:9,,2,25,
2026_07_29_02_32_08,000120,15,all-cluster-heads,docs\doc_workspace\SGCP\artifacts\early_from_late_checkpoint_20260719\enable_coperception_early_from_attentive.yaml,dynamic_cv,grid,utility,utility,none,0,0,,potential_verified_cov_coalition_game,7,,6;15,15;6,6,"{""6"": 6}","{""6"": 4550, ""15"": 13667}",72800,40.48943270300334,10,40.0,60.0,68.0,850000,633904,633904,10.0,sgcp-density-cap,1,ns3,899,0.5,10,12,28,,,[],[],6>15:4,,18,28,
2026_07_29_02_32_08,000120,17,all-cluster-heads,docs\doc_workspace\SGCP\artifacts\early_from_late_checkpoint_20260719\enable_coperception_early_from_attentive.yaml,dynamic_cv,grid,utility,utility,none,0,0,,potential_verified_cov_coalition_game,7,,3;16;17;18,17;3;16,3;16,"{""3"": 6, ""16"": 6}","{""3"": 4775, ""16"": 4276, ""17"": 14265}",144816,42.4916573971079,10,40.0,60.0,68.0,850000,633904,633904,10.0,sgcp-density-cap,1,ns3,899,0.5,10,12,28,,,[],[],3>17:5;16>17:7,,9,23,
2026_07_29_02_32_08,000120,20,all-cluster-heads,docs\doc_workspace\SGCP\artifacts\early_from_late_checkpoint_20260719\enable_coperception_early_from_attentive.yaml,dynamic_cv,grid,utility,utility,none,0,0,,potential_verified_cov_coalition_game,7,,5;20,20;5,5,"{""5"": 6}","{""5"": 1808, ""20"": 13881}",28928,16.088987764182423,10,40.0,60.0,68.0,850000,633904,633904,10.0,sgcp-density-cap,1,ns3,899,0.5,10,12,28,,,[],[],5>20:6,,21,33,
2026_07_29_02_32_08,000122,1,all-cluster-heads,docs\doc_workspace\SGCP\artifacts\early_from_late_checkpoint_20260719\enable_coperception_early_from_attentive.yaml,dynamic_cv,grid,utility,utility,none,0,0,,potential_verified_cov_coalition_game,7,,1;2;8;11,1;11,11,"{""11"": 6}","{""1"": 13965, ""11"": 4251}",68016,37.82869855394883,10,40.0,60.0,68.0,850000,635728,635728,10.0,sgcp-density-cap,1,ns3,899,0.5,10,12,28,,,[],[],11>1:0,,22,45,
2026_07_29_02_32_08,000122,10,all-cluster-heads,docs\doc_workspace\SGCP\artifacts\early_from_late_checkpoint_20260719\enable_coperception_early_from_attentive.yaml,dynamic_cv,grid,utility,utility,none,0,0,,potential_verified_cov_coalition_game,7,,9;10,10;9,9,"{""9"": 6}","{""9"": 3269, ""10"": 13976}",52304,29.090100111234705,10,40.0,60.0,68.0,850000,635728,635728,10.0,sgcp-density-cap,1,ns3,899,0.5,10,12,28,,,[],[],9>10:1,,24,38,
2026_07_29_02_32_08,000122,12,all-cluster-heads,docs\doc_workspace\SGCP\artifacts\early_from_late_checkpoint_20260719\enable_coperception_early_from_attentive.yaml,dynamic_cv,grid,utility,utility,none,0,0,,potential_verified_cov_coalition_game,7,,4;7;12,12;4;7,4;7,"{""4"": 6, ""7"": 6}","{""4"": 3656, ""7"": 4951, ""12"": 14209}",137712,44.05784204671858,10,40.0,60.0,68.0,850000,635728,635728,10.0,sgcp-density-cap,1,ns3,899,0.5,10,12,28,,,[],[],4>12:8;7>12:2,,13,50,
2026_07_29_02_32_08,000122,13,all-cluster-heads,docs\doc_workspace\SGCP\artifacts\early_from_late_checkpoint_20260719\enable_coperception_early_from_attentive.yaml,dynamic_cv,grid,utility,utility,none,0,0,,potential_verified_cov_coalition_game,7,,13;14;19,13;14;19,14;19,"{""14"": 6, ""19"": 6}","{""13"": 13373, ""14"": 5139, ""19"": 2832}",127536,45.730812013348164,10,40.0,60.0,68.0,850000,635728,635728,10.0,sgcp-density-cap,1,ns3,899,0.5,10,12,28,,,[],[],14>13:3;19>13:9,,1,25,
2026_07_29_02_32_08,000122,15,all-cluster-heads,docs\doc_workspace\SGCP\artifacts\early_from_late_checkpoint_20260719\enable_coperception_early_from_attentive.yaml,dynamic_cv,grid,utility,utility,none,0,0,,potential_verified_cov_coalition_game,7,,6;15,15;6,6,"{""6"": 6}","{""6"": 4581, ""15"": 13668}",73296,40.765294771968854,10,40.0,60.0,68.0,850000,635728,635728,10.0,sgcp-density-cap,1,ns3,899,0.5,10,12,28,,,[],[],6>15:4,,18,29,
2026_07_29_02_32_08,000122,17,all-cluster-heads,docs\doc_workspace\SGCP\artifacts\early_from_late_checkpoint_20260719\enable_coperception_early_from_attentive.yaml,dynamic_cv,grid,utility,utility,none,0,0,,potential_verified_cov_coalition_game,7,,3;16;17;18,17;3;16,3;16,"{""3"": 6, ""16"": 6}","{""3"": 4847, ""16"": 4410, ""17"": 14263}",148112,43.13236929922136,10,40.0,60.0,68.0,850000,635728,635728,10.0,sgcp-density-cap,1,ns3,899,0.5,10,12,28,,,[],[],3>17:5;16>17:7,,9,23,
2026_07_29_02_32_08,000122,20,all-cluster-heads,docs\doc_workspace\SGCP\artifacts\early_from_late_checkpoint_20260719\enable_coperception_early_from_attentive.yaml,dynamic_cv,grid,utility,utility,none,0,0,,potential_verified_cov_coalition_game,7,,5;20,20;5,5,"{""5"": 6}","{""5"": 1797, ""20"": 13882}",28752,15.991101223581758,10,40.0,60.0,68.0,850000,635728,635728,10.0,sgcp-density-cap,1,ns3,899,0.5,10,12,28,,,[],[],5>20:6,,21,33,
2026_07_29_02_32_08,000124,1,all-cluster-heads,docs\doc_workspace\SGCP\artifacts\early_from_late_checkpoint_20260719\enable_coperception_early_from_attentive.yaml,dynamic_cv,grid,utility,utility,none,0,0,,potential_verified_cov_coalition_game,7,,1;2;8;11,1;11,11,"{""11"": 6}","{""1"": 13963, ""11"": 4251}",68016,37.82869855394883,10,40.0,60.0,68.0,850000,633776,633776,10.0,sgcp-density-cap,1,ns3,899,0.5,10,12,28,,,[],[],11>1:0,,22,44,
2026_07_29_02_32_08,000124,10,all-cluster-heads,docs\doc_workspace\SGCP\artifacts\early_from_late_checkpoint_20260719\enable_coperception_early_from_attentive.yaml,dynamic_cv,grid,utility,utility,none,0,0,,potential_verified_cov_coalition_game,7,,9;10,10;9,9,"{""9"": 6}","{""9"": 3267, ""10"": 13972}",52272,29.07230255839822,10,40.0,60.0,68.0,850000,633776,633776,10.0,sgcp-density-cap,1,ns3,899,0.5,10,12,28,,,[],[],9>10:1,,22,37,
2026_07_29_02_32_08,000124,12,all-cluster-heads,docs\doc_workspace\SGCP\artifacts\early_from_late_checkpoint_20260719\enable_coperception_early_from_attentive.yaml,dynamic_cv,grid,utility,utility,none,0,0,,potential_verified_cov_coalition_game,7,,4;7;12,12;4;7,4;7,"{""4"": 6, ""7"": 6}","{""4"": 3724, ""7"": 4953, ""12"": 14179}",138832,44.07563959955506,10,40.0,60.0,68.0,850000,633776,633776,10.0,sgcp-density-cap,1,ns3,899,0.5,10,12,28,,,[],[],4>12:8;7>12:2,,12,50,
2026_07_29_02_32_08,000124,13,all-cluster-heads,docs\doc_workspace\SGCP\artifacts\early_from_late_checkpoint_20260719\enable_coperception_early_from_attentive.yaml,dynamic_cv,grid,utility,utility,none,0,0,,potential_verified_cov_coalition_game,7,,13;14;19,13;14;19,14;19,"{""14"": 6, ""19"": 6}","{""13"": 13342, ""14"": 4924, ""19"": 2830}",124064,43.81757508342603,10,40.0,60.0,68.0,850000,633776,633776,10.0,sgcp-density-cap,1,ns3,899,0.5,10,12,28,,,[],[],14>13:3;19>13:9,,1,24,
2026_07_29_02_32_08,000124,15,all-cluster-heads,docs\doc_workspace\SGCP\artifacts\early_from_late_checkpoint_20260719\enable_coperception_early_from_attentive.yaml,dynamic_cv,grid,utility,utility,none,0,0,,potential_verified_cov_coalition_game,7,,6;15,15;6,6,"{""6"": 6}","{""6"": 4576, ""15"": 13675}",73216,40.720800889877644,10,40.0,60.0,68.0,850000,633776,633776,10.0,sgcp-density-cap,1,ns3,899,0.5,10,12,28,,,[],[],6>15:4,,19,30,
2026_07_29_02_32_08,000124,17,all-cluster-heads,docs\doc_workspace\SGCP\artifacts\early_from_late_checkpoint_20260719\enable_coperception_early_from_attentive.yaml,dynamic_cv,grid,utility,utility,none,0,0,,potential_verified_cov_coalition_game,7,,3;16;17;18,17;3;16,3;16,"{""3"": 6, ""16"": 6}","{""3"": 4983, ""16"": 4283, ""17"": 14254}",148256,44.34260289210234,10,40.0,60.0,68.0,850000,633776,633776,10.0,sgcp-density-cap,1,ns3,899,0.5,10,12,28,,,[],[],3>17:5;16>17:7,,9,24,
2026_07_29_02_32_08,000124,20,all-cluster-heads,docs\doc_workspace\SGCP\artifacts\early_from_late_checkpoint_20260719\enable_coperception_early_from_attentive.yaml,dynamic_cv,grid,utility,utility,none,0,0,,potential_verified_cov_coalition_game,7,,5;20,20;5,5,"{""5"": 6}","{""5"": 1820, ""20"": 13887}",29120,16.195773081201335,10,40.0,60.0,68.0,850000,633776,633776,10.0,sgcp-density-cap,1,ns3,899,0.5,10,12,28,,,[],[],5>20:6,,20,33,
2026_07_29_02_32_08,000126,1,all-cluster-heads,docs\doc_workspace\SGCP\artifacts\early_from_late_checkpoint_20260719\enable_coperception_early_from_attentive.yaml,dynamic_cv,grid,utility,utility,none,0,0,,potential_verified_cov_coalition_game,7,,1;2;8;11,1;11,11,"{""11"": 6}","{""1"": 13963, ""11"": 4251}",68016,37.82869855394883,10,40.0,60.0,68.0,850000,630176,630176,10.0,sgcp-density-cap,1,ns3,899,0.5,10,12,28,,,[],[],11>1:0,,21,44,
2026_07_29_02_32_08,000126,10,all-cluster-heads,docs\doc_workspace\SGCP\artifacts\early_from_late_checkpoint_20260719\enable_coperception_early_from_attentive.yaml,dynamic_cv,grid,utility,utility,none,0,0,,potential_verified_cov_coalition_game,7,,9;10,10;9,9,"{""9"": 6}","{""9"": 3263, ""10"": 13972}",52208,29.036707452725253,10,40.0,60.0,68.0,850000,630176,630176,10.0,sgcp-density-cap,1,ns3,899,0.5,10,12,28,,,[],[],9>10:1,,23,37,
2026_07_29_02_32_08,000126,12,all-cluster-heads,docs\doc_workspace\SGCP\artifacts\early_from_late_checkpoint_20260719\enable_coperception_early_from_attentive.yaml,dynamic_cv,grid,utility,utility,none,0,0,,potential_verified_cov_coalition_game,7,,4;7;12,12;4;7,4;7,"{""4"": 6, ""7"": 6}","{""4"": 3751, ""7"": 4963, ""12"": 14162}",139424,44.16462736373749,10,40.0,60.0,68.0,850000,630176,630176,10.0,sgcp-density-cap,1,ns3,899,0.5,10,12,28,,,[],[],4>12:8;7>12:2,,11,50,
2026_07_29_02_32_08,000126,13,all-cluster-heads,docs\doc_workspace\SGCP\artifacts\early_from_late_checkpoint_20260719\enable_coperception_early_from_attentive.yaml,dynamic_cv,grid,utility,utility,none,0,0,,potential_verified_cov_coalition_game,7,,13;14;19,13;14;19,14;19,"{""14"": 6, ""19"": 6}","{""13"": 13344, ""14"": 4769, ""19"": 2831}",121600,42.43826473859844,10,40.0,60.0,68.0,850000,630176,630176,10.0,sgcp-density-cap,1,ns3,899,0.5,10,12,28,,,[],[],14>13:3;19>13:9,,1,24,
2026_07_29_02_32_08,000126,15,all-cluster-heads,docs\doc_workspace\SGCP\artifacts\early_from_late_checkpoint_20260719\enable_coperception_early_from_attentive.yaml,dynamic_cv,grid,utility,utility,none,0,0,,potential_verified_cov_coalition_game,7,,6;15,15;6,6,"{""6"": 6}","{""6"": 4538, ""15"": 13678}",72608,40.38264738598443,10,40.0,60.0,68.0,850000,630176,630176,10.0,sgcp-density-cap,1,ns3,899,0.5,10,12,28,,,[],[],6>15:4,,21,31,
2026_07_29_02_32_08,000126,17,all-cluster-heads,docs\doc_workspace\SGCP\artifacts\early_from_late_checkpoint_20260719\enable_coperception_early_from_attentive.yaml,dynamic_cv,grid,utility,utility,none,0,0,,potential_verified_cov_coalition_game,7,,3;16;17;18,17;3;16,3;16,"{""3"": 6, ""16"": 6}","{""3"": 5039, ""16"": 4134, ""17"": 14251}",146768,44.840934371523915,10,40.0,60.0,68.0,850000,630176,630176,10.0,sgcp-density-cap,1,ns3,899,0.5,10,12,28,,,[],[],3>17:5;16>17:7,,10,24,
2026_07_29_02_32_08,000126,20,all-cluster-heads,docs\doc_workspace\SGCP\artifacts\early_from_late_checkpoint_20260719\enable_coperception_early_from_attentive.yaml,dynamic_cv,grid,utility,utility,none,0,0,,potential_verified_cov_coalition_game,7,,5;20,20;5,5,"{""5"": 6}","{""5"": 1847, ""20"": 13888}",29552,16.436040044493883,10,40.0,60.0,68.0,850000,630176,630176,10.0,sgcp-density-cap,1,ns3,899,0.5,10,12,28,,,[],[],5>20:6,,20,33,
2026_07_29_02_32_08,000128,1,all-cluster-heads,docs\doc_workspace\SGCP\artifacts\early_from_late_checkpoint_20260719\enable_coperception_early_from_attentive.yaml,dynamic_cv,grid,utility,utility,none,0,0,,potential_verified_cov_coalition_game,7,,1;2;8;11,1;11,11,"{""11"": 6}","{""1"": 13966, ""11"": 4251}",68016,37.82869855394883,10,40.0,60.0,68.0,850000,628832,628832,10.0,sgcp-density-cap,1,ns3,899,0.5,10,12,28,,,[],[],11>1:0,,21,45,
2026_07_29_02_32_08,000128,10,all-cluster-heads,docs\doc_workspace\SGCP\artifacts\early_from_late_checkpoint_20260719\enable_coperception_early_from_attentive.yaml,dynamic_cv,grid,utility,utility,none,0,0,,potential_verified_cov_coalition_game,7,,9;10,10;9,9,"{""9"": 6}","{""9"": 3259, ""10"": 13970}",52144,29.00111234705228,10,40.0,60.0,68.0,850000,628832,628832,10.0,sgcp-density-cap,1,ns3,899,0.5,10,12,28,,,[],[],9>10:1,,24,37,
2026_07_29_02_32_08,000128,12,all-cluster-heads,docs\doc_workspace\SGCP\artifacts\early_from_late_checkpoint_20260719\enable_coperception_early_from_attentive.yaml,dynamic_cv,grid,utility,utility,none,0,0,,potential_verified_cov_coalition_game,7,,4;7;12,12;4;7,4;7,"{""4"": 6, ""7"": 6}","{""4"": 3811, ""7"": 4947, ""12"": 14176}",140128,44.0222469410456,10,40.0,60.0,68.0,850000,628832,628832,10.0,sgcp-density-cap,1,ns3,899,0.5,10,12,28,,,[],[],4>12:8;7>12:2,,13,49,
2026_07_29_02_32_08,000128,13,all-cluster-heads,docs\doc_workspace\SGCP\artifacts\early_from_late_checkpoint_20260719\enable_coperception_early_from_attentive.yaml,dynamic_cv,grid,utility,utility,none,0,0,,potential_verified_cov_coalition_game,7,,13;14;19,13;14;19,14;19,"{""14"": 6, ""19"": 6}","{""13"": 13359, ""14"": 4811, ""19"": 2847}",122528,42.812013348164626,10,40.0,60.0,68.0,850000,628832,628832,10.0,sgcp-density-cap,1,ns3,899,0.5,10,12,28,,,[],[],14>13:3;19>13:9,,2,24,
2026_07_29_02_32_08,000128,15,all-cluster-heads,docs\doc_workspace\SGCP\artifacts\early_from_late_checkpoint_20260719\enable_coperception_early_from_attentive.yaml,dynamic_cv,grid,utility,utility,none,0,0,,potential_verified_cov_coalition_game,7,,6;15,15;6,6,"{""6"": 6}","{""6"": 4531, ""15"": 13694}",72496,40.320355951056726,10,40.0,60.0,68.0,850000,628832,628832,10.0,sgcp-density-cap,1,ns3,899,0.5,10,12,28,,,[],[],6>15:4,,19,30,
2026_07_29_02_32_08,000128,17,all-cluster-heads,docs\doc_workspace\SGCP\artifacts\early_from_late_checkpoint_20260719\enable_coperception_early_from_attentive.yaml,dynamic_cv,grid,utility,utility,none,0,0,,potential_verified_cov_coalition_game,7,,3;16;17;18,17;3;16,3;16,"{""3"": 6, ""16"": 6}","{""3"": 5002, ""16"": 3994, ""17"": 14246}",143936,44.51167964404895,10,40.0,60.0,68.0,850000,628832,628832,10.0,sgcp-density-cap,1,ns3,899,0.5,10,12,28,,,[],[],3>17:5;16>17:7,,11,24,
2026_07_29_02_32_08,000128,20,all-cluster-heads,docs\doc_workspace\SGCP\artifacts\early_from_late_checkpoint_20260719\enable_coperception_early_from_attentive.yaml,dynamic_cv,grid,utility,utility,none,0,0,,potential_verified_cov_coalition_game,7,,5;20,20;5,5,"{""5"": 6}","{""5"": 1849, ""20"": 13891}",29584,16.453837597330367,10,40.0,60.0,68.0,850000,628832,628832,10.0,sgcp-density-cap,1,ns3,899,0.5,10,12,28,,,[],[],5>20:6,,20,33,
2026_07_29_02_32_08,000130,1,all-cluster-heads,docs\doc_workspace\SGCP\artifacts\early_from_late_checkpoint_20260719\enable_coperception_early_from_attentive.yaml,dynamic_cv,grid,utility,utility,none,0,0,,potential_verified_cov_coalition_game,7,,1;2;8;11,1;11,11,"{""11"": 6}","{""1"": 13963, ""11"": 4251}",68016,37.82869855394883,10,40.0,60.0,68.0,850000,629696,629696,10.0,sgcp-density-cap,1,ns3,899,0.5,10,12,28,,,[],[],11>1:0,,23,44,
2026_07_29_02_32_08,000130,10,all-cluster-heads,docs\doc_workspace\SGCP\artifacts\early_from_late_checkpoint_20260719\enable_coperception_early_from_attentive.yaml,dynamic_cv,grid,utility,utility,none,0,0,,potential_verified_cov_coalition_game,7,,9;10,10;9,9,"{""9"": 6}","{""9"": 3248, ""10"": 13970}",51968,28.903225806451612,10,40.0,60.0,68.0,850000,629696,629696,10.0,sgcp-density-cap,1,ns3,899,0.5,10,12,28,,,[],[],9>10:1,,22,37,
2026_07_29_02_32_08,000130,12,all-cluster-heads,docs\doc_workspace\SGCP\artifacts\early_from_late_checkpoint_20260719\enable_coperception_early_from_attentive.yaml,dynamic_cv,grid,utility,utility,none,0,0,,potential_verified_cov_coalition_game,7,,4;7;12,12;4;7,4;7,"{""4"": 6, ""7"": 6}","{""4"": 3846, ""7"": 4945, ""12"": 14172}",140656,44.00444938820912,10,40.0,60.0,68.0,850000,629696,629696,10.0,sgcp-density-cap,1,ns3,899,0.5,10,12,28,,,[],[],4>12:8;7>12:2,,12,48,
2026_07_29_02_32_08,000130,13,all-cluster-heads,docs\doc_workspace\SGCP\artifacts\early_from_late_checkpoint_20260719\enable_coperception_early_from_attentive.yaml,dynamic_cv,grid,utility,utility,none,0,0,,potential_verified_cov_coalition_game,7,,13;14;19,13;14;19,14;19,"{""14"": 6, ""19"": 6}","{""13"": 13355, ""14"": 4817, ""19"": 2841}",122528,42.86540600667408,10,40.0,60.0,68.0,850000,629696,629696,10.0,sgcp-density-cap,1,ns3,899,0.5,10,12,28,,,[],[],14>13:3;19>13:9,,1,24,
2026_07_29_02_32_08,000130,15,all-cluster-heads,docs\doc_workspace\SGCP\artifacts\early_from_late_checkpoint_20260719\enable_coperception_early_from_attentive.yaml,dynamic_cv,grid,utility,utility,none,0,0,,potential_verified_cov_coalition_game,7,,6;15,15;6,6,"{""6"": 6}","{""6"": 4541, ""15"": 13715}",72656,40.40934371523915,10,40.0,60.0,68.0,850000,629696,629696,10.0,sgcp-density-cap,1,ns3,899,0.5,10,12,28,,,[],[],6>15:4,,18,29,
2026_07_29_02_32_08,000130,17,all-cluster-heads,docs\doc_workspace\SGCP\artifacts\early_from_late_checkpoint_20260719\enable_coperception_early_from_attentive.yaml,dynamic_cv,grid,utility,utility,none,0,0,,potential_verified_cov_coalition_game,7,,3;16;17;18,17;3;16,3;16,"{""3"": 6, ""16"": 6}","{""3"": 4971, ""16"": 3996, ""17"": 14246}",143472,44.23581757508343,10,40.0,60.0,68.0,850000,629696,629696,10.0,sgcp-density-cap,1,ns3,899,0.5,10,12,28,,,[],[],3>17:5;16>17:7,,11,23,
2026_07_29_02_32_08,000130,20,all-cluster-heads,docs\doc_workspace\SGCP\artifacts\early_from_late_checkpoint_20260719\enable_coperception_early_from_attentive.yaml,dynamic_cv,grid,utility,utility,none,0,0,,potential_verified_cov_coalition_game,7,,5;20,20;5,5,"{""5"": 6}","{""5"": 1900, ""20"": 13896}",30400,16.907675194660733,10,40.0,60.0,68.0,850000,629696,629696,10.0,sgcp-density-cap,1,ns3,899,0.5,10,12,28,,,[],[],5>20:6,,20,32,
2026_07_29_02_32_08,000132,4,all-cluster-heads,docs\doc_workspace\SGCP\artifacts\early_from_late_checkpoint_20260719\enable_coperception_early_from_attentive.yaml,dynamic_cv,grid,utility,utility,none,0,0,,potential_verified_cov_coalition_game,6,,4;7;8;12,4;7;12,7;12,"{""7"": 6, ""12"": 6}","{""4"": 13769, ""7"": 4082, ""12"": 4716}",140768,41.966629588431594,10,40.0,60.0,68.0,850000,657872,657872,10.0,sgcp-density-cap,1,ns3,899,0.5,10,12,28,,,[],[],7>4:7;12>4:0,,20,47,
2026_07_29_02_32_08,000132,11,all-cluster-heads,docs\doc_workspace\SGCP\artifacts\early_from_late_checkpoint_20260719\enable_coperception_early_from_attentive.yaml,dynamic_cv,grid,utility,utility,none,0,0,,potential_verified_cov_coalition_game,6,,1;2;11;19,11;1;19,1;19,"{""1"": 6, ""19"": 6}","{""1"": 3885, ""11"": 13871, ""19"": 3077}",111392,34.57174638487208,10,40.0,60.0,68.0,850000,657872,657872,10.0,sgcp-density-cap,1,ns3,899,0.5,10,12,28,,,[],[],1>11:1;19>11:9,,22,50,
2026_07_29_02_32_08,000132,13,all-cluster-heads,docs\doc_workspace\SGCP\artifacts\early_from_late_checkpoint_20260719\enable_coperception_early_from_attentive.yaml,dynamic_cv,grid,utility,utility,none,0,0,,potential_verified_cov_coalition_game,6,,9;10;13;14,13;10;14,10;14,"{""10"": 6, ""14"": 6}","{""10"": 5080, ""13"": 13368, ""14"": 4792}",157952,45.20578420467186,10,40.0,60.0,68.0,850000,657872,657872,10.0,sgcp-density-cap,1,ns3,899,0.5,10,12,28,,,[],[],10>13:2;14>13:6,,5,34,
2026_07_29_02_32_08,000132,15,all-cluster-heads,docs\doc_workspace\SGCP\artifacts\early_from_late_checkpoint_20260719\enable_coperception_early_from_attentive.yaml,dynamic_cv,grid,utility,utility,none,0,0,,potential_verified_cov_coalition_game,6,,6;15,15;6,6,"{""6"": 6}","{""6"": 4550, ""15"": 13706}",72800,40.48943270300334,10,40.0,60.0,68.0,850000,657872,657872,10.0,sgcp-density-cap,1,ns3,899,0.5,10,12,28,,,[],[],6>15:3,,19,29,
2026_07_29_02_32_08,000132,17,all-cluster-heads,docs\doc_workspace\SGCP\artifacts\early_from_late_checkpoint_20260719\enable_coperception_early_from_attentive.yaml,dynamic_cv,grid,utility,utility,none,0,0,,potential_verified_cov_coalition_game,6,,3;16;17;18,17;3;16,3;16,"{""3"": 6, ""16"": 6}","{""3"": 4946, ""16"": 4080, ""17"": 14246}",144416,44.01334816462736,10,40.0,60.0,68.0,850000,657872,657872,10.0,sgcp-density-cap,1,ns3,899,0.5,10,12,28,,,[],[],3>17:4;16>17:8,,11,23,
2026_07_29_02_32_08,000132,20,all-cluster-heads,docs\doc_workspace\SGCP\artifacts\early_from_late_checkpoint_20260719\enable_coperception_early_from_attentive.yaml,dynamic_cv,grid,utility,utility,none,0,0,,potential_verified_cov_coalition_game,6,,5;20,20;5,5,"{""5"": 6}","{""5"": 1909, ""20"": 13905}",30544,16.987764182424918,10,40.0,60.0,68.0,850000,657872,657872,10.0,sgcp-density-cap,1,ns3,899,0.5,10,12,28,,,[],[],5>20:5,,23,33,
2026_07_29_02_32_08,000134,4,all-cluster-heads,docs\doc_workspace\SGCP\artifacts\early_from_late_checkpoint_20260719\enable_coperception_early_from_attentive.yaml,dynamic_cv,grid,utility,utility,none,0,0,,potential_verified_cov_coalition_game,6,,4;7;8;12,4;7;12,7;12,"{""7"": 6, ""12"": 6}","{""4"": 13769, ""7"": 4068, ""12"": 4711}",140464,41.922135706340384,10,40.0,60.0,68.0,850000,655216,655216,10.0,sgcp-density-cap,1,ns3,899,0.5,10,12,28,,,[],[],7>4:7;12>4:0,,20,47,
2026_07_29_02_32_08,000134,11,all-cluster-heads,docs\doc_workspace\SGCP\artifacts\early_from_late_checkpoint_20260719\enable_coperception_early_from_attentive.yaml,dynamic_cv,grid,utility,utility,none,0,0,,potential_verified_cov_coalition_game,6,,1;2;11;19,11;1;19,1;19,"{""1"": 6, ""19"": 6}","{""1"": 3885, ""11"": 13868, ""19"": 3074}",111344,34.57174638487208,10,40.0,60.0,68.0,850000,655216,655216,10.0,sgcp-density-cap,1,ns3,899,0.5,10,12,28,,,[],[],1>11:1;19>11:9,,24,49,
2026_07_29_02_32_08,000134,13,all-cluster-heads,docs\doc_workspace\SGCP\artifacts\early_from_late_checkpoint_20260719\enable_coperception_early_from_attentive.yaml,dynamic_cv,grid,utility,utility,none,0,0,,potential_verified_cov_coalition_game,6,,9;10;13;14,13;10;14,10;14,"{""10"": 6, ""14"": 6}","{""10"": 5081, ""13"": 13362, ""14"": 4685}",156256,45.2146829810901,10,40.0,60.0,68.0,850000,655216,655216,10.0,sgcp-density-cap,1,ns3,899,0.5,10,12,28,,,[],[],10>13:2;14>13:6,,5,33,
2026_07_29_02_32_08,000134,15,all-cluster-heads,docs\doc_workspace\SGCP\artifacts\early_from_late_checkpoint_20260719\enable_coperception_early_from_attentive.yaml,dynamic_cv,grid,utility,utility,none,0,0,,potential_verified_cov_coalition_game,6,,6;15,15;6,6,"{""6"": 6}","{""6"": 4576, ""15"": 13725}",73216,40.720800889877644,10,40.0,60.0,68.0,850000,655216,655216,10.0,sgcp-density-cap,1,ns3,899,0.5,10,12,28,,,[],[],6>15:3,,17,31,
2026_07_29_02_32_08,000134,17,all-cluster-heads,docs\doc_workspace\SGCP\artifacts\early_from_late_checkpoint_20260719\enable_coperception_early_from_attentive.yaml,dynamic_cv,grid,utility,utility,none,0,0,,potential_verified_cov_coalition_game,6,,3;16;17;18,17;3;16,3;16,"{""3"": 6, ""16"": 6}","{""3"": 4909, ""16"": 4032, ""17"": 14252}",143056,43.68409343715239,10,40.0,60.0,68.0,850000,655216,655216,10.0,sgcp-density-cap,1,ns3,899,0.5,10,12,28,,,[],[],3>17:4;16>17:8,,11,23,
2026_07_29_02_32_08,000134,20,all-cluster-heads,docs\doc_workspace\SGCP\artifacts\early_from_late_checkpoint_20260719\enable_coperception_early_from_attentive.yaml,dynamic_cv,grid,utility,utility,none,0,0,,potential_verified_cov_coalition_game,6,,5;20,20;5,5,"{""5"": 6}","{""5"": 1930, ""20"": 13917}",30880,17.17463848720801,10,40.0,60.0,68.0,850000,655216,655216,10.0,sgcp-density-cap,1,ns3,899,0.5,10,12,28,,,[],[],5>20:5,,21,33,
2026_07_29_02_32_08,000136,4,all-cluster-heads,docs\doc_workspace\SGCP\artifacts\early_from_late_checkpoint_20260719\enable_coperception_early_from_attentive.yaml,dynamic_cv,grid,utility,utility,none,0,0,,potential_verified_cov_coalition_game,6,,4;7;8;12,4;7;12,7;12,"{""7"": 6, ""12"": 6}","{""4"": 13765, ""7"": 4055, ""12"": 4748}",140848,42.25139043381535,10,40.0,60.0,68.0,850000,655104,655104,10.0,sgcp-density-cap,1,ns3,899,0.5,10,12,28,,,[],[],7>4:7;12>4:0,,20,46,
2026_07_29_02_32_08,000136,11,all-cluster-heads,docs\doc_workspace\SGCP\artifacts\early_from_late_checkpoint_20260719\enable_coperception_early_from_attentive.yaml,dynamic_cv,grid,utility,utility,none,0,0,,potential_verified_cov_coalition_game,6,,1;2;11;19,11;1;19,1;19,"{""1"": 6, ""19"": 6}","{""1"": 3885, ""11"": 13869, ""19"": 3072}",111312,34.57174638487208,10,40.0,60.0,68.0,850000,655104,655104,10.0,sgcp-density-cap,1,ns3,899,0.5,10,12,28,,,[],[],1>11:1;19>11:9,,22,48,
2026_07_29_02_32_08,000136,13,all-cluster-heads,docs\doc_workspace\SGCP\artifacts\early_from_late_checkpoint_20260719\enable_coperception_early_from_attentive.yaml,dynamic_cv,grid,utility,utility,none,0,0,,potential_verified_cov_coalition_game,6,,9;10;13;14,13;10;14,10;14,"{""10"": 6, ""14"": 6}","{""10"": 5087, ""13"": 13374, ""14"": 4683}",156320,45.26807563959955,10,40.0,60.0,68.0,850000,655104,655104,10.0,sgcp-density-cap,1,ns3,899,0.5,10,12,28,,,[],[],10>13:2;14>13:6,,5,32,
2026_07_29_02_32_08,000136,15,all-cluster-heads,docs\doc_workspace\SGCP\artifacts\early_from_late_checkpoint_20260719\enable_coperception_early_from_attentive.yaml,dynamic_cv,grid,utility,utility,none,0,0,,potential_verified_cov_coalition_game,6,,6;15,15;6,6,"{""6"": 6}","{""6"": 4633, ""15"": 13717}",74128,41.228031145717466,10,40.0,60.0,68.0,850000,655104,655104,10.0,sgcp-density-cap,1,ns3,899,0.5,10,12,28,,,[],[],6>15:3,,21,31,
2026_07_29_02_32_08,000136,17,all-cluster-heads,docs\doc_workspace\SGCP\artifacts\early_from_late_checkpoint_20260719\enable_coperception_early_from_attentive.yaml,dynamic_cv,grid,utility,utility,none,0,0,,potential_verified_cov_coalition_game,6,,3;16;17;18,17;3;16,3;16,"{""3"": 6, ""16"": 6}","{""3"": 4868, ""16"": 3984, ""17"": 14256}",141632,43.31924360400445,10,40.0,60.0,68.0,850000,655104,655104,10.0,sgcp-density-cap,1,ns3,899,0.5,10,12,28,,,[],[],3>17:4;16>17:8,,10,23,
2026_07_29_02_32_08,000136,20,all-cluster-heads,docs\doc_workspace\SGCP\artifacts\early_from_late_checkpoint_20260719\enable_coperception_early_from_attentive.yaml,dynamic_cv,grid,utility,utility,none,0,0,,potential_verified_cov_coalition_game,6,,5;20,20;5,5,"{""5"": 6}","{""5"": 1929, ""20"": 13920}",30864,17.165739710789765,10,40.0,60.0,68.0,850000,655104,655104,10.0,sgcp-density-cap,1,ns3,899,0.5,10,12,28,,,[],[],5>20:5,,21,34,
2026_07_29_02_32_08,000138,4,all-cluster-heads,docs\doc_workspace\SGCP\artifacts\early_from_late_checkpoint_20260719\enable_coperception_early_from_attentive.yaml,dynamic_cv,grid,utility,utility,none,0,0,,potential_verified_cov_coalition_game,6,,4;7;8;12,4;7;12,7;12,"{""7"": 6, ""12"": 6}","{""4"": 13763, ""7"": 4038, ""12"": 4821}",141744,42.901001112347046,10,40.0,60.0,68.0,850000,653392,653392,10.0,sgcp-density-cap,1,ns3,899,0.5,10,12,28,,,[],[],7>4:7;12>4:0,,19,47,
2026_07_29_02_32_08,000138,11,all-cluster-heads,docs\doc_workspace\SGCP\artifacts\early_from_late_checkpoint_20260719\enable_coperception_early_from_attentive.yaml,dynamic_cv,grid,utility,utility,none,0,0,,potential_verified_cov_coalition_game,6,,1;2;11;19,11;1;19,1;19,"{""1"": 6, ""19"": 6}","{""1"": 3885, ""11"": 13868, ""19"": 3066}",111216,34.57174638487208,10,40.0,60.0,68.0,850000,653392,653392,10.0,sgcp-density-cap,1,ns3,899,0.5,10,12,28,,,[],[],1>11:1;19>11:9,,22,49,
2026_07_29_02_32_08,000138,13,all-cluster-heads,docs\doc_workspace\SGCP\artifacts\early_from_late_checkpoint_20260719\enable_coperception_early_from_attentive.yaml,dynamic_cv,grid,utility,utility,none,0,0,,potential_verified_cov_coalition_game,6,,9;10;13;14,13;10;14,10;14,"{""10"": 6, ""14"": 6}","{""10"": 5094, ""13"": 13373, ""14"": 4662}",156096,45.33036707452725,10,40.0,60.0,68.0,850000,653392,653392,10.0,sgcp-density-cap,1,ns3,899,0.5,10,12,28,,,[],[],10>13:2;14>13:6,,6,32,
2026_07_29_02_32_08,000138,15,all-cluster-heads,docs\doc_workspace\SGCP\artifacts\early_from_late_checkpoint_20260719\enable_coperception_early_from_attentive.yaml,dynamic_cv,grid,utility,utility,none,0,0,,potential_verified_cov_coalition_game,6,,6;15,15;6,6,"{""6"": 6}","{""6"": 4649, ""15"": 13742}",74384,41.370411568409345,10,40.0,60.0,68.0,850000,653392,653392,10.0,sgcp-density-cap,1,ns3,899,0.5,10,12,28,,,[],[],6>15:3,,21,31,
2026_07_29_02_32_08,000138,17,all-cluster-heads,docs\doc_workspace\SGCP\artifacts\early_from_late_checkpoint_20260719\enable_coperception_early_from_attentive.yaml,dynamic_cv,grid,utility,utility,none,0,0,,potential_verified_cov_coalition_game,6,,3;16;17;18,17;3;16,3;16,"{""3"": 6, ""16"": 6}","{""3"": 4746, ""16"": 3912, ""17"": 14254}",138528,42.23359288097887,10,40.0,60.0,68.0,850000,653392,653392,10.0,sgcp-density-cap,1,ns3,899,0.5,10,12,28,,,[],[],3>17:4;16>17:8,,11,22,
2026_07_29_02_32_08,000138,20,all-cluster-heads,docs\doc_workspace\SGCP\artifacts\early_from_late_checkpoint_20260719\enable_coperception_early_from_attentive.yaml,dynamic_cv,grid,utility,utility,none,0,0,,potential_verified_cov_coalition_game,6,,5;20,20;5,5,"{""5"": 6}","{""5"": 1964, ""20"": 13925}",31424,17.477196885428253,10,40.0,60.0,68.0,850000,653392,653392,10.0,sgcp-density-cap,1,ns3,899,0.5,10,12,28,,,[],[],5>20:5,,23,34,
2026_07_29_02_32_08,000140,4,all-cluster-heads,docs\doc_workspace\SGCP\artifacts\early_from_late_checkpoint_20260719\enable_coperception_early_from_attentive.yaml,dynamic_cv,grid,utility,utility,none,0,0,,potential_verified_cov_coalition_game,6,,4;7;8;12,4;7;12,7;12,"{""7"": 6, ""12"": 6}","{""4"": 13760, ""7"": 4034, ""12"": 4943}",143632,43.98665183537263,10,40.0,60.0,68.0,850000,654656,654656,10.0,sgcp-density-cap,1,ns3,899,0.5,10,12,28,,,[],[],7>4:7;12>4:0,,18,47,
2026_07_29_02_32_08,000140,11,all-cluster-heads,docs\doc_workspace\SGCP\artifacts\early_from_late_checkpoint_20260719\enable_coperception_early_from_attentive.yaml,dynamic_cv,grid,utility,utility,none,0,0,,potential_verified_cov_coalition_game,6,,1;2;11;19,11;1;19,1;19,"{""1"": 6, ""19"": 6}","{""1"": 3885, ""11"": 13871, ""19"": 3064}",111184,34.57174638487208,10,40.0,60.0,68.0,850000,654656,654656,10.0,sgcp-density-cap,1,ns3,899,0.5,10,12,28,,,[],[],1>11:1;19>11:9,,22,49,
2026_07_29_02_32_08,000140,13,all-cluster-heads,docs\doc_workspace\SGCP\artifacts\early_from_late_checkpoint_20260719\enable_coperception_early_from_attentive.yaml,dynamic_cv,grid,utility,utility,none,0,0,,potential_verified_cov_coalition_game,6,,9;10;13;14,13;10;14,10;14,"{""10"": 6, ""14"": 6}","{""10"": 5106, ""13"": 13344, ""14"": 4680}",156576,45.437152391546164,10,40.0,60.0,68.0,850000,654656,654656,10.0,sgcp-density-cap,1,ns3,899,0.5,10,12,28,,,[],[],10>13:2;14>13:6,,5,32,
2026_07_29_02_32_08,000140,15,all-cluster-heads,docs\doc_workspace\SGCP\artifacts\early_from_late_checkpoint_20260719\enable_coperception_early_from_attentive.yaml,dynamic_cv,grid,utility,utility,none,0,0,,potential_verified_cov_coalition_game,6,,6;15,15;6,6,"{""6"": 6}","{""6"": 4684, ""15"": 13738}",74944,41.68186874304783,10,40.0,60.0,68.0,850000,654656,654656,10.0,sgcp-density-cap,1,ns3,899,0.5,10,12,28,,,[],[],6>15:3,,20,30,
2026_07_29_02_32_08,000140,17,all-cluster-heads,docs\doc_workspace\SGCP\artifacts\early_from_late_checkpoint_20260719\enable_coperception_early_from_attentive.yaml,dynamic_cv,grid,utility,utility,none,0,0,,potential_verified_cov_coalition_game,6,,3;16;17;18,17;3;16,3;16,"{""3"": 6, ""16"": 6}","{""3"": 4645, ""16"": 3888, ""17"": 14258}",136528,41.33481646273637,10,40.0,60.0,68.0,850000,654656,654656,10.0,sgcp-density-cap,1,ns3,899,0.5,10,12,28,,,[],[],3>17:4;16>17:8,,12,23,
2026_07_29_02_32_08,000140,20,all-cluster-heads,docs\doc_workspace\SGCP\artifacts\early_from_late_checkpoint_20260719\enable_coperception_early_from_attentive.yaml,dynamic_cv,grid,utility,utility,none,0,0,,potential_verified_cov_coalition_game,6,,5;20,20;5,5,"{""5"": 6}","{""5"": 1987, ""20"": 13922}",31792,17.681868743047833,10,40.0,60.0,68.0,850000,654656,654656,10.0,sgcp-density-cap,1,ns3,899,0.5,10,12,28,,,[],[],5>20:5,,23,34,
